sgg_cd	sgg_nm	year	land_use	item	std	target	ratio
41461	용인시 처인구 원삼면	2026	주거지역	지목	전	전	1
41461	용인시 처인구 원삼면	2026	주거지역	지목	전	답	1
41461	용인시 처인구 원삼면	2026	주거지역	지목	전	과	1
41461	용인시 처인구 원삼면	2026	주거지역	지목	전	목	0.96
41461	용인시 처인구 원삼면	2026	주거지역	지목	전	임	0.94
41461	용인시 처인구 원삼면	2026	주거지역	지목	전	대	1.17
41461	용인시 처인구 원삼면	2026	주거지역	지목	전	장	1.17
41461	용인시 처인구 원삼면	2026	주거지역	지목	전	차	1.17
41461	용인시 처인구 원삼면	2026	주거지역	지목	전	주	1.17
41461	용인시 처인구 원삼면	2026	주거지역	지목	전	창	1.1
41461	용인시 처인구 원삼면	2026	주거지역	지목	전	잡	1.1
41461	용인시 처인구 원삼면	2026	주거지역	지목	답	전	1
41461	용인시 처인구 원삼면	2026	주거지역	지목	답	답	1
41461	용인시 처인구 원삼면	2026	주거지역	지목	답	과	1
41461	용인시 처인구 원삼면	2026	주거지역	지목	답	목	0.96
41461	용인시 처인구 원삼면	2026	주거지역	지목	답	임	0.94
41461	용인시 처인구 원삼면	2026	주거지역	지목	답	대	1.17
41461	용인시 처인구 원삼면	2026	주거지역	지목	답	장	1.17
41461	용인시 처인구 원삼면	2026	주거지역	지목	답	차	1.17
41461	용인시 처인구 원삼면	2026	주거지역	지목	답	주	1.17
41461	용인시 처인구 원삼면	2026	주거지역	지목	답	창	1.1
41461	용인시 처인구 원삼면	2026	주거지역	지목	답	잡	1.1
41461	용인시 처인구 원삼면	2026	주거지역	지목	과	전	1
41461	용인시 처인구 원삼면	2026	주거지역	지목	과	답	1
41461	용인시 처인구 원삼면	2026	주거지역	지목	과	과	1
41461	용인시 처인구 원삼면	2026	주거지역	지목	과	목	0.96
41461	용인시 처인구 원삼면	2026	주거지역	지목	과	임	0.94
41461	용인시 처인구 원삼면	2026	주거지역	지목	과	대	1.17
41461	용인시 처인구 원삼면	2026	주거지역	지목	과	장	1.17
41461	용인시 처인구 원삼면	2026	주거지역	지목	과	차	1.17
41461	용인시 처인구 원삼면	2026	주거지역	지목	과	주	1.17
41461	용인시 처인구 원삼면	2026	주거지역	지목	과	창	1.1
41461	용인시 처인구 원삼면	2026	주거지역	지목	과	잡	1.1
41461	용인시 처인구 원삼면	2026	주거지역	지목	목	전	1.04
41461	용인시 처인구 원삼면	2026	주거지역	지목	목	답	1.04
41461	용인시 처인구 원삼면	2026	주거지역	지목	목	과	1.04
41461	용인시 처인구 원삼면	2026	주거지역	지목	목	목	1
41461	용인시 처인구 원삼면	2026	주거지역	지목	목	임	0.98
41461	용인시 처인구 원삼면	2026	주거지역	지목	목	대	1.22
41461	용인시 처인구 원삼면	2026	주거지역	지목	목	장	1.22
41461	용인시 처인구 원삼면	2026	주거지역	지목	목	차	1.22
41461	용인시 처인구 원삼면	2026	주거지역	지목	목	주	1.22
41461	용인시 처인구 원삼면	2026	주거지역	지목	목	창	1.15
41461	용인시 처인구 원삼면	2026	주거지역	지목	목	잡	1.15
41461	용인시 처인구 원삼면	2026	주거지역	지목	임	전	1.06
41461	용인시 처인구 원삼면	2026	주거지역	지목	임	답	1.06
41461	용인시 처인구 원삼면	2026	주거지역	지목	임	과	1.06
41461	용인시 처인구 원삼면	2026	주거지역	지목	임	목	1.02
41461	용인시 처인구 원삼면	2026	주거지역	지목	임	임	1
41461	용인시 처인구 원삼면	2026	주거지역	지목	임	대	1.24
41461	용인시 처인구 원삼면	2026	주거지역	지목	임	장	1.24
41461	용인시 처인구 원삼면	2026	주거지역	지목	임	차	1.24
41461	용인시 처인구 원삼면	2026	주거지역	지목	임	주	1.24
41461	용인시 처인구 원삼면	2026	주거지역	지목	임	창	1.17
41461	용인시 처인구 원삼면	2026	주거지역	지목	임	잡	1.17
41461	용인시 처인구 원삼면	2026	주거지역	지목	대	전	0.85
41461	용인시 처인구 원삼면	2026	주거지역	지목	대	답	0.85
41461	용인시 처인구 원삼면	2026	주거지역	지목	대	과	0.85
41461	용인시 처인구 원삼면	2026	주거지역	지목	대	목	0.82
41461	용인시 처인구 원삼면	2026	주거지역	지목	대	임	0.8
41461	용인시 처인구 원삼면	2026	주거지역	지목	대	대	1
41461	용인시 처인구 원삼면	2026	주거지역	지목	대	장	1
41461	용인시 처인구 원삼면	2026	주거지역	지목	대	차	1
41461	용인시 처인구 원삼면	2026	주거지역	지목	대	주	1
41461	용인시 처인구 원삼면	2026	주거지역	지목	대	창	0.94
41461	용인시 처인구 원삼면	2026	주거지역	지목	대	잡	0.94
41461	용인시 처인구 원삼면	2026	주거지역	지목	장	전	0.85
41461	용인시 처인구 원삼면	2026	주거지역	지목	장	답	0.85
41461	용인시 처인구 원삼면	2026	주거지역	지목	장	과	0.85
41461	용인시 처인구 원삼면	2026	주거지역	지목	장	목	0.82
41461	용인시 처인구 원삼면	2026	주거지역	지목	장	임	0.8
41461	용인시 처인구 원삼면	2026	주거지역	지목	장	대	1
41461	용인시 처인구 원삼면	2026	주거지역	지목	장	장	1
41461	용인시 처인구 원삼면	2026	주거지역	지목	장	차	1
41461	용인시 처인구 원삼면	2026	주거지역	지목	장	주	1
41461	용인시 처인구 원삼면	2026	주거지역	지목	장	창	0.94
41461	용인시 처인구 원삼면	2026	주거지역	지목	장	잡	0.94
41461	용인시 처인구 원삼면	2026	주거지역	지목	차	전	0.85
41461	용인시 처인구 원삼면	2026	주거지역	지목	차	답	0.85
41461	용인시 처인구 원삼면	2026	주거지역	지목	차	과	0.85
41461	용인시 처인구 원삼면	2026	주거지역	지목	차	목	0.82
41461	용인시 처인구 원삼면	2026	주거지역	지목	차	임	0.8
41461	용인시 처인구 원삼면	2026	주거지역	지목	차	대	1
41461	용인시 처인구 원삼면	2026	주거지역	지목	차	장	1
41461	용인시 처인구 원삼면	2026	주거지역	지목	차	차	1
41461	용인시 처인구 원삼면	2026	주거지역	지목	차	주	1
41461	용인시 처인구 원삼면	2026	주거지역	지목	차	창	0.94
41461	용인시 처인구 원삼면	2026	주거지역	지목	차	잡	0.94
41461	용인시 처인구 원삼면	2026	주거지역	지목	주	전	0.85
41461	용인시 처인구 원삼면	2026	주거지역	지목	주	답	0.85
41461	용인시 처인구 원삼면	2026	주거지역	지목	주	과	0.85
41461	용인시 처인구 원삼면	2026	주거지역	지목	주	목	0.82
41461	용인시 처인구 원삼면	2026	주거지역	지목	주	임	0.8
41461	용인시 처인구 원삼면	2026	주거지역	지목	주	대	1
41461	용인시 처인구 원삼면	2026	주거지역	지목	주	장	1
41461	용인시 처인구 원삼면	2026	주거지역	지목	주	차	1
41461	용인시 처인구 원삼면	2026	주거지역	지목	주	주	1
41461	용인시 처인구 원삼면	2026	주거지역	지목	주	창	0.94
41461	용인시 처인구 원삼면	2026	주거지역	지목	주	잡	0.94
41461	용인시 처인구 원삼면	2026	주거지역	지목	창	전	0.91
41461	용인시 처인구 원삼면	2026	주거지역	지목	창	답	0.91
41461	용인시 처인구 원삼면	2026	주거지역	지목	창	과	0.91
41461	용인시 처인구 원삼면	2026	주거지역	지목	창	목	0.87
41461	용인시 처인구 원삼면	2026	주거지역	지목	창	임	0.85
41461	용인시 처인구 원삼면	2026	주거지역	지목	창	대	1.06
41461	용인시 처인구 원삼면	2026	주거지역	지목	창	장	1.06
41461	용인시 처인구 원삼면	2026	주거지역	지목	창	차	1.06
41461	용인시 처인구 원삼면	2026	주거지역	지목	창	주	1.06
41461	용인시 처인구 원삼면	2026	주거지역	지목	창	창	1
41461	용인시 처인구 원삼면	2026	주거지역	지목	창	잡	1
41461	용인시 처인구 원삼면	2026	주거지역	지목	잡	전	0.91
41461	용인시 처인구 원삼면	2026	주거지역	지목	잡	답	0.91
41461	용인시 처인구 원삼면	2026	주거지역	지목	잡	과	0.91
41461	용인시 처인구 원삼면	2026	주거지역	지목	잡	목	0.87
41461	용인시 처인구 원삼면	2026	주거지역	지목	잡	임	0.85
41461	용인시 처인구 원삼면	2026	주거지역	지목	잡	대	1.06
41461	용인시 처인구 원삼면	2026	주거지역	지목	잡	장	1.06
41461	용인시 처인구 원삼면	2026	주거지역	지목	잡	차	1.06
41461	용인시 처인구 원삼면	2026	주거지역	지목	잡	주	1.06
41461	용인시 처인구 원삼면	2026	주거지역	지목	잡	창	1
41461	용인시 처인구 원삼면	2026	주거지역	지목	잡	잡	1
41461	용인시 처인구 원삼면	2026	주거지역	토지면적	3300	3300	1
41461	용인시 처인구 원삼면	2026	주거지역	토지면적	3300	16500	0.98
41461	용인시 처인구 원삼면	2026	주거지역	토지면적	3300	33000	0.97
41461	용인시 처인구 원삼면	2026	주거지역	토지면적	3300	66000	0.96
41461	용인시 처인구 원삼면	2026	주거지역	토지면적	3300	그이상	0.95
41461	용인시 처인구 원삼면	2026	주거지역	토지면적	16500	3300	1.02
41461	용인시 처인구 원삼면	2026	주거지역	토지면적	16500	16500	1
41461	용인시 처인구 원삼면	2026	주거지역	토지면적	16500	33000	0.99
41461	용인시 처인구 원삼면	2026	주거지역	토지면적	16500	66000	0.98
41461	용인시 처인구 원삼면	2026	주거지역	토지면적	16500	그이상	0.97
41461	용인시 처인구 원삼면	2026	주거지역	토지면적	33000	3300	1.03
41461	용인시 처인구 원삼면	2026	주거지역	토지면적	33000	16500	1.01
41461	용인시 처인구 원삼면	2026	주거지역	토지면적	33000	33000	1
41461	용인시 처인구 원삼면	2026	주거지역	토지면적	33000	66000	0.99
41461	용인시 처인구 원삼면	2026	주거지역	토지면적	33000	그이상	0.98
41461	용인시 처인구 원삼면	2026	주거지역	토지면적	66000	3300	1.04
41461	용인시 처인구 원삼면	2026	주거지역	토지면적	66000	16500	1.02
41461	용인시 처인구 원삼면	2026	주거지역	토지면적	66000	33000	1.01
41461	용인시 처인구 원삼면	2026	주거지역	토지면적	66000	66000	1
41461	용인시 처인구 원삼면	2026	주거지역	토지면적	66000	그이상	0.99
41461	용인시 처인구 원삼면	2026	주거지역	토지면적	그이상	3300	1.05
41461	용인시 처인구 원삼면	2026	주거지역	토지면적	그이상	16500	1.03
41461	용인시 처인구 원삼면	2026	주거지역	토지면적	그이상	33000	1.02
41461	용인시 처인구 원삼면	2026	주거지역	토지면적	그이상	66000	1.01
41461	용인시 처인구 원삼면	2026	주거지역	토지면적	그이상	그이상	1
41461	용인시 처인구 원삼면	2026	주거지역	용도지구	일반	일반	1
41461	용인시 처인구 원삼면	2026	주거지역	용도지구	일반	역사보호	0.92
41461	용인시 처인구 원삼면	2026	주거지역	용도지구	일반	경관	0.92
41461	용인시 처인구 원삼면	2026	주거지역	용도지구	일반	공항보호	0.86
41461	용인시 처인구 원삼면	2026	주거지역	용도지구	일반	고도	0.97
41461	용인시 처인구 원삼면	2026	주거지역	용도지구	역사보호	일반	1.09
41461	용인시 처인구 원삼면	2026	주거지역	용도지구	역사보호	역사보호	1
41461	용인시 처인구 원삼면	2026	주거지역	용도지구	역사보호	경관	1
41461	용인시 처인구 원삼면	2026	주거지역	용도지구	역사보호	공항보호	0.93
41461	용인시 처인구 원삼면	2026	주거지역	용도지구	역사보호	고도	1.05
41461	용인시 처인구 원삼면	2026	주거지역	용도지구	경관	일반	1.09
41461	용인시 처인구 원삼면	2026	주거지역	용도지구	경관	역사보호	1
41461	용인시 처인구 원삼면	2026	주거지역	용도지구	경관	경관	1
41461	용인시 처인구 원삼면	2026	주거지역	용도지구	경관	공항보호	0.93
41461	용인시 처인구 원삼면	2026	주거지역	용도지구	경관	고도	1.05
41461	용인시 처인구 원삼면	2026	주거지역	용도지구	공항보호	일반	1.16
41461	용인시 처인구 원삼면	2026	주거지역	용도지구	공항보호	역사보호	1.07
41461	용인시 처인구 원삼면	2026	주거지역	용도지구	공항보호	경관	1.07
41461	용인시 처인구 원삼면	2026	주거지역	용도지구	공항보호	공항보호	1
41461	용인시 처인구 원삼면	2026	주거지역	용도지구	공항보호	고도	1.13
41461	용인시 처인구 원삼면	2026	주거지역	용도지구	고도	일반	1.03
41461	용인시 처인구 원삼면	2026	주거지역	용도지구	고도	역사보호	0.95
41461	용인시 처인구 원삼면	2026	주거지역	용도지구	고도	경관	0.95
41461	용인시 처인구 원삼면	2026	주거지역	용도지구	고도	공항보호	0.89
41461	용인시 처인구 원삼면	2026	주거지역	용도지구	고도	고도	1
41461	용인시 처인구 원삼면	2026	주거지역	도시계획시설	일반	일반	1
41461	용인시 처인구 원삼면	2026	주거지역	도시계획시설	일반	지상도로	0.85
41461	용인시 처인구 원삼면	2026	주거지역	도시계획시설	일반	지하도로	0.95
41461	용인시 처인구 원삼면	2026	주거지역	도시계획시설	일반	공원	0.6
41461	용인시 처인구 원삼면	2026	주거지역	도시계획시설	일반	운동장	0.85
41461	용인시 처인구 원삼면	2026	주거지역	도시계획시설	일반	혐오	0.85
41461	용인시 처인구 원삼면	2026	주거지역	도시계획시설	일반	위험	0.85
41461	용인시 처인구 원삼면	2026	주거지역	도시계획시설	일반	도축장	0.85
41461	용인시 처인구 원삼면	2026	주거지역	도시계획시설	지상도로	일반	1.18
41461	용인시 처인구 원삼면	2026	주거지역	도시계획시설	지상도로	지상도로	1
41461	용인시 처인구 원삼면	2026	주거지역	도시계획시설	지상도로	지하도로	1.12
41461	용인시 처인구 원삼면	2026	주거지역	도시계획시설	지상도로	공원	0.71
41461	용인시 처인구 원삼면	2026	주거지역	도시계획시설	지상도로	운동장	1
41461	용인시 처인구 원삼면	2026	주거지역	도시계획시설	지상도로	혐오	1
41461	용인시 처인구 원삼면	2026	주거지역	도시계획시설	지상도로	위험	1
41461	용인시 처인구 원삼면	2026	주거지역	도시계획시설	지상도로	도축장	1
41461	용인시 처인구 원삼면	2026	주거지역	도시계획시설	지하도로	일반	1.05
41461	용인시 처인구 원삼면	2026	주거지역	도시계획시설	지하도로	지상도로	0.89
41461	용인시 처인구 원삼면	2026	주거지역	도시계획시설	지하도로	지하도로	1
41461	용인시 처인구 원삼면	2026	주거지역	도시계획시설	지하도로	공원	0.63
41461	용인시 처인구 원삼면	2026	주거지역	도시계획시설	지하도로	운동장	0.89
41461	용인시 처인구 원삼면	2026	주거지역	도시계획시설	지하도로	혐오	0.89
41461	용인시 처인구 원삼면	2026	주거지역	도시계획시설	지하도로	위험	0.89
41461	용인시 처인구 원삼면	2026	주거지역	도시계획시설	지하도로	도축장	0.89
41461	용인시 처인구 원삼면	2026	주거지역	도시계획시설	공원	일반	1.67
41461	용인시 처인구 원삼면	2026	주거지역	도시계획시설	공원	지상도로	1.42
41461	용인시 처인구 원삼면	2026	주거지역	도시계획시설	공원	지하도로	1.58
41461	용인시 처인구 원삼면	2026	주거지역	도시계획시설	공원	공원	1
41461	용인시 처인구 원삼면	2026	주거지역	도시계획시설	공원	운동장	1.42
41461	용인시 처인구 원삼면	2026	주거지역	도시계획시설	공원	혐오	1.42
41461	용인시 처인구 원삼면	2026	주거지역	도시계획시설	공원	위험	1.42
41461	용인시 처인구 원삼면	2026	주거지역	도시계획시설	공원	도축장	1.42
41461	용인시 처인구 원삼면	2026	주거지역	도시계획시설	운동장	일반	1.18
41461	용인시 처인구 원삼면	2026	주거지역	도시계획시설	운동장	지상도로	1
41461	용인시 처인구 원삼면	2026	주거지역	도시계획시설	운동장	지하도로	1.12
41461	용인시 처인구 원삼면	2026	주거지역	도시계획시설	운동장	공원	0.71
41461	용인시 처인구 원삼면	2026	주거지역	도시계획시설	운동장	운동장	1
41461	용인시 처인구 원삼면	2026	주거지역	도시계획시설	운동장	혐오	1
41461	용인시 처인구 원삼면	2026	주거지역	도시계획시설	운동장	위험	1
41461	용인시 처인구 원삼면	2026	주거지역	도시계획시설	운동장	도축장	1
41461	용인시 처인구 원삼면	2026	주거지역	도시계획시설	혐오	일반	1.18
41461	용인시 처인구 원삼면	2026	주거지역	도시계획시설	혐오	지상도로	1
41461	용인시 처인구 원삼면	2026	주거지역	도시계획시설	혐오	지하도로	1.12
41461	용인시 처인구 원삼면	2026	주거지역	도시계획시설	혐오	공원	0.71
41461	용인시 처인구 원삼면	2026	주거지역	도시계획시설	혐오	운동장	1
41461	용인시 처인구 원삼면	2026	주거지역	도시계획시설	혐오	혐오	1
41461	용인시 처인구 원삼면	2026	주거지역	도시계획시설	혐오	위험	1
41461	용인시 처인구 원삼면	2026	주거지역	도시계획시설	혐오	도축장	1
41461	용인시 처인구 원삼면	2026	주거지역	도시계획시설	위험	일반	1.18
41461	용인시 처인구 원삼면	2026	주거지역	도시계획시설	위험	지상도로	1
41461	용인시 처인구 원삼면	2026	주거지역	도시계획시설	위험	지하도로	1.12
41461	용인시 처인구 원삼면	2026	주거지역	도시계획시설	위험	공원	0.71
41461	용인시 처인구 원삼면	2026	주거지역	도시계획시설	위험	운동장	1
41461	용인시 처인구 원삼면	2026	주거지역	도시계획시설	위험	혐오	1
41461	용인시 처인구 원삼면	2026	주거지역	도시계획시설	위험	위험	1
41461	용인시 처인구 원삼면	2026	주거지역	도시계획시설	위험	도축장	1
41461	용인시 처인구 원삼면	2026	주거지역	도시계획시설	도축장	일반	1.18
41461	용인시 처인구 원삼면	2026	주거지역	도시계획시설	도축장	지상도로	1
41461	용인시 처인구 원삼면	2026	주거지역	도시계획시설	도축장	지하도로	1.12
41461	용인시 처인구 원삼면	2026	주거지역	도시계획시설	도축장	공원	0.71
41461	용인시 처인구 원삼면	2026	주거지역	도시계획시설	도축장	운동장	1
41461	용인시 처인구 원삼면	2026	주거지역	도시계획시설	도축장	혐오	1
41461	용인시 처인구 원삼면	2026	주거지역	도시계획시설	도축장	위험	1
41461	용인시 처인구 원삼면	2026	주거지역	도시계획시설	도축장	도축장	1
41461	용인시 처인구 원삼면	2026	주거지역	기타제한	일반	일반	1
41461	용인시 처인구 원삼면	2026	주거지역	기타제한	일반	보존	0.6
41461	용인시 처인구 원삼면	2026	주거지역	기타제한	일반	환경	0.66
41461	용인시 처인구 원삼면	2026	주거지역	기타제한	일반	마을	0.8
41461	용인시 처인구 원삼면	2026	주거지역	기타제한	일반	상수	0.86
41461	용인시 처인구 원삼면	2026	주거지역	기타제한	일반	특별	0.86
41461	용인시 처인구 원삼면	2026	주거지역	기타제한	일반	국보	0.9
41461	용인시 처인구 원삼면	2026	주거지역	기타제한	일반	군사	0.88
41461	용인시 처인구 원삼면	2026	주거지역	기타제한	일반	도공	0.6
41461	용인시 처인구 원삼면	2026	주거지역	기타제한	일반	일시	0.6
41461	용인시 처인구 원삼면	2026	주거지역	기타제한	보존	일반	1.67
41461	용인시 처인구 원삼면	2026	주거지역	기타제한	보존	보존	1
41461	용인시 처인구 원삼면	2026	주거지역	기타제한	보존	환경	1.1
41461	용인시 처인구 원삼면	2026	주거지역	기타제한	보존	마을	1.33
41461	용인시 처인구 원삼면	2026	주거지역	기타제한	보존	상수	1.43
41461	용인시 처인구 원삼면	2026	주거지역	기타제한	보존	특별	1.43
41461	용인시 처인구 원삼면	2026	주거지역	기타제한	보존	국보	1.5
41461	용인시 처인구 원삼면	2026	주거지역	기타제한	보존	군사	1.47
41461	용인시 처인구 원삼면	2026	주거지역	기타제한	보존	도공	1
41461	용인시 처인구 원삼면	2026	주거지역	기타제한	보존	일시	1
41461	용인시 처인구 원삼면	2026	주거지역	기타제한	환경	일반	1.52
41461	용인시 처인구 원삼면	2026	주거지역	기타제한	환경	보존	0.91
41461	용인시 처인구 원삼면	2026	주거지역	기타제한	환경	환경	1
41461	용인시 처인구 원삼면	2026	주거지역	기타제한	환경	마을	1.21
41461	용인시 처인구 원삼면	2026	주거지역	기타제한	환경	상수	1.3
41461	용인시 처인구 원삼면	2026	주거지역	기타제한	환경	특별	1.3
41461	용인시 처인구 원삼면	2026	주거지역	기타제한	환경	국보	1.36
41461	용인시 처인구 원삼면	2026	주거지역	기타제한	환경	군사	1.33
41461	용인시 처인구 원삼면	2026	주거지역	기타제한	환경	도공	0.91
41461	용인시 처인구 원삼면	2026	주거지역	기타제한	환경	일시	0.91
41461	용인시 처인구 원삼면	2026	주거지역	기타제한	마을	일반	1.25
41461	용인시 처인구 원삼면	2026	주거지역	기타제한	마을	보존	0.75
41461	용인시 처인구 원삼면	2026	주거지역	기타제한	마을	환경	0.83
41461	용인시 처인구 원삼면	2026	주거지역	기타제한	마을	마을	1
41461	용인시 처인구 원삼면	2026	주거지역	기타제한	마을	상수	1.08
41461	용인시 처인구 원삼면	2026	주거지역	기타제한	마을	특별	1.08
41461	용인시 처인구 원삼면	2026	주거지역	기타제한	마을	국보	1.13
41461	용인시 처인구 원삼면	2026	주거지역	기타제한	마을	군사	1.1
41461	용인시 처인구 원삼면	2026	주거지역	기타제한	마을	도공	0.75
41461	용인시 처인구 원삼면	2026	주거지역	기타제한	마을	일시	0.75
41461	용인시 처인구 원삼면	2026	주거지역	기타제한	상수	일반	1.16
41461	용인시 처인구 원삼면	2026	주거지역	기타제한	상수	보존	0.7
41461	용인시 처인구 원삼면	2026	주거지역	기타제한	상수	환경	0.77
41461	용인시 처인구 원삼면	2026	주거지역	기타제한	상수	마을	0.93
41461	용인시 처인구 원삼면	2026	주거지역	기타제한	상수	상수	1
41461	용인시 처인구 원삼면	2026	주거지역	기타제한	상수	특별	1
41461	용인시 처인구 원삼면	2026	주거지역	기타제한	상수	국보	1.05
41461	용인시 처인구 원삼면	2026	주거지역	기타제한	상수	군사	1.02
41461	용인시 처인구 원삼면	2026	주거지역	기타제한	상수	도공	0.7
41461	용인시 처인구 원삼면	2026	주거지역	기타제한	상수	일시	0.7
41461	용인시 처인구 원삼면	2026	주거지역	기타제한	특별	일반	1.16
41461	용인시 처인구 원삼면	2026	주거지역	기타제한	특별	보존	0.7
41461	용인시 처인구 원삼면	2026	주거지역	기타제한	특별	환경	0.77
41461	용인시 처인구 원삼면	2026	주거지역	기타제한	특별	마을	0.93
41461	용인시 처인구 원삼면	2026	주거지역	기타제한	특별	상수	1
41461	용인시 처인구 원삼면	2026	주거지역	기타제한	특별	특별	1
41461	용인시 처인구 원삼면	2026	주거지역	기타제한	특별	국보	1.05
41461	용인시 처인구 원삼면	2026	주거지역	기타제한	특별	군사	1.02
41461	용인시 처인구 원삼면	2026	주거지역	기타제한	특별	도공	0.7
41461	용인시 처인구 원삼면	2026	주거지역	기타제한	특별	일시	0.7
41461	용인시 처인구 원삼면	2026	주거지역	기타제한	국보	일반	1.11
41461	용인시 처인구 원삼면	2026	주거지역	기타제한	국보	보존	0.67
41461	용인시 처인구 원삼면	2026	주거지역	기타제한	국보	환경	0.73
41461	용인시 처인구 원삼면	2026	주거지역	기타제한	국보	마을	0.89
41461	용인시 처인구 원삼면	2026	주거지역	기타제한	국보	상수	0.96
41461	용인시 처인구 원삼면	2026	주거지역	기타제한	국보	특별	0.96
41461	용인시 처인구 원삼면	2026	주거지역	기타제한	국보	국보	1
41461	용인시 처인구 원삼면	2026	주거지역	기타제한	국보	군사	0.98
41461	용인시 처인구 원삼면	2026	주거지역	기타제한	국보	도공	0.67
41461	용인시 처인구 원삼면	2026	주거지역	기타제한	국보	일시	0.67
41461	용인시 처인구 원삼면	2026	주거지역	기타제한	군사	일반	1.14
41461	용인시 처인구 원삼면	2026	주거지역	기타제한	군사	보존	0.68
41461	용인시 처인구 원삼면	2026	주거지역	기타제한	군사	환경	0.75
41461	용인시 처인구 원삼면	2026	주거지역	기타제한	군사	마을	0.91
41461	용인시 처인구 원삼면	2026	주거지역	기타제한	군사	상수	0.98
41461	용인시 처인구 원삼면	2026	주거지역	기타제한	군사	특별	0.98
41461	용인시 처인구 원삼면	2026	주거지역	기타제한	군사	국보	1.02
41461	용인시 처인구 원삼면	2026	주거지역	기타제한	군사	군사	1
41461	용인시 처인구 원삼면	2026	주거지역	기타제한	군사	도공	0.68
41461	용인시 처인구 원삼면	2026	주거지역	기타제한	군사	일시	0.68
41461	용인시 처인구 원삼면	2026	주거지역	기타제한	도공	일반	1.67
41461	용인시 처인구 원삼면	2026	주거지역	기타제한	도공	보존	1
41461	용인시 처인구 원삼면	2026	주거지역	기타제한	도공	환경	1.1
41461	용인시 처인구 원삼면	2026	주거지역	기타제한	도공	마을	1.33
41461	용인시 처인구 원삼면	2026	주거지역	기타제한	도공	상수	1.43
41461	용인시 처인구 원삼면	2026	주거지역	기타제한	도공	특별	1.43
41461	용인시 처인구 원삼면	2026	주거지역	기타제한	도공	국보	1.5
41461	용인시 처인구 원삼면	2026	주거지역	기타제한	도공	군사	1.47
41461	용인시 처인구 원삼면	2026	주거지역	기타제한	도공	도공	1
41461	용인시 처인구 원삼면	2026	주거지역	기타제한	도공	일시	1
41461	용인시 처인구 원삼면	2026	주거지역	기타제한	일시	일반	1.67
41461	용인시 처인구 원삼면	2026	주거지역	기타제한	일시	보존	1
41461	용인시 처인구 원삼면	2026	주거지역	기타제한	일시	환경	1.1
41461	용인시 처인구 원삼면	2026	주거지역	기타제한	일시	마을	1.33
41461	용인시 처인구 원삼면	2026	주거지역	기타제한	일시	상수	1.43
41461	용인시 처인구 원삼면	2026	주거지역	기타제한	일시	특별	1.43
41461	용인시 처인구 원삼면	2026	주거지역	기타제한	일시	국보	1.5
41461	용인시 처인구 원삼면	2026	주거지역	기타제한	일시	군사	1.47
41461	용인시 처인구 원삼면	2026	주거지역	기타제한	일시	도공	1
41461	용인시 처인구 원삼면	2026	주거지역	기타제한	일시	일시	1
41461	용인시 처인구 원삼면	2026	주거지역	농지구분	진흥	진흥	1
41461	용인시 처인구 원삼면	2026	주거지역	농지구분	진흥	보호	1.02
41461	용인시 처인구 원삼면	2026	주거지역	농지구분	진흥	해당없음	1.05
41461	용인시 처인구 원삼면	2026	주거지역	농지구분	보호	진흥	0.98
41461	용인시 처인구 원삼면	2026	주거지역	농지구분	보호	보호	1
41461	용인시 처인구 원삼면	2026	주거지역	농지구분	보호	해당없음	1.03
41461	용인시 처인구 원삼면	2026	주거지역	농지구분	해당없음	진흥	0.95
41461	용인시 처인구 원삼면	2026	주거지역	농지구분	해당없음	보호	0.97
41461	용인시 처인구 원삼면	2026	주거지역	농지구분	해당없음	해당없음	1
41461	용인시 처인구 원삼면	2026	주거지역	비옥도	비옥	비옥	1
41461	용인시 처인구 원삼면	2026	주거지역	비옥도	비옥	저습·사질척박	0.94
41461	용인시 처인구 원삼면	2026	주거지역	비옥도	저습·사질척박	비옥	1.06
41461	용인시 처인구 원삼면	2026	주거지역	비옥도	저습·사질척박	저습·사질척박	1
41461	용인시 처인구 원삼면	2026	주거지역	경지정리	정리	정리	1
41461	용인시 처인구 원삼면	2026	주거지역	경지정리	정리	미정리	0.99
41461	용인시 처인구 원삼면	2026	주거지역	경지정리	미정리	정리	1.01
41461	용인시 처인구 원삼면	2026	주거지역	경지정리	미정리	미정리	1
41461	용인시 처인구 원삼면	2026	주거지역	임야	보전산	보전산	1
41461	용인시 처인구 원삼면	2026	주거지역	임야	보전산	준보전산	1.18
41461	용인시 처인구 원삼면	2026	주거지역	임야	준보전산	보전산	0.85
41461	용인시 처인구 원삼면	2026	주거지역	임야	준보전산	준보전산	1
41461	용인시 처인구 원삼면	2026	주거지역	토지이용상황	주거용	주거용	1
41461	용인시 처인구 원삼면	2026	주거지역	토지이용상황	주거용	상업업무	1.58
41461	용인시 처인구 원삼면	2026	주거지역	토지이용상황	주거용	주상복합	1.48
41461	용인시 처인구 원삼면	2026	주거지역	토지이용상황	주거용	공업용	0.98
41461	용인시 처인구 원삼면	2026	주거지역	토지이용상황	주거용	태양광	0.83
41461	용인시 처인구 원삼면	2026	주거지역	토지이용상황	주거용	전	0.66
41461	용인시 처인구 원삼면	2026	주거지역	토지이용상황	주거용	전창고	0.74
41461	용인시 처인구 원삼면	2026	주거지역	토지이용상황	주거용	전축사	0.74
41461	용인시 처인구 원삼면	2026	주거지역	토지이용상황	주거용	답	0.6
41461	용인시 처인구 원삼면	2026	주거지역	토지이용상황	주거용	답창고	0.67
41461	용인시 처인구 원삼면	2026	주거지역	토지이용상황	주거용	답축사	0.67
41461	용인시 처인구 원삼면	2026	주거지역	토지이용상황	주거용	임야	0.41
41461	용인시 처인구 원삼면	2026	주거지역	토지이용상황	상업업무	주거용	0.63
41461	용인시 처인구 원삼면	2026	주거지역	토지이용상황	상업업무	상업업무	1
41461	용인시 처인구 원삼면	2026	주거지역	토지이용상황	상업업무	주상복합	0.94
41461	용인시 처인구 원삼면	2026	주거지역	토지이용상황	상업업무	공업용	0.62
41461	용인시 처인구 원삼면	2026	주거지역	토지이용상황	상업업무	태양광	0.53
41461	용인시 처인구 원삼면	2026	주거지역	토지이용상황	상업업무	전	0.42
41461	용인시 처인구 원삼면	2026	주거지역	토지이용상황	상업업무	전창고	0.47
41461	용인시 처인구 원삼면	2026	주거지역	토지이용상황	상업업무	전축사	0.47
41461	용인시 처인구 원삼면	2026	주거지역	토지이용상황	상업업무	답	0.38
41461	용인시 처인구 원삼면	2026	주거지역	토지이용상황	상업업무	답창고	0.42
41461	용인시 처인구 원삼면	2026	주거지역	토지이용상황	상업업무	답축사	0.42
41461	용인시 처인구 원삼면	2026	주거지역	토지이용상황	상업업무	임야	0.26
41461	용인시 처인구 원삼면	2026	주거지역	토지이용상황	주상복합	주거용	0.68
41461	용인시 처인구 원삼면	2026	주거지역	토지이용상황	주상복합	상업업무	1.07
41461	용인시 처인구 원삼면	2026	주거지역	토지이용상황	주상복합	주상복합	1
41461	용인시 처인구 원삼면	2026	주거지역	토지이용상황	주상복합	공업용	0.66
41461	용인시 처인구 원삼면	2026	주거지역	토지이용상황	주상복합	태양광	0.56
41461	용인시 처인구 원삼면	2026	주거지역	토지이용상황	주상복합	전	0.45
41461	용인시 처인구 원삼면	2026	주거지역	토지이용상황	주상복합	전창고	0.5
41461	용인시 처인구 원삼면	2026	주거지역	토지이용상황	주상복합	전축사	0.5
41461	용인시 처인구 원삼면	2026	주거지역	토지이용상황	주상복합	답	0.41
41461	용인시 처인구 원삼면	2026	주거지역	토지이용상황	주상복합	답창고	0.45
41461	용인시 처인구 원삼면	2026	주거지역	토지이용상황	주상복합	답축사	0.45
41461	용인시 처인구 원삼면	2026	주거지역	토지이용상황	주상복합	임야	0.28
41461	용인시 처인구 원삼면	2026	주거지역	토지이용상황	공업용	주거용	1.02
41461	용인시 처인구 원삼면	2026	주거지역	토지이용상황	공업용	상업업무	1.61
41461	용인시 처인구 원삼면	2026	주거지역	토지이용상황	공업용	주상복합	1.51
41461	용인시 처인구 원삼면	2026	주거지역	토지이용상황	공업용	공업용	1
41461	용인시 처인구 원삼면	2026	주거지역	토지이용상황	공업용	태양광	0.85
41461	용인시 처인구 원삼면	2026	주거지역	토지이용상황	공업용	전	0.67
41461	용인시 처인구 원삼면	2026	주거지역	토지이용상황	공업용	전창고	0.76
41461	용인시 처인구 원삼면	2026	주거지역	토지이용상황	공업용	전축사	0.76
41461	용인시 처인구 원삼면	2026	주거지역	토지이용상황	공업용	답	0.61
41461	용인시 처인구 원삼면	2026	주거지역	토지이용상황	공업용	답창고	0.68
41461	용인시 처인구 원삼면	2026	주거지역	토지이용상황	공업용	답축사	0.68
41461	용인시 처인구 원삼면	2026	주거지역	토지이용상황	공업용	임야	0.42
41461	용인시 처인구 원삼면	2026	주거지역	토지이용상황	태양광	주거용	1.2
41461	용인시 처인구 원삼면	2026	주거지역	토지이용상황	태양광	상업업무	1.9
41461	용인시 처인구 원삼면	2026	주거지역	토지이용상황	태양광	주상복합	1.78
41461	용인시 처인구 원삼면	2026	주거지역	토지이용상황	태양광	공업용	1.18
41461	용인시 처인구 원삼면	2026	주거지역	토지이용상황	태양광	태양광	1
41461	용인시 처인구 원삼면	2026	주거지역	토지이용상황	태양광	전	0.8
41461	용인시 처인구 원삼면	2026	주거지역	토지이용상황	태양광	전창고	0.89
41461	용인시 처인구 원삼면	2026	주거지역	토지이용상황	태양광	전축사	0.89
41461	용인시 처인구 원삼면	2026	주거지역	토지이용상황	태양광	답	0.72
41461	용인시 처인구 원삼면	2026	주거지역	토지이용상황	태양광	답창고	0.81
41461	용인시 처인구 원삼면	2026	주거지역	토지이용상황	태양광	답축사	0.81
41461	용인시 처인구 원삼면	2026	주거지역	토지이용상황	태양광	임야	0.49
41461	용인시 처인구 원삼면	2026	주거지역	토지이용상황	전	주거용	1.52
41461	용인시 처인구 원삼면	2026	주거지역	토지이용상황	전	상업업무	2.39
41461	용인시 처인구 원삼면	2026	주거지역	토지이용상황	전	주상복합	2.24
41461	용인시 처인구 원삼면	2026	주거지역	토지이용상황	전	공업용	1.48
41461	용인시 처인구 원삼면	2026	주거지역	토지이용상황	전	태양광	1.26
41461	용인시 처인구 원삼면	2026	주거지역	토지이용상황	전	전	1
41461	용인시 처인구 원삼면	2026	주거지역	토지이용상황	전	전창고	1.12
41461	용인시 처인구 원삼면	2026	주거지역	토지이용상황	전	전축사	1.12
41461	용인시 처인구 원삼면	2026	주거지역	토지이용상황	전	답	0.91
41461	용인시 처인구 원삼면	2026	주거지역	토지이용상황	전	답창고	1.02
41461	용인시 처인구 원삼면	2026	주거지역	토지이용상황	전	답축사	1.02
41461	용인시 처인구 원삼면	2026	주거지역	토지이용상황	전	임야	0.62
41461	용인시 처인구 원삼면	2026	주거지역	토지이용상황	전창고	주거용	1.35
41461	용인시 처인구 원삼면	2026	주거지역	토지이용상황	전창고	상업업무	2.14
41461	용인시 처인구 원삼면	2026	주거지역	토지이용상황	전창고	주상복합	2
41461	용인시 처인구 원삼면	2026	주거지역	토지이용상황	전창고	공업용	1.32
41461	용인시 처인구 원삼면	2026	주거지역	토지이용상황	전창고	태양광	1.12
41461	용인시 처인구 원삼면	2026	주거지역	토지이용상황	전창고	전	0.89
41461	용인시 처인구 원삼면	2026	주거지역	토지이용상황	전창고	전창고	1
41461	용인시 처인구 원삼면	2026	주거지역	토지이용상황	전창고	전축사	1
41461	용인시 처인구 원삼면	2026	주거지역	토지이용상황	전창고	답	0.81
41461	용인시 처인구 원삼면	2026	주거지역	토지이용상황	전창고	답창고	0.91
41461	용인시 처인구 원삼면	2026	주거지역	토지이용상황	전창고	답축사	0.91
41461	용인시 처인구 원삼면	2026	주거지역	토지이용상황	전창고	임야	0.55
41461	용인시 처인구 원삼면	2026	주거지역	토지이용상황	전축사	주거용	1.35
41461	용인시 처인구 원삼면	2026	주거지역	토지이용상황	전축사	상업업무	2.14
41461	용인시 처인구 원삼면	2026	주거지역	토지이용상황	전축사	주상복합	2
41461	용인시 처인구 원삼면	2026	주거지역	토지이용상황	전축사	공업용	1.32
41461	용인시 처인구 원삼면	2026	주거지역	토지이용상황	전축사	태양광	1.12
41461	용인시 처인구 원삼면	2026	주거지역	토지이용상황	전축사	전	0.89
41461	용인시 처인구 원삼면	2026	주거지역	토지이용상황	전축사	전창고	1
41461	용인시 처인구 원삼면	2026	주거지역	토지이용상황	전축사	전축사	1
41461	용인시 처인구 원삼면	2026	주거지역	토지이용상황	전축사	답	0.81
41461	용인시 처인구 원삼면	2026	주거지역	토지이용상황	전축사	답창고	0.91
41461	용인시 처인구 원삼면	2026	주거지역	토지이용상황	전축사	답축사	0.91
41461	용인시 처인구 원삼면	2026	주거지역	토지이용상황	전축사	임야	0.55
41461	용인시 처인구 원삼면	2026	주거지역	토지이용상황	답	주거용	1.67
41461	용인시 처인구 원삼면	2026	주거지역	토지이용상황	답	상업업무	2.63
41461	용인시 처인구 원삼면	2026	주거지역	토지이용상황	답	주상복합	2.47
41461	용인시 처인구 원삼면	2026	주거지역	토지이용상황	답	공업용	1.63
41461	용인시 처인구 원삼면	2026	주거지역	토지이용상황	답	태양광	1.38
41461	용인시 처인구 원삼면	2026	주거지역	토지이용상황	답	전	1.1
41461	용인시 처인구 원삼면	2026	주거지역	토지이용상황	답	전창고	1.23
41461	용인시 처인구 원삼면	2026	주거지역	토지이용상황	답	전축사	1.23
41461	용인시 처인구 원삼면	2026	주거지역	토지이용상황	답	답	1
41461	용인시 처인구 원삼면	2026	주거지역	토지이용상황	답	답창고	1.12
41461	용인시 처인구 원삼면	2026	주거지역	토지이용상황	답	답축사	1.12
41461	용인시 처인구 원삼면	2026	주거지역	토지이용상황	답	임야	0.68
41461	용인시 처인구 원삼면	2026	주거지역	토지이용상황	답창고	주거용	1.49
41461	용인시 처인구 원삼면	2026	주거지역	토지이용상황	답창고	상업업무	2.36
41461	용인시 처인구 원삼면	2026	주거지역	토지이용상황	답창고	주상복합	2.21
41461	용인시 처인구 원삼면	2026	주거지역	토지이용상황	답창고	공업용	1.46
41461	용인시 처인구 원삼면	2026	주거지역	토지이용상황	답창고	태양광	1.24
41461	용인시 처인구 원삼면	2026	주거지역	토지이용상황	답창고	전	0.99
41461	용인시 처인구 원삼면	2026	주거지역	토지이용상황	답창고	전창고	1.1
41461	용인시 처인구 원삼면	2026	주거지역	토지이용상황	답창고	전축사	1.1
41461	용인시 처인구 원삼면	2026	주거지역	토지이용상황	답창고	답	0.9
41461	용인시 처인구 원삼면	2026	주거지역	토지이용상황	답창고	답창고	1
41461	용인시 처인구 원삼면	2026	주거지역	토지이용상황	답창고	답축사	1
41461	용인시 처인구 원삼면	2026	주거지역	토지이용상황	답창고	임야	0.61
41461	용인시 처인구 원삼면	2026	주거지역	토지이용상황	답축사	주거용	1.49
41461	용인시 처인구 원삼면	2026	주거지역	토지이용상황	답축사	상업업무	2.36
41461	용인시 처인구 원삼면	2026	주거지역	토지이용상황	답축사	주상복합	2.21
41461	용인시 처인구 원삼면	2026	주거지역	토지이용상황	답축사	공업용	1.46
41461	용인시 처인구 원삼면	2026	주거지역	토지이용상황	답축사	태양광	1.24
41461	용인시 처인구 원삼면	2026	주거지역	토지이용상황	답축사	전	0.99
41461	용인시 처인구 원삼면	2026	주거지역	토지이용상황	답축사	전창고	1.1
41461	용인시 처인구 원삼면	2026	주거지역	토지이용상황	답축사	전축사	1.1
41461	용인시 처인구 원삼면	2026	주거지역	토지이용상황	답축사	답	0.9
41461	용인시 처인구 원삼면	2026	주거지역	토지이용상황	답축사	답창고	1
41461	용인시 처인구 원삼면	2026	주거지역	토지이용상황	답축사	답축사	1
41461	용인시 처인구 원삼면	2026	주거지역	토지이용상황	답축사	임야	0.61
41461	용인시 처인구 원삼면	2026	주거지역	토지이용상황	임야	주거용	2.44
41461	용인시 처인구 원삼면	2026	주거지역	토지이용상황	임야	상업업무	3.85
41461	용인시 처인구 원삼면	2026	주거지역	토지이용상황	임야	주상복합	3.61
41461	용인시 처인구 원삼면	2026	주거지역	토지이용상황	임야	공업용	2.39
41461	용인시 처인구 원삼면	2026	주거지역	토지이용상황	임야	태양광	2.02
41461	용인시 처인구 원삼면	2026	주거지역	토지이용상황	임야	전	1.61
41461	용인시 처인구 원삼면	2026	주거지역	토지이용상황	임야	전창고	1.8
41461	용인시 처인구 원삼면	2026	주거지역	토지이용상황	임야	전축사	1.8
41461	용인시 처인구 원삼면	2026	주거지역	토지이용상황	임야	답	1.46
41461	용인시 처인구 원삼면	2026	주거지역	토지이용상황	임야	답창고	1.63
41461	용인시 처인구 원삼면	2026	주거지역	토지이용상황	임야	답축사	1.63
41461	용인시 처인구 원삼면	2026	주거지역	토지이용상황	임야	임야	1
41461	용인시 처인구 원삼면	2026	주거지역	공공용지	일반	일반	1
41461	용인시 처인구 원삼면	2026	주거지역	공공용지	일반	도로	0.33
41461	용인시 처인구 원삼면	2026	주거지역	공공용지	일반	공원	0.33
41461	용인시 처인구 원삼면	2026	주거지역	공공용지	일반	운동장	0.7
41461	용인시 처인구 원삼면	2026	주거지역	공공용지	일반	하천	0.33
41461	용인시 처인구 원삼면	2026	주거지역	공공용지	일반	혐오	0.33
41461	용인시 처인구 원삼면	2026	주거지역	공공용지	일반	위험	0.7
41461	용인시 처인구 원삼면	2026	주거지역	공공용지	일반	도축장	0.7
41461	용인시 처인구 원삼면	2026	주거지역	공공용지	도로	일반	3.03
41461	용인시 처인구 원삼면	2026	주거지역	공공용지	도로	도로	1
41461	용인시 처인구 원삼면	2026	주거지역	공공용지	도로	공원	1
41461	용인시 처인구 원삼면	2026	주거지역	공공용지	도로	운동장	2.12
41461	용인시 처인구 원삼면	2026	주거지역	공공용지	도로	하천	1
41461	용인시 처인구 원삼면	2026	주거지역	공공용지	도로	혐오	1
41461	용인시 처인구 원삼면	2026	주거지역	공공용지	도로	위험	2.12
41461	용인시 처인구 원삼면	2026	주거지역	공공용지	도로	도축장	2.12
41461	용인시 처인구 원삼면	2026	주거지역	공공용지	공원	일반	3.03
41461	용인시 처인구 원삼면	2026	주거지역	공공용지	공원	도로	1
41461	용인시 처인구 원삼면	2026	주거지역	공공용지	공원	공원	1
41461	용인시 처인구 원삼면	2026	주거지역	공공용지	공원	운동장	2.12
41461	용인시 처인구 원삼면	2026	주거지역	공공용지	공원	하천	1
41461	용인시 처인구 원삼면	2026	주거지역	공공용지	공원	혐오	1
41461	용인시 처인구 원삼면	2026	주거지역	공공용지	공원	위험	2.12
41461	용인시 처인구 원삼면	2026	주거지역	공공용지	공원	도축장	2.12
41461	용인시 처인구 원삼면	2026	주거지역	공공용지	운동장	일반	1.43
41461	용인시 처인구 원삼면	2026	주거지역	공공용지	운동장	도로	0.47
41461	용인시 처인구 원삼면	2026	주거지역	공공용지	운동장	공원	0.47
41461	용인시 처인구 원삼면	2026	주거지역	공공용지	운동장	운동장	1
41461	용인시 처인구 원삼면	2026	주거지역	공공용지	운동장	하천	0.47
41461	용인시 처인구 원삼면	2026	주거지역	공공용지	운동장	혐오	0.47
41461	용인시 처인구 원삼면	2026	주거지역	공공용지	운동장	위험	1
41461	용인시 처인구 원삼면	2026	주거지역	공공용지	운동장	도축장	1
41461	용인시 처인구 원삼면	2026	주거지역	공공용지	하천	일반	3.03
41461	용인시 처인구 원삼면	2026	주거지역	공공용지	하천	도로	1
41461	용인시 처인구 원삼면	2026	주거지역	공공용지	하천	공원	1
41461	용인시 처인구 원삼면	2026	주거지역	공공용지	하천	운동장	2.12
41461	용인시 처인구 원삼면	2026	주거지역	공공용지	하천	하천	1
41461	용인시 처인구 원삼면	2026	주거지역	공공용지	하천	혐오	1
41461	용인시 처인구 원삼면	2026	주거지역	공공용지	하천	위험	2.12
41461	용인시 처인구 원삼면	2026	주거지역	공공용지	하천	도축장	2.12
41461	용인시 처인구 원삼면	2026	주거지역	공공용지	혐오	일반	3.03
41461	용인시 처인구 원삼면	2026	주거지역	공공용지	혐오	도로	1
41461	용인시 처인구 원삼면	2026	주거지역	공공용지	혐오	공원	1
41461	용인시 처인구 원삼면	2026	주거지역	공공용지	혐오	운동장	2.12
41461	용인시 처인구 원삼면	2026	주거지역	공공용지	혐오	하천	1
41461	용인시 처인구 원삼면	2026	주거지역	공공용지	혐오	혐오	1
41461	용인시 처인구 원삼면	2026	주거지역	공공용지	혐오	위험	2.12
41461	용인시 처인구 원삼면	2026	주거지역	공공용지	혐오	도축장	2.12
41461	용인시 처인구 원삼면	2026	주거지역	공공용지	위험	일반	1.43
41461	용인시 처인구 원삼면	2026	주거지역	공공용지	위험	도로	0.47
41461	용인시 처인구 원삼면	2026	주거지역	공공용지	위험	공원	0.47
41461	용인시 처인구 원삼면	2026	주거지역	공공용지	위험	운동장	1
41461	용인시 처인구 원삼면	2026	주거지역	공공용지	위험	하천	0.47
41461	용인시 처인구 원삼면	2026	주거지역	공공용지	위험	혐오	0.47
41461	용인시 처인구 원삼면	2026	주거지역	공공용지	위험	위험	1
41461	용인시 처인구 원삼면	2026	주거지역	공공용지	위험	도축장	1
41461	용인시 처인구 원삼면	2026	주거지역	공공용지	도축장	일반	1.43
41461	용인시 처인구 원삼면	2026	주거지역	공공용지	도축장	도로	0.47
41461	용인시 처인구 원삼면	2026	주거지역	공공용지	도축장	공원	0.47
41461	용인시 처인구 원삼면	2026	주거지역	공공용지	도축장	운동장	1
41461	용인시 처인구 원삼면	2026	주거지역	공공용지	도축장	하천	0.47
41461	용인시 처인구 원삼면	2026	주거지역	공공용지	도축장	혐오	0.47
41461	용인시 처인구 원삼면	2026	주거지역	공공용지	도축장	위험	1
41461	용인시 처인구 원삼면	2026	주거지역	공공용지	도축장	도축장	1
41461	용인시 처인구 원삼면	2026	주거지역	고저	저지	저지	1
41461	용인시 처인구 원삼면	2026	주거지역	고저	저지	평지	1.05
41461	용인시 처인구 원삼면	2026	주거지역	고저	저지	완경사	0.91
41461	용인시 처인구 원삼면	2026	주거지역	고저	저지	급경사	0.73
41461	용인시 처인구 원삼면	2026	주거지역	고저	저지	고지	0.72
41461	용인시 처인구 원삼면	2026	주거지역	고저	평지	저지	0.95
41461	용인시 처인구 원삼면	2026	주거지역	고저	평지	평지	1
41461	용인시 처인구 원삼면	2026	주거지역	고저	평지	완경사	0.87
41461	용인시 처인구 원삼면	2026	주거지역	고저	평지	급경사	0.7
41461	용인시 처인구 원삼면	2026	주거지역	고저	평지	고지	0.69
41461	용인시 처인구 원삼면	2026	주거지역	고저	완경사	저지	1.1
41461	용인시 처인구 원삼면	2026	주거지역	고저	완경사	평지	1.15
41461	용인시 처인구 원삼면	2026	주거지역	고저	완경사	완경사	1
41461	용인시 처인구 원삼면	2026	주거지역	고저	완경사	급경사	0.8
41461	용인시 처인구 원삼면	2026	주거지역	고저	완경사	고지	0.79
41461	용인시 처인구 원삼면	2026	주거지역	고저	급경사	저지	1.37
41461	용인시 처인구 원삼면	2026	주거지역	고저	급경사	평지	1.44
41461	용인시 처인구 원삼면	2026	주거지역	고저	급경사	완경사	1.25
41461	용인시 처인구 원삼면	2026	주거지역	고저	급경사	급경사	1
41461	용인시 처인구 원삼면	2026	주거지역	고저	급경사	고지	0.99
41461	용인시 처인구 원삼면	2026	주거지역	고저	고지	저지	1.39
41461	용인시 처인구 원삼면	2026	주거지역	고저	고지	평지	1.46
41461	용인시 처인구 원삼면	2026	주거지역	고저	고지	완경사	1.26
41461	용인시 처인구 원삼면	2026	주거지역	고저	고지	급경사	1.01
41461	용인시 처인구 원삼면	2026	주거지역	고저	고지	고지	1
41461	용인시 처인구 원삼면	2026	주거지역	형상(주거.공업)	정방형	정방형	1
41461	용인시 처인구 원삼면	2026	주거지역	형상(주거.공업)	정방형	장방형	1
41461	용인시 처인구 원삼면	2026	주거지역	형상(주거.공업)	정방형	사다리	0.99
41461	용인시 처인구 원삼면	2026	주거지역	형상(주거.공업)	정방형	부정형	0.96
41461	용인시 처인구 원삼면	2026	주거지역	형상(주거.공업)	정방형	자루형	0.95
41461	용인시 처인구 원삼면	2026	주거지역	형상(주거.공업)	장방형	정방형	1
41461	용인시 처인구 원삼면	2026	주거지역	형상(주거.공업)	장방형	장방형	1
41461	용인시 처인구 원삼면	2026	주거지역	형상(주거.공업)	장방형	사다리	0.99
41461	용인시 처인구 원삼면	2026	주거지역	형상(주거.공업)	장방형	부정형	0.96
41461	용인시 처인구 원삼면	2026	주거지역	형상(주거.공업)	장방형	자루형	0.95
41461	용인시 처인구 원삼면	2026	주거지역	형상(주거.공업)	사다리	정방형	1.01
41461	용인시 처인구 원삼면	2026	주거지역	형상(주거.공업)	사다리	장방형	1.01
41461	용인시 처인구 원삼면	2026	주거지역	형상(주거.공업)	사다리	사다리	1
41461	용인시 처인구 원삼면	2026	주거지역	형상(주거.공업)	사다리	부정형	0.97
41461	용인시 처인구 원삼면	2026	주거지역	형상(주거.공업)	사다리	자루형	0.96
41461	용인시 처인구 원삼면	2026	주거지역	형상(주거.공업)	부정형	정방형	1.04
41461	용인시 처인구 원삼면	2026	주거지역	형상(주거.공업)	부정형	장방형	1.04
41461	용인시 처인구 원삼면	2026	주거지역	형상(주거.공업)	부정형	사다리	1.03
41461	용인시 처인구 원삼면	2026	주거지역	형상(주거.공업)	부정형	부정형	1
41461	용인시 처인구 원삼면	2026	주거지역	형상(주거.공업)	부정형	자루형	0.99
41461	용인시 처인구 원삼면	2026	주거지역	형상(주거.공업)	자루형	정방형	1.05
41461	용인시 처인구 원삼면	2026	주거지역	형상(주거.공업)	자루형	장방형	1.05
41461	용인시 처인구 원삼면	2026	주거지역	형상(주거.공업)	자루형	사다리	1.04
41461	용인시 처인구 원삼면	2026	주거지역	형상(주거.공업)	자루형	부정형	1.01
41461	용인시 처인구 원삼면	2026	주거지역	형상(주거.공업)	자루형	자루형	1
41461	용인시 처인구 원삼면	2026	주거지역	형상(상업.주상)	정방형	정방형	1
41461	용인시 처인구 원삼면	2026	주거지역	형상(상업.주상)	정방형	가장형	1.02
41461	용인시 처인구 원삼면	2026	주거지역	형상(상업.주상)	정방형	세장형	0.99
41461	용인시 처인구 원삼면	2026	주거지역	형상(상업.주상)	정방형	사다리	0.98
41461	용인시 처인구 원삼면	2026	주거지역	형상(상업.주상)	정방형	부정형	0.96
41461	용인시 처인구 원삼면	2026	주거지역	형상(상업.주상)	정방형	자루형	0.94
41461	용인시 처인구 원삼면	2026	주거지역	형상(상업.주상)	가장형	정방형	0.98
41461	용인시 처인구 원삼면	2026	주거지역	형상(상업.주상)	가장형	가장형	1
41461	용인시 처인구 원삼면	2026	주거지역	형상(상업.주상)	가장형	세장형	0.97
41461	용인시 처인구 원삼면	2026	주거지역	형상(상업.주상)	가장형	사다리	0.96
41461	용인시 처인구 원삼면	2026	주거지역	형상(상업.주상)	가장형	부정형	0.94
41461	용인시 처인구 원삼면	2026	주거지역	형상(상업.주상)	가장형	자루형	0.92
41461	용인시 처인구 원삼면	2026	주거지역	형상(상업.주상)	세장형	정방형	1.01
41461	용인시 처인구 원삼면	2026	주거지역	형상(상업.주상)	세장형	가장형	1.03
41461	용인시 처인구 원삼면	2026	주거지역	형상(상업.주상)	세장형	세장형	1
41461	용인시 처인구 원삼면	2026	주거지역	형상(상업.주상)	세장형	사다리	0.99
41461	용인시 처인구 원삼면	2026	주거지역	형상(상업.주상)	세장형	부정형	0.97
41461	용인시 처인구 원삼면	2026	주거지역	형상(상업.주상)	세장형	자루형	0.95
41461	용인시 처인구 원삼면	2026	주거지역	형상(상업.주상)	사다리	정방형	1.02
41461	용인시 처인구 원삼면	2026	주거지역	형상(상업.주상)	사다리	가장형	1.04
41461	용인시 처인구 원삼면	2026	주거지역	형상(상업.주상)	사다리	세장형	1.01
41461	용인시 처인구 원삼면	2026	주거지역	형상(상업.주상)	사다리	사다리	1
41461	용인시 처인구 원삼면	2026	주거지역	형상(상업.주상)	사다리	부정형	0.98
41461	용인시 처인구 원삼면	2026	주거지역	형상(상업.주상)	사다리	자루형	0.96
41461	용인시 처인구 원삼면	2026	주거지역	형상(상업.주상)	부정형	정방형	1.04
41461	용인시 처인구 원삼면	2026	주거지역	형상(상업.주상)	부정형	가장형	1.06
41461	용인시 처인구 원삼면	2026	주거지역	형상(상업.주상)	부정형	세장형	1.03
41461	용인시 처인구 원삼면	2026	주거지역	형상(상업.주상)	부정형	사다리	1.02
41461	용인시 처인구 원삼면	2026	주거지역	형상(상업.주상)	부정형	부정형	1
41461	용인시 처인구 원삼면	2026	주거지역	형상(상업.주상)	부정형	자루형	0.98
41461	용인시 처인구 원삼면	2026	주거지역	형상(상업.주상)	자루형	정방형	1.06
41461	용인시 처인구 원삼면	2026	주거지역	형상(상업.주상)	자루형	가장형	1.09
41461	용인시 처인구 원삼면	2026	주거지역	형상(상업.주상)	자루형	세장형	1.05
41461	용인시 처인구 원삼면	2026	주거지역	형상(상업.주상)	자루형	사다리	1.04
41461	용인시 처인구 원삼면	2026	주거지역	형상(상업.주상)	자루형	부정형	1.02
41461	용인시 처인구 원삼면	2026	주거지역	형상(상업.주상)	자루형	자루형	1
41461	용인시 처인구 원삼면	2026	주거지역	방위	남향	남향	1
41461	용인시 처인구 원삼면	2026	주거지역	방위	남향	동향	0.98
41461	용인시 처인구 원삼면	2026	주거지역	방위	남향	서향	0.98
41461	용인시 처인구 원삼면	2026	주거지역	방위	남향	북향	0.98
41461	용인시 처인구 원삼면	2026	주거지역	방위	동향	남향	1.02
41461	용인시 처인구 원삼면	2026	주거지역	방위	동향	동향	1
41461	용인시 처인구 원삼면	2026	주거지역	방위	동향	서향	1
41461	용인시 처인구 원삼면	2026	주거지역	방위	동향	북향	1
41461	용인시 처인구 원삼면	2026	주거지역	방위	서향	남향	1.02
41461	용인시 처인구 원삼면	2026	주거지역	방위	서향	동향	1
41461	용인시 처인구 원삼면	2026	주거지역	방위	서향	서향	1
41461	용인시 처인구 원삼면	2026	주거지역	방위	서향	북향	1
41461	용인시 처인구 원삼면	2026	주거지역	방위	북향	남향	1.02
41461	용인시 처인구 원삼면	2026	주거지역	방위	북향	동향	1
41461	용인시 처인구 원삼면	2026	주거지역	방위	북향	서향	1
41461	용인시 처인구 원삼면	2026	주거지역	방위	북향	북향	1
41461	용인시 처인구 원삼면	2026	주거지역	도로접면	광대한면	광대한면	1
41461	용인시 처인구 원삼면	2026	주거지역	도로접면	광대한면	광대소각	1.08
41461	용인시 처인구 원삼면	2026	주거지역	도로접면	광대한면	광대세각	1.05
41461	용인시 처인구 원삼면	2026	주거지역	도로접면	광대한면	중로한면	0.95
41461	용인시 처인구 원삼면	2026	주거지역	도로접면	광대한면	중로각지	0.99
41461	용인시 처인구 원삼면	2026	주거지역	도로접면	광대한면	소로한면	0.87
41461	용인시 처인구 원삼면	2026	주거지역	도로접면	광대한면	소로각지	0.94
41461	용인시 처인구 원삼면	2026	주거지역	도로접면	광대한면	세로(가)	0.82
41461	용인시 처인구 원삼면	2026	주거지역	도로접면	광대한면	세각(가)	0.83
41461	용인시 처인구 원삼면	2026	주거지역	도로접면	광대한면	세로(불)	0.64
41461	용인시 처인구 원삼면	2026	주거지역	도로접면	광대한면	세각(불)	0.65
41461	용인시 처인구 원삼면	2026	주거지역	도로접면	광대한면	맹지	0.62
41461	용인시 처인구 원삼면	2026	주거지역	도로접면	광대소각	광대한면	0.93
41461	용인시 처인구 원삼면	2026	주거지역	도로접면	광대소각	광대소각	1
41461	용인시 처인구 원삼면	2026	주거지역	도로접면	광대소각	광대세각	0.97
41461	용인시 처인구 원삼면	2026	주거지역	도로접면	광대소각	중로한면	0.88
41461	용인시 처인구 원삼면	2026	주거지역	도로접면	광대소각	중로각지	0.92
41461	용인시 처인구 원삼면	2026	주거지역	도로접면	광대소각	소로한면	0.81
41461	용인시 처인구 원삼면	2026	주거지역	도로접면	광대소각	소로각지	0.87
41461	용인시 처인구 원삼면	2026	주거지역	도로접면	광대소각	세로(가)	0.76
41461	용인시 처인구 원삼면	2026	주거지역	도로접면	광대소각	세각(가)	0.77
41461	용인시 처인구 원삼면	2026	주거지역	도로접면	광대소각	세로(불)	0.59
41461	용인시 처인구 원삼면	2026	주거지역	도로접면	광대소각	세각(불)	0.6
41461	용인시 처인구 원삼면	2026	주거지역	도로접면	광대소각	맹지	0.57
41461	용인시 처인구 원삼면	2026	주거지역	도로접면	광대세각	광대한면	0.95
41461	용인시 처인구 원삼면	2026	주거지역	도로접면	광대세각	광대소각	1.03
41461	용인시 처인구 원삼면	2026	주거지역	도로접면	광대세각	광대세각	1
41461	용인시 처인구 원삼면	2026	주거지역	도로접면	광대세각	중로한면	0.9
41461	용인시 처인구 원삼면	2026	주거지역	도로접면	광대세각	중로각지	0.94
41461	용인시 처인구 원삼면	2026	주거지역	도로접면	광대세각	소로한면	0.83
41461	용인시 처인구 원삼면	2026	주거지역	도로접면	광대세각	소로각지	0.9
41461	용인시 처인구 원삼면	2026	주거지역	도로접면	광대세각	세로(가)	0.78
41461	용인시 처인구 원삼면	2026	주거지역	도로접면	광대세각	세각(가)	0.79
41461	용인시 처인구 원삼면	2026	주거지역	도로접면	광대세각	세로(불)	0.61
41461	용인시 처인구 원삼면	2026	주거지역	도로접면	광대세각	세각(불)	0.62
41461	용인시 처인구 원삼면	2026	주거지역	도로접면	광대세각	맹지	0.59
41461	용인시 처인구 원삼면	2026	주거지역	도로접면	중로한면	광대한면	1.05
41461	용인시 처인구 원삼면	2026	주거지역	도로접면	중로한면	광대소각	1.14
41461	용인시 처인구 원삼면	2026	주거지역	도로접면	중로한면	광대세각	1.11
41461	용인시 처인구 원삼면	2026	주거지역	도로접면	중로한면	중로한면	1
41461	용인시 처인구 원삼면	2026	주거지역	도로접면	중로한면	중로각지	1.04
41461	용인시 처인구 원삼면	2026	주거지역	도로접면	중로한면	소로한면	0.92
41461	용인시 처인구 원삼면	2026	주거지역	도로접면	중로한면	소로각지	0.99
41461	용인시 처인구 원삼면	2026	주거지역	도로접면	중로한면	세로(가)	0.86
41461	용인시 처인구 원삼면	2026	주거지역	도로접면	중로한면	세각(가)	0.87
41461	용인시 처인구 원삼면	2026	주거지역	도로접면	중로한면	세로(불)	0.67
41461	용인시 처인구 원삼면	2026	주거지역	도로접면	중로한면	세각(불)	0.68
41461	용인시 처인구 원삼면	2026	주거지역	도로접면	중로한면	맹지	0.65
41461	용인시 처인구 원삼면	2026	주거지역	도로접면	중로각지	광대한면	1.01
41461	용인시 처인구 원삼면	2026	주거지역	도로접면	중로각지	광대소각	1.09
41461	용인시 처인구 원삼면	2026	주거지역	도로접면	중로각지	광대세각	1.06
41461	용인시 처인구 원삼면	2026	주거지역	도로접면	중로각지	중로한면	0.96
41461	용인시 처인구 원삼면	2026	주거지역	도로접면	중로각지	중로각지	1
41461	용인시 처인구 원삼면	2026	주거지역	도로접면	중로각지	소로한면	0.88
41461	용인시 처인구 원삼면	2026	주거지역	도로접면	중로각지	소로각지	0.95
41461	용인시 처인구 원삼면	2026	주거지역	도로접면	중로각지	세로(가)	0.83
41461	용인시 처인구 원삼면	2026	주거지역	도로접면	중로각지	세각(가)	0.84
41461	용인시 처인구 원삼면	2026	주거지역	도로접면	중로각지	세로(불)	0.65
41461	용인시 처인구 원삼면	2026	주거지역	도로접면	중로각지	세각(불)	0.66
41461	용인시 처인구 원삼면	2026	주거지역	도로접면	중로각지	맹지	0.63
41461	용인시 처인구 원삼면	2026	주거지역	도로접면	소로한면	광대한면	1.15
41461	용인시 처인구 원삼면	2026	주거지역	도로접면	소로한면	광대소각	1.24
41461	용인시 처인구 원삼면	2026	주거지역	도로접면	소로한면	광대세각	1.21
41461	용인시 처인구 원삼면	2026	주거지역	도로접면	소로한면	중로한면	1.09
41461	용인시 처인구 원삼면	2026	주거지역	도로접면	소로한면	중로각지	1.14
41461	용인시 처인구 원삼면	2026	주거지역	도로접면	소로한면	소로한면	1
41461	용인시 처인구 원삼면	2026	주거지역	도로접면	소로한면	소로각지	1.08
41461	용인시 처인구 원삼면	2026	주거지역	도로접면	소로한면	세로(가)	0.94
41461	용인시 처인구 원삼면	2026	주거지역	도로접면	소로한면	세각(가)	0.95
41461	용인시 처인구 원삼면	2026	주거지역	도로접면	소로한면	세로(불)	0.74
41461	용인시 처인구 원삼면	2026	주거지역	도로접면	소로한면	세각(불)	0.75
41461	용인시 처인구 원삼면	2026	주거지역	도로접면	소로한면	맹지	0.71
41461	용인시 처인구 원삼면	2026	주거지역	도로접면	소로각지	광대한면	1.06
41461	용인시 처인구 원삼면	2026	주거지역	도로접면	소로각지	광대소각	1.15
41461	용인시 처인구 원삼면	2026	주거지역	도로접면	소로각지	광대세각	1.12
41461	용인시 처인구 원삼면	2026	주거지역	도로접면	소로각지	중로한면	1.01
41461	용인시 처인구 원삼면	2026	주거지역	도로접면	소로각지	중로각지	1.05
41461	용인시 처인구 원삼면	2026	주거지역	도로접면	소로각지	소로한면	0.93
41461	용인시 처인구 원삼면	2026	주거지역	도로접면	소로각지	소로각지	1
41461	용인시 처인구 원삼면	2026	주거지역	도로접면	소로각지	세로(가)	0.87
41461	용인시 처인구 원삼면	2026	주거지역	도로접면	소로각지	세각(가)	0.88
41461	용인시 처인구 원삼면	2026	주거지역	도로접면	소로각지	세로(불)	0.68
41461	용인시 처인구 원삼면	2026	주거지역	도로접면	소로각지	세각(불)	0.69
41461	용인시 처인구 원삼면	2026	주거지역	도로접면	소로각지	맹지	0.66
41461	용인시 처인구 원삼면	2026	주거지역	도로접면	세로(가)	광대한면	1.22
41461	용인시 처인구 원삼면	2026	주거지역	도로접면	세로(가)	광대소각	1.32
41461	용인시 처인구 원삼면	2026	주거지역	도로접면	세로(가)	광대세각	1.28
41461	용인시 처인구 원삼면	2026	주거지역	도로접면	세로(가)	중로한면	1.16
41461	용인시 처인구 원삼면	2026	주거지역	도로접면	세로(가)	중로각지	1.21
41461	용인시 처인구 원삼면	2026	주거지역	도로접면	세로(가)	소로한면	1.06
41461	용인시 처인구 원삼면	2026	주거지역	도로접면	세로(가)	소로각지	1.15
41461	용인시 처인구 원삼면	2026	주거지역	도로접면	세로(가)	세로(가)	1
41461	용인시 처인구 원삼면	2026	주거지역	도로접면	세로(가)	세각(가)	1.01
41461	용인시 처인구 원삼면	2026	주거지역	도로접면	세로(가)	세로(불)	0.78
41461	용인시 처인구 원삼면	2026	주거지역	도로접면	세로(가)	세각(불)	0.79
41461	용인시 처인구 원삼면	2026	주거지역	도로접면	세로(가)	맹지	0.76
41461	용인시 처인구 원삼면	2026	주거지역	도로접면	세각(가)	광대한면	1.2
41461	용인시 처인구 원삼면	2026	주거지역	도로접면	세각(가)	광대소각	1.3
41461	용인시 처인구 원삼면	2026	주거지역	도로접면	세각(가)	광대세각	1.27
41461	용인시 처인구 원삼면	2026	주거지역	도로접면	세각(가)	중로한면	1.14
41461	용인시 처인구 원삼면	2026	주거지역	도로접면	세각(가)	중로각지	1.19
41461	용인시 처인구 원삼면	2026	주거지역	도로접면	세각(가)	소로한면	1.05
41461	용인시 처인구 원삼면	2026	주거지역	도로접면	세각(가)	소로각지	1.13
41461	용인시 처인구 원삼면	2026	주거지역	도로접면	세각(가)	세로(가)	0.99
41461	용인시 처인구 원삼면	2026	주거지역	도로접면	세각(가)	세각(가)	1
41461	용인시 처인구 원삼면	2026	주거지역	도로접면	세각(가)	세로(불)	0.77
41461	용인시 처인구 원삼면	2026	주거지역	도로접면	세각(가)	세각(불)	0.78
41461	용인시 처인구 원삼면	2026	주거지역	도로접면	세각(가)	맹지	0.75
41461	용인시 처인구 원삼면	2026	주거지역	도로접면	세로(불)	광대한면	1.56
41461	용인시 처인구 원삼면	2026	주거지역	도로접면	세로(불)	광대소각	1.69
41461	용인시 처인구 원삼면	2026	주거지역	도로접면	세로(불)	광대세각	1.64
41461	용인시 처인구 원삼면	2026	주거지역	도로접면	세로(불)	중로한면	1.48
41461	용인시 처인구 원삼면	2026	주거지역	도로접면	세로(불)	중로각지	1.55
41461	용인시 처인구 원삼면	2026	주거지역	도로접면	세로(불)	소로한면	1.36
41461	용인시 처인구 원삼면	2026	주거지역	도로접면	세로(불)	소로각지	1.47
41461	용인시 처인구 원삼면	2026	주거지역	도로접면	세로(불)	세로(가)	1.28
41461	용인시 처인구 원삼면	2026	주거지역	도로접면	세로(불)	세각(가)	1.3
41461	용인시 처인구 원삼면	2026	주거지역	도로접면	세로(불)	세로(불)	1
41461	용인시 처인구 원삼면	2026	주거지역	도로접면	세로(불)	세각(불)	1.02
41461	용인시 처인구 원삼면	2026	주거지역	도로접면	세로(불)	맹지	0.97
41461	용인시 처인구 원삼면	2026	주거지역	도로접면	세각(불)	광대한면	1.54
41461	용인시 처인구 원삼면	2026	주거지역	도로접면	세각(불)	광대소각	1.66
41461	용인시 처인구 원삼면	2026	주거지역	도로접면	세각(불)	광대세각	1.62
41461	용인시 처인구 원삼면	2026	주거지역	도로접면	세각(불)	중로한면	1.46
41461	용인시 처인구 원삼면	2026	주거지역	도로접면	세각(불)	중로각지	1.52
41461	용인시 처인구 원삼면	2026	주거지역	도로접면	세각(불)	소로한면	1.34
41461	용인시 처인구 원삼면	2026	주거지역	도로접면	세각(불)	소로각지	1.45
41461	용인시 처인구 원삼면	2026	주거지역	도로접면	세각(불)	세로(가)	1.26
41461	용인시 처인구 원삼면	2026	주거지역	도로접면	세각(불)	세각(가)	1.28
41461	용인시 처인구 원삼면	2026	주거지역	도로접면	세각(불)	세로(불)	0.98
41461	용인시 처인구 원삼면	2026	주거지역	도로접면	세각(불)	세각(불)	1
41461	용인시 처인구 원삼면	2026	주거지역	도로접면	세각(불)	맹지	0.95
41461	용인시 처인구 원삼면	2026	주거지역	도로접면	맹지	광대한면	1.61
41461	용인시 처인구 원삼면	2026	주거지역	도로접면	맹지	광대소각	1.74
41461	용인시 처인구 원삼면	2026	주거지역	도로접면	맹지	광대세각	1.69
41461	용인시 처인구 원삼면	2026	주거지역	도로접면	맹지	중로한면	1.53
41461	용인시 처인구 원삼면	2026	주거지역	도로접면	맹지	중로각지	1.6
41461	용인시 처인구 원삼면	2026	주거지역	도로접면	맹지	소로한면	1.4
41461	용인시 처인구 원삼면	2026	주거지역	도로접면	맹지	소로각지	1.52
41461	용인시 처인구 원삼면	2026	주거지역	도로접면	맹지	세로(가)	1.32
41461	용인시 처인구 원삼면	2026	주거지역	도로접면	맹지	세각(가)	1.34
41461	용인시 처인구 원삼면	2026	주거지역	도로접면	맹지	세로(불)	1.03
41461	용인시 처인구 원삼면	2026	주거지역	도로접면	맹지	세각(불)	1.05
41461	용인시 처인구 원삼면	2026	주거지역	도로접면	맹지	맹지	1
41461	용인시 처인구 원삼면	2026	주거지역	철도.고속도로 등	50m내	50m내	1
41461	용인시 처인구 원삼면	2026	주거지역	철도.고속도로 등	50m내	100m내	1.03
41461	용인시 처인구 원삼면	2026	주거지역	철도.고속도로 등	50m내	500m내	1.04
41461	용인시 처인구 원삼면	2026	주거지역	철도.고속도로 등	50m내	해당없음	1.05
41461	용인시 처인구 원삼면	2026	주거지역	철도.고속도로 등	100m내	50m내	0.97
41461	용인시 처인구 원삼면	2026	주거지역	철도.고속도로 등	100m내	100m내	1
41461	용인시 처인구 원삼면	2026	주거지역	철도.고속도로 등	100m내	500m내	1.01
41461	용인시 처인구 원삼면	2026	주거지역	철도.고속도로 등	100m내	해당없음	1.02
41461	용인시 처인구 원삼면	2026	주거지역	철도.고속도로 등	500m내	50m내	0.96
41461	용인시 처인구 원삼면	2026	주거지역	철도.고속도로 등	500m내	100m내	0.99
41461	용인시 처인구 원삼면	2026	주거지역	철도.고속도로 등	500m내	500m내	1
41461	용인시 처인구 원삼면	2026	주거지역	철도.고속도로 등	500m내	해당없음	1.01
41461	용인시 처인구 원삼면	2026	주거지역	철도.고속도로 등	해당없음	50m내	0.95
41461	용인시 처인구 원삼면	2026	주거지역	철도.고속도로 등	해당없음	100m내	0.98
41461	용인시 처인구 원삼면	2026	주거지역	철도.고속도로 등	해당없음	500m내	0.99
41461	용인시 처인구 원삼면	2026	주거지역	철도.고속도로 등	해당없음	해당없음	1
41461	용인시 처인구 원삼면	2026	주거지역	폐기물.수질오염	50m내	50m내	1
41461	용인시 처인구 원삼면	2026	주거지역	폐기물.수질오염	50m내	100m내	1.05
41461	용인시 처인구 원삼면	2026	주거지역	폐기물.수질오염	50m내	500m내	1.07
41461	용인시 처인구 원삼면	2026	주거지역	폐기물.수질오염	50m내	해당없음	1.08
41461	용인시 처인구 원삼면	2026	주거지역	폐기물.수질오염	100m내	50m내	0.95
41461	용인시 처인구 원삼면	2026	주거지역	폐기물.수질오염	100m내	100m내	1
41461	용인시 처인구 원삼면	2026	주거지역	폐기물.수질오염	100m내	500m내	1.02
41461	용인시 처인구 원삼면	2026	주거지역	폐기물.수질오염	100m내	해당없음	1.03
41461	용인시 처인구 원삼면	2026	주거지역	폐기물.수질오염	500m내	50m내	0.93
41461	용인시 처인구 원삼면	2026	주거지역	폐기물.수질오염	500m내	100m내	0.98
41461	용인시 처인구 원삼면	2026	주거지역	폐기물.수질오염	500m내	500m내	1
41461	용인시 처인구 원삼면	2026	주거지역	폐기물.수질오염	500m내	해당없음	1.01
41461	용인시 처인구 원삼면	2026	주거지역	폐기물.수질오염	해당없음	50m내	0.93
41461	용인시 처인구 원삼면	2026	주거지역	폐기물.수질오염	해당없음	100m내	0.97
41461	용인시 처인구 원삼면	2026	주거지역	폐기물.수질오염	해당없음	500m내	0.99
41461	용인시 처인구 원삼면	2026	주거지역	폐기물.수질오염	해당없음	해당없음	1
41461	용인시 처인구 원삼면	2026	주거지역	변전소	50m내	50m내	1
41461	용인시 처인구 원삼면	2026	주거지역	변전소	50m내	100m내	1.02
41461	용인시 처인구 원삼면	2026	주거지역	변전소	50m내	600m내	1.04
41461	용인시 처인구 원삼면	2026	주거지역	변전소	50m내	해당없음	1.05
41461	용인시 처인구 원삼면	2026	주거지역	변전소	100m내	50m내	0.98
41461	용인시 처인구 원삼면	2026	주거지역	변전소	100m내	100m내	1
41461	용인시 처인구 원삼면	2026	주거지역	변전소	100m내	600m내	1.02
41461	용인시 처인구 원삼면	2026	주거지역	변전소	100m내	해당없음	1.03
41461	용인시 처인구 원삼면	2026	주거지역	변전소	600m내	50m내	0.96
41461	용인시 처인구 원삼면	2026	주거지역	변전소	600m내	100m내	0.98
41461	용인시 처인구 원삼면	2026	주거지역	변전소	600m내	600m내	1
41461	용인시 처인구 원삼면	2026	주거지역	변전소	600m내	해당없음	1.01
41461	용인시 처인구 원삼면	2026	주거지역	변전소	해당없음	50m내	0.95
41461	용인시 처인구 원삼면	2026	주거지역	변전소	해당없음	100m내	0.97
41461	용인시 처인구 원삼면	2026	주거지역	변전소	해당없음	600m내	0.99
41461	용인시 처인구 원삼면	2026	주거지역	변전소	해당없음	해당없음	1
41461	용인시 처인구 원삼면	2026	주거지역	형상(전,답)	정형	정형	1
41461	용인시 처인구 원삼면	2026	주거지역	형상(전,답)	정형	비정형	0.95
41461	용인시 처인구 원삼면	2026	주거지역	형상(전,답)	비정형	정형	1.05
41461	용인시 처인구 원삼면	2026	주거지역	형상(전,답)	비정형	비정형	1
41461	용인시 처인구 원삼면	2026	주거지역	경작여건	보통	보통	1
41461	용인시 처인구 원삼면	2026	주거지역	경작여건	보통	불리	0.7
41461	용인시 처인구 원삼면	2026	주거지역	경작여건	불리	보통	1.43
41461	용인시 처인구 원삼면	2026	주거지역	경작여건	불리	불리	1
41461	용인시 처인구 원삼면	2026	주거지역	묘지소재불리여건	일반	일반	1
41461	용인시 처인구 원삼면	2026	주거지역	묘지소재불리여건	일반	불리	1
41461	용인시 처인구 원삼면	2026	주거지역	묘지소재불리여건	불리	일반	1
41461	용인시 처인구 원삼면	2026	주거지역	묘지소재불리여건	불리	불리	1
41461	용인시 처인구 원삼면	2026	준주거지역	지목	전	전	1
41461	용인시 처인구 원삼면	2026	준주거지역	지목	전	답	1
41461	용인시 처인구 원삼면	2026	준주거지역	지목	전	과	1
41461	용인시 처인구 원삼면	2026	준주거지역	지목	전	목	0.96
41461	용인시 처인구 원삼면	2026	준주거지역	지목	전	임	0.94
41461	용인시 처인구 원삼면	2026	준주거지역	지목	전	대	1.17
41461	용인시 처인구 원삼면	2026	준주거지역	지목	전	장	1.17
41461	용인시 처인구 원삼면	2026	준주거지역	지목	전	차	1.17
41461	용인시 처인구 원삼면	2026	준주거지역	지목	전	주	1.17
41461	용인시 처인구 원삼면	2026	준주거지역	지목	전	창	1.1
41461	용인시 처인구 원삼면	2026	준주거지역	지목	전	잡	1.1
41461	용인시 처인구 원삼면	2026	준주거지역	지목	답	전	1
41461	용인시 처인구 원삼면	2026	준주거지역	지목	답	답	1
41461	용인시 처인구 원삼면	2026	준주거지역	지목	답	과	1
41461	용인시 처인구 원삼면	2026	준주거지역	지목	답	목	0.96
41461	용인시 처인구 원삼면	2026	준주거지역	지목	답	임	0.94
41461	용인시 처인구 원삼면	2026	준주거지역	지목	답	대	1.17
41461	용인시 처인구 원삼면	2026	준주거지역	지목	답	장	1.17
41461	용인시 처인구 원삼면	2026	준주거지역	지목	답	차	1.17
41461	용인시 처인구 원삼면	2026	준주거지역	지목	답	주	1.17
41461	용인시 처인구 원삼면	2026	준주거지역	지목	답	창	1.1
41461	용인시 처인구 원삼면	2026	준주거지역	지목	답	잡	1.1
41461	용인시 처인구 원삼면	2026	준주거지역	지목	과	전	1
41461	용인시 처인구 원삼면	2026	준주거지역	지목	과	답	1
41461	용인시 처인구 원삼면	2026	준주거지역	지목	과	과	1
41461	용인시 처인구 원삼면	2026	준주거지역	지목	과	목	0.96
41461	용인시 처인구 원삼면	2026	준주거지역	지목	과	임	0.94
41461	용인시 처인구 원삼면	2026	준주거지역	지목	과	대	1.17
41461	용인시 처인구 원삼면	2026	준주거지역	지목	과	장	1.17
41461	용인시 처인구 원삼면	2026	준주거지역	지목	과	차	1.17
41461	용인시 처인구 원삼면	2026	준주거지역	지목	과	주	1.17
41461	용인시 처인구 원삼면	2026	준주거지역	지목	과	창	1.1
41461	용인시 처인구 원삼면	2026	준주거지역	지목	과	잡	1.1
41461	용인시 처인구 원삼면	2026	준주거지역	지목	목	전	1.04
41461	용인시 처인구 원삼면	2026	준주거지역	지목	목	답	1.04
41461	용인시 처인구 원삼면	2026	준주거지역	지목	목	과	1.04
41461	용인시 처인구 원삼면	2026	준주거지역	지목	목	목	1
41461	용인시 처인구 원삼면	2026	준주거지역	지목	목	임	0.98
41461	용인시 처인구 원삼면	2026	준주거지역	지목	목	대	1.22
41461	용인시 처인구 원삼면	2026	준주거지역	지목	목	장	1.22
41461	용인시 처인구 원삼면	2026	준주거지역	지목	목	차	1.22
41461	용인시 처인구 원삼면	2026	준주거지역	지목	목	주	1.22
41461	용인시 처인구 원삼면	2026	준주거지역	지목	목	창	1.15
41461	용인시 처인구 원삼면	2026	준주거지역	지목	목	잡	1.15
41461	용인시 처인구 원삼면	2026	준주거지역	지목	임	전	1.06
41461	용인시 처인구 원삼면	2026	준주거지역	지목	임	답	1.06
41461	용인시 처인구 원삼면	2026	준주거지역	지목	임	과	1.06
41461	용인시 처인구 원삼면	2026	준주거지역	지목	임	목	1.02
41461	용인시 처인구 원삼면	2026	준주거지역	지목	임	임	1
41461	용인시 처인구 원삼면	2026	준주거지역	지목	임	대	1.24
41461	용인시 처인구 원삼면	2026	준주거지역	지목	임	장	1.24
41461	용인시 처인구 원삼면	2026	준주거지역	지목	임	차	1.24
41461	용인시 처인구 원삼면	2026	준주거지역	지목	임	주	1.24
41461	용인시 처인구 원삼면	2026	준주거지역	지목	임	창	1.17
41461	용인시 처인구 원삼면	2026	준주거지역	지목	임	잡	1.17
41461	용인시 처인구 원삼면	2026	준주거지역	지목	대	전	0.85
41461	용인시 처인구 원삼면	2026	준주거지역	지목	대	답	0.85
41461	용인시 처인구 원삼면	2026	준주거지역	지목	대	과	0.85
41461	용인시 처인구 원삼면	2026	준주거지역	지목	대	목	0.82
41461	용인시 처인구 원삼면	2026	준주거지역	지목	대	임	0.8
41461	용인시 처인구 원삼면	2026	준주거지역	지목	대	대	1
41461	용인시 처인구 원삼면	2026	준주거지역	지목	대	장	1
41461	용인시 처인구 원삼면	2026	준주거지역	지목	대	차	1
41461	용인시 처인구 원삼면	2026	준주거지역	지목	대	주	1
41461	용인시 처인구 원삼면	2026	준주거지역	지목	대	창	0.94
41461	용인시 처인구 원삼면	2026	준주거지역	지목	대	잡	0.94
41461	용인시 처인구 원삼면	2026	준주거지역	지목	장	전	0.85
41461	용인시 처인구 원삼면	2026	준주거지역	지목	장	답	0.85
41461	용인시 처인구 원삼면	2026	준주거지역	지목	장	과	0.85
41461	용인시 처인구 원삼면	2026	준주거지역	지목	장	목	0.82
41461	용인시 처인구 원삼면	2026	준주거지역	지목	장	임	0.8
41461	용인시 처인구 원삼면	2026	준주거지역	지목	장	대	1
41461	용인시 처인구 원삼면	2026	준주거지역	지목	장	장	1
41461	용인시 처인구 원삼면	2026	준주거지역	지목	장	차	1
41461	용인시 처인구 원삼면	2026	준주거지역	지목	장	주	1
41461	용인시 처인구 원삼면	2026	준주거지역	지목	장	창	0.94
41461	용인시 처인구 원삼면	2026	준주거지역	지목	장	잡	0.94
41461	용인시 처인구 원삼면	2026	준주거지역	지목	차	전	0.85
41461	용인시 처인구 원삼면	2026	준주거지역	지목	차	답	0.85
41461	용인시 처인구 원삼면	2026	준주거지역	지목	차	과	0.85
41461	용인시 처인구 원삼면	2026	준주거지역	지목	차	목	0.82
41461	용인시 처인구 원삼면	2026	준주거지역	지목	차	임	0.8
41461	용인시 처인구 원삼면	2026	준주거지역	지목	차	대	1
41461	용인시 처인구 원삼면	2026	준주거지역	지목	차	장	1
41461	용인시 처인구 원삼면	2026	준주거지역	지목	차	차	1
41461	용인시 처인구 원삼면	2026	준주거지역	지목	차	주	1
41461	용인시 처인구 원삼면	2026	준주거지역	지목	차	창	0.94
41461	용인시 처인구 원삼면	2026	준주거지역	지목	차	잡	0.94
41461	용인시 처인구 원삼면	2026	준주거지역	지목	주	전	0.85
41461	용인시 처인구 원삼면	2026	준주거지역	지목	주	답	0.85
41461	용인시 처인구 원삼면	2026	준주거지역	지목	주	과	0.85
41461	용인시 처인구 원삼면	2026	준주거지역	지목	주	목	0.82
41461	용인시 처인구 원삼면	2026	준주거지역	지목	주	임	0.8
41461	용인시 처인구 원삼면	2026	준주거지역	지목	주	대	1
41461	용인시 처인구 원삼면	2026	준주거지역	지목	주	장	1
41461	용인시 처인구 원삼면	2026	준주거지역	지목	주	차	1
41461	용인시 처인구 원삼면	2026	준주거지역	지목	주	주	1
41461	용인시 처인구 원삼면	2026	준주거지역	지목	주	창	0.94
41461	용인시 처인구 원삼면	2026	준주거지역	지목	주	잡	0.94
41461	용인시 처인구 원삼면	2026	준주거지역	지목	창	전	0.91
41461	용인시 처인구 원삼면	2026	준주거지역	지목	창	답	0.91
41461	용인시 처인구 원삼면	2026	준주거지역	지목	창	과	0.91
41461	용인시 처인구 원삼면	2026	준주거지역	지목	창	목	0.87
41461	용인시 처인구 원삼면	2026	준주거지역	지목	창	임	0.85
41461	용인시 처인구 원삼면	2026	준주거지역	지목	창	대	1.06
41461	용인시 처인구 원삼면	2026	준주거지역	지목	창	장	1.06
41461	용인시 처인구 원삼면	2026	준주거지역	지목	창	차	1.06
41461	용인시 처인구 원삼면	2026	준주거지역	지목	창	주	1.06
41461	용인시 처인구 원삼면	2026	준주거지역	지목	창	창	1
41461	용인시 처인구 원삼면	2026	준주거지역	지목	창	잡	1
41461	용인시 처인구 원삼면	2026	준주거지역	지목	잡	전	0.91
41461	용인시 처인구 원삼면	2026	준주거지역	지목	잡	답	0.91
41461	용인시 처인구 원삼면	2026	준주거지역	지목	잡	과	0.91
41461	용인시 처인구 원삼면	2026	준주거지역	지목	잡	목	0.87
41461	용인시 처인구 원삼면	2026	준주거지역	지목	잡	임	0.85
41461	용인시 처인구 원삼면	2026	준주거지역	지목	잡	대	1.06
41461	용인시 처인구 원삼면	2026	준주거지역	지목	잡	장	1.06
41461	용인시 처인구 원삼면	2026	준주거지역	지목	잡	차	1.06
41461	용인시 처인구 원삼면	2026	준주거지역	지목	잡	주	1.06
41461	용인시 처인구 원삼면	2026	준주거지역	지목	잡	창	1
41461	용인시 처인구 원삼면	2026	준주거지역	지목	잡	잡	1
41461	용인시 처인구 원삼면	2026	준주거지역	토지면적	3300	3300	1
41461	용인시 처인구 원삼면	2026	준주거지역	토지면적	3300	16500	0.98
41461	용인시 처인구 원삼면	2026	준주거지역	토지면적	3300	33000	0.97
41461	용인시 처인구 원삼면	2026	준주거지역	토지면적	3300	66000	0.96
41461	용인시 처인구 원삼면	2026	준주거지역	토지면적	3300	그이상	0.95
41461	용인시 처인구 원삼면	2026	준주거지역	토지면적	16500	3300	1.02
41461	용인시 처인구 원삼면	2026	준주거지역	토지면적	16500	16500	1
41461	용인시 처인구 원삼면	2026	준주거지역	토지면적	16500	33000	0.99
41461	용인시 처인구 원삼면	2026	준주거지역	토지면적	16500	66000	0.98
41461	용인시 처인구 원삼면	2026	준주거지역	토지면적	16500	그이상	0.97
41461	용인시 처인구 원삼면	2026	준주거지역	토지면적	33000	3300	1.03
41461	용인시 처인구 원삼면	2026	준주거지역	토지면적	33000	16500	1.01
41461	용인시 처인구 원삼면	2026	준주거지역	토지면적	33000	33000	1
41461	용인시 처인구 원삼면	2026	준주거지역	토지면적	33000	66000	0.99
41461	용인시 처인구 원삼면	2026	준주거지역	토지면적	33000	그이상	0.98
41461	용인시 처인구 원삼면	2026	준주거지역	토지면적	66000	3300	1.04
41461	용인시 처인구 원삼면	2026	준주거지역	토지면적	66000	16500	1.02
41461	용인시 처인구 원삼면	2026	준주거지역	토지면적	66000	33000	1.01
41461	용인시 처인구 원삼면	2026	준주거지역	토지면적	66000	66000	1
41461	용인시 처인구 원삼면	2026	준주거지역	토지면적	66000	그이상	0.99
41461	용인시 처인구 원삼면	2026	준주거지역	토지면적	그이상	3300	1.05
41461	용인시 처인구 원삼면	2026	준주거지역	토지면적	그이상	16500	1.03
41461	용인시 처인구 원삼면	2026	준주거지역	토지면적	그이상	33000	1.02
41461	용인시 처인구 원삼면	2026	준주거지역	토지면적	그이상	66000	1.01
41461	용인시 처인구 원삼면	2026	준주거지역	토지면적	그이상	그이상	1
41461	용인시 처인구 원삼면	2026	준주거지역	용도지구	일반	일반	1
41461	용인시 처인구 원삼면	2026	준주거지역	용도지구	일반	역사보호	0.92
41461	용인시 처인구 원삼면	2026	준주거지역	용도지구	일반	경관	0.92
41461	용인시 처인구 원삼면	2026	준주거지역	용도지구	일반	공항보호	0.86
41461	용인시 처인구 원삼면	2026	준주거지역	용도지구	일반	고도	0.97
41461	용인시 처인구 원삼면	2026	준주거지역	용도지구	역사보호	일반	1.09
41461	용인시 처인구 원삼면	2026	준주거지역	용도지구	역사보호	역사보호	1
41461	용인시 처인구 원삼면	2026	준주거지역	용도지구	역사보호	경관	1
41461	용인시 처인구 원삼면	2026	준주거지역	용도지구	역사보호	공항보호	0.93
41461	용인시 처인구 원삼면	2026	준주거지역	용도지구	역사보호	고도	1.05
41461	용인시 처인구 원삼면	2026	준주거지역	용도지구	경관	일반	1.09
41461	용인시 처인구 원삼면	2026	준주거지역	용도지구	경관	역사보호	1
41461	용인시 처인구 원삼면	2026	준주거지역	용도지구	경관	경관	1
41461	용인시 처인구 원삼면	2026	준주거지역	용도지구	경관	공항보호	0.93
41461	용인시 처인구 원삼면	2026	준주거지역	용도지구	경관	고도	1.05
41461	용인시 처인구 원삼면	2026	준주거지역	용도지구	공항보호	일반	1.16
41461	용인시 처인구 원삼면	2026	준주거지역	용도지구	공항보호	역사보호	1.07
41461	용인시 처인구 원삼면	2026	준주거지역	용도지구	공항보호	경관	1.07
41461	용인시 처인구 원삼면	2026	준주거지역	용도지구	공항보호	공항보호	1
41461	용인시 처인구 원삼면	2026	준주거지역	용도지구	공항보호	고도	1.13
41461	용인시 처인구 원삼면	2026	준주거지역	용도지구	고도	일반	1.03
41461	용인시 처인구 원삼면	2026	준주거지역	용도지구	고도	역사보호	0.95
41461	용인시 처인구 원삼면	2026	준주거지역	용도지구	고도	경관	0.95
41461	용인시 처인구 원삼면	2026	준주거지역	용도지구	고도	공항보호	0.89
41461	용인시 처인구 원삼면	2026	준주거지역	용도지구	고도	고도	1
41461	용인시 처인구 원삼면	2026	준주거지역	도시계획시설	일반	일반	1
41461	용인시 처인구 원삼면	2026	준주거지역	도시계획시설	일반	지상도로	0.85
41461	용인시 처인구 원삼면	2026	준주거지역	도시계획시설	일반	지하도로	0.95
41461	용인시 처인구 원삼면	2026	준주거지역	도시계획시설	일반	공원	0.6
41461	용인시 처인구 원삼면	2026	준주거지역	도시계획시설	일반	운동장	0.85
41461	용인시 처인구 원삼면	2026	준주거지역	도시계획시설	일반	혐오	0.85
41461	용인시 처인구 원삼면	2026	준주거지역	도시계획시설	일반	위험	0.85
41461	용인시 처인구 원삼면	2026	준주거지역	도시계획시설	일반	도축장	0.85
41461	용인시 처인구 원삼면	2026	준주거지역	도시계획시설	지상도로	일반	1.18
41461	용인시 처인구 원삼면	2026	준주거지역	도시계획시설	지상도로	지상도로	1
41461	용인시 처인구 원삼면	2026	준주거지역	도시계획시설	지상도로	지하도로	1.12
41461	용인시 처인구 원삼면	2026	준주거지역	도시계획시설	지상도로	공원	0.71
41461	용인시 처인구 원삼면	2026	준주거지역	도시계획시설	지상도로	운동장	1
41461	용인시 처인구 원삼면	2026	준주거지역	도시계획시설	지상도로	혐오	1
41461	용인시 처인구 원삼면	2026	준주거지역	도시계획시설	지상도로	위험	1
41461	용인시 처인구 원삼면	2026	준주거지역	도시계획시설	지상도로	도축장	1
41461	용인시 처인구 원삼면	2026	준주거지역	도시계획시설	지하도로	일반	1.05
41461	용인시 처인구 원삼면	2026	준주거지역	도시계획시설	지하도로	지상도로	0.89
41461	용인시 처인구 원삼면	2026	준주거지역	도시계획시설	지하도로	지하도로	1
41461	용인시 처인구 원삼면	2026	준주거지역	도시계획시설	지하도로	공원	0.63
41461	용인시 처인구 원삼면	2026	준주거지역	도시계획시설	지하도로	운동장	0.89
41461	용인시 처인구 원삼면	2026	준주거지역	도시계획시설	지하도로	혐오	0.89
41461	용인시 처인구 원삼면	2026	준주거지역	도시계획시설	지하도로	위험	0.89
41461	용인시 처인구 원삼면	2026	준주거지역	도시계획시설	지하도로	도축장	0.89
41461	용인시 처인구 원삼면	2026	준주거지역	도시계획시설	공원	일반	1.67
41461	용인시 처인구 원삼면	2026	준주거지역	도시계획시설	공원	지상도로	1.42
41461	용인시 처인구 원삼면	2026	준주거지역	도시계획시설	공원	지하도로	1.58
41461	용인시 처인구 원삼면	2026	준주거지역	도시계획시설	공원	공원	1
41461	용인시 처인구 원삼면	2026	준주거지역	도시계획시설	공원	운동장	1.42
41461	용인시 처인구 원삼면	2026	준주거지역	도시계획시설	공원	혐오	1.42
41461	용인시 처인구 원삼면	2026	준주거지역	도시계획시설	공원	위험	1.42
41461	용인시 처인구 원삼면	2026	준주거지역	도시계획시설	공원	도축장	1.42
41461	용인시 처인구 원삼면	2026	준주거지역	도시계획시설	운동장	일반	1.18
41461	용인시 처인구 원삼면	2026	준주거지역	도시계획시설	운동장	지상도로	1
41461	용인시 처인구 원삼면	2026	준주거지역	도시계획시설	운동장	지하도로	1.12
41461	용인시 처인구 원삼면	2026	준주거지역	도시계획시설	운동장	공원	0.71
41461	용인시 처인구 원삼면	2026	준주거지역	도시계획시설	운동장	운동장	1
41461	용인시 처인구 원삼면	2026	준주거지역	도시계획시설	운동장	혐오	1
41461	용인시 처인구 원삼면	2026	준주거지역	도시계획시설	운동장	위험	1
41461	용인시 처인구 원삼면	2026	준주거지역	도시계획시설	운동장	도축장	1
41461	용인시 처인구 원삼면	2026	준주거지역	도시계획시설	혐오	일반	1.18
41461	용인시 처인구 원삼면	2026	준주거지역	도시계획시설	혐오	지상도로	1
41461	용인시 처인구 원삼면	2026	준주거지역	도시계획시설	혐오	지하도로	1.12
41461	용인시 처인구 원삼면	2026	준주거지역	도시계획시설	혐오	공원	0.71
41461	용인시 처인구 원삼면	2026	준주거지역	도시계획시설	혐오	운동장	1
41461	용인시 처인구 원삼면	2026	준주거지역	도시계획시설	혐오	혐오	1
41461	용인시 처인구 원삼면	2026	준주거지역	도시계획시설	혐오	위험	1
41461	용인시 처인구 원삼면	2026	준주거지역	도시계획시설	혐오	도축장	1
41461	용인시 처인구 원삼면	2026	준주거지역	도시계획시설	위험	일반	1.18
41461	용인시 처인구 원삼면	2026	준주거지역	도시계획시설	위험	지상도로	1
41461	용인시 처인구 원삼면	2026	준주거지역	도시계획시설	위험	지하도로	1.12
41461	용인시 처인구 원삼면	2026	준주거지역	도시계획시설	위험	공원	0.71
41461	용인시 처인구 원삼면	2026	준주거지역	도시계획시설	위험	운동장	1
41461	용인시 처인구 원삼면	2026	준주거지역	도시계획시설	위험	혐오	1
41461	용인시 처인구 원삼면	2026	준주거지역	도시계획시설	위험	위험	1
41461	용인시 처인구 원삼면	2026	준주거지역	도시계획시설	위험	도축장	1
41461	용인시 처인구 원삼면	2026	준주거지역	도시계획시설	도축장	일반	1.18
41461	용인시 처인구 원삼면	2026	준주거지역	도시계획시설	도축장	지상도로	1
41461	용인시 처인구 원삼면	2026	준주거지역	도시계획시설	도축장	지하도로	1.12
41461	용인시 처인구 원삼면	2026	준주거지역	도시계획시설	도축장	공원	0.71
41461	용인시 처인구 원삼면	2026	준주거지역	도시계획시설	도축장	운동장	1
41461	용인시 처인구 원삼면	2026	준주거지역	도시계획시설	도축장	혐오	1
41461	용인시 처인구 원삼면	2026	준주거지역	도시계획시설	도축장	위험	1
41461	용인시 처인구 원삼면	2026	준주거지역	도시계획시설	도축장	도축장	1
41461	용인시 처인구 원삼면	2026	준주거지역	기타제한	일반	일반	1
41461	용인시 처인구 원삼면	2026	준주거지역	기타제한	일반	보존	0.6
41461	용인시 처인구 원삼면	2026	준주거지역	기타제한	일반	환경	0.66
41461	용인시 처인구 원삼면	2026	준주거지역	기타제한	일반	마을	0.8
41461	용인시 처인구 원삼면	2026	준주거지역	기타제한	일반	상수	0.86
41461	용인시 처인구 원삼면	2026	준주거지역	기타제한	일반	특별	0.86
41461	용인시 처인구 원삼면	2026	준주거지역	기타제한	일반	국보	0.9
41461	용인시 처인구 원삼면	2026	준주거지역	기타제한	일반	군사	0.88
41461	용인시 처인구 원삼면	2026	준주거지역	기타제한	일반	도공	0.6
41461	용인시 처인구 원삼면	2026	준주거지역	기타제한	일반	일시	0.6
41461	용인시 처인구 원삼면	2026	준주거지역	기타제한	보존	일반	1.67
41461	용인시 처인구 원삼면	2026	준주거지역	기타제한	보존	보존	1
41461	용인시 처인구 원삼면	2026	준주거지역	기타제한	보존	환경	1.1
41461	용인시 처인구 원삼면	2026	준주거지역	기타제한	보존	마을	1.33
41461	용인시 처인구 원삼면	2026	준주거지역	기타제한	보존	상수	1.43
41461	용인시 처인구 원삼면	2026	준주거지역	기타제한	보존	특별	1.43
41461	용인시 처인구 원삼면	2026	준주거지역	기타제한	보존	국보	1.5
41461	용인시 처인구 원삼면	2026	준주거지역	기타제한	보존	군사	1.47
41461	용인시 처인구 원삼면	2026	준주거지역	기타제한	보존	도공	1
41461	용인시 처인구 원삼면	2026	준주거지역	기타제한	보존	일시	1
41461	용인시 처인구 원삼면	2026	준주거지역	기타제한	환경	일반	1.52
41461	용인시 처인구 원삼면	2026	준주거지역	기타제한	환경	보존	0.91
41461	용인시 처인구 원삼면	2026	준주거지역	기타제한	환경	환경	1
41461	용인시 처인구 원삼면	2026	준주거지역	기타제한	환경	마을	1.21
41461	용인시 처인구 원삼면	2026	준주거지역	기타제한	환경	상수	1.3
41461	용인시 처인구 원삼면	2026	준주거지역	기타제한	환경	특별	1.3
41461	용인시 처인구 원삼면	2026	준주거지역	기타제한	환경	국보	1.36
41461	용인시 처인구 원삼면	2026	준주거지역	기타제한	환경	군사	1.33
41461	용인시 처인구 원삼면	2026	준주거지역	기타제한	환경	도공	0.91
41461	용인시 처인구 원삼면	2026	준주거지역	기타제한	환경	일시	0.91
41461	용인시 처인구 원삼면	2026	준주거지역	기타제한	마을	일반	1.25
41461	용인시 처인구 원삼면	2026	준주거지역	기타제한	마을	보존	0.75
41461	용인시 처인구 원삼면	2026	준주거지역	기타제한	마을	환경	0.83
41461	용인시 처인구 원삼면	2026	준주거지역	기타제한	마을	마을	1
41461	용인시 처인구 원삼면	2026	준주거지역	기타제한	마을	상수	1.08
41461	용인시 처인구 원삼면	2026	준주거지역	기타제한	마을	특별	1.08
41461	용인시 처인구 원삼면	2026	준주거지역	기타제한	마을	국보	1.13
41461	용인시 처인구 원삼면	2026	준주거지역	기타제한	마을	군사	1.1
41461	용인시 처인구 원삼면	2026	준주거지역	기타제한	마을	도공	0.75
41461	용인시 처인구 원삼면	2026	준주거지역	기타제한	마을	일시	0.75
41461	용인시 처인구 원삼면	2026	준주거지역	기타제한	상수	일반	1.16
41461	용인시 처인구 원삼면	2026	준주거지역	기타제한	상수	보존	0.7
41461	용인시 처인구 원삼면	2026	준주거지역	기타제한	상수	환경	0.77
41461	용인시 처인구 원삼면	2026	준주거지역	기타제한	상수	마을	0.93
41461	용인시 처인구 원삼면	2026	준주거지역	기타제한	상수	상수	1
41461	용인시 처인구 원삼면	2026	준주거지역	기타제한	상수	특별	1
41461	용인시 처인구 원삼면	2026	준주거지역	기타제한	상수	국보	1.05
41461	용인시 처인구 원삼면	2026	준주거지역	기타제한	상수	군사	1.02
41461	용인시 처인구 원삼면	2026	준주거지역	기타제한	상수	도공	0.7
41461	용인시 처인구 원삼면	2026	준주거지역	기타제한	상수	일시	0.7
41461	용인시 처인구 원삼면	2026	준주거지역	기타제한	특별	일반	1.16
41461	용인시 처인구 원삼면	2026	준주거지역	기타제한	특별	보존	0.7
41461	용인시 처인구 원삼면	2026	준주거지역	기타제한	특별	환경	0.77
41461	용인시 처인구 원삼면	2026	준주거지역	기타제한	특별	마을	0.93
41461	용인시 처인구 원삼면	2026	준주거지역	기타제한	특별	상수	1
41461	용인시 처인구 원삼면	2026	준주거지역	기타제한	특별	특별	1
41461	용인시 처인구 원삼면	2026	준주거지역	기타제한	특별	국보	1.05
41461	용인시 처인구 원삼면	2026	준주거지역	기타제한	특별	군사	1.02
41461	용인시 처인구 원삼면	2026	준주거지역	기타제한	특별	도공	0.7
41461	용인시 처인구 원삼면	2026	준주거지역	기타제한	특별	일시	0.7
41461	용인시 처인구 원삼면	2026	준주거지역	기타제한	국보	일반	1.11
41461	용인시 처인구 원삼면	2026	준주거지역	기타제한	국보	보존	0.67
41461	용인시 처인구 원삼면	2026	준주거지역	기타제한	국보	환경	0.73
41461	용인시 처인구 원삼면	2026	준주거지역	기타제한	국보	마을	0.89
41461	용인시 처인구 원삼면	2026	준주거지역	기타제한	국보	상수	0.96
41461	용인시 처인구 원삼면	2026	준주거지역	기타제한	국보	특별	0.96
41461	용인시 처인구 원삼면	2026	준주거지역	기타제한	국보	국보	1
41461	용인시 처인구 원삼면	2026	준주거지역	기타제한	국보	군사	0.98
41461	용인시 처인구 원삼면	2026	준주거지역	기타제한	국보	도공	0.67
41461	용인시 처인구 원삼면	2026	준주거지역	기타제한	국보	일시	0.67
41461	용인시 처인구 원삼면	2026	준주거지역	기타제한	군사	일반	1.14
41461	용인시 처인구 원삼면	2026	준주거지역	기타제한	군사	보존	0.68
41461	용인시 처인구 원삼면	2026	준주거지역	기타제한	군사	환경	0.75
41461	용인시 처인구 원삼면	2026	준주거지역	기타제한	군사	마을	0.91
41461	용인시 처인구 원삼면	2026	준주거지역	기타제한	군사	상수	0.98
41461	용인시 처인구 원삼면	2026	준주거지역	기타제한	군사	특별	0.98
41461	용인시 처인구 원삼면	2026	준주거지역	기타제한	군사	국보	1.02
41461	용인시 처인구 원삼면	2026	준주거지역	기타제한	군사	군사	1
41461	용인시 처인구 원삼면	2026	준주거지역	기타제한	군사	도공	0.68
41461	용인시 처인구 원삼면	2026	준주거지역	기타제한	군사	일시	0.68
41461	용인시 처인구 원삼면	2026	준주거지역	기타제한	도공	일반	1.67
41461	용인시 처인구 원삼면	2026	준주거지역	기타제한	도공	보존	1
41461	용인시 처인구 원삼면	2026	준주거지역	기타제한	도공	환경	1.1
41461	용인시 처인구 원삼면	2026	준주거지역	기타제한	도공	마을	1.33
41461	용인시 처인구 원삼면	2026	준주거지역	기타제한	도공	상수	1.43
41461	용인시 처인구 원삼면	2026	준주거지역	기타제한	도공	특별	1.43
41461	용인시 처인구 원삼면	2026	준주거지역	기타제한	도공	국보	1.5
41461	용인시 처인구 원삼면	2026	준주거지역	기타제한	도공	군사	1.47
41461	용인시 처인구 원삼면	2026	준주거지역	기타제한	도공	도공	1
41461	용인시 처인구 원삼면	2026	준주거지역	기타제한	도공	일시	1
41461	용인시 처인구 원삼면	2026	준주거지역	기타제한	일시	일반	1.67
41461	용인시 처인구 원삼면	2026	준주거지역	기타제한	일시	보존	1
41461	용인시 처인구 원삼면	2026	준주거지역	기타제한	일시	환경	1.1
41461	용인시 처인구 원삼면	2026	준주거지역	기타제한	일시	마을	1.33
41461	용인시 처인구 원삼면	2026	준주거지역	기타제한	일시	상수	1.43
41461	용인시 처인구 원삼면	2026	준주거지역	기타제한	일시	특별	1.43
41461	용인시 처인구 원삼면	2026	준주거지역	기타제한	일시	국보	1.5
41461	용인시 처인구 원삼면	2026	준주거지역	기타제한	일시	군사	1.47
41461	용인시 처인구 원삼면	2026	준주거지역	기타제한	일시	도공	1
41461	용인시 처인구 원삼면	2026	준주거지역	기타제한	일시	일시	1
41461	용인시 처인구 원삼면	2026	준주거지역	농지구분	진흥	진흥	1
41461	용인시 처인구 원삼면	2026	준주거지역	농지구분	진흥	보호	1.02
41461	용인시 처인구 원삼면	2026	준주거지역	농지구분	진흥	해당없음	1.05
41461	용인시 처인구 원삼면	2026	준주거지역	농지구분	보호	진흥	0.98
41461	용인시 처인구 원삼면	2026	준주거지역	농지구분	보호	보호	1
41461	용인시 처인구 원삼면	2026	준주거지역	농지구분	보호	해당없음	1.03
41461	용인시 처인구 원삼면	2026	준주거지역	농지구분	해당없음	진흥	0.95
41461	용인시 처인구 원삼면	2026	준주거지역	농지구분	해당없음	보호	0.97
41461	용인시 처인구 원삼면	2026	준주거지역	농지구분	해당없음	해당없음	1
41461	용인시 처인구 원삼면	2026	준주거지역	비옥도	비옥	비옥	1
41461	용인시 처인구 원삼면	2026	준주거지역	비옥도	비옥	저습·사질척박	0.94
41461	용인시 처인구 원삼면	2026	준주거지역	비옥도	저습·사질척박	비옥	1.06
41461	용인시 처인구 원삼면	2026	준주거지역	비옥도	저습·사질척박	저습·사질척박	1
41461	용인시 처인구 원삼면	2026	준주거지역	경지정리	정리	정리	1
41461	용인시 처인구 원삼면	2026	준주거지역	경지정리	정리	미정리	0.99
41461	용인시 처인구 원삼면	2026	준주거지역	경지정리	미정리	정리	1.01
41461	용인시 처인구 원삼면	2026	준주거지역	경지정리	미정리	미정리	1
41461	용인시 처인구 원삼면	2026	준주거지역	임야	보전산	보전산	1
41461	용인시 처인구 원삼면	2026	준주거지역	임야	보전산	준보전산	1.2
41461	용인시 처인구 원삼면	2026	준주거지역	임야	준보전산	보전산	0.83
41461	용인시 처인구 원삼면	2026	준주거지역	임야	준보전산	준보전산	1
41461	용인시 처인구 원삼면	2026	준주거지역	토지이용상황	주거용	주거용	1
41461	용인시 처인구 원삼면	2026	준주거지역	토지이용상황	주거용	상업업무	1.33
41461	용인시 처인구 원삼면	2026	준주거지역	토지이용상황	주거용	주상복합	1.25
41461	용인시 처인구 원삼면	2026	준주거지역	토지이용상황	주거용	공업용	0.98
41461	용인시 처인구 원삼면	2026	준주거지역	토지이용상황	주거용	태양광	0.86
41461	용인시 처인구 원삼면	2026	준주거지역	토지이용상황	주거용	전	0.69
41461	용인시 처인구 원삼면	2026	준주거지역	토지이용상황	주거용	전창고	0.8
41461	용인시 처인구 원삼면	2026	준주거지역	토지이용상황	주거용	전축사	0.8
41461	용인시 처인구 원삼면	2026	준주거지역	토지이용상황	주거용	답	0.65
41461	용인시 처인구 원삼면	2026	준주거지역	토지이용상황	주거용	답창고	0.74
41461	용인시 처인구 원삼면	2026	준주거지역	토지이용상황	주거용	답축사	0.74
41461	용인시 처인구 원삼면	2026	준주거지역	토지이용상황	주거용	임야	0.54
41461	용인시 처인구 원삼면	2026	준주거지역	토지이용상황	상업업무	주거용	0.75
41461	용인시 처인구 원삼면	2026	준주거지역	토지이용상황	상업업무	상업업무	1
41461	용인시 처인구 원삼면	2026	준주거지역	토지이용상황	상업업무	주상복합	0.94
41461	용인시 처인구 원삼면	2026	준주거지역	토지이용상황	상업업무	공업용	0.74
41461	용인시 처인구 원삼면	2026	준주거지역	토지이용상황	상업업무	태양광	0.65
41461	용인시 처인구 원삼면	2026	준주거지역	토지이용상황	상업업무	전	0.52
41461	용인시 처인구 원삼면	2026	준주거지역	토지이용상황	상업업무	전창고	0.6
41461	용인시 처인구 원삼면	2026	준주거지역	토지이용상황	상업업무	전축사	0.6
41461	용인시 처인구 원삼면	2026	준주거지역	토지이용상황	상업업무	답	0.49
41461	용인시 처인구 원삼면	2026	준주거지역	토지이용상황	상업업무	답창고	0.56
41461	용인시 처인구 원삼면	2026	준주거지역	토지이용상황	상업업무	답축사	0.56
41461	용인시 처인구 원삼면	2026	준주거지역	토지이용상황	상업업무	임야	0.41
41461	용인시 처인구 원삼면	2026	준주거지역	토지이용상황	주상복합	주거용	0.8
41461	용인시 처인구 원삼면	2026	준주거지역	토지이용상황	주상복합	상업업무	1.06
41461	용인시 처인구 원삼면	2026	준주거지역	토지이용상황	주상복합	주상복합	1
41461	용인시 처인구 원삼면	2026	준주거지역	토지이용상황	주상복합	공업용	0.78
41461	용인시 처인구 원삼면	2026	준주거지역	토지이용상황	주상복합	태양광	0.69
41461	용인시 처인구 원삼면	2026	준주거지역	토지이용상황	주상복합	전	0.55
41461	용인시 처인구 원삼면	2026	준주거지역	토지이용상황	주상복합	전창고	0.64
41461	용인시 처인구 원삼면	2026	준주거지역	토지이용상황	주상복합	전축사	0.64
41461	용인시 처인구 원삼면	2026	준주거지역	토지이용상황	주상복합	답	0.52
41461	용인시 처인구 원삼면	2026	준주거지역	토지이용상황	주상복합	답창고	0.59
41461	용인시 처인구 원삼면	2026	준주거지역	토지이용상황	주상복합	답축사	0.59
41461	용인시 처인구 원삼면	2026	준주거지역	토지이용상황	주상복합	임야	0.43
41461	용인시 처인구 원삼면	2026	준주거지역	토지이용상황	공업용	주거용	1.02
41461	용인시 처인구 원삼면	2026	준주거지역	토지이용상황	공업용	상업업무	1.36
41461	용인시 처인구 원삼면	2026	준주거지역	토지이용상황	공업용	주상복합	1.28
41461	용인시 처인구 원삼면	2026	준주거지역	토지이용상황	공업용	공업용	1
41461	용인시 처인구 원삼면	2026	준주거지역	토지이용상황	공업용	태양광	0.88
41461	용인시 처인구 원삼면	2026	준주거지역	토지이용상황	공업용	전	0.7
41461	용인시 처인구 원삼면	2026	준주거지역	토지이용상황	공업용	전창고	0.82
41461	용인시 처인구 원삼면	2026	준주거지역	토지이용상황	공업용	전축사	0.82
41461	용인시 처인구 원삼면	2026	준주거지역	토지이용상황	공업용	답	0.66
41461	용인시 처인구 원삼면	2026	준주거지역	토지이용상황	공업용	답창고	0.76
41461	용인시 처인구 원삼면	2026	준주거지역	토지이용상황	공업용	답축사	0.76
41461	용인시 처인구 원삼면	2026	준주거지역	토지이용상황	공업용	임야	0.55
41461	용인시 처인구 원삼면	2026	준주거지역	토지이용상황	태양광	주거용	1.16
41461	용인시 처인구 원삼면	2026	준주거지역	토지이용상황	태양광	상업업무	1.55
41461	용인시 처인구 원삼면	2026	준주거지역	토지이용상황	태양광	주상복합	1.45
41461	용인시 처인구 원삼면	2026	준주거지역	토지이용상황	태양광	공업용	1.14
41461	용인시 처인구 원삼면	2026	준주거지역	토지이용상황	태양광	태양광	1
41461	용인시 처인구 원삼면	2026	준주거지역	토지이용상황	태양광	전	0.8
41461	용인시 처인구 원삼면	2026	준주거지역	토지이용상황	태양광	전창고	0.93
41461	용인시 처인구 원삼면	2026	준주거지역	토지이용상황	태양광	전축사	0.93
41461	용인시 처인구 원삼면	2026	준주거지역	토지이용상황	태양광	답	0.76
41461	용인시 처인구 원삼면	2026	준주거지역	토지이용상황	태양광	답창고	0.86
41461	용인시 처인구 원삼면	2026	준주거지역	토지이용상황	태양광	답축사	0.86
41461	용인시 처인구 원삼면	2026	준주거지역	토지이용상황	태양광	임야	0.63
41461	용인시 처인구 원삼면	2026	준주거지역	토지이용상황	전	주거용	1.45
41461	용인시 처인구 원삼면	2026	준주거지역	토지이용상황	전	상업업무	1.93
41461	용인시 처인구 원삼면	2026	준주거지역	토지이용상황	전	주상복합	1.81
41461	용인시 처인구 원삼면	2026	준주거지역	토지이용상황	전	공업용	1.42
41461	용인시 처인구 원삼면	2026	준주거지역	토지이용상황	전	태양광	1.25
41461	용인시 처인구 원삼면	2026	준주거지역	토지이용상황	전	전	1
41461	용인시 처인구 원삼면	2026	준주거지역	토지이용상황	전	전창고	1.16
41461	용인시 처인구 원삼면	2026	준주거지역	토지이용상황	전	전축사	1.16
41461	용인시 처인구 원삼면	2026	준주거지역	토지이용상황	전	답	0.94
41461	용인시 처인구 원삼면	2026	준주거지역	토지이용상황	전	답창고	1.07
41461	용인시 처인구 원삼면	2026	준주거지역	토지이용상황	전	답축사	1.07
41461	용인시 처인구 원삼면	2026	준주거지역	토지이용상황	전	임야	0.78
41461	용인시 처인구 원삼면	2026	준주거지역	토지이용상황	전창고	주거용	1.25
41461	용인시 처인구 원삼면	2026	준주거지역	토지이용상황	전창고	상업업무	1.66
41461	용인시 처인구 원삼면	2026	준주거지역	토지이용상황	전창고	주상복합	1.56
41461	용인시 처인구 원삼면	2026	준주거지역	토지이용상황	전창고	공업용	1.23
41461	용인시 처인구 원삼면	2026	준주거지역	토지이용상황	전창고	태양광	1.08
41461	용인시 처인구 원삼면	2026	준주거지역	토지이용상황	전창고	전	0.86
41461	용인시 처인구 원삼면	2026	준주거지역	토지이용상황	전창고	전창고	1
41461	용인시 처인구 원삼면	2026	준주거지역	토지이용상황	전창고	전축사	1
41461	용인시 처인구 원삼면	2026	준주거지역	토지이용상황	전창고	답	0.81
41461	용인시 처인구 원삼면	2026	준주거지역	토지이용상황	전창고	답창고	0.93
41461	용인시 처인구 원삼면	2026	준주거지역	토지이용상황	전창고	답축사	0.93
41461	용인시 처인구 원삼면	2026	준주거지역	토지이용상황	전창고	임야	0.68
41461	용인시 처인구 원삼면	2026	준주거지역	토지이용상황	전축사	주거용	1.25
41461	용인시 처인구 원삼면	2026	준주거지역	토지이용상황	전축사	상업업무	1.66
41461	용인시 처인구 원삼면	2026	준주거지역	토지이용상황	전축사	주상복합	1.56
41461	용인시 처인구 원삼면	2026	준주거지역	토지이용상황	전축사	공업용	1.23
41461	용인시 처인구 원삼면	2026	준주거지역	토지이용상황	전축사	태양광	1.08
41461	용인시 처인구 원삼면	2026	준주거지역	토지이용상황	전축사	전	0.86
41461	용인시 처인구 원삼면	2026	준주거지역	토지이용상황	전축사	전창고	1
41461	용인시 처인구 원삼면	2026	준주거지역	토지이용상황	전축사	전축사	1
41461	용인시 처인구 원삼면	2026	준주거지역	토지이용상황	전축사	답	0.81
41461	용인시 처인구 원삼면	2026	준주거지역	토지이용상황	전축사	답창고	0.93
41461	용인시 처인구 원삼면	2026	준주거지역	토지이용상황	전축사	답축사	0.93
41461	용인시 처인구 원삼면	2026	준주거지역	토지이용상황	전축사	임야	0.68
41461	용인시 처인구 원삼면	2026	준주거지역	토지이용상황	답	주거용	1.54
41461	용인시 처인구 원삼면	2026	준주거지역	토지이용상황	답	상업업무	2.05
41461	용인시 처인구 원삼면	2026	준주거지역	토지이용상황	답	주상복합	1.92
41461	용인시 처인구 원삼면	2026	준주거지역	토지이용상황	답	공업용	1.51
41461	용인시 처인구 원삼면	2026	준주거지역	토지이용상황	답	태양광	1.32
41461	용인시 처인구 원삼면	2026	준주거지역	토지이용상황	답	전	1.06
41461	용인시 처인구 원삼면	2026	준주거지역	토지이용상황	답	전창고	1.23
41461	용인시 처인구 원삼면	2026	준주거지역	토지이용상황	답	전축사	1.23
41461	용인시 처인구 원삼면	2026	준주거지역	토지이용상황	답	답	1
41461	용인시 처인구 원삼면	2026	준주거지역	토지이용상황	답	답창고	1.14
41461	용인시 처인구 원삼면	2026	준주거지역	토지이용상황	답	답축사	1.14
41461	용인시 처인구 원삼면	2026	준주거지역	토지이용상황	답	임야	0.83
41461	용인시 처인구 원삼면	2026	준주거지역	토지이용상황	답창고	주거용	1.35
41461	용인시 처인구 원삼면	2026	준주거지역	토지이용상황	답창고	상업업무	1.8
41461	용인시 처인구 원삼면	2026	준주거지역	토지이용상황	답창고	주상복합	1.69
41461	용인시 처인구 원삼면	2026	준주거지역	토지이용상황	답창고	공업용	1.32
41461	용인시 처인구 원삼면	2026	준주거지역	토지이용상황	답창고	태양광	1.16
41461	용인시 처인구 원삼면	2026	준주거지역	토지이용상황	답창고	전	0.93
41461	용인시 처인구 원삼면	2026	준주거지역	토지이용상황	답창고	전창고	1.08
41461	용인시 처인구 원삼면	2026	준주거지역	토지이용상황	답창고	전축사	1.08
41461	용인시 처인구 원삼면	2026	준주거지역	토지이용상황	답창고	답	0.88
41461	용인시 처인구 원삼면	2026	준주거지역	토지이용상황	답창고	답창고	1
41461	용인시 처인구 원삼면	2026	준주거지역	토지이용상황	답창고	답축사	1
41461	용인시 처인구 원삼면	2026	준주거지역	토지이용상황	답창고	임야	0.73
41461	용인시 처인구 원삼면	2026	준주거지역	토지이용상황	답축사	주거용	1.35
41461	용인시 처인구 원삼면	2026	준주거지역	토지이용상황	답축사	상업업무	1.8
41461	용인시 처인구 원삼면	2026	준주거지역	토지이용상황	답축사	주상복합	1.69
41461	용인시 처인구 원삼면	2026	준주거지역	토지이용상황	답축사	공업용	1.32
41461	용인시 처인구 원삼면	2026	준주거지역	토지이용상황	답축사	태양광	1.16
41461	용인시 처인구 원삼면	2026	준주거지역	토지이용상황	답축사	전	0.93
41461	용인시 처인구 원삼면	2026	준주거지역	토지이용상황	답축사	전창고	1.08
41461	용인시 처인구 원삼면	2026	준주거지역	토지이용상황	답축사	전축사	1.08
41461	용인시 처인구 원삼면	2026	준주거지역	토지이용상황	답축사	답	0.88
41461	용인시 처인구 원삼면	2026	준주거지역	토지이용상황	답축사	답창고	1
41461	용인시 처인구 원삼면	2026	준주거지역	토지이용상황	답축사	답축사	1
41461	용인시 처인구 원삼면	2026	준주거지역	토지이용상황	답축사	임야	0.73
41461	용인시 처인구 원삼면	2026	준주거지역	토지이용상황	임야	주거용	1.85
41461	용인시 처인구 원삼면	2026	준주거지역	토지이용상황	임야	상업업무	2.46
41461	용인시 처인구 원삼면	2026	준주거지역	토지이용상황	임야	주상복합	2.31
41461	용인시 처인구 원삼면	2026	준주거지역	토지이용상황	임야	공업용	1.81
41461	용인시 처인구 원삼면	2026	준주거지역	토지이용상황	임야	태양광	1.59
41461	용인시 처인구 원삼면	2026	준주거지역	토지이용상황	임야	전	1.28
41461	용인시 처인구 원삼면	2026	준주거지역	토지이용상황	임야	전창고	1.48
41461	용인시 처인구 원삼면	2026	준주거지역	토지이용상황	임야	전축사	1.48
41461	용인시 처인구 원삼면	2026	준주거지역	토지이용상황	임야	답	1.2
41461	용인시 처인구 원삼면	2026	준주거지역	토지이용상황	임야	답창고	1.37
41461	용인시 처인구 원삼면	2026	준주거지역	토지이용상황	임야	답축사	1.37
41461	용인시 처인구 원삼면	2026	준주거지역	토지이용상황	임야	임야	1
41461	용인시 처인구 원삼면	2026	준주거지역	공공용지	일반	일반	1
41461	용인시 처인구 원삼면	2026	준주거지역	공공용지	일반	도로	0.33
41461	용인시 처인구 원삼면	2026	준주거지역	공공용지	일반	공원	0.33
41461	용인시 처인구 원삼면	2026	준주거지역	공공용지	일반	운동장	0.7
41461	용인시 처인구 원삼면	2026	준주거지역	공공용지	일반	하천	0.33
41461	용인시 처인구 원삼면	2026	준주거지역	공공용지	일반	혐오	0.33
41461	용인시 처인구 원삼면	2026	준주거지역	공공용지	일반	위험	0.7
41461	용인시 처인구 원삼면	2026	준주거지역	공공용지	일반	도축장	0.7
41461	용인시 처인구 원삼면	2026	준주거지역	공공용지	도로	일반	3.03
41461	용인시 처인구 원삼면	2026	준주거지역	공공용지	도로	도로	1
41461	용인시 처인구 원삼면	2026	준주거지역	공공용지	도로	공원	1
41461	용인시 처인구 원삼면	2026	준주거지역	공공용지	도로	운동장	2.12
41461	용인시 처인구 원삼면	2026	준주거지역	공공용지	도로	하천	1
41461	용인시 처인구 원삼면	2026	준주거지역	공공용지	도로	혐오	1
41461	용인시 처인구 원삼면	2026	준주거지역	공공용지	도로	위험	2.12
41461	용인시 처인구 원삼면	2026	준주거지역	공공용지	도로	도축장	2.12
41461	용인시 처인구 원삼면	2026	준주거지역	공공용지	공원	일반	3.03
41461	용인시 처인구 원삼면	2026	준주거지역	공공용지	공원	도로	1
41461	용인시 처인구 원삼면	2026	준주거지역	공공용지	공원	공원	1
41461	용인시 처인구 원삼면	2026	준주거지역	공공용지	공원	운동장	2.12
41461	용인시 처인구 원삼면	2026	준주거지역	공공용지	공원	하천	1
41461	용인시 처인구 원삼면	2026	준주거지역	공공용지	공원	혐오	1
41461	용인시 처인구 원삼면	2026	준주거지역	공공용지	공원	위험	2.12
41461	용인시 처인구 원삼면	2026	준주거지역	공공용지	공원	도축장	2.12
41461	용인시 처인구 원삼면	2026	준주거지역	공공용지	운동장	일반	1.43
41461	용인시 처인구 원삼면	2026	준주거지역	공공용지	운동장	도로	0.47
41461	용인시 처인구 원삼면	2026	준주거지역	공공용지	운동장	공원	0.47
41461	용인시 처인구 원삼면	2026	준주거지역	공공용지	운동장	운동장	1
41461	용인시 처인구 원삼면	2026	준주거지역	공공용지	운동장	하천	0.47
41461	용인시 처인구 원삼면	2026	준주거지역	공공용지	운동장	혐오	0.47
41461	용인시 처인구 원삼면	2026	준주거지역	공공용지	운동장	위험	1
41461	용인시 처인구 원삼면	2026	준주거지역	공공용지	운동장	도축장	1
41461	용인시 처인구 원삼면	2026	준주거지역	공공용지	하천	일반	3.03
41461	용인시 처인구 원삼면	2026	준주거지역	공공용지	하천	도로	1
41461	용인시 처인구 원삼면	2026	준주거지역	공공용지	하천	공원	1
41461	용인시 처인구 원삼면	2026	준주거지역	공공용지	하천	운동장	2.12
41461	용인시 처인구 원삼면	2026	준주거지역	공공용지	하천	하천	1
41461	용인시 처인구 원삼면	2026	준주거지역	공공용지	하천	혐오	1
41461	용인시 처인구 원삼면	2026	준주거지역	공공용지	하천	위험	2.12
41461	용인시 처인구 원삼면	2026	준주거지역	공공용지	하천	도축장	2.12
41461	용인시 처인구 원삼면	2026	준주거지역	공공용지	혐오	일반	3.03
41461	용인시 처인구 원삼면	2026	준주거지역	공공용지	혐오	도로	1
41461	용인시 처인구 원삼면	2026	준주거지역	공공용지	혐오	공원	1
41461	용인시 처인구 원삼면	2026	준주거지역	공공용지	혐오	운동장	2.12
41461	용인시 처인구 원삼면	2026	준주거지역	공공용지	혐오	하천	1
41461	용인시 처인구 원삼면	2026	준주거지역	공공용지	혐오	혐오	1
41461	용인시 처인구 원삼면	2026	준주거지역	공공용지	혐오	위험	2.12
41461	용인시 처인구 원삼면	2026	준주거지역	공공용지	혐오	도축장	2.12
41461	용인시 처인구 원삼면	2026	준주거지역	공공용지	위험	일반	1.43
41461	용인시 처인구 원삼면	2026	준주거지역	공공용지	위험	도로	0.47
41461	용인시 처인구 원삼면	2026	준주거지역	공공용지	위험	공원	0.47
41461	용인시 처인구 원삼면	2026	준주거지역	공공용지	위험	운동장	1
41461	용인시 처인구 원삼면	2026	준주거지역	공공용지	위험	하천	0.47
41461	용인시 처인구 원삼면	2026	준주거지역	공공용지	위험	혐오	0.47
41461	용인시 처인구 원삼면	2026	준주거지역	공공용지	위험	위험	1
41461	용인시 처인구 원삼면	2026	준주거지역	공공용지	위험	도축장	1
41461	용인시 처인구 원삼면	2026	준주거지역	공공용지	도축장	일반	1.43
41461	용인시 처인구 원삼면	2026	준주거지역	공공용지	도축장	도로	0.47
41461	용인시 처인구 원삼면	2026	준주거지역	공공용지	도축장	공원	0.47
41461	용인시 처인구 원삼면	2026	준주거지역	공공용지	도축장	운동장	1
41461	용인시 처인구 원삼면	2026	준주거지역	공공용지	도축장	하천	0.47
41461	용인시 처인구 원삼면	2026	준주거지역	공공용지	도축장	혐오	0.47
41461	용인시 처인구 원삼면	2026	준주거지역	공공용지	도축장	위험	1
41461	용인시 처인구 원삼면	2026	준주거지역	공공용지	도축장	도축장	1
41461	용인시 처인구 원삼면	2026	준주거지역	고저	저지	저지	1
41461	용인시 처인구 원삼면	2026	준주거지역	고저	저지	평지	1.06
41461	용인시 처인구 원삼면	2026	준주거지역	고저	저지	완경사	0.95
41461	용인시 처인구 원삼면	2026	준주거지역	고저	저지	급경사	0.78
41461	용인시 처인구 원삼면	2026	준주거지역	고저	저지	고지	0.77
41461	용인시 처인구 원삼면	2026	준주거지역	고저	평지	저지	0.94
41461	용인시 처인구 원삼면	2026	준주거지역	고저	평지	평지	1
41461	용인시 처인구 원삼면	2026	준주거지역	고저	평지	완경사	0.9
41461	용인시 처인구 원삼면	2026	준주거지역	고저	평지	급경사	0.74
41461	용인시 처인구 원삼면	2026	준주거지역	고저	평지	고지	0.73
41461	용인시 처인구 원삼면	2026	준주거지역	고저	완경사	저지	1.05
41461	용인시 처인구 원삼면	2026	준주거지역	고저	완경사	평지	1.12
41461	용인시 처인구 원삼면	2026	준주거지역	고저	완경사	완경사	1
41461	용인시 처인구 원삼면	2026	준주거지역	고저	완경사	급경사	0.82
41461	용인시 처인구 원삼면	2026	준주거지역	고저	완경사	고지	0.81
41461	용인시 처인구 원삼면	2026	준주거지역	고저	급경사	저지	1.28
41461	용인시 처인구 원삼면	2026	준주거지역	고저	급경사	평지	1.36
41461	용인시 처인구 원삼면	2026	준주거지역	고저	급경사	완경사	1.22
41461	용인시 처인구 원삼면	2026	준주거지역	고저	급경사	급경사	1
41461	용인시 처인구 원삼면	2026	준주거지역	고저	급경사	고지	0.99
41461	용인시 처인구 원삼면	2026	준주거지역	고저	고지	저지	1.3
41461	용인시 처인구 원삼면	2026	준주거지역	고저	고지	평지	1.38
41461	용인시 처인구 원삼면	2026	준주거지역	고저	고지	완경사	1.23
41461	용인시 처인구 원삼면	2026	준주거지역	고저	고지	급경사	1.01
41461	용인시 처인구 원삼면	2026	준주거지역	고저	고지	고지	1
41461	용인시 처인구 원삼면	2026	준주거지역	형상(주거.공업)	정방형	정방형	1
41461	용인시 처인구 원삼면	2026	준주거지역	형상(주거.공업)	정방형	장방형	1.01
41461	용인시 처인구 원삼면	2026	준주거지역	형상(주거.공업)	정방형	사다리	0.98
41461	용인시 처인구 원삼면	2026	준주거지역	형상(주거.공업)	정방형	부정형	0.95
41461	용인시 처인구 원삼면	2026	준주거지역	형상(주거.공업)	정방형	자루형	0.94
41461	용인시 처인구 원삼면	2026	준주거지역	형상(주거.공업)	장방형	정방형	0.99
41461	용인시 처인구 원삼면	2026	준주거지역	형상(주거.공업)	장방형	장방형	1
41461	용인시 처인구 원삼면	2026	준주거지역	형상(주거.공업)	장방형	사다리	0.97
41461	용인시 처인구 원삼면	2026	준주거지역	형상(주거.공업)	장방형	부정형	0.94
41461	용인시 처인구 원삼면	2026	준주거지역	형상(주거.공업)	장방형	자루형	0.93
41461	용인시 처인구 원삼면	2026	준주거지역	형상(주거.공업)	사다리	정방형	1.02
41461	용인시 처인구 원삼면	2026	준주거지역	형상(주거.공업)	사다리	장방형	1.03
41461	용인시 처인구 원삼면	2026	준주거지역	형상(주거.공업)	사다리	사다리	1
41461	용인시 처인구 원삼면	2026	준주거지역	형상(주거.공업)	사다리	부정형	0.97
41461	용인시 처인구 원삼면	2026	준주거지역	형상(주거.공업)	사다리	자루형	0.96
41461	용인시 처인구 원삼면	2026	준주거지역	형상(주거.공업)	부정형	정방형	1.05
41461	용인시 처인구 원삼면	2026	준주거지역	형상(주거.공업)	부정형	장방형	1.06
41461	용인시 처인구 원삼면	2026	준주거지역	형상(주거.공업)	부정형	사다리	1.03
41461	용인시 처인구 원삼면	2026	준주거지역	형상(주거.공업)	부정형	부정형	1
41461	용인시 처인구 원삼면	2026	준주거지역	형상(주거.공업)	부정형	자루형	0.99
41461	용인시 처인구 원삼면	2026	준주거지역	형상(주거.공업)	자루형	정방형	1.06
41461	용인시 처인구 원삼면	2026	준주거지역	형상(주거.공업)	자루형	장방형	1.07
41461	용인시 처인구 원삼면	2026	준주거지역	형상(주거.공업)	자루형	사다리	1.04
41461	용인시 처인구 원삼면	2026	준주거지역	형상(주거.공업)	자루형	부정형	1.01
41461	용인시 처인구 원삼면	2026	준주거지역	형상(주거.공업)	자루형	자루형	1
41461	용인시 처인구 원삼면	2026	준주거지역	형상(상업.주상)	정방형	정방형	1
41461	용인시 처인구 원삼면	2026	준주거지역	형상(상업.주상)	정방형	가장형	1.02
41461	용인시 처인구 원삼면	2026	준주거지역	형상(상업.주상)	정방형	세장형	0.98
41461	용인시 처인구 원삼면	2026	준주거지역	형상(상업.주상)	정방형	사다리	0.97
41461	용인시 처인구 원삼면	2026	준주거지역	형상(상업.주상)	정방형	부정형	0.96
41461	용인시 처인구 원삼면	2026	준주거지역	형상(상업.주상)	정방형	자루형	0.93
41461	용인시 처인구 원삼면	2026	준주거지역	형상(상업.주상)	가장형	정방형	0.98
41461	용인시 처인구 원삼면	2026	준주거지역	형상(상업.주상)	가장형	가장형	1
41461	용인시 처인구 원삼면	2026	준주거지역	형상(상업.주상)	가장형	세장형	0.96
41461	용인시 처인구 원삼면	2026	준주거지역	형상(상업.주상)	가장형	사다리	0.95
41461	용인시 처인구 원삼면	2026	준주거지역	형상(상업.주상)	가장형	부정형	0.94
41461	용인시 처인구 원삼면	2026	준주거지역	형상(상업.주상)	가장형	자루형	0.91
41461	용인시 처인구 원삼면	2026	준주거지역	형상(상업.주상)	세장형	정방형	1.02
41461	용인시 처인구 원삼면	2026	준주거지역	형상(상업.주상)	세장형	가장형	1.04
41461	용인시 처인구 원삼면	2026	준주거지역	형상(상업.주상)	세장형	세장형	1
41461	용인시 처인구 원삼면	2026	준주거지역	형상(상업.주상)	세장형	사다리	0.99
41461	용인시 처인구 원삼면	2026	준주거지역	형상(상업.주상)	세장형	부정형	0.98
41461	용인시 처인구 원삼면	2026	준주거지역	형상(상업.주상)	세장형	자루형	0.95
41461	용인시 처인구 원삼면	2026	준주거지역	형상(상업.주상)	사다리	정방형	1.03
41461	용인시 처인구 원삼면	2026	준주거지역	형상(상업.주상)	사다리	가장형	1.05
41461	용인시 처인구 원삼면	2026	준주거지역	형상(상업.주상)	사다리	세장형	1.01
41461	용인시 처인구 원삼면	2026	준주거지역	형상(상업.주상)	사다리	사다리	1
41461	용인시 처인구 원삼면	2026	준주거지역	형상(상업.주상)	사다리	부정형	0.99
41461	용인시 처인구 원삼면	2026	준주거지역	형상(상업.주상)	사다리	자루형	0.96
41461	용인시 처인구 원삼면	2026	준주거지역	형상(상업.주상)	부정형	정방형	1.04
41461	용인시 처인구 원삼면	2026	준주거지역	형상(상업.주상)	부정형	가장형	1.06
41461	용인시 처인구 원삼면	2026	준주거지역	형상(상업.주상)	부정형	세장형	1.02
41461	용인시 처인구 원삼면	2026	준주거지역	형상(상업.주상)	부정형	사다리	1.01
41461	용인시 처인구 원삼면	2026	준주거지역	형상(상업.주상)	부정형	부정형	1
41461	용인시 처인구 원삼면	2026	준주거지역	형상(상업.주상)	부정형	자루형	0.97
41461	용인시 처인구 원삼면	2026	준주거지역	형상(상업.주상)	자루형	정방형	1.08
41461	용인시 처인구 원삼면	2026	준주거지역	형상(상업.주상)	자루형	가장형	1.1
41461	용인시 처인구 원삼면	2026	준주거지역	형상(상업.주상)	자루형	세장형	1.05
41461	용인시 처인구 원삼면	2026	준주거지역	형상(상업.주상)	자루형	사다리	1.04
41461	용인시 처인구 원삼면	2026	준주거지역	형상(상업.주상)	자루형	부정형	1.03
41461	용인시 처인구 원삼면	2026	준주거지역	형상(상업.주상)	자루형	자루형	1
41461	용인시 처인구 원삼면	2026	준주거지역	방위	남향	남향	1
41461	용인시 처인구 원삼면	2026	준주거지역	방위	남향	동향	0.98
41461	용인시 처인구 원삼면	2026	준주거지역	방위	남향	서향	0.98
41461	용인시 처인구 원삼면	2026	준주거지역	방위	남향	북향	0.99
41461	용인시 처인구 원삼면	2026	준주거지역	방위	동향	남향	1.02
41461	용인시 처인구 원삼면	2026	준주거지역	방위	동향	동향	1
41461	용인시 처인구 원삼면	2026	준주거지역	방위	동향	서향	1
41461	용인시 처인구 원삼면	2026	준주거지역	방위	동향	북향	1.01
41461	용인시 처인구 원삼면	2026	준주거지역	방위	서향	남향	1.02
41461	용인시 처인구 원삼면	2026	준주거지역	방위	서향	동향	1
41461	용인시 처인구 원삼면	2026	준주거지역	방위	서향	서향	1
41461	용인시 처인구 원삼면	2026	준주거지역	방위	서향	북향	1.01
41461	용인시 처인구 원삼면	2026	준주거지역	방위	북향	남향	1.01
41461	용인시 처인구 원삼면	2026	준주거지역	방위	북향	동향	0.99
41461	용인시 처인구 원삼면	2026	준주거지역	방위	북향	서향	0.99
41461	용인시 처인구 원삼면	2026	준주거지역	방위	북향	북향	1
41461	용인시 처인구 원삼면	2026	준주거지역	도로접면	광대한면	광대한면	1
41461	용인시 처인구 원삼면	2026	준주거지역	도로접면	광대한면	광대소각	1.11
41461	용인시 처인구 원삼면	2026	준주거지역	도로접면	광대한면	광대세각	1.05
41461	용인시 처인구 원삼면	2026	준주거지역	도로접면	광대한면	중로한면	0.95
41461	용인시 처인구 원삼면	2026	준주거지역	도로접면	광대한면	중로각지	0.99
41461	용인시 처인구 원삼면	2026	준주거지역	도로접면	광대한면	소로한면	0.86
41461	용인시 처인구 원삼면	2026	준주거지역	도로접면	광대한면	소로각지	0.9
41461	용인시 처인구 원삼면	2026	준주거지역	도로접면	광대한면	세로(가)	0.81
41461	용인시 처인구 원삼면	2026	준주거지역	도로접면	광대한면	세각(가)	0.84
41461	용인시 처인구 원삼면	2026	준주거지역	도로접면	광대한면	세로(불)	0.73
41461	용인시 처인구 원삼면	2026	준주거지역	도로접면	광대한면	세각(불)	0.74
41461	용인시 처인구 원삼면	2026	준주거지역	도로접면	광대한면	맹지	0.69
41461	용인시 처인구 원삼면	2026	준주거지역	도로접면	광대소각	광대한면	0.9
41461	용인시 처인구 원삼면	2026	준주거지역	도로접면	광대소각	광대소각	1
41461	용인시 처인구 원삼면	2026	준주거지역	도로접면	광대소각	광대세각	0.95
41461	용인시 처인구 원삼면	2026	준주거지역	도로접면	광대소각	중로한면	0.86
41461	용인시 처인구 원삼면	2026	준주거지역	도로접면	광대소각	중로각지	0.89
41461	용인시 처인구 원삼면	2026	준주거지역	도로접면	광대소각	소로한면	0.77
41461	용인시 처인구 원삼면	2026	준주거지역	도로접면	광대소각	소로각지	0.81
41461	용인시 처인구 원삼면	2026	준주거지역	도로접면	광대소각	세로(가)	0.73
41461	용인시 처인구 원삼면	2026	준주거지역	도로접면	광대소각	세각(가)	0.76
41461	용인시 처인구 원삼면	2026	준주거지역	도로접면	광대소각	세로(불)	0.66
41461	용인시 처인구 원삼면	2026	준주거지역	도로접면	광대소각	세각(불)	0.67
41461	용인시 처인구 원삼면	2026	준주거지역	도로접면	광대소각	맹지	0.62
41461	용인시 처인구 원삼면	2026	준주거지역	도로접면	광대세각	광대한면	0.95
41461	용인시 처인구 원삼면	2026	준주거지역	도로접면	광대세각	광대소각	1.06
41461	용인시 처인구 원삼면	2026	준주거지역	도로접면	광대세각	광대세각	1
41461	용인시 처인구 원삼면	2026	준주거지역	도로접면	광대세각	중로한면	0.9
41461	용인시 처인구 원삼면	2026	준주거지역	도로접면	광대세각	중로각지	0.94
41461	용인시 처인구 원삼면	2026	준주거지역	도로접면	광대세각	소로한면	0.82
41461	용인시 처인구 원삼면	2026	준주거지역	도로접면	광대세각	소로각지	0.86
41461	용인시 처인구 원삼면	2026	준주거지역	도로접면	광대세각	세로(가)	0.77
41461	용인시 처인구 원삼면	2026	준주거지역	도로접면	광대세각	세각(가)	0.8
41461	용인시 처인구 원삼면	2026	준주거지역	도로접면	광대세각	세로(불)	0.7
41461	용인시 처인구 원삼면	2026	준주거지역	도로접면	광대세각	세각(불)	0.7
41461	용인시 처인구 원삼면	2026	준주거지역	도로접면	광대세각	맹지	0.66
41461	용인시 처인구 원삼면	2026	준주거지역	도로접면	중로한면	광대한면	1.05
41461	용인시 처인구 원삼면	2026	준주거지역	도로접면	중로한면	광대소각	1.17
41461	용인시 처인구 원삼면	2026	준주거지역	도로접면	중로한면	광대세각	1.11
41461	용인시 처인구 원삼면	2026	준주거지역	도로접면	중로한면	중로한면	1
41461	용인시 처인구 원삼면	2026	준주거지역	도로접면	중로한면	중로각지	1.04
41461	용인시 처인구 원삼면	2026	준주거지역	도로접면	중로한면	소로한면	0.91
41461	용인시 처인구 원삼면	2026	준주거지역	도로접면	중로한면	소로각지	0.95
41461	용인시 처인구 원삼면	2026	준주거지역	도로접면	중로한면	세로(가)	0.85
41461	용인시 처인구 원삼면	2026	준주거지역	도로접면	중로한면	세각(가)	0.88
41461	용인시 처인구 원삼면	2026	준주거지역	도로접면	중로한면	세로(불)	0.77
41461	용인시 처인구 원삼면	2026	준주거지역	도로접면	중로한면	세각(불)	0.78
41461	용인시 처인구 원삼면	2026	준주거지역	도로접면	중로한면	맹지	0.73
41461	용인시 처인구 원삼면	2026	준주거지역	도로접면	중로각지	광대한면	1.01
41461	용인시 처인구 원삼면	2026	준주거지역	도로접면	중로각지	광대소각	1.12
41461	용인시 처인구 원삼면	2026	준주거지역	도로접면	중로각지	광대세각	1.06
41461	용인시 처인구 원삼면	2026	준주거지역	도로접면	중로각지	중로한면	0.96
41461	용인시 처인구 원삼면	2026	준주거지역	도로접면	중로각지	중로각지	1
41461	용인시 처인구 원삼면	2026	준주거지역	도로접면	중로각지	소로한면	0.87
41461	용인시 처인구 원삼면	2026	준주거지역	도로접면	중로각지	소로각지	0.91
41461	용인시 처인구 원삼면	2026	준주거지역	도로접면	중로각지	세로(가)	0.82
41461	용인시 처인구 원삼면	2026	준주거지역	도로접면	중로각지	세각(가)	0.85
41461	용인시 처인구 원삼면	2026	준주거지역	도로접면	중로각지	세로(불)	0.74
41461	용인시 처인구 원삼면	2026	준주거지역	도로접면	중로각지	세각(불)	0.75
41461	용인시 처인구 원삼면	2026	준주거지역	도로접면	중로각지	맹지	0.7
41461	용인시 처인구 원삼면	2026	준주거지역	도로접면	소로한면	광대한면	1.16
41461	용인시 처인구 원삼면	2026	준주거지역	도로접면	소로한면	광대소각	1.29
41461	용인시 처인구 원삼면	2026	준주거지역	도로접면	소로한면	광대세각	1.22
41461	용인시 처인구 원삼면	2026	준주거지역	도로접면	소로한면	중로한면	1.1
41461	용인시 처인구 원삼면	2026	준주거지역	도로접면	소로한면	중로각지	1.15
41461	용인시 처인구 원삼면	2026	준주거지역	도로접면	소로한면	소로한면	1
41461	용인시 처인구 원삼면	2026	준주거지역	도로접면	소로한면	소로각지	1.05
41461	용인시 처인구 원삼면	2026	준주거지역	도로접면	소로한면	세로(가)	0.94
41461	용인시 처인구 원삼면	2026	준주거지역	도로접면	소로한면	세각(가)	0.98
41461	용인시 처인구 원삼면	2026	준주거지역	도로접면	소로한면	세로(불)	0.85
41461	용인시 처인구 원삼면	2026	준주거지역	도로접면	소로한면	세각(불)	0.86
41461	용인시 처인구 원삼면	2026	준주거지역	도로접면	소로한면	맹지	0.8
41461	용인시 처인구 원삼면	2026	준주거지역	도로접면	소로각지	광대한면	1.11
41461	용인시 처인구 원삼면	2026	준주거지역	도로접면	소로각지	광대소각	1.23
41461	용인시 처인구 원삼면	2026	준주거지역	도로접면	소로각지	광대세각	1.17
41461	용인시 처인구 원삼면	2026	준주거지역	도로접면	소로각지	중로한면	1.06
41461	용인시 처인구 원삼면	2026	준주거지역	도로접면	소로각지	중로각지	1.1
41461	용인시 처인구 원삼면	2026	준주거지역	도로접면	소로각지	소로한면	0.96
41461	용인시 처인구 원삼면	2026	준주거지역	도로접면	소로각지	소로각지	1
41461	용인시 처인구 원삼면	2026	준주거지역	도로접면	소로각지	세로(가)	0.9
41461	용인시 처인구 원삼면	2026	준주거지역	도로접면	소로각지	세각(가)	0.93
41461	용인시 처인구 원삼면	2026	준주거지역	도로접면	소로각지	세로(불)	0.81
41461	용인시 처인구 원삼면	2026	준주거지역	도로접면	소로각지	세각(불)	0.82
41461	용인시 처인구 원삼면	2026	준주거지역	도로접면	소로각지	맹지	0.77
41461	용인시 처인구 원삼면	2026	준주거지역	도로접면	세로(가)	광대한면	1.23
41461	용인시 처인구 원삼면	2026	준주거지역	도로접면	세로(가)	광대소각	1.37
41461	용인시 처인구 원삼면	2026	준주거지역	도로접면	세로(가)	광대세각	1.3
41461	용인시 처인구 원삼면	2026	준주거지역	도로접면	세로(가)	중로한면	1.17
41461	용인시 처인구 원삼면	2026	준주거지역	도로접면	세로(가)	중로각지	1.22
41461	용인시 처인구 원삼면	2026	준주거지역	도로접면	세로(가)	소로한면	1.06
41461	용인시 처인구 원삼면	2026	준주거지역	도로접면	세로(가)	소로각지	1.11
41461	용인시 처인구 원삼면	2026	준주거지역	도로접면	세로(가)	세로(가)	1
41461	용인시 처인구 원삼면	2026	준주거지역	도로접면	세로(가)	세각(가)	1.04
41461	용인시 처인구 원삼면	2026	준주거지역	도로접면	세로(가)	세로(불)	0.9
41461	용인시 처인구 원삼면	2026	준주거지역	도로접면	세로(가)	세각(불)	0.91
41461	용인시 처인구 원삼면	2026	준주거지역	도로접면	세로(가)	맹지	0.85
41461	용인시 처인구 원삼면	2026	준주거지역	도로접면	세각(가)	광대한면	1.19
41461	용인시 처인구 원삼면	2026	준주거지역	도로접면	세각(가)	광대소각	1.32
41461	용인시 처인구 원삼면	2026	준주거지역	도로접면	세각(가)	광대세각	1.25
41461	용인시 처인구 원삼면	2026	준주거지역	도로접면	세각(가)	중로한면	1.13
41461	용인시 처인구 원삼면	2026	준주거지역	도로접면	세각(가)	중로각지	1.18
41461	용인시 처인구 원삼면	2026	준주거지역	도로접면	세각(가)	소로한면	1.02
41461	용인시 처인구 원삼면	2026	준주거지역	도로접면	세각(가)	소로각지	1.07
41461	용인시 처인구 원삼면	2026	준주거지역	도로접면	세각(가)	세로(가)	0.96
41461	용인시 처인구 원삼면	2026	준주거지역	도로접면	세각(가)	세각(가)	1
41461	용인시 처인구 원삼면	2026	준주거지역	도로접면	세각(가)	세로(불)	0.87
41461	용인시 처인구 원삼면	2026	준주거지역	도로접면	세각(가)	세각(불)	0.88
41461	용인시 처인구 원삼면	2026	준주거지역	도로접면	세각(가)	맹지	0.82
41461	용인시 처인구 원삼면	2026	준주거지역	도로접면	세로(불)	광대한면	1.37
41461	용인시 처인구 원삼면	2026	준주거지역	도로접면	세로(불)	광대소각	1.52
41461	용인시 처인구 원삼면	2026	준주거지역	도로접면	세로(불)	광대세각	1.44
41461	용인시 처인구 원삼면	2026	준주거지역	도로접면	세로(불)	중로한면	1.3
41461	용인시 처인구 원삼면	2026	준주거지역	도로접면	세로(불)	중로각지	1.36
41461	용인시 처인구 원삼면	2026	준주거지역	도로접면	세로(불)	소로한면	1.18
41461	용인시 처인구 원삼면	2026	준주거지역	도로접면	세로(불)	소로각지	1.23
41461	용인시 처인구 원삼면	2026	준주거지역	도로접면	세로(불)	세로(가)	1.11
41461	용인시 처인구 원삼면	2026	준주거지역	도로접면	세로(불)	세각(가)	1.15
41461	용인시 처인구 원삼면	2026	준주거지역	도로접면	세로(불)	세로(불)	1
41461	용인시 처인구 원삼면	2026	준주거지역	도로접면	세로(불)	세각(불)	1.01
41461	용인시 처인구 원삼면	2026	준주거지역	도로접면	세로(불)	맹지	0.95
41461	용인시 처인구 원삼면	2026	준주거지역	도로접면	세각(불)	광대한면	1.35
41461	용인시 처인구 원삼면	2026	준주거지역	도로접면	세각(불)	광대소각	1.5
41461	용인시 처인구 원삼면	2026	준주거지역	도로접면	세각(불)	광대세각	1.42
41461	용인시 처인구 원삼면	2026	준주거지역	도로접면	세각(불)	중로한면	1.28
41461	용인시 처인구 원삼면	2026	준주거지역	도로접면	세각(불)	중로각지	1.34
41461	용인시 처인구 원삼면	2026	준주거지역	도로접면	세각(불)	소로한면	1.16
41461	용인시 처인구 원삼면	2026	준주거지역	도로접면	세각(불)	소로각지	1.22
41461	용인시 처인구 원삼면	2026	준주거지역	도로접면	세각(불)	세로(가)	1.09
41461	용인시 처인구 원삼면	2026	준주거지역	도로접면	세각(불)	세각(가)	1.14
41461	용인시 처인구 원삼면	2026	준주거지역	도로접면	세각(불)	세로(불)	0.99
41461	용인시 처인구 원삼면	2026	준주거지역	도로접면	세각(불)	세각(불)	1
41461	용인시 처인구 원삼면	2026	준주거지역	도로접면	세각(불)	맹지	0.93
41461	용인시 처인구 원삼면	2026	준주거지역	도로접면	맹지	광대한면	1.45
41461	용인시 처인구 원삼면	2026	준주거지역	도로접면	맹지	광대소각	1.61
41461	용인시 처인구 원삼면	2026	준주거지역	도로접면	맹지	광대세각	1.52
41461	용인시 처인구 원삼면	2026	준주거지역	도로접면	맹지	중로한면	1.38
41461	용인시 처인구 원삼면	2026	준주거지역	도로접면	맹지	중로각지	1.43
41461	용인시 처인구 원삼면	2026	준주거지역	도로접면	맹지	소로한면	1.25
41461	용인시 처인구 원삼면	2026	준주거지역	도로접면	맹지	소로각지	1.3
41461	용인시 처인구 원삼면	2026	준주거지역	도로접면	맹지	세로(가)	1.17
41461	용인시 처인구 원삼면	2026	준주거지역	도로접면	맹지	세각(가)	1.22
41461	용인시 처인구 원삼면	2026	준주거지역	도로접면	맹지	세로(불)	1.06
41461	용인시 처인구 원삼면	2026	준주거지역	도로접면	맹지	세각(불)	1.07
41461	용인시 처인구 원삼면	2026	준주거지역	도로접면	맹지	맹지	1
41461	용인시 처인구 원삼면	2026	준주거지역	철도.고속도로 등	50m내	50m내	1
41461	용인시 처인구 원삼면	2026	준주거지역	철도.고속도로 등	50m내	100m내	1.03
41461	용인시 처인구 원삼면	2026	준주거지역	철도.고속도로 등	50m내	500m내	1.04
41461	용인시 처인구 원삼면	2026	준주거지역	철도.고속도로 등	50m내	해당없음	1.05
41461	용인시 처인구 원삼면	2026	준주거지역	철도.고속도로 등	100m내	50m내	0.97
41461	용인시 처인구 원삼면	2026	준주거지역	철도.고속도로 등	100m내	100m내	1
41461	용인시 처인구 원삼면	2026	준주거지역	철도.고속도로 등	100m내	500m내	1.01
41461	용인시 처인구 원삼면	2026	준주거지역	철도.고속도로 등	100m내	해당없음	1.02
41461	용인시 처인구 원삼면	2026	준주거지역	철도.고속도로 등	500m내	50m내	0.96
41461	용인시 처인구 원삼면	2026	준주거지역	철도.고속도로 등	500m내	100m내	0.99
41461	용인시 처인구 원삼면	2026	준주거지역	철도.고속도로 등	500m내	500m내	1
41461	용인시 처인구 원삼면	2026	준주거지역	철도.고속도로 등	500m내	해당없음	1.01
41461	용인시 처인구 원삼면	2026	준주거지역	철도.고속도로 등	해당없음	50m내	0.95
41461	용인시 처인구 원삼면	2026	준주거지역	철도.고속도로 등	해당없음	100m내	0.98
41461	용인시 처인구 원삼면	2026	준주거지역	철도.고속도로 등	해당없음	500m내	0.99
41461	용인시 처인구 원삼면	2026	준주거지역	철도.고속도로 등	해당없음	해당없음	1
41461	용인시 처인구 원삼면	2026	준주거지역	폐기물.수질오염	50m내	50m내	1
41461	용인시 처인구 원삼면	2026	준주거지역	폐기물.수질오염	50m내	100m내	1.05
41461	용인시 처인구 원삼면	2026	준주거지역	폐기물.수질오염	50m내	500m내	1.07
41461	용인시 처인구 원삼면	2026	준주거지역	폐기물.수질오염	50m내	해당없음	1.08
41461	용인시 처인구 원삼면	2026	준주거지역	폐기물.수질오염	100m내	50m내	0.95
41461	용인시 처인구 원삼면	2026	준주거지역	폐기물.수질오염	100m내	100m내	1
41461	용인시 처인구 원삼면	2026	준주거지역	폐기물.수질오염	100m내	500m내	1.02
41461	용인시 처인구 원삼면	2026	준주거지역	폐기물.수질오염	100m내	해당없음	1.03
41461	용인시 처인구 원삼면	2026	준주거지역	폐기물.수질오염	500m내	50m내	0.93
41461	용인시 처인구 원삼면	2026	준주거지역	폐기물.수질오염	500m내	100m내	0.98
41461	용인시 처인구 원삼면	2026	준주거지역	폐기물.수질오염	500m내	500m내	1
41461	용인시 처인구 원삼면	2026	준주거지역	폐기물.수질오염	500m내	해당없음	1.01
41461	용인시 처인구 원삼면	2026	준주거지역	폐기물.수질오염	해당없음	50m내	0.93
41461	용인시 처인구 원삼면	2026	준주거지역	폐기물.수질오염	해당없음	100m내	0.97
41461	용인시 처인구 원삼면	2026	준주거지역	폐기물.수질오염	해당없음	500m내	0.99
41461	용인시 처인구 원삼면	2026	준주거지역	폐기물.수질오염	해당없음	해당없음	1
41461	용인시 처인구 원삼면	2026	준주거지역	변전소	50m내	50m내	1
41461	용인시 처인구 원삼면	2026	준주거지역	변전소	50m내	100m내	1.02
41461	용인시 처인구 원삼면	2026	준주거지역	변전소	50m내	600m내	1.04
41461	용인시 처인구 원삼면	2026	준주거지역	변전소	50m내	해당없음	1.05
41461	용인시 처인구 원삼면	2026	준주거지역	변전소	100m내	50m내	0.98
41461	용인시 처인구 원삼면	2026	준주거지역	변전소	100m내	100m내	1
41461	용인시 처인구 원삼면	2026	준주거지역	변전소	100m내	600m내	1.02
41461	용인시 처인구 원삼면	2026	준주거지역	변전소	100m내	해당없음	1.03
41461	용인시 처인구 원삼면	2026	준주거지역	변전소	600m내	50m내	0.96
41461	용인시 처인구 원삼면	2026	준주거지역	변전소	600m내	100m내	0.98
41461	용인시 처인구 원삼면	2026	준주거지역	변전소	600m내	600m내	1
41461	용인시 처인구 원삼면	2026	준주거지역	변전소	600m내	해당없음	1.01
41461	용인시 처인구 원삼면	2026	준주거지역	변전소	해당없음	50m내	0.95
41461	용인시 처인구 원삼면	2026	준주거지역	변전소	해당없음	100m내	0.97
41461	용인시 처인구 원삼면	2026	준주거지역	변전소	해당없음	600m내	0.99
41461	용인시 처인구 원삼면	2026	준주거지역	변전소	해당없음	해당없음	1
41461	용인시 처인구 원삼면	2026	준주거지역	형상(전,답)	정형	정형	1
41461	용인시 처인구 원삼면	2026	준주거지역	형상(전,답)	정형	비정형	0.95
41461	용인시 처인구 원삼면	2026	준주거지역	형상(전,답)	비정형	정형	1.05
41461	용인시 처인구 원삼면	2026	준주거지역	형상(전,답)	비정형	비정형	1
41461	용인시 처인구 원삼면	2026	준주거지역	경작여건	보통	보통	1
41461	용인시 처인구 원삼면	2026	준주거지역	경작여건	보통	불리	0.7
41461	용인시 처인구 원삼면	2026	준주거지역	경작여건	불리	보통	1.43
41461	용인시 처인구 원삼면	2026	준주거지역	경작여건	불리	불리	1
41461	용인시 처인구 원삼면	2026	준주거지역	묘지소재불리여건	일반	일반	1
41461	용인시 처인구 원삼면	2026	준주거지역	묘지소재불리여건	일반	불리	1
41461	용인시 처인구 원삼면	2026	준주거지역	묘지소재불리여건	불리	일반	1
41461	용인시 처인구 원삼면	2026	준주거지역	묘지소재불리여건	불리	불리	1
41461	용인시 처인구 원삼면	2026	상업지역	지목	전	전	1
41461	용인시 처인구 원삼면	2026	상업지역	지목	전	답	1
41461	용인시 처인구 원삼면	2026	상업지역	지목	전	과	1
41461	용인시 처인구 원삼면	2026	상업지역	지목	전	목	0.96
41461	용인시 처인구 원삼면	2026	상업지역	지목	전	임	0.94
41461	용인시 처인구 원삼면	2026	상업지역	지목	전	대	1.17
41461	용인시 처인구 원삼면	2026	상업지역	지목	전	장	1.17
41461	용인시 처인구 원삼면	2026	상업지역	지목	전	차	1.17
41461	용인시 처인구 원삼면	2026	상업지역	지목	전	주	1.17
41461	용인시 처인구 원삼면	2026	상업지역	지목	전	창	1.1
41461	용인시 처인구 원삼면	2026	상업지역	지목	전	잡	1.1
41461	용인시 처인구 원삼면	2026	상업지역	지목	답	전	1
41461	용인시 처인구 원삼면	2026	상업지역	지목	답	답	1
41461	용인시 처인구 원삼면	2026	상업지역	지목	답	과	1
41461	용인시 처인구 원삼면	2026	상업지역	지목	답	목	0.96
41461	용인시 처인구 원삼면	2026	상업지역	지목	답	임	0.94
41461	용인시 처인구 원삼면	2026	상업지역	지목	답	대	1.17
41461	용인시 처인구 원삼면	2026	상업지역	지목	답	장	1.17
41461	용인시 처인구 원삼면	2026	상업지역	지목	답	차	1.17
41461	용인시 처인구 원삼면	2026	상업지역	지목	답	주	1.17
41461	용인시 처인구 원삼면	2026	상업지역	지목	답	창	1.1
41461	용인시 처인구 원삼면	2026	상업지역	지목	답	잡	1.1
41461	용인시 처인구 원삼면	2026	상업지역	지목	과	전	1
41461	용인시 처인구 원삼면	2026	상업지역	지목	과	답	1
41461	용인시 처인구 원삼면	2026	상업지역	지목	과	과	1
41461	용인시 처인구 원삼면	2026	상업지역	지목	과	목	0.96
41461	용인시 처인구 원삼면	2026	상업지역	지목	과	임	0.94
41461	용인시 처인구 원삼면	2026	상업지역	지목	과	대	1.17
41461	용인시 처인구 원삼면	2026	상업지역	지목	과	장	1.17
41461	용인시 처인구 원삼면	2026	상업지역	지목	과	차	1.17
41461	용인시 처인구 원삼면	2026	상업지역	지목	과	주	1.17
41461	용인시 처인구 원삼면	2026	상업지역	지목	과	창	1.1
41461	용인시 처인구 원삼면	2026	상업지역	지목	과	잡	1.1
41461	용인시 처인구 원삼면	2026	상업지역	지목	목	전	1.04
41461	용인시 처인구 원삼면	2026	상업지역	지목	목	답	1.04
41461	용인시 처인구 원삼면	2026	상업지역	지목	목	과	1.04
41461	용인시 처인구 원삼면	2026	상업지역	지목	목	목	1
41461	용인시 처인구 원삼면	2026	상업지역	지목	목	임	0.98
41461	용인시 처인구 원삼면	2026	상업지역	지목	목	대	1.22
41461	용인시 처인구 원삼면	2026	상업지역	지목	목	장	1.22
41461	용인시 처인구 원삼면	2026	상업지역	지목	목	차	1.22
41461	용인시 처인구 원삼면	2026	상업지역	지목	목	주	1.22
41461	용인시 처인구 원삼면	2026	상업지역	지목	목	창	1.15
41461	용인시 처인구 원삼면	2026	상업지역	지목	목	잡	1.15
41461	용인시 처인구 원삼면	2026	상업지역	지목	임	전	1.06
41461	용인시 처인구 원삼면	2026	상업지역	지목	임	답	1.06
41461	용인시 처인구 원삼면	2026	상업지역	지목	임	과	1.06
41461	용인시 처인구 원삼면	2026	상업지역	지목	임	목	1.02
41461	용인시 처인구 원삼면	2026	상업지역	지목	임	임	1
41461	용인시 처인구 원삼면	2026	상업지역	지목	임	대	1.24
41461	용인시 처인구 원삼면	2026	상업지역	지목	임	장	1.24
41461	용인시 처인구 원삼면	2026	상업지역	지목	임	차	1.24
41461	용인시 처인구 원삼면	2026	상업지역	지목	임	주	1.24
41461	용인시 처인구 원삼면	2026	상업지역	지목	임	창	1.17
41461	용인시 처인구 원삼면	2026	상업지역	지목	임	잡	1.17
41461	용인시 처인구 원삼면	2026	상업지역	지목	대	전	0.85
41461	용인시 처인구 원삼면	2026	상업지역	지목	대	답	0.85
41461	용인시 처인구 원삼면	2026	상업지역	지목	대	과	0.85
41461	용인시 처인구 원삼면	2026	상업지역	지목	대	목	0.82
41461	용인시 처인구 원삼면	2026	상업지역	지목	대	임	0.8
41461	용인시 처인구 원삼면	2026	상업지역	지목	대	대	1
41461	용인시 처인구 원삼면	2026	상업지역	지목	대	장	1
41461	용인시 처인구 원삼면	2026	상업지역	지목	대	차	1
41461	용인시 처인구 원삼면	2026	상업지역	지목	대	주	1
41461	용인시 처인구 원삼면	2026	상업지역	지목	대	창	0.94
41461	용인시 처인구 원삼면	2026	상업지역	지목	대	잡	0.94
41461	용인시 처인구 원삼면	2026	상업지역	지목	장	전	0.85
41461	용인시 처인구 원삼면	2026	상업지역	지목	장	답	0.85
41461	용인시 처인구 원삼면	2026	상업지역	지목	장	과	0.85
41461	용인시 처인구 원삼면	2026	상업지역	지목	장	목	0.82
41461	용인시 처인구 원삼면	2026	상업지역	지목	장	임	0.8
41461	용인시 처인구 원삼면	2026	상업지역	지목	장	대	1
41461	용인시 처인구 원삼면	2026	상업지역	지목	장	장	1
41461	용인시 처인구 원삼면	2026	상업지역	지목	장	차	1
41461	용인시 처인구 원삼면	2026	상업지역	지목	장	주	1
41461	용인시 처인구 원삼면	2026	상업지역	지목	장	창	0.94
41461	용인시 처인구 원삼면	2026	상업지역	지목	장	잡	0.94
41461	용인시 처인구 원삼면	2026	상업지역	지목	차	전	0.85
41461	용인시 처인구 원삼면	2026	상업지역	지목	차	답	0.85
41461	용인시 처인구 원삼면	2026	상업지역	지목	차	과	0.85
41461	용인시 처인구 원삼면	2026	상업지역	지목	차	목	0.82
41461	용인시 처인구 원삼면	2026	상업지역	지목	차	임	0.8
41461	용인시 처인구 원삼면	2026	상업지역	지목	차	대	1
41461	용인시 처인구 원삼면	2026	상업지역	지목	차	장	1
41461	용인시 처인구 원삼면	2026	상업지역	지목	차	차	1
41461	용인시 처인구 원삼면	2026	상업지역	지목	차	주	1
41461	용인시 처인구 원삼면	2026	상업지역	지목	차	창	0.94
41461	용인시 처인구 원삼면	2026	상업지역	지목	차	잡	0.94
41461	용인시 처인구 원삼면	2026	상업지역	지목	주	전	0.85
41461	용인시 처인구 원삼면	2026	상업지역	지목	주	답	0.85
41461	용인시 처인구 원삼면	2026	상업지역	지목	주	과	0.85
41461	용인시 처인구 원삼면	2026	상업지역	지목	주	목	0.82
41461	용인시 처인구 원삼면	2026	상업지역	지목	주	임	0.8
41461	용인시 처인구 원삼면	2026	상업지역	지목	주	대	1
41461	용인시 처인구 원삼면	2026	상업지역	지목	주	장	1
41461	용인시 처인구 원삼면	2026	상업지역	지목	주	차	1
41461	용인시 처인구 원삼면	2026	상업지역	지목	주	주	1
41461	용인시 처인구 원삼면	2026	상업지역	지목	주	창	0.94
41461	용인시 처인구 원삼면	2026	상업지역	지목	주	잡	0.94
41461	용인시 처인구 원삼면	2026	상업지역	지목	창	전	0.91
41461	용인시 처인구 원삼면	2026	상업지역	지목	창	답	0.91
41461	용인시 처인구 원삼면	2026	상업지역	지목	창	과	0.91
41461	용인시 처인구 원삼면	2026	상업지역	지목	창	목	0.87
41461	용인시 처인구 원삼면	2026	상업지역	지목	창	임	0.85
41461	용인시 처인구 원삼면	2026	상업지역	지목	창	대	1.06
41461	용인시 처인구 원삼면	2026	상업지역	지목	창	장	1.06
41461	용인시 처인구 원삼면	2026	상업지역	지목	창	차	1.06
41461	용인시 처인구 원삼면	2026	상업지역	지목	창	주	1.06
41461	용인시 처인구 원삼면	2026	상업지역	지목	창	창	1
41461	용인시 처인구 원삼면	2026	상업지역	지목	창	잡	1
41461	용인시 처인구 원삼면	2026	상업지역	지목	잡	전	0.91
41461	용인시 처인구 원삼면	2026	상업지역	지목	잡	답	0.91
41461	용인시 처인구 원삼면	2026	상업지역	지목	잡	과	0.91
41461	용인시 처인구 원삼면	2026	상업지역	지목	잡	목	0.87
41461	용인시 처인구 원삼면	2026	상업지역	지목	잡	임	0.85
41461	용인시 처인구 원삼면	2026	상업지역	지목	잡	대	1.06
41461	용인시 처인구 원삼면	2026	상업지역	지목	잡	장	1.06
41461	용인시 처인구 원삼면	2026	상업지역	지목	잡	차	1.06
41461	용인시 처인구 원삼면	2026	상업지역	지목	잡	주	1.06
41461	용인시 처인구 원삼면	2026	상업지역	지목	잡	창	1
41461	용인시 처인구 원삼면	2026	상업지역	지목	잡	잡	1
41461	용인시 처인구 원삼면	2026	상업지역	토지면적	3300	3300	1
41461	용인시 처인구 원삼면	2026	상업지역	토지면적	3300	16500	0.98
41461	용인시 처인구 원삼면	2026	상업지역	토지면적	3300	33000	0.97
41461	용인시 처인구 원삼면	2026	상업지역	토지면적	3300	66000	0.96
41461	용인시 처인구 원삼면	2026	상업지역	토지면적	3300	그이상	0.95
41461	용인시 처인구 원삼면	2026	상업지역	토지면적	16500	3300	1.02
41461	용인시 처인구 원삼면	2026	상업지역	토지면적	16500	16500	1
41461	용인시 처인구 원삼면	2026	상업지역	토지면적	16500	33000	0.99
41461	용인시 처인구 원삼면	2026	상업지역	토지면적	16500	66000	0.98
41461	용인시 처인구 원삼면	2026	상업지역	토지면적	16500	그이상	0.97
41461	용인시 처인구 원삼면	2026	상업지역	토지면적	33000	3300	1.03
41461	용인시 처인구 원삼면	2026	상업지역	토지면적	33000	16500	1.01
41461	용인시 처인구 원삼면	2026	상업지역	토지면적	33000	33000	1
41461	용인시 처인구 원삼면	2026	상업지역	토지면적	33000	66000	0.99
41461	용인시 처인구 원삼면	2026	상업지역	토지면적	33000	그이상	0.98
41461	용인시 처인구 원삼면	2026	상업지역	토지면적	66000	3300	1.04
41461	용인시 처인구 원삼면	2026	상업지역	토지면적	66000	16500	1.02
41461	용인시 처인구 원삼면	2026	상업지역	토지면적	66000	33000	1.01
41461	용인시 처인구 원삼면	2026	상업지역	토지면적	66000	66000	1
41461	용인시 처인구 원삼면	2026	상업지역	토지면적	66000	그이상	0.99
41461	용인시 처인구 원삼면	2026	상업지역	토지면적	그이상	3300	1.05
41461	용인시 처인구 원삼면	2026	상업지역	토지면적	그이상	16500	1.03
41461	용인시 처인구 원삼면	2026	상업지역	토지면적	그이상	33000	1.02
41461	용인시 처인구 원삼면	2026	상업지역	토지면적	그이상	66000	1.01
41461	용인시 처인구 원삼면	2026	상업지역	토지면적	그이상	그이상	1
41461	용인시 처인구 원삼면	2026	상업지역	용도지구	일반	일반	1
41461	용인시 처인구 원삼면	2026	상업지역	용도지구	일반	역사보호	0.92
41461	용인시 처인구 원삼면	2026	상업지역	용도지구	일반	경관	0.92
41461	용인시 처인구 원삼면	2026	상업지역	용도지구	일반	공항보호	0.86
41461	용인시 처인구 원삼면	2026	상업지역	용도지구	일반	고도	0.97
41461	용인시 처인구 원삼면	2026	상업지역	용도지구	역사보호	일반	1.09
41461	용인시 처인구 원삼면	2026	상업지역	용도지구	역사보호	역사보호	1
41461	용인시 처인구 원삼면	2026	상업지역	용도지구	역사보호	경관	1
41461	용인시 처인구 원삼면	2026	상업지역	용도지구	역사보호	공항보호	0.93
41461	용인시 처인구 원삼면	2026	상업지역	용도지구	역사보호	고도	1.05
41461	용인시 처인구 원삼면	2026	상업지역	용도지구	경관	일반	1.09
41461	용인시 처인구 원삼면	2026	상업지역	용도지구	경관	역사보호	1
41461	용인시 처인구 원삼면	2026	상업지역	용도지구	경관	경관	1
41461	용인시 처인구 원삼면	2026	상업지역	용도지구	경관	공항보호	0.93
41461	용인시 처인구 원삼면	2026	상업지역	용도지구	경관	고도	1.05
41461	용인시 처인구 원삼면	2026	상업지역	용도지구	공항보호	일반	1.16
41461	용인시 처인구 원삼면	2026	상업지역	용도지구	공항보호	역사보호	1.07
41461	용인시 처인구 원삼면	2026	상업지역	용도지구	공항보호	경관	1.07
41461	용인시 처인구 원삼면	2026	상업지역	용도지구	공항보호	공항보호	1
41461	용인시 처인구 원삼면	2026	상업지역	용도지구	공항보호	고도	1.13
41461	용인시 처인구 원삼면	2026	상업지역	용도지구	고도	일반	1.03
41461	용인시 처인구 원삼면	2026	상업지역	용도지구	고도	역사보호	0.95
41461	용인시 처인구 원삼면	2026	상업지역	용도지구	고도	경관	0.95
41461	용인시 처인구 원삼면	2026	상업지역	용도지구	고도	공항보호	0.89
41461	용인시 처인구 원삼면	2026	상업지역	용도지구	고도	고도	1
41461	용인시 처인구 원삼면	2026	상업지역	도시계획시설	일반	일반	1
41461	용인시 처인구 원삼면	2026	상업지역	도시계획시설	일반	지상도로	0.85
41461	용인시 처인구 원삼면	2026	상업지역	도시계획시설	일반	지하도로	0.95
41461	용인시 처인구 원삼면	2026	상업지역	도시계획시설	일반	공원	0.6
41461	용인시 처인구 원삼면	2026	상업지역	도시계획시설	일반	운동장	0.85
41461	용인시 처인구 원삼면	2026	상업지역	도시계획시설	일반	혐오	0.85
41461	용인시 처인구 원삼면	2026	상업지역	도시계획시설	일반	위험	0.85
41461	용인시 처인구 원삼면	2026	상업지역	도시계획시설	일반	도축장	0.85
41461	용인시 처인구 원삼면	2026	상업지역	도시계획시설	지상도로	일반	1.18
41461	용인시 처인구 원삼면	2026	상업지역	도시계획시설	지상도로	지상도로	1
41461	용인시 처인구 원삼면	2026	상업지역	도시계획시설	지상도로	지하도로	1.12
41461	용인시 처인구 원삼면	2026	상업지역	도시계획시설	지상도로	공원	0.71
41461	용인시 처인구 원삼면	2026	상업지역	도시계획시설	지상도로	운동장	1
41461	용인시 처인구 원삼면	2026	상업지역	도시계획시설	지상도로	혐오	1
41461	용인시 처인구 원삼면	2026	상업지역	도시계획시설	지상도로	위험	1
41461	용인시 처인구 원삼면	2026	상업지역	도시계획시설	지상도로	도축장	1
41461	용인시 처인구 원삼면	2026	상업지역	도시계획시설	지하도로	일반	1.05
41461	용인시 처인구 원삼면	2026	상업지역	도시계획시설	지하도로	지상도로	0.89
41461	용인시 처인구 원삼면	2026	상업지역	도시계획시설	지하도로	지하도로	1
41461	용인시 처인구 원삼면	2026	상업지역	도시계획시설	지하도로	공원	0.63
41461	용인시 처인구 원삼면	2026	상업지역	도시계획시설	지하도로	운동장	0.89
41461	용인시 처인구 원삼면	2026	상업지역	도시계획시설	지하도로	혐오	0.89
41461	용인시 처인구 원삼면	2026	상업지역	도시계획시설	지하도로	위험	0.89
41461	용인시 처인구 원삼면	2026	상업지역	도시계획시설	지하도로	도축장	0.89
41461	용인시 처인구 원삼면	2026	상업지역	도시계획시설	공원	일반	1.67
41461	용인시 처인구 원삼면	2026	상업지역	도시계획시설	공원	지상도로	1.42
41461	용인시 처인구 원삼면	2026	상업지역	도시계획시설	공원	지하도로	1.58
41461	용인시 처인구 원삼면	2026	상업지역	도시계획시설	공원	공원	1
41461	용인시 처인구 원삼면	2026	상업지역	도시계획시설	공원	운동장	1.42
41461	용인시 처인구 원삼면	2026	상업지역	도시계획시설	공원	혐오	1.42
41461	용인시 처인구 원삼면	2026	상업지역	도시계획시설	공원	위험	1.42
41461	용인시 처인구 원삼면	2026	상업지역	도시계획시설	공원	도축장	1.42
41461	용인시 처인구 원삼면	2026	상업지역	도시계획시설	운동장	일반	1.18
41461	용인시 처인구 원삼면	2026	상업지역	도시계획시설	운동장	지상도로	1
41461	용인시 처인구 원삼면	2026	상업지역	도시계획시설	운동장	지하도로	1.12
41461	용인시 처인구 원삼면	2026	상업지역	도시계획시설	운동장	공원	0.71
41461	용인시 처인구 원삼면	2026	상업지역	도시계획시설	운동장	운동장	1
41461	용인시 처인구 원삼면	2026	상업지역	도시계획시설	운동장	혐오	1
41461	용인시 처인구 원삼면	2026	상업지역	도시계획시설	운동장	위험	1
41461	용인시 처인구 원삼면	2026	상업지역	도시계획시설	운동장	도축장	1
41461	용인시 처인구 원삼면	2026	상업지역	도시계획시설	혐오	일반	1.18
41461	용인시 처인구 원삼면	2026	상업지역	도시계획시설	혐오	지상도로	1
41461	용인시 처인구 원삼면	2026	상업지역	도시계획시설	혐오	지하도로	1.12
41461	용인시 처인구 원삼면	2026	상업지역	도시계획시설	혐오	공원	0.71
41461	용인시 처인구 원삼면	2026	상업지역	도시계획시설	혐오	운동장	1
41461	용인시 처인구 원삼면	2026	상업지역	도시계획시설	혐오	혐오	1
41461	용인시 처인구 원삼면	2026	상업지역	도시계획시설	혐오	위험	1
41461	용인시 처인구 원삼면	2026	상업지역	도시계획시설	혐오	도축장	1
41461	용인시 처인구 원삼면	2026	상업지역	도시계획시설	위험	일반	1.18
41461	용인시 처인구 원삼면	2026	상업지역	도시계획시설	위험	지상도로	1
41461	용인시 처인구 원삼면	2026	상업지역	도시계획시설	위험	지하도로	1.12
41461	용인시 처인구 원삼면	2026	상업지역	도시계획시설	위험	공원	0.71
41461	용인시 처인구 원삼면	2026	상업지역	도시계획시설	위험	운동장	1
41461	용인시 처인구 원삼면	2026	상업지역	도시계획시설	위험	혐오	1
41461	용인시 처인구 원삼면	2026	상업지역	도시계획시설	위험	위험	1
41461	용인시 처인구 원삼면	2026	상업지역	도시계획시설	위험	도축장	1
41461	용인시 처인구 원삼면	2026	상업지역	도시계획시설	도축장	일반	1.18
41461	용인시 처인구 원삼면	2026	상업지역	도시계획시설	도축장	지상도로	1
41461	용인시 처인구 원삼면	2026	상업지역	도시계획시설	도축장	지하도로	1.12
41461	용인시 처인구 원삼면	2026	상업지역	도시계획시설	도축장	공원	0.71
41461	용인시 처인구 원삼면	2026	상업지역	도시계획시설	도축장	운동장	1
41461	용인시 처인구 원삼면	2026	상업지역	도시계획시설	도축장	혐오	1
41461	용인시 처인구 원삼면	2026	상업지역	도시계획시설	도축장	위험	1
41461	용인시 처인구 원삼면	2026	상업지역	도시계획시설	도축장	도축장	1
41461	용인시 처인구 원삼면	2026	상업지역	기타제한	일반	일반	1
41461	용인시 처인구 원삼면	2026	상업지역	기타제한	일반	보존	0.6
41461	용인시 처인구 원삼면	2026	상업지역	기타제한	일반	환경	0.66
41461	용인시 처인구 원삼면	2026	상업지역	기타제한	일반	마을	0.8
41461	용인시 처인구 원삼면	2026	상업지역	기타제한	일반	상수	0.86
41461	용인시 처인구 원삼면	2026	상업지역	기타제한	일반	특별	0.86
41461	용인시 처인구 원삼면	2026	상업지역	기타제한	일반	국보	0.9
41461	용인시 처인구 원삼면	2026	상업지역	기타제한	일반	군사	0.88
41461	용인시 처인구 원삼면	2026	상업지역	기타제한	일반	도공	0.6
41461	용인시 처인구 원삼면	2026	상업지역	기타제한	일반	일시	0.6
41461	용인시 처인구 원삼면	2026	상업지역	기타제한	보존	일반	1.67
41461	용인시 처인구 원삼면	2026	상업지역	기타제한	보존	보존	1
41461	용인시 처인구 원삼면	2026	상업지역	기타제한	보존	환경	1.1
41461	용인시 처인구 원삼면	2026	상업지역	기타제한	보존	마을	1.33
41461	용인시 처인구 원삼면	2026	상업지역	기타제한	보존	상수	1.43
41461	용인시 처인구 원삼면	2026	상업지역	기타제한	보존	특별	1.43
41461	용인시 처인구 원삼면	2026	상업지역	기타제한	보존	국보	1.5
41461	용인시 처인구 원삼면	2026	상업지역	기타제한	보존	군사	1.47
41461	용인시 처인구 원삼면	2026	상업지역	기타제한	보존	도공	1
41461	용인시 처인구 원삼면	2026	상업지역	기타제한	보존	일시	1
41461	용인시 처인구 원삼면	2026	상업지역	기타제한	환경	일반	1.52
41461	용인시 처인구 원삼면	2026	상업지역	기타제한	환경	보존	0.91
41461	용인시 처인구 원삼면	2026	상업지역	기타제한	환경	환경	1
41461	용인시 처인구 원삼면	2026	상업지역	기타제한	환경	마을	1.21
41461	용인시 처인구 원삼면	2026	상업지역	기타제한	환경	상수	1.3
41461	용인시 처인구 원삼면	2026	상업지역	기타제한	환경	특별	1.3
41461	용인시 처인구 원삼면	2026	상업지역	기타제한	환경	국보	1.36
41461	용인시 처인구 원삼면	2026	상업지역	기타제한	환경	군사	1.33
41461	용인시 처인구 원삼면	2026	상업지역	기타제한	환경	도공	0.91
41461	용인시 처인구 원삼면	2026	상업지역	기타제한	환경	일시	0.91
41461	용인시 처인구 원삼면	2026	상업지역	기타제한	마을	일반	1.25
41461	용인시 처인구 원삼면	2026	상업지역	기타제한	마을	보존	0.75
41461	용인시 처인구 원삼면	2026	상업지역	기타제한	마을	환경	0.83
41461	용인시 처인구 원삼면	2026	상업지역	기타제한	마을	마을	1
41461	용인시 처인구 원삼면	2026	상업지역	기타제한	마을	상수	1.08
41461	용인시 처인구 원삼면	2026	상업지역	기타제한	마을	특별	1.08
41461	용인시 처인구 원삼면	2026	상업지역	기타제한	마을	국보	1.13
41461	용인시 처인구 원삼면	2026	상업지역	기타제한	마을	군사	1.1
41461	용인시 처인구 원삼면	2026	상업지역	기타제한	마을	도공	0.75
41461	용인시 처인구 원삼면	2026	상업지역	기타제한	마을	일시	0.75
41461	용인시 처인구 원삼면	2026	상업지역	기타제한	상수	일반	1.16
41461	용인시 처인구 원삼면	2026	상업지역	기타제한	상수	보존	0.7
41461	용인시 처인구 원삼면	2026	상업지역	기타제한	상수	환경	0.77
41461	용인시 처인구 원삼면	2026	상업지역	기타제한	상수	마을	0.93
41461	용인시 처인구 원삼면	2026	상업지역	기타제한	상수	상수	1
41461	용인시 처인구 원삼면	2026	상업지역	기타제한	상수	특별	1
41461	용인시 처인구 원삼면	2026	상업지역	기타제한	상수	국보	1.05
41461	용인시 처인구 원삼면	2026	상업지역	기타제한	상수	군사	1.02
41461	용인시 처인구 원삼면	2026	상업지역	기타제한	상수	도공	0.7
41461	용인시 처인구 원삼면	2026	상업지역	기타제한	상수	일시	0.7
41461	용인시 처인구 원삼면	2026	상업지역	기타제한	특별	일반	1.16
41461	용인시 처인구 원삼면	2026	상업지역	기타제한	특별	보존	0.7
41461	용인시 처인구 원삼면	2026	상업지역	기타제한	특별	환경	0.77
41461	용인시 처인구 원삼면	2026	상업지역	기타제한	특별	마을	0.93
41461	용인시 처인구 원삼면	2026	상업지역	기타제한	특별	상수	1
41461	용인시 처인구 원삼면	2026	상업지역	기타제한	특별	특별	1
41461	용인시 처인구 원삼면	2026	상업지역	기타제한	특별	국보	1.05
41461	용인시 처인구 원삼면	2026	상업지역	기타제한	특별	군사	1.02
41461	용인시 처인구 원삼면	2026	상업지역	기타제한	특별	도공	0.7
41461	용인시 처인구 원삼면	2026	상업지역	기타제한	특별	일시	0.7
41461	용인시 처인구 원삼면	2026	상업지역	기타제한	국보	일반	1.11
41461	용인시 처인구 원삼면	2026	상업지역	기타제한	국보	보존	0.67
41461	용인시 처인구 원삼면	2026	상업지역	기타제한	국보	환경	0.73
41461	용인시 처인구 원삼면	2026	상업지역	기타제한	국보	마을	0.89
41461	용인시 처인구 원삼면	2026	상업지역	기타제한	국보	상수	0.96
41461	용인시 처인구 원삼면	2026	상업지역	기타제한	국보	특별	0.96
41461	용인시 처인구 원삼면	2026	상업지역	기타제한	국보	국보	1
41461	용인시 처인구 원삼면	2026	상업지역	기타제한	국보	군사	0.98
41461	용인시 처인구 원삼면	2026	상업지역	기타제한	국보	도공	0.67
41461	용인시 처인구 원삼면	2026	상업지역	기타제한	국보	일시	0.67
41461	용인시 처인구 원삼면	2026	상업지역	기타제한	군사	일반	1.14
41461	용인시 처인구 원삼면	2026	상업지역	기타제한	군사	보존	0.68
41461	용인시 처인구 원삼면	2026	상업지역	기타제한	군사	환경	0.75
41461	용인시 처인구 원삼면	2026	상업지역	기타제한	군사	마을	0.91
41461	용인시 처인구 원삼면	2026	상업지역	기타제한	군사	상수	0.98
41461	용인시 처인구 원삼면	2026	상업지역	기타제한	군사	특별	0.98
41461	용인시 처인구 원삼면	2026	상업지역	기타제한	군사	국보	1.02
41461	용인시 처인구 원삼면	2026	상업지역	기타제한	군사	군사	1
41461	용인시 처인구 원삼면	2026	상업지역	기타제한	군사	도공	0.68
41461	용인시 처인구 원삼면	2026	상업지역	기타제한	군사	일시	0.68
41461	용인시 처인구 원삼면	2026	상업지역	기타제한	도공	일반	1.67
41461	용인시 처인구 원삼면	2026	상업지역	기타제한	도공	보존	1
41461	용인시 처인구 원삼면	2026	상업지역	기타제한	도공	환경	1.1
41461	용인시 처인구 원삼면	2026	상업지역	기타제한	도공	마을	1.33
41461	용인시 처인구 원삼면	2026	상업지역	기타제한	도공	상수	1.43
41461	용인시 처인구 원삼면	2026	상업지역	기타제한	도공	특별	1.43
41461	용인시 처인구 원삼면	2026	상업지역	기타제한	도공	국보	1.5
41461	용인시 처인구 원삼면	2026	상업지역	기타제한	도공	군사	1.47
41461	용인시 처인구 원삼면	2026	상업지역	기타제한	도공	도공	1
41461	용인시 처인구 원삼면	2026	상업지역	기타제한	도공	일시	1
41461	용인시 처인구 원삼면	2026	상업지역	기타제한	일시	일반	1.67
41461	용인시 처인구 원삼면	2026	상업지역	기타제한	일시	보존	1
41461	용인시 처인구 원삼면	2026	상업지역	기타제한	일시	환경	1.1
41461	용인시 처인구 원삼면	2026	상업지역	기타제한	일시	마을	1.33
41461	용인시 처인구 원삼면	2026	상업지역	기타제한	일시	상수	1.43
41461	용인시 처인구 원삼면	2026	상업지역	기타제한	일시	특별	1.43
41461	용인시 처인구 원삼면	2026	상업지역	기타제한	일시	국보	1.5
41461	용인시 처인구 원삼면	2026	상업지역	기타제한	일시	군사	1.47
41461	용인시 처인구 원삼면	2026	상업지역	기타제한	일시	도공	1
41461	용인시 처인구 원삼면	2026	상업지역	기타제한	일시	일시	1
41461	용인시 처인구 원삼면	2026	상업지역	농지구분	진흥	진흥	1
41461	용인시 처인구 원삼면	2026	상업지역	농지구분	진흥	보호	1.02
41461	용인시 처인구 원삼면	2026	상업지역	농지구분	진흥	해당없음	1.05
41461	용인시 처인구 원삼면	2026	상업지역	농지구분	보호	진흥	0.98
41461	용인시 처인구 원삼면	2026	상업지역	농지구분	보호	보호	1
41461	용인시 처인구 원삼면	2026	상업지역	농지구분	보호	해당없음	1.03
41461	용인시 처인구 원삼면	2026	상업지역	농지구분	해당없음	진흥	0.95
41461	용인시 처인구 원삼면	2026	상업지역	농지구분	해당없음	보호	0.97
41461	용인시 처인구 원삼면	2026	상업지역	농지구분	해당없음	해당없음	1
41461	용인시 처인구 원삼면	2026	상업지역	비옥도	비옥	비옥	1
41461	용인시 처인구 원삼면	2026	상업지역	비옥도	비옥	저습·사질척박	0.94
41461	용인시 처인구 원삼면	2026	상업지역	비옥도	저습·사질척박	비옥	1.06
41461	용인시 처인구 원삼면	2026	상업지역	비옥도	저습·사질척박	저습·사질척박	1
41461	용인시 처인구 원삼면	2026	상업지역	경지정리	정리	정리	1
41461	용인시 처인구 원삼면	2026	상업지역	경지정리	정리	미정리	0.99
41461	용인시 처인구 원삼면	2026	상업지역	경지정리	미정리	정리	1.01
41461	용인시 처인구 원삼면	2026	상업지역	경지정리	미정리	미정리	1
41461	용인시 처인구 원삼면	2026	상업지역	임야	보전산	보전산	1
41461	용인시 처인구 원삼면	2026	상업지역	임야	보전산	준보전산	1.18
41461	용인시 처인구 원삼면	2026	상업지역	임야	준보전산	보전산	0.85
41461	용인시 처인구 원삼면	2026	상업지역	임야	준보전산	준보전산	1
41461	용인시 처인구 원삼면	2026	상업지역	토지이용상황	주거용	주거용	1
41461	용인시 처인구 원삼면	2026	상업지역	토지이용상황	주거용	상업업무	1.43
41461	용인시 처인구 원삼면	2026	상업지역	토지이용상황	주거용	주상복합	1.42
41461	용인시 처인구 원삼면	2026	상업지역	토지이용상황	주거용	공업용	0.98
41461	용인시 처인구 원삼면	2026	상업지역	토지이용상황	주거용	태양광	0.83
41461	용인시 처인구 원삼면	2026	상업지역	토지이용상황	주거용	전	0.67
41461	용인시 처인구 원삼면	2026	상업지역	토지이용상황	주거용	전창고	0.76
41461	용인시 처인구 원삼면	2026	상업지역	토지이용상황	주거용	전축사	0.75
41461	용인시 처인구 원삼면	2026	상업지역	토지이용상황	주거용	답	0.63
41461	용인시 처인구 원삼면	2026	상업지역	토지이용상황	주거용	답창고	0.7
41461	용인시 처인구 원삼면	2026	상업지역	토지이용상황	주거용	답축사	0.7
41461	용인시 처인구 원삼면	2026	상업지역	토지이용상황	주거용	임야	0.38
41461	용인시 처인구 원삼면	2026	상업지역	토지이용상황	상업업무	주거용	0.7
41461	용인시 처인구 원삼면	2026	상업지역	토지이용상황	상업업무	상업업무	1
41461	용인시 처인구 원삼면	2026	상업지역	토지이용상황	상업업무	주상복합	0.99
41461	용인시 처인구 원삼면	2026	상업지역	토지이용상황	상업업무	공업용	0.69
41461	용인시 처인구 원삼면	2026	상업지역	토지이용상황	상업업무	태양광	0.58
41461	용인시 처인구 원삼면	2026	상업지역	토지이용상황	상업업무	전	0.47
41461	용인시 처인구 원삼면	2026	상업지역	토지이용상황	상업업무	전창고	0.53
41461	용인시 처인구 원삼면	2026	상업지역	토지이용상황	상업업무	전축사	0.52
41461	용인시 처인구 원삼면	2026	상업지역	토지이용상황	상업업무	답	0.44
41461	용인시 처인구 원삼면	2026	상업지역	토지이용상황	상업업무	답창고	0.49
41461	용인시 처인구 원삼면	2026	상업지역	토지이용상황	상업업무	답축사	0.49
41461	용인시 처인구 원삼면	2026	상업지역	토지이용상황	상업업무	임야	0.27
41461	용인시 처인구 원삼면	2026	상업지역	토지이용상황	주상복합	주거용	0.7
41461	용인시 처인구 원삼면	2026	상업지역	토지이용상황	주상복합	상업업무	1.01
41461	용인시 처인구 원삼면	2026	상업지역	토지이용상황	주상복합	주상복합	1
41461	용인시 처인구 원삼면	2026	상업지역	토지이용상황	주상복합	공업용	0.69
41461	용인시 처인구 원삼면	2026	상업지역	토지이용상황	주상복합	태양광	0.58
41461	용인시 처인구 원삼면	2026	상업지역	토지이용상황	주상복합	전	0.47
41461	용인시 처인구 원삼면	2026	상업지역	토지이용상황	주상복합	전창고	0.54
41461	용인시 처인구 원삼면	2026	상업지역	토지이용상황	주상복합	전축사	0.53
41461	용인시 처인구 원삼면	2026	상업지역	토지이용상황	주상복합	답	0.44
41461	용인시 처인구 원삼면	2026	상업지역	토지이용상황	주상복합	답창고	0.49
41461	용인시 처인구 원삼면	2026	상업지역	토지이용상황	주상복합	답축사	0.49
41461	용인시 처인구 원삼면	2026	상업지역	토지이용상황	주상복합	임야	0.27
41461	용인시 처인구 원삼면	2026	상업지역	토지이용상황	공업용	주거용	1.02
41461	용인시 처인구 원삼면	2026	상업지역	토지이용상황	공업용	상업업무	1.46
41461	용인시 처인구 원삼면	2026	상업지역	토지이용상황	공업용	주상복합	1.45
41461	용인시 처인구 원삼면	2026	상업지역	토지이용상황	공업용	공업용	1
41461	용인시 처인구 원삼면	2026	상업지역	토지이용상황	공업용	태양광	0.85
41461	용인시 처인구 원삼면	2026	상업지역	토지이용상황	공업용	전	0.68
41461	용인시 처인구 원삼면	2026	상업지역	토지이용상황	공업용	전창고	0.78
41461	용인시 처인구 원삼면	2026	상업지역	토지이용상황	공업용	전축사	0.77
41461	용인시 처인구 원삼면	2026	상업지역	토지이용상황	공업용	답	0.64
41461	용인시 처인구 원삼면	2026	상업지역	토지이용상황	공업용	답창고	0.71
41461	용인시 처인구 원삼면	2026	상업지역	토지이용상황	공업용	답축사	0.71
41461	용인시 처인구 원삼면	2026	상업지역	토지이용상황	공업용	임야	0.39
41461	용인시 처인구 원삼면	2026	상업지역	토지이용상황	태양광	주거용	1.2
41461	용인시 처인구 원삼면	2026	상업지역	토지이용상황	태양광	상업업무	1.72
41461	용인시 처인구 원삼면	2026	상업지역	토지이용상황	태양광	주상복합	1.71
41461	용인시 처인구 원삼면	2026	상업지역	토지이용상황	태양광	공업용	1.18
41461	용인시 처인구 원삼면	2026	상업지역	토지이용상황	태양광	태양광	1
41461	용인시 처인구 원삼면	2026	상업지역	토지이용상황	태양광	전	0.81
41461	용인시 처인구 원삼면	2026	상업지역	토지이용상황	태양광	전창고	0.92
41461	용인시 처인구 원삼면	2026	상업지역	토지이용상황	태양광	전축사	0.9
41461	용인시 처인구 원삼면	2026	상업지역	토지이용상황	태양광	답	0.76
41461	용인시 처인구 원삼면	2026	상업지역	토지이용상황	태양광	답창고	0.84
41461	용인시 처인구 원삼면	2026	상업지역	토지이용상황	태양광	답축사	0.84
41461	용인시 처인구 원삼면	2026	상업지역	토지이용상황	태양광	임야	0.46
41461	용인시 처인구 원삼면	2026	상업지역	토지이용상황	전	주거용	1.49
41461	용인시 처인구 원삼면	2026	상업지역	토지이용상황	전	상업업무	2.13
41461	용인시 처인구 원삼면	2026	상업지역	토지이용상황	전	주상복합	2.12
41461	용인시 처인구 원삼면	2026	상업지역	토지이용상황	전	공업용	1.46
41461	용인시 처인구 원삼면	2026	상업지역	토지이용상황	전	태양광	1.24
41461	용인시 처인구 원삼면	2026	상업지역	토지이용상황	전	전	1
41461	용인시 처인구 원삼면	2026	상업지역	토지이용상황	전	전창고	1.13
41461	용인시 처인구 원삼면	2026	상업지역	토지이용상황	전	전축사	1.12
41461	용인시 처인구 원삼면	2026	상업지역	토지이용상황	전	답	0.94
41461	용인시 처인구 원삼면	2026	상업지역	토지이용상황	전	답창고	1.04
41461	용인시 처인구 원삼면	2026	상업지역	토지이용상황	전	답축사	1.04
41461	용인시 처인구 원삼면	2026	상업지역	토지이용상황	전	임야	0.57
41461	용인시 처인구 원삼면	2026	상업지역	토지이용상황	전창고	주거용	1.32
41461	용인시 처인구 원삼면	2026	상업지역	토지이용상황	전창고	상업업무	1.88
41461	용인시 처인구 원삼면	2026	상업지역	토지이용상황	전창고	주상복합	1.87
41461	용인시 처인구 원삼면	2026	상업지역	토지이용상황	전창고	공업용	1.29
41461	용인시 처인구 원삼면	2026	상업지역	토지이용상황	전창고	태양광	1.09
41461	용인시 처인구 원삼면	2026	상업지역	토지이용상황	전창고	전	0.88
41461	용인시 처인구 원삼면	2026	상업지역	토지이용상황	전창고	전창고	1
41461	용인시 처인구 원삼면	2026	상업지역	토지이용상황	전창고	전축사	0.99
41461	용인시 처인구 원삼면	2026	상업지역	토지이용상황	전창고	답	0.83
41461	용인시 처인구 원삼면	2026	상업지역	토지이용상황	전창고	답창고	0.92
41461	용인시 처인구 원삼면	2026	상업지역	토지이용상황	전창고	답축사	0.92
41461	용인시 처인구 원삼면	2026	상업지역	토지이용상황	전창고	임야	0.5
41461	용인시 처인구 원삼면	2026	상업지역	토지이용상황	전축사	주거용	1.33
41461	용인시 처인구 원삼면	2026	상업지역	토지이용상황	전축사	상업업무	1.91
41461	용인시 처인구 원삼면	2026	상업지역	토지이용상황	전축사	주상복합	1.89
41461	용인시 처인구 원삼면	2026	상업지역	토지이용상황	전축사	공업용	1.31
41461	용인시 처인구 원삼면	2026	상업지역	토지이용상황	전축사	태양광	1.11
41461	용인시 처인구 원삼면	2026	상업지역	토지이용상황	전축사	전	0.89
41461	용인시 처인구 원삼면	2026	상업지역	토지이용상황	전축사	전창고	1.01
41461	용인시 처인구 원삼면	2026	상업지역	토지이용상황	전축사	전축사	1
41461	용인시 처인구 원삼면	2026	상업지역	토지이용상황	전축사	답	0.84
41461	용인시 처인구 원삼면	2026	상업지역	토지이용상황	전축사	답창고	0.93
41461	용인시 처인구 원삼면	2026	상업지역	토지이용상황	전축사	답축사	0.93
41461	용인시 처인구 원삼면	2026	상업지역	토지이용상황	전축사	임야	0.51
41461	용인시 처인구 원삼면	2026	상업지역	토지이용상황	답	주거용	1.59
41461	용인시 처인구 원삼면	2026	상업지역	토지이용상황	답	상업업무	2.27
41461	용인시 처인구 원삼면	2026	상업지역	토지이용상황	답	주상복합	2.25
41461	용인시 처인구 원삼면	2026	상업지역	토지이용상황	답	공업용	1.56
41461	용인시 처인구 원삼면	2026	상업지역	토지이용상황	답	태양광	1.32
41461	용인시 처인구 원삼면	2026	상업지역	토지이용상황	답	전	1.06
41461	용인시 처인구 원삼면	2026	상업지역	토지이용상황	답	전창고	1.21
41461	용인시 처인구 원삼면	2026	상업지역	토지이용상황	답	전축사	1.19
41461	용인시 처인구 원삼면	2026	상업지역	토지이용상황	답	답	1
41461	용인시 처인구 원삼면	2026	상업지역	토지이용상황	답	답창고	1.11
41461	용인시 처인구 원삼면	2026	상업지역	토지이용상황	답	답축사	1.11
41461	용인시 처인구 원삼면	2026	상업지역	토지이용상황	답	임야	0.6
41461	용인시 처인구 원삼면	2026	상업지역	토지이용상황	답창고	주거용	1.43
41461	용인시 처인구 원삼면	2026	상업지역	토지이용상황	답창고	상업업무	2.04
41461	용인시 처인구 원삼면	2026	상업지역	토지이용상황	답창고	주상복합	2.03
41461	용인시 처인구 원삼면	2026	상업지역	토지이용상황	답창고	공업용	1.4
41461	용인시 처인구 원삼면	2026	상업지역	토지이용상황	답창고	태양광	1.19
41461	용인시 처인구 원삼면	2026	상업지역	토지이용상황	답창고	전	0.96
41461	용인시 처인구 원삼면	2026	상업지역	토지이용상황	답창고	전창고	1.09
41461	용인시 처인구 원삼면	2026	상업지역	토지이용상황	답창고	전축사	1.07
41461	용인시 처인구 원삼면	2026	상업지역	토지이용상황	답창고	답	0.9
41461	용인시 처인구 원삼면	2026	상업지역	토지이용상황	답창고	답창고	1
41461	용인시 처인구 원삼면	2026	상업지역	토지이용상황	답창고	답축사	1
41461	용인시 처인구 원삼면	2026	상업지역	토지이용상황	답창고	임야	0.54
41461	용인시 처인구 원삼면	2026	상업지역	토지이용상황	답축사	주거용	1.43
41461	용인시 처인구 원삼면	2026	상업지역	토지이용상황	답축사	상업업무	2.04
41461	용인시 처인구 원삼면	2026	상업지역	토지이용상황	답축사	주상복합	2.03
41461	용인시 처인구 원삼면	2026	상업지역	토지이용상황	답축사	공업용	1.4
41461	용인시 처인구 원삼면	2026	상업지역	토지이용상황	답축사	태양광	1.19
41461	용인시 처인구 원삼면	2026	상업지역	토지이용상황	답축사	전	0.96
41461	용인시 처인구 원삼면	2026	상업지역	토지이용상황	답축사	전창고	1.09
41461	용인시 처인구 원삼면	2026	상업지역	토지이용상황	답축사	전축사	1.07
41461	용인시 처인구 원삼면	2026	상업지역	토지이용상황	답축사	답	0.9
41461	용인시 처인구 원삼면	2026	상업지역	토지이용상황	답축사	답창고	1
41461	용인시 처인구 원삼면	2026	상업지역	토지이용상황	답축사	답축사	1
41461	용인시 처인구 원삼면	2026	상업지역	토지이용상황	답축사	임야	0.54
41461	용인시 처인구 원삼면	2026	상업지역	토지이용상황	임야	주거용	2.63
41461	용인시 처인구 원삼면	2026	상업지역	토지이용상황	임야	상업업무	3.76
41461	용인시 처인구 원삼면	2026	상업지역	토지이용상황	임야	주상복합	3.74
41461	용인시 처인구 원삼면	2026	상업지역	토지이용상황	임야	공업용	2.58
41461	용인시 처인구 원삼면	2026	상업지역	토지이용상황	임야	태양광	2.18
41461	용인시 처인구 원삼면	2026	상업지역	토지이용상황	임야	전	1.76
41461	용인시 처인구 원삼면	2026	상업지역	토지이용상황	임야	전창고	2
41461	용인시 처인구 원삼면	2026	상업지역	토지이용상황	임야	전축사	1.97
41461	용인시 처인구 원삼면	2026	상업지역	토지이용상황	임야	답	1.66
41461	용인시 처인구 원삼면	2026	상업지역	토지이용상황	임야	답창고	1.84
41461	용인시 처인구 원삼면	2026	상업지역	토지이용상황	임야	답축사	1.84
41461	용인시 처인구 원삼면	2026	상업지역	토지이용상황	임야	임야	1
41461	용인시 처인구 원삼면	2026	상업지역	공공용지	일반	일반	1
41461	용인시 처인구 원삼면	2026	상업지역	공공용지	일반	도로	0.33
41461	용인시 처인구 원삼면	2026	상업지역	공공용지	일반	공원	0.33
41461	용인시 처인구 원삼면	2026	상업지역	공공용지	일반	운동장	0.7
41461	용인시 처인구 원삼면	2026	상업지역	공공용지	일반	하천	0.33
41461	용인시 처인구 원삼면	2026	상업지역	공공용지	일반	혐오	0.33
41461	용인시 처인구 원삼면	2026	상업지역	공공용지	일반	위험	0.7
41461	용인시 처인구 원삼면	2026	상업지역	공공용지	일반	도축장	0.7
41461	용인시 처인구 원삼면	2026	상업지역	공공용지	도로	일반	3.03
41461	용인시 처인구 원삼면	2026	상업지역	공공용지	도로	도로	1
41461	용인시 처인구 원삼면	2026	상업지역	공공용지	도로	공원	1
41461	용인시 처인구 원삼면	2026	상업지역	공공용지	도로	운동장	2.12
41461	용인시 처인구 원삼면	2026	상업지역	공공용지	도로	하천	1
41461	용인시 처인구 원삼면	2026	상업지역	공공용지	도로	혐오	1
41461	용인시 처인구 원삼면	2026	상업지역	공공용지	도로	위험	2.12
41461	용인시 처인구 원삼면	2026	상업지역	공공용지	도로	도축장	2.12
41461	용인시 처인구 원삼면	2026	상업지역	공공용지	공원	일반	3.03
41461	용인시 처인구 원삼면	2026	상업지역	공공용지	공원	도로	1
41461	용인시 처인구 원삼면	2026	상업지역	공공용지	공원	공원	1
41461	용인시 처인구 원삼면	2026	상업지역	공공용지	공원	운동장	2.12
41461	용인시 처인구 원삼면	2026	상업지역	공공용지	공원	하천	1
41461	용인시 처인구 원삼면	2026	상업지역	공공용지	공원	혐오	1
41461	용인시 처인구 원삼면	2026	상업지역	공공용지	공원	위험	2.12
41461	용인시 처인구 원삼면	2026	상업지역	공공용지	공원	도축장	2.12
41461	용인시 처인구 원삼면	2026	상업지역	공공용지	운동장	일반	1.43
41461	용인시 처인구 원삼면	2026	상업지역	공공용지	운동장	도로	0.47
41461	용인시 처인구 원삼면	2026	상업지역	공공용지	운동장	공원	0.47
41461	용인시 처인구 원삼면	2026	상업지역	공공용지	운동장	운동장	1
41461	용인시 처인구 원삼면	2026	상업지역	공공용지	운동장	하천	0.47
41461	용인시 처인구 원삼면	2026	상업지역	공공용지	운동장	혐오	0.47
41461	용인시 처인구 원삼면	2026	상업지역	공공용지	운동장	위험	1
41461	용인시 처인구 원삼면	2026	상업지역	공공용지	운동장	도축장	1
41461	용인시 처인구 원삼면	2026	상업지역	공공용지	하천	일반	3.03
41461	용인시 처인구 원삼면	2026	상업지역	공공용지	하천	도로	1
41461	용인시 처인구 원삼면	2026	상업지역	공공용지	하천	공원	1
41461	용인시 처인구 원삼면	2026	상업지역	공공용지	하천	운동장	2.12
41461	용인시 처인구 원삼면	2026	상업지역	공공용지	하천	하천	1
41461	용인시 처인구 원삼면	2026	상업지역	공공용지	하천	혐오	1
41461	용인시 처인구 원삼면	2026	상업지역	공공용지	하천	위험	2.12
41461	용인시 처인구 원삼면	2026	상업지역	공공용지	하천	도축장	2.12
41461	용인시 처인구 원삼면	2026	상업지역	공공용지	혐오	일반	3.03
41461	용인시 처인구 원삼면	2026	상업지역	공공용지	혐오	도로	1
41461	용인시 처인구 원삼면	2026	상업지역	공공용지	혐오	공원	1
41461	용인시 처인구 원삼면	2026	상업지역	공공용지	혐오	운동장	2.12
41461	용인시 처인구 원삼면	2026	상업지역	공공용지	혐오	하천	1
41461	용인시 처인구 원삼면	2026	상업지역	공공용지	혐오	혐오	1
41461	용인시 처인구 원삼면	2026	상업지역	공공용지	혐오	위험	2.12
41461	용인시 처인구 원삼면	2026	상업지역	공공용지	혐오	도축장	2.12
41461	용인시 처인구 원삼면	2026	상업지역	공공용지	위험	일반	1.43
41461	용인시 처인구 원삼면	2026	상업지역	공공용지	위험	도로	0.47
41461	용인시 처인구 원삼면	2026	상업지역	공공용지	위험	공원	0.47
41461	용인시 처인구 원삼면	2026	상업지역	공공용지	위험	운동장	1
41461	용인시 처인구 원삼면	2026	상업지역	공공용지	위험	하천	0.47
41461	용인시 처인구 원삼면	2026	상업지역	공공용지	위험	혐오	0.47
41461	용인시 처인구 원삼면	2026	상업지역	공공용지	위험	위험	1
41461	용인시 처인구 원삼면	2026	상업지역	공공용지	위험	도축장	1
41461	용인시 처인구 원삼면	2026	상업지역	공공용지	도축장	일반	1.43
41461	용인시 처인구 원삼면	2026	상업지역	공공용지	도축장	도로	0.47
41461	용인시 처인구 원삼면	2026	상업지역	공공용지	도축장	공원	0.47
41461	용인시 처인구 원삼면	2026	상업지역	공공용지	도축장	운동장	1
41461	용인시 처인구 원삼면	2026	상업지역	공공용지	도축장	하천	0.47
41461	용인시 처인구 원삼면	2026	상업지역	공공용지	도축장	혐오	0.47
41461	용인시 처인구 원삼면	2026	상업지역	공공용지	도축장	위험	1
41461	용인시 처인구 원삼면	2026	상업지역	공공용지	도축장	도축장	1
41461	용인시 처인구 원삼면	2026	상업지역	고저	저지	저지	1
41461	용인시 처인구 원삼면	2026	상업지역	고저	저지	평지	1.04
41461	용인시 처인구 원삼면	2026	상업지역	고저	저지	완경사	0.88
41461	용인시 처인구 원삼면	2026	상업지역	고저	저지	급경사	0.71
41461	용인시 처인구 원삼면	2026	상업지역	고저	저지	고지	0.7
41461	용인시 처인구 원삼면	2026	상업지역	고저	평지	저지	0.96
41461	용인시 처인구 원삼면	2026	상업지역	고저	평지	평지	1
41461	용인시 처인구 원삼면	2026	상업지역	고저	평지	완경사	0.85
41461	용인시 처인구 원삼면	2026	상업지역	고저	평지	급경사	0.68
41461	용인시 처인구 원삼면	2026	상업지역	고저	평지	고지	0.67
41461	용인시 처인구 원삼면	2026	상업지역	고저	완경사	저지	1.14
41461	용인시 처인구 원삼면	2026	상업지역	고저	완경사	평지	1.18
41461	용인시 처인구 원삼면	2026	상업지역	고저	완경사	완경사	1
41461	용인시 처인구 원삼면	2026	상업지역	고저	완경사	급경사	0.81
41461	용인시 처인구 원삼면	2026	상업지역	고저	완경사	고지	0.8
41461	용인시 처인구 원삼면	2026	상업지역	고저	급경사	저지	1.41
41461	용인시 처인구 원삼면	2026	상업지역	고저	급경사	평지	1.46
41461	용인시 처인구 원삼면	2026	상업지역	고저	급경사	완경사	1.24
41461	용인시 처인구 원삼면	2026	상업지역	고저	급경사	급경사	1
41461	용인시 처인구 원삼면	2026	상업지역	고저	급경사	고지	0.99
41461	용인시 처인구 원삼면	2026	상업지역	고저	고지	저지	1.43
41461	용인시 처인구 원삼면	2026	상업지역	고저	고지	평지	1.49
41461	용인시 처인구 원삼면	2026	상업지역	고저	고지	완경사	1.26
41461	용인시 처인구 원삼면	2026	상업지역	고저	고지	급경사	1.01
41461	용인시 처인구 원삼면	2026	상업지역	고저	고지	고지	1
41461	용인시 처인구 원삼면	2026	상업지역	형상(주거.공업)	정방형	정방형	1
41461	용인시 처인구 원삼면	2026	상업지역	형상(주거.공업)	정방형	장방형	1.01
41461	용인시 처인구 원삼면	2026	상업지역	형상(주거.공업)	정방형	사다리	0.99
41461	용인시 처인구 원삼면	2026	상업지역	형상(주거.공업)	정방형	부정형	0.95
41461	용인시 처인구 원삼면	2026	상업지역	형상(주거.공업)	정방형	자루형	0.94
41461	용인시 처인구 원삼면	2026	상업지역	형상(주거.공업)	장방형	정방형	0.99
41461	용인시 처인구 원삼면	2026	상업지역	형상(주거.공업)	장방형	장방형	1
41461	용인시 처인구 원삼면	2026	상업지역	형상(주거.공업)	장방형	사다리	0.98
41461	용인시 처인구 원삼면	2026	상업지역	형상(주거.공업)	장방형	부정형	0.94
41461	용인시 처인구 원삼면	2026	상업지역	형상(주거.공업)	장방형	자루형	0.93
41461	용인시 처인구 원삼면	2026	상업지역	형상(주거.공업)	사다리	정방형	1.01
41461	용인시 처인구 원삼면	2026	상업지역	형상(주거.공업)	사다리	장방형	1.02
41461	용인시 처인구 원삼면	2026	상업지역	형상(주거.공업)	사다리	사다리	1
41461	용인시 처인구 원삼면	2026	상업지역	형상(주거.공업)	사다리	부정형	0.96
41461	용인시 처인구 원삼면	2026	상업지역	형상(주거.공업)	사다리	자루형	0.95
41461	용인시 처인구 원삼면	2026	상업지역	형상(주거.공업)	부정형	정방형	1.05
41461	용인시 처인구 원삼면	2026	상업지역	형상(주거.공업)	부정형	장방형	1.06
41461	용인시 처인구 원삼면	2026	상업지역	형상(주거.공업)	부정형	사다리	1.04
41461	용인시 처인구 원삼면	2026	상업지역	형상(주거.공업)	부정형	부정형	1
41461	용인시 처인구 원삼면	2026	상업지역	형상(주거.공업)	부정형	자루형	0.99
41461	용인시 처인구 원삼면	2026	상업지역	형상(주거.공업)	자루형	정방형	1.06
41461	용인시 처인구 원삼면	2026	상업지역	형상(주거.공업)	자루형	장방형	1.07
41461	용인시 처인구 원삼면	2026	상업지역	형상(주거.공업)	자루형	사다리	1.05
41461	용인시 처인구 원삼면	2026	상업지역	형상(주거.공업)	자루형	부정형	1.01
41461	용인시 처인구 원삼면	2026	상업지역	형상(주거.공업)	자루형	자루형	1
41461	용인시 처인구 원삼면	2026	상업지역	형상(상업.주상)	정방형	정방형	1
41461	용인시 처인구 원삼면	2026	상업지역	형상(상업.주상)	정방형	가장형	1.01
41461	용인시 처인구 원삼면	2026	상업지역	형상(상업.주상)	정방형	세장형	0.99
41461	용인시 처인구 원삼면	2026	상업지역	형상(상업.주상)	정방형	사다리	0.97
41461	용인시 처인구 원삼면	2026	상업지역	형상(상업.주상)	정방형	부정형	0.94
41461	용인시 처인구 원삼면	2026	상업지역	형상(상업.주상)	정방형	자루형	0.94
41461	용인시 처인구 원삼면	2026	상업지역	형상(상업.주상)	가장형	정방형	0.99
41461	용인시 처인구 원삼면	2026	상업지역	형상(상업.주상)	가장형	가장형	1
41461	용인시 처인구 원삼면	2026	상업지역	형상(상업.주상)	가장형	세장형	0.98
41461	용인시 처인구 원삼면	2026	상업지역	형상(상업.주상)	가장형	사다리	0.96
41461	용인시 처인구 원삼면	2026	상업지역	형상(상업.주상)	가장형	부정형	0.93
41461	용인시 처인구 원삼면	2026	상업지역	형상(상업.주상)	가장형	자루형	0.93
41461	용인시 처인구 원삼면	2026	상업지역	형상(상업.주상)	세장형	정방형	1.01
41461	용인시 처인구 원삼면	2026	상업지역	형상(상업.주상)	세장형	가장형	1.02
41461	용인시 처인구 원삼면	2026	상업지역	형상(상업.주상)	세장형	세장형	1
41461	용인시 처인구 원삼면	2026	상업지역	형상(상업.주상)	세장형	사다리	0.98
41461	용인시 처인구 원삼면	2026	상업지역	형상(상업.주상)	세장형	부정형	0.95
41461	용인시 처인구 원삼면	2026	상업지역	형상(상업.주상)	세장형	자루형	0.95
41461	용인시 처인구 원삼면	2026	상업지역	형상(상업.주상)	사다리	정방형	1.03
41461	용인시 처인구 원삼면	2026	상업지역	형상(상업.주상)	사다리	가장형	1.04
41461	용인시 처인구 원삼면	2026	상업지역	형상(상업.주상)	사다리	세장형	1.02
41461	용인시 처인구 원삼면	2026	상업지역	형상(상업.주상)	사다리	사다리	1
41461	용인시 처인구 원삼면	2026	상업지역	형상(상업.주상)	사다리	부정형	0.97
41461	용인시 처인구 원삼면	2026	상업지역	형상(상업.주상)	사다리	자루형	0.97
41461	용인시 처인구 원삼면	2026	상업지역	형상(상업.주상)	부정형	정방형	1.06
41461	용인시 처인구 원삼면	2026	상업지역	형상(상업.주상)	부정형	가장형	1.07
41461	용인시 처인구 원삼면	2026	상업지역	형상(상업.주상)	부정형	세장형	1.05
41461	용인시 처인구 원삼면	2026	상업지역	형상(상업.주상)	부정형	사다리	1.03
41461	용인시 처인구 원삼면	2026	상업지역	형상(상업.주상)	부정형	부정형	1
41461	용인시 처인구 원삼면	2026	상업지역	형상(상업.주상)	부정형	자루형	1
41461	용인시 처인구 원삼면	2026	상업지역	형상(상업.주상)	자루형	정방형	1.06
41461	용인시 처인구 원삼면	2026	상업지역	형상(상업.주상)	자루형	가장형	1.07
41461	용인시 처인구 원삼면	2026	상업지역	형상(상업.주상)	자루형	세장형	1.05
41461	용인시 처인구 원삼면	2026	상업지역	형상(상업.주상)	자루형	사다리	1.03
41461	용인시 처인구 원삼면	2026	상업지역	형상(상업.주상)	자루형	부정형	1
41461	용인시 처인구 원삼면	2026	상업지역	형상(상업.주상)	자루형	자루형	1
41461	용인시 처인구 원삼면	2026	상업지역	방위	남향	남향	1
41461	용인시 처인구 원삼면	2026	상업지역	방위	남향	동향	0.99
41461	용인시 처인구 원삼면	2026	상업지역	방위	남향	서향	0.99
41461	용인시 처인구 원삼면	2026	상업지역	방위	남향	북향	0.99
41461	용인시 처인구 원삼면	2026	상업지역	방위	동향	남향	1.01
41461	용인시 처인구 원삼면	2026	상업지역	방위	동향	동향	1
41461	용인시 처인구 원삼면	2026	상업지역	방위	동향	서향	1
41461	용인시 처인구 원삼면	2026	상업지역	방위	동향	북향	1
41461	용인시 처인구 원삼면	2026	상업지역	방위	서향	남향	1.01
41461	용인시 처인구 원삼면	2026	상업지역	방위	서향	동향	1
41461	용인시 처인구 원삼면	2026	상업지역	방위	서향	서향	1
41461	용인시 처인구 원삼면	2026	상업지역	방위	서향	북향	1
41461	용인시 처인구 원삼면	2026	상업지역	방위	북향	남향	1.01
41461	용인시 처인구 원삼면	2026	상업지역	방위	북향	동향	1
41461	용인시 처인구 원삼면	2026	상업지역	방위	북향	서향	1
41461	용인시 처인구 원삼면	2026	상업지역	방위	북향	북향	1
41461	용인시 처인구 원삼면	2026	상업지역	도로접면	광대한면	광대한면	1
41461	용인시 처인구 원삼면	2026	상업지역	도로접면	광대한면	광대소각	1.08
41461	용인시 처인구 원삼면	2026	상업지역	도로접면	광대한면	광대세각	1.05
41461	용인시 처인구 원삼면	2026	상업지역	도로접면	광대한면	중로한면	0.97
41461	용인시 처인구 원삼면	2026	상업지역	도로접면	광대한면	중로각지	0.98
41461	용인시 처인구 원삼면	2026	상업지역	도로접면	광대한면	소로한면	0.89
41461	용인시 처인구 원삼면	2026	상업지역	도로접면	광대한면	소로각지	0.96
41461	용인시 처인구 원삼면	2026	상업지역	도로접면	광대한면	세로(가)	0.83
41461	용인시 처인구 원삼면	2026	상업지역	도로접면	광대한면	세각(가)	0.85
41461	용인시 처인구 원삼면	2026	상업지역	도로접면	광대한면	세로(불)	0.73
41461	용인시 처인구 원삼면	2026	상업지역	도로접면	광대한면	세각(불)	0.78
41461	용인시 처인구 원삼면	2026	상업지역	도로접면	광대한면	맹지	0.7
41461	용인시 처인구 원삼면	2026	상업지역	도로접면	광대소각	광대한면	0.93
41461	용인시 처인구 원삼면	2026	상업지역	도로접면	광대소각	광대소각	1
41461	용인시 처인구 원삼면	2026	상업지역	도로접면	광대소각	광대세각	0.97
41461	용인시 처인구 원삼면	2026	상업지역	도로접면	광대소각	중로한면	0.9
41461	용인시 처인구 원삼면	2026	상업지역	도로접면	광대소각	중로각지	0.91
41461	용인시 처인구 원삼면	2026	상업지역	도로접면	광대소각	소로한면	0.82
41461	용인시 처인구 원삼면	2026	상업지역	도로접면	광대소각	소로각지	0.89
41461	용인시 처인구 원삼면	2026	상업지역	도로접면	광대소각	세로(가)	0.77
41461	용인시 처인구 원삼면	2026	상업지역	도로접면	광대소각	세각(가)	0.79
41461	용인시 처인구 원삼면	2026	상업지역	도로접면	광대소각	세로(불)	0.68
41461	용인시 처인구 원삼면	2026	상업지역	도로접면	광대소각	세각(불)	0.72
41461	용인시 처인구 원삼면	2026	상업지역	도로접면	광대소각	맹지	0.65
41461	용인시 처인구 원삼면	2026	상업지역	도로접면	광대세각	광대한면	0.95
41461	용인시 처인구 원삼면	2026	상업지역	도로접면	광대세각	광대소각	1.03
41461	용인시 처인구 원삼면	2026	상업지역	도로접면	광대세각	광대세각	1
41461	용인시 처인구 원삼면	2026	상업지역	도로접면	광대세각	중로한면	0.92
41461	용인시 처인구 원삼면	2026	상업지역	도로접면	광대세각	중로각지	0.93
41461	용인시 처인구 원삼면	2026	상업지역	도로접면	광대세각	소로한면	0.85
41461	용인시 처인구 원삼면	2026	상업지역	도로접면	광대세각	소로각지	0.91
41461	용인시 처인구 원삼면	2026	상업지역	도로접면	광대세각	세로(가)	0.79
41461	용인시 처인구 원삼면	2026	상업지역	도로접면	광대세각	세각(가)	0.81
41461	용인시 처인구 원삼면	2026	상업지역	도로접면	광대세각	세로(불)	0.7
41461	용인시 처인구 원삼면	2026	상업지역	도로접면	광대세각	세각(불)	0.74
41461	용인시 처인구 원삼면	2026	상업지역	도로접면	광대세각	맹지	0.67
41461	용인시 처인구 원삼면	2026	상업지역	도로접면	중로한면	광대한면	1.03
41461	용인시 처인구 원삼면	2026	상업지역	도로접면	중로한면	광대소각	1.11
41461	용인시 처인구 원삼면	2026	상업지역	도로접면	중로한면	광대세각	1.08
41461	용인시 처인구 원삼면	2026	상업지역	도로접면	중로한면	중로한면	1
41461	용인시 처인구 원삼면	2026	상업지역	도로접면	중로한면	중로각지	1.01
41461	용인시 처인구 원삼면	2026	상업지역	도로접면	중로한면	소로한면	0.92
41461	용인시 처인구 원삼면	2026	상업지역	도로접면	중로한면	소로각지	0.99
41461	용인시 처인구 원삼면	2026	상업지역	도로접면	중로한면	세로(가)	0.86
41461	용인시 처인구 원삼면	2026	상업지역	도로접면	중로한면	세각(가)	0.88
41461	용인시 처인구 원삼면	2026	상업지역	도로접면	중로한면	세로(불)	0.75
41461	용인시 처인구 원삼면	2026	상업지역	도로접면	중로한면	세각(불)	0.8
41461	용인시 처인구 원삼면	2026	상업지역	도로접면	중로한면	맹지	0.72
41461	용인시 처인구 원삼면	2026	상업지역	도로접면	중로각지	광대한면	1.02
41461	용인시 처인구 원삼면	2026	상업지역	도로접면	중로각지	광대소각	1.1
41461	용인시 처인구 원삼면	2026	상업지역	도로접면	중로각지	광대세각	1.07
41461	용인시 처인구 원삼면	2026	상업지역	도로접면	중로각지	중로한면	0.99
41461	용인시 처인구 원삼면	2026	상업지역	도로접면	중로각지	중로각지	1
41461	용인시 처인구 원삼면	2026	상업지역	도로접면	중로각지	소로한면	0.91
41461	용인시 처인구 원삼면	2026	상업지역	도로접면	중로각지	소로각지	0.98
41461	용인시 처인구 원삼면	2026	상업지역	도로접면	중로각지	세로(가)	0.85
41461	용인시 처인구 원삼면	2026	상업지역	도로접면	중로각지	세각(가)	0.87
41461	용인시 처인구 원삼면	2026	상업지역	도로접면	중로각지	세로(불)	0.74
41461	용인시 처인구 원삼면	2026	상업지역	도로접면	중로각지	세각(불)	0.8
41461	용인시 처인구 원삼면	2026	상업지역	도로접면	중로각지	맹지	0.71
41461	용인시 처인구 원삼면	2026	상업지역	도로접면	소로한면	광대한면	1.12
41461	용인시 처인구 원삼면	2026	상업지역	도로접면	소로한면	광대소각	1.21
41461	용인시 처인구 원삼면	2026	상업지역	도로접면	소로한면	광대세각	1.18
41461	용인시 처인구 원삼면	2026	상업지역	도로접면	소로한면	중로한면	1.09
41461	용인시 처인구 원삼면	2026	상업지역	도로접면	소로한면	중로각지	1.1
41461	용인시 처인구 원삼면	2026	상업지역	도로접면	소로한면	소로한면	1
41461	용인시 처인구 원삼면	2026	상업지역	도로접면	소로한면	소로각지	1.08
41461	용인시 처인구 원삼면	2026	상업지역	도로접면	소로한면	세로(가)	0.93
41461	용인시 처인구 원삼면	2026	상업지역	도로접면	소로한면	세각(가)	0.96
41461	용인시 처인구 원삼면	2026	상업지역	도로접면	소로한면	세로(불)	0.82
41461	용인시 처인구 원삼면	2026	상업지역	도로접면	소로한면	세각(불)	0.88
41461	용인시 처인구 원삼면	2026	상업지역	도로접면	소로한면	맹지	0.79
41461	용인시 처인구 원삼면	2026	상업지역	도로접면	소로각지	광대한면	1.04
41461	용인시 처인구 원삼면	2026	상업지역	도로접면	소로각지	광대소각	1.13
41461	용인시 처인구 원삼면	2026	상업지역	도로접면	소로각지	광대세각	1.09
41461	용인시 처인구 원삼면	2026	상업지역	도로접면	소로각지	중로한면	1.01
41461	용인시 처인구 원삼면	2026	상업지역	도로접면	소로각지	중로각지	1.02
41461	용인시 처인구 원삼면	2026	상업지역	도로접면	소로각지	소로한면	0.93
41461	용인시 처인구 원삼면	2026	상업지역	도로접면	소로각지	소로각지	1
41461	용인시 처인구 원삼면	2026	상업지역	도로접면	소로각지	세로(가)	0.86
41461	용인시 처인구 원삼면	2026	상업지역	도로접면	소로각지	세각(가)	0.89
41461	용인시 처인구 원삼면	2026	상업지역	도로접면	소로각지	세로(불)	0.76
41461	용인시 처인구 원삼면	2026	상업지역	도로접면	소로각지	세각(불)	0.81
41461	용인시 처인구 원삼면	2026	상업지역	도로접면	소로각지	맹지	0.73
41461	용인시 처인구 원삼면	2026	상업지역	도로접면	세로(가)	광대한면	1.2
41461	용인시 처인구 원삼면	2026	상업지역	도로접면	세로(가)	광대소각	1.3
41461	용인시 처인구 원삼면	2026	상업지역	도로접면	세로(가)	광대세각	1.27
41461	용인시 처인구 원삼면	2026	상업지역	도로접면	세로(가)	중로한면	1.17
41461	용인시 처인구 원삼면	2026	상업지역	도로접면	세로(가)	중로각지	1.18
41461	용인시 처인구 원삼면	2026	상업지역	도로접면	세로(가)	소로한면	1.07
41461	용인시 처인구 원삼면	2026	상업지역	도로접면	세로(가)	소로각지	1.16
41461	용인시 처인구 원삼면	2026	상업지역	도로접면	세로(가)	세로(가)	1
41461	용인시 처인구 원삼면	2026	상업지역	도로접면	세로(가)	세각(가)	1.02
41461	용인시 처인구 원삼면	2026	상업지역	도로접면	세로(가)	세로(불)	0.88
41461	용인시 처인구 원삼면	2026	상업지역	도로접면	세로(가)	세각(불)	0.94
41461	용인시 처인구 원삼면	2026	상업지역	도로접면	세로(가)	맹지	0.84
41461	용인시 처인구 원삼면	2026	상업지역	도로접면	세각(가)	광대한면	1.18
41461	용인시 처인구 원삼면	2026	상업지역	도로접면	세각(가)	광대소각	1.27
41461	용인시 처인구 원삼면	2026	상업지역	도로접면	세각(가)	광대세각	1.24
41461	용인시 처인구 원삼면	2026	상업지역	도로접면	세각(가)	중로한면	1.14
41461	용인시 처인구 원삼면	2026	상업지역	도로접면	세각(가)	중로각지	1.15
41461	용인시 처인구 원삼면	2026	상업지역	도로접면	세각(가)	소로한면	1.05
41461	용인시 처인구 원삼면	2026	상업지역	도로접면	세각(가)	소로각지	1.13
41461	용인시 처인구 원삼면	2026	상업지역	도로접면	세각(가)	세로(가)	0.98
41461	용인시 처인구 원삼면	2026	상업지역	도로접면	세각(가)	세각(가)	1
41461	용인시 처인구 원삼면	2026	상업지역	도로접면	세각(가)	세로(불)	0.86
41461	용인시 처인구 원삼면	2026	상업지역	도로접면	세각(가)	세각(불)	0.92
41461	용인시 처인구 원삼면	2026	상업지역	도로접면	세각(가)	맹지	0.82
41461	용인시 처인구 원삼면	2026	상업지역	도로접면	세로(불)	광대한면	1.37
41461	용인시 처인구 원삼면	2026	상업지역	도로접면	세로(불)	광대소각	1.48
41461	용인시 처인구 원삼면	2026	상업지역	도로접면	세로(불)	광대세각	1.44
41461	용인시 처인구 원삼면	2026	상업지역	도로접면	세로(불)	중로한면	1.33
41461	용인시 처인구 원삼면	2026	상업지역	도로접면	세로(불)	중로각지	1.34
41461	용인시 처인구 원삼면	2026	상업지역	도로접면	세로(불)	소로한면	1.22
41461	용인시 처인구 원삼면	2026	상업지역	도로접면	세로(불)	소로각지	1.32
41461	용인시 처인구 원삼면	2026	상업지역	도로접면	세로(불)	세로(가)	1.14
41461	용인시 처인구 원삼면	2026	상업지역	도로접면	세로(불)	세각(가)	1.16
41461	용인시 처인구 원삼면	2026	상업지역	도로접면	세로(불)	세로(불)	1
41461	용인시 처인구 원삼면	2026	상업지역	도로접면	세로(불)	세각(불)	1.07
41461	용인시 처인구 원삼면	2026	상업지역	도로접면	세로(불)	맹지	0.96
41461	용인시 처인구 원삼면	2026	상업지역	도로접면	세각(불)	광대한면	1.28
41461	용인시 처인구 원삼면	2026	상업지역	도로접면	세각(불)	광대소각	1.38
41461	용인시 처인구 원삼면	2026	상업지역	도로접면	세각(불)	광대세각	1.35
41461	용인시 처인구 원삼면	2026	상업지역	도로접면	세각(불)	중로한면	1.24
41461	용인시 처인구 원삼면	2026	상업지역	도로접면	세각(불)	중로각지	1.26
41461	용인시 처인구 원삼면	2026	상업지역	도로접면	세각(불)	소로한면	1.14
41461	용인시 처인구 원삼면	2026	상업지역	도로접면	세각(불)	소로각지	1.23
41461	용인시 처인구 원삼면	2026	상업지역	도로접면	세각(불)	세로(가)	1.06
41461	용인시 처인구 원삼면	2026	상업지역	도로접면	세각(불)	세각(가)	1.09
41461	용인시 처인구 원삼면	2026	상업지역	도로접면	세각(불)	세로(불)	0.94
41461	용인시 처인구 원삼면	2026	상업지역	도로접면	세각(불)	세각(불)	1
41461	용인시 처인구 원삼면	2026	상업지역	도로접면	세각(불)	맹지	0.9
41461	용인시 처인구 원삼면	2026	상업지역	도로접면	맹지	광대한면	1.43
41461	용인시 처인구 원삼면	2026	상업지역	도로접면	맹지	광대소각	1.54
41461	용인시 처인구 원삼면	2026	상업지역	도로접면	맹지	광대세각	1.5
41461	용인시 처인구 원삼면	2026	상업지역	도로접면	맹지	중로한면	1.39
41461	용인시 처인구 원삼면	2026	상업지역	도로접면	맹지	중로각지	1.4
41461	용인시 처인구 원삼면	2026	상업지역	도로접면	맹지	소로한면	1.27
41461	용인시 처인구 원삼면	2026	상업지역	도로접면	맹지	소로각지	1.37
41461	용인시 처인구 원삼면	2026	상업지역	도로접면	맹지	세로(가)	1.19
41461	용인시 처인구 원삼면	2026	상업지역	도로접면	맹지	세각(가)	1.21
41461	용인시 처인구 원삼면	2026	상업지역	도로접면	맹지	세로(불)	1.04
41461	용인시 처인구 원삼면	2026	상업지역	도로접면	맹지	세각(불)	1.11
41461	용인시 처인구 원삼면	2026	상업지역	도로접면	맹지	맹지	1
41461	용인시 처인구 원삼면	2026	상업지역	철도.고속도로 등	50m내	50m내	1
41461	용인시 처인구 원삼면	2026	상업지역	철도.고속도로 등	50m내	100m내	1.03
41461	용인시 처인구 원삼면	2026	상업지역	철도.고속도로 등	50m내	500m내	1.04
41461	용인시 처인구 원삼면	2026	상업지역	철도.고속도로 등	50m내	해당없음	1.05
41461	용인시 처인구 원삼면	2026	상업지역	철도.고속도로 등	100m내	50m내	0.97
41461	용인시 처인구 원삼면	2026	상업지역	철도.고속도로 등	100m내	100m내	1
41461	용인시 처인구 원삼면	2026	상업지역	철도.고속도로 등	100m내	500m내	1.01
41461	용인시 처인구 원삼면	2026	상업지역	철도.고속도로 등	100m내	해당없음	1.02
41461	용인시 처인구 원삼면	2026	상업지역	철도.고속도로 등	500m내	50m내	0.96
41461	용인시 처인구 원삼면	2026	상업지역	철도.고속도로 등	500m내	100m내	0.99
41461	용인시 처인구 원삼면	2026	상업지역	철도.고속도로 등	500m내	500m내	1
41461	용인시 처인구 원삼면	2026	상업지역	철도.고속도로 등	500m내	해당없음	1.01
41461	용인시 처인구 원삼면	2026	상업지역	철도.고속도로 등	해당없음	50m내	0.95
41461	용인시 처인구 원삼면	2026	상업지역	철도.고속도로 등	해당없음	100m내	0.98
41461	용인시 처인구 원삼면	2026	상업지역	철도.고속도로 등	해당없음	500m내	0.99
41461	용인시 처인구 원삼면	2026	상업지역	철도.고속도로 등	해당없음	해당없음	1
41461	용인시 처인구 원삼면	2026	상업지역	폐기물.수질오염	50m내	50m내	1
41461	용인시 처인구 원삼면	2026	상업지역	폐기물.수질오염	50m내	100m내	1.05
41461	용인시 처인구 원삼면	2026	상업지역	폐기물.수질오염	50m내	500m내	1.07
41461	용인시 처인구 원삼면	2026	상업지역	폐기물.수질오염	50m내	해당없음	1.08
41461	용인시 처인구 원삼면	2026	상업지역	폐기물.수질오염	100m내	50m내	0.95
41461	용인시 처인구 원삼면	2026	상업지역	폐기물.수질오염	100m내	100m내	1
41461	용인시 처인구 원삼면	2026	상업지역	폐기물.수질오염	100m내	500m내	1.02
41461	용인시 처인구 원삼면	2026	상업지역	폐기물.수질오염	100m내	해당없음	1.03
41461	용인시 처인구 원삼면	2026	상업지역	폐기물.수질오염	500m내	50m내	0.93
41461	용인시 처인구 원삼면	2026	상업지역	폐기물.수질오염	500m내	100m내	0.98
41461	용인시 처인구 원삼면	2026	상업지역	폐기물.수질오염	500m내	500m내	1
41461	용인시 처인구 원삼면	2026	상업지역	폐기물.수질오염	500m내	해당없음	1.01
41461	용인시 처인구 원삼면	2026	상업지역	폐기물.수질오염	해당없음	50m내	0.93
41461	용인시 처인구 원삼면	2026	상업지역	폐기물.수질오염	해당없음	100m내	0.97
41461	용인시 처인구 원삼면	2026	상업지역	폐기물.수질오염	해당없음	500m내	0.99
41461	용인시 처인구 원삼면	2026	상업지역	폐기물.수질오염	해당없음	해당없음	1
41461	용인시 처인구 원삼면	2026	상업지역	변전소	50m내	50m내	1
41461	용인시 처인구 원삼면	2026	상업지역	변전소	50m내	100m내	1.02
41461	용인시 처인구 원삼면	2026	상업지역	변전소	50m내	600m내	1.04
41461	용인시 처인구 원삼면	2026	상업지역	변전소	50m내	해당없음	1.05
41461	용인시 처인구 원삼면	2026	상업지역	변전소	100m내	50m내	0.98
41461	용인시 처인구 원삼면	2026	상업지역	변전소	100m내	100m내	1
41461	용인시 처인구 원삼면	2026	상업지역	변전소	100m내	600m내	1.02
41461	용인시 처인구 원삼면	2026	상업지역	변전소	100m내	해당없음	1.03
41461	용인시 처인구 원삼면	2026	상업지역	변전소	600m내	50m내	0.96
41461	용인시 처인구 원삼면	2026	상업지역	변전소	600m내	100m내	0.98
41461	용인시 처인구 원삼면	2026	상업지역	변전소	600m내	600m내	1
41461	용인시 처인구 원삼면	2026	상업지역	변전소	600m내	해당없음	1.01
41461	용인시 처인구 원삼면	2026	상업지역	변전소	해당없음	50m내	0.95
41461	용인시 처인구 원삼면	2026	상업지역	변전소	해당없음	100m내	0.97
41461	용인시 처인구 원삼면	2026	상업지역	변전소	해당없음	600m내	0.99
41461	용인시 처인구 원삼면	2026	상업지역	변전소	해당없음	해당없음	1
41461	용인시 처인구 원삼면	2026	상업지역	형상(전,답)	정형	정형	1
41461	용인시 처인구 원삼면	2026	상업지역	형상(전,답)	정형	비정형	0.95
41461	용인시 처인구 원삼면	2026	상업지역	형상(전,답)	비정형	정형	1.05
41461	용인시 처인구 원삼면	2026	상업지역	형상(전,답)	비정형	비정형	1
41461	용인시 처인구 원삼면	2026	상업지역	경작여건	보통	보통	1
41461	용인시 처인구 원삼면	2026	상업지역	경작여건	보통	불리	0.7
41461	용인시 처인구 원삼면	2026	상업지역	경작여건	불리	보통	1.43
41461	용인시 처인구 원삼면	2026	상업지역	경작여건	불리	불리	1
41461	용인시 처인구 원삼면	2026	상업지역	묘지소재불리여건	일반	일반	1
41461	용인시 처인구 원삼면	2026	상업지역	묘지소재불리여건	일반	불리	1
41461	용인시 처인구 원삼면	2026	상업지역	묘지소재불리여건	불리	일반	1
41461	용인시 처인구 원삼면	2026	상업지역	묘지소재불리여건	불리	불리	1
41461	용인시 처인구 원삼면	2026	공업지역	지목	전	전	1
41461	용인시 처인구 원삼면	2026	공업지역	지목	전	답	1
41461	용인시 처인구 원삼면	2026	공업지역	지목	전	과	1
41461	용인시 처인구 원삼면	2026	공업지역	지목	전	목	0.96
41461	용인시 처인구 원삼면	2026	공업지역	지목	전	임	0.94
41461	용인시 처인구 원삼면	2026	공업지역	지목	전	대	1.17
41461	용인시 처인구 원삼면	2026	공업지역	지목	전	장	1.17
41461	용인시 처인구 원삼면	2026	공업지역	지목	전	차	1.17
41461	용인시 처인구 원삼면	2026	공업지역	지목	전	주	1.17
41461	용인시 처인구 원삼면	2026	공업지역	지목	전	창	1.1
41461	용인시 처인구 원삼면	2026	공업지역	지목	전	잡	1.1
41461	용인시 처인구 원삼면	2026	공업지역	지목	답	전	1
41461	용인시 처인구 원삼면	2026	공업지역	지목	답	답	1
41461	용인시 처인구 원삼면	2026	공업지역	지목	답	과	1
41461	용인시 처인구 원삼면	2026	공업지역	지목	답	목	0.96
41461	용인시 처인구 원삼면	2026	공업지역	지목	답	임	0.94
41461	용인시 처인구 원삼면	2026	공업지역	지목	답	대	1.17
41461	용인시 처인구 원삼면	2026	공업지역	지목	답	장	1.17
41461	용인시 처인구 원삼면	2026	공업지역	지목	답	차	1.17
41461	용인시 처인구 원삼면	2026	공업지역	지목	답	주	1.17
41461	용인시 처인구 원삼면	2026	공업지역	지목	답	창	1.1
41461	용인시 처인구 원삼면	2026	공업지역	지목	답	잡	1.1
41461	용인시 처인구 원삼면	2026	공업지역	지목	과	전	1
41461	용인시 처인구 원삼면	2026	공업지역	지목	과	답	1
41461	용인시 처인구 원삼면	2026	공업지역	지목	과	과	1
41461	용인시 처인구 원삼면	2026	공업지역	지목	과	목	0.96
41461	용인시 처인구 원삼면	2026	공업지역	지목	과	임	0.94
41461	용인시 처인구 원삼면	2026	공업지역	지목	과	대	1.17
41461	용인시 처인구 원삼면	2026	공업지역	지목	과	장	1.17
41461	용인시 처인구 원삼면	2026	공업지역	지목	과	차	1.17
41461	용인시 처인구 원삼면	2026	공업지역	지목	과	주	1.17
41461	용인시 처인구 원삼면	2026	공업지역	지목	과	창	1.1
41461	용인시 처인구 원삼면	2026	공업지역	지목	과	잡	1.1
41461	용인시 처인구 원삼면	2026	공업지역	지목	목	전	1.04
41461	용인시 처인구 원삼면	2026	공업지역	지목	목	답	1.04
41461	용인시 처인구 원삼면	2026	공업지역	지목	목	과	1.04
41461	용인시 처인구 원삼면	2026	공업지역	지목	목	목	1
41461	용인시 처인구 원삼면	2026	공업지역	지목	목	임	0.98
41461	용인시 처인구 원삼면	2026	공업지역	지목	목	대	1.22
41461	용인시 처인구 원삼면	2026	공업지역	지목	목	장	1.22
41461	용인시 처인구 원삼면	2026	공업지역	지목	목	차	1.22
41461	용인시 처인구 원삼면	2026	공업지역	지목	목	주	1.22
41461	용인시 처인구 원삼면	2026	공업지역	지목	목	창	1.15
41461	용인시 처인구 원삼면	2026	공업지역	지목	목	잡	1.15
41461	용인시 처인구 원삼면	2026	공업지역	지목	임	전	1.06
41461	용인시 처인구 원삼면	2026	공업지역	지목	임	답	1.06
41461	용인시 처인구 원삼면	2026	공업지역	지목	임	과	1.06
41461	용인시 처인구 원삼면	2026	공업지역	지목	임	목	1.02
41461	용인시 처인구 원삼면	2026	공업지역	지목	임	임	1
41461	용인시 처인구 원삼면	2026	공업지역	지목	임	대	1.24
41461	용인시 처인구 원삼면	2026	공업지역	지목	임	장	1.24
41461	용인시 처인구 원삼면	2026	공업지역	지목	임	차	1.24
41461	용인시 처인구 원삼면	2026	공업지역	지목	임	주	1.24
41461	용인시 처인구 원삼면	2026	공업지역	지목	임	창	1.17
41461	용인시 처인구 원삼면	2026	공업지역	지목	임	잡	1.17
41461	용인시 처인구 원삼면	2026	공업지역	지목	대	전	0.85
41461	용인시 처인구 원삼면	2026	공업지역	지목	대	답	0.85
41461	용인시 처인구 원삼면	2026	공업지역	지목	대	과	0.85
41461	용인시 처인구 원삼면	2026	공업지역	지목	대	목	0.82
41461	용인시 처인구 원삼면	2026	공업지역	지목	대	임	0.8
41461	용인시 처인구 원삼면	2026	공업지역	지목	대	대	1
41461	용인시 처인구 원삼면	2026	공업지역	지목	대	장	1
41461	용인시 처인구 원삼면	2026	공업지역	지목	대	차	1
41461	용인시 처인구 원삼면	2026	공업지역	지목	대	주	1
41461	용인시 처인구 원삼면	2026	공업지역	지목	대	창	0.94
41461	용인시 처인구 원삼면	2026	공업지역	지목	대	잡	0.94
41461	용인시 처인구 원삼면	2026	공업지역	지목	장	전	0.85
41461	용인시 처인구 원삼면	2026	공업지역	지목	장	답	0.85
41461	용인시 처인구 원삼면	2026	공업지역	지목	장	과	0.85
41461	용인시 처인구 원삼면	2026	공업지역	지목	장	목	0.82
41461	용인시 처인구 원삼면	2026	공업지역	지목	장	임	0.8
41461	용인시 처인구 원삼면	2026	공업지역	지목	장	대	1
41461	용인시 처인구 원삼면	2026	공업지역	지목	장	장	1
41461	용인시 처인구 원삼면	2026	공업지역	지목	장	차	1
41461	용인시 처인구 원삼면	2026	공업지역	지목	장	주	1
41461	용인시 처인구 원삼면	2026	공업지역	지목	장	창	0.94
41461	용인시 처인구 원삼면	2026	공업지역	지목	장	잡	0.94
41461	용인시 처인구 원삼면	2026	공업지역	지목	차	전	0.85
41461	용인시 처인구 원삼면	2026	공업지역	지목	차	답	0.85
41461	용인시 처인구 원삼면	2026	공업지역	지목	차	과	0.85
41461	용인시 처인구 원삼면	2026	공업지역	지목	차	목	0.82
41461	용인시 처인구 원삼면	2026	공업지역	지목	차	임	0.8
41461	용인시 처인구 원삼면	2026	공업지역	지목	차	대	1
41461	용인시 처인구 원삼면	2026	공업지역	지목	차	장	1
41461	용인시 처인구 원삼면	2026	공업지역	지목	차	차	1
41461	용인시 처인구 원삼면	2026	공업지역	지목	차	주	1
41461	용인시 처인구 원삼면	2026	공업지역	지목	차	창	0.94
41461	용인시 처인구 원삼면	2026	공업지역	지목	차	잡	0.94
41461	용인시 처인구 원삼면	2026	공업지역	지목	주	전	0.85
41461	용인시 처인구 원삼면	2026	공업지역	지목	주	답	0.85
41461	용인시 처인구 원삼면	2026	공업지역	지목	주	과	0.85
41461	용인시 처인구 원삼면	2026	공업지역	지목	주	목	0.82
41461	용인시 처인구 원삼면	2026	공업지역	지목	주	임	0.8
41461	용인시 처인구 원삼면	2026	공업지역	지목	주	대	1
41461	용인시 처인구 원삼면	2026	공업지역	지목	주	장	1
41461	용인시 처인구 원삼면	2026	공업지역	지목	주	차	1
41461	용인시 처인구 원삼면	2026	공업지역	지목	주	주	1
41461	용인시 처인구 원삼면	2026	공업지역	지목	주	창	0.94
41461	용인시 처인구 원삼면	2026	공업지역	지목	주	잡	0.94
41461	용인시 처인구 원삼면	2026	공업지역	지목	창	전	0.91
41461	용인시 처인구 원삼면	2026	공업지역	지목	창	답	0.91
41461	용인시 처인구 원삼면	2026	공업지역	지목	창	과	0.91
41461	용인시 처인구 원삼면	2026	공업지역	지목	창	목	0.87
41461	용인시 처인구 원삼면	2026	공업지역	지목	창	임	0.85
41461	용인시 처인구 원삼면	2026	공업지역	지목	창	대	1.06
41461	용인시 처인구 원삼면	2026	공업지역	지목	창	장	1.06
41461	용인시 처인구 원삼면	2026	공업지역	지목	창	차	1.06
41461	용인시 처인구 원삼면	2026	공업지역	지목	창	주	1.06
41461	용인시 처인구 원삼면	2026	공업지역	지목	창	창	1
41461	용인시 처인구 원삼면	2026	공업지역	지목	창	잡	1
41461	용인시 처인구 원삼면	2026	공업지역	지목	잡	전	0.91
41461	용인시 처인구 원삼면	2026	공업지역	지목	잡	답	0.91
41461	용인시 처인구 원삼면	2026	공업지역	지목	잡	과	0.91
41461	용인시 처인구 원삼면	2026	공업지역	지목	잡	목	0.87
41461	용인시 처인구 원삼면	2026	공업지역	지목	잡	임	0.85
41461	용인시 처인구 원삼면	2026	공업지역	지목	잡	대	1.06
41461	용인시 처인구 원삼면	2026	공업지역	지목	잡	장	1.06
41461	용인시 처인구 원삼면	2026	공업지역	지목	잡	차	1.06
41461	용인시 처인구 원삼면	2026	공업지역	지목	잡	주	1.06
41461	용인시 처인구 원삼면	2026	공업지역	지목	잡	창	1
41461	용인시 처인구 원삼면	2026	공업지역	지목	잡	잡	1
41461	용인시 처인구 원삼면	2026	공업지역	토지면적	3300	3300	1
41461	용인시 처인구 원삼면	2026	공업지역	토지면적	3300	16500	0.98
41461	용인시 처인구 원삼면	2026	공업지역	토지면적	3300	33000	0.97
41461	용인시 처인구 원삼면	2026	공업지역	토지면적	3300	66000	0.96
41461	용인시 처인구 원삼면	2026	공업지역	토지면적	3300	그이상	0.95
41461	용인시 처인구 원삼면	2026	공업지역	토지면적	16500	3300	1.02
41461	용인시 처인구 원삼면	2026	공업지역	토지면적	16500	16500	1
41461	용인시 처인구 원삼면	2026	공업지역	토지면적	16500	33000	0.99
41461	용인시 처인구 원삼면	2026	공업지역	토지면적	16500	66000	0.98
41461	용인시 처인구 원삼면	2026	공업지역	토지면적	16500	그이상	0.97
41461	용인시 처인구 원삼면	2026	공업지역	토지면적	33000	3300	1.03
41461	용인시 처인구 원삼면	2026	공업지역	토지면적	33000	16500	1.01
41461	용인시 처인구 원삼면	2026	공업지역	토지면적	33000	33000	1
41461	용인시 처인구 원삼면	2026	공업지역	토지면적	33000	66000	0.99
41461	용인시 처인구 원삼면	2026	공업지역	토지면적	33000	그이상	0.98
41461	용인시 처인구 원삼면	2026	공업지역	토지면적	66000	3300	1.04
41461	용인시 처인구 원삼면	2026	공업지역	토지면적	66000	16500	1.02
41461	용인시 처인구 원삼면	2026	공업지역	토지면적	66000	33000	1.01
41461	용인시 처인구 원삼면	2026	공업지역	토지면적	66000	66000	1
41461	용인시 처인구 원삼면	2026	공업지역	토지면적	66000	그이상	0.99
41461	용인시 처인구 원삼면	2026	공업지역	토지면적	그이상	3300	1.05
41461	용인시 처인구 원삼면	2026	공업지역	토지면적	그이상	16500	1.03
41461	용인시 처인구 원삼면	2026	공업지역	토지면적	그이상	33000	1.02
41461	용인시 처인구 원삼면	2026	공업지역	토지면적	그이상	66000	1.01
41461	용인시 처인구 원삼면	2026	공업지역	토지면적	그이상	그이상	1
41461	용인시 처인구 원삼면	2026	공업지역	용도지구	일반	일반	1
41461	용인시 처인구 원삼면	2026	공업지역	용도지구	일반	역사보호	0.92
41461	용인시 처인구 원삼면	2026	공업지역	용도지구	일반	경관	0.92
41461	용인시 처인구 원삼면	2026	공업지역	용도지구	일반	공항보호	0.86
41461	용인시 처인구 원삼면	2026	공업지역	용도지구	일반	고도	0.97
41461	용인시 처인구 원삼면	2026	공업지역	용도지구	역사보호	일반	1.09
41461	용인시 처인구 원삼면	2026	공업지역	용도지구	역사보호	역사보호	1
41461	용인시 처인구 원삼면	2026	공업지역	용도지구	역사보호	경관	1
41461	용인시 처인구 원삼면	2026	공업지역	용도지구	역사보호	공항보호	0.93
41461	용인시 처인구 원삼면	2026	공업지역	용도지구	역사보호	고도	1.05
41461	용인시 처인구 원삼면	2026	공업지역	용도지구	경관	일반	1.09
41461	용인시 처인구 원삼면	2026	공업지역	용도지구	경관	역사보호	1
41461	용인시 처인구 원삼면	2026	공업지역	용도지구	경관	경관	1
41461	용인시 처인구 원삼면	2026	공업지역	용도지구	경관	공항보호	0.93
41461	용인시 처인구 원삼면	2026	공업지역	용도지구	경관	고도	1.05
41461	용인시 처인구 원삼면	2026	공업지역	용도지구	공항보호	일반	1.16
41461	용인시 처인구 원삼면	2026	공업지역	용도지구	공항보호	역사보호	1.07
41461	용인시 처인구 원삼면	2026	공업지역	용도지구	공항보호	경관	1.07
41461	용인시 처인구 원삼면	2026	공업지역	용도지구	공항보호	공항보호	1
41461	용인시 처인구 원삼면	2026	공업지역	용도지구	공항보호	고도	1.13
41461	용인시 처인구 원삼면	2026	공업지역	용도지구	고도	일반	1.03
41461	용인시 처인구 원삼면	2026	공업지역	용도지구	고도	역사보호	0.95
41461	용인시 처인구 원삼면	2026	공업지역	용도지구	고도	경관	0.95
41461	용인시 처인구 원삼면	2026	공업지역	용도지구	고도	공항보호	0.89
41461	용인시 처인구 원삼면	2026	공업지역	용도지구	고도	고도	1
41461	용인시 처인구 원삼면	2026	공업지역	도시계획시설	일반	일반	1
41461	용인시 처인구 원삼면	2026	공업지역	도시계획시설	일반	지상도로	0.85
41461	용인시 처인구 원삼면	2026	공업지역	도시계획시설	일반	지하도로	0.95
41461	용인시 처인구 원삼면	2026	공업지역	도시계획시설	일반	공원	0.6
41461	용인시 처인구 원삼면	2026	공업지역	도시계획시설	일반	운동장	0.85
41461	용인시 처인구 원삼면	2026	공업지역	도시계획시설	일반	혐오	0.85
41461	용인시 처인구 원삼면	2026	공업지역	도시계획시설	일반	위험	0.85
41461	용인시 처인구 원삼면	2026	공업지역	도시계획시설	일반	도축장	0.85
41461	용인시 처인구 원삼면	2026	공업지역	도시계획시설	지상도로	일반	1.18
41461	용인시 처인구 원삼면	2026	공업지역	도시계획시설	지상도로	지상도로	1
41461	용인시 처인구 원삼면	2026	공업지역	도시계획시설	지상도로	지하도로	1.12
41461	용인시 처인구 원삼면	2026	공업지역	도시계획시설	지상도로	공원	0.71
41461	용인시 처인구 원삼면	2026	공업지역	도시계획시설	지상도로	운동장	1
41461	용인시 처인구 원삼면	2026	공업지역	도시계획시설	지상도로	혐오	1
41461	용인시 처인구 원삼면	2026	공업지역	도시계획시설	지상도로	위험	1
41461	용인시 처인구 원삼면	2026	공업지역	도시계획시설	지상도로	도축장	1
41461	용인시 처인구 원삼면	2026	공업지역	도시계획시설	지하도로	일반	1.05
41461	용인시 처인구 원삼면	2026	공업지역	도시계획시설	지하도로	지상도로	0.89
41461	용인시 처인구 원삼면	2026	공업지역	도시계획시설	지하도로	지하도로	1
41461	용인시 처인구 원삼면	2026	공업지역	도시계획시설	지하도로	공원	0.63
41461	용인시 처인구 원삼면	2026	공업지역	도시계획시설	지하도로	운동장	0.89
41461	용인시 처인구 원삼면	2026	공업지역	도시계획시설	지하도로	혐오	0.89
41461	용인시 처인구 원삼면	2026	공업지역	도시계획시설	지하도로	위험	0.89
41461	용인시 처인구 원삼면	2026	공업지역	도시계획시설	지하도로	도축장	0.89
41461	용인시 처인구 원삼면	2026	공업지역	도시계획시설	공원	일반	1.67
41461	용인시 처인구 원삼면	2026	공업지역	도시계획시설	공원	지상도로	1.42
41461	용인시 처인구 원삼면	2026	공업지역	도시계획시설	공원	지하도로	1.58
41461	용인시 처인구 원삼면	2026	공업지역	도시계획시설	공원	공원	1
41461	용인시 처인구 원삼면	2026	공업지역	도시계획시설	공원	운동장	1.42
41461	용인시 처인구 원삼면	2026	공업지역	도시계획시설	공원	혐오	1.42
41461	용인시 처인구 원삼면	2026	공업지역	도시계획시설	공원	위험	1.42
41461	용인시 처인구 원삼면	2026	공업지역	도시계획시설	공원	도축장	1.42
41461	용인시 처인구 원삼면	2026	공업지역	도시계획시설	운동장	일반	1.18
41461	용인시 처인구 원삼면	2026	공업지역	도시계획시설	운동장	지상도로	1
41461	용인시 처인구 원삼면	2026	공업지역	도시계획시설	운동장	지하도로	1.12
41461	용인시 처인구 원삼면	2026	공업지역	도시계획시설	운동장	공원	0.71
41461	용인시 처인구 원삼면	2026	공업지역	도시계획시설	운동장	운동장	1
41461	용인시 처인구 원삼면	2026	공업지역	도시계획시설	운동장	혐오	1
41461	용인시 처인구 원삼면	2026	공업지역	도시계획시설	운동장	위험	1
41461	용인시 처인구 원삼면	2026	공업지역	도시계획시설	운동장	도축장	1
41461	용인시 처인구 원삼면	2026	공업지역	도시계획시설	혐오	일반	1.18
41461	용인시 처인구 원삼면	2026	공업지역	도시계획시설	혐오	지상도로	1
41461	용인시 처인구 원삼면	2026	공업지역	도시계획시설	혐오	지하도로	1.12
41461	용인시 처인구 원삼면	2026	공업지역	도시계획시설	혐오	공원	0.71
41461	용인시 처인구 원삼면	2026	공업지역	도시계획시설	혐오	운동장	1
41461	용인시 처인구 원삼면	2026	공업지역	도시계획시설	혐오	혐오	1
41461	용인시 처인구 원삼면	2026	공업지역	도시계획시설	혐오	위험	1
41461	용인시 처인구 원삼면	2026	공업지역	도시계획시설	혐오	도축장	1
41461	용인시 처인구 원삼면	2026	공업지역	도시계획시설	위험	일반	1.18
41461	용인시 처인구 원삼면	2026	공업지역	도시계획시설	위험	지상도로	1
41461	용인시 처인구 원삼면	2026	공업지역	도시계획시설	위험	지하도로	1.12
41461	용인시 처인구 원삼면	2026	공업지역	도시계획시설	위험	공원	0.71
41461	용인시 처인구 원삼면	2026	공업지역	도시계획시설	위험	운동장	1
41461	용인시 처인구 원삼면	2026	공업지역	도시계획시설	위험	혐오	1
41461	용인시 처인구 원삼면	2026	공업지역	도시계획시설	위험	위험	1
41461	용인시 처인구 원삼면	2026	공업지역	도시계획시설	위험	도축장	1
41461	용인시 처인구 원삼면	2026	공업지역	도시계획시설	도축장	일반	1.18
41461	용인시 처인구 원삼면	2026	공업지역	도시계획시설	도축장	지상도로	1
41461	용인시 처인구 원삼면	2026	공업지역	도시계획시설	도축장	지하도로	1.12
41461	용인시 처인구 원삼면	2026	공업지역	도시계획시설	도축장	공원	0.71
41461	용인시 처인구 원삼면	2026	공업지역	도시계획시설	도축장	운동장	1
41461	용인시 처인구 원삼면	2026	공업지역	도시계획시설	도축장	혐오	1
41461	용인시 처인구 원삼면	2026	공업지역	도시계획시설	도축장	위험	1
41461	용인시 처인구 원삼면	2026	공업지역	도시계획시설	도축장	도축장	1
41461	용인시 처인구 원삼면	2026	공업지역	기타제한	일반	일반	1
41461	용인시 처인구 원삼면	2026	공업지역	기타제한	일반	보존	0.6
41461	용인시 처인구 원삼면	2026	공업지역	기타제한	일반	환경	0.66
41461	용인시 처인구 원삼면	2026	공업지역	기타제한	일반	마을	0.8
41461	용인시 처인구 원삼면	2026	공업지역	기타제한	일반	상수	0.86
41461	용인시 처인구 원삼면	2026	공업지역	기타제한	일반	특별	0.86
41461	용인시 처인구 원삼면	2026	공업지역	기타제한	일반	국보	0.9
41461	용인시 처인구 원삼면	2026	공업지역	기타제한	일반	군사	0.88
41461	용인시 처인구 원삼면	2026	공업지역	기타제한	일반	도공	0.6
41461	용인시 처인구 원삼면	2026	공업지역	기타제한	일반	일시	0.6
41461	용인시 처인구 원삼면	2026	공업지역	기타제한	보존	일반	1.67
41461	용인시 처인구 원삼면	2026	공업지역	기타제한	보존	보존	1
41461	용인시 처인구 원삼면	2026	공업지역	기타제한	보존	환경	1.1
41461	용인시 처인구 원삼면	2026	공업지역	기타제한	보존	마을	1.33
41461	용인시 처인구 원삼면	2026	공업지역	기타제한	보존	상수	1.43
41461	용인시 처인구 원삼면	2026	공업지역	기타제한	보존	특별	1.43
41461	용인시 처인구 원삼면	2026	공업지역	기타제한	보존	국보	1.5
41461	용인시 처인구 원삼면	2026	공업지역	기타제한	보존	군사	1.47
41461	용인시 처인구 원삼면	2026	공업지역	기타제한	보존	도공	1
41461	용인시 처인구 원삼면	2026	공업지역	기타제한	보존	일시	1
41461	용인시 처인구 원삼면	2026	공업지역	기타제한	환경	일반	1.52
41461	용인시 처인구 원삼면	2026	공업지역	기타제한	환경	보존	0.91
41461	용인시 처인구 원삼면	2026	공업지역	기타제한	환경	환경	1
41461	용인시 처인구 원삼면	2026	공업지역	기타제한	환경	마을	1.21
41461	용인시 처인구 원삼면	2026	공업지역	기타제한	환경	상수	1.3
41461	용인시 처인구 원삼면	2026	공업지역	기타제한	환경	특별	1.3
41461	용인시 처인구 원삼면	2026	공업지역	기타제한	환경	국보	1.36
41461	용인시 처인구 원삼면	2026	공업지역	기타제한	환경	군사	1.33
41461	용인시 처인구 원삼면	2026	공업지역	기타제한	환경	도공	0.91
41461	용인시 처인구 원삼면	2026	공업지역	기타제한	환경	일시	0.91
41461	용인시 처인구 원삼면	2026	공업지역	기타제한	마을	일반	1.25
41461	용인시 처인구 원삼면	2026	공업지역	기타제한	마을	보존	0.75
41461	용인시 처인구 원삼면	2026	공업지역	기타제한	마을	환경	0.83
41461	용인시 처인구 원삼면	2026	공업지역	기타제한	마을	마을	1
41461	용인시 처인구 원삼면	2026	공업지역	기타제한	마을	상수	1.08
41461	용인시 처인구 원삼면	2026	공업지역	기타제한	마을	특별	1.08
41461	용인시 처인구 원삼면	2026	공업지역	기타제한	마을	국보	1.13
41461	용인시 처인구 원삼면	2026	공업지역	기타제한	마을	군사	1.1
41461	용인시 처인구 원삼면	2026	공업지역	기타제한	마을	도공	0.75
41461	용인시 처인구 원삼면	2026	공업지역	기타제한	마을	일시	0.75
41461	용인시 처인구 원삼면	2026	공업지역	기타제한	상수	일반	1.16
41461	용인시 처인구 원삼면	2026	공업지역	기타제한	상수	보존	0.7
41461	용인시 처인구 원삼면	2026	공업지역	기타제한	상수	환경	0.77
41461	용인시 처인구 원삼면	2026	공업지역	기타제한	상수	마을	0.93
41461	용인시 처인구 원삼면	2026	공업지역	기타제한	상수	상수	1
41461	용인시 처인구 원삼면	2026	공업지역	기타제한	상수	특별	1
41461	용인시 처인구 원삼면	2026	공업지역	기타제한	상수	국보	1.05
41461	용인시 처인구 원삼면	2026	공업지역	기타제한	상수	군사	1.02
41461	용인시 처인구 원삼면	2026	공업지역	기타제한	상수	도공	0.7
41461	용인시 처인구 원삼면	2026	공업지역	기타제한	상수	일시	0.7
41461	용인시 처인구 원삼면	2026	공업지역	기타제한	특별	일반	1.16
41461	용인시 처인구 원삼면	2026	공업지역	기타제한	특별	보존	0.7
41461	용인시 처인구 원삼면	2026	공업지역	기타제한	특별	환경	0.77
41461	용인시 처인구 원삼면	2026	공업지역	기타제한	특별	마을	0.93
41461	용인시 처인구 원삼면	2026	공업지역	기타제한	특별	상수	1
41461	용인시 처인구 원삼면	2026	공업지역	기타제한	특별	특별	1
41461	용인시 처인구 원삼면	2026	공업지역	기타제한	특별	국보	1.05
41461	용인시 처인구 원삼면	2026	공업지역	기타제한	특별	군사	1.02
41461	용인시 처인구 원삼면	2026	공업지역	기타제한	특별	도공	0.7
41461	용인시 처인구 원삼면	2026	공업지역	기타제한	특별	일시	0.7
41461	용인시 처인구 원삼면	2026	공업지역	기타제한	국보	일반	1.11
41461	용인시 처인구 원삼면	2026	공업지역	기타제한	국보	보존	0.67
41461	용인시 처인구 원삼면	2026	공업지역	기타제한	국보	환경	0.73
41461	용인시 처인구 원삼면	2026	공업지역	기타제한	국보	마을	0.89
41461	용인시 처인구 원삼면	2026	공업지역	기타제한	국보	상수	0.96
41461	용인시 처인구 원삼면	2026	공업지역	기타제한	국보	특별	0.96
41461	용인시 처인구 원삼면	2026	공업지역	기타제한	국보	국보	1
41461	용인시 처인구 원삼면	2026	공업지역	기타제한	국보	군사	0.98
41461	용인시 처인구 원삼면	2026	공업지역	기타제한	국보	도공	0.67
41461	용인시 처인구 원삼면	2026	공업지역	기타제한	국보	일시	0.67
41461	용인시 처인구 원삼면	2026	공업지역	기타제한	군사	일반	1.14
41461	용인시 처인구 원삼면	2026	공업지역	기타제한	군사	보존	0.68
41461	용인시 처인구 원삼면	2026	공업지역	기타제한	군사	환경	0.75
41461	용인시 처인구 원삼면	2026	공업지역	기타제한	군사	마을	0.91
41461	용인시 처인구 원삼면	2026	공업지역	기타제한	군사	상수	0.98
41461	용인시 처인구 원삼면	2026	공업지역	기타제한	군사	특별	0.98
41461	용인시 처인구 원삼면	2026	공업지역	기타제한	군사	국보	1.02
41461	용인시 처인구 원삼면	2026	공업지역	기타제한	군사	군사	1
41461	용인시 처인구 원삼면	2026	공업지역	기타제한	군사	도공	0.68
41461	용인시 처인구 원삼면	2026	공업지역	기타제한	군사	일시	0.68
41461	용인시 처인구 원삼면	2026	공업지역	기타제한	도공	일반	1.67
41461	용인시 처인구 원삼면	2026	공업지역	기타제한	도공	보존	1
41461	용인시 처인구 원삼면	2026	공업지역	기타제한	도공	환경	1.1
41461	용인시 처인구 원삼면	2026	공업지역	기타제한	도공	마을	1.33
41461	용인시 처인구 원삼면	2026	공업지역	기타제한	도공	상수	1.43
41461	용인시 처인구 원삼면	2026	공업지역	기타제한	도공	특별	1.43
41461	용인시 처인구 원삼면	2026	공업지역	기타제한	도공	국보	1.5
41461	용인시 처인구 원삼면	2026	공업지역	기타제한	도공	군사	1.47
41461	용인시 처인구 원삼면	2026	공업지역	기타제한	도공	도공	1
41461	용인시 처인구 원삼면	2026	공업지역	기타제한	도공	일시	1
41461	용인시 처인구 원삼면	2026	공업지역	기타제한	일시	일반	1.67
41461	용인시 처인구 원삼면	2026	공업지역	기타제한	일시	보존	1
41461	용인시 처인구 원삼면	2026	공업지역	기타제한	일시	환경	1.1
41461	용인시 처인구 원삼면	2026	공업지역	기타제한	일시	마을	1.33
41461	용인시 처인구 원삼면	2026	공업지역	기타제한	일시	상수	1.43
41461	용인시 처인구 원삼면	2026	공업지역	기타제한	일시	특별	1.43
41461	용인시 처인구 원삼면	2026	공업지역	기타제한	일시	국보	1.5
41461	용인시 처인구 원삼면	2026	공업지역	기타제한	일시	군사	1.47
41461	용인시 처인구 원삼면	2026	공업지역	기타제한	일시	도공	1
41461	용인시 처인구 원삼면	2026	공업지역	기타제한	일시	일시	1
41461	용인시 처인구 원삼면	2026	공업지역	농지구분	진흥	진흥	1
41461	용인시 처인구 원삼면	2026	공업지역	농지구분	진흥	보호	1.02
41461	용인시 처인구 원삼면	2026	공업지역	농지구분	진흥	해당없음	1.05
41461	용인시 처인구 원삼면	2026	공업지역	농지구분	보호	진흥	0.98
41461	용인시 처인구 원삼면	2026	공업지역	농지구분	보호	보호	1
41461	용인시 처인구 원삼면	2026	공업지역	농지구분	보호	해당없음	1.03
41461	용인시 처인구 원삼면	2026	공업지역	농지구분	해당없음	진흥	0.95
41461	용인시 처인구 원삼면	2026	공업지역	농지구분	해당없음	보호	0.97
41461	용인시 처인구 원삼면	2026	공업지역	농지구분	해당없음	해당없음	1
41461	용인시 처인구 원삼면	2026	공업지역	비옥도	비옥	비옥	1
41461	용인시 처인구 원삼면	2026	공업지역	비옥도	비옥	저습·사질척박	0.94
41461	용인시 처인구 원삼면	2026	공업지역	비옥도	저습·사질척박	비옥	1.06
41461	용인시 처인구 원삼면	2026	공업지역	비옥도	저습·사질척박	저습·사질척박	1
41461	용인시 처인구 원삼면	2026	공업지역	경지정리	정리	정리	1
41461	용인시 처인구 원삼면	2026	공업지역	경지정리	정리	미정리	0.99
41461	용인시 처인구 원삼면	2026	공업지역	경지정리	미정리	정리	1.01
41461	용인시 처인구 원삼면	2026	공업지역	경지정리	미정리	미정리	1
41461	용인시 처인구 원삼면	2026	공업지역	임야	보전산	보전산	1
41461	용인시 처인구 원삼면	2026	공업지역	임야	보전산	준보전산	1.18
41461	용인시 처인구 원삼면	2026	공업지역	임야	준보전산	보전산	0.85
41461	용인시 처인구 원삼면	2026	공업지역	임야	준보전산	준보전산	1
41461	용인시 처인구 원삼면	2026	공업지역	토지이용상황	주거용	주거용	1
41461	용인시 처인구 원삼면	2026	공업지역	토지이용상황	주거용	상업업무	1.52
41461	용인시 처인구 원삼면	2026	공업지역	토지이용상황	주거용	주상복합	1.43
41461	용인시 처인구 원삼면	2026	공업지역	토지이용상황	주거용	공업용	1.03
41461	용인시 처인구 원삼면	2026	공업지역	토지이용상황	주거용	태양광	0.86
41461	용인시 처인구 원삼면	2026	공업지역	토지이용상황	주거용	전	0.67
41461	용인시 처인구 원삼면	2026	공업지역	토지이용상황	주거용	전창고	0.74
41461	용인시 처인구 원삼면	2026	공업지역	토지이용상황	주거용	전축사	0.75
41461	용인시 처인구 원삼면	2026	공업지역	토지이용상황	주거용	답	0.63
41461	용인시 처인구 원삼면	2026	공업지역	토지이용상황	주거용	답창고	0.7
41461	용인시 처인구 원삼면	2026	공업지역	토지이용상황	주거용	답축사	0.71
41461	용인시 처인구 원삼면	2026	공업지역	토지이용상황	주거용	임야	0.4
41461	용인시 처인구 원삼면	2026	공업지역	토지이용상황	상업업무	주거용	0.66
41461	용인시 처인구 원삼면	2026	공업지역	토지이용상황	상업업무	상업업무	1
41461	용인시 처인구 원삼면	2026	공업지역	토지이용상황	상업업무	주상복합	0.94
41461	용인시 처인구 원삼면	2026	공업지역	토지이용상황	상업업무	공업용	0.68
41461	용인시 처인구 원삼면	2026	공업지역	토지이용상황	상업업무	태양광	0.57
41461	용인시 처인구 원삼면	2026	공업지역	토지이용상황	상업업무	전	0.44
41461	용인시 처인구 원삼면	2026	공업지역	토지이용상황	상업업무	전창고	0.49
41461	용인시 처인구 원삼면	2026	공업지역	토지이용상황	상업업무	전축사	0.49
41461	용인시 처인구 원삼면	2026	공업지역	토지이용상황	상업업무	답	0.41
41461	용인시 처인구 원삼면	2026	공업지역	토지이용상황	상업업무	답창고	0.46
41461	용인시 처인구 원삼면	2026	공업지역	토지이용상황	상업업무	답축사	0.47
41461	용인시 처인구 원삼면	2026	공업지역	토지이용상황	상업업무	임야	0.26
41461	용인시 처인구 원삼면	2026	공업지역	토지이용상황	주상복합	주거용	0.7
41461	용인시 처인구 원삼면	2026	공업지역	토지이용상황	주상복합	상업업무	1.06
41461	용인시 처인구 원삼면	2026	공업지역	토지이용상황	주상복합	주상복합	1
41461	용인시 처인구 원삼면	2026	공업지역	토지이용상황	주상복합	공업용	0.72
41461	용인시 처인구 원삼면	2026	공업지역	토지이용상황	주상복합	태양광	0.6
41461	용인시 처인구 원삼면	2026	공업지역	토지이용상황	주상복합	전	0.47
41461	용인시 처인구 원삼면	2026	공업지역	토지이용상황	주상복합	전창고	0.52
41461	용인시 처인구 원삼면	2026	공업지역	토지이용상황	주상복합	전축사	0.52
41461	용인시 처인구 원삼면	2026	공업지역	토지이용상황	주상복합	답	0.44
41461	용인시 처인구 원삼면	2026	공업지역	토지이용상황	주상복합	답창고	0.49
41461	용인시 처인구 원삼면	2026	공업지역	토지이용상황	주상복합	답축사	0.5
41461	용인시 처인구 원삼면	2026	공업지역	토지이용상황	주상복합	임야	0.28
41461	용인시 처인구 원삼면	2026	공업지역	토지이용상황	공업용	주거용	0.97
41461	용인시 처인구 원삼면	2026	공업지역	토지이용상황	공업용	상업업무	1.48
41461	용인시 처인구 원삼면	2026	공업지역	토지이용상황	공업용	주상복합	1.39
41461	용인시 처인구 원삼면	2026	공업지역	토지이용상황	공업용	공업용	1
41461	용인시 처인구 원삼면	2026	공업지역	토지이용상황	공업용	태양광	0.83
41461	용인시 처인구 원삼면	2026	공업지역	토지이용상황	공업용	전	0.65
41461	용인시 처인구 원삼면	2026	공업지역	토지이용상황	공업용	전창고	0.72
41461	용인시 처인구 원삼면	2026	공업지역	토지이용상황	공업용	전축사	0.73
41461	용인시 처인구 원삼면	2026	공업지역	토지이용상황	공업용	답	0.61
41461	용인시 처인구 원삼면	2026	공업지역	토지이용상황	공업용	답창고	0.68
41461	용인시 처인구 원삼면	2026	공업지역	토지이용상황	공업용	답축사	0.69
41461	용인시 처인구 원삼면	2026	공업지역	토지이용상황	공업용	임야	0.39
41461	용인시 처인구 원삼면	2026	공업지역	토지이용상황	태양광	주거용	1.16
41461	용인시 처인구 원삼면	2026	공업지역	토지이용상황	태양광	상업업무	1.77
41461	용인시 처인구 원삼면	2026	공업지역	토지이용상황	태양광	주상복합	1.66
41461	용인시 처인구 원삼면	2026	공업지역	토지이용상황	태양광	공업용	1.2
41461	용인시 처인구 원삼면	2026	공업지역	토지이용상황	태양광	태양광	1
41461	용인시 처인구 원삼면	2026	공업지역	토지이용상황	태양광	전	0.78
41461	용인시 처인구 원삼면	2026	공업지역	토지이용상황	태양광	전창고	0.86
41461	용인시 처인구 원삼면	2026	공업지역	토지이용상황	태양광	전축사	0.87
41461	용인시 처인구 원삼면	2026	공업지역	토지이용상황	태양광	답	0.73
41461	용인시 처인구 원삼면	2026	공업지역	토지이용상황	태양광	답창고	0.81
41461	용인시 처인구 원삼면	2026	공업지역	토지이용상황	태양광	답축사	0.83
41461	용인시 처인구 원삼면	2026	공업지역	토지이용상황	태양광	임야	0.47
41461	용인시 처인구 원삼면	2026	공업지역	토지이용상황	전	주거용	1.49
41461	용인시 처인구 원삼면	2026	공업지역	토지이용상황	전	상업업무	2.27
41461	용인시 처인구 원삼면	2026	공업지역	토지이용상황	전	주상복합	2.13
41461	용인시 처인구 원삼면	2026	공업지역	토지이용상황	전	공업용	1.54
41461	용인시 처인구 원삼면	2026	공업지역	토지이용상황	전	태양광	1.28
41461	용인시 처인구 원삼면	2026	공업지역	토지이용상황	전	전	1
41461	용인시 처인구 원삼면	2026	공업지역	토지이용상황	전	전창고	1.1
41461	용인시 처인구 원삼면	2026	공업지역	토지이용상황	전	전축사	1.12
41461	용인시 처인구 원삼면	2026	공업지역	토지이용상황	전	답	0.94
41461	용인시 처인구 원삼면	2026	공업지역	토지이용상황	전	답창고	1.04
41461	용인시 처인구 원삼면	2026	공업지역	토지이용상황	전	답축사	1.06
41461	용인시 처인구 원삼면	2026	공업지역	토지이용상황	전	임야	0.6
41461	용인시 처인구 원삼면	2026	공업지역	토지이용상황	전창고	주거용	1.35
41461	용인시 처인구 원삼면	2026	공업지역	토지이용상황	전창고	상업업무	2.05
41461	용인시 처인구 원삼면	2026	공업지역	토지이용상황	전창고	주상복합	1.93
41461	용인시 처인구 원삼면	2026	공업지역	토지이용상황	전창고	공업용	1.39
41461	용인시 처인구 원삼면	2026	공업지역	토지이용상황	전창고	태양광	1.16
41461	용인시 처인구 원삼면	2026	공업지역	토지이용상황	전창고	전	0.91
41461	용인시 처인구 원삼면	2026	공업지역	토지이용상황	전창고	전창고	1
41461	용인시 처인구 원삼면	2026	공업지역	토지이용상황	전창고	전축사	1.01
41461	용인시 처인구 원삼면	2026	공업지역	토지이용상황	전창고	답	0.85
41461	용인시 처인구 원삼면	2026	공업지역	토지이용상황	전창고	답창고	0.95
41461	용인시 처인구 원삼면	2026	공업지역	토지이용상황	전창고	답축사	0.96
41461	용인시 처인구 원삼면	2026	공업지역	토지이용상황	전창고	임야	0.54
41461	용인시 처인구 원삼면	2026	공업지역	토지이용상황	전축사	주거용	1.33
41461	용인시 처인구 원삼면	2026	공업지역	토지이용상황	전축사	상업업무	2.03
41461	용인시 처인구 원삼면	2026	공업지역	토지이용상황	전축사	주상복합	1.91
41461	용인시 처인구 원삼면	2026	공업지역	토지이용상황	전축사	공업용	1.37
41461	용인시 처인구 원삼면	2026	공업지역	토지이용상황	전축사	태양광	1.15
41461	용인시 처인구 원삼면	2026	공업지역	토지이용상황	전축사	전	0.89
41461	용인시 처인구 원삼면	2026	공업지역	토지이용상황	전축사	전창고	0.99
41461	용인시 처인구 원삼면	2026	공업지역	토지이용상황	전축사	전축사	1
41461	용인시 처인구 원삼면	2026	공업지역	토지이용상황	전축사	답	0.84
41461	용인시 처인구 원삼면	2026	공업지역	토지이용상황	전축사	답창고	0.93
41461	용인시 처인구 원삼면	2026	공업지역	토지이용상황	전축사	답축사	0.95
41461	용인시 처인구 원삼면	2026	공업지역	토지이용상황	전축사	임야	0.53
41461	용인시 처인구 원삼면	2026	공업지역	토지이용상황	답	주거용	1.59
41461	용인시 처인구 원삼면	2026	공업지역	토지이용상황	답	상업업무	2.41
41461	용인시 처인구 원삼면	2026	공업지역	토지이용상황	답	주상복합	2.27
41461	용인시 처인구 원삼면	2026	공업지역	토지이용상황	답	공업용	1.63
41461	용인시 처인구 원삼면	2026	공업지역	토지이용상황	답	태양광	1.37
41461	용인시 처인구 원삼면	2026	공업지역	토지이용상황	답	전	1.06
41461	용인시 처인구 원삼면	2026	공업지역	토지이용상황	답	전창고	1.17
41461	용인시 처인구 원삼면	2026	공업지역	토지이용상황	답	전축사	1.19
41461	용인시 처인구 원삼면	2026	공업지역	토지이용상황	답	답	1
41461	용인시 처인구 원삼면	2026	공업지역	토지이용상황	답	답창고	1.11
41461	용인시 처인구 원삼면	2026	공업지역	토지이용상황	답	답축사	1.13
41461	용인시 처인구 원삼면	2026	공업지역	토지이용상황	답	임야	0.63
41461	용인시 처인구 원삼면	2026	공업지역	토지이용상황	답창고	주거용	1.43
41461	용인시 처인구 원삼면	2026	공업지역	토지이용상황	답창고	상업업무	2.17
41461	용인시 처인구 원삼면	2026	공업지역	토지이용상황	답창고	주상복합	2.04
41461	용인시 처인구 원삼면	2026	공업지역	토지이용상황	답창고	공업용	1.47
41461	용인시 처인구 원삼면	2026	공업지역	토지이용상황	답창고	태양광	1.23
41461	용인시 처인구 원삼면	2026	공업지역	토지이용상황	답창고	전	0.96
41461	용인시 처인구 원삼면	2026	공업지역	토지이용상황	답창고	전창고	1.06
41461	용인시 처인구 원삼면	2026	공업지역	토지이용상황	답창고	전축사	1.07
41461	용인시 처인구 원삼면	2026	공업지역	토지이용상황	답창고	답	0.9
41461	용인시 처인구 원삼면	2026	공업지역	토지이용상황	답창고	답창고	1
41461	용인시 처인구 원삼면	2026	공업지역	토지이용상황	답창고	답축사	1.01
41461	용인시 처인구 원삼면	2026	공업지역	토지이용상황	답창고	임야	0.57
41461	용인시 처인구 원삼면	2026	공업지역	토지이용상황	답축사	주거용	1.41
41461	용인시 처인구 원삼면	2026	공업지역	토지이용상황	답축사	상업업무	2.14
41461	용인시 처인구 원삼면	2026	공업지역	토지이용상황	답축사	주상복합	2.01
41461	용인시 처인구 원삼면	2026	공업지역	토지이용상황	답축사	공업용	1.45
41461	용인시 처인구 원삼면	2026	공업지역	토지이용상황	답축사	태양광	1.21
41461	용인시 처인구 원삼면	2026	공업지역	토지이용상황	답축사	전	0.94
41461	용인시 처인구 원삼면	2026	공업지역	토지이용상황	답축사	전창고	1.04
41461	용인시 처인구 원삼면	2026	공업지역	토지이용상황	답축사	전축사	1.06
41461	용인시 처인구 원삼면	2026	공업지역	토지이용상황	답축사	답	0.89
41461	용인시 처인구 원삼면	2026	공업지역	토지이용상황	답축사	답창고	0.99
41461	용인시 처인구 원삼면	2026	공업지역	토지이용상황	답축사	답축사	1
41461	용인시 처인구 원삼면	2026	공업지역	토지이용상황	답축사	임야	0.56
41461	용인시 처인구 원삼면	2026	공업지역	토지이용상황	임야	주거용	2.5
41461	용인시 처인구 원삼면	2026	공업지역	토지이용상황	임야	상업업무	3.8
41461	용인시 처인구 원삼면	2026	공업지역	토지이용상황	임야	주상복합	3.58
41461	용인시 처인구 원삼면	2026	공업지역	토지이용상황	임야	공업용	2.58
41461	용인시 처인구 원삼면	2026	공업지역	토지이용상황	임야	태양광	2.15
41461	용인시 처인구 원삼면	2026	공업지역	토지이용상황	임야	전	1.68
41461	용인시 처인구 원삼면	2026	공업지역	토지이용상황	임야	전창고	1.85
41461	용인시 처인구 원삼면	2026	공업지역	토지이용상황	임야	전축사	1.88
41461	용인시 처인구 원삼면	2026	공업지역	토지이용상황	임야	답	1.58
41461	용인시 처인구 원삼면	2026	공업지역	토지이용상황	임야	답창고	1.75
41461	용인시 처인구 원삼면	2026	공업지역	토지이용상황	임야	답축사	1.78
41461	용인시 처인구 원삼면	2026	공업지역	토지이용상황	임야	임야	1
41461	용인시 처인구 원삼면	2026	공업지역	공공용지	일반	일반	1
41461	용인시 처인구 원삼면	2026	공업지역	공공용지	일반	도로	0.33
41461	용인시 처인구 원삼면	2026	공업지역	공공용지	일반	공원	0.33
41461	용인시 처인구 원삼면	2026	공업지역	공공용지	일반	운동장	0.7
41461	용인시 처인구 원삼면	2026	공업지역	공공용지	일반	하천	0.33
41461	용인시 처인구 원삼면	2026	공업지역	공공용지	일반	혐오	0.33
41461	용인시 처인구 원삼면	2026	공업지역	공공용지	일반	위험	0.7
41461	용인시 처인구 원삼면	2026	공업지역	공공용지	일반	도축장	0.7
41461	용인시 처인구 원삼면	2026	공업지역	공공용지	도로	일반	3.03
41461	용인시 처인구 원삼면	2026	공업지역	공공용지	도로	도로	1
41461	용인시 처인구 원삼면	2026	공업지역	공공용지	도로	공원	1
41461	용인시 처인구 원삼면	2026	공업지역	공공용지	도로	운동장	2.12
41461	용인시 처인구 원삼면	2026	공업지역	공공용지	도로	하천	1
41461	용인시 처인구 원삼면	2026	공업지역	공공용지	도로	혐오	1
41461	용인시 처인구 원삼면	2026	공업지역	공공용지	도로	위험	2.12
41461	용인시 처인구 원삼면	2026	공업지역	공공용지	도로	도축장	2.12
41461	용인시 처인구 원삼면	2026	공업지역	공공용지	공원	일반	3.03
41461	용인시 처인구 원삼면	2026	공업지역	공공용지	공원	도로	1
41461	용인시 처인구 원삼면	2026	공업지역	공공용지	공원	공원	1
41461	용인시 처인구 원삼면	2026	공업지역	공공용지	공원	운동장	2.12
41461	용인시 처인구 원삼면	2026	공업지역	공공용지	공원	하천	1
41461	용인시 처인구 원삼면	2026	공업지역	공공용지	공원	혐오	1
41461	용인시 처인구 원삼면	2026	공업지역	공공용지	공원	위험	2.12
41461	용인시 처인구 원삼면	2026	공업지역	공공용지	공원	도축장	2.12
41461	용인시 처인구 원삼면	2026	공업지역	공공용지	운동장	일반	1.43
41461	용인시 처인구 원삼면	2026	공업지역	공공용지	운동장	도로	0.47
41461	용인시 처인구 원삼면	2026	공업지역	공공용지	운동장	공원	0.47
41461	용인시 처인구 원삼면	2026	공업지역	공공용지	운동장	운동장	1
41461	용인시 처인구 원삼면	2026	공업지역	공공용지	운동장	하천	0.47
41461	용인시 처인구 원삼면	2026	공업지역	공공용지	운동장	혐오	0.47
41461	용인시 처인구 원삼면	2026	공업지역	공공용지	운동장	위험	1
41461	용인시 처인구 원삼면	2026	공업지역	공공용지	운동장	도축장	1
41461	용인시 처인구 원삼면	2026	공업지역	공공용지	하천	일반	3.03
41461	용인시 처인구 원삼면	2026	공업지역	공공용지	하천	도로	1
41461	용인시 처인구 원삼면	2026	공업지역	공공용지	하천	공원	1
41461	용인시 처인구 원삼면	2026	공업지역	공공용지	하천	운동장	2.12
41461	용인시 처인구 원삼면	2026	공업지역	공공용지	하천	하천	1
41461	용인시 처인구 원삼면	2026	공업지역	공공용지	하천	혐오	1
41461	용인시 처인구 원삼면	2026	공업지역	공공용지	하천	위험	2.12
41461	용인시 처인구 원삼면	2026	공업지역	공공용지	하천	도축장	2.12
41461	용인시 처인구 원삼면	2026	공업지역	공공용지	혐오	일반	3.03
41461	용인시 처인구 원삼면	2026	공업지역	공공용지	혐오	도로	1
41461	용인시 처인구 원삼면	2026	공업지역	공공용지	혐오	공원	1
41461	용인시 처인구 원삼면	2026	공업지역	공공용지	혐오	운동장	2.12
41461	용인시 처인구 원삼면	2026	공업지역	공공용지	혐오	하천	1
41461	용인시 처인구 원삼면	2026	공업지역	공공용지	혐오	혐오	1
41461	용인시 처인구 원삼면	2026	공업지역	공공용지	혐오	위험	2.12
41461	용인시 처인구 원삼면	2026	공업지역	공공용지	혐오	도축장	2.12
41461	용인시 처인구 원삼면	2026	공업지역	공공용지	위험	일반	1.43
41461	용인시 처인구 원삼면	2026	공업지역	공공용지	위험	도로	0.47
41461	용인시 처인구 원삼면	2026	공업지역	공공용지	위험	공원	0.47
41461	용인시 처인구 원삼면	2026	공업지역	공공용지	위험	운동장	1
41461	용인시 처인구 원삼면	2026	공업지역	공공용지	위험	하천	0.47
41461	용인시 처인구 원삼면	2026	공업지역	공공용지	위험	혐오	0.47
41461	용인시 처인구 원삼면	2026	공업지역	공공용지	위험	위험	1
41461	용인시 처인구 원삼면	2026	공업지역	공공용지	위험	도축장	1
41461	용인시 처인구 원삼면	2026	공업지역	공공용지	도축장	일반	1.43
41461	용인시 처인구 원삼면	2026	공업지역	공공용지	도축장	도로	0.47
41461	용인시 처인구 원삼면	2026	공업지역	공공용지	도축장	공원	0.47
41461	용인시 처인구 원삼면	2026	공업지역	공공용지	도축장	운동장	1
41461	용인시 처인구 원삼면	2026	공업지역	공공용지	도축장	하천	0.47
41461	용인시 처인구 원삼면	2026	공업지역	공공용지	도축장	혐오	0.47
41461	용인시 처인구 원삼면	2026	공업지역	공공용지	도축장	위험	1
41461	용인시 처인구 원삼면	2026	공업지역	공공용지	도축장	도축장	1
41461	용인시 처인구 원삼면	2026	공업지역	고저	저지	저지	1
41461	용인시 처인구 원삼면	2026	공업지역	고저	저지	평지	1.04
41461	용인시 처인구 원삼면	2026	공업지역	고저	저지	완경사	0.91
41461	용인시 처인구 원삼면	2026	공업지역	고저	저지	급경사	0.72
41461	용인시 처인구 원삼면	2026	공업지역	고저	저지	고지	0.71
41461	용인시 처인구 원삼면	2026	공업지역	고저	평지	저지	0.96
41461	용인시 처인구 원삼면	2026	공업지역	고저	평지	평지	1
41461	용인시 처인구 원삼면	2026	공업지역	고저	평지	완경사	0.88
41461	용인시 처인구 원삼면	2026	공업지역	고저	평지	급경사	0.69
41461	용인시 처인구 원삼면	2026	공업지역	고저	평지	고지	0.68
41461	용인시 처인구 원삼면	2026	공업지역	고저	완경사	저지	1.1
41461	용인시 처인구 원삼면	2026	공업지역	고저	완경사	평지	1.14
41461	용인시 처인구 원삼면	2026	공업지역	고저	완경사	완경사	1
41461	용인시 처인구 원삼면	2026	공업지역	고저	완경사	급경사	0.79
41461	용인시 처인구 원삼면	2026	공업지역	고저	완경사	고지	0.78
41461	용인시 처인구 원삼면	2026	공업지역	고저	급경사	저지	1.39
41461	용인시 처인구 원삼면	2026	공업지역	고저	급경사	평지	1.44
41461	용인시 처인구 원삼면	2026	공업지역	고저	급경사	완경사	1.26
41461	용인시 처인구 원삼면	2026	공업지역	고저	급경사	급경사	1
41461	용인시 처인구 원삼면	2026	공업지역	고저	급경사	고지	0.99
41461	용인시 처인구 원삼면	2026	공업지역	고저	고지	저지	1.41
41461	용인시 처인구 원삼면	2026	공업지역	고저	고지	평지	1.46
41461	용인시 처인구 원삼면	2026	공업지역	고저	고지	완경사	1.28
41461	용인시 처인구 원삼면	2026	공업지역	고저	고지	급경사	1.01
41461	용인시 처인구 원삼면	2026	공업지역	고저	고지	고지	1
41461	용인시 처인구 원삼면	2026	공업지역	형상(주거.공업)	정방형	정방형	1
41461	용인시 처인구 원삼면	2026	공업지역	형상(주거.공업)	정방형	장방형	1
41461	용인시 처인구 원삼면	2026	공업지역	형상(주거.공업)	정방형	사다리	0.99
41461	용인시 처인구 원삼면	2026	공업지역	형상(주거.공업)	정방형	부정형	0.96
41461	용인시 처인구 원삼면	2026	공업지역	형상(주거.공업)	정방형	자루형	0.94
41461	용인시 처인구 원삼면	2026	공업지역	형상(주거.공업)	장방형	정방형	1
41461	용인시 처인구 원삼면	2026	공업지역	형상(주거.공업)	장방형	장방형	1
41461	용인시 처인구 원삼면	2026	공업지역	형상(주거.공업)	장방형	사다리	0.99
41461	용인시 처인구 원삼면	2026	공업지역	형상(주거.공업)	장방형	부정형	0.96
41461	용인시 처인구 원삼면	2026	공업지역	형상(주거.공업)	장방형	자루형	0.94
41461	용인시 처인구 원삼면	2026	공업지역	형상(주거.공업)	사다리	정방형	1.01
41461	용인시 처인구 원삼면	2026	공업지역	형상(주거.공업)	사다리	장방형	1.01
41461	용인시 처인구 원삼면	2026	공업지역	형상(주거.공업)	사다리	사다리	1
41461	용인시 처인구 원삼면	2026	공업지역	형상(주거.공업)	사다리	부정형	0.97
41461	용인시 처인구 원삼면	2026	공업지역	형상(주거.공업)	사다리	자루형	0.95
41461	용인시 처인구 원삼면	2026	공업지역	형상(주거.공업)	부정형	정방형	1.04
41461	용인시 처인구 원삼면	2026	공업지역	형상(주거.공업)	부정형	장방형	1.04
41461	용인시 처인구 원삼면	2026	공업지역	형상(주거.공업)	부정형	사다리	1.03
41461	용인시 처인구 원삼면	2026	공업지역	형상(주거.공업)	부정형	부정형	1
41461	용인시 처인구 원삼면	2026	공업지역	형상(주거.공업)	부정형	자루형	0.98
41461	용인시 처인구 원삼면	2026	공업지역	형상(주거.공업)	자루형	정방형	1.06
41461	용인시 처인구 원삼면	2026	공업지역	형상(주거.공업)	자루형	장방형	1.06
41461	용인시 처인구 원삼면	2026	공업지역	형상(주거.공업)	자루형	사다리	1.05
41461	용인시 처인구 원삼면	2026	공업지역	형상(주거.공업)	자루형	부정형	1.02
41461	용인시 처인구 원삼면	2026	공업지역	형상(주거.공업)	자루형	자루형	1
41461	용인시 처인구 원삼면	2026	공업지역	형상(상업.주상)	정방형	정방형	1
41461	용인시 처인구 원삼면	2026	공업지역	형상(상업.주상)	정방형	가장형	1.02
41461	용인시 처인구 원삼면	2026	공업지역	형상(상업.주상)	정방형	세장형	0.99
41461	용인시 처인구 원삼면	2026	공업지역	형상(상업.주상)	정방형	사다리	0.98
41461	용인시 처인구 원삼면	2026	공업지역	형상(상업.주상)	정방형	부정형	0.97
41461	용인시 처인구 원삼면	2026	공업지역	형상(상업.주상)	정방형	자루형	0.94
41461	용인시 처인구 원삼면	2026	공업지역	형상(상업.주상)	가장형	정방형	0.98
41461	용인시 처인구 원삼면	2026	공업지역	형상(상업.주상)	가장형	가장형	1
41461	용인시 처인구 원삼면	2026	공업지역	형상(상업.주상)	가장형	세장형	0.97
41461	용인시 처인구 원삼면	2026	공업지역	형상(상업.주상)	가장형	사다리	0.96
41461	용인시 처인구 원삼면	2026	공업지역	형상(상업.주상)	가장형	부정형	0.95
41461	용인시 처인구 원삼면	2026	공업지역	형상(상업.주상)	가장형	자루형	0.92
41461	용인시 처인구 원삼면	2026	공업지역	형상(상업.주상)	세장형	정방형	1.01
41461	용인시 처인구 원삼면	2026	공업지역	형상(상업.주상)	세장형	가장형	1.03
41461	용인시 처인구 원삼면	2026	공업지역	형상(상업.주상)	세장형	세장형	1
41461	용인시 처인구 원삼면	2026	공업지역	형상(상업.주상)	세장형	사다리	0.99
41461	용인시 처인구 원삼면	2026	공업지역	형상(상업.주상)	세장형	부정형	0.98
41461	용인시 처인구 원삼면	2026	공업지역	형상(상업.주상)	세장형	자루형	0.95
41461	용인시 처인구 원삼면	2026	공업지역	형상(상업.주상)	사다리	정방형	1.02
41461	용인시 처인구 원삼면	2026	공업지역	형상(상업.주상)	사다리	가장형	1.04
41461	용인시 처인구 원삼면	2026	공업지역	형상(상업.주상)	사다리	세장형	1.01
41461	용인시 처인구 원삼면	2026	공업지역	형상(상업.주상)	사다리	사다리	1
41461	용인시 처인구 원삼면	2026	공업지역	형상(상업.주상)	사다리	부정형	0.99
41461	용인시 처인구 원삼면	2026	공업지역	형상(상업.주상)	사다리	자루형	0.96
41461	용인시 처인구 원삼면	2026	공업지역	형상(상업.주상)	부정형	정방형	1.03
41461	용인시 처인구 원삼면	2026	공업지역	형상(상업.주상)	부정형	가장형	1.05
41461	용인시 처인구 원삼면	2026	공업지역	형상(상업.주상)	부정형	세장형	1.02
41461	용인시 처인구 원삼면	2026	공업지역	형상(상업.주상)	부정형	사다리	1.01
41461	용인시 처인구 원삼면	2026	공업지역	형상(상업.주상)	부정형	부정형	1
41461	용인시 처인구 원삼면	2026	공업지역	형상(상업.주상)	부정형	자루형	0.97
41461	용인시 처인구 원삼면	2026	공업지역	형상(상업.주상)	자루형	정방형	1.06
41461	용인시 처인구 원삼면	2026	공업지역	형상(상업.주상)	자루형	가장형	1.09
41461	용인시 처인구 원삼면	2026	공업지역	형상(상업.주상)	자루형	세장형	1.05
41461	용인시 처인구 원삼면	2026	공업지역	형상(상업.주상)	자루형	사다리	1.04
41461	용인시 처인구 원삼면	2026	공업지역	형상(상업.주상)	자루형	부정형	1.03
41461	용인시 처인구 원삼면	2026	공업지역	형상(상업.주상)	자루형	자루형	1
41461	용인시 처인구 원삼면	2026	공업지역	방위	남향	남향	1
41461	용인시 처인구 원삼면	2026	공업지역	방위	남향	동향	0.98
41461	용인시 처인구 원삼면	2026	공업지역	방위	남향	서향	0.98
41461	용인시 처인구 원삼면	2026	공업지역	방위	남향	북향	0.98
41461	용인시 처인구 원삼면	2026	공업지역	방위	동향	남향	1.02
41461	용인시 처인구 원삼면	2026	공업지역	방위	동향	동향	1
41461	용인시 처인구 원삼면	2026	공업지역	방위	동향	서향	1
41461	용인시 처인구 원삼면	2026	공업지역	방위	동향	북향	1
41461	용인시 처인구 원삼면	2026	공업지역	방위	서향	남향	1.02
41461	용인시 처인구 원삼면	2026	공업지역	방위	서향	동향	1
41461	용인시 처인구 원삼면	2026	공업지역	방위	서향	서향	1
41461	용인시 처인구 원삼면	2026	공업지역	방위	서향	북향	1
41461	용인시 처인구 원삼면	2026	공업지역	방위	북향	남향	1.02
41461	용인시 처인구 원삼면	2026	공업지역	방위	북향	동향	1
41461	용인시 처인구 원삼면	2026	공업지역	방위	북향	서향	1
41461	용인시 처인구 원삼면	2026	공업지역	방위	북향	북향	1
41461	용인시 처인구 원삼면	2026	공업지역	도로접면	광대한면	광대한면	1
41461	용인시 처인구 원삼면	2026	공업지역	도로접면	광대한면	광대소각	1.08
41461	용인시 처인구 원삼면	2026	공업지역	도로접면	광대한면	광대세각	1.06
41461	용인시 처인구 원삼면	2026	공업지역	도로접면	광대한면	중로한면	0.96
41461	용인시 처인구 원삼면	2026	공업지역	도로접면	광대한면	중로각지	0.99
41461	용인시 처인구 원삼면	2026	공업지역	도로접면	광대한면	소로한면	0.89
41461	용인시 처인구 원삼면	2026	공업지역	도로접면	광대한면	소로각지	0.91
41461	용인시 처인구 원삼면	2026	공업지역	도로접면	광대한면	세로(가)	0.85
41461	용인시 처인구 원삼면	2026	공업지역	도로접면	광대한면	세각(가)	0.86
41461	용인시 처인구 원삼면	2026	공업지역	도로접면	광대한면	세로(불)	0.72
41461	용인시 처인구 원삼면	2026	공업지역	도로접면	광대한면	세각(불)	0.73
41461	용인시 처인구 원삼면	2026	공업지역	도로접면	광대한면	맹지	0.69
41461	용인시 처인구 원삼면	2026	공업지역	도로접면	광대소각	광대한면	0.93
41461	용인시 처인구 원삼면	2026	공업지역	도로접면	광대소각	광대소각	1
41461	용인시 처인구 원삼면	2026	공업지역	도로접면	광대소각	광대세각	0.98
41461	용인시 처인구 원삼면	2026	공업지역	도로접면	광대소각	중로한면	0.89
41461	용인시 처인구 원삼면	2026	공업지역	도로접면	광대소각	중로각지	0.92
41461	용인시 처인구 원삼면	2026	공업지역	도로접면	광대소각	소로한면	0.82
41461	용인시 처인구 원삼면	2026	공업지역	도로접면	광대소각	소로각지	0.84
41461	용인시 처인구 원삼면	2026	공업지역	도로접면	광대소각	세로(가)	0.79
41461	용인시 처인구 원삼면	2026	공업지역	도로접면	광대소각	세각(가)	0.8
41461	용인시 처인구 원삼면	2026	공업지역	도로접면	광대소각	세로(불)	0.67
41461	용인시 처인구 원삼면	2026	공업지역	도로접면	광대소각	세각(불)	0.68
41461	용인시 처인구 원삼면	2026	공업지역	도로접면	광대소각	맹지	0.64
41461	용인시 처인구 원삼면	2026	공업지역	도로접면	광대세각	광대한면	0.94
41461	용인시 처인구 원삼면	2026	공업지역	도로접면	광대세각	광대소각	1.02
41461	용인시 처인구 원삼면	2026	공업지역	도로접면	광대세각	광대세각	1
41461	용인시 처인구 원삼면	2026	공업지역	도로접면	광대세각	중로한면	0.91
41461	용인시 처인구 원삼면	2026	공업지역	도로접면	광대세각	중로각지	0.93
41461	용인시 처인구 원삼면	2026	공업지역	도로접면	광대세각	소로한면	0.84
41461	용인시 처인구 원삼면	2026	공업지역	도로접면	광대세각	소로각지	0.86
41461	용인시 처인구 원삼면	2026	공업지역	도로접면	광대세각	세로(가)	0.8
41461	용인시 처인구 원삼면	2026	공업지역	도로접면	광대세각	세각(가)	0.81
41461	용인시 처인구 원삼면	2026	공업지역	도로접면	광대세각	세로(불)	0.68
41461	용인시 처인구 원삼면	2026	공업지역	도로접면	광대세각	세각(불)	0.69
41461	용인시 처인구 원삼면	2026	공업지역	도로접면	광대세각	맹지	0.65
41461	용인시 처인구 원삼면	2026	공업지역	도로접면	중로한면	광대한면	1.04
41461	용인시 처인구 원삼면	2026	공업지역	도로접면	중로한면	광대소각	1.13
41461	용인시 처인구 원삼면	2026	공업지역	도로접면	중로한면	광대세각	1.1
41461	용인시 처인구 원삼면	2026	공업지역	도로접면	중로한면	중로한면	1
41461	용인시 처인구 원삼면	2026	공업지역	도로접면	중로한면	중로각지	1.03
41461	용인시 처인구 원삼면	2026	공업지역	도로접면	중로한면	소로한면	0.93
41461	용인시 처인구 원삼면	2026	공업지역	도로접면	중로한면	소로각지	0.95
41461	용인시 처인구 원삼면	2026	공업지역	도로접면	중로한면	세로(가)	0.89
41461	용인시 처인구 원삼면	2026	공업지역	도로접면	중로한면	세각(가)	0.9
41461	용인시 처인구 원삼면	2026	공업지역	도로접면	중로한면	세로(불)	0.75
41461	용인시 처인구 원삼면	2026	공업지역	도로접면	중로한면	세각(불)	0.76
41461	용인시 처인구 원삼면	2026	공업지역	도로접면	중로한면	맹지	0.72
41461	용인시 처인구 원삼면	2026	공업지역	도로접면	중로각지	광대한면	1.01
41461	용인시 처인구 원삼면	2026	공업지역	도로접면	중로각지	광대소각	1.09
41461	용인시 처인구 원삼면	2026	공업지역	도로접면	중로각지	광대세각	1.07
41461	용인시 처인구 원삼면	2026	공업지역	도로접면	중로각지	중로한면	0.97
41461	용인시 처인구 원삼면	2026	공업지역	도로접면	중로각지	중로각지	1
41461	용인시 처인구 원삼면	2026	공업지역	도로접면	중로각지	소로한면	0.9
41461	용인시 처인구 원삼면	2026	공업지역	도로접면	중로각지	소로각지	0.92
41461	용인시 처인구 원삼면	2026	공업지역	도로접면	중로각지	세로(가)	0.86
41461	용인시 처인구 원삼면	2026	공업지역	도로접면	중로각지	세각(가)	0.87
41461	용인시 처인구 원삼면	2026	공업지역	도로접면	중로각지	세로(불)	0.73
41461	용인시 처인구 원삼면	2026	공업지역	도로접면	중로각지	세각(불)	0.74
41461	용인시 처인구 원삼면	2026	공업지역	도로접면	중로각지	맹지	0.7
41461	용인시 처인구 원삼면	2026	공업지역	도로접면	소로한면	광대한면	1.12
41461	용인시 처인구 원삼면	2026	공업지역	도로접면	소로한면	광대소각	1.21
41461	용인시 처인구 원삼면	2026	공업지역	도로접면	소로한면	광대세각	1.19
41461	용인시 처인구 원삼면	2026	공업지역	도로접면	소로한면	중로한면	1.08
41461	용인시 처인구 원삼면	2026	공업지역	도로접면	소로한면	중로각지	1.11
41461	용인시 처인구 원삼면	2026	공업지역	도로접면	소로한면	소로한면	1
41461	용인시 처인구 원삼면	2026	공업지역	도로접면	소로한면	소로각지	1.02
41461	용인시 처인구 원삼면	2026	공업지역	도로접면	소로한면	세로(가)	0.96
41461	용인시 처인구 원삼면	2026	공업지역	도로접면	소로한면	세각(가)	0.97
41461	용인시 처인구 원삼면	2026	공업지역	도로접면	소로한면	세로(불)	0.81
41461	용인시 처인구 원삼면	2026	공업지역	도로접면	소로한면	세각(불)	0.82
41461	용인시 처인구 원삼면	2026	공업지역	도로접면	소로한면	맹지	0.78
41461	용인시 처인구 원삼면	2026	공업지역	도로접면	소로각지	광대한면	1.1
41461	용인시 처인구 원삼면	2026	공업지역	도로접면	소로각지	광대소각	1.19
41461	용인시 처인구 원삼면	2026	공업지역	도로접면	소로각지	광대세각	1.16
41461	용인시 처인구 원삼면	2026	공업지역	도로접면	소로각지	중로한면	1.05
41461	용인시 처인구 원삼면	2026	공업지역	도로접면	소로각지	중로각지	1.09
41461	용인시 처인구 원삼면	2026	공업지역	도로접면	소로각지	소로한면	0.98
41461	용인시 처인구 원삼면	2026	공업지역	도로접면	소로각지	소로각지	1
41461	용인시 처인구 원삼면	2026	공업지역	도로접면	소로각지	세로(가)	0.93
41461	용인시 처인구 원삼면	2026	공업지역	도로접면	소로각지	세각(가)	0.95
41461	용인시 처인구 원삼면	2026	공업지역	도로접면	소로각지	세로(불)	0.79
41461	용인시 처인구 원삼면	2026	공업지역	도로접면	소로각지	세각(불)	0.8
41461	용인시 처인구 원삼면	2026	공업지역	도로접면	소로각지	맹지	0.76
41461	용인시 처인구 원삼면	2026	공업지역	도로접면	세로(가)	광대한면	1.18
41461	용인시 처인구 원삼면	2026	공업지역	도로접면	세로(가)	광대소각	1.27
41461	용인시 처인구 원삼면	2026	공업지역	도로접면	세로(가)	광대세각	1.25
41461	용인시 처인구 원삼면	2026	공업지역	도로접면	세로(가)	중로한면	1.13
41461	용인시 처인구 원삼면	2026	공업지역	도로접면	세로(가)	중로각지	1.16
41461	용인시 처인구 원삼면	2026	공업지역	도로접면	세로(가)	소로한면	1.05
41461	용인시 처인구 원삼면	2026	공업지역	도로접면	세로(가)	소로각지	1.07
41461	용인시 처인구 원삼면	2026	공업지역	도로접면	세로(가)	세로(가)	1
41461	용인시 처인구 원삼면	2026	공업지역	도로접면	세로(가)	세각(가)	1.01
41461	용인시 처인구 원삼면	2026	공업지역	도로접면	세로(가)	세로(불)	0.85
41461	용인시 처인구 원삼면	2026	공업지역	도로접면	세로(가)	세각(불)	0.86
41461	용인시 처인구 원삼면	2026	공업지역	도로접면	세로(가)	맹지	0.81
41461	용인시 처인구 원삼면	2026	공업지역	도로접면	세각(가)	광대한면	1.16
41461	용인시 처인구 원삼면	2026	공업지역	도로접면	세각(가)	광대소각	1.26
41461	용인시 처인구 원삼면	2026	공업지역	도로접면	세각(가)	광대세각	1.23
41461	용인시 처인구 원삼면	2026	공업지역	도로접면	세각(가)	중로한면	1.12
41461	용인시 처인구 원삼면	2026	공업지역	도로접면	세각(가)	중로각지	1.15
41461	용인시 처인구 원삼면	2026	공업지역	도로접면	세각(가)	소로한면	1.03
41461	용인시 처인구 원삼면	2026	공업지역	도로접면	세각(가)	소로각지	1.06
41461	용인시 처인구 원삼면	2026	공업지역	도로접면	세각(가)	세로(가)	0.99
41461	용인시 처인구 원삼면	2026	공업지역	도로접면	세각(가)	세각(가)	1
41461	용인시 처인구 원삼면	2026	공업지역	도로접면	세각(가)	세로(불)	0.84
41461	용인시 처인구 원삼면	2026	공업지역	도로접면	세각(가)	세각(불)	0.85
41461	용인시 처인구 원삼면	2026	공업지역	도로접면	세각(가)	맹지	0.8
41461	용인시 처인구 원삼면	2026	공업지역	도로접면	세로(불)	광대한면	1.39
41461	용인시 처인구 원삼면	2026	공업지역	도로접면	세로(불)	광대소각	1.5
41461	용인시 처인구 원삼면	2026	공업지역	도로접면	세로(불)	광대세각	1.47
41461	용인시 처인구 원삼면	2026	공업지역	도로접면	세로(불)	중로한면	1.33
41461	용인시 처인구 원삼면	2026	공업지역	도로접면	세로(불)	중로각지	1.38
41461	용인시 처인구 원삼면	2026	공업지역	도로접면	세로(불)	소로한면	1.24
41461	용인시 처인구 원삼면	2026	공업지역	도로접면	세로(불)	소로각지	1.26
41461	용인시 처인구 원삼면	2026	공업지역	도로접면	세로(불)	세로(가)	1.18
41461	용인시 처인구 원삼면	2026	공업지역	도로접면	세로(불)	세각(가)	1.19
41461	용인시 처인구 원삼면	2026	공업지역	도로접면	세로(불)	세로(불)	1
41461	용인시 처인구 원삼면	2026	공업지역	도로접면	세로(불)	세각(불)	1.01
41461	용인시 처인구 원삼면	2026	공업지역	도로접면	세로(불)	맹지	0.96
41461	용인시 처인구 원삼면	2026	공업지역	도로접면	세각(불)	광대한면	1.37
41461	용인시 처인구 원삼면	2026	공업지역	도로접면	세각(불)	광대소각	1.48
41461	용인시 처인구 원삼면	2026	공업지역	도로접면	세각(불)	광대세각	1.45
41461	용인시 처인구 원삼면	2026	공업지역	도로접면	세각(불)	중로한면	1.32
41461	용인시 처인구 원삼면	2026	공업지역	도로접면	세각(불)	중로각지	1.36
41461	용인시 처인구 원삼면	2026	공업지역	도로접면	세각(불)	소로한면	1.22
41461	용인시 처인구 원삼면	2026	공업지역	도로접면	세각(불)	소로각지	1.25
41461	용인시 처인구 원삼면	2026	공업지역	도로접면	세각(불)	세로(가)	1.16
41461	용인시 처인구 원삼면	2026	공업지역	도로접면	세각(불)	세각(가)	1.18
41461	용인시 처인구 원삼면	2026	공업지역	도로접면	세각(불)	세로(불)	0.99
41461	용인시 처인구 원삼면	2026	공업지역	도로접면	세각(불)	세각(불)	1
41461	용인시 처인구 원삼면	2026	공업지역	도로접면	세각(불)	맹지	0.95
41461	용인시 처인구 원삼면	2026	공업지역	도로접면	맹지	광대한면	1.45
41461	용인시 처인구 원삼면	2026	공업지역	도로접면	맹지	광대소각	1.57
41461	용인시 처인구 원삼면	2026	공업지역	도로접면	맹지	광대세각	1.54
41461	용인시 처인구 원삼면	2026	공업지역	도로접면	맹지	중로한면	1.39
41461	용인시 처인구 원삼면	2026	공업지역	도로접면	맹지	중로각지	1.43
41461	용인시 처인구 원삼면	2026	공업지역	도로접면	맹지	소로한면	1.29
41461	용인시 처인구 원삼면	2026	공업지역	도로접면	맹지	소로각지	1.32
41461	용인시 처인구 원삼면	2026	공업지역	도로접면	맹지	세로(가)	1.23
41461	용인시 처인구 원삼면	2026	공업지역	도로접면	맹지	세각(가)	1.25
41461	용인시 처인구 원삼면	2026	공업지역	도로접면	맹지	세로(불)	1.04
41461	용인시 처인구 원삼면	2026	공업지역	도로접면	맹지	세각(불)	1.06
41461	용인시 처인구 원삼면	2026	공업지역	도로접면	맹지	맹지	1
41461	용인시 처인구 원삼면	2026	공업지역	철도.고속도로 등	50m내	50m내	1
41461	용인시 처인구 원삼면	2026	공업지역	철도.고속도로 등	50m내	100m내	1.03
41461	용인시 처인구 원삼면	2026	공업지역	철도.고속도로 등	50m내	500m내	1.04
41461	용인시 처인구 원삼면	2026	공업지역	철도.고속도로 등	50m내	해당없음	1.05
41461	용인시 처인구 원삼면	2026	공업지역	철도.고속도로 등	100m내	50m내	0.97
41461	용인시 처인구 원삼면	2026	공업지역	철도.고속도로 등	100m내	100m내	1
41461	용인시 처인구 원삼면	2026	공업지역	철도.고속도로 등	100m내	500m내	1.01
41461	용인시 처인구 원삼면	2026	공업지역	철도.고속도로 등	100m내	해당없음	1.02
41461	용인시 처인구 원삼면	2026	공업지역	철도.고속도로 등	500m내	50m내	0.96
41461	용인시 처인구 원삼면	2026	공업지역	철도.고속도로 등	500m내	100m내	0.99
41461	용인시 처인구 원삼면	2026	공업지역	철도.고속도로 등	500m내	500m내	1
41461	용인시 처인구 원삼면	2026	공업지역	철도.고속도로 등	500m내	해당없음	1.01
41461	용인시 처인구 원삼면	2026	공업지역	철도.고속도로 등	해당없음	50m내	0.95
41461	용인시 처인구 원삼면	2026	공업지역	철도.고속도로 등	해당없음	100m내	0.98
41461	용인시 처인구 원삼면	2026	공업지역	철도.고속도로 등	해당없음	500m내	0.99
41461	용인시 처인구 원삼면	2026	공업지역	철도.고속도로 등	해당없음	해당없음	1
41461	용인시 처인구 원삼면	2026	공업지역	폐기물.수질오염	50m내	50m내	1
41461	용인시 처인구 원삼면	2026	공업지역	폐기물.수질오염	50m내	100m내	1.05
41461	용인시 처인구 원삼면	2026	공업지역	폐기물.수질오염	50m내	500m내	1.07
41461	용인시 처인구 원삼면	2026	공업지역	폐기물.수질오염	50m내	해당없음	1.08
41461	용인시 처인구 원삼면	2026	공업지역	폐기물.수질오염	100m내	50m내	0.95
41461	용인시 처인구 원삼면	2026	공업지역	폐기물.수질오염	100m내	100m내	1
41461	용인시 처인구 원삼면	2026	공업지역	폐기물.수질오염	100m내	500m내	1.02
41461	용인시 처인구 원삼면	2026	공업지역	폐기물.수질오염	100m내	해당없음	1.03
41461	용인시 처인구 원삼면	2026	공업지역	폐기물.수질오염	500m내	50m내	0.93
41461	용인시 처인구 원삼면	2026	공업지역	폐기물.수질오염	500m내	100m내	0.98
41461	용인시 처인구 원삼면	2026	공업지역	폐기물.수질오염	500m내	500m내	1
41461	용인시 처인구 원삼면	2026	공업지역	폐기물.수질오염	500m내	해당없음	1.01
41461	용인시 처인구 원삼면	2026	공업지역	폐기물.수질오염	해당없음	50m내	0.93
41461	용인시 처인구 원삼면	2026	공업지역	폐기물.수질오염	해당없음	100m내	0.97
41461	용인시 처인구 원삼면	2026	공업지역	폐기물.수질오염	해당없음	500m내	0.99
41461	용인시 처인구 원삼면	2026	공업지역	폐기물.수질오염	해당없음	해당없음	1
41461	용인시 처인구 원삼면	2026	공업지역	변전소	50m내	50m내	1
41461	용인시 처인구 원삼면	2026	공업지역	변전소	50m내	100m내	1.02
41461	용인시 처인구 원삼면	2026	공업지역	변전소	50m내	600m내	1.04
41461	용인시 처인구 원삼면	2026	공업지역	변전소	50m내	해당없음	1.05
41461	용인시 처인구 원삼면	2026	공업지역	변전소	100m내	50m내	0.98
41461	용인시 처인구 원삼면	2026	공업지역	변전소	100m내	100m내	1
41461	용인시 처인구 원삼면	2026	공업지역	변전소	100m내	600m내	1.02
41461	용인시 처인구 원삼면	2026	공업지역	변전소	100m내	해당없음	1.03
41461	용인시 처인구 원삼면	2026	공업지역	변전소	600m내	50m내	0.96
41461	용인시 처인구 원삼면	2026	공업지역	변전소	600m내	100m내	0.98
41461	용인시 처인구 원삼면	2026	공업지역	변전소	600m내	600m내	1
41461	용인시 처인구 원삼면	2026	공업지역	변전소	600m내	해당없음	1.01
41461	용인시 처인구 원삼면	2026	공업지역	변전소	해당없음	50m내	0.95
41461	용인시 처인구 원삼면	2026	공업지역	변전소	해당없음	100m내	0.97
41461	용인시 처인구 원삼면	2026	공업지역	변전소	해당없음	600m내	0.99
41461	용인시 처인구 원삼면	2026	공업지역	변전소	해당없음	해당없음	1
41461	용인시 처인구 원삼면	2026	공업지역	형상(전,답)	정형	정형	1
41461	용인시 처인구 원삼면	2026	공업지역	형상(전,답)	정형	비정형	0.95
41461	용인시 처인구 원삼면	2026	공업지역	형상(전,답)	비정형	정형	1.05
41461	용인시 처인구 원삼면	2026	공업지역	형상(전,답)	비정형	비정형	1
41461	용인시 처인구 원삼면	2026	공업지역	경작여건	보통	보통	1
41461	용인시 처인구 원삼면	2026	공업지역	경작여건	보통	불리	0.7
41461	용인시 처인구 원삼면	2026	공업지역	경작여건	불리	보통	1.43
41461	용인시 처인구 원삼면	2026	공업지역	경작여건	불리	불리	1
41461	용인시 처인구 원삼면	2026	공업지역	묘지소재불리여건	일반	일반	1
41461	용인시 처인구 원삼면	2026	공업지역	묘지소재불리여건	일반	불리	1
41461	용인시 처인구 원삼면	2026	공업지역	묘지소재불리여건	불리	일반	1
41461	용인시 처인구 원삼면	2026	공업지역	묘지소재불리여건	불리	불리	1
41461	용인시 처인구 원삼면	2026	준공업지역	지목	전	전	1
41461	용인시 처인구 원삼면	2026	준공업지역	지목	전	답	1
41461	용인시 처인구 원삼면	2026	준공업지역	지목	전	과	1
41461	용인시 처인구 원삼면	2026	준공업지역	지목	전	목	0.96
41461	용인시 처인구 원삼면	2026	준공업지역	지목	전	임	0.94
41461	용인시 처인구 원삼면	2026	준공업지역	지목	전	대	1.17
41461	용인시 처인구 원삼면	2026	준공업지역	지목	전	장	1.17
41461	용인시 처인구 원삼면	2026	준공업지역	지목	전	차	1.17
41461	용인시 처인구 원삼면	2026	준공업지역	지목	전	주	1.17
41461	용인시 처인구 원삼면	2026	준공업지역	지목	전	창	1.1
41461	용인시 처인구 원삼면	2026	준공업지역	지목	전	잡	1.1
41461	용인시 처인구 원삼면	2026	준공업지역	지목	답	전	1
41461	용인시 처인구 원삼면	2026	준공업지역	지목	답	답	1
41461	용인시 처인구 원삼면	2026	준공업지역	지목	답	과	1
41461	용인시 처인구 원삼면	2026	준공업지역	지목	답	목	0.96
41461	용인시 처인구 원삼면	2026	준공업지역	지목	답	임	0.94
41461	용인시 처인구 원삼면	2026	준공업지역	지목	답	대	1.17
41461	용인시 처인구 원삼면	2026	준공업지역	지목	답	장	1.17
41461	용인시 처인구 원삼면	2026	준공업지역	지목	답	차	1.17
41461	용인시 처인구 원삼면	2026	준공업지역	지목	답	주	1.17
41461	용인시 처인구 원삼면	2026	준공업지역	지목	답	창	1.1
41461	용인시 처인구 원삼면	2026	준공업지역	지목	답	잡	1.1
41461	용인시 처인구 원삼면	2026	준공업지역	지목	과	전	1
41461	용인시 처인구 원삼면	2026	준공업지역	지목	과	답	1
41461	용인시 처인구 원삼면	2026	준공업지역	지목	과	과	1
41461	용인시 처인구 원삼면	2026	준공업지역	지목	과	목	0.96
41461	용인시 처인구 원삼면	2026	준공업지역	지목	과	임	0.94
41461	용인시 처인구 원삼면	2026	준공업지역	지목	과	대	1.17
41461	용인시 처인구 원삼면	2026	준공업지역	지목	과	장	1.17
41461	용인시 처인구 원삼면	2026	준공업지역	지목	과	차	1.17
41461	용인시 처인구 원삼면	2026	준공업지역	지목	과	주	1.17
41461	용인시 처인구 원삼면	2026	준공업지역	지목	과	창	1.1
41461	용인시 처인구 원삼면	2026	준공업지역	지목	과	잡	1.1
41461	용인시 처인구 원삼면	2026	준공업지역	지목	목	전	1.04
41461	용인시 처인구 원삼면	2026	준공업지역	지목	목	답	1.04
41461	용인시 처인구 원삼면	2026	준공업지역	지목	목	과	1.04
41461	용인시 처인구 원삼면	2026	준공업지역	지목	목	목	1
41461	용인시 처인구 원삼면	2026	준공업지역	지목	목	임	0.98
41461	용인시 처인구 원삼면	2026	준공업지역	지목	목	대	1.22
41461	용인시 처인구 원삼면	2026	준공업지역	지목	목	장	1.22
41461	용인시 처인구 원삼면	2026	준공업지역	지목	목	차	1.22
41461	용인시 처인구 원삼면	2026	준공업지역	지목	목	주	1.22
41461	용인시 처인구 원삼면	2026	준공업지역	지목	목	창	1.15
41461	용인시 처인구 원삼면	2026	준공업지역	지목	목	잡	1.15
41461	용인시 처인구 원삼면	2026	준공업지역	지목	임	전	1.06
41461	용인시 처인구 원삼면	2026	준공업지역	지목	임	답	1.06
41461	용인시 처인구 원삼면	2026	준공업지역	지목	임	과	1.06
41461	용인시 처인구 원삼면	2026	준공업지역	지목	임	목	1.02
41461	용인시 처인구 원삼면	2026	준공업지역	지목	임	임	1
41461	용인시 처인구 원삼면	2026	준공업지역	지목	임	대	1.24
41461	용인시 처인구 원삼면	2026	준공업지역	지목	임	장	1.24
41461	용인시 처인구 원삼면	2026	준공업지역	지목	임	차	1.24
41461	용인시 처인구 원삼면	2026	준공업지역	지목	임	주	1.24
41461	용인시 처인구 원삼면	2026	준공업지역	지목	임	창	1.17
41461	용인시 처인구 원삼면	2026	준공업지역	지목	임	잡	1.17
41461	용인시 처인구 원삼면	2026	준공업지역	지목	대	전	0.85
41461	용인시 처인구 원삼면	2026	준공업지역	지목	대	답	0.85
41461	용인시 처인구 원삼면	2026	준공업지역	지목	대	과	0.85
41461	용인시 처인구 원삼면	2026	준공업지역	지목	대	목	0.82
41461	용인시 처인구 원삼면	2026	준공업지역	지목	대	임	0.8
41461	용인시 처인구 원삼면	2026	준공업지역	지목	대	대	1
41461	용인시 처인구 원삼면	2026	준공업지역	지목	대	장	1
41461	용인시 처인구 원삼면	2026	준공업지역	지목	대	차	1
41461	용인시 처인구 원삼면	2026	준공업지역	지목	대	주	1
41461	용인시 처인구 원삼면	2026	준공업지역	지목	대	창	0.94
41461	용인시 처인구 원삼면	2026	준공업지역	지목	대	잡	0.94
41461	용인시 처인구 원삼면	2026	준공업지역	지목	장	전	0.85
41461	용인시 처인구 원삼면	2026	준공업지역	지목	장	답	0.85
41461	용인시 처인구 원삼면	2026	준공업지역	지목	장	과	0.85
41461	용인시 처인구 원삼면	2026	준공업지역	지목	장	목	0.82
41461	용인시 처인구 원삼면	2026	준공업지역	지목	장	임	0.8
41461	용인시 처인구 원삼면	2026	준공업지역	지목	장	대	1
41461	용인시 처인구 원삼면	2026	준공업지역	지목	장	장	1
41461	용인시 처인구 원삼면	2026	준공업지역	지목	장	차	1
41461	용인시 처인구 원삼면	2026	준공업지역	지목	장	주	1
41461	용인시 처인구 원삼면	2026	준공업지역	지목	장	창	0.94
41461	용인시 처인구 원삼면	2026	준공업지역	지목	장	잡	0.94
41461	용인시 처인구 원삼면	2026	준공업지역	지목	차	전	0.85
41461	용인시 처인구 원삼면	2026	준공업지역	지목	차	답	0.85
41461	용인시 처인구 원삼면	2026	준공업지역	지목	차	과	0.85
41461	용인시 처인구 원삼면	2026	준공업지역	지목	차	목	0.82
41461	용인시 처인구 원삼면	2026	준공업지역	지목	차	임	0.8
41461	용인시 처인구 원삼면	2026	준공업지역	지목	차	대	1
41461	용인시 처인구 원삼면	2026	준공업지역	지목	차	장	1
41461	용인시 처인구 원삼면	2026	준공업지역	지목	차	차	1
41461	용인시 처인구 원삼면	2026	준공업지역	지목	차	주	1
41461	용인시 처인구 원삼면	2026	준공업지역	지목	차	창	0.94
41461	용인시 처인구 원삼면	2026	준공업지역	지목	차	잡	0.94
41461	용인시 처인구 원삼면	2026	준공업지역	지목	주	전	0.85
41461	용인시 처인구 원삼면	2026	준공업지역	지목	주	답	0.85
41461	용인시 처인구 원삼면	2026	준공업지역	지목	주	과	0.85
41461	용인시 처인구 원삼면	2026	준공업지역	지목	주	목	0.82
41461	용인시 처인구 원삼면	2026	준공업지역	지목	주	임	0.8
41461	용인시 처인구 원삼면	2026	준공업지역	지목	주	대	1
41461	용인시 처인구 원삼면	2026	준공업지역	지목	주	장	1
41461	용인시 처인구 원삼면	2026	준공업지역	지목	주	차	1
41461	용인시 처인구 원삼면	2026	준공업지역	지목	주	주	1
41461	용인시 처인구 원삼면	2026	준공업지역	지목	주	창	0.94
41461	용인시 처인구 원삼면	2026	준공업지역	지목	주	잡	0.94
41461	용인시 처인구 원삼면	2026	준공업지역	지목	창	전	0.91
41461	용인시 처인구 원삼면	2026	준공업지역	지목	창	답	0.91
41461	용인시 처인구 원삼면	2026	준공업지역	지목	창	과	0.91
41461	용인시 처인구 원삼면	2026	준공업지역	지목	창	목	0.87
41461	용인시 처인구 원삼면	2026	준공업지역	지목	창	임	0.85
41461	용인시 처인구 원삼면	2026	준공업지역	지목	창	대	1.06
41461	용인시 처인구 원삼면	2026	준공업지역	지목	창	장	1.06
41461	용인시 처인구 원삼면	2026	준공업지역	지목	창	차	1.06
41461	용인시 처인구 원삼면	2026	준공업지역	지목	창	주	1.06
41461	용인시 처인구 원삼면	2026	준공업지역	지목	창	창	1
41461	용인시 처인구 원삼면	2026	준공업지역	지목	창	잡	1
41461	용인시 처인구 원삼면	2026	준공업지역	지목	잡	전	0.91
41461	용인시 처인구 원삼면	2026	준공업지역	지목	잡	답	0.91
41461	용인시 처인구 원삼면	2026	준공업지역	지목	잡	과	0.91
41461	용인시 처인구 원삼면	2026	준공업지역	지목	잡	목	0.87
41461	용인시 처인구 원삼면	2026	준공업지역	지목	잡	임	0.85
41461	용인시 처인구 원삼면	2026	준공업지역	지목	잡	대	1.06
41461	용인시 처인구 원삼면	2026	준공업지역	지목	잡	장	1.06
41461	용인시 처인구 원삼면	2026	준공업지역	지목	잡	차	1.06
41461	용인시 처인구 원삼면	2026	준공업지역	지목	잡	주	1.06
41461	용인시 처인구 원삼면	2026	준공업지역	지목	잡	창	1
41461	용인시 처인구 원삼면	2026	준공업지역	지목	잡	잡	1
41461	용인시 처인구 원삼면	2026	준공업지역	토지면적	3300	3300	1
41461	용인시 처인구 원삼면	2026	준공업지역	토지면적	3300	16500	0.98
41461	용인시 처인구 원삼면	2026	준공업지역	토지면적	3300	33000	0.97
41461	용인시 처인구 원삼면	2026	준공업지역	토지면적	3300	66000	0.96
41461	용인시 처인구 원삼면	2026	준공업지역	토지면적	3300	그이상	0.95
41461	용인시 처인구 원삼면	2026	준공업지역	토지면적	16500	3300	1.02
41461	용인시 처인구 원삼면	2026	준공업지역	토지면적	16500	16500	1
41461	용인시 처인구 원삼면	2026	준공업지역	토지면적	16500	33000	0.99
41461	용인시 처인구 원삼면	2026	준공업지역	토지면적	16500	66000	0.98
41461	용인시 처인구 원삼면	2026	준공업지역	토지면적	16500	그이상	0.97
41461	용인시 처인구 원삼면	2026	준공업지역	토지면적	33000	3300	1.03
41461	용인시 처인구 원삼면	2026	준공업지역	토지면적	33000	16500	1.01
41461	용인시 처인구 원삼면	2026	준공업지역	토지면적	33000	33000	1
41461	용인시 처인구 원삼면	2026	준공업지역	토지면적	33000	66000	0.99
41461	용인시 처인구 원삼면	2026	준공업지역	토지면적	33000	그이상	0.98
41461	용인시 처인구 원삼면	2026	준공업지역	토지면적	66000	3300	1.04
41461	용인시 처인구 원삼면	2026	준공업지역	토지면적	66000	16500	1.02
41461	용인시 처인구 원삼면	2026	준공업지역	토지면적	66000	33000	1.01
41461	용인시 처인구 원삼면	2026	준공업지역	토지면적	66000	66000	1
41461	용인시 처인구 원삼면	2026	준공업지역	토지면적	66000	그이상	0.99
41461	용인시 처인구 원삼면	2026	준공업지역	토지면적	그이상	3300	1.05
41461	용인시 처인구 원삼면	2026	준공업지역	토지면적	그이상	16500	1.03
41461	용인시 처인구 원삼면	2026	준공업지역	토지면적	그이상	33000	1.02
41461	용인시 처인구 원삼면	2026	준공업지역	토지면적	그이상	66000	1.01
41461	용인시 처인구 원삼면	2026	준공업지역	토지면적	그이상	그이상	1
41461	용인시 처인구 원삼면	2026	준공업지역	용도지구	일반	일반	1
41461	용인시 처인구 원삼면	2026	준공업지역	용도지구	일반	역사보호	0.92
41461	용인시 처인구 원삼면	2026	준공업지역	용도지구	일반	경관	0.92
41461	용인시 처인구 원삼면	2026	준공업지역	용도지구	일반	공항보호	0.86
41461	용인시 처인구 원삼면	2026	준공업지역	용도지구	일반	고도	0.97
41461	용인시 처인구 원삼면	2026	준공업지역	용도지구	역사보호	일반	1.09
41461	용인시 처인구 원삼면	2026	준공업지역	용도지구	역사보호	역사보호	1
41461	용인시 처인구 원삼면	2026	준공업지역	용도지구	역사보호	경관	1
41461	용인시 처인구 원삼면	2026	준공업지역	용도지구	역사보호	공항보호	0.93
41461	용인시 처인구 원삼면	2026	준공업지역	용도지구	역사보호	고도	1.05
41461	용인시 처인구 원삼면	2026	준공업지역	용도지구	경관	일반	1.09
41461	용인시 처인구 원삼면	2026	준공업지역	용도지구	경관	역사보호	1
41461	용인시 처인구 원삼면	2026	준공업지역	용도지구	경관	경관	1
41461	용인시 처인구 원삼면	2026	준공업지역	용도지구	경관	공항보호	0.93
41461	용인시 처인구 원삼면	2026	준공업지역	용도지구	경관	고도	1.05
41461	용인시 처인구 원삼면	2026	준공업지역	용도지구	공항보호	일반	1.16
41461	용인시 처인구 원삼면	2026	준공업지역	용도지구	공항보호	역사보호	1.07
41461	용인시 처인구 원삼면	2026	준공업지역	용도지구	공항보호	경관	1.07
41461	용인시 처인구 원삼면	2026	준공업지역	용도지구	공항보호	공항보호	1
41461	용인시 처인구 원삼면	2026	준공업지역	용도지구	공항보호	고도	1.13
41461	용인시 처인구 원삼면	2026	준공업지역	용도지구	고도	일반	1.03
41461	용인시 처인구 원삼면	2026	준공업지역	용도지구	고도	역사보호	0.95
41461	용인시 처인구 원삼면	2026	준공업지역	용도지구	고도	경관	0.95
41461	용인시 처인구 원삼면	2026	준공업지역	용도지구	고도	공항보호	0.89
41461	용인시 처인구 원삼면	2026	준공업지역	용도지구	고도	고도	1
41461	용인시 처인구 원삼면	2026	준공업지역	도시계획시설	일반	일반	1
41461	용인시 처인구 원삼면	2026	준공업지역	도시계획시설	일반	지상도로	0.85
41461	용인시 처인구 원삼면	2026	준공업지역	도시계획시설	일반	지하도로	0.95
41461	용인시 처인구 원삼면	2026	준공업지역	도시계획시설	일반	공원	0.6
41461	용인시 처인구 원삼면	2026	준공업지역	도시계획시설	일반	운동장	0.85
41461	용인시 처인구 원삼면	2026	준공업지역	도시계획시설	일반	혐오	0.85
41461	용인시 처인구 원삼면	2026	준공업지역	도시계획시설	일반	위험	0.85
41461	용인시 처인구 원삼면	2026	준공업지역	도시계획시설	일반	도축장	0.85
41461	용인시 처인구 원삼면	2026	준공업지역	도시계획시설	지상도로	일반	1.18
41461	용인시 처인구 원삼면	2026	준공업지역	도시계획시설	지상도로	지상도로	1
41461	용인시 처인구 원삼면	2026	준공업지역	도시계획시설	지상도로	지하도로	1.12
41461	용인시 처인구 원삼면	2026	준공업지역	도시계획시설	지상도로	공원	0.71
41461	용인시 처인구 원삼면	2026	준공업지역	도시계획시설	지상도로	운동장	1
41461	용인시 처인구 원삼면	2026	준공업지역	도시계획시설	지상도로	혐오	1
41461	용인시 처인구 원삼면	2026	준공업지역	도시계획시설	지상도로	위험	1
41461	용인시 처인구 원삼면	2026	준공업지역	도시계획시설	지상도로	도축장	1
41461	용인시 처인구 원삼면	2026	준공업지역	도시계획시설	지하도로	일반	1.05
41461	용인시 처인구 원삼면	2026	준공업지역	도시계획시설	지하도로	지상도로	0.89
41461	용인시 처인구 원삼면	2026	준공업지역	도시계획시설	지하도로	지하도로	1
41461	용인시 처인구 원삼면	2026	준공업지역	도시계획시설	지하도로	공원	0.63
41461	용인시 처인구 원삼면	2026	준공업지역	도시계획시설	지하도로	운동장	0.89
41461	용인시 처인구 원삼면	2026	준공업지역	도시계획시설	지하도로	혐오	0.89
41461	용인시 처인구 원삼면	2026	준공업지역	도시계획시설	지하도로	위험	0.89
41461	용인시 처인구 원삼면	2026	준공업지역	도시계획시설	지하도로	도축장	0.89
41461	용인시 처인구 원삼면	2026	준공업지역	도시계획시설	공원	일반	1.67
41461	용인시 처인구 원삼면	2026	준공업지역	도시계획시설	공원	지상도로	1.42
41461	용인시 처인구 원삼면	2026	준공업지역	도시계획시설	공원	지하도로	1.58
41461	용인시 처인구 원삼면	2026	준공업지역	도시계획시설	공원	공원	1
41461	용인시 처인구 원삼면	2026	준공업지역	도시계획시설	공원	운동장	1.42
41461	용인시 처인구 원삼면	2026	준공업지역	도시계획시설	공원	혐오	1.42
41461	용인시 처인구 원삼면	2026	준공업지역	도시계획시설	공원	위험	1.42
41461	용인시 처인구 원삼면	2026	준공업지역	도시계획시설	공원	도축장	1.42
41461	용인시 처인구 원삼면	2026	준공업지역	도시계획시설	운동장	일반	1.18
41461	용인시 처인구 원삼면	2026	준공업지역	도시계획시설	운동장	지상도로	1
41461	용인시 처인구 원삼면	2026	준공업지역	도시계획시설	운동장	지하도로	1.12
41461	용인시 처인구 원삼면	2026	준공업지역	도시계획시설	운동장	공원	0.71
41461	용인시 처인구 원삼면	2026	준공업지역	도시계획시설	운동장	운동장	1
41461	용인시 처인구 원삼면	2026	준공업지역	도시계획시설	운동장	혐오	1
41461	용인시 처인구 원삼면	2026	준공업지역	도시계획시설	운동장	위험	1
41461	용인시 처인구 원삼면	2026	준공업지역	도시계획시설	운동장	도축장	1
41461	용인시 처인구 원삼면	2026	준공업지역	도시계획시설	혐오	일반	1.18
41461	용인시 처인구 원삼면	2026	준공업지역	도시계획시설	혐오	지상도로	1
41461	용인시 처인구 원삼면	2026	준공업지역	도시계획시설	혐오	지하도로	1.12
41461	용인시 처인구 원삼면	2026	준공업지역	도시계획시설	혐오	공원	0.71
41461	용인시 처인구 원삼면	2026	준공업지역	도시계획시설	혐오	운동장	1
41461	용인시 처인구 원삼면	2026	준공업지역	도시계획시설	혐오	혐오	1
41461	용인시 처인구 원삼면	2026	준공업지역	도시계획시설	혐오	위험	1
41461	용인시 처인구 원삼면	2026	준공업지역	도시계획시설	혐오	도축장	1
41461	용인시 처인구 원삼면	2026	준공업지역	도시계획시설	위험	일반	1.18
41461	용인시 처인구 원삼면	2026	준공업지역	도시계획시설	위험	지상도로	1
41461	용인시 처인구 원삼면	2026	준공업지역	도시계획시설	위험	지하도로	1.12
41461	용인시 처인구 원삼면	2026	준공업지역	도시계획시설	위험	공원	0.71
41461	용인시 처인구 원삼면	2026	준공업지역	도시계획시설	위험	운동장	1
41461	용인시 처인구 원삼면	2026	준공업지역	도시계획시설	위험	혐오	1
41461	용인시 처인구 원삼면	2026	준공업지역	도시계획시설	위험	위험	1
41461	용인시 처인구 원삼면	2026	준공업지역	도시계획시설	위험	도축장	1
41461	용인시 처인구 원삼면	2026	준공업지역	도시계획시설	도축장	일반	1.18
41461	용인시 처인구 원삼면	2026	준공업지역	도시계획시설	도축장	지상도로	1
41461	용인시 처인구 원삼면	2026	준공업지역	도시계획시설	도축장	지하도로	1.12
41461	용인시 처인구 원삼면	2026	준공업지역	도시계획시설	도축장	공원	0.71
41461	용인시 처인구 원삼면	2026	준공업지역	도시계획시설	도축장	운동장	1
41461	용인시 처인구 원삼면	2026	준공업지역	도시계획시설	도축장	혐오	1
41461	용인시 처인구 원삼면	2026	준공업지역	도시계획시설	도축장	위험	1
41461	용인시 처인구 원삼면	2026	준공업지역	도시계획시설	도축장	도축장	1
41461	용인시 처인구 원삼면	2026	준공업지역	기타제한	일반	일반	1
41461	용인시 처인구 원삼면	2026	준공업지역	기타제한	일반	보존	0.6
41461	용인시 처인구 원삼면	2026	준공업지역	기타제한	일반	환경	0.66
41461	용인시 처인구 원삼면	2026	준공업지역	기타제한	일반	마을	0.8
41461	용인시 처인구 원삼면	2026	준공업지역	기타제한	일반	상수	0.86
41461	용인시 처인구 원삼면	2026	준공업지역	기타제한	일반	특별	0.86
41461	용인시 처인구 원삼면	2026	준공업지역	기타제한	일반	국보	0.9
41461	용인시 처인구 원삼면	2026	준공업지역	기타제한	일반	군사	0.88
41461	용인시 처인구 원삼면	2026	준공업지역	기타제한	일반	도공	0.6
41461	용인시 처인구 원삼면	2026	준공업지역	기타제한	일반	일시	0.6
41461	용인시 처인구 원삼면	2026	준공업지역	기타제한	보존	일반	1.67
41461	용인시 처인구 원삼면	2026	준공업지역	기타제한	보존	보존	1
41461	용인시 처인구 원삼면	2026	준공업지역	기타제한	보존	환경	1.1
41461	용인시 처인구 원삼면	2026	준공업지역	기타제한	보존	마을	1.33
41461	용인시 처인구 원삼면	2026	준공업지역	기타제한	보존	상수	1.43
41461	용인시 처인구 원삼면	2026	준공업지역	기타제한	보존	특별	1.43
41461	용인시 처인구 원삼면	2026	준공업지역	기타제한	보존	국보	1.5
41461	용인시 처인구 원삼면	2026	준공업지역	기타제한	보존	군사	1.47
41461	용인시 처인구 원삼면	2026	준공업지역	기타제한	보존	도공	1
41461	용인시 처인구 원삼면	2026	준공업지역	기타제한	보존	일시	1
41461	용인시 처인구 원삼면	2026	준공업지역	기타제한	환경	일반	1.52
41461	용인시 처인구 원삼면	2026	준공업지역	기타제한	환경	보존	0.91
41461	용인시 처인구 원삼면	2026	준공업지역	기타제한	환경	환경	1
41461	용인시 처인구 원삼면	2026	준공업지역	기타제한	환경	마을	1.21
41461	용인시 처인구 원삼면	2026	준공업지역	기타제한	환경	상수	1.3
41461	용인시 처인구 원삼면	2026	준공업지역	기타제한	환경	특별	1.3
41461	용인시 처인구 원삼면	2026	준공업지역	기타제한	환경	국보	1.36
41461	용인시 처인구 원삼면	2026	준공업지역	기타제한	환경	군사	1.33
41461	용인시 처인구 원삼면	2026	준공업지역	기타제한	환경	도공	0.91
41461	용인시 처인구 원삼면	2026	준공업지역	기타제한	환경	일시	0.91
41461	용인시 처인구 원삼면	2026	준공업지역	기타제한	마을	일반	1.25
41461	용인시 처인구 원삼면	2026	준공업지역	기타제한	마을	보존	0.75
41461	용인시 처인구 원삼면	2026	준공업지역	기타제한	마을	환경	0.83
41461	용인시 처인구 원삼면	2026	준공업지역	기타제한	마을	마을	1
41461	용인시 처인구 원삼면	2026	준공업지역	기타제한	마을	상수	1.08
41461	용인시 처인구 원삼면	2026	준공업지역	기타제한	마을	특별	1.08
41461	용인시 처인구 원삼면	2026	준공업지역	기타제한	마을	국보	1.13
41461	용인시 처인구 원삼면	2026	준공업지역	기타제한	마을	군사	1.1
41461	용인시 처인구 원삼면	2026	준공업지역	기타제한	마을	도공	0.75
41461	용인시 처인구 원삼면	2026	준공업지역	기타제한	마을	일시	0.75
41461	용인시 처인구 원삼면	2026	준공업지역	기타제한	상수	일반	1.16
41461	용인시 처인구 원삼면	2026	준공업지역	기타제한	상수	보존	0.7
41461	용인시 처인구 원삼면	2026	준공업지역	기타제한	상수	환경	0.77
41461	용인시 처인구 원삼면	2026	준공업지역	기타제한	상수	마을	0.93
41461	용인시 처인구 원삼면	2026	준공업지역	기타제한	상수	상수	1
41461	용인시 처인구 원삼면	2026	준공업지역	기타제한	상수	특별	1
41461	용인시 처인구 원삼면	2026	준공업지역	기타제한	상수	국보	1.05
41461	용인시 처인구 원삼면	2026	준공업지역	기타제한	상수	군사	1.02
41461	용인시 처인구 원삼면	2026	준공업지역	기타제한	상수	도공	0.7
41461	용인시 처인구 원삼면	2026	준공업지역	기타제한	상수	일시	0.7
41461	용인시 처인구 원삼면	2026	준공업지역	기타제한	특별	일반	1.16
41461	용인시 처인구 원삼면	2026	준공업지역	기타제한	특별	보존	0.7
41461	용인시 처인구 원삼면	2026	준공업지역	기타제한	특별	환경	0.77
41461	용인시 처인구 원삼면	2026	준공업지역	기타제한	특별	마을	0.93
41461	용인시 처인구 원삼면	2026	준공업지역	기타제한	특별	상수	1
41461	용인시 처인구 원삼면	2026	준공업지역	기타제한	특별	특별	1
41461	용인시 처인구 원삼면	2026	준공업지역	기타제한	특별	국보	1.05
41461	용인시 처인구 원삼면	2026	준공업지역	기타제한	특별	군사	1.02
41461	용인시 처인구 원삼면	2026	준공업지역	기타제한	특별	도공	0.7
41461	용인시 처인구 원삼면	2026	준공업지역	기타제한	특별	일시	0.7
41461	용인시 처인구 원삼면	2026	준공업지역	기타제한	국보	일반	1.11
41461	용인시 처인구 원삼면	2026	준공업지역	기타제한	국보	보존	0.67
41461	용인시 처인구 원삼면	2026	준공업지역	기타제한	국보	환경	0.73
41461	용인시 처인구 원삼면	2026	준공업지역	기타제한	국보	마을	0.89
41461	용인시 처인구 원삼면	2026	준공업지역	기타제한	국보	상수	0.96
41461	용인시 처인구 원삼면	2026	준공업지역	기타제한	국보	특별	0.96
41461	용인시 처인구 원삼면	2026	준공업지역	기타제한	국보	국보	1
41461	용인시 처인구 원삼면	2026	준공업지역	기타제한	국보	군사	0.98
41461	용인시 처인구 원삼면	2026	준공업지역	기타제한	국보	도공	0.67
41461	용인시 처인구 원삼면	2026	준공업지역	기타제한	국보	일시	0.67
41461	용인시 처인구 원삼면	2026	준공업지역	기타제한	군사	일반	1.14
41461	용인시 처인구 원삼면	2026	준공업지역	기타제한	군사	보존	0.68
41461	용인시 처인구 원삼면	2026	준공업지역	기타제한	군사	환경	0.75
41461	용인시 처인구 원삼면	2026	준공업지역	기타제한	군사	마을	0.91
41461	용인시 처인구 원삼면	2026	준공업지역	기타제한	군사	상수	0.98
41461	용인시 처인구 원삼면	2026	준공업지역	기타제한	군사	특별	0.98
41461	용인시 처인구 원삼면	2026	준공업지역	기타제한	군사	국보	1.02
41461	용인시 처인구 원삼면	2026	준공업지역	기타제한	군사	군사	1
41461	용인시 처인구 원삼면	2026	준공업지역	기타제한	군사	도공	0.68
41461	용인시 처인구 원삼면	2026	준공업지역	기타제한	군사	일시	0.68
41461	용인시 처인구 원삼면	2026	준공업지역	기타제한	도공	일반	1.67
41461	용인시 처인구 원삼면	2026	준공업지역	기타제한	도공	보존	1
41461	용인시 처인구 원삼면	2026	준공업지역	기타제한	도공	환경	1.1
41461	용인시 처인구 원삼면	2026	준공업지역	기타제한	도공	마을	1.33
41461	용인시 처인구 원삼면	2026	준공업지역	기타제한	도공	상수	1.43
41461	용인시 처인구 원삼면	2026	준공업지역	기타제한	도공	특별	1.43
41461	용인시 처인구 원삼면	2026	준공업지역	기타제한	도공	국보	1.5
41461	용인시 처인구 원삼면	2026	준공업지역	기타제한	도공	군사	1.47
41461	용인시 처인구 원삼면	2026	준공업지역	기타제한	도공	도공	1
41461	용인시 처인구 원삼면	2026	준공업지역	기타제한	도공	일시	1
41461	용인시 처인구 원삼면	2026	준공업지역	기타제한	일시	일반	1.67
41461	용인시 처인구 원삼면	2026	준공업지역	기타제한	일시	보존	1
41461	용인시 처인구 원삼면	2026	준공업지역	기타제한	일시	환경	1.1
41461	용인시 처인구 원삼면	2026	준공업지역	기타제한	일시	마을	1.33
41461	용인시 처인구 원삼면	2026	준공업지역	기타제한	일시	상수	1.43
41461	용인시 처인구 원삼면	2026	준공업지역	기타제한	일시	특별	1.43
41461	용인시 처인구 원삼면	2026	준공업지역	기타제한	일시	국보	1.5
41461	용인시 처인구 원삼면	2026	준공업지역	기타제한	일시	군사	1.47
41461	용인시 처인구 원삼면	2026	준공업지역	기타제한	일시	도공	1
41461	용인시 처인구 원삼면	2026	준공업지역	기타제한	일시	일시	1
41461	용인시 처인구 원삼면	2026	준공업지역	농지구분	진흥	진흥	1
41461	용인시 처인구 원삼면	2026	준공업지역	농지구분	진흥	보호	1.02
41461	용인시 처인구 원삼면	2026	준공업지역	농지구분	진흥	해당없음	1.05
41461	용인시 처인구 원삼면	2026	준공업지역	농지구분	보호	진흥	0.98
41461	용인시 처인구 원삼면	2026	준공업지역	농지구분	보호	보호	1
41461	용인시 처인구 원삼면	2026	준공업지역	농지구분	보호	해당없음	1.03
41461	용인시 처인구 원삼면	2026	준공업지역	농지구분	해당없음	진흥	0.95
41461	용인시 처인구 원삼면	2026	준공업지역	농지구분	해당없음	보호	0.97
41461	용인시 처인구 원삼면	2026	준공업지역	농지구분	해당없음	해당없음	1
41461	용인시 처인구 원삼면	2026	준공업지역	비옥도	비옥	비옥	1
41461	용인시 처인구 원삼면	2026	준공업지역	비옥도	비옥	저습·사질척박	0.94
41461	용인시 처인구 원삼면	2026	준공업지역	비옥도	저습·사질척박	비옥	1.06
41461	용인시 처인구 원삼면	2026	준공업지역	비옥도	저습·사질척박	저습·사질척박	1
41461	용인시 처인구 원삼면	2026	준공업지역	경지정리	정리	정리	1
41461	용인시 처인구 원삼면	2026	준공업지역	경지정리	정리	미정리	0.99
41461	용인시 처인구 원삼면	2026	준공업지역	경지정리	미정리	정리	1.01
41461	용인시 처인구 원삼면	2026	준공업지역	경지정리	미정리	미정리	1
41461	용인시 처인구 원삼면	2026	준공업지역	임야	보전산	보전산	1
41461	용인시 처인구 원삼면	2026	준공업지역	임야	보전산	준보전산	1.18
41461	용인시 처인구 원삼면	2026	준공업지역	임야	준보전산	보전산	0.85
41461	용인시 처인구 원삼면	2026	준공업지역	임야	준보전산	준보전산	1
41461	용인시 처인구 원삼면	2026	준공업지역	토지이용상황	주거용	주거용	1
41461	용인시 처인구 원삼면	2026	준공업지역	토지이용상황	주거용	상업업무	1.5
41461	용인시 처인구 원삼면	2026	준공업지역	토지이용상황	주거용	주상복합	1.42
41461	용인시 처인구 원삼면	2026	준공업지역	토지이용상황	주거용	공업용	0.99
41461	용인시 처인구 원삼면	2026	준공업지역	토지이용상황	주거용	태양광	0.85
41461	용인시 처인구 원삼면	2026	준공업지역	토지이용상황	주거용	전	0.64
41461	용인시 처인구 원삼면	2026	준공업지역	토지이용상황	주거용	전창고	0.74
41461	용인시 처인구 원삼면	2026	준공업지역	토지이용상황	주거용	전축사	0.73
41461	용인시 처인구 원삼면	2026	준공업지역	토지이용상황	주거용	답	0.61
41461	용인시 처인구 원삼면	2026	준공업지역	토지이용상황	주거용	답창고	0.7
41461	용인시 처인구 원삼면	2026	준공업지역	토지이용상황	주거용	답축사	0.7
41461	용인시 처인구 원삼면	2026	준공업지역	토지이용상황	주거용	임야	0.4
41461	용인시 처인구 원삼면	2026	준공업지역	토지이용상황	상업업무	주거용	0.67
41461	용인시 처인구 원삼면	2026	준공업지역	토지이용상황	상업업무	상업업무	1
41461	용인시 처인구 원삼면	2026	준공업지역	토지이용상황	상업업무	주상복합	0.95
41461	용인시 처인구 원삼면	2026	준공업지역	토지이용상황	상업업무	공업용	0.66
41461	용인시 처인구 원삼면	2026	준공업지역	토지이용상황	상업업무	태양광	0.57
41461	용인시 처인구 원삼면	2026	준공업지역	토지이용상황	상업업무	전	0.43
41461	용인시 처인구 원삼면	2026	준공업지역	토지이용상황	상업업무	전창고	0.49
41461	용인시 처인구 원삼면	2026	준공업지역	토지이용상황	상업업무	전축사	0.49
41461	용인시 처인구 원삼면	2026	준공업지역	토지이용상황	상업업무	답	0.41
41461	용인시 처인구 원삼면	2026	준공업지역	토지이용상황	상업업무	답창고	0.47
41461	용인시 처인구 원삼면	2026	준공업지역	토지이용상황	상업업무	답축사	0.47
41461	용인시 처인구 원삼면	2026	준공업지역	토지이용상황	상업업무	임야	0.27
41461	용인시 처인구 원삼면	2026	준공업지역	토지이용상황	주상복합	주거용	0.7
41461	용인시 처인구 원삼면	2026	준공업지역	토지이용상황	주상복합	상업업무	1.06
41461	용인시 처인구 원삼면	2026	준공업지역	토지이용상황	주상복합	주상복합	1
41461	용인시 처인구 원삼면	2026	준공업지역	토지이용상황	주상복합	공업용	0.7
41461	용인시 처인구 원삼면	2026	준공업지역	토지이용상황	주상복합	태양광	0.6
41461	용인시 처인구 원삼면	2026	준공업지역	토지이용상황	주상복합	전	0.45
41461	용인시 처인구 원삼면	2026	준공업지역	토지이용상황	주상복합	전창고	0.52
41461	용인시 처인구 원삼면	2026	준공업지역	토지이용상황	주상복합	전축사	0.51
41461	용인시 처인구 원삼면	2026	준공업지역	토지이용상황	주상복합	답	0.43
41461	용인시 처인구 원삼면	2026	준공업지역	토지이용상황	주상복합	답창고	0.49
41461	용인시 처인구 원삼면	2026	준공업지역	토지이용상황	주상복합	답축사	0.49
41461	용인시 처인구 원삼면	2026	준공업지역	토지이용상황	주상복합	임야	0.28
41461	용인시 처인구 원삼면	2026	준공업지역	토지이용상황	공업용	주거용	1.01
41461	용인시 처인구 원삼면	2026	준공업지역	토지이용상황	공업용	상업업무	1.52
41461	용인시 처인구 원삼면	2026	준공업지역	토지이용상황	공업용	주상복합	1.43
41461	용인시 처인구 원삼면	2026	준공업지역	토지이용상황	공업용	공업용	1
41461	용인시 처인구 원삼면	2026	준공업지역	토지이용상황	공업용	태양광	0.86
41461	용인시 처인구 원삼면	2026	준공업지역	토지이용상황	공업용	전	0.65
41461	용인시 처인구 원삼면	2026	준공업지역	토지이용상황	공업용	전창고	0.75
41461	용인시 처인구 원삼면	2026	준공업지역	토지이용상황	공업용	전축사	0.74
41461	용인시 처인구 원삼면	2026	준공업지역	토지이용상황	공업용	답	0.62
41461	용인시 처인구 원삼면	2026	준공업지역	토지이용상황	공업용	답창고	0.71
41461	용인시 처인구 원삼면	2026	준공업지역	토지이용상황	공업용	답축사	0.71
41461	용인시 처인구 원삼면	2026	준공업지역	토지이용상황	공업용	임야	0.4
41461	용인시 처인구 원삼면	2026	준공업지역	토지이용상황	태양광	주거용	1.18
41461	용인시 처인구 원삼면	2026	준공업지역	토지이용상황	태양광	상업업무	1.76
41461	용인시 처인구 원삼면	2026	준공업지역	토지이용상황	태양광	주상복합	1.67
41461	용인시 처인구 원삼면	2026	준공업지역	토지이용상황	태양광	공업용	1.16
41461	용인시 처인구 원삼면	2026	준공업지역	토지이용상황	태양광	태양광	1
41461	용인시 처인구 원삼면	2026	준공업지역	토지이용상황	태양광	전	0.75
41461	용인시 처인구 원삼면	2026	준공업지역	토지이용상황	태양광	전창고	0.87
41461	용인시 처인구 원삼면	2026	준공업지역	토지이용상황	태양광	전축사	0.86
41461	용인시 처인구 원삼면	2026	준공업지역	토지이용상황	태양광	답	0.72
41461	용인시 처인구 원삼면	2026	준공업지역	토지이용상황	태양광	답창고	0.82
41461	용인시 처인구 원삼면	2026	준공업지역	토지이용상황	태양광	답축사	0.82
41461	용인시 처인구 원삼면	2026	준공업지역	토지이용상황	태양광	임야	0.47
41461	용인시 처인구 원삼면	2026	준공업지역	토지이용상황	전	주거용	1.56
41461	용인시 처인구 원삼면	2026	준공업지역	토지이용상황	전	상업업무	2.34
41461	용인시 처인구 원삼면	2026	준공업지역	토지이용상황	전	주상복합	2.22
41461	용인시 처인구 원삼면	2026	준공업지역	토지이용상황	전	공업용	1.55
41461	용인시 처인구 원삼면	2026	준공업지역	토지이용상황	전	태양광	1.33
41461	용인시 처인구 원삼면	2026	준공업지역	토지이용상황	전	전	1
41461	용인시 처인구 원삼면	2026	준공업지역	토지이용상황	전	전창고	1.16
41461	용인시 처인구 원삼면	2026	준공업지역	토지이용상황	전	전축사	1.14
41461	용인시 처인구 원삼면	2026	준공업지역	토지이용상황	전	답	0.95
41461	용인시 처인구 원삼면	2026	준공업지역	토지이용상황	전	답창고	1.09
41461	용인시 처인구 원삼면	2026	준공업지역	토지이용상황	전	답축사	1.09
41461	용인시 처인구 원삼면	2026	준공업지역	토지이용상황	전	임야	0.63
41461	용인시 처인구 원삼면	2026	준공업지역	토지이용상황	전창고	주거용	1.35
41461	용인시 처인구 원삼면	2026	준공업지역	토지이용상황	전창고	상업업무	2.03
41461	용인시 처인구 원삼면	2026	준공업지역	토지이용상황	전창고	주상복합	1.92
41461	용인시 처인구 원삼면	2026	준공업지역	토지이용상황	전창고	공업용	1.34
41461	용인시 처인구 원삼면	2026	준공업지역	토지이용상황	전창고	태양광	1.15
41461	용인시 처인구 원삼면	2026	준공업지역	토지이용상황	전창고	전	0.86
41461	용인시 처인구 원삼면	2026	준공업지역	토지이용상황	전창고	전창고	1
41461	용인시 처인구 원삼면	2026	준공업지역	토지이용상황	전창고	전축사	0.99
41461	용인시 처인구 원삼면	2026	준공업지역	토지이용상황	전창고	답	0.82
41461	용인시 처인구 원삼면	2026	준공업지역	토지이용상황	전창고	답창고	0.95
41461	용인시 처인구 원삼면	2026	준공업지역	토지이용상황	전창고	답축사	0.95
41461	용인시 처인구 원삼면	2026	준공업지역	토지이용상황	전창고	임야	0.54
41461	용인시 처인구 원삼면	2026	준공업지역	토지이용상황	전축사	주거용	1.37
41461	용인시 처인구 원삼면	2026	준공업지역	토지이용상황	전축사	상업업무	2.05
41461	용인시 처인구 원삼면	2026	준공업지역	토지이용상황	전축사	주상복합	1.95
41461	용인시 처인구 원삼면	2026	준공업지역	토지이용상황	전축사	공업용	1.36
41461	용인시 처인구 원삼면	2026	준공업지역	토지이용상황	전축사	태양광	1.16
41461	용인시 처인구 원삼면	2026	준공업지역	토지이용상황	전축사	전	0.88
41461	용인시 처인구 원삼면	2026	준공업지역	토지이용상황	전축사	전창고	1.01
41461	용인시 처인구 원삼면	2026	준공업지역	토지이용상황	전축사	전축사	1
41461	용인시 처인구 원삼면	2026	준공업지역	토지이용상황	전축사	답	0.84
41461	용인시 처인구 원삼면	2026	준공업지역	토지이용상황	전축사	답창고	0.96
41461	용인시 처인구 원삼면	2026	준공업지역	토지이용상황	전축사	답축사	0.96
41461	용인시 처인구 원삼면	2026	준공업지역	토지이용상황	전축사	임야	0.55
41461	용인시 처인구 원삼면	2026	준공업지역	토지이용상황	답	주거용	1.64
41461	용인시 처인구 원삼면	2026	준공업지역	토지이용상황	답	상업업무	2.46
41461	용인시 처인구 원삼면	2026	준공업지역	토지이용상황	답	주상복합	2.33
41461	용인시 처인구 원삼면	2026	준공업지역	토지이용상황	답	공업용	1.62
41461	용인시 처인구 원삼면	2026	준공업지역	토지이용상황	답	태양광	1.39
41461	용인시 처인구 원삼면	2026	준공업지역	토지이용상황	답	전	1.05
41461	용인시 처인구 원삼면	2026	준공업지역	토지이용상황	답	전창고	1.21
41461	용인시 처인구 원삼면	2026	준공업지역	토지이용상황	답	전축사	1.2
41461	용인시 처인구 원삼면	2026	준공업지역	토지이용상황	답	답	1
41461	용인시 처인구 원삼면	2026	준공업지역	토지이용상황	답	답창고	1.15
41461	용인시 처인구 원삼면	2026	준공업지역	토지이용상황	답	답축사	1.15
41461	용인시 처인구 원삼면	2026	준공업지역	토지이용상황	답	임야	0.66
41461	용인시 처인구 원삼면	2026	준공업지역	토지이용상황	답창고	주거용	1.43
41461	용인시 처인구 원삼면	2026	준공업지역	토지이용상황	답창고	상업업무	2.14
41461	용인시 처인구 원삼면	2026	준공업지역	토지이용상황	답창고	주상복합	2.03
41461	용인시 처인구 원삼면	2026	준공업지역	토지이용상황	답창고	공업용	1.41
41461	용인시 처인구 원삼면	2026	준공업지역	토지이용상황	답창고	태양광	1.21
41461	용인시 처인구 원삼면	2026	준공업지역	토지이용상황	답창고	전	0.91
41461	용인시 처인구 원삼면	2026	준공업지역	토지이용상황	답창고	전창고	1.06
41461	용인시 처인구 원삼면	2026	준공업지역	토지이용상황	답창고	전축사	1.04
41461	용인시 처인구 원삼면	2026	준공업지역	토지이용상황	답창고	답	0.87
41461	용인시 처인구 원삼면	2026	준공업지역	토지이용상황	답창고	답창고	1
41461	용인시 처인구 원삼면	2026	준공업지역	토지이용상황	답창고	답축사	1
41461	용인시 처인구 원삼면	2026	준공업지역	토지이용상황	답창고	임야	0.57
41461	용인시 처인구 원삼면	2026	준공업지역	토지이용상황	답축사	주거용	1.43
41461	용인시 처인구 원삼면	2026	준공업지역	토지이용상황	답축사	상업업무	2.14
41461	용인시 처인구 원삼면	2026	준공업지역	토지이용상황	답축사	주상복합	2.03
41461	용인시 처인구 원삼면	2026	준공업지역	토지이용상황	답축사	공업용	1.41
41461	용인시 처인구 원삼면	2026	준공업지역	토지이용상황	답축사	태양광	1.21
41461	용인시 처인구 원삼면	2026	준공업지역	토지이용상황	답축사	전	0.91
41461	용인시 처인구 원삼면	2026	준공업지역	토지이용상황	답축사	전창고	1.06
41461	용인시 처인구 원삼면	2026	준공업지역	토지이용상황	답축사	전축사	1.04
41461	용인시 처인구 원삼면	2026	준공업지역	토지이용상황	답축사	답	0.87
41461	용인시 처인구 원삼면	2026	준공업지역	토지이용상황	답축사	답창고	1
41461	용인시 처인구 원삼면	2026	준공업지역	토지이용상황	답축사	답축사	1
41461	용인시 처인구 원삼면	2026	준공업지역	토지이용상황	답축사	임야	0.57
41461	용인시 처인구 원삼면	2026	준공업지역	토지이용상황	임야	주거용	2.5
41461	용인시 처인구 원삼면	2026	준공업지역	토지이용상황	임야	상업업무	3.75
41461	용인시 처인구 원삼면	2026	준공업지역	토지이용상황	임야	주상복합	3.55
41461	용인시 처인구 원삼면	2026	준공업지역	토지이용상황	임야	공업용	2.48
41461	용인시 처인구 원삼면	2026	준공업지역	토지이용상황	임야	태양광	2.13
41461	용인시 처인구 원삼면	2026	준공업지역	토지이용상황	임야	전	1.6
41461	용인시 처인구 원삼면	2026	준공업지역	토지이용상황	임야	전창고	1.85
41461	용인시 처인구 원삼면	2026	준공업지역	토지이용상황	임야	전축사	1.83
41461	용인시 처인구 원삼면	2026	준공업지역	토지이용상황	임야	답	1.53
41461	용인시 처인구 원삼면	2026	준공업지역	토지이용상황	임야	답창고	1.75
41461	용인시 처인구 원삼면	2026	준공업지역	토지이용상황	임야	답축사	1.75
41461	용인시 처인구 원삼면	2026	준공업지역	토지이용상황	임야	임야	1
41461	용인시 처인구 원삼면	2026	준공업지역	공공용지	일반	일반	1
41461	용인시 처인구 원삼면	2026	준공업지역	공공용지	일반	도로	0.33
41461	용인시 처인구 원삼면	2026	준공업지역	공공용지	일반	공원	0.33
41461	용인시 처인구 원삼면	2026	준공업지역	공공용지	일반	운동장	0.7
41461	용인시 처인구 원삼면	2026	준공업지역	공공용지	일반	하천	0.33
41461	용인시 처인구 원삼면	2026	준공업지역	공공용지	일반	혐오	0.33
41461	용인시 처인구 원삼면	2026	준공업지역	공공용지	일반	위험	0.7
41461	용인시 처인구 원삼면	2026	준공업지역	공공용지	일반	도축장	0.7
41461	용인시 처인구 원삼면	2026	준공업지역	공공용지	도로	일반	3.03
41461	용인시 처인구 원삼면	2026	준공업지역	공공용지	도로	도로	1
41461	용인시 처인구 원삼면	2026	준공업지역	공공용지	도로	공원	1
41461	용인시 처인구 원삼면	2026	준공업지역	공공용지	도로	운동장	2.12
41461	용인시 처인구 원삼면	2026	준공업지역	공공용지	도로	하천	1
41461	용인시 처인구 원삼면	2026	준공업지역	공공용지	도로	혐오	1
41461	용인시 처인구 원삼면	2026	준공업지역	공공용지	도로	위험	2.12
41461	용인시 처인구 원삼면	2026	준공업지역	공공용지	도로	도축장	2.12
41461	용인시 처인구 원삼면	2026	준공업지역	공공용지	공원	일반	3.03
41461	용인시 처인구 원삼면	2026	준공업지역	공공용지	공원	도로	1
41461	용인시 처인구 원삼면	2026	준공업지역	공공용지	공원	공원	1
41461	용인시 처인구 원삼면	2026	준공업지역	공공용지	공원	운동장	2.12
41461	용인시 처인구 원삼면	2026	준공업지역	공공용지	공원	하천	1
41461	용인시 처인구 원삼면	2026	준공업지역	공공용지	공원	혐오	1
41461	용인시 처인구 원삼면	2026	준공업지역	공공용지	공원	위험	2.12
41461	용인시 처인구 원삼면	2026	준공업지역	공공용지	공원	도축장	2.12
41461	용인시 처인구 원삼면	2026	준공업지역	공공용지	운동장	일반	1.43
41461	용인시 처인구 원삼면	2026	준공업지역	공공용지	운동장	도로	0.47
41461	용인시 처인구 원삼면	2026	준공업지역	공공용지	운동장	공원	0.47
41461	용인시 처인구 원삼면	2026	준공업지역	공공용지	운동장	운동장	1
41461	용인시 처인구 원삼면	2026	준공업지역	공공용지	운동장	하천	0.47
41461	용인시 처인구 원삼면	2026	준공업지역	공공용지	운동장	혐오	0.47
41461	용인시 처인구 원삼면	2026	준공업지역	공공용지	운동장	위험	1
41461	용인시 처인구 원삼면	2026	준공업지역	공공용지	운동장	도축장	1
41461	용인시 처인구 원삼면	2026	준공업지역	공공용지	하천	일반	3.03
41461	용인시 처인구 원삼면	2026	준공업지역	공공용지	하천	도로	1
41461	용인시 처인구 원삼면	2026	준공업지역	공공용지	하천	공원	1
41461	용인시 처인구 원삼면	2026	준공업지역	공공용지	하천	운동장	2.12
41461	용인시 처인구 원삼면	2026	준공업지역	공공용지	하천	하천	1
41461	용인시 처인구 원삼면	2026	준공업지역	공공용지	하천	혐오	1
41461	용인시 처인구 원삼면	2026	준공업지역	공공용지	하천	위험	2.12
41461	용인시 처인구 원삼면	2026	준공업지역	공공용지	하천	도축장	2.12
41461	용인시 처인구 원삼면	2026	준공업지역	공공용지	혐오	일반	3.03
41461	용인시 처인구 원삼면	2026	준공업지역	공공용지	혐오	도로	1
41461	용인시 처인구 원삼면	2026	준공업지역	공공용지	혐오	공원	1
41461	용인시 처인구 원삼면	2026	준공업지역	공공용지	혐오	운동장	2.12
41461	용인시 처인구 원삼면	2026	준공업지역	공공용지	혐오	하천	1
41461	용인시 처인구 원삼면	2026	준공업지역	공공용지	혐오	혐오	1
41461	용인시 처인구 원삼면	2026	준공업지역	공공용지	혐오	위험	2.12
41461	용인시 처인구 원삼면	2026	준공업지역	공공용지	혐오	도축장	2.12
41461	용인시 처인구 원삼면	2026	준공업지역	공공용지	위험	일반	1.43
41461	용인시 처인구 원삼면	2026	준공업지역	공공용지	위험	도로	0.47
41461	용인시 처인구 원삼면	2026	준공업지역	공공용지	위험	공원	0.47
41461	용인시 처인구 원삼면	2026	준공업지역	공공용지	위험	운동장	1
41461	용인시 처인구 원삼면	2026	준공업지역	공공용지	위험	하천	0.47
41461	용인시 처인구 원삼면	2026	준공업지역	공공용지	위험	혐오	0.47
41461	용인시 처인구 원삼면	2026	준공업지역	공공용지	위험	위험	1
41461	용인시 처인구 원삼면	2026	준공업지역	공공용지	위험	도축장	1
41461	용인시 처인구 원삼면	2026	준공업지역	공공용지	도축장	일반	1.43
41461	용인시 처인구 원삼면	2026	준공업지역	공공용지	도축장	도로	0.47
41461	용인시 처인구 원삼면	2026	준공업지역	공공용지	도축장	공원	0.47
41461	용인시 처인구 원삼면	2026	준공업지역	공공용지	도축장	운동장	1
41461	용인시 처인구 원삼면	2026	준공업지역	공공용지	도축장	하천	0.47
41461	용인시 처인구 원삼면	2026	준공업지역	공공용지	도축장	혐오	0.47
41461	용인시 처인구 원삼면	2026	준공업지역	공공용지	도축장	위험	1
41461	용인시 처인구 원삼면	2026	준공업지역	공공용지	도축장	도축장	1
41461	용인시 처인구 원삼면	2026	준공업지역	고저	저지	저지	1
41461	용인시 처인구 원삼면	2026	준공업지역	고저	저지	평지	1.04
41461	용인시 처인구 원삼면	2026	준공업지역	고저	저지	완경사	0.87
41461	용인시 처인구 원삼면	2026	준공업지역	고저	저지	급경사	0.72
41461	용인시 처인구 원삼면	2026	준공업지역	고저	저지	고지	0.71
41461	용인시 처인구 원삼면	2026	준공업지역	고저	평지	저지	0.96
41461	용인시 처인구 원삼면	2026	준공업지역	고저	평지	평지	1
41461	용인시 처인구 원삼면	2026	준공업지역	고저	평지	완경사	0.84
41461	용인시 처인구 원삼면	2026	준공업지역	고저	평지	급경사	0.69
41461	용인시 처인구 원삼면	2026	준공업지역	고저	평지	고지	0.68
41461	용인시 처인구 원삼면	2026	준공업지역	고저	완경사	저지	1.15
41461	용인시 처인구 원삼면	2026	준공업지역	고저	완경사	평지	1.2
41461	용인시 처인구 원삼면	2026	준공업지역	고저	완경사	완경사	1
41461	용인시 처인구 원삼면	2026	준공업지역	고저	완경사	급경사	0.83
41461	용인시 처인구 원삼면	2026	준공업지역	고저	완경사	고지	0.82
41461	용인시 처인구 원삼면	2026	준공업지역	고저	급경사	저지	1.39
41461	용인시 처인구 원삼면	2026	준공업지역	고저	급경사	평지	1.44
41461	용인시 처인구 원삼면	2026	준공업지역	고저	급경사	완경사	1.21
41461	용인시 처인구 원삼면	2026	준공업지역	고저	급경사	급경사	1
41461	용인시 처인구 원삼면	2026	준공업지역	고저	급경사	고지	0.99
41461	용인시 처인구 원삼면	2026	준공업지역	고저	고지	저지	1.41
41461	용인시 처인구 원삼면	2026	준공업지역	고저	고지	평지	1.46
41461	용인시 처인구 원삼면	2026	준공업지역	고저	고지	완경사	1.23
41461	용인시 처인구 원삼면	2026	준공업지역	고저	고지	급경사	1.01
41461	용인시 처인구 원삼면	2026	준공업지역	고저	고지	고지	1
41461	용인시 처인구 원삼면	2026	준공업지역	형상(주거.공업)	정방형	정방형	1
41461	용인시 처인구 원삼면	2026	준공업지역	형상(주거.공업)	정방형	장방형	1
41461	용인시 처인구 원삼면	2026	준공업지역	형상(주거.공업)	정방형	사다리	0.99
41461	용인시 처인구 원삼면	2026	준공업지역	형상(주거.공업)	정방형	부정형	0.96
41461	용인시 처인구 원삼면	2026	준공업지역	형상(주거.공업)	정방형	자루형	0.94
41461	용인시 처인구 원삼면	2026	준공업지역	형상(주거.공업)	장방형	정방형	1
41461	용인시 처인구 원삼면	2026	준공업지역	형상(주거.공업)	장방형	장방형	1
41461	용인시 처인구 원삼면	2026	준공업지역	형상(주거.공업)	장방형	사다리	0.99
41461	용인시 처인구 원삼면	2026	준공업지역	형상(주거.공업)	장방형	부정형	0.96
41461	용인시 처인구 원삼면	2026	준공업지역	형상(주거.공업)	장방형	자루형	0.94
41461	용인시 처인구 원삼면	2026	준공업지역	형상(주거.공업)	사다리	정방형	1.01
41461	용인시 처인구 원삼면	2026	준공업지역	형상(주거.공업)	사다리	장방형	1.01
41461	용인시 처인구 원삼면	2026	준공업지역	형상(주거.공업)	사다리	사다리	1
41461	용인시 처인구 원삼면	2026	준공업지역	형상(주거.공업)	사다리	부정형	0.97
41461	용인시 처인구 원삼면	2026	준공업지역	형상(주거.공업)	사다리	자루형	0.95
41461	용인시 처인구 원삼면	2026	준공업지역	형상(주거.공업)	부정형	정방형	1.04
41461	용인시 처인구 원삼면	2026	준공업지역	형상(주거.공업)	부정형	장방형	1.04
41461	용인시 처인구 원삼면	2026	준공업지역	형상(주거.공업)	부정형	사다리	1.03
41461	용인시 처인구 원삼면	2026	준공업지역	형상(주거.공업)	부정형	부정형	1
41461	용인시 처인구 원삼면	2026	준공업지역	형상(주거.공업)	부정형	자루형	0.98
41461	용인시 처인구 원삼면	2026	준공업지역	형상(주거.공업)	자루형	정방형	1.06
41461	용인시 처인구 원삼면	2026	준공업지역	형상(주거.공업)	자루형	장방형	1.06
41461	용인시 처인구 원삼면	2026	준공업지역	형상(주거.공업)	자루형	사다리	1.05
41461	용인시 처인구 원삼면	2026	준공업지역	형상(주거.공업)	자루형	부정형	1.02
41461	용인시 처인구 원삼면	2026	준공업지역	형상(주거.공업)	자루형	자루형	1
41461	용인시 처인구 원삼면	2026	준공업지역	형상(상업.주상)	정방형	정방형	1
41461	용인시 처인구 원삼면	2026	준공업지역	형상(상업.주상)	정방형	가장형	1.04
41461	용인시 처인구 원삼면	2026	준공업지역	형상(상업.주상)	정방형	세장형	1.01
41461	용인시 처인구 원삼면	2026	준공업지역	형상(상업.주상)	정방형	사다리	0.98
41461	용인시 처인구 원삼면	2026	준공업지역	형상(상업.주상)	정방형	부정형	0.96
41461	용인시 처인구 원삼면	2026	준공업지역	형상(상업.주상)	정방형	자루형	0.94
41461	용인시 처인구 원삼면	2026	준공업지역	형상(상업.주상)	가장형	정방형	0.96
41461	용인시 처인구 원삼면	2026	준공업지역	형상(상업.주상)	가장형	가장형	1
41461	용인시 처인구 원삼면	2026	준공업지역	형상(상업.주상)	가장형	세장형	0.97
41461	용인시 처인구 원삼면	2026	준공업지역	형상(상업.주상)	가장형	사다리	0.94
41461	용인시 처인구 원삼면	2026	준공업지역	형상(상업.주상)	가장형	부정형	0.92
41461	용인시 처인구 원삼면	2026	준공업지역	형상(상업.주상)	가장형	자루형	0.9
41461	용인시 처인구 원삼면	2026	준공업지역	형상(상업.주상)	세장형	정방형	0.99
41461	용인시 처인구 원삼면	2026	준공업지역	형상(상업.주상)	세장형	가장형	1.03
41461	용인시 처인구 원삼면	2026	준공업지역	형상(상업.주상)	세장형	세장형	1
41461	용인시 처인구 원삼면	2026	준공업지역	형상(상업.주상)	세장형	사다리	0.97
41461	용인시 처인구 원삼면	2026	준공업지역	형상(상업.주상)	세장형	부정형	0.95
41461	용인시 처인구 원삼면	2026	준공업지역	형상(상업.주상)	세장형	자루형	0.93
41461	용인시 처인구 원삼면	2026	준공업지역	형상(상업.주상)	사다리	정방형	1.02
41461	용인시 처인구 원삼면	2026	준공업지역	형상(상업.주상)	사다리	가장형	1.06
41461	용인시 처인구 원삼면	2026	준공업지역	형상(상업.주상)	사다리	세장형	1.03
41461	용인시 처인구 원삼면	2026	준공업지역	형상(상업.주상)	사다리	사다리	1
41461	용인시 처인구 원삼면	2026	준공업지역	형상(상업.주상)	사다리	부정형	0.98
41461	용인시 처인구 원삼면	2026	준공업지역	형상(상업.주상)	사다리	자루형	0.96
41461	용인시 처인구 원삼면	2026	준공업지역	형상(상업.주상)	부정형	정방형	1.04
41461	용인시 처인구 원삼면	2026	준공업지역	형상(상업.주상)	부정형	가장형	1.08
41461	용인시 처인구 원삼면	2026	준공업지역	형상(상업.주상)	부정형	세장형	1.05
41461	용인시 처인구 원삼면	2026	준공업지역	형상(상업.주상)	부정형	사다리	1.02
41461	용인시 처인구 원삼면	2026	준공업지역	형상(상업.주상)	부정형	부정형	1
41461	용인시 처인구 원삼면	2026	준공업지역	형상(상업.주상)	부정형	자루형	0.98
41461	용인시 처인구 원삼면	2026	준공업지역	형상(상업.주상)	자루형	정방형	1.06
41461	용인시 처인구 원삼면	2026	준공업지역	형상(상업.주상)	자루형	가장형	1.11
41461	용인시 처인구 원삼면	2026	준공업지역	형상(상업.주상)	자루형	세장형	1.07
41461	용인시 처인구 원삼면	2026	준공업지역	형상(상업.주상)	자루형	사다리	1.04
41461	용인시 처인구 원삼면	2026	준공업지역	형상(상업.주상)	자루형	부정형	1.02
41461	용인시 처인구 원삼면	2026	준공업지역	형상(상업.주상)	자루형	자루형	1
41461	용인시 처인구 원삼면	2026	준공업지역	방위	남향	남향	1
41461	용인시 처인구 원삼면	2026	준공업지역	방위	남향	동향	0.98
41461	용인시 처인구 원삼면	2026	준공업지역	방위	남향	서향	0.99
41461	용인시 처인구 원삼면	2026	준공업지역	방위	남향	북향	0.99
41461	용인시 처인구 원삼면	2026	준공업지역	방위	동향	남향	1.02
41461	용인시 처인구 원삼면	2026	준공업지역	방위	동향	동향	1
41461	용인시 처인구 원삼면	2026	준공업지역	방위	동향	서향	1.01
41461	용인시 처인구 원삼면	2026	준공업지역	방위	동향	북향	1.01
41461	용인시 처인구 원삼면	2026	준공업지역	방위	서향	남향	1.01
41461	용인시 처인구 원삼면	2026	준공업지역	방위	서향	동향	0.99
41461	용인시 처인구 원삼면	2026	준공업지역	방위	서향	서향	1
41461	용인시 처인구 원삼면	2026	준공업지역	방위	서향	북향	1
41461	용인시 처인구 원삼면	2026	준공업지역	방위	북향	남향	1.01
41461	용인시 처인구 원삼면	2026	준공업지역	방위	북향	동향	0.99
41461	용인시 처인구 원삼면	2026	준공업지역	방위	북향	서향	1
41461	용인시 처인구 원삼면	2026	준공업지역	방위	북향	북향	1
41461	용인시 처인구 원삼면	2026	준공업지역	도로접면	광대한면	광대한면	1
41461	용인시 처인구 원삼면	2026	준공업지역	도로접면	광대한면	광대소각	1.08
41461	용인시 처인구 원삼면	2026	준공업지역	도로접면	광대한면	광대세각	1.05
41461	용인시 처인구 원삼면	2026	준공업지역	도로접면	광대한면	중로한면	0.98
41461	용인시 처인구 원삼면	2026	준공업지역	도로접면	광대한면	중로각지	0.99
41461	용인시 처인구 원삼면	2026	준공업지역	도로접면	광대한면	소로한면	0.89
41461	용인시 처인구 원삼면	2026	준공업지역	도로접면	광대한면	소로각지	0.92
41461	용인시 처인구 원삼면	2026	준공업지역	도로접면	광대한면	세로(가)	0.85
41461	용인시 처인구 원삼면	2026	준공업지역	도로접면	광대한면	세각(가)	0.86
41461	용인시 처인구 원삼면	2026	준공업지역	도로접면	광대한면	세로(불)	0.72
41461	용인시 처인구 원삼면	2026	준공업지역	도로접면	광대한면	세각(불)	0.74
41461	용인시 처인구 원삼면	2026	준공업지역	도로접면	광대한면	맹지	0.68
41461	용인시 처인구 원삼면	2026	준공업지역	도로접면	광대소각	광대한면	0.93
41461	용인시 처인구 원삼면	2026	준공업지역	도로접면	광대소각	광대소각	1
41461	용인시 처인구 원삼면	2026	준공업지역	도로접면	광대소각	광대세각	0.97
41461	용인시 처인구 원삼면	2026	준공업지역	도로접면	광대소각	중로한면	0.91
41461	용인시 처인구 원삼면	2026	준공업지역	도로접면	광대소각	중로각지	0.92
41461	용인시 처인구 원삼면	2026	준공업지역	도로접면	광대소각	소로한면	0.82
41461	용인시 처인구 원삼면	2026	준공업지역	도로접면	광대소각	소로각지	0.85
41461	용인시 처인구 원삼면	2026	준공업지역	도로접면	광대소각	세로(가)	0.79
41461	용인시 처인구 원삼면	2026	준공업지역	도로접면	광대소각	세각(가)	0.8
41461	용인시 처인구 원삼면	2026	준공업지역	도로접면	광대소각	세로(불)	0.67
41461	용인시 처인구 원삼면	2026	준공업지역	도로접면	광대소각	세각(불)	0.69
41461	용인시 처인구 원삼면	2026	준공업지역	도로접면	광대소각	맹지	0.63
41461	용인시 처인구 원삼면	2026	준공업지역	도로접면	광대세각	광대한면	0.95
41461	용인시 처인구 원삼면	2026	준공업지역	도로접면	광대세각	광대소각	1.03
41461	용인시 처인구 원삼면	2026	준공업지역	도로접면	광대세각	광대세각	1
41461	용인시 처인구 원삼면	2026	준공업지역	도로접면	광대세각	중로한면	0.93
41461	용인시 처인구 원삼면	2026	준공업지역	도로접면	광대세각	중로각지	0.94
41461	용인시 처인구 원삼면	2026	준공업지역	도로접면	광대세각	소로한면	0.85
41461	용인시 처인구 원삼면	2026	준공업지역	도로접면	광대세각	소로각지	0.88
41461	용인시 처인구 원삼면	2026	준공업지역	도로접면	광대세각	세로(가)	0.81
41461	용인시 처인구 원삼면	2026	준공업지역	도로접면	광대세각	세각(가)	0.82
41461	용인시 처인구 원삼면	2026	준공업지역	도로접면	광대세각	세로(불)	0.69
41461	용인시 처인구 원삼면	2026	준공업지역	도로접면	광대세각	세각(불)	0.7
41461	용인시 처인구 원삼면	2026	준공업지역	도로접면	광대세각	맹지	0.65
41461	용인시 처인구 원삼면	2026	준공업지역	도로접면	중로한면	광대한면	1.02
41461	용인시 처인구 원삼면	2026	준공업지역	도로접면	중로한면	광대소각	1.1
41461	용인시 처인구 원삼면	2026	준공업지역	도로접면	중로한면	광대세각	1.07
41461	용인시 처인구 원삼면	2026	준공업지역	도로접면	중로한면	중로한면	1
41461	용인시 처인구 원삼면	2026	준공업지역	도로접면	중로한면	중로각지	1.01
41461	용인시 처인구 원삼면	2026	준공업지역	도로접면	중로한면	소로한면	0.91
41461	용인시 처인구 원삼면	2026	준공업지역	도로접면	중로한면	소로각지	0.94
41461	용인시 처인구 원삼면	2026	준공업지역	도로접면	중로한면	세로(가)	0.87
41461	용인시 처인구 원삼면	2026	준공업지역	도로접면	중로한면	세각(가)	0.88
41461	용인시 처인구 원삼면	2026	준공업지역	도로접면	중로한면	세로(불)	0.73
41461	용인시 처인구 원삼면	2026	준공업지역	도로접면	중로한면	세각(불)	0.76
41461	용인시 처인구 원삼면	2026	준공업지역	도로접면	중로한면	맹지	0.69
41461	용인시 처인구 원삼면	2026	준공업지역	도로접면	중로각지	광대한면	1.01
41461	용인시 처인구 원삼면	2026	준공업지역	도로접면	중로각지	광대소각	1.09
41461	용인시 처인구 원삼면	2026	준공업지역	도로접면	중로각지	광대세각	1.06
41461	용인시 처인구 원삼면	2026	준공업지역	도로접면	중로각지	중로한면	0.99
41461	용인시 처인구 원삼면	2026	준공업지역	도로접면	중로각지	중로각지	1
41461	용인시 처인구 원삼면	2026	준공업지역	도로접면	중로각지	소로한면	0.9
41461	용인시 처인구 원삼면	2026	준공업지역	도로접면	중로각지	소로각지	0.93
41461	용인시 처인구 원삼면	2026	준공업지역	도로접면	중로각지	세로(가)	0.86
41461	용인시 처인구 원삼면	2026	준공업지역	도로접면	중로각지	세각(가)	0.87
41461	용인시 처인구 원삼면	2026	준공업지역	도로접면	중로각지	세로(불)	0.73
41461	용인시 처인구 원삼면	2026	준공업지역	도로접면	중로각지	세각(불)	0.75
41461	용인시 처인구 원삼면	2026	준공업지역	도로접면	중로각지	맹지	0.69
41461	용인시 처인구 원삼면	2026	준공업지역	도로접면	소로한면	광대한면	1.12
41461	용인시 처인구 원삼면	2026	준공업지역	도로접면	소로한면	광대소각	1.21
41461	용인시 처인구 원삼면	2026	준공업지역	도로접면	소로한면	광대세각	1.18
41461	용인시 처인구 원삼면	2026	준공업지역	도로접면	소로한면	중로한면	1.1
41461	용인시 처인구 원삼면	2026	준공업지역	도로접면	소로한면	중로각지	1.11
41461	용인시 처인구 원삼면	2026	준공업지역	도로접면	소로한면	소로한면	1
41461	용인시 처인구 원삼면	2026	준공업지역	도로접면	소로한면	소로각지	1.03
41461	용인시 처인구 원삼면	2026	준공업지역	도로접면	소로한면	세로(가)	0.96
41461	용인시 처인구 원삼면	2026	준공업지역	도로접면	소로한면	세각(가)	0.97
41461	용인시 처인구 원삼면	2026	준공업지역	도로접면	소로한면	세로(불)	0.81
41461	용인시 처인구 원삼면	2026	준공업지역	도로접면	소로한면	세각(불)	0.83
41461	용인시 처인구 원삼면	2026	준공업지역	도로접면	소로한면	맹지	0.76
41461	용인시 처인구 원삼면	2026	준공업지역	도로접면	소로각지	광대한면	1.09
41461	용인시 처인구 원삼면	2026	준공업지역	도로접면	소로각지	광대소각	1.17
41461	용인시 처인구 원삼면	2026	준공업지역	도로접면	소로각지	광대세각	1.14
41461	용인시 처인구 원삼면	2026	준공업지역	도로접면	소로각지	중로한면	1.07
41461	용인시 처인구 원삼면	2026	준공업지역	도로접면	소로각지	중로각지	1.08
41461	용인시 처인구 원삼면	2026	준공업지역	도로접면	소로각지	소로한면	0.97
41461	용인시 처인구 원삼면	2026	준공업지역	도로접면	소로각지	소로각지	1
41461	용인시 처인구 원삼면	2026	준공업지역	도로접면	소로각지	세로(가)	0.92
41461	용인시 처인구 원삼면	2026	준공업지역	도로접면	소로각지	세각(가)	0.93
41461	용인시 처인구 원삼면	2026	준공업지역	도로접면	소로각지	세로(불)	0.78
41461	용인시 처인구 원삼면	2026	준공업지역	도로접면	소로각지	세각(불)	0.8
41461	용인시 처인구 원삼면	2026	준공업지역	도로접면	소로각지	맹지	0.74
41461	용인시 처인구 원삼면	2026	준공업지역	도로접면	세로(가)	광대한면	1.18
41461	용인시 처인구 원삼면	2026	준공업지역	도로접면	세로(가)	광대소각	1.27
41461	용인시 처인구 원삼면	2026	준공업지역	도로접면	세로(가)	광대세각	1.24
41461	용인시 처인구 원삼면	2026	준공업지역	도로접면	세로(가)	중로한면	1.15
41461	용인시 처인구 원삼면	2026	준공업지역	도로접면	세로(가)	중로각지	1.16
41461	용인시 처인구 원삼면	2026	준공업지역	도로접면	세로(가)	소로한면	1.05
41461	용인시 처인구 원삼면	2026	준공업지역	도로접면	세로(가)	소로각지	1.08
41461	용인시 처인구 원삼면	2026	준공업지역	도로접면	세로(가)	세로(가)	1
41461	용인시 처인구 원삼면	2026	준공업지역	도로접면	세로(가)	세각(가)	1.01
41461	용인시 처인구 원삼면	2026	준공업지역	도로접면	세로(가)	세로(불)	0.85
41461	용인시 처인구 원삼면	2026	준공업지역	도로접면	세로(가)	세각(불)	0.87
41461	용인시 처인구 원삼면	2026	준공업지역	도로접면	세로(가)	맹지	0.8
41461	용인시 처인구 원삼면	2026	준공업지역	도로접면	세각(가)	광대한면	1.16
41461	용인시 처인구 원삼면	2026	준공업지역	도로접면	세각(가)	광대소각	1.26
41461	용인시 처인구 원삼면	2026	준공업지역	도로접면	세각(가)	광대세각	1.22
41461	용인시 처인구 원삼면	2026	준공업지역	도로접면	세각(가)	중로한면	1.14
41461	용인시 처인구 원삼면	2026	준공업지역	도로접면	세각(가)	중로각지	1.15
41461	용인시 처인구 원삼면	2026	준공업지역	도로접면	세각(가)	소로한면	1.03
41461	용인시 처인구 원삼면	2026	준공업지역	도로접면	세각(가)	소로각지	1.07
41461	용인시 처인구 원삼면	2026	준공업지역	도로접면	세각(가)	세로(가)	0.99
41461	용인시 처인구 원삼면	2026	준공업지역	도로접면	세각(가)	세각(가)	1
41461	용인시 처인구 원삼면	2026	준공업지역	도로접면	세각(가)	세로(불)	0.84
41461	용인시 처인구 원삼면	2026	준공업지역	도로접면	세각(가)	세각(불)	0.86
41461	용인시 처인구 원삼면	2026	준공업지역	도로접면	세각(가)	맹지	0.79
41461	용인시 처인구 원삼면	2026	준공업지역	도로접면	세로(불)	광대한면	1.39
41461	용인시 처인구 원삼면	2026	준공업지역	도로접면	세로(불)	광대소각	1.5
41461	용인시 처인구 원삼면	2026	준공업지역	도로접면	세로(불)	광대세각	1.46
41461	용인시 처인구 원삼면	2026	준공업지역	도로접면	세로(불)	중로한면	1.36
41461	용인시 처인구 원삼면	2026	준공업지역	도로접면	세로(불)	중로각지	1.38
41461	용인시 처인구 원삼면	2026	준공업지역	도로접면	세로(불)	소로한면	1.24
41461	용인시 처인구 원삼면	2026	준공업지역	도로접면	세로(불)	소로각지	1.28
41461	용인시 처인구 원삼면	2026	준공업지역	도로접면	세로(불)	세로(가)	1.18
41461	용인시 처인구 원삼면	2026	준공업지역	도로접면	세로(불)	세각(가)	1.19
41461	용인시 처인구 원삼면	2026	준공업지역	도로접면	세로(불)	세로(불)	1
41461	용인시 처인구 원삼면	2026	준공업지역	도로접면	세로(불)	세각(불)	1.03
41461	용인시 처인구 원삼면	2026	준공업지역	도로접면	세로(불)	맹지	0.94
41461	용인시 처인구 원삼면	2026	준공업지역	도로접면	세각(불)	광대한면	1.35
41461	용인시 처인구 원삼면	2026	준공업지역	도로접면	세각(불)	광대소각	1.46
41461	용인시 처인구 원삼면	2026	준공업지역	도로접면	세각(불)	광대세각	1.42
41461	용인시 처인구 원삼면	2026	준공업지역	도로접면	세각(불)	중로한면	1.32
41461	용인시 처인구 원삼면	2026	준공업지역	도로접면	세각(불)	중로각지	1.34
41461	용인시 처인구 원삼면	2026	준공업지역	도로접면	세각(불)	소로한면	1.2
41461	용인시 처인구 원삼면	2026	준공업지역	도로접면	세각(불)	소로각지	1.24
41461	용인시 처인구 원삼면	2026	준공업지역	도로접면	세각(불)	세로(가)	1.15
41461	용인시 처인구 원삼면	2026	준공업지역	도로접면	세각(불)	세각(가)	1.16
41461	용인시 처인구 원삼면	2026	준공업지역	도로접면	세각(불)	세로(불)	0.97
41461	용인시 처인구 원삼면	2026	준공업지역	도로접면	세각(불)	세각(불)	1
41461	용인시 처인구 원삼면	2026	준공업지역	도로접면	세각(불)	맹지	0.92
41461	용인시 처인구 원삼면	2026	준공업지역	도로접면	맹지	광대한면	1.47
41461	용인시 처인구 원삼면	2026	준공업지역	도로접면	맹지	광대소각	1.59
41461	용인시 처인구 원삼면	2026	준공업지역	도로접면	맹지	광대세각	1.54
41461	용인시 처인구 원삼면	2026	준공업지역	도로접면	맹지	중로한면	1.44
41461	용인시 처인구 원삼면	2026	준공업지역	도로접면	맹지	중로각지	1.46
41461	용인시 처인구 원삼면	2026	준공업지역	도로접면	맹지	소로한면	1.31
41461	용인시 처인구 원삼면	2026	준공업지역	도로접면	맹지	소로각지	1.35
41461	용인시 처인구 원삼면	2026	준공업지역	도로접면	맹지	세로(가)	1.25
41461	용인시 처인구 원삼면	2026	준공업지역	도로접면	맹지	세각(가)	1.26
41461	용인시 처인구 원삼면	2026	준공업지역	도로접면	맹지	세로(불)	1.06
41461	용인시 처인구 원삼면	2026	준공업지역	도로접면	맹지	세각(불)	1.09
41461	용인시 처인구 원삼면	2026	준공업지역	도로접면	맹지	맹지	1
41461	용인시 처인구 원삼면	2026	준공업지역	철도.고속도로 등	50m내	50m내	1
41461	용인시 처인구 원삼면	2026	준공업지역	철도.고속도로 등	50m내	100m내	1.03
41461	용인시 처인구 원삼면	2026	준공업지역	철도.고속도로 등	50m내	500m내	1.04
41461	용인시 처인구 원삼면	2026	준공업지역	철도.고속도로 등	50m내	해당없음	1.05
41461	용인시 처인구 원삼면	2026	준공업지역	철도.고속도로 등	100m내	50m내	0.97
41461	용인시 처인구 원삼면	2026	준공업지역	철도.고속도로 등	100m내	100m내	1
41461	용인시 처인구 원삼면	2026	준공업지역	철도.고속도로 등	100m내	500m내	1.01
41461	용인시 처인구 원삼면	2026	준공업지역	철도.고속도로 등	100m내	해당없음	1.02
41461	용인시 처인구 원삼면	2026	준공업지역	철도.고속도로 등	500m내	50m내	0.96
41461	용인시 처인구 원삼면	2026	준공업지역	철도.고속도로 등	500m내	100m내	0.99
41461	용인시 처인구 원삼면	2026	준공업지역	철도.고속도로 등	500m내	500m내	1
41461	용인시 처인구 원삼면	2026	준공업지역	철도.고속도로 등	500m내	해당없음	1.01
41461	용인시 처인구 원삼면	2026	준공업지역	철도.고속도로 등	해당없음	50m내	0.95
41461	용인시 처인구 원삼면	2026	준공업지역	철도.고속도로 등	해당없음	100m내	0.98
41461	용인시 처인구 원삼면	2026	준공업지역	철도.고속도로 등	해당없음	500m내	0.99
41461	용인시 처인구 원삼면	2026	준공업지역	철도.고속도로 등	해당없음	해당없음	1
41461	용인시 처인구 원삼면	2026	준공업지역	폐기물.수질오염	50m내	50m내	1
41461	용인시 처인구 원삼면	2026	준공업지역	폐기물.수질오염	50m내	100m내	1.05
41461	용인시 처인구 원삼면	2026	준공업지역	폐기물.수질오염	50m내	500m내	1.07
41461	용인시 처인구 원삼면	2026	준공업지역	폐기물.수질오염	50m내	해당없음	1.08
41461	용인시 처인구 원삼면	2026	준공업지역	폐기물.수질오염	100m내	50m내	0.95
41461	용인시 처인구 원삼면	2026	준공업지역	폐기물.수질오염	100m내	100m내	1
41461	용인시 처인구 원삼면	2026	준공업지역	폐기물.수질오염	100m내	500m내	1.02
41461	용인시 처인구 원삼면	2026	준공업지역	폐기물.수질오염	100m내	해당없음	1.03
41461	용인시 처인구 원삼면	2026	준공업지역	폐기물.수질오염	500m내	50m내	0.93
41461	용인시 처인구 원삼면	2026	준공업지역	폐기물.수질오염	500m내	100m내	0.98
41461	용인시 처인구 원삼면	2026	준공업지역	폐기물.수질오염	500m내	500m내	1
41461	용인시 처인구 원삼면	2026	준공업지역	폐기물.수질오염	500m내	해당없음	1.01
41461	용인시 처인구 원삼면	2026	준공업지역	폐기물.수질오염	해당없음	50m내	0.93
41461	용인시 처인구 원삼면	2026	준공업지역	폐기물.수질오염	해당없음	100m내	0.97
41461	용인시 처인구 원삼면	2026	준공업지역	폐기물.수질오염	해당없음	500m내	0.99
41461	용인시 처인구 원삼면	2026	준공업지역	폐기물.수질오염	해당없음	해당없음	1
41461	용인시 처인구 원삼면	2026	준공업지역	변전소	50m내	50m내	1
41461	용인시 처인구 원삼면	2026	준공업지역	변전소	50m내	100m내	1.02
41461	용인시 처인구 원삼면	2026	준공업지역	변전소	50m내	600m내	1.04
41461	용인시 처인구 원삼면	2026	준공업지역	변전소	50m내	해당없음	1.05
41461	용인시 처인구 원삼면	2026	준공업지역	변전소	100m내	50m내	0.98
41461	용인시 처인구 원삼면	2026	준공업지역	변전소	100m내	100m내	1
41461	용인시 처인구 원삼면	2026	준공업지역	변전소	100m내	600m내	1.02
41461	용인시 처인구 원삼면	2026	준공업지역	변전소	100m내	해당없음	1.03
41461	용인시 처인구 원삼면	2026	준공업지역	변전소	600m내	50m내	0.96
41461	용인시 처인구 원삼면	2026	준공업지역	변전소	600m내	100m내	0.98
41461	용인시 처인구 원삼면	2026	준공업지역	변전소	600m내	600m내	1
41461	용인시 처인구 원삼면	2026	준공업지역	변전소	600m내	해당없음	1.01
41461	용인시 처인구 원삼면	2026	준공업지역	변전소	해당없음	50m내	0.95
41461	용인시 처인구 원삼면	2026	준공업지역	변전소	해당없음	100m내	0.97
41461	용인시 처인구 원삼면	2026	준공업지역	변전소	해당없음	600m내	0.99
41461	용인시 처인구 원삼면	2026	준공업지역	변전소	해당없음	해당없음	1
41461	용인시 처인구 원삼면	2026	준공업지역	형상(전,답)	정형	정형	1
41461	용인시 처인구 원삼면	2026	준공업지역	형상(전,답)	정형	비정형	0.96
41461	용인시 처인구 원삼면	2026	준공업지역	형상(전,답)	비정형	정형	1.04
41461	용인시 처인구 원삼면	2026	준공업지역	형상(전,답)	비정형	비정형	1
41461	용인시 처인구 원삼면	2026	준공업지역	경작여건	보통	보통	1
41461	용인시 처인구 원삼면	2026	준공업지역	경작여건	보통	불리	0.7
41461	용인시 처인구 원삼면	2026	준공업지역	경작여건	불리	보통	1.43
41461	용인시 처인구 원삼면	2026	준공업지역	경작여건	불리	불리	1
41461	용인시 처인구 원삼면	2026	준공업지역	묘지소재불리여건	일반	일반	1
41461	용인시 처인구 원삼면	2026	준공업지역	묘지소재불리여건	일반	불리	1
41461	용인시 처인구 원삼면	2026	준공업지역	묘지소재불리여건	불리	일반	1
41461	용인시 처인구 원삼면	2026	준공업지역	묘지소재불리여건	불리	불리	1
41461	용인시 처인구 원삼면	2026	녹지지역	지목	전	전	1
41461	용인시 처인구 원삼면	2026	녹지지역	지목	전	답	1
41461	용인시 처인구 원삼면	2026	녹지지역	지목	전	과	1
41461	용인시 처인구 원삼면	2026	녹지지역	지목	전	목	0.97
41461	용인시 처인구 원삼면	2026	녹지지역	지목	전	임	0.92
41461	용인시 처인구 원삼면	2026	녹지지역	지목	전	대	1.17
41461	용인시 처인구 원삼면	2026	녹지지역	지목	전	장	1.17
41461	용인시 처인구 원삼면	2026	녹지지역	지목	전	차	1.17
41461	용인시 처인구 원삼면	2026	녹지지역	지목	전	주	1.17
41461	용인시 처인구 원삼면	2026	녹지지역	지목	전	창	1.1
41461	용인시 처인구 원삼면	2026	녹지지역	지목	전	잡	1.1
41461	용인시 처인구 원삼면	2026	녹지지역	지목	답	전	1
41461	용인시 처인구 원삼면	2026	녹지지역	지목	답	답	1
41461	용인시 처인구 원삼면	2026	녹지지역	지목	답	과	1
41461	용인시 처인구 원삼면	2026	녹지지역	지목	답	목	0.97
41461	용인시 처인구 원삼면	2026	녹지지역	지목	답	임	0.92
41461	용인시 처인구 원삼면	2026	녹지지역	지목	답	대	1.17
41461	용인시 처인구 원삼면	2026	녹지지역	지목	답	장	1.17
41461	용인시 처인구 원삼면	2026	녹지지역	지목	답	차	1.17
41461	용인시 처인구 원삼면	2026	녹지지역	지목	답	주	1.17
41461	용인시 처인구 원삼면	2026	녹지지역	지목	답	창	1.1
41461	용인시 처인구 원삼면	2026	녹지지역	지목	답	잡	1.1
41461	용인시 처인구 원삼면	2026	녹지지역	지목	과	전	1
41461	용인시 처인구 원삼면	2026	녹지지역	지목	과	답	1
41461	용인시 처인구 원삼면	2026	녹지지역	지목	과	과	1
41461	용인시 처인구 원삼면	2026	녹지지역	지목	과	목	0.97
41461	용인시 처인구 원삼면	2026	녹지지역	지목	과	임	0.92
41461	용인시 처인구 원삼면	2026	녹지지역	지목	과	대	1.17
41461	용인시 처인구 원삼면	2026	녹지지역	지목	과	장	1.17
41461	용인시 처인구 원삼면	2026	녹지지역	지목	과	차	1.17
41461	용인시 처인구 원삼면	2026	녹지지역	지목	과	주	1.17
41461	용인시 처인구 원삼면	2026	녹지지역	지목	과	창	1.1
41461	용인시 처인구 원삼면	2026	녹지지역	지목	과	잡	1.1
41461	용인시 처인구 원삼면	2026	녹지지역	지목	목	전	1.03
41461	용인시 처인구 원삼면	2026	녹지지역	지목	목	답	1.03
41461	용인시 처인구 원삼면	2026	녹지지역	지목	목	과	1.03
41461	용인시 처인구 원삼면	2026	녹지지역	지목	목	목	1
41461	용인시 처인구 원삼면	2026	녹지지역	지목	목	임	0.95
41461	용인시 처인구 원삼면	2026	녹지지역	지목	목	대	1.21
41461	용인시 처인구 원삼면	2026	녹지지역	지목	목	장	1.21
41461	용인시 처인구 원삼면	2026	녹지지역	지목	목	차	1.21
41461	용인시 처인구 원삼면	2026	녹지지역	지목	목	주	1.21
41461	용인시 처인구 원삼면	2026	녹지지역	지목	목	창	1.13
41461	용인시 처인구 원삼면	2026	녹지지역	지목	목	잡	1.13
41461	용인시 처인구 원삼면	2026	녹지지역	지목	임	전	1.09
41461	용인시 처인구 원삼면	2026	녹지지역	지목	임	답	1.09
41461	용인시 처인구 원삼면	2026	녹지지역	지목	임	과	1.09
41461	용인시 처인구 원삼면	2026	녹지지역	지목	임	목	1.05
41461	용인시 처인구 원삼면	2026	녹지지역	지목	임	임	1
41461	용인시 처인구 원삼면	2026	녹지지역	지목	임	대	1.27
41461	용인시 처인구 원삼면	2026	녹지지역	지목	임	장	1.27
41461	용인시 처인구 원삼면	2026	녹지지역	지목	임	차	1.27
41461	용인시 처인구 원삼면	2026	녹지지역	지목	임	주	1.27
41461	용인시 처인구 원삼면	2026	녹지지역	지목	임	창	1.2
41461	용인시 처인구 원삼면	2026	녹지지역	지목	임	잡	1.2
41461	용인시 처인구 원삼면	2026	녹지지역	지목	대	전	0.85
41461	용인시 처인구 원삼면	2026	녹지지역	지목	대	답	0.85
41461	용인시 처인구 원삼면	2026	녹지지역	지목	대	과	0.85
41461	용인시 처인구 원삼면	2026	녹지지역	지목	대	목	0.83
41461	용인시 처인구 원삼면	2026	녹지지역	지목	대	임	0.79
41461	용인시 처인구 원삼면	2026	녹지지역	지목	대	대	1
41461	용인시 처인구 원삼면	2026	녹지지역	지목	대	장	1
41461	용인시 처인구 원삼면	2026	녹지지역	지목	대	차	1
41461	용인시 처인구 원삼면	2026	녹지지역	지목	대	주	1
41461	용인시 처인구 원삼면	2026	녹지지역	지목	대	창	0.94
41461	용인시 처인구 원삼면	2026	녹지지역	지목	대	잡	0.94
41461	용인시 처인구 원삼면	2026	녹지지역	지목	장	전	0.85
41461	용인시 처인구 원삼면	2026	녹지지역	지목	장	답	0.85
41461	용인시 처인구 원삼면	2026	녹지지역	지목	장	과	0.85
41461	용인시 처인구 원삼면	2026	녹지지역	지목	장	목	0.83
41461	용인시 처인구 원삼면	2026	녹지지역	지목	장	임	0.79
41461	용인시 처인구 원삼면	2026	녹지지역	지목	장	대	1
41461	용인시 처인구 원삼면	2026	녹지지역	지목	장	장	1
41461	용인시 처인구 원삼면	2026	녹지지역	지목	장	차	1
41461	용인시 처인구 원삼면	2026	녹지지역	지목	장	주	1
41461	용인시 처인구 원삼면	2026	녹지지역	지목	장	창	0.94
41461	용인시 처인구 원삼면	2026	녹지지역	지목	장	잡	0.94
41461	용인시 처인구 원삼면	2026	녹지지역	지목	차	전	0.85
41461	용인시 처인구 원삼면	2026	녹지지역	지목	차	답	0.85
41461	용인시 처인구 원삼면	2026	녹지지역	지목	차	과	0.85
41461	용인시 처인구 원삼면	2026	녹지지역	지목	차	목	0.83
41461	용인시 처인구 원삼면	2026	녹지지역	지목	차	임	0.79
41461	용인시 처인구 원삼면	2026	녹지지역	지목	차	대	1
41461	용인시 처인구 원삼면	2026	녹지지역	지목	차	장	1
41461	용인시 처인구 원삼면	2026	녹지지역	지목	차	차	1
41461	용인시 처인구 원삼면	2026	녹지지역	지목	차	주	1
41461	용인시 처인구 원삼면	2026	녹지지역	지목	차	창	0.94
41461	용인시 처인구 원삼면	2026	녹지지역	지목	차	잡	0.94
41461	용인시 처인구 원삼면	2026	녹지지역	지목	주	전	0.85
41461	용인시 처인구 원삼면	2026	녹지지역	지목	주	답	0.85
41461	용인시 처인구 원삼면	2026	녹지지역	지목	주	과	0.85
41461	용인시 처인구 원삼면	2026	녹지지역	지목	주	목	0.83
41461	용인시 처인구 원삼면	2026	녹지지역	지목	주	임	0.79
41461	용인시 처인구 원삼면	2026	녹지지역	지목	주	대	1
41461	용인시 처인구 원삼면	2026	녹지지역	지목	주	장	1
41461	용인시 처인구 원삼면	2026	녹지지역	지목	주	차	1
41461	용인시 처인구 원삼면	2026	녹지지역	지목	주	주	1
41461	용인시 처인구 원삼면	2026	녹지지역	지목	주	창	0.94
41461	용인시 처인구 원삼면	2026	녹지지역	지목	주	잡	0.94
41461	용인시 처인구 원삼면	2026	녹지지역	지목	창	전	0.91
41461	용인시 처인구 원삼면	2026	녹지지역	지목	창	답	0.91
41461	용인시 처인구 원삼면	2026	녹지지역	지목	창	과	0.91
41461	용인시 처인구 원삼면	2026	녹지지역	지목	창	목	0.88
41461	용인시 처인구 원삼면	2026	녹지지역	지목	창	임	0.84
41461	용인시 처인구 원삼면	2026	녹지지역	지목	창	대	1.06
41461	용인시 처인구 원삼면	2026	녹지지역	지목	창	장	1.06
41461	용인시 처인구 원삼면	2026	녹지지역	지목	창	차	1.06
41461	용인시 처인구 원삼면	2026	녹지지역	지목	창	주	1.06
41461	용인시 처인구 원삼면	2026	녹지지역	지목	창	창	1
41461	용인시 처인구 원삼면	2026	녹지지역	지목	창	잡	1
41461	용인시 처인구 원삼면	2026	녹지지역	지목	잡	전	0.91
41461	용인시 처인구 원삼면	2026	녹지지역	지목	잡	답	0.91
41461	용인시 처인구 원삼면	2026	녹지지역	지목	잡	과	0.91
41461	용인시 처인구 원삼면	2026	녹지지역	지목	잡	목	0.88
41461	용인시 처인구 원삼면	2026	녹지지역	지목	잡	임	0.84
41461	용인시 처인구 원삼면	2026	녹지지역	지목	잡	대	1.06
41461	용인시 처인구 원삼면	2026	녹지지역	지목	잡	장	1.06
41461	용인시 처인구 원삼면	2026	녹지지역	지목	잡	차	1.06
41461	용인시 처인구 원삼면	2026	녹지지역	지목	잡	주	1.06
41461	용인시 처인구 원삼면	2026	녹지지역	지목	잡	창	1
41461	용인시 처인구 원삼면	2026	녹지지역	지목	잡	잡	1
41461	용인시 처인구 원삼면	2026	녹지지역	토지면적	3300	3300	1
41461	용인시 처인구 원삼면	2026	녹지지역	토지면적	3300	16500	0.98
41461	용인시 처인구 원삼면	2026	녹지지역	토지면적	3300	33000	0.97
41461	용인시 처인구 원삼면	2026	녹지지역	토지면적	3300	66000	0.96
41461	용인시 처인구 원삼면	2026	녹지지역	토지면적	3300	그이상	0.95
41461	용인시 처인구 원삼면	2026	녹지지역	토지면적	16500	3300	1.02
41461	용인시 처인구 원삼면	2026	녹지지역	토지면적	16500	16500	1
41461	용인시 처인구 원삼면	2026	녹지지역	토지면적	16500	33000	0.99
41461	용인시 처인구 원삼면	2026	녹지지역	토지면적	16500	66000	0.98
41461	용인시 처인구 원삼면	2026	녹지지역	토지면적	16500	그이상	0.97
41461	용인시 처인구 원삼면	2026	녹지지역	토지면적	33000	3300	1.03
41461	용인시 처인구 원삼면	2026	녹지지역	토지면적	33000	16500	1.01
41461	용인시 처인구 원삼면	2026	녹지지역	토지면적	33000	33000	1
41461	용인시 처인구 원삼면	2026	녹지지역	토지면적	33000	66000	0.99
41461	용인시 처인구 원삼면	2026	녹지지역	토지면적	33000	그이상	0.98
41461	용인시 처인구 원삼면	2026	녹지지역	토지면적	66000	3300	1.04
41461	용인시 처인구 원삼면	2026	녹지지역	토지면적	66000	16500	1.02
41461	용인시 처인구 원삼면	2026	녹지지역	토지면적	66000	33000	1.01
41461	용인시 처인구 원삼면	2026	녹지지역	토지면적	66000	66000	1
41461	용인시 처인구 원삼면	2026	녹지지역	토지면적	66000	그이상	0.99
41461	용인시 처인구 원삼면	2026	녹지지역	토지면적	그이상	3300	1.05
41461	용인시 처인구 원삼면	2026	녹지지역	토지면적	그이상	16500	1.03
41461	용인시 처인구 원삼면	2026	녹지지역	토지면적	그이상	33000	1.02
41461	용인시 처인구 원삼면	2026	녹지지역	토지면적	그이상	66000	1.01
41461	용인시 처인구 원삼면	2026	녹지지역	토지면적	그이상	그이상	1
41461	용인시 처인구 원삼면	2026	녹지지역	용도지구	일반	일반	1
41461	용인시 처인구 원삼면	2026	녹지지역	용도지구	일반	역사보호	0.92
41461	용인시 처인구 원삼면	2026	녹지지역	용도지구	일반	경관	0.92
41461	용인시 처인구 원삼면	2026	녹지지역	용도지구	일반	공항보호	0.86
41461	용인시 처인구 원삼면	2026	녹지지역	용도지구	일반	고도	0.97
41461	용인시 처인구 원삼면	2026	녹지지역	용도지구	역사보호	일반	1.09
41461	용인시 처인구 원삼면	2026	녹지지역	용도지구	역사보호	역사보호	1
41461	용인시 처인구 원삼면	2026	녹지지역	용도지구	역사보호	경관	1
41461	용인시 처인구 원삼면	2026	녹지지역	용도지구	역사보호	공항보호	0.93
41461	용인시 처인구 원삼면	2026	녹지지역	용도지구	역사보호	고도	1.05
41461	용인시 처인구 원삼면	2026	녹지지역	용도지구	경관	일반	1.09
41461	용인시 처인구 원삼면	2026	녹지지역	용도지구	경관	역사보호	1
41461	용인시 처인구 원삼면	2026	녹지지역	용도지구	경관	경관	1
41461	용인시 처인구 원삼면	2026	녹지지역	용도지구	경관	공항보호	0.93
41461	용인시 처인구 원삼면	2026	녹지지역	용도지구	경관	고도	1.05
41461	용인시 처인구 원삼면	2026	녹지지역	용도지구	공항보호	일반	1.16
41461	용인시 처인구 원삼면	2026	녹지지역	용도지구	공항보호	역사보호	1.07
41461	용인시 처인구 원삼면	2026	녹지지역	용도지구	공항보호	경관	1.07
41461	용인시 처인구 원삼면	2026	녹지지역	용도지구	공항보호	공항보호	1
41461	용인시 처인구 원삼면	2026	녹지지역	용도지구	공항보호	고도	1.13
41461	용인시 처인구 원삼면	2026	녹지지역	용도지구	고도	일반	1.03
41461	용인시 처인구 원삼면	2026	녹지지역	용도지구	고도	역사보호	0.95
41461	용인시 처인구 원삼면	2026	녹지지역	용도지구	고도	경관	0.95
41461	용인시 처인구 원삼면	2026	녹지지역	용도지구	고도	공항보호	0.89
41461	용인시 처인구 원삼면	2026	녹지지역	용도지구	고도	고도	1
41461	용인시 처인구 원삼면	2026	녹지지역	도시계획시설	일반	일반	1
41461	용인시 처인구 원삼면	2026	녹지지역	도시계획시설	일반	지상도로	0.85
41461	용인시 처인구 원삼면	2026	녹지지역	도시계획시설	일반	지하도로	0.95
41461	용인시 처인구 원삼면	2026	녹지지역	도시계획시설	일반	공원	0.6
41461	용인시 처인구 원삼면	2026	녹지지역	도시계획시설	일반	운동장	0.85
41461	용인시 처인구 원삼면	2026	녹지지역	도시계획시설	일반	혐오	0.85
41461	용인시 처인구 원삼면	2026	녹지지역	도시계획시설	일반	위험	0.85
41461	용인시 처인구 원삼면	2026	녹지지역	도시계획시설	일반	도축장	0.85
41461	용인시 처인구 원삼면	2026	녹지지역	도시계획시설	지상도로	일반	1.18
41461	용인시 처인구 원삼면	2026	녹지지역	도시계획시설	지상도로	지상도로	1
41461	용인시 처인구 원삼면	2026	녹지지역	도시계획시설	지상도로	지하도로	1.12
41461	용인시 처인구 원삼면	2026	녹지지역	도시계획시설	지상도로	공원	0.71
41461	용인시 처인구 원삼면	2026	녹지지역	도시계획시설	지상도로	운동장	1
41461	용인시 처인구 원삼면	2026	녹지지역	도시계획시설	지상도로	혐오	1
41461	용인시 처인구 원삼면	2026	녹지지역	도시계획시설	지상도로	위험	1
41461	용인시 처인구 원삼면	2026	녹지지역	도시계획시설	지상도로	도축장	1
41461	용인시 처인구 원삼면	2026	녹지지역	도시계획시설	지하도로	일반	1.05
41461	용인시 처인구 원삼면	2026	녹지지역	도시계획시설	지하도로	지상도로	0.89
41461	용인시 처인구 원삼면	2026	녹지지역	도시계획시설	지하도로	지하도로	1
41461	용인시 처인구 원삼면	2026	녹지지역	도시계획시설	지하도로	공원	0.63
41461	용인시 처인구 원삼면	2026	녹지지역	도시계획시설	지하도로	운동장	0.89
41461	용인시 처인구 원삼면	2026	녹지지역	도시계획시설	지하도로	혐오	0.89
41461	용인시 처인구 원삼면	2026	녹지지역	도시계획시설	지하도로	위험	0.89
41461	용인시 처인구 원삼면	2026	녹지지역	도시계획시설	지하도로	도축장	0.89
41461	용인시 처인구 원삼면	2026	녹지지역	도시계획시설	공원	일반	1.67
41461	용인시 처인구 원삼면	2026	녹지지역	도시계획시설	공원	지상도로	1.42
41461	용인시 처인구 원삼면	2026	녹지지역	도시계획시설	공원	지하도로	1.58
41461	용인시 처인구 원삼면	2026	녹지지역	도시계획시설	공원	공원	1
41461	용인시 처인구 원삼면	2026	녹지지역	도시계획시설	공원	운동장	1.42
41461	용인시 처인구 원삼면	2026	녹지지역	도시계획시설	공원	혐오	1.42
41461	용인시 처인구 원삼면	2026	녹지지역	도시계획시설	공원	위험	1.42
41461	용인시 처인구 원삼면	2026	녹지지역	도시계획시설	공원	도축장	1.42
41461	용인시 처인구 원삼면	2026	녹지지역	도시계획시설	운동장	일반	1.18
41461	용인시 처인구 원삼면	2026	녹지지역	도시계획시설	운동장	지상도로	1
41461	용인시 처인구 원삼면	2026	녹지지역	도시계획시설	운동장	지하도로	1.12
41461	용인시 처인구 원삼면	2026	녹지지역	도시계획시설	운동장	공원	0.71
41461	용인시 처인구 원삼면	2026	녹지지역	도시계획시설	운동장	운동장	1
41461	용인시 처인구 원삼면	2026	녹지지역	도시계획시설	운동장	혐오	1
41461	용인시 처인구 원삼면	2026	녹지지역	도시계획시설	운동장	위험	1
41461	용인시 처인구 원삼면	2026	녹지지역	도시계획시설	운동장	도축장	1
41461	용인시 처인구 원삼면	2026	녹지지역	도시계획시설	혐오	일반	1.18
41461	용인시 처인구 원삼면	2026	녹지지역	도시계획시설	혐오	지상도로	1
41461	용인시 처인구 원삼면	2026	녹지지역	도시계획시설	혐오	지하도로	1.12
41461	용인시 처인구 원삼면	2026	녹지지역	도시계획시설	혐오	공원	0.71
41461	용인시 처인구 원삼면	2026	녹지지역	도시계획시설	혐오	운동장	1
41461	용인시 처인구 원삼면	2026	녹지지역	도시계획시설	혐오	혐오	1
41461	용인시 처인구 원삼면	2026	녹지지역	도시계획시설	혐오	위험	1
41461	용인시 처인구 원삼면	2026	녹지지역	도시계획시설	혐오	도축장	1
41461	용인시 처인구 원삼면	2026	녹지지역	도시계획시설	위험	일반	1.18
41461	용인시 처인구 원삼면	2026	녹지지역	도시계획시설	위험	지상도로	1
41461	용인시 처인구 원삼면	2026	녹지지역	도시계획시설	위험	지하도로	1.12
41461	용인시 처인구 원삼면	2026	녹지지역	도시계획시설	위험	공원	0.71
41461	용인시 처인구 원삼면	2026	녹지지역	도시계획시설	위험	운동장	1
41461	용인시 처인구 원삼면	2026	녹지지역	도시계획시설	위험	혐오	1
41461	용인시 처인구 원삼면	2026	녹지지역	도시계획시설	위험	위험	1
41461	용인시 처인구 원삼면	2026	녹지지역	도시계획시설	위험	도축장	1
41461	용인시 처인구 원삼면	2026	녹지지역	도시계획시설	도축장	일반	1.18
41461	용인시 처인구 원삼면	2026	녹지지역	도시계획시설	도축장	지상도로	1
41461	용인시 처인구 원삼면	2026	녹지지역	도시계획시설	도축장	지하도로	1.12
41461	용인시 처인구 원삼면	2026	녹지지역	도시계획시설	도축장	공원	0.71
41461	용인시 처인구 원삼면	2026	녹지지역	도시계획시설	도축장	운동장	1
41461	용인시 처인구 원삼면	2026	녹지지역	도시계획시설	도축장	혐오	1
41461	용인시 처인구 원삼면	2026	녹지지역	도시계획시설	도축장	위험	1
41461	용인시 처인구 원삼면	2026	녹지지역	도시계획시설	도축장	도축장	1
41461	용인시 처인구 원삼면	2026	녹지지역	기타제한	일반	일반	1
41461	용인시 처인구 원삼면	2026	녹지지역	기타제한	일반	보존	0.6
41461	용인시 처인구 원삼면	2026	녹지지역	기타제한	일반	환경	0.66
41461	용인시 처인구 원삼면	2026	녹지지역	기타제한	일반	마을	0.8
41461	용인시 처인구 원삼면	2026	녹지지역	기타제한	일반	상수	0.86
41461	용인시 처인구 원삼면	2026	녹지지역	기타제한	일반	특별	0.86
41461	용인시 처인구 원삼면	2026	녹지지역	기타제한	일반	국보	0.9
41461	용인시 처인구 원삼면	2026	녹지지역	기타제한	일반	군사	0.88
41461	용인시 처인구 원삼면	2026	녹지지역	기타제한	일반	도공	0.6
41461	용인시 처인구 원삼면	2026	녹지지역	기타제한	일반	일시	0.6
41461	용인시 처인구 원삼면	2026	녹지지역	기타제한	보존	일반	1.67
41461	용인시 처인구 원삼면	2026	녹지지역	기타제한	보존	보존	1
41461	용인시 처인구 원삼면	2026	녹지지역	기타제한	보존	환경	1.1
41461	용인시 처인구 원삼면	2026	녹지지역	기타제한	보존	마을	1.33
41461	용인시 처인구 원삼면	2026	녹지지역	기타제한	보존	상수	1.43
41461	용인시 처인구 원삼면	2026	녹지지역	기타제한	보존	특별	1.43
41461	용인시 처인구 원삼면	2026	녹지지역	기타제한	보존	국보	1.5
41461	용인시 처인구 원삼면	2026	녹지지역	기타제한	보존	군사	1.47
41461	용인시 처인구 원삼면	2026	녹지지역	기타제한	보존	도공	1
41461	용인시 처인구 원삼면	2026	녹지지역	기타제한	보존	일시	1
41461	용인시 처인구 원삼면	2026	녹지지역	기타제한	환경	일반	1.52
41461	용인시 처인구 원삼면	2026	녹지지역	기타제한	환경	보존	0.91
41461	용인시 처인구 원삼면	2026	녹지지역	기타제한	환경	환경	1
41461	용인시 처인구 원삼면	2026	녹지지역	기타제한	환경	마을	1.21
41461	용인시 처인구 원삼면	2026	녹지지역	기타제한	환경	상수	1.3
41461	용인시 처인구 원삼면	2026	녹지지역	기타제한	환경	특별	1.3
41461	용인시 처인구 원삼면	2026	녹지지역	기타제한	환경	국보	1.36
41461	용인시 처인구 원삼면	2026	녹지지역	기타제한	환경	군사	1.33
41461	용인시 처인구 원삼면	2026	녹지지역	기타제한	환경	도공	0.91
41461	용인시 처인구 원삼면	2026	녹지지역	기타제한	환경	일시	0.91
41461	용인시 처인구 원삼면	2026	녹지지역	기타제한	마을	일반	1.25
41461	용인시 처인구 원삼면	2026	녹지지역	기타제한	마을	보존	0.75
41461	용인시 처인구 원삼면	2026	녹지지역	기타제한	마을	환경	0.83
41461	용인시 처인구 원삼면	2026	녹지지역	기타제한	마을	마을	1
41461	용인시 처인구 원삼면	2026	녹지지역	기타제한	마을	상수	1.08
41461	용인시 처인구 원삼면	2026	녹지지역	기타제한	마을	특별	1.08
41461	용인시 처인구 원삼면	2026	녹지지역	기타제한	마을	국보	1.13
41461	용인시 처인구 원삼면	2026	녹지지역	기타제한	마을	군사	1.1
41461	용인시 처인구 원삼면	2026	녹지지역	기타제한	마을	도공	0.75
41461	용인시 처인구 원삼면	2026	녹지지역	기타제한	마을	일시	0.75
41461	용인시 처인구 원삼면	2026	녹지지역	기타제한	상수	일반	1.16
41461	용인시 처인구 원삼면	2026	녹지지역	기타제한	상수	보존	0.7
41461	용인시 처인구 원삼면	2026	녹지지역	기타제한	상수	환경	0.77
41461	용인시 처인구 원삼면	2026	녹지지역	기타제한	상수	마을	0.93
41461	용인시 처인구 원삼면	2026	녹지지역	기타제한	상수	상수	1
41461	용인시 처인구 원삼면	2026	녹지지역	기타제한	상수	특별	1
41461	용인시 처인구 원삼면	2026	녹지지역	기타제한	상수	국보	1.05
41461	용인시 처인구 원삼면	2026	녹지지역	기타제한	상수	군사	1.02
41461	용인시 처인구 원삼면	2026	녹지지역	기타제한	상수	도공	0.7
41461	용인시 처인구 원삼면	2026	녹지지역	기타제한	상수	일시	0.7
41461	용인시 처인구 원삼면	2026	녹지지역	기타제한	특별	일반	1.16
41461	용인시 처인구 원삼면	2026	녹지지역	기타제한	특별	보존	0.7
41461	용인시 처인구 원삼면	2026	녹지지역	기타제한	특별	환경	0.77
41461	용인시 처인구 원삼면	2026	녹지지역	기타제한	특별	마을	0.93
41461	용인시 처인구 원삼면	2026	녹지지역	기타제한	특별	상수	1
41461	용인시 처인구 원삼면	2026	녹지지역	기타제한	특별	특별	1
41461	용인시 처인구 원삼면	2026	녹지지역	기타제한	특별	국보	1.05
41461	용인시 처인구 원삼면	2026	녹지지역	기타제한	특별	군사	1.02
41461	용인시 처인구 원삼면	2026	녹지지역	기타제한	특별	도공	0.7
41461	용인시 처인구 원삼면	2026	녹지지역	기타제한	특별	일시	0.7
41461	용인시 처인구 원삼면	2026	녹지지역	기타제한	국보	일반	1.11
41461	용인시 처인구 원삼면	2026	녹지지역	기타제한	국보	보존	0.67
41461	용인시 처인구 원삼면	2026	녹지지역	기타제한	국보	환경	0.73
41461	용인시 처인구 원삼면	2026	녹지지역	기타제한	국보	마을	0.89
41461	용인시 처인구 원삼면	2026	녹지지역	기타제한	국보	상수	0.96
41461	용인시 처인구 원삼면	2026	녹지지역	기타제한	국보	특별	0.96
41461	용인시 처인구 원삼면	2026	녹지지역	기타제한	국보	국보	1
41461	용인시 처인구 원삼면	2026	녹지지역	기타제한	국보	군사	0.98
41461	용인시 처인구 원삼면	2026	녹지지역	기타제한	국보	도공	0.67
41461	용인시 처인구 원삼면	2026	녹지지역	기타제한	국보	일시	0.67
41461	용인시 처인구 원삼면	2026	녹지지역	기타제한	군사	일반	1.14
41461	용인시 처인구 원삼면	2026	녹지지역	기타제한	군사	보존	0.68
41461	용인시 처인구 원삼면	2026	녹지지역	기타제한	군사	환경	0.75
41461	용인시 처인구 원삼면	2026	녹지지역	기타제한	군사	마을	0.91
41461	용인시 처인구 원삼면	2026	녹지지역	기타제한	군사	상수	0.98
41461	용인시 처인구 원삼면	2026	녹지지역	기타제한	군사	특별	0.98
41461	용인시 처인구 원삼면	2026	녹지지역	기타제한	군사	국보	1.02
41461	용인시 처인구 원삼면	2026	녹지지역	기타제한	군사	군사	1
41461	용인시 처인구 원삼면	2026	녹지지역	기타제한	군사	도공	0.68
41461	용인시 처인구 원삼면	2026	녹지지역	기타제한	군사	일시	0.68
41461	용인시 처인구 원삼면	2026	녹지지역	기타제한	도공	일반	1.67
41461	용인시 처인구 원삼면	2026	녹지지역	기타제한	도공	보존	1
41461	용인시 처인구 원삼면	2026	녹지지역	기타제한	도공	환경	1.1
41461	용인시 처인구 원삼면	2026	녹지지역	기타제한	도공	마을	1.33
41461	용인시 처인구 원삼면	2026	녹지지역	기타제한	도공	상수	1.43
41461	용인시 처인구 원삼면	2026	녹지지역	기타제한	도공	특별	1.43
41461	용인시 처인구 원삼면	2026	녹지지역	기타제한	도공	국보	1.5
41461	용인시 처인구 원삼면	2026	녹지지역	기타제한	도공	군사	1.47
41461	용인시 처인구 원삼면	2026	녹지지역	기타제한	도공	도공	1
41461	용인시 처인구 원삼면	2026	녹지지역	기타제한	도공	일시	1
41461	용인시 처인구 원삼면	2026	녹지지역	기타제한	일시	일반	1.67
41461	용인시 처인구 원삼면	2026	녹지지역	기타제한	일시	보존	1
41461	용인시 처인구 원삼면	2026	녹지지역	기타제한	일시	환경	1.1
41461	용인시 처인구 원삼면	2026	녹지지역	기타제한	일시	마을	1.33
41461	용인시 처인구 원삼면	2026	녹지지역	기타제한	일시	상수	1.43
41461	용인시 처인구 원삼면	2026	녹지지역	기타제한	일시	특별	1.43
41461	용인시 처인구 원삼면	2026	녹지지역	기타제한	일시	국보	1.5
41461	용인시 처인구 원삼면	2026	녹지지역	기타제한	일시	군사	1.47
41461	용인시 처인구 원삼면	2026	녹지지역	기타제한	일시	도공	1
41461	용인시 처인구 원삼면	2026	녹지지역	기타제한	일시	일시	1
41461	용인시 처인구 원삼면	2026	녹지지역	농지구분	진흥	진흥	1
41461	용인시 처인구 원삼면	2026	녹지지역	농지구분	진흥	보호	1.02
41461	용인시 처인구 원삼면	2026	녹지지역	농지구분	진흥	해당없음	1.05
41461	용인시 처인구 원삼면	2026	녹지지역	농지구분	보호	진흥	0.98
41461	용인시 처인구 원삼면	2026	녹지지역	농지구분	보호	보호	1
41461	용인시 처인구 원삼면	2026	녹지지역	농지구분	보호	해당없음	1.03
41461	용인시 처인구 원삼면	2026	녹지지역	농지구분	해당없음	진흥	0.95
41461	용인시 처인구 원삼면	2026	녹지지역	농지구분	해당없음	보호	0.97
41461	용인시 처인구 원삼면	2026	녹지지역	농지구분	해당없음	해당없음	1
41461	용인시 처인구 원삼면	2026	녹지지역	비옥도	비옥	비옥	1
41461	용인시 처인구 원삼면	2026	녹지지역	비옥도	비옥	저습·사질척박	0.94
41461	용인시 처인구 원삼면	2026	녹지지역	비옥도	저습·사질척박	비옥	1.06
41461	용인시 처인구 원삼면	2026	녹지지역	비옥도	저습·사질척박	저습·사질척박	1
41461	용인시 처인구 원삼면	2026	녹지지역	경지정리	정리	정리	1
41461	용인시 처인구 원삼면	2026	녹지지역	경지정리	정리	미정리	0.99
41461	용인시 처인구 원삼면	2026	녹지지역	경지정리	미정리	정리	1.01
41461	용인시 처인구 원삼면	2026	녹지지역	경지정리	미정리	미정리	1
41461	용인시 처인구 원삼면	2026	녹지지역	임야	보전산	보전산	1
41461	용인시 처인구 원삼면	2026	녹지지역	임야	보전산	준보전산	1.18
41461	용인시 처인구 원삼면	2026	녹지지역	임야	준보전산	보전산	0.85
41461	용인시 처인구 원삼면	2026	녹지지역	임야	준보전산	준보전산	1
41461	용인시 처인구 원삼면	2026	녹지지역	토지이용상황	주거용	주거용	1
41461	용인시 처인구 원삼면	2026	녹지지역	토지이용상황	주거용	상업업무	1.32
41461	용인시 처인구 원삼면	2026	녹지지역	토지이용상황	주거용	주상복합	1.23
41461	용인시 처인구 원삼면	2026	녹지지역	토지이용상황	주거용	공업용	0.98
41461	용인시 처인구 원삼면	2026	녹지지역	토지이용상황	주거용	태양광	0.79
41461	용인시 처인구 원삼면	2026	녹지지역	토지이용상황	주거용	전	0.59
41461	용인시 처인구 원삼면	2026	녹지지역	토지이용상황	주거용	전창고	0.68
41461	용인시 처인구 원삼면	2026	녹지지역	토지이용상황	주거용	전축사	0.67
41461	용인시 처인구 원삼면	2026	녹지지역	토지이용상황	주거용	답	0.54
41461	용인시 처인구 원삼면	2026	녹지지역	토지이용상황	주거용	답창고	0.63
41461	용인시 처인구 원삼면	2026	녹지지역	토지이용상황	주거용	답축사	0.62
41461	용인시 처인구 원삼면	2026	녹지지역	토지이용상황	주거용	임야	0.37
41461	용인시 처인구 원삼면	2026	녹지지역	토지이용상황	상업업무	주거용	0.76
41461	용인시 처인구 원삼면	2026	녹지지역	토지이용상황	상업업무	상업업무	1
41461	용인시 처인구 원삼면	2026	녹지지역	토지이용상황	상업업무	주상복합	0.93
41461	용인시 처인구 원삼면	2026	녹지지역	토지이용상황	상업업무	공업용	0.74
41461	용인시 처인구 원삼면	2026	녹지지역	토지이용상황	상업업무	태양광	0.6
41461	용인시 처인구 원삼면	2026	녹지지역	토지이용상황	상업업무	전	0.45
41461	용인시 처인구 원삼면	2026	녹지지역	토지이용상황	상업업무	전창고	0.52
41461	용인시 처인구 원삼면	2026	녹지지역	토지이용상황	상업업무	전축사	0.51
41461	용인시 처인구 원삼면	2026	녹지지역	토지이용상황	상업업무	답	0.41
41461	용인시 처인구 원삼면	2026	녹지지역	토지이용상황	상업업무	답창고	0.48
41461	용인시 처인구 원삼면	2026	녹지지역	토지이용상황	상업업무	답축사	0.47
41461	용인시 처인구 원삼면	2026	녹지지역	토지이용상황	상업업무	임야	0.28
41461	용인시 처인구 원삼면	2026	녹지지역	토지이용상황	주상복합	주거용	0.81
41461	용인시 처인구 원삼면	2026	녹지지역	토지이용상황	주상복합	상업업무	1.07
41461	용인시 처인구 원삼면	2026	녹지지역	토지이용상황	주상복합	주상복합	1
41461	용인시 처인구 원삼면	2026	녹지지역	토지이용상황	주상복합	공업용	0.8
41461	용인시 처인구 원삼면	2026	녹지지역	토지이용상황	주상복합	태양광	0.64
41461	용인시 처인구 원삼면	2026	녹지지역	토지이용상황	주상복합	전	0.48
41461	용인시 처인구 원삼면	2026	녹지지역	토지이용상황	주상복합	전창고	0.55
41461	용인시 처인구 원삼면	2026	녹지지역	토지이용상황	주상복합	전축사	0.54
41461	용인시 처인구 원삼면	2026	녹지지역	토지이용상황	주상복합	답	0.44
41461	용인시 처인구 원삼면	2026	녹지지역	토지이용상황	주상복합	답창고	0.51
41461	용인시 처인구 원삼면	2026	녹지지역	토지이용상황	주상복합	답축사	0.5
41461	용인시 처인구 원삼면	2026	녹지지역	토지이용상황	주상복합	임야	0.3
41461	용인시 처인구 원삼면	2026	녹지지역	토지이용상황	공업용	주거용	1.02
41461	용인시 처인구 원삼면	2026	녹지지역	토지이용상황	공업용	상업업무	1.35
41461	용인시 처인구 원삼면	2026	녹지지역	토지이용상황	공업용	주상복합	1.26
41461	용인시 처인구 원삼면	2026	녹지지역	토지이용상황	공업용	공업용	1
41461	용인시 처인구 원삼면	2026	녹지지역	토지이용상황	공업용	태양광	0.81
41461	용인시 처인구 원삼면	2026	녹지지역	토지이용상황	공업용	전	0.6
41461	용인시 처인구 원삼면	2026	녹지지역	토지이용상황	공업용	전창고	0.69
41461	용인시 처인구 원삼면	2026	녹지지역	토지이용상황	공업용	전축사	0.68
41461	용인시 처인구 원삼면	2026	녹지지역	토지이용상황	공업용	답	0.55
41461	용인시 처인구 원삼면	2026	녹지지역	토지이용상황	공업용	답창고	0.64
41461	용인시 처인구 원삼면	2026	녹지지역	토지이용상황	공업용	답축사	0.63
41461	용인시 처인구 원삼면	2026	녹지지역	토지이용상황	공업용	임야	0.38
41461	용인시 처인구 원삼면	2026	녹지지역	토지이용상황	태양광	주거용	1.27
41461	용인시 처인구 원삼면	2026	녹지지역	토지이용상황	태양광	상업업무	1.67
41461	용인시 처인구 원삼면	2026	녹지지역	토지이용상황	태양광	주상복합	1.56
41461	용인시 처인구 원삼면	2026	녹지지역	토지이용상황	태양광	공업용	1.24
41461	용인시 처인구 원삼면	2026	녹지지역	토지이용상황	태양광	태양광	1
41461	용인시 처인구 원삼면	2026	녹지지역	토지이용상황	태양광	전	0.75
41461	용인시 처인구 원삼면	2026	녹지지역	토지이용상황	태양광	전창고	0.86
41461	용인시 처인구 원삼면	2026	녹지지역	토지이용상황	태양광	전축사	0.85
41461	용인시 처인구 원삼면	2026	녹지지역	토지이용상황	태양광	답	0.68
41461	용인시 처인구 원삼면	2026	녹지지역	토지이용상황	태양광	답창고	0.8
41461	용인시 처인구 원삼면	2026	녹지지역	토지이용상황	태양광	답축사	0.78
41461	용인시 처인구 원삼면	2026	녹지지역	토지이용상황	태양광	임야	0.47
41461	용인시 처인구 원삼면	2026	녹지지역	토지이용상황	전	주거용	1.69
41461	용인시 처인구 원삼면	2026	녹지지역	토지이용상황	전	상업업무	2.24
41461	용인시 처인구 원삼면	2026	녹지지역	토지이용상황	전	주상복합	2.08
41461	용인시 처인구 원삼면	2026	녹지지역	토지이용상황	전	공업용	1.66
41461	용인시 처인구 원삼면	2026	녹지지역	토지이용상황	전	태양광	1.34
41461	용인시 처인구 원삼면	2026	녹지지역	토지이용상황	전	전	1
41461	용인시 처인구 원삼면	2026	녹지지역	토지이용상황	전	전창고	1.15
41461	용인시 처인구 원삼면	2026	녹지지역	토지이용상황	전	전축사	1.14
41461	용인시 처인구 원삼면	2026	녹지지역	토지이용상황	전	답	0.92
41461	용인시 처인구 원삼면	2026	녹지지역	토지이용상황	전	답창고	1.07
41461	용인시 처인구 원삼면	2026	녹지지역	토지이용상황	전	답축사	1.05
41461	용인시 처인구 원삼면	2026	녹지지역	토지이용상황	전	임야	0.63
41461	용인시 처인구 원삼면	2026	녹지지역	토지이용상황	전창고	주거용	1.47
41461	용인시 처인구 원삼면	2026	녹지지역	토지이용상황	전창고	상업업무	1.94
41461	용인시 처인구 원삼면	2026	녹지지역	토지이용상황	전창고	주상복합	1.81
41461	용인시 처인구 원삼면	2026	녹지지역	토지이용상황	전창고	공업용	1.44
41461	용인시 처인구 원삼면	2026	녹지지역	토지이용상황	전창고	태양광	1.16
41461	용인시 처인구 원삼면	2026	녹지지역	토지이용상황	전창고	전	0.87
41461	용인시 처인구 원삼면	2026	녹지지역	토지이용상황	전창고	전창고	1
41461	용인시 처인구 원삼면	2026	녹지지역	토지이용상황	전창고	전축사	0.99
41461	용인시 처인구 원삼면	2026	녹지지역	토지이용상황	전창고	답	0.79
41461	용인시 처인구 원삼면	2026	녹지지역	토지이용상황	전창고	답창고	0.93
41461	용인시 처인구 원삼면	2026	녹지지역	토지이용상황	전창고	답축사	0.91
41461	용인시 처인구 원삼면	2026	녹지지역	토지이용상황	전창고	임야	0.54
41461	용인시 처인구 원삼면	2026	녹지지역	토지이용상황	전축사	주거용	1.49
41461	용인시 처인구 원삼면	2026	녹지지역	토지이용상황	전축사	상업업무	1.97
41461	용인시 처인구 원삼면	2026	녹지지역	토지이용상황	전축사	주상복합	1.84
41461	용인시 처인구 원삼면	2026	녹지지역	토지이용상황	전축사	공업용	1.46
41461	용인시 처인구 원삼면	2026	녹지지역	토지이용상황	전축사	태양광	1.18
41461	용인시 처인구 원삼면	2026	녹지지역	토지이용상황	전축사	전	0.88
41461	용인시 처인구 원삼면	2026	녹지지역	토지이용상황	전축사	전창고	1.01
41461	용인시 처인구 원삼면	2026	녹지지역	토지이용상황	전축사	전축사	1
41461	용인시 처인구 원삼면	2026	녹지지역	토지이용상황	전축사	답	0.81
41461	용인시 처인구 원삼면	2026	녹지지역	토지이용상황	전축사	답창고	0.94
41461	용인시 처인구 원삼면	2026	녹지지역	토지이용상황	전축사	답축사	0.93
41461	용인시 처인구 원삼면	2026	녹지지역	토지이용상황	전축사	임야	0.55
41461	용인시 처인구 원삼면	2026	녹지지역	토지이용상황	답	주거용	1.85
41461	용인시 처인구 원삼면	2026	녹지지역	토지이용상황	답	상업업무	2.44
41461	용인시 처인구 원삼면	2026	녹지지역	토지이용상황	답	주상복합	2.28
41461	용인시 처인구 원삼면	2026	녹지지역	토지이용상황	답	공업용	1.81
41461	용인시 처인구 원삼면	2026	녹지지역	토지이용상황	답	태양광	1.46
41461	용인시 처인구 원삼면	2026	녹지지역	토지이용상황	답	전	1.09
41461	용인시 처인구 원삼면	2026	녹지지역	토지이용상황	답	전창고	1.26
41461	용인시 처인구 원삼면	2026	녹지지역	토지이용상황	답	전축사	1.24
41461	용인시 처인구 원삼면	2026	녹지지역	토지이용상황	답	답	1
41461	용인시 처인구 원삼면	2026	녹지지역	토지이용상황	답	답창고	1.17
41461	용인시 처인구 원삼면	2026	녹지지역	토지이용상황	답	답축사	1.15
41461	용인시 처인구 원삼면	2026	녹지지역	토지이용상황	답	임야	0.69
41461	용인시 처인구 원삼면	2026	녹지지역	토지이용상황	답창고	주거용	1.59
41461	용인시 처인구 원삼면	2026	녹지지역	토지이용상황	답창고	상업업무	2.1
41461	용인시 처인구 원삼면	2026	녹지지역	토지이용상황	답창고	주상복합	1.95
41461	용인시 처인구 원삼면	2026	녹지지역	토지이용상황	답창고	공업용	1.56
41461	용인시 처인구 원삼면	2026	녹지지역	토지이용상황	답창고	태양광	1.25
41461	용인시 처인구 원삼면	2026	녹지지역	토지이용상황	답창고	전	0.94
41461	용인시 처인구 원삼면	2026	녹지지역	토지이용상황	답창고	전창고	1.08
41461	용인시 처인구 원삼면	2026	녹지지역	토지이용상황	답창고	전축사	1.06
41461	용인시 처인구 원삼면	2026	녹지지역	토지이용상황	답창고	답	0.86
41461	용인시 처인구 원삼면	2026	녹지지역	토지이용상황	답창고	답창고	1
41461	용인시 처인구 원삼면	2026	녹지지역	토지이용상황	답창고	답축사	0.98
41461	용인시 처인구 원삼면	2026	녹지지역	토지이용상황	답창고	임야	0.59
41461	용인시 처인구 원삼면	2026	녹지지역	토지이용상황	답축사	주거용	1.61
41461	용인시 처인구 원삼면	2026	녹지지역	토지이용상황	답축사	상업업무	2.13
41461	용인시 처인구 원삼면	2026	녹지지역	토지이용상황	답축사	주상복합	1.98
41461	용인시 처인구 원삼면	2026	녹지지역	토지이용상황	답축사	공업용	1.58
41461	용인시 처인구 원삼면	2026	녹지지역	토지이용상황	답축사	태양광	1.27
41461	용인시 처인구 원삼면	2026	녹지지역	토지이용상황	답축사	전	0.95
41461	용인시 처인구 원삼면	2026	녹지지역	토지이용상황	답축사	전창고	1.1
41461	용인시 처인구 원삼면	2026	녹지지역	토지이용상황	답축사	전축사	1.08
41461	용인시 처인구 원삼면	2026	녹지지역	토지이용상황	답축사	답	0.87
41461	용인시 처인구 원삼면	2026	녹지지역	토지이용상황	답축사	답창고	1.02
41461	용인시 처인구 원삼면	2026	녹지지역	토지이용상황	답축사	답축사	1
41461	용인시 처인구 원삼면	2026	녹지지역	토지이용상황	답축사	임야	0.6
41461	용인시 처인구 원삼면	2026	녹지지역	토지이용상황	임야	주거용	2.7
41461	용인시 처인구 원삼면	2026	녹지지역	토지이용상황	임야	상업업무	3.57
41461	용인시 처인구 원삼면	2026	녹지지역	토지이용상황	임야	주상복합	3.32
41461	용인시 처인구 원삼면	2026	녹지지역	토지이용상황	임야	공업용	2.65
41461	용인시 처인구 원삼면	2026	녹지지역	토지이용상황	임야	태양광	2.14
41461	용인시 처인구 원삼면	2026	녹지지역	토지이용상황	임야	전	1.59
41461	용인시 처인구 원삼면	2026	녹지지역	토지이용상황	임야	전창고	1.84
41461	용인시 처인구 원삼면	2026	녹지지역	토지이용상황	임야	전축사	1.81
41461	용인시 처인구 원삼면	2026	녹지지역	토지이용상황	임야	답	1.46
41461	용인시 처인구 원삼면	2026	녹지지역	토지이용상황	임야	답창고	1.7
41461	용인시 처인구 원삼면	2026	녹지지역	토지이용상황	임야	답축사	1.68
41461	용인시 처인구 원삼면	2026	녹지지역	토지이용상황	임야	임야	1
41461	용인시 처인구 원삼면	2026	녹지지역	공공용지	일반	일반	1
41461	용인시 처인구 원삼면	2026	녹지지역	공공용지	일반	도로	0.33
41461	용인시 처인구 원삼면	2026	녹지지역	공공용지	일반	공원	0.33
41461	용인시 처인구 원삼면	2026	녹지지역	공공용지	일반	운동장	0.7
41461	용인시 처인구 원삼면	2026	녹지지역	공공용지	일반	하천	0.33
41461	용인시 처인구 원삼면	2026	녹지지역	공공용지	일반	혐오	0.33
41461	용인시 처인구 원삼면	2026	녹지지역	공공용지	일반	위험	0.7
41461	용인시 처인구 원삼면	2026	녹지지역	공공용지	일반	도축장	0.7
41461	용인시 처인구 원삼면	2026	녹지지역	공공용지	도로	일반	3.03
41461	용인시 처인구 원삼면	2026	녹지지역	공공용지	도로	도로	1
41461	용인시 처인구 원삼면	2026	녹지지역	공공용지	도로	공원	1
41461	용인시 처인구 원삼면	2026	녹지지역	공공용지	도로	운동장	2.12
41461	용인시 처인구 원삼면	2026	녹지지역	공공용지	도로	하천	1
41461	용인시 처인구 원삼면	2026	녹지지역	공공용지	도로	혐오	1
41461	용인시 처인구 원삼면	2026	녹지지역	공공용지	도로	위험	2.12
41461	용인시 처인구 원삼면	2026	녹지지역	공공용지	도로	도축장	2.12
41461	용인시 처인구 원삼면	2026	녹지지역	공공용지	공원	일반	3.03
41461	용인시 처인구 원삼면	2026	녹지지역	공공용지	공원	도로	1
41461	용인시 처인구 원삼면	2026	녹지지역	공공용지	공원	공원	1
41461	용인시 처인구 원삼면	2026	녹지지역	공공용지	공원	운동장	2.12
41461	용인시 처인구 원삼면	2026	녹지지역	공공용지	공원	하천	1
41461	용인시 처인구 원삼면	2026	녹지지역	공공용지	공원	혐오	1
41461	용인시 처인구 원삼면	2026	녹지지역	공공용지	공원	위험	2.12
41461	용인시 처인구 원삼면	2026	녹지지역	공공용지	공원	도축장	2.12
41461	용인시 처인구 원삼면	2026	녹지지역	공공용지	운동장	일반	1.43
41461	용인시 처인구 원삼면	2026	녹지지역	공공용지	운동장	도로	0.47
41461	용인시 처인구 원삼면	2026	녹지지역	공공용지	운동장	공원	0.47
41461	용인시 처인구 원삼면	2026	녹지지역	공공용지	운동장	운동장	1
41461	용인시 처인구 원삼면	2026	녹지지역	공공용지	운동장	하천	0.47
41461	용인시 처인구 원삼면	2026	녹지지역	공공용지	운동장	혐오	0.47
41461	용인시 처인구 원삼면	2026	녹지지역	공공용지	운동장	위험	1
41461	용인시 처인구 원삼면	2026	녹지지역	공공용지	운동장	도축장	1
41461	용인시 처인구 원삼면	2026	녹지지역	공공용지	하천	일반	3.03
41461	용인시 처인구 원삼면	2026	녹지지역	공공용지	하천	도로	1
41461	용인시 처인구 원삼면	2026	녹지지역	공공용지	하천	공원	1
41461	용인시 처인구 원삼면	2026	녹지지역	공공용지	하천	운동장	2.12
41461	용인시 처인구 원삼면	2026	녹지지역	공공용지	하천	하천	1
41461	용인시 처인구 원삼면	2026	녹지지역	공공용지	하천	혐오	1
41461	용인시 처인구 원삼면	2026	녹지지역	공공용지	하천	위험	2.12
41461	용인시 처인구 원삼면	2026	녹지지역	공공용지	하천	도축장	2.12
41461	용인시 처인구 원삼면	2026	녹지지역	공공용지	혐오	일반	3.03
41461	용인시 처인구 원삼면	2026	녹지지역	공공용지	혐오	도로	1
41461	용인시 처인구 원삼면	2026	녹지지역	공공용지	혐오	공원	1
41461	용인시 처인구 원삼면	2026	녹지지역	공공용지	혐오	운동장	2.12
41461	용인시 처인구 원삼면	2026	녹지지역	공공용지	혐오	하천	1
41461	용인시 처인구 원삼면	2026	녹지지역	공공용지	혐오	혐오	1
41461	용인시 처인구 원삼면	2026	녹지지역	공공용지	혐오	위험	2.12
41461	용인시 처인구 원삼면	2026	녹지지역	공공용지	혐오	도축장	2.12
41461	용인시 처인구 원삼면	2026	녹지지역	공공용지	위험	일반	1.43
41461	용인시 처인구 원삼면	2026	녹지지역	공공용지	위험	도로	0.47
41461	용인시 처인구 원삼면	2026	녹지지역	공공용지	위험	공원	0.47
41461	용인시 처인구 원삼면	2026	녹지지역	공공용지	위험	운동장	1
41461	용인시 처인구 원삼면	2026	녹지지역	공공용지	위험	하천	0.47
41461	용인시 처인구 원삼면	2026	녹지지역	공공용지	위험	혐오	0.47
41461	용인시 처인구 원삼면	2026	녹지지역	공공용지	위험	위험	1
41461	용인시 처인구 원삼면	2026	녹지지역	공공용지	위험	도축장	1
41461	용인시 처인구 원삼면	2026	녹지지역	공공용지	도축장	일반	1.43
41461	용인시 처인구 원삼면	2026	녹지지역	공공용지	도축장	도로	0.47
41461	용인시 처인구 원삼면	2026	녹지지역	공공용지	도축장	공원	0.47
41461	용인시 처인구 원삼면	2026	녹지지역	공공용지	도축장	운동장	1
41461	용인시 처인구 원삼면	2026	녹지지역	공공용지	도축장	하천	0.47
41461	용인시 처인구 원삼면	2026	녹지지역	공공용지	도축장	혐오	0.47
41461	용인시 처인구 원삼면	2026	녹지지역	공공용지	도축장	위험	1
41461	용인시 처인구 원삼면	2026	녹지지역	공공용지	도축장	도축장	1
41461	용인시 처인구 원삼면	2026	녹지지역	고저	저지	저지	1
41461	용인시 처인구 원삼면	2026	녹지지역	고저	저지	평지	1.05
41461	용인시 처인구 원삼면	2026	녹지지역	고저	저지	완경사	0.92
41461	용인시 처인구 원삼면	2026	녹지지역	고저	저지	급경사	0.71
41461	용인시 처인구 원삼면	2026	녹지지역	고저	저지	고지	0.7
41461	용인시 처인구 원삼면	2026	녹지지역	고저	평지	저지	0.95
41461	용인시 처인구 원삼면	2026	녹지지역	고저	평지	평지	1
41461	용인시 처인구 원삼면	2026	녹지지역	고저	평지	완경사	0.88
41461	용인시 처인구 원삼면	2026	녹지지역	고저	평지	급경사	0.68
41461	용인시 처인구 원삼면	2026	녹지지역	고저	평지	고지	0.67
41461	용인시 처인구 원삼면	2026	녹지지역	고저	완경사	저지	1.09
41461	용인시 처인구 원삼면	2026	녹지지역	고저	완경사	평지	1.14
41461	용인시 처인구 원삼면	2026	녹지지역	고저	완경사	완경사	1
41461	용인시 처인구 원삼면	2026	녹지지역	고저	완경사	급경사	0.77
41461	용인시 처인구 원삼면	2026	녹지지역	고저	완경사	고지	0.76
41461	용인시 처인구 원삼면	2026	녹지지역	고저	급경사	저지	1.41
41461	용인시 처인구 원삼면	2026	녹지지역	고저	급경사	평지	1.48
41461	용인시 처인구 원삼면	2026	녹지지역	고저	급경사	완경사	1.3
41461	용인시 처인구 원삼면	2026	녹지지역	고저	급경사	급경사	1
41461	용인시 처인구 원삼면	2026	녹지지역	고저	급경사	고지	0.99
41461	용인시 처인구 원삼면	2026	녹지지역	고저	고지	저지	1.43
41461	용인시 처인구 원삼면	2026	녹지지역	고저	고지	평지	1.5
41461	용인시 처인구 원삼면	2026	녹지지역	고저	고지	완경사	1.31
41461	용인시 처인구 원삼면	2026	녹지지역	고저	고지	급경사	1.01
41461	용인시 처인구 원삼면	2026	녹지지역	고저	고지	고지	1
41461	용인시 처인구 원삼면	2026	녹지지역	형상(주거.공업)	정방형	정방형	1
41461	용인시 처인구 원삼면	2026	녹지지역	형상(주거.공업)	정방형	장방형	1
41461	용인시 처인구 원삼면	2026	녹지지역	형상(주거.공업)	정방형	사다리	0.99
41461	용인시 처인구 원삼면	2026	녹지지역	형상(주거.공업)	정방형	부정형	0.95
41461	용인시 처인구 원삼면	2026	녹지지역	형상(주거.공업)	정방형	자루형	0.94
41461	용인시 처인구 원삼면	2026	녹지지역	형상(주거.공업)	장방형	정방형	1
41461	용인시 처인구 원삼면	2026	녹지지역	형상(주거.공업)	장방형	장방형	1
41461	용인시 처인구 원삼면	2026	녹지지역	형상(주거.공업)	장방형	사다리	0.99
41461	용인시 처인구 원삼면	2026	녹지지역	형상(주거.공업)	장방형	부정형	0.95
41461	용인시 처인구 원삼면	2026	녹지지역	형상(주거.공업)	장방형	자루형	0.94
41461	용인시 처인구 원삼면	2026	녹지지역	형상(주거.공업)	사다리	정방형	1.01
41461	용인시 처인구 원삼면	2026	녹지지역	형상(주거.공업)	사다리	장방형	1.01
41461	용인시 처인구 원삼면	2026	녹지지역	형상(주거.공업)	사다리	사다리	1
41461	용인시 처인구 원삼면	2026	녹지지역	형상(주거.공업)	사다리	부정형	0.96
41461	용인시 처인구 원삼면	2026	녹지지역	형상(주거.공업)	사다리	자루형	0.95
41461	용인시 처인구 원삼면	2026	녹지지역	형상(주거.공업)	부정형	정방형	1.05
41461	용인시 처인구 원삼면	2026	녹지지역	형상(주거.공업)	부정형	장방형	1.05
41461	용인시 처인구 원삼면	2026	녹지지역	형상(주거.공업)	부정형	사다리	1.04
41461	용인시 처인구 원삼면	2026	녹지지역	형상(주거.공업)	부정형	부정형	1
41461	용인시 처인구 원삼면	2026	녹지지역	형상(주거.공업)	부정형	자루형	0.99
41461	용인시 처인구 원삼면	2026	녹지지역	형상(주거.공업)	자루형	정방형	1.06
41461	용인시 처인구 원삼면	2026	녹지지역	형상(주거.공업)	자루형	장방형	1.06
41461	용인시 처인구 원삼면	2026	녹지지역	형상(주거.공업)	자루형	사다리	1.05
41461	용인시 처인구 원삼면	2026	녹지지역	형상(주거.공업)	자루형	부정형	1.01
41461	용인시 처인구 원삼면	2026	녹지지역	형상(주거.공업)	자루형	자루형	1
41461	용인시 처인구 원삼면	2026	녹지지역	형상(상업.주상)	정방형	정방형	1
41461	용인시 처인구 원삼면	2026	녹지지역	형상(상업.주상)	정방형	가장형	1.02
41461	용인시 처인구 원삼면	2026	녹지지역	형상(상업.주상)	정방형	세장형	0.99
41461	용인시 처인구 원삼면	2026	녹지지역	형상(상업.주상)	정방형	사다리	0.98
41461	용인시 처인구 원삼면	2026	녹지지역	형상(상업.주상)	정방형	부정형	0.96
41461	용인시 처인구 원삼면	2026	녹지지역	형상(상업.주상)	정방형	자루형	0.94
41461	용인시 처인구 원삼면	2026	녹지지역	형상(상업.주상)	가장형	정방형	0.98
41461	용인시 처인구 원삼면	2026	녹지지역	형상(상업.주상)	가장형	가장형	1
41461	용인시 처인구 원삼면	2026	녹지지역	형상(상업.주상)	가장형	세장형	0.97
41461	용인시 처인구 원삼면	2026	녹지지역	형상(상업.주상)	가장형	사다리	0.96
41461	용인시 처인구 원삼면	2026	녹지지역	형상(상업.주상)	가장형	부정형	0.94
41461	용인시 처인구 원삼면	2026	녹지지역	형상(상업.주상)	가장형	자루형	0.92
41461	용인시 처인구 원삼면	2026	녹지지역	형상(상업.주상)	세장형	정방형	1.01
41461	용인시 처인구 원삼면	2026	녹지지역	형상(상업.주상)	세장형	가장형	1.03
41461	용인시 처인구 원삼면	2026	녹지지역	형상(상업.주상)	세장형	세장형	1
41461	용인시 처인구 원삼면	2026	녹지지역	형상(상업.주상)	세장형	사다리	0.99
41461	용인시 처인구 원삼면	2026	녹지지역	형상(상업.주상)	세장형	부정형	0.97
41461	용인시 처인구 원삼면	2026	녹지지역	형상(상업.주상)	세장형	자루형	0.95
41461	용인시 처인구 원삼면	2026	녹지지역	형상(상업.주상)	사다리	정방형	1.02
41461	용인시 처인구 원삼면	2026	녹지지역	형상(상업.주상)	사다리	가장형	1.04
41461	용인시 처인구 원삼면	2026	녹지지역	형상(상업.주상)	사다리	세장형	1.01
41461	용인시 처인구 원삼면	2026	녹지지역	형상(상업.주상)	사다리	사다리	1
41461	용인시 처인구 원삼면	2026	녹지지역	형상(상업.주상)	사다리	부정형	0.98
41461	용인시 처인구 원삼면	2026	녹지지역	형상(상업.주상)	사다리	자루형	0.96
41461	용인시 처인구 원삼면	2026	녹지지역	형상(상업.주상)	부정형	정방형	1.04
41461	용인시 처인구 원삼면	2026	녹지지역	형상(상업.주상)	부정형	가장형	1.06
41461	용인시 처인구 원삼면	2026	녹지지역	형상(상업.주상)	부정형	세장형	1.03
41461	용인시 처인구 원삼면	2026	녹지지역	형상(상업.주상)	부정형	사다리	1.02
41461	용인시 처인구 원삼면	2026	녹지지역	형상(상업.주상)	부정형	부정형	1
41461	용인시 처인구 원삼면	2026	녹지지역	형상(상업.주상)	부정형	자루형	0.98
41461	용인시 처인구 원삼면	2026	녹지지역	형상(상업.주상)	자루형	정방형	1.06
41461	용인시 처인구 원삼면	2026	녹지지역	형상(상업.주상)	자루형	가장형	1.09
41461	용인시 처인구 원삼면	2026	녹지지역	형상(상업.주상)	자루형	세장형	1.05
41461	용인시 처인구 원삼면	2026	녹지지역	형상(상업.주상)	자루형	사다리	1.04
41461	용인시 처인구 원삼면	2026	녹지지역	형상(상업.주상)	자루형	부정형	1.02
41461	용인시 처인구 원삼면	2026	녹지지역	형상(상업.주상)	자루형	자루형	1
41461	용인시 처인구 원삼면	2026	녹지지역	방위	남향	남향	1
41461	용인시 처인구 원삼면	2026	녹지지역	방위	남향	동향	0.98
41461	용인시 처인구 원삼면	2026	녹지지역	방위	남향	서향	0.98
41461	용인시 처인구 원삼면	2026	녹지지역	방위	남향	북향	0.98
41461	용인시 처인구 원삼면	2026	녹지지역	방위	동향	남향	1.02
41461	용인시 처인구 원삼면	2026	녹지지역	방위	동향	동향	1
41461	용인시 처인구 원삼면	2026	녹지지역	방위	동향	서향	1
41461	용인시 처인구 원삼면	2026	녹지지역	방위	동향	북향	1
41461	용인시 처인구 원삼면	2026	녹지지역	방위	서향	남향	1.02
41461	용인시 처인구 원삼면	2026	녹지지역	방위	서향	동향	1
41461	용인시 처인구 원삼면	2026	녹지지역	방위	서향	서향	1
41461	용인시 처인구 원삼면	2026	녹지지역	방위	서향	북향	1
41461	용인시 처인구 원삼면	2026	녹지지역	방위	북향	남향	1.02
41461	용인시 처인구 원삼면	2026	녹지지역	방위	북향	동향	1
41461	용인시 처인구 원삼면	2026	녹지지역	방위	북향	서향	1
41461	용인시 처인구 원삼면	2026	녹지지역	방위	북향	북향	1
41461	용인시 처인구 원삼면	2026	녹지지역	도로접면	광대한면	광대한면	1
41461	용인시 처인구 원삼면	2026	녹지지역	도로접면	광대한면	광대소각	1.08
41461	용인시 처인구 원삼면	2026	녹지지역	도로접면	광대한면	광대세각	1.05
41461	용인시 처인구 원삼면	2026	녹지지역	도로접면	광대한면	중로한면	0.96
41461	용인시 처인구 원삼면	2026	녹지지역	도로접면	광대한면	중로각지	0.99
41461	용인시 처인구 원삼면	2026	녹지지역	도로접면	광대한면	소로한면	0.9
41461	용인시 처인구 원삼면	2026	녹지지역	도로접면	광대한면	소로각지	0.92
41461	용인시 처인구 원삼면	2026	녹지지역	도로접면	광대한면	세로(가)	0.74
41461	용인시 처인구 원삼면	2026	녹지지역	도로접면	광대한면	세각(가)	0.76
41461	용인시 처인구 원삼면	2026	녹지지역	도로접면	광대한면	세로(불)	0.63
41461	용인시 처인구 원삼면	2026	녹지지역	도로접면	광대한면	세각(불)	0.65
41461	용인시 처인구 원삼면	2026	녹지지역	도로접면	광대한면	맹지	0.62
41461	용인시 처인구 원삼면	2026	녹지지역	도로접면	광대소각	광대한면	0.93
41461	용인시 처인구 원삼면	2026	녹지지역	도로접면	광대소각	광대소각	1
41461	용인시 처인구 원삼면	2026	녹지지역	도로접면	광대소각	광대세각	0.97
41461	용인시 처인구 원삼면	2026	녹지지역	도로접면	광대소각	중로한면	0.89
41461	용인시 처인구 원삼면	2026	녹지지역	도로접면	광대소각	중로각지	0.92
41461	용인시 처인구 원삼면	2026	녹지지역	도로접면	광대소각	소로한면	0.83
41461	용인시 처인구 원삼면	2026	녹지지역	도로접면	광대소각	소로각지	0.85
41461	용인시 처인구 원삼면	2026	녹지지역	도로접면	광대소각	세로(가)	0.69
41461	용인시 처인구 원삼면	2026	녹지지역	도로접면	광대소각	세각(가)	0.7
41461	용인시 처인구 원삼면	2026	녹지지역	도로접면	광대소각	세로(불)	0.58
41461	용인시 처인구 원삼면	2026	녹지지역	도로접면	광대소각	세각(불)	0.6
41461	용인시 처인구 원삼면	2026	녹지지역	도로접면	광대소각	맹지	0.57
41461	용인시 처인구 원삼면	2026	녹지지역	도로접면	광대세각	광대한면	0.95
41461	용인시 처인구 원삼면	2026	녹지지역	도로접면	광대세각	광대소각	1.03
41461	용인시 처인구 원삼면	2026	녹지지역	도로접면	광대세각	광대세각	1
41461	용인시 처인구 원삼면	2026	녹지지역	도로접면	광대세각	중로한면	0.91
41461	용인시 처인구 원삼면	2026	녹지지역	도로접면	광대세각	중로각지	0.94
41461	용인시 처인구 원삼면	2026	녹지지역	도로접면	광대세각	소로한면	0.86
41461	용인시 처인구 원삼면	2026	녹지지역	도로접면	광대세각	소로각지	0.88
41461	용인시 처인구 원삼면	2026	녹지지역	도로접면	광대세각	세로(가)	0.7
41461	용인시 처인구 원삼면	2026	녹지지역	도로접면	광대세각	세각(가)	0.72
41461	용인시 처인구 원삼면	2026	녹지지역	도로접면	광대세각	세로(불)	0.6
41461	용인시 처인구 원삼면	2026	녹지지역	도로접면	광대세각	세각(불)	0.62
41461	용인시 처인구 원삼면	2026	녹지지역	도로접면	광대세각	맹지	0.59
41461	용인시 처인구 원삼면	2026	녹지지역	도로접면	중로한면	광대한면	1.04
41461	용인시 처인구 원삼면	2026	녹지지역	도로접면	중로한면	광대소각	1.13
41461	용인시 처인구 원삼면	2026	녹지지역	도로접면	중로한면	광대세각	1.09
41461	용인시 처인구 원삼면	2026	녹지지역	도로접면	중로한면	중로한면	1
41461	용인시 처인구 원삼면	2026	녹지지역	도로접면	중로한면	중로각지	1.03
41461	용인시 처인구 원삼면	2026	녹지지역	도로접면	중로한면	소로한면	0.94
41461	용인시 처인구 원삼면	2026	녹지지역	도로접면	중로한면	소로각지	0.96
41461	용인시 처인구 원삼면	2026	녹지지역	도로접면	중로한면	세로(가)	0.77
41461	용인시 처인구 원삼면	2026	녹지지역	도로접면	중로한면	세각(가)	0.79
41461	용인시 처인구 원삼면	2026	녹지지역	도로접면	중로한면	세로(불)	0.66
41461	용인시 처인구 원삼면	2026	녹지지역	도로접면	중로한면	세각(불)	0.68
41461	용인시 처인구 원삼면	2026	녹지지역	도로접면	중로한면	맹지	0.65
41461	용인시 처인구 원삼면	2026	녹지지역	도로접면	중로각지	광대한면	1.01
41461	용인시 처인구 원삼면	2026	녹지지역	도로접면	중로각지	광대소각	1.09
41461	용인시 처인구 원삼면	2026	녹지지역	도로접면	중로각지	광대세각	1.06
41461	용인시 처인구 원삼면	2026	녹지지역	도로접면	중로각지	중로한면	0.97
41461	용인시 처인구 원삼면	2026	녹지지역	도로접면	중로각지	중로각지	1
41461	용인시 처인구 원삼면	2026	녹지지역	도로접면	중로각지	소로한면	0.91
41461	용인시 처인구 원삼면	2026	녹지지역	도로접면	중로각지	소로각지	0.93
41461	용인시 처인구 원삼면	2026	녹지지역	도로접면	중로각지	세로(가)	0.75
41461	용인시 처인구 원삼면	2026	녹지지역	도로접면	중로각지	세각(가)	0.77
41461	용인시 처인구 원삼면	2026	녹지지역	도로접면	중로각지	세로(불)	0.64
41461	용인시 처인구 원삼면	2026	녹지지역	도로접면	중로각지	세각(불)	0.66
41461	용인시 처인구 원삼면	2026	녹지지역	도로접면	중로각지	맹지	0.63
41461	용인시 처인구 원삼면	2026	녹지지역	도로접면	소로한면	광대한면	1.11
41461	용인시 처인구 원삼면	2026	녹지지역	도로접면	소로한면	광대소각	1.2
41461	용인시 처인구 원삼면	2026	녹지지역	도로접면	소로한면	광대세각	1.17
41461	용인시 처인구 원삼면	2026	녹지지역	도로접면	소로한면	중로한면	1.07
41461	용인시 처인구 원삼면	2026	녹지지역	도로접면	소로한면	중로각지	1.1
41461	용인시 처인구 원삼면	2026	녹지지역	도로접면	소로한면	소로한면	1
41461	용인시 처인구 원삼면	2026	녹지지역	도로접면	소로한면	소로각지	1.02
41461	용인시 처인구 원삼면	2026	녹지지역	도로접면	소로한면	세로(가)	0.82
41461	용인시 처인구 원삼면	2026	녹지지역	도로접면	소로한면	세각(가)	0.84
41461	용인시 처인구 원삼면	2026	녹지지역	도로접면	소로한면	세로(불)	0.7
41461	용인시 처인구 원삼면	2026	녹지지역	도로접면	소로한면	세각(불)	0.72
41461	용인시 처인구 원삼면	2026	녹지지역	도로접면	소로한면	맹지	0.69
41461	용인시 처인구 원삼면	2026	녹지지역	도로접면	소로각지	광대한면	1.09
41461	용인시 처인구 원삼면	2026	녹지지역	도로접면	소로각지	광대소각	1.17
41461	용인시 처인구 원삼면	2026	녹지지역	도로접면	소로각지	광대세각	1.14
41461	용인시 처인구 원삼면	2026	녹지지역	도로접면	소로각지	중로한면	1.04
41461	용인시 처인구 원삼면	2026	녹지지역	도로접면	소로각지	중로각지	1.08
41461	용인시 처인구 원삼면	2026	녹지지역	도로접면	소로각지	소로한면	0.98
41461	용인시 처인구 원삼면	2026	녹지지역	도로접면	소로각지	소로각지	1
41461	용인시 처인구 원삼면	2026	녹지지역	도로접면	소로각지	세로(가)	0.8
41461	용인시 처인구 원삼면	2026	녹지지역	도로접면	소로각지	세각(가)	0.83
41461	용인시 처인구 원삼면	2026	녹지지역	도로접면	소로각지	세로(불)	0.68
41461	용인시 처인구 원삼면	2026	녹지지역	도로접면	소로각지	세각(불)	0.71
41461	용인시 처인구 원삼면	2026	녹지지역	도로접면	소로각지	맹지	0.67
41461	용인시 처인구 원삼면	2026	녹지지역	도로접면	세로(가)	광대한면	1.35
41461	용인시 처인구 원삼면	2026	녹지지역	도로접면	세로(가)	광대소각	1.46
41461	용인시 처인구 원삼면	2026	녹지지역	도로접면	세로(가)	광대세각	1.42
41461	용인시 처인구 원삼면	2026	녹지지역	도로접면	세로(가)	중로한면	1.3
41461	용인시 처인구 원삼면	2026	녹지지역	도로접면	세로(가)	중로각지	1.34
41461	용인시 처인구 원삼면	2026	녹지지역	도로접면	세로(가)	소로한면	1.22
41461	용인시 처인구 원삼면	2026	녹지지역	도로접면	세로(가)	소로각지	1.24
41461	용인시 처인구 원삼면	2026	녹지지역	도로접면	세로(가)	세로(가)	1
41461	용인시 처인구 원삼면	2026	녹지지역	도로접면	세로(가)	세각(가)	1.03
41461	용인시 처인구 원삼면	2026	녹지지역	도로접면	세로(가)	세로(불)	0.85
41461	용인시 처인구 원삼면	2026	녹지지역	도로접면	세로(가)	세각(불)	0.88
41461	용인시 처인구 원삼면	2026	녹지지역	도로접면	세로(가)	맹지	0.84
41461	용인시 처인구 원삼면	2026	녹지지역	도로접면	세각(가)	광대한면	1.32
41461	용인시 처인구 원삼면	2026	녹지지역	도로접면	세각(가)	광대소각	1.42
41461	용인시 처인구 원삼면	2026	녹지지역	도로접면	세각(가)	광대세각	1.38
41461	용인시 처인구 원삼면	2026	녹지지역	도로접면	세각(가)	중로한면	1.26
41461	용인시 처인구 원삼면	2026	녹지지역	도로접면	세각(가)	중로각지	1.3
41461	용인시 처인구 원삼면	2026	녹지지역	도로접면	세각(가)	소로한면	1.18
41461	용인시 처인구 원삼면	2026	녹지지역	도로접면	세각(가)	소로각지	1.21
41461	용인시 처인구 원삼면	2026	녹지지역	도로접면	세각(가)	세로(가)	0.97
41461	용인시 처인구 원삼면	2026	녹지지역	도로접면	세각(가)	세각(가)	1
41461	용인시 처인구 원삼면	2026	녹지지역	도로접면	세각(가)	세로(불)	0.83
41461	용인시 처인구 원삼면	2026	녹지지역	도로접면	세각(가)	세각(불)	0.86
41461	용인시 처인구 원삼면	2026	녹지지역	도로접면	세각(가)	맹지	0.82
41461	용인시 처인구 원삼면	2026	녹지지역	도로접면	세로(불)	광대한면	1.59
41461	용인시 처인구 원삼면	2026	녹지지역	도로접면	세로(불)	광대소각	1.71
41461	용인시 처인구 원삼면	2026	녹지지역	도로접면	세로(불)	광대세각	1.67
41461	용인시 처인구 원삼면	2026	녹지지역	도로접면	세로(불)	중로한면	1.52
41461	용인시 처인구 원삼면	2026	녹지지역	도로접면	세로(불)	중로각지	1.57
41461	용인시 처인구 원삼면	2026	녹지지역	도로접면	세로(불)	소로한면	1.43
41461	용인시 처인구 원삼면	2026	녹지지역	도로접면	세로(불)	소로각지	1.46
41461	용인시 처인구 원삼면	2026	녹지지역	도로접면	세로(불)	세로(가)	1.17
41461	용인시 처인구 원삼면	2026	녹지지역	도로접면	세로(불)	세각(가)	1.21
41461	용인시 처인구 원삼면	2026	녹지지역	도로접면	세로(불)	세로(불)	1
41461	용인시 처인구 원삼면	2026	녹지지역	도로접면	세로(불)	세각(불)	1.03
41461	용인시 처인구 원삼면	2026	녹지지역	도로접면	세로(불)	맹지	0.98
41461	용인시 처인구 원삼면	2026	녹지지역	도로접면	세각(불)	광대한면	1.54
41461	용인시 처인구 원삼면	2026	녹지지역	도로접면	세각(불)	광대소각	1.66
41461	용인시 처인구 원삼면	2026	녹지지역	도로접면	세각(불)	광대세각	1.62
41461	용인시 처인구 원삼면	2026	녹지지역	도로접면	세각(불)	중로한면	1.48
41461	용인시 처인구 원삼면	2026	녹지지역	도로접면	세각(불)	중로각지	1.52
41461	용인시 처인구 원삼면	2026	녹지지역	도로접면	세각(불)	소로한면	1.38
41461	용인시 처인구 원삼면	2026	녹지지역	도로접면	세각(불)	소로각지	1.42
41461	용인시 처인구 원삼면	2026	녹지지역	도로접면	세각(불)	세로(가)	1.14
41461	용인시 처인구 원삼면	2026	녹지지역	도로접면	세각(불)	세각(가)	1.17
41461	용인시 처인구 원삼면	2026	녹지지역	도로접면	세각(불)	세로(불)	0.97
41461	용인시 처인구 원삼면	2026	녹지지역	도로접면	세각(불)	세각(불)	1
41461	용인시 처인구 원삼면	2026	녹지지역	도로접면	세각(불)	맹지	0.95
41461	용인시 처인구 원삼면	2026	녹지지역	도로접면	맹지	광대한면	1.61
41461	용인시 처인구 원삼면	2026	녹지지역	도로접면	맹지	광대소각	1.74
41461	용인시 처인구 원삼면	2026	녹지지역	도로접면	맹지	광대세각	1.69
41461	용인시 처인구 원삼면	2026	녹지지역	도로접면	맹지	중로한면	1.55
41461	용인시 처인구 원삼면	2026	녹지지역	도로접면	맹지	중로각지	1.6
41461	용인시 처인구 원삼면	2026	녹지지역	도로접면	맹지	소로한면	1.45
41461	용인시 처인구 원삼면	2026	녹지지역	도로접면	맹지	소로각지	1.48
41461	용인시 처인구 원삼면	2026	녹지지역	도로접면	맹지	세로(가)	1.19
41461	용인시 처인구 원삼면	2026	녹지지역	도로접면	맹지	세각(가)	1.23
41461	용인시 처인구 원삼면	2026	녹지지역	도로접면	맹지	세로(불)	1.02
41461	용인시 처인구 원삼면	2026	녹지지역	도로접면	맹지	세각(불)	1.05
41461	용인시 처인구 원삼면	2026	녹지지역	도로접면	맹지	맹지	1
41461	용인시 처인구 원삼면	2026	녹지지역	철도.고속도로 등	50m내	50m내	1
41461	용인시 처인구 원삼면	2026	녹지지역	철도.고속도로 등	50m내	100m내	1.03
41461	용인시 처인구 원삼면	2026	녹지지역	철도.고속도로 등	50m내	500m내	1.04
41461	용인시 처인구 원삼면	2026	녹지지역	철도.고속도로 등	50m내	해당없음	1.05
41461	용인시 처인구 원삼면	2026	녹지지역	철도.고속도로 등	100m내	50m내	0.97
41461	용인시 처인구 원삼면	2026	녹지지역	철도.고속도로 등	100m내	100m내	1
41461	용인시 처인구 원삼면	2026	녹지지역	철도.고속도로 등	100m내	500m내	1.01
41461	용인시 처인구 원삼면	2026	녹지지역	철도.고속도로 등	100m내	해당없음	1.02
41461	용인시 처인구 원삼면	2026	녹지지역	철도.고속도로 등	500m내	50m내	0.96
41461	용인시 처인구 원삼면	2026	녹지지역	철도.고속도로 등	500m내	100m내	0.99
41461	용인시 처인구 원삼면	2026	녹지지역	철도.고속도로 등	500m내	500m내	1
41461	용인시 처인구 원삼면	2026	녹지지역	철도.고속도로 등	500m내	해당없음	1.01
41461	용인시 처인구 원삼면	2026	녹지지역	철도.고속도로 등	해당없음	50m내	0.95
41461	용인시 처인구 원삼면	2026	녹지지역	철도.고속도로 등	해당없음	100m내	0.98
41461	용인시 처인구 원삼면	2026	녹지지역	철도.고속도로 등	해당없음	500m내	0.99
41461	용인시 처인구 원삼면	2026	녹지지역	철도.고속도로 등	해당없음	해당없음	1
41461	용인시 처인구 원삼면	2026	녹지지역	폐기물.수질오염	50m내	50m내	1
41461	용인시 처인구 원삼면	2026	녹지지역	폐기물.수질오염	50m내	100m내	1.05
41461	용인시 처인구 원삼면	2026	녹지지역	폐기물.수질오염	50m내	500m내	1.07
41461	용인시 처인구 원삼면	2026	녹지지역	폐기물.수질오염	50m내	해당없음	1.08
41461	용인시 처인구 원삼면	2026	녹지지역	폐기물.수질오염	100m내	50m내	0.95
41461	용인시 처인구 원삼면	2026	녹지지역	폐기물.수질오염	100m내	100m내	1
41461	용인시 처인구 원삼면	2026	녹지지역	폐기물.수질오염	100m내	500m내	1.02
41461	용인시 처인구 원삼면	2026	녹지지역	폐기물.수질오염	100m내	해당없음	1.03
41461	용인시 처인구 원삼면	2026	녹지지역	폐기물.수질오염	500m내	50m내	0.93
41461	용인시 처인구 원삼면	2026	녹지지역	폐기물.수질오염	500m내	100m내	0.98
41461	용인시 처인구 원삼면	2026	녹지지역	폐기물.수질오염	500m내	500m내	1
41461	용인시 처인구 원삼면	2026	녹지지역	폐기물.수질오염	500m내	해당없음	1.01
41461	용인시 처인구 원삼면	2026	녹지지역	폐기물.수질오염	해당없음	50m내	0.93
41461	용인시 처인구 원삼면	2026	녹지지역	폐기물.수질오염	해당없음	100m내	0.97
41461	용인시 처인구 원삼면	2026	녹지지역	폐기물.수질오염	해당없음	500m내	0.99
41461	용인시 처인구 원삼면	2026	녹지지역	폐기물.수질오염	해당없음	해당없음	1
41461	용인시 처인구 원삼면	2026	녹지지역	변전소	50m내	50m내	1
41461	용인시 처인구 원삼면	2026	녹지지역	변전소	50m내	100m내	1.02
41461	용인시 처인구 원삼면	2026	녹지지역	변전소	50m내	600m내	1.04
41461	용인시 처인구 원삼면	2026	녹지지역	변전소	50m내	해당없음	1.05
41461	용인시 처인구 원삼면	2026	녹지지역	변전소	100m내	50m내	0.98
41461	용인시 처인구 원삼면	2026	녹지지역	변전소	100m내	100m내	1
41461	용인시 처인구 원삼면	2026	녹지지역	변전소	100m내	600m내	1.02
41461	용인시 처인구 원삼면	2026	녹지지역	변전소	100m내	해당없음	1.03
41461	용인시 처인구 원삼면	2026	녹지지역	변전소	600m내	50m내	0.96
41461	용인시 처인구 원삼면	2026	녹지지역	변전소	600m내	100m내	0.98
41461	용인시 처인구 원삼면	2026	녹지지역	변전소	600m내	600m내	1
41461	용인시 처인구 원삼면	2026	녹지지역	변전소	600m내	해당없음	1.01
41461	용인시 처인구 원삼면	2026	녹지지역	변전소	해당없음	50m내	0.95
41461	용인시 처인구 원삼면	2026	녹지지역	변전소	해당없음	100m내	0.97
41461	용인시 처인구 원삼면	2026	녹지지역	변전소	해당없음	600m내	0.99
41461	용인시 처인구 원삼면	2026	녹지지역	변전소	해당없음	해당없음	1
41461	용인시 처인구 원삼면	2026	녹지지역	형상(전,답)	정형	정형	1
41461	용인시 처인구 원삼면	2026	녹지지역	형상(전,답)	정형	비정형	0.95
41461	용인시 처인구 원삼면	2026	녹지지역	형상(전,답)	비정형	정형	1.05
41461	용인시 처인구 원삼면	2026	녹지지역	형상(전,답)	비정형	비정형	1
41461	용인시 처인구 원삼면	2026	녹지지역	경작여건	보통	보통	1
41461	용인시 처인구 원삼면	2026	녹지지역	경작여건	보통	불리	0.7
41461	용인시 처인구 원삼면	2026	녹지지역	경작여건	불리	보통	1.43
41461	용인시 처인구 원삼면	2026	녹지지역	경작여건	불리	불리	1
41461	용인시 처인구 원삼면	2026	녹지지역	묘지소재불리여건	일반	일반	1
41461	용인시 처인구 원삼면	2026	녹지지역	묘지소재불리여건	일반	불리	1
41461	용인시 처인구 원삼면	2026	녹지지역	묘지소재불리여건	불리	일반	1
41461	용인시 처인구 원삼면	2026	녹지지역	묘지소재불리여건	불리	불리	1
41461	용인시 처인구 원삼면	2026	자연녹지지역	지목	전	전	1
41461	용인시 처인구 원삼면	2026	자연녹지지역	지목	전	답	1
41461	용인시 처인구 원삼면	2026	자연녹지지역	지목	전	과	1
41461	용인시 처인구 원삼면	2026	자연녹지지역	지목	전	목	0.97
41461	용인시 처인구 원삼면	2026	자연녹지지역	지목	전	임	0.92
41461	용인시 처인구 원삼면	2026	자연녹지지역	지목	전	대	1.17
41461	용인시 처인구 원삼면	2026	자연녹지지역	지목	전	장	1.17
41461	용인시 처인구 원삼면	2026	자연녹지지역	지목	전	차	1.17
41461	용인시 처인구 원삼면	2026	자연녹지지역	지목	전	주	1.17
41461	용인시 처인구 원삼면	2026	자연녹지지역	지목	전	창	1.1
41461	용인시 처인구 원삼면	2026	자연녹지지역	지목	전	잡	1.1
41461	용인시 처인구 원삼면	2026	자연녹지지역	지목	답	전	1
41461	용인시 처인구 원삼면	2026	자연녹지지역	지목	답	답	1
41461	용인시 처인구 원삼면	2026	자연녹지지역	지목	답	과	1
41461	용인시 처인구 원삼면	2026	자연녹지지역	지목	답	목	0.97
41461	용인시 처인구 원삼면	2026	자연녹지지역	지목	답	임	0.92
41461	용인시 처인구 원삼면	2026	자연녹지지역	지목	답	대	1.17
41461	용인시 처인구 원삼면	2026	자연녹지지역	지목	답	장	1.17
41461	용인시 처인구 원삼면	2026	자연녹지지역	지목	답	차	1.17
41461	용인시 처인구 원삼면	2026	자연녹지지역	지목	답	주	1.17
41461	용인시 처인구 원삼면	2026	자연녹지지역	지목	답	창	1.1
41461	용인시 처인구 원삼면	2026	자연녹지지역	지목	답	잡	1.1
41461	용인시 처인구 원삼면	2026	자연녹지지역	지목	과	전	1
41461	용인시 처인구 원삼면	2026	자연녹지지역	지목	과	답	1
41461	용인시 처인구 원삼면	2026	자연녹지지역	지목	과	과	1
41461	용인시 처인구 원삼면	2026	자연녹지지역	지목	과	목	0.97
41461	용인시 처인구 원삼면	2026	자연녹지지역	지목	과	임	0.92
41461	용인시 처인구 원삼면	2026	자연녹지지역	지목	과	대	1.17
41461	용인시 처인구 원삼면	2026	자연녹지지역	지목	과	장	1.17
41461	용인시 처인구 원삼면	2026	자연녹지지역	지목	과	차	1.17
41461	용인시 처인구 원삼면	2026	자연녹지지역	지목	과	주	1.17
41461	용인시 처인구 원삼면	2026	자연녹지지역	지목	과	창	1.1
41461	용인시 처인구 원삼면	2026	자연녹지지역	지목	과	잡	1.1
41461	용인시 처인구 원삼면	2026	자연녹지지역	지목	목	전	1.03
41461	용인시 처인구 원삼면	2026	자연녹지지역	지목	목	답	1.03
41461	용인시 처인구 원삼면	2026	자연녹지지역	지목	목	과	1.03
41461	용인시 처인구 원삼면	2026	자연녹지지역	지목	목	목	1
41461	용인시 처인구 원삼면	2026	자연녹지지역	지목	목	임	0.95
41461	용인시 처인구 원삼면	2026	자연녹지지역	지목	목	대	1.21
41461	용인시 처인구 원삼면	2026	자연녹지지역	지목	목	장	1.21
41461	용인시 처인구 원삼면	2026	자연녹지지역	지목	목	차	1.21
41461	용인시 처인구 원삼면	2026	자연녹지지역	지목	목	주	1.21
41461	용인시 처인구 원삼면	2026	자연녹지지역	지목	목	창	1.13
41461	용인시 처인구 원삼면	2026	자연녹지지역	지목	목	잡	1.13
41461	용인시 처인구 원삼면	2026	자연녹지지역	지목	임	전	1.09
41461	용인시 처인구 원삼면	2026	자연녹지지역	지목	임	답	1.09
41461	용인시 처인구 원삼면	2026	자연녹지지역	지목	임	과	1.09
41461	용인시 처인구 원삼면	2026	자연녹지지역	지목	임	목	1.05
41461	용인시 처인구 원삼면	2026	자연녹지지역	지목	임	임	1
41461	용인시 처인구 원삼면	2026	자연녹지지역	지목	임	대	1.27
41461	용인시 처인구 원삼면	2026	자연녹지지역	지목	임	장	1.27
41461	용인시 처인구 원삼면	2026	자연녹지지역	지목	임	차	1.27
41461	용인시 처인구 원삼면	2026	자연녹지지역	지목	임	주	1.27
41461	용인시 처인구 원삼면	2026	자연녹지지역	지목	임	창	1.2
41461	용인시 처인구 원삼면	2026	자연녹지지역	지목	임	잡	1.2
41461	용인시 처인구 원삼면	2026	자연녹지지역	지목	대	전	0.85
41461	용인시 처인구 원삼면	2026	자연녹지지역	지목	대	답	0.85
41461	용인시 처인구 원삼면	2026	자연녹지지역	지목	대	과	0.85
41461	용인시 처인구 원삼면	2026	자연녹지지역	지목	대	목	0.83
41461	용인시 처인구 원삼면	2026	자연녹지지역	지목	대	임	0.79
41461	용인시 처인구 원삼면	2026	자연녹지지역	지목	대	대	1
41461	용인시 처인구 원삼면	2026	자연녹지지역	지목	대	장	1
41461	용인시 처인구 원삼면	2026	자연녹지지역	지목	대	차	1
41461	용인시 처인구 원삼면	2026	자연녹지지역	지목	대	주	1
41461	용인시 처인구 원삼면	2026	자연녹지지역	지목	대	창	0.94
41461	용인시 처인구 원삼면	2026	자연녹지지역	지목	대	잡	0.94
41461	용인시 처인구 원삼면	2026	자연녹지지역	지목	장	전	0.85
41461	용인시 처인구 원삼면	2026	자연녹지지역	지목	장	답	0.85
41461	용인시 처인구 원삼면	2026	자연녹지지역	지목	장	과	0.85
41461	용인시 처인구 원삼면	2026	자연녹지지역	지목	장	목	0.83
41461	용인시 처인구 원삼면	2026	자연녹지지역	지목	장	임	0.79
41461	용인시 처인구 원삼면	2026	자연녹지지역	지목	장	대	1
41461	용인시 처인구 원삼면	2026	자연녹지지역	지목	장	장	1
41461	용인시 처인구 원삼면	2026	자연녹지지역	지목	장	차	1
41461	용인시 처인구 원삼면	2026	자연녹지지역	지목	장	주	1
41461	용인시 처인구 원삼면	2026	자연녹지지역	지목	장	창	0.94
41461	용인시 처인구 원삼면	2026	자연녹지지역	지목	장	잡	0.94
41461	용인시 처인구 원삼면	2026	자연녹지지역	지목	차	전	0.85
41461	용인시 처인구 원삼면	2026	자연녹지지역	지목	차	답	0.85
41461	용인시 처인구 원삼면	2026	자연녹지지역	지목	차	과	0.85
41461	용인시 처인구 원삼면	2026	자연녹지지역	지목	차	목	0.83
41461	용인시 처인구 원삼면	2026	자연녹지지역	지목	차	임	0.79
41461	용인시 처인구 원삼면	2026	자연녹지지역	지목	차	대	1
41461	용인시 처인구 원삼면	2026	자연녹지지역	지목	차	장	1
41461	용인시 처인구 원삼면	2026	자연녹지지역	지목	차	차	1
41461	용인시 처인구 원삼면	2026	자연녹지지역	지목	차	주	1
41461	용인시 처인구 원삼면	2026	자연녹지지역	지목	차	창	0.94
41461	용인시 처인구 원삼면	2026	자연녹지지역	지목	차	잡	0.94
41461	용인시 처인구 원삼면	2026	자연녹지지역	지목	주	전	0.85
41461	용인시 처인구 원삼면	2026	자연녹지지역	지목	주	답	0.85
41461	용인시 처인구 원삼면	2026	자연녹지지역	지목	주	과	0.85
41461	용인시 처인구 원삼면	2026	자연녹지지역	지목	주	목	0.83
41461	용인시 처인구 원삼면	2026	자연녹지지역	지목	주	임	0.79
41461	용인시 처인구 원삼면	2026	자연녹지지역	지목	주	대	1
41461	용인시 처인구 원삼면	2026	자연녹지지역	지목	주	장	1
41461	용인시 처인구 원삼면	2026	자연녹지지역	지목	주	차	1
41461	용인시 처인구 원삼면	2026	자연녹지지역	지목	주	주	1
41461	용인시 처인구 원삼면	2026	자연녹지지역	지목	주	창	0.94
41461	용인시 처인구 원삼면	2026	자연녹지지역	지목	주	잡	0.94
41461	용인시 처인구 원삼면	2026	자연녹지지역	지목	창	전	0.91
41461	용인시 처인구 원삼면	2026	자연녹지지역	지목	창	답	0.91
41461	용인시 처인구 원삼면	2026	자연녹지지역	지목	창	과	0.91
41461	용인시 처인구 원삼면	2026	자연녹지지역	지목	창	목	0.88
41461	용인시 처인구 원삼면	2026	자연녹지지역	지목	창	임	0.84
41461	용인시 처인구 원삼면	2026	자연녹지지역	지목	창	대	1.06
41461	용인시 처인구 원삼면	2026	자연녹지지역	지목	창	장	1.06
41461	용인시 처인구 원삼면	2026	자연녹지지역	지목	창	차	1.06
41461	용인시 처인구 원삼면	2026	자연녹지지역	지목	창	주	1.06
41461	용인시 처인구 원삼면	2026	자연녹지지역	지목	창	창	1
41461	용인시 처인구 원삼면	2026	자연녹지지역	지목	창	잡	1
41461	용인시 처인구 원삼면	2026	자연녹지지역	지목	잡	전	0.91
41461	용인시 처인구 원삼면	2026	자연녹지지역	지목	잡	답	0.91
41461	용인시 처인구 원삼면	2026	자연녹지지역	지목	잡	과	0.91
41461	용인시 처인구 원삼면	2026	자연녹지지역	지목	잡	목	0.88
41461	용인시 처인구 원삼면	2026	자연녹지지역	지목	잡	임	0.84
41461	용인시 처인구 원삼면	2026	자연녹지지역	지목	잡	대	1.06
41461	용인시 처인구 원삼면	2026	자연녹지지역	지목	잡	장	1.06
41461	용인시 처인구 원삼면	2026	자연녹지지역	지목	잡	차	1.06
41461	용인시 처인구 원삼면	2026	자연녹지지역	지목	잡	주	1.06
41461	용인시 처인구 원삼면	2026	자연녹지지역	지목	잡	창	1
41461	용인시 처인구 원삼면	2026	자연녹지지역	지목	잡	잡	1
41461	용인시 처인구 원삼면	2026	자연녹지지역	토지면적	3300	3300	1
41461	용인시 처인구 원삼면	2026	자연녹지지역	토지면적	3300	16500	0.98
41461	용인시 처인구 원삼면	2026	자연녹지지역	토지면적	3300	33000	0.97
41461	용인시 처인구 원삼면	2026	자연녹지지역	토지면적	3300	66000	0.96
41461	용인시 처인구 원삼면	2026	자연녹지지역	토지면적	3300	그이상	0.95
41461	용인시 처인구 원삼면	2026	자연녹지지역	토지면적	16500	3300	1.02
41461	용인시 처인구 원삼면	2026	자연녹지지역	토지면적	16500	16500	1
41461	용인시 처인구 원삼면	2026	자연녹지지역	토지면적	16500	33000	0.99
41461	용인시 처인구 원삼면	2026	자연녹지지역	토지면적	16500	66000	0.98
41461	용인시 처인구 원삼면	2026	자연녹지지역	토지면적	16500	그이상	0.97
41461	용인시 처인구 원삼면	2026	자연녹지지역	토지면적	33000	3300	1.03
41461	용인시 처인구 원삼면	2026	자연녹지지역	토지면적	33000	16500	1.01
41461	용인시 처인구 원삼면	2026	자연녹지지역	토지면적	33000	33000	1
41461	용인시 처인구 원삼면	2026	자연녹지지역	토지면적	33000	66000	0.99
41461	용인시 처인구 원삼면	2026	자연녹지지역	토지면적	33000	그이상	0.98
41461	용인시 처인구 원삼면	2026	자연녹지지역	토지면적	66000	3300	1.04
41461	용인시 처인구 원삼면	2026	자연녹지지역	토지면적	66000	16500	1.02
41461	용인시 처인구 원삼면	2026	자연녹지지역	토지면적	66000	33000	1.01
41461	용인시 처인구 원삼면	2026	자연녹지지역	토지면적	66000	66000	1
41461	용인시 처인구 원삼면	2026	자연녹지지역	토지면적	66000	그이상	0.99
41461	용인시 처인구 원삼면	2026	자연녹지지역	토지면적	그이상	3300	1.05
41461	용인시 처인구 원삼면	2026	자연녹지지역	토지면적	그이상	16500	1.03
41461	용인시 처인구 원삼면	2026	자연녹지지역	토지면적	그이상	33000	1.02
41461	용인시 처인구 원삼면	2026	자연녹지지역	토지면적	그이상	66000	1.01
41461	용인시 처인구 원삼면	2026	자연녹지지역	토지면적	그이상	그이상	1
41461	용인시 처인구 원삼면	2026	자연녹지지역	용도지구	일반	일반	1
41461	용인시 처인구 원삼면	2026	자연녹지지역	용도지구	일반	역사보호	0.92
41461	용인시 처인구 원삼면	2026	자연녹지지역	용도지구	일반	경관	0.92
41461	용인시 처인구 원삼면	2026	자연녹지지역	용도지구	일반	공항보호	0.86
41461	용인시 처인구 원삼면	2026	자연녹지지역	용도지구	일반	고도	0.97
41461	용인시 처인구 원삼면	2026	자연녹지지역	용도지구	역사보호	일반	1.09
41461	용인시 처인구 원삼면	2026	자연녹지지역	용도지구	역사보호	역사보호	1
41461	용인시 처인구 원삼면	2026	자연녹지지역	용도지구	역사보호	경관	1
41461	용인시 처인구 원삼면	2026	자연녹지지역	용도지구	역사보호	공항보호	0.93
41461	용인시 처인구 원삼면	2026	자연녹지지역	용도지구	역사보호	고도	1.05
41461	용인시 처인구 원삼면	2026	자연녹지지역	용도지구	경관	일반	1.09
41461	용인시 처인구 원삼면	2026	자연녹지지역	용도지구	경관	역사보호	1
41461	용인시 처인구 원삼면	2026	자연녹지지역	용도지구	경관	경관	1
41461	용인시 처인구 원삼면	2026	자연녹지지역	용도지구	경관	공항보호	0.93
41461	용인시 처인구 원삼면	2026	자연녹지지역	용도지구	경관	고도	1.05
41461	용인시 처인구 원삼면	2026	자연녹지지역	용도지구	공항보호	일반	1.16
41461	용인시 처인구 원삼면	2026	자연녹지지역	용도지구	공항보호	역사보호	1.07
41461	용인시 처인구 원삼면	2026	자연녹지지역	용도지구	공항보호	경관	1.07
41461	용인시 처인구 원삼면	2026	자연녹지지역	용도지구	공항보호	공항보호	1
41461	용인시 처인구 원삼면	2026	자연녹지지역	용도지구	공항보호	고도	1.13
41461	용인시 처인구 원삼면	2026	자연녹지지역	용도지구	고도	일반	1.03
41461	용인시 처인구 원삼면	2026	자연녹지지역	용도지구	고도	역사보호	0.95
41461	용인시 처인구 원삼면	2026	자연녹지지역	용도지구	고도	경관	0.95
41461	용인시 처인구 원삼면	2026	자연녹지지역	용도지구	고도	공항보호	0.89
41461	용인시 처인구 원삼면	2026	자연녹지지역	용도지구	고도	고도	1
41461	용인시 처인구 원삼면	2026	자연녹지지역	도시계획시설	일반	일반	1
41461	용인시 처인구 원삼면	2026	자연녹지지역	도시계획시설	일반	지상도로	0.85
41461	용인시 처인구 원삼면	2026	자연녹지지역	도시계획시설	일반	지하도로	0.95
41461	용인시 처인구 원삼면	2026	자연녹지지역	도시계획시설	일반	공원	0.6
41461	용인시 처인구 원삼면	2026	자연녹지지역	도시계획시설	일반	운동장	0.85
41461	용인시 처인구 원삼면	2026	자연녹지지역	도시계획시설	일반	혐오	0.85
41461	용인시 처인구 원삼면	2026	자연녹지지역	도시계획시설	일반	위험	0.85
41461	용인시 처인구 원삼면	2026	자연녹지지역	도시계획시설	일반	도축장	0.85
41461	용인시 처인구 원삼면	2026	자연녹지지역	도시계획시설	지상도로	일반	1.18
41461	용인시 처인구 원삼면	2026	자연녹지지역	도시계획시설	지상도로	지상도로	1
41461	용인시 처인구 원삼면	2026	자연녹지지역	도시계획시설	지상도로	지하도로	1.12
41461	용인시 처인구 원삼면	2026	자연녹지지역	도시계획시설	지상도로	공원	0.71
41461	용인시 처인구 원삼면	2026	자연녹지지역	도시계획시설	지상도로	운동장	1
41461	용인시 처인구 원삼면	2026	자연녹지지역	도시계획시설	지상도로	혐오	1
41461	용인시 처인구 원삼면	2026	자연녹지지역	도시계획시설	지상도로	위험	1
41461	용인시 처인구 원삼면	2026	자연녹지지역	도시계획시설	지상도로	도축장	1
41461	용인시 처인구 원삼면	2026	자연녹지지역	도시계획시설	지하도로	일반	1.05
41461	용인시 처인구 원삼면	2026	자연녹지지역	도시계획시설	지하도로	지상도로	0.89
41461	용인시 처인구 원삼면	2026	자연녹지지역	도시계획시설	지하도로	지하도로	1
41461	용인시 처인구 원삼면	2026	자연녹지지역	도시계획시설	지하도로	공원	0.63
41461	용인시 처인구 원삼면	2026	자연녹지지역	도시계획시설	지하도로	운동장	0.89
41461	용인시 처인구 원삼면	2026	자연녹지지역	도시계획시설	지하도로	혐오	0.89
41461	용인시 처인구 원삼면	2026	자연녹지지역	도시계획시설	지하도로	위험	0.89
41461	용인시 처인구 원삼면	2026	자연녹지지역	도시계획시설	지하도로	도축장	0.89
41461	용인시 처인구 원삼면	2026	자연녹지지역	도시계획시설	공원	일반	1.67
41461	용인시 처인구 원삼면	2026	자연녹지지역	도시계획시설	공원	지상도로	1.42
41461	용인시 처인구 원삼면	2026	자연녹지지역	도시계획시설	공원	지하도로	1.58
41461	용인시 처인구 원삼면	2026	자연녹지지역	도시계획시설	공원	공원	1
41461	용인시 처인구 원삼면	2026	자연녹지지역	도시계획시설	공원	운동장	1.42
41461	용인시 처인구 원삼면	2026	자연녹지지역	도시계획시설	공원	혐오	1.42
41461	용인시 처인구 원삼면	2026	자연녹지지역	도시계획시설	공원	위험	1.42
41461	용인시 처인구 원삼면	2026	자연녹지지역	도시계획시설	공원	도축장	1.42
41461	용인시 처인구 원삼면	2026	자연녹지지역	도시계획시설	운동장	일반	1.18
41461	용인시 처인구 원삼면	2026	자연녹지지역	도시계획시설	운동장	지상도로	1
41461	용인시 처인구 원삼면	2026	자연녹지지역	도시계획시설	운동장	지하도로	1.12
41461	용인시 처인구 원삼면	2026	자연녹지지역	도시계획시설	운동장	공원	0.71
41461	용인시 처인구 원삼면	2026	자연녹지지역	도시계획시설	운동장	운동장	1
41461	용인시 처인구 원삼면	2026	자연녹지지역	도시계획시설	운동장	혐오	1
41461	용인시 처인구 원삼면	2026	자연녹지지역	도시계획시설	운동장	위험	1
41461	용인시 처인구 원삼면	2026	자연녹지지역	도시계획시설	운동장	도축장	1
41461	용인시 처인구 원삼면	2026	자연녹지지역	도시계획시설	혐오	일반	1.18
41461	용인시 처인구 원삼면	2026	자연녹지지역	도시계획시설	혐오	지상도로	1
41461	용인시 처인구 원삼면	2026	자연녹지지역	도시계획시설	혐오	지하도로	1.12
41461	용인시 처인구 원삼면	2026	자연녹지지역	도시계획시설	혐오	공원	0.71
41461	용인시 처인구 원삼면	2026	자연녹지지역	도시계획시설	혐오	운동장	1
41461	용인시 처인구 원삼면	2026	자연녹지지역	도시계획시설	혐오	혐오	1
41461	용인시 처인구 원삼면	2026	자연녹지지역	도시계획시설	혐오	위험	1
41461	용인시 처인구 원삼면	2026	자연녹지지역	도시계획시설	혐오	도축장	1
41461	용인시 처인구 원삼면	2026	자연녹지지역	도시계획시설	위험	일반	1.18
41461	용인시 처인구 원삼면	2026	자연녹지지역	도시계획시설	위험	지상도로	1
41461	용인시 처인구 원삼면	2026	자연녹지지역	도시계획시설	위험	지하도로	1.12
41461	용인시 처인구 원삼면	2026	자연녹지지역	도시계획시설	위험	공원	0.71
41461	용인시 처인구 원삼면	2026	자연녹지지역	도시계획시설	위험	운동장	1
41461	용인시 처인구 원삼면	2026	자연녹지지역	도시계획시설	위험	혐오	1
41461	용인시 처인구 원삼면	2026	자연녹지지역	도시계획시설	위험	위험	1
41461	용인시 처인구 원삼면	2026	자연녹지지역	도시계획시설	위험	도축장	1
41461	용인시 처인구 원삼면	2026	자연녹지지역	도시계획시설	도축장	일반	1.18
41461	용인시 처인구 원삼면	2026	자연녹지지역	도시계획시설	도축장	지상도로	1
41461	용인시 처인구 원삼면	2026	자연녹지지역	도시계획시설	도축장	지하도로	1.12
41461	용인시 처인구 원삼면	2026	자연녹지지역	도시계획시설	도축장	공원	0.71
41461	용인시 처인구 원삼면	2026	자연녹지지역	도시계획시설	도축장	운동장	1
41461	용인시 처인구 원삼면	2026	자연녹지지역	도시계획시설	도축장	혐오	1
41461	용인시 처인구 원삼면	2026	자연녹지지역	도시계획시설	도축장	위험	1
41461	용인시 처인구 원삼면	2026	자연녹지지역	도시계획시설	도축장	도축장	1
41461	용인시 처인구 원삼면	2026	자연녹지지역	기타제한	일반	일반	1
41461	용인시 처인구 원삼면	2026	자연녹지지역	기타제한	일반	보존	0.6
41461	용인시 처인구 원삼면	2026	자연녹지지역	기타제한	일반	환경	0.66
41461	용인시 처인구 원삼면	2026	자연녹지지역	기타제한	일반	마을	0.8
41461	용인시 처인구 원삼면	2026	자연녹지지역	기타제한	일반	상수	0.86
41461	용인시 처인구 원삼면	2026	자연녹지지역	기타제한	일반	특별	0.86
41461	용인시 처인구 원삼면	2026	자연녹지지역	기타제한	일반	국보	0.9
41461	용인시 처인구 원삼면	2026	자연녹지지역	기타제한	일반	군사	0.88
41461	용인시 처인구 원삼면	2026	자연녹지지역	기타제한	일반	도공	0.6
41461	용인시 처인구 원삼면	2026	자연녹지지역	기타제한	일반	일시	0.6
41461	용인시 처인구 원삼면	2026	자연녹지지역	기타제한	보존	일반	1.67
41461	용인시 처인구 원삼면	2026	자연녹지지역	기타제한	보존	보존	1
41461	용인시 처인구 원삼면	2026	자연녹지지역	기타제한	보존	환경	1.1
41461	용인시 처인구 원삼면	2026	자연녹지지역	기타제한	보존	마을	1.33
41461	용인시 처인구 원삼면	2026	자연녹지지역	기타제한	보존	상수	1.43
41461	용인시 처인구 원삼면	2026	자연녹지지역	기타제한	보존	특별	1.43
41461	용인시 처인구 원삼면	2026	자연녹지지역	기타제한	보존	국보	1.5
41461	용인시 처인구 원삼면	2026	자연녹지지역	기타제한	보존	군사	1.47
41461	용인시 처인구 원삼면	2026	자연녹지지역	기타제한	보존	도공	1
41461	용인시 처인구 원삼면	2026	자연녹지지역	기타제한	보존	일시	1
41461	용인시 처인구 원삼면	2026	자연녹지지역	기타제한	환경	일반	1.52
41461	용인시 처인구 원삼면	2026	자연녹지지역	기타제한	환경	보존	0.91
41461	용인시 처인구 원삼면	2026	자연녹지지역	기타제한	환경	환경	1
41461	용인시 처인구 원삼면	2026	자연녹지지역	기타제한	환경	마을	1.21
41461	용인시 처인구 원삼면	2026	자연녹지지역	기타제한	환경	상수	1.3
41461	용인시 처인구 원삼면	2026	자연녹지지역	기타제한	환경	특별	1.3
41461	용인시 처인구 원삼면	2026	자연녹지지역	기타제한	환경	국보	1.36
41461	용인시 처인구 원삼면	2026	자연녹지지역	기타제한	환경	군사	1.33
41461	용인시 처인구 원삼면	2026	자연녹지지역	기타제한	환경	도공	0.91
41461	용인시 처인구 원삼면	2026	자연녹지지역	기타제한	환경	일시	0.91
41461	용인시 처인구 원삼면	2026	자연녹지지역	기타제한	마을	일반	1.25
41461	용인시 처인구 원삼면	2026	자연녹지지역	기타제한	마을	보존	0.75
41461	용인시 처인구 원삼면	2026	자연녹지지역	기타제한	마을	환경	0.83
41461	용인시 처인구 원삼면	2026	자연녹지지역	기타제한	마을	마을	1
41461	용인시 처인구 원삼면	2026	자연녹지지역	기타제한	마을	상수	1.08
41461	용인시 처인구 원삼면	2026	자연녹지지역	기타제한	마을	특별	1.08
41461	용인시 처인구 원삼면	2026	자연녹지지역	기타제한	마을	국보	1.13
41461	용인시 처인구 원삼면	2026	자연녹지지역	기타제한	마을	군사	1.1
41461	용인시 처인구 원삼면	2026	자연녹지지역	기타제한	마을	도공	0.75
41461	용인시 처인구 원삼면	2026	자연녹지지역	기타제한	마을	일시	0.75
41461	용인시 처인구 원삼면	2026	자연녹지지역	기타제한	상수	일반	1.16
41461	용인시 처인구 원삼면	2026	자연녹지지역	기타제한	상수	보존	0.7
41461	용인시 처인구 원삼면	2026	자연녹지지역	기타제한	상수	환경	0.77
41461	용인시 처인구 원삼면	2026	자연녹지지역	기타제한	상수	마을	0.93
41461	용인시 처인구 원삼면	2026	자연녹지지역	기타제한	상수	상수	1
41461	용인시 처인구 원삼면	2026	자연녹지지역	기타제한	상수	특별	1
41461	용인시 처인구 원삼면	2026	자연녹지지역	기타제한	상수	국보	1.05
41461	용인시 처인구 원삼면	2026	자연녹지지역	기타제한	상수	군사	1.02
41461	용인시 처인구 원삼면	2026	자연녹지지역	기타제한	상수	도공	0.7
41461	용인시 처인구 원삼면	2026	자연녹지지역	기타제한	상수	일시	0.7
41461	용인시 처인구 원삼면	2026	자연녹지지역	기타제한	특별	일반	1.16
41461	용인시 처인구 원삼면	2026	자연녹지지역	기타제한	특별	보존	0.7
41461	용인시 처인구 원삼면	2026	자연녹지지역	기타제한	특별	환경	0.77
41461	용인시 처인구 원삼면	2026	자연녹지지역	기타제한	특별	마을	0.93
41461	용인시 처인구 원삼면	2026	자연녹지지역	기타제한	특별	상수	1
41461	용인시 처인구 원삼면	2026	자연녹지지역	기타제한	특별	특별	1
41461	용인시 처인구 원삼면	2026	자연녹지지역	기타제한	특별	국보	1.05
41461	용인시 처인구 원삼면	2026	자연녹지지역	기타제한	특별	군사	1.02
41461	용인시 처인구 원삼면	2026	자연녹지지역	기타제한	특별	도공	0.7
41461	용인시 처인구 원삼면	2026	자연녹지지역	기타제한	특별	일시	0.7
41461	용인시 처인구 원삼면	2026	자연녹지지역	기타제한	국보	일반	1.11
41461	용인시 처인구 원삼면	2026	자연녹지지역	기타제한	국보	보존	0.67
41461	용인시 처인구 원삼면	2026	자연녹지지역	기타제한	국보	환경	0.73
41461	용인시 처인구 원삼면	2026	자연녹지지역	기타제한	국보	마을	0.89
41461	용인시 처인구 원삼면	2026	자연녹지지역	기타제한	국보	상수	0.96
41461	용인시 처인구 원삼면	2026	자연녹지지역	기타제한	국보	특별	0.96
41461	용인시 처인구 원삼면	2026	자연녹지지역	기타제한	국보	국보	1
41461	용인시 처인구 원삼면	2026	자연녹지지역	기타제한	국보	군사	0.98
41461	용인시 처인구 원삼면	2026	자연녹지지역	기타제한	국보	도공	0.67
41461	용인시 처인구 원삼면	2026	자연녹지지역	기타제한	국보	일시	0.67
41461	용인시 처인구 원삼면	2026	자연녹지지역	기타제한	군사	일반	1.14
41461	용인시 처인구 원삼면	2026	자연녹지지역	기타제한	군사	보존	0.68
41461	용인시 처인구 원삼면	2026	자연녹지지역	기타제한	군사	환경	0.75
41461	용인시 처인구 원삼면	2026	자연녹지지역	기타제한	군사	마을	0.91
41461	용인시 처인구 원삼면	2026	자연녹지지역	기타제한	군사	상수	0.98
41461	용인시 처인구 원삼면	2026	자연녹지지역	기타제한	군사	특별	0.98
41461	용인시 처인구 원삼면	2026	자연녹지지역	기타제한	군사	국보	1.02
41461	용인시 처인구 원삼면	2026	자연녹지지역	기타제한	군사	군사	1
41461	용인시 처인구 원삼면	2026	자연녹지지역	기타제한	군사	도공	0.68
41461	용인시 처인구 원삼면	2026	자연녹지지역	기타제한	군사	일시	0.68
41461	용인시 처인구 원삼면	2026	자연녹지지역	기타제한	도공	일반	1.67
41461	용인시 처인구 원삼면	2026	자연녹지지역	기타제한	도공	보존	1
41461	용인시 처인구 원삼면	2026	자연녹지지역	기타제한	도공	환경	1.1
41461	용인시 처인구 원삼면	2026	자연녹지지역	기타제한	도공	마을	1.33
41461	용인시 처인구 원삼면	2026	자연녹지지역	기타제한	도공	상수	1.43
41461	용인시 처인구 원삼면	2026	자연녹지지역	기타제한	도공	특별	1.43
41461	용인시 처인구 원삼면	2026	자연녹지지역	기타제한	도공	국보	1.5
41461	용인시 처인구 원삼면	2026	자연녹지지역	기타제한	도공	군사	1.47
41461	용인시 처인구 원삼면	2026	자연녹지지역	기타제한	도공	도공	1
41461	용인시 처인구 원삼면	2026	자연녹지지역	기타제한	도공	일시	1
41461	용인시 처인구 원삼면	2026	자연녹지지역	기타제한	일시	일반	1.67
41461	용인시 처인구 원삼면	2026	자연녹지지역	기타제한	일시	보존	1
41461	용인시 처인구 원삼면	2026	자연녹지지역	기타제한	일시	환경	1.1
41461	용인시 처인구 원삼면	2026	자연녹지지역	기타제한	일시	마을	1.33
41461	용인시 처인구 원삼면	2026	자연녹지지역	기타제한	일시	상수	1.43
41461	용인시 처인구 원삼면	2026	자연녹지지역	기타제한	일시	특별	1.43
41461	용인시 처인구 원삼면	2026	자연녹지지역	기타제한	일시	국보	1.5
41461	용인시 처인구 원삼면	2026	자연녹지지역	기타제한	일시	군사	1.47
41461	용인시 처인구 원삼면	2026	자연녹지지역	기타제한	일시	도공	1
41461	용인시 처인구 원삼면	2026	자연녹지지역	기타제한	일시	일시	1
41461	용인시 처인구 원삼면	2026	자연녹지지역	농지구분	진흥	진흥	1
41461	용인시 처인구 원삼면	2026	자연녹지지역	농지구분	진흥	보호	1.02
41461	용인시 처인구 원삼면	2026	자연녹지지역	농지구분	진흥	해당없음	1.05
41461	용인시 처인구 원삼면	2026	자연녹지지역	농지구분	보호	진흥	0.98
41461	용인시 처인구 원삼면	2026	자연녹지지역	농지구분	보호	보호	1
41461	용인시 처인구 원삼면	2026	자연녹지지역	농지구분	보호	해당없음	1.03
41461	용인시 처인구 원삼면	2026	자연녹지지역	농지구분	해당없음	진흥	0.95
41461	용인시 처인구 원삼면	2026	자연녹지지역	농지구분	해당없음	보호	0.97
41461	용인시 처인구 원삼면	2026	자연녹지지역	농지구분	해당없음	해당없음	1
41461	용인시 처인구 원삼면	2026	자연녹지지역	비옥도	비옥	비옥	1
41461	용인시 처인구 원삼면	2026	자연녹지지역	비옥도	비옥	저습·사질척박	0.94
41461	용인시 처인구 원삼면	2026	자연녹지지역	비옥도	저습·사질척박	비옥	1.06
41461	용인시 처인구 원삼면	2026	자연녹지지역	비옥도	저습·사질척박	저습·사질척박	1
41461	용인시 처인구 원삼면	2026	자연녹지지역	경지정리	정리	정리	1
41461	용인시 처인구 원삼면	2026	자연녹지지역	경지정리	정리	미정리	0.99
41461	용인시 처인구 원삼면	2026	자연녹지지역	경지정리	미정리	정리	1.01
41461	용인시 처인구 원삼면	2026	자연녹지지역	경지정리	미정리	미정리	1
41461	용인시 처인구 원삼면	2026	자연녹지지역	임야	보전산	보전산	1
41461	용인시 처인구 원삼면	2026	자연녹지지역	임야	보전산	준보전산	1.18
41461	용인시 처인구 원삼면	2026	자연녹지지역	임야	준보전산	보전산	0.85
41461	용인시 처인구 원삼면	2026	자연녹지지역	임야	준보전산	준보전산	1
41461	용인시 처인구 원삼면	2026	자연녹지지역	토지이용상황	주거용	주거용	1
41461	용인시 처인구 원삼면	2026	자연녹지지역	토지이용상황	주거용	상업업무	1.32
41461	용인시 처인구 원삼면	2026	자연녹지지역	토지이용상황	주거용	주상복합	1.23
41461	용인시 처인구 원삼면	2026	자연녹지지역	토지이용상황	주거용	공업용	1.01
41461	용인시 처인구 원삼면	2026	자연녹지지역	토지이용상황	주거용	태양광	0.79
41461	용인시 처인구 원삼면	2026	자연녹지지역	토지이용상황	주거용	전	0.51
41461	용인시 처인구 원삼면	2026	자연녹지지역	토지이용상황	주거용	전창고	0.64
41461	용인시 처인구 원삼면	2026	자연녹지지역	토지이용상황	주거용	전축사	0.62
41461	용인시 처인구 원삼면	2026	자연녹지지역	토지이용상황	주거용	답	0.49
41461	용인시 처인구 원삼면	2026	자연녹지지역	토지이용상황	주거용	답창고	0.57
41461	용인시 처인구 원삼면	2026	자연녹지지역	토지이용상황	주거용	답축사	0.56
41461	용인시 처인구 원삼면	2026	자연녹지지역	토지이용상황	주거용	임야	0.32
41461	용인시 처인구 원삼면	2026	자연녹지지역	토지이용상황	상업업무	주거용	0.76
41461	용인시 처인구 원삼면	2026	자연녹지지역	토지이용상황	상업업무	상업업무	1
41461	용인시 처인구 원삼면	2026	자연녹지지역	토지이용상황	상업업무	주상복합	0.93
41461	용인시 처인구 원삼면	2026	자연녹지지역	토지이용상황	상업업무	공업용	0.77
41461	용인시 처인구 원삼면	2026	자연녹지지역	토지이용상황	상업업무	태양광	0.6
41461	용인시 처인구 원삼면	2026	자연녹지지역	토지이용상황	상업업무	전	0.39
41461	용인시 처인구 원삼면	2026	자연녹지지역	토지이용상황	상업업무	전창고	0.48
41461	용인시 처인구 원삼면	2026	자연녹지지역	토지이용상황	상업업무	전축사	0.47
41461	용인시 처인구 원삼면	2026	자연녹지지역	토지이용상황	상업업무	답	0.37
41461	용인시 처인구 원삼면	2026	자연녹지지역	토지이용상황	상업업무	답창고	0.43
41461	용인시 처인구 원삼면	2026	자연녹지지역	토지이용상황	상업업무	답축사	0.42
41461	용인시 처인구 원삼면	2026	자연녹지지역	토지이용상황	상업업무	임야	0.24
41461	용인시 처인구 원삼면	2026	자연녹지지역	토지이용상황	주상복합	주거용	0.81
41461	용인시 처인구 원삼면	2026	자연녹지지역	토지이용상황	주상복합	상업업무	1.07
41461	용인시 처인구 원삼면	2026	자연녹지지역	토지이용상황	주상복합	주상복합	1
41461	용인시 처인구 원삼면	2026	자연녹지지역	토지이용상황	주상복합	공업용	0.82
41461	용인시 처인구 원삼면	2026	자연녹지지역	토지이용상황	주상복합	태양광	0.64
41461	용인시 처인구 원삼면	2026	자연녹지지역	토지이용상황	주상복합	전	0.41
41461	용인시 처인구 원삼면	2026	자연녹지지역	토지이용상황	주상복합	전창고	0.52
41461	용인시 처인구 원삼면	2026	자연녹지지역	토지이용상황	주상복합	전축사	0.5
41461	용인시 처인구 원삼면	2026	자연녹지지역	토지이용상황	주상복합	답	0.4
41461	용인시 처인구 원삼면	2026	자연녹지지역	토지이용상황	주상복합	답창고	0.46
41461	용인시 처인구 원삼면	2026	자연녹지지역	토지이용상황	주상복합	답축사	0.46
41461	용인시 처인구 원삼면	2026	자연녹지지역	토지이용상황	주상복합	임야	0.26
41461	용인시 처인구 원삼면	2026	자연녹지지역	토지이용상황	공업용	주거용	0.99
41461	용인시 처인구 원삼면	2026	자연녹지지역	토지이용상황	공업용	상업업무	1.31
41461	용인시 처인구 원삼면	2026	자연녹지지역	토지이용상황	공업용	주상복합	1.22
41461	용인시 처인구 원삼면	2026	자연녹지지역	토지이용상황	공업용	공업용	1
41461	용인시 처인구 원삼면	2026	자연녹지지역	토지이용상황	공업용	태양광	0.78
41461	용인시 처인구 원삼면	2026	자연녹지지역	토지이용상황	공업용	전	0.5
41461	용인시 처인구 원삼면	2026	자연녹지지역	토지이용상황	공업용	전창고	0.63
41461	용인시 처인구 원삼면	2026	자연녹지지역	토지이용상황	공업용	전축사	0.61
41461	용인시 처인구 원삼면	2026	자연녹지지역	토지이용상황	공업용	답	0.49
41461	용인시 처인구 원삼면	2026	자연녹지지역	토지이용상황	공업용	답창고	0.56
41461	용인시 처인구 원삼면	2026	자연녹지지역	토지이용상황	공업용	답축사	0.55
41461	용인시 처인구 원삼면	2026	자연녹지지역	토지이용상황	공업용	임야	0.32
41461	용인시 처인구 원삼면	2026	자연녹지지역	토지이용상황	태양광	주거용	1.27
41461	용인시 처인구 원삼면	2026	자연녹지지역	토지이용상황	태양광	상업업무	1.67
41461	용인시 처인구 원삼면	2026	자연녹지지역	토지이용상황	태양광	주상복합	1.56
41461	용인시 처인구 원삼면	2026	자연녹지지역	토지이용상황	태양광	공업용	1.28
41461	용인시 처인구 원삼면	2026	자연녹지지역	토지이용상황	태양광	태양광	1
41461	용인시 처인구 원삼면	2026	자연녹지지역	토지이용상황	태양광	전	0.65
41461	용인시 처인구 원삼면	2026	자연녹지지역	토지이용상황	태양광	전창고	0.81
41461	용인시 처인구 원삼면	2026	자연녹지지역	토지이용상황	태양광	전축사	0.78
41461	용인시 처인구 원삼면	2026	자연녹지지역	토지이용상황	태양광	답	0.62
41461	용인시 처인구 원삼면	2026	자연녹지지역	토지이용상황	태양광	답창고	0.72
41461	용인시 처인구 원삼면	2026	자연녹지지역	토지이용상황	태양광	답축사	0.71
41461	용인시 처인구 원삼면	2026	자연녹지지역	토지이용상황	태양광	임야	0.41
41461	용인시 처인구 원삼면	2026	자연녹지지역	토지이용상황	전	주거용	1.96
41461	용인시 처인구 원삼면	2026	자연녹지지역	토지이용상황	전	상업업무	2.59
41461	용인시 처인구 원삼면	2026	자연녹지지역	토지이용상황	전	주상복합	2.41
41461	용인시 처인구 원삼면	2026	자연녹지지역	토지이용상황	전	공업용	1.98
41461	용인시 처인구 원삼면	2026	자연녹지지역	토지이용상황	전	태양광	1.55
41461	용인시 처인구 원삼면	2026	자연녹지지역	토지이용상황	전	전	1
41461	용인시 처인구 원삼면	2026	자연녹지지역	토지이용상황	전	전창고	1.25
41461	용인시 처인구 원삼면	2026	자연녹지지역	토지이용상황	전	전축사	1.22
41461	용인시 처인구 원삼면	2026	자연녹지지역	토지이용상황	전	답	0.96
41461	용인시 처인구 원삼면	2026	자연녹지지역	토지이용상황	전	답창고	1.12
41461	용인시 처인구 원삼면	2026	자연녹지지역	토지이용상황	전	답축사	1.1
41461	용인시 처인구 원삼면	2026	자연녹지지역	토지이용상황	전	임야	0.63
41461	용인시 처인구 원삼면	2026	자연녹지지역	토지이용상황	전창고	주거용	1.56
41461	용인시 처인구 원삼면	2026	자연녹지지역	토지이용상황	전창고	상업업무	2.06
41461	용인시 처인구 원삼면	2026	자연녹지지역	토지이용상황	전창고	주상복합	1.92
41461	용인시 처인구 원삼면	2026	자연녹지지역	토지이용상황	전창고	공업용	1.58
41461	용인시 처인구 원삼면	2026	자연녹지지역	토지이용상황	전창고	태양광	1.23
41461	용인시 처인구 원삼면	2026	자연녹지지역	토지이용상황	전창고	전	0.8
41461	용인시 처인구 원삼면	2026	자연녹지지역	토지이용상황	전창고	전창고	1
41461	용인시 처인구 원삼면	2026	자연녹지지역	토지이용상황	전창고	전축사	0.97
41461	용인시 처인구 원삼면	2026	자연녹지지역	토지이용상황	전창고	답	0.77
41461	용인시 처인구 원삼면	2026	자연녹지지역	토지이용상황	전창고	답창고	0.89
41461	용인시 처인구 원삼면	2026	자연녹지지역	토지이용상황	전창고	답축사	0.88
41461	용인시 처인구 원삼면	2026	자연녹지지역	토지이용상황	전창고	임야	0.5
41461	용인시 처인구 원삼면	2026	자연녹지지역	토지이용상황	전축사	주거용	1.61
41461	용인시 처인구 원삼면	2026	자연녹지지역	토지이용상황	전축사	상업업무	2.13
41461	용인시 처인구 원삼면	2026	자연녹지지역	토지이용상황	전축사	주상복합	1.98
41461	용인시 처인구 원삼면	2026	자연녹지지역	토지이용상황	전축사	공업용	1.63
41461	용인시 처인구 원삼면	2026	자연녹지지역	토지이용상황	전축사	태양광	1.27
41461	용인시 처인구 원삼면	2026	자연녹지지역	토지이용상황	전축사	전	0.82
41461	용인시 처인구 원삼면	2026	자연녹지지역	토지이용상황	전축사	전창고	1.03
41461	용인시 처인구 원삼면	2026	자연녹지지역	토지이용상황	전축사	전축사	1
41461	용인시 처인구 원삼면	2026	자연녹지지역	토지이용상황	전축사	답	0.79
41461	용인시 처인구 원삼면	2026	자연녹지지역	토지이용상황	전축사	답창고	0.92
41461	용인시 처인구 원삼면	2026	자연녹지지역	토지이용상황	전축사	답축사	0.9
41461	용인시 처인구 원삼면	2026	자연녹지지역	토지이용상황	전축사	임야	0.52
41461	용인시 처인구 원삼면	2026	자연녹지지역	토지이용상황	답	주거용	2.04
41461	용인시 처인구 원삼면	2026	자연녹지지역	토지이용상황	답	상업업무	2.69
41461	용인시 처인구 원삼면	2026	자연녹지지역	토지이용상황	답	주상복합	2.51
41461	용인시 처인구 원삼면	2026	자연녹지지역	토지이용상황	답	공업용	2.06
41461	용인시 처인구 원삼면	2026	자연녹지지역	토지이용상황	답	태양광	1.61
41461	용인시 처인구 원삼면	2026	자연녹지지역	토지이용상황	답	전	1.04
41461	용인시 처인구 원삼면	2026	자연녹지지역	토지이용상황	답	전창고	1.31
41461	용인시 처인구 원삼면	2026	자연녹지지역	토지이용상황	답	전축사	1.27
41461	용인시 처인구 원삼면	2026	자연녹지지역	토지이용상황	답	답	1
41461	용인시 처인구 원삼면	2026	자연녹지지역	토지이용상황	답	답창고	1.16
41461	용인시 처인구 원삼면	2026	자연녹지지역	토지이용상황	답	답축사	1.14
41461	용인시 처인구 원삼면	2026	자연녹지지역	토지이용상황	답	임야	0.65
41461	용인시 처인구 원삼면	2026	자연녹지지역	토지이용상황	답창고	주거용	1.75
41461	용인시 처인구 원삼면	2026	자연녹지지역	토지이용상황	답창고	상업업무	2.32
41461	용인시 처인구 원삼면	2026	자연녹지지역	토지이용상황	답창고	주상복합	2.16
41461	용인시 처인구 원삼면	2026	자연녹지지역	토지이용상황	답창고	공업용	1.77
41461	용인시 처인구 원삼면	2026	자연녹지지역	토지이용상황	답창고	태양광	1.39
41461	용인시 처인구 원삼면	2026	자연녹지지역	토지이용상황	답창고	전	0.89
41461	용인시 처인구 원삼면	2026	자연녹지지역	토지이용상황	답창고	전창고	1.12
41461	용인시 처인구 원삼면	2026	자연녹지지역	토지이용상황	답창고	전축사	1.09
41461	용인시 처인구 원삼면	2026	자연녹지지역	토지이용상황	답창고	답	0.86
41461	용인시 처인구 원삼면	2026	자연녹지지역	토지이용상황	답창고	답창고	1
41461	용인시 처인구 원삼면	2026	자연녹지지역	토지이용상황	답창고	답축사	0.98
41461	용인시 처인구 원삼면	2026	자연녹지지역	토지이용상황	답창고	임야	0.56
41461	용인시 처인구 원삼면	2026	자연녹지지역	토지이용상황	답축사	주거용	1.79
41461	용인시 처인구 원삼면	2026	자연녹지지역	토지이용상황	답축사	상업업무	2.36
41461	용인시 처인구 원삼면	2026	자연녹지지역	토지이용상황	답축사	주상복합	2.2
41461	용인시 처인구 원삼면	2026	자연녹지지역	토지이용상황	답축사	공업용	1.8
41461	용인시 처인구 원삼면	2026	자연녹지지역	토지이용상황	답축사	태양광	1.41
41461	용인시 처인구 원삼면	2026	자연녹지지역	토지이용상황	답축사	전	0.91
41461	용인시 처인구 원삼면	2026	자연녹지지역	토지이용상황	답축사	전창고	1.14
41461	용인시 처인구 원삼면	2026	자연녹지지역	토지이용상황	답축사	전축사	1.11
41461	용인시 처인구 원삼면	2026	자연녹지지역	토지이용상황	답축사	답	0.88
41461	용인시 처인구 원삼면	2026	자연녹지지역	토지이용상황	답축사	답창고	1.02
41461	용인시 처인구 원삼면	2026	자연녹지지역	토지이용상황	답축사	답축사	1
41461	용인시 처인구 원삼면	2026	자연녹지지역	토지이용상황	답축사	임야	0.57
41461	용인시 처인구 원삼면	2026	자연녹지지역	토지이용상황	임야	주거용	3.13
41461	용인시 처인구 원삼면	2026	자연녹지지역	토지이용상황	임야	상업업무	4.13
41461	용인시 처인구 원삼면	2026	자연녹지지역	토지이용상황	임야	주상복합	3.84
41461	용인시 처인구 원삼면	2026	자연녹지지역	토지이용상황	임야	공업용	3.16
41461	용인시 처인구 원삼면	2026	자연녹지지역	토지이용상황	임야	태양광	2.47
41461	용인시 처인구 원삼면	2026	자연녹지지역	토지이용상황	임야	전	1.59
41461	용인시 처인구 원삼면	2026	자연녹지지역	토지이용상황	임야	전창고	2
41461	용인시 처인구 원삼면	2026	자연녹지지역	토지이용상황	임야	전축사	1.94
41461	용인시 처인구 원삼면	2026	자연녹지지역	토지이용상황	임야	답	1.53
41461	용인시 처인구 원삼면	2026	자연녹지지역	토지이용상황	임야	답창고	1.78
41461	용인시 처인구 원삼면	2026	자연녹지지역	토지이용상황	임야	답축사	1.75
41461	용인시 처인구 원삼면	2026	자연녹지지역	토지이용상황	임야	임야	1
41461	용인시 처인구 원삼면	2026	자연녹지지역	공공용지	일반	일반	1
41461	용인시 처인구 원삼면	2026	자연녹지지역	공공용지	일반	도로	0.33
41461	용인시 처인구 원삼면	2026	자연녹지지역	공공용지	일반	공원	0.33
41461	용인시 처인구 원삼면	2026	자연녹지지역	공공용지	일반	운동장	0.7
41461	용인시 처인구 원삼면	2026	자연녹지지역	공공용지	일반	하천	0.33
41461	용인시 처인구 원삼면	2026	자연녹지지역	공공용지	일반	혐오	0.33
41461	용인시 처인구 원삼면	2026	자연녹지지역	공공용지	일반	위험	0.7
41461	용인시 처인구 원삼면	2026	자연녹지지역	공공용지	일반	도축장	0.7
41461	용인시 처인구 원삼면	2026	자연녹지지역	공공용지	도로	일반	3.03
41461	용인시 처인구 원삼면	2026	자연녹지지역	공공용지	도로	도로	1
41461	용인시 처인구 원삼면	2026	자연녹지지역	공공용지	도로	공원	1
41461	용인시 처인구 원삼면	2026	자연녹지지역	공공용지	도로	운동장	2.12
41461	용인시 처인구 원삼면	2026	자연녹지지역	공공용지	도로	하천	1
41461	용인시 처인구 원삼면	2026	자연녹지지역	공공용지	도로	혐오	1
41461	용인시 처인구 원삼면	2026	자연녹지지역	공공용지	도로	위험	2.12
41461	용인시 처인구 원삼면	2026	자연녹지지역	공공용지	도로	도축장	2.12
41461	용인시 처인구 원삼면	2026	자연녹지지역	공공용지	공원	일반	3.03
41461	용인시 처인구 원삼면	2026	자연녹지지역	공공용지	공원	도로	1
41461	용인시 처인구 원삼면	2026	자연녹지지역	공공용지	공원	공원	1
41461	용인시 처인구 원삼면	2026	자연녹지지역	공공용지	공원	운동장	2.12
41461	용인시 처인구 원삼면	2026	자연녹지지역	공공용지	공원	하천	1
41461	용인시 처인구 원삼면	2026	자연녹지지역	공공용지	공원	혐오	1
41461	용인시 처인구 원삼면	2026	자연녹지지역	공공용지	공원	위험	2.12
41461	용인시 처인구 원삼면	2026	자연녹지지역	공공용지	공원	도축장	2.12
41461	용인시 처인구 원삼면	2026	자연녹지지역	공공용지	운동장	일반	1.43
41461	용인시 처인구 원삼면	2026	자연녹지지역	공공용지	운동장	도로	0.47
41461	용인시 처인구 원삼면	2026	자연녹지지역	공공용지	운동장	공원	0.47
41461	용인시 처인구 원삼면	2026	자연녹지지역	공공용지	운동장	운동장	1
41461	용인시 처인구 원삼면	2026	자연녹지지역	공공용지	운동장	하천	0.47
41461	용인시 처인구 원삼면	2026	자연녹지지역	공공용지	운동장	혐오	0.47
41461	용인시 처인구 원삼면	2026	자연녹지지역	공공용지	운동장	위험	1
41461	용인시 처인구 원삼면	2026	자연녹지지역	공공용지	운동장	도축장	1
41461	용인시 처인구 원삼면	2026	자연녹지지역	공공용지	하천	일반	3.03
41461	용인시 처인구 원삼면	2026	자연녹지지역	공공용지	하천	도로	1
41461	용인시 처인구 원삼면	2026	자연녹지지역	공공용지	하천	공원	1
41461	용인시 처인구 원삼면	2026	자연녹지지역	공공용지	하천	운동장	2.12
41461	용인시 처인구 원삼면	2026	자연녹지지역	공공용지	하천	하천	1
41461	용인시 처인구 원삼면	2026	자연녹지지역	공공용지	하천	혐오	1
41461	용인시 처인구 원삼면	2026	자연녹지지역	공공용지	하천	위험	2.12
41461	용인시 처인구 원삼면	2026	자연녹지지역	공공용지	하천	도축장	2.12
41461	용인시 처인구 원삼면	2026	자연녹지지역	공공용지	혐오	일반	3.03
41461	용인시 처인구 원삼면	2026	자연녹지지역	공공용지	혐오	도로	1
41461	용인시 처인구 원삼면	2026	자연녹지지역	공공용지	혐오	공원	1
41461	용인시 처인구 원삼면	2026	자연녹지지역	공공용지	혐오	운동장	2.12
41461	용인시 처인구 원삼면	2026	자연녹지지역	공공용지	혐오	하천	1
41461	용인시 처인구 원삼면	2026	자연녹지지역	공공용지	혐오	혐오	1
41461	용인시 처인구 원삼면	2026	자연녹지지역	공공용지	혐오	위험	2.12
41461	용인시 처인구 원삼면	2026	자연녹지지역	공공용지	혐오	도축장	2.12
41461	용인시 처인구 원삼면	2026	자연녹지지역	공공용지	위험	일반	1.43
41461	용인시 처인구 원삼면	2026	자연녹지지역	공공용지	위험	도로	0.47
41461	용인시 처인구 원삼면	2026	자연녹지지역	공공용지	위험	공원	0.47
41461	용인시 처인구 원삼면	2026	자연녹지지역	공공용지	위험	운동장	1
41461	용인시 처인구 원삼면	2026	자연녹지지역	공공용지	위험	하천	0.47
41461	용인시 처인구 원삼면	2026	자연녹지지역	공공용지	위험	혐오	0.47
41461	용인시 처인구 원삼면	2026	자연녹지지역	공공용지	위험	위험	1
41461	용인시 처인구 원삼면	2026	자연녹지지역	공공용지	위험	도축장	1
41461	용인시 처인구 원삼면	2026	자연녹지지역	공공용지	도축장	일반	1.43
41461	용인시 처인구 원삼면	2026	자연녹지지역	공공용지	도축장	도로	0.47
41461	용인시 처인구 원삼면	2026	자연녹지지역	공공용지	도축장	공원	0.47
41461	용인시 처인구 원삼면	2026	자연녹지지역	공공용지	도축장	운동장	1
41461	용인시 처인구 원삼면	2026	자연녹지지역	공공용지	도축장	하천	0.47
41461	용인시 처인구 원삼면	2026	자연녹지지역	공공용지	도축장	혐오	0.47
41461	용인시 처인구 원삼면	2026	자연녹지지역	공공용지	도축장	위험	1
41461	용인시 처인구 원삼면	2026	자연녹지지역	공공용지	도축장	도축장	1
41461	용인시 처인구 원삼면	2026	자연녹지지역	고저	저지	저지	1
41461	용인시 처인구 원삼면	2026	자연녹지지역	고저	저지	평지	1.04
41461	용인시 처인구 원삼면	2026	자연녹지지역	고저	저지	완경사	0.93
41461	용인시 처인구 원삼면	2026	자연녹지지역	고저	저지	급경사	0.76
41461	용인시 처인구 원삼면	2026	자연녹지지역	고저	저지	고지	0.74
41461	용인시 처인구 원삼면	2026	자연녹지지역	고저	평지	저지	0.96
41461	용인시 처인구 원삼면	2026	자연녹지지역	고저	평지	평지	1
41461	용인시 처인구 원삼면	2026	자연녹지지역	고저	평지	완경사	0.89
41461	용인시 처인구 원삼면	2026	자연녹지지역	고저	평지	급경사	0.73
41461	용인시 처인구 원삼면	2026	자연녹지지역	고저	평지	고지	0.71
41461	용인시 처인구 원삼면	2026	자연녹지지역	고저	완경사	저지	1.08
41461	용인시 처인구 원삼면	2026	자연녹지지역	고저	완경사	평지	1.12
41461	용인시 처인구 원삼면	2026	자연녹지지역	고저	완경사	완경사	1
41461	용인시 처인구 원삼면	2026	자연녹지지역	고저	완경사	급경사	0.82
41461	용인시 처인구 원삼면	2026	자연녹지지역	고저	완경사	고지	0.8
41461	용인시 처인구 원삼면	2026	자연녹지지역	고저	급경사	저지	1.32
41461	용인시 처인구 원삼면	2026	자연녹지지역	고저	급경사	평지	1.37
41461	용인시 처인구 원삼면	2026	자연녹지지역	고저	급경사	완경사	1.22
41461	용인시 처인구 원삼면	2026	자연녹지지역	고저	급경사	급경사	1
41461	용인시 처인구 원삼면	2026	자연녹지지역	고저	급경사	고지	0.97
41461	용인시 처인구 원삼면	2026	자연녹지지역	고저	고지	저지	1.35
41461	용인시 처인구 원삼면	2026	자연녹지지역	고저	고지	평지	1.41
41461	용인시 처인구 원삼면	2026	자연녹지지역	고저	고지	완경사	1.26
41461	용인시 처인구 원삼면	2026	자연녹지지역	고저	고지	급경사	1.03
41461	용인시 처인구 원삼면	2026	자연녹지지역	고저	고지	고지	1
41461	용인시 처인구 원삼면	2026	자연녹지지역	형상(주거.공업)	정방형	정방형	1
41461	용인시 처인구 원삼면	2026	자연녹지지역	형상(주거.공업)	정방형	장방형	0.99
41461	용인시 처인구 원삼면	2026	자연녹지지역	형상(주거.공업)	정방형	사다리	0.97
41461	용인시 처인구 원삼면	2026	자연녹지지역	형상(주거.공업)	정방형	부정형	0.94
41461	용인시 처인구 원삼면	2026	자연녹지지역	형상(주거.공업)	정방형	자루형	0.93
41461	용인시 처인구 원삼면	2026	자연녹지지역	형상(주거.공업)	장방형	정방형	1.01
41461	용인시 처인구 원삼면	2026	자연녹지지역	형상(주거.공업)	장방형	장방형	1
41461	용인시 처인구 원삼면	2026	자연녹지지역	형상(주거.공업)	장방형	사다리	0.98
41461	용인시 처인구 원삼면	2026	자연녹지지역	형상(주거.공업)	장방형	부정형	0.95
41461	용인시 처인구 원삼면	2026	자연녹지지역	형상(주거.공업)	장방형	자루형	0.94
41461	용인시 처인구 원삼면	2026	자연녹지지역	형상(주거.공업)	사다리	정방형	1.03
41461	용인시 처인구 원삼면	2026	자연녹지지역	형상(주거.공업)	사다리	장방형	1.02
41461	용인시 처인구 원삼면	2026	자연녹지지역	형상(주거.공업)	사다리	사다리	1
41461	용인시 처인구 원삼면	2026	자연녹지지역	형상(주거.공업)	사다리	부정형	0.97
41461	용인시 처인구 원삼면	2026	자연녹지지역	형상(주거.공업)	사다리	자루형	0.96
41461	용인시 처인구 원삼면	2026	자연녹지지역	형상(주거.공업)	부정형	정방형	1.06
41461	용인시 처인구 원삼면	2026	자연녹지지역	형상(주거.공업)	부정형	장방형	1.05
41461	용인시 처인구 원삼면	2026	자연녹지지역	형상(주거.공업)	부정형	사다리	1.03
41461	용인시 처인구 원삼면	2026	자연녹지지역	형상(주거.공업)	부정형	부정형	1
41461	용인시 처인구 원삼면	2026	자연녹지지역	형상(주거.공업)	부정형	자루형	0.99
41461	용인시 처인구 원삼면	2026	자연녹지지역	형상(주거.공업)	자루형	정방형	1.08
41461	용인시 처인구 원삼면	2026	자연녹지지역	형상(주거.공업)	자루형	장방형	1.06
41461	용인시 처인구 원삼면	2026	자연녹지지역	형상(주거.공업)	자루형	사다리	1.04
41461	용인시 처인구 원삼면	2026	자연녹지지역	형상(주거.공업)	자루형	부정형	1.01
41461	용인시 처인구 원삼면	2026	자연녹지지역	형상(주거.공업)	자루형	자루형	1
41461	용인시 처인구 원삼면	2026	자연녹지지역	형상(상업.주상)	정방형	정방형	1
41461	용인시 처인구 원삼면	2026	자연녹지지역	형상(상업.주상)	정방형	가장형	1.02
41461	용인시 처인구 원삼면	2026	자연녹지지역	형상(상업.주상)	정방형	세장형	0.99
41461	용인시 처인구 원삼면	2026	자연녹지지역	형상(상업.주상)	정방형	사다리	0.98
41461	용인시 처인구 원삼면	2026	자연녹지지역	형상(상업.주상)	정방형	부정형	0.95
41461	용인시 처인구 원삼면	2026	자연녹지지역	형상(상업.주상)	정방형	자루형	0.94
41461	용인시 처인구 원삼면	2026	자연녹지지역	형상(상업.주상)	가장형	정방형	0.98
41461	용인시 처인구 원삼면	2026	자연녹지지역	형상(상업.주상)	가장형	가장형	1
41461	용인시 처인구 원삼면	2026	자연녹지지역	형상(상업.주상)	가장형	세장형	0.97
41461	용인시 처인구 원삼면	2026	자연녹지지역	형상(상업.주상)	가장형	사다리	0.96
41461	용인시 처인구 원삼면	2026	자연녹지지역	형상(상업.주상)	가장형	부정형	0.93
41461	용인시 처인구 원삼면	2026	자연녹지지역	형상(상업.주상)	가장형	자루형	0.92
41461	용인시 처인구 원삼면	2026	자연녹지지역	형상(상업.주상)	세장형	정방형	1.01
41461	용인시 처인구 원삼면	2026	자연녹지지역	형상(상업.주상)	세장형	가장형	1.03
41461	용인시 처인구 원삼면	2026	자연녹지지역	형상(상업.주상)	세장형	세장형	1
41461	용인시 처인구 원삼면	2026	자연녹지지역	형상(상업.주상)	세장형	사다리	0.99
41461	용인시 처인구 원삼면	2026	자연녹지지역	형상(상업.주상)	세장형	부정형	0.96
41461	용인시 처인구 원삼면	2026	자연녹지지역	형상(상업.주상)	세장형	자루형	0.95
41461	용인시 처인구 원삼면	2026	자연녹지지역	형상(상업.주상)	사다리	정방형	1.02
41461	용인시 처인구 원삼면	2026	자연녹지지역	형상(상업.주상)	사다리	가장형	1.04
41461	용인시 처인구 원삼면	2026	자연녹지지역	형상(상업.주상)	사다리	세장형	1.01
41461	용인시 처인구 원삼면	2026	자연녹지지역	형상(상업.주상)	사다리	사다리	1
41461	용인시 처인구 원삼면	2026	자연녹지지역	형상(상업.주상)	사다리	부정형	0.97
41461	용인시 처인구 원삼면	2026	자연녹지지역	형상(상업.주상)	사다리	자루형	0.96
41461	용인시 처인구 원삼면	2026	자연녹지지역	형상(상업.주상)	부정형	정방형	1.05
41461	용인시 처인구 원삼면	2026	자연녹지지역	형상(상업.주상)	부정형	가장형	1.07
41461	용인시 처인구 원삼면	2026	자연녹지지역	형상(상업.주상)	부정형	세장형	1.04
41461	용인시 처인구 원삼면	2026	자연녹지지역	형상(상업.주상)	부정형	사다리	1.03
41461	용인시 처인구 원삼면	2026	자연녹지지역	형상(상업.주상)	부정형	부정형	1
41461	용인시 처인구 원삼면	2026	자연녹지지역	형상(상업.주상)	부정형	자루형	0.99
41461	용인시 처인구 원삼면	2026	자연녹지지역	형상(상업.주상)	자루형	정방형	1.06
41461	용인시 처인구 원삼면	2026	자연녹지지역	형상(상업.주상)	자루형	가장형	1.09
41461	용인시 처인구 원삼면	2026	자연녹지지역	형상(상업.주상)	자루형	세장형	1.05
41461	용인시 처인구 원삼면	2026	자연녹지지역	형상(상업.주상)	자루형	사다리	1.04
41461	용인시 처인구 원삼면	2026	자연녹지지역	형상(상업.주상)	자루형	부정형	1.01
41461	용인시 처인구 원삼면	2026	자연녹지지역	형상(상업.주상)	자루형	자루형	1
41461	용인시 처인구 원삼면	2026	자연녹지지역	방위	남향	남향	1
41461	용인시 처인구 원삼면	2026	자연녹지지역	방위	남향	동향	0.99
41461	용인시 처인구 원삼면	2026	자연녹지지역	방위	남향	서향	0.99
41461	용인시 처인구 원삼면	2026	자연녹지지역	방위	남향	북향	0.98
41461	용인시 처인구 원삼면	2026	자연녹지지역	방위	동향	남향	1.01
41461	용인시 처인구 원삼면	2026	자연녹지지역	방위	동향	동향	1
41461	용인시 처인구 원삼면	2026	자연녹지지역	방위	동향	서향	1
41461	용인시 처인구 원삼면	2026	자연녹지지역	방위	동향	북향	0.99
41461	용인시 처인구 원삼면	2026	자연녹지지역	방위	서향	남향	1.01
41461	용인시 처인구 원삼면	2026	자연녹지지역	방위	서향	동향	1
41461	용인시 처인구 원삼면	2026	자연녹지지역	방위	서향	서향	1
41461	용인시 처인구 원삼면	2026	자연녹지지역	방위	서향	북향	0.99
41461	용인시 처인구 원삼면	2026	자연녹지지역	방위	북향	남향	1.02
41461	용인시 처인구 원삼면	2026	자연녹지지역	방위	북향	동향	1.01
41461	용인시 처인구 원삼면	2026	자연녹지지역	방위	북향	서향	1.01
41461	용인시 처인구 원삼면	2026	자연녹지지역	방위	북향	북향	1
41461	용인시 처인구 원삼면	2026	자연녹지지역	도로접면	광대한면	광대한면	1
41461	용인시 처인구 원삼면	2026	자연녹지지역	도로접면	광대한면	광대소각	1.08
41461	용인시 처인구 원삼면	2026	자연녹지지역	도로접면	광대한면	광대세각	1.05
41461	용인시 처인구 원삼면	2026	자연녹지지역	도로접면	광대한면	중로한면	0.94
41461	용인시 처인구 원삼면	2026	자연녹지지역	도로접면	광대한면	중로각지	0.96
41461	용인시 처인구 원삼면	2026	자연녹지지역	도로접면	광대한면	소로한면	0.89
41461	용인시 처인구 원삼면	2026	자연녹지지역	도로접면	광대한면	소로각지	0.93
41461	용인시 처인구 원삼면	2026	자연녹지지역	도로접면	광대한면	세로(가)	0.79
41461	용인시 처인구 원삼면	2026	자연녹지지역	도로접면	광대한면	세각(가)	0.87
41461	용인시 처인구 원삼면	2026	자연녹지지역	도로접면	광대한면	세로(불)	0.66
41461	용인시 처인구 원삼면	2026	자연녹지지역	도로접면	광대한면	세각(불)	0.68
41461	용인시 처인구 원삼면	2026	자연녹지지역	도로접면	광대한면	맹지	0.63
41461	용인시 처인구 원삼면	2026	자연녹지지역	도로접면	광대소각	광대한면	0.93
41461	용인시 처인구 원삼면	2026	자연녹지지역	도로접면	광대소각	광대소각	1
41461	용인시 처인구 원삼면	2026	자연녹지지역	도로접면	광대소각	광대세각	0.97
41461	용인시 처인구 원삼면	2026	자연녹지지역	도로접면	광대소각	중로한면	0.87
41461	용인시 처인구 원삼면	2026	자연녹지지역	도로접면	광대소각	중로각지	0.89
41461	용인시 처인구 원삼면	2026	자연녹지지역	도로접면	광대소각	소로한면	0.82
41461	용인시 처인구 원삼면	2026	자연녹지지역	도로접면	광대소각	소로각지	0.86
41461	용인시 처인구 원삼면	2026	자연녹지지역	도로접면	광대소각	세로(가)	0.73
41461	용인시 처인구 원삼면	2026	자연녹지지역	도로접면	광대소각	세각(가)	0.81
41461	용인시 처인구 원삼면	2026	자연녹지지역	도로접면	광대소각	세로(불)	0.61
41461	용인시 처인구 원삼면	2026	자연녹지지역	도로접면	광대소각	세각(불)	0.63
41461	용인시 처인구 원삼면	2026	자연녹지지역	도로접면	광대소각	맹지	0.58
41461	용인시 처인구 원삼면	2026	자연녹지지역	도로접면	광대세각	광대한면	0.95
41461	용인시 처인구 원삼면	2026	자연녹지지역	도로접면	광대세각	광대소각	1.03
41461	용인시 처인구 원삼면	2026	자연녹지지역	도로접면	광대세각	광대세각	1
41461	용인시 처인구 원삼면	2026	자연녹지지역	도로접면	광대세각	중로한면	0.9
41461	용인시 처인구 원삼면	2026	자연녹지지역	도로접면	광대세각	중로각지	0.91
41461	용인시 처인구 원삼면	2026	자연녹지지역	도로접면	광대세각	소로한면	0.85
41461	용인시 처인구 원삼면	2026	자연녹지지역	도로접면	광대세각	소로각지	0.89
41461	용인시 처인구 원삼면	2026	자연녹지지역	도로접면	광대세각	세로(가)	0.75
41461	용인시 처인구 원삼면	2026	자연녹지지역	도로접면	광대세각	세각(가)	0.83
41461	용인시 처인구 원삼면	2026	자연녹지지역	도로접면	광대세각	세로(불)	0.63
41461	용인시 처인구 원삼면	2026	자연녹지지역	도로접면	광대세각	세각(불)	0.65
41461	용인시 처인구 원삼면	2026	자연녹지지역	도로접면	광대세각	맹지	0.6
41461	용인시 처인구 원삼면	2026	자연녹지지역	도로접면	중로한면	광대한면	1.06
41461	용인시 처인구 원삼면	2026	자연녹지지역	도로접면	중로한면	광대소각	1.15
41461	용인시 처인구 원삼면	2026	자연녹지지역	도로접면	중로한면	광대세각	1.12
41461	용인시 처인구 원삼면	2026	자연녹지지역	도로접면	중로한면	중로한면	1
41461	용인시 처인구 원삼면	2026	자연녹지지역	도로접면	중로한면	중로각지	1.02
41461	용인시 처인구 원삼면	2026	자연녹지지역	도로접면	중로한면	소로한면	0.95
41461	용인시 처인구 원삼면	2026	자연녹지지역	도로접면	중로한면	소로각지	0.99
41461	용인시 처인구 원삼면	2026	자연녹지지역	도로접면	중로한면	세로(가)	0.84
41461	용인시 처인구 원삼면	2026	자연녹지지역	도로접면	중로한면	세각(가)	0.93
41461	용인시 처인구 원삼면	2026	자연녹지지역	도로접면	중로한면	세로(불)	0.7
41461	용인시 처인구 원삼면	2026	자연녹지지역	도로접면	중로한면	세각(불)	0.72
41461	용인시 처인구 원삼면	2026	자연녹지지역	도로접면	중로한면	맹지	0.67
41461	용인시 처인구 원삼면	2026	자연녹지지역	도로접면	중로각지	광대한면	1.04
41461	용인시 처인구 원삼면	2026	자연녹지지역	도로접면	중로각지	광대소각	1.13
41461	용인시 처인구 원삼면	2026	자연녹지지역	도로접면	중로각지	광대세각	1.09
41461	용인시 처인구 원삼면	2026	자연녹지지역	도로접면	중로각지	중로한면	0.98
41461	용인시 처인구 원삼면	2026	자연녹지지역	도로접면	중로각지	중로각지	1
41461	용인시 처인구 원삼면	2026	자연녹지지역	도로접면	중로각지	소로한면	0.93
41461	용인시 처인구 원삼면	2026	자연녹지지역	도로접면	중로각지	소로각지	0.97
41461	용인시 처인구 원삼면	2026	자연녹지지역	도로접면	중로각지	세로(가)	0.82
41461	용인시 처인구 원삼면	2026	자연녹지지역	도로접면	중로각지	세각(가)	0.91
41461	용인시 처인구 원삼면	2026	자연녹지지역	도로접면	중로각지	세로(불)	0.69
41461	용인시 처인구 원삼면	2026	자연녹지지역	도로접면	중로각지	세각(불)	0.71
41461	용인시 처인구 원삼면	2026	자연녹지지역	도로접면	중로각지	맹지	0.66
41461	용인시 처인구 원삼면	2026	자연녹지지역	도로접면	소로한면	광대한면	1.12
41461	용인시 처인구 원삼면	2026	자연녹지지역	도로접면	소로한면	광대소각	1.21
41461	용인시 처인구 원삼면	2026	자연녹지지역	도로접면	소로한면	광대세각	1.18
41461	용인시 처인구 원삼면	2026	자연녹지지역	도로접면	소로한면	중로한면	1.06
41461	용인시 처인구 원삼면	2026	자연녹지지역	도로접면	소로한면	중로각지	1.08
41461	용인시 처인구 원삼면	2026	자연녹지지역	도로접면	소로한면	소로한면	1
41461	용인시 처인구 원삼면	2026	자연녹지지역	도로접면	소로한면	소로각지	1.04
41461	용인시 처인구 원삼면	2026	자연녹지지역	도로접면	소로한면	세로(가)	0.89
41461	용인시 처인구 원삼면	2026	자연녹지지역	도로접면	소로한면	세각(가)	0.98
41461	용인시 처인구 원삼면	2026	자연녹지지역	도로접면	소로한면	세로(불)	0.74
41461	용인시 처인구 원삼면	2026	자연녹지지역	도로접면	소로한면	세각(불)	0.76
41461	용인시 처인구 원삼면	2026	자연녹지지역	도로접면	소로한면	맹지	0.71
41461	용인시 처인구 원삼면	2026	자연녹지지역	도로접면	소로각지	광대한면	1.08
41461	용인시 처인구 원삼면	2026	자연녹지지역	도로접면	소로각지	광대소각	1.16
41461	용인시 처인구 원삼면	2026	자연녹지지역	도로접면	소로각지	광대세각	1.13
41461	용인시 처인구 원삼면	2026	자연녹지지역	도로접면	소로각지	중로한면	1.01
41461	용인시 처인구 원삼면	2026	자연녹지지역	도로접면	소로각지	중로각지	1.03
41461	용인시 처인구 원삼면	2026	자연녹지지역	도로접면	소로각지	소로한면	0.96
41461	용인시 처인구 원삼면	2026	자연녹지지역	도로접면	소로각지	소로각지	1
41461	용인시 처인구 원삼면	2026	자연녹지지역	도로접면	소로각지	세로(가)	0.85
41461	용인시 처인구 원삼면	2026	자연녹지지역	도로접면	소로각지	세각(가)	0.94
41461	용인시 처인구 원삼면	2026	자연녹지지역	도로접면	소로각지	세로(불)	0.71
41461	용인시 처인구 원삼면	2026	자연녹지지역	도로접면	소로각지	세각(불)	0.73
41461	용인시 처인구 원삼면	2026	자연녹지지역	도로접면	소로각지	맹지	0.68
41461	용인시 처인구 원삼면	2026	자연녹지지역	도로접면	세로(가)	광대한면	1.27
41461	용인시 처인구 원삼면	2026	자연녹지지역	도로접면	세로(가)	광대소각	1.37
41461	용인시 처인구 원삼면	2026	자연녹지지역	도로접면	세로(가)	광대세각	1.33
41461	용인시 처인구 원삼면	2026	자연녹지지역	도로접면	세로(가)	중로한면	1.19
41461	용인시 처인구 원삼면	2026	자연녹지지역	도로접면	세로(가)	중로각지	1.22
41461	용인시 처인구 원삼면	2026	자연녹지지역	도로접면	세로(가)	소로한면	1.13
41461	용인시 처인구 원삼면	2026	자연녹지지역	도로접면	세로(가)	소로각지	1.18
41461	용인시 처인구 원삼면	2026	자연녹지지역	도로접면	세로(가)	세로(가)	1
41461	용인시 처인구 원삼면	2026	자연녹지지역	도로접면	세로(가)	세각(가)	1.1
41461	용인시 처인구 원삼면	2026	자연녹지지역	도로접면	세로(가)	세로(불)	0.84
41461	용인시 처인구 원삼면	2026	자연녹지지역	도로접면	세로(가)	세각(불)	0.86
41461	용인시 처인구 원삼면	2026	자연녹지지역	도로접면	세로(가)	맹지	0.8
41461	용인시 처인구 원삼면	2026	자연녹지지역	도로접면	세각(가)	광대한면	1.15
41461	용인시 처인구 원삼면	2026	자연녹지지역	도로접면	세각(가)	광대소각	1.24
41461	용인시 처인구 원삼면	2026	자연녹지지역	도로접면	세각(가)	광대세각	1.21
41461	용인시 처인구 원삼면	2026	자연녹지지역	도로접면	세각(가)	중로한면	1.08
41461	용인시 처인구 원삼면	2026	자연녹지지역	도로접면	세각(가)	중로각지	1.1
41461	용인시 처인구 원삼면	2026	자연녹지지역	도로접면	세각(가)	소로한면	1.02
41461	용인시 처인구 원삼면	2026	자연녹지지역	도로접면	세각(가)	소로각지	1.07
41461	용인시 처인구 원삼면	2026	자연녹지지역	도로접면	세각(가)	세로(가)	0.91
41461	용인시 처인구 원삼면	2026	자연녹지지역	도로접면	세각(가)	세각(가)	1
41461	용인시 처인구 원삼면	2026	자연녹지지역	도로접면	세각(가)	세로(불)	0.76
41461	용인시 처인구 원삼면	2026	자연녹지지역	도로접면	세각(가)	세각(불)	0.78
41461	용인시 처인구 원삼면	2026	자연녹지지역	도로접면	세각(가)	맹지	0.72
41461	용인시 처인구 원삼면	2026	자연녹지지역	도로접면	세로(불)	광대한면	1.52
41461	용인시 처인구 원삼면	2026	자연녹지지역	도로접면	세로(불)	광대소각	1.64
41461	용인시 처인구 원삼면	2026	자연녹지지역	도로접면	세로(불)	광대세각	1.59
41461	용인시 처인구 원삼면	2026	자연녹지지역	도로접면	세로(불)	중로한면	1.42
41461	용인시 처인구 원삼면	2026	자연녹지지역	도로접면	세로(불)	중로각지	1.45
41461	용인시 처인구 원삼면	2026	자연녹지지역	도로접면	세로(불)	소로한면	1.35
41461	용인시 처인구 원삼면	2026	자연녹지지역	도로접면	세로(불)	소로각지	1.41
41461	용인시 처인구 원삼면	2026	자연녹지지역	도로접면	세로(불)	세로(가)	1.2
41461	용인시 처인구 원삼면	2026	자연녹지지역	도로접면	세로(불)	세각(가)	1.32
41461	용인시 처인구 원삼면	2026	자연녹지지역	도로접면	세로(불)	세로(불)	1
41461	용인시 처인구 원삼면	2026	자연녹지지역	도로접면	세로(불)	세각(불)	1.03
41461	용인시 처인구 원삼면	2026	자연녹지지역	도로접면	세로(불)	맹지	0.95
41461	용인시 처인구 원삼면	2026	자연녹지지역	도로접면	세각(불)	광대한면	1.47
41461	용인시 처인구 원삼면	2026	자연녹지지역	도로접면	세각(불)	광대소각	1.59
41461	용인시 처인구 원삼면	2026	자연녹지지역	도로접면	세각(불)	광대세각	1.54
41461	용인시 처인구 원삼면	2026	자연녹지지역	도로접면	세각(불)	중로한면	1.38
41461	용인시 처인구 원삼면	2026	자연녹지지역	도로접면	세각(불)	중로각지	1.41
41461	용인시 처인구 원삼면	2026	자연녹지지역	도로접면	세각(불)	소로한면	1.31
41461	용인시 처인구 원삼면	2026	자연녹지지역	도로접면	세각(불)	소로각지	1.37
41461	용인시 처인구 원삼면	2026	자연녹지지역	도로접면	세각(불)	세로(가)	1.16
41461	용인시 처인구 원삼면	2026	자연녹지지역	도로접면	세각(불)	세각(가)	1.28
41461	용인시 처인구 원삼면	2026	자연녹지지역	도로접면	세각(불)	세로(불)	0.97
41461	용인시 처인구 원삼면	2026	자연녹지지역	도로접면	세각(불)	세각(불)	1
41461	용인시 처인구 원삼면	2026	자연녹지지역	도로접면	세각(불)	맹지	0.93
41461	용인시 처인구 원삼면	2026	자연녹지지역	도로접면	맹지	광대한면	1.59
41461	용인시 처인구 원삼면	2026	자연녹지지역	도로접면	맹지	광대소각	1.71
41461	용인시 처인구 원삼면	2026	자연녹지지역	도로접면	맹지	광대세각	1.67
41461	용인시 처인구 원삼면	2026	자연녹지지역	도로접면	맹지	중로한면	1.49
41461	용인시 처인구 원삼면	2026	자연녹지지역	도로접면	맹지	중로각지	1.52
41461	용인시 처인구 원삼면	2026	자연녹지지역	도로접면	맹지	소로한면	1.41
41461	용인시 처인구 원삼면	2026	자연녹지지역	도로접면	맹지	소로각지	1.48
41461	용인시 처인구 원삼면	2026	자연녹지지역	도로접면	맹지	세로(가)	1.25
41461	용인시 처인구 원삼면	2026	자연녹지지역	도로접면	맹지	세각(가)	1.38
41461	용인시 처인구 원삼면	2026	자연녹지지역	도로접면	맹지	세로(불)	1.05
41461	용인시 처인구 원삼면	2026	자연녹지지역	도로접면	맹지	세각(불)	1.08
41461	용인시 처인구 원삼면	2026	자연녹지지역	도로접면	맹지	맹지	1
41461	용인시 처인구 원삼면	2026	자연녹지지역	철도.고속도로 등	50m내	50m내	1
41461	용인시 처인구 원삼면	2026	자연녹지지역	철도.고속도로 등	50m내	100m내	1.03
41461	용인시 처인구 원삼면	2026	자연녹지지역	철도.고속도로 등	50m내	500m내	1.04
41461	용인시 처인구 원삼면	2026	자연녹지지역	철도.고속도로 등	50m내	해당없음	1.05
41461	용인시 처인구 원삼면	2026	자연녹지지역	철도.고속도로 등	100m내	50m내	0.97
41461	용인시 처인구 원삼면	2026	자연녹지지역	철도.고속도로 등	100m내	100m내	1
41461	용인시 처인구 원삼면	2026	자연녹지지역	철도.고속도로 등	100m내	500m내	1.01
41461	용인시 처인구 원삼면	2026	자연녹지지역	철도.고속도로 등	100m내	해당없음	1.02
41461	용인시 처인구 원삼면	2026	자연녹지지역	철도.고속도로 등	500m내	50m내	0.96
41461	용인시 처인구 원삼면	2026	자연녹지지역	철도.고속도로 등	500m내	100m내	0.99
41461	용인시 처인구 원삼면	2026	자연녹지지역	철도.고속도로 등	500m내	500m내	1
41461	용인시 처인구 원삼면	2026	자연녹지지역	철도.고속도로 등	500m내	해당없음	1.01
41461	용인시 처인구 원삼면	2026	자연녹지지역	철도.고속도로 등	해당없음	50m내	0.95
41461	용인시 처인구 원삼면	2026	자연녹지지역	철도.고속도로 등	해당없음	100m내	0.98
41461	용인시 처인구 원삼면	2026	자연녹지지역	철도.고속도로 등	해당없음	500m내	0.99
41461	용인시 처인구 원삼면	2026	자연녹지지역	철도.고속도로 등	해당없음	해당없음	1
41461	용인시 처인구 원삼면	2026	자연녹지지역	폐기물.수질오염	50m내	50m내	1
41461	용인시 처인구 원삼면	2026	자연녹지지역	폐기물.수질오염	50m내	100m내	1.05
41461	용인시 처인구 원삼면	2026	자연녹지지역	폐기물.수질오염	50m내	500m내	1.07
41461	용인시 처인구 원삼면	2026	자연녹지지역	폐기물.수질오염	50m내	해당없음	1.08
41461	용인시 처인구 원삼면	2026	자연녹지지역	폐기물.수질오염	100m내	50m내	0.95
41461	용인시 처인구 원삼면	2026	자연녹지지역	폐기물.수질오염	100m내	100m내	1
41461	용인시 처인구 원삼면	2026	자연녹지지역	폐기물.수질오염	100m내	500m내	1.02
41461	용인시 처인구 원삼면	2026	자연녹지지역	폐기물.수질오염	100m내	해당없음	1.03
41461	용인시 처인구 원삼면	2026	자연녹지지역	폐기물.수질오염	500m내	50m내	0.93
41461	용인시 처인구 원삼면	2026	자연녹지지역	폐기물.수질오염	500m내	100m내	0.98
41461	용인시 처인구 원삼면	2026	자연녹지지역	폐기물.수질오염	500m내	500m내	1
41461	용인시 처인구 원삼면	2026	자연녹지지역	폐기물.수질오염	500m내	해당없음	1.01
41461	용인시 처인구 원삼면	2026	자연녹지지역	폐기물.수질오염	해당없음	50m내	0.93
41461	용인시 처인구 원삼면	2026	자연녹지지역	폐기물.수질오염	해당없음	100m내	0.97
41461	용인시 처인구 원삼면	2026	자연녹지지역	폐기물.수질오염	해당없음	500m내	0.99
41461	용인시 처인구 원삼면	2026	자연녹지지역	폐기물.수질오염	해당없음	해당없음	1
41461	용인시 처인구 원삼면	2026	자연녹지지역	변전소	50m내	50m내	1
41461	용인시 처인구 원삼면	2026	자연녹지지역	변전소	50m내	100m내	1.02
41461	용인시 처인구 원삼면	2026	자연녹지지역	변전소	50m내	600m내	1.04
41461	용인시 처인구 원삼면	2026	자연녹지지역	변전소	50m내	해당없음	1.05
41461	용인시 처인구 원삼면	2026	자연녹지지역	변전소	100m내	50m내	0.98
41461	용인시 처인구 원삼면	2026	자연녹지지역	변전소	100m내	100m내	1
41461	용인시 처인구 원삼면	2026	자연녹지지역	변전소	100m내	600m내	1.02
41461	용인시 처인구 원삼면	2026	자연녹지지역	변전소	100m내	해당없음	1.03
41461	용인시 처인구 원삼면	2026	자연녹지지역	변전소	600m내	50m내	0.96
41461	용인시 처인구 원삼면	2026	자연녹지지역	변전소	600m내	100m내	0.98
41461	용인시 처인구 원삼면	2026	자연녹지지역	변전소	600m내	600m내	1
41461	용인시 처인구 원삼면	2026	자연녹지지역	변전소	600m내	해당없음	1.01
41461	용인시 처인구 원삼면	2026	자연녹지지역	변전소	해당없음	50m내	0.95
41461	용인시 처인구 원삼면	2026	자연녹지지역	변전소	해당없음	100m내	0.97
41461	용인시 처인구 원삼면	2026	자연녹지지역	변전소	해당없음	600m내	0.99
41461	용인시 처인구 원삼면	2026	자연녹지지역	변전소	해당없음	해당없음	1
41461	용인시 처인구 원삼면	2026	자연녹지지역	형상(전,답)	정형	정형	1
41461	용인시 처인구 원삼면	2026	자연녹지지역	형상(전,답)	정형	비정형	0.95
41461	용인시 처인구 원삼면	2026	자연녹지지역	형상(전,답)	비정형	정형	1.05
41461	용인시 처인구 원삼면	2026	자연녹지지역	형상(전,답)	비정형	비정형	1
41461	용인시 처인구 원삼면	2026	자연녹지지역	경작여건	보통	보통	1
41461	용인시 처인구 원삼면	2026	자연녹지지역	경작여건	보통	불리	0.7
41461	용인시 처인구 원삼면	2026	자연녹지지역	경작여건	불리	보통	1.43
41461	용인시 처인구 원삼면	2026	자연녹지지역	경작여건	불리	불리	1
41461	용인시 처인구 원삼면	2026	자연녹지지역	묘지소재불리여건	일반	일반	1
41461	용인시 처인구 원삼면	2026	자연녹지지역	묘지소재불리여건	일반	불리	1
41461	용인시 처인구 원삼면	2026	자연녹지지역	묘지소재불리여건	불리	일반	1
41461	용인시 처인구 원삼면	2026	자연녹지지역	묘지소재불리여건	불리	불리	1
41461	용인시 처인구 원삼면	2026	관리지역	지목	전	전	1
41461	용인시 처인구 원삼면	2026	관리지역	지목	전	답	1
41461	용인시 처인구 원삼면	2026	관리지역	지목	전	과	1
41461	용인시 처인구 원삼면	2026	관리지역	지목	전	목	1
41461	용인시 처인구 원삼면	2026	관리지역	지목	전	임	0.92
41461	용인시 처인구 원삼면	2026	관리지역	지목	전	대	1.15
41461	용인시 처인구 원삼면	2026	관리지역	지목	전	장	1.15
41461	용인시 처인구 원삼면	2026	관리지역	지목	전	차	1.11
41461	용인시 처인구 원삼면	2026	관리지역	지목	전	주	1.15
41461	용인시 처인구 원삼면	2026	관리지역	지목	전	창	1.15
41461	용인시 처인구 원삼면	2026	관리지역	지목	전	잡	1.1
41461	용인시 처인구 원삼면	2026	관리지역	지목	답	전	1
41461	용인시 처인구 원삼면	2026	관리지역	지목	답	답	1
41461	용인시 처인구 원삼면	2026	관리지역	지목	답	과	1
41461	용인시 처인구 원삼면	2026	관리지역	지목	답	목	1
41461	용인시 처인구 원삼면	2026	관리지역	지목	답	임	0.92
41461	용인시 처인구 원삼면	2026	관리지역	지목	답	대	1.15
41461	용인시 처인구 원삼면	2026	관리지역	지목	답	장	1.15
41461	용인시 처인구 원삼면	2026	관리지역	지목	답	차	1.11
41461	용인시 처인구 원삼면	2026	관리지역	지목	답	주	1.15
41461	용인시 처인구 원삼면	2026	관리지역	지목	답	창	1.15
41461	용인시 처인구 원삼면	2026	관리지역	지목	답	잡	1.1
41461	용인시 처인구 원삼면	2026	관리지역	지목	과	전	1
41461	용인시 처인구 원삼면	2026	관리지역	지목	과	답	1
41461	용인시 처인구 원삼면	2026	관리지역	지목	과	과	1
41461	용인시 처인구 원삼면	2026	관리지역	지목	과	목	1
41461	용인시 처인구 원삼면	2026	관리지역	지목	과	임	0.92
41461	용인시 처인구 원삼면	2026	관리지역	지목	과	대	1.15
41461	용인시 처인구 원삼면	2026	관리지역	지목	과	장	1.15
41461	용인시 처인구 원삼면	2026	관리지역	지목	과	차	1.11
41461	용인시 처인구 원삼면	2026	관리지역	지목	과	주	1.15
41461	용인시 처인구 원삼면	2026	관리지역	지목	과	창	1.15
41461	용인시 처인구 원삼면	2026	관리지역	지목	과	잡	1.1
41461	용인시 처인구 원삼면	2026	관리지역	지목	목	전	1
41461	용인시 처인구 원삼면	2026	관리지역	지목	목	답	1
41461	용인시 처인구 원삼면	2026	관리지역	지목	목	과	1
41461	용인시 처인구 원삼면	2026	관리지역	지목	목	목	1
41461	용인시 처인구 원삼면	2026	관리지역	지목	목	임	0.92
41461	용인시 처인구 원삼면	2026	관리지역	지목	목	대	1.15
41461	용인시 처인구 원삼면	2026	관리지역	지목	목	장	1.15
41461	용인시 처인구 원삼면	2026	관리지역	지목	목	차	1.11
41461	용인시 처인구 원삼면	2026	관리지역	지목	목	주	1.15
41461	용인시 처인구 원삼면	2026	관리지역	지목	목	창	1.15
41461	용인시 처인구 원삼면	2026	관리지역	지목	목	잡	1.1
41461	용인시 처인구 원삼면	2026	관리지역	지목	임	전	1.09
41461	용인시 처인구 원삼면	2026	관리지역	지목	임	답	1.09
41461	용인시 처인구 원삼면	2026	관리지역	지목	임	과	1.09
41461	용인시 처인구 원삼면	2026	관리지역	지목	임	목	1.09
41461	용인시 처인구 원삼면	2026	관리지역	지목	임	임	1
41461	용인시 처인구 원삼면	2026	관리지역	지목	임	대	1.25
41461	용인시 처인구 원삼면	2026	관리지역	지목	임	장	1.25
41461	용인시 처인구 원삼면	2026	관리지역	지목	임	차	1.21
41461	용인시 처인구 원삼면	2026	관리지역	지목	임	주	1.25
41461	용인시 처인구 원삼면	2026	관리지역	지목	임	창	1.25
41461	용인시 처인구 원삼면	2026	관리지역	지목	임	잡	1.2
41461	용인시 처인구 원삼면	2026	관리지역	지목	대	전	0.87
41461	용인시 처인구 원삼면	2026	관리지역	지목	대	답	0.87
41461	용인시 처인구 원삼면	2026	관리지역	지목	대	과	0.87
41461	용인시 처인구 원삼면	2026	관리지역	지목	대	목	0.87
41461	용인시 처인구 원삼면	2026	관리지역	지목	대	임	0.8
41461	용인시 처인구 원삼면	2026	관리지역	지목	대	대	1
41461	용인시 처인구 원삼면	2026	관리지역	지목	대	장	1
41461	용인시 처인구 원삼면	2026	관리지역	지목	대	차	0.97
41461	용인시 처인구 원삼면	2026	관리지역	지목	대	주	1
41461	용인시 처인구 원삼면	2026	관리지역	지목	대	창	1
41461	용인시 처인구 원삼면	2026	관리지역	지목	대	잡	0.96
41461	용인시 처인구 원삼면	2026	관리지역	지목	장	전	0.87
41461	용인시 처인구 원삼면	2026	관리지역	지목	장	답	0.87
41461	용인시 처인구 원삼면	2026	관리지역	지목	장	과	0.87
41461	용인시 처인구 원삼면	2026	관리지역	지목	장	목	0.87
41461	용인시 처인구 원삼면	2026	관리지역	지목	장	임	0.8
41461	용인시 처인구 원삼면	2026	관리지역	지목	장	대	1
41461	용인시 처인구 원삼면	2026	관리지역	지목	장	장	1
41461	용인시 처인구 원삼면	2026	관리지역	지목	장	차	0.97
41461	용인시 처인구 원삼면	2026	관리지역	지목	장	주	1
41461	용인시 처인구 원삼면	2026	관리지역	지목	장	창	1
41461	용인시 처인구 원삼면	2026	관리지역	지목	장	잡	0.96
41461	용인시 처인구 원삼면	2026	관리지역	지목	차	전	0.9
41461	용인시 처인구 원삼면	2026	관리지역	지목	차	답	0.9
41461	용인시 처인구 원삼면	2026	관리지역	지목	차	과	0.9
41461	용인시 처인구 원삼면	2026	관리지역	지목	차	목	0.9
41461	용인시 처인구 원삼면	2026	관리지역	지목	차	임	0.83
41461	용인시 처인구 원삼면	2026	관리지역	지목	차	대	1.04
41461	용인시 처인구 원삼면	2026	관리지역	지목	차	장	1.04
41461	용인시 처인구 원삼면	2026	관리지역	지목	차	차	1
41461	용인시 처인구 원삼면	2026	관리지역	지목	차	주	1.04
41461	용인시 처인구 원삼면	2026	관리지역	지목	차	창	1.04
41461	용인시 처인구 원삼면	2026	관리지역	지목	차	잡	0.99
41461	용인시 처인구 원삼면	2026	관리지역	지목	주	전	0.87
41461	용인시 처인구 원삼면	2026	관리지역	지목	주	답	0.87
41461	용인시 처인구 원삼면	2026	관리지역	지목	주	과	0.87
41461	용인시 처인구 원삼면	2026	관리지역	지목	주	목	0.87
41461	용인시 처인구 원삼면	2026	관리지역	지목	주	임	0.8
41461	용인시 처인구 원삼면	2026	관리지역	지목	주	대	1
41461	용인시 처인구 원삼면	2026	관리지역	지목	주	장	1
41461	용인시 처인구 원삼면	2026	관리지역	지목	주	차	0.97
41461	용인시 처인구 원삼면	2026	관리지역	지목	주	주	1
41461	용인시 처인구 원삼면	2026	관리지역	지목	주	창	1
41461	용인시 처인구 원삼면	2026	관리지역	지목	주	잡	0.96
41461	용인시 처인구 원삼면	2026	관리지역	지목	창	전	0.87
41461	용인시 처인구 원삼면	2026	관리지역	지목	창	답	0.87
41461	용인시 처인구 원삼면	2026	관리지역	지목	창	과	0.87
41461	용인시 처인구 원삼면	2026	관리지역	지목	창	목	0.87
41461	용인시 처인구 원삼면	2026	관리지역	지목	창	임	0.8
41461	용인시 처인구 원삼면	2026	관리지역	지목	창	대	1
41461	용인시 처인구 원삼면	2026	관리지역	지목	창	장	1
41461	용인시 처인구 원삼면	2026	관리지역	지목	창	차	0.97
41461	용인시 처인구 원삼면	2026	관리지역	지목	창	주	1
41461	용인시 처인구 원삼면	2026	관리지역	지목	창	창	1
41461	용인시 처인구 원삼면	2026	관리지역	지목	창	잡	0.96
41461	용인시 처인구 원삼면	2026	관리지역	지목	잡	전	0.91
41461	용인시 처인구 원삼면	2026	관리지역	지목	잡	답	0.91
41461	용인시 처인구 원삼면	2026	관리지역	지목	잡	과	0.91
41461	용인시 처인구 원삼면	2026	관리지역	지목	잡	목	0.91
41461	용인시 처인구 원삼면	2026	관리지역	지목	잡	임	0.84
41461	용인시 처인구 원삼면	2026	관리지역	지목	잡	대	1.05
41461	용인시 처인구 원삼면	2026	관리지역	지목	잡	장	1.05
41461	용인시 처인구 원삼면	2026	관리지역	지목	잡	차	1.01
41461	용인시 처인구 원삼면	2026	관리지역	지목	잡	주	1.05
41461	용인시 처인구 원삼면	2026	관리지역	지목	잡	창	1.05
41461	용인시 처인구 원삼면	2026	관리지역	지목	잡	잡	1
41461	용인시 처인구 원삼면	2026	관리지역	토지면적	3300	3300	1
41461	용인시 처인구 원삼면	2026	관리지역	토지면적	3300	16500	0.98
41461	용인시 처인구 원삼면	2026	관리지역	토지면적	3300	33000	0.97
41461	용인시 처인구 원삼면	2026	관리지역	토지면적	3300	66000	0.96
41461	용인시 처인구 원삼면	2026	관리지역	토지면적	3300	그이상	0.95
41461	용인시 처인구 원삼면	2026	관리지역	토지면적	16500	3300	1.02
41461	용인시 처인구 원삼면	2026	관리지역	토지면적	16500	16500	1
41461	용인시 처인구 원삼면	2026	관리지역	토지면적	16500	33000	0.99
41461	용인시 처인구 원삼면	2026	관리지역	토지면적	16500	66000	0.98
41461	용인시 처인구 원삼면	2026	관리지역	토지면적	16500	그이상	0.97
41461	용인시 처인구 원삼면	2026	관리지역	토지면적	33000	3300	1.03
41461	용인시 처인구 원삼면	2026	관리지역	토지면적	33000	16500	1.01
41461	용인시 처인구 원삼면	2026	관리지역	토지면적	33000	33000	1
41461	용인시 처인구 원삼면	2026	관리지역	토지면적	33000	66000	0.99
41461	용인시 처인구 원삼면	2026	관리지역	토지면적	33000	그이상	0.98
41461	용인시 처인구 원삼면	2026	관리지역	토지면적	66000	3300	1.04
41461	용인시 처인구 원삼면	2026	관리지역	토지면적	66000	16500	1.02
41461	용인시 처인구 원삼면	2026	관리지역	토지면적	66000	33000	1.01
41461	용인시 처인구 원삼면	2026	관리지역	토지면적	66000	66000	1
41461	용인시 처인구 원삼면	2026	관리지역	토지면적	66000	그이상	0.99
41461	용인시 처인구 원삼면	2026	관리지역	토지면적	그이상	3300	1.05
41461	용인시 처인구 원삼면	2026	관리지역	토지면적	그이상	16500	1.03
41461	용인시 처인구 원삼면	2026	관리지역	토지면적	그이상	33000	1.02
41461	용인시 처인구 원삼면	2026	관리지역	토지면적	그이상	66000	1.01
41461	용인시 처인구 원삼면	2026	관리지역	토지면적	그이상	그이상	1
41461	용인시 처인구 원삼면	2026	관리지역	도시계획시설	일반	일반	1
41461	용인시 처인구 원삼면	2026	관리지역	도시계획시설	일반	지상도로	0.85
41461	용인시 처인구 원삼면	2026	관리지역	도시계획시설	일반	지하도로	0.95
41461	용인시 처인구 원삼면	2026	관리지역	도시계획시설	일반	공원	0.6
41461	용인시 처인구 원삼면	2026	관리지역	도시계획시설	일반	운동장	0.85
41461	용인시 처인구 원삼면	2026	관리지역	도시계획시설	일반	혐오	0.85
41461	용인시 처인구 원삼면	2026	관리지역	도시계획시설	일반	위험	0.85
41461	용인시 처인구 원삼면	2026	관리지역	도시계획시설	일반	도축장	0.85
41461	용인시 처인구 원삼면	2026	관리지역	도시계획시설	지상도로	일반	1.18
41461	용인시 처인구 원삼면	2026	관리지역	도시계획시설	지상도로	지상도로	1
41461	용인시 처인구 원삼면	2026	관리지역	도시계획시설	지상도로	지하도로	1.12
41461	용인시 처인구 원삼면	2026	관리지역	도시계획시설	지상도로	공원	0.71
41461	용인시 처인구 원삼면	2026	관리지역	도시계획시설	지상도로	운동장	1
41461	용인시 처인구 원삼면	2026	관리지역	도시계획시설	지상도로	혐오	1
41461	용인시 처인구 원삼면	2026	관리지역	도시계획시설	지상도로	위험	1
41461	용인시 처인구 원삼면	2026	관리지역	도시계획시설	지상도로	도축장	1
41461	용인시 처인구 원삼면	2026	관리지역	도시계획시설	지하도로	일반	1.05
41461	용인시 처인구 원삼면	2026	관리지역	도시계획시설	지하도로	지상도로	0.89
41461	용인시 처인구 원삼면	2026	관리지역	도시계획시설	지하도로	지하도로	1
41461	용인시 처인구 원삼면	2026	관리지역	도시계획시설	지하도로	공원	0.63
41461	용인시 처인구 원삼면	2026	관리지역	도시계획시설	지하도로	운동장	0.89
41461	용인시 처인구 원삼면	2026	관리지역	도시계획시설	지하도로	혐오	0.89
41461	용인시 처인구 원삼면	2026	관리지역	도시계획시설	지하도로	위험	0.89
41461	용인시 처인구 원삼면	2026	관리지역	도시계획시설	지하도로	도축장	0.89
41461	용인시 처인구 원삼면	2026	관리지역	도시계획시설	공원	일반	1.67
41461	용인시 처인구 원삼면	2026	관리지역	도시계획시설	공원	지상도로	1.42
41461	용인시 처인구 원삼면	2026	관리지역	도시계획시설	공원	지하도로	1.58
41461	용인시 처인구 원삼면	2026	관리지역	도시계획시설	공원	공원	1
41461	용인시 처인구 원삼면	2026	관리지역	도시계획시설	공원	운동장	1.42
41461	용인시 처인구 원삼면	2026	관리지역	도시계획시설	공원	혐오	1.42
41461	용인시 처인구 원삼면	2026	관리지역	도시계획시설	공원	위험	1.42
41461	용인시 처인구 원삼면	2026	관리지역	도시계획시설	공원	도축장	1.42
41461	용인시 처인구 원삼면	2026	관리지역	도시계획시설	운동장	일반	1.18
41461	용인시 처인구 원삼면	2026	관리지역	도시계획시설	운동장	지상도로	1
41461	용인시 처인구 원삼면	2026	관리지역	도시계획시설	운동장	지하도로	1.12
41461	용인시 처인구 원삼면	2026	관리지역	도시계획시설	운동장	공원	0.71
41461	용인시 처인구 원삼면	2026	관리지역	도시계획시설	운동장	운동장	1
41461	용인시 처인구 원삼면	2026	관리지역	도시계획시설	운동장	혐오	1
41461	용인시 처인구 원삼면	2026	관리지역	도시계획시설	운동장	위험	1
41461	용인시 처인구 원삼면	2026	관리지역	도시계획시설	운동장	도축장	1
41461	용인시 처인구 원삼면	2026	관리지역	도시계획시설	혐오	일반	1.18
41461	용인시 처인구 원삼면	2026	관리지역	도시계획시설	혐오	지상도로	1
41461	용인시 처인구 원삼면	2026	관리지역	도시계획시설	혐오	지하도로	1.12
41461	용인시 처인구 원삼면	2026	관리지역	도시계획시설	혐오	공원	0.71
41461	용인시 처인구 원삼면	2026	관리지역	도시계획시설	혐오	운동장	1
41461	용인시 처인구 원삼면	2026	관리지역	도시계획시설	혐오	혐오	1
41461	용인시 처인구 원삼면	2026	관리지역	도시계획시설	혐오	위험	1
41461	용인시 처인구 원삼면	2026	관리지역	도시계획시설	혐오	도축장	1
41461	용인시 처인구 원삼면	2026	관리지역	도시계획시설	위험	일반	1.18
41461	용인시 처인구 원삼면	2026	관리지역	도시계획시설	위험	지상도로	1
41461	용인시 처인구 원삼면	2026	관리지역	도시계획시설	위험	지하도로	1.12
41461	용인시 처인구 원삼면	2026	관리지역	도시계획시설	위험	공원	0.71
41461	용인시 처인구 원삼면	2026	관리지역	도시계획시설	위험	운동장	1
41461	용인시 처인구 원삼면	2026	관리지역	도시계획시설	위험	혐오	1
41461	용인시 처인구 원삼면	2026	관리지역	도시계획시설	위험	위험	1
41461	용인시 처인구 원삼면	2026	관리지역	도시계획시설	위험	도축장	1
41461	용인시 처인구 원삼면	2026	관리지역	도시계획시설	도축장	일반	1.18
41461	용인시 처인구 원삼면	2026	관리지역	도시계획시설	도축장	지상도로	1
41461	용인시 처인구 원삼면	2026	관리지역	도시계획시설	도축장	지하도로	1.12
41461	용인시 처인구 원삼면	2026	관리지역	도시계획시설	도축장	공원	0.71
41461	용인시 처인구 원삼면	2026	관리지역	도시계획시설	도축장	운동장	1
41461	용인시 처인구 원삼면	2026	관리지역	도시계획시설	도축장	혐오	1
41461	용인시 처인구 원삼면	2026	관리지역	도시계획시설	도축장	위험	1
41461	용인시 처인구 원삼면	2026	관리지역	도시계획시설	도축장	도축장	1
41461	용인시 처인구 원삼면	2026	관리지역	기타제한	일반	일반	1
41461	용인시 처인구 원삼면	2026	관리지역	기타제한	일반	보존	0.6
41461	용인시 처인구 원삼면	2026	관리지역	기타제한	일반	환경	0.66
41461	용인시 처인구 원삼면	2026	관리지역	기타제한	일반	마을	0.8
41461	용인시 처인구 원삼면	2026	관리지역	기타제한	일반	상수	0.86
41461	용인시 처인구 원삼면	2026	관리지역	기타제한	일반	고접	0.88
41461	용인시 처인구 원삼면	2026	관리지역	기타제한	일반	일접	0.96
41461	용인시 처인구 원삼면	2026	관리지역	기타제한	일반	특별	0.86
41461	용인시 처인구 원삼면	2026	관리지역	기타제한	일반	군사	0.9
41461	용인시 처인구 원삼면	2026	관리지역	기타제한	일반	도공	0.6
41461	용인시 처인구 원삼면	2026	관리지역	기타제한	일반	일시	0.6
41461	용인시 처인구 원삼면	2026	관리지역	기타제한	보존	일반	1.67
41461	용인시 처인구 원삼면	2026	관리지역	기타제한	보존	보존	1
41461	용인시 처인구 원삼면	2026	관리지역	기타제한	보존	환경	1.1
41461	용인시 처인구 원삼면	2026	관리지역	기타제한	보존	마을	1.33
41461	용인시 처인구 원삼면	2026	관리지역	기타제한	보존	상수	1.43
41461	용인시 처인구 원삼면	2026	관리지역	기타제한	보존	고접	1.47
41461	용인시 처인구 원삼면	2026	관리지역	기타제한	보존	일접	1.6
41461	용인시 처인구 원삼면	2026	관리지역	기타제한	보존	특별	1.43
41461	용인시 처인구 원삼면	2026	관리지역	기타제한	보존	군사	1.5
41461	용인시 처인구 원삼면	2026	관리지역	기타제한	보존	도공	1
41461	용인시 처인구 원삼면	2026	관리지역	기타제한	보존	일시	1
41461	용인시 처인구 원삼면	2026	관리지역	기타제한	환경	일반	1.52
41461	용인시 처인구 원삼면	2026	관리지역	기타제한	환경	보존	0.91
41461	용인시 처인구 원삼면	2026	관리지역	기타제한	환경	환경	1
41461	용인시 처인구 원삼면	2026	관리지역	기타제한	환경	마을	1.21
41461	용인시 처인구 원삼면	2026	관리지역	기타제한	환경	상수	1.3
41461	용인시 처인구 원삼면	2026	관리지역	기타제한	환경	고접	1.33
41461	용인시 처인구 원삼면	2026	관리지역	기타제한	환경	일접	1.45
41461	용인시 처인구 원삼면	2026	관리지역	기타제한	환경	특별	1.3
41461	용인시 처인구 원삼면	2026	관리지역	기타제한	환경	군사	1.36
41461	용인시 처인구 원삼면	2026	관리지역	기타제한	환경	도공	0.91
41461	용인시 처인구 원삼면	2026	관리지역	기타제한	환경	일시	0.91
41461	용인시 처인구 원삼면	2026	관리지역	기타제한	마을	일반	1.25
41461	용인시 처인구 원삼면	2026	관리지역	기타제한	마을	보존	0.75
41461	용인시 처인구 원삼면	2026	관리지역	기타제한	마을	환경	0.83
41461	용인시 처인구 원삼면	2026	관리지역	기타제한	마을	마을	1
41461	용인시 처인구 원삼면	2026	관리지역	기타제한	마을	상수	1.08
41461	용인시 처인구 원삼면	2026	관리지역	기타제한	마을	고접	1.1
41461	용인시 처인구 원삼면	2026	관리지역	기타제한	마을	일접	1.2
41461	용인시 처인구 원삼면	2026	관리지역	기타제한	마을	특별	1.08
41461	용인시 처인구 원삼면	2026	관리지역	기타제한	마을	군사	1.13
41461	용인시 처인구 원삼면	2026	관리지역	기타제한	마을	도공	0.75
41461	용인시 처인구 원삼면	2026	관리지역	기타제한	마을	일시	0.75
41461	용인시 처인구 원삼면	2026	관리지역	기타제한	상수	일반	1.16
41461	용인시 처인구 원삼면	2026	관리지역	기타제한	상수	보존	0.7
41461	용인시 처인구 원삼면	2026	관리지역	기타제한	상수	환경	0.77
41461	용인시 처인구 원삼면	2026	관리지역	기타제한	상수	마을	0.93
41461	용인시 처인구 원삼면	2026	관리지역	기타제한	상수	상수	1
41461	용인시 처인구 원삼면	2026	관리지역	기타제한	상수	고접	1.02
41461	용인시 처인구 원삼면	2026	관리지역	기타제한	상수	일접	1.12
41461	용인시 처인구 원삼면	2026	관리지역	기타제한	상수	특별	1
41461	용인시 처인구 원삼면	2026	관리지역	기타제한	상수	군사	1.05
41461	용인시 처인구 원삼면	2026	관리지역	기타제한	상수	도공	0.7
41461	용인시 처인구 원삼면	2026	관리지역	기타제한	상수	일시	0.7
41461	용인시 처인구 원삼면	2026	관리지역	기타제한	고접	일반	1.14
41461	용인시 처인구 원삼면	2026	관리지역	기타제한	고접	보존	0.68
41461	용인시 처인구 원삼면	2026	관리지역	기타제한	고접	환경	0.75
41461	용인시 처인구 원삼면	2026	관리지역	기타제한	고접	마을	0.91
41461	용인시 처인구 원삼면	2026	관리지역	기타제한	고접	상수	0.98
41461	용인시 처인구 원삼면	2026	관리지역	기타제한	고접	고접	1
41461	용인시 처인구 원삼면	2026	관리지역	기타제한	고접	일접	1.09
41461	용인시 처인구 원삼면	2026	관리지역	기타제한	고접	특별	0.98
41461	용인시 처인구 원삼면	2026	관리지역	기타제한	고접	군사	1.02
41461	용인시 처인구 원삼면	2026	관리지역	기타제한	고접	도공	0.68
41461	용인시 처인구 원삼면	2026	관리지역	기타제한	고접	일시	0.68
41461	용인시 처인구 원삼면	2026	관리지역	기타제한	일접	일반	1.04
41461	용인시 처인구 원삼면	2026	관리지역	기타제한	일접	보존	0.63
41461	용인시 처인구 원삼면	2026	관리지역	기타제한	일접	환경	0.69
41461	용인시 처인구 원삼면	2026	관리지역	기타제한	일접	마을	0.83
41461	용인시 처인구 원삼면	2026	관리지역	기타제한	일접	상수	0.9
41461	용인시 처인구 원삼면	2026	관리지역	기타제한	일접	고접	0.92
41461	용인시 처인구 원삼면	2026	관리지역	기타제한	일접	일접	1
41461	용인시 처인구 원삼면	2026	관리지역	기타제한	일접	특별	0.9
41461	용인시 처인구 원삼면	2026	관리지역	기타제한	일접	군사	0.94
41461	용인시 처인구 원삼면	2026	관리지역	기타제한	일접	도공	0.63
41461	용인시 처인구 원삼면	2026	관리지역	기타제한	일접	일시	0.63
41461	용인시 처인구 원삼면	2026	관리지역	기타제한	특별	일반	1.16
41461	용인시 처인구 원삼면	2026	관리지역	기타제한	특별	보존	0.7
41461	용인시 처인구 원삼면	2026	관리지역	기타제한	특별	환경	0.77
41461	용인시 처인구 원삼면	2026	관리지역	기타제한	특별	마을	0.93
41461	용인시 처인구 원삼면	2026	관리지역	기타제한	특별	상수	1
41461	용인시 처인구 원삼면	2026	관리지역	기타제한	특별	고접	1.02
41461	용인시 처인구 원삼면	2026	관리지역	기타제한	특별	일접	1.12
41461	용인시 처인구 원삼면	2026	관리지역	기타제한	특별	특별	1
41461	용인시 처인구 원삼면	2026	관리지역	기타제한	특별	군사	1.05
41461	용인시 처인구 원삼면	2026	관리지역	기타제한	특별	도공	0.7
41461	용인시 처인구 원삼면	2026	관리지역	기타제한	특별	일시	0.7
41461	용인시 처인구 원삼면	2026	관리지역	기타제한	군사	일반	1.11
41461	용인시 처인구 원삼면	2026	관리지역	기타제한	군사	보존	0.67
41461	용인시 처인구 원삼면	2026	관리지역	기타제한	군사	환경	0.73
41461	용인시 처인구 원삼면	2026	관리지역	기타제한	군사	마을	0.89
41461	용인시 처인구 원삼면	2026	관리지역	기타제한	군사	상수	0.96
41461	용인시 처인구 원삼면	2026	관리지역	기타제한	군사	고접	0.98
41461	용인시 처인구 원삼면	2026	관리지역	기타제한	군사	일접	1.07
41461	용인시 처인구 원삼면	2026	관리지역	기타제한	군사	특별	0.96
41461	용인시 처인구 원삼면	2026	관리지역	기타제한	군사	군사	1
41461	용인시 처인구 원삼면	2026	관리지역	기타제한	군사	도공	0.67
41461	용인시 처인구 원삼면	2026	관리지역	기타제한	군사	일시	0.67
41461	용인시 처인구 원삼면	2026	관리지역	기타제한	도공	일반	1.67
41461	용인시 처인구 원삼면	2026	관리지역	기타제한	도공	보존	1
41461	용인시 처인구 원삼면	2026	관리지역	기타제한	도공	환경	1.1
41461	용인시 처인구 원삼면	2026	관리지역	기타제한	도공	마을	1.33
41461	용인시 처인구 원삼면	2026	관리지역	기타제한	도공	상수	1.43
41461	용인시 처인구 원삼면	2026	관리지역	기타제한	도공	고접	1.47
41461	용인시 처인구 원삼면	2026	관리지역	기타제한	도공	일접	1.6
41461	용인시 처인구 원삼면	2026	관리지역	기타제한	도공	특별	1.43
41461	용인시 처인구 원삼면	2026	관리지역	기타제한	도공	군사	1.5
41461	용인시 처인구 원삼면	2026	관리지역	기타제한	도공	도공	1
41461	용인시 처인구 원삼면	2026	관리지역	기타제한	도공	일시	1
41461	용인시 처인구 원삼면	2026	관리지역	기타제한	일시	일반	1.67
41461	용인시 처인구 원삼면	2026	관리지역	기타제한	일시	보존	1
41461	용인시 처인구 원삼면	2026	관리지역	기타제한	일시	환경	1.1
41461	용인시 처인구 원삼면	2026	관리지역	기타제한	일시	마을	1.33
41461	용인시 처인구 원삼면	2026	관리지역	기타제한	일시	상수	1.43
41461	용인시 처인구 원삼면	2026	관리지역	기타제한	일시	고접	1.47
41461	용인시 처인구 원삼면	2026	관리지역	기타제한	일시	일접	1.6
41461	용인시 처인구 원삼면	2026	관리지역	기타제한	일시	특별	1.43
41461	용인시 처인구 원삼면	2026	관리지역	기타제한	일시	군사	1.5
41461	용인시 처인구 원삼면	2026	관리지역	기타제한	일시	도공	1
41461	용인시 처인구 원삼면	2026	관리지역	기타제한	일시	일시	1
41461	용인시 처인구 원삼면	2026	관리지역	농지구분	진흥	진흥	1
41461	용인시 처인구 원삼면	2026	관리지역	농지구분	진흥	보호	1.02
41461	용인시 처인구 원삼면	2026	관리지역	농지구분	진흥	해당없음	1.05
41461	용인시 처인구 원삼면	2026	관리지역	농지구분	보호	진흥	0.98
41461	용인시 처인구 원삼면	2026	관리지역	농지구분	보호	보호	1
41461	용인시 처인구 원삼면	2026	관리지역	농지구분	보호	해당없음	1.03
41461	용인시 처인구 원삼면	2026	관리지역	농지구분	해당없음	진흥	0.95
41461	용인시 처인구 원삼면	2026	관리지역	농지구분	해당없음	보호	0.97
41461	용인시 처인구 원삼면	2026	관리지역	농지구분	해당없음	해당없음	1
41461	용인시 처인구 원삼면	2026	관리지역	비옥도	비옥	비옥	1
41461	용인시 처인구 원삼면	2026	관리지역	비옥도	비옥	저습·사질척박	0.94
41461	용인시 처인구 원삼면	2026	관리지역	비옥도	저습·사질척박	비옥	1.06
41461	용인시 처인구 원삼면	2026	관리지역	비옥도	저습·사질척박	저습·사질척박	1
41461	용인시 처인구 원삼면	2026	관리지역	경지정리	정리	정리	1
41461	용인시 처인구 원삼면	2026	관리지역	경지정리	정리	미정리	0.95
41461	용인시 처인구 원삼면	2026	관리지역	경지정리	미정리	정리	1.05
41461	용인시 처인구 원삼면	2026	관리지역	경지정리	미정리	미정리	1
41461	용인시 처인구 원삼면	2026	관리지역	임야	보전산	보전산	1
41461	용인시 처인구 원삼면	2026	관리지역	임야	보전산	준보전산	1.18
41461	용인시 처인구 원삼면	2026	관리지역	임야	준보전산	보전산	0.85
41461	용인시 처인구 원삼면	2026	관리지역	임야	준보전산	준보전산	1
41461	용인시 처인구 원삼면	2026	관리지역	토지이용상황	주거용	주거용	1
41461	용인시 처인구 원삼면	2026	관리지역	토지이용상황	주거용	상업업무	1.35
41461	용인시 처인구 원삼면	2026	관리지역	토지이용상황	주거용	주상복합	1.2
41461	용인시 처인구 원삼면	2026	관리지역	토지이용상황	주거용	공업용	1.04
41461	용인시 처인구 원삼면	2026	관리지역	토지이용상황	주거용	태양광	0.82
41461	용인시 처인구 원삼면	2026	관리지역	토지이용상황	주거용	전	0.57
41461	용인시 처인구 원삼면	2026	관리지역	토지이용상황	주거용	전창고	0.65
41461	용인시 처인구 원삼면	2026	관리지역	토지이용상황	주거용	전축사	0.65
41461	용인시 처인구 원삼면	2026	관리지역	토지이용상황	주거용	답	0.55
41461	용인시 처인구 원삼면	2026	관리지역	토지이용상황	주거용	답창고	0.62
41461	용인시 처인구 원삼면	2026	관리지역	토지이용상황	주거용	답축사	0.62
41461	용인시 처인구 원삼면	2026	관리지역	토지이용상황	주거용	임야	0.4
41461	용인시 처인구 원삼면	2026	관리지역	토지이용상황	상업업무	주거용	0.74
41461	용인시 처인구 원삼면	2026	관리지역	토지이용상황	상업업무	상업업무	1
41461	용인시 처인구 원삼면	2026	관리지역	토지이용상황	상업업무	주상복합	0.89
41461	용인시 처인구 원삼면	2026	관리지역	토지이용상황	상업업무	공업용	0.77
41461	용인시 처인구 원삼면	2026	관리지역	토지이용상황	상업업무	태양광	0.61
41461	용인시 처인구 원삼면	2026	관리지역	토지이용상황	상업업무	전	0.42
41461	용인시 처인구 원삼면	2026	관리지역	토지이용상황	상업업무	전창고	0.48
41461	용인시 처인구 원삼면	2026	관리지역	토지이용상황	상업업무	전축사	0.48
41461	용인시 처인구 원삼면	2026	관리지역	토지이용상황	상업업무	답	0.41
41461	용인시 처인구 원삼면	2026	관리지역	토지이용상황	상업업무	답창고	0.46
41461	용인시 처인구 원삼면	2026	관리지역	토지이용상황	상업업무	답축사	0.46
41461	용인시 처인구 원삼면	2026	관리지역	토지이용상황	상업업무	임야	0.3
41461	용인시 처인구 원삼면	2026	관리지역	토지이용상황	주상복합	주거용	0.83
41461	용인시 처인구 원삼면	2026	관리지역	토지이용상황	주상복합	상업업무	1.13
41461	용인시 처인구 원삼면	2026	관리지역	토지이용상황	주상복합	주상복합	1
41461	용인시 처인구 원삼면	2026	관리지역	토지이용상황	주상복합	공업용	0.87
41461	용인시 처인구 원삼면	2026	관리지역	토지이용상황	주상복합	태양광	0.68
41461	용인시 처인구 원삼면	2026	관리지역	토지이용상황	주상복합	전	0.48
41461	용인시 처인구 원삼면	2026	관리지역	토지이용상황	주상복합	전창고	0.54
41461	용인시 처인구 원삼면	2026	관리지역	토지이용상황	주상복합	전축사	0.54
41461	용인시 처인구 원삼면	2026	관리지역	토지이용상황	주상복합	답	0.46
41461	용인시 처인구 원삼면	2026	관리지역	토지이용상황	주상복합	답창고	0.52
41461	용인시 처인구 원삼면	2026	관리지역	토지이용상황	주상복합	답축사	0.52
41461	용인시 처인구 원삼면	2026	관리지역	토지이용상황	주상복합	임야	0.33
41461	용인시 처인구 원삼면	2026	관리지역	토지이용상황	공업용	주거용	0.96
41461	용인시 처인구 원삼면	2026	관리지역	토지이용상황	공업용	상업업무	1.3
41461	용인시 처인구 원삼면	2026	관리지역	토지이용상황	공업용	주상복합	1.15
41461	용인시 처인구 원삼면	2026	관리지역	토지이용상황	공업용	공업용	1
41461	용인시 처인구 원삼면	2026	관리지역	토지이용상황	공업용	태양광	0.79
41461	용인시 처인구 원삼면	2026	관리지역	토지이용상황	공업용	전	0.55
41461	용인시 처인구 원삼면	2026	관리지역	토지이용상황	공업용	전창고	0.63
41461	용인시 처인구 원삼면	2026	관리지역	토지이용상황	공업용	전축사	0.63
41461	용인시 처인구 원삼면	2026	관리지역	토지이용상황	공업용	답	0.53
41461	용인시 처인구 원삼면	2026	관리지역	토지이용상황	공업용	답창고	0.6
41461	용인시 처인구 원삼면	2026	관리지역	토지이용상황	공업용	답축사	0.6
41461	용인시 처인구 원삼면	2026	관리지역	토지이용상황	공업용	임야	0.38
41461	용인시 처인구 원삼면	2026	관리지역	토지이용상황	태양광	주거용	1.22
41461	용인시 처인구 원삼면	2026	관리지역	토지이용상황	태양광	상업업무	1.65
41461	용인시 처인구 원삼면	2026	관리지역	토지이용상황	태양광	주상복합	1.46
41461	용인시 처인구 원삼면	2026	관리지역	토지이용상황	태양광	공업용	1.27
41461	용인시 처인구 원삼면	2026	관리지역	토지이용상황	태양광	태양광	1
41461	용인시 처인구 원삼면	2026	관리지역	토지이용상황	태양광	전	0.7
41461	용인시 처인구 원삼면	2026	관리지역	토지이용상황	태양광	전창고	0.79
41461	용인시 처인구 원삼면	2026	관리지역	토지이용상황	태양광	전축사	0.79
41461	용인시 처인구 원삼면	2026	관리지역	토지이용상황	태양광	답	0.67
41461	용인시 처인구 원삼면	2026	관리지역	토지이용상황	태양광	답창고	0.76
41461	용인시 처인구 원삼면	2026	관리지역	토지이용상황	태양광	답축사	0.76
41461	용인시 처인구 원삼면	2026	관리지역	토지이용상황	태양광	임야	0.49
41461	용인시 처인구 원삼면	2026	관리지역	토지이용상황	전	주거용	1.75
41461	용인시 처인구 원삼면	2026	관리지역	토지이용상황	전	상업업무	2.37
41461	용인시 처인구 원삼면	2026	관리지역	토지이용상황	전	주상복합	2.11
41461	용인시 처인구 원삼면	2026	관리지역	토지이용상황	전	공업용	1.82
41461	용인시 처인구 원삼면	2026	관리지역	토지이용상황	전	태양광	1.44
41461	용인시 처인구 원삼면	2026	관리지역	토지이용상황	전	전	1
41461	용인시 처인구 원삼면	2026	관리지역	토지이용상황	전	전창고	1.14
41461	용인시 처인구 원삼면	2026	관리지역	토지이용상황	전	전축사	1.14
41461	용인시 처인구 원삼면	2026	관리지역	토지이용상황	전	답	0.96
41461	용인시 처인구 원삼면	2026	관리지역	토지이용상황	전	답창고	1.09
41461	용인시 처인구 원삼면	2026	관리지역	토지이용상황	전	답축사	1.09
41461	용인시 처인구 원삼면	2026	관리지역	토지이용상황	전	임야	0.7
41461	용인시 처인구 원삼면	2026	관리지역	토지이용상황	전창고	주거용	1.54
41461	용인시 처인구 원삼면	2026	관리지역	토지이용상황	전창고	상업업무	2.08
41461	용인시 처인구 원삼면	2026	관리지역	토지이용상황	전창고	주상복합	1.85
41461	용인시 처인구 원삼면	2026	관리지역	토지이용상황	전창고	공업용	1.6
41461	용인시 처인구 원삼면	2026	관리지역	토지이용상황	전창고	태양광	1.26
41461	용인시 처인구 원삼면	2026	관리지역	토지이용상황	전창고	전	0.88
41461	용인시 처인구 원삼면	2026	관리지역	토지이용상황	전창고	전창고	1
41461	용인시 처인구 원삼면	2026	관리지역	토지이용상황	전창고	전축사	1
41461	용인시 처인구 원삼면	2026	관리지역	토지이용상황	전창고	답	0.85
41461	용인시 처인구 원삼면	2026	관리지역	토지이용상황	전창고	답창고	0.95
41461	용인시 처인구 원삼면	2026	관리지역	토지이용상황	전창고	답축사	0.95
41461	용인시 처인구 원삼면	2026	관리지역	토지이용상황	전창고	임야	0.62
41461	용인시 처인구 원삼면	2026	관리지역	토지이용상황	전축사	주거용	1.54
41461	용인시 처인구 원삼면	2026	관리지역	토지이용상황	전축사	상업업무	2.08
41461	용인시 처인구 원삼면	2026	관리지역	토지이용상황	전축사	주상복합	1.85
41461	용인시 처인구 원삼면	2026	관리지역	토지이용상황	전축사	공업용	1.6
41461	용인시 처인구 원삼면	2026	관리지역	토지이용상황	전축사	태양광	1.26
41461	용인시 처인구 원삼면	2026	관리지역	토지이용상황	전축사	전	0.88
41461	용인시 처인구 원삼면	2026	관리지역	토지이용상황	전축사	전창고	1
41461	용인시 처인구 원삼면	2026	관리지역	토지이용상황	전축사	전축사	1
41461	용인시 처인구 원삼면	2026	관리지역	토지이용상황	전축사	답	0.85
41461	용인시 처인구 원삼면	2026	관리지역	토지이용상황	전축사	답창고	0.95
41461	용인시 처인구 원삼면	2026	관리지역	토지이용상황	전축사	답축사	0.95
41461	용인시 처인구 원삼면	2026	관리지역	토지이용상황	전축사	임야	0.62
41461	용인시 처인구 원삼면	2026	관리지역	토지이용상황	답	주거용	1.82
41461	용인시 처인구 원삼면	2026	관리지역	토지이용상황	답	상업업무	2.45
41461	용인시 처인구 원삼면	2026	관리지역	토지이용상황	답	주상복합	2.18
41461	용인시 처인구 원삼면	2026	관리지역	토지이용상황	답	공업용	1.89
41461	용인시 처인구 원삼면	2026	관리지역	토지이용상황	답	태양광	1.49
41461	용인시 처인구 원삼면	2026	관리지역	토지이용상황	답	전	1.04
41461	용인시 처인구 원삼면	2026	관리지역	토지이용상황	답	전창고	1.18
41461	용인시 처인구 원삼면	2026	관리지역	토지이용상황	답	전축사	1.18
41461	용인시 처인구 원삼면	2026	관리지역	토지이용상황	답	답	1
41461	용인시 처인구 원삼면	2026	관리지역	토지이용상황	답	답창고	1.13
41461	용인시 처인구 원삼면	2026	관리지역	토지이용상황	답	답축사	1.13
41461	용인시 처인구 원삼면	2026	관리지역	토지이용상황	답	임야	0.73
41461	용인시 처인구 원삼면	2026	관리지역	토지이용상황	답창고	주거용	1.61
41461	용인시 처인구 원삼면	2026	관리지역	토지이용상황	답창고	상업업무	2.18
41461	용인시 처인구 원삼면	2026	관리지역	토지이용상황	답창고	주상복합	1.94
41461	용인시 처인구 원삼면	2026	관리지역	토지이용상황	답창고	공업용	1.68
41461	용인시 처인구 원삼면	2026	관리지역	토지이용상황	답창고	태양광	1.32
41461	용인시 처인구 원삼면	2026	관리지역	토지이용상황	답창고	전	0.92
41461	용인시 처인구 원삼면	2026	관리지역	토지이용상황	답창고	전창고	1.05
41461	용인시 처인구 원삼면	2026	관리지역	토지이용상황	답창고	전축사	1.05
41461	용인시 처인구 원삼면	2026	관리지역	토지이용상황	답창고	답	0.89
41461	용인시 처인구 원삼면	2026	관리지역	토지이용상황	답창고	답창고	1
41461	용인시 처인구 원삼면	2026	관리지역	토지이용상황	답창고	답축사	1
41461	용인시 처인구 원삼면	2026	관리지역	토지이용상황	답창고	임야	0.65
41461	용인시 처인구 원삼면	2026	관리지역	토지이용상황	답축사	주거용	1.61
41461	용인시 처인구 원삼면	2026	관리지역	토지이용상황	답축사	상업업무	2.18
41461	용인시 처인구 원삼면	2026	관리지역	토지이용상황	답축사	주상복합	1.94
41461	용인시 처인구 원삼면	2026	관리지역	토지이용상황	답축사	공업용	1.68
41461	용인시 처인구 원삼면	2026	관리지역	토지이용상황	답축사	태양광	1.32
41461	용인시 처인구 원삼면	2026	관리지역	토지이용상황	답축사	전	0.92
41461	용인시 처인구 원삼면	2026	관리지역	토지이용상황	답축사	전창고	1.05
41461	용인시 처인구 원삼면	2026	관리지역	토지이용상황	답축사	전축사	1.05
41461	용인시 처인구 원삼면	2026	관리지역	토지이용상황	답축사	답	0.89
41461	용인시 처인구 원삼면	2026	관리지역	토지이용상황	답축사	답창고	1
41461	용인시 처인구 원삼면	2026	관리지역	토지이용상황	답축사	답축사	1
41461	용인시 처인구 원삼면	2026	관리지역	토지이용상황	답축사	임야	0.65
41461	용인시 처인구 원삼면	2026	관리지역	토지이용상황	임야	주거용	2.5
41461	용인시 처인구 원삼면	2026	관리지역	토지이용상황	임야	상업업무	3.38
41461	용인시 처인구 원삼면	2026	관리지역	토지이용상황	임야	주상복합	3
41461	용인시 처인구 원삼면	2026	관리지역	토지이용상황	임야	공업용	2.6
41461	용인시 처인구 원삼면	2026	관리지역	토지이용상황	임야	태양광	2.05
41461	용인시 처인구 원삼면	2026	관리지역	토지이용상황	임야	전	1.43
41461	용인시 처인구 원삼면	2026	관리지역	토지이용상황	임야	전창고	1.63
41461	용인시 처인구 원삼면	2026	관리지역	토지이용상황	임야	전축사	1.63
41461	용인시 처인구 원삼면	2026	관리지역	토지이용상황	임야	답	1.38
41461	용인시 처인구 원삼면	2026	관리지역	토지이용상황	임야	답창고	1.55
41461	용인시 처인구 원삼면	2026	관리지역	토지이용상황	임야	답축사	1.55
41461	용인시 처인구 원삼면	2026	관리지역	토지이용상황	임야	임야	1
41461	용인시 처인구 원삼면	2026	관리지역	공공용지	일반	일반	1
41461	용인시 처인구 원삼면	2026	관리지역	공공용지	일반	도로	0.33
41461	용인시 처인구 원삼면	2026	관리지역	공공용지	일반	공원	0.33
41461	용인시 처인구 원삼면	2026	관리지역	공공용지	일반	운동장	0.7
41461	용인시 처인구 원삼면	2026	관리지역	공공용지	일반	하천	0.33
41461	용인시 처인구 원삼면	2026	관리지역	공공용지	일반	혐오	0.33
41461	용인시 처인구 원삼면	2026	관리지역	공공용지	일반	위험	0.7
41461	용인시 처인구 원삼면	2026	관리지역	공공용지	일반	도축장	0.7
41461	용인시 처인구 원삼면	2026	관리지역	공공용지	도로	일반	3.03
41461	용인시 처인구 원삼면	2026	관리지역	공공용지	도로	도로	1
41461	용인시 처인구 원삼면	2026	관리지역	공공용지	도로	공원	1
41461	용인시 처인구 원삼면	2026	관리지역	공공용지	도로	운동장	2.12
41461	용인시 처인구 원삼면	2026	관리지역	공공용지	도로	하천	1
41461	용인시 처인구 원삼면	2026	관리지역	공공용지	도로	혐오	1
41461	용인시 처인구 원삼면	2026	관리지역	공공용지	도로	위험	2.12
41461	용인시 처인구 원삼면	2026	관리지역	공공용지	도로	도축장	2.12
41461	용인시 처인구 원삼면	2026	관리지역	공공용지	공원	일반	3.03
41461	용인시 처인구 원삼면	2026	관리지역	공공용지	공원	도로	1
41461	용인시 처인구 원삼면	2026	관리지역	공공용지	공원	공원	1
41461	용인시 처인구 원삼면	2026	관리지역	공공용지	공원	운동장	2.12
41461	용인시 처인구 원삼면	2026	관리지역	공공용지	공원	하천	1
41461	용인시 처인구 원삼면	2026	관리지역	공공용지	공원	혐오	1
41461	용인시 처인구 원삼면	2026	관리지역	공공용지	공원	위험	2.12
41461	용인시 처인구 원삼면	2026	관리지역	공공용지	공원	도축장	2.12
41461	용인시 처인구 원삼면	2026	관리지역	공공용지	운동장	일반	1.43
41461	용인시 처인구 원삼면	2026	관리지역	공공용지	운동장	도로	0.47
41461	용인시 처인구 원삼면	2026	관리지역	공공용지	운동장	공원	0.47
41461	용인시 처인구 원삼면	2026	관리지역	공공용지	운동장	운동장	1
41461	용인시 처인구 원삼면	2026	관리지역	공공용지	운동장	하천	0.47
41461	용인시 처인구 원삼면	2026	관리지역	공공용지	운동장	혐오	0.47
41461	용인시 처인구 원삼면	2026	관리지역	공공용지	운동장	위험	1
41461	용인시 처인구 원삼면	2026	관리지역	공공용지	운동장	도축장	1
41461	용인시 처인구 원삼면	2026	관리지역	공공용지	하천	일반	3.03
41461	용인시 처인구 원삼면	2026	관리지역	공공용지	하천	도로	1
41461	용인시 처인구 원삼면	2026	관리지역	공공용지	하천	공원	1
41461	용인시 처인구 원삼면	2026	관리지역	공공용지	하천	운동장	2.12
41461	용인시 처인구 원삼면	2026	관리지역	공공용지	하천	하천	1
41461	용인시 처인구 원삼면	2026	관리지역	공공용지	하천	혐오	1
41461	용인시 처인구 원삼면	2026	관리지역	공공용지	하천	위험	2.12
41461	용인시 처인구 원삼면	2026	관리지역	공공용지	하천	도축장	2.12
41461	용인시 처인구 원삼면	2026	관리지역	공공용지	혐오	일반	3.03
41461	용인시 처인구 원삼면	2026	관리지역	공공용지	혐오	도로	1
41461	용인시 처인구 원삼면	2026	관리지역	공공용지	혐오	공원	1
41461	용인시 처인구 원삼면	2026	관리지역	공공용지	혐오	운동장	2.12
41461	용인시 처인구 원삼면	2026	관리지역	공공용지	혐오	하천	1
41461	용인시 처인구 원삼면	2026	관리지역	공공용지	혐오	혐오	1
41461	용인시 처인구 원삼면	2026	관리지역	공공용지	혐오	위험	2.12
41461	용인시 처인구 원삼면	2026	관리지역	공공용지	혐오	도축장	2.12
41461	용인시 처인구 원삼면	2026	관리지역	공공용지	위험	일반	1.43
41461	용인시 처인구 원삼면	2026	관리지역	공공용지	위험	도로	0.47
41461	용인시 처인구 원삼면	2026	관리지역	공공용지	위험	공원	0.47
41461	용인시 처인구 원삼면	2026	관리지역	공공용지	위험	운동장	1
41461	용인시 처인구 원삼면	2026	관리지역	공공용지	위험	하천	0.47
41461	용인시 처인구 원삼면	2026	관리지역	공공용지	위험	혐오	0.47
41461	용인시 처인구 원삼면	2026	관리지역	공공용지	위험	위험	1
41461	용인시 처인구 원삼면	2026	관리지역	공공용지	위험	도축장	1
41461	용인시 처인구 원삼면	2026	관리지역	공공용지	도축장	일반	1.43
41461	용인시 처인구 원삼면	2026	관리지역	공공용지	도축장	도로	0.47
41461	용인시 처인구 원삼면	2026	관리지역	공공용지	도축장	공원	0.47
41461	용인시 처인구 원삼면	2026	관리지역	공공용지	도축장	운동장	1
41461	용인시 처인구 원삼면	2026	관리지역	공공용지	도축장	하천	0.47
41461	용인시 처인구 원삼면	2026	관리지역	공공용지	도축장	혐오	0.47
41461	용인시 처인구 원삼면	2026	관리지역	공공용지	도축장	위험	1
41461	용인시 처인구 원삼면	2026	관리지역	공공용지	도축장	도축장	1
41461	용인시 처인구 원삼면	2026	관리지역	고저	저지	저지	1
41461	용인시 처인구 원삼면	2026	관리지역	고저	저지	평지	1.08
41461	용인시 처인구 원삼면	2026	관리지역	고저	저지	완경사	1.01
41461	용인시 처인구 원삼면	2026	관리지역	고저	저지	급경사	0.75
41461	용인시 처인구 원삼면	2026	관리지역	고저	저지	고지	0.74
41461	용인시 처인구 원삼면	2026	관리지역	고저	평지	저지	0.93
41461	용인시 처인구 원삼면	2026	관리지역	고저	평지	평지	1
41461	용인시 처인구 원삼면	2026	관리지역	고저	평지	완경사	0.94
41461	용인시 처인구 원삼면	2026	관리지역	고저	평지	급경사	0.69
41461	용인시 처인구 원삼면	2026	관리지역	고저	평지	고지	0.69
41461	용인시 처인구 원삼면	2026	관리지역	고저	완경사	저지	0.99
41461	용인시 처인구 원삼면	2026	관리지역	고저	완경사	평지	1.07
41461	용인시 처인구 원삼면	2026	관리지역	고저	완경사	완경사	1
41461	용인시 처인구 원삼면	2026	관리지역	고저	완경사	급경사	0.74
41461	용인시 처인구 원삼면	2026	관리지역	고저	완경사	고지	0.73
41461	용인시 처인구 원삼면	2026	관리지역	고저	급경사	저지	1.33
41461	용인시 처인구 원삼면	2026	관리지역	고저	급경사	평지	1.44
41461	용인시 처인구 원삼면	2026	관리지역	고저	급경사	완경사	1.35
41461	용인시 처인구 원삼면	2026	관리지역	고저	급경사	급경사	1
41461	용인시 처인구 원삼면	2026	관리지역	고저	급경사	고지	0.99
41461	용인시 처인구 원삼면	2026	관리지역	고저	고지	저지	1.35
41461	용인시 처인구 원삼면	2026	관리지역	고저	고지	평지	1.46
41461	용인시 처인구 원삼면	2026	관리지역	고저	고지	완경사	1.36
41461	용인시 처인구 원삼면	2026	관리지역	고저	고지	급경사	1.01
41461	용인시 처인구 원삼면	2026	관리지역	고저	고지	고지	1
41461	용인시 처인구 원삼면	2026	관리지역	형상(주거.공업)	정형	정형	1
41461	용인시 처인구 원삼면	2026	관리지역	형상(주거.공업)	정형	비정형	0.95
41461	용인시 처인구 원삼면	2026	관리지역	형상(주거.공업)	비정형	정형	1.05
41461	용인시 처인구 원삼면	2026	관리지역	형상(주거.공업)	비정형	비정형	1
41461	용인시 처인구 원삼면	2026	관리지역	방위	남향	남향	1
41461	용인시 처인구 원삼면	2026	관리지역	방위	남향	동향	0.97
41461	용인시 처인구 원삼면	2026	관리지역	방위	남향	서향	0.97
41461	용인시 처인구 원삼면	2026	관리지역	방위	남향	북향	0.97
41461	용인시 처인구 원삼면	2026	관리지역	방위	동향	남향	1.03
41461	용인시 처인구 원삼면	2026	관리지역	방위	동향	동향	1
41461	용인시 처인구 원삼면	2026	관리지역	방위	동향	서향	1
41461	용인시 처인구 원삼면	2026	관리지역	방위	동향	북향	1
41461	용인시 처인구 원삼면	2026	관리지역	방위	서향	남향	1.03
41461	용인시 처인구 원삼면	2026	관리지역	방위	서향	동향	1
41461	용인시 처인구 원삼면	2026	관리지역	방위	서향	서향	1
41461	용인시 처인구 원삼면	2026	관리지역	방위	서향	북향	1
41461	용인시 처인구 원삼면	2026	관리지역	방위	북향	남향	1.03
41461	용인시 처인구 원삼면	2026	관리지역	방위	북향	동향	1
41461	용인시 처인구 원삼면	2026	관리지역	방위	북향	서향	1
41461	용인시 처인구 원삼면	2026	관리지역	방위	북향	북향	1
41461	용인시 처인구 원삼면	2026	관리지역	도로접면	광대한면	광대한면	1
41461	용인시 처인구 원삼면	2026	관리지역	도로접면	광대한면	광대소각	1.08
41461	용인시 처인구 원삼면	2026	관리지역	도로접면	광대한면	광대세각	1.05
41461	용인시 처인구 원삼면	2026	관리지역	도로접면	광대한면	중로한면	0.96
41461	용인시 처인구 원삼면	2026	관리지역	도로접면	광대한면	중로각지	0.99
41461	용인시 처인구 원삼면	2026	관리지역	도로접면	광대한면	소로한면	0.91
41461	용인시 처인구 원삼면	2026	관리지역	도로접면	광대한면	소로각지	0.95
41461	용인시 처인구 원삼면	2026	관리지역	도로접면	광대한면	세로(가)	0.82
41461	용인시 처인구 원삼면	2026	관리지역	도로접면	광대한면	세각(가)	0.85
41461	용인시 처인구 원삼면	2026	관리지역	도로접면	광대한면	세로(불)	0.75
41461	용인시 처인구 원삼면	2026	관리지역	도로접면	광대한면	세각(불)	0.76
41461	용인시 처인구 원삼면	2026	관리지역	도로접면	광대한면	맹지	0.72
41461	용인시 처인구 원삼면	2026	관리지역	도로접면	광대소각	광대한면	0.93
41461	용인시 처인구 원삼면	2026	관리지역	도로접면	광대소각	광대소각	1
41461	용인시 처인구 원삼면	2026	관리지역	도로접면	광대소각	광대세각	0.97
41461	용인시 처인구 원삼면	2026	관리지역	도로접면	광대소각	중로한면	0.89
41461	용인시 처인구 원삼면	2026	관리지역	도로접면	광대소각	중로각지	0.92
41461	용인시 처인구 원삼면	2026	관리지역	도로접면	광대소각	소로한면	0.84
41461	용인시 처인구 원삼면	2026	관리지역	도로접면	광대소각	소로각지	0.88
41461	용인시 처인구 원삼면	2026	관리지역	도로접면	광대소각	세로(가)	0.76
41461	용인시 처인구 원삼면	2026	관리지역	도로접면	광대소각	세각(가)	0.79
41461	용인시 처인구 원삼면	2026	관리지역	도로접면	광대소각	세로(불)	0.69
41461	용인시 처인구 원삼면	2026	관리지역	도로접면	광대소각	세각(불)	0.7
41461	용인시 처인구 원삼면	2026	관리지역	도로접면	광대소각	맹지	0.67
41461	용인시 처인구 원삼면	2026	관리지역	도로접면	광대세각	광대한면	0.95
41461	용인시 처인구 원삼면	2026	관리지역	도로접면	광대세각	광대소각	1.03
41461	용인시 처인구 원삼면	2026	관리지역	도로접면	광대세각	광대세각	1
41461	용인시 처인구 원삼면	2026	관리지역	도로접면	광대세각	중로한면	0.91
41461	용인시 처인구 원삼면	2026	관리지역	도로접면	광대세각	중로각지	0.94
41461	용인시 처인구 원삼면	2026	관리지역	도로접면	광대세각	소로한면	0.87
41461	용인시 처인구 원삼면	2026	관리지역	도로접면	광대세각	소로각지	0.9
41461	용인시 처인구 원삼면	2026	관리지역	도로접면	광대세각	세로(가)	0.78
41461	용인시 처인구 원삼면	2026	관리지역	도로접면	광대세각	세각(가)	0.81
41461	용인시 처인구 원삼면	2026	관리지역	도로접면	광대세각	세로(불)	0.71
41461	용인시 처인구 원삼면	2026	관리지역	도로접면	광대세각	세각(불)	0.72
41461	용인시 처인구 원삼면	2026	관리지역	도로접면	광대세각	맹지	0.69
41461	용인시 처인구 원삼면	2026	관리지역	도로접면	중로한면	광대한면	1.04
41461	용인시 처인구 원삼면	2026	관리지역	도로접면	중로한면	광대소각	1.13
41461	용인시 처인구 원삼면	2026	관리지역	도로접면	중로한면	광대세각	1.09
41461	용인시 처인구 원삼면	2026	관리지역	도로접면	중로한면	중로한면	1
41461	용인시 처인구 원삼면	2026	관리지역	도로접면	중로한면	중로각지	1.03
41461	용인시 처인구 원삼면	2026	관리지역	도로접면	중로한면	소로한면	0.95
41461	용인시 처인구 원삼면	2026	관리지역	도로접면	중로한면	소로각지	0.99
41461	용인시 처인구 원삼면	2026	관리지역	도로접면	중로한면	세로(가)	0.85
41461	용인시 처인구 원삼면	2026	관리지역	도로접면	중로한면	세각(가)	0.89
41461	용인시 처인구 원삼면	2026	관리지역	도로접면	중로한면	세로(불)	0.78
41461	용인시 처인구 원삼면	2026	관리지역	도로접면	중로한면	세각(불)	0.79
41461	용인시 처인구 원삼면	2026	관리지역	도로접면	중로한면	맹지	0.75
41461	용인시 처인구 원삼면	2026	관리지역	도로접면	중로각지	광대한면	1.01
41461	용인시 처인구 원삼면	2026	관리지역	도로접면	중로각지	광대소각	1.09
41461	용인시 처인구 원삼면	2026	관리지역	도로접면	중로각지	광대세각	1.06
41461	용인시 처인구 원삼면	2026	관리지역	도로접면	중로각지	중로한면	0.97
41461	용인시 처인구 원삼면	2026	관리지역	도로접면	중로각지	중로각지	1
41461	용인시 처인구 원삼면	2026	관리지역	도로접면	중로각지	소로한면	0.92
41461	용인시 처인구 원삼면	2026	관리지역	도로접면	중로각지	소로각지	0.96
41461	용인시 처인구 원삼면	2026	관리지역	도로접면	중로각지	세로(가)	0.83
41461	용인시 처인구 원삼면	2026	관리지역	도로접면	중로각지	세각(가)	0.86
41461	용인시 처인구 원삼면	2026	관리지역	도로접면	중로각지	세로(불)	0.76
41461	용인시 처인구 원삼면	2026	관리지역	도로접면	중로각지	세각(불)	0.77
41461	용인시 처인구 원삼면	2026	관리지역	도로접면	중로각지	맹지	0.73
41461	용인시 처인구 원삼면	2026	관리지역	도로접면	소로한면	광대한면	1.1
41461	용인시 처인구 원삼면	2026	관리지역	도로접면	소로한면	광대소각	1.19
41461	용인시 처인구 원삼면	2026	관리지역	도로접면	소로한면	광대세각	1.15
41461	용인시 처인구 원삼면	2026	관리지역	도로접면	소로한면	중로한면	1.05
41461	용인시 처인구 원삼면	2026	관리지역	도로접면	소로한면	중로각지	1.09
41461	용인시 처인구 원삼면	2026	관리지역	도로접면	소로한면	소로한면	1
41461	용인시 처인구 원삼면	2026	관리지역	도로접면	소로한면	소로각지	1.04
41461	용인시 처인구 원삼면	2026	관리지역	도로접면	소로한면	세로(가)	0.9
41461	용인시 처인구 원삼면	2026	관리지역	도로접면	소로한면	세각(가)	0.93
41461	용인시 처인구 원삼면	2026	관리지역	도로접면	소로한면	세로(불)	0.82
41461	용인시 처인구 원삼면	2026	관리지역	도로접면	소로한면	세각(불)	0.84
41461	용인시 처인구 원삼면	2026	관리지역	도로접면	소로한면	맹지	0.79
41461	용인시 처인구 원삼면	2026	관리지역	도로접면	소로각지	광대한면	1.05
41461	용인시 처인구 원삼면	2026	관리지역	도로접면	소로각지	광대소각	1.14
41461	용인시 처인구 원삼면	2026	관리지역	도로접면	소로각지	광대세각	1.11
41461	용인시 처인구 원삼면	2026	관리지역	도로접면	소로각지	중로한면	1.01
41461	용인시 처인구 원삼면	2026	관리지역	도로접면	소로각지	중로각지	1.04
41461	용인시 처인구 원삼면	2026	관리지역	도로접면	소로각지	소로한면	0.96
41461	용인시 처인구 원삼면	2026	관리지역	도로접면	소로각지	소로각지	1
41461	용인시 처인구 원삼면	2026	관리지역	도로접면	소로각지	세로(가)	0.86
41461	용인시 처인구 원삼면	2026	관리지역	도로접면	소로각지	세각(가)	0.89
41461	용인시 처인구 원삼면	2026	관리지역	도로접면	소로각지	세로(불)	0.79
41461	용인시 처인구 원삼면	2026	관리지역	도로접면	소로각지	세각(불)	0.8
41461	용인시 처인구 원삼면	2026	관리지역	도로접면	소로각지	맹지	0.76
41461	용인시 처인구 원삼면	2026	관리지역	도로접면	세로(가)	광대한면	1.22
41461	용인시 처인구 원삼면	2026	관리지역	도로접면	세로(가)	광대소각	1.32
41461	용인시 처인구 원삼면	2026	관리지역	도로접면	세로(가)	광대세각	1.28
41461	용인시 처인구 원삼면	2026	관리지역	도로접면	세로(가)	중로한면	1.17
41461	용인시 처인구 원삼면	2026	관리지역	도로접면	세로(가)	중로각지	1.21
41461	용인시 처인구 원삼면	2026	관리지역	도로접면	세로(가)	소로한면	1.11
41461	용인시 처인구 원삼면	2026	관리지역	도로접면	세로(가)	소로각지	1.16
41461	용인시 처인구 원삼면	2026	관리지역	도로접면	세로(가)	세로(가)	1
41461	용인시 처인구 원삼면	2026	관리지역	도로접면	세로(가)	세각(가)	1.04
41461	용인시 처인구 원삼면	2026	관리지역	도로접면	세로(가)	세로(불)	0.91
41461	용인시 처인구 원삼면	2026	관리지역	도로접면	세로(가)	세각(불)	0.93
41461	용인시 처인구 원삼면	2026	관리지역	도로접면	세로(가)	맹지	0.88
41461	용인시 처인구 원삼면	2026	관리지역	도로접면	세각(가)	광대한면	1.18
41461	용인시 처인구 원삼면	2026	관리지역	도로접면	세각(가)	광대소각	1.27
41461	용인시 처인구 원삼면	2026	관리지역	도로접면	세각(가)	광대세각	1.24
41461	용인시 처인구 원삼면	2026	관리지역	도로접면	세각(가)	중로한면	1.13
41461	용인시 처인구 원삼면	2026	관리지역	도로접면	세각(가)	중로각지	1.16
41461	용인시 처인구 원삼면	2026	관리지역	도로접면	세각(가)	소로한면	1.07
41461	용인시 처인구 원삼면	2026	관리지역	도로접면	세각(가)	소로각지	1.12
41461	용인시 처인구 원삼면	2026	관리지역	도로접면	세각(가)	세로(가)	0.96
41461	용인시 처인구 원삼면	2026	관리지역	도로접면	세각(가)	세각(가)	1
41461	용인시 처인구 원삼면	2026	관리지역	도로접면	세각(가)	세로(불)	0.88
41461	용인시 처인구 원삼면	2026	관리지역	도로접면	세각(가)	세각(불)	0.89
41461	용인시 처인구 원삼면	2026	관리지역	도로접면	세각(가)	맹지	0.85
41461	용인시 처인구 원삼면	2026	관리지역	도로접면	세로(불)	광대한면	1.33
41461	용인시 처인구 원삼면	2026	관리지역	도로접면	세로(불)	광대소각	1.44
41461	용인시 처인구 원삼면	2026	관리지역	도로접면	세로(불)	광대세각	1.4
41461	용인시 처인구 원삼면	2026	관리지역	도로접면	세로(불)	중로한면	1.28
41461	용인시 처인구 원삼면	2026	관리지역	도로접면	세로(불)	중로각지	1.32
41461	용인시 처인구 원삼면	2026	관리지역	도로접면	세로(불)	소로한면	1.21
41461	용인시 처인구 원삼면	2026	관리지역	도로접면	세로(불)	소로각지	1.27
41461	용인시 처인구 원삼면	2026	관리지역	도로접면	세로(불)	세로(가)	1.09
41461	용인시 처인구 원삼면	2026	관리지역	도로접면	세로(불)	세각(가)	1.13
41461	용인시 처인구 원삼면	2026	관리지역	도로접면	세로(불)	세로(불)	1
41461	용인시 처인구 원삼면	2026	관리지역	도로접면	세로(불)	세각(불)	1.01
41461	용인시 처인구 원삼면	2026	관리지역	도로접면	세로(불)	맹지	0.96
41461	용인시 처인구 원삼면	2026	관리지역	도로접면	세각(불)	광대한면	1.32
41461	용인시 처인구 원삼면	2026	관리지역	도로접면	세각(불)	광대소각	1.42
41461	용인시 처인구 원삼면	2026	관리지역	도로접면	세각(불)	광대세각	1.38
41461	용인시 처인구 원삼면	2026	관리지역	도로접면	세각(불)	중로한면	1.26
41461	용인시 처인구 원삼면	2026	관리지역	도로접면	세각(불)	중로각지	1.3
41461	용인시 처인구 원삼면	2026	관리지역	도로접면	세각(불)	소로한면	1.2
41461	용인시 처인구 원삼면	2026	관리지역	도로접면	세각(불)	소로각지	1.25
41461	용인시 처인구 원삼면	2026	관리지역	도로접면	세각(불)	세로(가)	1.08
41461	용인시 처인구 원삼면	2026	관리지역	도로접면	세각(불)	세각(가)	1.12
41461	용인시 처인구 원삼면	2026	관리지역	도로접면	세각(불)	세로(불)	0.99
41461	용인시 처인구 원삼면	2026	관리지역	도로접면	세각(불)	세각(불)	1
41461	용인시 처인구 원삼면	2026	관리지역	도로접면	세각(불)	맹지	0.95
41461	용인시 처인구 원삼면	2026	관리지역	도로접면	맹지	광대한면	1.39
41461	용인시 처인구 원삼면	2026	관리지역	도로접면	맹지	광대소각	1.5
41461	용인시 처인구 원삼면	2026	관리지역	도로접면	맹지	광대세각	1.46
41461	용인시 처인구 원삼면	2026	관리지역	도로접면	맹지	중로한면	1.33
41461	용인시 처인구 원삼면	2026	관리지역	도로접면	맹지	중로각지	1.38
41461	용인시 처인구 원삼면	2026	관리지역	도로접면	맹지	소로한면	1.26
41461	용인시 처인구 원삼면	2026	관리지역	도로접면	맹지	소로각지	1.32
41461	용인시 처인구 원삼면	2026	관리지역	도로접면	맹지	세로(가)	1.14
41461	용인시 처인구 원삼면	2026	관리지역	도로접면	맹지	세각(가)	1.18
41461	용인시 처인구 원삼면	2026	관리지역	도로접면	맹지	세로(불)	1.04
41461	용인시 처인구 원삼면	2026	관리지역	도로접면	맹지	세각(불)	1.06
41461	용인시 처인구 원삼면	2026	관리지역	도로접면	맹지	맹지	1
41461	용인시 처인구 원삼면	2026	관리지역	도로거리	50m내	50m내	1
41461	용인시 처인구 원삼면	2026	관리지역	도로거리	50m내	100m내	0.99
41461	용인시 처인구 원삼면	2026	관리지역	도로거리	50m내	500m내	0.98
41461	용인시 처인구 원삼면	2026	관리지역	도로거리	50m내	해당없음	0.95
41461	용인시 처인구 원삼면	2026	관리지역	도로거리	100m내	50m내	1.01
41461	용인시 처인구 원삼면	2026	관리지역	도로거리	100m내	100m내	1
41461	용인시 처인구 원삼면	2026	관리지역	도로거리	100m내	500m내	0.99
41461	용인시 처인구 원삼면	2026	관리지역	도로거리	100m내	해당없음	0.96
41461	용인시 처인구 원삼면	2026	관리지역	도로거리	500m내	50m내	1.02
41461	용인시 처인구 원삼면	2026	관리지역	도로거리	500m내	100m내	1.01
41461	용인시 처인구 원삼면	2026	관리지역	도로거리	500m내	500m내	1
41461	용인시 처인구 원삼면	2026	관리지역	도로거리	500m내	해당없음	0.97
41461	용인시 처인구 원삼면	2026	관리지역	도로거리	해당없음	50m내	1.05
41461	용인시 처인구 원삼면	2026	관리지역	도로거리	해당없음	100m내	1.04
41461	용인시 처인구 원삼면	2026	관리지역	도로거리	해당없음	500m내	1.03
41461	용인시 처인구 원삼면	2026	관리지역	도로거리	해당없음	해당없음	1
41461	용인시 처인구 원삼면	2026	관리지역	철도.고속도로 등	50m내	50m내	1
41461	용인시 처인구 원삼면	2026	관리지역	철도.고속도로 등	50m내	100m내	1.01
41461	용인시 처인구 원삼면	2026	관리지역	철도.고속도로 등	50m내	500m내	1.02
41461	용인시 처인구 원삼면	2026	관리지역	철도.고속도로 등	50m내	해당없음	1.03
41461	용인시 처인구 원삼면	2026	관리지역	철도.고속도로 등	100m내	50m내	0.99
41461	용인시 처인구 원삼면	2026	관리지역	철도.고속도로 등	100m내	100m내	1
41461	용인시 처인구 원삼면	2026	관리지역	철도.고속도로 등	100m내	500m내	1.01
41461	용인시 처인구 원삼면	2026	관리지역	철도.고속도로 등	100m내	해당없음	1.02
41461	용인시 처인구 원삼면	2026	관리지역	철도.고속도로 등	500m내	50m내	0.98
41461	용인시 처인구 원삼면	2026	관리지역	철도.고속도로 등	500m내	100m내	0.99
41461	용인시 처인구 원삼면	2026	관리지역	철도.고속도로 등	500m내	500m내	1
41461	용인시 처인구 원삼면	2026	관리지역	철도.고속도로 등	500m내	해당없음	1.01
41461	용인시 처인구 원삼면	2026	관리지역	철도.고속도로 등	해당없음	50m내	0.97
41461	용인시 처인구 원삼면	2026	관리지역	철도.고속도로 등	해당없음	100m내	0.98
41461	용인시 처인구 원삼면	2026	관리지역	철도.고속도로 등	해당없음	500m내	0.99
41461	용인시 처인구 원삼면	2026	관리지역	철도.고속도로 등	해당없음	해당없음	1
41461	용인시 처인구 원삼면	2026	관리지역	폐기물.수질오염	50m내	50m내	1
41461	용인시 처인구 원삼면	2026	관리지역	폐기물.수질오염	50m내	100m내	1.04
41461	용인시 처인구 원삼면	2026	관리지역	폐기물.수질오염	50m내	500m내	1.05
41461	용인시 처인구 원삼면	2026	관리지역	폐기물.수질오염	50m내	해당없음	1.06
41461	용인시 처인구 원삼면	2026	관리지역	폐기물.수질오염	100m내	50m내	0.96
41461	용인시 처인구 원삼면	2026	관리지역	폐기물.수질오염	100m내	100m내	1
41461	용인시 처인구 원삼면	2026	관리지역	폐기물.수질오염	100m내	500m내	1.01
41461	용인시 처인구 원삼면	2026	관리지역	폐기물.수질오염	100m내	해당없음	1.02
41461	용인시 처인구 원삼면	2026	관리지역	폐기물.수질오염	500m내	50m내	0.95
41461	용인시 처인구 원삼면	2026	관리지역	폐기물.수질오염	500m내	100m내	0.99
41461	용인시 처인구 원삼면	2026	관리지역	폐기물.수질오염	500m내	500m내	1
41461	용인시 처인구 원삼면	2026	관리지역	폐기물.수질오염	500m내	해당없음	1.01
41461	용인시 처인구 원삼면	2026	관리지역	폐기물.수질오염	해당없음	50m내	0.94
41461	용인시 처인구 원삼면	2026	관리지역	폐기물.수질오염	해당없음	100m내	0.98
41461	용인시 처인구 원삼면	2026	관리지역	폐기물.수질오염	해당없음	500m내	0.99
41461	용인시 처인구 원삼면	2026	관리지역	폐기물.수질오염	해당없음	해당없음	1
41461	용인시 처인구 원삼면	2026	관리지역	변전소	50m내	50m내	1
41461	용인시 처인구 원삼면	2026	관리지역	변전소	50m내	100m내	1.02
41461	용인시 처인구 원삼면	2026	관리지역	변전소	50m내	600m내	1.04
41461	용인시 처인구 원삼면	2026	관리지역	변전소	50m내	해당없음	1.05
41461	용인시 처인구 원삼면	2026	관리지역	변전소	100m내	50m내	0.98
41461	용인시 처인구 원삼면	2026	관리지역	변전소	100m내	100m내	1
41461	용인시 처인구 원삼면	2026	관리지역	변전소	100m내	600m내	1.02
41461	용인시 처인구 원삼면	2026	관리지역	변전소	100m내	해당없음	1.03
41461	용인시 처인구 원삼면	2026	관리지역	변전소	600m내	50m내	0.96
41461	용인시 처인구 원삼면	2026	관리지역	변전소	600m내	100m내	0.98
41461	용인시 처인구 원삼면	2026	관리지역	변전소	600m내	600m내	1
41461	용인시 처인구 원삼면	2026	관리지역	변전소	600m내	해당없음	1.01
41461	용인시 처인구 원삼면	2026	관리지역	변전소	해당없음	50m내	0.95
41461	용인시 처인구 원삼면	2026	관리지역	변전소	해당없음	100m내	0.97
41461	용인시 처인구 원삼면	2026	관리지역	변전소	해당없음	600m내	0.99
41461	용인시 처인구 원삼면	2026	관리지역	변전소	해당없음	해당없음	1
41461	용인시 처인구 원삼면	2026	관리지역	형상(전,답)	정형	정형	1
41461	용인시 처인구 원삼면	2026	관리지역	형상(전,답)	정형	비정형	0.95
41461	용인시 처인구 원삼면	2026	관리지역	형상(전,답)	비정형	정형	1.05
41461	용인시 처인구 원삼면	2026	관리지역	형상(전,답)	비정형	비정형	1
41461	용인시 처인구 원삼면	2026	관리지역	경작여건	보통	보통	1
41461	용인시 처인구 원삼면	2026	관리지역	경작여건	보통	불리	0.7
41461	용인시 처인구 원삼면	2026	관리지역	경작여건	불리	보통	1.43
41461	용인시 처인구 원삼면	2026	관리지역	경작여건	불리	불리	1
41461	용인시 처인구 원삼면	2026	관리지역	묘지소재불리여건	일반	일반	1
41461	용인시 처인구 원삼면	2026	관리지역	묘지소재불리여건	일반	불리	1
41461	용인시 처인구 원삼면	2026	관리지역	묘지소재불리여건	불리	일반	1
41461	용인시 처인구 원삼면	2026	관리지역	묘지소재불리여건	불리	불리	1
41461	용인시 처인구 원삼면	2026	농림지역	지목	전	전	1
41461	용인시 처인구 원삼면	2026	농림지역	지목	전	답	1
41461	용인시 처인구 원삼면	2026	농림지역	지목	전	과	1
41461	용인시 처인구 원삼면	2026	농림지역	지목	전	목	1
41461	용인시 처인구 원삼면	2026	농림지역	지목	전	임	0.92
41461	용인시 처인구 원삼면	2026	농림지역	지목	전	대	1.18
41461	용인시 처인구 원삼면	2026	농림지역	지목	전	장	1.2
41461	용인시 처인구 원삼면	2026	농림지역	지목	전	차	1.12
41461	용인시 처인구 원삼면	2026	농림지역	지목	전	주	1.12
41461	용인시 처인구 원삼면	2026	농림지역	지목	전	창	1.12
41461	용인시 처인구 원삼면	2026	농림지역	지목	전	잡	1.11
41461	용인시 처인구 원삼면	2026	농림지역	지목	답	전	1
41461	용인시 처인구 원삼면	2026	농림지역	지목	답	답	1
41461	용인시 처인구 원삼면	2026	농림지역	지목	답	과	1
41461	용인시 처인구 원삼면	2026	농림지역	지목	답	목	1
41461	용인시 처인구 원삼면	2026	농림지역	지목	답	임	0.92
41461	용인시 처인구 원삼면	2026	농림지역	지목	답	대	1.18
41461	용인시 처인구 원삼면	2026	농림지역	지목	답	장	1.2
41461	용인시 처인구 원삼면	2026	농림지역	지목	답	차	1.12
41461	용인시 처인구 원삼면	2026	농림지역	지목	답	주	1.12
41461	용인시 처인구 원삼면	2026	농림지역	지목	답	창	1.12
41461	용인시 처인구 원삼면	2026	농림지역	지목	답	잡	1.11
41461	용인시 처인구 원삼면	2026	농림지역	지목	과	전	1
41461	용인시 처인구 원삼면	2026	농림지역	지목	과	답	1
41461	용인시 처인구 원삼면	2026	농림지역	지목	과	과	1
41461	용인시 처인구 원삼면	2026	농림지역	지목	과	목	1
41461	용인시 처인구 원삼면	2026	농림지역	지목	과	임	0.92
41461	용인시 처인구 원삼면	2026	농림지역	지목	과	대	1.18
41461	용인시 처인구 원삼면	2026	농림지역	지목	과	장	1.2
41461	용인시 처인구 원삼면	2026	농림지역	지목	과	차	1.12
41461	용인시 처인구 원삼면	2026	농림지역	지목	과	주	1.12
41461	용인시 처인구 원삼면	2026	농림지역	지목	과	창	1.12
41461	용인시 처인구 원삼면	2026	농림지역	지목	과	잡	1.11
41461	용인시 처인구 원삼면	2026	농림지역	지목	목	전	1
41461	용인시 처인구 원삼면	2026	농림지역	지목	목	답	1
41461	용인시 처인구 원삼면	2026	농림지역	지목	목	과	1
41461	용인시 처인구 원삼면	2026	농림지역	지목	목	목	1
41461	용인시 처인구 원삼면	2026	농림지역	지목	목	임	0.92
41461	용인시 처인구 원삼면	2026	농림지역	지목	목	대	1.18
41461	용인시 처인구 원삼면	2026	농림지역	지목	목	장	1.2
41461	용인시 처인구 원삼면	2026	농림지역	지목	목	차	1.12
41461	용인시 처인구 원삼면	2026	농림지역	지목	목	주	1.12
41461	용인시 처인구 원삼면	2026	농림지역	지목	목	창	1.12
41461	용인시 처인구 원삼면	2026	농림지역	지목	목	잡	1.11
41461	용인시 처인구 원삼면	2026	농림지역	지목	임	전	1.09
41461	용인시 처인구 원삼면	2026	농림지역	지목	임	답	1.09
41461	용인시 처인구 원삼면	2026	농림지역	지목	임	과	1.09
41461	용인시 처인구 원삼면	2026	농림지역	지목	임	목	1.09
41461	용인시 처인구 원삼면	2026	농림지역	지목	임	임	1
41461	용인시 처인구 원삼면	2026	농림지역	지목	임	대	1.28
41461	용인시 처인구 원삼면	2026	농림지역	지목	임	장	1.3
41461	용인시 처인구 원삼면	2026	농림지역	지목	임	차	1.22
41461	용인시 처인구 원삼면	2026	농림지역	지목	임	주	1.22
41461	용인시 처인구 원삼면	2026	농림지역	지목	임	창	1.22
41461	용인시 처인구 원삼면	2026	농림지역	지목	임	잡	1.21
41461	용인시 처인구 원삼면	2026	농림지역	지목	대	전	0.85
41461	용인시 처인구 원삼면	2026	농림지역	지목	대	답	0.85
41461	용인시 처인구 원삼면	2026	농림지역	지목	대	과	0.85
41461	용인시 처인구 원삼면	2026	농림지역	지목	대	목	0.85
41461	용인시 처인구 원삼면	2026	농림지역	지목	대	임	0.78
41461	용인시 처인구 원삼면	2026	농림지역	지목	대	대	1
41461	용인시 처인구 원삼면	2026	농림지역	지목	대	장	1.02
41461	용인시 처인구 원삼면	2026	농림지역	지목	대	차	0.95
41461	용인시 처인구 원삼면	2026	농림지역	지목	대	주	0.95
41461	용인시 처인구 원삼면	2026	농림지역	지목	대	창	0.95
41461	용인시 처인구 원삼면	2026	농림지역	지목	대	잡	0.94
41461	용인시 처인구 원삼면	2026	농림지역	지목	장	전	0.83
41461	용인시 처인구 원삼면	2026	농림지역	지목	장	답	0.83
41461	용인시 처인구 원삼면	2026	농림지역	지목	장	과	0.83
41461	용인시 처인구 원삼면	2026	농림지역	지목	장	목	0.83
41461	용인시 처인구 원삼면	2026	농림지역	지목	장	임	0.77
41461	용인시 처인구 원삼면	2026	농림지역	지목	장	대	0.98
41461	용인시 처인구 원삼면	2026	농림지역	지목	장	장	1
41461	용인시 처인구 원삼면	2026	농림지역	지목	장	차	0.93
41461	용인시 처인구 원삼면	2026	농림지역	지목	장	주	0.93
41461	용인시 처인구 원삼면	2026	농림지역	지목	장	창	0.93
41461	용인시 처인구 원삼면	2026	농림지역	지목	장	잡	0.93
41461	용인시 처인구 원삼면	2026	농림지역	지목	차	전	0.89
41461	용인시 처인구 원삼면	2026	농림지역	지목	차	답	0.89
41461	용인시 처인구 원삼면	2026	농림지역	지목	차	과	0.89
41461	용인시 처인구 원삼면	2026	농림지역	지목	차	목	0.89
41461	용인시 처인구 원삼면	2026	농림지역	지목	차	임	0.82
41461	용인시 처인구 원삼면	2026	농림지역	지목	차	대	1.05
41461	용인시 처인구 원삼면	2026	농림지역	지목	차	장	1.07
41461	용인시 처인구 원삼면	2026	농림지역	지목	차	차	1
41461	용인시 처인구 원삼면	2026	농림지역	지목	차	주	1
41461	용인시 처인구 원삼면	2026	농림지역	지목	차	창	1
41461	용인시 처인구 원삼면	2026	농림지역	지목	차	잡	0.99
41461	용인시 처인구 원삼면	2026	농림지역	지목	주	전	0.89
41461	용인시 처인구 원삼면	2026	농림지역	지목	주	답	0.89
41461	용인시 처인구 원삼면	2026	농림지역	지목	주	과	0.89
41461	용인시 처인구 원삼면	2026	농림지역	지목	주	목	0.89
41461	용인시 처인구 원삼면	2026	농림지역	지목	주	임	0.82
41461	용인시 처인구 원삼면	2026	농림지역	지목	주	대	1.05
41461	용인시 처인구 원삼면	2026	농림지역	지목	주	장	1.07
41461	용인시 처인구 원삼면	2026	농림지역	지목	주	차	1
41461	용인시 처인구 원삼면	2026	농림지역	지목	주	주	1
41461	용인시 처인구 원삼면	2026	농림지역	지목	주	창	1
41461	용인시 처인구 원삼면	2026	농림지역	지목	주	잡	0.99
41461	용인시 처인구 원삼면	2026	농림지역	지목	창	전	0.89
41461	용인시 처인구 원삼면	2026	농림지역	지목	창	답	0.89
41461	용인시 처인구 원삼면	2026	농림지역	지목	창	과	0.89
41461	용인시 처인구 원삼면	2026	농림지역	지목	창	목	0.89
41461	용인시 처인구 원삼면	2026	농림지역	지목	창	임	0.82
41461	용인시 처인구 원삼면	2026	농림지역	지목	창	대	1.05
41461	용인시 처인구 원삼면	2026	농림지역	지목	창	장	1.07
41461	용인시 처인구 원삼면	2026	농림지역	지목	창	차	1
41461	용인시 처인구 원삼면	2026	농림지역	지목	창	주	1
41461	용인시 처인구 원삼면	2026	농림지역	지목	창	창	1
41461	용인시 처인구 원삼면	2026	농림지역	지목	창	잡	0.99
41461	용인시 처인구 원삼면	2026	농림지역	지목	잡	전	0.9
41461	용인시 처인구 원삼면	2026	농림지역	지목	잡	답	0.9
41461	용인시 처인구 원삼면	2026	농림지역	지목	잡	과	0.9
41461	용인시 처인구 원삼면	2026	농림지역	지목	잡	목	0.9
41461	용인시 처인구 원삼면	2026	농림지역	지목	잡	임	0.83
41461	용인시 처인구 원삼면	2026	농림지역	지목	잡	대	1.06
41461	용인시 처인구 원삼면	2026	농림지역	지목	잡	장	1.08
41461	용인시 처인구 원삼면	2026	농림지역	지목	잡	차	1.01
41461	용인시 처인구 원삼면	2026	농림지역	지목	잡	주	1.01
41461	용인시 처인구 원삼면	2026	농림지역	지목	잡	창	1.01
41461	용인시 처인구 원삼면	2026	농림지역	지목	잡	잡	1
41461	용인시 처인구 원삼면	2026	농림지역	토지면적	3300	3300	1
41461	용인시 처인구 원삼면	2026	농림지역	토지면적	3300	16500	0.98
41461	용인시 처인구 원삼면	2026	농림지역	토지면적	3300	33000	0.97
41461	용인시 처인구 원삼면	2026	농림지역	토지면적	3300	66000	0.96
41461	용인시 처인구 원삼면	2026	농림지역	토지면적	3300	그이상	0.95
41461	용인시 처인구 원삼면	2026	농림지역	토지면적	16500	3300	1.02
41461	용인시 처인구 원삼면	2026	농림지역	토지면적	16500	16500	1
41461	용인시 처인구 원삼면	2026	농림지역	토지면적	16500	33000	0.99
41461	용인시 처인구 원삼면	2026	농림지역	토지면적	16500	66000	0.98
41461	용인시 처인구 원삼면	2026	농림지역	토지면적	16500	그이상	0.97
41461	용인시 처인구 원삼면	2026	농림지역	토지면적	33000	3300	1.03
41461	용인시 처인구 원삼면	2026	농림지역	토지면적	33000	16500	1.01
41461	용인시 처인구 원삼면	2026	농림지역	토지면적	33000	33000	1
41461	용인시 처인구 원삼면	2026	농림지역	토지면적	33000	66000	0.99
41461	용인시 처인구 원삼면	2026	농림지역	토지면적	33000	그이상	0.98
41461	용인시 처인구 원삼면	2026	농림지역	토지면적	66000	3300	1.04
41461	용인시 처인구 원삼면	2026	농림지역	토지면적	66000	16500	1.02
41461	용인시 처인구 원삼면	2026	농림지역	토지면적	66000	33000	1.01
41461	용인시 처인구 원삼면	2026	농림지역	토지면적	66000	66000	1
41461	용인시 처인구 원삼면	2026	농림지역	토지면적	66000	그이상	0.99
41461	용인시 처인구 원삼면	2026	농림지역	토지면적	그이상	3300	1.05
41461	용인시 처인구 원삼면	2026	농림지역	토지면적	그이상	16500	1.03
41461	용인시 처인구 원삼면	2026	농림지역	토지면적	그이상	33000	1.02
41461	용인시 처인구 원삼면	2026	농림지역	토지면적	그이상	66000	1.01
41461	용인시 처인구 원삼면	2026	농림지역	토지면적	그이상	그이상	1
41461	용인시 처인구 원삼면	2026	농림지역	도시계획시설	일반	일반	1
41461	용인시 처인구 원삼면	2026	농림지역	도시계획시설	일반	지상도로	0.85
41461	용인시 처인구 원삼면	2026	농림지역	도시계획시설	일반	지하도로	0.95
41461	용인시 처인구 원삼면	2026	농림지역	도시계획시설	일반	공원	0.6
41461	용인시 처인구 원삼면	2026	농림지역	도시계획시설	일반	운동장	0.85
41461	용인시 처인구 원삼면	2026	농림지역	도시계획시설	일반	혐오	0.85
41461	용인시 처인구 원삼면	2026	농림지역	도시계획시설	일반	위험	0.85
41461	용인시 처인구 원삼면	2026	농림지역	도시계획시설	일반	도축장	0.85
41461	용인시 처인구 원삼면	2026	농림지역	도시계획시설	지상도로	일반	1.18
41461	용인시 처인구 원삼면	2026	농림지역	도시계획시설	지상도로	지상도로	1
41461	용인시 처인구 원삼면	2026	농림지역	도시계획시설	지상도로	지하도로	1.12
41461	용인시 처인구 원삼면	2026	농림지역	도시계획시설	지상도로	공원	0.71
41461	용인시 처인구 원삼면	2026	농림지역	도시계획시설	지상도로	운동장	1
41461	용인시 처인구 원삼면	2026	농림지역	도시계획시설	지상도로	혐오	1
41461	용인시 처인구 원삼면	2026	농림지역	도시계획시설	지상도로	위험	1
41461	용인시 처인구 원삼면	2026	농림지역	도시계획시설	지상도로	도축장	1
41461	용인시 처인구 원삼면	2026	농림지역	도시계획시설	지하도로	일반	1.05
41461	용인시 처인구 원삼면	2026	농림지역	도시계획시설	지하도로	지상도로	0.89
41461	용인시 처인구 원삼면	2026	농림지역	도시계획시설	지하도로	지하도로	1
41461	용인시 처인구 원삼면	2026	농림지역	도시계획시설	지하도로	공원	0.63
41461	용인시 처인구 원삼면	2026	농림지역	도시계획시설	지하도로	운동장	0.89
41461	용인시 처인구 원삼면	2026	농림지역	도시계획시설	지하도로	혐오	0.89
41461	용인시 처인구 원삼면	2026	농림지역	도시계획시설	지하도로	위험	0.89
41461	용인시 처인구 원삼면	2026	농림지역	도시계획시설	지하도로	도축장	0.89
41461	용인시 처인구 원삼면	2026	농림지역	도시계획시설	공원	일반	1.67
41461	용인시 처인구 원삼면	2026	농림지역	도시계획시설	공원	지상도로	1.42
41461	용인시 처인구 원삼면	2026	농림지역	도시계획시설	공원	지하도로	1.58
41461	용인시 처인구 원삼면	2026	농림지역	도시계획시설	공원	공원	1
41461	용인시 처인구 원삼면	2026	농림지역	도시계획시설	공원	운동장	1.42
41461	용인시 처인구 원삼면	2026	농림지역	도시계획시설	공원	혐오	1.42
41461	용인시 처인구 원삼면	2026	농림지역	도시계획시설	공원	위험	1.42
41461	용인시 처인구 원삼면	2026	농림지역	도시계획시설	공원	도축장	1.42
41461	용인시 처인구 원삼면	2026	농림지역	도시계획시설	운동장	일반	1.18
41461	용인시 처인구 원삼면	2026	농림지역	도시계획시설	운동장	지상도로	1
41461	용인시 처인구 원삼면	2026	농림지역	도시계획시설	운동장	지하도로	1.12
41461	용인시 처인구 원삼면	2026	농림지역	도시계획시설	운동장	공원	0.71
41461	용인시 처인구 원삼면	2026	농림지역	도시계획시설	운동장	운동장	1
41461	용인시 처인구 원삼면	2026	농림지역	도시계획시설	운동장	혐오	1
41461	용인시 처인구 원삼면	2026	농림지역	도시계획시설	운동장	위험	1
41461	용인시 처인구 원삼면	2026	농림지역	도시계획시설	운동장	도축장	1
41461	용인시 처인구 원삼면	2026	농림지역	도시계획시설	혐오	일반	1.18
41461	용인시 처인구 원삼면	2026	농림지역	도시계획시설	혐오	지상도로	1
41461	용인시 처인구 원삼면	2026	농림지역	도시계획시설	혐오	지하도로	1.12
41461	용인시 처인구 원삼면	2026	농림지역	도시계획시설	혐오	공원	0.71
41461	용인시 처인구 원삼면	2026	농림지역	도시계획시설	혐오	운동장	1
41461	용인시 처인구 원삼면	2026	농림지역	도시계획시설	혐오	혐오	1
41461	용인시 처인구 원삼면	2026	농림지역	도시계획시설	혐오	위험	1
41461	용인시 처인구 원삼면	2026	농림지역	도시계획시설	혐오	도축장	1
41461	용인시 처인구 원삼면	2026	농림지역	도시계획시설	위험	일반	1.18
41461	용인시 처인구 원삼면	2026	농림지역	도시계획시설	위험	지상도로	1
41461	용인시 처인구 원삼면	2026	농림지역	도시계획시설	위험	지하도로	1.12
41461	용인시 처인구 원삼면	2026	농림지역	도시계획시설	위험	공원	0.71
41461	용인시 처인구 원삼면	2026	농림지역	도시계획시설	위험	운동장	1
41461	용인시 처인구 원삼면	2026	농림지역	도시계획시설	위험	혐오	1
41461	용인시 처인구 원삼면	2026	농림지역	도시계획시설	위험	위험	1
41461	용인시 처인구 원삼면	2026	농림지역	도시계획시설	위험	도축장	1
41461	용인시 처인구 원삼면	2026	농림지역	도시계획시설	도축장	일반	1.18
41461	용인시 처인구 원삼면	2026	농림지역	도시계획시설	도축장	지상도로	1
41461	용인시 처인구 원삼면	2026	농림지역	도시계획시설	도축장	지하도로	1.12
41461	용인시 처인구 원삼면	2026	농림지역	도시계획시설	도축장	공원	0.71
41461	용인시 처인구 원삼면	2026	농림지역	도시계획시설	도축장	운동장	1
41461	용인시 처인구 원삼면	2026	농림지역	도시계획시설	도축장	혐오	1
41461	용인시 처인구 원삼면	2026	농림지역	도시계획시설	도축장	위험	1
41461	용인시 처인구 원삼면	2026	농림지역	도시계획시설	도축장	도축장	1
41461	용인시 처인구 원삼면	2026	농림지역	기타제한	일반	일반	1
41461	용인시 처인구 원삼면	2026	농림지역	기타제한	일반	보존	0.6
41461	용인시 처인구 원삼면	2026	농림지역	기타제한	일반	환경	0.66
41461	용인시 처인구 원삼면	2026	농림지역	기타제한	일반	마을	0.8
41461	용인시 처인구 원삼면	2026	농림지역	기타제한	일반	상수	0.86
41461	용인시 처인구 원삼면	2026	농림지역	기타제한	일반	고접	0.88
41461	용인시 처인구 원삼면	2026	농림지역	기타제한	일반	일접	0.96
41461	용인시 처인구 원삼면	2026	농림지역	기타제한	일반	특별	0.86
41461	용인시 처인구 원삼면	2026	농림지역	기타제한	일반	군사	0.9
41461	용인시 처인구 원삼면	2026	농림지역	기타제한	일반	도공	0.6
41461	용인시 처인구 원삼면	2026	농림지역	기타제한	일반	일시	0.6
41461	용인시 처인구 원삼면	2026	농림지역	기타제한	보존	일반	1.67
41461	용인시 처인구 원삼면	2026	농림지역	기타제한	보존	보존	1
41461	용인시 처인구 원삼면	2026	농림지역	기타제한	보존	환경	1.1
41461	용인시 처인구 원삼면	2026	농림지역	기타제한	보존	마을	1.33
41461	용인시 처인구 원삼면	2026	농림지역	기타제한	보존	상수	1.43
41461	용인시 처인구 원삼면	2026	농림지역	기타제한	보존	고접	1.47
41461	용인시 처인구 원삼면	2026	농림지역	기타제한	보존	일접	1.6
41461	용인시 처인구 원삼면	2026	농림지역	기타제한	보존	특별	1.43
41461	용인시 처인구 원삼면	2026	농림지역	기타제한	보존	군사	1.5
41461	용인시 처인구 원삼면	2026	농림지역	기타제한	보존	도공	1
41461	용인시 처인구 원삼면	2026	농림지역	기타제한	보존	일시	1
41461	용인시 처인구 원삼면	2026	농림지역	기타제한	환경	일반	1.52
41461	용인시 처인구 원삼면	2026	농림지역	기타제한	환경	보존	0.91
41461	용인시 처인구 원삼면	2026	농림지역	기타제한	환경	환경	1
41461	용인시 처인구 원삼면	2026	농림지역	기타제한	환경	마을	1.21
41461	용인시 처인구 원삼면	2026	농림지역	기타제한	환경	상수	1.3
41461	용인시 처인구 원삼면	2026	농림지역	기타제한	환경	고접	1.33
41461	용인시 처인구 원삼면	2026	농림지역	기타제한	환경	일접	1.45
41461	용인시 처인구 원삼면	2026	농림지역	기타제한	환경	특별	1.3
41461	용인시 처인구 원삼면	2026	농림지역	기타제한	환경	군사	1.36
41461	용인시 처인구 원삼면	2026	농림지역	기타제한	환경	도공	0.91
41461	용인시 처인구 원삼면	2026	농림지역	기타제한	환경	일시	0.91
41461	용인시 처인구 원삼면	2026	농림지역	기타제한	마을	일반	1.25
41461	용인시 처인구 원삼면	2026	농림지역	기타제한	마을	보존	0.75
41461	용인시 처인구 원삼면	2026	농림지역	기타제한	마을	환경	0.83
41461	용인시 처인구 원삼면	2026	농림지역	기타제한	마을	마을	1
41461	용인시 처인구 원삼면	2026	농림지역	기타제한	마을	상수	1.08
41461	용인시 처인구 원삼면	2026	농림지역	기타제한	마을	고접	1.1
41461	용인시 처인구 원삼면	2026	농림지역	기타제한	마을	일접	1.2
41461	용인시 처인구 원삼면	2026	농림지역	기타제한	마을	특별	1.08
41461	용인시 처인구 원삼면	2026	농림지역	기타제한	마을	군사	1.13
41461	용인시 처인구 원삼면	2026	농림지역	기타제한	마을	도공	0.75
41461	용인시 처인구 원삼면	2026	농림지역	기타제한	마을	일시	0.75
41461	용인시 처인구 원삼면	2026	농림지역	기타제한	상수	일반	1.16
41461	용인시 처인구 원삼면	2026	농림지역	기타제한	상수	보존	0.7
41461	용인시 처인구 원삼면	2026	농림지역	기타제한	상수	환경	0.77
41461	용인시 처인구 원삼면	2026	농림지역	기타제한	상수	마을	0.93
41461	용인시 처인구 원삼면	2026	농림지역	기타제한	상수	상수	1
41461	용인시 처인구 원삼면	2026	농림지역	기타제한	상수	고접	1.02
41461	용인시 처인구 원삼면	2026	농림지역	기타제한	상수	일접	1.12
41461	용인시 처인구 원삼면	2026	농림지역	기타제한	상수	특별	1
41461	용인시 처인구 원삼면	2026	농림지역	기타제한	상수	군사	1.05
41461	용인시 처인구 원삼면	2026	농림지역	기타제한	상수	도공	0.7
41461	용인시 처인구 원삼면	2026	농림지역	기타제한	상수	일시	0.7
41461	용인시 처인구 원삼면	2026	농림지역	기타제한	고접	일반	1.14
41461	용인시 처인구 원삼면	2026	농림지역	기타제한	고접	보존	0.68
41461	용인시 처인구 원삼면	2026	농림지역	기타제한	고접	환경	0.75
41461	용인시 처인구 원삼면	2026	농림지역	기타제한	고접	마을	0.91
41461	용인시 처인구 원삼면	2026	농림지역	기타제한	고접	상수	0.98
41461	용인시 처인구 원삼면	2026	농림지역	기타제한	고접	고접	1
41461	용인시 처인구 원삼면	2026	농림지역	기타제한	고접	일접	1.09
41461	용인시 처인구 원삼면	2026	농림지역	기타제한	고접	특별	0.98
41461	용인시 처인구 원삼면	2026	농림지역	기타제한	고접	군사	1.02
41461	용인시 처인구 원삼면	2026	농림지역	기타제한	고접	도공	0.68
41461	용인시 처인구 원삼면	2026	농림지역	기타제한	고접	일시	0.68
41461	용인시 처인구 원삼면	2026	농림지역	기타제한	일접	일반	1.04
41461	용인시 처인구 원삼면	2026	농림지역	기타제한	일접	보존	0.63
41461	용인시 처인구 원삼면	2026	농림지역	기타제한	일접	환경	0.69
41461	용인시 처인구 원삼면	2026	농림지역	기타제한	일접	마을	0.83
41461	용인시 처인구 원삼면	2026	농림지역	기타제한	일접	상수	0.9
41461	용인시 처인구 원삼면	2026	농림지역	기타제한	일접	고접	0.92
41461	용인시 처인구 원삼면	2026	농림지역	기타제한	일접	일접	1
41461	용인시 처인구 원삼면	2026	농림지역	기타제한	일접	특별	0.9
41461	용인시 처인구 원삼면	2026	농림지역	기타제한	일접	군사	0.94
41461	용인시 처인구 원삼면	2026	농림지역	기타제한	일접	도공	0.63
41461	용인시 처인구 원삼면	2026	농림지역	기타제한	일접	일시	0.63
41461	용인시 처인구 원삼면	2026	농림지역	기타제한	특별	일반	1.16
41461	용인시 처인구 원삼면	2026	농림지역	기타제한	특별	보존	0.7
41461	용인시 처인구 원삼면	2026	농림지역	기타제한	특별	환경	0.77
41461	용인시 처인구 원삼면	2026	농림지역	기타제한	특별	마을	0.93
41461	용인시 처인구 원삼면	2026	농림지역	기타제한	특별	상수	1
41461	용인시 처인구 원삼면	2026	농림지역	기타제한	특별	고접	1.02
41461	용인시 처인구 원삼면	2026	농림지역	기타제한	특별	일접	1.12
41461	용인시 처인구 원삼면	2026	농림지역	기타제한	특별	특별	1
41461	용인시 처인구 원삼면	2026	농림지역	기타제한	특별	군사	1.05
41461	용인시 처인구 원삼면	2026	농림지역	기타제한	특별	도공	0.7
41461	용인시 처인구 원삼면	2026	농림지역	기타제한	특별	일시	0.7
41461	용인시 처인구 원삼면	2026	농림지역	기타제한	군사	일반	1.11
41461	용인시 처인구 원삼면	2026	농림지역	기타제한	군사	보존	0.67
41461	용인시 처인구 원삼면	2026	농림지역	기타제한	군사	환경	0.73
41461	용인시 처인구 원삼면	2026	농림지역	기타제한	군사	마을	0.89
41461	용인시 처인구 원삼면	2026	농림지역	기타제한	군사	상수	0.96
41461	용인시 처인구 원삼면	2026	농림지역	기타제한	군사	고접	0.98
41461	용인시 처인구 원삼면	2026	농림지역	기타제한	군사	일접	1.07
41461	용인시 처인구 원삼면	2026	농림지역	기타제한	군사	특별	0.96
41461	용인시 처인구 원삼면	2026	농림지역	기타제한	군사	군사	1
41461	용인시 처인구 원삼면	2026	농림지역	기타제한	군사	도공	0.67
41461	용인시 처인구 원삼면	2026	농림지역	기타제한	군사	일시	0.67
41461	용인시 처인구 원삼면	2026	농림지역	기타제한	도공	일반	1.67
41461	용인시 처인구 원삼면	2026	농림지역	기타제한	도공	보존	1
41461	용인시 처인구 원삼면	2026	농림지역	기타제한	도공	환경	1.1
41461	용인시 처인구 원삼면	2026	농림지역	기타제한	도공	마을	1.33
41461	용인시 처인구 원삼면	2026	농림지역	기타제한	도공	상수	1.43
41461	용인시 처인구 원삼면	2026	농림지역	기타제한	도공	고접	1.47
41461	용인시 처인구 원삼면	2026	농림지역	기타제한	도공	일접	1.6
41461	용인시 처인구 원삼면	2026	농림지역	기타제한	도공	특별	1.43
41461	용인시 처인구 원삼면	2026	농림지역	기타제한	도공	군사	1.5
41461	용인시 처인구 원삼면	2026	농림지역	기타제한	도공	도공	1
41461	용인시 처인구 원삼면	2026	농림지역	기타제한	도공	일시	1
41461	용인시 처인구 원삼면	2026	농림지역	기타제한	일시	일반	1.67
41461	용인시 처인구 원삼면	2026	농림지역	기타제한	일시	보존	1
41461	용인시 처인구 원삼면	2026	농림지역	기타제한	일시	환경	1.1
41461	용인시 처인구 원삼면	2026	농림지역	기타제한	일시	마을	1.33
41461	용인시 처인구 원삼면	2026	농림지역	기타제한	일시	상수	1.43
41461	용인시 처인구 원삼면	2026	농림지역	기타제한	일시	고접	1.47
41461	용인시 처인구 원삼면	2026	농림지역	기타제한	일시	일접	1.6
41461	용인시 처인구 원삼면	2026	농림지역	기타제한	일시	특별	1.43
41461	용인시 처인구 원삼면	2026	농림지역	기타제한	일시	군사	1.5
41461	용인시 처인구 원삼면	2026	농림지역	기타제한	일시	도공	1
41461	용인시 처인구 원삼면	2026	농림지역	기타제한	일시	일시	1
41461	용인시 처인구 원삼면	2026	농림지역	농지구분	진흥	진흥	1
41461	용인시 처인구 원삼면	2026	농림지역	농지구분	진흥	보호	1.02
41461	용인시 처인구 원삼면	2026	농림지역	농지구분	진흥	해당없음	1.05
41461	용인시 처인구 원삼면	2026	농림지역	농지구분	보호	진흥	0.98
41461	용인시 처인구 원삼면	2026	농림지역	농지구분	보호	보호	1
41461	용인시 처인구 원삼면	2026	농림지역	농지구분	보호	해당없음	1.03
41461	용인시 처인구 원삼면	2026	농림지역	농지구분	해당없음	진흥	0.95
41461	용인시 처인구 원삼면	2026	농림지역	농지구분	해당없음	보호	0.97
41461	용인시 처인구 원삼면	2026	농림지역	농지구분	해당없음	해당없음	1
41461	용인시 처인구 원삼면	2026	농림지역	비옥도	비옥	비옥	1
41461	용인시 처인구 원삼면	2026	농림지역	비옥도	비옥	저습·사질척박	0.94
41461	용인시 처인구 원삼면	2026	농림지역	비옥도	저습·사질척박	비옥	1.06
41461	용인시 처인구 원삼면	2026	농림지역	비옥도	저습·사질척박	저습·사질척박	1
41461	용인시 처인구 원삼면	2026	농림지역	경지정리	정리	정리	1
41461	용인시 처인구 원삼면	2026	농림지역	경지정리	정리	미정리	0.97
41461	용인시 처인구 원삼면	2026	농림지역	경지정리	미정리	정리	1.03
41461	용인시 처인구 원삼면	2026	농림지역	경지정리	미정리	미정리	1
41461	용인시 처인구 원삼면	2026	농림지역	임야	보전산	보전산	1
41461	용인시 처인구 원삼면	2026	농림지역	임야	보전산	준보전산	1.18
41461	용인시 처인구 원삼면	2026	농림지역	임야	준보전산	보전산	0.85
41461	용인시 처인구 원삼면	2026	농림지역	임야	준보전산	준보전산	1
41461	용인시 처인구 원삼면	2026	농림지역	토지이용상황	주거용	주거용	1
41461	용인시 처인구 원삼면	2026	농림지역	토지이용상황	주거용	상업업무	1.37
41461	용인시 처인구 원삼면	2026	농림지역	토지이용상황	주거용	주상복합	1.24
41461	용인시 처인구 원삼면	2026	농림지역	토지이용상황	주거용	공업용	1
41461	용인시 처인구 원삼면	2026	농림지역	토지이용상황	주거용	태양광	0.76
41461	용인시 처인구 원삼면	2026	농림지역	토지이용상황	주거용	전	0.5
41461	용인시 처인구 원삼면	2026	농림지역	토지이용상황	주거용	전창고	0.62
41461	용인시 처인구 원삼면	2026	농림지역	토지이용상황	주거용	전축사	0.62
41461	용인시 처인구 원삼면	2026	농림지역	토지이용상황	주거용	답	0.45
41461	용인시 처인구 원삼면	2026	농림지역	토지이용상황	주거용	답창고	0.57
41461	용인시 처인구 원삼면	2026	농림지역	토지이용상황	주거용	답축사	0.55
41461	용인시 처인구 원삼면	2026	농림지역	토지이용상황	주거용	임야	0.35
41461	용인시 처인구 원삼면	2026	농림지역	토지이용상황	상업업무	주거용	0.73
41461	용인시 처인구 원삼면	2026	농림지역	토지이용상황	상업업무	상업업무	1
41461	용인시 처인구 원삼면	2026	농림지역	토지이용상황	상업업무	주상복합	0.91
41461	용인시 처인구 원삼면	2026	농림지역	토지이용상황	상업업무	공업용	0.73
41461	용인시 처인구 원삼면	2026	농림지역	토지이용상황	상업업무	태양광	0.55
41461	용인시 처인구 원삼면	2026	농림지역	토지이용상황	상업업무	전	0.36
41461	용인시 처인구 원삼면	2026	농림지역	토지이용상황	상업업무	전창고	0.45
41461	용인시 처인구 원삼면	2026	농림지역	토지이용상황	상업업무	전축사	0.45
41461	용인시 처인구 원삼면	2026	농림지역	토지이용상황	상업업무	답	0.33
41461	용인시 처인구 원삼면	2026	농림지역	토지이용상황	상업업무	답창고	0.42
41461	용인시 처인구 원삼면	2026	농림지역	토지이용상황	상업업무	답축사	0.4
41461	용인시 처인구 원삼면	2026	농림지역	토지이용상황	상업업무	임야	0.26
41461	용인시 처인구 원삼면	2026	농림지역	토지이용상황	주상복합	주거용	0.81
41461	용인시 처인구 원삼면	2026	농림지역	토지이용상황	주상복합	상업업무	1.1
41461	용인시 처인구 원삼면	2026	농림지역	토지이용상황	주상복합	주상복합	1
41461	용인시 처인구 원삼면	2026	농림지역	토지이용상황	주상복합	공업용	0.81
41461	용인시 처인구 원삼면	2026	농림지역	토지이용상황	주상복합	태양광	0.61
41461	용인시 처인구 원삼면	2026	농림지역	토지이용상황	주상복합	전	0.4
41461	용인시 처인구 원삼면	2026	농림지역	토지이용상황	주상복합	전창고	0.5
41461	용인시 처인구 원삼면	2026	농림지역	토지이용상황	주상복합	전축사	0.5
41461	용인시 처인구 원삼면	2026	농림지역	토지이용상황	주상복합	답	0.36
41461	용인시 처인구 원삼면	2026	농림지역	토지이용상황	주상복합	답창고	0.46
41461	용인시 처인구 원삼면	2026	농림지역	토지이용상황	주상복합	답축사	0.44
41461	용인시 처인구 원삼면	2026	농림지역	토지이용상황	주상복합	임야	0.28
41461	용인시 처인구 원삼면	2026	농림지역	토지이용상황	공업용	주거용	1
41461	용인시 처인구 원삼면	2026	농림지역	토지이용상황	공업용	상업업무	1.37
41461	용인시 처인구 원삼면	2026	농림지역	토지이용상황	공업용	주상복합	1.24
41461	용인시 처인구 원삼면	2026	농림지역	토지이용상황	공업용	공업용	1
41461	용인시 처인구 원삼면	2026	농림지역	토지이용상황	공업용	태양광	0.76
41461	용인시 처인구 원삼면	2026	농림지역	토지이용상황	공업용	전	0.5
41461	용인시 처인구 원삼면	2026	농림지역	토지이용상황	공업용	전창고	0.62
41461	용인시 처인구 원삼면	2026	농림지역	토지이용상황	공업용	전축사	0.62
41461	용인시 처인구 원삼면	2026	농림지역	토지이용상황	공업용	답	0.45
41461	용인시 처인구 원삼면	2026	농림지역	토지이용상황	공업용	답창고	0.57
41461	용인시 처인구 원삼면	2026	농림지역	토지이용상황	공업용	답축사	0.55
41461	용인시 처인구 원삼면	2026	농림지역	토지이용상황	공업용	임야	0.35
41461	용인시 처인구 원삼면	2026	농림지역	토지이용상황	태양광	주거용	1.32
41461	용인시 처인구 원삼면	2026	농림지역	토지이용상황	태양광	상업업무	1.8
41461	용인시 처인구 원삼면	2026	농림지역	토지이용상황	태양광	주상복합	1.63
41461	용인시 처인구 원삼면	2026	농림지역	토지이용상황	태양광	공업용	1.32
41461	용인시 처인구 원삼면	2026	농림지역	토지이용상황	태양광	태양광	1
41461	용인시 처인구 원삼면	2026	농림지역	토지이용상황	태양광	전	0.66
41461	용인시 처인구 원삼면	2026	농림지역	토지이용상황	태양광	전창고	0.82
41461	용인시 처인구 원삼면	2026	농림지역	토지이용상황	태양광	전축사	0.82
41461	용인시 처인구 원삼면	2026	농림지역	토지이용상황	태양광	답	0.59
41461	용인시 처인구 원삼면	2026	농림지역	토지이용상황	태양광	답창고	0.75
41461	용인시 처인구 원삼면	2026	농림지역	토지이용상황	태양광	답축사	0.72
41461	용인시 처인구 원삼면	2026	농림지역	토지이용상황	태양광	임야	0.46
41461	용인시 처인구 원삼면	2026	농림지역	토지이용상황	전	주거용	2
41461	용인시 처인구 원삼면	2026	농림지역	토지이용상황	전	상업업무	2.74
41461	용인시 처인구 원삼면	2026	농림지역	토지이용상황	전	주상복합	2.48
41461	용인시 처인구 원삼면	2026	농림지역	토지이용상황	전	공업용	2
41461	용인시 처인구 원삼면	2026	농림지역	토지이용상황	전	태양광	1.52
41461	용인시 처인구 원삼면	2026	농림지역	토지이용상황	전	전	1
41461	용인시 처인구 원삼면	2026	농림지역	토지이용상황	전	전창고	1.24
41461	용인시 처인구 원삼면	2026	농림지역	토지이용상황	전	전축사	1.24
41461	용인시 처인구 원삼면	2026	농림지역	토지이용상황	전	답	0.9
41461	용인시 처인구 원삼면	2026	농림지역	토지이용상황	전	답창고	1.14
41461	용인시 처인구 원삼면	2026	농림지역	토지이용상황	전	답축사	1.1
41461	용인시 처인구 원삼면	2026	농림지역	토지이용상황	전	임야	0.7
41461	용인시 처인구 원삼면	2026	농림지역	토지이용상황	전창고	주거용	1.61
41461	용인시 처인구 원삼면	2026	농림지역	토지이용상황	전창고	상업업무	2.21
41461	용인시 처인구 원삼면	2026	농림지역	토지이용상황	전창고	주상복합	2
41461	용인시 처인구 원삼면	2026	농림지역	토지이용상황	전창고	공업용	1.61
41461	용인시 처인구 원삼면	2026	농림지역	토지이용상황	전창고	태양광	1.23
41461	용인시 처인구 원삼면	2026	농림지역	토지이용상황	전창고	전	0.81
41461	용인시 처인구 원삼면	2026	농림지역	토지이용상황	전창고	전창고	1
41461	용인시 처인구 원삼면	2026	농림지역	토지이용상황	전창고	전축사	1
41461	용인시 처인구 원삼면	2026	농림지역	토지이용상황	전창고	답	0.73
41461	용인시 처인구 원삼면	2026	농림지역	토지이용상황	전창고	답창고	0.92
41461	용인시 처인구 원삼면	2026	농림지역	토지이용상황	전창고	답축사	0.89
41461	용인시 처인구 원삼면	2026	농림지역	토지이용상황	전창고	임야	0.56
41461	용인시 처인구 원삼면	2026	농림지역	토지이용상황	전축사	주거용	1.61
41461	용인시 처인구 원삼면	2026	농림지역	토지이용상황	전축사	상업업무	2.21
41461	용인시 처인구 원삼면	2026	농림지역	토지이용상황	전축사	주상복합	2
41461	용인시 처인구 원삼면	2026	농림지역	토지이용상황	전축사	공업용	1.61
41461	용인시 처인구 원삼면	2026	농림지역	토지이용상황	전축사	태양광	1.23
41461	용인시 처인구 원삼면	2026	농림지역	토지이용상황	전축사	전	0.81
41461	용인시 처인구 원삼면	2026	농림지역	토지이용상황	전축사	전창고	1
41461	용인시 처인구 원삼면	2026	농림지역	토지이용상황	전축사	전축사	1
41461	용인시 처인구 원삼면	2026	농림지역	토지이용상황	전축사	답	0.73
41461	용인시 처인구 원삼면	2026	농림지역	토지이용상황	전축사	답창고	0.92
41461	용인시 처인구 원삼면	2026	농림지역	토지이용상황	전축사	답축사	0.89
41461	용인시 처인구 원삼면	2026	농림지역	토지이용상황	전축사	임야	0.56
41461	용인시 처인구 원삼면	2026	농림지역	토지이용상황	답	주거용	2.22
41461	용인시 처인구 원삼면	2026	농림지역	토지이용상황	답	상업업무	3.04
41461	용인시 처인구 원삼면	2026	농림지역	토지이용상황	답	주상복합	2.76
41461	용인시 처인구 원삼면	2026	농림지역	토지이용상황	답	공업용	2.22
41461	용인시 처인구 원삼면	2026	농림지역	토지이용상황	답	태양광	1.69
41461	용인시 처인구 원삼면	2026	농림지역	토지이용상황	답	전	1.11
41461	용인시 처인구 원삼면	2026	농림지역	토지이용상황	답	전창고	1.38
41461	용인시 처인구 원삼면	2026	농림지역	토지이용상황	답	전축사	1.38
41461	용인시 처인구 원삼면	2026	농림지역	토지이용상황	답	답	1
41461	용인시 처인구 원삼면	2026	농림지역	토지이용상황	답	답창고	1.27
41461	용인시 처인구 원삼면	2026	농림지역	토지이용상황	답	답축사	1.22
41461	용인시 처인구 원삼면	2026	농림지역	토지이용상황	답	임야	0.78
41461	용인시 처인구 원삼면	2026	농림지역	토지이용상황	답창고	주거용	1.75
41461	용인시 처인구 원삼면	2026	농림지역	토지이용상황	답창고	상업업무	2.4
41461	용인시 처인구 원삼면	2026	농림지역	토지이용상황	답창고	주상복합	2.18
41461	용인시 처인구 원삼면	2026	농림지역	토지이용상황	답창고	공업용	1.75
41461	용인시 처인구 원삼면	2026	농림지역	토지이용상황	답창고	태양광	1.33
41461	용인시 처인구 원삼면	2026	농림지역	토지이용상황	답창고	전	0.88
41461	용인시 처인구 원삼면	2026	농림지역	토지이용상황	답창고	전창고	1.09
41461	용인시 처인구 원삼면	2026	농림지역	토지이용상황	답창고	전축사	1.09
41461	용인시 처인구 원삼면	2026	농림지역	토지이용상황	답창고	답	0.79
41461	용인시 처인구 원삼면	2026	농림지역	토지이용상황	답창고	답창고	1
41461	용인시 처인구 원삼면	2026	농림지역	토지이용상황	답창고	답축사	0.96
41461	용인시 처인구 원삼면	2026	농림지역	토지이용상황	답창고	임야	0.61
41461	용인시 처인구 원삼면	2026	농림지역	토지이용상황	답축사	주거용	1.82
41461	용인시 처인구 원삼면	2026	농림지역	토지이용상황	답축사	상업업무	2.49
41461	용인시 처인구 원삼면	2026	농림지역	토지이용상황	답축사	주상복합	2.25
41461	용인시 처인구 원삼면	2026	농림지역	토지이용상황	답축사	공업용	1.82
41461	용인시 처인구 원삼면	2026	농림지역	토지이용상황	답축사	태양광	1.38
41461	용인시 처인구 원삼면	2026	농림지역	토지이용상황	답축사	전	0.91
41461	용인시 처인구 원삼면	2026	농림지역	토지이용상황	답축사	전창고	1.13
41461	용인시 처인구 원삼면	2026	농림지역	토지이용상황	답축사	전축사	1.13
41461	용인시 처인구 원삼면	2026	농림지역	토지이용상황	답축사	답	0.82
41461	용인시 처인구 원삼면	2026	농림지역	토지이용상황	답축사	답창고	1.04
41461	용인시 처인구 원삼면	2026	농림지역	토지이용상황	답축사	답축사	1
41461	용인시 처인구 원삼면	2026	농림지역	토지이용상황	답축사	임야	0.64
41461	용인시 처인구 원삼면	2026	농림지역	토지이용상황	임야	주거용	2.86
41461	용인시 처인구 원삼면	2026	농림지역	토지이용상황	임야	상업업무	3.91
41461	용인시 처인구 원삼면	2026	농림지역	토지이용상황	임야	주상복합	3.54
41461	용인시 처인구 원삼면	2026	농림지역	토지이용상황	임야	공업용	2.86
41461	용인시 처인구 원삼면	2026	농림지역	토지이용상황	임야	태양광	2.17
41461	용인시 처인구 원삼면	2026	농림지역	토지이용상황	임야	전	1.43
41461	용인시 처인구 원삼면	2026	농림지역	토지이용상황	임야	전창고	1.77
41461	용인시 처인구 원삼면	2026	농림지역	토지이용상황	임야	전축사	1.77
41461	용인시 처인구 원삼면	2026	농림지역	토지이용상황	임야	답	1.29
41461	용인시 처인구 원삼면	2026	농림지역	토지이용상황	임야	답창고	1.63
41461	용인시 처인구 원삼면	2026	농림지역	토지이용상황	임야	답축사	1.57
41461	용인시 처인구 원삼면	2026	농림지역	토지이용상황	임야	임야	1
41461	용인시 처인구 원삼면	2026	농림지역	공공용지	일반	일반	1
41461	용인시 처인구 원삼면	2026	농림지역	공공용지	일반	도로	0.33
41461	용인시 처인구 원삼면	2026	농림지역	공공용지	일반	공원	0.33
41461	용인시 처인구 원삼면	2026	농림지역	공공용지	일반	운동장	0.7
41461	용인시 처인구 원삼면	2026	농림지역	공공용지	일반	하천	0.33
41461	용인시 처인구 원삼면	2026	농림지역	공공용지	일반	혐오	0.33
41461	용인시 처인구 원삼면	2026	농림지역	공공용지	일반	위험	0.7
41461	용인시 처인구 원삼면	2026	농림지역	공공용지	일반	도축장	0.7
41461	용인시 처인구 원삼면	2026	농림지역	공공용지	도로	일반	3.03
41461	용인시 처인구 원삼면	2026	농림지역	공공용지	도로	도로	1
41461	용인시 처인구 원삼면	2026	농림지역	공공용지	도로	공원	1
41461	용인시 처인구 원삼면	2026	농림지역	공공용지	도로	운동장	2.12
41461	용인시 처인구 원삼면	2026	농림지역	공공용지	도로	하천	1
41461	용인시 처인구 원삼면	2026	농림지역	공공용지	도로	혐오	1
41461	용인시 처인구 원삼면	2026	농림지역	공공용지	도로	위험	2.12
41461	용인시 처인구 원삼면	2026	농림지역	공공용지	도로	도축장	2.12
41461	용인시 처인구 원삼면	2026	농림지역	공공용지	공원	일반	3.03
41461	용인시 처인구 원삼면	2026	농림지역	공공용지	공원	도로	1
41461	용인시 처인구 원삼면	2026	농림지역	공공용지	공원	공원	1
41461	용인시 처인구 원삼면	2026	농림지역	공공용지	공원	운동장	2.12
41461	용인시 처인구 원삼면	2026	농림지역	공공용지	공원	하천	1
41461	용인시 처인구 원삼면	2026	농림지역	공공용지	공원	혐오	1
41461	용인시 처인구 원삼면	2026	농림지역	공공용지	공원	위험	2.12
41461	용인시 처인구 원삼면	2026	농림지역	공공용지	공원	도축장	2.12
41461	용인시 처인구 원삼면	2026	농림지역	공공용지	운동장	일반	1.43
41461	용인시 처인구 원삼면	2026	농림지역	공공용지	운동장	도로	0.47
41461	용인시 처인구 원삼면	2026	농림지역	공공용지	운동장	공원	0.47
41461	용인시 처인구 원삼면	2026	농림지역	공공용지	운동장	운동장	1
41461	용인시 처인구 원삼면	2026	농림지역	공공용지	운동장	하천	0.47
41461	용인시 처인구 원삼면	2026	농림지역	공공용지	운동장	혐오	0.47
41461	용인시 처인구 원삼면	2026	농림지역	공공용지	운동장	위험	1
41461	용인시 처인구 원삼면	2026	농림지역	공공용지	운동장	도축장	1
41461	용인시 처인구 원삼면	2026	농림지역	공공용지	하천	일반	3.03
41461	용인시 처인구 원삼면	2026	농림지역	공공용지	하천	도로	1
41461	용인시 처인구 원삼면	2026	농림지역	공공용지	하천	공원	1
41461	용인시 처인구 원삼면	2026	농림지역	공공용지	하천	운동장	2.12
41461	용인시 처인구 원삼면	2026	농림지역	공공용지	하천	하천	1
41461	용인시 처인구 원삼면	2026	농림지역	공공용지	하천	혐오	1
41461	용인시 처인구 원삼면	2026	농림지역	공공용지	하천	위험	2.12
41461	용인시 처인구 원삼면	2026	농림지역	공공용지	하천	도축장	2.12
41461	용인시 처인구 원삼면	2026	농림지역	공공용지	혐오	일반	3.03
41461	용인시 처인구 원삼면	2026	농림지역	공공용지	혐오	도로	1
41461	용인시 처인구 원삼면	2026	농림지역	공공용지	혐오	공원	1
41461	용인시 처인구 원삼면	2026	농림지역	공공용지	혐오	운동장	2.12
41461	용인시 처인구 원삼면	2026	농림지역	공공용지	혐오	하천	1
41461	용인시 처인구 원삼면	2026	농림지역	공공용지	혐오	혐오	1
41461	용인시 처인구 원삼면	2026	농림지역	공공용지	혐오	위험	2.12
41461	용인시 처인구 원삼면	2026	농림지역	공공용지	혐오	도축장	2.12
41461	용인시 처인구 원삼면	2026	농림지역	공공용지	위험	일반	1.43
41461	용인시 처인구 원삼면	2026	농림지역	공공용지	위험	도로	0.47
41461	용인시 처인구 원삼면	2026	농림지역	공공용지	위험	공원	0.47
41461	용인시 처인구 원삼면	2026	농림지역	공공용지	위험	운동장	1
41461	용인시 처인구 원삼면	2026	농림지역	공공용지	위험	하천	0.47
41461	용인시 처인구 원삼면	2026	농림지역	공공용지	위험	혐오	0.47
41461	용인시 처인구 원삼면	2026	농림지역	공공용지	위험	위험	1
41461	용인시 처인구 원삼면	2026	농림지역	공공용지	위험	도축장	1
41461	용인시 처인구 원삼면	2026	농림지역	공공용지	도축장	일반	1.43
41461	용인시 처인구 원삼면	2026	농림지역	공공용지	도축장	도로	0.47
41461	용인시 처인구 원삼면	2026	농림지역	공공용지	도축장	공원	0.47
41461	용인시 처인구 원삼면	2026	농림지역	공공용지	도축장	운동장	1
41461	용인시 처인구 원삼면	2026	농림지역	공공용지	도축장	하천	0.47
41461	용인시 처인구 원삼면	2026	농림지역	공공용지	도축장	혐오	0.47
41461	용인시 처인구 원삼면	2026	농림지역	공공용지	도축장	위험	1
41461	용인시 처인구 원삼면	2026	농림지역	공공용지	도축장	도축장	1
41461	용인시 처인구 원삼면	2026	농림지역	고저	저지	저지	1
41461	용인시 처인구 원삼면	2026	농림지역	고저	저지	평지	1.04
41461	용인시 처인구 원삼면	2026	농림지역	고저	저지	완경사	0.96
41461	용인시 처인구 원삼면	2026	농림지역	고저	저지	급경사	0.73
41461	용인시 처인구 원삼면	2026	농림지역	고저	저지	고지	0.71
41461	용인시 처인구 원삼면	2026	농림지역	고저	평지	저지	0.96
41461	용인시 처인구 원삼면	2026	농림지역	고저	평지	평지	1
41461	용인시 처인구 원삼면	2026	농림지역	고저	평지	완경사	0.92
41461	용인시 처인구 원삼면	2026	농림지역	고저	평지	급경사	0.7
41461	용인시 처인구 원삼면	2026	농림지역	고저	평지	고지	0.68
41461	용인시 처인구 원삼면	2026	농림지역	고저	완경사	저지	1.04
41461	용인시 처인구 원삼면	2026	농림지역	고저	완경사	평지	1.08
41461	용인시 처인구 원삼면	2026	농림지역	고저	완경사	완경사	1
41461	용인시 처인구 원삼면	2026	농림지역	고저	완경사	급경사	0.76
41461	용인시 처인구 원삼면	2026	농림지역	고저	완경사	고지	0.74
41461	용인시 처인구 원삼면	2026	농림지역	고저	급경사	저지	1.37
41461	용인시 처인구 원삼면	2026	농림지역	고저	급경사	평지	1.42
41461	용인시 처인구 원삼면	2026	농림지역	고저	급경사	완경사	1.32
41461	용인시 처인구 원삼면	2026	농림지역	고저	급경사	급경사	1
41461	용인시 처인구 원삼면	2026	농림지역	고저	급경사	고지	0.97
41461	용인시 처인구 원삼면	2026	농림지역	고저	고지	저지	1.41
41461	용인시 처인구 원삼면	2026	농림지역	고저	고지	평지	1.46
41461	용인시 처인구 원삼면	2026	농림지역	고저	고지	완경사	1.35
41461	용인시 처인구 원삼면	2026	농림지역	고저	고지	급경사	1.03
41461	용인시 처인구 원삼면	2026	농림지역	고저	고지	고지	1
41461	용인시 처인구 원삼면	2026	농림지역	형상(주거.공업)	정형	정형	1
41461	용인시 처인구 원삼면	2026	농림지역	형상(주거.공업)	정형	비정형	0.97
41461	용인시 처인구 원삼면	2026	농림지역	형상(주거.공업)	비정형	정형	1.03
41461	용인시 처인구 원삼면	2026	농림지역	형상(주거.공업)	비정형	비정형	1
41461	용인시 처인구 원삼면	2026	농림지역	방위	남향	남향	1
41461	용인시 처인구 원삼면	2026	농림지역	방위	남향	동향	0.99
41461	용인시 처인구 원삼면	2026	농림지역	방위	남향	서향	0.98
41461	용인시 처인구 원삼면	2026	농림지역	방위	남향	북향	0.98
41461	용인시 처인구 원삼면	2026	농림지역	방위	동향	남향	1.01
41461	용인시 처인구 원삼면	2026	농림지역	방위	동향	동향	1
41461	용인시 처인구 원삼면	2026	농림지역	방위	동향	서향	0.99
41461	용인시 처인구 원삼면	2026	농림지역	방위	동향	북향	0.99
41461	용인시 처인구 원삼면	2026	농림지역	방위	서향	남향	1.02
41461	용인시 처인구 원삼면	2026	농림지역	방위	서향	동향	1.01
41461	용인시 처인구 원삼면	2026	농림지역	방위	서향	서향	1
41461	용인시 처인구 원삼면	2026	농림지역	방위	서향	북향	1
41461	용인시 처인구 원삼면	2026	농림지역	방위	북향	남향	1.02
41461	용인시 처인구 원삼면	2026	농림지역	방위	북향	동향	1.01
41461	용인시 처인구 원삼면	2026	농림지역	방위	북향	서향	1
41461	용인시 처인구 원삼면	2026	농림지역	방위	북향	북향	1
41461	용인시 처인구 원삼면	2026	농림지역	도로접면	광대한면	광대한면	1
41461	용인시 처인구 원삼면	2026	농림지역	도로접면	광대한면	광대소각	1.08
41461	용인시 처인구 원삼면	2026	농림지역	도로접면	광대한면	광대세각	1.05
41461	용인시 처인구 원삼면	2026	농림지역	도로접면	광대한면	중로한면	0.98
41461	용인시 처인구 원삼면	2026	농림지역	도로접면	광대한면	중로각지	0.99
41461	용인시 처인구 원삼면	2026	농림지역	도로접면	광대한면	소로한면	0.94
41461	용인시 처인구 원삼면	2026	농림지역	도로접면	광대한면	소로각지	0.97
41461	용인시 처인구 원삼면	2026	농림지역	도로접면	광대한면	세로(가)	0.84
41461	용인시 처인구 원삼면	2026	농림지역	도로접면	광대한면	세각(가)	0.87
41461	용인시 처인구 원삼면	2026	농림지역	도로접면	광대한면	세로(불)	0.72
41461	용인시 처인구 원삼면	2026	농림지역	도로접면	광대한면	세각(불)	0.74
41461	용인시 처인구 원삼면	2026	농림지역	도로접면	광대한면	맹지	0.69
41461	용인시 처인구 원삼면	2026	농림지역	도로접면	광대소각	광대한면	0.93
41461	용인시 처인구 원삼면	2026	농림지역	도로접면	광대소각	광대소각	1
41461	용인시 처인구 원삼면	2026	농림지역	도로접면	광대소각	광대세각	0.97
41461	용인시 처인구 원삼면	2026	농림지역	도로접면	광대소각	중로한면	0.91
41461	용인시 처인구 원삼면	2026	농림지역	도로접면	광대소각	중로각지	0.92
41461	용인시 처인구 원삼면	2026	농림지역	도로접면	광대소각	소로한면	0.87
41461	용인시 처인구 원삼면	2026	농림지역	도로접면	광대소각	소로각지	0.9
41461	용인시 처인구 원삼면	2026	농림지역	도로접면	광대소각	세로(가)	0.78
41461	용인시 처인구 원삼면	2026	농림지역	도로접면	광대소각	세각(가)	0.81
41461	용인시 처인구 원삼면	2026	농림지역	도로접면	광대소각	세로(불)	0.67
41461	용인시 처인구 원삼면	2026	농림지역	도로접면	광대소각	세각(불)	0.69
41461	용인시 처인구 원삼면	2026	농림지역	도로접면	광대소각	맹지	0.64
41461	용인시 처인구 원삼면	2026	농림지역	도로접면	광대세각	광대한면	0.95
41461	용인시 처인구 원삼면	2026	농림지역	도로접면	광대세각	광대소각	1.03
41461	용인시 처인구 원삼면	2026	농림지역	도로접면	광대세각	광대세각	1
41461	용인시 처인구 원삼면	2026	농림지역	도로접면	광대세각	중로한면	0.93
41461	용인시 처인구 원삼면	2026	농림지역	도로접면	광대세각	중로각지	0.94
41461	용인시 처인구 원삼면	2026	농림지역	도로접면	광대세각	소로한면	0.9
41461	용인시 처인구 원삼면	2026	농림지역	도로접면	광대세각	소로각지	0.92
41461	용인시 처인구 원삼면	2026	농림지역	도로접면	광대세각	세로(가)	0.8
41461	용인시 처인구 원삼면	2026	농림지역	도로접면	광대세각	세각(가)	0.83
41461	용인시 처인구 원삼면	2026	농림지역	도로접면	광대세각	세로(불)	0.69
41461	용인시 처인구 원삼면	2026	농림지역	도로접면	광대세각	세각(불)	0.7
41461	용인시 처인구 원삼면	2026	농림지역	도로접면	광대세각	맹지	0.66
41461	용인시 처인구 원삼면	2026	농림지역	도로접면	중로한면	광대한면	1.02
41461	용인시 처인구 원삼면	2026	농림지역	도로접면	중로한면	광대소각	1.1
41461	용인시 처인구 원삼면	2026	농림지역	도로접면	중로한면	광대세각	1.07
41461	용인시 처인구 원삼면	2026	농림지역	도로접면	중로한면	중로한면	1
41461	용인시 처인구 원삼면	2026	농림지역	도로접면	중로한면	중로각지	1.01
41461	용인시 처인구 원삼면	2026	농림지역	도로접면	중로한면	소로한면	0.96
41461	용인시 처인구 원삼면	2026	농림지역	도로접면	중로한면	소로각지	0.99
41461	용인시 처인구 원삼면	2026	농림지역	도로접면	중로한면	세로(가)	0.86
41461	용인시 처인구 원삼면	2026	농림지역	도로접면	중로한면	세각(가)	0.89
41461	용인시 처인구 원삼면	2026	농림지역	도로접면	중로한면	세로(불)	0.73
41461	용인시 처인구 원삼면	2026	농림지역	도로접면	중로한면	세각(불)	0.76
41461	용인시 처인구 원삼면	2026	농림지역	도로접면	중로한면	맹지	0.7
41461	용인시 처인구 원삼면	2026	농림지역	도로접면	중로각지	광대한면	1.01
41461	용인시 처인구 원삼면	2026	농림지역	도로접면	중로각지	광대소각	1.09
41461	용인시 처인구 원삼면	2026	농림지역	도로접면	중로각지	광대세각	1.06
41461	용인시 처인구 원삼면	2026	농림지역	도로접면	중로각지	중로한면	0.99
41461	용인시 처인구 원삼면	2026	농림지역	도로접면	중로각지	중로각지	1
41461	용인시 처인구 원삼면	2026	농림지역	도로접면	중로각지	소로한면	0.95
41461	용인시 처인구 원삼면	2026	농림지역	도로접면	중로각지	소로각지	0.98
41461	용인시 처인구 원삼면	2026	농림지역	도로접면	중로각지	세로(가)	0.85
41461	용인시 처인구 원삼면	2026	농림지역	도로접면	중로각지	세각(가)	0.88
41461	용인시 처인구 원삼면	2026	농림지역	도로접면	중로각지	세로(불)	0.73
41461	용인시 처인구 원삼면	2026	농림지역	도로접면	중로각지	세각(불)	0.75
41461	용인시 처인구 원삼면	2026	농림지역	도로접면	중로각지	맹지	0.7
41461	용인시 처인구 원삼면	2026	농림지역	도로접면	소로한면	광대한면	1.06
41461	용인시 처인구 원삼면	2026	농림지역	도로접면	소로한면	광대소각	1.15
41461	용인시 처인구 원삼면	2026	농림지역	도로접면	소로한면	광대세각	1.12
41461	용인시 처인구 원삼면	2026	농림지역	도로접면	소로한면	중로한면	1.04
41461	용인시 처인구 원삼면	2026	농림지역	도로접면	소로한면	중로각지	1.05
41461	용인시 처인구 원삼면	2026	농림지역	도로접면	소로한면	소로한면	1
41461	용인시 처인구 원삼면	2026	농림지역	도로접면	소로한면	소로각지	1.03
41461	용인시 처인구 원삼면	2026	농림지역	도로접면	소로한면	세로(가)	0.89
41461	용인시 처인구 원삼면	2026	농림지역	도로접면	소로한면	세각(가)	0.93
41461	용인시 처인구 원삼면	2026	농림지역	도로접면	소로한면	세로(불)	0.77
41461	용인시 처인구 원삼면	2026	농림지역	도로접면	소로한면	세각(불)	0.79
41461	용인시 처인구 원삼면	2026	농림지역	도로접면	소로한면	맹지	0.73
41461	용인시 처인구 원삼면	2026	농림지역	도로접면	소로각지	광대한면	1.03
41461	용인시 처인구 원삼면	2026	농림지역	도로접면	소로각지	광대소각	1.11
41461	용인시 처인구 원삼면	2026	농림지역	도로접면	소로각지	광대세각	1.08
41461	용인시 처인구 원삼면	2026	농림지역	도로접면	소로각지	중로한면	1.01
41461	용인시 처인구 원삼면	2026	농림지역	도로접면	소로각지	중로각지	1.02
41461	용인시 처인구 원삼면	2026	농림지역	도로접면	소로각지	소로한면	0.97
41461	용인시 처인구 원삼면	2026	농림지역	도로접면	소로각지	소로각지	1
41461	용인시 처인구 원삼면	2026	농림지역	도로접면	소로각지	세로(가)	0.87
41461	용인시 처인구 원삼면	2026	농림지역	도로접면	소로각지	세각(가)	0.9
41461	용인시 처인구 원삼면	2026	농림지역	도로접면	소로각지	세로(불)	0.74
41461	용인시 처인구 원삼면	2026	농림지역	도로접면	소로각지	세각(불)	0.76
41461	용인시 처인구 원삼면	2026	농림지역	도로접면	소로각지	맹지	0.71
41461	용인시 처인구 원삼면	2026	농림지역	도로접면	세로(가)	광대한면	1.19
41461	용인시 처인구 원삼면	2026	농림지역	도로접면	세로(가)	광대소각	1.29
41461	용인시 처인구 원삼면	2026	농림지역	도로접면	세로(가)	광대세각	1.25
41461	용인시 처인구 원삼면	2026	농림지역	도로접면	세로(가)	중로한면	1.17
41461	용인시 처인구 원삼면	2026	농림지역	도로접면	세로(가)	중로각지	1.18
41461	용인시 처인구 원삼면	2026	농림지역	도로접면	세로(가)	소로한면	1.12
41461	용인시 처인구 원삼면	2026	농림지역	도로접면	세로(가)	소로각지	1.15
41461	용인시 처인구 원삼면	2026	농림지역	도로접면	세로(가)	세로(가)	1
41461	용인시 처인구 원삼면	2026	농림지역	도로접면	세로(가)	세각(가)	1.04
41461	용인시 처인구 원삼면	2026	농림지역	도로접면	세로(가)	세로(불)	0.86
41461	용인시 처인구 원삼면	2026	농림지역	도로접면	세로(가)	세각(불)	0.88
41461	용인시 처인구 원삼면	2026	농림지역	도로접면	세로(가)	맹지	0.82
41461	용인시 처인구 원삼면	2026	농림지역	도로접면	세각(가)	광대한면	1.15
41461	용인시 처인구 원삼면	2026	농림지역	도로접면	세각(가)	광대소각	1.24
41461	용인시 처인구 원삼면	2026	농림지역	도로접면	세각(가)	광대세각	1.21
41461	용인시 처인구 원삼면	2026	농림지역	도로접면	세각(가)	중로한면	1.13
41461	용인시 처인구 원삼면	2026	농림지역	도로접면	세각(가)	중로각지	1.14
41461	용인시 처인구 원삼면	2026	농림지역	도로접면	세각(가)	소로한면	1.08
41461	용인시 처인구 원삼면	2026	농림지역	도로접면	세각(가)	소로각지	1.11
41461	용인시 처인구 원삼면	2026	농림지역	도로접면	세각(가)	세로(가)	0.97
41461	용인시 처인구 원삼면	2026	농림지역	도로접면	세각(가)	세각(가)	1
41461	용인시 처인구 원삼면	2026	농림지역	도로접면	세각(가)	세로(불)	0.83
41461	용인시 처인구 원삼면	2026	농림지역	도로접면	세각(가)	세각(불)	0.85
41461	용인시 처인구 원삼면	2026	농림지역	도로접면	세각(가)	맹지	0.79
41461	용인시 처인구 원삼면	2026	농림지역	도로접면	세로(불)	광대한면	1.39
41461	용인시 처인구 원삼면	2026	농림지역	도로접면	세로(불)	광대소각	1.5
41461	용인시 처인구 원삼면	2026	농림지역	도로접면	세로(불)	광대세각	1.46
41461	용인시 처인구 원삼면	2026	농림지역	도로접면	세로(불)	중로한면	1.36
41461	용인시 처인구 원삼면	2026	농림지역	도로접면	세로(불)	중로각지	1.38
41461	용인시 처인구 원삼면	2026	농림지역	도로접면	세로(불)	소로한면	1.31
41461	용인시 처인구 원삼면	2026	농림지역	도로접면	세로(불)	소로각지	1.35
41461	용인시 처인구 원삼면	2026	농림지역	도로접면	세로(불)	세로(가)	1.17
41461	용인시 처인구 원삼면	2026	농림지역	도로접면	세로(불)	세각(가)	1.21
41461	용인시 처인구 원삼면	2026	농림지역	도로접면	세로(불)	세로(불)	1
41461	용인시 처인구 원삼면	2026	농림지역	도로접면	세로(불)	세각(불)	1.03
41461	용인시 처인구 원삼면	2026	농림지역	도로접면	세로(불)	맹지	0.96
41461	용인시 처인구 원삼면	2026	농림지역	도로접면	세각(불)	광대한면	1.35
41461	용인시 처인구 원삼면	2026	농림지역	도로접면	세각(불)	광대소각	1.46
41461	용인시 처인구 원삼면	2026	농림지역	도로접면	세각(불)	광대세각	1.42
41461	용인시 처인구 원삼면	2026	농림지역	도로접면	세각(불)	중로한면	1.32
41461	용인시 처인구 원삼면	2026	농림지역	도로접면	세각(불)	중로각지	1.34
41461	용인시 처인구 원삼면	2026	농림지역	도로접면	세각(불)	소로한면	1.27
41461	용인시 처인구 원삼면	2026	농림지역	도로접면	세각(불)	소로각지	1.31
41461	용인시 처인구 원삼면	2026	농림지역	도로접면	세각(불)	세로(가)	1.14
41461	용인시 처인구 원삼면	2026	농림지역	도로접면	세각(불)	세각(가)	1.18
41461	용인시 처인구 원삼면	2026	농림지역	도로접면	세각(불)	세로(불)	0.97
41461	용인시 처인구 원삼면	2026	농림지역	도로접면	세각(불)	세각(불)	1
41461	용인시 처인구 원삼면	2026	농림지역	도로접면	세각(불)	맹지	0.93
41461	용인시 처인구 원삼면	2026	농림지역	도로접면	맹지	광대한면	1.45
41461	용인시 처인구 원삼면	2026	농림지역	도로접면	맹지	광대소각	1.57
41461	용인시 처인구 원삼면	2026	농림지역	도로접면	맹지	광대세각	1.52
41461	용인시 처인구 원삼면	2026	농림지역	도로접면	맹지	중로한면	1.42
41461	용인시 처인구 원삼면	2026	농림지역	도로접면	맹지	중로각지	1.43
41461	용인시 처인구 원삼면	2026	농림지역	도로접면	맹지	소로한면	1.36
41461	용인시 처인구 원삼면	2026	농림지역	도로접면	맹지	소로각지	1.41
41461	용인시 처인구 원삼면	2026	농림지역	도로접면	맹지	세로(가)	1.22
41461	용인시 처인구 원삼면	2026	농림지역	도로접면	맹지	세각(가)	1.26
41461	용인시 처인구 원삼면	2026	농림지역	도로접면	맹지	세로(불)	1.04
41461	용인시 처인구 원삼면	2026	농림지역	도로접면	맹지	세각(불)	1.07
41461	용인시 처인구 원삼면	2026	농림지역	도로접면	맹지	맹지	1
41461	용인시 처인구 원삼면	2026	농림지역	도로거리	50m내	50m내	1
41461	용인시 처인구 원삼면	2026	농림지역	도로거리	50m내	100m내	0.99
41461	용인시 처인구 원삼면	2026	농림지역	도로거리	50m내	500m내	0.98
41461	용인시 처인구 원삼면	2026	농림지역	도로거리	50m내	해당없음	0.95
41461	용인시 처인구 원삼면	2026	농림지역	도로거리	100m내	50m내	1.01
41461	용인시 처인구 원삼면	2026	농림지역	도로거리	100m내	100m내	1
41461	용인시 처인구 원삼면	2026	농림지역	도로거리	100m내	500m내	0.99
41461	용인시 처인구 원삼면	2026	농림지역	도로거리	100m내	해당없음	0.96
41461	용인시 처인구 원삼면	2026	농림지역	도로거리	500m내	50m내	1.02
41461	용인시 처인구 원삼면	2026	농림지역	도로거리	500m내	100m내	1.01
41461	용인시 처인구 원삼면	2026	농림지역	도로거리	500m내	500m내	1
41461	용인시 처인구 원삼면	2026	농림지역	도로거리	500m내	해당없음	0.97
41461	용인시 처인구 원삼면	2026	농림지역	도로거리	해당없음	50m내	1.05
41461	용인시 처인구 원삼면	2026	농림지역	도로거리	해당없음	100m내	1.04
41461	용인시 처인구 원삼면	2026	농림지역	도로거리	해당없음	500m내	1.03
41461	용인시 처인구 원삼면	2026	농림지역	도로거리	해당없음	해당없음	1
41461	용인시 처인구 원삼면	2026	농림지역	철도.고속도로 등	50m내	50m내	1
41461	용인시 처인구 원삼면	2026	농림지역	철도.고속도로 등	50m내	100m내	1.01
41461	용인시 처인구 원삼면	2026	농림지역	철도.고속도로 등	50m내	500m내	1.02
41461	용인시 처인구 원삼면	2026	농림지역	철도.고속도로 등	50m내	해당없음	1.03
41461	용인시 처인구 원삼면	2026	농림지역	철도.고속도로 등	100m내	50m내	0.99
41461	용인시 처인구 원삼면	2026	농림지역	철도.고속도로 등	100m내	100m내	1
41461	용인시 처인구 원삼면	2026	농림지역	철도.고속도로 등	100m내	500m내	1.01
41461	용인시 처인구 원삼면	2026	농림지역	철도.고속도로 등	100m내	해당없음	1.02
41461	용인시 처인구 원삼면	2026	농림지역	철도.고속도로 등	500m내	50m내	0.98
41461	용인시 처인구 원삼면	2026	농림지역	철도.고속도로 등	500m내	100m내	0.99
41461	용인시 처인구 원삼면	2026	농림지역	철도.고속도로 등	500m내	500m내	1
41461	용인시 처인구 원삼면	2026	농림지역	철도.고속도로 등	500m내	해당없음	1.01
41461	용인시 처인구 원삼면	2026	농림지역	철도.고속도로 등	해당없음	50m내	0.97
41461	용인시 처인구 원삼면	2026	농림지역	철도.고속도로 등	해당없음	100m내	0.98
41461	용인시 처인구 원삼면	2026	농림지역	철도.고속도로 등	해당없음	500m내	0.99
41461	용인시 처인구 원삼면	2026	농림지역	철도.고속도로 등	해당없음	해당없음	1
41461	용인시 처인구 원삼면	2026	농림지역	폐기물.수질오염	50m내	50m내	1
41461	용인시 처인구 원삼면	2026	농림지역	폐기물.수질오염	50m내	100m내	1.04
41461	용인시 처인구 원삼면	2026	농림지역	폐기물.수질오염	50m내	500m내	1.05
41461	용인시 처인구 원삼면	2026	농림지역	폐기물.수질오염	50m내	해당없음	1.06
41461	용인시 처인구 원삼면	2026	농림지역	폐기물.수질오염	100m내	50m내	0.96
41461	용인시 처인구 원삼면	2026	농림지역	폐기물.수질오염	100m내	100m내	1
41461	용인시 처인구 원삼면	2026	농림지역	폐기물.수질오염	100m내	500m내	1.01
41461	용인시 처인구 원삼면	2026	농림지역	폐기물.수질오염	100m내	해당없음	1.02
41461	용인시 처인구 원삼면	2026	농림지역	폐기물.수질오염	500m내	50m내	0.95
41461	용인시 처인구 원삼면	2026	농림지역	폐기물.수질오염	500m내	100m내	0.99
41461	용인시 처인구 원삼면	2026	농림지역	폐기물.수질오염	500m내	500m내	1
41461	용인시 처인구 원삼면	2026	농림지역	폐기물.수질오염	500m내	해당없음	1.01
41461	용인시 처인구 원삼면	2026	농림지역	폐기물.수질오염	해당없음	50m내	0.94
41461	용인시 처인구 원삼면	2026	농림지역	폐기물.수질오염	해당없음	100m내	0.98
41461	용인시 처인구 원삼면	2026	농림지역	폐기물.수질오염	해당없음	500m내	0.99
41461	용인시 처인구 원삼면	2026	농림지역	폐기물.수질오염	해당없음	해당없음	1
41461	용인시 처인구 원삼면	2026	농림지역	변전소	50m내	50m내	1
41461	용인시 처인구 원삼면	2026	농림지역	변전소	50m내	100m내	1.02
41461	용인시 처인구 원삼면	2026	농림지역	변전소	50m내	600m내	1.04
41461	용인시 처인구 원삼면	2026	농림지역	변전소	50m내	해당없음	1.05
41461	용인시 처인구 원삼면	2026	농림지역	변전소	100m내	50m내	0.98
41461	용인시 처인구 원삼면	2026	농림지역	변전소	100m내	100m내	1
41461	용인시 처인구 원삼면	2026	농림지역	변전소	100m내	600m내	1.02
41461	용인시 처인구 원삼면	2026	농림지역	변전소	100m내	해당없음	1.03
41461	용인시 처인구 원삼면	2026	농림지역	변전소	600m내	50m내	0.96
41461	용인시 처인구 원삼면	2026	농림지역	변전소	600m내	100m내	0.98
41461	용인시 처인구 원삼면	2026	농림지역	변전소	600m내	600m내	1
41461	용인시 처인구 원삼면	2026	농림지역	변전소	600m내	해당없음	1.01
41461	용인시 처인구 원삼면	2026	농림지역	변전소	해당없음	50m내	0.95
41461	용인시 처인구 원삼면	2026	농림지역	변전소	해당없음	100m내	0.97
41461	용인시 처인구 원삼면	2026	농림지역	변전소	해당없음	600m내	0.99
41461	용인시 처인구 원삼면	2026	농림지역	변전소	해당없음	해당없음	1
41461	용인시 처인구 원삼면	2026	농림지역	형상(전,답)	정형	정형	1
41461	용인시 처인구 원삼면	2026	농림지역	형상(전,답)	정형	비정형	0.95
41461	용인시 처인구 원삼면	2026	농림지역	형상(전,답)	비정형	정형	1.05
41461	용인시 처인구 원삼면	2026	농림지역	형상(전,답)	비정형	비정형	1
41461	용인시 처인구 원삼면	2026	농림지역	경작여건	보통	보통	1
41461	용인시 처인구 원삼면	2026	농림지역	경작여건	보통	불리	0.7
41461	용인시 처인구 원삼면	2026	농림지역	경작여건	불리	보통	1.43
41461	용인시 처인구 원삼면	2026	농림지역	경작여건	불리	불리	1
41461	용인시 처인구 원삼면	2026	농림지역	묘지소재불리여건	일반	일반	1
41461	용인시 처인구 원삼면	2026	농림지역	묘지소재불리여건	일반	불리	1
41461	용인시 처인구 원삼면	2026	농림지역	묘지소재불리여건	불리	일반	1
41461	용인시 처인구 원삼면	2026	농림지역	묘지소재불리여건	불리	불리	1
41461	용인시 처인구 원삼면	2026	보전관리지역	지목	전	전	1
41461	용인시 처인구 원삼면	2026	보전관리지역	지목	전	답	1
41461	용인시 처인구 원삼면	2026	보전관리지역	지목	전	과	1
41461	용인시 처인구 원삼면	2026	보전관리지역	지목	전	목	1
41461	용인시 처인구 원삼면	2026	보전관리지역	지목	전	임	0.92
41461	용인시 처인구 원삼면	2026	보전관리지역	지목	전	대	1.15
41461	용인시 처인구 원삼면	2026	보전관리지역	지목	전	장	1.15
41461	용인시 처인구 원삼면	2026	보전관리지역	지목	전	차	1.11
41461	용인시 처인구 원삼면	2026	보전관리지역	지목	전	주	1.15
41461	용인시 처인구 원삼면	2026	보전관리지역	지목	전	창	1.15
41461	용인시 처인구 원삼면	2026	보전관리지역	지목	전	잡	1.1
41461	용인시 처인구 원삼면	2026	보전관리지역	지목	답	전	1
41461	용인시 처인구 원삼면	2026	보전관리지역	지목	답	답	1
41461	용인시 처인구 원삼면	2026	보전관리지역	지목	답	과	1
41461	용인시 처인구 원삼면	2026	보전관리지역	지목	답	목	1
41461	용인시 처인구 원삼면	2026	보전관리지역	지목	답	임	0.92
41461	용인시 처인구 원삼면	2026	보전관리지역	지목	답	대	1.15
41461	용인시 처인구 원삼면	2026	보전관리지역	지목	답	장	1.15
41461	용인시 처인구 원삼면	2026	보전관리지역	지목	답	차	1.11
41461	용인시 처인구 원삼면	2026	보전관리지역	지목	답	주	1.15
41461	용인시 처인구 원삼면	2026	보전관리지역	지목	답	창	1.15
41461	용인시 처인구 원삼면	2026	보전관리지역	지목	답	잡	1.1
41461	용인시 처인구 원삼면	2026	보전관리지역	지목	과	전	1
41461	용인시 처인구 원삼면	2026	보전관리지역	지목	과	답	1
41461	용인시 처인구 원삼면	2026	보전관리지역	지목	과	과	1
41461	용인시 처인구 원삼면	2026	보전관리지역	지목	과	목	1
41461	용인시 처인구 원삼면	2026	보전관리지역	지목	과	임	0.92
41461	용인시 처인구 원삼면	2026	보전관리지역	지목	과	대	1.15
41461	용인시 처인구 원삼면	2026	보전관리지역	지목	과	장	1.15
41461	용인시 처인구 원삼면	2026	보전관리지역	지목	과	차	1.11
41461	용인시 처인구 원삼면	2026	보전관리지역	지목	과	주	1.15
41461	용인시 처인구 원삼면	2026	보전관리지역	지목	과	창	1.15
41461	용인시 처인구 원삼면	2026	보전관리지역	지목	과	잡	1.1
41461	용인시 처인구 원삼면	2026	보전관리지역	지목	목	전	1
41461	용인시 처인구 원삼면	2026	보전관리지역	지목	목	답	1
41461	용인시 처인구 원삼면	2026	보전관리지역	지목	목	과	1
41461	용인시 처인구 원삼면	2026	보전관리지역	지목	목	목	1
41461	용인시 처인구 원삼면	2026	보전관리지역	지목	목	임	0.92
41461	용인시 처인구 원삼면	2026	보전관리지역	지목	목	대	1.15
41461	용인시 처인구 원삼면	2026	보전관리지역	지목	목	장	1.15
41461	용인시 처인구 원삼면	2026	보전관리지역	지목	목	차	1.11
41461	용인시 처인구 원삼면	2026	보전관리지역	지목	목	주	1.15
41461	용인시 처인구 원삼면	2026	보전관리지역	지목	목	창	1.15
41461	용인시 처인구 원삼면	2026	보전관리지역	지목	목	잡	1.1
41461	용인시 처인구 원삼면	2026	보전관리지역	지목	임	전	1.09
41461	용인시 처인구 원삼면	2026	보전관리지역	지목	임	답	1.09
41461	용인시 처인구 원삼면	2026	보전관리지역	지목	임	과	1.09
41461	용인시 처인구 원삼면	2026	보전관리지역	지목	임	목	1.09
41461	용인시 처인구 원삼면	2026	보전관리지역	지목	임	임	1
41461	용인시 처인구 원삼면	2026	보전관리지역	지목	임	대	1.25
41461	용인시 처인구 원삼면	2026	보전관리지역	지목	임	장	1.25
41461	용인시 처인구 원삼면	2026	보전관리지역	지목	임	차	1.21
41461	용인시 처인구 원삼면	2026	보전관리지역	지목	임	주	1.25
41461	용인시 처인구 원삼면	2026	보전관리지역	지목	임	창	1.25
41461	용인시 처인구 원삼면	2026	보전관리지역	지목	임	잡	1.2
41461	용인시 처인구 원삼면	2026	보전관리지역	지목	대	전	0.87
41461	용인시 처인구 원삼면	2026	보전관리지역	지목	대	답	0.87
41461	용인시 처인구 원삼면	2026	보전관리지역	지목	대	과	0.87
41461	용인시 처인구 원삼면	2026	보전관리지역	지목	대	목	0.87
41461	용인시 처인구 원삼면	2026	보전관리지역	지목	대	임	0.8
41461	용인시 처인구 원삼면	2026	보전관리지역	지목	대	대	1
41461	용인시 처인구 원삼면	2026	보전관리지역	지목	대	장	1
41461	용인시 처인구 원삼면	2026	보전관리지역	지목	대	차	0.97
41461	용인시 처인구 원삼면	2026	보전관리지역	지목	대	주	1
41461	용인시 처인구 원삼면	2026	보전관리지역	지목	대	창	1
41461	용인시 처인구 원삼면	2026	보전관리지역	지목	대	잡	0.96
41461	용인시 처인구 원삼면	2026	보전관리지역	지목	장	전	0.87
41461	용인시 처인구 원삼면	2026	보전관리지역	지목	장	답	0.87
41461	용인시 처인구 원삼면	2026	보전관리지역	지목	장	과	0.87
41461	용인시 처인구 원삼면	2026	보전관리지역	지목	장	목	0.87
41461	용인시 처인구 원삼면	2026	보전관리지역	지목	장	임	0.8
41461	용인시 처인구 원삼면	2026	보전관리지역	지목	장	대	1
41461	용인시 처인구 원삼면	2026	보전관리지역	지목	장	장	1
41461	용인시 처인구 원삼면	2026	보전관리지역	지목	장	차	0.97
41461	용인시 처인구 원삼면	2026	보전관리지역	지목	장	주	1
41461	용인시 처인구 원삼면	2026	보전관리지역	지목	장	창	1
41461	용인시 처인구 원삼면	2026	보전관리지역	지목	장	잡	0.96
41461	용인시 처인구 원삼면	2026	보전관리지역	지목	차	전	0.9
41461	용인시 처인구 원삼면	2026	보전관리지역	지목	차	답	0.9
41461	용인시 처인구 원삼면	2026	보전관리지역	지목	차	과	0.9
41461	용인시 처인구 원삼면	2026	보전관리지역	지목	차	목	0.9
41461	용인시 처인구 원삼면	2026	보전관리지역	지목	차	임	0.83
41461	용인시 처인구 원삼면	2026	보전관리지역	지목	차	대	1.04
41461	용인시 처인구 원삼면	2026	보전관리지역	지목	차	장	1.04
41461	용인시 처인구 원삼면	2026	보전관리지역	지목	차	차	1
41461	용인시 처인구 원삼면	2026	보전관리지역	지목	차	주	1.04
41461	용인시 처인구 원삼면	2026	보전관리지역	지목	차	창	1.04
41461	용인시 처인구 원삼면	2026	보전관리지역	지목	차	잡	0.99
41461	용인시 처인구 원삼면	2026	보전관리지역	지목	주	전	0.87
41461	용인시 처인구 원삼면	2026	보전관리지역	지목	주	답	0.87
41461	용인시 처인구 원삼면	2026	보전관리지역	지목	주	과	0.87
41461	용인시 처인구 원삼면	2026	보전관리지역	지목	주	목	0.87
41461	용인시 처인구 원삼면	2026	보전관리지역	지목	주	임	0.8
41461	용인시 처인구 원삼면	2026	보전관리지역	지목	주	대	1
41461	용인시 처인구 원삼면	2026	보전관리지역	지목	주	장	1
41461	용인시 처인구 원삼면	2026	보전관리지역	지목	주	차	0.97
41461	용인시 처인구 원삼면	2026	보전관리지역	지목	주	주	1
41461	용인시 처인구 원삼면	2026	보전관리지역	지목	주	창	1
41461	용인시 처인구 원삼면	2026	보전관리지역	지목	주	잡	0.96
41461	용인시 처인구 원삼면	2026	보전관리지역	지목	창	전	0.87
41461	용인시 처인구 원삼면	2026	보전관리지역	지목	창	답	0.87
41461	용인시 처인구 원삼면	2026	보전관리지역	지목	창	과	0.87
41461	용인시 처인구 원삼면	2026	보전관리지역	지목	창	목	0.87
41461	용인시 처인구 원삼면	2026	보전관리지역	지목	창	임	0.8
41461	용인시 처인구 원삼면	2026	보전관리지역	지목	창	대	1
41461	용인시 처인구 원삼면	2026	보전관리지역	지목	창	장	1
41461	용인시 처인구 원삼면	2026	보전관리지역	지목	창	차	0.97
41461	용인시 처인구 원삼면	2026	보전관리지역	지목	창	주	1
41461	용인시 처인구 원삼면	2026	보전관리지역	지목	창	창	1
41461	용인시 처인구 원삼면	2026	보전관리지역	지목	창	잡	0.96
41461	용인시 처인구 원삼면	2026	보전관리지역	지목	잡	전	0.91
41461	용인시 처인구 원삼면	2026	보전관리지역	지목	잡	답	0.91
41461	용인시 처인구 원삼면	2026	보전관리지역	지목	잡	과	0.91
41461	용인시 처인구 원삼면	2026	보전관리지역	지목	잡	목	0.91
41461	용인시 처인구 원삼면	2026	보전관리지역	지목	잡	임	0.84
41461	용인시 처인구 원삼면	2026	보전관리지역	지목	잡	대	1.05
41461	용인시 처인구 원삼면	2026	보전관리지역	지목	잡	장	1.05
41461	용인시 처인구 원삼면	2026	보전관리지역	지목	잡	차	1.01
41461	용인시 처인구 원삼면	2026	보전관리지역	지목	잡	주	1.05
41461	용인시 처인구 원삼면	2026	보전관리지역	지목	잡	창	1.05
41461	용인시 처인구 원삼면	2026	보전관리지역	지목	잡	잡	1
41461	용인시 처인구 원삼면	2026	보전관리지역	토지면적	3300	3300	1
41461	용인시 처인구 원삼면	2026	보전관리지역	토지면적	3300	16500	0.98
41461	용인시 처인구 원삼면	2026	보전관리지역	토지면적	3300	33000	0.97
41461	용인시 처인구 원삼면	2026	보전관리지역	토지면적	3300	66000	0.96
41461	용인시 처인구 원삼면	2026	보전관리지역	토지면적	3300	그이상	0.95
41461	용인시 처인구 원삼면	2026	보전관리지역	토지면적	16500	3300	1.02
41461	용인시 처인구 원삼면	2026	보전관리지역	토지면적	16500	16500	1
41461	용인시 처인구 원삼면	2026	보전관리지역	토지면적	16500	33000	0.99
41461	용인시 처인구 원삼면	2026	보전관리지역	토지면적	16500	66000	0.98
41461	용인시 처인구 원삼면	2026	보전관리지역	토지면적	16500	그이상	0.97
41461	용인시 처인구 원삼면	2026	보전관리지역	토지면적	33000	3300	1.03
41461	용인시 처인구 원삼면	2026	보전관리지역	토지면적	33000	16500	1.01
41461	용인시 처인구 원삼면	2026	보전관리지역	토지면적	33000	33000	1
41461	용인시 처인구 원삼면	2026	보전관리지역	토지면적	33000	66000	0.99
41461	용인시 처인구 원삼면	2026	보전관리지역	토지면적	33000	그이상	0.98
41461	용인시 처인구 원삼면	2026	보전관리지역	토지면적	66000	3300	1.04
41461	용인시 처인구 원삼면	2026	보전관리지역	토지면적	66000	16500	1.02
41461	용인시 처인구 원삼면	2026	보전관리지역	토지면적	66000	33000	1.01
41461	용인시 처인구 원삼면	2026	보전관리지역	토지면적	66000	66000	1
41461	용인시 처인구 원삼면	2026	보전관리지역	토지면적	66000	그이상	0.99
41461	용인시 처인구 원삼면	2026	보전관리지역	토지면적	그이상	3300	1.05
41461	용인시 처인구 원삼면	2026	보전관리지역	토지면적	그이상	16500	1.03
41461	용인시 처인구 원삼면	2026	보전관리지역	토지면적	그이상	33000	1.02
41461	용인시 처인구 원삼면	2026	보전관리지역	토지면적	그이상	66000	1.01
41461	용인시 처인구 원삼면	2026	보전관리지역	토지면적	그이상	그이상	1
41461	용인시 처인구 원삼면	2026	보전관리지역	도시계획시설	일반	일반	1
41461	용인시 처인구 원삼면	2026	보전관리지역	도시계획시설	일반	지상도로	0.85
41461	용인시 처인구 원삼면	2026	보전관리지역	도시계획시설	일반	지하도로	0.95
41461	용인시 처인구 원삼면	2026	보전관리지역	도시계획시설	일반	공원	0.6
41461	용인시 처인구 원삼면	2026	보전관리지역	도시계획시설	일반	운동장	0.85
41461	용인시 처인구 원삼면	2026	보전관리지역	도시계획시설	일반	혐오	0.85
41461	용인시 처인구 원삼면	2026	보전관리지역	도시계획시설	일반	위험	0.85
41461	용인시 처인구 원삼면	2026	보전관리지역	도시계획시설	일반	도축장	0.85
41461	용인시 처인구 원삼면	2026	보전관리지역	도시계획시설	지상도로	일반	1.18
41461	용인시 처인구 원삼면	2026	보전관리지역	도시계획시설	지상도로	지상도로	1
41461	용인시 처인구 원삼면	2026	보전관리지역	도시계획시설	지상도로	지하도로	1.12
41461	용인시 처인구 원삼면	2026	보전관리지역	도시계획시설	지상도로	공원	0.71
41461	용인시 처인구 원삼면	2026	보전관리지역	도시계획시설	지상도로	운동장	1
41461	용인시 처인구 원삼면	2026	보전관리지역	도시계획시설	지상도로	혐오	1
41461	용인시 처인구 원삼면	2026	보전관리지역	도시계획시설	지상도로	위험	1
41461	용인시 처인구 원삼면	2026	보전관리지역	도시계획시설	지상도로	도축장	1
41461	용인시 처인구 원삼면	2026	보전관리지역	도시계획시설	지하도로	일반	1.05
41461	용인시 처인구 원삼면	2026	보전관리지역	도시계획시설	지하도로	지상도로	0.89
41461	용인시 처인구 원삼면	2026	보전관리지역	도시계획시설	지하도로	지하도로	1
41461	용인시 처인구 원삼면	2026	보전관리지역	도시계획시설	지하도로	공원	0.63
41461	용인시 처인구 원삼면	2026	보전관리지역	도시계획시설	지하도로	운동장	0.89
41461	용인시 처인구 원삼면	2026	보전관리지역	도시계획시설	지하도로	혐오	0.89
41461	용인시 처인구 원삼면	2026	보전관리지역	도시계획시설	지하도로	위험	0.89
41461	용인시 처인구 원삼면	2026	보전관리지역	도시계획시설	지하도로	도축장	0.89
41461	용인시 처인구 원삼면	2026	보전관리지역	도시계획시설	공원	일반	1.67
41461	용인시 처인구 원삼면	2026	보전관리지역	도시계획시설	공원	지상도로	1.42
41461	용인시 처인구 원삼면	2026	보전관리지역	도시계획시설	공원	지하도로	1.58
41461	용인시 처인구 원삼면	2026	보전관리지역	도시계획시설	공원	공원	1
41461	용인시 처인구 원삼면	2026	보전관리지역	도시계획시설	공원	운동장	1.42
41461	용인시 처인구 원삼면	2026	보전관리지역	도시계획시설	공원	혐오	1.42
41461	용인시 처인구 원삼면	2026	보전관리지역	도시계획시설	공원	위험	1.42
41461	용인시 처인구 원삼면	2026	보전관리지역	도시계획시설	공원	도축장	1.42
41461	용인시 처인구 원삼면	2026	보전관리지역	도시계획시설	운동장	일반	1.18
41461	용인시 처인구 원삼면	2026	보전관리지역	도시계획시설	운동장	지상도로	1
41461	용인시 처인구 원삼면	2026	보전관리지역	도시계획시설	운동장	지하도로	1.12
41461	용인시 처인구 원삼면	2026	보전관리지역	도시계획시설	운동장	공원	0.71
41461	용인시 처인구 원삼면	2026	보전관리지역	도시계획시설	운동장	운동장	1
41461	용인시 처인구 원삼면	2026	보전관리지역	도시계획시설	운동장	혐오	1
41461	용인시 처인구 원삼면	2026	보전관리지역	도시계획시설	운동장	위험	1
41461	용인시 처인구 원삼면	2026	보전관리지역	도시계획시설	운동장	도축장	1
41461	용인시 처인구 원삼면	2026	보전관리지역	도시계획시설	혐오	일반	1.18
41461	용인시 처인구 원삼면	2026	보전관리지역	도시계획시설	혐오	지상도로	1
41461	용인시 처인구 원삼면	2026	보전관리지역	도시계획시설	혐오	지하도로	1.12
41461	용인시 처인구 원삼면	2026	보전관리지역	도시계획시설	혐오	공원	0.71
41461	용인시 처인구 원삼면	2026	보전관리지역	도시계획시설	혐오	운동장	1
41461	용인시 처인구 원삼면	2026	보전관리지역	도시계획시설	혐오	혐오	1
41461	용인시 처인구 원삼면	2026	보전관리지역	도시계획시설	혐오	위험	1
41461	용인시 처인구 원삼면	2026	보전관리지역	도시계획시설	혐오	도축장	1
41461	용인시 처인구 원삼면	2026	보전관리지역	도시계획시설	위험	일반	1.18
41461	용인시 처인구 원삼면	2026	보전관리지역	도시계획시설	위험	지상도로	1
41461	용인시 처인구 원삼면	2026	보전관리지역	도시계획시설	위험	지하도로	1.12
41461	용인시 처인구 원삼면	2026	보전관리지역	도시계획시설	위험	공원	0.71
41461	용인시 처인구 원삼면	2026	보전관리지역	도시계획시설	위험	운동장	1
41461	용인시 처인구 원삼면	2026	보전관리지역	도시계획시설	위험	혐오	1
41461	용인시 처인구 원삼면	2026	보전관리지역	도시계획시설	위험	위험	1
41461	용인시 처인구 원삼면	2026	보전관리지역	도시계획시설	위험	도축장	1
41461	용인시 처인구 원삼면	2026	보전관리지역	도시계획시설	도축장	일반	1.18
41461	용인시 처인구 원삼면	2026	보전관리지역	도시계획시설	도축장	지상도로	1
41461	용인시 처인구 원삼면	2026	보전관리지역	도시계획시설	도축장	지하도로	1.12
41461	용인시 처인구 원삼면	2026	보전관리지역	도시계획시설	도축장	공원	0.71
41461	용인시 처인구 원삼면	2026	보전관리지역	도시계획시설	도축장	운동장	1
41461	용인시 처인구 원삼면	2026	보전관리지역	도시계획시설	도축장	혐오	1
41461	용인시 처인구 원삼면	2026	보전관리지역	도시계획시설	도축장	위험	1
41461	용인시 처인구 원삼면	2026	보전관리지역	도시계획시설	도축장	도축장	1
41461	용인시 처인구 원삼면	2026	보전관리지역	기타제한	일반	일반	1
41461	용인시 처인구 원삼면	2026	보전관리지역	기타제한	일반	보존	0.6
41461	용인시 처인구 원삼면	2026	보전관리지역	기타제한	일반	환경	0.66
41461	용인시 처인구 원삼면	2026	보전관리지역	기타제한	일반	마을	0.8
41461	용인시 처인구 원삼면	2026	보전관리지역	기타제한	일반	상수	0.86
41461	용인시 처인구 원삼면	2026	보전관리지역	기타제한	일반	고접	0.88
41461	용인시 처인구 원삼면	2026	보전관리지역	기타제한	일반	일접	0.96
41461	용인시 처인구 원삼면	2026	보전관리지역	기타제한	일반	특별	0.86
41461	용인시 처인구 원삼면	2026	보전관리지역	기타제한	일반	군사	0.9
41461	용인시 처인구 원삼면	2026	보전관리지역	기타제한	일반	도공	0.6
41461	용인시 처인구 원삼면	2026	보전관리지역	기타제한	일반	일시	0.6
41461	용인시 처인구 원삼면	2026	보전관리지역	기타제한	보존	일반	1.67
41461	용인시 처인구 원삼면	2026	보전관리지역	기타제한	보존	보존	1
41461	용인시 처인구 원삼면	2026	보전관리지역	기타제한	보존	환경	1.1
41461	용인시 처인구 원삼면	2026	보전관리지역	기타제한	보존	마을	1.33
41461	용인시 처인구 원삼면	2026	보전관리지역	기타제한	보존	상수	1.43
41461	용인시 처인구 원삼면	2026	보전관리지역	기타제한	보존	고접	1.47
41461	용인시 처인구 원삼면	2026	보전관리지역	기타제한	보존	일접	1.6
41461	용인시 처인구 원삼면	2026	보전관리지역	기타제한	보존	특별	1.43
41461	용인시 처인구 원삼면	2026	보전관리지역	기타제한	보존	군사	1.5
41461	용인시 처인구 원삼면	2026	보전관리지역	기타제한	보존	도공	1
41461	용인시 처인구 원삼면	2026	보전관리지역	기타제한	보존	일시	1
41461	용인시 처인구 원삼면	2026	보전관리지역	기타제한	환경	일반	1.52
41461	용인시 처인구 원삼면	2026	보전관리지역	기타제한	환경	보존	0.91
41461	용인시 처인구 원삼면	2026	보전관리지역	기타제한	환경	환경	1
41461	용인시 처인구 원삼면	2026	보전관리지역	기타제한	환경	마을	1.21
41461	용인시 처인구 원삼면	2026	보전관리지역	기타제한	환경	상수	1.3
41461	용인시 처인구 원삼면	2026	보전관리지역	기타제한	환경	고접	1.33
41461	용인시 처인구 원삼면	2026	보전관리지역	기타제한	환경	일접	1.45
41461	용인시 처인구 원삼면	2026	보전관리지역	기타제한	환경	특별	1.3
41461	용인시 처인구 원삼면	2026	보전관리지역	기타제한	환경	군사	1.36
41461	용인시 처인구 원삼면	2026	보전관리지역	기타제한	환경	도공	0.91
41461	용인시 처인구 원삼면	2026	보전관리지역	기타제한	환경	일시	0.91
41461	용인시 처인구 원삼면	2026	보전관리지역	기타제한	마을	일반	1.25
41461	용인시 처인구 원삼면	2026	보전관리지역	기타제한	마을	보존	0.75
41461	용인시 처인구 원삼면	2026	보전관리지역	기타제한	마을	환경	0.83
41461	용인시 처인구 원삼면	2026	보전관리지역	기타제한	마을	마을	1
41461	용인시 처인구 원삼면	2026	보전관리지역	기타제한	마을	상수	1.08
41461	용인시 처인구 원삼면	2026	보전관리지역	기타제한	마을	고접	1.1
41461	용인시 처인구 원삼면	2026	보전관리지역	기타제한	마을	일접	1.2
41461	용인시 처인구 원삼면	2026	보전관리지역	기타제한	마을	특별	1.08
41461	용인시 처인구 원삼면	2026	보전관리지역	기타제한	마을	군사	1.13
41461	용인시 처인구 원삼면	2026	보전관리지역	기타제한	마을	도공	0.75
41461	용인시 처인구 원삼면	2026	보전관리지역	기타제한	마을	일시	0.75
41461	용인시 처인구 원삼면	2026	보전관리지역	기타제한	상수	일반	1.16
41461	용인시 처인구 원삼면	2026	보전관리지역	기타제한	상수	보존	0.7
41461	용인시 처인구 원삼면	2026	보전관리지역	기타제한	상수	환경	0.77
41461	용인시 처인구 원삼면	2026	보전관리지역	기타제한	상수	마을	0.93
41461	용인시 처인구 원삼면	2026	보전관리지역	기타제한	상수	상수	1
41461	용인시 처인구 원삼면	2026	보전관리지역	기타제한	상수	고접	1.02
41461	용인시 처인구 원삼면	2026	보전관리지역	기타제한	상수	일접	1.12
41461	용인시 처인구 원삼면	2026	보전관리지역	기타제한	상수	특별	1
41461	용인시 처인구 원삼면	2026	보전관리지역	기타제한	상수	군사	1.05
41461	용인시 처인구 원삼면	2026	보전관리지역	기타제한	상수	도공	0.7
41461	용인시 처인구 원삼면	2026	보전관리지역	기타제한	상수	일시	0.7
41461	용인시 처인구 원삼면	2026	보전관리지역	기타제한	고접	일반	1.14
41461	용인시 처인구 원삼면	2026	보전관리지역	기타제한	고접	보존	0.68
41461	용인시 처인구 원삼면	2026	보전관리지역	기타제한	고접	환경	0.75
41461	용인시 처인구 원삼면	2026	보전관리지역	기타제한	고접	마을	0.91
41461	용인시 처인구 원삼면	2026	보전관리지역	기타제한	고접	상수	0.98
41461	용인시 처인구 원삼면	2026	보전관리지역	기타제한	고접	고접	1
41461	용인시 처인구 원삼면	2026	보전관리지역	기타제한	고접	일접	1.09
41461	용인시 처인구 원삼면	2026	보전관리지역	기타제한	고접	특별	0.98
41461	용인시 처인구 원삼면	2026	보전관리지역	기타제한	고접	군사	1.02
41461	용인시 처인구 원삼면	2026	보전관리지역	기타제한	고접	도공	0.68
41461	용인시 처인구 원삼면	2026	보전관리지역	기타제한	고접	일시	0.68
41461	용인시 처인구 원삼면	2026	보전관리지역	기타제한	일접	일반	1.04
41461	용인시 처인구 원삼면	2026	보전관리지역	기타제한	일접	보존	0.63
41461	용인시 처인구 원삼면	2026	보전관리지역	기타제한	일접	환경	0.69
41461	용인시 처인구 원삼면	2026	보전관리지역	기타제한	일접	마을	0.83
41461	용인시 처인구 원삼면	2026	보전관리지역	기타제한	일접	상수	0.9
41461	용인시 처인구 원삼면	2026	보전관리지역	기타제한	일접	고접	0.92
41461	용인시 처인구 원삼면	2026	보전관리지역	기타제한	일접	일접	1
41461	용인시 처인구 원삼면	2026	보전관리지역	기타제한	일접	특별	0.9
41461	용인시 처인구 원삼면	2026	보전관리지역	기타제한	일접	군사	0.94
41461	용인시 처인구 원삼면	2026	보전관리지역	기타제한	일접	도공	0.63
41461	용인시 처인구 원삼면	2026	보전관리지역	기타제한	일접	일시	0.63
41461	용인시 처인구 원삼면	2026	보전관리지역	기타제한	특별	일반	1.16
41461	용인시 처인구 원삼면	2026	보전관리지역	기타제한	특별	보존	0.7
41461	용인시 처인구 원삼면	2026	보전관리지역	기타제한	특별	환경	0.77
41461	용인시 처인구 원삼면	2026	보전관리지역	기타제한	특별	마을	0.93
41461	용인시 처인구 원삼면	2026	보전관리지역	기타제한	특별	상수	1
41461	용인시 처인구 원삼면	2026	보전관리지역	기타제한	특별	고접	1.02
41461	용인시 처인구 원삼면	2026	보전관리지역	기타제한	특별	일접	1.12
41461	용인시 처인구 원삼면	2026	보전관리지역	기타제한	특별	특별	1
41461	용인시 처인구 원삼면	2026	보전관리지역	기타제한	특별	군사	1.05
41461	용인시 처인구 원삼면	2026	보전관리지역	기타제한	특별	도공	0.7
41461	용인시 처인구 원삼면	2026	보전관리지역	기타제한	특별	일시	0.7
41461	용인시 처인구 원삼면	2026	보전관리지역	기타제한	군사	일반	1.11
41461	용인시 처인구 원삼면	2026	보전관리지역	기타제한	군사	보존	0.67
41461	용인시 처인구 원삼면	2026	보전관리지역	기타제한	군사	환경	0.73
41461	용인시 처인구 원삼면	2026	보전관리지역	기타제한	군사	마을	0.89
41461	용인시 처인구 원삼면	2026	보전관리지역	기타제한	군사	상수	0.96
41461	용인시 처인구 원삼면	2026	보전관리지역	기타제한	군사	고접	0.98
41461	용인시 처인구 원삼면	2026	보전관리지역	기타제한	군사	일접	1.07
41461	용인시 처인구 원삼면	2026	보전관리지역	기타제한	군사	특별	0.96
41461	용인시 처인구 원삼면	2026	보전관리지역	기타제한	군사	군사	1
41461	용인시 처인구 원삼면	2026	보전관리지역	기타제한	군사	도공	0.67
41461	용인시 처인구 원삼면	2026	보전관리지역	기타제한	군사	일시	0.67
41461	용인시 처인구 원삼면	2026	보전관리지역	기타제한	도공	일반	1.67
41461	용인시 처인구 원삼면	2026	보전관리지역	기타제한	도공	보존	1
41461	용인시 처인구 원삼면	2026	보전관리지역	기타제한	도공	환경	1.1
41461	용인시 처인구 원삼면	2026	보전관리지역	기타제한	도공	마을	1.33
41461	용인시 처인구 원삼면	2026	보전관리지역	기타제한	도공	상수	1.43
41461	용인시 처인구 원삼면	2026	보전관리지역	기타제한	도공	고접	1.47
41461	용인시 처인구 원삼면	2026	보전관리지역	기타제한	도공	일접	1.6
41461	용인시 처인구 원삼면	2026	보전관리지역	기타제한	도공	특별	1.43
41461	용인시 처인구 원삼면	2026	보전관리지역	기타제한	도공	군사	1.5
41461	용인시 처인구 원삼면	2026	보전관리지역	기타제한	도공	도공	1
41461	용인시 처인구 원삼면	2026	보전관리지역	기타제한	도공	일시	1
41461	용인시 처인구 원삼면	2026	보전관리지역	기타제한	일시	일반	1.67
41461	용인시 처인구 원삼면	2026	보전관리지역	기타제한	일시	보존	1
41461	용인시 처인구 원삼면	2026	보전관리지역	기타제한	일시	환경	1.1
41461	용인시 처인구 원삼면	2026	보전관리지역	기타제한	일시	마을	1.33
41461	용인시 처인구 원삼면	2026	보전관리지역	기타제한	일시	상수	1.43
41461	용인시 처인구 원삼면	2026	보전관리지역	기타제한	일시	고접	1.47
41461	용인시 처인구 원삼면	2026	보전관리지역	기타제한	일시	일접	1.6
41461	용인시 처인구 원삼면	2026	보전관리지역	기타제한	일시	특별	1.43
41461	용인시 처인구 원삼면	2026	보전관리지역	기타제한	일시	군사	1.5
41461	용인시 처인구 원삼면	2026	보전관리지역	기타제한	일시	도공	1
41461	용인시 처인구 원삼면	2026	보전관리지역	기타제한	일시	일시	1
41461	용인시 처인구 원삼면	2026	보전관리지역	농지구분	진흥	진흥	1
41461	용인시 처인구 원삼면	2026	보전관리지역	농지구분	진흥	보호	1.02
41461	용인시 처인구 원삼면	2026	보전관리지역	농지구분	진흥	해당없음	1.05
41461	용인시 처인구 원삼면	2026	보전관리지역	농지구분	보호	진흥	0.98
41461	용인시 처인구 원삼면	2026	보전관리지역	농지구분	보호	보호	1
41461	용인시 처인구 원삼면	2026	보전관리지역	농지구분	보호	해당없음	1.03
41461	용인시 처인구 원삼면	2026	보전관리지역	농지구분	해당없음	진흥	0.95
41461	용인시 처인구 원삼면	2026	보전관리지역	농지구분	해당없음	보호	0.97
41461	용인시 처인구 원삼면	2026	보전관리지역	농지구분	해당없음	해당없음	1
41461	용인시 처인구 원삼면	2026	보전관리지역	비옥도	비옥	비옥	1
41461	용인시 처인구 원삼면	2026	보전관리지역	비옥도	비옥	저습·사질척박	0.94
41461	용인시 처인구 원삼면	2026	보전관리지역	비옥도	저습·사질척박	비옥	1.06
41461	용인시 처인구 원삼면	2026	보전관리지역	비옥도	저습·사질척박	저습·사질척박	1
41461	용인시 처인구 원삼면	2026	보전관리지역	경지정리	정리	정리	1
41461	용인시 처인구 원삼면	2026	보전관리지역	경지정리	정리	미정리	0.95
41461	용인시 처인구 원삼면	2026	보전관리지역	경지정리	미정리	정리	1.05
41461	용인시 처인구 원삼면	2026	보전관리지역	경지정리	미정리	미정리	1
41461	용인시 처인구 원삼면	2026	보전관리지역	임야	보전산	보전산	1
41461	용인시 처인구 원삼면	2026	보전관리지역	임야	보전산	준보전산	1.18
41461	용인시 처인구 원삼면	2026	보전관리지역	임야	준보전산	보전산	0.85
41461	용인시 처인구 원삼면	2026	보전관리지역	임야	준보전산	준보전산	1
41461	용인시 처인구 원삼면	2026	보전관리지역	토지이용상황	주거용	주거용	1
41461	용인시 처인구 원삼면	2026	보전관리지역	토지이용상황	주거용	상업업무	1.34
41461	용인시 처인구 원삼면	2026	보전관리지역	토지이용상황	주거용	주상복합	1.22
41461	용인시 처인구 원삼면	2026	보전관리지역	토지이용상황	주거용	공업용	1.02
41461	용인시 처인구 원삼면	2026	보전관리지역	토지이용상황	주거용	태양광	0.77
41461	용인시 처인구 원삼면	2026	보전관리지역	토지이용상황	주거용	전	0.53
41461	용인시 처인구 원삼면	2026	보전관리지역	토지이용상황	주거용	전창고	0.57
41461	용인시 처인구 원삼면	2026	보전관리지역	토지이용상황	주거용	전축사	0.59
41461	용인시 처인구 원삼면	2026	보전관리지역	토지이용상황	주거용	답	0.53
41461	용인시 처인구 원삼면	2026	보전관리지역	토지이용상황	주거용	답창고	0.57
41461	용인시 처인구 원삼면	2026	보전관리지역	토지이용상황	주거용	답축사	0.59
41461	용인시 처인구 원삼면	2026	보전관리지역	토지이용상황	주거용	임야	0.37
41461	용인시 처인구 원삼면	2026	보전관리지역	토지이용상황	상업업무	주거용	0.75
41461	용인시 처인구 원삼면	2026	보전관리지역	토지이용상황	상업업무	상업업무	1
41461	용인시 처인구 원삼면	2026	보전관리지역	토지이용상황	상업업무	주상복합	0.91
41461	용인시 처인구 원삼면	2026	보전관리지역	토지이용상황	상업업무	공업용	0.76
41461	용인시 처인구 원삼면	2026	보전관리지역	토지이용상황	상업업무	태양광	0.57
41461	용인시 처인구 원삼면	2026	보전관리지역	토지이용상황	상업업무	전	0.4
41461	용인시 처인구 원삼면	2026	보전관리지역	토지이용상황	상업업무	전창고	0.43
41461	용인시 처인구 원삼면	2026	보전관리지역	토지이용상황	상업업무	전축사	0.44
41461	용인시 처인구 원삼면	2026	보전관리지역	토지이용상황	상업업무	답	0.4
41461	용인시 처인구 원삼면	2026	보전관리지역	토지이용상황	상업업무	답창고	0.43
41461	용인시 처인구 원삼면	2026	보전관리지역	토지이용상황	상업업무	답축사	0.44
41461	용인시 처인구 원삼면	2026	보전관리지역	토지이용상황	상업업무	임야	0.28
41461	용인시 처인구 원삼면	2026	보전관리지역	토지이용상황	주상복합	주거용	0.82
41461	용인시 처인구 원삼면	2026	보전관리지역	토지이용상황	주상복합	상업업무	1.1
41461	용인시 처인구 원삼면	2026	보전관리지역	토지이용상황	주상복합	주상복합	1
41461	용인시 처인구 원삼면	2026	보전관리지역	토지이용상황	주상복합	공업용	0.84
41461	용인시 처인구 원삼면	2026	보전관리지역	토지이용상황	주상복합	태양광	0.63
41461	용인시 처인구 원삼면	2026	보전관리지역	토지이용상황	주상복합	전	0.43
41461	용인시 처인구 원삼면	2026	보전관리지역	토지이용상황	주상복합	전창고	0.47
41461	용인시 처인구 원삼면	2026	보전관리지역	토지이용상황	주상복합	전축사	0.48
41461	용인시 처인구 원삼면	2026	보전관리지역	토지이용상황	주상복합	답	0.43
41461	용인시 처인구 원삼면	2026	보전관리지역	토지이용상황	주상복합	답창고	0.47
41461	용인시 처인구 원삼면	2026	보전관리지역	토지이용상황	주상복합	답축사	0.48
41461	용인시 처인구 원삼면	2026	보전관리지역	토지이용상황	주상복합	임야	0.3
41461	용인시 처인구 원삼면	2026	보전관리지역	토지이용상황	공업용	주거용	0.98
41461	용인시 처인구 원삼면	2026	보전관리지역	토지이용상황	공업용	상업업무	1.31
41461	용인시 처인구 원삼면	2026	보전관리지역	토지이용상황	공업용	주상복합	1.2
41461	용인시 처인구 원삼면	2026	보전관리지역	토지이용상황	공업용	공업용	1
41461	용인시 처인구 원삼면	2026	보전관리지역	토지이용상황	공업용	태양광	0.75
41461	용인시 처인구 원삼면	2026	보전관리지역	토지이용상황	공업용	전	0.52
41461	용인시 처인구 원삼면	2026	보전관리지역	토지이용상황	공업용	전창고	0.56
41461	용인시 처인구 원삼면	2026	보전관리지역	토지이용상황	공업용	전축사	0.58
41461	용인시 처인구 원삼면	2026	보전관리지역	토지이용상황	공업용	답	0.52
41461	용인시 처인구 원삼면	2026	보전관리지역	토지이용상황	공업용	답창고	0.56
41461	용인시 처인구 원삼면	2026	보전관리지역	토지이용상황	공업용	답축사	0.58
41461	용인시 처인구 원삼면	2026	보전관리지역	토지이용상황	공업용	임야	0.36
41461	용인시 처인구 원삼면	2026	보전관리지역	토지이용상황	태양광	주거용	1.3
41461	용인시 처인구 원삼면	2026	보전관리지역	토지이용상황	태양광	상업업무	1.74
41461	용인시 처인구 원삼면	2026	보전관리지역	토지이용상황	태양광	주상복합	1.58
41461	용인시 처인구 원삼면	2026	보전관리지역	토지이용상황	태양광	공업용	1.32
41461	용인시 처인구 원삼면	2026	보전관리지역	토지이용상황	태양광	태양광	1
41461	용인시 처인구 원삼면	2026	보전관리지역	토지이용상황	태양광	전	0.69
41461	용인시 처인구 원삼면	2026	보전관리지역	토지이용상황	태양광	전창고	0.74
41461	용인시 처인구 원삼면	2026	보전관리지역	토지이용상황	태양광	전축사	0.77
41461	용인시 처인구 원삼면	2026	보전관리지역	토지이용상황	태양광	답	0.69
41461	용인시 처인구 원삼면	2026	보전관리지역	토지이용상황	태양광	답창고	0.74
41461	용인시 처인구 원삼면	2026	보전관리지역	토지이용상황	태양광	답축사	0.77
41461	용인시 처인구 원삼면	2026	보전관리지역	토지이용상황	태양광	임야	0.48
41461	용인시 처인구 원삼면	2026	보전관리지역	토지이용상황	전	주거용	1.89
41461	용인시 처인구 원삼면	2026	보전관리지역	토지이용상황	전	상업업무	2.53
41461	용인시 처인구 원삼면	2026	보전관리지역	토지이용상황	전	주상복합	2.3
41461	용인시 처인구 원삼면	2026	보전관리지역	토지이용상황	전	공업용	1.92
41461	용인시 처인구 원삼면	2026	보전관리지역	토지이용상황	전	태양광	1.45
41461	용인시 처인구 원삼면	2026	보전관리지역	토지이용상황	전	전	1
41461	용인시 처인구 원삼면	2026	보전관리지역	토지이용상황	전	전창고	1.08
41461	용인시 처인구 원삼면	2026	보전관리지역	토지이용상황	전	전축사	1.11
41461	용인시 처인구 원삼면	2026	보전관리지역	토지이용상황	전	답	1
41461	용인시 처인구 원삼면	2026	보전관리지역	토지이용상황	전	답창고	1.08
41461	용인시 처인구 원삼면	2026	보전관리지역	토지이용상황	전	답축사	1.11
41461	용인시 처인구 원삼면	2026	보전관리지역	토지이용상황	전	임야	0.7
41461	용인시 처인구 원삼면	2026	보전관리지역	토지이용상황	전창고	주거용	1.75
41461	용인시 처인구 원삼면	2026	보전관리지역	토지이용상황	전창고	상업업무	2.35
41461	용인시 처인구 원삼면	2026	보전관리지역	토지이용상황	전창고	주상복합	2.14
41461	용인시 처인구 원삼면	2026	보전관리지역	토지이용상황	전창고	공업용	1.79
41461	용인시 처인구 원삼면	2026	보전관리지역	토지이용상황	전창고	태양광	1.35
41461	용인시 처인구 원삼면	2026	보전관리지역	토지이용상황	전창고	전	0.93
41461	용인시 처인구 원삼면	2026	보전관리지역	토지이용상황	전창고	전창고	1
41461	용인시 처인구 원삼면	2026	보전관리지역	토지이용상황	전창고	전축사	1.04
41461	용인시 처인구 원삼면	2026	보전관리지역	토지이용상황	전창고	답	0.93
41461	용인시 처인구 원삼면	2026	보전관리지역	토지이용상황	전창고	답창고	1
41461	용인시 처인구 원삼면	2026	보전관리지역	토지이용상황	전창고	답축사	1.04
41461	용인시 처인구 원삼면	2026	보전관리지역	토지이용상황	전창고	임야	0.65
41461	용인시 처인구 원삼면	2026	보전관리지역	토지이용상황	전축사	주거용	1.69
41461	용인시 처인구 원삼면	2026	보전관리지역	토지이용상황	전축사	상업업무	2.27
41461	용인시 처인구 원삼면	2026	보전관리지역	토지이용상황	전축사	주상복합	2.07
41461	용인시 처인구 원삼면	2026	보전관리지역	토지이용상황	전축사	공업용	1.73
41461	용인시 처인구 원삼면	2026	보전관리지역	토지이용상황	전축사	태양광	1.31
41461	용인시 처인구 원삼면	2026	보전관리지역	토지이용상황	전축사	전	0.9
41461	용인시 처인구 원삼면	2026	보전관리지역	토지이용상황	전축사	전창고	0.97
41461	용인시 처인구 원삼면	2026	보전관리지역	토지이용상황	전축사	전축사	1
41461	용인시 처인구 원삼면	2026	보전관리지역	토지이용상황	전축사	답	0.9
41461	용인시 처인구 원삼면	2026	보전관리지역	토지이용상황	전축사	답창고	0.97
41461	용인시 처인구 원삼면	2026	보전관리지역	토지이용상황	전축사	답축사	1
41461	용인시 처인구 원삼면	2026	보전관리지역	토지이용상황	전축사	임야	0.63
41461	용인시 처인구 원삼면	2026	보전관리지역	토지이용상황	답	주거용	1.89
41461	용인시 처인구 원삼면	2026	보전관리지역	토지이용상황	답	상업업무	2.53
41461	용인시 처인구 원삼면	2026	보전관리지역	토지이용상황	답	주상복합	2.3
41461	용인시 처인구 원삼면	2026	보전관리지역	토지이용상황	답	공업용	1.92
41461	용인시 처인구 원삼면	2026	보전관리지역	토지이용상황	답	태양광	1.45
41461	용인시 처인구 원삼면	2026	보전관리지역	토지이용상황	답	전	1
41461	용인시 처인구 원삼면	2026	보전관리지역	토지이용상황	답	전창고	1.08
41461	용인시 처인구 원삼면	2026	보전관리지역	토지이용상황	답	전축사	1.11
41461	용인시 처인구 원삼면	2026	보전관리지역	토지이용상황	답	답	1
41461	용인시 처인구 원삼면	2026	보전관리지역	토지이용상황	답	답창고	1.08
41461	용인시 처인구 원삼면	2026	보전관리지역	토지이용상황	답	답축사	1.11
41461	용인시 처인구 원삼면	2026	보전관리지역	토지이용상황	답	임야	0.7
41461	용인시 처인구 원삼면	2026	보전관리지역	토지이용상황	답창고	주거용	1.75
41461	용인시 처인구 원삼면	2026	보전관리지역	토지이용상황	답창고	상업업무	2.35
41461	용인시 처인구 원삼면	2026	보전관리지역	토지이용상황	답창고	주상복합	2.14
41461	용인시 처인구 원삼면	2026	보전관리지역	토지이용상황	답창고	공업용	1.79
41461	용인시 처인구 원삼면	2026	보전관리지역	토지이용상황	답창고	태양광	1.35
41461	용인시 처인구 원삼면	2026	보전관리지역	토지이용상황	답창고	전	0.93
41461	용인시 처인구 원삼면	2026	보전관리지역	토지이용상황	답창고	전창고	1
41461	용인시 처인구 원삼면	2026	보전관리지역	토지이용상황	답창고	전축사	1.04
41461	용인시 처인구 원삼면	2026	보전관리지역	토지이용상황	답창고	답	0.93
41461	용인시 처인구 원삼면	2026	보전관리지역	토지이용상황	답창고	답창고	1
41461	용인시 처인구 원삼면	2026	보전관리지역	토지이용상황	답창고	답축사	1.04
41461	용인시 처인구 원삼면	2026	보전관리지역	토지이용상황	답창고	임야	0.65
41461	용인시 처인구 원삼면	2026	보전관리지역	토지이용상황	답축사	주거용	1.69
41461	용인시 처인구 원삼면	2026	보전관리지역	토지이용상황	답축사	상업업무	2.27
41461	용인시 처인구 원삼면	2026	보전관리지역	토지이용상황	답축사	주상복합	2.07
41461	용인시 처인구 원삼면	2026	보전관리지역	토지이용상황	답축사	공업용	1.73
41461	용인시 처인구 원삼면	2026	보전관리지역	토지이용상황	답축사	태양광	1.31
41461	용인시 처인구 원삼면	2026	보전관리지역	토지이용상황	답축사	전	0.9
41461	용인시 처인구 원삼면	2026	보전관리지역	토지이용상황	답축사	전창고	0.97
41461	용인시 처인구 원삼면	2026	보전관리지역	토지이용상황	답축사	전축사	1
41461	용인시 처인구 원삼면	2026	보전관리지역	토지이용상황	답축사	답	0.9
41461	용인시 처인구 원삼면	2026	보전관리지역	토지이용상황	답축사	답창고	0.97
41461	용인시 처인구 원삼면	2026	보전관리지역	토지이용상황	답축사	답축사	1
41461	용인시 처인구 원삼면	2026	보전관리지역	토지이용상황	답축사	임야	0.63
41461	용인시 처인구 원삼면	2026	보전관리지역	토지이용상황	임야	주거용	2.7
41461	용인시 처인구 원삼면	2026	보전관리지역	토지이용상황	임야	상업업무	3.62
41461	용인시 처인구 원삼면	2026	보전관리지역	토지이용상황	임야	주상복합	3.3
41461	용인시 처인구 원삼면	2026	보전관리지역	토지이용상황	임야	공업용	2.76
41461	용인시 처인구 원삼면	2026	보전관리지역	토지이용상황	임야	태양광	2.08
41461	용인시 처인구 원삼면	2026	보전관리지역	토지이용상황	임야	전	1.43
41461	용인시 처인구 원삼면	2026	보전관리지역	토지이용상황	임야	전창고	1.54
41461	용인시 처인구 원삼면	2026	보전관리지역	토지이용상황	임야	전축사	1.59
41461	용인시 처인구 원삼면	2026	보전관리지역	토지이용상황	임야	답	1.43
41461	용인시 처인구 원삼면	2026	보전관리지역	토지이용상황	임야	답창고	1.54
41461	용인시 처인구 원삼면	2026	보전관리지역	토지이용상황	임야	답축사	1.59
41461	용인시 처인구 원삼면	2026	보전관리지역	토지이용상황	임야	임야	1
41461	용인시 처인구 원삼면	2026	보전관리지역	공공용지	일반	일반	1
41461	용인시 처인구 원삼면	2026	보전관리지역	공공용지	일반	도로	0.33
41461	용인시 처인구 원삼면	2026	보전관리지역	공공용지	일반	공원	0.33
41461	용인시 처인구 원삼면	2026	보전관리지역	공공용지	일반	운동장	0.7
41461	용인시 처인구 원삼면	2026	보전관리지역	공공용지	일반	하천	0.33
41461	용인시 처인구 원삼면	2026	보전관리지역	공공용지	일반	혐오	0.33
41461	용인시 처인구 원삼면	2026	보전관리지역	공공용지	일반	위험	0.7
41461	용인시 처인구 원삼면	2026	보전관리지역	공공용지	일반	도축장	0.7
41461	용인시 처인구 원삼면	2026	보전관리지역	공공용지	도로	일반	3.03
41461	용인시 처인구 원삼면	2026	보전관리지역	공공용지	도로	도로	1
41461	용인시 처인구 원삼면	2026	보전관리지역	공공용지	도로	공원	1
41461	용인시 처인구 원삼면	2026	보전관리지역	공공용지	도로	운동장	2.12
41461	용인시 처인구 원삼면	2026	보전관리지역	공공용지	도로	하천	1
41461	용인시 처인구 원삼면	2026	보전관리지역	공공용지	도로	혐오	1
41461	용인시 처인구 원삼면	2026	보전관리지역	공공용지	도로	위험	2.12
41461	용인시 처인구 원삼면	2026	보전관리지역	공공용지	도로	도축장	2.12
41461	용인시 처인구 원삼면	2026	보전관리지역	공공용지	공원	일반	3.03
41461	용인시 처인구 원삼면	2026	보전관리지역	공공용지	공원	도로	1
41461	용인시 처인구 원삼면	2026	보전관리지역	공공용지	공원	공원	1
41461	용인시 처인구 원삼면	2026	보전관리지역	공공용지	공원	운동장	2.12
41461	용인시 처인구 원삼면	2026	보전관리지역	공공용지	공원	하천	1
41461	용인시 처인구 원삼면	2026	보전관리지역	공공용지	공원	혐오	1
41461	용인시 처인구 원삼면	2026	보전관리지역	공공용지	공원	위험	2.12
41461	용인시 처인구 원삼면	2026	보전관리지역	공공용지	공원	도축장	2.12
41461	용인시 처인구 원삼면	2026	보전관리지역	공공용지	운동장	일반	1.43
41461	용인시 처인구 원삼면	2026	보전관리지역	공공용지	운동장	도로	0.47
41461	용인시 처인구 원삼면	2026	보전관리지역	공공용지	운동장	공원	0.47
41461	용인시 처인구 원삼면	2026	보전관리지역	공공용지	운동장	운동장	1
41461	용인시 처인구 원삼면	2026	보전관리지역	공공용지	운동장	하천	0.47
41461	용인시 처인구 원삼면	2026	보전관리지역	공공용지	운동장	혐오	0.47
41461	용인시 처인구 원삼면	2026	보전관리지역	공공용지	운동장	위험	1
41461	용인시 처인구 원삼면	2026	보전관리지역	공공용지	운동장	도축장	1
41461	용인시 처인구 원삼면	2026	보전관리지역	공공용지	하천	일반	3.03
41461	용인시 처인구 원삼면	2026	보전관리지역	공공용지	하천	도로	1
41461	용인시 처인구 원삼면	2026	보전관리지역	공공용지	하천	공원	1
41461	용인시 처인구 원삼면	2026	보전관리지역	공공용지	하천	운동장	2.12
41461	용인시 처인구 원삼면	2026	보전관리지역	공공용지	하천	하천	1
41461	용인시 처인구 원삼면	2026	보전관리지역	공공용지	하천	혐오	1
41461	용인시 처인구 원삼면	2026	보전관리지역	공공용지	하천	위험	2.12
41461	용인시 처인구 원삼면	2026	보전관리지역	공공용지	하천	도축장	2.12
41461	용인시 처인구 원삼면	2026	보전관리지역	공공용지	혐오	일반	3.03
41461	용인시 처인구 원삼면	2026	보전관리지역	공공용지	혐오	도로	1
41461	용인시 처인구 원삼면	2026	보전관리지역	공공용지	혐오	공원	1
41461	용인시 처인구 원삼면	2026	보전관리지역	공공용지	혐오	운동장	2.12
41461	용인시 처인구 원삼면	2026	보전관리지역	공공용지	혐오	하천	1
41461	용인시 처인구 원삼면	2026	보전관리지역	공공용지	혐오	혐오	1
41461	용인시 처인구 원삼면	2026	보전관리지역	공공용지	혐오	위험	2.12
41461	용인시 처인구 원삼면	2026	보전관리지역	공공용지	혐오	도축장	2.12
41461	용인시 처인구 원삼면	2026	보전관리지역	공공용지	위험	일반	1.43
41461	용인시 처인구 원삼면	2026	보전관리지역	공공용지	위험	도로	0.47
41461	용인시 처인구 원삼면	2026	보전관리지역	공공용지	위험	공원	0.47
41461	용인시 처인구 원삼면	2026	보전관리지역	공공용지	위험	운동장	1
41461	용인시 처인구 원삼면	2026	보전관리지역	공공용지	위험	하천	0.47
41461	용인시 처인구 원삼면	2026	보전관리지역	공공용지	위험	혐오	0.47
41461	용인시 처인구 원삼면	2026	보전관리지역	공공용지	위험	위험	1
41461	용인시 처인구 원삼면	2026	보전관리지역	공공용지	위험	도축장	1
41461	용인시 처인구 원삼면	2026	보전관리지역	공공용지	도축장	일반	1.43
41461	용인시 처인구 원삼면	2026	보전관리지역	공공용지	도축장	도로	0.47
41461	용인시 처인구 원삼면	2026	보전관리지역	공공용지	도축장	공원	0.47
41461	용인시 처인구 원삼면	2026	보전관리지역	공공용지	도축장	운동장	1
41461	용인시 처인구 원삼면	2026	보전관리지역	공공용지	도축장	하천	0.47
41461	용인시 처인구 원삼면	2026	보전관리지역	공공용지	도축장	혐오	0.47
41461	용인시 처인구 원삼면	2026	보전관리지역	공공용지	도축장	위험	1
41461	용인시 처인구 원삼면	2026	보전관리지역	공공용지	도축장	도축장	1
41461	용인시 처인구 원삼면	2026	보전관리지역	고저	저지	저지	1
41461	용인시 처인구 원삼면	2026	보전관리지역	고저	저지	평지	1.08
41461	용인시 처인구 원삼면	2026	보전관리지역	고저	저지	완경사	1.02
41461	용인시 처인구 원삼면	2026	보전관리지역	고저	저지	급경사	0.76
41461	용인시 처인구 원삼면	2026	보전관리지역	고저	저지	고지	0.74
41461	용인시 처인구 원삼면	2026	보전관리지역	고저	평지	저지	0.93
41461	용인시 처인구 원삼면	2026	보전관리지역	고저	평지	평지	1
41461	용인시 처인구 원삼면	2026	보전관리지역	고저	평지	완경사	0.94
41461	용인시 처인구 원삼면	2026	보전관리지역	고저	평지	급경사	0.7
41461	용인시 처인구 원삼면	2026	보전관리지역	고저	평지	고지	0.69
41461	용인시 처인구 원삼면	2026	보전관리지역	고저	완경사	저지	0.98
41461	용인시 처인구 원삼면	2026	보전관리지역	고저	완경사	평지	1.06
41461	용인시 처인구 원삼면	2026	보전관리지역	고저	완경사	완경사	1
41461	용인시 처인구 원삼면	2026	보전관리지역	고저	완경사	급경사	0.75
41461	용인시 처인구 원삼면	2026	보전관리지역	고저	완경사	고지	0.73
41461	용인시 처인구 원삼면	2026	보전관리지역	고저	급경사	저지	1.32
41461	용인시 처인구 원삼면	2026	보전관리지역	고저	급경사	평지	1.42
41461	용인시 처인구 원삼면	2026	보전관리지역	고저	급경사	완경사	1.34
41461	용인시 처인구 원삼면	2026	보전관리지역	고저	급경사	급경사	1
41461	용인시 처인구 원삼면	2026	보전관리지역	고저	급경사	고지	0.97
41461	용인시 처인구 원삼면	2026	보전관리지역	고저	고지	저지	1.35
41461	용인시 처인구 원삼면	2026	보전관리지역	고저	고지	평지	1.46
41461	용인시 처인구 원삼면	2026	보전관리지역	고저	고지	완경사	1.38
41461	용인시 처인구 원삼면	2026	보전관리지역	고저	고지	급경사	1.03
41461	용인시 처인구 원삼면	2026	보전관리지역	고저	고지	고지	1
41461	용인시 처인구 원삼면	2026	보전관리지역	형상(주거.공업)	정형	정형	1
41461	용인시 처인구 원삼면	2026	보전관리지역	형상(주거.공업)	정형	비정형	0.95
41461	용인시 처인구 원삼면	2026	보전관리지역	형상(주거.공업)	비정형	정형	1.05
41461	용인시 처인구 원삼면	2026	보전관리지역	형상(주거.공업)	비정형	비정형	1
41461	용인시 처인구 원삼면	2026	보전관리지역	방위	남향	남향	1
41461	용인시 처인구 원삼면	2026	보전관리지역	방위	남향	동향	0.99
41461	용인시 처인구 원삼면	2026	보전관리지역	방위	남향	서향	0.98
41461	용인시 처인구 원삼면	2026	보전관리지역	방위	남향	북향	0.98
41461	용인시 처인구 원삼면	2026	보전관리지역	방위	동향	남향	1.01
41461	용인시 처인구 원삼면	2026	보전관리지역	방위	동향	동향	1
41461	용인시 처인구 원삼면	2026	보전관리지역	방위	동향	서향	0.99
41461	용인시 처인구 원삼면	2026	보전관리지역	방위	동향	북향	0.99
41461	용인시 처인구 원삼면	2026	보전관리지역	방위	서향	남향	1.02
41461	용인시 처인구 원삼면	2026	보전관리지역	방위	서향	동향	1.01
41461	용인시 처인구 원삼면	2026	보전관리지역	방위	서향	서향	1
41461	용인시 처인구 원삼면	2026	보전관리지역	방위	서향	북향	1
41461	용인시 처인구 원삼면	2026	보전관리지역	방위	북향	남향	1.02
41461	용인시 처인구 원삼면	2026	보전관리지역	방위	북향	동향	1.01
41461	용인시 처인구 원삼면	2026	보전관리지역	방위	북향	서향	1
41461	용인시 처인구 원삼면	2026	보전관리지역	방위	북향	북향	1
41461	용인시 처인구 원삼면	2026	보전관리지역	도로접면	광대한면	광대한면	1
41461	용인시 처인구 원삼면	2026	보전관리지역	도로접면	광대한면	광대소각	1.08
41461	용인시 처인구 원삼면	2026	보전관리지역	도로접면	광대한면	광대세각	1.05
41461	용인시 처인구 원삼면	2026	보전관리지역	도로접면	광대한면	중로한면	0.98
41461	용인시 처인구 원삼면	2026	보전관리지역	도로접면	광대한면	중로각지	0.99
41461	용인시 처인구 원삼면	2026	보전관리지역	도로접면	광대한면	소로한면	0.93
41461	용인시 처인구 원삼면	2026	보전관리지역	도로접면	광대한면	소로각지	0.97
41461	용인시 처인구 원삼면	2026	보전관리지역	도로접면	광대한면	세로(가)	0.85
41461	용인시 처인구 원삼면	2026	보전관리지역	도로접면	광대한면	세각(가)	0.87
41461	용인시 처인구 원삼면	2026	보전관리지역	도로접면	광대한면	세로(불)	0.77
41461	용인시 처인구 원삼면	2026	보전관리지역	도로접면	광대한면	세각(불)	0.78
41461	용인시 처인구 원삼면	2026	보전관리지역	도로접면	광대한면	맹지	0.74
41461	용인시 처인구 원삼면	2026	보전관리지역	도로접면	광대소각	광대한면	0.93
41461	용인시 처인구 원삼면	2026	보전관리지역	도로접면	광대소각	광대소각	1
41461	용인시 처인구 원삼면	2026	보전관리지역	도로접면	광대소각	광대세각	0.97
41461	용인시 처인구 원삼면	2026	보전관리지역	도로접면	광대소각	중로한면	0.91
41461	용인시 처인구 원삼면	2026	보전관리지역	도로접면	광대소각	중로각지	0.92
41461	용인시 처인구 원삼면	2026	보전관리지역	도로접면	광대소각	소로한면	0.86
41461	용인시 처인구 원삼면	2026	보전관리지역	도로접면	광대소각	소로각지	0.9
41461	용인시 처인구 원삼면	2026	보전관리지역	도로접면	광대소각	세로(가)	0.79
41461	용인시 처인구 원삼면	2026	보전관리지역	도로접면	광대소각	세각(가)	0.81
41461	용인시 처인구 원삼면	2026	보전관리지역	도로접면	광대소각	세로(불)	0.71
41461	용인시 처인구 원삼면	2026	보전관리지역	도로접면	광대소각	세각(불)	0.72
41461	용인시 처인구 원삼면	2026	보전관리지역	도로접면	광대소각	맹지	0.69
41461	용인시 처인구 원삼면	2026	보전관리지역	도로접면	광대세각	광대한면	0.95
41461	용인시 처인구 원삼면	2026	보전관리지역	도로접면	광대세각	광대소각	1.03
41461	용인시 처인구 원삼면	2026	보전관리지역	도로접면	광대세각	광대세각	1
41461	용인시 처인구 원삼면	2026	보전관리지역	도로접면	광대세각	중로한면	0.93
41461	용인시 처인구 원삼면	2026	보전관리지역	도로접면	광대세각	중로각지	0.94
41461	용인시 처인구 원삼면	2026	보전관리지역	도로접면	광대세각	소로한면	0.89
41461	용인시 처인구 원삼면	2026	보전관리지역	도로접면	광대세각	소로각지	0.92
41461	용인시 처인구 원삼면	2026	보전관리지역	도로접면	광대세각	세로(가)	0.81
41461	용인시 처인구 원삼면	2026	보전관리지역	도로접면	광대세각	세각(가)	0.83
41461	용인시 처인구 원삼면	2026	보전관리지역	도로접면	광대세각	세로(불)	0.73
41461	용인시 처인구 원삼면	2026	보전관리지역	도로접면	광대세각	세각(불)	0.74
41461	용인시 처인구 원삼면	2026	보전관리지역	도로접면	광대세각	맹지	0.7
41461	용인시 처인구 원삼면	2026	보전관리지역	도로접면	중로한면	광대한면	1.02
41461	용인시 처인구 원삼면	2026	보전관리지역	도로접면	중로한면	광대소각	1.1
41461	용인시 처인구 원삼면	2026	보전관리지역	도로접면	중로한면	광대세각	1.07
41461	용인시 처인구 원삼면	2026	보전관리지역	도로접면	중로한면	중로한면	1
41461	용인시 처인구 원삼면	2026	보전관리지역	도로접면	중로한면	중로각지	1.01
41461	용인시 처인구 원삼면	2026	보전관리지역	도로접면	중로한면	소로한면	0.95
41461	용인시 처인구 원삼면	2026	보전관리지역	도로접면	중로한면	소로각지	0.99
41461	용인시 처인구 원삼면	2026	보전관리지역	도로접면	중로한면	세로(가)	0.87
41461	용인시 처인구 원삼면	2026	보전관리지역	도로접면	중로한면	세각(가)	0.89
41461	용인시 처인구 원삼면	2026	보전관리지역	도로접면	중로한면	세로(불)	0.79
41461	용인시 처인구 원삼면	2026	보전관리지역	도로접면	중로한면	세각(불)	0.8
41461	용인시 처인구 원삼면	2026	보전관리지역	도로접면	중로한면	맹지	0.76
41461	용인시 처인구 원삼면	2026	보전관리지역	도로접면	중로각지	광대한면	1.01
41461	용인시 처인구 원삼면	2026	보전관리지역	도로접면	중로각지	광대소각	1.09
41461	용인시 처인구 원삼면	2026	보전관리지역	도로접면	중로각지	광대세각	1.06
41461	용인시 처인구 원삼면	2026	보전관리지역	도로접면	중로각지	중로한면	0.99
41461	용인시 처인구 원삼면	2026	보전관리지역	도로접면	중로각지	중로각지	1
41461	용인시 처인구 원삼면	2026	보전관리지역	도로접면	중로각지	소로한면	0.94
41461	용인시 처인구 원삼면	2026	보전관리지역	도로접면	중로각지	소로각지	0.98
41461	용인시 처인구 원삼면	2026	보전관리지역	도로접면	중로각지	세로(가)	0.86
41461	용인시 처인구 원삼면	2026	보전관리지역	도로접면	중로각지	세각(가)	0.88
41461	용인시 처인구 원삼면	2026	보전관리지역	도로접면	중로각지	세로(불)	0.78
41461	용인시 처인구 원삼면	2026	보전관리지역	도로접면	중로각지	세각(불)	0.79
41461	용인시 처인구 원삼면	2026	보전관리지역	도로접면	중로각지	맹지	0.75
41461	용인시 처인구 원삼면	2026	보전관리지역	도로접면	소로한면	광대한면	1.08
41461	용인시 처인구 원삼면	2026	보전관리지역	도로접면	소로한면	광대소각	1.16
41461	용인시 처인구 원삼면	2026	보전관리지역	도로접면	소로한면	광대세각	1.13
41461	용인시 처인구 원삼면	2026	보전관리지역	도로접면	소로한면	중로한면	1.05
41461	용인시 처인구 원삼면	2026	보전관리지역	도로접면	소로한면	중로각지	1.06
41461	용인시 처인구 원삼면	2026	보전관리지역	도로접면	소로한면	소로한면	1
41461	용인시 처인구 원삼면	2026	보전관리지역	도로접면	소로한면	소로각지	1.04
41461	용인시 처인구 원삼면	2026	보전관리지역	도로접면	소로한면	세로(가)	0.91
41461	용인시 처인구 원삼면	2026	보전관리지역	도로접면	소로한면	세각(가)	0.94
41461	용인시 처인구 원삼면	2026	보전관리지역	도로접면	소로한면	세로(불)	0.83
41461	용인시 처인구 원삼면	2026	보전관리지역	도로접면	소로한면	세각(불)	0.84
41461	용인시 처인구 원삼면	2026	보전관리지역	도로접면	소로한면	맹지	0.8
41461	용인시 처인구 원삼면	2026	보전관리지역	도로접면	소로각지	광대한면	1.03
41461	용인시 처인구 원삼면	2026	보전관리지역	도로접면	소로각지	광대소각	1.11
41461	용인시 처인구 원삼면	2026	보전관리지역	도로접면	소로각지	광대세각	1.08
41461	용인시 처인구 원삼면	2026	보전관리지역	도로접면	소로각지	중로한면	1.01
41461	용인시 처인구 원삼면	2026	보전관리지역	도로접면	소로각지	중로각지	1.02
41461	용인시 처인구 원삼면	2026	보전관리지역	도로접면	소로각지	소로한면	0.96
41461	용인시 처인구 원삼면	2026	보전관리지역	도로접면	소로각지	소로각지	1
41461	용인시 처인구 원삼면	2026	보전관리지역	도로접면	소로각지	세로(가)	0.88
41461	용인시 처인구 원삼면	2026	보전관리지역	도로접면	소로각지	세각(가)	0.9
41461	용인시 처인구 원삼면	2026	보전관리지역	도로접면	소로각지	세로(불)	0.79
41461	용인시 처인구 원삼면	2026	보전관리지역	도로접면	소로각지	세각(불)	0.8
41461	용인시 처인구 원삼면	2026	보전관리지역	도로접면	소로각지	맹지	0.76
41461	용인시 처인구 원삼면	2026	보전관리지역	도로접면	세로(가)	광대한면	1.18
41461	용인시 처인구 원삼면	2026	보전관리지역	도로접면	세로(가)	광대소각	1.27
41461	용인시 처인구 원삼면	2026	보전관리지역	도로접면	세로(가)	광대세각	1.24
41461	용인시 처인구 원삼면	2026	보전관리지역	도로접면	세로(가)	중로한면	1.15
41461	용인시 처인구 원삼면	2026	보전관리지역	도로접면	세로(가)	중로각지	1.16
41461	용인시 처인구 원삼면	2026	보전관리지역	도로접면	세로(가)	소로한면	1.09
41461	용인시 처인구 원삼면	2026	보전관리지역	도로접면	세로(가)	소로각지	1.14
41461	용인시 처인구 원삼면	2026	보전관리지역	도로접면	세로(가)	세로(가)	1
41461	용인시 처인구 원삼면	2026	보전관리지역	도로접면	세로(가)	세각(가)	1.02
41461	용인시 처인구 원삼면	2026	보전관리지역	도로접면	세로(가)	세로(불)	0.91
41461	용인시 처인구 원삼면	2026	보전관리지역	도로접면	세로(가)	세각(불)	0.92
41461	용인시 처인구 원삼면	2026	보전관리지역	도로접면	세로(가)	맹지	0.87
41461	용인시 처인구 원삼면	2026	보전관리지역	도로접면	세각(가)	광대한면	1.15
41461	용인시 처인구 원삼면	2026	보전관리지역	도로접면	세각(가)	광대소각	1.24
41461	용인시 처인구 원삼면	2026	보전관리지역	도로접면	세각(가)	광대세각	1.21
41461	용인시 처인구 원삼면	2026	보전관리지역	도로접면	세각(가)	중로한면	1.13
41461	용인시 처인구 원삼면	2026	보전관리지역	도로접면	세각(가)	중로각지	1.14
41461	용인시 처인구 원삼면	2026	보전관리지역	도로접면	세각(가)	소로한면	1.07
41461	용인시 처인구 원삼면	2026	보전관리지역	도로접면	세각(가)	소로각지	1.11
41461	용인시 처인구 원삼면	2026	보전관리지역	도로접면	세각(가)	세로(가)	0.98
41461	용인시 처인구 원삼면	2026	보전관리지역	도로접면	세각(가)	세각(가)	1
41461	용인시 처인구 원삼면	2026	보전관리지역	도로접면	세각(가)	세로(불)	0.89
41461	용인시 처인구 원삼면	2026	보전관리지역	도로접면	세각(가)	세각(불)	0.9
41461	용인시 처인구 원삼면	2026	보전관리지역	도로접면	세각(가)	맹지	0.85
41461	용인시 처인구 원삼면	2026	보전관리지역	도로접면	세로(불)	광대한면	1.3
41461	용인시 처인구 원삼면	2026	보전관리지역	도로접면	세로(불)	광대소각	1.4
41461	용인시 처인구 원삼면	2026	보전관리지역	도로접면	세로(불)	광대세각	1.36
41461	용인시 처인구 원삼면	2026	보전관리지역	도로접면	세로(불)	중로한면	1.27
41461	용인시 처인구 원삼면	2026	보전관리지역	도로접면	세로(불)	중로각지	1.29
41461	용인시 처인구 원삼면	2026	보전관리지역	도로접면	세로(불)	소로한면	1.21
41461	용인시 처인구 원삼면	2026	보전관리지역	도로접면	세로(불)	소로각지	1.26
41461	용인시 처인구 원삼면	2026	보전관리지역	도로접면	세로(불)	세로(가)	1.1
41461	용인시 처인구 원삼면	2026	보전관리지역	도로접면	세로(불)	세각(가)	1.13
41461	용인시 처인구 원삼면	2026	보전관리지역	도로접면	세로(불)	세로(불)	1
41461	용인시 처인구 원삼면	2026	보전관리지역	도로접면	세로(불)	세각(불)	1.01
41461	용인시 처인구 원삼면	2026	보전관리지역	도로접면	세로(불)	맹지	0.96
41461	용인시 처인구 원삼면	2026	보전관리지역	도로접면	세각(불)	광대한면	1.28
41461	용인시 처인구 원삼면	2026	보전관리지역	도로접면	세각(불)	광대소각	1.38
41461	용인시 처인구 원삼면	2026	보전관리지역	도로접면	세각(불)	광대세각	1.35
41461	용인시 처인구 원삼면	2026	보전관리지역	도로접면	세각(불)	중로한면	1.26
41461	용인시 처인구 원삼면	2026	보전관리지역	도로접면	세각(불)	중로각지	1.27
41461	용인시 처인구 원삼면	2026	보전관리지역	도로접면	세각(불)	소로한면	1.19
41461	용인시 처인구 원삼면	2026	보전관리지역	도로접면	세각(불)	소로각지	1.24
41461	용인시 처인구 원삼면	2026	보전관리지역	도로접면	세각(불)	세로(가)	1.09
41461	용인시 처인구 원삼면	2026	보전관리지역	도로접면	세각(불)	세각(가)	1.12
41461	용인시 처인구 원삼면	2026	보전관리지역	도로접면	세각(불)	세로(불)	0.99
41461	용인시 처인구 원삼면	2026	보전관리지역	도로접면	세각(불)	세각(불)	1
41461	용인시 처인구 원삼면	2026	보전관리지역	도로접면	세각(불)	맹지	0.95
41461	용인시 처인구 원삼면	2026	보전관리지역	도로접면	맹지	광대한면	1.35
41461	용인시 처인구 원삼면	2026	보전관리지역	도로접면	맹지	광대소각	1.46
41461	용인시 처인구 원삼면	2026	보전관리지역	도로접면	맹지	광대세각	1.42
41461	용인시 처인구 원삼면	2026	보전관리지역	도로접면	맹지	중로한면	1.32
41461	용인시 처인구 원삼면	2026	보전관리지역	도로접면	맹지	중로각지	1.34
41461	용인시 처인구 원삼면	2026	보전관리지역	도로접면	맹지	소로한면	1.26
41461	용인시 처인구 원삼면	2026	보전관리지역	도로접면	맹지	소로각지	1.31
41461	용인시 처인구 원삼면	2026	보전관리지역	도로접면	맹지	세로(가)	1.15
41461	용인시 처인구 원삼면	2026	보전관리지역	도로접면	맹지	세각(가)	1.18
41461	용인시 처인구 원삼면	2026	보전관리지역	도로접면	맹지	세로(불)	1.04
41461	용인시 처인구 원삼면	2026	보전관리지역	도로접면	맹지	세각(불)	1.05
41461	용인시 처인구 원삼면	2026	보전관리지역	도로접면	맹지	맹지	1
41461	용인시 처인구 원삼면	2026	보전관리지역	도로거리	50m내	50m내	1
41461	용인시 처인구 원삼면	2026	보전관리지역	도로거리	50m내	100m내	0.99
41461	용인시 처인구 원삼면	2026	보전관리지역	도로거리	50m내	500m내	0.98
41461	용인시 처인구 원삼면	2026	보전관리지역	도로거리	50m내	해당없음	0.95
41461	용인시 처인구 원삼면	2026	보전관리지역	도로거리	100m내	50m내	1.01
41461	용인시 처인구 원삼면	2026	보전관리지역	도로거리	100m내	100m내	1
41461	용인시 처인구 원삼면	2026	보전관리지역	도로거리	100m내	500m내	0.99
41461	용인시 처인구 원삼면	2026	보전관리지역	도로거리	100m내	해당없음	0.96
41461	용인시 처인구 원삼면	2026	보전관리지역	도로거리	500m내	50m내	1.02
41461	용인시 처인구 원삼면	2026	보전관리지역	도로거리	500m내	100m내	1.01
41461	용인시 처인구 원삼면	2026	보전관리지역	도로거리	500m내	500m내	1
41461	용인시 처인구 원삼면	2026	보전관리지역	도로거리	500m내	해당없음	0.97
41461	용인시 처인구 원삼면	2026	보전관리지역	도로거리	해당없음	50m내	1.05
41461	용인시 처인구 원삼면	2026	보전관리지역	도로거리	해당없음	100m내	1.04
41461	용인시 처인구 원삼면	2026	보전관리지역	도로거리	해당없음	500m내	1.03
41461	용인시 처인구 원삼면	2026	보전관리지역	도로거리	해당없음	해당없음	1
41461	용인시 처인구 원삼면	2026	보전관리지역	철도.고속도로 등	50m내	50m내	1
41461	용인시 처인구 원삼면	2026	보전관리지역	철도.고속도로 등	50m내	100m내	1.01
41461	용인시 처인구 원삼면	2026	보전관리지역	철도.고속도로 등	50m내	500m내	1.02
41461	용인시 처인구 원삼면	2026	보전관리지역	철도.고속도로 등	50m내	해당없음	1.03
41461	용인시 처인구 원삼면	2026	보전관리지역	철도.고속도로 등	100m내	50m내	0.99
41461	용인시 처인구 원삼면	2026	보전관리지역	철도.고속도로 등	100m내	100m내	1
41461	용인시 처인구 원삼면	2026	보전관리지역	철도.고속도로 등	100m내	500m내	1.01
41461	용인시 처인구 원삼면	2026	보전관리지역	철도.고속도로 등	100m내	해당없음	1.02
41461	용인시 처인구 원삼면	2026	보전관리지역	철도.고속도로 등	500m내	50m내	0.98
41461	용인시 처인구 원삼면	2026	보전관리지역	철도.고속도로 등	500m내	100m내	0.99
41461	용인시 처인구 원삼면	2026	보전관리지역	철도.고속도로 등	500m내	500m내	1
41461	용인시 처인구 원삼면	2026	보전관리지역	철도.고속도로 등	500m내	해당없음	1.01
41461	용인시 처인구 원삼면	2026	보전관리지역	철도.고속도로 등	해당없음	50m내	0.97
41461	용인시 처인구 원삼면	2026	보전관리지역	철도.고속도로 등	해당없음	100m내	0.98
41461	용인시 처인구 원삼면	2026	보전관리지역	철도.고속도로 등	해당없음	500m내	0.99
41461	용인시 처인구 원삼면	2026	보전관리지역	철도.고속도로 등	해당없음	해당없음	1
41461	용인시 처인구 원삼면	2026	보전관리지역	폐기물.수질오염	50m내	50m내	1
41461	용인시 처인구 원삼면	2026	보전관리지역	폐기물.수질오염	50m내	100m내	1.04
41461	용인시 처인구 원삼면	2026	보전관리지역	폐기물.수질오염	50m내	500m내	1.05
41461	용인시 처인구 원삼면	2026	보전관리지역	폐기물.수질오염	50m내	해당없음	1.06
41461	용인시 처인구 원삼면	2026	보전관리지역	폐기물.수질오염	100m내	50m내	0.96
41461	용인시 처인구 원삼면	2026	보전관리지역	폐기물.수질오염	100m내	100m내	1
41461	용인시 처인구 원삼면	2026	보전관리지역	폐기물.수질오염	100m내	500m내	1.01
41461	용인시 처인구 원삼면	2026	보전관리지역	폐기물.수질오염	100m내	해당없음	1.02
41461	용인시 처인구 원삼면	2026	보전관리지역	폐기물.수질오염	500m내	50m내	0.95
41461	용인시 처인구 원삼면	2026	보전관리지역	폐기물.수질오염	500m내	100m내	0.99
41461	용인시 처인구 원삼면	2026	보전관리지역	폐기물.수질오염	500m내	500m내	1
41461	용인시 처인구 원삼면	2026	보전관리지역	폐기물.수질오염	500m내	해당없음	1.01
41461	용인시 처인구 원삼면	2026	보전관리지역	폐기물.수질오염	해당없음	50m내	0.94
41461	용인시 처인구 원삼면	2026	보전관리지역	폐기물.수질오염	해당없음	100m내	0.98
41461	용인시 처인구 원삼면	2026	보전관리지역	폐기물.수질오염	해당없음	500m내	0.99
41461	용인시 처인구 원삼면	2026	보전관리지역	폐기물.수질오염	해당없음	해당없음	1
41461	용인시 처인구 원삼면	2026	보전관리지역	변전소	50m내	50m내	1
41461	용인시 처인구 원삼면	2026	보전관리지역	변전소	50m내	100m내	1.02
41461	용인시 처인구 원삼면	2026	보전관리지역	변전소	50m내	600m내	1.04
41461	용인시 처인구 원삼면	2026	보전관리지역	변전소	50m내	해당없음	1.05
41461	용인시 처인구 원삼면	2026	보전관리지역	변전소	100m내	50m내	0.98
41461	용인시 처인구 원삼면	2026	보전관리지역	변전소	100m내	100m내	1
41461	용인시 처인구 원삼면	2026	보전관리지역	변전소	100m내	600m내	1.02
41461	용인시 처인구 원삼면	2026	보전관리지역	변전소	100m내	해당없음	1.03
41461	용인시 처인구 원삼면	2026	보전관리지역	변전소	600m내	50m내	0.96
41461	용인시 처인구 원삼면	2026	보전관리지역	변전소	600m내	100m내	0.98
41461	용인시 처인구 원삼면	2026	보전관리지역	변전소	600m내	600m내	1
41461	용인시 처인구 원삼면	2026	보전관리지역	변전소	600m내	해당없음	1.01
41461	용인시 처인구 원삼면	2026	보전관리지역	변전소	해당없음	50m내	0.95
41461	용인시 처인구 원삼면	2026	보전관리지역	변전소	해당없음	100m내	0.97
41461	용인시 처인구 원삼면	2026	보전관리지역	변전소	해당없음	600m내	0.99
41461	용인시 처인구 원삼면	2026	보전관리지역	변전소	해당없음	해당없음	1
41461	용인시 처인구 원삼면	2026	보전관리지역	형상(전,답)	정형	정형	1
41461	용인시 처인구 원삼면	2026	보전관리지역	형상(전,답)	정형	비정형	0.95
41461	용인시 처인구 원삼면	2026	보전관리지역	형상(전,답)	비정형	정형	1.05
41461	용인시 처인구 원삼면	2026	보전관리지역	형상(전,답)	비정형	비정형	1
41461	용인시 처인구 원삼면	2026	보전관리지역	경작여건	보통	보통	1
41461	용인시 처인구 원삼면	2026	보전관리지역	경작여건	보통	불리	0.7
41461	용인시 처인구 원삼면	2026	보전관리지역	경작여건	불리	보통	1.43
41461	용인시 처인구 원삼면	2026	보전관리지역	경작여건	불리	불리	1
41461	용인시 처인구 원삼면	2026	보전관리지역	묘지소재불리여건	일반	일반	1
41461	용인시 처인구 원삼면	2026	보전관리지역	묘지소재불리여건	일반	불리	1
41461	용인시 처인구 원삼면	2026	보전관리지역	묘지소재불리여건	불리	일반	1
41461	용인시 처인구 원삼면	2026	보전관리지역	묘지소재불리여건	불리	불리	1
41461	용인시 처인구 원삼면	2026	생산관리지역	지목	전	전	1
41461	용인시 처인구 원삼면	2026	생산관리지역	지목	전	답	1
41461	용인시 처인구 원삼면	2026	생산관리지역	지목	전	과	1
41461	용인시 처인구 원삼면	2026	생산관리지역	지목	전	목	1
41461	용인시 처인구 원삼면	2026	생산관리지역	지목	전	임	0.92
41461	용인시 처인구 원삼면	2026	생산관리지역	지목	전	대	1.15
41461	용인시 처인구 원삼면	2026	생산관리지역	지목	전	장	1.15
41461	용인시 처인구 원삼면	2026	생산관리지역	지목	전	차	1.11
41461	용인시 처인구 원삼면	2026	생산관리지역	지목	전	주	1.15
41461	용인시 처인구 원삼면	2026	생산관리지역	지목	전	창	1.15
41461	용인시 처인구 원삼면	2026	생산관리지역	지목	전	잡	1.1
41461	용인시 처인구 원삼면	2026	생산관리지역	지목	답	전	1
41461	용인시 처인구 원삼면	2026	생산관리지역	지목	답	답	1
41461	용인시 처인구 원삼면	2026	생산관리지역	지목	답	과	1
41461	용인시 처인구 원삼면	2026	생산관리지역	지목	답	목	1
41461	용인시 처인구 원삼면	2026	생산관리지역	지목	답	임	0.92
41461	용인시 처인구 원삼면	2026	생산관리지역	지목	답	대	1.15
41461	용인시 처인구 원삼면	2026	생산관리지역	지목	답	장	1.15
41461	용인시 처인구 원삼면	2026	생산관리지역	지목	답	차	1.11
41461	용인시 처인구 원삼면	2026	생산관리지역	지목	답	주	1.15
41461	용인시 처인구 원삼면	2026	생산관리지역	지목	답	창	1.15
41461	용인시 처인구 원삼면	2026	생산관리지역	지목	답	잡	1.1
41461	용인시 처인구 원삼면	2026	생산관리지역	지목	과	전	1
41461	용인시 처인구 원삼면	2026	생산관리지역	지목	과	답	1
41461	용인시 처인구 원삼면	2026	생산관리지역	지목	과	과	1
41461	용인시 처인구 원삼면	2026	생산관리지역	지목	과	목	1
41461	용인시 처인구 원삼면	2026	생산관리지역	지목	과	임	0.92
41461	용인시 처인구 원삼면	2026	생산관리지역	지목	과	대	1.15
41461	용인시 처인구 원삼면	2026	생산관리지역	지목	과	장	1.15
41461	용인시 처인구 원삼면	2026	생산관리지역	지목	과	차	1.11
41461	용인시 처인구 원삼면	2026	생산관리지역	지목	과	주	1.15
41461	용인시 처인구 원삼면	2026	생산관리지역	지목	과	창	1.15
41461	용인시 처인구 원삼면	2026	생산관리지역	지목	과	잡	1.1
41461	용인시 처인구 원삼면	2026	생산관리지역	지목	목	전	1
41461	용인시 처인구 원삼면	2026	생산관리지역	지목	목	답	1
41461	용인시 처인구 원삼면	2026	생산관리지역	지목	목	과	1
41461	용인시 처인구 원삼면	2026	생산관리지역	지목	목	목	1
41461	용인시 처인구 원삼면	2026	생산관리지역	지목	목	임	0.92
41461	용인시 처인구 원삼면	2026	생산관리지역	지목	목	대	1.15
41461	용인시 처인구 원삼면	2026	생산관리지역	지목	목	장	1.15
41461	용인시 처인구 원삼면	2026	생산관리지역	지목	목	차	1.11
41461	용인시 처인구 원삼면	2026	생산관리지역	지목	목	주	1.15
41461	용인시 처인구 원삼면	2026	생산관리지역	지목	목	창	1.15
41461	용인시 처인구 원삼면	2026	생산관리지역	지목	목	잡	1.1
41461	용인시 처인구 원삼면	2026	생산관리지역	지목	임	전	1.09
41461	용인시 처인구 원삼면	2026	생산관리지역	지목	임	답	1.09
41461	용인시 처인구 원삼면	2026	생산관리지역	지목	임	과	1.09
41461	용인시 처인구 원삼면	2026	생산관리지역	지목	임	목	1.09
41461	용인시 처인구 원삼면	2026	생산관리지역	지목	임	임	1
41461	용인시 처인구 원삼면	2026	생산관리지역	지목	임	대	1.25
41461	용인시 처인구 원삼면	2026	생산관리지역	지목	임	장	1.25
41461	용인시 처인구 원삼면	2026	생산관리지역	지목	임	차	1.21
41461	용인시 처인구 원삼면	2026	생산관리지역	지목	임	주	1.25
41461	용인시 처인구 원삼면	2026	생산관리지역	지목	임	창	1.25
41461	용인시 처인구 원삼면	2026	생산관리지역	지목	임	잡	1.2
41461	용인시 처인구 원삼면	2026	생산관리지역	지목	대	전	0.87
41461	용인시 처인구 원삼면	2026	생산관리지역	지목	대	답	0.87
41461	용인시 처인구 원삼면	2026	생산관리지역	지목	대	과	0.87
41461	용인시 처인구 원삼면	2026	생산관리지역	지목	대	목	0.87
41461	용인시 처인구 원삼면	2026	생산관리지역	지목	대	임	0.8
41461	용인시 처인구 원삼면	2026	생산관리지역	지목	대	대	1
41461	용인시 처인구 원삼면	2026	생산관리지역	지목	대	장	1
41461	용인시 처인구 원삼면	2026	생산관리지역	지목	대	차	0.97
41461	용인시 처인구 원삼면	2026	생산관리지역	지목	대	주	1
41461	용인시 처인구 원삼면	2026	생산관리지역	지목	대	창	1
41461	용인시 처인구 원삼면	2026	생산관리지역	지목	대	잡	0.96
41461	용인시 처인구 원삼면	2026	생산관리지역	지목	장	전	0.87
41461	용인시 처인구 원삼면	2026	생산관리지역	지목	장	답	0.87
41461	용인시 처인구 원삼면	2026	생산관리지역	지목	장	과	0.87
41461	용인시 처인구 원삼면	2026	생산관리지역	지목	장	목	0.87
41461	용인시 처인구 원삼면	2026	생산관리지역	지목	장	임	0.8
41461	용인시 처인구 원삼면	2026	생산관리지역	지목	장	대	1
41461	용인시 처인구 원삼면	2026	생산관리지역	지목	장	장	1
41461	용인시 처인구 원삼면	2026	생산관리지역	지목	장	차	0.97
41461	용인시 처인구 원삼면	2026	생산관리지역	지목	장	주	1
41461	용인시 처인구 원삼면	2026	생산관리지역	지목	장	창	1
41461	용인시 처인구 원삼면	2026	생산관리지역	지목	장	잡	0.96
41461	용인시 처인구 원삼면	2026	생산관리지역	지목	차	전	0.9
41461	용인시 처인구 원삼면	2026	생산관리지역	지목	차	답	0.9
41461	용인시 처인구 원삼면	2026	생산관리지역	지목	차	과	0.9
41461	용인시 처인구 원삼면	2026	생산관리지역	지목	차	목	0.9
41461	용인시 처인구 원삼면	2026	생산관리지역	지목	차	임	0.83
41461	용인시 처인구 원삼면	2026	생산관리지역	지목	차	대	1.04
41461	용인시 처인구 원삼면	2026	생산관리지역	지목	차	장	1.04
41461	용인시 처인구 원삼면	2026	생산관리지역	지목	차	차	1
41461	용인시 처인구 원삼면	2026	생산관리지역	지목	차	주	1.04
41461	용인시 처인구 원삼면	2026	생산관리지역	지목	차	창	1.04
41461	용인시 처인구 원삼면	2026	생산관리지역	지목	차	잡	0.99
41461	용인시 처인구 원삼면	2026	생산관리지역	지목	주	전	0.87
41461	용인시 처인구 원삼면	2026	생산관리지역	지목	주	답	0.87
41461	용인시 처인구 원삼면	2026	생산관리지역	지목	주	과	0.87
41461	용인시 처인구 원삼면	2026	생산관리지역	지목	주	목	0.87
41461	용인시 처인구 원삼면	2026	생산관리지역	지목	주	임	0.8
41461	용인시 처인구 원삼면	2026	생산관리지역	지목	주	대	1
41461	용인시 처인구 원삼면	2026	생산관리지역	지목	주	장	1
41461	용인시 처인구 원삼면	2026	생산관리지역	지목	주	차	0.97
41461	용인시 처인구 원삼면	2026	생산관리지역	지목	주	주	1
41461	용인시 처인구 원삼면	2026	생산관리지역	지목	주	창	1
41461	용인시 처인구 원삼면	2026	생산관리지역	지목	주	잡	0.96
41461	용인시 처인구 원삼면	2026	생산관리지역	지목	창	전	0.87
41461	용인시 처인구 원삼면	2026	생산관리지역	지목	창	답	0.87
41461	용인시 처인구 원삼면	2026	생산관리지역	지목	창	과	0.87
41461	용인시 처인구 원삼면	2026	생산관리지역	지목	창	목	0.87
41461	용인시 처인구 원삼면	2026	생산관리지역	지목	창	임	0.8
41461	용인시 처인구 원삼면	2026	생산관리지역	지목	창	대	1
41461	용인시 처인구 원삼면	2026	생산관리지역	지목	창	장	1
41461	용인시 처인구 원삼면	2026	생산관리지역	지목	창	차	0.97
41461	용인시 처인구 원삼면	2026	생산관리지역	지목	창	주	1
41461	용인시 처인구 원삼면	2026	생산관리지역	지목	창	창	1
41461	용인시 처인구 원삼면	2026	생산관리지역	지목	창	잡	0.96
41461	용인시 처인구 원삼면	2026	생산관리지역	지목	잡	전	0.91
41461	용인시 처인구 원삼면	2026	생산관리지역	지목	잡	답	0.91
41461	용인시 처인구 원삼면	2026	생산관리지역	지목	잡	과	0.91
41461	용인시 처인구 원삼면	2026	생산관리지역	지목	잡	목	0.91
41461	용인시 처인구 원삼면	2026	생산관리지역	지목	잡	임	0.84
41461	용인시 처인구 원삼면	2026	생산관리지역	지목	잡	대	1.05
41461	용인시 처인구 원삼면	2026	생산관리지역	지목	잡	장	1.05
41461	용인시 처인구 원삼면	2026	생산관리지역	지목	잡	차	1.01
41461	용인시 처인구 원삼면	2026	생산관리지역	지목	잡	주	1.05
41461	용인시 처인구 원삼면	2026	생산관리지역	지목	잡	창	1.05
41461	용인시 처인구 원삼면	2026	생산관리지역	지목	잡	잡	1
41461	용인시 처인구 원삼면	2026	생산관리지역	토지면적	3300	3300	1
41461	용인시 처인구 원삼면	2026	생산관리지역	토지면적	3300	16500	0.98
41461	용인시 처인구 원삼면	2026	생산관리지역	토지면적	3300	33000	0.97
41461	용인시 처인구 원삼면	2026	생산관리지역	토지면적	3300	66000	0.96
41461	용인시 처인구 원삼면	2026	생산관리지역	토지면적	3300	그이상	0.95
41461	용인시 처인구 원삼면	2026	생산관리지역	토지면적	16500	3300	1.02
41461	용인시 처인구 원삼면	2026	생산관리지역	토지면적	16500	16500	1
41461	용인시 처인구 원삼면	2026	생산관리지역	토지면적	16500	33000	0.99
41461	용인시 처인구 원삼면	2026	생산관리지역	토지면적	16500	66000	0.98
41461	용인시 처인구 원삼면	2026	생산관리지역	토지면적	16500	그이상	0.97
41461	용인시 처인구 원삼면	2026	생산관리지역	토지면적	33000	3300	1.03
41461	용인시 처인구 원삼면	2026	생산관리지역	토지면적	33000	16500	1.01
41461	용인시 처인구 원삼면	2026	생산관리지역	토지면적	33000	33000	1
41461	용인시 처인구 원삼면	2026	생산관리지역	토지면적	33000	66000	0.99
41461	용인시 처인구 원삼면	2026	생산관리지역	토지면적	33000	그이상	0.98
41461	용인시 처인구 원삼면	2026	생산관리지역	토지면적	66000	3300	1.04
41461	용인시 처인구 원삼면	2026	생산관리지역	토지면적	66000	16500	1.02
41461	용인시 처인구 원삼면	2026	생산관리지역	토지면적	66000	33000	1.01
41461	용인시 처인구 원삼면	2026	생산관리지역	토지면적	66000	66000	1
41461	용인시 처인구 원삼면	2026	생산관리지역	토지면적	66000	그이상	0.99
41461	용인시 처인구 원삼면	2026	생산관리지역	토지면적	그이상	3300	1.05
41461	용인시 처인구 원삼면	2026	생산관리지역	토지면적	그이상	16500	1.03
41461	용인시 처인구 원삼면	2026	생산관리지역	토지면적	그이상	33000	1.02
41461	용인시 처인구 원삼면	2026	생산관리지역	토지면적	그이상	66000	1.01
41461	용인시 처인구 원삼면	2026	생산관리지역	토지면적	그이상	그이상	1
41461	용인시 처인구 원삼면	2026	생산관리지역	도시계획시설	일반	일반	1
41461	용인시 처인구 원삼면	2026	생산관리지역	도시계획시설	일반	지상도로	0.85
41461	용인시 처인구 원삼면	2026	생산관리지역	도시계획시설	일반	지하도로	0.95
41461	용인시 처인구 원삼면	2026	생산관리지역	도시계획시설	일반	공원	0.6
41461	용인시 처인구 원삼면	2026	생산관리지역	도시계획시설	일반	운동장	0.85
41461	용인시 처인구 원삼면	2026	생산관리지역	도시계획시설	일반	혐오	0.85
41461	용인시 처인구 원삼면	2026	생산관리지역	도시계획시설	일반	위험	0.85
41461	용인시 처인구 원삼면	2026	생산관리지역	도시계획시설	일반	도축장	0.85
41461	용인시 처인구 원삼면	2026	생산관리지역	도시계획시설	지상도로	일반	1.18
41461	용인시 처인구 원삼면	2026	생산관리지역	도시계획시설	지상도로	지상도로	1
41461	용인시 처인구 원삼면	2026	생산관리지역	도시계획시설	지상도로	지하도로	1.12
41461	용인시 처인구 원삼면	2026	생산관리지역	도시계획시설	지상도로	공원	0.71
41461	용인시 처인구 원삼면	2026	생산관리지역	도시계획시설	지상도로	운동장	1
41461	용인시 처인구 원삼면	2026	생산관리지역	도시계획시설	지상도로	혐오	1
41461	용인시 처인구 원삼면	2026	생산관리지역	도시계획시설	지상도로	위험	1
41461	용인시 처인구 원삼면	2026	생산관리지역	도시계획시설	지상도로	도축장	1
41461	용인시 처인구 원삼면	2026	생산관리지역	도시계획시설	지하도로	일반	1.05
41461	용인시 처인구 원삼면	2026	생산관리지역	도시계획시설	지하도로	지상도로	0.89
41461	용인시 처인구 원삼면	2026	생산관리지역	도시계획시설	지하도로	지하도로	1
41461	용인시 처인구 원삼면	2026	생산관리지역	도시계획시설	지하도로	공원	0.63
41461	용인시 처인구 원삼면	2026	생산관리지역	도시계획시설	지하도로	운동장	0.89
41461	용인시 처인구 원삼면	2026	생산관리지역	도시계획시설	지하도로	혐오	0.89
41461	용인시 처인구 원삼면	2026	생산관리지역	도시계획시설	지하도로	위험	0.89
41461	용인시 처인구 원삼면	2026	생산관리지역	도시계획시설	지하도로	도축장	0.89
41461	용인시 처인구 원삼면	2026	생산관리지역	도시계획시설	공원	일반	1.67
41461	용인시 처인구 원삼면	2026	생산관리지역	도시계획시설	공원	지상도로	1.42
41461	용인시 처인구 원삼면	2026	생산관리지역	도시계획시설	공원	지하도로	1.58
41461	용인시 처인구 원삼면	2026	생산관리지역	도시계획시설	공원	공원	1
41461	용인시 처인구 원삼면	2026	생산관리지역	도시계획시설	공원	운동장	1.42
41461	용인시 처인구 원삼면	2026	생산관리지역	도시계획시설	공원	혐오	1.42
41461	용인시 처인구 원삼면	2026	생산관리지역	도시계획시설	공원	위험	1.42
41461	용인시 처인구 원삼면	2026	생산관리지역	도시계획시설	공원	도축장	1.42
41461	용인시 처인구 원삼면	2026	생산관리지역	도시계획시설	운동장	일반	1.18
41461	용인시 처인구 원삼면	2026	생산관리지역	도시계획시설	운동장	지상도로	1
41461	용인시 처인구 원삼면	2026	생산관리지역	도시계획시설	운동장	지하도로	1.12
41461	용인시 처인구 원삼면	2026	생산관리지역	도시계획시설	운동장	공원	0.71
41461	용인시 처인구 원삼면	2026	생산관리지역	도시계획시설	운동장	운동장	1
41461	용인시 처인구 원삼면	2026	생산관리지역	도시계획시설	운동장	혐오	1
41461	용인시 처인구 원삼면	2026	생산관리지역	도시계획시설	운동장	위험	1
41461	용인시 처인구 원삼면	2026	생산관리지역	도시계획시설	운동장	도축장	1
41461	용인시 처인구 원삼면	2026	생산관리지역	도시계획시설	혐오	일반	1.18
41461	용인시 처인구 원삼면	2026	생산관리지역	도시계획시설	혐오	지상도로	1
41461	용인시 처인구 원삼면	2026	생산관리지역	도시계획시설	혐오	지하도로	1.12
41461	용인시 처인구 원삼면	2026	생산관리지역	도시계획시설	혐오	공원	0.71
41461	용인시 처인구 원삼면	2026	생산관리지역	도시계획시설	혐오	운동장	1
41461	용인시 처인구 원삼면	2026	생산관리지역	도시계획시설	혐오	혐오	1
41461	용인시 처인구 원삼면	2026	생산관리지역	도시계획시설	혐오	위험	1
41461	용인시 처인구 원삼면	2026	생산관리지역	도시계획시설	혐오	도축장	1
41461	용인시 처인구 원삼면	2026	생산관리지역	도시계획시설	위험	일반	1.18
41461	용인시 처인구 원삼면	2026	생산관리지역	도시계획시설	위험	지상도로	1
41461	용인시 처인구 원삼면	2026	생산관리지역	도시계획시설	위험	지하도로	1.12
41461	용인시 처인구 원삼면	2026	생산관리지역	도시계획시설	위험	공원	0.71
41461	용인시 처인구 원삼면	2026	생산관리지역	도시계획시설	위험	운동장	1
41461	용인시 처인구 원삼면	2026	생산관리지역	도시계획시설	위험	혐오	1
41461	용인시 처인구 원삼면	2026	생산관리지역	도시계획시설	위험	위험	1
41461	용인시 처인구 원삼면	2026	생산관리지역	도시계획시설	위험	도축장	1
41461	용인시 처인구 원삼면	2026	생산관리지역	도시계획시설	도축장	일반	1.18
41461	용인시 처인구 원삼면	2026	생산관리지역	도시계획시설	도축장	지상도로	1
41461	용인시 처인구 원삼면	2026	생산관리지역	도시계획시설	도축장	지하도로	1.12
41461	용인시 처인구 원삼면	2026	생산관리지역	도시계획시설	도축장	공원	0.71
41461	용인시 처인구 원삼면	2026	생산관리지역	도시계획시설	도축장	운동장	1
41461	용인시 처인구 원삼면	2026	생산관리지역	도시계획시설	도축장	혐오	1
41461	용인시 처인구 원삼면	2026	생산관리지역	도시계획시설	도축장	위험	1
41461	용인시 처인구 원삼면	2026	생산관리지역	도시계획시설	도축장	도축장	1
41461	용인시 처인구 원삼면	2026	생산관리지역	기타제한	일반	일반	1
41461	용인시 처인구 원삼면	2026	생산관리지역	기타제한	일반	보존	0.6
41461	용인시 처인구 원삼면	2026	생산관리지역	기타제한	일반	환경	0.66
41461	용인시 처인구 원삼면	2026	생산관리지역	기타제한	일반	마을	0.8
41461	용인시 처인구 원삼면	2026	생산관리지역	기타제한	일반	상수	0.86
41461	용인시 처인구 원삼면	2026	생산관리지역	기타제한	일반	고접	0.88
41461	용인시 처인구 원삼면	2026	생산관리지역	기타제한	일반	일접	0.96
41461	용인시 처인구 원삼면	2026	생산관리지역	기타제한	일반	특별	0.86
41461	용인시 처인구 원삼면	2026	생산관리지역	기타제한	일반	군사	0.9
41461	용인시 처인구 원삼면	2026	생산관리지역	기타제한	일반	도공	0.6
41461	용인시 처인구 원삼면	2026	생산관리지역	기타제한	일반	일시	0.6
41461	용인시 처인구 원삼면	2026	생산관리지역	기타제한	보존	일반	1.67
41461	용인시 처인구 원삼면	2026	생산관리지역	기타제한	보존	보존	1
41461	용인시 처인구 원삼면	2026	생산관리지역	기타제한	보존	환경	1.1
41461	용인시 처인구 원삼면	2026	생산관리지역	기타제한	보존	마을	1.33
41461	용인시 처인구 원삼면	2026	생산관리지역	기타제한	보존	상수	1.43
41461	용인시 처인구 원삼면	2026	생산관리지역	기타제한	보존	고접	1.47
41461	용인시 처인구 원삼면	2026	생산관리지역	기타제한	보존	일접	1.6
41461	용인시 처인구 원삼면	2026	생산관리지역	기타제한	보존	특별	1.43
41461	용인시 처인구 원삼면	2026	생산관리지역	기타제한	보존	군사	1.5
41461	용인시 처인구 원삼면	2026	생산관리지역	기타제한	보존	도공	1
41461	용인시 처인구 원삼면	2026	생산관리지역	기타제한	보존	일시	1
41461	용인시 처인구 원삼면	2026	생산관리지역	기타제한	환경	일반	1.52
41461	용인시 처인구 원삼면	2026	생산관리지역	기타제한	환경	보존	0.91
41461	용인시 처인구 원삼면	2026	생산관리지역	기타제한	환경	환경	1
41461	용인시 처인구 원삼면	2026	생산관리지역	기타제한	환경	마을	1.21
41461	용인시 처인구 원삼면	2026	생산관리지역	기타제한	환경	상수	1.3
41461	용인시 처인구 원삼면	2026	생산관리지역	기타제한	환경	고접	1.33
41461	용인시 처인구 원삼면	2026	생산관리지역	기타제한	환경	일접	1.45
41461	용인시 처인구 원삼면	2026	생산관리지역	기타제한	환경	특별	1.3
41461	용인시 처인구 원삼면	2026	생산관리지역	기타제한	환경	군사	1.36
41461	용인시 처인구 원삼면	2026	생산관리지역	기타제한	환경	도공	0.91
41461	용인시 처인구 원삼면	2026	생산관리지역	기타제한	환경	일시	0.91
41461	용인시 처인구 원삼면	2026	생산관리지역	기타제한	마을	일반	1.25
41461	용인시 처인구 원삼면	2026	생산관리지역	기타제한	마을	보존	0.75
41461	용인시 처인구 원삼면	2026	생산관리지역	기타제한	마을	환경	0.83
41461	용인시 처인구 원삼면	2026	생산관리지역	기타제한	마을	마을	1
41461	용인시 처인구 원삼면	2026	생산관리지역	기타제한	마을	상수	1.08
41461	용인시 처인구 원삼면	2026	생산관리지역	기타제한	마을	고접	1.1
41461	용인시 처인구 원삼면	2026	생산관리지역	기타제한	마을	일접	1.2
41461	용인시 처인구 원삼면	2026	생산관리지역	기타제한	마을	특별	1.08
41461	용인시 처인구 원삼면	2026	생산관리지역	기타제한	마을	군사	1.13
41461	용인시 처인구 원삼면	2026	생산관리지역	기타제한	마을	도공	0.75
41461	용인시 처인구 원삼면	2026	생산관리지역	기타제한	마을	일시	0.75
41461	용인시 처인구 원삼면	2026	생산관리지역	기타제한	상수	일반	1.16
41461	용인시 처인구 원삼면	2026	생산관리지역	기타제한	상수	보존	0.7
41461	용인시 처인구 원삼면	2026	생산관리지역	기타제한	상수	환경	0.77
41461	용인시 처인구 원삼면	2026	생산관리지역	기타제한	상수	마을	0.93
41461	용인시 처인구 원삼면	2026	생산관리지역	기타제한	상수	상수	1
41461	용인시 처인구 원삼면	2026	생산관리지역	기타제한	상수	고접	1.02
41461	용인시 처인구 원삼면	2026	생산관리지역	기타제한	상수	일접	1.12
41461	용인시 처인구 원삼면	2026	생산관리지역	기타제한	상수	특별	1
41461	용인시 처인구 원삼면	2026	생산관리지역	기타제한	상수	군사	1.05
41461	용인시 처인구 원삼면	2026	생산관리지역	기타제한	상수	도공	0.7
41461	용인시 처인구 원삼면	2026	생산관리지역	기타제한	상수	일시	0.7
41461	용인시 처인구 원삼면	2026	생산관리지역	기타제한	고접	일반	1.14
41461	용인시 처인구 원삼면	2026	생산관리지역	기타제한	고접	보존	0.68
41461	용인시 처인구 원삼면	2026	생산관리지역	기타제한	고접	환경	0.75
41461	용인시 처인구 원삼면	2026	생산관리지역	기타제한	고접	마을	0.91
41461	용인시 처인구 원삼면	2026	생산관리지역	기타제한	고접	상수	0.98
41461	용인시 처인구 원삼면	2026	생산관리지역	기타제한	고접	고접	1
41461	용인시 처인구 원삼면	2026	생산관리지역	기타제한	고접	일접	1.09
41461	용인시 처인구 원삼면	2026	생산관리지역	기타제한	고접	특별	0.98
41461	용인시 처인구 원삼면	2026	생산관리지역	기타제한	고접	군사	1.02
41461	용인시 처인구 원삼면	2026	생산관리지역	기타제한	고접	도공	0.68
41461	용인시 처인구 원삼면	2026	생산관리지역	기타제한	고접	일시	0.68
41461	용인시 처인구 원삼면	2026	생산관리지역	기타제한	일접	일반	1.04
41461	용인시 처인구 원삼면	2026	생산관리지역	기타제한	일접	보존	0.63
41461	용인시 처인구 원삼면	2026	생산관리지역	기타제한	일접	환경	0.69
41461	용인시 처인구 원삼면	2026	생산관리지역	기타제한	일접	마을	0.83
41461	용인시 처인구 원삼면	2026	생산관리지역	기타제한	일접	상수	0.9
41461	용인시 처인구 원삼면	2026	생산관리지역	기타제한	일접	고접	0.92
41461	용인시 처인구 원삼면	2026	생산관리지역	기타제한	일접	일접	1
41461	용인시 처인구 원삼면	2026	생산관리지역	기타제한	일접	특별	0.9
41461	용인시 처인구 원삼면	2026	생산관리지역	기타제한	일접	군사	0.94
41461	용인시 처인구 원삼면	2026	생산관리지역	기타제한	일접	도공	0.63
41461	용인시 처인구 원삼면	2026	생산관리지역	기타제한	일접	일시	0.63
41461	용인시 처인구 원삼면	2026	생산관리지역	기타제한	특별	일반	1.16
41461	용인시 처인구 원삼면	2026	생산관리지역	기타제한	특별	보존	0.7
41461	용인시 처인구 원삼면	2026	생산관리지역	기타제한	특별	환경	0.77
41461	용인시 처인구 원삼면	2026	생산관리지역	기타제한	특별	마을	0.93
41461	용인시 처인구 원삼면	2026	생산관리지역	기타제한	특별	상수	1
41461	용인시 처인구 원삼면	2026	생산관리지역	기타제한	특별	고접	1.02
41461	용인시 처인구 원삼면	2026	생산관리지역	기타제한	특별	일접	1.12
41461	용인시 처인구 원삼면	2026	생산관리지역	기타제한	특별	특별	1
41461	용인시 처인구 원삼면	2026	생산관리지역	기타제한	특별	군사	1.05
41461	용인시 처인구 원삼면	2026	생산관리지역	기타제한	특별	도공	0.7
41461	용인시 처인구 원삼면	2026	생산관리지역	기타제한	특별	일시	0.7
41461	용인시 처인구 원삼면	2026	생산관리지역	기타제한	군사	일반	1.11
41461	용인시 처인구 원삼면	2026	생산관리지역	기타제한	군사	보존	0.67
41461	용인시 처인구 원삼면	2026	생산관리지역	기타제한	군사	환경	0.73
41461	용인시 처인구 원삼면	2026	생산관리지역	기타제한	군사	마을	0.89
41461	용인시 처인구 원삼면	2026	생산관리지역	기타제한	군사	상수	0.96
41461	용인시 처인구 원삼면	2026	생산관리지역	기타제한	군사	고접	0.98
41461	용인시 처인구 원삼면	2026	생산관리지역	기타제한	군사	일접	1.07
41461	용인시 처인구 원삼면	2026	생산관리지역	기타제한	군사	특별	0.96
41461	용인시 처인구 원삼면	2026	생산관리지역	기타제한	군사	군사	1
41461	용인시 처인구 원삼면	2026	생산관리지역	기타제한	군사	도공	0.67
41461	용인시 처인구 원삼면	2026	생산관리지역	기타제한	군사	일시	0.67
41461	용인시 처인구 원삼면	2026	생산관리지역	기타제한	도공	일반	1.67
41461	용인시 처인구 원삼면	2026	생산관리지역	기타제한	도공	보존	1
41461	용인시 처인구 원삼면	2026	생산관리지역	기타제한	도공	환경	1.1
41461	용인시 처인구 원삼면	2026	생산관리지역	기타제한	도공	마을	1.33
41461	용인시 처인구 원삼면	2026	생산관리지역	기타제한	도공	상수	1.43
41461	용인시 처인구 원삼면	2026	생산관리지역	기타제한	도공	고접	1.47
41461	용인시 처인구 원삼면	2026	생산관리지역	기타제한	도공	일접	1.6
41461	용인시 처인구 원삼면	2026	생산관리지역	기타제한	도공	특별	1.43
41461	용인시 처인구 원삼면	2026	생산관리지역	기타제한	도공	군사	1.5
41461	용인시 처인구 원삼면	2026	생산관리지역	기타제한	도공	도공	1
41461	용인시 처인구 원삼면	2026	생산관리지역	기타제한	도공	일시	1
41461	용인시 처인구 원삼면	2026	생산관리지역	기타제한	일시	일반	1.67
41461	용인시 처인구 원삼면	2026	생산관리지역	기타제한	일시	보존	1
41461	용인시 처인구 원삼면	2026	생산관리지역	기타제한	일시	환경	1.1
41461	용인시 처인구 원삼면	2026	생산관리지역	기타제한	일시	마을	1.33
41461	용인시 처인구 원삼면	2026	생산관리지역	기타제한	일시	상수	1.43
41461	용인시 처인구 원삼면	2026	생산관리지역	기타제한	일시	고접	1.47
41461	용인시 처인구 원삼면	2026	생산관리지역	기타제한	일시	일접	1.6
41461	용인시 처인구 원삼면	2026	생산관리지역	기타제한	일시	특별	1.43
41461	용인시 처인구 원삼면	2026	생산관리지역	기타제한	일시	군사	1.5
41461	용인시 처인구 원삼면	2026	생산관리지역	기타제한	일시	도공	1
41461	용인시 처인구 원삼면	2026	생산관리지역	기타제한	일시	일시	1
41461	용인시 처인구 원삼면	2026	생산관리지역	농지구분	진흥	진흥	1
41461	용인시 처인구 원삼면	2026	생산관리지역	농지구분	진흥	보호	1.02
41461	용인시 처인구 원삼면	2026	생산관리지역	농지구분	진흥	해당없음	1.05
41461	용인시 처인구 원삼면	2026	생산관리지역	농지구분	보호	진흥	0.98
41461	용인시 처인구 원삼면	2026	생산관리지역	농지구분	보호	보호	1
41461	용인시 처인구 원삼면	2026	생산관리지역	농지구분	보호	해당없음	1.03
41461	용인시 처인구 원삼면	2026	생산관리지역	농지구분	해당없음	진흥	0.95
41461	용인시 처인구 원삼면	2026	생산관리지역	농지구분	해당없음	보호	0.97
41461	용인시 처인구 원삼면	2026	생산관리지역	농지구분	해당없음	해당없음	1
41461	용인시 처인구 원삼면	2026	생산관리지역	비옥도	비옥	비옥	1
41461	용인시 처인구 원삼면	2026	생산관리지역	비옥도	비옥	저습·사질척박	0.94
41461	용인시 처인구 원삼면	2026	생산관리지역	비옥도	저습·사질척박	비옥	1.06
41461	용인시 처인구 원삼면	2026	생산관리지역	비옥도	저습·사질척박	저습·사질척박	1
41461	용인시 처인구 원삼면	2026	생산관리지역	경지정리	정리	정리	1
41461	용인시 처인구 원삼면	2026	생산관리지역	경지정리	정리	미정리	0.95
41461	용인시 처인구 원삼면	2026	생산관리지역	경지정리	미정리	정리	1.05
41461	용인시 처인구 원삼면	2026	생산관리지역	경지정리	미정리	미정리	1
41461	용인시 처인구 원삼면	2026	생산관리지역	임야	보전산	보전산	1
41461	용인시 처인구 원삼면	2026	생산관리지역	임야	보전산	준보전산	1.18
41461	용인시 처인구 원삼면	2026	생산관리지역	임야	준보전산	보전산	0.85
41461	용인시 처인구 원삼면	2026	생산관리지역	임야	준보전산	준보전산	1
41461	용인시 처인구 원삼면	2026	생산관리지역	토지이용상황	주거용	주거용	1
41461	용인시 처인구 원삼면	2026	생산관리지역	토지이용상황	주거용	상업업무	1.34
41461	용인시 처인구 원삼면	2026	생산관리지역	토지이용상황	주거용	주상복합	1.24
41461	용인시 처인구 원삼면	2026	생산관리지역	토지이용상황	주거용	공업용	1.08
41461	용인시 처인구 원삼면	2026	생산관리지역	토지이용상황	주거용	태양광	0.81
41461	용인시 처인구 원삼면	2026	생산관리지역	토지이용상황	주거용	전	0.51
41461	용인시 처인구 원삼면	2026	생산관리지역	토지이용상황	주거용	전창고	0.62
41461	용인시 처인구 원삼면	2026	생산관리지역	토지이용상황	주거용	전축사	0.6
41461	용인시 처인구 원삼면	2026	생산관리지역	토지이용상황	주거용	답	0.49
41461	용인시 처인구 원삼면	2026	생산관리지역	토지이용상황	주거용	답창고	0.6
41461	용인시 처인구 원삼면	2026	생산관리지역	토지이용상황	주거용	답축사	0.59
41461	용인시 처인구 원삼면	2026	생산관리지역	토지이용상황	주거용	임야	0.37
41461	용인시 처인구 원삼면	2026	생산관리지역	토지이용상황	상업업무	주거용	0.75
41461	용인시 처인구 원삼면	2026	생산관리지역	토지이용상황	상업업무	상업업무	1
41461	용인시 처인구 원삼면	2026	생산관리지역	토지이용상황	상업업무	주상복합	0.93
41461	용인시 처인구 원삼면	2026	생산관리지역	토지이용상황	상업업무	공업용	0.81
41461	용인시 처인구 원삼면	2026	생산관리지역	토지이용상황	상업업무	태양광	0.6
41461	용인시 처인구 원삼면	2026	생산관리지역	토지이용상황	상업업무	전	0.38
41461	용인시 처인구 원삼면	2026	생산관리지역	토지이용상황	상업업무	전창고	0.46
41461	용인시 처인구 원삼면	2026	생산관리지역	토지이용상황	상업업무	전축사	0.45
41461	용인시 처인구 원삼면	2026	생산관리지역	토지이용상황	상업업무	답	0.37
41461	용인시 처인구 원삼면	2026	생산관리지역	토지이용상황	상업업무	답창고	0.45
41461	용인시 처인구 원삼면	2026	생산관리지역	토지이용상황	상업업무	답축사	0.44
41461	용인시 처인구 원삼면	2026	생산관리지역	토지이용상황	상업업무	임야	0.28
41461	용인시 처인구 원삼면	2026	생산관리지역	토지이용상황	주상복합	주거용	0.81
41461	용인시 처인구 원삼면	2026	생산관리지역	토지이용상황	주상복합	상업업무	1.08
41461	용인시 처인구 원삼면	2026	생산관리지역	토지이용상황	주상복합	주상복합	1
41461	용인시 처인구 원삼면	2026	생산관리지역	토지이용상황	주상복합	공업용	0.87
41461	용인시 처인구 원삼면	2026	생산관리지역	토지이용상황	주상복합	태양광	0.65
41461	용인시 처인구 원삼면	2026	생산관리지역	토지이용상황	주상복합	전	0.41
41461	용인시 처인구 원삼면	2026	생산관리지역	토지이용상황	주상복합	전창고	0.5
41461	용인시 처인구 원삼면	2026	생산관리지역	토지이용상황	주상복합	전축사	0.48
41461	용인시 처인구 원삼면	2026	생산관리지역	토지이용상황	주상복합	답	0.4
41461	용인시 처인구 원삼면	2026	생산관리지역	토지이용상황	주상복합	답창고	0.48
41461	용인시 처인구 원삼면	2026	생산관리지역	토지이용상황	주상복합	답축사	0.48
41461	용인시 처인구 원삼면	2026	생산관리지역	토지이용상황	주상복합	임야	0.3
41461	용인시 처인구 원삼면	2026	생산관리지역	토지이용상황	공업용	주거용	0.93
41461	용인시 처인구 원삼면	2026	생산관리지역	토지이용상황	공업용	상업업무	1.24
41461	용인시 처인구 원삼면	2026	생산관리지역	토지이용상황	공업용	주상복합	1.15
41461	용인시 처인구 원삼면	2026	생산관리지역	토지이용상황	공업용	공업용	1
41461	용인시 처인구 원삼면	2026	생산관리지역	토지이용상황	공업용	태양광	0.75
41461	용인시 처인구 원삼면	2026	생산관리지역	토지이용상황	공업용	전	0.47
41461	용인시 처인구 원삼면	2026	생산관리지역	토지이용상황	공업용	전창고	0.57
41461	용인시 처인구 원삼면	2026	생산관리지역	토지이용상황	공업용	전축사	0.56
41461	용인시 처인구 원삼면	2026	생산관리지역	토지이용상황	공업용	답	0.45
41461	용인시 처인구 원삼면	2026	생산관리지역	토지이용상황	공업용	답창고	0.56
41461	용인시 처인구 원삼면	2026	생산관리지역	토지이용상황	공업용	답축사	0.55
41461	용인시 처인구 원삼면	2026	생산관리지역	토지이용상황	공업용	임야	0.34
41461	용인시 처인구 원삼면	2026	생산관리지역	토지이용상황	태양광	주거용	1.23
41461	용인시 처인구 원삼면	2026	생산관리지역	토지이용상황	태양광	상업업무	1.65
41461	용인시 처인구 원삼면	2026	생산관리지역	토지이용상황	태양광	주상복합	1.53
41461	용인시 처인구 원삼면	2026	생산관리지역	토지이용상황	태양광	공업용	1.33
41461	용인시 처인구 원삼면	2026	생산관리지역	토지이용상황	태양광	태양광	1
41461	용인시 처인구 원삼면	2026	생산관리지역	토지이용상황	태양광	전	0.63
41461	용인시 처인구 원삼면	2026	생산관리지역	토지이용상황	태양광	전창고	0.77
41461	용인시 처인구 원삼면	2026	생산관리지역	토지이용상황	태양광	전축사	0.74
41461	용인시 처인구 원삼면	2026	생산관리지역	토지이용상황	태양광	답	0.6
41461	용인시 처인구 원삼면	2026	생산관리지역	토지이용상황	태양광	답창고	0.74
41461	용인시 처인구 원삼면	2026	생산관리지역	토지이용상황	태양광	답축사	0.73
41461	용인시 처인구 원삼면	2026	생산관리지역	토지이용상황	태양광	임야	0.46
41461	용인시 처인구 원삼면	2026	생산관리지역	토지이용상황	전	주거용	1.96
41461	용인시 처인구 원삼면	2026	생산관리지역	토지이용상황	전	상업업무	2.63
41461	용인시 처인구 원삼면	2026	생산관리지역	토지이용상황	전	주상복합	2.43
41461	용인시 처인구 원삼면	2026	생산관리지역	토지이용상황	전	공업용	2.12
41461	용인시 처인구 원삼면	2026	생산관리지역	토지이용상황	전	태양광	1.59
41461	용인시 처인구 원삼면	2026	생산관리지역	토지이용상황	전	전	1
41461	용인시 처인구 원삼면	2026	생산관리지역	토지이용상황	전	전창고	1.22
41461	용인시 처인구 원삼면	2026	생산관리지역	토지이용상황	전	전축사	1.18
41461	용인시 처인구 원삼면	2026	생산관리지역	토지이용상황	전	답	0.96
41461	용인시 처인구 원삼면	2026	생산관리지역	토지이용상황	전	답창고	1.18
41461	용인시 처인구 원삼면	2026	생산관리지역	토지이용상황	전	답축사	1.16
41461	용인시 처인구 원삼면	2026	생산관리지역	토지이용상황	전	임야	0.73
41461	용인시 처인구 원삼면	2026	생산관리지역	토지이용상황	전창고	주거용	1.61
41461	용인시 처인구 원삼면	2026	생산관리지역	토지이용상황	전창고	상업업무	2.16
41461	용인시 처인구 원삼면	2026	생산관리지역	토지이용상황	전창고	주상복합	2
41461	용인시 처인구 원삼면	2026	생산관리지역	토지이용상황	전창고	공업용	1.74
41461	용인시 처인구 원삼면	2026	생산관리지역	토지이용상황	전창고	태양광	1.31
41461	용인시 처인구 원삼면	2026	생산관리지역	토지이용상황	전창고	전	0.82
41461	용인시 처인구 원삼면	2026	생산관리지역	토지이용상황	전창고	전창고	1
41461	용인시 처인구 원삼면	2026	생산관리지역	토지이용상황	전창고	전축사	0.97
41461	용인시 처인구 원삼면	2026	생산관리지역	토지이용상황	전창고	답	0.79
41461	용인시 처인구 원삼면	2026	생산관리지역	토지이용상황	전창고	답창고	0.97
41461	용인시 처인구 원삼면	2026	생산관리지역	토지이용상황	전창고	답축사	0.95
41461	용인시 처인구 원삼면	2026	생산관리지역	토지이용상황	전창고	임야	0.6
41461	용인시 처인구 원삼면	2026	생산관리지역	토지이용상황	전축사	주거용	1.67
41461	용인시 처인구 원삼면	2026	생산관리지역	토지이용상황	전축사	상업업무	2.23
41461	용인시 처인구 원삼면	2026	생산관리지역	토지이용상황	전축사	주상복합	2.07
41461	용인시 처인구 원삼면	2026	생산관리지역	토지이용상황	전축사	공업용	1.8
41461	용인시 처인구 원삼면	2026	생산관리지역	토지이용상황	전축사	태양광	1.35
41461	용인시 처인구 원삼면	2026	생산관리지역	토지이용상황	전축사	전	0.85
41461	용인시 처인구 원삼면	2026	생산관리지역	토지이용상황	전축사	전창고	1.03
41461	용인시 처인구 원삼면	2026	생산관리지역	토지이용상황	전축사	전축사	1
41461	용인시 처인구 원삼면	2026	생산관리지역	토지이용상황	전축사	답	0.82
41461	용인시 처인구 원삼면	2026	생산관리지역	토지이용상황	전축사	답창고	1
41461	용인시 처인구 원삼면	2026	생산관리지역	토지이용상황	전축사	답축사	0.98
41461	용인시 처인구 원삼면	2026	생산관리지역	토지이용상황	전축사	임야	0.62
41461	용인시 처인구 원삼면	2026	생산관리지역	토지이용상황	답	주거용	2.04
41461	용인시 처인구 원삼면	2026	생산관리지역	토지이용상황	답	상업업무	2.73
41461	용인시 처인구 원삼면	2026	생산관리지역	토지이용상황	답	주상복합	2.53
41461	용인시 처인구 원삼면	2026	생산관리지역	토지이용상황	답	공업용	2.2
41461	용인시 처인구 원삼면	2026	생산관리지역	토지이용상황	답	태양광	1.65
41461	용인시 처인구 원삼면	2026	생산관리지역	토지이용상황	답	전	1.04
41461	용인시 처인구 원삼면	2026	생산관리지역	토지이용상황	답	전창고	1.27
41461	용인시 처인구 원삼면	2026	생산관리지역	토지이용상황	답	전축사	1.22
41461	용인시 처인구 원삼면	2026	생산관리지역	토지이용상황	답	답	1
41461	용인시 처인구 원삼면	2026	생산관리지역	토지이용상황	답	답창고	1.22
41461	용인시 처인구 원삼면	2026	생산관리지역	토지이용상황	답	답축사	1.2
41461	용인시 처인구 원삼면	2026	생산관리지역	토지이용상황	답	임야	0.76
41461	용인시 처인구 원삼면	2026	생산관리지역	토지이용상황	답창고	주거용	1.67
41461	용인시 처인구 원삼면	2026	생산관리지역	토지이용상황	답창고	상업업무	2.23
41461	용인시 처인구 원삼면	2026	생산관리지역	토지이용상황	답창고	주상복합	2.07
41461	용인시 처인구 원삼면	2026	생산관리지역	토지이용상황	답창고	공업용	1.8
41461	용인시 처인구 원삼면	2026	생산관리지역	토지이용상황	답창고	태양광	1.35
41461	용인시 처인구 원삼면	2026	생산관리지역	토지이용상황	답창고	전	0.85
41461	용인시 처인구 원삼면	2026	생산관리지역	토지이용상황	답창고	전창고	1.03
41461	용인시 처인구 원삼면	2026	생산관리지역	토지이용상황	답창고	전축사	1
41461	용인시 처인구 원삼면	2026	생산관리지역	토지이용상황	답창고	답	0.82
41461	용인시 처인구 원삼면	2026	생산관리지역	토지이용상황	답창고	답창고	1
41461	용인시 처인구 원삼면	2026	생산관리지역	토지이용상황	답창고	답축사	0.98
41461	용인시 처인구 원삼면	2026	생산관리지역	토지이용상황	답창고	임야	0.62
41461	용인시 처인구 원삼면	2026	생산관리지역	토지이용상황	답축사	주거용	1.69
41461	용인시 처인구 원삼면	2026	생산관리지역	토지이용상황	답축사	상업업무	2.27
41461	용인시 처인구 원삼면	2026	생산관리지역	토지이용상황	답축사	주상복합	2.1
41461	용인시 처인구 원삼면	2026	생산관리지역	토지이용상황	답축사	공업용	1.83
41461	용인시 처인구 원삼면	2026	생산관리지역	토지이용상황	답축사	태양광	1.37
41461	용인시 처인구 원삼면	2026	생산관리지역	토지이용상황	답축사	전	0.86
41461	용인시 처인구 원삼면	2026	생산관리지역	토지이용상황	답축사	전창고	1.05
41461	용인시 처인구 원삼면	2026	생산관리지역	토지이용상황	답축사	전축사	1.02
41461	용인시 처인구 원삼면	2026	생산관리지역	토지이용상황	답축사	답	0.83
41461	용인시 처인구 원삼면	2026	생산관리지역	토지이용상황	답축사	답창고	1.02
41461	용인시 처인구 원삼면	2026	생산관리지역	토지이용상황	답축사	답축사	1
41461	용인시 처인구 원삼면	2026	생산관리지역	토지이용상황	답축사	임야	0.63
41461	용인시 처인구 원삼면	2026	생산관리지역	토지이용상황	임야	주거용	2.7
41461	용인시 처인구 원삼면	2026	생산관리지역	토지이용상황	임야	상업업무	3.62
41461	용인시 처인구 원삼면	2026	생산관리지역	토지이용상황	임야	주상복합	3.35
41461	용인시 처인구 원삼면	2026	생산관리지역	토지이용상황	임야	공업용	2.92
41461	용인시 처인구 원삼면	2026	생산관리지역	토지이용상황	임야	태양광	2.19
41461	용인시 처인구 원삼면	2026	생산관리지역	토지이용상황	임야	전	1.38
41461	용인시 처인구 원삼면	2026	생산관리지역	토지이용상황	임야	전창고	1.68
41461	용인시 처인구 원삼면	2026	생산관리지역	토지이용상황	임야	전축사	1.62
41461	용인시 처인구 원삼면	2026	생산관리지역	토지이용상황	임야	답	1.32
41461	용인시 처인구 원삼면	2026	생산관리지역	토지이용상황	임야	답창고	1.62
41461	용인시 처인구 원삼면	2026	생산관리지역	토지이용상황	임야	답축사	1.59
41461	용인시 처인구 원삼면	2026	생산관리지역	토지이용상황	임야	임야	1
41461	용인시 처인구 원삼면	2026	생산관리지역	공공용지	일반	일반	1
41461	용인시 처인구 원삼면	2026	생산관리지역	공공용지	일반	도로	0.33
41461	용인시 처인구 원삼면	2026	생산관리지역	공공용지	일반	공원	0.33
41461	용인시 처인구 원삼면	2026	생산관리지역	공공용지	일반	운동장	0.7
41461	용인시 처인구 원삼면	2026	생산관리지역	공공용지	일반	하천	0.33
41461	용인시 처인구 원삼면	2026	생산관리지역	공공용지	일반	혐오	0.33
41461	용인시 처인구 원삼면	2026	생산관리지역	공공용지	일반	위험	0.7
41461	용인시 처인구 원삼면	2026	생산관리지역	공공용지	일반	도축장	0.7
41461	용인시 처인구 원삼면	2026	생산관리지역	공공용지	도로	일반	3.03
41461	용인시 처인구 원삼면	2026	생산관리지역	공공용지	도로	도로	1
41461	용인시 처인구 원삼면	2026	생산관리지역	공공용지	도로	공원	1
41461	용인시 처인구 원삼면	2026	생산관리지역	공공용지	도로	운동장	2.12
41461	용인시 처인구 원삼면	2026	생산관리지역	공공용지	도로	하천	1
41461	용인시 처인구 원삼면	2026	생산관리지역	공공용지	도로	혐오	1
41461	용인시 처인구 원삼면	2026	생산관리지역	공공용지	도로	위험	2.12
41461	용인시 처인구 원삼면	2026	생산관리지역	공공용지	도로	도축장	2.12
41461	용인시 처인구 원삼면	2026	생산관리지역	공공용지	공원	일반	3.03
41461	용인시 처인구 원삼면	2026	생산관리지역	공공용지	공원	도로	1
41461	용인시 처인구 원삼면	2026	생산관리지역	공공용지	공원	공원	1
41461	용인시 처인구 원삼면	2026	생산관리지역	공공용지	공원	운동장	2.12
41461	용인시 처인구 원삼면	2026	생산관리지역	공공용지	공원	하천	1
41461	용인시 처인구 원삼면	2026	생산관리지역	공공용지	공원	혐오	1
41461	용인시 처인구 원삼면	2026	생산관리지역	공공용지	공원	위험	2.12
41461	용인시 처인구 원삼면	2026	생산관리지역	공공용지	공원	도축장	2.12
41461	용인시 처인구 원삼면	2026	생산관리지역	공공용지	운동장	일반	1.43
41461	용인시 처인구 원삼면	2026	생산관리지역	공공용지	운동장	도로	0.47
41461	용인시 처인구 원삼면	2026	생산관리지역	공공용지	운동장	공원	0.47
41461	용인시 처인구 원삼면	2026	생산관리지역	공공용지	운동장	운동장	1
41461	용인시 처인구 원삼면	2026	생산관리지역	공공용지	운동장	하천	0.47
41461	용인시 처인구 원삼면	2026	생산관리지역	공공용지	운동장	혐오	0.47
41461	용인시 처인구 원삼면	2026	생산관리지역	공공용지	운동장	위험	1
41461	용인시 처인구 원삼면	2026	생산관리지역	공공용지	운동장	도축장	1
41461	용인시 처인구 원삼면	2026	생산관리지역	공공용지	하천	일반	3.03
41461	용인시 처인구 원삼면	2026	생산관리지역	공공용지	하천	도로	1
41461	용인시 처인구 원삼면	2026	생산관리지역	공공용지	하천	공원	1
41461	용인시 처인구 원삼면	2026	생산관리지역	공공용지	하천	운동장	2.12
41461	용인시 처인구 원삼면	2026	생산관리지역	공공용지	하천	하천	1
41461	용인시 처인구 원삼면	2026	생산관리지역	공공용지	하천	혐오	1
41461	용인시 처인구 원삼면	2026	생산관리지역	공공용지	하천	위험	2.12
41461	용인시 처인구 원삼면	2026	생산관리지역	공공용지	하천	도축장	2.12
41461	용인시 처인구 원삼면	2026	생산관리지역	공공용지	혐오	일반	3.03
41461	용인시 처인구 원삼면	2026	생산관리지역	공공용지	혐오	도로	1
41461	용인시 처인구 원삼면	2026	생산관리지역	공공용지	혐오	공원	1
41461	용인시 처인구 원삼면	2026	생산관리지역	공공용지	혐오	운동장	2.12
41461	용인시 처인구 원삼면	2026	생산관리지역	공공용지	혐오	하천	1
41461	용인시 처인구 원삼면	2026	생산관리지역	공공용지	혐오	혐오	1
41461	용인시 처인구 원삼면	2026	생산관리지역	공공용지	혐오	위험	2.12
41461	용인시 처인구 원삼면	2026	생산관리지역	공공용지	혐오	도축장	2.12
41461	용인시 처인구 원삼면	2026	생산관리지역	공공용지	위험	일반	1.43
41461	용인시 처인구 원삼면	2026	생산관리지역	공공용지	위험	도로	0.47
41461	용인시 처인구 원삼면	2026	생산관리지역	공공용지	위험	공원	0.47
41461	용인시 처인구 원삼면	2026	생산관리지역	공공용지	위험	운동장	1
41461	용인시 처인구 원삼면	2026	생산관리지역	공공용지	위험	하천	0.47
41461	용인시 처인구 원삼면	2026	생산관리지역	공공용지	위험	혐오	0.47
41461	용인시 처인구 원삼면	2026	생산관리지역	공공용지	위험	위험	1
41461	용인시 처인구 원삼면	2026	생산관리지역	공공용지	위험	도축장	1
41461	용인시 처인구 원삼면	2026	생산관리지역	공공용지	도축장	일반	1.43
41461	용인시 처인구 원삼면	2026	생산관리지역	공공용지	도축장	도로	0.47
41461	용인시 처인구 원삼면	2026	생산관리지역	공공용지	도축장	공원	0.47
41461	용인시 처인구 원삼면	2026	생산관리지역	공공용지	도축장	운동장	1
41461	용인시 처인구 원삼면	2026	생산관리지역	공공용지	도축장	하천	0.47
41461	용인시 처인구 원삼면	2026	생산관리지역	공공용지	도축장	혐오	0.47
41461	용인시 처인구 원삼면	2026	생산관리지역	공공용지	도축장	위험	1
41461	용인시 처인구 원삼면	2026	생산관리지역	공공용지	도축장	도축장	1
41461	용인시 처인구 원삼면	2026	생산관리지역	고저	저지	저지	1
41461	용인시 처인구 원삼면	2026	생산관리지역	고저	저지	평지	1.1
41461	용인시 처인구 원삼면	2026	생산관리지역	고저	저지	완경사	1
41461	용인시 처인구 원삼면	2026	생산관리지역	고저	저지	급경사	0.78
41461	용인시 처인구 원삼면	2026	생산관리지역	고저	저지	고지	0.76
41461	용인시 처인구 원삼면	2026	생산관리지역	고저	평지	저지	0.91
41461	용인시 처인구 원삼면	2026	생산관리지역	고저	평지	평지	1
41461	용인시 처인구 원삼면	2026	생산관리지역	고저	평지	완경사	0.91
41461	용인시 처인구 원삼면	2026	생산관리지역	고저	평지	급경사	0.71
41461	용인시 처인구 원삼면	2026	생산관리지역	고저	평지	고지	0.69
41461	용인시 처인구 원삼면	2026	생산관리지역	고저	완경사	저지	1
41461	용인시 처인구 원삼면	2026	생산관리지역	고저	완경사	평지	1.1
41461	용인시 처인구 원삼면	2026	생산관리지역	고저	완경사	완경사	1
41461	용인시 처인구 원삼면	2026	생산관리지역	고저	완경사	급경사	0.78
41461	용인시 처인구 원삼면	2026	생산관리지역	고저	완경사	고지	0.76
41461	용인시 처인구 원삼면	2026	생산관리지역	고저	급경사	저지	1.28
41461	용인시 처인구 원삼면	2026	생산관리지역	고저	급경사	평지	1.41
41461	용인시 처인구 원삼면	2026	생산관리지역	고저	급경사	완경사	1.28
41461	용인시 처인구 원삼면	2026	생산관리지역	고저	급경사	급경사	1
41461	용인시 처인구 원삼면	2026	생산관리지역	고저	급경사	고지	0.97
41461	용인시 처인구 원삼면	2026	생산관리지역	고저	고지	저지	1.32
41461	용인시 처인구 원삼면	2026	생산관리지역	고저	고지	평지	1.45
41461	용인시 처인구 원삼면	2026	생산관리지역	고저	고지	완경사	1.32
41461	용인시 처인구 원삼면	2026	생산관리지역	고저	고지	급경사	1.03
41461	용인시 처인구 원삼면	2026	생산관리지역	고저	고지	고지	1
41461	용인시 처인구 원삼면	2026	생산관리지역	형상(주거.공업)	정형	정형	1
41461	용인시 처인구 원삼면	2026	생산관리지역	형상(주거.공업)	정형	비정형	0.97
41461	용인시 처인구 원삼면	2026	생산관리지역	형상(주거.공업)	비정형	정형	1.03
41461	용인시 처인구 원삼면	2026	생산관리지역	형상(주거.공업)	비정형	비정형	1
41461	용인시 처인구 원삼면	2026	생산관리지역	방위	남향	남향	1
41461	용인시 처인구 원삼면	2026	생산관리지역	방위	남향	동향	0.98
41461	용인시 처인구 원삼면	2026	생산관리지역	방위	남향	서향	0.98
41461	용인시 처인구 원삼면	2026	생산관리지역	방위	남향	북향	0.97
41461	용인시 처인구 원삼면	2026	생산관리지역	방위	동향	남향	1.02
41461	용인시 처인구 원삼면	2026	생산관리지역	방위	동향	동향	1
41461	용인시 처인구 원삼면	2026	생산관리지역	방위	동향	서향	1
41461	용인시 처인구 원삼면	2026	생산관리지역	방위	동향	북향	0.99
41461	용인시 처인구 원삼면	2026	생산관리지역	방위	서향	남향	1.02
41461	용인시 처인구 원삼면	2026	생산관리지역	방위	서향	동향	1
41461	용인시 처인구 원삼면	2026	생산관리지역	방위	서향	서향	1
41461	용인시 처인구 원삼면	2026	생산관리지역	방위	서향	북향	0.99
41461	용인시 처인구 원삼면	2026	생산관리지역	방위	북향	남향	1.03
41461	용인시 처인구 원삼면	2026	생산관리지역	방위	북향	동향	1.01
41461	용인시 처인구 원삼면	2026	생산관리지역	방위	북향	서향	1.01
41461	용인시 처인구 원삼면	2026	생산관리지역	방위	북향	북향	1
41461	용인시 처인구 원삼면	2026	생산관리지역	도로접면	광대한면	광대한면	1
41461	용인시 처인구 원삼면	2026	생산관리지역	도로접면	광대한면	광대소각	1.1
41461	용인시 처인구 원삼면	2026	생산관리지역	도로접면	광대한면	광대세각	1.05
41461	용인시 처인구 원삼면	2026	생산관리지역	도로접면	광대한면	중로한면	0.98
41461	용인시 처인구 원삼면	2026	생산관리지역	도로접면	광대한면	중로각지	0.99
41461	용인시 처인구 원삼면	2026	생산관리지역	도로접면	광대한면	소로한면	0.89
41461	용인시 처인구 원삼면	2026	생산관리지역	도로접면	광대한면	소로각지	0.96
41461	용인시 처인구 원삼면	2026	생산관리지역	도로접면	광대한면	세로(가)	0.83
41461	용인시 처인구 원삼면	2026	생산관리지역	도로접면	광대한면	세각(가)	0.87
41461	용인시 처인구 원삼면	2026	생산관리지역	도로접면	광대한면	세로(불)	0.75
41461	용인시 처인구 원삼면	2026	생산관리지역	도로접면	광대한면	세각(불)	0.78
41461	용인시 처인구 원삼면	2026	생산관리지역	도로접면	광대한면	맹지	0.7
41461	용인시 처인구 원삼면	2026	생산관리지역	도로접면	광대소각	광대한면	0.91
41461	용인시 처인구 원삼면	2026	생산관리지역	도로접면	광대소각	광대소각	1
41461	용인시 처인구 원삼면	2026	생산관리지역	도로접면	광대소각	광대세각	0.95
41461	용인시 처인구 원삼면	2026	생산관리지역	도로접면	광대소각	중로한면	0.89
41461	용인시 처인구 원삼면	2026	생산관리지역	도로접면	광대소각	중로각지	0.9
41461	용인시 처인구 원삼면	2026	생산관리지역	도로접면	광대소각	소로한면	0.81
41461	용인시 처인구 원삼면	2026	생산관리지역	도로접면	광대소각	소로각지	0.87
41461	용인시 처인구 원삼면	2026	생산관리지역	도로접면	광대소각	세로(가)	0.75
41461	용인시 처인구 원삼면	2026	생산관리지역	도로접면	광대소각	세각(가)	0.79
41461	용인시 처인구 원삼면	2026	생산관리지역	도로접면	광대소각	세로(불)	0.68
41461	용인시 처인구 원삼면	2026	생산관리지역	도로접면	광대소각	세각(불)	0.71
41461	용인시 처인구 원삼면	2026	생산관리지역	도로접면	광대소각	맹지	0.64
41461	용인시 처인구 원삼면	2026	생산관리지역	도로접면	광대세각	광대한면	0.95
41461	용인시 처인구 원삼면	2026	생산관리지역	도로접면	광대세각	광대소각	1.05
41461	용인시 처인구 원삼면	2026	생산관리지역	도로접면	광대세각	광대세각	1
41461	용인시 처인구 원삼면	2026	생산관리지역	도로접면	광대세각	중로한면	0.93
41461	용인시 처인구 원삼면	2026	생산관리지역	도로접면	광대세각	중로각지	0.94
41461	용인시 처인구 원삼면	2026	생산관리지역	도로접면	광대세각	소로한면	0.85
41461	용인시 처인구 원삼면	2026	생산관리지역	도로접면	광대세각	소로각지	0.91
41461	용인시 처인구 원삼면	2026	생산관리지역	도로접면	광대세각	세로(가)	0.79
41461	용인시 처인구 원삼면	2026	생산관리지역	도로접면	광대세각	세각(가)	0.83
41461	용인시 처인구 원삼면	2026	생산관리지역	도로접면	광대세각	세로(불)	0.71
41461	용인시 처인구 원삼면	2026	생산관리지역	도로접면	광대세각	세각(불)	0.74
41461	용인시 처인구 원삼면	2026	생산관리지역	도로접면	광대세각	맹지	0.67
41461	용인시 처인구 원삼면	2026	생산관리지역	도로접면	중로한면	광대한면	1.02
41461	용인시 처인구 원삼면	2026	생산관리지역	도로접면	중로한면	광대소각	1.12
41461	용인시 처인구 원삼면	2026	생산관리지역	도로접면	중로한면	광대세각	1.07
41461	용인시 처인구 원삼면	2026	생산관리지역	도로접면	중로한면	중로한면	1
41461	용인시 처인구 원삼면	2026	생산관리지역	도로접면	중로한면	중로각지	1.01
41461	용인시 처인구 원삼면	2026	생산관리지역	도로접면	중로한면	소로한면	0.91
41461	용인시 처인구 원삼면	2026	생산관리지역	도로접면	중로한면	소로각지	0.98
41461	용인시 처인구 원삼면	2026	생산관리지역	도로접면	중로한면	세로(가)	0.85
41461	용인시 처인구 원삼면	2026	생산관리지역	도로접면	중로한면	세각(가)	0.89
41461	용인시 처인구 원삼면	2026	생산관리지역	도로접면	중로한면	세로(불)	0.77
41461	용인시 처인구 원삼면	2026	생산관리지역	도로접면	중로한면	세각(불)	0.8
41461	용인시 처인구 원삼면	2026	생산관리지역	도로접면	중로한면	맹지	0.71
41461	용인시 처인구 원삼면	2026	생산관리지역	도로접면	중로각지	광대한면	1.01
41461	용인시 처인구 원삼면	2026	생산관리지역	도로접면	중로각지	광대소각	1.11
41461	용인시 처인구 원삼면	2026	생산관리지역	도로접면	중로각지	광대세각	1.06
41461	용인시 처인구 원삼면	2026	생산관리지역	도로접면	중로각지	중로한면	0.99
41461	용인시 처인구 원삼면	2026	생산관리지역	도로접면	중로각지	중로각지	1
41461	용인시 처인구 원삼면	2026	생산관리지역	도로접면	중로각지	소로한면	0.9
41461	용인시 처인구 원삼면	2026	생산관리지역	도로접면	중로각지	소로각지	0.97
41461	용인시 처인구 원삼면	2026	생산관리지역	도로접면	중로각지	세로(가)	0.84
41461	용인시 처인구 원삼면	2026	생산관리지역	도로접면	중로각지	세각(가)	0.88
41461	용인시 처인구 원삼면	2026	생산관리지역	도로접면	중로각지	세로(불)	0.76
41461	용인시 처인구 원삼면	2026	생산관리지역	도로접면	중로각지	세각(불)	0.79
41461	용인시 처인구 원삼면	2026	생산관리지역	도로접면	중로각지	맹지	0.71
41461	용인시 처인구 원삼면	2026	생산관리지역	도로접면	소로한면	광대한면	1.12
41461	용인시 처인구 원삼면	2026	생산관리지역	도로접면	소로한면	광대소각	1.24
41461	용인시 처인구 원삼면	2026	생산관리지역	도로접면	소로한면	광대세각	1.18
41461	용인시 처인구 원삼면	2026	생산관리지역	도로접면	소로한면	중로한면	1.1
41461	용인시 처인구 원삼면	2026	생산관리지역	도로접면	소로한면	중로각지	1.11
41461	용인시 처인구 원삼면	2026	생산관리지역	도로접면	소로한면	소로한면	1
41461	용인시 처인구 원삼면	2026	생산관리지역	도로접면	소로한면	소로각지	1.08
41461	용인시 처인구 원삼면	2026	생산관리지역	도로접면	소로한면	세로(가)	0.93
41461	용인시 처인구 원삼면	2026	생산관리지역	도로접면	소로한면	세각(가)	0.98
41461	용인시 처인구 원삼면	2026	생산관리지역	도로접면	소로한면	세로(불)	0.84
41461	용인시 처인구 원삼면	2026	생산관리지역	도로접면	소로한면	세각(불)	0.88
41461	용인시 처인구 원삼면	2026	생산관리지역	도로접면	소로한면	맹지	0.79
41461	용인시 처인구 원삼면	2026	생산관리지역	도로접면	소로각지	광대한면	1.04
41461	용인시 처인구 원삼면	2026	생산관리지역	도로접면	소로각지	광대소각	1.15
41461	용인시 처인구 원삼면	2026	생산관리지역	도로접면	소로각지	광대세각	1.09
41461	용인시 처인구 원삼면	2026	생산관리지역	도로접면	소로각지	중로한면	1.02
41461	용인시 처인구 원삼면	2026	생산관리지역	도로접면	소로각지	중로각지	1.03
41461	용인시 처인구 원삼면	2026	생산관리지역	도로접면	소로각지	소로한면	0.93
41461	용인시 처인구 원삼면	2026	생산관리지역	도로접면	소로각지	소로각지	1
41461	용인시 처인구 원삼면	2026	생산관리지역	도로접면	소로각지	세로(가)	0.86
41461	용인시 처인구 원삼면	2026	생산관리지역	도로접면	소로각지	세각(가)	0.91
41461	용인시 처인구 원삼면	2026	생산관리지역	도로접면	소로각지	세로(불)	0.78
41461	용인시 처인구 원삼면	2026	생산관리지역	도로접면	소로각지	세각(불)	0.81
41461	용인시 처인구 원삼면	2026	생산관리지역	도로접면	소로각지	맹지	0.73
41461	용인시 처인구 원삼면	2026	생산관리지역	도로접면	세로(가)	광대한면	1.2
41461	용인시 처인구 원삼면	2026	생산관리지역	도로접면	세로(가)	광대소각	1.33
41461	용인시 처인구 원삼면	2026	생산관리지역	도로접면	세로(가)	광대세각	1.27
41461	용인시 처인구 원삼면	2026	생산관리지역	도로접면	세로(가)	중로한면	1.18
41461	용인시 처인구 원삼면	2026	생산관리지역	도로접면	세로(가)	중로각지	1.19
41461	용인시 처인구 원삼면	2026	생산관리지역	도로접면	세로(가)	소로한면	1.07
41461	용인시 처인구 원삼면	2026	생산관리지역	도로접면	세로(가)	소로각지	1.16
41461	용인시 처인구 원삼면	2026	생산관리지역	도로접면	세로(가)	세로(가)	1
41461	용인시 처인구 원삼면	2026	생산관리지역	도로접면	세로(가)	세각(가)	1.05
41461	용인시 처인구 원삼면	2026	생산관리지역	도로접면	세로(가)	세로(불)	0.9
41461	용인시 처인구 원삼면	2026	생산관리지역	도로접면	세로(가)	세각(불)	0.94
41461	용인시 처인구 원삼면	2026	생산관리지역	도로접면	세로(가)	맹지	0.84
41461	용인시 처인구 원삼면	2026	생산관리지역	도로접면	세각(가)	광대한면	1.15
41461	용인시 처인구 원삼면	2026	생산관리지역	도로접면	세각(가)	광대소각	1.26
41461	용인시 처인구 원삼면	2026	생산관리지역	도로접면	세각(가)	광대세각	1.21
41461	용인시 처인구 원삼면	2026	생산관리지역	도로접면	세각(가)	중로한면	1.13
41461	용인시 처인구 원삼면	2026	생산관리지역	도로접면	세각(가)	중로각지	1.14
41461	용인시 처인구 원삼면	2026	생산관리지역	도로접면	세각(가)	소로한면	1.02
41461	용인시 처인구 원삼면	2026	생산관리지역	도로접면	세각(가)	소로각지	1.1
41461	용인시 처인구 원삼면	2026	생산관리지역	도로접면	세각(가)	세로(가)	0.95
41461	용인시 처인구 원삼면	2026	생산관리지역	도로접면	세각(가)	세각(가)	1
41461	용인시 처인구 원삼면	2026	생산관리지역	도로접면	세각(가)	세로(불)	0.86
41461	용인시 처인구 원삼면	2026	생산관리지역	도로접면	세각(가)	세각(불)	0.9
41461	용인시 처인구 원삼면	2026	생산관리지역	도로접면	세각(가)	맹지	0.8
41461	용인시 처인구 원삼면	2026	생산관리지역	도로접면	세로(불)	광대한면	1.33
41461	용인시 처인구 원삼면	2026	생산관리지역	도로접면	세로(불)	광대소각	1.47
41461	용인시 처인구 원삼면	2026	생산관리지역	도로접면	세로(불)	광대세각	1.4
41461	용인시 처인구 원삼면	2026	생산관리지역	도로접면	세로(불)	중로한면	1.31
41461	용인시 처인구 원삼면	2026	생산관리지역	도로접면	세로(불)	중로각지	1.32
41461	용인시 처인구 원삼면	2026	생산관리지역	도로접면	세로(불)	소로한면	1.19
41461	용인시 처인구 원삼면	2026	생산관리지역	도로접면	세로(불)	소로각지	1.28
41461	용인시 처인구 원삼면	2026	생산관리지역	도로접면	세로(불)	세로(가)	1.11
41461	용인시 처인구 원삼면	2026	생산관리지역	도로접면	세로(불)	세각(가)	1.16
41461	용인시 처인구 원삼면	2026	생산관리지역	도로접면	세로(불)	세로(불)	1
41461	용인시 처인구 원삼면	2026	생산관리지역	도로접면	세로(불)	세각(불)	1.04
41461	용인시 처인구 원삼면	2026	생산관리지역	도로접면	세로(불)	맹지	0.93
41461	용인시 처인구 원삼면	2026	생산관리지역	도로접면	세각(불)	광대한면	1.28
41461	용인시 처인구 원삼면	2026	생산관리지역	도로접면	세각(불)	광대소각	1.41
41461	용인시 처인구 원삼면	2026	생산관리지역	도로접면	세각(불)	광대세각	1.35
41461	용인시 처인구 원삼면	2026	생산관리지역	도로접면	세각(불)	중로한면	1.26
41461	용인시 처인구 원삼면	2026	생산관리지역	도로접면	세각(불)	중로각지	1.27
41461	용인시 처인구 원삼면	2026	생산관리지역	도로접면	세각(불)	소로한면	1.14
41461	용인시 처인구 원삼면	2026	생산관리지역	도로접면	세각(불)	소로각지	1.23
41461	용인시 처인구 원삼면	2026	생산관리지역	도로접면	세각(불)	세로(가)	1.06
41461	용인시 처인구 원삼면	2026	생산관리지역	도로접면	세각(불)	세각(가)	1.12
41461	용인시 처인구 원삼면	2026	생산관리지역	도로접면	세각(불)	세로(불)	0.96
41461	용인시 처인구 원삼면	2026	생산관리지역	도로접면	세각(불)	세각(불)	1
41461	용인시 처인구 원삼면	2026	생산관리지역	도로접면	세각(불)	맹지	0.9
41461	용인시 처인구 원삼면	2026	생산관리지역	도로접면	맹지	광대한면	1.43
41461	용인시 처인구 원삼면	2026	생산관리지역	도로접면	맹지	광대소각	1.57
41461	용인시 처인구 원삼면	2026	생산관리지역	도로접면	맹지	광대세각	1.5
41461	용인시 처인구 원삼면	2026	생산관리지역	도로접면	맹지	중로한면	1.4
41461	용인시 처인구 원삼면	2026	생산관리지역	도로접면	맹지	중로각지	1.41
41461	용인시 처인구 원삼면	2026	생산관리지역	도로접면	맹지	소로한면	1.27
41461	용인시 처인구 원삼면	2026	생산관리지역	도로접면	맹지	소로각지	1.37
41461	용인시 처인구 원삼면	2026	생산관리지역	도로접면	맹지	세로(가)	1.19
41461	용인시 처인구 원삼면	2026	생산관리지역	도로접면	맹지	세각(가)	1.24
41461	용인시 처인구 원삼면	2026	생산관리지역	도로접면	맹지	세로(불)	1.07
41461	용인시 처인구 원삼면	2026	생산관리지역	도로접면	맹지	세각(불)	1.11
41461	용인시 처인구 원삼면	2026	생산관리지역	도로접면	맹지	맹지	1
41461	용인시 처인구 원삼면	2026	생산관리지역	도로거리	50m내	50m내	1
41461	용인시 처인구 원삼면	2026	생산관리지역	도로거리	50m내	100m내	0.99
41461	용인시 처인구 원삼면	2026	생산관리지역	도로거리	50m내	500m내	0.98
41461	용인시 처인구 원삼면	2026	생산관리지역	도로거리	50m내	해당없음	0.95
41461	용인시 처인구 원삼면	2026	생산관리지역	도로거리	100m내	50m내	1.01
41461	용인시 처인구 원삼면	2026	생산관리지역	도로거리	100m내	100m내	1
41461	용인시 처인구 원삼면	2026	생산관리지역	도로거리	100m내	500m내	0.99
41461	용인시 처인구 원삼면	2026	생산관리지역	도로거리	100m내	해당없음	0.96
41461	용인시 처인구 원삼면	2026	생산관리지역	도로거리	500m내	50m내	1.02
41461	용인시 처인구 원삼면	2026	생산관리지역	도로거리	500m내	100m내	1.01
41461	용인시 처인구 원삼면	2026	생산관리지역	도로거리	500m내	500m내	1
41461	용인시 처인구 원삼면	2026	생산관리지역	도로거리	500m내	해당없음	0.97
41461	용인시 처인구 원삼면	2026	생산관리지역	도로거리	해당없음	50m내	1.05
41461	용인시 처인구 원삼면	2026	생산관리지역	도로거리	해당없음	100m내	1.04
41461	용인시 처인구 원삼면	2026	생산관리지역	도로거리	해당없음	500m내	1.03
41461	용인시 처인구 원삼면	2026	생산관리지역	도로거리	해당없음	해당없음	1
41461	용인시 처인구 원삼면	2026	생산관리지역	철도.고속도로 등	50m내	50m내	1
41461	용인시 처인구 원삼면	2026	생산관리지역	철도.고속도로 등	50m내	100m내	1.01
41461	용인시 처인구 원삼면	2026	생산관리지역	철도.고속도로 등	50m내	500m내	1.02
41461	용인시 처인구 원삼면	2026	생산관리지역	철도.고속도로 등	50m내	해당없음	1.03
41461	용인시 처인구 원삼면	2026	생산관리지역	철도.고속도로 등	100m내	50m내	0.99
41461	용인시 처인구 원삼면	2026	생산관리지역	철도.고속도로 등	100m내	100m내	1
41461	용인시 처인구 원삼면	2026	생산관리지역	철도.고속도로 등	100m내	500m내	1.01
41461	용인시 처인구 원삼면	2026	생산관리지역	철도.고속도로 등	100m내	해당없음	1.02
41461	용인시 처인구 원삼면	2026	생산관리지역	철도.고속도로 등	500m내	50m내	0.98
41461	용인시 처인구 원삼면	2026	생산관리지역	철도.고속도로 등	500m내	100m내	0.99
41461	용인시 처인구 원삼면	2026	생산관리지역	철도.고속도로 등	500m내	500m내	1
41461	용인시 처인구 원삼면	2026	생산관리지역	철도.고속도로 등	500m내	해당없음	1.01
41461	용인시 처인구 원삼면	2026	생산관리지역	철도.고속도로 등	해당없음	50m내	0.97
41461	용인시 처인구 원삼면	2026	생산관리지역	철도.고속도로 등	해당없음	100m내	0.98
41461	용인시 처인구 원삼면	2026	생산관리지역	철도.고속도로 등	해당없음	500m내	0.99
41461	용인시 처인구 원삼면	2026	생산관리지역	철도.고속도로 등	해당없음	해당없음	1
41461	용인시 처인구 원삼면	2026	생산관리지역	폐기물.수질오염	50m내	50m내	1
41461	용인시 처인구 원삼면	2026	생산관리지역	폐기물.수질오염	50m내	100m내	1.04
41461	용인시 처인구 원삼면	2026	생산관리지역	폐기물.수질오염	50m내	500m내	1.05
41461	용인시 처인구 원삼면	2026	생산관리지역	폐기물.수질오염	50m내	해당없음	1.06
41461	용인시 처인구 원삼면	2026	생산관리지역	폐기물.수질오염	100m내	50m내	0.96
41461	용인시 처인구 원삼면	2026	생산관리지역	폐기물.수질오염	100m내	100m내	1
41461	용인시 처인구 원삼면	2026	생산관리지역	폐기물.수질오염	100m내	500m내	1.01
41461	용인시 처인구 원삼면	2026	생산관리지역	폐기물.수질오염	100m내	해당없음	1.02
41461	용인시 처인구 원삼면	2026	생산관리지역	폐기물.수질오염	500m내	50m내	0.95
41461	용인시 처인구 원삼면	2026	생산관리지역	폐기물.수질오염	500m내	100m내	0.99
41461	용인시 처인구 원삼면	2026	생산관리지역	폐기물.수질오염	500m내	500m내	1
41461	용인시 처인구 원삼면	2026	생산관리지역	폐기물.수질오염	500m내	해당없음	1.01
41461	용인시 처인구 원삼면	2026	생산관리지역	폐기물.수질오염	해당없음	50m내	0.94
41461	용인시 처인구 원삼면	2026	생산관리지역	폐기물.수질오염	해당없음	100m내	0.98
41461	용인시 처인구 원삼면	2026	생산관리지역	폐기물.수질오염	해당없음	500m내	0.99
41461	용인시 처인구 원삼면	2026	생산관리지역	폐기물.수질오염	해당없음	해당없음	1
41461	용인시 처인구 원삼면	2026	생산관리지역	변전소	50m내	50m내	1
41461	용인시 처인구 원삼면	2026	생산관리지역	변전소	50m내	100m내	1.02
41461	용인시 처인구 원삼면	2026	생산관리지역	변전소	50m내	600m내	1.04
41461	용인시 처인구 원삼면	2026	생산관리지역	변전소	50m내	해당없음	1.05
41461	용인시 처인구 원삼면	2026	생산관리지역	변전소	100m내	50m내	0.98
41461	용인시 처인구 원삼면	2026	생산관리지역	변전소	100m내	100m내	1
41461	용인시 처인구 원삼면	2026	생산관리지역	변전소	100m내	600m내	1.02
41461	용인시 처인구 원삼면	2026	생산관리지역	변전소	100m내	해당없음	1.03
41461	용인시 처인구 원삼면	2026	생산관리지역	변전소	600m내	50m내	0.96
41461	용인시 처인구 원삼면	2026	생산관리지역	변전소	600m내	100m내	0.98
41461	용인시 처인구 원삼면	2026	생산관리지역	변전소	600m내	600m내	1
41461	용인시 처인구 원삼면	2026	생산관리지역	변전소	600m내	해당없음	1.01
41461	용인시 처인구 원삼면	2026	생산관리지역	변전소	해당없음	50m내	0.95
41461	용인시 처인구 원삼면	2026	생산관리지역	변전소	해당없음	100m내	0.97
41461	용인시 처인구 원삼면	2026	생산관리지역	변전소	해당없음	600m내	0.99
41461	용인시 처인구 원삼면	2026	생산관리지역	변전소	해당없음	해당없음	1
41461	용인시 처인구 원삼면	2026	생산관리지역	형상(전,답)	정형	정형	1
41461	용인시 처인구 원삼면	2026	생산관리지역	형상(전,답)	정형	비정형	0.95
41461	용인시 처인구 원삼면	2026	생산관리지역	형상(전,답)	비정형	정형	1.05
41461	용인시 처인구 원삼면	2026	생산관리지역	형상(전,답)	비정형	비정형	1
41461	용인시 처인구 원삼면	2026	생산관리지역	경작여건	보통	보통	1
41461	용인시 처인구 원삼면	2026	생산관리지역	경작여건	보통	불리	0.7
41461	용인시 처인구 원삼면	2026	생산관리지역	경작여건	불리	보통	1.43
41461	용인시 처인구 원삼면	2026	생산관리지역	경작여건	불리	불리	1
41461	용인시 처인구 원삼면	2026	생산관리지역	묘지소재불리여건	일반	일반	1
41461	용인시 처인구 원삼면	2026	생산관리지역	묘지소재불리여건	일반	불리	1
41461	용인시 처인구 원삼면	2026	생산관리지역	묘지소재불리여건	불리	일반	1
41461	용인시 처인구 원삼면	2026	생산관리지역	묘지소재불리여건	불리	불리	1
41461	용인시 처인구 원삼면	2026	계획관리지역	지목	전	전	1
41461	용인시 처인구 원삼면	2026	계획관리지역	지목	전	답	1
41461	용인시 처인구 원삼면	2026	계획관리지역	지목	전	과	1
41461	용인시 처인구 원삼면	2026	계획관리지역	지목	전	목	1
41461	용인시 처인구 원삼면	2026	계획관리지역	지목	전	임	0.92
41461	용인시 처인구 원삼면	2026	계획관리지역	지목	전	대	1.15
41461	용인시 처인구 원삼면	2026	계획관리지역	지목	전	장	1.15
41461	용인시 처인구 원삼면	2026	계획관리지역	지목	전	차	1.11
41461	용인시 처인구 원삼면	2026	계획관리지역	지목	전	주	1.15
41461	용인시 처인구 원삼면	2026	계획관리지역	지목	전	창	1.15
41461	용인시 처인구 원삼면	2026	계획관리지역	지목	전	잡	1.1
41461	용인시 처인구 원삼면	2026	계획관리지역	지목	답	전	1
41461	용인시 처인구 원삼면	2026	계획관리지역	지목	답	답	1
41461	용인시 처인구 원삼면	2026	계획관리지역	지목	답	과	1
41461	용인시 처인구 원삼면	2026	계획관리지역	지목	답	목	1
41461	용인시 처인구 원삼면	2026	계획관리지역	지목	답	임	0.92
41461	용인시 처인구 원삼면	2026	계획관리지역	지목	답	대	1.15
41461	용인시 처인구 원삼면	2026	계획관리지역	지목	답	장	1.15
41461	용인시 처인구 원삼면	2026	계획관리지역	지목	답	차	1.11
41461	용인시 처인구 원삼면	2026	계획관리지역	지목	답	주	1.15
41461	용인시 처인구 원삼면	2026	계획관리지역	지목	답	창	1.15
41461	용인시 처인구 원삼면	2026	계획관리지역	지목	답	잡	1.1
41461	용인시 처인구 원삼면	2026	계획관리지역	지목	과	전	1
41461	용인시 처인구 원삼면	2026	계획관리지역	지목	과	답	1
41461	용인시 처인구 원삼면	2026	계획관리지역	지목	과	과	1
41461	용인시 처인구 원삼면	2026	계획관리지역	지목	과	목	1
41461	용인시 처인구 원삼면	2026	계획관리지역	지목	과	임	0.92
41461	용인시 처인구 원삼면	2026	계획관리지역	지목	과	대	1.15
41461	용인시 처인구 원삼면	2026	계획관리지역	지목	과	장	1.15
41461	용인시 처인구 원삼면	2026	계획관리지역	지목	과	차	1.11
41461	용인시 처인구 원삼면	2026	계획관리지역	지목	과	주	1.15
41461	용인시 처인구 원삼면	2026	계획관리지역	지목	과	창	1.15
41461	용인시 처인구 원삼면	2026	계획관리지역	지목	과	잡	1.1
41461	용인시 처인구 원삼면	2026	계획관리지역	지목	목	전	1
41461	용인시 처인구 원삼면	2026	계획관리지역	지목	목	답	1
41461	용인시 처인구 원삼면	2026	계획관리지역	지목	목	과	1
41461	용인시 처인구 원삼면	2026	계획관리지역	지목	목	목	1
41461	용인시 처인구 원삼면	2026	계획관리지역	지목	목	임	0.92
41461	용인시 처인구 원삼면	2026	계획관리지역	지목	목	대	1.15
41461	용인시 처인구 원삼면	2026	계획관리지역	지목	목	장	1.15
41461	용인시 처인구 원삼면	2026	계획관리지역	지목	목	차	1.11
41461	용인시 처인구 원삼면	2026	계획관리지역	지목	목	주	1.15
41461	용인시 처인구 원삼면	2026	계획관리지역	지목	목	창	1.15
41461	용인시 처인구 원삼면	2026	계획관리지역	지목	목	잡	1.1
41461	용인시 처인구 원삼면	2026	계획관리지역	지목	임	전	1.09
41461	용인시 처인구 원삼면	2026	계획관리지역	지목	임	답	1.09
41461	용인시 처인구 원삼면	2026	계획관리지역	지목	임	과	1.09
41461	용인시 처인구 원삼면	2026	계획관리지역	지목	임	목	1.09
41461	용인시 처인구 원삼면	2026	계획관리지역	지목	임	임	1
41461	용인시 처인구 원삼면	2026	계획관리지역	지목	임	대	1.25
41461	용인시 처인구 원삼면	2026	계획관리지역	지목	임	장	1.25
41461	용인시 처인구 원삼면	2026	계획관리지역	지목	임	차	1.21
41461	용인시 처인구 원삼면	2026	계획관리지역	지목	임	주	1.25
41461	용인시 처인구 원삼면	2026	계획관리지역	지목	임	창	1.25
41461	용인시 처인구 원삼면	2026	계획관리지역	지목	임	잡	1.2
41461	용인시 처인구 원삼면	2026	계획관리지역	지목	대	전	0.87
41461	용인시 처인구 원삼면	2026	계획관리지역	지목	대	답	0.87
41461	용인시 처인구 원삼면	2026	계획관리지역	지목	대	과	0.87
41461	용인시 처인구 원삼면	2026	계획관리지역	지목	대	목	0.87
41461	용인시 처인구 원삼면	2026	계획관리지역	지목	대	임	0.8
41461	용인시 처인구 원삼면	2026	계획관리지역	지목	대	대	1
41461	용인시 처인구 원삼면	2026	계획관리지역	지목	대	장	1
41461	용인시 처인구 원삼면	2026	계획관리지역	지목	대	차	0.97
41461	용인시 처인구 원삼면	2026	계획관리지역	지목	대	주	1
41461	용인시 처인구 원삼면	2026	계획관리지역	지목	대	창	1
41461	용인시 처인구 원삼면	2026	계획관리지역	지목	대	잡	0.96
41461	용인시 처인구 원삼면	2026	계획관리지역	지목	장	전	0.87
41461	용인시 처인구 원삼면	2026	계획관리지역	지목	장	답	0.87
41461	용인시 처인구 원삼면	2026	계획관리지역	지목	장	과	0.87
41461	용인시 처인구 원삼면	2026	계획관리지역	지목	장	목	0.87
41461	용인시 처인구 원삼면	2026	계획관리지역	지목	장	임	0.8
41461	용인시 처인구 원삼면	2026	계획관리지역	지목	장	대	1
41461	용인시 처인구 원삼면	2026	계획관리지역	지목	장	장	1
41461	용인시 처인구 원삼면	2026	계획관리지역	지목	장	차	0.97
41461	용인시 처인구 원삼면	2026	계획관리지역	지목	장	주	1
41461	용인시 처인구 원삼면	2026	계획관리지역	지목	장	창	1
41461	용인시 처인구 원삼면	2026	계획관리지역	지목	장	잡	0.96
41461	용인시 처인구 원삼면	2026	계획관리지역	지목	차	전	0.9
41461	용인시 처인구 원삼면	2026	계획관리지역	지목	차	답	0.9
41461	용인시 처인구 원삼면	2026	계획관리지역	지목	차	과	0.9
41461	용인시 처인구 원삼면	2026	계획관리지역	지목	차	목	0.9
41461	용인시 처인구 원삼면	2026	계획관리지역	지목	차	임	0.83
41461	용인시 처인구 원삼면	2026	계획관리지역	지목	차	대	1.04
41461	용인시 처인구 원삼면	2026	계획관리지역	지목	차	장	1.04
41461	용인시 처인구 원삼면	2026	계획관리지역	지목	차	차	1
41461	용인시 처인구 원삼면	2026	계획관리지역	지목	차	주	1.04
41461	용인시 처인구 원삼면	2026	계획관리지역	지목	차	창	1.04
41461	용인시 처인구 원삼면	2026	계획관리지역	지목	차	잡	0.99
41461	용인시 처인구 원삼면	2026	계획관리지역	지목	주	전	0.87
41461	용인시 처인구 원삼면	2026	계획관리지역	지목	주	답	0.87
41461	용인시 처인구 원삼면	2026	계획관리지역	지목	주	과	0.87
41461	용인시 처인구 원삼면	2026	계획관리지역	지목	주	목	0.87
41461	용인시 처인구 원삼면	2026	계획관리지역	지목	주	임	0.8
41461	용인시 처인구 원삼면	2026	계획관리지역	지목	주	대	1
41461	용인시 처인구 원삼면	2026	계획관리지역	지목	주	장	1
41461	용인시 처인구 원삼면	2026	계획관리지역	지목	주	차	0.97
41461	용인시 처인구 원삼면	2026	계획관리지역	지목	주	주	1
41461	용인시 처인구 원삼면	2026	계획관리지역	지목	주	창	1
41461	용인시 처인구 원삼면	2026	계획관리지역	지목	주	잡	0.96
41461	용인시 처인구 원삼면	2026	계획관리지역	지목	창	전	0.87
41461	용인시 처인구 원삼면	2026	계획관리지역	지목	창	답	0.87
41461	용인시 처인구 원삼면	2026	계획관리지역	지목	창	과	0.87
41461	용인시 처인구 원삼면	2026	계획관리지역	지목	창	목	0.87
41461	용인시 처인구 원삼면	2026	계획관리지역	지목	창	임	0.8
41461	용인시 처인구 원삼면	2026	계획관리지역	지목	창	대	1
41461	용인시 처인구 원삼면	2026	계획관리지역	지목	창	장	1
41461	용인시 처인구 원삼면	2026	계획관리지역	지목	창	차	0.97
41461	용인시 처인구 원삼면	2026	계획관리지역	지목	창	주	1
41461	용인시 처인구 원삼면	2026	계획관리지역	지목	창	창	1
41461	용인시 처인구 원삼면	2026	계획관리지역	지목	창	잡	0.96
41461	용인시 처인구 원삼면	2026	계획관리지역	지목	잡	전	0.91
41461	용인시 처인구 원삼면	2026	계획관리지역	지목	잡	답	0.91
41461	용인시 처인구 원삼면	2026	계획관리지역	지목	잡	과	0.91
41461	용인시 처인구 원삼면	2026	계획관리지역	지목	잡	목	0.91
41461	용인시 처인구 원삼면	2026	계획관리지역	지목	잡	임	0.84
41461	용인시 처인구 원삼면	2026	계획관리지역	지목	잡	대	1.05
41461	용인시 처인구 원삼면	2026	계획관리지역	지목	잡	장	1.05
41461	용인시 처인구 원삼면	2026	계획관리지역	지목	잡	차	1.01
41461	용인시 처인구 원삼면	2026	계획관리지역	지목	잡	주	1.05
41461	용인시 처인구 원삼면	2026	계획관리지역	지목	잡	창	1.05
41461	용인시 처인구 원삼면	2026	계획관리지역	지목	잡	잡	1
41461	용인시 처인구 원삼면	2026	계획관리지역	토지면적	3300	3300	1
41461	용인시 처인구 원삼면	2026	계획관리지역	토지면적	3300	16500	0.98
41461	용인시 처인구 원삼면	2026	계획관리지역	토지면적	3300	33000	0.97
41461	용인시 처인구 원삼면	2026	계획관리지역	토지면적	3300	66000	0.96
41461	용인시 처인구 원삼면	2026	계획관리지역	토지면적	3300	그이상	0.95
41461	용인시 처인구 원삼면	2026	계획관리지역	토지면적	16500	3300	1.02
41461	용인시 처인구 원삼면	2026	계획관리지역	토지면적	16500	16500	1
41461	용인시 처인구 원삼면	2026	계획관리지역	토지면적	16500	33000	0.99
41461	용인시 처인구 원삼면	2026	계획관리지역	토지면적	16500	66000	0.98
41461	용인시 처인구 원삼면	2026	계획관리지역	토지면적	16500	그이상	0.97
41461	용인시 처인구 원삼면	2026	계획관리지역	토지면적	33000	3300	1.03
41461	용인시 처인구 원삼면	2026	계획관리지역	토지면적	33000	16500	1.01
41461	용인시 처인구 원삼면	2026	계획관리지역	토지면적	33000	33000	1
41461	용인시 처인구 원삼면	2026	계획관리지역	토지면적	33000	66000	0.99
41461	용인시 처인구 원삼면	2026	계획관리지역	토지면적	33000	그이상	0.98
41461	용인시 처인구 원삼면	2026	계획관리지역	토지면적	66000	3300	1.04
41461	용인시 처인구 원삼면	2026	계획관리지역	토지면적	66000	16500	1.02
41461	용인시 처인구 원삼면	2026	계획관리지역	토지면적	66000	33000	1.01
41461	용인시 처인구 원삼면	2026	계획관리지역	토지면적	66000	66000	1
41461	용인시 처인구 원삼면	2026	계획관리지역	토지면적	66000	그이상	0.99
41461	용인시 처인구 원삼면	2026	계획관리지역	토지면적	그이상	3300	1.05
41461	용인시 처인구 원삼면	2026	계획관리지역	토지면적	그이상	16500	1.03
41461	용인시 처인구 원삼면	2026	계획관리지역	토지면적	그이상	33000	1.02
41461	용인시 처인구 원삼면	2026	계획관리지역	토지면적	그이상	66000	1.01
41461	용인시 처인구 원삼면	2026	계획관리지역	토지면적	그이상	그이상	1
41461	용인시 처인구 원삼면	2026	계획관리지역	도시계획시설	일반	일반	1
41461	용인시 처인구 원삼면	2026	계획관리지역	도시계획시설	일반	지상도로	0.85
41461	용인시 처인구 원삼면	2026	계획관리지역	도시계획시설	일반	지하도로	0.95
41461	용인시 처인구 원삼면	2026	계획관리지역	도시계획시설	일반	공원	0.6
41461	용인시 처인구 원삼면	2026	계획관리지역	도시계획시설	일반	운동장	0.85
41461	용인시 처인구 원삼면	2026	계획관리지역	도시계획시설	일반	혐오	0.85
41461	용인시 처인구 원삼면	2026	계획관리지역	도시계획시설	일반	위험	0.85
41461	용인시 처인구 원삼면	2026	계획관리지역	도시계획시설	일반	도축장	0.85
41461	용인시 처인구 원삼면	2026	계획관리지역	도시계획시설	지상도로	일반	1.18
41461	용인시 처인구 원삼면	2026	계획관리지역	도시계획시설	지상도로	지상도로	1
41461	용인시 처인구 원삼면	2026	계획관리지역	도시계획시설	지상도로	지하도로	1.12
41461	용인시 처인구 원삼면	2026	계획관리지역	도시계획시설	지상도로	공원	0.71
41461	용인시 처인구 원삼면	2026	계획관리지역	도시계획시설	지상도로	운동장	1
41461	용인시 처인구 원삼면	2026	계획관리지역	도시계획시설	지상도로	혐오	1
41461	용인시 처인구 원삼면	2026	계획관리지역	도시계획시설	지상도로	위험	1
41461	용인시 처인구 원삼면	2026	계획관리지역	도시계획시설	지상도로	도축장	1
41461	용인시 처인구 원삼면	2026	계획관리지역	도시계획시설	지하도로	일반	1.05
41461	용인시 처인구 원삼면	2026	계획관리지역	도시계획시설	지하도로	지상도로	0.89
41461	용인시 처인구 원삼면	2026	계획관리지역	도시계획시설	지하도로	지하도로	1
41461	용인시 처인구 원삼면	2026	계획관리지역	도시계획시설	지하도로	공원	0.63
41461	용인시 처인구 원삼면	2026	계획관리지역	도시계획시설	지하도로	운동장	0.89
41461	용인시 처인구 원삼면	2026	계획관리지역	도시계획시설	지하도로	혐오	0.89
41461	용인시 처인구 원삼면	2026	계획관리지역	도시계획시설	지하도로	위험	0.89
41461	용인시 처인구 원삼면	2026	계획관리지역	도시계획시설	지하도로	도축장	0.89
41461	용인시 처인구 원삼면	2026	계획관리지역	도시계획시설	공원	일반	1.67
41461	용인시 처인구 원삼면	2026	계획관리지역	도시계획시설	공원	지상도로	1.42
41461	용인시 처인구 원삼면	2026	계획관리지역	도시계획시설	공원	지하도로	1.58
41461	용인시 처인구 원삼면	2026	계획관리지역	도시계획시설	공원	공원	1
41461	용인시 처인구 원삼면	2026	계획관리지역	도시계획시설	공원	운동장	1.42
41461	용인시 처인구 원삼면	2026	계획관리지역	도시계획시설	공원	혐오	1.42
41461	용인시 처인구 원삼면	2026	계획관리지역	도시계획시설	공원	위험	1.42
41461	용인시 처인구 원삼면	2026	계획관리지역	도시계획시설	공원	도축장	1.42
41461	용인시 처인구 원삼면	2026	계획관리지역	도시계획시설	운동장	일반	1.18
41461	용인시 처인구 원삼면	2026	계획관리지역	도시계획시설	운동장	지상도로	1
41461	용인시 처인구 원삼면	2026	계획관리지역	도시계획시설	운동장	지하도로	1.12
41461	용인시 처인구 원삼면	2026	계획관리지역	도시계획시설	운동장	공원	0.71
41461	용인시 처인구 원삼면	2026	계획관리지역	도시계획시설	운동장	운동장	1
41461	용인시 처인구 원삼면	2026	계획관리지역	도시계획시설	운동장	혐오	1
41461	용인시 처인구 원삼면	2026	계획관리지역	도시계획시설	운동장	위험	1
41461	용인시 처인구 원삼면	2026	계획관리지역	도시계획시설	운동장	도축장	1
41461	용인시 처인구 원삼면	2026	계획관리지역	도시계획시설	혐오	일반	1.18
41461	용인시 처인구 원삼면	2026	계획관리지역	도시계획시설	혐오	지상도로	1
41461	용인시 처인구 원삼면	2026	계획관리지역	도시계획시설	혐오	지하도로	1.12
41461	용인시 처인구 원삼면	2026	계획관리지역	도시계획시설	혐오	공원	0.71
41461	용인시 처인구 원삼면	2026	계획관리지역	도시계획시설	혐오	운동장	1
41461	용인시 처인구 원삼면	2026	계획관리지역	도시계획시설	혐오	혐오	1
41461	용인시 처인구 원삼면	2026	계획관리지역	도시계획시설	혐오	위험	1
41461	용인시 처인구 원삼면	2026	계획관리지역	도시계획시설	혐오	도축장	1
41461	용인시 처인구 원삼면	2026	계획관리지역	도시계획시설	위험	일반	1.18
41461	용인시 처인구 원삼면	2026	계획관리지역	도시계획시설	위험	지상도로	1
41461	용인시 처인구 원삼면	2026	계획관리지역	도시계획시설	위험	지하도로	1.12
41461	용인시 처인구 원삼면	2026	계획관리지역	도시계획시설	위험	공원	0.71
41461	용인시 처인구 원삼면	2026	계획관리지역	도시계획시설	위험	운동장	1
41461	용인시 처인구 원삼면	2026	계획관리지역	도시계획시설	위험	혐오	1
41461	용인시 처인구 원삼면	2026	계획관리지역	도시계획시설	위험	위험	1
41461	용인시 처인구 원삼면	2026	계획관리지역	도시계획시설	위험	도축장	1
41461	용인시 처인구 원삼면	2026	계획관리지역	도시계획시설	도축장	일반	1.18
41461	용인시 처인구 원삼면	2026	계획관리지역	도시계획시설	도축장	지상도로	1
41461	용인시 처인구 원삼면	2026	계획관리지역	도시계획시설	도축장	지하도로	1.12
41461	용인시 처인구 원삼면	2026	계획관리지역	도시계획시설	도축장	공원	0.71
41461	용인시 처인구 원삼면	2026	계획관리지역	도시계획시설	도축장	운동장	1
41461	용인시 처인구 원삼면	2026	계획관리지역	도시계획시설	도축장	혐오	1
41461	용인시 처인구 원삼면	2026	계획관리지역	도시계획시설	도축장	위험	1
41461	용인시 처인구 원삼면	2026	계획관리지역	도시계획시설	도축장	도축장	1
41461	용인시 처인구 원삼면	2026	계획관리지역	기타제한	일반	일반	1
41461	용인시 처인구 원삼면	2026	계획관리지역	기타제한	일반	보존	0.6
41461	용인시 처인구 원삼면	2026	계획관리지역	기타제한	일반	환경	0.66
41461	용인시 처인구 원삼면	2026	계획관리지역	기타제한	일반	마을	0.8
41461	용인시 처인구 원삼면	2026	계획관리지역	기타제한	일반	상수	0.86
41461	용인시 처인구 원삼면	2026	계획관리지역	기타제한	일반	고접	0.88
41461	용인시 처인구 원삼면	2026	계획관리지역	기타제한	일반	일접	0.96
41461	용인시 처인구 원삼면	2026	계획관리지역	기타제한	일반	특별	0.86
41461	용인시 처인구 원삼면	2026	계획관리지역	기타제한	일반	군사	0.9
41461	용인시 처인구 원삼면	2026	계획관리지역	기타제한	일반	도공	0.6
41461	용인시 처인구 원삼면	2026	계획관리지역	기타제한	일반	일시	0.6
41461	용인시 처인구 원삼면	2026	계획관리지역	기타제한	보존	일반	1.67
41461	용인시 처인구 원삼면	2026	계획관리지역	기타제한	보존	보존	1
41461	용인시 처인구 원삼면	2026	계획관리지역	기타제한	보존	환경	1.1
41461	용인시 처인구 원삼면	2026	계획관리지역	기타제한	보존	마을	1.33
41461	용인시 처인구 원삼면	2026	계획관리지역	기타제한	보존	상수	1.43
41461	용인시 처인구 원삼면	2026	계획관리지역	기타제한	보존	고접	1.47
41461	용인시 처인구 원삼면	2026	계획관리지역	기타제한	보존	일접	1.6
41461	용인시 처인구 원삼면	2026	계획관리지역	기타제한	보존	특별	1.43
41461	용인시 처인구 원삼면	2026	계획관리지역	기타제한	보존	군사	1.5
41461	용인시 처인구 원삼면	2026	계획관리지역	기타제한	보존	도공	1
41461	용인시 처인구 원삼면	2026	계획관리지역	기타제한	보존	일시	1
41461	용인시 처인구 원삼면	2026	계획관리지역	기타제한	환경	일반	1.52
41461	용인시 처인구 원삼면	2026	계획관리지역	기타제한	환경	보존	0.91
41461	용인시 처인구 원삼면	2026	계획관리지역	기타제한	환경	환경	1
41461	용인시 처인구 원삼면	2026	계획관리지역	기타제한	환경	마을	1.21
41461	용인시 처인구 원삼면	2026	계획관리지역	기타제한	환경	상수	1.3
41461	용인시 처인구 원삼면	2026	계획관리지역	기타제한	환경	고접	1.33
41461	용인시 처인구 원삼면	2026	계획관리지역	기타제한	환경	일접	1.45
41461	용인시 처인구 원삼면	2026	계획관리지역	기타제한	환경	특별	1.3
41461	용인시 처인구 원삼면	2026	계획관리지역	기타제한	환경	군사	1.36
41461	용인시 처인구 원삼면	2026	계획관리지역	기타제한	환경	도공	0.91
41461	용인시 처인구 원삼면	2026	계획관리지역	기타제한	환경	일시	0.91
41461	용인시 처인구 원삼면	2026	계획관리지역	기타제한	마을	일반	1.25
41461	용인시 처인구 원삼면	2026	계획관리지역	기타제한	마을	보존	0.75
41461	용인시 처인구 원삼면	2026	계획관리지역	기타제한	마을	환경	0.83
41461	용인시 처인구 원삼면	2026	계획관리지역	기타제한	마을	마을	1
41461	용인시 처인구 원삼면	2026	계획관리지역	기타제한	마을	상수	1.08
41461	용인시 처인구 원삼면	2026	계획관리지역	기타제한	마을	고접	1.1
41461	용인시 처인구 원삼면	2026	계획관리지역	기타제한	마을	일접	1.2
41461	용인시 처인구 원삼면	2026	계획관리지역	기타제한	마을	특별	1.08
41461	용인시 처인구 원삼면	2026	계획관리지역	기타제한	마을	군사	1.13
41461	용인시 처인구 원삼면	2026	계획관리지역	기타제한	마을	도공	0.75
41461	용인시 처인구 원삼면	2026	계획관리지역	기타제한	마을	일시	0.75
41461	용인시 처인구 원삼면	2026	계획관리지역	기타제한	상수	일반	1.16
41461	용인시 처인구 원삼면	2026	계획관리지역	기타제한	상수	보존	0.7
41461	용인시 처인구 원삼면	2026	계획관리지역	기타제한	상수	환경	0.77
41461	용인시 처인구 원삼면	2026	계획관리지역	기타제한	상수	마을	0.93
41461	용인시 처인구 원삼면	2026	계획관리지역	기타제한	상수	상수	1
41461	용인시 처인구 원삼면	2026	계획관리지역	기타제한	상수	고접	1.02
41461	용인시 처인구 원삼면	2026	계획관리지역	기타제한	상수	일접	1.12
41461	용인시 처인구 원삼면	2026	계획관리지역	기타제한	상수	특별	1
41461	용인시 처인구 원삼면	2026	계획관리지역	기타제한	상수	군사	1.05
41461	용인시 처인구 원삼면	2026	계획관리지역	기타제한	상수	도공	0.7
41461	용인시 처인구 원삼면	2026	계획관리지역	기타제한	상수	일시	0.7
41461	용인시 처인구 원삼면	2026	계획관리지역	기타제한	고접	일반	1.14
41461	용인시 처인구 원삼면	2026	계획관리지역	기타제한	고접	보존	0.68
41461	용인시 처인구 원삼면	2026	계획관리지역	기타제한	고접	환경	0.75
41461	용인시 처인구 원삼면	2026	계획관리지역	기타제한	고접	마을	0.91
41461	용인시 처인구 원삼면	2026	계획관리지역	기타제한	고접	상수	0.98
41461	용인시 처인구 원삼면	2026	계획관리지역	기타제한	고접	고접	1
41461	용인시 처인구 원삼면	2026	계획관리지역	기타제한	고접	일접	1.09
41461	용인시 처인구 원삼면	2026	계획관리지역	기타제한	고접	특별	0.98
41461	용인시 처인구 원삼면	2026	계획관리지역	기타제한	고접	군사	1.02
41461	용인시 처인구 원삼면	2026	계획관리지역	기타제한	고접	도공	0.68
41461	용인시 처인구 원삼면	2026	계획관리지역	기타제한	고접	일시	0.68
41461	용인시 처인구 원삼면	2026	계획관리지역	기타제한	일접	일반	1.04
41461	용인시 처인구 원삼면	2026	계획관리지역	기타제한	일접	보존	0.63
41461	용인시 처인구 원삼면	2026	계획관리지역	기타제한	일접	환경	0.69
41461	용인시 처인구 원삼면	2026	계획관리지역	기타제한	일접	마을	0.83
41461	용인시 처인구 원삼면	2026	계획관리지역	기타제한	일접	상수	0.9
41461	용인시 처인구 원삼면	2026	계획관리지역	기타제한	일접	고접	0.92
41461	용인시 처인구 원삼면	2026	계획관리지역	기타제한	일접	일접	1
41461	용인시 처인구 원삼면	2026	계획관리지역	기타제한	일접	특별	0.9
41461	용인시 처인구 원삼면	2026	계획관리지역	기타제한	일접	군사	0.94
41461	용인시 처인구 원삼면	2026	계획관리지역	기타제한	일접	도공	0.63
41461	용인시 처인구 원삼면	2026	계획관리지역	기타제한	일접	일시	0.63
41461	용인시 처인구 원삼면	2026	계획관리지역	기타제한	특별	일반	1.16
41461	용인시 처인구 원삼면	2026	계획관리지역	기타제한	특별	보존	0.7
41461	용인시 처인구 원삼면	2026	계획관리지역	기타제한	특별	환경	0.77
41461	용인시 처인구 원삼면	2026	계획관리지역	기타제한	특별	마을	0.93
41461	용인시 처인구 원삼면	2026	계획관리지역	기타제한	특별	상수	1
41461	용인시 처인구 원삼면	2026	계획관리지역	기타제한	특별	고접	1.02
41461	용인시 처인구 원삼면	2026	계획관리지역	기타제한	특별	일접	1.12
41461	용인시 처인구 원삼면	2026	계획관리지역	기타제한	특별	특별	1
41461	용인시 처인구 원삼면	2026	계획관리지역	기타제한	특별	군사	1.05
41461	용인시 처인구 원삼면	2026	계획관리지역	기타제한	특별	도공	0.7
41461	용인시 처인구 원삼면	2026	계획관리지역	기타제한	특별	일시	0.7
41461	용인시 처인구 원삼면	2026	계획관리지역	기타제한	군사	일반	1.11
41461	용인시 처인구 원삼면	2026	계획관리지역	기타제한	군사	보존	0.67
41461	용인시 처인구 원삼면	2026	계획관리지역	기타제한	군사	환경	0.73
41461	용인시 처인구 원삼면	2026	계획관리지역	기타제한	군사	마을	0.89
41461	용인시 처인구 원삼면	2026	계획관리지역	기타제한	군사	상수	0.96
41461	용인시 처인구 원삼면	2026	계획관리지역	기타제한	군사	고접	0.98
41461	용인시 처인구 원삼면	2026	계획관리지역	기타제한	군사	일접	1.07
41461	용인시 처인구 원삼면	2026	계획관리지역	기타제한	군사	특별	0.96
41461	용인시 처인구 원삼면	2026	계획관리지역	기타제한	군사	군사	1
41461	용인시 처인구 원삼면	2026	계획관리지역	기타제한	군사	도공	0.67
41461	용인시 처인구 원삼면	2026	계획관리지역	기타제한	군사	일시	0.67
41461	용인시 처인구 원삼면	2026	계획관리지역	기타제한	도공	일반	1.67
41461	용인시 처인구 원삼면	2026	계획관리지역	기타제한	도공	보존	1
41461	용인시 처인구 원삼면	2026	계획관리지역	기타제한	도공	환경	1.1
41461	용인시 처인구 원삼면	2026	계획관리지역	기타제한	도공	마을	1.33
41461	용인시 처인구 원삼면	2026	계획관리지역	기타제한	도공	상수	1.43
41461	용인시 처인구 원삼면	2026	계획관리지역	기타제한	도공	고접	1.47
41461	용인시 처인구 원삼면	2026	계획관리지역	기타제한	도공	일접	1.6
41461	용인시 처인구 원삼면	2026	계획관리지역	기타제한	도공	특별	1.43
41461	용인시 처인구 원삼면	2026	계획관리지역	기타제한	도공	군사	1.5
41461	용인시 처인구 원삼면	2026	계획관리지역	기타제한	도공	도공	1
41461	용인시 처인구 원삼면	2026	계획관리지역	기타제한	도공	일시	1
41461	용인시 처인구 원삼면	2026	계획관리지역	기타제한	일시	일반	1.67
41461	용인시 처인구 원삼면	2026	계획관리지역	기타제한	일시	보존	1
41461	용인시 처인구 원삼면	2026	계획관리지역	기타제한	일시	환경	1.1
41461	용인시 처인구 원삼면	2026	계획관리지역	기타제한	일시	마을	1.33
41461	용인시 처인구 원삼면	2026	계획관리지역	기타제한	일시	상수	1.43
41461	용인시 처인구 원삼면	2026	계획관리지역	기타제한	일시	고접	1.47
41461	용인시 처인구 원삼면	2026	계획관리지역	기타제한	일시	일접	1.6
41461	용인시 처인구 원삼면	2026	계획관리지역	기타제한	일시	특별	1.43
41461	용인시 처인구 원삼면	2026	계획관리지역	기타제한	일시	군사	1.5
41461	용인시 처인구 원삼면	2026	계획관리지역	기타제한	일시	도공	1
41461	용인시 처인구 원삼면	2026	계획관리지역	기타제한	일시	일시	1
41461	용인시 처인구 원삼면	2026	계획관리지역	농지구분	진흥	진흥	1
41461	용인시 처인구 원삼면	2026	계획관리지역	농지구분	진흥	보호	1.02
41461	용인시 처인구 원삼면	2026	계획관리지역	농지구분	진흥	해당없음	1.05
41461	용인시 처인구 원삼면	2026	계획관리지역	농지구분	보호	진흥	0.98
41461	용인시 처인구 원삼면	2026	계획관리지역	농지구분	보호	보호	1
41461	용인시 처인구 원삼면	2026	계획관리지역	농지구분	보호	해당없음	1.03
41461	용인시 처인구 원삼면	2026	계획관리지역	농지구분	해당없음	진흥	0.95
41461	용인시 처인구 원삼면	2026	계획관리지역	농지구분	해당없음	보호	0.97
41461	용인시 처인구 원삼면	2026	계획관리지역	농지구분	해당없음	해당없음	1
41461	용인시 처인구 원삼면	2026	계획관리지역	비옥도	비옥	비옥	1
41461	용인시 처인구 원삼면	2026	계획관리지역	비옥도	비옥	저습·사질척박	0.94
41461	용인시 처인구 원삼면	2026	계획관리지역	비옥도	저습·사질척박	비옥	1.06
41461	용인시 처인구 원삼면	2026	계획관리지역	비옥도	저습·사질척박	저습·사질척박	1
41461	용인시 처인구 원삼면	2026	계획관리지역	경지정리	정리	정리	1
41461	용인시 처인구 원삼면	2026	계획관리지역	경지정리	정리	미정리	0.95
41461	용인시 처인구 원삼면	2026	계획관리지역	경지정리	미정리	정리	1.05
41461	용인시 처인구 원삼면	2026	계획관리지역	경지정리	미정리	미정리	1
41461	용인시 처인구 원삼면	2026	계획관리지역	임야	보전산	보전산	1
41461	용인시 처인구 원삼면	2026	계획관리지역	임야	보전산	준보전산	1.18
41461	용인시 처인구 원삼면	2026	계획관리지역	임야	준보전산	보전산	0.85
41461	용인시 처인구 원삼면	2026	계획관리지역	임야	준보전산	준보전산	1
41461	용인시 처인구 원삼면	2026	계획관리지역	토지이용상황	주거용	주거용	1
41461	용인시 처인구 원삼면	2026	계획관리지역	토지이용상황	주거용	상업업무	1.36
41461	용인시 처인구 원삼면	2026	계획관리지역	토지이용상황	주거용	주상복합	1.25
41461	용인시 처인구 원삼면	2026	계획관리지역	토지이용상황	주거용	공업용	1.09
41461	용인시 처인구 원삼면	2026	계획관리지역	토지이용상황	주거용	태양광	0.82
41461	용인시 처인구 원삼면	2026	계획관리지역	토지이용상황	주거용	전	0.5
41461	용인시 처인구 원삼면	2026	계획관리지역	토지이용상황	주거용	전창고	0.62
41461	용인시 처인구 원삼면	2026	계획관리지역	토지이용상황	주거용	전축사	0.6
41461	용인시 처인구 원삼면	2026	계획관리지역	토지이용상황	주거용	답	0.49
41461	용인시 처인구 원삼면	2026	계획관리지역	토지이용상황	주거용	답창고	0.58
41461	용인시 처인구 원삼면	2026	계획관리지역	토지이용상황	주거용	답축사	0.57
41461	용인시 처인구 원삼면	2026	계획관리지역	토지이용상황	주거용	임야	0.37
41461	용인시 처인구 원삼면	2026	계획관리지역	토지이용상황	상업업무	주거용	0.74
41461	용인시 처인구 원삼면	2026	계획관리지역	토지이용상황	상업업무	상업업무	1
41461	용인시 처인구 원삼면	2026	계획관리지역	토지이용상황	상업업무	주상복합	0.92
41461	용인시 처인구 원삼면	2026	계획관리지역	토지이용상황	상업업무	공업용	0.8
41461	용인시 처인구 원삼면	2026	계획관리지역	토지이용상황	상업업무	태양광	0.6
41461	용인시 처인구 원삼면	2026	계획관리지역	토지이용상황	상업업무	전	0.37
41461	용인시 처인구 원삼면	2026	계획관리지역	토지이용상황	상업업무	전창고	0.46
41461	용인시 처인구 원삼면	2026	계획관리지역	토지이용상황	상업업무	전축사	0.44
41461	용인시 처인구 원삼면	2026	계획관리지역	토지이용상황	상업업무	답	0.36
41461	용인시 처인구 원삼면	2026	계획관리지역	토지이용상황	상업업무	답창고	0.43
41461	용인시 처인구 원삼면	2026	계획관리지역	토지이용상황	상업업무	답축사	0.42
41461	용인시 처인구 원삼면	2026	계획관리지역	토지이용상황	상업업무	임야	0.27
41461	용인시 처인구 원삼면	2026	계획관리지역	토지이용상황	주상복합	주거용	0.8
41461	용인시 처인구 원삼면	2026	계획관리지역	토지이용상황	주상복합	상업업무	1.09
41461	용인시 처인구 원삼면	2026	계획관리지역	토지이용상황	주상복합	주상복합	1
41461	용인시 처인구 원삼면	2026	계획관리지역	토지이용상황	주상복합	공업용	0.87
41461	용인시 처인구 원삼면	2026	계획관리지역	토지이용상황	주상복합	태양광	0.66
41461	용인시 처인구 원삼면	2026	계획관리지역	토지이용상황	주상복합	전	0.4
41461	용인시 처인구 원삼면	2026	계획관리지역	토지이용상황	주상복합	전창고	0.5
41461	용인시 처인구 원삼면	2026	계획관리지역	토지이용상황	주상복합	전축사	0.48
41461	용인시 처인구 원삼면	2026	계획관리지역	토지이용상황	주상복합	답	0.39
41461	용인시 처인구 원삼면	2026	계획관리지역	토지이용상황	주상복합	답창고	0.46
41461	용인시 처인구 원삼면	2026	계획관리지역	토지이용상황	주상복합	답축사	0.46
41461	용인시 처인구 원삼면	2026	계획관리지역	토지이용상황	주상복합	임야	0.3
41461	용인시 처인구 원삼면	2026	계획관리지역	토지이용상황	공업용	주거용	0.92
41461	용인시 처인구 원삼면	2026	계획관리지역	토지이용상황	공업용	상업업무	1.25
41461	용인시 처인구 원삼면	2026	계획관리지역	토지이용상황	공업용	주상복합	1.15
41461	용인시 처인구 원삼면	2026	계획관리지역	토지이용상황	공업용	공업용	1
41461	용인시 처인구 원삼면	2026	계획관리지역	토지이용상황	공업용	태양광	0.75
41461	용인시 처인구 원삼면	2026	계획관리지역	토지이용상황	공업용	전	0.46
41461	용인시 처인구 원삼면	2026	계획관리지역	토지이용상황	공업용	전창고	0.57
41461	용인시 처인구 원삼면	2026	계획관리지역	토지이용상황	공업용	전축사	0.55
41461	용인시 처인구 원삼면	2026	계획관리지역	토지이용상황	공업용	답	0.45
41461	용인시 처인구 원삼면	2026	계획관리지역	토지이용상황	공업용	답창고	0.53
41461	용인시 처인구 원삼면	2026	계획관리지역	토지이용상황	공업용	답축사	0.52
41461	용인시 처인구 원삼면	2026	계획관리지역	토지이용상황	공업용	임야	0.34
41461	용인시 처인구 원삼면	2026	계획관리지역	토지이용상황	태양광	주거용	1.22
41461	용인시 처인구 원삼면	2026	계획관리지역	토지이용상황	태양광	상업업무	1.66
41461	용인시 처인구 원삼면	2026	계획관리지역	토지이용상황	태양광	주상복합	1.52
41461	용인시 처인구 원삼면	2026	계획관리지역	토지이용상황	태양광	공업용	1.33
41461	용인시 처인구 원삼면	2026	계획관리지역	토지이용상황	태양광	태양광	1
41461	용인시 처인구 원삼면	2026	계획관리지역	토지이용상황	태양광	전	0.61
41461	용인시 처인구 원삼면	2026	계획관리지역	토지이용상황	태양광	전창고	0.76
41461	용인시 처인구 원삼면	2026	계획관리지역	토지이용상황	태양광	전축사	0.73
41461	용인시 처인구 원삼면	2026	계획관리지역	토지이용상황	태양광	답	0.6
41461	용인시 처인구 원삼면	2026	계획관리지역	토지이용상황	태양광	답창고	0.71
41461	용인시 처인구 원삼면	2026	계획관리지역	토지이용상황	태양광	답축사	0.7
41461	용인시 처인구 원삼면	2026	계획관리지역	토지이용상황	태양광	임야	0.45
41461	용인시 처인구 원삼면	2026	계획관리지역	토지이용상황	전	주거용	2
41461	용인시 처인구 원삼면	2026	계획관리지역	토지이용상황	전	상업업무	2.72
41461	용인시 처인구 원삼면	2026	계획관리지역	토지이용상황	전	주상복합	2.5
41461	용인시 처인구 원삼면	2026	계획관리지역	토지이용상황	전	공업용	2.18
41461	용인시 처인구 원삼면	2026	계획관리지역	토지이용상황	전	태양광	1.64
41461	용인시 처인구 원삼면	2026	계획관리지역	토지이용상황	전	전	1
41461	용인시 처인구 원삼면	2026	계획관리지역	토지이용상황	전	전창고	1.24
41461	용인시 처인구 원삼면	2026	계획관리지역	토지이용상황	전	전축사	1.2
41461	용인시 처인구 원삼면	2026	계획관리지역	토지이용상황	전	답	0.98
41461	용인시 처인구 원삼면	2026	계획관리지역	토지이용상황	전	답창고	1.16
41461	용인시 처인구 원삼면	2026	계획관리지역	토지이용상황	전	답축사	1.14
41461	용인시 처인구 원삼면	2026	계획관리지역	토지이용상황	전	임야	0.74
41461	용인시 처인구 원삼면	2026	계획관리지역	토지이용상황	전창고	주거용	1.61
41461	용인시 처인구 원삼면	2026	계획관리지역	토지이용상황	전창고	상업업무	2.19
41461	용인시 처인구 원삼면	2026	계획관리지역	토지이용상황	전창고	주상복합	2.02
41461	용인시 처인구 원삼면	2026	계획관리지역	토지이용상황	전창고	공업용	1.76
41461	용인시 처인구 원삼면	2026	계획관리지역	토지이용상황	전창고	태양광	1.32
41461	용인시 처인구 원삼면	2026	계획관리지역	토지이용상황	전창고	전	0.81
41461	용인시 처인구 원삼면	2026	계획관리지역	토지이용상황	전창고	전창고	1
41461	용인시 처인구 원삼면	2026	계획관리지역	토지이용상황	전창고	전축사	0.97
41461	용인시 처인구 원삼면	2026	계획관리지역	토지이용상황	전창고	답	0.79
41461	용인시 처인구 원삼면	2026	계획관리지역	토지이용상황	전창고	답창고	0.94
41461	용인시 처인구 원삼면	2026	계획관리지역	토지이용상황	전창고	답축사	0.92
41461	용인시 처인구 원삼면	2026	계획관리지역	토지이용상황	전창고	임야	0.6
41461	용인시 처인구 원삼면	2026	계획관리지역	토지이용상황	전축사	주거용	1.67
41461	용인시 처인구 원삼면	2026	계획관리지역	토지이용상황	전축사	상업업무	2.27
41461	용인시 처인구 원삼면	2026	계획관리지역	토지이용상황	전축사	주상복합	2.08
41461	용인시 처인구 원삼면	2026	계획관리지역	토지이용상황	전축사	공업용	1.82
41461	용인시 처인구 원삼면	2026	계획관리지역	토지이용상황	전축사	태양광	1.37
41461	용인시 처인구 원삼면	2026	계획관리지역	토지이용상황	전축사	전	0.83
41461	용인시 처인구 원삼면	2026	계획관리지역	토지이용상황	전축사	전창고	1.03
41461	용인시 처인구 원삼면	2026	계획관리지역	토지이용상황	전축사	전축사	1
41461	용인시 처인구 원삼면	2026	계획관리지역	토지이용상황	전축사	답	0.82
41461	용인시 처인구 원삼면	2026	계획관리지역	토지이용상황	전축사	답창고	0.97
41461	용인시 처인구 원삼면	2026	계획관리지역	토지이용상황	전축사	답축사	0.95
41461	용인시 처인구 원삼면	2026	계획관리지역	토지이용상황	전축사	임야	0.62
41461	용인시 처인구 원삼면	2026	계획관리지역	토지이용상황	답	주거용	2.04
41461	용인시 처인구 원삼면	2026	계획관리지역	토지이용상황	답	상업업무	2.78
41461	용인시 처인구 원삼면	2026	계획관리지역	토지이용상황	답	주상복합	2.55
41461	용인시 처인구 원삼면	2026	계획관리지역	토지이용상황	답	공업용	2.22
41461	용인시 처인구 원삼면	2026	계획관리지역	토지이용상황	답	태양광	1.67
41461	용인시 처인구 원삼면	2026	계획관리지역	토지이용상황	답	전	1.02
41461	용인시 처인구 원삼면	2026	계획관리지역	토지이용상황	답	전창고	1.27
41461	용인시 처인구 원삼면	2026	계획관리지역	토지이용상황	답	전축사	1.22
41461	용인시 처인구 원삼면	2026	계획관리지역	토지이용상황	답	답	1
41461	용인시 처인구 원삼면	2026	계획관리지역	토지이용상황	답	답창고	1.18
41461	용인시 처인구 원삼면	2026	계획관리지역	토지이용상황	답	답축사	1.16
41461	용인시 처인구 원삼면	2026	계획관리지역	토지이용상황	답	임야	0.76
41461	용인시 처인구 원삼면	2026	계획관리지역	토지이용상황	답창고	주거용	1.72
41461	용인시 처인구 원삼면	2026	계획관리지역	토지이용상황	답창고	상업업무	2.34
41461	용인시 처인구 원삼면	2026	계획관리지역	토지이용상황	답창고	주상복합	2.16
41461	용인시 처인구 원삼면	2026	계획관리지역	토지이용상황	답창고	공업용	1.88
41461	용인시 처인구 원삼면	2026	계획관리지역	토지이용상황	답창고	태양광	1.41
41461	용인시 처인구 원삼면	2026	계획관리지역	토지이용상황	답창고	전	0.86
41461	용인시 처인구 원삼면	2026	계획관리지역	토지이용상황	답창고	전창고	1.07
41461	용인시 처인구 원삼면	2026	계획관리지역	토지이용상황	답창고	전축사	1.03
41461	용인시 처인구 원삼면	2026	계획관리지역	토지이용상황	답창고	답	0.84
41461	용인시 처인구 원삼면	2026	계획관리지역	토지이용상황	답창고	답창고	1
41461	용인시 처인구 원삼면	2026	계획관리지역	토지이용상황	답창고	답축사	0.98
41461	용인시 처인구 원삼면	2026	계획관리지역	토지이용상황	답창고	임야	0.64
41461	용인시 처인구 원삼면	2026	계획관리지역	토지이용상황	답축사	주거용	1.75
41461	용인시 처인구 원삼면	2026	계획관리지역	토지이용상황	답축사	상업업무	2.39
41461	용인시 처인구 원삼면	2026	계획관리지역	토지이용상황	답축사	주상복합	2.19
41461	용인시 처인구 원삼면	2026	계획관리지역	토지이용상황	답축사	공업용	1.91
41461	용인시 처인구 원삼면	2026	계획관리지역	토지이용상황	답축사	태양광	1.44
41461	용인시 처인구 원삼면	2026	계획관리지역	토지이용상황	답축사	전	0.88
41461	용인시 처인구 원삼면	2026	계획관리지역	토지이용상황	답축사	전창고	1.09
41461	용인시 처인구 원삼면	2026	계획관리지역	토지이용상황	답축사	전축사	1.05
41461	용인시 처인구 원삼면	2026	계획관리지역	토지이용상황	답축사	답	0.86
41461	용인시 처인구 원삼면	2026	계획관리지역	토지이용상황	답축사	답창고	1.02
41461	용인시 처인구 원삼면	2026	계획관리지역	토지이용상황	답축사	답축사	1
41461	용인시 처인구 원삼면	2026	계획관리지역	토지이용상황	답축사	임야	0.65
41461	용인시 처인구 원삼면	2026	계획관리지역	토지이용상황	임야	주거용	2.7
41461	용인시 처인구 원삼면	2026	계획관리지역	토지이용상황	임야	상업업무	3.68
41461	용인시 처인구 원삼면	2026	계획관리지역	토지이용상황	임야	주상복합	3.38
41461	용인시 처인구 원삼면	2026	계획관리지역	토지이용상황	임야	공업용	2.95
41461	용인시 처인구 원삼면	2026	계획관리지역	토지이용상황	임야	태양광	2.22
41461	용인시 처인구 원삼면	2026	계획관리지역	토지이용상황	임야	전	1.35
41461	용인시 처인구 원삼면	2026	계획관리지역	토지이용상황	임야	전창고	1.68
41461	용인시 처인구 원삼면	2026	계획관리지역	토지이용상황	임야	전축사	1.62
41461	용인시 처인구 원삼면	2026	계획관리지역	토지이용상황	임야	답	1.32
41461	용인시 처인구 원삼면	2026	계획관리지역	토지이용상황	임야	답창고	1.57
41461	용인시 처인구 원삼면	2026	계획관리지역	토지이용상황	임야	답축사	1.54
41461	용인시 처인구 원삼면	2026	계획관리지역	토지이용상황	임야	임야	1
41461	용인시 처인구 원삼면	2026	계획관리지역	공공용지	일반	일반	1
41461	용인시 처인구 원삼면	2026	계획관리지역	공공용지	일반	도로	0.33
41461	용인시 처인구 원삼면	2026	계획관리지역	공공용지	일반	공원	0.33
41461	용인시 처인구 원삼면	2026	계획관리지역	공공용지	일반	운동장	0.7
41461	용인시 처인구 원삼면	2026	계획관리지역	공공용지	일반	하천	0.33
41461	용인시 처인구 원삼면	2026	계획관리지역	공공용지	일반	혐오	0.33
41461	용인시 처인구 원삼면	2026	계획관리지역	공공용지	일반	위험	0.7
41461	용인시 처인구 원삼면	2026	계획관리지역	공공용지	일반	도축장	0.7
41461	용인시 처인구 원삼면	2026	계획관리지역	공공용지	도로	일반	3.03
41461	용인시 처인구 원삼면	2026	계획관리지역	공공용지	도로	도로	1
41461	용인시 처인구 원삼면	2026	계획관리지역	공공용지	도로	공원	1
41461	용인시 처인구 원삼면	2026	계획관리지역	공공용지	도로	운동장	2.12
41461	용인시 처인구 원삼면	2026	계획관리지역	공공용지	도로	하천	1
41461	용인시 처인구 원삼면	2026	계획관리지역	공공용지	도로	혐오	1
41461	용인시 처인구 원삼면	2026	계획관리지역	공공용지	도로	위험	2.12
41461	용인시 처인구 원삼면	2026	계획관리지역	공공용지	도로	도축장	2.12
41461	용인시 처인구 원삼면	2026	계획관리지역	공공용지	공원	일반	3.03
41461	용인시 처인구 원삼면	2026	계획관리지역	공공용지	공원	도로	1
41461	용인시 처인구 원삼면	2026	계획관리지역	공공용지	공원	공원	1
41461	용인시 처인구 원삼면	2026	계획관리지역	공공용지	공원	운동장	2.12
41461	용인시 처인구 원삼면	2026	계획관리지역	공공용지	공원	하천	1
41461	용인시 처인구 원삼면	2026	계획관리지역	공공용지	공원	혐오	1
41461	용인시 처인구 원삼면	2026	계획관리지역	공공용지	공원	위험	2.12
41461	용인시 처인구 원삼면	2026	계획관리지역	공공용지	공원	도축장	2.12
41461	용인시 처인구 원삼면	2026	계획관리지역	공공용지	운동장	일반	1.43
41461	용인시 처인구 원삼면	2026	계획관리지역	공공용지	운동장	도로	0.47
41461	용인시 처인구 원삼면	2026	계획관리지역	공공용지	운동장	공원	0.47
41461	용인시 처인구 원삼면	2026	계획관리지역	공공용지	운동장	운동장	1
41461	용인시 처인구 원삼면	2026	계획관리지역	공공용지	운동장	하천	0.47
41461	용인시 처인구 원삼면	2026	계획관리지역	공공용지	운동장	혐오	0.47
41461	용인시 처인구 원삼면	2026	계획관리지역	공공용지	운동장	위험	1
41461	용인시 처인구 원삼면	2026	계획관리지역	공공용지	운동장	도축장	1
41461	용인시 처인구 원삼면	2026	계획관리지역	공공용지	하천	일반	3.03
41461	용인시 처인구 원삼면	2026	계획관리지역	공공용지	하천	도로	1
41461	용인시 처인구 원삼면	2026	계획관리지역	공공용지	하천	공원	1
41461	용인시 처인구 원삼면	2026	계획관리지역	공공용지	하천	운동장	2.12
41461	용인시 처인구 원삼면	2026	계획관리지역	공공용지	하천	하천	1
41461	용인시 처인구 원삼면	2026	계획관리지역	공공용지	하천	혐오	1
41461	용인시 처인구 원삼면	2026	계획관리지역	공공용지	하천	위험	2.12
41461	용인시 처인구 원삼면	2026	계획관리지역	공공용지	하천	도축장	2.12
41461	용인시 처인구 원삼면	2026	계획관리지역	공공용지	혐오	일반	3.03
41461	용인시 처인구 원삼면	2026	계획관리지역	공공용지	혐오	도로	1
41461	용인시 처인구 원삼면	2026	계획관리지역	공공용지	혐오	공원	1
41461	용인시 처인구 원삼면	2026	계획관리지역	공공용지	혐오	운동장	2.12
41461	용인시 처인구 원삼면	2026	계획관리지역	공공용지	혐오	하천	1
41461	용인시 처인구 원삼면	2026	계획관리지역	공공용지	혐오	혐오	1
41461	용인시 처인구 원삼면	2026	계획관리지역	공공용지	혐오	위험	2.12
41461	용인시 처인구 원삼면	2026	계획관리지역	공공용지	혐오	도축장	2.12
41461	용인시 처인구 원삼면	2026	계획관리지역	공공용지	위험	일반	1.43
41461	용인시 처인구 원삼면	2026	계획관리지역	공공용지	위험	도로	0.47
41461	용인시 처인구 원삼면	2026	계획관리지역	공공용지	위험	공원	0.47
41461	용인시 처인구 원삼면	2026	계획관리지역	공공용지	위험	운동장	1
41461	용인시 처인구 원삼면	2026	계획관리지역	공공용지	위험	하천	0.47
41461	용인시 처인구 원삼면	2026	계획관리지역	공공용지	위험	혐오	0.47
41461	용인시 처인구 원삼면	2026	계획관리지역	공공용지	위험	위험	1
41461	용인시 처인구 원삼면	2026	계획관리지역	공공용지	위험	도축장	1
41461	용인시 처인구 원삼면	2026	계획관리지역	공공용지	도축장	일반	1.43
41461	용인시 처인구 원삼면	2026	계획관리지역	공공용지	도축장	도로	0.47
41461	용인시 처인구 원삼면	2026	계획관리지역	공공용지	도축장	공원	0.47
41461	용인시 처인구 원삼면	2026	계획관리지역	공공용지	도축장	운동장	1
41461	용인시 처인구 원삼면	2026	계획관리지역	공공용지	도축장	하천	0.47
41461	용인시 처인구 원삼면	2026	계획관리지역	공공용지	도축장	혐오	0.47
41461	용인시 처인구 원삼면	2026	계획관리지역	공공용지	도축장	위험	1
41461	용인시 처인구 원삼면	2026	계획관리지역	공공용지	도축장	도축장	1
41461	용인시 처인구 원삼면	2026	계획관리지역	고저	저지	저지	1
41461	용인시 처인구 원삼면	2026	계획관리지역	고저	저지	평지	1.14
41461	용인시 처인구 원삼면	2026	계획관리지역	고저	저지	완경사	1.06
41461	용인시 처인구 원삼면	2026	계획관리지역	고저	저지	급경사	0.76
41461	용인시 처인구 원삼면	2026	계획관리지역	고저	저지	고지	0.75
41461	용인시 처인구 원삼면	2026	계획관리지역	고저	평지	저지	0.88
41461	용인시 처인구 원삼면	2026	계획관리지역	고저	평지	평지	1
41461	용인시 처인구 원삼면	2026	계획관리지역	고저	평지	완경사	0.93
41461	용인시 처인구 원삼면	2026	계획관리지역	고저	평지	급경사	0.67
41461	용인시 처인구 원삼면	2026	계획관리지역	고저	평지	고지	0.66
41461	용인시 처인구 원삼면	2026	계획관리지역	고저	완경사	저지	0.94
41461	용인시 처인구 원삼면	2026	계획관리지역	고저	완경사	평지	1.08
41461	용인시 처인구 원삼면	2026	계획관리지역	고저	완경사	완경사	1
41461	용인시 처인구 원삼면	2026	계획관리지역	고저	완경사	급경사	0.72
41461	용인시 처인구 원삼면	2026	계획관리지역	고저	완경사	고지	0.71
41461	용인시 처인구 원삼면	2026	계획관리지역	고저	급경사	저지	1.32
41461	용인시 처인구 원삼면	2026	계획관리지역	고저	급경사	평지	1.5
41461	용인시 처인구 원삼면	2026	계획관리지역	고저	급경사	완경사	1.39
41461	용인시 처인구 원삼면	2026	계획관리지역	고저	급경사	급경사	1
41461	용인시 처인구 원삼면	2026	계획관리지역	고저	급경사	고지	0.99
41461	용인시 처인구 원삼면	2026	계획관리지역	고저	고지	저지	1.33
41461	용인시 처인구 원삼면	2026	계획관리지역	고저	고지	평지	1.52
41461	용인시 처인구 원삼면	2026	계획관리지역	고저	고지	완경사	1.41
41461	용인시 처인구 원삼면	2026	계획관리지역	고저	고지	급경사	1.01
41461	용인시 처인구 원삼면	2026	계획관리지역	고저	고지	고지	1
41461	용인시 처인구 원삼면	2026	계획관리지역	형상(주거.공업)	정형	정형	1
41461	용인시 처인구 원삼면	2026	계획관리지역	형상(주거.공업)	정형	비정형	0.95
41461	용인시 처인구 원삼면	2026	계획관리지역	형상(주거.공업)	비정형	정형	1.05
41461	용인시 처인구 원삼면	2026	계획관리지역	형상(주거.공업)	비정형	비정형	1
41461	용인시 처인구 원삼면	2026	계획관리지역	방위	남향	남향	1
41461	용인시 처인구 원삼면	2026	계획관리지역	방위	남향	동향	0.99
41461	용인시 처인구 원삼면	2026	계획관리지역	방위	남향	서향	0.99
41461	용인시 처인구 원삼면	2026	계획관리지역	방위	남향	북향	0.99
41461	용인시 처인구 원삼면	2026	계획관리지역	방위	동향	남향	1.01
41461	용인시 처인구 원삼면	2026	계획관리지역	방위	동향	동향	1
41461	용인시 처인구 원삼면	2026	계획관리지역	방위	동향	서향	1
41461	용인시 처인구 원삼면	2026	계획관리지역	방위	동향	북향	1
41461	용인시 처인구 원삼면	2026	계획관리지역	방위	서향	남향	1.01
41461	용인시 처인구 원삼면	2026	계획관리지역	방위	서향	동향	1
41461	용인시 처인구 원삼면	2026	계획관리지역	방위	서향	서향	1
41461	용인시 처인구 원삼면	2026	계획관리지역	방위	서향	북향	1
41461	용인시 처인구 원삼면	2026	계획관리지역	방위	북향	남향	1.01
41461	용인시 처인구 원삼면	2026	계획관리지역	방위	북향	동향	1
41461	용인시 처인구 원삼면	2026	계획관리지역	방위	북향	서향	1
41461	용인시 처인구 원삼면	2026	계획관리지역	방위	북향	북향	1
41461	용인시 처인구 원삼면	2026	계획관리지역	도로접면	광대한면	광대한면	1
41461	용인시 처인구 원삼면	2026	계획관리지역	도로접면	광대한면	광대소각	1.08
41461	용인시 처인구 원삼면	2026	계획관리지역	도로접면	광대한면	광대세각	1.05
41461	용인시 처인구 원삼면	2026	계획관리지역	도로접면	광대한면	중로한면	0.96
41461	용인시 처인구 원삼면	2026	계획관리지역	도로접면	광대한면	중로각지	0.99
41461	용인시 처인구 원삼면	2026	계획관리지역	도로접면	광대한면	소로한면	0.88
41461	용인시 처인구 원삼면	2026	계획관리지역	도로접면	광대한면	소로각지	0.95
41461	용인시 처인구 원삼면	2026	계획관리지역	도로접면	광대한면	세로(가)	0.8
41461	용인시 처인구 원삼면	2026	계획관리지역	도로접면	광대한면	세각(가)	0.87
41461	용인시 처인구 원삼면	2026	계획관리지역	도로접면	광대한면	세로(불)	0.72
41461	용인시 처인구 원삼면	2026	계획관리지역	도로접면	광대한면	세각(불)	0.73
41461	용인시 처인구 원삼면	2026	계획관리지역	도로접면	광대한면	맹지	0.7
41461	용인시 처인구 원삼면	2026	계획관리지역	도로접면	광대소각	광대한면	0.93
41461	용인시 처인구 원삼면	2026	계획관리지역	도로접면	광대소각	광대소각	1
41461	용인시 처인구 원삼면	2026	계획관리지역	도로접면	광대소각	광대세각	0.97
41461	용인시 처인구 원삼면	2026	계획관리지역	도로접면	광대소각	중로한면	0.89
41461	용인시 처인구 원삼면	2026	계획관리지역	도로접면	광대소각	중로각지	0.92
41461	용인시 처인구 원삼면	2026	계획관리지역	도로접면	광대소각	소로한면	0.81
41461	용인시 처인구 원삼면	2026	계획관리지역	도로접면	광대소각	소로각지	0.88
41461	용인시 처인구 원삼면	2026	계획관리지역	도로접면	광대소각	세로(가)	0.74
41461	용인시 처인구 원삼면	2026	계획관리지역	도로접면	광대소각	세각(가)	0.81
41461	용인시 처인구 원삼면	2026	계획관리지역	도로접면	광대소각	세로(불)	0.67
41461	용인시 처인구 원삼면	2026	계획관리지역	도로접면	광대소각	세각(불)	0.68
41461	용인시 처인구 원삼면	2026	계획관리지역	도로접면	광대소각	맹지	0.65
41461	용인시 처인구 원삼면	2026	계획관리지역	도로접면	광대세각	광대한면	0.95
41461	용인시 처인구 원삼면	2026	계획관리지역	도로접면	광대세각	광대소각	1.03
41461	용인시 처인구 원삼면	2026	계획관리지역	도로접면	광대세각	광대세각	1
41461	용인시 처인구 원삼면	2026	계획관리지역	도로접면	광대세각	중로한면	0.91
41461	용인시 처인구 원삼면	2026	계획관리지역	도로접면	광대세각	중로각지	0.94
41461	용인시 처인구 원삼면	2026	계획관리지역	도로접면	광대세각	소로한면	0.84
41461	용인시 처인구 원삼면	2026	계획관리지역	도로접면	광대세각	소로각지	0.9
41461	용인시 처인구 원삼면	2026	계획관리지역	도로접면	광대세각	세로(가)	0.76
41461	용인시 처인구 원삼면	2026	계획관리지역	도로접면	광대세각	세각(가)	0.83
41461	용인시 처인구 원삼면	2026	계획관리지역	도로접면	광대세각	세로(불)	0.69
41461	용인시 처인구 원삼면	2026	계획관리지역	도로접면	광대세각	세각(불)	0.7
41461	용인시 처인구 원삼면	2026	계획관리지역	도로접면	광대세각	맹지	0.67
41461	용인시 처인구 원삼면	2026	계획관리지역	도로접면	중로한면	광대한면	1.04
41461	용인시 처인구 원삼면	2026	계획관리지역	도로접면	중로한면	광대소각	1.13
41461	용인시 처인구 원삼면	2026	계획관리지역	도로접면	중로한면	광대세각	1.09
41461	용인시 처인구 원삼면	2026	계획관리지역	도로접면	중로한면	중로한면	1
41461	용인시 처인구 원삼면	2026	계획관리지역	도로접면	중로한면	중로각지	1.03
41461	용인시 처인구 원삼면	2026	계획관리지역	도로접면	중로한면	소로한면	0.92
41461	용인시 처인구 원삼면	2026	계획관리지역	도로접면	중로한면	소로각지	0.99
41461	용인시 처인구 원삼면	2026	계획관리지역	도로접면	중로한면	세로(가)	0.83
41461	용인시 처인구 원삼면	2026	계획관리지역	도로접면	중로한면	세각(가)	0.91
41461	용인시 처인구 원삼면	2026	계획관리지역	도로접면	중로한면	세로(불)	0.75
41461	용인시 처인구 원삼면	2026	계획관리지역	도로접면	중로한면	세각(불)	0.76
41461	용인시 처인구 원삼면	2026	계획관리지역	도로접면	중로한면	맹지	0.73
41461	용인시 처인구 원삼면	2026	계획관리지역	도로접면	중로각지	광대한면	1.01
41461	용인시 처인구 원삼면	2026	계획관리지역	도로접면	중로각지	광대소각	1.09
41461	용인시 처인구 원삼면	2026	계획관리지역	도로접면	중로각지	광대세각	1.06
41461	용인시 처인구 원삼면	2026	계획관리지역	도로접면	중로각지	중로한면	0.97
41461	용인시 처인구 원삼면	2026	계획관리지역	도로접면	중로각지	중로각지	1
41461	용인시 처인구 원삼면	2026	계획관리지역	도로접면	중로각지	소로한면	0.89
41461	용인시 처인구 원삼면	2026	계획관리지역	도로접면	중로각지	소로각지	0.96
41461	용인시 처인구 원삼면	2026	계획관리지역	도로접면	중로각지	세로(가)	0.81
41461	용인시 처인구 원삼면	2026	계획관리지역	도로접면	중로각지	세각(가)	0.88
41461	용인시 처인구 원삼면	2026	계획관리지역	도로접면	중로각지	세로(불)	0.73
41461	용인시 처인구 원삼면	2026	계획관리지역	도로접면	중로각지	세각(불)	0.74
41461	용인시 처인구 원삼면	2026	계획관리지역	도로접면	중로각지	맹지	0.71
41461	용인시 처인구 원삼면	2026	계획관리지역	도로접면	소로한면	광대한면	1.14
41461	용인시 처인구 원삼면	2026	계획관리지역	도로접면	소로한면	광대소각	1.23
41461	용인시 처인구 원삼면	2026	계획관리지역	도로접면	소로한면	광대세각	1.19
41461	용인시 처인구 원삼면	2026	계획관리지역	도로접면	소로한면	중로한면	1.09
41461	용인시 처인구 원삼면	2026	계획관리지역	도로접면	소로한면	중로각지	1.13
41461	용인시 처인구 원삼면	2026	계획관리지역	도로접면	소로한면	소로한면	1
41461	용인시 처인구 원삼면	2026	계획관리지역	도로접면	소로한면	소로각지	1.08
41461	용인시 처인구 원삼면	2026	계획관리지역	도로접면	소로한면	세로(가)	0.91
41461	용인시 처인구 원삼면	2026	계획관리지역	도로접면	소로한면	세각(가)	0.99
41461	용인시 처인구 원삼면	2026	계획관리지역	도로접면	소로한면	세로(불)	0.82
41461	용인시 처인구 원삼면	2026	계획관리지역	도로접면	소로한면	세각(불)	0.83
41461	용인시 처인구 원삼면	2026	계획관리지역	도로접면	소로한면	맹지	0.8
41461	용인시 처인구 원삼면	2026	계획관리지역	도로접면	소로각지	광대한면	1.05
41461	용인시 처인구 원삼면	2026	계획관리지역	도로접면	소로각지	광대소각	1.14
41461	용인시 처인구 원삼면	2026	계획관리지역	도로접면	소로각지	광대세각	1.11
41461	용인시 처인구 원삼면	2026	계획관리지역	도로접면	소로각지	중로한면	1.01
41461	용인시 처인구 원삼면	2026	계획관리지역	도로접면	소로각지	중로각지	1.04
41461	용인시 처인구 원삼면	2026	계획관리지역	도로접면	소로각지	소로한면	0.93
41461	용인시 처인구 원삼면	2026	계획관리지역	도로접면	소로각지	소로각지	1
41461	용인시 처인구 원삼면	2026	계획관리지역	도로접면	소로각지	세로(가)	0.84
41461	용인시 처인구 원삼면	2026	계획관리지역	도로접면	소로각지	세각(가)	0.92
41461	용인시 처인구 원삼면	2026	계획관리지역	도로접면	소로각지	세로(불)	0.76
41461	용인시 처인구 원삼면	2026	계획관리지역	도로접면	소로각지	세각(불)	0.77
41461	용인시 처인구 원삼면	2026	계획관리지역	도로접면	소로각지	맹지	0.74
41461	용인시 처인구 원삼면	2026	계획관리지역	도로접면	세로(가)	광대한면	1.25
41461	용인시 처인구 원삼면	2026	계획관리지역	도로접면	세로(가)	광대소각	1.35
41461	용인시 처인구 원삼면	2026	계획관리지역	도로접면	세로(가)	광대세각	1.31
41461	용인시 처인구 원삼면	2026	계획관리지역	도로접면	세로(가)	중로한면	1.2
41461	용인시 처인구 원삼면	2026	계획관리지역	도로접면	세로(가)	중로각지	1.24
41461	용인시 처인구 원삼면	2026	계획관리지역	도로접면	세로(가)	소로한면	1.1
41461	용인시 처인구 원삼면	2026	계획관리지역	도로접면	세로(가)	소로각지	1.19
41461	용인시 처인구 원삼면	2026	계획관리지역	도로접면	세로(가)	세로(가)	1
41461	용인시 처인구 원삼면	2026	계획관리지역	도로접면	세로(가)	세각(가)	1.09
41461	용인시 처인구 원삼면	2026	계획관리지역	도로접면	세로(가)	세로(불)	0.9
41461	용인시 처인구 원삼면	2026	계획관리지역	도로접면	세로(가)	세각(불)	0.91
41461	용인시 처인구 원삼면	2026	계획관리지역	도로접면	세로(가)	맹지	0.88
41461	용인시 처인구 원삼면	2026	계획관리지역	도로접면	세각(가)	광대한면	1.15
41461	용인시 처인구 원삼면	2026	계획관리지역	도로접면	세각(가)	광대소각	1.24
41461	용인시 처인구 원삼면	2026	계획관리지역	도로접면	세각(가)	광대세각	1.21
41461	용인시 처인구 원삼면	2026	계획관리지역	도로접면	세각(가)	중로한면	1.1
41461	용인시 처인구 원삼면	2026	계획관리지역	도로접면	세각(가)	중로각지	1.14
41461	용인시 처인구 원삼면	2026	계획관리지역	도로접면	세각(가)	소로한면	1.01
41461	용인시 처인구 원삼면	2026	계획관리지역	도로접면	세각(가)	소로각지	1.09
41461	용인시 처인구 원삼면	2026	계획관리지역	도로접면	세각(가)	세로(가)	0.92
41461	용인시 처인구 원삼면	2026	계획관리지역	도로접면	세각(가)	세각(가)	1
41461	용인시 처인구 원삼면	2026	계획관리지역	도로접면	세각(가)	세로(불)	0.83
41461	용인시 처인구 원삼면	2026	계획관리지역	도로접면	세각(가)	세각(불)	0.84
41461	용인시 처인구 원삼면	2026	계획관리지역	도로접면	세각(가)	맹지	0.8
41461	용인시 처인구 원삼면	2026	계획관리지역	도로접면	세로(불)	광대한면	1.39
41461	용인시 처인구 원삼면	2026	계획관리지역	도로접면	세로(불)	광대소각	1.5
41461	용인시 처인구 원삼면	2026	계획관리지역	도로접면	세로(불)	광대세각	1.46
41461	용인시 처인구 원삼면	2026	계획관리지역	도로접면	세로(불)	중로한면	1.33
41461	용인시 처인구 원삼면	2026	계획관리지역	도로접면	세로(불)	중로각지	1.38
41461	용인시 처인구 원삼면	2026	계획관리지역	도로접면	세로(불)	소로한면	1.22
41461	용인시 처인구 원삼면	2026	계획관리지역	도로접면	세로(불)	소로각지	1.32
41461	용인시 처인구 원삼면	2026	계획관리지역	도로접면	세로(불)	세로(가)	1.11
41461	용인시 처인구 원삼면	2026	계획관리지역	도로접면	세로(불)	세각(가)	1.21
41461	용인시 처인구 원삼면	2026	계획관리지역	도로접면	세로(불)	세로(불)	1
41461	용인시 처인구 원삼면	2026	계획관리지역	도로접면	세로(불)	세각(불)	1.01
41461	용인시 처인구 원삼면	2026	계획관리지역	도로접면	세로(불)	맹지	0.97
41461	용인시 처인구 원삼면	2026	계획관리지역	도로접면	세각(불)	광대한면	1.37
41461	용인시 처인구 원삼면	2026	계획관리지역	도로접면	세각(불)	광대소각	1.48
41461	용인시 처인구 원삼면	2026	계획관리지역	도로접면	세각(불)	광대세각	1.44
41461	용인시 처인구 원삼면	2026	계획관리지역	도로접면	세각(불)	중로한면	1.32
41461	용인시 처인구 원삼면	2026	계획관리지역	도로접면	세각(불)	중로각지	1.36
41461	용인시 처인구 원삼면	2026	계획관리지역	도로접면	세각(불)	소로한면	1.21
41461	용인시 처인구 원삼면	2026	계획관리지역	도로접면	세각(불)	소로각지	1.3
41461	용인시 처인구 원삼면	2026	계획관리지역	도로접면	세각(불)	세로(가)	1.1
41461	용인시 처인구 원삼면	2026	계획관리지역	도로접면	세각(불)	세각(가)	1.19
41461	용인시 처인구 원삼면	2026	계획관리지역	도로접면	세각(불)	세로(불)	0.99
41461	용인시 처인구 원삼면	2026	계획관리지역	도로접면	세각(불)	세각(불)	1
41461	용인시 처인구 원삼면	2026	계획관리지역	도로접면	세각(불)	맹지	0.96
41461	용인시 처인구 원삼면	2026	계획관리지역	도로접면	맹지	광대한면	1.43
41461	용인시 처인구 원삼면	2026	계획관리지역	도로접면	맹지	광대소각	1.54
41461	용인시 처인구 원삼면	2026	계획관리지역	도로접면	맹지	광대세각	1.5
41461	용인시 처인구 원삼면	2026	계획관리지역	도로접면	맹지	중로한면	1.37
41461	용인시 처인구 원삼면	2026	계획관리지역	도로접면	맹지	중로각지	1.41
41461	용인시 처인구 원삼면	2026	계획관리지역	도로접면	맹지	소로한면	1.26
41461	용인시 처인구 원삼면	2026	계획관리지역	도로접면	맹지	소로각지	1.36
41461	용인시 처인구 원삼면	2026	계획관리지역	도로접면	맹지	세로(가)	1.14
41461	용인시 처인구 원삼면	2026	계획관리지역	도로접면	맹지	세각(가)	1.24
41461	용인시 처인구 원삼면	2026	계획관리지역	도로접면	맹지	세로(불)	1.03
41461	용인시 처인구 원삼면	2026	계획관리지역	도로접면	맹지	세각(불)	1.04
41461	용인시 처인구 원삼면	2026	계획관리지역	도로접면	맹지	맹지	1
41461	용인시 처인구 원삼면	2026	계획관리지역	도로거리	50m내	50m내	1
41461	용인시 처인구 원삼면	2026	계획관리지역	도로거리	50m내	100m내	0.99
41461	용인시 처인구 원삼면	2026	계획관리지역	도로거리	50m내	500m내	0.98
41461	용인시 처인구 원삼면	2026	계획관리지역	도로거리	50m내	해당없음	0.95
41461	용인시 처인구 원삼면	2026	계획관리지역	도로거리	100m내	50m내	1.01
41461	용인시 처인구 원삼면	2026	계획관리지역	도로거리	100m내	100m내	1
41461	용인시 처인구 원삼면	2026	계획관리지역	도로거리	100m내	500m내	0.99
41461	용인시 처인구 원삼면	2026	계획관리지역	도로거리	100m내	해당없음	0.96
41461	용인시 처인구 원삼면	2026	계획관리지역	도로거리	500m내	50m내	1.02
41461	용인시 처인구 원삼면	2026	계획관리지역	도로거리	500m내	100m내	1.01
41461	용인시 처인구 원삼면	2026	계획관리지역	도로거리	500m내	500m내	1
41461	용인시 처인구 원삼면	2026	계획관리지역	도로거리	500m내	해당없음	0.97
41461	용인시 처인구 원삼면	2026	계획관리지역	도로거리	해당없음	50m내	1.05
41461	용인시 처인구 원삼면	2026	계획관리지역	도로거리	해당없음	100m내	1.04
41461	용인시 처인구 원삼면	2026	계획관리지역	도로거리	해당없음	500m내	1.03
41461	용인시 처인구 원삼면	2026	계획관리지역	도로거리	해당없음	해당없음	1
41461	용인시 처인구 원삼면	2026	계획관리지역	철도.고속도로 등	50m내	50m내	1
41461	용인시 처인구 원삼면	2026	계획관리지역	철도.고속도로 등	50m내	100m내	1.01
41461	용인시 처인구 원삼면	2026	계획관리지역	철도.고속도로 등	50m내	500m내	1.02
41461	용인시 처인구 원삼면	2026	계획관리지역	철도.고속도로 등	50m내	해당없음	1.03
41461	용인시 처인구 원삼면	2026	계획관리지역	철도.고속도로 등	100m내	50m내	0.99
41461	용인시 처인구 원삼면	2026	계획관리지역	철도.고속도로 등	100m내	100m내	1
41461	용인시 처인구 원삼면	2026	계획관리지역	철도.고속도로 등	100m내	500m내	1.01
41461	용인시 처인구 원삼면	2026	계획관리지역	철도.고속도로 등	100m내	해당없음	1.02
41461	용인시 처인구 원삼면	2026	계획관리지역	철도.고속도로 등	500m내	50m내	0.98
41461	용인시 처인구 원삼면	2026	계획관리지역	철도.고속도로 등	500m내	100m내	0.99
41461	용인시 처인구 원삼면	2026	계획관리지역	철도.고속도로 등	500m내	500m내	1
41461	용인시 처인구 원삼면	2026	계획관리지역	철도.고속도로 등	500m내	해당없음	1.01
41461	용인시 처인구 원삼면	2026	계획관리지역	철도.고속도로 등	해당없음	50m내	0.97
41461	용인시 처인구 원삼면	2026	계획관리지역	철도.고속도로 등	해당없음	100m내	0.98
41461	용인시 처인구 원삼면	2026	계획관리지역	철도.고속도로 등	해당없음	500m내	0.99
41461	용인시 처인구 원삼면	2026	계획관리지역	철도.고속도로 등	해당없음	해당없음	1
41461	용인시 처인구 원삼면	2026	계획관리지역	폐기물.수질오염	50m내	50m내	1
41461	용인시 처인구 원삼면	2026	계획관리지역	폐기물.수질오염	50m내	100m내	1.04
41461	용인시 처인구 원삼면	2026	계획관리지역	폐기물.수질오염	50m내	500m내	1.05
41461	용인시 처인구 원삼면	2026	계획관리지역	폐기물.수질오염	50m내	해당없음	1.06
41461	용인시 처인구 원삼면	2026	계획관리지역	폐기물.수질오염	100m내	50m내	0.96
41461	용인시 처인구 원삼면	2026	계획관리지역	폐기물.수질오염	100m내	100m내	1
41461	용인시 처인구 원삼면	2026	계획관리지역	폐기물.수질오염	100m내	500m내	1.01
41461	용인시 처인구 원삼면	2026	계획관리지역	폐기물.수질오염	100m내	해당없음	1.02
41461	용인시 처인구 원삼면	2026	계획관리지역	폐기물.수질오염	500m내	50m내	0.95
41461	용인시 처인구 원삼면	2026	계획관리지역	폐기물.수질오염	500m내	100m내	0.99
41461	용인시 처인구 원삼면	2026	계획관리지역	폐기물.수질오염	500m내	500m내	1
41461	용인시 처인구 원삼면	2026	계획관리지역	폐기물.수질오염	500m내	해당없음	1.01
41461	용인시 처인구 원삼면	2026	계획관리지역	폐기물.수질오염	해당없음	50m내	0.94
41461	용인시 처인구 원삼면	2026	계획관리지역	폐기물.수질오염	해당없음	100m내	0.98
41461	용인시 처인구 원삼면	2026	계획관리지역	폐기물.수질오염	해당없음	500m내	0.99
41461	용인시 처인구 원삼면	2026	계획관리지역	폐기물.수질오염	해당없음	해당없음	1
41461	용인시 처인구 원삼면	2026	계획관리지역	변전소	50m내	50m내	1
41461	용인시 처인구 원삼면	2026	계획관리지역	변전소	50m내	100m내	1.02
41461	용인시 처인구 원삼면	2026	계획관리지역	변전소	50m내	600m내	1.04
41461	용인시 처인구 원삼면	2026	계획관리지역	변전소	50m내	해당없음	1.05
41461	용인시 처인구 원삼면	2026	계획관리지역	변전소	100m내	50m내	0.98
41461	용인시 처인구 원삼면	2026	계획관리지역	변전소	100m내	100m내	1
41461	용인시 처인구 원삼면	2026	계획관리지역	변전소	100m내	600m내	1.02
41461	용인시 처인구 원삼면	2026	계획관리지역	변전소	100m내	해당없음	1.03
41461	용인시 처인구 원삼면	2026	계획관리지역	변전소	600m내	50m내	0.96
41461	용인시 처인구 원삼면	2026	계획관리지역	변전소	600m내	100m내	0.98
41461	용인시 처인구 원삼면	2026	계획관리지역	변전소	600m내	600m내	1
41461	용인시 처인구 원삼면	2026	계획관리지역	변전소	600m내	해당없음	1.01
41461	용인시 처인구 원삼면	2026	계획관리지역	변전소	해당없음	50m내	0.95
41461	용인시 처인구 원삼면	2026	계획관리지역	변전소	해당없음	100m내	0.97
41461	용인시 처인구 원삼면	2026	계획관리지역	변전소	해당없음	600m내	0.99
41461	용인시 처인구 원삼면	2026	계획관리지역	변전소	해당없음	해당없음	1
41461	용인시 처인구 원삼면	2026	계획관리지역	형상(전,답)	정형	정형	1
41461	용인시 처인구 원삼면	2026	계획관리지역	형상(전,답)	정형	비정형	0.95
41461	용인시 처인구 원삼면	2026	계획관리지역	형상(전,답)	비정형	정형	1.05
41461	용인시 처인구 원삼면	2026	계획관리지역	형상(전,답)	비정형	비정형	1
41461	용인시 처인구 원삼면	2026	계획관리지역	경작여건	보통	보통	1
41461	용인시 처인구 원삼면	2026	계획관리지역	경작여건	보통	불리	0.7
41461	용인시 처인구 원삼면	2026	계획관리지역	경작여건	불리	보통	1.43
41461	용인시 처인구 원삼면	2026	계획관리지역	경작여건	불리	불리	1
41461	용인시 처인구 원삼면	2026	계획관리지역	묘지소재불리여건	일반	일반	1
41461	용인시 처인구 원삼면	2026	계획관리지역	묘지소재불리여건	일반	불리	1
41461	용인시 처인구 원삼면	2026	계획관리지역	묘지소재불리여건	불리	일반	1
41461	용인시 처인구 원삼면	2026	계획관리지역	묘지소재불리여건	불리	불리	1
