영업소코드,영업소명,연월,차종,교통량
11,인천,2022-01,1종,4095376
11,인천,2022-01,2종,99569
11,인천,2022-01,3종,59287
11,인천,2022-01,4종,65758
11,인천,2022-01,5종,130784
11,인천,2022-01,6종,291032
12,서영암(개),2022-01,1종,65670
12,서영암(개),2022-01,2종,809
12,서영암(개),2022-01,3종,1063
12,서영암(개),2022-01,4종,1352
12,서영암(개),2022-01,5종,1637
12,서영암(개),2022-01,6종,2374
13,순천만,2022-01,1종,172657
13,순천만,2022-01,2종,4002
13,순천만,2022-01,3종,3991
13,순천만,2022-01,4종,3306
13,순천만,2022-01,5종,8818
13,순천만,2022-01,6종,6382
25,동부산,2022-01,1종,528531
25,동부산,2022-01,2종,2583
25,동부산,2022-01,3종,1810
25,동부산,2022-01,4종,3044
25,동부산,2022-01,5종,2649
25,동부산,2022-01,6종,12922
29,가락(개),2022-01,1종,909582
29,가락(개),2022-01,2종,19008
29,가락(개),2022-01,3종,18984
29,가락(개),2022-01,4종,20025
29,가락(개),2022-01,5종,124769
29,가락(개),2022-01,6종,64368
53,남인천,2022-01,1종,1969790
53,남인천,2022-01,2종,42994
53,남인천,2022-01,3종,37683
53,남인천,2022-01,4종,26558
53,남인천,2022-01,5종,51919
53,남인천,2022-01,6종,128295
56,일로,2022-01,1종,34327
56,일로,2022-01,2종,591
56,일로,2022-01,3종,392
56,일로,2022-01,4종,961
56,일로,2022-01,5종,2270
56,일로,2022-01,6종,1619
61,성남,2022-01,1종,4751129
61,성남,2022-01,2종,137872
61,성남,2022-01,3종,126492
61,성남,2022-01,4종,116887
61,성남,2022-01,5종,97239
61,성남,2022-01,6종,260152
62,구리남양주,2022-01,1종,4976465
62,구리남양주,2022-01,2종,156962
62,구리남양주,2022-01,3종,124515
62,구리남양주,2022-01,4종,137374
62,구리남양주,2022-01,5종,109094
62,구리남양주,2022-01,6종,297739
63,토평,2022-01,1종,676809
63,토평,2022-01,2종,20584
63,토평,2022-01,3종,12944
63,토평,2022-01,4종,16648
63,토평,2022-01,5종,17402
63,토평,2022-01,6종,41950
64,청계,2022-01,1종,4237452
64,청계,2022-01,2종,98844
64,청계,2022-01,3종,103675
64,청계,2022-01,4종,57797
64,청계,2022-01,5종,69673
64,청계,2022-01,6종,246224
65,판교,2022-01,1종,2250285
65,판교,2022-01,2종,24176
65,판교,2022-01,3종,112807
65,판교,2022-01,4종,9079
65,판교,2022-01,5종,8791
65,판교,2022-01,6종,99040
66,하남,2022-01,1종,899401
66,하남,2022-01,2종,21730
66,하남,2022-01,3종,12124
66,하남,2022-01,4종,12776
66,하남,2022-01,5종,11587
66,하남,2022-01,6종,52075
67,시흥,2022-01,1종,3895240
67,시흥,2022-01,2종,101710
67,시흥,2022-01,3종,89261
67,시흥,2022-01,4종,94559
67,시흥,2022-01,5종,87882
67,시흥,2022-01,6종,226015
68,김포,2022-01,1종,4653724
68,김포,2022-01,2종,134893
68,김포,2022-01,3종,91868
68,김포,2022-01,4종,89985
68,김포,2022-01,5종,138138
68,김포,2022-01,6종,309528
69,대왕판교,2022-01,1종,198383
69,대왕판교,2022-01,2종,2083
69,대왕판교,2022-01,3종,444
69,대왕판교,2022-01,4종,46
69,대왕판교,2022-01,5종,16
69,대왕판교,2022-01,6종,7808
74,덕소삼패,2022-01,1종,397032
74,덕소삼패,2022-01,2종,7709
74,덕소삼패,2022-01,3종,5491
74,덕소삼패,2022-01,4종,8724
74,덕소삼패,2022-01,5종,11902
74,덕소삼패,2022-01,6종,27173
91,대동(개),2022-01,1종,94594
91,대동(개),2022-01,2종,4826
91,대동(개),2022-01,3종,3831
91,대동(개),2022-01,4종,20088
91,대동(개),2022-01,5종,12947
91,대동(개),2022-01,6종,5519
92,내서,2022-01,1종,210741
92,내서,2022-01,2종,6328
92,내서,2022-01,3종,8262
92,내서,2022-01,4종,4728
92,내서,2022-01,5종,18057
92,내서,2022-01,6종,14664
101,서울,2022-01,1종,4849210
101,서울,2022-01,2종,137931
101,서울,2022-01,3종,444064
101,서울,2022-01,4종,136881
101,서울,2022-01,5종,66256
101,서울,2022-01,6종,197980
102,동수원,2022-01,1종,2076689
102,동수원,2022-01,2종,27064
102,동수원,2022-01,3종,60389
102,동수원,2022-01,4종,10418
102,동수원,2022-01,5종,10706
102,동수원,2022-01,6종,104732
103,수원신갈,2022-01,1종,2238615
103,수원신갈,2022-01,2종,85309
103,수원신갈,2022-01,3종,138887
103,수원신갈,2022-01,4종,70421
103,수원신갈,2022-01,5종,32652
103,수원신갈,2022-01,6종,105363
104,지곡,2022-01,1종,42084
104,지곡,2022-01,2종,1181
104,지곡,2022-01,3종,1954
104,지곡,2022-01,4종,2589
104,지곡,2022-01,5종,3276
104,지곡,2022-01,6종,1328
105,기흥,2022-01,1종,758160
105,기흥,2022-01,2종,14150
105,기흥,2022-01,3종,23243
105,기흥,2022-01,4종,9520
105,기흥,2022-01,5종,6624
105,기흥,2022-01,6종,38199
106,오산,2022-01,1종,1237160
106,오산,2022-01,2종,78564
106,오산,2022-01,3종,93532
106,오산,2022-01,4종,82639
106,오산,2022-01,5종,39810
106,오산,2022-01,6종,67049
107,안성,2022-01,1종,1038953
107,안성,2022-01,2종,25957
107,안성,2022-01,3종,35227
107,안성,2022-01,4종,17535
107,안성,2022-01,5종,10382
107,안성,2022-01,6종,60404
108,천안,2022-01,1종,1566892
108,천안,2022-01,2종,34815
108,천안,2022-01,3종,72076
108,천안,2022-01,4종,34736
108,천안,2022-01,5종,34643
108,천안,2022-01,6종,71479
109,계룡,2022-01,1종,140715
109,계룡,2022-01,2종,9827
109,계룡,2022-01,3종,9414
109,계룡,2022-01,4종,9688
109,계룡,2022-01,5종,7681
109,계룡,2022-01,6종,7658
110,독립기념관,2022-01,1종,315458
110,독립기념관,2022-01,2종,14997
110,독립기념관,2022-01,3종,20047
110,독립기념관,2022-01,4종,28914
110,독립기념관,2022-01,5종,20972
110,독립기념관,2022-01,6종,13515
111,청주,2022-01,1종,532503
111,청주,2022-01,2종,14139
111,청주,2022-01,3종,37516
111,청주,2022-01,4종,22179
111,청주,2022-01,5종,25314
111,청주,2022-01,6종,22170
112,남청주,2022-01,1종,515873
112,남청주,2022-01,2종,32419
112,남청주,2022-01,3종,27185
112,남청주,2022-01,4종,45349
112,남청주,2022-01,5종,47775
112,남청주,2022-01,6종,20604
113,신탄진,2022-01,1종,710498
113,신탄진,2022-01,2종,28667
113,신탄진,2022-01,3종,25182
113,신탄진,2022-01,4종,51375
113,신탄진,2022-01,5종,64868
113,신탄진,2022-01,6종,34159
114,남대전,2022-01,1종,385391
114,남대전,2022-01,2종,13067
114,남대전,2022-01,3종,19686
114,남대전,2022-01,4종,32970
114,남대전,2022-01,5종,10432
114,남대전,2022-01,6종,18642
115,대전,2022-01,1종,1348382
115,대전,2022-01,2종,29941
115,대전,2022-01,3종,47500
115,대전,2022-01,4종,14887
115,대전,2022-01,5종,11154
115,대전,2022-01,6종,69838
116,옥천,2022-01,1종,433215
116,옥천,2022-01,2종,16669
116,옥천,2022-01,3종,17093
116,옥천,2022-01,4종,30098
116,옥천,2022-01,5종,27744
116,옥천,2022-01,6종,22490
117,금강,2022-01,1종,35464
117,금강,2022-01,2종,838
117,금강,2022-01,3종,1400
117,금강,2022-01,4종,2216
117,금강,2022-01,5종,844
117,금강,2022-01,6종,1864
118,영동,2022-01,1종,89685
118,영동,2022-01,2종,2555
118,영동,2022-01,3종,4066
118,영동,2022-01,4종,3949
118,영동,2022-01,5종,10141
118,영동,2022-01,6종,3977
119,판암,2022-01,1종,562523
119,판암,2022-01,2종,11030
119,판암,2022-01,3종,8454
119,판암,2022-01,4종,5038
119,판암,2022-01,5종,5405
119,판암,2022-01,6종,30883
120,황간,2022-01,1종,85165
120,황간,2022-01,2종,1667
120,황간,2022-01,3종,2356
120,황간,2022-01,4종,4129
120,황간,2022-01,5종,7431
120,황간,2022-01,6종,3149
121,추풍령,2022-01,1종,39527
121,추풍령,2022-01,2종,684
121,추풍령,2022-01,3종,1086
121,추풍령,2022-01,4종,1437
121,추풍령,2022-01,5종,3001
121,추풍령,2022-01,6종,1963
122,김천,2022-01,1종,208985
122,김천,2022-01,2종,4769
122,김천,2022-01,3종,6084
122,김천,2022-01,4종,8507
122,김천,2022-01,5종,9215
122,김천,2022-01,6종,9095
123,구미,2022-01,1종,704550
123,구미,2022-01,2종,14379
123,구미,2022-01,3종,21530
123,구미,2022-01,4종,17985
123,구미,2022-01,5종,15085
123,구미,2022-01,6종,30331
124,상주,2022-01,1종,90349
124,상주,2022-01,2종,2747
124,상주,2022-01,3종,3748
124,상주,2022-01,4종,4273
124,상주,2022-01,5종,4865
124,상주,2022-01,6종,2752
125,남구미,2022-01,1종,526432
125,남구미,2022-01,2종,17384
125,남구미,2022-01,3종,28349
125,남구미,2022-01,4종,27388
125,남구미,2022-01,5종,37595
125,남구미,2022-01,6종,24611
126,왜관,2022-01,1종,630123
126,왜관,2022-01,2종,35014
126,왜관,2022-01,3종,28694
126,왜관,2022-01,4종,28402
126,왜관,2022-01,5종,46433
126,왜관,2022-01,6종,26495
127,서대구,2022-01,1종,1751120
127,서대구,2022-01,2종,60032
127,서대구,2022-01,3종,72409
127,서대구,2022-01,4종,60123
127,서대구,2022-01,5종,70054
127,서대구,2022-01,6종,70422
128,금왕꽃동네,2022-01,1종,236808
128,금왕꽃동네,2022-01,2종,13463
128,금왕꽃동네,2022-01,3종,18767
128,금왕꽃동네,2022-01,4종,22364
128,금왕꽃동네,2022-01,5종,31338
128,금왕꽃동네,2022-01,6종,10302
129,북대구,2022-01,1종,1882893
129,북대구,2022-01,2종,48390
129,북대구,2022-01,3종,43856
129,북대구,2022-01,4종,26607
129,북대구,2022-01,5종,41100
129,북대구,2022-01,6종,72223
130,동김천,2022-01,1종,263844
130,동김천,2022-01,2종,7781
130,동김천,2022-01,3종,14915
130,동김천,2022-01,4종,13938
130,동김천,2022-01,5종,21956
130,동김천,2022-01,6종,10021
131,경산,2022-01,1종,841593
131,경산,2022-01,2종,56685
131,경산,2022-01,3종,51242
131,경산,2022-01,4종,54679
131,경산,2022-01,5종,52836
131,경산,2022-01,6종,41010
132,영천,2022-01,1종,363857
132,영천,2022-01,2종,15029
132,영천,2022-01,3종,25948
132,영천,2022-01,4종,24122
132,영천,2022-01,5종,33603
132,영천,2022-01,6종,14364
133,서경주,2022-01,1종,171522
133,서경주,2022-01,2종,5423
133,서경주,2022-01,3종,8418
133,서경주,2022-01,4종,8640
133,서경주,2022-01,5종,24237
133,서경주,2022-01,6종,5332
134,선산,2022-01,1종,79926
134,선산,2022-01,2종,2792
134,선산,2022-01,3종,3490
134,선산,2022-01,4종,3814
134,선산,2022-01,5종,3575
134,선산,2022-01,6종,2712
135,경주,2022-01,1종,847019
135,경주,2022-01,2종,16147
135,경주,2022-01,3종,41416
135,경주,2022-01,4종,32898
135,경주,2022-01,5종,51908
135,경주,2022-01,6종,29120
136,음성,2022-01,1종,233230
136,음성,2022-01,2종,8259
136,음성,2022-01,3종,12614
136,음성,2022-01,4종,15932
136,음성,2022-01,5종,19713
136,음성,2022-01,6종,8064
137,통도사,2022-01,1종,296528
137,통도사,2022-01,2종,15088
137,통도사,2022-01,3종,18555
137,통도사,2022-01,4종,15487
137,통도사,2022-01,5종,24125
137,통도사,2022-01,6종,13660
138,양산,2022-01,1종,793465
138,양산,2022-01,2종,70351
138,양산,2022-01,3종,52010
138,양산,2022-01,4종,61850
138,양산,2022-01,5종,64309
138,양산,2022-01,6종,36823
139,서울산,2022-01,1종,520702
139,서울산,2022-01,2종,14692
139,서울산,2022-01,3종,17891
139,서울산,2022-01,4종,12184
139,서울산,2022-01,5종,15171
139,서울산,2022-01,6종,25749
140,부산,2022-01,1종,1837131
140,부산,2022-01,2종,45890
140,부산,2022-01,3종,38864
140,부산,2022-01,4종,32304
140,부산,2022-01,5종,43668
140,부산,2022-01,6종,89137
142,군북,2022-01,1종,420417
142,군북,2022-01,2종,9926
142,군북,2022-01,3종,14911
142,군북,2022-01,4종,10625
142,군북,2022-01,5종,25882
142,군북,2022-01,6종,23051
143,장지,2022-01,1종,112409
143,장지,2022-01,2종,3464
143,장지,2022-01,3종,5411
143,장지,2022-01,4종,4859
143,장지,2022-01,5종,20007
143,장지,2022-01,6종,6600
144,함안,2022-01,1종,265411
144,함안,2022-01,2종,8611
144,함안,2022-01,3종,10221
144,함안,2022-01,4종,8652
144,함안,2022-01,5종,22884
144,함안,2022-01,6종,15299
145,산인,2022-01,1종,924869
145,산인,2022-01,2종,16200
145,산인,2022-01,3종,30929
145,산인,2022-01,4종,14315
145,산인,2022-01,5종,28667
145,산인,2022-01,6종,41745
146,동창원,2022-01,1종,603449
146,동창원,2022-01,2종,16586
146,동창원,2022-01,3종,14778
146,동창원,2022-01,4종,13708
146,동창원,2022-01,5종,21251
146,동창원,2022-01,6종,37001
147,진례,2022-01,1종,459929
147,진례,2022-01,2종,30108
147,진례,2022-01,3종,31336
147,진례,2022-01,4종,30848
147,진례,2022-01,5종,42603
147,진례,2022-01,6종,28258
148,서김해,2022-01,1종,833055
148,서김해,2022-01,2종,23223
148,서김해,2022-01,3종,24317
148,서김해,2022-01,4종,20680
148,서김해,2022-01,5종,20408
148,서김해,2022-01,6종,53279
149,동김해,2022-01,1종,1037785
149,동김해,2022-01,2종,32211
149,동김해,2022-01,3종,23664
149,동김해,2022-01,4종,14306
149,동김해,2022-01,5종,16142
149,동김해,2022-01,6종,67947
150,북부산,2022-01,1종,1688760
150,북부산,2022-01,2종,27871
150,북부산,2022-01,3종,23280
150,북부산,2022-01,4종,13832
150,북부산,2022-01,5종,36095
150,북부산,2022-01,6종,98111
151,북대전,2022-01,1종,782258
151,북대전,2022-01,2종,12297
151,북대전,2022-01,3종,21550
151,북대전,2022-01,4종,19458
151,북대전,2022-01,5종,21029
151,북대전,2022-01,6종,37896
152,유성,2022-01,1종,1119966
152,유성,2022-01,2종,20002
152,유성,2022-01,3종,29797
152,유성,2022-01,4종,16782
152,유성,2022-01,5종,14557
152,유성,2022-01,6종,45571
153,서대전,2022-01,1종,958948
153,서대전,2022-01,2종,19028
153,서대전,2022-01,3종,19124
153,서대전,2022-01,4종,17102
153,서대전,2022-01,5종,15823
153,서대전,2022-01,6종,48464
154,안영,2022-01,1종,482325
154,안영,2022-01,2종,13369
154,안영,2022-01,3종,12107
154,안영,2022-01,4종,6893
154,안영,2022-01,5종,9285
154,안영,2022-01,6종,22324
155,논산,2022-01,1종,232935
155,논산,2022-01,2종,10000
155,논산,2022-01,3종,16883
155,논산,2022-01,4종,17645
155,논산,2022-01,5종,15114
155,논산,2022-01,6종,8866
156,익산,2022-01,1종,289569
156,익산,2022-01,2종,18130
156,익산,2022-01,3종,23870
156,익산,2022-01,4종,30260
156,익산,2022-01,5종,38080
156,익산,2022-01,6종,7649
157,삼례,2022-01,1종,107494
157,삼례,2022-01,2종,3853
157,삼례,2022-01,3종,6273
157,삼례,2022-01,4종,7186
157,삼례,2022-01,5종,10435
157,삼례,2022-01,6종,2960
158,전주,2022-01,1종,423609
158,전주,2022-01,2종,12514
158,전주,2022-01,3종,33016
158,전주,2022-01,4종,19387
158,전주,2022-01,5종,29331
158,전주,2022-01,6종,11637
159,서전주,2022-01,1종,347252
159,서전주,2022-01,2종,9596
159,서전주,2022-01,3종,11694
159,서전주,2022-01,4종,12957
159,서전주,2022-01,5종,10418
159,서전주,2022-01,6종,8876
160,김제,2022-01,1종,128194
160,김제,2022-01,2종,5543
160,김제,2022-01,3종,8184
160,김제,2022-01,4종,9575
160,김제,2022-01,5종,6369
160,김제,2022-01,6종,3429
161,금산사,2022-01,1종,33304
161,금산사,2022-01,2종,1085
161,금산사,2022-01,3종,1016
161,금산사,2022-01,4종,904
161,금산사,2022-01,5종,1307
161,금산사,2022-01,6종,793
162,태인,2022-01,1종,96744
162,태인,2022-01,2종,3405
162,태인,2022-01,3종,6715
162,태인,2022-01,4종,7824
162,태인,2022-01,5종,7649
162,태인,2022-01,6종,2535
163,정읍,2022-01,1종,215279
163,정읍,2022-01,2종,7370
163,정읍,2022-01,3종,11489
163,정읍,2022-01,4종,12685
163,정읍,2022-01,5종,11415
163,정읍,2022-01,6종,5306
164,무주,2022-01,1종,212071
164,무주,2022-01,2종,2261
164,무주,2022-01,3종,4578
164,무주,2022-01,4종,2916
164,무주,2022-01,5종,2641
164,무주,2022-01,6종,6541
165,백양사,2022-01,1종,53605
165,백양사,2022-01,2종,1497
165,백양사,2022-01,3종,1531
165,백양사,2022-01,4종,1844
165,백양사,2022-01,5종,876
165,백양사,2022-01,6종,1340
166,장성,2022-01,1종,188474
166,장성,2022-01,2종,9879
166,장성,2022-01,3종,11949
166,장성,2022-01,4종,13978
166,장성,2022-01,5종,13645
166,장성,2022-01,6종,5344
167,광주,2022-01,1종,1076779
167,광주,2022-01,2종,33050
167,광주,2022-01,3종,54561
167,광주,2022-01,4종,60992
167,광주,2022-01,5종,41848
167,광주,2022-01,6종,28459
168,덕유산,2022-01,1종,110553
168,덕유산,2022-01,2종,1083
168,덕유산,2022-01,3종,1476
168,덕유산,2022-01,4종,1034
168,덕유산,2022-01,5종,608
168,덕유산,2022-01,6종,2242
169,장수,2022-01,1종,113468
169,장수,2022-01,2종,2184
169,장수,2022-01,3종,2634
169,장수,2022-01,4종,2956
169,장수,2022-01,5종,2172
169,장수,2022-01,6종,2912
170,서상,2022-01,1종,55242
170,서상,2022-01,2종,1218
170,서상,2022-01,3종,3090
170,서상,2022-01,4종,3878
170,서상,2022-01,5종,4163
170,서상,2022-01,6종,2271
171,마성,2022-01,1종,464585
171,마성,2022-01,2종,8956
171,마성,2022-01,3종,15702
171,마성,2022-01,4종,7753
171,마성,2022-01,5종,2963
171,마성,2022-01,6종,20292
172,용인,2022-01,1종,886678
172,용인,2022-01,2종,48099
172,용인,2022-01,3종,35152
172,용인,2022-01,4종,29783
172,용인,2022-01,5종,25219
172,용인,2022-01,6종,52832
173,양지,2022-01,1종,924155
173,양지,2022-01,2종,82872
173,양지,2022-01,3종,57717
173,양지,2022-01,4종,74176
173,양지,2022-01,5종,59884
173,양지,2022-01,6종,43910
174,춘천,2022-01,1종,852464
174,춘천,2022-01,2종,16830
174,춘천,2022-01,3종,18396
174,춘천,2022-01,4종,10063
174,춘천,2022-01,5종,8004
174,춘천,2022-01,6종,43933
175,덕평,2022-01,1종,428990
175,덕평,2022-01,2종,43255
175,덕평,2022-01,3종,28547
175,덕평,2022-01,4종,44958
175,덕평,2022-01,5종,33398
175,덕평,2022-01,6종,22089
176,이천,2022-01,1종,553776
176,이천,2022-01,2종,26830
176,이천,2022-01,3종,46627
176,이천,2022-01,4종,49087
176,이천,2022-01,5종,45568
176,이천,2022-01,6종,27731
177,여주,2022-01,1종,278416
177,여주,2022-01,2종,9736
177,여주,2022-01,3종,31290
177,여주,2022-01,4종,31518
177,여주,2022-01,5종,18121
177,여주,2022-01,6종,11454
178,문막,2022-01,1종,250874
178,문막,2022-01,2종,17171
178,문막,2022-01,3종,21781
178,문막,2022-01,4종,15725
178,문막,2022-01,5종,17431
178,문막,2022-01,6종,11298
179,홍천,2022-01,1종,351715
179,홍천,2022-01,2종,8135
179,홍천,2022-01,3종,11996
179,홍천,2022-01,4종,6924
179,홍천,2022-01,5종,7752
179,홍천,2022-01,6종,19914
180,원주,2022-01,1종,329105
180,원주,2022-01,2종,15619
180,원주,2022-01,3종,16176
180,원주,2022-01,4종,17344
180,원주,2022-01,5종,14219
180,원주,2022-01,6종,16137
181,새말,2022-01,1종,200913
181,새말,2022-01,2종,6677
181,새말,2022-01,3종,9023
181,새말,2022-01,4종,7202
181,새말,2022-01,5종,6834
181,새말,2022-01,6종,7242
182,둔내,2022-01,1종,174027
182,둔내,2022-01,2종,2486
182,둔내,2022-01,3종,3515
182,둔내,2022-01,4종,1802
182,둔내,2022-01,5종,1584
182,둔내,2022-01,6종,5550
183,면온,2022-01,1종,140660
183,면온,2022-01,2종,1044
183,면온,2022-01,3종,1644
183,면온,2022-01,4종,689
183,면온,2022-01,5종,1511
183,면온,2022-01,6종,4005
184,대관령,2022-01,1종,307937
184,대관령,2022-01,2종,3948
184,대관령,2022-01,3종,7135
184,대관령,2022-01,4종,1180
184,대관령,2022-01,5종,1306
184,대관령,2022-01,6종,9864
185,평창,2022-01,1종,116647
185,평창,2022-01,2종,2108
185,평창,2022-01,3종,5417
185,평창,2022-01,4종,1847
185,평창,2022-01,5종,5275
185,평창,2022-01,6종,3713
186,속사,2022-01,1종,47713
186,속사,2022-01,2종,593
186,속사,2022-01,3종,936
186,속사,2022-01,4종,553
186,속사,2022-01,5종,528
186,속사,2022-01,6종,1313
187,진부,2022-01,1종,144449
187,진부,2022-01,2종,2658
187,진부,2022-01,3종,4041
187,진부,2022-01,4종,1819
187,진부,2022-01,5종,2253
187,진부,2022-01,6종,4589
188,서충주,2022-01,1종,144900
188,서충주,2022-01,2종,5458
188,서충주,2022-01,3종,11339
188,서충주,2022-01,4종,13274
188,서충주,2022-01,5종,16102
188,서충주,2022-01,6종,5719
189,강릉,2022-01,1종,694451
189,강릉,2022-01,2종,14545
189,강릉,2022-01,3종,26660
189,강릉,2022-01,4종,10128
189,강릉,2022-01,5종,14427
189,강릉,2022-01,6종,28453
190,동서울,2022-01,1종,3421533
190,동서울,2022-01,2종,150795
190,동서울,2022-01,3종,146212
190,동서울,2022-01,4종,130145
190,동서울,2022-01,5종,91329
190,동서울,2022-01,6종,142018
191,경기광주,2022-01,1종,721724
191,경기광주,2022-01,2종,36210
191,경기광주,2022-01,3종,26324
191,경기광주,2022-01,4종,18621
191,경기광주,2022-01,5종,13304
191,경기광주,2022-01,6종,43625
192,곤지암,2022-01,1종,708114
192,곤지암,2022-01,2종,53982
192,곤지암,2022-01,3종,34308
192,곤지암,2022-01,4종,42999
192,곤지암,2022-01,5종,35404
192,곤지암,2022-01,6종,35276
193,일죽,2022-01,1종,366043
193,일죽,2022-01,2종,26314
193,일죽,2022-01,3종,33741
193,일죽,2022-01,4종,45605
193,일죽,2022-01,5종,29288
193,일죽,2022-01,6종,14117
194,서이천,2022-01,1종,471303
194,서이천,2022-01,2종,53957
194,서이천,2022-01,3종,40109
194,서이천,2022-01,4종,40526
194,서이천,2022-01,5종,28179
194,서이천,2022-01,6종,24194
195,대소,2022-01,1종,232211
195,대소,2022-01,2종,23079
195,대소,2022-01,3종,35967
195,대소,2022-01,4종,39990
195,대소,2022-01,5종,30042
195,대소,2022-01,6종,10054
196,진천,2022-01,1종,294981
196,진천,2022-01,2종,16435
196,진천,2022-01,3종,23675
196,진천,2022-01,4종,29646
196,진천,2022-01,5종,26834
196,진천,2022-01,6종,13212
197,증평,2022-01,1종,314111
197,증평,2022-01,2종,14542
197,증평,2022-01,3종,22377
197,증평,2022-01,4종,29875
197,증평,2022-01,5종,25965
197,증평,2022-01,6종,11706
198,서청주,2022-01,1종,677800
198,서청주,2022-01,2종,23368
198,서청주,2022-01,3종,29039
198,서청주,2022-01,4종,26931
198,서청주,2022-01,5종,21506
198,서청주,2022-01,6종,28991
199,오창,2022-01,1종,482705
199,오창,2022-01,2종,12996
199,오창,2022-01,3종,21525
199,오창,2022-01,4종,19395
199,오창,2022-01,5종,20841
199,오창,2022-01,6종,18424
200,금산,2022-01,1종,154051
200,금산,2022-01,2종,2506
200,금산,2022-01,3종,5536
200,금산,2022-01,4종,3410
200,금산,2022-01,5종,6231
200,금산,2022-01,6종,6467
201,칠곡,2022-01,1종,695219
201,칠곡,2022-01,2종,18105
201,칠곡,2022-01,3종,15320
201,칠곡,2022-01,4종,10329
201,칠곡,2022-01,5종,15494
201,칠곡,2022-01,6종,32214
202,다부,2022-01,1종,126661
202,다부,2022-01,2종,5854
202,다부,2022-01,3종,4410
202,다부,2022-01,4종,4479
202,다부,2022-01,5종,12339
202,다부,2022-01,6종,4203
203,가산,2022-01,1종,522159
203,가산,2022-01,2종,15761
203,가산,2022-01,3종,16738
203,가산,2022-01,4종,16074
203,가산,2022-01,5종,39736
203,가산,2022-01,6종,20151
204,추부,2022-01,1종,193675
204,추부,2022-01,2종,5823
204,추부,2022-01,3종,5712
204,추부,2022-01,4종,7029
204,추부,2022-01,5종,6249
204,추부,2022-01,6종,9161
205,군위,2022-01,1종,166315
205,군위,2022-01,2종,4147
205,군위,2022-01,3종,4639
205,군위,2022-01,4종,3910
205,군위,2022-01,5종,4619
205,군위,2022-01,6종,6642
206,의성,2022-01,1종,169430
206,의성,2022-01,2종,2930
206,의성,2022-01,3종,3656
206,의성,2022-01,4종,2582
206,의성,2022-01,5종,4295
206,의성,2022-01,6종,5401
207,남안동,2022-01,1종,281841
207,남안동,2022-01,2종,6692
207,남안동,2022-01,3종,6267
207,남안동,2022-01,4종,5823
207,남안동,2022-01,5종,8908
207,남안동,2022-01,6종,9330
208,서안동,2022-01,1종,256874
208,서안동,2022-01,2종,5842
208,서안동,2022-01,3종,14206
208,서안동,2022-01,4종,8498
208,서안동,2022-01,5종,10764
208,서안동,2022-01,6종,7025
209,예천,2022-01,1종,29584
209,예천,2022-01,2종,603
209,예천,2022-01,3종,560
209,예천,2022-01,4종,751
209,예천,2022-01,5종,831
209,예천,2022-01,6종,1043
210,영주,2022-01,1종,207828
210,영주,2022-01,2종,4388
210,영주,2022-01,3종,7401
210,영주,2022-01,4종,7080
210,영주,2022-01,5종,19341
210,영주,2022-01,6종,5913
211,풍기,2022-01,1종,246864
211,풍기,2022-01,2종,3780
211,풍기,2022-01,3종,8552
211,풍기,2022-01,4종,6727
211,풍기,2022-01,5종,8152
211,풍기,2022-01,6종,7197
212,북수원,2022-01,1종,1142636
212,북수원,2022-01,2종,27950
212,북수원,2022-01,3종,36811
212,북수원,2022-01,4종,23336
212,북수원,2022-01,5종,21318
212,북수원,2022-01,6종,55243
213,부곡,2022-01,1종,329563
213,부곡,2022-01,2종,10898
213,부곡,2022-01,3종,7461
213,부곡,2022-01,4종,10500
213,부곡,2022-01,5종,61627
213,부곡,2022-01,6종,20478
214,동군포,2022-01,1종,281202
214,동군포,2022-01,2종,15657
214,동군포,2022-01,3종,15756
214,동군포,2022-01,4종,38578
214,동군포,2022-01,5종,22464
214,동군포,2022-01,6종,16215
215,군포,2022-01,1종,705993
215,군포,2022-01,2종,21230
215,군포,2022-01,3종,20396
215,군포,2022-01,4종,11890
215,군포,2022-01,5종,14203
215,군포,2022-01,6종,41117
216,횡성,2022-01,1종,190209
216,횡성,2022-01,2종,5669
216,횡성,2022-01,3종,5415
216,횡성,2022-01,4종,4955
216,횡성,2022-01,5종,6085
216,횡성,2022-01,6종,9205
217,북원주,2022-01,1종,73852
217,북원주,2022-01,2종,3040
217,북원주,2022-01,3종,2409
217,북원주,2022-01,4종,2543
217,북원주,2022-01,5종,2545
217,북원주,2022-01,6종,3476
218,남원주,2022-01,1종,655936
218,남원주,2022-01,2종,12573
218,남원주,2022-01,3종,22326
218,남원주,2022-01,4종,7714
218,남원주,2022-01,5종,9456
218,남원주,2022-01,6종,28590
219,신림,2022-01,1종,120371
219,신림,2022-01,2종,2348
219,신림,2022-01,3종,1446
219,신림,2022-01,4종,1593
219,신림,2022-01,5종,6211
219,신림,2022-01,6종,4281
220,덕평휴게소,2022-01,1종,5687
220,덕평휴게소,2022-01,2종,193
220,덕평휴게소,2022-01,3종,39
220,덕평휴게소,2022-01,4종,18
220,덕평휴게소,2022-01,5종,24
220,덕평휴게소,2022-01,6종,383
221,생초,2022-01,1종,60451
221,생초,2022-01,2종,1262
221,생초,2022-01,3종,2583
221,생초,2022-01,4종,3398
221,생초,2022-01,5종,7920
221,생초,2022-01,6종,1781
222,산청,2022-01,1종,58547
222,산청,2022-01,2종,1443
222,산청,2022-01,3종,1605
222,산청,2022-01,4종,1629
222,산청,2022-01,5종,2365
222,산청,2022-01,6종,2150
223,단성,2022-01,1종,107010
223,단성,2022-01,2종,1660
223,단성,2022-01,3종,3600
223,단성,2022-01,4종,4443
223,단성,2022-01,5종,5279
223,단성,2022-01,6종,3596
224,함양,2022-01,1종,120756
224,함양,2022-01,2종,2791
224,함양,2022-01,3종,5593
224,함양,2022-01,4종,2056
224,함양,2022-01,5종,3085
224,함양,2022-01,6종,4809
225,서진주,2022-01,1종,319192
225,서진주,2022-01,2종,6710
225,서진주,2022-01,3종,7129
225,서진주,2022-01,4종,6003
225,서진주,2022-01,5종,18435
225,서진주,2022-01,6종,13468
226,금강휴게소,2022-01,1종,11389
226,금강휴게소,2022-01,2종,218
226,금강휴게소,2022-01,3종,329
226,금강휴게소,2022-01,4종,402
226,금강휴게소,2022-01,5종,157
226,금강휴게소,2022-01,6종,287
227,군산,2022-01,1종,262495
227,군산,2022-01,2종,3847
227,군산,2022-01,3종,11632
227,군산,2022-01,4종,7986
227,군산,2022-01,5종,14023
227,군산,2022-01,6종,6871
228,동군산,2022-01,1종,233579
228,동군산,2022-01,2종,6195
228,동군산,2022-01,3종,10887
228,동군산,2022-01,4종,11004
228,동군산,2022-01,5종,23266
228,동군산,2022-01,6종,5191
229,북천안,2022-01,1종,544411
229,북천안,2022-01,2종,26538
229,북천안,2022-01,3종,38569
229,북천안,2022-01,4종,49650
229,북천안,2022-01,5종,43154
229,북천안,2022-01,6종,25030
230,팔공산,2022-01,1종,780102
230,팔공산,2022-01,2종,20670
230,팔공산,2022-01,3종,14594
230,팔공산,2022-01,4종,10102
230,팔공산,2022-01,5종,13532
230,팔공산,2022-01,6종,35126
231,화원옥포,2022-01,1종,693847
231,화원옥포,2022-01,2종,22542
231,화원옥포,2022-01,3종,18067
231,화원옥포,2022-01,4종,15460
231,화원옥포,2022-01,5종,20394
231,화원옥포,2022-01,6종,38087
232,달성,2022-01,1종,200532
232,달성,2022-01,2종,11441
232,달성,2022-01,3종,16277
232,달성,2022-01,4종,7836
232,달성,2022-01,5종,8839
232,달성,2022-01,6종,11258
233,현풍,2022-01,1종,583394
233,현풍,2022-01,2종,26511
233,현풍,2022-01,3종,35558
233,현풍,2022-01,4종,31940
233,현풍,2022-01,5종,44535
233,현풍,2022-01,6종,28148
234,서천,2022-01,1종,185173
234,서천,2022-01,2종,3621
234,서천,2022-01,3종,5745
234,서천,2022-01,4종,7953
234,서천,2022-01,5종,24758
234,서천,2022-01,6종,5371
235,창녕,2022-01,1종,141750
235,창녕,2022-01,2종,4243
235,창녕,2022-01,3종,6329
235,창녕,2022-01,4종,4641
235,창녕,2022-01,5종,7918
235,창녕,2022-01,6종,5199
236,영산,2022-01,1종,140543
236,영산,2022-01,2종,6069
236,영산,2022-01,3종,7286
236,영산,2022-01,4종,9755
236,영산,2022-01,5종,15679
236,영산,2022-01,6종,4843
237,남지,2022-01,1종,124482
237,남지,2022-01,2종,5625
237,남지,2022-01,3종,12029
237,남지,2022-01,4종,14200
237,남지,2022-01,5종,25487
237,남지,2022-01,6종,7094
238,칠서,2022-01,1종,193615
238,칠서,2022-01,2종,14914
238,칠서,2022-01,3종,20978
238,칠서,2022-01,4종,24419
238,칠서,2022-01,5종,43379
238,칠서,2022-01,6종,10085
239,칠원,2022-01,1종,551700
239,칠원,2022-01,2종,16024
239,칠원,2022-01,3종,31198
239,칠원,2022-01,4종,33309
239,칠원,2022-01,5종,39614
239,칠원,2022-01,6종,21078
240,제천,2022-01,1종,528804
240,제천,2022-01,2종,11004
240,제천,2022-01,3종,15918
240,제천,2022-01,4종,11238
240,제천,2022-01,5종,23635
240,제천,2022-01,6종,18256
241,동고령,2022-01,1종,307483
241,동고령,2022-01,2종,14417
241,동고령,2022-01,3종,16425
241,동고령,2022-01,4종,24700
241,동고령,2022-01,5종,31281
241,동고령,2022-01,6종,12502
242,고령,2022-01,1종,252663
242,고령,2022-01,2종,6141
242,고령,2022-01,3종,8788
242,고령,2022-01,4종,7523
242,고령,2022-01,5종,20289
242,고령,2022-01,6종,9855
243,해인사,2022-01,1종,120169
243,해인사,2022-01,2종,2023
243,해인사,2022-01,3종,2025
243,해인사,2022-01,4종,1546
243,해인사,2022-01,5종,1851
243,해인사,2022-01,6종,6010
244,서부산,2022-01,1종,1469335
244,서부산,2022-01,2종,29412
244,서부산,2022-01,3종,52920
244,서부산,2022-01,4종,34550
244,서부산,2022-01,5종,87886
244,서부산,2022-01,6종,74464
245,장유,2022-01,1종,1569080
245,장유,2022-01,2종,33702
245,장유,2022-01,3종,51003
245,장유,2022-01,4종,29616
245,장유,2022-01,5종,39546
245,장유,2022-01,6종,96562
246,가락,2022-01,1종,21369
246,가락,2022-01,2종,2033
246,가락,2022-01,3종,3374
246,가락,2022-01,4종,5218
246,가락,2022-01,5종,8353
246,가락,2022-01,6종,788
247,남원,2022-01,1종,173331
247,남원,2022-01,2종,4514
247,남원,2022-01,3종,5763
247,남원,2022-01,4종,3867
247,남원,2022-01,5종,10840
247,남원,2022-01,6종,6254
248,순창,2022-01,1종,162855
248,순창,2022-01,2종,3371
248,순창,2022-01,3종,3589
248,순창,2022-01,4종,3617
248,순창,2022-01,5종,7494
248,순창,2022-01,6종,5330
249,담양,2022-01,1종,187988
249,담양,2022-01,2종,3590
249,담양,2022-01,3종,8891
249,담양,2022-01,4종,3895
249,담양,2022-01,5종,7272
249,담양,2022-01,6종,6204
250,남양산,2022-01,1종,1348297
250,남양산,2022-01,2종,34633
250,남양산,2022-01,3종,43426
250,남양산,2022-01,4종,20990
250,남양산,2022-01,5종,25082
250,남양산,2022-01,6종,88746
251,물금,2022-01,1종,691943
251,물금,2022-01,2종,49566
251,물금,2022-01,3종,21275
251,물금,2022-01,4종,44352
251,물금,2022-01,5종,68683
251,물금,2022-01,6종,47473
252,대동,2022-01,1종,2460650
252,대동,2022-01,2종,98531
252,대동,2022-01,3종,79768
252,대동,2022-01,4종,91707
252,대동,2022-01,5종,263184
252,대동,2022-01,6종,119544
253,서서울,2022-01,1종,4879756
253,서서울,2022-01,2종,139381
253,서서울,2022-01,3종,120987
253,서서울,2022-01,4종,147334
253,서서울,2022-01,5종,141125
253,서서울,2022-01,6종,236559
254,군자,2022-01,1종,2263712
254,군자,2022-01,2종,85644
254,군자,2022-01,3종,74163
254,군자,2022-01,4종,95094
254,군자,2022-01,5종,148998
254,군자,2022-01,6종,123371
255,서안산,2022-01,1종,1774325
255,서안산,2022-01,2종,69324
255,서안산,2022-01,3종,56687
255,서안산,2022-01,4종,54687
255,서안산,2022-01,5종,54282
255,서안산,2022-01,6종,99673
256,안산,2022-01,1종,865722
256,안산,2022-01,2종,19515
256,안산,2022-01,3종,14178
256,안산,2022-01,4종,7293
256,안산,2022-01,5종,7796
256,안산,2022-01,6종,56962
257,홍성,2022-01,1종,208007
257,홍성,2022-01,2종,3251
257,홍성,2022-01,3종,5230
257,홍성,2022-01,4종,4486
257,홍성,2022-01,5종,6983
257,홍성,2022-01,6종,6116
258,광천,2022-01,1종,154057
258,광천,2022-01,2종,4500
258,광천,2022-01,3종,7454
258,광천,2022-01,4종,7661
258,광천,2022-01,5종,14939
258,광천,2022-01,6종,4302
259,대천,2022-01,1종,270415
259,대천,2022-01,2종,4197
259,대천,2022-01,3종,7725
259,대천,2022-01,4종,3092
259,대천,2022-01,5종,4768
259,대천,2022-01,6종,7945
260,춘장대,2022-01,1종,46131
260,춘장대,2022-01,2종,961
260,춘장대,2022-01,3종,1117
260,춘장대,2022-01,4종,1313
260,춘장대,2022-01,5종,2717
260,춘장대,2022-01,6종,1319
261,동광주,2022-01,1종,1215087
261,동광주,2022-01,2종,24532
261,동광주,2022-01,3종,44761
261,동광주,2022-01,4종,27042
261,동광주,2022-01,5종,37772
261,동광주,2022-01,6종,35023
262,창평,2022-01,1종,137918
262,창평,2022-01,2종,6298
262,창평,2022-01,3종,3202
262,창평,2022-01,4종,4177
262,창평,2022-01,5종,2632
262,창평,2022-01,6종,4203
263,옥과,2022-01,1종,222653
263,옥과,2022-01,2종,3154
263,옥과,2022-01,3종,7391
263,옥과,2022-01,4종,2541
263,옥과,2022-01,5종,5339
263,옥과,2022-01,6종,7875
264,동남원,2022-01,1종,39585
264,동남원,2022-01,2종,917
264,동남원,2022-01,3종,1212
264,동남원,2022-01,4종,976
264,동남원,2022-01,5종,1023
264,동남원,2022-01,6종,1199
265,곡성,2022-01,1종,147565
265,곡성,2022-01,2종,2536
265,곡성,2022-01,3종,3646
265,곡성,2022-01,4종,2601
265,곡성,2022-01,5종,5235
265,곡성,2022-01,6종,4577
266,석곡,2022-01,1종,47037
266,석곡,2022-01,2종,850
266,석곡,2022-01,3종,1285
266,석곡,2022-01,4종,1142
266,석곡,2022-01,5종,2399
266,석곡,2022-01,6종,1405
267,주암송광사,2022-01,1종,133361
267,주암송광사,2022-01,2종,2580
267,주암송광사,2022-01,3종,2173
267,주암송광사,2022-01,4종,2115
267,주암송광사,2022-01,5종,5945
267,주암송광사,2022-01,6종,3744
268,승주,2022-01,1종,55520
268,승주,2022-01,2종,712
268,승주,2022-01,3종,842
268,승주,2022-01,4종,938
268,승주,2022-01,5종,1307
268,승주,2022-01,6종,2032
269,지리산,2022-01,1종,86581
269,지리산,2022-01,2종,1780
269,지리산,2022-01,3종,1998
269,지리산,2022-01,4종,2571
269,지리산,2022-01,5종,1294
269,지리산,2022-01,6종,3353
270,서순천,2022-01,1종,150058
270,서순천,2022-01,2종,4157
270,서순천,2022-01,3종,5206
270,서순천,2022-01,4종,1904
270,서순천,2022-01,5종,4002
270,서순천,2022-01,6종,4525
271,순천,2022-01,1종,575864
271,순천,2022-01,2종,13398
271,순천,2022-01,3종,10525
271,순천,2022-01,4종,8988
271,순천,2022-01,5종,31206
271,순천,2022-01,6종,15146
272,광양,2022-01,1종,320536
272,광양,2022-01,2종,6177
272,광양,2022-01,3종,13939
272,광양,2022-01,4종,16907
272,광양,2022-01,5종,59118
272,광양,2022-01,6종,9156
273,동광양,2022-01,1종,143938
273,동광양,2022-01,2종,2627
273,동광양,2022-01,3종,2520
273,동광양,2022-01,4종,6375
273,동광양,2022-01,5종,45423
273,동광양,2022-01,6종,5024
274,가조,2022-01,1종,81431
274,가조,2022-01,2종,2672
274,가조,2022-01,3종,3193
274,가조,2022-01,4종,2063
274,가조,2022-01,5종,1636
274,가조,2022-01,6종,3041
275,옥곡,2022-01,1종,179609
275,옥곡,2022-01,2종,4326
275,옥곡,2022-01,3종,8192
275,옥곡,2022-01,4종,12416
275,옥곡,2022-01,5종,64196
275,옥곡,2022-01,6종,5204
276,진월,2022-01,1종,67282
276,진월,2022-01,2종,1129
276,진월,2022-01,3종,1533
276,진월,2022-01,4종,3514
276,진월,2022-01,5종,39648
276,진월,2022-01,6종,2069
277,하동,2022-01,1종,229453
277,하동,2022-01,2종,3305
277,하동,2022-01,3종,5323
277,하동,2022-01,4종,5324
277,하동,2022-01,5종,41194
277,하동,2022-01,6종,7415
278,진교,2022-01,1종,200880
278,진교,2022-01,2종,3621
278,진교,2022-01,3종,7946
278,진교,2022-01,4종,2121
278,진교,2022-01,5종,4479
278,진교,2022-01,6종,9059
279,곤양,2022-01,1종,133190
279,곤양,2022-01,2종,2550
279,곤양,2022-01,3종,4739
279,곤양,2022-01,4종,2824
279,곤양,2022-01,5종,6788
279,곤양,2022-01,6종,4907
280,거창,2022-01,1종,264954
280,거창,2022-01,2종,7950
280,거창,2022-01,3종,16170
280,거창,2022-01,4종,6031
280,거창,2022-01,5종,7481
280,거창,2022-01,6종,9712
281,매송,2022-01,1종,540151
281,매송,2022-01,2종,12519
281,매송,2022-01,3종,12697
281,매송,2022-01,4종,8185
281,매송,2022-01,5종,13663
281,매송,2022-01,6종,28785
282,비봉,2022-01,1종,610766
282,비봉,2022-01,2종,25941
282,비봉,2022-01,3종,25266
282,비봉,2022-01,4종,19079
282,비봉,2022-01,5종,33456
282,비봉,2022-01,6종,29969
283,발안,2022-01,1종,551844
283,발안,2022-01,2종,27372
283,발안,2022-01,3종,23874
283,발안,2022-01,4종,22662
283,발안,2022-01,5종,30708
283,발안,2022-01,6종,31673
284,남양양,2022-01,1종,136575
284,남양양,2022-01,2종,1775
284,남양양,2022-01,3종,1153
284,남양양,2022-01,4종,914
284,남양양,2022-01,5종,2031
284,남양양,2022-01,6종,4206
285,서평택,2022-01,1종,489570
285,서평택,2022-01,2종,25251
285,서평택,2022-01,3종,47069
285,서평택,2022-01,4종,68425
285,서평택,2022-01,5종,156723
285,서평택,2022-01,6종,27685
286,통도사휴게소,2022-01,1종,152664
286,통도사휴게소,2022-01,2종,2089
286,통도사휴게소,2022-01,3종,1875
286,통도사휴게소,2022-01,4종,7
286,통도사휴게소,2022-01,5종,15
286,통도사휴게소,2022-01,6종,6559
287,송악,2022-01,1종,491995
287,송악,2022-01,2종,13327
287,송악,2022-01,3종,22742
287,송악,2022-01,4종,25781
287,송악,2022-01,5종,166441
287,송악,2022-01,6종,22290
288,당진,2022-01,1종,446254
288,당진,2022-01,2종,10162
288,당진,2022-01,3종,20645
288,당진,2022-01,4종,15663
288,당진,2022-01,5종,54050
288,당진,2022-01,6종,18969
289,마산,2022-01,1종,1132363
289,마산,2022-01,2종,28895
289,마산,2022-01,3종,42861
289,마산,2022-01,4종,20891
289,마산,2022-01,5종,32507
289,마산,2022-01,6종,56701
290,축동,2022-01,1종,45767
290,축동,2022-01,2종,2932
290,축동,2022-01,3종,1824
290,축동,2022-01,4종,3431
290,축동,2022-01,5종,5905
290,축동,2022-01,6종,2269
291,사천,2022-01,1종,739661
291,사천,2022-01,2종,22751
291,사천,2022-01,3종,20978
291,사천,2022-01,4종,16687
291,사천,2022-01,5종,29965
291,사천,2022-01,6종,37406
292,진주,2022-01,1종,691163
292,진주,2022-01,2종,17272
292,진주,2022-01,3종,31621
292,진주,2022-01,4종,11764
292,진주,2022-01,5종,24850
292,진주,2022-01,6종,37467
293,문산,2022-01,1종,310633
293,문산,2022-01,2종,7268
293,문산,2022-01,3종,8066
293,문산,2022-01,4종,5191
293,문산,2022-01,5종,7044
293,문산,2022-01,6종,15846
294,북창원,2022-01,1종,328698
294,북창원,2022-01,2종,8785
294,북창원,2022-01,3종,7239
294,북창원,2022-01,4종,8035
294,북창원,2022-01,5종,11164
294,북창원,2022-01,6종,17574
295,진성,2022-01,1종,183834
295,진성,2022-01,2종,6591
295,진성,2022-01,3종,8424
295,진성,2022-01,4종,7239
295,진성,2022-01,5종,16886
295,진성,2022-01,6종,7730
296,지수,2022-01,1종,57453
296,지수,2022-01,2종,2168
296,지수,2022-01,3종,3341
296,지수,2022-01,4종,3455
296,지수,2022-01,5종,4059
296,지수,2022-01,6종,3283
297,동충주,2022-01,1종,229464
297,동충주,2022-01,2종,6745
297,동충주,2022-01,3종,9824
297,동충주,2022-01,4종,13960
297,동충주,2022-01,5종,30581
297,동충주,2022-01,6종,7252
298,서산,2022-01,1종,656609
298,서산,2022-01,2종,13787
298,서산,2022-01,3종,30730
298,서산,2022-01,4종,30633
298,서산,2022-01,5종,58775
298,서산,2022-01,6종,23228
299,해미,2022-01,1종,128169
299,해미,2022-01,2종,3498
299,해미,2022-01,3종,5112
299,해미,2022-01,4종,4189
299,해미,2022-01,5종,10412
299,해미,2022-01,6종,4687
500,남여주,2022-01,1종,207513
500,남여주,2022-01,2종,5313
500,남여주,2022-01,3종,8798
500,남여주,2022-01,4종,13461
500,남여주,2022-01,5종,16736
500,남여주,2022-01,6종,7338
501,서김제,2022-01,1종,56857
501,서김제,2022-01,2종,1599
501,서김제,2022-01,3종,3562
501,서김제,2022-01,4종,3802
501,서김제,2022-01,5종,2311
501,서김제,2022-01,6종,1231
502,부안,2022-01,1종,130968
502,부안,2022-01,2종,3269
502,부안,2022-01,3종,7581
502,부안,2022-01,4종,4761
502,부안,2022-01,5종,6903
502,부안,2022-01,6종,2947
503,줄포,2022-01,1종,65140
503,줄포,2022-01,2종,1182
503,줄포,2022-01,3종,1809
503,줄포,2022-01,4종,1691
503,줄포,2022-01,5종,1490
503,줄포,2022-01,6종,1400
504,선운산,2022-01,1종,107380
504,선운산,2022-01,2종,2499
504,선운산,2022-01,3종,7228
504,선운산,2022-01,4종,10486
504,선운산,2022-01,5종,8681
504,선운산,2022-01,6종,2621
505,고창,2022-01,1종,99777
505,고창,2022-01,2종,2227
505,고창,2022-01,3종,3513
505,고창,2022-01,4종,2709
505,고창,2022-01,5종,2061
505,고창,2022-01,6종,2395
506,영광,2022-01,1종,109446
506,영광,2022-01,2종,2325
506,영광,2022-01,3종,5743
506,영광,2022-01,4종,5044
506,영광,2022-01,5종,5271
506,영광,2022-01,6종,2317
507,함평,2022-01,1종,61089
507,함평,2022-01,2종,1468
507,함평,2022-01,3종,3704
507,함평,2022-01,4종,4753
507,함평,2022-01,5종,7270
507,함평,2022-01,6종,1419
508,무안,2022-01,1종,193695
508,무안,2022-01,2종,4709
508,무안,2022-01,3종,5935
508,무안,2022-01,4종,7456
508,무안,2022-01,5종,8277
508,무안,2022-01,6종,5795
509,목포,2022-01,1종,874980
509,목포,2022-01,2종,18660
509,목포,2022-01,3종,28821
509,목포,2022-01,4종,45178
509,목포,2022-01,5종,50042
509,목포,2022-01,6종,22296
510,양양,2022-01,1종,248160
510,양양,2022-01,2종,2912
510,양양,2022-01,3종,5924
510,양양,2022-01,4종,2810
510,양양,2022-01,5종,3425
510,양양,2022-01,6종,7660
511,무창포,2022-01,1종,115568
511,무창포,2022-01,2종,1898
511,무창포,2022-01,3종,3806
511,무창포,2022-01,4종,2128
511,무창포,2022-01,5종,7042
511,무창포,2022-01,6종,2737
512,연화산,2022-01,1종,40577
512,연화산,2022-01,2종,1154
512,연화산,2022-01,3종,823
512,연화산,2022-01,4종,1049
512,연화산,2022-01,5종,3358
512,연화산,2022-01,6종,2345
513,고성,2022-01,1종,410534
513,고성,2022-01,2종,8202
513,고성,2022-01,3종,14441
513,고성,2022-01,4종,8436
513,고성,2022-01,5종,22337
513,고성,2022-01,6종,21401
514,동고성,2022-01,1종,105601
514,동고성,2022-01,2종,2257
514,동고성,2022-01,3종,4513
514,동고성,2022-01,4종,4818
514,동고성,2022-01,5종,20970
514,동고성,2022-01,6종,9079
515,북통영,2022-01,1종,214539
515,북통영,2022-01,2종,3887
515,북통영,2022-01,3종,10020
515,북통영,2022-01,4종,1529
515,북통영,2022-01,5종,2693
515,북통영,2022-01,6종,10506
516,통영,2022-01,1종,584905
516,통영,2022-01,2종,10916
516,통영,2022-01,3종,19465
516,통영,2022-01,4종,10437
516,통영,2022-01,5종,23005
516,통영,2022-01,6종,30465
517,양평,2022-01,1종,159491
517,양평,2022-01,2종,4198
517,양평,2022-01,3종,5729
517,양평,2022-01,4종,6864
517,양평,2022-01,5종,8813
517,양평,2022-01,6종,5991
518,칠곡물류,2022-01,1종,173070
518,칠곡물류,2022-01,2종,27155
518,칠곡물류,2022-01,3종,24237
518,칠곡물류,2022-01,4종,42285
518,칠곡물류,2022-01,5종,20422
518,칠곡물류,2022-01,6종,7276
519,남대구,2022-01,1종,1687303
519,남대구,2022-01,2종,43549
519,남대구,2022-01,3종,52253
519,남대구,2022-01,4종,34172
519,남대구,2022-01,5종,63412
519,남대구,2022-01,6종,85892
520,평택,2022-01,1종,859719
520,평택,2022-01,2종,37645
520,평택,2022-01,3종,70127
520,평택,2022-01,4종,55054
520,평택,2022-01,5종,66403
520,평택,2022-01,6종,36674
521,단양,2022-01,1종,73256
521,단양,2022-01,2종,1068
521,단양,2022-01,3종,790
521,단양,2022-01,4종,1390
521,단양,2022-01,5종,11378
521,단양,2022-01,6종,2573
522,북단양,2022-01,1종,125259
522,북단양,2022-01,2종,2036
522,북단양,2022-01,3종,2012
522,북단양,2022-01,4종,8926
522,북단양,2022-01,5종,64130
522,북단양,2022-01,6종,3962
523,남제천,2022-01,1종,213344
523,남제천,2022-01,2종,3730
523,남제천,2022-01,3종,4766
523,남제천,2022-01,4종,6311
523,남제천,2022-01,5종,37514
523,남제천,2022-01,6종,5858
524,청통와촌,2022-01,1종,295704
524,청통와촌,2022-01,2종,16977
524,청통와촌,2022-01,3종,12467
524,청통와촌,2022-01,4종,9182
524,청통와촌,2022-01,5종,12007
524,청통와촌,2022-01,6종,10696
525,북영천,2022-01,1종,182102
525,북영천,2022-01,2종,4366
525,북영천,2022-01,3종,3937
525,북영천,2022-01,4종,3952
525,북영천,2022-01,5종,9363
525,북영천,2022-01,6종,6122
526,서포항,2022-01,1종,102646
526,서포항,2022-01,2종,1781
526,서포항,2022-01,3종,1879
526,서포항,2022-01,4종,1458
526,서포항,2022-01,5종,4522
526,서포항,2022-01,6종,4404
527,포항,2022-01,1종,889345
527,포항,2022-01,2종,14991
527,포항,2022-01,3종,17673
527,포항,2022-01,4종,14163
527,포항,2022-01,5종,63434
527,포항,2022-01,6종,27864
528,기흥동탄,2022-01,1종,1316687
528,기흥동탄,2022-01,2종,21411
528,기흥동탄,2022-01,3종,103268
528,기흥동탄,2022-01,4종,25044
528,기흥동탄,2022-01,5종,23991
528,기흥동탄,2022-01,6종,60403
529,노포,2022-01,1종,176537
529,노포,2022-01,2종,6410
529,노포,2022-01,3종,21825
529,노포,2022-01,4종,5216
529,노포,2022-01,5종,3912
529,노포,2022-01,6종,9450
530,내장산,2022-01,1종,79401
530,내장산,2022-01,2종,3035
530,내장산,2022-01,3종,4041
530,내장산,2022-01,4종,3825
530,내장산,2022-01,5종,3206
530,내장산,2022-01,6종,2116
531,문의청남대,2022-01,1종,189969
531,문의청남대,2022-01,2종,3790
531,문의청남대,2022-01,3종,6671
531,문의청남대,2022-01,4종,8991
531,문의청남대,2022-01,5종,9798
531,문의청남대,2022-01,6종,6222
532,회인,2022-01,1종,45105
532,회인,2022-01,2종,590
532,회인,2022-01,3종,687
532,회인,2022-01,4종,661
532,회인,2022-01,5종,804
532,회인,2022-01,6종,1768
533,보은,2022-01,1종,132676
533,보은,2022-01,2종,4115
533,보은,2022-01,3종,4814
533,보은,2022-01,4종,5958
533,보은,2022-01,5종,5325
533,보은,2022-01,6종,5159
534,속리산,2022-01,1종,58218
534,속리산,2022-01,2종,1519
534,속리산,2022-01,3종,1965
534,속리산,2022-01,4종,2168
534,속리산,2022-01,5종,2970
534,속리산,2022-01,6종,2268
535,화서,2022-01,1종,57232
535,화서,2022-01,2종,1317
535,화서,2022-01,3종,2311
535,화서,2022-01,4종,3002
535,화서,2022-01,5종,5953
535,화서,2022-01,6종,2087
536,남상주,2022-01,1종,132978
536,남상주,2022-01,2종,4042
536,남상주,2022-01,3종,12037
536,남상주,2022-01,4종,9164
536,남상주,2022-01,5종,6113
536,남상주,2022-01,6종,4343
537,남김천,2022-01,1종,92565
537,남김천,2022-01,2종,3528
537,남김천,2022-01,3종,6068
537,남김천,2022-01,4종,7148
537,남김천,2022-01,5종,15341
537,남김천,2022-01,6종,3117
538,성주,2022-01,1종,105991
538,성주,2022-01,2종,4737
538,성주,2022-01,3종,7950
538,성주,2022-01,4종,9516
538,성주,2022-01,5종,13338
538,성주,2022-01,6종,3546
539,남성주,2022-01,1종,71425
539,남성주,2022-01,2종,4915
539,남성주,2022-01,3종,5978
539,남성주,2022-01,4종,6253
539,남성주,2022-01,5종,14027
539,남성주,2022-01,6종,2172
540,청북,2022-01,1종,462150
540,청북,2022-01,2종,34961
540,청북,2022-01,3종,47144
540,청북,2022-01,4종,56593
540,청북,2022-01,5종,58621
540,청북,2022-01,6종,24210
541,송탄,2022-01,1종,486623
541,송탄,2022-01,2종,27884
541,송탄,2022-01,3종,33405
541,송탄,2022-01,4종,39138
541,송탄,2022-01,5종,33167
541,송탄,2022-01,6종,26236
542,서안성,2022-01,1종,686868
542,서안성,2022-01,2종,32667
542,서안성,2022-01,3종,53255
542,서안성,2022-01,4종,81738
542,서안성,2022-01,5종,56202
542,서안성,2022-01,6종,31003
543,남안성,2022-01,1종,642651
543,남안성,2022-01,2종,42628
543,남안성,2022-01,3종,51785
543,남안성,2022-01,4종,65705
543,남안성,2022-01,5종,66193
543,남안성,2022-01,6종,30772
544,완주,2022-01,1종,272578
544,완주,2022-01,2종,6963
544,완주,2022-01,3종,14708
544,완주,2022-01,4종,20361
544,완주,2022-01,5종,51390
544,완주,2022-01,6종,6586
545,소양,2022-01,1종,163857
545,소양,2022-01,2종,2475
545,소양,2022-01,3종,9360
545,소양,2022-01,4종,3973
545,소양,2022-01,5종,6235
545,소양,2022-01,6종,4033
546,진안,2022-01,1종,60179
546,진안,2022-01,2종,1382
546,진안,2022-01,3종,3408
546,진안,2022-01,4종,1774
546,진안,2022-01,5종,2373
546,진안,2022-01,6종,1537
547,무안공항,2022-01,1종,35363
547,무안공항,2022-01,2종,359
547,무안공항,2022-01,3종,331
547,무안공항,2022-01,4종,467
547,무안공항,2022-01,5종,622
547,무안공항,2022-01,6종,656
548,북무안,2022-01,1종,148279
548,북무안,2022-01,2종,2696
548,북무안,2022-01,3종,4874
548,북무안,2022-01,4종,8566
548,북무안,2022-01,5종,7102
548,북무안,2022-01,6종,3052
549,동함평,2022-01,1종,204956
549,동함평,2022-01,2종,3028
549,동함평,2022-01,3종,3939
549,동함평,2022-01,4종,3066
549,동함평,2022-01,5종,3411
549,동함평,2022-01,6종,6187
550,문평,2022-01,1종,47068
550,문평,2022-01,2종,782
550,문평,2022-01,3종,1096
550,문평,2022-01,4종,1093
550,문평,2022-01,5종,7562
550,문평,2022-01,6종,1232
551,나주,2022-01,1종,78599
551,나주,2022-01,2종,1714
551,나주,2022-01,3종,1261
551,나주,2022-01,4종,3256
551,나주,2022-01,5종,2897
551,나주,2022-01,6종,2940
552,서광산,2022-01,1종,328840
552,서광산,2022-01,2종,11615
552,서광산,2022-01,3종,11241
552,서광산,2022-01,4종,11939
552,서광산,2022-01,5종,12836
552,서광산,2022-01,6종,10196
553,동광산,2022-01,1종,1178898
553,동광산,2022-01,2종,23196
553,동광산,2022-01,3종,26703
553,동광산,2022-01,4종,29035
553,동광산,2022-01,5종,33749
553,동광산,2022-01,6종,33353
554,동홍천,2022-01,1종,294138
554,동홍천,2022-01,2종,3638
554,동홍천,2022-01,3종,5936
554,동홍천,2022-01,4종,3275
554,동홍천,2022-01,5종,2899
554,동홍천,2022-01,6종,10800
555,북진천,2022-01,1종,323150
555,북진천,2022-01,2종,28622
555,북진천,2022-01,3종,39307
555,북진천,2022-01,4종,46032
555,북진천,2022-01,5종,40172
555,북진천,2022-01,6종,12304
556,동순천,2022-01,1종,396512
556,동순천,2022-01,2종,5045
556,동순천,2022-01,3종,11865
556,동순천,2022-01,4종,16218
556,동순천,2022-01,5종,57812
556,동순천,2022-01,6종,8610
557,황전,2022-01,1종,104775
557,황전,2022-01,2종,1315
557,황전,2022-01,3종,1191
557,황전,2022-01,4종,1295
557,황전,2022-01,5종,3713
557,황전,2022-01,6종,3357
558,구례화엄사,2022-01,1종,118178
558,구례화엄사,2022-01,2종,2563
558,구례화엄사,2022-01,3종,3324
558,구례화엄사,2022-01,4종,3817
558,구례화엄사,2022-01,5종,6267
558,구례화엄사,2022-01,6종,3083
559,서남원,2022-01,1종,76898
559,서남원,2022-01,2종,2093
559,서남원,2022-01,3종,3325
559,서남원,2022-01,4종,3781
559,서남원,2022-01,5종,9857
559,서남원,2022-01,6종,2333
560,감곡,2022-01,1종,226428
560,감곡,2022-01,2종,6876
560,감곡,2022-01,3종,9156
560,감곡,2022-01,4종,13498
560,감곡,2022-01,5종,24698
560,감곡,2022-01,6종,7566
561,북충주,2022-01,1종,179057
561,북충주,2022-01,2종,4372
561,북충주,2022-01,3종,8159
561,북충주,2022-01,4종,5283
561,북충주,2022-01,5종,6315
561,북충주,2022-01,6종,6366
562,충주,2022-01,1종,134088
562,충주,2022-01,2종,3787
562,충주,2022-01,3종,9032
562,충주,2022-01,4종,12462
562,충주,2022-01,5종,12298
562,충주,2022-01,6종,4224
563,괴산,2022-01,1종,59569
563,괴산,2022-01,2종,1046
563,괴산,2022-01,3종,2197
563,괴산,2022-01,4종,3117
563,괴산,2022-01,5종,6033
563,괴산,2022-01,6종,1833
564,연풍,2022-01,1종,60562
564,연풍,2022-01,2종,2475
564,연풍,2022-01,3종,6321
564,연풍,2022-01,4종,9313
564,연풍,2022-01,5종,7787
564,연풍,2022-01,6종,1676
565,문경새재,2022-01,1종,95666
565,문경새재,2022-01,2종,2502
565,문경새재,2022-01,3종,4272
565,문경새재,2022-01,4종,5048
565,문경새재,2022-01,5종,5368
565,문경새재,2022-01,6종,2575
566,점촌함창,2022-01,1종,105562
566,점촌함창,2022-01,2종,2351
566,점촌함창,2022-01,3종,6071
566,점촌함창,2022-01,4종,4335
566,점촌함창,2022-01,5종,6009
566,점촌함창,2022-01,6종,3034
567,남고창,2022-01,1종,138936
567,남고창,2022-01,2종,2923
567,남고창,2022-01,3종,4172
567,남고창,2022-01,4종,2289
567,남고창,2022-01,5종,3287
567,남고창,2022-01,6종,4086
568,장성물류,2022-01,1종,44060
568,장성물류,2022-01,2종,6806
568,장성물류,2022-01,3종,3995
568,장성물류,2022-01,4종,6390
568,장성물류,2022-01,5종,9251
568,장성물류,2022-01,6종,1134
569,북광주,2022-01,1종,440887
569,북광주,2022-01,2종,15993
569,북광주,2022-01,3종,16225
569,북광주,2022-01,4종,27919
569,북광주,2022-01,5종,38970
569,북광주,2022-01,6종,11666
570,북상주,2022-01,1종,121632
570,북상주,2022-01,2종,4441
570,북상주,2022-01,3종,8590
570,북상주,2022-01,4종,13447
570,북상주,2022-01,5종,7592
570,북상주,2022-01,6종,3320
571,면천,2022-01,1종,104006
571,면천,2022-01,2종,2097
571,면천,2022-01,3종,3053
571,면천,2022-01,4종,3950
571,면천,2022-01,5종,10374
571,면천,2022-01,6종,4041
572,고덕,2022-01,1종,154124
572,고덕,2022-01,2종,3756
572,고덕,2022-01,3종,6664
572,고덕,2022-01,4종,5648
572,고덕,2022-01,5종,8674
572,고덕,2022-01,6종,5269
573,예산수덕사,2022-01,1종,345975
573,예산수덕사,2022-01,2종,8897
573,예산수덕사,2022-01,3종,11793
573,예산수덕사,2022-01,4종,15887
573,예산수덕사,2022-01,5종,21868
573,예산수덕사,2022-01,6종,11012
574,신양,2022-01,1종,74092
574,신양,2022-01,2종,1605
574,신양,2022-01,3종,2128
574,신양,2022-01,4종,2265
574,신양,2022-01,5종,3397
574,신양,2022-01,6종,2307
575,유구,2022-01,1종,106405
575,유구,2022-01,2종,2231
575,유구,2022-01,3종,2384
575,유구,2022-01,4종,2893
575,유구,2022-01,5종,3863
575,유구,2022-01,6종,3275
576,마곡사,2022-01,1종,53109
576,마곡사,2022-01,2종,1055
576,마곡사,2022-01,3종,1156
576,마곡사,2022-01,4종,1310
576,마곡사,2022-01,5종,2269
576,마곡사,2022-01,6종,1784
577,공주,2022-01,1종,171982
577,공주,2022-01,2종,4308
577,공주,2022-01,3종,6826
577,공주,2022-01,4종,3377
577,공주,2022-01,5종,3827
577,공주,2022-01,6종,6452
578,서세종,2022-01,1종,307869
578,서세종,2022-01,2종,9438
578,서세종,2022-01,3종,8336
578,서세종,2022-01,4종,7619
578,서세종,2022-01,5종,10367
578,서세종,2022-01,6종,10931
579,남세종,2022-01,1종,521290
579,남세종,2022-01,2종,8827
579,남세종,2022-01,3종,8374
579,남세종,2022-01,4종,6845
579,남세종,2022-01,5종,8256
579,남세종,2022-01,6종,23257
580,북강릉,2022-01,1종,374102
580,북강릉,2022-01,2종,6680
580,북강릉,2022-01,3종,5726
580,북강릉,2022-01,4종,3177
580,북강릉,2022-01,5종,6237
580,북강릉,2022-01,6종,12929
581,옥계,2022-01,1종,90456
581,옥계,2022-01,2종,1508
581,옥계,2022-01,3종,1087
581,옥계,2022-01,4종,2467
581,옥계,2022-01,5종,18275
581,옥계,2022-01,6종,4398
582,망상,2022-01,1종,158581
582,망상,2022-01,2종,2668
582,망상,2022-01,3종,6162
582,망상,2022-01,4종,962
582,망상,2022-01,5종,3567
582,망상,2022-01,6종,7475
583,동해,2022-01,1종,320822
583,동해,2022-01,2종,5869
583,동해,2022-01,3종,10937
583,동해,2022-01,4종,4322
583,동해,2022-01,5종,26275
583,동해,2022-01,6종,15832
584,남강릉,2022-01,1종,164284
584,남강릉,2022-01,2종,4685
584,남강릉,2022-01,3종,3755
584,남강릉,2022-01,4종,2540
584,남강릉,2022-01,5종,6219
584,남강릉,2022-01,6종,7839
585,하조대,2022-01,1종,158371
585,하조대,2022-01,2종,2505
585,하조대,2022-01,3종,3057
585,하조대,2022-01,4종,1137
585,하조대,2022-01,5종,1875
585,하조대,2022-01,6종,5422
586,북남원,2022-01,1종,47962
586,북남원,2022-01,2종,1482
586,북남원,2022-01,3종,1166
586,북남원,2022-01,4종,1701
586,북남원,2022-01,5종,2318
586,북남원,2022-01,6종,1405
587,오수,2022-01,1종,156955
587,오수,2022-01,2종,2869
587,오수,2022-01,3종,6184
587,오수,2022-01,4종,5688
587,오수,2022-01,5종,13173
587,오수,2022-01,6종,4192
588,임실,2022-01,1종,59088
588,임실,2022-01,2종,1626
588,임실,2022-01,3종,1962
588,임실,2022-01,4종,1836
588,임실,2022-01,5종,3856
588,임실,2022-01,6종,1644
589,상관,2022-01,1종,192835
589,상관,2022-01,2종,3019
589,상관,2022-01,3종,9194
589,상관,2022-01,4종,6115
589,상관,2022-01,5종,27716
589,상관,2022-01,6종,4615
590,동전주,2022-01,1종,218024
590,동전주,2022-01,2종,3460
590,동전주,2022-01,3종,2413
590,동전주,2022-01,4종,2581
590,동전주,2022-01,5종,5119
590,동전주,2022-01,6종,6651
591,동서천,2022-01,1종,77586
591,동서천,2022-01,2종,1475
591,동서천,2022-01,3종,3606
591,동서천,2022-01,4종,5380
591,동서천,2022-01,5종,15897
591,동서천,2022-01,6종,2143
592,서부여,2022-01,1종,73924
592,서부여,2022-01,2종,1670
592,서부여,2022-01,3종,2679
592,서부여,2022-01,4종,2163
592,서부여,2022-01,5종,2359
592,서부여,2022-01,6종,2449
593,부여,2022-01,1종,97513
593,부여,2022-01,2종,1673
593,부여,2022-01,3종,3019
593,부여,2022-01,4종,3692
593,부여,2022-01,5종,3417
593,부여,2022-01,6종,2933
594,칠갑산,2022-01,1종,77541
594,칠갑산,2022-01,2종,636
594,칠갑산,2022-01,3종,1581
594,칠갑산,2022-01,4종,1343
594,칠갑산,2022-01,5종,1119
594,칠갑산,2022-01,6종,2258
595,서공주,2022-01,1종,150613
595,서공주,2022-01,2종,3568
595,서공주,2022-01,3종,4302
595,서공주,2022-01,4종,5119
595,서공주,2022-01,5종,6848
595,서공주,2022-01,6종,4470
596,가락2,2022-01,1종,28940
596,가락2,2022-01,2종,1652
596,가락2,2022-01,3종,2637
596,가락2,2022-01,4종,4443
596,가락2,2022-01,5종,7854
596,가락2,2022-01,6종,1468
597,서여주,2022-01,1종,158038
597,서여주,2022-01,2종,6284
597,서여주,2022-01,3종,12889
597,서여주,2022-01,4종,11696
597,서여주,2022-01,5종,12639
597,서여주,2022-01,6종,7379
598,북여주,2022-01,1종,209513
598,북여주,2022-01,2종,6190
598,북여주,2022-01,3종,10894
598,북여주,2022-01,4종,7290
598,북여주,2022-01,5종,8181
598,북여주,2022-01,6종,8041
599,양촌,2022-01,1종,58125
599,양촌,2022-01,2종,1120
599,양촌,2022-01,3종,112
599,양촌,2022-01,4종,58
599,양촌,2022-01,5종,24
599,양촌,2022-01,6종,1850
601,남천안,2022-01,1종,267805
601,남천안,2022-01,2종,10347
601,남천안,2022-01,3종,12953
601,남천안,2022-01,4종,16488
601,남천안,2022-01,5종,17191
601,남천안,2022-01,6종,9896
602,풍세상,2022-01,1종,1727268
602,풍세상,2022-01,2종,34644
602,풍세상,2022-01,3종,90550
602,풍세상,2022-01,4종,87316
602,풍세상,2022-01,5종,129138
602,풍세상,2022-01,6종,38146
603,정안,2022-01,1종,357074
603,정안,2022-01,2종,7216
603,정안,2022-01,3종,17665
603,정안,2022-01,4종,9829
603,정안,2022-01,5종,13459
603,정안,2022-01,6종,11359
604,남공주,2022-01,1종,83856
604,남공주,2022-01,2종,3929
604,남공주,2022-01,3종,3875
604,남공주,2022-01,4종,3550
604,남공주,2022-01,5종,7969
604,남공주,2022-01,6종,2546
605,탄천,2022-01,1종,34093
605,탄천,2022-01,2종,1632
605,탄천,2022-01,3종,1825
605,탄천,2022-01,4종,2851
605,탄천,2022-01,5종,5850
605,탄천,2022-01,6종,1354
606,서논산,2022-01,1종,150339
606,서논산,2022-01,2종,5621
606,서논산,2022-01,3종,8608
606,서논산,2022-01,4종,10489
606,서논산,2022-01,5종,12206
606,서논산,2022-01,6종,4734
607,연무,2022-01,1종,139180
607,연무,2022-01,2종,4863
607,연무,2022-01,3종,8662
607,연무,2022-01,4종,9884
607,연무,2022-01,5종,8733
607,연무,2022-01,6종,4158
608,남논산하,2022-01,1종,1122056
608,남논산하,2022-01,2종,17120
608,남논산하,2022-01,3종,52160
608,남논산하,2022-01,4종,42044
608,남논산하,2022-01,5종,87486
608,남논산하,2022-01,6종,19864
612,풍세하,2022-01,1종,1709678
612,풍세하,2022-01,2종,31806
612,풍세하,2022-01,3종,84044
612,풍세하,2022-01,4종,66070
612,풍세하,2022-01,5종,97794
612,풍세하,2022-01,6종,37036
613,남풍세,2022-01,1종,609104
613,남풍세,2022-01,2종,22305
613,남풍세,2022-01,3종,41279
613,남풍세,2022-01,4종,60649
613,남풍세,2022-01,5종,98031
613,남풍세,2022-01,6종,19107
618,남논산상,2022-01,1종,1022826
618,남논산상,2022-01,2종,16322
618,남논산상,2022-01,3종,54466
618,남논산상,2022-01,4종,43486
618,남논산상,2022-01,5종,92986
618,남논산상,2022-01,6종,18032
621,동대구,2022-01,1종,976585
621,동대구,2022-01,2종,24601
621,동대구,2022-01,3종,29904
621,동대구,2022-01,4종,27769
621,동대구,2022-01,5종,32611
621,동대구,2022-01,6종,43778
622,대구,2022-01,1종,1425352
622,대구,2022-01,2종,36594
622,대구,2022-01,3종,30926
622,대구,2022-01,4종,49398
622,대구,2022-01,5종,115212
622,대구,2022-01,6종,41788
623,수성,2022-01,1종,971109
623,수성,2022-01,2종,18156
623,수성,2022-01,3종,11918
623,수성,2022-01,4종,10205
623,수성,2022-01,5종,13787
623,수성,2022-01,6종,38278
624,청도,2022-01,1종,293123
624,청도,2022-01,2종,8241
624,청도,2022-01,3종,8691
624,청도,2022-01,4종,8787
624,청도,2022-01,5종,10589
624,청도,2022-01,6종,10970
625,밀양,2022-01,1종,361940
625,밀양,2022-01,2종,10680
625,밀양,2022-01,3종,10162
625,밀양,2022-01,4종,9791
625,밀양,2022-01,5종,19618
625,밀양,2022-01,6종,13463
626,남밀양,2022-01,1종,447586
626,남밀양,2022-01,2종,16569
626,남밀양,2022-01,3종,15429
626,남밀양,2022-01,4종,14122
626,남밀양,2022-01,5종,29096
626,남밀양,2022-01,6종,21146
627,삼랑진,2022-01,1종,258436
627,삼랑진,2022-01,2종,8372
627,삼랑진,2022-01,3종,8696
627,삼랑진,2022-01,4종,7080
627,삼랑진,2022-01,5종,18742
627,삼랑진,2022-01,6종,13462
628,상동,2022-01,1종,136598
628,상동,2022-01,2종,20087
628,상동,2022-01,3종,12854
628,상동,2022-01,4종,17682
628,상동,2022-01,5종,17006
628,상동,2022-01,6종,7028
629,김해부산,2022-01,1종,1255472
629,김해부산,2022-01,2종,42312
629,김해부산,2022-01,3종,30388
629,김해부산,2022-01,4종,47866
629,김해부산,2022-01,5종,100710
629,김해부산,2022-01,6종,38510
641,울산,2022-01,1종,1116503
641,울산,2022-01,2종,27710
641,울산,2022-01,3종,40884
641,울산,2022-01,4종,27619
641,울산,2022-01,5종,59829
641,울산,2022-01,6종,51360
642,문수,2022-01,1종,269852
642,문수,2022-01,2종,6903
642,문수,2022-01,3종,11918
642,문수,2022-01,4종,11478
642,문수,2022-01,5종,15398
642,문수,2022-01,6종,13532
643,청량,2022-01,1종,817593
643,청량,2022-01,2종,16729
643,청량,2022-01,3종,29299
643,청량,2022-01,4종,48155
643,청량,2022-01,5종,201888
643,청량,2022-01,6종,43272
644,온양,2022-01,1종,188154
644,온양,2022-01,2종,5017
644,온양,2022-01,3종,5033
644,온양,2022-01,4종,4214
644,온양,2022-01,5종,14767
644,온양,2022-01,6종,11231
645,장안,2022-01,1종,380206
645,장안,2022-01,2종,6960
645,장안,2022-01,3종,9192
645,장안,2022-01,4종,11030
645,장안,2022-01,5종,19003
645,장안,2022-01,6종,19976
646,기장일광,2022-01,1종,553963
646,기장일광,2022-01,2종,4809
646,기장일광,2022-01,3종,6026
646,기장일광,2022-01,4종,8071
646,기장일광,2022-01,5종,33453
646,기장일광,2022-01,6종,28058
647,해운대송정,2022-01,1종,253123
647,해운대송정,2022-01,2종,2498
647,해운대송정,2022-01,3종,1757
647,해운대송정,2022-01,4종,1906
647,해운대송정,2022-01,5종,1829
647,해운대송정,2022-01,6종,12586
648,해운대,2022-01,1종,1296854
648,해운대,2022-01,2종,10226
648,해운대,2022-01,3종,12606
648,해운대,2022-01,4종,11035
648,해운대,2022-01,5종,52657
648,해운대,2022-01,6종,62777
651,남양주,2022-01,1종,2111182
651,남양주,2022-01,2종,39367
651,남양주,2022-01,3종,52187
651,남양주,2022-01,4종,30020
651,남양주,2022-01,5종,20660
651,남양주,2022-01,6종,101180
652,화도,2022-01,1종,1281209
652,화도,2022-01,2종,32884
652,화도,2022-01,3종,30505
652,화도,2022-01,4종,26348
652,화도,2022-01,5종,16538
652,화도,2022-01,6종,76896
653,서종,2022-01,1종,219896
653,서종,2022-01,2종,2023
653,서종,2022-01,3종,770
653,서종,2022-01,4종,838
653,서종,2022-01,5종,1669
653,서종,2022-01,6종,10929
654,설악,2022-01,1종,301157
654,설악,2022-01,2종,3026
654,설악,2022-01,3종,4217
654,설악,2022-01,4종,1631
654,설악,2022-01,5종,1896
654,설악,2022-01,6종,13873
655,강촌,2022-01,1종,193139
655,강촌,2022-01,2종,2774
655,강촌,2022-01,3종,6189
655,강촌,2022-01,4종,1830
655,강촌,2022-01,5종,1860
655,강촌,2022-01,6종,7446
656,남춘천,2022-01,1종,197891
656,남춘천,2022-01,2종,2473
656,남춘천,2022-01,3종,3489
656,남춘천,2022-01,4종,2025
656,남춘천,2022-01,5종,4847
656,남춘천,2022-01,6종,7925
657,동산,2022-01,1종,1113768
657,동산,2022-01,2종,14720
657,동산,2022-01,3종,25880
657,동산,2022-01,4종,6926
657,동산,2022-01,5종,15176
657,동산,2022-01,6종,38478
658,조양,2022-01,1종,29276
658,조양,2022-01,2종,517
658,조양,2022-01,3종,842
658,조양,2022-01,4종,696
658,조양,2022-01,5종,807
658,조양,2022-01,6종,1239
671,봉담,2022-01,1종,1274314
671,봉담,2022-01,2종,36899
671,봉담,2022-01,3종,34154
671,봉담,2022-01,4종,24804
671,봉담,2022-01,5종,40314
671,봉담,2022-01,6종,75177
672,정남,2022-01,1종,376189
672,정남,2022-01,2종,19503
672,정남,2022-01,3종,10468
672,정남,2022-01,4종,11978
672,정남,2022-01,5종,15618
672,정남,2022-01,6종,22906
673,북오산,2022-01,1종,1150807
673,북오산,2022-01,2종,25766
673,북오산,2022-01,3종,36358
673,북오산,2022-01,4종,18049
673,북오산,2022-01,5종,12930
673,북오산,2022-01,6종,69491
675,서오산,2022-01,1종,1136936
675,서오산,2022-01,2종,24461
675,서오산,2022-01,3종,26831
675,서오산,2022-01,4종,18027
675,서오산,2022-01,5종,24517
675,서오산,2022-01,6종,65515
676,향남,2022-01,1종,471852
676,향남,2022-01,2종,26346
676,향남,2022-01,3종,18960
676,향남,2022-01,4종,20634
676,향남,2022-01,5종,21600
676,향남,2022-01,6종,29442
677,북평택,2022-01,1종,1946440
677,북평택,2022-01,2종,46165
677,북평택,2022-01,3종,71694
677,북평택,2022-01,4종,46035
677,북평택,2022-01,5종,51986
677,북평택,2022-01,6종,94851
681,장안본선,2022-01,1종,1076516
681,장안본선,2022-01,2종,62312
681,장안본선,2022-01,3종,157164
681,장안본선,2022-01,4종,82708
681,장안본선,2022-01,5종,199872
681,장안본선,2022-01,6종,41686
682,조암,2022-01,1종,309814
682,조암,2022-01,2종,31041
682,조암,2022-01,3종,35781
682,조암,2022-01,4종,31672
682,조암,2022-01,5종,42217
682,조암,2022-01,6종,14314
683,송산마도,2022-01,1종,707850
683,송산마도,2022-01,2종,35786
683,송산마도,2022-01,3종,31960
683,송산마도,2022-01,4종,29760
683,송산마도,2022-01,5종,110210
683,송산마도,2022-01,6종,34454
684,남안산,2022-01,1종,702688
684,남안산,2022-01,2종,62715
684,남안산,2022-01,3종,59786
684,남안산,2022-01,4종,66303
684,남안산,2022-01,5종,85031
684,남안산,2022-01,6종,37596
685,서시흥,2022-01,1종,1349765
685,서시흥,2022-01,2종,63836
685,서시흥,2022-01,3종,80669
685,서시흥,2022-01,4종,90392
685,서시흥,2022-01,5종,239205
685,서시흥,2022-01,6종,63253
701,북양양,2022-01,1종,238578
701,북양양,2022-01,2종,2854
701,북양양,2022-01,3종,3549
701,북양양,2022-01,4종,1447
701,북양양,2022-01,5종,1925
701,북양양,2022-01,6종,8117
702,속초,2022-01,1종,329201
702,속초,2022-01,2종,5223
702,속초,2022-01,3종,6101
702,속초,2022-01,4종,2904
702,속초,2022-01,5종,4357
702,속초,2022-01,6종,9434
703,삼척,2022-01,1종,164026
703,삼척,2022-01,2종,2927
703,삼척,2022-01,3종,5346
703,삼척,2022-01,4종,2179
703,삼척,2022-01,5종,5003
703,삼척,2022-01,6종,7520
704,근덕,2022-01,1종,191458
704,근덕,2022-01,2종,2540
704,근덕,2022-01,3종,3778
704,근덕,2022-01,4종,2399
704,근덕,2022-01,5종,12578
704,근덕,2022-01,6종,6717
705,남이천,2022-01,1종,230375
705,남이천,2022-01,2종,14911
705,남이천,2022-01,3종,15261
705,남이천,2022-01,4종,24256
705,남이천,2022-01,5종,20858
705,남이천,2022-01,6종,9794
706,남경주,2022-01,1종,288993
706,남경주,2022-01,2종,4058
706,남경주,2022-01,3종,8913
706,남경주,2022-01,4종,6242
706,남경주,2022-01,5종,16849
706,남경주,2022-01,6종,12114
707,남포항,2022-01,1종,495093
707,남포항,2022-01,2종,6320
707,남포항,2022-01,3종,11319
707,남포항,2022-01,4종,10728
707,남포항,2022-01,5종,86452
707,남포항,2022-01,6종,18299
708,동경주,2022-01,1종,170170
708,동경주,2022-01,2종,1766
708,동경주,2022-01,3종,1814
708,동경주,2022-01,4종,1671
708,동경주,2022-01,5종,11163
708,동경주,2022-01,6종,6631
710,밀양출구JC,2022-01,1종,91843
710,밀양출구JC,2022-01,2종,4196
710,밀양출구JC,2022-01,3종,8297
710,밀양출구JC,2022-01,4종,3738
710,밀양출구JC,2022-01,5종,9964
710,밀양출구JC,2022-01,6종,3470
711,불갑산(목포),2022-01,1종,11162
711,불갑산(목포),2022-01,2종,120
711,불갑산(목포),2022-01,3종,151
711,불갑산(목포),2022-01,4종,33
711,불갑산(목포),2022-01,5종,34
711,불갑산(목포),2022-01,6종,268
712,동상주,2022-01,1종,77911
712,동상주,2022-01,2종,1773
712,동상주,2022-01,3종,3627
712,동상주,2022-01,4종,3602
712,동상주,2022-01,5종,2997
712,동상주,2022-01,6종,2211
713,서의성,2022-01,1종,51676
713,서의성,2022-01,2종,1091
713,서의성,2022-01,3종,2613
713,서의성,2022-01,4종,2719
713,서의성,2022-01,5종,2841
713,서의성,2022-01,6종,2124
714,북의성,2022-01,1종,48326
714,북의성,2022-01,2종,986
714,북의성,2022-01,3종,1326
714,북의성,2022-01,4종,1294
714,북의성,2022-01,5종,2343
714,북의성,2022-01,6종,1615
715,동안동,2022-01,1종,128679
715,동안동,2022-01,2종,1636
715,동안동,2022-01,3종,1928
715,동안동,2022-01,4종,1364
715,동안동,2022-01,5종,3226
715,동안동,2022-01,6종,4245
716,청송,2022-01,1종,147501
716,청송,2022-01,2종,2128
716,청송,2022-01,3종,1584
716,청송,2022-01,4종,2016
716,청송,2022-01,5종,2140
716,청송,2022-01,6종,5109
720,밀양입구JC,2022-01,1종,88408
720,밀양입구JC,2022-01,2종,3649
720,밀양입구JC,2022-01,3종,9601
720,밀양입구JC,2022-01,4종,3248
720,밀양입구JC,2022-01,5종,9872
720,밀양입구JC,2022-01,6종,3467
722,활천,2022-01,1종,77323
722,활천,2022-01,2종,5903
722,활천,2022-01,3종,9698
722,활천,2022-01,4종,10018
722,활천,2022-01,5종,21147
722,활천,2022-01,6종,3041
723,북구미,2022-01,1종,182240
723,북구미,2022-01,2종,2982
723,북구미,2022-01,3종,624
723,북구미,2022-01,4종,240
723,북구미,2022-01,5종,535
723,북구미,2022-01,6종,7676
724,서함양,2022-01,1종,10708
724,서함양,2022-01,2종,107
724,서함양,2022-01,3종,44
724,서함양,2022-01,4종,16
724,서함양,2022-01,5종,20
724,서함양,2022-01,6종,275
725,임고,2022-01,1종,24854
725,임고,2022-01,2종,213
725,임고,2022-01,3종,74
725,임고,2022-01,4종,41
725,임고,2022-01,5종,27
725,임고,2022-01,6종,500
729,신둔,2022-01,1종,35054
729,신둔,2022-01,2종,3813
729,신둔,2022-01,3종,422
729,신둔,2022-01,4종,0
729,신둔,2022-01,5종,1
729,신둔,2022-01,6종,1979
730,유천,2022-01,1종,456814
730,유천,2022-01,2종,9947
730,유천,2022-01,3종,1647
730,유천,2022-01,4종,432
730,유천,2022-01,5종,1388
730,유천,2022-01,6종,22266
731,북현풍,2022-01,1종,143100
731,북현풍,2022-01,2종,2150
731,북현풍,2022-01,3종,597
731,북현풍,2022-01,4종,11
731,북현풍,2022-01,5종,478
731,북현풍,2022-01,6종,7841
732,행담도,2022-01,1종,26185
732,행담도,2022-01,2종,293
732,행담도,2022-01,3종,126
732,행담도,2022-01,4종,79
732,행담도,2022-01,5종,35
732,행담도,2022-01,6종,1221
733,옥산,2022-01,1종,130948
733,옥산,2022-01,2종,5111
733,옥산,2022-01,3종,1149
733,옥산,2022-01,4종,110
733,옥산,2022-01,5종,69
733,옥산,2022-01,6종,4934
734,동둔내,2022-01,1종,4977
734,동둔내,2022-01,2종,22
734,동둔내,2022-01,3종,3
734,동둔내,2022-01,4종,1
734,동둔내,2022-01,5종,0
734,동둔내,2022-01,6종,100
735,남양평,2022-01,1종,113674
735,남양평,2022-01,2종,2111
735,남양평,2022-01,3종,552
735,남양평,2022-01,4종,36
735,남양평,2022-01,5종,56
735,남양평,2022-01,6종,4855
736,삼성,2022-01,1종,94167
736,삼성,2022-01,2종,8221
736,삼성,2022-01,3종,342
736,삼성,2022-01,4종,68
736,삼성,2022-01,5종,49
736,삼성,2022-01,6종,3338
741,평택고덕,2022-01,1종,452155
741,평택고덕,2022-01,2종,9394
741,평택고덕,2022-01,3종,40120
741,평택고덕,2022-01,4종,15209
741,평택고덕,2022-01,5종,25081
741,평택고덕,2022-01,6종,27729
746,기장일광입구,2022-01,1종,191625
746,기장일광입구,2022-01,2종,2911
746,기장일광입구,2022-01,3종,183
746,기장일광입구,2022-01,4종,63
746,기장일광입구,2022-01,5종,116
746,기장일광입구,2022-01,6종,10411
747,척과구룡,2022-01,1종,85958
747,척과구룡,2022-01,2종,5474
747,척과구룡,2022-01,3종,9689
747,척과구룡,2022-01,4종,5532
747,척과구룡,2022-01,5종,10603
747,척과구룡,2022-01,6종,3604
748,동청송영양,2022-01,1종,78043
748,동청송영양,2022-01,2종,835
748,동청송영양,2022-01,3종,868
748,동청송영양,2022-01,4종,573
748,동청송영양,2022-01,5종,1125
748,동청송영양,2022-01,6종,2163
749,영덕,2022-01,1종,283595
749,영덕,2022-01,2종,2566
749,영덕,2022-01,3종,3487
749,영덕,2022-01,4종,2269
749,영덕,2022-01,5종,6599
749,영덕,2022-01,6종,6691
750,기장동JC,2022-01,1종,371043
750,기장동JC,2022-01,2종,9144
750,기장동JC,2022-01,3종,16637
750,기장동JC,2022-01,4종,6054
750,기장동JC,2022-01,5종,40311
750,기장동JC,2022-01,6종,21289
751,기장일광(KEC),2022-01,1종,290678
751,기장일광(KEC),2022-01,2종,4013
751,기장일광(KEC),2022-01,3종,3418
751,기장일광(KEC),2022-01,4종,4263
751,기장일광(KEC),2022-01,5종,16414
751,기장일광(KEC),2022-01,6종,17579
752,기장철마,2022-01,1종,641549
752,기장철마,2022-01,2종,13254
752,기장철마,2022-01,3종,10039
752,기장철마,2022-01,4종,10387
752,기장철마,2022-01,5종,32336
752,기장철마,2022-01,6종,39348
753,금정,2022-01,1종,287463
753,금정,2022-01,2종,9075
753,금정,2022-01,3종,9593
753,금정,2022-01,4종,8255
753,금정,2022-01,5종,14162
753,금정,2022-01,6종,15625
754,김해가야휴게소,2022-01,1종,71021
754,김해가야휴게소,2022-01,2종,1617
754,김해가야휴게소,2022-01,3종,24
754,김해가야휴게소,2022-01,4종,0
754,김해가야휴게소,2022-01,5종,0
754,김해가야휴게소,2022-01,6종,3420
755,광재,2022-01,1종,428005
755,광재,2022-01,2종,18999
755,광재,2022-01,3종,18707
755,광재,2022-01,4종,17593
755,광재,2022-01,5종,33181
755,광재,2022-01,6종,21928
756,한림,2022-01,1종,119226
756,한림,2022-01,2종,8167
756,한림,2022-01,3종,8466
756,한림,2022-01,4종,6523
756,한림,2022-01,5종,12309
756,한림,2022-01,6종,5316
757,진영,2022-01,1종,229850
757,진영,2022-01,2종,12963
757,진영,2022-01,3종,15243
757,진영,2022-01,4종,18619
757,진영,2022-01,5종,26796
757,진영,2022-01,6종,12110
758,진영휴게소,2022-01,1종,395
758,진영휴게소,2022-01,2종,7
758,진영휴게소,2022-01,3종,9
758,진영휴게소,2022-01,4종,2
758,진영휴게소,2022-01,5종,33
758,진영휴게소,2022-01,6종,23
760,기장서JC,2022-01,1종,656019
760,기장서JC,2022-01,2종,16578
760,기장서JC,2022-01,3종,21384
760,기장서JC,2022-01,4종,8079
760,기장서JC,2022-01,5종,60840
760,기장서JC,2022-01,6종,37926
762,중앙탑,2022-01,1종,44922
762,중앙탑,2022-01,2종,812
762,중앙탑,2022-01,3종,57
762,중앙탑,2022-01,4종,63
762,중앙탑,2022-01,5종,7
762,중앙탑,2022-01,6종,2350
765,내촌,2022-01,1종,31836
765,내촌,2022-01,2종,512
765,내촌,2022-01,3종,304
765,내촌,2022-01,4종,601
765,내촌,2022-01,5종,423
765,내촌,2022-01,6종,1552
766,인제,2022-01,1종,80295
766,인제,2022-01,2종,1335
766,인제,2022-01,3종,739
766,인제,2022-01,4종,887
766,인제,2022-01,5종,708
766,인제,2022-01,6종,3705
767,구병산,2022-01,1종,3357
767,구병산,2022-01,2종,49
767,구병산,2022-01,3종,0
767,구병산,2022-01,4종,0
767,구병산,2022-01,5종,0
767,구병산,2022-01,6종,325
768,서양양,2022-01,1종,11092
768,서양양,2022-01,2종,97
768,서양양,2022-01,3종,47
768,서양양,2022-01,4종,171
768,서양양,2022-01,5종,49
768,서양양,2022-01,6종,280
770,울주동JC,2022-01,1종,174164
770,울주동JC,2022-01,2종,6674
770,울주동JC,2022-01,3종,18517
770,울주동JC,2022-01,4종,5793
770,울주동JC,2022-01,5종,27642
770,울주동JC,2022-01,6종,7942
771,배내골,2022-01,1종,41576
771,배내골,2022-01,2종,219
771,배내골,2022-01,3종,155
771,배내골,2022-01,4종,153
771,배내골,2022-01,5종,66
771,배내골,2022-01,6종,1692
780,울주서JC,2022-01,1종,180181
780,울주서JC,2022-01,2종,6524
780,울주서JC,2022-01,3종,15766
780,울주서JC,2022-01,4종,5938
780,울주서JC,2022-01,5종,27705
780,울주서JC,2022-01,6종,8438
876,양감,2022-01,1종,261888
876,양감,2022-01,2종,13103
876,양감,2022-01,3종,13566
876,양감,2022-01,4종,14245
876,양감,2022-01,5종,11731
876,양감,2022-01,6종,17757
981,서영암,2022-01,1종,282580
981,서영암,2022-01,2종,3993
981,서영암,2022-01,3종,7902
981,서영암,2022-01,4종,10011
981,서영암,2022-01,5종,20486
981,서영암,2022-01,6종,7196
982,강진무위사,2022-01,1종,187345
982,강진무위사,2022-01,2종,2814
982,강진무위사,2022-01,3종,5768
982,강진무위사,2022-01,4종,8384
982,강진무위사,2022-01,5종,8753
982,강진무위사,2022-01,6종,4583
983,장흥,2022-01,1종,103911
983,장흥,2022-01,2종,1381
983,장흥,2022-01,3종,1514
983,장흥,2022-01,4종,1208
983,장흥,2022-01,5종,2122
983,장흥,2022-01,6종,2561
984,보성,2022-01,1종,224449
984,보성,2022-01,2종,5116
984,보성,2022-01,3종,5468
984,보성,2022-01,4종,5797
984,보성,2022-01,5종,16680
984,보성,2022-01,6종,5183
985,벌교,2022-01,1종,159553
985,벌교,2022-01,2종,3427
985,벌교,2022-01,3종,3462
985,벌교,2022-01,4종,3082
985,벌교,2022-01,5종,6798
985,벌교,2022-01,6종,3747
986,고흥,2022-01,1종,242068
986,고흥,2022-01,2종,2950
986,고흥,2022-01,3종,4463
986,고흥,2022-01,4종,6108
986,고흥,2022-01,5종,13329
986,고흥,2022-01,6종,6673
987,남순천,2022-01,1종,583912
987,남순천,2022-01,2종,8681
987,남순천,2022-01,3종,13890
987,남순천,2022-01,4종,19061
987,남순천,2022-01,5종,47667
987,남순천,2022-01,6종,14437
11,인천,2022-02,1종,3674254
11,인천,2022-02,2종,88028
11,인천,2022-02,3종,53236
11,인천,2022-02,4종,60138
11,인천,2022-02,5종,114390
11,인천,2022-02,6종,262600
12,서영암(개),2022-02,1종,57507
12,서영암(개),2022-02,2종,722
12,서영암(개),2022-02,3종,972
12,서영암(개),2022-02,4종,1259
12,서영암(개),2022-02,5종,1547
12,서영암(개),2022-02,6종,2122
13,순천만,2022-02,1종,150221
13,순천만,2022-02,2종,3723
13,순천만,2022-02,3종,3664
13,순천만,2022-02,4종,2890
13,순천만,2022-02,5종,9863
13,순천만,2022-02,6종,5440
25,동부산,2022-02,1종,445082
25,동부산,2022-02,2종,2305
25,동부산,2022-02,3종,1810
25,동부산,2022-02,4종,2750
25,동부산,2022-02,5종,2012
25,동부산,2022-02,6종,11500
29,가락(개),2022-02,1종,798080
29,가락(개),2022-02,2종,17109
29,가락(개),2022-02,3종,17288
29,가락(개),2022-02,4종,18102
29,가락(개),2022-02,5종,114703
29,가락(개),2022-02,6종,57032
53,남인천,2022-02,1종,1713449
53,남인천,2022-02,2종,35945
53,남인천,2022-02,3종,32777
53,남인천,2022-02,4종,22189
53,남인천,2022-02,5종,45687
53,남인천,2022-02,6종,112476
56,일로,2022-02,1종,29803
56,일로,2022-02,2종,486
56,일로,2022-02,3종,378
56,일로,2022-02,4종,650
56,일로,2022-02,5종,2494
56,일로,2022-02,6종,1426
61,성남,2022-02,1종,4208783
61,성남,2022-02,2종,121173
61,성남,2022-02,3종,112574
61,성남,2022-02,4종,104975
61,성남,2022-02,5종,87677
61,성남,2022-02,6종,230138
62,구리남양주,2022-02,1종,4496084
62,구리남양주,2022-02,2종,141803
62,구리남양주,2022-02,3종,113296
62,구리남양주,2022-02,4종,122274
62,구리남양주,2022-02,5종,101821
62,구리남양주,2022-02,6종,270184
63,토평,2022-02,1종,588312
63,토평,2022-02,2종,17593
63,토평,2022-02,3종,11355
63,토평,2022-02,4종,14394
63,토평,2022-02,5종,15385
63,토평,2022-02,6종,36153
64,청계,2022-02,1종,3723956
64,청계,2022-02,2종,87061
64,청계,2022-02,3종,92859
64,청계,2022-02,4종,51583
64,청계,2022-02,5종,62227
64,청계,2022-02,6종,216653
65,판교,2022-02,1종,1986055
65,판교,2022-02,2종,21277
65,판교,2022-02,3종,102547
65,판교,2022-02,4종,7716
65,판교,2022-02,5종,8223
65,판교,2022-02,6종,87488
66,하남,2022-02,1종,807535
66,하남,2022-02,2종,19574
66,하남,2022-02,3종,10637
66,하남,2022-02,4종,11035
66,하남,2022-02,5종,10491
66,하남,2022-02,6종,47528
67,시흥,2022-02,1종,3489938
67,시흥,2022-02,2종,92544
67,시흥,2022-02,3종,80973
67,시흥,2022-02,4종,85390
67,시흥,2022-02,5종,79770
67,시흥,2022-02,6종,203519
68,김포,2022-02,1종,4182402
68,김포,2022-02,2종,120731
68,김포,2022-02,3종,83139
68,김포,2022-02,4종,81768
68,김포,2022-02,5종,121633
68,김포,2022-02,6종,278350
69,대왕판교,2022-02,1종,170945
69,대왕판교,2022-02,2종,1769
69,대왕판교,2022-02,3종,379
69,대왕판교,2022-02,4종,21
69,대왕판교,2022-02,5종,21
69,대왕판교,2022-02,6종,6515
74,덕소삼패,2022-02,1종,342768
74,덕소삼패,2022-02,2종,6557
74,덕소삼패,2022-02,3종,5020
74,덕소삼패,2022-02,4종,7417
74,덕소삼패,2022-02,5종,13178
74,덕소삼패,2022-02,6종,23506
91,대동(개),2022-02,1종,84940
91,대동(개),2022-02,2종,4275
91,대동(개),2022-02,3종,3370
91,대동(개),2022-02,4종,17460
91,대동(개),2022-02,5종,9033
91,대동(개),2022-02,6종,4457
92,내서,2022-02,1종,182740
92,내서,2022-02,2종,5515
92,내서,2022-02,3종,7345
92,내서,2022-02,4종,4446
92,내서,2022-02,5종,11706
92,내서,2022-02,6종,13020
101,서울,2022-02,1종,4467135
101,서울,2022-02,2종,125445
101,서울,2022-02,3종,398392
101,서울,2022-02,4종,119672
101,서울,2022-02,5종,60257
101,서울,2022-02,6종,182312
102,동수원,2022-02,1종,1845623
102,동수원,2022-02,2종,23987
102,동수원,2022-02,3종,54863
102,동수원,2022-02,4종,9422
102,동수원,2022-02,5종,9753
102,동수원,2022-02,6종,93978
103,수원신갈,2022-02,1종,2011991
103,수원신갈,2022-02,2종,75611
103,수원신갈,2022-02,3종,123562
103,수원신갈,2022-02,4종,60637
103,수원신갈,2022-02,5종,28897
103,수원신갈,2022-02,6종,95353
104,지곡,2022-02,1종,36211
104,지곡,2022-02,2종,1003
104,지곡,2022-02,3종,1521
104,지곡,2022-02,4종,2044
104,지곡,2022-02,5종,2669
104,지곡,2022-02,6종,1249
105,기흥,2022-02,1종,690024
105,기흥,2022-02,2종,12903
105,기흥,2022-02,3종,20796
105,기흥,2022-02,4종,8270
105,기흥,2022-02,5종,5822
105,기흥,2022-02,6종,34989
106,오산,2022-02,1종,1100473
106,오산,2022-02,2종,69150
106,오산,2022-02,3종,82663
106,오산,2022-02,4종,71475
106,오산,2022-02,5종,35567
106,오산,2022-02,6종,60481
107,안성,2022-02,1종,929538
107,안성,2022-02,2종,23034
107,안성,2022-02,3종,31835
107,안성,2022-02,4종,15619
107,안성,2022-02,5종,9770
107,안성,2022-02,6종,54537
108,천안,2022-02,1종,1414378
108,천안,2022-02,2종,30524
108,천안,2022-02,3종,64322
108,천안,2022-02,4종,30613
108,천안,2022-02,5종,31875
108,천안,2022-02,6종,64262
109,계룡,2022-02,1종,126138
109,계룡,2022-02,2종,8274
109,계룡,2022-02,3종,7873
109,계룡,2022-02,4종,8473
109,계룡,2022-02,5종,6914
109,계룡,2022-02,6종,6639
110,독립기념관,2022-02,1종,285399
110,독립기념관,2022-02,2종,12712
110,독립기념관,2022-02,3종,18489
110,독립기념관,2022-02,4종,25908
110,독립기념관,2022-02,5종,19923
110,독립기념관,2022-02,6종,12018
111,청주,2022-02,1종,473824
111,청주,2022-02,2종,12769
111,청주,2022-02,3종,34146
111,청주,2022-02,4종,19838
111,청주,2022-02,5종,23342
111,청주,2022-02,6종,19662
112,남청주,2022-02,1종,460048
112,남청주,2022-02,2종,28504
112,남청주,2022-02,3종,24306
112,남청주,2022-02,4종,40670
112,남청주,2022-02,5종,43407
112,남청주,2022-02,6종,18254
113,신탄진,2022-02,1종,633563
113,신탄진,2022-02,2종,25822
113,신탄진,2022-02,3종,22212
113,신탄진,2022-02,4종,43051
113,신탄진,2022-02,5종,57503
113,신탄진,2022-02,6종,30793
114,남대전,2022-02,1종,340471
114,남대전,2022-02,2종,11646
114,남대전,2022-02,3종,16683
114,남대전,2022-02,4종,27046
114,남대전,2022-02,5종,9866
114,남대전,2022-02,6종,16239
115,대전,2022-02,1종,1199280
115,대전,2022-02,2종,26423
115,대전,2022-02,3종,42558
115,대전,2022-02,4종,12442
115,대전,2022-02,5종,10896
115,대전,2022-02,6종,61628
116,옥천,2022-02,1종,388519
116,옥천,2022-02,2종,15071
116,옥천,2022-02,3종,15037
116,옥천,2022-02,4종,26308
116,옥천,2022-02,5종,25542
116,옥천,2022-02,6종,19990
117,금강,2022-02,1종,32863
117,금강,2022-02,2종,823
117,금강,2022-02,3종,1407
117,금강,2022-02,4종,1955
117,금강,2022-02,5종,811
117,금강,2022-02,6종,1803
118,영동,2022-02,1종,86354
118,영동,2022-02,2종,2251
118,영동,2022-02,3종,3556
118,영동,2022-02,4종,3483
118,영동,2022-02,5종,9017
118,영동,2022-02,6종,3609
119,판암,2022-02,1종,496507
119,판암,2022-02,2종,9840
119,판암,2022-02,3종,7318
119,판암,2022-02,4종,4772
119,판암,2022-02,5종,5993
119,판암,2022-02,6종,27555
120,황간,2022-02,1종,74767
120,황간,2022-02,2종,1455
120,황간,2022-02,3종,1991
120,황간,2022-02,4종,3537
120,황간,2022-02,5종,6149
120,황간,2022-02,6종,2798
121,추풍령,2022-02,1종,35820
121,추풍령,2022-02,2종,520
121,추풍령,2022-02,3종,919
121,추풍령,2022-02,4종,1215
121,추풍령,2022-02,5종,2630
121,추풍령,2022-02,6종,1684
122,김천,2022-02,1종,187209
122,김천,2022-02,2종,4136
122,김천,2022-02,3종,5372
122,김천,2022-02,4종,7460
122,김천,2022-02,5종,7934
122,김천,2022-02,6종,7879
123,구미,2022-02,1종,621455
123,구미,2022-02,2종,12878
123,구미,2022-02,3종,19234
123,구미,2022-02,4종,15712
123,구미,2022-02,5종,13497
123,구미,2022-02,6종,26601
124,상주,2022-02,1종,76143
124,상주,2022-02,2종,2417
124,상주,2022-02,3종,3345
124,상주,2022-02,4종,3307
124,상주,2022-02,5종,3887
124,상주,2022-02,6종,2513
125,남구미,2022-02,1종,468888
125,남구미,2022-02,2종,15729
125,남구미,2022-02,3종,25882
125,남구미,2022-02,4종,25248
125,남구미,2022-02,5종,34428
125,남구미,2022-02,6종,22131
126,왜관,2022-02,1종,572058
126,왜관,2022-02,2종,31532
126,왜관,2022-02,3종,26332
126,왜관,2022-02,4종,25640
126,왜관,2022-02,5종,48924
126,왜관,2022-02,6종,23531
127,서대구,2022-02,1종,1583271
127,서대구,2022-02,2종,53851
127,서대구,2022-02,3종,65171
127,서대구,2022-02,4종,53715
127,서대구,2022-02,5종,64617
127,서대구,2022-02,6종,63416
128,금왕꽃동네,2022-02,1종,212995
128,금왕꽃동네,2022-02,2종,12508
128,금왕꽃동네,2022-02,3종,16795
128,금왕꽃동네,2022-02,4종,20295
128,금왕꽃동네,2022-02,5종,29391
128,금왕꽃동네,2022-02,6종,9020
129,북대구,2022-02,1종,1664652
129,북대구,2022-02,2종,43333
129,북대구,2022-02,3종,38890
129,북대구,2022-02,4종,23018
129,북대구,2022-02,5종,41571
129,북대구,2022-02,6종,64085
130,동김천,2022-02,1종,237286
130,동김천,2022-02,2종,6923
130,동김천,2022-02,3종,13176
130,동김천,2022-02,4종,12272
130,동김천,2022-02,5종,20452
130,동김천,2022-02,6종,8853
131,경산,2022-02,1종,766516
131,경산,2022-02,2종,50314
131,경산,2022-02,3종,46037
131,경산,2022-02,4종,49056
131,경산,2022-02,5종,46833
131,경산,2022-02,6종,37168
132,영천,2022-02,1종,327417
132,영천,2022-02,2종,13246
132,영천,2022-02,3종,23449
132,영천,2022-02,4종,21505
132,영천,2022-02,5종,29162
132,영천,2022-02,6종,12841
133,서경주,2022-02,1종,151180
133,서경주,2022-02,2종,4857
133,서경주,2022-02,3종,7450
133,서경주,2022-02,4종,8016
133,서경주,2022-02,5종,20025
133,서경주,2022-02,6종,4838
134,선산,2022-02,1종,71774
134,선산,2022-02,2종,2469
134,선산,2022-02,3종,3320
134,선산,2022-02,4종,3616
134,선산,2022-02,5종,3630
134,선산,2022-02,6종,2402
135,경주,2022-02,1종,756301
135,경주,2022-02,2종,14108
135,경주,2022-02,3종,37649
135,경주,2022-02,4종,29381
135,경주,2022-02,5종,47424
135,경주,2022-02,6종,26128
136,음성,2022-02,1종,204240
136,음성,2022-02,2종,7502
136,음성,2022-02,3종,11524
136,음성,2022-02,4종,13907
136,음성,2022-02,5종,18880
136,음성,2022-02,6종,7007
137,통도사,2022-02,1종,249544
137,통도사,2022-02,2종,13929
137,통도사,2022-02,3종,17677
137,통도사,2022-02,4종,14427
137,통도사,2022-02,5종,21601
137,통도사,2022-02,6종,12652
138,양산,2022-02,1종,693685
138,양산,2022-02,2종,61264
138,양산,2022-02,3종,47512
138,양산,2022-02,4종,53333
138,양산,2022-02,5종,57272
138,양산,2022-02,6종,32052
139,서울산,2022-02,1종,446532
139,서울산,2022-02,2종,12973
139,서울산,2022-02,3종,16368
139,서울산,2022-02,4종,10887
139,서울산,2022-02,5종,14527
139,서울산,2022-02,6종,22188
140,부산,2022-02,1종,1628941
140,부산,2022-02,2종,39546
140,부산,2022-02,3종,35086
140,부산,2022-02,4종,27164
140,부산,2022-02,5종,38721
140,부산,2022-02,6종,77837
142,군북,2022-02,1종,379748
142,군북,2022-02,2종,9091
142,군북,2022-02,3종,13657
142,군북,2022-02,4종,9902
142,군북,2022-02,5종,24940
142,군북,2022-02,6종,19915
143,장지,2022-02,1종,103160
143,장지,2022-02,2종,3033
143,장지,2022-02,3종,4741
143,장지,2022-02,4종,4506
143,장지,2022-02,5종,17297
143,장지,2022-02,6종,6163
144,함안,2022-02,1종,237377
144,함안,2022-02,2종,7523
144,함안,2022-02,3종,9047
144,함안,2022-02,4종,7464
144,함안,2022-02,5종,17513
144,함안,2022-02,6종,13785
145,산인,2022-02,1종,813949
145,산인,2022-02,2종,14310
145,산인,2022-02,3종,27388
145,산인,2022-02,4종,12359
145,산인,2022-02,5종,22186
145,산인,2022-02,6종,36712
146,동창원,2022-02,1종,531533
146,동창원,2022-02,2종,14588
146,동창원,2022-02,3종,13372
146,동창원,2022-02,4종,12475
146,동창원,2022-02,5종,20086
146,동창원,2022-02,6종,32618
147,진례,2022-02,1종,399562
147,진례,2022-02,2종,26395
147,진례,2022-02,3종,28691
147,진례,2022-02,4종,27271
147,진례,2022-02,5종,36245
147,진례,2022-02,6종,25013
148,서김해,2022-02,1종,735401
148,서김해,2022-02,2종,20740
148,서김해,2022-02,3종,21847
148,서김해,2022-02,4종,18553
148,서김해,2022-02,5종,17614
148,서김해,2022-02,6종,46613
149,동김해,2022-02,1종,908580
149,동김해,2022-02,2종,27346
149,동김해,2022-02,3종,20415
149,동김해,2022-02,4종,12094
149,동김해,2022-02,5종,13214
149,동김해,2022-02,6종,59134
150,북부산,2022-02,1종,1491935
150,북부산,2022-02,2종,24255
150,북부산,2022-02,3종,20844
150,북부산,2022-02,4종,11402
150,북부산,2022-02,5종,28391
150,북부산,2022-02,6종,86067
151,북대전,2022-02,1종,687793
151,북대전,2022-02,2종,10514
151,북대전,2022-02,3종,19211
151,북대전,2022-02,4종,16860
151,북대전,2022-02,5종,19308
151,북대전,2022-02,6종,33437
152,유성,2022-02,1종,986543
152,유성,2022-02,2종,17494
152,유성,2022-02,3종,26430
152,유성,2022-02,4종,14095
152,유성,2022-02,5종,12678
152,유성,2022-02,6종,40683
153,서대전,2022-02,1종,847664
153,서대전,2022-02,2종,16828
153,서대전,2022-02,3종,17011
153,서대전,2022-02,4종,14948
153,서대전,2022-02,5종,12883
153,서대전,2022-02,6종,42352
154,안영,2022-02,1종,423784
154,안영,2022-02,2종,11754
154,안영,2022-02,3종,10396
154,안영,2022-02,4종,6658
154,안영,2022-02,5종,7702
154,안영,2022-02,6종,19653
155,논산,2022-02,1종,213086
155,논산,2022-02,2종,8864
155,논산,2022-02,3종,15059
155,논산,2022-02,4종,15547
155,논산,2022-02,5종,14073
155,논산,2022-02,6종,7810
156,익산,2022-02,1종,252088
156,익산,2022-02,2종,15913
156,익산,2022-02,3종,21266
156,익산,2022-02,4종,26911
156,익산,2022-02,5종,34064
156,익산,2022-02,6종,6591
157,삼례,2022-02,1종,94757
157,삼례,2022-02,2종,3434
157,삼례,2022-02,3종,5805
157,삼례,2022-02,4종,7113
157,삼례,2022-02,5종,10060
157,삼례,2022-02,6종,2643
158,전주,2022-02,1종,370646
158,전주,2022-02,2종,10943
158,전주,2022-02,3종,29315
158,전주,2022-02,4종,17676
158,전주,2022-02,5종,25949
158,전주,2022-02,6종,10323
159,서전주,2022-02,1종,312661
159,서전주,2022-02,2종,8366
159,서전주,2022-02,3종,10231
159,서전주,2022-02,4종,12304
159,서전주,2022-02,5종,9348
159,서전주,2022-02,6종,8162
160,김제,2022-02,1종,111923
160,김제,2022-02,2종,4863
160,김제,2022-02,3종,7304
160,김제,2022-02,4종,9356
160,김제,2022-02,5종,6129
160,김제,2022-02,6종,3059
161,금산사,2022-02,1종,29742
161,금산사,2022-02,2종,983
161,금산사,2022-02,3종,919
161,금산사,2022-02,4종,1157
161,금산사,2022-02,5종,1111
161,금산사,2022-02,6종,797
162,태인,2022-02,1종,84447
162,태인,2022-02,2종,2929
162,태인,2022-02,3종,6280
162,태인,2022-02,4종,7072
162,태인,2022-02,5종,8116
162,태인,2022-02,6종,2212
163,정읍,2022-02,1종,187637
163,정읍,2022-02,2종,6401
163,정읍,2022-02,3종,10503
163,정읍,2022-02,4종,10837
163,정읍,2022-02,5종,10291
163,정읍,2022-02,6종,4633
164,무주,2022-02,1종,172458
164,무주,2022-02,2종,1939
164,무주,2022-02,3종,3652
164,무주,2022-02,4종,2851
164,무주,2022-02,5종,2567
164,무주,2022-02,6종,5422
165,백양사,2022-02,1종,48249
165,백양사,2022-02,2종,1278
165,백양사,2022-02,3종,1287
165,백양사,2022-02,4종,1911
165,백양사,2022-02,5종,986
165,백양사,2022-02,6종,1332
166,장성,2022-02,1종,166222
166,장성,2022-02,2종,8897
166,장성,2022-02,3종,10836
166,장성,2022-02,4종,12512
166,장성,2022-02,5종,11907
166,장성,2022-02,6종,4739
167,광주,2022-02,1종,967493
167,광주,2022-02,2종,29523
167,광주,2022-02,3종,48754
167,광주,2022-02,4종,53306
167,광주,2022-02,5종,37362
167,광주,2022-02,6종,25621
168,덕유산,2022-02,1종,85069
168,덕유산,2022-02,2종,870
168,덕유산,2022-02,3종,1052
168,덕유산,2022-02,4종,994
168,덕유산,2022-02,5종,587
168,덕유산,2022-02,6종,1847
169,장수,2022-02,1종,97434
169,장수,2022-02,2종,1842
169,장수,2022-02,3종,2265
169,장수,2022-02,4종,2464
169,장수,2022-02,5종,1868
169,장수,2022-02,6종,2533
170,서상,2022-02,1종,52207
170,서상,2022-02,2종,1149
170,서상,2022-02,3종,2806
170,서상,2022-02,4종,3330
170,서상,2022-02,5종,3553
170,서상,2022-02,6종,2135
171,마성,2022-02,1종,423687
171,마성,2022-02,2종,7852
171,마성,2022-02,3종,13917
171,마성,2022-02,4종,6406
171,마성,2022-02,5종,3518
171,마성,2022-02,6종,18471
172,용인,2022-02,1종,788164
172,용인,2022-02,2종,42561
172,용인,2022-02,3종,31502
172,용인,2022-02,4종,26772
172,용인,2022-02,5종,23028
172,용인,2022-02,6종,47565
173,양지,2022-02,1종,836849
173,양지,2022-02,2종,72978
173,양지,2022-02,3종,51185
173,양지,2022-02,4종,66291
173,양지,2022-02,5종,53489
173,양지,2022-02,6종,39538
174,춘천,2022-02,1종,771189
174,춘천,2022-02,2종,14972
174,춘천,2022-02,3종,17066
174,춘천,2022-02,4종,8785
174,춘천,2022-02,5종,7421
174,춘천,2022-02,6종,40249
175,덕평,2022-02,1종,378800
175,덕평,2022-02,2종,37971
175,덕평,2022-02,3종,25310
175,덕평,2022-02,4종,37618
175,덕평,2022-02,5종,27772
175,덕평,2022-02,6종,20082
176,이천,2022-02,1종,495392
176,이천,2022-02,2종,23709
176,이천,2022-02,3종,41146
176,이천,2022-02,4종,42338
176,이천,2022-02,5종,40183
176,이천,2022-02,6종,25012
177,여주,2022-02,1종,270946
177,여주,2022-02,2종,8361
177,여주,2022-02,3종,25997
177,여주,2022-02,4종,25488
177,여주,2022-02,5종,15660
177,여주,2022-02,6종,10810
178,문막,2022-02,1종,235106
178,문막,2022-02,2종,15200
178,문막,2022-02,3종,19855
178,문막,2022-02,4종,14325
178,문막,2022-02,5종,15522
178,문막,2022-02,6종,10944
179,홍천,2022-02,1종,310132
179,홍천,2022-02,2종,7026
179,홍천,2022-02,3종,10707
179,홍천,2022-02,4종,6170
179,홍천,2022-02,5종,7028
179,홍천,2022-02,6종,18028
180,원주,2022-02,1종,293342
180,원주,2022-02,2종,13758
180,원주,2022-02,3종,14541
180,원주,2022-02,4종,15328
180,원주,2022-02,5종,12899
180,원주,2022-02,6종,14896
181,새말,2022-02,1종,180985
181,새말,2022-02,2종,6195
181,새말,2022-02,3종,8023
181,새말,2022-02,4종,6514
181,새말,2022-02,5종,5958
181,새말,2022-02,6종,6666
182,둔내,2022-02,1종,147631
182,둔내,2022-02,2종,2244
182,둔내,2022-02,3종,2826
182,둔내,2022-02,4종,1535
182,둔내,2022-02,5종,1494
182,둔내,2022-02,6종,4945
183,면온,2022-02,1종,119696
183,면온,2022-02,2종,838
183,면온,2022-02,3종,1152
183,면온,2022-02,4종,594
183,면온,2022-02,5종,1353
183,면온,2022-02,6종,3476
184,대관령,2022-02,1종,256354
184,대관령,2022-02,2종,3361
184,대관령,2022-02,3종,5773
184,대관령,2022-02,4종,827
184,대관령,2022-02,5종,1031
184,대관령,2022-02,6종,8390
185,평창,2022-02,1종,98023
185,평창,2022-02,2종,1892
185,평창,2022-02,3종,4856
185,평창,2022-02,4종,1374
185,평창,2022-02,5종,3534
185,평창,2022-02,6종,3175
186,속사,2022-02,1종,36518
186,속사,2022-02,2종,497
186,속사,2022-02,3종,731
186,속사,2022-02,4종,507
186,속사,2022-02,5종,570
186,속사,2022-02,6종,1013
187,진부,2022-02,1종,124169
187,진부,2022-02,2종,2357
187,진부,2022-02,3종,3716
187,진부,2022-02,4종,1601
187,진부,2022-02,5종,1813
187,진부,2022-02,6종,3847
188,서충주,2022-02,1종,134848
188,서충주,2022-02,2종,4819
188,서충주,2022-02,3종,9953
188,서충주,2022-02,4종,11370
188,서충주,2022-02,5종,14324
188,서충주,2022-02,6종,5076
189,강릉,2022-02,1종,610202
189,강릉,2022-02,2종,12583
189,강릉,2022-02,3종,24042
189,강릉,2022-02,4종,8657
189,강릉,2022-02,5종,13212
189,강릉,2022-02,6종,25203
190,동서울,2022-02,1종,3082703
190,동서울,2022-02,2종,132032
190,동서울,2022-02,3종,130314
190,동서울,2022-02,4종,115245
190,동서울,2022-02,5종,83329
190,동서울,2022-02,6종,127712
191,경기광주,2022-02,1종,639114
191,경기광주,2022-02,2종,31975
191,경기광주,2022-02,3종,23707
191,경기광주,2022-02,4종,16527
191,경기광주,2022-02,5종,11842
191,경기광주,2022-02,6종,38908
192,곤지암,2022-02,1종,623551
192,곤지암,2022-02,2종,46554
192,곤지암,2022-02,3종,30533
192,곤지암,2022-02,4종,37365
192,곤지암,2022-02,5종,29825
192,곤지암,2022-02,6종,31977
193,일죽,2022-02,1종,334763
193,일죽,2022-02,2종,23381
193,일죽,2022-02,3종,29462
193,일죽,2022-02,4종,39876
193,일죽,2022-02,5종,27465
193,일죽,2022-02,6종,12644
194,서이천,2022-02,1종,420339
194,서이천,2022-02,2종,46994
194,서이천,2022-02,3종,35602
194,서이천,2022-02,4종,35367
194,서이천,2022-02,5종,24267
194,서이천,2022-02,6종,21738
195,대소,2022-02,1종,206834
195,대소,2022-02,2종,20205
195,대소,2022-02,3종,31679
195,대소,2022-02,4종,35516
195,대소,2022-02,5종,27443
195,대소,2022-02,6종,8671
196,진천,2022-02,1종,265994
196,진천,2022-02,2종,14814
196,진천,2022-02,3종,20504
196,진천,2022-02,4종,27020
196,진천,2022-02,5종,25035
196,진천,2022-02,6종,11909
197,증평,2022-02,1종,286440
197,증평,2022-02,2종,13214
197,증평,2022-02,3종,20340
197,증평,2022-02,4종,31230
197,증평,2022-02,5종,26330
197,증평,2022-02,6종,10484
198,서청주,2022-02,1종,608472
198,서청주,2022-02,2종,20933
198,서청주,2022-02,3종,25798
198,서청주,2022-02,4종,23405
198,서청주,2022-02,5종,19672
198,서청주,2022-02,6종,26182
199,오창,2022-02,1종,436787
199,오창,2022-02,2종,11488
199,오창,2022-02,3종,19739
199,오창,2022-02,4종,17403
199,오창,2022-02,5종,19724
199,오창,2022-02,6종,16772
200,금산,2022-02,1종,132134
200,금산,2022-02,2종,2297
200,금산,2022-02,3종,4975
200,금산,2022-02,4종,3189
200,금산,2022-02,5종,6101
200,금산,2022-02,6종,5764
201,칠곡,2022-02,1종,613435
201,칠곡,2022-02,2종,15830
201,칠곡,2022-02,3종,13702
201,칠곡,2022-02,4종,9252
201,칠곡,2022-02,5종,13701
201,칠곡,2022-02,6종,28890
202,다부,2022-02,1종,113099
202,다부,2022-02,2종,5137
202,다부,2022-02,3종,3628
202,다부,2022-02,4종,3648
202,다부,2022-02,5종,8916
202,다부,2022-02,6종,3798
203,가산,2022-02,1종,465303
203,가산,2022-02,2종,14288
203,가산,2022-02,3종,14895
203,가산,2022-02,4종,14370
203,가산,2022-02,5종,33748
203,가산,2022-02,6종,18062
204,추부,2022-02,1종,173833
204,추부,2022-02,2종,5363
204,추부,2022-02,3종,5266
204,추부,2022-02,4종,6349
204,추부,2022-02,5종,5549
204,추부,2022-02,6종,8291
205,군위,2022-02,1종,154727
205,군위,2022-02,2종,3647
205,군위,2022-02,3종,4064
205,군위,2022-02,4종,3507
205,군위,2022-02,5종,5139
205,군위,2022-02,6종,6110
206,의성,2022-02,1종,155055
206,의성,2022-02,2종,2653
206,의성,2022-02,3종,3327
206,의성,2022-02,4종,2117
206,의성,2022-02,5종,3863
206,의성,2022-02,6종,4922
207,남안동,2022-02,1종,253388
207,남안동,2022-02,2종,5905
207,남안동,2022-02,3종,5358
207,남안동,2022-02,4종,4676
207,남안동,2022-02,5종,8203
207,남안동,2022-02,6종,8287
208,서안동,2022-02,1종,220256
208,서안동,2022-02,2종,4676
208,서안동,2022-02,3종,11867
208,서안동,2022-02,4종,6256
208,서안동,2022-02,5종,8938
208,서안동,2022-02,6종,6318
209,예천,2022-02,1종,25937
209,예천,2022-02,2종,487
209,예천,2022-02,3종,441
209,예천,2022-02,4종,741
209,예천,2022-02,5종,759
209,예천,2022-02,6종,817
210,영주,2022-02,1종,177856
210,영주,2022-02,2종,3697
210,영주,2022-02,3종,6474
210,영주,2022-02,4종,6035
210,영주,2022-02,5종,17807
210,영주,2022-02,6종,5031
211,풍기,2022-02,1종,205416
211,풍기,2022-02,2종,3383
211,풍기,2022-02,3종,7455
211,풍기,2022-02,4종,5416
211,풍기,2022-02,5종,8221
211,풍기,2022-02,6종,6109
212,북수원,2022-02,1종,1017493
212,북수원,2022-02,2종,25571
212,북수원,2022-02,3종,32680
212,북수원,2022-02,4종,20732
212,북수원,2022-02,5종,19098
212,북수원,2022-02,6종,49391
213,부곡,2022-02,1종,294989
213,부곡,2022-02,2종,10909
213,부곡,2022-02,3종,7010
213,부곡,2022-02,4종,10026
213,부곡,2022-02,5종,57677
213,부곡,2022-02,6종,18797
214,동군포,2022-02,1종,243300
214,동군포,2022-02,2종,14233
214,동군포,2022-02,3종,13985
214,동군포,2022-02,4종,33672
214,동군포,2022-02,5종,20173
214,동군포,2022-02,6종,14556
215,군포,2022-02,1종,620619
215,군포,2022-02,2종,18677
215,군포,2022-02,3종,18404
215,군포,2022-02,4종,10450
215,군포,2022-02,5종,12462
215,군포,2022-02,6종,36670
216,횡성,2022-02,1종,168554
216,횡성,2022-02,2종,4908
216,횡성,2022-02,3종,4834
216,횡성,2022-02,4종,4345
216,횡성,2022-02,5종,5720
216,횡성,2022-02,6종,8115
217,북원주,2022-02,1종,65433
217,북원주,2022-02,2종,2710
217,북원주,2022-02,3종,2079
217,북원주,2022-02,4종,2299
217,북원주,2022-02,5종,1819
217,북원주,2022-02,6종,3137
218,남원주,2022-02,1종,589033
218,남원주,2022-02,2종,11180
218,남원주,2022-02,3종,19805
218,남원주,2022-02,4종,6686
218,남원주,2022-02,5종,8072
218,남원주,2022-02,6종,26564
219,신림,2022-02,1종,106710
219,신림,2022-02,2종,2099
219,신림,2022-02,3종,1319
219,신림,2022-02,4종,1962
219,신림,2022-02,5종,7007
219,신림,2022-02,6종,4126
220,덕평휴게소,2022-02,1종,5219
220,덕평휴게소,2022-02,2종,173
220,덕평휴게소,2022-02,3종,38
220,덕평휴게소,2022-02,4종,24
220,덕평휴게소,2022-02,5종,33
220,덕평휴게소,2022-02,6종,336
221,생초,2022-02,1종,53626
221,생초,2022-02,2종,1155
221,생초,2022-02,3종,2270
221,생초,2022-02,4종,2995
221,생초,2022-02,5종,7417
221,생초,2022-02,6종,1508
222,산청,2022-02,1종,51060
222,산청,2022-02,2종,1271
222,산청,2022-02,3종,1529
222,산청,2022-02,4종,1595
222,산청,2022-02,5종,2373
222,산청,2022-02,6종,1811
223,단성,2022-02,1종,90019
223,단성,2022-02,2종,1556
223,단성,2022-02,3종,3308
223,단성,2022-02,4종,4016
223,단성,2022-02,5종,4846
223,단성,2022-02,6종,3161
224,함양,2022-02,1종,100299
224,함양,2022-02,2종,2415
224,함양,2022-02,3종,4745
224,함양,2022-02,4종,1740
224,함양,2022-02,5종,2352
224,함양,2022-02,6종,4232
225,서진주,2022-02,1종,277236
225,서진주,2022-02,2종,5942
225,서진주,2022-02,3종,6443
225,서진주,2022-02,4종,4987
225,서진주,2022-02,5종,17517
225,서진주,2022-02,6종,11312
226,금강휴게소,2022-02,1종,8880
226,금강휴게소,2022-02,2종,223
226,금강휴게소,2022-02,3종,309
226,금강휴게소,2022-02,4종,354
226,금강휴게소,2022-02,5종,140
226,금강휴게소,2022-02,6종,252
227,군산,2022-02,1종,232339
227,군산,2022-02,2종,3365
227,군산,2022-02,3종,10124
227,군산,2022-02,4종,7459
227,군산,2022-02,5종,12578
227,군산,2022-02,6종,6189
228,동군산,2022-02,1종,203499
228,동군산,2022-02,2종,5274
228,동군산,2022-02,3종,9772
228,동군산,2022-02,4종,9677
228,동군산,2022-02,5종,20490
228,동군산,2022-02,6종,4670
229,북천안,2022-02,1종,482089
229,북천안,2022-02,2종,22873
229,북천안,2022-02,3종,33664
229,북천안,2022-02,4종,43283
229,북천안,2022-02,5종,40162
229,북천안,2022-02,6종,22403
230,팔공산,2022-02,1종,693763
230,팔공산,2022-02,2종,18469
230,팔공산,2022-02,3종,13238
230,팔공산,2022-02,4종,9203
230,팔공산,2022-02,5종,12414
230,팔공산,2022-02,6종,31483
231,화원옥포,2022-02,1종,613558
231,화원옥포,2022-02,2종,20337
231,화원옥포,2022-02,3종,16363
231,화원옥포,2022-02,4종,14151
231,화원옥포,2022-02,5종,17931
231,화원옥포,2022-02,6종,33534
232,달성,2022-02,1종,176120
232,달성,2022-02,2종,10017
232,달성,2022-02,3종,14704
232,달성,2022-02,4종,6851
232,달성,2022-02,5종,6129
232,달성,2022-02,6종,9812
233,현풍,2022-02,1종,528283
233,현풍,2022-02,2종,24216
233,현풍,2022-02,3종,32231
233,현풍,2022-02,4종,29149
233,현풍,2022-02,5종,43730
233,현풍,2022-02,6종,25105
234,서천,2022-02,1종,164964
234,서천,2022-02,2종,3239
234,서천,2022-02,3종,5243
234,서천,2022-02,4종,7530
234,서천,2022-02,5종,20623
234,서천,2022-02,6종,4881
235,창녕,2022-02,1종,131248
235,창녕,2022-02,2종,3654
235,창녕,2022-02,3종,5483
235,창녕,2022-02,4종,3787
235,창녕,2022-02,5종,6826
235,창녕,2022-02,6종,4790
236,영산,2022-02,1종,128960
236,영산,2022-02,2종,5413
236,영산,2022-02,3종,6571
236,영산,2022-02,4종,9157
236,영산,2022-02,5종,14834
236,영산,2022-02,6종,4446
237,남지,2022-02,1종,112593
237,남지,2022-02,2종,4912
237,남지,2022-02,3종,10524
237,남지,2022-02,4종,11960
237,남지,2022-02,5종,23526
237,남지,2022-02,6종,6090
238,칠서,2022-02,1종,173009
238,칠서,2022-02,2종,13545
238,칠서,2022-02,3종,18300
238,칠서,2022-02,4종,21017
238,칠서,2022-02,5종,44766
238,칠서,2022-02,6종,8517
239,칠원,2022-02,1종,479322
239,칠원,2022-02,2종,14102
239,칠원,2022-02,3종,26992
239,칠원,2022-02,4종,29398
239,칠원,2022-02,5종,38425
239,칠원,2022-02,6종,18141
240,제천,2022-02,1종,473444
240,제천,2022-02,2종,9804
240,제천,2022-02,3종,14266
240,제천,2022-02,4종,9790
240,제천,2022-02,5종,21332
240,제천,2022-02,6종,16991
241,동고령,2022-02,1종,275904
241,동고령,2022-02,2종,12864
241,동고령,2022-02,3종,14613
241,동고령,2022-02,4종,22129
241,동고령,2022-02,5종,29366
241,동고령,2022-02,6종,11116
242,고령,2022-02,1종,232124
242,고령,2022-02,2종,5729
242,고령,2022-02,3종,8165
242,고령,2022-02,4종,6521
242,고령,2022-02,5종,18541
242,고령,2022-02,6종,9094
243,해인사,2022-02,1종,110740
243,해인사,2022-02,2종,1877
243,해인사,2022-02,3종,1820
243,해인사,2022-02,4종,1336
243,해인사,2022-02,5종,2530
243,해인사,2022-02,6종,5257
244,서부산,2022-02,1종,1307276
244,서부산,2022-02,2종,26213
244,서부산,2022-02,3종,46149
244,서부산,2022-02,4종,30465
244,서부산,2022-02,5종,79902
244,서부산,2022-02,6종,66650
245,장유,2022-02,1종,1382961
245,장유,2022-02,2종,29924
245,장유,2022-02,3종,45878
245,장유,2022-02,4종,25702
245,장유,2022-02,5종,35038
245,장유,2022-02,6종,85128
246,가락,2022-02,1종,18302
246,가락,2022-02,2종,1781
246,가락,2022-02,3종,3159
246,가락,2022-02,4종,4786
246,가락,2022-02,5종,7698
246,가락,2022-02,6종,653
247,남원,2022-02,1종,152375
247,남원,2022-02,2종,3937
247,남원,2022-02,3종,5155
247,남원,2022-02,4종,3614
247,남원,2022-02,5종,11239
247,남원,2022-02,6종,5612
248,순창,2022-02,1종,141821
248,순창,2022-02,2종,3061
248,순창,2022-02,3종,3362
248,순창,2022-02,4종,3361
248,순창,2022-02,5종,6956
248,순창,2022-02,6종,4721
249,담양,2022-02,1종,166486
249,담양,2022-02,2종,3241
249,담양,2022-02,3종,7877
249,담양,2022-02,4종,3479
249,담양,2022-02,5종,6081
249,담양,2022-02,6종,5430
250,남양산,2022-02,1종,1193983
250,남양산,2022-02,2종,30551
250,남양산,2022-02,3종,38919
250,남양산,2022-02,4종,17616
250,남양산,2022-02,5종,24449
250,남양산,2022-02,6종,78330
251,물금,2022-02,1종,612935
251,물금,2022-02,2종,42528
251,물금,2022-02,3종,19213
251,물금,2022-02,4종,39221
251,물금,2022-02,5종,62395
251,물금,2022-02,6종,41876
252,대동,2022-02,1종,2186435
252,대동,2022-02,2종,87764
252,대동,2022-02,3종,71759
252,대동,2022-02,4종,81399
252,대동,2022-02,5종,241799
252,대동,2022-02,6종,105843
253,서서울,2022-02,1종,4348278
253,서서울,2022-02,2종,126158
253,서서울,2022-02,3종,109507
253,서서울,2022-02,4종,132927
253,서서울,2022-02,5종,128287
253,서서울,2022-02,6종,213482
254,군자,2022-02,1종,2015431
254,군자,2022-02,2종,76053
254,군자,2022-02,3종,66208
254,군자,2022-02,4종,83336
254,군자,2022-02,5종,133750
254,군자,2022-02,6종,110524
255,서안산,2022-02,1종,1567388
255,서안산,2022-02,2종,62556
255,서안산,2022-02,3종,51536
255,서안산,2022-02,4종,50852
255,서안산,2022-02,5종,49658
255,서안산,2022-02,6종,89578
256,안산,2022-02,1종,761596
256,안산,2022-02,2종,17397
256,안산,2022-02,3종,12751
256,안산,2022-02,4종,6592
256,안산,2022-02,5종,7259
256,안산,2022-02,6종,50610
257,홍성,2022-02,1종,186040
257,홍성,2022-02,2종,2744
257,홍성,2022-02,3종,4739
257,홍성,2022-02,4종,3934
257,홍성,2022-02,5종,6339
257,홍성,2022-02,6종,5638
258,광천,2022-02,1종,128721
258,광천,2022-02,2종,3657
258,광천,2022-02,3종,6591
258,광천,2022-02,4종,6808
258,광천,2022-02,5종,12708
258,광천,2022-02,6종,3761
259,대천,2022-02,1종,226068
259,대천,2022-02,2종,3379
259,대천,2022-02,3종,6266
259,대천,2022-02,4종,2493
259,대천,2022-02,5종,4324
259,대천,2022-02,6종,6836
260,춘장대,2022-02,1종,38043
260,춘장대,2022-02,2종,776
260,춘장대,2022-02,3종,977
260,춘장대,2022-02,4종,1449
260,춘장대,2022-02,5종,3035
260,춘장대,2022-02,6종,1164
261,동광주,2022-02,1종,1081111
261,동광주,2022-02,2종,21832
261,동광주,2022-02,3종,39401
261,동광주,2022-02,4종,23034
261,동광주,2022-02,5종,36206
261,동광주,2022-02,6종,30803
262,창평,2022-02,1종,117698
262,창평,2022-02,2종,5596
262,창평,2022-02,3종,2501
262,창평,2022-02,4종,3641
262,창평,2022-02,5종,2841
262,창평,2022-02,6종,3838
263,옥과,2022-02,1종,199561
263,옥과,2022-02,2종,3070
263,옥과,2022-02,3종,6809
263,옥과,2022-02,4종,2679
263,옥과,2022-02,5종,5143
263,옥과,2022-02,6종,6674
264,동남원,2022-02,1종,32816
264,동남원,2022-02,2종,708
264,동남원,2022-02,3종,1048
264,동남원,2022-02,4종,896
264,동남원,2022-02,5종,789
264,동남원,2022-02,6종,1014
265,곡성,2022-02,1종,133398
265,곡성,2022-02,2종,2213
265,곡성,2022-02,3종,3276
265,곡성,2022-02,4종,2501
265,곡성,2022-02,5종,5536
265,곡성,2022-02,6종,4130
266,석곡,2022-02,1종,41167
266,석곡,2022-02,2종,847
266,석곡,2022-02,3종,1091
266,석곡,2022-02,4종,1144
266,석곡,2022-02,5종,1483
266,석곡,2022-02,6종,1213
267,주암송광사,2022-02,1종,122706
267,주암송광사,2022-02,2종,2274
267,주암송광사,2022-02,3종,2361
267,주암송광사,2022-02,4종,2022
267,주암송광사,2022-02,5종,4872
267,주암송광사,2022-02,6종,3356
268,승주,2022-02,1종,53693
268,승주,2022-02,2종,579
268,승주,2022-02,3종,801
268,승주,2022-02,4종,788
268,승주,2022-02,5종,1600
268,승주,2022-02,6종,1780
269,지리산,2022-02,1종,76770
269,지리산,2022-02,2종,1579
269,지리산,2022-02,3종,1668
269,지리산,2022-02,4종,2443
269,지리산,2022-02,5종,1064
269,지리산,2022-02,6종,3176
270,서순천,2022-02,1종,136176
270,서순천,2022-02,2종,3646
270,서순천,2022-02,3종,4564
270,서순천,2022-02,4종,1886
270,서순천,2022-02,5종,3552
270,서순천,2022-02,6종,4009
271,순천,2022-02,1종,509257
271,순천,2022-02,2종,11867
271,순천,2022-02,3종,9176
271,순천,2022-02,4종,7648
271,순천,2022-02,5종,26955
271,순천,2022-02,6종,13218
272,광양,2022-02,1종,283585
272,광양,2022-02,2종,5599
272,광양,2022-02,3종,12008
272,광양,2022-02,4종,13919
272,광양,2022-02,5종,53741
272,광양,2022-02,6종,8008
273,동광양,2022-02,1종,128535
273,동광양,2022-02,2종,2232
273,동광양,2022-02,3종,2303
273,동광양,2022-02,4종,6318
273,동광양,2022-02,5종,39527
273,동광양,2022-02,6종,4159
274,가조,2022-02,1종,71629
274,가조,2022-02,2종,2465
274,가조,2022-02,3종,3069
274,가조,2022-02,4종,2118
274,가조,2022-02,5종,1628
274,가조,2022-02,6종,2747
275,옥곡,2022-02,1종,154286
275,옥곡,2022-02,2종,3597
275,옥곡,2022-02,3종,6816
275,옥곡,2022-02,4종,10995
275,옥곡,2022-02,5종,58006
275,옥곡,2022-02,6종,4789
276,진월,2022-02,1종,57707
276,진월,2022-02,2종,1012
276,진월,2022-02,3종,1445
276,진월,2022-02,4종,3206
276,진월,2022-02,5종,35763
276,진월,2022-02,6종,1697
277,하동,2022-02,1종,204667
277,하동,2022-02,2종,2993
277,하동,2022-02,3종,4626
277,하동,2022-02,4종,4791
277,하동,2022-02,5종,37558
277,하동,2022-02,6종,6614
278,진교,2022-02,1종,174804
278,진교,2022-02,2종,3010
278,진교,2022-02,3종,6837
278,진교,2022-02,4종,1723
278,진교,2022-02,5종,4745
278,진교,2022-02,6종,8198
279,곤양,2022-02,1종,118476
279,곤양,2022-02,2종,2135
279,곤양,2022-02,3종,4358
279,곤양,2022-02,4종,2639
279,곤양,2022-02,5종,6152
279,곤양,2022-02,6종,4478
280,거창,2022-02,1종,221500
280,거창,2022-02,2종,6773
280,거창,2022-02,3종,13705
280,거창,2022-02,4종,5240
280,거창,2022-02,5종,6563
280,거창,2022-02,6종,8544
281,매송,2022-02,1종,478614
281,매송,2022-02,2종,11388
281,매송,2022-02,3종,11231
281,매송,2022-02,4종,7142
281,매송,2022-02,5종,12787
281,매송,2022-02,6종,25421
282,비봉,2022-02,1종,536193
282,비봉,2022-02,2종,23592
282,비봉,2022-02,3종,22786
282,비봉,2022-02,4종,17262
282,비봉,2022-02,5종,31302
282,비봉,2022-02,6종,26793
283,발안,2022-02,1종,491133
283,발안,2022-02,2종,25199
283,발안,2022-02,3종,22587
283,발안,2022-02,4종,21031
283,발안,2022-02,5종,28501
283,발안,2022-02,6종,28186
284,남양양,2022-02,1종,114467
284,남양양,2022-02,2종,1517
284,남양양,2022-02,3종,966
284,남양양,2022-02,4종,765
284,남양양,2022-02,5종,1799
284,남양양,2022-02,6종,3632
285,서평택,2022-02,1종,432810
285,서평택,2022-02,2종,22555
285,서평택,2022-02,3종,41189
285,서평택,2022-02,4종,61246
285,서평택,2022-02,5종,133718
285,서평택,2022-02,6종,24988
286,통도사휴게소,2022-02,1종,138555
286,통도사휴게소,2022-02,2종,1863
286,통도사휴게소,2022-02,3종,1831
286,통도사휴게소,2022-02,4종,9
286,통도사휴게소,2022-02,5종,12
286,통도사휴게소,2022-02,6종,5502
287,송악,2022-02,1종,454266
287,송악,2022-02,2종,11964
287,송악,2022-02,3종,20554
287,송악,2022-02,4종,23697
287,송악,2022-02,5종,150985
287,송악,2022-02,6종,20237
288,당진,2022-02,1종,397725
288,당진,2022-02,2종,9268
288,당진,2022-02,3종,19479
288,당진,2022-02,4종,14762
288,당진,2022-02,5종,49335
288,당진,2022-02,6종,17390
289,마산,2022-02,1종,990342
289,마산,2022-02,2종,25548
289,마산,2022-02,3종,38444
289,마산,2022-02,4종,19049
289,마산,2022-02,5종,29887
289,마산,2022-02,6종,50887
290,축동,2022-02,1종,43556
290,축동,2022-02,2종,2517
290,축동,2022-02,3종,1473
290,축동,2022-02,4종,3386
290,축동,2022-02,5종,6047
290,축동,2022-02,6종,2044
291,사천,2022-02,1종,637075
291,사천,2022-02,2종,20124
291,사천,2022-02,3종,18782
291,사천,2022-02,4종,15327
291,사천,2022-02,5종,26323
291,사천,2022-02,6종,32065
292,진주,2022-02,1종,611991
292,진주,2022-02,2종,14923
292,진주,2022-02,3종,28369
292,진주,2022-02,4종,10191
292,진주,2022-02,5종,22070
292,진주,2022-02,6종,33338
293,문산,2022-02,1종,271050
293,문산,2022-02,2종,6436
293,문산,2022-02,3종,7329
293,문산,2022-02,4종,4427
293,문산,2022-02,5종,6014
293,문산,2022-02,6종,13832
294,북창원,2022-02,1종,295150
294,북창원,2022-02,2종,7623
294,북창원,2022-02,3종,6448
294,북창원,2022-02,4종,7334
294,북창원,2022-02,5종,10753
294,북창원,2022-02,6종,15745
295,진성,2022-02,1종,167599
295,진성,2022-02,2종,5774
295,진성,2022-02,3종,7508
295,진성,2022-02,4종,6228
295,진성,2022-02,5종,14319
295,진성,2022-02,6종,6672
296,지수,2022-02,1종,52092
296,지수,2022-02,2종,1923
296,지수,2022-02,3종,2533
296,지수,2022-02,4종,2012
296,지수,2022-02,5종,3478
296,지수,2022-02,6종,2702
297,동충주,2022-02,1종,207903
297,동충주,2022-02,2종,6120
297,동충주,2022-02,3종,9175
297,동충주,2022-02,4종,12960
297,동충주,2022-02,5종,29268
297,동충주,2022-02,6종,6267
298,서산,2022-02,1종,589159
298,서산,2022-02,2종,12586
298,서산,2022-02,3종,28574
298,서산,2022-02,4종,28730
298,서산,2022-02,5종,55024
298,서산,2022-02,6종,20699
299,해미,2022-02,1종,112148
299,해미,2022-02,2종,2906
299,해미,2022-02,3종,4809
299,해미,2022-02,4종,4062
299,해미,2022-02,5종,10807
299,해미,2022-02,6종,4100
500,남여주,2022-02,1종,198042
500,남여주,2022-02,2종,4953
500,남여주,2022-02,3종,7537
500,남여주,2022-02,4종,11375
500,남여주,2022-02,5종,15017
500,남여주,2022-02,6종,7045
501,서김제,2022-02,1종,51679
501,서김제,2022-02,2종,1427
501,서김제,2022-02,3종,3317
501,서김제,2022-02,4종,3570
501,서김제,2022-02,5종,2229
501,서김제,2022-02,6종,1122
502,부안,2022-02,1종,113408
502,부안,2022-02,2종,2833
502,부안,2022-02,3종,6820
502,부안,2022-02,4종,4265
502,부안,2022-02,5종,6842
502,부안,2022-02,6종,2639
503,줄포,2022-02,1종,57686
503,줄포,2022-02,2종,971
503,줄포,2022-02,3종,1484
503,줄포,2022-02,4종,1421
503,줄포,2022-02,5종,1339
503,줄포,2022-02,6종,1230
504,선운산,2022-02,1종,94834
504,선운산,2022-02,2종,2267
504,선운산,2022-02,3종,5792
504,선운산,2022-02,4종,8420
504,선운산,2022-02,5종,8296
504,선운산,2022-02,6종,2271
505,고창,2022-02,1종,89077
505,고창,2022-02,2종,2130
505,고창,2022-02,3종,3311
505,고창,2022-02,4종,2387
505,고창,2022-02,5종,1809
505,고창,2022-02,6종,2068
506,영광,2022-02,1종,91224
506,영광,2022-02,2종,1727
506,영광,2022-02,3종,4937
506,영광,2022-02,4종,3964
506,영광,2022-02,5종,4218
506,영광,2022-02,6종,1981
507,함평,2022-02,1종,52336
507,함평,2022-02,2종,1182
507,함평,2022-02,3종,3378
507,함평,2022-02,4종,4453
507,함평,2022-02,5종,6142
507,함평,2022-02,6종,1198
508,무안,2022-02,1종,173130
508,무안,2022-02,2종,4025
508,무안,2022-02,3종,5307
508,무안,2022-02,4종,6861
508,무안,2022-02,5종,8102
508,무안,2022-02,6종,5537
509,목포,2022-02,1종,762315
509,목포,2022-02,2종,15946
509,목포,2022-02,3종,23696
509,목포,2022-02,4종,36594
509,목포,2022-02,5종,40426
509,목포,2022-02,6종,20239
510,양양,2022-02,1종,217517
510,양양,2022-02,2종,2437
510,양양,2022-02,3종,5108
510,양양,2022-02,4종,2065
510,양양,2022-02,5종,2235
510,양양,2022-02,6종,6852
511,무창포,2022-02,1종,93295
511,무창포,2022-02,2종,1454
511,무창포,2022-02,3종,2827
511,무창포,2022-02,4종,2041
511,무창포,2022-02,5종,6230
511,무창포,2022-02,6종,2219
512,연화산,2022-02,1종,36477
512,연화산,2022-02,2종,926
512,연화산,2022-02,3종,814
512,연화산,2022-02,4종,996
512,연화산,2022-02,5종,2644
512,연화산,2022-02,6종,2242
513,고성,2022-02,1종,356377
513,고성,2022-02,2종,7294
513,고성,2022-02,3종,13093
513,고성,2022-02,4종,7626
513,고성,2022-02,5종,16814
513,고성,2022-02,6종,19761
514,동고성,2022-02,1종,94896
514,동고성,2022-02,2종,2068
514,동고성,2022-02,3종,4265
514,동고성,2022-02,4종,3589
514,동고성,2022-02,5종,12877
514,동고성,2022-02,6종,7993
515,북통영,2022-02,1종,182657
515,북통영,2022-02,2종,3278
515,북통영,2022-02,3종,8004
515,북통영,2022-02,4종,1380
515,북통영,2022-02,5종,2537
515,북통영,2022-02,6종,9356
516,통영,2022-02,1종,507914
516,통영,2022-02,2종,9562
516,통영,2022-02,3종,15912
516,통영,2022-02,4종,9133
516,통영,2022-02,5종,18947
516,통영,2022-02,6종,27599
517,양평,2022-02,1종,141945
517,양평,2022-02,2종,3509
517,양평,2022-02,3종,4895
517,양평,2022-02,4종,6164
517,양평,2022-02,5종,8334
517,양평,2022-02,6종,5387
518,칠곡물류,2022-02,1종,154430
518,칠곡물류,2022-02,2종,23538
518,칠곡물류,2022-02,3종,21221
518,칠곡물류,2022-02,4종,37176
518,칠곡물류,2022-02,5종,17281
518,칠곡물류,2022-02,6종,6534
519,남대구,2022-02,1종,1500536
519,남대구,2022-02,2종,38619
519,남대구,2022-02,3종,46558
519,남대구,2022-02,4종,29675
519,남대구,2022-02,5종,60536
519,남대구,2022-02,6종,75876
520,평택,2022-02,1종,765925
520,평택,2022-02,2종,34133
520,평택,2022-02,3종,64397
520,평택,2022-02,4종,50356
520,평택,2022-02,5종,60652
520,평택,2022-02,6종,33392
521,단양,2022-02,1종,64869
521,단양,2022-02,2종,929
521,단양,2022-02,3종,691
521,단양,2022-02,4종,1264
521,단양,2022-02,5종,10625
521,단양,2022-02,6종,2241
522,북단양,2022-02,1종,114402
522,북단양,2022-02,2종,1973
522,북단양,2022-02,3종,1920
522,북단양,2022-02,4종,7870
522,북단양,2022-02,5종,55940
522,북단양,2022-02,6종,3723
523,남제천,2022-02,1종,188829
523,남제천,2022-02,2종,3268
523,남제천,2022-02,3종,3849
523,남제천,2022-02,4종,5612
523,남제천,2022-02,5종,34622
523,남제천,2022-02,6종,5325
524,청통와촌,2022-02,1종,266273
524,청통와촌,2022-02,2종,15000
524,청통와촌,2022-02,3종,11191
524,청통와촌,2022-02,4종,8102
524,청통와촌,2022-02,5종,11053
524,청통와촌,2022-02,6종,9284
525,북영천,2022-02,1종,163914
525,북영천,2022-02,2종,3805
525,북영천,2022-02,3종,3417
525,북영천,2022-02,4종,3554
525,북영천,2022-02,5종,8793
525,북영천,2022-02,6종,5351
526,서포항,2022-02,1종,87134
526,서포항,2022-02,2종,1547
526,서포항,2022-02,3종,1563
526,서포항,2022-02,4종,1204
526,서포항,2022-02,5종,2869
526,서포항,2022-02,6종,3868
527,포항,2022-02,1종,756941
527,포항,2022-02,2종,13342
527,포항,2022-02,3종,16010
527,포항,2022-02,4종,13038
527,포항,2022-02,5종,59663
527,포항,2022-02,6종,23988
528,기흥동탄,2022-02,1종,1164613
528,기흥동탄,2022-02,2종,19125
528,기흥동탄,2022-02,3종,93969
528,기흥동탄,2022-02,4종,21807
528,기흥동탄,2022-02,5종,21399
528,기흥동탄,2022-02,6종,54616
529,노포,2022-02,1종,156604
529,노포,2022-02,2종,5701
529,노포,2022-02,3종,19481
529,노포,2022-02,4종,4242
529,노포,2022-02,5종,3554
529,노포,2022-02,6종,8269
530,내장산,2022-02,1종,71542
530,내장산,2022-02,2종,2804
530,내장산,2022-02,3종,3693
530,내장산,2022-02,4종,3939
530,내장산,2022-02,5종,2798
530,내장산,2022-02,6종,1901
531,문의청남대,2022-02,1종,168639
531,문의청남대,2022-02,2종,3361
531,문의청남대,2022-02,3종,6413
531,문의청남대,2022-02,4종,8227
531,문의청남대,2022-02,5종,9234
531,문의청남대,2022-02,6종,5696
532,회인,2022-02,1종,43454
532,회인,2022-02,2종,559
532,회인,2022-02,3종,644
532,회인,2022-02,4종,649
532,회인,2022-02,5종,775
532,회인,2022-02,6종,1595
533,보은,2022-02,1종,120609
533,보은,2022-02,2종,3683
533,보은,2022-02,3종,4251
533,보은,2022-02,4종,5379
533,보은,2022-02,5종,5000
533,보은,2022-02,6종,4639
534,속리산,2022-02,1종,55900
534,속리산,2022-02,2종,1239
534,속리산,2022-02,3종,1730
534,속리산,2022-02,4종,1960
534,속리산,2022-02,5종,2831
534,속리산,2022-02,6종,2114
535,화서,2022-02,1종,52528
535,화서,2022-02,2종,1176
535,화서,2022-02,3종,2025
535,화서,2022-02,4종,2848
535,화서,2022-02,5종,5553
535,화서,2022-02,6종,1967
536,남상주,2022-02,1종,122321
536,남상주,2022-02,2종,3554
536,남상주,2022-02,3종,10908
536,남상주,2022-02,4종,8001
536,남상주,2022-02,5종,4856
536,남상주,2022-02,6종,4045
537,남김천,2022-02,1종,84177
537,남김천,2022-02,2종,3177
537,남김천,2022-02,3종,5470
537,남김천,2022-02,4종,6761
537,남김천,2022-02,5종,14001
537,남김천,2022-02,6종,2957
538,성주,2022-02,1종,97404
538,성주,2022-02,2종,4623
538,성주,2022-02,3종,7351
538,성주,2022-02,4종,8320
538,성주,2022-02,5종,11882
538,성주,2022-02,6종,3285
539,남성주,2022-02,1종,66051
539,남성주,2022-02,2종,4591
539,남성주,2022-02,3종,5284
539,남성주,2022-02,4종,5376
539,남성주,2022-02,5종,13482
539,남성주,2022-02,6종,2033
540,청북,2022-02,1종,408132
540,청북,2022-02,2종,32128
540,청북,2022-02,3종,43115
540,청북,2022-02,4종,52781
540,청북,2022-02,5종,53872
540,청북,2022-02,6종,21730
541,송탄,2022-02,1종,431531
541,송탄,2022-02,2종,24848
541,송탄,2022-02,3종,28856
541,송탄,2022-02,4종,34251
541,송탄,2022-02,5종,29374
541,송탄,2022-02,6종,23737
542,서안성,2022-02,1종,604491
542,서안성,2022-02,2종,28735
542,서안성,2022-02,3종,47110
542,서안성,2022-02,4종,70713
542,서안성,2022-02,5종,50951
542,서안성,2022-02,6종,27866
543,남안성,2022-02,1종,582125
543,남안성,2022-02,2종,38340
543,남안성,2022-02,3종,45639
543,남안성,2022-02,4종,56796
543,남안성,2022-02,5종,59629
543,남안성,2022-02,6종,27957
544,완주,2022-02,1종,243942
544,완주,2022-02,2종,6169
544,완주,2022-02,3종,13084
544,완주,2022-02,4종,18617
544,완주,2022-02,5종,45850
544,완주,2022-02,6종,5923
545,소양,2022-02,1종,143028
545,소양,2022-02,2종,2153
545,소양,2022-02,3종,8427
545,소양,2022-02,4종,4125
545,소양,2022-02,5종,5400
545,소양,2022-02,6종,3630
546,진안,2022-02,1종,50477
546,진안,2022-02,2종,1054
546,진안,2022-02,3종,3062
546,진안,2022-02,4종,1635
546,진안,2022-02,5종,2049
546,진안,2022-02,6종,1340
547,무안공항,2022-02,1종,32078
547,무안공항,2022-02,2종,339
547,무안공항,2022-02,3종,334
547,무안공항,2022-02,4종,371
547,무안공항,2022-02,5종,488
547,무안공항,2022-02,6종,559
548,북무안,2022-02,1종,125778
548,북무안,2022-02,2종,2442
548,북무안,2022-02,3종,4871
548,북무안,2022-02,4종,6556
548,북무안,2022-02,5종,5259
548,북무안,2022-02,6종,2768
549,동함평,2022-02,1종,184134
549,동함평,2022-02,2종,2774
549,동함평,2022-02,3종,3707
549,동함평,2022-02,4종,2773
549,동함평,2022-02,5종,3511
549,동함평,2022-02,6종,5572
550,문평,2022-02,1종,42598
550,문평,2022-02,2종,692
550,문평,2022-02,3종,1083
550,문평,2022-02,4종,1163
550,문평,2022-02,5종,7356
550,문평,2022-02,6종,1081
551,나주,2022-02,1종,70309
551,나주,2022-02,2종,1394
551,나주,2022-02,3종,1349
551,나주,2022-02,4종,2516
551,나주,2022-02,5종,2919
551,나주,2022-02,6종,2675
552,서광산,2022-02,1종,285708
552,서광산,2022-02,2종,9994
552,서광산,2022-02,3종,9843
552,서광산,2022-02,4종,10374
552,서광산,2022-02,5종,11950
552,서광산,2022-02,6종,9071
553,동광산,2022-02,1종,1042491
553,동광산,2022-02,2종,20029
553,동광산,2022-02,3종,22455
553,동광산,2022-02,4종,23826
553,동광산,2022-02,5종,27883
553,동광산,2022-02,6종,30110
554,동홍천,2022-02,1종,251793
554,동홍천,2022-02,2종,3237
554,동홍천,2022-02,3종,5386
554,동홍천,2022-02,4종,2914
554,동홍천,2022-02,5종,2678
554,동홍천,2022-02,6종,9691
555,북진천,2022-02,1종,294952
555,북진천,2022-02,2종,25827
555,북진천,2022-02,3종,34484
555,북진천,2022-02,4종,40771
555,북진천,2022-02,5종,37770
555,북진천,2022-02,6종,11490
556,동순천,2022-02,1종,343400
556,동순천,2022-02,2종,4605
556,동순천,2022-02,3종,10772
556,동순천,2022-02,4종,14335
556,동순천,2022-02,5종,52762
556,동순천,2022-02,6종,7426
557,황전,2022-02,1종,92468
557,황전,2022-02,2종,1276
557,황전,2022-02,3종,1089
557,황전,2022-02,4종,1315
557,황전,2022-02,5종,4258
557,황전,2022-02,6종,2955
558,구례화엄사,2022-02,1종,107845
558,구례화엄사,2022-02,2종,2372
558,구례화엄사,2022-02,3종,3107
558,구례화엄사,2022-02,4종,3644
558,구례화엄사,2022-02,5종,5807
558,구례화엄사,2022-02,6종,2658
559,서남원,2022-02,1종,67238
559,서남원,2022-02,2종,1986
559,서남원,2022-02,3종,3223
559,서남원,2022-02,4종,3581
559,서남원,2022-02,5종,9153
559,서남원,2022-02,6종,2002
560,감곡,2022-02,1종,214542
560,감곡,2022-02,2종,6492
560,감곡,2022-02,3종,8759
560,감곡,2022-02,4종,12507
560,감곡,2022-02,5종,23351
560,감곡,2022-02,6종,7203
561,북충주,2022-02,1종,162969
561,북충주,2022-02,2종,4017
561,북충주,2022-02,3종,7454
561,북충주,2022-02,4종,4734
561,북충주,2022-02,5종,5815
561,북충주,2022-02,6종,5641
562,충주,2022-02,1종,128387
562,충주,2022-02,2종,3176
562,충주,2022-02,3종,7861
562,충주,2022-02,4종,10716
562,충주,2022-02,5종,10158
562,충주,2022-02,6종,3985
563,괴산,2022-02,1종,51373
563,괴산,2022-02,2종,1020
563,괴산,2022-02,3종,1930
563,괴산,2022-02,4종,2851
563,괴산,2022-02,5종,6039
563,괴산,2022-02,6종,1569
564,연풍,2022-02,1종,57127
564,연풍,2022-02,2종,2282
564,연풍,2022-02,3종,5781
564,연풍,2022-02,4종,8613
564,연풍,2022-02,5종,7657
564,연풍,2022-02,6종,1588
565,문경새재,2022-02,1종,83428
565,문경새재,2022-02,2종,2140
565,문경새재,2022-02,3종,3848
565,문경새재,2022-02,4종,4483
565,문경새재,2022-02,5종,4833
565,문경새재,2022-02,6종,2303
566,점촌함창,2022-02,1종,96345
566,점촌함창,2022-02,2종,2024
566,점촌함창,2022-02,3종,5533
566,점촌함창,2022-02,4종,3926
566,점촌함창,2022-02,5종,4741
566,점촌함창,2022-02,6종,2840
567,남고창,2022-02,1종,124084
567,남고창,2022-02,2종,2702
567,남고창,2022-02,3종,3982
567,남고창,2022-02,4종,2035
567,남고창,2022-02,5종,2735
567,남고창,2022-02,6종,3472
568,장성물류,2022-02,1종,38077
568,장성물류,2022-02,2종,5963
568,장성물류,2022-02,3종,3265
568,장성물류,2022-02,4종,5649
568,장성물류,2022-02,5종,7404
568,장성물류,2022-02,6종,912
569,북광주,2022-02,1종,382294
569,북광주,2022-02,2종,13995
569,북광주,2022-02,3종,13860
569,북광주,2022-02,4종,24462
569,북광주,2022-02,5종,34668
569,북광주,2022-02,6종,10020
570,북상주,2022-02,1종,111927
570,북상주,2022-02,2종,3941
570,북상주,2022-02,3종,7572
570,북상주,2022-02,4종,11782
570,북상주,2022-02,5종,7177
570,북상주,2022-02,6종,3239
571,면천,2022-02,1종,96269
571,면천,2022-02,2종,1857
571,면천,2022-02,3종,2932
571,면천,2022-02,4종,3824
571,면천,2022-02,5종,8710
571,면천,2022-02,6종,3742
572,고덕,2022-02,1종,139911
572,고덕,2022-02,2종,3308
572,고덕,2022-02,3종,6115
572,고덕,2022-02,4종,5225
572,고덕,2022-02,5종,8584
572,고덕,2022-02,6종,4759
573,예산수덕사,2022-02,1종,306600
573,예산수덕사,2022-02,2종,7719
573,예산수덕사,2022-02,3종,10660
573,예산수덕사,2022-02,4종,14517
573,예산수덕사,2022-02,5종,19446
573,예산수덕사,2022-02,6종,9864
574,신양,2022-02,1종,65454
574,신양,2022-02,2종,1379
574,신양,2022-02,3종,1776
574,신양,2022-02,4종,1960
574,신양,2022-02,5종,2985
574,신양,2022-02,6종,1994
575,유구,2022-02,1종,86550
575,유구,2022-02,2종,1857
575,유구,2022-02,3종,2051
575,유구,2022-02,4종,2739
575,유구,2022-02,5종,3763
575,유구,2022-02,6종,2772
576,마곡사,2022-02,1종,49055
576,마곡사,2022-02,2종,1037
576,마곡사,2022-02,3종,1059
576,마곡사,2022-02,4종,1207
576,마곡사,2022-02,5종,1714
576,마곡사,2022-02,6종,1721
577,공주,2022-02,1종,157086
577,공주,2022-02,2종,3938
577,공주,2022-02,3종,6470
577,공주,2022-02,4종,3168
577,공주,2022-02,5종,3703
577,공주,2022-02,6종,6133
578,서세종,2022-02,1종,269901
578,서세종,2022-02,2종,8132
578,서세종,2022-02,3종,7498
578,서세종,2022-02,4종,6511
578,서세종,2022-02,5종,9115
578,서세종,2022-02,6종,9383
579,남세종,2022-02,1종,457981
579,남세종,2022-02,2종,7634
579,남세종,2022-02,3종,7462
579,남세종,2022-02,4종,5910
579,남세종,2022-02,5종,7843
579,남세종,2022-02,6종,20685
580,북강릉,2022-02,1종,324180
580,북강릉,2022-02,2종,5776
580,북강릉,2022-02,3종,5048
580,북강릉,2022-02,4종,2687
580,북강릉,2022-02,5종,5360
580,북강릉,2022-02,6종,11516
581,옥계,2022-02,1종,74742
581,옥계,2022-02,2종,1279
581,옥계,2022-02,3종,873
581,옥계,2022-02,4종,1634
581,옥계,2022-02,5종,12910
581,옥계,2022-02,6종,3785
582,망상,2022-02,1종,134449
582,망상,2022-02,2종,2253
582,망상,2022-02,3종,5357
582,망상,2022-02,4종,837
582,망상,2022-02,5종,3523
582,망상,2022-02,6종,6423
583,동해,2022-02,1종,282091
583,동해,2022-02,2종,5152
583,동해,2022-02,3종,9480
583,동해,2022-02,4종,3937
583,동해,2022-02,5종,23187
583,동해,2022-02,6종,14547
584,남강릉,2022-02,1종,141973
584,남강릉,2022-02,2종,4076
584,남강릉,2022-02,3종,3158
584,남강릉,2022-02,4종,2116
584,남강릉,2022-02,5종,4720
584,남강릉,2022-02,6종,7041
585,하조대,2022-02,1종,137056
585,하조대,2022-02,2종,2100
585,하조대,2022-02,3종,2695
585,하조대,2022-02,4종,772
585,하조대,2022-02,5종,1685
585,하조대,2022-02,6종,4642
586,북남원,2022-02,1종,43934
586,북남원,2022-02,2종,1275
586,북남원,2022-02,3종,1141
586,북남원,2022-02,4종,1793
586,북남원,2022-02,5종,2280
586,북남원,2022-02,6종,1243
587,오수,2022-02,1종,137701
587,오수,2022-02,2종,2533
587,오수,2022-02,3종,5687
587,오수,2022-02,4종,5192
587,오수,2022-02,5종,12314
587,오수,2022-02,6종,3668
588,임실,2022-02,1종,52249
588,임실,2022-02,2종,1426
588,임실,2022-02,3종,1734
588,임실,2022-02,4종,1773
588,임실,2022-02,5종,3444
588,임실,2022-02,6종,1485
589,상관,2022-02,1종,168738
589,상관,2022-02,2종,2690
589,상관,2022-02,3종,7770
589,상관,2022-02,4종,5325
589,상관,2022-02,5종,25537
589,상관,2022-02,6종,3892
590,동전주,2022-02,1종,192018
590,동전주,2022-02,2종,2920
590,동전주,2022-02,3종,2080
590,동전주,2022-02,4종,2197
590,동전주,2022-02,5종,4968
590,동전주,2022-02,6종,6005
591,동서천,2022-02,1종,70769
591,동서천,2022-02,2종,1204
591,동서천,2022-02,3종,2835
591,동서천,2022-02,4종,4720
591,동서천,2022-02,5종,14745
591,동서천,2022-02,6종,2019
592,서부여,2022-02,1종,65530
592,서부여,2022-02,2종,1373
592,서부여,2022-02,3종,2392
592,서부여,2022-02,4종,1770
592,서부여,2022-02,5종,2388
592,서부여,2022-02,6종,2207
593,부여,2022-02,1종,86832
593,부여,2022-02,2종,1384
593,부여,2022-02,3종,2733
593,부여,2022-02,4종,3118
593,부여,2022-02,5종,3868
593,부여,2022-02,6종,2554
594,칠갑산,2022-02,1종,51919
594,칠갑산,2022-02,2종,501
594,칠갑산,2022-02,3종,1397
594,칠갑산,2022-02,4종,1243
594,칠갑산,2022-02,5종,1129
594,칠갑산,2022-02,6종,1498
595,서공주,2022-02,1종,131126
595,서공주,2022-02,2종,3039
595,서공주,2022-02,3종,3504
595,서공주,2022-02,4종,4440
595,서공주,2022-02,5종,6333
595,서공주,2022-02,6종,4047
596,가락2,2022-02,1종,24759
596,가락2,2022-02,2종,1520
596,가락2,2022-02,3종,2307
596,가락2,2022-02,4종,4080
596,가락2,2022-02,5종,7325
596,가락2,2022-02,6종,1277
597,서여주,2022-02,1종,145083
597,서여주,2022-02,2종,5530
597,서여주,2022-02,3종,11428
597,서여주,2022-02,4종,10675
597,서여주,2022-02,5종,13268
597,서여주,2022-02,6종,6797
598,북여주,2022-02,1종,190611
598,북여주,2022-02,2종,5360
598,북여주,2022-02,3종,9803
598,북여주,2022-02,4종,6372
598,북여주,2022-02,5종,8064
598,북여주,2022-02,6종,7280
599,양촌,2022-02,1종,55581
599,양촌,2022-02,2종,903
599,양촌,2022-02,3종,75
599,양촌,2022-02,4종,53
599,양촌,2022-02,5종,21
599,양촌,2022-02,6종,1667
601,남천안,2022-02,1종,221876
601,남천안,2022-02,2종,8902
601,남천안,2022-02,3종,11583
601,남천안,2022-02,4종,14880
601,남천안,2022-02,5종,16071
601,남천안,2022-02,6종,8295
602,풍세상,2022-02,1종,1618058
602,풍세상,2022-02,2종,31414
602,풍세상,2022-02,3종,79566
602,풍세상,2022-02,4종,77116
602,풍세상,2022-02,5종,117008
602,풍세상,2022-02,6종,36684
603,정안,2022-02,1종,315626
603,정안,2022-02,2종,6553
603,정안,2022-02,3종,15774
603,정안,2022-02,4종,8936
603,정안,2022-02,5종,12528
603,정안,2022-02,6종,10443
604,남공주,2022-02,1종,77360
604,남공주,2022-02,2종,3469
604,남공주,2022-02,3종,3548
604,남공주,2022-02,4종,3173
604,남공주,2022-02,5종,7062
604,남공주,2022-02,6종,2410
605,탄천,2022-02,1종,29773
605,탄천,2022-02,2종,1575
605,탄천,2022-02,3종,1735
605,탄천,2022-02,4종,2350
605,탄천,2022-02,5종,4922
605,탄천,2022-02,6종,1285
606,서논산,2022-02,1종,139474
606,서논산,2022-02,2종,5053
606,서논산,2022-02,3종,7670
606,서논산,2022-02,4종,9705
606,서논산,2022-02,5종,10944
606,서논산,2022-02,6종,4407
607,연무,2022-02,1종,143358
607,연무,2022-02,2종,4609
607,연무,2022-02,3종,8028
607,연무,2022-02,4종,9324
607,연무,2022-02,5종,8074
607,연무,2022-02,6종,4047
608,남논산하,2022-02,1종,887592
608,남논산하,2022-02,2종,15366
608,남논산하,2022-02,3종,47812
608,남논산하,2022-02,4종,37476
608,남논산하,2022-02,5종,79554
608,남논산하,2022-02,6종,16068
612,풍세하,2022-02,1종,1484800
612,풍세하,2022-02,2종,29048
612,풍세하,2022-02,3종,77802
612,풍세하,2022-02,4종,59138
612,풍세하,2022-02,5종,90350
612,풍세하,2022-02,6종,34234
613,남풍세,2022-02,1종,551535
613,남풍세,2022-02,2종,20477
613,남풍세,2022-02,3종,39060
613,남풍세,2022-02,4종,57283
613,남풍세,2022-02,5종,88735
613,남풍세,2022-02,6종,17947
618,남논산상,2022-02,1종,983530
618,남논산상,2022-02,2종,15200
618,남논산상,2022-02,3종,47010
618,남논산상,2022-02,4종,39436
618,남논산상,2022-02,5종,84070
618,남논산상,2022-02,6종,17512
621,동대구,2022-02,1종,871120
621,동대구,2022-02,2종,21592
621,동대구,2022-02,3종,26353
621,동대구,2022-02,4종,22383
621,동대구,2022-02,5종,26858
621,동대구,2022-02,6종,39160
622,대구,2022-02,1종,1301676
622,대구,2022-02,2종,32970
622,대구,2022-02,3종,27486
622,대구,2022-02,4종,44856
622,대구,2022-02,5종,104448
622,대구,2022-02,6종,37672
623,수성,2022-02,1종,864401
623,수성,2022-02,2종,16086
623,수성,2022-02,3종,10742
623,수성,2022-02,4종,9061
623,수성,2022-02,5종,11870
623,수성,2022-02,6종,34067
624,청도,2022-02,1종,270772
624,청도,2022-02,2종,7199
624,청도,2022-02,3종,7551
624,청도,2022-02,4종,7651
624,청도,2022-02,5종,10055
624,청도,2022-02,6종,10050
625,밀양,2022-02,1종,337994
625,밀양,2022-02,2종,9695
625,밀양,2022-02,3종,8572
625,밀양,2022-02,4종,8088
625,밀양,2022-02,5종,14409
625,밀양,2022-02,6종,12787
626,남밀양,2022-02,1종,402667
626,남밀양,2022-02,2종,14828
626,남밀양,2022-02,3종,13687
626,남밀양,2022-02,4종,12802
626,남밀양,2022-02,5종,30333
626,남밀양,2022-02,6종,19302
627,삼랑진,2022-02,1종,236658
627,삼랑진,2022-02,2종,7401
627,삼랑진,2022-02,3종,7794
627,삼랑진,2022-02,4종,6272
627,삼랑진,2022-02,5종,13950
627,삼랑진,2022-02,6종,11787
628,상동,2022-02,1종,122155
628,상동,2022-02,2종,17725
628,상동,2022-02,3종,11794
628,상동,2022-02,4종,14993
628,상동,2022-02,5종,14642
628,상동,2022-02,6종,6336
629,김해부산,2022-02,1종,1122812
629,김해부산,2022-02,2종,37942
629,김해부산,2022-02,3종,27186
629,김해부산,2022-02,4종,41354
629,김해부산,2022-02,5종,94206
629,김해부산,2022-02,6종,35066
641,울산,2022-02,1종,973227
641,울산,2022-02,2종,24138
641,울산,2022-02,3종,36473
641,울산,2022-02,4종,24065
641,울산,2022-02,5종,53780
641,울산,2022-02,6종,44477
642,문수,2022-02,1종,243175
642,문수,2022-02,2종,6209
642,문수,2022-02,3종,10888
642,문수,2022-02,4종,10605
642,문수,2022-02,5종,13535
642,문수,2022-02,6종,12467
643,청량,2022-02,1종,713405
643,청량,2022-02,2종,14844
643,청량,2022-02,3종,26365
643,청량,2022-02,4종,42873
643,청량,2022-02,5종,182217
643,청량,2022-02,6종,37918
644,온양,2022-02,1종,164969
644,온양,2022-02,2종,4378
644,온양,2022-02,3종,4693
644,온양,2022-02,4종,3804
644,온양,2022-02,5종,11658
644,온양,2022-02,6종,10051
645,장안,2022-02,1종,327905
645,장안,2022-02,2종,6080
645,장안,2022-02,3종,8945
645,장안,2022-02,4종,9954
645,장안,2022-02,5종,16333
645,장안,2022-02,6종,17034
646,기장일광,2022-02,1종,485395
646,기장일광,2022-02,2종,3991
646,기장일광,2022-02,3종,5612
646,기장일광,2022-02,4종,6913
646,기장일광,2022-02,5종,29424
646,기장일광,2022-02,6종,24647
647,해운대송정,2022-02,1종,218703
647,해운대송정,2022-02,2종,2240
647,해운대송정,2022-02,3종,1543
647,해운대송정,2022-02,4종,1953
647,해운대송정,2022-02,5종,1497
647,해운대송정,2022-02,6종,11374
648,해운대,2022-02,1종,1136215
648,해운대,2022-02,2종,8916
648,해운대,2022-02,3종,11414
648,해운대,2022-02,4종,9684
648,해운대,2022-02,5종,48257
648,해운대,2022-02,6종,55170
651,남양주,2022-02,1종,1936573
651,남양주,2022-02,2종,35357
651,남양주,2022-02,3종,46232
651,남양주,2022-02,4종,25745
651,남양주,2022-02,5종,19507
651,남양주,2022-02,6종,91594
652,화도,2022-02,1종,1161499
652,화도,2022-02,2종,29660
652,화도,2022-02,3종,26717
652,화도,2022-02,4종,22958
652,화도,2022-02,5종,15031
652,화도,2022-02,6종,69512
653,서종,2022-02,1종,203199
653,서종,2022-02,2종,1823
653,서종,2022-02,3종,706
653,서종,2022-02,4종,952
653,서종,2022-02,5종,2176
653,서종,2022-02,6종,9803
654,설악,2022-02,1종,290820
654,설악,2022-02,2종,2722
654,설악,2022-02,3종,4104
654,설악,2022-02,4종,1592
654,설악,2022-02,5종,1859
654,설악,2022-02,6종,12950
655,강촌,2022-02,1종,188745
655,강촌,2022-02,2종,2441
655,강촌,2022-02,3종,5725
655,강촌,2022-02,4종,1633
655,강촌,2022-02,5종,2093
655,강촌,2022-02,6종,6989
656,남춘천,2022-02,1종,178670
656,남춘천,2022-02,2종,2086
656,남춘천,2022-02,3종,2914
656,남춘천,2022-02,4종,1764
656,남춘천,2022-02,5종,4409
656,남춘천,2022-02,6종,6954
657,동산,2022-02,1종,965118
657,동산,2022-02,2종,13210
657,동산,2022-02,3종,22806
657,동산,2022-02,4종,5980
657,동산,2022-02,5종,13878
657,동산,2022-02,6종,34194
658,조양,2022-02,1종,26061
658,조양,2022-02,2종,435
658,조양,2022-02,3종,698
658,조양,2022-02,4종,641
658,조양,2022-02,5종,1136
658,조양,2022-02,6종,1104
671,봉담,2022-02,1종,1127017
671,봉담,2022-02,2종,33312
671,봉담,2022-02,3종,30027
671,봉담,2022-02,4종,22063
671,봉담,2022-02,5종,31011
671,봉담,2022-02,6종,66876
672,정남,2022-02,1종,331380
672,정남,2022-02,2종,17623
672,정남,2022-02,3종,9414
672,정남,2022-02,4종,10507
672,정남,2022-02,5종,10489
672,정남,2022-02,6종,19849
673,북오산,2022-02,1종,1018340
673,북오산,2022-02,2종,22603
673,북오산,2022-02,3종,32501
673,북오산,2022-02,4종,16601
673,북오산,2022-02,5종,13933
673,북오산,2022-02,6종,61885
675,서오산,2022-02,1종,1007703
675,서오산,2022-02,2종,21981
675,서오산,2022-02,3종,24158
675,서오산,2022-02,4종,15607
675,서오산,2022-02,5종,21785
675,서오산,2022-02,6종,57377
676,향남,2022-02,1종,422727
676,향남,2022-02,2종,23807
676,향남,2022-02,3종,17429
676,향남,2022-02,4종,18352
676,향남,2022-02,5종,15720
676,향남,2022-02,6종,27055
677,북평택,2022-02,1종,1741340
677,북평택,2022-02,2종,41600
677,북평택,2022-02,3종,65887
677,북평택,2022-02,4종,41159
677,북평택,2022-02,5종,48693
677,북평택,2022-02,6종,85277
681,장안본선,2022-02,1종,909814
681,장안본선,2022-02,2종,57932
681,장안본선,2022-02,3종,141718
681,장안본선,2022-02,4종,75958
681,장안본선,2022-02,5종,182678
681,장안본선,2022-02,6종,37376
682,조암,2022-02,1종,276387
682,조암,2022-02,2종,28405
682,조암,2022-02,3종,33320
682,조암,2022-02,4종,30060
682,조암,2022-02,5종,37284
682,조암,2022-02,6종,12869
683,송산마도,2022-02,1종,642181
683,송산마도,2022-02,2종,33018
683,송산마도,2022-02,3종,29513
683,송산마도,2022-02,4종,29020
683,송산마도,2022-02,5종,93772
683,송산마도,2022-02,6종,31076
684,남안산,2022-02,1종,625563
684,남안산,2022-02,2종,57146
684,남안산,2022-02,3종,54456
684,남안산,2022-02,4종,61815
684,남안산,2022-02,5종,77001
684,남안산,2022-02,6종,33972
685,서시흥,2022-02,1종,1210559
685,서시흥,2022-02,2종,58755
685,서시흥,2022-02,3종,74097
685,서시흥,2022-02,4종,83809
685,서시흥,2022-02,5종,210799
685,서시흥,2022-02,6종,57599
701,북양양,2022-02,1종,201674
701,북양양,2022-02,2종,2370
701,북양양,2022-02,3종,3116
701,북양양,2022-02,4종,1142
701,북양양,2022-02,5종,1880
701,북양양,2022-02,6종,7010
702,속초,2022-02,1종,290718
702,속초,2022-02,2종,4339
702,속초,2022-02,3종,5125
702,속초,2022-02,4종,2517
702,속초,2022-02,5종,3788
702,속초,2022-02,6종,8418
703,삼척,2022-02,1종,143060
703,삼척,2022-02,2종,2532
703,삼척,2022-02,3종,4657
703,삼척,2022-02,4종,1814
703,삼척,2022-02,5종,4275
703,삼척,2022-02,6종,6957
704,근덕,2022-02,1종,163286
704,근덕,2022-02,2종,2224
704,근덕,2022-02,3종,3309
704,근덕,2022-02,4종,2185
704,근덕,2022-02,5종,12877
704,근덕,2022-02,6종,5816
705,남이천,2022-02,1종,216800
705,남이천,2022-02,2종,12698
705,남이천,2022-02,3종,13403
705,남이천,2022-02,4종,22215
705,남이천,2022-02,5종,19191
705,남이천,2022-02,6종,8965
706,남경주,2022-02,1종,251876
706,남경주,2022-02,2종,3768
706,남경주,2022-02,3종,7917
706,남경주,2022-02,4종,5673
706,남경주,2022-02,5종,15897
706,남경주,2022-02,6종,10708
707,남포항,2022-02,1종,424388
707,남포항,2022-02,2종,5435
707,남포항,2022-02,3종,10119
707,남포항,2022-02,4종,9576
707,남포항,2022-02,5종,79394
707,남포항,2022-02,6종,15699
708,동경주,2022-02,1종,146988
708,동경주,2022-02,2종,1623
708,동경주,2022-02,3종,1618
708,동경주,2022-02,4종,1321
708,동경주,2022-02,5종,10371
708,동경주,2022-02,6종,5651
710,밀양출구JC,2022-02,1종,84062
710,밀양출구JC,2022-02,2종,3731
710,밀양출구JC,2022-02,3종,7665
710,밀양출구JC,2022-02,4종,3590
710,밀양출구JC,2022-02,5종,8893
710,밀양출구JC,2022-02,6종,3045
711,불갑산(목포),2022-02,1종,10695
711,불갑산(목포),2022-02,2종,127
711,불갑산(목포),2022-02,3종,144
711,불갑산(목포),2022-02,4종,32
711,불갑산(목포),2022-02,5종,16
711,불갑산(목포),2022-02,6종,235
712,동상주,2022-02,1종,68561
712,동상주,2022-02,2종,1684
712,동상주,2022-02,3종,3252
712,동상주,2022-02,4종,3374
712,동상주,2022-02,5종,2585
712,동상주,2022-02,6종,1974
713,서의성,2022-02,1종,45695
713,서의성,2022-02,2종,1109
713,서의성,2022-02,3종,2209
713,서의성,2022-02,4종,2560
713,서의성,2022-02,5종,2777
713,서의성,2022-02,6종,1924
714,북의성,2022-02,1종,41117
714,북의성,2022-02,2종,840
714,북의성,2022-02,3종,1252
714,북의성,2022-02,4종,965
714,북의성,2022-02,5종,1666
714,북의성,2022-02,6종,1437
715,동안동,2022-02,1종,106895
715,동안동,2022-02,2종,1242
715,동안동,2022-02,3종,1716
715,동안동,2022-02,4종,1038
715,동안동,2022-02,5종,3011
715,동안동,2022-02,6종,3606
716,청송,2022-02,1종,123046
716,청송,2022-02,2종,1685
716,청송,2022-02,3종,1412
716,청송,2022-02,4종,1708
716,청송,2022-02,5종,2547
716,청송,2022-02,6종,4376
720,밀양입구JC,2022-02,1종,83991
720,밀양입구JC,2022-02,2종,3342
720,밀양입구JC,2022-02,3종,8634
720,밀양입구JC,2022-02,4종,2981
720,밀양입구JC,2022-02,5종,8964
720,밀양입구JC,2022-02,6종,3244
722,활천,2022-02,1종,70683
722,활천,2022-02,2종,5350
722,활천,2022-02,3종,8997
722,활천,2022-02,4종,9603
722,활천,2022-02,5종,16556
722,활천,2022-02,6종,2715
723,북구미,2022-02,1종,172334
723,북구미,2022-02,2종,2592
723,북구미,2022-02,3종,637
723,북구미,2022-02,4종,209
723,북구미,2022-02,5종,586
723,북구미,2022-02,6종,6864
724,서함양,2022-02,1종,10163
724,서함양,2022-02,2종,116
724,서함양,2022-02,3종,24
724,서함양,2022-02,4종,6
724,서함양,2022-02,5종,33
724,서함양,2022-02,6종,239
725,임고,2022-02,1종,24366
725,임고,2022-02,2종,266
725,임고,2022-02,3종,54
725,임고,2022-02,4종,44
725,임고,2022-02,5종,31
725,임고,2022-02,6종,537
729,신둔,2022-02,1종,35401
729,신둔,2022-02,2종,3048
729,신둔,2022-02,3종,505
729,신둔,2022-02,4종,0
729,신둔,2022-02,5종,0
729,신둔,2022-02,6종,1934
730,유천,2022-02,1종,401943
730,유천,2022-02,2종,8628
730,유천,2022-02,3종,1392
730,유천,2022-02,4종,357
730,유천,2022-02,5종,1032
730,유천,2022-02,6종,19457
731,북현풍,2022-02,1종,128163
731,북현풍,2022-02,2종,1901
731,북현풍,2022-02,3종,573
731,북현풍,2022-02,4종,10
731,북현풍,2022-02,5종,662
731,북현풍,2022-02,6종,7026
732,행담도,2022-02,1종,22519
732,행담도,2022-02,2종,278
732,행담도,2022-02,3종,99
732,행담도,2022-02,4종,89
732,행담도,2022-02,5종,43
732,행담도,2022-02,6종,1040
733,옥산,2022-02,1종,120869
733,옥산,2022-02,2종,4465
733,옥산,2022-02,3종,1093
733,옥산,2022-02,4종,85
733,옥산,2022-02,5종,49
733,옥산,2022-02,6종,4405
734,동둔내,2022-02,1종,4982
734,동둔내,2022-02,2종,18
734,동둔내,2022-02,3종,15
734,동둔내,2022-02,4종,1
734,동둔내,2022-02,5종,0
734,동둔내,2022-02,6종,107
735,남양평,2022-02,1종,102486
735,남양평,2022-02,2종,1885
735,남양평,2022-02,3종,493
735,남양평,2022-02,4종,34
735,남양평,2022-02,5종,35
735,남양평,2022-02,6종,4365
736,삼성,2022-02,1종,88918
736,삼성,2022-02,2종,6970
736,삼성,2022-02,3종,297
736,삼성,2022-02,4종,70
736,삼성,2022-02,5종,38
736,삼성,2022-02,6종,3179
741,평택고덕,2022-02,1종,413565
741,평택고덕,2022-02,2종,8527
741,평택고덕,2022-02,3종,37255
741,평택고덕,2022-02,4종,13524
741,평택고덕,2022-02,5종,20247
741,평택고덕,2022-02,6종,25408
746,기장일광입구,2022-02,1종,171120
746,기장일광입구,2022-02,2종,2586
746,기장일광입구,2022-02,3종,200
746,기장일광입구,2022-02,4종,45
746,기장일광입구,2022-02,5종,122
746,기장일광입구,2022-02,6종,9435
747,척과구룡,2022-02,1종,75937
747,척과구룡,2022-02,2종,4993
747,척과구룡,2022-02,3종,8939
747,척과구룡,2022-02,4종,5243
747,척과구룡,2022-02,5종,9662
747,척과구룡,2022-02,6종,3176
748,동청송영양,2022-02,1종,64081
748,동청송영양,2022-02,2종,694
748,동청송영양,2022-02,3종,752
748,동청송영양,2022-02,4종,696
748,동청송영양,2022-02,5종,946
748,동청송영양,2022-02,6종,1862
749,영덕,2022-02,1종,225992
749,영덕,2022-02,2종,2084
749,영덕,2022-02,3종,2943
749,영덕,2022-02,4종,2146
749,영덕,2022-02,5종,5719
749,영덕,2022-02,6종,5497
750,기장동JC,2022-02,1종,325675
750,기장동JC,2022-02,2종,8106
750,기장동JC,2022-02,3종,14801
750,기장동JC,2022-02,4종,5245
750,기장동JC,2022-02,5종,36763
750,기장동JC,2022-02,6종,18704
751,기장일광(KEC),2022-02,1종,254293
751,기장일광(KEC),2022-02,2종,3676
751,기장일광(KEC),2022-02,3종,3175
751,기장일광(KEC),2022-02,4종,3683
751,기장일광(KEC),2022-02,5종,14525
751,기장일광(KEC),2022-02,6종,15645
752,기장철마,2022-02,1종,560865
752,기장철마,2022-02,2종,12122
752,기장철마,2022-02,3종,9264
752,기장철마,2022-02,4종,8752
752,기장철마,2022-02,5종,29533
752,기장철마,2022-02,6종,34308
753,금정,2022-02,1종,252483
753,금정,2022-02,2종,8388
753,금정,2022-02,3종,8586
753,금정,2022-02,4종,7441
753,금정,2022-02,5종,13039
753,금정,2022-02,6종,14089
754,김해가야휴게소,2022-02,1종,63200
754,김해가야휴게소,2022-02,2종,1451
754,김해가야휴게소,2022-02,3종,14
754,김해가야휴게소,2022-02,4종,0
754,김해가야휴게소,2022-02,5종,0
754,김해가야휴게소,2022-02,6종,2767
755,광재,2022-02,1종,377878
755,광재,2022-02,2종,16821
755,광재,2022-02,3종,17055
755,광재,2022-02,4종,15510
755,광재,2022-02,5종,32563
755,광재,2022-02,6종,19594
756,한림,2022-02,1종,106416
756,한림,2022-02,2종,7351
756,한림,2022-02,3종,7664
756,한림,2022-02,4종,6313
756,한림,2022-02,5종,11831
756,한림,2022-02,6종,4875
757,진영,2022-02,1종,225201
757,진영,2022-02,2종,12483
757,진영,2022-02,3종,14389
757,진영,2022-02,4종,17294
757,진영,2022-02,5종,24333
757,진영,2022-02,6종,11967
758,진영휴게소,2022-02,1종,265
758,진영휴게소,2022-02,2종,1
758,진영휴게소,2022-02,3종,1
758,진영휴게소,2022-02,4종,0
758,진영휴게소,2022-02,5종,34
758,진영휴게소,2022-02,6종,22
760,기장서JC,2022-02,1종,570544
760,기장서JC,2022-02,2종,14546
760,기장서JC,2022-02,3종,19240
760,기장서JC,2022-02,4종,7220
760,기장서JC,2022-02,5종,55139
760,기장서JC,2022-02,6종,33455
762,중앙탑,2022-02,1종,40201
762,중앙탑,2022-02,2종,748
762,중앙탑,2022-02,3종,24
762,중앙탑,2022-02,4종,35
762,중앙탑,2022-02,5종,7
762,중앙탑,2022-02,6종,2117
765,내촌,2022-02,1종,26478
765,내촌,2022-02,2종,474
765,내촌,2022-02,3종,237
765,내촌,2022-02,4종,551
765,내촌,2022-02,5종,413
765,내촌,2022-02,6종,1372
766,인제,2022-02,1종,70002
766,인제,2022-02,2종,1154
766,인제,2022-02,3종,578
766,인제,2022-02,4종,738
766,인제,2022-02,5종,637
766,인제,2022-02,6종,3529
767,구병산,2022-02,1종,3260
767,구병산,2022-02,2종,28
767,구병산,2022-02,3종,4
767,구병산,2022-02,4종,0
767,구병산,2022-02,5종,0
767,구병산,2022-02,6종,311
768,서양양,2022-02,1종,6581
768,서양양,2022-02,2종,66
768,서양양,2022-02,3종,23
768,서양양,2022-02,4종,130
768,서양양,2022-02,5종,46
768,서양양,2022-02,6종,172
770,울주동JC,2022-02,1종,158366
770,울주동JC,2022-02,2종,5913
770,울주동JC,2022-02,3종,17034
770,울주동JC,2022-02,4종,5381
770,울주동JC,2022-02,5종,25270
770,울주동JC,2022-02,6종,7263
771,배내골,2022-02,1종,35541
771,배내골,2022-02,2종,198
771,배내골,2022-02,3종,123
771,배내골,2022-02,4종,89
771,배내골,2022-02,5종,181
771,배내골,2022-02,6종,1521
780,울주서JC,2022-02,1종,155997
780,울주서JC,2022-02,2종,5830
780,울주서JC,2022-02,3종,14393
780,울주서JC,2022-02,4종,5472
780,울주서JC,2022-02,5종,25162
780,울주서JC,2022-02,6종,7439
876,양감,2022-02,1종,231894
876,양감,2022-02,2종,11874
876,양감,2022-02,3종,12654
876,양감,2022-02,4종,12948
876,양감,2022-02,5종,12265
876,양감,2022-02,6종,15502
981,서영암,2022-02,1종,244420
981,서영암,2022-02,2종,3559
981,서영암,2022-02,3종,7147
981,서영암,2022-02,4종,8073
981,서영암,2022-02,5종,17628
981,서영암,2022-02,6종,6436
982,강진무위사,2022-02,1종,161266
982,강진무위사,2022-02,2종,2365
982,강진무위사,2022-02,3종,4810
982,강진무위사,2022-02,4종,6480
982,강진무위사,2022-02,5종,7791
982,강진무위사,2022-02,6종,3909
983,장흥,2022-02,1종,88603
983,장흥,2022-02,2종,1204
983,장흥,2022-02,3종,1417
983,장흥,2022-02,4종,1053
983,장흥,2022-02,5종,1790
983,장흥,2022-02,6종,2233
984,보성,2022-02,1종,196103
984,보성,2022-02,2종,4489
984,보성,2022-02,3종,4677
984,보성,2022-02,4종,4819
984,보성,2022-02,5종,14636
984,보성,2022-02,6종,4692
985,벌교,2022-02,1종,138386
985,벌교,2022-02,2종,3038
985,벌교,2022-02,3종,3151
985,벌교,2022-02,4종,2754
985,벌교,2022-02,5종,5130
985,벌교,2022-02,6종,3157
986,고흥,2022-02,1종,206604
986,고흥,2022-02,2종,2927
986,고흥,2022-02,3종,4087
986,고흥,2022-02,4종,5056
986,고흥,2022-02,5종,12310
986,고흥,2022-02,6종,5931
987,남순천,2022-02,1종,506627
987,남순천,2022-02,2종,7667
987,남순천,2022-02,3종,12328
987,남순천,2022-02,4종,15326
987,남순천,2022-02,5종,43691
987,남순천,2022-02,6종,13089
11,인천,2022-03,1종,4121716
11,인천,2022-03,2종,107189
11,인천,2022-03,3종,63686
11,인천,2022-03,4종,73945
11,인천,2022-03,5종,140064
11,인천,2022-03,6종,294997
12,서영암(개),2022-03,1종,64372
12,서영암(개),2022-03,2종,923
12,서영암(개),2022-03,3종,1265
12,서영암(개),2022-03,4종,1198
12,서영암(개),2022-03,5종,1809
12,서영암(개),2022-03,6종,2638
13,순천만,2022-03,1종,166865
13,순천만,2022-03,2종,4792
13,순천만,2022-03,3종,4891
13,순천만,2022-03,4종,3811
13,순천만,2022-03,5종,10502
13,순천만,2022-03,6종,6203
25,동부산,2022-03,1종,428385
25,동부산,2022-03,2종,2707
25,동부산,2022-03,3종,1989
25,동부산,2022-03,4종,3619
25,동부산,2022-03,5종,4554
25,동부산,2022-03,6종,11211
29,가락(개),2022-03,1종,887832
29,가락(개),2022-03,2종,20195
29,가락(개),2022-03,3종,20761
29,가락(개),2022-03,4종,21849
29,가락(개),2022-03,5종,131503
29,가락(개),2022-03,6종,62239
53,남인천,2022-03,1종,1878750
53,남인천,2022-03,2종,43246
53,남인천,2022-03,3종,37202
53,남인천,2022-03,4종,26502
53,남인천,2022-03,5종,53825
53,남인천,2022-03,6종,125167
56,일로,2022-03,1종,32803
56,일로,2022-03,2종,747
56,일로,2022-03,3종,578
56,일로,2022-03,4종,992
56,일로,2022-03,5종,3553
56,일로,2022-03,6종,1522
57,다사,2022-03,1종,1391
57,다사,2022-03,2종,22
57,다사,2022-03,3종,14
57,다사,2022-03,4종,13
57,다사,2022-03,5종,5
57,다사,2022-03,6종,85
58,지천,2022-03,1종,1275
58,지천,2022-03,2종,15
58,지천,2022-03,3종,9
58,지천,2022-03,4종,8
58,지천,2022-03,5종,9
58,지천,2022-03,6종,60
61,성남,2022-03,1종,4622816
61,성남,2022-03,2종,147309
61,성남,2022-03,3종,133327
61,성남,2022-03,4종,131435
61,성남,2022-03,5종,102439
61,성남,2022-03,6종,253446
62,구리남양주,2022-03,1종,4987349
62,구리남양주,2022-03,2종,173517
62,구리남양주,2022-03,3종,135061
62,구리남양주,2022-03,4종,153012
62,구리남양주,2022-03,5종,122636
62,구리남양주,2022-03,6종,299960
63,토평,2022-03,1종,617585
63,토평,2022-03,2종,20083
63,토평,2022-03,3종,13179
63,토평,2022-03,4종,16844
63,토평,2022-03,5종,18364
63,토평,2022-03,6종,37825
64,청계,2022-03,1종,4092151
64,청계,2022-03,2종,106007
64,청계,2022-03,3종,107702
64,청계,2022-03,4종,62761
64,청계,2022-03,5종,74481
64,청계,2022-03,6종,240171
65,판교,2022-03,1종,2248342
65,판교,2022-03,2종,25980
65,판교,2022-03,3종,117013
65,판교,2022-03,4종,9167
65,판교,2022-03,5종,9003
65,판교,2022-03,6종,100747
66,하남,2022-03,1종,891501
66,하남,2022-03,2종,24621
66,하남,2022-03,3종,12271
66,하남,2022-03,4종,13752
66,하남,2022-03,5종,11771
66,하남,2022-03,6종,51960
67,시흥,2022-03,1종,3799738
67,시흥,2022-03,2종,111195
67,시흥,2022-03,3종,96372
67,시흥,2022-03,4종,101837
67,시흥,2022-03,5종,96438
67,시흥,2022-03,6종,225392
68,김포,2022-03,1종,4652903
68,김포,2022-03,2종,146464
68,김포,2022-03,3종,100020
68,김포,2022-03,4종,98883
68,김포,2022-03,5종,148474
68,김포,2022-03,6종,311446
69,대왕판교,2022-03,1종,190065
69,대왕판교,2022-03,2종,1976
69,대왕판교,2022-03,3종,474
69,대왕판교,2022-03,4종,22
69,대왕판교,2022-03,5종,21
69,대왕판교,2022-03,6종,7436
74,덕소삼패,2022-03,1종,389451
74,덕소삼패,2022-03,2종,8089
74,덕소삼패,2022-03,3종,5790
74,덕소삼패,2022-03,4종,9403
74,덕소삼패,2022-03,5종,14881
74,덕소삼패,2022-03,6종,26707
91,대동(개),2022-03,1종,98999
91,대동(개),2022-03,2종,5158
91,대동(개),2022-03,3종,4082
91,대동(개),2022-03,4종,20587
91,대동(개),2022-03,5종,13615
91,대동(개),2022-03,6종,5268
92,내서,2022-03,1종,202311
92,내서,2022-03,2종,6739
92,내서,2022-03,3종,9022
92,내서,2022-03,4종,4958
92,내서,2022-03,5종,12574
92,내서,2022-03,6종,15256
101,서울,2022-03,1종,5009109
101,서울,2022-03,2종,155726
101,서울,2022-03,3종,452180
101,서울,2022-03,4종,145281
101,서울,2022-03,5종,74469
101,서울,2022-03,6종,205711
102,동수원,2022-03,1종,2050354
102,동수원,2022-03,2종,28700
102,동수원,2022-03,3종,63774
102,동수원,2022-03,4종,11375
102,동수원,2022-03,5종,11679
102,동수원,2022-03,6종,105267
103,수원신갈,2022-03,1종,2232472
103,수원신갈,2022-03,2종,89406
103,수원신갈,2022-03,3종,143833
103,수원신갈,2022-03,4종,70332
103,수원신갈,2022-03,5종,36233
103,수원신갈,2022-03,6종,106948
104,지곡,2022-03,1종,33181
104,지곡,2022-03,2종,1336
104,지곡,2022-03,3종,2093
104,지곡,2022-03,4종,2801
104,지곡,2022-03,5종,3630
104,지곡,2022-03,6종,1137
105,기흥,2022-03,1종,783734
105,기흥,2022-03,2종,15188
105,기흥,2022-03,3종,23940
105,기흥,2022-03,4종,10893
105,기흥,2022-03,5종,7366
105,기흥,2022-03,6종,39942
106,오산,2022-03,1종,1241293
106,오산,2022-03,2종,84085
106,오산,2022-03,3종,98711
106,오산,2022-03,4종,86681
106,오산,2022-03,5종,43408
106,오산,2022-03,6종,70095
107,안성,2022-03,1종,1039789
107,안성,2022-03,2종,27514
107,안성,2022-03,3종,38924
107,안성,2022-03,4종,19280
107,안성,2022-03,5종,11610
107,안성,2022-03,6종,62076
108,천안,2022-03,1종,1590757
108,천안,2022-03,2종,36167
108,천안,2022-03,3종,77120
108,천안,2022-03,4종,36353
108,천안,2022-03,5종,37771
108,천안,2022-03,6종,75028
109,계룡,2022-03,1종,137129
109,계룡,2022-03,2종,10094
109,계룡,2022-03,3종,10219
109,계룡,2022-03,4종,10189
109,계룡,2022-03,5종,8336
109,계룡,2022-03,6종,7550
110,독립기념관,2022-03,1종,322772
110,독립기념관,2022-03,2종,15653
110,독립기념관,2022-03,3종,22171
110,독립기념관,2022-03,4종,31061
110,독립기념관,2022-03,5종,23213
110,독립기념관,2022-03,6종,13661
111,청주,2022-03,1종,525604
111,청주,2022-03,2종,15444
111,청주,2022-03,3종,38911
111,청주,2022-03,4종,23734
111,청주,2022-03,5종,27223
111,청주,2022-03,6종,22367
112,남청주,2022-03,1종,505015
112,남청주,2022-03,2종,34326
112,남청주,2022-03,3종,28838
112,남청주,2022-03,4종,46885
112,남청주,2022-03,5종,52048
112,남청주,2022-03,6종,20267
113,신탄진,2022-03,1종,692360
113,신탄진,2022-03,2종,30778
113,신탄진,2022-03,3종,26166
113,신탄진,2022-03,4종,49892
113,신탄진,2022-03,5종,66773
113,신탄진,2022-03,6종,34338
114,남대전,2022-03,1종,371339
114,남대전,2022-03,2종,14487
114,남대전,2022-03,3종,19851
114,남대전,2022-03,4종,31512
114,남대전,2022-03,5종,12358
114,남대전,2022-03,6종,17854
115,대전,2022-03,1종,1303997
115,대전,2022-03,2종,32593
115,대전,2022-03,3종,47835
115,대전,2022-03,4종,14907
115,대전,2022-03,5종,12986
115,대전,2022-03,6종,68909
116,옥천,2022-03,1종,459338
116,옥천,2022-03,2종,19684
116,옥천,2022-03,3종,18558
116,옥천,2022-03,4종,31070
116,옥천,2022-03,5종,31131
116,옥천,2022-03,6종,22877
117,금강,2022-03,1종,39245
117,금강,2022-03,2종,1049
117,금강,2022-03,3종,1542
117,금강,2022-03,4종,2058
117,금강,2022-03,5종,968
117,금강,2022-03,6종,2126
118,영동,2022-03,1종,94077
118,영동,2022-03,2종,3066
118,영동,2022-03,3종,4695
118,영동,2022-03,4종,4003
118,영동,2022-03,5종,11290
118,영동,2022-03,6종,3771
119,판암,2022-03,1종,541677
119,판암,2022-03,2종,12158
119,판암,2022-03,3종,9498
119,판암,2022-03,4종,5304
119,판암,2022-03,5종,13167
119,판암,2022-03,6종,30306
120,황간,2022-03,1종,76282
120,황간,2022-03,2종,1972
120,황간,2022-03,3종,2510
120,황간,2022-03,4종,4226
120,황간,2022-03,5종,6791
120,황간,2022-03,6종,2683
121,추풍령,2022-03,1종,37357
121,추풍령,2022-03,2종,857
121,추풍령,2022-03,3종,1065
121,추풍령,2022-03,4종,1442
121,추풍령,2022-03,5종,3404
121,추풍령,2022-03,6종,1785
122,김천,2022-03,1종,204624
122,김천,2022-03,2종,5154
122,김천,2022-03,3종,6558
122,김천,2022-03,4종,8611
122,김천,2022-03,5종,8644
122,김천,2022-03,6종,9140
123,구미,2022-03,1종,664874
123,구미,2022-03,2종,15114
123,구미,2022-03,3종,23336
123,구미,2022-03,4종,18637
123,구미,2022-03,5종,15652
123,구미,2022-03,6종,29424
124,상주,2022-03,1종,77659
124,상주,2022-03,2종,2981
124,상주,2022-03,3종,3975
124,상주,2022-03,4종,4424
124,상주,2022-03,5종,5379
124,상주,2022-03,6종,2566
125,남구미,2022-03,1종,519226
125,남구미,2022-03,2종,18677
125,남구미,2022-03,3종,32094
125,남구미,2022-03,4종,29529
125,남구미,2022-03,5종,38565
125,남구미,2022-03,6종,25089
126,왜관,2022-03,1종,649107
126,왜관,2022-03,2종,38519
126,왜관,2022-03,3종,31730
126,왜관,2022-03,4종,30868
126,왜관,2022-03,5종,53049
126,왜관,2022-03,6종,27231
127,서대구,2022-03,1종,1735762
127,서대구,2022-03,2종,66372
127,서대구,2022-03,3종,77517
127,서대구,2022-03,4종,63055
127,서대구,2022-03,5종,75441
127,서대구,2022-03,6종,70504
128,금왕꽃동네,2022-03,1종,234376
128,금왕꽃동네,2022-03,2종,15042
128,금왕꽃동네,2022-03,3종,19994
128,금왕꽃동네,2022-03,4종,24500
128,금왕꽃동네,2022-03,5종,36854
128,금왕꽃동네,2022-03,6종,10301
129,북대구,2022-03,1종,1805871
129,북대구,2022-03,2종,51617
129,북대구,2022-03,3종,46895
129,북대구,2022-03,4종,27744
129,북대구,2022-03,5종,46689
129,북대구,2022-03,6종,71788
130,동김천,2022-03,1종,257623
130,동김천,2022-03,2종,8676
130,동김천,2022-03,3종,15409
130,동김천,2022-03,4종,14565
130,동김천,2022-03,5종,24374
130,동김천,2022-03,6종,10253
131,경산,2022-03,1종,904290
131,경산,2022-03,2종,60594
131,경산,2022-03,3종,56602
131,경산,2022-03,4종,57658
131,경산,2022-03,5종,55373
131,경산,2022-03,6종,44332
132,영천,2022-03,1종,347461
132,영천,2022-03,2종,15562
132,영천,2022-03,3종,26820
132,영천,2022-03,4종,25324
132,영천,2022-03,5종,35022
132,영천,2022-03,6종,13897
133,서경주,2022-03,1종,145978
133,서경주,2022-03,2종,5826
133,서경주,2022-03,3종,8802
133,서경주,2022-03,4종,9825
133,서경주,2022-03,5종,22765
133,서경주,2022-03,6종,4851
134,선산,2022-03,1종,73525
134,선산,2022-03,2종,3094
134,선산,2022-03,3종,4089
134,선산,2022-03,4종,4486
134,선산,2022-03,5종,5181
134,선산,2022-03,6종,2502
135,경주,2022-03,1종,735407
135,경주,2022-03,2종,16718
135,경주,2022-03,3종,42943
135,경주,2022-03,4종,34089
135,경주,2022-03,5종,54081
135,경주,2022-03,6종,25759
136,음성,2022-03,1종,210530
136,음성,2022-03,2종,9998
136,음성,2022-03,3종,13324
136,음성,2022-03,4종,17139
136,음성,2022-03,5종,23092
136,음성,2022-03,6종,7117
137,통도사,2022-03,1종,260119
137,통도사,2022-03,2종,16232
137,통도사,2022-03,3종,21041
137,통도사,2022-03,4종,17188
137,통도사,2022-03,5종,27261
137,통도사,2022-03,6종,13975
138,양산,2022-03,1종,748373
138,양산,2022-03,2종,72021
138,양산,2022-03,3종,56391
138,양산,2022-03,4종,65292
138,양산,2022-03,5종,68733
138,양산,2022-03,6종,35275
139,서울산,2022-03,1종,462172
139,서울산,2022-03,2종,15344
139,서울산,2022-03,3종,19432
139,서울산,2022-03,4종,12861
139,서울산,2022-03,5종,16552
139,서울산,2022-03,6종,23494
140,부산,2022-03,1종,1680222
140,부산,2022-03,2종,46777
140,부산,2022-03,3종,41277
140,부산,2022-03,4종,32380
140,부산,2022-03,5종,46894
140,부산,2022-03,6종,83888
142,군북,2022-03,1종,405423
142,군북,2022-03,2종,11105
142,군북,2022-03,3종,16412
142,군북,2022-03,4종,12370
142,군북,2022-03,5종,31965
142,군북,2022-03,6종,22242
143,장지,2022-03,1종,114414
143,장지,2022-03,2종,3819
143,장지,2022-03,3종,5708
143,장지,2022-03,4종,5521
143,장지,2022-03,5종,21397
143,장지,2022-03,6종,6956
144,함안,2022-03,1종,263794
144,함안,2022-03,2종,9810
144,함안,2022-03,3종,10658
144,함안,2022-03,4종,9115
144,함안,2022-03,5종,21301
144,함안,2022-03,6종,15003
145,산인,2022-03,1종,821481
145,산인,2022-03,2종,16978
145,산인,2022-03,3종,30414
145,산인,2022-03,4종,13795
145,산인,2022-03,5종,25538
145,산인,2022-03,6종,38660
146,동창원,2022-03,1종,564895
146,동창원,2022-03,2종,17892
146,동창원,2022-03,3종,16461
146,동창원,2022-03,4종,14659
146,동창원,2022-03,5종,22113
146,동창원,2022-03,6종,35693
147,진례,2022-03,1종,453933
147,진례,2022-03,2종,31329
147,진례,2022-03,3종,33592
147,진례,2022-03,4종,32378
147,진례,2022-03,5종,38909
147,진례,2022-03,6종,28572
148,서김해,2022-03,1종,789443
148,서김해,2022-03,2종,24481
148,서김해,2022-03,3종,25338
148,서김해,2022-03,4종,22112
148,서김해,2022-03,5종,20925
148,서김해,2022-03,6종,51664
149,동김해,2022-03,1종,990673
149,동김해,2022-03,2종,30299
149,동김해,2022-03,3종,25634
149,동김해,2022-03,4종,15135
149,동김해,2022-03,5종,12866
149,동김해,2022-03,6종,66692
150,북부산,2022-03,1종,1580297
150,북부산,2022-03,2종,28842
150,북부산,2022-03,3종,24810
150,북부산,2022-03,4종,14183
150,북부산,2022-03,5종,29314
150,북부산,2022-03,6종,94617
151,북대전,2022-03,1종,764669
151,북대전,2022-03,2종,12547
151,북대전,2022-03,3종,22647
151,북대전,2022-03,4종,18312
151,북대전,2022-03,5종,21338
151,북대전,2022-03,6종,38281
152,유성,2022-03,1종,1088371
152,유성,2022-03,2종,21155
152,유성,2022-03,3종,30086
152,유성,2022-03,4종,17432
152,유성,2022-03,5종,14653
152,유성,2022-03,6종,45545
153,서대전,2022-03,1종,927450
153,서대전,2022-03,2종,21218
153,서대전,2022-03,3종,20512
153,서대전,2022-03,4종,17785
153,서대전,2022-03,5종,17941
153,서대전,2022-03,6종,46842
154,안영,2022-03,1종,468444
154,안영,2022-03,2종,14935
154,안영,2022-03,3종,12961
154,안영,2022-03,4종,7990
154,안영,2022-03,5종,15833
154,안영,2022-03,6종,21921
155,논산,2022-03,1종,228987
155,논산,2022-03,2종,11241
155,논산,2022-03,3종,18620
155,논산,2022-03,4종,18117
155,논산,2022-03,5종,17322
155,논산,2022-03,6종,8630
156,익산,2022-03,1종,266322
156,익산,2022-03,2종,19258
156,익산,2022-03,3종,25446
156,익산,2022-03,4종,32965
156,익산,2022-03,5종,41908
156,익산,2022-03,6종,7114
157,삼례,2022-03,1종,103338
157,삼례,2022-03,2종,4231
157,삼례,2022-03,3종,6841
157,삼례,2022-03,4종,8846
157,삼례,2022-03,5종,12147
157,삼례,2022-03,6종,2965
158,전주,2022-03,1종,391327
158,전주,2022-03,2종,13376
158,전주,2022-03,3종,33102
158,전주,2022-03,4종,21074
158,전주,2022-03,5종,30196
158,전주,2022-03,6종,11198
159,서전주,2022-03,1종,332721
159,서전주,2022-03,2종,10016
159,서전주,2022-03,3종,11998
159,서전주,2022-03,4종,13773
159,서전주,2022-03,5종,12168
159,서전주,2022-03,6종,8647
160,김제,2022-03,1종,121145
160,김제,2022-03,2종,6109
160,김제,2022-03,3종,9129
160,김제,2022-03,4종,10826
160,김제,2022-03,5종,8456
160,김제,2022-03,6종,3321
161,금산사,2022-03,1종,30698
161,금산사,2022-03,2종,1517
161,금산사,2022-03,3종,1110
161,금산사,2022-03,4종,1423
161,금산사,2022-03,5종,1973
161,금산사,2022-03,6종,811
162,태인,2022-03,1종,87415
162,태인,2022-03,2종,3841
162,태인,2022-03,3종,7669
162,태인,2022-03,4종,8703
162,태인,2022-03,5종,8978
162,태인,2022-03,6종,2368
163,정읍,2022-03,1종,199836
163,정읍,2022-03,2종,8118
163,정읍,2022-03,3종,12054
163,정읍,2022-03,4종,12814
163,정읍,2022-03,5종,13281
163,정읍,2022-03,6종,5101
164,무주,2022-03,1종,128320
164,무주,2022-03,2종,2472
164,무주,2022-03,3종,3892
164,무주,2022-03,4종,3082
164,무주,2022-03,5종,3375
164,무주,2022-03,6종,4578
165,백양사,2022-03,1종,54574
165,백양사,2022-03,2종,1498
165,백양사,2022-03,3종,1491
165,백양사,2022-03,4종,2009
165,백양사,2022-03,5종,1245
165,백양사,2022-03,6종,1569
166,장성,2022-03,1종,183031
166,장성,2022-03,2종,10979
166,장성,2022-03,3종,12637
166,장성,2022-03,4종,15001
166,장성,2022-03,5종,16657
166,장성,2022-03,6종,5502
167,광주,2022-03,1종,998330
167,광주,2022-03,2종,35632
167,광주,2022-03,3종,55263
167,광주,2022-03,4종,64007
167,광주,2022-03,5종,44592
167,광주,2022-03,6종,27732
168,덕유산,2022-03,1종,44561
168,덕유산,2022-03,2종,1047
168,덕유산,2022-03,3종,815
168,덕유산,2022-03,4종,938
168,덕유산,2022-03,5종,959
168,덕유산,2022-03,6종,1127
169,장수,2022-03,1종,101242
169,장수,2022-03,2종,2578
169,장수,2022-03,3종,2840
169,장수,2022-03,4종,2994
169,장수,2022-03,5종,2962
169,장수,2022-03,6종,2718
170,서상,2022-03,1종,51279
170,서상,2022-03,2종,1393
170,서상,2022-03,3종,3310
170,서상,2022-03,4종,4064
170,서상,2022-03,5종,4351
170,서상,2022-03,6종,2105
171,마성,2022-03,1종,462010
171,마성,2022-03,2종,9211
171,마성,2022-03,3종,15509
171,마성,2022-03,4종,7198
171,마성,2022-03,5종,4021
171,마성,2022-03,6종,20109
172,용인,2022-03,1종,906113
172,용인,2022-03,2종,51682
172,용인,2022-03,3종,38408
172,용인,2022-03,4종,33301
172,용인,2022-03,5종,27482
172,용인,2022-03,6종,53865
173,양지,2022-03,1종,950687
173,양지,2022-03,2종,87731
173,양지,2022-03,3종,59902
173,양지,2022-03,4종,79873
173,양지,2022-03,5종,65977
173,양지,2022-03,6종,43669
174,춘천,2022-03,1종,782654
174,춘천,2022-03,2종,18461
174,춘천,2022-03,3종,20482
174,춘천,2022-03,4종,11619
174,춘천,2022-03,5종,12483
174,춘천,2022-03,6종,43173
175,덕평,2022-03,1종,346140
175,덕평,2022-03,2종,45070
175,덕평,2022-03,3종,31012
175,덕평,2022-03,4종,45145
175,덕평,2022-03,5종,31392
175,덕평,2022-03,6종,19419
176,이천,2022-03,1종,563308
176,이천,2022-03,2종,27507
176,이천,2022-03,3종,48486
176,이천,2022-03,4종,50475
176,이천,2022-03,5종,47008
176,이천,2022-03,6종,28138
177,여주,2022-03,1종,328240
177,여주,2022-03,2종,10370
177,여주,2022-03,3종,30743
177,여주,2022-03,4종,30554
177,여주,2022-03,5종,21045
177,여주,2022-03,6종,12020
178,문막,2022-03,1종,252079
178,문막,2022-03,2종,18553
178,문막,2022-03,3종,23810
178,문막,2022-03,4종,17453
178,문막,2022-03,5종,21528
178,문막,2022-03,6종,11905
179,홍천,2022-03,1종,314999
179,홍천,2022-03,2종,8840
179,홍천,2022-03,3종,13170
179,홍천,2022-03,4종,8529
179,홍천,2022-03,5종,9984
179,홍천,2022-03,6종,19210
180,원주,2022-03,1종,309928
180,원주,2022-03,2종,17235
180,원주,2022-03,3종,17777
180,원주,2022-03,4종,18224
180,원주,2022-03,5종,16219
180,원주,2022-03,6종,15960
181,새말,2022-03,1종,180969
181,새말,2022-03,2종,7822
181,새말,2022-03,3종,10089
181,새말,2022-03,4종,8421
181,새말,2022-03,5종,7967
181,새말,2022-03,6종,6945
182,둔내,2022-03,1종,101815
182,둔내,2022-03,2종,2818
182,둔내,2022-03,3종,2557
182,둔내,2022-03,4종,1940
182,둔내,2022-03,5종,1999
182,둔내,2022-03,6종,3906
183,면온,2022-03,1종,50838
183,면온,2022-03,2종,906
183,면온,2022-03,3종,656
183,면온,2022-03,4종,701
183,면온,2022-03,5종,1696
183,면온,2022-03,6종,1704
184,대관령,2022-03,1종,177159
184,대관령,2022-03,2종,3712
184,대관령,2022-03,3종,5697
184,대관령,2022-03,4종,1105
184,대관령,2022-03,5종,1823
184,대관령,2022-03,6종,7092
185,평창,2022-03,1종,86057
185,평창,2022-03,2종,2456
185,평창,2022-03,3종,5508
185,평창,2022-03,4종,1882
185,평창,2022-03,5종,4638
185,평창,2022-03,6종,3160
186,속사,2022-03,1종,30094
186,속사,2022-03,2종,741
186,속사,2022-03,3종,739
186,속사,2022-03,4종,694
186,속사,2022-03,5종,960
186,속사,2022-03,6종,925
187,진부,2022-03,1종,105185
187,진부,2022-03,2종,2922
187,진부,2022-03,3종,4098
187,진부,2022-03,4종,2150
187,진부,2022-03,5종,2881
187,진부,2022-03,6종,3548
188,서충주,2022-03,1종,155727
188,서충주,2022-03,2종,6030
188,서충주,2022-03,3종,12006
188,서충주,2022-03,4종,13950
188,서충주,2022-03,5종,18518
188,서충주,2022-03,6종,5829
189,강릉,2022-03,1종,538937
189,강릉,2022-03,2종,15776
189,강릉,2022-03,3종,26590
189,강릉,2022-03,4종,10523
189,강릉,2022-03,5종,15372
189,강릉,2022-03,6종,24220
190,동서울,2022-03,1종,3276875
190,동서울,2022-03,2종,160684
190,동서울,2022-03,3종,156193
190,동서울,2022-03,4종,139889
190,동서울,2022-03,5종,104512
190,동서울,2022-03,6종,137467
191,경기광주,2022-03,1종,717481
191,경기광주,2022-03,2종,38983
191,경기광주,2022-03,3종,28232
191,경기광주,2022-03,4종,19711
191,경기광주,2022-03,5종,14986
191,경기광주,2022-03,6종,43698
192,곤지암,2022-03,1종,682678
192,곤지암,2022-03,2종,58961
192,곤지암,2022-03,3종,38333
192,곤지암,2022-03,4종,47712
192,곤지암,2022-03,5종,36151
192,곤지암,2022-03,6종,35652
193,일죽,2022-03,1종,386199
193,일죽,2022-03,2종,27900
193,일죽,2022-03,3종,36220
193,일죽,2022-03,4종,49007
193,일죽,2022-03,5종,33559
193,일죽,2022-03,6종,13972
194,서이천,2022-03,1종,469089
194,서이천,2022-03,2종,56723
194,서이천,2022-03,3종,42596
194,서이천,2022-03,4종,43826
194,서이천,2022-03,5종,28159
194,서이천,2022-03,6종,24155
195,대소,2022-03,1종,234686
195,대소,2022-03,2종,24576
195,대소,2022-03,3종,38350
195,대소,2022-03,4종,42529
195,대소,2022-03,5종,34356
195,대소,2022-03,6종,9861
196,진천,2022-03,1종,304546
196,진천,2022-03,2종,18249
196,진천,2022-03,3종,24988
196,진천,2022-03,4종,33680
196,진천,2022-03,5종,32607
196,진천,2022-03,6종,14233
197,증평,2022-03,1종,319036
197,증평,2022-03,2종,16160
197,증평,2022-03,3종,24410
197,증평,2022-03,4종,39500
197,증평,2022-03,5종,32608
197,증평,2022-03,6종,11741
198,서청주,2022-03,1종,669355
198,서청주,2022-03,2종,24732
198,서청주,2022-03,3종,30472
198,서청주,2022-03,4종,27838
198,서청주,2022-03,5종,24016
198,서청주,2022-03,6종,29532
199,오창,2022-03,1종,470340
199,오창,2022-03,2종,14101
199,오창,2022-03,3종,23529
199,오창,2022-03,4종,20436
199,오창,2022-03,5종,22912
199,오창,2022-03,6종,18796
200,금산,2022-03,1종,147298
200,금산,2022-03,2종,3219
200,금산,2022-03,3종,5958
200,금산,2022-03,4종,4135
200,금산,2022-03,5종,7642
200,금산,2022-03,6종,6800
201,칠곡,2022-03,1종,667880
201,칠곡,2022-03,2종,18939
201,칠곡,2022-03,3종,17453
201,칠곡,2022-03,4종,11583
201,칠곡,2022-03,5종,16978
201,칠곡,2022-03,6종,32094
202,다부,2022-03,1종,126402
202,다부,2022-03,2종,6514
202,다부,2022-03,3종,4719
202,다부,2022-03,4종,4759
202,다부,2022-03,5종,11745
202,다부,2022-03,6종,4371
203,가산,2022-03,1종,510361
203,가산,2022-03,2종,17805
203,가산,2022-03,3종,18918
203,가산,2022-03,4종,17180
203,가산,2022-03,5종,42548
203,가산,2022-03,6종,19801
204,추부,2022-03,1종,193548
204,추부,2022-03,2종,6755
204,추부,2022-03,3종,6878
204,추부,2022-03,4종,7679
204,추부,2022-03,5종,6850
204,추부,2022-03,6종,9267
205,군위,2022-03,1종,173651
205,군위,2022-03,2종,4570
205,군위,2022-03,3종,5300
205,군위,2022-03,4종,4374
205,군위,2022-03,5종,6521
205,군위,2022-03,6종,6921
206,의성,2022-03,1종,173635
206,의성,2022-03,2종,3713
206,의성,2022-03,3종,4229
206,의성,2022-03,4종,3000
206,의성,2022-03,5종,4995
206,의성,2022-03,6종,5443
207,남안동,2022-03,1종,263851
207,남안동,2022-03,2종,7573
207,남안동,2022-03,3종,6565
207,남안동,2022-03,4종,5865
207,남안동,2022-03,5종,10287
207,남안동,2022-03,6종,8578
208,서안동,2022-03,1종,221510
208,서안동,2022-03,2종,6019
208,서안동,2022-03,3종,13640
208,서안동,2022-03,4종,7912
208,서안동,2022-03,5종,11079
208,서안동,2022-03,6종,6456
209,예천,2022-03,1종,27062
209,예천,2022-03,2종,684
209,예천,2022-03,3종,533
209,예천,2022-03,4종,814
209,예천,2022-03,5종,1224
209,예천,2022-03,6종,926
210,영주,2022-03,1종,169590
210,영주,2022-03,2종,5062
210,영주,2022-03,3종,7892
210,영주,2022-03,4종,7709
210,영주,2022-03,5종,21182
210,영주,2022-03,6종,5019
211,풍기,2022-03,1종,203147
211,풍기,2022-03,2종,3914
211,풍기,2022-03,3종,8662
211,풍기,2022-03,4종,6714
211,풍기,2022-03,5종,9963
211,풍기,2022-03,6종,6451
212,북수원,2022-03,1종,1109751
212,북수원,2022-03,2종,29885
212,북수원,2022-03,3종,37561
212,북수원,2022-03,4종,24949
212,북수원,2022-03,5종,23718
212,북수원,2022-03,6종,54471
213,부곡,2022-03,1종,326775
213,부곡,2022-03,2종,13291
213,부곡,2022-03,3종,8541
213,부곡,2022-03,4종,11884
213,부곡,2022-03,5종,67158
213,부곡,2022-03,6종,20999
214,동군포,2022-03,1종,260893
214,동군포,2022-03,2종,16172
214,동군포,2022-03,3종,16667
214,동군포,2022-03,4종,36863
214,동군포,2022-03,5종,22905
214,동군포,2022-03,6종,16136
215,군포,2022-03,1종,683865
215,군포,2022-03,2종,22205
215,군포,2022-03,3종,21390
215,군포,2022-03,4종,11727
215,군포,2022-03,5종,14521
215,군포,2022-03,6종,41441
216,횡성,2022-03,1종,171438
216,횡성,2022-03,2종,6504
216,횡성,2022-03,3종,5828
216,횡성,2022-03,4종,5801
216,횡성,2022-03,5종,8153
216,횡성,2022-03,6종,8556
217,북원주,2022-03,1종,68749
217,북원주,2022-03,2종,3276
217,북원주,2022-03,3종,2623
217,북원주,2022-03,4종,2941
217,북원주,2022-03,5종,2957
217,북원주,2022-03,6종,3301
218,남원주,2022-03,1종,609532
218,남원주,2022-03,2종,13822
218,남원주,2022-03,3종,22658
218,남원주,2022-03,4종,8115
218,남원주,2022-03,5종,10471
218,남원주,2022-03,6종,28611
219,신림,2022-03,1종,113469
219,신림,2022-03,2종,2562
219,신림,2022-03,3종,1718
219,신림,2022-03,4종,2457
219,신림,2022-03,5종,8521
219,신림,2022-03,6종,4466
220,덕평휴게소,2022-03,1종,6428
220,덕평휴게소,2022-03,2종,186
220,덕평휴게소,2022-03,3종,53
220,덕평휴게소,2022-03,4종,30
220,덕평휴게소,2022-03,5종,29
220,덕평휴게소,2022-03,6종,363
221,생초,2022-03,1종,50964
221,생초,2022-03,2종,1384
221,생초,2022-03,3종,2829
221,생초,2022-03,4종,3993
221,생초,2022-03,5종,8736
221,생초,2022-03,6종,1566
222,산청,2022-03,1종,52321
222,산청,2022-03,2종,1572
222,산청,2022-03,3종,1868
222,산청,2022-03,4종,2228
222,산청,2022-03,5종,2542
222,산청,2022-03,6종,1933
223,단성,2022-03,1종,86400
223,단성,2022-03,2종,2066
223,단성,2022-03,3종,4227
223,단성,2022-03,4종,5777
223,단성,2022-03,5종,5764
223,단성,2022-03,6종,3120
224,함양,2022-03,1종,103561
224,함양,2022-03,2종,3050
224,함양,2022-03,3종,5803
224,함양,2022-03,4종,2327
224,함양,2022-03,5종,3628
224,함양,2022-03,6종,4471
225,서진주,2022-03,1종,277589
225,서진주,2022-03,2종,7040
225,서진주,2022-03,3종,7368
225,서진주,2022-03,4종,6360
225,서진주,2022-03,5종,20870
225,서진주,2022-03,6종,12136
226,금강휴게소,2022-03,1종,10168
226,금강휴게소,2022-03,2종,270
226,금강휴게소,2022-03,3종,317
226,금강휴게소,2022-03,4종,335
226,금강휴게소,2022-03,5종,152
226,금강휴게소,2022-03,6종,271
227,군산,2022-03,1종,226192
227,군산,2022-03,2종,3988
227,군산,2022-03,3종,11770
227,군산,2022-03,4종,8714
227,군산,2022-03,5종,14980
227,군산,2022-03,6종,6172
228,동군산,2022-03,1종,201874
228,동군산,2022-03,2종,6506
228,동군산,2022-03,3종,11949
228,동군산,2022-03,4종,11690
228,동군산,2022-03,5종,24673
228,동군산,2022-03,6종,4779
229,북천안,2022-03,1종,557849
229,북천안,2022-03,2종,28195
229,북천안,2022-03,3종,40800
229,북천안,2022-03,4종,52451
229,북천안,2022-03,5종,48650
229,북천안,2022-03,6종,26578
230,팔공산,2022-03,1종,763559
230,팔공산,2022-03,2종,22803
230,팔공산,2022-03,3종,16105
230,팔공산,2022-03,4종,11148
230,팔공산,2022-03,5종,13461
230,팔공산,2022-03,6종,35098
231,화원옥포,2022-03,1종,686150
231,화원옥포,2022-03,2종,24957
231,화원옥포,2022-03,3종,20528
231,화원옥포,2022-03,4종,17916
231,화원옥포,2022-03,5종,20068
231,화원옥포,2022-03,6종,38289
232,달성,2022-03,1종,204749
232,달성,2022-03,2종,12659
232,달성,2022-03,3종,17933
232,달성,2022-03,4종,8838
232,달성,2022-03,5종,7025
232,달성,2022-03,6종,11725
233,현풍,2022-03,1종,580743
233,현풍,2022-03,2종,29206
233,현풍,2022-03,3종,37920
233,현풍,2022-03,4종,35270
233,현풍,2022-03,5종,49182
233,현풍,2022-03,6종,27694
234,서천,2022-03,1종,164942
234,서천,2022-03,2종,3997
234,서천,2022-03,3종,6552
234,서천,2022-03,4종,9187
234,서천,2022-03,5종,27080
234,서천,2022-03,6종,5087
235,창녕,2022-03,1종,133705
235,창녕,2022-03,2종,4650
235,창녕,2022-03,3종,6896
235,창녕,2022-03,4종,4894
235,창녕,2022-03,5종,9007
235,창녕,2022-03,6종,5133
236,영산,2022-03,1종,122905
236,영산,2022-03,2종,6389
236,영산,2022-03,3종,8021
236,영산,2022-03,4종,11039
236,영산,2022-03,5종,17721
236,영산,2022-03,6종,4433
237,남지,2022-03,1종,120985
237,남지,2022-03,2종,6236
237,남지,2022-03,3종,12795
237,남지,2022-03,4종,15059
237,남지,2022-03,5종,28984
237,남지,2022-03,6종,6744
238,칠서,2022-03,1종,188010
238,칠서,2022-03,2종,16171
238,칠서,2022-03,3종,22097
238,칠서,2022-03,4종,25289
238,칠서,2022-03,5종,54741
238,칠서,2022-03,6종,9907
239,칠원,2022-03,1종,466321
239,칠원,2022-03,2종,16893
239,칠원,2022-03,3종,30744
239,칠원,2022-03,4종,32892
239,칠원,2022-03,5종,43674
239,칠원,2022-03,6종,18991
240,제천,2022-03,1종,474774
240,제천,2022-03,2종,12397
240,제천,2022-03,3종,17020
240,제천,2022-03,4종,13055
240,제천,2022-03,5종,28083
240,제천,2022-03,6종,17838
241,동고령,2022-03,1종,315368
241,동고령,2022-03,2종,16751
241,동고령,2022-03,3종,17400
241,동고령,2022-03,4종,29239
241,동고령,2022-03,5종,35081
241,동고령,2022-03,6종,12622
242,고령,2022-03,1종,246251
242,고령,2022-03,2종,7562
242,고령,2022-03,3종,9879
242,고령,2022-03,4종,8680
242,고령,2022-03,5종,24363
242,고령,2022-03,6종,9664
243,해인사,2022-03,1종,114777
243,해인사,2022-03,2종,2431
243,해인사,2022-03,3종,2001
243,해인사,2022-03,4종,1649
243,해인사,2022-03,5종,3292
243,해인사,2022-03,6종,5557
244,서부산,2022-03,1종,1359194
244,서부산,2022-03,2종,31054
244,서부산,2022-03,3종,52799
244,서부산,2022-03,4종,36535
244,서부산,2022-03,5종,89292
244,서부산,2022-03,6종,71040
245,장유,2022-03,1종,1468511
245,장유,2022-03,2종,34628
245,장유,2022-03,3종,52428
245,장유,2022-03,4종,30259
245,장유,2022-03,5종,40269
245,장유,2022-03,6종,91619
246,가락,2022-03,1종,20724
246,가락,2022-03,2종,2063
246,가락,2022-03,3종,3555
246,가락,2022-03,4종,5680
246,가락,2022-03,5종,9622
246,가락,2022-03,6종,698
247,남원,2022-03,1종,175823
247,남원,2022-03,2종,5207
247,남원,2022-03,3종,6327
247,남원,2022-03,4종,4985
247,남원,2022-03,5종,13290
247,남원,2022-03,6종,6643
248,순창,2022-03,1종,154891
248,순창,2022-03,2종,4092
248,순창,2022-03,3종,4175
248,순창,2022-03,4종,3596
248,순창,2022-03,5종,8302
248,순창,2022-03,6종,5436
249,담양,2022-03,1종,181821
249,담양,2022-03,2종,3924
249,담양,2022-03,3종,9122
249,담양,2022-03,4종,3943
249,담양,2022-03,5종,7012
249,담양,2022-03,6종,5747
250,남양산,2022-03,1종,1284019
250,남양산,2022-03,2종,35927
250,남양산,2022-03,3종,44930
250,남양산,2022-03,4종,22788
250,남양산,2022-03,5종,26227
250,남양산,2022-03,6종,85223
251,물금,2022-03,1종,668165
251,물금,2022-03,2종,48343
251,물금,2022-03,3종,24020
251,물금,2022-03,4종,45136
251,물금,2022-03,5종,73314
251,물금,2022-03,6종,43664
252,대동,2022-03,1종,2293982
252,대동,2022-03,2종,102745
252,대동,2022-03,3종,84049
252,대동,2022-03,4종,97170
252,대동,2022-03,5종,285209
252,대동,2022-03,6종,112739
253,서서울,2022-03,1종,4765038
253,서서울,2022-03,2종,150799
253,서서울,2022-03,3종,132774
253,서서울,2022-03,4종,160889
253,서서울,2022-03,5종,153559
253,서서울,2022-03,6종,238032
254,군자,2022-03,1종,2220610
254,군자,2022-03,2종,90909
254,군자,2022-03,3종,79128
254,군자,2022-03,4종,101485
254,군자,2022-03,5종,156864
254,군자,2022-03,6종,124342
255,서안산,2022-03,1종,1784326
255,서안산,2022-03,2종,73792
255,서안산,2022-03,3종,61703
255,서안산,2022-03,4종,61880
255,서안산,2022-03,5종,58017
255,서안산,2022-03,6종,102425
256,안산,2022-03,1종,850575
256,안산,2022-03,2종,21114
256,안산,2022-03,3종,15086
256,안산,2022-03,4종,7871
256,안산,2022-03,5종,8326
256,안산,2022-03,6종,55982
257,홍성,2022-03,1종,191236
257,홍성,2022-03,2종,3764
257,홍성,2022-03,3종,6184
257,홍성,2022-03,4종,5097
257,홍성,2022-03,5종,8142
257,홍성,2022-03,6종,5993
258,광천,2022-03,1종,134883
258,광천,2022-03,2종,4652
258,광천,2022-03,3종,8000
258,광천,2022-03,4종,8444
258,광천,2022-03,5종,16092
258,광천,2022-03,6종,4262
259,대천,2022-03,1종,223901
259,대천,2022-03,2종,4229
259,대천,2022-03,3종,7688
259,대천,2022-03,4종,3388
259,대천,2022-03,5종,5362
259,대천,2022-03,6종,7112
260,춘장대,2022-03,1종,44311
260,춘장대,2022-03,2종,1023
260,춘장대,2022-03,3종,1265
260,춘장대,2022-03,4종,1616
260,춘장대,2022-03,5종,4080
260,춘장대,2022-03,6종,1466
261,동광주,2022-03,1종,1186806
261,동광주,2022-03,2종,26828
261,동광주,2022-03,3종,46290
261,동광주,2022-03,4종,27901
261,동광주,2022-03,5종,42155
261,동광주,2022-03,6종,35466
262,창평,2022-03,1종,135824
262,창평,2022-03,2종,6538
262,창평,2022-03,3종,3134
262,창평,2022-03,4종,4521
262,창평,2022-03,5종,2830
262,창평,2022-03,6종,4305
263,옥과,2022-03,1종,238066
263,옥과,2022-03,2종,4133
263,옥과,2022-03,3종,8998
263,옥과,2022-03,4종,3388
263,옥과,2022-03,5종,6536
263,옥과,2022-03,6종,8739
264,동남원,2022-03,1종,31074
264,동남원,2022-03,2종,975
264,동남원,2022-03,3종,1310
264,동남원,2022-03,4종,1036
264,동남원,2022-03,5종,1663
264,동남원,2022-03,6종,1095
265,곡성,2022-03,1종,163492
265,곡성,2022-03,2종,2858
265,곡성,2022-03,3종,4004
265,곡성,2022-03,4종,3317
265,곡성,2022-03,5종,6876
265,곡성,2022-03,6종,4836
266,석곡,2022-03,1종,47318
266,석곡,2022-03,2종,1199
266,석곡,2022-03,3종,1319
266,석곡,2022-03,4종,1286
266,석곡,2022-03,5종,1801
266,석곡,2022-03,6종,1513
267,주암송광사,2022-03,1종,132919
267,주암송광사,2022-03,2종,2942
267,주암송광사,2022-03,3종,2708
267,주암송광사,2022-03,4종,2728
267,주암송광사,2022-03,5종,5938
267,주암송광사,2022-03,6종,3775
268,승주,2022-03,1종,64051
268,승주,2022-03,2종,1280
268,승주,2022-03,3종,1041
268,승주,2022-03,4종,1114
268,승주,2022-03,5종,1932
268,승주,2022-03,6종,2094
269,지리산,2022-03,1종,80201
269,지리산,2022-03,2종,2099
269,지리산,2022-03,3종,2124
269,지리산,2022-03,4종,3653
269,지리산,2022-03,5종,1578
269,지리산,2022-03,6종,3549
270,서순천,2022-03,1종,147703
270,서순천,2022-03,2종,4939
270,서순천,2022-03,3종,5358
270,서순천,2022-03,4종,2385
270,서순천,2022-03,5종,4511
270,서순천,2022-03,6종,4485
271,순천,2022-03,1종,532113
271,순천,2022-03,2종,13881
271,순천,2022-03,3종,11133
271,순천,2022-03,4종,9674
271,순천,2022-03,5종,32258
271,순천,2022-03,6종,14760
272,광양,2022-03,1종,286301
272,광양,2022-03,2종,6611
272,광양,2022-03,3종,13859
272,광양,2022-03,4종,15863
272,광양,2022-03,5종,63072
272,광양,2022-03,6종,8285
273,동광양,2022-03,1종,139763
273,동광양,2022-03,2종,2673
273,동광양,2022-03,3종,2779
273,동광양,2022-03,4종,7123
273,동광양,2022-03,5종,47645
273,동광양,2022-03,6종,4890
274,가조,2022-03,1종,74166
274,가조,2022-03,2종,2992
274,가조,2022-03,3종,3484
274,가조,2022-03,4종,2699
274,가조,2022-03,5종,2168
274,가조,2022-03,6종,2884
275,옥곡,2022-03,1종,176638
275,옥곡,2022-03,2종,4289
275,옥곡,2022-03,3종,7623
275,옥곡,2022-03,4종,12753
275,옥곡,2022-03,5종,64407
275,옥곡,2022-03,6종,5276
276,진월,2022-03,1종,67146
276,진월,2022-03,2종,1317
276,진월,2022-03,3종,1780
276,진월,2022-03,4종,4532
276,진월,2022-03,5종,44483
276,진월,2022-03,6종,1997
277,하동,2022-03,1종,258969
277,하동,2022-03,2종,3659
277,하동,2022-03,3종,5502
277,하동,2022-03,4종,6192
277,하동,2022-03,5종,49334
277,하동,2022-03,6종,8807
278,진교,2022-03,1종,178842
278,진교,2022-03,2종,3637
278,진교,2022-03,3종,7930
278,진교,2022-03,4종,2079
278,진교,2022-03,5종,6738
278,진교,2022-03,6종,8626
279,곤양,2022-03,1종,120850
279,곤양,2022-03,2종,2602
279,곤양,2022-03,3종,4962
279,곤양,2022-03,4종,3480
279,곤양,2022-03,5종,7168
279,곤양,2022-03,6종,4872
280,거창,2022-03,1종,205315
280,거창,2022-03,2종,8322
280,거창,2022-03,3종,16126
280,거창,2022-03,4종,6712
280,거창,2022-03,5종,9599
280,거창,2022-03,6종,8233
281,매송,2022-03,1종,523060
281,매송,2022-03,2종,13652
281,매송,2022-03,3종,14229
281,매송,2022-03,4종,8921
281,매송,2022-03,5종,13912
281,매송,2022-03,6종,28135
282,비봉,2022-03,1종,609546
282,비봉,2022-03,2종,28810
282,비봉,2022-03,3종,28390
282,비봉,2022-03,4종,21288
282,비봉,2022-03,5종,36525
282,비봉,2022-03,6종,31610
283,발안,2022-03,1종,563722
283,발안,2022-03,2종,30061
283,발안,2022-03,3종,27134
283,발안,2022-03,4종,25951
283,발안,2022-03,5종,35338
283,발안,2022-03,6종,32914
284,남양양,2022-03,1종,86461
284,남양양,2022-03,2종,1757
284,남양양,2022-03,3종,1301
284,남양양,2022-03,4종,953
284,남양양,2022-03,5종,2549
284,남양양,2022-03,6종,3138
285,서평택,2022-03,1종,491948
285,서평택,2022-03,2종,27802
285,서평택,2022-03,3종,49545
285,서평택,2022-03,4종,74788
285,서평택,2022-03,5종,162003
285,서평택,2022-03,6종,28743
286,통도사휴게소,2022-03,1종,147599
286,통도사휴게소,2022-03,2종,2104
286,통도사휴게소,2022-03,3종,1958
286,통도사휴게소,2022-03,4종,12
286,통도사휴게소,2022-03,5종,19
286,통도사휴게소,2022-03,6종,6053
287,송악,2022-03,1종,535562
287,송악,2022-03,2종,14641
287,송악,2022-03,3종,24304
287,송악,2022-03,4종,28147
287,송악,2022-03,5종,173635
287,송악,2022-03,6종,23581
288,당진,2022-03,1종,437730
288,당진,2022-03,2종,11559
288,당진,2022-03,3종,23126
288,당진,2022-03,4종,17735
288,당진,2022-03,5종,58923
288,당진,2022-03,6종,19709
289,마산,2022-03,1종,990081
289,마산,2022-03,2종,29990
289,마산,2022-03,3종,44303
289,마산,2022-03,4종,20526
289,마산,2022-03,5종,34888
289,마산,2022-03,6종,53942
290,축동,2022-03,1종,49421
290,축동,2022-03,2종,3079
290,축동,2022-03,3종,1872
290,축동,2022-03,4종,4341
290,축동,2022-03,5종,8011
290,축동,2022-03,6종,2518
291,사천,2022-03,1종,669522
291,사천,2022-03,2종,23977
291,사천,2022-03,3종,23066
291,사천,2022-03,4종,18611
291,사천,2022-03,5종,31807
291,사천,2022-03,6종,34609
292,진주,2022-03,1종,650345
292,진주,2022-03,2종,17496
292,진주,2022-03,3종,32573
292,진주,2022-03,4종,11895
292,진주,2022-03,5종,26154
292,진주,2022-03,6종,35827
293,문산,2022-03,1종,282912
293,문산,2022-03,2종,7945
293,문산,2022-03,3종,8430
293,문산,2022-03,4종,5393
293,문산,2022-03,5종,7019
293,문산,2022-03,6종,15015
294,북창원,2022-03,1종,309527
294,북창원,2022-03,2종,8959
294,북창원,2022-03,3종,7737
294,북창원,2022-03,4종,8377
294,북창원,2022-03,5종,13367
294,북창원,2022-03,6종,16905
295,진성,2022-03,1종,178231
295,진성,2022-03,2종,7127
295,진성,2022-03,3종,8836
295,진성,2022-03,4종,7516
295,진성,2022-03,5종,17929
295,진성,2022-03,6종,7033
296,지수,2022-03,1종,56669
296,지수,2022-03,2종,2268
296,지수,2022-03,3종,3045
296,지수,2022-03,4종,2552
296,지수,2022-03,5종,4513
296,지수,2022-03,6종,3126
297,동충주,2022-03,1종,212519
297,동충주,2022-03,2종,7761
297,동충주,2022-03,3종,11059
297,동충주,2022-03,4종,15891
297,동충주,2022-03,5종,36946
297,동충주,2022-03,6종,6595
298,서산,2022-03,1종,650365
298,서산,2022-03,2종,16497
298,서산,2022-03,3종,34972
298,서산,2022-03,4종,35072
298,서산,2022-03,5종,65370
298,서산,2022-03,6종,23318
299,해미,2022-03,1종,123467
299,해미,2022-03,2종,3763
299,해미,2022-03,3종,5978
299,해미,2022-03,4종,5094
299,해미,2022-03,5종,13695
299,해미,2022-03,6종,4618
500,남여주,2022-03,1종,237205
500,남여주,2022-03,2종,5914
500,남여주,2022-03,3종,9210
500,남여주,2022-03,4종,13347
500,남여주,2022-03,5종,19552
500,남여주,2022-03,6종,7684
501,서김제,2022-03,1종,52562
501,서김제,2022-03,2종,1960
501,서김제,2022-03,3종,3784
501,서김제,2022-03,4종,4037
501,서김제,2022-03,5종,3164
501,서김제,2022-03,6종,1110
502,부안,2022-03,1종,115506
502,부안,2022-03,2종,3640
502,부안,2022-03,3종,8325
502,부안,2022-03,4종,5261
502,부안,2022-03,5종,6338
502,부안,2022-03,6종,2773
503,줄포,2022-03,1종,57136
503,줄포,2022-03,2종,1314
503,줄포,2022-03,3종,1913
503,줄포,2022-03,4종,1727
503,줄포,2022-03,5종,2096
503,줄포,2022-03,6종,1242
504,선운산,2022-03,1종,99018
504,선운산,2022-03,2종,2695
504,선운산,2022-03,3종,6961
504,선운산,2022-03,4종,9663
504,선운산,2022-03,5종,11005
504,선운산,2022-03,6종,2514
505,고창,2022-03,1종,95492
505,고창,2022-03,2종,2711
505,고창,2022-03,3종,4076
505,고창,2022-03,4종,2846
505,고창,2022-03,5종,2708
505,고창,2022-03,6종,2450
506,영광,2022-03,1종,93049
506,영광,2022-03,2종,2192
506,영광,2022-03,3종,5901
506,영광,2022-03,4종,4707
506,영광,2022-03,5종,6623
506,영광,2022-03,6종,2057
507,함평,2022-03,1종,54036
507,함평,2022-03,2종,1442
507,함평,2022-03,3종,4172
507,함평,2022-03,4종,5605
507,함평,2022-03,5종,7251
507,함평,2022-03,6종,1331
508,무안,2022-03,1종,200813
508,무안,2022-03,2종,5047
508,무안,2022-03,3종,6647
508,무안,2022-03,4종,7687
508,무안,2022-03,5종,10011
508,무안,2022-03,6종,6297
509,목포,2022-03,1종,778673
509,목포,2022-03,2종,19161
509,목포,2022-03,3종,26645
509,목포,2022-03,4종,37300
509,목포,2022-03,5종,50777
509,목포,2022-03,6종,21960
510,양양,2022-03,1종,186838
510,양양,2022-03,2종,3132
510,양양,2022-03,3종,5519
510,양양,2022-03,4종,2802
510,양양,2022-03,5종,5587
510,양양,2022-03,6종,6434
511,무창포,2022-03,1종,93874
511,무창포,2022-03,2종,1957
511,무창포,2022-03,3종,3557
511,무창포,2022-03,4종,2496
511,무창포,2022-03,5종,8923
511,무창포,2022-03,6종,2459
512,연화산,2022-03,1종,37662
512,연화산,2022-03,2종,1229
512,연화산,2022-03,3종,1002
512,연화산,2022-03,4종,1204
512,연화산,2022-03,5종,3034
512,연화산,2022-03,6종,2416
513,고성,2022-03,1종,356206
513,고성,2022-03,2종,8750
513,고성,2022-03,3종,14316
513,고성,2022-03,4종,8034
513,고성,2022-03,5종,17654
513,고성,2022-03,6종,19726
514,동고성,2022-03,1종,101228
514,동고성,2022-03,2종,2599
514,동고성,2022-03,3종,5002
514,동고성,2022-03,4종,5280
514,동고성,2022-03,5종,15252
514,동고성,2022-03,6종,8741
515,북통영,2022-03,1종,174347
515,북통영,2022-03,2종,3995
515,북통영,2022-03,3종,8422
515,북통영,2022-03,4종,1571
515,북통영,2022-03,5종,2647
515,북통영,2022-03,6종,9615
516,통영,2022-03,1종,489136
516,통영,2022-03,2종,11416
516,통영,2022-03,3종,17699
516,통영,2022-03,4종,10799
516,통영,2022-03,5종,21972
516,통영,2022-03,6종,27637
517,양평,2022-03,1종,138205
517,양평,2022-03,2종,4393
517,양평,2022-03,3종,5987
517,양평,2022-03,4종,7323
517,양평,2022-03,5종,11302
517,양평,2022-03,6종,5256
518,칠곡물류,2022-03,1종,181628
518,칠곡물류,2022-03,2종,28721
518,칠곡물류,2022-03,3종,25582
518,칠곡물류,2022-03,4종,45100
518,칠곡물류,2022-03,5종,22653
518,칠곡물류,2022-03,6종,7551
519,남대구,2022-03,1종,1662834
519,남대구,2022-03,2종,47616
519,남대구,2022-03,3종,55200
519,남대구,2022-03,4종,38341
519,남대구,2022-03,5종,65522
519,남대구,2022-03,6종,85879
520,평택,2022-03,1종,844079
520,평택,2022-03,2종,41902
520,평택,2022-03,3종,77036
520,평택,2022-03,4종,62062
520,평택,2022-03,5종,76949
520,평택,2022-03,6종,37029
521,단양,2022-03,1종,63868
521,단양,2022-03,2종,1302
521,단양,2022-03,3종,852
521,단양,2022-03,4종,1679
521,단양,2022-03,5종,14585
521,단양,2022-03,6종,2459
522,북단양,2022-03,1종,109615
522,북단양,2022-03,2종,2457
522,북단양,2022-03,3종,2070
522,북단양,2022-03,4종,11373
522,북단양,2022-03,5종,79138
522,북단양,2022-03,6종,3607
523,남제천,2022-03,1종,177725
523,남제천,2022-03,2종,4188
523,남제천,2022-03,3종,4401
523,남제천,2022-03,4종,6711
523,남제천,2022-03,5종,41705
523,남제천,2022-03,6종,5302
524,청통와촌,2022-03,1종,291682
524,청통와촌,2022-03,2종,17713
524,청통와촌,2022-03,3종,13525
524,청통와촌,2022-03,4종,9472
524,청통와촌,2022-03,5종,14826
524,청통와촌,2022-03,6종,10328
525,북영천,2022-03,1종,174736
525,북영천,2022-03,2종,4755
525,북영천,2022-03,3종,4528
525,북영천,2022-03,4종,4318
525,북영천,2022-03,5종,10174
525,북영천,2022-03,6종,5906
526,서포항,2022-03,1종,86739
526,서포항,2022-03,2종,2181
526,서포항,2022-03,3종,1987
526,서포항,2022-03,4종,1615
526,서포항,2022-03,5종,3903
526,서포항,2022-03,6종,4261
527,포항,2022-03,1종,718476
527,포항,2022-03,2종,16404
527,포항,2022-03,3종,18474
527,포항,2022-03,4종,15464
527,포항,2022-03,5종,74223
527,포항,2022-03,6종,23881
528,기흥동탄,2022-03,1종,1272592
528,기흥동탄,2022-03,2종,22903
528,기흥동탄,2022-03,3종,109046
528,기흥동탄,2022-03,4종,25844
528,기흥동탄,2022-03,5종,25088
528,기흥동탄,2022-03,6종,62273
529,노포,2022-03,1종,166561
529,노포,2022-03,2종,7035
529,노포,2022-03,3종,20999
529,노포,2022-03,4종,5109
529,노포,2022-03,5종,4342
529,노포,2022-03,6종,9162
530,내장산,2022-03,1종,78617
530,내장산,2022-03,2종,3447
530,내장산,2022-03,3종,4175
530,내장산,2022-03,4종,4348
530,내장산,2022-03,5종,3794
530,내장산,2022-03,6종,2031
531,문의청남대,2022-03,1종,178318
531,문의청남대,2022-03,2종,4218
531,문의청남대,2022-03,3종,7426
531,문의청남대,2022-03,4종,9326
531,문의청남대,2022-03,5종,11853
531,문의청남대,2022-03,6종,6362
532,회인,2022-03,1종,50276
532,회인,2022-03,2종,965
532,회인,2022-03,3종,853
532,회인,2022-03,4종,804
532,회인,2022-03,5종,1101
532,회인,2022-03,6종,1848
533,보은,2022-03,1종,129978
533,보은,2022-03,2종,4827
533,보은,2022-03,3종,5418
533,보은,2022-03,4종,6108
533,보은,2022-03,5종,5908
533,보은,2022-03,6종,5192
534,속리산,2022-03,1종,61631
534,속리산,2022-03,2종,1710
534,속리산,2022-03,3종,2256
534,속리산,2022-03,4종,2668
534,속리산,2022-03,5종,3644
534,속리산,2022-03,6종,2270
535,화서,2022-03,1종,51801
535,화서,2022-03,2종,1400
535,화서,2022-03,3종,2398
535,화서,2022-03,4종,3151
535,화서,2022-03,5종,6001
535,화서,2022-03,6종,1917
536,남상주,2022-03,1종,122310
536,남상주,2022-03,2종,4361
536,남상주,2022-03,3종,13155
536,남상주,2022-03,4종,9602
536,남상주,2022-03,5종,6320
536,남상주,2022-03,6종,4324
537,남김천,2022-03,1종,85625
537,남김천,2022-03,2종,3739
537,남김천,2022-03,3종,6911
537,남김천,2022-03,4종,8230
537,남김천,2022-03,5종,18373
537,남김천,2022-03,6종,3179
538,성주,2022-03,1종,107022
538,성주,2022-03,2종,5540
538,성주,2022-03,3종,8902
538,성주,2022-03,4종,10730
538,성주,2022-03,5종,12646
538,성주,2022-03,6종,3437
539,남성주,2022-03,1종,73900
539,남성주,2022-03,2종,5649
539,남성주,2022-03,3종,6493
539,남성주,2022-03,4종,7109
539,남성주,2022-03,5종,16929
539,남성주,2022-03,6종,1935
540,청북,2022-03,1종,454468
540,청북,2022-03,2종,38691
540,청북,2022-03,3종,50878
540,청북,2022-03,4종,65149
540,청북,2022-03,5종,69274
540,청북,2022-03,6종,24082
541,송탄,2022-03,1종,485777
541,송탄,2022-03,2종,30226
541,송탄,2022-03,3종,34527
541,송탄,2022-03,4종,41060
541,송탄,2022-03,5종,36154
541,송탄,2022-03,6종,26535
542,서안성,2022-03,1종,668828
542,서안성,2022-03,2종,33898
542,서안성,2022-03,3종,56259
542,서안성,2022-03,4종,84157
542,서안성,2022-03,5종,58520
542,서안성,2022-03,6종,30421
543,남안성,2022-03,1종,679202
543,남안성,2022-03,2종,46512
543,남안성,2022-03,3종,56282
543,남안성,2022-03,4종,68116
543,남안성,2022-03,5종,71258
543,남안성,2022-03,6종,32133
544,완주,2022-03,1종,251506
544,완주,2022-03,2종,7956
544,완주,2022-03,3종,15714
544,완주,2022-03,4종,21387
544,완주,2022-03,5종,56259
544,완주,2022-03,6종,6184
545,소양,2022-03,1종,146043
545,소양,2022-03,2종,2817
545,소양,2022-03,3종,9804
545,소양,2022-03,4종,4608
545,소양,2022-03,5종,8071
545,소양,2022-03,6종,3905
546,진안,2022-03,1종,52175
546,진안,2022-03,2종,1516
546,진안,2022-03,3종,3715
546,진안,2022-03,4종,1665
546,진안,2022-03,5종,2619
546,진안,2022-03,6종,1354
547,무안공항,2022-03,1종,37774
547,무안공항,2022-03,2종,503
547,무안공항,2022-03,3종,416
547,무안공항,2022-03,4종,662
547,무안공항,2022-03,5종,1208
547,무안공항,2022-03,6종,629
548,북무안,2022-03,1종,136799
548,북무안,2022-03,2종,2957
548,북무안,2022-03,3종,5846
548,북무안,2022-03,4종,7945
548,북무안,2022-03,5종,6995
548,북무안,2022-03,6종,3115
549,동함평,2022-03,1종,210731
549,동함평,2022-03,2종,3488
549,동함평,2022-03,3종,4407
549,동함평,2022-03,4종,3392
549,동함평,2022-03,5종,4602
549,동함평,2022-03,6종,6599
550,문평,2022-03,1종,49117
550,문평,2022-03,2종,968
550,문평,2022-03,3종,1366
550,문평,2022-03,4종,1313
550,문평,2022-03,5종,9892
550,문평,2022-03,6종,1207
551,나주,2022-03,1종,82455
551,나주,2022-03,2종,1722
551,나주,2022-03,3종,2230
551,나주,2022-03,4종,4820
551,나주,2022-03,5종,4162
551,나주,2022-03,6종,3214
552,서광산,2022-03,1종,321948
552,서광산,2022-03,2종,12281
552,서광산,2022-03,3종,11915
552,서광산,2022-03,4종,12657
552,서광산,2022-03,5종,13798
552,서광산,2022-03,6종,10291
553,동광산,2022-03,1종,1160309
553,동광산,2022-03,2종,24313
553,동광산,2022-03,3종,27530
553,동광산,2022-03,4종,28793
553,동광산,2022-03,5종,34980
553,동광산,2022-03,6종,34099
554,동홍천,2022-03,1종,232182
554,동홍천,2022-03,2종,4693
554,동홍천,2022-03,3종,6676
554,동홍천,2022-03,4종,3983
554,동홍천,2022-03,5종,4721
554,동홍천,2022-03,6종,9740
555,북진천,2022-03,1종,311759
555,북진천,2022-03,2종,30700
555,북진천,2022-03,3종,42451
555,북진천,2022-03,4종,48949
555,북진천,2022-03,5종,45906
555,북진천,2022-03,6종,12398
556,동순천,2022-03,1종,318207
556,동순천,2022-03,2종,5300
556,동순천,2022-03,3종,11791
556,동순천,2022-03,4종,16760
556,동순천,2022-03,5종,60050
556,동순천,2022-03,6종,7169
557,황전,2022-03,1종,111352
557,황전,2022-03,2종,1743
557,황전,2022-03,3종,1543
557,황전,2022-03,4종,1768
557,황전,2022-03,5종,5507
557,황전,2022-03,6종,3393
558,구례화엄사,2022-03,1종,200933
558,구례화엄사,2022-03,2종,2931
558,구례화엄사,2022-03,3종,4491
558,구례화엄사,2022-03,4종,4013
558,구례화엄사,2022-03,5종,6204
558,구례화엄사,2022-03,6종,4917
559,서남원,2022-03,1종,70443
559,서남원,2022-03,2종,2603
559,서남원,2022-03,3종,3484
559,서남원,2022-03,4종,4334
559,서남원,2022-03,5종,11604
559,서남원,2022-03,6종,2260
560,감곡,2022-03,1종,253103
560,감곡,2022-03,2종,8164
560,감곡,2022-03,3종,11287
560,감곡,2022-03,4종,15720
560,감곡,2022-03,5종,30610
560,감곡,2022-03,6종,8180
561,북충주,2022-03,1종,192750
561,북충주,2022-03,2종,4835
561,북충주,2022-03,3종,8948
561,북충주,2022-03,4종,5525
561,북충주,2022-03,5종,7754
561,북충주,2022-03,6종,6230
562,충주,2022-03,1종,144055
562,충주,2022-03,2종,4024
562,충주,2022-03,3종,9227
562,충주,2022-03,4종,12701
562,충주,2022-03,5종,11924
562,충주,2022-03,6종,4894
563,괴산,2022-03,1종,52514
563,괴산,2022-03,2종,1278
563,괴산,2022-03,3종,2244
563,괴산,2022-03,4종,3327
563,괴산,2022-03,5종,6486
563,괴산,2022-03,6종,1599
564,연풍,2022-03,1종,52102
564,연풍,2022-03,2종,2715
564,연풍,2022-03,3종,6660
564,연풍,2022-03,4종,10331
564,연풍,2022-03,5종,8506
564,연풍,2022-03,6종,1415
565,문경새재,2022-03,1종,72961
565,문경새재,2022-03,2종,2603
565,문경새재,2022-03,3종,4663
565,문경새재,2022-03,4종,5179
565,문경새재,2022-03,5종,5823
565,문경새재,2022-03,6종,2166
566,점촌함창,2022-03,1종,89270
566,점촌함창,2022-03,2종,2564
566,점촌함창,2022-03,3종,6382
566,점촌함창,2022-03,4종,4640
566,점촌함창,2022-03,5종,5366
566,점촌함창,2022-03,6종,2744
567,남고창,2022-03,1종,138694
567,남고창,2022-03,2종,3366
567,남고창,2022-03,3종,5030
567,남고창,2022-03,4종,2689
567,남고창,2022-03,5종,3986
567,남고창,2022-03,6종,4334
568,장성물류,2022-03,1종,41614
568,장성물류,2022-03,2종,7024
568,장성물류,2022-03,3종,4197
568,장성물류,2022-03,4종,6565
568,장성물류,2022-03,5종,10914
568,장성물류,2022-03,6종,1001
569,북광주,2022-03,1종,417536
569,북광주,2022-03,2종,16592
569,북광주,2022-03,3종,16088
569,북광주,2022-03,4종,27897
569,북광주,2022-03,5종,40486
569,북광주,2022-03,6종,11519
570,북상주,2022-03,1종,103542
570,북상주,2022-03,2종,4823
570,북상주,2022-03,3종,9442
570,북상주,2022-03,4종,14466
570,북상주,2022-03,5종,8101
570,북상주,2022-03,6종,3010
571,면천,2022-03,1종,101271
571,면천,2022-03,2종,2458
571,면천,2022-03,3종,3428
571,면천,2022-03,4종,4644
571,면천,2022-03,5종,10128
571,면천,2022-03,6종,3957
572,고덕,2022-03,1종,139992
572,고덕,2022-03,2종,4127
572,고덕,2022-03,3종,7495
572,고덕,2022-03,4종,6711
572,고덕,2022-03,5종,10500
572,고덕,2022-03,6종,4855
573,예산수덕사,2022-03,1종,325758
573,예산수덕사,2022-03,2종,9934
573,예산수덕사,2022-03,3종,12281
573,예산수덕사,2022-03,4종,16951
573,예산수덕사,2022-03,5종,21938
573,예산수덕사,2022-03,6종,10808
574,신양,2022-03,1종,68065
574,신양,2022-03,2종,1797
574,신양,2022-03,3종,2290
574,신양,2022-03,4종,2284
574,신양,2022-03,5종,3595
574,신양,2022-03,6종,2101
575,유구,2022-03,1종,76078
575,유구,2022-03,2종,2304
575,유구,2022-03,3종,2512
575,유구,2022-03,4종,3139
575,유구,2022-03,5종,3694
575,유구,2022-03,6종,2686
576,마곡사,2022-03,1종,52385
576,마곡사,2022-03,2종,1434
576,마곡사,2022-03,3종,1572
576,마곡사,2022-03,4종,1509
576,마곡사,2022-03,5종,1907
576,마곡사,2022-03,6종,1904
577,공주,2022-03,1종,167928
577,공주,2022-03,2종,4552
577,공주,2022-03,3종,8129
577,공주,2022-03,4종,3643
577,공주,2022-03,5종,4739
577,공주,2022-03,6종,6449
578,서세종,2022-03,1종,278885
578,서세종,2022-03,2종,9740
578,서세종,2022-03,3종,9302
578,서세종,2022-03,4종,7640
578,서세종,2022-03,5종,10956
578,서세종,2022-03,6종,10080
579,남세종,2022-03,1종,486478
579,남세종,2022-03,2종,9087
579,남세종,2022-03,3종,8812
579,남세종,2022-03,4종,6647
579,남세종,2022-03,5종,10318
579,남세종,2022-03,6종,22157
580,북강릉,2022-03,1종,269334
580,북강릉,2022-03,2종,6506
580,북강릉,2022-03,3종,5969
580,북강릉,2022-03,4종,3363
580,북강릉,2022-03,5종,9408
580,북강릉,2022-03,6종,10676
581,옥계,2022-03,1종,79905
581,옥계,2022-03,2종,1788
581,옥계,2022-03,3종,1508
581,옥계,2022-03,4종,2170
581,옥계,2022-03,5종,17284
581,옥계,2022-03,6종,4364
582,망상,2022-03,1종,118334
582,망상,2022-03,2종,2828
582,망상,2022-03,3종,6046
582,망상,2022-03,4종,1190
582,망상,2022-03,5종,3832
582,망상,2022-03,6종,6448
583,동해,2022-03,1종,262375
583,동해,2022-03,2종,6256
583,동해,2022-03,3종,10491
583,동해,2022-03,4종,4967
583,동해,2022-03,5종,28093
583,동해,2022-03,6종,14586
584,남강릉,2022-03,1종,133701
584,남강릉,2022-03,2종,4982
584,남강릉,2022-03,3종,3850
584,남강릉,2022-03,4종,2629
584,남강릉,2022-03,5종,6818
584,남강릉,2022-03,6종,6971
585,하조대,2022-03,1종,112948
585,하조대,2022-03,2종,2485
585,하조대,2022-03,3종,3160
585,하조대,2022-03,4종,1018
585,하조대,2022-03,5종,2050
585,하조대,2022-03,6종,4510
586,북남원,2022-03,1종,54954
586,북남원,2022-03,2종,1578
586,북남원,2022-03,3종,1447
586,북남원,2022-03,4종,2011
586,북남원,2022-03,5종,3230
586,북남원,2022-03,6종,1405
587,오수,2022-03,1종,164362
587,오수,2022-03,2종,3337
587,오수,2022-03,3종,7264
587,오수,2022-03,4종,6950
587,오수,2022-03,5종,14086
587,오수,2022-03,6종,4285
588,임실,2022-03,1종,52288
588,임실,2022-03,2종,1738
588,임실,2022-03,3종,2217
588,임실,2022-03,4종,1876
588,임실,2022-03,5종,4692
588,임실,2022-03,6종,1446
589,상관,2022-03,1종,191195
589,상관,2022-03,2종,3354
589,상관,2022-03,3종,9522
589,상관,2022-03,4종,6406
589,상관,2022-03,5종,28990
589,상관,2022-03,6종,4250
590,동전주,2022-03,1종,200029
590,동전주,2022-03,2종,3746
590,동전주,2022-03,3종,2661
590,동전주,2022-03,4종,2617
590,동전주,2022-03,5종,5429
590,동전주,2022-03,6종,6305
591,동서천,2022-03,1종,66288
591,동서천,2022-03,2종,1653
591,동서천,2022-03,3종,3533
591,동서천,2022-03,4종,5429
591,동서천,2022-03,5종,18425
591,동서천,2022-03,6종,2053
592,서부여,2022-03,1종,66683
592,서부여,2022-03,2종,1761
592,서부여,2022-03,3종,2770
592,서부여,2022-03,4종,2220
592,서부여,2022-03,5종,3199
592,서부여,2022-03,6종,2247
593,부여,2022-03,1종,94375
593,부여,2022-03,2종,1760
593,부여,2022-03,3종,3127
593,부여,2022-03,4종,3469
593,부여,2022-03,5종,5816
593,부여,2022-03,6종,2826
594,칠갑산,2022-03,1종,32384
594,칠갑산,2022-03,2종,673
594,칠갑산,2022-03,3종,1457
594,칠갑산,2022-03,4종,1384
594,칠갑산,2022-03,5종,1279
594,칠갑산,2022-03,6종,1022
595,서공주,2022-03,1종,129295
595,서공주,2022-03,2종,4156
595,서공주,2022-03,3종,4235
595,서공주,2022-03,4종,5478
595,서공주,2022-03,5종,7974
595,서공주,2022-03,6종,3976
596,가락2,2022-03,1종,26618
596,가락2,2022-03,2종,1767
596,가락2,2022-03,3종,2691
596,가락2,2022-03,4종,4839
596,가락2,2022-03,5종,8927
596,가락2,2022-03,6종,1357
597,서여주,2022-03,1종,166016
597,서여주,2022-03,2종,6960
597,서여주,2022-03,3종,13859
597,서여주,2022-03,4종,13082
597,서여주,2022-03,5종,14217
597,서여주,2022-03,6종,7247
598,북여주,2022-03,1종,221221
598,북여주,2022-03,2종,6647
598,북여주,2022-03,3종,12106
598,북여주,2022-03,4종,7543
598,북여주,2022-03,5종,8737
598,북여주,2022-03,6종,8214
599,양촌,2022-03,1종,57455
599,양촌,2022-03,2종,1194
599,양촌,2022-03,3종,129
599,양촌,2022-03,4종,14
599,양촌,2022-03,5종,17
599,양촌,2022-03,6종,1936
601,남천안,2022-03,1종,238159
601,남천안,2022-03,2종,10967
601,남천안,2022-03,3종,14258
601,남천안,2022-03,4종,18204
601,남천안,2022-03,5종,18981
601,남천안,2022-03,6종,9134
602,풍세상,2022-03,1종,1680758
602,풍세상,2022-03,2종,39230
602,풍세상,2022-03,3종,94958
602,풍세상,2022-03,4종,94414
602,풍세상,2022-03,5종,144054
602,풍세상,2022-03,6종,39712
603,정안,2022-03,1종,324838
603,정안,2022-03,2종,7686
603,정안,2022-03,3종,18277
603,정안,2022-03,4종,10470
603,정안,2022-03,5종,14343
603,정안,2022-03,6종,11133
604,남공주,2022-03,1종,84306
604,남공주,2022-03,2종,3995
604,남공주,2022-03,3종,4309
604,남공주,2022-03,4종,3742
604,남공주,2022-03,5종,8786
604,남공주,2022-03,6종,2713
605,탄천,2022-03,1종,32341
605,탄천,2022-03,2종,1876
605,탄천,2022-03,3종,2026
605,탄천,2022-03,4종,3080
605,탄천,2022-03,5종,5866
605,탄천,2022-03,6종,1398
606,서논산,2022-03,1종,144919
606,서논산,2022-03,2종,6191
606,서논산,2022-03,3종,9540
606,서논산,2022-03,4종,12395
606,서논산,2022-03,5종,14152
606,서논산,2022-03,6종,4954
607,연무,2022-03,1종,144999
607,연무,2022-03,2종,5902
607,연무,2022-03,3종,10506
607,연무,2022-03,4종,11911
607,연무,2022-03,5종,10264
607,연무,2022-03,6종,4342
608,남논산하,2022-03,1종,964052
608,남논산하,2022-03,2종,18404
608,남논산하,2022-03,3종,53840
608,남논산하,2022-03,4종,46696
608,남논산하,2022-03,5종,93262
608,남논산하,2022-03,6종,17444
612,풍세하,2022-03,1종,1623148
612,풍세하,2022-03,2종,35906
612,풍세하,2022-03,3종,90176
612,풍세하,2022-03,4종,71706
612,풍세하,2022-03,5종,110602
612,풍세하,2022-03,6종,38468
613,남풍세,2022-03,1종,593796
613,남풍세,2022-03,2종,24452
613,남풍세,2022-03,3종,48411
613,남풍세,2022-03,4종,69849
613,남풍세,2022-03,5종,109424
613,남풍세,2022-03,6종,19676
618,남논산상,2022-03,1종,942804
618,남논산상,2022-03,2종,18660
618,남논산상,2022-03,3종,55352
618,남논산상,2022-03,4종,49736
618,남논산상,2022-03,5종,101080
618,남논산상,2022-03,6종,17458
621,동대구,2022-03,1종,940034
621,동대구,2022-03,2종,25781
621,동대구,2022-03,3종,31184
621,동대구,2022-03,4종,25331
621,동대구,2022-03,5종,31563
621,동대구,2022-03,6종,42657
622,대구,2022-03,1종,1325244
622,대구,2022-03,2종,39740
622,대구,2022-03,3종,33082
622,대구,2022-03,4종,54960
622,대구,2022-03,5종,122200
622,대구,2022-03,6종,40264
623,수성,2022-03,1종,915317
623,수성,2022-03,2종,19029
623,수성,2022-03,3종,13594
623,수성,2022-03,4종,10298
623,수성,2022-03,5종,14457
623,수성,2022-03,6종,37497
624,청도,2022-03,1종,286268
624,청도,2022-03,2종,8806
624,청도,2022-03,3종,8991
624,청도,2022-03,4종,9005
624,청도,2022-03,5종,10754
624,청도,2022-03,6종,10950
625,밀양,2022-03,1종,353059
625,밀양,2022-03,2종,11186
625,밀양,2022-03,3종,10398
625,밀양,2022-03,4종,10943
625,밀양,2022-03,5종,12073
625,밀양,2022-03,6종,13223
626,남밀양,2022-03,1종,424387
626,남밀양,2022-03,2종,17425
626,남밀양,2022-03,3종,16861
626,남밀양,2022-03,4종,16223
626,남밀양,2022-03,5종,26100
626,남밀양,2022-03,6종,20424
627,삼랑진,2022-03,1종,260123
627,삼랑진,2022-03,2종,8817
627,삼랑진,2022-03,3종,9246
627,삼랑진,2022-03,4종,8139
627,삼랑진,2022-03,5종,19865
627,삼랑진,2022-03,6종,13368
628,상동,2022-03,1종,138379
628,상동,2022-03,2종,20511
628,상동,2022-03,3종,14498
628,상동,2022-03,4종,18990
628,상동,2022-03,5종,13595
628,상동,2022-03,6종,7145
629,김해부산,2022-03,1종,1150870
629,김해부산,2022-03,2종,44822
629,김해부산,2022-03,3종,32202
629,김해부산,2022-03,4종,50074
629,김해부산,2022-03,5종,109480
629,김해부산,2022-03,6종,36708
641,울산,2022-03,1종,972487
641,울산,2022-03,2종,28011
641,울산,2022-03,3종,41820
641,울산,2022-03,4종,27782
641,울산,2022-03,5종,62617
641,울산,2022-03,6종,46507
642,문수,2022-03,1종,242205
642,문수,2022-03,2종,7243
642,문수,2022-03,3종,12694
642,문수,2022-03,4종,12490
642,문수,2022-03,5종,16045
642,문수,2022-03,6종,13071
643,청량,2022-03,1종,748236
643,청량,2022-03,2종,16996
643,청량,2022-03,3종,30615
643,청량,2022-03,4종,49027
643,청량,2022-03,5종,203873
643,청량,2022-03,6종,41075
644,온양,2022-03,1종,172243
644,온양,2022-03,2종,5025
644,온양,2022-03,3종,4906
644,온양,2022-03,4종,4320
644,온양,2022-03,5종,12760
644,온양,2022-03,6종,10517
645,장안,2022-03,1종,351462
645,장안,2022-03,2종,6911
645,장안,2022-03,3종,10750
645,장안,2022-03,4종,11668
645,장안,2022-03,5종,19202
645,장안,2022-03,6종,19022
646,기장일광,2022-03,1종,524389
646,기장일광,2022-03,2종,5061
646,기장일광,2022-03,3종,6809
646,기장일광,2022-03,4종,9021
646,기장일광,2022-03,5종,34919
646,기장일광,2022-03,6종,27463
647,해운대송정,2022-03,1종,230702
647,해운대송정,2022-03,2종,2706
647,해운대송정,2022-03,3종,1854
647,해운대송정,2022-03,4종,2458
647,해운대송정,2022-03,5종,1838
647,해운대송정,2022-03,6종,12578
648,해운대,2022-03,1종,1164266
648,해운대,2022-03,2종,10088
648,해운대,2022-03,3종,12648
648,해운대,2022-03,4종,12308
648,해운대,2022-03,5종,56318
648,해운대,2022-03,6종,59297
651,남양주,2022-03,1종,2052358
651,남양주,2022-03,2종,42914
651,남양주,2022-03,3종,53179
651,남양주,2022-03,4종,30551
651,남양주,2022-03,5종,23507
651,남양주,2022-03,6종,98169
652,화도,2022-03,1종,1253168
652,화도,2022-03,2종,36004
652,화도,2022-03,3종,31789
652,화도,2022-03,4종,27307
652,화도,2022-03,5종,19288
652,화도,2022-03,6종,76004
653,서종,2022-03,1종,228177
653,서종,2022-03,2종,2561
653,서종,2022-03,3종,1220
653,서종,2022-03,4종,1630
653,서종,2022-03,5종,2822
653,서종,2022-03,6종,11342
654,설악,2022-03,1종,339169
654,설악,2022-03,2종,3636
654,설악,2022-03,3종,4895
654,설악,2022-03,4종,2084
654,설악,2022-03,5종,2600
654,설악,2022-03,6종,14337
655,강촌,2022-03,1종,193524
655,강촌,2022-03,2종,3220
655,강촌,2022-03,3종,6838
655,강촌,2022-03,4종,2171
655,강촌,2022-03,5종,3096
655,강촌,2022-03,6종,6579
656,남춘천,2022-03,1종,190086
656,남춘천,2022-03,2종,2756
656,남춘천,2022-03,3종,3375
656,남춘천,2022-03,4종,2498
656,남춘천,2022-03,5종,5280
656,남춘천,2022-03,6종,6373
657,동산,2022-03,1종,854034
657,동산,2022-03,2종,17364
657,동산,2022-03,3종,27190
657,동산,2022-03,4종,7866
657,동산,2022-03,5종,17280
657,동산,2022-03,6종,32954
658,조양,2022-03,1종,27056
658,조양,2022-03,2종,521
658,조양,2022-03,3종,1071
658,조양,2022-03,4종,914
658,조양,2022-03,5종,1182
658,조양,2022-03,6종,1142
671,봉담,2022-03,1종,1232730
671,봉담,2022-03,2종,40792
671,봉담,2022-03,3종,35742
671,봉담,2022-03,4종,26863
671,봉담,2022-03,5종,41416
671,봉담,2022-03,6종,74903
672,정남,2022-03,1종,393781
672,정남,2022-03,2종,21931
672,정남,2022-03,3종,11340
672,정남,2022-03,4종,13630
672,정남,2022-03,5종,18062
672,정남,2022-03,6종,24227
673,북오산,2022-03,1종,1159007
673,북오산,2022-03,2종,27925
673,북오산,2022-03,3종,38478
673,북오산,2022-03,4종,20718
673,북오산,2022-03,5종,13887
673,북오산,2022-03,6종,71129
675,서오산,2022-03,1종,1124078
675,서오산,2022-03,2종,26486
675,서오산,2022-03,3종,28798
675,서오산,2022-03,4종,20012
675,서오산,2022-03,5종,25836
675,서오산,2022-03,6종,62926
676,향남,2022-03,1종,489610
676,향남,2022-03,2종,29018
676,향남,2022-03,3종,21226
676,향남,2022-03,4종,21582
676,향남,2022-03,5종,19499
676,향남,2022-03,6종,30616
677,북평택,2022-03,1종,1895701
677,북평택,2022-03,2종,51258
677,북평택,2022-03,3종,79128
677,북평택,2022-03,4종,53417
677,북평택,2022-03,5종,58920
677,북평택,2022-03,6종,96110
681,장안본선,2022-03,1종,949980
681,장안본선,2022-03,2종,68450
681,장안본선,2022-03,3종,166658
681,장안본선,2022-03,4종,91690
681,장안본선,2022-03,5종,215994
681,장안본선,2022-03,6종,39434
682,조암,2022-03,1종,325928
682,조암,2022-03,2종,34951
682,조암,2022-03,3종,40242
682,조암,2022-03,4종,36986
682,조암,2022-03,5종,46010
682,조암,2022-03,6종,15037
683,송산마도,2022-03,1종,745413
683,송산마도,2022-03,2종,41351
683,송산마도,2022-03,3종,36595
683,송산마도,2022-03,4종,38220
683,송산마도,2022-03,5종,103468
683,송산마도,2022-03,6종,36468
684,남안산,2022-03,1종,731256
684,남안산,2022-03,2종,69446
684,남안산,2022-03,3종,66038
684,남안산,2022-03,4종,75637
684,남안산,2022-03,5종,96608
684,남안산,2022-03,6종,39954
685,서시흥,2022-03,1종,1315739
685,서시흥,2022-03,2종,71656
685,서시흥,2022-03,3종,87898
685,서시흥,2022-03,4종,101449
685,서시흥,2022-03,5종,241552
685,서시흥,2022-03,6종,64960
701,북양양,2022-03,1종,163065
701,북양양,2022-03,2종,2855
701,북양양,2022-03,3종,3428
701,북양양,2022-03,4종,1415
701,북양양,2022-03,5종,2230
701,북양양,2022-03,6종,6405
702,속초,2022-03,1종,233145
702,속초,2022-03,2종,5424
702,속초,2022-03,3종,5873
702,속초,2022-03,4종,3282
702,속초,2022-03,5종,5550
702,속초,2022-03,6종,7538
703,삼척,2022-03,1종,134301
703,삼척,2022-03,2종,3102
703,삼척,2022-03,3종,5251
703,삼척,2022-03,4종,2056
703,삼척,2022-03,5종,5049
703,삼척,2022-03,6종,6988
704,근덕,2022-03,1종,139618
704,근덕,2022-03,2종,2749
704,근덕,2022-03,3종,3772
704,근덕,2022-03,4종,2709
704,근덕,2022-03,5종,13433
704,근덕,2022-03,6종,5264
705,남이천,2022-03,1종,264760
705,남이천,2022-03,2종,16232
705,남이천,2022-03,3종,16150
705,남이천,2022-03,4종,29839
705,남이천,2022-03,5종,26543
705,남이천,2022-03,6종,9736
706,남경주,2022-03,1종,254354
706,남경주,2022-03,2종,4412
706,남경주,2022-03,3종,9456
706,남경주,2022-03,4종,6668
706,남경주,2022-03,5종,18536
706,남경주,2022-03,6종,11158
707,남포항,2022-03,1종,390875
707,남포항,2022-03,2종,6956
707,남포항,2022-03,3종,12065
707,남포항,2022-03,4종,11174
707,남포항,2022-03,5종,91228
707,남포항,2022-03,6종,15223
708,동경주,2022-03,1종,135294
708,동경주,2022-03,2종,1996
708,동경주,2022-03,3종,1953
708,동경주,2022-03,4종,1843
708,동경주,2022-03,5종,15299
708,동경주,2022-03,6종,5561
710,밀양출구JC,2022-03,1종,81199
710,밀양출구JC,2022-03,2종,4530
710,밀양출구JC,2022-03,3종,8705
710,밀양출구JC,2022-03,4종,4293
710,밀양출구JC,2022-03,5종,9858
710,밀양출구JC,2022-03,6종,3029
711,불갑산(목포),2022-03,1종,12291
711,불갑산(목포),2022-03,2종,163
711,불갑산(목포),2022-03,3종,168
711,불갑산(목포),2022-03,4종,20
711,불갑산(목포),2022-03,5종,41
711,불갑산(목포),2022-03,6종,332
712,동상주,2022-03,1종,65967
712,동상주,2022-03,2종,2233
712,동상주,2022-03,3종,3950
712,동상주,2022-03,4종,4252
712,동상주,2022-03,5종,3763
712,동상주,2022-03,6종,1973
713,서의성,2022-03,1종,48360
713,서의성,2022-03,2종,1693
713,서의성,2022-03,3종,2916
713,서의성,2022-03,4종,3472
713,서의성,2022-03,5종,3460
713,서의성,2022-03,6종,2006
714,북의성,2022-03,1종,42527
714,북의성,2022-03,2종,1444
714,북의성,2022-03,3종,1636
714,북의성,2022-03,4종,1557
714,북의성,2022-03,5종,2444
714,북의성,2022-03,6종,1507
715,동안동,2022-03,1종,108300
715,동안동,2022-03,2종,1846
715,동안동,2022-03,3종,2290
715,동안동,2022-03,4종,1459
715,동안동,2022-03,5종,3251
715,동안동,2022-03,6종,3782
716,청송,2022-03,1종,121432
716,청송,2022-03,2종,2591
716,청송,2022-03,3종,1902
716,청송,2022-03,4종,2073
716,청송,2022-03,5종,2212
716,청송,2022-03,6종,4330
720,밀양입구JC,2022-03,1종,79434
720,밀양입구JC,2022-03,2종,3834
720,밀양입구JC,2022-03,3종,9709
720,밀양입구JC,2022-03,4종,3656
720,밀양입구JC,2022-03,5종,9846
720,밀양입구JC,2022-03,6종,3154
722,활천,2022-03,1종,73898
722,활천,2022-03,2종,6505
722,활천,2022-03,3종,10319
722,활천,2022-03,4종,10900
722,활천,2022-03,5종,16706
722,활천,2022-03,6종,2780
723,북구미,2022-03,1종,185048
723,북구미,2022-03,2종,3484
723,북구미,2022-03,3종,1171
723,북구미,2022-03,4종,237
723,북구미,2022-03,5종,537
723,북구미,2022-03,6종,7999
724,서함양,2022-03,1종,9774
724,서함양,2022-03,2종,154
724,서함양,2022-03,3종,35
724,서함양,2022-03,4종,9
724,서함양,2022-03,5종,49
724,서함양,2022-03,6종,251
725,임고,2022-03,1종,28360
725,임고,2022-03,2종,301
725,임고,2022-03,3종,69
725,임고,2022-03,4종,45
725,임고,2022-03,5종,183
725,임고,2022-03,6종,529
729,신둔,2022-03,1종,34685
729,신둔,2022-03,2종,3794
729,신둔,2022-03,3종,719
729,신둔,2022-03,4종,0
729,신둔,2022-03,5종,0
729,신둔,2022-03,6종,1949
730,유천,2022-03,1종,442635
730,유천,2022-03,2종,10142
730,유천,2022-03,3종,1859
730,유천,2022-03,4종,387
730,유천,2022-03,5종,1591
730,유천,2022-03,6종,22259
731,북현풍,2022-03,1종,144369
731,북현풍,2022-03,2종,2460
731,북현풍,2022-03,3종,649
731,북현풍,2022-03,4종,21
731,북현풍,2022-03,5종,687
731,북현풍,2022-03,6종,8243
732,행담도,2022-03,1종,25578
732,행담도,2022-03,2종,371
732,행담도,2022-03,3종,164
732,행담도,2022-03,4종,102
732,행담도,2022-03,5종,72
732,행담도,2022-03,6종,1177
733,옥산,2022-03,1종,134311
733,옥산,2022-03,2종,5283
733,옥산,2022-03,3종,1354
733,옥산,2022-03,4종,90
733,옥산,2022-03,5종,85
733,옥산,2022-03,6종,4989
734,동둔내,2022-03,1종,2755
734,동둔내,2022-03,2종,28
734,동둔내,2022-03,3종,1
734,동둔내,2022-03,4종,0
734,동둔내,2022-03,5종,0
734,동둔내,2022-03,6종,68
735,남양평,2022-03,1종,105601
735,남양평,2022-03,2종,2428
735,남양평,2022-03,3종,513
735,남양평,2022-03,4종,67
735,남양평,2022-03,5종,72
735,남양평,2022-03,6종,4577
736,삼성,2022-03,1종,110902
736,삼성,2022-03,2종,8690
736,삼성,2022-03,3종,514
736,삼성,2022-03,4종,83
736,삼성,2022-03,5종,69
736,삼성,2022-03,6종,3615
741,평택고덕,2022-03,1종,469703
741,평택고덕,2022-03,2종,10448
741,평택고덕,2022-03,3종,44101
741,평택고덕,2022-03,4종,16039
741,평택고덕,2022-03,5종,24994
741,평택고덕,2022-03,6종,28696
746,기장일광입구,2022-03,1종,189611
746,기장일광입구,2022-03,2종,3108
746,기장일광입구,2022-03,3종,249
746,기장일광입구,2022-03,4종,60
746,기장일광입구,2022-03,5종,144
746,기장일광입구,2022-03,6종,10697
747,척과구룡,2022-03,1종,77640
747,척과구룡,2022-03,2종,5440
747,척과구룡,2022-03,3종,10389
747,척과구룡,2022-03,4종,6109
747,척과구룡,2022-03,5종,12062
747,척과구룡,2022-03,6종,3334
748,동청송영양,2022-03,1종,62338
748,동청송영양,2022-03,2종,1071
748,동청송영양,2022-03,3종,1186
748,동청송영양,2022-03,4종,920
748,동청송영양,2022-03,5종,1754
748,동청송영양,2022-03,6종,1830
749,영덕,2022-03,1종,184022
749,영덕,2022-03,2종,2640
749,영덕,2022-03,3종,3650
749,영덕,2022-03,4종,2500
749,영덕,2022-03,5종,7464
749,영덕,2022-03,6종,5032
750,기장동JC,2022-03,1종,327154
750,기장동JC,2022-03,2종,9187
750,기장동JC,2022-03,3종,17048
750,기장동JC,2022-03,4종,5921
750,기장동JC,2022-03,5종,41399
750,기장동JC,2022-03,6종,19596
751,기장일광(KEC),2022-03,1종,268230
751,기장일광(KEC),2022-03,2종,4222
751,기장일광(KEC),2022-03,3종,3913
751,기장일광(KEC),2022-03,4종,4240
751,기장일광(KEC),2022-03,5종,16505
751,기장일광(KEC),2022-03,6종,17031
752,기장철마,2022-03,1종,587606
752,기장철마,2022-03,2종,13663
752,기장철마,2022-03,3종,10902
752,기장철마,2022-03,4종,10315
752,기장철마,2022-03,5종,31405
752,기장철마,2022-03,6종,37251
753,금정,2022-03,1종,277554
753,금정,2022-03,2종,10005
753,금정,2022-03,3종,10273
753,금정,2022-03,4종,8987
753,금정,2022-03,5종,15246
753,금정,2022-03,6종,15622
754,김해가야휴게소,2022-03,1종,69056
754,김해가야휴게소,2022-03,2종,1976
754,김해가야휴게소,2022-03,3종,35
754,김해가야휴게소,2022-03,4종,2
754,김해가야휴게소,2022-03,5종,0
754,김해가야휴게소,2022-03,6종,3080
755,광재,2022-03,1종,421441
755,광재,2022-03,2종,19398
755,광재,2022-03,3종,20622
755,광재,2022-03,4종,18379
755,광재,2022-03,5종,37566
755,광재,2022-03,6종,22035
756,한림,2022-03,1종,121689
756,한림,2022-03,2종,8397
756,한림,2022-03,3종,9102
756,한림,2022-03,4종,7297
756,한림,2022-03,5종,13400
756,한림,2022-03,6종,5591
757,진영,2022-03,1종,243778
757,진영,2022-03,2종,14821
757,진영,2022-03,3종,17229
757,진영,2022-03,4종,20207
757,진영,2022-03,5종,29777
757,진영,2022-03,6종,12911
758,진영휴게소,2022-03,1종,374
758,진영휴게소,2022-03,2종,3
758,진영휴게소,2022-03,3종,2
758,진영휴게소,2022-03,4종,3
758,진영휴게소,2022-03,5종,26
758,진영휴게소,2022-03,6종,20
760,기장서JC,2022-03,1종,590909
760,기장서JC,2022-03,2종,16807
760,기장서JC,2022-03,3종,22413
760,기장서JC,2022-03,4종,8364
760,기장서JC,2022-03,5종,61342
760,기장서JC,2022-03,6종,36024
762,중앙탑,2022-03,1종,43512
762,중앙탑,2022-03,2종,915
762,중앙탑,2022-03,3종,19
762,중앙탑,2022-03,4종,35
762,중앙탑,2022-03,5종,5
762,중앙탑,2022-03,6종,2332
765,내촌,2022-03,1종,29368
765,내촌,2022-03,2종,780
765,내촌,2022-03,3종,412
765,내촌,2022-03,4종,610
765,내촌,2022-03,5종,769
765,내촌,2022-03,6종,1544
766,인제,2022-03,1종,63125
766,인제,2022-03,2종,1427
766,인제,2022-03,3종,748
766,인제,2022-03,4종,806
766,인제,2022-03,5종,1486
766,인제,2022-03,6종,3308
767,구병산,2022-03,1종,3371
767,구병산,2022-03,2종,37
767,구병산,2022-03,3종,9
767,구병산,2022-03,4종,2
767,구병산,2022-03,5종,0
767,구병산,2022-03,6종,326
768,서양양,2022-03,1종,5864
768,서양양,2022-03,2종,108
768,서양양,2022-03,3종,38
768,서양양,2022-03,4종,123
768,서양양,2022-03,5종,59
768,서양양,2022-03,6종,127
770,울주동JC,2022-03,1종,151210
770,울주동JC,2022-03,2종,6846
770,울주동JC,2022-03,3종,19415
770,울주동JC,2022-03,4종,6334
770,울주동JC,2022-03,5종,27897
770,울주동JC,2022-03,6종,7300
771,배내골,2022-03,1종,38390
771,배내골,2022-03,2종,335
771,배내골,2022-03,3종,124
771,배내골,2022-03,4종,131
771,배내골,2022-03,5종,215
771,배내골,2022-03,6종,1648
772,북달성,2022-03,1종,8189
772,북달성,2022-03,2종,151
772,북달성,2022-03,3종,115
772,북달성,2022-03,4종,137
772,북달성,2022-03,5종,95
772,북달성,2022-03,6종,292
773,북다사,2022-03,1종,3135
773,북다사,2022-03,2종,57
773,북다사,2022-03,3종,64
773,북다사,2022-03,4종,32
773,북다사,2022-03,5종,33
773,북다사,2022-03,6종,123
774,남칠곡,2022-03,1종,8524
774,남칠곡,2022-03,2종,135
774,남칠곡,2022-03,3종,120
774,남칠곡,2022-03,4종,103
774,남칠곡,2022-03,5종,122
774,남칠곡,2022-03,6종,300
775,동명동호,2022-03,1종,3630
775,동명동호,2022-03,2종,78
775,동명동호,2022-03,3종,57
775,동명동호,2022-03,4종,61
775,동명동호,2022-03,5종,118
775,동명동호,2022-03,6종,132
776,연경,2022-03,1종,11976
776,연경,2022-03,2종,183
776,연경,2022-03,3종,141
776,연경,2022-03,4종,137
776,연경,2022-03,5종,232
776,연경,2022-03,6종,495
777,파군재,2022-03,1종,6648
777,파군재,2022-03,2종,51
777,파군재,2022-03,3종,34
777,파군재,2022-03,4종,24
777,파군재,2022-03,5종,25
777,파군재,2022-03,6종,330
778,둔산,2022-03,1종,1327
778,둔산,2022-03,2종,19
778,둔산,2022-03,3종,9
778,둔산,2022-03,4종,13
778,둔산,2022-03,5종,8
778,둔산,2022-03,6종,64
779,율암,2022-03,1종,9879
779,율암,2022-03,2종,95
779,율암,2022-03,3종,74
779,율암,2022-03,4종,77
779,율암,2022-03,5종,139
779,율암,2022-03,6종,442
780,울주서JC,2022-03,1종,154215
780,울주서JC,2022-03,2종,6820
780,울주서JC,2022-03,3종,16104
780,울주서JC,2022-03,4종,6426
780,울주서JC,2022-03,5종,28375
780,울주서JC,2022-03,6종,7553
876,양감,2022-03,1종,270413
876,양감,2022-03,2종,14280
876,양감,2022-03,3종,15316
876,양감,2022-03,4종,17284
876,양감,2022-03,5종,14844
876,양감,2022-03,6종,18486
981,서영암,2022-03,1종,247947
981,서영암,2022-03,2종,4112
981,서영암,2022-03,3종,8060
981,서영암,2022-03,4종,8833
981,서영암,2022-03,5종,22449
981,서영암,2022-03,6종,7209
982,강진무위사,2022-03,1종,158235
982,강진무위사,2022-03,2종,2732
982,강진무위사,2022-03,3종,5512
982,강진무위사,2022-03,4종,6075
982,강진무위사,2022-03,5종,9121
982,강진무위사,2022-03,6종,4467
983,장흥,2022-03,1종,88502
983,장흥,2022-03,2종,1595
983,장흥,2022-03,3종,1588
983,장흥,2022-03,4종,1271
983,장흥,2022-03,5종,2421
983,장흥,2022-03,6종,2475
984,보성,2022-03,1종,202758
984,보성,2022-03,2종,5311
984,보성,2022-03,3종,6087
984,보성,2022-03,4종,5866
984,보성,2022-03,5종,17793
984,보성,2022-03,6종,4964
985,벌교,2022-03,1종,138971
985,벌교,2022-03,2종,3599
985,벌교,2022-03,3종,3922
985,벌교,2022-03,4종,3249
985,벌교,2022-03,5종,6335
985,벌교,2022-03,6종,3502
986,고흥,2022-03,1종,209242
986,고흥,2022-03,2종,3350
986,고흥,2022-03,3종,4700
986,고흥,2022-03,4종,6260
986,고흥,2022-03,5종,14764
986,고흥,2022-03,6종,6279
987,남순천,2022-03,1종,515775
987,남순천,2022-03,2종,9087
987,남순천,2022-03,3종,14407
987,남순천,2022-03,4종,17362
987,남순천,2022-03,5종,53450
987,남순천,2022-03,6종,13721
11,인천,2022-04,1종,4344242
11,인천,2022-04,2종,104599
11,인천,2022-04,3종,63226
11,인천,2022-04,4종,69576
11,인천,2022-04,5종,135671
11,인천,2022-04,6종,308055
12,서영암(개),2022-04,1종,87806
12,서영암(개),2022-04,2종,903
12,서영암(개),2022-04,3종,1367
12,서영암(개),2022-04,4종,1121
12,서영암(개),2022-04,5종,1935
12,서영암(개),2022-04,6종,3217
13,순천만,2022-04,1종,186327
13,순천만,2022-04,2종,4943
13,순천만,2022-04,3종,5176
13,순천만,2022-04,4종,4143
13,순천만,2022-04,5종,10448
13,순천만,2022-04,6종,6845
25,동부산,2022-04,1종,531782
25,동부산,2022-04,2종,2907
25,동부산,2022-04,3종,2783
25,동부산,2022-04,4종,2403
25,동부산,2022-04,5종,4256
25,동부산,2022-04,6종,13126
29,가락(개),2022-04,1종,930124
29,가락(개),2022-04,2종,19824
29,가락(개),2022-04,3종,20391
29,가락(개),2022-04,4종,22253
29,가락(개),2022-04,5종,127155
29,가락(개),2022-04,6종,65815
53,남인천,2022-04,1종,2109263
53,남인천,2022-04,2종,44235
53,남인천,2022-04,3종,39123
53,남인천,2022-04,4종,26442
53,남인천,2022-04,5종,52828
53,남인천,2022-04,6종,138787
56,일로,2022-04,1종,37293
56,일로,2022-04,2종,795
56,일로,2022-04,3종,680
56,일로,2022-04,4종,953
56,일로,2022-04,5종,4130
56,일로,2022-04,6종,1642
57,다사,2022-04,1종,45395
57,다사,2022-04,2종,715
57,다사,2022-04,3종,589
57,다사,2022-04,4종,296
57,다사,2022-04,5종,562
57,다사,2022-04,6종,2885
58,지천,2022-04,1종,36643
58,지천,2022-04,2종,700
58,지천,2022-04,3종,596
58,지천,2022-04,4종,350
58,지천,2022-04,5종,1021
58,지천,2022-04,6종,1659
61,성남,2022-04,1종,5004072
61,성남,2022-04,2종,144727
61,성남,2022-04,3종,133022
61,성남,2022-04,4종,120807
61,성남,2022-04,5종,99547
61,성남,2022-04,6종,268047
62,구리남양주,2022-04,1종,5148327
62,구리남양주,2022-04,2종,166453
62,구리남양주,2022-04,3종,130462
62,구리남양주,2022-04,4종,141461
62,구리남양주,2022-04,5종,117564
62,구리남양주,2022-04,6종,302208
63,토평,2022-04,1종,748070
63,토평,2022-04,2종,22207
63,토평,2022-04,3종,14398
63,토평,2022-04,4종,17919
63,토평,2022-04,5종,19846
63,토평,2022-04,6종,44718
64,청계,2022-04,1종,4492752
64,청계,2022-04,2종,105760
64,청계,2022-04,3종,107975
64,청계,2022-04,4종,60362
64,청계,2022-04,5종,73803
64,청계,2022-04,6종,259402
65,판교,2022-04,1종,2404311
65,판교,2022-04,2종,26932
65,판교,2022-04,3종,118155
65,판교,2022-04,4종,9213
65,판교,2022-04,5종,9411
65,판교,2022-04,6종,106242
66,하남,2022-04,1종,963114
66,하남,2022-04,2종,24870
66,하남,2022-04,3종,12474
66,하남,2022-04,4종,13845
66,하남,2022-04,5종,14260
66,하남,2022-04,6종,55617
67,시흥,2022-04,1종,4126807
67,시흥,2022-04,2종,111252
67,시흥,2022-04,3종,95564
67,시흥,2022-04,4종,98402
67,시흥,2022-04,5종,94864
67,시흥,2022-04,6종,240091
68,김포,2022-04,1종,4898216
68,김포,2022-04,2종,144039
68,김포,2022-04,3종,97281
68,김포,2022-04,4종,95330
68,김포,2022-04,5종,147663
68,김포,2022-04,6종,322062
69,대왕판교,2022-04,1종,201104
69,대왕판교,2022-04,2종,1986
69,대왕판교,2022-04,3종,461
69,대왕판교,2022-04,4종,19
69,대왕판교,2022-04,5종,17
69,대왕판교,2022-04,6종,7789
74,덕소삼패,2022-04,1종,438532
74,덕소삼패,2022-04,2종,8621
74,덕소삼패,2022-04,3종,5815
74,덕소삼패,2022-04,4종,8170
74,덕소삼패,2022-04,5종,13914
74,덕소삼패,2022-04,6종,29459
91,대동(개),2022-04,1종,103914
91,대동(개),2022-04,2종,4957
91,대동(개),2022-04,3종,4038
91,대동(개),2022-04,4종,22876
91,대동(개),2022-04,5종,8504
91,대동(개),2022-04,6종,5588
92,내서,2022-04,1종,222513
92,내서,2022-04,2종,6552
92,내서,2022-04,3종,9416
92,내서,2022-04,4종,4762
92,내서,2022-04,5종,11669
92,내서,2022-04,6종,16471
101,서울,2022-04,1종,5332399
101,서울,2022-04,2종,146999
101,서울,2022-04,3종,458164
101,서울,2022-04,4종,135120
101,서울,2022-04,5종,71510
101,서울,2022-04,6종,211488
102,동수원,2022-04,1종,2189297
102,동수원,2022-04,2종,28058
102,동수원,2022-04,3종,63126
102,동수원,2022-04,4종,11394
102,동수원,2022-04,5종,11423
102,동수원,2022-04,6종,110176
103,수원신갈,2022-04,1종,2335921
103,수원신갈,2022-04,2종,82086
103,수원신갈,2022-04,3종,139340
103,수원신갈,2022-04,4종,64047
103,수원신갈,2022-04,5종,31771
103,수원신갈,2022-04,6종,107019
104,지곡,2022-04,1종,40276
104,지곡,2022-04,2종,1327
104,지곡,2022-04,3종,1964
104,지곡,2022-04,4종,2965
104,지곡,2022-04,5종,3594
104,지곡,2022-04,6종,1319
105,기흥,2022-04,1종,783570
105,기흥,2022-04,2종,14070
105,기흥,2022-04,3종,22652
105,기흥,2022-04,4종,10871
105,기흥,2022-04,5종,6550
105,기흥,2022-04,6종,38570
106,오산,2022-04,1종,1303939
106,오산,2022-04,2종,79383
106,오산,2022-04,3종,93176
106,오산,2022-04,4종,79896
106,오산,2022-04,5종,40725
106,오산,2022-04,6종,72605
107,안성,2022-04,1종,1118832
107,안성,2022-04,2종,26895
107,안성,2022-04,3종,38848
107,안성,2022-04,4종,19030
107,안성,2022-04,5종,11664
107,안성,2022-04,6종,65682
108,천안,2022-04,1종,1717198
108,천안,2022-04,2종,35696
108,천안,2022-04,3종,77485
108,천안,2022-04,4종,34591
108,천안,2022-04,5종,36420
108,천안,2022-04,6종,80524
109,계룡,2022-04,1종,155788
109,계룡,2022-04,2종,10162
109,계룡,2022-04,3종,10318
109,계룡,2022-04,4종,10598
109,계룡,2022-04,5종,8595
109,계룡,2022-04,6종,7984
110,독립기념관,2022-04,1종,364300
110,독립기념관,2022-04,2종,15539
110,독립기념관,2022-04,3종,22705
110,독립기념관,2022-04,4종,30937
110,독립기념관,2022-04,5종,21921
110,독립기념관,2022-04,6종,14999
111,청주,2022-04,1종,583166
111,청주,2022-04,2종,14885
111,청주,2022-04,3종,39026
111,청주,2022-04,4종,22486
111,청주,2022-04,5종,27367
111,청주,2022-04,6종,23960
112,남청주,2022-04,1종,556978
112,남청주,2022-04,2종,33752
112,남청주,2022-04,3종,28457
112,남청주,2022-04,4종,44330
112,남청주,2022-04,5종,51417
112,남청주,2022-04,6종,21680
113,신탄진,2022-04,1종,754122
113,신탄진,2022-04,2종,30218
113,신탄진,2022-04,3종,25977
113,신탄진,2022-04,4종,47195
113,신탄진,2022-04,5종,66406
113,신탄진,2022-04,6종,36768
114,남대전,2022-04,1종,407077
114,남대전,2022-04,2종,14292
114,남대전,2022-04,3종,19880
114,남대전,2022-04,4종,30511
114,남대전,2022-04,5종,13669
114,남대전,2022-04,6종,19485
115,대전,2022-04,1종,1439428
115,대전,2022-04,2종,32297
115,대전,2022-04,3종,47885
115,대전,2022-04,4종,14589
115,대전,2022-04,5종,12873
115,대전,2022-04,6종,74073
116,옥천,2022-04,1종,522659
116,옥천,2022-04,2종,19337
116,옥천,2022-04,3종,18223
116,옥천,2022-04,4종,30468
116,옥천,2022-04,5종,31358
116,옥천,2022-04,6종,25937
117,금강,2022-04,1종,53913
117,금강,2022-04,2종,987
117,금강,2022-04,3종,1607
117,금강,2022-04,4종,1868
117,금강,2022-04,5종,1251
117,금강,2022-04,6종,2683
118,영동,2022-04,1종,108455
118,영동,2022-04,2종,3202
118,영동,2022-04,3종,4710
118,영동,2022-04,4종,4021
118,영동,2022-04,5종,11446
118,영동,2022-04,6종,3865
119,판암,2022-04,1종,623685
119,판암,2022-04,2종,12601
119,판암,2022-04,3종,9573
119,판암,2022-04,4종,5866
119,판암,2022-04,5종,12819
119,판암,2022-04,6종,34012
120,황간,2022-04,1종,93120
120,황간,2022-04,2종,2164
120,황간,2022-04,3종,2699
120,황간,2022-04,4종,4276
120,황간,2022-04,5종,7469
120,황간,2022-04,6종,3312
121,추풍령,2022-04,1종,47129
121,추풍령,2022-04,2종,866
121,추풍령,2022-04,3종,1104
121,추풍령,2022-04,4종,1314
121,추풍령,2022-04,5종,2840
121,추풍령,2022-04,6종,2121
122,김천,2022-04,1종,255343
122,김천,2022-04,2종,5098
122,김천,2022-04,3종,6885
122,김천,2022-04,4종,8150
122,김천,2022-04,5종,8623
122,김천,2022-04,6종,11189
123,구미,2022-04,1종,732498
123,구미,2022-04,2종,15098
123,구미,2022-04,3종,22837
123,구미,2022-04,4종,18040
123,구미,2022-04,5종,14013
123,구미,2022-04,6종,32516
124,상주,2022-04,1종,92574
124,상주,2022-04,2종,3128
124,상주,2022-04,3종,3921
124,상주,2022-04,4종,4053
124,상주,2022-04,5종,4992
124,상주,2022-04,6종,3091
125,남구미,2022-04,1종,563402
125,남구미,2022-04,2종,18469
125,남구미,2022-04,3종,31020
125,남구미,2022-04,4종,27936
125,남구미,2022-04,5종,36967
125,남구미,2022-04,6종,26933
126,왜관,2022-04,1종,703715
126,왜관,2022-04,2종,38267
126,왜관,2022-04,3종,30372
126,왜관,2022-04,4종,29032
126,왜관,2022-04,5종,49865
126,왜관,2022-04,6종,29260
127,서대구,2022-04,1종,1768356
127,서대구,2022-04,2종,60479
127,서대구,2022-04,3종,68729
127,서대구,2022-04,4종,52304
127,서대구,2022-04,5종,64766
127,서대구,2022-04,6종,71808
128,금왕꽃동네,2022-04,1종,260467
128,금왕꽃동네,2022-04,2종,15249
128,금왕꽃동네,2022-04,3종,20042
128,금왕꽃동네,2022-04,4종,23776
128,금왕꽃동네,2022-04,5종,37570
128,금왕꽃동네,2022-04,6종,11244
129,북대구,2022-04,1종,1821384
129,북대구,2022-04,2종,47789
129,북대구,2022-04,3종,44531
129,북대구,2022-04,4종,25073
129,북대구,2022-04,5종,41155
129,북대구,2022-04,6종,70583
130,동김천,2022-04,1종,291905
130,동김천,2022-04,2종,8659
130,동김천,2022-04,3종,15195
130,동김천,2022-04,4종,14055
130,동김천,2022-04,5종,25073
130,동김천,2022-04,6종,11489
131,경산,2022-04,1종,944204
131,경산,2022-04,2종,58843
131,경산,2022-04,3종,56378
131,경산,2022-04,4종,57982
131,경산,2022-04,5종,52815
131,경산,2022-04,6종,45620
132,영천,2022-04,1종,385886
132,영천,2022-04,2종,15716
132,영천,2022-04,3종,27179
132,영천,2022-04,4종,24370
132,영천,2022-04,5종,33459
132,영천,2022-04,6종,14899
133,서경주,2022-04,1종,189160
133,서경주,2022-04,2종,5798
133,서경주,2022-04,3종,8844
133,서경주,2022-04,4종,9566
133,서경주,2022-04,5종,21848
133,서경주,2022-04,6종,6163
134,선산,2022-04,1종,84836
134,선산,2022-04,2종,3097
134,선산,2022-04,3종,3827
134,선산,2022-04,4종,4220
134,선산,2022-04,5종,6193
134,선산,2022-04,6종,2978
135,경주,2022-04,1종,944653
135,경주,2022-04,2종,17187
135,경주,2022-04,3종,43271
135,경주,2022-04,4종,34200
135,경주,2022-04,5종,54061
135,경주,2022-04,6종,33458
136,음성,2022-04,1종,268789
136,음성,2022-04,2종,10386
136,음성,2022-04,3종,13324
136,음성,2022-04,4종,16979
136,음성,2022-04,5종,23909
136,음성,2022-04,6종,9079
137,통도사,2022-04,1종,288089
137,통도사,2022-04,2종,16452
137,통도사,2022-04,3종,20647
137,통도사,2022-04,4종,16605
137,통도사,2022-04,5종,25390
137,통도사,2022-04,6종,15937
138,양산,2022-04,1종,801570
138,양산,2022-04,2종,70196
138,양산,2022-04,3종,55573
138,양산,2022-04,4종,63622
138,양산,2022-04,5종,67766
138,양산,2022-04,6종,38185
139,서울산,2022-04,1종,536400
139,서울산,2022-04,2종,15316
139,서울산,2022-04,3종,19100
139,서울산,2022-04,4종,12388
139,서울산,2022-04,5종,17044
139,서울산,2022-04,6종,26614
140,부산,2022-04,1종,1877364
140,부산,2022-04,2종,46663
140,부산,2022-04,3종,41306
140,부산,2022-04,4종,30019
140,부산,2022-04,5종,45053
140,부산,2022-04,6종,91892
142,군북,2022-04,1종,470848
142,군북,2022-04,2종,11199
142,군북,2022-04,3종,16091
142,군북,2022-04,4종,11801
142,군북,2022-04,5종,32318
142,군북,2022-04,6종,24575
143,장지,2022-04,1종,120570
143,장지,2022-04,2종,3888
143,장지,2022-04,3종,5913
143,장지,2022-04,4종,5438
143,장지,2022-04,5종,20998
143,장지,2022-04,6종,7263
144,함안,2022-04,1종,301853
144,함안,2022-04,2종,10115
144,함안,2022-04,3종,10772
144,함안,2022-04,4종,9089
144,함안,2022-04,5종,26332
144,함안,2022-04,6종,16528
145,산인,2022-04,1종,1031533
145,산인,2022-04,2종,17700
145,산인,2022-04,3종,32611
145,산인,2022-04,4종,13930
145,산인,2022-04,5종,30828
145,산인,2022-04,6종,45660
146,동창원,2022-04,1종,624306
146,동창원,2022-04,2종,17479
146,동창원,2022-04,3종,16385
146,동창원,2022-04,4종,14106
146,동창원,2022-04,5종,20701
146,동창원,2022-04,6종,38974
147,진례,2022-04,1종,466081
147,진례,2022-04,2종,30383
147,진례,2022-04,3종,33366
147,진례,2022-04,4종,31787
147,진례,2022-04,5종,39237
147,진례,2022-04,6종,29022
148,서김해,2022-04,1종,863488
148,서김해,2022-04,2종,24413
148,서김해,2022-04,3종,25570
148,서김해,2022-04,4종,22902
148,서김해,2022-04,5종,19688
148,서김해,2022-04,6종,55498
149,동김해,2022-04,1종,1071744
149,동김해,2022-04,2종,29508
149,동김해,2022-04,3종,27823
149,동김해,2022-04,4종,13923
149,동김해,2022-04,5종,14471
149,동김해,2022-04,6종,71677
150,북부산,2022-04,1종,1747001
150,북부산,2022-04,2종,28227
150,북부산,2022-04,3종,25716
150,북부산,2022-04,4종,14510
150,북부산,2022-04,5종,29688
150,북부산,2022-04,6종,103057
151,북대전,2022-04,1종,844528
151,북대전,2022-04,2종,12804
151,북대전,2022-04,3종,22795
151,북대전,2022-04,4종,19444
151,북대전,2022-04,5종,20805
151,북대전,2022-04,6종,40399
152,유성,2022-04,1종,1210594
152,유성,2022-04,2종,21189
152,유성,2022-04,3종,30681
152,유성,2022-04,4종,16636
152,유성,2022-04,5종,14044
152,유성,2022-04,6종,48603
153,서대전,2022-04,1종,1026833
153,서대전,2022-04,2종,20803
153,서대전,2022-04,3종,20667
153,서대전,2022-04,4종,17686
153,서대전,2022-04,5종,18577
153,서대전,2022-04,6종,51293
154,안영,2022-04,1종,546141
154,안영,2022-04,2종,15091
154,안영,2022-04,3종,13955
154,안영,2022-04,4종,8337
154,안영,2022-04,5종,15736
154,안영,2022-04,6종,24088
155,논산,2022-04,1종,256014
155,논산,2022-04,2종,10886
155,논산,2022-04,3종,18160
155,논산,2022-04,4종,17920
155,논산,2022-04,5종,16188
155,논산,2022-04,6종,9415
156,익산,2022-04,1종,302121
156,익산,2022-04,2종,19577
156,익산,2022-04,3종,25090
156,익산,2022-04,4종,30500
156,익산,2022-04,5종,39252
156,익산,2022-04,6종,8118
157,삼례,2022-04,1종,117136
157,삼례,2022-04,2종,4354
157,삼례,2022-04,3종,7100
157,삼례,2022-04,4종,7973
157,삼례,2022-04,5종,11852
157,삼례,2022-04,6종,3295
158,전주,2022-04,1종,446817
158,전주,2022-04,2종,13522
158,전주,2022-04,3종,33526
158,전주,2022-04,4종,21676
158,전주,2022-04,5종,29350
158,전주,2022-04,6종,12517
159,서전주,2022-04,1종,375531
159,서전주,2022-04,2종,10055
159,서전주,2022-04,3종,12243
159,서전주,2022-04,4종,14107
159,서전주,2022-04,5종,12375
159,서전주,2022-04,6종,9639
160,김제,2022-04,1종,138769
160,김제,2022-04,2종,6322
160,김제,2022-04,3종,9253
160,김제,2022-04,4종,12364
160,김제,2022-04,5종,9028
160,김제,2022-04,6종,3540
161,금산사,2022-04,1종,36815
161,금산사,2022-04,2종,1673
161,금산사,2022-04,3종,1161
161,금산사,2022-04,4종,1322
161,금산사,2022-04,5종,2123
161,금산사,2022-04,6종,979
162,태인,2022-04,1종,103641
162,태인,2022-04,2종,4184
162,태인,2022-04,3종,7755
162,태인,2022-04,4종,8671
162,태인,2022-04,5종,8716
162,태인,2022-04,6종,2774
163,정읍,2022-04,1종,233420
163,정읍,2022-04,2종,8465
163,정읍,2022-04,3종,12324
163,정읍,2022-04,4종,12227
163,정읍,2022-04,5종,13119
163,정읍,2022-04,6종,5938
164,무주,2022-04,1종,158039
164,무주,2022-04,2종,2707
164,무주,2022-04,3종,3923
164,무주,2022-04,4종,3040
164,무주,2022-04,5종,3316
164,무주,2022-04,6종,5201
165,백양사,2022-04,1종,69039
165,백양사,2022-04,2종,1781
165,백양사,2022-04,3종,1530
165,백양사,2022-04,4종,1976
165,백양사,2022-04,5종,1165
165,백양사,2022-04,6종,1852
166,장성,2022-04,1종,205508
166,장성,2022-04,2종,11366
166,장성,2022-04,3종,13314
166,장성,2022-04,4종,15554
166,장성,2022-04,5종,17169
166,장성,2022-04,6종,6176
167,광주,2022-04,1종,1117834
167,광주,2022-04,2종,36125
167,광주,2022-04,3종,56433
167,광주,2022-04,4종,64245
167,광주,2022-04,5종,41987
167,광주,2022-04,6종,30359
168,덕유산,2022-04,1종,51479
168,덕유산,2022-04,2종,1102
168,덕유산,2022-04,3종,911
168,덕유산,2022-04,4종,1007
168,덕유산,2022-04,5종,1021
168,덕유산,2022-04,6종,1225
169,장수,2022-04,1종,117330
169,장수,2022-04,2종,2709
169,장수,2022-04,3종,2836
169,장수,2022-04,4종,2870
169,장수,2022-04,5종,3005
169,장수,2022-04,6종,3142
170,서상,2022-04,1종,61338
170,서상,2022-04,2종,1518
170,서상,2022-04,3종,3286
170,서상,2022-04,4종,3875
170,서상,2022-04,5종,4205
170,서상,2022-04,6종,2476
171,마성,2022-04,1종,633073
171,마성,2022-04,2종,8942
171,마성,2022-04,3종,16328
171,마성,2022-04,4종,6470
171,마성,2022-04,5종,3559
171,마성,2022-04,6종,25908
172,용인,2022-04,1종,991509
172,용인,2022-04,2종,49942
172,용인,2022-04,3종,37528
172,용인,2022-04,4종,33940
172,용인,2022-04,5종,26658
172,용인,2022-04,6종,55704
173,양지,2022-04,1종,1027870
173,양지,2022-04,2종,84241
173,양지,2022-04,3종,57167
173,양지,2022-04,4종,75629
173,양지,2022-04,5종,62774
173,양지,2022-04,6종,44929
174,춘천,2022-04,1종,922877
174,춘천,2022-04,2종,19824
174,춘천,2022-04,3종,21099
174,춘천,2022-04,4종,12620
174,춘천,2022-04,5종,14576
174,춘천,2022-04,6종,48616
175,덕평,2022-04,1종,365757
175,덕평,2022-04,2종,44818
175,덕평,2022-04,3종,32210
175,덕평,2022-04,4종,43869
175,덕평,2022-04,5종,31494
175,덕평,2022-04,6종,20038
176,이천,2022-04,1종,612156
176,이천,2022-04,2종,27161
176,이천,2022-04,3종,47287
176,이천,2022-04,4종,49696
176,이천,2022-04,5종,47366
176,이천,2022-04,6종,30003
177,여주,2022-04,1종,380395
177,여주,2022-04,2종,10718
177,여주,2022-04,3종,30364
177,여주,2022-04,4종,29459
177,여주,2022-04,5종,21672
177,여주,2022-04,6종,13388
178,문막,2022-04,1종,296381
178,문막,2022-04,2종,19258
178,문막,2022-04,3종,23119
178,문막,2022-04,4종,17048
178,문막,2022-04,5종,22985
178,문막,2022-04,6종,13206
179,홍천,2022-04,1종,374093
179,홍천,2022-04,2종,10012
179,홍천,2022-04,3종,13264
179,홍천,2022-04,4종,9718
179,홍천,2022-04,5종,11302
179,홍천,2022-04,6종,21428
180,원주,2022-04,1종,348978
180,원주,2022-04,2종,18142
180,원주,2022-04,3종,17772
180,원주,2022-04,4종,17595
180,원주,2022-04,5종,15665
180,원주,2022-04,6종,17860
181,새말,2022-04,1종,230109
181,새말,2022-04,2종,8421
181,새말,2022-04,3종,10351
181,새말,2022-04,4종,9005
181,새말,2022-04,5종,8183
181,새말,2022-04,6종,8249
182,둔내,2022-04,1종,123272
182,둔내,2022-04,2종,3305
182,둔내,2022-04,3종,3046
182,둔내,2022-04,4종,2091
182,둔내,2022-04,5종,2221
182,둔내,2022-04,6종,4366
183,면온,2022-04,1종,59690
183,면온,2022-04,2종,972
183,면온,2022-04,3종,815
183,면온,2022-04,4종,806
183,면온,2022-04,5종,1896
183,면온,2022-04,6종,1824
184,대관령,2022-04,1종,194083
184,대관령,2022-04,2종,4607
184,대관령,2022-04,3종,6036
184,대관령,2022-04,4종,1502
184,대관령,2022-04,5종,3053
184,대관령,2022-04,6종,6957
185,평창,2022-04,1종,109379
185,평창,2022-04,2종,3080
185,평창,2022-04,3종,5863
185,평창,2022-04,4종,1965
185,평창,2022-04,5종,4477
185,평창,2022-04,6종,3718
186,속사,2022-04,1종,39813
186,속사,2022-04,2종,1060
186,속사,2022-04,3종,840
186,속사,2022-04,4종,676
186,속사,2022-04,5종,1604
186,속사,2022-04,6종,1212
187,진부,2022-04,1종,122105
187,진부,2022-04,2종,3760
187,진부,2022-04,3종,4531
187,진부,2022-04,4종,2351
187,진부,2022-04,5종,2802
187,진부,2022-04,6종,4254
188,서충주,2022-04,1종,175490
188,서충주,2022-04,2종,6015
188,서충주,2022-04,3종,11307
188,서충주,2022-04,4종,13273
188,서충주,2022-04,5종,18988
188,서충주,2022-04,6종,6227
189,강릉,2022-04,1종,660458
189,강릉,2022-04,2종,17139
189,강릉,2022-04,3종,26634
189,강릉,2022-04,4종,10804
189,강릉,2022-04,5종,15044
189,강릉,2022-04,6종,28273
190,동서울,2022-04,1종,3717261
190,동서울,2022-04,2종,159829
190,동서울,2022-04,3종,152506
190,동서울,2022-04,4종,138307
190,동서울,2022-04,5종,106495
190,동서울,2022-04,6종,151618
191,경기광주,2022-04,1종,794096
191,경기광주,2022-04,2종,38114
191,경기광주,2022-04,3종,27855
191,경기광주,2022-04,4종,19919
191,경기광주,2022-04,5종,15388
191,경기광주,2022-04,6종,46535
192,곤지암,2022-04,1종,864535
192,곤지암,2022-04,2종,61892
192,곤지암,2022-04,3종,40021
192,곤지암,2022-04,4종,51060
192,곤지암,2022-04,5종,38371
192,곤지암,2022-04,6종,42279
193,일죽,2022-04,1종,448100
193,일죽,2022-04,2종,28234
193,일죽,2022-04,3종,35187
193,일죽,2022-04,4종,50096
193,일죽,2022-04,5종,32711
193,일죽,2022-04,6종,15798
194,서이천,2022-04,1종,497513
194,서이천,2022-04,2종,55174
194,서이천,2022-04,3종,41949
194,서이천,2022-04,4종,42770
194,서이천,2022-04,5종,27856
194,서이천,2022-04,6종,25456
195,대소,2022-04,1종,246184
195,대소,2022-04,2종,23781
195,대소,2022-04,3종,36896
195,대소,2022-04,4종,42127
195,대소,2022-04,5종,33775
195,대소,2022-04,6종,10598
196,진천,2022-04,1종,344331
196,진천,2022-04,2종,18310
196,진천,2022-04,3종,24770
196,진천,2022-04,4종,32254
196,진천,2022-04,5종,30874
196,진천,2022-04,6종,14957
197,증평,2022-04,1종,360202
197,증평,2022-04,2종,16440
197,증평,2022-04,3종,24069
197,증평,2022-04,4종,36114
197,증평,2022-04,5종,32570
197,증평,2022-04,6종,13247
198,서청주,2022-04,1종,726358
198,서청주,2022-04,2종,24431
198,서청주,2022-04,3종,29653
198,서청주,2022-04,4종,27350
198,서청주,2022-04,5종,22547
198,서청주,2022-04,6종,31918
199,오창,2022-04,1종,511334
199,오창,2022-04,2종,14104
199,오창,2022-04,3종,23094
199,오창,2022-04,4종,20313
199,오창,2022-04,5종,21914
199,오창,2022-04,6종,19865
200,금산,2022-04,1종,178426
200,금산,2022-04,2종,3134
200,금산,2022-04,3종,6155
200,금산,2022-04,4종,3969
200,금산,2022-04,5종,7385
200,금산,2022-04,6종,7990
201,칠곡,2022-04,1종,624081
201,칠곡,2022-04,2종,16950
201,칠곡,2022-04,3종,15699
201,칠곡,2022-04,4종,10670
201,칠곡,2022-04,5종,15513
201,칠곡,2022-04,6종,29985
202,다부,2022-04,1종,147757
202,다부,2022-04,2종,7002
202,다부,2022-04,3종,4708
202,다부,2022-04,4종,4736
202,다부,2022-04,5종,11795
202,다부,2022-04,6종,5094
203,가산,2022-04,1종,577150
203,가산,2022-04,2종,17765
203,가산,2022-04,3종,18897
203,가산,2022-04,4종,17210
203,가산,2022-04,5종,46613
203,가산,2022-04,6종,22301
204,추부,2022-04,1종,216052
204,추부,2022-04,2종,6915
204,추부,2022-04,3종,7330
204,추부,2022-04,4종,7475
204,추부,2022-04,5종,7374
204,추부,2022-04,6종,10173
205,군위,2022-04,1종,199268
205,군위,2022-04,2종,4765
205,군위,2022-04,3종,4969
205,군위,2022-04,4종,4200
205,군위,2022-04,5종,6850
205,군위,2022-04,6종,7590
206,의성,2022-04,1종,205258
206,의성,2022-04,2종,3709
206,의성,2022-04,3종,4433
206,의성,2022-04,4종,2799
206,의성,2022-04,5종,4960
206,의성,2022-04,6종,6352
207,남안동,2022-04,1종,315089
207,남안동,2022-04,2종,7809
207,남안동,2022-04,3종,6688
207,남안동,2022-04,4종,5633
207,남안동,2022-04,5종,10774
207,남안동,2022-04,6종,10350
208,서안동,2022-04,1종,266522
208,서안동,2022-04,2종,6140
208,서안동,2022-04,3종,13415
208,서안동,2022-04,4종,7583
208,서안동,2022-04,5종,11671
208,서안동,2022-04,6종,7758
209,예천,2022-04,1종,35737
209,예천,2022-04,2종,758
209,예천,2022-04,3종,622
209,예천,2022-04,4종,696
209,예천,2022-04,5종,1633
209,예천,2022-04,6종,1142
210,영주,2022-04,1종,196187
210,영주,2022-04,2종,5217
210,영주,2022-04,3종,7244
210,영주,2022-04,4종,7275
210,영주,2022-04,5종,22725
210,영주,2022-04,6종,6031
211,풍기,2022-04,1종,247124
211,풍기,2022-04,2종,4222
211,풍기,2022-04,3종,8482
211,풍기,2022-04,4종,6320
211,풍기,2022-04,5종,10365
211,풍기,2022-04,6종,7525
212,북수원,2022-04,1종,1245034
212,북수원,2022-04,2종,30014
212,북수원,2022-04,3종,37538
212,북수원,2022-04,4종,24497
212,북수원,2022-04,5종,23590
212,북수원,2022-04,6종,59623
213,부곡,2022-04,1종,344592
213,부곡,2022-04,2종,12805
213,부곡,2022-04,3종,8134
213,부곡,2022-04,4종,11424
213,부곡,2022-04,5종,62972
213,부곡,2022-04,6종,21422
214,동군포,2022-04,1종,327819
214,동군포,2022-04,2종,16389
214,동군포,2022-04,3종,16046
214,동군포,2022-04,4종,35043
214,동군포,2022-04,5종,21059
214,동군포,2022-04,6종,18790
215,군포,2022-04,1종,742666
215,군포,2022-04,2종,21922
215,군포,2022-04,3종,20909
215,군포,2022-04,4종,10627
215,군포,2022-04,5종,14814
215,군포,2022-04,6종,44065
216,횡성,2022-04,1종,212554
216,횡성,2022-04,2종,7200
216,횡성,2022-04,3종,6473
216,횡성,2022-04,4종,5786
216,횡성,2022-04,5종,8189
216,횡성,2022-04,6종,10060
217,북원주,2022-04,1종,81406
217,북원주,2022-04,2종,4165
217,북원주,2022-04,3종,2701
217,북원주,2022-04,4종,2823
217,북원주,2022-04,5종,2957
217,북원주,2022-04,6종,3885
218,남원주,2022-04,1종,696123
218,남원주,2022-04,2종,14210
218,남원주,2022-04,3종,23181
218,남원주,2022-04,4종,8782
218,남원주,2022-04,5종,11541
218,남원주,2022-04,6종,32091
219,신림,2022-04,1종,154234
219,신림,2022-04,2종,3143
219,신림,2022-04,3종,2099
219,신림,2022-04,4종,3557
219,신림,2022-04,5종,12923
219,신림,2022-04,6종,5676
220,덕평휴게소,2022-04,1종,6986
220,덕평휴게소,2022-04,2종,204
220,덕평휴게소,2022-04,3종,43
220,덕평휴게소,2022-04,4종,26
220,덕평휴게소,2022-04,5종,37
220,덕평휴게소,2022-04,6종,420
221,생초,2022-04,1종,70256
221,생초,2022-04,2종,1523
221,생초,2022-04,3종,2908
221,생초,2022-04,4종,3698
221,생초,2022-04,5종,8640
221,생초,2022-04,6종,2201
222,산청,2022-04,1종,67047
222,산청,2022-04,2종,1764
222,산청,2022-04,3종,2156
222,산청,2022-04,4종,2505
222,산청,2022-04,5종,2799
222,산청,2022-04,6종,2262
223,단성,2022-04,1종,113076
223,단성,2022-04,2종,2039
223,단성,2022-04,3종,4441
223,단성,2022-04,4종,5564
223,단성,2022-04,5종,6065
223,단성,2022-04,6종,4004
224,함양,2022-04,1종,118473
224,함양,2022-04,2종,3241
224,함양,2022-04,3종,5867
224,함양,2022-04,4종,2593
224,함양,2022-04,5종,4284
224,함양,2022-04,6종,5028
225,서진주,2022-04,1종,317095
225,서진주,2022-04,2종,6973
225,서진주,2022-04,3종,7622
225,서진주,2022-04,4종,6128
225,서진주,2022-04,5종,20931
225,서진주,2022-04,6종,13327
226,금강휴게소,2022-04,1종,16026
226,금강휴게소,2022-04,2종,265
226,금강휴게소,2022-04,3종,337
226,금강휴게소,2022-04,4종,354
226,금강휴게소,2022-04,5종,258
226,금강휴게소,2022-04,6종,486
227,군산,2022-04,1종,272996
227,군산,2022-04,2종,4054
227,군산,2022-04,3종,12491
227,군산,2022-04,4종,8928
227,군산,2022-04,5종,14456
227,군산,2022-04,6종,7210
228,동군산,2022-04,1종,245021
228,동군산,2022-04,2종,6487
228,동군산,2022-04,3종,12700
228,동군산,2022-04,4종,11841
228,동군산,2022-04,5종,22402
228,동군산,2022-04,6종,5417
229,북천안,2022-04,1종,606302
229,북천안,2022-04,2종,28530
229,북천안,2022-04,3종,40546
229,북천안,2022-04,4종,50429
229,북천안,2022-04,5종,48082
229,북천안,2022-04,6종,27861
230,팔공산,2022-04,1종,767371
230,팔공산,2022-04,2종,21510
230,팔공산,2022-04,3종,15786
230,팔공산,2022-04,4종,10350
230,팔공산,2022-04,5종,11091
230,팔공산,2022-04,6종,34414
231,화원옥포,2022-04,1종,748918
231,화원옥포,2022-04,2종,25155
231,화원옥포,2022-04,3종,19796
231,화원옥포,2022-04,4종,16930
231,화원옥포,2022-04,5종,20338
231,화원옥포,2022-04,6종,41889
232,달성,2022-04,1종,213585
232,달성,2022-04,2종,12126
232,달성,2022-04,3종,17827
232,달성,2022-04,4종,8980
232,달성,2022-04,5종,7343
232,달성,2022-04,6종,12445
233,현풍,2022-04,1종,642440
233,현풍,2022-04,2종,28808
233,현풍,2022-04,3종,37560
233,현풍,2022-04,4종,34080
233,현풍,2022-04,5종,47118
233,현풍,2022-04,6종,30404
234,서천,2022-04,1종,200636
234,서천,2022-04,2종,4045
234,서천,2022-04,3종,6274
234,서천,2022-04,4종,8751
234,서천,2022-04,5종,25450
234,서천,2022-04,6종,5883
235,창녕,2022-04,1종,154038
235,창녕,2022-04,2종,4875
235,창녕,2022-04,3종,7063
235,창녕,2022-04,4종,4710
235,창녕,2022-04,5종,8702
235,창녕,2022-04,6종,5665
236,영산,2022-04,1종,141450
236,영산,2022-04,2종,6561
236,영산,2022-04,3종,8062
236,영산,2022-04,4종,10275
236,영산,2022-04,5종,18156
236,영산,2022-04,6종,5100
237,남지,2022-04,1종,164042
237,남지,2022-04,2종,6418
237,남지,2022-04,3종,12373
237,남지,2022-04,4종,13856
237,남지,2022-04,5종,28299
237,남지,2022-04,6종,8672
238,칠서,2022-04,1종,200919
238,칠서,2022-04,2종,15630
238,칠서,2022-04,3종,20968
238,칠서,2022-04,4종,24460
238,칠서,2022-04,5종,51762
238,칠서,2022-04,6종,10757
239,칠원,2022-04,1종,571537
239,칠원,2022-04,2종,17265
239,칠원,2022-04,3종,31456
239,칠원,2022-04,4종,32674
239,칠원,2022-04,5종,43539
239,칠원,2022-04,6종,22261
240,제천,2022-04,1종,558106
240,제천,2022-04,2종,13044
240,제천,2022-04,3종,16779
240,제천,2022-04,4종,13486
240,제천,2022-04,5종,29520
240,제천,2022-04,6종,20444
241,동고령,2022-04,1종,347205
241,동고령,2022-04,2종,17058
241,동고령,2022-04,3종,17245
241,동고령,2022-04,4종,30675
241,동고령,2022-04,5종,32709
241,동고령,2022-04,6종,13878
242,고령,2022-04,1종,290254
242,고령,2022-04,2종,7423
242,고령,2022-04,3종,10042
242,고령,2022-04,4종,8004
242,고령,2022-04,5종,23792
242,고령,2022-04,6종,10996
243,해인사,2022-04,1종,138434
243,해인사,2022-04,2종,2438
243,해인사,2022-04,3종,2192
243,해인사,2022-04,4종,1503
243,해인사,2022-04,5종,2336
243,해인사,2022-04,6종,6511
244,서부산,2022-04,1종,1498616
244,서부산,2022-04,2종,30197
244,서부산,2022-04,3종,52443
244,서부산,2022-04,4종,34744
244,서부산,2022-04,5종,81895
244,서부산,2022-04,6종,76986
245,장유,2022-04,1종,1611726
245,장유,2022-04,2종,33908
245,장유,2022-04,3종,53050
245,장유,2022-04,4종,30226
245,장유,2022-04,5종,39207
245,장유,2022-04,6종,98781
246,가락,2022-04,1종,22889
246,가락,2022-04,2종,2123
246,가락,2022-04,3종,3604
246,가락,2022-04,4종,5606
246,가락,2022-04,5종,8993
246,가락,2022-04,6종,695
247,남원,2022-04,1종,197642
247,남원,2022-04,2종,5215
247,남원,2022-04,3종,6534
247,남원,2022-04,4종,4855
247,남원,2022-04,5종,13976
247,남원,2022-04,6종,7421
248,순창,2022-04,1종,181220
248,순창,2022-04,2종,4160
248,순창,2022-04,3종,4427
248,순창,2022-04,4종,4001
248,순창,2022-04,5종,7891
248,순창,2022-04,6종,6262
249,담양,2022-04,1종,208209
249,담양,2022-04,2종,3966
249,담양,2022-04,3종,9288
249,담양,2022-04,4종,3687
249,담양,2022-04,5종,7728
249,담양,2022-04,6종,6149
250,남양산,2022-04,1종,1376531
250,남양산,2022-04,2종,35432
250,남양산,2022-04,3종,44154
250,남양산,2022-04,4종,22431
250,남양산,2022-04,5종,26491
250,남양산,2022-04,6종,90783
251,물금,2022-04,1종,720183
251,물금,2022-04,2종,47677
251,물금,2022-04,3종,23565
251,물금,2022-04,4종,41927
251,물금,2022-04,5종,72684
251,물금,2022-04,6종,46105
252,대동,2022-04,1종,2497794
252,대동,2022-04,2종,101538
252,대동,2022-04,3종,83532
252,대동,2022-04,4종,94435
252,대동,2022-04,5종,278349
252,대동,2022-04,6종,121757
253,서서울,2022-04,1종,5148086
253,서서울,2022-04,2종,146440
253,서서울,2022-04,3종,131062
253,서서울,2022-04,4종,155470
253,서서울,2022-04,5종,150232
253,서서울,2022-04,6종,249977
254,군자,2022-04,1종,2427146
254,군자,2022-04,2종,90400
254,군자,2022-04,3종,77431
254,군자,2022-04,4종,96884
254,군자,2022-04,5종,153041
254,군자,2022-04,6종,133509
255,서안산,2022-04,1종,1884972
255,서안산,2022-04,2종,73119
255,서안산,2022-04,3종,61094
255,서안산,2022-04,4종,61706
255,서안산,2022-04,5종,58238
255,서안산,2022-04,6종,107596
256,안산,2022-04,1종,910494
256,안산,2022-04,2종,21622
256,안산,2022-04,3종,14779
256,안산,2022-04,4종,7765
256,안산,2022-04,5종,8289
256,안산,2022-04,6종,60182
257,홍성,2022-04,1종,258947
257,홍성,2022-04,2종,4341
257,홍성,2022-04,3종,6871
257,홍성,2022-04,4종,5863
257,홍성,2022-04,5종,9693
257,홍성,2022-04,6종,8306
258,광천,2022-04,1종,166008
258,광천,2022-04,2종,4889
258,광천,2022-04,3종,7667
258,광천,2022-04,4종,7856
258,광천,2022-04,5종,16045
258,광천,2022-04,6종,5349
259,대천,2022-04,1종,282702
259,대천,2022-04,2종,4573
259,대천,2022-04,3종,8463
259,대천,2022-04,4종,3936
259,대천,2022-04,5종,6836
259,대천,2022-04,6종,8412
260,춘장대,2022-04,1종,64090
260,춘장대,2022-04,2종,1163
260,춘장대,2022-04,3종,1204
260,춘장대,2022-04,4종,1226
260,춘장대,2022-04,5종,2400
260,춘장대,2022-04,6종,1755
261,동광주,2022-04,1종,1321229
261,동광주,2022-04,2종,26360
261,동광주,2022-04,3종,46231
261,동광주,2022-04,4종,27397
261,동광주,2022-04,5종,40934
261,동광주,2022-04,6종,38879
262,창평,2022-04,1종,154998
262,창평,2022-04,2종,6542
262,창평,2022-04,3종,3252
262,창평,2022-04,4종,4607
262,창평,2022-04,5종,2778
262,창평,2022-04,6종,4775
263,옥과,2022-04,1종,273678
263,옥과,2022-04,2종,4636
263,옥과,2022-04,3종,9323
263,옥과,2022-04,4종,3580
263,옥과,2022-04,5종,7233
263,옥과,2022-04,6종,10003
264,동남원,2022-04,1종,37359
264,동남원,2022-04,2종,1055
264,동남원,2022-04,3종,1415
264,동남원,2022-04,4종,1067
264,동남원,2022-04,5종,1283
264,동남원,2022-04,6종,1192
265,곡성,2022-04,1종,208636
265,곡성,2022-04,2종,3487
265,곡성,2022-04,3종,4223
265,곡성,2022-04,4종,3253
265,곡성,2022-04,5종,8808
265,곡성,2022-04,6종,5975
266,석곡,2022-04,1종,60275
266,석곡,2022-04,2종,1916
266,석곡,2022-04,3종,1541
266,석곡,2022-04,4종,1417
266,석곡,2022-04,5종,1897
266,석곡,2022-04,6종,1729
267,주암송광사,2022-04,1종,153097
267,주암송광사,2022-04,2종,3255
267,주암송광사,2022-04,3종,2870
267,주암송광사,2022-04,4종,2620
267,주암송광사,2022-04,5종,6515
267,주암송광사,2022-04,6종,4435
268,승주,2022-04,1종,86285
268,승주,2022-04,2종,1649
268,승주,2022-04,3종,1243
268,승주,2022-04,4종,1144
268,승주,2022-04,5종,1992
268,승주,2022-04,6종,2929
269,지리산,2022-04,1종,95471
269,지리산,2022-04,2종,2256
269,지리산,2022-04,3종,2302
269,지리산,2022-04,4종,3885
269,지리산,2022-04,5종,1424
269,지리산,2022-04,6종,4039
270,서순천,2022-04,1종,167163
270,서순천,2022-04,2종,5096
270,서순천,2022-04,3종,5539
270,서순천,2022-04,4종,2689
270,서순천,2022-04,5종,5213
270,서순천,2022-04,6종,4967
271,순천,2022-04,1종,597903
271,순천,2022-04,2종,14301
271,순천,2022-04,3종,11715
271,순천,2022-04,4종,9352
271,순천,2022-04,5종,31896
271,순천,2022-04,6종,16512
272,광양,2022-04,1종,330484
272,광양,2022-04,2종,6774
272,광양,2022-04,3종,15083
272,광양,2022-04,4종,15531
272,광양,2022-04,5종,57961
272,광양,2022-04,6종,9467
273,동광양,2022-04,1종,151756
273,동광양,2022-04,2종,2754
273,동광양,2022-04,3종,2744
273,동광양,2022-04,4종,6566
273,동광양,2022-04,5종,42377
273,동광양,2022-04,6종,5456
274,가조,2022-04,1종,87423
274,가조,2022-04,2종,2958
274,가조,2022-04,3종,3585
274,가조,2022-04,4종,2235
274,가조,2022-04,5종,2183
274,가조,2022-04,6종,3217
275,옥곡,2022-04,1종,180409
275,옥곡,2022-04,2종,4246
275,옥곡,2022-04,3종,8045
275,옥곡,2022-04,4종,12566
275,옥곡,2022-04,5종,60712
275,옥곡,2022-04,6종,5407
276,진월,2022-04,1종,71625
276,진월,2022-04,2종,1314
276,진월,2022-04,3종,1851
276,진월,2022-04,4종,4624
276,진월,2022-04,5종,44920
276,진월,2022-04,6종,2183
277,하동,2022-04,1종,281949
277,하동,2022-04,2종,3825
277,하동,2022-04,3종,5858
277,하동,2022-04,4종,6426
277,하동,2022-04,5종,51816
277,하동,2022-04,6종,9225
278,진교,2022-04,1종,214966
278,진교,2022-04,2종,3689
278,진교,2022-04,3종,7944
278,진교,2022-04,4종,2319
278,진교,2022-04,5종,7754
278,진교,2022-04,6종,9668
279,곤양,2022-04,1종,142611
279,곤양,2022-04,2종,2867
279,곤양,2022-04,3종,4801
279,곤양,2022-04,4종,3886
279,곤양,2022-04,5종,7918
279,곤양,2022-04,6종,5264
280,거창,2022-04,1종,236708
280,거창,2022-04,2종,8300
280,거창,2022-04,3종,15937
280,거창,2022-04,4종,6359
280,거창,2022-04,5종,9800
280,거창,2022-04,6종,9423
281,매송,2022-04,1종,570988
281,매송,2022-04,2종,13767
281,매송,2022-04,3종,14177
281,매송,2022-04,4종,9043
281,매송,2022-04,5종,13313
281,매송,2022-04,6종,29737
282,비봉,2022-04,1종,680324
282,비봉,2022-04,2종,28686
282,비봉,2022-04,3종,28424
282,비봉,2022-04,4종,20611
282,비봉,2022-04,5종,36645
282,비봉,2022-04,6종,34265
283,발안,2022-04,1종,599815
283,발안,2022-04,2종,28593
283,발안,2022-04,3종,25926
283,발안,2022-04,4종,25096
283,발안,2022-04,5종,34838
283,발안,2022-04,6종,33457
284,남양양,2022-04,1종,112720
284,남양양,2022-04,2종,1995
284,남양양,2022-04,3종,1624
284,남양양,2022-04,4종,1229
284,남양양,2022-04,5종,3403
284,남양양,2022-04,6종,3959
285,서평택,2022-04,1종,552588
285,서평택,2022-04,2종,27273
285,서평택,2022-04,3종,48424
285,서평택,2022-04,4종,72047
285,서평택,2022-04,5종,155663
285,서평택,2022-04,6종,30798
286,통도사휴게소,2022-04,1종,159714
286,통도사휴게소,2022-04,2종,2046
286,통도사휴게소,2022-04,3종,1978
286,통도사휴게소,2022-04,4종,15
286,통도사휴게소,2022-04,5종,14
286,통도사휴게소,2022-04,6종,6554
287,송악,2022-04,1종,634110
287,송악,2022-04,2종,14458
287,송악,2022-04,3종,24486
287,송악,2022-04,4종,26321
287,송악,2022-04,5종,162488
287,송악,2022-04,6종,26503
288,당진,2022-04,1종,516816
288,당진,2022-04,2종,11821
288,당진,2022-04,3종,22121
288,당진,2022-04,4종,17121
288,당진,2022-04,5종,56166
288,당진,2022-04,6종,21776
289,마산,2022-04,1종,1221050
289,마산,2022-04,2종,31112
289,마산,2022-04,3종,46717
289,마산,2022-04,4종,20828
289,마산,2022-04,5종,35250
289,마산,2022-04,6종,62542
290,축동,2022-04,1종,56280
290,축동,2022-04,2종,3015
290,축동,2022-04,3종,1739
290,축동,2022-04,4종,5813
290,축동,2022-04,5종,9359
290,축동,2022-04,6종,2840
291,사천,2022-04,1종,764547
291,사천,2022-04,2종,23873
291,사천,2022-04,3종,23227
291,사천,2022-04,4종,18828
291,사천,2022-04,5종,33123
291,사천,2022-04,6종,38132
292,진주,2022-04,1종,708280
292,진주,2022-04,2종,17906
292,진주,2022-04,3종,31352
292,진주,2022-04,4종,12873
292,진주,2022-04,5종,25477
292,진주,2022-04,6종,38674
293,문산,2022-04,1종,320643
293,문산,2022-04,2종,7908
293,문산,2022-04,3종,8697
293,문산,2022-04,4종,5371
293,문산,2022-04,5종,6937
293,문산,2022-04,6종,16869
294,북창원,2022-04,1종,348652
294,북창원,2022-04,2종,9067
294,북창원,2022-04,3종,7574
294,북창원,2022-04,4종,8105
294,북창원,2022-04,5종,12656
294,북창원,2022-04,6종,18590
295,진성,2022-04,1종,205837
295,진성,2022-04,2종,7050
295,진성,2022-04,3종,8761
295,진성,2022-04,4종,7759
295,진성,2022-04,5종,18430
295,진성,2022-04,6종,8137
296,지수,2022-04,1종,62755
296,지수,2022-04,2종,2399
296,지수,2022-04,3종,3122
296,지수,2022-04,4종,2668
296,지수,2022-04,5종,4670
296,지수,2022-04,6종,3645
297,동충주,2022-04,1종,260024
297,동충주,2022-04,2종,7724
297,동충주,2022-04,3종,10893
297,동충주,2022-04,4종,15304
297,동충주,2022-04,5종,37023
297,동충주,2022-04,6종,7911
298,서산,2022-04,1종,851993
298,서산,2022-04,2종,17044
298,서산,2022-04,3종,34388
298,서산,2022-04,4종,33229
298,서산,2022-04,5종,59806
298,서산,2022-04,6종,29439
299,해미,2022-04,1종,167253
299,해미,2022-04,2종,4278
299,해미,2022-04,3종,6495
299,해미,2022-04,4종,5038
299,해미,2022-04,5종,13640
299,해미,2022-04,6종,6114
500,남여주,2022-04,1종,272823
500,남여주,2022-04,2종,6236
500,남여주,2022-04,3종,9101
500,남여주,2022-04,4종,13320
500,남여주,2022-04,5종,19830
500,남여주,2022-04,6종,8661
501,서김제,2022-04,1종,62600
501,서김제,2022-04,2종,1979
501,서김제,2022-04,3종,4019
501,서김제,2022-04,4종,4594
501,서김제,2022-04,5종,3263
501,서김제,2022-04,6종,1315
502,부안,2022-04,1종,143560
502,부안,2022-04,2종,3928
502,부안,2022-04,3종,8781
502,부안,2022-04,4종,5539
502,부안,2022-04,5종,7021
502,부안,2022-04,6종,3348
503,줄포,2022-04,1종,71287
503,줄포,2022-04,2종,1418
503,줄포,2022-04,3종,2029
503,줄포,2022-04,4종,1839
503,줄포,2022-04,5종,2152
503,줄포,2022-04,6종,1505
504,선운산,2022-04,1종,124185
504,선운산,2022-04,2종,2844
504,선운산,2022-04,3종,7111
504,선운산,2022-04,4종,8938
504,선운산,2022-04,5종,9384
504,선운산,2022-04,6종,3068
505,고창,2022-04,1종,122102
505,고창,2022-04,2종,2962
505,고창,2022-04,3종,4164
505,고창,2022-04,4종,2568
505,고창,2022-04,5종,2590
505,고창,2022-04,6종,2918
506,영광,2022-04,1종,116734
506,영광,2022-04,2종,2583
506,영광,2022-04,3종,6222
506,영광,2022-04,4종,5667
506,영광,2022-04,5종,7996
506,영광,2022-04,6종,2543
507,함평,2022-04,1종,68432
507,함평,2022-04,2종,1588
507,함평,2022-04,3종,4399
507,함평,2022-04,4종,5741
507,함평,2022-04,5종,7779
507,함평,2022-04,6종,1760
508,무안,2022-04,1종,220899
508,무안,2022-04,2종,5368
508,무안,2022-04,3종,7649
508,무안,2022-04,4종,8052
508,무안,2022-04,5종,10159
508,무안,2022-04,6종,6822
509,목포,2022-04,1종,889749
509,목포,2022-04,2종,19573
509,목포,2022-04,3종,28284
509,목포,2022-04,4종,34917
509,목포,2022-04,5종,55954
509,목포,2022-04,6종,24394
510,양양,2022-04,1종,244698
510,양양,2022-04,2종,3524
510,양양,2022-04,3종,5600
510,양양,2022-04,4종,2554
510,양양,2022-04,5종,6080
510,양양,2022-04,6종,8185
511,무창포,2022-04,1종,136068
511,무창포,2022-04,2종,2091
511,무창포,2022-04,3종,4082
511,무창포,2022-04,4종,2684
511,무창포,2022-04,5종,7911
511,무창포,2022-04,6종,3377
512,연화산,2022-04,1종,42068
512,연화산,2022-04,2종,1288
512,연화산,2022-04,3종,991
512,연화산,2022-04,4종,1442
512,연화산,2022-04,5종,3103
512,연화산,2022-04,6종,2622
513,고성,2022-04,1종,403370
513,고성,2022-04,2종,9000
513,고성,2022-04,3종,14338
513,고성,2022-04,4종,8018
513,고성,2022-04,5종,17268
513,고성,2022-04,6종,22171
514,동고성,2022-04,1종,110696
514,동고성,2022-04,2종,2695
514,동고성,2022-04,3종,5185
514,동고성,2022-04,4종,4766
514,동고성,2022-04,5종,15479
514,동고성,2022-04,6종,9298
515,북통영,2022-04,1종,201875
515,북통영,2022-04,2종,4059
515,북통영,2022-04,3종,9155
515,북통영,2022-04,4종,1551
515,북통영,2022-04,5종,3148
515,북통영,2022-04,6종,10474
516,통영,2022-04,1종,561076
516,통영,2022-04,2종,11583
516,통영,2022-04,3종,18605
516,통영,2022-04,4종,9660
516,통영,2022-04,5종,21877
516,통영,2022-04,6종,30799
517,양평,2022-04,1종,198963
517,양평,2022-04,2종,4874
517,양평,2022-04,3종,6618
517,양평,2022-04,4종,7532
517,양평,2022-04,5종,12028
517,양평,2022-04,6종,7143
518,칠곡물류,2022-04,1종,186489
518,칠곡물류,2022-04,2종,28832
518,칠곡물류,2022-04,3종,25780
518,칠곡물류,2022-04,4종,44069
518,칠곡물류,2022-04,5종,22449
518,칠곡물류,2022-04,6종,7592
519,남대구,2022-04,1종,1814668
519,남대구,2022-04,2종,47846
519,남대구,2022-04,3종,55850
519,남대구,2022-04,4종,38253
519,남대구,2022-04,5종,62022
519,남대구,2022-04,6종,92264
520,평택,2022-04,1종,994912
520,평택,2022-04,2종,42011
520,평택,2022-04,3종,74538
520,평택,2022-04,4종,60528
520,평택,2022-04,5종,76021
520,평택,2022-04,6종,41799
521,단양,2022-04,1종,87478
521,단양,2022-04,2종,1713
521,단양,2022-04,3종,1176
521,단양,2022-04,4종,1594
521,단양,2022-04,5종,15249
521,단양,2022-04,6종,3041
522,북단양,2022-04,1종,152173
522,북단양,2022-04,2종,2948
522,북단양,2022-04,3종,2326
522,북단양,2022-04,4종,11393
522,북단양,2022-04,5종,81751
522,북단양,2022-04,6종,4870
523,남제천,2022-04,1종,238635
523,남제천,2022-04,2종,4547
523,남제천,2022-04,3종,4812
523,남제천,2022-04,4종,6882
523,남제천,2022-04,5종,43753
523,남제천,2022-04,6종,7240
524,청통와촌,2022-04,1종,314746
524,청통와촌,2022-04,2종,17919
524,청통와촌,2022-04,3종,13638
524,청통와촌,2022-04,4종,9244
524,청통와촌,2022-04,5종,13901
524,청통와촌,2022-04,6종,11511
525,북영천,2022-04,1종,204060
525,북영천,2022-04,2종,5046
525,북영천,2022-04,3종,4706
525,북영천,2022-04,4종,3923
525,북영천,2022-04,5종,8216
525,북영천,2022-04,6종,7080
526,서포항,2022-04,1종,104102
526,서포항,2022-04,2종,2283
526,서포항,2022-04,3종,1947
526,서포항,2022-04,4종,1477
526,서포항,2022-04,5종,3795
526,서포항,2022-04,6종,4794
527,포항,2022-04,1종,829920
527,포항,2022-04,2종,16385
527,포항,2022-04,3종,19464
527,포항,2022-04,4종,14501
527,포항,2022-04,5종,72038
527,포항,2022-04,6종,26944
528,기흥동탄,2022-04,1종,1291584
528,기흥동탄,2022-04,2종,21202
528,기흥동탄,2022-04,3종,107390
528,기흥동탄,2022-04,4종,24401
528,기흥동탄,2022-04,5종,23815
528,기흥동탄,2022-04,6종,62357
529,노포,2022-04,1종,189141
529,노포,2022-04,2종,7192
529,노포,2022-04,3종,20513
529,노포,2022-04,4종,5102
529,노포,2022-04,5종,4262
529,노포,2022-04,6종,10050
530,내장산,2022-04,1종,95352
530,내장산,2022-04,2종,3568
530,내장산,2022-04,3종,4363
530,내장산,2022-04,4종,4554
530,내장산,2022-04,5종,3880
530,내장산,2022-04,6종,2440
531,문의청남대,2022-04,1종,231456
531,문의청남대,2022-04,2종,4551
531,문의청남대,2022-04,3종,7980
531,문의청남대,2022-04,4종,9585
531,문의청남대,2022-04,5종,12016
531,문의청남대,2022-04,6종,7750
532,회인,2022-04,1종,69744
532,회인,2022-04,2종,1130
532,회인,2022-04,3종,978
532,회인,2022-04,4종,933
532,회인,2022-04,5종,1289
532,회인,2022-04,6종,2481
533,보은,2022-04,1종,157170
533,보은,2022-04,2종,4682
533,보은,2022-04,3종,5360
533,보은,2022-04,4종,6168
533,보은,2022-04,5종,6150
533,보은,2022-04,6종,5961
534,속리산,2022-04,1종,74679
534,속리산,2022-04,2종,1719
534,속리산,2022-04,3종,2172
534,속리산,2022-04,4종,2574
534,속리산,2022-04,5종,3625
534,속리산,2022-04,6종,2576
535,화서,2022-04,1종,63373
535,화서,2022-04,2종,1682
535,화서,2022-04,3종,2613
535,화서,2022-04,4종,3049
535,화서,2022-04,5종,6344
535,화서,2022-04,6종,2406
536,남상주,2022-04,1종,138755
536,남상주,2022-04,2종,4308
536,남상주,2022-04,3종,12376
536,남상주,2022-04,4종,9122
536,남상주,2022-04,5종,5903
536,남상주,2022-04,6종,5075
537,남김천,2022-04,1종,97466
537,남김천,2022-04,2종,3694
537,남김천,2022-04,3종,6683
537,남김천,2022-04,4종,7803
537,남김천,2022-04,5종,19240
537,남김천,2022-04,6종,3517
538,성주,2022-04,1종,120475
538,성주,2022-04,2종,5451
538,성주,2022-04,3종,8480
538,성주,2022-04,4종,10464
538,성주,2022-04,5종,13025
538,성주,2022-04,6종,3884
539,남성주,2022-04,1종,81142
539,남성주,2022-04,2종,5525
539,남성주,2022-04,3종,6366
539,남성주,2022-04,4종,6784
539,남성주,2022-04,5종,15335
539,남성주,2022-04,6종,2476
540,청북,2022-04,1종,524280
540,청북,2022-04,2종,37613
540,청북,2022-04,3종,49809
540,청북,2022-04,4종,62274
540,청북,2022-04,5종,67555
540,청북,2022-04,6종,27175
541,송탄,2022-04,1종,522504
541,송탄,2022-04,2종,29487
541,송탄,2022-04,3종,33112
541,송탄,2022-04,4종,40790
541,송탄,2022-04,5종,35993
541,송탄,2022-04,6종,28301
542,서안성,2022-04,1종,703033
542,서안성,2022-04,2종,31962
542,서안성,2022-04,3종,52471
542,서안성,2022-04,4종,76879
542,서안성,2022-04,5종,54975
542,서안성,2022-04,6종,31515
543,남안성,2022-04,1종,730071
543,남안성,2022-04,2종,45341
543,남안성,2022-04,3종,52898
543,남안성,2022-04,4종,66442
543,남안성,2022-04,5종,72862
543,남안성,2022-04,6종,33733
544,완주,2022-04,1종,296191
544,완주,2022-04,2종,8091
544,완주,2022-04,3종,15952
544,완주,2022-04,4종,21683
544,완주,2022-04,5종,52644
544,완주,2022-04,6종,7533
545,소양,2022-04,1종,179688
545,소양,2022-04,2종,3222
545,소양,2022-04,3종,9720
545,소양,2022-04,4종,4924
545,소양,2022-04,5종,7222
545,소양,2022-04,6종,4477
546,진안,2022-04,1종,73415
546,진안,2022-04,2종,1853
546,진안,2022-04,3종,4229
546,진안,2022-04,4종,1823
546,진안,2022-04,5종,2743
546,진안,2022-04,6종,1996
547,무안공항,2022-04,1종,52332
547,무안공항,2022-04,2종,573
547,무안공항,2022-04,3종,619
547,무안공항,2022-04,4종,539
547,무안공항,2022-04,5종,1528
547,무안공항,2022-04,6종,991
548,북무안,2022-04,1종,200775
548,북무안,2022-04,2종,3282
548,북무안,2022-04,3종,5280
548,북무안,2022-04,4종,7544
548,북무안,2022-04,5종,7602
548,북무안,2022-04,6종,4549
549,동함평,2022-04,1종,236684
549,동함평,2022-04,2종,3834
549,동함평,2022-04,3종,4840
549,동함평,2022-04,4종,3183
549,동함평,2022-04,5종,4856
549,동함평,2022-04,6종,7397
550,문평,2022-04,1종,57411
550,문평,2022-04,2종,1014
550,문평,2022-04,3종,1455
550,문평,2022-04,4종,1288
550,문평,2022-04,5종,12341
550,문평,2022-04,6종,1508
551,나주,2022-04,1종,92455
551,나주,2022-04,2종,1921
551,나주,2022-04,3종,2350
551,나주,2022-04,4종,4439
551,나주,2022-04,5종,3824
551,나주,2022-04,6종,3476
552,서광산,2022-04,1종,358764
552,서광산,2022-04,2종,12782
552,서광산,2022-04,3종,12441
552,서광산,2022-04,4종,12567
552,서광산,2022-04,5종,15675
552,서광산,2022-04,6종,11172
553,동광산,2022-04,1종,1310061
553,동광산,2022-04,2종,25150
553,동광산,2022-04,3종,28882
553,동광산,2022-04,4종,27916
553,동광산,2022-04,5종,37041
553,동광산,2022-04,6종,37994
554,동홍천,2022-04,1종,303762
554,동홍천,2022-04,2종,5024
554,동홍천,2022-04,3종,6721
554,동홍천,2022-04,4종,4049
554,동홍천,2022-04,5종,5736
554,동홍천,2022-04,6종,11813
555,북진천,2022-04,1종,365287
555,북진천,2022-04,2종,30431
555,북진천,2022-04,3종,40532
555,북진천,2022-04,4종,47130
555,북진천,2022-04,5종,45508
555,북진천,2022-04,6종,13681
556,동순천,2022-04,1종,385843
556,동순천,2022-04,2종,5463
556,동순천,2022-04,3종,13223
556,동순천,2022-04,4종,16206
556,동순천,2022-04,5종,55651
556,동순천,2022-04,6종,8724
557,황전,2022-04,1종,141949
557,황전,2022-04,2종,1797
557,황전,2022-04,3종,1816
557,황전,2022-04,4종,1865
557,황전,2022-04,5종,5502
557,황전,2022-04,6종,4257
558,구례화엄사,2022-04,1종,218689
558,구례화엄사,2022-04,2종,3289
558,구례화엄사,2022-04,3종,4446
558,구례화엄사,2022-04,4종,4464
558,구례화엄사,2022-04,5종,6559
558,구례화엄사,2022-04,6종,5241
559,서남원,2022-04,1종,91822
559,서남원,2022-04,2종,2770
559,서남원,2022-04,3종,3719
559,서남원,2022-04,4종,4933
559,서남원,2022-04,5종,11371
559,서남원,2022-04,6종,2787
560,감곡,2022-04,1종,311332
560,감곡,2022-04,2종,8459
560,감곡,2022-04,3종,11103
560,감곡,2022-04,4종,15068
560,감곡,2022-04,5종,30968
560,감곡,2022-04,6종,9787
561,북충주,2022-04,1종,221318
561,북충주,2022-04,2종,5103
561,북충주,2022-04,3종,8574
561,북충주,2022-04,4종,5459
561,북충주,2022-04,5종,9221
561,북충주,2022-04,6종,7071
562,충주,2022-04,1종,160989
562,충주,2022-04,2종,4061
562,충주,2022-04,3종,9372
562,충주,2022-04,4종,13217
562,충주,2022-04,5종,12085
562,충주,2022-04,6종,5412
563,괴산,2022-04,1종,66196
563,괴산,2022-04,2종,1450
563,괴산,2022-04,3종,2413
563,괴산,2022-04,4종,3351
563,괴산,2022-04,5종,6490
563,괴산,2022-04,6종,1970
564,연풍,2022-04,1종,72396
564,연풍,2022-04,2종,2875
564,연풍,2022-04,3종,6638
564,연풍,2022-04,4종,10483
564,연풍,2022-04,5종,8650
564,연풍,2022-04,6종,1817
565,문경새재,2022-04,1종,101756
565,문경새재,2022-04,2종,2806
565,문경새재,2022-04,3종,4864
565,문경새재,2022-04,4종,5398
565,문경새재,2022-04,5종,5919
565,문경새재,2022-04,6종,3066
566,점촌함창,2022-04,1종,114586
566,점촌함창,2022-04,2종,2729
566,점촌함창,2022-04,3종,6210
566,점촌함창,2022-04,4종,4463
566,점촌함창,2022-04,5종,5586
566,점촌함창,2022-04,6종,3334
567,남고창,2022-04,1종,164360
567,남고창,2022-04,2종,3743
567,남고창,2022-04,3종,5083
567,남고창,2022-04,4종,2702
567,남고창,2022-04,5종,3930
567,남고창,2022-04,6종,4818
568,장성물류,2022-04,1종,49342
568,장성물류,2022-04,2종,7197
568,장성물류,2022-04,3종,4288
568,장성물류,2022-04,4종,6485
568,장성물류,2022-04,5종,9500
568,장성물류,2022-04,6종,1162
569,북광주,2022-04,1종,499447
569,북광주,2022-04,2종,17027
569,북광주,2022-04,3종,16872
569,북광주,2022-04,4종,27231
569,북광주,2022-04,5종,41359
569,북광주,2022-04,6종,13825
570,북상주,2022-04,1종,127773
570,북상주,2022-04,2종,4772
570,북상주,2022-04,3종,8622
570,북상주,2022-04,4종,14004
570,북상주,2022-04,5종,7799
570,북상주,2022-04,6종,3721
571,면천,2022-04,1종,131764
571,면천,2022-04,2종,2598
571,면천,2022-04,3종,3633
571,면천,2022-04,4종,4506
571,면천,2022-04,5종,9128
571,면천,2022-04,6종,5020
572,고덕,2022-04,1종,165128
572,고덕,2022-04,2종,4427
572,고덕,2022-04,3종,7184
572,고덕,2022-04,4종,6389
572,고덕,2022-04,5종,10333
572,고덕,2022-04,6종,5643
573,예산수덕사,2022-04,1종,391697
573,예산수덕사,2022-04,2종,10261
573,예산수덕사,2022-04,3종,12230
573,예산수덕사,2022-04,4종,17027
573,예산수덕사,2022-04,5종,22140
573,예산수덕사,2022-04,6종,12623
574,신양,2022-04,1종,86752
574,신양,2022-04,2종,1889
574,신양,2022-04,3종,2408
574,신양,2022-04,4종,2448
574,신양,2022-04,5종,3839
574,신양,2022-04,6종,2697
575,유구,2022-04,1종,131776
575,유구,2022-04,2종,2747
575,유구,2022-04,3종,2860
575,유구,2022-04,4종,3255
575,유구,2022-04,5종,4013
575,유구,2022-04,6종,4004
576,마곡사,2022-04,1종,69644
576,마곡사,2022-04,2종,1423
576,마곡사,2022-04,3종,1590
576,마곡사,2022-04,4종,1550
576,마곡사,2022-04,5종,1939
576,마곡사,2022-04,6종,2344
577,공주,2022-04,1종,200867
577,공주,2022-04,2종,4996
577,공주,2022-04,3종,8267
577,공주,2022-04,4종,3793
577,공주,2022-04,5종,4830
577,공주,2022-04,6종,7314
578,서세종,2022-04,1종,337867
578,서세종,2022-04,2종,10022
578,서세종,2022-04,3종,8761
578,서세종,2022-04,4종,7414
578,서세종,2022-04,5종,10691
578,서세종,2022-04,6종,12212
579,남세종,2022-04,1종,551220
579,남세종,2022-04,2종,8895
579,남세종,2022-04,3종,9042
579,남세종,2022-04,4종,8278
579,남세종,2022-04,5종,11715
579,남세종,2022-04,6종,24115
580,북강릉,2022-04,1종,334867
580,북강릉,2022-04,2종,7103
580,북강릉,2022-04,3종,6271
580,북강릉,2022-04,4종,3390
580,북강릉,2022-04,5종,8474
580,북강릉,2022-04,6종,12902
581,옥계,2022-04,1종,84343
581,옥계,2022-04,2종,1682
581,옥계,2022-04,3종,1043
581,옥계,2022-04,4종,2177
581,옥계,2022-04,5종,17405
581,옥계,2022-04,6종,4701
582,망상,2022-04,1종,143123
582,망상,2022-04,2종,2948
582,망상,2022-04,3종,6338
582,망상,2022-04,4종,1037
582,망상,2022-04,5종,3218
582,망상,2022-04,6종,7518
583,동해,2022-04,1종,316544
583,동해,2022-04,2종,6467
583,동해,2022-04,3종,10828
583,동해,2022-04,4종,5124
583,동해,2022-04,5종,29291
583,동해,2022-04,6종,17059
584,남강릉,2022-04,1종,157899
584,남강릉,2022-04,2종,5267
584,남강릉,2022-04,3종,3852
584,남강릉,2022-04,4종,2691
584,남강릉,2022-04,5종,7261
584,남강릉,2022-04,6종,8076
585,하조대,2022-04,1종,154659
585,하조대,2022-04,2종,2795
585,하조대,2022-04,3종,3218
585,하조대,2022-04,4종,1055
585,하조대,2022-04,5종,2236
585,하조대,2022-04,6종,5695
586,북남원,2022-04,1종,65634
586,북남원,2022-04,2종,1952
586,북남원,2022-04,3종,1561
586,북남원,2022-04,4종,2020
586,북남원,2022-04,5종,3563
586,북남원,2022-04,6종,1586
587,오수,2022-04,1종,189884
587,오수,2022-04,2종,3707
587,오수,2022-04,3종,6879
587,오수,2022-04,4종,6948
587,오수,2022-04,5종,14716
587,오수,2022-04,6종,4852
588,임실,2022-04,1종,66973
588,임실,2022-04,2종,1861
588,임실,2022-04,3종,2863
588,임실,2022-04,4종,1818
588,임실,2022-04,5종,5021
588,임실,2022-04,6종,1873
589,상관,2022-04,1종,225403
589,상관,2022-04,2종,3633
589,상관,2022-04,3종,10113
589,상관,2022-04,4종,6320
589,상관,2022-04,5종,27310
589,상관,2022-04,6종,5082
590,동전주,2022-04,1종,246490
590,동전주,2022-04,2종,3956
590,동전주,2022-04,3종,3208
590,동전주,2022-04,4종,2612
590,동전주,2022-04,5종,5661
590,동전주,2022-04,6종,7680
591,동서천,2022-04,1종,80636
591,동서천,2022-04,2종,1627
591,동서천,2022-04,3종,3005
591,동서천,2022-04,4종,5082
591,동서천,2022-04,5종,18585
591,동서천,2022-04,6종,2413
592,서부여,2022-04,1종,86868
592,서부여,2022-04,2종,1815
592,서부여,2022-04,3종,2710
592,서부여,2022-04,4종,2098
592,서부여,2022-04,5종,3123
592,서부여,2022-04,6종,2986
593,부여,2022-04,1종,115343
593,부여,2022-04,2종,1816
593,부여,2022-04,3종,3492
593,부여,2022-04,4종,3513
593,부여,2022-04,5종,4610
593,부여,2022-04,6종,3324
594,칠갑산,2022-04,1종,42575
594,칠갑산,2022-04,2종,822
594,칠갑산,2022-04,3종,1698
594,칠갑산,2022-04,4종,1498
594,칠갑산,2022-04,5종,1139
594,칠갑산,2022-04,6종,1301
595,서공주,2022-04,1종,161835
595,서공주,2022-04,2종,4323
595,서공주,2022-04,3종,4603
595,서공주,2022-04,4종,5338
595,서공주,2022-04,5종,8412
595,서공주,2022-04,6종,4809
596,가락2,2022-04,1종,30969
596,가락2,2022-04,2종,1846
596,가락2,2022-04,3종,2728
596,가락2,2022-04,4종,4592
596,가락2,2022-04,5종,8728
596,가락2,2022-04,6종,1462
597,서여주,2022-04,1종,200768
597,서여주,2022-04,2종,7080
597,서여주,2022-04,3종,13552
597,서여주,2022-04,4종,12318
597,서여주,2022-04,5종,14030
597,서여주,2022-04,6종,8306
598,북여주,2022-04,1종,263379
598,북여주,2022-04,2종,6817
598,북여주,2022-04,3종,11642
598,북여주,2022-04,4종,7615
598,북여주,2022-04,5종,9129
598,북여주,2022-04,6종,9492
599,양촌,2022-04,1종,69162
599,양촌,2022-04,2종,1322
599,양촌,2022-04,3종,236
599,양촌,2022-04,4종,13
599,양촌,2022-04,5종,20
599,양촌,2022-04,6종,2209
601,남천안,2022-04,1종,294031
601,남천안,2022-04,2종,11023
601,남천안,2022-04,3종,14498
601,남천안,2022-04,4종,17971
601,남천안,2022-04,5종,20214
601,남천안,2022-04,6종,10800
602,풍세상,2022-04,1종,1844744
602,풍세상,2022-04,2종,39158
602,풍세상,2022-04,3종,94960
602,풍세상,2022-04,4종,92450
602,풍세상,2022-04,5종,137556
602,풍세상,2022-04,6종,42666
603,정안,2022-04,1종,379725
603,정안,2022-04,2종,7808
603,정안,2022-04,3종,17414
603,정안,2022-04,4종,10678
603,정안,2022-04,5종,14194
603,정안,2022-04,6종,12296
604,남공주,2022-04,1종,97046
604,남공주,2022-04,2종,3910
604,남공주,2022-04,3종,4276
604,남공주,2022-04,4종,3884
604,남공주,2022-04,5종,8736
604,남공주,2022-04,6종,3157
605,탄천,2022-04,1종,35169
605,탄천,2022-04,2종,1999
605,탄천,2022-04,3종,1874
605,탄천,2022-04,4종,3186
605,탄천,2022-04,5종,5842
605,탄천,2022-04,6종,1470
606,서논산,2022-04,1종,163761
606,서논산,2022-04,2종,6331
606,서논산,2022-04,3종,9735
606,서논산,2022-04,4종,12015
606,서논산,2022-04,5종,13721
606,서논산,2022-04,6종,5416
607,연무,2022-04,1종,173578
607,연무,2022-04,2종,6102
607,연무,2022-04,3종,11158
607,연무,2022-04,4종,12037
607,연무,2022-04,5종,10867
607,연무,2022-04,6종,5041
608,남논산하,2022-04,1종,1129364
608,남논산하,2022-04,2종,19014
608,남논산하,2022-04,3종,54106
608,남논산하,2022-04,4종,44970
608,남논산하,2022-04,5종,85656
608,남논산하,2022-04,6종,20812
612,풍세하,2022-04,1종,1752994
612,풍세하,2022-04,2종,35250
612,풍세하,2022-04,3종,89692
612,풍세하,2022-04,4종,69582
612,풍세하,2022-04,5종,105518
612,풍세하,2022-04,6종,39826
613,남풍세,2022-04,1종,673346
613,남풍세,2022-04,2종,24078
613,남풍세,2022-04,3종,45670
613,남풍세,2022-04,4종,65451
613,남풍세,2022-04,5종,103582
613,남풍세,2022-04,6종,21641
618,남논산상,2022-04,1종,1093872
618,남논산상,2022-04,2종,19112
618,남논산상,2022-04,3종,54550
618,남논산상,2022-04,4종,47828
618,남논산상,2022-04,5종,93162
618,남논산상,2022-04,6종,20146
621,동대구,2022-04,1종,903948
621,동대구,2022-04,2종,22273
621,동대구,2022-04,3종,29105
621,동대구,2022-04,4종,21566
621,동대구,2022-04,5종,22303
621,동대구,2022-04,6종,38400
622,대구,2022-04,1종,1452094
622,대구,2022-04,2종,39326
622,대구,2022-04,3종,33468
622,대구,2022-04,4종,52840
622,대구,2022-04,5종,118328
622,대구,2022-04,6종,43220
623,수성,2022-04,1종,994085
623,수성,2022-04,2종,19103
623,수성,2022-04,3종,13613
623,수성,2022-04,4종,10075
623,수성,2022-04,5종,15960
623,수성,2022-04,6종,39615
624,청도,2022-04,1종,326683
624,청도,2022-04,2종,8779
624,청도,2022-04,3종,9276
624,청도,2022-04,4종,8876
624,청도,2022-04,5종,10253
624,청도,2022-04,6종,12295
625,밀양,2022-04,1종,404874
625,밀양,2022-04,2종,11294
625,밀양,2022-04,3종,10621
625,밀양,2022-04,4종,10386
625,밀양,2022-04,5종,14922
625,밀양,2022-04,6종,15232
626,남밀양,2022-04,1종,475565
626,남밀양,2022-04,2종,17026
626,남밀양,2022-04,3종,16803
626,남밀양,2022-04,4종,15781
626,남밀양,2022-04,5종,29488
626,남밀양,2022-04,6종,22828
627,삼랑진,2022-04,1종,283378
627,삼랑진,2022-04,2종,9138
627,삼랑진,2022-04,3종,9579
627,삼랑진,2022-04,4종,8252
627,삼랑진,2022-04,5종,21042
627,삼랑진,2022-04,6종,14758
628,상동,2022-04,1종,148807
628,상동,2022-04,2종,19862
628,상동,2022-04,3종,14002
628,상동,2022-04,4종,17898
628,상동,2022-04,5종,14955
628,상동,2022-04,6종,7704
629,김해부산,2022-04,1종,1271146
629,김해부산,2022-04,2종,43568
629,김해부산,2022-04,3종,32520
629,김해부산,2022-04,4종,48122
629,김해부산,2022-04,5종,108064
629,김해부산,2022-04,6종,40652
641,울산,2022-04,1종,1109161
641,울산,2022-04,2종,27747
641,울산,2022-04,3종,42370
641,울산,2022-04,4종,27279
641,울산,2022-04,5종,60879
641,울산,2022-04,6종,52568
642,문수,2022-04,1종,279307
642,문수,2022-04,2종,7072
642,문수,2022-04,3종,12825
642,문수,2022-04,4종,12150
642,문수,2022-04,5종,16215
642,문수,2022-04,6종,14957
643,청량,2022-04,1종,812719
643,청량,2022-04,2종,17237
643,청량,2022-04,3종,30294
643,청량,2022-04,4종,47415
643,청량,2022-04,5종,195942
643,청량,2022-04,6종,43567
644,온양,2022-04,1종,185742
644,온양,2022-04,2종,4945
644,온양,2022-04,3종,4549
644,온양,2022-04,4종,4030
644,온양,2022-04,5종,12390
644,온양,2022-04,6종,11283
645,장안,2022-04,1종,388002
645,장안,2022-04,2종,7160
645,장안,2022-04,3종,10857
645,장안,2022-04,4종,11060
645,장안,2022-04,5종,20740
645,장안,2022-04,6종,20311
646,기장일광,2022-04,1종,575746
646,기장일광,2022-04,2종,5265
646,기장일광,2022-04,3종,7051
646,기장일광,2022-04,4종,8190
646,기장일광,2022-04,5종,31418
646,기장일광,2022-04,6종,29817
647,해운대송정,2022-04,1종,261681
647,해운대송정,2022-04,2종,2536
647,해운대송정,2022-04,3종,2015
647,해운대송정,2022-04,4종,2051
647,해운대송정,2022-04,5종,1772
647,해운대송정,2022-04,6종,14051
648,해운대,2022-04,1종,1313315
648,해운대,2022-04,2종,10834
648,해운대,2022-04,3종,13308
648,해운대,2022-04,4종,10933
648,해운대,2022-04,5종,53814
648,해운대,2022-04,6종,65128
651,남양주,2022-04,1종,2428253
651,남양주,2022-04,2종,42508
651,남양주,2022-04,3종,53097
651,남양주,2022-04,4종,30634
651,남양주,2022-04,5종,25595
651,남양주,2022-04,6종,108043
652,화도,2022-04,1종,1434588
652,화도,2022-04,2종,35886
652,화도,2022-04,3종,31736
652,화도,2022-04,4종,27132
652,화도,2022-04,5종,20441
652,화도,2022-04,6종,82894
653,서종,2022-04,1종,298030
653,서종,2022-04,2종,2949
653,서종,2022-04,3종,1560
653,서종,2022-04,4종,1789
653,서종,2022-04,5종,3289
653,서종,2022-04,6종,13844
654,설악,2022-04,1종,446130
654,설악,2022-04,2종,4388
654,설악,2022-04,3종,5563
654,설악,2022-04,4종,2158
654,설악,2022-04,5종,3853
654,설악,2022-04,6종,17865
655,강촌,2022-04,1종,259480
655,강촌,2022-04,2종,3524
655,강촌,2022-04,3종,6836
655,강촌,2022-04,4종,2530
655,강촌,2022-04,5종,3506
655,강촌,2022-04,6종,8435
656,남춘천,2022-04,1종,260113
656,남춘천,2022-04,2종,3152
656,남춘천,2022-04,3종,3550
656,남춘천,2022-04,4종,2704
656,남춘천,2022-04,5종,6439
656,남춘천,2022-04,6종,8036
657,동산,2022-04,1종,1152238
657,동산,2022-04,2종,19252
657,동산,2022-04,3종,28672
657,동산,2022-04,4종,8218
657,동산,2022-04,5종,19920
657,동산,2022-04,6종,43274
658,조양,2022-04,1종,34747
658,조양,2022-04,2종,605
658,조양,2022-04,3종,1128
658,조양,2022-04,4종,819
658,조양,2022-04,5종,1810
658,조양,2022-04,6종,1353
671,봉담,2022-04,1종,1424798
671,봉담,2022-04,2종,40934
671,봉담,2022-04,3종,37137
671,봉담,2022-04,4종,27235
671,봉담,2022-04,5종,42078
671,봉담,2022-04,6종,83648
672,정남,2022-04,1종,431569
672,정남,2022-04,2종,21714
672,정남,2022-04,3종,11642
672,정남,2022-04,4종,14133
672,정남,2022-04,5종,16777
672,정남,2022-04,6종,25935
673,북오산,2022-04,1종,1236217
673,북오산,2022-04,2종,28679
673,북오산,2022-04,3종,37711
673,북오산,2022-04,4종,21273
673,북오산,2022-04,5종,14654
673,북오산,2022-04,6종,74619
675,서오산,2022-04,1종,1243049
675,서오산,2022-04,2종,26385
675,서오산,2022-04,3종,29074
675,서오산,2022-04,4종,18789
675,서오산,2022-04,5종,26661
675,서오산,2022-04,6종,68116
676,향남,2022-04,1종,509977
676,향남,2022-04,2종,29152
676,향남,2022-04,3종,20973
676,향남,2022-04,4종,20991
676,향남,2022-04,5종,20189
676,향남,2022-04,6종,31062
677,북평택,2022-04,1종,2254748
677,북평택,2022-04,2종,53442
677,북평택,2022-04,3종,78926
677,북평택,2022-04,4종,56065
677,북평택,2022-04,5종,61140
677,북평택,2022-04,6종,109300
681,장안본선,2022-04,1종,1164510
681,장안본선,2022-04,2종,68306
681,장안본선,2022-04,3종,163698
681,장안본선,2022-04,4종,88804
681,장안본선,2022-04,5종,210482
681,장안본선,2022-04,6종,47226
682,조암,2022-04,1종,345057
682,조암,2022-04,2종,33877
682,조암,2022-04,3종,38734
682,조암,2022-04,4종,35953
682,조암,2022-04,5종,45040
682,조암,2022-04,6종,15612
683,송산마도,2022-04,1종,802105
683,송산마도,2022-04,2종,41298
683,송산마도,2022-04,3종,36802
683,송산마도,2022-04,4종,38663
683,송산마도,2022-04,5종,86889
683,송산마도,2022-04,6종,38712
684,남안산,2022-04,1종,756822
684,남안산,2022-04,2종,65637
684,남안산,2022-04,3종,62618
684,남안산,2022-04,4종,71082
684,남안산,2022-04,5종,88279
684,남안산,2022-04,6종,39749
685,서시흥,2022-04,1종,1447710
685,서시흥,2022-04,2종,69059
685,서시흥,2022-04,3종,84620
685,서시흥,2022-04,4종,97244
685,서시흥,2022-04,5종,216594
685,서시흥,2022-04,6종,68071
701,북양양,2022-04,1종,218586
701,북양양,2022-04,2종,3495
701,북양양,2022-04,3종,3783
701,북양양,2022-04,4종,1283
701,북양양,2022-04,5종,2524
701,북양양,2022-04,6종,8219
702,속초,2022-04,1종,309168
702,속초,2022-04,2종,6101
702,속초,2022-04,3종,6200
702,속초,2022-04,4종,3467
702,속초,2022-04,5종,6888
702,속초,2022-04,6종,9560
703,삼척,2022-04,1종,162158
703,삼척,2022-04,2종,3296
703,삼척,2022-04,3종,5320
703,삼척,2022-04,4종,2331
703,삼척,2022-04,5종,5958
703,삼척,2022-04,6종,7991
704,근덕,2022-04,1종,175055
704,근덕,2022-04,2종,3140
704,근덕,2022-04,3종,3969
704,근덕,2022-04,4종,2748
704,근덕,2022-04,5종,13560
704,근덕,2022-04,6종,6388
705,남이천,2022-04,1종,317051
705,남이천,2022-04,2종,16876
705,남이천,2022-04,3종,16173
705,남이천,2022-04,4종,28346
705,남이천,2022-04,5종,23837
705,남이천,2022-04,6종,10845
706,남경주,2022-04,1종,335048
706,남경주,2022-04,2종,4567
706,남경주,2022-04,3종,9389
706,남경주,2022-04,4종,6404
706,남경주,2022-04,5종,17743
706,남경주,2022-04,6종,14563
707,남포항,2022-04,1종,453275
707,남포항,2022-04,2종,7040
707,남포항,2022-04,3종,12120
707,남포항,2022-04,4종,10696
707,남포항,2022-04,5종,89341
707,남포항,2022-04,6종,17278
708,동경주,2022-04,1종,161449
708,동경주,2022-04,2종,2190
708,동경주,2022-04,3종,1775
708,동경주,2022-04,4종,1774
708,동경주,2022-04,5종,14297
708,동경주,2022-04,6종,6713
710,밀양출구JC,2022-04,1종,96526
710,밀양출구JC,2022-04,2종,4374
710,밀양출구JC,2022-04,3종,8719
710,밀양출구JC,2022-04,4종,4215
710,밀양출구JC,2022-04,5종,9597
710,밀양출구JC,2022-04,6종,3586
711,불갑산(목포),2022-04,1종,15133
711,불갑산(목포),2022-04,2종,173
711,불갑산(목포),2022-04,3종,202
711,불갑산(목포),2022-04,4종,29
711,불갑산(목포),2022-04,5종,83
711,불갑산(목포),2022-04,6종,339
712,동상주,2022-04,1종,76585
712,동상주,2022-04,2종,2375
712,동상주,2022-04,3종,4115
712,동상주,2022-04,4종,3946
712,동상주,2022-04,5종,3780
712,동상주,2022-04,6종,2237
713,서의성,2022-04,1종,57417
713,서의성,2022-04,2종,1726
713,서의성,2022-04,3종,3137
713,서의성,2022-04,4종,3311
713,서의성,2022-04,5종,3582
713,서의성,2022-04,6종,2178
714,북의성,2022-04,1종,49422
714,북의성,2022-04,2종,1480
714,북의성,2022-04,3종,1700
714,북의성,2022-04,4종,1181
714,북의성,2022-04,5종,2651
714,북의성,2022-04,6종,1667
715,동안동,2022-04,1종,124422
715,동안동,2022-04,2종,2103
715,동안동,2022-04,3종,2382
715,동안동,2022-04,4종,1462
715,동안동,2022-04,5종,4129
715,동안동,2022-04,6종,4402
716,청송,2022-04,1종,145541
716,청송,2022-04,2종,2902
716,청송,2022-04,3종,2324
716,청송,2022-04,4종,2071
716,청송,2022-04,5종,3132
716,청송,2022-04,6종,5052
720,밀양입구JC,2022-04,1종,95935
720,밀양입구JC,2022-04,2종,3735
720,밀양입구JC,2022-04,3종,9679
720,밀양입구JC,2022-04,4종,3619
720,밀양입구JC,2022-04,5종,9762
720,밀양입구JC,2022-04,6종,3779
722,활천,2022-04,1종,92961
722,활천,2022-04,2종,6612
722,활천,2022-04,3종,10169
722,활천,2022-04,4종,10708
722,활천,2022-04,5종,16219
722,활천,2022-04,6종,3393
723,북구미,2022-04,1종,215815
723,북구미,2022-04,2종,3507
723,북구미,2022-04,3종,1347
723,북구미,2022-04,4종,268
723,북구미,2022-04,5종,679
723,북구미,2022-04,6종,9079
724,서함양,2022-04,1종,13304
724,서함양,2022-04,2종,144
724,서함양,2022-04,3종,66
724,서함양,2022-04,4종,15
724,서함양,2022-04,5종,62
724,서함양,2022-04,6종,332
725,임고,2022-04,1종,39428
725,임고,2022-04,2종,327
725,임고,2022-04,3종,72
725,임고,2022-04,4종,56
725,임고,2022-04,5종,100
725,임고,2022-04,6종,858
729,신둔,2022-04,1종,37287
729,신둔,2022-04,2종,3795
729,신둔,2022-04,3종,638
729,신둔,2022-04,4종,0
729,신둔,2022-04,5종,0
729,신둔,2022-04,6종,2139
730,유천,2022-04,1종,433836
730,유천,2022-04,2종,8780
730,유천,2022-04,3종,2088
730,유천,2022-04,4종,286
730,유천,2022-04,5종,1055
730,유천,2022-04,6종,22144
731,북현풍,2022-04,1종,155803
731,북현풍,2022-04,2종,2511
731,북현풍,2022-04,3종,811
731,북현풍,2022-04,4종,8
731,북현풍,2022-04,5종,1224
731,북현풍,2022-04,6종,8743
732,행담도,2022-04,1종,29428
732,행담도,2022-04,2종,502
732,행담도,2022-04,3종,188
732,행담도,2022-04,4종,202
732,행담도,2022-04,5종,75
732,행담도,2022-04,6종,1347
733,옥산,2022-04,1종,150158
733,옥산,2022-04,2종,5254
733,옥산,2022-04,3종,1292
733,옥산,2022-04,4종,98
733,옥산,2022-04,5종,61
733,옥산,2022-04,6종,5395
734,동둔내,2022-04,1종,3651
734,동둔내,2022-04,2종,30
734,동둔내,2022-04,3종,4
734,동둔내,2022-04,4종,1
734,동둔내,2022-04,5종,0
734,동둔내,2022-04,6종,87
735,남양평,2022-04,1종,128656
735,남양평,2022-04,2종,2449
735,남양평,2022-04,3종,545
735,남양평,2022-04,4종,85
735,남양평,2022-04,5종,69
735,남양평,2022-04,6종,5408
736,삼성,2022-04,1종,120084
736,삼성,2022-04,2종,8585
736,삼성,2022-04,3종,538
736,삼성,2022-04,4종,72
736,삼성,2022-04,5종,56
736,삼성,2022-04,6종,4004
741,평택고덕,2022-04,1종,502749
741,평택고덕,2022-04,2종,10472
741,평택고덕,2022-04,3종,44439
741,평택고덕,2022-04,4종,16485
741,평택고덕,2022-04,5종,24439
741,평택고덕,2022-04,6종,30331
746,기장일광입구,2022-04,1종,201076
746,기장일광입구,2022-04,2종,3335
746,기장일광입구,2022-04,3종,314
746,기장일광입구,2022-04,4종,53
746,기장일광입구,2022-04,5종,168
746,기장일광입구,2022-04,6종,11305
747,척과구룡,2022-04,1종,85243
747,척과구룡,2022-04,2종,5746
747,척과구룡,2022-04,3종,10117
747,척과구룡,2022-04,4종,6411
747,척과구룡,2022-04,5종,11513
747,척과구룡,2022-04,6종,3474
748,동청송영양,2022-04,1종,77735
748,동청송영양,2022-04,2종,1286
748,동청송영양,2022-04,3종,1339
748,동청송영양,2022-04,4종,777
748,동청송영양,2022-04,5종,1981
748,동청송영양,2022-04,6종,2169
749,영덕,2022-04,1종,220424
749,영덕,2022-04,2종,2691
749,영덕,2022-04,3종,4060
749,영덕,2022-04,4종,2439
749,영덕,2022-04,5종,7970
749,영덕,2022-04,6종,5647
750,기장동JC,2022-04,1종,366953
750,기장동JC,2022-04,2종,9559
750,기장동JC,2022-04,3종,16864
750,기장동JC,2022-04,4종,5551
750,기장동JC,2022-04,5종,39967
750,기장동JC,2022-04,6종,21575
751,기장일광(KEC),2022-04,1종,298515
751,기장일광(KEC),2022-04,2종,4515
751,기장일광(KEC),2022-04,3종,4032
751,기장일광(KEC),2022-04,4종,4149
751,기장일광(KEC),2022-04,5종,15464
751,기장일광(KEC),2022-04,6종,18626
752,기장철마,2022-04,1종,645342
752,기장철마,2022-04,2종,13688
752,기장철마,2022-04,3종,11005
752,기장철마,2022-04,4종,9948
752,기장철마,2022-04,5종,30645
752,기장철마,2022-04,6종,40374
753,금정,2022-04,1종,301028
753,금정,2022-04,2종,10006
753,금정,2022-04,3종,10167
753,금정,2022-04,4종,8617
753,금정,2022-04,5종,14606
753,금정,2022-04,6종,16612
754,김해가야휴게소,2022-04,1종,76871
754,김해가야휴게소,2022-04,2종,1832
754,김해가야휴게소,2022-04,3종,24
754,김해가야휴게소,2022-04,4종,4
754,김해가야휴게소,2022-04,5종,1
754,김해가야휴게소,2022-04,6종,3568
755,광재,2022-04,1종,445177
755,광재,2022-04,2종,19005
755,광재,2022-04,3종,19656
755,광재,2022-04,4종,18686
755,광재,2022-04,5종,39547
755,광재,2022-04,6종,23933
756,한림,2022-04,1종,124057
756,한림,2022-04,2종,8483
756,한림,2022-04,3종,8954
756,한림,2022-04,4종,7229
756,한림,2022-04,5종,16988
756,한림,2022-04,6종,5510
757,진영,2022-04,1종,260889
757,진영,2022-04,2종,13956
757,진영,2022-04,3종,17220
757,진영,2022-04,4종,18974
757,진영,2022-04,5종,30128
757,진영,2022-04,6종,13939
758,진영휴게소,2022-04,1종,377
758,진영휴게소,2022-04,2종,2
758,진영휴게소,2022-04,3종,2
758,진영휴게소,2022-04,4종,0
758,진영휴게소,2022-04,5종,25
758,진영휴게소,2022-04,6종,21
760,기장서JC,2022-04,1종,653973
760,기장서JC,2022-04,2종,17347
760,기장서JC,2022-04,3종,22217
760,기장서JC,2022-04,4종,7623
760,기장서JC,2022-04,5종,58907
760,기장서JC,2022-04,6종,38796
762,중앙탑,2022-04,1종,47114
762,중앙탑,2022-04,2종,904
762,중앙탑,2022-04,3종,32
762,중앙탑,2022-04,4종,9
762,중앙탑,2022-04,5종,5
762,중앙탑,2022-04,6종,2356
765,내촌,2022-04,1종,38924
765,내촌,2022-04,2종,1019
765,내촌,2022-04,3종,508
765,내촌,2022-04,4종,551
765,내촌,2022-04,5종,759
765,내촌,2022-04,6종,1747
766,인제,2022-04,1종,80538
766,인제,2022-04,2종,1788
766,인제,2022-04,3종,1002
766,인제,2022-04,4종,613
766,인제,2022-04,5종,1412
766,인제,2022-04,6종,3708
767,구병산,2022-04,1종,4339
767,구병산,2022-04,2종,49
767,구병산,2022-04,3종,19
767,구병산,2022-04,4종,3
767,구병산,2022-04,5종,0
767,구병산,2022-04,6종,365
768,서양양,2022-04,1종,8104
768,서양양,2022-04,2종,139
768,서양양,2022-04,3종,95
768,서양양,2022-04,4종,61
768,서양양,2022-04,5종,72
768,서양양,2022-04,6종,172
770,울주동JC,2022-04,1종,180379
770,울주동JC,2022-04,2종,6731
770,울주동JC,2022-04,3종,19247
770,울주동JC,2022-04,4종,6484
770,울주동JC,2022-04,5종,27365
770,울주동JC,2022-04,6종,8633
771,배내골,2022-04,1종,39995
771,배내골,2022-04,2종,327
771,배내골,2022-04,3종,245
771,배내골,2022-04,4종,158
771,배내골,2022-04,5종,267
771,배내골,2022-04,6종,1777
772,북달성,2022-04,1종,325420
772,북달성,2022-04,2종,8862
772,북달성,2022-04,3종,11404
772,북달성,2022-04,4종,11469
772,북달성,2022-04,5종,8824
772,북달성,2022-04,6종,13959
773,북다사,2022-04,1종,158920
773,북다사,2022-04,2종,3830
773,북다사,2022-04,3종,3842
773,북다사,2022-04,4종,3905
773,북다사,2022-04,5종,4258
773,북다사,2022-04,6종,7838
774,남칠곡,2022-04,1종,297514
774,남칠곡,2022-04,2종,5877
774,남칠곡,2022-04,3종,5923
774,남칠곡,2022-04,4종,4220
774,남칠곡,2022-04,5종,5202
774,남칠곡,2022-04,6종,13032
775,동명동호,2022-04,1종,275797
775,동명동호,2022-04,2종,5380
775,동명동호,2022-04,3종,4003
775,동명동호,2022-04,4종,3699
775,동명동호,2022-04,5종,15533
775,동명동호,2022-04,6종,9419
776,연경,2022-04,1종,543683
776,연경,2022-04,2종,10111
776,연경,2022-04,3종,7340
776,연경,2022-04,4종,6021
776,연경,2022-04,5종,12175
776,연경,2022-04,6종,27453
777,파군재,2022-04,1종,307322
777,파군재,2022-04,2종,2861
777,파군재,2022-04,3종,2050
777,파군재,2022-04,4종,1289
777,파군재,2022-04,5종,1607
777,파군재,2022-04,6종,17253
778,둔산,2022-04,1종,46882
778,둔산,2022-04,2종,1684
778,둔산,2022-04,3종,817
778,둔산,2022-04,4종,939
778,둔산,2022-04,5종,513
778,둔산,2022-04,6종,2341
779,율암,2022-04,1종,440697
779,율암,2022-04,2종,5421
779,율암,2022-04,3종,4163
779,율암,2022-04,4종,4535
779,율암,2022-04,5종,8610
779,율암,2022-04,6종,25974
780,울주서JC,2022-04,1종,183745
780,울주서JC,2022-04,2종,6803
780,울주서JC,2022-04,3종,16093
780,울주서JC,2022-04,4종,6415
780,울주서JC,2022-04,5종,27688
780,울주서JC,2022-04,6종,9100
876,양감,2022-04,1종,303324
876,양감,2022-04,2종,14976
876,양감,2022-04,3종,15306
876,양감,2022-04,4종,17356
876,양감,2022-04,5종,16185
876,양감,2022-04,6종,19663
981,서영암,2022-04,1종,306317
981,서영암,2022-04,2종,4611
981,서영암,2022-04,3종,9588
981,서영암,2022-04,4종,8129
981,서영암,2022-04,5종,21548
981,서영암,2022-04,6종,8419
982,강진무위사,2022-04,1종,200579
982,강진무위사,2022-04,2종,3106
982,강진무위사,2022-04,3종,6630
982,강진무위사,2022-04,4종,4667
982,강진무위사,2022-04,5종,8871
982,강진무위사,2022-04,6종,5216
983,장흥,2022-04,1종,112321
983,장흥,2022-04,2종,1782
983,장흥,2022-04,3종,2065
983,장흥,2022-04,4종,1116
983,장흥,2022-04,5종,2256
983,장흥,2022-04,6종,2909
984,보성,2022-04,1종,237181
984,보성,2022-04,2종,5468
984,보성,2022-04,3종,6373
984,보성,2022-04,4종,6138
984,보성,2022-04,5종,18396
984,보성,2022-04,6종,5509
985,벌교,2022-04,1종,165559
985,벌교,2022-04,2종,4145
985,벌교,2022-04,3종,4310
985,벌교,2022-04,4종,3309
985,벌교,2022-04,5종,5930
985,벌교,2022-04,6종,3809
986,고흥,2022-04,1종,245621
986,고흥,2022-04,2종,3738
986,고흥,2022-04,3종,5569
986,고흥,2022-04,4종,6278
986,고흥,2022-04,5종,13513
986,고흥,2022-04,6종,7043
987,남순천,2022-04,1종,615216
987,남순천,2022-04,2종,9635
987,남순천,2022-04,3종,16636
987,남순천,2022-04,4종,17169
987,남순천,2022-04,5종,51846
987,남순천,2022-04,6종,15451
11,인천,2022-05,1종,4502887
11,인천,2022-05,2종,105834
11,인천,2022-05,3종,64399
11,인천,2022-05,4종,72000
11,인천,2022-05,5종,140033
11,인천,2022-05,6종,319826
12,서영암(개),2022-05,1종,76494
12,서영암(개),2022-05,2종,951
12,서영암(개),2022-05,3종,1225
12,서영암(개),2022-05,4종,1031
12,서영암(개),2022-05,5종,2569
12,서영암(개),2022-05,6종,2731
13,순천만,2022-05,1종,200334
13,순천만,2022-05,2종,4732
13,순천만,2022-05,3종,5654
13,순천만,2022-05,4종,4170
13,순천만,2022-05,5종,12569
13,순천만,2022-05,6종,7568
25,동부산,2022-05,1종,569799
25,동부산,2022-05,2종,3016
25,동부산,2022-05,3종,5847
25,동부산,2022-05,4종,1913
25,동부산,2022-05,5종,5431
25,동부산,2022-05,6종,13917
29,가락(개),2022-05,1종,963988
29,가락(개),2022-05,2종,19810
29,가락(개),2022-05,3종,20859
29,가락(개),2022-05,4종,21417
29,가락(개),2022-05,5종,128054
29,가락(개),2022-05,6종,67520
53,남인천,2022-05,1종,2232529
53,남인천,2022-05,2종,45293
53,남인천,2022-05,3종,41287
53,남인천,2022-05,4종,27461
53,남인천,2022-05,5종,55443
53,남인천,2022-05,6종,143769
56,일로,2022-05,1종,40424
56,일로,2022-05,2종,929
56,일로,2022-05,3종,685
56,일로,2022-05,4종,870
56,일로,2022-05,5종,3123
56,일로,2022-05,6종,1913
57,다사,2022-05,1종,51336
57,다사,2022-05,2종,860
57,다사,2022-05,3종,670
57,다사,2022-05,4종,357
57,다사,2022-05,5종,433
57,다사,2022-05,6종,3292
58,지천,2022-05,1종,40076
58,지천,2022-05,2종,777
58,지천,2022-05,3종,706
58,지천,2022-05,4종,436
58,지천,2022-05,5종,1177
58,지천,2022-05,6종,2005
61,성남,2022-05,1종,5265106
61,성남,2022-05,2종,146348
61,성남,2022-05,3종,137512
61,성남,2022-05,4종,119302
61,성남,2022-05,5종,104003
61,성남,2022-05,6종,281184
62,구리남양주,2022-05,1종,5388495
62,구리남양주,2022-05,2종,170724
62,구리남양주,2022-05,3종,135899
62,구리남양주,2022-05,4종,146786
62,구리남양주,2022-05,5종,120737
62,구리남양주,2022-05,6종,315459
63,토평,2022-05,1종,783225
63,토평,2022-05,2종,22510
63,토평,2022-05,3종,14689
63,토평,2022-05,4종,18108
63,토평,2022-05,5종,19715
63,토평,2022-05,6종,47667
64,청계,2022-05,1종,4709051
64,청계,2022-05,2종,107629
64,청계,2022-05,3종,111495
64,청계,2022-05,4종,61544
64,청계,2022-05,5종,75247
64,청계,2022-05,6종,269249
65,판교,2022-05,1종,2512837
65,판교,2022-05,2종,27497
65,판교,2022-05,3종,121175
65,판교,2022-05,4종,9663
65,판교,2022-05,5종,10664
65,판교,2022-05,6종,110207
66,하남,2022-05,1종,1017300
66,하남,2022-05,2종,24881
66,하남,2022-05,3종,13197
66,하남,2022-05,4종,13843
66,하남,2022-05,5종,15600
66,하남,2022-05,6종,57294
67,시흥,2022-05,1종,4339621
67,시흥,2022-05,2종,112007
67,시흥,2022-05,3종,99257
67,시흥,2022-05,4종,100361
67,시흥,2022-05,5종,98563
67,시흥,2022-05,6종,250475
68,김포,2022-05,1종,5160520
68,김포,2022-05,2종,147351
68,김포,2022-05,3종,99305
68,김포,2022-05,4종,96926
68,김포,2022-05,5종,150948
68,김포,2022-05,6종,336463
69,대왕판교,2022-05,1종,202433
69,대왕판교,2022-05,2종,2002
69,대왕판교,2022-05,3종,492
69,대왕판교,2022-05,4종,18
69,대왕판교,2022-05,5종,15
69,대왕판교,2022-05,6종,7881
74,덕소삼패,2022-05,1종,457002
74,덕소삼패,2022-05,2종,9022
74,덕소삼패,2022-05,3종,6091
74,덕소삼패,2022-05,4종,7601
74,덕소삼패,2022-05,5종,13090
74,덕소삼패,2022-05,6종,30650
91,대동(개),2022-05,1종,107027
91,대동(개),2022-05,2종,4948
91,대동(개),2022-05,3종,4242
91,대동(개),2022-05,4종,15907
91,대동(개),2022-05,5종,7084
91,대동(개),2022-05,6종,5849
92,내서,2022-05,1종,235715
92,내서,2022-05,2종,6683
92,내서,2022-05,3종,10760
92,내서,2022-05,4종,4968
92,내서,2022-05,5종,11864
92,내서,2022-05,6종,17773
101,서울,2022-05,1종,5680733
101,서울,2022-05,2종,152308
101,서울,2022-05,3종,494989
101,서울,2022-05,4종,139806
101,서울,2022-05,5종,74469
101,서울,2022-05,6종,224605
102,동수원,2022-05,1종,2322406
102,동수원,2022-05,2종,27564
102,동수원,2022-05,3종,65615
102,동수원,2022-05,4종,11222
102,동수원,2022-05,5종,12164
102,동수원,2022-05,6종,117164
103,수원신갈,2022-05,1종,2450566
103,수원신갈,2022-05,2종,83553
103,수원신갈,2022-05,3종,144029
103,수원신갈,2022-05,4종,65883
103,수원신갈,2022-05,5종,32473
103,수원신갈,2022-05,6종,110976
104,지곡,2022-05,1종,46266
104,지곡,2022-05,2종,1409
104,지곡,2022-05,3종,2111
104,지곡,2022-05,4종,2685
104,지곡,2022-05,5종,3473
104,지곡,2022-05,6종,1446
105,기흥,2022-05,1종,811634
105,기흥,2022-05,2종,14138
105,기흥,2022-05,3종,23575
105,기흥,2022-05,4종,10477
105,기흥,2022-05,5종,6920
105,기흥,2022-05,6종,39740
106,오산,2022-05,1종,1379815
106,오산,2022-05,2종,79921
106,오산,2022-05,3종,94053
106,오산,2022-05,4종,80426
106,오산,2022-05,5종,40564
106,오산,2022-05,6종,75182
107,안성,2022-05,1종,1189276
107,안성,2022-05,2종,27643
107,안성,2022-05,3종,40600
107,안성,2022-05,4종,19095
107,안성,2022-05,5종,12512
107,안성,2022-05,6종,70348
108,천안,2022-05,1종,1821451
108,천안,2022-05,2종,36457
108,천안,2022-05,3종,81510
108,천안,2022-05,4종,35925
108,천안,2022-05,5종,38649
108,천안,2022-05,6종,85743
109,계룡,2022-05,1종,171323
109,계룡,2022-05,2종,10409
109,계룡,2022-05,3종,10494
109,계룡,2022-05,4종,10406
109,계룡,2022-05,5종,7905
109,계룡,2022-05,6종,8772
110,독립기념관,2022-05,1종,384437
110,독립기념관,2022-05,2종,15760
110,독립기념관,2022-05,3종,22955
110,독립기념관,2022-05,4종,32133
110,독립기념관,2022-05,5종,23106
110,독립기념관,2022-05,6종,15885
111,청주,2022-05,1종,623607
111,청주,2022-05,2종,15059
111,청주,2022-05,3종,41611
111,청주,2022-05,4종,23295
111,청주,2022-05,5종,27970
111,청주,2022-05,6종,25955
112,남청주,2022-05,1종,592976
112,남청주,2022-05,2종,35289
112,남청주,2022-05,3종,29665
112,남청주,2022-05,4종,45805
112,남청주,2022-05,5종,53698
112,남청주,2022-05,6종,23452
113,신탄진,2022-05,1종,806688
113,신탄진,2022-05,2종,30546
113,신탄진,2022-05,3종,26874
113,신탄진,2022-05,4종,47632
113,신탄진,2022-05,5종,67966
113,신탄진,2022-05,6종,38949
114,남대전,2022-05,1종,435836
114,남대전,2022-05,2종,14709
114,남대전,2022-05,3종,19961
114,남대전,2022-05,4종,30257
114,남대전,2022-05,5종,16743
114,남대전,2022-05,6종,20489
115,대전,2022-05,1종,1542283
115,대전,2022-05,2종,33647
115,대전,2022-05,3종,51698
115,대전,2022-05,4종,15200
115,대전,2022-05,5종,13209
115,대전,2022-05,6종,79957
116,옥천,2022-05,1종,536749
116,옥천,2022-05,2종,19597
116,옥천,2022-05,3종,18718
116,옥천,2022-05,4종,30775
116,옥천,2022-05,5종,32966
116,옥천,2022-05,6종,26803
117,금강,2022-05,1종,56780
117,금강,2022-05,2종,973
117,금강,2022-05,3종,1623
117,금강,2022-05,4종,2022
117,금강,2022-05,5종,1107
117,금강,2022-05,6종,2882
118,영동,2022-05,1종,117230
118,영동,2022-05,2종,3204
118,영동,2022-05,3종,4743
118,영동,2022-05,4종,3877
118,영동,2022-05,5종,13206
118,영동,2022-05,6종,4343
119,판암,2022-05,1종,663374
119,판암,2022-05,2종,13154
119,판암,2022-05,3종,10352
119,판암,2022-05,4종,6563
119,판암,2022-05,5종,15059
119,판암,2022-05,6종,36060
120,황간,2022-05,1종,107544
120,황간,2022-05,2종,2058
120,황간,2022-05,3종,2943
120,황간,2022-05,4종,4403
120,황간,2022-05,5종,8284
120,황간,2022-05,6종,3825
121,추풍령,2022-05,1종,51149
121,추풍령,2022-05,2종,882
121,추풍령,2022-05,3종,973
121,추풍령,2022-05,4종,1389
121,추풍령,2022-05,5종,2967
121,추풍령,2022-05,6종,2339
122,김천,2022-05,1종,260042
122,김천,2022-05,2종,5587
122,김천,2022-05,3종,7332
122,김천,2022-05,4종,8612
122,김천,2022-05,5종,8389
122,김천,2022-05,6종,11612
123,구미,2022-05,1종,793951
123,구미,2022-05,2종,15459
123,구미,2022-05,3종,24897
123,구미,2022-05,4종,18409
123,구미,2022-05,5종,15224
123,구미,2022-05,6종,34701
124,상주,2022-05,1종,99691
124,상주,2022-05,2종,3068
124,상주,2022-05,3종,3893
124,상주,2022-05,4종,4355
124,상주,2022-05,5종,5229
124,상주,2022-05,6종,3235
125,남구미,2022-05,1종,602878
125,남구미,2022-05,2종,19008
125,남구미,2022-05,3종,31770
125,남구미,2022-05,4종,28296
125,남구미,2022-05,5종,37608
125,남구미,2022-05,6종,29151
126,왜관,2022-05,1종,751004
126,왜관,2022-05,2종,38868
126,왜관,2022-05,3종,31501
126,왜관,2022-05,4종,29394
126,왜관,2022-05,5종,45879
126,왜관,2022-05,6종,31170
127,서대구,2022-05,1종,1902652
127,서대구,2022-05,2종,61779
127,서대구,2022-05,3종,71337
127,서대구,2022-05,4종,50938
127,서대구,2022-05,5종,61079
127,서대구,2022-05,6종,77908
128,금왕꽃동네,2022-05,1종,283472
128,금왕꽃동네,2022-05,2종,15703
128,금왕꽃동네,2022-05,3종,20796
128,금왕꽃동네,2022-05,4종,24454
128,금왕꽃동네,2022-05,5종,41212
128,금왕꽃동네,2022-05,6종,12130
129,북대구,2022-05,1종,1939914
129,북대구,2022-05,2종,49367
129,북대구,2022-05,3종,47478
129,북대구,2022-05,4종,25592
129,북대구,2022-05,5종,42679
129,북대구,2022-05,6종,75469
130,동김천,2022-05,1종,320805
130,동김천,2022-05,2종,8763
130,동김천,2022-05,3종,15642
130,동김천,2022-05,4종,14218
130,동김천,2022-05,5종,26921
130,동김천,2022-05,6종,12705
131,경산,2022-05,1종,987716
131,경산,2022-05,2종,59871
131,경산,2022-05,3종,57750
131,경산,2022-05,4종,59686
131,경산,2022-05,5종,55383
131,경산,2022-05,6종,47384
132,영천,2022-05,1종,407342
132,영천,2022-05,2종,16179
132,영천,2022-05,3종,27252
132,영천,2022-05,4종,25564
132,영천,2022-05,5종,39315
132,영천,2022-05,6종,15714
133,서경주,2022-05,1종,202192
133,서경주,2022-05,2종,5938
133,서경주,2022-05,3종,9704
133,서경주,2022-05,4종,9492
133,서경주,2022-05,5종,21455
133,서경주,2022-05,6종,6545
134,선산,2022-05,1종,95706
134,선산,2022-05,2종,3364
134,선산,2022-05,3종,3894
134,선산,2022-05,4종,4501
134,선산,2022-05,5종,7340
134,선산,2022-05,6종,3344
135,경주,2022-05,1종,959204
135,경주,2022-05,2종,17512
135,경주,2022-05,3종,47129
135,경주,2022-05,4종,33825
135,경주,2022-05,5종,53258
135,경주,2022-05,6종,32832
136,음성,2022-05,1종,308930
136,음성,2022-05,2종,10820
136,음성,2022-05,3종,14345
136,음성,2022-05,4종,17794
136,음성,2022-05,5종,24949
136,음성,2022-05,6종,10116
137,통도사,2022-05,1종,314231
137,통도사,2022-05,2종,17200
137,통도사,2022-05,3종,21297
137,통도사,2022-05,4종,17146
137,통도사,2022-05,5종,27148
137,통도사,2022-05,6종,17815
138,양산,2022-05,1종,835904
138,양산,2022-05,2종,70494
138,양산,2022-05,3종,56829
138,양산,2022-05,4종,60512
138,양산,2022-05,5종,67939
138,양산,2022-05,6종,39903
139,서울산,2022-05,1종,569299
139,서울산,2022-05,2종,15554
139,서울산,2022-05,3종,20356
139,서울산,2022-05,4종,12971
139,서울산,2022-05,5종,17860
139,서울산,2022-05,6종,28420
140,부산,2022-05,1종,1982832
140,부산,2022-05,2종,46742
140,부산,2022-05,3종,43995
140,부산,2022-05,4종,28166
140,부산,2022-05,5종,45603
140,부산,2022-05,6종,96657
142,군북,2022-05,1종,522476
142,군북,2022-05,2종,11502
142,군북,2022-05,3종,17859
142,군북,2022-05,4종,11759
142,군북,2022-05,5종,30147
142,군북,2022-05,6종,26601
143,장지,2022-05,1종,128159
143,장지,2022-05,2종,3915
143,장지,2022-05,3종,6153
143,장지,2022-05,4종,5530
143,장지,2022-05,5종,19086
143,장지,2022-05,6종,7634
144,함안,2022-05,1종,357698
144,함안,2022-05,2종,10250
144,함안,2022-05,3종,11510
144,함안,2022-05,4종,9616
144,함안,2022-05,5종,25730
144,함안,2022-05,6종,19555
145,산인,2022-05,1종,1152584
145,산인,2022-05,2종,18682
145,산인,2022-05,3종,37458
145,산인,2022-05,4종,14355
145,산인,2022-05,5종,30416
145,산인,2022-05,6종,50451
146,동창원,2022-05,1종,666885
146,동창원,2022-05,2종,17928
146,동창원,2022-05,3종,17028
146,동창원,2022-05,4종,13607
146,동창원,2022-05,5종,21716
146,동창원,2022-05,6종,41134
147,진례,2022-05,1종,481333
147,진례,2022-05,2종,30763
147,진례,2022-05,3종,34229
147,진례,2022-05,4종,30750
147,진례,2022-05,5종,38654
147,진례,2022-05,6종,29842
148,서김해,2022-05,1종,907576
148,서김해,2022-05,2종,25154
148,서김해,2022-05,3종,26024
148,서김해,2022-05,4종,21512
148,서김해,2022-05,5종,20136
148,서김해,2022-05,6종,58252
149,동김해,2022-05,1종,1123934
149,동김해,2022-05,2종,30155
149,동김해,2022-05,3종,28546
149,동김해,2022-05,4종,13023
149,동김해,2022-05,5종,12969
149,동김해,2022-05,6종,74642
150,북부산,2022-05,1종,1841512
150,북부산,2022-05,2종,28849
150,북부산,2022-05,3종,28791
150,북부산,2022-05,4종,13376
150,북부산,2022-05,5종,28450
150,북부산,2022-05,6종,108319
151,북대전,2022-05,1종,902192
151,북대전,2022-05,2종,13506
151,북대전,2022-05,3종,23749
151,북대전,2022-05,4종,19034
151,북대전,2022-05,5종,22300
151,북대전,2022-05,6종,42895
152,유성,2022-05,1종,1300720
152,유성,2022-05,2종,22439
152,유성,2022-05,3종,33661
152,유성,2022-05,4종,17178
152,유성,2022-05,5종,14172
152,유성,2022-05,6종,52410
153,서대전,2022-05,1종,1097370
153,서대전,2022-05,2종,21635
153,서대전,2022-05,3종,21649
153,서대전,2022-05,4종,18254
153,서대전,2022-05,5종,19605
153,서대전,2022-05,6종,54279
154,안영,2022-05,1종,587113
154,안영,2022-05,2종,15820
154,안영,2022-05,3종,15726
154,안영,2022-05,4종,9920
154,안영,2022-05,5종,18647
154,안영,2022-05,6종,26867
155,논산,2022-05,1종,279515
155,논산,2022-05,2종,11388
155,논산,2022-05,3종,19506
155,논산,2022-05,4종,18110
155,논산,2022-05,5종,15963
155,논산,2022-05,6종,9918
156,익산,2022-05,1종,329308
156,익산,2022-05,2종,20124
156,익산,2022-05,3종,26649
156,익산,2022-05,4종,32969
156,익산,2022-05,5종,39946
156,익산,2022-05,6종,8936
157,삼례,2022-05,1종,125605
157,삼례,2022-05,2종,4549
157,삼례,2022-05,3종,7261
157,삼례,2022-05,4종,7891
157,삼례,2022-05,5종,11236
157,삼례,2022-05,6종,3400
158,전주,2022-05,1종,490093
158,전주,2022-05,2종,13870
158,전주,2022-05,3종,36905
158,전주,2022-05,4종,21370
158,전주,2022-05,5종,29493
158,전주,2022-05,6종,13891
159,서전주,2022-05,1종,408897
159,서전주,2022-05,2종,10365
159,서전주,2022-05,3종,12801
159,서전주,2022-05,4종,14211
159,서전주,2022-05,5종,12491
159,서전주,2022-05,6종,10893
160,김제,2022-05,1종,151031
160,김제,2022-05,2종,6465
160,김제,2022-05,3종,9178
160,김제,2022-05,4종,11333
160,김제,2022-05,5종,9288
160,김제,2022-05,6종,3935
161,금산사,2022-05,1종,40086
161,금산사,2022-05,2종,1872
161,금산사,2022-05,3종,1194
161,금산사,2022-05,4종,1324
161,금산사,2022-05,5종,1647
161,금산사,2022-05,6종,1108
162,태인,2022-05,1종,114788
162,태인,2022-05,2종,4440
162,태인,2022-05,3종,8247
162,태인,2022-05,4종,9226
162,태인,2022-05,5종,9222
162,태인,2022-05,6종,3209
163,정읍,2022-05,1종,247771
163,정읍,2022-05,2종,8386
163,정읍,2022-05,3종,12909
163,정읍,2022-05,4종,12472
163,정읍,2022-05,5종,13957
163,정읍,2022-05,6종,6198
164,무주,2022-05,1종,180987
164,무주,2022-05,2종,2737
164,무주,2022-05,3종,4586
164,무주,2022-05,4종,3195
164,무주,2022-05,5종,3312
164,무주,2022-05,6종,6104
165,백양사,2022-05,1종,72925
165,백양사,2022-05,2종,1707
165,백양사,2022-05,3종,1716
165,백양사,2022-05,4종,1886
165,백양사,2022-05,5종,1225
165,백양사,2022-05,6종,2031
166,장성,2022-05,1종,235326
166,장성,2022-05,2종,11816
166,장성,2022-05,3종,14117
166,장성,2022-05,4종,15318
166,장성,2022-05,5종,17048
166,장성,2022-05,6종,6946
167,광주,2022-05,1종,1242605
167,광주,2022-05,2종,37255
167,광주,2022-05,3종,61833
167,광주,2022-05,4종,65118
167,광주,2022-05,5종,42252
167,광주,2022-05,6종,33681
168,덕유산,2022-05,1종,61442
168,덕유산,2022-05,2종,1151
168,덕유산,2022-05,3종,984
168,덕유산,2022-05,4종,981
168,덕유산,2022-05,5종,1188
168,덕유산,2022-05,6종,1545
169,장수,2022-05,1종,129398
169,장수,2022-05,2종,2887
169,장수,2022-05,3종,3042
169,장수,2022-05,4종,3200
169,장수,2022-05,5종,3759
169,장수,2022-05,6종,3609
170,서상,2022-05,1종,68991
170,서상,2022-05,2종,1606
170,서상,2022-05,3종,3486
170,서상,2022-05,4종,3991
170,서상,2022-05,5종,4802
170,서상,2022-05,6종,2570
171,마성,2022-05,1종,629641
171,마성,2022-05,2종,8873
171,마성,2022-05,3종,21503
171,마성,2022-05,4종,6702
171,마성,2022-05,5종,3768
171,마성,2022-05,6종,25690
172,용인,2022-05,1종,1038548
172,용인,2022-05,2종,50875
172,용인,2022-05,3종,37987
172,용인,2022-05,4종,34604
172,용인,2022-05,5종,28512
172,용인,2022-05,6종,58314
173,양지,2022-05,1종,1079479
173,양지,2022-05,2종,84796
173,양지,2022-05,3종,57480
173,양지,2022-05,4종,77279
173,양지,2022-05,5종,64221
173,양지,2022-05,6종,47194
174,춘천,2022-05,1종,1019597
174,춘천,2022-05,2종,20822
174,춘천,2022-05,3종,23114
174,춘천,2022-05,4종,12701
174,춘천,2022-05,5종,14330
174,춘천,2022-05,6종,53185
175,덕평,2022-05,1종,389572
175,덕평,2022-05,2종,46290
175,덕평,2022-05,3종,33524
175,덕평,2022-05,4종,44713
175,덕평,2022-05,5종,31847
175,덕평,2022-05,6종,20543
176,이천,2022-05,1종,643322
176,이천,2022-05,2종,28050
176,이천,2022-05,3종,48450
176,이천,2022-05,4종,49435
176,이천,2022-05,5종,47291
176,이천,2022-05,6종,31255
177,여주,2022-05,1종,404286
177,여주,2022-05,2종,11094
177,여주,2022-05,3종,31288
177,여주,2022-05,4종,30622
177,여주,2022-05,5종,21964
177,여주,2022-05,6종,14573
178,문막,2022-05,1종,326291
178,문막,2022-05,2종,19219
178,문막,2022-05,3종,24900
178,문막,2022-05,4종,17190
178,문막,2022-05,5종,23524
178,문막,2022-05,6종,14431
179,홍천,2022-05,1종,424108
179,홍천,2022-05,2종,10965
179,홍천,2022-05,3종,14269
179,홍천,2022-05,4종,9629
179,홍천,2022-05,5종,12451
179,홍천,2022-05,6종,23639
180,원주,2022-05,1종,384828
180,원주,2022-05,2종,18528
180,원주,2022-05,3종,18466
180,원주,2022-05,4종,17859
180,원주,2022-05,5종,16560
180,원주,2022-05,6종,19062
181,새말,2022-05,1종,272257
181,새말,2022-05,2종,8575
181,새말,2022-05,3종,11308
181,새말,2022-05,4종,9316
181,새말,2022-05,5종,8652
181,새말,2022-05,6종,9512
182,둔내,2022-05,1종,158723
182,둔내,2022-05,2종,3485
182,둔내,2022-05,3종,3921
182,둔내,2022-05,4종,2663
182,둔내,2022-05,5종,2141
182,둔내,2022-05,6종,5087
183,면온,2022-05,1종,85202
183,면온,2022-05,2종,1102
183,면온,2022-05,3종,1046
183,면온,2022-05,4종,871
183,면온,2022-05,5종,1894
183,면온,2022-05,6종,2297
184,대관령,2022-05,1종,252562
184,대관령,2022-05,2종,4939
184,대관령,2022-05,3종,7314
184,대관령,2022-05,4종,1320
184,대관령,2022-05,5종,3571
184,대관령,2022-05,6종,8696
185,평창,2022-05,1종,132475
185,평창,2022-05,2종,2816
185,평창,2022-05,3종,6197
185,평창,2022-05,4종,1787
185,평창,2022-05,5종,5116
185,평창,2022-05,6종,4477
186,속사,2022-05,1종,50126
186,속사,2022-05,2종,1016
186,속사,2022-05,3종,1021
186,속사,2022-05,4종,645
186,속사,2022-05,5종,1303
186,속사,2022-05,6종,1427
187,진부,2022-05,1종,146420
187,진부,2022-05,2종,3726
187,진부,2022-05,3종,5140
187,진부,2022-05,4종,2031
187,진부,2022-05,5종,3056
187,진부,2022-05,6종,4782
188,서충주,2022-05,1종,192550
188,서충주,2022-05,2종,6179
188,서충주,2022-05,3종,11154
188,서충주,2022-05,4종,13789
188,서충주,2022-05,5종,19536
188,서충주,2022-05,6종,7219
189,강릉,2022-05,1종,730247
189,강릉,2022-05,2종,17496
189,강릉,2022-05,3종,29320
189,강릉,2022-05,4종,10918
189,강릉,2022-05,5종,17038
189,강릉,2022-05,6종,31531
190,동서울,2022-05,1종,3990994
190,동서울,2022-05,2종,165103
190,동서울,2022-05,3종,160711
190,동서울,2022-05,4종,142333
190,동서울,2022-05,5종,103857
190,동서울,2022-05,6종,161248
191,경기광주,2022-05,1종,825688
191,경기광주,2022-05,2종,39096
191,경기광주,2022-05,3종,29080
191,경기광주,2022-05,4종,20259
191,경기광주,2022-05,5종,15876
191,경기광주,2022-05,6종,49226
192,곤지암,2022-05,1종,924727
192,곤지암,2022-05,2종,64287
192,곤지암,2022-05,3종,41372
192,곤지암,2022-05,4종,52594
192,곤지암,2022-05,5종,38863
192,곤지암,2022-05,6종,44709
193,일죽,2022-05,1종,481976
193,일죽,2022-05,2종,27801
193,일죽,2022-05,3종,35143
193,일죽,2022-05,4종,50467
193,일죽,2022-05,5종,32931
193,일죽,2022-05,6종,16666
194,서이천,2022-05,1종,516863
194,서이천,2022-05,2종,55548
194,서이천,2022-05,3종,41777
194,서이천,2022-05,4종,45111
194,서이천,2022-05,5종,26260
194,서이천,2022-05,6종,26167
195,대소,2022-05,1종,255224
195,대소,2022-05,2종,24195
195,대소,2022-05,3종,36962
195,대소,2022-05,4종,42471
195,대소,2022-05,5종,34048
195,대소,2022-05,6종,10972
196,진천,2022-05,1종,359248
196,진천,2022-05,2종,18945
196,진천,2022-05,3종,25181
196,진천,2022-05,4종,32623
196,진천,2022-05,5종,31431
196,진천,2022-05,6종,15422
197,증평,2022-05,1종,387485
197,증평,2022-05,2종,16808
197,증평,2022-05,3종,24688
197,증평,2022-05,4종,36332
197,증평,2022-05,5종,33197
197,증평,2022-05,6종,14025
198,서청주,2022-05,1종,766196
198,서청주,2022-05,2종,25171
198,서청주,2022-05,3종,30612
198,서청주,2022-05,4종,27717
198,서청주,2022-05,5종,23546
198,서청주,2022-05,6종,32796
199,오창,2022-05,1종,540637
199,오창,2022-05,2종,14078
199,오창,2022-05,3종,23836
199,오창,2022-05,4종,20622
199,오창,2022-05,5종,23351
199,오창,2022-05,6종,21365
200,금산,2022-05,1종,209196
200,금산,2022-05,2종,3144
200,금산,2022-05,3종,7204
200,금산,2022-05,4종,4056
200,금산,2022-05,5종,7685
200,금산,2022-05,6종,8815
201,칠곡,2022-05,1종,640107
201,칠곡,2022-05,2종,16983
201,칠곡,2022-05,3종,16469
201,칠곡,2022-05,4종,11145
201,칠곡,2022-05,5종,14087
201,칠곡,2022-05,6종,31161
202,다부,2022-05,1종,157851
202,다부,2022-05,2종,7306
202,다부,2022-05,3종,5202
202,다부,2022-05,4종,4736
202,다부,2022-05,5종,11142
202,다부,2022-05,6종,5383
203,가산,2022-05,1종,619459
203,가산,2022-05,2종,18176
203,가산,2022-05,3종,19727
203,가산,2022-05,4종,18142
203,가산,2022-05,5종,48169
203,가산,2022-05,6종,24313
204,추부,2022-05,1종,233515
204,추부,2022-05,2종,6885
204,추부,2022-05,3종,8104
204,추부,2022-05,4종,7647
204,추부,2022-05,5종,7174
204,추부,2022-05,6종,10749
205,군위,2022-05,1종,221081
205,군위,2022-05,2종,4940
205,군위,2022-05,3종,5205
205,군위,2022-05,4종,4151
205,군위,2022-05,5종,7020
205,군위,2022-05,6종,8470
206,의성,2022-05,1종,224067
206,의성,2022-05,2종,3783
206,의성,2022-05,3종,4343
206,의성,2022-05,4종,2776
206,의성,2022-05,5종,4639
206,의성,2022-05,6종,7050
207,남안동,2022-05,1종,354005
207,남안동,2022-05,2종,7784
207,남안동,2022-05,3종,7474
207,남안동,2022-05,4종,5957
207,남안동,2022-05,5종,9564
207,남안동,2022-05,6종,11067
208,서안동,2022-05,1종,299656
208,서안동,2022-05,2종,6156
208,서안동,2022-05,3종,14495
208,서안동,2022-05,4종,7921
208,서안동,2022-05,5종,12364
208,서안동,2022-05,6종,8470
209,예천,2022-05,1종,42494
209,예천,2022-05,2종,691
209,예천,2022-05,3종,753
209,예천,2022-05,4종,820
209,예천,2022-05,5종,1303
209,예천,2022-05,6종,1258
210,영주,2022-05,1종,227704
210,영주,2022-05,2종,5039
210,영주,2022-05,3종,8105
210,영주,2022-05,4종,7315
210,영주,2022-05,5종,23880
210,영주,2022-05,6종,6684
211,풍기,2022-05,1종,295191
211,풍기,2022-05,2종,4442
211,풍기,2022-05,3종,9708
211,풍기,2022-05,4종,6136
211,풍기,2022-05,5종,10282
211,풍기,2022-05,6종,9133
212,북수원,2022-05,1종,1324360
212,북수원,2022-05,2종,30363
212,북수원,2022-05,3종,39086
212,북수원,2022-05,4종,24492
212,북수원,2022-05,5종,23903
212,북수원,2022-05,6종,62118
213,부곡,2022-05,1종,365462
213,부곡,2022-05,2종,12722
213,부곡,2022-05,3종,8046
213,부곡,2022-05,4종,11228
213,부곡,2022-05,5종,64826
213,부곡,2022-05,6종,22668
214,동군포,2022-05,1종,349503
214,동군포,2022-05,2종,17093
214,동군포,2022-05,3종,15939
214,동군포,2022-05,4종,35622
214,동군포,2022-05,5종,21585
214,동군포,2022-05,6종,19710
215,군포,2022-05,1종,782683
215,군포,2022-05,2종,22241
215,군포,2022-05,3종,20323
215,군포,2022-05,4종,10586
215,군포,2022-05,5종,15710
215,군포,2022-05,6종,46485
216,횡성,2022-05,1종,248779
216,횡성,2022-05,2종,8041
216,횡성,2022-05,3종,6888
216,횡성,2022-05,4종,6041
216,횡성,2022-05,5종,8729
216,횡성,2022-05,6종,11291
217,북원주,2022-05,1종,91016
217,북원주,2022-05,2종,4190
217,북원주,2022-05,3종,2723
217,북원주,2022-05,4종,2779
217,북원주,2022-05,5종,3098
217,북원주,2022-05,6종,4089
218,남원주,2022-05,1종,760936
218,남원주,2022-05,2종,14444
218,남원주,2022-05,3종,24891
218,남원주,2022-05,4종,9006
218,남원주,2022-05,5종,13598
218,남원주,2022-05,6종,35462
219,신림,2022-05,1종,181834
219,신림,2022-05,2종,3434
219,신림,2022-05,3종,2208
219,신림,2022-05,4종,3686
219,신림,2022-05,5종,12266
219,신림,2022-05,6종,6525
220,덕평휴게소,2022-05,1종,7201
220,덕평휴게소,2022-05,2종,207
220,덕평휴게소,2022-05,3종,47
220,덕평휴게소,2022-05,4종,19
220,덕평휴게소,2022-05,5종,46
220,덕평휴게소,2022-05,6종,468
221,생초,2022-05,1종,85876
221,생초,2022-05,2종,1756
221,생초,2022-05,3종,3837
221,생초,2022-05,4종,3781
221,생초,2022-05,5종,8589
221,생초,2022-05,6종,2615
222,산청,2022-05,1종,83624
222,산청,2022-05,2종,1800
222,산청,2022-05,3종,3137
222,산청,2022-05,4종,2868
222,산청,2022-05,5종,2838
222,산청,2022-05,6종,2693
223,단성,2022-05,1종,133154
223,단성,2022-05,2종,2084
223,단성,2022-05,3종,5492
223,단성,2022-05,4종,5136
223,단성,2022-05,5종,6452
223,단성,2022-05,6종,4627
224,함양,2022-05,1종,135181
224,함양,2022-05,2종,3255
224,함양,2022-05,3종,6446
224,함양,2022-05,4종,2537
224,함양,2022-05,5종,3910
224,함양,2022-05,6종,5513
225,서진주,2022-05,1종,349040
225,서진주,2022-05,2종,7183
225,서진주,2022-05,3종,8552
225,서진주,2022-05,4종,6249
225,서진주,2022-05,5종,21095
225,서진주,2022-05,6종,14576
226,금강휴게소,2022-05,1종,17748
226,금강휴게소,2022-05,2종,222
226,금강휴게소,2022-05,3종,317
226,금강휴게소,2022-05,4종,332
226,금강휴게소,2022-05,5종,332
226,금강휴게소,2022-05,6종,616
227,군산,2022-05,1종,310212
227,군산,2022-05,2종,4429
227,군산,2022-05,3종,13433
227,군산,2022-05,4종,9274
227,군산,2022-05,5종,15187
227,군산,2022-05,6종,8381
228,동군산,2022-05,1종,274209
228,동군산,2022-05,2종,6711
228,동군산,2022-05,3종,13802
228,동군산,2022-05,4종,12140
228,동군산,2022-05,5종,23464
228,동군산,2022-05,6종,6447
229,북천안,2022-05,1종,645106
229,북천안,2022-05,2종,28583
229,북천안,2022-05,3종,41288
229,북천안,2022-05,4종,51844
229,북천안,2022-05,5종,48610
229,북천안,2022-05,6종,29485
230,팔공산,2022-05,1종,801354
230,팔공산,2022-05,2종,21247
230,팔공산,2022-05,3종,16834
230,팔공산,2022-05,4종,10529
230,팔공산,2022-05,5종,11033
230,팔공산,2022-05,6종,35769
231,화원옥포,2022-05,1종,766007
231,화원옥포,2022-05,2종,25651
231,화원옥포,2022-05,3종,21223
231,화원옥포,2022-05,4종,16049
231,화원옥포,2022-05,5종,23370
231,화원옥포,2022-05,6종,43569
232,달성,2022-05,1종,217459
232,달성,2022-05,2종,12202
232,달성,2022-05,3종,17851
232,달성,2022-05,4종,8743
232,달성,2022-05,5종,7246
232,달성,2022-05,6종,12444
233,현풍,2022-05,1종,659621
233,현풍,2022-05,2종,29756
233,현풍,2022-05,3종,39071
233,현풍,2022-05,4종,35587
233,현풍,2022-05,5종,46988
233,현풍,2022-05,6종,31905
234,서천,2022-05,1종,222063
234,서천,2022-05,2종,4399
234,서천,2022-05,3종,6885
234,서천,2022-05,4종,8743
234,서천,2022-05,5종,26123
234,서천,2022-05,6종,6648
235,창녕,2022-05,1종,170474
235,창녕,2022-05,2종,5606
235,창녕,2022-05,3종,8187
235,창녕,2022-05,4종,5004
235,창녕,2022-05,5종,8675
235,창녕,2022-05,6종,6404
236,영산,2022-05,1종,154477
236,영산,2022-05,2종,7335
236,영산,2022-05,3종,8534
236,영산,2022-05,4종,11106
236,영산,2022-05,5종,17563
236,영산,2022-05,6종,5224
237,남지,2022-05,1종,149528
237,남지,2022-05,2종,6455
237,남지,2022-05,3종,13141
237,남지,2022-05,4종,14397
237,남지,2022-05,5종,27658
237,남지,2022-05,6종,8249
238,칠서,2022-05,1종,211430
238,칠서,2022-05,2종,16060
238,칠서,2022-05,3종,21467
238,칠서,2022-05,4종,23373
238,칠서,2022-05,5종,49471
238,칠서,2022-05,6종,11290
239,칠원,2022-05,1종,623841
239,칠원,2022-05,2종,18381
239,칠원,2022-05,3종,34735
239,칠원,2022-05,4종,32527
239,칠원,2022-05,5종,47075
239,칠원,2022-05,6종,24598
240,제천,2022-05,1종,640658
240,제천,2022-05,2종,13042
240,제천,2022-05,3종,18198
240,제천,2022-05,4종,13700
240,제천,2022-05,5종,29939
240,제천,2022-05,6종,23441
241,동고령,2022-05,1종,370241
241,동고령,2022-05,2종,17135
241,동고령,2022-05,3종,18135
241,동고령,2022-05,4종,31404
241,동고령,2022-05,5종,30547
241,동고령,2022-05,6종,14771
242,고령,2022-05,1종,333206
242,고령,2022-05,2종,7819
242,고령,2022-05,3종,10348
242,고령,2022-05,4종,8125
242,고령,2022-05,5종,24712
242,고령,2022-05,6종,12194
243,해인사,2022-05,1종,155360
243,해인사,2022-05,2종,2502
243,해인사,2022-05,3종,2528
243,해인사,2022-05,4종,1577
243,해인사,2022-05,5종,2631
243,해인사,2022-05,6종,7092
244,서부산,2022-05,1종,1594440
244,서부산,2022-05,2종,30947
244,서부산,2022-05,3종,55976
244,서부산,2022-05,4종,34218
244,서부산,2022-05,5종,79610
244,서부산,2022-05,6종,81291
245,장유,2022-05,1종,1697344
245,장유,2022-05,2종,34786
245,장유,2022-05,3종,56489
245,장유,2022-05,4종,29271
245,장유,2022-05,5종,42011
245,장유,2022-05,6종,104446
246,가락,2022-05,1종,24675
246,가락,2022-05,2종,2201
246,가락,2022-05,3종,3667
246,가락,2022-05,4종,6915
246,가락,2022-05,5종,9172
246,가락,2022-05,6종,770
247,남원,2022-05,1종,214474
247,남원,2022-05,2종,5398
247,남원,2022-05,3종,7336
247,남원,2022-05,4종,4901
247,남원,2022-05,5종,11800
247,남원,2022-05,6종,8479
248,순창,2022-05,1종,198213
248,순창,2022-05,2종,4322
248,순창,2022-05,3종,5095
248,순창,2022-05,4종,4090
248,순창,2022-05,5종,8149
248,순창,2022-05,6종,6558
249,담양,2022-05,1종,236618
249,담양,2022-05,2종,4046
249,담양,2022-05,3종,10301
249,담양,2022-05,4종,3779
249,담양,2022-05,5종,7589
249,담양,2022-05,6종,7140
250,남양산,2022-05,1종,1442658
250,남양산,2022-05,2종,36043
250,남양산,2022-05,3종,45366
250,남양산,2022-05,4종,20363
250,남양산,2022-05,5종,28631
250,남양산,2022-05,6종,95686
251,물금,2022-05,1종,745897
251,물금,2022-05,2종,49076
251,물금,2022-05,3종,24312
251,물금,2022-05,4종,42062
251,물금,2022-05,5종,70547
251,물금,2022-05,6종,47624
252,대동,2022-05,1종,2657467
252,대동,2022-05,2종,104595
252,대동,2022-05,3종,88242
252,대동,2022-05,4종,93876
252,대동,2022-05,5종,280656
252,대동,2022-05,6종,128949
253,서서울,2022-05,1종,5423730
253,서서울,2022-05,2종,149233
253,서서울,2022-05,3종,132963
253,서서울,2022-05,4종,155770
253,서서울,2022-05,5종,151529
253,서서울,2022-05,6종,262729
254,군자,2022-05,1종,2596877
254,군자,2022-05,2종,92641
254,군자,2022-05,3종,79848
254,군자,2022-05,4종,99176
254,군자,2022-05,5종,159322
254,군자,2022-05,6종,141102
255,서안산,2022-05,1종,1978895
255,서안산,2022-05,2종,75151
255,서안산,2022-05,3종,60018
255,서안산,2022-05,4종,60798
255,서안산,2022-05,5종,56752
255,서안산,2022-05,6종,113181
256,안산,2022-05,1종,958286
256,안산,2022-05,2종,21701
256,안산,2022-05,3종,15316
256,안산,2022-05,4종,7770
256,안산,2022-05,5종,9148
256,안산,2022-05,6종,63974
257,홍성,2022-05,1종,269355
257,홍성,2022-05,2종,4561
257,홍성,2022-05,3종,8145
257,홍성,2022-05,4종,6610
257,홍성,2022-05,5종,9657
257,홍성,2022-05,6종,8606
258,광천,2022-05,1종,184058
258,광천,2022-05,2종,4906
258,광천,2022-05,3종,8010
258,광천,2022-05,4종,7694
258,광천,2022-05,5종,18127
258,광천,2022-05,6종,5975
259,대천,2022-05,1종,324949
259,대천,2022-05,2종,4841
259,대천,2022-05,3종,10210
259,대천,2022-05,4종,4292
259,대천,2022-05,5종,6447
259,대천,2022-05,6종,9849
260,춘장대,2022-05,1종,73929
260,춘장대,2022-05,2종,1503
260,춘장대,2022-05,3종,1449
260,춘장대,2022-05,4종,1223
260,춘장대,2022-05,5종,3103
260,춘장대,2022-05,6종,2043
261,동광주,2022-05,1종,1443702
261,동광주,2022-05,2종,26811
261,동광주,2022-05,3종,52610
261,동광주,2022-05,4종,28184
261,동광주,2022-05,5종,41256
261,동광주,2022-05,6종,42326
262,창평,2022-05,1종,169591
262,창평,2022-05,2종,6539
262,창평,2022-05,3종,3826
262,창평,2022-05,4종,3966
262,창평,2022-05,5종,3857
262,창평,2022-05,6종,5332
263,옥과,2022-05,1종,285046
263,옥과,2022-05,2종,4885
263,옥과,2022-05,3종,9887
263,옥과,2022-05,4종,3524
263,옥과,2022-05,5종,8858
263,옥과,2022-05,6종,10360
264,동남원,2022-05,1종,42339
264,동남원,2022-05,2종,1096
264,동남원,2022-05,3종,1559
264,동남원,2022-05,4종,1118
264,동남원,2022-05,5종,1906
264,동남원,2022-05,6종,1394
265,곡성,2022-05,1종,249647
265,곡성,2022-05,2종,3761
265,곡성,2022-05,3종,4620
265,곡성,2022-05,4종,3046
265,곡성,2022-05,5종,9237
265,곡성,2022-05,6종,7394
266,석곡,2022-05,1종,62442
266,석곡,2022-05,2종,2083
266,석곡,2022-05,3종,1755
266,석곡,2022-05,4종,1385
266,석곡,2022-05,5종,3095
266,석곡,2022-05,6종,1934
267,주암송광사,2022-05,1종,168081
267,주암송광사,2022-05,2종,3399
267,주암송광사,2022-05,3종,3318
267,주암송광사,2022-05,4종,2662
267,주암송광사,2022-05,5종,7316
267,주암송광사,2022-05,6종,4870
268,승주,2022-05,1종,71468
268,승주,2022-05,2종,1531
268,승주,2022-05,3종,1296
268,승주,2022-05,4종,1158
268,승주,2022-05,5종,1965
268,승주,2022-05,6종,2539
269,지리산,2022-05,1종,116385
269,지리산,2022-05,2종,2330
269,지리산,2022-05,3종,3650
269,지리산,2022-05,4종,4363
269,지리산,2022-05,5종,1780
269,지리산,2022-05,6종,4764
270,서순천,2022-05,1종,175348
270,서순천,2022-05,2종,4968
270,서순천,2022-05,3종,6257
270,서순천,2022-05,4종,2522
270,서순천,2022-05,5종,5325
270,서순천,2022-05,6종,5228
271,순천,2022-05,1종,662982
271,순천,2022-05,2종,14383
271,순천,2022-05,3종,13396
271,순천,2022-05,4종,9482
271,순천,2022-05,5종,32373
271,순천,2022-05,6종,17777
272,광양,2022-05,1종,363516
272,광양,2022-05,2종,7358
272,광양,2022-05,3종,17188
272,광양,2022-05,4종,15886
272,광양,2022-05,5종,59162
272,광양,2022-05,6종,10400
273,동광양,2022-05,1종,166821
273,동광양,2022-05,2종,2846
273,동광양,2022-05,3종,3031
273,동광양,2022-05,4종,6786
273,동광양,2022-05,5종,41589
273,동광양,2022-05,6종,5660
274,가조,2022-05,1종,98846
274,가조,2022-05,2종,3138
274,가조,2022-05,3종,4389
274,가조,2022-05,4종,2314
274,가조,2022-05,5종,2173
274,가조,2022-05,6종,3511
275,옥곡,2022-05,1종,197648
275,옥곡,2022-05,2종,4451
275,옥곡,2022-05,3종,9114
275,옥곡,2022-05,4종,12430
275,옥곡,2022-05,5종,61959
275,옥곡,2022-05,6종,5865
276,진월,2022-05,1종,75618
276,진월,2022-05,2종,1302
276,진월,2022-05,3종,2037
276,진월,2022-05,4종,4536
276,진월,2022-05,5종,44293
276,진월,2022-05,6종,2223
277,하동,2022-05,1종,271995
277,하동,2022-05,2종,4101
277,하동,2022-05,3종,6940
277,하동,2022-05,4종,6268
277,하동,2022-05,5종,49628
277,하동,2022-05,6종,8968
278,진교,2022-05,1종,232675
278,진교,2022-05,2종,3927
278,진교,2022-05,3종,8912
278,진교,2022-05,4종,2163
278,진교,2022-05,5종,7596
278,진교,2022-05,6종,10383
279,곤양,2022-05,1종,156680
279,곤양,2022-05,2종,2962
279,곤양,2022-05,3종,5640
279,곤양,2022-05,4종,4331
279,곤양,2022-05,5종,7787
279,곤양,2022-05,6종,5680
280,거창,2022-05,1종,266962
280,거창,2022-05,2종,8563
280,거창,2022-05,3종,17168
280,거창,2022-05,4종,6174
280,거창,2022-05,5종,9634
280,거창,2022-05,6종,10775
281,매송,2022-05,1종,604603
281,매송,2022-05,2종,14385
281,매송,2022-05,3종,14146
281,매송,2022-05,4종,8739
281,매송,2022-05,5종,14068
281,매송,2022-05,6종,31494
282,비봉,2022-05,1종,711587
282,비봉,2022-05,2종,28919
282,비봉,2022-05,3종,27682
282,비봉,2022-05,4종,21190
282,비봉,2022-05,5종,39245
282,비봉,2022-05,6종,35319
283,발안,2022-05,1종,624482
283,발안,2022-05,2종,29170
283,발안,2022-05,3종,25648
283,발안,2022-05,4종,24883
283,발안,2022-05,5종,37247
283,발안,2022-05,6종,34235
284,남양양,2022-05,1종,131430
284,남양양,2022-05,2종,2109
284,남양양,2022-05,3종,2210
284,남양양,2022-05,4종,1222
284,남양양,2022-05,5종,3385
284,남양양,2022-05,6종,4562
285,서평택,2022-05,1종,579941
285,서평택,2022-05,2종,28120
285,서평택,2022-05,3종,48865
285,서평택,2022-05,4종,73913
285,서평택,2022-05,5종,161637
285,서평택,2022-05,6종,32951
286,통도사휴게소,2022-05,1종,176471
286,통도사휴게소,2022-05,2종,2202
286,통도사휴게소,2022-05,3종,2186
286,통도사휴게소,2022-05,4종,6
286,통도사휴게소,2022-05,5종,13
286,통도사휴게소,2022-05,6종,7124
287,송악,2022-05,1종,647465
287,송악,2022-05,2종,14753
287,송악,2022-05,3종,25280
287,송악,2022-05,4종,27496
287,송악,2022-05,5종,164107
287,송악,2022-05,6종,27252
288,당진,2022-05,1종,536135
288,당진,2022-05,2종,12183
288,당진,2022-05,3종,23416
288,당진,2022-05,4종,17306
288,당진,2022-05,5종,55660
288,당진,2022-05,6종,22961
289,마산,2022-05,1종,1329557
289,마산,2022-05,2종,32384
289,마산,2022-05,3종,51300
289,마산,2022-05,4종,21264
289,마산,2022-05,5종,36758
289,마산,2022-05,6종,66498
290,축동,2022-05,1종,58471
290,축동,2022-05,2종,2906
290,축동,2022-05,3종,1917
290,축동,2022-05,4종,5586
290,축동,2022-05,5종,9996
290,축동,2022-05,6종,2865
291,사천,2022-05,1종,817814
291,사천,2022-05,2종,24631
291,사천,2022-05,3종,25489
291,사천,2022-05,4종,19776
291,사천,2022-05,5종,33459
291,사천,2022-05,6종,40239
292,진주,2022-05,1종,759214
292,진주,2022-05,2종,17911
292,진주,2022-05,3종,34080
292,진주,2022-05,4종,12569
292,진주,2022-05,5종,25778
292,진주,2022-05,6종,41134
293,문산,2022-05,1종,349352
293,문산,2022-05,2종,7639
293,문산,2022-05,3종,9471
293,문산,2022-05,4종,5314
293,문산,2022-05,5종,6892
293,문산,2022-05,6종,18195
294,북창원,2022-05,1종,359220
294,북창원,2022-05,2종,8943
294,북창원,2022-05,3종,7859
294,북창원,2022-05,4종,8149
294,북창원,2022-05,5종,13662
294,북창원,2022-05,6종,19198
295,진성,2022-05,1종,227033
295,진성,2022-05,2종,7557
295,진성,2022-05,3종,9340
295,진성,2022-05,4종,7477
295,진성,2022-05,5종,17725
295,진성,2022-05,6종,8861
296,지수,2022-05,1종,69478
296,지수,2022-05,2종,2386
296,지수,2022-05,3종,3222
296,지수,2022-05,4종,2467
296,지수,2022-05,5종,4231
296,지수,2022-05,6종,4004
297,동충주,2022-05,1종,296104
297,동충주,2022-05,2종,7858
297,동충주,2022-05,3종,11535
297,동충주,2022-05,4종,15005
297,동충주,2022-05,5종,37797
297,동충주,2022-05,6종,8883
298,서산,2022-05,1종,869791
298,서산,2022-05,2종,17420
298,서산,2022-05,3종,36107
298,서산,2022-05,4종,34958
298,서산,2022-05,5종,63273
298,서산,2022-05,6종,29946
299,해미,2022-05,1종,164584
299,해미,2022-05,2종,4608
299,해미,2022-05,3종,7262
299,해미,2022-05,4종,5046
299,해미,2022-05,5종,13686
299,해미,2022-05,6종,6187
500,남여주,2022-05,1종,280412
500,남여주,2022-05,2종,6470
500,남여주,2022-05,3종,9118
500,남여주,2022-05,4종,12872
500,남여주,2022-05,5종,19898
500,남여주,2022-05,6종,8639
501,서김제,2022-05,1종,70761
501,서김제,2022-05,2종,1922
501,서김제,2022-05,3종,4087
501,서김제,2022-05,4종,4330
501,서김제,2022-05,5종,3517
501,서김제,2022-05,6종,1479
502,부안,2022-05,1종,167385
502,부안,2022-05,2종,4337
502,부안,2022-05,3종,10076
502,부안,2022-05,4종,6049
502,부안,2022-05,5종,7738
502,부안,2022-05,6종,3958
503,줄포,2022-05,1종,84263
503,줄포,2022-05,2종,1677
503,줄포,2022-05,3종,3178
503,줄포,2022-05,4종,1867
503,줄포,2022-05,5종,1641
503,줄포,2022-05,6종,1777
504,선운산,2022-05,1종,136894
504,선운산,2022-05,2종,2890
504,선운산,2022-05,3종,7061
504,선운산,2022-05,4종,8588
504,선운산,2022-05,5종,9434
504,선운산,2022-05,6종,3340
505,고창,2022-05,1종,135827
505,고창,2022-05,2종,3089
505,고창,2022-05,3종,4552
505,고창,2022-05,4종,2560
505,고창,2022-05,5종,3217
505,고창,2022-05,6종,3434
506,영광,2022-05,1종,124899
506,영광,2022-05,2종,2818
506,영광,2022-05,3종,6398
506,영광,2022-05,4종,5443
506,영광,2022-05,5종,7564
506,영광,2022-05,6종,2805
507,함평,2022-05,1종,79508
507,함평,2022-05,2종,1597
507,함평,2022-05,3종,4677
507,함평,2022-05,4종,5312
507,함평,2022-05,5종,9574
507,함평,2022-05,6종,1956
508,무안,2022-05,1종,241989
508,무안,2022-05,2종,5360
508,무안,2022-05,3종,7950
508,무안,2022-05,4종,7622
508,무안,2022-05,5종,11058
508,무안,2022-05,6종,7707
509,목포,2022-05,1종,990742
509,목포,2022-05,2종,19669
509,목포,2022-05,3종,31445
509,목포,2022-05,4종,35025
509,목포,2022-05,5종,55959
509,목포,2022-05,6종,27111
510,양양,2022-05,1종,283166
510,양양,2022-05,2종,3422
510,양양,2022-05,3종,7188
510,양양,2022-05,4종,2480
510,양양,2022-05,5종,6346
510,양양,2022-05,6종,9236
511,무창포,2022-05,1종,155167
511,무창포,2022-05,2종,2367
511,무창포,2022-05,3종,5202
511,무창포,2022-05,4종,2616
511,무창포,2022-05,5종,9021
511,무창포,2022-05,6종,3785
512,연화산,2022-05,1종,46220
512,연화산,2022-05,2종,1466
512,연화산,2022-05,3종,1158
512,연화산,2022-05,4종,1376
512,연화산,2022-05,5종,2421
512,연화산,2022-05,6종,2728
513,고성,2022-05,1종,444233
513,고성,2022-05,2종,9353
513,고성,2022-05,3종,16757
513,고성,2022-05,4종,7968
513,고성,2022-05,5종,18394
513,고성,2022-05,6종,24450
514,동고성,2022-05,1종,121839
514,동고성,2022-05,2종,2753
514,동고성,2022-05,3종,5324
514,동고성,2022-05,4종,4255
514,동고성,2022-05,5종,14876
514,동고성,2022-05,6종,10090
515,북통영,2022-05,1종,226074
515,북통영,2022-05,2종,4507
515,북통영,2022-05,3종,11729
515,북통영,2022-05,4종,1635
515,북통영,2022-05,5종,3482
515,북통영,2022-05,6종,11336
516,통영,2022-05,1종,632527
516,통영,2022-05,2종,11665
516,통영,2022-05,3종,21890
516,통영,2022-05,4종,9841
516,통영,2022-05,5종,22445
516,통영,2022-05,6종,34206
517,양평,2022-05,1종,239951
517,양평,2022-05,2종,5193
517,양평,2022-05,3종,7083
517,양평,2022-05,4종,8149
517,양평,2022-05,5종,11796
517,양평,2022-05,6종,8446
518,칠곡물류,2022-05,1종,192594
518,칠곡물류,2022-05,2종,29822
518,칠곡물류,2022-05,3종,27123
518,칠곡물류,2022-05,4종,47451
518,칠곡물류,2022-05,5종,24962
518,칠곡물류,2022-05,6종,7920
519,남대구,2022-05,1종,1881369
519,남대구,2022-05,2종,48605
519,남대구,2022-05,3종,60005
519,남대구,2022-05,4종,37681
519,남대구,2022-05,5종,56455
519,남대구,2022-05,6종,96532
520,평택,2022-05,1종,1067770
520,평택,2022-05,2종,43194
520,평택,2022-05,3종,77370
520,평택,2022-05,4종,61755
520,평택,2022-05,5종,79551
520,평택,2022-05,6종,44877
521,단양,2022-05,1종,108374
521,단양,2022-05,2종,1689
521,단양,2022-05,3종,2117
521,단양,2022-05,4종,1549
521,단양,2022-05,5종,14976
521,단양,2022-05,6종,3694
522,북단양,2022-05,1종,184819
522,북단양,2022-05,2종,3012
522,북단양,2022-05,3종,3468
522,북단양,2022-05,4종,10945
522,북단양,2022-05,5종,77357
522,북단양,2022-05,6종,5760
523,남제천,2022-05,1종,271920
523,남제천,2022-05,2종,4768
523,남제천,2022-05,3종,6138
523,남제천,2022-05,4종,7187
523,남제천,2022-05,5종,46042
523,남제천,2022-05,6종,8072
524,청통와촌,2022-05,1종,345632
524,청통와촌,2022-05,2종,18298
524,청통와촌,2022-05,3종,14243
524,청통와촌,2022-05,4종,9497
524,청통와촌,2022-05,5종,13795
524,청통와촌,2022-05,6종,12368
525,북영천,2022-05,1종,223376
525,북영천,2022-05,2종,5034
525,북영천,2022-05,3종,4749
525,북영천,2022-05,4종,4207
525,북영천,2022-05,5종,8448
525,북영천,2022-05,6종,7949
526,서포항,2022-05,1종,114858
526,서포항,2022-05,2종,2130
526,서포항,2022-05,3종,2092
526,서포항,2022-05,4종,1542
526,서포항,2022-05,5종,4041
526,서포항,2022-05,6종,5283
527,포항,2022-05,1종,951439
527,포항,2022-05,2종,17233
527,포항,2022-05,3종,22235
527,포항,2022-05,4종,14557
527,포항,2022-05,5종,71486
527,포항,2022-05,6종,30162
528,기흥동탄,2022-05,1종,1359797
528,기흥동탄,2022-05,2종,21778
528,기흥동탄,2022-05,3종,108228
528,기흥동탄,2022-05,4종,24664
528,기흥동탄,2022-05,5종,23856
528,기흥동탄,2022-05,6종,64056
529,노포,2022-05,1종,203969
529,노포,2022-05,2종,7307
529,노포,2022-05,3종,22329
529,노포,2022-05,4종,5055
529,노포,2022-05,5종,4403
529,노포,2022-05,6종,10706
530,내장산,2022-05,1종,104950
530,내장산,2022-05,2종,3865
530,내장산,2022-05,3종,4867
530,내장산,2022-05,4종,4363
530,내장산,2022-05,5종,3947
530,내장산,2022-05,6종,2648
531,문의청남대,2022-05,1종,244594
531,문의청남대,2022-05,2종,4738
531,문의청남대,2022-05,3종,9030
531,문의청남대,2022-05,4종,9780
531,문의청남대,2022-05,5종,12389
531,문의청남대,2022-05,6종,8476
532,회인,2022-05,1종,70255
532,회인,2022-05,2종,1069
532,회인,2022-05,3종,950
532,회인,2022-05,4종,871
532,회인,2022-05,5종,1403
532,회인,2022-05,6종,2532
533,보은,2022-05,1종,174019
533,보은,2022-05,2종,4792
533,보은,2022-05,3종,5750
533,보은,2022-05,4종,6074
533,보은,2022-05,5종,6478
533,보은,2022-05,6종,6708
534,속리산,2022-05,1종,84338
534,속리산,2022-05,2종,1674
534,속리산,2022-05,3종,2469
534,속리산,2022-05,4종,2470
534,속리산,2022-05,5종,3152
534,속리산,2022-05,6종,3037
535,화서,2022-05,1종,73771
535,화서,2022-05,2종,1598
535,화서,2022-05,3종,2937
535,화서,2022-05,4종,2939
535,화서,2022-05,5종,6761
535,화서,2022-05,6종,2689
536,남상주,2022-05,1종,155375
536,남상주,2022-05,2종,4184
536,남상주,2022-05,3종,12449
536,남상주,2022-05,4종,9331
536,남상주,2022-05,5종,6238
536,남상주,2022-05,6종,5435
537,남김천,2022-05,1종,107334
537,남김천,2022-05,2종,3816
537,남김천,2022-05,3종,6847
537,남김천,2022-05,4종,8236
537,남김천,2022-05,5종,18776
537,남김천,2022-05,6종,3809
538,성주,2022-05,1종,136558
538,성주,2022-05,2종,5723
538,성주,2022-05,3종,8993
538,성주,2022-05,4종,10907
538,성주,2022-05,5종,12916
538,성주,2022-05,6종,4608
539,남성주,2022-05,1종,88476
539,남성주,2022-05,2종,5660
539,남성주,2022-05,3종,6603
539,남성주,2022-05,4종,7110
539,남성주,2022-05,5종,11601
539,남성주,2022-05,6종,2769
540,청북,2022-05,1종,553276
540,청북,2022-05,2종,37916
540,청북,2022-05,3종,49521
540,청북,2022-05,4종,61292
540,청북,2022-05,5종,66929
540,청북,2022-05,6종,27728
541,송탄,2022-05,1종,556628
541,송탄,2022-05,2종,30293
541,송탄,2022-05,3종,33886
541,송탄,2022-05,4종,42442
541,송탄,2022-05,5종,38270
541,송탄,2022-05,6종,30265
542,서안성,2022-05,1종,738485
542,서안성,2022-05,2종,32511
542,서안성,2022-05,3종,53130
542,서안성,2022-05,4종,78331
542,서안성,2022-05,5종,55048
542,서안성,2022-05,6종,33675
543,남안성,2022-05,1종,772420
543,남안성,2022-05,2종,45946
543,남안성,2022-05,3종,53910
543,남안성,2022-05,4종,68717
543,남안성,2022-05,5종,72703
543,남안성,2022-05,6종,35561
544,완주,2022-05,1종,329011
544,완주,2022-05,2종,8422
544,완주,2022-05,3종,17439
544,완주,2022-05,4종,22374
544,완주,2022-05,5종,53498
544,완주,2022-05,6종,8199
545,소양,2022-05,1종,196685
545,소양,2022-05,2종,3244
545,소양,2022-05,3종,10689
545,소양,2022-05,4종,5074
545,소양,2022-05,5종,7527
545,소양,2022-05,6종,5036
546,진안,2022-05,1종,72243
546,진안,2022-05,2종,1972
546,진안,2022-05,3종,4139
546,진안,2022-05,4종,1879
546,진안,2022-05,5종,3746
546,진안,2022-05,6종,2106
547,무안공항,2022-05,1종,55298
547,무안공항,2022-05,2종,472
547,무안공항,2022-05,3종,726
547,무안공항,2022-05,4종,830
547,무안공항,2022-05,5종,1831
547,무안공항,2022-05,6종,1059
548,북무안,2022-05,1종,189535
548,북무안,2022-05,2종,3844
548,북무안,2022-05,3종,6340
548,북무안,2022-05,4종,7589
548,북무안,2022-05,5종,7081
548,북무안,2022-05,6종,4418
549,동함평,2022-05,1종,281516
549,동함평,2022-05,2종,3817
549,동함평,2022-05,3종,5418
549,동함평,2022-05,4종,3228
549,동함평,2022-05,5종,4927
549,동함평,2022-05,6종,8688
550,문평,2022-05,1종,63366
550,문평,2022-05,2종,1085
550,문평,2022-05,3종,1660
550,문평,2022-05,4종,1298
550,문평,2022-05,5종,12514
550,문평,2022-05,6종,1683
551,나주,2022-05,1종,95633
551,나주,2022-05,2종,1955
551,나주,2022-05,3종,2168
551,나주,2022-05,4종,4118
551,나주,2022-05,5종,4076
551,나주,2022-05,6종,3486
552,서광산,2022-05,1종,371232
552,서광산,2022-05,2종,13323
552,서광산,2022-05,3종,13867
552,서광산,2022-05,4종,13051
552,서광산,2022-05,5종,15140
552,서광산,2022-05,6종,11564
553,동광산,2022-05,1종,1404738
553,동광산,2022-05,2종,25807
553,동광산,2022-05,3종,33115
553,동광산,2022-05,4종,29352
553,동광산,2022-05,5종,38978
553,동광산,2022-05,6종,40843
554,동홍천,2022-05,1종,365416
554,동홍천,2022-05,2종,5136
554,동홍천,2022-05,3종,8018
554,동홍천,2022-05,4종,3880
554,동홍천,2022-05,5종,5226
554,동홍천,2022-05,6종,13651
555,북진천,2022-05,1종,408158
555,북진천,2022-05,2종,30896
555,북진천,2022-05,3종,41356
555,북진천,2022-05,4종,48323
555,북진천,2022-05,5종,48832
555,북진천,2022-05,6종,15339
556,동순천,2022-05,1종,433622
556,동순천,2022-05,2종,5880
556,동순천,2022-05,3종,15354
556,동순천,2022-05,4종,15939
556,동순천,2022-05,5종,54356
556,동순천,2022-05,6종,9432
557,황전,2022-05,1종,144916
557,황전,2022-05,2종,1915
557,황전,2022-05,3종,2292
557,황전,2022-05,4종,1921
557,황전,2022-05,5종,5603
557,황전,2022-05,6종,4383
558,구례화엄사,2022-05,1종,152520
558,구례화엄사,2022-05,2종,3010
558,구례화엄사,2022-05,3종,4650
558,구례화엄사,2022-05,4종,4230
558,구례화엄사,2022-05,5종,6921
558,구례화엄사,2022-05,6종,3920
559,서남원,2022-05,1종,115124
559,서남원,2022-05,2종,2790
559,서남원,2022-05,3종,4556
559,서남원,2022-05,4종,4952
559,서남원,2022-05,5종,11328
559,서남원,2022-05,6종,3437
560,감곡,2022-05,1종,348616
560,감곡,2022-05,2종,8623
560,감곡,2022-05,3종,12519
560,감곡,2022-05,4종,15423
560,감곡,2022-05,5종,31108
560,감곡,2022-05,6종,10925
561,북충주,2022-05,1종,233985
561,북충주,2022-05,2종,5843
561,북충주,2022-05,3종,9655
561,북충주,2022-05,4종,5490
561,북충주,2022-05,5종,8371
561,북충주,2022-05,6종,7693
562,충주,2022-05,1종,176327
562,충주,2022-05,2종,4262
562,충주,2022-05,3종,10167
562,충주,2022-05,4종,13589
562,충주,2022-05,5종,12131
562,충주,2022-05,6종,5853
563,괴산,2022-05,1종,72526
563,괴산,2022-05,2종,1518
563,괴산,2022-05,3종,2790
563,괴산,2022-05,4종,3266
563,괴산,2022-05,5종,6525
563,괴산,2022-05,6종,2260
564,연풍,2022-05,1종,83878
564,연풍,2022-05,2종,2862
564,연풍,2022-05,3종,6922
564,연풍,2022-05,4종,10994
564,연풍,2022-05,5종,8732
564,연풍,2022-05,6종,2204
565,문경새재,2022-05,1종,127511
565,문경새재,2022-05,2종,2957
565,문경새재,2022-05,3종,5690
565,문경새재,2022-05,4종,5788
565,문경새재,2022-05,5종,6057
565,문경새재,2022-05,6종,3757
566,점촌함창,2022-05,1종,132546
566,점촌함창,2022-05,2종,2857
566,점촌함창,2022-05,3종,6833
566,점촌함창,2022-05,4종,4940
566,점촌함창,2022-05,5종,6465
566,점촌함창,2022-05,6종,3885
567,남고창,2022-05,1종,179957
567,남고창,2022-05,2종,3703
567,남고창,2022-05,3종,5435
567,남고창,2022-05,4종,2720
567,남고창,2022-05,5종,4256
567,남고창,2022-05,6종,5357
568,장성물류,2022-05,1종,59427
568,장성물류,2022-05,2종,7243
568,장성물류,2022-05,3종,5111
568,장성물류,2022-05,4종,6555
568,장성물류,2022-05,5종,8947
568,장성물류,2022-05,6종,1382
569,북광주,2022-05,1종,550021
569,북광주,2022-05,2종,17690
569,북광주,2022-05,3종,19030
569,북광주,2022-05,4종,28377
569,북광주,2022-05,5종,43181
569,북광주,2022-05,6종,14690
570,북상주,2022-05,1종,145155
570,북상주,2022-05,2종,4972
570,북상주,2022-05,3종,9413
570,북상주,2022-05,4종,14035
570,북상주,2022-05,5종,8075
570,북상주,2022-05,6종,4325
571,면천,2022-05,1종,138071
571,면천,2022-05,2종,2652
571,면천,2022-05,3종,3747
571,면천,2022-05,4종,4531
571,면천,2022-05,5종,9385
571,면천,2022-05,6종,5026
572,고덕,2022-05,1종,180490
572,고덕,2022-05,2종,4359
572,고덕,2022-05,3종,7695
572,고덕,2022-05,4종,6652
572,고덕,2022-05,5종,10909
572,고덕,2022-05,6종,6167
573,예산수덕사,2022-05,1종,412118
573,예산수덕사,2022-05,2종,10926
573,예산수덕사,2022-05,3종,12912
573,예산수덕사,2022-05,4종,17265
573,예산수덕사,2022-05,5종,22605
573,예산수덕사,2022-05,6종,13200
574,신양,2022-05,1종,89797
574,신양,2022-05,2종,1893
574,신양,2022-05,3종,2500
574,신양,2022-05,4종,2431
574,신양,2022-05,5종,4266
574,신양,2022-05,6종,2849
575,유구,2022-05,1종,161212
575,유구,2022-05,2종,2686
575,유구,2022-05,3종,3277
575,유구,2022-05,4종,3258
575,유구,2022-05,5종,4111
575,유구,2022-05,6종,4910
576,마곡사,2022-05,1종,81123
576,마곡사,2022-05,2종,1299
576,마곡사,2022-05,3종,1618
576,마곡사,2022-05,4종,1588
576,마곡사,2022-05,5종,1692
576,마곡사,2022-05,6종,2667
577,공주,2022-05,1종,223720
577,공주,2022-05,2종,5090
577,공주,2022-05,3종,8986
577,공주,2022-05,4종,3697
577,공주,2022-05,5종,4895
577,공주,2022-05,6종,8340
578,서세종,2022-05,1종,373870
578,서세종,2022-05,2종,10421
578,서세종,2022-05,3종,9725
578,서세종,2022-05,4종,7729
578,서세종,2022-05,5종,19141
578,서세종,2022-05,6종,13394
579,남세종,2022-05,1종,603408
579,남세종,2022-05,2종,8564
579,남세종,2022-05,3종,9521
579,남세종,2022-05,4종,7192
579,남세종,2022-05,5종,11017
579,남세종,2022-05,6종,26116
580,북강릉,2022-05,1종,368751
580,북강릉,2022-05,2종,7526
580,북강릉,2022-05,3종,7705
580,북강릉,2022-05,4종,3561
580,북강릉,2022-05,5종,8375
580,북강릉,2022-05,6종,14136
581,옥계,2022-05,1종,96683
581,옥계,2022-05,2종,1823
581,옥계,2022-05,3종,1467
581,옥계,2022-05,4종,2672
581,옥계,2022-05,5종,19636
581,옥계,2022-05,6종,5028
582,망상,2022-05,1종,162825
582,망상,2022-05,2종,3148
582,망상,2022-05,3종,7145
582,망상,2022-05,4종,1059
582,망상,2022-05,5종,4342
582,망상,2022-05,6종,8591
583,동해,2022-05,1종,351178
583,동해,2022-05,2종,6628
583,동해,2022-05,3종,11771
583,동해,2022-05,4종,5273
583,동해,2022-05,5종,33308
583,동해,2022-05,6종,18380
584,남강릉,2022-05,1종,175800
584,남강릉,2022-05,2종,5452
584,남강릉,2022-05,3종,4067
584,남강릉,2022-05,4종,2933
584,남강릉,2022-05,5종,7111
584,남강릉,2022-05,6종,8901
585,하조대,2022-05,1종,188409
585,하조대,2022-05,2종,3065
585,하조대,2022-05,3종,3987
585,하조대,2022-05,4종,1360
585,하조대,2022-05,5종,2697
585,하조대,2022-05,6종,6983
586,북남원,2022-05,1종,69346
586,북남원,2022-05,2종,1916
586,북남원,2022-05,3종,1730
586,북남원,2022-05,4종,1862
586,북남원,2022-05,5종,4222
586,북남원,2022-05,6종,1666
587,오수,2022-05,1종,197780
587,오수,2022-05,2종,3518
587,오수,2022-05,3종,8191
587,오수,2022-05,4종,7572
587,오수,2022-05,5종,14758
587,오수,2022-05,6종,5284
588,임실,2022-05,1종,78587
588,임실,2022-05,2종,1975
588,임실,2022-05,3종,3221
588,임실,2022-05,4종,1894
588,임실,2022-05,5종,4916
588,임실,2022-05,6종,2325
589,상관,2022-05,1종,242461
589,상관,2022-05,2종,3556
589,상관,2022-05,3종,11869
589,상관,2022-05,4종,6402
589,상관,2022-05,5종,27993
589,상관,2022-05,6종,5585
590,동전주,2022-05,1종,260174
590,동전주,2022-05,2종,4042
590,동전주,2022-05,3종,4012
590,동전주,2022-05,4종,2725
590,동전주,2022-05,5종,5403
590,동전주,2022-05,6종,8051
591,동서천,2022-05,1종,92913
591,동서천,2022-05,2종,1756
591,동서천,2022-05,3종,3403
591,동서천,2022-05,4종,4937
591,동서천,2022-05,5종,18365
591,동서천,2022-05,6종,2787
592,서부여,2022-05,1종,98357
592,서부여,2022-05,2종,2095
592,서부여,2022-05,3종,3061
592,서부여,2022-05,4종,2347
592,서부여,2022-05,5종,3686
592,서부여,2022-05,6종,3274
593,부여,2022-05,1종,125847
593,부여,2022-05,2종,2036
593,부여,2022-05,3종,3983
593,부여,2022-05,4종,3829
593,부여,2022-05,5종,5123
593,부여,2022-05,6종,3661
594,칠갑산,2022-05,1종,43820
594,칠갑산,2022-05,2종,818
594,칠갑산,2022-05,3종,1745
594,칠갑산,2022-05,4종,1368
594,칠갑산,2022-05,5종,1715
594,칠갑산,2022-05,6종,1344
595,서공주,2022-05,1종,185607
595,서공주,2022-05,2종,4270
595,서공주,2022-05,3종,5384
595,서공주,2022-05,4종,5544
595,서공주,2022-05,5종,8244
595,서공주,2022-05,6종,5492
596,가락2,2022-05,1종,32890
596,가락2,2022-05,2종,1839
596,가락2,2022-05,3종,2743
596,가락2,2022-05,4종,5048
596,가락2,2022-05,5종,8239
596,가락2,2022-05,6종,1519
597,서여주,2022-05,1종,221068
597,서여주,2022-05,2종,7153
597,서여주,2022-05,3종,13773
597,서여주,2022-05,4종,12097
597,서여주,2022-05,5종,14009
597,서여주,2022-05,6종,9209
598,북여주,2022-05,1종,287609
598,북여주,2022-05,2종,7272
598,북여주,2022-05,3종,12067
598,북여주,2022-05,4종,7496
598,북여주,2022-05,5종,9245
598,북여주,2022-05,6종,10138
599,양촌,2022-05,1종,78252
599,양촌,2022-05,2종,1352
599,양촌,2022-05,3종,410
599,양촌,2022-05,4종,16
599,양촌,2022-05,5종,61
599,양촌,2022-05,6종,2563
601,남천안,2022-05,1종,319715
601,남천안,2022-05,2종,10954
601,남천안,2022-05,3종,14958
601,남천안,2022-05,4종,17916
601,남천안,2022-05,5종,20339
601,남천안,2022-05,6종,11533
602,풍세상,2022-05,1종,1980754
602,풍세상,2022-05,2종,38998
602,풍세상,2022-05,3종,101322
602,풍세상,2022-05,4종,94172
602,풍세상,2022-05,5종,141892
602,풍세상,2022-05,6종,45848
603,정안,2022-05,1종,419310
603,정안,2022-05,2종,7917
603,정안,2022-05,3종,18234
603,정안,2022-05,4종,10898
603,정안,2022-05,5종,15368
603,정안,2022-05,6종,13364
604,남공주,2022-05,1종,106917
604,남공주,2022-05,2종,4018
604,남공주,2022-05,3종,4815
604,남공주,2022-05,4종,4174
604,남공주,2022-05,5종,8970
604,남공주,2022-05,6종,3302
605,탄천,2022-05,1종,39601
605,탄천,2022-05,2종,1941
605,탄천,2022-05,3종,2187
605,탄천,2022-05,4종,3607
605,탄천,2022-05,5종,6059
605,탄천,2022-05,6종,1474
606,서논산,2022-05,1종,179425
606,서논산,2022-05,2종,6671
606,서논산,2022-05,3종,10856
606,서논산,2022-05,4종,13391
606,서논산,2022-05,5종,14251
606,서논산,2022-05,6종,5688
607,연무,2022-05,1종,194394
607,연무,2022-05,2종,6572
607,연무,2022-05,3종,12165
607,연무,2022-05,4종,12625
607,연무,2022-05,5종,11525
607,연무,2022-05,6종,5465
608,남논산하,2022-05,1종,1204356
608,남논산하,2022-05,2종,19220
608,남논산하,2022-05,3종,59996
608,남논산하,2022-05,4종,46612
608,남논산하,2022-05,5종,84962
608,남논산하,2022-05,6종,21998
612,풍세하,2022-05,1종,1847152
612,풍세하,2022-05,2종,35214
612,풍세하,2022-05,3종,97686
612,풍세하,2022-05,4종,70644
612,풍세하,2022-05,5종,106944
612,풍세하,2022-05,6종,42638
613,남풍세,2022-05,1종,724027
613,남풍세,2022-05,2종,24822
613,남풍세,2022-05,3종,48921
613,남풍세,2022-05,4종,68833
613,남풍세,2022-05,5종,106621
613,남풍세,2022-05,6종,23027
618,남논산상,2022-05,1종,1209888
618,남논산상,2022-05,2종,19570
618,남논산상,2022-05,3종,59646
618,남논산상,2022-05,4종,49460
618,남논산상,2022-05,5종,94544
618,남논산상,2022-05,6종,21914
621,동대구,2022-05,1종,944900
621,동대구,2022-05,2종,22438
621,동대구,2022-05,3종,30370
621,동대구,2022-05,4종,21800
621,동대구,2022-05,5종,27002
621,동대구,2022-05,6종,40135
622,대구,2022-05,1종,1603222
622,대구,2022-05,2종,41164
622,대구,2022-05,3종,36948
622,대구,2022-05,4종,54306
622,대구,2022-05,5종,121386
622,대구,2022-05,6종,46914
623,수성,2022-05,1종,1065987
623,수성,2022-05,2종,19917
623,수성,2022-05,3종,14997
623,수성,2022-05,4종,11102
623,수성,2022-05,5종,16444
623,수성,2022-05,6종,41934
624,청도,2022-05,1종,350250
624,청도,2022-05,2종,9013
624,청도,2022-05,3종,9304
624,청도,2022-05,4종,9015
624,청도,2022-05,5종,11193
624,청도,2022-05,6종,13250
625,밀양,2022-05,1종,444047
625,밀양,2022-05,2종,11460
625,밀양,2022-05,3종,10948
625,밀양,2022-05,4종,9947
625,밀양,2022-05,5종,16780
625,밀양,2022-05,6종,17105
626,남밀양,2022-05,1종,510565
626,남밀양,2022-05,2종,17762
626,남밀양,2022-05,3종,16964
626,남밀양,2022-05,4종,15323
626,남밀양,2022-05,5종,26444
626,남밀양,2022-05,6종,24744
627,삼랑진,2022-05,1종,296662
627,삼랑진,2022-05,2종,8873
627,삼랑진,2022-05,3종,9862
627,삼랑진,2022-05,4종,8530
627,삼랑진,2022-05,5종,24436
627,삼랑진,2022-05,6종,15290
628,상동,2022-05,1종,152929
628,상동,2022-05,2종,20414
628,상동,2022-05,3종,14583
628,상동,2022-05,4종,16281
628,상동,2022-05,5종,14240
628,상동,2022-05,6종,8149
629,김해부산,2022-05,1종,1376550
629,김해부산,2022-05,2종,44720
629,김해부산,2022-05,3종,35166
629,김해부산,2022-05,4종,47688
629,김해부산,2022-05,5종,113644
629,김해부산,2022-05,6종,44512
641,울산,2022-05,1종,1221759
641,울산,2022-05,2종,28970
641,울산,2022-05,3종,46036
641,울산,2022-05,4종,28274
641,울산,2022-05,5종,64795
641,울산,2022-05,6종,57296
642,문수,2022-05,1종,309038
642,문수,2022-05,2종,7119
642,문수,2022-05,3종,13329
642,문수,2022-05,4종,12120
642,문수,2022-05,5종,16454
642,문수,2022-05,6종,15918
643,청량,2022-05,1종,877775
643,청량,2022-05,2종,17575
643,청량,2022-05,3종,32025
643,청량,2022-05,4종,48444
643,청량,2022-05,5종,201183
643,청량,2022-05,6종,46866
644,온양,2022-05,1종,197208
644,온양,2022-05,2종,5257
644,온양,2022-05,3종,4748
644,온양,2022-05,4종,4027
644,온양,2022-05,5종,12542
644,온양,2022-05,6종,12236
645,장안,2022-05,1종,410174
645,장안,2022-05,2종,7312
645,장안,2022-05,3종,11469
645,장안,2022-05,4종,10545
645,장안,2022-05,5종,21737
645,장안,2022-05,6종,21536
646,기장일광,2022-05,1종,619350
646,기장일광,2022-05,2종,5120
646,기장일광,2022-05,3종,8003
646,기장일광,2022-05,4종,7463
646,기장일광,2022-05,5종,36647
646,기장일광,2022-05,6종,30869
647,해운대송정,2022-05,1종,287499
647,해운대송정,2022-05,2종,2756
647,해운대송정,2022-05,3종,2324
647,해운대송정,2022-05,4종,1715
647,해운대송정,2022-05,5종,1998
647,해운대송정,2022-05,6종,15260
648,해운대,2022-05,1종,1407359
648,해운대,2022-05,2종,11377
648,해운대,2022-05,3종,15739
648,해운대,2022-05,4종,9260
648,해운대,2022-05,5종,55115
648,해운대,2022-05,6종,69134
651,남양주,2022-05,1종,2630113
651,남양주,2022-05,2종,43377
651,남양주,2022-05,3종,60618
651,남양주,2022-05,4종,32264
651,남양주,2022-05,5종,26797
651,남양주,2022-05,6종,114587
652,화도,2022-05,1종,1517080
652,화도,2022-05,2종,35942
652,화도,2022-05,3종,34180
652,화도,2022-05,4종,28111
652,화도,2022-05,5종,21443
652,화도,2022-05,6종,85382
653,서종,2022-05,1종,303933
653,서종,2022-05,2종,2995
653,서종,2022-05,3종,1630
653,서종,2022-05,4종,1777
653,서종,2022-05,5종,2773
653,서종,2022-05,6종,13988
654,설악,2022-05,1종,493176
654,설악,2022-05,2종,4389
654,설악,2022-05,3종,6070
654,설악,2022-05,4종,2363
654,설악,2022-05,5종,3663
654,설악,2022-05,6종,18564
655,강촌,2022-05,1종,289686
655,강촌,2022-05,2종,3618
655,강촌,2022-05,3종,7506
655,강촌,2022-05,4종,2710
655,강촌,2022-05,5종,3602
655,강촌,2022-05,6종,9779
656,남춘천,2022-05,1종,288254
656,남춘천,2022-05,2종,3231
656,남춘천,2022-05,3종,3953
656,남춘천,2022-05,4종,2757
656,남춘천,2022-05,5종,7343
656,남춘천,2022-05,6종,8385
657,동산,2022-05,1종,1293320
657,동산,2022-05,2종,19532
657,동산,2022-05,3종,33708
657,동산,2022-05,4종,8538
657,동산,2022-05,5종,21594
657,동산,2022-05,6종,47498
658,조양,2022-05,1종,39822
658,조양,2022-05,2종,524
658,조양,2022-05,3종,1130
658,조양,2022-05,4종,1076
658,조양,2022-05,5종,2311
658,조양,2022-05,6종,1551
671,봉담,2022-05,1종,1508423
671,봉담,2022-05,2종,41695
671,봉담,2022-05,3종,37686
671,봉담,2022-05,4종,27707
671,봉담,2022-05,5종,45247
671,봉담,2022-05,6종,88816
672,정남,2022-05,1종,450607
672,정남,2022-05,2종,21718
672,정남,2022-05,3종,12052
672,정남,2022-05,4종,13644
672,정남,2022-05,5종,15575
672,정남,2022-05,6종,27046
673,북오산,2022-05,1종,1311074
673,북오산,2022-05,2종,29416
673,북오산,2022-05,3종,39065
673,북오산,2022-05,4종,20947
673,북오산,2022-05,5종,14708
673,북오산,2022-05,6종,78042
675,서오산,2022-05,1종,1309030
675,서오산,2022-05,2종,26937
675,서오산,2022-05,3종,30351
675,서오산,2022-05,4종,20116
675,서오산,2022-05,5종,24776
675,서오산,2022-05,6종,71129
676,향남,2022-05,1종,523448
676,향남,2022-05,2종,29140
676,향남,2022-05,3종,21101
676,향남,2022-05,4종,21307
676,향남,2022-05,5종,23379
676,향남,2022-05,6종,31822
677,북평택,2022-05,1종,2403201
677,북평택,2022-05,2종,54597
677,북평택,2022-05,3종,82392
677,북평택,2022-05,4종,59511
677,북평택,2022-05,5종,62682
677,북평택,2022-05,6종,114488
681,장안본선,2022-05,1종,1257426
681,장안본선,2022-05,2종,70490
681,장안본선,2022-05,3종,166198
681,장안본선,2022-05,4종,90124
681,장안본선,2022-05,5종,213068
681,장안본선,2022-05,6종,51278
682,조암,2022-05,1종,363680
682,조암,2022-05,2종,34055
682,조암,2022-05,3종,38518
682,조암,2022-05,4종,34922
682,조암,2022-05,5종,46902
682,조암,2022-05,6종,16873
683,송산마도,2022-05,1종,850471
683,송산마도,2022-05,2종,41907
683,송산마도,2022-05,3종,37634
683,송산마도,2022-05,4종,37620
683,송산마도,2022-05,5종,83631
683,송산마도,2022-05,6종,40530
684,남안산,2022-05,1종,780831
684,남안산,2022-05,2종,64548
684,남안산,2022-05,3종,61595
684,남안산,2022-05,4종,70698
684,남안산,2022-05,5종,88417
684,남안산,2022-05,6종,40395
685,서시흥,2022-05,1종,1526595
685,서시흥,2022-05,2종,68968
685,서시흥,2022-05,3종,85725
685,서시흥,2022-05,4종,97768
685,서시흥,2022-05,5종,216646
685,서시흥,2022-05,6종,70812
701,북양양,2022-05,1종,260387
701,북양양,2022-05,2종,3858
701,북양양,2022-05,3종,4644
701,북양양,2022-05,4종,1348
701,북양양,2022-05,5종,2338
701,북양양,2022-05,6종,9466
702,속초,2022-05,1종,364384
702,속초,2022-05,2종,6520
702,속초,2022-05,3종,7759
702,속초,2022-05,4종,3488
702,속초,2022-05,5종,7858
702,속초,2022-05,6종,11113
703,삼척,2022-05,1종,188391
703,삼척,2022-05,2종,3581
703,삼척,2022-05,3종,6053
703,삼척,2022-05,4종,2355
703,삼척,2022-05,5종,7158
703,삼척,2022-05,6종,9107
704,근덕,2022-05,1종,204101
704,근덕,2022-05,2종,3368
704,근덕,2022-05,3종,5215
704,근덕,2022-05,4종,2964
704,근덕,2022-05,5종,15729
704,근덕,2022-05,6종,7353
705,남이천,2022-05,1종,352541
705,남이천,2022-05,2종,17350
705,남이천,2022-05,3종,16862
705,남이천,2022-05,4종,29270
705,남이천,2022-05,5종,23079
705,남이천,2022-05,6종,11925
706,남경주,2022-05,1종,318172
706,남경주,2022-05,2종,5063
706,남경주,2022-05,3종,10505
706,남경주,2022-05,4종,6421
706,남경주,2022-05,5종,18367
706,남경주,2022-05,6종,14000
707,남포항,2022-05,1종,503234
707,남포항,2022-05,2종,7476
707,남포항,2022-05,3종,13479
707,남포항,2022-05,4종,10689
707,남포항,2022-05,5종,90068
707,남포항,2022-05,6종,19229
708,동경주,2022-05,1종,179391
708,동경주,2022-05,2종,2091
708,동경주,2022-05,3종,2180
708,동경주,2022-05,4종,1569
708,동경주,2022-05,5종,14859
708,동경주,2022-05,6종,7452
710,밀양출구JC,2022-05,1종,108301
710,밀양출구JC,2022-05,2종,4568
710,밀양출구JC,2022-05,3종,8863
710,밀양출구JC,2022-05,4종,4221
710,밀양출구JC,2022-05,5종,10175
710,밀양출구JC,2022-05,6종,4156
711,불갑산(목포),2022-05,1종,17189
711,불갑산(목포),2022-05,2종,204
711,불갑산(목포),2022-05,3종,247
711,불갑산(목포),2022-05,4종,21
711,불갑산(목포),2022-05,5종,148
711,불갑산(목포),2022-05,6종,405
712,동상주,2022-05,1종,88580
712,동상주,2022-05,2종,2543
712,동상주,2022-05,3종,4274
712,동상주,2022-05,4종,4134
712,동상주,2022-05,5종,4376
712,동상주,2022-05,6종,2490
713,서의성,2022-05,1종,63688
713,서의성,2022-05,2종,1734
713,서의성,2022-05,3종,3249
713,서의성,2022-05,4종,3208
713,서의성,2022-05,5종,3142
713,서의성,2022-05,6종,2481
714,북의성,2022-05,1종,56253
714,북의성,2022-05,2종,1428
714,북의성,2022-05,3종,1621
714,북의성,2022-05,4종,1302
714,북의성,2022-05,5종,2483
714,북의성,2022-05,6종,1884
715,동안동,2022-05,1종,138678
715,동안동,2022-05,2종,2207
715,동안동,2022-05,3종,2674
715,동안동,2022-05,4종,1732
715,동안동,2022-05,5종,5731
715,동안동,2022-05,6종,4815
716,청송,2022-05,1종,164549
716,청송,2022-05,2종,2968
716,청송,2022-05,3종,2680
716,청송,2022-05,4종,2176
716,청송,2022-05,5종,3322
716,청송,2022-05,6종,5520
720,밀양입구JC,2022-05,1종,107066
720,밀양입구JC,2022-05,2종,3966
720,밀양입구JC,2022-05,3종,10266
720,밀양입구JC,2022-05,4종,3716
720,밀양입구JC,2022-05,5종,10082
720,밀양입구JC,2022-05,6종,4165
722,활천,2022-05,1종,94148
722,활천,2022-05,2종,6820
722,활천,2022-05,3종,10495
722,활천,2022-05,4종,10854
722,활천,2022-05,5종,16992
722,활천,2022-05,6종,3311
723,북구미,2022-05,1종,243508
723,북구미,2022-05,2종,3845
723,북구미,2022-05,3종,1755
723,북구미,2022-05,4종,275
723,북구미,2022-05,5종,514
723,북구미,2022-05,6종,10674
724,서함양,2022-05,1종,14955
724,서함양,2022-05,2종,183
724,서함양,2022-05,3종,98
724,서함양,2022-05,4종,8
724,서함양,2022-05,5종,14
724,서함양,2022-05,6종,431
725,임고,2022-05,1종,40589
725,임고,2022-05,2종,329
725,임고,2022-05,3종,90
725,임고,2022-05,4종,38
725,임고,2022-05,5종,94
725,임고,2022-05,6종,812
729,신둔,2022-05,1종,40702
729,신둔,2022-05,2종,3843
729,신둔,2022-05,3종,563
729,신둔,2022-05,4종,0
729,신둔,2022-05,5종,3
729,신둔,2022-05,6종,2142
730,유천,2022-05,1종,453431
730,유천,2022-05,2종,8654
730,유천,2022-05,3종,2161
730,유천,2022-05,4종,242
730,유천,2022-05,5종,1026
730,유천,2022-05,6종,22901
731,북현풍,2022-05,1종,164131
731,북현풍,2022-05,2종,2678
731,북현풍,2022-05,3종,1127
731,북현풍,2022-05,4종,12
731,북현풍,2022-05,5종,1363
731,북현풍,2022-05,6종,9398
732,행담도,2022-05,1종,31656
732,행담도,2022-05,2종,475
732,행담도,2022-05,3종,179
732,행담도,2022-05,4종,223
732,행담도,2022-05,5종,127
732,행담도,2022-05,6종,1400
733,옥산,2022-05,1종,163151
733,옥산,2022-05,2종,5412
733,옥산,2022-05,3종,1314
733,옥산,2022-05,4종,92
733,옥산,2022-05,5종,72
733,옥산,2022-05,6종,5762
734,동둔내,2022-05,1종,4528
734,동둔내,2022-05,2종,46
734,동둔내,2022-05,3종,11
734,동둔내,2022-05,4종,1
734,동둔내,2022-05,5종,1
734,동둔내,2022-05,6종,86
735,남양평,2022-05,1종,142514
735,남양평,2022-05,2종,2576
735,남양평,2022-05,3종,699
735,남양평,2022-05,4종,71
735,남양평,2022-05,5종,59
735,남양평,2022-05,6종,5712
736,삼성,2022-05,1종,127483
736,삼성,2022-05,2종,8726
736,삼성,2022-05,3종,515
736,삼성,2022-05,4종,70
736,삼성,2022-05,5종,67
736,삼성,2022-05,6종,4153
741,평택고덕,2022-05,1종,542110
741,평택고덕,2022-05,2종,10805
741,평택고덕,2022-05,3종,45406
741,평택고덕,2022-05,4종,16927
741,평택고덕,2022-05,5종,25824
741,평택고덕,2022-05,6종,32628
746,기장일광입구,2022-05,1종,205654
746,기장일광입구,2022-05,2종,3368
746,기장일광입구,2022-05,3종,437
746,기장일광입구,2022-05,4종,80
746,기장일광입구,2022-05,5종,234
746,기장일광입구,2022-05,6종,11640
747,척과구룡,2022-05,1종,88987
747,척과구룡,2022-05,2종,5823
747,척과구룡,2022-05,3종,10328
747,척과구룡,2022-05,4종,6395
747,척과구룡,2022-05,5종,12090
747,척과구룡,2022-05,6종,3721
748,동청송영양,2022-05,1종,94620
748,동청송영양,2022-05,2종,1304
748,동청송영양,2022-05,3종,1554
748,동청송영양,2022-05,4종,750
748,동청송영양,2022-05,5종,2004
748,동청송영양,2022-05,6종,2535
749,영덕,2022-05,1종,257442
749,영덕,2022-05,2종,3079
749,영덕,2022-05,3종,5476
749,영덕,2022-05,4종,2556
749,영덕,2022-05,5종,8667
749,영덕,2022-05,6종,6656
750,기장동JC,2022-05,1종,396293
750,기장동JC,2022-05,2종,9921
750,기장동JC,2022-05,3종,17587
750,기장동JC,2022-05,4종,5640
750,기장동JC,2022-05,5종,40209
750,기장동JC,2022-05,6종,23407
751,기장일광(KEC),2022-05,1종,317907
751,기장일광(KEC),2022-05,2종,4582
751,기장일광(KEC),2022-05,3종,4362
751,기장일광(KEC),2022-05,4종,4342
751,기장일광(KEC),2022-05,5종,16594
751,기장일광(KEC),2022-05,6종,19400
752,기장철마,2022-05,1종,693681
752,기장철마,2022-05,2종,14015
752,기장철마,2022-05,3종,11566
752,기장철마,2022-05,4종,10193
752,기장철마,2022-05,5종,31197
752,기장철마,2022-05,6종,42506
753,금정,2022-05,1종,321807
753,금정,2022-05,2종,10171
753,금정,2022-05,3종,10421
753,금정,2022-05,4종,8431
753,금정,2022-05,5종,14490
753,금정,2022-05,6종,17719
754,김해가야휴게소,2022-05,1종,84909
754,김해가야휴게소,2022-05,2종,1732
754,김해가야휴게소,2022-05,3종,30
754,김해가야휴게소,2022-05,4종,0
754,김해가야휴게소,2022-05,5종,0
754,김해가야휴게소,2022-05,6종,3914
755,광재,2022-05,1종,462406
755,광재,2022-05,2종,19846
755,광재,2022-05,3종,19770
755,광재,2022-05,4종,17236
755,광재,2022-05,5종,38878
755,광재,2022-05,6종,24788
756,한림,2022-05,1종,129301
756,한림,2022-05,2종,8434
756,한림,2022-05,3종,9176
756,한림,2022-05,4종,7282
756,한림,2022-05,5종,16529
756,한림,2022-05,6종,5549
757,진영,2022-05,1종,280284
757,진영,2022-05,2종,14400
757,진영,2022-05,3종,17607
757,진영,2022-05,4종,20019
757,진영,2022-05,5종,29795
757,진영,2022-05,6종,15168
758,진영휴게소,2022-05,1종,437
758,진영휴게소,2022-05,2종,3
758,진영휴게소,2022-05,3종,7
758,진영휴게소,2022-05,4종,3
758,진영휴게소,2022-05,5종,34
758,진영휴게소,2022-05,6종,29
760,기장서JC,2022-05,1종,700140
760,기장서JC,2022-05,2종,18202
760,기장서JC,2022-05,3종,23301
760,기장서JC,2022-05,4종,7906
760,기장서JC,2022-05,5종,61702
760,기장서JC,2022-05,6종,41371
762,중앙탑,2022-05,1종,49010
762,중앙탑,2022-05,2종,877
762,중앙탑,2022-05,3종,36
762,중앙탑,2022-05,4종,6
762,중앙탑,2022-05,5종,6
762,중앙탑,2022-05,6종,2431
765,내촌,2022-05,1종,45882
765,내촌,2022-05,2종,932
765,내촌,2022-05,3종,516
765,내촌,2022-05,4종,343
765,내촌,2022-05,5종,620
765,내촌,2022-05,6종,2022
766,인제,2022-05,1종,97448
766,인제,2022-05,2종,1988
766,인제,2022-05,3종,1285
766,인제,2022-05,4종,662
766,인제,2022-05,5종,1418
766,인제,2022-05,6종,4416
767,구병산,2022-05,1종,5123
767,구병산,2022-05,2종,54
767,구병산,2022-05,3종,76
767,구병산,2022-05,4종,0
767,구병산,2022-05,5종,0
767,구병산,2022-05,6종,421
768,서양양,2022-05,1종,13798
768,서양양,2022-05,2종,161
768,서양양,2022-05,3종,254
768,서양양,2022-05,4종,46
768,서양양,2022-05,5종,94
768,서양양,2022-05,6종,339
770,울주동JC,2022-05,1종,205132
770,울주동JC,2022-05,2종,7113
770,울주동JC,2022-05,3종,20106
770,울주동JC,2022-05,4종,6432
770,울주동JC,2022-05,5종,28329
770,울주동JC,2022-05,6종,9919
771,배내골,2022-05,1종,49891
771,배내골,2022-05,2종,275
771,배내골,2022-05,3종,336
771,배내골,2022-05,4종,207
771,배내골,2022-05,5종,139
771,배내골,2022-05,6종,2100
772,북달성,2022-05,1종,384812
772,북달성,2022-05,2종,10887
772,북달성,2022-05,3종,14794
772,북달성,2022-05,4종,14679
772,북달성,2022-05,5종,10566
772,북달성,2022-05,6종,17358
773,북다사,2022-05,1종,191683
773,북다사,2022-05,2종,4842
773,북다사,2022-05,3종,4858
773,북다사,2022-05,4종,4822
773,북다사,2022-05,5종,5226
773,북다사,2022-05,6종,9952
774,남칠곡,2022-05,1종,337011
774,남칠곡,2022-05,2종,6815
774,남칠곡,2022-05,3종,7422
774,남칠곡,2022-05,4종,5435
774,남칠곡,2022-05,5종,5628
774,남칠곡,2022-05,6종,15478
775,동명동호,2022-05,1종,363518
775,동명동호,2022-05,2종,6362
775,동명동호,2022-05,3종,5107
775,동명동호,2022-05,4종,4492
775,동명동호,2022-05,5종,17053
775,동명동호,2022-05,6종,11926
776,연경,2022-05,1종,658594
776,연경,2022-05,2종,12007
776,연경,2022-05,3종,9298
776,연경,2022-05,4종,7252
776,연경,2022-05,5종,14092
776,연경,2022-05,6종,34431
777,파군재,2022-05,1종,356530
777,파군재,2022-05,2종,3195
777,파군재,2022-05,3종,2568
777,파군재,2022-05,4종,1375
777,파군재,2022-05,5종,1947
777,파군재,2022-05,6종,20529
778,둔산,2022-05,1종,52448
778,둔산,2022-05,2종,1986
778,둔산,2022-05,3종,1053
778,둔산,2022-05,4종,1068
778,둔산,2022-05,5종,534
778,둔산,2022-05,6종,2658
779,율암,2022-05,1종,520444
779,율암,2022-05,2종,6250
779,율암,2022-05,3종,5118
779,율암,2022-05,4종,6525
779,율암,2022-05,5종,10571
779,율암,2022-05,6종,31042
780,울주서JC,2022-05,1종,203895
780,울주서JC,2022-05,2종,7267
780,울주서JC,2022-05,3종,17007
780,울주서JC,2022-05,4종,6320
780,울주서JC,2022-05,5종,28986
780,울주서JC,2022-05,6종,10089
876,양감,2022-05,1종,320655
876,양감,2022-05,2종,15745
876,양감,2022-05,3종,15503
876,양감,2022-05,4종,17691
876,양감,2022-05,5종,14180
876,양감,2022-05,6종,20275
981,서영암,2022-05,1종,330049
981,서영암,2022-05,2종,4976
981,서영암,2022-05,3종,10997
981,서영암,2022-05,4종,8349
981,서영암,2022-05,5종,21417
981,서영암,2022-05,6종,9133
982,강진무위사,2022-05,1종,211606
982,강진무위사,2022-05,2종,3530
982,강진무위사,2022-05,3종,6950
982,강진무위사,2022-05,4종,5386
982,강진무위사,2022-05,5종,9293
982,강진무위사,2022-05,6종,5504
983,장흥,2022-05,1종,119173
983,장흥,2022-05,2종,1960
983,장흥,2022-05,3종,2709
983,장흥,2022-05,4종,1229
983,장흥,2022-05,5종,2401
983,장흥,2022-05,6종,3267
984,보성,2022-05,1종,268004
984,보성,2022-05,2종,5850
984,보성,2022-05,3종,7576
984,보성,2022-05,4종,6057
984,보성,2022-05,5종,18795
984,보성,2022-05,6종,6281
985,벌교,2022-05,1종,184921
985,벌교,2022-05,2종,4349
985,벌교,2022-05,3종,5083
985,벌교,2022-05,4종,3413
985,벌교,2022-05,5종,6887
985,벌교,2022-05,6종,4387
986,고흥,2022-05,1종,270579
986,고흥,2022-05,2종,4098
986,고흥,2022-05,3종,6002
986,고흥,2022-05,4종,6131
986,고흥,2022-05,5종,12474
986,고흥,2022-05,6종,7890
987,남순천,2022-05,1종,679421
987,남순천,2022-05,2종,10096
987,남순천,2022-05,3종,19352
987,남순천,2022-05,4종,17769
987,남순천,2022-05,5종,50976
987,남순천,2022-05,6종,17313
11,인천,2022-06,1종,4221878
11,인천,2022-06,2종,99643
11,인천,2022-06,3종,61015
11,인천,2022-06,4종,66315
11,인천,2022-06,5종,126292
11,인천,2022-06,6종,301160
12,서영암(개),2022-06,1종,72476
12,서영암(개),2022-06,2종,854
12,서영암(개),2022-06,3종,1285
12,서영암(개),2022-06,4종,967
12,서영암(개),2022-06,5종,2213
12,서영암(개),2022-06,6종,2629
13,순천만,2022-06,1종,180815
13,순천만,2022-06,2종,4059
13,순천만,2022-06,3종,5000
13,순천만,2022-06,4종,3313
13,순천만,2022-06,5종,12730
13,순천만,2022-06,6종,6886
25,동부산,2022-06,1종,500196
25,동부산,2022-06,2종,2999
25,동부산,2022-06,3종,3575
25,동부산,2022-06,4종,2226
25,동부산,2022-06,5종,5096
25,동부산,2022-06,6종,12509
29,가락(개),2022-06,1종,924648
29,가락(개),2022-06,2종,18720
29,가락(개),2022-06,3종,19922
29,가락(개),2022-06,4종,20049
29,가락(개),2022-06,5종,110331
29,가락(개),2022-06,6종,65358
53,남인천,2022-06,1종,2107636
53,남인천,2022-06,2종,43170
53,남인천,2022-06,3종,37708
53,남인천,2022-06,4종,26143
53,남인천,2022-06,5종,49903
53,남인천,2022-06,6종,137328
56,일로,2022-06,1종,36994
56,일로,2022-06,2종,868
56,일로,2022-06,3종,593
56,일로,2022-06,4종,1161
56,일로,2022-06,5종,3254
56,일로,2022-06,6종,1788
57,다사,2022-06,1종,51532
57,다사,2022-06,2종,902
57,다사,2022-06,3종,723
57,다사,2022-06,4종,375
57,다사,2022-06,5종,424
57,다사,2022-06,6종,3536
58,지천,2022-06,1종,38938
58,지천,2022-06,2종,818
58,지천,2022-06,3종,747
58,지천,2022-06,4종,444
58,지천,2022-06,5종,810
58,지천,2022-06,6종,1876
61,성남,2022-06,1종,4959440
61,성남,2022-06,2종,140628
61,성남,2022-06,3종,131777
61,성남,2022-06,4종,109486
61,성남,2022-06,5종,91631
61,성남,2022-06,6종,265646
62,구리남양주,2022-06,1종,5080180
62,구리남양주,2022-06,2종,164328
62,구리남양주,2022-06,3종,131223
62,구리남양주,2022-06,4종,134916
62,구리남양주,2022-06,5종,109816
62,구리남양주,2022-06,6종,298947
63,토평,2022-06,1종,732218
63,토평,2022-06,2종,21610
63,토평,2022-06,3종,13839
63,토평,2022-06,4종,17019
63,토평,2022-06,5종,18102
63,토평,2022-06,6종,44523
64,청계,2022-06,1종,4403198
64,청계,2022-06,2종,101531
64,청계,2022-06,3종,107359
64,청계,2022-06,4종,58004
64,청계,2022-06,5종,67979
64,청계,2022-06,6종,254382
65,판교,2022-06,1종,2357852
65,판교,2022-06,2종,26083
65,판교,2022-06,3종,117331
65,판교,2022-06,4종,9009
65,판교,2022-06,5종,9499
65,판교,2022-06,6종,103883
66,하남,2022-06,1종,972883
66,하남,2022-06,2종,24058
66,하남,2022-06,3종,12243
66,하남,2022-06,4종,13222
66,하남,2022-06,5종,14565
66,하남,2022-06,6종,54617
67,시흥,2022-06,1종,4090329
67,시흥,2022-06,2종,107730
67,시흥,2022-06,3종,95389
67,시흥,2022-06,4종,96874
67,시흥,2022-06,5종,88611
67,시흥,2022-06,6종,238668
68,김포,2022-06,1종,4887116
68,김포,2022-06,2종,139451
68,김포,2022-06,3종,95375
68,김포,2022-06,4종,90109
68,김포,2022-06,5종,131353
68,김포,2022-06,6종,320899
69,대왕판교,2022-06,1종,192669
69,대왕판교,2022-06,2종,1912
69,대왕판교,2022-06,3종,558
69,대왕판교,2022-06,4종,17
69,대왕판교,2022-06,5종,11
69,대왕판교,2022-06,6종,7593
74,덕소삼패,2022-06,1종,429314
74,덕소삼패,2022-06,2종,8614
74,덕소삼패,2022-06,3종,5700
74,덕소삼패,2022-06,4종,6263
74,덕소삼패,2022-06,5종,9430
74,덕소삼패,2022-06,6종,29517
91,대동(개),2022-06,1종,102947
91,대동(개),2022-06,2종,4767
91,대동(개),2022-06,3종,3913
91,대동(개),2022-06,4종,20780
91,대동(개),2022-06,5종,6840
91,대동(개),2022-06,6종,5382
92,내서,2022-06,1종,215269
92,내서,2022-06,2종,6387
92,내서,2022-06,3종,9893
92,내서,2022-06,4종,4821
92,내서,2022-06,5종,9196
92,내서,2022-06,6종,16496
101,서울,2022-06,1종,5327600
101,서울,2022-06,2종,147586
101,서울,2022-06,3종,479142
101,서울,2022-06,4종,132787
101,서울,2022-06,5종,65655
101,서울,2022-06,6종,212380
102,동수원,2022-06,1종,2179223
102,동수원,2022-06,2종,27208
102,동수원,2022-06,3종,62953
102,동수원,2022-06,4종,10337
102,동수원,2022-06,5종,10823
102,동수원,2022-06,6종,111214
103,수원신갈,2022-06,1종,2299055
103,수원신갈,2022-06,2종,81167
103,수원신갈,2022-06,3종,138401
103,수원신갈,2022-06,4종,61872
103,수원신갈,2022-06,5종,29675
103,수원신갈,2022-06,6종,104922
104,지곡,2022-06,1종,43109
104,지곡,2022-06,2종,1575
104,지곡,2022-06,3종,2153
104,지곡,2022-06,4종,2684
104,지곡,2022-06,5종,3227
104,지곡,2022-06,6종,1238
105,기흥,2022-06,1종,791244
105,기흥,2022-06,2종,13687
105,기흥,2022-06,3종,22366
105,기흥,2022-06,4종,10668
105,기흥,2022-06,5종,6505
105,기흥,2022-06,6종,38625
106,오산,2022-06,1종,1186464
106,오산,2022-06,2종,74188
106,오산,2022-06,3종,84422
106,오산,2022-06,4종,64917
106,오산,2022-06,5종,31743
106,오산,2022-06,6종,67636
107,안성,2022-06,1종,1131758
107,안성,2022-06,2종,27126
107,안성,2022-06,3종,40974
107,안성,2022-06,4종,18302
107,안성,2022-06,5종,11136
107,안성,2022-06,6종,66908
108,천안,2022-06,1종,1703376
108,천안,2022-06,2종,34769
108,천안,2022-06,3종,78982
108,천안,2022-06,4종,34170
108,천안,2022-06,5종,35061
108,천안,2022-06,6종,79225
109,계룡,2022-06,1종,157614
109,계룡,2022-06,2종,10197
109,계룡,2022-06,3종,9840
109,계룡,2022-06,4종,10215
109,계룡,2022-06,5종,7512
109,계룡,2022-06,6종,8588
110,독립기념관,2022-06,1종,365068
110,독립기념관,2022-06,2종,15623
110,독립기념관,2022-06,3종,22996
110,독립기념관,2022-06,4종,31234
110,독립기념관,2022-06,5종,21588
110,독립기념관,2022-06,6종,15029
111,청주,2022-06,1종,578536
111,청주,2022-06,2종,14505
111,청주,2022-06,3종,40194
111,청주,2022-06,4종,22198
111,청주,2022-06,5종,25847
111,청주,2022-06,6종,23968
112,남청주,2022-06,1종,556201
112,남청주,2022-06,2종,34134
112,남청주,2022-06,3종,29021
112,남청주,2022-06,4종,43651
112,남청주,2022-06,5종,53943
112,남청주,2022-06,6종,21687
113,신탄진,2022-06,1종,757128
113,신탄진,2022-06,2종,29585
113,신탄진,2022-06,3종,26030
113,신탄진,2022-06,4종,46437
113,신탄진,2022-06,5종,62094
113,신탄진,2022-06,6종,37289
114,남대전,2022-06,1종,406584
114,남대전,2022-06,2종,13918
114,남대전,2022-06,3종,19132
114,남대전,2022-06,4종,30274
114,남대전,2022-06,5종,14052
114,남대전,2022-06,6종,19934
115,대전,2022-06,1종,1441519
115,대전,2022-06,2종,32955
115,대전,2022-06,3종,50396
115,대전,2022-06,4종,14289
115,대전,2022-06,5종,18044
115,대전,2022-06,6종,74979
116,옥천,2022-06,1종,500758
116,옥천,2022-06,2종,18930
116,옥천,2022-06,3종,18162
116,옥천,2022-06,4종,30564
116,옥천,2022-06,5종,29841
116,옥천,2022-06,6종,25221
117,금강,2022-06,1종,50649
117,금강,2022-06,2종,937
117,금강,2022-06,3종,1527
117,금강,2022-06,4종,1908
117,금강,2022-06,5종,875
117,금강,2022-06,6종,2622
118,영동,2022-06,1종,107975
118,영동,2022-06,2종,3168
118,영동,2022-06,3종,4610
118,영동,2022-06,4종,3698
118,영동,2022-06,5종,10656
118,영동,2022-06,6종,4402
119,판암,2022-06,1종,614208
119,판암,2022-06,2종,12259
119,판암,2022-06,3종,10051
119,판암,2022-06,4종,5550
119,판암,2022-06,5종,14398
119,판암,2022-06,6종,34529
120,황간,2022-06,1종,99526
120,황간,2022-06,2종,2143
120,황간,2022-06,3종,3280
120,황간,2022-06,4종,4469
120,황간,2022-06,5종,6890
120,황간,2022-06,6종,3686
121,추풍령,2022-06,1종,46709
121,추풍령,2022-06,2종,902
121,추풍령,2022-06,3종,1170
121,추풍령,2022-06,4종,1498
121,추풍령,2022-06,5종,2522
121,추풍령,2022-06,6종,2154
122,김천,2022-06,1종,237217
122,김천,2022-06,2종,5603
122,김천,2022-06,3종,7487
122,김천,2022-06,4종,8569
122,김천,2022-06,5종,7813
122,김천,2022-06,6종,10882
123,구미,2022-06,1종,731366
123,구미,2022-06,2종,14891
123,구미,2022-06,3종,24654
123,구미,2022-06,4종,18472
123,구미,2022-06,5종,14322
123,구미,2022-06,6종,32663
124,상주,2022-06,1종,89874
124,상주,2022-06,2종,3275
124,상주,2022-06,3종,4123
124,상주,2022-06,4종,4145
124,상주,2022-06,5종,4900
124,상주,2022-06,6종,2994
125,남구미,2022-06,1종,564637
125,남구미,2022-06,2종,18722
125,남구미,2022-06,3종,30037
125,남구미,2022-06,4종,26071
125,남구미,2022-06,5종,32961
125,남구미,2022-06,6종,27459
126,왜관,2022-06,1종,707225
126,왜관,2022-06,2종,37971
126,왜관,2022-06,3종,30524
126,왜관,2022-06,4종,28107
126,왜관,2022-06,5종,39737
126,왜관,2022-06,6종,29380
127,서대구,2022-06,1종,1748535
127,서대구,2022-06,2종,59374
127,서대구,2022-06,3종,67813
127,서대구,2022-06,4종,48183
127,서대구,2022-06,5종,52132
127,서대구,2022-06,6종,72582
128,금왕꽃동네,2022-06,1종,266368
128,금왕꽃동네,2022-06,2종,15537
128,금왕꽃동네,2022-06,3종,20804
128,금왕꽃동네,2022-06,4종,24744
128,금왕꽃동네,2022-06,5종,35892
128,금왕꽃동네,2022-06,6종,11444
129,북대구,2022-06,1종,1783669
129,북대구,2022-06,2종,47046
129,북대구,2022-06,3종,45869
129,북대구,2022-06,4종,23800
129,북대구,2022-06,5종,34929
129,북대구,2022-06,6종,70705
130,동김천,2022-06,1종,304095
130,동김천,2022-06,2종,8964
130,동김천,2022-06,3종,15459
130,동김천,2022-06,4종,13841
130,동김천,2022-06,5종,22874
130,동김천,2022-06,6종,12542
131,경산,2022-06,1종,924766
131,경산,2022-06,2종,58076
131,경산,2022-06,3종,55218
131,경산,2022-06,4종,55909
131,경산,2022-06,5종,48796
131,경산,2022-06,6종,44359
132,영천,2022-06,1종,374139
132,영천,2022-06,2종,15660
132,영천,2022-06,3종,26631
132,영천,2022-06,4종,25047
132,영천,2022-06,5종,37020
132,영천,2022-06,6종,14546
133,서경주,2022-06,1종,178551
133,서경주,2022-06,2종,5789
133,서경주,2022-06,3종,9630
133,서경주,2022-06,4종,9527
133,서경주,2022-06,5종,19852
133,서경주,2022-06,6종,5889
134,선산,2022-06,1종,83675
134,선산,2022-06,2종,3217
134,선산,2022-06,3종,4053
134,선산,2022-06,4종,4452
134,선산,2022-06,5종,6092
134,선산,2022-06,6종,3113
135,경주,2022-06,1종,885955
135,경주,2022-06,2종,16633
135,경주,2022-06,3종,45216
135,경주,2022-06,4종,33069
135,경주,2022-06,5종,47206
135,경주,2022-06,6종,30363
136,음성,2022-06,1종,281823
136,음성,2022-06,2종,9644
136,음성,2022-06,3종,14685
136,음성,2022-06,4종,17910
136,음성,2022-06,5종,22845
136,음성,2022-06,6종,9664
137,통도사,2022-06,1종,286875
137,통도사,2022-06,2종,16080
137,통도사,2022-06,3종,20224
137,통도사,2022-06,4종,16685
137,통도사,2022-06,5종,22273
137,통도사,2022-06,6종,15059
138,양산,2022-06,1종,786023
138,양산,2022-06,2종,68940
138,양산,2022-06,3종,54463
138,양산,2022-06,4종,59671
138,양산,2022-06,5종,64720
138,양산,2022-06,6종,37827
139,서울산,2022-06,1종,521485
139,서울산,2022-06,2종,15094
139,서울산,2022-06,3종,20386
139,서울산,2022-06,4종,12350
139,서울산,2022-06,5종,15184
139,서울산,2022-06,6종,26748
140,부산,2022-06,1종,1837161
140,부산,2022-06,2종,46512
140,부산,2022-06,3종,41476
140,부산,2022-06,4종,28281
140,부산,2022-06,5종,41270
140,부산,2022-06,6종,89770
142,군북,2022-06,1종,447020
142,군북,2022-06,2종,10718
142,군북,2022-06,3종,16344
142,군북,2022-06,4종,10827
142,군북,2022-06,5종,28067
142,군북,2022-06,6종,24311
143,장지,2022-06,1종,118869
143,장지,2022-06,2종,3663
143,장지,2022-06,3종,5654
143,장지,2022-06,4종,5265
143,장지,2022-06,5종,18607
143,장지,2022-06,6종,6813
144,함안,2022-06,1종,287638
144,함안,2022-06,2종,9499
144,함안,2022-06,3종,11021
144,함안,2022-06,4종,8724
144,함안,2022-06,5종,20901
144,함안,2022-06,6종,16322
145,산인,2022-06,1종,994703
145,산인,2022-06,2종,17349
145,산인,2022-06,3종,35383
145,산인,2022-06,4종,14188
145,산인,2022-06,5종,25325
145,산인,2022-06,6종,45164
146,동창원,2022-06,1종,606949
146,동창원,2022-06,2종,16813
146,동창원,2022-06,3종,16137
146,동창원,2022-06,4종,13193
146,동창원,2022-06,5종,19752
146,동창원,2022-06,6종,38614
147,진례,2022-06,1종,460279
147,진례,2022-06,2종,30482
147,진례,2022-06,3종,32215
147,진례,2022-06,4종,33273
147,진례,2022-06,5종,34775
147,진례,2022-06,6종,28893
148,서김해,2022-06,1종,849816
148,서김해,2022-06,2종,24199
148,서김해,2022-06,3종,25122
148,서김해,2022-06,4종,19840
148,서김해,2022-06,5종,17656
148,서김해,2022-06,6종,54161
149,동김해,2022-06,1종,1054789
149,동김해,2022-06,2종,29128
149,동김해,2022-06,3종,26667
149,동김해,2022-06,4종,13558
149,동김해,2022-06,5종,11043
149,동김해,2022-06,6종,70447
150,북부산,2022-06,1종,1710707
150,북부산,2022-06,2종,28180
150,북부산,2022-06,3종,26984
150,북부산,2022-06,4종,12149
150,북부산,2022-06,5종,24933
150,북부산,2022-06,6종,102390
151,북대전,2022-06,1종,847374
151,북대전,2022-06,2종,12787
151,북대전,2022-06,3종,23155
151,북대전,2022-06,4종,18334
151,북대전,2022-06,5종,20809
151,북대전,2022-06,6종,40694
152,유성,2022-06,1종,1235746
152,유성,2022-06,2종,21725
152,유성,2022-06,3종,33372
152,유성,2022-06,4종,16142
152,유성,2022-06,5종,13460
152,유성,2022-06,6종,50367
153,서대전,2022-06,1종,1025394
153,서대전,2022-06,2종,20336
153,서대전,2022-06,3종,20366
153,서대전,2022-06,4종,17647
153,서대전,2022-06,5종,19048
153,서대전,2022-06,6종,51840
154,안영,2022-06,1종,529961
154,안영,2022-06,2종,14939
154,안영,2022-06,3종,13498
154,안영,2022-06,4종,9238
154,안영,2022-06,5종,15033
154,안영,2022-06,6종,25077
155,논산,2022-06,1종,260447
155,논산,2022-06,2종,11163
155,논산,2022-06,3종,18826
155,논산,2022-06,4종,17450
155,논산,2022-06,5종,14731
155,논산,2022-06,6종,9520
156,익산,2022-06,1종,296098
156,익산,2022-06,2종,19810
156,익산,2022-06,3종,25906
156,익산,2022-06,4종,32557
156,익산,2022-06,5종,36134
156,익산,2022-06,6종,8187
157,삼례,2022-06,1종,115653
157,삼례,2022-06,2종,4308
157,삼례,2022-06,3종,6989
157,삼례,2022-06,4종,7788
157,삼례,2022-06,5종,10499
157,삼례,2022-06,6종,3225
158,전주,2022-06,1종,447701
158,전주,2022-06,2종,13400
158,전주,2022-06,3종,35087
158,전주,2022-06,4종,20097
158,전주,2022-06,5종,27062
158,전주,2022-06,6종,12674
159,서전주,2022-06,1종,377143
159,서전주,2022-06,2종,10285
159,서전주,2022-06,3종,12331
159,서전주,2022-06,4종,13951
159,서전주,2022-06,5종,11450
159,서전주,2022-06,6종,9855
160,김제,2022-06,1종,139652
160,김제,2022-06,2종,6310
160,김제,2022-06,3종,9230
160,김제,2022-06,4종,10117
160,김제,2022-06,5종,7246
160,김제,2022-06,6종,3598
161,금산사,2022-06,1종,36714
161,금산사,2022-06,2종,1791
161,금산사,2022-06,3종,1214
161,금산사,2022-06,4종,1228
161,금산사,2022-06,5종,1854
161,금산사,2022-06,6종,1036
162,태인,2022-06,1종,107595
162,태인,2022-06,2종,4043
162,태인,2022-06,3종,7963
162,태인,2022-06,4종,9247
162,태인,2022-06,5종,8239
162,태인,2022-06,6종,2821
163,정읍,2022-06,1종,235576
163,정읍,2022-06,2종,7728
163,정읍,2022-06,3종,12702
163,정읍,2022-06,4종,11898
163,정읍,2022-06,5종,11689
163,정읍,2022-06,6종,6082
164,무주,2022-06,1종,177851
164,무주,2022-06,2종,2973
164,무주,2022-06,3종,4728
164,무주,2022-06,4종,2956
164,무주,2022-06,5종,2660
164,무주,2022-06,6종,6100
165,백양사,2022-06,1종,67345
165,백양사,2022-06,2종,1708
165,백양사,2022-06,3종,1701
165,백양사,2022-06,4종,1944
165,백양사,2022-06,5종,938
165,백양사,2022-06,6종,1768
166,장성,2022-06,1종,207163
166,장성,2022-06,2종,11285
166,장성,2022-06,3종,13025
166,장성,2022-06,4종,14277
166,장성,2022-06,5종,14210
166,장성,2022-06,6종,6198
167,광주,2022-06,1종,1148234
167,광주,2022-06,2종,36238
167,광주,2022-06,3종,60142
167,광주,2022-06,4종,62633
167,광주,2022-06,5종,40563
167,광주,2022-06,6종,31105
168,덕유산,2022-06,1종,58233
168,덕유산,2022-06,2종,1285
168,덕유산,2022-06,3종,1124
168,덕유산,2022-06,4종,1070
168,덕유산,2022-06,5종,945
168,덕유산,2022-06,6종,1446
169,장수,2022-06,1종,118718
169,장수,2022-06,2종,2913
169,장수,2022-06,3종,3451
169,장수,2022-06,4종,3275
169,장수,2022-06,5종,2892
169,장수,2022-06,6종,3170
170,서상,2022-06,1종,62152
170,서상,2022-06,2종,1618
170,서상,2022-06,3종,3536
170,서상,2022-06,4종,3840
170,서상,2022-06,5종,4548
170,서상,2022-06,6종,2418
171,마성,2022-06,1종,548317
171,마성,2022-06,2종,8517
171,마성,2022-06,3종,17622
171,마성,2022-06,4종,6090
171,마성,2022-06,5종,2888
171,마성,2022-06,6종,23057
172,용인,2022-06,1종,965192
172,용인,2022-06,2종,48804
172,용인,2022-06,3종,35835
172,용인,2022-06,4종,32840
172,용인,2022-06,5종,22334
172,용인,2022-06,6종,55807
173,양지,2022-06,1종,1012524
173,양지,2022-06,2종,82554
173,양지,2022-06,3종,55963
173,양지,2022-06,4종,73623
173,양지,2022-06,5종,57991
173,양지,2022-06,6종,45662
174,춘천,2022-06,1종,938125
174,춘천,2022-06,2종,19764
174,춘천,2022-06,3종,22238
174,춘천,2022-06,4종,11593
174,춘천,2022-06,5종,11709
174,춘천,2022-06,6종,49749
175,덕평,2022-06,1종,354927
175,덕평,2022-06,2종,44918
175,덕평,2022-06,3종,31190
175,덕평,2022-06,4종,42686
175,덕평,2022-06,5종,28074
175,덕평,2022-06,6종,19398
176,이천,2022-06,1종,600829
176,이천,2022-06,2종,28522
176,이천,2022-06,3종,48010
176,이천,2022-06,4종,48906
176,이천,2022-06,5종,45840
176,이천,2022-06,6종,30034
177,여주,2022-06,1종,367782
177,여주,2022-06,2종,10464
177,여주,2022-06,3종,29753
177,여주,2022-06,4종,28128
177,여주,2022-06,5종,19612
177,여주,2022-06,6종,13303
178,문막,2022-06,1종,303225
178,문막,2022-06,2종,18822
178,문막,2022-06,3종,24024
178,문막,2022-06,4종,16344
178,문막,2022-06,5종,21795
178,문막,2022-06,6종,13826
179,홍천,2022-06,1종,400387
179,홍천,2022-06,2종,9878
179,홍천,2022-06,3종,13662
179,홍천,2022-06,4종,8293
179,홍천,2022-06,5종,11309
179,홍천,2022-06,6종,22376
180,원주,2022-06,1종,359534
180,원주,2022-06,2종,17960
180,원주,2022-06,3종,17914
180,원주,2022-06,4종,17014
180,원주,2022-06,5종,16392
180,원주,2022-06,6종,18083
181,새말,2022-06,1종,259423
181,새말,2022-06,2종,8411
181,새말,2022-06,3종,11822
181,새말,2022-06,4종,10594
181,새말,2022-06,5종,7891
181,새말,2022-06,6종,9166
182,둔내,2022-06,1종,157264
182,둔내,2022-06,2종,3414
182,둔내,2022-06,3종,4450
182,둔내,2022-06,4종,3417
182,둔내,2022-06,5종,1901
182,둔내,2022-06,6종,5015
183,면온,2022-06,1종,84991
183,면온,2022-06,2종,941
183,면온,2022-06,3종,1097
183,면온,2022-06,4종,841
183,면온,2022-06,5종,1796
183,면온,2022-06,6종,2346
184,대관령,2022-06,1종,252955
184,대관령,2022-06,2종,5134
184,대관령,2022-06,3종,7843
184,대관령,2022-06,4종,1097
184,대관령,2022-06,5종,3127
184,대관령,2022-06,6종,8658
185,평창,2022-06,1종,130530
185,평창,2022-06,2종,2841
185,평창,2022-06,3종,6422
185,평창,2022-06,4종,1936
185,평창,2022-06,5종,4297
185,평창,2022-06,6종,4382
186,속사,2022-06,1종,51176
186,속사,2022-06,2종,976
186,속사,2022-06,3종,1091
186,속사,2022-06,4종,616
186,속사,2022-06,5종,1172
186,속사,2022-06,6종,1372
187,진부,2022-06,1종,144272
187,진부,2022-06,2종,3619
187,진부,2022-06,3종,5484
187,진부,2022-06,4종,1883
187,진부,2022-06,5종,2583
187,진부,2022-06,6종,4634
188,서충주,2022-06,1종,178066
188,서충주,2022-06,2종,5895
188,서충주,2022-06,3종,10784
188,서충주,2022-06,4종,13514
188,서충주,2022-06,5종,16618
188,서충주,2022-06,6종,6369
189,강릉,2022-06,1종,709183
189,강릉,2022-06,2종,17049
189,강릉,2022-06,3종,28769
189,강릉,2022-06,4종,10506
189,강릉,2022-06,5종,16240
189,강릉,2022-06,6종,31156
190,동서울,2022-06,1종,3686475
190,동서울,2022-06,2종,160564
190,동서울,2022-06,3종,157198
190,동서울,2022-06,4종,135266
190,동서울,2022-06,5종,95095
190,동서울,2022-06,6종,149141
191,경기광주,2022-06,1종,765293
191,경기광주,2022-06,2종,37333
191,경기광주,2022-06,3종,27528
191,경기광주,2022-06,4종,18298
191,경기광주,2022-06,5종,15807
191,경기광주,2022-06,6종,44971
192,곤지암,2022-06,1종,846466
192,곤지암,2022-06,2종,62377
192,곤지암,2022-06,3종,39726
192,곤지암,2022-06,4종,50566
192,곤지암,2022-06,5종,35291
192,곤지암,2022-06,6종,41680
193,일죽,2022-06,1종,447590
193,일죽,2022-06,2종,27188
193,일죽,2022-06,3종,33822
193,일죽,2022-06,4종,48350
193,일죽,2022-06,5종,30453
193,일죽,2022-06,6종,15800
194,서이천,2022-06,1종,479629
194,서이천,2022-06,2종,54589
194,서이천,2022-06,3종,39865
194,서이천,2022-06,4종,43461
194,서이천,2022-06,5종,22415
194,서이천,2022-06,6종,24141
195,대소,2022-06,1종,239262
195,대소,2022-06,2종,23657
195,대소,2022-06,3종,36271
195,대소,2022-06,4종,41568
195,대소,2022-06,5종,32341
195,대소,2022-06,6종,10268
196,진천,2022-06,1종,335465
196,진천,2022-06,2종,18518
196,진천,2022-06,3종,24422
196,진천,2022-06,4종,32303
196,진천,2022-06,5종,29118
196,진천,2022-06,6종,14089
197,증평,2022-06,1종,361429
197,증평,2022-06,2종,16406
197,증평,2022-06,3종,24259
197,증평,2022-06,4종,34660
197,증평,2022-06,5종,30187
197,증평,2022-06,6종,13581
198,서청주,2022-06,1종,714304
198,서청주,2022-06,2종,24064
198,서청주,2022-06,3종,30036
198,서청주,2022-06,4종,26324
198,서청주,2022-06,5종,21429
198,서청주,2022-06,6종,31655
199,오창,2022-06,1종,500873
199,오창,2022-06,2종,13401
199,오창,2022-06,3종,23699
199,오창,2022-06,4종,20236
199,오창,2022-06,5종,21450
199,오창,2022-06,6종,19908
200,금산,2022-06,1종,190988
200,금산,2022-06,2종,2941
200,금산,2022-06,3종,7767
200,금산,2022-06,4종,3966
200,금산,2022-06,5종,7254
200,금산,2022-06,6종,8444
201,칠곡,2022-06,1종,573785
201,칠곡,2022-06,2종,15996
201,칠곡,2022-06,3종,15401
201,칠곡,2022-06,4종,10315
201,칠곡,2022-06,5종,13540
201,칠곡,2022-06,6종,27578
202,다부,2022-06,1종,144251
202,다부,2022-06,2종,7302
202,다부,2022-06,3종,5099
202,다부,2022-06,4종,4438
202,다부,2022-06,5종,9430
202,다부,2022-06,6종,5311
203,가산,2022-06,1종,575812
203,가산,2022-06,2종,18113
203,가산,2022-06,3종,18862
203,가산,2022-06,4종,17331
203,가산,2022-06,5종,41038
203,가산,2022-06,6종,23036
204,추부,2022-06,1종,217228
204,추부,2022-06,2종,6737
204,추부,2022-06,3종,7668
204,추부,2022-06,4종,7256
204,추부,2022-06,5종,6153
204,추부,2022-06,6종,10398
205,군위,2022-06,1종,201116
205,군위,2022-06,2종,5230
205,군위,2022-06,3종,5394
205,군위,2022-06,4종,3960
205,군위,2022-06,5종,5952
205,군위,2022-06,6종,7871
206,의성,2022-06,1종,205971
206,의성,2022-06,2종,3861
206,의성,2022-06,3종,4480
206,의성,2022-06,4종,2940
206,의성,2022-06,5종,4062
206,의성,2022-06,6종,6588
207,남안동,2022-06,1종,314444
207,남안동,2022-06,2종,7639
207,남안동,2022-06,3종,7202
207,남안동,2022-06,4종,5490
207,남안동,2022-06,5종,8343
207,남안동,2022-06,6종,10266
208,서안동,2022-06,1종,271169
208,서안동,2022-06,2종,6412
208,서안동,2022-06,3종,14167
208,서안동,2022-06,4종,7401
208,서안동,2022-06,5종,11951
208,서안동,2022-06,6종,8005
209,예천,2022-06,1종,36855
209,예천,2022-06,2종,799
209,예천,2022-06,3종,599
209,예천,2022-06,4종,818
209,예천,2022-06,5종,1195
209,예천,2022-06,6종,1206
210,영주,2022-06,1종,208937
210,영주,2022-06,2종,5200
210,영주,2022-06,3종,8060
210,영주,2022-06,4종,7396
210,영주,2022-06,5종,18956
210,영주,2022-06,6종,6066
211,풍기,2022-06,1종,263417
211,풍기,2022-06,2종,4087
211,풍기,2022-06,3종,9929
211,풍기,2022-06,4종,6231
211,풍기,2022-06,5종,9463
211,풍기,2022-06,6종,8261
212,북수원,2022-06,1종,1236956
212,북수원,2022-06,2종,29489
212,북수원,2022-06,3종,37334
212,북수원,2022-06,4종,23039
212,북수원,2022-06,5종,21744
212,북수원,2022-06,6종,59610
213,부곡,2022-06,1종,337074
213,부곡,2022-06,2종,12099
213,부곡,2022-06,3종,8066
213,부곡,2022-06,4종,9667
213,부곡,2022-06,5종,51677
213,부곡,2022-06,6종,20841
214,동군포,2022-06,1종,316460
214,동군포,2022-06,2종,16228
214,동군포,2022-06,3종,15605
214,동군포,2022-06,4종,35191
214,동군포,2022-06,5종,21694
214,동군포,2022-06,6종,17933
215,군포,2022-06,1종,728354
215,군포,2022-06,2종,20578
215,군포,2022-06,3종,18986
215,군포,2022-06,4종,10059
215,군포,2022-06,5종,13195
215,군포,2022-06,6종,43472
216,횡성,2022-06,1종,235265
216,횡성,2022-06,2종,7345
216,횡성,2022-06,3종,6899
216,횡성,2022-06,4종,5796
216,횡성,2022-06,5종,7691
216,횡성,2022-06,6종,10879
217,북원주,2022-06,1종,82825
217,북원주,2022-06,2종,3822
217,북원주,2022-06,3종,2594
217,북원주,2022-06,4종,2459
217,북원주,2022-06,5종,2730
217,북원주,2022-06,6종,3728
218,남원주,2022-06,1종,705207
218,남원주,2022-06,2종,13492
218,남원주,2022-06,3종,24561
218,남원주,2022-06,4종,8545
218,남원주,2022-06,5종,12963
218,남원주,2022-06,6종,32650
219,신림,2022-06,1종,171168
219,신림,2022-06,2종,3046
219,신림,2022-06,3종,2158
219,신림,2022-06,4종,2884
219,신림,2022-06,5종,9532
219,신림,2022-06,6종,5997
220,덕평휴게소,2022-06,1종,7053
220,덕평휴게소,2022-06,2종,212
220,덕평휴게소,2022-06,3종,44
220,덕평휴게소,2022-06,4종,26
220,덕평휴게소,2022-06,5종,22
220,덕평휴게소,2022-06,6종,429
221,생초,2022-06,1종,66723
221,생초,2022-06,2종,1614
221,생초,2022-06,3종,3347
221,생초,2022-06,4종,3387
221,생초,2022-06,5종,7219
221,생초,2022-06,6종,2047
222,산청,2022-06,1종,70537
222,산청,2022-06,2종,1673
222,산청,2022-06,3종,2738
222,산청,2022-06,4종,2985
222,산청,2022-06,5종,2695
222,산청,2022-06,6종,2282
223,단성,2022-06,1종,117585
223,단성,2022-06,2종,1796
223,단성,2022-06,3종,5060
223,단성,2022-06,4종,4458
223,단성,2022-06,5종,6233
223,단성,2022-06,6종,4043
224,함양,2022-06,1종,126178
224,함양,2022-06,2종,3340
224,함양,2022-06,3종,6630
224,함양,2022-06,4종,2967
224,함양,2022-06,5종,3990
224,함양,2022-06,6종,5169
225,서진주,2022-06,1종,315217
225,서진주,2022-06,2종,7053
225,서진주,2022-06,3종,8259
225,서진주,2022-06,4종,5575
225,서진주,2022-06,5종,17213
225,서진주,2022-06,6종,13601
226,금강휴게소,2022-06,1종,16434
226,금강휴게소,2022-06,2종,258
226,금강휴게소,2022-06,3종,299
226,금강휴게소,2022-06,4종,336
226,금강휴게소,2022-06,5종,200
226,금강휴게소,2022-06,6종,520
227,군산,2022-06,1종,280146
227,군산,2022-06,2종,4271
227,군산,2022-06,3종,13348
227,군산,2022-06,4종,8918
227,군산,2022-06,5종,14945
227,군산,2022-06,6종,7438
228,동군산,2022-06,1종,246138
228,동군산,2022-06,2종,6782
228,동군산,2022-06,3종,13170
228,동군산,2022-06,4종,11580
228,동군산,2022-06,5종,22900
228,동군산,2022-06,6종,5823
229,북천안,2022-06,1종,606496
229,북천안,2022-06,2종,27681
229,북천안,2022-06,3종,39858
229,북천안,2022-06,4종,49250
229,북천안,2022-06,5종,44119
229,북천안,2022-06,6종,28640
230,팔공산,2022-06,1종,735860
230,팔공산,2022-06,2종,20653
230,팔공산,2022-06,3종,16053
230,팔공산,2022-06,4종,10244
230,팔공산,2022-06,5종,10029
230,팔공산,2022-06,6종,32953
231,화원옥포,2022-06,1종,718273
231,화원옥포,2022-06,2종,24389
231,화원옥포,2022-06,3종,20475
231,화원옥포,2022-06,4종,14783
231,화원옥포,2022-06,5종,18921
231,화원옥포,2022-06,6종,40900
232,달성,2022-06,1종,209755
232,달성,2022-06,2종,12217
232,달성,2022-06,3종,17514
232,달성,2022-06,4종,8614
232,달성,2022-06,5종,6864
232,달성,2022-06,6종,12182
233,현풍,2022-06,1종,607168
233,현풍,2022-06,2종,28658
233,현풍,2022-06,3종,37152
233,현풍,2022-06,4종,34130
233,현풍,2022-06,5종,44310
233,현풍,2022-06,6종,29519
234,서천,2022-06,1종,200941
234,서천,2022-06,2종,3892
234,서천,2022-06,3종,6248
234,서천,2022-06,4종,7456
234,서천,2022-06,5종,23737
234,서천,2022-06,6종,5853
235,창녕,2022-06,1종,149828
235,창녕,2022-06,2종,4817
235,창녕,2022-06,3종,7394
235,창녕,2022-06,4종,4481
235,창녕,2022-06,5종,7290
235,창녕,2022-06,6종,5667
236,영산,2022-06,1종,136036
236,영산,2022-06,2종,6882
236,영산,2022-06,3종,7992
236,영산,2022-06,4종,10041
236,영산,2022-06,5종,14673
236,영산,2022-06,6종,4913
237,남지,2022-06,1종,131223
237,남지,2022-06,2종,6166
237,남지,2022-06,3종,12560
237,남지,2022-06,4종,13653
237,남지,2022-06,5종,24454
237,남지,2022-06,6종,7492
238,칠서,2022-06,1종,192618
238,칠서,2022-06,2종,15483
238,칠서,2022-06,3종,19924
238,칠서,2022-06,4종,20862
238,칠서,2022-06,5종,47948
238,칠서,2022-06,6종,10461
239,칠원,2022-06,1종,554429
239,칠원,2022-06,2종,17365
239,칠원,2022-06,3종,33560
239,칠원,2022-06,4종,29648
239,칠원,2022-06,5종,42425
239,칠원,2022-06,6종,22174
240,제천,2022-06,1종,602792
240,제천,2022-06,2종,12966
240,제천,2022-06,3종,18804
240,제천,2022-06,4종,13195
240,제천,2022-06,5종,26140
240,제천,2022-06,6종,21589
241,동고령,2022-06,1종,333883
241,동고령,2022-06,2종,16337
241,동고령,2022-06,3종,17215
241,동고령,2022-06,4종,27343
241,동고령,2022-06,5종,30029
241,동고령,2022-06,6종,13674
242,고령,2022-06,1종,277698
242,고령,2022-06,2종,7186
242,고령,2022-06,3종,9617
242,고령,2022-06,4종,7867
242,고령,2022-06,5종,20673
242,고령,2022-06,6종,10694
243,해인사,2022-06,1종,134895
243,해인사,2022-06,2종,2488
243,해인사,2022-06,3종,2413
243,해인사,2022-06,4종,1635
243,해인사,2022-06,5종,2760
243,해인사,2022-06,6종,6467
244,서부산,2022-06,1종,1461869
244,서부산,2022-06,2종,29686
244,서부산,2022-06,3종,55170
244,서부산,2022-06,4종,33385
244,서부산,2022-06,5종,70591
244,서부산,2022-06,6종,76693
245,장유,2022-06,1종,1575688
245,장유,2022-06,2종,33203
245,장유,2022-06,3종,53757
245,장유,2022-06,4종,29808
245,장유,2022-06,5종,38161
245,장유,2022-06,6종,98192
246,가락,2022-06,1종,22776
246,가락,2022-06,2종,2169
246,가락,2022-06,3종,3639
246,가락,2022-06,4종,6767
246,가락,2022-06,5종,8440
246,가락,2022-06,6종,752
247,남원,2022-06,1종,190053
247,남원,2022-06,2종,5053
247,남원,2022-06,3종,7279
247,남원,2022-06,4종,4733
247,남원,2022-06,5종,11123
247,남원,2022-06,6종,7468
248,순창,2022-06,1종,181463
248,순창,2022-06,2종,3928
248,순창,2022-06,3종,5084
248,순창,2022-06,4종,4183
248,순창,2022-06,5종,8005
248,순창,2022-06,6종,6176
249,담양,2022-06,1종,215017
249,담양,2022-06,2종,4129
249,담양,2022-06,3종,9841
249,담양,2022-06,4종,3639
249,담양,2022-06,5종,6774
249,담양,2022-06,6종,6778
250,남양산,2022-06,1종,1357650
250,남양산,2022-06,2종,36416
250,남양산,2022-06,3종,43797
250,남양산,2022-06,4종,20572
250,남양산,2022-06,5종,21141
250,남양산,2022-06,6종,90110
251,물금,2022-06,1종,701665
251,물금,2022-06,2종,48645
251,물금,2022-06,3종,23212
251,물금,2022-06,4종,41563
251,물금,2022-06,5종,63132
251,물금,2022-06,6종,44535
252,대동,2022-06,1종,2481911
252,대동,2022-06,2종,102133
252,대동,2022-06,3종,84865
252,대동,2022-06,4종,92532
252,대동,2022-06,5종,256040
252,대동,2022-06,6종,120656
253,서서울,2022-06,1종,5080556
253,서서울,2022-06,2종,141891
253,서서울,2022-06,3종,130312
253,서서울,2022-06,4종,152363
253,서서울,2022-06,5종,146590
253,서서울,2022-06,6종,248978
254,군자,2022-06,1종,2422964
254,군자,2022-06,2종,88395
254,군자,2022-06,3종,76256
254,군자,2022-06,4종,93533
254,군자,2022-06,5종,140741
254,군자,2022-06,6종,131971
255,서안산,2022-06,1종,1878236
255,서안산,2022-06,2종,71455
255,서안산,2022-06,3종,59047
255,서안산,2022-06,4종,59729
255,서안산,2022-06,5종,51202
255,서안산,2022-06,6종,108013
256,안산,2022-06,1종,903093
256,안산,2022-06,2종,21430
256,안산,2022-06,3종,14767
256,안산,2022-06,4종,7281
256,안산,2022-06,5종,8392
256,안산,2022-06,6종,60519
257,홍성,2022-06,1종,235738
257,홍성,2022-06,2종,4239
257,홍성,2022-06,3종,7721
257,홍성,2022-06,4종,6152
257,홍성,2022-06,5종,9337
257,홍성,2022-06,6종,7497
258,광천,2022-06,1종,162164
258,광천,2022-06,2종,4565
258,광천,2022-06,3종,7658
258,광천,2022-06,4종,7100
258,광천,2022-06,5종,17024
258,광천,2022-06,6종,5352
259,대천,2022-06,1종,304818
259,대천,2022-06,2종,4562
259,대천,2022-06,3종,10004
259,대천,2022-06,4종,3460
259,대천,2022-06,5종,5876
259,대천,2022-06,6종,9381
260,춘장대,2022-06,1종,63409
260,춘장대,2022-06,2종,1240
260,춘장대,2022-06,3종,1281
260,춘장대,2022-06,4종,925
260,춘장대,2022-06,5종,2134
260,춘장대,2022-06,6종,1876
261,동광주,2022-06,1종,1311710
261,동광주,2022-06,2종,26475
261,동광주,2022-06,3종,50009
261,동광주,2022-06,4종,26785
261,동광주,2022-06,5종,37830
261,동광주,2022-06,6종,38726
262,창평,2022-06,1종,155523
262,창평,2022-06,2종,6423
262,창평,2022-06,3종,3379
262,창평,2022-06,4종,4033
262,창평,2022-06,5종,3505
262,창평,2022-06,6종,5051
263,옥과,2022-06,1종,257848
263,옥과,2022-06,2종,4327
263,옥과,2022-06,3종,8904
263,옥과,2022-06,4종,2950
263,옥과,2022-06,5종,7827
263,옥과,2022-06,6종,9473
264,동남원,2022-06,1종,37105
264,동남원,2022-06,2종,1102
264,동남원,2022-06,3종,1438
264,동남원,2022-06,4종,1259
264,동남원,2022-06,5종,1219
264,동남원,2022-06,6종,1184
265,곡성,2022-06,1종,189366
265,곡성,2022-06,2종,3232
265,곡성,2022-06,3종,3977
265,곡성,2022-06,4종,2848
265,곡성,2022-06,5종,7276
265,곡성,2022-06,6종,6004
266,석곡,2022-06,1종,54267
266,석곡,2022-06,2종,1319
266,석곡,2022-06,3종,1406
266,석곡,2022-06,4종,1112
266,석곡,2022-06,5종,2102
266,석곡,2022-06,6종,1738
267,주암송광사,2022-06,1종,148246
267,주암송광사,2022-06,2종,2732
267,주암송광사,2022-06,3종,2825
267,주암송광사,2022-06,4종,2420
267,주암송광사,2022-06,5종,5288
267,주암송광사,2022-06,6종,4449
268,승주,2022-06,1종,63503
268,승주,2022-06,2종,1354
268,승주,2022-06,3종,1166
268,승주,2022-06,4종,1052
268,승주,2022-06,5종,1202
268,승주,2022-06,6종,2299
269,지리산,2022-06,1종,102796
269,지리산,2022-06,2종,2150
269,지리산,2022-06,3종,2899
269,지리산,2022-06,4종,4063
269,지리산,2022-06,5종,1503
269,지리산,2022-06,6종,4249
270,서순천,2022-06,1종,159889
270,서순천,2022-06,2종,4744
270,서순천,2022-06,3종,5756
270,서순천,2022-06,4종,2008
270,서순천,2022-06,5종,4540
270,서순천,2022-06,6종,4959
271,순천,2022-06,1종,602646
271,순천,2022-06,2종,13984
271,순천,2022-06,3종,12444
271,순천,2022-06,4종,8540
271,순천,2022-06,5종,27948
271,순천,2022-06,6종,16370
272,광양,2022-06,1종,332779
272,광양,2022-06,2종,6750
272,광양,2022-06,3종,16275
272,광양,2022-06,4종,14839
272,광양,2022-06,5종,51999
272,광양,2022-06,6종,9563
273,동광양,2022-06,1종,152320
273,동광양,2022-06,2종,2755
273,동광양,2022-06,3종,2765
273,동광양,2022-06,4종,5724
273,동광양,2022-06,5종,35082
273,동광양,2022-06,6종,5146
274,가조,2022-06,1종,89030
274,가조,2022-06,2종,2883
274,가조,2022-06,3종,4501
274,가조,2022-06,4종,2284
274,가조,2022-06,5종,1607
274,가조,2022-06,6종,3404
275,옥곡,2022-06,1종,182397
275,옥곡,2022-06,2종,4288
275,옥곡,2022-06,3종,8468
275,옥곡,2022-06,4종,10212
275,옥곡,2022-06,5종,52107
275,옥곡,2022-06,6종,5382
276,진월,2022-06,1종,68864
276,진월,2022-06,2종,1395
276,진월,2022-06,3종,1895
276,진월,2022-06,4종,4258
276,진월,2022-06,5종,38431
276,진월,2022-06,6종,2162
277,하동,2022-06,1종,247364
277,하동,2022-06,2종,3721
277,하동,2022-06,3종,6354
277,하동,2022-06,4종,4944
277,하동,2022-06,5종,42793
277,하동,2022-06,6종,8363
278,진교,2022-06,1종,208447
278,진교,2022-06,2종,3580
278,진교,2022-06,3종,8268
278,진교,2022-06,4종,2039
278,진교,2022-06,5종,6546
278,진교,2022-06,6종,9699
279,곤양,2022-06,1종,133467
279,곤양,2022-06,2종,2880
279,곤양,2022-06,3종,5366
279,곤양,2022-06,4종,3544
279,곤양,2022-06,5종,6320
279,곤양,2022-06,6종,5128
280,거창,2022-06,1종,245188
280,거창,2022-06,2종,8175
280,거창,2022-06,3종,17097
280,거창,2022-06,4종,6207
280,거창,2022-06,5종,8264
280,거창,2022-06,6종,9832
281,매송,2022-06,1종,565966
281,매송,2022-06,2종,13848
281,매송,2022-06,3종,13633
281,매송,2022-06,4종,8248
281,매송,2022-06,5종,13804
281,매송,2022-06,6종,29608
282,비봉,2022-06,1종,654789
282,비봉,2022-06,2종,26656
282,비봉,2022-06,3종,26156
282,비봉,2022-06,4종,19434
282,비봉,2022-06,5종,34126
282,비봉,2022-06,6종,32777
283,발안,2022-06,1종,586037
283,발안,2022-06,2종,27798
283,발안,2022-06,3종,25121
283,발안,2022-06,4종,23693
283,발안,2022-06,5종,37062
283,발안,2022-06,6종,32583
284,남양양,2022-06,1종,131024
284,남양양,2022-06,2종,2092
284,남양양,2022-06,3종,2900
284,남양양,2022-06,4종,1119
284,남양양,2022-06,5종,3179
284,남양양,2022-06,6종,4557
285,서평택,2022-06,1종,544499
285,서평택,2022-06,2종,27405
285,서평택,2022-06,3종,49728
285,서평택,2022-06,4종,72240
285,서평택,2022-06,5종,143615
285,서평택,2022-06,6종,31645
286,통도사휴게소,2022-06,1종,156044
286,통도사휴게소,2022-06,2종,2256
286,통도사휴게소,2022-06,3종,2011
286,통도사휴게소,2022-06,4종,7
286,통도사휴게소,2022-06,5종,12
286,통도사휴게소,2022-06,6종,6389
287,송악,2022-06,1종,589021
287,송악,2022-06,2종,13979
287,송악,2022-06,3종,24857
287,송악,2022-06,4종,26164
287,송악,2022-06,5종,154901
287,송악,2022-06,6종,25725
288,당진,2022-06,1종,490157
288,당진,2022-06,2종,11817
288,당진,2022-06,3종,23534
288,당진,2022-06,4종,16318
288,당진,2022-06,5종,53008
288,당진,2022-06,6종,21685
289,마산,2022-06,1종,1160618
289,마산,2022-06,2종,30628
289,마산,2022-06,3종,47842
289,마산,2022-06,4종,20670
289,마산,2022-06,5종,35258
289,마산,2022-06,6종,60905
290,축동,2022-06,1종,54747
290,축동,2022-06,2종,2852
290,축동,2022-06,3종,1797
290,축동,2022-06,4종,6338
290,축동,2022-06,5종,8898
290,축동,2022-06,6종,2515
291,사천,2022-06,1종,748212
291,사천,2022-06,2종,23736
291,사천,2022-06,3종,24536
291,사천,2022-06,4종,18054
291,사천,2022-06,5종,28753
291,사천,2022-06,6종,37647
292,진주,2022-06,1종,709027
292,진주,2022-06,2종,17119
292,진주,2022-06,3종,32608
292,진주,2022-06,4종,13293
292,진주,2022-06,5종,23527
292,진주,2022-06,6종,38875
293,문산,2022-06,1종,317698
293,문산,2022-06,2종,7306
293,문산,2022-06,3종,9036
293,문산,2022-06,4종,4616
293,문산,2022-06,5종,6606
293,문산,2022-06,6종,16822
294,북창원,2022-06,1종,327397
294,북창원,2022-06,2종,8793
294,북창원,2022-06,3종,7375
294,북창원,2022-06,4종,7638
294,북창원,2022-06,5종,12552
294,북창원,2022-06,6종,17883
295,진성,2022-06,1종,202446
295,진성,2022-06,2종,6894
295,진성,2022-06,3종,8376
295,진성,2022-06,4종,7083
295,진성,2022-06,5종,16143
295,진성,2022-06,6종,7849
296,지수,2022-06,1종,62889
296,지수,2022-06,2종,2183
296,지수,2022-06,3종,3000
296,지수,2022-06,4종,2722
296,지수,2022-06,5종,3680
296,지수,2022-06,6종,3645
297,동충주,2022-06,1종,276137
297,동충주,2022-06,2종,7697
297,동충주,2022-06,3종,11459
297,동충주,2022-06,4종,13795
297,동충주,2022-06,5종,34558
297,동충주,2022-06,6종,8391
298,서산,2022-06,1종,798660
298,서산,2022-06,2종,16800
298,서산,2022-06,3종,36310
298,서산,2022-06,4종,34893
298,서산,2022-06,5종,60469
298,서산,2022-06,6종,27738
299,해미,2022-06,1종,151411
299,해미,2022-06,2종,4360
299,해미,2022-06,3종,6928
299,해미,2022-06,4종,4888
299,해미,2022-06,5종,12907
299,해미,2022-06,6종,5734
500,남여주,2022-06,1종,253656
500,남여주,2022-06,2종,5897
500,남여주,2022-06,3종,9106
500,남여주,2022-06,4종,12290
500,남여주,2022-06,5종,18570
500,남여주,2022-06,6종,8045
501,서김제,2022-06,1종,64245
501,서김제,2022-06,2종,1943
501,서김제,2022-06,3종,3853
501,서김제,2022-06,4종,4356
501,서김제,2022-06,5종,3368
501,서김제,2022-06,6종,1515
502,부안,2022-06,1종,152380
502,부안,2022-06,2종,4333
502,부안,2022-06,3종,10265
502,부안,2022-06,4종,6467
502,부안,2022-06,5종,7295
502,부안,2022-06,6종,3759
503,줄포,2022-06,1종,77236
503,줄포,2022-06,2종,1622
503,줄포,2022-06,3종,3148
503,줄포,2022-06,4종,2435
503,줄포,2022-06,5종,2019
503,줄포,2022-06,6종,1636
504,선운산,2022-06,1종,125286
504,선운산,2022-06,2종,3001
504,선운산,2022-06,3종,6842
504,선운산,2022-06,4종,8455
504,선운산,2022-06,5종,9438
504,선운산,2022-06,6종,3060
505,고창,2022-06,1종,122116
505,고창,2022-06,2종,2996
505,고창,2022-06,3종,4443
505,고창,2022-06,4종,3294
505,고창,2022-06,5종,3211
505,고창,2022-06,6종,3109
506,영광,2022-06,1종,112987
506,영광,2022-06,2종,2588
506,영광,2022-06,3종,6541
506,영광,2022-06,4종,4906
506,영광,2022-06,5종,6712
506,영광,2022-06,6종,2607
507,함평,2022-06,1종,66785
507,함평,2022-06,2종,1806
507,함평,2022-06,3종,4875
507,함평,2022-06,4종,5300
507,함평,2022-06,5종,8466
507,함평,2022-06,6종,1620
508,무안,2022-06,1종,219034
508,무안,2022-06,2종,5457
508,무안,2022-06,3종,7301
508,무안,2022-06,4종,7787
508,무안,2022-06,5종,9923
508,무안,2022-06,6종,7004
509,목포,2022-06,1종,908661
509,목포,2022-06,2종,19405
509,목포,2022-06,3종,30758
509,목포,2022-06,4종,35427
509,목포,2022-06,5종,50254
509,목포,2022-06,6종,24708
510,양양,2022-06,1종,281152
510,양양,2022-06,2종,3445
510,양양,2022-06,3종,7578
510,양양,2022-06,4종,2093
510,양양,2022-06,5종,5027
510,양양,2022-06,6종,9044
511,무창포,2022-06,1종,139355
511,무창포,2022-06,2종,2081
511,무창포,2022-06,3종,4088
511,무창포,2022-06,4종,2093
511,무창포,2022-06,5종,8435
511,무창포,2022-06,6종,3427
512,연화산,2022-06,1종,43084
512,연화산,2022-06,2종,1348
512,연화산,2022-06,3종,931
512,연화산,2022-06,4종,1009
512,연화산,2022-06,5종,2800
512,연화산,2022-06,6종,2409
513,고성,2022-06,1종,412646
513,고성,2022-06,2종,9042
513,고성,2022-06,3종,15488
513,고성,2022-06,4종,6851
513,고성,2022-06,5종,15049
513,고성,2022-06,6종,23086
514,동고성,2022-06,1종,120128
514,동고성,2022-06,2종,2698
514,동고성,2022-06,3종,4843
514,동고성,2022-06,4종,3919
514,동고성,2022-06,5종,14416
514,동고성,2022-06,6종,9886
515,북통영,2022-06,1종,206150
515,북통영,2022-06,2종,4125
515,북통영,2022-06,3종,10745
515,북통영,2022-06,4종,1373
515,북통영,2022-06,5종,2709
515,북통영,2022-06,6종,10950
516,통영,2022-06,1종,585467
516,통영,2022-06,2종,11129
516,통영,2022-06,3종,20846
516,통영,2022-06,4종,9575
516,통영,2022-06,5종,19815
516,통영,2022-06,6종,31796
517,양평,2022-06,1종,215501
517,양평,2022-06,2종,4822
517,양평,2022-06,3종,6468
517,양평,2022-06,4종,7276
517,양평,2022-06,5종,10328
517,양평,2022-06,6종,7715
518,칠곡물류,2022-06,1종,185533
518,칠곡물류,2022-06,2종,29045
518,칠곡물류,2022-06,3종,26882
518,칠곡물류,2022-06,4종,47791
518,칠곡물류,2022-06,5종,23447
518,칠곡물류,2022-06,6종,8006
519,남대구,2022-06,1종,1752999
519,남대구,2022-06,2종,46320
519,남대구,2022-06,3종,57245
519,남대구,2022-06,4종,34497
519,남대구,2022-06,5종,51497
519,남대구,2022-06,6종,91745
520,평택,2022-06,1종,992279
520,평택,2022-06,2종,41620
520,평택,2022-06,3종,75350
520,평택,2022-06,4종,59436
520,평택,2022-06,5종,70701
520,평택,2022-06,6종,42191
521,단양,2022-06,1종,102113
521,단양,2022-06,2종,1596
521,단양,2022-06,3종,2585
521,단양,2022-06,4종,1601
521,단양,2022-06,5종,12737
521,단양,2022-06,6종,3541
522,북단양,2022-06,1종,173112
522,북단양,2022-06,2종,3026
522,북단양,2022-06,3종,4305
522,북단양,2022-06,4종,9036
522,북단양,2022-06,5종,65814
522,북단양,2022-06,6종,5527
523,남제천,2022-06,1종,253907
523,남제천,2022-06,2종,4400
523,남제천,2022-06,3종,7134
523,남제천,2022-06,4종,8029
523,남제천,2022-06,5종,40639
523,남제천,2022-06,6종,7332
524,청통와촌,2022-06,1종,319317
524,청통와촌,2022-06,2종,17873
524,청통와촌,2022-06,3종,13603
524,청통와촌,2022-06,4종,10105
524,청통와촌,2022-06,5종,11987
524,청통와촌,2022-06,6종,11385
525,북영천,2022-06,1종,198171
525,북영천,2022-06,2종,4547
525,북영천,2022-06,3종,4767
525,북영천,2022-06,4종,4274
525,북영천,2022-06,5종,7578
525,북영천,2022-06,6종,7107
526,서포항,2022-06,1종,105603
526,서포항,2022-06,2종,1978
526,서포항,2022-06,3종,1901
526,서포항,2022-06,4종,1377
526,서포항,2022-06,5종,4274
526,서포항,2022-06,6종,4773
527,포항,2022-06,1종,869240
527,포항,2022-06,2종,16539
527,포항,2022-06,3종,21843
527,포항,2022-06,4종,13784
527,포항,2022-06,5종,63020
527,포항,2022-06,6종,28135
528,기흥동탄,2022-06,1종,1271238
528,기흥동탄,2022-06,2종,20334
528,기흥동탄,2022-06,3종,105093
528,기흥동탄,2022-06,4종,22733
528,기흥동탄,2022-06,5종,22239
528,기흥동탄,2022-06,6종,60561
529,노포,2022-06,1종,184195
529,노포,2022-06,2종,7028
529,노포,2022-06,3종,21651
529,노포,2022-06,4종,5170
529,노포,2022-06,5종,3883
529,노포,2022-06,6종,9874
530,내장산,2022-06,1종,96629
530,내장산,2022-06,2종,3751
530,내장산,2022-06,3종,4678
530,내장산,2022-06,4종,4167
530,내장산,2022-06,5종,3436
530,내장산,2022-06,6종,2480
531,문의청남대,2022-06,1종,220124
531,문의청남대,2022-06,2종,4314
531,문의청남대,2022-06,3종,8408
531,문의청남대,2022-06,4종,9513
531,문의청남대,2022-06,5종,11111
531,문의청남대,2022-06,6종,7600
532,회인,2022-06,1종,62355
532,회인,2022-06,2종,934
532,회인,2022-06,3종,994
532,회인,2022-06,4종,1144
532,회인,2022-06,5종,1528
532,회인,2022-06,6종,2255
533,보은,2022-06,1종,155612
533,보은,2022-06,2종,4864
533,보은,2022-06,3종,5625
533,보은,2022-06,4종,6276
533,보은,2022-06,5종,5820
533,보은,2022-06,6종,5789
534,속리산,2022-06,1종,78288
534,속리산,2022-06,2종,1754
534,속리산,2022-06,3종,2681
534,속리산,2022-06,4종,2716
534,속리산,2022-06,5종,3288
534,속리산,2022-06,6종,2740
535,화서,2022-06,1종,70013
535,화서,2022-06,2종,1717
535,화서,2022-06,3종,3529
535,화서,2022-06,4종,3566
535,화서,2022-06,5종,5677
535,화서,2022-06,6종,2537
536,남상주,2022-06,1종,139359
536,남상주,2022-06,2종,3887
536,남상주,2022-06,3종,12025
536,남상주,2022-06,4종,9049
536,남상주,2022-06,5종,5603
536,남상주,2022-06,6종,4942
537,남김천,2022-06,1종,96732
537,남김천,2022-06,2종,3964
537,남김천,2022-06,3종,6691
537,남김천,2022-06,4종,7971
537,남김천,2022-06,5종,16560
537,남김천,2022-06,6종,3429
538,성주,2022-06,1종,121146
538,성주,2022-06,2종,5871
538,성주,2022-06,3종,8839
538,성주,2022-06,4종,10283
538,성주,2022-06,5종,10038
538,성주,2022-06,6종,4073
539,남성주,2022-06,1종,78182
539,남성주,2022-06,2종,5405
539,남성주,2022-06,3종,5932
539,남성주,2022-06,4종,6664
539,남성주,2022-06,5종,11700
539,남성주,2022-06,6종,2231
540,청북,2022-06,1종,513198
540,청북,2022-06,2종,36566
540,청북,2022-06,3종,48438
540,청북,2022-06,4종,59598
540,청북,2022-06,5종,61154
540,청북,2022-06,6종,26397
541,송탄,2022-06,1종,531682
541,송탄,2022-06,2종,29415
541,송탄,2022-06,3종,33598
541,송탄,2022-06,4종,40762
541,송탄,2022-06,5종,34697
541,송탄,2022-06,6종,28667
542,서안성,2022-06,1종,678066
542,서안성,2022-06,2종,29150
542,서안성,2022-06,3종,49510
542,서안성,2022-06,4종,74924
542,서안성,2022-06,5종,48882
542,서안성,2022-06,6종,32399
543,남안성,2022-06,1종,730085
543,남안성,2022-06,2종,44555
543,남안성,2022-06,3종,51901
543,남안성,2022-06,4종,65758
543,남안성,2022-06,5종,64562
543,남안성,2022-06,6종,34602
544,완주,2022-06,1종,300524
544,완주,2022-06,2종,8137
544,완주,2022-06,3종,16304
544,완주,2022-06,4종,20331
544,완주,2022-06,5종,47131
544,완주,2022-06,6종,7471
545,소양,2022-06,1종,180893
545,소양,2022-06,2종,3278
545,소양,2022-06,3종,10566
545,소양,2022-06,4종,4842
545,소양,2022-06,5종,6412
545,소양,2022-06,6종,4462
546,진안,2022-06,1종,63022
546,진안,2022-06,2종,1744
546,진안,2022-06,3종,4018
546,진안,2022-06,4종,1905
546,진안,2022-06,5종,3356
546,진안,2022-06,6종,1851
547,무안공항,2022-06,1종,50631
547,무안공항,2022-06,2종,421
547,무안공항,2022-06,3종,727
547,무안공항,2022-06,4종,674
547,무안공항,2022-06,5종,1664
547,무안공항,2022-06,6종,983
548,북무안,2022-06,1종,173988
548,북무안,2022-06,2종,3785
548,북무안,2022-06,3종,5559
548,북무안,2022-06,4종,6141
548,북무안,2022-06,5종,6917
548,북무안,2022-06,6종,3754
549,동함평,2022-06,1종,229660
549,동함평,2022-06,2종,3705
549,동함평,2022-06,3종,5073
549,동함평,2022-06,4종,3367
549,동함평,2022-06,5종,4854
549,동함평,2022-06,6종,7366
550,문평,2022-06,1종,55205
550,문평,2022-06,2종,1140
550,문평,2022-06,3종,1443
550,문평,2022-06,4종,1386
550,문평,2022-06,5종,13072
550,문평,2022-06,6종,1545
551,나주,2022-06,1종,87355
551,나주,2022-06,2종,1893
551,나주,2022-06,3종,1995
551,나주,2022-06,4종,3852
551,나주,2022-06,5종,4293
551,나주,2022-06,6종,3347
552,서광산,2022-06,1종,348397
552,서광산,2022-06,2종,13133
552,서광산,2022-06,3종,13147
552,서광산,2022-06,4종,13315
552,서광산,2022-06,5종,14123
552,서광산,2022-06,6종,11202
553,동광산,2022-06,1종,1279282
553,동광산,2022-06,2종,25098
553,동광산,2022-06,3종,30879
553,동광산,2022-06,4종,28695
553,동광산,2022-06,5종,35274
553,동광산,2022-06,6종,37599
554,동홍천,2022-06,1종,356845
554,동홍천,2022-06,2종,4984
554,동홍천,2022-06,3종,9082
554,동홍천,2022-06,4종,3804
554,동홍천,2022-06,5종,4462
554,동홍천,2022-06,6종,13335
555,북진천,2022-06,1종,378641
555,북진천,2022-06,2종,29881
555,북진천,2022-06,3종,40107
555,북진천,2022-06,4종,47313
555,북진천,2022-06,5종,43053
555,북진천,2022-06,6종,14266
556,동순천,2022-06,1종,391022
556,동순천,2022-06,2종,5861
556,동순천,2022-06,3종,14653
556,동순천,2022-06,4종,13253
556,동순천,2022-06,5종,46495
556,동순천,2022-06,6종,8701
557,황전,2022-06,1종,123060
557,황전,2022-06,2종,1700
557,황전,2022-06,3종,1756
557,황전,2022-06,4종,1616
557,황전,2022-06,5종,4717
557,황전,2022-06,6종,3829
558,구례화엄사,2022-06,1종,134186
558,구례화엄사,2022-06,2종,2974
558,구례화엄사,2022-06,3종,4273
558,구례화엄사,2022-06,4종,3958
558,구례화엄사,2022-06,5종,6894
558,구례화엄사,2022-06,6종,3440
559,서남원,2022-06,1종,91145
559,서남원,2022-06,2종,2838
559,서남원,2022-06,3종,4420
559,서남원,2022-06,4종,4857
559,서남원,2022-06,5종,9982
559,서남원,2022-06,6종,2909
560,감곡,2022-06,1종,313265
560,감곡,2022-06,2종,8635
560,감곡,2022-06,3종,11082
560,감곡,2022-06,4종,13636
560,감곡,2022-06,5종,25849
560,감곡,2022-06,6종,9607
561,북충주,2022-06,1종,217454
561,북충주,2022-06,2종,5766
561,북충주,2022-06,3종,9319
561,북충주,2022-06,4종,5291
561,북충주,2022-06,5종,8105
561,북충주,2022-06,6종,6885
562,충주,2022-06,1종,163698
562,충주,2022-06,2종,4306
562,충주,2022-06,3종,9518
562,충주,2022-06,4종,13122
562,충주,2022-06,5종,11577
562,충주,2022-06,6종,5410
563,괴산,2022-06,1종,68596
563,괴산,2022-06,2종,1575
563,괴산,2022-06,3종,2885
563,괴산,2022-06,4종,3305
563,괴산,2022-06,5종,6170
563,괴산,2022-06,6종,2088
564,연풍,2022-06,1종,75905
564,연풍,2022-06,2종,2941
564,연풍,2022-06,3종,7167
564,연풍,2022-06,4종,10689
564,연풍,2022-06,5종,8823
564,연풍,2022-06,6종,1990
565,문경새재,2022-06,1종,112406
565,문경새재,2022-06,2종,2995
565,문경새재,2022-06,3종,6144
565,문경새재,2022-06,4종,6248
565,문경새재,2022-06,5종,5359
565,문경새재,2022-06,6종,3189
566,점촌함창,2022-06,1종,116255
566,점촌함창,2022-06,2종,2944
566,점촌함창,2022-06,3종,7169
566,점촌함창,2022-06,4종,4630
566,점촌함창,2022-06,5종,5439
566,점촌함창,2022-06,6종,3380
567,남고창,2022-06,1종,162075
567,남고창,2022-06,2종,3553
567,남고창,2022-06,3종,5687
567,남고창,2022-06,4종,4102
567,남고창,2022-06,5종,4165
567,남고창,2022-06,6종,4869
568,장성물류,2022-06,1종,54996
568,장성물류,2022-06,2종,7214
568,장성물류,2022-06,3종,5060
568,장성물류,2022-06,4종,6583
568,장성물류,2022-06,5종,10067
568,장성물류,2022-06,6종,1290
569,북광주,2022-06,1종,490886
569,북광주,2022-06,2종,17292
569,북광주,2022-06,3종,17662
569,북광주,2022-06,4종,27077
569,북광주,2022-06,5종,38239
569,북광주,2022-06,6종,13338
570,북상주,2022-06,1종,128023
570,북상주,2022-06,2종,4902
570,북상주,2022-06,3종,8969
570,북상주,2022-06,4종,13677
570,북상주,2022-06,5종,7375
570,북상주,2022-06,6종,3798
571,면천,2022-06,1종,120944
571,면천,2022-06,2종,2467
571,면천,2022-06,3종,3673
571,면천,2022-06,4종,4216
571,면천,2022-06,5종,9096
571,면천,2022-06,6종,4669
572,고덕,2022-06,1종,166540
572,고덕,2022-06,2종,4097
572,고덕,2022-06,3종,7374
572,고덕,2022-06,4종,6270
572,고덕,2022-06,5종,9539
572,고덕,2022-06,6종,5886
573,예산수덕사,2022-06,1종,378319
573,예산수덕사,2022-06,2종,9885
573,예산수덕사,2022-06,3종,12504
573,예산수덕사,2022-06,4종,16397
573,예산수덕사,2022-06,5종,21369
573,예산수덕사,2022-06,6종,12292
574,신양,2022-06,1종,81796
574,신양,2022-06,2종,1764
574,신양,2022-06,3종,2448
574,신양,2022-06,4종,2189
574,신양,2022-06,5종,3634
574,신양,2022-06,6종,2565
575,유구,2022-06,1종,164236
575,유구,2022-06,2종,2476
575,유구,2022-06,3종,3148
575,유구,2022-06,4종,2852
575,유구,2022-06,5종,3544
575,유구,2022-06,6종,5313
576,마곡사,2022-06,1종,77159
576,마곡사,2022-06,2종,1261
576,마곡사,2022-06,3종,1584
576,마곡사,2022-06,4종,1419
576,마곡사,2022-06,5종,1861
576,마곡사,2022-06,6종,2600
577,공주,2022-06,1종,212491
577,공주,2022-06,2종,4839
577,공주,2022-06,3종,9084
577,공주,2022-06,4종,3642
577,공주,2022-06,5종,6732
577,공주,2022-06,6종,7925
578,서세종,2022-06,1종,346363
578,서세종,2022-06,2종,10118
578,서세종,2022-06,3종,9539
578,서세종,2022-06,4종,7543
578,서세종,2022-06,5종,10982
578,서세종,2022-06,6종,12287
579,남세종,2022-06,1종,555738
579,남세종,2022-06,2종,8002
579,남세종,2022-06,3종,8872
579,남세종,2022-06,4종,6568
579,남세종,2022-06,5종,11750
579,남세종,2022-06,6종,24840
580,북강릉,2022-06,1종,363905
580,북강릉,2022-06,2종,7165
580,북강릉,2022-06,3종,8317
580,북강릉,2022-06,4종,3267
580,북강릉,2022-06,5종,7858
580,북강릉,2022-06,6종,13748
581,옥계,2022-06,1종,93809
581,옥계,2022-06,2종,1872
581,옥계,2022-06,3종,1606
581,옥계,2022-06,4종,2197
581,옥계,2022-06,5종,18210
581,옥계,2022-06,6종,4811
582,망상,2022-06,1종,161409
582,망상,2022-06,2종,3165
582,망상,2022-06,3종,7265
582,망상,2022-06,4종,1014
582,망상,2022-06,5종,3665
582,망상,2022-06,6종,8406
583,동해,2022-06,1종,341480
583,동해,2022-06,2종,6485
583,동해,2022-06,3종,12264
583,동해,2022-06,4종,4957
583,동해,2022-06,5종,28640
583,동해,2022-06,6종,17732
584,남강릉,2022-06,1종,176467
584,남강릉,2022-06,2종,5370
584,남강릉,2022-06,3종,4032
584,남강릉,2022-06,4종,2730
584,남강릉,2022-06,5종,6579
584,남강릉,2022-06,6종,8705
585,하조대,2022-06,1종,195678
585,하조대,2022-06,2종,3007
585,하조대,2022-06,3종,4200
585,하조대,2022-06,4종,1075
585,하조대,2022-06,5종,2330
585,하조대,2022-06,6종,7178
586,북남원,2022-06,1종,60851
586,북남원,2022-06,2종,1854
586,북남원,2022-06,3종,1554
586,북남원,2022-06,4종,1873
586,북남원,2022-06,5종,3137
586,북남원,2022-06,6종,1438
587,오수,2022-06,1종,171633
587,오수,2022-06,2종,3581
587,오수,2022-06,3종,7427
587,오수,2022-06,4종,6986
587,오수,2022-06,5종,13888
587,오수,2022-06,6종,4520
588,임실,2022-06,1종,68247
588,임실,2022-06,2종,1998
588,임실,2022-06,3종,2652
588,임실,2022-06,4종,1761
588,임실,2022-06,5종,4654
588,임실,2022-06,6종,1875
589,상관,2022-06,1종,213725
589,상관,2022-06,2종,3566
589,상관,2022-06,3종,10733
589,상관,2022-06,4종,5852
589,상관,2022-06,5종,20616
589,상관,2022-06,6종,4842
590,동전주,2022-06,1종,233554
590,동전주,2022-06,2종,3856
590,동전주,2022-06,3종,3563
590,동전주,2022-06,4종,2335
590,동전주,2022-06,5종,4205
590,동전주,2022-06,6종,7096
591,동서천,2022-06,1종,83875
591,동서천,2022-06,2종,1724
591,동서천,2022-06,3종,3134
591,동서천,2022-06,4종,4411
591,동서천,2022-06,5종,16049
591,동서천,2022-06,6종,2460
592,서부여,2022-06,1종,87952
592,서부여,2022-06,2종,1976
592,서부여,2022-06,3종,3113
592,서부여,2022-06,4종,2307
592,서부여,2022-06,5종,3031
592,서부여,2022-06,6종,2890
593,부여,2022-06,1종,115401
593,부여,2022-06,2종,1828
593,부여,2022-06,3종,3769
593,부여,2022-06,4종,3330
593,부여,2022-06,5종,4007
593,부여,2022-06,6종,3423
594,칠갑산,2022-06,1종,39161
594,칠갑산,2022-06,2종,710
594,칠갑산,2022-06,3종,1951
594,칠갑산,2022-06,4종,1536
594,칠갑산,2022-06,5종,1285
594,칠갑산,2022-06,6종,1208
595,서공주,2022-06,1종,166805
595,서공주,2022-06,2종,3932
595,서공주,2022-06,3종,4890
595,서공주,2022-06,4종,5252
595,서공주,2022-06,5종,8167
595,서공주,2022-06,6종,4920
596,가락2,2022-06,1종,30066
596,가락2,2022-06,2종,1786
596,가락2,2022-06,3종,2813
596,가락2,2022-06,4종,4984
596,가락2,2022-06,5종,7315
596,가락2,2022-06,6종,1428
597,서여주,2022-06,1종,202550
597,서여주,2022-06,2종,7111
597,서여주,2022-06,3종,13225
597,서여주,2022-06,4종,11345
597,서여주,2022-06,5종,12842
597,서여주,2022-06,6종,8617
598,북여주,2022-06,1종,260069
598,북여주,2022-06,2종,6805
598,북여주,2022-06,3종,11337
598,북여주,2022-06,4종,6742
598,북여주,2022-06,5종,8612
598,북여주,2022-06,6종,9453
599,양촌,2022-06,1종,72157
599,양촌,2022-06,2종,1213
599,양촌,2022-06,3종,386
599,양촌,2022-06,4종,10
599,양촌,2022-06,5종,18
599,양촌,2022-06,6종,2327
601,남천안,2022-06,1종,288016
601,남천안,2022-06,2종,10127
601,남천안,2022-06,3종,14349
601,남천안,2022-06,4종,16978
601,남천안,2022-06,5종,18345
601,남천안,2022-06,6종,10535
602,풍세상,2022-06,1종,1848738
602,풍세상,2022-06,2종,37804
602,풍세상,2022-06,3종,99048
602,풍세상,2022-06,4종,89744
602,풍세상,2022-06,5종,122368
602,풍세상,2022-06,6종,43642
603,정안,2022-06,1종,385603
603,정안,2022-06,2종,7483
603,정안,2022-06,3종,18308
603,정안,2022-06,4종,10330
603,정안,2022-06,5종,14160
603,정안,2022-06,6종,12087
604,남공주,2022-06,1종,100801
604,남공주,2022-06,2종,3572
604,남공주,2022-06,3종,4794
604,남공주,2022-06,4종,3621
604,남공주,2022-06,5종,7706
604,남공주,2022-06,6종,3336
605,탄천,2022-06,1종,36517
605,탄천,2022-06,2종,1868
605,탄천,2022-06,3종,1920
605,탄천,2022-06,4종,3098
605,탄천,2022-06,5종,5567
605,탄천,2022-06,6종,1550
606,서논산,2022-06,1종,164196
606,서논산,2022-06,2종,6400
606,서논산,2022-06,3종,10401
606,서논산,2022-06,4종,12400
606,서논산,2022-06,5종,12349
606,서논산,2022-06,6종,5393
607,연무,2022-06,1종,183148
607,연무,2022-06,2종,6351
607,연무,2022-06,3종,11510
607,연무,2022-06,4종,12512
607,연무,2022-06,5종,10964
607,연무,2022-06,6종,5447
608,남논산하,2022-06,1종,1081416
608,남논산하,2022-06,2종,18800
608,남논산하,2022-06,3종,58196
608,남논산하,2022-06,4종,44858
608,남논산하,2022-06,5종,77590
608,남논산하,2022-06,6종,20052
612,풍세하,2022-06,1종,1711788
612,풍세하,2022-06,2종,34078
612,풍세하,2022-06,3종,94824
612,풍세하,2022-06,4종,69466
612,풍세하,2022-06,5종,94840
612,풍세하,2022-06,6종,40088
613,남풍세,2022-06,1종,678666
613,남풍세,2022-06,2종,24376
613,남풍세,2022-06,3종,48676
613,남풍세,2022-06,4종,68709
613,남풍세,2022-06,5종,96400
613,남풍세,2022-06,6종,21506
618,남논산상,2022-06,1종,1073818
618,남논산상,2022-06,2종,18466
618,남논산상,2022-06,3종,58216
618,남논산상,2022-06,4종,46526
618,남논산상,2022-06,5종,83096
618,남논산상,2022-06,6종,20224
621,동대구,2022-06,1종,876261
621,동대구,2022-06,2종,21986
621,동대구,2022-06,3종,28962
621,동대구,2022-06,4종,18781
621,동대구,2022-06,5종,23099
621,동대구,2022-06,6종,37304
622,대구,2022-06,1종,1490094
622,대구,2022-06,2종,40306
622,대구,2022-06,3종,36568
622,대구,2022-06,4종,53800
622,대구,2022-06,5종,109052
622,대구,2022-06,6종,45132
623,수성,2022-06,1종,978698
623,수성,2022-06,2종,18773
623,수성,2022-06,3종,14760
623,수성,2022-06,4종,9752
623,수성,2022-06,5종,11942
623,수성,2022-06,6종,39116
624,청도,2022-06,1종,321024
624,청도,2022-06,2종,8552
624,청도,2022-06,3종,8905
624,청도,2022-06,4종,9052
624,청도,2022-06,5종,9100
624,청도,2022-06,6종,12409
625,밀양,2022-06,1종,389524
625,밀양,2022-06,2종,10451
625,밀양,2022-06,3종,10177
625,밀양,2022-06,4종,9711
625,밀양,2022-06,5종,10738
625,밀양,2022-06,6종,15439
626,남밀양,2022-06,1종,459160
626,남밀양,2022-06,2종,16741
626,남밀양,2022-06,3종,15783
626,남밀양,2022-06,4종,14697
626,남밀양,2022-06,5종,19004
626,남밀양,2022-06,6종,22950
627,삼랑진,2022-06,1종,266366
627,삼랑진,2022-06,2종,8079
627,삼랑진,2022-06,3종,9468
627,삼랑진,2022-06,4종,8240
627,삼랑진,2022-06,5종,22198
627,삼랑진,2022-06,6종,14347
628,상동,2022-06,1종,149019
628,상동,2022-06,2종,19602
628,상동,2022-06,3종,13678
628,상동,2022-06,4종,18240
628,상동,2022-06,5종,11632
628,상동,2022-06,6종,7946
629,김해부산,2022-06,1종,1281168
629,김해부산,2022-06,2종,43864
629,김해부산,2022-06,3종,34242
629,김해부산,2022-06,4종,49496
629,김해부산,2022-06,5종,102054
629,김해부산,2022-06,6종,41704
641,울산,2022-06,1종,1091757
641,울산,2022-06,2종,28020
641,울산,2022-06,3종,44584
641,울산,2022-06,4종,27506
641,울산,2022-06,5종,60364
641,울산,2022-06,6종,52477
642,문수,2022-06,1종,275875
642,문수,2022-06,2종,6732
642,문수,2022-06,3종,12511
642,문수,2022-06,4종,11417
642,문수,2022-06,5종,15038
642,문수,2022-06,6종,14428
643,청량,2022-06,1종,810328
643,청량,2022-06,2종,16626
643,청량,2022-06,3종,29888
643,청량,2022-06,4종,45076
643,청량,2022-06,5종,182193
643,청량,2022-06,6종,43218
644,온양,2022-06,1종,183899
644,온양,2022-06,2종,4904
644,온양,2022-06,3종,4417
644,온양,2022-06,4종,3814
644,온양,2022-06,5종,11316
644,온양,2022-06,6종,11589
645,장안,2022-06,1종,383880
645,장안,2022-06,2종,7159
645,장안,2022-06,3종,11212
645,장안,2022-06,4종,10747
645,장안,2022-06,5종,17005
645,장안,2022-06,6종,20036
646,기장일광,2022-06,1종,582020
646,기장일광,2022-06,2종,4698
646,기장일광,2022-06,3종,7792
646,기장일광,2022-06,4종,7762
646,기장일광,2022-06,5종,31402
646,기장일광,2022-06,6종,29442
647,해운대송정,2022-06,1종,265123
647,해운대송정,2022-06,2종,2721
647,해운대송정,2022-06,3종,2253
647,해운대송정,2022-06,4종,1871
647,해운대송정,2022-06,5종,1701
647,해운대송정,2022-06,6종,14136
648,해운대,2022-06,1종,1296080
648,해운대,2022-06,2종,10922
648,해운대,2022-06,3종,14165
648,해운대,2022-06,4종,9799
648,해운대,2022-06,5종,44925
648,해운대,2022-06,6종,64686
651,남양주,2022-06,1종,2510652
651,남양주,2022-06,2종,41874
651,남양주,2022-06,3종,62814
651,남양주,2022-06,4종,32982
651,남양주,2022-06,5종,23045
651,남양주,2022-06,6종,110342
652,화도,2022-06,1종,1443158
652,화도,2022-06,2종,35208
652,화도,2022-06,3종,34395
652,화도,2022-06,4종,28707
652,화도,2022-06,5종,19235
652,화도,2022-06,6종,81650
653,서종,2022-06,1종,283271
653,서종,2022-06,2종,2675
653,서종,2022-06,3종,1501
653,서종,2022-06,4종,1091
653,서종,2022-06,5종,1687
653,서종,2022-06,6종,12872
654,설악,2022-06,1종,474213
654,설악,2022-06,2종,4031
654,설악,2022-06,3종,6254
654,설악,2022-06,4종,1936
654,설악,2022-06,5종,2534
654,설악,2022-06,6종,17796
655,강촌,2022-06,1종,271069
655,강촌,2022-06,2종,3425
655,강촌,2022-06,3종,7724
655,강촌,2022-06,4종,2640
655,강촌,2022-06,5종,3122
655,강촌,2022-06,6종,9074
656,남춘천,2022-06,1종,264167
656,남춘천,2022-06,2종,3033
656,남춘천,2022-06,3종,4127
656,남춘천,2022-06,4종,2407
656,남춘천,2022-06,5종,5853
656,남춘천,2022-06,6종,7853
657,동산,2022-06,1종,1244552
657,동산,2022-06,2종,19390
657,동산,2022-06,3종,36300
657,동산,2022-06,4종,7904
657,동산,2022-06,5종,16694
657,동산,2022-06,6종,47570
658,조양,2022-06,1종,36062
658,조양,2022-06,2종,546
658,조양,2022-06,3종,1063
658,조양,2022-06,4종,954
658,조양,2022-06,5종,1461
658,조양,2022-06,6종,1449
671,봉담,2022-06,1종,1388390
671,봉담,2022-06,2종,39256
671,봉담,2022-06,3종,35891
671,봉담,2022-06,4종,25744
671,봉담,2022-06,5종,38637
671,봉담,2022-06,6종,82423
672,정남,2022-06,1종,425553
672,정남,2022-06,2종,20967
672,정남,2022-06,3종,11479
672,정남,2022-06,4종,12530
672,정남,2022-06,5종,16270
672,정남,2022-06,6종,25558
673,북오산,2022-06,1종,1233566
673,북오산,2022-06,2종,28939
673,북오산,2022-06,3종,37481
673,북오산,2022-06,4종,19511
673,북오산,2022-06,5종,12867
673,북오산,2022-06,6종,73987
675,서오산,2022-06,1종,1219350
675,서오산,2022-06,2종,25449
675,서오산,2022-06,3종,28721
675,서오산,2022-06,4종,16288
675,서오산,2022-06,5종,19968
675,서오산,2022-06,6종,66955
676,향남,2022-06,1종,501343
676,향남,2022-06,2종,28195
676,향남,2022-06,3종,20434
676,향남,2022-06,4종,19828
676,향남,2022-06,5종,15596
676,향남,2022-06,6종,30923
677,북평택,2022-06,1종,2191637
677,북평택,2022-06,2종,51716
677,북평택,2022-06,3종,77916
677,북평택,2022-06,4종,54958
677,북평택,2022-06,5종,54905
677,북평택,2022-06,6종,105282
681,장안본선,2022-06,1종,1172966
681,장안본선,2022-06,2종,69772
681,장안본선,2022-06,3종,161582
681,장안본선,2022-06,4종,87256
681,장안본선,2022-06,5종,193446
681,장안본선,2022-06,6종,47488
682,조암,2022-06,1종,345083
682,조암,2022-06,2종,33203
682,조암,2022-06,3종,38040
682,조암,2022-06,4종,33479
682,조암,2022-06,5종,41639
682,조암,2022-06,6종,16008
683,송산마도,2022-06,1종,813693
683,송산마도,2022-06,2종,39745
683,송산마도,2022-06,3종,36018
683,송산마도,2022-06,4종,34092
683,송산마도,2022-06,5종,75519
683,송산마도,2022-06,6종,38811
684,남안산,2022-06,1종,750215
684,남안산,2022-06,2종,63343
684,남안산,2022-06,3종,60216
684,남안산,2022-06,4종,70170
684,남안산,2022-06,5종,84543
684,남안산,2022-06,6종,38588
685,서시흥,2022-06,1종,1436620
685,서시흥,2022-06,2종,67222
685,서시흥,2022-06,3종,85892
685,서시흥,2022-06,4종,94127
685,서시흥,2022-06,5종,196630
685,서시흥,2022-06,6종,66625
701,북양양,2022-06,1종,258413
701,북양양,2022-06,2종,3743
701,북양양,2022-06,3종,5189
701,북양양,2022-06,4종,1204
701,북양양,2022-06,5종,2483
701,북양양,2022-06,6종,9291
702,속초,2022-06,1종,373849
702,속초,2022-06,2종,6325
702,속초,2022-06,3종,8891
702,속초,2022-06,4종,3360
702,속초,2022-06,5종,6811
702,속초,2022-06,6종,11242
703,삼척,2022-06,1종,182720
703,삼척,2022-06,2종,3466
703,삼척,2022-06,3종,6377
703,삼척,2022-06,4종,2216
703,삼척,2022-06,5종,5866
703,삼척,2022-06,6종,9097
704,근덕,2022-06,1종,203180
704,근덕,2022-06,2종,3486
704,근덕,2022-06,3종,5487
704,근덕,2022-06,4종,2922
704,근덕,2022-06,5종,14749
704,근덕,2022-06,6종,7325
705,남이천,2022-06,1종,326239
705,남이천,2022-06,2종,16615
705,남이천,2022-06,3종,16253
705,남이천,2022-06,4종,28060
705,남이천,2022-06,5종,21317
705,남이천,2022-06,6종,11235
706,남경주,2022-06,1종,289919
706,남경주,2022-06,2종,4880
706,남경주,2022-06,3종,9512
706,남경주,2022-06,4종,5999
706,남경주,2022-06,5종,17521
706,남경주,2022-06,6종,12938
707,남포항,2022-06,1종,458778
707,남포항,2022-06,2종,7363
707,남포항,2022-06,3종,12906
707,남포항,2022-06,4종,9963
707,남포항,2022-06,5종,82046
707,남포항,2022-06,6종,17372
708,동경주,2022-06,1종,164627
708,동경주,2022-06,2종,1957
708,동경주,2022-06,3종,2163
708,동경주,2022-06,4종,1554
708,동경주,2022-06,5종,12468
708,동경주,2022-06,6종,6949
710,밀양출구JC,2022-06,1종,95970
710,밀양출구JC,2022-06,2종,4614
710,밀양출구JC,2022-06,3종,8867
710,밀양출구JC,2022-06,4종,4363
710,밀양출구JC,2022-06,5종,9273
710,밀양출구JC,2022-06,6종,3657
711,불갑산(목포),2022-06,1종,15720
711,불갑산(목포),2022-06,2종,197
711,불갑산(목포),2022-06,3종,229
711,불갑산(목포),2022-06,4종,30
711,불갑산(목포),2022-06,5종,120
711,불갑산(목포),2022-06,6종,359
712,동상주,2022-06,1종,79677
712,동상주,2022-06,2종,2499
712,동상주,2022-06,3종,4180
712,동상주,2022-06,4종,4138
712,동상주,2022-06,5종,3287
712,동상주,2022-06,6종,2296
713,서의성,2022-06,1종,58257
713,서의성,2022-06,2종,1594
713,서의성,2022-06,3종,3094
713,서의성,2022-06,4종,3168
713,서의성,2022-06,5종,2718
713,서의성,2022-06,6종,2248
714,북의성,2022-06,1종,52240
714,북의성,2022-06,2종,1564
714,북의성,2022-06,3종,1622
714,북의성,2022-06,4종,1280
714,북의성,2022-06,5종,3064
714,북의성,2022-06,6종,1900
715,동안동,2022-06,1종,130054
715,동안동,2022-06,2종,1960
715,동안동,2022-06,3종,2724
715,동안동,2022-06,4종,2093
715,동안동,2022-06,5종,4545
715,동안동,2022-06,6종,4392
716,청송,2022-06,1종,152901
716,청송,2022-06,2종,2688
716,청송,2022-06,3종,2816
716,청송,2022-06,4종,2742
716,청송,2022-06,5종,2025
716,청송,2022-06,6종,5166
720,밀양입구JC,2022-06,1종,93011
720,밀양입구JC,2022-06,2종,4044
720,밀양입구JC,2022-06,3종,9643
720,밀양입구JC,2022-06,4종,3786
720,밀양입구JC,2022-06,5종,9437
720,밀양입구JC,2022-06,6종,3731
722,활천,2022-06,1종,86613
722,활천,2022-06,2종,6691
722,활천,2022-06,3종,10294
722,활천,2022-06,4종,10437
722,활천,2022-06,5종,16151
722,활천,2022-06,6종,3201
723,북구미,2022-06,1종,229085
723,북구미,2022-06,2종,3739
723,북구미,2022-06,3종,1385
723,북구미,2022-06,4종,265
723,북구미,2022-06,5종,451
723,북구미,2022-06,6종,10179
724,서함양,2022-06,1종,13211
724,서함양,2022-06,2종,179
724,서함양,2022-06,3종,125
724,서함양,2022-06,4종,15
724,서함양,2022-06,5종,33
724,서함양,2022-06,6종,333
725,임고,2022-06,1종,37143
725,임고,2022-06,2종,283
725,임고,2022-06,3종,113
725,임고,2022-06,4종,35
725,임고,2022-06,5종,260
725,임고,2022-06,6종,690
729,신둔,2022-06,1종,36627
729,신둔,2022-06,2종,3792
729,신둔,2022-06,3종,518
729,신둔,2022-06,4종,0
729,신둔,2022-06,5종,0
729,신둔,2022-06,6종,2035
730,유천,2022-06,1종,424351
730,유천,2022-06,2종,8239
730,유천,2022-06,3종,2068
730,유천,2022-06,4종,217
730,유천,2022-06,5종,1249
730,유천,2022-06,6종,22004
731,북현풍,2022-06,1종,154456
731,북현풍,2022-06,2종,2552
731,북현풍,2022-06,3종,918
731,북현풍,2022-06,4종,7
731,북현풍,2022-06,5종,1033
731,북현풍,2022-06,6종,9004
732,행담도,2022-06,1종,29244
732,행담도,2022-06,2종,397
732,행담도,2022-06,3종,201
732,행담도,2022-06,4종,242
732,행담도,2022-06,5종,85
732,행담도,2022-06,6종,1374
733,옥산,2022-06,1종,153306
733,옥산,2022-06,2종,5308
733,옥산,2022-06,3종,1265
733,옥산,2022-06,4종,80
733,옥산,2022-06,5종,61
733,옥산,2022-06,6종,5384
734,동둔내,2022-06,1종,4804
734,동둔내,2022-06,2종,41
734,동둔내,2022-06,3종,28
734,동둔내,2022-06,4종,2
734,동둔내,2022-06,5종,2
734,동둔내,2022-06,6종,92
735,남양평,2022-06,1종,135240
735,남양평,2022-06,2종,2345
735,남양평,2022-06,3종,712
735,남양평,2022-06,4종,63
735,남양평,2022-06,5종,64
735,남양평,2022-06,6종,5304
736,삼성,2022-06,1종,119091
736,삼성,2022-06,2종,8386
736,삼성,2022-06,3종,525
736,삼성,2022-06,4종,67
736,삼성,2022-06,5종,48
736,삼성,2022-06,6종,4117
741,평택고덕,2022-06,1종,541314
741,평택고덕,2022-06,2종,10867
741,평택고덕,2022-06,3종,46939
741,평택고덕,2022-06,4종,16484
741,평택고덕,2022-06,5종,24409
741,평택고덕,2022-06,6종,32206
742,남사진위,2022-06,1종,405361
742,남사진위,2022-06,2종,10126
742,남사진위,2022-06,3종,18166
742,남사진위,2022-06,4종,26022
742,남사진위,2022-06,5종,11379
742,남사진위,2022-06,6종,17988
746,기장일광입구,2022-06,1종,203108
746,기장일광입구,2022-06,2종,3430
746,기장일광입구,2022-06,3종,509
746,기장일광입구,2022-06,4종,44
746,기장일광입구,2022-06,5종,93
746,기장일광입구,2022-06,6종,11797
747,척과구룡,2022-06,1종,81736
747,척과구룡,2022-06,2종,5380
747,척과구룡,2022-06,3종,9949
747,척과구룡,2022-06,4종,5958
747,척과구룡,2022-06,5종,11242
747,척과구룡,2022-06,6종,3398
748,동청송영양,2022-06,1종,83578
748,동청송영양,2022-06,2종,1270
748,동청송영양,2022-06,3종,2306
748,동청송영양,2022-06,4종,2753
748,동청송영양,2022-06,5종,2811
748,동청송영양,2022-06,6종,2443
749,영덕,2022-06,1종,245061
749,영덕,2022-06,2종,2879
749,영덕,2022-06,3종,5875
749,영덕,2022-06,4종,2800
749,영덕,2022-06,5종,8528
749,영덕,2022-06,6종,6293
750,기장동JC,2022-06,1종,368123
750,기장동JC,2022-06,2종,9552
750,기장동JC,2022-06,3종,16070
750,기장동JC,2022-06,4종,5551
750,기장동JC,2022-06,5종,35280
750,기장동JC,2022-06,6종,21727
751,기장일광(KEC),2022-06,1종,302008
751,기장일광(KEC),2022-06,2종,4712
751,기장일광(KEC),2022-06,3종,4084
751,기장일광(KEC),2022-06,4종,3811
751,기장일광(KEC),2022-06,5종,15313
751,기장일광(KEC),2022-06,6종,19014
752,기장철마,2022-06,1종,651108
752,기장철마,2022-06,2종,13713
752,기장철마,2022-06,3종,11034
752,기장철마,2022-06,4종,9925
752,기장철마,2022-06,5종,27104
752,기장철마,2022-06,6종,40463
753,금정,2022-06,1종,295655
753,금정,2022-06,2종,9388
753,금정,2022-06,3종,9647
753,금정,2022-06,4종,8073
753,금정,2022-06,5종,12953
753,금정,2022-06,6종,16366
754,김해가야휴게소,2022-06,1종,73634
754,김해가야휴게소,2022-06,2종,1754
754,김해가야휴게소,2022-06,3종,34
754,김해가야휴게소,2022-06,4종,1
754,김해가야휴게소,2022-06,5종,0
754,김해가야휴게소,2022-06,6종,3457
755,광재,2022-06,1종,430862
755,광재,2022-06,2종,20434
755,광재,2022-06,3종,18912
755,광재,2022-06,4종,17549
755,광재,2022-06,5종,38569
755,광재,2022-06,6종,23625
756,한림,2022-06,1종,121783
756,한림,2022-06,2종,8171
756,한림,2022-06,3종,8803
756,한림,2022-06,4종,7158
756,한림,2022-06,5종,14457
756,한림,2022-06,6종,5584
757,진영,2022-06,1종,258689
757,진영,2022-06,2종,13756
757,진영,2022-06,3종,16816
757,진영,2022-06,4종,18739
757,진영,2022-06,5종,26792
757,진영,2022-06,6종,14146
758,진영휴게소,2022-06,1종,387
758,진영휴게소,2022-06,2종,2
758,진영휴게소,2022-06,3종,5
758,진영휴게소,2022-06,4종,1
758,진영휴게소,2022-06,5종,29
758,진영휴게소,2022-06,6종,39
760,기장서JC,2022-06,1종,655205
760,기장서JC,2022-06,2종,17683
760,기장서JC,2022-06,3종,21717
760,기장서JC,2022-06,4종,7685
760,기장서JC,2022-06,5종,53788
760,기장서JC,2022-06,6종,39146
762,중앙탑,2022-06,1종,45279
762,중앙탑,2022-06,2종,918
762,중앙탑,2022-06,3종,27
762,중앙탑,2022-06,4종,10
762,중앙탑,2022-06,5종,9
762,중앙탑,2022-06,6종,2468
765,내촌,2022-06,1종,44625
765,내촌,2022-06,2종,784
765,내촌,2022-06,3종,427
765,내촌,2022-06,4종,403
765,내촌,2022-06,5종,456
765,내촌,2022-06,6종,1859
766,인제,2022-06,1종,100680
766,인제,2022-06,2종,1937
766,인제,2022-06,3종,1440
766,인제,2022-06,4종,695
766,인제,2022-06,5종,1524
766,인제,2022-06,6종,4376
767,구병산,2022-06,1종,4855
767,구병산,2022-06,2종,51
767,구병산,2022-06,3종,67
767,구병산,2022-06,4종,0
767,구병산,2022-06,5종,0
767,구병산,2022-06,6종,318
768,서양양,2022-06,1종,16863
768,서양양,2022-06,2종,167
768,서양양,2022-06,3종,241
768,서양양,2022-06,4종,41
768,서양양,2022-06,5종,81
768,서양양,2022-06,6종,408
770,울주동JC,2022-06,1종,182881
770,울주동JC,2022-06,2종,7040
770,울주동JC,2022-06,3종,18984
770,울주동JC,2022-06,4종,6057
770,울주동JC,2022-06,5종,25610
770,울주동JC,2022-06,6종,8615
771,배내골,2022-06,1종,52417
771,배내골,2022-06,2종,311
771,배내골,2022-06,3종,241
771,배내골,2022-06,4종,163
771,배내골,2022-06,5종,190
771,배내골,2022-06,6종,2153
772,북달성,2022-06,1종,367228
772,북달성,2022-06,2종,11474
772,북달성,2022-06,3종,16063
772,북달성,2022-06,4종,15562
772,북달성,2022-06,5종,10370
772,북달성,2022-06,6종,17368
773,북다사,2022-06,1종,201314
773,북다사,2022-06,2종,5028
773,북다사,2022-06,3종,4854
773,북다사,2022-06,4종,4803
773,북다사,2022-06,5종,4767
773,북다사,2022-06,6종,10235
774,남칠곡,2022-06,1종,317470
774,남칠곡,2022-06,2종,7206
774,남칠곡,2022-06,3종,7301
774,남칠곡,2022-06,4종,5637
774,남칠곡,2022-06,5종,5059
774,남칠곡,2022-06,6종,15296
775,동명동호,2022-06,1종,349960
775,동명동호,2022-06,2종,6650
775,동명동호,2022-06,3종,5151
775,동명동호,2022-06,4종,4660
775,동명동호,2022-06,5종,14479
775,동명동호,2022-06,6종,11785
776,연경,2022-06,1종,638566
776,연경,2022-06,2종,12096
776,연경,2022-06,3종,8736
776,연경,2022-06,4종,6952
776,연경,2022-06,5종,12534
776,연경,2022-06,6종,34433
777,파군재,2022-06,1종,344944
777,파군재,2022-06,2종,3194
777,파군재,2022-06,3종,2283
777,파군재,2022-06,4종,1208
777,파군재,2022-06,5종,1589
777,파군재,2022-06,6종,20835
778,둔산,2022-06,1종,51286
778,둔산,2022-06,2종,2059
778,둔산,2022-06,3종,1085
778,둔산,2022-06,4종,862
778,둔산,2022-06,5종,494
778,둔산,2022-06,6종,3043
779,율암,2022-06,1종,511823
779,율암,2022-06,2종,6712
779,율암,2022-06,3종,4884
779,율암,2022-06,4종,6627
779,율암,2022-06,5종,9038
779,율암,2022-06,6종,32028
780,울주서JC,2022-06,1종,185771
780,울주서JC,2022-06,2종,7031
780,울주서JC,2022-06,3종,16442
780,울주서JC,2022-06,4종,6177
780,울주서JC,2022-06,5종,26073
780,울주서JC,2022-06,6종,9050
876,양감,2022-06,1종,298996
876,양감,2022-06,2종,14710
876,양감,2022-06,3종,15092
876,양감,2022-06,4종,16023
876,양감,2022-06,5종,16006
876,양감,2022-06,6종,19021
981,서영암,2022-06,1종,301935
981,서영암,2022-06,2종,4642
981,서영암,2022-06,3종,10364
981,서영암,2022-06,4종,8850
981,서영암,2022-06,5종,20043
981,서영암,2022-06,6종,8237
982,강진무위사,2022-06,1종,194075
982,강진무위사,2022-06,2종,3183
982,강진무위사,2022-06,3종,6561
982,강진무위사,2022-06,4종,5701
982,강진무위사,2022-06,5종,7936
982,강진무위사,2022-06,6종,5126
983,장흥,2022-06,1종,106367
983,장흥,2022-06,2종,1781
983,장흥,2022-06,3종,2388
983,장흥,2022-06,4종,1174
983,장흥,2022-06,5종,2213
983,장흥,2022-06,6종,2926
984,보성,2022-06,1종,243355
984,보성,2022-06,2종,5267
984,보성,2022-06,3종,6929
984,보성,2022-06,4종,5306
984,보성,2022-06,5종,14611
984,보성,2022-06,6종,5705
985,벌교,2022-06,1종,169760
985,벌교,2022-06,2종,3820
985,벌교,2022-06,3종,4566
985,벌교,2022-06,4종,2746
985,벌교,2022-06,5종,5513
985,벌교,2022-06,6종,4133
986,고흥,2022-06,1종,248324
986,고흥,2022-06,2종,3509
986,고흥,2022-06,3종,5516
986,고흥,2022-06,4종,4551
986,고흥,2022-06,5종,8661
986,고흥,2022-06,6종,7510
987,남순천,2022-06,1종,625138
987,남순천,2022-06,2종,9230
987,남순천,2022-06,3종,17809
987,남순천,2022-06,4종,15730
987,남순천,2022-06,5종,42110
987,남순천,2022-06,6종,16438
11,인천,2022-07,1종,4385002
11,인천,2022-07,2종,103895
11,인천,2022-07,3종,61931
11,인천,2022-07,4종,69255
11,인천,2022-07,5종,132950
11,인천,2022-07,6종,314257
12,서영암(개),2022-07,1종,76727
12,서영암(개),2022-07,2종,882
12,서영암(개),2022-07,3종,1105
12,서영암(개),2022-07,4종,907
12,서영암(개),2022-07,5종,2318
12,서영암(개),2022-07,6종,2884
13,순천만,2022-07,1종,175520
13,순천만,2022-07,2종,3684
13,순천만,2022-07,3종,4323
13,순천만,2022-07,4종,3328
13,순천만,2022-07,5종,13047
13,순천만,2022-07,6종,7025
25,동부산,2022-07,1종,545956
25,동부산,2022-07,2종,3348
25,동부산,2022-07,3종,2969
25,동부산,2022-07,4종,2810
25,동부산,2022-07,5종,8686
25,동부산,2022-07,6종,13282
29,가락(개),2022-07,1종,959856
29,가락(개),2022-07,2종,19201
29,가락(개),2022-07,3종,20145
29,가락(개),2022-07,4종,20687
29,가락(개),2022-07,5종,127294
29,가락(개),2022-07,6종,66800
53,남인천,2022-07,1종,2175159
53,남인천,2022-07,2종,44335
53,남인천,2022-07,3종,38854
53,남인천,2022-07,4종,26554
53,남인천,2022-07,5종,52444
53,남인천,2022-07,6종,140206
56,일로,2022-07,1종,37577
56,일로,2022-07,2종,747
56,일로,2022-07,3종,589
56,일로,2022-07,4종,856
56,일로,2022-07,5종,3307
56,일로,2022-07,6종,1849
57,다사,2022-07,1종,54668
57,다사,2022-07,2종,957
57,다사,2022-07,3종,802
57,다사,2022-07,4종,330
57,다사,2022-07,5종,517
57,다사,2022-07,6종,3949
58,지천,2022-07,1종,41067
58,지천,2022-07,2종,720
58,지천,2022-07,3종,728
58,지천,2022-07,4종,416
58,지천,2022-07,5종,924
58,지천,2022-07,6종,2090
61,성남,2022-07,1종,5147587
61,성남,2022-07,2종,142104
61,성남,2022-07,3종,132952
61,성남,2022-07,4종,113031
61,성남,2022-07,5종,95189
61,성남,2022-07,6종,272542
62,구리남양주,2022-07,1종,5258634
62,구리남양주,2022-07,2종,165829
62,구리남양주,2022-07,3종,132813
62,구리남양주,2022-07,4종,141465
62,구리남양주,2022-07,5종,113924
62,구리남양주,2022-07,6종,308577
63,토평,2022-07,1종,758427
63,토평,2022-07,2종,22236
63,토평,2022-07,3종,14083
63,토평,2022-07,4종,17414
63,토평,2022-07,5종,19142
63,토평,2022-07,6종,45263
64,청계,2022-07,1종,4548471
64,청계,2022-07,2종,102176
64,청계,2022-07,3종,109894
64,청계,2022-07,4종,59970
64,청계,2022-07,5종,70813
64,청계,2022-07,6종,260482
65,판교,2022-07,1종,2414877
65,판교,2022-07,2종,26393
65,판교,2022-07,3종,122186
65,판교,2022-07,4종,9836
65,판교,2022-07,5종,10872
65,판교,2022-07,6종,106437
66,하남,2022-07,1종,1025648
66,하남,2022-07,2종,24416
66,하남,2022-07,3종,12720
66,하남,2022-07,4종,13613
66,하남,2022-07,5종,14908
66,하남,2022-07,6종,57346
67,시흥,2022-07,1종,4223609
67,시흥,2022-07,2종,112238
67,시흥,2022-07,3종,97306
67,시흥,2022-07,4종,99966
67,시흥,2022-07,5종,94569
67,시흥,2022-07,6종,244335
68,김포,2022-07,1종,5088357
68,김포,2022-07,2종,145054
68,김포,2022-07,3종,100118
68,김포,2022-07,4종,94467
68,김포,2022-07,5종,141641
68,김포,2022-07,6종,335447
69,대왕판교,2022-07,1종,195590
69,대왕판교,2022-07,2종,1906
69,대왕판교,2022-07,3종,582
69,대왕판교,2022-07,4종,17
69,대왕판교,2022-07,5종,15
69,대왕판교,2022-07,6종,7605
74,덕소삼패,2022-07,1종,433423
74,덕소삼패,2022-07,2종,8095
74,덕소삼패,2022-07,3종,5458
74,덕소삼패,2022-07,4종,6729
74,덕소삼패,2022-07,5종,11317
74,덕소삼패,2022-07,6종,28771
91,대동(개),2022-07,1종,100830
91,대동(개),2022-07,2종,4687
91,대동(개),2022-07,3종,4140
91,대동(개),2022-07,4종,19900
91,대동(개),2022-07,5종,7535
91,대동(개),2022-07,6종,5370
92,내서,2022-07,1종,218914
92,내서,2022-07,2종,6460
92,내서,2022-07,3종,9887
92,내서,2022-07,4종,4899
92,내서,2022-07,5종,9692
92,내서,2022-07,6종,16229
101,서울,2022-07,1종,5484666
101,서울,2022-07,2종,148628
101,서울,2022-07,3종,488213
101,서울,2022-07,4종,131625
101,서울,2022-07,5종,64628
101,서울,2022-07,6종,219176
102,동수원,2022-07,1종,2249638
102,동수원,2022-07,2종,27256
102,동수원,2022-07,3종,64377
102,동수원,2022-07,4종,10255
102,동수원,2022-07,5종,10855
102,동수원,2022-07,6종,114417
103,수원신갈,2022-07,1종,2379301
103,수원신갈,2022-07,2종,82605
103,수원신갈,2022-07,3종,141007
103,수원신갈,2022-07,4종,63044
103,수원신갈,2022-07,5종,30178
103,수원신갈,2022-07,6종,106845
104,지곡,2022-07,1종,48618
104,지곡,2022-07,2종,1410
104,지곡,2022-07,3종,2152
104,지곡,2022-07,4종,2302
104,지곡,2022-07,5종,2924
104,지곡,2022-07,6종,1460
105,기흥,2022-07,1종,818694
105,기흥,2022-07,2종,13938
105,기흥,2022-07,3종,23969
105,기흥,2022-07,4종,12335
105,기흥,2022-07,5종,6928
105,기흥,2022-07,6종,39996
106,오산,2022-07,1종,1216115
106,오산,2022-07,2종,75073
106,오산,2022-07,3종,82894
106,오산,2022-07,4종,61739
106,오산,2022-07,5종,30984
106,오산,2022-07,6종,69218
107,안성,2022-07,1종,1178145
107,안성,2022-07,2종,28296
107,안성,2022-07,3종,41549
107,안성,2022-07,4종,18887
107,안성,2022-07,5종,12189
107,안성,2022-07,6종,69999
108,천안,2022-07,1종,1745305
108,천안,2022-07,2종,35548
108,천안,2022-07,3종,80321
108,천안,2022-07,4종,35582
108,천안,2022-07,5종,36504
108,천안,2022-07,6종,80535
109,계룡,2022-07,1종,157471
109,계룡,2022-07,2종,9820
109,계룡,2022-07,3종,9616
109,계룡,2022-07,4종,10579
109,계룡,2022-07,5종,7284
109,계룡,2022-07,6종,8839
110,독립기념관,2022-07,1종,377612
110,독립기념관,2022-07,2종,14978
110,독립기념관,2022-07,3종,23612
110,독립기념관,2022-07,4종,31604
110,독립기념관,2022-07,5종,22897
110,독립기념관,2022-07,6종,15354
111,청주,2022-07,1종,588589
111,청주,2022-07,2종,14946
111,청주,2022-07,3종,41142
111,청주,2022-07,4종,22297
111,청주,2022-07,5종,26086
111,청주,2022-07,6종,23828
112,남청주,2022-07,1종,565050
112,남청주,2022-07,2종,33832
112,남청주,2022-07,3종,28692
112,남청주,2022-07,4종,44145
112,남청주,2022-07,5종,56206
112,남청주,2022-07,6종,22009
113,신탄진,2022-07,1종,775389
113,신탄진,2022-07,2종,29345
113,신탄진,2022-07,3종,25457
113,신탄진,2022-07,4종,47636
113,신탄진,2022-07,5종,65579
113,신탄진,2022-07,6종,37522
114,남대전,2022-07,1종,414038
114,남대전,2022-07,2종,13620
114,남대전,2022-07,3종,19171
114,남대전,2022-07,4종,31997
114,남대전,2022-07,5종,12314
114,남대전,2022-07,6종,19841
115,대전,2022-07,1종,1480552
115,대전,2022-07,2종,32382
115,대전,2022-07,3종,51295
115,대전,2022-07,4종,14639
115,대전,2022-07,5종,17494
115,대전,2022-07,6종,76887
116,옥천,2022-07,1종,521133
116,옥천,2022-07,2종,18668
116,옥천,2022-07,3종,18372
116,옥천,2022-07,4종,31647
116,옥천,2022-07,5종,29852
116,옥천,2022-07,6종,26295
117,금강,2022-07,1종,51986
117,금강,2022-07,2종,941
117,금강,2022-07,3종,1616
117,금강,2022-07,4종,2084
117,금강,2022-07,5종,986
117,금강,2022-07,6종,2711
118,영동,2022-07,1종,107020
118,영동,2022-07,2종,3464
118,영동,2022-07,3종,4554
118,영동,2022-07,4종,4193
118,영동,2022-07,5종,11868
118,영동,2022-07,6종,4389
119,판암,2022-07,1종,627065
119,판암,2022-07,2종,12033
119,판암,2022-07,3종,9660
119,판암,2022-07,4종,7228
119,판암,2022-07,5종,13295
119,판암,2022-07,6종,35365
120,황간,2022-07,1종,107230
120,황간,2022-07,2종,2290
120,황간,2022-07,3종,3169
120,황간,2022-07,4종,5157
120,황간,2022-07,5종,6783
120,황간,2022-07,6종,3857
121,추풍령,2022-07,1종,46960
121,추풍령,2022-07,2종,1044
121,추풍령,2022-07,3종,1215
121,추풍령,2022-07,4종,1739
121,추풍령,2022-07,5종,2410
121,추풍령,2022-07,6종,2272
122,김천,2022-07,1종,241036
122,김천,2022-07,2종,5665
122,김천,2022-07,3종,7313
122,김천,2022-07,4종,8842
122,김천,2022-07,5종,7680
122,김천,2022-07,6종,10919
123,구미,2022-07,1종,745922
123,구미,2022-07,2종,15143
123,구미,2022-07,3종,25551
123,구미,2022-07,4종,18352
123,구미,2022-07,5종,14162
123,구미,2022-07,6종,33625
124,상주,2022-07,1종,89971
124,상주,2022-07,2종,2861
124,상주,2022-07,3종,4244
124,상주,2022-07,4종,3962
124,상주,2022-07,5종,5069
124,상주,2022-07,6종,2901
125,남구미,2022-07,1종,578040
125,남구미,2022-07,2종,19292
125,남구미,2022-07,3종,29793
125,남구미,2022-07,4종,27243
125,남구미,2022-07,5종,36499
125,남구미,2022-07,6종,28942
126,왜관,2022-07,1종,718662
126,왜관,2022-07,2종,37756
126,왜관,2022-07,3종,30669
126,왜관,2022-07,4종,28584
126,왜관,2022-07,5종,41895
126,왜관,2022-07,6종,29884
127,서대구,2022-07,1종,1804502
127,서대구,2022-07,2종,58973
127,서대구,2022-07,3종,65486
127,서대구,2022-07,4종,47846
127,서대구,2022-07,5종,52626
127,서대구,2022-07,6종,76056
128,금왕꽃동네,2022-07,1종,273806
128,금왕꽃동네,2022-07,2종,15634
128,금왕꽃동네,2022-07,3종,20707
128,금왕꽃동네,2022-07,4종,25915
128,금왕꽃동네,2022-07,5종,36832
128,금왕꽃동네,2022-07,6종,12106
129,북대구,2022-07,1종,1830026
129,북대구,2022-07,2종,47076
129,북대구,2022-07,3종,45064
129,북대구,2022-07,4종,24312
129,북대구,2022-07,5종,35483
129,북대구,2022-07,6종,71276
130,동김천,2022-07,1종,311660
130,동김천,2022-07,2종,8594
130,동김천,2022-07,3종,15494
130,동김천,2022-07,4종,14462
130,동김천,2022-07,5종,23052
130,동김천,2022-07,6종,12707
131,경산,2022-07,1종,924544
131,경산,2022-07,2종,59615
131,경산,2022-07,3종,55772
131,경산,2022-07,4종,63737
131,경산,2022-07,5종,52174
131,경산,2022-07,6종,43697
132,영천,2022-07,1종,384082
132,영천,2022-07,2종,15801
132,영천,2022-07,3종,27062
132,영천,2022-07,4종,26128
132,영천,2022-07,5종,36232
132,영천,2022-07,6종,15076
133,서경주,2022-07,1종,182221
133,서경주,2022-07,2종,5597
133,서경주,2022-07,3종,9262
133,서경주,2022-07,4종,9351
133,서경주,2022-07,5종,20807
133,서경주,2022-07,6종,6079
134,선산,2022-07,1종,85189
134,선산,2022-07,2종,2961
134,선산,2022-07,3종,3864
134,선산,2022-07,4종,3897
134,선산,2022-07,5종,5449
134,선산,2022-07,6종,3053
135,경주,2022-07,1종,962225
135,경주,2022-07,2종,16814
135,경주,2022-07,3종,46214
135,경주,2022-07,4종,33567
135,경주,2022-07,5종,52559
135,경주,2022-07,6종,32715
136,음성,2022-07,1종,300117
136,음성,2022-07,2종,9634
136,음성,2022-07,3종,15812
136,음성,2022-07,4종,18536
136,음성,2022-07,5종,23673
136,음성,2022-07,6종,10213
137,통도사,2022-07,1종,300191
137,통도사,2022-07,2종,16655
137,통도사,2022-07,3종,20083
137,통도사,2022-07,4종,16277
137,통도사,2022-07,5종,24011
137,통도사,2022-07,6종,15858
138,양산,2022-07,1종,828495
138,양산,2022-07,2종,69817
138,양산,2022-07,3종,55886
138,양산,2022-07,4종,61492
138,양산,2022-07,5종,68289
138,양산,2022-07,6종,39458
139,서울산,2022-07,1종,562700
139,서울산,2022-07,2종,14923
139,서울산,2022-07,3종,20082
139,서울산,2022-07,4종,12936
139,서울산,2022-07,5종,15715
139,서울산,2022-07,6종,27898
140,부산,2022-07,1종,1935844
140,부산,2022-07,2종,47475
140,부산,2022-07,3종,42559
140,부산,2022-07,4종,29704
140,부산,2022-07,5종,44893
140,부산,2022-07,6종,93334
142,군북,2022-07,1종,456392
142,군북,2022-07,2종,10680
142,군북,2022-07,3종,16482
142,군북,2022-07,4종,12052
142,군북,2022-07,5종,31192
142,군북,2022-07,6종,25016
143,장지,2022-07,1종,119823
143,장지,2022-07,2종,3614
143,장지,2022-07,3종,5920
143,장지,2022-07,4종,5679
143,장지,2022-07,5종,18379
143,장지,2022-07,6종,6915
144,함안,2022-07,1종,297413
144,함안,2022-07,2종,9291
144,함안,2022-07,3종,11066
144,함안,2022-07,4종,9697
144,함안,2022-07,5종,24244
144,함안,2022-07,6종,17199
145,산인,2022-07,1종,1022450
145,산인,2022-07,2종,17206
145,산인,2022-07,3종,36729
145,산인,2022-07,4종,14072
145,산인,2022-07,5종,26629
145,산인,2022-07,6종,45892
146,동창원,2022-07,1종,624331
146,동창원,2022-07,2종,17117
146,동창원,2022-07,3종,16225
146,동창원,2022-07,4종,13817
146,동창원,2022-07,5종,23981
146,동창원,2022-07,6종,40293
147,진례,2022-07,1종,474263
147,진례,2022-07,2종,31180
147,진례,2022-07,3종,32606
147,진례,2022-07,4종,35129
147,진례,2022-07,5종,36412
147,진례,2022-07,6종,30283
148,서김해,2022-07,1종,879116
148,서김해,2022-07,2종,24948
148,서김해,2022-07,3종,25526
148,서김해,2022-07,4종,20679
148,서김해,2022-07,5종,19284
148,서김해,2022-07,6종,55931
149,동김해,2022-07,1종,1067978
149,동김해,2022-07,2종,28839
149,동김해,2022-07,3종,26010
149,동김해,2022-07,4종,14487
149,동김해,2022-07,5종,13462
149,동김해,2022-07,6종,71333
150,북부산,2022-07,1종,1756446
150,북부산,2022-07,2종,27801
150,북부산,2022-07,3종,26599
150,북부산,2022-07,4종,12933
150,북부산,2022-07,5종,27555
150,북부산,2022-07,6종,103960
151,북대전,2022-07,1종,864700
151,북대전,2022-07,2종,12761
151,북대전,2022-07,3종,24548
151,북대전,2022-07,4종,19577
151,북대전,2022-07,5종,21708
151,북대전,2022-07,6종,41119
152,유성,2022-07,1종,1224511
152,유성,2022-07,2종,21297
152,유성,2022-07,3종,32581
152,유성,2022-07,4종,15804
152,유성,2022-07,5종,13717
152,유성,2022-07,6종,50169
153,서대전,2022-07,1종,1047408
153,서대전,2022-07,2종,20307
153,서대전,2022-07,3종,20453
153,서대전,2022-07,4종,17821
153,서대전,2022-07,5종,16975
153,서대전,2022-07,6종,52289
154,안영,2022-07,1종,543148
154,안영,2022-07,2종,14575
154,안영,2022-07,3종,13289
154,안영,2022-07,4종,10804
154,안영,2022-07,5종,11526
154,안영,2022-07,6종,25965
155,논산,2022-07,1종,263039
155,논산,2022-07,2종,11181
155,논산,2022-07,3종,18705
155,논산,2022-07,4종,17264
155,논산,2022-07,5종,14880
155,논산,2022-07,6종,9448
156,익산,2022-07,1종,303915
156,익산,2022-07,2종,18254
156,익산,2022-07,3종,27094
156,익산,2022-07,4종,31649
156,익산,2022-07,5종,37956
156,익산,2022-07,6종,8158
157,삼례,2022-07,1종,117381
157,삼례,2022-07,2종,4258
157,삼례,2022-07,3종,6762
157,삼례,2022-07,4종,7283
157,삼례,2022-07,5종,11208
157,삼례,2022-07,6종,3366
158,전주,2022-07,1종,448201
158,전주,2022-07,2종,12550
158,전주,2022-07,3종,36299
158,전주,2022-07,4종,20629
158,전주,2022-07,5종,28395
158,전주,2022-07,6종,12629
159,서전주,2022-07,1종,380172
159,서전주,2022-07,2종,10425
159,서전주,2022-07,3종,12483
159,서전주,2022-07,4종,13887
159,서전주,2022-07,5종,11142
159,서전주,2022-07,6종,9981
160,김제,2022-07,1종,140964
160,김제,2022-07,2종,5967
160,김제,2022-07,3종,9602
160,김제,2022-07,4종,10686
160,김제,2022-07,5종,7692
160,김제,2022-07,6종,3773
161,금산사,2022-07,1종,35516
161,금산사,2022-07,2종,1910
161,금산사,2022-07,3종,1313
161,금산사,2022-07,4종,1329
161,금산사,2022-07,5종,1541
161,금산사,2022-07,6종,928
162,태인,2022-07,1종,102039
162,태인,2022-07,2종,4078
162,태인,2022-07,3종,7862
162,태인,2022-07,4종,8824
162,태인,2022-07,5종,7835
162,태인,2022-07,6종,2913
163,정읍,2022-07,1종,229003
163,정읍,2022-07,2종,7311
163,정읍,2022-07,3종,11762
163,정읍,2022-07,4종,10245
163,정읍,2022-07,5종,10854
163,정읍,2022-07,6종,6118
164,무주,2022-07,1종,200642
164,무주,2022-07,2종,2715
164,무주,2022-07,3종,4931
164,무주,2022-07,4종,3153
164,무주,2022-07,5종,2706
164,무주,2022-07,6종,6578
165,백양사,2022-07,1종,70649
165,백양사,2022-07,2종,1683
165,백양사,2022-07,3종,1678
165,백양사,2022-07,4종,1815
165,백양사,2022-07,5종,1060
165,백양사,2022-07,6종,1894
166,장성,2022-07,1종,205511
166,장성,2022-07,2종,11294
166,장성,2022-07,3종,13122
166,장성,2022-07,4종,14087
166,장성,2022-07,5종,15893
166,장성,2022-07,6종,6407
167,광주,2022-07,1종,1156315
167,광주,2022-07,2종,35734
167,광주,2022-07,3종,61739
167,광주,2022-07,4종,62823
167,광주,2022-07,5종,42394
167,광주,2022-07,6종,30594
168,덕유산,2022-07,1종,69936
168,덕유산,2022-07,2종,1092
168,덕유산,2022-07,3종,1588
168,덕유산,2022-07,4종,1558
168,덕유산,2022-07,5종,855
168,덕유산,2022-07,6종,1707
169,장수,2022-07,1종,126381
169,장수,2022-07,2종,2548
169,장수,2022-07,3종,3216
169,장수,2022-07,4종,2918
169,장수,2022-07,5종,2710
169,장수,2022-07,6종,3389
170,서상,2022-07,1종,67860
170,서상,2022-07,2종,1543
170,서상,2022-07,3종,3766
170,서상,2022-07,4종,3944
170,서상,2022-07,5종,4471
170,서상,2022-07,6종,2548
171,마성,2022-07,1종,568842
171,마성,2022-07,2종,8247
171,마성,2022-07,3종,18131
171,마성,2022-07,4종,6465
171,마성,2022-07,5종,2934
171,마성,2022-07,6종,23868
172,용인,2022-07,1종,996075
172,용인,2022-07,2종,49860
172,용인,2022-07,3종,36814
172,용인,2022-07,4종,34054
172,용인,2022-07,5종,23284
172,용인,2022-07,6종,57547
173,양지,2022-07,1종,1033121
173,양지,2022-07,2종,83861
173,양지,2022-07,3종,56655
173,양지,2022-07,4종,74065
173,양지,2022-07,5종,60325
173,양지,2022-07,6종,47026
174,춘천,2022-07,1종,968519
174,춘천,2022-07,2종,20014
174,춘천,2022-07,3종,22178
174,춘천,2022-07,4종,12961
174,춘천,2022-07,5종,12212
174,춘천,2022-07,6종,50969
175,덕평,2022-07,1종,358590
175,덕평,2022-07,2종,44085
175,덕평,2022-07,3종,29921
175,덕평,2022-07,4종,45332
175,덕평,2022-07,5종,31395
175,덕평,2022-07,6종,19547
176,이천,2022-07,1종,628203
176,이천,2022-07,2종,28588
176,이천,2022-07,3종,49615
176,이천,2022-07,4종,50953
176,이천,2022-07,5종,46700
176,이천,2022-07,6종,31277
177,여주,2022-07,1종,368183
177,여주,2022-07,2종,10596
177,여주,2022-07,3종,29019
177,여주,2022-07,4종,28989
177,여주,2022-07,5종,21199
177,여주,2022-07,6종,12980
178,문막,2022-07,1종,303184
178,문막,2022-07,2종,19528
178,문막,2022-07,3종,23494
178,문막,2022-07,4종,16911
178,문막,2022-07,5종,22190
178,문막,2022-07,6종,13693
179,홍천,2022-07,1종,433999
179,홍천,2022-07,2종,9875
179,홍천,2022-07,3종,13934
179,홍천,2022-07,4종,9831
179,홍천,2022-07,5종,10893
179,홍천,2022-07,6종,23269
180,원주,2022-07,1종,371090
180,원주,2022-07,2종,18260
180,원주,2022-07,3종,17858
180,원주,2022-07,4종,17814
180,원주,2022-07,5종,15963
180,원주,2022-07,6종,17978
181,새말,2022-07,1종,280039
181,새말,2022-07,2종,8797
181,새말,2022-07,3종,12054
181,새말,2022-07,4종,11671
181,새말,2022-07,5종,7590
181,새말,2022-07,6종,9165
182,둔내,2022-07,1종,187074
182,둔내,2022-07,2종,3764
182,둔내,2022-07,3종,5289
182,둔내,2022-07,4종,4794
182,둔내,2022-07,5종,1803
182,둔내,2022-07,6종,5573
183,면온,2022-07,1종,102907
183,면온,2022-07,2종,1305
183,면온,2022-07,3종,1433
183,면온,2022-07,4종,1243
183,면온,2022-07,5종,1808
183,면온,2022-07,6종,2537
184,대관령,2022-07,1종,304598
184,대관령,2022-07,2종,5892
184,대관령,2022-07,3종,8831
184,대관령,2022-07,4종,2350
184,대관령,2022-07,5종,2493
184,대관령,2022-07,6종,9606
185,평창,2022-07,1종,150214
185,평창,2022-07,2종,3345
185,평창,2022-07,3종,7476
185,평창,2022-07,4종,3526
185,평창,2022-07,5종,4314
185,평창,2022-07,6종,4832
186,속사,2022-07,1종,65947
186,속사,2022-07,2종,1368
186,속사,2022-07,3종,1982
186,속사,2022-07,4종,2187
186,속사,2022-07,5종,926
186,속사,2022-07,6종,1643
187,진부,2022-07,1종,167025
187,진부,2022-07,2종,4132
187,진부,2022-07,3종,6851
187,진부,2022-07,4종,4727
187,진부,2022-07,5종,3038
187,진부,2022-07,6종,4957
188,서충주,2022-07,1종,187102
188,서충주,2022-07,2종,6114
188,서충주,2022-07,3종,11331
188,서충주,2022-07,4종,14141
188,서충주,2022-07,5종,17407
188,서충주,2022-07,6종,6770
189,강릉,2022-07,1종,759490
189,강릉,2022-07,2종,17653
189,강릉,2022-07,3종,29847
189,강릉,2022-07,4종,11305
189,강릉,2022-07,5종,16206
189,강릉,2022-07,6종,31634
190,동서울,2022-07,1종,3808910
190,동서울,2022-07,2종,161275
190,동서울,2022-07,3종,156411
190,동서울,2022-07,4종,141763
190,동서울,2022-07,5종,102717
190,동서울,2022-07,6종,154454
191,경기광주,2022-07,1종,788179
191,경기광주,2022-07,2종,38263
191,경기광주,2022-07,3종,27683
191,경기광주,2022-07,4종,19631
191,경기광주,2022-07,5종,16504
191,경기광주,2022-07,6종,47089
192,곤지암,2022-07,1종,849608
192,곤지암,2022-07,2종,63915
192,곤지암,2022-07,3종,40071
192,곤지암,2022-07,4종,52084
192,곤지암,2022-07,5종,37400
192,곤지암,2022-07,6종,42056
193,일죽,2022-07,1종,446879
193,일죽,2022-07,2종,27227
193,일죽,2022-07,3종,33638
193,일죽,2022-07,4종,49693
193,일죽,2022-07,5종,30959
193,일죽,2022-07,6종,15452
194,서이천,2022-07,1종,483362
194,서이천,2022-07,2종,54947
194,서이천,2022-07,3종,40611
194,서이천,2022-07,4종,44904
194,서이천,2022-07,5종,25364
194,서이천,2022-07,6종,24258
195,대소,2022-07,1종,243496
195,대소,2022-07,2종,23344
195,대소,2022-07,3종,36300
195,대소,2022-07,4종,43190
195,대소,2022-07,5종,33883
195,대소,2022-07,6종,10444
196,진천,2022-07,1종,337905
196,진천,2022-07,2종,18205
196,진천,2022-07,3종,24486
196,진천,2022-07,4종,32352
196,진천,2022-07,5종,30756
196,진천,2022-07,6종,14129
197,증평,2022-07,1종,374478
197,증평,2022-07,2종,16359
197,증평,2022-07,3종,24130
197,증평,2022-07,4종,33980
197,증평,2022-07,5종,31057
197,증평,2022-07,6종,13709
198,서청주,2022-07,1종,741649
198,서청주,2022-07,2종,24416
198,서청주,2022-07,3종,29945
198,서청주,2022-07,4종,26806
198,서청주,2022-07,5종,22956
198,서청주,2022-07,6종,32114
199,오창,2022-07,1종,509707
199,오창,2022-07,2종,13616
199,오창,2022-07,3종,23633
199,오창,2022-07,4종,20591
199,오창,2022-07,5종,22019
199,오창,2022-07,6종,20364
200,금산,2022-07,1종,195467
200,금산,2022-07,2종,3039
200,금산,2022-07,3종,7205
200,금산,2022-07,4종,3656
200,금산,2022-07,5종,7406
200,금산,2022-07,6종,8410
201,칠곡,2022-07,1종,584635
201,칠곡,2022-07,2종,15546
201,칠곡,2022-07,3종,15115
201,칠곡,2022-07,4종,10650
201,칠곡,2022-07,5종,13996
201,칠곡,2022-07,6종,27345
202,다부,2022-07,1종,147151
202,다부,2022-07,2종,6724
202,다부,2022-07,3종,5045
202,다부,2022-07,4종,4985
202,다부,2022-07,5종,9244
202,다부,2022-07,6종,5322
203,가산,2022-07,1종,588968
203,가산,2022-07,2종,17997
203,가산,2022-07,3종,18665
203,가산,2022-07,4종,17033
203,가산,2022-07,5종,45789
203,가산,2022-07,6종,23711
204,추부,2022-07,1종,223654
204,추부,2022-07,2종,6577
204,추부,2022-07,3종,7281
204,추부,2022-07,4종,6998
204,추부,2022-07,5종,6986
204,추부,2022-07,6종,10909
205,군위,2022-07,1종,209589
205,군위,2022-07,2종,4586
205,군위,2022-07,3종,5131
205,군위,2022-07,4종,3903
205,군위,2022-07,5종,5174
205,군위,2022-07,6종,7863
206,의성,2022-07,1종,210351
206,의성,2022-07,2종,3518
206,의성,2022-07,3종,4356
206,의성,2022-07,4종,2693
206,의성,2022-07,5종,4160
206,의성,2022-07,6종,6793
207,남안동,2022-07,1종,314633
207,남안동,2022-07,2종,7468
207,남안동,2022-07,3종,7359
207,남안동,2022-07,4종,5971
207,남안동,2022-07,5종,8264
207,남안동,2022-07,6종,10171
208,서안동,2022-07,1종,274569
208,서안동,2022-07,2종,6149
208,서안동,2022-07,3종,14026
208,서안동,2022-07,4종,7331
208,서안동,2022-07,5종,11340
208,서안동,2022-07,6종,8141
209,예천,2022-07,1종,37285
209,예천,2022-07,2종,856
209,예천,2022-07,3종,574
209,예천,2022-07,4종,630
209,예천,2022-07,5종,955
209,예천,2022-07,6종,1137
210,영주,2022-07,1종,224568
210,영주,2022-07,2종,5285
210,영주,2022-07,3종,8931
210,영주,2022-07,4종,8375
210,영주,2022-07,5종,20668
210,영주,2022-07,6종,6703
211,풍기,2022-07,1종,281299
211,풍기,2022-07,2종,4155
211,풍기,2022-07,3종,10151
211,풍기,2022-07,4종,6610
211,풍기,2022-07,5종,10377
211,풍기,2022-07,6종,8414
212,북수원,2022-07,1종,1275435
212,북수원,2022-07,2종,30215
212,북수원,2022-07,3종,38182
212,북수원,2022-07,4종,22997
212,북수원,2022-07,5종,24764
212,북수원,2022-07,6종,60536
213,부곡,2022-07,1종,347486
213,부곡,2022-07,2종,12575
213,부곡,2022-07,3종,7743
213,부곡,2022-07,4종,11102
213,부곡,2022-07,5종,63223
213,부곡,2022-07,6종,21599
214,동군포,2022-07,1종,325768
214,동군포,2022-07,2종,16999
214,동군포,2022-07,3종,15514
214,동군포,2022-07,4종,36123
214,동군포,2022-07,5종,21114
214,동군포,2022-07,6종,18654
215,군포,2022-07,1종,744289
215,군포,2022-07,2종,21140
215,군포,2022-07,3종,19100
215,군포,2022-07,4종,9979
215,군포,2022-07,5종,13185
215,군포,2022-07,6종,44010
216,횡성,2022-07,1종,252200
216,횡성,2022-07,2종,7617
216,횡성,2022-07,3종,6717
216,횡성,2022-07,4종,6028
216,횡성,2022-07,5종,8076
216,횡성,2022-07,6종,11208
217,북원주,2022-07,1종,87064
217,북원주,2022-07,2종,4055
217,북원주,2022-07,3종,2593
217,북원주,2022-07,4종,2472
217,북원주,2022-07,5종,2569
217,북원주,2022-07,6종,3827
218,남원주,2022-07,1종,730831
218,남원주,2022-07,2종,14094
218,남원주,2022-07,3종,24911
218,남원주,2022-07,4종,9120
218,남원주,2022-07,5종,11169
218,남원주,2022-07,6종,34078
219,신림,2022-07,1종,195432
219,신림,2022-07,2종,3191
219,신림,2022-07,3종,2441
219,신림,2022-07,4종,3010
219,신림,2022-07,5종,10465
219,신림,2022-07,6종,6820
220,덕평휴게소,2022-07,1종,7171
220,덕평휴게소,2022-07,2종,234
220,덕평휴게소,2022-07,3종,39
220,덕평휴게소,2022-07,4종,18
220,덕평휴게소,2022-07,5종,55
220,덕평휴게소,2022-07,6종,445
221,생초,2022-07,1종,73104
221,생초,2022-07,2종,1568
221,생초,2022-07,3종,3521
221,생초,2022-07,4종,3172
221,생초,2022-07,5종,7390
221,생초,2022-07,6종,2163
222,산청,2022-07,1종,80433
222,산청,2022-07,2종,1755
222,산청,2022-07,3종,3091
222,산청,2022-07,4종,3143
222,산청,2022-07,5종,2864
222,산청,2022-07,6종,2609
223,단성,2022-07,1종,148315
223,단성,2022-07,2종,1814
223,단성,2022-07,3종,5822
223,단성,2022-07,4종,4215
223,단성,2022-07,5종,6712
223,단성,2022-07,6종,4879
224,함양,2022-07,1종,133752
224,함양,2022-07,2종,3030
224,함양,2022-07,3종,6188
224,함양,2022-07,4종,2132
224,함양,2022-07,5종,3683
224,함양,2022-07,6종,5488
225,서진주,2022-07,1종,322074
225,서진주,2022-07,2종,7067
225,서진주,2022-07,3종,8370
225,서진주,2022-07,4종,5279
225,서진주,2022-07,5종,17999
225,서진주,2022-07,6종,13782
226,금강휴게소,2022-07,1종,16825
226,금강휴게소,2022-07,2종,299
226,금강휴게소,2022-07,3종,366
226,금강휴게소,2022-07,4종,402
226,금강휴게소,2022-07,5종,227
226,금강휴게소,2022-07,6종,487
227,군산,2022-07,1종,280450
227,군산,2022-07,2종,4289
227,군산,2022-07,3종,13522
227,군산,2022-07,4종,8472
227,군산,2022-07,5종,14212
227,군산,2022-07,6종,7482
228,동군산,2022-07,1종,242679
228,동군산,2022-07,2종,6943
228,동군산,2022-07,3종,12823
228,동군산,2022-07,4종,10922
228,동군산,2022-07,5종,22600
228,동군산,2022-07,6종,5684
229,북천안,2022-07,1종,610018
229,북천안,2022-07,2종,28194
229,북천안,2022-07,3종,40046
229,북천안,2022-07,4종,49365
229,북천안,2022-07,5종,45189
229,북천안,2022-07,6종,28609
230,팔공산,2022-07,1종,743781
230,팔공산,2022-07,2종,20388
230,팔공산,2022-07,3종,14835
230,팔공산,2022-07,4종,10340
230,팔공산,2022-07,5종,11048
230,팔공산,2022-07,6종,33377
231,화원옥포,2022-07,1종,727156
231,화원옥포,2022-07,2종,23827
231,화원옥포,2022-07,3종,19677
231,화원옥포,2022-07,4종,15945
231,화원옥포,2022-07,5종,19796
231,화원옥포,2022-07,6종,40788
232,달성,2022-07,1종,212646
232,달성,2022-07,2종,12664
232,달성,2022-07,3종,17508
232,달성,2022-07,4종,8677
232,달성,2022-07,5종,8501
232,달성,2022-07,6종,12211
233,현풍,2022-07,1종,628176
233,현풍,2022-07,2종,29502
233,현풍,2022-07,3종,38745
233,현풍,2022-07,4종,35957
233,현풍,2022-07,5종,45841
233,현풍,2022-07,6종,30183
234,서천,2022-07,1종,197330
234,서천,2022-07,2종,4086
234,서천,2022-07,3종,6456
234,서천,2022-07,4종,7820
234,서천,2022-07,5종,24884
234,서천,2022-07,6종,6026
235,창녕,2022-07,1종,146880
235,창녕,2022-07,2종,4685
235,창녕,2022-07,3종,6925
235,창녕,2022-07,4종,4296
235,창녕,2022-07,5종,7812
235,창녕,2022-07,6종,5724
236,영산,2022-07,1종,137430
236,영산,2022-07,2종,6999
236,영산,2022-07,3종,7958
236,영산,2022-07,4종,9513
236,영산,2022-07,5종,15168
236,영산,2022-07,6종,4822
237,남지,2022-07,1종,130600
237,남지,2022-07,2종,5680
237,남지,2022-07,3종,12704
237,남지,2022-07,4종,14085
237,남지,2022-07,5종,26325
237,남지,2022-07,6종,7341
238,칠서,2022-07,1종,199488
238,칠서,2022-07,2종,15260
238,칠서,2022-07,3종,21412
238,칠서,2022-07,4종,25258
238,칠서,2022-07,5종,54456
238,칠서,2022-07,6종,11085
239,칠원,2022-07,1종,570132
239,칠원,2022-07,2종,17415
239,칠원,2022-07,3종,33031
239,칠원,2022-07,4종,33795
239,칠원,2022-07,5종,44358
239,칠원,2022-07,6종,22924
240,제천,2022-07,1종,644721
240,제천,2022-07,2종,13343
240,제천,2022-07,3종,18204
240,제천,2022-07,4종,13639
240,제천,2022-07,5종,27079
240,제천,2022-07,6종,22857
241,동고령,2022-07,1종,335765
241,동고령,2022-07,2종,15790
241,동고령,2022-07,3종,16827
241,동고령,2022-07,4종,28298
241,동고령,2022-07,5종,26320
241,동고령,2022-07,6종,13328
242,고령,2022-07,1종,280076
242,고령,2022-07,2종,6471
242,고령,2022-07,3종,9547
242,고령,2022-07,4종,7191
242,고령,2022-07,5종,21153
242,고령,2022-07,6종,10708
243,해인사,2022-07,1종,138109
243,해인사,2022-07,2종,2390
243,해인사,2022-07,3종,2232
243,해인사,2022-07,4종,1406
243,해인사,2022-07,5종,2314
243,해인사,2022-07,6종,6582
244,서부산,2022-07,1종,1513509
244,서부산,2022-07,2종,30319
244,서부산,2022-07,3종,56171
244,서부산,2022-07,4종,32399
244,서부산,2022-07,5종,77297
244,서부산,2022-07,6종,79656
245,장유,2022-07,1종,1637185
245,장유,2022-07,2종,33541
245,장유,2022-07,3종,54168
245,장유,2022-07,4종,30711
245,장유,2022-07,5종,41974
245,장유,2022-07,6종,100889
246,가락,2022-07,1종,24095
246,가락,2022-07,2종,2349
246,가락,2022-07,3종,3780
246,가락,2022-07,4종,7740
246,가락,2022-07,5종,9699
246,가락,2022-07,6종,805
247,남원,2022-07,1종,201209
247,남원,2022-07,2종,5064
247,남원,2022-07,3종,7050
247,남원,2022-07,4종,4301
247,남원,2022-07,5종,9744
247,남원,2022-07,6종,7598
248,순창,2022-07,1종,188007
248,순창,2022-07,2종,3902
248,순창,2022-07,3종,4625
248,순창,2022-07,4종,3971
248,순창,2022-07,5종,6938
248,순창,2022-07,6종,6447
249,담양,2022-07,1종,219607
249,담양,2022-07,2종,4242
249,담양,2022-07,3종,9751
249,담양,2022-07,4종,3485
249,담양,2022-07,5종,6012
249,담양,2022-07,6종,6793
250,남양산,2022-07,1종,1401353
250,남양산,2022-07,2종,36795
250,남양산,2022-07,3종,44466
250,남양산,2022-07,4종,21465
250,남양산,2022-07,5종,23591
250,남양산,2022-07,6종,92176
251,물금,2022-07,1종,722044
251,물금,2022-07,2종,49220
251,물금,2022-07,3종,23646
251,물금,2022-07,4종,42960
251,물금,2022-07,5종,70623
251,물금,2022-07,6종,45518
252,대동,2022-07,1종,2583260
252,대동,2022-07,2종,102925
252,대동,2022-07,3종,86203
252,대동,2022-07,4종,96637
252,대동,2022-07,5종,283767
252,대동,2022-07,6종,125321
253,서서울,2022-07,1종,5234260
253,서서울,2022-07,2종,146162
253,서서울,2022-07,3종,127162
253,서서울,2022-07,4종,150913
253,서서울,2022-07,5종,154888
253,서서울,2022-07,6종,255766
254,군자,2022-07,1종,2496705
254,군자,2022-07,2종,89643
254,군자,2022-07,3종,78148
254,군자,2022-07,4종,96339
254,군자,2022-07,5종,151402
254,군자,2022-07,6종,133225
255,서안산,2022-07,1종,1942671
255,서안산,2022-07,2종,73343
255,서안산,2022-07,3종,57686
255,서안산,2022-07,4종,58195
255,서안산,2022-07,5종,53043
255,서안산,2022-07,6종,110422
256,안산,2022-07,1종,932609
256,안산,2022-07,2종,22077
256,안산,2022-07,3종,15013
256,안산,2022-07,4종,7478
256,안산,2022-07,5종,8540
256,안산,2022-07,6종,61140
257,홍성,2022-07,1종,234870
257,홍성,2022-07,2종,4025
257,홍성,2022-07,3종,6299
257,홍성,2022-07,4종,5242
257,홍성,2022-07,5종,8357
257,홍성,2022-07,6종,7497
258,광천,2022-07,1종,166720
258,광천,2022-07,2종,4625
258,광천,2022-07,3종,7557
258,광천,2022-07,4종,7279
258,광천,2022-07,5종,17579
258,광천,2022-07,6종,5536
259,대천,2022-07,1종,340648
259,대천,2022-07,2종,4967
259,대천,2022-07,3종,9499
259,대천,2022-07,4종,3131
259,대천,2022-07,5종,5578
259,대천,2022-07,6종,11132
260,춘장대,2022-07,1종,60987
260,춘장대,2022-07,2종,1338
260,춘장대,2022-07,3종,1210
260,춘장대,2022-07,4종,986
260,춘장대,2022-07,5종,3117
260,춘장대,2022-07,6종,1900
261,동광주,2022-07,1종,1357641
261,동광주,2022-07,2종,25808
261,동광주,2022-07,3종,50085
261,동광주,2022-07,4종,25493
261,동광주,2022-07,5종,36240
261,동광주,2022-07,6종,39227
262,창평,2022-07,1종,161993
262,창평,2022-07,2종,6210
262,창평,2022-07,3종,3464
262,창평,2022-07,4종,3956
262,창평,2022-07,5종,3715
262,창평,2022-07,6종,5297
263,옥과,2022-07,1종,251751
263,옥과,2022-07,2종,3859
263,옥과,2022-07,3종,8359
263,옥과,2022-07,4종,3130
263,옥과,2022-07,5종,7463
263,옥과,2022-07,6종,8823
264,동남원,2022-07,1종,41271
264,동남원,2022-07,2종,1126
264,동남원,2022-07,3종,1660
264,동남원,2022-07,4종,1181
264,동남원,2022-07,5종,834
264,동남원,2022-07,6종,1215
265,곡성,2022-07,1종,176781
265,곡성,2022-07,2종,2850
265,곡성,2022-07,3종,3853
265,곡성,2022-07,4종,2929
265,곡성,2022-07,5종,7153
265,곡성,2022-07,6종,5798
266,석곡,2022-07,1종,56880
266,석곡,2022-07,2종,1260
266,석곡,2022-07,3종,1552
266,석곡,2022-07,4종,1226
266,석곡,2022-07,5종,1548
266,석곡,2022-07,6종,1703
267,주암송광사,2022-07,1종,148433
267,주암송광사,2022-07,2종,2563
267,주암송광사,2022-07,3종,2627
267,주암송광사,2022-07,4종,2302
267,주암송광사,2022-07,5종,5335
267,주암송광사,2022-07,6종,4434
268,승주,2022-07,1종,62258
268,승주,2022-07,2종,1240
268,승주,2022-07,3종,989
268,승주,2022-07,4종,857
268,승주,2022-07,5종,1386
268,승주,2022-07,6종,2205
269,지리산,2022-07,1종,133393
269,지리산,2022-07,2종,2273
269,지리산,2022-07,3종,4267
269,지리산,2022-07,4종,4090
269,지리산,2022-07,5종,1474
269,지리산,2022-07,6종,4888
270,서순천,2022-07,1종,158222
270,서순천,2022-07,2종,4689
270,서순천,2022-07,3종,5742
270,서순천,2022-07,4종,2094
270,서순천,2022-07,5종,4325
270,서순천,2022-07,6종,4890
271,순천,2022-07,1종,614003
271,순천,2022-07,2종,13644
271,순천,2022-07,3종,12077
271,순천,2022-07,4종,8526
271,순천,2022-07,5종,28721
271,순천,2022-07,6종,16997
272,광양,2022-07,1종,351213
272,광양,2022-07,2종,6328
272,광양,2022-07,3종,15815
272,광양,2022-07,4종,14919
272,광양,2022-07,5종,58565
272,광양,2022-07,6종,10308
273,동광양,2022-07,1종,151553
273,동광양,2022-07,2종,2845
273,동광양,2022-07,3종,2712
273,동광양,2022-07,4종,6208
273,동광양,2022-07,5종,41909
273,동광양,2022-07,6종,5285
274,가조,2022-07,1종,86222
274,가조,2022-07,2종,2935
274,가조,2022-07,3종,3928
274,가조,2022-07,4종,2095
274,가조,2022-07,5종,1972
274,가조,2022-07,6종,3312
275,옥곡,2022-07,1종,187582
275,옥곡,2022-07,2종,4372
275,옥곡,2022-07,3종,8493
275,옥곡,2022-07,4종,10859
275,옥곡,2022-07,5종,59287
275,옥곡,2022-07,6종,5359
276,진월,2022-07,1종,67665
276,진월,2022-07,2종,1205
276,진월,2022-07,3종,1730
276,진월,2022-07,4종,3940
276,진월,2022-07,5종,41539
276,진월,2022-07,6종,2153
277,하동,2022-07,1종,258186
277,하동,2022-07,2종,3444
277,하동,2022-07,3종,5643
277,하동,2022-07,4종,5347
277,하동,2022-07,5종,48211
277,하동,2022-07,6종,8597
278,진교,2022-07,1종,211012
278,진교,2022-07,2종,3345
278,진교,2022-07,3종,8086
278,진교,2022-07,4종,2087
278,진교,2022-07,5종,6194
278,진교,2022-07,6종,9632
279,곤양,2022-07,1종,138283
279,곤양,2022-07,2종,2808
279,곤양,2022-07,3종,5097
279,곤양,2022-07,4종,3383
279,곤양,2022-07,5종,7524
279,곤양,2022-07,6종,5241
280,거창,2022-07,1종,269972
280,거창,2022-07,2종,8426
280,거창,2022-07,3종,17713
280,거창,2022-07,4종,5794
280,거창,2022-07,5종,8737
280,거창,2022-07,6종,10509
281,매송,2022-07,1종,582242
281,매송,2022-07,2종,14164
281,매송,2022-07,3종,13541
281,매송,2022-07,4종,8161
281,매송,2022-07,5종,13849
281,매송,2022-07,6종,30435
282,비봉,2022-07,1종,669952
282,비봉,2022-07,2종,27416
282,비봉,2022-07,3종,26146
282,비봉,2022-07,4종,19676
282,비봉,2022-07,5종,36810
282,비봉,2022-07,6종,34227
283,발안,2022-07,1종,603983
283,발안,2022-07,2종,29195
283,발안,2022-07,3종,25559
283,발안,2022-07,4종,23724
283,발안,2022-07,5종,38248
283,발안,2022-07,6종,34074
284,남양양,2022-07,1종,157142
284,남양양,2022-07,2종,2244
284,남양양,2022-07,3종,2368
284,남양양,2022-07,4종,1046
284,남양양,2022-07,5종,2431
284,남양양,2022-07,6종,5295
285,서평택,2022-07,1종,549118
285,서평택,2022-07,2종,27109
285,서평택,2022-07,3종,49773
285,서평택,2022-07,4종,74190
285,서평택,2022-07,5종,158126
285,서평택,2022-07,6종,32230
286,통도사휴게소,2022-07,1종,159985
286,통도사휴게소,2022-07,2종,2238
286,통도사휴게소,2022-07,3종,2039
286,통도사휴게소,2022-07,4종,11
286,통도사휴게소,2022-07,5종,14
286,통도사휴게소,2022-07,6종,6654
287,송악,2022-07,1종,578595
287,송악,2022-07,2종,14299
287,송악,2022-07,3종,24998
287,송악,2022-07,4종,26382
287,송악,2022-07,5종,166549
287,송악,2022-07,6종,25764
288,당진,2022-07,1종,502060
288,당진,2022-07,2종,11890
288,당진,2022-07,3종,23356
288,당진,2022-07,4종,16536
288,당진,2022-07,5종,55600
288,당진,2022-07,6종,22135
289,마산,2022-07,1종,1202215
289,마산,2022-07,2종,31344
289,마산,2022-07,3종,48977
289,마산,2022-07,4종,21258
289,마산,2022-07,5종,34673
289,마산,2022-07,6종,62015
290,축동,2022-07,1종,53238
290,축동,2022-07,2종,2948
290,축동,2022-07,3종,1843
290,축동,2022-07,4종,4613
290,축동,2022-07,5종,8115
290,축동,2022-07,6종,2596
291,사천,2022-07,1종,805723
291,사천,2022-07,2종,24182
291,사천,2022-07,3종,23873
291,사천,2022-07,4종,18322
291,사천,2022-07,5종,29878
291,사천,2022-07,6종,39920
292,진주,2022-07,1종,730688
292,진주,2022-07,2종,17252
292,진주,2022-07,3종,33240
292,진주,2022-07,4종,11753
292,진주,2022-07,5종,23766
292,진주,2022-07,6종,40022
293,문산,2022-07,1종,333392
293,문산,2022-07,2종,7000
293,문산,2022-07,3종,8670
293,문산,2022-07,4종,4635
293,문산,2022-07,5종,6639
293,문산,2022-07,6종,17283
294,북창원,2022-07,1종,336455
294,북창원,2022-07,2종,8777
294,북창원,2022-07,3종,7236
294,북창원,2022-07,4종,8647
294,북창원,2022-07,5종,12657
294,북창원,2022-07,6종,18814
295,진성,2022-07,1종,201302
295,진성,2022-07,2종,6510
295,진성,2022-07,3종,8396
295,진성,2022-07,4종,7319
295,진성,2022-07,5종,16447
295,진성,2022-07,6종,7759
296,지수,2022-07,1종,62218
296,지수,2022-07,2종,2221
296,지수,2022-07,3종,3109
296,지수,2022-07,4종,2932
296,지수,2022-07,5종,3996
296,지수,2022-07,6종,3738
297,동충주,2022-07,1종,284890
297,동충주,2022-07,2종,7611
297,동충주,2022-07,3종,11223
297,동충주,2022-07,4종,14338
297,동충주,2022-07,5종,38062
297,동충주,2022-07,6종,8737
298,서산,2022-07,1종,831973
298,서산,2022-07,2종,16396
298,서산,2022-07,3종,35776
298,서산,2022-07,4종,35268
298,서산,2022-07,5종,64042
298,서산,2022-07,6종,28889
299,해미,2022-07,1종,147647
299,해미,2022-07,2종,4280
299,해미,2022-07,3종,6064
299,해미,2022-07,4종,4603
299,해미,2022-07,5종,12748
299,해미,2022-07,6종,5759
500,남여주,2022-07,1종,247740
500,남여주,2022-07,2종,5891
500,남여주,2022-07,3종,9796
500,남여주,2022-07,4종,13521
500,남여주,2022-07,5종,18735
500,남여주,2022-07,6종,8061
501,서김제,2022-07,1종,64771
501,서김제,2022-07,2종,1960
501,서김제,2022-07,3종,3897
501,서김제,2022-07,4종,4284
501,서김제,2022-07,5종,3281
501,서김제,2022-07,6종,1437
502,부안,2022-07,1종,152611
502,부안,2022-07,2종,4148
502,부안,2022-07,3종,9447
502,부안,2022-07,4종,6474
502,부안,2022-07,5종,6823
502,부안,2022-07,6종,3592
503,줄포,2022-07,1종,75838
503,줄포,2022-07,2종,1601
503,줄포,2022-07,3종,2887
503,줄포,2022-07,4종,1829
503,줄포,2022-07,5종,1876
503,줄포,2022-07,6종,1644
504,선운산,2022-07,1종,119170
504,선운산,2022-07,2종,2628
504,선운산,2022-07,3종,6396
504,선운산,2022-07,4종,7393
504,선운산,2022-07,5종,9764
504,선운산,2022-07,6종,2718
505,고창,2022-07,1종,113684
505,고창,2022-07,2종,2733
505,고창,2022-07,3종,4224
505,고창,2022-07,4종,2602
505,고창,2022-07,5종,2350
505,고창,2022-07,6종,2826
506,영광,2022-07,1종,111657
506,영광,2022-07,2종,2455
506,영광,2022-07,3종,5884
506,영광,2022-07,4종,4388
506,영광,2022-07,5종,5139
506,영광,2022-07,6종,2549
507,함평,2022-07,1종,64652
507,함평,2022-07,2종,1501
507,함평,2022-07,3종,3936
507,함평,2022-07,4종,4302
507,함평,2022-07,5종,6348
507,함평,2022-07,6종,1574
508,무안,2022-07,1종,216500
508,무안,2022-07,2종,5116
508,무안,2022-07,3종,6716
508,무안,2022-07,4종,6727
508,무안,2022-07,5종,9688
508,무안,2022-07,6종,6689
509,목포,2022-07,1종,929567
509,목포,2022-07,2종,18668
509,목포,2022-07,3종,27618
509,목포,2022-07,4종,30672
509,목포,2022-07,5종,50744
509,목포,2022-07,6종,24886
510,양양,2022-07,1종,320699
510,양양,2022-07,2종,3546
510,양양,2022-07,3종,7657
510,양양,2022-07,4종,2088
510,양양,2022-07,5종,4641
510,양양,2022-07,6종,10082
511,무창포,2022-07,1종,149539
511,무창포,2022-07,2종,2078
511,무창포,2022-07,3종,4364
511,무창포,2022-07,4종,2060
511,무창포,2022-07,5종,8627
511,무창포,2022-07,6종,3898
512,연화산,2022-07,1종,43849
512,연화산,2022-07,2종,1276
512,연화산,2022-07,3종,1082
512,연화산,2022-07,4종,935
512,연화산,2022-07,5종,2979
512,연화산,2022-07,6종,2267
513,고성,2022-07,1종,430421
513,고성,2022-07,2종,8612
513,고성,2022-07,3종,14779
513,고성,2022-07,4종,7639
513,고성,2022-07,5종,15037
513,고성,2022-07,6종,23957
514,동고성,2022-07,1종,122063
514,동고성,2022-07,2종,2622
514,동고성,2022-07,3종,4620
514,동고성,2022-07,4종,4094
514,동고성,2022-07,5종,14621
514,동고성,2022-07,6종,10361
515,북통영,2022-07,1종,216977
515,북통영,2022-07,2종,4032
515,북통영,2022-07,3종,10163
515,북통영,2022-07,4종,1434
515,북통영,2022-07,5종,3112
515,북통영,2022-07,6종,11134
516,통영,2022-07,1종,614695
516,통영,2022-07,2종,11176
516,통영,2022-07,3종,19587
516,통영,2022-07,4종,9826
516,통영,2022-07,5종,19507
516,통영,2022-07,6종,33653
517,양평,2022-07,1종,215852
517,양평,2022-07,2종,4727
517,양평,2022-07,3종,6454
517,양평,2022-07,4종,7631
517,양평,2022-07,5종,10522
517,양평,2022-07,6종,7833
518,칠곡물류,2022-07,1종,185786
518,칠곡물류,2022-07,2종,29334
518,칠곡물류,2022-07,3종,27572
518,칠곡물류,2022-07,4종,49334
518,칠곡물류,2022-07,5종,24521
518,칠곡물류,2022-07,6종,8036
519,남대구,2022-07,1종,1804216
519,남대구,2022-07,2종,46317
519,남대구,2022-07,3종,56769
519,남대구,2022-07,4종,35913
519,남대구,2022-07,5종,51595
519,남대구,2022-07,6종,93711
520,평택,2022-07,1종,1029027
520,평택,2022-07,2종,42750
520,평택,2022-07,3종,77418
520,평택,2022-07,4종,60334
520,평택,2022-07,5종,71586
520,평택,2022-07,6종,44165
521,단양,2022-07,1종,112108
521,단양,2022-07,2종,1494
521,단양,2022-07,3종,1739
521,단양,2022-07,4종,1576
521,단양,2022-07,5종,12823
521,단양,2022-07,6종,3541
522,북단양,2022-07,1종,179591
522,북단양,2022-07,2종,2845
522,북단양,2022-07,3종,3251
522,북단양,2022-07,4종,10521
522,북단양,2022-07,5종,74053
522,북단양,2022-07,6종,5743
523,남제천,2022-07,1종,274956
523,남제천,2022-07,2종,4451
523,남제천,2022-07,3종,6929
523,남제천,2022-07,4종,7863
523,남제천,2022-07,5종,42906
523,남제천,2022-07,6종,7526
524,청통와촌,2022-07,1종,324450
524,청통와촌,2022-07,2종,18052
524,청통와촌,2022-07,3종,13046
524,청통와촌,2022-07,4종,9827
524,청통와촌,2022-07,5종,12209
524,청통와촌,2022-07,6종,12069
525,북영천,2022-07,1종,207149
525,북영천,2022-07,2종,4596
525,북영천,2022-07,3종,4733
525,북영천,2022-07,4종,4233
525,북영천,2022-07,5종,7101
525,북영천,2022-07,6종,7098
526,서포항,2022-07,1종,111868
526,서포항,2022-07,2종,1864
526,서포항,2022-07,3종,1948
526,서포항,2022-07,4종,1392
526,서포항,2022-07,5종,5752
526,서포항,2022-07,6종,5279
527,포항,2022-07,1종,935255
527,포항,2022-07,2종,16768
527,포항,2022-07,3종,21843
527,포항,2022-07,4종,14002
527,포항,2022-07,5종,68504
527,포항,2022-07,6종,30329
528,기흥동탄,2022-07,1종,1317274
528,기흥동탄,2022-07,2종,21048
528,기흥동탄,2022-07,3종,108946
528,기흥동탄,2022-07,4종,23071
528,기흥동탄,2022-07,5종,22409
528,기흥동탄,2022-07,6종,62586
529,노포,2022-07,1종,185555
529,노포,2022-07,2종,6887
529,노포,2022-07,3종,22439
529,노포,2022-07,4종,5124
529,노포,2022-07,5종,4117
529,노포,2022-07,6종,9729
530,내장산,2022-07,1종,95967
530,내장산,2022-07,2종,3534
530,내장산,2022-07,3종,4114
530,내장산,2022-07,4종,4138
530,내장산,2022-07,5종,3376
530,내장산,2022-07,6종,2448
531,문의청남대,2022-07,1종,221389
531,문의청남대,2022-07,2종,4525
531,문의청남대,2022-07,3종,7979
531,문의청남대,2022-07,4종,9349
531,문의청남대,2022-07,5종,11293
531,문의청남대,2022-07,6종,7882
532,회인,2022-07,1종,61067
532,회인,2022-07,2종,1103
532,회인,2022-07,3종,990
532,회인,2022-07,4종,1018
532,회인,2022-07,5종,1357
532,회인,2022-07,6종,2287
533,보은,2022-07,1종,165573
533,보은,2022-07,2종,4514
533,보은,2022-07,3종,5034
533,보은,2022-07,4종,5710
533,보은,2022-07,5종,5998
533,보은,2022-07,6종,6233
534,속리산,2022-07,1종,86048
534,속리산,2022-07,2종,1815
534,속리산,2022-07,3종,2774
534,속리산,2022-07,4종,2368
534,속리산,2022-07,5종,3446
534,속리산,2022-07,6종,3002
535,화서,2022-07,1종,75734
535,화서,2022-07,2종,1636
535,화서,2022-07,3종,3275
535,화서,2022-07,4종,2984
535,화서,2022-07,5종,5469
535,화서,2022-07,6종,2574
536,남상주,2022-07,1종,142262
536,남상주,2022-07,2종,4194
536,남상주,2022-07,3종,12371
536,남상주,2022-07,4종,8982
536,남상주,2022-07,5종,5500
536,남상주,2022-07,6종,4868
537,남김천,2022-07,1종,100380
537,남김천,2022-07,2종,3912
537,남김천,2022-07,3종,6777
537,남김천,2022-07,4종,8077
537,남김천,2022-07,5종,16790
537,남김천,2022-07,6종,3528
538,성주,2022-07,1종,127316
538,성주,2022-07,2종,5215
538,성주,2022-07,3종,8429
538,성주,2022-07,4종,9155
538,성주,2022-07,5종,11332
538,성주,2022-07,6종,4364
539,남성주,2022-07,1종,77376
539,남성주,2022-07,2종,5398
539,남성주,2022-07,3종,6077
539,남성주,2022-07,4종,6452
539,남성주,2022-07,5종,12177
539,남성주,2022-07,6종,2322
540,청북,2022-07,1종,526674
540,청북,2022-07,2종,37666
540,청북,2022-07,3종,49116
540,청북,2022-07,4종,60277
540,청북,2022-07,5종,64099
540,청북,2022-07,6종,27410
541,송탄,2022-07,1종,552989
541,송탄,2022-07,2종,30945
541,송탄,2022-07,3종,34892
541,송탄,2022-07,4종,42726
541,송탄,2022-07,5종,37677
541,송탄,2022-07,6종,30644
542,서안성,2022-07,1종,708804
542,서안성,2022-07,2종,29978
542,서안성,2022-07,3종,49791
542,서안성,2022-07,4종,76862
542,서안성,2022-07,5종,51078
542,서안성,2022-07,6종,34099
543,남안성,2022-07,1종,748368
543,남안성,2022-07,2종,45003
543,남안성,2022-07,3종,52859
543,남안성,2022-07,4종,67126
543,남안성,2022-07,5종,68454
543,남안성,2022-07,6종,35710
544,완주,2022-07,1종,308325
544,완주,2022-07,2종,7853
544,완주,2022-07,3종,16066
544,완주,2022-07,4종,20178
544,완주,2022-07,5종,51493
544,완주,2022-07,6종,7488
545,소양,2022-07,1종,190197
545,소양,2022-07,2종,3121
545,소양,2022-07,3종,11037
545,소양,2022-07,4종,4973
545,소양,2022-07,5종,6915
545,소양,2022-07,6종,4896
546,진안,2022-07,1종,65403
546,진안,2022-07,2종,1832
546,진안,2022-07,3종,3886
546,진안,2022-07,4종,1854
546,진안,2022-07,5종,3014
546,진안,2022-07,6종,1856
547,무안공항,2022-07,1종,47512
547,무안공항,2022-07,2종,411
547,무안공항,2022-07,3종,511
547,무안공항,2022-07,4종,512
547,무안공항,2022-07,5종,1799
547,무안공항,2022-07,6종,1031
548,북무안,2022-07,1종,163939
548,북무안,2022-07,2종,2680
548,북무안,2022-07,3종,3706
548,북무안,2022-07,4종,3996
548,북무안,2022-07,5종,4788
548,북무안,2022-07,6종,3684
549,동함평,2022-07,1종,232336
549,동함평,2022-07,2종,3392
549,동함평,2022-07,3종,4724
549,동함평,2022-07,4종,3019
549,동함평,2022-07,5종,5253
549,동함평,2022-07,6종,7349
550,문평,2022-07,1종,51866
550,문평,2022-07,2종,935
550,문평,2022-07,3종,1283
550,문평,2022-07,4종,1112
550,문평,2022-07,5종,12054
550,문평,2022-07,6종,1388
551,나주,2022-07,1종,88456
551,나주,2022-07,2종,1857
551,나주,2022-07,3종,1337
551,나주,2022-07,4종,3975
551,나주,2022-07,5종,4100
551,나주,2022-07,6종,3532
552,서광산,2022-07,1종,356822
552,서광산,2022-07,2종,13190
552,서광산,2022-07,3종,12303
552,서광산,2022-07,4종,12774
552,서광산,2022-07,5종,15546
552,서광산,2022-07,6종,11341
553,동광산,2022-07,1종,1293665
553,동광산,2022-07,2종,24907
553,동광산,2022-07,3종,28795
553,동광산,2022-07,4종,26685
553,동광산,2022-07,5종,37558
553,동광산,2022-07,6종,38118
554,동홍천,2022-07,1종,401032
554,동홍천,2022-07,2종,5091
554,동홍천,2022-07,3종,9042
554,동홍천,2022-07,4종,4882
554,동홍천,2022-07,5종,4459
554,동홍천,2022-07,6종,14483
555,북진천,2022-07,1종,385809
555,북진천,2022-07,2종,30912
555,북진천,2022-07,3종,40632
555,북진천,2022-07,4종,48422
555,북진천,2022-07,5종,44683
555,북진천,2022-07,6종,15414
556,동순천,2022-07,1종,423470
556,동순천,2022-07,2종,5422
556,동순천,2022-07,3종,14702
556,동순천,2022-07,4종,13816
556,동순천,2022-07,5종,50760
556,동순천,2022-07,6종,9257
557,황전,2022-07,1종,123252
557,황전,2022-07,2종,1607
557,황전,2022-07,3종,1741
557,황전,2022-07,4종,1795
557,황전,2022-07,5종,4489
557,황전,2022-07,6종,3928
558,구례화엄사,2022-07,1종,153035
558,구례화엄사,2022-07,2종,3038
558,구례화엄사,2022-07,3종,4312
558,구례화엄사,2022-07,4종,4757
558,구례화엄사,2022-07,5종,6909
558,구례화엄사,2022-07,6종,3673
559,서남원,2022-07,1종,84130
559,서남원,2022-07,2종,2868
559,서남원,2022-07,3종,3963
559,서남원,2022-07,4종,5582
559,서남원,2022-07,5종,11340
559,서남원,2022-07,6종,2791
560,감곡,2022-07,1종,328251
560,감곡,2022-07,2종,8758
560,감곡,2022-07,3종,10660
560,감곡,2022-07,4종,15103
560,감곡,2022-07,5종,29100
560,감곡,2022-07,6종,9922
561,북충주,2022-07,1종,224775
561,북충주,2022-07,2종,7748
561,북충주,2022-07,3종,9460
561,북충주,2022-07,4종,5201
561,북충주,2022-07,5종,6838
561,북충주,2022-07,6종,7197
562,충주,2022-07,1종,164649
562,충주,2022-07,2종,4184
562,충주,2022-07,3종,9628
562,충주,2022-07,4종,13501
562,충주,2022-07,5종,11219
562,충주,2022-07,6종,5142
563,괴산,2022-07,1종,75652
563,괴산,2022-07,2종,1572
563,괴산,2022-07,3종,3217
563,괴산,2022-07,4종,3281
563,괴산,2022-07,5종,6412
563,괴산,2022-07,6종,2278
564,연풍,2022-07,1종,77153
564,연풍,2022-07,2종,2869
564,연풍,2022-07,3종,7113
564,연풍,2022-07,4종,11159
564,연풍,2022-07,5종,8851
564,연풍,2022-07,6종,2066
565,문경새재,2022-07,1종,110035
565,문경새재,2022-07,2종,2820
565,문경새재,2022-07,3종,5895
565,문경새재,2022-07,4종,5763
565,문경새재,2022-07,5종,5205
565,문경새재,2022-07,6종,3186
566,점촌함창,2022-07,1종,118852
566,점촌함창,2022-07,2종,2671
566,점촌함창,2022-07,3종,6898
566,점촌함창,2022-07,4종,4657
566,점촌함창,2022-07,5종,5928
566,점촌함창,2022-07,6종,3504
567,남고창,2022-07,1종,159166
567,남고창,2022-07,2종,3770
567,남고창,2022-07,3종,5294
567,남고창,2022-07,4종,3039
567,남고창,2022-07,5종,4560
567,남고창,2022-07,6종,4583
568,장성물류,2022-07,1종,49994
568,장성물류,2022-07,2종,7425
568,장성물류,2022-07,3종,5154
568,장성물류,2022-07,4종,6103
568,장성물류,2022-07,5종,10078
568,장성물류,2022-07,6종,1273
569,북광주,2022-07,1종,490146
569,북광주,2022-07,2종,17027
569,북광주,2022-07,3종,17558
569,북광주,2022-07,4종,26580
569,북광주,2022-07,5종,37996
569,북광주,2022-07,6종,13393
570,북상주,2022-07,1종,134075
570,북상주,2022-07,2종,4737
570,북상주,2022-07,3종,8922
570,북상주,2022-07,4종,13622
570,북상주,2022-07,5종,7167
570,북상주,2022-07,6종,3966
571,면천,2022-07,1종,118207
571,면천,2022-07,2종,2426
571,면천,2022-07,3종,3547
571,면천,2022-07,4종,4376
571,면천,2022-07,5종,9477
571,면천,2022-07,6종,4564
572,고덕,2022-07,1종,163455
572,고덕,2022-07,2종,3973
572,고덕,2022-07,3종,7252
572,고덕,2022-07,4종,6202
572,고덕,2022-07,5종,9449
572,고덕,2022-07,6종,5877
573,예산수덕사,2022-07,1종,384296
573,예산수덕사,2022-07,2종,10063
573,예산수덕사,2022-07,3종,11926
573,예산수덕사,2022-07,4종,16204
573,예산수덕사,2022-07,5종,22537
573,예산수덕사,2022-07,6종,12797
574,신양,2022-07,1종,81787
574,신양,2022-07,2종,1766
574,신양,2022-07,3종,2235
574,신양,2022-07,4종,2163
574,신양,2022-07,5종,4051
574,신양,2022-07,6종,2544
575,유구,2022-07,1종,128415
575,유구,2022-07,2종,2459
575,유구,2022-07,3종,2952
575,유구,2022-07,4종,2956
575,유구,2022-07,5종,3602
575,유구,2022-07,6종,4046
576,마곡사,2022-07,1종,67430
576,마곡사,2022-07,2종,1188
576,마곡사,2022-07,3종,1292
576,마곡사,2022-07,4종,1252
576,마곡사,2022-07,5종,1331
576,마곡사,2022-07,6종,2344
577,공주,2022-07,1종,200282
577,공주,2022-07,2종,4836
577,공주,2022-07,3종,8318
577,공주,2022-07,4종,3549
577,공주,2022-07,5종,5764
577,공주,2022-07,6종,7541
578,서세종,2022-07,1종,342142
578,서세종,2022-07,2종,10035
578,서세종,2022-07,3종,8854
578,서세종,2022-07,4종,7525
578,서세종,2022-07,5종,10320
578,서세종,2022-07,6종,12194
579,남세종,2022-07,1종,562960
579,남세종,2022-07,2종,8085
579,남세종,2022-07,3종,9089
579,남세종,2022-07,4종,6952
579,남세종,2022-07,5종,9528
579,남세종,2022-07,6종,25025
580,북강릉,2022-07,1종,401975
580,북강릉,2022-07,2종,7593
580,북강릉,2022-07,3종,7749
580,북강릉,2022-07,4종,3673
580,북강릉,2022-07,5종,7535
580,북강릉,2022-07,6종,14770
581,옥계,2022-07,1종,105550
581,옥계,2022-07,2종,1794
581,옥계,2022-07,3종,1438
581,옥계,2022-07,4종,2458
581,옥계,2022-07,5종,20144
581,옥계,2022-07,6종,5050
582,망상,2022-07,1종,177763
582,망상,2022-07,2종,2957
582,망상,2022-07,3종,6758
582,망상,2022-07,4종,1009
582,망상,2022-07,5종,3542
582,망상,2022-07,6종,8874
583,동해,2022-07,1종,366770
583,동해,2022-07,2종,6675
583,동해,2022-07,3종,12199
583,동해,2022-07,4종,4714
583,동해,2022-07,5종,29508
583,동해,2022-07,6종,18586
584,남강릉,2022-07,1종,179718
584,남강릉,2022-07,2종,5598
584,남강릉,2022-07,3종,3939
584,남강릉,2022-07,4종,3065
584,남강릉,2022-07,5종,5717
584,남강릉,2022-07,6종,9065
585,하조대,2022-07,1종,238022
585,하조대,2022-07,2종,3196
585,하조대,2022-07,3종,3910
585,하조대,2022-07,4종,1128
585,하조대,2022-07,5종,2322
585,하조대,2022-07,6종,8593
586,북남원,2022-07,1종,60542
586,북남원,2022-07,2종,1829
586,북남원,2022-07,3종,1502
586,북남원,2022-07,4종,1881
586,북남원,2022-07,5종,3003
586,북남원,2022-07,6종,1638
587,오수,2022-07,1종,176312
587,오수,2022-07,2종,3346
587,오수,2022-07,3종,7630
587,오수,2022-07,4종,7169
587,오수,2022-07,5종,14513
587,오수,2022-07,6종,4649
588,임실,2022-07,1종,66572
588,임실,2022-07,2종,2064
588,임실,2022-07,3종,2443
588,임실,2022-07,4종,1912
588,임실,2022-07,5종,5056
588,임실,2022-07,6종,1975
589,상관,2022-07,1종,218191
589,상관,2022-07,2종,3459
589,상관,2022-07,3종,10454
589,상관,2022-07,4종,6289
589,상관,2022-07,5종,26126
589,상관,2022-07,6종,5052
590,동전주,2022-07,1종,236507
590,동전주,2022-07,2종,3798
590,동전주,2022-07,3종,3308
590,동전주,2022-07,4종,2473
590,동전주,2022-07,5종,5024
590,동전주,2022-07,6종,7205
591,동서천,2022-07,1종,78808
591,동서천,2022-07,2종,1661
591,동서천,2022-07,3종,3008
591,동서천,2022-07,4종,4841
591,동서천,2022-07,5종,16873
591,동서천,2022-07,6종,2365
592,서부여,2022-07,1종,89780
592,서부여,2022-07,2종,1896
592,서부여,2022-07,3종,3267
592,서부여,2022-07,4종,2184
592,서부여,2022-07,5종,2758
592,서부여,2022-07,6종,3075
593,부여,2022-07,1종,130884
593,부여,2022-07,2종,1825
593,부여,2022-07,3종,3805
593,부여,2022-07,4종,3280
593,부여,2022-07,5종,3689
593,부여,2022-07,6종,4049
594,칠갑산,2022-07,1종,38817
594,칠갑산,2022-07,2종,669
594,칠갑산,2022-07,3종,1560
594,칠갑산,2022-07,4종,1355
594,칠갑산,2022-07,5종,1210
594,칠갑산,2022-07,6종,1122
595,서공주,2022-07,1종,164392
595,서공주,2022-07,2종,4109
595,서공주,2022-07,3종,4796
595,서공주,2022-07,4종,5232
595,서공주,2022-07,5종,8155
595,서공주,2022-07,6종,5205
596,가락2,2022-07,1종,31812
596,가락2,2022-07,2종,1989
596,가락2,2022-07,3종,2912
596,가락2,2022-07,4종,5445
596,가락2,2022-07,5종,8362
596,가락2,2022-07,6종,1496
597,서여주,2022-07,1종,206412
597,서여주,2022-07,2종,6800
597,서여주,2022-07,3종,13160
597,서여주,2022-07,4종,11601
597,서여주,2022-07,5종,13859
597,서여주,2022-07,6종,8828
598,북여주,2022-07,1종,259186
598,북여주,2022-07,2종,6600
598,북여주,2022-07,3종,11255
598,북여주,2022-07,4종,6735
598,북여주,2022-07,5종,8774
598,북여주,2022-07,6종,9516
599,양촌,2022-07,1종,84933
599,양촌,2022-07,2종,1287
599,양촌,2022-07,3종,386
599,양촌,2022-07,4종,15
599,양촌,2022-07,5종,48
599,양촌,2022-07,6종,2576
601,남천안,2022-07,1종,291364
601,남천안,2022-07,2종,10036
601,남천안,2022-07,3종,14595
601,남천안,2022-07,4종,17000
601,남천안,2022-07,5종,17900
601,남천안,2022-07,6종,10861
602,풍세상,2022-07,1종,1910138
602,풍세상,2022-07,2종,37794
602,풍세상,2022-07,3종,103506
602,풍세상,2022-07,4종,84578
602,풍세상,2022-07,5종,131056
602,풍세상,2022-07,6종,44556
603,정안,2022-07,1종,394335
603,정안,2022-07,2종,7336
603,정안,2022-07,3종,19447
603,정안,2022-07,4종,10195
603,정안,2022-07,5종,14001
603,정안,2022-07,6종,12570
604,남공주,2022-07,1종,105088
604,남공주,2022-07,2종,3504
604,남공주,2022-07,3종,4907
604,남공주,2022-07,4종,3358
604,남공주,2022-07,5종,7890
604,남공주,2022-07,6종,3396
605,탄천,2022-07,1종,35920
605,탄천,2022-07,2종,1864
605,탄천,2022-07,3종,1910
605,탄천,2022-07,4종,3205
605,탄천,2022-07,5종,5839
605,탄천,2022-07,6종,1350
606,서논산,2022-07,1종,166964
606,서논산,2022-07,2종,6302
606,서논산,2022-07,3종,10830
606,서논산,2022-07,4종,12677
606,서논산,2022-07,5종,12770
606,서논산,2022-07,6종,5294
607,연무,2022-07,1종,188160
607,연무,2022-07,2종,6554
607,연무,2022-07,3종,12186
607,연무,2022-07,4종,13318
607,연무,2022-07,5종,11680
607,연무,2022-07,6종,5256
608,남논산하,2022-07,1종,1153210
608,남논산하,2022-07,2종,18630
608,남논산하,2022-07,3종,62042
608,남논산하,2022-07,4종,45116
608,남논산하,2022-07,5종,81046
608,남논산하,2022-07,6종,21696
612,풍세하,2022-07,1종,1803430
612,풍세하,2022-07,2종,33978
612,풍세하,2022-07,3종,99064
612,풍세하,2022-07,4종,68868
612,풍세하,2022-07,5종,99036
612,풍세하,2022-07,6종,42070
613,남풍세,2022-07,1종,707293
613,남풍세,2022-07,2종,24905
613,남풍세,2022-07,3종,48623
613,남풍세,2022-07,4종,69044
613,남풍세,2022-07,5종,100986
613,남풍세,2022-07,6종,22513
618,남논산상,2022-07,1종,1098622
618,남논산상,2022-07,2종,18224
618,남논산상,2022-07,3종,62382
618,남논산상,2022-07,4종,44976
618,남논산상,2022-07,5종,87982
618,남논산상,2022-07,6종,20418
621,동대구,2022-07,1종,898756
621,동대구,2022-07,2종,21817
621,동대구,2022-07,3종,28772
621,동대구,2022-07,4종,21085
621,동대구,2022-07,5종,23383
621,동대구,2022-07,6종,38620
622,대구,2022-07,1종,1545758
622,대구,2022-07,2종,40848
622,대구,2022-07,3종,36836
622,대구,2022-07,4종,54738
622,대구,2022-07,5종,121096
622,대구,2022-07,6종,46522
623,수성,2022-07,1종,1017561
623,수성,2022-07,2종,19042
623,수성,2022-07,3종,14389
623,수성,2022-07,4종,10703
623,수성,2022-07,5종,13353
623,수성,2022-07,6종,40937
624,청도,2022-07,1종,345884
624,청도,2022-07,2종,9086
624,청도,2022-07,3종,9404
624,청도,2022-07,4종,9474
624,청도,2022-07,5종,9691
624,청도,2022-07,6종,12903
625,밀양,2022-07,1종,441727
625,밀양,2022-07,2종,10860
625,밀양,2022-07,3종,10494
625,밀양,2022-07,4종,9721
625,밀양,2022-07,5종,19494
625,밀양,2022-07,6종,17165
626,남밀양,2022-07,1종,486181
626,남밀양,2022-07,2종,16661
626,남밀양,2022-07,3종,15696
626,남밀양,2022-07,4종,14681
626,남밀양,2022-07,5종,19639
626,남밀양,2022-07,6종,24696
627,삼랑진,2022-07,1종,278120
627,삼랑진,2022-07,2종,8534
627,삼랑진,2022-07,3종,9876
627,삼랑진,2022-07,4종,8536
627,삼랑진,2022-07,5종,23171
627,삼랑진,2022-07,6종,15596
628,상동,2022-07,1종,148206
628,상동,2022-07,2종,19933
628,상동,2022-07,3종,13954
628,상동,2022-07,4종,20278
628,상동,2022-07,5종,15132
628,상동,2022-07,6종,7983
629,김해부산,2022-07,1종,1345302
629,김해부산,2022-07,2종,44560
629,김해부산,2022-07,3종,34024
629,김해부산,2022-07,4종,51974
629,김해부산,2022-07,5종,117272
629,김해부산,2022-07,6종,43358
641,울산,2022-07,1종,1122672
641,울산,2022-07,2종,28532
641,울산,2022-07,3종,43790
641,울산,2022-07,4종,27523
641,울산,2022-07,5종,59169
641,울산,2022-07,6종,54323
642,문수,2022-07,1종,284646
642,문수,2022-07,2종,6863
642,문수,2022-07,3종,12820
642,문수,2022-07,4종,12005
642,문수,2022-07,5종,16942
642,문수,2022-07,6종,14973
643,청량,2022-07,1종,835440
643,청량,2022-07,2종,16778
643,청량,2022-07,3종,30337
643,청량,2022-07,4종,45842
643,청량,2022-07,5종,193646
643,청량,2022-07,6종,44139
644,온양,2022-07,1종,192395
644,온양,2022-07,2종,4897
644,온양,2022-07,3종,4563
644,온양,2022-07,4종,3876
644,온양,2022-07,5종,13049
644,온양,2022-07,6종,11989
645,장안,2022-07,1종,405645
645,장안,2022-07,2종,8322
645,장안,2022-07,3종,11046
645,장안,2022-07,4종,11905
645,장안,2022-07,5종,19808
645,장안,2022-07,6종,21411
646,기장일광,2022-07,1종,603846
646,기장일광,2022-07,2종,4678
646,기장일광,2022-07,3종,7349
646,기장일광,2022-07,4종,8284
646,기장일광,2022-07,5종,34732
646,기장일광,2022-07,6종,29769
647,해운대송정,2022-07,1종,284723
647,해운대송정,2022-07,2종,2774
647,해운대송정,2022-07,3종,2095
647,해운대송정,2022-07,4종,1811
647,해운대송정,2022-07,5종,2460
647,해운대송정,2022-07,6종,15076
648,해운대,2022-07,1종,1350378
648,해운대,2022-07,2종,11231
648,해운대,2022-07,3종,14240
648,해운대,2022-07,4종,11026
648,해운대,2022-07,5종,51505
648,해운대,2022-07,6종,66529
651,남양주,2022-07,1종,2701083
651,남양주,2022-07,2종,42920
651,남양주,2022-07,3종,63663
651,남양주,2022-07,4종,35923
651,남양주,2022-07,5종,24955
651,남양주,2022-07,6종,115605
652,화도,2022-07,1종,1523779
652,화도,2022-07,2종,35100
652,화도,2022-07,3종,34171
652,화도,2022-07,4종,30657
652,화도,2022-07,5종,20090
652,화도,2022-07,6종,84718
653,서종,2022-07,1종,301824
653,서종,2022-07,2종,2711
653,서종,2022-07,3종,1419
653,서종,2022-07,4종,1108
653,서종,2022-07,5종,1584
653,서종,2022-07,6종,13529
654,설악,2022-07,1종,518134
654,설악,2022-07,2종,4279
654,설악,2022-07,3종,6835
654,설악,2022-07,4종,2127
654,설악,2022-07,5종,2316
654,설악,2022-07,6종,18941
655,강촌,2022-07,1종,298428
655,강촌,2022-07,2종,3488
655,강촌,2022-07,3종,7759
655,강촌,2022-07,4종,2993
655,강촌,2022-07,5종,2791
655,강촌,2022-07,6종,10167
656,남춘천,2022-07,1종,275172
656,남춘천,2022-07,2종,2861
656,남춘천,2022-07,3종,4257
656,남춘천,2022-07,4종,2606
656,남춘천,2022-07,5종,6253
656,남춘천,2022-07,6종,8045
657,동산,2022-07,1종,1440150
657,동산,2022-07,2종,19686
657,동산,2022-07,3종,35916
657,동산,2022-07,4종,9148
657,동산,2022-07,5종,17418
657,동산,2022-07,6종,52024
658,조양,2022-07,1종,39095
658,조양,2022-07,2종,557
658,조양,2022-07,3종,1106
658,조양,2022-07,4종,844
658,조양,2022-07,5종,1670
658,조양,2022-07,6종,1586
671,봉담,2022-07,1종,1429425
671,봉담,2022-07,2종,40782
671,봉담,2022-07,3종,37514
671,봉담,2022-07,4종,26952
671,봉담,2022-07,5종,38255
671,봉담,2022-07,6종,84195
672,정남,2022-07,1종,423049
672,정남,2022-07,2종,20937
672,정남,2022-07,3종,11718
672,정남,2022-07,4종,13134
672,정남,2022-07,5종,14727
672,정남,2022-07,6종,25139
673,북오산,2022-07,1종,1278030
673,북오산,2022-07,2종,29818
673,북오산,2022-07,3종,38806
673,북오산,2022-07,4종,19694
673,북오산,2022-07,5종,13426
673,북오산,2022-07,6종,76187
675,서오산,2022-07,1종,1242828
675,서오산,2022-07,2종,26101
675,서오산,2022-07,3종,29498
675,서오산,2022-07,4종,17287
675,서오산,2022-07,5종,22803
675,서오산,2022-07,6종,68865
676,향남,2022-07,1종,515510
676,향남,2022-07,2종,28909
676,향남,2022-07,3종,21273
676,향남,2022-07,4종,19958
676,향남,2022-07,5종,15512
676,향남,2022-07,6종,31366
677,북평택,2022-07,1종,2259688
677,북평택,2022-07,2종,53634
677,북평택,2022-07,3종,80856
677,북평택,2022-07,4종,56361
677,북평택,2022-07,5종,58019
677,북평택,2022-07,6종,109050
681,장안본선,2022-07,1종,1194020
681,장안본선,2022-07,2종,69020
681,장안본선,2022-07,3종,165278
681,장안본선,2022-07,4종,87362
681,장안본선,2022-07,5종,208352
681,장안본선,2022-07,6종,48778
682,조암,2022-07,1종,349204
682,조암,2022-07,2종,34677
682,조암,2022-07,3종,37701
682,조암,2022-07,4종,34756
682,조암,2022-07,5종,43259
682,조암,2022-07,6종,16435
683,송산마도,2022-07,1종,824767
683,송산마도,2022-07,2종,40814
683,송산마도,2022-07,3종,36829
683,송산마도,2022-07,4종,34485
683,송산마도,2022-07,5종,88493
683,송산마도,2022-07,6종,39545
684,남안산,2022-07,1종,769920
684,남안산,2022-07,2종,64716
684,남안산,2022-07,3종,61289
684,남안산,2022-07,4종,70604
684,남안산,2022-07,5종,89022
684,남안산,2022-07,6종,40394
685,서시흥,2022-07,1종,1477372
685,서시흥,2022-07,2종,69264
685,서시흥,2022-07,3종,89435
685,서시흥,2022-07,4종,96793
685,서시흥,2022-07,5종,211313
685,서시흥,2022-07,6종,68819
701,북양양,2022-07,1종,287897
701,북양양,2022-07,2종,3955
701,북양양,2022-07,3종,4504
701,북양양,2022-07,4종,1250
701,북양양,2022-07,5종,2458
701,북양양,2022-07,6종,10147
702,속초,2022-07,1종,444597
702,속초,2022-07,2종,6492
702,속초,2022-07,3종,7714
702,속초,2022-07,4종,3491
702,속초,2022-07,5종,6199
702,속초,2022-07,6종,12437
703,삼척,2022-07,1종,194648
703,삼척,2022-07,2종,3440
703,삼척,2022-07,3종,6327
703,삼척,2022-07,4종,2251
703,삼척,2022-07,5종,5242
703,삼척,2022-07,6종,9353
704,근덕,2022-07,1종,241782
704,근덕,2022-07,2종,3858
704,근덕,2022-07,3종,5111
704,근덕,2022-07,4종,3094
704,근덕,2022-07,5종,16192
704,근덕,2022-07,6종,8449
705,남이천,2022-07,1종,315143
705,남이천,2022-07,2종,16723
705,남이천,2022-07,3종,16272
705,남이천,2022-07,4종,28737
705,남이천,2022-07,5종,22770
705,남이천,2022-07,6종,11717
706,남경주,2022-07,1종,312609
706,남경주,2022-07,2종,4943
706,남경주,2022-07,3종,9746
706,남경주,2022-07,4종,6242
706,남경주,2022-07,5종,19019
706,남경주,2022-07,6종,13883
707,남포항,2022-07,1종,482198
707,남포항,2022-07,2종,7253
707,남포항,2022-07,3종,12836
707,남포항,2022-07,4종,11053
707,남포항,2022-07,5종,90934
707,남포항,2022-07,6종,18605
708,동경주,2022-07,1종,182783
708,동경주,2022-07,2종,1985
708,동경주,2022-07,3종,2124
708,동경주,2022-07,4종,1566
708,동경주,2022-07,5종,12273
708,동경주,2022-07,6종,7648
710,밀양출구JC,2022-07,1종,100166
710,밀양출구JC,2022-07,2종,4761
710,밀양출구JC,2022-07,3종,8711
710,밀양출구JC,2022-07,4종,4264
710,밀양출구JC,2022-07,5종,9815
710,밀양출구JC,2022-07,6종,3866
711,불갑산(목포),2022-07,1종,16267
711,불갑산(목포),2022-07,2종,155
711,불갑산(목포),2022-07,3종,218
711,불갑산(목포),2022-07,4종,29
711,불갑산(목포),2022-07,5종,96
711,불갑산(목포),2022-07,6종,337
712,동상주,2022-07,1종,84277
712,동상주,2022-07,2종,2499
712,동상주,2022-07,3종,4255
712,동상주,2022-07,4종,4000
712,동상주,2022-07,5종,3272
712,동상주,2022-07,6종,2472
713,서의성,2022-07,1종,61643
713,서의성,2022-07,2종,1442
713,서의성,2022-07,3종,3251
713,서의성,2022-07,4종,3278
713,서의성,2022-07,5종,2541
713,서의성,2022-07,6종,2439
714,북의성,2022-07,1종,56359
714,북의성,2022-07,2종,1438
714,북의성,2022-07,3종,1632
714,북의성,2022-07,4종,1343
714,북의성,2022-07,5종,2497
714,북의성,2022-07,6종,2064
715,동안동,2022-07,1종,141275
715,동안동,2022-07,2종,1848
715,동안동,2022-07,3종,2590
715,동안동,2022-07,4종,1291
715,동안동,2022-07,5종,4184
715,동안동,2022-07,6종,4527
716,청송,2022-07,1종,165712
716,청송,2022-07,2종,2669
716,청송,2022-07,3종,2586
716,청송,2022-07,4종,2009
716,청송,2022-07,5종,1593
716,청송,2022-07,6종,5487
720,밀양입구JC,2022-07,1종,95173
720,밀양입구JC,2022-07,2종,4103
720,밀양입구JC,2022-07,3종,9646
720,밀양입구JC,2022-07,4종,3770
720,밀양입구JC,2022-07,5종,9775
720,밀양입구JC,2022-07,6종,3884
722,활천,2022-07,1종,88797
722,활천,2022-07,2종,6879
722,활천,2022-07,3종,10907
722,활천,2022-07,4종,11295
722,활천,2022-07,5종,17052
722,활천,2022-07,6종,3403
723,북구미,2022-07,1종,239924
723,북구미,2022-07,2종,3668
723,북구미,2022-07,3종,1455
723,북구미,2022-07,4종,303
723,북구미,2022-07,5종,1108
723,북구미,2022-07,6종,10790
724,서함양,2022-07,1종,13868
724,서함양,2022-07,2종,167
724,서함양,2022-07,3종,89
724,서함양,2022-07,4종,4
724,서함양,2022-07,5종,24
724,서함양,2022-07,6종,303
725,임고,2022-07,1종,39220
725,임고,2022-07,2종,249
725,임고,2022-07,3종,119
725,임고,2022-07,4종,33
725,임고,2022-07,5종,197
725,임고,2022-07,6종,779
729,신둔,2022-07,1종,36437
729,신둔,2022-07,2종,3769
729,신둔,2022-07,3종,477
729,신둔,2022-07,4종,0
729,신둔,2022-07,5종,1
729,신둔,2022-07,6종,2060
730,유천,2022-07,1종,434230
730,유천,2022-07,2종,8207
730,유천,2022-07,3종,1892
730,유천,2022-07,4종,227
730,유천,2022-07,5종,1188
730,유천,2022-07,6종,22482
731,북현풍,2022-07,1종,157624
731,북현풍,2022-07,2종,2626
731,북현풍,2022-07,3종,1031
731,북현풍,2022-07,4종,6
731,북현풍,2022-07,5종,747
731,북현풍,2022-07,6종,9084
732,행담도,2022-07,1종,30875
732,행담도,2022-07,2종,440
732,행담도,2022-07,3종,201
732,행담도,2022-07,4종,188
732,행담도,2022-07,5종,90
732,행담도,2022-07,6종,1426
733,옥산,2022-07,1종,155293
733,옥산,2022-07,2종,5370
733,옥산,2022-07,3종,1317
733,옥산,2022-07,4종,95
733,옥산,2022-07,5종,54
733,옥산,2022-07,6종,5622
734,동둔내,2022-07,1종,6129
734,동둔내,2022-07,2종,41
734,동둔내,2022-07,3종,24
734,동둔내,2022-07,4종,4
734,동둔내,2022-07,5종,2
734,동둔내,2022-07,6종,96
735,남양평,2022-07,1종,142975
735,남양평,2022-07,2종,2308
735,남양평,2022-07,3종,852
735,남양평,2022-07,4종,83
735,남양평,2022-07,5종,67
735,남양평,2022-07,6종,5787
736,삼성,2022-07,1종,119965
736,삼성,2022-07,2종,8426
736,삼성,2022-07,3종,363
736,삼성,2022-07,4종,65
736,삼성,2022-07,5종,49
736,삼성,2022-07,6종,3935
741,평택고덕,2022-07,1종,567937
741,평택고덕,2022-07,2종,11018
741,평택고덕,2022-07,3종,50716
741,평택고덕,2022-07,4종,16716
741,평택고덕,2022-07,5종,24955
741,평택고덕,2022-07,6종,34451
742,남사진위,2022-07,1종,462738
742,남사진위,2022-07,2종,12977
742,남사진위,2022-07,3종,25224
742,남사진위,2022-07,4종,34618
742,남사진위,2022-07,5종,15753
742,남사진위,2022-07,6종,21607
746,기장일광입구,2022-07,1종,211797
746,기장일광입구,2022-07,2종,3440
746,기장일광입구,2022-07,3종,379
746,기장일광입구,2022-07,4종,54
746,기장일광입구,2022-07,5종,144
746,기장일광입구,2022-07,6종,12045
747,척과구룡,2022-07,1종,85003
747,척과구룡,2022-07,2종,5813
747,척과구룡,2022-07,3종,10287
747,척과구룡,2022-07,4종,6417
747,척과구룡,2022-07,5종,13899
747,척과구룡,2022-07,6종,3689
748,동청송영양,2022-07,1종,94492
748,동청송영양,2022-07,2종,1416
748,동청송영양,2022-07,3종,1685
748,동청송영양,2022-07,4종,1012
748,동청송영양,2022-07,5종,2265
748,동청송영양,2022-07,6종,2713
749,영덕,2022-07,1종,283129
749,영덕,2022-07,2종,3094
749,영덕,2022-07,3종,5738
749,영덕,2022-07,4종,2442
749,영덕,2022-07,5종,8865
749,영덕,2022-07,6종,7108
750,기장동JC,2022-07,1종,391583
750,기장동JC,2022-07,2종,10263
750,기장동JC,2022-07,3종,16192
750,기장동JC,2022-07,4종,5839
750,기장동JC,2022-07,5종,38383
750,기장동JC,2022-07,6종,22975
751,기장일광(KEC),2022-07,1종,316283
751,기장일광(KEC),2022-07,2종,4508
751,기장일광(KEC),2022-07,3종,3922
751,기장일광(KEC),2022-07,4종,4374
751,기장일광(KEC),2022-07,5종,16466
751,기장일광(KEC),2022-07,6종,19495
752,기장철마,2022-07,1종,682411
752,기장철마,2022-07,2종,14060
752,기장철마,2022-07,3종,11027
752,기장철마,2022-07,4종,10620
752,기장철마,2022-07,5종,30577
752,기장철마,2022-07,6종,41774
753,금정,2022-07,1종,300762
753,금정,2022-07,2종,9251
753,금정,2022-07,3종,9977
753,금정,2022-07,4종,8176
753,금정,2022-07,5종,13781
753,금정,2022-07,6종,16665
754,김해가야휴게소,2022-07,1종,75290
754,김해가야휴게소,2022-07,2종,1733
754,김해가야휴게소,2022-07,3종,51
754,김해가야휴게소,2022-07,4종,2
754,김해가야휴게소,2022-07,5종,0
754,김해가야휴게소,2022-07,6종,3675
755,광재,2022-07,1종,432685
755,광재,2022-07,2종,23071
755,광재,2022-07,3종,20070
755,광재,2022-07,4종,18330
755,광재,2022-07,5종,40941
755,광재,2022-07,6종,23730
756,한림,2022-07,1종,122908
756,한림,2022-07,2종,8531
756,한림,2022-07,3종,9184
756,한림,2022-07,4종,7568
756,한림,2022-07,5종,16289
756,한림,2022-07,6종,5495
757,진영,2022-07,1종,265056
757,진영,2022-07,2종,13952
757,진영,2022-07,3종,16150
757,진영,2022-07,4종,18868
757,진영,2022-07,5종,28210
757,진영,2022-07,6종,14267
758,진영휴게소,2022-07,1종,403
758,진영휴게소,2022-07,2종,2
758,진영휴게소,2022-07,3종,3
758,진영휴게소,2022-07,4종,1
758,진영휴게소,2022-07,5종,30
758,진영휴게소,2022-07,6종,29
760,기장서JC,2022-07,1종,691338
760,기장서JC,2022-07,2종,18298
760,기장서JC,2022-07,3종,21882
760,기장서JC,2022-07,4종,8061
760,기장서JC,2022-07,5종,58892
760,기장서JC,2022-07,6종,40762
762,중앙탑,2022-07,1종,49728
762,중앙탑,2022-07,2종,965
762,중앙탑,2022-07,3종,52
762,중앙탑,2022-07,4종,7
762,중앙탑,2022-07,5종,11
762,중앙탑,2022-07,6종,2618
765,내촌,2022-07,1종,50297
765,내촌,2022-07,2종,932
765,내촌,2022-07,3종,516
765,내촌,2022-07,4종,479
765,내촌,2022-07,5종,544
765,내촌,2022-07,6종,2106
766,인제,2022-07,1종,110912
766,인제,2022-07,2종,1956
766,인제,2022-07,3종,1931
766,인제,2022-07,4종,920
766,인제,2022-07,5종,1022
766,인제,2022-07,6종,4603
767,구병산,2022-07,1종,5251
767,구병산,2022-07,2종,59
767,구병산,2022-07,3종,68
767,구병산,2022-07,4종,0
767,구병산,2022-07,5종,0
767,구병산,2022-07,6종,279
768,서양양,2022-07,1종,18673
768,서양양,2022-07,2종,224
768,서양양,2022-07,3종,211
768,서양양,2022-07,4종,69
768,서양양,2022-07,5종,101
768,서양양,2022-07,6종,436
770,울주동JC,2022-07,1종,190151
770,울주동JC,2022-07,2종,7224
770,울주동JC,2022-07,3종,19131
770,울주동JC,2022-07,4종,6083
770,울주동JC,2022-07,5종,27689
770,울주동JC,2022-07,6종,9475
771,배내골,2022-07,1종,94247
771,배내골,2022-07,2종,438
771,배내골,2022-07,3종,323
771,배내골,2022-07,4종,158
771,배내골,2022-07,5종,214
771,배내골,2022-07,6종,3673
772,북달성,2022-07,1종,391754
772,북달성,2022-07,2종,12146
772,북달성,2022-07,3종,17788
772,북달성,2022-07,4종,16906
772,북달성,2022-07,5종,12457
772,북달성,2022-07,6종,18046
773,북다사,2022-07,1종,217958
773,북다사,2022-07,2종,5441
773,북다사,2022-07,3종,5185
773,북다사,2022-07,4종,5254
773,북다사,2022-07,5종,5677
773,북다사,2022-07,6종,10953
774,남칠곡,2022-07,1종,338705
774,남칠곡,2022-07,2종,7245
774,남칠곡,2022-07,3종,7533
774,남칠곡,2022-07,4종,5707
774,남칠곡,2022-07,5종,5541
774,남칠곡,2022-07,6종,16342
775,동명동호,2022-07,1종,372900
775,동명동호,2022-07,2종,7100
775,동명동호,2022-07,3종,5420
775,동명동호,2022-07,4종,5241
775,동명동호,2022-07,5종,16791
775,동명동호,2022-07,6종,12044
776,연경,2022-07,1종,683735
776,연경,2022-07,2종,12475
776,연경,2022-07,3종,9051
776,연경,2022-07,4종,7871
776,연경,2022-07,5종,14070
776,연경,2022-07,6종,36660
777,파군재,2022-07,1종,373287
777,파군재,2022-07,2종,3290
777,파군재,2022-07,3종,2238
777,파군재,2022-07,4종,1577
777,파군재,2022-07,5종,1785
777,파군재,2022-07,6종,22381
778,둔산,2022-07,1종,52859
778,둔산,2022-07,2종,2151
778,둔산,2022-07,3종,1161
778,둔산,2022-07,4종,989
778,둔산,2022-07,5종,577
778,둔산,2022-07,6종,2887
779,율암,2022-07,1종,552087
779,율암,2022-07,2종,7096
779,율암,2022-07,3종,5156
779,율암,2022-07,4종,7049
779,율암,2022-07,5종,10301
779,율암,2022-07,6종,33688
780,울주서JC,2022-07,1종,202232
780,울주서JC,2022-07,2종,7177
780,울주서JC,2022-07,3종,16237
780,울주서JC,2022-07,4종,6063
780,울주서JC,2022-07,5종,28915
780,울주서JC,2022-07,6종,10263
876,양감,2022-07,1종,302673
876,양감,2022-07,2종,14875
876,양감,2022-07,3종,15640
876,양감,2022-07,4종,16561
876,양감,2022-07,5종,18181
876,양감,2022-07,6종,19743
981,서영암,2022-07,1종,317168
981,서영암,2022-07,2종,4379
981,서영암,2022-07,3종,9653
981,서영암,2022-07,4종,7996
981,서영암,2022-07,5종,18987
981,서영암,2022-07,6종,8708
982,강진무위사,2022-07,1종,202071
982,강진무위사,2022-07,2종,3081
982,강진무위사,2022-07,3종,6235
982,강진무위사,2022-07,4종,4965
982,강진무위사,2022-07,5종,6553
982,강진무위사,2022-07,6종,5382
983,장흥,2022-07,1종,114015
983,장흥,2022-07,2종,1710
983,장흥,2022-07,3종,2217
983,장흥,2022-07,4종,1167
983,장흥,2022-07,5종,2066
983,장흥,2022-07,6종,3202
984,보성,2022-07,1종,249436
984,보성,2022-07,2종,4873
984,보성,2022-07,3종,6274
984,보성,2022-07,4종,5228
984,보성,2022-07,5종,15430
984,보성,2022-07,6종,6112
985,벌교,2022-07,1종,172540
985,벌교,2022-07,2종,3465
985,벌교,2022-07,3종,3833
985,벌교,2022-07,4종,2510
985,벌교,2022-07,5종,4487
985,벌교,2022-07,6종,4335
986,고흥,2022-07,1종,253596
986,고흥,2022-07,2종,3221
986,고흥,2022-07,3종,5215
986,고흥,2022-07,4종,5108
986,고흥,2022-07,5종,8562
986,고흥,2022-07,6종,7638
987,남순천,2022-07,1종,641165
987,남순천,2022-07,2종,8490
987,남순천,2022-07,3종,17012
987,남순천,2022-07,4종,15392
987,남순천,2022-07,5종,42257
987,남순천,2022-07,6종,16849
11,인천,2022-08,1종,4280080
11,인천,2022-08,2종,102598
11,인천,2022-08,3종,59889
11,인천,2022-08,4종,67240
11,인천,2022-08,5종,128163
11,인천,2022-08,6종,299695
12,서영암(개),2022-08,1종,78494
12,서영암(개),2022-08,2종,953
12,서영암(개),2022-08,3종,1199
12,서영암(개),2022-08,4종,1087
12,서영암(개),2022-08,5종,1638
12,서영암(개),2022-08,6종,2926
13,순천만,2022-08,1종,186883
13,순천만,2022-08,2종,4233
13,순천만,2022-08,3종,4345
13,순천만,2022-08,4종,3554
13,순천만,2022-08,5종,10652
13,순천만,2022-08,6종,6905
25,동부산,2022-08,1종,590037
25,동부산,2022-08,2종,2699
25,동부산,2022-08,3종,3133
25,동부산,2022-08,4종,2475
25,동부산,2022-08,5종,6513
25,동부산,2022-08,6종,14165
29,가락(개),2022-08,1종,943560
29,가락(개),2022-08,2종,19243
29,가락(개),2022-08,3종,19717
29,가락(개),2022-08,4종,19552
29,가락(개),2022-08,5종,122674
29,가락(개),2022-08,6종,65621
53,남인천,2022-08,1종,2173951
53,남인천,2022-08,2종,44948
53,남인천,2022-08,3종,37974
53,남인천,2022-08,4종,26570
53,남인천,2022-08,5종,51628
53,남인천,2022-08,6종,139131
56,일로,2022-08,1종,38287
56,일로,2022-08,2종,820
56,일로,2022-08,3종,583
56,일로,2022-08,4종,822
56,일로,2022-08,5종,2331
56,일로,2022-08,6종,1779
57,다사,2022-08,1종,56462
57,다사,2022-08,2종,916
57,다사,2022-08,3종,781
57,다사,2022-08,4종,381
57,다사,2022-08,5종,460
57,다사,2022-08,6종,4113
58,지천,2022-08,1종,42383
58,지천,2022-08,2종,847
58,지천,2022-08,3종,644
58,지천,2022-08,4종,443
58,지천,2022-08,5종,1351
58,지천,2022-08,6종,2115
61,성남,2022-08,1종,5089437
61,성남,2022-08,2종,143979
61,성남,2022-08,3종,131219
61,성남,2022-08,4종,109345
61,성남,2022-08,5종,94246
61,성남,2022-08,6종,266944
62,구리남양주,2022-08,1종,5193289
62,구리남양주,2022-08,2종,166338
62,구리남양주,2022-08,3종,130386
62,구리남양주,2022-08,4종,143290
62,구리남양주,2022-08,5종,113760
62,구리남양주,2022-08,6종,303164
63,토평,2022-08,1종,752704
63,토평,2022-08,2종,22685
63,토평,2022-08,3종,13821
63,토평,2022-08,4종,17809
63,토평,2022-08,5종,18843
63,토평,2022-08,6종,45562
64,청계,2022-08,1종,4469630
64,청계,2022-08,2종,101760
64,청계,2022-08,3종,109741
64,청계,2022-08,4종,59804
64,청계,2022-08,5종,71336
64,청계,2022-08,6종,253239
65,판교,2022-08,1종,2379481
65,판교,2022-08,2종,27246
65,판교,2022-08,3종,126395
65,판교,2022-08,4종,10281
65,판교,2022-08,5종,11122
65,판교,2022-08,6종,102956
66,하남,2022-08,1종,1010569
66,하남,2022-08,2종,24800
66,하남,2022-08,3종,12695
66,하남,2022-08,4종,13540
66,하남,2022-08,5종,12235
66,하남,2022-08,6종,55235
67,시흥,2022-08,1종,4211993
67,시흥,2022-08,2종,112305
67,시흥,2022-08,3종,96562
67,시흥,2022-08,4종,99717
67,시흥,2022-08,5종,92816
67,시흥,2022-08,6종,239367
68,김포,2022-08,1종,5043085
68,김포,2022-08,2종,143398
68,김포,2022-08,3종,98710
68,김포,2022-08,4종,94771
68,김포,2022-08,5종,139425
68,김포,2022-08,6종,328693
69,대왕판교,2022-08,1종,191054
69,대왕판교,2022-08,2종,1786
69,대왕판교,2022-08,3종,578
69,대왕판교,2022-08,4종,27
69,대왕판교,2022-08,5종,15
69,대왕판교,2022-08,6종,7418
74,덕소삼패,2022-08,1종,429039
74,덕소삼패,2022-08,2종,8040
74,덕소삼패,2022-08,3종,5637
74,덕소삼패,2022-08,4종,6313
74,덕소삼패,2022-08,5종,10719
74,덕소삼패,2022-08,6종,28924
91,대동(개),2022-08,1종,97946
91,대동(개),2022-08,2종,4618
91,대동(개),2022-08,3종,3849
91,대동(개),2022-08,4종,18062
91,대동(개),2022-08,5종,6528
91,대동(개),2022-08,6종,5297
92,내서,2022-08,1종,218643
92,내서,2022-08,2종,6030
92,내서,2022-08,3종,9350
92,내서,2022-08,4종,4625
92,내서,2022-08,5종,9865
92,내서,2022-08,6종,15930
101,서울,2022-08,1종,5388149
101,서울,2022-08,2종,150152
101,서울,2022-08,3종,486426
101,서울,2022-08,4종,129222
101,서울,2022-08,5종,63674
101,서울,2022-08,6종,212681
102,동수원,2022-08,1종,2194049
102,동수원,2022-08,2종,27788
102,동수원,2022-08,3종,65656
102,동수원,2022-08,4종,11015
102,동수원,2022-08,5종,10595
102,동수원,2022-08,6종,109716
103,수원신갈,2022-08,1종,2316950
103,수원신갈,2022-08,2종,84217
103,수원신갈,2022-08,3종,143809
103,수원신갈,2022-08,4종,62649
103,수원신갈,2022-08,5종,29180
103,수원신갈,2022-08,6종,104422
104,지곡,2022-08,1종,56497
104,지곡,2022-08,2종,1405
104,지곡,2022-08,3종,2045
104,지곡,2022-08,4종,2627
104,지곡,2022-08,5종,2774
104,지곡,2022-08,6종,1708
105,기흥,2022-08,1종,791490
105,기흥,2022-08,2종,14439
105,기흥,2022-08,3종,26236
105,기흥,2022-08,4종,12241
105,기흥,2022-08,5종,6719
105,기흥,2022-08,6종,39067
106,오산,2022-08,1종,1205794
106,오산,2022-08,2종,75468
106,오산,2022-08,3종,79553
106,오산,2022-08,4종,59026
106,오산,2022-08,5종,30189
106,오산,2022-08,6종,66313
107,안성,2022-08,1종,1162039
107,안성,2022-08,2종,28738
107,안성,2022-08,3종,39836
107,안성,2022-08,4종,18283
107,안성,2022-08,5종,11802
107,안성,2022-08,6종,67345
108,천안,2022-08,1종,1731118
108,천안,2022-08,2종,35761
108,천안,2022-08,3종,80030
108,천안,2022-08,4종,35190
108,천안,2022-08,5종,36814
108,천안,2022-08,6종,79318
109,계룡,2022-08,1종,155859
109,계룡,2022-08,2종,9894
109,계룡,2022-08,3종,9532
109,계룡,2022-08,4종,10664
109,계룡,2022-08,5종,7778
109,계룡,2022-08,6종,8416
110,독립기념관,2022-08,1종,381860
110,독립기념관,2022-08,2종,14824
110,독립기념관,2022-08,3종,22041
110,독립기념관,2022-08,4종,29943
110,독립기념관,2022-08,5종,21274
110,독립기념관,2022-08,6종,15376
111,청주,2022-08,1종,596804
111,청주,2022-08,2종,15261
111,청주,2022-08,3종,40578
111,청주,2022-08,4종,22225
111,청주,2022-08,5종,25458
111,청주,2022-08,6종,24187
112,남청주,2022-08,1종,566339
112,남청주,2022-08,2종,34351
112,남청주,2022-08,3종,27587
112,남청주,2022-08,4종,44388
112,남청주,2022-08,5종,54415
112,남청주,2022-08,6종,21434
113,신탄진,2022-08,1종,763779
113,신탄진,2022-08,2종,29623
113,신탄진,2022-08,3종,24948
113,신탄진,2022-08,4종,46599
113,신탄진,2022-08,5종,63862
113,신탄진,2022-08,6종,37155
114,남대전,2022-08,1종,420205
114,남대전,2022-08,2종,14130
114,남대전,2022-08,3종,19893
114,남대전,2022-08,4종,30929
114,남대전,2022-08,5종,11051
114,남대전,2022-08,6종,19817
115,대전,2022-08,1종,1480051
115,대전,2022-08,2종,33152
115,대전,2022-08,3종,50610
115,대전,2022-08,4종,14935
115,대전,2022-08,5종,20717
115,대전,2022-08,6종,75291
116,옥천,2022-08,1종,527727
116,옥천,2022-08,2종,18859
116,옥천,2022-08,3종,17318
116,옥천,2022-08,4종,32076
116,옥천,2022-08,5종,32044
116,옥천,2022-08,6종,26312
117,금강,2022-08,1종,52275
117,금강,2022-08,2종,1004
117,금강,2022-08,3종,1521
117,금강,2022-08,4종,2023
117,금강,2022-08,5종,791
117,금강,2022-08,6종,2609
118,영동,2022-08,1종,113354
118,영동,2022-08,2종,3786
118,영동,2022-08,3종,4489
118,영동,2022-08,4종,4014
118,영동,2022-08,5종,12921
118,영동,2022-08,6종,4514
119,판암,2022-08,1종,623744
119,판암,2022-08,2종,12710
119,판암,2022-08,3종,9510
119,판암,2022-08,4종,6883
119,판암,2022-08,5종,16661
119,판암,2022-08,6종,34968
120,황간,2022-08,1종,122001
120,황간,2022-08,2종,2669
120,황간,2022-08,3종,3361
120,황간,2022-08,4종,5727
120,황간,2022-08,5종,7246
120,황간,2022-08,6종,4237
121,추풍령,2022-08,1종,51770
121,추풍령,2022-08,2종,1246
121,추풍령,2022-08,3종,1505
121,추풍령,2022-08,4종,2060
121,추풍령,2022-08,5종,2453
121,추풍령,2022-08,6종,2426
122,김천,2022-08,1종,249850
122,김천,2022-08,2종,5879
122,김천,2022-08,3종,7275
122,김천,2022-08,4종,8997
122,김천,2022-08,5종,8010
122,김천,2022-08,6종,11119
123,구미,2022-08,1종,748115
123,구미,2022-08,2종,15031
123,구미,2022-08,3종,25514
123,구미,2022-08,4종,18255
123,구미,2022-08,5종,13667
123,구미,2022-08,6종,32696
124,상주,2022-08,1종,94636
124,상주,2022-08,2종,2919
124,상주,2022-08,3종,4038
124,상주,2022-08,4종,4664
124,상주,2022-08,5종,4858
124,상주,2022-08,6종,3044
125,남구미,2022-08,1종,571737
125,남구미,2022-08,2종,19000
125,남구미,2022-08,3종,28768
125,남구미,2022-08,4종,27756
125,남구미,2022-08,5종,34885
125,남구미,2022-08,6종,28438
126,왜관,2022-08,1종,717102
126,왜관,2022-08,2종,36687
126,왜관,2022-08,3종,29456
126,왜관,2022-08,4종,28035
126,왜관,2022-08,5종,40730
126,왜관,2022-08,6종,30153
127,서대구,2022-08,1종,1809034
127,서대구,2022-08,2종,58006
127,서대구,2022-08,3종,62610
127,서대구,2022-08,4종,46862
127,서대구,2022-08,5종,49577
127,서대구,2022-08,6종,74810
128,금왕꽃동네,2022-08,1종,273873
128,금왕꽃동네,2022-08,2종,14738
128,금왕꽃동네,2022-08,3종,20216
128,금왕꽃동네,2022-08,4종,25925
128,금왕꽃동네,2022-08,5종,35071
128,금왕꽃동네,2022-08,6종,11760
129,북대구,2022-08,1종,1830757
129,북대구,2022-08,2종,45990
129,북대구,2022-08,3종,44108
129,북대구,2022-08,4종,23556
129,북대구,2022-08,5종,35196
129,북대구,2022-08,6종,70808
130,동김천,2022-08,1종,316664
130,동김천,2022-08,2종,8775
130,동김천,2022-08,3종,15602
130,동김천,2022-08,4종,14995
130,동김천,2022-08,5종,23370
130,동김천,2022-08,6종,12288
131,경산,2022-08,1종,921772
131,경산,2022-08,2종,58421
131,경산,2022-08,3종,52864
131,경산,2022-08,4종,55193
131,경산,2022-08,5종,50989
131,경산,2022-08,6종,43216
132,영천,2022-08,1종,387979
132,영천,2022-08,2종,15183
132,영천,2022-08,3종,25505
132,영천,2022-08,4종,23970
132,영천,2022-08,5종,34345
132,영천,2022-08,6종,15397
133,서경주,2022-08,1종,203536
133,서경주,2022-08,2종,5861
133,서경주,2022-08,3종,8809
133,서경주,2022-08,4종,9002
133,서경주,2022-08,5종,19287
133,서경주,2022-08,6종,6525
134,선산,2022-08,1종,87470
134,선산,2022-08,2종,2954
134,선산,2022-08,3종,3600
134,선산,2022-08,4종,4057
134,선산,2022-08,5종,4717
134,선산,2022-08,6종,2993
135,경주,2022-08,1종,1098584
135,경주,2022-08,2종,16676
135,경주,2022-08,3종,44063
135,경주,2022-08,4종,32752
135,경주,2022-08,5종,48726
135,경주,2022-08,6종,36805
136,음성,2022-08,1종,312679
136,음성,2022-08,2종,9293
136,음성,2022-08,3종,14382
136,음성,2022-08,4종,18995
136,음성,2022-08,5종,23683
136,음성,2022-08,6종,10232
137,통도사,2022-08,1종,321156
137,통도사,2022-08,2종,16530
137,통도사,2022-08,3종,19543
137,통도사,2022-08,4종,16550
137,통도사,2022-08,5종,22152
137,통도사,2022-08,6종,16319
138,양산,2022-08,1종,828194
138,양산,2022-08,2종,68998
138,양산,2022-08,3종,53112
138,양산,2022-08,4종,61413
138,양산,2022-08,5종,65977
138,양산,2022-08,6종,39232
139,서울산,2022-08,1종,603046
139,서울산,2022-08,2종,15095
139,서울산,2022-08,3종,18866
139,서울산,2022-08,4종,12511
139,서울산,2022-08,5종,15631
139,서울산,2022-08,6종,29369
140,부산,2022-08,1종,1975411
140,부산,2022-08,2종,47233
140,부산,2022-08,3종,39829
140,부산,2022-08,4종,30340
140,부산,2022-08,5종,42883
140,부산,2022-08,6종,93010
142,군북,2022-08,1종,475779
142,군북,2022-08,2종,10547
142,군북,2022-08,3종,15481
142,군북,2022-08,4종,11182
142,군북,2022-08,5종,27781
142,군북,2022-08,6종,24880
143,장지,2022-08,1종,126729
143,장지,2022-08,2종,3437
143,장지,2022-08,3종,5514
143,장지,2022-08,4종,4953
143,장지,2022-08,5종,17672
143,장지,2022-08,6종,7330
144,함안,2022-08,1종,297110
144,함안,2022-08,2종,9349
144,함안,2022-08,3종,10677
144,함안,2022-08,4종,9055
144,함안,2022-08,5종,25662
144,함안,2022-08,6종,16288
145,산인,2022-08,1종,1124955
145,산인,2022-08,2종,17768
145,산인,2022-08,3종,36569
145,산인,2022-08,4종,14716
145,산인,2022-08,5종,31131
145,산인,2022-08,6종,48092
146,동창원,2022-08,1종,623352
146,동창원,2022-08,2종,16512
146,동창원,2022-08,3종,15062
146,동창원,2022-08,4종,13321
146,동창원,2022-08,5종,20932
146,동창원,2022-08,6종,39187
147,진례,2022-08,1종,451502
147,진례,2022-08,2종,30160
147,진례,2022-08,3종,29314
147,진례,2022-08,4종,32034
147,진례,2022-08,5종,30704
147,진례,2022-08,6종,28633
148,서김해,2022-08,1종,889026
148,서김해,2022-08,2종,24349
148,서김해,2022-08,3종,25035
148,서김해,2022-08,4종,21534
148,서김해,2022-08,5종,19266
148,서김해,2022-08,6종,56088
149,동김해,2022-08,1종,1063095
149,동김해,2022-08,2종,28342
149,동김해,2022-08,3종,25063
149,동김해,2022-08,4종,14065
149,동김해,2022-08,5종,11838
149,동김해,2022-08,6종,70446
150,북부산,2022-08,1종,1779061
150,북부산,2022-08,2종,27452
150,북부산,2022-08,3종,25290
150,북부산,2022-08,4종,13014
150,북부산,2022-08,5종,26953
150,북부산,2022-08,6종,103840
151,북대전,2022-08,1종,837366
151,북대전,2022-08,2종,12634
151,북대전,2022-08,3종,24102
151,북대전,2022-08,4종,19661
151,북대전,2022-08,5종,22190
151,북대전,2022-08,6종,39591
152,유성,2022-08,1종,1210637
152,유성,2022-08,2종,20948
152,유성,2022-08,3종,31293
152,유성,2022-08,4종,16794
152,유성,2022-08,5종,14846
152,유성,2022-08,6종,49642
153,서대전,2022-08,1종,1042878
153,서대전,2022-08,2종,20393
153,서대전,2022-08,3종,20157
153,서대전,2022-08,4종,17845
153,서대전,2022-08,5종,18195
153,서대전,2022-08,6종,51347
154,안영,2022-08,1종,543703
154,안영,2022-08,2종,14701
154,안영,2022-08,3종,12493
154,안영,2022-08,4종,10576
154,안영,2022-08,5종,13474
154,안영,2022-08,6종,25836
155,논산,2022-08,1종,272831
155,논산,2022-08,2종,11142
155,논산,2022-08,3종,18198
155,논산,2022-08,4종,17527
155,논산,2022-08,5종,15378
155,논산,2022-08,6종,9380
156,익산,2022-08,1종,310885
156,익산,2022-08,2종,17416
156,익산,2022-08,3종,25835
156,익산,2022-08,4종,31251
156,익산,2022-08,5종,37733
156,익산,2022-08,6종,8161
157,삼례,2022-08,1종,124538
157,삼례,2022-08,2종,4272
157,삼례,2022-08,3종,6427
157,삼례,2022-08,4종,7114
157,삼례,2022-08,5종,11332
157,삼례,2022-08,6종,3479
158,전주,2022-08,1종,457098
158,전주,2022-08,2종,12998
158,전주,2022-08,3종,35720
158,전주,2022-08,4종,21185
158,전주,2022-08,5종,27637
158,전주,2022-08,6종,12786
159,서전주,2022-08,1종,391645
159,서전주,2022-08,2종,10579
159,서전주,2022-08,3종,11960
159,서전주,2022-08,4종,13311
159,서전주,2022-08,5종,10812
159,서전주,2022-08,6종,10392
160,김제,2022-08,1종,143954
160,김제,2022-08,2종,5998
160,김제,2022-08,3종,9218
160,김제,2022-08,4종,9805
160,김제,2022-08,5종,7079
160,김제,2022-08,6종,3776
161,금산사,2022-08,1종,36109
161,금산사,2022-08,2종,1809
161,금산사,2022-08,3종,1209
161,금산사,2022-08,4종,1768
161,금산사,2022-08,5종,1883
161,금산사,2022-08,6종,920
162,태인,2022-08,1종,107413
162,태인,2022-08,2종,4002
162,태인,2022-08,3종,7429
162,태인,2022-08,4종,8514
162,태인,2022-08,5종,7712
162,태인,2022-08,6종,2911
163,정읍,2022-08,1종,240378
163,정읍,2022-08,2종,7391
163,정읍,2022-08,3종,11354
163,정읍,2022-08,4종,9953
163,정읍,2022-08,5종,11125
163,정읍,2022-08,6종,6288
164,무주,2022-08,1종,224795
164,무주,2022-08,2종,2941
164,무주,2022-08,3종,4754
164,무주,2022-08,4종,3688
164,무주,2022-08,5종,2703
164,무주,2022-08,6종,7050
165,백양사,2022-08,1종,73030
165,백양사,2022-08,2종,1844
165,백양사,2022-08,3종,1586
165,백양사,2022-08,4종,1937
165,백양사,2022-08,5종,1417
165,백양사,2022-08,6종,1969
166,장성,2022-08,1종,213033
166,장성,2022-08,2종,11566
166,장성,2022-08,3종,12892
166,장성,2022-08,4종,14512
166,장성,2022-08,5종,16766
166,장성,2022-08,6종,6594
167,광주,2022-08,1종,1201300
167,광주,2022-08,2종,36326
167,광주,2022-08,3종,59838
167,광주,2022-08,4종,62636
167,광주,2022-08,5종,41163
167,광주,2022-08,6종,31431
168,덕유산,2022-08,1종,79150
168,덕유산,2022-08,2종,1201
168,덕유산,2022-08,3종,1394
168,덕유산,2022-08,4종,1259
168,덕유산,2022-08,5종,875
168,덕유산,2022-08,6종,1794
169,장수,2022-08,1종,138072
169,장수,2022-08,2종,2987
169,장수,2022-08,3종,3717
169,장수,2022-08,4종,3352
169,장수,2022-08,5종,3005
169,장수,2022-08,6종,3456
170,서상,2022-08,1종,74834
170,서상,2022-08,2종,1610
170,서상,2022-08,3종,3842
170,서상,2022-08,4종,4031
170,서상,2022-08,5종,3861
170,서상,2022-08,6종,2742
171,마성,2022-08,1종,590963
171,마성,2022-08,2종,8739
171,마성,2022-08,3종,18064
171,마성,2022-08,4종,6982
171,마성,2022-08,5종,2480
171,마성,2022-08,6종,24685
172,용인,2022-08,1종,981248
172,용인,2022-08,2종,50647
172,용인,2022-08,3종,34905
172,용인,2022-08,4종,32903
172,용인,2022-08,5종,22349
172,용인,2022-08,6종,56257
173,양지,2022-08,1종,1027384
173,양지,2022-08,2종,85958
173,양지,2022-08,3종,56706
173,양지,2022-08,4종,76252
173,양지,2022-08,5종,58655
173,양지,2022-08,6종,46292
174,춘천,2022-08,1종,1004075
174,춘천,2022-08,2종,20630
174,춘천,2022-08,3종,21463
174,춘천,2022-08,4종,12480
174,춘천,2022-08,5종,12647
174,춘천,2022-08,6종,50667
175,덕평,2022-08,1종,363172
175,덕평,2022-08,2종,44827
175,덕평,2022-08,3종,30065
175,덕평,2022-08,4종,47933
175,덕평,2022-08,5종,32047
175,덕평,2022-08,6종,19427
176,이천,2022-08,1종,608361
176,이천,2022-08,2종,28770
176,이천,2022-08,3종,49174
176,이천,2022-08,4종,51311
176,이천,2022-08,5종,48204
176,이천,2022-08,6종,29973
177,여주,2022-08,1종,358692
177,여주,2022-08,2종,10745
177,여주,2022-08,3종,28868
177,여주,2022-08,4종,28878
177,여주,2022-08,5종,21452
177,여주,2022-08,6종,13225
178,문막,2022-08,1종,311718
178,문막,2022-08,2종,19405
178,문막,2022-08,3종,22915
178,문막,2022-08,4종,16633
178,문막,2022-08,5종,21569
178,문막,2022-08,6종,13532
179,홍천,2022-08,1종,472369
179,홍천,2022-08,2종,10663
179,홍천,2022-08,3종,14361
179,홍천,2022-08,4종,9469
179,홍천,2022-08,5종,10749
179,홍천,2022-08,6종,23728
180,원주,2022-08,1종,372734
180,원주,2022-08,2종,18036
180,원주,2022-08,3종,17783
180,원주,2022-08,4종,18226
180,원주,2022-08,5종,16623
180,원주,2022-08,6종,18061
181,새말,2022-08,1종,298112
181,새말,2022-08,2종,8833
181,새말,2022-08,3종,10998
181,새말,2022-08,4종,9719
181,새말,2022-08,5종,7434
181,새말,2022-08,6종,9514
182,둔내,2022-08,1종,221935
182,둔내,2022-08,2종,4247
182,둔내,2022-08,3종,5712
182,둔내,2022-08,4종,4751
182,둔내,2022-08,5종,2140
182,둔내,2022-08,6종,6364
183,면온,2022-08,1종,128392
183,면온,2022-08,2종,1681
183,면온,2022-08,3종,2144
183,면온,2022-08,4종,1569
183,면온,2022-08,5종,2015
183,면온,2022-08,6종,2847
184,대관령,2022-08,1종,348293
184,대관령,2022-08,2종,5980
184,대관령,2022-08,3종,9548
184,대관령,2022-08,4종,5954
184,대관령,2022-08,5종,2112
184,대관령,2022-08,6종,10428
185,평창,2022-08,1종,175102
185,평창,2022-08,2종,3610
185,평창,2022-08,3종,7826
185,평창,2022-08,4종,4187
185,평창,2022-08,5종,3948
185,평창,2022-08,6종,5312
186,속사,2022-08,1종,78655
186,속사,2022-08,2종,1629
186,속사,2022-08,3종,2677
186,속사,2022-08,4종,3442
186,속사,2022-08,5종,1256
186,속사,2022-08,6종,1825
187,진부,2022-08,1종,181581
187,진부,2022-08,2종,4363
187,진부,2022-08,3종,7396
187,진부,2022-08,4종,7718
187,진부,2022-08,5종,3291
187,진부,2022-08,6종,5270
188,서충주,2022-08,1종,189390
188,서충주,2022-08,2종,6030
188,서충주,2022-08,3종,10775
188,서충주,2022-08,4종,13874
188,서충주,2022-08,5종,16830
188,서충주,2022-08,6종,6938
189,강릉,2022-08,1종,840638
189,강릉,2022-08,2종,18022
189,강릉,2022-08,3종,29970
189,강릉,2022-08,4종,12677
189,강릉,2022-08,5종,16959
189,강릉,2022-08,6종,34176
190,동서울,2022-08,1종,3832671
190,동서울,2022-08,2종,164845
190,동서울,2022-08,3종,155333
190,동서울,2022-08,4종,145821
190,동서울,2022-08,5종,103901
190,동서울,2022-08,6종,155307
191,경기광주,2022-08,1종,786064
191,경기광주,2022-08,2종,38636
191,경기광주,2022-08,3종,27069
191,경기광주,2022-08,4종,19073
191,경기광주,2022-08,5종,15909
191,경기광주,2022-08,6종,45955
192,곤지암,2022-08,1종,859132
192,곤지암,2022-08,2종,66268
192,곤지암,2022-08,3종,39523
192,곤지암,2022-08,4종,51730
192,곤지암,2022-08,5종,37347
192,곤지암,2022-08,6종,42909
193,일죽,2022-08,1종,448099
193,일죽,2022-08,2종,27380
193,일죽,2022-08,3종,33099
193,일죽,2022-08,4종,50781
193,일죽,2022-08,5종,31052
193,일죽,2022-08,6종,15845
194,서이천,2022-08,1종,482931
194,서이천,2022-08,2종,56736
194,서이천,2022-08,3종,40263
194,서이천,2022-08,4종,45242
194,서이천,2022-08,5종,25435
194,서이천,2022-08,6종,24286
195,대소,2022-08,1종,238384
195,대소,2022-08,2종,23863
195,대소,2022-08,3종,36208
195,대소,2022-08,4종,44223
195,대소,2022-08,5종,33462
195,대소,2022-08,6종,10473
196,진천,2022-08,1종,334394
196,진천,2022-08,2종,19022
196,진천,2022-08,3종,23067
196,진천,2022-08,4종,31967
196,진천,2022-08,5종,32355
196,진천,2022-08,6종,13952
197,증평,2022-08,1종,377239
197,증평,2022-08,2종,16136
197,증평,2022-08,3종,23193
197,증평,2022-08,4종,34899
197,증평,2022-08,5종,32885
197,증평,2022-08,6종,13743
198,서청주,2022-08,1종,737968
198,서청주,2022-08,2종,24836
198,서청주,2022-08,3종,29560
198,서청주,2022-08,4종,27058
198,서청주,2022-08,5종,23185
198,서청주,2022-08,6종,31485
199,오창,2022-08,1종,504271
199,오창,2022-08,2종,13538
199,오창,2022-08,3종,23103
199,오창,2022-08,4종,20088
199,오창,2022-08,5종,22115
199,오창,2022-08,6종,19565
200,금산,2022-08,1종,198698
200,금산,2022-08,2종,3074
200,금산,2022-08,3종,6604
200,금산,2022-08,4종,3655
200,금산,2022-08,5종,7126
200,금산,2022-08,6종,8570
201,칠곡,2022-08,1종,580525
201,칠곡,2022-08,2종,15186
201,칠곡,2022-08,3종,14451
201,칠곡,2022-08,4종,10347
201,칠곡,2022-08,5종,13162
201,칠곡,2022-08,6종,27125
202,다부,2022-08,1종,147136
202,다부,2022-08,2종,7151
202,다부,2022-08,3종,4690
202,다부,2022-08,4종,4934
202,다부,2022-08,5종,8064
202,다부,2022-08,6종,4879
203,가산,2022-08,1종,595274
203,가산,2022-08,2종,17792
203,가산,2022-08,3종,17877
203,가산,2022-08,4종,16608
203,가산,2022-08,5종,42984
203,가산,2022-08,6종,22942
204,추부,2022-08,1종,226838
204,추부,2022-08,2종,6681
204,추부,2022-08,3종,6932
204,추부,2022-08,4종,6993
204,추부,2022-08,5종,6474
204,추부,2022-08,6종,10763
205,군위,2022-08,1종,214025
205,군위,2022-08,2종,4507
205,군위,2022-08,3종,4848
205,군위,2022-08,4종,4198
205,군위,2022-08,5종,4953
205,군위,2022-08,6종,7566
206,의성,2022-08,1종,213617
206,의성,2022-08,2종,3657
206,의성,2022-08,3종,4075
206,의성,2022-08,4종,2758
206,의성,2022-08,5종,3722
206,의성,2022-08,6종,6819
207,남안동,2022-08,1종,335613
207,남안동,2022-08,2종,7764
207,남안동,2022-08,3종,7100
207,남안동,2022-08,4종,6430
207,남안동,2022-08,5종,8037
207,남안동,2022-08,6종,10880
208,서안동,2022-08,1종,304716
208,서안동,2022-08,2종,6694
208,서안동,2022-08,3종,14136
208,서안동,2022-08,4종,8172
208,서안동,2022-08,5종,10812
208,서안동,2022-08,6종,9006
209,예천,2022-08,1종,41019
209,예천,2022-08,2종,647
209,예천,2022-08,3종,618
209,예천,2022-08,4종,767
209,예천,2022-08,5종,984
209,예천,2022-08,6종,1341
210,영주,2022-08,1종,245565
210,영주,2022-08,2종,5328
210,영주,2022-08,3종,9075
210,영주,2022-08,4종,9350
210,영주,2022-08,5종,19190
210,영주,2022-08,6종,7103
211,풍기,2022-08,1종,317843
211,풍기,2022-08,2종,4423
211,풍기,2022-08,3종,9687
211,풍기,2022-08,4종,7228
211,풍기,2022-08,5종,11367
211,풍기,2022-08,6종,9099
212,북수원,2022-08,1종,1274207
212,북수원,2022-08,2종,29938
212,북수원,2022-08,3종,37939
212,북수원,2022-08,4종,24124
212,북수원,2022-08,5종,22314
212,북수원,2022-08,6종,60445
213,부곡,2022-08,1종,335680
213,부곡,2022-08,2종,13702
213,부곡,2022-08,3종,7960
213,부곡,2022-08,4종,12346
213,부곡,2022-08,5종,59599
213,부곡,2022-08,6종,20408
214,동군포,2022-08,1종,310868
214,동군포,2022-08,2종,14912
214,동군포,2022-08,3종,13465
214,동군포,2022-08,4종,31929
214,동군포,2022-08,5종,19216
214,동군포,2022-08,6종,17090
215,군포,2022-08,1종,745272
215,군포,2022-08,2종,22089
215,군포,2022-08,3종,20458
215,군포,2022-08,4종,13943
215,군포,2022-08,5종,14669
215,군포,2022-08,6종,42905
216,횡성,2022-08,1종,268650
216,횡성,2022-08,2종,7824
216,횡성,2022-08,3종,7201
216,횡성,2022-08,4종,6019
216,횡성,2022-08,5종,8459
216,횡성,2022-08,6종,11683
217,북원주,2022-08,1종,89547
217,북원주,2022-08,2종,3889
217,북원주,2022-08,3종,2697
217,북원주,2022-08,4종,2681
217,북원주,2022-08,5종,3126
217,북원주,2022-08,6종,3670
218,남원주,2022-08,1종,739926
218,남원주,2022-08,2종,15083
218,남원주,2022-08,3종,24093
218,남원주,2022-08,4종,9263
218,남원주,2022-08,5종,11885
218,남원주,2022-08,6종,33549
219,신림,2022-08,1종,203604
219,신림,2022-08,2종,3152
219,신림,2022-08,3종,2549
219,신림,2022-08,4종,3307
219,신림,2022-08,5종,11455
219,신림,2022-08,6종,6903
220,덕평휴게소,2022-08,1종,6901
220,덕평휴게소,2022-08,2종,233
220,덕평휴게소,2022-08,3종,46
220,덕평휴게소,2022-08,4종,19
220,덕평휴게소,2022-08,5종,31
220,덕평휴게소,2022-08,6종,435
221,생초,2022-08,1종,84399
221,생초,2022-08,2종,1450
221,생초,2022-08,3종,3138
221,생초,2022-08,4종,3113
221,생초,2022-08,5종,7038
221,생초,2022-08,6종,2422
222,산청,2022-08,1종,93172
222,산청,2022-08,2종,1862
222,산청,2022-08,3종,2760
222,산청,2022-08,4종,3011
222,산청,2022-08,5종,2055
222,산청,2022-08,6종,2813
223,단성,2022-08,1종,177814
223,단성,2022-08,2종,1903
223,단성,2022-08,3종,5219
223,단성,2022-08,4종,4061
223,단성,2022-08,5종,6396
223,단성,2022-08,6종,5338
224,함양,2022-08,1종,143441
224,함양,2022-08,2종,3336
224,함양,2022-08,3종,6253
224,함양,2022-08,4종,2400
224,함양,2022-08,5종,2644
224,함양,2022-08,6종,5781
225,서진주,2022-08,1종,337621
225,서진주,2022-08,2종,7129
225,서진주,2022-08,3종,7841
225,서진주,2022-08,4종,5211
225,서진주,2022-08,5종,17450
225,서진주,2022-08,6종,14260
226,금강휴게소,2022-08,1종,16758
226,금강휴게소,2022-08,2종,323
226,금강휴게소,2022-08,3종,326
226,금강휴게소,2022-08,4종,396
226,금강휴게소,2022-08,5종,230
226,금강휴게소,2022-08,6종,445
227,군산,2022-08,1종,303626
227,군산,2022-08,2종,4504
227,군산,2022-08,3종,12952
227,군산,2022-08,4종,8411
227,군산,2022-08,5종,13772
227,군산,2022-08,6종,8039
228,동군산,2022-08,1종,260804
228,동군산,2022-08,2종,7234
228,동군산,2022-08,3종,12649
228,동군산,2022-08,4종,10586
228,동군산,2022-08,5종,21594
228,동군산,2022-08,6종,5954
229,북천안,2022-08,1종,616422
229,북천안,2022-08,2종,27952
229,북천안,2022-08,3종,38209
229,북천안,2022-08,4종,48315
229,북천안,2022-08,5종,44039
229,북천안,2022-08,6종,27929
230,팔공산,2022-08,1종,737577
230,팔공산,2022-08,2종,20344
230,팔공산,2022-08,3종,14793
230,팔공산,2022-08,4종,10419
230,팔공산,2022-08,5종,10298
230,팔공산,2022-08,6종,32382
231,화원옥포,2022-08,1종,721909
231,화원옥포,2022-08,2종,23722
231,화원옥포,2022-08,3종,18453
231,화원옥포,2022-08,4종,14589
231,화원옥포,2022-08,5종,17927
231,화원옥포,2022-08,6종,39525
232,달성,2022-08,1종,201070
232,달성,2022-08,2종,12052
232,달성,2022-08,3종,15761
232,달성,2022-08,4종,8384
232,달성,2022-08,5종,5925
232,달성,2022-08,6종,11806
233,현풍,2022-08,1종,619492
233,현풍,2022-08,2종,28337
233,현풍,2022-08,3종,36463
233,현풍,2022-08,4종,34573
233,현풍,2022-08,5종,46886
233,현풍,2022-08,6종,28853
234,서천,2022-08,1종,221781
234,서천,2022-08,2종,4181
234,서천,2022-08,3종,6184
234,서천,2022-08,4종,7691
234,서천,2022-08,5종,23848
234,서천,2022-08,6종,6457
235,창녕,2022-08,1종,154660
235,창녕,2022-08,2종,4808
235,창녕,2022-08,3종,7163
235,창녕,2022-08,4종,4362
235,창녕,2022-08,5종,7141
235,창녕,2022-08,6종,5733
236,영산,2022-08,1종,147880
236,영산,2022-08,2종,6644
236,영산,2022-08,3종,7816
236,영산,2022-08,4종,9054
236,영산,2022-08,5종,13873
236,영산,2022-08,6종,4947
237,남지,2022-08,1종,131526
237,남지,2022-08,2종,5805
237,남지,2022-08,3종,13085
237,남지,2022-08,4종,14888
237,남지,2022-08,5종,24010
237,남지,2022-08,6종,7163
238,칠서,2022-08,1종,195755
238,칠서,2022-08,2종,14829
238,칠서,2022-08,3종,20407
238,칠서,2022-08,4종,24856
238,칠서,2022-08,5종,47403
238,칠서,2022-08,6종,10069
239,칠원,2022-08,1종,616744
239,칠원,2022-08,2종,17851
239,칠원,2022-08,3종,32790
239,칠원,2022-08,4종,32613
239,칠원,2022-08,5종,41162
239,칠원,2022-08,6종,23039
240,제천,2022-08,1종,686575
240,제천,2022-08,2종,13660
240,제천,2022-08,3종,18515
240,제천,2022-08,4종,14592
240,제천,2022-08,5종,26144
240,제천,2022-08,6종,23294
241,동고령,2022-08,1종,338247
241,동고령,2022-08,2종,15448
241,동고령,2022-08,3종,16311
241,동고령,2022-08,4종,27099
241,동고령,2022-08,5종,25445
241,동고령,2022-08,6종,13450
242,고령,2022-08,1종,292896
242,고령,2022-08,2종,6435
242,고령,2022-08,3종,8997
242,고령,2022-08,4종,7215
242,고령,2022-08,5종,22507
242,고령,2022-08,6종,10937
243,해인사,2022-08,1종,152668
243,해인사,2022-08,2종,2380
243,해인사,2022-08,3종,2018
243,해인사,2022-08,4종,1535
243,해인사,2022-08,5종,1563
243,해인사,2022-08,6종,6798
244,서부산,2022-08,1종,1544538
244,서부산,2022-08,2종,30899
244,서부산,2022-08,3종,54595
244,서부산,2022-08,4종,31768
244,서부산,2022-08,5종,71126
244,서부산,2022-08,6종,79445
245,장유,2022-08,1종,1646140
245,장유,2022-08,2종,33054
245,장유,2022-08,3종,51706
245,장유,2022-08,4종,30219
245,장유,2022-08,5종,37522
245,장유,2022-08,6종,98917
246,가락,2022-08,1종,23623
246,가락,2022-08,2종,2311
246,가락,2022-08,3종,3537
246,가락,2022-08,4종,7402
246,가락,2022-08,5종,8920
246,가락,2022-08,6종,798
247,남원,2022-08,1종,214925
247,남원,2022-08,2종,5104
247,남원,2022-08,3종,6658
247,남원,2022-08,4종,4477
247,남원,2022-08,5종,9510
247,남원,2022-08,6종,7802
248,순창,2022-08,1종,201696
248,순창,2022-08,2종,4024
248,순창,2022-08,3종,4263
248,순창,2022-08,4종,3789
248,순창,2022-08,5종,8219
248,순창,2022-08,6종,6358
249,담양,2022-08,1종,232431
249,담양,2022-08,2종,4357
249,담양,2022-08,3종,9635
249,담양,2022-08,4종,4184
249,담양,2022-08,5종,6809
249,담양,2022-08,6종,6999
250,남양산,2022-08,1종,1409477
250,남양산,2022-08,2종,36759
250,남양산,2022-08,3종,43537
250,남양산,2022-08,4종,22302
250,남양산,2022-08,5종,23521
250,남양산,2022-08,6종,90851
251,물금,2022-08,1종,724414
251,물금,2022-08,2종,48339
251,물금,2022-08,3종,22350
251,물금,2022-08,4종,42229
251,물금,2022-08,5종,67084
251,물금,2022-08,6종,45424
252,대동,2022-08,1종,2630043
252,대동,2022-08,2종,101206
252,대동,2022-08,3종,82250
252,대동,2022-08,4종,94964
252,대동,2022-08,5종,273646
252,대동,2022-08,6종,126154
253,서서울,2022-08,1종,5162349
253,서서울,2022-08,2종,143264
253,서서울,2022-08,3종,122158
253,서서울,2022-08,4종,148831
253,서서울,2022-08,5종,144206
253,서서울,2022-08,6종,248445
254,군자,2022-08,1종,2500825
254,군자,2022-08,2종,89294
254,군자,2022-08,3종,75504
254,군자,2022-08,4종,95441
254,군자,2022-08,5종,148011
254,군자,2022-08,6종,133069
255,서안산,2022-08,1종,1900075
255,서안산,2022-08,2종,71833
255,서안산,2022-08,3종,54599
255,서안산,2022-08,4종,57278
255,서안산,2022-08,5종,52740
255,서안산,2022-08,6종,107350
256,안산,2022-08,1종,911511
256,안산,2022-08,2종,21550
256,안산,2022-08,3종,14972
256,안산,2022-08,4종,7783
256,안산,2022-08,5종,8978
256,안산,2022-08,6종,59676
257,홍성,2022-08,1종,255729
257,홍성,2022-08,2종,4090
257,홍성,2022-08,3종,6661
257,홍성,2022-08,4종,5342
257,홍성,2022-08,5종,9214
257,홍성,2022-08,6종,7962
258,광천,2022-08,1종,175789
258,광천,2022-08,2종,4768
258,광천,2022-08,3종,7286
258,광천,2022-08,4종,7268
258,광천,2022-08,5종,16363
258,광천,2022-08,6종,5567
259,대천,2022-08,1종,360855
259,대천,2022-08,2종,4998
259,대천,2022-08,3종,9344
259,대천,2022-08,4종,3252
259,대천,2022-08,5종,5848
259,대천,2022-08,6종,11991
260,춘장대,2022-08,1종,71053
260,춘장대,2022-08,2종,1419
260,춘장대,2022-08,3종,1303
260,춘장대,2022-08,4종,1141
260,춘장대,2022-08,5종,3077
260,춘장대,2022-08,6종,2003
261,동광주,2022-08,1종,1406359
261,동광주,2022-08,2종,26454
261,동광주,2022-08,3종,48416
261,동광주,2022-08,4종,26556
261,동광주,2022-08,5종,36438
261,동광주,2022-08,6종,39948
262,창평,2022-08,1종,164346
262,창평,2022-08,2종,6341
262,창평,2022-08,3종,3337
262,창평,2022-08,4종,4686
262,창평,2022-08,5종,3934
262,창평,2022-08,6종,5005
263,옥과,2022-08,1종,255050
263,옥과,2022-08,2종,4114
263,옥과,2022-08,3종,7916
263,옥과,2022-08,4종,2893
263,옥과,2022-08,5종,6827
263,옥과,2022-08,6종,8375
264,동남원,2022-08,1종,44915
264,동남원,2022-08,2종,1225
264,동남원,2022-08,3종,1868
264,동남원,2022-08,4종,1464
264,동남원,2022-08,5종,885
264,동남원,2022-08,6종,1315
265,곡성,2022-08,1종,181779
265,곡성,2022-08,2종,3246
265,곡성,2022-08,3종,3847
265,곡성,2022-08,4종,2969
265,곡성,2022-08,5종,7150
265,곡성,2022-08,6종,5705
266,석곡,2022-08,1종,61650
266,석곡,2022-08,2종,1718
266,석곡,2022-08,3종,1545
266,석곡,2022-08,4종,1334
266,석곡,2022-08,5종,2539
266,석곡,2022-08,6종,1732
267,주암송광사,2022-08,1종,158351
267,주암송광사,2022-08,2종,2738
267,주암송광사,2022-08,3종,2465
267,주암송광사,2022-08,4종,2307
267,주암송광사,2022-08,5종,5232
267,주암송광사,2022-08,6종,4570
268,승주,2022-08,1종,67379
268,승주,2022-08,2종,1357
268,승주,2022-08,3종,918
268,승주,2022-08,4종,960
268,승주,2022-08,5종,2381
268,승주,2022-08,6종,2310
269,지리산,2022-08,1종,152688
269,지리산,2022-08,2종,2438
269,지리산,2022-08,3종,3776
269,지리산,2022-08,4종,4628
269,지리산,2022-08,5종,1619
269,지리산,2022-08,6종,5059
270,서순천,2022-08,1종,164125
270,서순천,2022-08,2종,4729
270,서순천,2022-08,3종,5608
270,서순천,2022-08,4종,2004
270,서순천,2022-08,5종,4408
270,서순천,2022-08,6종,4876
271,순천,2022-08,1종,646755
271,순천,2022-08,2종,13886
271,순천,2022-08,3종,11683
271,순천,2022-08,4종,8462
271,순천,2022-08,5종,28963
271,순천,2022-08,6종,17476
272,광양,2022-08,1종,391502
272,광양,2022-08,2종,6776
272,광양,2022-08,3종,15276
272,광양,2022-08,4종,14885
272,광양,2022-08,5종,58957
272,광양,2022-08,6종,10475
273,동광양,2022-08,1종,155553
273,동광양,2022-08,2종,2724
273,동광양,2022-08,3종,2548
273,동광양,2022-08,4종,6024
273,동광양,2022-08,5종,39034
273,동광양,2022-08,6종,5193
274,가조,2022-08,1종,94779
274,가조,2022-08,2종,2941
274,가조,2022-08,3종,3576
274,가조,2022-08,4종,2480
274,가조,2022-08,5종,1528
274,가조,2022-08,6종,3449
275,옥곡,2022-08,1종,206863
275,옥곡,2022-08,2종,4464
275,옥곡,2022-08,3종,8364
275,옥곡,2022-08,4종,10235
275,옥곡,2022-08,5종,56523
275,옥곡,2022-08,6종,6107
276,진월,2022-08,1종,72836
276,진월,2022-08,2종,1287
276,진월,2022-08,3종,1821
276,진월,2022-08,4종,3712
276,진월,2022-08,5종,41490
276,진월,2022-08,6종,2123
277,하동,2022-08,1종,302155
277,하동,2022-08,2종,3780
277,하동,2022-08,3종,5440
277,하동,2022-08,4종,5190
277,하동,2022-08,5종,45889
277,하동,2022-08,6종,9650
278,진교,2022-08,1종,226726
278,진교,2022-08,2종,3292
278,진교,2022-08,3종,7511
278,진교,2022-08,4종,1961
278,진교,2022-08,5종,7062
278,진교,2022-08,6종,9791
279,곤양,2022-08,1종,146892
279,곤양,2022-08,2종,2709
279,곤양,2022-08,3종,4952
279,곤양,2022-08,4종,2746
279,곤양,2022-08,5종,6701
279,곤양,2022-08,6종,5181
280,거창,2022-08,1종,293722
280,거창,2022-08,2종,8881
280,거창,2022-08,3종,17379
280,거창,2022-08,4종,6428
280,거창,2022-08,5종,8419
280,거창,2022-08,6종,11035
281,매송,2022-08,1종,566664
281,매송,2022-08,2종,13773
281,매송,2022-08,3종,12760
281,매송,2022-08,4종,7985
281,매송,2022-08,5종,12199
281,매송,2022-08,6종,29387
282,비봉,2022-08,1종,667571
282,비봉,2022-08,2종,26231
282,비봉,2022-08,3종,25184
282,비봉,2022-08,4종,18976
282,비봉,2022-08,5종,33799
282,비봉,2022-08,6종,33256
283,발안,2022-08,1종,586407
283,발안,2022-08,2종,27634
283,발안,2022-08,3종,23531
283,발안,2022-08,4종,22000
283,발안,2022-08,5종,32401
283,발안,2022-08,6종,31751
284,남양양,2022-08,1종,193902
284,남양양,2022-08,2종,2307
284,남양양,2022-08,3종,1962
284,남양양,2022-08,4종,940
284,남양양,2022-08,5종,2937
284,남양양,2022-08,6종,6134
285,서평택,2022-08,1종,541233
285,서평택,2022-08,2종,26112
285,서평택,2022-08,3종,47462
285,서평택,2022-08,4종,70707
285,서평택,2022-08,5종,146499
285,서평택,2022-08,6종,31099
286,통도사휴게소,2022-08,1종,159632
286,통도사휴게소,2022-08,2종,2139
286,통도사휴게소,2022-08,3종,2045
286,통도사휴게소,2022-08,4종,4
286,통도사휴게소,2022-08,5종,12
286,통도사휴게소,2022-08,6종,6614
287,송악,2022-08,1종,579720
287,송악,2022-08,2종,14080
287,송악,2022-08,3종,23287
287,송악,2022-08,4종,24706
287,송악,2022-08,5종,157888
287,송악,2022-08,6종,26025
288,당진,2022-08,1종,506861
288,당진,2022-08,2종,11468
288,당진,2022-08,3종,22158
288,당진,2022-08,4종,15379
288,당진,2022-08,5종,49560
288,당진,2022-08,6종,21968
289,마산,2022-08,1종,1305742
289,마산,2022-08,2종,31859
289,마산,2022-08,3종,49466
289,마산,2022-08,4종,22107
289,마산,2022-08,5종,35850
289,마산,2022-08,6종,63058
290,축동,2022-08,1종,51645
290,축동,2022-08,2종,2902
290,축동,2022-08,3종,1744
290,축동,2022-08,4종,3293
290,축동,2022-08,5종,6953
290,축동,2022-08,6종,2723
291,사천,2022-08,1종,835065
291,사천,2022-08,2종,24246
291,사천,2022-08,3종,22887
291,사천,2022-08,4종,18230
291,사천,2022-08,5종,30189
291,사천,2022-08,6종,39744
292,진주,2022-08,1종,737461
292,진주,2022-08,2종,17306
292,진주,2022-08,3종,32518
292,진주,2022-08,4종,11016
292,진주,2022-08,5종,22670
292,진주,2022-08,6종,39037
293,문산,2022-08,1종,331029
293,문산,2022-08,2종,7004
293,문산,2022-08,3종,8324
293,문산,2022-08,4종,4542
293,문산,2022-08,5종,6400
293,문산,2022-08,6종,16850
294,북창원,2022-08,1종,338088
294,북창원,2022-08,2종,8496
294,북창원,2022-08,3종,7053
294,북창원,2022-08,4종,7693
294,북창원,2022-08,5종,12498
294,북창원,2022-08,6종,17632
295,진성,2022-08,1종,212235
295,진성,2022-08,2종,6209
295,진성,2022-08,3종,7658
295,진성,2022-08,4종,6693
295,진성,2022-08,5종,14969
295,진성,2022-08,6종,8133
296,지수,2022-08,1종,62716
296,지수,2022-08,2종,2230
296,지수,2022-08,3종,3171
296,지수,2022-08,4종,3287
296,지수,2022-08,5종,3997
296,지수,2022-08,6종,3441
297,동충주,2022-08,1종,306013
297,동충주,2022-08,2종,7474
297,동충주,2022-08,3종,10884
297,동충주,2022-08,4종,13934
297,동충주,2022-08,5종,37294
297,동충주,2022-08,6종,8658
298,서산,2022-08,1종,848532
298,서산,2022-08,2종,15895
298,서산,2022-08,3종,32982
298,서산,2022-08,4종,31786
298,서산,2022-08,5종,60898
298,서산,2022-08,6종,29299
299,해미,2022-08,1종,155845
299,해미,2022-08,2종,4096
299,해미,2022-08,3종,5929
299,해미,2022-08,4종,4656
299,해미,2022-08,5종,12542
299,해미,2022-08,6종,5891
500,남여주,2022-08,1종,244914
500,남여주,2022-08,2종,6645
500,남여주,2022-08,3종,10730
500,남여주,2022-08,4종,14213
500,남여주,2022-08,5종,18095
500,남여주,2022-08,6종,8067
501,서김제,2022-08,1종,67600
501,서김제,2022-08,2종,1965
501,서김제,2022-08,3종,3613
501,서김제,2022-08,4종,4296
501,서김제,2022-08,5종,3119
501,서김제,2022-08,6종,1497
502,부안,2022-08,1종,172276
502,부안,2022-08,2종,4154
502,부안,2022-08,3종,9207
502,부안,2022-08,4종,5794
502,부안,2022-08,5종,6909
502,부안,2022-08,6종,3886
503,줄포,2022-08,1종,86491
503,줄포,2022-08,2종,1413
503,줄포,2022-08,3종,2466
503,줄포,2022-08,4종,1897
503,줄포,2022-08,5종,1423
503,줄포,2022-08,6종,1862
504,선운산,2022-08,1종,133432
504,선운산,2022-08,2종,2877
504,선운산,2022-08,3종,6299
504,선운산,2022-08,4종,7465
504,선운산,2022-08,5종,8813
504,선운산,2022-08,6종,3247
505,고창,2022-08,1종,125709
505,고창,2022-08,2종,2874
505,고창,2022-08,3종,3958
505,고창,2022-08,4종,2319
505,고창,2022-08,5종,2461
505,고창,2022-08,6종,3396
506,영광,2022-08,1종,123762
506,영광,2022-08,2종,2382
506,영광,2022-08,3종,5748
506,영광,2022-08,4종,4342
506,영광,2022-08,5종,5604
506,영광,2022-08,6종,2649
507,함평,2022-08,1종,69937
507,함평,2022-08,2종,1679
507,함평,2022-08,3종,4230
507,함평,2022-08,4종,4448
507,함평,2022-08,5종,6613
507,함평,2022-08,6종,1707
508,무안,2022-08,1종,221897
508,무안,2022-08,2종,5337
508,무안,2022-08,3종,6480
508,무안,2022-08,4종,6820
508,무안,2022-08,5종,9556
508,무안,2022-08,6종,6568
509,목포,2022-08,1종,994783
509,목포,2022-08,2종,18917
509,목포,2022-08,3종,27645
509,목포,2022-08,4종,31330
509,목포,2022-08,5종,50030
509,목포,2022-08,6종,26516
510,양양,2022-08,1종,351125
510,양양,2022-08,2종,3492
510,양양,2022-08,3종,7653
510,양양,2022-08,4종,2075
510,양양,2022-08,5종,4840
510,양양,2022-08,6종,10865
511,무창포,2022-08,1종,166343
511,무창포,2022-08,2종,2524
511,무창포,2022-08,3종,5392
511,무창포,2022-08,4종,2388
511,무창포,2022-08,5종,8838
511,무창포,2022-08,6종,4158
512,연화산,2022-08,1종,44496
512,연화산,2022-08,2종,1229
512,연화산,2022-08,3종,921
512,연화산,2022-08,4종,813
512,연화산,2022-08,5종,2799
512,연화산,2022-08,6종,2377
513,고성,2022-08,1종,461104
513,고성,2022-08,2종,8421
513,고성,2022-08,3종,14230
513,고성,2022-08,4종,7075
513,고성,2022-08,5종,13980
513,고성,2022-08,6종,24011
514,동고성,2022-08,1종,122286
514,동고성,2022-08,2종,2442
514,동고성,2022-08,3종,4464
514,동고성,2022-08,4종,3219
514,동고성,2022-08,5종,13297
514,동고성,2022-08,6종,9903
515,북통영,2022-08,1종,237228
515,북통영,2022-08,2종,3973
515,북통영,2022-08,3종,9934
515,북통영,2022-08,4종,1470
515,북통영,2022-08,5종,3211
515,북통영,2022-08,6종,11231
516,통영,2022-08,1종,693843
516,통영,2022-08,2종,10957
516,통영,2022-08,3종,18091
516,통영,2022-08,4종,9048
516,통영,2022-08,5종,18250
516,통영,2022-08,6종,35102
517,양평,2022-08,1종,239399
517,양평,2022-08,2종,4949
517,양평,2022-08,3종,6706
517,양평,2022-08,4종,7344
517,양평,2022-08,5종,10095
517,양평,2022-08,6종,8635
518,칠곡물류,2022-08,1종,179063
518,칠곡물류,2022-08,2종,29485
518,칠곡물류,2022-08,3종,26418
518,칠곡물류,2022-08,4종,50632
518,칠곡물류,2022-08,5종,24669
518,칠곡물류,2022-08,6종,7964
519,남대구,2022-08,1종,1811548
519,남대구,2022-08,2종,44610
519,남대구,2022-08,3종,53841
519,남대구,2022-08,4종,33787
519,남대구,2022-08,5종,51432
519,남대구,2022-08,6종,91790
520,평택,2022-08,1종,1039585
520,평택,2022-08,2종,40883
520,평택,2022-08,3종,75805
520,평택,2022-08,4종,58176
520,평택,2022-08,5종,70230
520,평택,2022-08,6종,43550
521,단양,2022-08,1종,133097
521,단양,2022-08,2종,1566
521,단양,2022-08,3종,1417
521,단양,2022-08,4종,1634
521,단양,2022-08,5종,12300
521,단양,2022-08,6종,3896
522,북단양,2022-08,1종,207421
522,북단양,2022-08,2종,2962
522,북단양,2022-08,3종,2912
522,북단양,2022-08,4종,9619
522,북단양,2022-08,5종,70258
522,북단양,2022-08,6종,6303
523,남제천,2022-08,1종,300847
523,남제천,2022-08,2종,4646
523,남제천,2022-08,3종,6413
523,남제천,2022-08,4종,8492
523,남제천,2022-08,5종,42846
523,남제천,2022-08,6종,8169
524,청통와촌,2022-08,1종,325210
524,청통와촌,2022-08,2종,17429
524,청통와촌,2022-08,3종,12900
524,청통와촌,2022-08,4종,10030
524,청통와촌,2022-08,5종,12102
524,청통와촌,2022-08,6종,12102
525,북영천,2022-08,1종,217895
525,북영천,2022-08,2종,4300
525,북영천,2022-08,3종,4501
525,북영천,2022-08,4종,4144
525,북영천,2022-08,5종,7770
525,북영천,2022-08,6종,7209
526,서포항,2022-08,1종,123129
526,서포항,2022-08,2종,1984
526,서포항,2022-08,3종,1927
526,서포항,2022-08,4종,1479
526,서포항,2022-08,5종,7794
526,서포항,2022-08,6종,5516
527,포항,2022-08,1종,1004743
527,포항,2022-08,2종,16479
527,포항,2022-08,3종,20716
527,포항,2022-08,4종,13695
527,포항,2022-08,5종,64703
527,포항,2022-08,6종,31478
528,기흥동탄,2022-08,1종,1289403
528,기흥동탄,2022-08,2종,21053
528,기흥동탄,2022-08,3종,111990
528,기흥동탄,2022-08,4종,23081
528,기흥동탄,2022-08,5종,22393
528,기흥동탄,2022-08,6종,60682
529,노포,2022-08,1종,189958
529,노포,2022-08,2종,6674
529,노포,2022-08,3종,22249
529,노포,2022-08,4종,4686
529,노포,2022-08,5종,3861
529,노포,2022-08,6종,9874
530,내장산,2022-08,1종,99632
530,내장산,2022-08,2종,3627
530,내장산,2022-08,3종,4117
530,내장산,2022-08,4종,4056
530,내장산,2022-08,5종,3592
530,내장산,2022-08,6종,2689
531,문의청남대,2022-08,1종,233076
531,문의청남대,2022-08,2종,4551
531,문의청남대,2022-08,3종,7105
531,문의청남대,2022-08,4종,9491
531,문의청남대,2022-08,5종,11758
531,문의청남대,2022-08,6종,7921
532,회인,2022-08,1종,62472
532,회인,2022-08,2종,1078
532,회인,2022-08,3종,789
532,회인,2022-08,4종,835
532,회인,2022-08,5종,1002
532,회인,2022-08,6종,2154
533,보은,2022-08,1종,170556
533,보은,2022-08,2종,4813
533,보은,2022-08,3종,5030
533,보은,2022-08,4종,6084
533,보은,2022-08,5종,5798
533,보은,2022-08,6종,6139
534,속리산,2022-08,1종,87524
534,속리산,2022-08,2종,1573
534,속리산,2022-08,3종,2367
534,속리산,2022-08,4종,2230
534,속리산,2022-08,5종,3004
534,속리산,2022-08,6종,3036
535,화서,2022-08,1종,83095
535,화서,2022-08,2종,1689
535,화서,2022-08,3종,2903
535,화서,2022-08,4종,3334
535,화서,2022-08,5종,4853
535,화서,2022-08,6종,2667
536,남상주,2022-08,1종,152969
536,남상주,2022-08,2종,4167
536,남상주,2022-08,3종,12005
536,남상주,2022-08,4종,9512
536,남상주,2022-08,5종,5470
536,남상주,2022-08,6종,4901
537,남김천,2022-08,1종,103219
537,남김천,2022-08,2종,3792
537,남김천,2022-08,3종,6488
537,남김천,2022-08,4종,7813
537,남김천,2022-08,5종,15989
537,남김천,2022-08,6종,3506
538,성주,2022-08,1종,132467
538,성주,2022-08,2종,4984
538,성주,2022-08,3종,8063
538,성주,2022-08,4종,8385
538,성주,2022-08,5종,9869
538,성주,2022-08,6종,4535
539,남성주,2022-08,1종,75639
539,남성주,2022-08,2종,5122
539,남성주,2022-08,3종,6016
539,남성주,2022-08,4종,6171
539,남성주,2022-08,5종,13527
539,남성주,2022-08,6종,2254
540,청북,2022-08,1종,527020
540,청북,2022-08,2종,35535
540,청북,2022-08,3종,46630
540,청북,2022-08,4종,57401
540,청북,2022-08,5종,59876
540,청북,2022-08,6종,27004
541,송탄,2022-08,1종,542199
541,송탄,2022-08,2종,29720
541,송탄,2022-08,3종,34453
541,송탄,2022-08,4종,42829
541,송탄,2022-08,5종,35796
541,송탄,2022-08,6종,29982
542,서안성,2022-08,1종,695814
542,서안성,2022-08,2종,29658
542,서안성,2022-08,3종,49847
542,서안성,2022-08,4종,78095
542,서안성,2022-08,5종,48663
542,서안성,2022-08,6종,32324
543,남안성,2022-08,1종,732482
543,남안성,2022-08,2종,44439
543,남안성,2022-08,3종,51235
543,남안성,2022-08,4종,66546
543,남안성,2022-08,5종,66885
543,남안성,2022-08,6종,35236
544,완주,2022-08,1종,331029
544,완주,2022-08,2종,8027
544,완주,2022-08,3종,16581
544,완주,2022-08,4종,19474
544,완주,2022-08,5종,50870
544,완주,2022-08,6종,7918
545,소양,2022-08,1종,206702
545,소양,2022-08,2종,3266
545,소양,2022-08,3종,10815
545,소양,2022-08,4종,5095
545,소양,2022-08,5종,6602
545,소양,2022-08,6종,5095
546,진안,2022-08,1종,74006
546,진안,2022-08,2종,1857
546,진안,2022-08,3종,3964
546,진안,2022-08,4종,2035
546,진안,2022-08,5종,2649
546,진안,2022-08,6종,1978
547,무안공항,2022-08,1종,52309
547,무안공항,2022-08,2종,472
547,무안공항,2022-08,3종,559
547,무안공항,2022-08,4종,466
547,무안공항,2022-08,5종,1484
547,무안공항,2022-08,6종,1119
548,북무안,2022-08,1종,178390
548,북무안,2022-08,2종,2783
548,북무안,2022-08,3종,3788
548,북무안,2022-08,4종,4058
548,북무안,2022-08,5종,6014
548,북무안,2022-08,6종,3861
549,동함평,2022-08,1종,233357
549,동함평,2022-08,2종,3394
549,동함평,2022-08,3종,4411
549,동함평,2022-08,4종,2964
549,동함평,2022-08,5종,5050
549,동함평,2022-08,6종,7352
550,문평,2022-08,1종,53017
550,문평,2022-08,2종,948
550,문평,2022-08,3종,1129
550,문평,2022-08,4종,1245
550,문평,2022-08,5종,11810
550,문평,2022-08,6종,1374
551,나주,2022-08,1종,89195
551,나주,2022-08,2종,1916
551,나주,2022-08,3종,1407
551,나주,2022-08,4종,4345
551,나주,2022-08,5종,3579
551,나주,2022-08,6종,3569
552,서광산,2022-08,1종,354762
552,서광산,2022-08,2종,13570
552,서광산,2022-08,3종,12404
552,서광산,2022-08,4종,13649
552,서광산,2022-08,5종,14338
552,서광산,2022-08,6종,11147
553,동광산,2022-08,1종,1324910
553,동광산,2022-08,2종,25276
553,동광산,2022-08,3종,28197
553,동광산,2022-08,4종,27287
553,동광산,2022-08,5종,37849
553,동광산,2022-08,6종,38339
554,동홍천,2022-08,1종,449539
554,동홍천,2022-08,2종,5222
554,동홍천,2022-08,3종,8937
554,동홍천,2022-08,4종,5391
554,동홍천,2022-08,5종,4009
554,동홍천,2022-08,6종,15159
555,북진천,2022-08,1종,384859
555,북진천,2022-08,2종,30346
555,북진천,2022-08,3종,39598
555,북진천,2022-08,4종,48958
555,북진천,2022-08,5종,43634
555,북진천,2022-08,6종,15348
556,동순천,2022-08,1종,489251
556,동순천,2022-08,2종,5813
556,동순천,2022-08,3종,14091
556,동순천,2022-08,4종,14088
556,동순천,2022-08,5종,52357
556,동순천,2022-08,6종,10686
557,황전,2022-08,1종,133965
557,황전,2022-08,2종,1656
557,황전,2022-08,3종,1479
557,황전,2022-08,4종,1561
557,황전,2022-08,5종,5447
557,황전,2022-08,6종,4108
558,구례화엄사,2022-08,1종,175152
558,구례화엄사,2022-08,2종,3048
558,구례화엄사,2022-08,3종,4089
558,구례화엄사,2022-08,4종,3752
558,구례화엄사,2022-08,5종,6431
558,구례화엄사,2022-08,6종,4070
559,서남원,2022-08,1종,90762
559,서남원,2022-08,2종,2828
559,서남원,2022-08,3종,3788
559,서남원,2022-08,4종,4400
559,서남원,2022-08,5종,10558
559,서남원,2022-08,6종,2812
560,감곡,2022-08,1종,329455
560,감곡,2022-08,2종,8369
560,감곡,2022-08,3종,10133
560,감곡,2022-08,4종,14917
560,감곡,2022-08,5종,26494
560,감곡,2022-08,6종,9936
561,북충주,2022-08,1종,215303
561,북충주,2022-08,2종,5476
561,북충주,2022-08,3종,9026
561,북충주,2022-08,4종,5601
561,북충주,2022-08,5종,6220
561,북충주,2022-08,6종,6916
562,충주,2022-08,1종,169285
562,충주,2022-08,2종,4240
562,충주,2022-08,3종,9449
562,충주,2022-08,4종,13768
562,충주,2022-08,5종,11925
562,충주,2022-08,6종,5379
563,괴산,2022-08,1종,79678
563,괴산,2022-08,2종,1568
563,괴산,2022-08,3종,2800
563,괴산,2022-08,4종,3210
563,괴산,2022-08,5종,6166
563,괴산,2022-08,6종,2364
564,연풍,2022-08,1종,86084
564,연풍,2022-08,2종,2841
564,연풍,2022-08,3종,6869
564,연풍,2022-08,4종,11815
564,연풍,2022-08,5종,9252
564,연풍,2022-08,6종,2185
565,문경새재,2022-08,1종,129378
565,문경새재,2022-08,2종,2828
565,문경새재,2022-08,3종,5785
565,문경새재,2022-08,4종,5752
565,문경새재,2022-08,5종,5249
565,문경새재,2022-08,6종,3564
566,점촌함창,2022-08,1종,132540
566,점촌함창,2022-08,2종,2812
566,점촌함창,2022-08,3종,6886
566,점촌함창,2022-08,4종,4804
566,점촌함창,2022-08,5종,5132
566,점촌함창,2022-08,6종,3871
567,남고창,2022-08,1종,162577
567,남고창,2022-08,2종,3571
567,남고창,2022-08,3종,4826
567,남고창,2022-08,4종,2279
567,남고창,2022-08,5종,3295
567,남고창,2022-08,6종,4914
568,장성물류,2022-08,1종,53598
568,장성물류,2022-08,2종,7554
568,장성물류,2022-08,3종,4945
568,장성물류,2022-08,4종,5966
568,장성물류,2022-08,5종,9714
568,장성물류,2022-08,6종,1374
569,북광주,2022-08,1종,510738
569,북광주,2022-08,2종,17197
569,북광주,2022-08,3종,16981
569,북광주,2022-08,4종,26352
569,북광주,2022-08,5종,38308
569,북광주,2022-08,6종,13382
570,북상주,2022-08,1종,144601
570,북상주,2022-08,2종,4702
570,북상주,2022-08,3종,8730
570,북상주,2022-08,4종,14249
570,북상주,2022-08,5종,7205
570,북상주,2022-08,6종,4223
571,면천,2022-08,1종,121632
571,면천,2022-08,2종,2365
571,면천,2022-08,3종,3403
571,면천,2022-08,4종,3940
571,면천,2022-08,5종,9303
571,면천,2022-08,6종,4699
572,고덕,2022-08,1종,162826
572,고덕,2022-08,2종,4036
572,고덕,2022-08,3종,6964
572,고덕,2022-08,4종,6153
572,고덕,2022-08,5종,9824
572,고덕,2022-08,6종,5828
573,예산수덕사,2022-08,1종,391625
573,예산수덕사,2022-08,2종,9918
573,예산수덕사,2022-08,3종,11107
573,예산수덕사,2022-08,4종,15557
573,예산수덕사,2022-08,5종,19579
573,예산수덕사,2022-08,6종,12969
574,신양,2022-08,1종,86870
574,신양,2022-08,2종,1974
574,신양,2022-08,3종,2114
574,신양,2022-08,4종,2079
574,신양,2022-08,5종,3569
574,신양,2022-08,6종,2634
575,유구,2022-08,1종,133258
575,유구,2022-08,2종,2449
575,유구,2022-08,3종,2756
575,유구,2022-08,4종,3072
575,유구,2022-08,5종,3816
575,유구,2022-08,6종,3940
576,마곡사,2022-08,1종,70693
576,마곡사,2022-08,2종,1197
576,마곡사,2022-08,3종,1272
576,마곡사,2022-08,4종,1328
576,마곡사,2022-08,5종,1484
576,마곡사,2022-08,6종,2371
577,공주,2022-08,1종,206937
577,공주,2022-08,2종,5051
577,공주,2022-08,3종,7939
577,공주,2022-08,4종,3558
577,공주,2022-08,5종,6149
577,공주,2022-08,6종,7594
578,서세종,2022-08,1종,353030
578,서세종,2022-08,2종,10247
578,서세종,2022-08,3종,9001
578,서세종,2022-08,4종,7235
578,서세종,2022-08,5종,10847
578,서세종,2022-08,6종,12058
579,남세종,2022-08,1종,552303
579,남세종,2022-08,2종,8461
579,남세종,2022-08,3종,8900
579,남세종,2022-08,4종,7557
579,남세종,2022-08,5종,12269
579,남세종,2022-08,6종,24423
580,북강릉,2022-08,1종,454929
580,북강릉,2022-08,2종,7550
580,북강릉,2022-08,3종,6798
580,북강릉,2022-08,4종,3279
580,북강릉,2022-08,5종,6906
580,북강릉,2022-08,6종,15995
581,옥계,2022-08,1종,123354
581,옥계,2022-08,2종,1892
581,옥계,2022-08,3종,1406
581,옥계,2022-08,4종,2426
581,옥계,2022-08,5종,20604
581,옥계,2022-08,6종,5405
582,망상,2022-08,1종,202882
582,망상,2022-08,2종,3081
582,망상,2022-08,3종,6600
582,망상,2022-08,4종,933
582,망상,2022-08,5종,3953
582,망상,2022-08,6종,9491
583,동해,2022-08,1종,397752
583,동해,2022-08,2종,6573
583,동해,2022-08,3종,11308
583,동해,2022-08,4종,4585
583,동해,2022-08,5종,32318
583,동해,2022-08,6종,19323
584,남강릉,2022-08,1종,198075
584,남강릉,2022-08,2종,5548
584,남강릉,2022-08,3종,4090
584,남강릉,2022-08,4종,2999
584,남강릉,2022-08,5종,6166
584,남강릉,2022-08,6종,9385
585,하조대,2022-08,1종,284850
585,하조대,2022-08,2종,3315
585,하조대,2022-08,3종,3861
585,하조대,2022-08,4종,1106
585,하조대,2022-08,5종,2150
585,하조대,2022-08,6종,9449
586,북남원,2022-08,1종,64205
586,북남원,2022-08,2종,1971
586,북남원,2022-08,3종,1382
586,북남원,2022-08,4종,1960
586,북남원,2022-08,5종,2619
586,북남원,2022-08,6종,1648
587,오수,2022-08,1종,188418
587,오수,2022-08,2종,3374
587,오수,2022-08,3종,7196
587,오수,2022-08,4종,6870
587,오수,2022-08,5종,13365
587,오수,2022-08,6종,4752
588,임실,2022-08,1종,74706
588,임실,2022-08,2종,1979
588,임실,2022-08,3종,2277
588,임실,2022-08,4종,1958
588,임실,2022-08,5종,4203
588,임실,2022-08,6종,2091
589,상관,2022-08,1종,232660
589,상관,2022-08,2종,3655
589,상관,2022-08,3종,10545
589,상관,2022-08,4종,6302
589,상관,2022-08,5종,28114
589,상관,2022-08,6종,5181
590,동전주,2022-08,1종,253655
590,동전주,2022-08,2종,3700
590,동전주,2022-08,3종,3091
590,동전주,2022-08,4종,2407
590,동전주,2022-08,5종,4371
590,동전주,2022-08,6종,7589
591,동서천,2022-08,1종,87184
591,동서천,2022-08,2종,1743
591,동서천,2022-08,3종,2948
591,동서천,2022-08,4종,4617
591,동서천,2022-08,5종,16714
591,동서천,2022-08,6종,2626
592,서부여,2022-08,1종,93396
592,서부여,2022-08,2종,1816
592,서부여,2022-08,3종,2991
592,서부여,2022-08,4종,1892
592,서부여,2022-08,5종,3148
592,서부여,2022-08,6종,3160
593,부여,2022-08,1종,115449
593,부여,2022-08,2종,1862
593,부여,2022-08,3종,3560
593,부여,2022-08,4종,3168
593,부여,2022-08,5종,4042
593,부여,2022-08,6종,3617
594,칠갑산,2022-08,1종,41225
594,칠갑산,2022-08,2종,724
594,칠갑산,2022-08,3종,1696
594,칠갑산,2022-08,4종,1432
594,칠갑산,2022-08,5종,1345
594,칠갑산,2022-08,6종,1224
595,서공주,2022-08,1종,180648
595,서공주,2022-08,2종,4132
595,서공주,2022-08,3종,4950
595,서공주,2022-08,4종,5201
595,서공주,2022-08,5종,8269
595,서공주,2022-08,6종,5527
596,가락2,2022-08,1종,32420
596,가락2,2022-08,2종,1882
596,가락2,2022-08,3종,2821
596,가락2,2022-08,4종,5086
596,가락2,2022-08,5종,8091
596,가락2,2022-08,6종,1487
597,서여주,2022-08,1종,210773
597,서여주,2022-08,2종,6705
597,서여주,2022-08,3종,12634
597,서여주,2022-08,4종,11317
597,서여주,2022-08,5종,13653
597,서여주,2022-08,6종,8848
598,북여주,2022-08,1종,269045
598,북여주,2022-08,2종,6743
598,북여주,2022-08,3종,10583
598,북여주,2022-08,4종,6748
598,북여주,2022-08,5종,8923
598,북여주,2022-08,6종,9905
599,양촌,2022-08,1종,83770
599,양촌,2022-08,2종,1363
599,양촌,2022-08,3종,232
599,양촌,2022-08,4종,12
599,양촌,2022-08,5종,20
599,양촌,2022-08,6종,2540
601,남천안,2022-08,1종,294068
601,남천안,2022-08,2종,9600
601,남천안,2022-08,3종,13728
601,남천안,2022-08,4종,16452
601,남천안,2022-08,5종,17861
601,남천안,2022-08,6종,10744
602,풍세상,2022-08,1종,1961502
602,풍세상,2022-08,2종,37616
602,풍세상,2022-08,3종,98626
602,풍세상,2022-08,4종,82766
602,풍세상,2022-08,5종,126408
602,풍세상,2022-08,6종,45466
603,정안,2022-08,1종,405019
603,정안,2022-08,2종,7444
603,정안,2022-08,3종,18933
603,정안,2022-08,4종,10426
603,정안,2022-08,5종,14459
603,정안,2022-08,6종,13014
604,남공주,2022-08,1종,102282
604,남공주,2022-08,2종,3718
604,남공주,2022-08,3종,4576
604,남공주,2022-08,4종,3498
604,남공주,2022-08,5종,8198
604,남공주,2022-08,6종,3197
605,탄천,2022-08,1종,36984
605,탄천,2022-08,2종,2070
605,탄천,2022-08,3종,1746
605,탄천,2022-08,4종,3104
605,탄천,2022-08,5종,6640
605,탄천,2022-08,6종,1438
606,서논산,2022-08,1종,168753
606,서논산,2022-08,2종,6391
606,서논산,2022-08,3종,10014
606,서논산,2022-08,4종,11816
606,서논산,2022-08,5종,13627
606,서논산,2022-08,6종,5120
607,연무,2022-08,1종,199201
607,연무,2022-08,2종,6340
607,연무,2022-08,3종,12038
607,연무,2022-08,4종,13145
607,연무,2022-08,5종,11917
607,연무,2022-08,6종,5508
608,남논산하,2022-08,1종,1187658
608,남논산하,2022-08,2종,19042
608,남논산하,2022-08,3종,60198
608,남논산하,2022-08,4종,44238
608,남논산하,2022-08,5종,81624
608,남논산하,2022-08,6종,22318
612,풍세하,2022-08,1종,1799400
612,풍세하,2022-08,2종,34570
612,풍세하,2022-08,3종,95038
612,풍세하,2022-08,4종,68300
612,풍세하,2022-08,5종,99078
612,풍세하,2022-08,6종,41860
613,남풍세,2022-08,1종,740401
613,남풍세,2022-08,2종,25400
613,남풍세,2022-08,3종,47249
613,남풍세,2022-08,4종,67240
613,남풍세,2022-08,5종,98777
613,남풍세,2022-08,6종,23448
618,남논산상,2022-08,1종,1212090
618,남논산상,2022-08,2종,18526
618,남논산상,2022-08,3종,59558
618,남논산상,2022-08,4종,44126
618,남논산상,2022-08,5종,88146
618,남논산상,2022-08,6종,22808
621,동대구,2022-08,1종,899213
621,동대구,2022-08,2종,21540
621,동대구,2022-08,3종,27881
621,동대구,2022-08,4종,19101
621,동대구,2022-08,5종,24365
621,동대구,2022-08,6종,38575
622,대구,2022-08,1종,1597450
622,대구,2022-08,2종,40432
622,대구,2022-08,3종,35332
622,대구,2022-08,4종,55108
622,대구,2022-08,5종,117762
622,대구,2022-08,6종,47224
623,수성,2022-08,1종,1033876
623,수성,2022-08,2종,19048
623,수성,2022-08,3종,13724
623,수성,2022-08,4종,10586
623,수성,2022-08,5종,13303
623,수성,2022-08,6종,40687
624,청도,2022-08,1종,360015
624,청도,2022-08,2종,8995
624,청도,2022-08,3종,9347
624,청도,2022-08,4종,9442
624,청도,2022-08,5종,10592
624,청도,2022-08,6종,13527
625,밀양,2022-08,1종,474809
625,밀양,2022-08,2종,10548
625,밀양,2022-08,3종,10157
625,밀양,2022-08,4종,9903
625,밀양,2022-08,5종,15496
625,밀양,2022-08,6종,18342
626,남밀양,2022-08,1종,507297
626,남밀양,2022-08,2종,16584
626,남밀양,2022-08,3종,15330
626,남밀양,2022-08,4종,14673
626,남밀양,2022-08,5종,20205
626,남밀양,2022-08,6종,24446
627,삼랑진,2022-08,1종,284672
627,삼랑진,2022-08,2종,7847
627,삼랑진,2022-08,3종,9412
627,삼랑진,2022-08,4종,8376
627,삼랑진,2022-08,5종,24879
627,삼랑진,2022-08,6종,15253
628,상동,2022-08,1종,145921
628,상동,2022-08,2종,19587
628,상동,2022-08,3종,13602
628,상동,2022-08,4종,19992
628,상동,2022-08,5종,13347
628,상동,2022-08,6종,7678
629,김해부산,2022-08,1종,1377780
629,김해부산,2022-08,2종,43974
629,김해부산,2022-08,3종,32778
629,김해부산,2022-08,4종,51330
629,김해부산,2022-08,5종,113822
629,김해부산,2022-08,6종,43700
641,울산,2022-08,1종,1185630
641,울산,2022-08,2종,28003
641,울산,2022-08,3종,41583
641,울산,2022-08,4종,26748
641,울산,2022-08,5종,59263
641,울산,2022-08,6종,55784
642,문수,2022-08,1종,299237
642,문수,2022-08,2종,6776
642,문수,2022-08,3종,11642
642,문수,2022-08,4종,11686
642,문수,2022-08,5종,16256
642,문수,2022-08,6종,15395
643,청량,2022-08,1종,858243
643,청량,2022-08,2종,16255
643,청량,2022-08,3종,28134
643,청량,2022-08,4종,43921
643,청량,2022-08,5종,190169
643,청량,2022-08,6종,44942
644,온양,2022-08,1종,196497
644,온양,2022-08,2종,5097
644,온양,2022-08,3종,4011
644,온양,2022-08,4종,3690
644,온양,2022-08,5종,12486
644,온양,2022-08,6종,12261
645,장안,2022-08,1종,416142
645,장안,2022-08,2종,8289
645,장안,2022-08,3종,11073
645,장안,2022-08,4종,11404
645,장안,2022-08,5종,19378
645,장안,2022-08,6종,21256
646,기장일광,2022-08,1종,622367
646,기장일광,2022-08,2종,4578
646,기장일광,2022-08,3종,7097
646,기장일광,2022-08,4종,7884
646,기장일광,2022-08,5종,35584
646,기장일광,2022-08,6종,30647
647,해운대송정,2022-08,1종,293421
647,해운대송정,2022-08,2종,2748
647,해운대송정,2022-08,3종,2068
647,해운대송정,2022-08,4종,1897
647,해운대송정,2022-08,5종,2343
647,해운대송정,2022-08,6종,15277
648,해운대,2022-08,1종,1382451
648,해운대,2022-08,2종,11256
648,해운대,2022-08,3종,13178
648,해운대,2022-08,4종,10706
648,해운대,2022-08,5종,50694
648,해운대,2022-08,6종,67035
651,남양주,2022-08,1종,2676905
651,남양주,2022-08,2종,40846
651,남양주,2022-08,3종,61672
651,남양주,2022-08,4종,35390
651,남양주,2022-08,5종,23503
651,남양주,2022-08,6종,114710
652,화도,2022-08,1종,1489836
652,화도,2022-08,2종,33646
652,화도,2022-08,3종,32611
652,화도,2022-08,4종,29823
652,화도,2022-08,5종,18384
652,화도,2022-08,6종,81731
653,서종,2022-08,1종,297128
653,서종,2022-08,2종,2517
653,서종,2022-08,3종,1388
653,서종,2022-08,4종,1023
653,서종,2022-08,5종,1283
653,서종,2022-08,6종,13240
654,설악,2022-08,1종,512201
654,설악,2022-08,2종,4190
654,설악,2022-08,3종,6757
654,설악,2022-08,4종,2112
654,설악,2022-08,5종,2548
654,설악,2022-08,6종,19485
655,강촌,2022-08,1종,284916
655,강촌,2022-08,2종,3541
655,강촌,2022-08,3종,7522
655,강촌,2022-08,4종,2672
655,강촌,2022-08,5종,3001
655,강촌,2022-08,6종,10119
656,남춘천,2022-08,1종,268138
656,남춘천,2022-08,2종,2913
656,남춘천,2022-08,3종,4109
656,남춘천,2022-08,4종,2290
656,남춘천,2022-08,5종,6937
656,남춘천,2022-08,6종,8461
657,동산,2022-08,1종,1509224
657,동산,2022-08,2종,19308
657,동산,2022-08,3종,34924
657,동산,2022-08,4종,9390
657,동산,2022-08,5종,19282
657,동산,2022-08,6종,54782
658,조양,2022-08,1종,39635
658,조양,2022-08,2종,599
658,조양,2022-08,3종,1177
658,조양,2022-08,4종,832
658,조양,2022-08,5종,1630
658,조양,2022-08,6종,1623
671,봉담,2022-08,1종,1438630
671,봉담,2022-08,2종,40492
671,봉담,2022-08,3종,37137
671,봉담,2022-08,4종,27300
671,봉담,2022-08,5종,34137
671,봉담,2022-08,6종,83975
672,정남,2022-08,1종,418478
672,정남,2022-08,2종,20521
672,정남,2022-08,3종,11765
672,정남,2022-08,4종,13387
672,정남,2022-08,5종,12249
672,정남,2022-08,6종,25074
673,북오산,2022-08,1종,1251698
673,북오산,2022-08,2종,29664
673,북오산,2022-08,3종,38833
673,북오산,2022-08,4종,19297
673,북오산,2022-08,5종,13878
673,북오산,2022-08,6종,75173
675,서오산,2022-08,1종,1223702
675,서오산,2022-08,2종,25253
675,서오산,2022-08,3종,29273
675,서오산,2022-08,4종,16711
675,서오산,2022-08,5종,19094
675,서오산,2022-08,6종,66770
676,향남,2022-08,1종,501244
676,향남,2022-08,2종,28566
676,향남,2022-08,3종,20644
676,향남,2022-08,4종,19629
676,향남,2022-08,5종,13498
676,향남,2022-08,6종,30916
677,북평택,2022-08,1종,2311003
677,북평택,2022-08,2종,52873
677,북평택,2022-08,3종,80232
677,북평택,2022-08,4종,56953
677,북평택,2022-08,5종,55499
677,북평택,2022-08,6종,108664
681,장안본선,2022-08,1종,1203746
681,장안본선,2022-08,2종,66438
681,장안본선,2022-08,3종,157762
681,장안본선,2022-08,4종,83842
681,장안본선,2022-08,5종,197554
681,장안본선,2022-08,6종,47966
682,조암,2022-08,1종,338542
682,조암,2022-08,2종,32039
682,조암,2022-08,3종,34274
682,조암,2022-08,4종,31856
682,조암,2022-08,5종,40406
682,조암,2022-08,6종,16061
683,송산마도,2022-08,1종,822301
683,송산마도,2022-08,2종,38697
683,송산마도,2022-08,3종,33507
683,송산마도,2022-08,4종,30855
683,송산마도,2022-08,5종,88034
683,송산마도,2022-08,6종,39470
684,남안산,2022-08,1종,743541
684,남안산,2022-08,2종,61105
684,남안산,2022-08,3종,57148
684,남안산,2022-08,4종,66141
684,남안산,2022-08,5종,83804
684,남안산,2022-08,6종,38663
685,서시흥,2022-08,1종,1468911
685,서시흥,2022-08,2종,65555
685,서시흥,2022-08,3종,86054
685,서시흥,2022-08,4종,91620
685,서시흥,2022-08,5종,201048
685,서시흥,2022-08,6종,66605
701,북양양,2022-08,1종,349290
701,북양양,2022-08,2종,4430
701,북양양,2022-08,3종,4411
701,북양양,2022-08,4종,1366
701,북양양,2022-08,5종,2846
701,북양양,2022-08,6종,11572
702,속초,2022-08,1종,522430
702,속초,2022-08,2종,6591
702,속초,2022-08,3종,6838
702,속초,2022-08,4종,3539
702,속초,2022-08,5종,6390
702,속초,2022-08,6종,14347
703,삼척,2022-08,1종,218735
703,삼척,2022-08,2종,3322
703,삼척,2022-08,3종,5722
703,삼척,2022-08,4종,2343
703,삼척,2022-08,5종,4476
703,삼척,2022-08,6종,9887
704,근덕,2022-08,1종,305283
704,근덕,2022-08,2종,3736
704,근덕,2022-08,3종,4726
704,근덕,2022-08,4종,3425
704,근덕,2022-08,5종,15304
704,근덕,2022-08,6종,10508
705,남이천,2022-08,1종,313153
705,남이천,2022-08,2종,17326
705,남이천,2022-08,3종,16303
705,남이천,2022-08,4종,29835
705,남이천,2022-08,5종,23829
705,남이천,2022-08,6종,11789
706,남경주,2022-08,1종,336456
706,남경주,2022-08,2종,4932
706,남경주,2022-08,3종,8790
706,남경주,2022-08,4종,5990
706,남경주,2022-08,5종,17285
706,남경주,2022-08,6종,14289
707,남포항,2022-08,1종,534434
707,남포항,2022-08,2종,7121
707,남포항,2022-08,3종,12156
707,남포항,2022-08,4종,10720
707,남포항,2022-08,5종,88204
707,남포항,2022-08,6종,20274
708,동경주,2022-08,1종,202154
708,동경주,2022-08,2종,2059
708,동경주,2022-08,3종,1955
708,동경주,2022-08,4종,1354
708,동경주,2022-08,5종,11783
708,동경주,2022-08,6종,8312
710,밀양출구JC,2022-08,1종,108598
710,밀양출구JC,2022-08,2종,4601
710,밀양출구JC,2022-08,3종,8446
710,밀양출구JC,2022-08,4종,4221
710,밀양출구JC,2022-08,5종,9758
710,밀양출구JC,2022-08,6종,4108
711,불갑산(목포),2022-08,1종,17741
711,불갑산(목포),2022-08,2종,184
711,불갑산(목포),2022-08,3종,205
711,불갑산(목포),2022-08,4종,22
711,불갑산(목포),2022-08,5종,116
711,불갑산(목포),2022-08,6종,347
712,동상주,2022-08,1종,90376
712,동상주,2022-08,2종,2457
712,동상주,2022-08,3종,4305
712,동상주,2022-08,4종,4215
712,동상주,2022-08,5종,3184
712,동상주,2022-08,6종,2592
713,서의성,2022-08,1종,64378
713,서의성,2022-08,2종,1507
713,서의성,2022-08,3종,3096
713,서의성,2022-08,4종,3107
713,서의성,2022-08,5종,2229
713,서의성,2022-08,6종,2435
714,북의성,2022-08,1종,59573
714,북의성,2022-08,2종,1424
714,북의성,2022-08,3종,1572
714,북의성,2022-08,4종,1253
714,북의성,2022-08,5종,2336
714,북의성,2022-08,6종,1998
715,동안동,2022-08,1종,149241
715,동안동,2022-08,2종,1951
715,동안동,2022-08,3종,2302
715,동안동,2022-08,4종,1211
715,동안동,2022-08,5종,3251
715,동안동,2022-08,6종,5004
716,청송,2022-08,1종,172767
716,청송,2022-08,2종,2655
716,청송,2022-08,3종,2262
716,청송,2022-08,4종,1822
716,청송,2022-08,5종,2054
716,청송,2022-08,6종,5710
720,밀양입구JC,2022-08,1종,108384
720,밀양입구JC,2022-08,2종,4023
720,밀양입구JC,2022-08,3종,9598
720,밀양입구JC,2022-08,4종,3716
720,밀양입구JC,2022-08,5종,9824
720,밀양입구JC,2022-08,6종,4361
722,활천,2022-08,1종,91957
722,활천,2022-08,2종,6583
722,활천,2022-08,3종,9875
722,활천,2022-08,4종,10545
722,활천,2022-08,5종,15496
722,활천,2022-08,6종,3254
723,북구미,2022-08,1종,247181
723,북구미,2022-08,2종,4053
723,북구미,2022-08,3종,1307
723,북구미,2022-08,4종,387
723,북구미,2022-08,5종,551
723,북구미,2022-08,6종,10941
724,서함양,2022-08,1종,16106
724,서함양,2022-08,2종,236
724,서함양,2022-08,3종,95
724,서함양,2022-08,4종,9
724,서함양,2022-08,5종,16
724,서함양,2022-08,6종,429
725,임고,2022-08,1종,41143
725,임고,2022-08,2종,255
725,임고,2022-08,3종,110
725,임고,2022-08,4종,31
725,임고,2022-08,5종,84
725,임고,2022-08,6종,877
729,신둔,2022-08,1종,37179
729,신둔,2022-08,2종,3916
729,신둔,2022-08,3종,459
729,신둔,2022-08,4종,0
729,신둔,2022-08,5종,0
729,신둔,2022-08,6종,2149
730,유천,2022-08,1종,427127
730,유천,2022-08,2종,7895
730,유천,2022-08,3종,1646
730,유천,2022-08,4종,210
730,유천,2022-08,5종,838
730,유천,2022-08,6종,21854
731,북현풍,2022-08,1종,154893
731,북현풍,2022-08,2종,2488
731,북현풍,2022-08,3종,942
731,북현풍,2022-08,4종,6
731,북현풍,2022-08,5종,604
731,북현풍,2022-08,6종,8603
732,행담도,2022-08,1종,28980
732,행담도,2022-08,2종,509
732,행담도,2022-08,3종,172
732,행담도,2022-08,4종,130
732,행담도,2022-08,5종,73
732,행담도,2022-08,6종,1371
733,옥산,2022-08,1종,154006
733,옥산,2022-08,2종,5115
733,옥산,2022-08,3종,1314
733,옥산,2022-08,4종,82
733,옥산,2022-08,5종,66
733,옥산,2022-08,6종,5499
734,동둔내,2022-08,1종,7177
734,동둔내,2022-08,2종,37
734,동둔내,2022-08,3종,5
734,동둔내,2022-08,4종,2
734,동둔내,2022-08,5종,1
734,동둔내,2022-08,6종,105
735,남양평,2022-08,1종,150267
735,남양평,2022-08,2종,2393
735,남양평,2022-08,3종,744
735,남양평,2022-08,4종,86
735,남양평,2022-08,5종,46
735,남양평,2022-08,6종,5649
736,삼성,2022-08,1종,116169
736,삼성,2022-08,2종,8927
736,삼성,2022-08,3종,441
736,삼성,2022-08,4종,69
736,삼성,2022-08,5종,38
736,삼성,2022-08,6종,3903
741,평택고덕,2022-08,1종,549924
741,평택고덕,2022-08,2종,10713
741,평택고덕,2022-08,3종,51965
741,평택고덕,2022-08,4종,15508
741,평택고덕,2022-08,5종,23311
741,평택고덕,2022-08,6종,34223
742,남사진위,2022-08,1종,503141
742,남사진위,2022-08,2종,14626
742,남사진위,2022-08,3종,27791
742,남사진위,2022-08,4종,38169
742,남사진위,2022-08,5종,17938
742,남사진위,2022-08,6종,23072
746,기장일광입구,2022-08,1종,214359
746,기장일광입구,2022-08,2종,3282
746,기장일광입구,2022-08,3종,309
746,기장일광입구,2022-08,4종,33
746,기장일광입구,2022-08,5종,83
746,기장일광입구,2022-08,6종,11839
747,척과구룡,2022-08,1종,83231
747,척과구룡,2022-08,2종,5111
747,척과구룡,2022-08,3종,9256
747,척과구룡,2022-08,4종,5886
747,척과구룡,2022-08,5종,11780
747,척과구룡,2022-08,6종,3568
748,동청송영양,2022-08,1종,103621
748,동청송영양,2022-08,2종,1534
748,동청송영양,2022-08,3종,1438
748,동청송영양,2022-08,4종,948
748,동청송영양,2022-08,5종,1555
748,동청송영양,2022-08,6종,2740
749,영덕,2022-08,1종,330604
749,영덕,2022-08,2종,3192
749,영덕,2022-08,3종,4894
749,영덕,2022-08,4종,2465
749,영덕,2022-08,5종,7116
749,영덕,2022-08,6종,8217
750,기장동JC,2022-08,1종,403461
750,기장동JC,2022-08,2종,9964
750,기장동JC,2022-08,3종,15558
750,기장동JC,2022-08,4종,5615
750,기장동JC,2022-08,5종,37348
750,기장동JC,2022-08,6종,22916
751,기장일광(KEC),2022-08,1종,323100
751,기장일광(KEC),2022-08,2종,4350
751,기장일광(KEC),2022-08,3종,3664
751,기장일광(KEC),2022-08,4종,4201
751,기장일광(KEC),2022-08,5종,16328
751,기장일광(KEC),2022-08,6종,19605
752,기장철마,2022-08,1종,691811
752,기장철마,2022-08,2종,13930
752,기장철마,2022-08,3종,10816
752,기장철마,2022-08,4종,10066
752,기장철마,2022-08,5종,29314
752,기장철마,2022-08,6종,41085
753,금정,2022-08,1종,300210
753,금정,2022-08,2종,9082
753,금정,2022-08,3종,9625
753,금정,2022-08,4종,8075
753,금정,2022-08,5종,14254
753,금정,2022-08,6종,16200
754,김해가야휴게소,2022-08,1종,75156
754,김해가야휴게소,2022-08,2종,1811
754,김해가야휴게소,2022-08,3종,34
754,김해가야휴게소,2022-08,4종,1
754,김해가야휴게소,2022-08,5종,0
754,김해가야휴게소,2022-08,6종,3711
755,광재,2022-08,1종,431589
755,광재,2022-08,2종,20542
755,광재,2022-08,3종,19507
755,광재,2022-08,4종,17296
755,광재,2022-08,5종,36583
755,광재,2022-08,6종,23842
756,한림,2022-08,1종,117699
756,한림,2022-08,2종,8039
756,한림,2022-08,3종,8686
756,한림,2022-08,4종,6621
756,한림,2022-08,5종,14627
756,한림,2022-08,6종,5224
757,진영,2022-08,1종,265077
757,진영,2022-08,2종,12831
757,진영,2022-08,3종,16267
757,진영,2022-08,4종,18608
757,진영,2022-08,5종,26752
757,진영,2022-08,6종,13542
758,진영휴게소,2022-08,1종,448
758,진영휴게소,2022-08,2종,6
758,진영휴게소,2022-08,3종,1
758,진영휴게소,2022-08,4종,4
758,진영휴게소,2022-08,5종,33
758,진영휴게소,2022-08,6종,22
760,기장서JC,2022-08,1종,709283
760,기장서JC,2022-08,2종,17856
760,기장서JC,2022-08,3종,20576
760,기장서JC,2022-08,4종,7613
760,기장서JC,2022-08,5종,58135
760,기장서JC,2022-08,6종,40513
762,중앙탑,2022-08,1종,48425
762,중앙탑,2022-08,2종,900
762,중앙탑,2022-08,3종,45
762,중앙탑,2022-08,4종,3
762,중앙탑,2022-08,5종,4
762,중앙탑,2022-08,6종,2483
765,내촌,2022-08,1종,55421
765,내촌,2022-08,2종,817
765,내촌,2022-08,3종,624
765,내촌,2022-08,4종,489
765,내촌,2022-08,5종,910
765,내촌,2022-08,6종,2298
766,인제,2022-08,1종,118336
766,인제,2022-08,2종,2198
766,인제,2022-08,3종,1744
766,인제,2022-08,4종,1110
766,인제,2022-08,5종,1292
766,인제,2022-08,6종,4634
767,구병산,2022-08,1종,5875
767,구병산,2022-08,2종,43
767,구병산,2022-08,3종,18
767,구병산,2022-08,4종,1
767,구병산,2022-08,5종,0
767,구병산,2022-08,6종,357
768,서양양,2022-08,1종,20667
768,서양양,2022-08,2종,109
768,서양양,2022-08,3종,161
768,서양양,2022-08,4종,52
768,서양양,2022-08,5종,177
768,서양양,2022-08,6종,416
770,울주동JC,2022-08,1종,209828
770,울주동JC,2022-08,2종,7056
770,울주동JC,2022-08,3종,18851
770,울주동JC,2022-08,4종,5932
770,울주동JC,2022-08,5종,27027
770,울주동JC,2022-08,6종,9725
771,배내골,2022-08,1종,119210
771,배내골,2022-08,2종,426
771,배내골,2022-08,3종,408
771,배내골,2022-08,4종,168
771,배내골,2022-08,5종,167
771,배내골,2022-08,6종,4679
772,북달성,2022-08,1종,397615
772,북달성,2022-08,2종,12054
772,북달성,2022-08,3종,18326
772,북달성,2022-08,4종,17280
772,북달성,2022-08,5종,12243
772,북달성,2022-08,6종,18597
773,북다사,2022-08,1종,220401
773,북다사,2022-08,2종,5571
773,북다사,2022-08,3종,4950
773,북다사,2022-08,4종,4989
773,북다사,2022-08,5종,5455
773,북다사,2022-08,6종,10658
774,남칠곡,2022-08,1종,344308
774,남칠곡,2022-08,2종,7469
774,남칠곡,2022-08,3종,7327
774,남칠곡,2022-08,4종,5658
774,남칠곡,2022-08,5종,5433
774,남칠곡,2022-08,6종,16470
775,동명동호,2022-08,1종,387098
775,동명동호,2022-08,2종,7228
775,동명동호,2022-08,3종,5508
775,동명동호,2022-08,4종,5454
775,동명동호,2022-08,5종,16214
775,동명동호,2022-08,6종,12774
776,연경,2022-08,1종,701862
776,연경,2022-08,2종,12794
776,연경,2022-08,3종,8717
776,연경,2022-08,4종,8008
776,연경,2022-08,5종,14206
776,연경,2022-08,6종,37763
777,파군재,2022-08,1종,378579
777,파군재,2022-08,2종,3143
777,파군재,2022-08,3종,2051
777,파군재,2022-08,4종,1499
777,파군재,2022-08,5종,1489
777,파군재,2022-08,6종,23073
778,둔산,2022-08,1종,54292
778,둔산,2022-08,2종,2108
778,둔산,2022-08,3종,1178
778,둔산,2022-08,4종,993
778,둔산,2022-08,5종,603
778,둔산,2022-08,6종,2892
779,율암,2022-08,1종,566537
779,율암,2022-08,2종,7443
779,율암,2022-08,3종,4943
779,율암,2022-08,4종,6252
779,율암,2022-08,5종,10433
779,율암,2022-08,6종,34868
780,울주서JC,2022-08,1종,218646
780,울주서JC,2022-08,2종,7079
780,울주서JC,2022-08,3종,15867
780,울주서JC,2022-08,4종,5954
780,울주서JC,2022-08,5종,27286
780,울주서JC,2022-08,6종,10426
876,양감,2022-08,1종,304157
876,양감,2022-08,2종,14889
876,양감,2022-08,3종,14728
876,양감,2022-08,4종,16044
876,양감,2022-08,5종,16323
876,양감,2022-08,6종,19425
981,서영암,2022-08,1종,345130
981,서영암,2022-08,2종,4621
981,서영암,2022-08,3종,9100
981,서영암,2022-08,4종,8049
981,서영암,2022-08,5종,18988
981,서영암,2022-08,6종,9165
982,강진무위사,2022-08,1종,221563
982,강진무위사,2022-08,2종,3388
982,강진무위사,2022-08,3종,6078
982,강진무위사,2022-08,4종,4813
982,강진무위사,2022-08,5종,6927
982,강진무위사,2022-08,6종,5631
983,장흥,2022-08,1종,124974
983,장흥,2022-08,2종,1875
983,장흥,2022-08,3종,2055
983,장흥,2022-08,4종,1206
983,장흥,2022-08,5종,2333
983,장흥,2022-08,6종,3525
984,보성,2022-08,1종,265250
984,보성,2022-08,2종,5455
984,보성,2022-08,3종,6279
984,보성,2022-08,4종,5494
984,보성,2022-08,5종,15062
984,보성,2022-08,6종,6358
985,벌교,2022-08,1종,177014
985,벌교,2022-08,2종,3731
985,벌교,2022-08,3종,3557
985,벌교,2022-08,4종,2680
985,벌교,2022-08,5종,4886
985,벌교,2022-08,6종,4332
986,고흥,2022-08,1종,267646
986,고흥,2022-08,2종,3446
986,고흥,2022-08,3종,5546
986,고흥,2022-08,4종,5258
986,고흥,2022-08,5종,9383
986,고흥,2022-08,6종,7554
987,남순천,2022-08,1종,683837
987,남순천,2022-08,2종,9106
987,남순천,2022-08,3종,16628
987,남순천,2022-08,4종,15129
987,남순천,2022-08,5종,42810
987,남순천,2022-08,6종,17428
11,인천,2022-09,1종,4264119
11,인천,2022-09,2종,99522
11,인천,2022-09,3종,59330
11,인천,2022-09,4종,65033
11,인천,2022-09,5종,124689
11,인천,2022-09,6종,290549
12,서영암(개),2022-09,1종,80075
12,서영암(개),2022-09,2종,952
12,서영암(개),2022-09,3종,1166
12,서영암(개),2022-09,4종,1083
12,서영암(개),2022-09,5종,4783
12,서영암(개),2022-09,6종,2800
13,순천만,2022-09,1종,198745
13,순천만,2022-09,2종,4330
13,순천만,2022-09,3종,4902
13,순천만,2022-09,4종,3158
13,순천만,2022-09,5종,8912
13,순천만,2022-09,6종,7120
25,동부산,2022-09,1종,494446
25,동부산,2022-09,2종,1982
25,동부산,2022-09,3종,5689
25,동부산,2022-09,4종,1969
25,동부산,2022-09,5종,5397
25,동부산,2022-09,6종,11110
29,가락(개),2022-09,1종,913283
29,가락(개),2022-09,2종,18661
29,가락(개),2022-09,3종,19270
29,가락(개),2022-09,4종,19307
29,가락(개),2022-09,5종,107236
29,가락(개),2022-09,6종,62704
53,남인천,2022-09,1종,2209990
53,남인천,2022-09,2종,44716
53,남인천,2022-09,3종,40360
53,남인천,2022-09,4종,26164
53,남인천,2022-09,5종,54860
53,남인천,2022-09,6종,136502
56,일로,2022-09,1종,43834
56,일로,2022-09,2종,878
56,일로,2022-09,3종,517
56,일로,2022-09,4종,788
56,일로,2022-09,5종,1664
56,일로,2022-09,6종,1849
57,다사,2022-09,1종,69965
57,다사,2022-09,2종,974
57,다사,2022-09,3종,1042
57,다사,2022-09,4종,441
57,다사,2022-09,5종,589
57,다사,2022-09,6종,4823
58,지천,2022-09,1종,51801
58,지천,2022-09,2종,851
58,지천,2022-09,3종,700
58,지천,2022-09,4종,444
58,지천,2022-09,5종,948
58,지천,2022-09,6종,2333
61,성남,2022-09,1종,5016269
61,성남,2022-09,2종,137719
61,성남,2022-09,3종,129635
61,성남,2022-09,4종,108325
61,성남,2022-09,5종,93358
61,성남,2022-09,6종,261482
62,구리남양주,2022-09,1종,5230250
62,구리남양주,2022-09,2종,160341
62,구리남양주,2022-09,3종,127665
62,구리남양주,2022-09,4종,140750
62,구리남양주,2022-09,5종,108865
62,구리남양주,2022-09,6종,298338
63,토평,2022-09,1종,763191
63,토평,2022-09,2종,21776
63,토평,2022-09,3종,14112
63,토평,2022-09,4종,17637
63,토평,2022-09,5종,18155
63,토평,2022-09,6종,45137
64,청계,2022-09,1종,4476102
64,청계,2022-09,2종,99305
64,청계,2022-09,3종,109482
64,청계,2022-09,4종,58507
64,청계,2022-09,5종,71669
64,청계,2022-09,6종,249300
65,판교,2022-09,1종,2353569
65,판교,2022-09,2종,25537
65,판교,2022-09,3종,122422
65,판교,2022-09,4종,9467
65,판교,2022-09,5종,10371
65,판교,2022-09,6종,99469
66,하남,2022-09,1종,978750
66,하남,2022-09,2종,24269
66,하남,2022-09,3종,11892
66,하남,2022-09,4종,13043
66,하남,2022-09,5종,12761
66,하남,2022-09,6종,52968
67,시흥,2022-09,1종,4183081
67,시흥,2022-09,2종,106360
67,시흥,2022-09,3종,94983
67,시흥,2022-09,4종,95714
67,시흥,2022-09,5종,92348
67,시흥,2022-09,6종,232843
68,김포,2022-09,1종,5005996
68,김포,2022-09,2종,136996
68,김포,2022-09,3종,95714
68,김포,2022-09,4종,89606
68,김포,2022-09,5종,132537
68,김포,2022-09,6종,316566
69,대왕판교,2022-09,1종,188265
69,대왕판교,2022-09,2종,1749
69,대왕판교,2022-09,3종,643
69,대왕판교,2022-09,4종,36
69,대왕판교,2022-09,5종,14
69,대왕판교,2022-09,6종,7221
74,덕소삼패,2022-09,1종,440564
74,덕소삼패,2022-09,2종,8100
74,덕소삼패,2022-09,3종,5977
74,덕소삼패,2022-09,4종,7109
74,덕소삼패,2022-09,5종,12206
74,덕소삼패,2022-09,6종,29394
91,대동(개),2022-09,1종,97887
91,대동(개),2022-09,2종,4338
91,대동(개),2022-09,3종,3705
91,대동(개),2022-09,4종,15511
91,대동(개),2022-09,5종,5556
91,대동(개),2022-09,6종,5044
92,내서,2022-09,1종,225734
92,내서,2022-09,2종,6446
92,내서,2022-09,3종,10126
92,내서,2022-09,4종,4593
92,내서,2022-09,5종,11090
92,내서,2022-09,6종,16854
101,서울,2022-09,1종,5396005
101,서울,2022-09,2종,141676
101,서울,2022-09,3종,498067
101,서울,2022-09,4종,124166
101,서울,2022-09,5종,66101
101,서울,2022-09,6종,208929
102,동수원,2022-09,1종,2186593
102,동수원,2022-09,2종,26338
102,동수원,2022-09,3종,64489
102,동수원,2022-09,4종,9948
102,동수원,2022-09,5종,10744
102,동수원,2022-09,6종,108328
103,수원신갈,2022-09,1종,2307369
103,수원신갈,2022-09,2종,77406
103,수원신갈,2022-09,3종,140807
103,수원신갈,2022-09,4종,58918
103,수원신갈,2022-09,5종,29786
103,수원신갈,2022-09,6종,102131
104,지곡,2022-09,1종,52220
104,지곡,2022-09,2종,1444
104,지곡,2022-09,3종,1838
104,지곡,2022-09,4종,2559
104,지곡,2022-09,5종,2641
104,지곡,2022-09,6종,1596
105,기흥,2022-09,1종,771297
105,기흥,2022-09,2종,13642
105,기흥,2022-09,3종,24856
105,기흥,2022-09,4종,10540
105,기흥,2022-09,5종,6563
105,기흥,2022-09,6종,36851
106,오산,2022-09,1종,1209226
106,오산,2022-09,2종,69645
106,오산,2022-09,3종,76134
106,오산,2022-09,4종,53733
106,오산,2022-09,5종,28964
106,오산,2022-09,6종,66464
107,안성,2022-09,1종,1166812
107,안성,2022-09,2종,28001
107,안성,2022-09,3종,39635
107,안성,2022-09,4종,17707
107,안성,2022-09,5종,10910
107,안성,2022-09,6종,67888
108,천안,2022-09,1종,1768085
108,천안,2022-09,2종,35001
108,천안,2022-09,3종,80694
108,천안,2022-09,4종,33374
108,천안,2022-09,5종,36051
108,천안,2022-09,6종,82329
109,계룡,2022-09,1종,178357
109,계룡,2022-09,2종,9975
109,계룡,2022-09,3종,10426
109,계룡,2022-09,4종,10699
109,계룡,2022-09,5종,8716
109,계룡,2022-09,6종,9298
110,독립기념관,2022-09,1종,363544
110,독립기념관,2022-09,2종,14775
110,독립기념관,2022-09,3종,22830
110,독립기념관,2022-09,4종,29090
110,독립기념관,2022-09,5종,22319
110,독립기념관,2022-09,6종,15113
111,청주,2022-09,1종,602566
111,청주,2022-09,2종,15030
111,청주,2022-09,3종,41580
111,청주,2022-09,4종,21254
111,청주,2022-09,5종,25138
111,청주,2022-09,6종,24474
112,남청주,2022-09,1종,580460
112,남청주,2022-09,2종,32253
112,남청주,2022-09,3종,27807
112,남청주,2022-09,4종,41957
112,남청주,2022-09,5종,55255
112,남청주,2022-09,6종,22003
113,신탄진,2022-09,1종,777725
113,신탄진,2022-09,2종,29178
113,신탄진,2022-09,3종,25026
113,신탄진,2022-09,4종,45352
113,신탄진,2022-09,5종,61033
113,신탄진,2022-09,6종,37489
114,남대전,2022-09,1종,427290
114,남대전,2022-09,2종,13859
114,남대전,2022-09,3종,19661
114,남대전,2022-09,4종,30449
114,남대전,2022-09,5종,11546
114,남대전,2022-09,6종,20205
115,대전,2022-09,1종,1488309
115,대전,2022-09,2종,31573
115,대전,2022-09,3종,50755
115,대전,2022-09,4종,14117
115,대전,2022-09,5종,18489
115,대전,2022-09,6종,75597
116,옥천,2022-09,1종,528721
116,옥천,2022-09,2종,18107
116,옥천,2022-09,3종,16902
116,옥천,2022-09,4종,29983
116,옥천,2022-09,5종,28941
116,옥천,2022-09,6종,26273
117,금강,2022-09,1종,50849
117,금강,2022-09,2종,970
117,금강,2022-09,3종,1369
117,금강,2022-09,4종,2136
117,금강,2022-09,5종,911
117,금강,2022-09,6종,2522
118,영동,2022-09,1종,128935
118,영동,2022-09,2종,3894
118,영동,2022-09,3종,4350
118,영동,2022-09,4종,3736
118,영동,2022-09,5종,10003
118,영동,2022-09,6종,4738
119,판암,2022-09,1종,647467
119,판암,2022-09,2종,12129
119,판암,2022-09,3종,9806
119,판암,2022-09,4종,6885
119,판암,2022-09,5종,12770
119,판암,2022-09,6종,35583
120,황간,2022-09,1종,125634
120,황간,2022-09,2종,2417
120,황간,2022-09,3종,3177
120,황간,2022-09,4종,5406
120,황간,2022-09,5종,6356
120,황간,2022-09,6종,4216
121,추풍령,2022-09,1종,64110
121,추풍령,2022-09,2종,1280
121,추풍령,2022-09,3종,1383
121,추풍령,2022-09,4종,2053
121,추풍령,2022-09,5종,2220
121,추풍령,2022-09,6종,2708
122,김천,2022-09,1종,275720
122,김천,2022-09,2종,5722
122,김천,2022-09,3종,7530
122,김천,2022-09,4종,8495
122,김천,2022-09,5종,7475
122,김천,2022-09,6종,11787
123,구미,2022-09,1종,770874
123,구미,2022-09,2종,14291
123,구미,2022-09,3종,25951
123,구미,2022-09,4종,17132
123,구미,2022-09,5종,13494
123,구미,2022-09,6종,33736
124,상주,2022-09,1종,100050
124,상주,2022-09,2종,3147
124,상주,2022-09,3종,4000
124,상주,2022-09,4종,4695
124,상주,2022-09,5종,5247
124,상주,2022-09,6종,2966
125,남구미,2022-09,1종,596435
125,남구미,2022-09,2종,18739
125,남구미,2022-09,3종,29847
125,남구미,2022-09,4종,26867
125,남구미,2022-09,5종,34510
125,남구미,2022-09,6종,28991
126,왜관,2022-09,1종,732779
126,왜관,2022-09,2종,36062
126,왜관,2022-09,3종,29586
126,왜관,2022-09,4종,27560
126,왜관,2022-09,5종,39550
126,왜관,2022-09,6종,30511
127,서대구,2022-09,1종,1851754
127,서대구,2022-09,2종,56879
127,서대구,2022-09,3종,63322
127,서대구,2022-09,4종,44710
127,서대구,2022-09,5종,46173
127,서대구,2022-09,6종,76126
128,금왕꽃동네,2022-09,1종,276315
128,금왕꽃동네,2022-09,2종,14918
128,금왕꽃동네,2022-09,3종,19609
128,금왕꽃동네,2022-09,4종,24871
128,금왕꽃동네,2022-09,5종,35462
128,금왕꽃동네,2022-09,6종,11613
129,북대구,2022-09,1종,1840590
129,북대구,2022-09,2종,44575
129,북대구,2022-09,3종,45046
129,북대구,2022-09,4종,22844
129,북대구,2022-09,5종,31748
129,북대구,2022-09,6종,70608
130,동김천,2022-09,1종,343890
130,동김천,2022-09,2종,8507
130,동김천,2022-09,3종,15659
130,동김천,2022-09,4종,14576
130,동김천,2022-09,5종,22230
130,동김천,2022-09,6종,13021
131,경산,2022-09,1종,972184
131,경산,2022-09,2종,57635
131,경산,2022-09,3종,53980
131,경산,2022-09,4종,53584
131,경산,2022-09,5종,48199
131,경산,2022-09,6종,46014
132,영천,2022-09,1종,415113
132,영천,2022-09,2종,15045
132,영천,2022-09,3종,26526
132,영천,2022-09,4종,24043
132,영천,2022-09,5종,32007
132,영천,2022-09,6종,15844
133,서경주,2022-09,1종,210958
133,서경주,2022-09,2종,5950
133,서경주,2022-09,3종,9574
133,서경주,2022-09,4종,9032
133,서경주,2022-09,5종,18642
133,서경주,2022-09,6종,6632
134,선산,2022-09,1종,98980
134,선산,2022-09,2종,3105
134,선산,2022-09,3종,3854
134,선산,2022-09,4종,3923
134,선산,2022-09,5종,5098
134,선산,2022-09,6종,3278
135,경주,2022-09,1종,910488
135,경주,2022-09,2종,16703
135,경주,2022-09,3종,46328
135,경주,2022-09,4종,33696
135,경주,2022-09,5종,47278
135,경주,2022-09,6종,31147
136,음성,2022-09,1종,345863
136,음성,2022-09,2종,9615
136,음성,2022-09,3종,14259
136,음성,2022-09,4종,18044
136,음성,2022-09,5종,25264
136,음성,2022-09,6종,11332
137,통도사,2022-09,1종,307363
137,통도사,2022-09,2종,16192
137,통도사,2022-09,3종,19073
137,통도사,2022-09,4종,15453
137,통도사,2022-09,5종,23875
137,통도사,2022-09,6종,16350
138,양산,2022-09,1종,824819
138,양산,2022-09,2종,66500
138,양산,2022-09,3종,52270
138,양산,2022-09,4종,57598
138,양산,2022-09,5종,60634
138,양산,2022-09,6종,38550
139,서울산,2022-09,1종,543710
139,서울산,2022-09,2종,15070
139,서울산,2022-09,3종,18967
139,서울산,2022-09,4종,12396
139,서울산,2022-09,5종,15401
139,서울산,2022-09,6종,27189
140,부산,2022-09,1종,1908323
140,부산,2022-09,2종,43638
140,부산,2022-09,3종,40248
140,부산,2022-09,4종,26976
140,부산,2022-09,5종,40375
140,부산,2022-09,6종,89873
142,군북,2022-09,1종,480760
142,군북,2022-09,2종,10600
142,군북,2022-09,3종,15521
142,군북,2022-09,4종,10849
142,군북,2022-09,5종,27090
142,군북,2022-09,6종,25000
143,장지,2022-09,1종,123914
143,장지,2022-09,2종,3511
143,장지,2022-09,3종,5336
143,장지,2022-09,4종,4682
143,장지,2022-09,5종,18888
143,장지,2022-09,6종,6849
144,함안,2022-09,1종,313344
144,함안,2022-09,2종,9172
144,함안,2022-09,3종,10267
144,함안,2022-09,4종,7936
144,함안,2022-09,5종,19963
144,함안,2022-09,6종,16741
145,산인,2022-09,1종,1062670
145,산인,2022-09,2종,16564
145,산인,2022-09,3종,34907
145,산인,2022-09,4종,13419
145,산인,2022-09,5종,24573
145,산인,2022-09,6종,46408
146,동창원,2022-09,1종,641964
146,동창원,2022-09,2종,16945
146,동창원,2022-09,3종,15691
146,동창원,2022-09,4종,13558
146,동창원,2022-09,5종,21146
146,동창원,2022-09,6종,39312
147,진례,2022-09,1종,466254
147,진례,2022-09,2종,30031
147,진례,2022-09,3종,29358
147,진례,2022-09,4종,31773
147,진례,2022-09,5종,27743
147,진례,2022-09,6종,29286
148,서김해,2022-09,1종,888199
148,서김해,2022-09,2종,23335
148,서김해,2022-09,3종,24692
148,서김해,2022-09,4종,20619
148,서김해,2022-09,5종,18504
148,서김해,2022-09,6종,54696
149,동김해,2022-09,1종,1086597
149,동김해,2022-09,2종,27333
149,동김해,2022-09,3종,27997
149,동김해,2022-09,4종,14845
149,동김해,2022-09,5종,10817
149,동김해,2022-09,6종,72076
150,북부산,2022-09,1종,1774141
150,북부산,2022-09,2종,26170
150,북부산,2022-09,3종,26527
150,북부산,2022-09,4종,12691
150,북부산,2022-09,5종,25449
150,북부산,2022-09,6종,103104
151,북대전,2022-09,1종,865120
151,북대전,2022-09,2종,12878
151,북대전,2022-09,3종,24367
151,북대전,2022-09,4종,18235
151,북대전,2022-09,5종,21760
151,북대전,2022-09,6종,41592
152,유성,2022-09,1종,1245409
152,유성,2022-09,2종,20888
152,유성,2022-09,3종,32801
152,유성,2022-09,4종,15910
152,유성,2022-09,5종,15330
152,유성,2022-09,6종,50556
153,서대전,2022-09,1종,1070019
153,서대전,2022-09,2종,19730
153,서대전,2022-09,3종,20135
153,서대전,2022-09,4종,17225
153,서대전,2022-09,5종,16517
153,서대전,2022-09,6종,52339
154,안영,2022-09,1종,563913
154,안영,2022-09,2종,14652
154,안영,2022-09,3종,13990
154,안영,2022-09,4종,10672
154,안영,2022-09,5종,13807
154,안영,2022-09,6종,26386
155,논산,2022-09,1종,300223
155,논산,2022-09,2종,10513
155,논산,2022-09,3종,17558
155,논산,2022-09,4종,16207
155,논산,2022-09,5종,14425
155,논산,2022-09,6종,10271
156,익산,2022-09,1종,324893
156,익산,2022-09,2종,17256
156,익산,2022-09,3종,26086
156,익산,2022-09,4종,31128
156,익산,2022-09,5종,35720
156,익산,2022-09,6종,8284
157,삼례,2022-09,1종,131279
157,삼례,2022-09,2종,4273
157,삼례,2022-09,3종,6620
157,삼례,2022-09,4종,7310
157,삼례,2022-09,5종,10132
157,삼례,2022-09,6종,3693
158,전주,2022-09,1종,474517
158,전주,2022-09,2종,11987
158,전주,2022-09,3종,33632
158,전주,2022-09,4종,20515
158,전주,2022-09,5종,26701
158,전주,2022-09,6종,12750
159,서전주,2022-09,1종,409268
159,서전주,2022-09,2종,10103
159,서전주,2022-09,3종,12206
159,서전주,2022-09,4종,12452
159,서전주,2022-09,5종,10456
159,서전주,2022-09,6종,10328
160,김제,2022-09,1종,158679
160,김제,2022-09,2종,5801
160,김제,2022-09,3종,8719
160,김제,2022-09,4종,9539
160,김제,2022-09,5종,7131
160,김제,2022-09,6종,4040
161,금산사,2022-09,1종,44155
161,금산사,2022-09,2종,2492
161,금산사,2022-09,3종,1373
161,금산사,2022-09,4종,1883
161,금산사,2022-09,5종,1920
161,금산사,2022-09,6종,1072
162,태인,2022-09,1종,125417
162,태인,2022-09,2종,3859
162,태인,2022-09,3종,7507
162,태인,2022-09,4종,8353
162,태인,2022-09,5종,7360
162,태인,2022-09,6종,3355
163,정읍,2022-09,1종,265948
163,정읍,2022-09,2종,6863
163,정읍,2022-09,3종,12070
163,정읍,2022-09,4종,9787
163,정읍,2022-09,5종,10972
163,정읍,2022-09,6종,6791
164,무주,2022-09,1종,198417
164,무주,2022-09,2종,2919
164,무주,2022-09,3종,4655
164,무주,2022-09,4종,3449
164,무주,2022-09,5종,3102
164,무주,2022-09,6종,6703
165,백양사,2022-09,1종,73987
165,백양사,2022-09,2종,1878
165,백양사,2022-09,3종,1791
165,백양사,2022-09,4종,2004
165,백양사,2022-09,5종,1522
165,백양사,2022-09,6종,1947
166,장성,2022-09,1종,244008
166,장성,2022-09,2종,11186
166,장성,2022-09,3종,12911
166,장성,2022-09,4종,13622
166,장성,2022-09,5종,15856
166,장성,2022-09,6종,7141
167,광주,2022-09,1종,1235443
167,광주,2022-09,2종,34626
167,광주,2022-09,3종,61580
167,광주,2022-09,4종,58896
167,광주,2022-09,5종,40305
167,광주,2022-09,6종,31922
168,덕유산,2022-09,1종,66250
168,덕유산,2022-09,2종,1223
168,덕유산,2022-09,3종,1177
168,덕유산,2022-09,4종,1129
168,덕유산,2022-09,5종,958
168,덕유산,2022-09,6종,1678
169,장수,2022-09,1종,147629
169,장수,2022-09,2종,2780
169,장수,2022-09,3종,3201
169,장수,2022-09,4종,3030
169,장수,2022-09,5종,2522
169,장수,2022-09,6종,3653
170,서상,2022-09,1종,72662
170,서상,2022-09,2종,1641
170,서상,2022-09,3종,3391
170,서상,2022-09,4종,3762
170,서상,2022-09,5종,3415
170,서상,2022-09,6종,2680
171,마성,2022-09,1종,574970
171,마성,2022-09,2종,8189
171,마성,2022-09,3종,24506
171,마성,2022-09,4종,6608
171,마성,2022-09,5종,2765
171,마성,2022-09,6종,23670
172,용인,2022-09,1종,1024710
172,용인,2022-09,2종,48877
172,용인,2022-09,3종,35965
172,용인,2022-09,4종,32757
172,용인,2022-09,5종,22395
172,용인,2022-09,6종,57579
173,양지,2022-09,1종,1057105
173,양지,2022-09,2종,79971
173,양지,2022-09,3종,53939
173,양지,2022-09,4종,71749
173,양지,2022-09,5종,56956
173,양지,2022-09,6종,46010
174,춘천,2022-09,1종,1014479
174,춘천,2022-09,2종,19855
174,춘천,2022-09,3종,22329
174,춘천,2022-09,4종,12420
174,춘천,2022-09,5종,11983
174,춘천,2022-09,6종,52660
175,덕평,2022-09,1종,378681
175,덕평,2022-09,2종,42367
175,덕평,2022-09,3종,30237
175,덕평,2022-09,4종,45132
175,덕평,2022-09,5종,30898
175,덕평,2022-09,6종,19776
176,이천,2022-09,1종,607794
176,이천,2022-09,2종,27288
176,이천,2022-09,3종,49088
176,이천,2022-09,4종,48744
176,이천,2022-09,5종,46847
176,이천,2022-09,6종,29143
177,여주,2022-09,1종,387439
177,여주,2022-09,2종,10402
177,여주,2022-09,3종,26977
177,여주,2022-09,4종,27086
177,여주,2022-09,5종,20709
177,여주,2022-09,6종,14071
178,문막,2022-09,1종,313421
178,문막,2022-09,2종,18410
178,문막,2022-09,3종,23384
178,문막,2022-09,4종,15727
178,문막,2022-09,5종,22605
178,문막,2022-09,6종,14300
179,홍천,2022-09,1종,447966
179,홍천,2022-09,2종,10436
179,홍천,2022-09,3종,14061
179,홍천,2022-09,4종,9885
179,홍천,2022-09,5종,12050
179,홍천,2022-09,6종,23719
180,원주,2022-09,1종,377727
180,원주,2022-09,2종,17895
180,원주,2022-09,3종,17818
180,원주,2022-09,4종,17862
180,원주,2022-09,5종,16032
180,원주,2022-09,6종,18751
181,새말,2022-09,1종,260714
181,새말,2022-09,2종,8429
181,새말,2022-09,3종,10775
181,새말,2022-09,4종,9621
181,새말,2022-09,5종,7599
181,새말,2022-09,6종,9203
182,둔내,2022-09,1종,148619
182,둔내,2022-09,2종,4000
182,둔내,2022-09,3종,4594
182,둔내,2022-09,4종,4910
182,둔내,2022-09,5종,2380
182,둔내,2022-09,6종,4736
183,면온,2022-09,1종,75333
183,면온,2022-09,2종,1564
183,면온,2022-09,3종,1623
183,면온,2022-09,4종,1514
183,면온,2022-09,5종,1883
183,면온,2022-09,6종,2054
184,대관령,2022-09,1종,253610
184,대관령,2022-09,2종,5495
184,대관령,2022-09,3종,8706
184,대관령,2022-09,4종,4615
184,대관령,2022-09,5종,2922
184,대관령,2022-09,6종,8995
185,평창,2022-09,1종,140622
185,평창,2022-09,2종,3381
185,평창,2022-09,3종,8180
185,평창,2022-09,4종,5811
185,평창,2022-09,5종,4371
185,평창,2022-09,6종,4668
186,속사,2022-09,1종,59928
186,속사,2022-09,2종,1868
186,속사,2022-09,3종,2217
186,속사,2022-09,4종,3015
186,속사,2022-09,5종,1233
186,속사,2022-09,6종,1534
187,진부,2022-09,1종,153781
187,진부,2022-09,2종,4674
187,진부,2022-09,3종,6834
187,진부,2022-09,4종,6286
187,진부,2022-09,5종,3277
187,진부,2022-09,6종,5375
188,서충주,2022-09,1종,187170
188,서충주,2022-09,2종,5998
188,서충주,2022-09,3종,10706
188,서충주,2022-09,4종,13955
188,서충주,2022-09,5종,16677
188,서충주,2022-09,6종,6854
189,강릉,2022-09,1종,703765
189,강릉,2022-09,2종,16660
189,강릉,2022-09,3종,29555
189,강릉,2022-09,4종,11815
189,강릉,2022-09,5종,16208
189,강릉,2022-09,6종,31192
190,동서울,2022-09,1종,3872790
190,동서울,2022-09,2종,159800
190,동서울,2022-09,3종,151678
190,동서울,2022-09,4종,140522
190,동서울,2022-09,5종,102645
190,동서울,2022-09,6종,154957
191,경기광주,2022-09,1종,798412
191,경기광주,2022-09,2종,37495
191,경기광주,2022-09,3종,26858
191,경기광주,2022-09,4종,19664
191,경기광주,2022-09,5종,16470
191,경기광주,2022-09,6종,45613
192,곤지암,2022-09,1종,898545
192,곤지암,2022-09,2종,62271
192,곤지암,2022-09,3종,38582
192,곤지암,2022-09,4종,50415
192,곤지암,2022-09,5종,35875
192,곤지암,2022-09,6종,44117
193,일죽,2022-09,1종,479450
193,일죽,2022-09,2종,26496
193,일죽,2022-09,3종,32740
193,일죽,2022-09,4종,47192
193,일죽,2022-09,5종,30037
193,일죽,2022-09,6종,16833
194,서이천,2022-09,1종,499587
194,서이천,2022-09,2종,53694
194,서이천,2022-09,3종,37187
194,서이천,2022-09,4종,42458
194,서이천,2022-09,5종,24189
194,서이천,2022-09,6종,24267
195,대소,2022-09,1종,242891
195,대소,2022-09,2종,22087
195,대소,2022-09,3종,33311
195,대소,2022-09,4종,40734
195,대소,2022-09,5종,32396
195,대소,2022-09,6종,10607
196,진천,2022-09,1종,350640
196,진천,2022-09,2종,17971
196,진천,2022-09,3종,22224
196,진천,2022-09,4종,29751
196,진천,2022-09,5종,32110
196,진천,2022-09,6종,14282
197,증평,2022-09,1종,385240
197,증평,2022-09,2종,15883
197,증평,2022-09,3종,23436
197,증평,2022-09,4종,33157
197,증평,2022-09,5종,30788
197,증평,2022-09,6종,13896
198,서청주,2022-09,1종,737791
198,서청주,2022-09,2종,23566
198,서청주,2022-09,3종,28795
198,서청주,2022-09,4종,25693
198,서청주,2022-09,5종,22920
198,서청주,2022-09,6종,32132
199,오창,2022-09,1종,516811
199,오창,2022-09,2종,13134
199,오창,2022-09,3종,22976
199,오창,2022-09,4종,19420
199,오창,2022-09,5종,21979
199,오창,2022-09,6종,19839
200,금산,2022-09,1종,205046
200,금산,2022-09,2종,3204
200,금산,2022-09,3종,7177
200,금산,2022-09,4종,3474
200,금산,2022-09,5종,6622
200,금산,2022-09,6종,8549
201,칠곡,2022-09,1종,610017
201,칠곡,2022-09,2종,14308
201,칠곡,2022-09,3종,14764
201,칠곡,2022-09,4종,10025
201,칠곡,2022-09,5종,14481
201,칠곡,2022-09,6종,28541
202,다부,2022-09,1종,156571
202,다부,2022-09,2종,6896
202,다부,2022-09,3종,5049
202,다부,2022-09,4종,4572
202,다부,2022-09,5종,7792
202,다부,2022-09,6종,5029
203,가산,2022-09,1종,615044
203,가산,2022-09,2종,17051
203,가산,2022-09,3종,18383
203,가산,2022-09,4종,16102
203,가산,2022-09,5종,38251
203,가산,2022-09,6종,23276
204,추부,2022-09,1종,237044
204,추부,2022-09,2종,6782
204,추부,2022-09,3종,7676
204,추부,2022-09,4종,6431
204,추부,2022-09,5종,6252
204,추부,2022-09,6종,11333
205,군위,2022-09,1종,240494
205,군위,2022-09,2종,4424
205,군위,2022-09,3종,5019
205,군위,2022-09,4종,4098
205,군위,2022-09,5종,6751
205,군위,2022-09,6종,7998
206,의성,2022-09,1종,233843
206,의성,2022-09,2종,3581
206,의성,2022-09,3종,4090
206,의성,2022-09,4종,2518
206,의성,2022-09,5종,3931
206,의성,2022-09,6종,6838
207,남안동,2022-09,1종,346483
207,남안동,2022-09,2종,7336
207,남안동,2022-09,3종,7253
207,남안동,2022-09,4종,5501
207,남안동,2022-09,5종,7905
207,남안동,2022-09,6종,10798
208,서안동,2022-09,1종,318413
208,서안동,2022-09,2종,6218
208,서안동,2022-09,3종,14528
208,서안동,2022-09,4종,7217
208,서안동,2022-09,5종,10501
208,서안동,2022-09,6종,8707
209,예천,2022-09,1종,44221
209,예천,2022-09,2종,832
209,예천,2022-09,3종,626
209,예천,2022-09,4종,759
209,예천,2022-09,5종,896
209,예천,2022-09,6종,1342
210,영주,2022-09,1종,245938
210,영주,2022-09,2종,5025
210,영주,2022-09,3종,8517
210,영주,2022-09,4종,8572
210,영주,2022-09,5종,18737
210,영주,2022-09,6종,7073
211,풍기,2022-09,1종,316229
211,풍기,2022-09,2종,4253
211,풍기,2022-09,3종,10004
211,풍기,2022-09,4종,6807
211,풍기,2022-09,5종,10222
211,풍기,2022-09,6종,9282
212,북수원,2022-09,1종,1296236
212,북수원,2022-09,2종,29393
212,북수원,2022-09,3종,36779
212,북수원,2022-09,4종,23210
212,북수원,2022-09,5종,23342
212,북수원,2022-09,6종,60593
213,부곡,2022-09,1종,347788
213,부곡,2022-09,2종,12742
213,부곡,2022-09,3종,8076
213,부곡,2022-09,4종,11292
213,부곡,2022-09,5종,56957
213,부곡,2022-09,6종,20717
214,동군포,2022-09,1종,314216
214,동군포,2022-09,2종,12326
214,동군포,2022-09,3종,10895
214,동군포,2022-09,4종,24529
214,동군포,2022-09,5종,15944
214,동군포,2022-09,6종,16340
215,군포,2022-09,1종,776292
215,군포,2022-09,2종,22573
215,군포,2022-09,3종,21435
215,군포,2022-09,4종,16502
215,군포,2022-09,5종,17290
215,군포,2022-09,6종,44319
216,횡성,2022-09,1종,248045
216,횡성,2022-09,2종,7748
216,횡성,2022-09,3종,6286
216,횡성,2022-09,4종,5983
216,횡성,2022-09,5종,9176
216,횡성,2022-09,6종,11497
217,북원주,2022-09,1종,87712
217,북원주,2022-09,2종,4055
217,북원주,2022-09,3종,2674
217,북원주,2022-09,4종,2519
217,북원주,2022-09,5종,2829
217,북원주,2022-09,6종,3824
218,남원주,2022-09,1종,741853
218,남원주,2022-09,2종,14983
218,남원주,2022-09,3종,24281
218,남원주,2022-09,4종,8919
218,남원주,2022-09,5종,10944
218,남원주,2022-09,6종,34049
219,신림,2022-09,1종,173683
219,신림,2022-09,2종,3197
219,신림,2022-09,3종,2388
219,신림,2022-09,4종,3211
219,신림,2022-09,5종,12568
219,신림,2022-09,6종,6158
220,덕평휴게소,2022-09,1종,6747
220,덕평휴게소,2022-09,2종,218
220,덕평휴게소,2022-09,3종,49
220,덕평휴게소,2022-09,4종,11
220,덕평휴게소,2022-09,5종,23
220,덕평휴게소,2022-09,6종,381
221,생초,2022-09,1종,80684
221,생초,2022-09,2종,1604
221,생초,2022-09,3종,2796
221,생초,2022-09,4종,3070
221,생초,2022-09,5종,7046
221,생초,2022-09,6종,2376
222,산청,2022-09,1종,77040
222,산청,2022-09,2종,1952
222,산청,2022-09,3종,2335
222,산청,2022-09,4종,2621
222,산청,2022-09,5종,2099
222,산청,2022-09,6종,2587
223,단성,2022-09,1종,130180
223,단성,2022-09,2종,1846
223,단성,2022-09,3종,4280
223,단성,2022-09,4종,3319
223,단성,2022-09,5종,5683
223,단성,2022-09,6종,4244
224,함양,2022-09,1종,153341
224,함양,2022-09,2종,3315
224,함양,2022-09,3종,6289
224,함양,2022-09,4종,2210
224,함양,2022-09,5종,2678
224,함양,2022-09,6종,6032
225,서진주,2022-09,1종,343392
225,서진주,2022-09,2종,6631
225,서진주,2022-09,3종,8053
225,서진주,2022-09,4종,5482
225,서진주,2022-09,5종,17937
225,서진주,2022-09,6종,14500
226,금강휴게소,2022-09,1종,16152
226,금강휴게소,2022-09,2종,281
226,금강휴게소,2022-09,3종,297
226,금강휴게소,2022-09,4종,445
226,금강휴게소,2022-09,5종,189
226,금강휴게소,2022-09,6종,375
227,군산,2022-09,1종,308168
227,군산,2022-09,2종,4274
227,군산,2022-09,3종,13395
227,군산,2022-09,4종,8409
227,군산,2022-09,5종,13049
227,군산,2022-09,6종,8193
228,동군산,2022-09,1종,279292
228,동군산,2022-09,2종,6824
228,동군산,2022-09,3종,12885
228,동군산,2022-09,4종,10543
228,동군산,2022-09,5종,21934
228,동군산,2022-09,6종,6432
229,북천안,2022-09,1종,659051
229,북천안,2022-09,2종,28046
229,북천안,2022-09,3종,39200
229,북천안,2022-09,4종,46966
229,북천안,2022-09,5종,47058
229,북천안,2022-09,6종,29233
230,팔공산,2022-09,1종,763137
230,팔공산,2022-09,2종,19958
230,팔공산,2022-09,3종,15890
230,팔공산,2022-09,4종,10336
230,팔공산,2022-09,5종,9685
230,팔공산,2022-09,6종,33736
231,화원옥포,2022-09,1종,745710
231,화원옥포,2022-09,2종,22889
231,화원옥포,2022-09,3종,19038
231,화원옥포,2022-09,4종,14981
231,화원옥포,2022-09,5종,17952
231,화원옥포,2022-09,6종,41156
232,달성,2022-09,1종,214036
232,달성,2022-09,2종,12071
232,달성,2022-09,3종,16374
232,달성,2022-09,4종,8407
232,달성,2022-09,5종,5673
232,달성,2022-09,6종,12223
233,현풍,2022-09,1종,640344
233,현풍,2022-09,2종,28251
233,현풍,2022-09,3종,37349
233,현풍,2022-09,4종,33185
233,현풍,2022-09,5종,44131
233,현풍,2022-09,6종,29851
234,서천,2022-09,1종,232153
234,서천,2022-09,2종,4101
234,서천,2022-09,3종,6979
234,서천,2022-09,4종,7878
234,서천,2022-09,5종,24243
234,서천,2022-09,6종,6709
235,창녕,2022-09,1종,169381
235,창녕,2022-09,2종,4690
235,창녕,2022-09,3종,7100
235,창녕,2022-09,4종,4141
235,창녕,2022-09,5종,7426
235,창녕,2022-09,6종,6097
236,영산,2022-09,1종,160716
236,영산,2022-09,2종,6611
236,영산,2022-09,3종,7645
236,영산,2022-09,4종,8750
236,영산,2022-09,5종,13452
236,영산,2022-09,6종,5329
237,남지,2022-09,1종,138388
237,남지,2022-09,2종,5667
237,남지,2022-09,3종,11917
237,남지,2022-09,4종,12805
237,남지,2022-09,5종,23763
237,남지,2022-09,6종,7239
238,칠서,2022-09,1종,205925
238,칠서,2022-09,2종,14680
238,칠서,2022-09,3종,20038
238,칠서,2022-09,4종,22495
238,칠서,2022-09,5종,47495
238,칠서,2022-09,6종,10261
239,칠원,2022-09,1종,606355
239,칠원,2022-09,2종,16906
239,칠원,2022-09,3종,32873
239,칠원,2022-09,4종,30321
239,칠원,2022-09,5종,40673
239,칠원,2022-09,6종,22453
240,제천,2022-09,1종,639079
240,제천,2022-09,2종,13037
240,제천,2022-09,3종,18345
240,제천,2022-09,4종,14194
240,제천,2022-09,5종,26312
240,제천,2022-09,6종,22804
241,동고령,2022-09,1종,360964
241,동고령,2022-09,2종,15263
241,동고령,2022-09,3종,16044
241,동고령,2022-09,4종,25702
241,동고령,2022-09,5종,23916
241,동고령,2022-09,6종,14403
242,고령,2022-09,1종,307499
242,고령,2022-09,2종,6700
242,고령,2022-09,3종,9006
242,고령,2022-09,4종,7067
242,고령,2022-09,5종,22040
242,고령,2022-09,6종,11558
243,해인사,2022-09,1종,146932
243,해인사,2022-09,2종,2323
243,해인사,2022-09,3종,2157
243,해인사,2022-09,4종,1409
243,해인사,2022-09,5종,2422
243,해인사,2022-09,6종,6708
244,서부산,2022-09,1종,1512881
244,서부산,2022-09,2종,29977
244,서부산,2022-09,3종,53636
244,서부산,2022-09,4종,29842
244,서부산,2022-09,5종,69092
244,서부산,2022-09,6종,77820
245,장유,2022-09,1종,1610447
245,장유,2022-09,2종,31989
245,장유,2022-09,3종,52649
245,장유,2022-09,4종,27401
245,장유,2022-09,5종,34880
245,장유,2022-09,6종,98031
246,가락,2022-09,1종,23751
246,가락,2022-09,2종,2432
246,가락,2022-09,3종,3239
246,가락,2022-09,4종,6561
246,가락,2022-09,5종,8571
246,가락,2022-09,6종,794
247,남원,2022-09,1종,211098
247,남원,2022-09,2종,4809
247,남원,2022-09,3종,6747
247,남원,2022-09,4종,4145
247,남원,2022-09,5종,8860
247,남원,2022-09,6종,7803
248,순창,2022-09,1종,205093
248,순창,2022-09,2종,3787
248,순창,2022-09,3종,4855
248,순창,2022-09,4종,3645
248,순창,2022-09,5종,6148
248,순창,2022-09,6종,6415
249,담양,2022-09,1종,235156
249,담양,2022-09,2종,3973
249,담양,2022-09,3종,9449
249,담양,2022-09,4종,3583
249,담양,2022-09,5종,6557
249,담양,2022-09,6종,6876
250,남양산,2022-09,1종,1403643
250,남양산,2022-09,2종,35411
250,남양산,2022-09,3종,42848
250,남양산,2022-09,4종,20020
250,남양산,2022-09,5종,21977
250,남양산,2022-09,6종,88771
251,물금,2022-09,1종,713401
251,물금,2022-09,2종,45189
251,물금,2022-09,3종,21118
251,물금,2022-09,4종,38876
251,물금,2022-09,5종,62400
251,물금,2022-09,6종,44174
252,대동,2022-09,1종,2510262
252,대동,2022-09,2종,96915
252,대동,2022-09,3종,80896
252,대동,2022-09,4종,93059
252,대동,2022-09,5종,246606
252,대동,2022-09,6종,119578
253,서서울,2022-09,1종,5239177
253,서서울,2022-09,2종,138329
253,서서울,2022-09,3종,116661
253,서서울,2022-09,4종,135583
253,서서울,2022-09,5종,152215
253,서서울,2022-09,6종,248064
254,군자,2022-09,1종,2542843
254,군자,2022-09,2종,87032
254,군자,2022-09,3종,76620
254,군자,2022-09,4종,92334
254,군자,2022-09,5종,149372
254,군자,2022-09,6종,133222
255,서안산,2022-09,1종,1931808
255,서안산,2022-09,2종,70795
255,서안산,2022-09,3종,51171
255,서안산,2022-09,4종,53080
255,서안산,2022-09,5종,53834
255,서안산,2022-09,6종,108595
256,안산,2022-09,1종,945922
256,안산,2022-09,2종,21111
256,안산,2022-09,3종,14860
256,안산,2022-09,4종,7556
256,안산,2022-09,5종,8497
256,안산,2022-09,6종,61270
257,홍성,2022-09,1종,281177
257,홍성,2022-09,2종,4332
257,홍성,2022-09,3종,7726
257,홍성,2022-09,4종,5446
257,홍성,2022-09,5종,10823
257,홍성,2022-09,6종,8825
258,광천,2022-09,1종,214415
258,광천,2022-09,2종,4653
258,광천,2022-09,3종,7557
258,광천,2022-09,4종,7206
258,광천,2022-09,5종,17476
258,광천,2022-09,6종,6416
259,대천,2022-09,1종,323205
259,대천,2022-09,2종,4906
259,대천,2022-09,3종,10310
259,대천,2022-09,4종,3434
259,대천,2022-09,5종,6314
259,대천,2022-09,6종,10113
260,춘장대,2022-09,1종,94587
260,춘장대,2022-09,2종,1566
260,춘장대,2022-09,3종,1796
260,춘장대,2022-09,4종,1174
260,춘장대,2022-09,5종,2983
260,춘장대,2022-09,6종,2506
261,동광주,2022-09,1종,1372232
261,동광주,2022-09,2종,24893
261,동광주,2022-09,3종,48921
261,동광주,2022-09,4종,24624
261,동광주,2022-09,5종,36592
261,동광주,2022-09,6종,39680
262,창평,2022-09,1종,168245
262,창평,2022-09,2종,6012
262,창평,2022-09,3종,3115
262,창평,2022-09,4종,4071
262,창평,2022-09,5종,4524
262,창평,2022-09,6종,5020
263,옥과,2022-09,1종,274104
263,옥과,2022-09,2종,4121
263,옥과,2022-09,3종,9081
263,옥과,2022-09,4종,2823
263,옥과,2022-09,5종,7724
263,옥과,2022-09,6종,9832
264,동남원,2022-09,1종,46494
264,동남원,2022-09,2종,1126
264,동남원,2022-09,3종,1633
264,동남원,2022-09,4종,1314
264,동남원,2022-09,5종,1038
264,동남원,2022-09,6종,1392
265,곡성,2022-09,1종,182824
265,곡성,2022-09,2종,3097
265,곡성,2022-09,3종,3617
265,곡성,2022-09,4종,2574
265,곡성,2022-09,5종,6346
265,곡성,2022-09,6종,5644
266,석곡,2022-09,1종,63909
266,석곡,2022-09,2종,1491
266,석곡,2022-09,3종,1541
266,석곡,2022-09,4종,1035
266,석곡,2022-09,5종,1861
266,석곡,2022-09,6종,1856
267,주암송광사,2022-09,1종,165767
267,주암송광사,2022-09,2종,2690
267,주암송광사,2022-09,3종,2743
267,주암송광사,2022-09,4종,2290
267,주암송광사,2022-09,5종,5044
267,주암송광사,2022-09,6종,4726
268,승주,2022-09,1종,70659
268,승주,2022-09,2종,1410
268,승주,2022-09,3종,1153
268,승주,2022-09,4종,802
268,승주,2022-09,5종,2058
268,승주,2022-09,6종,2356
269,지리산,2022-09,1종,114529
269,지리산,2022-09,2종,2050
269,지리산,2022-09,3종,2598
269,지리산,2022-09,4종,3650
269,지리산,2022-09,5종,2236
269,지리산,2022-09,6종,4293
270,서순천,2022-09,1종,172923
270,서순천,2022-09,2종,4520
270,서순천,2022-09,3종,6151
270,서순천,2022-09,4종,1892
270,서순천,2022-09,5종,4151
270,서순천,2022-09,6종,4975
271,순천,2022-09,1종,634938
271,순천,2022-09,2종,13367
271,순천,2022-09,3종,12248
271,순천,2022-09,4종,8538
271,순천,2022-09,5종,27936
271,순천,2022-09,6종,17131
272,광양,2022-09,1종,360946
272,광양,2022-09,2종,6332
272,광양,2022-09,3종,15530
272,광양,2022-09,4종,14768
272,광양,2022-09,5종,57255
272,광양,2022-09,6종,10181
273,동광양,2022-09,1종,163299
273,동광양,2022-09,2종,2539
273,동광양,2022-09,3종,2746
273,동광양,2022-09,4종,5964
273,동광양,2022-09,5종,39239
273,동광양,2022-09,6종,5486
274,가조,2022-09,1종,95947
274,가조,2022-09,2종,2938
274,가조,2022-09,3종,3538
274,가조,2022-09,4종,1869
274,가조,2022-09,5종,1308
274,가조,2022-09,6종,3781
275,옥곡,2022-09,1종,185106
275,옥곡,2022-09,2종,4062
275,옥곡,2022-09,3종,8384
275,옥곡,2022-09,4종,9922
275,옥곡,2022-09,5종,53094
275,옥곡,2022-09,6종,5548
276,진월,2022-09,1종,74754
276,진월,2022-09,2종,1356
276,진월,2022-09,3종,1847
276,진월,2022-09,4종,4292
276,진월,2022-09,5종,44203
276,진월,2022-09,6종,2148
277,하동,2022-09,1종,245086
277,하동,2022-09,2종,3609
277,하동,2022-09,3종,5486
277,하동,2022-09,4종,4658
277,하동,2022-09,5종,42182
277,하동,2022-09,6종,8387
278,진교,2022-09,1종,221888
278,진교,2022-09,2종,3324
278,진교,2022-09,3종,7502
278,진교,2022-09,4종,1881
278,진교,2022-09,5종,5386
278,진교,2022-09,6종,9596
279,곤양,2022-09,1종,152198
279,곤양,2022-09,2종,2726
279,곤양,2022-09,3종,4833
279,곤양,2022-09,4종,2816
279,곤양,2022-09,5종,6867
279,곤양,2022-09,6종,5473
280,거창,2022-09,1종,281398
280,거창,2022-09,2종,8476
280,거창,2022-09,3종,16446
280,거창,2022-09,4종,5875
280,거창,2022-09,5종,8122
280,거창,2022-09,6종,11283
281,매송,2022-09,1종,594779
281,매송,2022-09,2종,13731
281,매송,2022-09,3종,13171
281,매송,2022-09,4종,7888
281,매송,2022-09,5종,12627
281,매송,2022-09,6종,30368
282,비봉,2022-09,1종,693473
282,비봉,2022-09,2종,26297
282,비봉,2022-09,3종,24238
282,비봉,2022-09,4종,18891
282,비봉,2022-09,5종,38662
282,비봉,2022-09,6종,33386
283,발안,2022-09,1종,616153
283,발안,2022-09,2종,27799
283,발안,2022-09,3종,23472
283,발안,2022-09,4종,21975
283,발안,2022-09,5종,35787
283,발안,2022-09,6종,32592
284,남양양,2022-09,1종,127809
284,남양양,2022-09,2종,2040
284,남양양,2022-09,3종,2040
284,남양양,2022-09,4종,933
284,남양양,2022-09,5종,2811
284,남양양,2022-09,6종,4636
285,서평택,2022-09,1종,577115
285,서평택,2022-09,2종,25552
285,서평택,2022-09,3종,47176
285,서평택,2022-09,4종,68955
285,서평택,2022-09,5종,144907
285,서평택,2022-09,6종,31599
286,통도사휴게소,2022-09,1종,167188
286,통도사휴게소,2022-09,2종,2147
286,통도사휴게소,2022-09,3종,2036
286,통도사휴게소,2022-09,4종,5
286,통도사휴게소,2022-09,5종,19
286,통도사휴게소,2022-09,6종,6779
287,송악,2022-09,1종,611734
287,송악,2022-09,2종,14321
287,송악,2022-09,3종,23944
287,송악,2022-09,4종,25414
287,송악,2022-09,5종,161596
287,송악,2022-09,6종,25903
288,당진,2022-09,1종,528084
288,당진,2022-09,2종,11997
288,당진,2022-09,3종,22974
288,당진,2022-09,4종,15856
288,당진,2022-09,5종,52235
288,당진,2022-09,6종,22243
289,마산,2022-09,1종,1220939
289,마산,2022-09,2종,29799
289,마산,2022-09,3종,47990
289,마산,2022-09,4종,20478
289,마산,2022-09,5종,30718
289,마산,2022-09,6종,60212
290,축동,2022-09,1종,57333
290,축동,2022-09,2종,2840
290,축동,2022-09,3종,1914
290,축동,2022-09,4종,4291
290,축동,2022-09,5종,7274
290,축동,2022-09,6종,2788
291,사천,2022-09,1종,799382
291,사천,2022-09,2종,22824
291,사천,2022-09,3종,22947
291,사천,2022-09,4종,16812
291,사천,2022-09,5종,30238
291,사천,2022-09,6종,39697
292,진주,2022-09,1종,740600
292,진주,2022-09,2종,16210
292,진주,2022-09,3종,32341
292,진주,2022-09,4종,10823
292,진주,2022-09,5종,21430
292,진주,2022-09,6종,39669
293,문산,2022-09,1종,331614
293,문산,2022-09,2종,6967
293,문산,2022-09,3종,7946
293,문산,2022-09,4종,4400
293,문산,2022-09,5종,6160
293,문산,2022-09,6종,16559
294,북창원,2022-09,1종,341932
294,북창원,2022-09,2종,8266
294,북창원,2022-09,3종,6980
294,북창원,2022-09,4종,7855
294,북창원,2022-09,5종,14792
294,북창원,2022-09,6종,17664
295,진성,2022-09,1종,217584
295,진성,2022-09,2종,6200
295,진성,2022-09,3종,8107
295,진성,2022-09,4종,6478
295,진성,2022-09,5종,15370
295,진성,2022-09,6종,8269
296,지수,2022-09,1종,66390
296,지수,2022-09,2종,2181
296,지수,2022-09,3종,2842
296,지수,2022-09,4종,2073
296,지수,2022-09,5종,3657
296,지수,2022-09,6종,3721
297,동충주,2022-09,1종,306079
297,동충주,2022-09,2종,7646
297,동충주,2022-09,3종,10816
297,동충주,2022-09,4종,13926
297,동충주,2022-09,5종,36930
297,동충주,2022-09,6종,9503
298,서산,2022-09,1종,827812
298,서산,2022-09,2종,16131
298,서산,2022-09,3종,35581
298,서산,2022-09,4종,33199
298,서산,2022-09,5종,59660
298,서산,2022-09,6종,28641
299,해미,2022-09,1종,164196
299,해미,2022-09,2종,4256
299,해미,2022-09,3종,7022
299,해미,2022-09,4종,4371
299,해미,2022-09,5종,11622
299,해미,2022-09,6종,5789
500,남여주,2022-09,1종,271498
500,남여주,2022-09,2종,6873
500,남여주,2022-09,3종,11192
500,남여주,2022-09,4종,13682
500,남여주,2022-09,5종,19371
500,남여주,2022-09,6종,8980
501,서김제,2022-09,1종,81513
501,서김제,2022-09,2종,1866
501,서김제,2022-09,3종,3617
501,서김제,2022-09,4종,4008
501,서김제,2022-09,5종,3338
501,서김제,2022-09,6종,1825
502,부안,2022-09,1종,178211
502,부안,2022-09,2종,3937
502,부안,2022-09,3종,9190
502,부안,2022-09,4종,5540
502,부안,2022-09,5종,7457
502,부안,2022-09,6종,4095
503,줄포,2022-09,1종,85071
503,줄포,2022-09,2종,1547
503,줄포,2022-09,3종,2454
503,줄포,2022-09,4종,1881
503,줄포,2022-09,5종,1578
503,줄포,2022-09,6종,1826
504,선운산,2022-09,1종,165273
504,선운산,2022-09,2종,2875
504,선운산,2022-09,3종,7410
504,선운산,2022-09,4종,6717
504,선운산,2022-09,5종,9777
504,선운산,2022-09,6종,3869
505,고창,2022-09,1종,143997
505,고창,2022-09,2종,2367
505,고창,2022-09,3종,4173
505,고창,2022-09,4종,2408
505,고창,2022-09,5종,2176
505,고창,2022-09,6종,3537
506,영광,2022-09,1종,150855
506,영광,2022-09,2종,2421
506,영광,2022-09,3종,7303
506,영광,2022-09,4종,4189
506,영광,2022-09,5종,5524
506,영광,2022-09,6종,3272
507,함평,2022-09,1종,87559
507,함평,2022-09,2종,1529
507,함평,2022-09,3종,4185
507,함평,2022-09,4종,4098
507,함평,2022-09,5종,6991
507,함평,2022-09,6종,2038
508,무안,2022-09,1종,251794
508,무안,2022-09,2종,5242
508,무안,2022-09,3종,6970
508,무안,2022-09,4종,6309
508,무안,2022-09,5종,8638
508,무안,2022-09,6종,7562
509,목포,2022-09,1종,973066
509,목포,2022-09,2종,18263
509,목포,2022-09,3종,29234
509,목포,2022-09,4종,28144
509,목포,2022-09,5종,48244
509,목포,2022-09,6종,25860
510,양양,2022-09,1종,269632
510,양양,2022-09,2종,3281
510,양양,2022-09,3종,7207
510,양양,2022-09,4종,2031
510,양양,2022-09,5종,4863
510,양양,2022-09,6종,9048
511,무창포,2022-09,1종,169576
511,무창포,2022-09,2종,2883
511,무창포,2022-09,3종,6422
511,무창포,2022-09,4종,2474
511,무창포,2022-09,5종,8928
511,무창포,2022-09,6종,4109
512,연화산,2022-09,1종,45725
512,연화산,2022-09,2종,1178
512,연화산,2022-09,3종,980
512,연화산,2022-09,4종,760
512,연화산,2022-09,5종,2201
512,연화산,2022-09,6종,2417
513,고성,2022-09,1종,423457
513,고성,2022-09,2종,8120
513,고성,2022-09,3종,14079
513,고성,2022-09,4종,6939
513,고성,2022-09,5종,13221
513,고성,2022-09,6종,23190
514,동고성,2022-09,1종,121748
514,동고성,2022-09,2종,2366
514,동고성,2022-09,3종,4453
514,동고성,2022-09,4종,3030
514,동고성,2022-09,5종,12109
514,동고성,2022-09,6종,10319
515,북통영,2022-09,1종,211529
515,북통영,2022-09,2종,3756
515,북통영,2022-09,3종,9630
515,북통영,2022-09,4종,1332
515,북통영,2022-09,5종,2702
515,북통영,2022-09,6종,11025
516,통영,2022-09,1종,581644
516,통영,2022-09,2종,10098
516,통영,2022-09,3종,18330
516,통영,2022-09,4종,8199
516,통영,2022-09,5종,17330
516,통영,2022-09,6종,33082
517,양평,2022-09,1종,257371
517,양평,2022-09,2종,4937
517,양평,2022-09,3종,6672
517,양평,2022-09,4종,7623
517,양평,2022-09,5종,11199
517,양평,2022-09,6종,9057
518,칠곡물류,2022-09,1종,186506
518,칠곡물류,2022-09,2종,28596
518,칠곡물류,2022-09,3종,25973
518,칠곡물류,2022-09,4종,48819
518,칠곡물류,2022-09,5종,23791
518,칠곡물류,2022-09,6종,8169
519,남대구,2022-09,1종,1830177
519,남대구,2022-09,2종,43989
519,남대구,2022-09,3종,55180
519,남대구,2022-09,4종,33717
519,남대구,2022-09,5종,47717
519,남대구,2022-09,6종,93698
520,평택,2022-09,1종,1080302
520,평택,2022-09,2종,40009
520,평택,2022-09,3종,72559
520,평택,2022-09,4종,55998
520,평택,2022-09,5종,70855
520,평택,2022-09,6종,44866
521,단양,2022-09,1종,115555
521,단양,2022-09,2종,1840
521,단양,2022-09,3종,1887
521,단양,2022-09,4종,1528
521,단양,2022-09,5종,11046
521,단양,2022-09,6종,3771
522,북단양,2022-09,1종,177229
522,북단양,2022-09,2종,3052
522,북단양,2022-09,3종,3337
522,북단양,2022-09,4종,10319
522,북단양,2022-09,5종,72589
522,북단양,2022-09,6종,5613
523,남제천,2022-09,1종,257477
523,남제천,2022-09,2종,4769
523,남제천,2022-09,3종,6168
523,남제천,2022-09,4종,8926
523,남제천,2022-09,5종,40840
523,남제천,2022-09,6종,7574
524,청통와촌,2022-09,1종,336952
524,청통와촌,2022-09,2종,17290
524,청통와촌,2022-09,3종,12574
524,청통와촌,2022-09,4종,9415
524,청통와촌,2022-09,5종,12655
524,청통와촌,2022-09,6종,12471
525,북영천,2022-09,1종,245073
525,북영천,2022-09,2종,4384
525,북영천,2022-09,3종,4264
525,북영천,2022-09,4종,4047
525,북영천,2022-09,5종,7295
525,북영천,2022-09,6종,7596
526,서포항,2022-09,1종,124734
526,서포항,2022-09,2종,1858
526,서포항,2022-09,3종,2043
526,서포항,2022-09,4종,1269
526,서포항,2022-09,5종,5325
526,서포항,2022-09,6종,5609
527,포항,2022-09,1종,881256
527,포항,2022-09,2종,17808
527,포항,2022-09,3종,21899
527,포항,2022-09,4종,14711
527,포항,2022-09,5종,59036
527,포항,2022-09,6종,28766
528,기흥동탄,2022-09,1종,1259929
528,기흥동탄,2022-09,2종,19303
528,기흥동탄,2022-09,3종,107221
528,기흥동탄,2022-09,4종,22246
528,기흥동탄,2022-09,5종,21602
528,기흥동탄,2022-09,6종,59569
529,노포,2022-09,1종,197611
529,노포,2022-09,2종,6556
529,노포,2022-09,3종,22855
529,노포,2022-09,4종,4750
529,노포,2022-09,5종,4175
529,노포,2022-09,6종,10182
530,내장산,2022-09,1종,104463
530,내장산,2022-09,2종,3485
530,내장산,2022-09,3종,4264
530,내장산,2022-09,4종,3722
530,내장산,2022-09,5종,3291
530,내장산,2022-09,6종,2707
531,문의청남대,2022-09,1종,248136
531,문의청남대,2022-09,2종,4740
531,문의청남대,2022-09,3종,7711
531,문의청남대,2022-09,4종,9041
531,문의청남대,2022-09,5종,13913
531,문의청남대,2022-09,6종,7762
532,회인,2022-09,1종,75146
532,회인,2022-09,2종,1251
532,회인,2022-09,3종,950
532,회인,2022-09,4종,879
532,회인,2022-09,5종,1151
532,회인,2022-09,6종,2396
533,보은,2022-09,1종,182421
533,보은,2022-09,2종,4793
533,보은,2022-09,3종,5360
533,보은,2022-09,4종,5888
533,보은,2022-09,5종,6149
533,보은,2022-09,6종,6184
534,속리산,2022-09,1종,86973
534,속리산,2022-09,2종,1741
534,속리산,2022-09,3종,2560
534,속리산,2022-09,4종,2137
534,속리산,2022-09,5종,3360
534,속리산,2022-09,6종,2868
535,화서,2022-09,1종,89437
535,화서,2022-09,2종,1965
535,화서,2022-09,3종,2796
535,화서,2022-09,4종,3405
535,화서,2022-09,5종,5255
535,화서,2022-09,6종,2751
536,남상주,2022-09,1종,168913
536,남상주,2022-09,2종,4292
536,남상주,2022-09,3종,11516
536,남상주,2022-09,4종,8971
536,남상주,2022-09,5종,5889
536,남상주,2022-09,6종,5337
537,남김천,2022-09,1종,107408
537,남김천,2022-09,2종,3833
537,남김천,2022-09,3종,6374
537,남김천,2022-09,4종,7386
537,남김천,2022-09,5종,15954
537,남김천,2022-09,6종,3467
538,성주,2022-09,1종,128980
538,성주,2022-09,2종,5129
538,성주,2022-09,3종,8132
538,성주,2022-09,4종,8066
538,성주,2022-09,5종,10405
538,성주,2022-09,6종,4344
539,남성주,2022-09,1종,82841
539,남성주,2022-09,2종,5339
539,남성주,2022-09,3종,5679
539,남성주,2022-09,4종,5932
539,남성주,2022-09,5종,11710
539,남성주,2022-09,6종,2453
540,청북,2022-09,1종,573364
540,청북,2022-09,2종,36236
540,청북,2022-09,3종,45950
540,청북,2022-09,4종,57439
540,청북,2022-09,5종,59918
540,청북,2022-09,6종,28109
541,송탄,2022-09,1종,554934
541,송탄,2022-09,2종,28305
541,송탄,2022-09,3종,33041
541,송탄,2022-09,4종,40238
541,송탄,2022-09,5종,36530
541,송탄,2022-09,6종,30560
542,서안성,2022-09,1종,701510
542,서안성,2022-09,2종,28603
542,서안성,2022-09,3종,45302
542,서안성,2022-09,4종,70333
542,서안성,2022-09,5종,48865
542,서안성,2022-09,6종,32404
543,남안성,2022-09,1종,754946
543,남안성,2022-09,2종,43410
543,남안성,2022-09,3종,50180
543,남안성,2022-09,4종,63854
543,남안성,2022-09,5종,68946
543,남안성,2022-09,6종,35820
544,완주,2022-09,1종,333443
544,완주,2022-09,2종,7864
544,완주,2022-09,3종,16081
544,완주,2022-09,4종,19138
544,완주,2022-09,5종,48840
544,완주,2022-09,6종,8086
545,소양,2022-09,1종,196804
545,소양,2022-09,2종,3451
545,소양,2022-09,3종,10417
545,소양,2022-09,4종,4633
545,소양,2022-09,5종,5806
545,소양,2022-09,6종,4679
546,진안,2022-09,1종,78438
546,진안,2022-09,2종,1957
546,진안,2022-09,3종,3927
546,진안,2022-09,4종,1755
546,진안,2022-09,5종,2820
546,진안,2022-09,6종,2098
547,무안공항,2022-09,1종,56536
547,무안공항,2022-09,2종,428
547,무안공항,2022-09,3종,600
547,무안공항,2022-09,4종,602
547,무안공항,2022-09,5종,1124
547,무안공항,2022-09,6종,1229
548,북무안,2022-09,1종,183265
548,북무안,2022-09,2종,3151
548,북무안,2022-09,3종,4646
548,북무안,2022-09,4종,3862
548,북무안,2022-09,5종,6911
548,북무안,2022-09,6종,4019
549,동함평,2022-09,1종,238381
549,동함평,2022-09,2종,3538
549,동함평,2022-09,3종,4741
549,동함평,2022-09,4종,3091
549,동함평,2022-09,5종,6118
549,동함평,2022-09,6종,7171
550,문평,2022-09,1종,60418
550,문평,2022-09,2종,1046
550,문평,2022-09,3종,1289
550,문평,2022-09,4종,1100
550,문평,2022-09,5종,9276
550,문평,2022-09,6종,1488
551,나주,2022-09,1종,99648
551,나주,2022-09,2종,1861
551,나주,2022-09,3종,2462
551,나주,2022-09,4종,4252
551,나주,2022-09,5종,4311
551,나주,2022-09,6종,4083
552,서광산,2022-09,1종,373513
552,서광산,2022-09,2종,13024
552,서광산,2022-09,3종,12863
552,서광산,2022-09,4종,13703
552,서광산,2022-09,5종,14312
552,서광산,2022-09,6종,11672
553,동광산,2022-09,1종,1352501
553,동광산,2022-09,2종,24005
553,동광산,2022-09,3종,29592
553,동광산,2022-09,4종,25337
553,동광산,2022-09,5종,38229
553,동광산,2022-09,6종,39052
554,동홍천,2022-09,1종,369060
554,동홍천,2022-09,2종,5078
554,동홍천,2022-09,3종,8514
554,동홍천,2022-09,4종,5483
554,동홍천,2022-09,5종,4427
554,동홍천,2022-09,6종,13693
555,북진천,2022-09,1종,410475
555,북진천,2022-09,2종,29600
555,북진천,2022-09,3종,38081
555,북진천,2022-09,4종,46269
555,북진천,2022-09,5종,43654
555,북진천,2022-09,6종,15817
556,동순천,2022-09,1종,426853
556,동순천,2022-09,2종,5606
556,동순천,2022-09,3종,14187
556,동순천,2022-09,4종,13838
556,동순천,2022-09,5종,53167
556,동순천,2022-09,6종,9260
557,황전,2022-09,1종,128772
557,황전,2022-09,2종,1659
557,황전,2022-09,3종,1555
557,황전,2022-09,4종,1624
557,황전,2022-09,5종,5117
557,황전,2022-09,6종,3885
558,구례화엄사,2022-09,1종,147169
558,구례화엄사,2022-09,2종,2884
558,구례화엄사,2022-09,3종,3963
558,구례화엄사,2022-09,4종,3499
558,구례화엄사,2022-09,5종,5710
558,구례화엄사,2022-09,6종,3756
559,서남원,2022-09,1종,92659
559,서남원,2022-09,2종,2629
559,서남원,2022-09,3종,3543
559,서남원,2022-09,4종,4330
559,서남원,2022-09,5종,9989
559,서남원,2022-09,6종,2909
560,감곡,2022-09,1종,363843
560,감곡,2022-09,2종,8905
560,감곡,2022-09,3종,11365
560,감곡,2022-09,4종,14374
560,감곡,2022-09,5종,28929
560,감곡,2022-09,6종,10928
561,북충주,2022-09,1종,227602
561,북충주,2022-09,2종,5384
561,북충주,2022-09,3종,9647
561,북충주,2022-09,4종,5128
561,북충주,2022-09,5종,6695
561,북충주,2022-09,6종,7029
562,충주,2022-09,1종,175260
562,충주,2022-09,2종,4278
562,충주,2022-09,3종,9012
562,충주,2022-09,4종,13023
562,충주,2022-09,5종,11625
562,충주,2022-09,6종,5454
563,괴산,2022-09,1종,75273
563,괴산,2022-09,2종,1438
563,괴산,2022-09,3종,2655
563,괴산,2022-09,4종,3255
563,괴산,2022-09,5종,6000
563,괴산,2022-09,6종,2255
564,연풍,2022-09,1종,98384
564,연풍,2022-09,2종,2716
564,연풍,2022-09,3종,6599
564,연풍,2022-09,4종,11158
564,연풍,2022-09,5종,9293
564,연풍,2022-09,6종,2403
565,문경새재,2022-09,1종,149082
565,문경새재,2022-09,2종,2923
565,문경새재,2022-09,3종,5732
565,문경새재,2022-09,4종,5659
565,문경새재,2022-09,5종,5314
565,문경새재,2022-09,6종,3801
566,점촌함창,2022-09,1종,144593
566,점촌함창,2022-09,2종,2651
566,점촌함창,2022-09,3종,6499
566,점촌함창,2022-09,4종,4568
566,점촌함창,2022-09,5종,5303
566,점촌함창,2022-09,6종,3892
567,남고창,2022-09,1종,175822
567,남고창,2022-09,2종,3318
567,남고창,2022-09,3종,5193
567,남고창,2022-09,4종,2173
567,남고창,2022-09,5종,4404
567,남고창,2022-09,6종,5078
568,장성물류,2022-09,1종,57181
568,장성물류,2022-09,2종,6896
568,장성물류,2022-09,3종,4710
568,장성물류,2022-09,4종,6408
568,장성물류,2022-09,5종,9645
568,장성물류,2022-09,6종,1311
569,북광주,2022-09,1종,532664
569,북광주,2022-09,2종,16521
569,북광주,2022-09,3종,17291
569,북광주,2022-09,4종,26048
569,북광주,2022-09,5종,38320
569,북광주,2022-09,6종,14158
570,북상주,2022-09,1종,162431
570,북상주,2022-09,2종,4572
570,북상주,2022-09,3종,8409
570,북상주,2022-09,4종,13469
570,북상주,2022-09,5종,7209
570,북상주,2022-09,6종,4479
571,면천,2022-09,1종,141449
571,면천,2022-09,2종,2433
571,면천,2022-09,3종,3680
571,면천,2022-09,4종,4034
571,면천,2022-09,5종,9604
571,면천,2022-09,6종,4779
572,고덕,2022-09,1종,180450
572,고덕,2022-09,2종,4288
572,고덕,2022-09,3종,7161
572,고덕,2022-09,4종,6360
572,고덕,2022-09,5종,9764
572,고덕,2022-09,6종,6039
573,예산수덕사,2022-09,1종,417216
573,예산수덕사,2022-09,2종,10062
573,예산수덕사,2022-09,3종,12027
573,예산수덕사,2022-09,4종,15526
573,예산수덕사,2022-09,5종,19751
573,예산수덕사,2022-09,6종,13068
574,신양,2022-09,1종,98793
574,신양,2022-09,2종,2051
574,신양,2022-09,3종,2398
574,신양,2022-09,4종,1998
574,신양,2022-09,5종,3648
574,신양,2022-09,6종,2725
575,유구,2022-09,1종,163915
575,유구,2022-09,2종,2643
575,유구,2022-09,3종,2859
575,유구,2022-09,4종,3219
575,유구,2022-09,5종,4203
575,유구,2022-09,6종,4691
576,마곡사,2022-09,1종,93157
576,마곡사,2022-09,2종,1359
576,마곡사,2022-09,3종,1690
576,마곡사,2022-09,4종,1357
576,마곡사,2022-09,5종,1608
576,마곡사,2022-09,6종,2715
577,공주,2022-09,1종,229268
577,공주,2022-09,2종,4988
577,공주,2022-09,3종,8584
577,공주,2022-09,4종,3592
577,공주,2022-09,5종,6370
577,공주,2022-09,6종,8192
578,서세종,2022-09,1종,378314
578,서세종,2022-09,2종,9976
578,서세종,2022-09,3종,9385
578,서세종,2022-09,4종,6932
578,서세종,2022-09,5종,9509
578,서세종,2022-09,6종,12903
579,남세종,2022-09,1종,587878
579,남세종,2022-09,2종,8298
579,남세종,2022-09,3종,8999
579,남세종,2022-09,4종,7228
579,남세종,2022-09,5종,11809
579,남세종,2022-09,6종,25318
580,북강릉,2022-09,1종,350561
580,북강릉,2022-09,2종,6504
580,북강릉,2022-09,3종,6630
580,북강릉,2022-09,4종,3141
580,북강릉,2022-09,5종,7487
580,북강릉,2022-09,6종,13409
581,옥계,2022-09,1종,100378
581,옥계,2022-09,2종,1883
581,옥계,2022-09,3종,1452
581,옥계,2022-09,4종,2204
581,옥계,2022-09,5종,20740
581,옥계,2022-09,6종,4723
582,망상,2022-09,1종,173357
582,망상,2022-09,2종,2921
582,망상,2022-09,3종,6988
582,망상,2022-09,4종,975
582,망상,2022-09,5종,3378
582,망상,2022-09,6종,8699
583,동해,2022-09,1종,365433
583,동해,2022-09,2종,6111
583,동해,2022-09,3종,11774
583,동해,2022-09,4종,4814
583,동해,2022-09,5종,31467
583,동해,2022-09,6종,18829
584,남강릉,2022-09,1종,176507
584,남강릉,2022-09,2종,5163
584,남강릉,2022-09,3종,3737
584,남강릉,2022-09,4종,2793
584,남강릉,2022-09,5종,5813
584,남강릉,2022-09,6종,9086
585,하조대,2022-09,1종,184105
585,하조대,2022-09,2종,2838
585,하조대,2022-09,3종,3680
585,하조대,2022-09,4종,1048
585,하조대,2022-09,5종,2024
585,하조대,2022-09,6종,6752
586,북남원,2022-09,1종,66286
586,북남원,2022-09,2종,1603
586,북남원,2022-09,3종,1444
586,북남원,2022-09,4종,1670
586,북남원,2022-09,5종,2243
586,북남원,2022-09,6종,1483
587,오수,2022-09,1종,199696
587,오수,2022-09,2종,3276
587,오수,2022-09,3종,6895
587,오수,2022-09,4종,6651
587,오수,2022-09,5종,14265
587,오수,2022-09,6종,5085
588,임실,2022-09,1종,87088
588,임실,2022-09,2종,1896
588,임실,2022-09,3종,2699
588,임실,2022-09,4종,1860
588,임실,2022-09,5종,4489
588,임실,2022-09,6종,2195
589,상관,2022-09,1종,237141
589,상관,2022-09,2종,3575
589,상관,2022-09,3종,10426
589,상관,2022-09,4종,6270
589,상관,2022-09,5종,25799
589,상관,2022-09,6종,5423
590,동전주,2022-09,1종,250031
590,동전주,2022-09,2종,3915
590,동전주,2022-09,3종,3440
590,동전주,2022-09,4종,2225
590,동전주,2022-09,5종,4134
590,동전주,2022-09,6종,7496
591,동서천,2022-09,1종,106340
591,동서천,2022-09,2종,2002
591,동서천,2022-09,3종,3387
591,동서천,2022-09,4종,5106
591,동서천,2022-09,5종,17921
591,동서천,2022-09,6종,2797
592,서부여,2022-09,1종,116315
592,서부여,2022-09,2종,2027
592,서부여,2022-09,3종,3201
592,서부여,2022-09,4종,1993
592,서부여,2022-09,5종,3697
592,서부여,2022-09,6종,3454
593,부여,2022-09,1종,129069
593,부여,2022-09,2종,1760
593,부여,2022-09,3종,3689
593,부여,2022-09,4종,3307
593,부여,2022-09,5종,4387
593,부여,2022-09,6종,3676
594,칠갑산,2022-09,1종,57832
594,칠갑산,2022-09,2종,755
594,칠갑산,2022-09,3종,1733
594,칠갑산,2022-09,4종,1514
594,칠갑산,2022-09,5종,1196
594,칠갑산,2022-09,6종,1485
595,서공주,2022-09,1종,197059
595,서공주,2022-09,2종,4133
595,서공주,2022-09,3종,5243
595,서공주,2022-09,4종,5248
595,서공주,2022-09,5종,8126
595,서공주,2022-09,6종,5713
596,가락2,2022-09,1종,30353
596,가락2,2022-09,2종,2052
596,가락2,2022-09,3종,2889
596,가락2,2022-09,4종,5040
596,가락2,2022-09,5종,8198
596,가락2,2022-09,6종,1497
597,서여주,2022-09,1종,225706
597,서여주,2022-09,2종,6913
597,서여주,2022-09,3종,12941
597,서여주,2022-09,4종,11454
597,서여주,2022-09,5종,14425
597,서여주,2022-09,6종,9233
598,북여주,2022-09,1종,293537
598,북여주,2022-09,2종,7367
598,북여주,2022-09,3종,11417
598,북여주,2022-09,4종,6952
598,북여주,2022-09,5종,9351
598,북여주,2022-09,6종,10322
599,양촌,2022-09,1종,77103
599,양촌,2022-09,2종,1374
599,양촌,2022-09,3종,320
599,양촌,2022-09,4종,20
599,양촌,2022-09,5종,36
599,양촌,2022-09,6종,2505
601,남천안,2022-09,1종,320614
601,남천안,2022-09,2종,10426
601,남천안,2022-09,3종,14841
601,남천안,2022-09,4종,16472
601,남천안,2022-09,5종,19569
601,남천안,2022-09,6종,11380
602,풍세상,2022-09,1종,1908348
602,풍세상,2022-09,2종,37158
602,풍세상,2022-09,3종,102304
602,풍세상,2022-09,4종,80114
602,풍세상,2022-09,5종,124476
602,풍세상,2022-09,6종,45028
603,정안,2022-09,1종,425627
603,정안,2022-09,2종,7105
603,정안,2022-09,3종,18296
603,정안,2022-09,4종,9927
603,정안,2022-09,5종,14770
603,정안,2022-09,6종,13438
604,남공주,2022-09,1종,110354
604,남공주,2022-09,2종,4132
604,남공주,2022-09,3종,4888
604,남공주,2022-09,4종,3575
604,남공주,2022-09,5종,8560
604,남공주,2022-09,6종,3620
605,탄천,2022-09,1종,48977
605,탄천,2022-09,2종,2106
605,탄천,2022-09,3종,1859
605,탄천,2022-09,4종,2604
605,탄천,2022-09,5종,6335
605,탄천,2022-09,6종,1851
606,서논산,2022-09,1종,197320
606,서논산,2022-09,2종,6373
606,서논산,2022-09,3종,10086
606,서논산,2022-09,4종,10882
606,서논산,2022-09,5종,12767
606,서논산,2022-09,6종,5618
607,연무,2022-09,1종,217977
607,연무,2022-09,2종,6126
607,연무,2022-09,3종,11773
607,연무,2022-09,4종,12576
607,연무,2022-09,5종,11099
607,연무,2022-09,6종,6129
608,남논산하,2022-09,1종,1175536
608,남논산하,2022-09,2종,18298
608,남논산하,2022-09,3종,59318
608,남논산하,2022-09,4종,42218
608,남논산하,2022-09,5종,82070
608,남논산하,2022-09,6종,21736
612,풍세하,2022-09,1종,1732882
612,풍세하,2022-09,2종,33322
612,풍세하,2022-09,3종,97638
612,풍세하,2022-09,4종,65370
612,풍세하,2022-09,5종,96720
612,풍세하,2022-09,6종,41058
613,남풍세,2022-09,1종,743760
613,남풍세,2022-09,2종,24793
613,남풍세,2022-09,3종,46617
613,남풍세,2022-09,4종,66803
613,남풍세,2022-09,5종,98232
613,남풍세,2022-09,6종,25030
618,남논산상,2022-09,1종,1183060
618,남논산상,2022-09,2종,18256
618,남논산상,2022-09,3종,59664
618,남논산상,2022-09,4종,43806
618,남논산상,2022-09,5종,89060
618,남논산상,2022-09,6종,21680
621,동대구,2022-09,1종,914920
621,동대구,2022-09,2종,20558
621,동대구,2022-09,3종,27707
621,동대구,2022-09,4종,18179
621,동대구,2022-09,5종,21433
621,동대구,2022-09,6종,38148
622,대구,2022-09,1종,1582914
622,대구,2022-09,2종,39244
622,대구,2022-09,3종,36698
622,대구,2022-09,4종,53370
622,대구,2022-09,5종,110730
622,대구,2022-09,6종,46968
623,수성,2022-09,1종,1030192
623,수성,2022-09,2종,18512
623,수성,2022-09,3종,14524
623,수성,2022-09,4종,10320
623,수성,2022-09,5종,14240
623,수성,2022-09,6종,41013
624,청도,2022-09,1종,344940
624,청도,2022-09,2종,8420
624,청도,2022-09,3종,8759
624,청도,2022-09,4종,8924
624,청도,2022-09,5종,10538
624,청도,2022-09,6종,12537
625,밀양,2022-09,1종,408674
625,밀양,2022-09,2종,10286
625,밀양,2022-09,3종,10086
625,밀양,2022-09,4종,9271
625,밀양,2022-09,5종,14142
625,밀양,2022-09,6종,15159
626,남밀양,2022-09,1종,490161
626,남밀양,2022-09,2종,16282
626,남밀양,2022-09,3종,15145
626,남밀양,2022-09,4종,13848
626,남밀양,2022-09,5종,21412
626,남밀양,2022-09,6종,23230
627,삼랑진,2022-09,1종,283762
627,삼랑진,2022-09,2종,7921
627,삼랑진,2022-09,3종,8757
627,삼랑진,2022-09,4종,7843
627,삼랑진,2022-09,5종,18919
627,삼랑진,2022-09,6종,14755
628,상동,2022-09,1종,146774
628,상동,2022-09,2종,18719
628,상동,2022-09,3종,12990
628,상동,2022-09,4종,18433
628,상동,2022-09,5종,13571
628,상동,2022-09,6종,7432
629,김해부산,2022-09,1종,1311586
629,김해부산,2022-09,2종,41666
629,김해부산,2022-09,3종,33076
629,김해부산,2022-09,4종,49184
629,김해부산,2022-09,5종,102462
629,김해부산,2022-09,6종,41456
641,울산,2022-09,1종,1179287
641,울산,2022-09,2종,27342
641,울산,2022-09,3종,44027
641,울산,2022-09,4종,26625
641,울산,2022-09,5종,56112
641,울산,2022-09,6종,54433
642,문수,2022-09,1종,304371
642,문수,2022-09,2종,6986
642,문수,2022-09,3종,12338
642,문수,2022-09,4종,11600
642,문수,2022-09,5종,15153
642,문수,2022-09,6종,14925
643,청량,2022-09,1종,846565
643,청량,2022-09,2종,16585
643,청량,2022-09,3종,29666
643,청량,2022-09,4종,42343
643,청량,2022-09,5종,183623
643,청량,2022-09,6종,43751
644,온양,2022-09,1종,201326
644,온양,2022-09,2종,5063
644,온양,2022-09,3종,4320
644,온양,2022-09,4종,3650
644,온양,2022-09,5종,12116
644,온양,2022-09,6종,12259
645,장안,2022-09,1종,409695
645,장안,2022-09,2종,8311
645,장안,2022-09,3종,11617
645,장안,2022-09,4종,10864
645,장안,2022-09,5종,19491
645,장안,2022-09,6종,20806
646,기장일광,2022-09,1종,571199
646,기장일광,2022-09,2종,4211
646,기장일광,2022-09,3종,7211
646,기장일광,2022-09,4종,6832
646,기장일광,2022-09,5종,29868
646,기장일광,2022-09,6종,28152
647,해운대송정,2022-09,1종,275700
647,해운대송정,2022-09,2종,2434
647,해운대송정,2022-09,3종,2208
647,해운대송정,2022-09,4종,1759
647,해운대송정,2022-09,5종,1828
647,해운대송정,2022-09,6종,14549
648,해운대,2022-09,1종,1307755
648,해운대,2022-09,2종,10534
648,해운대,2022-09,3종,15149
648,해운대,2022-09,4종,9948
648,해운대,2022-09,5종,44689
648,해운대,2022-09,6종,62566
651,남양주,2022-09,1종,2388872
651,남양주,2022-09,2종,39938
651,남양주,2022-09,3종,60245
651,남양주,2022-09,4종,34921
651,남양주,2022-09,5종,24705
651,남양주,2022-09,6종,106203
652,화도,2022-09,1종,1391301
652,화도,2022-09,2종,32991
652,화도,2022-09,3종,33304
652,화도,2022-09,4종,29264
652,화도,2022-09,5종,19561
652,화도,2022-09,6종,78213
653,서종,2022-09,1종,273857
653,서종,2022-09,2종,2556
653,서종,2022-09,3종,1567
653,서종,2022-09,4종,1455
653,서종,2022-09,5종,1817
653,서종,2022-09,6종,12245
654,설악,2022-09,1종,446149
654,설악,2022-09,2종,4291
654,설악,2022-09,3종,5906
654,설악,2022-09,4종,2075
654,설악,2022-09,5종,2673
654,설악,2022-09,6종,16812
655,강촌,2022-09,1종,255676
655,강촌,2022-09,2종,3619
655,강촌,2022-09,3종,7258
655,강촌,2022-09,4종,2446
655,강촌,2022-09,5종,2826
655,강촌,2022-09,6종,8702
656,남춘천,2022-09,1종,253263
656,남춘천,2022-09,2종,2758
656,남춘천,2022-09,3종,4125
656,남춘천,2022-09,4종,2468
656,남춘천,2022-09,5종,6373
656,남춘천,2022-09,6종,7456
657,동산,2022-09,1종,1242256
657,동산,2022-09,2종,18508
657,동산,2022-09,3종,34208
657,동산,2022-09,4종,9564
657,동산,2022-09,5종,18116
657,동산,2022-09,6종,49112
658,조양,2022-09,1종,36503
658,조양,2022-09,2종,562
658,조양,2022-09,3종,1081
658,조양,2022-09,4종,839
658,조양,2022-09,5종,1885
658,조양,2022-09,6종,1370
671,봉담,2022-09,1종,1477719
671,봉담,2022-09,2종,39767
671,봉담,2022-09,3종,37375
671,봉담,2022-09,4종,26558
671,봉담,2022-09,5종,37009
671,봉담,2022-09,6종,84728
672,정남,2022-09,1종,443859
672,정남,2022-09,2종,20007
672,정남,2022-09,3종,11530
672,정남,2022-09,4종,13411
672,정남,2022-09,5종,12491
672,정남,2022-09,6종,26323
673,북오산,2022-09,1종,1249663
673,북오산,2022-09,2종,28835
673,북오산,2022-09,3종,38049
673,북오산,2022-09,4종,19378
673,북오산,2022-09,5종,14709
673,북오산,2022-09,6종,73930
675,서오산,2022-09,1종,1290312
675,서오산,2022-09,2종,25275
675,서오산,2022-09,3종,29626
675,서오산,2022-09,4종,15973
675,서오산,2022-09,5종,22888
675,서오산,2022-09,6종,69232
676,향남,2022-09,1종,509176
676,향남,2022-09,2종,27530
676,향남,2022-09,3종,19776
676,향남,2022-09,4종,18508
676,향남,2022-09,5종,13471
676,향남,2022-09,6종,30687
677,북평택,2022-09,1종,2413582
677,북평택,2022-09,2종,52553
677,북평택,2022-09,3종,78241
677,북평택,2022-09,4종,55790
677,북평택,2022-09,5종,60335
677,북평택,2022-09,6종,110991
681,장안본선,2022-09,1종,1236848
681,장안본선,2022-09,2종,64894
681,장안본선,2022-09,3종,153198
681,장안본선,2022-09,4종,80956
681,장안본선,2022-09,5종,196474
681,장안본선,2022-09,6종,49120
682,조암,2022-09,1종,354361
682,조암,2022-09,2종,31291
682,조암,2022-09,3종,34370
682,조암,2022-09,4종,31986
682,조암,2022-09,5종,41150
682,조암,2022-09,6종,16049
683,송산마도,2022-09,1종,827977
683,송산마도,2022-09,2종,38562
683,송산마도,2022-09,3종,33762
683,송산마도,2022-09,4종,33349
683,송산마도,2022-09,5종,86467
683,송산마도,2022-09,6종,39407
684,남안산,2022-09,1종,737884
684,남안산,2022-09,2종,58231
684,남안산,2022-09,3종,53748
684,남안산,2022-09,4종,63948
684,남안산,2022-09,5종,81927
684,남안산,2022-09,6종,37363
685,서시흥,2022-09,1종,1475551
685,서시흥,2022-09,2종,62156
685,서시흥,2022-09,3종,82563
685,서시흥,2022-09,4종,87015
685,서시흥,2022-09,5종,192100
685,서시흥,2022-09,6종,65973
701,북양양,2022-09,1종,250271
701,북양양,2022-09,2종,3003
701,북양양,2022-09,3종,4074
701,북양양,2022-09,4종,1320
701,북양양,2022-09,5종,3205
701,북양양,2022-09,6종,9202
702,속초,2022-09,1종,362261
702,속초,2022-09,2종,5937
702,속초,2022-09,3종,7507
702,속초,2022-09,4종,3069
702,속초,2022-09,5종,7226
702,속초,2022-09,6종,11348
703,삼척,2022-09,1종,196335
703,삼척,2022-09,2종,3191
703,삼척,2022-09,3종,5914
703,삼척,2022-09,4종,2082
703,삼척,2022-09,5종,4953
703,삼척,2022-09,6종,9962
704,근덕,2022-09,1종,220847
704,근덕,2022-09,2종,3093
704,근덕,2022-09,3종,4813
704,근덕,2022-09,4종,2840
704,근덕,2022-09,5종,14123
704,근덕,2022-09,6종,8372
705,남이천,2022-09,1종,338884
705,남이천,2022-09,2종,16994
705,남이천,2022-09,3종,15544
705,남이천,2022-09,4종,28167
705,남이천,2022-09,5종,22713
705,남이천,2022-09,6종,11542
706,남경주,2022-09,1종,303863
706,남경주,2022-09,2종,5075
706,남경주,2022-09,3종,10082
706,남경주,2022-09,4종,5951
706,남경주,2022-09,5종,16636
706,남경주,2022-09,6종,13134
707,남포항,2022-09,1종,487563
707,남포항,2022-09,2종,7373
707,남포항,2022-09,3종,12486
707,남포항,2022-09,4종,10410
707,남포항,2022-09,5종,75787
707,남포항,2022-09,6종,18390
708,동경주,2022-09,1종,174830
708,동경주,2022-09,2종,2323
708,동경주,2022-09,3종,2094
708,동경주,2022-09,4종,1528
708,동경주,2022-09,5종,11092
708,동경주,2022-09,6종,7089
710,밀양출구JC,2022-09,1종,111989
710,밀양출구JC,2022-09,2종,4601
710,밀양출구JC,2022-09,3종,8525
710,밀양출구JC,2022-09,4종,4197
710,밀양출구JC,2022-09,5종,9591
710,밀양출구JC,2022-09,6종,4134
711,불갑산(목포),2022-09,1종,29542
711,불갑산(목포),2022-09,2종,189
711,불갑산(목포),2022-09,3종,975
711,불갑산(목포),2022-09,4종,32
711,불갑산(목포),2022-09,5종,141
711,불갑산(목포),2022-09,6종,606
712,동상주,2022-09,1종,95743
712,동상주,2022-09,2종,2321
712,동상주,2022-09,3종,4139
712,동상주,2022-09,4종,3951
712,동상주,2022-09,5종,3413
712,동상주,2022-09,6종,2632
713,서의성,2022-09,1종,69975
713,서의성,2022-09,2종,1527
713,서의성,2022-09,3종,2920
713,서의성,2022-09,4종,2586
713,서의성,2022-09,5종,2506
713,서의성,2022-09,6종,2388
714,북의성,2022-09,1종,66898
714,북의성,2022-09,2종,1598
714,북의성,2022-09,3종,1679
714,북의성,2022-09,4종,1157
714,북의성,2022-09,5종,2148
714,북의성,2022-09,6종,2110
715,동안동,2022-09,1종,142500
715,동안동,2022-09,2종,1962
715,동안동,2022-09,3종,2445
715,동안동,2022-09,4종,1167
715,동안동,2022-09,5종,2470
715,동안동,2022-09,6종,4627
716,청송,2022-09,1종,174304
716,청송,2022-09,2종,2737
716,청송,2022-09,3종,2406
716,청송,2022-09,4종,1822
716,청송,2022-09,5종,1803
716,청송,2022-09,6종,5718
720,밀양입구JC,2022-09,1종,104682
720,밀양입구JC,2022-09,2종,4022
720,밀양입구JC,2022-09,3종,9389
720,밀양입구JC,2022-09,4종,3586
720,밀양입구JC,2022-09,5종,9518
720,밀양입구JC,2022-09,6종,4120
722,활천,2022-09,1종,96193
722,활천,2022-09,2종,6558
722,활천,2022-09,3종,10252
722,활천,2022-09,4종,10810
722,활천,2022-09,5종,15833
722,활천,2022-09,6종,3329
723,북구미,2022-09,1종,266693
723,북구미,2022-09,2종,3929
723,북구미,2022-09,3종,2041
723,북구미,2022-09,4종,407
723,북구미,2022-09,5종,486
723,북구미,2022-09,6종,11564
724,서함양,2022-09,1종,20989
724,서함양,2022-09,2종,221
724,서함양,2022-09,3종,116
724,서함양,2022-09,4종,3
724,서함양,2022-09,5종,19
724,서함양,2022-09,6종,630
725,임고,2022-09,1종,42710
725,임고,2022-09,2종,274
725,임고,2022-09,3종,84
725,임고,2022-09,4종,51
725,임고,2022-09,5종,108
725,임고,2022-09,6종,766
729,신둔,2022-09,1종,40182
729,신둔,2022-09,2종,3527
729,신둔,2022-09,3종,591
729,신둔,2022-09,4종,0
729,신둔,2022-09,5종,0
729,신둔,2022-09,6종,2110
730,유천,2022-09,1종,445292
730,유천,2022-09,2종,7891
730,유천,2022-09,3종,2249
730,유천,2022-09,4종,245
730,유천,2022-09,5종,879
730,유천,2022-09,6종,22396
731,북현풍,2022-09,1종,160374
731,북현풍,2022-09,2종,2402
731,북현풍,2022-09,3종,988
731,북현풍,2022-09,4종,13
731,북현풍,2022-09,5종,414
731,북현풍,2022-09,6종,9225
732,행담도,2022-09,1종,28648
732,행담도,2022-09,2종,396
732,행담도,2022-09,3종,163
732,행담도,2022-09,4종,103
732,행담도,2022-09,5종,66
732,행담도,2022-09,6종,1235
733,옥산,2022-09,1종,159017
733,옥산,2022-09,2종,5149
733,옥산,2022-09,3종,1430
733,옥산,2022-09,4종,79
733,옥산,2022-09,5종,75
733,옥산,2022-09,6종,5532
734,동둔내,2022-09,1종,4410
734,동둔내,2022-09,2종,52
734,동둔내,2022-09,3종,11
734,동둔내,2022-09,4종,0
734,동둔내,2022-09,5종,1
734,동둔내,2022-09,6종,93
735,남양평,2022-09,1종,143861
735,남양평,2022-09,2종,2567
735,남양평,2022-09,3종,848
735,남양평,2022-09,4종,93
735,남양평,2022-09,5종,545
735,남양평,2022-09,6종,5482
736,삼성,2022-09,1종,119582
736,삼성,2022-09,2종,8212
736,삼성,2022-09,3종,467
736,삼성,2022-09,4종,66
736,삼성,2022-09,5종,53
736,삼성,2022-09,6종,3875
741,평택고덕,2022-09,1종,566436
741,평택고덕,2022-09,2종,10535
741,평택고덕,2022-09,3종,50612
741,평택고덕,2022-09,4종,15115
741,평택고덕,2022-09,5종,22299
741,평택고덕,2022-09,6종,34788
742,남사진위,2022-09,1종,528235
742,남사진위,2022-09,2종,14536
742,남사진위,2022-09,3종,27146
742,남사진위,2022-09,4종,36657
742,남사진위,2022-09,5종,17546
742,남사진위,2022-09,6종,24163
746,기장일광입구,2022-09,1종,203309
746,기장일광입구,2022-09,2종,3139
746,기장일광입구,2022-09,3종,411
746,기장일광입구,2022-09,4종,40
746,기장일광입구,2022-09,5종,62
746,기장일광입구,2022-09,6종,11626
747,척과구룡,2022-09,1종,87121
747,척과구룡,2022-09,2종,5575
747,척과구룡,2022-09,3종,9858
747,척과구룡,2022-09,4종,6212
747,척과구룡,2022-09,5종,11998
747,척과구룡,2022-09,6종,3587
748,동청송영양,2022-09,1종,102290
748,동청송영양,2022-09,2종,1298
748,동청송영양,2022-09,3종,1375
748,동청송영양,2022-09,4종,880
748,동청송영양,2022-09,5종,1422
748,동청송영양,2022-09,6종,2651
749,영덕,2022-09,1종,249573
749,영덕,2022-09,2종,2807
749,영덕,2022-09,3종,4793
749,영덕,2022-09,4종,2318
749,영덕,2022-09,5종,6259
749,영덕,2022-09,6종,6509
750,기장동JC,2022-09,1종,383609
750,기장동JC,2022-09,2종,9837
750,기장동JC,2022-09,3종,16007
750,기장동JC,2022-09,4종,5502
750,기장동JC,2022-09,5종,36578
750,기장동JC,2022-09,6종,21854
751,기장일광(KEC),2022-09,1종,291838
751,기장일광(KEC),2022-09,2종,4377
751,기장일광(KEC),2022-09,3종,3497
751,기장일광(KEC),2022-09,4종,3648
751,기장일광(KEC),2022-09,5종,14885
751,기장일광(KEC),2022-09,6종,18491
752,기장철마,2022-09,1종,681988
752,기장철마,2022-09,2종,13406
752,기장철마,2022-09,3종,10895
752,기장철마,2022-09,4종,9811
752,기장철마,2022-09,5종,26921
752,기장철마,2022-09,6종,40444
753,금정,2022-09,1종,308530
753,금정,2022-09,2종,9140
753,금정,2022-09,3종,9632
753,금정,2022-09,4종,8309
753,금정,2022-09,5종,13493
753,금정,2022-09,6종,16662
754,김해가야휴게소,2022-09,1종,78080
754,김해가야휴게소,2022-09,2종,1692
754,김해가야휴게소,2022-09,3종,54
754,김해가야휴게소,2022-09,4종,4
754,김해가야휴게소,2022-09,5종,2
754,김해가야휴게소,2022-09,6종,3593
755,광재,2022-09,1종,436984
755,광재,2022-09,2종,22674
755,광재,2022-09,3종,18882
755,광재,2022-09,4종,16477
755,광재,2022-09,5종,33850
755,광재,2022-09,6종,23799
756,한림,2022-09,1종,123052
756,한림,2022-09,2종,8223
756,한림,2022-09,3종,8054
756,한림,2022-09,4종,6110
756,한림,2022-09,5종,13222
756,한림,2022-09,6종,5413
757,진영,2022-09,1종,267887
757,진영,2022-09,2종,11878
757,진영,2022-09,3종,16248
757,진영,2022-09,4종,17913
757,진영,2022-09,5종,25035
757,진영,2022-09,6종,13994
758,진영휴게소,2022-09,1종,495
758,진영휴게소,2022-09,2종,8
758,진영휴게소,2022-09,3종,1
758,진영휴게소,2022-09,4종,2
758,진영휴게소,2022-09,5종,30
758,진영휴게소,2022-09,6종,27
760,기장서JC,2022-09,1종,659951
760,기장서JC,2022-09,2종,17406
760,기장서JC,2022-09,3종,20566
760,기장서JC,2022-09,4종,7218
760,기장서JC,2022-09,5종,53969
760,기장서JC,2022-09,6종,39007
762,중앙탑,2022-09,1종,48357
762,중앙탑,2022-09,2종,935
762,중앙탑,2022-09,3종,130
762,중앙탑,2022-09,4종,3
762,중앙탑,2022-09,5종,6
762,중앙탑,2022-09,6종,2610
765,내촌,2022-09,1종,48232
765,내촌,2022-09,2종,908
765,내촌,2022-09,3종,671
765,내촌,2022-09,4종,993
765,내촌,2022-09,5종,950
765,내촌,2022-09,6종,2096
766,인제,2022-09,1종,97430
766,인제,2022-09,2종,2016
766,인제,2022-09,3종,1218
766,인제,2022-09,4종,1209
766,인제,2022-09,5종,1301
766,인제,2022-09,6종,4342
767,구병산,2022-09,1종,5524
767,구병산,2022-09,2종,63
767,구병산,2022-09,3종,35
767,구병산,2022-09,4종,0
767,구병산,2022-09,5종,1
767,구병산,2022-09,6종,419
768,서양양,2022-09,1종,10930
768,서양양,2022-09,2종,191
768,서양양,2022-09,3종,143
768,서양양,2022-09,4종,46
768,서양양,2022-09,5종,145
768,서양양,2022-09,6종,232
770,울주동JC,2022-09,1종,203063
770,울주동JC,2022-09,2종,6941
770,울주동JC,2022-09,3종,18298
770,울주동JC,2022-09,4종,5898
770,울주동JC,2022-09,5종,26038
770,울주동JC,2022-09,6종,9493
771,배내골,2022-09,1종,47060
771,배내골,2022-09,2종,359
771,배내골,2022-09,3종,373
771,배내골,2022-09,4종,240
771,배내골,2022-09,5종,186
771,배내골,2022-09,6종,1926
772,북달성,2022-09,1종,446814
772,북달성,2022-09,2종,12379
772,북달성,2022-09,3종,18963
772,북달성,2022-09,4종,17211
772,북달성,2022-09,5종,13067
772,북달성,2022-09,6종,20494
773,북다사,2022-09,1종,241640
773,북다사,2022-09,2종,6075
773,북다사,2022-09,3종,5364
773,북다사,2022-09,4종,5367
773,북다사,2022-09,5종,5841
773,북다사,2022-09,6종,11824
774,남칠곡,2022-09,1종,388901
774,남칠곡,2022-09,2종,7460
774,남칠곡,2022-09,3종,7871
774,남칠곡,2022-09,4종,5804
774,남칠곡,2022-09,5종,5798
774,남칠곡,2022-09,6종,17964
775,동명동호,2022-09,1종,403045
775,동명동호,2022-09,2종,6912
775,동명동호,2022-09,3종,5358
775,동명동호,2022-09,4종,5180
775,동명동호,2022-09,5종,15029
775,동명동호,2022-09,6종,12858
776,연경,2022-09,1종,767603
776,연경,2022-09,2종,12683
776,연경,2022-09,3종,9803
776,연경,2022-09,4종,8124
776,연경,2022-09,5종,12982
776,연경,2022-09,6종,40189
777,파군재,2022-09,1종,419901
777,파군재,2022-09,2종,3354
777,파군재,2022-09,3종,2725
777,파군재,2022-09,4종,1526
777,파군재,2022-09,5종,1498
777,파군재,2022-09,6종,24833
778,둔산,2022-09,1종,59043
778,둔산,2022-09,2종,2289
778,둔산,2022-09,3종,1250
778,둔산,2022-09,4종,1009
778,둔산,2022-09,5종,630
778,둔산,2022-09,6종,3084
779,율암,2022-09,1종,606337
779,율암,2022-09,2종,7284
779,율암,2022-09,3종,5770
779,율암,2022-09,4종,6437
779,율암,2022-09,5종,9862
779,율암,2022-09,6종,36787
780,울주서JC,2022-09,1종,210316
780,울주서JC,2022-09,2종,7329
780,울주서JC,2022-09,3종,15858
780,울주서JC,2022-09,4종,6137
780,울주서JC,2022-09,5종,26891
780,울주서JC,2022-09,6종,10058
876,양감,2022-09,1종,331917
876,양감,2022-09,2종,14550
876,양감,2022-09,3종,14746
876,양감,2022-09,4종,16328
876,양감,2022-09,5종,18302
876,양감,2022-09,6종,20981
981,서영암,2022-09,1종,334803
981,서영암,2022-09,2종,4595
981,서영암,2022-09,3종,9582
981,서영암,2022-09,4종,7628
981,서영암,2022-09,5종,18496
981,서영암,2022-09,6종,8645
982,강진무위사,2022-09,1종,222580
982,강진무위사,2022-09,2종,3350
982,강진무위사,2022-09,3종,5955
982,강진무위사,2022-09,4종,4714
982,강진무위사,2022-09,5종,6911
982,강진무위사,2022-09,6종,5456
983,장흥,2022-09,1종,117829
983,장흥,2022-09,2종,1891
983,장흥,2022-09,3종,2597
983,장흥,2022-09,4종,1253
983,장흥,2022-09,5종,2065
983,장흥,2022-09,6종,3063
984,보성,2022-09,1종,264290
984,보성,2022-09,2종,5105
984,보성,2022-09,3종,6291
984,보성,2022-09,4종,5177
984,보성,2022-09,5종,14953
984,보성,2022-09,6종,5874
985,벌교,2022-09,1종,187904
985,벌교,2022-09,2종,3434
985,벌교,2022-09,3종,3865
985,벌교,2022-09,4종,2670
985,벌교,2022-09,5종,4656
985,벌교,2022-09,6종,4109
986,고흥,2022-09,1종,278473
986,고흥,2022-09,2종,3339
986,고흥,2022-09,3종,5080
986,고흥,2022-09,4종,5468
986,고흥,2022-09,5종,9543
986,고흥,2022-09,6종,7651
987,남순천,2022-09,1종,675775
987,남순천,2022-09,2종,9034
987,남순천,2022-09,3종,16156
987,남순천,2022-09,4종,14953
987,남순천,2022-09,5종,42898
987,남순천,2022-09,6종,16538
11,인천,2022-10,1종,4346879
11,인천,2022-10,2종,104836
11,인천,2022-10,3종,63473
11,인천,2022-10,4종,67380
11,인천,2022-10,5종,128343
11,인천,2022-10,6종,301664
12,서영암(개),2022-10,1종,80265
12,서영암(개),2022-10,2종,1077
12,서영암(개),2022-10,3종,1372
12,서영암(개),2022-10,4종,1435
12,서영암(개),2022-10,5종,6600
12,서영암(개),2022-10,6종,3032
13,순천만,2022-10,1종,223831
13,순천만,2022-10,2종,4950
13,순천만,2022-10,3종,6840
13,순천만,2022-10,4종,3620
13,순천만,2022-10,5종,10989
13,순천만,2022-10,6종,7944
25,동부산,2022-10,1종,571419
25,동부산,2022-10,2종,2381
25,동부산,2022-10,3종,8701
25,동부산,2022-10,4종,2798
25,동부산,2022-10,5종,13100
25,동부산,2022-10,6종,13208
29,가락(개),2022-10,1종,959926
29,가락(개),2022-10,2종,19614
29,가락(개),2022-10,3종,20298
29,가락(개),2022-10,4종,20277
29,가락(개),2022-10,5종,117878
29,가락(개),2022-10,6종,66556
53,남인천,2022-10,1종,2251487
53,남인천,2022-10,2종,45692
53,남인천,2022-10,3종,43221
53,남인천,2022-10,4종,25551
53,남인천,2022-10,5종,55953
53,남인천,2022-10,6종,142515
56,일로,2022-10,1종,39925
56,일로,2022-10,2종,906
56,일로,2022-10,3종,605
56,일로,2022-10,4종,1121
56,일로,2022-10,5종,1292
56,일로,2022-10,6종,2054
57,다사,2022-10,1종,69571
57,다사,2022-10,2종,1330
57,다사,2022-10,3종,1265
57,다사,2022-10,4종,519
57,다사,2022-10,5종,843
57,다사,2022-10,6종,5084
58,지천,2022-10,1종,51490
58,지천,2022-10,2종,1011
58,지천,2022-10,3종,885
58,지천,2022-10,4종,529
58,지천,2022-10,5종,1440
58,지천,2022-10,6종,2416
61,성남,2022-10,1종,5243719
61,성남,2022-10,2종,142855
61,성남,2022-10,3종,142096
61,성남,2022-10,4종,112341
61,성남,2022-10,5종,100390
61,성남,2022-10,6종,273790
62,구리남양주,2022-10,1종,5347857
62,구리남양주,2022-10,2종,165116
62,구리남양주,2022-10,3종,137232
62,구리남양주,2022-10,4종,145487
62,구리남양주,2022-10,5종,115670
62,구리남양주,2022-10,6종,306677
63,토평,2022-10,1종,799283
63,토평,2022-10,2종,22747
63,토평,2022-10,3종,14367
63,토평,2022-10,4종,18400
63,토평,2022-10,5종,19547
63,토평,2022-10,6종,47424
64,청계,2022-10,1종,4626322
64,청계,2022-10,2종,101591
64,청계,2022-10,3종,117589
64,청계,2022-10,4종,60262
64,청계,2022-10,5종,73899
64,청계,2022-10,6종,260834
65,판교,2022-10,1종,2411623
65,판교,2022-10,2종,26120
65,판교,2022-10,3종,127446
65,판교,2022-10,4종,9680
65,판교,2022-10,5종,10842
65,판교,2022-10,6종,102901
66,하남,2022-10,1종,1031765
66,하남,2022-10,2종,24545
66,하남,2022-10,3종,13408
66,하남,2022-10,4종,13319
66,하남,2022-10,5종,13455
66,하남,2022-10,6종,55882
67,시흥,2022-10,1종,4293116
67,시흥,2022-10,2종,109125
67,시흥,2022-10,3종,101850
67,시흥,2022-10,4종,98048
67,시흥,2022-10,5종,94185
67,시흥,2022-10,6종,244973
68,김포,2022-10,1종,5150997
68,김포,2022-10,2종,141340
68,김포,2022-10,3종,101499
68,김포,2022-10,4종,91953
68,김포,2022-10,5종,143581
68,김포,2022-10,6종,332057
69,대왕판교,2022-10,1종,203742
69,대왕판교,2022-10,2종,1865
69,대왕판교,2022-10,3종,677
69,대왕판교,2022-10,4종,31
69,대왕판교,2022-10,5종,16
69,대왕판교,2022-10,6종,8307
74,덕소삼패,2022-10,1종,464049
74,덕소삼패,2022-10,2종,8988
74,덕소삼패,2022-10,3종,6237
74,덕소삼패,2022-10,4종,8314
74,덕소삼패,2022-10,5종,13310
74,덕소삼패,2022-10,6종,30724
91,대동(개),2022-10,1종,104430
91,대동(개),2022-10,2종,4770
91,대동(개),2022-10,3종,4072
91,대동(개),2022-10,4종,18219
91,대동(개),2022-10,5종,7421
91,대동(개),2022-10,6종,5571
92,내서,2022-10,1종,239371
92,내서,2022-10,2종,6552
92,내서,2022-10,3종,10975
92,내서,2022-10,4종,4853
92,내서,2022-10,5종,10459
92,내서,2022-10,6종,17837
101,서울,2022-10,1종,5593114
101,서울,2022-10,2종,148679
101,서울,2022-10,3종,539417
101,서울,2022-10,4종,128590
101,서울,2022-10,5종,71499
101,서울,2022-10,6종,218542
102,동수원,2022-10,1종,2276297
102,동수원,2022-10,2종,27097
102,동수원,2022-10,3종,67614
102,동수원,2022-10,4종,10430
102,동수원,2022-10,5종,11138
102,동수원,2022-10,6종,113491
103,수원신갈,2022-10,1종,2389841
103,수원신갈,2022-10,2종,80199
103,수원신갈,2022-10,3종,146977
103,수원신갈,2022-10,4종,59683
103,수원신갈,2022-10,5종,30253
103,수원신갈,2022-10,6종,107398
104,지곡,2022-10,1종,51739
104,지곡,2022-10,2종,1598
104,지곡,2022-10,3종,2492
104,지곡,2022-10,4종,2823
104,지곡,2022-10,5종,2912
104,지곡,2022-10,6종,1727
105,기흥,2022-10,1종,796273
105,기흥,2022-10,2종,13606
105,기흥,2022-10,3종,25214
105,기흥,2022-10,4종,11150
105,기흥,2022-10,5종,7369
105,기흥,2022-10,6종,38143
106,오산,2022-10,1종,1245227
106,오산,2022-10,2종,70070
106,오산,2022-10,3종,77917
106,오산,2022-10,4종,53601
106,오산,2022-10,5종,29756
106,오산,2022-10,6종,70101
107,안성,2022-10,1종,1240024
107,안성,2022-10,2종,28794
107,안성,2022-10,3종,43315
107,안성,2022-10,4종,17663
107,안성,2022-10,5종,11999
107,안성,2022-10,6종,72190
108,천안,2022-10,1종,1849894
108,천안,2022-10,2종,36228
108,천안,2022-10,3종,85758
108,천안,2022-10,4종,33958
108,천안,2022-10,5종,37842
108,천안,2022-10,6종,86484
109,계룡,2022-10,1종,196506
109,계룡,2022-10,2종,9894
109,계룡,2022-10,3종,10443
109,계룡,2022-10,4종,10833
109,계룡,2022-10,5종,9179
109,계룡,2022-10,6종,10160
110,독립기념관,2022-10,1종,388122
110,독립기념관,2022-10,2종,14642
110,독립기념관,2022-10,3종,24775
110,독립기념관,2022-10,4종,29750
110,독립기념관,2022-10,5종,23040
110,독립기념관,2022-10,6종,15826
111,청주,2022-10,1종,642963
111,청주,2022-10,2종,15546
111,청주,2022-10,3종,43685
111,청주,2022-10,4종,22042
111,청주,2022-10,5종,26889
111,청주,2022-10,6종,26101
112,남청주,2022-10,1종,610332
112,남청주,2022-10,2종,33078
112,남청주,2022-10,3종,29262
112,남청주,2022-10,4종,41918
112,남청주,2022-10,5종,56528
112,남청주,2022-10,6종,23319
113,신탄진,2022-10,1종,810608
113,신탄진,2022-10,2종,30011
113,신탄진,2022-10,3종,26924
113,신탄진,2022-10,4종,46463
113,신탄진,2022-10,5종,63005
113,신탄진,2022-10,6종,39903
114,남대전,2022-10,1종,430988
114,남대전,2022-10,2종,13594
114,남대전,2022-10,3종,20355
114,남대전,2022-10,4종,30877
114,남대전,2022-10,5종,12541
114,남대전,2022-10,6종,20934
115,대전,2022-10,1종,1764060
115,대전,2022-10,2종,255870
115,대전,2022-10,3종,226672
115,대전,2022-10,4종,14166
115,대전,2022-10,5종,19251
115,대전,2022-10,6종,80021
116,옥천,2022-10,1종,538150
116,옥천,2022-10,2종,18743
116,옥천,2022-10,3종,18966
116,옥천,2022-10,4종,31526
116,옥천,2022-10,5종,31140
116,옥천,2022-10,6종,27367
117,금강,2022-10,1종,46828
117,금강,2022-10,2종,1029
117,금강,2022-10,3종,1649
117,금강,2022-10,4종,2172
117,금강,2022-10,5종,1075
117,금강,2022-10,6종,2314
118,영동,2022-10,1종,118460
118,영동,2022-10,2종,3737
118,영동,2022-10,3종,4830
118,영동,2022-10,4종,3967
118,영동,2022-10,5종,11500
118,영동,2022-10,6종,4753
119,판암,2022-10,1종,672136
119,판암,2022-10,2종,12637
119,판암,2022-10,3종,11697
119,판암,2022-10,4종,8567
119,판암,2022-10,5종,14999
119,판암,2022-10,6종,37378
120,황간,2022-10,1종,117421
120,황간,2022-10,2종,2257
120,황간,2022-10,3종,3677
120,황간,2022-10,4종,5085
120,황간,2022-10,5종,7121
120,황간,2022-10,6종,4227
121,추풍령,2022-10,1종,56934
121,추풍령,2022-10,2종,1051
121,추풍령,2022-10,3종,1519
121,추풍령,2022-10,4종,2014
121,추풍령,2022-10,5종,2480
121,추풍령,2022-10,6종,2633
122,김천,2022-10,1종,286692
122,김천,2022-10,2종,5986
122,김천,2022-10,3종,8928
122,김천,2022-10,4종,8999
122,김천,2022-10,5종,8037
122,김천,2022-10,6종,12279
123,구미,2022-10,1종,804518
123,구미,2022-10,2종,14591
123,구미,2022-10,3종,28037
123,구미,2022-10,4종,17319
123,구미,2022-10,5종,13964
123,구미,2022-10,6종,35754
124,상주,2022-10,1종,106991
124,상주,2022-10,2종,3578
124,상주,2022-10,3종,4615
124,상주,2022-10,4종,4067
124,상주,2022-10,5종,5066
124,상주,2022-10,6종,3590
125,남구미,2022-10,1종,615989
125,남구미,2022-10,2종,19176
125,남구미,2022-10,3종,31459
125,남구미,2022-10,4종,26465
125,남구미,2022-10,5종,34722
125,남구미,2022-10,6종,30625
126,왜관,2022-10,1종,738836
126,왜관,2022-10,2종,37400
126,왜관,2022-10,3종,31470
126,왜관,2022-10,4종,28344
126,왜관,2022-10,5종,43342
126,왜관,2022-10,6종,31153
127,서대구,2022-10,1종,1905680
127,서대구,2022-10,2종,58868
127,서대구,2022-10,3종,71074
127,서대구,2022-10,4종,46027
127,서대구,2022-10,5종,47569
127,서대구,2022-10,6종,80625
128,금왕꽃동네,2022-10,1종,288421
128,금왕꽃동네,2022-10,2종,14875
128,금왕꽃동네,2022-10,3종,20089
128,금왕꽃동네,2022-10,4종,25289
128,금왕꽃동네,2022-10,5종,36408
128,금왕꽃동네,2022-10,6종,12437
129,북대구,2022-10,1종,1917978
129,북대구,2022-10,2종,47046
129,북대구,2022-10,3종,49978
129,북대구,2022-10,4종,24371
129,북대구,2022-10,5종,33495
129,북대구,2022-10,6종,74740
130,동김천,2022-10,1종,337942
130,동김천,2022-10,2종,9351
130,동김천,2022-10,3종,16791
130,동김천,2022-10,4종,15352
130,동김천,2022-10,5종,24454
130,동김천,2022-10,6종,13333
131,경산,2022-10,1종,990287
131,경산,2022-10,2종,60069
131,경산,2022-10,3종,55762
131,경산,2022-10,4종,57018
131,경산,2022-10,5종,52326
131,경산,2022-10,6종,47666
132,영천,2022-10,1종,419875
132,영천,2022-10,2종,15652
132,영천,2022-10,3종,27940
132,영천,2022-10,4종,24620
132,영천,2022-10,5종,32991
132,영천,2022-10,6종,16319
133,서경주,2022-10,1종,214898
133,서경주,2022-10,2종,6296
133,서경주,2022-10,3종,11327
133,서경주,2022-10,4종,9676
133,서경주,2022-10,5종,21583
133,서경주,2022-10,6종,7250
134,선산,2022-10,1종,97916
134,선산,2022-10,2종,3242
134,선산,2022-10,3종,4253
134,선산,2022-10,4종,4192
134,선산,2022-10,5종,6545
134,선산,2022-10,6종,3411
135,경주,2022-10,1종,1060530
135,경주,2022-10,2종,17996
135,경주,2022-10,3종,54304
135,경주,2022-10,4종,35274
135,경주,2022-10,5종,52080
135,경주,2022-10,6종,36895
136,음성,2022-10,1종,336272
136,음성,2022-10,2종,10112
136,음성,2022-10,3종,15409
136,음성,2022-10,4종,18833
136,음성,2022-10,5종,30572
136,음성,2022-10,6종,10979
137,통도사,2022-10,1종,329683
137,통도사,2022-10,2종,17436
137,통도사,2022-10,3종,20906
137,통도사,2022-10,4종,15743
137,통도사,2022-10,5종,25418
137,통도사,2022-10,6종,18118
138,양산,2022-10,1종,834570
138,양산,2022-10,2종,68536
138,양산,2022-10,3종,53723
138,양산,2022-10,4종,60713
138,양산,2022-10,5종,64936
138,양산,2022-10,6종,39623
139,서울산,2022-10,1종,619087
139,서울산,2022-10,2종,16282
139,서울산,2022-10,3종,22076
139,서울산,2022-10,4종,13157
139,서울산,2022-10,5종,16488
139,서울산,2022-10,6종,30657
140,부산,2022-10,1종,2008045
140,부산,2022-10,2종,46648
140,부산,2022-10,3종,46000
140,부산,2022-10,4종,29459
140,부산,2022-10,5종,44020
140,부산,2022-10,6종,95729
142,군북,2022-10,1종,520486
142,군북,2022-10,2종,10973
142,군북,2022-10,3종,17752
142,군북,2022-10,4종,11916
142,군북,2022-10,5종,29817
142,군북,2022-10,6종,27756
143,장지,2022-10,1종,123988
143,장지,2022-10,2종,3726
143,장지,2022-10,3종,5972
143,장지,2022-10,4종,5379
143,장지,2022-10,5종,19900
143,장지,2022-10,6종,7343
144,함안,2022-10,1종,357857
144,함안,2022-10,2종,9649
144,함안,2022-10,3종,11245
144,함안,2022-10,4종,8645
144,함안,2022-10,5종,21445
144,함안,2022-10,6종,19303
145,산인,2022-10,1종,1235209
145,산인,2022-10,2종,18156
145,산인,2022-10,3종,41719
145,산인,2022-10,4종,14913
145,산인,2022-10,5종,27703
145,산인,2022-10,6종,54542
146,동창원,2022-10,1종,678417
146,동창원,2022-10,2종,17722
146,동창원,2022-10,3종,17637
146,동창원,2022-10,4종,14686
146,동창원,2022-10,5종,24161
146,동창원,2022-10,6종,42335
147,진례,2022-10,1종,478720
147,진례,2022-10,2종,30190
147,진례,2022-10,3종,30648
147,진례,2022-10,4종,32182
147,진례,2022-10,5종,31601
147,진례,2022-10,6종,30098
148,서김해,2022-10,1종,930588
148,서김해,2022-10,2종,24617
148,서김해,2022-10,3종,26681
148,서김해,2022-10,4종,20805
148,서김해,2022-10,5종,20499
148,서김해,2022-10,6종,58461
149,동김해,2022-10,1종,1125996
149,동김해,2022-10,2종,28748
149,동김해,2022-10,3종,31815
149,동김해,2022-10,4종,15349
149,동김해,2022-10,5종,12418
149,동김해,2022-10,6종,75922
150,북부산,2022-10,1종,1870184
150,북부산,2022-10,2종,28014
150,북부산,2022-10,3종,32300
150,북부산,2022-10,4종,13056
150,북부산,2022-10,5종,28750
150,북부산,2022-10,6종,109738
151,북대전,2022-10,1종,872441
151,북대전,2022-10,2종,13536
151,북대전,2022-10,3종,27045
151,북대전,2022-10,4종,19235
151,북대전,2022-10,5종,22976
151,북대전,2022-10,6종,42165
152,유성,2022-10,1종,1296264
152,유성,2022-10,2종,21717
152,유성,2022-10,3종,36674
152,유성,2022-10,4종,16852
152,유성,2022-10,5종,15977
152,유성,2022-10,6종,52760
153,서대전,2022-10,1종,1115072
153,서대전,2022-10,2종,20827
153,서대전,2022-10,3종,22997
153,서대전,2022-10,4종,19363
153,서대전,2022-10,5종,21313
153,서대전,2022-10,6종,55355
154,안영,2022-10,1종,591590
154,안영,2022-10,2종,15106
154,안영,2022-10,3종,17407
154,안영,2022-10,4종,12662
154,안영,2022-10,5종,15353
154,안영,2022-10,6종,27243
155,논산,2022-10,1종,295270
155,논산,2022-10,2종,11073
155,논산,2022-10,3종,19047
155,논산,2022-10,4종,17519
155,논산,2022-10,5종,16640
155,논산,2022-10,6종,10712
156,익산,2022-10,1종,346965
156,익산,2022-10,2종,17412
156,익산,2022-10,3종,28204
156,익산,2022-10,4종,32054
156,익산,2022-10,5종,37145
156,익산,2022-10,6종,9199
157,삼례,2022-10,1종,133752
157,삼례,2022-10,2종,4793
157,삼례,2022-10,3종,7498
157,삼례,2022-10,4종,7751
157,삼례,2022-10,5종,10046
157,삼례,2022-10,6종,3926
158,전주,2022-10,1종,507970
158,전주,2022-10,2종,12854
158,전주,2022-10,3종,36958
158,전주,2022-10,4종,22368
158,전주,2022-10,5종,28811
158,전주,2022-10,6종,13967
159,서전주,2022-10,1종,429663
159,서전주,2022-10,2종,10598
159,서전주,2022-10,3종,14111
159,서전주,2022-10,4종,12825
159,서전주,2022-10,5종,11361
159,서전주,2022-10,6종,11061
160,김제,2022-10,1종,159206
160,김제,2022-10,2종,5981
160,김제,2022-10,3종,9568
160,김제,2022-10,4종,10748
160,김제,2022-10,5종,7613
160,김제,2022-10,6종,3955
161,금산사,2022-10,1종,43163
161,금산사,2022-10,2종,2549
161,금산사,2022-10,3종,1688
161,금산사,2022-10,4종,2148
161,금산사,2022-10,5종,1925
161,금산사,2022-10,6종,1087
162,태인,2022-10,1종,133241
162,태인,2022-10,2종,4358
162,태인,2022-10,3종,8949
162,태인,2022-10,4종,9059
162,태인,2022-10,5종,7592
162,태인,2022-10,6종,3686
163,정읍,2022-10,1종,269146
163,정읍,2022-10,2종,7546
163,정읍,2022-10,3종,13834
163,정읍,2022-10,4종,10671
163,정읍,2022-10,5종,11844
163,정읍,2022-10,6종,6782
164,무주,2022-10,1종,202440
164,무주,2022-10,2종,2920
164,무주,2022-10,3종,5734
164,무주,2022-10,4종,3272
164,무주,2022-10,5종,4205
164,무주,2022-10,6종,6642
165,백양사,2022-10,1종,80547
165,백양사,2022-10,2종,1994
165,백양사,2022-10,3종,2016
165,백양사,2022-10,4종,1921
165,백양사,2022-10,5종,1469
165,백양사,2022-10,6종,2267
166,장성,2022-10,1종,280188
166,장성,2022-10,2종,11992
166,장성,2022-10,3종,13935
166,장성,2022-10,4종,14626
166,장성,2022-10,5종,15992
166,장성,2022-10,6종,8706
167,광주,2022-10,1종,1315231
167,광주,2022-10,2종,36269
167,광주,2022-10,3종,65856
167,광주,2022-10,4종,60561
167,광주,2022-10,5종,43118
167,광주,2022-10,6종,34477
168,덕유산,2022-10,1종,67506
168,덕유산,2022-10,2종,1313
168,덕유산,2022-10,3종,1498
168,덕유산,2022-10,4종,1132
168,덕유산,2022-10,5종,1314
168,덕유산,2022-10,6종,1762
169,장수,2022-10,1종,149256
169,장수,2022-10,2종,3079
169,장수,2022-10,3종,3831
169,장수,2022-10,4종,3253
169,장수,2022-10,5종,2921
169,장수,2022-10,6종,3821
170,서상,2022-10,1종,69663
170,서상,2022-10,2종,1916
170,서상,2022-10,3종,3819
170,서상,2022-10,4종,3948
170,서상,2022-10,5종,4068
170,서상,2022-10,6종,2628
171,마성,2022-10,1종,685441
171,마성,2022-10,2종,9179
171,마성,2022-10,3종,30644
171,마성,2022-10,4종,7002
171,마성,2022-10,5종,2735
171,마성,2022-10,6종,28648
172,용인,2022-10,1종,1041952
172,용인,2022-10,2종,49192
172,용인,2022-10,3종,37736
172,용인,2022-10,4종,32777
172,용인,2022-10,5종,25319
172,용인,2022-10,6종,58559
173,양지,2022-10,1종,1068093
173,양지,2022-10,2종,80044
173,양지,2022-10,3종,55648
173,양지,2022-10,4종,72026
173,양지,2022-10,5종,61207
173,양지,2022-10,6종,46692
174,춘천,2022-10,1종,1047595
174,춘천,2022-10,2종,20851
174,춘천,2022-10,3종,25853
174,춘천,2022-10,4종,12818
174,춘천,2022-10,5종,14521
174,춘천,2022-10,6종,53914
175,덕평,2022-10,1종,389980
175,덕평,2022-10,2종,42782
175,덕평,2022-10,3종,31248
175,덕평,2022-10,4종,44568
175,덕평,2022-10,5종,32707
175,덕평,2022-10,6종,20205
176,이천,2022-10,1종,629916
176,이천,2022-10,2종,27552
176,이천,2022-10,3종,50232
176,이천,2022-10,4종,48547
176,이천,2022-10,5종,49532
176,이천,2022-10,6종,29184
177,여주,2022-10,1종,429045
177,여주,2022-10,2종,10945
177,여주,2022-10,3종,28007
177,여주,2022-10,4종,26790
177,여주,2022-10,5종,22189
177,여주,2022-10,6종,15403
178,문막,2022-10,1종,340919
178,문막,2022-10,2종,19450
178,문막,2022-10,3종,24968
178,문막,2022-10,4종,16775
178,문막,2022-10,5종,24712
178,문막,2022-10,6종,15216
179,홍천,2022-10,1종,471645
179,홍천,2022-10,2종,11279
179,홍천,2022-10,3종,17169
179,홍천,2022-10,4종,10238
179,홍천,2022-10,5종,15060
179,홍천,2022-10,6종,24601
180,원주,2022-10,1종,392049
180,원주,2022-10,2종,18225
180,원주,2022-10,3종,20020
180,원주,2022-10,4종,19070
180,원주,2022-10,5종,16685
180,원주,2022-10,6종,19159
181,새말,2022-10,1종,292159
181,새말,2022-10,2종,8641
181,새말,2022-10,3종,13085
181,새말,2022-10,4종,11876
181,새말,2022-10,5종,8792
181,새말,2022-10,6종,9850
182,둔내,2022-10,1종,172503
182,둔내,2022-10,2종,4074
182,둔내,2022-10,3종,6429
182,둔내,2022-10,4종,5473
182,둔내,2022-10,5종,2777
182,둔내,2022-10,6종,5334
183,면온,2022-10,1종,97037
183,면온,2022-10,2종,1583
183,면온,2022-10,3종,2198
183,면온,2022-10,4종,1535
183,면온,2022-10,5종,1919
183,면온,2022-10,6종,2441
184,대관령,2022-10,1종,299138
184,대관령,2022-10,2종,5443
184,대관령,2022-10,3종,10695
184,대관령,2022-10,4종,2138
184,대관령,2022-10,5종,3029
184,대관령,2022-10,6종,9549
185,평창,2022-10,1종,153992
185,평창,2022-10,2종,3653
185,평창,2022-10,3종,8958
185,평창,2022-10,4종,5225
185,평창,2022-10,5종,6699
185,평창,2022-10,6종,4958
186,속사,2022-10,1종,82162
186,속사,2022-10,2종,1787
186,속사,2022-10,3종,2482
186,속사,2022-10,4종,2764
186,속사,2022-10,5종,1855
186,속사,2022-10,6종,1998
187,진부,2022-10,1종,196519
187,진부,2022-10,2종,5144
187,진부,2022-10,3종,8734
187,진부,2022-10,4종,4774
187,진부,2022-10,5종,4306
187,진부,2022-10,6종,6443
188,서충주,2022-10,1종,197032
188,서충주,2022-10,2종,6086
188,서충주,2022-10,3종,11973
188,서충주,2022-10,4종,14801
188,서충주,2022-10,5종,18079
188,서충주,2022-10,6종,7185
189,강릉,2022-10,1종,746032
189,강릉,2022-10,2종,17560
189,강릉,2022-10,3종,32536
189,강릉,2022-10,4종,11379
189,강릉,2022-10,5종,18900
189,강릉,2022-10,6종,31634
190,동서울,2022-10,1종,3956350
190,동서울,2022-10,2종,162410
190,동서울,2022-10,3종,161420
190,동서울,2022-10,4종,143691
190,동서울,2022-10,5종,106912
190,동서울,2022-10,6종,158385
191,경기광주,2022-10,1종,808392
191,경기광주,2022-10,2종,37874
191,경기광주,2022-10,3종,28423
191,경기광주,2022-10,4종,20394
191,경기광주,2022-10,5종,14859
191,경기광주,2022-10,6종,46102
192,곤지암,2022-10,1종,978248
192,곤지암,2022-10,2종,64795
192,곤지암,2022-10,3종,42021
192,곤지암,2022-10,4종,50912
192,곤지암,2022-10,5종,37334
192,곤지암,2022-10,6종,47441
193,일죽,2022-10,1종,481369
193,일죽,2022-10,2종,27106
193,일죽,2022-10,3종,34050
193,일죽,2022-10,4종,47609
193,일죽,2022-10,5종,31333
193,일죽,2022-10,6종,17060
194,서이천,2022-10,1종,517012
194,서이천,2022-10,2종,53608
194,서이천,2022-10,3종,37969
194,서이천,2022-10,4종,42770
194,서이천,2022-10,5종,23089
194,서이천,2022-10,6종,25392
195,대소,2022-10,1종,244602
195,대소,2022-10,2종,22793
195,대소,2022-10,3종,35234
195,대소,2022-10,4종,42363
195,대소,2022-10,5종,34476
195,대소,2022-10,6종,10719
196,진천,2022-10,1종,359351
196,진천,2022-10,2종,18401
196,진천,2022-10,3종,24712
196,진천,2022-10,4종,30634
196,진천,2022-10,5종,35245
196,진천,2022-10,6종,14587
197,증평,2022-10,1종,405017
197,증평,2022-10,2종,16211
197,증평,2022-10,3종,24424
197,증평,2022-10,4종,33090
197,증평,2022-10,5종,31816
197,증평,2022-10,6종,14519
198,서청주,2022-10,1종,771141
198,서청주,2022-10,2종,24313
198,서청주,2022-10,3종,30256
198,서청주,2022-10,4종,25946
198,서청주,2022-10,5종,24358
198,서청주,2022-10,6종,32762
199,오창,2022-10,1종,534342
199,오창,2022-10,2종,13722
199,오창,2022-10,3종,24585
199,오창,2022-10,4종,20516
199,오창,2022-10,5종,24256
199,오창,2022-10,6종,21301
200,금산,2022-10,1종,235821
200,금산,2022-10,2종,3593
200,금산,2022-10,3종,9570
200,금산,2022-10,4종,3883
200,금산,2022-10,5종,6830
200,금산,2022-10,6종,10224
201,칠곡,2022-10,1종,609507
201,칠곡,2022-10,2종,15181
201,칠곡,2022-10,3종,16466
201,칠곡,2022-10,4종,10004
201,칠곡,2022-10,5종,19472
201,칠곡,2022-10,6종,29640
202,다부,2022-10,1종,156037
202,다부,2022-10,2종,7148
202,다부,2022-10,3종,5478
202,다부,2022-10,4종,4700
202,다부,2022-10,5종,8402
202,다부,2022-10,6종,5365
203,가산,2022-10,1종,646248
203,가산,2022-10,2종,18193
203,가산,2022-10,3종,20239
203,가산,2022-10,4종,16804
203,가산,2022-10,5종,44250
203,가산,2022-10,6종,25036
204,추부,2022-10,1종,246182
204,추부,2022-10,2종,7034
204,추부,2022-10,3종,8906
204,추부,2022-10,4종,6936
204,추부,2022-10,5종,6622
204,추부,2022-10,6종,12189
205,군위,2022-10,1종,232743
205,군위,2022-10,2종,4967
205,군위,2022-10,3종,5664
205,군위,2022-10,4종,4103
205,군위,2022-10,5종,9423
205,군위,2022-10,6종,8231
206,의성,2022-10,1종,225209
206,의성,2022-10,2종,3719
206,의성,2022-10,3종,4700
206,의성,2022-10,4종,2751
206,의성,2022-10,5종,4474
206,의성,2022-10,6종,7304
207,남안동,2022-10,1종,368450
207,남안동,2022-10,2종,7859
207,남안동,2022-10,3종,9138
207,남안동,2022-10,4종,5929
207,남안동,2022-10,5종,9212
207,남안동,2022-10,6종,12062
208,서안동,2022-10,1종,327434
208,서안동,2022-10,2종,6810
208,서안동,2022-10,3종,16060
208,서안동,2022-10,4종,7905
208,서안동,2022-10,5종,11874
208,서안동,2022-10,6종,9808
209,예천,2022-10,1종,46985
209,예천,2022-10,2종,925
209,예천,2022-10,3종,980
209,예천,2022-10,4종,708
209,예천,2022-10,5종,1310
209,예천,2022-10,6종,1451
210,영주,2022-10,1종,258345
210,영주,2022-10,2종,5407
210,영주,2022-10,3종,9925
210,영주,2022-10,4종,8191
210,영주,2022-10,5종,19061
210,영주,2022-10,6종,7423
211,풍기,2022-10,1종,365308
211,풍기,2022-10,2종,5055
211,풍기,2022-10,3종,13604
211,풍기,2022-10,4종,7266
211,풍기,2022-10,5종,11002
211,풍기,2022-10,6종,10426
212,북수원,2022-10,1종,1326277
212,북수원,2022-10,2종,30020
212,북수원,2022-10,3종,38755
212,북수원,2022-10,4종,24050
212,북수원,2022-10,5종,24668
212,북수원,2022-10,6종,63155
213,부곡,2022-10,1종,358231
213,부곡,2022-10,2종,13315
213,부곡,2022-10,3종,8758
213,부곡,2022-10,4종,11279
213,부곡,2022-10,5종,58699
213,부곡,2022-10,6종,21721
214,동군포,2022-10,1종,316974
214,동군포,2022-10,2종,12271
214,동군포,2022-10,3종,11347
214,동군포,2022-10,4종,24790
214,동군포,2022-10,5종,16187
214,동군포,2022-10,6종,16912
215,군포,2022-10,1종,784059
215,군포,2022-10,2종,22719
215,군포,2022-10,3종,22219
215,군포,2022-10,4종,16138
215,군포,2022-10,5종,17392
215,군포,2022-10,6종,45402
216,횡성,2022-10,1종,279036
216,횡성,2022-10,2종,8578
216,횡성,2022-10,3종,8159
216,횡성,2022-10,4종,6664
216,횡성,2022-10,5종,11935
216,횡성,2022-10,6종,12369
217,북원주,2022-10,1종,88108
217,북원주,2022-10,2종,4391
217,북원주,2022-10,3종,3008
217,북원주,2022-10,4종,2914
217,북원주,2022-10,5종,3502
217,북원주,2022-10,6종,3858
218,남원주,2022-10,1종,784775
218,남원주,2022-10,2종,14376
218,남원주,2022-10,3종,27181
218,남원주,2022-10,4종,9346
218,남원주,2022-10,5종,12436
218,남원주,2022-10,6종,35793
219,신림,2022-10,1종,194357
219,신림,2022-10,2종,3635
219,신림,2022-10,3종,2943
219,신림,2022-10,4종,3687
219,신림,2022-10,5종,14151
219,신림,2022-10,6종,6763
220,덕평휴게소,2022-10,1종,7527
220,덕평휴게소,2022-10,2종,174
220,덕평휴게소,2022-10,3종,47
220,덕평휴게소,2022-10,4종,27
220,덕평휴게소,2022-10,5종,55
220,덕평휴게소,2022-10,6종,456
221,생초,2022-10,1종,95302
221,생초,2022-10,2종,1640
221,생초,2022-10,3종,3696
221,생초,2022-10,4종,3604
221,생초,2022-10,5종,8652
221,생초,2022-10,6종,2785
222,산청,2022-10,1종,117278
222,산청,2022-10,2종,1805
222,산청,2022-10,3종,3645
222,산청,2022-10,4종,2269
222,산청,2022-10,5종,2852
222,산청,2022-10,6종,4084
223,단성,2022-10,1종,134905
223,단성,2022-10,2종,1654
223,단성,2022-10,3종,5465
223,단성,2022-10,4종,3186
223,단성,2022-10,5종,4994
223,단성,2022-10,6종,4659
224,함양,2022-10,1종,149164
224,함양,2022-10,2종,3392
224,함양,2022-10,3종,7110
224,함양,2022-10,4종,2537
224,함양,2022-10,5종,3324
224,함양,2022-10,6종,6028
225,서진주,2022-10,1종,409485
225,서진주,2022-10,2종,7194
225,서진주,2022-10,3종,10369
225,서진주,2022-10,4종,6046
225,서진주,2022-10,5종,20367
225,서진주,2022-10,6종,17363
226,금강휴게소,2022-10,1종,15627
226,금강휴게소,2022-10,2종,436
226,금강휴게소,2022-10,3종,385
226,금강휴게소,2022-10,4종,455
226,금강휴게소,2022-10,5종,321
226,금강휴게소,2022-10,6종,467
227,군산,2022-10,1종,330012
227,군산,2022-10,2종,4490
227,군산,2022-10,3종,15213
227,군산,2022-10,4종,8380
227,군산,2022-10,5종,13942
227,군산,2022-10,6종,8810
228,동군산,2022-10,1종,291565
228,동군산,2022-10,2종,7466
228,동군산,2022-10,3종,14554
228,동군산,2022-10,4종,11143
228,동군산,2022-10,5종,23844
228,동군산,2022-10,6종,7059
229,북천안,2022-10,1종,667154
229,북천안,2022-10,2종,28447
229,북천안,2022-10,3종,40777
229,북천안,2022-10,4종,48497
229,북천안,2022-10,5종,49590
229,북천안,2022-10,6종,30642
230,팔공산,2022-10,1종,799725
230,팔공산,2022-10,2종,20670
230,팔공산,2022-10,3종,17867
230,팔공산,2022-10,4종,10819
230,팔공산,2022-10,5종,9969
230,팔공산,2022-10,6종,35272
231,화원옥포,2022-10,1종,772134
231,화원옥포,2022-10,2종,24593
231,화원옥포,2022-10,3종,21060
231,화원옥포,2022-10,4종,15891
231,화원옥포,2022-10,5종,19574
231,화원옥포,2022-10,6종,42681
232,달성,2022-10,1종,218672
232,달성,2022-10,2종,12503
232,달성,2022-10,3종,17095
232,달성,2022-10,4종,8891
232,달성,2022-10,5종,6232
232,달성,2022-10,6종,12935
233,현풍,2022-10,1종,647991
233,현풍,2022-10,2종,30349
233,현풍,2022-10,3종,39272
233,현풍,2022-10,4종,35336
233,현풍,2022-10,5종,47353
233,현풍,2022-10,6종,30868
234,서천,2022-10,1종,229554
234,서천,2022-10,2종,4724
234,서천,2022-10,3종,7684
234,서천,2022-10,4종,8400
234,서천,2022-10,5종,26306
234,서천,2022-10,6종,6694
235,창녕,2022-10,1종,171984
235,창녕,2022-10,2종,5322
235,창녕,2022-10,3종,8362
235,창녕,2022-10,4종,4345
235,창녕,2022-10,5종,7938
235,창녕,2022-10,6종,6634
236,영산,2022-10,1종,163229
236,영산,2022-10,2종,7089
236,영산,2022-10,3종,8490
236,영산,2022-10,4종,10023
236,영산,2022-10,5종,15134
236,영산,2022-10,6종,5406
237,남지,2022-10,1종,142565
237,남지,2022-10,2종,6286
237,남지,2022-10,3종,13194
237,남지,2022-10,4종,13307
237,남지,2022-10,5종,28638
237,남지,2022-10,6종,7897
238,칠서,2022-10,1종,211809
238,칠서,2022-10,2종,15253
238,칠서,2022-10,3종,20741
238,칠서,2022-10,4종,23297
238,칠서,2022-10,5종,59151
238,칠서,2022-10,6종,10727
239,칠원,2022-10,1종,678353
239,칠원,2022-10,2종,18827
239,칠원,2022-10,3종,37736
239,칠원,2022-10,4종,31624
239,칠원,2022-10,5종,51239
239,칠원,2022-10,6종,25462
240,제천,2022-10,1종,686968
240,제천,2022-10,2종,13944
240,제천,2022-10,3종,21256
240,제천,2022-10,4종,14267
240,제천,2022-10,5종,30718
240,제천,2022-10,6종,24596
241,동고령,2022-10,1종,369868
241,동고령,2022-10,2종,15959
241,동고령,2022-10,3종,17427
241,동고령,2022-10,4종,28943
241,동고령,2022-10,5종,27420
241,동고령,2022-10,6종,14953
242,고령,2022-10,1종,353770
242,고령,2022-10,2종,7164
242,고령,2022-10,3종,10797
242,고령,2022-10,4종,7513
242,고령,2022-10,5종,23827
242,고령,2022-10,6종,13398
243,해인사,2022-10,1종,167205
243,해인사,2022-10,2종,2523
243,해인사,2022-10,3종,2963
243,해인사,2022-10,4종,1556
243,해인사,2022-10,5종,2077
243,해인사,2022-10,6종,7533
244,서부산,2022-10,1종,1610494
244,서부산,2022-10,2종,30511
244,서부산,2022-10,3종,58002
244,서부산,2022-10,4종,32785
244,서부산,2022-10,5종,72023
244,서부산,2022-10,6종,84027
245,장유,2022-10,1종,1720952
245,장유,2022-10,2종,33335
245,장유,2022-10,3종,55671
245,장유,2022-10,4종,29549
245,장유,2022-10,5종,37305
245,장유,2022-10,6종,105800
246,가락,2022-10,1종,24719
246,가락,2022-10,2종,2442
246,가락,2022-10,3종,3690
246,가락,2022-10,4종,7014
246,가락,2022-10,5종,9443
246,가락,2022-10,6종,853
247,남원,2022-10,1종,220665
247,남원,2022-10,2종,5305
247,남원,2022-10,3종,7799
247,남원,2022-10,4종,4490
247,남원,2022-10,5종,9548
247,남원,2022-10,6종,8045
248,순창,2022-10,1종,234398
248,순창,2022-10,2종,4084
248,순창,2022-10,3종,7127
248,순창,2022-10,4종,3923
248,순창,2022-10,5종,6899
248,순창,2022-10,6종,7234
249,담양,2022-10,1종,257968
249,담양,2022-10,2종,4271
249,담양,2022-10,3종,11090
249,담양,2022-10,4종,3973
249,담양,2022-10,5종,7753
249,담양,2022-10,6종,7659
250,남양산,2022-10,1종,1455789
250,남양산,2022-10,2종,37392
250,남양산,2022-10,3종,45817
250,남양산,2022-10,4종,21741
250,남양산,2022-10,5종,24772
250,남양산,2022-10,6종,94475
251,물금,2022-10,1종,760116
251,물금,2022-10,2종,47026
251,물금,2022-10,3종,22057
251,물금,2022-10,4종,39616
251,물금,2022-10,5종,63159
251,물금,2022-10,6종,48440
252,대동,2022-10,1종,2673407
252,대동,2022-10,2종,102351
252,대동,2022-10,3종,88783
252,대동,2022-10,4종,95843
252,대동,2022-10,5종,265273
252,대동,2022-10,6종,130153
253,서서울,2022-10,1종,5378965
253,서서울,2022-10,2종,141576
253,서서울,2022-10,3종,132369
253,서서울,2022-10,4종,150816
253,서서울,2022-10,5종,163778
253,서서울,2022-10,6종,259309
254,군자,2022-10,1종,2617937
254,군자,2022-10,2종,87763
254,군자,2022-10,3종,79269
254,군자,2022-10,4종,92704
254,군자,2022-10,5종,151476
254,군자,2022-10,6종,139358
255,서안산,2022-10,1종,1975635
255,서안산,2022-10,2종,71831
255,서안산,2022-10,3종,58633
255,서안산,2022-10,4종,61880
255,서안산,2022-10,5종,56816
255,서안산,2022-10,6종,111656
256,안산,2022-10,1종,953799
256,안산,2022-10,2종,22227
256,안산,2022-10,3종,16176
256,안산,2022-10,4종,8204
256,안산,2022-10,5종,8734
256,안산,2022-10,6종,62397
257,홍성,2022-10,1종,302146
257,홍성,2022-10,2종,4660
257,홍성,2022-10,3종,8810
257,홍성,2022-10,4종,5708
257,홍성,2022-10,5종,11659
257,홍성,2022-10,6종,9257
258,광천,2022-10,1종,219843
258,광천,2022-10,2종,5214
258,광천,2022-10,3종,9057
258,광천,2022-10,4종,7402
258,광천,2022-10,5종,19082
258,광천,2022-10,6종,6547
259,대천,2022-10,1종,357111
259,대천,2022-10,2종,5537
259,대천,2022-10,3종,11975
259,대천,2022-10,4종,3285
259,대천,2022-10,5종,6400
259,대천,2022-10,6종,10874
260,춘장대,2022-10,1종,92056
260,춘장대,2022-10,2종,1781
260,춘장대,2022-10,3종,1664
260,춘장대,2022-10,4종,1430
260,춘장대,2022-10,5종,3048
260,춘장대,2022-10,6종,2499
261,동광주,2022-10,1종,1462683
261,동광주,2022-10,2종,26408
261,동광주,2022-10,3종,54061
261,동광주,2022-10,4종,24994
261,동광주,2022-10,5종,38741
261,동광주,2022-10,6종,42518
262,창평,2022-10,1종,173203
262,창평,2022-10,2종,6286
262,창평,2022-10,3종,3540
262,창평,2022-10,4종,3987
262,창평,2022-10,5종,4015
262,창평,2022-10,6종,5407
263,옥과,2022-10,1종,279088
263,옥과,2022-10,2종,4431
263,옥과,2022-10,3종,9817
263,옥과,2022-10,4종,3014
263,옥과,2022-10,5종,8876
263,옥과,2022-10,6종,10243
264,동남원,2022-10,1종,45548
264,동남원,2022-10,2종,1200
264,동남원,2022-10,3종,1527
264,동남원,2022-10,4종,1390
264,동남원,2022-10,5종,1212
264,동남원,2022-10,6종,1436
265,곡성,2022-10,1종,200215
265,곡성,2022-10,2종,3513
265,곡성,2022-10,3종,4739
265,곡성,2022-10,4종,3267
265,곡성,2022-10,5종,7588
265,곡성,2022-10,6종,6121
266,석곡,2022-10,1종,64513
266,석곡,2022-10,2종,1743
266,석곡,2022-10,3종,1562
266,석곡,2022-10,4종,1143
266,석곡,2022-10,5종,1917
266,석곡,2022-10,6종,1924
267,주암송광사,2022-10,1종,167943
267,주암송광사,2022-10,2종,3115
267,주암송광사,2022-10,3종,3359
267,주암송광사,2022-10,4종,2336
267,주암송광사,2022-10,5종,5898
267,주암송광사,2022-10,6종,4965
268,승주,2022-10,1종,77202
268,승주,2022-10,2종,1672
268,승주,2022-10,3종,1712
268,승주,2022-10,4종,1061
268,승주,2022-10,5종,2080
268,승주,2022-10,6종,2677
269,지리산,2022-10,1종,128253
269,지리산,2022-10,2종,2177
269,지리산,2022-10,3종,3351
269,지리산,2022-10,4종,3640
269,지리산,2022-10,5종,2402
269,지리산,2022-10,6종,4700
270,서순천,2022-10,1종,182940
270,서순천,2022-10,2종,5130
270,서순천,2022-10,3종,6670
270,서순천,2022-10,4종,1965
270,서순천,2022-10,5종,4336
270,서순천,2022-10,6종,5526
271,순천,2022-10,1종,690963
271,순천,2022-10,2종,14380
271,순천,2022-10,3종,15267
271,순천,2022-10,4종,8710
271,순천,2022-10,5종,28268
271,순천,2022-10,6종,18515
272,광양,2022-10,1종,401369
272,광양,2022-10,2종,7291
272,광양,2022-10,3종,18989
272,광양,2022-10,4종,15731
272,광양,2022-10,5종,58015
272,광양,2022-10,6종,11200
273,동광양,2022-10,1종,172183
273,동광양,2022-10,2종,2756
273,동광양,2022-10,3종,3201
273,동광양,2022-10,4종,6508
273,동광양,2022-10,5종,40009
273,동광양,2022-10,6종,6089
274,가조,2022-10,1종,113794
274,가조,2022-10,2종,3112
274,가조,2022-10,3종,4626
274,가조,2022-10,4종,2218
274,가조,2022-10,5종,1764
274,가조,2022-10,6종,4088
275,옥곡,2022-10,1종,200426
275,옥곡,2022-10,2종,4471
275,옥곡,2022-10,3종,9729
275,옥곡,2022-10,4종,10717
275,옥곡,2022-10,5종,55592
275,옥곡,2022-10,6종,6129
276,진월,2022-10,1종,71996
276,진월,2022-10,2종,1229
276,진월,2022-10,3종,2026
276,진월,2022-10,4종,4093
276,진월,2022-10,5종,49223
276,진월,2022-10,6종,2296
277,하동,2022-10,1종,281384
277,하동,2022-10,2종,4174
277,하동,2022-10,3종,7321
277,하동,2022-10,4종,5770
277,하동,2022-10,5종,49115
277,하동,2022-10,6종,9506
278,진교,2022-10,1종,231025
278,진교,2022-10,2종,3546
278,진교,2022-10,3종,9031
278,진교,2022-10,4종,2091
278,진교,2022-10,5종,6587
278,진교,2022-10,6종,10453
279,곤양,2022-10,1종,162779
279,곤양,2022-10,2종,3090
279,곤양,2022-10,3종,5931
279,곤양,2022-10,4종,3025
279,곤양,2022-10,5종,7513
279,곤양,2022-10,6종,6035
280,거창,2022-10,1종,324068
280,거창,2022-10,2종,8821
280,거창,2022-10,3종,18093
280,거창,2022-10,4종,6209
280,거창,2022-10,5종,9730
280,거창,2022-10,6종,12967
281,매송,2022-10,1종,610081
281,매송,2022-10,2종,14299
281,매송,2022-10,3종,13985
281,매송,2022-10,4종,8252
281,매송,2022-10,5종,13515
281,매송,2022-10,6종,31811
282,비봉,2022-10,1종,702726
282,비봉,2022-10,2종,26731
282,비봉,2022-10,3종,26862
282,비봉,2022-10,4종,19774
282,비봉,2022-10,5종,45026
282,비봉,2022-10,6종,34575
283,발안,2022-10,1종,629055
283,발안,2022-10,2종,28433
283,발안,2022-10,3종,24843
283,발안,2022-10,4종,23519
283,발안,2022-10,5종,37373
283,발안,2022-10,6종,33256
284,남양양,2022-10,1종,143865
284,남양양,2022-10,2종,2368
284,남양양,2022-10,3종,3680
284,남양양,2022-10,4종,1157
284,남양양,2022-10,5종,3877
284,남양양,2022-10,6종,4946
285,서평택,2022-10,1종,582547
285,서평택,2022-10,2종,25980
285,서평택,2022-10,3종,48863
285,서평택,2022-10,4종,72123
285,서평택,2022-10,5종,145968
285,서평택,2022-10,6종,33168
286,통도사휴게소,2022-10,1종,175052
286,통도사휴게소,2022-10,2종,2290
286,통도사휴게소,2022-10,3종,2265
286,통도사휴게소,2022-10,4종,6
286,통도사휴게소,2022-10,5종,7
286,통도사휴게소,2022-10,6종,7331
287,송악,2022-10,1종,639501
287,송악,2022-10,2종,15041
287,송악,2022-10,3종,24959
287,송악,2022-10,4종,26150
287,송악,2022-10,5종,160471
287,송악,2022-10,6종,28448
288,당진,2022-10,1종,542777
288,당진,2022-10,2종,12451
288,당진,2022-10,3종,24595
288,당진,2022-10,4종,17016
288,당진,2022-10,5종,53344
288,당진,2022-10,6종,23813
289,마산,2022-10,1종,1415112
289,마산,2022-10,2종,32685
289,마산,2022-10,3종,57054
289,마산,2022-10,4종,23230
289,마산,2022-10,5종,38776
289,마산,2022-10,6종,68542
290,축동,2022-10,1종,57437
290,축동,2022-10,2종,2877
290,축동,2022-10,3종,2066
290,축동,2022-10,4종,6203
290,축동,2022-10,5종,7831
290,축동,2022-10,6종,2755
291,사천,2022-10,1종,876916
291,사천,2022-10,2종,24068
291,사천,2022-10,3종,27471
291,사천,2022-10,4종,18842
291,사천,2022-10,5종,33615
291,사천,2022-10,6종,42683
292,진주,2022-10,1종,824009
292,진주,2022-10,2종,16822
292,진주,2022-10,3종,34995
292,진주,2022-10,4종,12281
292,진주,2022-10,5종,23147
292,진주,2022-10,6종,44347
293,문산,2022-10,1종,378544
293,문산,2022-10,2종,7172
293,문산,2022-10,3종,9287
293,문산,2022-10,4종,5299
293,문산,2022-10,5종,6743
293,문산,2022-10,6종,18696
294,북창원,2022-10,1종,373659
294,북창원,2022-10,2종,8479
294,북창원,2022-10,3종,8162
294,북창원,2022-10,4종,8633
294,북창원,2022-10,5종,15803
294,북창원,2022-10,6종,19628
295,진성,2022-10,1종,238669
295,진성,2022-10,2종,6477
295,진성,2022-10,3종,9332
295,진성,2022-10,4종,7365
295,진성,2022-10,5종,16829
295,진성,2022-10,6종,9540
296,지수,2022-10,1종,71088
296,지수,2022-10,2종,2312
296,지수,2022-10,3종,3069
296,지수,2022-10,4종,2734
296,지수,2022-10,5종,3777
296,지수,2022-10,6종,4064
297,동충주,2022-10,1종,329955
297,동충주,2022-10,2종,8065
297,동충주,2022-10,3종,12449
297,동충주,2022-10,4종,15125
297,동충주,2022-10,5종,42755
297,동충주,2022-10,6종,9844
298,서산,2022-10,1종,882161
298,서산,2022-10,2종,17060
298,서산,2022-10,3종,38242
298,서산,2022-10,4종,35440
298,서산,2022-10,5종,62614
298,서산,2022-10,6종,30042
299,해미,2022-10,1종,177792
299,해미,2022-10,2종,4672
299,해미,2022-10,3종,8190
299,해미,2022-10,4종,4986
299,해미,2022-10,5종,12584
299,해미,2022-10,6종,6769
500,남여주,2022-10,1종,298511
500,남여주,2022-10,2종,6737
500,남여주,2022-10,3종,12366
500,남여주,2022-10,4종,13639
500,남여주,2022-10,5종,21688
500,남여주,2022-10,6종,9529
501,서김제,2022-10,1종,72597
501,서김제,2022-10,2종,1969
501,서김제,2022-10,3종,3837
501,서김제,2022-10,4종,4245
501,서김제,2022-10,5종,3643
501,서김제,2022-10,6종,1727
502,부안,2022-10,1종,176763
502,부안,2022-10,2종,4192
502,부안,2022-10,3종,9827
502,부안,2022-10,4종,6033
502,부안,2022-10,5종,9070
502,부안,2022-10,6종,3957
503,줄포,2022-10,1종,87426
503,줄포,2022-10,2종,1739
503,줄포,2022-10,3종,3690
503,줄포,2022-10,4종,1838
503,줄포,2022-10,5종,1975
503,줄포,2022-10,6종,1799
504,선운산,2022-10,1종,161109
504,선운산,2022-10,2종,3192
504,선운산,2022-10,3종,8207
504,선운산,2022-10,4종,7773
504,선운산,2022-10,5종,12555
504,선운산,2022-10,6종,3966
505,고창,2022-10,1종,147722
505,고창,2022-10,2종,2670
505,고창,2022-10,3종,4570
505,고창,2022-10,4종,2797
505,고창,2022-10,5종,2690
505,고창,2022-10,6종,3828
506,영광,2022-10,1종,131222
506,영광,2022-10,2종,2816
506,영광,2022-10,3종,7885
506,영광,2022-10,4종,4905
506,영광,2022-10,5종,7520
506,영광,2022-10,6종,3019
507,함평,2022-10,1종,81366
507,함평,2022-10,2종,1761
507,함평,2022-10,3종,5304
507,함평,2022-10,4종,5322
507,함평,2022-10,5종,9678
507,함평,2022-10,6종,1988
508,무안,2022-10,1종,244366
508,무안,2022-10,2종,5299
508,무안,2022-10,3종,7573
508,무안,2022-10,4종,7122
508,무안,2022-10,5종,10067
508,무안,2022-10,6종,7744
509,목포,2022-10,1종,1007584
509,목포,2022-10,2종,19652
509,목포,2022-10,3종,34770
509,목포,2022-10,4종,31336
509,목포,2022-10,5종,52659
509,목포,2022-10,6종,27064
510,양양,2022-10,1종,332673
510,양양,2022-10,2종,3849
510,양양,2022-10,3종,10828
510,양양,2022-10,4종,2118
510,양양,2022-10,5종,5496
510,양양,2022-10,6종,10209
511,무창포,2022-10,1종,175225
511,무창포,2022-10,2종,3085
511,무창포,2022-10,3종,6215
511,무창포,2022-10,4종,2602
511,무창포,2022-10,5종,9915
511,무창포,2022-10,6종,4177
512,연화산,2022-10,1종,49539
512,연화산,2022-10,2종,1261
512,연화산,2022-10,3종,1064
512,연화산,2022-10,4종,957
512,연화산,2022-10,5종,2386
512,연화산,2022-10,6종,2554
513,고성,2022-10,1종,486709
513,고성,2022-10,2종,8960
513,고성,2022-10,3종,16989
513,고성,2022-10,4종,7863
513,고성,2022-10,5종,15768
513,고성,2022-10,6종,25981
514,동고성,2022-10,1종,129469
514,동고성,2022-10,2종,2578
514,동고성,2022-10,3종,5076
514,동고성,2022-10,4종,4184
514,동고성,2022-10,5종,13018
514,동고성,2022-10,6종,11258
515,북통영,2022-10,1종,244048
515,북통영,2022-10,2종,4327
515,북통영,2022-10,3종,11688
515,북통영,2022-10,4종,1814
515,북통영,2022-10,5종,2729
515,북통영,2022-10,6종,12227
516,통영,2022-10,1종,672827
516,통영,2022-10,2종,11247
516,통영,2022-10,3종,23338
516,통영,2022-10,4종,9319
516,통영,2022-10,5종,20069
516,통영,2022-10,6종,37732
517,양평,2022-10,1종,275803
517,양평,2022-10,2종,5523
517,양평,2022-10,3종,7525
517,양평,2022-10,4종,8349
517,양평,2022-10,5종,12816
517,양평,2022-10,6종,9724
518,칠곡물류,2022-10,1종,189308
518,칠곡물류,2022-10,2종,29731
518,칠곡물류,2022-10,3종,27438
518,칠곡물류,2022-10,4종,50191
518,칠곡물류,2022-10,5종,25124
518,칠곡물류,2022-10,6종,8620
519,남대구,2022-10,1종,1934846
519,남대구,2022-10,2종,47205
519,남대구,2022-10,3종,60246
519,남대구,2022-10,4종,37417
519,남대구,2022-10,5종,51978
519,남대구,2022-10,6종,98952
520,평택,2022-10,1종,1122004
520,평택,2022-10,2종,41897
520,평택,2022-10,3종,77561
520,평택,2022-10,4종,59211
520,평택,2022-10,5종,73109
520,평택,2022-10,6종,47938
521,단양,2022-10,1종,134651
521,단양,2022-10,2종,2284
521,단양,2022-10,3종,4306
521,단양,2022-10,4종,1612
521,단양,2022-10,5종,12355
521,단양,2022-10,6종,3921
522,북단양,2022-10,1종,226483
522,북단양,2022-10,2종,3277
522,북단양,2022-10,3종,5516
522,북단양,2022-10,4종,12242
522,북단양,2022-10,5종,85082
522,북단양,2022-10,6종,7161
523,남제천,2022-10,1종,289736
523,남제천,2022-10,2종,5231
523,남제천,2022-10,3종,8656
523,남제천,2022-10,4종,9370
523,남제천,2022-10,5종,47043
523,남제천,2022-10,6종,8395
524,청통와촌,2022-10,1종,342005
524,청통와촌,2022-10,2종,17728
524,청통와촌,2022-10,3종,13936
524,청통와촌,2022-10,4종,9846
524,청통와촌,2022-10,5종,13566
524,청통와촌,2022-10,6종,12460
525,북영천,2022-10,1종,236373
525,북영천,2022-10,2종,4809
525,북영천,2022-10,3종,5257
525,북영천,2022-10,4종,4067
525,북영천,2022-10,5종,8582
525,북영천,2022-10,6종,7888
526,서포항,2022-10,1종,120940
526,서포항,2022-10,2종,2047
526,서포항,2022-10,3종,2479
526,서포항,2022-10,4종,1449
526,서포항,2022-10,5종,4146
526,서포항,2022-10,6종,5656
527,포항,2022-10,1종,960543
527,포항,2022-10,2종,17646
527,포항,2022-10,3종,24188
527,포항,2022-10,4종,14842
527,포항,2022-10,5종,64224
527,포항,2022-10,6종,31632
528,기흥동탄,2022-10,1종,1319698
528,기흥동탄,2022-10,2종,19465
528,기흥동탄,2022-10,3종,110056
528,기흥동탄,2022-10,4종,21781
528,기흥동탄,2022-10,5종,22976
528,기흥동탄,2022-10,6종,62991
529,노포,2022-10,1종,204855
529,노포,2022-10,2종,6810
529,노포,2022-10,3종,23468
529,노포,2022-10,4종,4795
529,노포,2022-10,5종,4521
529,노포,2022-10,6종,10688
530,내장산,2022-10,1종,122156
530,내장산,2022-10,2종,3532
530,내장산,2022-10,3종,5100
530,내장산,2022-10,4종,4236
530,내장산,2022-10,5종,3813
530,내장산,2022-10,6종,3169
531,문의청남대,2022-10,1종,268576
531,문의청남대,2022-10,2종,5067
531,문의청남대,2022-10,3종,9536
531,문의청남대,2022-10,4종,9517
531,문의청남대,2022-10,5종,15528
531,문의청남대,2022-10,6종,8782
532,회인,2022-10,1종,70618
532,회인,2022-10,2종,1358
532,회인,2022-10,3종,1293
532,회인,2022-10,4종,917
532,회인,2022-10,5종,1397
532,회인,2022-10,6종,2405
533,보은,2022-10,1종,206951
533,보은,2022-10,2종,5364
533,보은,2022-10,3종,6727
533,보은,2022-10,4종,6306
533,보은,2022-10,5종,7026
533,보은,2022-10,6종,7241
534,속리산,2022-10,1종,116038
534,속리산,2022-10,2종,1954
534,속리산,2022-10,3종,3684
534,속리산,2022-10,4종,2300
534,속리산,2022-10,5종,3363
534,속리산,2022-10,6종,3711
535,화서,2022-10,1종,81689
535,화서,2022-10,2종,2061
535,화서,2022-10,3종,3294
535,화서,2022-10,4종,3303
535,화서,2022-10,5종,5334
535,화서,2022-10,6종,2836
536,남상주,2022-10,1종,167373
536,남상주,2022-10,2종,4712
536,남상주,2022-10,3종,12928
536,남상주,2022-10,4종,9442
536,남상주,2022-10,5종,6324
536,남상주,2022-10,6종,5609
537,남김천,2022-10,1종,111281
537,남김천,2022-10,2종,3936
537,남김천,2022-10,3종,6736
537,남김천,2022-10,4종,7897
537,남김천,2022-10,5종,19392
537,남김천,2022-10,6종,3728
538,성주,2022-10,1종,130476
538,성주,2022-10,2종,5173
538,성주,2022-10,3종,8744
538,성주,2022-10,4종,8480
538,성주,2022-10,5종,11953
538,성주,2022-10,6종,4479
539,남성주,2022-10,1종,81044
539,남성주,2022-10,2종,5516
539,남성주,2022-10,3종,6230
539,남성주,2022-10,4종,6317
539,남성주,2022-10,5종,13438
539,남성주,2022-10,6종,2354
540,청북,2022-10,1종,585167
540,청북,2022-10,2종,36936
540,청북,2022-10,3종,47750
540,청북,2022-10,4종,60418
540,청북,2022-10,5종,65858
540,청북,2022-10,6종,29935
541,송탄,2022-10,1종,574350
541,송탄,2022-10,2종,29223
541,송탄,2022-10,3종,35144
541,송탄,2022-10,4종,41459
541,송탄,2022-10,5종,37650
541,송탄,2022-10,6종,32632
542,서안성,2022-10,1종,745879
542,서안성,2022-10,2종,29046
542,서안성,2022-10,3종,47090
542,서안성,2022-10,4종,72021
542,서안성,2022-10,5종,51220
542,서안성,2022-10,6종,34636
543,남안성,2022-10,1종,777170
543,남안성,2022-10,2종,44286
543,남안성,2022-10,3종,52061
543,남안성,2022-10,4종,66089
543,남안성,2022-10,5종,75968
543,남안성,2022-10,6종,37034
544,완주,2022-10,1종,351362
544,완주,2022-10,2종,8892
544,완주,2022-10,3종,18962
544,완주,2022-10,4종,21186
544,완주,2022-10,5종,51758
544,완주,2022-10,6종,8596
545,소양,2022-10,1종,220058
545,소양,2022-10,2종,3657
545,소양,2022-10,3종,12080
545,소양,2022-10,4종,4634
545,소양,2022-10,5종,5863
545,소양,2022-10,6종,5431
546,진안,2022-10,1종,87999
546,진안,2022-10,2종,2209
546,진안,2022-10,3종,4995
546,진안,2022-10,4종,1979
546,진안,2022-10,5종,2981
546,진안,2022-10,6종,2462
547,무안공항,2022-10,1종,56807
547,무안공항,2022-10,2종,530
547,무안공항,2022-10,3종,870
547,무안공항,2022-10,4종,462
547,무안공항,2022-10,5종,1176
547,무안공항,2022-10,6종,1292
548,북무안,2022-10,1종,185327
548,북무안,2022-10,2종,3573
548,북무안,2022-10,3종,5567
548,북무안,2022-10,4종,5043
548,북무안,2022-10,5종,8201
548,북무안,2022-10,6종,4296
549,동함평,2022-10,1종,277969
549,동함평,2022-10,2종,3924
549,동함평,2022-10,3종,6144
549,동함평,2022-10,4종,3051
549,동함평,2022-10,5종,6044
549,동함평,2022-10,6종,8146
550,문평,2022-10,1종,60358
550,문평,2022-10,2종,1381
550,문평,2022-10,3종,1440
550,문평,2022-10,4종,1213
550,문평,2022-10,5종,9971
550,문평,2022-10,6종,1632
551,나주,2022-10,1종,99826
551,나주,2022-10,2종,2059
551,나주,2022-10,3종,2336
551,나주,2022-10,4종,4947
551,나주,2022-10,5종,3949
551,나주,2022-10,6종,4028
552,서광산,2022-10,1종,374972
552,서광산,2022-10,2종,13416
552,서광산,2022-10,3종,13520
552,서광산,2022-10,4종,14364
552,서광산,2022-10,5종,15766
552,서광산,2022-10,6종,11621
553,동광산,2022-10,1종,1427836
553,동광산,2022-10,2종,25399
553,동광산,2022-10,3종,32840
553,동광산,2022-10,4종,27504
553,동광산,2022-10,5종,41744
553,동광산,2022-10,6종,41097
554,동홍천,2022-10,1종,443238
554,동홍천,2022-10,2종,5799
554,동홍천,2022-10,3종,12836
554,동홍천,2022-10,4종,5844
554,동홍천,2022-10,5종,5898
554,동홍천,2022-10,6종,15221
555,북진천,2022-10,1종,428328
555,북진천,2022-10,2종,30056
555,북진천,2022-10,3종,38935
555,북진천,2022-10,4종,47563
555,북진천,2022-10,5종,47164
555,북진천,2022-10,6종,16803
556,동순천,2022-10,1종,465464
556,동순천,2022-10,2종,6297
556,동순천,2022-10,3종,19420
556,동순천,2022-10,4종,15379
556,동순천,2022-10,5종,54024
556,동순천,2022-10,6종,10434
557,황전,2022-10,1종,145576
557,황전,2022-10,2종,1963
557,황전,2022-10,3종,2683
557,황전,2022-10,4종,2008
557,황전,2022-10,5종,6435
557,황전,2022-10,6종,4238
558,구례화엄사,2022-10,1종,165908
558,구례화엄사,2022-10,2종,3350
558,구례화엄사,2022-10,3종,4869
558,구례화엄사,2022-10,4종,3708
558,구례화엄사,2022-10,5종,7191
558,구례화엄사,2022-10,6종,4337
559,서남원,2022-10,1종,94907
559,서남원,2022-10,2종,3020
559,서남원,2022-10,3종,4558
559,서남원,2022-10,4종,5030
559,서남원,2022-10,5종,11009
559,서남원,2022-10,6종,3146
560,감곡,2022-10,1종,353524
560,감곡,2022-10,2종,9225
560,감곡,2022-10,3종,11963
560,감곡,2022-10,4종,14445
560,감곡,2022-10,5종,32385
560,감곡,2022-10,6종,10942
561,북충주,2022-10,1종,240249
561,북충주,2022-10,2종,5470
561,북충주,2022-10,3종,10068
561,북충주,2022-10,4종,5345
561,북충주,2022-10,5종,7835
561,북충주,2022-10,6종,7733
562,충주,2022-10,1종,183286
562,충주,2022-10,2종,4218
562,충주,2022-10,3종,10232
562,충주,2022-10,4종,13610
562,충주,2022-10,5종,12508
562,충주,2022-10,6종,5905
563,괴산,2022-10,1종,83413
563,괴산,2022-10,2종,1685
563,괴산,2022-10,3종,3486
563,괴산,2022-10,4종,3555
563,괴산,2022-10,5종,6724
563,괴산,2022-10,6종,2479
564,연풍,2022-10,1종,109033
564,연풍,2022-10,2종,2946
564,연풍,2022-10,3종,8395
564,연풍,2022-10,4종,11811
564,연풍,2022-10,5종,10438
564,연풍,2022-10,6종,2897
565,문경새재,2022-10,1종,170354
565,문경새재,2022-10,2종,3445
565,문경새재,2022-10,3종,7773
565,문경새재,2022-10,4종,6249
565,문경새재,2022-10,5종,6167
565,문경새재,2022-10,6종,4560
566,점촌함창,2022-10,1종,140520
566,점촌함창,2022-10,2종,2886
566,점촌함창,2022-10,3종,7369
566,점촌함창,2022-10,4종,4826
566,점촌함창,2022-10,5종,6060
566,점촌함창,2022-10,6종,3939
567,남고창,2022-10,1종,182255
567,남고창,2022-10,2종,3651
567,남고창,2022-10,3종,5722
567,남고창,2022-10,4종,3518
567,남고창,2022-10,5종,5984
567,남고창,2022-10,6종,5237
568,장성물류,2022-10,1종,67454
568,장성물류,2022-10,2종,7196
568,장성물류,2022-10,3종,4927
568,장성물류,2022-10,4종,6447
568,장성물류,2022-10,5종,9831
568,장성물류,2022-10,6종,1731
569,북광주,2022-10,1종,571478
569,북광주,2022-10,2종,17178
569,북광주,2022-10,3종,19594
569,북광주,2022-10,4종,26789
569,북광주,2022-10,5종,39678
569,북광주,2022-10,6종,15129
570,북상주,2022-10,1종,161562
570,북상주,2022-10,2종,4980
570,북상주,2022-10,3종,9270
570,북상주,2022-10,4종,13808
570,북상주,2022-10,5종,8310
570,북상주,2022-10,6종,4727
571,면천,2022-10,1종,137435
571,면천,2022-10,2종,2531
571,면천,2022-10,3종,4145
571,면천,2022-10,4종,4552
571,면천,2022-10,5종,10989
571,면천,2022-10,6종,5089
572,고덕,2022-10,1종,179331
572,고덕,2022-10,2종,4323
572,고덕,2022-10,3종,8138
572,고덕,2022-10,4종,6567
572,고덕,2022-10,5종,10082
572,고덕,2022-10,6종,6508
573,예산수덕사,2022-10,1종,442499
573,예산수덕사,2022-10,2종,10213
573,예산수덕사,2022-10,3종,13949
573,예산수덕사,2022-10,4종,17037
573,예산수덕사,2022-10,5종,21184
573,예산수덕사,2022-10,6종,14191
574,신양,2022-10,1종,94213
574,신양,2022-10,2종,1818
574,신양,2022-10,3종,2630
574,신양,2022-10,4종,2271
574,신양,2022-10,5종,4299
574,신양,2022-10,6종,3102
575,유구,2022-10,1종,172281
575,유구,2022-10,2종,2691
575,유구,2022-10,3종,3285
575,유구,2022-10,4종,3295
575,유구,2022-10,5종,4935
575,유구,2022-10,6종,5271
576,마곡사,2022-10,1종,92857
576,마곡사,2022-10,2종,1406
576,마곡사,2022-10,3종,2024
576,마곡사,2022-10,4종,1452
576,마곡사,2022-10,5종,1733
576,마곡사,2022-10,6종,2942
577,공주,2022-10,1종,254426
577,공주,2022-10,2종,5166
577,공주,2022-10,3종,10167
577,공주,2022-10,4종,3715
577,공주,2022-10,5종,8010
577,공주,2022-10,6종,9235
578,서세종,2022-10,1종,398988
578,서세종,2022-10,2종,10349
578,서세종,2022-10,3종,10475
578,서세종,2022-10,4종,7613
578,서세종,2022-10,5종,19256
578,서세종,2022-10,6종,13883
579,남세종,2022-10,1종,605634
579,남세종,2022-10,2종,8883
579,남세종,2022-10,3종,10397
579,남세종,2022-10,4종,8029
579,남세종,2022-10,5종,11675
579,남세종,2022-10,6종,26526
580,북강릉,2022-10,1종,383184
580,북강릉,2022-10,2종,7126
580,북강릉,2022-10,3종,9337
580,북강릉,2022-10,4종,3483
580,북강릉,2022-10,5종,8415
580,북강릉,2022-10,6종,14178
581,옥계,2022-10,1종,99894
581,옥계,2022-10,2종,1783
581,옥계,2022-10,3종,1932
581,옥계,2022-10,4종,2103
581,옥계,2022-10,5종,21387
581,옥계,2022-10,6종,4760
582,망상,2022-10,1종,174577
582,망상,2022-10,2종,2987
582,망상,2022-10,3종,7927
582,망상,2022-10,4종,1039
582,망상,2022-10,5종,4118
582,망상,2022-10,6종,8811
583,동해,2022-10,1종,373686
583,동해,2022-10,2종,6553
583,동해,2022-10,3종,14039
583,동해,2022-10,4종,4989
583,동해,2022-10,5종,29866
583,동해,2022-10,6종,19234
584,남강릉,2022-10,1종,181109
584,남강릉,2022-10,2종,5241
584,남강릉,2022-10,3종,4451
584,남강릉,2022-10,4종,2926
584,남강릉,2022-10,5종,6954
584,남강릉,2022-10,6종,9237
585,하조대,2022-10,1종,200918
585,하조대,2022-10,2종,3203
585,하조대,2022-10,3종,4807
585,하조대,2022-10,4종,1107
585,하조대,2022-10,5종,2491
585,하조대,2022-10,6종,6781
586,북남원,2022-10,1종,67739
586,북남원,2022-10,2종,1809
586,북남원,2022-10,3종,1726
586,북남원,2022-10,4종,2044
586,북남원,2022-10,5종,2003
586,북남원,2022-10,6종,1670
587,오수,2022-10,1종,204850
587,오수,2022-10,2종,3623
587,오수,2022-10,3종,7831
587,오수,2022-10,4종,6761
587,오수,2022-10,5종,14088
587,오수,2022-10,6종,5695
588,임실,2022-10,1종,102525
588,임실,2022-10,2종,2109
588,임실,2022-10,3종,3863
588,임실,2022-10,4종,1993
588,임실,2022-10,5종,4476
588,임실,2022-10,6종,2862
589,상관,2022-10,1종,252410
589,상관,2022-10,2종,3953
589,상관,2022-10,3종,11881
589,상관,2022-10,4종,6408
589,상관,2022-10,5종,27413
589,상관,2022-10,6종,6155
590,동전주,2022-10,1종,280048
590,동전주,2022-10,2종,4392
590,동전주,2022-10,3종,5106
590,동전주,2022-10,4종,2497
590,동전주,2022-10,5종,4665
590,동전주,2022-10,6종,9047
591,동서천,2022-10,1종,96262
591,동서천,2022-10,2종,1945
591,동서천,2022-10,3종,4100
591,동서천,2022-10,4종,5248
591,동서천,2022-10,5종,19266
591,동서천,2022-10,6종,2776
592,서부여,2022-10,1종,107663
592,서부여,2022-10,2종,2026
592,서부여,2022-10,3종,3668
592,서부여,2022-10,4종,2150
592,서부여,2022-10,5종,4161
592,서부여,2022-10,6종,3600
593,부여,2022-10,1종,136004
593,부여,2022-10,2종,2073
593,부여,2022-10,3종,4592
593,부여,2022-10,4종,3596
593,부여,2022-10,5종,4881
593,부여,2022-10,6종,3939
594,칠갑산,2022-10,1종,45174
594,칠갑산,2022-10,2종,883
594,칠갑산,2022-10,3종,2062
594,칠갑산,2022-10,4종,1483
594,칠갑산,2022-10,5종,1182
594,칠갑산,2022-10,6종,1499
595,서공주,2022-10,1종,202128
595,서공주,2022-10,2종,4215
595,서공주,2022-10,3종,5955
595,서공주,2022-10,4종,5590
595,서공주,2022-10,5종,9820
595,서공주,2022-10,6종,6086
596,가락2,2022-10,1종,35019
596,가락2,2022-10,2종,2031
596,가락2,2022-10,3종,2923
596,가락2,2022-10,4종,5304
596,가락2,2022-10,5종,8348
596,가락2,2022-10,6종,1739
597,서여주,2022-10,1종,244568
597,서여주,2022-10,2종,7137
597,서여주,2022-10,3종,13787
597,서여주,2022-10,4종,12588
597,서여주,2022-10,5종,15224
597,서여주,2022-10,6종,10347
598,북여주,2022-10,1종,305389
598,북여주,2022-10,2종,7800
598,북여주,2022-10,3종,12240
598,북여주,2022-10,4종,7709
598,북여주,2022-10,5종,10508
598,북여주,2022-10,6종,10901
599,양촌,2022-10,1종,79476
599,양촌,2022-10,2종,1428
599,양촌,2022-10,3종,563
599,양촌,2022-10,4종,15
599,양촌,2022-10,5종,30
599,양촌,2022-10,6종,2628
601,남천안,2022-10,1종,342933
601,남천안,2022-10,2종,11105
601,남천안,2022-10,3종,16080
601,남천안,2022-10,4종,17295
601,남천안,2022-10,5종,19308
601,남천안,2022-10,6종,12664
602,풍세상,2022-10,1종,1958978
602,풍세상,2022-10,2종,38832
602,풍세상,2022-10,3종,113382
602,풍세상,2022-10,4종,83080
602,풍세상,2022-10,5종,130720
602,풍세상,2022-10,6종,47230
603,정안,2022-10,1종,448471
603,정안,2022-10,2종,7857
603,정안,2022-10,3종,19818
603,정안,2022-10,4종,10506
603,정안,2022-10,5종,15316
603,정안,2022-10,6종,14368
604,남공주,2022-10,1종,114830
604,남공주,2022-10,2종,3960
604,남공주,2022-10,3종,5395
604,남공주,2022-10,4종,3611
604,남공주,2022-10,5종,9775
604,남공주,2022-10,6종,3747
605,탄천,2022-10,1종,39667
605,탄천,2022-10,2종,1982
605,탄천,2022-10,3종,1768
605,탄천,2022-10,4종,2794
605,탄천,2022-10,5종,8370
605,탄천,2022-10,6종,1573
606,서논산,2022-10,1종,190747
606,서논산,2022-10,2종,6944
606,서논산,2022-10,3종,11352
606,서논산,2022-10,4종,11700
606,서논산,2022-10,5종,15255
606,서논산,2022-10,6종,5890
607,연무,2022-10,1종,224561
607,연무,2022-10,2종,6928
607,연무,2022-10,3종,13430
607,연무,2022-10,4종,13237
607,연무,2022-10,5종,15536
607,연무,2022-10,6종,6363
608,남논산하,2022-10,1종,1250702
608,남논산하,2022-10,2종,19552
608,남논산하,2022-10,3종,69452
608,남논산하,2022-10,4종,44368
608,남논산하,2022-10,5종,85632
608,남논산하,2022-10,6종,23850
612,풍세하,2022-10,1종,1822796
612,풍세하,2022-10,2종,34660
612,풍세하,2022-10,3종,110482
612,풍세하,2022-10,4종,68288
612,풍세하,2022-10,5종,101578
612,풍세하,2022-10,6종,43826
613,남풍세,2022-10,1종,758119
613,남풍세,2022-10,2종,26642
613,남풍세,2022-10,3종,48429
613,남풍세,2022-10,4종,66769
613,남풍세,2022-10,5종,99703
613,남풍세,2022-10,6종,28004
618,남논산상,2022-10,1종,1269026
618,남논산상,2022-10,2종,19994
618,남논산상,2022-10,3종,67986
618,남논산상,2022-10,4종,46240
618,남논산상,2022-10,5종,91896
618,남논산상,2022-10,6종,24244
621,동대구,2022-10,1종,963893
621,동대구,2022-10,2종,21386
621,동대구,2022-10,3종,30261
621,동대구,2022-10,4종,20155
621,동대구,2022-10,5종,22903
621,동대구,2022-10,6종,40610
622,대구,2022-10,1종,1686622
622,대구,2022-10,2종,42024
622,대구,2022-10,3종,42318
622,대구,2022-10,4종,54780
622,대구,2022-10,5종,115630
622,대구,2022-10,6종,50224
623,수성,2022-10,1종,1094970
623,수성,2022-10,2종,19656
623,수성,2022-10,3종,17182
623,수성,2022-10,4종,10502
623,수성,2022-10,5종,14571
623,수성,2022-10,6종,43228
624,청도,2022-10,1종,393217
624,청도,2022-10,2종,9422
624,청도,2022-10,3종,10223
624,청도,2022-10,4종,9849
624,청도,2022-10,5종,11220
624,청도,2022-10,6종,14642
625,밀양,2022-10,1종,477896
625,밀양,2022-10,2종,10848
625,밀양,2022-10,3종,11306
625,밀양,2022-10,4종,9868
625,밀양,2022-10,5종,18585
625,밀양,2022-10,6종,18336
626,남밀양,2022-10,1종,531762
626,남밀양,2022-10,2종,17599
626,남밀양,2022-10,3종,16683
626,남밀양,2022-10,4종,14806
626,남밀양,2022-10,5종,24089
626,남밀양,2022-10,6종,25282
627,삼랑진,2022-10,1종,294671
627,삼랑진,2022-10,2종,8275
627,삼랑진,2022-10,3종,9584
627,삼랑진,2022-10,4종,7719
627,삼랑진,2022-10,5종,20761
627,삼랑진,2022-10,6종,15879
628,상동,2022-10,1종,150226
628,상동,2022-10,2종,19807
628,상동,2022-10,3종,13367
628,상동,2022-10,4종,20142
628,상동,2022-10,5종,15358
628,상동,2022-10,6종,7825
629,김해부산,2022-10,1종,1407100
629,김해부산,2022-10,2종,44658
629,김해부산,2022-10,3종,37264
629,김해부산,2022-10,4종,50656
629,김해부산,2022-10,5종,105500
629,김해부산,2022-10,6종,45466
641,울산,2022-10,1종,1267050
641,울산,2022-10,2종,29072
641,울산,2022-10,3종,50597
641,울산,2022-10,4종,28591
641,울산,2022-10,5종,60299
641,울산,2022-10,6종,59983
642,문수,2022-10,1종,335796
642,문수,2022-10,2종,7734
642,문수,2022-10,3종,13285
642,문수,2022-10,4종,12721
642,문수,2022-10,5종,17688
642,문수,2022-10,6종,16944
643,청량,2022-10,1종,918854
643,청량,2022-10,2종,18082
643,청량,2022-10,3종,31496
643,청량,2022-10,4종,45603
643,청량,2022-10,5종,207847
643,청량,2022-10,6종,49305
644,온양,2022-10,1종,207921
644,온양,2022-10,2종,5233
644,온양,2022-10,3종,4671
644,온양,2022-10,4종,3820
644,온양,2022-10,5종,13511
644,온양,2022-10,6종,12755
645,장안,2022-10,1종,445969
645,장안,2022-10,2종,9180
645,장안,2022-10,3종,12798
645,장안,2022-10,4종,12384
645,장안,2022-10,5종,24439
645,장안,2022-10,6종,22816
646,기장일광,2022-10,1종,601298
646,기장일광,2022-10,2종,4789
646,기장일광,2022-10,3종,8430
646,기장일광,2022-10,4종,8141
646,기장일광,2022-10,5종,32239
646,기장일광,2022-10,6종,30305
647,해운대송정,2022-10,1종,292004
647,해운대송정,2022-10,2종,2750
647,해운대송정,2022-10,3종,2518
647,해운대송정,2022-10,4종,1782
647,해운대송정,2022-10,5종,2054
647,해운대송정,2022-10,6종,15209
648,해운대,2022-10,1종,1404154
648,해운대,2022-10,2종,11882
648,해운대,2022-10,3종,18428
648,해운대,2022-10,4종,11569
648,해운대,2022-10,5종,51048
648,해운대,2022-10,6종,67682
651,남양주,2022-10,1종,2448274
651,남양주,2022-10,2종,40126
651,남양주,2022-10,3종,69374
651,남양주,2022-10,4종,35204
651,남양주,2022-10,5종,25287
651,남양주,2022-10,6종,105902
652,화도,2022-10,1종,1419651
652,화도,2022-10,2종,33329
652,화도,2022-10,3종,36925
652,화도,2022-10,4종,30147
652,화도,2022-10,5종,18404
652,화도,2022-10,6종,78489
653,서종,2022-10,1종,298004
653,서종,2022-10,2종,3028
653,서종,2022-10,3종,2052
653,서종,2022-10,4종,1588
653,서종,2022-10,5종,2501
653,서종,2022-10,6종,12815
654,설악,2022-10,1종,491992
654,설악,2022-10,2종,4591
654,설악,2022-10,3종,7272
654,설악,2022-10,4종,2601
654,설악,2022-10,5종,3230
654,설악,2022-10,6종,18276
655,강촌,2022-10,1종,268244
655,강촌,2022-10,2종,3685
655,강촌,2022-10,3종,8264
655,강촌,2022-10,4종,2754
655,강촌,2022-10,5종,3158
655,강촌,2022-10,6종,8959
656,남춘천,2022-10,1종,257600
656,남춘천,2022-10,2종,2900
656,남춘천,2022-10,3종,4628
656,남춘천,2022-10,4종,2762
656,남춘천,2022-10,5종,7076
656,남춘천,2022-10,6종,7441
657,동산,2022-10,1종,1345474
657,동산,2022-10,2종,20168
657,동산,2022-10,3종,43432
657,동산,2022-10,4종,9850
657,동산,2022-10,5종,19850
657,동산,2022-10,6종,48988
658,조양,2022-10,1종,36396
658,조양,2022-10,2종,599
658,조양,2022-10,3종,924
658,조양,2022-10,4종,819
658,조양,2022-10,5종,1944
658,조양,2022-10,6종,1439
671,봉담,2022-10,1종,1502455
671,봉담,2022-10,2종,40740
671,봉담,2022-10,3종,39210
671,봉담,2022-10,4종,26433
671,봉담,2022-10,5종,41029
671,봉담,2022-10,6종,86954
672,정남,2022-10,1종,448026
672,정남,2022-10,2종,20611
672,정남,2022-10,3종,12166
672,정남,2022-10,4종,14694
672,정남,2022-10,5종,17777
672,정남,2022-10,6종,26483
673,북오산,2022-10,1종,1291578
673,북오산,2022-10,2종,29375
673,북오산,2022-10,3종,40085
673,북오산,2022-10,4종,21516
673,북오산,2022-10,5종,15224
673,북오산,2022-10,6종,77202
675,서오산,2022-10,1종,1325580
675,서오산,2022-10,2종,26692
675,서오산,2022-10,3종,31284
675,서오산,2022-10,4종,17040
675,서오산,2022-10,5종,28016
675,서오산,2022-10,6종,71545
676,향남,2022-10,1종,504004
676,향남,2022-10,2종,28314
676,향남,2022-10,3종,20009
676,향남,2022-10,4종,20000
676,향남,2022-10,5종,17178
676,향남,2022-10,6종,29952
677,북평택,2022-10,1종,2492976
677,북평택,2022-10,2종,54090
677,북평택,2022-10,3종,83394
677,북평택,2022-10,4종,59737
677,북평택,2022-10,5종,63418
677,북평택,2022-10,6종,116502
681,장안본선,2022-10,1종,1338922
681,장안본선,2022-10,2종,68048
681,장안본선,2022-10,3종,166144
681,장안본선,2022-10,4종,86918
681,장안본선,2022-10,5종,207808
681,장안본선,2022-10,6종,55160
682,조암,2022-10,1종,361023
682,조암,2022-10,2종,32212
682,조암,2022-10,3종,37230
682,조암,2022-10,4종,33553
682,조암,2022-10,5종,45029
682,조암,2022-10,6종,16515
683,송산마도,2022-10,1종,844094
683,송산마도,2022-10,2종,39786
683,송산마도,2022-10,3종,36454
683,송산마도,2022-10,4종,35454
683,송산마도,2022-10,5종,88468
683,송산마도,2022-10,6종,40200
684,남안산,2022-10,1종,767725
684,남안산,2022-10,2종,60108
684,남안산,2022-10,3종,58020
684,남안산,2022-10,4종,68040
684,남안산,2022-10,5종,86694
684,남안산,2022-10,6종,39318
685,서시흥,2022-10,1종,1547574
685,서시흥,2022-10,2종,64878
685,서시흥,2022-10,3종,90808
685,서시흥,2022-10,4종,92552
685,서시흥,2022-10,5종,209228
685,서시흥,2022-10,6종,71876
701,북양양,2022-10,1종,335266
701,북양양,2022-10,2종,3337
701,북양양,2022-10,3종,7170
701,북양양,2022-10,4종,1423
701,북양양,2022-10,5종,3305
701,북양양,2022-10,6종,11276
702,속초,2022-10,1종,412977
702,속초,2022-10,2종,6243
702,속초,2022-10,3종,10573
702,속초,2022-10,4종,3440
702,속초,2022-10,5종,7217
702,속초,2022-10,6종,12289
703,삼척,2022-10,1종,191801
703,삼척,2022-10,2종,3426
703,삼척,2022-10,3종,7016
703,삼척,2022-10,4종,2108
703,삼척,2022-10,5종,4745
703,삼척,2022-10,6종,9839
704,근덕,2022-10,1종,225174
704,근덕,2022-10,2종,3310
704,근덕,2022-10,3종,7063
704,근덕,2022-10,4종,3032
704,근덕,2022-10,5종,16288
704,근덕,2022-10,6종,8595
705,남이천,2022-10,1종,345374
705,남이천,2022-10,2종,16988
705,남이천,2022-10,3종,16273
705,남이천,2022-10,4종,28544
705,남이천,2022-10,5종,23580
705,남이천,2022-10,6종,11903
706,남경주,2022-10,1종,343389
706,남경주,2022-10,2종,5033
706,남경주,2022-10,3종,11611
706,남경주,2022-10,4종,6296
706,남경주,2022-10,5종,19187
706,남경주,2022-10,6종,14961
707,남포항,2022-10,1종,544837
707,남포항,2022-10,2종,7916
707,남포항,2022-10,3종,14848
707,남포항,2022-10,4종,10799
707,남포항,2022-10,5종,91786
707,남포항,2022-10,6종,20936
708,동경주,2022-10,1종,188163
708,동경주,2022-10,2종,2410
708,동경주,2022-10,3종,2581
708,동경주,2022-10,4종,1633
708,동경주,2022-10,5종,14510
708,동경주,2022-10,6종,7791
710,밀양출구JC,2022-10,1종,121071
710,밀양출구JC,2022-10,2종,4888
710,밀양출구JC,2022-10,3종,9266
710,밀양출구JC,2022-10,4종,4187
710,밀양출구JC,2022-10,5종,10752
710,밀양출구JC,2022-10,6종,4558
711,불갑산(목포),2022-10,1종,20867
711,불갑산(목포),2022-10,2종,207
711,불갑산(목포),2022-10,3종,456
711,불갑산(목포),2022-10,4종,28
711,불갑산(목포),2022-10,5종,238
711,불갑산(목포),2022-10,6종,462
712,동상주,2022-10,1종,96588
712,동상주,2022-10,2종,2536
712,동상주,2022-10,3종,4742
712,동상주,2022-10,4종,3981
712,동상주,2022-10,5종,4056
712,동상주,2022-10,6종,2761
713,서의성,2022-10,1종,67483
713,서의성,2022-10,2종,1656
713,서의성,2022-10,3종,3409
713,서의성,2022-10,4종,2621
713,서의성,2022-10,5종,3036
713,서의성,2022-10,6종,2315
714,북의성,2022-10,1종,63750
714,북의성,2022-10,2종,1762
714,북의성,2022-10,3종,2022
714,북의성,2022-10,4종,1392
714,북의성,2022-10,5종,2757
714,북의성,2022-10,6종,2016
715,동안동,2022-10,1종,152308
715,동안동,2022-10,2종,2453
715,동안동,2022-10,3종,2923
715,동안동,2022-10,4종,1581
715,동안동,2022-10,5종,3786
715,동안동,2022-10,6종,5036
716,청송,2022-10,1종,218971
716,청송,2022-10,2종,3453
716,청송,2022-10,3종,4806
716,청송,2022-10,4종,2786
716,청송,2022-10,5종,2955
716,청송,2022-10,6종,6925
720,밀양입구JC,2022-10,1종,116303
720,밀양입구JC,2022-10,2종,4307
720,밀양입구JC,2022-10,3종,10084
720,밀양입구JC,2022-10,4종,3623
720,밀양입구JC,2022-10,5종,10311
720,밀양입구JC,2022-10,6종,4562
722,활천,2022-10,1종,103035
722,활천,2022-10,2종,6877
722,활천,2022-10,3종,10763
722,활천,2022-10,4종,11253
722,활천,2022-10,5종,16860
722,활천,2022-10,6종,3563
723,북구미,2022-10,1종,283205
723,북구미,2022-10,2종,4156
723,북구미,2022-10,3종,2839
723,북구미,2022-10,4종,404
723,북구미,2022-10,5종,701
723,북구미,2022-10,6종,12367
724,서함양,2022-10,1종,19082
724,서함양,2022-10,2종,222
724,서함양,2022-10,3종,210
724,서함양,2022-10,4종,4
724,서함양,2022-10,5종,45
724,서함양,2022-10,6종,531
725,임고,2022-10,1종,43280
725,임고,2022-10,2종,339
725,임고,2022-10,3종,121
725,임고,2022-10,4종,45
725,임고,2022-10,5종,387
725,임고,2022-10,6종,853
729,신둔,2022-10,1종,40974
729,신둔,2022-10,2종,3597
729,신둔,2022-10,3종,675
729,신둔,2022-10,4종,0
729,신둔,2022-10,5종,0
729,신둔,2022-10,6종,2226
730,유천,2022-10,1종,458539
730,유천,2022-10,2종,8308
730,유천,2022-10,3종,2498
730,유천,2022-10,4종,206
730,유천,2022-10,5종,925
730,유천,2022-10,6종,23283
731,북현풍,2022-10,1종,166499
731,북현풍,2022-10,2종,2502
731,북현풍,2022-10,3종,1368
731,북현풍,2022-10,4종,16
731,북현풍,2022-10,5종,919
731,북현풍,2022-10,6종,9425
732,행담도,2022-10,1종,32628
732,행담도,2022-10,2종,430
732,행담도,2022-10,3종,148
732,행담도,2022-10,4종,118
732,행담도,2022-10,5종,90
732,행담도,2022-10,6종,1401
733,옥산,2022-10,1종,163807
733,옥산,2022-10,2종,5400
733,옥산,2022-10,3종,1472
733,옥산,2022-10,4종,92
733,옥산,2022-10,5종,133
733,옥산,2022-10,6종,5739
734,동둔내,2022-10,1종,5182
734,동둔내,2022-10,2종,42
734,동둔내,2022-10,3종,35
734,동둔내,2022-10,4종,2
734,동둔내,2022-10,5종,3
734,동둔내,2022-10,6종,85
735,남양평,2022-10,1종,152733
735,남양평,2022-10,2종,2766
735,남양평,2022-10,3종,1023
735,남양평,2022-10,4종,95
735,남양평,2022-10,5종,320
735,남양평,2022-10,6종,5983
736,삼성,2022-10,1종,121972
736,삼성,2022-10,2종,8355
736,삼성,2022-10,3종,538
736,삼성,2022-10,4종,69
736,삼성,2022-10,5종,61
736,삼성,2022-10,6종,3943
741,평택고덕,2022-10,1종,589687
741,평택고덕,2022-10,2종,10912
741,평택고덕,2022-10,3종,51842
741,평택고덕,2022-10,4종,15816
741,평택고덕,2022-10,5종,27197
741,평택고덕,2022-10,6종,37873
742,남사진위,2022-10,1종,564473
742,남사진위,2022-10,2종,15119
742,남사진위,2022-10,3종,28736
742,남사진위,2022-10,4종,38709
742,남사진위,2022-10,5종,19106
742,남사진위,2022-10,6종,25778
746,기장일광입구,2022-10,1종,216959
746,기장일광입구,2022-10,2종,3374
746,기장일광입구,2022-10,3종,721
746,기장일광입구,2022-10,4종,58
746,기장일광입구,2022-10,5종,96
746,기장일광입구,2022-10,6종,12393
747,척과구룡,2022-10,1종,89011
747,척과구룡,2022-10,2종,5945
747,척과구룡,2022-10,3종,9982
747,척과구룡,2022-10,4종,6808
747,척과구룡,2022-10,5종,13955
747,척과구룡,2022-10,6종,3897
748,동청송영양,2022-10,1종,98760
748,동청송영양,2022-10,2종,1531
748,동청송영양,2022-10,3종,1985
748,동청송영양,2022-10,4종,2010
748,동청송영양,2022-10,5종,2016
748,동청송영양,2022-10,6종,2844
749,영덕,2022-10,1종,271937
749,영덕,2022-10,2종,3370
749,영덕,2022-10,3종,6959
749,영덕,2022-10,4종,2788
749,영덕,2022-10,5종,8012
749,영덕,2022-10,6종,7074
750,기장동JC,2022-10,1종,411270
750,기장동JC,2022-10,2종,10682
750,기장동JC,2022-10,3종,17921
750,기장동JC,2022-10,4종,5753
750,기장동JC,2022-10,5종,42078
750,기장동JC,2022-10,6종,23981
751,기장일광(KEC),2022-10,1종,312931
751,기장일광(KEC),2022-10,2종,4480
751,기장일광(KEC),2022-10,3종,4100
751,기장일광(KEC),2022-10,4종,4596
751,기장일광(KEC),2022-10,5종,17449
751,기장일광(KEC),2022-10,6종,19879
752,기장철마,2022-10,1종,713483
752,기장철마,2022-10,2종,14649
752,기장철마,2022-10,3종,12032
752,기장철마,2022-10,4종,10524
752,기장철마,2022-10,5종,29522
752,기장철마,2022-10,6종,43139
753,금정,2022-10,1종,317380
753,금정,2022-10,2종,9646
753,금정,2022-10,3종,10188
753,금정,2022-10,4종,8631
753,금정,2022-10,5종,14908
753,금정,2022-10,6종,17614
754,김해가야휴게소,2022-10,1종,82045
754,김해가야휴게소,2022-10,2종,1889
754,김해가야휴게소,2022-10,3종,87
754,김해가야휴게소,2022-10,4종,0
754,김해가야휴게소,2022-10,5종,3
754,김해가야휴게소,2022-10,6종,3938
755,광재,2022-10,1종,454737
755,광재,2022-10,2종,20068
755,광재,2022-10,3종,20100
755,광재,2022-10,4종,19068
755,광재,2022-10,5종,40866
755,광재,2022-10,6종,25534
756,한림,2022-10,1종,124222
756,한림,2022-10,2종,8963
756,한림,2022-10,3종,8608
756,한림,2022-10,4종,6604
756,한림,2022-10,5종,19997
756,한림,2022-10,6종,5623
757,진영,2022-10,1종,280060
757,진영,2022-10,2종,12991
757,진영,2022-10,3종,16471
757,진영,2022-10,4종,18249
757,진영,2022-10,5종,30215
757,진영,2022-10,6종,15271
758,진영휴게소,2022-10,1종,501
758,진영휴게소,2022-10,2종,4
758,진영휴게소,2022-10,3종,1
758,진영휴게소,2022-10,4종,2
758,진영휴게소,2022-10,5종,33
758,진영휴게소,2022-10,6종,34
760,기장서JC,2022-10,1종,717064
760,기장서JC,2022-10,2종,18618
760,기장서JC,2022-10,3종,23858
760,기장서JC,2022-10,4종,8014
760,기장서JC,2022-10,5종,63899
760,기장서JC,2022-10,6종,42231
762,중앙탑,2022-10,1종,50834
762,중앙탑,2022-10,2종,935
762,중앙탑,2022-10,3종,68
762,중앙탑,2022-10,4종,8
762,중앙탑,2022-10,5종,10
762,중앙탑,2022-10,6종,2650
765,내촌,2022-10,1종,49091
765,내촌,2022-10,2종,938
765,내촌,2022-10,3종,909
765,내촌,2022-10,4종,1331
765,내촌,2022-10,5종,1204
765,내촌,2022-10,6종,2119
766,인제,2022-10,1종,109870
766,인제,2022-10,2종,2094
766,인제,2022-10,3종,1559
766,인제,2022-10,4종,1015
766,인제,2022-10,5종,2127
766,인제,2022-10,6종,4708
767,구병산,2022-10,1종,6172
767,구병산,2022-10,2종,77
767,구병산,2022-10,3종,52
767,구병산,2022-10,4종,0
767,구병산,2022-10,5종,0
767,구병산,2022-10,6종,392
768,서양양,2022-10,1종,16082
768,서양양,2022-10,2종,141
768,서양양,2022-10,3종,277
768,서양양,2022-10,4종,49
768,서양양,2022-10,5종,203
768,서양양,2022-10,6종,391
770,울주동JC,2022-10,1종,230601
770,울주동JC,2022-10,2종,7435
770,울주동JC,2022-10,3종,19975
770,울주동JC,2022-10,4종,5995
770,울주동JC,2022-10,5종,28604
770,울주동JC,2022-10,6종,10959
771,배내골,2022-10,1종,87094
771,배내골,2022-10,2종,545
771,배내골,2022-10,3종,690
771,배내골,2022-10,4종,307
771,배내골,2022-10,5종,161
771,배내골,2022-10,6종,3829
772,북달성,2022-10,1종,460512
772,북달성,2022-10,2종,13403
772,북달성,2022-10,3종,20835
772,북달성,2022-10,4종,18338
772,북달성,2022-10,5종,13461
772,북달성,2022-10,6종,21619
773,북다사,2022-10,1종,252782
773,북다사,2022-10,2종,6494
773,북다사,2022-10,3종,6090
773,북다사,2022-10,4종,5797
773,북다사,2022-10,5종,6725
773,북다사,2022-10,6종,12632
774,남칠곡,2022-10,1종,398909
774,남칠곡,2022-10,2종,8189
774,남칠곡,2022-10,3종,8989
774,남칠곡,2022-10,4종,6388
774,남칠곡,2022-10,5종,7121
774,남칠곡,2022-10,6종,19138
775,동명동호,2022-10,1종,416859
775,동명동호,2022-10,2종,7560
775,동명동호,2022-10,3종,6378
775,동명동호,2022-10,4종,5581
775,동명동호,2022-10,5종,16205
775,동명동호,2022-10,6종,13832
776,연경,2022-10,1종,800584
776,연경,2022-10,2종,14416
776,연경,2022-10,3종,11641
776,연경,2022-10,4종,8558
776,연경,2022-10,5종,15389
776,연경,2022-10,6종,43211
777,파군재,2022-10,1종,453125
777,파군재,2022-10,2종,4016
777,파군재,2022-10,3종,3521
777,파군재,2022-10,4종,1576
777,파군재,2022-10,5종,2189
777,파군재,2022-10,6종,26931
778,둔산,2022-10,1종,63589
778,둔산,2022-10,2종,2649
778,둔산,2022-10,3종,1522
778,둔산,2022-10,4종,1313
778,둔산,2022-10,5종,698
778,둔산,2022-10,6종,3414
779,율암,2022-10,1종,641423
779,율암,2022-10,2종,8151
779,율암,2022-10,3종,6841
779,율암,2022-10,4종,6755
779,율암,2022-10,5종,12200
779,율암,2022-10,6종,39030
780,울주서JC,2022-10,1종,231699
780,울주서JC,2022-10,2종,7916
780,울주서JC,2022-10,3종,17404
780,울주서JC,2022-10,4종,6091
780,울주서JC,2022-10,5종,29583
780,울주서JC,2022-10,6종,11440
876,양감,2022-10,1종,333132
876,양감,2022-10,2종,14787
876,양감,2022-10,3종,15342
876,양감,2022-10,4종,16863
876,양감,2022-10,5종,20618
876,양감,2022-10,6종,21214
981,서영암,2022-10,1종,339681
981,서영암,2022-10,2종,4926
981,서영암,2022-10,3종,11948
981,서영암,2022-10,4종,8487
981,서영암,2022-10,5종,20478
981,서영암,2022-10,6종,9185
982,강진무위사,2022-10,1종,217095
982,강진무위사,2022-10,2종,3382
982,강진무위사,2022-10,3종,8146
982,강진무위사,2022-10,4종,5781
982,강진무위사,2022-10,5종,7777
982,강진무위사,2022-10,6종,5817
983,장흥,2022-10,1종,116690
983,장흥,2022-10,2종,1841
983,장흥,2022-10,3종,3086
983,장흥,2022-10,4종,1144
983,장흥,2022-10,5종,2491
983,장흥,2022-10,6종,3235
984,보성,2022-10,1종,280702
984,보성,2022-10,2종,5345
984,보성,2022-10,3종,8020
984,보성,2022-10,4종,5508
984,보성,2022-10,5종,16512
984,보성,2022-10,6종,6483
985,벌교,2022-10,1종,195048
985,벌교,2022-10,2종,3685
985,벌교,2022-10,3종,4974
985,벌교,2022-10,4종,2776
985,벌교,2022-10,5종,4890
985,벌교,2022-10,6종,4587
986,고흥,2022-10,1종,270687
986,고흥,2022-10,2종,3674
986,고흥,2022-10,3종,6797
986,고흥,2022-10,4종,7308
986,고흥,2022-10,5종,11927
986,고흥,2022-10,6종,8122
987,남순천,2022-10,1종,694947
987,남순천,2022-10,2종,10029
987,남순천,2022-10,3종,21429
987,남순천,2022-10,4종,17749
987,남순천,2022-10,5종,48556
987,남순천,2022-10,6종,18309
11,인천,2022-11,1종,4192214
11,인천,2022-11,2종,105109
11,인천,2022-11,3종,61907
11,인천,2022-11,4종,67466
11,인천,2022-11,5종,129544
11,인천,2022-11,6종,296625
12,서영암(개),2022-11,1종,80059
12,서영암(개),2022-11,2종,1220
12,서영암(개),2022-11,3종,1559
12,서영암(개),2022-11,4종,1786
12,서영암(개),2022-11,5종,4545
12,서영암(개),2022-11,6종,3156
13,순천만,2022-11,1종,199881
13,순천만,2022-11,2종,5022
13,순천만,2022-11,3종,7024
13,순천만,2022-11,4종,4315
13,순천만,2022-11,5종,12113
13,순천만,2022-11,6종,7504
25,동부산,2022-11,1종,478379
25,동부산,2022-11,2종,2346
25,동부산,2022-11,3종,7699
25,동부산,2022-11,4종,2212
25,동부산,2022-11,5종,11859
25,동부산,2022-11,6종,11390
29,가락(개),2022-11,1종,929229
29,가락(개),2022-11,2종,20620
29,가락(개),2022-11,3종,19904
29,가락(개),2022-11,4종,20476
29,가락(개),2022-11,5종,107907
29,가락(개),2022-11,6종,65596
53,남인천,2022-11,1종,2207792
53,남인천,2022-11,2종,46366
53,남인천,2022-11,3종,41598
53,남인천,2022-11,4종,26162
53,남인천,2022-11,5종,57132
53,남인천,2022-11,6종,142337
56,일로,2022-11,1종,36468
56,일로,2022-11,2종,958
56,일로,2022-11,3종,584
56,일로,2022-11,4종,909
56,일로,2022-11,5종,4095
56,일로,2022-11,6종,1999
57,다사,2022-11,1종,68771
57,다사,2022-11,2종,1341
57,다사,2022-11,3종,1261
57,다사,2022-11,4종,530
57,다사,2022-11,5종,615
57,다사,2022-11,6종,5338
58,지천,2022-11,1종,46069
58,지천,2022-11,2종,999
58,지천,2022-11,3종,951
58,지천,2022-11,4종,433
58,지천,2022-11,5종,1206
58,지천,2022-11,6종,2255
61,성남,2022-11,1종,5007887
61,성남,2022-11,2종,144535
61,성남,2022-11,3종,140393
61,성남,2022-11,4종,121584
61,성남,2022-11,5종,103515
61,성남,2022-11,6종,271339
62,구리남양주,2022-11,1종,5110271
62,구리남양주,2022-11,2종,167850
62,구리남양주,2022-11,3종,136218
62,구리남양주,2022-11,4종,148280
62,구리남양주,2022-11,5종,117230
62,구리남양주,2022-11,6종,304985
63,토평,2022-11,1종,725456
63,토평,2022-11,2종,22673
63,토평,2022-11,3종,14082
63,토평,2022-11,4종,19349
63,토평,2022-11,5종,18697
63,토평,2022-11,6종,45129
64,청계,2022-11,1종,4517136
64,청계,2022-11,2종,104084
64,청계,2022-11,3종,116927
64,청계,2022-11,4종,65215
64,청계,2022-11,5종,71769
64,청계,2022-11,6종,262375
65,판교,2022-11,1종,2384641
65,판교,2022-11,2종,25480
65,판교,2022-11,3종,130142
65,판교,2022-11,4종,10076
65,판교,2022-11,5종,10199
65,판교,2022-11,6종,104444
66,하남,2022-11,1종,927664
66,하남,2022-11,2종,24536
66,하남,2022-11,3종,12501
66,하남,2022-11,4종,13592
66,하남,2022-11,5종,13976
66,하남,2022-11,6종,52613
67,시흥,2022-11,1종,4089554
67,시흥,2022-11,2종,112105
67,시흥,2022-11,3종,98565
67,시흥,2022-11,4종,102638
67,시흥,2022-11,5종,94083
67,시흥,2022-11,6종,238883
68,김포,2022-11,1종,4957377
68,김포,2022-11,2종,146914
68,김포,2022-11,3종,101818
68,김포,2022-11,4종,95779
68,김포,2022-11,5종,147832
68,김포,2022-11,6종,328732
69,대왕판교,2022-11,1종,212089
69,대왕판교,2022-11,2종,2125
69,대왕판교,2022-11,3종,726
69,대왕판교,2022-11,4종,25
69,대왕판교,2022-11,5종,14
69,대왕판교,2022-11,6종,8801
74,덕소삼패,2022-11,1종,432415
74,덕소삼패,2022-11,2종,8521
74,덕소삼패,2022-11,3종,5898
74,덕소삼패,2022-11,4종,7395
74,덕소삼패,2022-11,5종,12340
74,덕소삼패,2022-11,6종,30010
91,대동(개),2022-11,1종,101899
91,대동(개),2022-11,2종,4820
91,대동(개),2022-11,3종,4460
91,대동(개),2022-11,4종,15945
91,대동(개),2022-11,5종,6969
91,대동(개),2022-11,6종,5674
92,내서,2022-11,1종,234373
92,내서,2022-11,2종,6740
92,내서,2022-11,3종,11109
92,내서,2022-11,4종,4839
92,내서,2022-11,5종,10805
92,내서,2022-11,6종,17837
101,서울,2022-11,1종,5330404
101,서울,2022-11,2종,147883
101,서울,2022-11,3종,523603
101,서울,2022-11,4종,135482
101,서울,2022-11,5종,70995
101,서울,2022-11,6종,215351
102,동수원,2022-11,1종,2203601
102,동수원,2022-11,2종,27164
102,동수원,2022-11,3종,67144
102,동수원,2022-11,4종,9853
102,동수원,2022-11,5종,10290
102,동수원,2022-11,6종,113815
103,수원신갈,2022-11,1종,2319162
103,수원신갈,2022-11,2종,81075
103,수원신갈,2022-11,3종,147724
103,수원신갈,2022-11,4종,61064
103,수원신갈,2022-11,5종,30208
103,수원신갈,2022-11,6종,108287
104,지곡,2022-11,1종,45054
104,지곡,2022-11,2종,1522
104,지곡,2022-11,3종,2679
104,지곡,2022-11,4종,3569
104,지곡,2022-11,5종,3028
104,지곡,2022-11,6종,1440
105,기흥,2022-11,1종,771327
105,기흥,2022-11,2종,14113
105,기흥,2022-11,3종,27003
105,기흥,2022-11,4종,11038
105,기흥,2022-11,5종,7447
105,기흥,2022-11,6종,38267
106,오산,2022-11,1종,1203422
106,오산,2022-11,2종,73467
106,오산,2022-11,3종,78201
106,오산,2022-11,4종,55987
106,오산,2022-11,5종,31046
106,오산,2022-11,6종,69868
107,안성,2022-11,1종,1169214
107,안성,2022-11,2종,28476
107,안성,2022-11,3종,44075
107,안성,2022-11,4종,19558
107,안성,2022-11,5종,11925
107,안성,2022-11,6종,71285
108,천안,2022-11,1종,1798077
108,천안,2022-11,2종,37813
108,천안,2022-11,3종,85872
108,천안,2022-11,4종,35759
108,천안,2022-11,5종,38123
108,천안,2022-11,6종,86597
109,계룡,2022-11,1종,175714
109,계룡,2022-11,2종,10550
109,계룡,2022-11,3종,10647
109,계룡,2022-11,4종,11042
109,계룡,2022-11,5종,9948
109,계룡,2022-11,6종,9943
110,독립기념관,2022-11,1종,373431
110,독립기념관,2022-11,2종,16066
110,독립기념관,2022-11,3종,24906
110,독립기념관,2022-11,4종,30699
110,독립기념관,2022-11,5종,21824
110,독립기념관,2022-11,6종,15818
111,청주,2022-11,1종,617428
111,청주,2022-11,2종,15845
111,청주,2022-11,3종,41561
111,청주,2022-11,4종,23117
111,청주,2022-11,5종,27203
111,청주,2022-11,6종,25842
112,남청주,2022-11,1종,578575
112,남청주,2022-11,2종,33947
112,남청주,2022-11,3종,29983
112,남청주,2022-11,4종,45299
112,남청주,2022-11,5종,58738
112,남청주,2022-11,6종,23447
113,신탄진,2022-11,1종,770468
113,신탄진,2022-11,2종,30736
113,신탄진,2022-11,3종,27210
113,신탄진,2022-11,4종,49325
113,신탄진,2022-11,5종,64982
113,신탄진,2022-11,6종,38344
114,남대전,2022-11,1종,416850
114,남대전,2022-11,2종,14171
114,남대전,2022-11,3종,21113
114,남대전,2022-11,4종,33622
114,남대전,2022-11,5종,14737
114,남대전,2022-11,6종,20735
115,대전,2022-11,1종,1481472
115,대전,2022-11,2종,33389
115,대전,2022-11,3종,52850
115,대전,2022-11,4종,14754
115,대전,2022-11,5종,18617
115,대전,2022-11,6종,78459
116,옥천,2022-11,1종,510811
116,옥천,2022-11,2종,19285
116,옥천,2022-11,3종,19461
116,옥천,2022-11,4종,34475
116,옥천,2022-11,5종,30421
116,옥천,2022-11,6종,25694
117,금강,2022-11,1종,40966
117,금강,2022-11,2종,1022
117,금강,2022-11,3종,1711
117,금강,2022-11,4종,2449
117,금강,2022-11,5종,899
117,금강,2022-11,6종,2192
118,영동,2022-11,1종,108553
118,영동,2022-11,2종,3685
118,영동,2022-11,3종,5109
118,영동,2022-11,4종,4564
118,영동,2022-11,5종,11520
118,영동,2022-11,6종,4347
119,판암,2022-11,1종,627073
119,판암,2022-11,2종,13183
119,판암,2022-11,3종,11699
119,판암,2022-11,4종,9334
119,판암,2022-11,5종,14389
119,판암,2022-11,6종,36503
120,황간,2022-11,1종,101658
120,황간,2022-11,2종,2471
120,황간,2022-11,3종,3442
120,황간,2022-11,4종,5404
120,황간,2022-11,5종,7523
120,황간,2022-11,6종,3828
121,추풍령,2022-11,1종,49281
121,추풍령,2022-11,2종,993
121,추풍령,2022-11,3종,1488
121,추풍령,2022-11,4종,1987
121,추풍령,2022-11,5종,2474
121,추풍령,2022-11,6종,2337
122,김천,2022-11,1종,256342
122,김천,2022-11,2종,5871
122,김천,2022-11,3종,8160
122,김천,2022-11,4종,9006
122,김천,2022-11,5종,8488
122,김천,2022-11,6종,11883
123,구미,2022-11,1종,768857
123,구미,2022-11,2종,14976
123,구미,2022-11,3종,27788
123,구미,2022-11,4종,18998
123,구미,2022-11,5종,14294
123,구미,2022-11,6종,35877
124,상주,2022-11,1종,96307
124,상주,2022-11,2종,3328
124,상주,2022-11,3종,4419
124,상주,2022-11,4종,4059
124,상주,2022-11,5종,5222
124,상주,2022-11,6종,3260
125,남구미,2022-11,1종,603327
125,남구미,2022-11,2종,20541
125,남구미,2022-11,3종,31021
125,남구미,2022-11,4종,27485
125,남구미,2022-11,5종,33635
125,남구미,2022-11,6종,30332
126,왜관,2022-11,1종,707950
126,왜관,2022-11,2종,37948
126,왜관,2022-11,3종,32022
126,왜관,2022-11,4종,29264
126,왜관,2022-11,5종,42394
126,왜관,2022-11,6종,30423
127,서대구,2022-11,1종,1809280
127,서대구,2022-11,2종,60347
127,서대구,2022-11,3종,69167
127,서대구,2022-11,4종,48423
127,서대구,2022-11,5종,47469
127,서대구,2022-11,6종,78455
128,금왕꽃동네,2022-11,1종,270775
128,금왕꽃동네,2022-11,2종,15952
128,금왕꽃동네,2022-11,3종,21697
128,금왕꽃동네,2022-11,4종,27110
128,금왕꽃동네,2022-11,5종,36400
128,금왕꽃동네,2022-11,6종,12058
129,북대구,2022-11,1종,1818927
129,북대구,2022-11,2종,47747
129,북대구,2022-11,3종,50384
129,북대구,2022-11,4종,24909
129,북대구,2022-11,5종,34310
129,북대구,2022-11,6종,73250
130,동김천,2022-11,1종,326472
130,동김천,2022-11,2종,9276
130,동김천,2022-11,3종,16772
130,동김천,2022-11,4종,15689
130,동김천,2022-11,5종,22908
130,동김천,2022-11,6종,13303
131,경산,2022-11,1종,967150
131,경산,2022-11,2종,61641
131,경산,2022-11,3종,57246
131,경산,2022-11,4종,57436
131,경산,2022-11,5종,54451
131,경산,2022-11,6종,48136
132,영천,2022-11,1종,401628
132,영천,2022-11,2종,16026
132,영천,2022-11,3종,29270
132,영천,2022-11,4종,26289
132,영천,2022-11,5종,34759
132,영천,2022-11,6종,15606
133,서경주,2022-11,1종,193206
133,서경주,2022-11,2종,6321
133,서경주,2022-11,3종,11221
133,서경주,2022-11,4종,10326
133,서경주,2022-11,5종,22209
133,서경주,2022-11,6종,6447
134,선산,2022-11,1종,89626
134,선산,2022-11,2종,3055
134,선산,2022-11,3종,4638
134,선산,2022-11,4종,4914
134,선산,2022-11,5종,6675
134,선산,2022-11,6종,3183
135,경주,2022-11,1종,904465
135,경주,2022-11,2종,18655
135,경주,2022-11,3종,51574
135,경주,2022-11,4종,37817
135,경주,2022-11,5종,51794
135,경주,2022-11,6종,31965
136,음성,2022-11,1종,294190
136,음성,2022-11,2종,10032
136,음성,2022-11,3종,15422
136,음성,2022-11,4종,19915
136,음성,2022-11,5종,30404
136,음성,2022-11,6종,10148
137,통도사,2022-11,1종,306305
137,통도사,2022-11,2종,17511
137,통도사,2022-11,3종,20909
137,통도사,2022-11,4종,16865
137,통도사,2022-11,5종,25317
137,통도사,2022-11,6종,16782
138,양산,2022-11,1종,813841
138,양산,2022-11,2종,69841
138,양산,2022-11,3종,54676
138,양산,2022-11,4종,56869
138,양산,2022-11,5종,64390
138,양산,2022-11,6종,39534
139,서울산,2022-11,1종,570080
139,서울산,2022-11,2종,16242
139,서울산,2022-11,3종,22299
139,서울산,2022-11,4종,13681
139,서울산,2022-11,5종,15908
139,서울산,2022-11,6종,29475
140,부산,2022-11,1종,1905395
140,부산,2022-11,2종,46951
140,부산,2022-11,3종,45014
140,부산,2022-11,4종,24858
140,부산,2022-11,5종,42073
140,부산,2022-11,6종,94249
142,군북,2022-11,1종,475413
142,군북,2022-11,2종,11519
142,군북,2022-11,3종,18144
142,군북,2022-11,4종,12622
142,군북,2022-11,5종,29223
142,군북,2022-11,6종,26445
143,장지,2022-11,1종,124661
143,장지,2022-11,2종,4097
143,장지,2022-11,3종,5907
143,장지,2022-11,4종,5777
143,장지,2022-11,5종,20899
143,장지,2022-11,6종,7090
144,함안,2022-11,1종,305900
144,함안,2022-11,2종,10022
144,함안,2022-11,3종,11166
144,함안,2022-11,4종,9029
144,함안,2022-11,5종,25447
144,함안,2022-11,6종,16684
145,산인,2022-11,1종,1040947
145,산인,2022-11,2종,18016
145,산인,2022-11,3종,38906
145,산인,2022-11,4종,15192
145,산인,2022-11,5종,28447
145,산인,2022-11,6종,48180
146,동창원,2022-11,1종,640889
146,동창원,2022-11,2종,18016
146,동창원,2022-11,3종,17337
146,동창원,2022-11,4종,14918
146,동창원,2022-11,5종,23763
146,동창원,2022-11,6종,40879
147,진례,2022-11,1종,480924
147,진례,2022-11,2종,31573
147,진례,2022-11,3종,31791
147,진례,2022-11,4종,34039
147,진례,2022-11,5종,32482
147,진례,2022-11,6종,31034
148,서김해,2022-11,1종,884946
148,서김해,2022-11,2종,25288
148,서김해,2022-11,3종,26842
148,서김해,2022-11,4종,21449
148,서김해,2022-11,5종,19825
148,서김해,2022-11,6종,57081
149,동김해,2022-11,1종,1087161
149,동김해,2022-11,2종,29962
149,동김해,2022-11,3종,33067
149,동김해,2022-11,4종,16743
149,동김해,2022-11,5종,13275
149,동김해,2022-11,6종,75222
150,북부산,2022-11,1종,1769856
150,북부산,2022-11,2종,27743
150,북부산,2022-11,3종,30771
150,북부산,2022-11,4종,13828
150,북부산,2022-11,5종,27396
150,북부산,2022-11,6종,106825
151,북대전,2022-11,1종,849831
151,북대전,2022-11,2종,13587
151,북대전,2022-11,3종,26332
151,북대전,2022-11,4종,19768
151,북대전,2022-11,5종,22976
151,북대전,2022-11,6종,41820
152,유성,2022-11,1종,1214965
152,유성,2022-11,2종,21838
152,유성,2022-11,3종,34817
152,유성,2022-11,4종,18489
152,유성,2022-11,5종,16571
152,유성,2022-11,6종,51047
153,서대전,2022-11,1종,1041525
153,서대전,2022-11,2종,20920
153,서대전,2022-11,3종,23002
153,서대전,2022-11,4종,20668
153,서대전,2022-11,5종,27871
153,서대전,2022-11,6종,54097
154,안영,2022-11,1종,536362
154,안영,2022-11,2종,15500
154,안영,2022-11,3종,15517
154,안영,2022-11,4종,13308
154,안영,2022-11,5종,18952
154,안영,2022-11,6종,26301
155,논산,2022-11,1종,275789
155,논산,2022-11,2종,11457
155,논산,2022-11,3종,20030
155,논산,2022-11,4종,18575
155,논산,2022-11,5종,17392
155,논산,2022-11,6종,10474
156,익산,2022-11,1종,308684
156,익산,2022-11,2종,17791
156,익산,2022-11,3종,29176
156,익산,2022-11,4종,34603
156,익산,2022-11,5종,37705
156,익산,2022-11,6종,8572
157,삼례,2022-11,1종,125149
157,삼례,2022-11,2종,5163
157,삼례,2022-11,3종,7680
157,삼례,2022-11,4종,8046
157,삼례,2022-11,5종,10295
157,삼례,2022-11,6종,3813
158,전주,2022-11,1종,467278
158,전주,2022-11,2종,13398
158,전주,2022-11,3종,37759
158,전주,2022-11,4종,22465
158,전주,2022-11,5종,29878
158,전주,2022-11,6종,13271
159,서전주,2022-11,1종,399323
159,서전주,2022-11,2종,10613
159,서전주,2022-11,3종,14102
159,서전주,2022-11,4종,13647
159,서전주,2022-11,5종,12164
159,서전주,2022-11,6종,10521
160,김제,2022-11,1종,150095
160,김제,2022-11,2종,6208
160,김제,2022-11,3종,9904
160,김제,2022-11,4종,10128
160,김제,2022-11,5종,8149
160,김제,2022-11,6종,3852
161,금산사,2022-11,1종,41125
161,금산사,2022-11,2종,2453
161,금산사,2022-11,3종,1711
161,금산사,2022-11,4종,1809
161,금산사,2022-11,5종,1825
161,금산사,2022-11,6종,1031
162,태인,2022-11,1종,139344
162,태인,2022-11,2종,4469
162,태인,2022-11,3종,9118
162,태인,2022-11,4종,9739
162,태인,2022-11,5종,8818
162,태인,2022-11,6종,3817
163,정읍,2022-11,1종,252801
163,정읍,2022-11,2종,7581
163,정읍,2022-11,3종,13905
163,정읍,2022-11,4종,12625
163,정읍,2022-11,5종,12506
163,정읍,2022-11,6종,6660
164,무주,2022-11,1종,174483
164,무주,2022-11,2종,2783
164,무주,2022-11,3종,5336
164,무주,2022-11,4종,3364
164,무주,2022-11,5종,4487
164,무주,2022-11,6종,5814
165,백양사,2022-11,1종,75324
165,백양사,2022-11,2종,2005
165,백양사,2022-11,3종,2238
165,백양사,2022-11,4종,1964
165,백양사,2022-11,5종,1323
165,백양사,2022-11,6종,2094
166,장성,2022-11,1종,233058
166,장성,2022-11,2종,11852
166,장성,2022-11,3종,13791
166,장성,2022-11,4종,15535
166,장성,2022-11,5종,16683
166,장성,2022-11,6종,7425
167,광주,2022-11,1종,1169141
167,광주,2022-11,2종,36714
167,광주,2022-11,3종,65645
167,광주,2022-11,4종,64897
167,광주,2022-11,5종,46076
167,광주,2022-11,6종,31412
168,덕유산,2022-11,1종,59097
168,덕유산,2022-11,2종,1300
168,덕유산,2022-11,3종,1370
168,덕유산,2022-11,4종,1312
168,덕유산,2022-11,5종,1338
168,덕유산,2022-11,6종,1464
169,장수,2022-11,1종,132357
169,장수,2022-11,2종,3109
169,장수,2022-11,3종,3856
169,장수,2022-11,4종,3633
169,장수,2022-11,5종,3087
169,장수,2022-11,6종,3426
170,서상,2022-11,1종,62623
170,서상,2022-11,2종,1753
170,서상,2022-11,3종,3605
170,서상,2022-11,4종,4652
170,서상,2022-11,5종,4399
170,서상,2022-11,6종,2367
171,마성,2022-11,1종,532472
171,마성,2022-11,2종,9042
171,마성,2022-11,3종,23856
171,마성,2022-11,4종,6979
171,마성,2022-11,5종,2724
171,마성,2022-11,6종,22708
172,용인,2022-11,1종,1002918
172,용인,2022-11,2종,51098
172,용인,2022-11,3종,37466
172,용인,2022-11,4종,33479
172,용인,2022-11,5종,26771
172,용인,2022-11,6종,59102
173,양지,2022-11,1종,1011130
173,양지,2022-11,2종,83158
173,양지,2022-11,3종,56696
173,양지,2022-11,4종,74324
173,양지,2022-11,5종,62458
173,양지,2022-11,6종,46644
174,춘천,2022-11,1종,940680
174,춘천,2022-11,2종,20091
174,춘천,2022-11,3종,24056
174,춘천,2022-11,4종,12695
174,춘천,2022-11,5종,13629
174,춘천,2022-11,6종,52116
175,덕평,2022-11,1종,375291
175,덕평,2022-11,2종,42655
175,덕평,2022-11,3종,31600
175,덕평,2022-11,4종,46479
175,덕평,2022-11,5종,33034
175,덕평,2022-11,6종,20030
176,이천,2022-11,1종,608751
176,이천,2022-11,2종,28234
176,이천,2022-11,3종,51581
176,이천,2022-11,4종,51539
176,이천,2022-11,5종,50862
176,이천,2022-11,6종,28129
177,여주,2022-11,1종,368541
177,여주,2022-11,2종,10962
177,여주,2022-11,3종,28121
177,여주,2022-11,4종,27252
177,여주,2022-11,5종,22681
177,여주,2022-11,6종,13864
178,문막,2022-11,1종,299788
178,문막,2022-11,2종,19974
178,문막,2022-11,3종,24830
178,문막,2022-11,4종,17666
178,문막,2022-11,5종,25636
178,문막,2022-11,6종,14658
179,홍천,2022-11,1종,416329
179,홍천,2022-11,2종,10891
179,홍천,2022-11,3종,15210
179,홍천,2022-11,4종,8982
179,홍천,2022-11,5종,14531
179,홍천,2022-11,6종,23771
180,원주,2022-11,1종,364144
180,원주,2022-11,2종,18159
180,원주,2022-11,3종,19438
180,원주,2022-11,4종,19601
180,원주,2022-11,5종,17595
180,원주,2022-11,6종,18615
181,새말,2022-11,1종,234385
181,새말,2022-11,2종,8644
181,새말,2022-11,3종,11716
181,새말,2022-11,4종,9510
181,새말,2022-11,5종,9541
181,새말,2022-11,6종,9058
182,둔내,2022-11,1종,123506
182,둔내,2022-11,2종,3702
182,둔내,2022-11,3종,4193
182,둔내,2022-11,4종,3212
182,둔내,2022-11,5종,3023
182,둔내,2022-11,6종,4523
183,면온,2022-11,1종,63935
183,면온,2022-11,2종,1361
183,면온,2022-11,3종,1097
183,면온,2022-11,4종,791
183,면온,2022-11,5종,1907
183,면온,2022-11,6종,2104
184,대관령,2022-11,1종,207451
184,대관령,2022-11,2종,4848
184,대관령,2022-11,3종,8328
184,대관령,2022-11,4종,1996
184,대관령,2022-11,5종,3590
184,대관령,2022-11,6종,8315
185,평창,2022-11,1종,109296
185,평창,2022-11,2종,2972
185,평창,2022-11,3종,6893
185,평창,2022-11,4종,2744
185,평창,2022-11,5종,7557
185,평창,2022-11,6종,4297
186,속사,2022-11,1종,42204
186,속사,2022-11,2종,1064
186,속사,2022-11,3종,1194
186,속사,2022-11,4종,1426
186,속사,2022-11,5종,2184
186,속사,2022-11,6종,1322
187,진부,2022-11,1종,139373
187,진부,2022-11,2종,4129
187,진부,2022-11,3종,5994
187,진부,2022-11,4종,3382
187,진부,2022-11,5종,4141
187,진부,2022-11,6종,5047
188,서충주,2022-11,1종,183007
188,서충주,2022-11,2종,6671
188,서충주,2022-11,3종,12767
188,서충주,2022-11,4종,15904
188,서충주,2022-11,5종,18556
188,서충주,2022-11,6종,6905
189,강릉,2022-11,1종,646568
189,강릉,2022-11,2종,17481
189,강릉,2022-11,3종,30462
189,강릉,2022-11,4종,12191
189,강릉,2022-11,5종,20722
189,강릉,2022-11,6종,29296
190,동서울,2022-11,1종,3707302
190,동서울,2022-11,2종,165304
190,동서울,2022-11,3종,158475
190,동서울,2022-11,4종,146037
190,동서울,2022-11,5종,110442
190,동서울,2022-11,6종,155419
191,경기광주,2022-11,1종,779289
191,경기광주,2022-11,2종,38423
191,경기광주,2022-11,3종,28091
191,경기광주,2022-11,4종,21313
191,경기광주,2022-11,5종,16401
191,경기광주,2022-11,6종,46994
192,곤지암,2022-11,1종,897959
192,곤지암,2022-11,2종,65508
192,곤지암,2022-11,3종,42147
192,곤지암,2022-11,4종,52300
192,곤지암,2022-11,5종,39178
192,곤지암,2022-11,6종,46041
193,일죽,2022-11,1종,440365
193,일죽,2022-11,2종,28366
193,일죽,2022-11,3종,34975
193,일죽,2022-11,4종,49927
193,일죽,2022-11,5종,34103
193,일죽,2022-11,6종,16033
194,서이천,2022-11,1종,482548
194,서이천,2022-11,2종,54870
194,서이천,2022-11,3종,38642
194,서이천,2022-11,4종,43142
194,서이천,2022-11,5종,23101
194,서이천,2022-11,6종,25094
195,대소,2022-11,1종,240901
195,대소,2022-11,2종,23831
195,대소,2022-11,3종,36275
195,대소,2022-11,4종,43592
195,대소,2022-11,5종,35640
195,대소,2022-11,6종,10843
196,진천,2022-11,1종,335622
196,진천,2022-11,2종,18961
196,진천,2022-11,3종,24415
196,진천,2022-11,4종,32358
196,진천,2022-11,5종,36988
196,진천,2022-11,6종,14334
197,증평,2022-11,1종,368399
197,증평,2022-11,2종,16765
197,증평,2022-11,3종,24416
197,증평,2022-11,4종,35109
197,증평,2022-11,5종,32024
197,증평,2022-11,6종,13714
198,서청주,2022-11,1종,734390
198,서청주,2022-11,2종,24633
198,서청주,2022-11,3종,30791
198,서청주,2022-11,4종,26812
198,서청주,2022-11,5종,24897
198,서청주,2022-11,6종,32700
199,오창,2022-11,1종,492409
199,오창,2022-11,2종,14050
199,오창,2022-11,3종,25044
199,오창,2022-11,4종,20895
199,오창,2022-11,5종,24006
199,오창,2022-11,6종,19473
200,금산,2022-11,1종,179283
200,금산,2022-11,2종,3372
200,금산,2022-11,3종,8469
200,금산,2022-11,4종,3816
200,금산,2022-11,5종,7281
200,금산,2022-11,6종,8203
201,칠곡,2022-11,1종,573056
201,칠곡,2022-11,2종,15506
201,칠곡,2022-11,3종,16061
201,칠곡,2022-11,4종,8809
201,칠곡,2022-11,5종,18393
201,칠곡,2022-11,6종,29024
202,다부,2022-11,1종,141748
202,다부,2022-11,2종,7338
202,다부,2022-11,3종,5450
202,다부,2022-11,4종,4771
202,다부,2022-11,5종,9735
202,다부,2022-11,6종,5046
203,가산,2022-11,1종,592192
203,가산,2022-11,2종,18697
203,가산,2022-11,3종,21100
203,가산,2022-11,4종,17649
203,가산,2022-11,5종,45988
203,가산,2022-11,6종,23281
204,추부,2022-11,1종,227249
204,추부,2022-11,2종,7245
204,추부,2022-11,3종,9126
204,추부,2022-11,4종,7015
204,추부,2022-11,5종,7339
204,추부,2022-11,6종,11522
205,군위,2022-11,1종,215562
205,군위,2022-11,2종,4853
205,군위,2022-11,3종,5847
205,군위,2022-11,4종,4848
205,군위,2022-11,5종,7238
205,군위,2022-11,6종,7945
206,의성,2022-11,1종,205976
206,의성,2022-11,2종,3717
206,의성,2022-11,3종,4606
206,의성,2022-11,4종,2921
206,의성,2022-11,5종,4374
206,의성,2022-11,6종,6663
207,남안동,2022-11,1종,329753
207,남안동,2022-11,2종,7621
207,남안동,2022-11,3종,8366
207,남안동,2022-11,4종,6144
207,남안동,2022-11,5종,8678
207,남안동,2022-11,6종,10864
208,서안동,2022-11,1종,288534
208,서안동,2022-11,2종,6325
208,서안동,2022-11,3종,15308
208,서안동,2022-11,4종,8355
208,서안동,2022-11,5종,11886
208,서안동,2022-11,6종,8560
209,예천,2022-11,1종,36191
209,예천,2022-11,2종,761
209,예천,2022-11,3종,725
209,예천,2022-11,4종,669
209,예천,2022-11,5종,959
209,예천,2022-11,6종,1139
210,영주,2022-11,1종,215840
210,영주,2022-11,2종,5385
210,영주,2022-11,3종,9099
210,영주,2022-11,4종,7615
210,영주,2022-11,5종,18365
210,영주,2022-11,6종,6414
211,풍기,2022-11,1종,279594
211,풍기,2022-11,2종,4990
211,풍기,2022-11,3종,11423
211,풍기,2022-11,4종,7094
211,풍기,2022-11,5종,11030
211,풍기,2022-11,6종,8492
212,북수원,2022-11,1종,1273934
212,북수원,2022-11,2종,31055
212,북수원,2022-11,3종,37928
212,북수원,2022-11,4종,24240
212,북수원,2022-11,5종,24018
212,북수원,2022-11,6종,62822
213,부곡,2022-11,1종,351302
213,부곡,2022-11,2종,13838
213,부곡,2022-11,3종,8762
213,부곡,2022-11,4종,11249
213,부곡,2022-11,5종,50366
213,부곡,2022-11,6종,21457
214,동군포,2022-11,1종,307064
214,동군포,2022-11,2종,12981
214,동군포,2022-11,3종,11537
214,동군포,2022-11,4종,26614
214,동군포,2022-11,5종,17949
214,동군포,2022-11,6종,16799
215,군포,2022-11,1종,755287
215,군포,2022-11,2종,23323
215,군포,2022-11,3종,22626
215,군포,2022-11,4종,16732
215,군포,2022-11,5종,17906
215,군포,2022-11,6종,44716
216,횡성,2022-11,1종,220186
216,횡성,2022-11,2종,7964
216,횡성,2022-11,3종,7102
216,횡성,2022-11,4종,6724
216,횡성,2022-11,5종,11289
216,횡성,2022-11,6종,11115
217,북원주,2022-11,1종,78830
217,북원주,2022-11,2종,4018
217,북원주,2022-11,3종,2888
217,북원주,2022-11,4종,3094
217,북원주,2022-11,5종,3098
217,북원주,2022-11,6종,3697
218,남원주,2022-11,1종,725263
218,남원주,2022-11,2종,14213
218,남원주,2022-11,3종,26014
218,남원주,2022-11,4종,9227
218,남원주,2022-11,5종,15333
218,남원주,2022-11,6종,35130
219,신림,2022-11,1종,150242
219,신림,2022-11,2종,3345
219,신림,2022-11,3종,2307
219,신림,2022-11,4종,3467
219,신림,2022-11,5종,15179
219,신림,2022-11,6종,5845
220,덕평휴게소,2022-11,1종,6562
220,덕평휴게소,2022-11,2종,220
220,덕평휴게소,2022-11,3종,43
220,덕평휴게소,2022-11,4종,16
220,덕평휴게소,2022-11,5종,37
220,덕평휴게소,2022-11,6종,383
221,생초,2022-11,1종,69994
221,생초,2022-11,2종,1734
221,생초,2022-11,3종,3868
221,생초,2022-11,4종,3653
221,생초,2022-11,5종,7861
221,생초,2022-11,6종,2097
222,산청,2022-11,1종,76275
222,산청,2022-11,2종,1660
222,산청,2022-11,3종,3239
222,산청,2022-11,4종,2205
222,산청,2022-11,5종,3233
222,산청,2022-11,6종,2716
223,단성,2022-11,1종,114314
223,단성,2022-11,2종,1639
223,단성,2022-11,3종,5121
223,단성,2022-11,4종,3622
223,단성,2022-11,5종,4738
223,단성,2022-11,6종,4113
224,함양,2022-11,1종,127561
224,함양,2022-11,2종,3164
224,함양,2022-11,3종,6976
224,함양,2022-11,4종,3117
224,함양,2022-11,5종,3081
224,함양,2022-11,6종,5702
225,서진주,2022-11,1종,329465
225,서진주,2022-11,2종,6987
225,서진주,2022-11,3종,9824
225,서진주,2022-11,4종,6484
225,서진주,2022-11,5종,21101
225,서진주,2022-11,6종,15060
226,금강휴게소,2022-11,1종,12629
226,금강휴게소,2022-11,2종,378
226,금강휴게소,2022-11,3종,198
226,금강휴게소,2022-11,4종,270
226,금강휴게소,2022-11,5종,158
226,금강휴게소,2022-11,6종,539
227,군산,2022-11,1종,275308
227,군산,2022-11,2종,4635
227,군산,2022-11,3종,14125
227,군산,2022-11,4종,8642
227,군산,2022-11,5종,14891
227,군산,2022-11,6종,7596
228,동군산,2022-11,1종,263538
228,동군산,2022-11,2종,7723
228,동군산,2022-11,3종,14671
228,동군산,2022-11,4종,12181
228,동군산,2022-11,5종,25947
228,동군산,2022-11,6종,6443
229,북천안,2022-11,1종,662964
229,북천안,2022-11,2종,30124
229,북천안,2022-11,3종,42507
229,북천안,2022-11,4종,52651
229,북천안,2022-11,5종,49497
229,북천안,2022-11,6종,31522
230,팔공산,2022-11,1종,754565
230,팔공산,2022-11,2종,20959
230,팔공산,2022-11,3종,17799
230,팔공산,2022-11,4종,10822
230,팔공산,2022-11,5종,11217
230,팔공산,2022-11,6종,34728
231,화원옥포,2022-11,1종,734126
231,화원옥포,2022-11,2종,25185
231,화원옥포,2022-11,3종,21139
231,화원옥포,2022-11,4종,14922
231,화원옥포,2022-11,5종,19908
231,화원옥포,2022-11,6종,42485
232,달성,2022-11,1종,218926
232,달성,2022-11,2종,12979
232,달성,2022-11,3종,17993
232,달성,2022-11,4종,8993
232,달성,2022-11,5종,7504
232,달성,2022-11,6종,13039
233,현풍,2022-11,1종,621348
233,현풍,2022-11,2종,31293
233,현풍,2022-11,3종,44461
233,현풍,2022-11,4종,37518
233,현풍,2022-11,5종,48668
233,현풍,2022-11,6종,31288
234,서천,2022-11,1종,203131
234,서천,2022-11,2종,4690
234,서천,2022-11,3종,7925
234,서천,2022-11,4종,9314
234,서천,2022-11,5종,28982
234,서천,2022-11,6종,6024
235,창녕,2022-11,1종,155410
235,창녕,2022-11,2종,5253
235,창녕,2022-11,3종,8237
235,창녕,2022-11,4종,4789
235,창녕,2022-11,5종,8958
235,창녕,2022-11,6종,5947
236,영산,2022-11,1종,148622
236,영산,2022-11,2종,7155
236,영산,2022-11,3종,8303
236,영산,2022-11,4종,10659
236,영산,2022-11,5종,15663
236,영산,2022-11,6종,5156
237,남지,2022-11,1종,133784
237,남지,2022-11,2종,6252
237,남지,2022-11,3종,13067
237,남지,2022-11,4종,13523
237,남지,2022-11,5종,26511
237,남지,2022-11,6종,7589
238,칠서,2022-11,1종,209780
238,칠서,2022-11,2종,15631
238,칠서,2022-11,3종,21110
238,칠서,2022-11,4종,25150
238,칠서,2022-11,5종,50862
238,칠서,2022-11,6종,10624
239,칠원,2022-11,1종,592309
239,칠원,2022-11,2종,18114
239,칠원,2022-11,3종,35040
239,칠원,2022-11,4종,32987
239,칠원,2022-11,5종,45465
239,칠원,2022-11,6종,22907
240,제천,2022-11,1종,594186
240,제천,2022-11,2종,13763
240,제천,2022-11,3종,19707
240,제천,2022-11,4종,13520
240,제천,2022-11,5종,30232
240,제천,2022-11,6종,21986
241,동고령,2022-11,1종,345806
241,동고령,2022-11,2종,16461
241,동고령,2022-11,3종,17635
241,동고령,2022-11,4종,28706
241,동고령,2022-11,5종,27137
241,동고령,2022-11,6종,14544
242,고령,2022-11,1종,288087
242,고령,2022-11,2종,6800
242,고령,2022-11,3종,10783
242,고령,2022-11,4종,8385
242,고령,2022-11,5종,23241
242,고령,2022-11,6종,11162
243,해인사,2022-11,1종,143402
243,해인사,2022-11,2종,2384
243,해인사,2022-11,3종,2816
243,해인사,2022-11,4종,1759
243,해인사,2022-11,5종,2305
243,해인사,2022-11,6종,6937
244,서부산,2022-11,1종,1511444
244,서부산,2022-11,2종,31799
244,서부산,2022-11,3종,58105
244,서부산,2022-11,4종,33533
244,서부산,2022-11,5종,69383
244,서부산,2022-11,6종,80518
245,장유,2022-11,1종,1631198
245,장유,2022-11,2종,34305
245,장유,2022-11,3종,54189
245,장유,2022-11,4종,29506
245,장유,2022-11,5종,38009
245,장유,2022-11,6종,103658
246,가락,2022-11,1종,23727
246,가락,2022-11,2종,2418
246,가락,2022-11,3종,3931
246,가락,2022-11,4종,7378
246,가락,2022-11,5종,9316
246,가락,2022-11,6종,915
247,남원,2022-11,1종,198546
247,남원,2022-11,2종,5094
247,남원,2022-11,3종,7799
247,남원,2022-11,4종,5216
247,남원,2022-11,5종,10359
247,남원,2022-11,6종,7737
248,순창,2022-11,1종,220850
248,순창,2022-11,2종,4392
248,순창,2022-11,3종,8328
248,순창,2022-11,4종,4207
248,순창,2022-11,5종,6677
248,순창,2022-11,6종,6977
249,담양,2022-11,1종,246558
249,담양,2022-11,2종,4660
249,담양,2022-11,3종,12108
249,담양,2022-11,4종,4529
249,담양,2022-11,5종,8313
249,담양,2022-11,6종,7667
250,남양산,2022-11,1종,1393912
250,남양산,2022-11,2종,38091
250,남양산,2022-11,3종,45378
250,남양산,2022-11,4종,19878
250,남양산,2022-11,5종,22541
250,남양산,2022-11,6종,94034
251,물금,2022-11,1종,721009
251,물금,2022-11,2종,47116
251,물금,2022-11,3종,22042
251,물금,2022-11,4종,40003
251,물금,2022-11,5종,62952
251,물금,2022-11,6종,46583
252,대동,2022-11,1종,2526977
252,대동,2022-11,2종,105671
252,대동,2022-11,3종,89088
252,대동,2022-11,4종,97496
252,대동,2022-11,5종,252148
252,대동,2022-11,6종,125257
253,서서울,2022-11,1종,5116174
253,서서울,2022-11,2종,146475
253,서서울,2022-11,3종,139965
253,서서울,2022-11,4종,167900
253,서서울,2022-11,5종,153938
253,서서울,2022-11,6종,252935
254,군자,2022-11,1종,2542695
254,군자,2022-11,2종,92683
254,군자,2022-11,3종,81424
254,군자,2022-11,4종,96231
254,군자,2022-11,5종,148231
254,군자,2022-11,6종,139068
255,서안산,2022-11,1종,1963274
255,서안산,2022-11,2종,75125
255,서안산,2022-11,3종,66072
255,서안산,2022-11,4종,68589
255,서안산,2022-11,5종,54900
255,서안산,2022-11,6종,112239
256,안산,2022-11,1종,918531
256,안산,2022-11,2종,22701
256,안산,2022-11,3종,15686
256,안산,2022-11,4종,8407
256,안산,2022-11,5종,8774
256,안산,2022-11,6종,61096
257,홍성,2022-11,1종,222860
257,홍성,2022-11,2종,4407
257,홍성,2022-11,3종,8439
257,홍성,2022-11,4종,6234
257,홍성,2022-11,5종,10045
257,홍성,2022-11,6종,7014
258,광천,2022-11,1종,179100
258,광천,2022-11,2종,5236
258,광천,2022-11,3종,9415
258,광천,2022-11,4종,8689
258,광천,2022-11,5종,18071
258,광천,2022-11,6종,5504
259,대천,2022-11,1종,269801
259,대천,2022-11,2종,5167
259,대천,2022-11,3종,10405
259,대천,2022-11,4종,3854
259,대천,2022-11,5종,5559
259,대천,2022-11,6종,8815
260,춘장대,2022-11,1종,58524
260,춘장대,2022-11,2종,1584
260,춘장대,2022-11,3종,1617
260,춘장대,2022-11,4종,1791
260,춘장대,2022-11,5종,3898
260,춘장대,2022-11,6종,1641
261,동광주,2022-11,1종,1322721
261,동광주,2022-11,2종,26821
261,동광주,2022-11,3종,52851
261,동광주,2022-11,4종,26787
261,동광주,2022-11,5종,38856
261,동광주,2022-11,6종,40152
262,창평,2022-11,1종,160866
262,창평,2022-11,2종,6106
262,창평,2022-11,3종,3369
262,창평,2022-11,4종,4372
262,창평,2022-11,5종,3312
262,창평,2022-11,6종,5023
263,옥과,2022-11,1종,265711
263,옥과,2022-11,2종,4575
263,옥과,2022-11,3종,10084
263,옥과,2022-11,4종,3029
263,옥과,2022-11,5종,8244
263,옥과,2022-11,6종,9891
264,동남원,2022-11,1종,39912
264,동남원,2022-11,2종,1080
264,동남원,2022-11,3종,1620
264,동남원,2022-11,4종,1398
264,동남원,2022-11,5종,1282
264,동남원,2022-11,6종,1318
265,곡성,2022-11,1종,172660
265,곡성,2022-11,2종,3557
265,곡성,2022-11,3종,4989
265,곡성,2022-11,4종,3371
265,곡성,2022-11,5종,7673
265,곡성,2022-11,6종,5469
266,석곡,2022-11,1종,55997
266,석곡,2022-11,2종,2018
266,석곡,2022-11,3종,1690
266,석곡,2022-11,4종,1262
266,석곡,2022-11,5종,2523
266,석곡,2022-11,6종,1602
267,주암송광사,2022-11,1종,159596
267,주암송광사,2022-11,2종,3139
267,주암송광사,2022-11,3종,3714
267,주암송광사,2022-11,4종,2967
267,주암송광사,2022-11,5종,5898
267,주암송광사,2022-11,6종,5134
268,승주,2022-11,1종,72293
268,승주,2022-11,2종,1706
268,승주,2022-11,3종,2067
268,승주,2022-11,4종,1139
268,승주,2022-11,5종,2016
268,승주,2022-11,6종,2643
269,지리산,2022-11,1종,109843
269,지리산,2022-11,2종,2090
269,지리산,2022-11,3종,3154
269,지리산,2022-11,4종,4091
269,지리산,2022-11,5종,2381
269,지리산,2022-11,6종,4378
270,서순천,2022-11,1종,173854
270,서순천,2022-11,2종,5133
270,서순천,2022-11,3종,6643
270,서순천,2022-11,4종,2126
270,서순천,2022-11,5종,4558
270,서순천,2022-11,6종,5519
271,순천,2022-11,1종,625132
271,순천,2022-11,2종,14369
271,순천,2022-11,3종,14624
271,순천,2022-11,4종,8917
271,순천,2022-11,5종,28563
271,순천,2022-11,6종,17655
272,광양,2022-11,1종,345397
272,광양,2022-11,2종,7184
272,광양,2022-11,3종,19174
272,광양,2022-11,4종,17711
272,광양,2022-11,5종,56227
272,광양,2022-11,6종,9921
273,동광양,2022-11,1종,158636
273,동광양,2022-11,2종,2870
273,동광양,2022-11,3종,3103
273,동광양,2022-11,4종,5885
273,동광양,2022-11,5종,36498
273,동광양,2022-11,6종,5770
274,가조,2022-11,1종,92567
274,가조,2022-11,2종,3074
274,가조,2022-11,3종,4647
274,가조,2022-11,4종,2648
274,가조,2022-11,5종,1913
274,가조,2022-11,6종,3450
275,옥곡,2022-11,1종,174389
275,옥곡,2022-11,2종,4813
275,옥곡,2022-11,3종,9475
275,옥곡,2022-11,4종,11373
275,옥곡,2022-11,5종,51017
275,옥곡,2022-11,6종,5545
276,진월,2022-11,1종,69687
276,진월,2022-11,2종,1208
276,진월,2022-11,3종,2207
276,진월,2022-11,4종,4160
276,진월,2022-11,5종,46327
276,진월,2022-11,6종,2228
277,하동,2022-11,1종,246312
277,하동,2022-11,2종,4046
277,하동,2022-11,3종,7903
277,하동,2022-11,4종,6098
277,하동,2022-11,5종,50443
277,하동,2022-11,6종,8923
278,진교,2022-11,1종,205896
278,진교,2022-11,2종,3660
278,진교,2022-11,3종,9457
278,진교,2022-11,4종,2339
278,진교,2022-11,5종,6973
278,진교,2022-11,6종,9475
279,곤양,2022-11,1종,139316
279,곤양,2022-11,2종,3142
279,곤양,2022-11,3종,5958
279,곤양,2022-11,4종,3325
279,곤양,2022-11,5종,9459
279,곤양,2022-11,6종,5591
280,거창,2022-11,1종,256132
280,거창,2022-11,2종,8746
280,거창,2022-11,3종,17996
280,거창,2022-11,4종,7148
280,거창,2022-11,5종,10738
280,거창,2022-11,6종,10642
281,매송,2022-11,1종,584842
281,매송,2022-11,2종,14827
281,매송,2022-11,3종,14854
281,매송,2022-11,4종,8671
281,매송,2022-11,5종,14350
281,매송,2022-11,6종,31405
282,비봉,2022-11,1종,678466
282,비봉,2022-11,2종,27811
282,비봉,2022-11,3종,28429
282,비봉,2022-11,4종,20819
282,비봉,2022-11,5종,41546
282,비봉,2022-11,6종,34106
283,발안,2022-11,1종,604282
283,발안,2022-11,2종,30106
283,발안,2022-11,3종,26801
283,발안,2022-11,4종,25735
283,발안,2022-11,5종,34749
283,발안,2022-11,6종,33298
284,남양양,2022-11,1종,107598
284,남양양,2022-11,2종,2368
284,남양양,2022-11,3종,3094
284,남양양,2022-11,4종,1232
284,남양양,2022-11,5종,3357
284,남양양,2022-11,6종,4109
285,서평택,2022-11,1종,561970
285,서평택,2022-11,2종,28197
285,서평택,2022-11,3종,54271
285,서평택,2022-11,4종,81193
285,서평택,2022-11,5종,153379
285,서평택,2022-11,6종,33594
286,통도사휴게소,2022-11,1종,162879
286,통도사휴게소,2022-11,2종,2414
286,통도사휴게소,2022-11,3종,2251
286,통도사휴게소,2022-11,4종,8
286,통도사휴게소,2022-11,5종,12
286,통도사휴게소,2022-11,6종,7062
287,송악,2022-11,1종,588763
287,송악,2022-11,2종,16214
287,송악,2022-11,3종,27693
287,송악,2022-11,4종,28757
287,송악,2022-11,5종,152901
287,송악,2022-11,6종,26386
288,당진,2022-11,1종,508798
288,당진,2022-11,2종,13046
288,당진,2022-11,3종,25419
288,당진,2022-11,4종,18655
288,당진,2022-11,5종,56412
288,당진,2022-11,6종,22558
289,마산,2022-11,1종,1251346
289,마산,2022-11,2종,32212
289,마산,2022-11,3종,53960
289,마산,2022-11,4종,21643
289,마산,2022-11,5종,32423
289,마산,2022-11,6종,64375
290,축동,2022-11,1종,52403
290,축동,2022-11,2종,2784
290,축동,2022-11,3종,1959
290,축동,2022-11,4종,5916
290,축동,2022-11,5종,7653
290,축동,2022-11,6종,2693
291,사천,2022-11,1종,758328
291,사천,2022-11,2종,24040
291,사천,2022-11,3종,26806
291,사천,2022-11,4종,19755
291,사천,2022-11,5종,36053
291,사천,2022-11,6종,39706
292,진주,2022-11,1종,724285
292,진주,2022-11,2종,17409
292,진주,2022-11,3종,34229
292,진주,2022-11,4종,13223
292,진주,2022-11,5종,23693
292,진주,2022-11,6종,41427
293,문산,2022-11,1종,329756
293,문산,2022-11,2종,7566
293,문산,2022-11,3종,9190
293,문산,2022-11,4종,4949
293,문산,2022-11,5종,6783
293,문산,2022-11,6종,18031
294,북창원,2022-11,1종,345654
294,북창원,2022-11,2종,8849
294,북창원,2022-11,3종,7992
294,북창원,2022-11,4종,9072
294,북창원,2022-11,5종,14022
294,북창원,2022-11,6종,18720
295,진성,2022-11,1종,219119
295,진성,2022-11,2종,6780
295,진성,2022-11,3종,9212
295,진성,2022-11,4종,7894
295,진성,2022-11,5종,16394
295,진성,2022-11,6종,8694
296,지수,2022-11,1종,66205
296,지수,2022-11,2종,2465
296,지수,2022-11,3종,3443
296,지수,2022-11,4종,3487
296,지수,2022-11,5종,4215
296,지수,2022-11,6종,4029
297,동충주,2022-11,1종,280876
297,동충주,2022-11,2종,8165
297,동충주,2022-11,3종,12569
297,동충주,2022-11,4종,15683
297,동충주,2022-11,5종,43087
297,동충주,2022-11,6종,9097
298,서산,2022-11,1종,765794
298,서산,2022-11,2종,17832
298,서산,2022-11,3종,39691
298,서산,2022-11,4종,40348
298,서산,2022-11,5종,65224
298,서산,2022-11,6종,26836
299,해미,2022-11,1종,156110
299,해미,2022-11,2종,4634
299,해미,2022-11,3종,8063
299,해미,2022-11,4종,5659
299,해미,2022-11,5종,13244
299,해미,2022-11,6종,6142
500,남여주,2022-11,1종,260932
500,남여주,2022-11,2종,6532
500,남여주,2022-11,3종,12185
500,남여주,2022-11,4종,13836
500,남여주,2022-11,5종,20971
500,남여주,2022-11,6종,8819
501,서김제,2022-11,1종,63796
501,서김제,2022-11,2종,1907
501,서김제,2022-11,3종,3798
501,서김제,2022-11,4종,4548
501,서김제,2022-11,5종,3533
501,서김제,2022-11,6종,1506
502,부안,2022-11,1종,156040
502,부안,2022-11,2종,4054
502,부안,2022-11,3종,9036
502,부안,2022-11,4종,6209
502,부안,2022-11,5종,10475
502,부안,2022-11,6종,3575
503,줄포,2022-11,1종,75617
503,줄포,2022-11,2종,1691
503,줄포,2022-11,3종,3756
503,줄포,2022-11,4종,2960
503,줄포,2022-11,5종,2903
503,줄포,2022-11,6종,1460
504,선운산,2022-11,1종,135898
504,선운산,2022-11,2종,3153
504,선운산,2022-11,3종,9213
504,선운산,2022-11,4종,9403
504,선운산,2022-11,5종,13932
504,선운산,2022-11,6종,3297
505,고창,2022-11,1종,124698
505,고창,2022-11,2종,2826
505,고창,2022-11,3종,5583
505,고창,2022-11,4종,4298
505,고창,2022-11,5종,3223
505,고창,2022-11,6종,3243
506,영광,2022-11,1종,113629
506,영광,2022-11,2종,2682
506,영광,2022-11,3종,8227
506,영광,2022-11,4종,7036
506,영광,2022-11,5종,7196
506,영광,2022-11,6종,2725
507,함평,2022-11,1종,67403
507,함평,2022-11,2종,1590
507,함평,2022-11,3종,4927
507,함평,2022-11,4종,5235
507,함평,2022-11,5종,9275
507,함평,2022-11,6종,1730
508,무안,2022-11,1종,228822
508,무안,2022-11,2종,5280
508,무안,2022-11,3종,7665
508,무안,2022-11,4종,7066
508,무안,2022-11,5종,11643
508,무안,2022-11,6종,7212
509,목포,2022-11,1종,906289
509,목포,2022-11,2종,19993
509,목포,2022-11,3종,34615
509,목포,2022-11,4종,38376
509,목포,2022-11,5종,54876
509,목포,2022-11,6종,25093
510,양양,2022-11,1종,223159
510,양양,2022-11,2종,3949
510,양양,2022-11,3종,7529
510,양양,2022-11,4종,2454
510,양양,2022-11,5종,6371
510,양양,2022-11,6종,7799
511,무창포,2022-11,1종,124829
511,무창포,2022-11,2종,2741
511,무창포,2022-11,3종,5125
511,무창포,2022-11,4종,2778
511,무창포,2022-11,5종,10923
511,무창포,2022-11,6종,3085
512,연화산,2022-11,1종,45280
512,연화산,2022-11,2종,1358
512,연화산,2022-11,3종,1202
512,연화산,2022-11,4종,1036
512,연화산,2022-11,5종,2655
512,연화산,2022-11,6종,2588
513,고성,2022-11,1종,426014
513,고성,2022-11,2종,9349
513,고성,2022-11,3종,16712
513,고성,2022-11,4종,8557
513,고성,2022-11,5종,16787
513,고성,2022-11,6종,23959
514,동고성,2022-11,1종,124113
514,동고성,2022-11,2종,2714
514,동고성,2022-11,3종,6018
514,동고성,2022-11,4종,5551
514,동고성,2022-11,5종,14280
514,동고성,2022-11,6종,11144
515,북통영,2022-11,1종,214272
515,북통영,2022-11,2종,4134
515,북통영,2022-11,3종,11494
515,북통영,2022-11,4종,2708
515,북통영,2022-11,5종,2834
515,북통영,2022-11,6종,11358
516,통영,2022-11,1종,577739
516,통영,2022-11,2종,11682
516,통영,2022-11,3종,24184
516,통영,2022-11,4종,11075
516,통영,2022-11,5종,21148
516,통영,2022-11,6종,34731
517,양평,2022-11,1종,233056
517,양평,2022-11,2종,5127
517,양평,2022-11,3종,7326
517,양평,2022-11,4종,8544
517,양평,2022-11,5종,12220
517,양평,2022-11,6종,8564
518,칠곡물류,2022-11,1종,194221
518,칠곡물류,2022-11,2종,30160
518,칠곡물류,2022-11,3종,27827
518,칠곡물류,2022-11,4종,51685
518,칠곡물류,2022-11,5종,25684
518,칠곡물류,2022-11,6종,8587
519,남대구,2022-11,1종,1799559
519,남대구,2022-11,2종,47709
519,남대구,2022-11,3종,61235
519,남대구,2022-11,4종,38725
519,남대구,2022-11,5종,49626
519,남대구,2022-11,6종,96515
520,평택,2022-11,1종,1045022
520,평택,2022-11,2종,44157
520,평택,2022-11,3종,81582
520,평택,2022-11,4종,64197
520,평택,2022-11,5종,76286
520,평택,2022-11,6종,46489
521,단양,2022-11,1종,97960
521,단양,2022-11,2종,2328
521,단양,2022-11,3종,3273
521,단양,2022-11,4종,1697
521,단양,2022-11,5종,12039
521,단양,2022-11,6종,3128
522,북단양,2022-11,1종,168807
522,북단양,2022-11,2종,3473
522,북단양,2022-11,3종,4579
522,북단양,2022-11,4종,10927
522,북단양,2022-11,5종,83398
522,북단양,2022-11,6종,5412
523,남제천,2022-11,1종,244158
523,남제천,2022-11,2종,5344
523,남제천,2022-11,3종,7477
523,남제천,2022-11,4종,8705
523,남제천,2022-11,5종,46274
523,남제천,2022-11,6종,7191
524,청통와촌,2022-11,1종,326527
524,청통와촌,2022-11,2종,18349
524,청통와촌,2022-11,3종,14310
524,청통와촌,2022-11,4종,10486
524,청통와촌,2022-11,5종,13918
524,청통와촌,2022-11,6종,12111
525,북영천,2022-11,1종,213286
525,북영천,2022-11,2종,4877
525,북영천,2022-11,3종,5377
525,북영천,2022-11,4종,4594
525,북영천,2022-11,5종,8578
525,북영천,2022-11,6종,7180
526,서포항,2022-11,1종,111056
526,서포항,2022-11,2종,2102
526,서포항,2022-11,3종,2389
526,서포항,2022-11,4종,1594
526,서포항,2022-11,5종,6734
526,서포항,2022-11,6종,5222
527,포항,2022-11,1종,856274
527,포항,2022-11,2종,17412
527,포항,2022-11,3종,24169
527,포항,2022-11,4종,15860
527,포항,2022-11,5종,60180
527,포항,2022-11,6종,28946
528,기흥동탄,2022-11,1종,1290255
528,기흥동탄,2022-11,2종,20285
528,기흥동탄,2022-11,3종,117000
528,기흥동탄,2022-11,4종,22330
528,기흥동탄,2022-11,5종,22359
528,기흥동탄,2022-11,6종,63354
529,노포,2022-11,1종,193934
529,노포,2022-11,2종,7050
529,노포,2022-11,3종,22857
529,노포,2022-11,4종,5319
529,노포,2022-11,5종,4871
529,노포,2022-11,6종,10394
530,내장산,2022-11,1종,127921
530,내장산,2022-11,2종,3783
530,내장산,2022-11,3종,6202
530,내장산,2022-11,4종,4536
530,내장산,2022-11,5종,3354
530,내장산,2022-11,6종,3445
531,문의청남대,2022-11,1종,237237
531,문의청남대,2022-11,2종,4979
531,문의청남대,2022-11,3종,9311
531,문의청남대,2022-11,4종,9732
531,문의청남대,2022-11,5종,14070
531,문의청남대,2022-11,6종,8113
532,회인,2022-11,1종,61013
532,회인,2022-11,2종,1377
532,회인,2022-11,3종,1146
532,회인,2022-11,4종,1114
532,회인,2022-11,5종,2017
532,회인,2022-11,6종,2159
533,보은,2022-11,1종,176378
533,보은,2022-11,2종,5241
533,보은,2022-11,3종,6146
533,보은,2022-11,4종,7126
533,보은,2022-11,5종,7412
533,보은,2022-11,6종,6261
534,속리산,2022-11,1종,89733
534,속리산,2022-11,2종,1825
534,속리산,2022-11,3종,3276
534,속리산,2022-11,4종,2642
534,속리산,2022-11,5종,4165
534,속리산,2022-11,6종,3145
535,화서,2022-11,1종,69970
535,화서,2022-11,2종,1688
535,화서,2022-11,3종,2939
535,화서,2022-11,4종,3275
535,화서,2022-11,5종,5352
535,화서,2022-11,6종,2640
536,남상주,2022-11,1종,155244
536,남상주,2022-11,2종,4796
536,남상주,2022-11,3종,13193
536,남상주,2022-11,4종,9666
536,남상주,2022-11,5종,6935
536,남상주,2022-11,6종,5391
537,남김천,2022-11,1종,99370
537,남김천,2022-11,2종,4091
537,남김천,2022-11,3종,7075
537,남김천,2022-11,4종,8195
537,남김천,2022-11,5종,20385
537,남김천,2022-11,6종,3280
538,성주,2022-11,1종,115082
538,성주,2022-11,2종,5458
538,성주,2022-11,3종,9139
538,성주,2022-11,4종,9053
538,성주,2022-11,5종,13276
538,성주,2022-11,6종,4136
539,남성주,2022-11,1종,76373
539,남성주,2022-11,2종,5828
539,남성주,2022-11,3종,6247
539,남성주,2022-11,4종,6704
539,남성주,2022-11,5종,11603
539,남성주,2022-11,6종,2096
540,청북,2022-11,1종,561341
540,청북,2022-11,2종,39412
540,청북,2022-11,3종,50689
540,청북,2022-11,4종,64381
540,청북,2022-11,5종,68753
540,청북,2022-11,6종,29493
541,송탄,2022-11,1종,557910
541,송탄,2022-11,2종,30261
541,송탄,2022-11,3종,36439
541,송탄,2022-11,4종,43488
541,송탄,2022-11,5종,37952
541,송탄,2022-11,6종,32967
542,서안성,2022-11,1종,696363
542,서안성,2022-11,2종,30331
542,서안성,2022-11,3종,47696
542,서안성,2022-11,4종,73005
542,서안성,2022-11,5종,51437
542,서안성,2022-11,6종,33680
543,남안성,2022-11,1종,728511
543,남안성,2022-11,2종,46111
543,남안성,2022-11,3종,54488
543,남안성,2022-11,4종,70541
543,남안성,2022-11,5종,74643
543,남안성,2022-11,6종,36019
544,완주,2022-11,1종,306572
544,완주,2022-11,2종,9121
544,완주,2022-11,3종,19029
544,완주,2022-11,4종,23014
544,완주,2022-11,5종,51392
544,완주,2022-11,6종,7850
545,소양,2022-11,1종,189780
545,소양,2022-11,2종,3784
545,소양,2022-11,3종,11645
545,소양,2022-11,4종,5149
545,소양,2022-11,5종,7115
545,소양,2022-11,6종,4745
546,진안,2022-11,1종,74685
546,진안,2022-11,2종,2069
546,진안,2022-11,3종,4691
546,진안,2022-11,4종,2064
546,진안,2022-11,5종,3078
546,진안,2022-11,6종,2052
547,무안공항,2022-11,1종,44707
547,무안공항,2022-11,2종,486
547,무안공항,2022-11,3종,869
547,무안공항,2022-11,4종,656
547,무안공항,2022-11,5종,1258
547,무안공항,2022-11,6종,1039
548,북무안,2022-11,1종,147278
548,북무안,2022-11,2종,3340
548,북무안,2022-11,3종,5090
548,북무안,2022-11,4종,6795
548,북무안,2022-11,5종,9147
548,북무안,2022-11,6종,3405
549,동함평,2022-11,1종,241492
549,동함평,2022-11,2종,3796
549,동함평,2022-11,3종,5645
549,동함평,2022-11,4종,3384
549,동함평,2022-11,5종,5481
549,동함평,2022-11,6종,7291
550,문평,2022-11,1종,55197
550,문평,2022-11,2종,1208
550,문평,2022-11,3종,1412
550,문평,2022-11,4종,1329
550,문평,2022-11,5종,12367
550,문평,2022-11,6종,1464
551,나주,2022-11,1종,96020
551,나주,2022-11,2종,2119
551,나주,2022-11,3종,2607
551,나주,2022-11,4종,4835
551,나주,2022-11,5종,4608
551,나주,2022-11,6종,3978
552,서광산,2022-11,1종,363049
552,서광산,2022-11,2종,13777
552,서광산,2022-11,3종,14097
552,서광산,2022-11,4종,15353
552,서광산,2022-11,5종,16076
552,서광산,2022-11,6종,11625
553,동광산,2022-11,1종,1298301
553,동광산,2022-11,2종,25685
553,동광산,2022-11,3종,33564
553,동광산,2022-11,4종,30600
553,동광산,2022-11,5종,45535
553,동광산,2022-11,6종,38868
554,동홍천,2022-11,1종,325050
554,동홍천,2022-11,2종,5552
554,동홍천,2022-11,3종,8973
554,동홍천,2022-11,4종,4583
554,동홍천,2022-11,5종,6727
554,동홍천,2022-11,6종,12918
555,북진천,2022-11,1종,418687
555,북진천,2022-11,2종,31113
555,북진천,2022-11,3종,41191
555,북진천,2022-11,4종,49484
555,북진천,2022-11,5종,44628
555,북진천,2022-11,6종,16747
556,동순천,2022-11,1종,382341
556,동순천,2022-11,2종,6133
556,동순천,2022-11,3종,17998
556,동순천,2022-11,4종,16533
556,동순천,2022-11,5종,52217
556,동순천,2022-11,6종,8578
557,황전,2022-11,1종,126112
557,황전,2022-11,2종,1914
557,황전,2022-11,3종,2425
557,황전,2022-11,4종,2048
557,황전,2022-11,5종,6951
557,황전,2022-11,6종,3779
558,구례화엄사,2022-11,1종,140803
558,구례화엄사,2022-11,2종,3323
558,구례화엄사,2022-11,3종,5028
558,구례화엄사,2022-11,4종,4608
558,구례화엄사,2022-11,5종,8162
558,구례화엄사,2022-11,6종,3698
559,서남원,2022-11,1종,84277
559,서남원,2022-11,2종,2807
559,서남원,2022-11,3종,4454
559,서남원,2022-11,4종,5250
559,서남원,2022-11,5종,11320
559,서남원,2022-11,6종,2754
560,감곡,2022-11,1종,326918
560,감곡,2022-11,2종,9944
560,감곡,2022-11,3종,12141
560,감곡,2022-11,4종,14407
560,감곡,2022-11,5종,31570
560,감곡,2022-11,6종,10656
561,북충주,2022-11,1종,223897
561,북충주,2022-11,2종,5716
561,북충주,2022-11,3종,9798
561,북충주,2022-11,4종,5673
561,북충주,2022-11,5종,9032
561,북충주,2022-11,6종,7382
562,충주,2022-11,1종,168795
562,충주,2022-11,2종,4337
562,충주,2022-11,3종,10297
562,충주,2022-11,4종,14600
562,충주,2022-11,5종,13348
562,충주,2022-11,6종,5620
563,괴산,2022-11,1종,72055
563,괴산,2022-11,2종,1707
563,괴산,2022-11,3종,3191
563,괴산,2022-11,4종,3810
563,괴산,2022-11,5종,7146
563,괴산,2022-11,6종,2175
564,연풍,2022-11,1종,91200
564,연풍,2022-11,2종,3281
564,연풍,2022-11,3종,7800
564,연풍,2022-11,4종,12813
564,연풍,2022-11,5종,11299
564,연풍,2022-11,6종,2471
565,문경새재,2022-11,1종,129315
565,문경새재,2022-11,2종,3398
565,문경새재,2022-11,3종,7261
565,문경새재,2022-11,4종,6701
565,문경새재,2022-11,5종,6463
565,문경새재,2022-11,6종,3470
566,점촌함창,2022-11,1종,124521
566,점촌함창,2022-11,2종,3105
566,점촌함창,2022-11,3종,7080
566,점촌함창,2022-11,4종,4879
566,점촌함창,2022-11,5종,5892
566,점촌함창,2022-11,6종,3410
567,남고창,2022-11,1종,162656
567,남고창,2022-11,2종,3579
567,남고창,2022-11,3종,6412
567,남고창,2022-11,4종,5842
567,남고창,2022-11,5종,7229
567,남고창,2022-11,6종,4817
568,장성물류,2022-11,1종,54730
568,장성물류,2022-11,2종,6925
568,장성물류,2022-11,3종,4635
568,장성물류,2022-11,4종,6465
568,장성물류,2022-11,5종,10704
568,장성물류,2022-11,6종,1265
569,북광주,2022-11,1종,531086
569,북광주,2022-11,2종,18157
569,북광주,2022-11,3종,20040
569,북광주,2022-11,4종,29999
569,북광주,2022-11,5종,39834
569,북광주,2022-11,6종,14666
570,북상주,2022-11,1종,144246
570,북상주,2022-11,2종,4939
570,북상주,2022-11,3종,9084
570,북상주,2022-11,4종,14285
570,북상주,2022-11,5종,8253
570,북상주,2022-11,6종,4123
571,면천,2022-11,1종,126179
571,면천,2022-11,2종,2778
571,면천,2022-11,3종,4196
571,면천,2022-11,4종,5049
571,면천,2022-11,5종,10889
571,면천,2022-11,6종,4937
572,고덕,2022-11,1종,176625
572,고덕,2022-11,2종,4669
572,고덕,2022-11,3종,8629
572,고덕,2022-11,4종,7590
572,고덕,2022-11,5종,10778
572,고덕,2022-11,6종,6369
573,예산수덕사,2022-11,1종,394430
573,예산수덕사,2022-11,2종,10911
573,예산수덕사,2022-11,3종,14744
573,예산수덕사,2022-11,4종,19155
573,예산수덕사,2022-11,5종,22017
573,예산수덕사,2022-11,6종,13195
574,신양,2022-11,1종,87311
574,신양,2022-11,2종,1935
574,신양,2022-11,3종,2786
574,신양,2022-11,4종,2514
574,신양,2022-11,5종,4486
574,신양,2022-11,6종,2798
575,유구,2022-11,1종,144103
575,유구,2022-11,2종,2702
575,유구,2022-11,3종,3107
575,유구,2022-11,4종,3431
575,유구,2022-11,5종,4020
575,유구,2022-11,6종,4533
576,마곡사,2022-11,1종,78074
576,마곡사,2022-11,2종,1430
576,마곡사,2022-11,3종,1960
576,마곡사,2022-11,4종,1559
576,마곡사,2022-11,5종,1677
576,마곡사,2022-11,6종,2695
577,공주,2022-11,1종,207757
577,공주,2022-11,2종,4986
577,공주,2022-11,3종,9701
577,공주,2022-11,4종,3801
577,공주,2022-11,5종,6168
577,공주,2022-11,6종,7748
578,서세종,2022-11,1종,345526
578,서세종,2022-11,2종,10334
578,서세종,2022-11,3종,10450
578,서세종,2022-11,4종,8139
578,서세종,2022-11,5종,29545
578,서세종,2022-11,6종,13148
579,남세종,2022-11,1종,564800
579,남세종,2022-11,2종,9035
579,남세종,2022-11,3종,9683
579,남세종,2022-11,4종,7860
579,남세종,2022-11,5종,16139
579,남세종,2022-11,6종,26139
580,북강릉,2022-11,1종,319244
580,북강릉,2022-11,2종,7597
580,북강릉,2022-11,3종,8475
580,북강릉,2022-11,4종,3728
580,북강릉,2022-11,5종,9918
580,북강릉,2022-11,6종,12771
581,옥계,2022-11,1종,85304
581,옥계,2022-11,2종,1993
581,옥계,2022-11,3종,1775
581,옥계,2022-11,4종,2417
581,옥계,2022-11,5종,26169
581,옥계,2022-11,6종,4696
582,망상,2022-11,1종,151105
582,망상,2022-11,2종,3113
582,망상,2022-11,3종,7193
582,망상,2022-11,4종,1111
582,망상,2022-11,5종,4602
582,망상,2022-11,6종,8375
583,동해,2022-11,1종,335144
583,동해,2022-11,2종,6806
583,동해,2022-11,3종,12989
583,동해,2022-11,4종,5617
583,동해,2022-11,5종,36047
583,동해,2022-11,6종,18810
584,남강릉,2022-11,1종,164449
584,남강릉,2022-11,2종,5515
584,남강릉,2022-11,3종,4694
584,남강릉,2022-11,4종,3827
584,남강릉,2022-11,5종,7554
584,남강릉,2022-11,6종,8848
585,하조대,2022-11,1종,148481
585,하조대,2022-11,2종,3363
585,하조대,2022-11,3종,4330
585,하조대,2022-11,4종,1462
585,하조대,2022-11,5종,2854
585,하조대,2022-11,6종,5309
586,북남원,2022-11,1종,61670
586,북남원,2022-11,2종,1871
586,북남원,2022-11,3종,1668
586,북남원,2022-11,4종,1837
586,북남원,2022-11,5종,2301
586,북남원,2022-11,6종,1451
587,오수,2022-11,1종,189882
587,오수,2022-11,2종,3682
587,오수,2022-11,3종,7767
587,오수,2022-11,4종,6984
587,오수,2022-11,5종,15353
587,오수,2022-11,6종,5264
588,임실,2022-11,1종,77074
588,임실,2022-11,2종,2120
588,임실,2022-11,3종,3738
588,임실,2022-11,4종,2176
588,임실,2022-11,5종,5087
588,임실,2022-11,6종,2218
589,상관,2022-11,1종,223751
589,상관,2022-11,2종,3962
589,상관,2022-11,3종,10069
589,상관,2022-11,4종,6163
589,상관,2022-11,5종,26172
589,상관,2022-11,6종,5438
590,동전주,2022-11,1종,246499
590,동전주,2022-11,2종,4598
590,동전주,2022-11,3종,4166
590,동전주,2022-11,4종,2723
590,동전주,2022-11,5종,4074
590,동전주,2022-11,6종,7966
591,동서천,2022-11,1종,82332
591,동서천,2022-11,2종,1952
591,동서천,2022-11,3종,4497
591,동서천,2022-11,4종,6126
591,동서천,2022-11,5종,19160
591,동서천,2022-11,6종,2522
592,서부여,2022-11,1종,88971
592,서부여,2022-11,2종,1969
592,서부여,2022-11,3종,3542
592,서부여,2022-11,4종,2278
592,서부여,2022-11,5종,5144
592,서부여,2022-11,6종,2929
593,부여,2022-11,1종,115477
593,부여,2022-11,2종,2137
593,부여,2022-11,3종,4022
593,부여,2022-11,4종,3647
593,부여,2022-11,5종,4440
593,부여,2022-11,6종,3434
594,칠갑산,2022-11,1종,38395
594,칠갑산,2022-11,2종,904
594,칠갑산,2022-11,3종,1868
594,칠갑산,2022-11,4종,1501
594,칠갑산,2022-11,5종,1340
594,칠갑산,2022-11,6종,1268
595,서공주,2022-11,1종,161345
595,서공주,2022-11,2종,4385
595,서공주,2022-11,3종,5471
595,서공주,2022-11,4종,5680
595,서공주,2022-11,5종,9317
595,서공주,2022-11,6종,5004
596,가락2,2022-11,1종,32012
596,가락2,2022-11,2종,2062
596,가락2,2022-11,3종,3136
596,가락2,2022-11,4종,5666
596,가락2,2022-11,5종,7678
596,가락2,2022-11,6종,1684
597,서여주,2022-11,1종,213527
597,서여주,2022-11,2종,7244
597,서여주,2022-11,3종,14362
597,서여주,2022-11,4종,12811
597,서여주,2022-11,5종,15210
597,서여주,2022-11,6종,9492
598,북여주,2022-11,1종,281523
598,북여주,2022-11,2종,7733
598,북여주,2022-11,3종,12662
598,북여주,2022-11,4종,7933
598,북여주,2022-11,5종,10686
598,북여주,2022-11,6종,10286
599,양촌,2022-11,1종,73078
599,양촌,2022-11,2종,1594
599,양촌,2022-11,3종,475
599,양촌,2022-11,4종,9
599,양촌,2022-11,5종,51
599,양촌,2022-11,6종,2461
601,남천안,2022-11,1종,317378
601,남천안,2022-11,2종,11819
601,남천안,2022-11,3종,15891
601,남천안,2022-11,4종,17807
601,남천안,2022-11,5종,19918
601,남천안,2022-11,6종,12212
602,풍세상,2022-11,1종,1803336
602,풍세상,2022-11,2종,41068
602,풍세상,2022-11,3종,109196
602,풍세상,2022-11,4종,97654
602,풍세상,2022-11,5종,135564
602,풍세상,2022-11,6종,43180
603,정안,2022-11,1종,396696
603,정안,2022-11,2종,7557
603,정안,2022-11,3종,18894
603,정안,2022-11,4종,11147
603,정안,2022-11,5종,14727
603,정안,2022-11,6종,13153
604,남공주,2022-11,1종,100390
604,남공주,2022-11,2종,3911
604,남공주,2022-11,3종,4980
604,남공주,2022-11,4종,3734
604,남공주,2022-11,5종,9548
604,남공주,2022-11,6종,3321
605,탄천,2022-11,1종,38588
605,탄천,2022-11,2종,1927
605,탄천,2022-11,3종,1800
605,탄천,2022-11,4종,2797
605,탄천,2022-11,5종,7308
605,탄천,2022-11,6종,1556
606,서논산,2022-11,1종,177840
606,서논산,2022-11,2종,6813
606,서논산,2022-11,3종,11139
606,서논산,2022-11,4종,12220
606,서논산,2022-11,5종,13876
606,서논산,2022-11,6종,5515
607,연무,2022-11,1종,206164
607,연무,2022-11,2종,6982
607,연무,2022-11,3종,13815
607,연무,2022-11,4종,14004
607,연무,2022-11,5종,14692
607,연무,2022-11,6종,6209
608,남논산하,2022-11,1종,1156548
608,남논산하,2022-11,2종,19866
608,남논산하,2022-11,3종,67662
608,남논산하,2022-11,4종,46362
608,남논산하,2022-11,5종,83972
608,남논산하,2022-11,6종,21744
612,풍세하,2022-11,1종,1737710
612,풍세하,2022-11,2종,36042
612,풍세하,2022-11,3종,106706
612,풍세하,2022-11,4종,75608
612,풍세하,2022-11,5종,101940
612,풍세하,2022-11,6종,41666
613,남풍세,2022-11,1종,716890
613,남풍세,2022-11,2종,27076
613,남풍세,2022-11,3종,50221
613,남풍세,2022-11,4종,71231
613,남풍세,2022-11,5종,101924
613,남풍세,2022-11,6종,25948
618,남논산상,2022-11,1종,1139258
618,남논산상,2022-11,2종,20658
618,남논산상,2022-11,3종,66202
618,남논산상,2022-11,4종,50138
618,남논산상,2022-11,5종,91356
618,남논산상,2022-11,6종,21406
621,동대구,2022-11,1종,908738
621,동대구,2022-11,2종,22016
621,동대구,2022-11,3종,31694
621,동대구,2022-11,4종,20833
621,동대구,2022-11,5종,24531
621,동대구,2022-11,6종,39106
622,대구,2022-11,1종,1521092
622,대구,2022-11,2종,42848
622,대구,2022-11,3종,45548
622,대구,2022-11,4종,56172
622,대구,2022-11,5종,115768
622,대구,2022-11,6종,46946
623,수성,2022-11,1종,999518
623,수성,2022-11,2종,19733
623,수성,2022-11,3종,21922
623,수성,2022-11,4종,10666
623,수성,2022-11,5종,14633
623,수성,2022-11,6종,41344
624,청도,2022-11,1종,336566
624,청도,2022-11,2종,9719
624,청도,2022-11,3종,10935
624,청도,2022-11,4종,9883
624,청도,2022-11,5종,11324
624,청도,2022-11,6종,13104
625,밀양,2022-11,1종,442116
625,밀양,2022-11,2종,10446
625,밀양,2022-11,3종,11110
625,밀양,2022-11,4종,10701
625,밀양,2022-11,5종,15535
625,밀양,2022-11,6종,17766
626,남밀양,2022-11,1종,498012
626,남밀양,2022-11,2종,18163
626,남밀양,2022-11,3종,18048
626,남밀양,2022-11,4종,15644
626,남밀양,2022-11,5종,23993
626,남밀양,2022-11,6종,24209
627,삼랑진,2022-11,1종,276343
627,삼랑진,2022-11,2종,8676
627,삼랑진,2022-11,3종,10166
627,삼랑진,2022-11,4종,8356
627,삼랑진,2022-11,5종,18644
627,삼랑진,2022-11,6종,15022
628,상동,2022-11,1종,148217
628,상동,2022-11,2종,20472
628,상동,2022-11,3종,13252
628,상동,2022-11,4종,19378
628,상동,2022-11,5종,13494
628,상동,2022-11,6종,7777
629,김해부산,2022-11,1종,1286346
629,김해부산,2022-11,2종,45660
629,김해부산,2022-11,3종,36122
629,김해부산,2022-11,4종,51948
629,김해부산,2022-11,5종,96780
629,김해부산,2022-11,6종,42084
641,울산,2022-11,1종,1137749
641,울산,2022-11,2종,29275
641,울산,2022-11,3종,49276
641,울산,2022-11,4종,29105
641,울산,2022-11,5종,62257
641,울산,2022-11,6종,56737
642,문수,2022-11,1종,299977
642,문수,2022-11,2종,8327
642,문수,2022-11,3종,13552
642,문수,2022-11,4종,13210
642,문수,2022-11,5종,17647
642,문수,2022-11,6종,15801
643,청량,2022-11,1종,856330
643,청량,2022-11,2종,18263
643,청량,2022-11,3종,32444
643,청량,2022-11,4종,46179
643,청량,2022-11,5종,207285
643,청량,2022-11,6종,47275
644,온양,2022-11,1종,193085
644,온양,2022-11,2종,5384
644,온양,2022-11,3종,4798
644,온양,2022-11,4종,4005
644,온양,2022-11,5종,13056
644,온양,2022-11,6종,12348
645,장안,2022-11,1종,423647
645,장안,2022-11,2종,8950
645,장안,2022-11,3종,12924
645,장안,2022-11,4종,12305
645,장안,2022-11,5종,24779
645,장안,2022-11,6종,22365
646,기장일광,2022-11,1종,553605
646,기장일광,2022-11,2종,4708
646,기장일광,2022-11,3종,8161
646,기장일광,2022-11,4종,6970
646,기장일광,2022-11,5종,34075
646,기장일광,2022-11,6종,29152
647,해운대송정,2022-11,1종,267701
647,해운대송정,2022-11,2종,2550
647,해운대송정,2022-11,3종,2417
647,해운대송정,2022-11,4종,1802
647,해운대송정,2022-11,5종,1903
647,해운대송정,2022-11,6종,14558
648,해운대,2022-11,1종,1296993
648,해운대,2022-11,2종,11410
648,해운대,2022-11,3종,18061
648,해운대,2022-11,4종,9782
648,해운대,2022-11,5종,50616
648,해운대,2022-11,6종,64977
651,남양주,2022-11,1종,2177210
651,남양주,2022-11,2종,41791
651,남양주,2022-11,3종,61772
651,남양주,2022-11,4종,35820
651,남양주,2022-11,5종,26747
651,남양주,2022-11,6종,102437
652,화도,2022-11,1종,1360254
652,화도,2022-11,2종,36000
652,화도,2022-11,3종,35978
652,화도,2022-11,4종,31165
652,화도,2022-11,5종,19194
652,화도,2022-11,6종,80542
653,서종,2022-11,1종,248192
653,서종,2022-11,2종,2772
653,서종,2022-11,3종,1640
653,서종,2022-11,4종,1442
653,서종,2022-11,5종,3403
653,서종,2022-11,6종,12016
654,설악,2022-11,1종,398633
654,설악,2022-11,2종,4422
654,설악,2022-11,3종,6578
654,설악,2022-11,4종,2177
654,설악,2022-11,5종,3701
654,설악,2022-11,6종,15380
655,강촌,2022-11,1종,220307
655,강촌,2022-11,2종,3298
655,강촌,2022-11,3종,7713
655,강촌,2022-11,4종,3114
655,강촌,2022-11,5종,3541
655,강촌,2022-11,6종,7458
656,남춘천,2022-11,1종,221892
656,남춘천,2022-11,2종,3141
656,남춘천,2022-11,3종,4463
656,남춘천,2022-11,4종,2858
656,남춘천,2022-11,5종,7806
656,남춘천,2022-11,6종,7043
657,동산,2022-11,1종,1064856
657,동산,2022-11,2종,19000
657,동산,2022-11,3종,35168
657,동산,2022-11,4종,9386
657,동산,2022-11,5종,22028
657,동산,2022-11,6종,43966
658,조양,2022-11,1종,31858
658,조양,2022-11,2종,582
658,조양,2022-11,3종,1024
658,조양,2022-11,4종,919
658,조양,2022-11,5종,1820
658,조양,2022-11,6종,1243
671,봉담,2022-11,1종,1431516
671,봉담,2022-11,2종,41902
671,봉담,2022-11,3종,39025
671,봉담,2022-11,4종,27013
671,봉담,2022-11,5종,38889
671,봉담,2022-11,6종,86082
672,정남,2022-11,1종,453531
672,정남,2022-11,2종,21542
672,정남,2022-11,3종,12683
672,정남,2022-11,4종,14614
672,정남,2022-11,5종,18246
672,정남,2022-11,6종,27638
673,북오산,2022-11,1종,1255025
673,북오산,2022-11,2종,30569
673,북오산,2022-11,3종,40401
673,북오산,2022-11,4종,22178
673,북오산,2022-11,5종,15330
673,북오산,2022-11,6종,77960
675,서오산,2022-11,1종,1269591
675,서오산,2022-11,2종,27337
675,서오산,2022-11,3종,31738
675,서오산,2022-11,4종,17306
675,서오산,2022-11,5종,26584
675,서오산,2022-11,6종,70477
676,향남,2022-11,1종,504297
676,향남,2022-11,2종,29159
676,향남,2022-11,3종,21099
676,향남,2022-11,4종,20194
676,향남,2022-11,5종,15573
676,향남,2022-11,6종,30570
677,북평택,2022-11,1종,2314262
677,북평택,2022-11,2종,54856
677,북평택,2022-11,3종,84065
677,북평택,2022-11,4종,61726
677,북평택,2022-11,5종,63357
677,북평택,2022-11,6종,112563
681,장안본선,2022-11,1종,1239390
681,장안본선,2022-11,2종,72714
681,장안본선,2022-11,3종,173832
681,장안본선,2022-11,4종,93876
681,장안본선,2022-11,5종,210140
681,장안본선,2022-11,6종,51496
682,조암,2022-11,1종,367699
682,조암,2022-11,2종,34955
682,조암,2022-11,3종,41185
682,조암,2022-11,4종,35533
682,조암,2022-11,5종,45452
682,조암,2022-11,6종,17029
683,송산마도,2022-11,1종,773126
683,송산마도,2022-11,2종,41668
683,송산마도,2022-11,3종,37486
683,송산마도,2022-11,4종,36110
683,송산마도,2022-11,5종,99536
683,송산마도,2022-11,6종,39030
684,남안산,2022-11,1종,741780
684,남안산,2022-11,2종,64114
684,남안산,2022-11,3종,61381
684,남안산,2022-11,4종,73019
684,남안산,2022-11,5종,88434
684,남안산,2022-11,6종,38242
685,서시흥,2022-11,1종,1439106
685,서시흥,2022-11,2종,68251
685,서시흥,2022-11,3종,92308
685,서시흥,2022-11,4종,95731
685,서시흥,2022-11,5종,214584
685,서시흥,2022-11,6종,68124
701,북양양,2022-11,1종,235318
701,북양양,2022-11,2종,3660
701,북양양,2022-11,3종,5415
701,북양양,2022-11,4종,1456
701,북양양,2022-11,5종,2824
701,북양양,2022-11,6종,9018
702,속초,2022-11,1종,311647
702,속초,2022-11,2종,6378
702,속초,2022-11,3종,8804
702,속초,2022-11,4종,3784
702,속초,2022-11,5종,8568
702,속초,2022-11,6종,10103
703,삼척,2022-11,1종,171060
703,삼척,2022-11,2종,3650
703,삼척,2022-11,3종,6504
703,삼척,2022-11,4종,2326
703,삼척,2022-11,5종,5418
703,삼척,2022-11,6종,9504
704,근덕,2022-11,1종,182791
704,근덕,2022-11,2종,3190
704,근덕,2022-11,3종,5616
704,근덕,2022-11,4종,3633
704,근덕,2022-11,5종,17355
704,근덕,2022-11,6종,7522
705,남이천,2022-11,1종,333147
705,남이천,2022-11,2종,17338
705,남이천,2022-11,3종,16958
705,남이천,2022-11,4종,31460
705,남이천,2022-11,5종,25763
705,남이천,2022-11,6종,11875
706,남경주,2022-11,1종,306125
706,남경주,2022-11,2종,5296
706,남경주,2022-11,3종,11338
706,남경주,2022-11,4종,6478
706,남경주,2022-11,5종,18627
706,남경주,2022-11,6종,14058
707,남포항,2022-11,1종,483212
707,남포항,2022-11,2종,7863
707,남포항,2022-11,3종,14509
707,남포항,2022-11,4종,11244
707,남포항,2022-11,5종,89791
707,남포항,2022-11,6종,18938
708,동경주,2022-11,1종,168057
708,동경주,2022-11,2종,2807
708,동경주,2022-11,3종,2629
708,동경주,2022-11,4종,1935
708,동경주,2022-11,5종,13892
708,동경주,2022-11,6종,7196
710,밀양출구JC,2022-11,1종,102898
710,밀양출구JC,2022-11,2종,5089
710,밀양출구JC,2022-11,3종,9371
710,밀양출구JC,2022-11,4종,4546
710,밀양출구JC,2022-11,5종,11421
710,밀양출구JC,2022-11,6종,3868
711,불갑산(목포),2022-11,1종,17635
711,불갑산(목포),2022-11,2종,204
711,불갑산(목포),2022-11,3종,394
711,불갑산(목포),2022-11,4종,25
711,불갑산(목포),2022-11,5종,169
711,불갑산(목포),2022-11,6종,464
712,동상주,2022-11,1종,82661
712,동상주,2022-11,2종,2270
712,동상주,2022-11,3종,4795
712,동상주,2022-11,4종,4332
712,동상주,2022-11,5종,3947
712,동상주,2022-11,6종,2396
713,서의성,2022-11,1종,62355
713,서의성,2022-11,2종,1747
713,서의성,2022-11,3종,3495
713,서의성,2022-11,4종,3081
713,서의성,2022-11,5종,3740
713,서의성,2022-11,6종,2255
714,북의성,2022-11,1종,54341
714,북의성,2022-11,2종,1544
714,북의성,2022-11,3종,2104
714,북의성,2022-11,4종,1538
714,북의성,2022-11,5종,3192
714,북의성,2022-11,6종,1859
715,동안동,2022-11,1종,141139
715,동안동,2022-11,2종,2324
715,동안동,2022-11,3종,2971
715,동안동,2022-11,4종,1931
715,동안동,2022-11,5종,3810
715,동안동,2022-11,6종,4677
716,청송,2022-11,1종,197157
716,청송,2022-11,2종,3417
716,청송,2022-11,3종,4738
716,청송,2022-11,4종,2727
716,청송,2022-11,5종,2708
716,청송,2022-11,6종,6460
720,밀양입구JC,2022-11,1종,102707
720,밀양입구JC,2022-11,2종,4423
720,밀양입구JC,2022-11,3종,10415
720,밀양입구JC,2022-11,4종,3979
720,밀양입구JC,2022-11,5종,10715
720,밀양입구JC,2022-11,6종,3900
722,활천,2022-11,1종,95698
722,활천,2022-11,2종,7206
722,활천,2022-11,3종,11515
722,활천,2022-11,4종,12005
722,활천,2022-11,5종,17922
722,활천,2022-11,6종,3710
723,북구미,2022-11,1종,269240
723,북구미,2022-11,2종,4089
723,북구미,2022-11,3종,3010
723,북구미,2022-11,4종,475
723,북구미,2022-11,5종,873
723,북구미,2022-11,6종,12797
724,서함양,2022-11,1종,14927
724,서함양,2022-11,2종,270
724,서함양,2022-11,3종,133
724,서함양,2022-11,4종,8
724,서함양,2022-11,5종,18
724,서함양,2022-11,6종,444
725,임고,2022-11,1종,36502
725,임고,2022-11,2종,360
725,임고,2022-11,3종,129
725,임고,2022-11,4종,18
725,임고,2022-11,5종,281
725,임고,2022-11,6종,697
729,신둔,2022-11,1종,38875
729,신둔,2022-11,2종,3772
729,신둔,2022-11,3종,706
729,신둔,2022-11,4종,1
729,신둔,2022-11,5종,0
729,신둔,2022-11,6종,2299
730,유천,2022-11,1종,447039
730,유천,2022-11,2종,8528
730,유천,2022-11,3종,2550
730,유천,2022-11,4종,238
730,유천,2022-11,5종,1059
730,유천,2022-11,6종,23231
731,북현풍,2022-11,1종,164301
731,북현풍,2022-11,2종,2639
731,북현풍,2022-11,3종,1206
731,북현풍,2022-11,4종,21
731,북현풍,2022-11,5종,1035
731,북현풍,2022-11,6종,9509
732,행담도,2022-11,1종,27962
732,행담도,2022-11,2종,443
732,행담도,2022-11,3종,162
732,행담도,2022-11,4종,83
732,행담도,2022-11,5종,65
732,행담도,2022-11,6종,1319
733,옥산,2022-11,1종,158837
733,옥산,2022-11,2종,5499
733,옥산,2022-11,3종,1500
733,옥산,2022-11,4종,99
733,옥산,2022-11,5종,77
733,옥산,2022-11,6종,5327
734,동둔내,2022-11,1종,3764
734,동둔내,2022-11,2종,37
734,동둔내,2022-11,3종,30
734,동둔내,2022-11,4종,2
734,동둔내,2022-11,5종,4
734,동둔내,2022-11,6종,89
735,남양평,2022-11,1종,127417
735,남양평,2022-11,2종,2398
735,남양평,2022-11,3종,821
735,남양평,2022-11,4종,122
735,남양평,2022-11,5종,171
735,남양평,2022-11,6종,5389
736,삼성,2022-11,1종,118087
736,삼성,2022-11,2종,8849
736,삼성,2022-11,3종,546
736,삼성,2022-11,4종,59
736,삼성,2022-11,5종,59
736,삼성,2022-11,6종,4105
741,평택고덕,2022-11,1종,586836
741,평택고덕,2022-11,2종,11792
741,평택고덕,2022-11,3종,57174
741,평택고덕,2022-11,4종,16299
741,평택고덕,2022-11,5종,28037
741,평택고덕,2022-11,6종,38969
742,남사진위,2022-11,1종,536278
742,남사진위,2022-11,2종,15936
742,남사진위,2022-11,3종,29257
742,남사진위,2022-11,4종,38799
742,남사진위,2022-11,5종,19079
742,남사진위,2022-11,6종,25716
746,기장일광입구,2022-11,1종,200725
746,기장일광입구,2022-11,2종,3225
746,기장일광입구,2022-11,3종,658
746,기장일광입구,2022-11,4종,70
746,기장일광입구,2022-11,5종,216
746,기장일광입구,2022-11,6종,12047
747,척과구룡,2022-11,1종,86183
747,척과구룡,2022-11,2종,6257
747,척과구룡,2022-11,3종,10798
747,척과구룡,2022-11,4종,7003
747,척과구룡,2022-11,5종,14383
747,척과구룡,2022-11,6종,3746
748,동청송영양,2022-11,1종,92048
748,동청송영양,2022-11,2종,1591
748,동청송영양,2022-11,3종,2292
748,동청송영양,2022-11,4종,2030
748,동청송영양,2022-11,5종,2081
748,동청송영양,2022-11,6종,2560
749,영덕,2022-11,1종,224358
749,영덕,2022-11,2종,3211
749,영덕,2022-11,3종,6673
749,영덕,2022-11,4종,3339
749,영덕,2022-11,5종,8262
749,영덕,2022-11,6종,5940
750,기장동JC,2022-11,1종,382706
750,기장동JC,2022-11,2종,10705
750,기장동JC,2022-11,3종,17708
750,기장동JC,2022-11,4종,6198
750,기장동JC,2022-11,5종,39795
750,기장동JC,2022-11,6종,22987
751,기장일광(KEC),2022-11,1종,284198
751,기장일광(KEC),2022-11,2종,4448
751,기장일광(KEC),2022-11,3종,4104
751,기장일광(KEC),2022-11,4종,3955
751,기장일광(KEC),2022-11,5종,17323
751,기장일광(KEC),2022-11,6종,18838
752,기장철마,2022-11,1종,666488
752,기장철마,2022-11,2종,14854
752,기장철마,2022-11,3종,12050
752,기장철마,2022-11,4종,11161
752,기장철마,2022-11,5종,27672
752,기장철마,2022-11,6종,42226
753,금정,2022-11,1종,303866
753,금정,2022-11,2종,10024
753,금정,2022-11,3종,10530
753,금정,2022-11,4종,9027
753,금정,2022-11,5종,14299
753,금정,2022-11,6종,17557
754,김해가야휴게소,2022-11,1종,78059
754,김해가야휴게소,2022-11,2종,1880
754,김해가야휴게소,2022-11,3종,65
754,김해가야휴게소,2022-11,4종,0
754,김해가야휴게소,2022-11,5종,0
754,김해가야휴게소,2022-11,6종,3485
755,광재,2022-11,1종,441412
755,광재,2022-11,2종,21716
755,광재,2022-11,3종,21350
755,광재,2022-11,4종,19208
755,광재,2022-11,5종,42736
755,광재,2022-11,6종,25137
756,한림,2022-11,1종,125220
756,한림,2022-11,2종,9337
756,한림,2022-11,3종,9457
756,한림,2022-11,4종,7157
756,한림,2022-11,5종,19789
756,한림,2022-11,6종,6068
757,진영,2022-11,1종,269687
757,진영,2022-11,2종,13219
757,진영,2022-11,3종,17481
757,진영,2022-11,4종,19380
757,진영,2022-11,5종,28292
757,진영,2022-11,6종,14951
758,진영휴게소,2022-11,1종,453
758,진영휴게소,2022-11,2종,1
758,진영휴게소,2022-11,3종,3
758,진영휴게소,2022-11,4종,3
758,진영휴게소,2022-11,5종,32
758,진영휴게소,2022-11,6종,30
760,기장서JC,2022-11,1종,660418
760,기장서JC,2022-11,2종,18554
760,기장서JC,2022-11,3종,23531
760,기장서JC,2022-11,4종,8347
760,기장서JC,2022-11,5종,59751
760,기장서JC,2022-11,6종,41141
762,중앙탑,2022-11,1종,48169
762,중앙탑,2022-11,2종,896
762,중앙탑,2022-11,3종,74
762,중앙탑,2022-11,4종,6
762,중앙탑,2022-11,5종,11
762,중앙탑,2022-11,6종,2672
765,내촌,2022-11,1종,38760
765,내촌,2022-11,2종,824
765,내촌,2022-11,3종,584
765,내촌,2022-11,4종,894
765,내촌,2022-11,5종,1066
765,내촌,2022-11,6종,1765
766,인제,2022-11,1종,83981
766,인제,2022-11,2종,1774
766,인제,2022-11,3종,1086
766,인제,2022-11,4종,896
766,인제,2022-11,5종,1677
766,인제,2022-11,6종,4368
767,구병산,2022-11,1종,4937
767,구병산,2022-11,2종,58
767,구병산,2022-11,3종,66
767,구병산,2022-11,4종,0
767,구병산,2022-11,5종,0
767,구병산,2022-11,6종,373
768,서양양,2022-11,1종,7079
768,서양양,2022-11,2종,168
768,서양양,2022-11,3종,111
768,서양양,2022-11,4종,45
768,서양양,2022-11,5종,185
768,서양양,2022-11,6종,183
770,울주동JC,2022-11,1종,200534
770,울주동JC,2022-11,2종,7524
770,울주동JC,2022-11,3종,20319
770,울주동JC,2022-11,4종,6545
770,울주동JC,2022-11,5종,29055
770,울주동JC,2022-11,6종,9807
771,배내골,2022-11,1종,59742
771,배내골,2022-11,2종,532
771,배내골,2022-11,3종,577
771,배내골,2022-11,4종,359
771,배내골,2022-11,5종,510
771,배내골,2022-11,6종,2728
772,북달성,2022-11,1종,457160
772,북달성,2022-11,2종,14729
772,북달성,2022-11,3종,21168
772,북달성,2022-11,4종,19796
772,북달성,2022-11,5종,14050
772,북달성,2022-11,6종,21982
773,북다사,2022-11,1종,252427
773,북다사,2022-11,2종,6869
773,북다사,2022-11,3종,6333
773,북다사,2022-11,4종,6160
773,북다사,2022-11,5종,7868
773,북다사,2022-11,6종,13791
774,남칠곡,2022-11,1종,389767
774,남칠곡,2022-11,2종,8615
774,남칠곡,2022-11,3종,9240
774,남칠곡,2022-11,4종,6789
774,남칠곡,2022-11,5종,7610
774,남칠곡,2022-11,6종,19420
775,동명동호,2022-11,1종,383093
775,동명동호,2022-11,2종,7680
775,동명동호,2022-11,3종,6497
775,동명동호,2022-11,4종,5771
775,동명동호,2022-11,5종,16977
775,동명동호,2022-11,6종,13303
776,연경,2022-11,1종,767857
776,연경,2022-11,2종,14557
776,연경,2022-11,3종,11938
776,연경,2022-11,4종,8668
776,연경,2022-11,5종,15754
776,연경,2022-11,6종,43565
777,파군재,2022-11,1종,430652
777,파군재,2022-11,2종,4139
777,파군재,2022-11,3종,3264
777,파군재,2022-11,4종,1476
777,파군재,2022-11,5종,2201
777,파군재,2022-11,6종,27329
778,둔산,2022-11,1종,61538
778,둔산,2022-11,2종,2604
778,둔산,2022-11,3종,1502
778,둔산,2022-11,4종,1353
778,둔산,2022-11,5종,725
778,둔산,2022-11,6종,3362
779,율암,2022-11,1종,626601
779,율암,2022-11,2종,8214
779,율암,2022-11,3종,7281
779,율암,2022-11,4종,6567
779,율암,2022-11,5종,12808
779,율암,2022-11,6종,40057
780,울주서JC,2022-11,1종,196072
780,울주서JC,2022-11,2종,7866
780,울주서JC,2022-11,3종,17534
780,울주서JC,2022-11,4종,6503
780,울주서JC,2022-11,5종,30257
780,울주서JC,2022-11,6종,10072
876,양감,2022-11,1종,326250
876,양감,2022-11,2종,15278
876,양감,2022-11,3종,16050
876,양감,2022-11,4종,16791
876,양감,2022-11,5종,18123
876,양감,2022-11,6종,21625
981,서영암,2022-11,1종,301936
981,서영암,2022-11,2종,4683
981,서영암,2022-11,3종,11808
981,서영암,2022-11,4종,9887
981,서영암,2022-11,5종,22068
981,서영암,2022-11,6종,8471
982,강진무위사,2022-11,1종,193669
982,강진무위사,2022-11,2종,3737
982,강진무위사,2022-11,3종,8526
982,강진무위사,2022-11,4종,7785
982,강진무위사,2022-11,5종,9138
982,강진무위사,2022-11,6종,5227
983,장흥,2022-11,1종,104950
983,장흥,2022-11,2종,1863
983,장흥,2022-11,3종,3055
983,장흥,2022-11,4종,1557
983,장흥,2022-11,5종,2699
983,장흥,2022-11,6종,2963
984,보성,2022-11,1종,250136
984,보성,2022-11,2종,5862
984,보성,2022-11,3종,7705
984,보성,2022-11,4종,6236
984,보성,2022-11,5종,17335
984,보성,2022-11,6종,5945
985,벌교,2022-11,1종,174014
985,벌교,2022-11,2종,4196
985,벌교,2022-11,3종,5140
985,벌교,2022-11,4종,3363
985,벌교,2022-11,5종,5259
985,벌교,2022-11,6종,4102
986,고흥,2022-11,1종,244824
986,고흥,2022-11,2종,3669
986,고흥,2022-11,3종,6868
986,고흥,2022-11,4종,8494
986,고흥,2022-11,5종,12353
986,고흥,2022-11,6종,7567
987,남순천,2022-11,1종,621341
987,남순천,2022-11,2종,10297
987,남순천,2022-11,3종,22068
987,남순천,2022-11,4종,21961
987,남순천,2022-11,5종,50473
987,남순천,2022-11,6종,16640
11,인천,2022-12,1종,4140144
11,인천,2022-12,2종,102510
11,인천,2022-12,3종,55983
11,인천,2022-12,4종,65239
11,인천,2022-12,5종,126118
11,인천,2022-12,6종,289437
12,서영암(개),2022-12,1종,68957
12,서영암(개),2022-12,2종,1008
12,서영암(개),2022-12,3종,1269
12,서영암(개),2022-12,4종,1444
12,서영암(개),2022-12,5종,3887
12,서영암(개),2022-12,6종,2529
13,순천만,2022-12,1종,174545
13,순천만,2022-12,2종,4725
13,순천만,2022-12,3종,5499
13,순천만,2022-12,4종,3540
13,순천만,2022-12,5종,11198
13,순천만,2022-12,6종,6614
25,동부산,2022-12,1종,519286
25,동부산,2022-12,2종,2249
25,동부산,2022-12,3종,5677
25,동부산,2022-12,4종,2642
25,동부산,2022-12,5종,10682
25,동부산,2022-12,6종,11637
29,가락(개),2022-12,1종,936214
29,가락(개),2022-12,2종,20043
29,가락(개),2022-12,3종,19233
29,가락(개),2022-12,4종,19972
29,가락(개),2022-12,5종,108407
29,가락(개),2022-12,6종,65638
53,남인천,2022-12,1종,2120380
53,남인천,2022-12,2종,45390
53,남인천,2022-12,3종,38907
53,남인천,2022-12,4종,26174
53,남인천,2022-12,5종,52809
53,남인천,2022-12,6종,134268
56,일로,2022-12,1종,33757
56,일로,2022-12,2종,700
56,일로,2022-12,3종,512
56,일로,2022-12,4종,1003
56,일로,2022-12,5종,3089
56,일로,2022-12,6종,1783
57,다사,2022-12,1종,69200
57,다사,2022-12,2종,1277
57,다사,2022-12,3종,1128
57,다사,2022-12,4종,550
57,다사,2022-12,5종,996
57,다사,2022-12,6종,5238
58,지천,2022-12,1종,42294
58,지천,2022-12,2종,891
58,지천,2022-12,3종,863
58,지천,2022-12,4종,533
58,지천,2022-12,5종,1012
58,지천,2022-12,6종,2158
61,성남,2022-12,1종,4762284
61,성남,2022-12,2종,140736
61,성남,2022-12,3종,132108
61,성남,2022-12,4종,120701
61,성남,2022-12,5종,100589
61,성남,2022-12,6종,258031
62,구리남양주,2022-12,1종,4968195
62,구리남양주,2022-12,2종,163498
62,구리남양주,2022-12,3종,130423
62,구리남양주,2022-12,4종,140507
62,구리남양주,2022-12,5종,112604
62,구리남양주,2022-12,6종,297182
63,토평,2022-12,1종,677734
63,토평,2022-12,2종,21556
63,토평,2022-12,3종,12817
63,토평,2022-12,4종,19139
63,토평,2022-12,5종,18365
63,토평,2022-12,6종,42124
64,청계,2022-12,1종,4360829
64,청계,2022-12,2종,100843
64,청계,2022-12,3종,113766
64,청계,2022-12,4종,62222
64,청계,2022-12,5종,73233
64,청계,2022-12,6종,250544
65,판교,2022-12,1종,2354636
65,판교,2022-12,2종,25292
65,판교,2022-12,3종,135706
65,판교,2022-12,4종,10547
65,판교,2022-12,5종,10980
65,판교,2022-12,6종,102514
66,하남,2022-12,1종,896293
66,하남,2022-12,2종,23486
66,하남,2022-12,3종,11563
66,하남,2022-12,4종,12400
66,하남,2022-12,5종,15479
66,하남,2022-12,6종,50487
67,시흥,2022-12,1종,3967578
67,시흥,2022-12,2종,108221
67,시흥,2022-12,3종,92234
67,시흥,2022-12,4종,98492
67,시흥,2022-12,5종,92072
67,시흥,2022-12,6종,229351
68,김포,2022-12,1종,4819326
68,김포,2022-12,2종,140723
68,김포,2022-12,3종,96959
68,김포,2022-12,4종,93708
68,김포,2022-12,5종,145578
68,김포,2022-12,6종,315695
69,대왕판교,2022-12,1종,203644
69,대왕판교,2022-12,2종,2032
69,대왕판교,2022-12,3종,664
69,대왕판교,2022-12,4종,51
69,대왕판교,2022-12,5종,20
69,대왕판교,2022-12,6종,8454
74,덕소삼패,2022-12,1종,400377
74,덕소삼패,2022-12,2종,8146
74,덕소삼패,2022-12,3종,5789
74,덕소삼패,2022-12,4종,6040
74,덕소삼패,2022-12,5종,11437
74,덕소삼패,2022-12,6종,28514
91,대동(개),2022-12,1종,99811
91,대동(개),2022-12,2종,4632
91,대동(개),2022-12,3종,3826
91,대동(개),2022-12,4종,11991
91,대동(개),2022-12,5종,6706
91,대동(개),2022-12,6종,5328
92,내서,2022-12,1종,221164
92,내서,2022-12,2종,6342
92,내서,2022-12,3종,10310
92,내서,2022-12,4종,4940
92,내서,2022-12,5종,13308
92,내서,2022-12,6종,16183
101,서울,2022-12,1종,5012953
101,서울,2022-12,2종,148222
101,서울,2022-12,3종,503651
101,서울,2022-12,4종,133049
101,서울,2022-12,5종,67787
101,서울,2022-12,6종,207964
102,동수원,2022-12,1종,2166521
102,동수원,2022-12,2종,27823
102,동수원,2022-12,3종,64186
102,동수원,2022-12,4종,9362
102,동수원,2022-12,5종,10565
102,동수원,2022-12,6종,109872
103,수원신갈,2022-12,1종,2239345
103,수원신갈,2022-12,2종,81296
103,수원신갈,2022-12,3종,145881
103,수원신갈,2022-12,4종,62824
103,수원신갈,2022-12,5종,29127
103,수원신갈,2022-12,6종,104428
104,지곡,2022-12,1종,37158
104,지곡,2022-12,2종,1224
104,지곡,2022-12,3종,1969
104,지곡,2022-12,4종,2926
104,지곡,2022-12,5종,2834
104,지곡,2022-12,6종,1132
105,기흥,2022-12,1종,739777
105,기흥,2022-12,2종,13910
105,기흥,2022-12,3종,26876
105,기흥,2022-12,4종,11174
105,기흥,2022-12,5종,6415
105,기흥,2022-12,6종,38071
106,오산,2022-12,1종,1152825
106,오산,2022-12,2종,74777
106,오산,2022-12,3종,77839
106,오산,2022-12,4종,57397
106,오산,2022-12,5종,31163
106,오산,2022-12,6종,66146
107,안성,2022-12,1종,1160936
107,안성,2022-12,2종,27548
107,안성,2022-12,3종,42507
107,안성,2022-12,4종,19486
107,안성,2022-12,5종,11170
107,안성,2022-12,6종,69060
108,천안,2022-12,1종,1718524
108,천안,2022-12,2종,36673
108,천안,2022-12,3종,83185
108,천안,2022-12,4종,34383
108,천안,2022-12,5종,38436
108,천안,2022-12,6종,80237
109,계룡,2022-12,1종,160798
109,계룡,2022-12,2종,10300
109,계룡,2022-12,3종,10124
109,계룡,2022-12,4종,10835
109,계룡,2022-12,5종,7935
109,계룡,2022-12,6종,9000
110,독립기념관,2022-12,1종,336545
110,독립기념관,2022-12,2종,15100
110,독립기념관,2022-12,3종,23414
110,독립기념관,2022-12,4종,31830
110,독립기념관,2022-12,5종,23023
110,독립기념관,2022-12,6종,14045
111,청주,2022-12,1종,580202
111,청주,2022-12,2종,15433
111,청주,2022-12,3종,40832
111,청주,2022-12,4종,22449
111,청주,2022-12,5종,27528
111,청주,2022-12,6종,23579
112,남청주,2022-12,1종,527242
112,남청주,2022-12,2종,32871
112,남청주,2022-12,3종,27635
112,남청주,2022-12,4종,46137
112,남청주,2022-12,5종,53441
112,남청주,2022-12,6종,21349
113,신탄진,2022-12,1종,733480
113,신탄진,2022-12,2종,29920
113,신탄진,2022-12,3종,26263
113,신탄진,2022-12,4종,50323
113,신탄진,2022-12,5종,66656
113,신탄진,2022-12,6종,36032
114,남대전,2022-12,1종,381885
114,남대전,2022-12,2종,13689
114,남대전,2022-12,3종,19982
114,남대전,2022-12,4종,31901
114,남대전,2022-12,5종,12425
114,남대전,2022-12,6종,18794
115,대전,2022-12,1종,1407134
115,대전,2022-12,2종,32360
115,대전,2022-12,3종,51753
115,대전,2022-12,4종,16082
115,대전,2022-12,5종,18786
115,대전,2022-12,6종,72522
116,옥천,2022-12,1종,469459
116,옥천,2022-12,2종,18114
116,옥천,2022-12,3종,18173
116,옥천,2022-12,4종,35161
116,옥천,2022-12,5종,30341
116,옥천,2022-12,6종,24147
117,금강,2022-12,1종,33744
117,금강,2022-12,2종,948
117,금강,2022-12,3종,1675
117,금강,2022-12,4종,2529
117,금강,2022-12,5종,997
117,금강,2022-12,6종,1717
118,영동,2022-12,1종,93671
118,영동,2022-12,2종,3333
118,영동,2022-12,3종,4917
118,영동,2022-12,4종,4759
118,영동,2022-12,5종,12156
118,영동,2022-12,6종,3805
119,판암,2022-12,1종,583260
119,판암,2022-12,2종,11940
119,판암,2022-12,3종,10096
119,판암,2022-12,4종,7084
119,판암,2022-12,5종,7212
119,판암,2022-12,6종,32984
120,황간,2022-12,1종,83151
120,황간,2022-12,2종,2089
120,황간,2022-12,3종,2731
120,황간,2022-12,4종,5340
120,황간,2022-12,5종,7726
120,황간,2022-12,6종,3182
121,추풍령,2022-12,1종,38841
121,추풍령,2022-12,2종,787
121,추풍령,2022-12,3종,1169
121,추풍령,2022-12,4종,1491
121,추풍령,2022-12,5종,2336
121,추풍령,2022-12,6종,1998
122,김천,2022-12,1종,240065
122,김천,2022-12,2종,5434
122,김천,2022-12,3종,7372
122,김천,2022-12,4종,9044
122,김천,2022-12,5종,8055
122,김천,2022-12,6종,11038
123,구미,2022-12,1종,753571
123,구미,2022-12,2종,14437
123,구미,2022-12,3종,26406
123,구미,2022-12,4종,18785
123,구미,2022-12,5종,14935
123,구미,2022-12,6종,34180
124,상주,2022-12,1종,86604
124,상주,2022-12,2종,2925
124,상주,2022-12,3종,3764
124,상주,2022-12,4종,4442
124,상주,2022-12,5종,5099
124,상주,2022-12,6종,2870
125,남구미,2022-12,1종,603819
125,남구미,2022-12,2종,20323
125,남구미,2022-12,3종,29300
125,남구미,2022-12,4종,27352
125,남구미,2022-12,5종,34336
125,남구미,2022-12,6종,30688
126,왜관,2022-12,1종,683718
126,왜관,2022-12,2종,37542
126,왜관,2022-12,3종,30917
126,왜관,2022-12,4종,29030
126,왜관,2022-12,5종,43507
126,왜관,2022-12,6종,29779
127,서대구,2022-12,1종,1749995
127,서대구,2022-12,2종,58546
127,서대구,2022-12,3종,65612
127,서대구,2022-12,4종,47239
127,서대구,2022-12,5종,48171
127,서대구,2022-12,6종,76069
128,금왕꽃동네,2022-12,1종,252125
128,금왕꽃동네,2022-12,2종,15179
128,금왕꽃동네,2022-12,3종,20927
128,금왕꽃동네,2022-12,4종,25969
128,금왕꽃동네,2022-12,5종,34230
128,금왕꽃동네,2022-12,6종,11153
129,북대구,2022-12,1종,1760136
129,북대구,2022-12,2종,45731
129,북대구,2022-12,3종,46886
129,북대구,2022-12,4종,25005
129,북대구,2022-12,5종,37190
129,북대구,2022-12,6종,71246
130,동김천,2022-12,1종,307930
130,동김천,2022-12,2종,8594
130,동김천,2022-12,3종,15878
130,동김천,2022-12,4종,15041
130,동김천,2022-12,5종,20713
130,동김천,2022-12,6종,12501
131,경산,2022-12,1종,924507
131,경산,2022-12,2종,60141
131,경산,2022-12,3종,55506
131,경산,2022-12,4종,57059
131,경산,2022-12,5종,55222
131,경산,2022-12,6종,45801
132,영천,2022-12,1종,385138
132,영천,2022-12,2종,15039
132,영천,2022-12,3종,28764
132,영천,2022-12,4종,25338
132,영천,2022-12,5종,33939
132,영천,2022-12,6종,15417
133,서경주,2022-12,1종,172747
133,서경주,2022-12,2종,6164
133,서경주,2022-12,3종,9511
133,서경주,2022-12,4종,9983
133,서경주,2022-12,5종,21950
133,서경주,2022-12,6종,5789
134,선산,2022-12,1종,81136
134,선산,2022-12,2종,2711
134,선산,2022-12,3종,4186
134,선산,2022-12,4종,4686
134,선산,2022-12,5종,6006
134,선산,2022-12,6종,2861
135,경주,2022-12,1종,879213
135,경주,2022-12,2종,18546
135,경주,2022-12,3종,49020
135,경주,2022-12,4종,37149
135,경주,2022-12,5종,50193
135,경주,2022-12,6종,31283
136,음성,2022-12,1종,231761
136,음성,2022-12,2종,8874
136,음성,2022-12,3종,13097
136,음성,2022-12,4종,17721
136,음성,2022-12,5종,25234
136,음성,2022-12,6종,8477
137,통도사,2022-12,1종,284185
137,통도사,2022-12,2종,17081
137,통도사,2022-12,3종,20278
137,통도사,2022-12,4종,16727
137,통도사,2022-12,5종,23060
137,통도사,2022-12,6종,14743
138,양산,2022-12,1종,774204
138,양산,2022-12,2종,68981
138,양산,2022-12,3종,52153
138,양산,2022-12,4종,55409
138,양산,2022-12,5종,65604
138,양산,2022-12,6종,38228
139,서울산,2022-12,1종,529284
139,서울산,2022-12,2종,15505
139,서울산,2022-12,3종,20102
139,서울산,2022-12,4종,13028
139,서울산,2022-12,5종,16806
139,서울산,2022-12,6종,27639
140,부산,2022-12,1종,1855690
140,부산,2022-12,2종,46076
140,부산,2022-12,3종,41896
140,부산,2022-12,4종,24363
140,부산,2022-12,5종,41227
140,부산,2022-12,6종,92109
142,군북,2022-12,1종,438433
142,군북,2022-12,2종,10718
142,군북,2022-12,3종,17038
142,군북,2022-12,4종,11928
142,군북,2022-12,5종,29319
142,군북,2022-12,6종,25294
143,장지,2022-12,1종,118960
143,장지,2022-12,2종,3804
143,장지,2022-12,3종,5959
143,장지,2022-12,4종,5494
143,장지,2022-12,5종,21151
143,장지,2022-12,6종,7198
144,함안,2022-12,1종,283165
144,함안,2022-12,2종,9367
144,함안,2022-12,3종,10834
144,함안,2022-12,4종,8596
144,함안,2022-12,5종,25117
144,함안,2022-12,6종,16197
145,산인,2022-12,1종,980292
145,산인,2022-12,2종,16787
145,산인,2022-12,3종,33324
145,산인,2022-12,4종,13877
145,산인,2022-12,5종,25975
145,산인,2022-12,6종,46309
146,동창원,2022-12,1종,627348
146,동창원,2022-12,2종,17070
146,동창원,2022-12,3종,16268
146,동창원,2022-12,4종,14008
146,동창원,2022-12,5종,22054
146,동창원,2022-12,6종,39955
147,진례,2022-12,1종,470297
147,진례,2022-12,2종,30410
147,진례,2022-12,3종,30448
147,진례,2022-12,4종,29301
147,진례,2022-12,5종,33020
147,진례,2022-12,6종,30429
148,서김해,2022-12,1종,890971
148,서김해,2022-12,2종,24616
148,서김해,2022-12,3종,26089
148,서김해,2022-12,4종,20678
148,서김해,2022-12,5종,19426
148,서김해,2022-12,6종,56511
149,동김해,2022-12,1종,1087110
149,동김해,2022-12,2종,29296
149,동김해,2022-12,3종,30290
149,동김해,2022-12,4종,15546
149,동김해,2022-12,5종,12458
149,동김해,2022-12,6종,73778
150,북부산,2022-12,1종,1773231
150,북부산,2022-12,2종,27475
150,북부산,2022-12,3종,26696
150,북부산,2022-12,4종,13094
150,북부산,2022-12,5종,28729
150,북부산,2022-12,6종,106181
151,북대전,2022-12,1종,798643
151,북대전,2022-12,2종,13302
151,북대전,2022-12,3종,25928
151,북대전,2022-12,4종,18840
151,북대전,2022-12,5종,24102
151,북대전,2022-12,6종,39655
152,유성,2022-12,1종,1134661
152,유성,2022-12,2종,20771
152,유성,2022-12,3종,33008
152,유성,2022-12,4종,18135
152,유성,2022-12,5종,15309
152,유성,2022-12,6종,47190
153,서대전,2022-12,1종,952665
153,서대전,2022-12,2종,19708
153,서대전,2022-12,3종,20736
153,서대전,2022-12,4종,19880
153,서대전,2022-12,5종,19622
153,서대전,2022-12,6종,48567
154,안영,2022-12,1종,470742
154,안영,2022-12,2종,14388
154,안영,2022-12,3종,13724
154,안영,2022-12,4종,11414
154,안영,2022-12,5종,12126
154,안영,2022-12,6종,23421
155,논산,2022-12,1종,240734
155,논산,2022-12,2종,10759
155,논산,2022-12,3종,17385
155,논산,2022-12,4종,17461
155,논산,2022-12,5종,15142
155,논산,2022-12,6종,8970
156,익산,2022-12,1종,280969
156,익산,2022-12,2종,17114
156,익산,2022-12,3종,27033
156,익산,2022-12,4종,32662
156,익산,2022-12,5종,35575
156,익산,2022-12,6종,7565
157,삼례,2022-12,1종,111759
157,삼례,2022-12,2종,4517
157,삼례,2022-12,3종,6603
157,삼례,2022-12,4종,7452
157,삼례,2022-12,5종,9770
157,삼례,2022-12,6종,3409
158,전주,2022-12,1종,413692
158,전주,2022-12,2종,13439
158,전주,2022-12,3종,38440
158,전주,2022-12,4종,21343
158,전주,2022-12,5종,29595
158,전주,2022-12,6종,11960
159,서전주,2022-12,1종,354253
159,서전주,2022-12,2종,10336
159,서전주,2022-12,3종,12505
159,서전주,2022-12,4종,13153
159,서전주,2022-12,5종,12108
159,서전주,2022-12,6종,9333
160,김제,2022-12,1종,127587
160,김제,2022-12,2종,5733
160,김제,2022-12,3종,8845
160,김제,2022-12,4종,10151
160,김제,2022-12,5종,7215
160,김제,2022-12,6종,3358
161,금산사,2022-12,1종,31171
161,금산사,2022-12,2종,2433
161,금산사,2022-12,3종,1663
161,금산사,2022-12,4종,1882
161,금산사,2022-12,5종,2020
161,금산사,2022-12,6종,826
162,태인,2022-12,1종,91915
162,태인,2022-12,2종,4214
162,태인,2022-12,3종,7512
162,태인,2022-12,4종,9589
162,태인,2022-12,5종,8473
162,태인,2022-12,6종,2496
163,정읍,2022-12,1종,212265
163,정읍,2022-12,2종,6947
163,정읍,2022-12,3종,12130
163,정읍,2022-12,4종,12832
163,정읍,2022-12,5종,11501
163,정읍,2022-12,6종,5441
164,무주,2022-12,1종,175849
164,무주,2022-12,2종,2337
164,무주,2022-12,3종,4875
164,무주,2022-12,4종,3563
164,무주,2022-12,5종,4077
164,무주,2022-12,6종,5703
165,백양사,2022-12,1종,51841
165,백양사,2022-12,2종,1712
165,백양사,2022-12,3종,1462
165,백양사,2022-12,4종,2330
165,백양사,2022-12,5종,915
165,백양사,2022-12,6종,1708
166,장성,2022-12,1종,201484
166,장성,2022-12,2종,11702
166,장성,2022-12,3종,12108
166,장성,2022-12,4종,14033
166,장성,2022-12,5종,14252
166,장성,2022-12,6종,6310
167,광주,2022-12,1종,999722
167,광주,2022-12,2종,33054
167,광주,2022-12,3종,57201
167,광주,2022-12,4종,53897
167,광주,2022-12,5종,37259
167,광주,2022-12,6종,26417
168,덕유산,2022-12,1종,81691
168,덕유산,2022-12,2종,1230
168,덕유산,2022-12,3종,1588
168,덕유산,2022-12,4종,1220
168,덕유산,2022-12,5종,969
168,덕유산,2022-12,6종,1836
169,장수,2022-12,1종,105859
169,장수,2022-12,2종,2397
169,장수,2022-12,3종,3043
169,장수,2022-12,4종,3261
169,장수,2022-12,5종,2839
169,장수,2022-12,6종,2894
170,서상,2022-12,1종,51405
170,서상,2022-12,2종,1395
170,서상,2022-12,3종,3129
170,서상,2022-12,4종,4150
170,서상,2022-12,5종,3434
170,서상,2022-12,6종,2015
171,마성,2022-12,1종,433198
171,마성,2022-12,2종,8262
171,마성,2022-12,3종,18254
171,마성,2022-12,4종,6978
171,마성,2022-12,5종,2420
171,마성,2022-12,6종,19388
172,용인,2022-12,1종,941137
172,용인,2022-12,2종,51249
172,용인,2022-12,3종,36487
172,용인,2022-12,4종,34362
172,용인,2022-12,5종,23812
172,용인,2022-12,6종,57675
173,양지,2022-12,1종,900948
173,양지,2022-12,2종,84251
173,양지,2022-12,3종,55562
173,양지,2022-12,4종,74381
173,양지,2022-12,5종,58156
173,양지,2022-12,6종,44088
174,춘천,2022-12,1종,873714
174,춘천,2022-12,2종,19038
174,춘천,2022-12,3종,21426
174,춘천,2022-12,4종,12236
174,춘천,2022-12,5종,11800
174,춘천,2022-12,6종,47903
175,덕평,2022-12,1종,412966
175,덕평,2022-12,2종,43142
175,덕평,2022-12,3종,31524
175,덕평,2022-12,4종,46980
175,덕평,2022-12,5종,30725
175,덕평,2022-12,6종,22480
176,이천,2022-12,1종,557439
176,이천,2022-12,2종,28793
176,이천,2022-12,3종,50661
176,이천,2022-12,4종,51037
176,이천,2022-12,5종,47622
176,이천,2022-12,6종,26585
177,여주,2022-12,1종,296397
177,여주,2022-12,2종,10295
177,여주,2022-12,3종,28423
177,여주,2022-12,4종,26802
177,여주,2022-12,5종,19532
177,여주,2022-12,6종,12097
178,문막,2022-12,1종,252916
178,문막,2022-12,2종,18838
178,문막,2022-12,3종,22820
178,문막,2022-12,4종,16020
178,문막,2022-12,5종,21460
178,문막,2022-12,6종,13146
179,홍천,2022-12,1종,384178
179,홍천,2022-12,2종,9478
179,홍천,2022-12,3종,13335
179,홍천,2022-12,4종,8734
179,홍천,2022-12,5종,10903
179,홍천,2022-12,6종,22685
180,원주,2022-12,1종,343363
180,원주,2022-12,2종,17088
180,원주,2022-12,3종,18023
180,원주,2022-12,4종,18662
180,원주,2022-12,5종,16263
180,원주,2022-12,6종,17375
181,새말,2022-12,1종,189862
181,새말,2022-12,2종,7566
181,새말,2022-12,3종,9701
181,새말,2022-12,4종,7944
181,새말,2022-12,5종,7382
181,새말,2022-12,6종,7367
182,둔내,2022-12,1종,151757
182,둔내,2022-12,2종,2797
182,둔내,2022-12,3종,4608
182,둔내,2022-12,4종,2463
182,둔내,2022-12,5종,1975
182,둔내,2022-12,6종,5536
183,면온,2022-12,1종,109182
183,면온,2022-12,2종,1037
183,면온,2022-12,3종,1369
183,면온,2022-12,4종,709
183,면온,2022-12,5종,1244
183,면온,2022-12,6종,3214
184,대관령,2022-12,1종,251370
184,대관령,2022-12,2종,4810
184,대관령,2022-12,3종,9410
184,대관령,2022-12,4종,1606
184,대관령,2022-12,5종,1944
184,대관령,2022-12,6종,9362
185,평창,2022-12,1종,103867
185,평창,2022-12,2종,2494
185,평창,2022-12,3종,5916
185,평창,2022-12,4종,2196
185,평창,2022-12,5종,5128
185,평창,2022-12,6종,3901
186,속사,2022-12,1종,36853
186,속사,2022-12,2종,729
186,속사,2022-12,3종,847
186,속사,2022-12,4종,755
186,속사,2022-12,5종,1070
186,속사,2022-12,6종,1068
187,진부,2022-12,1종,129060
187,진부,2022-12,2종,3003
187,진부,2022-12,3종,4823
187,진부,2022-12,4종,2243
187,진부,2022-12,5종,2919
187,진부,2022-12,6종,4689
188,서충주,2022-12,1종,146660
188,서충주,2022-12,2종,6051
188,서충주,2022-12,3종,11665
188,서충주,2022-12,4종,15134
188,서충주,2022-12,5종,16063
188,서충주,2022-12,6종,5798
189,강릉,2022-12,1종,654856
189,강릉,2022-12,2종,16225
189,강릉,2022-12,3종,29210
189,강릉,2022-12,4종,10944
189,강릉,2022-12,5종,18855
189,강릉,2022-12,6종,29350
190,동서울,2022-12,1종,3394590
190,동서울,2022-12,2종,161545
190,동서울,2022-12,3종,154193
190,동서울,2022-12,4종,140586
190,동서울,2022-12,5종,105429
190,동서울,2022-12,6종,146593
191,경기광주,2022-12,1종,743027
191,경기광주,2022-12,2종,37283
191,경기광주,2022-12,3종,26986
191,경기광주,2022-12,4종,21894
191,경기광주,2022-12,5종,16941
191,경기광주,2022-12,6종,44239
192,곤지암,2022-12,1종,780026
192,곤지암,2022-12,2종,65616
192,곤지암,2022-12,3종,39505
192,곤지암,2022-12,4종,52755
192,곤지암,2022-12,5종,38805
192,곤지암,2022-12,6종,42002
193,일죽,2022-12,1종,350262
193,일죽,2022-12,2종,26962
193,일죽,2022-12,3종,33738
193,일죽,2022-12,4종,49106
193,일죽,2022-12,5종,31457
193,일죽,2022-12,6종,14406
194,서이천,2022-12,1종,464929
194,서이천,2022-12,2종,54915
194,서이천,2022-12,3종,38507
194,서이천,2022-12,4종,42698
194,서이천,2022-12,5종,22304
194,서이천,2022-12,6종,23860
195,대소,2022-12,1종,229309
195,대소,2022-12,2종,23339
195,대소,2022-12,3종,35939
195,대소,2022-12,4종,43704
195,대소,2022-12,5종,34670
195,대소,2022-12,6종,10203
196,진천,2022-12,1종,305472
196,진천,2022-12,2종,17198
196,진천,2022-12,3종,23745
196,진천,2022-12,4종,31282
196,진천,2022-12,5종,35621
196,진천,2022-12,6종,12817
197,증평,2022-12,1종,316038
197,증평,2022-12,2종,15028
197,증평,2022-12,3종,22703
197,증평,2022-12,4종,33654
197,증평,2022-12,5종,32446
197,증평,2022-12,6종,12181
198,서청주,2022-12,1종,707504
198,서청주,2022-12,2종,24883
198,서청주,2022-12,3종,29389
198,서청주,2022-12,4종,25977
198,서청주,2022-12,5종,23488
198,서청주,2022-12,6종,30051
199,오창,2022-12,1종,470199
199,오창,2022-12,2종,13853
199,오창,2022-12,3종,23694
199,오창,2022-12,4종,20015
199,오창,2022-12,5종,23378
199,오창,2022-12,6종,18677
200,금산,2022-12,1종,147002
200,금산,2022-12,2종,2862
200,금산,2022-12,3종,6887
200,금산,2022-12,4종,3875
200,금산,2022-12,5종,7611
200,금산,2022-12,6종,6930
201,칠곡,2022-12,1종,539529
201,칠곡,2022-12,2종,14828
201,칠곡,2022-12,3종,14116
201,칠곡,2022-12,4종,9015
201,칠곡,2022-12,5종,16785
201,칠곡,2022-12,6종,27268
202,다부,2022-12,1종,124136
202,다부,2022-12,2종,6729
202,다부,2022-12,3종,4871
202,다부,2022-12,4종,4702
202,다부,2022-12,5종,11623
202,다부,2022-12,6종,4600
203,가산,2022-12,1종,560795
203,가산,2022-12,2종,17679
203,가산,2022-12,3종,19409
203,가산,2022-12,4종,17189
203,가산,2022-12,5종,43229
203,가산,2022-12,6종,22546
204,추부,2022-12,1종,197516
204,추부,2022-12,2종,6525
204,추부,2022-12,3종,6725
204,추부,2022-12,4종,6982
204,추부,2022-12,5종,6572
204,추부,2022-12,6종,10060
205,군위,2022-12,1종,182767
205,군위,2022-12,2종,4315
205,군위,2022-12,3종,5167
205,군위,2022-12,4종,4299
205,군위,2022-12,5종,5251
205,군위,2022-12,6종,6932
206,의성,2022-12,1종,167312
206,의성,2022-12,2종,3396
206,의성,2022-12,3종,4080
206,의성,2022-12,4종,2829
206,의성,2022-12,5종,4217
206,의성,2022-12,6종,5823
207,남안동,2022-12,1종,296629
207,남안동,2022-12,2종,7293
207,남안동,2022-12,3종,7480
207,남안동,2022-12,4종,6426
207,남안동,2022-12,5종,7847
207,남안동,2022-12,6종,9761
208,서안동,2022-12,1종,262906
208,서안동,2022-12,2종,5948
208,서안동,2022-12,3종,14900
208,서안동,2022-12,4종,7626
208,서안동,2022-12,5종,11360
208,서안동,2022-12,6종,7693
209,예천,2022-12,1종,24899
209,예천,2022-12,2종,613
209,예천,2022-12,3종,514
209,예천,2022-12,4종,674
209,예천,2022-12,5종,938
209,예천,2022-12,6종,845
210,영주,2022-12,1종,196800
210,영주,2022-12,2종,4872
210,영주,2022-12,3종,8467
210,영주,2022-12,4종,7653
210,영주,2022-12,5종,20055
210,영주,2022-12,6종,5669
211,풍기,2022-12,1종,218346
211,풍기,2022-12,2종,4157
211,풍기,2022-12,3종,9646
211,풍기,2022-12,4종,6486
211,풍기,2022-12,5종,11502
211,풍기,2022-12,6종,6397
212,북수원,2022-12,1종,1192406
212,북수원,2022-12,2종,30196
212,북수원,2022-12,3종,35538
212,북수원,2022-12,4종,22992
212,북수원,2022-12,5종,23118
212,북수원,2022-12,6종,59118
213,부곡,2022-12,1종,331918
213,부곡,2022-12,2종,13899
213,부곡,2022-12,3종,8203
213,부곡,2022-12,4종,11014
213,부곡,2022-12,5종,51568
213,부곡,2022-12,6종,20285
214,동군포,2022-12,1종,283071
214,동군포,2022-12,2종,14511
214,동군포,2022-12,3종,12394
214,동군포,2022-12,4종,31252
214,동군포,2022-12,5종,19960
214,동군포,2022-12,6종,15661
215,군포,2022-12,1종,707041
215,군포,2022-12,2종,21328
215,군포,2022-12,3종,19534
215,군포,2022-12,4종,13888
215,군포,2022-12,5종,14654
215,군포,2022-12,6종,41327
216,횡성,2022-12,1종,186914
216,횡성,2022-12,2종,6689
216,횡성,2022-12,3종,5811
216,횡성,2022-12,4종,5857
216,횡성,2022-12,5종,8134
216,횡성,2022-12,6종,9480
217,북원주,2022-12,1종,69949
217,북원주,2022-12,2종,3519
217,북원주,2022-12,3종,2574
217,북원주,2022-12,4종,3172
217,북원주,2022-12,5종,2350
217,북원주,2022-12,6종,3262
218,남원주,2022-12,1종,690797
218,남원주,2022-12,2종,13496
218,남원주,2022-12,3종,25186
218,남원주,2022-12,4종,8777
218,남원주,2022-12,5종,14197
218,남원주,2022-12,6종,32020
219,신림,2022-12,1종,118254
219,신림,2022-12,2종,2672
219,신림,2022-12,3종,1750
219,신림,2022-12,4종,2286
219,신림,2022-12,5종,11395
219,신림,2022-12,6종,4532
220,덕평휴게소,2022-12,1종,5780
220,덕평휴게소,2022-12,2종,222
220,덕평휴게소,2022-12,3종,52
220,덕평휴게소,2022-12,4종,14
220,덕평휴게소,2022-12,5종,24
220,덕평휴게소,2022-12,6종,344
221,생초,2022-12,1종,58206
221,생초,2022-12,2종,1389
221,생초,2022-12,3종,2802
221,생초,2022-12,4종,3195
221,생초,2022-12,5종,7350
221,생초,2022-12,6종,1759
222,산청,2022-12,1종,61613
222,산청,2022-12,2종,1493
222,산청,2022-12,3종,2194
222,산청,2022-12,4종,2197
222,산청,2022-12,5종,3425
222,산청,2022-12,6종,2141
223,단성,2022-12,1종,94620
223,단성,2022-12,2종,1775
223,단성,2022-12,3종,3978
223,단성,2022-12,4종,3967
223,단성,2022-12,5종,4563
223,단성,2022-12,6종,3486
224,함양,2022-12,1종,116417
224,함양,2022-12,2종,2958
224,함양,2022-12,3종,5852
224,함양,2022-12,4종,2787
224,함양,2022-12,5종,2537
224,함양,2022-12,6종,5276
225,서진주,2022-12,1종,317641
225,서진주,2022-12,2종,6944
225,서진주,2022-12,3종,7889
225,서진주,2022-12,4종,5956
225,서진주,2022-12,5종,21092
225,서진주,2022-12,6종,14360
226,금강휴게소,2022-12,1종,10829
226,금강휴게소,2022-12,2종,425
226,금강휴게소,2022-12,3종,380
226,금강휴게소,2022-12,4종,502
226,금강휴게소,2022-12,5종,232
226,금강휴게소,2022-12,6종,403
227,군산,2022-12,1종,227826
227,군산,2022-12,2종,4087
227,군산,2022-12,3종,12786
227,군산,2022-12,4종,8475
227,군산,2022-12,5종,14011
227,군산,2022-12,6종,6376
228,동군산,2022-12,1종,212967
228,동군산,2022-12,2종,7026
228,동군산,2022-12,3종,12090
228,동군산,2022-12,4종,11524
228,동군산,2022-12,5종,23539
228,동군산,2022-12,6종,5172
229,북천안,2022-12,1종,604583
229,북천안,2022-12,2종,28945
229,북천안,2022-12,3종,39372
229,북천안,2022-12,4종,50570
229,북천안,2022-12,5종,47354
229,북천안,2022-12,6종,28680
230,팔공산,2022-12,1종,716801
230,팔공산,2022-12,2종,20573
230,팔공산,2022-12,3종,15642
230,팔공산,2022-12,4종,11134
230,팔공산,2022-12,5종,11427
230,팔공산,2022-12,6종,32995
231,화원옥포,2022-12,1종,694499
231,화원옥포,2022-12,2종,24154
231,화원옥포,2022-12,3종,19302
231,화원옥포,2022-12,4종,14867
231,화원옥포,2022-12,5종,19824
231,화원옥포,2022-12,6종,41128
232,달성,2022-12,1종,213083
232,달성,2022-12,2종,12429
232,달성,2022-12,3종,16928
232,달성,2022-12,4종,8669
232,달성,2022-12,5종,8383
232,달성,2022-12,6종,12496
233,현풍,2022-12,1종,602933
233,현풍,2022-12,2종,30034
233,현풍,2022-12,3종,40216
233,현풍,2022-12,4종,36739
233,현풍,2022-12,5종,48760
233,현풍,2022-12,6종,30155
234,서천,2022-12,1종,165936
234,서천,2022-12,2종,4027
234,서천,2022-12,3종,6420
234,서천,2022-12,4종,8839
234,서천,2022-12,5종,25273
234,서천,2022-12,6종,5043
235,창녕,2022-12,1종,140217
235,창녕,2022-12,2종,4839
235,창녕,2022-12,3종,7541
235,창녕,2022-12,4종,4752
235,창녕,2022-12,5종,7507
235,창녕,2022-12,6종,5588
236,영산,2022-12,1종,138722
236,영산,2022-12,2종,6573
236,영산,2022-12,3종,7668
236,영산,2022-12,4종,10001
236,영산,2022-12,5종,16231
236,영산,2022-12,6종,4910
237,남지,2022-12,1종,129770
237,남지,2022-12,2종,6149
237,남지,2022-12,3종,13472
237,남지,2022-12,4종,14334
237,남지,2022-12,5종,25321
237,남지,2022-12,6종,7483
238,칠서,2022-12,1종,203529
238,칠서,2022-12,2종,15006
238,칠서,2022-12,3종,20606
238,칠서,2022-12,4종,24371
238,칠서,2022-12,5종,47557
238,칠서,2022-12,6종,10188
239,칠원,2022-12,1종,558049
239,칠원,2022-12,2종,16802
239,칠원,2022-12,3종,32201
239,칠원,2022-12,4종,30650
239,칠원,2022-12,5종,39481
239,칠원,2022-12,6종,21847
240,제천,2022-12,1종,543637
240,제천,2022-12,2종,12954
240,제천,2022-12,3종,17884
240,제천,2022-12,4종,12096
240,제천,2022-12,5종,30522
240,제천,2022-12,6종,19711
241,동고령,2022-12,1종,318655
241,동고령,2022-12,2종,15020
241,동고령,2022-12,3종,16883
241,동고령,2022-12,4종,27436
241,동고령,2022-12,5종,28068
241,동고령,2022-12,6종,13745
242,고령,2022-12,1종,255998
242,고령,2022-12,2종,6459
242,고령,2022-12,3종,9697
242,고령,2022-12,4종,7890
242,고령,2022-12,5종,23511
242,고령,2022-12,6종,10473
243,해인사,2022-12,1종,110579
243,해인사,2022-12,2종,2092
243,해인사,2022-12,3종,2383
243,해인사,2022-12,4종,1805
243,해인사,2022-12,5종,2078
243,해인사,2022-12,6종,6315
244,서부산,2022-12,1종,1513481
244,서부산,2022-12,2종,30006
244,서부산,2022-12,3종,56632
244,서부산,2022-12,4종,33299
244,서부산,2022-12,5종,70567
244,서부산,2022-12,6종,80614
245,장유,2022-12,1종,1645925
245,장유,2022-12,2종,33913
245,장유,2022-12,3종,51685
245,장유,2022-12,4종,29018
245,장유,2022-12,5종,38096
245,장유,2022-12,6종,103015
246,가락,2022-12,1종,22099
246,가락,2022-12,2종,2366
246,가락,2022-12,3종,4004
246,가락,2022-12,4종,6849
246,가락,2022-12,5종,9102
246,가락,2022-12,6종,861
247,남원,2022-12,1종,169967
247,남원,2022-12,2종,4734
247,남원,2022-12,3종,6332
247,남원,2022-12,4종,5159
247,남원,2022-12,5종,8156
247,남원,2022-12,6종,6770
248,순창,2022-12,1종,156877
248,순창,2022-12,2종,3581
248,순창,2022-12,3종,4437
248,순창,2022-12,4종,4161
248,순창,2022-12,5종,6113
248,순창,2022-12,6종,5560
249,담양,2022-12,1종,191011
249,담양,2022-12,2종,4238
249,담양,2022-12,3종,9637
249,담양,2022-12,4종,4049
249,담양,2022-12,5종,6090
249,담양,2022-12,6종,5965
250,남양산,2022-12,1종,1398248
250,남양산,2022-12,2종,37538
250,남양산,2022-12,3종,44836
250,남양산,2022-12,4종,20367
250,남양산,2022-12,5종,22845
250,남양산,2022-12,6종,95210
251,물금,2022-12,1종,717022
251,물금,2022-12,2종,48500
251,물금,2022-12,3종,21949
251,물금,2022-12,4종,41738
251,물금,2022-12,5종,66703
251,물금,2022-12,6종,46859
252,대동,2022-12,1종,2527402
252,대동,2022-12,2종,103963
252,대동,2022-12,3종,84746
252,대동,2022-12,4종,93818
252,대동,2022-12,5종,270700
252,대동,2022-12,6종,126622
253,서서울,2022-12,1종,4886631
253,서서울,2022-12,2종,143042
253,서서울,2022-12,3종,130455
253,서서울,2022-12,4종,160221
253,서서울,2022-12,5종,162930
253,서서울,2022-12,6종,240934
254,군자,2022-12,1종,2397598
254,군자,2022-12,2종,87925
254,군자,2022-12,3종,75962
254,군자,2022-12,4종,91937
254,군자,2022-12,5종,143039
254,군자,2022-12,6종,129212
255,서안산,2022-12,1종,1892537
255,서안산,2022-12,2종,71814
255,서안산,2022-12,3종,62323
255,서안산,2022-12,4종,66370
255,서안산,2022-12,5종,55433
255,서안산,2022-12,6종,108577
256,안산,2022-12,1종,891898
256,안산,2022-12,2종,21821
256,안산,2022-12,3종,14874
256,안산,2022-12,4종,8090
256,안산,2022-12,5종,8442
256,안산,2022-12,6종,59631
257,홍성,2022-12,1종,185073
257,홍성,2022-12,2종,3822
257,홍성,2022-12,3종,6470
257,홍성,2022-12,4종,5593
257,홍성,2022-12,5종,9826
257,홍성,2022-12,6종,5807
258,광천,2022-12,1종,138163
258,광천,2022-12,2종,4813
258,광천,2022-12,3종,7960
258,광천,2022-12,4종,8236
258,광천,2022-12,5종,16535
258,광천,2022-12,6종,4276
259,대천,2022-12,1종,231114
259,대천,2022-12,2종,4869
259,대천,2022-12,3종,8838
259,대천,2022-12,4종,3419
259,대천,2022-12,5종,5980
259,대천,2022-12,6종,7140
260,춘장대,2022-12,1종,43378
260,춘장대,2022-12,2종,1189
260,춘장대,2022-12,3종,1243
260,춘장대,2022-12,4종,1742
260,춘장대,2022-12,5종,3454
260,춘장대,2022-12,6종,1198
261,동광주,2022-12,1종,1181966
261,동광주,2022-12,2종,25711
261,동광주,2022-12,3종,48965
261,동광주,2022-12,4종,25755
261,동광주,2022-12,5종,34811
261,동광주,2022-12,6종,34972
262,창평,2022-12,1종,133556
262,창평,2022-12,2종,5826
262,창평,2022-12,3종,3028
262,창평,2022-12,4종,4333
262,창평,2022-12,5종,2937
262,창평,2022-12,6종,4287
263,옥과,2022-12,1종,222554
263,옥과,2022-12,2종,3723
263,옥과,2022-12,3종,9178
263,옥과,2022-12,4종,2951
263,옥과,2022-12,5종,6127
263,옥과,2022-12,6종,8198
264,동남원,2022-12,1종,34622
264,동남원,2022-12,2종,913
264,동남원,2022-12,3종,1350
264,동남원,2022-12,4종,1252
264,동남원,2022-12,5종,869
264,동남원,2022-12,6종,1071
265,곡성,2022-12,1종,140273
265,곡성,2022-12,2종,2866
265,곡성,2022-12,3종,3987
265,곡성,2022-12,4종,3476
265,곡성,2022-12,5종,5872
265,곡성,2022-12,6종,4637
266,석곡,2022-12,1종,47614
266,석곡,2022-12,2종,1282
266,석곡,2022-12,3종,1412
266,석곡,2022-12,4종,1490
266,석곡,2022-12,5종,1861
266,석곡,2022-12,6종,1348
267,주암송광사,2022-12,1종,122215
267,주암송광사,2022-12,2종,2636
267,주암송광사,2022-12,3종,2492
267,주암송광사,2022-12,4종,2134
267,주암송광사,2022-12,5종,4836
267,주암송광사,2022-12,6종,3947
268,승주,2022-12,1종,50346
268,승주,2022-12,2종,1192
268,승주,2022-12,3종,983
268,승주,2022-12,4종,1106
268,승주,2022-12,5종,1507
268,승주,2022-12,6종,2031
269,지리산,2022-12,1종,84173
269,지리산,2022-12,2종,1719
269,지리산,2022-12,3종,2386
269,지리산,2022-12,4종,3329
269,지리산,2022-12,5종,1628
269,지리산,2022-12,6종,3611
270,서순천,2022-12,1종,154854
270,서순천,2022-12,2종,4902
270,서순천,2022-12,3종,5691
270,서순천,2022-12,4종,1888
270,서순천,2022-12,5종,3727
270,서순천,2022-12,6종,4865
271,순천,2022-12,1종,570275
271,순천,2022-12,2종,14209
271,순천,2022-12,3종,12269
271,순천,2022-12,4종,8576
271,순천,2022-12,5종,27074
271,순천,2022-12,6종,15687
272,광양,2022-12,1종,328394
272,광양,2022-12,2종,6973
272,광양,2022-12,3종,16012
272,광양,2022-12,4종,17918
272,광양,2022-12,5종,59575
272,광양,2022-12,6종,9699
273,동광양,2022-12,1종,150493
273,동광양,2022-12,2종,2733
273,동광양,2022-12,3종,2691
273,동광양,2022-12,4종,5582
273,동광양,2022-12,5종,37292
273,동광양,2022-12,6종,5543
274,가조,2022-12,1종,77315
274,가조,2022-12,2종,2878
274,가조,2022-12,3종,3901
274,가조,2022-12,4종,2532
274,가조,2022-12,5종,1557
274,가조,2022-12,6종,3201
275,옥곡,2022-12,1종,172749
275,옥곡,2022-12,2종,4610
275,옥곡,2022-12,3종,8324
275,옥곡,2022-12,4종,11443
275,옥곡,2022-12,5종,56095
275,옥곡,2022-12,6종,5617
276,진월,2022-12,1종,63867
276,진월,2022-12,2종,1192
276,진월,2022-12,3종,1926
276,진월,2022-12,4종,3456
276,진월,2022-12,5종,46190
276,진월,2022-12,6종,2000
277,하동,2022-12,1종,221398
277,하동,2022-12,2종,3759
277,하동,2022-12,3종,5557
277,하동,2022-12,4종,5198
277,하동,2022-12,5종,49965
277,하동,2022-12,6종,8294
278,진교,2022-12,1종,197170
278,진교,2022-12,2종,3370
278,진교,2022-12,3종,8291
278,진교,2022-12,4종,2251
278,진교,2022-12,5종,7273
278,진교,2022-12,6종,9440
279,곤양,2022-12,1종,132589
279,곤양,2022-12,2종,3054
279,곤양,2022-12,3종,5238
279,곤양,2022-12,4종,3602
279,곤양,2022-12,5종,9865
279,곤양,2022-12,6종,5354
280,거창,2022-12,1종,254283
280,거창,2022-12,2종,8432
280,거창,2022-12,3종,17493
280,거창,2022-12,4종,6368
280,거창,2022-12,5종,9564
280,거창,2022-12,6종,10487
281,매송,2022-12,1종,554544
281,매송,2022-12,2종,13842
281,매송,2022-12,3종,14245
281,매송,2022-12,4종,8175
281,매송,2022-12,5종,14886
281,매송,2022-12,6종,29440
282,비봉,2022-12,1종,614106
282,비봉,2022-12,2종,25660
282,비봉,2022-12,3종,25609
282,비봉,2022-12,4종,19452
282,비봉,2022-12,5종,46826
282,비봉,2022-12,6종,31125
283,발안,2022-12,1종,577692
283,발안,2022-12,2종,29475
283,발안,2022-12,3종,25986
283,발안,2022-12,4종,25153
283,발안,2022-12,5종,31268
283,발안,2022-12,6종,31805
284,남양양,2022-12,1종,109993
284,남양양,2022-12,2종,2297
284,남양양,2022-12,3종,2275
284,남양양,2022-12,4종,1004
284,남양양,2022-12,5종,3610
284,남양양,2022-12,6종,3770
285,서평택,2022-12,1종,514949
285,서평택,2022-12,2종,27064
285,서평택,2022-12,3종,51920
285,서평택,2022-12,4종,79193
285,서평택,2022-12,5종,155464
285,서평택,2022-12,6종,31705
286,통도사휴게소,2022-12,1종,146139
286,통도사휴게소,2022-12,2종,2507
286,통도사휴게소,2022-12,3종,2244
286,통도사휴게소,2022-12,4종,6
286,통도사휴게소,2022-12,5종,14
286,통도사휴게소,2022-12,6종,6604
287,송악,2022-12,1종,500106
287,송악,2022-12,2종,14642
287,송악,2022-12,3종,25602
287,송악,2022-12,4종,27276
287,송악,2022-12,5종,162363
287,송악,2022-12,6종,23770
288,당진,2022-12,1종,459684
288,당진,2022-12,2종,11579
288,당진,2022-12,3종,23587
288,당진,2022-12,4종,17682
288,당진,2022-12,5종,58251
288,당진,2022-12,6종,20759
289,마산,2022-12,1종,1186167
289,마산,2022-12,2종,30185
289,마산,2022-12,3종,48308
289,마산,2022-12,4종,20435
289,마산,2022-12,5종,30717
289,마산,2022-12,6종,62139
290,축동,2022-12,1종,47292
290,축동,2022-12,2종,2672
290,축동,2022-12,3종,1741
290,축동,2022-12,4종,5193
290,축동,2022-12,5종,7086
290,축동,2022-12,6종,2642
291,사천,2022-12,1종,749357
291,사천,2022-12,2종,23379
291,사천,2022-12,3종,24488
291,사천,2022-12,4종,20012
291,사천,2022-12,5종,37075
291,사천,2022-12,6종,39310
292,진주,2022-12,1종,728252
292,진주,2022-12,2종,16951
292,진주,2022-12,3종,33328
292,진주,2022-12,4종,12191
292,진주,2022-12,5종,24228
292,진주,2022-12,6종,40480
293,문산,2022-12,1종,339389
293,문산,2022-12,2종,7424
293,문산,2022-12,3종,8711
293,문산,2022-12,4종,5190
293,문산,2022-12,5종,7376
293,문산,2022-12,6종,18125
294,북창원,2022-12,1종,347824
294,북창원,2022-12,2종,8576
294,북창원,2022-12,3종,7733
294,북창원,2022-12,4종,8709
294,북창원,2022-12,5종,14210
294,북창원,2022-12,6종,18754
295,진성,2022-12,1종,203091
295,진성,2022-12,2종,6469
295,진성,2022-12,3종,8414
295,진성,2022-12,4종,7629
295,진성,2022-12,5종,16756
295,진성,2022-12,6종,8313
296,지수,2022-12,1종,62279
296,지수,2022-12,2종,2340
296,지수,2022-12,3종,3436
296,지수,2022-12,4종,3741
296,지수,2022-12,5종,4553
296,지수,2022-12,6종,3927
297,동충주,2022-12,1종,224701
297,동충주,2022-12,2종,7080
297,동충주,2022-12,3종,10588
297,동충주,2022-12,4종,14132
297,동충주,2022-12,5종,36558
297,동충주,2022-12,6종,7192
298,서산,2022-12,1종,644899
298,서산,2022-12,2종,16483
298,서산,2022-12,3종,36234
298,서산,2022-12,4종,35009
298,서산,2022-12,5종,62673
298,서산,2022-12,6종,23420
299,해미,2022-12,1종,130706
299,해미,2022-12,2종,4091
299,해미,2022-12,3종,6853
299,해미,2022-12,4종,5126
299,해미,2022-12,5종,11299
299,해미,2022-12,6종,5300
500,남여주,2022-12,1종,206066
500,남여주,2022-12,2종,5960
500,남여주,2022-12,3종,10042
500,남여주,2022-12,4종,13471
500,남여주,2022-12,5종,18514
500,남여주,2022-12,6종,7884
501,서김제,2022-12,1종,51635
501,서김제,2022-12,2종,1662
501,서김제,2022-12,3종,3728
501,서김제,2022-12,4종,4530
501,서김제,2022-12,5종,3110
501,서김제,2022-12,6종,1185
502,부안,2022-12,1종,116438
502,부안,2022-12,2종,3557
502,부안,2022-12,3종,7463
502,부안,2022-12,4종,5455
502,부안,2022-12,5종,7720
502,부안,2022-12,6종,2619
503,줄포,2022-12,1종,50964
503,줄포,2022-12,2종,1135
503,줄포,2022-12,3종,2157
503,줄포,2022-12,4종,2148
503,줄포,2022-12,5종,2144
503,줄포,2022-12,6종,994
504,선운산,2022-12,1종,89140
504,선운산,2022-12,2종,2642
504,선운산,2022-12,3종,7450
504,선운산,2022-12,4종,10056
504,선운산,2022-12,5종,10188
504,선운산,2022-12,6종,2190
505,고창,2022-12,1종,93620
505,고창,2022-12,2종,2251
505,고창,2022-12,3종,3848
505,고창,2022-12,4종,3663
505,고창,2022-12,5종,2632
505,고창,2022-12,6종,2476
506,영광,2022-12,1종,93694
506,영광,2022-12,2종,2265
506,영광,2022-12,3종,6342
506,영광,2022-12,4종,6950
506,영광,2022-12,5종,5076
506,영광,2022-12,6종,2324
507,함평,2022-12,1종,54764
507,함평,2022-12,2종,1459
507,함평,2022-12,3종,3506
507,함평,2022-12,4종,5946
507,함평,2022-12,5종,7014
507,함평,2022-12,6종,1398
508,무안,2022-12,1종,203112
508,무안,2022-12,2종,4978
508,무안,2022-12,3종,6528
508,무안,2022-12,4종,8133
508,무안,2022-12,5종,10801
508,무안,2022-12,6종,6464
509,목포,2022-12,1종,828589
509,목포,2022-12,2종,18885
509,목포,2022-12,3종,30500
509,목포,2022-12,4종,41482
509,목포,2022-12,5종,50906
509,목포,2022-12,6종,21943
510,양양,2022-12,1종,225292
510,양양,2022-12,2종,3444
510,양양,2022-12,3종,6766
510,양양,2022-12,4종,2961
510,양양,2022-12,5종,5718
510,양양,2022-12,6종,7324
511,무창포,2022-12,1종,93649
511,무창포,2022-12,2종,2072
511,무창포,2022-12,3종,4171
511,무창포,2022-12,4종,2464
511,무창포,2022-12,5종,8927
511,무창포,2022-12,6종,2292
512,연화산,2022-12,1종,43702
512,연화산,2022-12,2종,1412
512,연화산,2022-12,3종,1085
512,연화산,2022-12,4종,1161
512,연화산,2022-12,5종,2395
512,연화산,2022-12,6종,2495
513,고성,2022-12,1종,426059
513,고성,2022-12,2종,8984
513,고성,2022-12,3종,15775
513,고성,2022-12,4종,8670
513,고성,2022-12,5종,17208
513,고성,2022-12,6종,24610
514,동고성,2022-12,1종,125388
514,동고성,2022-12,2종,2863
514,동고성,2022-12,3종,5637
514,동고성,2022-12,4종,4647
514,동고성,2022-12,5종,14337
514,동고성,2022-12,6종,11142
515,북통영,2022-12,1종,209533
515,북통영,2022-12,2종,4066
515,북통영,2022-12,3종,10765
515,북통영,2022-12,4종,1937
515,북통영,2022-12,5종,2836
515,북통영,2022-12,6종,11540
516,통영,2022-12,1종,579671
516,통영,2022-12,2종,11675
516,통영,2022-12,3종,22796
516,통영,2022-12,4종,10827
516,통영,2022-12,5종,22082
516,통영,2022-12,6종,34679
517,양평,2022-12,1종,162146
517,양평,2022-12,2종,4373
517,양평,2022-12,3종,5832
517,양평,2022-12,4종,7152
517,양평,2022-12,5종,9755
517,양평,2022-12,6종,6617
518,칠곡물류,2022-12,1종,192818
518,칠곡물류,2022-12,2종,29975
518,칠곡물류,2022-12,3종,27299
518,칠곡물류,2022-12,4종,48910
518,칠곡물류,2022-12,5종,28425
518,칠곡물류,2022-12,6종,8787
519,남대구,2022-12,1종,1740133
519,남대구,2022-12,2종,45458
519,남대구,2022-12,3종,57476
519,남대구,2022-12,4종,36720
519,남대구,2022-12,5종,59667
519,남대구,2022-12,6종,93690
520,평택,2022-12,1종,945090
520,평택,2022-12,2종,39007
520,평택,2022-12,3종,79931
520,평택,2022-12,4종,60627
520,평택,2022-12,5종,72096
520,평택,2022-12,6종,41406
521,단양,2022-12,1종,65800
521,단양,2022-12,2종,1580
521,단양,2022-12,3종,1406
521,단양,2022-12,4종,1572
521,단양,2022-12,5종,11612
521,단양,2022-12,6종,2245
522,북단양,2022-12,1종,118661
522,북단양,2022-12,2종,2678
522,북단양,2022-12,3종,3299
522,북단양,2022-12,4종,7567
522,북단양,2022-12,5종,74870
522,북단양,2022-12,6종,3942
523,남제천,2022-12,1종,195280
523,남제천,2022-12,2종,4345
523,남제천,2022-12,3종,5719
523,남제천,2022-12,4종,7051
523,남제천,2022-12,5종,45926
523,남제천,2022-12,6종,5560
524,청통와촌,2022-12,1종,291584
524,청통와촌,2022-12,2종,18442
524,청통와촌,2022-12,3종,13435
524,청통와촌,2022-12,4종,10174
524,청통와촌,2022-12,5종,14050
524,청통와촌,2022-12,6종,10984
525,북영천,2022-12,1종,180546
525,북영천,2022-12,2종,4435
525,북영천,2022-12,3종,4534
525,북영천,2022-12,4종,4117
525,북영천,2022-12,5종,8267
525,북영천,2022-12,6종,6203
526,서포항,2022-12,1종,95219
526,서포항,2022-12,2종,1898
526,서포항,2022-12,3종,1937
526,서포항,2022-12,4종,1393
526,서포항,2022-12,5종,12937
526,서포항,2022-12,6종,4640
527,포항,2022-12,1종,858955
527,포항,2022-12,2종,16852
527,포항,2022-12,3종,22689
527,포항,2022-12,4종,15678
527,포항,2022-12,5종,68707
527,포항,2022-12,6종,27986
528,기흥동탄,2022-12,1종,1262475
528,기흥동탄,2022-12,2종,19959
528,기흥동탄,2022-12,3종,117632
528,기흥동탄,2022-12,4종,23174
528,기흥동탄,2022-12,5종,22281
528,기흥동탄,2022-12,6종,60103
529,노포,2022-12,1종,181776
529,노포,2022-12,2종,6790
529,노포,2022-12,3종,22866
529,노포,2022-12,4종,5194
529,노포,2022-12,5종,4563
529,노포,2022-12,6종,9795
530,내장산,2022-12,1종,79769
530,내장산,2022-12,2종,3230
530,내장산,2022-12,3종,4053
530,내장산,2022-12,4종,4273
530,내장산,2022-12,5종,3178
530,내장산,2022-12,6종,2114
531,문의청남대,2022-12,1종,192124
531,문의청남대,2022-12,2종,4408
531,문의청남대,2022-12,3종,7334
531,문의청남대,2022-12,4종,10014
531,문의청남대,2022-12,5종,14197
531,문의청남대,2022-12,6종,6497
532,회인,2022-12,1종,43524
532,회인,2022-12,2종,1031
532,회인,2022-12,3종,907
532,회인,2022-12,4종,935
532,회인,2022-12,5종,1354
532,회인,2022-12,6종,1634
533,보은,2022-12,1종,136635
533,보은,2022-12,2종,4262
533,보은,2022-12,3종,5007
533,보은,2022-12,4종,6537
533,보은,2022-12,5종,6567
533,보은,2022-12,6종,5133
534,속리산,2022-12,1종,56611
534,속리산,2022-12,2종,1527
534,속리산,2022-12,3종,2483
534,속리산,2022-12,4종,2323
534,속리산,2022-12,5종,3420
534,속리산,2022-12,6종,2196
535,화서,2022-12,1종,58156
535,화서,2022-12,2종,1358
535,화서,2022-12,3종,2884
535,화서,2022-12,4종,3389
535,화서,2022-12,5종,5161
535,화서,2022-12,6종,2334
536,남상주,2022-12,1종,137717
536,남상주,2022-12,2종,4274
536,남상주,2022-12,3종,12660
536,남상주,2022-12,4종,9467
536,남상주,2022-12,5종,6654
536,남상주,2022-12,6종,5227
537,남김천,2022-12,1종,93005
537,남김천,2022-12,2종,3849
537,남김천,2022-12,3종,6534
537,남김천,2022-12,4종,7803
537,남김천,2022-12,5종,17560
537,남김천,2022-12,6종,3018
538,성주,2022-12,1종,103785
538,성주,2022-12,2종,5230
538,성주,2022-12,3종,8609
538,성주,2022-12,4종,8575
538,성주,2022-12,5종,11817
538,성주,2022-12,6종,3518
539,남성주,2022-12,1종,71779
539,남성주,2022-12,2종,5350
539,남성주,2022-12,3종,5599
539,남성주,2022-12,4종,6360
539,남성주,2022-12,5종,13147
539,남성주,2022-12,6종,1943
540,청북,2022-12,1종,503066
540,청북,2022-12,2종,36873
540,청북,2022-12,3종,48223
540,청북,2022-12,4종,61211
540,청북,2022-12,5종,62418
540,청북,2022-12,6종,27005
541,송탄,2022-12,1종,537428
541,송탄,2022-12,2종,29511
541,송탄,2022-12,3종,34590
541,송탄,2022-12,4종,41787
541,송탄,2022-12,5종,35654
541,송탄,2022-12,6종,31243
542,서안성,2022-12,1종,656697
542,서안성,2022-12,2종,29906
542,서안성,2022-12,3종,47804
542,서안성,2022-12,4종,77252
542,서안성,2022-12,5종,48099
542,서안성,2022-12,6종,32078
543,남안성,2022-12,1종,654139
543,남안성,2022-12,2종,44416
543,남안성,2022-12,3종,51713
543,남안성,2022-12,4종,65814
543,남안성,2022-12,5종,67947
543,남안성,2022-12,6종,33683
544,완주,2022-12,1종,265987
544,완주,2022-12,2종,8117
544,완주,2022-12,3종,15752
544,완주,2022-12,4종,20390
544,완주,2022-12,5종,51467
544,완주,2022-12,6종,6785
545,소양,2022-12,1종,159898
545,소양,2022-12,2종,3044
545,소양,2022-12,3종,10634
545,소양,2022-12,4종,4863
545,소양,2022-12,5종,6245
545,소양,2022-12,6종,4175
546,진안,2022-12,1종,59360
546,진안,2022-12,2종,1579
546,진안,2022-12,3종,4108
546,진안,2022-12,4종,2331
546,진안,2022-12,5종,2370
546,진안,2022-12,6종,1581
547,무안공항,2022-12,1종,37463
547,무안공항,2022-12,2종,393
547,무안공항,2022-12,3종,771
547,무안공항,2022-12,4종,781
547,무안공항,2022-12,5종,1731
547,무안공항,2022-12,6종,837
548,북무안,2022-12,1종,127201
548,북무안,2022-12,2종,2775
548,북무안,2022-12,3종,5138
548,북무안,2022-12,4종,8414
548,북무안,2022-12,5종,5896
548,북무안,2022-12,6종,2747
549,동함평,2022-12,1종,204749
549,동함평,2022-12,2종,3626
549,동함평,2022-12,3종,4499
549,동함평,2022-12,4종,3669
549,동함평,2022-12,5종,4504
549,동함평,2022-12,6종,5962
550,문평,2022-12,1종,46574
550,문평,2022-12,2종,958
550,문평,2022-12,3종,1070
550,문평,2022-12,4종,1614
550,문평,2022-12,5종,11025
550,문평,2022-12,6종,1247
551,나주,2022-12,1종,83666
551,나주,2022-12,2종,1877
551,나주,2022-12,3종,1678
551,나주,2022-12,4종,4173
551,나주,2022-12,5종,3532
551,나주,2022-12,6종,3484
552,서광산,2022-12,1종,326966
552,서광산,2022-12,2종,12878
552,서광산,2022-12,3종,12628
552,서광산,2022-12,4종,14194
552,서광산,2022-12,5종,15321
552,서광산,2022-12,6종,10322
553,동광산,2022-12,1종,1164572
553,동광산,2022-12,2종,24400
553,동광산,2022-12,3종,29178
553,동광산,2022-12,4종,29276
553,동광산,2022-12,5종,40638
553,동광산,2022-12,6종,33150
554,동홍천,2022-12,1종,289194
554,동홍천,2022-12,2종,4402
554,동홍천,2022-12,3종,7606
554,동홍천,2022-12,4종,4106
554,동홍천,2022-12,5종,5144
554,동홍천,2022-12,6종,11167
555,북진천,2022-12,1종,362319
555,북진천,2022-12,2종,29947
555,북진천,2022-12,3종,38630
555,북진천,2022-12,4종,48141
555,북진천,2022-12,5종,40466
555,북진천,2022-12,6종,15063
556,동순천,2022-12,1종,350205
556,동순천,2022-12,2종,5545
556,동순천,2022-12,3종,14456
556,동순천,2022-12,4종,15122
556,동순천,2022-12,5종,52011
556,동순천,2022-12,6종,7716
557,황전,2022-12,1종,104204
557,황전,2022-12,2종,1655
557,황전,2022-12,3종,1700
557,황전,2022-12,4종,1919
557,황전,2022-12,5종,5655
557,황전,2022-12,6종,3214
558,구례화엄사,2022-12,1종,107267
558,구례화엄사,2022-12,2종,2998
558,구례화엄사,2022-12,3종,3703
558,구례화엄사,2022-12,4종,4506
558,구례화엄사,2022-12,5종,7197
558,구례화엄사,2022-12,6종,2777
559,서남원,2022-12,1종,69793
559,서남원,2022-12,2종,2551
559,서남원,2022-12,3종,3707
559,서남원,2022-12,4종,4400
559,서남원,2022-12,5종,11254
559,서남원,2022-12,6종,2235
560,감곡,2022-12,1종,234756
560,감곡,2022-12,2종,8754
560,감곡,2022-12,3종,10570
560,감곡,2022-12,4종,12924
560,감곡,2022-12,5종,26230
560,감곡,2022-12,6종,8835
561,북충주,2022-12,1종,187567
561,북충주,2022-12,2종,5084
561,북충주,2022-12,3종,9146
561,북충주,2022-12,4종,5439
561,북충주,2022-12,5종,7881
561,북충주,2022-12,6종,6717
562,충주,2022-12,1종,150679
562,충주,2022-12,2종,3926
562,충주,2022-12,3종,9706
562,충주,2022-12,4종,13209
562,충주,2022-12,5종,11655
562,충주,2022-12,6종,4825
563,괴산,2022-12,1종,58384
563,괴산,2022-12,2종,1298
563,괴산,2022-12,3종,2516
563,괴산,2022-12,4종,3238
563,괴산,2022-12,5종,6010
563,괴산,2022-12,6종,1758
564,연풍,2022-12,1종,69398
564,연풍,2022-12,2종,2565
564,연풍,2022-12,3종,7006
564,연풍,2022-12,4종,11085
564,연풍,2022-12,5종,9173
564,연풍,2022-12,6종,1783
565,문경새재,2022-12,1종,96616
565,문경새재,2022-12,2종,2810
565,문경새재,2022-12,3종,5318
565,문경새재,2022-12,4종,5329
565,문경새재,2022-12,5종,5277
565,문경새재,2022-12,6종,2661
566,점촌함창,2022-12,1종,107543
566,점촌함창,2022-12,2종,2849
566,점촌함창,2022-12,3종,6873
566,점촌함창,2022-12,4종,4927
566,점촌함창,2022-12,5종,5736
566,점촌함창,2022-12,6종,3041
567,남고창,2022-12,1종,136096
567,남고창,2022-12,2종,3109
567,남고창,2022-12,3종,4684
567,남고창,2022-12,4종,3488
567,남고창,2022-12,5종,4716
567,남고창,2022-12,6종,4118
568,장성물류,2022-12,1종,39776
568,장성물류,2022-12,2종,6913
568,장성물류,2022-12,3종,3806
568,장성물류,2022-12,4종,6283
568,장성물류,2022-12,5종,10002
568,장성물류,2022-12,6종,961
569,북광주,2022-12,1종,445098
569,북광주,2022-12,2종,17369
569,북광주,2022-12,3종,17516
569,북광주,2022-12,4종,28430
569,북광주,2022-12,5종,35374
569,북광주,2022-12,6종,12300
570,북상주,2022-12,1종,123303
570,북상주,2022-12,2종,4457
570,북상주,2022-12,3종,8590
570,북상주,2022-12,4종,13389
570,북상주,2022-12,5종,7384
570,북상주,2022-12,6종,3598
571,면천,2022-12,1종,103765
571,면천,2022-12,2종,2608
571,면천,2022-12,3종,3495
571,면천,2022-12,4종,4843
571,면천,2022-12,5종,9728
571,면천,2022-12,6종,3570
572,고덕,2022-12,1종,154429
572,고덕,2022-12,2종,4248
572,고덕,2022-12,3종,7933
572,고덕,2022-12,4종,6954
572,고덕,2022-12,5종,10051
572,고덕,2022-12,6종,5697
573,예산수덕사,2022-12,1종,350985
573,예산수덕사,2022-12,2종,10151
573,예산수덕사,2022-12,3종,12862
573,예산수덕사,2022-12,4종,18486
573,예산수덕사,2022-12,5종,22118
573,예산수덕사,2022-12,6종,11136
574,신양,2022-12,1종,68030
574,신양,2022-12,2종,1702
574,신양,2022-12,3종,2433
574,신양,2022-12,4종,2393
574,신양,2022-12,5종,4184
574,신양,2022-12,6종,2169
575,유구,2022-12,1종,100159
575,유구,2022-12,2종,2361
575,유구,2022-12,3종,2727
575,유구,2022-12,4종,3219
575,유구,2022-12,5종,3138
575,유구,2022-12,6종,3084
576,마곡사,2022-12,1종,51599
576,마곡사,2022-12,2종,1262
576,마곡사,2022-12,3종,1495
576,마곡사,2022-12,4종,1426
576,마곡사,2022-12,5종,1368
576,마곡사,2022-12,6종,1715
577,공주,2022-12,1종,179506
577,공주,2022-12,2종,5057
577,공주,2022-12,3종,9412
577,공주,2022-12,4종,4023
577,공주,2022-12,5종,5516
577,공주,2022-12,6종,6634
578,서세종,2022-12,1종,298912
578,서세종,2022-12,2종,9696
578,서세종,2022-12,3종,9669
578,서세종,2022-12,4종,8029
578,서세종,2022-12,5종,11378
578,서세종,2022-12,6종,10990
579,남세종,2022-12,1종,518929
579,남세종,2022-12,2종,8780
579,남세종,2022-12,3종,8952
579,남세종,2022-12,4종,7003
579,남세종,2022-12,5종,12929
579,남세종,2022-12,6종,22965
580,북강릉,2022-12,1종,333438
580,북강릉,2022-12,2종,6981
580,북강릉,2022-12,3종,7489
580,북강릉,2022-12,4종,3544
580,북강릉,2022-12,5종,9356
580,북강릉,2022-12,6종,12698
581,옥계,2022-12,1종,84732
581,옥계,2022-12,2종,1775
581,옥계,2022-12,3종,1674
581,옥계,2022-12,4종,2315
581,옥계,2022-12,5종,25676
581,옥계,2022-12,6종,4618
582,망상,2022-12,1종,149556
582,망상,2022-12,2종,2825
582,망상,2022-12,3종,6773
582,망상,2022-12,4종,975
582,망상,2022-12,5종,4905
582,망상,2022-12,6종,7824
583,동해,2022-12,1종,330158
583,동해,2022-12,2종,6475
583,동해,2022-12,3종,12712
583,동해,2022-12,4종,4892
583,동해,2022-12,5종,35618
583,동해,2022-12,6종,18405
584,남강릉,2022-12,1종,163523
584,남강릉,2022-12,2종,5341
584,남강릉,2022-12,3종,4594
584,남강릉,2022-12,4종,3100
584,남강릉,2022-12,5종,7864
584,남강릉,2022-12,6종,8356
585,하조대,2022-12,1종,140067
585,하조대,2022-12,2종,3179
585,하조대,2022-12,3종,3639
585,하조대,2022-12,4종,1335
585,하조대,2022-12,5종,3025
585,하조대,2022-12,6종,5020
586,북남원,2022-12,1종,45953
586,북남원,2022-12,2종,1626
586,북남원,2022-12,3종,1339
586,북남원,2022-12,4종,2063
586,북남원,2022-12,5종,1753
586,북남원,2022-12,6종,1329
587,오수,2022-12,1종,155533
587,오수,2022-12,2종,3218
587,오수,2022-12,3종,7159
587,오수,2022-12,4종,6430
587,오수,2022-12,5종,13333
587,오수,2022-12,6종,4461
588,임실,2022-12,1종,62540
588,임실,2022-12,2종,1883
588,임실,2022-12,3종,3203
588,임실,2022-12,4종,2448
588,임실,2022-12,5종,4328
588,임실,2022-12,6종,1947
589,상관,2022-12,1종,187753
589,상관,2022-12,2종,3582
589,상관,2022-12,3종,8817
589,상관,2022-12,4종,6546
589,상관,2022-12,5종,24916
589,상관,2022-12,6종,4520
590,동전주,2022-12,1종,219441
590,동전주,2022-12,2종,4105
590,동전주,2022-12,3종,3264
590,동전주,2022-12,4종,2542
590,동전주,2022-12,5종,3939
590,동전주,2022-12,6종,7017
591,동서천,2022-12,1종,66431
591,동서천,2022-12,2종,1717
591,동서천,2022-12,3종,3635
591,동서천,2022-12,4종,6098
591,동서천,2022-12,5종,17404
591,동서천,2022-12,6종,1983
592,서부여,2022-12,1종,66142
592,서부여,2022-12,2종,1783
592,서부여,2022-12,3종,3266
592,서부여,2022-12,4종,2472
592,서부여,2022-12,5종,4666
592,서부여,2022-12,6종,2341
593,부여,2022-12,1종,90262
593,부여,2022-12,2종,1739
593,부여,2022-12,3종,3473
593,부여,2022-12,4종,3848
593,부여,2022-12,5종,4242
593,부여,2022-12,6종,2685
594,칠갑산,2022-12,1종,37895
594,칠갑산,2022-12,2종,758
594,칠갑산,2022-12,3종,1776
594,칠갑산,2022-12,4종,1612
594,칠갑산,2022-12,5종,1196
594,칠갑산,2022-12,6종,1136
595,서공주,2022-12,1종,132037
595,서공주,2022-12,2종,4100
595,서공주,2022-12,3종,5016
595,서공주,2022-12,4종,5665
595,서공주,2022-12,5종,7847
595,서공주,2022-12,6종,4027
596,가락2,2022-12,1종,30252
596,가락2,2022-12,2종,2040
596,가락2,2022-12,3종,2979
596,가락2,2022-12,4종,5416
596,가락2,2022-12,5종,7745
596,가락2,2022-12,6종,1542
597,서여주,2022-12,1종,170969
597,서여주,2022-12,2종,6738
597,서여주,2022-12,3종,13241
597,서여주,2022-12,4종,11908
597,서여주,2022-12,5종,12937
597,서여주,2022-12,6종,8312
598,북여주,2022-12,1종,229018
598,북여주,2022-12,2종,7190
598,북여주,2022-12,3종,12019
598,북여주,2022-12,4종,8057
598,북여주,2022-12,5종,8458
598,북여주,2022-12,6종,9131
599,양촌,2022-12,1종,63163
599,양촌,2022-12,2종,1504
599,양촌,2022-12,3종,215
599,양촌,2022-12,4종,97
599,양촌,2022-12,5종,26
599,양촌,2022-12,6종,2116
601,남천안,2022-12,1종,259509
601,남천안,2022-12,2종,10799
601,남천안,2022-12,3종,14349
601,남천안,2022-12,4종,16305
601,남천안,2022-12,5종,17716
601,남천안,2022-12,6종,10104
602,풍세상,2022-12,1종,1645588
602,풍세상,2022-12,2종,39178
602,풍세상,2022-12,3종,102720
602,풍세상,2022-12,4종,94436
602,풍세상,2022-12,5종,130012
602,풍세상,2022-12,6종,38662
603,정안,2022-12,1종,348213
603,정안,2022-12,2종,7516
603,정안,2022-12,3종,18960
603,정안,2022-12,4종,10501
603,정안,2022-12,5종,15793
603,정안,2022-12,6종,11542
604,남공주,2022-12,1종,87104
604,남공주,2022-12,2종,3535
604,남공주,2022-12,3종,4247
604,남공주,2022-12,4종,3681
604,남공주,2022-12,5종,8656
604,남공주,2022-12,6종,2914
605,탄천,2022-12,1종,36768
605,탄천,2022-12,2종,1926
605,탄천,2022-12,3종,1734
605,탄천,2022-12,4종,2488
605,탄천,2022-12,5종,7233
605,탄천,2022-12,6종,1456
606,서논산,2022-12,1종,152359
606,서논산,2022-12,2종,6494
606,서논산,2022-12,3종,9795
606,서논산,2022-12,4종,12032
606,서논산,2022-12,5종,13152
606,서논산,2022-12,6종,4886
607,연무,2022-12,1종,179091
607,연무,2022-12,2종,6248
607,연무,2022-12,3종,12036
607,연무,2022-12,4종,13248
607,연무,2022-12,5종,13615
607,연무,2022-12,6종,5066
608,남논산하,2022-12,1종,999134
608,남논산하,2022-12,2종,18404
608,남논산하,2022-12,3종,60786
608,남논산하,2022-12,4종,45250
608,남논산하,2022-12,5종,82332
608,남논산하,2022-12,6종,18180
612,풍세하,2022-12,1종,1596380
612,풍세하,2022-12,2종,34964
612,풍세하,2022-12,3종,99366
612,풍세하,2022-12,4종,73620
612,풍세하,2022-12,5종,100148
612,풍세하,2022-12,6종,37288
613,남풍세,2022-12,1종,653671
613,남풍세,2022-12,2종,25842
613,남풍세,2022-12,3종,47216
613,남풍세,2022-12,4종,66969
613,남풍세,2022-12,5종,98078
613,남풍세,2022-12,6종,26657
618,남논산상,2022-12,1종,974838
618,남논산상,2022-12,2종,18346
618,남논산상,2022-12,3종,60122
618,남논산상,2022-12,4종,47292
618,남논산상,2022-12,5종,88190
618,남논산상,2022-12,6종,17702
621,동대구,2022-12,1종,887338
621,동대구,2022-12,2종,21732
621,동대구,2022-12,3종,29541
621,동대구,2022-12,4종,22841
621,동대구,2022-12,5종,27711
621,동대구,2022-12,6종,39105
622,대구,2022-12,1종,1480230
622,대구,2022-12,2종,41762
622,대구,2022-12,3종,37862
622,대구,2022-12,4종,57820
622,대구,2022-12,5종,117912
622,대구,2022-12,6종,46008
623,수성,2022-12,1종,964029
623,수성,2022-12,2종,19038
623,수성,2022-12,3종,15230
623,수성,2022-12,4종,12751
623,수성,2022-12,5종,12716
623,수성,2022-12,6종,40051
624,청도,2022-12,1종,313124
624,청도,2022-12,2종,9329
624,청도,2022-12,3종,9537
624,청도,2022-12,4종,8785
624,청도,2022-12,5종,10784
624,청도,2022-12,6종,12252
625,밀양,2022-12,1종,365187
625,밀양,2022-12,2종,9498
625,밀양,2022-12,3종,9453
625,밀양,2022-12,4종,10320
625,밀양,2022-12,5종,15114
625,밀양,2022-12,6종,14515
626,남밀양,2022-12,1종,471429
626,남밀양,2022-12,2종,17470
626,남밀양,2022-12,3종,16869
626,남밀양,2022-12,4종,14958
626,남밀양,2022-12,5종,24076
626,남밀양,2022-12,6종,23139
627,삼랑진,2022-12,1종,260948
627,삼랑진,2022-12,2종,7940
627,삼랑진,2022-12,3종,9201
627,삼랑진,2022-12,4종,7904
627,삼랑진,2022-12,5종,21321
627,삼랑진,2022-12,6종,13769
628,상동,2022-12,1종,143938
628,상동,2022-12,2종,20521
628,상동,2022-12,3종,13085
628,상동,2022-12,4종,19627
628,상동,2022-12,5종,12501
628,상동,2022-12,6종,7814
629,김해부산,2022-12,1종,1305130
629,김해부산,2022-12,2종,45358
629,김해부산,2022-12,3종,34090
629,김해부산,2022-12,4종,51862
629,김해부산,2022-12,5종,104196
629,김해부산,2022-12,6종,42916
641,울산,2022-12,1종,1125216
641,울산,2022-12,2종,28932
641,울산,2022-12,3종,45957
641,울산,2022-12,4종,28776
641,울산,2022-12,5종,60159
641,울산,2022-12,6종,55652
642,문수,2022-12,1종,289544
642,문수,2022-12,2종,7879
642,문수,2022-12,3종,12638
642,문수,2022-12,4종,12567
642,문수,2022-12,5종,16635
642,문수,2022-12,6종,15069
643,청량,2022-12,1종,855792
643,청량,2022-12,2종,18426
643,청량,2022-12,3종,30581
643,청량,2022-12,4종,47178
643,청량,2022-12,5종,219036
643,청량,2022-12,6종,47173
644,온양,2022-12,1종,191801
644,온양,2022-12,2종,5179
644,온양,2022-12,3종,4274
644,온양,2022-12,4종,3938
644,온양,2022-12,5종,16598
644,온양,2022-12,6종,12332
645,장안,2022-12,1종,407118
645,장안,2022-12,2종,8647
645,장안,2022-12,3종,12451
645,장안,2022-12,4종,12383
645,장안,2022-12,5종,20601
645,장안,2022-12,6종,22083
646,기장일광,2022-12,1종,541787
646,기장일광,2022-12,2종,4553
646,기장일광,2022-12,3종,7540
646,기장일광,2022-12,4종,7221
646,기장일광,2022-12,5종,38213
646,기장일광,2022-12,6종,28220
647,해운대송정,2022-12,1종,265822
647,해운대송정,2022-12,2종,2267
647,해운대송정,2022-12,3종,2274
647,해운대송정,2022-12,4종,1815
647,해운대송정,2022-12,5종,2328
647,해운대송정,2022-12,6종,14474
648,해운대,2022-12,1종,1307399
648,해운대,2022-12,2종,11288
648,해운대,2022-12,3종,15843
648,해운대,2022-12,4종,10149
648,해운대,2022-12,5종,54828
648,해운대,2022-12,6종,65443
651,남양주,2022-12,1종,2049710
651,남양주,2022-12,2종,40447
651,남양주,2022-12,3종,61068
651,남양주,2022-12,4종,33837
651,남양주,2022-12,5종,24869
651,남양주,2022-12,6종,99536
652,화도,2022-12,1종,1286322
652,화도,2022-12,2종,34825
652,화도,2022-12,3종,35275
652,화도,2022-12,4종,30141
652,화도,2022-12,5종,18097
652,화도,2022-12,6종,77438
653,서종,2022-12,1종,211593
653,서종,2022-12,2종,2458
653,서종,2022-12,3종,1255
653,서종,2022-12,4종,1224
653,서종,2022-12,5종,2597
653,서종,2022-12,6종,10685
654,설악,2022-12,1종,310307
654,설악,2022-12,2종,3780
654,설악,2022-12,3종,5933
654,설악,2022-12,4종,2171
654,설악,2022-12,5종,2471
654,설악,2022-12,6종,13715
655,강촌,2022-12,1종,187307
655,강촌,2022-12,2종,3121
655,강촌,2022-12,3종,7688
655,강촌,2022-12,4종,2648
655,강촌,2022-12,5종,2612
655,강촌,2022-12,6종,7404
656,남춘천,2022-12,1종,184937
656,남춘천,2022-12,2종,2804
656,남춘천,2022-12,3종,4319
656,남춘천,2022-12,4종,2826
656,남춘천,2022-12,5종,6047
656,남춘천,2022-12,6종,6807
657,동산,2022-12,1종,1053452
657,동산,2022-12,2종,16760
657,동산,2022-12,3종,31860
657,동산,2022-12,4종,8462
657,동산,2022-12,5종,18276
657,동산,2022-12,6종,37948
658,조양,2022-12,1종,25537
658,조양,2022-12,2종,516
658,조양,2022-12,3종,996
658,조양,2022-12,4종,851
658,조양,2022-12,5종,1339
658,조양,2022-12,6종,1065
671,봉담,2022-12,1종,1326677
671,봉담,2022-12,2종,39653
671,봉담,2022-12,3종,36932
671,봉담,2022-12,4종,24467
671,봉담,2022-12,5종,36291
671,봉담,2022-12,6종,81225
672,정남,2022-12,1종,417203
672,정남,2022-12,2종,20849
672,정남,2022-12,3종,11590
672,정남,2022-12,4종,12417
672,정남,2022-12,5종,14309
672,정남,2022-12,6종,24911
673,북오산,2022-12,1종,1218527
673,북오산,2022-12,2종,29845
673,북오산,2022-12,3종,39900
673,북오산,2022-12,4종,20040
673,북오산,2022-12,5종,13182
673,북오산,2022-12,6종,74899
675,서오산,2022-12,1종,1181732
675,서오산,2022-12,2종,26018
675,서오산,2022-12,3종,32332
675,서오산,2022-12,4종,16746
675,서오산,2022-12,5종,21873
675,서오산,2022-12,6종,66221
676,향남,2022-12,1종,480217
676,향남,2022-12,2종,28951
676,향남,2022-12,3종,20856
676,향남,2022-12,4종,20796
676,향남,2022-12,5종,15596
676,향남,2022-12,6종,28729
677,북평택,2022-12,1종,2061632
677,북평택,2022-12,2종,51455
677,북평택,2022-12,3종,79879
677,북평택,2022-12,4종,59131
677,북평택,2022-12,5종,62377
677,북평택,2022-12,6종,103084
681,장안본선,2022-12,1종,1086408
681,장안본선,2022-12,2종,67870
681,장안본선,2022-12,3종,167776
681,장안본선,2022-12,4종,90148
681,장안본선,2022-12,5종,199702
681,장안본선,2022-12,6종,44052
682,조암,2022-12,1종,338173
682,조암,2022-12,2종,32649
682,조암,2022-12,3종,38076
682,조암,2022-12,4종,33054
682,조암,2022-12,5종,42485
682,조암,2022-12,6종,15262
683,송산마도,2022-12,1종,713229
683,송산마도,2022-12,2종,39646
683,송산마도,2022-12,3종,33700
683,송산마도,2022-12,4종,33898
683,송산마도,2022-12,5종,97749
683,송산마도,2022-12,6종,35926
684,남안산,2022-12,1종,712925
684,남안산,2022-12,2종,63160
684,남안산,2022-12,3종,58723
684,남안산,2022-12,4종,69153
684,남안산,2022-12,5종,92660
684,남안산,2022-12,6종,36793
685,서시흥,2022-12,1종,1346607
685,서시흥,2022-12,2종,66012
685,서시흥,2022-12,3종,90704
685,서시흥,2022-12,4종,90938
685,서시흥,2022-12,5종,207523
685,서시흥,2022-12,6종,63276
701,북양양,2022-12,1종,237787
701,북양양,2022-12,2종,3361
701,북양양,2022-12,3종,5397
701,북양양,2022-12,4종,1566
701,북양양,2022-12,5종,3829
701,북양양,2022-12,6종,8828
702,속초,2022-12,1종,338801
702,속초,2022-12,2종,5922
702,속초,2022-12,3종,7895
702,속초,2022-12,4종,3955
702,속초,2022-12,5종,7675
702,속초,2022-12,6종,10374
703,삼척,2022-12,1종,165346
703,삼척,2022-12,2종,3657
703,삼척,2022-12,3종,6120
703,삼척,2022-12,4종,2091
703,삼척,2022-12,5종,5226
703,삼척,2022-12,6종,8929
704,근덕,2022-12,1종,177562
704,근덕,2022-12,2종,3076
704,근덕,2022-12,3종,4861
704,근덕,2022-12,4종,3011
704,근덕,2022-12,5종,16890
704,근덕,2022-12,6종,7040
705,남이천,2022-12,1종,264899
705,남이천,2022-12,2종,16491
705,남이천,2022-12,3종,16181
705,남이천,2022-12,4종,30594
705,남이천,2022-12,5종,24293
705,남이천,2022-12,6종,12230
706,남경주,2022-12,1종,272379
706,남경주,2022-12,2종,5403
706,남경주,2022-12,3종,9991
706,남경주,2022-12,4종,6276
706,남경주,2022-12,5종,18203
706,남경주,2022-12,6종,12868
707,남포항,2022-12,1종,476799
707,남포항,2022-12,2종,8367
707,남포항,2022-12,3종,14046
707,남포항,2022-12,4종,11249
707,남포항,2022-12,5종,86939
707,남포항,2022-12,6종,19037
708,동경주,2022-12,1종,160769
708,동경주,2022-12,2종,2754
708,동경주,2022-12,3종,2390
708,동경주,2022-12,4종,1910
708,동경주,2022-12,5종,10251
708,동경주,2022-12,6종,7070
710,밀양출구JC,2022-12,1종,98541
710,밀양출구JC,2022-12,2종,4907
710,밀양출구JC,2022-12,3종,9259
710,밀양출구JC,2022-12,4종,4677
710,밀양출구JC,2022-12,5종,12888
710,밀양출구JC,2022-12,6종,3747
711,불갑산(목포),2022-12,1종,14991
711,불갑산(목포),2022-12,2종,205
711,불갑산(목포),2022-12,3종,257
711,불갑산(목포),2022-12,4종,35
711,불갑산(목포),2022-12,5종,93
711,불갑산(목포),2022-12,6종,361
712,동상주,2022-12,1종,71836
712,동상주,2022-12,2종,2100
712,동상주,2022-12,3종,4101
712,동상주,2022-12,4종,3972
712,동상주,2022-12,5종,3572
712,동상주,2022-12,6종,2125
713,서의성,2022-12,1종,54582
713,서의성,2022-12,2종,1601
713,서의성,2022-12,3종,3175
713,서의성,2022-12,4종,2925
713,서의성,2022-12,5종,3157
713,서의성,2022-12,6종,2090
714,북의성,2022-12,1종,44359
714,북의성,2022-12,2종,1183
714,북의성,2022-12,3종,1672
714,북의성,2022-12,4종,1712
714,북의성,2022-12,5종,2458
714,북의성,2022-12,6종,1490
715,동안동,2022-12,1종,124253
715,동안동,2022-12,2종,1971
715,동안동,2022-12,3종,3002
715,동안동,2022-12,4종,1655
715,동안동,2022-12,5종,3515
715,동안동,2022-12,6종,4151
716,청송,2022-12,1종,143741
716,청송,2022-12,2종,2721
716,청송,2022-12,3종,2632
716,청송,2022-12,4종,2335
716,청송,2022-12,5종,2372
716,청송,2022-12,6종,5044
718,남광산,2022-12,1종,35792
718,남광산,2022-12,2종,1639
718,남광산,2022-12,3종,2940
718,남광산,2022-12,4종,4600
718,남광산,2022-12,5종,4656
718,남광산,2022-12,6종,1053
719,남장성,2022-12,1종,34376
719,남장성,2022-12,2종,1970
719,남장성,2022-12,3종,2385
719,남장성,2022-12,4종,5458
719,남장성,2022-12,5종,4595
719,남장성,2022-12,6종,1165
720,밀양입구JC,2022-12,1종,94798
720,밀양입구JC,2022-12,2종,4345
720,밀양입구JC,2022-12,3종,10765
720,밀양입구JC,2022-12,4종,4019
720,밀양입구JC,2022-12,5종,11924
720,밀양입구JC,2022-12,6종,3766
722,활천,2022-12,1종,86515
722,활천,2022-12,2종,6968
722,활천,2022-12,3종,10745
722,활천,2022-12,4종,10914
722,활천,2022-12,5종,17445
722,활천,2022-12,6종,3359
723,북구미,2022-12,1종,264549
723,북구미,2022-12,2종,4285
723,북구미,2022-12,3종,2205
723,북구미,2022-12,4종,511
723,북구미,2022-12,5종,921
723,북구미,2022-12,6종,12463
724,서함양,2022-12,1종,11171
724,서함양,2022-12,2종,222
724,서함양,2022-12,3종,72
724,서함양,2022-12,4종,53
724,서함양,2022-12,5종,12
724,서함양,2022-12,6종,340
725,임고,2022-12,1종,26449
725,임고,2022-12,2종,275
725,임고,2022-12,3종,98
725,임고,2022-12,4종,37
725,임고,2022-12,5종,80
725,임고,2022-12,6종,548
729,신둔,2022-12,1종,36936
729,신둔,2022-12,2종,3848
729,신둔,2022-12,3종,599
729,신둔,2022-12,4종,1
729,신둔,2022-12,5종,0
729,신둔,2022-12,6종,2275
730,유천,2022-12,1종,428606
730,유천,2022-12,2종,8287
730,유천,2022-12,3종,1918
730,유천,2022-12,4종,257
730,유천,2022-12,5종,1257
730,유천,2022-12,6종,22870
731,북현풍,2022-12,1종,162101
731,북현풍,2022-12,2종,2596
731,북현풍,2022-12,3종,1039
731,북현풍,2022-12,4종,18
731,북현풍,2022-12,5종,2052
731,북현풍,2022-12,6종,9304
732,행담도,2022-12,1종,25421
732,행담도,2022-12,2종,398
732,행담도,2022-12,3종,145
732,행담도,2022-12,4종,53
732,행담도,2022-12,5종,49
732,행담도,2022-12,6종,1123
733,옥산,2022-12,1종,135165
733,옥산,2022-12,2종,5354
733,옥산,2022-12,3종,1277
733,옥산,2022-12,4종,103
733,옥산,2022-12,5종,70
733,옥산,2022-12,6종,4664
734,동둔내,2022-12,1종,4115
734,동둔내,2022-12,2종,47
734,동둔내,2022-12,3종,21
734,동둔내,2022-12,4종,5
734,동둔내,2022-12,5종,3
734,동둔내,2022-12,6종,89
735,남양평,2022-12,1종,112168
735,남양평,2022-12,2종,2287
735,남양평,2022-12,3종,707
735,남양평,2022-12,4종,136
735,남양평,2022-12,5종,71
735,남양평,2022-12,6종,4900
736,삼성,2022-12,1종,92617
736,삼성,2022-12,2종,8545
736,삼성,2022-12,3종,469
736,삼성,2022-12,4종,161
736,삼성,2022-12,5종,51
736,삼성,2022-12,6종,3477
741,평택고덕,2022-12,1종,578446
741,평택고덕,2022-12,2종,11317
741,평택고덕,2022-12,3종,57433
741,평택고덕,2022-12,4종,15003
741,평택고덕,2022-12,5종,25100
741,평택고덕,2022-12,6종,38293
742,남사진위,2022-12,1종,499604
742,남사진위,2022-12,2종,15998
742,남사진위,2022-12,3종,29198
742,남사진위,2022-12,4종,39749
742,남사진위,2022-12,5종,20240
742,남사진위,2022-12,6종,23885
746,기장일광입구,2022-12,1종,199112
746,기장일광입구,2022-12,2종,3279
746,기장일광입구,2022-12,3종,399
746,기장일광입구,2022-12,4종,99
746,기장일광입구,2022-12,5종,373
746,기장일광입구,2022-12,6종,12258
747,척과구룡,2022-12,1종,81006
747,척과구룡,2022-12,2종,6006
747,척과구룡,2022-12,3종,10142
747,척과구룡,2022-12,4종,6412
747,척과구룡,2022-12,5종,12879
747,척과구룡,2022-12,6종,3867
748,동청송영양,2022-12,1종,72287
748,동청송영양,2022-12,2종,1390
748,동청송영양,2022-12,3종,1636
748,동청송영양,2022-12,4종,1179
748,동청송영양,2022-12,5종,1889
748,동청송영양,2022-12,6종,2105
749,영덕,2022-12,1종,225541
749,영덕,2022-12,2종,3189
749,영덕,2022-12,3종,6019
749,영덕,2022-12,4종,2943
749,영덕,2022-12,5종,8246
749,영덕,2022-12,6종,5865
750,기장동JC,2022-12,1종,388460
750,기장동JC,2022-12,2종,10291
750,기장동JC,2022-12,3종,17522
750,기장동JC,2022-12,4종,6566
750,기장동JC,2022-12,5종,43598
750,기장동JC,2022-12,6종,23226
751,기장일광(KEC),2022-12,1종,287601
751,기장일광(KEC),2022-12,2종,4395
751,기장일광(KEC),2022-12,3종,3665
751,기장일광(KEC),2022-12,4종,4432
751,기장일광(KEC),2022-12,5종,18579
751,기장일광(KEC),2022-12,6종,18973
752,기장철마,2022-12,1종,667598
752,기장철마,2022-12,2종,14947
752,기장철마,2022-12,3종,11127
752,기장철마,2022-12,4종,10700
752,기장철마,2022-12,5종,29074
752,기장철마,2022-12,6종,42130
753,금정,2022-12,1종,296019
753,금정,2022-12,2종,9660
753,금정,2022-12,3종,10222
753,금정,2022-12,4종,8839
753,금정,2022-12,5종,14309
753,금정,2022-12,6종,16917
754,김해가야휴게소,2022-12,1종,74930
754,김해가야휴게소,2022-12,2종,1787
754,김해가야휴게소,2022-12,3종,43
754,김해가야휴게소,2022-12,4종,3
754,김해가야휴게소,2022-12,5종,0
754,김해가야휴게소,2022-12,6종,3485
755,광재,2022-12,1종,433903
755,광재,2022-12,2종,21011
755,광재,2022-12,3종,20781
755,광재,2022-12,4종,17538
755,광재,2022-12,5종,40722
755,광재,2022-12,6종,24358
756,한림,2022-12,1종,122576
756,한림,2022-12,2종,8974
756,한림,2022-12,3종,9078
756,한림,2022-12,4종,6856
756,한림,2022-12,5종,20429
756,한림,2022-12,6종,5865
757,진영,2022-12,1종,260705
757,진영,2022-12,2종,13444
757,진영,2022-12,3종,16329
757,진영,2022-12,4종,18979
757,진영,2022-12,5종,29306
757,진영,2022-12,6종,14430
758,진영휴게소,2022-12,1종,436
758,진영휴게소,2022-12,2종,4
758,진영휴게소,2022-12,3종,2
758,진영휴게소,2022-12,4종,3
758,진영휴게소,2022-12,5종,34
758,진영휴게소,2022-12,6종,18
760,기장서JC,2022-12,1종,670399
760,기장서JC,2022-12,2종,18238
760,기장서JC,2022-12,3종,23062
760,기장서JC,2022-12,4종,8612
760,기장서JC,2022-12,5종,65352
760,기장서JC,2022-12,6종,42749
762,중앙탑,2022-12,1종,48901
762,중앙탑,2022-12,2종,866
762,중앙탑,2022-12,3종,71
762,중앙탑,2022-12,4종,118
762,중앙탑,2022-12,5종,7
762,중앙탑,2022-12,6종,2448
765,내촌,2022-12,1종,31131
765,내촌,2022-12,2종,639
765,내촌,2022-12,3종,361
765,내촌,2022-12,4종,940
765,내촌,2022-12,5종,598
765,내촌,2022-12,6종,1526
766,인제,2022-12,1종,78897
766,인제,2022-12,2종,1384
766,인제,2022-12,3종,785
766,인제,2022-12,4종,1267
766,인제,2022-12,5종,1367
766,인제,2022-12,6종,3944
767,구병산,2022-12,1종,4164
767,구병산,2022-12,2종,42
767,구병산,2022-12,3종,37
767,구병산,2022-12,4종,0
767,구병산,2022-12,5종,0
767,구병산,2022-12,6종,352
768,서양양,2022-12,1종,5748
768,서양양,2022-12,2종,124
768,서양양,2022-12,3종,54
768,서양양,2022-12,4종,131
768,서양양,2022-12,5종,155
768,서양양,2022-12,6종,126
770,울주동JC,2022-12,1종,185489
770,울주동JC,2022-12,2종,7339
770,울주동JC,2022-12,3종,20533
770,울주동JC,2022-12,4종,6595
770,울주동JC,2022-12,5종,30903
770,울주동JC,2022-12,6종,9163
771,배내골,2022-12,1종,35188
771,배내골,2022-12,2종,306
771,배내골,2022-12,3종,291
771,배내골,2022-12,4종,373
771,배내골,2022-12,5종,908
771,배내골,2022-12,6종,1576
772,북달성,2022-12,1종,441132
772,북달성,2022-12,2종,14031
772,북달성,2022-12,3종,20602
772,북달성,2022-12,4종,19300
772,북달성,2022-12,5종,14658
772,북달성,2022-12,6종,21830
773,북다사,2022-12,1종,250242
773,북다사,2022-12,2종,6854
773,북다사,2022-12,3종,6097
773,북다사,2022-12,4종,6282
773,북다사,2022-12,5종,7497
773,북다사,2022-12,6종,13782
774,남칠곡,2022-12,1종,368902
774,남칠곡,2022-12,2종,8221
774,남칠곡,2022-12,3종,8757
774,남칠곡,2022-12,4종,6506
774,남칠곡,2022-12,5종,6755
774,남칠곡,2022-12,6종,18988
775,동명동호,2022-12,1종,366878
775,동명동호,2022-12,2종,7478
775,동명동호,2022-12,3종,5939
775,동명동호,2022-12,4종,5543
775,동명동호,2022-12,5종,16476
775,동명동호,2022-12,6종,12704
776,연경,2022-12,1종,744330
776,연경,2022-12,2종,14008
776,연경,2022-12,3종,10154
776,연경,2022-12,4종,9020
776,연경,2022-12,5종,15506
776,연경,2022-12,6종,41536
777,파군재,2022-12,1종,393622
777,파군재,2022-12,2종,3759
777,파군재,2022-12,3종,2512
777,파군재,2022-12,4종,1734
777,파군재,2022-12,5종,2476
777,파군재,2022-12,6종,25407
778,둔산,2022-12,1종,57839
778,둔산,2022-12,2종,2496
778,둔산,2022-12,3종,1402
778,둔산,2022-12,4종,1359
778,둔산,2022-12,5종,824
778,둔산,2022-12,6종,3063
779,율암,2022-12,1종,622322
779,율암,2022-12,2종,8280
779,율암,2022-12,3종,5974
779,율암,2022-12,4종,7020
779,율암,2022-12,5종,12369
779,율암,2022-12,6종,39506
780,울주서JC,2022-12,1종,194375
780,울주서JC,2022-12,2종,7515
780,울주서JC,2022-12,3종,17644
780,울주서JC,2022-12,4종,6614
780,울주서JC,2022-12,5종,33072
780,울주서JC,2022-12,6종,9741
876,양감,2022-12,1종,301097
876,양감,2022-12,2종,14271
876,양감,2022-12,3종,15194
876,양감,2022-12,4종,15724
876,양감,2022-12,5종,15210
876,양감,2022-12,6종,20136
981,서영암,2022-12,1종,282079
981,서영암,2022-12,2종,4401
981,서영암,2022-12,3종,9636
981,서영암,2022-12,4종,10799
981,서영암,2022-12,5종,21267
981,서영암,2022-12,6종,8014
982,강진무위사,2022-12,1종,181786
982,강진무위사,2022-12,2종,3294
982,강진무위사,2022-12,3종,6864
982,강진무위사,2022-12,4종,8703
982,강진무위사,2022-12,5종,8839
982,강진무위사,2022-12,6종,4814
983,장흥,2022-12,1종,99543
983,장흥,2022-12,2종,1697
983,장흥,2022-12,3종,2322
983,장흥,2022-12,4종,2061
983,장흥,2022-12,5종,2413
983,장흥,2022-12,6종,2746
984,보성,2022-12,1종,223541
984,보성,2022-12,2종,5046
984,보성,2022-12,3종,6558
984,보성,2022-12,4종,6299
984,보성,2022-12,5종,16503
984,보성,2022-12,6종,4951
985,벌교,2022-12,1종,152672
985,벌교,2022-12,2종,3525
985,벌교,2022-12,3종,4346
985,벌교,2022-12,4종,3495
985,벌교,2022-12,5종,5977
985,벌교,2022-12,6종,3477
986,고흥,2022-12,1종,233158
986,고흥,2022-12,2종,3568
986,고흥,2022-12,3종,6080
986,고흥,2022-12,4종,8086
986,고흥,2022-12,5종,13363
986,고흥,2022-12,6종,7066
987,남순천,2022-12,1종,580756
987,남순천,2022-12,2종,9309
987,남순천,2022-12,3종,18346
987,남순천,2022-12,4종,22051
987,남순천,2022-12,5종,49380
987,남순천,2022-12,6종,15424
