영업소코드,영업소명,연월,차종,교통량
11,인천,2012-01,1종,3486935
11,인천,2012-01,2종,124655
11,인천,2012-01,3종,62987
11,인천,2012-01,4종,60573
11,인천,2012-01,5종,109351
11,인천,2012-01,6종,286634
53,남인천,2012-01,1종,1635216
53,남인천,2012-01,2종,44706
53,남인천,2012-01,3종,49359
53,남인천,2012-01,4종,19705
53,남인천,2012-01,5종,50919
53,남인천,2012-01,6종,124871
56,일로,2012-01,1종,35526
56,일로,2012-01,2종,1231
56,일로,2012-01,3종,717
56,일로,2012-01,4종,554
56,일로,2012-01,5종,1023
56,일로,2012-01,6종,1408
61,성남,2012-01,1종,3500102
61,성남,2012-01,2종,141297
61,성남,2012-01,3종,127095
61,성남,2012-01,4종,52340
61,성남,2012-01,5종,52588
61,성남,2012-01,6종,219246
62,구리남양주,2012-01,1종,4538853
62,구리남양주,2012-01,2종,210153
62,구리남양주,2012-01,3종,144606
62,구리남양주,2012-01,4종,80148
62,구리남양주,2012-01,5종,67613
62,구리남양주,2012-01,6종,297704
63,토평,2012-01,1종,461980
63,토평,2012-01,2종,15910
63,토평,2012-01,3종,6192
63,토평,2012-01,4종,5170
63,토평,2012-01,5종,10731
63,토평,2012-01,6종,31488
64,청계,2012-01,1종,4141806
64,청계,2012-01,2종,148876
64,청계,2012-01,3종,134682
64,청계,2012-01,4종,35585
64,청계,2012-01,5종,58273
64,청계,2012-01,6종,282033
65,판교,2012-01,1종,2619012
65,판교,2012-01,2종,44455
65,판교,2012-01,3종,174083
65,판교,2012-01,4종,16782
65,판교,2012-01,5종,9415
65,판교,2012-01,6종,134110
66,하남,2012-01,1종,675778
66,하남,2012-01,2종,21141
66,하남,2012-01,3종,12876
66,하남,2012-01,4종,6195
66,하남,2012-01,5종,8640
66,하남,2012-01,6종,44420
67,시흥,2012-01,1종,3676545
67,시흥,2012-01,2종,137141
67,시흥,2012-01,3종,105681
67,시흥,2012-01,4종,59121
67,시흥,2012-01,5종,64862
67,시흥,2012-01,6종,249989
68,김포,2012-01,1종,4300892
68,김포,2012-01,2종,174623
68,김포,2012-01,3종,116263
68,김포,2012-01,4종,65546
68,김포,2012-01,5종,94971
68,김포,2012-01,6종,305266
69,대왕판교,2012-01,1종,155889
69,대왕판교,2012-01,2종,799
69,대왕판교,2012-01,3종,235
69,대왕판교,2012-01,4종,27
69,대왕판교,2012-01,5종,10
69,대왕판교,2012-01,6종,8433
74,덕소삼패,2012-01,1종,242939
74,덕소삼패,2012-01,2종,6733
74,덕소삼패,2012-01,3종,3148
74,덕소삼패,2012-01,4종,2220
74,덕소삼패,2012-01,5종,10974
74,덕소삼패,2012-01,6종,15865
91,대동(개),2012-01,1종,144609
91,대동(개),2012-01,2종,10592
91,대동(개),2012-01,3종,4278
91,대동(개),2012-01,4종,14296
91,대동(개),2012-01,5종,34424
91,대동(개),2012-01,6종,9019
92,내서,2012-01,1종,233119
92,내서,2012-01,2종,9307
92,내서,2012-01,3종,9985
92,내서,2012-01,4종,3223
92,내서,2012-01,5종,6045
92,내서,2012-01,6종,20256
101,서울,2012-01,1종,4726111
101,서울,2012-01,2종,177092
101,서울,2012-01,3종,515486
101,서울,2012-01,4종,77795
101,서울,2012-01,5종,42464
101,서울,2012-01,6종,210827
102,동수원,2012-01,1종,1662813
102,동수원,2012-01,2종,35463
102,동수원,2012-01,3종,65352
102,동수원,2012-01,4종,14241
102,동수원,2012-01,5종,23770
102,동수원,2012-01,6종,91141
103,수원신갈,2012-01,1종,2185607
103,수원신갈,2012-01,2종,92874
103,수원신갈,2012-01,3종,139959
103,수원신갈,2012-01,4종,31883
103,수원신갈,2012-01,5종,23518
103,수원신갈,2012-01,6종,115255
104,지곡,2012-01,1종,37713
104,지곡,2012-01,2종,1715
104,지곡,2012-01,3종,1658
104,지곡,2012-01,4종,1290
104,지곡,2012-01,5종,1622
104,지곡,2012-01,6종,1485
105,기흥,2012-01,1종,297793
105,기흥,2012-01,2종,31031
105,기흥,2012-01,3종,16605
105,기흥,2012-01,4종,9539
105,기흥,2012-01,5종,8737
105,기흥,2012-01,6종,16552
106,오산,2012-01,1종,994337
106,오산,2012-01,2종,70837
106,오산,2012-01,3종,70976
106,오산,2012-01,4종,31709
106,오산,2012-01,5종,22535
106,오산,2012-01,6종,56207
107,안성,2012-01,1종,768346
107,안성,2012-01,2종,40571
107,안성,2012-01,3종,53092
107,안성,2012-01,4종,19726
107,안성,2012-01,5종,14161
107,안성,2012-01,6종,42690
108,천안,2012-01,1종,1305562
108,천안,2012-01,2종,58631
108,천안,2012-01,3종,91602
108,천안,2012-01,4종,43630
108,천안,2012-01,5종,40074
108,천안,2012-01,6종,62763
109,계룡,2012-01,1종,138452
109,계룡,2012-01,2종,10790
109,계룡,2012-01,3종,11104
109,계룡,2012-01,4종,7985
109,계룡,2012-01,5종,4062
109,계룡,2012-01,6종,8768
110,독립기념관,2012-01,1종,291506
110,독립기념관,2012-01,2종,23224
110,독립기념관,2012-01,3종,23422
110,독립기념관,2012-01,4종,29402
110,독립기념관,2012-01,5종,20691
110,독립기념관,2012-01,6종,11733
111,청주,2012-01,1종,438807
111,청주,2012-01,2종,19109
111,청주,2012-01,3종,45686
111,청주,2012-01,4종,12208
111,청주,2012-01,5종,16830
111,청주,2012-01,6종,20361
112,남청주,2012-01,1종,447414
112,남청주,2012-01,2종,45421
112,남청주,2012-01,3종,32988
112,남청주,2012-01,4종,41615
112,남청주,2012-01,5종,34957
112,남청주,2012-01,6종,19110
113,신탄진,2012-01,1종,690665
113,신탄진,2012-01,2종,50928
113,신탄진,2012-01,3종,24471
113,신탄진,2012-01,4종,44215
113,신탄진,2012-01,5종,40514
113,신탄진,2012-01,6종,33212
114,남대전,2012-01,1종,253068
114,남대전,2012-01,2종,10901
114,남대전,2012-01,3종,6355
114,남대전,2012-01,4종,3582
114,남대전,2012-01,5종,5662
114,남대전,2012-01,6종,12230
115,대전,2012-01,1종,1183064
115,대전,2012-01,2종,39442
115,대전,2012-01,3종,77207
115,대전,2012-01,4종,14959
115,대전,2012-01,5종,13172
115,대전,2012-01,6종,57313
116,옥천,2012-01,1종,333014
116,옥천,2012-01,2종,21433
116,옥천,2012-01,3종,14507
116,옥천,2012-01,4종,32145
116,옥천,2012-01,5종,11849
116,옥천,2012-01,6종,16982
117,금강,2012-01,1종,29494
117,금강,2012-01,2종,1518
117,금강,2012-01,3종,581
117,금강,2012-01,4종,2684
117,금강,2012-01,5종,499
117,금강,2012-01,6종,1648
118,영동,2012-01,1종,84643
118,영동,2012-01,2종,5064
118,영동,2012-01,3종,4069
118,영동,2012-01,4종,2603
118,영동,2012-01,5종,5293
118,영동,2012-01,6종,3742
119,판암,2012-01,1종,410358
119,판암,2012-01,2종,13537
119,판암,2012-01,3종,6534
119,판암,2012-01,4종,6097
119,판암,2012-01,5종,7435
119,판암,2012-01,6종,22119
120,황간,2012-01,1종,73790
120,황간,2012-01,2종,2586
120,황간,2012-01,3종,3765
120,황간,2012-01,4종,3866
120,황간,2012-01,5종,3423
120,황간,2012-01,6종,2606
121,추풍령,2012-01,1종,37951
121,추풍령,2012-01,2종,1695
121,추풍령,2012-01,3종,1294
121,추풍령,2012-01,4종,1048
121,추풍령,2012-01,5종,1629
121,추풍령,2012-01,6종,2017
122,김천,2012-01,1종,248703
122,김천,2012-01,2종,11504
122,김천,2012-01,3종,11229
122,김천,2012-01,4종,11890
122,김천,2012-01,5종,12480
122,김천,2012-01,6종,10525
123,구미,2012-01,1종,722324
123,구미,2012-01,2종,20414
123,구미,2012-01,3종,31065
123,구미,2012-01,4종,15709
123,구미,2012-01,5종,12344
123,구미,2012-01,6종,33937
124,상주,2012-01,1종,155825
124,상주,2012-01,2종,10581
124,상주,2012-01,3종,9450
124,상주,2012-01,4종,12185
124,상주,2012-01,5종,9877
124,상주,2012-01,6종,5224
125,남구미,2012-01,1종,493421
125,남구미,2012-01,2종,23259
125,남구미,2012-01,3종,28276
125,남구미,2012-01,4종,20297
125,남구미,2012-01,5종,38722
125,남구미,2012-01,6종,25963
126,왜관,2012-01,1종,551275
126,왜관,2012-01,2종,45204
126,왜관,2012-01,3종,26035
126,왜관,2012-01,4종,19858
126,왜관,2012-01,5종,29606
126,왜관,2012-01,6종,25623
127,서대구,2012-01,1종,1757999
127,서대구,2012-01,2종,97003
127,서대구,2012-01,3종,86247
127,서대구,2012-01,4종,46825
127,서대구,2012-01,5종,51159
127,서대구,2012-01,6종,76448
129,북대구,2012-01,1종,1620438
129,북대구,2012-01,2종,62121
129,북대구,2012-01,3종,41626
129,북대구,2012-01,4종,20340
129,북대구,2012-01,5종,26963
129,북대구,2012-01,6종,67138
131,경산,2012-01,1종,732993
131,경산,2012-01,2종,75862
131,경산,2012-01,3종,37415
131,경산,2012-01,4종,37557
131,경산,2012-01,5종,34873
131,경산,2012-01,6종,38833
132,영천,2012-01,1종,360485
132,영천,2012-01,2종,26789
132,영천,2012-01,3종,20757
132,영천,2012-01,4종,17723
132,영천,2012-01,5종,42299
132,영천,2012-01,6종,13149
133,서경주,2012-01,1종,159657
133,서경주,2012-01,2종,8426
133,서경주,2012-01,3종,8060
133,서경주,2012-01,4종,6477
133,서경주,2012-01,5종,22466
133,서경주,2012-01,6종,4886
134,선산,2012-01,1종,98762
134,선산,2012-01,2종,6362
134,선산,2012-01,3종,4177
134,선산,2012-01,4종,6317
134,선산,2012-01,5종,5186
134,선산,2012-01,6종,3661
135,경주,2012-01,1종,849672
135,경주,2012-01,2종,42260
135,경주,2012-01,3종,70530
135,경주,2012-01,4종,32113
135,경주,2012-01,5종,89588
135,경주,2012-01,6종,29971
137,통도사,2012-01,1종,285059
137,통도사,2012-01,2종,22366
137,통도사,2012-01,3종,15054
137,통도사,2012-01,4종,11204
137,통도사,2012-01,5종,15893
137,통도사,2012-01,6종,14266
138,양산,2012-01,1종,703081
138,양산,2012-01,2종,80295
138,양산,2012-01,3종,37302
138,양산,2012-01,4종,42314
138,양산,2012-01,5종,52498
138,양산,2012-01,6종,37626
139,서울산,2012-01,1종,420022
139,서울산,2012-01,2종,25528
139,서울산,2012-01,3종,25749
139,서울산,2012-01,4종,11232
139,서울산,2012-01,5종,20085
139,서울산,2012-01,6종,20460
140,부산,2012-01,1종,1520720
140,부산,2012-01,2종,65171
140,부산,2012-01,3종,43622
140,부산,2012-01,4종,32840
140,부산,2012-01,5종,64507
140,부산,2012-01,6종,82564
142,군북,2012-01,1종,285021
142,군북,2012-01,2종,11521
142,군북,2012-01,3종,9546
142,군북,2012-01,4종,7643
142,군북,2012-01,5종,17271
142,군북,2012-01,6종,15271
143,장지,2012-01,1종,102763
143,장지,2012-01,2종,6201
143,장지,2012-01,3종,3685
143,장지,2012-01,4종,3603
143,장지,2012-01,5종,15987
143,장지,2012-01,6종,5559
144,함안,2012-01,1종,238150
144,함안,2012-01,2종,13938
144,함안,2012-01,3종,8268
144,함안,2012-01,4종,7077
144,함안,2012-01,5종,13127
144,함안,2012-01,6종,14270
145,산인,2012-01,1종,665684
145,산인,2012-01,2종,17362
145,산인,2012-01,3종,28344
145,산인,2012-01,4종,13244
145,산인,2012-01,5종,20313
145,산인,2012-01,6종,35981
146,동창원,2012-01,1종,578665
146,동창원,2012-01,2종,31483
146,동창원,2012-01,3종,16767
146,동창원,2012-01,4종,14367
146,동창원,2012-01,5종,26158
146,동창원,2012-01,6종,38203
147,진례,2012-01,1종,447131
147,진례,2012-01,2종,37394
147,진례,2012-01,3종,18111
147,진례,2012-01,4종,15383
147,진례,2012-01,5종,20690
147,진례,2012-01,6종,29997
148,서김해,2012-01,1종,618392
148,서김해,2012-01,2종,22106
148,서김해,2012-01,3종,14214
148,서김해,2012-01,4종,8703
148,서김해,2012-01,5종,14005
148,서김해,2012-01,6종,41599
149,동김해,2012-01,1종,1101411
149,동김해,2012-01,2종,36696
149,동김해,2012-01,3종,20186
149,동김해,2012-01,4종,11078
149,동김해,2012-01,5종,12935
149,동김해,2012-01,6종,85626
150,북부산,2012-01,1종,2360713
150,북부산,2012-01,2종,73328
150,북부산,2012-01,3종,63232
150,북부산,2012-01,4종,36284
150,북부산,2012-01,5종,84527
150,북부산,2012-01,6종,149721
151,북대전,2012-01,1종,598115
151,북대전,2012-01,2종,17029
151,북대전,2012-01,3종,25568
151,북대전,2012-01,4종,16759
151,북대전,2012-01,5종,13657
151,북대전,2012-01,6종,31610
152,유성,2012-01,1종,914701
152,유성,2012-01,2종,23657
152,유성,2012-01,3종,31392
152,유성,2012-01,4종,14810
152,유성,2012-01,5종,13283
152,유성,2012-01,6종,38385
153,서대전,2012-01,1종,557895
153,서대전,2012-01,2종,18082
153,서대전,2012-01,3종,13678
153,서대전,2012-01,4종,11616
153,서대전,2012-01,5종,11163
153,서대전,2012-01,6종,29412
154,안영,2012-01,1종,359038
154,안영,2012-01,2종,12926
154,안영,2012-01,3종,6820
154,안영,2012-01,4종,4332
154,안영,2012-01,5종,5873
154,안영,2012-01,6종,17121
155,논산,2012-01,1종,196865
155,논산,2012-01,2종,15627
155,논산,2012-01,3종,14923
155,논산,2012-01,4종,10855
155,논산,2012-01,5종,10004
155,논산,2012-01,6종,7402
156,익산,2012-01,1종,260379
156,익산,2012-01,2종,20286
156,익산,2012-01,3종,26878
156,익산,2012-01,4종,15815
156,익산,2012-01,5종,22714
156,익산,2012-01,6종,7736
157,삼례,2012-01,1종,99053
157,삼례,2012-01,2종,7577
157,삼례,2012-01,3종,5597
157,삼례,2012-01,4종,4193
157,삼례,2012-01,5종,8762
157,삼례,2012-01,6종,2704
158,전주,2012-01,1종,410105
158,전주,2012-01,2종,20579
158,전주,2012-01,3종,42843
158,전주,2012-01,4종,17031
158,전주,2012-01,5종,36499
158,전주,2012-01,6종,12499
159,서전주,2012-01,1종,203367
159,서전주,2012-01,2종,12149
159,서전주,2012-01,3종,9785
159,서전주,2012-01,4종,5000
159,서전주,2012-01,5종,6031
159,서전주,2012-01,6종,5528
160,김제,2012-01,1종,95980
160,김제,2012-01,2종,6813
160,김제,2012-01,3종,4498
160,김제,2012-01,4종,3202
160,김제,2012-01,5종,3788
160,김제,2012-01,6종,3123
161,금산사,2012-01,1종,37171
161,금산사,2012-01,2종,3023
161,금산사,2012-01,3종,1770
161,금산사,2012-01,4종,603
161,금산사,2012-01,5종,1921
161,금산사,2012-01,6종,1131
162,태인,2012-01,1종,71290
162,태인,2012-01,2종,5585
162,태인,2012-01,3종,4830
162,태인,2012-01,4종,2727
162,태인,2012-01,5종,4564
162,태인,2012-01,6종,2476
163,정읍,2012-01,1종,234086
163,정읍,2012-01,2종,18103
163,정읍,2012-01,3종,19504
163,정읍,2012-01,4종,9303
163,정읍,2012-01,5종,8989
163,정읍,2012-01,6종,6491
164,무주,2012-01,1종,203733
164,무주,2012-01,2종,3740
164,무주,2012-01,3종,5840
164,무주,2012-01,4종,2336
164,무주,2012-01,5종,1530
164,무주,2012-01,6종,6312
165,백양사,2012-01,1종,57000
165,백양사,2012-01,2종,2079
165,백양사,2012-01,3종,3046
165,백양사,2012-01,4종,1616
165,백양사,2012-01,5종,1248
165,백양사,2012-01,6종,1617
166,장성,2012-01,1종,125806
166,장성,2012-01,2종,8701
166,장성,2012-01,3종,7414
166,장성,2012-01,4종,4832
166,장성,2012-01,5종,6567
166,장성,2012-01,6종,3712
167,광주,2012-01,1종,961464
167,광주,2012-01,2종,45282
167,광주,2012-01,3종,78142
167,광주,2012-01,4종,40899
167,광주,2012-01,5종,32241
167,광주,2012-01,6종,25235
168,덕유산,2012-01,1종,151996
168,덕유산,2012-01,2종,1797
168,덕유산,2012-01,3종,4976
168,덕유산,2012-01,4종,639
168,덕유산,2012-01,5종,543
168,덕유산,2012-01,6종,3348
169,장수,2012-01,1종,119942
169,장수,2012-01,2종,3194
169,장수,2012-01,3종,4492
169,장수,2012-01,4종,1708
169,장수,2012-01,5종,1850
169,장수,2012-01,6종,3471
170,서상,2012-01,1종,44792
170,서상,2012-01,2종,2236
170,서상,2012-01,3종,4331
170,서상,2012-01,4종,2782
170,서상,2012-01,5종,1825
170,서상,2012-01,6종,1586
171,마성,2012-01,1종,238168
171,마성,2012-01,2종,6180
171,마성,2012-01,3종,18900
171,마성,2012-01,4종,1156
171,마성,2012-01,5종,1224
171,마성,2012-01,6종,12726
172,용인,2012-01,1종,674209
172,용인,2012-01,2종,57328
172,용인,2012-01,3종,26382
172,용인,2012-01,4종,17512
172,용인,2012-01,5종,9732
172,용인,2012-01,6종,45415
173,양지,2012-01,1종,679126
173,양지,2012-01,2종,85870
173,양지,2012-01,3종,53547
173,양지,2012-01,4종,44082
173,양지,2012-01,5종,31735
173,양지,2012-01,6종,36181
174,춘천,2012-01,1종,741586
174,춘천,2012-01,2종,17913
174,춘천,2012-01,3종,22510
174,춘천,2012-01,4종,5294
174,춘천,2012-01,5종,4499
174,춘천,2012-01,6종,39864
175,덕평,2012-01,1종,300825
175,덕평,2012-01,2종,34079
175,덕평,2012-01,3종,18904
175,덕평,2012-01,4종,13052
175,덕평,2012-01,5종,7903
175,덕평,2012-01,6종,16035
176,이천,2012-01,1종,491034
176,이천,2012-01,2종,40623
176,이천,2012-01,3종,37430
176,이천,2012-01,4종,32800
176,이천,2012-01,5종,29398
176,이천,2012-01,6종,23137
177,여주,2012-01,1종,356789
177,여주,2012-01,2종,24283
177,여주,2012-01,3종,40046
177,여주,2012-01,4종,21272
177,여주,2012-01,5종,10436
177,여주,2012-01,6종,15564
178,문막,2012-01,1종,318988
178,문막,2012-01,2종,22191
178,문막,2012-01,3종,31230
178,문막,2012-01,4종,9615
178,문막,2012-01,5종,11084
178,문막,2012-01,6종,13208
179,홍천,2012-01,1종,273813
179,홍천,2012-01,2종,9056
179,홍천,2012-01,3종,11370
179,홍천,2012-01,4종,4334
179,홍천,2012-01,5종,3418
179,홍천,2012-01,6종,16742
180,원주,2012-01,1종,229461
180,원주,2012-01,2종,13241
180,원주,2012-01,3종,14218
180,원주,2012-01,4종,7454
180,원주,2012-01,5종,6815
180,원주,2012-01,6종,10791
181,새말,2012-01,1종,185617
181,새말,2012-01,2종,6956
181,새말,2012-01,3종,8597
181,새말,2012-01,4종,2411
181,새말,2012-01,5종,2290
181,새말,2012-01,6종,6618
182,둔내,2012-01,1종,150899
182,둔내,2012-01,2종,3646
182,둔내,2012-01,3종,7351
182,둔내,2012-01,4종,1330
182,둔내,2012-01,5종,764
182,둔내,2012-01,6종,5915
183,면온,2012-01,1종,148967
183,면온,2012-01,2종,1717
183,면온,2012-01,3종,7084
183,면온,2012-01,4종,808
183,면온,2012-01,5종,677
183,면온,2012-01,6종,4330
184,대관령,2012-01,1종,276105
184,대관령,2012-01,2종,5144
184,대관령,2012-01,3종,21023
184,대관령,2012-01,4종,781
184,대관령,2012-01,5종,450
184,대관령,2012-01,6종,9240
185,평창,2012-01,1종,112418
185,평창,2012-01,2종,3344
185,평창,2012-01,3종,11224
185,평창,2012-01,4종,1351
185,평창,2012-01,5종,1743
185,평창,2012-01,6종,4775
186,속사,2012-01,1종,36001
186,속사,2012-01,2종,970
186,속사,2012-01,3종,2385
186,속사,2012-01,4종,331
186,속사,2012-01,5종,214
186,속사,2012-01,6종,1129
187,진부,2012-01,1종,145630
187,진부,2012-01,2종,3432
187,진부,2012-01,3종,10706
187,진부,2012-01,4종,818
187,진부,2012-01,5종,652
187,진부,2012-01,6종,5997
189,강릉,2012-01,1종,456053
189,강릉,2012-01,2종,12882
189,강릉,2012-01,3종,38396
189,강릉,2012-01,4종,7003
189,강릉,2012-01,5종,7628
189,강릉,2012-01,6종,21623
190,동서울,2012-01,1종,3209740
190,동서울,2012-01,2종,175471
190,동서울,2012-01,3종,196905
190,동서울,2012-01,4종,76477
190,동서울,2012-01,5종,47635
190,동서울,2012-01,6종,134072
191,경기광주,2012-01,1종,693659
191,경기광주,2012-01,2종,40575
191,경기광주,2012-01,3종,28051
191,경기광주,2012-01,4종,8605
191,경기광주,2012-01,5종,4095
191,경기광주,2012-01,6종,43383
192,곤지암,2012-01,1종,719390
192,곤지암,2012-01,2종,63499
192,곤지암,2012-01,3종,34238
192,곤지암,2012-01,4종,25096
192,곤지암,2012-01,5종,14583
192,곤지암,2012-01,6종,35960
193,일죽,2012-01,1종,391617
193,일죽,2012-01,2종,39025
193,일죽,2012-01,3종,29094
193,일죽,2012-01,4종,24982
193,일죽,2012-01,5종,16978
193,일죽,2012-01,6종,15887
194,서이천,2012-01,1종,380349
194,서이천,2012-01,2종,56617
194,서이천,2012-01,3종,41091
194,서이천,2012-01,4종,23640
194,서이천,2012-01,5종,8400
194,서이천,2012-01,6종,19324
195,대소,2012-01,1종,346206
195,대소,2012-01,2종,52800
195,대소,2012-01,3종,34499
195,대소,2012-01,4종,29989
195,대소,2012-01,5종,22669
195,대소,2012-01,6종,14002
196,진천,2012-01,1종,180180
196,진천,2012-01,2종,15014
196,진천,2012-01,3종,13080
196,진천,2012-01,4종,10898
196,진천,2012-01,5종,12776
196,진천,2012-01,6종,7297
197,증평,2012-01,1종,372387
197,증평,2012-01,2종,25177
197,증평,2012-01,3종,22346
197,증평,2012-01,4종,15760
197,증평,2012-01,5종,22904
197,증평,2012-01,6종,14203
198,서청주,2012-01,1종,682568
198,서청주,2012-01,2종,36063
198,서청주,2012-01,3종,36535
198,서청주,2012-01,4종,25645
198,서청주,2012-01,5종,28052
198,서청주,2012-01,6종,30277
199,오창,2012-01,1종,431599
199,오창,2012-01,2종,21916
199,오창,2012-01,3종,23788
199,오창,2012-01,4종,12215
199,오창,2012-01,5종,14130
199,오창,2012-01,6종,19405
200,금산,2012-01,1종,132715
200,금산,2012-01,2종,4152
200,금산,2012-01,3종,4993
200,금산,2012-01,4종,3890
200,금산,2012-01,5종,5526
200,금산,2012-01,6종,5527
201,칠곡,2012-01,1종,568829
201,칠곡,2012-01,2종,21782
201,칠곡,2012-01,3종,18791
201,칠곡,2012-01,4종,6901
201,칠곡,2012-01,5종,11086
201,칠곡,2012-01,6종,26875
202,다부,2012-01,1종,103031
202,다부,2012-01,2종,7713
202,다부,2012-01,3종,3416
202,다부,2012-01,4종,1668
202,다부,2012-01,5종,4606
202,다부,2012-01,6종,3768
203,가산,2012-01,1종,456537
203,가산,2012-01,2종,19963
203,가산,2012-01,3종,15242
203,가산,2012-01,4종,10713
203,가산,2012-01,5종,18718
203,가산,2012-01,6종,18897
204,추부,2012-01,1종,148914
204,추부,2012-01,2종,8029
204,추부,2012-01,3종,5530
204,추부,2012-01,4종,3005
204,추부,2012-01,5종,3096
204,추부,2012-01,6종,7377
205,군위,2012-01,1종,124978
205,군위,2012-01,2종,5530
205,군위,2012-01,3종,2882
205,군위,2012-01,4종,1876
205,군위,2012-01,5종,5194
205,군위,2012-01,6종,5645
206,의성,2012-01,1종,160621
206,의성,2012-01,2종,4749
206,의성,2012-01,3종,3149
206,의성,2012-01,4종,1603
206,의성,2012-01,5종,2561
206,의성,2012-01,6종,5192
207,남안동,2012-01,1종,252886
207,남안동,2012-01,2종,7897
207,남안동,2012-01,3종,4696
207,남안동,2012-01,4종,2772
207,남안동,2012-01,5종,5045
207,남안동,2012-01,6종,8651
208,서안동,2012-01,1종,189618
208,서안동,2012-01,2종,5709
208,서안동,2012-01,3종,14627
208,서안동,2012-01,4종,2238
208,서안동,2012-01,5종,5601
208,서안동,2012-01,6종,6067
209,예천,2012-01,1종,25615
209,예천,2012-01,2종,498
209,예천,2012-01,3종,335
209,예천,2012-01,4종,175
209,예천,2012-01,5종,354
209,예천,2012-01,6종,962
210,영주,2012-01,1종,132399
210,영주,2012-01,2종,4456
210,영주,2012-01,3종,6806
210,영주,2012-01,4종,2134
210,영주,2012-01,5종,8144
210,영주,2012-01,6종,4219
211,풍기,2012-01,1종,186565
211,풍기,2012-01,2종,6011
211,풍기,2012-01,3종,13165
211,풍기,2012-01,4종,3106
211,풍기,2012-01,5종,6551
211,풍기,2012-01,6종,6516
212,북수원,2012-01,1종,1066070
212,북수원,2012-01,2종,41777
212,북수원,2012-01,3종,47751
212,북수원,2012-01,4종,21832
212,북수원,2012-01,5종,14661
212,북수원,2012-01,6종,59489
213,부곡,2012-01,1종,345277
213,부곡,2012-01,2종,9376
213,부곡,2012-01,3종,6545
213,부곡,2012-01,4종,9261
213,부곡,2012-01,5종,60017
213,부곡,2012-01,6종,20162
214,동군포,2012-01,1종,153225
214,동군포,2012-01,2종,8839
214,동군포,2012-01,3종,6319
214,동군포,2012-01,4종,13368
214,동군포,2012-01,5종,6563
214,동군포,2012-01,6종,9080
215,군포,2012-01,1종,919518
215,군포,2012-01,2종,56117
215,군포,2012-01,3종,37824
215,군포,2012-01,4종,20842
215,군포,2012-01,5종,30423
215,군포,2012-01,6종,61424
216,횡성,2012-01,1종,166032
216,횡성,2012-01,2종,5507
216,횡성,2012-01,3종,7096
216,횡성,2012-01,4종,2256
216,횡성,2012-01,5종,2948
216,횡성,2012-01,6종,7185
217,북원주,2012-01,1종,67663
217,북원주,2012-01,2종,3389
217,북원주,2012-01,3종,2340
217,북원주,2012-01,4종,1661
217,북원주,2012-01,5종,1869
217,북원주,2012-01,6종,3783
218,남원주,2012-01,1종,480423
218,남원주,2012-01,2종,16563
218,남원주,2012-01,3종,26159
218,남원주,2012-01,4종,5436
218,남원주,2012-01,5종,5045
218,남원주,2012-01,6종,22277
219,신림,2012-01,1종,79648
219,신림,2012-01,2종,2563
219,신림,2012-01,3종,2609
219,신림,2012-01,4종,1485
219,신림,2012-01,5종,3900
219,신림,2012-01,6종,3112
221,생초,2012-01,1종,56137
221,생초,2012-01,2종,1950
221,생초,2012-01,3종,2332
221,생초,2012-01,4종,1558
221,생초,2012-01,5종,6331
221,생초,2012-01,6종,1737
222,산청,2012-01,1종,45121
222,산청,2012-01,2종,1531
222,산청,2012-01,3종,1662
222,산청,2012-01,4종,623
222,산청,2012-01,5종,1596
222,산청,2012-01,6종,1695
223,단성,2012-01,1종,98935
223,단성,2012-01,2종,2978
223,단성,2012-01,3종,5203
223,단성,2012-01,4종,2495
223,단성,2012-01,5종,2983
223,단성,2012-01,6종,3625
224,함양,2012-01,1종,101115
224,함양,2012-01,2종,4306
224,함양,2012-01,3종,6772
224,함양,2012-01,4종,1484
224,함양,2012-01,5종,4277
224,함양,2012-01,6종,4318
225,서진주,2012-01,1종,336434
225,서진주,2012-01,2종,9897
225,서진주,2012-01,3종,11432
225,서진주,2012-01,4종,7617
225,서진주,2012-01,5종,13861
225,서진주,2012-01,6종,20598
227,군산,2012-01,1종,225406
227,군산,2012-01,2종,8331
227,군산,2012-01,3종,13997
227,군산,2012-01,4종,11337
227,군산,2012-01,5종,32707
227,군산,2012-01,6종,6353
228,동군산,2012-01,1종,218969
228,동군산,2012-01,2종,10543
228,동군산,2012-01,3종,11342
228,동군산,2012-01,4종,7315
228,동군산,2012-01,5종,20336
228,동군산,2012-01,6종,5523
230,팔공산,2012-01,1종,517457
230,팔공산,2012-01,2종,19195
230,팔공산,2012-01,3종,9372
230,팔공산,2012-01,4종,6778
230,팔공산,2012-01,5종,11216
230,팔공산,2012-01,6종,22876
231,화원옥포,2012-01,1종,580577
231,화원옥포,2012-01,2종,34312
231,화원옥포,2012-01,3종,15942
231,화원옥포,2012-01,4종,7011
231,화원옥포,2012-01,5종,15367
231,화원옥포,2012-01,6종,28369
232,달성,2012-01,1종,336785
232,달성,2012-01,2종,22219
232,달성,2012-01,3종,17567
232,달성,2012-01,4종,5278
232,달성,2012-01,5종,5489
232,달성,2012-01,6종,21543
233,현풍,2012-01,1종,369400
233,현풍,2012-01,2종,31267
233,현풍,2012-01,3종,17245
233,현풍,2012-01,4종,13418
233,현풍,2012-01,5종,30732
233,현풍,2012-01,6종,17132
234,서천,2012-01,1종,110451
234,서천,2012-01,2종,4228
234,서천,2012-01,3종,4121
234,서천,2012-01,4종,6169
234,서천,2012-01,5종,8514
234,서천,2012-01,6종,3320
235,창녕,2012-01,1종,165139
235,창녕,2012-01,2종,6870
235,창녕,2012-01,3종,7707
235,창녕,2012-01,4종,2618
235,창녕,2012-01,5종,5148
235,창녕,2012-01,6종,7708
236,영산,2012-01,1종,163395
236,영산,2012-01,2종,8334
236,영산,2012-01,3종,9333
236,영산,2012-01,4종,5195
236,영산,2012-01,5종,7715
236,영산,2012-01,6종,6270
237,남지,2012-01,1종,135439
237,남지,2012-01,2종,8790
237,남지,2012-01,3종,10796
237,남지,2012-01,4종,7195
237,남지,2012-01,5종,14784
237,남지,2012-01,6종,8897
238,칠서,2012-01,1종,202237
238,칠서,2012-01,2종,24757
238,칠서,2012-01,3종,11979
238,칠서,2012-01,4종,14825
238,칠서,2012-01,5종,32181
238,칠서,2012-01,6종,12932
239,칠원,2012-01,1종,548028
239,칠원,2012-01,2종,25850
239,칠원,2012-01,3종,41332
239,칠원,2012-01,4종,26762
239,칠원,2012-01,5종,31686
239,칠원,2012-01,6종,27279
240,제천,2012-01,1종,457726
240,제천,2012-01,2종,12820
240,제천,2012-01,3종,26312
240,제천,2012-01,4종,5744
240,제천,2012-01,5종,12218
240,제천,2012-01,6종,17238
241,동고령,2012-01,1종,236773
241,동고령,2012-01,2종,17123
241,동고령,2012-01,3종,13419
241,동고령,2012-01,4종,8960
241,동고령,2012-01,5종,11308
241,동고령,2012-01,6종,9442
242,고령,2012-01,1종,179384
242,고령,2012-01,2종,9529
242,고령,2012-01,3종,8451
242,고령,2012-01,4종,3863
242,고령,2012-01,5종,9580
242,고령,2012-01,6종,7060
243,해인사,2012-01,1종,89789
243,해인사,2012-01,2종,3040
243,해인사,2012-01,3종,2277
243,해인사,2012-01,4종,585
243,해인사,2012-01,5종,699
243,해인사,2012-01,6종,3925
244,서부산,2012-01,1종,2035065
244,서부산,2012-01,2종,76100
244,서부산,2012-01,3종,85559
244,서부산,2012-01,4종,48829
244,서부산,2012-01,5종,173746
244,서부산,2012-01,6종,124879
245,장유,2012-01,1종,1355155
245,장유,2012-01,2종,45784
245,장유,2012-01,3종,44986
245,장유,2012-01,4종,26459
245,장유,2012-01,5종,47841
245,장유,2012-01,6종,98907
246,가락,2012-01,1종,685976
246,가락,2012-01,2종,35740
246,가락,2012-01,3종,21855
246,가락,2012-01,4종,37635
246,가락,2012-01,5종,152171
246,가락,2012-01,6종,44141
247,남원,2012-01,1종,134890
247,남원,2012-01,2종,6054
247,남원,2012-01,3종,6282
247,남원,2012-01,4종,2002
247,남원,2012-01,5종,9642
247,남원,2012-01,6종,4730
248,순창,2012-01,1종,104270
248,순창,2012-01,2종,3518
248,순창,2012-01,3종,2347
248,순창,2012-01,4종,1862
248,순창,2012-01,5종,3804
248,순창,2012-01,6종,3357
249,담양,2012-01,1종,151386
249,담양,2012-01,2종,4914
249,담양,2012-01,3종,12523
249,담양,2012-01,4종,2465
249,담양,2012-01,5종,4838
249,담양,2012-01,6종,4600
250,남양산,2012-01,1종,915709
250,남양산,2012-01,2종,44563
250,남양산,2012-01,3종,38477
250,남양산,2012-01,4종,20390
250,남양산,2012-01,5종,28669
250,남양산,2012-01,6종,57808
251,물금,2012-01,1종,382276
251,물금,2012-01,2종,40279
251,물금,2012-01,3종,16310
251,물금,2012-01,4종,31875
251,물금,2012-01,5종,62512
251,물금,2012-01,6종,25616
252,대동,2012-01,1종,2311770
252,대동,2012-01,2종,176108
252,대동,2012-01,3종,103436
252,대동,2012-01,4종,92154
252,대동,2012-01,5종,253206
252,대동,2012-01,6종,114621
253,서서울,2012-01,1종,4569601
253,서서울,2012-01,2종,208775
253,서서울,2012-01,3종,127106
253,서서울,2012-01,4종,106486
253,서서울,2012-01,5종,106651
253,서서울,2012-01,6종,248001
254,군자,2012-01,1종,2783237
254,군자,2012-01,2종,161856
254,군자,2012-01,3종,154244
254,군자,2012-01,4종,113278
254,군자,2012-01,5종,238905
254,군자,2012-01,6종,169998
255,서안산,2012-01,1종,1737089
255,서안산,2012-01,2종,126369
255,서안산,2012-01,3종,61584
255,서안산,2012-01,4종,60891
255,서안산,2012-01,5종,81192
255,서안산,2012-01,6종,126869
256,안산,2012-01,1종,896813
256,안산,2012-01,2종,23384
256,안산,2012-01,3종,18594
256,안산,2012-01,4종,5268
256,안산,2012-01,5종,6153
256,안산,2012-01,6종,59174
257,홍성,2012-01,1종,190725
257,홍성,2012-01,2종,7104
257,홍성,2012-01,3종,5378
257,홍성,2012-01,4종,2569
257,홍성,2012-01,5종,4729
257,홍성,2012-01,6종,5223
258,광천,2012-01,1종,111731
258,광천,2012-01,2종,6439
258,광천,2012-01,3종,5215
258,광천,2012-01,4종,4104
258,광천,2012-01,5종,7551
258,광천,2012-01,6종,3371
259,대천,2012-01,1종,198050
259,대천,2012-01,2종,6815
259,대천,2012-01,3종,8258
259,대천,2012-01,4종,2756
259,대천,2012-01,5종,3162
259,대천,2012-01,6종,6512
260,춘장대,2012-01,1종,44795
260,춘장대,2012-01,2종,1116
260,춘장대,2012-01,3종,1191
260,춘장대,2012-01,4종,1044
260,춘장대,2012-01,5종,3183
260,춘장대,2012-01,6종,1227
261,동광주,2012-01,1종,1039904
261,동광주,2012-01,2종,38714
261,동광주,2012-01,3종,58947
261,동광주,2012-01,4종,25194
261,동광주,2012-01,5종,55520
261,동광주,2012-01,6종,32125
262,창평,2012-01,1종,84505
262,창평,2012-01,2종,5551
262,창평,2012-01,3종,2984
262,창평,2012-01,4종,2453
262,창평,2012-01,5종,1664
262,창평,2012-01,6종,2709
263,옥과,2012-01,1종,170027
263,옥과,2012-01,2종,3966
263,옥과,2012-01,3종,8146
263,옥과,2012-01,4종,2863
263,옥과,2012-01,5종,3273
263,옥과,2012-01,6종,6967
264,동남원,2012-01,1종,60214
264,동남원,2012-01,2종,1577
264,동남원,2012-01,3종,2932
264,동남원,2012-01,4종,973
264,동남원,2012-01,5종,1092
264,동남원,2012-01,6종,1842
265,곡성,2012-01,1종,136840
265,곡성,2012-01,2종,5356
265,곡성,2012-01,3종,4752
265,곡성,2012-01,4종,2188
265,곡성,2012-01,5종,6338
265,곡성,2012-01,6종,4952
266,석곡,2012-01,1종,44809
266,석곡,2012-01,2종,1395
266,석곡,2012-01,3종,1541
266,석곡,2012-01,4종,502
266,석곡,2012-01,5종,1076
266,석곡,2012-01,6종,1218
267,주암송광사,2012-01,1종,135818
267,주암송광사,2012-01,2종,4638
267,주암송광사,2012-01,3종,3199
267,주암송광사,2012-01,4종,2781
267,주암송광사,2012-01,5종,8001
267,주암송광사,2012-01,6종,3508
268,승주,2012-01,1종,58493
268,승주,2012-01,2종,1285
268,승주,2012-01,3종,1148
268,승주,2012-01,4종,700
268,승주,2012-01,5종,588
268,승주,2012-01,6종,2456
269,지리산,2012-01,1종,48502
269,지리산,2012-01,2종,2085
269,지리산,2012-01,3종,2478
269,지리산,2012-01,4종,1684
269,지리산,2012-01,5종,639
269,지리산,2012-01,6종,1318
270,서순천,2012-01,1종,156134
270,서순천,2012-01,2종,5697
270,서순천,2012-01,3종,9899
270,서순천,2012-01,4종,1703
270,서순천,2012-01,5종,3057
270,서순천,2012-01,6종,5303
271,순천,2012-01,1종,639974
271,순천,2012-01,2종,20292
271,순천,2012-01,3종,20226
271,순천,2012-01,4종,14921
271,순천,2012-01,5종,49172
271,순천,2012-01,6종,18192
272,광양,2012-01,1종,249414
272,광양,2012-01,2종,10705
272,광양,2012-01,3종,14523
272,광양,2012-01,4종,13382
272,광양,2012-01,5종,47103
272,광양,2012-01,6종,7744
273,동광양,2012-01,1종,120481
273,동광양,2012-01,2종,2895
273,동광양,2012-01,3종,2249
273,동광양,2012-01,4종,1806
273,동광양,2012-01,5종,17441
273,동광양,2012-01,6종,4999
274,가조,2012-01,1종,61007
274,가조,2012-01,2종,1893
274,가조,2012-01,3종,2918
274,가조,2012-01,4종,954
274,가조,2012-01,5종,876
274,가조,2012-01,6종,3334
275,옥곡,2012-01,1종,114887
275,옥곡,2012-01,2종,2744
275,옥곡,2012-01,3종,3382
275,옥곡,2012-01,4종,1215
275,옥곡,2012-01,5종,7226
275,옥곡,2012-01,6종,5092
276,진월,2012-01,1종,68171
276,진월,2012-01,2종,2229
276,진월,2012-01,3종,1529
276,진월,2012-01,4종,3986
276,진월,2012-01,5종,38366
276,진월,2012-01,6종,2358
277,하동,2012-01,1종,179006
277,하동,2012-01,2종,4600
277,하동,2012-01,3종,6291
277,하동,2012-01,4종,5661
277,하동,2012-01,5종,28355
277,하동,2012-01,6종,7578
278,진교,2012-01,1종,173746
278,진교,2012-01,2종,5342
278,진교,2012-01,3종,13362
278,진교,2012-01,4종,1214
278,진교,2012-01,5종,2269
278,진교,2012-01,6종,9041
279,곤양,2012-01,1종,117113
279,곤양,2012-01,2종,4473
279,곤양,2012-01,3종,6081
279,곤양,2012-01,4종,5131
279,곤양,2012-01,5종,14959
279,곤양,2012-01,6종,6116
280,거창,2012-01,1종,183239
280,거창,2012-01,2종,8435
280,거창,2012-01,3종,14642
280,거창,2012-01,4종,2466
280,거창,2012-01,5종,2653
280,거창,2012-01,6종,8269
281,매송,2012-01,1종,465034
281,매송,2012-01,2종,31445
281,매송,2012-01,3종,21272
281,매송,2012-01,4종,14518
281,매송,2012-01,5종,21677
281,매송,2012-01,6종,23666
282,비봉,2012-01,1종,704451
282,비봉,2012-01,2종,54025
282,비봉,2012-01,3종,32477
282,비봉,2012-01,4종,24378
282,비봉,2012-01,5종,41577
282,비봉,2012-01,6종,37910
283,발안,2012-01,1종,426962
283,발안,2012-01,2종,34964
283,발안,2012-01,3종,17458
283,발안,2012-01,4종,15497
283,발안,2012-01,5종,20419
283,발안,2012-01,6종,22970
284,남양양,2012-01,1종,48901
284,남양양,2012-01,2종,1138
284,남양양,2012-01,3종,1522
284,남양양,2012-01,4종,517
284,남양양,2012-01,5종,344
284,남양양,2012-01,6종,1369
285,서평택,2012-01,1종,547178
285,서평택,2012-01,2종,49005
285,서평택,2012-01,3종,39772
285,서평택,2012-01,4종,55802
285,서평택,2012-01,5종,117622
285,서평택,2012-01,6종,27129
286,통도사휴게소,2012-01,1종,11982
286,통도사휴게소,2012-01,2종,95
286,통도사휴게소,2012-01,3종,1583
286,통도사휴게소,2012-01,4종,0
286,통도사휴게소,2012-01,5종,0
286,통도사휴게소,2012-01,6종,533
287,송악,2012-01,1종,414080
287,송악,2012-01,2종,22123
287,송악,2012-01,3종,17050
287,송악,2012-01,4종,18438
287,송악,2012-01,5종,107346
287,송악,2012-01,6종,16579
288,당진,2012-01,1종,352978
288,당진,2012-01,2종,16927
288,당진,2012-01,3종,18681
288,당진,2012-01,4종,10532
288,당진,2012-01,5종,38365
288,당진,2012-01,6종,14219
289,마산,2012-01,1종,912936
289,마산,2012-01,2종,36677
289,마산,2012-01,3종,38378
289,마산,2012-01,4종,16068
289,마산,2012-01,5종,22945
289,마산,2012-01,6종,57880
290,축동,2012-01,1종,40962
290,축동,2012-01,2종,2559
290,축동,2012-01,3종,999
290,축동,2012-01,4종,944
290,축동,2012-01,5종,6045
290,축동,2012-01,6종,2155
291,사천,2012-01,1종,617277
291,사천,2012-01,2종,24756
291,사천,2012-01,3종,21766
291,사천,2012-01,4종,10310
291,사천,2012-01,5종,21866
291,사천,2012-01,6종,38389
292,진주,2012-01,1종,603388
292,진주,2012-01,2종,24380
292,진주,2012-01,3종,43192
292,진주,2012-01,4종,10647
292,진주,2012-01,5종,29475
292,진주,2012-01,6종,37783
293,문산,2012-01,1종,269113
293,문산,2012-01,2종,11580
293,문산,2012-01,3종,6645
293,문산,2012-01,4종,4774
293,문산,2012-01,5종,9961
293,문산,2012-01,6종,15366
294,북창원,2012-01,1종,201274
294,북창원,2012-01,2종,9464
294,북창원,2012-01,3종,4815
294,북창원,2012-01,4종,4757
294,북창원,2012-01,5종,6363
294,북창원,2012-01,6종,9876
295,진성,2012-01,1종,135080
295,진성,2012-01,2종,8353
295,진성,2012-01,3종,7139
295,진성,2012-01,4종,4636
295,진성,2012-01,5종,10929
295,진성,2012-01,6종,5943
296,지수,2012-01,1종,47985
296,지수,2012-01,2종,2994
296,지수,2012-01,3종,1412
296,지수,2012-01,4종,1497
296,지수,2012-01,5종,4801
296,지수,2012-01,6종,3007
298,서산,2012-01,1종,410451
298,서산,2012-01,2종,16769
298,서산,2012-01,3종,24101
298,서산,2012-01,4종,17599
298,서산,2012-01,5종,30635
298,서산,2012-01,6종,14849
299,해미,2012-01,1종,116526
299,해미,2012-01,2종,5280
299,해미,2012-01,3종,4430
299,해미,2012-01,4종,3882
299,해미,2012-01,5종,10654
299,해미,2012-01,6종,4274
501,서김제,2012-01,1종,58137
501,서김제,2012-01,2종,3047
501,서김제,2012-01,3종,3330
501,서김제,2012-01,4종,1868
501,서김제,2012-01,5종,1996
501,서김제,2012-01,6종,1557
502,부안,2012-01,1종,92841
502,부안,2012-01,2종,4831
502,부안,2012-01,3종,4676
502,부안,2012-01,4종,1460
502,부안,2012-01,5종,2743
502,부안,2012-01,6종,2362
503,줄포,2012-01,1종,60036
503,줄포,2012-01,2종,1993
503,줄포,2012-01,3종,1745
503,줄포,2012-01,4종,1040
503,줄포,2012-01,5종,987
503,줄포,2012-01,6종,1275
504,선운산,2012-01,1종,91468
504,선운산,2012-01,2종,5537
504,선운산,2012-01,3종,6964
504,선운산,2012-01,4종,6125
504,선운산,2012-01,5종,4630
504,선운산,2012-01,6종,2272
505,고창,2012-01,1종,80502
505,고창,2012-01,2종,3181
505,고창,2012-01,3종,2723
505,고창,2012-01,4종,1326
505,고창,2012-01,5종,1048
505,고창,2012-01,6종,2181
506,영광,2012-01,1종,84184
506,영광,2012-01,2종,3319
506,영광,2012-01,3종,5378
506,영광,2012-01,4종,1642
506,영광,2012-01,5종,1533
506,영광,2012-01,6종,1880
507,함평,2012-01,1종,59040
507,함평,2012-01,2종,3786
507,함평,2012-01,3종,5130
507,함평,2012-01,4종,2747
507,함평,2012-01,5종,5084
507,함평,2012-01,6종,1415
508,무안,2012-01,1종,164257
508,무안,2012-01,2종,5015
508,무안,2012-01,3종,5471
508,무안,2012-01,4종,3908
508,무안,2012-01,5종,5341
508,무안,2012-01,6종,4409
509,목포,2012-01,1종,704050
509,목포,2012-01,2종,21511
509,목포,2012-01,3종,32292
509,목포,2012-01,4종,23177
509,목포,2012-01,5종,33726
509,목포,2012-01,6종,17772
511,무창포,2012-01,1종,53901
511,무창포,2012-01,2종,2092
511,무창포,2012-01,3종,1597
511,무창포,2012-01,4종,1392
511,무창포,2012-01,5종,6876
511,무창포,2012-01,6종,1335
512,연화산,2012-01,1종,37324
512,연화산,2012-01,2종,1487
512,연화산,2012-01,3종,794
512,연화산,2012-01,4종,598
512,연화산,2012-01,5종,2306
512,연화산,2012-01,6종,2127
513,고성,2012-01,1종,314364
513,고성,2012-01,2종,13464
513,고성,2012-01,3종,9253
513,고성,2012-01,4종,9294
513,고성,2012-01,5종,12315
513,고성,2012-01,6종,14708
514,동고성,2012-01,1종,95581
514,동고성,2012-01,2종,4827
514,동고성,2012-01,3종,4280
514,동고성,2012-01,4종,5228
514,동고성,2012-01,5종,15394
514,동고성,2012-01,6종,6342
515,북통영,2012-01,1종,132075
515,북통영,2012-01,2종,3586
515,북통영,2012-01,3종,7143
515,북통영,2012-01,4종,1700
515,북통영,2012-01,5종,2297
515,북통영,2012-01,6종,6420
516,통영,2012-01,1종,497318
516,통영,2012-01,2종,19309
516,통영,2012-01,3종,15639
516,통영,2012-01,4종,13510
516,통영,2012-01,5종,21212
516,통영,2012-01,6종,24236
518,칠곡물류,2012-01,1종,32296
518,칠곡물류,2012-01,2종,6944
518,칠곡물류,2012-01,3종,2441
518,칠곡물류,2012-01,4종,5773
518,칠곡물류,2012-01,5종,6837
518,칠곡물류,2012-01,6종,1321
519,남대구,2012-01,1종,1271250
519,남대구,2012-01,2종,65398
519,남대구,2012-01,3종,57262
519,남대구,2012-01,4종,19995
519,남대구,2012-01,5종,35671
519,남대구,2012-01,6종,61605
520,평택,2012-01,1종,446068
520,평택,2012-01,2종,29553
520,평택,2012-01,3종,34501
520,평택,2012-01,4종,14974
520,평택,2012-01,5종,21193
520,평택,2012-01,6종,21296
521,단양,2012-01,1종,54819
521,단양,2012-01,2종,1636
521,단양,2012-01,3종,3205
521,단양,2012-01,4종,784
521,단양,2012-01,5종,6231
521,단양,2012-01,6종,2211
522,북단양,2012-01,1종,77913
522,북단양,2012-01,2종,2383
522,북단양,2012-01,3종,2948
522,북단양,2012-01,4종,2541
522,북단양,2012-01,5종,19653
522,북단양,2012-01,6종,2782
523,남제천,2012-01,1종,70586
523,남제천,2012-01,2종,1506
523,남제천,2012-01,3종,4959
523,남제천,2012-01,4종,622
523,남제천,2012-01,5종,1683
523,남제천,2012-01,6종,2255
524,청통와촌,2012-01,1종,212044
524,청통와촌,2012-01,2종,11724
524,청통와촌,2012-01,3종,5049
524,청통와촌,2012-01,4종,3508
524,청통와촌,2012-01,5종,4039
524,청통와촌,2012-01,6종,8277
525,북영천,2012-01,1종,167589
525,북영천,2012-01,2종,6573
525,북영천,2012-01,3종,3500
525,북영천,2012-01,4종,2655
525,북영천,2012-01,5종,6128
525,북영천,2012-01,6종,5172
526,서포항,2012-01,1종,99762
526,서포항,2012-01,2종,2108
526,서포항,2012-01,3종,1779
526,서포항,2012-01,4종,645
526,서포항,2012-01,5종,2191
526,서포항,2012-01,6종,4614
527,포항,2012-01,1종,741921
527,포항,2012-01,2종,16407
527,포항,2012-01,3종,24221
527,포항,2012-01,4종,6316
527,포항,2012-01,5종,29394
527,포항,2012-01,6종,25829
528,기흥동탄,2012-01,1종,880568
528,기흥동탄,2012-01,2종,26526
528,기흥동탄,2012-01,3종,60557
528,기흥동탄,2012-01,4종,15276
528,기흥동탄,2012-01,5종,15618
528,기흥동탄,2012-01,6종,48028
529,노포,2012-01,1종,215709
529,노포,2012-01,2종,14567
529,노포,2012-01,3종,39531
529,노포,2012-01,4종,4465
529,노포,2012-01,5종,6423
529,노포,2012-01,6종,11326
530,내장산,2012-01,1종,35754
530,내장산,2012-01,2종,1017
530,내장산,2012-01,3종,563
530,내장산,2012-01,4종,600
530,내장산,2012-01,5종,1513
530,내장산,2012-01,6종,1065
531,문의청남대,2012-01,1종,158309
531,문의청남대,2012-01,2종,6426
531,문의청남대,2012-01,3종,6354
531,문의청남대,2012-01,4종,6166
531,문의청남대,2012-01,5종,7955
531,문의청남대,2012-01,6종,6345
532,회인,2012-01,1종,35607
532,회인,2012-01,2종,1041
532,회인,2012-01,3종,479
532,회인,2012-01,4종,1115
532,회인,2012-01,5종,452
532,회인,2012-01,6종,1526
533,보은,2012-01,1종,111842
533,보은,2012-01,2종,5065
533,보은,2012-01,3종,3609
533,보은,2012-01,4종,2365
533,보은,2012-01,5종,2443
533,보은,2012-01,6종,4421
534,속리산,2012-01,1종,37022
534,속리산,2012-01,2종,1566
534,속리산,2012-01,3종,1092
534,속리산,2012-01,4종,973
534,속리산,2012-01,5종,1246
534,속리산,2012-01,6종,1220
535,화서,2012-01,1종,47786
535,화서,2012-01,2종,1410
535,화서,2012-01,3종,1919
535,화서,2012-01,4종,914
535,화서,2012-01,5종,1160
535,화서,2012-01,6종,1721
536,남상주,2012-01,1종,111311
536,남상주,2012-01,2종,4426
536,남상주,2012-01,3종,6141
536,남상주,2012-01,4종,3535
536,남상주,2012-01,5종,2791
536,남상주,2012-01,6종,4133
537,남김천,2012-01,1종,66968
537,남김천,2012-01,2종,6055
537,남김천,2012-01,3종,3304
537,남김천,2012-01,4종,4824
537,남김천,2012-01,5종,10261
537,남김천,2012-01,6종,2385
538,성주,2012-01,1종,58177
538,성주,2012-01,2종,5527
538,성주,2012-01,3종,3217
538,성주,2012-01,4종,2900
538,성주,2012-01,5종,3799
538,성주,2012-01,6종,1833
539,남성주,2012-01,1종,37071
539,남성주,2012-01,2종,5431
539,남성주,2012-01,3종,1950
539,남성주,2012-01,4종,3140
539,남성주,2012-01,5종,3458
539,남성주,2012-01,6종,1270
540,청북,2012-01,1종,291901
540,청북,2012-01,2종,39135
540,청북,2012-01,3종,24963
540,청북,2012-01,4종,22440
540,청북,2012-01,5종,26913
540,청북,2012-01,6종,14704
541,송탄,2012-01,1종,319754
541,송탄,2012-01,2종,32667
541,송탄,2012-01,3종,21949
541,송탄,2012-01,4종,26171
541,송탄,2012-01,5종,17928
541,송탄,2012-01,6종,14508
542,서안성,2012-01,1종,276749
542,서안성,2012-01,2종,31636
542,서안성,2012-01,3종,22896
542,서안성,2012-01,4종,20803
542,서안성,2012-01,5종,18721
542,서안성,2012-01,6종,12466
543,남안성,2012-01,1종,333574
543,남안성,2012-01,2종,39213
543,남안성,2012-01,3종,24601
543,남안성,2012-01,4종,22920
543,남안성,2012-01,5종,33436
543,남안성,2012-01,6종,18683
544,완주,2012-01,1종,160796
544,완주,2012-01,2종,7489
544,완주,2012-01,3종,6325
544,완주,2012-01,4종,6815
544,완주,2012-01,5종,11406
544,완주,2012-01,6종,4641
545,소양,2012-01,1종,144081
545,소양,2012-01,2종,4050
545,소양,2012-01,3종,7129
545,소양,2012-01,4종,2131
545,소양,2012-01,5종,4094
545,소양,2012-01,6종,4189
546,진안,2012-01,1종,58301
546,진안,2012-01,2종,2100
546,진안,2012-01,3종,1635
546,진안,2012-01,4종,1128
546,진안,2012-01,5종,649
546,진안,2012-01,6종,1671
547,무안공항,2012-01,1종,28279
547,무안공항,2012-01,2종,620
547,무안공항,2012-01,3종,1090
547,무안공항,2012-01,4종,343
547,무안공항,2012-01,5종,898
547,무안공항,2012-01,6종,653
548,북무안,2012-01,1종,80823
548,북무안,2012-01,2종,3060
548,북무안,2012-01,3종,2471
548,북무안,2012-01,4종,2012
548,북무안,2012-01,5종,1587
548,북무안,2012-01,6종,1741
549,동함평,2012-01,1종,136363
549,동함평,2012-01,2종,4017
549,동함평,2012-01,3종,3834
549,동함평,2012-01,4종,1766
549,동함평,2012-01,5종,3366
549,동함평,2012-01,6종,4736
550,문평,2012-01,1종,37025
550,문평,2012-01,2종,1149
550,문평,2012-01,3종,943
550,문평,2012-01,4종,654
550,문평,2012-01,5종,3062
550,문평,2012-01,6종,1129
551,나주,2012-01,1종,60522
551,나주,2012-01,2종,2247
551,나주,2012-01,3종,1283
551,나주,2012-01,4종,713
551,나주,2012-01,5종,1486
551,나주,2012-01,6종,2035
552,서광산,2012-01,1종,30128
552,서광산,2012-01,2종,1909
552,서광산,2012-01,3종,957
552,서광산,2012-01,4종,532
552,서광산,2012-01,5종,1548
552,서광산,2012-01,6종,842
553,동광산,2012-01,1종,708683
553,동광산,2012-01,2종,16023
553,동광산,2012-01,3종,22054
553,동광산,2012-01,4종,8645
553,동광산,2012-01,5종,17879
553,동광산,2012-01,6종,20698
554,동홍천,2012-01,1종,354624
554,동홍천,2012-01,2종,4472
554,동홍천,2012-01,3종,13771
554,동홍천,2012-01,4종,1993
554,동홍천,2012-01,5종,1604
554,동홍천,2012-01,6종,11738
555,북진천,2012-01,1종,217078
555,북진천,2012-01,2종,27867
555,북진천,2012-01,3종,25359
555,북진천,2012-01,4종,14584
555,북진천,2012-01,5종,14892
555,북진천,2012-01,6종,8766
556,동순천,2012-01,1종,185986
556,동순천,2012-01,2종,6159
556,동순천,2012-01,3종,10410
556,동순천,2012-01,4종,11883
556,동순천,2012-01,5종,65386
556,동순천,2012-01,6종,4305
557,황전,2012-01,1종,57379
557,황전,2012-01,2종,1357
557,황전,2012-01,3종,783
557,황전,2012-01,4종,1018
557,황전,2012-01,5종,4657
557,황전,2012-01,6종,1877
558,구례화엄사,2012-01,1종,74051
558,구례화엄사,2012-01,2종,2084
558,구례화엄사,2012-01,3종,2840
558,구례화엄사,2012-01,4종,1736
558,구례화엄사,2012-01,5종,7481
558,구례화엄사,2012-01,6종,1884
559,서남원,2012-01,1종,45037
559,서남원,2012-01,2종,2095
559,서남원,2012-01,3종,1431
559,서남원,2012-01,4종,1451
559,서남원,2012-01,5종,5018
559,서남원,2012-01,6종,1232
560,감곡,2012-01,1종,281583
560,감곡,2012-01,2종,13805
560,감곡,2012-01,3종,14340
560,감곡,2012-01,4종,9956
560,감곡,2012-01,5종,23689
560,감곡,2012-01,6종,8952
561,북충주,2012-01,1종,44388
561,북충주,2012-01,2종,1647
561,북충주,2012-01,3종,1234
561,북충주,2012-01,4종,1117
561,북충주,2012-01,5종,1276
561,북충주,2012-01,6종,1489
562,충주,2012-01,1종,210617
562,충주,2012-01,2종,10111
562,충주,2012-01,3종,16081
562,충주,2012-01,4종,10324
562,충주,2012-01,5종,10538
562,충주,2012-01,6종,8043
563,괴산,2012-01,1종,59617
563,괴산,2012-01,2종,1540
563,괴산,2012-01,3종,2188
563,괴산,2012-01,4종,1286
563,괴산,2012-01,5종,3454
563,괴산,2012-01,6종,1962
564,연풍,2012-01,1종,44405
564,연풍,2012-01,2종,3219
564,연풍,2012-01,3종,6146
564,연풍,2012-01,4종,4425
564,연풍,2012-01,5종,5896
564,연풍,2012-01,6종,1177
565,문경새재,2012-01,1종,76881
565,문경새재,2012-01,2종,3931
565,문경새재,2012-01,3종,4722
565,문경새재,2012-01,4종,3747
565,문경새재,2012-01,5종,4020
565,문경새재,2012-01,6종,2302
566,점촌함창,2012-01,1종,139944
566,점촌함창,2012-01,2종,4625
566,점촌함창,2012-01,3종,8974
566,점촌함창,2012-01,4종,3820
566,점촌함창,2012-01,5종,5049
566,점촌함창,2012-01,6종,4230
567,남고창,2012-01,1종,80378
567,남고창,2012-01,2종,2773
567,남고창,2012-01,3종,1849
567,남고창,2012-01,4종,1180
567,남고창,2012-01,5종,2462
567,남고창,2012-01,6종,2820
568,장성물류,2012-01,1종,25417
568,장성물류,2012-01,2종,5332
568,장성물류,2012-01,3종,1794
568,장성물류,2012-01,4종,4813
568,장성물류,2012-01,5종,5597
568,장성물류,2012-01,6종,596
569,북광주,2012-01,1종,153312
569,북광주,2012-01,2종,8319
569,북광주,2012-01,3종,4703
569,북광주,2012-01,4종,7293
569,북광주,2012-01,5종,7929
569,북광주,2012-01,6종,4233
570,북상주,2012-01,1종,127216
570,북상주,2012-01,2종,5716
570,북상주,2012-01,3종,6571
570,북상주,2012-01,4종,3799
570,북상주,2012-01,5종,5061
570,북상주,2012-01,6종,4501
571,면천,2012-01,1종,83214
571,면천,2012-01,2종,3093
571,면천,2012-01,3종,2509
571,면천,2012-01,4종,2626
571,면천,2012-01,5종,4206
571,면천,2012-01,6종,2847
572,고덕,2012-01,1종,90932
572,고덕,2012-01,2종,3428
572,고덕,2012-01,3종,3474
572,고덕,2012-01,4종,2187
572,고덕,2012-01,5종,4925
572,고덕,2012-01,6종,2858
573,예산수덕사,2012-01,1종,256348
573,예산수덕사,2012-01,2종,10405
573,예산수덕사,2012-01,3종,8390
573,예산수덕사,2012-01,4종,6911
573,예산수덕사,2012-01,5종,10056
573,예산수덕사,2012-01,6종,8372
574,신양,2012-01,1종,80003
574,신양,2012-01,2종,3344
574,신양,2012-01,3종,2445
574,신양,2012-01,4종,1985
574,신양,2012-01,5종,3757
574,신양,2012-01,6종,2535
575,유구,2012-01,1종,111987
575,유구,2012-01,2종,5517
575,유구,2012-01,3종,3589
575,유구,2012-01,4종,5406
575,유구,2012-01,5종,7312
575,유구,2012-01,6종,3396
576,마곡사,2012-01,1종,31991
576,마곡사,2012-01,2종,749
576,마곡사,2012-01,3종,717
576,마곡사,2012-01,4종,619
576,마곡사,2012-01,5종,487
576,마곡사,2012-01,6종,1112
577,공주,2012-01,1종,152226
577,공주,2012-01,2종,5086
577,공주,2012-01,3종,3808
577,공주,2012-01,4종,2082
577,공주,2012-01,5종,3056
577,공주,2012-01,6종,5977
578,서세종,2012-01,1종,158441
578,서세종,2012-01,2종,10377
578,서세종,2012-01,3종,6829
578,서세종,2012-01,4종,5731
578,서세종,2012-01,5종,9437
578,서세종,2012-01,6종,6015
579,남세종,2012-01,1종,151316
579,남세종,2012-01,2종,4776
579,남세종,2012-01,3종,3451
579,남세종,2012-01,4종,2470
579,남세종,2012-01,5종,3595
579,남세종,2012-01,6종,5729
580,북강릉,2012-01,1종,170338
580,북강릉,2012-01,2종,3872
580,북강릉,2012-01,3종,5069
580,북강릉,2012-01,4종,1495
580,북강릉,2012-01,5종,1872
580,북강릉,2012-01,6종,6098
581,옥계,2012-01,1종,54817
581,옥계,2012-01,2종,1622
581,옥계,2012-01,3종,1618
581,옥계,2012-01,4종,3134
581,옥계,2012-01,5종,10124
581,옥계,2012-01,6종,2854
582,망상,2012-01,1종,99283
582,망상,2012-01,2종,2596
582,망상,2012-01,3종,12674
582,망상,2012-01,4종,933
582,망상,2012-01,5종,1152
582,망상,2012-01,6종,5421
583,동해,2012-01,1종,294721
583,동해,2012-01,2종,8871
583,동해,2012-01,3종,8974
583,동해,2012-01,4종,7018
583,동해,2012-01,5종,18180
583,동해,2012-01,6종,12540
584,남강릉,2012-01,1종,94952
584,남강릉,2012-01,2종,5003
584,남강릉,2012-01,3종,8982
584,남강릉,2012-01,4종,2552
584,남강릉,2012-01,5종,2167
584,남강릉,2012-01,6종,5559
585,하조대,2012-01,1종,180487
585,하조대,2012-01,2종,5483
585,하조대,2012-01,3종,9582
585,하조대,2012-01,4종,2661
585,하조대,2012-01,5종,2318
585,하조대,2012-01,6종,6110
586,북남원,2012-01,1종,14058
586,북남원,2012-01,2종,490
586,북남원,2012-01,3종,318
586,북남원,2012-01,4종,324
586,북남원,2012-01,5종,1759
586,북남원,2012-01,6종,404
587,오수,2012-01,1종,124059
587,오수,2012-01,2종,4715
587,오수,2012-01,3종,5616
587,오수,2012-01,4종,3150
587,오수,2012-01,5종,7694
587,오수,2012-01,6종,3414
588,임실,2012-01,1종,43800
588,임실,2012-01,2종,1846
588,임실,2012-01,3종,1638
588,임실,2012-01,4종,1252
588,임실,2012-01,5종,3162
588,임실,2012-01,6종,1071
589,상관,2012-01,1종,117828
589,상관,2012-01,2종,5716
589,상관,2012-01,3종,4188
589,상관,2012-01,4종,4243
589,상관,2012-01,5종,25049
589,상관,2012-01,6종,2978
590,동전주,2012-01,1종,120710
590,동전주,2012-01,2종,2711
590,동전주,2012-01,3종,1993
590,동전주,2012-01,4종,1458
590,동전주,2012-01,5종,4753
590,동전주,2012-01,6종,3639
591,동서천,2012-01,1종,49126
591,동서천,2012-01,2종,1556
591,동서천,2012-01,3종,1452
591,동서천,2012-01,4종,2245
591,동서천,2012-01,5종,3024
591,동서천,2012-01,6종,1324
592,서부여,2012-01,1종,51873
592,서부여,2012-01,2종,2585
592,서부여,2012-01,3종,1442
592,서부여,2012-01,4종,1054
592,서부여,2012-01,5종,1956
592,서부여,2012-01,6종,1694
593,부여,2012-01,1종,51977
593,부여,2012-01,2종,2364
593,부여,2012-01,3종,1692
593,부여,2012-01,4종,1801
593,부여,2012-01,5종,2480
593,부여,2012-01,6종,1931
594,칠갑산,2012-01,1종,60226
594,칠갑산,2012-01,2종,1942
594,칠갑산,2012-01,3종,1468
594,칠갑산,2012-01,4종,1033
594,칠갑산,2012-01,5종,821
594,칠갑산,2012-01,6종,1833
595,서공주,2012-01,1종,51988
595,서공주,2012-01,2종,2592
595,서공주,2012-01,3종,1575
595,서공주,2012-01,4종,1847
595,서공주,2012-01,5종,2411
595,서공주,2012-01,6종,1652
597,서여주,2012-01,1종,81412
597,서여주,2012-01,2종,4134
597,서여주,2012-01,3종,5104
597,서여주,2012-01,4종,3222
597,서여주,2012-01,5종,2884
597,서여주,2012-01,6종,3394
598,북여주,2012-01,1종,59044
598,북여주,2012-01,2종,2179
598,북여주,2012-01,3종,1423
598,북여주,2012-01,4종,984
598,북여주,2012-01,5종,1138
598,북여주,2012-01,6종,2059
601,남천안,2012-01,1종,321213
601,남천안,2012-01,2종,25241
601,남천안,2012-01,3종,19216
601,남천안,2012-01,4종,19857
601,남천안,2012-01,5종,19349
601,남천안,2012-01,6종,11424
602,풍세상,2012-01,1종,1226991
602,풍세상,2012-01,2종,42534
602,풍세상,2012-01,3종,133403
602,풍세상,2012-01,4종,56508
602,풍세상,2012-01,5종,63178
602,풍세상,2012-01,6종,44623
603,정안,2012-01,1종,119854
603,정안,2012-01,2종,9502
603,정안,2012-01,3종,16064
603,정안,2012-01,4종,8977
603,정안,2012-01,5종,5987
603,정안,2012-01,6종,3633
604,남공주,2012-01,1종,66836
604,남공주,2012-01,2종,3754
604,남공주,2012-01,3종,3151
604,남공주,2012-01,4종,2235
604,남공주,2012-01,5종,3064
604,남공주,2012-01,6종,2215
605,탄천,2012-01,1종,21897
605,탄천,2012-01,2종,1416
605,탄천,2012-01,3종,653
605,탄천,2012-01,4종,821
605,탄천,2012-01,5종,1325
605,탄천,2012-01,6종,703
606,서논산,2012-01,1종,118464
606,서논산,2012-01,2종,6972
606,서논산,2012-01,3종,7805
606,서논산,2012-01,4종,5090
606,서논산,2012-01,5종,8461
606,서논산,2012-01,6종,3916
607,연무,2012-01,1종,61957
607,연무,2012-01,2종,2313
607,연무,2012-01,3종,1836
607,연무,2012-01,4종,1109
607,연무,2012-01,5종,1805
607,연무,2012-01,6종,1910
608,남논산하,2012-01,1종,838006
608,남논산하,2012-01,2종,25614
608,남논산하,2012-01,3종,100162
608,남논산하,2012-01,4종,32160
608,남논산하,2012-01,5종,53638
608,남논산하,2012-01,6종,27038
612,풍세하,2012-01,1종,1254513
612,풍세하,2012-01,2종,40614
612,풍세하,2012-01,3종,136344
612,풍세하,2012-01,4종,44028
612,풍세하,2012-01,5종,52254
612,풍세하,2012-01,6종,44858
618,남논산상,2012-01,1종,831760
618,남논산상,2012-01,2종,25440
618,남논산상,2012-01,3종,94624
618,남논산상,2012-01,4종,34252
618,남논산상,2012-01,5종,61804
618,남논산상,2012-01,6종,26696
621,동대구,2012-01,1종,776379
621,동대구,2012-01,2종,32798
621,동대구,2012-01,3종,36701
621,동대구,2012-01,4종,22577
621,동대구,2012-01,5종,22016
621,동대구,2012-01,6종,35884
622,대구,2012-01,1종,1050493
622,대구,2012-01,2종,46922
622,대구,2012-01,3종,53345
622,대구,2012-01,4종,41404
622,대구,2012-01,5종,80750
622,대구,2012-01,6종,50384
623,수성,2012-01,1종,669680
623,수성,2012-01,2종,18600
623,수성,2012-01,3종,9907
623,수성,2012-01,4종,5910
623,수성,2012-01,5종,7710
623,수성,2012-01,6종,28649
624,청도,2012-01,1종,168786
624,청도,2012-01,2종,7297
624,청도,2012-01,3종,3523
624,청도,2012-01,4종,3015
624,청도,2012-01,5종,3970
624,청도,2012-01,6종,7721
625,밀양,2012-01,1종,220185
625,밀양,2012-01,2종,13494
625,밀양,2012-01,3종,7484
625,밀양,2012-01,4종,8454
625,밀양,2012-01,5종,7062
625,밀양,2012-01,6종,9629
626,남밀양,2012-01,1종,304296
626,남밀양,2012-01,2종,18802
626,남밀양,2012-01,3종,11874
626,남밀양,2012-01,4종,12593
626,남밀양,2012-01,5종,10826
626,남밀양,2012-01,6종,16793
627,삼랑진,2012-01,1종,184403
627,삼랑진,2012-01,2종,8902
627,삼랑진,2012-01,3종,4259
627,삼랑진,2012-01,4종,3489
627,삼랑진,2012-01,5종,6395
627,삼랑진,2012-01,6종,11183
628,상동,2012-01,1종,231692
628,상동,2012-01,2종,26856
628,상동,2012-01,3종,11137
628,상동,2012-01,4종,14868
628,상동,2012-01,5종,23424
628,상동,2012-01,6종,13325
629,김해부산,2012-01,1종,1094377
629,김해부산,2012-01,2종,65918
629,김해부산,2012-01,3종,60484
629,김해부산,2012-01,4종,51667
629,김해부산,2012-01,5종,94262
629,김해부산,2012-01,6종,57160
641,울산,2012-01,1종,1129257
641,울산,2012-01,2종,53902
641,울산,2012-01,3종,63910
641,울산,2012-01,4종,43114
641,울산,2012-01,5종,110413
641,울산,2012-01,6종,51523
642,문수,2012-01,1종,103085
642,문수,2012-01,2종,4610
642,문수,2012-01,3종,3577
642,문수,2012-01,4종,3969
642,문수,2012-01,5종,5942
642,문수,2012-01,6종,5613
643,청량,2012-01,1종,463239
643,청량,2012-01,2종,13002
643,청량,2012-01,3종,10338
643,청량,2012-01,4종,17501
643,청량,2012-01,5종,74812
643,청량,2012-01,6종,26633
644,온양,2012-01,1종,173887
644,온양,2012-01,2종,3836
644,온양,2012-01,3종,1852
644,온양,2012-01,4종,2426
644,온양,2012-01,5종,10959
644,온양,2012-01,6종,10687
645,장안,2012-01,1종,202851
645,장안,2012-01,2종,6506
645,장안,2012-01,3종,3607
645,장안,2012-01,4종,5143
645,장안,2012-01,5종,14125
645,장안,2012-01,6종,11836
646,기장일광,2012-01,1종,208207
646,기장일광,2012-01,2종,3136
646,기장일광,2012-01,3종,2021
646,기장일광,2012-01,4종,1835
646,기장일광,2012-01,5종,5192
646,기장일광,2012-01,6종,11978
647,해운대송정,2012-01,1종,78087
647,해운대송정,2012-01,2종,968
647,해운대송정,2012-01,3종,477
647,해운대송정,2012-01,4종,325
647,해운대송정,2012-01,5종,645
647,해운대송정,2012-01,6종,4323
648,해운대,2012-01,1종,632851
648,해운대,2012-01,2종,7815
648,해운대,2012-01,3종,6422
648,해운대,2012-01,4종,5419
648,해운대,2012-01,5종,35504
648,해운대,2012-01,6종,35060
651,남양주,2012-01,1종,1519131
651,남양주,2012-01,2종,36838
651,남양주,2012-01,3종,62879
651,남양주,2012-01,4종,12035
651,남양주,2012-01,5종,10228
651,남양주,2012-01,6종,82236
652,화도,2012-01,1종,712422
652,화도,2012-01,2종,29837
652,화도,2012-01,3종,26786
652,화도,2012-01,4종,8815
652,화도,2012-01,5종,8868
652,화도,2012-01,6종,49209
653,서종,2012-01,1종,117961
653,서종,2012-01,2종,1034
653,서종,2012-01,3종,543
653,서종,2012-01,4종,338
653,서종,2012-01,5종,1666
653,서종,2012-01,6종,5968
654,설악,2012-01,1종,150410
654,설악,2012-01,2종,2602
654,설악,2012-01,3종,3991
654,설악,2012-01,4종,979
654,설악,2012-01,5종,894
654,설악,2012-01,6종,7725
655,강촌,2012-01,1종,142800
655,강촌,2012-01,2종,1748
655,강촌,2012-01,3종,4528
655,강촌,2012-01,4종,925
655,강촌,2012-01,5종,774
655,강촌,2012-01,6종,5748
656,남춘천,2012-01,1종,117860
656,남춘천,2012-01,2종,1165
656,남춘천,2012-01,3종,13142
656,남춘천,2012-01,4종,544
656,남춘천,2012-01,5종,710
656,남춘천,2012-01,6종,4295
657,동산,2012-01,1종,683756
657,동산,2012-01,2종,9636
657,동산,2012-01,3종,23918
657,동산,2012-01,4종,4206
657,동산,2012-01,5종,4474
657,동산,2012-01,6종,31320
658,조양,2012-01,1종,22556
658,조양,2012-01,2종,551
658,조양,2012-01,3종,340
658,조양,2012-01,4종,375
658,조양,2012-01,5종,181
658,조양,2012-01,6종,952
671,봉담,2012-01,1종,991556
671,봉담,2012-01,2종,48707
671,봉담,2012-01,3종,31987
671,봉담,2012-01,4종,15895
671,봉담,2012-01,5종,22074
671,봉담,2012-01,6종,67682
672,정남,2012-01,1종,278028
672,정남,2012-01,2종,18055
672,정남,2012-01,3종,7897
672,정남,2012-01,4종,4660
672,정남,2012-01,5종,3332
672,정남,2012-01,6종,19798
673,북오산,2012-01,1종,644557
673,북오산,2012-01,2종,23050
673,북오산,2012-01,3종,20653
673,북오산,2012-01,4종,8462
673,북오산,2012-01,5종,8037
673,북오산,2012-01,6종,42073
674,,2012-01,1종,686534
674,,2012-01,2종,36177
674,,2012-01,3종,48947
674,,2012-01,4종,17058
674,,2012-01,5종,19347
674,,2012-01,6종,43638
675,서오산,2012-01,1종,198553
675,서오산,2012-01,2종,7375
675,서오산,2012-01,3종,3919
675,서오산,2012-01,4종,2740
675,서오산,2012-01,5종,3756
675,서오산,2012-01,6종,13388
676,향남,2012-01,1종,408466
676,향남,2012-01,2종,26696
676,향남,2012-01,3종,14310
676,향남,2012-01,4종,10602
676,향남,2012-01,5종,9288
676,향남,2012-01,6종,30199
677,북평택,2012-01,1종,705315
677,북평택,2012-01,2종,30720
677,북평택,2012-01,3종,35465
677,북평택,2012-01,4종,11942
677,북평택,2012-01,5종,21568
677,북평택,2012-01,6종,37955
11,인천,2012-02,1종,3365895
11,인천,2012-02,2종,130223
11,인천,2012-02,3종,63167
11,인천,2012-02,4종,57663
11,인천,2012-02,5종,111952
11,인천,2012-02,6종,288334
53,남인천,2012-02,1종,1585275
53,남인천,2012-02,2종,45611
53,남인천,2012-02,3종,49285
53,남인천,2012-02,4종,19014
53,남인천,2012-02,5종,52497
53,남인천,2012-02,6종,125854
56,일로,2012-02,1종,29950
56,일로,2012-02,2종,1239
56,일로,2012-02,3종,641
56,일로,2012-02,4종,473
56,일로,2012-02,5종,1140
56,일로,2012-02,6종,1323
61,성남,2012-02,1종,3324945
61,성남,2012-02,2종,150141
61,성남,2012-02,3종,130235
61,성남,2012-02,4종,58583
61,성남,2012-02,5종,56248
61,성남,2012-02,6종,216569
62,구리남양주,2012-02,1종,4232825
62,구리남양주,2012-02,2종,221270
62,구리남양주,2012-02,3종,149358
62,구리남양주,2012-02,4종,82664
62,구리남양주,2012-02,5종,74130
62,구리남양주,2012-02,6종,289734
63,토평,2012-02,1종,440111
63,토평,2012-02,2종,16406
63,토평,2012-02,3종,6285
63,토평,2012-02,4종,5210
63,토평,2012-02,5종,8814
63,토평,2012-02,6종,30861
64,청계,2012-02,1종,3984004
64,청계,2012-02,2종,159272
64,청계,2012-02,3종,137190
64,청계,2012-02,4종,36799
64,청계,2012-02,5종,60124
64,청계,2012-02,6종,284196
65,판교,2012-02,1종,2570039
65,판교,2012-02,2종,47799
65,판교,2012-02,3종,170494
65,판교,2012-02,4종,16885
65,판교,2012-02,5종,9111
65,판교,2012-02,6종,136751
66,하남,2012-02,1종,646644
66,하남,2012-02,2종,23189
66,하남,2012-02,3종,13282
66,하남,2012-02,4종,6793
66,하남,2012-02,5종,8962
66,하남,2012-02,6종,44690
67,시흥,2012-02,1종,3473476
67,시흥,2012-02,2종,147082
67,시흥,2012-02,3종,107114
67,시흥,2012-02,4종,62369
67,시흥,2012-02,5종,69270
67,시흥,2012-02,6종,246307
68,김포,2012-02,1종,4116054
68,김포,2012-02,2종,190222
68,김포,2012-02,3종,116528
68,김포,2012-02,4종,66531
68,김포,2012-02,5종,98877
68,김포,2012-02,6종,302840
69,대왕판교,2012-02,1종,154542
69,대왕판교,2012-02,2종,770
69,대왕판교,2012-02,3종,256
69,대왕판교,2012-02,4종,39
69,대왕판교,2012-02,5종,5
69,대왕판교,2012-02,6종,8618
74,덕소삼패,2012-02,1종,224918
74,덕소삼패,2012-02,2종,6631
74,덕소삼패,2012-02,3종,2907
74,덕소삼패,2012-02,4종,2417
74,덕소삼패,2012-02,5종,12054
74,덕소삼패,2012-02,6종,15359
91,대동(개),2012-02,1종,143983
91,대동(개),2012-02,2종,11015
91,대동(개),2012-02,3종,5072
91,대동(개),2012-02,4종,14956
91,대동(개),2012-02,5종,37779
91,대동(개),2012-02,6종,9084
92,내서,2012-02,1종,214895
92,내서,2012-02,2종,9558
92,내서,2012-02,3종,10208
92,내서,2012-02,4종,3414
92,내서,2012-02,5종,6110
92,내서,2012-02,6종,19002
101,서울,2012-02,1종,4505574
101,서울,2012-02,2종,184284
101,서울,2012-02,3종,492145
101,서울,2012-02,4종,79216
101,서울,2012-02,5종,45267
101,서울,2012-02,6종,204647
102,동수원,2012-02,1종,1642501
102,동수원,2012-02,2종,38673
102,동수원,2012-02,3종,61089
102,동수원,2012-02,4종,15736
102,동수원,2012-02,5종,18986
102,동수원,2012-02,6종,93322
103,수원신갈,2012-02,1종,2160542
103,수원신갈,2012-02,2종,95097
103,수원신갈,2012-02,3종,140361
103,수원신갈,2012-02,4종,31313
103,수원신갈,2012-02,5종,22959
103,수원신갈,2012-02,6종,118294
104,지곡,2012-02,1종,27068
104,지곡,2012-02,2종,1645
104,지곡,2012-02,3종,1613
104,지곡,2012-02,4종,1464
104,지곡,2012-02,5종,1947
104,지곡,2012-02,6종,1194
105,기흥,2012-02,1종,314028
105,기흥,2012-02,2종,31329
105,기흥,2012-02,3종,16392
105,기흥,2012-02,4종,9340
105,기흥,2012-02,5종,8114
105,기흥,2012-02,6종,17682
106,오산,2012-02,1종,993826
106,오산,2012-02,2종,72434
106,오산,2012-02,3종,70603
106,오산,2012-02,4종,31787
106,오산,2012-02,5종,25120
106,오산,2012-02,6종,58552
107,안성,2012-02,1종,756968
107,안성,2012-02,2종,42834
107,안성,2012-02,3종,53412
107,안성,2012-02,4종,20101
107,안성,2012-02,5종,15600
107,안성,2012-02,6종,43772
108,천안,2012-02,1종,1299601
108,천안,2012-02,2종,61690
108,천안,2012-02,3종,92373
108,천안,2012-02,4종,46184
108,천안,2012-02,5종,42548
108,천안,2012-02,6종,64132
109,계룡,2012-02,1종,126074
109,계룡,2012-02,2종,9989
109,계룡,2012-02,3종,10552
109,계룡,2012-02,4종,6153
109,계룡,2012-02,5종,3607
109,계룡,2012-02,6종,8095
110,독립기념관,2012-02,1종,282487
110,독립기념관,2012-02,2종,24723
110,독립기념관,2012-02,3종,23615
110,독립기념관,2012-02,4종,28594
110,독립기념관,2012-02,5종,20849
110,독립기념관,2012-02,6종,11856
111,청주,2012-02,1종,431797
111,청주,2012-02,2종,20698
111,청주,2012-02,3종,43107
111,청주,2012-02,4종,12467
111,청주,2012-02,5종,17167
111,청주,2012-02,6종,20469
112,남청주,2012-02,1종,430791
112,남청주,2012-02,2종,47803
112,남청주,2012-02,3종,33638
112,남청주,2012-02,4종,42265
112,남청주,2012-02,5종,37081
112,남청주,2012-02,6종,18992
113,신탄진,2012-02,1종,670939
113,신탄진,2012-02,2종,52675
113,신탄진,2012-02,3종,26420
113,신탄진,2012-02,4종,45512
113,신탄진,2012-02,5종,42621
113,신탄진,2012-02,6종,33710
114,남대전,2012-02,1종,229081
114,남대전,2012-02,2종,11598
114,남대전,2012-02,3종,7016
114,남대전,2012-02,4종,4027
114,남대전,2012-02,5종,4681
114,남대전,2012-02,6종,11613
115,대전,2012-02,1종,1128004
115,대전,2012-02,2종,40812
115,대전,2012-02,3종,74079
115,대전,2012-02,4종,14763
115,대전,2012-02,5종,13926
115,대전,2012-02,6종,57430
116,옥천,2012-02,1종,292083
116,옥천,2012-02,2종,22323
116,옥천,2012-02,3종,15480
116,옥천,2012-02,4종,32997
116,옥천,2012-02,5종,12401
116,옥천,2012-02,6종,16681
117,금강,2012-02,1종,25737
117,금강,2012-02,2종,1520
117,금강,2012-02,3종,670
117,금강,2012-02,4종,2791
117,금강,2012-02,5종,586
117,금강,2012-02,6종,1533
118,영동,2012-02,1종,66501
118,영동,2012-02,2종,4998
118,영동,2012-02,3종,3550
118,영동,2012-02,4종,2687
118,영동,2012-02,5종,4990
118,영동,2012-02,6종,3218
119,판암,2012-02,1종,375461
119,판암,2012-02,2종,14002
119,판암,2012-02,3종,6652
119,판암,2012-02,4종,6620
119,판암,2012-02,5종,6609
119,판암,2012-02,6종,21384
120,황간,2012-02,1종,54160
120,황간,2012-02,2종,2655
120,황간,2012-02,3종,3954
120,황간,2012-02,4종,3996
120,황간,2012-02,5종,3406
120,황간,2012-02,6종,2141
121,추풍령,2012-02,1종,30348
121,추풍령,2012-02,2종,1680
121,추풍령,2012-02,3종,1337
121,추풍령,2012-02,4종,1065
121,추풍령,2012-02,5종,1470
121,추풍령,2012-02,6종,1596
122,김천,2012-02,1종,219017
122,김천,2012-02,2종,11600
122,김천,2012-02,3종,11769
122,김천,2012-02,4종,12223
122,김천,2012-02,5종,12356
122,김천,2012-02,6종,9426
123,구미,2012-02,1종,667634
123,구미,2012-02,2종,21278
123,구미,2012-02,3종,31671
123,구미,2012-02,4종,16484
123,구미,2012-02,5종,12785
123,구미,2012-02,6종,32183
124,상주,2012-02,1종,117177
124,상주,2012-02,2종,10711
124,상주,2012-02,3종,9686
124,상주,2012-02,4종,19245
124,상주,2012-02,5종,19503
124,상주,2012-02,6종,4492
125,남구미,2012-02,1종,468996
125,남구미,2012-02,2종,24358
125,남구미,2012-02,3종,29360
125,남구미,2012-02,4종,20640
125,남구미,2012-02,5종,39434
125,남구미,2012-02,6종,25157
126,왜관,2012-02,1종,522915
126,왜관,2012-02,2종,47469
126,왜관,2012-02,3종,27906
126,왜관,2012-02,4종,21249
126,왜관,2012-02,5종,30826
126,왜관,2012-02,6종,24779
127,서대구,2012-02,1종,1630860
127,서대구,2012-02,2종,101381
127,서대구,2012-02,3종,90824
127,서대구,2012-02,4종,48237
127,서대구,2012-02,5종,53666
127,서대구,2012-02,6종,73311
129,북대구,2012-02,1종,1510691
129,북대구,2012-02,2종,63987
129,북대구,2012-02,3종,44285
129,북대구,2012-02,4종,20989
129,북대구,2012-02,5종,27541
129,북대구,2012-02,6종,63703
131,경산,2012-02,1종,718799
131,경산,2012-02,2종,78187
131,경산,2012-02,3종,40589
131,경산,2012-02,4종,39553
131,경산,2012-02,5종,36705
131,경산,2012-02,6종,38367
132,영천,2012-02,1종,319395
132,영천,2012-02,2종,29289
132,영천,2012-02,3종,22768
132,영천,2012-02,4종,19691
132,영천,2012-02,5종,45188
132,영천,2012-02,6종,12283
133,서경주,2012-02,1종,129291
133,서경주,2012-02,2종,8521
133,서경주,2012-02,3종,8179
133,서경주,2012-02,4종,6995
133,서경주,2012-02,5종,24532
133,서경주,2012-02,6종,4068
134,선산,2012-02,1종,74515
134,선산,2012-02,2종,6595
134,선산,2012-02,3종,4701
134,선산,2012-02,4종,6363
134,선산,2012-02,5종,5331
134,선산,2012-02,6종,2977
135,경주,2012-02,1종,748979
135,경주,2012-02,2종,45558
135,경주,2012-02,3종,77061
135,경주,2012-02,4종,35897
135,경주,2012-02,5종,98876
135,경주,2012-02,6종,26921
137,통도사,2012-02,1종,241244
137,통도사,2012-02,2종,22988
137,통도사,2012-02,3종,15473
137,통도사,2012-02,4종,11032
137,통도사,2012-02,5종,16469
137,통도사,2012-02,6종,12264
138,양산,2012-02,1종,623933
138,양산,2012-02,2종,82519
138,양산,2012-02,3종,38625
138,양산,2012-02,4종,42307
138,양산,2012-02,5종,53687
138,양산,2012-02,6종,35748
139,서울산,2012-02,1종,364576
139,서울산,2012-02,2종,25791
139,서울산,2012-02,3종,26144
139,서울산,2012-02,4종,11830
139,서울산,2012-02,5종,21966
139,서울산,2012-02,6종,18918
140,부산,2012-02,1종,1339890
140,부산,2012-02,2종,66320
140,부산,2012-02,3종,46746
140,부산,2012-02,4종,33904
140,부산,2012-02,5종,67208
140,부산,2012-02,6종,76611
142,군북,2012-02,1종,233791
142,군북,2012-02,2종,11909
142,군북,2012-02,3종,10053
142,군북,2012-02,4종,8181
142,군북,2012-02,5종,16834
142,군북,2012-02,6종,13788
143,장지,2012-02,1종,96287
143,장지,2012-02,2종,6522
143,장지,2012-02,3종,3959
143,장지,2012-02,4종,3929
143,장지,2012-02,5종,16490
143,장지,2012-02,6종,5164
144,함안,2012-02,1종,204679
144,함안,2012-02,2종,14239
144,함안,2012-02,3종,7961
144,함안,2012-02,4종,7096
144,함안,2012-02,5종,13593
144,함안,2012-02,6종,13333
145,산인,2012-02,1종,565011
145,산인,2012-02,2종,18126
145,산인,2012-02,3종,27263
145,산인,2012-02,4종,13195
145,산인,2012-02,5종,21599
145,산인,2012-02,6종,32634
146,동창원,2012-02,1종,528209
146,동창원,2012-02,2종,32812
146,동창원,2012-02,3종,18692
146,동창원,2012-02,4종,15547
146,동창원,2012-02,5종,28795
146,동창원,2012-02,6종,36284
147,진례,2012-02,1종,438510
147,진례,2012-02,2종,39618
147,진례,2012-02,3종,20329
147,진례,2012-02,4종,17543
147,진례,2012-02,5종,22963
147,진례,2012-02,6종,29752
148,서김해,2012-02,1종,582009
148,서김해,2012-02,2종,23087
148,서김해,2012-02,3종,14129
148,서김해,2012-02,4종,9555
148,서김해,2012-02,5종,15592
148,서김해,2012-02,6종,40667
149,동김해,2012-02,1종,1049837
149,동김해,2012-02,2종,37517
149,동김해,2012-02,3종,21189
149,동김해,2012-02,4종,11381
149,동김해,2012-02,5종,14561
149,동김해,2012-02,6종,83357
150,북부산,2012-02,1종,2156783
150,북부산,2012-02,2종,76319
150,북부산,2012-02,3종,65968
150,북부산,2012-02,4종,38250
150,북부산,2012-02,5종,89025
150,북부산,2012-02,6종,142744
151,북대전,2012-02,1종,586617
151,북대전,2012-02,2종,17822
151,북대전,2012-02,3종,25366
151,북대전,2012-02,4종,16432
151,북대전,2012-02,5종,14419
151,북대전,2012-02,6종,33047
152,유성,2012-02,1종,876413
152,유성,2012-02,2종,24627
152,유성,2012-02,3종,32047
152,유성,2012-02,4종,15138
152,유성,2012-02,5종,13246
152,유성,2012-02,6종,38546
153,서대전,2012-02,1종,509858
153,서대전,2012-02,2종,18640
153,서대전,2012-02,3종,13560
153,서대전,2012-02,4종,12167
153,서대전,2012-02,5종,11610
153,서대전,2012-02,6종,28533
154,안영,2012-02,1종,322855
154,안영,2012-02,2종,13274
154,안영,2012-02,3종,6891
154,안영,2012-02,4종,5198
154,안영,2012-02,5종,5912
154,안영,2012-02,6종,17007
155,논산,2012-02,1종,173362
155,논산,2012-02,2종,15883
155,논산,2012-02,3종,15498
155,논산,2012-02,4종,10768
155,논산,2012-02,5종,10491
155,논산,2012-02,6종,6778
156,익산,2012-02,1종,242157
156,익산,2012-02,2종,20820
156,익산,2012-02,3종,27049
156,익산,2012-02,4종,17317
156,익산,2012-02,5종,23811
156,익산,2012-02,6종,6885
157,삼례,2012-02,1종,86389
157,삼례,2012-02,2종,8259
157,삼례,2012-02,3종,5506
157,삼례,2012-02,4종,4609
157,삼례,2012-02,5종,9707
157,삼례,2012-02,6종,2540
158,전주,2012-02,1종,370939
158,전주,2012-02,2종,20943
158,전주,2012-02,3종,42008
158,전주,2012-02,4종,17117
158,전주,2012-02,5종,37866
158,전주,2012-02,6종,11463
159,서전주,2012-02,1종,188096
159,서전주,2012-02,2종,12601
159,서전주,2012-02,3종,10112
159,서전주,2012-02,4종,5541
159,서전주,2012-02,5종,7306
159,서전주,2012-02,6종,5289
160,김제,2012-02,1종,86192
160,김제,2012-02,2종,6981
160,김제,2012-02,3종,4431
160,김제,2012-02,4종,3225
160,김제,2012-02,5종,4581
160,김제,2012-02,6종,2777
161,금산사,2012-02,1종,29687
161,금산사,2012-02,2종,3073
161,금산사,2012-02,3종,1878
161,금산사,2012-02,4종,495
161,금산사,2012-02,5종,2291
161,금산사,2012-02,6종,892
162,태인,2012-02,1종,55850
162,태인,2012-02,2종,5798
162,태인,2012-02,3종,5030
162,태인,2012-02,4종,2899
162,태인,2012-02,5종,5162
162,태인,2012-02,6종,1758
163,정읍,2012-02,1종,199879
163,정읍,2012-02,2종,18545
163,정읍,2012-02,3종,19004
163,정읍,2012-02,4종,8809
163,정읍,2012-02,5종,10551
163,정읍,2012-02,6종,5727
164,무주,2012-02,1종,151258
164,무주,2012-02,2종,3626
164,무주,2012-02,3종,5619
164,무주,2012-02,4종,2202
164,무주,2012-02,5종,1830
164,무주,2012-02,6종,5250
165,백양사,2012-02,1종,48315
165,백양사,2012-02,2종,2033
165,백양사,2012-02,3종,3239
165,백양사,2012-02,4종,1713
165,백양사,2012-02,5종,4255
165,백양사,2012-02,6종,1453
166,장성,2012-02,1종,105737
166,장성,2012-02,2종,8646
166,장성,2012-02,3종,7441
166,장성,2012-02,4종,4913
166,장성,2012-02,5종,7046
166,장성,2012-02,6종,3360
167,광주,2012-02,1종,824266
167,광주,2012-02,2종,47455
167,광주,2012-02,3종,74353
167,광주,2012-02,4종,41212
167,광주,2012-02,5종,33190
167,광주,2012-02,6종,22319
168,덕유산,2012-02,1종,104461
168,덕유산,2012-02,2종,1622
168,덕유산,2012-02,3종,3520
168,덕유산,2012-02,4종,640
168,덕유산,2012-02,5종,586
168,덕유산,2012-02,6종,2627
169,장수,2012-02,1종,88823
169,장수,2012-02,2종,3242
169,장수,2012-02,3종,3990
169,장수,2012-02,4종,1605
169,장수,2012-02,5종,2274
169,장수,2012-02,6종,2762
170,서상,2012-02,1종,33204
170,서상,2012-02,2종,2320
170,서상,2012-02,3종,3854
170,서상,2012-02,4종,2752
170,서상,2012-02,5종,2095
170,서상,2012-02,6종,1359
171,마성,2012-02,1종,240900
171,마성,2012-02,2종,6144
171,마성,2012-02,3종,17824
171,마성,2012-02,4종,1259
171,마성,2012-02,5종,1369
171,마성,2012-02,6종,13197
172,용인,2012-02,1종,658918
172,용인,2012-02,2종,59252
172,용인,2012-02,3종,27145
172,용인,2012-02,4종,18062
172,용인,2012-02,5종,9943
172,용인,2012-02,6종,46074
173,양지,2012-02,1종,626771
173,양지,2012-02,2종,87103
173,양지,2012-02,3종,51613
173,양지,2012-02,4종,44052
173,양지,2012-02,5종,32109
173,양지,2012-02,6종,35345
174,춘천,2012-02,1종,620418
174,춘천,2012-02,2종,18862
174,춘천,2012-02,3종,22039
174,춘천,2012-02,4종,6806
174,춘천,2012-02,5종,5492
174,춘천,2012-02,6종,35653
175,덕평,2012-02,1종,255850
175,덕평,2012-02,2종,34353
175,덕평,2012-02,3종,18024
175,덕평,2012-02,4종,12387
175,덕평,2012-02,5종,7511
175,덕평,2012-02,6종,14444
176,이천,2012-02,1종,463589
176,이천,2012-02,2종,41551
176,이천,2012-02,3종,37523
176,이천,2012-02,4종,31752
176,이천,2012-02,5종,30312
176,이천,2012-02,6종,22759
177,여주,2012-02,1종,348919
177,여주,2012-02,2종,23916
177,여주,2012-02,3종,39809
177,여주,2012-02,4종,20245
177,여주,2012-02,5종,10453
177,여주,2012-02,6종,15749
178,문막,2012-02,1종,280484
178,문막,2012-02,2종,22642
178,문막,2012-02,3종,30272
178,문막,2012-02,4종,10514
178,문막,2012-02,5종,11556
178,문막,2012-02,6종,12085
179,홍천,2012-02,1종,236266
179,홍천,2012-02,2종,9497
179,홍천,2012-02,3종,11386
179,홍천,2012-02,4종,5739
179,홍천,2012-02,5종,4206
179,홍천,2012-02,6종,15511
180,원주,2012-02,1종,211160
180,원주,2012-02,2종,14208
180,원주,2012-02,3종,14495
180,원주,2012-02,4종,7809
180,원주,2012-02,5종,7063
180,원주,2012-02,6종,10474
181,새말,2012-02,1종,155369
181,새말,2012-02,2종,7133
181,새말,2012-02,3종,8479
181,새말,2012-02,4종,2884
181,새말,2012-02,5종,3060
181,새말,2012-02,6종,5989
182,둔내,2012-02,1종,118533
182,둔내,2012-02,2종,3471
182,둔내,2012-02,3종,7241
182,둔내,2012-02,4종,1457
182,둔내,2012-02,5종,698
182,둔내,2012-02,6종,5029
183,면온,2012-02,1종,108666
183,면온,2012-02,2종,1504
183,면온,2012-02,3종,6023
183,면온,2012-02,4종,741
183,면온,2012-02,5종,903
183,면온,2012-02,6종,3485
184,대관령,2012-02,1종,207197
184,대관령,2012-02,2종,4462
184,대관령,2012-02,3종,17050
184,대관령,2012-02,4종,693
184,대관령,2012-02,5종,611
184,대관령,2012-02,6종,7848
185,평창,2012-02,1종,87068
185,평창,2012-02,2종,3173
185,평창,2012-02,3종,10741
185,평창,2012-02,4종,1471
185,평창,2012-02,5종,1863
185,평창,2012-02,6종,3871
186,속사,2012-02,1종,26062
186,속사,2012-02,2종,861
186,속사,2012-02,3종,1892
186,속사,2012-02,4종,328
186,속사,2012-02,5종,237
186,속사,2012-02,6종,902
187,진부,2012-02,1종,96109
187,진부,2012-02,2종,3288
187,진부,2012-02,3종,9962
187,진부,2012-02,4종,934
187,진부,2012-02,5종,722
187,진부,2012-02,6종,4450
189,강릉,2012-02,1종,389066
189,강릉,2012-02,2종,13001
189,강릉,2012-02,3종,34888
189,강릉,2012-02,4종,6898
189,강릉,2012-02,5종,8302
189,강릉,2012-02,6종,18978
190,동서울,2012-02,1종,2868244
190,동서울,2012-02,2종,183594
190,동서울,2012-02,3종,196006
190,동서울,2012-02,4종,78246
190,동서울,2012-02,5종,49563
190,동서울,2012-02,6종,126639
191,경기광주,2012-02,1종,680915
191,경기광주,2012-02,2종,42787
191,경기광주,2012-02,3종,27908
191,경기광주,2012-02,4종,8920
191,경기광주,2012-02,5종,4476
191,경기광주,2012-02,6종,44213
192,곤지암,2012-02,1종,660211
192,곤지암,2012-02,2종,65672
192,곤지암,2012-02,3종,34874
192,곤지암,2012-02,4종,26180
192,곤지암,2012-02,5종,15250
192,곤지암,2012-02,6종,35204
193,일죽,2012-02,1종,344154
193,일죽,2012-02,2종,39458
193,일죽,2012-02,3종,28817
193,일죽,2012-02,4종,25188
193,일죽,2012-02,5종,19297
193,일죽,2012-02,6종,14217
194,서이천,2012-02,1종,361864
194,서이천,2012-02,2종,56612
194,서이천,2012-02,3종,39972
194,서이천,2012-02,4종,23713
194,서이천,2012-02,5종,8477
194,서이천,2012-02,6종,18787
195,대소,2012-02,1종,327837
195,대소,2012-02,2종,54637
195,대소,2012-02,3종,35400
195,대소,2012-02,4종,30608
195,대소,2012-02,5종,25609
195,대소,2012-02,6종,13764
196,진천,2012-02,1종,173687
196,진천,2012-02,2종,16404
196,진천,2012-02,3종,14482
196,진천,2012-02,4종,11744
196,진천,2012-02,5종,13947
196,진천,2012-02,6종,7299
197,증평,2012-02,1종,339268
197,증평,2012-02,2종,27791
197,증평,2012-02,3종,23295
197,증평,2012-02,4종,16772
197,증평,2012-02,5종,24902
197,증평,2012-02,6종,13668
198,서청주,2012-02,1종,671049
198,서청주,2012-02,2종,38107
198,서청주,2012-02,3종,36855
198,서청주,2012-02,4종,25296
198,서청주,2012-02,5종,19678
198,서청주,2012-02,6종,30382
199,오창,2012-02,1종,425006
199,오창,2012-02,2종,23105
199,오창,2012-02,3종,24082
199,오창,2012-02,4종,12280
199,오창,2012-02,5종,15009
199,오창,2012-02,6종,19514
200,금산,2012-02,1종,105409
200,금산,2012-02,2종,3708
200,금산,2012-02,3종,5247
200,금산,2012-02,4종,3992
200,금산,2012-02,5종,5892
200,금산,2012-02,6종,4750
201,칠곡,2012-02,1종,514210
201,칠곡,2012-02,2종,22669
201,칠곡,2012-02,3종,19089
201,칠곡,2012-02,4종,7185
201,칠곡,2012-02,5종,10335
201,칠곡,2012-02,6종,25918
202,다부,2012-02,1종,90160
202,다부,2012-02,2종,8224
202,다부,2012-02,3종,3795
202,다부,2012-02,4종,1712
202,다부,2012-02,5종,5677
202,다부,2012-02,6종,3585
203,가산,2012-02,1종,403306
203,가산,2012-02,2종,20763
203,가산,2012-02,3종,15244
203,가산,2012-02,4종,10748
203,가산,2012-02,5종,19193
203,가산,2012-02,6종,18080
204,추부,2012-02,1종,131619
204,추부,2012-02,2종,8440
204,추부,2012-02,3종,6409
204,추부,2012-02,4종,3275
204,추부,2012-02,5종,3702
204,추부,2012-02,6종,7078
205,군위,2012-02,1종,103936
205,군위,2012-02,2종,5878
205,군위,2012-02,3종,3125
205,군위,2012-02,4종,2183
205,군위,2012-02,5종,6237
205,군위,2012-02,6종,5111
206,의성,2012-02,1종,123902
206,의성,2012-02,2종,4815
206,의성,2012-02,3종,3235
206,의성,2012-02,4종,1595
206,의성,2012-02,5종,3484
206,의성,2012-02,6종,4338
207,남안동,2012-02,1종,203822
207,남안동,2012-02,2종,7907
207,남안동,2012-02,3종,4902
207,남안동,2012-02,4종,2839
207,남안동,2012-02,5종,5798
207,남안동,2012-02,6종,7254
208,서안동,2012-02,1종,143372
208,서안동,2012-02,2종,5853
208,서안동,2012-02,3종,13835
208,서안동,2012-02,4종,2311
208,서안동,2012-02,5종,5600
208,서안동,2012-02,6종,5034
209,예천,2012-02,1종,17574
209,예천,2012-02,2종,495
209,예천,2012-02,3종,347
209,예천,2012-02,4종,180
209,예천,2012-02,5종,540
209,예천,2012-02,6종,737
210,영주,2012-02,1종,104866
210,영주,2012-02,2종,4538
210,영주,2012-02,3종,6532
210,영주,2012-02,4종,2150
210,영주,2012-02,5종,9028
210,영주,2012-02,6종,3599
211,풍기,2012-02,1종,133197
211,풍기,2012-02,2종,5607
211,풍기,2012-02,3종,12381
211,풍기,2012-02,4종,2981
211,풍기,2012-02,5종,6805
211,풍기,2012-02,6종,5003
212,북수원,2012-02,1종,1024712
212,북수원,2012-02,2종,43212
212,북수원,2012-02,3종,47645
212,북수원,2012-02,4종,22813
212,북수원,2012-02,5종,14151
212,북수원,2012-02,6종,60719
213,부곡,2012-02,1종,342042
213,부곡,2012-02,2종,9880
213,부곡,2012-02,3종,6925
213,부곡,2012-02,4종,9662
213,부곡,2012-02,5종,63424
213,부곡,2012-02,6종,20783
214,동군포,2012-02,1종,143303
214,동군포,2012-02,2종,9493
214,동군포,2012-02,3종,6461
214,동군포,2012-02,4종,13673
214,동군포,2012-02,5종,7063
214,동군포,2012-02,6종,8923
215,군포,2012-02,1종,891466
215,군포,2012-02,2종,59004
215,군포,2012-02,3종,38251
215,군포,2012-02,4종,21660
215,군포,2012-02,5종,33727
215,군포,2012-02,6종,63902
216,횡성,2012-02,1종,137780
216,횡성,2012-02,2종,5607
216,횡성,2012-02,3종,6617
216,횡성,2012-02,4종,2486
216,횡성,2012-02,5종,3099
216,횡성,2012-02,6종,6552
217,북원주,2012-02,1종,60961
217,북원주,2012-02,2종,3472
217,북원주,2012-02,3종,2437
217,북원주,2012-02,4종,1593
217,북원주,2012-02,5종,2028
217,북원주,2012-02,6종,3865
218,남원주,2012-02,1종,446330
218,남원주,2012-02,2종,17249
218,남원주,2012-02,3종,25513
218,남원주,2012-02,4종,5445
218,남원주,2012-02,5종,5434
218,남원주,2012-02,6종,21762
219,신림,2012-02,1종,65910
219,신림,2012-02,2종,2451
219,신림,2012-02,3종,2983
219,신림,2012-02,4종,1417
219,신림,2012-02,5종,3996
219,신림,2012-02,6종,2766
221,생초,2012-02,1종,40391
221,생초,2012-02,2종,2150
221,생초,2012-02,3종,2421
221,생초,2012-02,4종,2121
221,생초,2012-02,5종,7962
221,생초,2012-02,6종,1380
222,산청,2012-02,1종,35773
222,산청,2012-02,2종,1597
222,산청,2012-02,3종,1847
222,산청,2012-02,4종,1206
222,산청,2012-02,5종,1664
222,산청,2012-02,6종,1559
223,단성,2012-02,1종,70500
223,단성,2012-02,2종,3033
223,단성,2012-02,3종,5122
223,단성,2012-02,4종,2493
223,단성,2012-02,5종,3125
223,단성,2012-02,6종,2706
224,함양,2012-02,1종,81878
224,함양,2012-02,2종,4456
224,함양,2012-02,3종,6416
224,함양,2012-02,4종,1383
224,함양,2012-02,5종,4208
224,함양,2012-02,6종,3821
225,서진주,2012-02,1종,293007
225,서진주,2012-02,2종,8051
225,서진주,2012-02,3종,5227
225,서진주,2012-02,4종,2640
225,서진주,2012-02,5종,5379
225,서진주,2012-02,6종,19326
227,군산,2012-02,1종,199138
227,군산,2012-02,2종,8709
227,군산,2012-02,3종,14125
227,군산,2012-02,4종,11594
227,군산,2012-02,5종,32650
227,군산,2012-02,6종,5844
228,동군산,2012-02,1종,184402
228,동군산,2012-02,2종,10881
228,동군산,2012-02,3종,11283
228,동군산,2012-02,4종,7431
228,동군산,2012-02,5종,20921
228,동군산,2012-02,6종,4828
230,팔공산,2012-02,1종,475127
230,팔공산,2012-02,2종,19805
230,팔공산,2012-02,3종,10658
230,팔공산,2012-02,4종,8527
230,팔공산,2012-02,5종,11572
230,팔공산,2012-02,6종,21179
231,화원옥포,2012-02,1종,533646
231,화원옥포,2012-02,2종,35583
231,화원옥포,2012-02,3종,16959
231,화원옥포,2012-02,4종,7247
231,화원옥포,2012-02,5종,16277
231,화원옥포,2012-02,6종,27253
232,달성,2012-02,1종,329081
232,달성,2012-02,2종,23531
232,달성,2012-02,3종,19496
232,달성,2012-02,4종,5733
232,달성,2012-02,5종,6266
232,달성,2012-02,6종,22056
233,현풍,2012-02,1종,328824
233,현풍,2012-02,2종,32825
233,현풍,2012-02,3종,18770
233,현풍,2012-02,4종,14485
233,현풍,2012-02,5종,36065
233,현풍,2012-02,6종,16361
234,서천,2012-02,1종,89544
234,서천,2012-02,2종,4392
234,서천,2012-02,3종,4626
234,서천,2012-02,4종,6826
234,서천,2012-02,5종,7894
234,서천,2012-02,6종,2924
235,창녕,2012-02,1종,133088
235,창녕,2012-02,2종,6917
235,창녕,2012-02,3종,7983
235,창녕,2012-02,4종,2715
235,창녕,2012-02,5종,5587
235,창녕,2012-02,6종,6639
236,영산,2012-02,1종,125881
236,영산,2012-02,2종,8603
236,영산,2012-02,3종,9264
236,영산,2012-02,4종,5780
236,영산,2012-02,5종,7634
236,영산,2012-02,6종,5291
237,남지,2012-02,1종,117983
237,남지,2012-02,2종,9008
237,남지,2012-02,3종,10810
237,남지,2012-02,4종,7197
237,남지,2012-02,5종,14344
237,남지,2012-02,6종,8139
238,칠서,2012-02,1종,188344
238,칠서,2012-02,2종,26182
238,칠서,2012-02,3종,12193
238,칠서,2012-02,4종,15613
238,칠서,2012-02,5종,33628
238,칠서,2012-02,6종,12325
239,칠원,2012-02,1종,469522
239,칠원,2012-02,2종,27444
239,칠원,2012-02,3종,40437
239,칠원,2012-02,4종,27416
239,칠원,2012-02,5종,31204
239,칠원,2012-02,6종,24609
240,제천,2012-02,1종,385693
240,제천,2012-02,2종,12627
240,제천,2012-02,3종,24338
240,제천,2012-02,4종,6151
240,제천,2012-02,5종,13780
240,제천,2012-02,6종,15233
241,동고령,2012-02,1종,204088
241,동고령,2012-02,2종,17508
241,동고령,2012-02,3종,13615
241,동고령,2012-02,4종,9822
241,동고령,2012-02,5종,14334
241,동고령,2012-02,6종,8222
242,고령,2012-02,1종,148565
242,고령,2012-02,2종,9845
242,고령,2012-02,3종,8530
242,고령,2012-02,4종,3997
242,고령,2012-02,5종,8407
242,고령,2012-02,6종,6251
243,해인사,2012-02,1종,71282
243,해인사,2012-02,2종,2958
243,해인사,2012-02,3종,2240
243,해인사,2012-02,4종,639
243,해인사,2012-02,5종,908
243,해인사,2012-02,6종,3550
244,서부산,2012-02,1종,1883228
244,서부산,2012-02,2종,79261
244,서부산,2012-02,3종,86273
244,서부산,2012-02,4종,51166
244,서부산,2012-02,5종,181024
244,서부산,2012-02,6종,119295
245,장유,2012-02,1종,1288431
245,장유,2012-02,2종,47136
245,장유,2012-02,3종,45049
245,장유,2012-02,4종,22074
245,장유,2012-02,5종,33255
245,장유,2012-02,6종,96493
246,가락,2012-02,1종,667371
246,가락,2012-02,2종,38145
246,가락,2012-02,3종,24389
246,가락,2012-02,4종,40422
246,가락,2012-02,5종,163289
246,가락,2012-02,6종,43531
247,남원,2012-02,1종,116472
247,남원,2012-02,2종,5921
247,남원,2012-02,3종,6365
247,남원,2012-02,4종,2094
247,남원,2012-02,5종,11096
247,남원,2012-02,6종,4528
248,순창,2012-02,1종,87764
248,순창,2012-02,2종,3507
248,순창,2012-02,3종,2567
248,순창,2012-02,4종,1665
248,순창,2012-02,5종,4045
248,순창,2012-02,6종,3073
249,담양,2012-02,1종,133263
249,담양,2012-02,2종,4870
249,담양,2012-02,3종,12293
249,담양,2012-02,4종,2376
249,담양,2012-02,5종,5133
249,담양,2012-02,6종,4544
250,남양산,2012-02,1종,851924
250,남양산,2012-02,2종,46433
250,남양산,2012-02,3종,40256
250,남양산,2012-02,4종,21716
250,남양산,2012-02,5종,31622
250,남양산,2012-02,6종,56307
251,물금,2012-02,1종,369061
251,물금,2012-02,2종,40349
251,물금,2012-02,3종,16806
251,물금,2012-02,4종,31583
251,물금,2012-02,5종,64282
251,물금,2012-02,6종,25523
252,대동,2012-02,1종,2108436
252,대동,2012-02,2종,184056
252,대동,2012-02,3종,109591
252,대동,2012-02,4종,96282
252,대동,2012-02,5종,268472
252,대동,2012-02,6종,107661
253,서서울,2012-02,1종,4259821
253,서서울,2012-02,2종,219820
253,서서울,2012-02,3종,133219
253,서서울,2012-02,4종,111536
253,서서울,2012-02,5종,118877
253,서서울,2012-02,6종,244216
254,군자,2012-02,1종,2607035
254,군자,2012-02,2종,171569
254,군자,2012-02,3종,155011
254,군자,2012-02,4종,116978
254,군자,2012-02,5종,247482
254,군자,2012-02,6종,170403
255,서안산,2012-02,1종,1746511
255,서안산,2012-02,2종,135773
255,서안산,2012-02,3종,66308
255,서안산,2012-02,4종,65995
255,서안산,2012-02,5종,89158
255,서안산,2012-02,6종,133015
256,안산,2012-02,1종,830295
256,안산,2012-02,2종,24770
256,안산,2012-02,3종,18401
256,안산,2012-02,4종,5376
256,안산,2012-02,5종,6684
256,안산,2012-02,6종,57738
257,홍성,2012-02,1종,187011
257,홍성,2012-02,2종,6448
257,홍성,2012-02,3종,5918
257,홍성,2012-02,4종,2567
257,홍성,2012-02,5종,4227
257,홍성,2012-02,6종,5446
258,광천,2012-02,1종,94372
258,광천,2012-02,2종,6027
258,광천,2012-02,3종,5319
258,광천,2012-02,4종,4451
258,광천,2012-02,5종,9221
258,광천,2012-02,6종,3050
259,대천,2012-02,1종,179452
259,대천,2012-02,2종,6628
259,대천,2012-02,3종,8285
259,대천,2012-02,4종,2775
259,대천,2012-02,5종,3454
259,대천,2012-02,6종,6284
260,춘장대,2012-02,1종,34477
260,춘장대,2012-02,2종,1182
260,춘장대,2012-02,3종,1280
260,춘장대,2012-02,4종,1108
260,춘장대,2012-02,5종,2297
260,춘장대,2012-02,6종,1013
261,동광주,2012-02,1종,911870
261,동광주,2012-02,2종,39469
261,동광주,2012-02,3종,57345
261,동광주,2012-02,4종,25771
261,동광주,2012-02,5종,56861
261,동광주,2012-02,6종,29146
262,창평,2012-02,1종,70816
262,창평,2012-02,2종,5313
262,창평,2012-02,3종,2836
262,창평,2012-02,4종,3033
262,창평,2012-02,5종,1763
262,창평,2012-02,6종,2201
263,옥과,2012-02,1종,142809
263,옥과,2012-02,2종,4028
263,옥과,2012-02,3종,8132
263,옥과,2012-02,4종,3228
263,옥과,2012-02,5종,4177
263,옥과,2012-02,6종,6816
264,동남원,2012-02,1종,44285
264,동남원,2012-02,2종,1693
264,동남원,2012-02,3종,2472
264,동남원,2012-02,4종,671
264,동남원,2012-02,5종,5902
264,동남원,2012-02,6종,1578
265,곡성,2012-02,1종,116331
265,곡성,2012-02,2종,5197
265,곡성,2012-02,3종,4713
265,곡성,2012-02,4종,1970
265,곡성,2012-02,5종,6467
265,곡성,2012-02,6종,4190
266,석곡,2012-02,1종,35670
266,석곡,2012-02,2종,1536
266,석곡,2012-02,3종,1609
266,석곡,2012-02,4종,621
266,석곡,2012-02,5종,934
266,석곡,2012-02,6종,961
267,주암송광사,2012-02,1종,107840
267,주암송광사,2012-02,2종,4681
267,주암송광사,2012-02,3종,3523
267,주암송광사,2012-02,4종,3034
267,주암송광사,2012-02,5종,7451
267,주암송광사,2012-02,6종,2992
268,승주,2012-02,1종,50075
268,승주,2012-02,2종,1421
268,승주,2012-02,3종,1469
268,승주,2012-02,4종,619
268,승주,2012-02,5종,749
268,승주,2012-02,6종,2281
269,지리산,2012-02,1종,39522
269,지리산,2012-02,2종,2161
269,지리산,2012-02,3종,2284
269,지리산,2012-02,4종,1236
269,지리산,2012-02,5종,1200
269,지리산,2012-02,6종,1125
270,서순천,2012-02,1종,138235
270,서순천,2012-02,2종,5876
270,서순천,2012-02,3종,9434
270,서순천,2012-02,4종,1902
270,서순천,2012-02,5종,3250
270,서순천,2012-02,6종,4743
271,순천,2012-02,1종,539671
271,순천,2012-02,2종,21576
271,순천,2012-02,3종,20180
271,순천,2012-02,4종,13745
271,순천,2012-02,5종,46874
271,순천,2012-02,6종,15984
272,광양,2012-02,1종,218932
272,광양,2012-02,2종,11404
272,광양,2012-02,3종,14890
272,광양,2012-02,4종,14752
272,광양,2012-02,5종,58583
272,광양,2012-02,6종,6849
273,동광양,2012-02,1종,109393
273,동광양,2012-02,2종,2767
273,동광양,2012-02,3종,2169
273,동광양,2012-02,4종,1894
273,동광양,2012-02,5종,16585
273,동광양,2012-02,6종,4652
274,가조,2012-02,1종,46305
274,가조,2012-02,2종,1961
274,가조,2012-02,3종,2876
274,가조,2012-02,4종,899
274,가조,2012-02,5종,1141
274,가조,2012-02,6종,3000
275,옥곡,2012-02,1종,102892
275,옥곡,2012-02,2종,2865
275,옥곡,2012-02,3종,3349
275,옥곡,2012-02,4종,1069
275,옥곡,2012-02,5종,7630
275,옥곡,2012-02,6종,4756
276,진월,2012-02,1종,61559
276,진월,2012-02,2종,2141
276,진월,2012-02,3종,1613
276,진월,2012-02,4종,3970
276,진월,2012-02,5종,37102
276,진월,2012-02,6종,2103
277,하동,2012-02,1종,149846
277,하동,2012-02,2종,4756
277,하동,2012-02,3종,6908
277,하동,2012-02,4종,6338
277,하동,2012-02,5종,33295
277,하동,2012-02,6종,6736
278,진교,2012-02,1종,134471
278,진교,2012-02,2종,5140
278,진교,2012-02,3종,12912
278,진교,2012-02,4종,1195
278,진교,2012-02,5종,2958
278,진교,2012-02,6종,7664
279,곤양,2012-02,1종,96065
279,곤양,2012-02,2종,4525
279,곤양,2012-02,3종,6043
279,곤양,2012-02,4종,2208
279,곤양,2012-02,5종,9408
279,곤양,2012-02,6종,4995
280,거창,2012-02,1종,144561
280,거창,2012-02,2종,8272
280,거창,2012-02,3종,13907
280,거창,2012-02,4종,2417
280,거창,2012-02,5종,2724
280,거창,2012-02,6종,7287
281,매송,2012-02,1종,437916
281,매송,2012-02,2종,33645
281,매송,2012-02,3종,23015
281,매송,2012-02,4종,15378
281,매송,2012-02,5종,22285
281,매송,2012-02,6종,23384
282,비봉,2012-02,1종,685654
282,비봉,2012-02,2종,58177
282,비봉,2012-02,3종,36178
282,비봉,2012-02,4종,25704
282,비봉,2012-02,5종,41150
282,비봉,2012-02,6종,38996
283,발안,2012-02,1종,416598
283,발안,2012-02,2종,37573
283,발안,2012-02,3종,19602
283,발안,2012-02,4종,17134
283,발안,2012-02,5종,21346
283,발안,2012-02,6종,23658
284,남양양,2012-02,1종,40420
284,남양양,2012-02,2종,1124
284,남양양,2012-02,3종,1851
284,남양양,2012-02,4종,503
284,남양양,2012-02,5종,408
284,남양양,2012-02,6종,1226
285,서평택,2012-02,1종,519410
285,서평택,2012-02,2종,51110
285,서평택,2012-02,3종,44455
285,서평택,2012-02,4종,62126
285,서평택,2012-02,5종,113763
285,서평택,2012-02,6종,26410
286,통도사휴게소,2012-02,1종,13491
286,통도사휴게소,2012-02,2종,91
286,통도사휴게소,2012-02,3종,1492
286,통도사휴게소,2012-02,4종,0
286,통도사휴게소,2012-02,5종,0
286,통도사휴게소,2012-02,6종,611
287,송악,2012-02,1종,386301
287,송악,2012-02,2종,23936
287,송악,2012-02,3종,18486
287,송악,2012-02,4종,20346
287,송악,2012-02,5종,115626
287,송악,2012-02,6종,16150
288,당진,2012-02,1종,311698
288,당진,2012-02,2종,17880
288,당진,2012-02,3종,18944
288,당진,2012-02,4종,11292
288,당진,2012-02,5종,39527
288,당진,2012-02,6종,12955
289,마산,2012-02,1종,809708
289,마산,2012-02,2종,38420
289,마산,2012-02,3종,37834
289,마산,2012-02,4종,22166
289,마산,2012-02,5종,31476
289,마산,2012-02,6종,55323
290,축동,2012-02,1종,36730
290,축동,2012-02,2종,2549
290,축동,2012-02,3종,1070
290,축동,2012-02,4종,1103
290,축동,2012-02,5종,6917
290,축동,2012-02,6종,1961
291,사천,2012-02,1종,547765
291,사천,2012-02,2종,26123
291,사천,2012-02,3종,23294
291,사천,2012-02,4종,11294
291,사천,2012-02,5종,23194
291,사천,2012-02,6종,36061
292,진주,2012-02,1종,559857
292,진주,2012-02,2종,24858
292,진주,2012-02,3종,41726
292,진주,2012-02,4종,11455
292,진주,2012-02,5종,29218
292,진주,2012-02,6종,36617
293,문산,2012-02,1종,251973
293,문산,2012-02,2종,11841
293,문산,2012-02,3종,7225
293,문산,2012-02,4종,4528
293,문산,2012-02,5종,10923
293,문산,2012-02,6종,15043
294,북창원,2012-02,1종,186507
294,북창원,2012-02,2종,10082
294,북창원,2012-02,3종,4991
294,북창원,2012-02,4종,5385
294,북창원,2012-02,5종,8001
294,북창원,2012-02,6종,9243
295,진성,2012-02,1종,114722
295,진성,2012-02,2종,9084
295,진성,2012-02,3종,7153
295,진성,2012-02,4종,4726
295,진성,2012-02,5종,12044
295,진성,2012-02,6종,5346
296,지수,2012-02,1종,38421
296,지수,2012-02,2종,2984
296,지수,2012-02,3종,1686
296,지수,2012-02,4종,1335
296,지수,2012-02,5종,5484
296,지수,2012-02,6종,2696
298,서산,2012-02,1종,366137
298,서산,2012-02,2종,18178
298,서산,2012-02,3종,25247
298,서산,2012-02,4종,20026
298,서산,2012-02,5종,33756
298,서산,2012-02,6종,13397
299,해미,2012-02,1종,106591
299,해미,2012-02,2종,5378
299,해미,2012-02,3종,4755
299,해미,2012-02,4종,4120
299,해미,2012-02,5종,8715
299,해미,2012-02,6종,4059
501,서김제,2012-02,1종,43899
501,서김제,2012-02,2종,2906
501,서김제,2012-02,3종,3255
501,서김제,2012-02,4종,1815
501,서김제,2012-02,5종,2564
501,서김제,2012-02,6종,1114
502,부안,2012-02,1종,70149
502,부안,2012-02,2종,4621
502,부안,2012-02,3종,4516
502,부안,2012-02,4종,1768
502,부안,2012-02,5종,3114
502,부안,2012-02,6종,1858
503,줄포,2012-02,1종,49133
503,줄포,2012-02,2종,1930
503,줄포,2012-02,3종,2010
503,줄포,2012-02,4종,1185
503,줄포,2012-02,5종,1209
503,줄포,2012-02,6종,1068
504,선운산,2012-02,1종,70927
504,선운산,2012-02,2종,5619
504,선운산,2012-02,3종,7299
504,선운산,2012-02,4종,5240
504,선운산,2012-02,5종,4136
504,선운산,2012-02,6종,1799
505,고창,2012-02,1종,62005
505,고창,2012-02,2종,3289
505,고창,2012-02,3종,2833
505,고창,2012-02,4종,1483
505,고창,2012-02,5종,1212
505,고창,2012-02,6종,1793
506,영광,2012-02,1종,56738
506,영광,2012-02,2종,3253
506,영광,2012-02,3종,5049
506,영광,2012-02,4종,1665
506,영광,2012-02,5종,1863
506,영광,2012-02,6종,1272
507,함평,2012-02,1종,40292
507,함평,2012-02,2종,3849
507,함평,2012-02,3종,4869
507,함평,2012-02,4종,2856
507,함평,2012-02,5종,5352
507,함평,2012-02,6종,1076
508,무안,2012-02,1종,141804
508,무안,2012-02,2종,4946
508,무안,2012-02,3종,5564
508,무안,2012-02,4종,3731
508,무안,2012-02,5종,4913
508,무안,2012-02,6종,3955
509,목포,2012-02,1종,573234
509,목포,2012-02,2종,21588
509,목포,2012-02,3종,31338
509,목포,2012-02,4종,21358
509,목포,2012-02,5종,35042
509,목포,2012-02,6종,15042
511,무창포,2012-02,1종,47064
511,무창포,2012-02,2종,2296
511,무창포,2012-02,3종,1798
511,무창포,2012-02,4종,1258
511,무창포,2012-02,5종,3766
511,무창포,2012-02,6종,1286
512,연화산,2012-02,1종,32182
512,연화산,2012-02,2종,1534
512,연화산,2012-02,3종,948
512,연화산,2012-02,4종,730
512,연화산,2012-02,5종,2364
512,연화산,2012-02,6종,2090
513,고성,2012-02,1종,273903
513,고성,2012-02,2종,14092
513,고성,2012-02,3종,9921
513,고성,2012-02,4종,9793
513,고성,2012-02,5종,12997
513,고성,2012-02,6종,13592
514,동고성,2012-02,1종,87815
514,동고성,2012-02,2종,5179
514,동고성,2012-02,3종,4761
514,동고성,2012-02,4종,5713
514,동고성,2012-02,5종,15347
514,동고성,2012-02,6종,6029
515,북통영,2012-02,1종,113959
515,북통영,2012-02,2종,3553
515,북통영,2012-02,3종,6865
515,북통영,2012-02,4종,1595
515,북통영,2012-02,5종,2077
515,북통영,2012-02,6종,5950
516,통영,2012-02,1종,436814
516,통영,2012-02,2종,20332
516,통영,2012-02,3종,16968
516,통영,2012-02,4종,14659
516,통영,2012-02,5종,22639
516,통영,2012-02,6종,22665
518,칠곡물류,2012-02,1종,29627
518,칠곡물류,2012-02,2종,6832
518,칠곡물류,2012-02,3종,2484
518,칠곡물류,2012-02,4종,5375
518,칠곡물류,2012-02,5종,7344
518,칠곡물류,2012-02,6종,1225
519,남대구,2012-02,1종,1165497
519,남대구,2012-02,2종,67311
519,남대구,2012-02,3종,60048
519,남대구,2012-02,4종,21025
519,남대구,2012-02,5종,40521
519,남대구,2012-02,6종,59316
520,평택,2012-02,1종,385908
520,평택,2012-02,2종,31027
520,평택,2012-02,3종,34770
520,평택,2012-02,4종,15871
520,평택,2012-02,5종,23306
520,평택,2012-02,6종,20317
521,단양,2012-02,1종,43400
521,단양,2012-02,2종,1609
521,단양,2012-02,3종,2753
521,단양,2012-02,4종,757
521,단양,2012-02,5종,6319
521,단양,2012-02,6종,1858
522,북단양,2012-02,1종,65458
522,북단양,2012-02,2종,2534
522,북단양,2012-02,3종,3336
522,북단양,2012-02,4종,2635
522,북단양,2012-02,5종,21082
522,북단양,2012-02,6종,2346
523,남제천,2012-02,1종,55788
523,남제천,2012-02,2종,1489
523,남제천,2012-02,3종,4649
523,남제천,2012-02,4종,650
523,남제천,2012-02,5종,2505
523,남제천,2012-02,6종,1708
524,청통와촌,2012-02,1종,185013
524,청통와촌,2012-02,2종,12464
524,청통와촌,2012-02,3종,5567
524,청통와촌,2012-02,4종,3424
524,청통와촌,2012-02,5종,3483
524,청통와촌,2012-02,6종,7672
525,북영천,2012-02,1종,131471
525,북영천,2012-02,2종,6977
525,북영천,2012-02,3종,3896
525,북영천,2012-02,4종,2865
525,북영천,2012-02,5종,7823
525,북영천,2012-02,6종,4553
526,서포항,2012-02,1종,75424
526,서포항,2012-02,2종,2115
526,서포항,2012-02,3종,1911
526,서포항,2012-02,4종,677
526,서포항,2012-02,5종,2392
526,서포항,2012-02,6종,4003
527,포항,2012-02,1종,660046
527,포항,2012-02,2종,17223
527,포항,2012-02,3종,24488
527,포항,2012-02,4종,6317
527,포항,2012-02,5종,36363
527,포항,2012-02,6종,23006
528,기흥동탄,2012-02,1종,879242
528,기흥동탄,2012-02,2종,27311
528,기흥동탄,2012-02,3종,62509
528,기흥동탄,2012-02,4종,15537
528,기흥동탄,2012-02,5종,15888
528,기흥동탄,2012-02,6종,49347
529,노포,2012-02,1종,192953
529,노포,2012-02,2종,15466
529,노포,2012-02,3종,36406
529,노포,2012-02,4종,4618
529,노포,2012-02,5종,7491
529,노포,2012-02,6종,10381
530,내장산,2012-02,1종,32591
530,내장산,2012-02,2종,1176
530,내장산,2012-02,3종,639
530,내장산,2012-02,4종,675
530,내장산,2012-02,5종,2223
530,내장산,2012-02,6종,1054
531,문의청남대,2012-02,1종,138428
531,문의청남대,2012-02,2종,6809
531,문의청남대,2012-02,3종,6946
531,문의청남대,2012-02,4종,5745
531,문의청남대,2012-02,5종,7246
531,문의청남대,2012-02,6종,5801
532,회인,2012-02,1종,29252
532,회인,2012-02,2종,1127
532,회인,2012-02,3종,540
532,회인,2012-02,4종,1163
532,회인,2012-02,5종,529
532,회인,2012-02,6종,1285
533,보은,2012-02,1종,94021
533,보은,2012-02,2종,4846
533,보은,2012-02,3종,3361
533,보은,2012-02,4종,2498
533,보은,2012-02,5종,2438
533,보은,2012-02,6종,3852
534,속리산,2012-02,1종,30077
534,속리산,2012-02,2종,1797
534,속리산,2012-02,3종,1181
534,속리산,2012-02,4종,1039
534,속리산,2012-02,5종,1098
534,속리산,2012-02,6종,1137
535,화서,2012-02,1종,35538
535,화서,2012-02,2종,1364
535,화서,2012-02,3종,1684
535,화서,2012-02,4종,930
535,화서,2012-02,5종,1497
535,화서,2012-02,6종,1479
536,남상주,2012-02,1종,90618
536,남상주,2012-02,2종,4389
536,남상주,2012-02,3종,6171
536,남상주,2012-02,4종,3251
536,남상주,2012-02,5종,3361
536,남상주,2012-02,6종,3603
537,남김천,2012-02,1종,55098
537,남김천,2012-02,2종,6384
537,남김천,2012-02,3종,3554
537,남김천,2012-02,4종,4930
537,남김천,2012-02,5종,9633
537,남김천,2012-02,6종,1937
538,성주,2012-02,1종,47028
538,성주,2012-02,2종,5654
538,성주,2012-02,3종,3353
538,성주,2012-02,4종,3029
538,성주,2012-02,5종,4522
538,성주,2012-02,6종,1605
539,남성주,2012-02,1종,32185
539,남성주,2012-02,2종,5960
539,남성주,2012-02,3종,2292
539,남성주,2012-02,4종,3545
539,남성주,2012-02,5종,3728
539,남성주,2012-02,6종,1025
540,청북,2012-02,1종,271502
540,청북,2012-02,2종,41289
540,청북,2012-02,3종,25921
540,청북,2012-02,4종,24116
540,청북,2012-02,5종,28113
540,청북,2012-02,6종,14511
541,송탄,2012-02,1종,308415
541,송탄,2012-02,2종,33206
541,송탄,2012-02,3종,22343
541,송탄,2012-02,4종,26524
541,송탄,2012-02,5종,20093
541,송탄,2012-02,6종,14629
542,서안성,2012-02,1종,257470
542,서안성,2012-02,2종,31943
542,서안성,2012-02,3종,24785
542,서안성,2012-02,4종,21348
542,서안성,2012-02,5종,19495
542,서안성,2012-02,6종,12501
543,남안성,2012-02,1종,324683
543,남안성,2012-02,2종,40314
543,남안성,2012-02,3종,25285
543,남안성,2012-02,4종,23779
543,남안성,2012-02,5종,36954
543,남안성,2012-02,6종,18672
544,완주,2012-02,1종,135687
544,완주,2012-02,2종,7672
544,완주,2012-02,3종,6464
544,완주,2012-02,4종,7012
544,완주,2012-02,5종,12064
544,완주,2012-02,6종,4149
545,소양,2012-02,1종,119328
545,소양,2012-02,2종,4275
545,소양,2012-02,3종,6981
545,소양,2012-02,4종,2092
545,소양,2012-02,5종,4417
545,소양,2012-02,6종,3555
546,진안,2012-02,1종,46725
546,진안,2012-02,2종,2104
546,진안,2012-02,3종,1846
546,진안,2012-02,4종,1158
546,진안,2012-02,5종,839
546,진안,2012-02,6종,1468
547,무안공항,2012-02,1종,20993
547,무안공항,2012-02,2종,521
547,무안공항,2012-02,3종,951
547,무안공항,2012-02,4종,472
547,무안공항,2012-02,5종,244
547,무안공항,2012-02,6종,576
548,북무안,2012-02,1종,61637
548,북무안,2012-02,2종,3051
548,북무안,2012-02,3종,2739
548,북무안,2012-02,4종,2125
548,북무안,2012-02,5종,1348
548,북무안,2012-02,6종,1427
549,동함평,2012-02,1종,116350
549,동함평,2012-02,2종,4042
549,동함평,2012-02,3종,3795
549,동함평,2012-02,4종,1727
549,동함평,2012-02,5종,4198
549,동함평,2012-02,6종,4436
550,문평,2012-02,1종,28135
550,문평,2012-02,2종,1138
550,문평,2012-02,3종,1064
550,문평,2012-02,4종,794
550,문평,2012-02,5종,2198
550,문평,2012-02,6종,968
551,나주,2012-02,1종,48741
551,나주,2012-02,2종,2242
551,나주,2012-02,3종,1290
551,나주,2012-02,4종,790
551,나주,2012-02,5종,1558
551,나주,2012-02,6종,1849
552,서광산,2012-02,1종,26229
552,서광산,2012-02,2종,1862
552,서광산,2012-02,3종,959
552,서광산,2012-02,4종,593
552,서광산,2012-02,5종,1998
552,서광산,2012-02,6종,816
553,동광산,2012-02,1종,612699
553,동광산,2012-02,2종,15912
553,동광산,2012-02,3종,22190
553,동광산,2012-02,4종,8582
553,동광산,2012-02,5종,20768
553,동광산,2012-02,6종,18817
554,동홍천,2012-02,1종,303058
554,동홍천,2012-02,2종,4762
554,동홍천,2012-02,3종,16256
554,동홍천,2012-02,4종,2076
554,동홍천,2012-02,5종,1781
554,동홍천,2012-02,6종,10413
555,북진천,2012-02,1종,185206
555,북진천,2012-02,2종,29246
555,북진천,2012-02,3종,23804
555,북진천,2012-02,4종,15055
555,북진천,2012-02,5종,15988
555,북진천,2012-02,6종,8015
556,동순천,2012-02,1종,151249
556,동순천,2012-02,2종,6616
556,동순천,2012-02,3종,10784
556,동순천,2012-02,4종,11592
556,동순천,2012-02,5종,57091
556,동순천,2012-02,6종,3612
557,황전,2012-02,1종,47100
557,황전,2012-02,2종,1333
557,황전,2012-02,3종,885
557,황전,2012-02,4종,1029
557,황전,2012-02,5종,4342
557,황전,2012-02,6종,1699
558,구례화엄사,2012-02,1종,59919
558,구례화엄사,2012-02,2종,2150
558,구례화엄사,2012-02,3종,3512
558,구례화엄사,2012-02,4종,2133
558,구례화엄사,2012-02,5종,7549
558,구례화엄사,2012-02,6종,1455
559,서남원,2012-02,1종,33384
559,서남원,2012-02,2종,2022
559,서남원,2012-02,3종,1604
559,서남원,2012-02,4종,1682
559,서남원,2012-02,5종,4582
559,서남원,2012-02,6종,985
560,감곡,2012-02,1종,237325
560,감곡,2012-02,2종,14346
560,감곡,2012-02,3종,14626
560,감곡,2012-02,4종,10893
560,감곡,2012-02,5종,25592
560,감곡,2012-02,6종,7841
561,북충주,2012-02,1종,38909
561,북충주,2012-02,2종,1702
561,북충주,2012-02,3종,1262
561,북충주,2012-02,4종,1103
561,북충주,2012-02,5종,1400
561,북충주,2012-02,6종,1295
562,충주,2012-02,1종,185968
562,충주,2012-02,2종,10032
562,충주,2012-02,3종,16546
562,충주,2012-02,4종,10827
562,충주,2012-02,5종,11484
562,충주,2012-02,6종,7106
563,괴산,2012-02,1종,50332
563,괴산,2012-02,2종,1570
563,괴산,2012-02,3종,2345
563,괴산,2012-02,4종,1431
563,괴산,2012-02,5종,3908
563,괴산,2012-02,6종,1699
564,연풍,2012-02,1종,32753
564,연풍,2012-02,2종,3341
564,연풍,2012-02,3종,6148
564,연풍,2012-02,4종,4844
564,연풍,2012-02,5종,6054
564,연풍,2012-02,6종,855
565,문경새재,2012-02,1종,57850
565,문경새재,2012-02,2종,3803
565,문경새재,2012-02,3종,4662
565,문경새재,2012-02,4종,3718
565,문경새재,2012-02,5종,4101
565,문경새재,2012-02,6종,1747
566,점촌함창,2012-02,1종,103005
566,점촌함창,2012-02,2종,4469
566,점촌함창,2012-02,3종,8874
566,점촌함창,2012-02,4종,3950
566,점촌함창,2012-02,5종,6518
566,점촌함창,2012-02,6종,3382
567,남고창,2012-02,1종,71018
567,남고창,2012-02,2종,2951
567,남고창,2012-02,3종,1766
567,남고창,2012-02,4종,986
567,남고창,2012-02,5종,2877
567,남고창,2012-02,6종,2616
568,장성물류,2012-02,1종,21224
568,장성물류,2012-02,2종,5308
568,장성물류,2012-02,3종,1905
568,장성물류,2012-02,4종,4439
568,장성물류,2012-02,5종,5022
568,장성물류,2012-02,6종,548
569,북광주,2012-02,1종,140359
569,북광주,2012-02,2종,9170
569,북광주,2012-02,3종,4839
569,북광주,2012-02,4종,8107
569,북광주,2012-02,5종,9335
569,북광주,2012-02,6종,4330
570,북상주,2012-02,1종,98740
570,북상주,2012-02,2종,5466
570,북상주,2012-02,3종,6927
570,북상주,2012-02,4종,3859
570,북상주,2012-02,5종,5561
570,북상주,2012-02,6종,3656
571,면천,2012-02,1종,69082
571,면천,2012-02,2종,3355
571,면천,2012-02,3종,2641
571,면천,2012-02,4종,2714
571,면천,2012-02,5종,4640
571,면천,2012-02,6종,2531
572,고덕,2012-02,1종,77774
572,고덕,2012-02,2종,3597
572,고덕,2012-02,3종,3866
572,고덕,2012-02,4종,2275
572,고덕,2012-02,5종,5365
572,고덕,2012-02,6종,2553
573,예산수덕사,2012-02,1종,224807
573,예산수덕사,2012-02,2종,10323
573,예산수덕사,2012-02,3종,8946
573,예산수덕사,2012-02,4종,7747
573,예산수덕사,2012-02,5종,11821
573,예산수덕사,2012-02,6종,7948
574,신양,2012-02,1종,64649
574,신양,2012-02,2종,3348
574,신양,2012-02,3종,2730
574,신양,2012-02,4종,2125
574,신양,2012-02,5종,4129
574,신양,2012-02,6종,2141
575,유구,2012-02,1종,74702
575,유구,2012-02,2종,5568
575,유구,2012-02,3종,3452
575,유구,2012-02,4종,5824
575,유구,2012-02,5종,7440
575,유구,2012-02,6종,2487
576,마곡사,2012-02,1종,27284
576,마곡사,2012-02,2종,896
576,마곡사,2012-02,3종,961
576,마곡사,2012-02,4종,666
576,마곡사,2012-02,5종,500
576,마곡사,2012-02,6종,954
577,공주,2012-02,1종,137985
577,공주,2012-02,2종,5265
577,공주,2012-02,3종,3811
577,공주,2012-02,4종,2246
577,공주,2012-02,5종,3500
577,공주,2012-02,6종,5663
578,서세종,2012-02,1종,146280
578,서세종,2012-02,2종,11024
578,서세종,2012-02,3종,7326
578,서세종,2012-02,4종,5951
578,서세종,2012-02,5종,10575
578,서세종,2012-02,6종,5784
579,남세종,2012-02,1종,151293
579,남세종,2012-02,2종,5487
579,남세종,2012-02,3종,3596
579,남세종,2012-02,4종,2603
579,남세종,2012-02,5종,4256
579,남세종,2012-02,6종,6179
580,북강릉,2012-02,1종,148827
580,북강릉,2012-02,2종,3745
580,북강릉,2012-02,3종,5908
580,북강릉,2012-02,4종,1404
580,북강릉,2012-02,5종,2162
580,북강릉,2012-02,6종,5644
581,옥계,2012-02,1종,44664
581,옥계,2012-02,2종,1794
581,옥계,2012-02,3종,1556
581,옥계,2012-02,4종,3551
581,옥계,2012-02,5종,11485
581,옥계,2012-02,6종,2448
582,망상,2012-02,1종,83266
582,망상,2012-02,2종,2581
582,망상,2012-02,3종,11821
582,망상,2012-02,4종,1095
582,망상,2012-02,5종,1253
582,망상,2012-02,6종,4669
583,동해,2012-02,1종,247107
583,동해,2012-02,2종,9034
583,동해,2012-02,3종,8825
583,동해,2012-02,4종,7295
583,동해,2012-02,5종,19832
583,동해,2012-02,6종,10692
584,남강릉,2012-02,1종,83312
584,남강릉,2012-02,2종,4867
584,남강릉,2012-02,3종,8478
584,남강릉,2012-02,4종,2596
584,남강릉,2012-02,5종,2270
584,남강릉,2012-02,6종,4978
585,하조대,2012-02,1종,154831
585,하조대,2012-02,2종,5356
585,하조대,2012-02,3종,9448
585,하조대,2012-02,4종,2929
585,하조대,2012-02,5종,2883
585,하조대,2012-02,6종,5584
586,북남원,2012-02,1종,10817
586,북남원,2012-02,2종,537
586,북남원,2012-02,3종,295
586,북남원,2012-02,4종,363
586,북남원,2012-02,5종,1834
586,북남원,2012-02,6종,304
587,오수,2012-02,1종,100399
587,오수,2012-02,2종,4592
587,오수,2012-02,3종,5693
587,오수,2012-02,4종,3285
587,오수,2012-02,5종,7708
587,오수,2012-02,6종,3068
588,임실,2012-02,1종,30656
588,임실,2012-02,2종,1832
588,임실,2012-02,3종,1558
588,임실,2012-02,4종,1158
588,임실,2012-02,5종,3097
588,임실,2012-02,6종,816
589,상관,2012-02,1종,97240
589,상관,2012-02,2종,5924
589,상관,2012-02,3종,4423
589,상관,2012-02,4종,4304
589,상관,2012-02,5종,25741
589,상관,2012-02,6종,2748
590,동전주,2012-02,1종,108765
590,동전주,2012-02,2종,2860
590,동전주,2012-02,3종,2335
590,동전주,2012-02,4종,1532
590,동전주,2012-02,5종,4683
590,동전주,2012-02,6종,3383
591,동서천,2012-02,1종,35360
591,동서천,2012-02,2종,1673
591,동서천,2012-02,3종,1486
591,동서천,2012-02,4종,2355
591,동서천,2012-02,5종,3088
591,동서천,2012-02,6종,1077
592,서부여,2012-02,1종,38343
592,서부여,2012-02,2종,2688
592,서부여,2012-02,3종,1710
592,서부여,2012-02,4종,1073
592,서부여,2012-02,5종,2069
592,서부여,2012-02,6종,1371
593,부여,2012-02,1종,44501
593,부여,2012-02,2종,2343
593,부여,2012-02,3종,1910
593,부여,2012-02,4종,1868
593,부여,2012-02,5종,2835
593,부여,2012-02,6종,1720
594,칠갑산,2012-02,1종,44922
594,칠갑산,2012-02,2종,1778
594,칠갑산,2012-02,3종,1802
594,칠갑산,2012-02,4종,927
594,칠갑산,2012-02,5종,801
594,칠갑산,2012-02,6종,1429
595,서공주,2012-02,1종,43099
595,서공주,2012-02,2종,2756
595,서공주,2012-02,3종,1791
595,서공주,2012-02,4종,1777
595,서공주,2012-02,5종,2409
595,서공주,2012-02,6종,1478
597,서여주,2012-02,1종,75472
597,서여주,2012-02,2종,3968
597,서여주,2012-02,3종,4679
597,서여주,2012-02,4종,3195
597,서여주,2012-02,5종,3098
597,서여주,2012-02,6종,3254
598,북여주,2012-02,1종,49012
598,북여주,2012-02,2종,2218
598,북여주,2012-02,3종,1582
598,북여주,2012-02,4종,1081
598,북여주,2012-02,5종,1647
598,북여주,2012-02,6종,1904
601,남천안,2012-02,1종,294066
601,남천안,2012-02,2종,26851
601,남천안,2012-02,3종,18686
601,남천안,2012-02,4종,22097
601,남천안,2012-02,5종,21936
601,남천안,2012-02,6종,11046
602,풍세상,2012-02,1종,1076172
602,풍세상,2012-02,2종,44386
602,풍세상,2012-02,3종,133406
602,풍세상,2012-02,4종,55270
602,풍세상,2012-02,5종,61970
602,풍세상,2012-02,6종,39404
603,정안,2012-02,1종,90294
603,정안,2012-02,2종,9799
603,정안,2012-02,3종,14289
603,정안,2012-02,4종,9446
603,정안,2012-02,5종,6263
603,정안,2012-02,6종,2948
604,남공주,2012-02,1종,56885
604,남공주,2012-02,2종,3747
604,남공주,2012-02,3종,3325
604,남공주,2012-02,4종,2135
604,남공주,2012-02,5종,4115
604,남공주,2012-02,6종,1859
605,탄천,2012-02,1종,17808
605,탄천,2012-02,2종,1381
605,탄천,2012-02,3종,665
605,탄천,2012-02,4종,766
605,탄천,2012-02,5종,1514
605,탄천,2012-02,6종,601
606,서논산,2012-02,1종,103953
606,서논산,2012-02,2종,7039
606,서논산,2012-02,3종,7991
606,서논산,2012-02,4종,5322
606,서논산,2012-02,5종,8742
606,서논산,2012-02,6종,3536
607,연무,2012-02,1종,49995
607,연무,2012-02,2종,2451
607,연무,2012-02,3종,1983
607,연무,2012-02,4종,1028
607,연무,2012-02,5종,1775
607,연무,2012-02,6종,1536
608,남논산하,2012-02,1종,675160
608,남논산하,2012-02,2종,27988
608,남논산하,2012-02,3종,95738
608,남논산하,2012-02,4종,33670
608,남논산하,2012-02,5종,53328
608,남논산하,2012-02,6종,21744
612,풍세하,2012-02,1종,1082410
612,풍세하,2012-02,2종,43532
612,풍세하,2012-02,3종,135084
612,풍세하,2012-02,4종,46046
612,풍세하,2012-02,5종,52534
612,풍세하,2012-02,6종,39088
618,남논산상,2012-02,1종,665910
618,남논산상,2012-02,2종,27700
618,남논산상,2012-02,3종,93924
618,남논산상,2012-02,4종,34910
618,남논산상,2012-02,5종,59402
618,남논산상,2012-02,6종,21504
621,동대구,2012-02,1종,716804
621,동대구,2012-02,2종,34087
621,동대구,2012-02,3종,36093
621,동대구,2012-02,4종,22962
621,동대구,2012-02,5종,22290
621,동대구,2012-02,6종,35100
622,대구,2012-02,1종,902662
622,대구,2012-02,2종,49063
622,대구,2012-02,3종,50786
622,대구,2012-02,4종,41196
622,대구,2012-02,5종,81543
622,대구,2012-02,6종,44704
623,수성,2012-02,1종,616735
623,수성,2012-02,2종,19918
623,수성,2012-02,3종,10462
623,수성,2012-02,4종,6346
623,수성,2012-02,5종,7481
623,수성,2012-02,6종,27748
624,청도,2012-02,1종,149819
624,청도,2012-02,2종,7351
624,청도,2012-02,3종,3713
624,청도,2012-02,4종,3165
624,청도,2012-02,5종,4212
624,청도,2012-02,6종,7093
625,밀양,2012-02,1종,188315
625,밀양,2012-02,2종,13863
625,밀양,2012-02,3종,7761
625,밀양,2012-02,4종,7373
625,밀양,2012-02,5종,8640
625,밀양,2012-02,6종,8577
626,남밀양,2012-02,1종,266504
626,남밀양,2012-02,2종,19371
626,남밀양,2012-02,3종,12426
626,남밀양,2012-02,4종,10966
626,남밀양,2012-02,5종,12640
626,남밀양,2012-02,6종,15089
627,삼랑진,2012-02,1종,160949
627,삼랑진,2012-02,2종,9105
627,삼랑진,2012-02,3종,4366
627,삼랑진,2012-02,4종,3847
627,삼랑진,2012-02,5종,7673
627,삼랑진,2012-02,6종,9743
628,상동,2012-02,1종,226905
628,상동,2012-02,2종,28424
628,상동,2012-02,3종,11806
628,상동,2012-02,4종,15919
628,상동,2012-02,5종,24080
628,상동,2012-02,6종,13279
629,김해부산,2012-02,1종,959797
629,김해부산,2012-02,2종,69437
629,김해부산,2012-02,3종,58579
629,김해부산,2012-02,4종,53736
629,김해부산,2012-02,5종,103200
629,김해부산,2012-02,6종,50941
641,울산,2012-02,1종,991751
641,울산,2012-02,2종,58840
641,울산,2012-02,3종,65279
641,울산,2012-02,4종,47035
641,울산,2012-02,5종,116299
641,울산,2012-02,6종,47418
642,문수,2012-02,1종,93473
642,문수,2012-02,2종,4867
642,문수,2012-02,3종,3729
642,문수,2012-02,4종,4557
642,문수,2012-02,5종,6504
642,문수,2012-02,6종,5173
643,청량,2012-02,1종,432072
643,청량,2012-02,2종,14219
643,청량,2012-02,3종,11347
643,청량,2012-02,4종,18509
643,청량,2012-02,5종,77184
643,청량,2012-02,6종,25773
644,온양,2012-02,1종,156224
644,온양,2012-02,2종,3975
644,온양,2012-02,3종,1926
644,온양,2012-02,4종,2818
644,온양,2012-02,5종,11961
644,온양,2012-02,6종,10137
645,장안,2012-02,1종,190772
645,장안,2012-02,2종,7104
645,장안,2012-02,3종,3846
645,장안,2012-02,4종,5373
645,장안,2012-02,5종,14528
645,장안,2012-02,6종,11275
646,기장일광,2012-02,1종,191383
646,기장일광,2012-02,2종,3342
646,기장일광,2012-02,3종,2319
646,기장일광,2012-02,4종,1784
646,기장일광,2012-02,5종,5064
646,기장일광,2012-02,6종,11809
647,해운대송정,2012-02,1종,72239
647,해운대송정,2012-02,2종,1111
647,해운대송정,2012-02,3종,582
647,해운대송정,2012-02,4종,295
647,해운대송정,2012-02,5종,687
647,해운대송정,2012-02,6종,4107
648,해운대,2012-02,1종,580806
648,해운대,2012-02,2종,8721
648,해운대,2012-02,3종,6794
648,해운대,2012-02,4종,5979
648,해운대,2012-02,5종,37065
648,해운대,2012-02,6종,33510
651,남양주,2012-02,1종,1262781
651,남양주,2012-02,2종,40775
651,남양주,2012-02,3종,62638
651,남양주,2012-02,4종,12680
651,남양주,2012-02,5종,10683
651,남양주,2012-02,6종,72231
652,화도,2012-02,1종,619451
652,화도,2012-02,2종,33449
652,화도,2012-02,3종,29035
652,화도,2012-02,4종,9636
652,화도,2012-02,5종,9748
652,화도,2012-02,6종,45689
653,서종,2012-02,1종,101948
653,서종,2012-02,2종,1009
653,서종,2012-02,3종,472
653,서종,2012-02,4종,354
653,서종,2012-02,5종,2489
653,서종,2012-02,6종,5741
654,설악,2012-02,1종,130222
654,설악,2012-02,2종,2243
654,설악,2012-02,3종,3610
654,설악,2012-02,4종,944
654,설악,2012-02,5종,839
654,설악,2012-02,6종,6820
655,강촌,2012-02,1종,112790
655,강촌,2012-02,2종,1714
655,강촌,2012-02,3종,4024
655,강촌,2012-02,4종,777
655,강촌,2012-02,5종,628
655,강촌,2012-02,6종,4794
656,남춘천,2012-02,1종,99478
656,남춘천,2012-02,2종,1248
656,남춘천,2012-02,3종,11742
656,남춘천,2012-02,4종,553
656,남춘천,2012-02,5종,872
656,남춘천,2012-02,6종,4093
657,동산,2012-02,1종,527954
657,동산,2012-02,2종,9958
657,동산,2012-02,3종,23360
657,동산,2012-02,4종,4430
657,동산,2012-02,5종,4956
657,동산,2012-02,6종,24772
658,조양,2012-02,1종,17981
658,조양,2012-02,2종,501
658,조양,2012-02,3종,373
658,조양,2012-02,4종,354
658,조양,2012-02,5종,247
658,조양,2012-02,6종,738
671,봉담,2012-02,1종,935508
671,봉담,2012-02,2종,51722
671,봉담,2012-02,3종,32124
671,봉담,2012-02,4종,16144
671,봉담,2012-02,5종,25391
671,봉담,2012-02,6종,69538
672,정남,2012-02,1종,281307
672,정남,2012-02,2종,18959
672,정남,2012-02,3종,8548
672,정남,2012-02,4종,4739
672,정남,2012-02,5종,4477
672,정남,2012-02,6종,20948
673,북오산,2012-02,1종,619819
673,북오산,2012-02,2종,24161
673,북오산,2012-02,3종,20572
673,북오산,2012-02,4종,8678
673,북오산,2012-02,5종,8510
673,북오산,2012-02,6종,43650
674,,2012-02,1종,665772
674,,2012-02,2종,37927
674,,2012-02,3종,48134
674,,2012-02,4종,17298
674,,2012-02,5종,20474
674,,2012-02,6종,45091
675,서오산,2012-02,1종,181045
675,서오산,2012-02,2종,7835
675,서오산,2012-02,3종,4147
675,서오산,2012-02,4종,3287
675,서오산,2012-02,5종,3571
675,서오산,2012-02,6종,13082
676,향남,2012-02,1종,408974
676,향남,2012-02,2종,28655
676,향남,2012-02,3종,15655
676,향남,2012-02,4종,11526
676,향남,2012-02,5종,10089
676,향남,2012-02,6종,31837
677,북평택,2012-02,1종,598009
677,북평택,2012-02,2종,31381
677,북평택,2012-02,3종,35357
677,북평택,2012-02,4종,12498
677,북평택,2012-02,5종,21795
677,북평택,2012-02,6종,36077
11,인천,2012-03,1종,3652263
11,인천,2012-03,2종,140849
11,인천,2012-03,3종,74929
11,인천,2012-03,4종,64204
11,인천,2012-03,5종,130469
11,인천,2012-03,6종,317702
53,남인천,2012-03,1종,1718860
53,남인천,2012-03,2종,50944
53,남인천,2012-03,3종,56609
53,남인천,2012-03,4종,21644
53,남인천,2012-03,5종,60657
53,남인천,2012-03,6종,139454
56,일로,2012-03,1종,34256
56,일로,2012-03,2종,1267
56,일로,2012-03,3종,804
56,일로,2012-03,4종,659
56,일로,2012-03,5종,1527
56,일로,2012-03,6종,1495
61,성남,2012-03,1종,3669823
61,성남,2012-03,2종,166520
61,성남,2012-03,3종,146943
61,성남,2012-03,4종,67054
61,성남,2012-03,5종,67583
61,성남,2012-03,6종,240184
62,구리남양주,2012-03,1종,4686569
62,구리남양주,2012-03,2종,242327
62,구리남양주,2012-03,3종,164967
62,구리남양주,2012-03,4종,94474
62,구리남양주,2012-03,5종,86207
62,구리남양주,2012-03,6종,321469
63,토평,2012-03,1종,489051
63,토평,2012-03,2종,18646
63,토평,2012-03,3종,7960
63,토평,2012-03,4종,6208
63,토평,2012-03,5종,12433
63,토평,2012-03,6종,34570
64,청계,2012-03,1종,4367108
64,청계,2012-03,2종,175012
64,청계,2012-03,3종,154775
64,청계,2012-03,4종,44130
64,청계,2012-03,5종,73295
64,청계,2012-03,6종,312688
65,판교,2012-03,1종,2808964
65,판교,2012-03,2종,51497
65,판교,2012-03,3종,187877
65,판교,2012-03,4종,18777
65,판교,2012-03,5종,10522
65,판교,2012-03,6종,150363
66,하남,2012-03,1종,733383
66,하남,2012-03,2종,26136
66,하남,2012-03,3종,15115
66,하남,2012-03,4종,7300
66,하남,2012-03,5종,7494
66,하남,2012-03,6종,51981
67,시흥,2012-03,1종,3806010
67,시흥,2012-03,2종,160594
67,시흥,2012-03,3종,125688
67,시흥,2012-03,4종,70396
67,시흥,2012-03,5종,80007
67,시흥,2012-03,6종,273355
68,김포,2012-03,1종,4521968
68,김포,2012-03,2종,211424
68,김포,2012-03,3종,127354
68,김포,2012-03,4종,72030
68,김포,2012-03,5종,118748
68,김포,2012-03,6종,334516
69,대왕판교,2012-03,1종,167317
69,대왕판교,2012-03,2종,927
69,대왕판교,2012-03,3종,327
69,대왕판교,2012-03,4종,25
69,대왕판교,2012-03,5종,11
69,대왕판교,2012-03,6종,9294
74,덕소삼패,2012-03,1종,263147
74,덕소삼패,2012-03,2종,8044
74,덕소삼패,2012-03,3종,3637
74,덕소삼패,2012-03,4종,2681
74,덕소삼패,2012-03,5종,10099
74,덕소삼패,2012-03,6종,18338
91,대동(개),2012-03,1종,155099
91,대동(개),2012-03,2종,11750
91,대동(개),2012-03,3종,5170
91,대동(개),2012-03,4종,18270
91,대동(개),2012-03,5종,37836
91,대동(개),2012-03,6종,9917
92,내서,2012-03,1종,234517
92,내서,2012-03,2종,10111
92,내서,2012-03,3종,11601
92,내서,2012-03,4종,3723
92,내서,2012-03,5종,6325
92,내서,2012-03,6종,21966
101,서울,2012-03,1종,4971204
101,서울,2012-03,2종,203024
101,서울,2012-03,3종,554605
101,서울,2012-03,4종,89793
101,서울,2012-03,5종,53843
101,서울,2012-03,6종,226809
102,동수원,2012-03,1종,1791136
102,동수원,2012-03,2종,41591
102,동수원,2012-03,3종,69953
102,동수원,2012-03,4종,20022
102,동수원,2012-03,5종,22024
102,동수원,2012-03,6종,103566
103,수원신갈,2012-03,1종,2367417
103,수원신갈,2012-03,2종,105382
103,수원신갈,2012-03,3종,154507
103,수원신갈,2012-03,4종,33651
103,수원신갈,2012-03,5종,27507
103,수원신갈,2012-03,6종,130554
104,지곡,2012-03,1종,30139
104,지곡,2012-03,2종,2039
104,지곡,2012-03,3종,2051
104,지곡,2012-03,4종,1775
104,지곡,2012-03,5종,2404
104,지곡,2012-03,6종,1357
105,기흥,2012-03,1종,376405
105,기흥,2012-03,2종,33743
105,기흥,2012-03,3종,17657
105,기흥,2012-03,4종,10322
105,기흥,2012-03,5종,9023
105,기흥,2012-03,6종,19374
106,오산,2012-03,1종,1079307
106,오산,2012-03,2종,78152
106,오산,2012-03,3종,77547
106,오산,2012-03,4종,35207
106,오산,2012-03,5종,27912
106,오산,2012-03,6종,64354
107,안성,2012-03,1종,836825
107,안성,2012-03,2종,45804
107,안성,2012-03,3종,62038
107,안성,2012-03,4종,21035
107,안성,2012-03,5종,16104
107,안성,2012-03,6종,50209
108,천안,2012-03,1종,1426934
108,천안,2012-03,2종,65586
108,천안,2012-03,3종,110965
108,천안,2012-03,4종,49981
108,천안,2012-03,5종,46854
108,천안,2012-03,6종,70406
109,계룡,2012-03,1종,132311
109,계룡,2012-03,2종,10544
109,계룡,2012-03,3종,10630
109,계룡,2012-03,4종,6551
109,계룡,2012-03,5종,4645
109,계룡,2012-03,6종,8652
110,독립기념관,2012-03,1종,315040
110,독립기념관,2012-03,2종,26088
110,독립기념관,2012-03,3종,25985
110,독립기념관,2012-03,4종,31110
110,독립기념관,2012-03,5종,22270
110,독립기념관,2012-03,6종,13011
111,청주,2012-03,1종,469269
111,청주,2012-03,2종,22575
111,청주,2012-03,3종,47641
111,청주,2012-03,4종,13608
111,청주,2012-03,5종,18480
111,청주,2012-03,6종,23189
112,남청주,2012-03,1종,480688
112,남청주,2012-03,2종,52055
112,남청주,2012-03,3종,38611
112,남청주,2012-03,4종,46688
112,남청주,2012-03,5종,42222
112,남청주,2012-03,6종,21520
113,신탄진,2012-03,1종,724137
113,신탄진,2012-03,2종,55607
113,신탄진,2012-03,3종,29810
113,신탄진,2012-03,4종,49242
113,신탄진,2012-03,5종,48031
113,신탄진,2012-03,6종,36357
114,남대전,2012-03,1종,252633
114,남대전,2012-03,2종,13552
114,남대전,2012-03,3종,7886
114,남대전,2012-03,4종,4690
114,남대전,2012-03,5종,6359
114,남대전,2012-03,6종,12915
115,대전,2012-03,1종,1225695
115,대전,2012-03,2종,44710
115,대전,2012-03,3종,82427
115,대전,2012-03,4종,16297
115,대전,2012-03,5종,15865
115,대전,2012-03,6종,64228
116,옥천,2012-03,1종,339172
116,옥천,2012-03,2종,26099
116,옥천,2012-03,3종,18751
116,옥천,2012-03,4종,35368
116,옥천,2012-03,5종,14201
116,옥천,2012-03,6종,18650
117,금강,2012-03,1종,32804
117,금강,2012-03,2종,1806
117,금강,2012-03,3종,947
117,금강,2012-03,4종,2865
117,금강,2012-03,5종,759
117,금강,2012-03,6종,1857
118,영동,2012-03,1종,77167
118,영동,2012-03,2종,5992
118,영동,2012-03,3종,3997
118,영동,2012-03,4종,3003
118,영동,2012-03,5종,6560
118,영동,2012-03,6종,3576
119,판암,2012-03,1종,414244
119,판암,2012-03,2종,16212
119,판암,2012-03,3종,8066
119,판암,2012-03,4종,6742
119,판암,2012-03,5종,6930
119,판암,2012-03,6종,24354
120,황간,2012-03,1종,59310
120,황간,2012-03,2종,3255
120,황간,2012-03,3종,4003
120,황간,2012-03,4종,4433
120,황간,2012-03,5종,4451
120,황간,2012-03,6종,2390
121,추풍령,2012-03,1종,35569
121,추풍령,2012-03,2종,1785
121,추풍령,2012-03,3종,1693
121,추풍령,2012-03,4종,1180
121,추풍령,2012-03,5종,1628
121,추풍령,2012-03,6종,1785
122,김천,2012-03,1종,239574
122,김천,2012-03,2종,12878
122,김천,2012-03,3종,12864
122,김천,2012-03,4종,13020
122,김천,2012-03,5종,13590
122,김천,2012-03,6종,10588
123,구미,2012-03,1종,720379
123,구미,2012-03,2종,22646
123,구미,2012-03,3종,35548
123,구미,2012-03,4종,17386
123,구미,2012-03,5종,13705
123,구미,2012-03,6종,36104
124,상주,2012-03,1종,128901
124,상주,2012-03,2종,11934
124,상주,2012-03,3종,10535
124,상주,2012-03,4종,13161
124,상주,2012-03,5종,11999
124,상주,2012-03,6종,4487
125,남구미,2012-03,1종,504635
125,남구미,2012-03,2종,25776
125,남구미,2012-03,3종,32296
125,남구미,2012-03,4종,20735
125,남구미,2012-03,5종,43200
125,남구미,2012-03,6종,27463
126,왜관,2012-03,1종,577343
126,왜관,2012-03,2종,51217
126,왜관,2012-03,3종,30654
126,왜관,2012-03,4종,23102
126,왜관,2012-03,5종,35631
126,왜관,2012-03,6종,27505
127,서대구,2012-03,1종,1793201
127,서대구,2012-03,2종,108972
127,서대구,2012-03,3종,99636
127,서대구,2012-03,4종,51317
127,서대구,2012-03,5종,60165
127,서대구,2012-03,6종,81779
129,북대구,2012-03,1종,1645524
129,북대구,2012-03,2종,68874
129,북대구,2012-03,3종,50221
129,북대구,2012-03,4종,23141
129,북대구,2012-03,5종,30316
129,북대구,2012-03,6종,70626
131,경산,2012-03,1종,809431
131,경산,2012-03,2종,85377
131,경산,2012-03,3종,48367
131,경산,2012-03,4종,42342
131,경산,2012-03,5종,39492
131,경산,2012-03,6종,43771
132,영천,2012-03,1종,347400
132,영천,2012-03,2종,30844
132,영천,2012-03,3종,24606
132,영천,2012-03,4종,20896
132,영천,2012-03,5종,50608
132,영천,2012-03,6종,13131
133,서경주,2012-03,1종,138049
133,서경주,2012-03,2종,9116
133,서경주,2012-03,3종,9659
133,서경주,2012-03,4종,7456
133,서경주,2012-03,5종,28399
133,서경주,2012-03,6종,4404
134,선산,2012-03,1종,83106
134,선산,2012-03,2종,7252
134,선산,2012-03,3종,5071
134,선산,2012-03,4종,7050
134,선산,2012-03,5종,7093
134,선산,2012-03,6종,3259
135,경주,2012-03,1종,774777
135,경주,2012-03,2종,47976
135,경주,2012-03,3종,82934
135,경주,2012-03,4종,38095
135,경주,2012-03,5종,108012
135,경주,2012-03,6종,28168
137,통도사,2012-03,1종,270499
137,통도사,2012-03,2종,23797
137,통도사,2012-03,3종,15975
137,통도사,2012-03,4종,12131
137,통도사,2012-03,5종,17859
137,통도사,2012-03,6종,13236
138,양산,2012-03,1종,632492
138,양산,2012-03,2종,87716
138,양산,2012-03,3종,41565
138,양산,2012-03,4종,45434
138,양산,2012-03,5종,59821
138,양산,2012-03,6종,36404
139,서울산,2012-03,1종,395336
139,서울산,2012-03,2종,27276
139,서울산,2012-03,3종,29077
139,서울산,2012-03,4종,12290
139,서울산,2012-03,5종,24481
139,서울산,2012-03,6종,20574
140,부산,2012-03,1종,1416004
140,부산,2012-03,2종,71199
140,부산,2012-03,3종,50485
140,부산,2012-03,4종,34238
140,부산,2012-03,5종,70633
140,부산,2012-03,6종,82359
142,군북,2012-03,1종,266827
142,군북,2012-03,2종,12650
142,군북,2012-03,3종,11818
142,군북,2012-03,4종,9278
142,군북,2012-03,5종,16815
142,군북,2012-03,6종,15719
143,장지,2012-03,1종,103703
143,장지,2012-03,2종,7018
143,장지,2012-03,3종,4498
143,장지,2012-03,4종,3960
143,장지,2012-03,5종,19664
143,장지,2012-03,6종,5611
144,함안,2012-03,1종,231922
144,함안,2012-03,2종,15276
144,함안,2012-03,3종,8811
144,함안,2012-03,4종,7940
144,함안,2012-03,5종,16247
144,함안,2012-03,6종,15117
145,산인,2012-03,1종,629303
145,산인,2012-03,2종,19848
145,산인,2012-03,3종,30705
145,산인,2012-03,4종,13742
145,산인,2012-03,5종,23080
145,산인,2012-03,6종,37076
146,동창원,2012-03,1종,566879
146,동창원,2012-03,2종,35515
146,동창원,2012-03,3종,20108
146,동창원,2012-03,4종,16754
146,동창원,2012-03,5종,30760
146,동창원,2012-03,6종,39153
147,진례,2012-03,1종,465686
147,진례,2012-03,2종,40703
147,진례,2012-03,3종,21713
147,진례,2012-03,4종,17720
147,진례,2012-03,5종,22777
147,진례,2012-03,6종,31799
148,서김해,2012-03,1종,633559
148,서김해,2012-03,2종,24632
148,서김해,2012-03,3종,16214
148,서김해,2012-03,4종,10061
148,서김해,2012-03,5종,16384
148,서김해,2012-03,6종,44941
149,동김해,2012-03,1종,1149480
149,동김해,2012-03,2종,41479
149,동김해,2012-03,3종,31984
149,동김해,2012-03,4종,21570
149,동김해,2012-03,5종,25187
149,동김해,2012-03,6종,92198
150,북부산,2012-03,1종,2341168
150,북부산,2012-03,2종,81830
150,북부산,2012-03,3종,75350
150,북부산,2012-03,4종,42000
150,북부산,2012-03,5종,95226
150,북부산,2012-03,6종,156228
151,북대전,2012-03,1종,630011
151,북대전,2012-03,2종,19359
151,북대전,2012-03,3종,28123
151,북대전,2012-03,4종,17488
151,북대전,2012-03,5종,15829
151,북대전,2012-03,6종,35906
152,유성,2012-03,1종,962970
152,유성,2012-03,2종,27786
152,유성,2012-03,3종,35988
152,유성,2012-03,4종,16236
152,유성,2012-03,5종,14239
152,유성,2012-03,6종,42525
153,서대전,2012-03,1종,566273
153,서대전,2012-03,2종,21347
153,서대전,2012-03,3종,15714
153,서대전,2012-03,4종,13470
153,서대전,2012-03,5종,13845
153,서대전,2012-03,6종,31881
154,안영,2012-03,1종,367386
154,안영,2012-03,2종,15520
154,안영,2012-03,3종,8885
154,안영,2012-03,4종,6520
154,안영,2012-03,5종,8256
154,안영,2012-03,6종,18964
155,논산,2012-03,1종,194861
155,논산,2012-03,2종,17795
155,논산,2012-03,3종,16913
155,논산,2012-03,4종,11730
155,논산,2012-03,5종,12372
155,논산,2012-03,6종,7161
156,익산,2012-03,1종,263397
156,익산,2012-03,2종,23501
156,익산,2012-03,3종,30195
156,익산,2012-03,4종,17928
156,익산,2012-03,5종,27145
156,익산,2012-03,6종,7921
157,삼례,2012-03,1종,98509
157,삼례,2012-03,2종,9122
157,삼례,2012-03,3종,6793
157,삼례,2012-03,4종,5420
157,삼례,2012-03,5종,11383
157,삼례,2012-03,6종,2910
158,전주,2012-03,1종,404339
158,전주,2012-03,2종,22845
158,전주,2012-03,3종,46204
158,전주,2012-03,4종,18113
158,전주,2012-03,5종,41805
158,전주,2012-03,6종,12686
159,서전주,2012-03,1종,209265
159,서전주,2012-03,2종,13828
159,서전주,2012-03,3종,11191
159,서전주,2012-03,4종,5878
159,서전주,2012-03,5종,8183
159,서전주,2012-03,6종,6142
160,김제,2012-03,1종,97702
160,김제,2012-03,2종,8429
160,김제,2012-03,3종,5313
160,김제,2012-03,4종,3324
160,김제,2012-03,5종,5678
160,김제,2012-03,6종,3060
161,금산사,2012-03,1종,34232
161,금산사,2012-03,2종,3343
161,금산사,2012-03,3종,2033
161,금산사,2012-03,4종,600
161,금산사,2012-03,5종,2353
161,금산사,2012-03,6종,1059
162,태인,2012-03,1종,65577
162,태인,2012-03,2종,6844
162,태인,2012-03,3종,5918
162,태인,2012-03,4종,3199
162,태인,2012-03,5종,6311
162,태인,2012-03,6종,1983
163,정읍,2012-03,1종,228297
163,정읍,2012-03,2종,20083
163,정읍,2012-03,3종,21167
163,정읍,2012-03,4종,10382
163,정읍,2012-03,5종,10823
163,정읍,2012-03,6종,6761
164,무주,2012-03,1종,116724
164,무주,2012-03,2종,4138
164,무주,2012-03,3종,5750
164,무주,2012-03,4종,2531
164,무주,2012-03,5종,1922
164,무주,2012-03,6종,4600
165,백양사,2012-03,1종,61214
165,백양사,2012-03,2종,2525
165,백양사,2012-03,3종,3728
165,백양사,2012-03,4종,1853
165,백양사,2012-03,5종,3115
165,백양사,2012-03,6종,1767
166,장성,2012-03,1종,123457
166,장성,2012-03,2종,10009
166,장성,2012-03,3종,9182
166,장성,2012-03,4종,5892
166,장성,2012-03,5종,9390
166,장성,2012-03,6종,3866
167,광주,2012-03,1종,914737
167,광주,2012-03,2종,50729
167,광주,2012-03,3종,82136
167,광주,2012-03,4종,45029
167,광주,2012-03,5종,35797
167,광주,2012-03,6종,25648
168,덕유산,2012-03,1종,49308
168,덕유산,2012-03,2종,1671
168,덕유산,2012-03,3종,1348
168,덕유산,2012-03,4종,756
168,덕유산,2012-03,5종,909
168,덕유산,2012-03,6종,1511
169,장수,2012-03,1종,86717
169,장수,2012-03,2종,4168
169,장수,2012-03,3종,4318
169,장수,2012-03,4종,1871
169,장수,2012-03,5종,2828
169,장수,2012-03,6종,2950
170,서상,2012-03,1종,39485
170,서상,2012-03,2종,2653
170,서상,2012-03,3종,4244
170,서상,2012-03,4종,3090
170,서상,2012-03,5종,2477
170,서상,2012-03,6종,1530
171,마성,2012-03,1종,262900
171,마성,2012-03,2종,6587
171,마성,2012-03,3종,18513
171,마성,2012-03,4종,1648
171,마성,2012-03,5종,1490
171,마성,2012-03,6종,14771
172,용인,2012-03,1종,752647
172,용인,2012-03,2종,65948
172,용인,2012-03,3종,32249
172,용인,2012-03,4종,21745
172,용인,2012-03,5종,13782
172,용인,2012-03,6종,51181
173,양지,2012-03,1종,688534
173,양지,2012-03,2종,96619
173,양지,2012-03,3종,55760
173,양지,2012-03,4종,47394
173,양지,2012-03,5종,38718
173,양지,2012-03,6종,38101
174,춘천,2012-03,1종,668312
174,춘천,2012-03,2종,21102
174,춘천,2012-03,3종,25121
174,춘천,2012-03,4종,9765
174,춘천,2012-03,5종,7933
174,춘천,2012-03,6종,38928
175,덕평,2012-03,1종,214171
175,덕평,2012-03,2종,37857
175,덕평,2012-03,3종,20918
175,덕평,2012-03,4종,13721
175,덕평,2012-03,5종,9183
175,덕평,2012-03,6종,12710
176,이천,2012-03,1종,533848
176,이천,2012-03,2종,45311
176,이천,2012-03,3종,41012
176,이천,2012-03,4종,34334
176,이천,2012-03,5종,35547
176,이천,2012-03,6종,25328
177,여주,2012-03,1종,443037
177,여주,2012-03,2종,26465
177,여주,2012-03,3종,48863
177,여주,2012-03,4종,22342
177,여주,2012-03,5종,14075
177,여주,2012-03,6종,17778
178,문막,2012-03,1종,296548
178,문막,2012-03,2종,25586
178,문막,2012-03,3종,32018
178,문막,2012-03,4종,11539
178,문막,2012-03,5종,15663
178,문막,2012-03,6종,12800
179,홍천,2012-03,1종,257276
179,홍천,2012-03,2종,10655
179,홍천,2012-03,3종,12995
179,홍천,2012-03,4종,8292
179,홍천,2012-03,5종,5751
179,홍천,2012-03,6종,17206
180,원주,2012-03,1종,227719
180,원주,2012-03,2종,15883
180,원주,2012-03,3종,17675
180,원주,2012-03,4종,8129
180,원주,2012-03,5종,8605
180,원주,2012-03,6종,11582
181,새말,2012-03,1종,160010
181,새말,2012-03,2종,8452
181,새말,2012-03,3종,8994
181,새말,2012-03,4종,3352
181,새말,2012-03,5종,4385
181,새말,2012-03,6종,6332
182,둔내,2012-03,1종,83860
182,둔내,2012-03,2종,3271
182,둔내,2012-03,3종,5191
182,둔내,2012-03,4종,1678
182,둔내,2012-03,5종,996
182,둔내,2012-03,6종,3829
183,면온,2012-03,1종,62740
183,면온,2012-03,2종,1047
183,면온,2012-03,3종,2500
183,면온,2012-03,4종,733
183,면온,2012-03,5종,1111
183,면온,2012-03,6종,2473
184,대관령,2012-03,1종,165389
184,대관령,2012-03,2종,4142
184,대관령,2012-03,3종,12993
184,대관령,2012-03,4종,569
184,대관령,2012-03,5종,698
184,대관령,2012-03,6종,7470
185,평창,2012-03,1종,87978
185,평창,2012-03,2종,4068
185,평창,2012-03,3종,11742
185,평창,2012-03,4종,1623
185,평창,2012-03,5종,2085
185,평창,2012-03,6종,4253
186,속사,2012-03,1종,24477
186,속사,2012-03,2종,883
186,속사,2012-03,3종,1063
186,속사,2012-03,4종,400
186,속사,2012-03,5종,366
186,속사,2012-03,6종,882
187,진부,2012-03,1종,93820
187,진부,2012-03,2종,3744
187,진부,2012-03,3종,10243
187,진부,2012-03,4종,1127
187,진부,2012-03,5종,1049
187,진부,2012-03,6종,4937
189,강릉,2012-03,1종,400580
189,강릉,2012-03,2종,14450
189,강릉,2012-03,3종,38151
189,강릉,2012-03,4종,7971
189,강릉,2012-03,5종,9422
189,강릉,2012-03,6종,20668
190,동서울,2012-03,1종,3155092
190,동서울,2012-03,2종,201000
190,동서울,2012-03,3종,222157
190,동서울,2012-03,4종,87364
190,동서울,2012-03,5종,57900
190,동서울,2012-03,6종,139990
191,경기광주,2012-03,1종,758413
191,경기광주,2012-03,2종,48215
191,경기광주,2012-03,3종,33055
191,경기광주,2012-03,4종,10626
191,경기광주,2012-03,5종,5530
191,경기광주,2012-03,6종,49279
192,곤지암,2012-03,1종,714442
192,곤지암,2012-03,2종,71904
192,곤지암,2012-03,3종,38648
192,곤지암,2012-03,4종,29446
192,곤지암,2012-03,5종,18490
192,곤지암,2012-03,6종,38235
193,일죽,2012-03,1종,415531
193,일죽,2012-03,2종,44122
193,일죽,2012-03,3종,32768
193,일죽,2012-03,4종,28230
193,일죽,2012-03,5종,20544
193,일죽,2012-03,6종,16240
194,서이천,2012-03,1종,397183
194,서이천,2012-03,2종,61662
194,서이천,2012-03,3종,44819
194,서이천,2012-03,4종,26851
194,서이천,2012-03,5종,10770
194,서이천,2012-03,6종,21079
195,대소,2012-03,1종,363243
195,대소,2012-03,2종,58648
195,대소,2012-03,3종,38768
195,대소,2012-03,4종,33354
195,대소,2012-03,5종,27678
195,대소,2012-03,6종,14951
196,진천,2012-03,1종,197931
196,진천,2012-03,2종,18018
196,진천,2012-03,3종,15819
196,진천,2012-03,4종,13031
196,진천,2012-03,5종,15226
196,진천,2012-03,6종,7824
197,증평,2012-03,1종,385809
197,증평,2012-03,2종,31027
197,증평,2012-03,3종,26809
197,증평,2012-03,4종,18329
197,증평,2012-03,5종,28436
197,증평,2012-03,6종,15087
198,서청주,2012-03,1종,737877
198,서청주,2012-03,2종,41326
198,서청주,2012-03,3종,40330
198,서청주,2012-03,4종,29067
198,서청주,2012-03,5종,21863
198,서청주,2012-03,6종,34315
199,오창,2012-03,1종,460280
199,오창,2012-03,2종,25306
199,오창,2012-03,3종,25846
199,오창,2012-03,4종,14312
199,오창,2012-03,5종,16486
199,오창,2012-03,6종,21546
200,금산,2012-03,1종,121111
200,금산,2012-03,2종,4508
200,금산,2012-03,3종,6599
200,금산,2012-03,4종,4480
200,금산,2012-03,5종,6924
200,금산,2012-03,6종,5341
201,칠곡,2012-03,1종,568482
201,칠곡,2012-03,2종,25641
201,칠곡,2012-03,3종,21490
201,칠곡,2012-03,4종,7856
201,칠곡,2012-03,5종,13507
201,칠곡,2012-03,6종,28742
202,다부,2012-03,1종,108231
202,다부,2012-03,2종,9166
202,다부,2012-03,3종,4535
202,다부,2012-03,4종,1906
202,다부,2012-03,5종,6220
202,다부,2012-03,6종,4249
203,가산,2012-03,1종,458390
203,가산,2012-03,2종,23173
203,가산,2012-03,3종,18565
203,가산,2012-03,4종,11831
203,가산,2012-03,5종,25227
203,가산,2012-03,6종,20890
204,추부,2012-03,1종,156558
204,추부,2012-03,2종,10317
204,추부,2012-03,3종,9242
204,추부,2012-03,4종,3602
204,추부,2012-03,5종,4436
204,추부,2012-03,6종,8850
205,군위,2012-03,1종,122381
205,군위,2012-03,2종,7019
205,군위,2012-03,3종,3560
205,군위,2012-03,4종,2215
205,군위,2012-03,5종,6903
205,군위,2012-03,6종,5577
206,의성,2012-03,1종,147121
206,의성,2012-03,2종,5693
206,의성,2012-03,3종,4106
206,의성,2012-03,4종,1756
206,의성,2012-03,5종,4547
206,의성,2012-03,6종,4945
207,남안동,2012-03,1종,231819
207,남안동,2012-03,2종,9215
207,남안동,2012-03,3종,5860
207,남안동,2012-03,4종,3361
207,남안동,2012-03,5종,5935
207,남안동,2012-03,6종,8263
208,서안동,2012-03,1종,160882
208,서안동,2012-03,2종,6943
208,서안동,2012-03,3종,15378
208,서안동,2012-03,4종,2976
208,서안동,2012-03,5종,6784
208,서안동,2012-03,6종,5724
209,예천,2012-03,1종,22325
209,예천,2012-03,2종,639
209,예천,2012-03,3종,384
209,예천,2012-03,4종,280
209,예천,2012-03,5종,1491
209,예천,2012-03,6종,882
210,영주,2012-03,1종,112254
210,영주,2012-03,2종,5082
210,영주,2012-03,3종,6605
210,영주,2012-03,4종,2724
210,영주,2012-03,5종,11757
210,영주,2012-03,6종,4098
211,풍기,2012-03,1종,155233
211,풍기,2012-03,2종,6927
211,풍기,2012-03,3종,13809
211,풍기,2012-03,4종,3580
211,풍기,2012-03,5종,8954
211,풍기,2012-03,6종,5616
212,북수원,2012-03,1종,1128969
212,북수원,2012-03,2종,48058
212,북수원,2012-03,3종,55583
212,북수원,2012-03,4종,27335
212,북수원,2012-03,5종,18034
212,북수원,2012-03,6종,67227
213,부곡,2012-03,1종,372525
213,부곡,2012-03,2종,11211
213,부곡,2012-03,3종,8432
213,부곡,2012-03,4종,11028
213,부곡,2012-03,5종,67732
213,부곡,2012-03,6종,23076
214,동군포,2012-03,1종,155928
214,동군포,2012-03,2종,10388
214,동군포,2012-03,3종,7147
214,동군포,2012-03,4종,14601
214,동군포,2012-03,5종,8086
214,동군포,2012-03,6종,9994
215,군포,2012-03,1종,990282
215,군포,2012-03,2종,65996
215,군포,2012-03,3종,45016
215,군포,2012-03,4종,23217
215,군포,2012-03,5종,33449
215,군포,2012-03,6종,70792
216,횡성,2012-03,1종,146089
216,횡성,2012-03,2종,6766
216,횡성,2012-03,3종,7215
216,횡성,2012-03,4종,3250
216,횡성,2012-03,5종,5461
216,횡성,2012-03,6종,7026
217,북원주,2012-03,1종,67159
217,북원주,2012-03,2종,4318
217,북원주,2012-03,3종,2710
217,북원주,2012-03,4종,1871
217,북원주,2012-03,5종,2732
217,북원주,2012-03,6종,4319
218,남원주,2012-03,1종,489475
218,남원주,2012-03,2종,19405
218,남원주,2012-03,3종,28975
218,남원주,2012-03,4종,6593
218,남원주,2012-03,5종,6802
218,남원주,2012-03,6종,24757
219,신림,2012-03,1종,76018
219,신림,2012-03,2종,2889
219,신림,2012-03,3종,3050
219,신림,2012-03,4종,2107
219,신림,2012-03,5종,6270
219,신림,2012-03,6종,2960
221,생초,2012-03,1종,45527
221,생초,2012-03,2종,2583
221,생초,2012-03,3종,2855
221,생초,2012-03,4종,2029
221,생초,2012-03,5종,8428
221,생초,2012-03,6종,1553
222,산청,2012-03,1종,40973
222,산청,2012-03,2종,1918
222,산청,2012-03,3종,2247
222,산청,2012-03,4종,965
222,산청,2012-03,5종,2204
222,산청,2012-03,6종,1632
223,단성,2012-03,1종,81945
223,단성,2012-03,2종,3831
223,단성,2012-03,3종,6503
223,단성,2012-03,4종,2969
223,단성,2012-03,5종,3479
223,단성,2012-03,6종,3136
224,함양,2012-03,1종,91899
224,함양,2012-03,2종,4706
224,함양,2012-03,3종,7174
224,함양,2012-03,4종,1648
224,함양,2012-03,5종,4556
224,함양,2012-03,6종,3999
225,서진주,2012-03,1종,302281
225,서진주,2012-03,2종,8611
225,서진주,2012-03,3종,6147
225,서진주,2012-03,4종,2800
225,서진주,2012-03,5종,5515
225,서진주,2012-03,6종,20417
227,군산,2012-03,1종,223594
227,군산,2012-03,2종,9298
227,군산,2012-03,3종,16261
227,군산,2012-03,4종,12481
227,군산,2012-03,5종,36026
227,군산,2012-03,6종,6610
228,동군산,2012-03,1종,213761
228,동군산,2012-03,2종,12044
228,동군산,2012-03,3종,13615
228,동군산,2012-03,4종,8163
228,동군산,2012-03,5종,23199
228,동군산,2012-03,6종,5609
230,팔공산,2012-03,1종,532729
230,팔공산,2012-03,2종,22728
230,팔공산,2012-03,3종,12065
230,팔공산,2012-03,4종,10208
230,팔공산,2012-03,5종,11476
230,팔공산,2012-03,6종,23818
231,화원옥포,2012-03,1종,585326
231,화원옥포,2012-03,2종,39642
231,화원옥포,2012-03,3종,18905
231,화원옥포,2012-03,4종,7775
231,화원옥포,2012-03,5종,16780
231,화원옥포,2012-03,6종,30275
232,달성,2012-03,1종,348087
232,달성,2012-03,2종,24845
232,달성,2012-03,3종,20905
232,달성,2012-03,4종,6385
232,달성,2012-03,5종,6626
232,달성,2012-03,6종,23812
233,현풍,2012-03,1종,358675
233,현풍,2012-03,2종,35676
233,현풍,2012-03,3종,21185
233,현풍,2012-03,4종,15842
233,현풍,2012-03,5종,36649
233,현풍,2012-03,6종,17592
234,서천,2012-03,1종,108195
234,서천,2012-03,2종,4850
234,서천,2012-03,3종,5474
234,서천,2012-03,4종,7212
234,서천,2012-03,5종,9157
234,서천,2012-03,6종,3429
235,창녕,2012-03,1종,147747
235,창녕,2012-03,2종,7301
235,창녕,2012-03,3종,8926
235,창녕,2012-03,4종,3019
235,창녕,2012-03,5종,5925
235,창녕,2012-03,6종,7461
236,영산,2012-03,1종,133647
236,영산,2012-03,2종,9472
236,영산,2012-03,3종,10215
236,영산,2012-03,4종,6077
236,영산,2012-03,5종,8807
236,영산,2012-03,6종,5744
237,남지,2012-03,1종,129128
237,남지,2012-03,2종,9942
237,남지,2012-03,3종,11737
237,남지,2012-03,4종,7957
237,남지,2012-03,5종,15459
237,남지,2012-03,6종,8874
238,칠서,2012-03,1종,205429
238,칠서,2012-03,2종,27634
238,칠서,2012-03,3종,13482
238,칠서,2012-03,4종,17455
238,칠서,2012-03,5종,36210
238,칠서,2012-03,6종,13024
239,칠원,2012-03,1종,501238
239,칠원,2012-03,2종,29631
239,칠원,2012-03,3종,43956
239,칠원,2012-03,4종,31144
239,칠원,2012-03,5종,33689
239,칠원,2012-03,6종,26258
240,제천,2012-03,1종,400831
240,제천,2012-03,2종,14584
240,제천,2012-03,3종,24245
240,제천,2012-03,4종,7546
240,제천,2012-03,5종,16816
240,제천,2012-03,6종,16762
241,동고령,2012-03,1종,229105
241,동고령,2012-03,2종,19379
241,동고령,2012-03,3종,14958
241,동고령,2012-03,4종,10547
241,동고령,2012-03,5종,14121
241,동고령,2012-03,6종,9591
242,고령,2012-03,1종,171882
242,고령,2012-03,2종,11439
242,고령,2012-03,3종,9814
242,고령,2012-03,4종,4780
242,고령,2012-03,5종,10633
242,고령,2012-03,6종,7038
243,해인사,2012-03,1종,83976
243,해인사,2012-03,2종,3413
243,해인사,2012-03,3종,2704
243,해인사,2012-03,4종,780
243,해인사,2012-03,5종,917
243,해인사,2012-03,6종,3966
244,서부산,2012-03,1종,1992695
244,서부산,2012-03,2종,86003
244,서부산,2012-03,3종,92620
244,서부산,2012-03,4종,54014
244,서부산,2012-03,5종,199922
244,서부산,2012-03,6종,128655
245,장유,2012-03,1종,1374677
245,장유,2012-03,2종,51209
245,장유,2012-03,3종,50059
245,장유,2012-03,4종,23573
245,장유,2012-03,5종,33311
245,장유,2012-03,6종,103088
246,가락,2012-03,1종,713603
246,가락,2012-03,2종,41682
246,가락,2012-03,3종,25564
246,가락,2012-03,4종,41923
246,가락,2012-03,5종,183681
246,가락,2012-03,6종,47752
247,남원,2012-03,1종,136134
247,남원,2012-03,2종,7099
247,남원,2012-03,3종,8938
247,남원,2012-03,4종,2567
247,남원,2012-03,5종,9424
247,남원,2012-03,6종,5093
248,순창,2012-03,1종,103215
248,순창,2012-03,2종,4063
248,순창,2012-03,3종,3789
248,순창,2012-03,4종,1945
248,순창,2012-03,5종,4186
248,순창,2012-03,6종,3563
249,담양,2012-03,1종,153572
249,담양,2012-03,2종,5743
249,담양,2012-03,3종,14345
249,담양,2012-03,4종,2692
249,담양,2012-03,5종,5555
249,담양,2012-03,6종,5193
250,남양산,2012-03,1종,907954
250,남양산,2012-03,2종,52584
250,남양산,2012-03,3종,40821
250,남양산,2012-03,4종,22961
250,남양산,2012-03,5종,33393
250,남양산,2012-03,6종,63888
251,물금,2012-03,1종,402361
251,물금,2012-03,2종,43981
251,물금,2012-03,3종,18456
251,물금,2012-03,4종,34402
251,물금,2012-03,5종,69289
251,물금,2012-03,6종,28506
252,대동,2012-03,1종,2257581
252,대동,2012-03,2종,199479
252,대동,2012-03,3종,118216
252,대동,2012-03,4종,104366
252,대동,2012-03,5종,291588
252,대동,2012-03,6종,117537
253,서서울,2012-03,1종,4703083
253,서서울,2012-03,2종,238537
253,서서울,2012-03,3종,154291
253,서서울,2012-03,4종,123055
253,서서울,2012-03,5종,137436
253,서서울,2012-03,6종,271189
254,군자,2012-03,1종,2866506
254,군자,2012-03,2종,186551
254,군자,2012-03,3종,171997
254,군자,2012-03,4종,126134
254,군자,2012-03,5종,264213
254,군자,2012-03,6종,188067
255,서안산,2012-03,1종,1887162
255,서안산,2012-03,2종,145459
255,서안산,2012-03,3종,72404
255,서안산,2012-03,4종,71424
255,서안산,2012-03,5종,93028
255,서안산,2012-03,6종,144588
256,안산,2012-03,1종,921360
256,안산,2012-03,2종,27436
256,안산,2012-03,3종,20435
256,안산,2012-03,4종,5875
256,안산,2012-03,5종,7576
256,안산,2012-03,6종,64631
257,홍성,2012-03,1종,201990
257,홍성,2012-03,2종,6685
257,홍성,2012-03,3종,8563
257,홍성,2012-03,4종,2756
257,홍성,2012-03,5종,5446
257,홍성,2012-03,6종,6144
258,광천,2012-03,1종,107717
258,광천,2012-03,2종,6838
258,광천,2012-03,3종,6501
258,광천,2012-03,4종,5133
258,광천,2012-03,5종,11133
258,광천,2012-03,6종,3535
259,대천,2012-03,1종,205470
259,대천,2012-03,2종,7523
259,대천,2012-03,3종,10320
259,대천,2012-03,4종,3059
259,대천,2012-03,5종,4588
259,대천,2012-03,6종,7097
260,춘장대,2012-03,1종,61197
260,춘장대,2012-03,2종,1506
260,춘장대,2012-03,3종,2084
260,춘장대,2012-03,4종,1354
260,춘장대,2012-03,5종,1863
260,춘장대,2012-03,6종,1723
261,동광주,2012-03,1종,1032939
261,동광주,2012-03,2종,43187
261,동광주,2012-03,3종,65563
261,동광주,2012-03,4종,27935
261,동광주,2012-03,5종,61650
261,동광주,2012-03,6종,33921
262,창평,2012-03,1종,82040
262,창평,2012-03,2종,5878
262,창평,2012-03,3종,3196
262,창평,2012-03,4종,2893
262,창평,2012-03,5종,1930
262,창평,2012-03,6종,2730
263,옥과,2012-03,1종,173330
263,옥과,2012-03,2종,4797
263,옥과,2012-03,3종,9875
263,옥과,2012-03,4종,3510
263,옥과,2012-03,5종,4621
263,옥과,2012-03,6종,8335
264,동남원,2012-03,1종,38142
264,동남원,2012-03,2종,2011
264,동남원,2012-03,3종,2296
264,동남원,2012-03,4종,904
264,동남원,2012-03,5종,7581
264,동남원,2012-03,6종,1576
265,곡성,2012-03,1종,142745
265,곡성,2012-03,2종,5926
265,곡성,2012-03,3종,5992
265,곡성,2012-03,4종,2236
265,곡성,2012-03,5종,7655
265,곡성,2012-03,6종,5352
266,석곡,2012-03,1종,41259
266,석곡,2012-03,2종,1687
266,석곡,2012-03,3종,1794
266,석곡,2012-03,4종,502
266,석곡,2012-03,5종,1137
266,석곡,2012-03,6종,1296
267,주암송광사,2012-03,1종,127896
267,주암송광사,2012-03,2종,5565
267,주암송광사,2012-03,3종,4256
267,주암송광사,2012-03,4종,3937
267,주암송광사,2012-03,5종,9331
267,주암송광사,2012-03,6종,3665
268,승주,2012-03,1종,60672
268,승주,2012-03,2종,1626
268,승주,2012-03,3종,1916
268,승주,2012-03,4종,812
268,승주,2012-03,5종,1031
268,승주,2012-03,6종,2671
269,지리산,2012-03,1종,45061
269,지리산,2012-03,2종,2420
269,지리산,2012-03,3종,2651
269,지리산,2012-03,4종,1501
269,지리산,2012-03,5종,1140
269,지리산,2012-03,6종,1250
270,서순천,2012-03,1종,156575
270,서순천,2012-03,2종,6637
270,서순천,2012-03,3종,10736
270,서순천,2012-03,4종,2801
270,서순천,2012-03,5종,3710
270,서순천,2012-03,6종,5392
271,순천,2012-03,1종,599262
271,순천,2012-03,2종,23136
271,순천,2012-03,3종,25710
271,순천,2012-03,4종,13923
271,순천,2012-03,5종,52353
271,순천,2012-03,6종,18051
272,광양,2012-03,1종,247939
272,광양,2012-03,2종,12476
272,광양,2012-03,3종,17815
272,광양,2012-03,4종,14983
272,광양,2012-03,5종,66254
272,광양,2012-03,6종,7794
273,동광양,2012-03,1종,122432
273,동광양,2012-03,2종,3266
273,동광양,2012-03,3종,2745
273,동광양,2012-03,4종,2030
273,동광양,2012-03,5종,18001
273,동광양,2012-03,6종,5155
274,가조,2012-03,1종,51658
274,가조,2012-03,2종,2217
274,가조,2012-03,3종,3122
274,가조,2012-03,4종,1263
274,가조,2012-03,5종,1176
274,가조,2012-03,6종,3180
275,옥곡,2012-03,1종,130500
275,옥곡,2012-03,2종,3037
275,옥곡,2012-03,3종,4375
275,옥곡,2012-03,4종,1362
275,옥곡,2012-03,5종,8426
275,옥곡,2012-03,6종,5655
276,진월,2012-03,1종,71996
276,진월,2012-03,2종,2325
276,진월,2012-03,3종,1824
276,진월,2012-03,4종,5329
276,진월,2012-03,5종,41506
276,진월,2012-03,6종,2447
277,하동,2012-03,1종,205643
277,하동,2012-03,2종,5916
277,하동,2012-03,3종,10072
277,하동,2012-03,4종,8223
277,하동,2012-03,5종,41390
277,하동,2012-03,6종,9024
278,진교,2012-03,1종,148492
278,진교,2012-03,2종,5968
278,진교,2012-03,3종,14275
278,진교,2012-03,4종,1385
278,진교,2012-03,5종,2627
278,진교,2012-03,6종,8577
279,곤양,2012-03,1종,109608
279,곤양,2012-03,2종,5059
279,곤양,2012-03,3종,7084
279,곤양,2012-03,4종,2981
279,곤양,2012-03,5종,10971
279,곤양,2012-03,6종,5626
280,거창,2012-03,1종,149251
280,거창,2012-03,2종,9194
280,거창,2012-03,3종,15116
280,거창,2012-03,4종,2829
280,거창,2012-03,5종,3400
280,거창,2012-03,6종,7716
281,매송,2012-03,1종,480471
281,매송,2012-03,2종,35368
281,매송,2012-03,3종,26293
281,매송,2012-03,4종,16659
281,매송,2012-03,5종,24975
281,매송,2012-03,6종,25099
282,비봉,2012-03,1종,771705
282,비봉,2012-03,2종,62899
282,비봉,2012-03,3종,40269
282,비봉,2012-03,4종,28746
282,비봉,2012-03,5종,47965
282,비봉,2012-03,6종,43303
283,발안,2012-03,1종,463042
283,발안,2012-03,2종,40835
283,발안,2012-03,3종,21885
283,발안,2012-03,4종,18969
283,발안,2012-03,5종,25572
283,발안,2012-03,6종,26057
284,남양양,2012-03,1종,38384
284,남양양,2012-03,2종,1312
284,남양양,2012-03,3종,2213
284,남양양,2012-03,4종,567
284,남양양,2012-03,5종,525
284,남양양,2012-03,6종,1224
285,서평택,2012-03,1종,576292
285,서평택,2012-03,2종,52584
285,서평택,2012-03,3종,48905
285,서평택,2012-03,4종,65423
285,서평택,2012-03,5종,124703
285,서평택,2012-03,6종,29155
286,통도사휴게소,2012-03,1종,17403
286,통도사휴게소,2012-03,2종,124
286,통도사휴게소,2012-03,3종,1678
286,통도사휴게소,2012-03,4종,0
286,통도사휴게소,2012-03,5종,0
286,통도사휴게소,2012-03,6종,654
287,송악,2012-03,1종,454378
287,송악,2012-03,2종,25655
287,송악,2012-03,3종,20183
287,송악,2012-03,4종,21550
287,송악,2012-03,5종,126109
287,송악,2012-03,6종,18746
288,당진,2012-03,1종,363370
288,당진,2012-03,2종,19999
288,당진,2012-03,3종,22266
288,당진,2012-03,4종,12718
288,당진,2012-03,5종,45061
288,당진,2012-03,6종,15075
289,마산,2012-03,1종,871743
289,마산,2012-03,2종,40892
289,마산,2012-03,3종,42041
289,마산,2012-03,4종,17171
289,마산,2012-03,5종,24230
289,마산,2012-03,6종,59488
290,축동,2012-03,1종,41383
290,축동,2012-03,2종,2784
290,축동,2012-03,3종,1257
290,축동,2012-03,4종,1398
290,축동,2012-03,5종,8110
290,축동,2012-03,6종,2078
291,사천,2012-03,1종,599171
291,사천,2012-03,2종,28734
291,사천,2012-03,3종,28577
291,사천,2012-03,4종,13591
291,사천,2012-03,5종,28820
291,사천,2012-03,6종,39456
292,진주,2012-03,1종,608683
292,진주,2012-03,2종,26959
292,진주,2012-03,3종,47043
292,진주,2012-03,4종,12574
292,진주,2012-03,5종,32759
292,진주,2012-03,6종,39846
293,문산,2012-03,1종,269980
293,문산,2012-03,2종,12735
293,문산,2012-03,3종,7907
293,문산,2012-03,4종,4870
293,문산,2012-03,5종,11545
293,문산,2012-03,6종,15888
294,북창원,2012-03,1종,197661
294,북창원,2012-03,2종,10533
294,북창원,2012-03,3종,5364
294,북창원,2012-03,4종,5943
294,북창원,2012-03,5종,10021
294,북창원,2012-03,6종,9750
295,진성,2012-03,1종,128775
295,진성,2012-03,2종,9934
295,진성,2012-03,3종,7952
295,진성,2012-03,4종,5060
295,진성,2012-03,5종,13332
295,진성,2012-03,6종,6172
296,지수,2012-03,1종,43193
296,지수,2012-03,2종,3301
296,지수,2012-03,3종,1842
296,지수,2012-03,4종,1551
296,지수,2012-03,5종,5719
296,지수,2012-03,6종,2975
298,서산,2012-03,1종,428529
298,서산,2012-03,2종,19632
298,서산,2012-03,3종,29171
298,서산,2012-03,4종,21385
298,서산,2012-03,5종,38107
298,서산,2012-03,6종,15245
299,해미,2012-03,1종,126744
299,해미,2012-03,2종,6284
299,해미,2012-03,3종,8339
299,해미,2012-03,4종,4583
299,해미,2012-03,5종,10395
299,해미,2012-03,6종,4972
501,서김제,2012-03,1종,51664
501,서김제,2012-03,2종,3462
501,서김제,2012-03,3종,3628
501,서김제,2012-03,4종,1865
501,서김제,2012-03,5종,2778
501,서김제,2012-03,6종,1346
502,부안,2012-03,1종,83202
502,부안,2012-03,2종,5387
502,부안,2012-03,3종,5372
502,부안,2012-03,4종,1809
502,부안,2012-03,5종,3360
502,부안,2012-03,6종,2065
503,줄포,2012-03,1종,62139
503,줄포,2012-03,2종,2302
503,줄포,2012-03,3종,3217
503,줄포,2012-03,4종,930
503,줄포,2012-03,5종,1362
503,줄포,2012-03,6종,1388
504,선운산,2012-03,1종,89411
504,선운산,2012-03,2종,6034
504,선운산,2012-03,3종,8455
504,선운산,2012-03,4종,6383
504,선운산,2012-03,5종,5130
504,선운산,2012-03,6종,2232
505,고창,2012-03,1종,76763
505,고창,2012-03,2종,3805
505,고창,2012-03,3종,3390
505,고창,2012-03,4종,1350
505,고창,2012-03,5종,1479
505,고창,2012-03,6종,2250
506,영광,2012-03,1종,69733
506,영광,2012-03,2종,3789
506,영광,2012-03,3종,5889
506,영광,2012-03,4종,1499
506,영광,2012-03,5종,1927
506,영광,2012-03,6종,1661
507,함평,2012-03,1종,50606
507,함평,2012-03,2종,4353
507,함평,2012-03,3종,5910
507,함평,2012-03,4종,2991
507,함평,2012-03,5종,6313
507,함평,2012-03,6종,1406
508,무안,2012-03,1종,170554
508,무안,2012-03,2종,5900
508,무안,2012-03,3종,7123
508,무안,2012-03,4종,4128
508,무안,2012-03,5종,5953
508,무안,2012-03,6종,4811
509,목포,2012-03,1종,650879
509,목포,2012-03,2종,24224
509,목포,2012-03,3종,35966
509,목포,2012-03,4종,23728
509,목포,2012-03,5종,38871
509,목포,2012-03,6종,17787
511,무창포,2012-03,1종,73801
511,무창포,2012-03,2종,2794
511,무창포,2012-03,3종,2536
511,무창포,2012-03,4종,1555
511,무창포,2012-03,5종,4990
511,무창포,2012-03,6종,1966
512,연화산,2012-03,1종,35473
512,연화산,2012-03,2종,1769
512,연화산,2012-03,3종,965
512,연화산,2012-03,4종,873
512,연화산,2012-03,5종,2728
512,연화산,2012-03,6종,2249
513,고성,2012-03,1종,298976
513,고성,2012-03,2종,15186
513,고성,2012-03,3종,12001
513,고성,2012-03,4종,10415
513,고성,2012-03,5종,13852
513,고성,2012-03,6종,15690
514,동고성,2012-03,1종,95025
514,동고성,2012-03,2종,5493
514,동고성,2012-03,3종,5060
514,동고성,2012-03,4종,6341
514,동고성,2012-03,5종,17715
514,동고성,2012-03,6종,6630
515,북통영,2012-03,1종,123740
515,북통영,2012-03,2종,4043
515,북통영,2012-03,3종,8621
515,북통영,2012-03,4종,1662
515,북통영,2012-03,5종,2060
515,북통영,2012-03,6종,6544
516,통영,2012-03,1종,466671
516,통영,2012-03,2종,21939
516,통영,2012-03,3종,23011
516,통영,2012-03,4종,15608
516,통영,2012-03,5종,24834
516,통영,2012-03,6종,24847
518,칠곡물류,2012-03,1종,33049
518,칠곡물류,2012-03,2종,7530
518,칠곡물류,2012-03,3종,2991
518,칠곡물류,2012-03,4종,5884
518,칠곡물류,2012-03,5종,8222
518,칠곡물류,2012-03,6종,1431
519,남대구,2012-03,1종,1273107
519,남대구,2012-03,2종,73364
519,남대구,2012-03,3종,65488
519,남대구,2012-03,4종,23215
519,남대구,2012-03,5종,38322
519,남대구,2012-03,6종,64441
520,평택,2012-03,1종,442960
520,평택,2012-03,2종,34367
520,평택,2012-03,3종,38107
520,평택,2012-03,4종,17437
520,평택,2012-03,5종,26321
520,평택,2012-03,6종,22776
521,단양,2012-03,1종,48636
521,단양,2012-03,2종,2441
521,단양,2012-03,3종,3282
521,단양,2012-03,4종,1158
521,단양,2012-03,5종,8648
521,단양,2012-03,6종,2060
522,북단양,2012-03,1종,69014
522,북단양,2012-03,2종,2981
522,북단양,2012-03,3종,3628
522,북단양,2012-03,4종,4166
522,북단양,2012-03,5종,27994
522,북단양,2012-03,6종,2604
523,남제천,2012-03,1종,61189
523,남제천,2012-03,2종,1781
523,남제천,2012-03,3종,3062
523,남제천,2012-03,4종,822
523,남제천,2012-03,5종,2575
523,남제천,2012-03,6종,1971
524,청통와촌,2012-03,1종,209302
524,청통와촌,2012-03,2종,14261
524,청통와촌,2012-03,3종,6174
524,청통와촌,2012-03,4종,3724
524,청통와촌,2012-03,5종,4653
524,청통와촌,2012-03,6종,8010
525,북영천,2012-03,1종,156049
525,북영천,2012-03,2종,7936
525,북영천,2012-03,3종,4592
525,북영천,2012-03,4종,3248
525,북영천,2012-03,5종,8917
525,북영천,2012-03,6종,5360
526,서포항,2012-03,1종,86142
526,서포항,2012-03,2종,2403
526,서포항,2012-03,3종,2245
526,서포항,2012-03,4종,825
526,서포항,2012-03,5종,2913
526,서포항,2012-03,6종,4408
527,포항,2012-03,1종,672208
527,포항,2012-03,2종,18509
527,포항,2012-03,3종,28125
527,포항,2012-03,4종,7730
527,포항,2012-03,5종,38143
527,포항,2012-03,6종,24600
528,기흥동탄,2012-03,1종,947422
528,기흥동탄,2012-03,2종,29901
528,기흥동탄,2012-03,3종,68592
528,기흥동탄,2012-03,4종,17178
528,기흥동탄,2012-03,5종,17888
528,기흥동탄,2012-03,6종,54399
529,노포,2012-03,1종,212040
529,노포,2012-03,2종,16760
529,노포,2012-03,3종,38876
529,노포,2012-03,4종,5425
529,노포,2012-03,5종,8470
529,노포,2012-03,6종,11275
530,내장산,2012-03,1종,38986
530,내장산,2012-03,2종,1418
530,내장산,2012-03,3종,779
530,내장산,2012-03,4종,623
530,내장산,2012-03,5종,1819
530,내장산,2012-03,6종,1332
531,문의청남대,2012-03,1종,156445
531,문의청남대,2012-03,2종,7776
531,문의청남대,2012-03,3종,7996
531,문의청남대,2012-03,4종,6628
531,문의청남대,2012-03,5종,9270
531,문의청남대,2012-03,6종,6570
532,회인,2012-03,1종,35401
532,회인,2012-03,2종,1508
532,회인,2012-03,3종,755
532,회인,2012-03,4종,1410
532,회인,2012-03,5종,909
532,회인,2012-03,6종,1577
533,보은,2012-03,1종,107141
533,보은,2012-03,2종,5663
533,보은,2012-03,3종,4388
533,보은,2012-03,4종,2634
533,보은,2012-03,5종,2845
533,보은,2012-03,6종,4537
534,속리산,2012-03,1종,35785
534,속리산,2012-03,2종,1967
534,속리산,2012-03,3종,1531
534,속리산,2012-03,4종,1243
534,속리산,2012-03,5종,1957
534,속리산,2012-03,6종,1336
535,화서,2012-03,1종,42271
535,화서,2012-03,2종,1681
535,화서,2012-03,3종,2062
535,화서,2012-03,4종,1022
535,화서,2012-03,5종,1808
535,화서,2012-03,6종,1767
536,남상주,2012-03,1종,99744
536,남상주,2012-03,2종,4851
536,남상주,2012-03,3종,7689
536,남상주,2012-03,4종,3654
536,남상주,2012-03,5종,4053
536,남상주,2012-03,6종,4073
537,남김천,2012-03,1종,62036
537,남김천,2012-03,2종,6789
537,남김천,2012-03,3종,4112
537,남김천,2012-03,4종,5550
537,남김천,2012-03,5종,10942
537,남김천,2012-03,6종,2112
538,성주,2012-03,1종,55911
538,성주,2012-03,2종,6648
538,성주,2012-03,3종,4047
538,성주,2012-03,4종,3821
538,성주,2012-03,5종,4839
538,성주,2012-03,6종,1832
539,남성주,2012-03,1종,37461
539,남성주,2012-03,2종,6558
539,남성주,2012-03,3종,2596
539,남성주,2012-03,4종,4267
539,남성주,2012-03,5종,4772
539,남성주,2012-03,6종,1100
540,청북,2012-03,1종,302942
540,청북,2012-03,2종,44884
540,청북,2012-03,3종,28829
540,청북,2012-03,4종,26363
540,청북,2012-03,5종,33639
540,청북,2012-03,6종,15800
541,송탄,2012-03,1종,334730
541,송탄,2012-03,2종,35925
541,송탄,2012-03,3종,25406
541,송탄,2012-03,4종,28750
541,송탄,2012-03,5종,21228
541,송탄,2012-03,6종,16272
542,서안성,2012-03,1종,289479
542,서안성,2012-03,2종,34863
542,서안성,2012-03,3종,27570
542,서안성,2012-03,4종,23061
542,서안성,2012-03,5종,23707
542,서안성,2012-03,6종,13574
543,남안성,2012-03,1종,377388
543,남안성,2012-03,2종,43844
543,남안성,2012-03,3종,29570
543,남안성,2012-03,4종,26578
543,남안성,2012-03,5종,40516
543,남안성,2012-03,6종,20714
544,완주,2012-03,1종,148098
544,완주,2012-03,2종,8818
544,완주,2012-03,3종,7414
544,완주,2012-03,4종,7939
544,완주,2012-03,5종,12937
544,완주,2012-03,6종,4701
545,소양,2012-03,1종,117645
545,소양,2012-03,2종,5169
545,소양,2012-03,3종,8093
545,소양,2012-03,4종,2574
545,소양,2012-03,5종,5293
545,소양,2012-03,6종,3846
546,진안,2012-03,1종,48266
546,진안,2012-03,2종,2759
546,진안,2012-03,3종,2526
546,진안,2012-03,4종,1267
546,진안,2012-03,5종,1211
546,진안,2012-03,6종,1678
547,무안공항,2012-03,1종,27059
547,무안공항,2012-03,2종,778
547,무안공항,2012-03,3종,1223
547,무안공항,2012-03,4종,388
547,무안공항,2012-03,5종,688
547,무안공항,2012-03,6종,660
548,북무안,2012-03,1종,75062
548,북무안,2012-03,2종,3691
548,북무안,2012-03,3종,3384
548,북무안,2012-03,4종,2301
548,북무안,2012-03,5종,2004
548,북무안,2012-03,6종,1837
549,동함평,2012-03,1종,137264
549,동함평,2012-03,2종,4785
549,동함평,2012-03,3종,4625
549,동함평,2012-03,4종,1856
549,동함평,2012-03,5종,5756
549,동함평,2012-03,6종,5134
550,문평,2012-03,1종,34550
550,문평,2012-03,2종,1374
550,문평,2012-03,3종,1079
550,문평,2012-03,4종,557
550,문평,2012-03,5종,3650
550,문평,2012-03,6종,1118
551,나주,2012-03,1종,57933
551,나주,2012-03,2종,2744
551,나주,2012-03,3종,1763
551,나주,2012-03,4종,836
551,나주,2012-03,5종,2120
551,나주,2012-03,6종,2192
552,서광산,2012-03,1종,31957
552,서광산,2012-03,2종,2455
552,서광산,2012-03,3종,1241
552,서광산,2012-03,4종,646
552,서광산,2012-03,5종,2299
552,서광산,2012-03,6종,922
553,동광산,2012-03,1종,711414
553,동광산,2012-03,2종,18129
553,동광산,2012-03,3종,25746
553,동광산,2012-03,4종,9451
553,동광산,2012-03,5종,23266
553,동광산,2012-03,6종,22303
554,동홍천,2012-03,1종,304298
554,동홍천,2012-03,2종,5385
554,동홍천,2012-03,3종,15148
554,동홍천,2012-03,4종,2416
554,동홍천,2012-03,5종,2339
554,동홍천,2012-03,6종,11446
555,북진천,2012-03,1종,215531
555,북진천,2012-03,2종,32338
555,북진천,2012-03,3종,27166
555,북진천,2012-03,4종,17126
555,북진천,2012-03,5종,19193
555,북진천,2012-03,6종,8831
556,동순천,2012-03,1종,165717
556,동순천,2012-03,2종,6842
556,동순천,2012-03,3종,13101
556,동순천,2012-03,4종,11761
556,동순천,2012-03,5종,59522
556,동순천,2012-03,6종,4145
557,황전,2012-03,1종,56828
557,황전,2012-03,2종,1706
557,황전,2012-03,3종,1367
557,황전,2012-03,4종,1403
557,황전,2012-03,5종,6058
557,황전,2012-03,6종,2071
558,구례화엄사,2012-03,1종,88645
558,구례화엄사,2012-03,2종,2708
558,구례화엄사,2012-03,3종,7492
558,구례화엄사,2012-03,4종,2148
558,구례화엄사,2012-03,5종,8149
558,구례화엄사,2012-03,6종,2367
559,서남원,2012-03,1종,39717
559,서남원,2012-03,2종,2472
559,서남원,2012-03,3종,2033
559,서남원,2012-03,4종,1767
559,서남원,2012-03,5종,5434
559,서남원,2012-03,6종,1178
560,감곡,2012-03,1종,276185
560,감곡,2012-03,2종,15991
560,감곡,2012-03,3종,20319
560,감곡,2012-03,4종,14074
560,감곡,2012-03,5종,36074
560,감곡,2012-03,6종,9348
561,북충주,2012-03,1종,48041
561,북충주,2012-03,2종,2085
561,북충주,2012-03,3종,1445
561,북충주,2012-03,4종,1198
561,북충주,2012-03,5종,1540
561,북충주,2012-03,6종,1523
562,충주,2012-03,1종,217604
562,충주,2012-03,2종,11551
562,충주,2012-03,3종,19512
562,충주,2012-03,4종,11773
562,충주,2012-03,5종,11706
562,충주,2012-03,6종,8660
563,괴산,2012-03,1종,51580
563,괴산,2012-03,2종,1705
563,괴산,2012-03,3종,2965
563,괴산,2012-03,4종,1715
563,괴산,2012-03,5종,4539
563,괴산,2012-03,6종,1746
564,연풍,2012-03,1종,36260
564,연풍,2012-03,2종,3709
564,연풍,2012-03,3종,6979
564,연풍,2012-03,4종,5403
564,연풍,2012-03,5종,7262
564,연풍,2012-03,6종,925
565,문경새재,2012-03,1종,65591
565,문경새재,2012-03,2종,4437
565,문경새재,2012-03,3종,5487
565,문경새재,2012-03,4종,4132
565,문경새재,2012-03,5종,4446
565,문경새재,2012-03,6종,1983
566,점촌함창,2012-03,1종,115889
566,점촌함창,2012-03,2종,4896
566,점촌함창,2012-03,3종,9860
566,점촌함창,2012-03,4종,4452
566,점촌함창,2012-03,5종,6863
566,점촌함창,2012-03,6종,3828
567,남고창,2012-03,1종,83768
567,남고창,2012-03,2종,3473
567,남고창,2012-03,3종,2443
567,남고창,2012-03,4종,1268
567,남고창,2012-03,5종,3088
567,남고창,2012-03,6종,3254
568,장성물류,2012-03,1종,25823
568,장성물류,2012-03,2종,5887
568,장성물류,2012-03,3종,1979
568,장성물류,2012-03,4종,5051
568,장성물류,2012-03,5종,5512
568,장성물류,2012-03,6종,652
569,북광주,2012-03,1종,163401
569,북광주,2012-03,2종,10517
569,북광주,2012-03,3종,5745
569,북광주,2012-03,4종,8845
569,북광주,2012-03,5종,9962
569,북광주,2012-03,6종,5258
570,북상주,2012-03,1종,110574
570,북상주,2012-03,2종,6380
570,북상주,2012-03,3종,7905
570,북상주,2012-03,4종,4301
570,북상주,2012-03,5종,6795
570,북상주,2012-03,6종,4086
571,면천,2012-03,1종,81106
571,면천,2012-03,2종,3807
571,면천,2012-03,3종,3265
571,면천,2012-03,4종,3248
571,면천,2012-03,5종,5583
571,면천,2012-03,6종,2986
572,고덕,2012-03,1종,83346
572,고덕,2012-03,2종,4148
572,고덕,2012-03,3종,4293
572,고덕,2012-03,4종,2548
572,고덕,2012-03,5종,6067
572,고덕,2012-03,6종,2641
573,예산수덕사,2012-03,1종,247807
573,예산수덕사,2012-03,2종,11838
573,예산수덕사,2012-03,3종,10457
573,예산수덕사,2012-03,4종,8260
573,예산수덕사,2012-03,5종,13120
573,예산수덕사,2012-03,6종,8797
574,신양,2012-03,1종,80130
574,신양,2012-03,2종,3828
574,신양,2012-03,3종,3146
574,신양,2012-03,4종,2454
574,신양,2012-03,5종,4768
574,신양,2012-03,6종,2641
575,유구,2012-03,1종,87156
575,유구,2012-03,2종,6308
575,유구,2012-03,3종,4031
575,유구,2012-03,4종,6532
575,유구,2012-03,5종,8566
575,유구,2012-03,6종,2994
576,마곡사,2012-03,1종,32067
576,마곡사,2012-03,2종,1012
576,마곡사,2012-03,3종,1047
576,마곡사,2012-03,4종,710
576,마곡사,2012-03,5종,748
576,마곡사,2012-03,6종,1221
577,공주,2012-03,1종,155997
577,공주,2012-03,2종,5757
577,공주,2012-03,3종,5061
577,공주,2012-03,4종,2361
577,공주,2012-03,5종,4037
577,공주,2012-03,6종,6463
578,서세종,2012-03,1종,170721
578,서세종,2012-03,2종,11900
578,서세종,2012-03,3종,8986
578,서세종,2012-03,4종,6535
578,서세종,2012-03,5종,12871
578,서세종,2012-03,6종,6790
579,남세종,2012-03,1종,173774
579,남세종,2012-03,2종,6191
579,남세종,2012-03,3종,4641
579,남세종,2012-03,4종,3051
579,남세종,2012-03,5종,6323
579,남세종,2012-03,6종,6946
580,북강릉,2012-03,1종,142299
580,북강릉,2012-03,2종,4326
580,북강릉,2012-03,3종,7326
580,북강릉,2012-03,4종,1670
580,북강릉,2012-03,5종,2503
580,북강릉,2012-03,6종,6030
581,옥계,2012-03,1종,46428
581,옥계,2012-03,2종,2129
581,옥계,2012-03,3종,1972
581,옥계,2012-03,4종,4424
581,옥계,2012-03,5종,9986
581,옥계,2012-03,6종,2561
582,망상,2012-03,1종,86319
582,망상,2012-03,2종,2919
582,망상,2012-03,3종,13501
582,망상,2012-03,4종,1257
582,망상,2012-03,5종,1370
582,망상,2012-03,6종,4993
583,동해,2012-03,1종,256588
583,동해,2012-03,2종,9647
583,동해,2012-03,3종,10390
583,동해,2012-03,4종,8614
583,동해,2012-03,5종,17850
583,동해,2012-03,6종,12066
584,남강릉,2012-03,1종,88910
584,남강릉,2012-03,2종,5447
584,남강릉,2012-03,3종,9392
584,남강릉,2012-03,4종,2568
584,남강릉,2012-03,5종,2461
584,남강릉,2012-03,6종,5621
585,하조대,2012-03,1종,151858
585,하조대,2012-03,2종,5993
585,하조대,2012-03,3종,10661
585,하조대,2012-03,4종,3139
585,하조대,2012-03,5종,4118
585,하조대,2012-03,6종,6095
586,북남원,2012-03,1종,13864
586,북남원,2012-03,2종,579
586,북남원,2012-03,3종,432
586,북남원,2012-03,4종,191
586,북남원,2012-03,5종,2917
586,북남원,2012-03,6종,410
587,오수,2012-03,1종,117936
587,오수,2012-03,2종,5646
587,오수,2012-03,3종,7787
587,오수,2012-03,4종,3817
587,오수,2012-03,5종,7950
587,오수,2012-03,6종,3776
588,임실,2012-03,1종,36412
588,임실,2012-03,2종,2040
588,임실,2012-03,3종,1863
588,임실,2012-03,4종,1194
588,임실,2012-03,5종,3535
588,임실,2012-03,6종,1112
589,상관,2012-03,1종,113511
589,상관,2012-03,2종,6882
589,상관,2012-03,3종,5987
589,상관,2012-03,4종,4792
589,상관,2012-03,5종,27616
589,상관,2012-03,6종,3394
590,동전주,2012-03,1종,124670
590,동전주,2012-03,2종,3490
590,동전주,2012-03,3종,2896
590,동전주,2012-03,4종,1763
590,동전주,2012-03,5종,5263
590,동전주,2012-03,6종,4020
591,동서천,2012-03,1종,40533
591,동서천,2012-03,2종,1987
591,동서천,2012-03,3종,1893
591,동서천,2012-03,4종,2306
591,동서천,2012-03,5종,4362
591,동서천,2012-03,6종,1105
592,서부여,2012-03,1종,48258
592,서부여,2012-03,2종,2968
592,서부여,2012-03,3종,2132
592,서부여,2012-03,4종,1173
592,서부여,2012-03,5종,2649
592,서부여,2012-03,6종,1611
593,부여,2012-03,1종,54745
593,부여,2012-03,2종,2787
593,부여,2012-03,3종,2573
593,부여,2012-03,4종,1952
593,부여,2012-03,5종,3263
593,부여,2012-03,6종,1982
594,칠갑산,2012-03,1종,50548
594,칠갑산,2012-03,2종,1950
594,칠갑산,2012-03,3종,2276
594,칠갑산,2012-03,4종,977
594,칠갑산,2012-03,5종,1191
594,칠갑산,2012-03,6종,1706
595,서공주,2012-03,1종,50598
595,서공주,2012-03,2종,3103
595,서공주,2012-03,3종,2356
595,서공주,2012-03,4종,1922
595,서공주,2012-03,5종,4075
595,서공주,2012-03,6종,1609
597,서여주,2012-03,1종,86110
597,서여주,2012-03,2종,4468
597,서여주,2012-03,3종,4749
597,서여주,2012-03,4종,3925
597,서여주,2012-03,5종,4775
597,서여주,2012-03,6종,3859
598,북여주,2012-03,1종,57382
598,북여주,2012-03,2종,2854
598,북여주,2012-03,3종,2447
598,북여주,2012-03,4종,1527
598,북여주,2012-03,5종,2959
598,북여주,2012-03,6종,2237
601,남천안,2012-03,1종,338008
601,남천안,2012-03,2종,30143
601,남천안,2012-03,3종,22975
601,남천안,2012-03,4종,23885
601,남천안,2012-03,5종,22938
601,남천안,2012-03,6종,12847
602,풍세상,2012-03,1종,1184243
602,풍세상,2012-03,2종,50308
602,풍세상,2012-03,3종,152428
602,풍세상,2012-03,4종,64544
602,풍세상,2012-03,5종,68651
602,풍세상,2012-03,6종,44854
603,정안,2012-03,1종,108492
603,정안,2012-03,2종,11189
603,정안,2012-03,3종,16957
603,정안,2012-03,4종,10813
603,정안,2012-03,5종,7152
603,정안,2012-03,6종,3386
604,남공주,2012-03,1종,63826
604,남공주,2012-03,2종,4035
604,남공주,2012-03,3종,3862
604,남공주,2012-03,4종,2195
604,남공주,2012-03,5종,3914
604,남공주,2012-03,6종,2250
605,탄천,2012-03,1종,20858
605,탄천,2012-03,2종,1635
605,탄천,2012-03,3종,928
605,탄천,2012-03,4종,1019
605,탄천,2012-03,5종,2415
605,탄천,2012-03,6종,762
606,서논산,2012-03,1종,116989
606,서논산,2012-03,2종,8158
606,서논산,2012-03,3종,9249
606,서논산,2012-03,4종,6194
606,서논산,2012-03,5종,9852
606,서논산,2012-03,6종,3884
607,연무,2012-03,1종,57993
607,연무,2012-03,2종,2493
607,연무,2012-03,3종,2211
607,연무,2012-03,4종,1084
607,연무,2012-03,5종,1632
607,연무,2012-03,6종,1846
608,남논산하,2012-03,1종,753848
608,남논산하,2012-03,2종,30222
608,남논산하,2012-03,3종,108734
608,남논산하,2012-03,4종,36614
608,남논산하,2012-03,5종,57604
608,남논산하,2012-03,6종,25390
612,풍세하,2012-03,1종,1210650
612,풍세하,2012-03,2종,47724
612,풍세하,2012-03,3종,152632
612,풍세하,2012-03,4종,50028
612,풍세하,2012-03,5종,55728
612,풍세하,2012-03,6종,45372
618,남논산상,2012-03,1종,728264
618,남논산상,2012-03,2종,31758
618,남논산상,2012-03,3종,106052
618,남논산상,2012-03,4종,40226
618,남논산상,2012-03,5종,66492
618,남논산상,2012-03,6종,24338
621,동대구,2012-03,1종,773790
621,동대구,2012-03,2종,37545
621,동대구,2012-03,3종,39322
621,동대구,2012-03,4종,23278
621,동대구,2012-03,5종,24670
621,동대구,2012-03,6종,37869
622,대구,2012-03,1종,968547
622,대구,2012-03,2종,52598
622,대구,2012-03,3종,57162
622,대구,2012-03,4종,46139
622,대구,2012-03,5종,92528
622,대구,2012-03,6종,48683
623,수성,2012-03,1종,670246
623,수성,2012-03,2종,21541
623,수성,2012-03,3종,12043
623,수성,2012-03,4종,8111
623,수성,2012-03,5종,8160
623,수성,2012-03,6종,30484
624,청도,2012-03,1종,175285
624,청도,2012-03,2종,7933
624,청도,2012-03,3종,4302
624,청도,2012-03,4종,3329
624,청도,2012-03,5종,5030
624,청도,2012-03,6종,8192
625,밀양,2012-03,1종,225249
625,밀양,2012-03,2종,15270
625,밀양,2012-03,3종,8646
625,밀양,2012-03,4종,7799
625,밀양,2012-03,5종,8859
625,밀양,2012-03,6종,9946
626,남밀양,2012-03,1종,294699
626,남밀양,2012-03,2종,22159
626,남밀양,2012-03,3종,13654
626,남밀양,2012-03,4종,12785
626,남밀양,2012-03,5종,14671
626,남밀양,2012-03,6종,17097
627,삼랑진,2012-03,1종,186348
627,삼랑진,2012-03,2종,10384
627,삼랑진,2012-03,3종,5318
627,삼랑진,2012-03,4종,4474
627,삼랑진,2012-03,5종,9345
627,삼랑진,2012-03,6종,11429
628,상동,2012-03,1종,244426
628,상동,2012-03,2종,30588
628,상동,2012-03,3종,12982
628,상동,2012-03,4종,16395
628,상동,2012-03,5종,27014
628,상동,2012-03,6종,14789
629,김해부산,2012-03,1종,1026322
629,김해부산,2012-03,2종,74423
629,김해부산,2012-03,3종,63973
629,김해부산,2012-03,4종,58858
629,김해부산,2012-03,5종,110790
629,김해부산,2012-03,6종,57230
641,울산,2012-03,1종,1056304
641,울산,2012-03,2종,61415
641,울산,2012-03,3종,71638
641,울산,2012-03,4종,48558
641,울산,2012-03,5종,124875
641,울산,2012-03,6종,52377
642,문수,2012-03,1종,101954
642,문수,2012-03,2종,5183
642,문수,2012-03,3종,4096
642,문수,2012-03,4종,4719
642,문수,2012-03,5종,7774
642,문수,2012-03,6종,6051
643,청량,2012-03,1종,458746
643,청량,2012-03,2종,14219
643,청량,2012-03,3종,12523
643,청량,2012-03,4종,19302
643,청량,2012-03,5종,81972
643,청량,2012-03,6종,27797
644,온양,2012-03,1종,168565
644,온양,2012-03,2종,4082
644,온양,2012-03,3종,2083
644,온양,2012-03,4종,2998
644,온양,2012-03,5종,12494
644,온양,2012-03,6종,11408
645,장안,2012-03,1종,209343
645,장안,2012-03,2종,7294
645,장안,2012-03,3종,4184
645,장안,2012-03,4종,5479
645,장안,2012-03,5종,15600
645,장안,2012-03,6종,12340
646,기장일광,2012-03,1종,212714
646,기장일광,2012-03,2종,3459
646,기장일광,2012-03,3종,3049
646,기장일광,2012-03,4종,1899
646,기장일광,2012-03,5종,5440
646,기장일광,2012-03,6종,13080
647,해운대송정,2012-03,1종,78232
647,해운대송정,2012-03,2종,1163
647,해운대송정,2012-03,3종,667
647,해운대송정,2012-03,4종,339
647,해운대송정,2012-03,5종,778
647,해운대송정,2012-03,6종,4501
648,해운대,2012-03,1종,625007
648,해운대,2012-03,2종,8865
648,해운대,2012-03,3종,7580
648,해운대,2012-03,4종,6315
648,해운대,2012-03,5종,36966
648,해운대,2012-03,6종,36780
651,남양주,2012-03,1종,1395342
651,남양주,2012-03,2종,48529
651,남양주,2012-03,3종,68151
651,남양주,2012-03,4종,15731
651,남양주,2012-03,5종,15276
651,남양주,2012-03,6종,79221
652,화도,2012-03,1종,712822
652,화도,2012-03,2종,40442
652,화도,2012-03,3종,34221
652,화도,2012-03,4종,12328
652,화도,2012-03,5종,11731
652,화도,2012-03,6종,52139
653,서종,2012-03,1종,129184
653,서종,2012-03,2종,1453
653,서종,2012-03,3종,656
653,서종,2012-03,4종,722
653,서종,2012-03,5종,1572
653,서종,2012-03,6종,7064
654,설악,2012-03,1종,172229
654,설악,2012-03,2종,3428
654,설악,2012-03,3종,5710
654,설악,2012-03,4종,1242
654,설악,2012-03,5종,1523
654,설악,2012-03,6종,8115
655,강촌,2012-03,1종,104215
655,강촌,2012-03,2종,2359
655,강촌,2012-03,3종,4208
655,강촌,2012-03,4종,1314
655,강촌,2012-03,5종,1315
655,강촌,2012-03,6종,4581
656,남춘천,2012-03,1종,88857
656,남춘천,2012-03,2종,1647
656,남춘천,2012-03,3종,9826
656,남춘천,2012-03,4종,798
656,남춘천,2012-03,5종,1533
656,남춘천,2012-03,6종,3701
657,동산,2012-03,1종,563226
657,동산,2012-03,2종,11376
657,동산,2012-03,3종,23238
657,동산,2012-03,4종,5842
657,동산,2012-03,5종,6862
657,동산,2012-03,6종,27976
658,조양,2012-03,1종,20814
658,조양,2012-03,2종,556
658,조양,2012-03,3종,474
658,조양,2012-03,4종,555
658,조양,2012-03,5종,368
658,조양,2012-03,6종,884
671,봉담,2012-03,1종,1055773
671,봉담,2012-03,2종,57004
671,봉담,2012-03,3종,40489
671,봉담,2012-03,4종,18054
671,봉담,2012-03,5종,26846
671,봉담,2012-03,6종,78410
672,정남,2012-03,1종,314799
672,정남,2012-03,2종,20991
672,정남,2012-03,3종,13519
672,정남,2012-03,4종,5386
672,정남,2012-03,5종,4222
672,정남,2012-03,6종,23469
673,북오산,2012-03,1종,690301
673,북오산,2012-03,2종,27491
673,북오산,2012-03,3종,23516
673,북오산,2012-03,4종,11739
673,북오산,2012-03,5종,10545
673,북오산,2012-03,6종,49354
674,,2012-03,1종,745659
674,,2012-03,2종,42064
674,,2012-03,3종,54543
674,,2012-03,4종,19720
674,,2012-03,5종,25457
674,,2012-03,6종,50240
675,서오산,2012-03,1종,203007
675,서오산,2012-03,2종,8439
675,서오산,2012-03,3종,4425
675,서오산,2012-03,4종,3499
675,서오산,2012-03,5종,4253
675,서오산,2012-03,6종,14392
676,향남,2012-03,1종,443181
676,향남,2012-03,2종,30906
676,향남,2012-03,3종,16932
676,향남,2012-03,4종,14437
676,향남,2012-03,5종,11704
676,향남,2012-03,6종,35091
677,북평택,2012-03,1종,687754
677,북평택,2012-03,2종,35490
677,북평택,2012-03,3종,39581
677,북평택,2012-03,4종,14261
677,북평택,2012-03,5종,25996
677,북평택,2012-03,6종,41016
11,인천,2012-04,1종,3539195
11,인천,2012-04,2종,132446
11,인천,2012-04,3종,81951
11,인천,2012-04,4종,58474
11,인천,2012-04,5종,125138
11,인천,2012-04,6종,310821
12,서영암(개),2012-04,1종,1919
12,서영암(개),2012-04,2종,46
12,서영암(개),2012-04,3종,85
12,서영암(개),2012-04,4종,30
12,서영암(개),2012-04,5종,45
12,서영암(개),2012-04,6종,85
13,순천만,2012-04,1종,14876
13,순천만,2012-04,2종,442
13,순천만,2012-04,3종,931
13,순천만,2012-04,4종,839
13,순천만,2012-04,5종,1676
13,순천만,2012-04,6종,529
53,남인천,2012-04,1종,1671947
53,남인천,2012-04,2종,49304
53,남인천,2012-04,3종,58007
53,남인천,2012-04,4종,21228
53,남인천,2012-04,5종,57251
53,남인천,2012-04,6종,136397
56,일로,2012-04,1종,35567
56,일로,2012-04,2종,1338
56,일로,2012-04,3종,932
56,일로,2012-04,4종,565
56,일로,2012-04,5종,1254
56,일로,2012-04,6종,1519
61,성남,2012-04,1종,3635579
61,성남,2012-04,2종,163844
61,성남,2012-04,3종,156947
61,성남,2012-04,4종,64534
61,성남,2012-04,5종,65062
61,성남,2012-04,6종,238561
62,구리남양주,2012-04,1종,4667836
62,구리남양주,2012-04,2종,239544
62,구리남양주,2012-04,3종,177633
62,구리남양주,2012-04,4종,90787
62,구리남양주,2012-04,5종,85114
62,구리남양주,2012-04,6종,319257
63,토평,2012-04,1종,492546
63,토평,2012-04,2종,18373
63,토평,2012-04,3종,8644
63,토평,2012-04,4종,5921
63,토평,2012-04,5종,13584
63,토평,2012-04,6종,35311
64,청계,2012-04,1종,4264983
64,청계,2012-04,2종,166417
64,청계,2012-04,3종,160193
64,청계,2012-04,4종,43648
64,청계,2012-04,5종,71849
64,청계,2012-04,6종,305244
65,판교,2012-04,1종,2762733
65,판교,2012-04,2종,49797
65,판교,2012-04,3종,183430
65,판교,2012-04,4종,18551
65,판교,2012-04,5종,9629
65,판교,2012-04,6종,149269
66,하남,2012-04,1종,764646
66,하남,2012-04,2종,27176
66,하남,2012-04,3종,16528
66,하남,2012-04,4종,7039
66,하남,2012-04,5종,5839
66,하남,2012-04,6종,53217
67,시흥,2012-04,1종,3720716
67,시흥,2012-04,2종,154424
67,시흥,2012-04,3종,131537
67,시흥,2012-04,4종,66530
67,시흥,2012-04,5종,79993
67,시흥,2012-04,6종,268969
68,김포,2012-04,1종,4438826
68,김포,2012-04,2종,202211
68,김포,2012-04,3종,134641
68,김포,2012-04,4종,68713
68,김포,2012-04,5종,117994
68,김포,2012-04,6종,331815
69,대왕판교,2012-04,1종,166442
69,대왕판교,2012-04,2종,949
69,대왕판교,2012-04,3종,349
69,대왕판교,2012-04,4종,36
69,대왕판교,2012-04,5종,15
69,대왕판교,2012-04,6종,9361
74,덕소삼패,2012-04,1종,254201
74,덕소삼패,2012-04,2종,7614
74,덕소삼패,2012-04,3종,3476
74,덕소삼패,2012-04,4종,3076
74,덕소삼패,2012-04,5종,8006
74,덕소삼패,2012-04,6종,17425
91,대동(개),2012-04,1종,152709
91,대동(개),2012-04,2종,11398
91,대동(개),2012-04,3종,4919
91,대동(개),2012-04,4종,17505
91,대동(개),2012-04,5종,40627
91,대동(개),2012-04,6종,10162
92,내서,2012-04,1종,239293
92,내서,2012-04,2종,10197
92,내서,2012-04,3종,13117
92,내서,2012-04,4종,3542
92,내서,2012-04,5종,6509
92,내서,2012-04,6종,21568
101,서울,2012-04,1종,5011381
101,서울,2012-04,2종,200286
101,서울,2012-04,3종,582064
101,서울,2012-04,4종,87066
101,서울,2012-04,5종,52170
101,서울,2012-04,6종,226542
102,동수원,2012-04,1종,1739333
102,동수원,2012-04,2종,40342
102,동수원,2012-04,3종,73894
102,동수원,2012-04,4종,17101
102,동수원,2012-04,5종,18729
102,동수원,2012-04,6종,100619
103,수원신갈,2012-04,1종,2338971
103,수원신갈,2012-04,2종,102362
103,수원신갈,2012-04,3종,163444
103,수원신갈,2012-04,4종,32166
103,수원신갈,2012-04,5종,25679
103,수원신갈,2012-04,6종,128319
104,지곡,2012-04,1종,31430
104,지곡,2012-04,2종,1917
104,지곡,2012-04,3종,2296
104,지곡,2012-04,4종,1646
104,지곡,2012-04,5종,2573
104,지곡,2012-04,6종,1360
105,기흥,2012-04,1종,374702
105,기흥,2012-04,2종,31828
105,기흥,2012-04,3종,17250
105,기흥,2012-04,4종,9559
105,기흥,2012-04,5종,9938
105,기흥,2012-04,6종,18305
106,오산,2012-04,1종,1074629
106,오산,2012-04,2종,75118
106,오산,2012-04,3종,77480
106,오산,2012-04,4종,33552
106,오산,2012-04,5종,26173
106,오산,2012-04,6종,63343
107,안성,2012-04,1종,821527
107,안성,2012-04,2종,44483
107,안성,2012-04,3종,62566
107,안성,2012-04,4종,19895
107,안성,2012-04,5종,15293
107,안성,2012-04,6종,48836
108,천안,2012-04,1종,1397326
108,천안,2012-04,2종,63513
108,천안,2012-04,3종,111800
108,천안,2012-04,4종,48044
108,천안,2012-04,5종,45136
108,천안,2012-04,6종,66525
109,계룡,2012-04,1종,140298
109,계룡,2012-04,2종,10114
109,계룡,2012-04,3종,10503
109,계룡,2012-04,4종,6209
109,계룡,2012-04,5종,4426
109,계룡,2012-04,6종,8658
110,독립기념관,2012-04,1종,320045
110,독립기념관,2012-04,2종,25321
110,독립기념관,2012-04,3종,28426
110,독립기념관,2012-04,4종,28390
110,독립기념관,2012-04,5종,20242
110,독립기념관,2012-04,6종,12513
111,청주,2012-04,1종,458993
111,청주,2012-04,2종,21492
111,청주,2012-04,3종,47177
111,청주,2012-04,4종,13067
111,청주,2012-04,5종,17845
111,청주,2012-04,6종,21936
112,남청주,2012-04,1종,482230
112,남청주,2012-04,2종,49153
112,남청주,2012-04,3종,41283
112,남청주,2012-04,4종,45933
112,남청주,2012-04,5종,43267
112,남청주,2012-04,6종,21159
113,신탄진,2012-04,1종,717773
113,신탄진,2012-04,2종,51601
113,신탄진,2012-04,3종,31406
113,신탄진,2012-04,4종,48160
113,신탄진,2012-04,5종,47055
113,신탄진,2012-04,6종,36362
114,남대전,2012-04,1종,259650
114,남대전,2012-04,2종,13551
114,남대전,2012-04,3종,8365
114,남대전,2012-04,4종,4729
114,남대전,2012-04,5종,6685
114,남대전,2012-04,6종,12754
115,대전,2012-04,1종,1216111
115,대전,2012-04,2종,44102
115,대전,2012-04,3종,83291
115,대전,2012-04,4종,15888
115,대전,2012-04,5종,16005
115,대전,2012-04,6종,63253
116,옥천,2012-04,1종,346572
116,옥천,2012-04,2종,25606
116,옥천,2012-04,3종,18635
116,옥천,2012-04,4종,33837
116,옥천,2012-04,5종,14734
116,옥천,2012-04,6종,18333
117,금강,2012-04,1종,41289
117,금강,2012-04,2종,1749
117,금강,2012-04,3종,916
117,금강,2012-04,4종,2841
117,금강,2012-04,5종,803
117,금강,2012-04,6종,2337
118,영동,2012-04,1종,82057
118,영동,2012-04,2종,6322
118,영동,2012-04,3종,4044
118,영동,2012-04,4종,3048
118,영동,2012-04,5종,6508
118,영동,2012-04,6종,3651
119,판암,2012-04,1종,423511
119,판암,2012-04,2종,16206
119,판암,2012-04,3종,9143
119,판암,2012-04,4종,6997
119,판암,2012-04,5종,7779
119,판암,2012-04,6종,24415
120,황간,2012-04,1종,63465
120,황간,2012-04,2종,3218
120,황간,2012-04,3종,4340
120,황간,2012-04,4종,4175
120,황간,2012-04,5종,3957
120,황간,2012-04,6종,2476
121,추풍령,2012-04,1종,38398
121,추풍령,2012-04,2종,1775
121,추풍령,2012-04,3종,2197
121,추풍령,2012-04,4종,1180
121,추풍령,2012-04,5종,1611
121,추풍령,2012-04,6종,1830
122,김천,2012-04,1종,240427
122,김천,2012-04,2종,12582
122,김천,2012-04,3종,14433
122,김천,2012-04,4종,12798
122,김천,2012-04,5종,13554
122,김천,2012-04,6종,10480
123,구미,2012-04,1종,704274
123,구미,2012-04,2종,22131
123,구미,2012-04,3종,36878
123,구미,2012-04,4종,16749
123,구미,2012-04,5종,12868
123,구미,2012-04,6종,35068
124,상주,2012-04,1종,135308
124,상주,2012-04,2종,11508
124,상주,2012-04,3종,10221
124,상주,2012-04,4종,12716
124,상주,2012-04,5종,11145
124,상주,2012-04,6종,4726
125,남구미,2012-04,1종,487902
125,남구미,2012-04,2종,24675
125,남구미,2012-04,3종,31985
125,남구미,2012-04,4종,19988
125,남구미,2012-04,5종,40734
125,남구미,2012-04,6종,26661
126,왜관,2012-04,1종,578669
126,왜관,2012-04,2종,48772
126,왜관,2012-04,3종,30725
126,왜관,2012-04,4종,22072
126,왜관,2012-04,5종,34304
126,왜관,2012-04,6종,26935
127,서대구,2012-04,1종,1807676
127,서대구,2012-04,2종,105224
127,서대구,2012-04,3종,101651
127,서대구,2012-04,4종,49772
127,서대구,2012-04,5종,58343
127,서대구,2012-04,6종,81197
129,북대구,2012-04,1종,1653900
129,북대구,2012-04,2종,66596
129,북대구,2012-04,3종,53697
129,북대구,2012-04,4종,21856
129,북대구,2012-04,5종,29224
129,북대구,2012-04,6종,71446
131,경산,2012-04,1종,802034
131,경산,2012-04,2종,81539
131,경산,2012-04,3종,49376
131,경산,2012-04,4종,40331
131,경산,2012-04,5종,38272
131,경산,2012-04,6종,43901
132,영천,2012-04,1종,357793
132,영천,2012-04,2종,28920
132,영천,2012-04,3종,25647
132,영천,2012-04,4종,20159
132,영천,2012-04,5종,48946
132,영천,2012-04,6종,13610
133,서경주,2012-04,1종,154826
133,서경주,2012-04,2종,9067
133,서경주,2012-04,3종,12032
133,서경주,2012-04,4종,7696
133,서경주,2012-04,5종,27310
133,서경주,2012-04,6종,4934
134,선산,2012-04,1종,88020
134,선산,2012-04,2종,6775
134,선산,2012-04,3종,5347
134,선산,2012-04,4종,6662
134,선산,2012-04,5종,6727
134,선산,2012-04,6종,3409
135,경주,2012-04,1종,894922
135,경주,2012-04,2종,47884
135,경주,2012-04,3종,91767
135,경주,2012-04,4종,36283
135,경주,2012-04,5종,99927
135,경주,2012-04,6종,33779
137,통도사,2012-04,1종,291055
137,통도사,2012-04,2종,23343
137,통도사,2012-04,3종,17557
137,통도사,2012-04,4종,11793
137,통도사,2012-04,5종,16421
137,통도사,2012-04,6종,14273
138,양산,2012-04,1종,633798
138,양산,2012-04,2종,83125
138,양산,2012-04,3종,41404
138,양산,2012-04,4종,44087
138,양산,2012-04,5종,57362
138,양산,2012-04,6종,36801
139,서울산,2012-04,1종,434479
139,서울산,2012-04,2종,28184
139,서울산,2012-04,3종,37444
139,서울산,2012-04,4종,20701
139,서울산,2012-04,5종,31378
139,서울산,2012-04,6종,21653
140,부산,2012-04,1종,1446895
140,부산,2012-04,2종,68937
140,부산,2012-04,3종,52565
140,부산,2012-04,4종,34214
140,부산,2012-04,5종,71155
140,부산,2012-04,6종,84042
142,군북,2012-04,1종,292806
142,군북,2012-04,2종,13044
142,군북,2012-04,3종,13985
142,군북,2012-04,4종,9773
142,군북,2012-04,5종,16290
142,군북,2012-04,6종,16838
143,장지,2012-04,1종,104608
143,장지,2012-04,2종,6781
143,장지,2012-04,3종,4665
143,장지,2012-04,4종,3871
143,장지,2012-04,5종,16823
143,장지,2012-04,6종,5857
144,함안,2012-04,1종,242922
144,함안,2012-04,2종,15341
144,함안,2012-04,3종,9141
144,함안,2012-04,4종,8171
144,함안,2012-04,5종,15726
144,함안,2012-04,6종,15516
145,산인,2012-04,1종,674621
145,산인,2012-04,2종,20083
145,산인,2012-04,3종,36287
145,산인,2012-04,4종,13537
145,산인,2012-04,5종,23684
145,산인,2012-04,6종,38677
146,동창원,2012-04,1종,565828
146,동창원,2012-04,2종,34549
146,동창원,2012-04,3종,21870
146,동창원,2012-04,4종,16041
146,동창원,2012-04,5종,28763
146,동창원,2012-04,6종,37787
147,진례,2012-04,1종,450024
147,진례,2012-04,2종,39458
147,진례,2012-04,3종,21301
147,진례,2012-04,4종,16624
147,진례,2012-04,5종,21361
147,진례,2012-04,6종,30621
148,서김해,2012-04,1종,642842
148,서김해,2012-04,2종,24809
148,서김해,2012-04,3종,18701
148,서김해,2012-04,4종,10153
148,서김해,2012-04,5종,16772
148,서김해,2012-04,6종,45298
149,동김해,2012-04,1종,1122955
149,동김해,2012-04,2종,38704
149,동김해,2012-04,3종,27480
149,동김해,2012-04,4종,12178
149,동김해,2012-04,5종,15587
149,동김해,2012-04,6종,91100
150,북부산,2012-04,1종,2359793
150,북부산,2012-04,2종,83811
150,북부산,2012-04,3종,93518
150,북부산,2012-04,4종,40862
150,북부산,2012-04,5종,106803
150,북부산,2012-04,6종,155921
151,북대전,2012-04,1종,633697
151,북대전,2012-04,2종,18985
151,북대전,2012-04,3종,30525
151,북대전,2012-04,4종,17680
151,북대전,2012-04,5종,16416
151,북대전,2012-04,6종,35229
152,유성,2012-04,1종,968111
152,유성,2012-04,2종,27673
152,유성,2012-04,3종,39500
152,유성,2012-04,4종,16008
152,유성,2012-04,5종,13649
152,유성,2012-04,6종,43105
153,서대전,2012-04,1종,578520
153,서대전,2012-04,2종,21965
153,서대전,2012-04,3종,17543
153,서대전,2012-04,4종,13757
153,서대전,2012-04,5종,13820
153,서대전,2012-04,6종,31526
154,안영,2012-04,1종,396837
154,안영,2012-04,2종,16193
154,안영,2012-04,3종,13195
154,안영,2012-04,4종,6881
154,안영,2012-04,5종,8370
154,안영,2012-04,6종,19676
155,논산,2012-04,1종,202842
155,논산,2012-04,2종,18514
155,논산,2012-04,3종,17854
155,논산,2012-04,4종,11849
155,논산,2012-04,5종,12473
155,논산,2012-04,6종,7524
156,익산,2012-04,1종,258564
156,익산,2012-04,2종,22997
156,익산,2012-04,3종,30298
156,익산,2012-04,4종,17736
156,익산,2012-04,5종,26361
156,익산,2012-04,6종,7835
157,삼례,2012-04,1종,102021
157,삼례,2012-04,2종,9000
157,삼례,2012-04,3종,6816
157,삼례,2012-04,4종,5057
157,삼례,2012-04,5종,10503
157,삼례,2012-04,6종,2937
158,전주,2012-04,1종,402159
158,전주,2012-04,2종,22684
158,전주,2012-04,3종,49171
158,전주,2012-04,4종,17744
158,전주,2012-04,5종,40562
158,전주,2012-04,6종,12698
159,서전주,2012-04,1종,211206
159,서전주,2012-04,2종,13598
159,서전주,2012-04,3종,12191
159,서전주,2012-04,4종,6088
159,서전주,2012-04,5종,8037
159,서전주,2012-04,6종,6062
160,김제,2012-04,1종,99745
160,김제,2012-04,2종,7985
160,김제,2012-04,3종,5684
160,김제,2012-04,4종,3224
160,김제,2012-04,5종,5600
160,김제,2012-04,6종,2974
161,금산사,2012-04,1종,38201
161,금산사,2012-04,2종,3423
161,금산사,2012-04,3종,2858
161,금산사,2012-04,4종,900
161,금산사,2012-04,5종,2359
161,금산사,2012-04,6종,1183
162,태인,2012-04,1종,70735
162,태인,2012-04,2종,6484
162,태인,2012-04,3종,6603
162,태인,2012-04,4종,3104
162,태인,2012-04,5종,6109
162,태인,2012-04,6종,1992
163,정읍,2012-04,1종,239240
163,정읍,2012-04,2종,20664
163,정읍,2012-04,3종,23292
163,정읍,2012-04,4종,9229
163,정읍,2012-04,5종,15172
163,정읍,2012-04,6종,7271
164,무주,2012-04,1종,118327
164,무주,2012-04,2종,4307
164,무주,2012-04,3종,6005
164,무주,2012-04,4종,2454
164,무주,2012-04,5종,2333
164,무주,2012-04,6종,4486
165,백양사,2012-04,1종,70404
165,백양사,2012-04,2종,2921
165,백양사,2012-04,3종,4199
165,백양사,2012-04,4종,1859
165,백양사,2012-04,5종,9790
165,백양사,2012-04,6종,1815
166,장성,2012-04,1종,128202
166,장성,2012-04,2종,10211
166,장성,2012-04,3종,9176
166,장성,2012-04,4종,6294
166,장성,2012-04,5종,10728
166,장성,2012-04,6종,3958
167,광주,2012-04,1종,925625
167,광주,2012-04,2종,51162
167,광주,2012-04,3종,83998
167,광주,2012-04,4종,43455
167,광주,2012-04,5종,34906
167,광주,2012-04,6종,25896
168,덕유산,2012-04,1종,47008
168,덕유산,2012-04,2종,1772
168,덕유산,2012-04,3종,1446
168,덕유산,2012-04,4종,796
168,덕유산,2012-04,5종,1060
168,덕유산,2012-04,6종,1427
169,장수,2012-04,1종,90772
169,장수,2012-04,2종,4313
169,장수,2012-04,3종,4712
169,장수,2012-04,4종,1946
169,장수,2012-04,5종,3419
169,장수,2012-04,6종,3182
170,서상,2012-04,1종,43026
170,서상,2012-04,2종,2795
170,서상,2012-04,3종,4589
170,서상,2012-04,4종,3180
170,서상,2012-04,5종,3027
170,서상,2012-04,6종,1605
171,마성,2012-04,1종,376108
171,마성,2012-04,2종,7325
171,마성,2012-04,3종,30376
171,마성,2012-04,4종,1637
171,마성,2012-04,5종,1415
171,마성,2012-04,6종,19351
172,용인,2012-04,1종,766569
172,용인,2012-04,2종,63961
172,용인,2012-04,3종,36038
172,용인,2012-04,4종,22064
172,용인,2012-04,5종,13375
172,용인,2012-04,6종,50860
173,양지,2012-04,1종,720909
173,양지,2012-04,2종,93559
173,양지,2012-04,3종,55487
173,양지,2012-04,4종,45546
173,양지,2012-04,5종,37093
173,양지,2012-04,6종,39038
174,춘천,2012-04,1종,663703
174,춘천,2012-04,2종,21319
174,춘천,2012-04,3종,27509
174,춘천,2012-04,4종,9838
174,춘천,2012-04,5종,9053
174,춘천,2012-04,6종,38977
175,덕평,2012-04,1종,209505
175,덕평,2012-04,2종,36853
175,덕평,2012-04,3종,20155
175,덕평,2012-04,4종,13330
175,덕평,2012-04,5종,9188
175,덕평,2012-04,6종,11630
176,이천,2012-04,1종,548174
176,이천,2012-04,2종,42103
176,이천,2012-04,3종,44657
176,이천,2012-04,4종,33960
176,이천,2012-04,5종,35322
176,이천,2012-04,6종,25452
177,여주,2012-04,1종,478495
177,여주,2012-04,2종,27630
177,여주,2012-04,3종,52082
177,여주,2012-04,4종,22052
177,여주,2012-04,5종,14931
177,여주,2012-04,6종,18067
178,문막,2012-04,1종,306928
178,문막,2012-04,2종,25442
178,문막,2012-04,3종,32928
178,문막,2012-04,4종,11558
178,문막,2012-04,5종,15553
178,문막,2012-04,6종,12672
179,홍천,2012-04,1종,262482
179,홍천,2012-04,2종,10928
179,홍천,2012-04,3종,13956
179,홍천,2012-04,4종,8753
179,홍천,2012-04,5종,6378
179,홍천,2012-04,6종,17295
180,원주,2012-04,1종,230057
180,원주,2012-04,2종,16171
180,원주,2012-04,3종,17789
180,원주,2012-04,4종,7904
180,원주,2012-04,5종,8941
180,원주,2012-04,6종,11485
181,새말,2012-04,1종,171619
181,새말,2012-04,2종,8791
181,새말,2012-04,3종,10385
181,새말,2012-04,4종,3434
181,새말,2012-04,5종,4877
181,새말,2012-04,6종,6531
182,둔내,2012-04,1종,78888
182,둔내,2012-04,2종,3703
182,둔내,2012-04,3종,5343
182,둔내,2012-04,4종,1740
182,둔내,2012-04,5종,1110
182,둔내,2012-04,6종,3395
183,면온,2012-04,1종,48668
183,면온,2012-04,2종,1174
183,면온,2012-04,3종,2424
183,면온,2012-04,4종,1006
183,면온,2012-04,5종,875
183,면온,2012-04,6종,1875
184,대관령,2012-04,1종,140266
184,대관령,2012-04,2종,4970
184,대관령,2012-04,3종,14643
184,대관령,2012-04,4종,976
184,대관령,2012-04,5종,1568
184,대관령,2012-04,6종,6277
185,평창,2012-04,1종,99576
185,평창,2012-04,2종,4948
185,평창,2012-04,3종,11869
185,평창,2012-04,4종,1546
185,평창,2012-04,5종,2539
185,평창,2012-04,6종,4603
186,속사,2012-04,1종,26311
186,속사,2012-04,2종,1145
186,속사,2012-04,3종,1385
186,속사,2012-04,4종,752
186,속사,2012-04,5종,1270
186,속사,2012-04,6종,1098
187,진부,2012-04,1종,102052
187,진부,2012-04,2종,4384
187,진부,2012-04,3종,11325
187,진부,2012-04,4종,1363
187,진부,2012-04,5종,1652
187,진부,2012-04,6종,4784
189,강릉,2012-04,1종,414081
189,강릉,2012-04,2종,15325
189,강릉,2012-04,3종,41184
189,강릉,2012-04,4종,7784
189,강릉,2012-04,5종,9529
189,강릉,2012-04,6종,21044
190,동서울,2012-04,1종,3226926
190,동서울,2012-04,2종,194550
190,동서울,2012-04,3종,224152
190,동서울,2012-04,4종,86093
190,동서울,2012-04,5종,57560
190,동서울,2012-04,6종,139244
191,경기광주,2012-04,1종,769024
191,경기광주,2012-04,2종,46874
191,경기광주,2012-04,3종,34007
191,경기광주,2012-04,4종,11325
191,경기광주,2012-04,5종,5564
191,경기광주,2012-04,6종,49131
192,곤지암,2012-04,1종,741822
192,곤지암,2012-04,2종,69391
192,곤지암,2012-04,3종,39136
192,곤지암,2012-04,4종,27810
192,곤지암,2012-04,5종,19755
192,곤지암,2012-04,6종,38128
193,일죽,2012-04,1종,448784
193,일죽,2012-04,2종,44376
193,일죽,2012-04,3종,33516
193,일죽,2012-04,4종,26882
193,일죽,2012-04,5종,20283
193,일죽,2012-04,6종,16802
194,서이천,2012-04,1종,410257
194,서이천,2012-04,2종,58930
194,서이천,2012-04,3종,44341
194,서이천,2012-04,4종,25552
194,서이천,2012-04,5종,10698
194,서이천,2012-04,6종,20776
195,대소,2012-04,1종,372332
195,대소,2012-04,2종,57380
195,대소,2012-04,3종,39288
195,대소,2012-04,4종,31965
195,대소,2012-04,5종,26493
195,대소,2012-04,6종,15422
196,진천,2012-04,1종,205083
196,진천,2012-04,2종,18112
196,진천,2012-04,3종,16471
196,진천,2012-04,4종,13106
196,진천,2012-04,5종,14817
196,진천,2012-04,6종,8176
197,증평,2012-04,1종,399582
197,증평,2012-04,2종,30262
197,증평,2012-04,3종,28466
197,증평,2012-04,4종,18188
197,증평,2012-04,5종,27404
197,증평,2012-04,6종,16248
198,서청주,2012-04,1종,725162
198,서청주,2012-04,2종,39663
198,서청주,2012-04,3종,41781
198,서청주,2012-04,4종,27610
198,서청주,2012-04,5종,20995
198,서청주,2012-04,6종,34231
199,오창,2012-04,1종,454616
199,오창,2012-04,2종,25231
199,오창,2012-04,3종,27181
199,오창,2012-04,4종,15248
199,오창,2012-04,5종,16365
199,오창,2012-04,6종,21553
200,금산,2012-04,1종,133413
200,금산,2012-04,2종,4819
200,금산,2012-04,3종,7316
200,금산,2012-04,4종,4285
200,금산,2012-04,5종,6678
200,금산,2012-04,6종,5629
201,칠곡,2012-04,1종,578142
201,칠곡,2012-04,2종,25325
201,칠곡,2012-04,3종,22727
201,칠곡,2012-04,4종,7537
201,칠곡,2012-04,5종,14092
201,칠곡,2012-04,6종,29251
202,다부,2012-04,1종,110639
202,다부,2012-04,2종,8879
202,다부,2012-04,3종,4849
202,다부,2012-04,4종,2024
202,다부,2012-04,5종,7493
202,다부,2012-04,6종,4523
203,가산,2012-04,1종,468235
203,가산,2012-04,2종,23430
203,가산,2012-04,3종,19535
203,가산,2012-04,4종,11842
203,가산,2012-04,5종,26224
203,가산,2012-04,6종,20951
204,추부,2012-04,1종,156242
204,추부,2012-04,2종,10007
204,추부,2012-04,3종,10080
204,추부,2012-04,4종,3344
204,추부,2012-04,5종,4303
204,추부,2012-04,6종,8505
205,군위,2012-04,1종,130176
205,군위,2012-04,2종,6537
205,군위,2012-04,3종,3930
205,군위,2012-04,4종,2245
205,군위,2012-04,5종,7495
205,군위,2012-04,6종,5862
206,의성,2012-04,1종,165211
206,의성,2012-04,2종,5817
206,의성,2012-04,3종,4261
206,의성,2012-04,4종,1674
206,의성,2012-04,5종,3942
206,의성,2012-04,6종,5593
207,남안동,2012-04,1종,238401
207,남안동,2012-04,2종,9345
207,남안동,2012-04,3종,7367
207,남안동,2012-04,4종,3369
207,남안동,2012-04,5종,5718
207,남안동,2012-04,6종,8377
208,서안동,2012-04,1종,161278
208,서안동,2012-04,2종,6837
208,서안동,2012-04,3종,16793
208,서안동,2012-04,4종,3015
208,서안동,2012-04,5종,7398
208,서안동,2012-04,6종,5698
209,예천,2012-04,1종,24033
209,예천,2012-04,2종,669
209,예천,2012-04,3종,562
209,예천,2012-04,4종,263
209,예천,2012-04,5종,718
209,예천,2012-04,6종,927
210,영주,2012-04,1종,113426
210,영주,2012-04,2종,5143
210,영주,2012-04,3종,6919
210,영주,2012-04,4종,2866
210,영주,2012-04,5종,10903
210,영주,2012-04,6종,4099
211,풍기,2012-04,1종,156206
211,풍기,2012-04,2종,6208
211,풍기,2012-04,3종,14696
211,풍기,2012-04,4종,3661
211,풍기,2012-04,5종,8537
211,풍기,2012-04,6종,5647
212,북수원,2012-04,1종,1122352
212,북수원,2012-04,2종,46388
212,북수원,2012-04,3종,56487
212,북수원,2012-04,4종,24080
212,북수원,2012-04,5종,17722
212,북수원,2012-04,6종,65089
213,부곡,2012-04,1종,358818
213,부곡,2012-04,2종,10964
213,부곡,2012-04,3종,8662
213,부곡,2012-04,4종,10833
213,부곡,2012-04,5종,65757
213,부곡,2012-04,6종,23778
214,동군포,2012-04,1종,153010
214,동군포,2012-04,2종,10522
214,동군포,2012-04,3종,7623
214,동군포,2012-04,4종,13314
214,동군포,2012-04,5종,7763
214,동군포,2012-04,6종,9469
215,군포,2012-04,1종,982041
215,군포,2012-04,2종,63557
215,군포,2012-04,3종,45659
215,군포,2012-04,4종,22410
215,군포,2012-04,5종,34061
215,군포,2012-04,6종,70630
216,횡성,2012-04,1종,157909
216,횡성,2012-04,2종,7135
216,횡성,2012-04,3종,8184
216,횡성,2012-04,4종,3405
216,횡성,2012-04,5종,5978
216,횡성,2012-04,6종,7311
217,북원주,2012-04,1종,68157
217,북원주,2012-04,2종,4375
217,북원주,2012-04,3종,2775
217,북원주,2012-04,4종,1769
217,북원주,2012-04,5종,3390
217,북원주,2012-04,6종,4456
218,남원주,2012-04,1종,484978
218,남원주,2012-04,2종,19124
218,남원주,2012-04,3종,28710
218,남원주,2012-04,4종,6260
218,남원주,2012-04,5종,7668
218,남원주,2012-04,6종,24541
219,신림,2012-04,1종,90442
219,신림,2012-04,2종,3163
219,신림,2012-04,3종,3586
219,신림,2012-04,4종,2586
219,신림,2012-04,5종,7208
219,신림,2012-04,6종,3513
221,생초,2012-04,1종,51133
221,생초,2012-04,2종,2665
221,생초,2012-04,3종,3840
221,생초,2012-04,4종,2051
221,생초,2012-04,5종,9469
221,생초,2012-04,6종,1760
222,산청,2012-04,1종,46521
222,산청,2012-04,2종,2238
222,산청,2012-04,3종,2761
222,산청,2012-04,4종,1100
222,산청,2012-04,5종,2486
222,산청,2012-04,6종,1912
223,단성,2012-04,1종,89425
223,단성,2012-04,2종,3922
223,단성,2012-04,3종,9061
223,단성,2012-04,4종,3189
223,단성,2012-04,5종,3230
223,단성,2012-04,6종,3328
224,함양,2012-04,1종,97272
224,함양,2012-04,2종,4646
224,함양,2012-04,3종,7615
224,함양,2012-04,4종,1564
224,함양,2012-04,5종,4835
224,함양,2012-04,6종,4276
225,서진주,2012-04,1종,308907
225,서진주,2012-04,2종,8578
225,서진주,2012-04,3종,8647
225,서진주,2012-04,4종,2801
225,서진주,2012-04,5종,13989
225,서진주,2012-04,6종,20581
227,군산,2012-04,1종,228916
227,군산,2012-04,2종,9436
227,군산,2012-04,3종,19064
227,군산,2012-04,4종,12689
227,군산,2012-04,5종,35476
227,군산,2012-04,6종,6668
228,동군산,2012-04,1종,222589
228,동군산,2012-04,2종,13107
228,동군산,2012-04,3종,23148
228,동군산,2012-04,4종,15966
228,동군산,2012-04,5종,30956
228,동군산,2012-04,6종,6180
230,팔공산,2012-04,1종,556574
230,팔공산,2012-04,2종,22969
230,팔공산,2012-04,3종,13836
230,팔공산,2012-04,4종,9520
230,팔공산,2012-04,5종,12746
230,팔공산,2012-04,6종,24843
231,화원옥포,2012-04,1종,606745
231,화원옥포,2012-04,2종,39290
231,화원옥포,2012-04,3종,20308
231,화원옥포,2012-04,4종,7901
231,화원옥포,2012-04,5종,18047
231,화원옥포,2012-04,6종,30577
232,달성,2012-04,1종,347614
232,달성,2012-04,2종,24501
232,달성,2012-04,3종,20707
232,달성,2012-04,4종,6374
232,달성,2012-04,5종,6711
232,달성,2012-04,6종,23509
233,현풍,2012-04,1종,376655
233,현풍,2012-04,2종,35174
233,현풍,2012-04,3종,23312
233,현풍,2012-04,4종,16205
233,현풍,2012-04,5종,36084
233,현풍,2012-04,6종,18445
234,서천,2012-04,1종,110718
234,서천,2012-04,2종,4923
234,서천,2012-04,3종,5802
234,서천,2012-04,4종,7112
234,서천,2012-04,5종,9258
234,서천,2012-04,6종,3451
235,창녕,2012-04,1종,159962
235,창녕,2012-04,2종,7436
235,창녕,2012-04,3종,10442
235,창녕,2012-04,4종,3029
235,창녕,2012-04,5종,6042
235,창녕,2012-04,6종,7965
236,영산,2012-04,1종,138697
236,영산,2012-04,2종,9410
236,영산,2012-04,3종,11358
236,영산,2012-04,4종,5971
236,영산,2012-04,5종,9083
236,영산,2012-04,6종,5855
237,남지,2012-04,1종,181197
237,남지,2012-04,2종,9994
237,남지,2012-04,3종,12684
237,남지,2012-04,4종,7645
237,남지,2012-04,5종,13750
237,남지,2012-04,6종,11686
238,칠서,2012-04,1종,209802
238,칠서,2012-04,2종,26966
238,칠서,2012-04,3종,13948
238,칠서,2012-04,4종,19011
238,칠서,2012-04,5종,41629
238,칠서,2012-04,6종,13229
239,칠원,2012-04,1종,557571
239,칠원,2012-04,2종,28484
239,칠원,2012-04,3종,48580
239,칠원,2012-04,4종,30214
239,칠원,2012-04,5종,37922
239,칠원,2012-04,6종,28512
240,제천,2012-04,1종,400129
240,제천,2012-04,2종,14756
240,제천,2012-04,3종,25593
240,제천,2012-04,4종,7688
240,제천,2012-04,5종,16578
240,제천,2012-04,6종,16675
241,동고령,2012-04,1종,244438
241,동고령,2012-04,2종,19381
241,동고령,2012-04,3종,16285
241,동고령,2012-04,4종,10407
241,동고령,2012-04,5종,14544
241,동고령,2012-04,6종,9927
242,고령,2012-04,1종,188897
242,고령,2012-04,2종,11630
242,고령,2012-04,3종,11372
242,고령,2012-04,4종,4817
242,고령,2012-04,5종,10454
242,고령,2012-04,6종,7838
243,해인사,2012-04,1종,96730
243,해인사,2012-04,2종,3404
243,해인사,2012-04,3종,4190
243,해인사,2012-04,4종,834
243,해인사,2012-04,5종,838
243,해인사,2012-04,6종,4394
244,서부산,2012-04,1종,1988839
244,서부산,2012-04,2종,83276
244,서부산,2012-04,3종,95451
244,서부산,2012-04,4종,53253
244,서부산,2012-04,5종,192952
244,서부산,2012-04,6종,127127
245,장유,2012-04,1종,1339014
245,장유,2012-04,2종,48582
245,장유,2012-04,3종,49815
245,장유,2012-04,4종,22370
245,장유,2012-04,5종,33109
245,장유,2012-04,6종,100131
246,가락,2012-04,1종,716748
246,가락,2012-04,2종,40167
246,가락,2012-04,3종,27455
246,가락,2012-04,4종,40927
246,가락,2012-04,5종,173659
246,가락,2012-04,6종,46948
247,남원,2012-04,1종,148084
247,남원,2012-04,2종,7222
247,남원,2012-04,3종,11009
247,남원,2012-04,4종,2464
247,남원,2012-04,5종,11601
247,남원,2012-04,6종,5380
248,순창,2012-04,1종,110470
248,순창,2012-04,2종,4341
248,순창,2012-04,3종,4875
248,순창,2012-04,4종,1930
248,순창,2012-04,5종,4373
248,순창,2012-04,6종,3742
249,담양,2012-04,1종,167785
249,담양,2012-04,2종,5876
249,담양,2012-04,3종,16250
249,담양,2012-04,4종,2680
249,담양,2012-04,5종,5674
249,담양,2012-04,6종,5563
250,남양산,2012-04,1종,905049
250,남양산,2012-04,2종,54231
250,남양산,2012-04,3종,39400
250,남양산,2012-04,4종,22226
250,남양산,2012-04,5종,31396
250,남양산,2012-04,6종,65723
251,물금,2012-04,1종,398702
251,물금,2012-04,2종,43041
251,물금,2012-04,3종,19074
251,물금,2012-04,4종,34604
251,물금,2012-04,5종,66936
251,물금,2012-04,6종,28570
252,대동,2012-04,1종,2260956
252,대동,2012-04,2종,192739
252,대동,2012-04,3종,129628
252,대동,2012-04,4종,100586
252,대동,2012-04,5종,285560
252,대동,2012-04,6종,117765
253,서서울,2012-04,1종,4638926
253,서서울,2012-04,2종,225484
253,서서울,2012-04,3종,159850
253,서서울,2012-04,4종,115344
253,서서울,2012-04,5종,124286
253,서서울,2012-04,6종,261301
254,군자,2012-04,1종,2808993
254,군자,2012-04,2종,177069
254,군자,2012-04,3종,170475
254,군자,2012-04,4종,118842
254,군자,2012-04,5종,249521
254,군자,2012-04,6종,183776
255,서안산,2012-04,1종,1818726
255,서안산,2012-04,2종,138592
255,서안산,2012-04,3종,72295
255,서안산,2012-04,4종,67999
255,서안산,2012-04,5종,89001
255,서안산,2012-04,6종,139018
256,안산,2012-04,1종,902940
256,안산,2012-04,2종,26803
256,안산,2012-04,3종,20787
256,안산,2012-04,4종,5913
256,안산,2012-04,5종,6993
256,안산,2012-04,6종,63016
257,홍성,2012-04,1종,215352
257,홍성,2012-04,2종,8621
257,홍성,2012-04,3종,12679
257,홍성,2012-04,4종,3033
257,홍성,2012-04,5종,4837
257,홍성,2012-04,6종,6592
258,광천,2012-04,1종,111723
258,광천,2012-04,2종,6914
258,광천,2012-04,3종,7696
258,광천,2012-04,4종,5082
258,광천,2012-04,5종,11074
258,광천,2012-04,6종,3946
259,대천,2012-04,1종,211370
259,대천,2012-04,2종,8571
259,대천,2012-04,3종,12481
259,대천,2012-04,4종,3089
259,대천,2012-04,5종,3797
259,대천,2012-04,6종,7085
260,춘장대,2012-04,1종,60816
260,춘장대,2012-04,2종,1788
260,춘장대,2012-04,3종,2746
260,춘장대,2012-04,4종,1343
260,춘장대,2012-04,5종,2082
260,춘장대,2012-04,6종,1622
261,동광주,2012-04,1종,1080870
261,동광주,2012-04,2종,43853
261,동광주,2012-04,3종,69981
261,동광주,2012-04,4종,27140
261,동광주,2012-04,5종,63632
261,동광주,2012-04,6종,34393
262,창평,2012-04,1종,87663
262,창평,2012-04,2종,5928
262,창평,2012-04,3종,3450
262,창평,2012-04,4종,2104
262,창평,2012-04,5종,1805
262,창평,2012-04,6종,2743
263,옥과,2012-04,1종,184703
263,옥과,2012-04,2종,4990
263,옥과,2012-04,3종,10006
263,옥과,2012-04,4종,3020
263,옥과,2012-04,5종,5594
263,옥과,2012-04,6종,8424
264,동남원,2012-04,1종,39953
264,동남원,2012-04,2종,2113
264,동남원,2012-04,3종,2788
264,동남원,2012-04,4종,1004
264,동남원,2012-04,5종,2949
264,동남원,2012-04,6종,1685
265,곡성,2012-04,1종,166369
265,곡성,2012-04,2종,6468
265,곡성,2012-04,3종,7272
265,곡성,2012-04,4종,2346
265,곡성,2012-04,5종,7220
265,곡성,2012-04,6종,6013
266,석곡,2012-04,1종,48197
266,석곡,2012-04,2종,1758
266,석곡,2012-04,3종,2146
266,석곡,2012-04,4종,518
266,석곡,2012-04,5종,1333
266,석곡,2012-04,6종,1451
267,주암송광사,2012-04,1종,139255
267,주암송광사,2012-04,2종,5674
267,주암송광사,2012-04,3종,6103
267,주암송광사,2012-04,4종,4651
267,주암송광사,2012-04,5종,9114
267,주암송광사,2012-04,6종,3770
268,승주,2012-04,1종,66927
268,승주,2012-04,2종,1977
268,승주,2012-04,3종,3576
268,승주,2012-04,4종,1169
268,승주,2012-04,5종,1289
268,승주,2012-04,6종,2780
269,지리산,2012-04,1종,49058
269,지리산,2012-04,2종,2312
269,지리산,2012-04,3종,3130
269,지리산,2012-04,4종,1317
269,지리산,2012-04,5종,885
269,지리산,2012-04,6종,1293
270,서순천,2012-04,1종,156031
270,서순천,2012-04,2종,6692
270,서순천,2012-04,3종,11113
270,서순천,2012-04,4종,3220
270,서순천,2012-04,5종,4393
270,서순천,2012-04,6종,5318
271,순천,2012-04,1종,611246
271,순천,2012-04,2종,23227
271,순천,2012-04,3종,32791
271,순천,2012-04,4종,13724
271,순천,2012-04,5종,52262
271,순천,2012-04,6종,18373
272,광양,2012-04,1종,267593
272,광양,2012-04,2종,13208
272,광양,2012-04,3종,23227
272,광양,2012-04,4종,15642
272,광양,2012-04,5종,65846
272,광양,2012-04,6종,8277
273,동광양,2012-04,1종,120836
273,동광양,2012-04,2종,3163
273,동광양,2012-04,3종,3476
273,동광양,2012-04,4종,2216
273,동광양,2012-04,5종,17669
273,동광양,2012-04,6종,5459
274,가조,2012-04,1종,53385
274,가조,2012-04,2종,2214
274,가조,2012-04,3종,3115
274,가조,2012-04,4종,1258
274,가조,2012-04,5종,1311
274,가조,2012-04,6종,3116
275,옥곡,2012-04,1종,130011
275,옥곡,2012-04,2종,3247
275,옥곡,2012-04,3종,4923
275,옥곡,2012-04,4종,1308
275,옥곡,2012-04,5종,9354
275,옥곡,2012-04,6종,5631
276,진월,2012-04,1종,74255
276,진월,2012-04,2종,2366
276,진월,2012-04,3종,2172
276,진월,2012-04,4종,5656
276,진월,2012-04,5종,39527
276,진월,2012-04,6종,2543
277,하동,2012-04,1종,247601
277,하동,2012-04,2종,6001
277,하동,2012-04,3종,15050
277,하동,2012-04,4종,8679
277,하동,2012-04,5종,40747
277,하동,2012-04,6종,10179
278,진교,2012-04,1종,163707
278,진교,2012-04,2종,5716
278,진교,2012-04,3종,15093
278,진교,2012-04,4종,1311
278,진교,2012-04,5종,2243
278,진교,2012-04,6종,9090
279,곤양,2012-04,1종,118727
279,곤양,2012-04,2종,5171
279,곤양,2012-04,3종,9260
279,곤양,2012-04,4종,3152
279,곤양,2012-04,5종,10543
279,곤양,2012-04,6종,5864
280,거창,2012-04,1종,149361
280,거창,2012-04,2종,9098
280,거창,2012-04,3종,15640
280,거창,2012-04,4종,2897
280,거창,2012-04,5종,3601
280,거창,2012-04,6종,7599
281,매송,2012-04,1종,478295
281,매송,2012-04,2종,34425
281,매송,2012-04,3종,26140
281,매송,2012-04,4종,16522
281,매송,2012-04,5종,23620
281,매송,2012-04,6종,25321
282,비봉,2012-04,1종,781025
282,비봉,2012-04,2종,59294
282,비봉,2012-04,3종,41375
282,비봉,2012-04,4종,27302
282,비봉,2012-04,5종,45192
282,비봉,2012-04,6종,43379
283,발안,2012-04,1종,462115
283,발안,2012-04,2종,39672
283,발안,2012-04,3종,22199
283,발안,2012-04,4종,18507
283,발안,2012-04,5종,24352
283,발안,2012-04,6종,25482
284,남양양,2012-04,1종,40116
284,남양양,2012-04,2종,1425
284,남양양,2012-04,3종,3438
284,남양양,2012-04,4종,502
284,남양양,2012-04,5종,696
284,남양양,2012-04,6종,1400
285,서평택,2012-04,1종,586966
285,서평택,2012-04,2종,50075
285,서평택,2012-04,3종,49228
285,서평택,2012-04,4종,62839
285,서평택,2012-04,5종,120625
285,서평택,2012-04,6종,29578
286,통도사휴게소,2012-04,1종,19429
286,통도사휴게소,2012-04,2종,181
286,통도사휴게소,2012-04,3종,1691
286,통도사휴게소,2012-04,4종,0
286,통도사휴게소,2012-04,5종,0
286,통도사휴게소,2012-04,6종,716
287,송악,2012-04,1종,490028
287,송악,2012-04,2종,24619
287,송악,2012-04,3종,21512
287,송악,2012-04,4종,21347
287,송악,2012-04,5종,116537
287,송악,2012-04,6종,20388
288,당진,2012-04,1종,382976
288,당진,2012-04,2종,19773
288,당진,2012-04,3종,23430
288,당진,2012-04,4종,13305
288,당진,2012-04,5종,44540
288,당진,2012-04,6종,15809
289,마산,2012-04,1종,898310
289,마산,2012-04,2종,39859
289,마산,2012-04,3종,46206
289,마산,2012-04,4종,16008
289,마산,2012-04,5종,24291
289,마산,2012-04,6종,59961
290,축동,2012-04,1종,43089
290,축동,2012-04,2종,2668
290,축동,2012-04,3종,1353
290,축동,2012-04,4종,1503
290,축동,2012-04,5종,6832
290,축동,2012-04,6종,2142
291,사천,2012-04,1종,627511
291,사천,2012-04,2종,29190
291,사천,2012-04,3종,36054
291,사천,2012-04,4종,13635
291,사천,2012-04,5종,28774
291,사천,2012-04,6종,39884
292,진주,2012-04,1종,614468
292,진주,2012-04,2종,26610
292,진주,2012-04,3종,50971
292,진주,2012-04,4종,12839
292,진주,2012-04,5종,33341
292,진주,2012-04,6종,39705
293,문산,2012-04,1종,272738
293,문산,2012-04,2종,12669
293,문산,2012-04,3종,8817
293,문산,2012-04,4종,5016
293,문산,2012-04,5종,12088
293,문산,2012-04,6종,16147
294,북창원,2012-04,1종,205198
294,북창원,2012-04,2종,10479
294,북창원,2012-04,3종,6441
294,북창원,2012-04,4종,7426
294,북창원,2012-04,5종,8989
294,북창원,2012-04,6종,9761
295,진성,2012-04,1종,136458
295,진성,2012-04,2종,9885
295,진성,2012-04,3종,7268
295,진성,2012-04,4종,4569
295,진성,2012-04,5종,11758
295,진성,2012-04,6종,6775
296,지수,2012-04,1종,46055
296,지수,2012-04,2종,3394
296,지수,2012-04,3종,2034
296,지수,2012-04,4종,1295
296,지수,2012-04,5종,5394
296,지수,2012-04,6종,3094
298,서산,2012-04,1종,459860
298,서산,2012-04,2종,18807
298,서산,2012-04,3종,30445
298,서산,2012-04,4종,20184
298,서산,2012-04,5종,35591
298,서산,2012-04,6종,16510
299,해미,2012-04,1종,131023
299,해미,2012-04,2종,6500
299,해미,2012-04,3종,9438
299,해미,2012-04,4종,4532
299,해미,2012-04,5종,9869
299,해미,2012-04,6종,4937
501,서김제,2012-04,1종,55115
501,서김제,2012-04,2종,3479
501,서김제,2012-04,3종,3943
501,서김제,2012-04,4종,1905
501,서김제,2012-04,5종,2589
501,서김제,2012-04,6종,1465
502,부안,2012-04,1종,91078
502,부안,2012-04,2종,5519
502,부안,2012-04,3종,7166
502,부안,2012-04,4종,1702
502,부안,2012-04,5종,3602
502,부안,2012-04,6종,2350
503,줄포,2012-04,1종,71492
503,줄포,2012-04,2종,2698
503,줄포,2012-04,3종,6358
503,줄포,2012-04,4종,1032
503,줄포,2012-04,5종,1440
503,줄포,2012-04,6종,1572
504,선운산,2012-04,1종,104529
504,선운산,2012-04,2종,6134
504,선운산,2012-04,3종,11340
504,선운산,2012-04,4종,5542
504,선운산,2012-04,5종,5702
504,선운산,2012-04,6종,2589
505,고창,2012-04,1종,85632
505,고창,2012-04,2종,4018
505,고창,2012-04,3종,4548
505,고창,2012-04,4종,1201
505,고창,2012-04,5종,1378
505,고창,2012-04,6종,2473
506,영광,2012-04,1종,79123
506,영광,2012-04,2종,4438
506,영광,2012-04,3종,7165
506,영광,2012-04,4종,1656
506,영광,2012-04,5종,1901
506,영광,2012-04,6종,1832
507,함평,2012-04,1종,60523
507,함평,2012-04,2종,4225
507,함평,2012-04,3종,6612
507,함평,2012-04,4종,3091
507,함평,2012-04,5종,6013
507,함평,2012-04,6종,1599
508,무안,2012-04,1종,173375
508,무안,2012-04,2종,5896
508,무안,2012-04,3종,7303
508,무안,2012-04,4종,4110
508,무안,2012-04,5종,6109
508,무안,2012-04,6종,5013
509,목포,2012-04,1종,657830
509,목포,2012-04,2종,23265
509,목포,2012-04,3종,40139
509,목포,2012-04,4종,19137
509,목포,2012-04,5종,35326
509,목포,2012-04,6종,17928
511,무창포,2012-04,1종,82328
511,무창포,2012-04,2종,3113
511,무창포,2012-04,3종,3356
511,무창포,2012-04,4종,1955
511,무창포,2012-04,5종,6474
511,무창포,2012-04,6종,2148
512,연화산,2012-04,1종,37927
512,연화산,2012-04,2종,1748
512,연화산,2012-04,3종,1197
512,연화산,2012-04,4종,879
512,연화산,2012-04,5종,2973
512,연화산,2012-04,6종,2261
513,고성,2012-04,1종,330070
513,고성,2012-04,2종,13678
513,고성,2012-04,3종,17021
513,고성,2012-04,4종,9628
513,고성,2012-04,5종,12436
513,고성,2012-04,6종,16529
514,동고성,2012-04,1종,96005
514,동고성,2012-04,2종,5135
514,동고성,2012-04,3종,6165
514,동고성,2012-04,4종,6789
514,동고성,2012-04,5종,16719
514,동고성,2012-04,6종,6587
515,북통영,2012-04,1종,127166
515,북통영,2012-04,2종,4014
515,북통영,2012-04,3종,10556
515,북통영,2012-04,4종,1572
515,북통영,2012-04,5종,2037
515,북통영,2012-04,6종,6666
516,통영,2012-04,1종,500588
516,통영,2012-04,2종,19036
516,통영,2012-04,3종,33676
516,통영,2012-04,4종,15363
516,통영,2012-04,5종,23146
516,통영,2012-04,6종,24223
518,칠곡물류,2012-04,1종,34073
518,칠곡물류,2012-04,2종,7452
518,칠곡물류,2012-04,3종,2916
518,칠곡물류,2012-04,4종,5898
518,칠곡물류,2012-04,5종,8145
518,칠곡물류,2012-04,6종,1512
519,남대구,2012-04,1종,1330394
519,남대구,2012-04,2종,72300
519,남대구,2012-04,3종,68905
519,남대구,2012-04,4종,22260
519,남대구,2012-04,5종,37770
519,남대구,2012-04,6종,66225
520,평택,2012-04,1종,470571
520,평택,2012-04,2종,33324
520,평택,2012-04,3종,41261
520,평택,2012-04,4종,17118
520,평택,2012-04,5종,25130
520,평택,2012-04,6종,24523
521,단양,2012-04,1종,56440
521,단양,2012-04,2종,2106
521,단양,2012-04,3종,5636
521,단양,2012-04,4종,1487
521,단양,2012-04,5종,7734
521,단양,2012-04,6종,2405
522,북단양,2012-04,1종,76341
522,북단양,2012-04,2종,3156
522,북단양,2012-04,3종,4935
522,북단양,2012-04,4종,4940
522,북단양,2012-04,5종,28564
522,북단양,2012-04,6종,2763
523,남제천,2012-04,1종,86921
523,남제천,2012-04,2종,2319
523,남제천,2012-04,3종,5016
523,남제천,2012-04,4종,915
523,남제천,2012-04,5종,2512
523,남제천,2012-04,6종,3060
524,청통와촌,2012-04,1종,219955
524,청통와촌,2012-04,2종,13647
524,청통와촌,2012-04,3종,6779
524,청통와촌,2012-04,4종,3807
524,청통와촌,2012-04,5종,5320
524,청통와촌,2012-04,6종,8607
525,북영천,2012-04,1종,170161
525,북영천,2012-04,2종,7640
525,북영천,2012-04,3종,4916
525,북영천,2012-04,4종,3000
525,북영천,2012-04,5종,7093
525,북영천,2012-04,6종,5842
526,서포항,2012-04,1종,89570
526,서포항,2012-04,2종,2541
526,서포항,2012-04,3종,2601
526,서포항,2012-04,4종,885
526,서포항,2012-04,5종,3166
526,서포항,2012-04,6종,4678
527,포항,2012-04,1종,643079
527,포항,2012-04,2종,18769
527,포항,2012-04,3종,31969
527,포항,2012-04,4종,7446
527,포항,2012-04,5종,37116
527,포항,2012-04,6종,24103
528,기흥동탄,2012-04,1종,926807
528,기흥동탄,2012-04,2종,27940
528,기흥동탄,2012-04,3종,70622
528,기흥동탄,2012-04,4종,16052
528,기흥동탄,2012-04,5종,16740
528,기흥동탄,2012-04,6종,53110
529,노포,2012-04,1종,216101
529,노포,2012-04,2종,16267
529,노포,2012-04,3종,38503
529,노포,2012-04,4종,5350
529,노포,2012-04,5종,7486
529,노포,2012-04,6종,11385
530,내장산,2012-04,1종,42105
530,내장산,2012-04,2종,1469
530,내장산,2012-04,3종,979
530,내장산,2012-04,4종,741
530,내장산,2012-04,5종,3230
530,내장산,2012-04,6종,1495
531,문의청남대,2012-04,1종,180273
531,문의청남대,2012-04,2종,8169
531,문의청남대,2012-04,3종,11435
531,문의청남대,2012-04,4종,6596
531,문의청남대,2012-04,5종,8765
531,문의청남대,2012-04,6종,7454
532,회인,2012-04,1종,42245
532,회인,2012-04,2종,1648
532,회인,2012-04,3종,823
532,회인,2012-04,4종,1640
532,회인,2012-04,5종,1181
532,회인,2012-04,6종,1816
533,보은,2012-04,1종,115277
533,보은,2012-04,2종,5664
533,보은,2012-04,3종,5460
533,보은,2012-04,4종,2593
533,보은,2012-04,5종,3052
533,보은,2012-04,6종,4406
534,속리산,2012-04,1종,44843
534,속리산,2012-04,2종,1863
534,속리산,2012-04,3종,2391
534,속리산,2012-04,4종,1214
534,속리산,2012-04,5종,1616
534,속리산,2012-04,6종,1638
535,화서,2012-04,1종,46339
535,화서,2012-04,2종,1858
535,화서,2012-04,3종,2355
535,화서,2012-04,4종,988
535,화서,2012-04,5종,1947
535,화서,2012-04,6종,1847
536,남상주,2012-04,1종,99387
536,남상주,2012-04,2종,5042
536,남상주,2012-04,3종,8170
536,남상주,2012-04,4종,3737
536,남상주,2012-04,5종,4376
536,남상주,2012-04,6종,4129
537,남김천,2012-04,1종,66066
537,남김천,2012-04,2종,7212
537,남김천,2012-04,3종,4111
537,남김천,2012-04,4종,5597
537,남김천,2012-04,5종,11543
537,남김천,2012-04,6종,2241
538,성주,2012-04,1종,63909
538,성주,2012-04,2종,6823
538,성주,2012-04,3종,4458
538,성주,2012-04,4종,4617
538,성주,2012-04,5종,4863
538,성주,2012-04,6종,1842
539,남성주,2012-04,1종,41404
539,남성주,2012-04,2종,6588
539,남성주,2012-04,3종,2728
539,남성주,2012-04,4종,4367
539,남성주,2012-04,5종,4541
539,남성주,2012-04,6종,1294
540,청북,2012-04,1종,309891
540,청북,2012-04,2종,45283
540,청북,2012-04,3종,28638
540,청북,2012-04,4종,25413
540,청북,2012-04,5종,33140
540,청북,2012-04,6종,16020
541,송탄,2012-04,1종,331448
541,송탄,2012-04,2종,33302
541,송탄,2012-04,3종,25962
541,송탄,2012-04,4종,28966
541,송탄,2012-04,5종,21659
541,송탄,2012-04,6종,15545
542,서안성,2012-04,1종,296721
542,서안성,2012-04,2종,33719
542,서안성,2012-04,3종,28109
542,서안성,2012-04,4종,21022
542,서안성,2012-04,5종,21542
542,서안성,2012-04,6종,13141
543,남안성,2012-04,1종,384958
543,남안성,2012-04,2종,42726
543,남안성,2012-04,3종,30697
543,남안성,2012-04,4종,26497
543,남안성,2012-04,5종,38521
543,남안성,2012-04,6종,20499
544,완주,2012-04,1종,154276
544,완주,2012-04,2종,8856
544,완주,2012-04,3종,8539
544,완주,2012-04,4종,7810
544,완주,2012-04,5종,12456
544,완주,2012-04,6종,4902
545,소양,2012-04,1종,124511
545,소양,2012-04,2종,5546
545,소양,2012-04,3종,9400
545,소양,2012-04,4종,2619
545,소양,2012-04,5종,6066
545,소양,2012-04,6종,4141
546,진안,2012-04,1종,57577
546,진안,2012-04,2종,2804
546,진안,2012-04,3종,6026
546,진안,2012-04,4종,1082
546,진안,2012-04,5종,1130
546,진안,2012-04,6종,1870
547,무안공항,2012-04,1종,32855
547,무안공항,2012-04,2종,815
547,무안공항,2012-04,3종,1278
547,무안공항,2012-04,4종,357
547,무안공항,2012-04,5종,735
547,무안공항,2012-04,6종,739
548,북무안,2012-04,1종,98334
548,북무안,2012-04,2종,4184
548,북무안,2012-04,3종,5313
548,북무안,2012-04,4종,2301
548,북무안,2012-04,5종,2582
548,북무안,2012-04,6종,2322
549,동함평,2012-04,1종,156338
549,동함평,2012-04,2종,5111
549,동함평,2012-04,3종,5589
549,동함평,2012-04,4종,1789
549,동함평,2012-04,5종,4368
549,동함평,2012-04,6종,6101
550,문평,2012-04,1종,38300
550,문평,2012-04,2종,1387
550,문평,2012-04,3종,1155
550,문평,2012-04,4종,530
550,문평,2012-04,5종,4056
550,문평,2012-04,6종,1192
551,나주,2012-04,1종,63674
551,나주,2012-04,2종,2759
551,나주,2012-04,3종,2108
551,나주,2012-04,4종,884
551,나주,2012-04,5종,2020
551,나주,2012-04,6종,2333
552,서광산,2012-04,1종,34246
552,서광산,2012-04,2종,2519
552,서광산,2012-04,3종,1341
552,서광산,2012-04,4종,576
552,서광산,2012-04,5종,2060
552,서광산,2012-04,6종,962
553,동광산,2012-04,1종,743954
553,동광산,2012-04,2종,18805
553,동광산,2012-04,3종,28634
553,동광산,2012-04,4종,8833
553,동광산,2012-04,5종,21322
553,동광산,2012-04,6종,23330
554,동홍천,2012-04,1종,320241
554,동홍천,2012-04,2종,5603
554,동홍천,2012-04,3종,17835
554,동홍천,2012-04,4종,2333
554,동홍천,2012-04,5종,2677
554,동홍천,2012-04,6종,11925
555,북진천,2012-04,1종,224132
555,북진천,2012-04,2종,32115
555,북진천,2012-04,3종,28226
555,북진천,2012-04,4종,16785
555,북진천,2012-04,5종,19550
555,북진천,2012-04,6종,9428
556,동순천,2012-04,1종,183978
556,동순천,2012-04,2종,7333
556,동순천,2012-04,3종,19238
556,동순천,2012-04,4종,11672
556,동순천,2012-04,5종,55231
556,동순천,2012-04,6종,4572
557,황전,2012-04,1종,73403
557,황전,2012-04,2종,2005
557,황전,2012-04,3종,3004
557,황전,2012-04,4종,1271
557,황전,2012-04,5종,5711
557,황전,2012-04,6종,2560
558,구례화엄사,2012-04,1종,117252
558,구례화엄사,2012-04,2종,3054
558,구례화엄사,2012-04,3종,11577
558,구례화엄사,2012-04,4종,2037
558,구례화엄사,2012-04,5종,7901
558,구례화엄사,2012-04,6종,3001
559,서남원,2012-04,1종,45077
559,서남원,2012-04,2종,2494
559,서남원,2012-04,3종,3381
559,서남원,2012-04,4종,1811
559,서남원,2012-04,5종,5144
559,서남원,2012-04,6종,1326
560,감곡,2012-04,1종,304966
560,감곡,2012-04,2종,16367
560,감곡,2012-04,3종,21259
560,감곡,2012-04,4종,13631
560,감곡,2012-04,5종,34292
560,감곡,2012-04,6종,10029
561,북충주,2012-04,1종,53264
561,북충주,2012-04,2종,2100
561,북충주,2012-04,3종,1673
561,북충주,2012-04,4종,1073
561,북충주,2012-04,5종,1700
561,북충주,2012-04,6종,1492
562,충주,2012-04,1종,219131
562,충주,2012-04,2종,11248
562,충주,2012-04,3종,19958
562,충주,2012-04,4종,11339
562,충주,2012-04,5종,11671
562,충주,2012-04,6종,8231
563,괴산,2012-04,1종,57701
563,괴산,2012-04,2종,1932
563,괴산,2012-04,3종,3677
563,괴산,2012-04,4종,1800
563,괴산,2012-04,5종,4750
563,괴산,2012-04,6종,1877
564,연풍,2012-04,1종,41125
564,연풍,2012-04,2종,3894
564,연풍,2012-04,3종,7558
564,연풍,2012-04,4종,4944
564,연풍,2012-04,5종,6140
564,연풍,2012-04,6종,1119
565,문경새재,2012-04,1종,77586
565,문경새재,2012-04,2종,4321
565,문경새재,2012-04,3종,7152
565,문경새재,2012-04,4종,3945
565,문경새재,2012-04,5종,4520
565,문경새재,2012-04,6종,2398
566,점촌함창,2012-04,1종,124385
566,점촌함창,2012-04,2종,4844
566,점촌함창,2012-04,3종,10255
566,점촌함창,2012-04,4종,4055
566,점촌함창,2012-04,5종,6005
566,점촌함창,2012-04,6종,4118
567,남고창,2012-04,1종,89545
567,남고창,2012-04,2종,3609
567,남고창,2012-04,3종,2877
567,남고창,2012-04,4종,1445
567,남고창,2012-04,5종,4050
567,남고창,2012-04,6종,3476
568,장성물류,2012-04,1종,30641
568,장성물류,2012-04,2종,5861
568,장성물류,2012-04,3종,2076
568,장성물류,2012-04,4종,4818
568,장성물류,2012-04,5종,6110
568,장성물류,2012-04,6종,784
569,북광주,2012-04,1종,176803
569,북광주,2012-04,2종,10759
569,북광주,2012-04,3종,6568
569,북광주,2012-04,4종,8966
569,북광주,2012-04,5종,9732
569,북광주,2012-04,6종,5610
570,북상주,2012-04,1종,114644
570,북상주,2012-04,2종,6265
570,북상주,2012-04,3종,8377
570,북상주,2012-04,4종,4205
570,북상주,2012-04,5종,6712
570,북상주,2012-04,6종,4238
571,면천,2012-04,1종,87066
571,면천,2012-04,2종,3750
571,면천,2012-04,3종,3557
571,면천,2012-04,4종,3284
571,면천,2012-04,5종,5443
571,면천,2012-04,6종,3155
572,고덕,2012-04,1종,84495
572,고덕,2012-04,2종,3896
572,고덕,2012-04,3종,4775
572,고덕,2012-04,4종,2579
572,고덕,2012-04,5종,5793
572,고덕,2012-04,6종,2675
573,예산수덕사,2012-04,1종,257680
573,예산수덕사,2012-04,2종,11481
573,예산수덕사,2012-04,3종,12542
573,예산수덕사,2012-04,4종,8212
573,예산수덕사,2012-04,5종,11504
573,예산수덕사,2012-04,6종,8805
574,신양,2012-04,1종,86402
574,신양,2012-04,2종,3841
574,신양,2012-04,3종,3556
574,신양,2012-04,4종,2587
574,신양,2012-04,5종,4894
574,신양,2012-04,6종,2857
575,유구,2012-04,1종,93559
575,유구,2012-04,2종,6135
575,유구,2012-04,3종,4477
575,유구,2012-04,4종,6233
575,유구,2012-04,5종,8064
575,유구,2012-04,6종,3257
576,마곡사,2012-04,1종,36242
576,마곡사,2012-04,2종,1136
576,마곡사,2012-04,3종,1762
576,마곡사,2012-04,4종,733
576,마곡사,2012-04,5종,688
576,마곡사,2012-04,6종,1368
577,공주,2012-04,1종,162207
577,공주,2012-04,2종,5808
577,공주,2012-04,3종,7917
577,공주,2012-04,4종,2306
577,공주,2012-04,5종,4193
577,공주,2012-04,6종,6500
578,서세종,2012-04,1종,173937
578,서세종,2012-04,2종,12056
578,서세종,2012-04,3종,10516
578,서세종,2012-04,4종,6306
578,서세종,2012-04,5종,13153
578,서세종,2012-04,6종,7183
579,남세종,2012-04,1종,182273
579,남세종,2012-04,2종,6526
579,남세종,2012-04,3종,5211
579,남세종,2012-04,4종,3064
579,남세종,2012-04,5종,6993
579,남세종,2012-04,6종,7405
580,북강릉,2012-04,1종,141664
580,북강릉,2012-04,2종,4645
580,북강릉,2012-04,3종,9548
580,북강릉,2012-04,4종,1754
580,북강릉,2012-04,5종,3056
580,북강릉,2012-04,6종,6350
581,옥계,2012-04,1종,47939
581,옥계,2012-04,2종,2351
581,옥계,2012-04,3종,2632
581,옥계,2012-04,4종,3262
581,옥계,2012-04,5종,10179
581,옥계,2012-04,6종,2664
582,망상,2012-04,1종,85777
582,망상,2012-04,2종,3025
582,망상,2012-04,3종,14382
582,망상,2012-04,4종,1184
582,망상,2012-04,5종,1356
582,망상,2012-04,6종,5027
583,동해,2012-04,1종,263497
583,동해,2012-04,2종,10275
583,동해,2012-04,3종,14623
583,동해,2012-04,4종,7204
583,동해,2012-04,5종,18498
583,동해,2012-04,6종,12381
584,남강릉,2012-04,1종,89740
584,남강릉,2012-04,2종,5627
584,남강릉,2012-04,3종,9661
584,남강릉,2012-04,4종,2613
584,남강릉,2012-04,5종,2683
584,남강릉,2012-04,6종,5653
585,하조대,2012-04,1종,156123
585,하조대,2012-04,2종,6382
585,하조대,2012-04,3종,13446
585,하조대,2012-04,4종,3499
585,하조대,2012-04,5종,5210
585,하조대,2012-04,6종,6266
586,북남원,2012-04,1종,17509
586,북남원,2012-04,2종,770
586,북남원,2012-04,3종,593
586,북남원,2012-04,4종,193
586,북남원,2012-04,5종,2659
586,북남원,2012-04,6종,524
587,오수,2012-04,1종,128892
587,오수,2012-04,2종,5649
587,오수,2012-04,3종,9130
587,오수,2012-04,4종,3743
587,오수,2012-04,5종,8112
587,오수,2012-04,6종,3884
588,임실,2012-04,1종,41869
588,임실,2012-04,2종,2158
588,임실,2012-04,3종,2497
588,임실,2012-04,4종,1120
588,임실,2012-04,5종,3644
588,임실,2012-04,6종,1145
589,상관,2012-04,1종,124780
589,상관,2012-04,2종,6521
589,상관,2012-04,3종,8291
589,상관,2012-04,4종,4634
589,상관,2012-04,5종,27462
589,상관,2012-04,6종,3593
590,동전주,2012-04,1종,132813
590,동전주,2012-04,2종,3495
590,동전주,2012-04,3종,4232
590,동전주,2012-04,4종,1679
590,동전주,2012-04,5종,5020
590,동전주,2012-04,6종,4070
591,동서천,2012-04,1종,41709
591,동서천,2012-04,2종,2178
591,동서천,2012-04,3종,2224
591,동서천,2012-04,4종,2372
591,동서천,2012-04,5종,3697
591,동서천,2012-04,6종,1129
592,서부여,2012-04,1종,62393
592,서부여,2012-04,2종,3244
592,서부여,2012-04,3종,3423
592,서부여,2012-04,4종,1345
592,서부여,2012-04,5종,2071
592,서부여,2012-04,6종,2112
593,부여,2012-04,1종,55081
593,부여,2012-04,2종,2853
593,부여,2012-04,3종,3591
593,부여,2012-04,4종,1989
593,부여,2012-04,5종,2804
593,부여,2012-04,6종,1982
594,칠갑산,2012-04,1종,53392
594,칠갑산,2012-04,2종,2168
594,칠갑산,2012-04,3종,2857
594,칠갑산,2012-04,4종,1028
594,칠갑산,2012-04,5종,1042
594,칠갑산,2012-04,6종,1876
595,서공주,2012-04,1종,52386
595,서공주,2012-04,2종,3122
595,서공주,2012-04,3종,2796
595,서공주,2012-04,4종,2151
595,서공주,2012-04,5종,4229
595,서공주,2012-04,6종,1689
597,서여주,2012-04,1종,91124
597,서여주,2012-04,2종,4610
597,서여주,2012-04,3종,5549
597,서여주,2012-04,4종,3675
597,서여주,2012-04,5종,5316
597,서여주,2012-04,6종,3931
598,북여주,2012-04,1종,64157
598,북여주,2012-04,2종,3006
598,북여주,2012-04,3종,2880
598,북여주,2012-04,4종,1673
598,북여주,2012-04,5종,3064
598,북여주,2012-04,6종,2364
601,남천안,2012-04,1종,348214
601,남천안,2012-04,2종,30551
601,남천안,2012-04,3종,25958
601,남천안,2012-04,4종,23064
601,남천안,2012-04,5종,21359
601,남천안,2012-04,6종,12884
602,풍세상,2012-04,1종,1243092
602,풍세상,2012-04,2종,52020
602,풍세상,2012-04,3종,163860
602,풍세상,2012-04,4종,63916
602,풍세상,2012-04,5종,68444
602,풍세상,2012-04,6종,47026
603,정안,2012-04,1종,118447
603,정안,2012-04,2종,11075
603,정안,2012-04,3종,18577
603,정안,2012-04,4종,10732
603,정안,2012-04,5종,7755
603,정안,2012-04,6종,3624
604,남공주,2012-04,1종,67549
604,남공주,2012-04,2종,4068
604,남공주,2012-04,3종,5500
604,남공주,2012-04,4종,1914
604,남공주,2012-04,5종,3443
604,남공주,2012-04,6종,2255
605,탄천,2012-04,1종,23111
605,탄천,2012-04,2종,1663
605,탄천,2012-04,3종,1045
605,탄천,2012-04,4종,917
605,탄천,2012-04,5종,2178
605,탄천,2012-04,6종,802
606,서논산,2012-04,1종,128963
606,서논산,2012-04,2종,8101
606,서논산,2012-04,3종,11127
606,서논산,2012-04,4종,6457
606,서논산,2012-04,5종,9689
606,서논산,2012-04,6종,4548
607,연무,2012-04,1종,59248
607,연무,2012-04,2종,2691
607,연무,2012-04,3종,3034
607,연무,2012-04,4종,1074
607,연무,2012-04,5종,1789
607,연무,2012-04,6종,1841
608,남논산하,2012-04,1종,770580
608,남논산하,2012-04,2종,30734
608,남논산하,2012-04,3종,118070
608,남논산하,2012-04,4종,35494
608,남논산하,2012-04,5종,54476
608,남논산하,2012-04,6종,26172
612,풍세하,2012-04,1종,1242016
612,풍세하,2012-04,2종,48402
612,풍세하,2012-04,3종,164702
612,풍세하,2012-04,4종,48044
612,풍세하,2012-04,5종,54044
612,풍세하,2012-04,6종,46642
618,남논산상,2012-04,1종,770058
618,남논산상,2012-04,2종,31908
618,남논산상,2012-04,3종,114404
618,남논산상,2012-04,4종,40344
618,남논산상,2012-04,5종,64848
618,남논산상,2012-04,6종,25912
621,동대구,2012-04,1종,786091
621,동대구,2012-04,2종,36902
621,동대구,2012-04,3종,40532
621,동대구,2012-04,4종,22153
621,동대구,2012-04,5종,23785
621,동대구,2012-04,6종,38081
622,대구,2012-04,1종,989419
622,대구,2012-04,2종,50999
622,대구,2012-04,3종,61715
622,대구,2012-04,4종,44648
622,대구,2012-04,5종,91175
622,대구,2012-04,6종,49301
623,수성,2012-04,1종,684651
623,수성,2012-04,2종,20629
623,수성,2012-04,3종,14455
623,수성,2012-04,4종,7392
623,수성,2012-04,5종,8211
623,수성,2012-04,6종,30814
624,청도,2012-04,1종,179409
624,청도,2012-04,2종,7920
624,청도,2012-04,3종,5158
624,청도,2012-04,4종,3363
624,청도,2012-04,5종,5205
624,청도,2012-04,6종,8298
625,밀양,2012-04,1종,228690
625,밀양,2012-04,2종,15274
625,밀양,2012-04,3종,9414
625,밀양,2012-04,4종,7738
625,밀양,2012-04,5종,10413
625,밀양,2012-04,6종,10333
626,남밀양,2012-04,1종,304711
626,남밀양,2012-04,2종,21428
626,남밀양,2012-04,3종,14105
626,남밀양,2012-04,4종,11965
626,남밀양,2012-04,5종,14341
626,남밀양,2012-04,6종,16803
627,삼랑진,2012-04,1종,199714
627,삼랑진,2012-04,2종,10189
627,삼랑진,2012-04,3종,5882
627,삼랑진,2012-04,4종,4252
627,삼랑진,2012-04,5종,7621
627,삼랑진,2012-04,6종,11710
628,상동,2012-04,1종,238207
628,상동,2012-04,2종,29922
628,상동,2012-04,3종,13026
628,상동,2012-04,4종,17738
628,상동,2012-04,5종,26746
628,상동,2012-04,6종,14407
629,김해부산,2012-04,1종,1032102
629,김해부산,2012-04,2종,72434
629,김해부산,2012-04,3종,67487
629,김해부산,2012-04,4종,58205
629,김해부산,2012-04,5종,106478
629,김해부산,2012-04,6종,56930
641,울산,2012-04,1종,1071068
641,울산,2012-04,2종,59833
641,울산,2012-04,3종,75059
641,울산,2012-04,4종,45793
641,울산,2012-04,5종,121412
641,울산,2012-04,6종,53073
642,문수,2012-04,1종,104802
642,문수,2012-04,2종,4949
642,문수,2012-04,3종,4576
642,문수,2012-04,4종,4431
642,문수,2012-04,5종,6656
642,문수,2012-04,6종,5948
643,청량,2012-04,1종,457101
643,청량,2012-04,2종,13905
643,청량,2012-04,3종,13069
643,청량,2012-04,4종,18783
643,청량,2012-04,5종,79642
643,청량,2012-04,6종,27472
644,온양,2012-04,1종,170132
644,온양,2012-04,2종,4154
644,온양,2012-04,3종,2328
644,온양,2012-04,4종,2863
644,온양,2012-04,5종,11167
644,온양,2012-04,6종,11204
645,장안,2012-04,1종,215845
645,장안,2012-04,2종,7314
645,장안,2012-04,3종,4520
645,장안,2012-04,4종,5304
645,장안,2012-04,5종,15980
645,장안,2012-04,6종,12034
646,기장일광,2012-04,1종,221837
646,기장일광,2012-04,2종,3626
646,기장일광,2012-04,3종,3832
646,기장일광,2012-04,4종,1951
646,기장일광,2012-04,5종,5795
646,기장일광,2012-04,6종,13452
647,해운대송정,2012-04,1종,79976
647,해운대송정,2012-04,2종,1011
647,해운대송정,2012-04,3종,794
647,해운대송정,2012-04,4종,307
647,해운대송정,2012-04,5종,774
647,해운대송정,2012-04,6종,4429
648,해운대,2012-04,1종,626917
648,해운대,2012-04,2종,8974
648,해운대,2012-04,3종,8627
648,해운대,2012-04,4종,6342
648,해운대,2012-04,5종,36272
648,해운대,2012-04,6종,36174
651,남양주,2012-04,1종,1458638
651,남양주,2012-04,2종,45841
651,남양주,2012-04,3종,68997
651,남양주,2012-04,4종,15170
651,남양주,2012-04,5종,13908
651,남양주,2012-04,6종,78677
652,화도,2012-04,1종,741215
652,화도,2012-04,2종,37483
652,화도,2012-04,3종,34649
652,화도,2012-04,4종,11739
652,화도,2012-04,5종,9839
652,화도,2012-04,6종,51783
653,서종,2012-04,1종,155941
653,서종,2012-04,2종,1748
653,서종,2012-04,3종,1001
653,서종,2012-04,4종,950
653,서종,2012-04,5종,1379
653,서종,2012-04,6종,8188
654,설악,2012-04,1종,197618
654,설악,2012-04,2종,3268
654,설악,2012-04,3종,5155
654,설악,2012-04,4종,1457
654,설악,2012-04,5종,1490
654,설악,2012-04,6종,8817
655,강촌,2012-04,1종,120878
655,강촌,2012-04,2종,2166
655,강촌,2012-04,3종,3595
655,강촌,2012-04,4종,1414
655,강촌,2012-04,5종,1084
655,강촌,2012-04,6종,4762
656,남춘천,2012-04,1종,95727
656,남춘천,2012-04,2종,1738
656,남춘천,2012-04,3종,9654
656,남춘천,2012-04,4종,1181
656,남춘천,2012-04,5종,1837
656,남춘천,2012-04,6종,3899
657,동산,2012-04,1종,563144
657,동산,2012-04,2종,11670
657,동산,2012-04,3종,25892
657,동산,2012-04,4종,6212
657,동산,2012-04,5종,7208
657,동산,2012-04,6종,27542
658,조양,2012-04,1종,23424
658,조양,2012-04,2종,726
658,조양,2012-04,3종,487
658,조양,2012-04,4종,549
658,조양,2012-04,5종,401
658,조양,2012-04,6종,886
671,봉담,2012-04,1종,1061416
671,봉담,2012-04,2종,57162
671,봉담,2012-04,3종,42915
671,봉담,2012-04,4종,18445
671,봉담,2012-04,5종,29605
671,봉담,2012-04,6종,77368
672,정남,2012-04,1종,310309
672,정남,2012-04,2종,21135
672,정남,2012-04,3종,13336
672,정남,2012-04,4종,5503
672,정남,2012-04,5종,4796
672,정남,2012-04,6종,23164
673,북오산,2012-04,1종,689208
673,북오산,2012-04,2종,27074
673,북오산,2012-04,3종,25033
673,북오산,2012-04,4종,11200
673,북오산,2012-04,5종,11061
673,북오산,2012-04,6종,48027
674,,2012-04,1종,764174
674,,2012-04,2종,42867
674,,2012-04,3종,59767
674,,2012-04,4종,19478
674,,2012-04,5종,27092
674,,2012-04,6종,51059
675,서오산,2012-04,1종,203804
675,서오산,2012-04,2종,8307
675,서오산,2012-04,3종,4893
675,서오산,2012-04,4종,3265
675,서오산,2012-04,5종,4298
675,서오산,2012-04,6종,14728
676,향남,2012-04,1종,434481
676,향남,2012-04,2종,30291
676,향남,2012-04,3종,16563
676,향남,2012-04,4종,13468
676,향남,2012-04,5종,12623
676,향남,2012-04,6종,34150
677,북평택,2012-04,1종,730219
677,북평택,2012-04,2종,35432
677,북평택,2012-04,3종,43827
677,북평택,2012-04,4종,14607
677,북평택,2012-04,5종,26764
677,북평택,2012-04,6종,42946
981,서영암,2012-04,1종,25821
981,서영암,2012-04,2종,542
981,서영암,2012-04,3종,1390
981,서영암,2012-04,4종,480
981,서영암,2012-04,5종,1655
981,서영암,2012-04,6종,519
982,강진무위사,2012-04,1종,12471
982,강진무위사,2012-04,2종,381
982,강진무위사,2012-04,3종,1109
982,강진무위사,2012-04,4종,216
982,강진무위사,2012-04,5종,513
982,강진무위사,2012-04,6종,268
983,장흥,2012-04,1종,11767
983,장흥,2012-04,2종,219
983,장흥,2012-04,3종,551
983,장흥,2012-04,4종,79
983,장흥,2012-04,5종,323
983,장흥,2012-04,6종,258
984,보성,2012-04,1종,10572
984,보성,2012-04,2종,334
984,보성,2012-04,3종,619
984,보성,2012-04,4종,239
984,보성,2012-04,5종,803
984,보성,2012-04,6종,223
985,벌교,2012-04,1종,14529
985,벌교,2012-04,2종,456
985,벌교,2012-04,3종,1049
985,벌교,2012-04,4종,334
985,벌교,2012-04,5종,702
985,벌교,2012-04,6종,304
987,남순천,2012-04,1종,36610
987,남순천,2012-04,2종,784
987,남순천,2012-04,3종,2446
987,남순천,2012-04,4종,907
987,남순천,2012-04,5종,3062
987,남순천,2012-04,6종,731
11,인천,2012-05,1종,3715754
11,인천,2012-05,2종,139417
11,인천,2012-05,3종,92960
11,인천,2012-05,4종,63970
11,인천,2012-05,5종,129374
11,인천,2012-05,6종,328826
12,서영암(개),2012-05,1종,17227
12,서영암(개),2012-05,2종,414
12,서영암(개),2012-05,3종,577
12,서영암(개),2012-05,4종,265
12,서영암(개),2012-05,5종,394
12,서영암(개),2012-05,6종,858
13,순천만,2012-05,1종,104550
13,순천만,2012-05,2종,4306
13,순천만,2012-05,3종,8145
13,순천만,2012-05,4종,5945
13,순천만,2012-05,5종,14716
13,순천만,2012-05,6종,3924
53,남인천,2012-05,1종,1782892
53,남인천,2012-05,2종,51875
53,남인천,2012-05,3종,61412
53,남인천,2012-05,4종,22847
53,남인천,2012-05,5종,62097
53,남인천,2012-05,6종,146395
56,일로,2012-05,1종,40027
56,일로,2012-05,2종,1472
56,일로,2012-05,3종,902
56,일로,2012-05,4종,549
56,일로,2012-05,5종,1543
56,일로,2012-05,6종,2013
61,성남,2012-05,1종,3911132
61,성남,2012-05,2종,175465
61,성남,2012-05,3종,168508
61,성남,2012-05,4종,72268
61,성남,2012-05,5종,73455
61,성남,2012-05,6종,256537
62,구리남양주,2012-05,1종,5039021
62,구리남양주,2012-05,2종,251128
62,구리남양주,2012-05,3종,193051
62,구리남양주,2012-05,4종,106806
62,구리남양주,2012-05,5종,96266
62,구리남양주,2012-05,6종,342964
63,토평,2012-05,1종,540165
63,토평,2012-05,2종,20295
63,토평,2012-05,3종,9352
63,토평,2012-05,4종,6861
63,토평,2012-05,5종,15336
63,토평,2012-05,6종,38987
64,청계,2012-05,1종,4589940
64,청계,2012-05,2종,177717
64,청계,2012-05,3종,174714
64,청계,2012-05,4종,47566
64,청계,2012-05,5종,79186
64,청계,2012-05,6종,329598
65,판교,2012-05,1종,2917736
65,판교,2012-05,2종,54052
65,판교,2012-05,3종,195303
65,판교,2012-05,4종,19851
65,판교,2012-05,5종,10744
65,판교,2012-05,6종,159359
66,하남,2012-05,1종,855009
66,하남,2012-05,2종,29233
66,하남,2012-05,3종,18321
66,하남,2012-05,4종,8113
66,하남,2012-05,5종,7700
66,하남,2012-05,6종,58955
67,시흥,2012-05,1종,3971020
67,시흥,2012-05,2종,166019
67,시흥,2012-05,3종,137936
67,시흥,2012-05,4종,70852
67,시흥,2012-05,5종,85938
67,시흥,2012-05,6종,288664
68,김포,2012-05,1종,4772331
68,김포,2012-05,2종,213125
68,김포,2012-05,3종,143404
68,김포,2012-05,4종,74836
68,김포,2012-05,5종,121720
68,김포,2012-05,6종,359907
69,대왕판교,2012-05,1종,173901
69,대왕판교,2012-05,2종,992
69,대왕판교,2012-05,3종,417
69,대왕판교,2012-05,4종,36
69,대왕판교,2012-05,5종,18
69,대왕판교,2012-05,6종,9687
74,덕소삼패,2012-05,1종,293802
74,덕소삼패,2012-05,2종,9393
74,덕소삼패,2012-05,3종,4481
74,덕소삼패,2012-05,4종,5303
74,덕소삼패,2012-05,5종,9897
74,덕소삼패,2012-05,6종,19758
91,대동(개),2012-05,1종,160313
91,대동(개),2012-05,2종,11939
91,대동(개),2012-05,3종,5407
91,대동(개),2012-05,4종,19019
91,대동(개),2012-05,5종,30869
91,대동(개),2012-05,6종,10572
92,내서,2012-05,1종,249777
92,내서,2012-05,2종,10880
92,내서,2012-05,3종,12463
92,내서,2012-05,4종,3605
92,내서,2012-05,5종,6547
92,내서,2012-05,6종,22052
101,서울,2012-05,1종,5363832
101,서울,2012-05,2종,211857
101,서울,2012-05,3종,618647
101,서울,2012-05,4종,92999
101,서울,2012-05,5종,57564
101,서울,2012-05,6종,242420
102,동수원,2012-05,1종,1843728
102,동수원,2012-05,2종,41963
102,동수원,2012-05,3종,79944
102,동수원,2012-05,4종,21781
102,동수원,2012-05,5종,27025
102,동수원,2012-05,6종,105462
103,수원신갈,2012-05,1종,2485427
103,수원신갈,2012-05,2종,108686
103,수원신갈,2012-05,3종,171711
103,수원신갈,2012-05,4종,34958
103,수원신갈,2012-05,5종,28301
103,수원신갈,2012-05,6종,136117
104,지곡,2012-05,1종,38127
104,지곡,2012-05,2종,2218
104,지곡,2012-05,3종,2453
104,지곡,2012-05,4종,1555
104,지곡,2012-05,5종,2718
104,지곡,2012-05,6종,1549
105,기흥,2012-05,1종,407191
105,기흥,2012-05,2종,32906
105,기흥,2012-05,3종,18409
105,기흥,2012-05,4종,10272
105,기흥,2012-05,5종,10040
105,기흥,2012-05,6종,19162
106,오산,2012-05,1종,1129948
106,오산,2012-05,2종,79264
106,오산,2012-05,3종,80876
106,오산,2012-05,4종,34502
106,오산,2012-05,5종,28228
106,오산,2012-05,6종,66993
107,안성,2012-05,1종,875670
107,안성,2012-05,2종,48011
107,안성,2012-05,3종,64625
107,안성,2012-05,4종,21229
107,안성,2012-05,5종,17221
107,안성,2012-05,6종,51440
108,천안,2012-05,1종,1459071
108,천안,2012-05,2종,67417
108,천안,2012-05,3종,118009
108,천안,2012-05,4종,51925
108,천안,2012-05,5종,49592
108,천안,2012-05,6종,68433
109,계룡,2012-05,1종,150752
109,계룡,2012-05,2종,10826
109,계룡,2012-05,3종,11232
109,계룡,2012-05,4종,7030
109,계룡,2012-05,5종,5806
109,계룡,2012-05,6종,9249
110,독립기념관,2012-05,1종,347605
110,독립기념관,2012-05,2종,26732
110,독립기념관,2012-05,3종,30318
110,독립기념관,2012-05,4종,29501
110,독립기념관,2012-05,5종,21106
110,독립기념관,2012-05,6종,13673
111,청주,2012-05,1종,474592
111,청주,2012-05,2종,22462
111,청주,2012-05,3종,48969
111,청주,2012-05,4종,14081
111,청주,2012-05,5종,19839
111,청주,2012-05,6종,22971
112,남청주,2012-05,1종,521533
112,남청주,2012-05,2종,50913
112,남청주,2012-05,3종,43378
112,남청주,2012-05,4종,47784
112,남청주,2012-05,5종,45414
112,남청주,2012-05,6종,23224
113,신탄진,2012-05,1종,764011
113,신탄진,2012-05,2종,53487
113,신탄진,2012-05,3종,33823
113,신탄진,2012-05,4종,51907
113,신탄진,2012-05,5종,49457
113,신탄진,2012-05,6종,38174
114,남대전,2012-05,1종,289285
114,남대전,2012-05,2종,14575
114,남대전,2012-05,3종,8686
114,남대전,2012-05,4종,5491
114,남대전,2012-05,5종,7091
114,남대전,2012-05,6종,14538
115,대전,2012-05,1종,1311120
115,대전,2012-05,2종,46150
115,대전,2012-05,3종,86352
115,대전,2012-05,4종,16620
115,대전,2012-05,5종,16221
115,대전,2012-05,6종,67422
116,옥천,2012-05,1종,375166
116,옥천,2012-05,2종,26590
116,옥천,2012-05,3종,19175
116,옥천,2012-05,4종,35093
116,옥천,2012-05,5종,15622
116,옥천,2012-05,6종,20065
117,금강,2012-05,1종,52560
117,금강,2012-05,2종,1724
117,금강,2012-05,3종,840
117,금강,2012-05,4종,2885
117,금강,2012-05,5종,826
117,금강,2012-05,6종,2794
118,영동,2012-05,1종,91746
118,영동,2012-05,2종,6399
118,영동,2012-05,3종,4266
118,영동,2012-05,4종,3010
118,영동,2012-05,5종,6197
118,영동,2012-05,6종,4268
119,판암,2012-05,1종,464465
119,판암,2012-05,2종,17666
119,판암,2012-05,3종,9615
119,판암,2012-05,4종,8068
119,판암,2012-05,5종,9192
119,판암,2012-05,6종,26767
120,황간,2012-05,1종,77195
120,황간,2012-05,2종,3252
120,황간,2012-05,3종,4180
120,황간,2012-05,4종,4359
120,황간,2012-05,5종,4379
120,황간,2012-05,6종,2849
121,추풍령,2012-05,1종,42399
121,추풍령,2012-05,2종,1845
121,추풍령,2012-05,3종,2105
121,추풍령,2012-05,4종,1274
121,추풍령,2012-05,5종,1831
121,추풍령,2012-05,6종,1908
122,김천,2012-05,1종,263531
122,김천,2012-05,2종,13682
122,김천,2012-05,3종,14749
122,김천,2012-05,4종,12890
122,김천,2012-05,5종,14752
122,김천,2012-05,6종,11288
123,구미,2012-05,1종,746461
123,구미,2012-05,2종,22970
123,구미,2012-05,3종,37319
123,구미,2012-05,4종,17680
123,구미,2012-05,5종,13620
123,구미,2012-05,6종,38168
124,상주,2012-05,1종,153683
124,상주,2012-05,2종,12726
124,상주,2012-05,3종,10577
124,상주,2012-05,4종,13948
124,상주,2012-05,5종,11358
124,상주,2012-05,6종,5344
125,남구미,2012-05,1종,509960
125,남구미,2012-05,2종,26058
125,남구미,2012-05,3종,33264
125,남구미,2012-05,4종,20883
125,남구미,2012-05,5종,42919
125,남구미,2012-05,6종,27954
126,왜관,2012-05,1종,619844
126,왜관,2012-05,2종,51290
126,왜관,2012-05,3종,32987
126,왜관,2012-05,4종,23750
126,왜관,2012-05,5종,35426
126,왜관,2012-05,6종,28808
127,서대구,2012-05,1종,1920224
127,서대구,2012-05,2종,110925
127,서대구,2012-05,3종,107308
127,서대구,2012-05,4종,51821
127,서대구,2012-05,5종,60259
127,서대구,2012-05,6종,87185
129,북대구,2012-05,1종,1758017
129,북대구,2012-05,2종,72066
129,북대구,2012-05,3종,57254
129,북대구,2012-05,4종,23737
129,북대구,2012-05,5종,30595
129,북대구,2012-05,6종,76834
131,경산,2012-05,1종,843696
131,경산,2012-05,2종,86817
131,경산,2012-05,3종,52501
131,경산,2012-05,4종,42840
131,경산,2012-05,5종,40023
131,경산,2012-05,6종,47370
132,영천,2012-05,1종,381410
132,영천,2012-05,2종,30382
132,영천,2012-05,3종,25971
132,영천,2012-05,4종,20395
132,영천,2012-05,5종,50050
132,영천,2012-05,6종,14516
133,서경주,2012-05,1종,163017
133,서경주,2012-05,2종,9220
133,서경주,2012-05,3종,11420
133,서경주,2012-05,4종,8096
133,서경주,2012-05,5종,27384
133,서경주,2012-05,6종,5442
134,선산,2012-05,1종,100956
134,선산,2012-05,2종,7349
134,선산,2012-05,3종,5554
134,선산,2012-05,4종,7160
134,선산,2012-05,5종,6634
134,선산,2012-05,6종,3884
135,경주,2012-05,1종,878320
135,경주,2012-05,2종,49898
135,경주,2012-05,3종,88935
135,경주,2012-05,4종,38058
135,경주,2012-05,5종,103696
135,경주,2012-05,6종,32561
137,통도사,2012-05,1종,322298
137,통도사,2012-05,2종,24213
137,통도사,2012-05,3종,17415
137,통도사,2012-05,4종,12280
137,통도사,2012-05,5종,17989
137,통도사,2012-05,6종,15491
138,양산,2012-05,1종,687983
138,양산,2012-05,2종,89114
138,양산,2012-05,3종,43438
138,양산,2012-05,4종,49169
138,양산,2012-05,5종,62660
138,양산,2012-05,6종,39633
139,서울산,2012-05,1종,444961
139,서울산,2012-05,2종,28728
139,서울산,2012-05,3종,32068
139,서울산,2012-05,4종,12186
139,서울산,2012-05,5종,24331
139,서울산,2012-05,6종,22831
140,부산,2012-05,1종,1552922
140,부산,2012-05,2종,72751
140,부산,2012-05,3종,54568
140,부산,2012-05,4종,37674
140,부산,2012-05,5종,73271
140,부산,2012-05,6종,89668
142,군북,2012-05,1종,343586
142,군북,2012-05,2종,13696
142,군북,2012-05,3종,16129
142,군북,2012-05,4종,11102
142,군북,2012-05,5종,17463
142,군북,2012-05,6종,19331
143,장지,2012-05,1종,112847
143,장지,2012-05,2종,7080
143,장지,2012-05,3종,4867
143,장지,2012-05,4종,4580
143,장지,2012-05,5종,18016
143,장지,2012-05,6종,6192
144,함안,2012-05,1종,265488
144,함안,2012-05,2종,16084
144,함안,2012-05,3종,9973
144,함안,2012-05,4종,9728
144,함안,2012-05,5종,17719
144,함안,2012-05,6종,16727
145,산인,2012-05,1종,745822
145,산인,2012-05,2종,21588
145,산인,2012-05,3종,37540
145,산인,2012-05,4종,14509
145,산인,2012-05,5종,26673
145,산인,2012-05,6종,42034
146,동창원,2012-05,1종,608033
146,동창원,2012-05,2종,36943
146,동창원,2012-05,3종,21944
146,동창원,2012-05,4종,17496
146,동창원,2012-05,5종,32824
146,동창원,2012-05,6종,40304
147,진례,2012-05,1종,473512
147,진례,2012-05,2종,41896
147,진례,2012-05,3종,21257
147,진례,2012-05,4종,17220
147,진례,2012-05,5종,23387
147,진례,2012-05,6종,32428
148,서김해,2012-05,1종,652093
148,서김해,2012-05,2종,25881
148,서김해,2012-05,3종,18524
148,서김해,2012-05,4종,10126
148,서김해,2012-05,5종,16953
148,서김해,2012-05,6종,45856
149,동김해,2012-05,1종,1172499
149,동김해,2012-05,2종,40693
149,동김해,2012-05,3종,27855
149,동김해,2012-05,4종,12109
149,동김해,2012-05,5종,15785
149,동김해,2012-05,6종,95015
150,북부산,2012-05,1종,2457678
150,북부산,2012-05,2종,84462
150,북부산,2012-05,3종,87704
150,북부산,2012-05,4종,42054
150,북부산,2012-05,5종,100095
150,북부산,2012-05,6종,161306
151,북대전,2012-05,1종,688881
151,북대전,2012-05,2종,19938
151,북대전,2012-05,3종,32512
151,북대전,2012-05,4종,18614
151,북대전,2012-05,5종,16725
151,북대전,2012-05,6종,37483
152,유성,2012-05,1종,1033360
152,유성,2012-05,2종,29061
152,유성,2012-05,3종,40020
152,유성,2012-05,4종,17851
152,유성,2012-05,5종,14374
152,유성,2012-05,6종,45813
153,서대전,2012-05,1종,632758
153,서대전,2012-05,2종,23312
153,서대전,2012-05,3종,18133
153,서대전,2012-05,4종,16484
153,서대전,2012-05,5종,15009
153,서대전,2012-05,6종,34667
154,안영,2012-05,1종,455578
154,안영,2012-05,2종,17926
154,안영,2012-05,3종,13016
154,안영,2012-05,4종,8781
154,안영,2012-05,5종,9277
154,안영,2012-05,6종,21832
155,논산,2012-05,1종,216322
155,논산,2012-05,2종,19838
155,논산,2012-05,3종,18419
155,논산,2012-05,4종,12620
155,논산,2012-05,5종,13108
155,논산,2012-05,6종,8146
156,익산,2012-05,1종,284061
156,익산,2012-05,2종,24597
156,익산,2012-05,3종,31555
156,익산,2012-05,4종,19177
156,익산,2012-05,5종,28199
156,익산,2012-05,6종,8831
157,삼례,2012-05,1종,112501
157,삼례,2012-05,2종,9432
157,삼례,2012-05,3종,7582
157,삼례,2012-05,4종,5315
157,삼례,2012-05,5종,11257
157,삼례,2012-05,6종,3308
158,전주,2012-05,1종,438807
158,전주,2012-05,2종,24369
158,전주,2012-05,3종,50804
158,전주,2012-05,4종,19159
158,전주,2012-05,5종,42469
158,전주,2012-05,6종,13950
159,서전주,2012-05,1종,232521
159,서전주,2012-05,2종,14295
159,서전주,2012-05,3종,12575
159,서전주,2012-05,4종,6628
159,서전주,2012-05,5종,8350
159,서전주,2012-05,6종,6726
160,김제,2012-05,1종,107790
160,김제,2012-05,2종,8092
160,김제,2012-05,3종,6264
160,김제,2012-05,4종,3487
160,김제,2012-05,5종,6221
160,김제,2012-05,6종,3391
161,금산사,2012-05,1종,40356
161,금산사,2012-05,2종,3422
161,금산사,2012-05,3종,2391
161,금산사,2012-05,4종,895
161,금산사,2012-05,5종,2140
161,금산사,2012-05,6종,1358
162,태인,2012-05,1종,77633
162,태인,2012-05,2종,6698
162,태인,2012-05,3종,6672
162,태인,2012-05,4종,3372
162,태인,2012-05,5종,5489
162,태인,2012-05,6종,2160
163,정읍,2012-05,1종,250867
163,정읍,2012-05,2종,21428
163,정읍,2012-05,3종,23091
163,정읍,2012-05,4종,9599
163,정읍,2012-05,5종,13414
163,정읍,2012-05,6종,7835
164,무주,2012-05,1종,155669
164,무주,2012-05,2종,4747
164,무주,2012-05,3종,6211
164,무주,2012-05,4종,2540
164,무주,2012-05,5종,3048
164,무주,2012-05,6종,5686
165,백양사,2012-05,1종,79194
165,백양사,2012-05,2종,2966
165,백양사,2012-05,3종,4512
165,백양사,2012-05,4종,2049
165,백양사,2012-05,5종,11459
165,백양사,2012-05,6종,2178
166,장성,2012-05,1종,138152
166,장성,2012-05,2종,11152
166,장성,2012-05,3종,9631
166,장성,2012-05,4종,6713
166,장성,2012-05,5종,12661
166,장성,2012-05,6종,4352
167,광주,2012-05,1종,1002836
167,광주,2012-05,2종,52951
167,광주,2012-05,3종,87632
167,광주,2012-05,4종,46312
167,광주,2012-05,5종,36398
167,광주,2012-05,6종,28840
168,덕유산,2012-05,1종,61337
168,덕유산,2012-05,2종,1958
168,덕유산,2012-05,3종,1572
168,덕유산,2012-05,4종,939
168,덕유산,2012-05,5종,1680
168,덕유산,2012-05,6종,2025
169,장수,2012-05,1종,108882
169,장수,2012-05,2종,4868
169,장수,2012-05,3종,5005
169,장수,2012-05,4종,2055
169,장수,2012-05,5종,4029
169,장수,2012-05,6종,3875
170,서상,2012-05,1종,50689
170,서상,2012-05,2종,2945
170,서상,2012-05,3종,4838
170,서상,2012-05,4종,3537
170,서상,2012-05,5종,3645
170,서상,2012-05,6종,1901
171,마성,2012-05,1종,438249
171,마성,2012-05,2종,7461
171,마성,2012-05,3종,34517
171,마성,2012-05,4종,1862
171,마성,2012-05,5종,3225
171,마성,2012-05,6종,22232
172,용인,2012-05,1종,829322
172,용인,2012-05,2종,68640
172,용인,2012-05,3종,38734
172,용인,2012-05,4종,25080
172,용인,2012-05,5종,14900
172,용인,2012-05,6종,54530
173,양지,2012-05,1종,803744
173,양지,2012-05,2종,99671
173,양지,2012-05,3종,60152
173,양지,2012-05,4종,48587
173,양지,2012-05,5종,42495
173,양지,2012-05,6종,42551
174,춘천,2012-05,1종,736807
174,춘천,2012-05,2종,23927
174,춘천,2012-05,3종,30712
174,춘천,2012-05,4종,10559
174,춘천,2012-05,5종,10762
174,춘천,2012-05,6종,42771
175,덕평,2012-05,1종,238490
175,덕평,2012-05,2종,39742
175,덕평,2012-05,3종,22572
175,덕평,2012-05,4종,15081
175,덕평,2012-05,5종,9672
175,덕평,2012-05,6종,13165
176,이천,2012-05,1종,595919
176,이천,2012-05,2종,43692
176,이천,2012-05,3종,47841
176,이천,2012-05,4종,38087
176,이천,2012-05,5종,39007
176,이천,2012-05,6종,27539
177,여주,2012-05,1종,515463
177,여주,2012-05,2종,28860
177,여주,2012-05,3종,54330
177,여주,2012-05,4종,24375
177,여주,2012-05,5종,15191
177,여주,2012-05,6종,19791
178,문막,2012-05,1종,363299
178,문막,2012-05,2종,27498
178,문막,2012-05,3종,35505
178,문막,2012-05,4종,12441
178,문막,2012-05,5종,18821
178,문막,2012-05,6종,14744
179,홍천,2012-05,1종,301492
179,홍천,2012-05,2종,12085
179,홍천,2012-05,3종,15822
179,홍천,2012-05,4종,9124
179,홍천,2012-05,5종,8082
179,홍천,2012-05,6종,18994
180,원주,2012-05,1종,249245
180,원주,2012-05,2종,16855
180,원주,2012-05,3종,18478
180,원주,2012-05,4종,8354
180,원주,2012-05,5종,9947
180,원주,2012-05,6종,12369
181,새말,2012-05,1종,217559
181,새말,2012-05,2종,9474
181,새말,2012-05,3종,11895
181,새말,2012-05,4종,4001
181,새말,2012-05,5종,6077
181,새말,2012-05,6종,8137
182,둔내,2012-05,1종,107979
182,둔내,2012-05,2종,3892
182,둔내,2012-05,3종,7141
182,둔내,2012-05,4종,1915
182,둔내,2012-05,5종,1162
182,둔내,2012-05,6종,4200
183,면온,2012-05,1종,77191
183,면온,2012-05,2종,1369
183,면온,2012-05,3종,3241
183,면온,2012-05,4종,951
183,면온,2012-05,5종,1302
183,면온,2012-05,6종,2698
184,대관령,2012-05,1종,212285
184,대관령,2012-05,2종,5916
184,대관령,2012-05,3종,19369
184,대관령,2012-05,4종,1479
184,대관령,2012-05,5종,2396
184,대관령,2012-05,6종,8431
185,평창,2012-05,1종,134922
185,평창,2012-05,2종,5188
185,평창,2012-05,3종,13417
185,평창,2012-05,4종,1903
185,평창,2012-05,5종,2643
185,평창,2012-05,6종,5569
186,속사,2012-05,1종,41190
186,속사,2012-05,2종,1324
186,속사,2012-05,3종,1694
186,속사,2012-05,4종,739
186,속사,2012-05,5종,1032
186,속사,2012-05,6종,1343
187,진부,2012-05,1종,146875
187,진부,2012-05,2종,5050
187,진부,2012-05,3종,13365
187,진부,2012-05,4종,1861
187,진부,2012-05,5종,1823
187,진부,2012-05,6종,6139
189,강릉,2012-05,1종,466259
189,강릉,2012-05,2종,16461
189,강릉,2012-05,3종,44116
189,강릉,2012-05,4종,8609
189,강릉,2012-05,5종,10072
189,강릉,2012-05,6종,22998
190,동서울,2012-05,1종,3497435
190,동서울,2012-05,2종,208408
190,동서울,2012-05,3종,240448
190,동서울,2012-05,4종,95941
190,동서울,2012-05,5종,65044
190,동서울,2012-05,6종,150834
191,경기광주,2012-05,1종,829376
191,경기광주,2012-05,2종,50341
191,경기광주,2012-05,3종,36413
191,경기광주,2012-05,4종,11290
191,경기광주,2012-05,5종,7368
191,경기광주,2012-05,6종,52563
192,곤지암,2012-05,1종,804348
192,곤지암,2012-05,2종,73711
192,곤지암,2012-05,3종,40265
192,곤지암,2012-05,4종,29839
192,곤지암,2012-05,5종,21853
192,곤지암,2012-05,6종,40513
193,일죽,2012-05,1종,505266
193,일죽,2012-05,2종,46373
193,일죽,2012-05,3종,36441
193,일죽,2012-05,4종,29757
193,일죽,2012-05,5종,22307
193,일죽,2012-05,6종,18573
194,서이천,2012-05,1종,445997
194,서이천,2012-05,2종,61444
194,서이천,2012-05,3종,47243
194,서이천,2012-05,4종,28189
194,서이천,2012-05,5종,13959
194,서이천,2012-05,6종,22651
195,대소,2012-05,1종,400127
195,대소,2012-05,2종,60272
195,대소,2012-05,3종,42069
195,대소,2012-05,4종,33669
195,대소,2012-05,5종,28594
195,대소,2012-05,6종,16465
196,진천,2012-05,1종,220398
196,진천,2012-05,2종,18761
196,진천,2012-05,3종,17160
196,진천,2012-05,4종,13678
196,진천,2012-05,5종,15355
196,진천,2012-05,6종,8632
197,증평,2012-05,1종,445039
197,증평,2012-05,2종,31606
197,증평,2012-05,3종,30156
197,증평,2012-05,4종,19828
197,증평,2012-05,5종,28402
197,증평,2012-05,6종,17633
198,서청주,2012-05,1종,759538
198,서청주,2012-05,2종,40582
198,서청주,2012-05,3종,42339
198,서청주,2012-05,4종,30253
198,서청주,2012-05,5종,22937
198,서청주,2012-05,6종,36482
199,오창,2012-05,1종,487053
199,오창,2012-05,2종,26901
199,오창,2012-05,3종,28645
199,오창,2012-05,4종,16536
199,오창,2012-05,5종,17893
199,오창,2012-05,6종,23140
200,금산,2012-05,1종,159767
200,금산,2012-05,2종,5056
200,금산,2012-05,3종,7517
200,금산,2012-05,4종,4310
200,금산,2012-05,5종,6820
200,금산,2012-05,6종,6553
201,칠곡,2012-05,1종,621984
201,칠곡,2012-05,2종,27531
201,칠곡,2012-05,3종,24359
201,칠곡,2012-05,4종,8833
201,칠곡,2012-05,5종,16068
201,칠곡,2012-05,6종,32211
202,다부,2012-05,1종,123029
202,다부,2012-05,2종,8443
202,다부,2012-05,3종,4795
202,다부,2012-05,4종,2075
202,다부,2012-05,5종,9045
202,다부,2012-05,6종,4708
203,가산,2012-05,1종,512486
203,가산,2012-05,2종,24356
203,가산,2012-05,3종,20218
203,가산,2012-05,4종,12907
203,가산,2012-05,5종,27182
203,가산,2012-05,6종,23035
204,추부,2012-05,1종,179079
204,추부,2012-05,2종,10672
204,추부,2012-05,3종,9974
204,추부,2012-05,4종,3362
204,추부,2012-05,5종,4803
204,추부,2012-05,6종,9099
205,군위,2012-05,1종,147720
205,군위,2012-05,2종,7006
205,군위,2012-05,3종,4099
205,군위,2012-05,4종,2456
205,군위,2012-05,5종,8677
205,군위,2012-05,6종,6601
206,의성,2012-05,1종,180425
206,의성,2012-05,2종,6291
206,의성,2012-05,3종,3953
206,의성,2012-05,4종,1860
206,의성,2012-05,5종,3688
206,의성,2012-05,6종,6192
207,남안동,2012-05,1종,268408
207,남안동,2012-05,2종,10344
207,남안동,2012-05,3종,7625
207,남안동,2012-05,4종,3955
207,남안동,2012-05,5종,6122
207,남안동,2012-05,6종,9381
208,서안동,2012-05,1종,183358
208,서안동,2012-05,2종,7574
208,서안동,2012-05,3종,17402
208,서안동,2012-05,4종,3541
208,서안동,2012-05,5종,7503
208,서안동,2012-05,6종,6223
209,예천,2012-05,1종,29852
209,예천,2012-05,2종,732
209,예천,2012-05,3종,554
209,예천,2012-05,4종,182
209,예천,2012-05,5종,1008
209,예천,2012-05,6종,1073
210,영주,2012-05,1종,133386
210,영주,2012-05,2종,5577
210,영주,2012-05,3종,7048
210,영주,2012-05,4종,2947
210,영주,2012-05,5종,11493
210,영주,2012-05,6종,4609
211,풍기,2012-05,1종,195790
211,풍기,2012-05,2종,6767
211,풍기,2012-05,3종,16809
211,풍기,2012-05,4종,3701
211,풍기,2012-05,5종,9782
211,풍기,2012-05,6종,7042
212,북수원,2012-05,1종,1209936
212,북수원,2012-05,2종,49265
212,북수원,2012-05,3종,61026
212,북수원,2012-05,4종,28411
212,북수원,2012-05,5종,19793
212,북수원,2012-05,6종,69589
213,부곡,2012-05,1종,382258
213,부곡,2012-05,2종,11364
213,부곡,2012-05,3종,9277
213,부곡,2012-05,4종,11823
213,부곡,2012-05,5종,70149
213,부곡,2012-05,6종,25437
214,동군포,2012-05,1종,162226
214,동군포,2012-05,2종,11483
214,동군포,2012-05,3종,8015
214,동군포,2012-05,4종,14322
214,동군포,2012-05,5종,10235
214,동군포,2012-05,6종,10416
215,군포,2012-05,1종,1056721
215,군포,2012-05,2종,68191
215,군포,2012-05,3종,48547
215,군포,2012-05,4종,24238
215,군포,2012-05,5종,38680
215,군포,2012-05,6종,75032
216,횡성,2012-05,1종,183816
216,횡성,2012-05,2종,8009
216,횡성,2012-05,3종,9303
216,횡성,2012-05,4종,3804
216,횡성,2012-05,5종,9130
216,횡성,2012-05,6종,8571
217,북원주,2012-05,1종,76394
217,북원주,2012-05,2종,4687
217,북원주,2012-05,3종,3208
217,북원주,2012-05,4종,2040
217,북원주,2012-05,5종,3936
217,북원주,2012-05,6종,4755
218,남원주,2012-05,1종,520494
218,남원주,2012-05,2종,20514
218,남원주,2012-05,3종,31206
218,남원주,2012-05,4종,7048
218,남원주,2012-05,5종,8576
218,남원주,2012-05,6종,26429
219,신림,2012-05,1종,118324
219,신림,2012-05,2종,3752
219,신림,2012-05,3종,4352
219,신림,2012-05,4종,3365
219,신림,2012-05,5종,8205
219,신림,2012-05,6종,4314
221,생초,2012-05,1종,65983
221,생초,2012-05,2종,3256
221,생초,2012-05,3종,4882
221,생초,2012-05,4종,2163
221,생초,2012-05,5종,13879
221,생초,2012-05,6종,2297
222,산청,2012-05,1종,83214
222,산청,2012-05,2종,2404
222,산청,2012-05,3종,4967
222,산청,2012-05,4종,1248
222,산청,2012-05,5종,2474
222,산청,2012-05,6종,3176
223,단성,2012-05,1종,114192
223,단성,2012-05,2종,4175
223,단성,2012-05,3종,9878
223,단성,2012-05,4종,3245
223,단성,2012-05,5종,4340
223,단성,2012-05,6종,4485
224,함양,2012-05,1종,110494
224,함양,2012-05,2종,5002
224,함양,2012-05,3종,8559
224,함양,2012-05,4종,1791
224,함양,2012-05,5종,5522
224,함양,2012-05,6종,4773
225,서진주,2012-05,1종,337277
225,서진주,2012-05,2종,9136
225,서진주,2012-05,3종,8353
225,서진주,2012-05,4종,2930
225,서진주,2012-05,5종,5201
225,서진주,2012-05,6종,21644
227,군산,2012-05,1종,256716
227,군산,2012-05,2종,9937
227,군산,2012-05,3종,18617
227,군산,2012-05,4종,13068
227,군산,2012-05,5종,36832
227,군산,2012-05,6종,7464
228,동군산,2012-05,1종,250241
228,동군산,2012-05,2종,12914
228,동군산,2012-05,3종,16798
228,동군산,2012-05,4종,8399
228,동군산,2012-05,5종,21949
228,동군산,2012-05,6종,6638
230,팔공산,2012-05,1종,589867
230,팔공산,2012-05,2종,24169
230,팔공산,2012-05,3종,14392
230,팔공산,2012-05,4종,11031
230,팔공산,2012-05,5종,11167
230,팔공산,2012-05,6종,27227
231,화원옥포,2012-05,1종,642260
231,화원옥포,2012-05,2종,42849
231,화원옥포,2012-05,3종,21736
231,화원옥포,2012-05,4종,8795
231,화원옥포,2012-05,5종,18153
231,화원옥포,2012-05,6종,31418
232,달성,2012-05,1종,368025
232,달성,2012-05,2종,25201
232,달성,2012-05,3종,22069
232,달성,2012-05,4종,6509
232,달성,2012-05,5종,7021
232,달성,2012-05,6종,25004
233,현풍,2012-05,1종,406082
233,현풍,2012-05,2종,37973
233,현풍,2012-05,3종,24487
233,현풍,2012-05,4종,17608
233,현풍,2012-05,5종,39218
233,현풍,2012-05,6종,19559
234,서천,2012-05,1종,118413
234,서천,2012-05,2종,5039
234,서천,2012-05,3종,5761
234,서천,2012-05,4종,7273
234,서천,2012-05,5종,9371
234,서천,2012-05,6종,3754
235,창녕,2012-05,1종,168999
235,창녕,2012-05,2종,8136
235,창녕,2012-05,3종,10204
235,창녕,2012-05,4종,3115
235,창녕,2012-05,5종,6798
235,창녕,2012-05,6종,7927
236,영산,2012-05,1종,155427
236,영산,2012-05,2종,10783
236,영산,2012-05,3종,11427
236,영산,2012-05,4종,6555
236,영산,2012-05,5종,8646
236,영산,2012-05,6종,6196
237,남지,2012-05,1종,147126
237,남지,2012-05,2종,10286
237,남지,2012-05,3종,12848
237,남지,2012-05,4종,8298
237,남지,2012-05,5종,14789
237,남지,2012-05,6종,9799
238,칠서,2012-05,1종,223096
238,칠서,2012-05,2종,28639
238,칠서,2012-05,3종,14037
238,칠서,2012-05,4종,20111
238,칠서,2012-05,5종,39469
238,칠서,2012-05,6종,13877
239,칠원,2012-05,1종,556003
239,칠원,2012-05,2종,30282
239,칠원,2012-05,3종,47604
239,칠원,2012-05,4종,32542
239,칠원,2012-05,5종,36692
239,칠원,2012-05,6종,28002
240,제천,2012-05,1종,464831
240,제천,2012-05,2종,16422
240,제천,2012-05,3종,29149
240,제천,2012-05,4종,8683
240,제천,2012-05,5종,18272
240,제천,2012-05,6종,19671
241,동고령,2012-05,1종,272317
241,동고령,2012-05,2종,21353
241,동고령,2012-05,3종,17059
241,동고령,2012-05,4종,10842
241,동고령,2012-05,5종,16481
241,동고령,2012-05,6종,11001
242,고령,2012-05,1종,210734
242,고령,2012-05,2종,12476
242,고령,2012-05,3종,11792
242,고령,2012-05,4종,5163
242,고령,2012-05,5종,12035
242,고령,2012-05,6종,8541
243,해인사,2012-05,1종,114511
243,해인사,2012-05,2종,3691
243,해인사,2012-05,3종,4261
243,해인사,2012-05,4종,988
243,해인사,2012-05,5종,1062
243,해인사,2012-05,6종,4820
244,서부산,2012-05,1종,2100848
244,서부산,2012-05,2종,87561
244,서부산,2012-05,3종,98611
244,서부산,2012-05,4종,56778
244,서부산,2012-05,5종,198211
244,서부산,2012-05,6종,134499
245,장유,2012-05,1종,1355031
245,장유,2012-05,2종,49771
245,장유,2012-05,3종,50003
245,장유,2012-05,4종,21251
245,장유,2012-05,5종,32321
245,장유,2012-05,6종,102692
246,가락,2012-05,1종,750263
246,가락,2012-05,2종,41442
246,가락,2012-05,3종,28887
246,가락,2012-05,4종,41872
246,가락,2012-05,5종,177603
246,가락,2012-05,6종,50332
247,남원,2012-05,1종,156452
247,남원,2012-05,2종,7812
247,남원,2012-05,3종,10972
247,남원,2012-05,4종,2512
247,남원,2012-05,5종,11715
247,남원,2012-05,6종,5855
248,순창,2012-05,1종,124005
248,순창,2012-05,2종,4521
248,순창,2012-05,3종,5202
248,순창,2012-05,4종,2194
248,순창,2012-05,5종,5203
248,순창,2012-05,6종,4225
249,담양,2012-05,1종,210481
249,담양,2012-05,2종,6125
249,담양,2012-05,3종,17269
249,담양,2012-05,4종,2840
249,담양,2012-05,5종,6364
249,담양,2012-05,6종,6948
250,남양산,2012-05,1종,958594
250,남양산,2012-05,2종,57052
250,남양산,2012-05,3종,40250
250,남양산,2012-05,4종,23376
250,남양산,2012-05,5종,33615
250,남양산,2012-05,6종,70137
251,물금,2012-05,1종,419917
251,물금,2012-05,2종,44941
251,물금,2012-05,3종,19943
251,물금,2012-05,4종,36007
251,물금,2012-05,5종,66890
251,물금,2012-05,6종,30141
252,대동,2012-05,1종,2406533
252,대동,2012-05,2종,202739
252,대동,2012-05,3종,126515
252,대동,2012-05,4종,103909
252,대동,2012-05,5종,289807
252,대동,2012-05,6종,126518
253,서서울,2012-05,1종,4942325
253,서서울,2012-05,2종,239967
253,서서울,2012-05,3종,172995
253,서서울,2012-05,4종,126281
253,서서울,2012-05,5종,143670
253,서서울,2012-05,6종,284893
254,군자,2012-05,1종,3017406
254,군자,2012-05,2종,187436
254,군자,2012-05,3종,177680
254,군자,2012-05,4종,126509
254,군자,2012-05,5종,268022
254,군자,2012-05,6종,196953
255,서안산,2012-05,1종,1925613
255,서안산,2012-05,2종,145127
255,서안산,2012-05,3종,76885
255,서안산,2012-05,4종,71752
255,서안산,2012-05,5종,96346
255,서안산,2012-05,6종,148425
256,안산,2012-05,1종,949434
256,안산,2012-05,2종,28095
256,안산,2012-05,3종,22166
256,안산,2012-05,4종,6411
256,안산,2012-05,5종,8130
256,안산,2012-05,6종,66685
257,홍성,2012-05,1종,276285
257,홍성,2012-05,2종,8055
257,홍성,2012-05,3종,12933
257,홍성,2012-05,4종,3600
257,홍성,2012-05,5종,5504
257,홍성,2012-05,6종,8882
258,광천,2012-05,1종,130818
258,광천,2012-05,2종,7771
258,광천,2012-05,3종,8109
258,광천,2012-05,4종,5483
258,광천,2012-05,5종,11444
258,광천,2012-05,6종,4353
259,대천,2012-05,1종,252873
259,대천,2012-05,2종,10078
259,대천,2012-05,3종,13205
259,대천,2012-05,4종,3582
259,대천,2012-05,5종,4065
259,대천,2012-05,6종,8573
260,춘장대,2012-05,1종,72415
260,춘장대,2012-05,2종,1998
260,춘장대,2012-05,3종,2080
260,춘장대,2012-05,4종,1028
260,춘장대,2012-05,5종,2588
260,춘장대,2012-05,6종,1950
261,동광주,2012-05,1종,1155651
261,동광주,2012-05,2종,46178
261,동광주,2012-05,3종,70808
261,동광주,2012-05,4종,28216
261,동광주,2012-05,5종,64741
261,동광주,2012-05,6종,38138
262,창평,2012-05,1종,100935
262,창평,2012-05,2종,6368
262,창평,2012-05,3종,3674
262,창평,2012-05,4종,2424
262,창평,2012-05,5종,1709
262,창평,2012-05,6종,3296
263,옥과,2012-05,1종,202087
263,옥과,2012-05,2종,5645
263,옥과,2012-05,3종,10356
263,옥과,2012-05,4종,3410
263,옥과,2012-05,5종,5442
263,옥과,2012-05,6종,9416
264,동남원,2012-05,1종,49169
264,동남원,2012-05,2종,2274
264,동남원,2012-05,3종,2848
264,동남원,2012-05,4종,986
264,동남원,2012-05,5종,1661
264,동남원,2012-05,6종,2175
265,곡성,2012-05,1종,187721
265,곡성,2012-05,2종,6824
265,곡성,2012-05,3종,7306
265,곡성,2012-05,4종,2825
265,곡성,2012-05,5종,8218
265,곡성,2012-05,6종,7142
266,석곡,2012-05,1종,53182
266,석곡,2012-05,2종,1946
266,석곡,2012-05,3종,2110
266,석곡,2012-05,4종,603
266,석곡,2012-05,5종,1372
266,석곡,2012-05,6종,1611
267,주암송광사,2012-05,1종,146755
267,주암송광사,2012-05,2종,5655
267,주암송광사,2012-05,3종,4972
267,주암송광사,2012-05,4종,4202
267,주암송광사,2012-05,5종,6548
267,주암송광사,2012-05,6종,4232
268,승주,2012-05,1종,73869
268,승주,2012-05,2종,2038
268,승주,2012-05,3종,3149
268,승주,2012-05,4종,841
268,승주,2012-05,5종,776
268,승주,2012-05,6종,3127
269,지리산,2012-05,1종,68659
269,지리산,2012-05,2종,2774
269,지리산,2012-05,3종,6957
269,지리산,2012-05,4종,1656
269,지리산,2012-05,5종,1182
269,지리산,2012-05,6종,1877
270,서순천,2012-05,1종,173149
270,서순천,2012-05,2종,6992
270,서순천,2012-05,3종,11646
270,서순천,2012-05,4종,2531
270,서순천,2012-05,5종,4171
270,서순천,2012-05,6종,5892
271,순천,2012-05,1종,647937
271,순천,2012-05,2종,22679
271,순천,2012-05,3종,26121
271,순천,2012-05,4종,11627
271,순천,2012-05,5종,45405
271,순천,2012-05,6종,20532
272,광양,2012-05,1종,314801
272,광양,2012-05,2종,15595
272,광양,2012-05,3종,30018
272,광양,2012-05,4종,20983
272,광양,2012-05,5종,76135
272,광양,2012-05,6종,9945
273,동광양,2012-05,1종,140800
273,동광양,2012-05,2종,3369
273,동광양,2012-05,3종,4203
273,동광양,2012-05,4종,2394
273,동광양,2012-05,5종,19030
273,동광양,2012-05,6종,6075
274,가조,2012-05,1종,61305
274,가조,2012-05,2종,2345
274,가조,2012-05,3종,3127
274,가조,2012-05,4종,1296
274,가조,2012-05,5종,1301
274,가조,2012-05,6종,3598
275,옥곡,2012-05,1종,188302
275,옥곡,2012-05,2종,3976
275,옥곡,2012-05,3종,11351
275,옥곡,2012-05,4종,1528
275,옥곡,2012-05,5종,9219
275,옥곡,2012-05,6종,7285
276,진월,2012-05,1종,80936
276,진월,2012-05,2종,2506
276,진월,2012-05,3종,2448
276,진월,2012-05,4종,6315
276,진월,2012-05,5종,45114
276,진월,2012-05,6종,2911
277,하동,2012-05,1종,216439
277,하동,2012-05,2종,6588
277,하동,2012-05,3종,11049
277,하동,2012-05,4종,9900
277,하동,2012-05,5종,44530
277,하동,2012-05,6종,8802
278,진교,2012-05,1종,184430
278,진교,2012-05,2종,6221
278,진교,2012-05,3종,14770
278,진교,2012-05,4종,1575
278,진교,2012-05,5종,5564
278,진교,2012-05,6종,10138
279,곤양,2012-05,1종,129683
279,곤양,2012-05,2종,5339
279,곤양,2012-05,3종,8413
279,곤양,2012-05,4종,3046
279,곤양,2012-05,5종,9578
279,곤양,2012-05,6종,6342
280,거창,2012-05,1종,168664
280,거창,2012-05,2종,10110
280,거창,2012-05,3종,16103
280,거창,2012-05,4종,3078
280,거창,2012-05,5종,3771
280,거창,2012-05,6종,8833
281,매송,2012-05,1종,512894
281,매송,2012-05,2종,36622
281,매송,2012-05,3종,27165
281,매송,2012-05,4종,17393
281,매송,2012-05,5종,26555
281,매송,2012-05,6종,26659
282,비봉,2012-05,1종,857849
282,비봉,2012-05,2종,62422
282,비봉,2012-05,3종,43589
282,비봉,2012-05,4종,28759
282,비봉,2012-05,5종,48451
282,비봉,2012-05,6종,47930
283,발안,2012-05,1종,488653
283,발안,2012-05,2종,41901
283,발안,2012-05,3종,22985
283,발안,2012-05,4종,19732
283,발안,2012-05,5종,25771
283,발안,2012-05,6종,26793
284,남양양,2012-05,1종,55561
284,남양양,2012-05,2종,1766
284,남양양,2012-05,3종,3484
284,남양양,2012-05,4종,872
284,남양양,2012-05,5종,846
284,남양양,2012-05,6종,1681
285,서평택,2012-05,1종,641062
285,서평택,2012-05,2종,52257
285,서평택,2012-05,3종,51732
285,서평택,2012-05,4종,65455
285,서평택,2012-05,5종,128504
285,서평택,2012-05,6종,31903
286,통도사휴게소,2012-05,1종,22996
286,통도사휴게소,2012-05,2종,222
286,통도사휴게소,2012-05,3종,1774
286,통도사휴게소,2012-05,4종,0
286,통도사휴게소,2012-05,5종,0
286,통도사휴게소,2012-05,6종,875
287,송악,2012-05,1종,514145
287,송악,2012-05,2종,26430
287,송악,2012-05,3종,22998
287,송악,2012-05,4종,23628
287,송악,2012-05,5종,125740
287,송악,2012-05,6종,21322
288,당진,2012-05,1종,414057
288,당진,2012-05,2종,20872
288,당진,2012-05,3종,23816
288,당진,2012-05,4종,13737
288,당진,2012-05,5종,47714
288,당진,2012-05,6종,17086
289,마산,2012-05,1종,964201
289,마산,2012-05,2종,42995
289,마산,2012-05,3종,46281
289,마산,2012-05,4종,17078
289,마산,2012-05,5종,25293
289,마산,2012-05,6종,63585
290,축동,2012-05,1종,48306
290,축동,2012-05,2종,2959
290,축동,2012-05,3종,1566
290,축동,2012-05,4종,1848
290,축동,2012-05,5종,8660
290,축동,2012-05,6종,2369
291,사천,2012-05,1종,692176
291,사천,2012-05,2종,29511
291,사천,2012-05,3종,33988
291,사천,2012-05,4종,15375
291,사천,2012-05,5종,28963
291,사천,2012-05,6종,42330
292,진주,2012-05,1종,660291
292,진주,2012-05,2종,27753
292,진주,2012-05,3종,52190
292,진주,2012-05,4종,14248
292,진주,2012-05,5종,36998
292,진주,2012-05,6종,42502
293,문산,2012-05,1종,285140
293,문산,2012-05,2종,13133
293,문산,2012-05,3종,8884
293,문산,2012-05,4종,5877
293,문산,2012-05,5종,13520
293,문산,2012-05,6종,17099
294,북창원,2012-05,1종,207541
294,북창원,2012-05,2종,10731
294,북창원,2012-05,3종,5793
294,북창원,2012-05,4종,7449
294,북창원,2012-05,5종,11750
294,북창원,2012-05,6종,9782
295,진성,2012-05,1종,148336
295,진성,2012-05,2종,9673
295,진성,2012-05,3종,6967
295,진성,2012-05,4종,4542
295,진성,2012-05,5종,15164
295,진성,2012-05,6종,7199
296,지수,2012-05,1종,52120
296,지수,2012-05,2종,3661
296,지수,2012-05,3종,2225
296,지수,2012-05,4종,1725
296,지수,2012-05,5종,6098
296,지수,2012-05,6종,3232
298,서산,2012-05,1종,536627
298,서산,2012-05,2종,20652
298,서산,2012-05,3종,32447
298,서산,2012-05,4종,21683
298,서산,2012-05,5종,37626
298,서산,2012-05,6종,19254
299,해미,2012-05,1종,150268
299,해미,2012-05,2종,7673
299,해미,2012-05,3종,9958
299,해미,2012-05,4종,5410
299,해미,2012-05,5종,10291
299,해미,2012-05,6종,5296
501,서김제,2012-05,1종,62569
501,서김제,2012-05,2종,3584
501,서김제,2012-05,3종,3911
501,서김제,2012-05,4종,2129
501,서김제,2012-05,5종,2928
501,서김제,2012-05,6종,1741
502,부안,2012-05,1종,108209
502,부안,2012-05,2종,6228
502,부안,2012-05,3종,6922
502,부안,2012-05,4종,1992
502,부안,2012-05,5종,3199
502,부안,2012-05,6종,2841
503,줄포,2012-05,1종,85318
503,줄포,2012-05,2종,2898
503,줄포,2012-05,3종,5159
503,줄포,2012-05,4종,848
503,줄포,2012-05,5종,1541
503,줄포,2012-05,6종,1997
504,선운산,2012-05,1종,115654
504,선운산,2012-05,2종,5842
504,선운산,2012-05,3종,9923
504,선운산,2012-05,4종,5600
504,선운산,2012-05,5종,5672
504,선운산,2012-05,6종,3034
505,고창,2012-05,1종,99451
505,고창,2012-05,2종,4144
505,고창,2012-05,3종,4538
505,고창,2012-05,4종,1272
505,고창,2012-05,5종,1476
505,고창,2012-05,6종,3010
506,영광,2012-05,1종,87621
506,영광,2012-05,2종,5394
506,영광,2012-05,3종,6941
506,영광,2012-05,4종,2097
506,영광,2012-05,5종,3006
506,영광,2012-05,6종,2085
507,함평,2012-05,1종,69991
507,함평,2012-05,2종,4909
507,함평,2012-05,3종,6965
507,함평,2012-05,4종,2911
507,함평,2012-05,5종,6932
507,함평,2012-05,6종,1931
508,무안,2012-05,1종,186334
508,무안,2012-05,2종,6491
508,무안,2012-05,3종,6693
508,무안,2012-05,4종,4152
508,무안,2012-05,5종,6712
508,무안,2012-05,6종,5323
509,목포,2012-05,1종,724361
509,목포,2012-05,2종,24944
509,목포,2012-05,3종,39761
509,목포,2012-05,4종,18920
509,목포,2012-05,5종,35901
509,목포,2012-05,6종,19736
511,무창포,2012-05,1종,82270
511,무창포,2012-05,2종,3224
511,무창포,2012-05,3종,2956
511,무창포,2012-05,4종,1813
511,무창포,2012-05,5종,6033
511,무창포,2012-05,6종,2243
512,연화산,2012-05,1종,42742
512,연화산,2012-05,2종,1835
512,연화산,2012-05,3종,1128
512,연화산,2012-05,4종,760
512,연화산,2012-05,5종,3117
512,연화산,2012-05,6종,2394
513,고성,2012-05,1종,361558
513,고성,2012-05,2종,14349
513,고성,2012-05,3종,14860
513,고성,2012-05,4종,9893
513,고성,2012-05,5종,12602
513,고성,2012-05,6종,17779
514,동고성,2012-05,1종,101943
514,동고성,2012-05,2종,5284
514,동고성,2012-05,3종,5717
514,동고성,2012-05,4종,6645
514,동고성,2012-05,5종,14716
514,동고성,2012-05,6종,6804
515,북통영,2012-05,1종,135793
515,북통영,2012-05,2종,4177
515,북통영,2012-05,3종,10226
515,북통영,2012-05,4종,1681
515,북통영,2012-05,5종,2475
515,북통영,2012-05,6종,7096
516,통영,2012-05,1종,553933
516,통영,2012-05,2종,19888
516,통영,2012-05,3종,30117
516,통영,2012-05,4종,15803
516,통영,2012-05,5종,22527
516,통영,2012-05,6종,26061
518,칠곡물류,2012-05,1종,37349
518,칠곡물류,2012-05,2종,9186
518,칠곡물류,2012-05,3종,3257
518,칠곡물류,2012-05,4종,6472
518,칠곡물류,2012-05,5종,8740
518,칠곡물류,2012-05,6종,1672
519,남대구,2012-05,1종,1412516
519,남대구,2012-05,2종,77157
519,남대구,2012-05,3종,70475
519,남대구,2012-05,4종,24305
519,남대구,2012-05,5종,39954
519,남대구,2012-05,6종,69634
520,평택,2012-05,1종,529244
520,평택,2012-05,2종,34767
520,평택,2012-05,3종,45309
520,평택,2012-05,4종,18221
520,평택,2012-05,5종,27292
520,평택,2012-05,6종,26421
521,단양,2012-05,1종,75703
521,단양,2012-05,2종,2524
521,단양,2012-05,3종,6449
521,단양,2012-05,4종,1429
521,단양,2012-05,5종,9003
521,단양,2012-05,6종,2870
522,북단양,2012-05,1종,97340
522,북단양,2012-05,2종,3482
522,북단양,2012-05,3종,6106
522,북단양,2012-05,4종,5323
522,북단양,2012-05,5종,30959
522,북단양,2012-05,6종,3381
523,남제천,2012-05,1종,78057
523,남제천,2012-05,2종,2482
523,남제천,2012-05,3종,4789
523,남제천,2012-05,4종,1028
523,남제천,2012-05,5종,2364
523,남제천,2012-05,6종,2427
524,청통와촌,2012-05,1종,244063
524,청통와촌,2012-05,2종,14532
524,청통와촌,2012-05,3종,6596
524,청통와촌,2012-05,4종,4040
524,청통와촌,2012-05,5종,5113
524,청통와촌,2012-05,6종,9898
525,북영천,2012-05,1종,196479
525,북영천,2012-05,2종,7815
525,북영천,2012-05,3종,5085
525,북영천,2012-05,4종,3143
525,북영천,2012-05,5종,7082
525,북영천,2012-05,6종,6866
526,서포항,2012-05,1종,103487
526,서포항,2012-05,2종,2516
526,서포항,2012-05,3종,2427
526,서포항,2012-05,4종,757
526,서포항,2012-05,5종,3523
526,서포항,2012-05,6종,5305
527,포항,2012-05,1종,713845
527,포항,2012-05,2종,19830
527,포항,2012-05,3종,32825
527,포항,2012-05,4종,8074
527,포항,2012-05,5종,38927
527,포항,2012-05,6종,26994
528,기흥동탄,2012-05,1종,987291
528,기흥동탄,2012-05,2종,30182
528,기흥동탄,2012-05,3종,75746
528,기흥동탄,2012-05,4종,17380
528,기흥동탄,2012-05,5종,18615
528,기흥동탄,2012-05,6종,56707
529,노포,2012-05,1종,231751
529,노포,2012-05,2종,17493
529,노포,2012-05,3종,40551
529,노포,2012-05,4종,5898
529,노포,2012-05,5종,7840
529,노포,2012-05,6종,12290
530,내장산,2012-05,1종,44131
530,내장산,2012-05,2종,1524
530,내장산,2012-05,3종,908
530,내장산,2012-05,4종,657
530,내장산,2012-05,5종,7021
530,내장산,2012-05,6종,1548
531,문의청남대,2012-05,1종,203272
531,문의청남대,2012-05,2종,8598
531,문의청남대,2012-05,3종,12150
531,문의청남대,2012-05,4종,7458
531,문의청남대,2012-05,5종,10243
531,문의청남대,2012-05,6종,8019
532,회인,2012-05,1종,50876
532,회인,2012-05,2종,1856
532,회인,2012-05,3종,849
532,회인,2012-05,4종,2033
532,회인,2012-05,5종,1446
532,회인,2012-05,6종,2129
533,보은,2012-05,1종,129970
533,보은,2012-05,2종,6151
533,보은,2012-05,3종,5877
533,보은,2012-05,4종,3039
533,보은,2012-05,5종,3430
533,보은,2012-05,6종,5263
534,속리산,2012-05,1종,55840
534,속리산,2012-05,2종,2004
534,속리산,2012-05,3종,2244
534,속리산,2012-05,4종,1289
534,속리산,2012-05,5종,1395
534,속리산,2012-05,6종,1814
535,화서,2012-05,1종,53388
535,화서,2012-05,2종,1805
535,화서,2012-05,3종,2586
535,화서,2012-05,4종,1068
535,화서,2012-05,5종,1979
535,화서,2012-05,6종,2157
536,남상주,2012-05,1종,111288
536,남상주,2012-05,2종,5262
536,남상주,2012-05,3종,8185
536,남상주,2012-05,4종,3916
536,남상주,2012-05,5종,4850
536,남상주,2012-05,6종,4672
537,남김천,2012-05,1종,73974
537,남김천,2012-05,2종,7680
537,남김천,2012-05,3종,4258
537,남김천,2012-05,4종,6346
537,남김천,2012-05,5종,11828
537,남김천,2012-05,6종,2618
538,성주,2012-05,1종,77842
538,성주,2012-05,2종,8088
538,성주,2012-05,3종,4950
538,성주,2012-05,4종,5385
538,성주,2012-05,5종,4784
538,성주,2012-05,6종,2429
539,남성주,2012-05,1종,48480
539,남성주,2012-05,2종,7425
539,남성주,2012-05,3종,2908
539,남성주,2012-05,4종,4598
539,남성주,2012-05,5종,4510
539,남성주,2012-05,6종,1567
540,청북,2012-05,1종,342764
540,청북,2012-05,2종,47001
540,청북,2012-05,3종,29965
540,청북,2012-05,4종,26635
540,청북,2012-05,5종,35770
540,청북,2012-05,6종,17612
541,송탄,2012-05,1종,359518
541,송탄,2012-05,2종,36831
541,송탄,2012-05,3종,25382
541,송탄,2012-05,4종,30617
541,송탄,2012-05,5종,23604
541,송탄,2012-05,6종,17542
542,서안성,2012-05,1종,324277
542,서안성,2012-05,2종,35139
542,서안성,2012-05,3종,29145
542,서안성,2012-05,4종,21994
542,서안성,2012-05,5종,24488
542,서안성,2012-05,6종,14618
543,남안성,2012-05,1종,424680
543,남안성,2012-05,2종,45871
543,남안성,2012-05,3종,33645
543,남안성,2012-05,4종,30334
543,남안성,2012-05,5종,44361
543,남안성,2012-05,6종,22455
544,완주,2012-05,1종,170264
544,완주,2012-05,2종,9367
544,완주,2012-05,3종,8690
544,완주,2012-05,4종,8930
544,완주,2012-05,5종,14257
544,완주,2012-05,6종,5564
545,소양,2012-05,1종,141863
545,소양,2012-05,2종,6305
545,소양,2012-05,3종,8874
545,소양,2012-05,4종,2868
545,소양,2012-05,5종,6313
545,소양,2012-05,6종,4726
546,진안,2012-05,1종,63867
546,진안,2012-05,2종,3026
546,진안,2012-05,3종,4317
546,진안,2012-05,4종,1089
546,진안,2012-05,5종,1215
546,진안,2012-05,6종,2049
547,무안공항,2012-05,1종,39298
547,무안공항,2012-05,2종,1092
547,무안공항,2012-05,3종,1431
547,무안공항,2012-05,4종,401
547,무안공항,2012-05,5종,1413
547,무안공항,2012-05,6종,857
548,북무안,2012-05,1종,111989
548,북무안,2012-05,2종,4361
548,북무안,2012-05,3종,4762
548,북무안,2012-05,4종,2662
548,북무안,2012-05,5종,2275
548,북무안,2012-05,6종,2396
549,동함평,2012-05,1종,178248
549,동함평,2012-05,2종,5437
549,동함평,2012-05,3종,5403
549,동함평,2012-05,4종,2040
549,동함평,2012-05,5종,4281
549,동함평,2012-05,6종,6759
550,문평,2012-05,1종,41290
550,문평,2012-05,2종,1583
550,문평,2012-05,3종,1270
550,문평,2012-05,4종,630
550,문평,2012-05,5종,4771
550,문평,2012-05,6종,1358
551,나주,2012-05,1종,67386
551,나주,2012-05,2종,2987
551,나주,2012-05,3종,1945
551,나주,2012-05,4종,881
551,나주,2012-05,5종,1690
551,나주,2012-05,6종,2488
552,서광산,2012-05,1종,37982
552,서광산,2012-05,2종,2670
552,서광산,2012-05,3종,1276
552,서광산,2012-05,4종,585
552,서광산,2012-05,5종,1456
552,서광산,2012-05,6종,1039
553,동광산,2012-05,1종,799806
553,동광산,2012-05,2종,20177
553,동광산,2012-05,3종,26936
553,동광산,2012-05,4종,8896
553,동광산,2012-05,5종,21086
553,동광산,2012-05,6종,24991
554,동홍천,2012-05,1종,428627
554,동홍천,2012-05,2종,6755
554,동홍천,2012-05,3종,21208
554,동홍천,2012-05,4종,3019
554,동홍천,2012-05,5종,3308
554,동홍천,2012-05,6종,15136
555,북진천,2012-05,1종,255251
555,북진천,2012-05,2종,34846
555,북진천,2012-05,3종,32850
555,북진천,2012-05,4종,18745
555,북진천,2012-05,5종,18564
555,북진천,2012-05,6종,10517
556,동순천,2012-05,1종,250328
556,동순천,2012-05,2종,8020
556,동순천,2012-05,3종,22477
556,동순천,2012-05,4종,12559
556,동순천,2012-05,5종,52202
556,동순천,2012-05,6종,6840
557,황전,2012-05,1종,77667
557,황전,2012-05,2종,1960
557,황전,2012-05,3종,2454
557,황전,2012-05,4종,1318
557,황전,2012-05,5종,4714
557,황전,2012-05,6종,2990
558,구례화엄사,2012-05,1종,85715
558,구례화엄사,2012-05,2종,3028
558,구례화엄사,2012-05,3종,8304
558,구례화엄사,2012-05,4종,2352
558,구례화엄사,2012-05,5종,7555
558,구례화엄사,2012-05,6종,2372
559,서남원,2012-05,1종,53529
559,서남원,2012-05,2종,2789
559,서남원,2012-05,3종,3595
559,서남원,2012-05,4종,2057
559,서남원,2012-05,5종,6014
559,서남원,2012-05,6종,1670
560,감곡,2012-05,1종,347039
560,감곡,2012-05,2종,17363
560,감곡,2012-05,3종,23195
560,감곡,2012-05,4종,15492
560,감곡,2012-05,5종,38776
560,감곡,2012-05,6종,11600
561,북충주,2012-05,1종,59216
561,북충주,2012-05,2종,2121
561,북충주,2012-05,3종,1835
561,북충주,2012-05,4종,1272
561,북충주,2012-05,5종,2865
561,북충주,2012-05,6종,1737
562,충주,2012-05,1종,238485
562,충주,2012-05,2종,12366
562,충주,2012-05,3종,20725
562,충주,2012-05,4종,12221
562,충주,2012-05,5종,12750
562,충주,2012-05,6종,9064
563,괴산,2012-05,1종,65549
563,괴산,2012-05,2종,2086
563,괴산,2012-05,3종,3976
563,괴산,2012-05,4종,1876
563,괴산,2012-05,5종,4988
563,괴산,2012-05,6종,2234
564,연풍,2012-05,1종,50248
564,연풍,2012-05,2종,3911
564,연풍,2012-05,3종,8242
564,연풍,2012-05,4종,5135
564,연풍,2012-05,5종,6352
564,연풍,2012-05,6종,1358
565,문경새재,2012-05,1종,95466
565,문경새재,2012-05,2종,4694
565,문경새재,2012-05,3종,7594
565,문경새재,2012-05,4종,4460
565,문경새재,2012-05,5종,4799
565,문경새재,2012-05,6종,2931
566,점촌함창,2012-05,1종,144672
566,점촌함창,2012-05,2종,5203
566,점촌함창,2012-05,3종,10873
566,점촌함창,2012-05,4종,4336
566,점촌함창,2012-05,5종,6071
566,점촌함창,2012-05,6종,4746
567,남고창,2012-05,1종,99427
567,남고창,2012-05,2종,3925
567,남고창,2012-05,3종,3067
567,남고창,2012-05,4종,1616
567,남고창,2012-05,5종,1878
567,남고창,2012-05,6종,3857
568,장성물류,2012-05,1종,36028
568,장성물류,2012-05,2종,6193
568,장성물류,2012-05,3종,2339
568,장성물류,2012-05,4종,5321
568,장성물류,2012-05,5종,5024
568,장성물류,2012-05,6종,972
569,북광주,2012-05,1종,201163
569,북광주,2012-05,2종,11947
569,북광주,2012-05,3종,7871
569,북광주,2012-05,4종,10263
569,북광주,2012-05,5종,11008
569,북광주,2012-05,6종,6561
570,북상주,2012-05,1종,129299
570,북상주,2012-05,2종,6538
570,북상주,2012-05,3종,8455
570,북상주,2012-05,4종,4719
570,북상주,2012-05,5종,6830
570,북상주,2012-05,6종,4741
571,면천,2012-05,1종,93026
571,면천,2012-05,2종,4266
571,면천,2012-05,3종,3545
571,면천,2012-05,4종,3524
571,면천,2012-05,5종,6073
571,면천,2012-05,6종,3416
572,고덕,2012-05,1종,91204
572,고덕,2012-05,2종,4428
572,고덕,2012-05,3종,4558
572,고덕,2012-05,4종,2896
572,고덕,2012-05,5종,6600
572,고덕,2012-05,6종,2856
573,예산수덕사,2012-05,1종,289822
573,예산수덕사,2012-05,2종,12497
573,예산수덕사,2012-05,3종,13238
573,예산수덕사,2012-05,4종,9000
573,예산수덕사,2012-05,5종,13400
573,예산수덕사,2012-05,6종,10114
574,신양,2012-05,1종,90306
574,신양,2012-05,2종,4307
574,신양,2012-05,3종,3733
574,신양,2012-05,4종,2713
574,신양,2012-05,5종,4756
574,신양,2012-05,6종,3076
575,유구,2012-05,1종,108842
575,유구,2012-05,2종,6841
575,유구,2012-05,3종,4652
575,유구,2012-05,4종,6461
575,유구,2012-05,5종,8752
575,유구,2012-05,6종,3818
576,마곡사,2012-05,1종,42868
576,마곡사,2012-05,2종,1222
576,마곡사,2012-05,3종,1539
576,마곡사,2012-05,4종,799
576,마곡사,2012-05,5종,680
576,마곡사,2012-05,6종,1663
577,공주,2012-05,1종,168522
577,공주,2012-05,2종,6164
577,공주,2012-05,3종,7443
577,공주,2012-05,4종,2479
577,공주,2012-05,5종,5830
577,공주,2012-05,6종,7155
578,서세종,2012-05,1종,193502
578,서세종,2012-05,2종,12927
578,서세종,2012-05,3종,10515
578,서세종,2012-05,4종,6380
578,서세종,2012-05,5종,14949
578,서세종,2012-05,6종,7739
579,남세종,2012-05,1종,203261
579,남세종,2012-05,2종,7458
579,남세종,2012-05,3종,5603
579,남세종,2012-05,4종,3672
579,남세종,2012-05,5종,7913
579,남세종,2012-05,6종,8041
580,북강릉,2012-05,1종,169453
580,북강릉,2012-05,2종,5374
580,북강릉,2012-05,3종,10066
580,북강릉,2012-05,4종,2076
580,북강릉,2012-05,5종,2924
580,북강릉,2012-05,6종,7137
581,옥계,2012-05,1종,56760
581,옥계,2012-05,2종,2573
581,옥계,2012-05,3종,2849
581,옥계,2012-05,4종,4777
581,옥계,2012-05,5종,12091
581,옥계,2012-05,6종,3081
582,망상,2012-05,1종,99883
582,망상,2012-05,2종,3580
582,망상,2012-05,3종,16269
582,망상,2012-05,4종,1464
582,망상,2012-05,5종,1364
582,망상,2012-05,6종,5476
583,동해,2012-05,1종,295659
583,동해,2012-05,2종,11272
583,동해,2012-05,3종,15985
583,동해,2012-05,4종,9303
583,동해,2012-05,5종,21056
583,동해,2012-05,6종,13481
584,남강릉,2012-05,1종,99433
584,남강릉,2012-05,2종,6010
584,남강릉,2012-05,3종,10818
584,남강릉,2012-05,4종,3629
584,남강릉,2012-05,5종,2960
584,남강릉,2012-05,6종,6014
585,하조대,2012-05,1종,193801
585,하조대,2012-05,2종,7012
585,하조대,2012-05,3종,15363
585,하조대,2012-05,4종,4423
585,하조대,2012-05,5종,5246
585,하조대,2012-05,6종,7269
586,북남원,2012-05,1종,18269
586,북남원,2012-05,2종,860
586,북남원,2012-05,3종,593
586,북남원,2012-05,4종,215
586,북남원,2012-05,5종,3313
586,북남원,2012-05,6종,512
587,오수,2012-05,1종,140637
587,오수,2012-05,2종,6223
587,오수,2012-05,3종,10298
587,오수,2012-05,4종,3881
587,오수,2012-05,5종,10045
587,오수,2012-05,6종,4232
588,임실,2012-05,1종,47698
588,임실,2012-05,2종,2551
588,임실,2012-05,3종,2737
588,임실,2012-05,4종,1106
588,임실,2012-05,5종,3915
588,임실,2012-05,6종,1324
589,상관,2012-05,1종,136487
589,상관,2012-05,2종,6967
589,상관,2012-05,3종,8336
589,상관,2012-05,4종,4788
589,상관,2012-05,5종,29472
589,상관,2012-05,6종,4086
590,동전주,2012-05,1종,148941
590,동전주,2012-05,2종,3752
590,동전주,2012-05,3종,4717
590,동전주,2012-05,4종,1840
590,동전주,2012-05,5종,4882
590,동전주,2012-05,6종,4729
591,동서천,2012-05,1종,47037
591,동서천,2012-05,2종,2203
591,동서천,2012-05,3종,2118
591,동서천,2012-05,4종,2530
591,동서천,2012-05,5종,4340
591,동서천,2012-05,6종,1471
592,서부여,2012-05,1종,73863
592,서부여,2012-05,2종,3578
592,서부여,2012-05,3종,3206
592,서부여,2012-05,4종,1545
592,서부여,2012-05,5종,3115
592,서부여,2012-05,6종,2593
593,부여,2012-05,1종,60235
593,부여,2012-05,2종,3013
593,부여,2012-05,3종,3933
593,부여,2012-05,4종,2157
593,부여,2012-05,5종,3054
593,부여,2012-05,6종,2241
594,칠갑산,2012-05,1종,61376
594,칠갑산,2012-05,2종,2233
594,칠갑산,2012-05,3종,3036
594,칠갑산,2012-05,4종,1143
594,칠갑산,2012-05,5종,982
594,칠갑산,2012-05,6종,2041
595,서공주,2012-05,1종,59769
595,서공주,2012-05,2종,3315
595,서공주,2012-05,3종,2869
595,서공주,2012-05,4종,2309
595,서공주,2012-05,5종,4857
595,서공주,2012-05,6종,1928
597,서여주,2012-05,1종,110452
597,서여주,2012-05,2종,5167
597,서여주,2012-05,3종,7554
597,서여주,2012-05,4종,4199
597,서여주,2012-05,5종,6178
597,서여주,2012-05,6종,4661
598,북여주,2012-05,1종,78698
598,북여주,2012-05,2종,3129
598,북여주,2012-05,3종,3550
598,북여주,2012-05,4종,1626
598,북여주,2012-05,5종,2890
598,북여주,2012-05,6종,3020
601,남천안,2012-05,1종,375336
601,남천안,2012-05,2종,31992
601,남천안,2012-05,3종,27958
601,남천안,2012-05,4종,25085
601,남천안,2012-05,5종,25391
601,남천안,2012-05,6종,13581
602,풍세상,2012-05,1종,1356366
602,풍세상,2012-05,2종,53184
602,풍세상,2012-05,3종,166416
602,풍세상,2012-05,4종,68114
602,풍세상,2012-05,5종,72474
602,풍세상,2012-05,6종,52504
603,정안,2012-05,1종,137510
603,정안,2012-05,2종,11900
603,정안,2012-05,3종,19689
603,정안,2012-05,4종,11450
603,정안,2012-05,5종,9024
603,정안,2012-05,6종,4281
604,남공주,2012-05,1종,72724
604,남공주,2012-05,2종,4169
604,남공주,2012-05,3종,5549
604,남공주,2012-05,4종,2296
604,남공주,2012-05,5종,4012
604,남공주,2012-05,6종,2592
605,탄천,2012-05,1종,24198
605,탄천,2012-05,2종,1850
605,탄천,2012-05,3종,1238
605,탄천,2012-05,4종,1035
605,탄천,2012-05,5종,3120
605,탄천,2012-05,6종,834
606,서논산,2012-05,1종,134339
606,서논산,2012-05,2종,8719
606,서논산,2012-05,3종,11630
606,서논산,2012-05,4종,6944
606,서논산,2012-05,5종,11736
606,서논산,2012-05,6종,4655
607,연무,2012-05,1종,63131
607,연무,2012-05,2종,2723
607,연무,2012-05,3종,2802
607,연무,2012-05,4종,1311
607,연무,2012-05,5종,1835
607,연무,2012-05,6종,1940
608,남논산하,2012-05,1종,874618
608,남논산하,2012-05,2종,32228
608,남논산하,2012-05,3종,118802
608,남논산하,2012-05,4종,38058
608,남논산하,2012-05,5종,57842
608,남논산하,2012-05,6종,30610
612,풍세하,2012-05,1종,1351969
612,풍세하,2012-05,2종,50502
612,풍세하,2012-05,3종,164717
612,풍세하,2012-05,4종,51594
612,풍세하,2012-05,5종,56540
612,풍세하,2012-05,6종,52019
618,남논산상,2012-05,1종,865162
618,남논산상,2012-05,2종,32944
618,남논산상,2012-05,3종,116586
618,남논산상,2012-05,4종,42868
618,남논산상,2012-05,5종,68908
618,남논산상,2012-05,6종,30270
621,동대구,2012-05,1종,821620
621,동대구,2012-05,2종,39075
621,동대구,2012-05,3종,41723
621,동대구,2012-05,4종,23705
621,동대구,2012-05,5종,25390
621,동대구,2012-05,6종,39893
622,대구,2012-05,1종,1072563
622,대구,2012-05,2종,54940
622,대구,2012-05,3종,65350
622,대구,2012-05,4종,48733
622,대구,2012-05,5종,95716
622,대구,2012-05,6종,54524
623,수성,2012-05,1종,731694
623,수성,2012-05,2종,22815
623,수성,2012-05,3종,14551
623,수성,2012-05,4종,9168
623,수성,2012-05,5종,9536
623,수성,2012-05,6종,32865
624,청도,2012-05,1종,189170
624,청도,2012-05,2종,8389
624,청도,2012-05,3종,5555
624,청도,2012-05,4종,3354
624,청도,2012-05,5종,5670
624,청도,2012-05,6종,8858
625,밀양,2012-05,1종,259104
625,밀양,2012-05,2종,16358
625,밀양,2012-05,3종,10165
625,밀양,2012-05,4종,7814
625,밀양,2012-05,5종,11999
625,밀양,2012-05,6종,11499
626,남밀양,2012-05,1종,332206
626,남밀양,2012-05,2종,23611
626,남밀양,2012-05,3종,14932
626,남밀양,2012-05,4종,12580
626,남밀양,2012-05,5종,15379
626,남밀양,2012-05,6종,17899
627,삼랑진,2012-05,1종,211046
627,삼랑진,2012-05,2종,10650
627,삼랑진,2012-05,3종,6081
627,삼랑진,2012-05,4종,4263
627,삼랑진,2012-05,5종,8244
627,삼랑진,2012-05,6종,11984
628,상동,2012-05,1종,251767
628,상동,2012-05,2종,30407
628,상동,2012-05,3종,13695
628,상동,2012-05,4종,18838
628,상동,2012-05,5종,27999
628,상동,2012-05,6종,15219
629,김해부산,2012-05,1종,1127173
629,김해부산,2012-05,2종,75647
629,김해부산,2012-05,3종,71852
629,김해부산,2012-05,4종,62975
629,김해부산,2012-05,5종,113262
629,김해부산,2012-05,6종,62643
641,울산,2012-05,1종,1146089
641,울산,2012-05,2종,62292
641,울산,2012-05,3종,76091
641,울산,2012-05,4종,47131
641,울산,2012-05,5종,125677
641,울산,2012-05,6종,56155
642,문수,2012-05,1종,113662
642,문수,2012-05,2종,5351
642,문수,2012-05,3종,4605
642,문수,2012-05,4종,4661
642,문수,2012-05,5종,6805
642,문수,2012-05,6종,6546
643,청량,2012-05,1종,486664
643,청량,2012-05,2종,14730
643,청량,2012-05,3종,13424
643,청량,2012-05,4종,19008
643,청량,2012-05,5종,83685
643,청량,2012-05,6종,29368
644,온양,2012-05,1종,183217
644,온양,2012-05,2종,4525
644,온양,2012-05,3종,2447
644,온양,2012-05,4종,3152
644,온양,2012-05,5종,12457
644,온양,2012-05,6종,12140
645,장안,2012-05,1종,237271
645,장안,2012-05,2종,7618
645,장안,2012-05,3종,4787
645,장안,2012-05,4종,5170
645,장안,2012-05,5종,16834
645,장안,2012-05,6종,13929
646,기장일광,2012-05,1종,238945
646,기장일광,2012-05,2종,3714
646,기장일광,2012-05,3종,3898
646,기장일광,2012-05,4종,2049
646,기장일광,2012-05,5종,5516
646,기장일광,2012-05,6종,14308
647,해운대송정,2012-05,1종,85996
647,해운대송정,2012-05,2종,1132
647,해운대송정,2012-05,3종,824
647,해운대송정,2012-05,4종,340
647,해운대송정,2012-05,5종,805
647,해운대송정,2012-05,6종,4835
648,해운대,2012-05,1종,689475
648,해운대,2012-05,2종,9605
648,해운대,2012-05,3종,9180
648,해운대,2012-05,4종,6555
648,해운대,2012-05,5종,38608
648,해운대,2012-05,6종,39766
651,남양주,2012-05,1종,1767378
651,남양주,2012-05,2종,51509
651,남양주,2012-05,3종,80848
651,남양주,2012-05,4종,17003
651,남양주,2012-05,5종,16293
651,남양주,2012-05,6종,91206
652,화도,2012-05,1종,886662
652,화도,2012-05,2종,41642
652,화도,2012-05,3종,40582
652,화도,2012-05,4종,13506
652,화도,2012-05,5종,11333
652,화도,2012-05,6종,59178
653,서종,2012-05,1종,202767
653,서종,2012-05,2종,2055
653,서종,2012-05,3종,1698
653,서종,2012-05,4종,1328
653,서종,2012-05,5종,1848
653,서종,2012-05,6종,10549
654,설악,2012-05,1종,257422
654,설악,2012-05,2종,4118
654,설악,2012-05,3종,6387
654,설악,2012-05,4종,1876
654,설악,2012-05,5종,1559
654,설악,2012-05,6종,11368
655,강촌,2012-05,1종,167634
655,강촌,2012-05,2종,2936
655,강촌,2012-05,3종,5273
655,강촌,2012-05,4종,2021
655,강촌,2012-05,5종,2227
655,강촌,2012-05,6종,6546
656,남춘천,2012-05,1종,127877
656,남춘천,2012-05,2종,2076
656,남춘천,2012-05,3종,10942
656,남춘천,2012-05,4종,1537
656,남춘천,2012-05,5종,2989
656,남춘천,2012-05,6종,5336
657,동산,2012-05,1종,736334
657,동산,2012-05,2종,13592
657,동산,2012-05,3종,33078
657,동산,2012-05,4종,7084
657,동산,2012-05,5종,10318
657,동산,2012-05,6종,33950
658,조양,2012-05,1종,30023
658,조양,2012-05,2종,769
658,조양,2012-05,3종,605
658,조양,2012-05,4종,685
658,조양,2012-05,5종,1271
658,조양,2012-05,6종,1134
671,봉담,2012-05,1종,1155238
671,봉담,2012-05,2종,61801
671,봉담,2012-05,3종,45781
671,봉담,2012-05,4종,20586
671,봉담,2012-05,5종,31254
671,봉담,2012-05,6종,82931
672,정남,2012-05,1종,328983
672,정남,2012-05,2종,21999
672,정남,2012-05,3종,14097
672,정남,2012-05,4종,5744
672,정남,2012-05,5종,4483
672,정남,2012-05,6종,25167
673,북오산,2012-05,1종,755486
673,북오산,2012-05,2종,29477
673,북오산,2012-05,3종,26810
673,북오산,2012-05,4종,12972
673,북오산,2012-05,5종,11830
673,북오산,2012-05,6종,51765
674,,2012-05,1종,833528
674,,2012-05,2종,47055
674,,2012-05,3종,64316
674,,2012-05,4종,21144
674,,2012-05,5종,28763
674,,2012-05,6종,54853
675,서오산,2012-05,1종,224689
675,서오산,2012-05,2종,9469
675,서오산,2012-05,3종,5448
675,서오산,2012-05,4종,3322
675,서오산,2012-05,5종,5308
675,서오산,2012-05,6종,15837
676,향남,2012-05,1종,463033
676,향남,2012-05,2종,32992
676,향남,2012-05,3종,17559
676,향남,2012-05,4종,14706
676,향남,2012-05,5종,14147
676,향남,2012-05,6종,35867
677,북평택,2012-05,1종,825363
677,북평택,2012-05,2종,39067
677,북평택,2012-05,3종,47447
677,북평택,2012-05,4종,15997
677,북평택,2012-05,5종,29772
677,북평택,2012-05,6종,47129
981,서영암,2012-05,1종,172115
981,서영암,2012-05,2종,4604
981,서영암,2012-05,3종,10649
981,서영암,2012-05,4종,4540
981,서영암,2012-05,5종,15576
981,서영암,2012-05,6종,4042
982,강진무위사,2012-05,1종,88659
982,강진무위사,2012-05,2종,3129
982,강진무위사,2012-05,3종,7704
982,강진무위사,2012-05,4종,2429
982,강진무위사,2012-05,5종,4340
982,강진무위사,2012-05,6종,1968
983,장흥,2012-05,1종,83918
983,장흥,2012-05,2종,1728
983,장흥,2012-05,3종,3373
983,장흥,2012-05,4종,785
983,장흥,2012-05,5종,1840
983,장흥,2012-05,6종,1995
984,보성,2012-05,1종,90468
984,보성,2012-05,2종,3254
984,보성,2012-05,3종,6582
984,보성,2012-05,4종,2800
984,보성,2012-05,5종,9345
984,보성,2012-05,6종,1901
985,벌교,2012-05,1종,108307
985,벌교,2012-05,2종,4056
985,벌교,2012-05,3종,8052
985,벌교,2012-05,4종,2960
985,벌교,2012-05,5종,4981
985,벌교,2012-05,6종,2203
987,남순천,2012-05,1종,254665
987,남순천,2012-05,2종,7022
987,남순천,2012-05,3종,19938
987,남순천,2012-05,4종,9126
987,남순천,2012-05,5종,26915
987,남순천,2012-05,6종,5634
11,인천,2012-06,1종,3597060
11,인천,2012-06,2종,136147
11,인천,2012-06,3종,84756
11,인천,2012-06,4종,60184
11,인천,2012-06,5종,126306
11,인천,2012-06,6종,322128
12,서영암(개),2012-06,1종,17329
12,서영암(개),2012-06,2종,316
12,서영암(개),2012-06,3종,469
12,서영암(개),2012-06,4종,251
12,서영암(개),2012-06,5종,316
12,서영암(개),2012-06,6종,843
13,순천만,2012-06,1종,99433
13,순천만,2012-06,2종,4331
13,순천만,2012-06,3종,7148
13,순천만,2012-06,4종,5959
13,순천만,2012-06,5종,10945
13,순천만,2012-06,6종,3739
53,남인천,2012-06,1종,1728172
53,남인천,2012-06,2종,50536
53,남인천,2012-06,3종,57993
53,남인천,2012-06,4종,22478
53,남인천,2012-06,5종,60075
53,남인천,2012-06,6종,142300
56,일로,2012-06,1종,37068
56,일로,2012-06,2종,1599
56,일로,2012-06,3종,896
56,일로,2012-06,4종,710
56,일로,2012-06,5종,1779
56,일로,2012-06,6종,1879
61,성남,2012-06,1종,3777452
61,성남,2012-06,2종,169672
61,성남,2012-06,3종,152472
61,성남,2012-06,4종,67261
61,성남,2012-06,5종,67858
61,성남,2012-06,6종,249954
62,구리남양주,2012-06,1종,4829762
62,구리남양주,2012-06,2종,240333
62,구리남양주,2012-06,3종,180420
62,구리남양주,2012-06,4종,102328
62,구리남양주,2012-06,5종,88640
62,구리남양주,2012-06,6종,332250
63,토평,2012-06,1종,515546
63,토평,2012-06,2종,19228
63,토평,2012-06,3종,8206
63,토평,2012-06,4종,6717
63,토평,2012-06,5종,13358
63,토평,2012-06,6종,37800
64,청계,2012-06,1종,4428355
64,청계,2012-06,2종,173468
64,청계,2012-06,3종,161852
64,청계,2012-06,4종,45908
64,청계,2012-06,5종,76734
64,청계,2012-06,6종,319172
65,판교,2012-06,1종,2820935
65,판교,2012-06,2종,52184
65,판교,2012-06,3종,188274
65,판교,2012-06,4종,17576
65,판교,2012-06,5종,10837
65,판교,2012-06,6종,154156
66,하남,2012-06,1종,820957
66,하남,2012-06,2종,28671
66,하남,2012-06,3종,16887
66,하남,2012-06,4종,7726
66,하남,2012-06,5종,6620
66,하남,2012-06,6종,56582
67,시흥,2012-06,1종,3817897
67,시흥,2012-06,2종,159475
67,시흥,2012-06,3종,124814
67,시흥,2012-06,4종,69535
67,시흥,2012-06,5종,83523
67,시흥,2012-06,6종,279730
68,김포,2012-06,1종,4543628
68,김포,2012-06,2종,205987
68,김포,2012-06,3종,132062
68,김포,2012-06,4종,72372
68,김포,2012-06,5종,123630
68,김포,2012-06,6종,344658
69,대왕판교,2012-06,1종,165985
69,대왕판교,2012-06,2종,1050
69,대왕판교,2012-06,3종,360
69,대왕판교,2012-06,4종,40
69,대왕판교,2012-06,5종,8
69,대왕판교,2012-06,6종,9427
74,덕소삼패,2012-06,1종,269876
74,덕소삼패,2012-06,2종,8248
74,덕소삼패,2012-06,3종,3795
74,덕소삼패,2012-06,4종,4246
74,덕소삼패,2012-06,5종,9918
74,덕소삼패,2012-06,6종,18686
91,대동(개),2012-06,1종,166054
91,대동(개),2012-06,2종,12024
91,대동(개),2012-06,3종,5467
91,대동(개),2012-06,4종,19149
91,대동(개),2012-06,5종,24055
91,대동(개),2012-06,6종,10860
92,내서,2012-06,1종,235504
92,내서,2012-06,2종,10433
92,내서,2012-06,3종,11063
92,내서,2012-06,4종,3445
92,내서,2012-06,5종,5980
92,내서,2012-06,6종,21033
101,서울,2012-06,1종,5142153
101,서울,2012-06,2종,205668
101,서울,2012-06,3종,566580
101,서울,2012-06,4종,90126
101,서울,2012-06,5종,54050
101,서울,2012-06,6종,233658
102,동수원,2012-06,1종,1780613
102,동수원,2012-06,2종,40651
102,동수원,2012-06,3종,73868
102,동수원,2012-06,4종,21729
102,동수원,2012-06,5종,26615
102,동수원,2012-06,6종,101068
103,수원신갈,2012-06,1종,2381192
103,수원신갈,2012-06,2종,103719
103,수원신갈,2012-06,3종,156257
103,수원신갈,2012-06,4종,34258
103,수원신갈,2012-06,5종,26614
103,수원신갈,2012-06,6종,131366
104,지곡,2012-06,1종,34919
104,지곡,2012-06,2종,2161
104,지곡,2012-06,3종,2438
104,지곡,2012-06,4종,1562
104,지곡,2012-06,5종,2683
104,지곡,2012-06,6종,1452
105,기흥,2012-06,1종,394595
105,기흥,2012-06,2종,31401
105,기흥,2012-06,3종,16754
105,기흥,2012-06,4종,10122
105,기흥,2012-06,5종,9525
105,기흥,2012-06,6종,18109
106,오산,2012-06,1종,1085699
106,오산,2012-06,2종,76966
106,오산,2012-06,3종,75909
106,오산,2012-06,4종,33153
106,오산,2012-06,5종,27809
106,오산,2012-06,6종,65443
107,안성,2012-06,1종,830271
107,안성,2012-06,2종,46124
107,안성,2012-06,3종,59674
107,안성,2012-06,4종,20402
107,안성,2012-06,5종,17683
107,안성,2012-06,6종,49677
108,천안,2012-06,1종,1386133
108,천안,2012-06,2종,65121
108,천안,2012-06,3종,107583
108,천안,2012-06,4종,50886
108,천안,2012-06,5종,46483
108,천안,2012-06,6종,66326
109,계룡,2012-06,1종,143114
109,계룡,2012-06,2종,10537
109,계룡,2012-06,3종,10950
109,계룡,2012-06,4종,7033
109,계룡,2012-06,5종,4915
109,계룡,2012-06,6종,8904
110,독립기념관,2012-06,1종,329203
110,독립기념관,2012-06,2종,25225
110,독립기념관,2012-06,3종,27103
110,독립기념관,2012-06,4종,28252
110,독립기념관,2012-06,5종,19751
110,독립기념관,2012-06,6종,13394
111,청주,2012-06,1종,458712
111,청주,2012-06,2종,21999
111,청주,2012-06,3종,46700
111,청주,2012-06,4종,13397
111,청주,2012-06,5종,18206
111,청주,2012-06,6종,22262
112,남청주,2012-06,1종,492267
112,남청주,2012-06,2종,49703
112,남청주,2012-06,3종,41426
112,남청주,2012-06,4종,46958
112,남청주,2012-06,5종,45000
112,남청주,2012-06,6종,22155
113,신탄진,2012-06,1종,731215
113,신탄진,2012-06,2종,50794
113,신탄진,2012-06,3종,32073
113,신탄진,2012-06,4종,50399
113,신탄진,2012-06,5종,47085
113,신탄진,2012-06,6종,37435
114,남대전,2012-06,1종,274323
114,남대전,2012-06,2종,13814
114,남대전,2012-06,3종,8004
114,남대전,2012-06,4종,5536
114,남대전,2012-06,5종,6726
114,남대전,2012-06,6종,14169
115,대전,2012-06,1종,1260245
115,대전,2012-06,2종,44798
115,대전,2012-06,3종,81709
115,대전,2012-06,4종,16577
115,대전,2012-06,5종,15114
115,대전,2012-06,6종,64172
116,옥천,2012-06,1종,355751
116,옥천,2012-06,2종,25575
116,옥천,2012-06,3종,17845
116,옥천,2012-06,4종,35720
116,옥천,2012-06,5종,15275
116,옥천,2012-06,6종,19313
117,금강,2012-06,1종,52907
117,금강,2012-06,2종,1644
117,금강,2012-06,3종,709
117,금강,2012-06,4종,2880
117,금강,2012-06,5종,763
117,금강,2012-06,6종,2885
118,영동,2012-06,1종,84797
118,영동,2012-06,2종,6096
118,영동,2012-06,3종,4380
118,영동,2012-06,4종,2808
118,영동,2012-06,5종,6088
118,영동,2012-06,6종,3915
119,판암,2012-06,1종,444596
119,판암,2012-06,2종,16971
119,판암,2012-06,3종,8654
119,판암,2012-06,4종,7782
119,판암,2012-06,5종,8291
119,판암,2012-06,6종,26475
120,황간,2012-06,1종,72782
120,황간,2012-06,2종,3341
120,황간,2012-06,3종,4457
120,황간,2012-06,4종,4637
120,황간,2012-06,5종,4278
120,황간,2012-06,6종,2858
121,추풍령,2012-06,1종,39248
121,추풍령,2012-06,2종,1808
121,추풍령,2012-06,3종,1908
121,추풍령,2012-06,4종,1240
121,추풍령,2012-06,5종,1704
121,추풍령,2012-06,6종,1849
122,김천,2012-06,1종,246791
122,김천,2012-06,2종,13032
122,김천,2012-06,3종,13316
122,김천,2012-06,4종,13646
122,김천,2012-06,5종,13526
122,김천,2012-06,6종,10705
123,구미,2012-06,1종,711070
123,구미,2012-06,2종,22181
123,구미,2012-06,3종,34524
123,구미,2012-06,4종,17394
123,구미,2012-06,5종,14102
123,구미,2012-06,6종,36474
124,상주,2012-06,1종,137989
124,상주,2012-06,2종,12361
124,상주,2012-06,3종,9765
124,상주,2012-06,4종,13686
124,상주,2012-06,5종,10504
124,상주,2012-06,6종,4969
125,남구미,2012-06,1종,490363
125,남구미,2012-06,2종,24542
125,남구미,2012-06,3종,30819
125,남구미,2012-06,4종,19264
125,남구미,2012-06,5종,40015
125,남구미,2012-06,6종,27011
126,왜관,2012-06,1종,599987
126,왜관,2012-06,2종,50611
126,왜관,2012-06,3종,31815
126,왜관,2012-06,4종,23553
126,왜관,2012-06,5종,35784
126,왜관,2012-06,6종,28433
127,서대구,2012-06,1종,1842289
127,서대구,2012-06,2종,107339
127,서대구,2012-06,3종,101313
127,서대구,2012-06,4종,49903
127,서대구,2012-06,5종,57106
127,서대구,2012-06,6종,83559
129,북대구,2012-06,1종,1686306
129,북대구,2012-06,2종,68887
129,북대구,2012-06,3종,53265
129,북대구,2012-06,4종,22656
129,북대구,2012-06,5종,29477
129,북대구,2012-06,6종,73259
131,경산,2012-06,1종,808836
131,경산,2012-06,2종,86431
131,경산,2012-06,3종,49895
131,경산,2012-06,4종,42453
131,경산,2012-06,5종,43403
131,경산,2012-06,6종,45108
132,영천,2012-06,1종,355485
132,영천,2012-06,2종,29776
132,영천,2012-06,3종,24705
132,영천,2012-06,4종,20957
132,영천,2012-06,5종,46427
132,영천,2012-06,6종,13754
133,서경주,2012-06,1종,147753
133,서경주,2012-06,2종,8990
133,서경주,2012-06,3종,9604
133,서경주,2012-06,4종,7559
133,서경주,2012-06,5종,27340
133,서경주,2012-06,6종,5102
134,선산,2012-06,1종,89638
134,선산,2012-06,2종,7022
134,선산,2012-06,3종,5295
134,선산,2012-06,4종,7225
134,선산,2012-06,5종,6315
134,선산,2012-06,6종,3369
135,경주,2012-06,1종,813522
135,경주,2012-06,2종,48161
135,경주,2012-06,3종,81593
135,경주,2012-06,4종,38546
135,경주,2012-06,5종,97997
135,경주,2012-06,6종,31200
137,통도사,2012-06,1종,279175
137,통도사,2012-06,2종,23774
137,통도사,2012-06,3종,16037
137,통도사,2012-06,4종,11661
137,통도사,2012-06,5종,16990
137,통도사,2012-06,6종,13522
138,양산,2012-06,1종,655929
138,양산,2012-06,2종,87211
138,양산,2012-06,3종,41405
138,양산,2012-06,4종,47198
138,양산,2012-06,5종,57813
138,양산,2012-06,6종,37434
139,서울산,2012-06,1종,420351
139,서울산,2012-06,2종,28354
139,서울산,2012-06,3종,29862
139,서울산,2012-06,4종,11915
139,서울산,2012-06,5종,22588
139,서울산,2012-06,6종,21931
140,부산,2012-06,1종,1471859
140,부산,2012-06,2종,69514
140,부산,2012-06,3종,50825
140,부산,2012-06,4종,35130
140,부산,2012-06,5종,65612
140,부산,2012-06,6종,84452
142,군북,2012-06,1종,308807
142,군북,2012-06,2종,13320
142,군북,2012-06,3종,13479
142,군북,2012-06,4종,9029
142,군북,2012-06,5종,17909
142,군북,2012-06,6종,18324
143,장지,2012-06,1종,108127
143,장지,2012-06,2종,6749
143,장지,2012-06,3종,4701
143,장지,2012-06,4종,4882
143,장지,2012-06,5종,16151
143,장지,2012-06,6종,6175
144,함안,2012-06,1종,243090
144,함안,2012-06,2종,15636
144,함안,2012-06,3종,8965
144,함안,2012-06,4종,8396
144,함안,2012-06,5종,16855
144,함안,2012-06,6종,15608
145,산인,2012-06,1종,677009
145,산인,2012-06,2종,20577
145,산인,2012-06,3종,32642
145,산인,2012-06,4종,13996
145,산인,2012-06,5종,23782
145,산인,2012-06,6종,39270
146,동창원,2012-06,1종,567164
146,동창원,2012-06,2종,35228
146,동창원,2012-06,3종,19422
146,동창원,2012-06,4종,16645
146,동창원,2012-06,5종,28542
146,동창원,2012-06,6종,38618
147,진례,2012-06,1종,453458
147,진례,2012-06,2종,41481
147,진례,2012-06,3종,19839
147,진례,2012-06,4종,16764
147,진례,2012-06,5종,21357
147,진례,2012-06,6종,30560
148,서김해,2012-06,1종,615594
148,서김해,2012-06,2종,24218
148,서김해,2012-06,3종,16088
148,서김해,2012-06,4종,9330
148,서김해,2012-06,5종,14303
148,서김해,2012-06,6종,43633
149,동김해,2012-06,1종,1128136
149,동김해,2012-06,2종,39765
149,동김해,2012-06,3종,24862
149,동김해,2012-06,4종,11758
149,동김해,2012-06,5종,13686
149,동김해,2012-06,6종,90272
150,북부산,2012-06,1종,2337865
150,북부산,2012-06,2종,80300
150,북부산,2012-06,3종,74865
150,북부산,2012-06,4종,40836
150,북부산,2012-06,5종,85206
150,북부산,2012-06,6종,153588
151,북대전,2012-06,1종,656432
151,북대전,2012-06,2종,21003
151,북대전,2012-06,3종,32205
151,북대전,2012-06,4종,21571
151,북대전,2012-06,5종,26957
151,북대전,2012-06,6종,38343
152,유성,2012-06,1종,1005856
152,유성,2012-06,2종,28069
152,유성,2012-06,3종,36926
152,유성,2012-06,4종,17528
152,유성,2012-06,5종,12267
152,유성,2012-06,6종,43587
153,서대전,2012-06,1종,598428
153,서대전,2012-06,2종,21885
153,서대전,2012-06,3종,16246
153,서대전,2012-06,4종,17410
153,서대전,2012-06,5종,13951
153,서대전,2012-06,6종,33078
154,안영,2012-06,1종,412557
154,안영,2012-06,2종,16294
154,안영,2012-06,3종,9554
154,안영,2012-06,4종,9856
154,안영,2012-06,5종,8651
154,안영,2012-06,6종,20442
155,논산,2012-06,1종,197963
155,논산,2012-06,2종,18448
155,논산,2012-06,3종,17531
155,논산,2012-06,4종,12418
155,논산,2012-06,5종,12383
155,논산,2012-06,6종,7545
156,익산,2012-06,1종,262550
156,익산,2012-06,2종,22962
156,익산,2012-06,3종,29461
156,익산,2012-06,4종,18694
156,익산,2012-06,5종,27321
156,익산,2012-06,6종,8363
157,삼례,2012-06,1종,104429
157,삼례,2012-06,2종,9242
157,삼례,2012-06,3종,7219
157,삼례,2012-06,4종,5784
157,삼례,2012-06,5종,10505
157,삼례,2012-06,6종,3004
158,전주,2012-06,1종,409406
158,전주,2012-06,2종,23346
158,전주,2012-06,3종,46876
158,전주,2012-06,4종,18569
158,전주,2012-06,5종,38424
158,전주,2012-06,6종,13069
159,서전주,2012-06,1종,219000
159,서전주,2012-06,2종,14573
159,서전주,2012-06,3종,11808
159,서전주,2012-06,4종,7045
159,서전주,2012-06,5종,7959
159,서전주,2012-06,6종,6304
160,김제,2012-06,1종,100687
160,김제,2012-06,2종,6996
160,김제,2012-06,3종,6639
160,김제,2012-06,4종,3083
160,김제,2012-06,5종,5386
160,김제,2012-06,6종,3000
161,금산사,2012-06,1종,36433
161,금산사,2012-06,2종,3197
161,금산사,2012-06,3종,2026
161,금산사,2012-06,4종,1041
161,금산사,2012-06,5종,2160
161,금산사,2012-06,6종,1121
162,태인,2012-06,1종,71781
162,태인,2012-06,2종,6638
162,태인,2012-06,3종,6456
162,태인,2012-06,4종,3444
162,태인,2012-06,5종,4956
162,태인,2012-06,6종,2045
163,정읍,2012-06,1종,232063
163,정읍,2012-06,2종,20851
163,정읍,2012-06,3종,20958
163,정읍,2012-06,4종,9332
163,정읍,2012-06,5종,15665
163,정읍,2012-06,6종,7328
164,무주,2012-06,1종,158138
164,무주,2012-06,2종,5190
164,무주,2012-06,3종,7189
164,무주,2012-06,4종,2757
164,무주,2012-06,5종,3324
164,무주,2012-06,6종,5895
165,백양사,2012-06,1종,73067
165,백양사,2012-06,2종,2680
165,백양사,2012-06,3종,3956
165,백양사,2012-06,4종,1718
165,백양사,2012-06,5종,9893
165,백양사,2012-06,6종,1969
166,장성,2012-06,1종,129033
166,장성,2012-06,2종,10101
166,장성,2012-06,3종,9442
166,장성,2012-06,4종,6006
166,장성,2012-06,5종,10526
166,장성,2012-06,6종,4181
167,광주,2012-06,1종,934935
167,광주,2012-06,2종,49369
167,광주,2012-06,3종,81299
167,광주,2012-06,4종,45779
167,광주,2012-06,5종,33481
167,광주,2012-06,6종,25939
168,덕유산,2012-06,1종,57369
168,덕유산,2012-06,2종,1977
168,덕유산,2012-06,3종,1669
168,덕유산,2012-06,4종,951
168,덕유산,2012-06,5종,2448
168,덕유산,2012-06,6종,1789
169,장수,2012-06,1종,97402
169,장수,2012-06,2종,4752
169,장수,2012-06,3종,4870
169,장수,2012-06,4종,2086
169,장수,2012-06,5종,4529
169,장수,2012-06,6종,3374
170,서상,2012-06,1종,46972
170,서상,2012-06,2종,2868
170,서상,2012-06,3종,4890
170,서상,2012-06,4종,3646
170,서상,2012-06,5종,4527
170,서상,2012-06,6종,1730
171,마성,2012-06,1종,402216
171,마성,2012-06,2종,6872
171,마성,2012-06,3종,25265
171,마성,2012-06,4종,1607
171,마성,2012-06,5종,1815
171,마성,2012-06,6종,21479
172,용인,2012-06,1종,785221
172,용인,2012-06,2종,65772
172,용인,2012-06,3종,34865
172,용인,2012-06,4종,22948
172,용인,2012-06,5종,13507
172,용인,2012-06,6종,52681
173,양지,2012-06,1종,759961
173,양지,2012-06,2종,97136
173,양지,2012-06,3종,53539
173,양지,2012-06,4종,47125
173,양지,2012-06,5종,41785
173,양지,2012-06,6종,40261
174,춘천,2012-06,1종,698708
174,춘천,2012-06,2종,22634
174,춘천,2012-06,3종,27583
174,춘천,2012-06,4종,10935
174,춘천,2012-06,5종,10921
174,춘천,2012-06,6종,41354
175,덕평,2012-06,1종,219542
175,덕평,2012-06,2종,40768
175,덕평,2012-06,3종,19953
175,덕평,2012-06,4종,14841
175,덕평,2012-06,5종,9001
175,덕평,2012-06,6종,12476
176,이천,2012-06,1종,568443
176,이천,2012-06,2종,42364
176,이천,2012-06,3종,44940
176,이천,2012-06,4종,38715
176,이천,2012-06,5종,37256
176,이천,2012-06,6종,26458
177,여주,2012-06,1종,472940
177,여주,2012-06,2종,27682
177,여주,2012-06,3종,49196
177,여주,2012-06,4종,24262
177,여주,2012-06,5종,14477
177,여주,2012-06,6종,17863
178,문막,2012-06,1종,333338
178,문막,2012-06,2종,26206
178,문막,2012-06,3종,32745
178,문막,2012-06,4종,12048
178,문막,2012-06,5종,19195
178,문막,2012-06,6종,13607
179,홍천,2012-06,1종,290662
179,홍천,2012-06,2종,11868
179,홍천,2012-06,3종,14976
179,홍천,2012-06,4종,9605
179,홍천,2012-06,5종,8573
179,홍천,2012-06,6종,18829
180,원주,2012-06,1종,241402
180,원주,2012-06,2종,16800
180,원주,2012-06,3종,17426
180,원주,2012-06,4종,8157
180,원주,2012-06,5종,9233
180,원주,2012-06,6종,11999
181,새말,2012-06,1종,197352
181,새말,2012-06,2종,9138
181,새말,2012-06,3종,10880
181,새말,2012-06,4종,4044
181,새말,2012-06,5종,4808
181,새말,2012-06,6종,7670
182,둔내,2012-06,1종,99145
182,둔내,2012-06,2종,4080
182,둔내,2012-06,3종,5961
182,둔내,2012-06,4종,2537
182,둔내,2012-06,5종,1025
182,둔내,2012-06,6종,3971
183,면온,2012-06,1종,69444
183,면온,2012-06,2종,1397
183,면온,2012-06,3종,3011
183,면온,2012-06,4종,941
183,면온,2012-06,5종,1167
183,면온,2012-06,6종,2503
184,대관령,2012-06,1종,180234
184,대관령,2012-06,2종,6289
184,대관령,2012-06,3종,15121
184,대관령,2012-06,4종,1049
184,대관령,2012-06,5종,1900
184,대관령,2012-06,6종,7761
185,평창,2012-06,1종,118996
185,평창,2012-06,2종,4898
185,평창,2012-06,3종,12018
185,평창,2012-06,4종,1395
185,평창,2012-06,5종,3013
185,평창,2012-06,6종,5096
186,속사,2012-06,1종,35959
186,속사,2012-06,2종,1356
186,속사,2012-06,3종,1396
186,속사,2012-06,4종,657
186,속사,2012-06,5종,808
186,속사,2012-06,6종,1210
187,진부,2012-06,1종,126468
187,진부,2012-06,2종,5238
187,진부,2012-06,3종,12326
187,진부,2012-06,4종,1655
187,진부,2012-06,5종,2019
187,진부,2012-06,6종,5946
189,강릉,2012-06,1종,450137
189,강릉,2012-06,2종,16519
189,강릉,2012-06,3종,39982
189,강릉,2012-06,4종,8359
189,강릉,2012-06,5종,10181
189,강릉,2012-06,6종,22935
190,동서울,2012-06,1종,3322838
190,동서울,2012-06,2종,202579
190,동서울,2012-06,3종,221080
190,동서울,2012-06,4종,92743
190,동서울,2012-06,5종,59845
190,동서울,2012-06,6종,144182
191,경기광주,2012-06,1종,795878
191,경기광주,2012-06,2종,48647
191,경기광주,2012-06,3종,32708
191,경기광주,2012-06,4종,10653
191,경기광주,2012-06,5종,6761
191,경기광주,2012-06,6종,50871
192,곤지암,2012-06,1종,753477
192,곤지암,2012-06,2종,71686
192,곤지암,2012-06,3종,38046
192,곤지암,2012-06,4종,29975
192,곤지암,2012-06,5종,21662
192,곤지암,2012-06,6종,38601
193,일죽,2012-06,1종,467580
193,일죽,2012-06,2종,44561
193,일죽,2012-06,3종,32898
193,일죽,2012-06,4종,29149
193,일죽,2012-06,5종,20745
193,일죽,2012-06,6종,17591
194,서이천,2012-06,1종,413531
194,서이천,2012-06,2종,60070
194,서이천,2012-06,3종,43515
194,서이천,2012-06,4종,27878
194,서이천,2012-06,5종,13651
194,서이천,2012-06,6종,21660
195,대소,2012-06,1종,381692
195,대소,2012-06,2종,58884
195,대소,2012-06,3종,40933
195,대소,2012-06,4종,33673
195,대소,2012-06,5종,26096
195,대소,2012-06,6종,16137
196,진천,2012-06,1종,208856
196,진천,2012-06,2종,18787
196,진천,2012-06,3종,16572
196,진천,2012-06,4종,13523
196,진천,2012-06,5종,13878
196,진천,2012-06,6종,8213
197,증평,2012-06,1종,423305
197,증평,2012-06,2종,30707
197,증평,2012-06,3종,29376
197,증평,2012-06,4종,19171
197,증평,2012-06,5종,27547
197,증평,2012-06,6종,17408
198,서청주,2012-06,1종,737541
198,서청주,2012-06,2종,38979
198,서청주,2012-06,3종,40899
198,서청주,2012-06,4종,28691
198,서청주,2012-06,5종,22011
198,서청주,2012-06,6종,35535
199,오창,2012-06,1종,470545
199,오창,2012-06,2종,25110
199,오창,2012-06,3종,26944
199,오창,2012-06,4종,15387
199,오창,2012-06,5종,15935
199,오창,2012-06,6종,22580
200,금산,2012-06,1종,151747
200,금산,2012-06,2종,4806
200,금산,2012-06,3종,6650
200,금산,2012-06,4종,4281
200,금산,2012-06,5종,6682
200,금산,2012-06,6종,6184
201,칠곡,2012-06,1종,589079
201,칠곡,2012-06,2종,26874
201,칠곡,2012-06,3종,22436
201,칠곡,2012-06,4종,8388
201,칠곡,2012-06,5종,14240
201,칠곡,2012-06,6종,30768
202,다부,2012-06,1종,115696
202,다부,2012-06,2종,8620
202,다부,2012-06,3종,4607
202,다부,2012-06,4종,1990
202,다부,2012-06,5종,8361
202,다부,2012-06,6종,4483
203,가산,2012-06,1종,489191
203,가산,2012-06,2종,24539
203,가산,2012-06,3종,19270
203,가산,2012-06,4종,12975
203,가산,2012-06,5종,25836
203,가산,2012-06,6종,21452
204,추부,2012-06,1종,163928
204,추부,2012-06,2종,9992
204,추부,2012-06,3종,8614
204,추부,2012-06,4종,3307
204,추부,2012-06,5종,4473
204,추부,2012-06,6종,8556
205,군위,2012-06,1종,137400
205,군위,2012-06,2종,6837
205,군위,2012-06,3종,3794
205,군위,2012-06,4종,2292
205,군위,2012-06,5종,8837
205,군위,2012-06,6종,6221
206,의성,2012-06,1종,167584
206,의성,2012-06,2종,5971
206,의성,2012-06,3종,3991
206,의성,2012-06,4종,1880
206,의성,2012-06,5종,4242
206,의성,2012-06,6종,5622
207,남안동,2012-06,1종,245658
207,남안동,2012-06,2종,9988
207,남안동,2012-06,3종,7061
207,남안동,2012-06,4종,4237
207,남안동,2012-06,5종,5080
207,남안동,2012-06,6종,8604
208,서안동,2012-06,1종,165946
208,서안동,2012-06,2종,7805
208,서안동,2012-06,3종,15647
208,서안동,2012-06,4종,3383
208,서안동,2012-06,5종,6509
208,서안동,2012-06,6종,5663
209,예천,2012-06,1종,26844
209,예천,2012-06,2종,732
209,예천,2012-06,3종,405
209,예천,2012-06,4종,194
209,예천,2012-06,5종,1445
209,예천,2012-06,6종,888
210,영주,2012-06,1종,123871
210,영주,2012-06,2종,5610
210,영주,2012-06,3종,6586
210,영주,2012-06,4종,2764
210,영주,2012-06,5종,10589
210,영주,2012-06,6종,4294
211,풍기,2012-06,1종,172216
211,풍기,2012-06,2종,6486
211,풍기,2012-06,3종,13880
211,풍기,2012-06,4종,3427
211,풍기,2012-06,5종,8501
211,풍기,2012-06,6종,6374
212,북수원,2012-06,1종,1156170
212,북수원,2012-06,2종,48002
212,북수원,2012-06,3종,55827
212,북수원,2012-06,4종,29621
212,북수원,2012-06,5종,20660
212,북수원,2012-06,6종,66653
213,부곡,2012-06,1종,371616
213,부곡,2012-06,2종,11586
213,부곡,2012-06,3종,8808
213,부곡,2012-06,4종,10870
213,부곡,2012-06,5종,61609
213,부곡,2012-06,6종,24969
214,동군포,2012-06,1종,153518
214,동군포,2012-06,2종,11248
214,동군포,2012-06,3종,7692
214,동군포,2012-06,4종,21178
214,동군포,2012-06,5종,17842
214,동군포,2012-06,6종,10319
215,군포,2012-06,1종,1011021
215,군포,2012-06,2종,66229
215,군포,2012-06,3종,44542
215,군포,2012-06,4종,23920
215,군포,2012-06,5종,37351
215,군포,2012-06,6종,73538
216,횡성,2012-06,1종,171016
216,횡성,2012-06,2종,7632
216,횡성,2012-06,3종,8280
216,횡성,2012-06,4종,4046
216,횡성,2012-06,5종,10273
216,횡성,2012-06,6종,8156
217,북원주,2012-06,1종,74332
217,북원주,2012-06,2종,4482
217,북원주,2012-06,3종,3079
217,북원주,2012-06,4종,1926
217,북원주,2012-06,5종,4618
217,북원주,2012-06,6종,4758
218,남원주,2012-06,1종,502926
218,남원주,2012-06,2종,19587
218,남원주,2012-06,3종,29365
218,남원주,2012-06,4종,6623
218,남원주,2012-06,5종,8745
218,남원주,2012-06,6종,25304
219,신림,2012-06,1종,110530
219,신림,2012-06,2종,3555
219,신림,2012-06,3종,3815
219,신림,2012-06,4종,3290
219,신림,2012-06,5종,7896
219,신림,2012-06,6종,4113
221,생초,2012-06,1종,58536
221,생초,2012-06,2종,3210
221,생초,2012-06,3종,3649
221,생초,2012-06,4종,2916
221,생초,2012-06,5종,14596
221,생초,2012-06,6종,2125
222,산청,2012-06,1종,51701
222,산청,2012-06,2종,2322
222,산청,2012-06,3종,2813
222,산청,2012-06,4종,1817
222,산청,2012-06,5종,2320
222,산청,2012-06,6종,2054
223,단성,2012-06,1종,100310
223,단성,2012-06,2종,4782
223,단성,2012-06,3종,13399
223,단성,2012-06,4종,6049
223,단성,2012-06,5종,12789
223,단성,2012-06,6종,4165
224,함양,2012-06,1종,100803
224,함양,2012-06,2종,4718
224,함양,2012-06,3종,7942
224,함양,2012-06,4종,2286
224,함양,2012-06,5종,3134
224,함양,2012-06,6종,4573
225,서진주,2012-06,1종,306670
225,서진주,2012-06,2종,8681
225,서진주,2012-06,3종,6607
225,서진주,2012-06,4종,2882
225,서진주,2012-06,5종,4952
225,서진주,2012-06,6종,20213
227,군산,2012-06,1종,235941
227,군산,2012-06,2종,9666
227,군산,2012-06,3종,16534
227,군산,2012-06,4종,13288
227,군산,2012-06,5종,35079
227,군산,2012-06,6종,6948
228,동군산,2012-06,1종,228170
228,동군산,2012-06,2종,12617
228,동군산,2012-06,3종,15315
228,동군산,2012-06,4종,8740
228,동군산,2012-06,5종,21685
228,동군산,2012-06,6종,6029
230,팔공산,2012-06,1종,558917
230,팔공산,2012-06,2종,23161
230,팔공산,2012-06,3종,12519
230,팔공산,2012-06,4종,9495
230,팔공산,2012-06,5종,13083
230,팔공산,2012-06,6종,25410
231,화원옥포,2012-06,1종,609140
231,화원옥포,2012-06,2종,41571
231,화원옥포,2012-06,3종,20634
231,화원옥포,2012-06,4종,8774
231,화원옥포,2012-06,5종,14586
231,화원옥포,2012-06,6종,30747
232,달성,2012-06,1종,360693
232,달성,2012-06,2종,24995
232,달성,2012-06,3종,21035
232,달성,2012-06,4종,6310
232,달성,2012-06,5종,8478
232,달성,2012-06,6종,24875
233,현풍,2012-06,1종,388650
233,현풍,2012-06,2종,37657
233,현풍,2012-06,3종,22388
233,현풍,2012-06,4종,16856
233,현풍,2012-06,5종,33937
233,현풍,2012-06,6종,18932
234,서천,2012-06,1종,108670
234,서천,2012-06,2종,4484
234,서천,2012-06,3종,5113
234,서천,2012-06,4종,6762
234,서천,2012-06,5종,7275
234,서천,2012-06,6종,3535
235,창녕,2012-06,1종,162537
235,창녕,2012-06,2종,8246
235,창녕,2012-06,3종,9808
235,창녕,2012-06,4종,3728
235,창녕,2012-06,5종,6940
235,창녕,2012-06,6종,7217
236,영산,2012-06,1종,139814
236,영산,2012-06,2종,9557
236,영산,2012-06,3종,10419
236,영산,2012-06,4종,6089
236,영산,2012-06,5종,7956
236,영산,2012-06,6종,5912
237,남지,2012-06,1종,137366
237,남지,2012-06,2종,9847
237,남지,2012-06,3종,11662
237,남지,2012-06,4종,7636
237,남지,2012-06,5종,13743
237,남지,2012-06,6종,9181
238,칠서,2012-06,1종,213779
238,칠서,2012-06,2종,27977
238,칠서,2012-06,3종,13559
238,칠서,2012-06,4종,18598
238,칠서,2012-06,5종,36062
238,칠서,2012-06,6종,13218
239,칠원,2012-06,1종,513145
239,칠원,2012-06,2종,28551
239,칠원,2012-06,3종,44066
239,칠원,2012-06,4종,30807
239,칠원,2012-06,5종,34453
239,칠원,2012-06,6종,25906
240,제천,2012-06,1종,434775
240,제천,2012-06,2종,15482
240,제천,2012-06,3종,26737
240,제천,2012-06,4종,8767
240,제천,2012-06,5종,18905
240,제천,2012-06,6종,18066
241,동고령,2012-06,1종,250736
241,동고령,2012-06,2종,19731
241,동고령,2012-06,3종,15174
241,동고령,2012-06,4종,10586
241,동고령,2012-06,5종,15585
241,동고령,2012-06,6종,10431
242,고령,2012-06,1종,187695
242,고령,2012-06,2종,12344
242,고령,2012-06,3종,10321
242,고령,2012-06,4종,5709
242,고령,2012-06,5종,12242
242,고령,2012-06,6종,7234
243,해인사,2012-06,1종,105617
243,해인사,2012-06,2종,3669
243,해인사,2012-06,3종,3341
243,해인사,2012-06,4종,1020
243,해인사,2012-06,5종,1521
243,해인사,2012-06,6종,4532
244,서부산,2012-06,1종,2013859
244,서부산,2012-06,2종,83154
244,서부산,2012-06,3종,93487
244,서부산,2012-06,4종,53049
244,서부산,2012-06,5종,173627
244,서부산,2012-06,6종,129633
245,장유,2012-06,1종,1296965
245,장유,2012-06,2종,47626
245,장유,2012-06,3종,46594
245,장유,2012-06,4종,20551
245,장유,2012-06,5종,30509
245,장유,2012-06,6종,97107
246,가락,2012-06,1종,725123
246,가락,2012-06,2종,39793
246,가락,2012-06,3종,27027
246,가락,2012-06,4종,38900
246,가락,2012-06,5종,159220
246,가락,2012-06,6종,49107
247,남원,2012-06,1종,136807
247,남원,2012-06,2종,7015
247,남원,2012-06,3종,8480
247,남원,2012-06,4종,2252
247,남원,2012-06,5종,10974
247,남원,2012-06,6종,5323
248,순창,2012-06,1종,118216
248,순창,2012-06,2종,4476
248,순창,2012-06,3종,4642
248,순창,2012-06,4종,2350
248,순창,2012-06,5종,5994
248,순창,2012-06,6종,4198
249,담양,2012-06,1종,174312
249,담양,2012-06,2종,5811
249,담양,2012-06,3종,15378
249,담양,2012-06,4종,2936
249,담양,2012-06,5종,6489
249,담양,2012-06,6종,5804
250,남양산,2012-06,1종,918490
250,남양산,2012-06,2종,54634
250,남양산,2012-06,3종,38200
250,남양산,2012-06,4종,22514
250,남양산,2012-06,5종,30457
250,남양산,2012-06,6종,68591
251,물금,2012-06,1종,414592
251,물금,2012-06,2종,43771
251,물금,2012-06,3종,19172
251,물금,2012-06,4종,36427
251,물금,2012-06,5종,61189
251,물금,2012-06,6종,29738
252,대동,2012-06,1종,2301913
252,대동,2012-06,2종,199336
252,대동,2012-06,3종,118211
252,대동,2012-06,4종,100649
252,대동,2012-06,5종,265120
252,대동,2012-06,6종,122347
253,서서울,2012-06,1종,4755334
253,서서울,2012-06,2종,234294
253,서서울,2012-06,3종,155018
253,서서울,2012-06,4종,124568
253,서서울,2012-06,5종,128971
253,서서울,2012-06,6종,277607
254,군자,2012-06,1종,2904557
254,군자,2012-06,2종,183135
254,군자,2012-06,3종,171256
254,군자,2012-06,4종,127058
254,군자,2012-06,5종,264565
254,군자,2012-06,6종,191349
255,서안산,2012-06,1종,1865297
255,서안산,2012-06,2종,141284
255,서안산,2012-06,3종,73814
255,서안산,2012-06,4종,71071
255,서안산,2012-06,5종,89796
255,서안산,2012-06,6종,144659
256,안산,2012-06,1종,916273
256,안산,2012-06,2종,27304
256,안산,2012-06,3종,20704
256,안산,2012-06,4종,6295
256,안산,2012-06,5종,7409
256,안산,2012-06,6종,65723
257,홍성,2012-06,1종,242215
257,홍성,2012-06,2종,7185
257,홍성,2012-06,3종,9597
257,홍성,2012-06,4종,3825
257,홍성,2012-06,5종,5263
257,홍성,2012-06,6종,7738
258,광천,2012-06,1종,122107
258,광천,2012-06,2종,6891
258,광천,2012-06,3종,7083
258,광천,2012-06,4종,5355
258,광천,2012-06,5종,11342
258,광천,2012-06,6종,4319
259,대천,2012-06,1종,247229
259,대천,2012-06,2종,9701
259,대천,2012-06,3종,11222
259,대천,2012-06,4종,3448
259,대천,2012-06,5종,4048
259,대천,2012-06,6종,8952
260,춘장대,2012-06,1종,67781
260,춘장대,2012-06,2종,1810
260,춘장대,2012-06,3종,1565
260,춘장대,2012-06,4종,889
260,춘장대,2012-06,5종,1855
260,춘장대,2012-06,6종,1773
261,동광주,2012-06,1종,1059099
261,동광주,2012-06,2종,42630
261,동광주,2012-06,3종,66346
261,동광주,2012-06,4종,27729
261,동광주,2012-06,5종,60204
261,동광주,2012-06,6종,34874
262,창평,2012-06,1종,93778
262,창평,2012-06,2종,6087
262,창평,2012-06,3종,3996
262,창평,2012-06,4종,2395
262,창평,2012-06,5종,1793
262,창평,2012-06,6종,2927
263,옥과,2012-06,1종,186358
263,옥과,2012-06,2종,5029
263,옥과,2012-06,3종,9068
263,옥과,2012-06,4종,3599
263,옥과,2012-06,5종,4733
263,옥과,2012-06,6종,8189
264,동남원,2012-06,1종,44356
264,동남원,2012-06,2종,2179
264,동남원,2012-06,3종,2847
264,동남원,2012-06,4종,1080
264,동남원,2012-06,5종,3694
264,동남원,2012-06,6종,2064
265,곡성,2012-06,1종,165427
265,곡성,2012-06,2종,6187
265,곡성,2012-06,3종,6102
265,곡성,2012-06,4종,2246
265,곡성,2012-06,5종,7328
265,곡성,2012-06,6종,6549
266,석곡,2012-06,1종,46751
266,석곡,2012-06,2종,1640
266,석곡,2012-06,3종,1934
266,석곡,2012-06,4종,601
266,석곡,2012-06,5종,1386
266,석곡,2012-06,6종,1378
267,주암송광사,2012-06,1종,130916
267,주암송광사,2012-06,2종,4817
267,주암송광사,2012-06,3종,4100
267,주암송광사,2012-06,4종,3294
267,주암송광사,2012-06,5종,5868
267,주암송광사,2012-06,6종,3810
268,승주,2012-06,1종,64944
268,승주,2012-06,2종,1757
268,승주,2012-06,3종,2174
268,승주,2012-06,4종,741
268,승주,2012-06,5종,929
268,승주,2012-06,6종,3025
269,지리산,2012-06,1종,53899
269,지리산,2012-06,2종,2577
269,지리산,2012-06,3종,3600
269,지리산,2012-06,4종,1868
269,지리산,2012-06,5종,1150
269,지리산,2012-06,6종,1560
270,서순천,2012-06,1종,156048
270,서순천,2012-06,2종,6376
270,서순천,2012-06,3종,10387
270,서순천,2012-06,4종,2323
270,서순천,2012-06,5종,3659
270,서순천,2012-06,6종,5570
271,순천,2012-06,1종,578244
271,순천,2012-06,2종,19495
271,순천,2012-06,3종,24015
271,순천,2012-06,4종,10783
271,순천,2012-06,5종,39572
271,순천,2012-06,6종,18198
272,광양,2012-06,1종,267184
272,광양,2012-06,2종,14021
272,광양,2012-06,3종,24317
272,광양,2012-06,4종,19466
272,광양,2012-06,5종,70498
272,광양,2012-06,6종,8425
273,동광양,2012-06,1종,132408
273,동광양,2012-06,2종,3218
273,동광양,2012-06,3종,3743
273,동광양,2012-06,4종,2247
273,동광양,2012-06,5종,17148
273,동광양,2012-06,6종,5907
274,가조,2012-06,1종,56346
274,가조,2012-06,2종,2353
274,가조,2012-06,3종,3680
274,가조,2012-06,4종,1464
274,가조,2012-06,5종,1753
274,가조,2012-06,6종,3180
275,옥곡,2012-06,1종,197144
275,옥곡,2012-06,2종,4419
275,옥곡,2012-06,3종,16043
275,옥곡,2012-06,4종,1973
275,옥곡,2012-06,5종,8336
275,옥곡,2012-06,6종,7411
276,진월,2012-06,1종,75326
276,진월,2012-06,2종,2207
276,진월,2012-06,3종,2091
276,진월,2012-06,4종,5838
276,진월,2012-06,5종,39849
276,진월,2012-06,6종,2629
277,하동,2012-06,1종,197153
277,하동,2012-06,2종,6051
277,하동,2012-06,3종,8776
277,하동,2012-06,4종,9788
277,하동,2012-06,5종,40440
277,하동,2012-06,6종,8294
278,진교,2012-06,1종,162873
278,진교,2012-06,2종,5546
278,진교,2012-06,3종,13607
278,진교,2012-06,4종,1593
278,진교,2012-06,5종,4020
278,진교,2012-06,6종,9307
279,곤양,2012-06,1종,114327
279,곤양,2012-06,2종,4807
279,곤양,2012-06,3종,6634
279,곤양,2012-06,4종,3022
279,곤양,2012-06,5종,9839
279,곤양,2012-06,6종,5738
280,거창,2012-06,1종,157078
280,거창,2012-06,2종,9562
280,거창,2012-06,3종,15595
280,거창,2012-06,4종,3216
280,거창,2012-06,5종,3984
280,거창,2012-06,6종,7784
281,매송,2012-06,1종,489540
281,매송,2012-06,2종,36713
281,매송,2012-06,3종,26371
281,매송,2012-06,4종,16830
281,매송,2012-06,5종,24593
281,매송,2012-06,6종,25459
282,비봉,2012-06,1종,819163
282,비봉,2012-06,2종,61867
282,비봉,2012-06,3종,40850
282,비봉,2012-06,4종,28872
282,비봉,2012-06,5종,48507
282,비봉,2012-06,6종,46950
283,발안,2012-06,1종,467975
283,발안,2012-06,2종,41162
283,발안,2012-06,3종,22613
283,발안,2012-06,4종,19802
283,발안,2012-06,5종,25289
283,발안,2012-06,6종,26360
284,남양양,2012-06,1종,51048
284,남양양,2012-06,2종,1442
284,남양양,2012-06,3종,2809
284,남양양,2012-06,4종,699
284,남양양,2012-06,5종,934
284,남양양,2012-06,6종,1620
285,서평택,2012-06,1종,597844
285,서평택,2012-06,2종,51748
285,서평택,2012-06,3종,49858
285,서평택,2012-06,4종,64515
285,서평택,2012-06,5종,119717
285,서평택,2012-06,6종,30979
286,통도사휴게소,2012-06,1종,22175
286,통도사휴게소,2012-06,2종,229
286,통도사휴게소,2012-06,3종,1656
286,통도사휴게소,2012-06,4종,0
286,통도사휴게소,2012-06,5종,0
286,통도사휴게소,2012-06,6종,827
287,송악,2012-06,1종,494555
287,송악,2012-06,2종,26199
287,송악,2012-06,3종,20649
287,송악,2012-06,4종,22651
287,송악,2012-06,5종,117977
287,송악,2012-06,6종,20901
288,당진,2012-06,1종,393466
288,당진,2012-06,2종,20424
288,당진,2012-06,3종,22479
288,당진,2012-06,4종,13955
288,당진,2012-06,5종,47443
288,당진,2012-06,6종,16099
289,마산,2012-06,1종,888708
289,마산,2012-06,2종,40336
289,마산,2012-06,3종,41176
289,마산,2012-06,4종,16507
289,마산,2012-06,5종,22880
289,마산,2012-06,6종,60213
290,축동,2012-06,1종,46014
290,축동,2012-06,2종,2714
290,축동,2012-06,3종,1328
290,축동,2012-06,4종,1802
290,축동,2012-06,5종,7460
290,축동,2012-06,6종,2249
291,사천,2012-06,1종,627481
291,사천,2012-06,2종,27925
291,사천,2012-06,3종,27969
291,사천,2012-06,4종,14674
291,사천,2012-06,5종,27512
291,사천,2012-06,6종,40156
292,진주,2012-06,1종,625154
292,진주,2012-06,2종,26034
292,진주,2012-06,3종,49207
292,진주,2012-06,4종,13222
292,진주,2012-06,5종,35579
292,진주,2012-06,6종,41033
293,문산,2012-06,1종,272902
293,문산,2012-06,2종,12851
293,문산,2012-06,3종,7943
293,문산,2012-06,4종,5617
293,문산,2012-06,5종,12663
293,문산,2012-06,6종,16069
294,북창원,2012-06,1종,198472
294,북창원,2012-06,2종,10379
294,북창원,2012-06,3종,5383
294,북창원,2012-06,4종,7322
294,북창원,2012-06,5종,9786
294,북창원,2012-06,6종,9135
295,진성,2012-06,1종,136549
295,진성,2012-06,2종,9350
295,진성,2012-06,3종,5348
295,진성,2012-06,4종,4260
295,진성,2012-06,5종,12674
295,진성,2012-06,6종,6540
296,지수,2012-06,1종,48179
296,지수,2012-06,2종,3446
296,지수,2012-06,3종,2105
296,지수,2012-06,4종,1348
296,지수,2012-06,5종,5258
296,지수,2012-06,6종,3030
298,서산,2012-06,1종,518728
298,서산,2012-06,2종,20786
298,서산,2012-06,3종,30985
298,서산,2012-06,4종,22132
298,서산,2012-06,5종,36083
298,서산,2012-06,6종,18554
299,해미,2012-06,1종,139926
299,해미,2012-06,2종,6807
299,해미,2012-06,3종,7549
299,해미,2012-06,4종,4764
299,해미,2012-06,5종,9099
299,해미,2012-06,6종,5088
501,서김제,2012-06,1종,54719
501,서김제,2012-06,2종,3399
501,서김제,2012-06,3종,3580
501,서김제,2012-06,4종,2141
501,서김제,2012-06,5종,3153
501,서김제,2012-06,6종,1511
502,부안,2012-06,1종,93901
502,부안,2012-06,2종,6208
502,부안,2012-06,3종,5829
502,부안,2012-06,4종,2190
502,부안,2012-06,5종,3460
502,부안,2012-06,6종,2476
503,줄포,2012-06,1종,75381
503,줄포,2012-06,2종,2757
503,줄포,2012-06,3종,3724
503,줄포,2012-06,4종,1476
503,줄포,2012-06,5종,1130
503,줄포,2012-06,6종,1777
504,선운산,2012-06,1종,103011
504,선운산,2012-06,2종,6007
504,선운산,2012-06,3종,8371
504,선운산,2012-06,4종,5655
504,선운산,2012-06,5종,5843
504,선운산,2012-06,6종,2768
505,고창,2012-06,1종,86268
505,고창,2012-06,2종,4125
505,고창,2012-06,3종,3579
505,고창,2012-06,4종,1482
505,고창,2012-06,5종,1378
505,고창,2012-06,6종,2629
506,영광,2012-06,1종,75228
506,영광,2012-06,2종,4327
506,영광,2012-06,3종,6432
506,영광,2012-06,4종,2208
506,영광,2012-06,5종,2823
506,영광,2012-06,6종,1828
507,함평,2012-06,1종,56081
507,함평,2012-06,2종,4818
507,함평,2012-06,3종,5783
507,함평,2012-06,4종,3200
507,함평,2012-06,5종,7777
507,함평,2012-06,6종,1479
508,무안,2012-06,1종,170933
508,무안,2012-06,2종,6022
508,무안,2012-06,3종,6575
508,무안,2012-06,4종,4717
508,무안,2012-06,5종,6535
508,무안,2012-06,6종,4877
509,목포,2012-06,1종,664289
509,목포,2012-06,2종,25412
509,목포,2012-06,3종,33527
509,목포,2012-06,4종,20715
509,목포,2012-06,5종,35292
509,목포,2012-06,6종,18106
511,무창포,2012-06,1종,76406
511,무창포,2012-06,2종,2820
511,무창포,2012-06,3종,2417
511,무창포,2012-06,4종,1438
511,무창포,2012-06,5종,3435
511,무창포,2012-06,6종,2272
512,연화산,2012-06,1종,37852
512,연화산,2012-06,2종,2003
512,연화산,2012-06,3종,896
512,연화산,2012-06,4종,796
512,연화산,2012-06,5종,3039
512,연화산,2012-06,6종,2235
513,고성,2012-06,1종,311188
513,고성,2012-06,2종,13294
513,고성,2012-06,3종,12520
513,고성,2012-06,4종,9637
513,고성,2012-06,5종,11000
513,고성,2012-06,6종,15632
514,동고성,2012-06,1종,93829
514,동고성,2012-06,2종,5195
514,동고성,2012-06,3종,4955
514,동고성,2012-06,4종,6731
514,동고성,2012-06,5종,14454
514,동고성,2012-06,6종,6360
515,북통영,2012-06,1종,121500
515,북통영,2012-06,2종,3827
515,북통영,2012-06,3종,8476
515,북통영,2012-06,4종,1634
515,북통영,2012-06,5종,2538
515,북통영,2012-06,6종,6308
516,통영,2012-06,1종,475310
516,통영,2012-06,2종,18243
516,통영,2012-06,3종,23108
516,통영,2012-06,4종,15217
516,통영,2012-06,5종,19986
516,통영,2012-06,6종,23743
518,칠곡물류,2012-06,1종,35906
518,칠곡물류,2012-06,2종,10260
518,칠곡물류,2012-06,3종,3395
518,칠곡물류,2012-06,4종,6611
518,칠곡물류,2012-06,5종,8621
518,칠곡물류,2012-06,6종,1525
519,남대구,2012-06,1종,1348568
519,남대구,2012-06,2종,73812
519,남대구,2012-06,3종,65065
519,남대구,2012-06,4종,23097
519,남대구,2012-06,5종,36303
519,남대구,2012-06,6종,67068
520,평택,2012-06,1종,486047
520,평택,2012-06,2종,33237
520,평택,2012-06,3종,41230
520,평택,2012-06,4종,17926
520,평택,2012-06,5종,25846
520,평택,2012-06,6종,25406
521,단양,2012-06,1종,71143
521,단양,2012-06,2종,2266
521,단양,2012-06,3종,4889
521,단양,2012-06,4종,1438
521,단양,2012-06,5종,8892
521,단양,2012-06,6종,2826
522,북단양,2012-06,1종,88551
522,북단양,2012-06,2종,3349
522,북단양,2012-06,3종,4586
522,북단양,2012-06,4종,5277
522,북단양,2012-06,5종,30087
522,북단양,2012-06,6종,3210
523,남제천,2012-06,1종,70565
523,남제천,2012-06,2종,2460
523,남제천,2012-06,3종,3897
523,남제천,2012-06,4종,1137
523,남제천,2012-06,5종,2515
523,남제천,2012-06,6종,2322
524,청통와촌,2012-06,1종,229591
524,청통와촌,2012-06,2종,14583
524,청통와촌,2012-06,3종,5885
524,청통와촌,2012-06,4종,4755
524,청통와촌,2012-06,5종,5833
524,청통와촌,2012-06,6종,9333
525,북영천,2012-06,1종,181402
525,북영천,2012-06,2종,7346
525,북영천,2012-06,3종,4634
525,북영천,2012-06,4종,3128
525,북영천,2012-06,5종,6332
525,북영천,2012-06,6종,6211
526,서포항,2012-06,1종,93785
526,서포항,2012-06,2종,2396
526,서포항,2012-06,3종,2111
526,서포항,2012-06,4종,793
526,서포항,2012-06,5종,3228
526,서포항,2012-06,6종,4988
527,포항,2012-06,1종,673219
527,포항,2012-06,2종,19138
527,포항,2012-06,3종,28936
527,포항,2012-06,4종,8015
527,포항,2012-06,5종,36720
527,포항,2012-06,6종,26003
528,기흥동탄,2012-06,1종,954498
528,기흥동탄,2012-06,2종,29351
528,기흥동탄,2012-06,3종,70460
528,기흥동탄,2012-06,4종,16869
528,기흥동탄,2012-06,5종,17179
528,기흥동탄,2012-06,6종,55493
529,노포,2012-06,1종,215309
529,노포,2012-06,2종,16568
529,노포,2012-06,3종,38075
529,노포,2012-06,4종,6652
529,노포,2012-06,5종,7629
529,노포,2012-06,6종,11802
530,내장산,2012-06,1종,42683
530,내장산,2012-06,2종,1416
530,내장산,2012-06,3종,813
530,내장산,2012-06,4종,622
530,내장산,2012-06,5종,4411
530,내장산,2012-06,6종,1542
531,문의청남대,2012-06,1종,179826
531,문의청남대,2012-06,2종,8158
531,문의청남대,2012-06,3종,9858
531,문의청남대,2012-06,4종,7292
531,문의청남대,2012-06,5종,9368
531,문의청남대,2012-06,6종,7311
532,회인,2012-06,1종,46853
532,회인,2012-06,2종,1598
532,회인,2012-06,3종,860
532,회인,2012-06,4종,1672
532,회인,2012-06,5종,1362
532,회인,2012-06,6종,1779
533,보은,2012-06,1종,119153
533,보은,2012-06,2종,5601
533,보은,2012-06,3종,4593
533,보은,2012-06,4종,2893
533,보은,2012-06,5종,3387
533,보은,2012-06,6종,4894
534,속리산,2012-06,1종,51988
534,속리산,2012-06,2종,1921
534,속리산,2012-06,3종,2228
534,속리산,2012-06,4종,1399
534,속리산,2012-06,5종,1679
534,속리산,2012-06,6종,1599
535,화서,2012-06,1종,52778
535,화서,2012-06,2종,1955
535,화서,2012-06,3종,3033
535,화서,2012-06,4종,1458
535,화서,2012-06,5종,2066
535,화서,2012-06,6종,2148
536,남상주,2012-06,1종,101226
536,남상주,2012-06,2종,4984
536,남상주,2012-06,3종,7647
536,남상주,2012-06,4종,4207
536,남상주,2012-06,5종,5026
536,남상주,2012-06,6종,4227
537,남김천,2012-06,1종,68468
537,남김천,2012-06,2종,7775
537,남김천,2012-06,3종,3956
537,남김천,2012-06,4종,6053
537,남김천,2012-06,5종,10080
537,남김천,2012-06,6종,2435
538,성주,2012-06,1종,71064
538,성주,2012-06,2종,7802
538,성주,2012-06,3종,4929
538,성주,2012-06,4종,5705
538,성주,2012-06,5종,4862
538,성주,2012-06,6종,2224
539,남성주,2012-06,1종,44646
539,남성주,2012-06,2종,6896
539,남성주,2012-06,3종,2893
539,남성주,2012-06,4종,4782
539,남성주,2012-06,5종,4540
539,남성주,2012-06,6종,1447
540,청북,2012-06,1종,312854
540,청북,2012-06,2종,45235
540,청북,2012-06,3종,28281
540,청북,2012-06,4종,25295
540,청북,2012-06,5종,32674
540,청북,2012-06,6종,16907
541,송탄,2012-06,1종,338703
541,송탄,2012-06,2종,36402
541,송탄,2012-06,3종,23576
541,송탄,2012-06,4종,29931
541,송탄,2012-06,5종,23319
541,송탄,2012-06,6종,16987
542,서안성,2012-06,1종,301339
542,서안성,2012-06,2종,34204
542,서안성,2012-06,3종,28238
542,서안성,2012-06,4종,21494
542,서안성,2012-06,5종,24467
542,서안성,2012-06,6종,13661
543,남안성,2012-06,1종,402421
543,남안성,2012-06,2종,44872
543,남안성,2012-06,3종,31615
543,남안성,2012-06,4종,28424
543,남안성,2012-06,5종,44053
543,남안성,2012-06,6종,21539
544,완주,2012-06,1종,155319
544,완주,2012-06,2종,8782
544,완주,2012-06,3종,7909
544,완주,2012-06,4종,8368
544,완주,2012-06,5종,13269
544,완주,2012-06,6종,5132
545,소양,2012-06,1종,130934
545,소양,2012-06,2종,6055
545,소양,2012-06,3종,7943
545,소양,2012-06,4종,2813
545,소양,2012-06,5종,6236
545,소양,2012-06,6종,4268
546,진안,2012-06,1종,52550
546,진안,2012-06,2종,2490
546,진안,2012-06,3종,2858
546,진안,2012-06,4종,906
546,진안,2012-06,5종,1287
546,진안,2012-06,6종,1692
547,무안공항,2012-06,1종,36357
547,무안공항,2012-06,2종,1079
547,무안공항,2012-06,3종,1369
547,무안공항,2012-06,4종,566
547,무안공항,2012-06,5종,850
547,무안공항,2012-06,6종,833
548,북무안,2012-06,1종,110857
548,북무안,2012-06,2종,4013
548,북무안,2012-06,3종,4337
548,북무안,2012-06,4종,2674
548,북무안,2012-06,5종,2110
548,북무안,2012-06,6종,2264
549,동함평,2012-06,1종,146117
549,동함평,2012-06,2종,5091
549,동함평,2012-06,3종,4444
549,동함평,2012-06,4종,2128
549,동함평,2012-06,5종,4299
549,동함평,2012-06,6종,5994
550,문평,2012-06,1종,39298
550,문평,2012-06,2종,1426
550,문평,2012-06,3종,1189
550,문평,2012-06,4종,623
550,문평,2012-06,5종,4008
550,문평,2012-06,6종,1424
551,나주,2012-06,1종,61297
551,나주,2012-06,2종,2730
551,나주,2012-06,3종,1610
551,나주,2012-06,4종,893
551,나주,2012-06,5종,1396
551,나주,2012-06,6종,2383
552,서광산,2012-06,1종,36537
552,서광산,2012-06,2종,2593
552,서광산,2012-06,3종,1325
552,서광산,2012-06,4종,620
552,서광산,2012-06,5종,1609
552,서광산,2012-06,6종,1088
553,동광산,2012-06,1종,740555
553,동광산,2012-06,2종,19728
553,동광산,2012-06,3종,24010
553,동광산,2012-06,4종,9237
553,동광산,2012-06,5종,20664
553,동광산,2012-06,6종,23682
554,동홍천,2012-06,1종,416036
554,동홍천,2012-06,2종,6867
554,동홍천,2012-06,3종,20544
554,동홍천,2012-06,4종,2975
554,동홍천,2012-06,5종,3049
554,동홍천,2012-06,6종,14837
555,북진천,2012-06,1종,236735
555,북진천,2012-06,2종,34372
555,북진천,2012-06,3종,29599
555,북진천,2012-06,4종,17972
555,북진천,2012-06,5종,17059
555,북진천,2012-06,6종,10263
556,동순천,2012-06,1종,224415
556,동순천,2012-06,2종,7795
556,동순천,2012-06,3종,24377
556,동순천,2012-06,4종,11212
556,동순천,2012-06,5종,45696
556,동순천,2012-06,6종,5934
557,황전,2012-06,1종,70859
557,황전,2012-06,2종,1885
557,황전,2012-06,3종,2191
557,황전,2012-06,4종,1565
557,황전,2012-06,5종,3659
557,황전,2012-06,6종,2632
558,구례화엄사,2012-06,1종,77457
558,구례화엄사,2012-06,2종,2787
558,구례화엄사,2012-06,3종,6644
558,구례화엄사,2012-06,4종,2472
558,구례화엄사,2012-06,5종,6420
558,구례화엄사,2012-06,6종,2200
559,서남원,2012-06,1종,46742
559,서남원,2012-06,2종,2511
559,서남원,2012-06,3종,2798
559,서남원,2012-06,4종,2144
559,서남원,2012-06,5종,5827
559,서남원,2012-06,6종,1476
560,감곡,2012-06,1종,317944
560,감곡,2012-06,2종,16820
560,감곡,2012-06,3종,20449
560,감곡,2012-06,4종,15432
560,감곡,2012-06,5종,35837
560,감곡,2012-06,6종,10514
561,북충주,2012-06,1종,57584
561,북충주,2012-06,2종,2304
561,북충주,2012-06,3종,1769
561,북충주,2012-06,4종,1206
561,북충주,2012-06,5종,2401
561,북충주,2012-06,6종,1664
562,충주,2012-06,1종,224898
562,충주,2012-06,2종,11960
562,충주,2012-06,3종,19293
562,충주,2012-06,4종,11959
562,충주,2012-06,5종,11251
562,충주,2012-06,6종,8333
563,괴산,2012-06,1종,62502
563,괴산,2012-06,2종,2251
563,괴산,2012-06,3종,3507
563,괴산,2012-06,4종,1913
563,괴산,2012-06,5종,4443
563,괴산,2012-06,6종,2123
564,연풍,2012-06,1종,45707
564,연풍,2012-06,2종,3534
564,연풍,2012-06,3종,8206
564,연풍,2012-06,4종,4791
564,연풍,2012-06,5종,6005
564,연풍,2012-06,6종,1205
565,문경새재,2012-06,1종,81043
565,문경새재,2012-06,2종,4963
565,문경새재,2012-06,3종,7154
565,문경새재,2012-06,4종,4779
565,문경새재,2012-06,5종,4504
565,문경새재,2012-06,6종,2444
566,점촌함창,2012-06,1종,126755
566,점촌함창,2012-06,2종,4937
566,점촌함창,2012-06,3종,10433
566,점촌함창,2012-06,4종,4579
566,점촌함창,2012-06,5종,6279
566,점촌함창,2012-06,6종,4245
567,남고창,2012-06,1종,90221
567,남고창,2012-06,2종,3754
567,남고창,2012-06,3종,2539
567,남고창,2012-06,4종,1904
567,남고창,2012-06,5종,2787
567,남고창,2012-06,6종,3526
568,장성물류,2012-06,1종,33138
568,장성물류,2012-06,2종,5887
568,장성물류,2012-06,3종,2402
568,장성물류,2012-06,4종,5613
568,장성물류,2012-06,5종,6255
568,장성물류,2012-06,6종,904
569,북광주,2012-06,1종,183688
569,북광주,2012-06,2종,11566
569,북광주,2012-06,3종,6839
569,북광주,2012-06,4종,10135
569,북광주,2012-06,5종,10669
569,북광주,2012-06,6종,5842
570,북상주,2012-06,1종,117656
570,북상주,2012-06,2종,6473
570,북상주,2012-06,3종,8631
570,북상주,2012-06,4종,4911
570,북상주,2012-06,5종,6475
570,북상주,2012-06,6종,4292
571,면천,2012-06,1종,86333
571,면천,2012-06,2종,3990
571,면천,2012-06,3종,3319
571,면천,2012-06,4종,3470
571,면천,2012-06,5종,5489
571,면천,2012-06,6종,3341
572,고덕,2012-06,1종,87990
572,고덕,2012-06,2종,4329
572,고덕,2012-06,3종,4256
572,고덕,2012-06,4종,2799
572,고덕,2012-06,5종,6552
572,고덕,2012-06,6종,2774
573,예산수덕사,2012-06,1종,262658
573,예산수덕사,2012-06,2종,11522
573,예산수덕사,2012-06,3종,11041
573,예산수덕사,2012-06,4종,8981
573,예산수덕사,2012-06,5종,13638
573,예산수덕사,2012-06,6종,9484
574,신양,2012-06,1종,79118
574,신양,2012-06,2종,4103
574,신양,2012-06,3종,3334
574,신양,2012-06,4종,2500
574,신양,2012-06,5종,4110
574,신양,2012-06,6종,2767
575,유구,2012-06,1종,91780
575,유구,2012-06,2종,6604
575,유구,2012-06,3종,4174
575,유구,2012-06,4종,6568
575,유구,2012-06,5종,8705
575,유구,2012-06,6종,3329
576,마곡사,2012-06,1종,37625
576,마곡사,2012-06,2종,1075
576,마곡사,2012-06,3종,1222
576,마곡사,2012-06,4종,850
576,마곡사,2012-06,5종,647
576,마곡사,2012-06,6종,1480
577,공주,2012-06,1종,160165
577,공주,2012-06,2종,5756
577,공주,2012-06,3종,5492
577,공주,2012-06,4종,2415
577,공주,2012-06,5종,6125
577,공주,2012-06,6종,6819
578,서세종,2012-06,1종,183662
578,서세종,2012-06,2종,12319
578,서세종,2012-06,3종,9670
578,서세종,2012-06,4종,6596
578,서세종,2012-06,5종,13746
578,서세종,2012-06,6종,7487
579,남세종,2012-06,1종,196814
579,남세종,2012-06,2종,7140
579,남세종,2012-06,3종,5089
579,남세종,2012-06,4종,3689
579,남세종,2012-06,5종,7874
579,남세종,2012-06,6종,7779
580,북강릉,2012-06,1종,158594
580,북강릉,2012-06,2종,5109
580,북강릉,2012-06,3종,7998
580,북강릉,2012-06,4종,2217
580,북강릉,2012-06,5종,2952
580,북강릉,2012-06,6종,6933
581,옥계,2012-06,1종,52484
581,옥계,2012-06,2종,2289
581,옥계,2012-06,3종,1984
581,옥계,2012-06,4종,3955
581,옥계,2012-06,5종,10805
581,옥계,2012-06,6종,2966
582,망상,2012-06,1종,96947
582,망상,2012-06,2종,3323
582,망상,2012-06,3종,14734
582,망상,2012-06,4종,1383
582,망상,2012-06,5종,1301
582,망상,2012-06,6종,5445
583,동해,2012-06,1종,275796
583,동해,2012-06,2종,10608
583,동해,2012-06,3종,12479
583,동해,2012-06,4종,8439
583,동해,2012-06,5종,19458
583,동해,2012-06,6종,12903
584,남강릉,2012-06,1종,96452
584,남강릉,2012-06,2종,5891
584,남강릉,2012-06,3종,9686
584,남강릉,2012-06,4종,3443
584,남강릉,2012-06,5종,3185
584,남강릉,2012-06,6종,6094
585,하조대,2012-06,1종,185063
585,하조대,2012-06,2종,6773
585,하조대,2012-06,3종,12140
585,하조대,2012-06,4종,4280
585,하조대,2012-06,5종,5687
585,하조대,2012-06,6종,7056
586,북남원,2012-06,1종,17214
586,북남원,2012-06,2종,1001
586,북남원,2012-06,3종,555
586,북남원,2012-06,4종,171
586,북남원,2012-06,5종,5532
586,북남원,2012-06,6종,638
587,오수,2012-06,1종,123631
587,오수,2012-06,2종,5328
587,오수,2012-06,3종,7397
587,오수,2012-06,4종,3510
587,오수,2012-06,5종,8702
587,오수,2012-06,6종,3843
588,임실,2012-06,1종,43734
588,임실,2012-06,2종,2151
588,임실,2012-06,3종,2203
588,임실,2012-06,4종,1121
588,임실,2012-06,5종,3064
588,임실,2012-06,6종,1150
589,상관,2012-06,1종,121222
589,상관,2012-06,2종,6359
589,상관,2012-06,3종,6740
589,상관,2012-06,4종,4119
589,상관,2012-06,5종,24657
589,상관,2012-06,6종,3592
590,동전주,2012-06,1종,135141
590,동전주,2012-06,2종,3576
590,동전주,2012-06,3종,3797
590,동전주,2012-06,4종,1559
590,동전주,2012-06,5종,4515
590,동전주,2012-06,6종,4219
591,동서천,2012-06,1종,45239
591,동서천,2012-06,2종,1849
591,동서천,2012-06,3종,1771
591,동서천,2012-06,4종,2216
591,동서천,2012-06,5종,4070
591,동서천,2012-06,6종,1396
592,서부여,2012-06,1종,65870
592,서부여,2012-06,2종,3625
592,서부여,2012-06,3종,2598
592,서부여,2012-06,4종,1631
592,서부여,2012-06,5종,2483
592,서부여,2012-06,6종,2361
593,부여,2012-06,1종,58249
593,부여,2012-06,2종,3149
593,부여,2012-06,3종,3161
593,부여,2012-06,4종,2242
593,부여,2012-06,5종,2976
593,부여,2012-06,6종,2081
594,칠갑산,2012-06,1종,56621
594,칠갑산,2012-06,2종,2065
594,칠갑산,2012-06,3종,2629
594,칠갑산,2012-06,4종,1204
594,칠갑산,2012-06,5종,848
594,칠갑산,2012-06,6종,1940
595,서공주,2012-06,1종,53633
595,서공주,2012-06,2종,3168
595,서공주,2012-06,3종,2289
595,서공주,2012-06,4종,2210
595,서공주,2012-06,5종,4903
595,서공주,2012-06,6종,1841
597,서여주,2012-06,1종,99140
597,서여주,2012-06,2종,5040
597,서여주,2012-06,3종,6101
597,서여주,2012-06,4종,4033
597,서여주,2012-06,5종,6461
597,서여주,2012-06,6종,4125
598,북여주,2012-06,1종,72042
598,북여주,2012-06,2종,2962
598,북여주,2012-06,3종,2906
598,북여주,2012-06,4종,1699
598,북여주,2012-06,5종,2329
598,북여주,2012-06,6종,2808
601,남천안,2012-06,1종,345520
601,남천안,2012-06,2종,31119
601,남천안,2012-06,3종,22837
601,남천안,2012-06,4종,24384
601,남천안,2012-06,5종,24567
601,남천안,2012-06,6종,12757
602,풍세상,2012-06,1종,1246668
602,풍세상,2012-06,2종,50998
602,풍세상,2012-06,3종,156210
602,풍세상,2012-06,4종,68842
602,풍세상,2012-06,5종,67702
602,풍세상,2012-06,6종,48146
603,정안,2012-06,1종,117378
603,정안,2012-06,2종,10975
603,정안,2012-06,3종,16562
603,정안,2012-06,4종,11304
603,정안,2012-06,5종,8474
603,정안,2012-06,6종,3657
604,남공주,2012-06,1종,65306
604,남공주,2012-06,2종,3880
604,남공주,2012-06,3종,4601
604,남공주,2012-06,4종,2465
604,남공주,2012-06,5종,4887
604,남공주,2012-06,6종,2212
605,탄천,2012-06,1종,20938
605,탄천,2012-06,2종,1736
605,탄천,2012-06,3종,1029
605,탄천,2012-06,4종,1341
605,탄천,2012-06,5종,2346
605,탄천,2012-06,6종,808
606,서논산,2012-06,1종,123230
606,서논산,2012-06,2종,8213
606,서논산,2012-06,3종,10191
606,서논산,2012-06,4종,7014
606,서논산,2012-06,5종,10359
606,서논산,2012-06,6종,4387
607,연무,2012-06,1종,56228
607,연무,2012-06,2종,2451
607,연무,2012-06,3종,2489
607,연무,2012-06,4종,1166
607,연무,2012-06,5종,1783
607,연무,2012-06,6종,1741
608,남논산하,2012-06,1종,783221
608,남논산하,2012-06,2종,30504
608,남논산하,2012-06,3종,113085
608,남논산하,2012-06,4종,36327
608,남논산하,2012-06,5종,54457
608,남논산하,2012-06,6종,27296
612,풍세하,2012-06,1종,1253360
612,풍세하,2012-06,2종,47826
612,풍세하,2012-06,3종,158834
612,풍세하,2012-06,4종,50380
612,풍세하,2012-06,5종,53312
612,풍세하,2012-06,6종,48260
618,남논산상,2012-06,1종,766272
618,남논산상,2012-06,2종,31920
618,남논산상,2012-06,3종,110612
618,남논산상,2012-06,4종,42466
618,남논산상,2012-06,5종,63318
618,남논산상,2012-06,6종,26396
621,동대구,2012-06,1종,785789
621,동대구,2012-06,2종,37382
621,동대구,2012-06,3종,39795
621,동대구,2012-06,4종,22233
621,동대구,2012-06,5종,25881
621,동대구,2012-06,6종,39377
622,대구,2012-06,1종,986033
622,대구,2012-06,2종,53166
622,대구,2012-06,3종,60450
622,대구,2012-06,4종,44983
622,대구,2012-06,5종,84629
622,대구,2012-06,6종,50509
623,수성,2012-06,1종,693584
623,수성,2012-06,2종,21964
623,수성,2012-06,3종,13676
623,수성,2012-06,4종,8364
623,수성,2012-06,5종,8892
623,수성,2012-06,6종,31278
624,청도,2012-06,1종,176569
624,청도,2012-06,2종,8092
624,청도,2012-06,3종,4735
624,청도,2012-06,4종,3547
624,청도,2012-06,5종,5655
624,청도,2012-06,6종,8410
625,밀양,2012-06,1종,248374
625,밀양,2012-06,2종,16203
625,밀양,2012-06,3종,9872
625,밀양,2012-06,4종,7830
625,밀양,2012-06,5종,11381
625,밀양,2012-06,6종,11291
626,남밀양,2012-06,1종,313035
626,남밀양,2012-06,2종,23313
626,남밀양,2012-06,3종,14689
626,남밀양,2012-06,4종,12707
626,남밀양,2012-06,5종,15329
626,남밀양,2012-06,6종,17299
627,삼랑진,2012-06,1종,200812
627,삼랑진,2012-06,2종,10374
627,삼랑진,2012-06,3종,5811
627,삼랑진,2012-06,4종,4191
627,삼랑진,2012-06,5종,9418
627,삼랑진,2012-06,6종,12154
628,상동,2012-06,1종,248042
628,상동,2012-06,2종,28665
628,상동,2012-06,3종,14324
628,상동,2012-06,4종,19711
628,상동,2012-06,5종,27389
628,상동,2012-06,6종,14612
629,김해부산,2012-06,1종,1062133
629,김해부산,2012-06,2종,72809
629,김해부산,2012-06,3종,68533
629,김해부산,2012-06,4종,61775
629,김해부산,2012-06,5종,105153
629,김해부산,2012-06,6종,59354
641,울산,2012-06,1종,1087402
641,울산,2012-06,2종,60823
641,울산,2012-06,3종,71913
641,울산,2012-06,4종,46640
641,울산,2012-06,5종,119878
641,울산,2012-06,6종,54069
642,문수,2012-06,1종,108279
642,문수,2012-06,2종,5306
642,문수,2012-06,3종,4249
642,문수,2012-06,4종,4589
642,문수,2012-06,5종,6802
642,문수,2012-06,6종,6247
643,청량,2012-06,1종,473439
643,청량,2012-06,2종,14564
643,청량,2012-06,3종,12764
643,청량,2012-06,4종,18974
643,청량,2012-06,5종,79848
643,청량,2012-06,6종,28561
644,온양,2012-06,1종,175285
644,온양,2012-06,2종,4429
644,온양,2012-06,3종,2205
644,온양,2012-06,4종,2937
644,온양,2012-06,5종,11676
644,온양,2012-06,6종,11871
645,장안,2012-06,1종,228221
645,장안,2012-06,2종,7644
645,장안,2012-06,3종,4903
645,장안,2012-06,4종,5220
645,장안,2012-06,5종,14104
645,장안,2012-06,6종,12984
646,기장일광,2012-06,1종,226205
646,기장일광,2012-06,2종,3609
646,기장일광,2012-06,3종,3435
646,기장일광,2012-06,4종,1912
646,기장일광,2012-06,5종,4868
646,기장일광,2012-06,6종,13652
647,해운대송정,2012-06,1종,83051
647,해운대송정,2012-06,2종,1145
647,해운대송정,2012-06,3종,642
647,해운대송정,2012-06,4종,374
647,해운대송정,2012-06,5종,783
647,해운대송정,2012-06,6종,4801
648,해운대,2012-06,1종,670124
648,해운대,2012-06,2종,9352
648,해운대,2012-06,3종,8671
648,해운대,2012-06,4종,5811
648,해운대,2012-06,5종,34529
648,해운대,2012-06,6종,38648
651,남양주,2012-06,1종,1770870
651,남양주,2012-06,2종,49768
651,남양주,2012-06,3종,75235
651,남양주,2012-06,4종,17425
651,남양주,2012-06,5종,16945
651,남양주,2012-06,6종,91414
652,화도,2012-06,1종,853409
652,화도,2012-06,2종,40245
652,화도,2012-06,3종,36807
652,화도,2012-06,4종,13817
652,화도,2012-06,5종,11416
652,화도,2012-06,6종,57957
653,서종,2012-06,1종,196980
653,서종,2012-06,2종,1985
653,서종,2012-06,3종,1296
653,서종,2012-06,4종,1505
653,서종,2012-06,5종,1588
653,서종,2012-06,6종,10266
654,설악,2012-06,1종,265551
654,설악,2012-06,2종,3897
654,설악,2012-06,3종,5595
654,설악,2012-06,4종,1823
654,설악,2012-06,5종,1558
654,설악,2012-06,6종,11754
655,강촌,2012-06,1종,166489
655,강촌,2012-06,2종,2751
655,강촌,2012-06,3종,4991
655,강촌,2012-06,4종,2118
655,강촌,2012-06,5종,2065
655,강촌,2012-06,6종,6925
656,남춘천,2012-06,1종,142957
656,남춘천,2012-06,2종,2251
656,남춘천,2012-06,3종,10644
656,남춘천,2012-06,4종,1857
656,남춘천,2012-06,5종,3435
656,남춘천,2012-06,6종,6194
657,동산,2012-06,1종,709760
657,동산,2012-06,2종,13566
657,동산,2012-06,3종,30820
657,동산,2012-06,4종,6856
657,동산,2012-06,5종,10772
657,동산,2012-06,6종,33076
658,조양,2012-06,1종,31072
658,조양,2012-06,2종,817
658,조양,2012-06,3종,514
658,조양,2012-06,4종,573
658,조양,2012-06,5종,1418
658,조양,2012-06,6종,1165
671,봉담,2012-06,1종,1085557
671,봉담,2012-06,2종,60279
671,봉담,2012-06,3종,40983
671,봉담,2012-06,4종,21176
671,봉담,2012-06,5종,29541
671,봉담,2012-06,6종,80006
672,정남,2012-06,1종,315905
672,정남,2012-06,2종,21174
672,정남,2012-06,3종,12135
672,정남,2012-06,4종,5796
672,정남,2012-06,5종,4460
672,정남,2012-06,6종,23861
673,북오산,2012-06,1종,720278
673,북오산,2012-06,2종,29040
673,북오산,2012-06,3종,25025
673,북오산,2012-06,4종,13702
673,북오산,2012-06,5종,11872
673,북오산,2012-06,6종,49795
674,,2012-06,1종,800382
674,,2012-06,2종,45780
674,,2012-06,3종,58463
674,,2012-06,4종,20758
674,,2012-06,5종,27819
674,,2012-06,6종,53418
675,서오산,2012-06,1종,209641
675,서오산,2012-06,2종,9032
675,서오산,2012-06,3종,5095
675,서오산,2012-06,4종,3487
675,서오산,2012-06,5종,5077
675,서오산,2012-06,6종,15198
676,향남,2012-06,1종,446440
676,향남,2012-06,2종,31308
676,향남,2012-06,3종,17283
676,향남,2012-06,4종,14238
676,향남,2012-06,5종,13873
676,향남,2012-06,6종,34902
677,북평택,2012-06,1종,742091
677,북평택,2012-06,2종,37118
677,북평택,2012-06,3종,41441
677,북평택,2012-06,4종,15071
677,북평택,2012-06,5종,27578
677,북평택,2012-06,6종,44353
981,서영암,2012-06,1종,158046
981,서영암,2012-06,2종,4660
981,서영암,2012-06,3종,9552
981,서영암,2012-06,4종,5509
981,서영암,2012-06,5종,15304
981,서영암,2012-06,6종,3553
982,강진무위사,2012-06,1종,83632
982,강진무위사,2012-06,2종,3198
982,강진무위사,2012-06,3종,6200
982,강진무위사,2012-06,4종,3048
982,강진무위사,2012-06,5종,4801
982,강진무위사,2012-06,6종,1850
983,장흥,2012-06,1종,78095
983,장흥,2012-06,2종,1765
983,장흥,2012-06,3종,2189
983,장흥,2012-06,4종,844
983,장흥,2012-06,5종,1321
983,장흥,2012-06,6종,1905
984,보성,2012-06,1종,91982
984,보성,2012-06,2종,3842
984,보성,2012-06,3종,4733
984,보성,2012-06,4종,3221
984,보성,2012-06,5종,9882
984,보성,2012-06,6종,2083
985,벌교,2012-06,1종,100509
985,벌교,2012-06,2종,4064
985,벌교,2012-06,3종,4836
985,벌교,2012-06,4종,2425
985,벌교,2012-06,5종,4038
985,벌교,2012-06,6종,2154
987,남순천,2012-06,1종,234474
987,남순천,2012-06,2종,7304
987,남순천,2012-06,3종,14926
987,남순천,2012-06,4종,9431
987,남순천,2012-06,5종,26299
987,남순천,2012-06,6종,5493
11,인천,2012-07,1종,3633128
11,인천,2012-07,2종,134581
11,인천,2012-07,3종,81959
11,인천,2012-07,4종,59319
11,인천,2012-07,5종,114135
11,인천,2012-07,6종,327988
12,서영암(개),2012-07,1종,19191
12,서영암(개),2012-07,2종,271
12,서영암(개),2012-07,3종,335
12,서영암(개),2012-07,4종,190
12,서영암(개),2012-07,5종,249
12,서영암(개),2012-07,6종,1003
13,순천만,2012-07,1종,114857
13,순천만,2012-07,2종,4047
13,순천만,2012-07,3종,7332
13,순천만,2012-07,4종,4371
13,순천만,2012-07,5종,7868
13,순천만,2012-07,6종,4506
53,남인천,2012-07,1종,1728666
53,남인천,2012-07,2종,49269
53,남인천,2012-07,3종,56690
53,남인천,2012-07,4종,23244
53,남인천,2012-07,5종,54927
53,남인천,2012-07,6종,145504
56,일로,2012-07,1종,41333
56,일로,2012-07,2종,1272
56,일로,2012-07,3종,953
56,일로,2012-07,4종,510
56,일로,2012-07,5종,1322
56,일로,2012-07,6종,2045
61,성남,2012-07,1종,3848356
61,성남,2012-07,2종,165228
61,성남,2012-07,3종,145966
61,성남,2012-07,4종,61566
61,성남,2012-07,5종,65013
61,성남,2012-07,6종,257448
62,구리남양주,2012-07,1종,4924801
62,구리남양주,2012-07,2종,231991
62,구리남양주,2012-07,3종,176637
62,구리남양주,2012-07,4종,98061
62,구리남양주,2012-07,5종,80100
62,구리남양주,2012-07,6종,342907
63,토평,2012-07,1종,523298
63,토평,2012-07,2종,18742
63,토평,2012-07,3종,8015
63,토평,2012-07,4종,6178
63,토평,2012-07,5종,10437
63,토평,2012-07,6종,38789
64,청계,2012-07,1종,4493064
64,청계,2012-07,2종,171801
64,청계,2012-07,3종,155304
64,청계,2012-07,4종,44554
64,청계,2012-07,5종,68935
64,청계,2012-07,6종,327603
65,판교,2012-07,1종,2864525
65,판교,2012-07,2종,51714
65,판교,2012-07,3종,189419
65,판교,2012-07,4종,17310
65,판교,2012-07,5종,11045
65,판교,2012-07,6종,158115
66,하남,2012-07,1종,848866
66,하남,2012-07,2종,28829
66,하남,2012-07,3종,17751
66,하남,2012-07,4종,7668
66,하남,2012-07,5종,6222
66,하남,2012-07,6종,59074
67,시흥,2012-07,1종,3862050
67,시흥,2012-07,2종,164845
67,시흥,2012-07,3종,119158
67,시흥,2012-07,4종,67715
67,시흥,2012-07,5종,77907
67,시흥,2012-07,6종,286984
68,김포,2012-07,1종,4619995
68,김포,2012-07,2종,202977
68,김포,2012-07,3종,133486
68,김포,2012-07,4종,72316
68,김포,2012-07,5종,115817
68,김포,2012-07,6종,355326
69,대왕판교,2012-07,1종,170595
69,대왕판교,2012-07,2종,1029
69,대왕판교,2012-07,3종,318
69,대왕판교,2012-07,4종,45
69,대왕판교,2012-07,5종,9
69,대왕판교,2012-07,6종,9730
74,덕소삼패,2012-07,1종,288375
74,덕소삼패,2012-07,2종,8144
74,덕소삼패,2012-07,3종,3551
74,덕소삼패,2012-07,4종,3229
74,덕소삼패,2012-07,5종,8222
74,덕소삼패,2012-07,6종,20121
91,대동(개),2012-07,1종,150395
91,대동(개),2012-07,2종,10962
91,대동(개),2012-07,3종,5043
91,대동(개),2012-07,4종,13479
91,대동(개),2012-07,5종,21967
91,대동(개),2012-07,6종,9924
92,내서,2012-07,1종,232705
92,내서,2012-07,2종,10278
92,내서,2012-07,3종,10558
92,내서,2012-07,4종,3321
92,내서,2012-07,5종,5409
92,내서,2012-07,6종,20849
101,서울,2012-07,1종,5218847
101,서울,2012-07,2종,199858
101,서울,2012-07,3종,544973
101,서울,2012-07,4종,85977
101,서울,2012-07,5종,51456
101,서울,2012-07,6종,238709
102,동수원,2012-07,1종,1810847
102,동수원,2012-07,2종,39584
102,동수원,2012-07,3종,72049
102,동수원,2012-07,4종,19083
102,동수원,2012-07,5종,17880
102,동수원,2012-07,6종,103703
103,수원신갈,2012-07,1종,2404900
103,수원신갈,2012-07,2종,106884
103,수원신갈,2012-07,3종,157780
103,수원신갈,2012-07,4종,40630
103,수원신갈,2012-07,5종,34973
103,수원신갈,2012-07,6종,134846
104,지곡,2012-07,1종,41508
104,지곡,2012-07,2종,2050
104,지곡,2012-07,3종,2393
104,지곡,2012-07,4종,1162
104,지곡,2012-07,5종,2188
104,지곡,2012-07,6종,1715
105,기흥,2012-07,1종,387449
105,기흥,2012-07,2종,30744
105,기흥,2012-07,3종,16768
105,기흥,2012-07,4종,9805
105,기흥,2012-07,5종,9761
105,기흥,2012-07,6종,18770
106,오산,2012-07,1종,1097092
106,오산,2012-07,2종,77148
106,오산,2012-07,3종,77504
106,오산,2012-07,4종,32892
106,오산,2012-07,5종,26050
106,오산,2012-07,6종,67478
107,안성,2012-07,1종,823225
107,안성,2012-07,2종,45623
107,안성,2012-07,3종,56994
107,안성,2012-07,4종,19334
107,안성,2012-07,5종,15371
107,안성,2012-07,6종,50060
108,천안,2012-07,1종,1387461
108,천안,2012-07,2종,64276
108,천안,2012-07,3종,101035
108,천안,2012-07,4종,52426
108,천안,2012-07,5종,46376
108,천안,2012-07,6종,66404
109,계룡,2012-07,1종,142763
109,계룡,2012-07,2종,10153
109,계룡,2012-07,3종,10247
109,계룡,2012-07,4종,6823
109,계룡,2012-07,5종,5077
109,계룡,2012-07,6종,9095
110,독립기념관,2012-07,1종,335259
110,독립기념관,2012-07,2종,24690
110,독립기념관,2012-07,3종,25965
110,독립기념관,2012-07,4종,28579
110,독립기념관,2012-07,5종,20636
110,독립기념관,2012-07,6종,13502
111,청주,2012-07,1종,458731
111,청주,2012-07,2종,21769
111,청주,2012-07,3종,46379
111,청주,2012-07,4종,13160
111,청주,2012-07,5종,18886
111,청주,2012-07,6종,22877
112,남청주,2012-07,1종,495789
112,남청주,2012-07,2종,49043
112,남청주,2012-07,3종,40529
112,남청주,2012-07,4종,46586
112,남청주,2012-07,5종,41334
112,남청주,2012-07,6종,22363
113,신탄진,2012-07,1종,738910
113,신탄진,2012-07,2종,50543
113,신탄진,2012-07,3종,31612
113,신탄진,2012-07,4종,50319
113,신탄진,2012-07,5종,47215
113,신탄진,2012-07,6종,37004
114,남대전,2012-07,1종,279573
114,남대전,2012-07,2종,13034
114,남대전,2012-07,3종,7620
114,남대전,2012-07,4종,4815
114,남대전,2012-07,5종,6014
114,남대전,2012-07,6종,14276
115,대전,2012-07,1종,1270024
115,대전,2012-07,2종,43422
115,대전,2012-07,3종,80397
115,대전,2012-07,4종,16056
115,대전,2012-07,5종,15144
115,대전,2012-07,6종,64673
116,옥천,2012-07,1종,359388
116,옥천,2012-07,2종,24552
116,옥천,2012-07,3종,15988
116,옥천,2012-07,4종,34742
116,옥천,2012-07,5종,13779
116,옥천,2012-07,6종,19428
117,금강,2012-07,1종,57348
117,금강,2012-07,2종,1823
117,금강,2012-07,3종,763
117,금강,2012-07,4종,2893
117,금강,2012-07,5종,699
117,금강,2012-07,6종,2972
118,영동,2012-07,1종,85828
118,영동,2012-07,2종,5550
118,영동,2012-07,3종,4116
118,영동,2012-07,4종,2716
118,영동,2012-07,5종,5297
118,영동,2012-07,6종,4117
119,판암,2012-07,1종,445140
119,판암,2012-07,2종,15791
119,판암,2012-07,3종,7465
119,판암,2012-07,4종,6762
119,판암,2012-07,5종,7330
119,판암,2012-07,6종,25897
120,황간,2012-07,1종,80139
120,황간,2012-07,2종,3331
120,황간,2012-07,3종,4446
120,황간,2012-07,4종,4651
120,황간,2012-07,5종,3835
120,황간,2012-07,6종,3052
121,추풍령,2012-07,1종,40903
121,추풍령,2012-07,2종,1843
121,추풍령,2012-07,3종,1933
121,추풍령,2012-07,4종,1398
121,추풍령,2012-07,5종,1881
121,추풍령,2012-07,6종,1745
122,김천,2012-07,1종,251176
122,김천,2012-07,2종,12353
122,김천,2012-07,3종,12971
122,김천,2012-07,4종,13118
122,김천,2012-07,5종,13745
122,김천,2012-07,6종,10853
123,구미,2012-07,1종,721452
123,구미,2012-07,2종,22244
123,구미,2012-07,3종,33334
123,구미,2012-07,4종,18008
123,구미,2012-07,5종,13275
123,구미,2012-07,6종,36231
124,상주,2012-07,1종,137766
124,상주,2012-07,2종,11907
124,상주,2012-07,3종,9280
124,상주,2012-07,4종,12945
124,상주,2012-07,5종,10991
124,상주,2012-07,6종,4852
125,남구미,2012-07,1종,494958
125,남구미,2012-07,2종,24428
125,남구미,2012-07,3종,30975
125,남구미,2012-07,4종,20835
125,남구미,2012-07,5종,42015
125,남구미,2012-07,6종,26800
126,왜관,2012-07,1종,599030
126,왜관,2012-07,2종,49437
126,왜관,2012-07,3종,31881
126,왜관,2012-07,4종,23371
126,왜관,2012-07,5종,36268
126,왜관,2012-07,6종,28854
127,서대구,2012-07,1종,1885163
127,서대구,2012-07,2종,105039
127,서대구,2012-07,3종,99045
127,서대구,2012-07,4종,50556
127,서대구,2012-07,5종,58473
127,서대구,2012-07,6종,84825
129,북대구,2012-07,1종,1708973
129,북대구,2012-07,2종,68233
129,북대구,2012-07,3종,51243
129,북대구,2012-07,4종,22771
129,북대구,2012-07,5종,27825
129,북대구,2012-07,6종,73545
131,경산,2012-07,1종,801933
131,경산,2012-07,2종,84313
131,경산,2012-07,3종,47008
131,경산,2012-07,4종,42586
131,경산,2012-07,5종,38760
131,경산,2012-07,6종,42841
132,영천,2012-07,1종,361706
132,영천,2012-07,2종,29452
132,영천,2012-07,3종,24134
132,영천,2012-07,4종,20568
132,영천,2012-07,5종,48467
132,영천,2012-07,6종,13866
133,서경주,2012-07,1종,151051
133,서경주,2012-07,2종,9215
133,서경주,2012-07,3종,9514
133,서경주,2012-07,4종,8115
133,서경주,2012-07,5종,28032
133,서경주,2012-07,6종,5113
134,선산,2012-07,1종,90839
134,선산,2012-07,2종,6821
134,선산,2012-07,3종,5285
134,선산,2012-07,4종,7626
134,선산,2012-07,5종,6642
134,선산,2012-07,6종,3462
135,경주,2012-07,1종,886287
135,경주,2012-07,2종,47133
135,경주,2012-07,3종,80294
135,경주,2012-07,4종,36865
135,경주,2012-07,5종,103326
135,경주,2012-07,6종,34142
137,통도사,2012-07,1종,292980
137,통도사,2012-07,2종,23886
137,통도사,2012-07,3종,16908
137,통도사,2012-07,4종,12305
137,통도사,2012-07,5종,17505
137,통도사,2012-07,6종,14544
138,양산,2012-07,1종,688850
138,양산,2012-07,2종,87453
138,양산,2012-07,3종,42193
138,양산,2012-07,4종,44223
138,양산,2012-07,5종,58108
138,양산,2012-07,6종,39134
139,서울산,2012-07,1종,459640
139,서울산,2012-07,2종,28680
139,서울산,2012-07,3종,30222
139,서울산,2012-07,4종,12310
139,서울산,2012-07,5종,24670
139,서울산,2012-07,6종,22928
140,부산,2012-07,1종,1533297
140,부산,2012-07,2종,70615
140,부산,2012-07,3종,50534
140,부산,2012-07,4종,33388
140,부산,2012-07,5종,70053
140,부산,2012-07,6종,86445
142,군북,2012-07,1종,296559
142,군북,2012-07,2종,12379
142,군북,2012-07,3종,12500
142,군북,2012-07,4종,7585
142,군북,2012-07,5종,16656
142,군북,2012-07,6종,17727
143,장지,2012-07,1종,107028
143,장지,2012-07,2종,6473
143,장지,2012-07,3종,4472
143,장지,2012-07,4종,4678
143,장지,2012-07,5종,15828
143,장지,2012-07,6종,6246
144,함안,2012-07,1종,245828
144,함안,2012-07,2종,15331
144,함안,2012-07,3종,8629
144,함안,2012-07,4종,7865
144,함안,2012-07,5종,16321
144,함안,2012-07,6종,15671
145,산인,2012-07,1종,697361
145,산인,2012-07,2종,20866
145,산인,2012-07,3종,32664
145,산인,2012-07,4종,13841
145,산인,2012-07,5종,22715
145,산인,2012-07,6종,39554
146,동창원,2012-07,1종,570022
146,동창원,2012-07,2종,34026
146,동창원,2012-07,3종,19774
146,동창원,2012-07,4종,15948
146,동창원,2012-07,5종,27692
146,동창원,2012-07,6종,38013
147,진례,2012-07,1종,455622
147,진례,2012-07,2종,40820
147,진례,2012-07,3종,18856
147,진례,2012-07,4종,16734
147,진례,2012-07,5종,22824
147,진례,2012-07,6종,30584
148,서김해,2012-07,1종,621890
148,서김해,2012-07,2종,24820
148,서김해,2012-07,3종,15743
148,서김해,2012-07,4종,10115
148,서김해,2012-07,5종,15852
148,서김해,2012-07,6종,43949
149,동김해,2012-07,1종,1130545
149,동김해,2012-07,2종,40119
149,동김해,2012-07,3종,23517
149,동김해,2012-07,4종,12269
149,동김해,2012-07,5종,13458
149,동김해,2012-07,6종,89822
150,북부산,2012-07,1종,2364293
150,북부산,2012-07,2종,80465
150,북부산,2012-07,3종,74047
150,북부산,2012-07,4종,42122
150,북부산,2012-07,5종,90904
150,북부산,2012-07,6종,154210
151,북대전,2012-07,1종,661896
151,북대전,2012-07,2종,18361
151,북대전,2012-07,3종,29566
151,북대전,2012-07,4종,17983
151,북대전,2012-07,5종,16872
151,북대전,2012-07,6종,36737
152,유성,2012-07,1종,967921
152,유성,2012-07,2종,26696
152,유성,2012-07,3종,34593
152,유성,2012-07,4종,16585
152,유성,2012-07,5종,12816
152,유성,2012-07,6종,42358
153,서대전,2012-07,1종,600172
153,서대전,2012-07,2종,20937
153,서대전,2012-07,3종,16148
153,서대전,2012-07,4종,14541
153,서대전,2012-07,5종,13977
153,서대전,2012-07,6종,33317
154,안영,2012-07,1종,418219
154,안영,2012-07,2종,16042
154,안영,2012-07,3종,8473
154,안영,2012-07,4종,7001
154,안영,2012-07,5종,8736
154,안영,2012-07,6종,20358
155,논산,2012-07,1종,194410
155,논산,2012-07,2종,18135
155,논산,2012-07,3종,17609
155,논산,2012-07,4종,12066
155,논산,2012-07,5종,11490
155,논산,2012-07,6종,7397
156,익산,2012-07,1종,264015
156,익산,2012-07,2종,22118
156,익산,2012-07,3종,28738
156,익산,2012-07,4종,18638
156,익산,2012-07,5종,27039
156,익산,2012-07,6종,8266
157,삼례,2012-07,1종,108264
157,삼례,2012-07,2종,8279
157,삼례,2012-07,3종,6557
157,삼례,2012-07,4종,5292
157,삼례,2012-07,5종,10469
157,삼례,2012-07,6종,2903
158,전주,2012-07,1종,413829
158,전주,2012-07,2종,22342
158,전주,2012-07,3종,47439
158,전주,2012-07,4종,18351
158,전주,2012-07,5종,40161
158,전주,2012-07,6종,13040
159,서전주,2012-07,1종,216785
159,서전주,2012-07,2종,13738
159,서전주,2012-07,3종,11326
159,서전주,2012-07,4종,6540
159,서전주,2012-07,5종,7459
159,서전주,2012-07,6종,6404
160,김제,2012-07,1종,98426
160,김제,2012-07,2종,6899
160,김제,2012-07,3종,6756
160,김제,2012-07,4종,3008
160,김제,2012-07,5종,4808
160,김제,2012-07,6종,2794
161,금산사,2012-07,1종,35546
161,금산사,2012-07,2종,3109
161,금산사,2012-07,3종,1969
161,금산사,2012-07,4종,927
161,금산사,2012-07,5종,1870
161,금산사,2012-07,6종,1114
162,태인,2012-07,1종,71890
162,태인,2012-07,2종,6648
162,태인,2012-07,3종,6367
162,태인,2012-07,4종,3348
162,태인,2012-07,5종,4536
162,태인,2012-07,6종,2036
163,정읍,2012-07,1종,229617
163,정읍,2012-07,2종,19106
163,정읍,2012-07,3종,21066
163,정읍,2012-07,4종,8659
163,정읍,2012-07,5종,12107
163,정읍,2012-07,6종,7116
164,무주,2012-07,1종,168166
164,무주,2012-07,2종,4586
164,무주,2012-07,3종,5582
164,무주,2012-07,4종,2732
164,무주,2012-07,5종,2432
164,무주,2012-07,6종,5906
165,백양사,2012-07,1종,76872
165,백양사,2012-07,2종,2407
165,백양사,2012-07,3종,3827
165,백양사,2012-07,4종,1677
165,백양사,2012-07,5종,7141
165,백양사,2012-07,6종,2069
166,장성,2012-07,1종,129082
166,장성,2012-07,2종,9915
166,장성,2012-07,3종,9093
166,장성,2012-07,4종,5288
166,장성,2012-07,5종,7691
166,장성,2012-07,6종,4201
167,광주,2012-07,1종,941548
167,광주,2012-07,2종,47473
167,광주,2012-07,3종,80964
167,광주,2012-07,4종,44045
167,광주,2012-07,5종,32432
167,광주,2012-07,6종,26289
168,덕유산,2012-07,1종,73749
168,덕유산,2012-07,2종,2147
168,덕유산,2012-07,3종,2046
168,덕유산,2012-07,4종,846
168,덕유산,2012-07,5종,1516
168,덕유산,2012-07,6종,2104
169,장수,2012-07,1종,105427
169,장수,2012-07,2종,4387
169,장수,2012-07,3종,4717
169,장수,2012-07,4종,2044
169,장수,2012-07,5종,3691
169,장수,2012-07,6종,3435
170,서상,2012-07,1종,51194
170,서상,2012-07,2종,2764
170,서상,2012-07,3종,5259
170,서상,2012-07,4종,3258
170,서상,2012-07,5종,3512
170,서상,2012-07,6종,1946
171,마성,2012-07,1종,364767
171,마성,2012-07,2종,6712
171,마성,2012-07,3종,24011
171,마성,2012-07,4종,1616
171,마성,2012-07,5종,1110
171,마성,2012-07,6종,18913
172,용인,2012-07,1종,778989
172,용인,2012-07,2종,64775
172,용인,2012-07,3종,33776
172,용인,2012-07,4종,22329
172,용인,2012-07,5종,12645
172,용인,2012-07,6종,53223
173,양지,2012-07,1종,753481
173,양지,2012-07,2종,98479
173,양지,2012-07,3종,54355
173,양지,2012-07,4종,48558
173,양지,2012-07,5종,39577
173,양지,2012-07,6종,40300
174,춘천,2012-07,1종,721593
174,춘천,2012-07,2종,21550
174,춘천,2012-07,3종,26173
174,춘천,2012-07,4종,9714
174,춘천,2012-07,5종,8458
174,춘천,2012-07,6종,42382
175,덕평,2012-07,1종,244260
175,덕평,2012-07,2종,41690
175,덕평,2012-07,3종,19865
175,덕평,2012-07,4종,14831
175,덕평,2012-07,5종,9442
175,덕평,2012-07,6종,13720
176,이천,2012-07,1종,574335
176,이천,2012-07,2종,44001
176,이천,2012-07,3종,44803
176,이천,2012-07,4종,39366
176,이천,2012-07,5종,35228
176,이천,2012-07,6종,27329
177,여주,2012-07,1종,464649
177,여주,2012-07,2종,27821
177,여주,2012-07,3종,46171
177,여주,2012-07,4종,25252
177,여주,2012-07,5종,13462
177,여주,2012-07,6종,17976
178,문막,2012-07,1종,343793
178,문막,2012-07,2종,25932
178,문막,2012-07,3종,32649
178,문막,2012-07,4종,12002
178,문막,2012-07,5종,15146
178,문막,2012-07,6종,14290
179,홍천,2012-07,1종,307451
179,홍천,2012-07,2종,11222
179,홍천,2012-07,3종,14667
179,홍천,2012-07,4종,8799
179,홍천,2012-07,5종,7061
179,홍천,2012-07,6종,19646
180,원주,2012-07,1종,246373
180,원주,2012-07,2종,16295
180,원주,2012-07,3종,15704
180,원주,2012-07,4종,8707
180,원주,2012-07,5종,8211
180,원주,2012-07,6종,12653
181,새말,2012-07,1종,218215
181,새말,2012-07,2종,9731
181,새말,2012-07,3종,11120
181,새말,2012-07,4종,5295
181,새말,2012-07,5종,4120
181,새말,2012-07,6종,8205
182,둔내,2012-07,1종,121298
182,둔내,2012-07,2종,4883
182,둔내,2012-07,3종,6697
182,둔내,2012-07,4종,3172
182,둔내,2012-07,5종,801
182,둔내,2012-07,6종,4603
183,면온,2012-07,1종,100588
183,면온,2012-07,2종,1498
183,면온,2012-07,3종,3189
183,면온,2012-07,4종,850
183,면온,2012-07,5종,1051
183,면온,2012-07,6종,3387
184,대관령,2012-07,1종,221709
184,대관령,2012-07,2종,6537
184,대관령,2012-07,3종,15319
184,대관령,2012-07,4종,1487
184,대관령,2012-07,5종,1082
184,대관령,2012-07,6종,8603
185,평창,2012-07,1종,146449
185,평창,2012-07,2종,5653
185,평창,2012-07,3종,12894
185,평창,2012-07,4종,2155
185,평창,2012-07,5종,2544
185,평창,2012-07,6종,5750
186,속사,2012-07,1종,44270
186,속사,2012-07,2종,1641
186,속사,2012-07,3종,1893
186,속사,2012-07,4종,959
186,속사,2012-07,5종,570
186,속사,2012-07,6종,1415
187,진부,2012-07,1종,150848
187,진부,2012-07,2종,5442
187,진부,2012-07,3종,12280
187,진부,2012-07,4종,2620
187,진부,2012-07,5종,1595
187,진부,2012-07,6종,6270
189,강릉,2012-07,1종,476123
189,강릉,2012-07,2종,15460
189,강릉,2012-07,3종,39782
189,강릉,2012-07,4종,8544
189,강릉,2012-07,5종,9087
189,강릉,2012-07,6종,23720
190,동서울,2012-07,1종,3347997
190,동서울,2012-07,2종,202033
190,동서울,2012-07,3종,212271
190,동서울,2012-07,4종,93808
190,동서울,2012-07,5종,57133
190,동서울,2012-07,6종,146543
191,경기광주,2012-07,1종,796547
191,경기광주,2012-07,2종,47003
191,경기광주,2012-07,3종,31947
191,경기광주,2012-07,4종,10654
191,경기광주,2012-07,5종,5961
191,경기광주,2012-07,6종,51271
192,곤지암,2012-07,1종,748047
192,곤지암,2012-07,2종,71430
192,곤지암,2012-07,3종,37032
192,곤지암,2012-07,4종,29276
192,곤지암,2012-07,5종,19778
192,곤지암,2012-07,6종,39154
193,일죽,2012-07,1종,456144
193,일죽,2012-07,2종,44627
193,일죽,2012-07,3종,32989
193,일죽,2012-07,4종,29554
193,일죽,2012-07,5종,20686
193,일죽,2012-07,6종,17675
194,서이천,2012-07,1종,422081
194,서이천,2012-07,2종,61807
194,서이천,2012-07,3종,44007
194,서이천,2012-07,4종,28309
194,서이천,2012-07,5종,12165
194,서이천,2012-07,6종,21995
195,대소,2012-07,1종,386373
195,대소,2012-07,2종,57068
195,대소,2012-07,3종,44394
195,대소,2012-07,4종,34445
195,대소,2012-07,5종,26386
195,대소,2012-07,6종,15929
196,진천,2012-07,1종,207041
196,진천,2012-07,2종,18159
196,진천,2012-07,3종,15998
196,진천,2012-07,4종,13161
196,진천,2012-07,5종,13463
196,진천,2012-07,6종,8490
197,증평,2012-07,1종,435595
197,증평,2012-07,2종,29912
197,증평,2012-07,3종,29332
197,증평,2012-07,4종,18333
197,증평,2012-07,5종,25827
197,증평,2012-07,6종,17634
198,서청주,2012-07,1종,741693
198,서청주,2012-07,2종,39433
198,서청주,2012-07,3종,40918
198,서청주,2012-07,4종,28625
198,서청주,2012-07,5종,22612
198,서청주,2012-07,6종,35914
199,오창,2012-07,1종,469196
199,오창,2012-07,2종,26031
199,오창,2012-07,3종,27162
199,오창,2012-07,4종,14825
199,오창,2012-07,5종,15182
199,오창,2012-07,6종,22858
200,금산,2012-07,1종,160291
200,금산,2012-07,2종,4661
200,금산,2012-07,3종,6314
200,금산,2012-07,4종,3879
200,금산,2012-07,5종,5743
200,금산,2012-07,6종,6264
201,칠곡,2012-07,1종,600406
201,칠곡,2012-07,2종,25976
201,칠곡,2012-07,3종,21840
201,칠곡,2012-07,4종,8868
201,칠곡,2012-07,5종,12867
201,칠곡,2012-07,6종,30654
202,다부,2012-07,1종,117572
202,다부,2012-07,2종,8388
202,다부,2012-07,3종,4344
202,다부,2012-07,4종,2083
202,다부,2012-07,5종,7030
202,다부,2012-07,6종,4450
203,가산,2012-07,1종,489557
203,가산,2012-07,2종,23840
203,가산,2012-07,3종,18010
203,가산,2012-07,4종,12576
203,가산,2012-07,5종,23834
203,가산,2012-07,6종,21511
204,추부,2012-07,1종,165184
204,추부,2012-07,2종,9472
204,추부,2012-07,3종,7161
204,추부,2012-07,4종,3337
204,추부,2012-07,5종,4450
204,추부,2012-07,6종,8077
205,군위,2012-07,1종,142515
205,군위,2012-07,2종,6886
205,군위,2012-07,3종,3725
205,군위,2012-07,4종,2306
205,군위,2012-07,5종,8318
205,군위,2012-07,6종,6431
206,의성,2012-07,1종,171986
206,의성,2012-07,2종,5495
206,의성,2012-07,3종,4259
206,의성,2012-07,4종,1634
206,의성,2012-07,5종,3291
206,의성,2012-07,6종,5716
207,남안동,2012-07,1종,250140
207,남안동,2012-07,2종,9756
207,남안동,2012-07,3종,6877
207,남안동,2012-07,4종,3652
207,남안동,2012-07,5종,5108
207,남안동,2012-07,6종,8443
208,서안동,2012-07,1종,175636
208,서안동,2012-07,2종,7755
208,서안동,2012-07,3종,15383
208,서안동,2012-07,4종,3202
208,서안동,2012-07,5종,5627
208,서안동,2012-07,6종,6078
209,예천,2012-07,1종,31359
209,예천,2012-07,2종,874
209,예천,2012-07,3종,530
209,예천,2012-07,4종,204
209,예천,2012-07,5종,1072
209,예천,2012-07,6종,1055
210,영주,2012-07,1종,136178
210,영주,2012-07,2종,5831
210,영주,2012-07,3종,7132
210,영주,2012-07,4종,3430
210,영주,2012-07,5종,10405
210,영주,2012-07,6종,4449
211,풍기,2012-07,1종,186768
211,풍기,2012-07,2종,6254
211,풍기,2012-07,3종,13395
211,풍기,2012-07,4종,3600
211,풍기,2012-07,5종,7960
211,풍기,2012-07,6종,6500
212,북수원,2012-07,1종,1159446
212,북수원,2012-07,2종,47039
212,북수원,2012-07,3종,53897
212,북수원,2012-07,4종,28029
212,북수원,2012-07,5종,17016
212,북수원,2012-07,6종,64938
213,부곡,2012-07,1종,371347
213,부곡,2012-07,2종,11907
213,부곡,2012-07,3종,8112
213,부곡,2012-07,4종,11673
213,부곡,2012-07,5종,71000
213,부곡,2012-07,6종,24908
214,동군포,2012-07,1종,155607
214,동군포,2012-07,2종,11416
214,동군포,2012-07,3종,7299
214,동군포,2012-07,4종,14885
214,동군포,2012-07,5종,8123
214,동군포,2012-07,6종,10277
215,군포,2012-07,1종,1008151
215,군포,2012-07,2종,65670
215,군포,2012-07,3종,42254
215,군포,2012-07,4종,23997
215,군포,2012-07,5종,33786
215,군포,2012-07,6종,74660
216,횡성,2012-07,1종,184551
216,횡성,2012-07,2종,7404
216,횡성,2012-07,3종,7973
216,횡성,2012-07,4종,4027
216,횡성,2012-07,5종,6686
216,횡성,2012-07,6종,8480
217,북원주,2012-07,1종,75868
217,북원주,2012-07,2종,4521
217,북원주,2012-07,3종,2941
217,북원주,2012-07,4종,2035
217,북원주,2012-07,5종,3258
217,북원주,2012-07,6종,4953
218,남원주,2012-07,1종,511975
218,남원주,2012-07,2종,19031
218,남원주,2012-07,3종,28351
218,남원주,2012-07,4종,6569
218,남원주,2012-07,5종,6726
218,남원주,2012-07,6종,25222
219,신림,2012-07,1종,130969
219,신림,2012-07,2종,3513
219,신림,2012-07,3종,4517
219,신림,2012-07,4종,2914
219,신림,2012-07,5종,6354
219,신림,2012-07,6종,4586
221,생초,2012-07,1종,66126
221,생초,2012-07,2종,2685
221,생초,2012-07,3종,3488
221,생초,2012-07,4종,2316
221,생초,2012-07,5종,11546
221,생초,2012-07,6종,2296
222,산청,2012-07,1종,67961
222,산청,2012-07,2종,2374
222,산청,2012-07,3종,3502
222,산청,2012-07,4종,1653
222,산청,2012-07,5종,1521
222,산청,2012-07,6종,2409
223,단성,2012-07,1종,125452
223,단성,2012-07,2종,3692
223,단성,2012-07,3종,7340
223,단성,2012-07,4종,3160
223,단성,2012-07,5종,3434
223,단성,2012-07,6종,4833
224,함양,2012-07,1종,119074
224,함양,2012-07,2종,4575
224,함양,2012-07,3종,8090
224,함양,2012-07,4종,1585
224,함양,2012-07,5종,2871
224,함양,2012-07,6종,5202
225,서진주,2012-07,1종,299463
225,서진주,2012-07,2종,7854
225,서진주,2012-07,3종,5969
225,서진주,2012-07,4종,2728
225,서진주,2012-07,5종,4607
225,서진주,2012-07,6종,19375
227,군산,2012-07,1종,245279
227,군산,2012-07,2종,9020
227,군산,2012-07,3종,16197
227,군산,2012-07,4종,12438
227,군산,2012-07,5종,34310
227,군산,2012-07,6종,7060
228,동군산,2012-07,1종,230678
228,동군산,2012-07,2종,11667
228,동군산,2012-07,3종,14243
228,동군산,2012-07,4종,7965
228,동군산,2012-07,5종,20223
228,동군산,2012-07,6종,6337
230,팔공산,2012-07,1종,557908
230,팔공산,2012-07,2종,21640
230,팔공산,2012-07,3종,11889
230,팔공산,2012-07,4종,10006
230,팔공산,2012-07,5종,11178
230,팔공산,2012-07,6종,25318
231,화원옥포,2012-07,1종,612984
231,화원옥포,2012-07,2종,39998
231,화원옥포,2012-07,3종,20119
231,화원옥포,2012-07,4종,8213
231,화원옥포,2012-07,5종,13659
231,화원옥포,2012-07,6종,30832
232,달성,2012-07,1종,363787
232,달성,2012-07,2종,23594
232,달성,2012-07,3종,21387
232,달성,2012-07,4종,6278
232,달성,2012-07,5종,6337
232,달성,2012-07,6종,24288
233,현풍,2012-07,1종,378662
233,현풍,2012-07,2종,35710
233,현풍,2012-07,3종,22069
233,현풍,2012-07,4종,15306
233,현풍,2012-07,5종,35323
233,현풍,2012-07,6종,18874
234,서천,2012-07,1종,102096
234,서천,2012-07,2종,4371
234,서천,2012-07,3종,4725
234,서천,2012-07,4종,6154
234,서천,2012-07,5종,7194
234,서천,2012-07,6종,3525
235,창녕,2012-07,1종,153501
235,창녕,2012-07,2종,7657
235,창녕,2012-07,3종,8942
235,창녕,2012-07,4종,3029
235,창녕,2012-07,5종,6813
235,창녕,2012-07,6종,6889
236,영산,2012-07,1종,142128
236,영산,2012-07,2종,9394
236,영산,2012-07,3종,10105
236,영산,2012-07,4종,5677
236,영산,2012-07,5종,7593
236,영산,2012-07,6종,6174
237,남지,2012-07,1종,131979
237,남지,2012-07,2종,8948
237,남지,2012-07,3종,11926
237,남지,2012-07,4종,7932
237,남지,2012-07,5종,12886
237,남지,2012-07,6종,8711
238,칠서,2012-07,1종,215146
238,칠서,2012-07,2종,28188
238,칠서,2012-07,3종,13645
238,칠서,2012-07,4종,17861
238,칠서,2012-07,5종,35131
238,칠서,2012-07,6종,13370
239,칠원,2012-07,1종,520066
239,칠원,2012-07,2종,29137
239,칠원,2012-07,3종,42618
239,칠원,2012-07,4종,30858
239,칠원,2012-07,5종,35090
239,칠원,2012-07,6종,26079
240,제천,2012-07,1종,472171
240,제천,2012-07,2종,14732
240,제천,2012-07,3종,25370
240,제천,2012-07,4종,8144
240,제천,2012-07,5종,15783
240,제천,2012-07,6종,19084
241,동고령,2012-07,1종,253863
241,동고령,2012-07,2종,18455
241,동고령,2012-07,3종,14830
241,동고령,2012-07,4종,9270
241,동고령,2012-07,5종,13194
241,동고령,2012-07,6종,10957
242,고령,2012-07,1종,186428
242,고령,2012-07,2종,11023
242,고령,2012-07,3종,9987
242,고령,2012-07,4종,4627
242,고령,2012-07,5종,9761
242,고령,2012-07,6종,7390
243,해인사,2012-07,1종,105483
243,해인사,2012-07,2종,3480
243,해인사,2012-07,3종,2873
243,해인사,2012-07,4종,790
243,해인사,2012-07,5종,2585
243,해인사,2012-07,6종,4751
244,서부산,2012-07,1종,2018492
244,서부산,2012-07,2종,81705
244,서부산,2012-07,3종,95308
244,서부산,2012-07,4종,54286
244,서부산,2012-07,5종,190965
244,서부산,2012-07,6종,128763
245,장유,2012-07,1종,1295019
245,장유,2012-07,2종,47780
245,장유,2012-07,3종,46039
245,장유,2012-07,4종,19668
245,장유,2012-07,5종,31252
245,장유,2012-07,6종,96336
246,가락,2012-07,1종,718198
246,가락,2012-07,2종,38780
246,가락,2012-07,3종,26761
246,가락,2012-07,4종,40928
246,가락,2012-07,5종,181129
246,가락,2012-07,6종,48496
247,남원,2012-07,1종,147491
247,남원,2012-07,2종,6854
247,남원,2012-07,3종,8084
247,남원,2012-07,4종,2110
247,남원,2012-07,5종,11329
247,남원,2012-07,6종,5707
248,순창,2012-07,1종,121829
248,순창,2012-07,2종,4213
248,순창,2012-07,3종,4205
248,순창,2012-07,4종,2085
248,순창,2012-07,5종,6566
248,순창,2012-07,6종,4176
249,담양,2012-07,1종,186867
249,담양,2012-07,2종,5448
249,담양,2012-07,3종,14445
249,담양,2012-07,4종,2662
249,담양,2012-07,5종,5815
249,담양,2012-07,6종,6142
250,남양산,2012-07,1종,937973
250,남양산,2012-07,2종,54100
250,남양산,2012-07,3종,38738
250,남양산,2012-07,4종,23526
250,남양산,2012-07,5종,33133
250,남양산,2012-07,6종,69591
251,물금,2012-07,1종,411958
251,물금,2012-07,2종,44193
251,물금,2012-07,3종,20022
251,물금,2012-07,4종,34937
251,물금,2012-07,5종,67918
251,물금,2012-07,6종,29282
252,대동,2012-07,1종,2344587
252,대동,2012-07,2종,196624
252,대동,2012-07,3종,116138
252,대동,2012-07,4종,103531
252,대동,2012-07,5종,291358
252,대동,2012-07,6종,123832
253,서서울,2012-07,1종,4842390
253,서서울,2012-07,2종,231105
253,서서울,2012-07,3종,143320
253,서서울,2012-07,4종,120877
253,서서울,2012-07,5종,123225
253,서서울,2012-07,6종,283599
254,군자,2012-07,1종,2891100
254,군자,2012-07,2종,178714
254,군자,2012-07,3종,164849
254,군자,2012-07,4종,120285
254,군자,2012-07,5종,257576
254,군자,2012-07,6종,191077
255,서안산,2012-07,1종,1912069
255,서안산,2012-07,2종,144674
255,서안산,2012-07,3종,75490
255,서안산,2012-07,4종,77859
255,서안산,2012-07,5종,103372
255,서안산,2012-07,6종,151147
256,안산,2012-07,1종,917456
256,안산,2012-07,2종,26904
256,안산,2012-07,3종,19866
256,안산,2012-07,4종,5787
256,안산,2012-07,5종,7125
256,안산,2012-07,6종,64996
257,홍성,2012-07,1종,235306
257,홍성,2012-07,2종,6144
257,홍성,2012-07,3종,7265
257,홍성,2012-07,4종,3149
257,홍성,2012-07,5종,4390
257,홍성,2012-07,6종,7880
258,광천,2012-07,1종,118973
258,광천,2012-07,2종,6466
258,광천,2012-07,3종,6126
258,광천,2012-07,4종,4778
258,광천,2012-07,5종,10075
258,광천,2012-07,6종,4343
259,대천,2012-07,1종,292677
259,대천,2012-07,2종,7681
259,대천,2012-07,3종,11402
259,대천,2012-07,4종,3189
259,대천,2012-07,5종,3546
259,대천,2012-07,6종,11028
260,춘장대,2012-07,1종,60589
260,춘장대,2012-07,2종,1419
260,춘장대,2012-07,3종,1269
260,춘장대,2012-07,4종,810
260,춘장대,2012-07,5종,1369
260,춘장대,2012-07,6종,1608
261,동광주,2012-07,1종,1114041
261,동광주,2012-07,2종,41803
261,동광주,2012-07,3종,70134
261,동광주,2012-07,4종,25802
261,동광주,2012-07,5종,60656
261,동광주,2012-07,6종,35501
262,창평,2012-07,1종,92982
262,창평,2012-07,2종,5910
262,창평,2012-07,3종,4071
262,창평,2012-07,4종,2103
262,창평,2012-07,5종,1695
262,창평,2012-07,6종,2898
263,옥과,2012-07,1종,192649
263,옥과,2012-07,2종,4840
263,옥과,2012-07,3종,9133
263,옥과,2012-07,4종,3275
263,옥과,2012-07,5종,3977
263,옥과,2012-07,6종,8345
264,동남원,2012-07,1종,51607
264,동남원,2012-07,2종,2356
264,동남원,2012-07,3종,2759
264,동남원,2012-07,4종,837
264,동남원,2012-07,5종,1477
264,동남원,2012-07,6종,2144
265,곡성,2012-07,1종,156071
265,곡성,2012-07,2종,6147
265,곡성,2012-07,3종,5910
265,곡성,2012-07,4종,2077
265,곡성,2012-07,5종,6570
265,곡성,2012-07,6종,6043
266,석곡,2012-07,1종,48910
266,석곡,2012-07,2종,1583
266,석곡,2012-07,3종,1743
266,석곡,2012-07,4종,477
266,석곡,2012-07,5종,1458
266,석곡,2012-07,6종,1423
267,주암송광사,2012-07,1종,131221
267,주암송광사,2012-07,2종,4504
267,주암송광사,2012-07,3종,3206
267,주암송광사,2012-07,4종,2573
267,주암송광사,2012-07,5종,4401
267,주암송광사,2012-07,6종,3897
268,승주,2012-07,1종,66058
268,승주,2012-07,2종,1577
268,승주,2012-07,3종,1768
268,승주,2012-07,4종,527
268,승주,2012-07,5종,834
268,승주,2012-07,6종,2940
269,지리산,2012-07,1종,73377
269,지리산,2012-07,2종,2351
269,지리산,2012-07,3종,4157
269,지리산,2012-07,4종,1971
269,지리산,2012-07,5종,908
269,지리산,2012-07,6종,1916
270,서순천,2012-07,1종,154993
270,서순천,2012-07,2종,5991
270,서순천,2012-07,3종,10335
270,서순천,2012-07,4종,1896
270,서순천,2012-07,5종,3279
270,서순천,2012-07,6종,5535
271,순천,2012-07,1종,627862
271,순천,2012-07,2종,19160
271,순천,2012-07,3종,29451
271,순천,2012-07,4종,10439
271,순천,2012-07,5종,40597
271,순천,2012-07,6종,19631
272,광양,2012-07,1종,295699
272,광양,2012-07,2종,13296
272,광양,2012-07,3종,23614
272,광양,2012-07,4종,18353
272,광양,2012-07,5종,77139
272,광양,2012-07,6종,9503
273,동광양,2012-07,1종,134207
273,동광양,2012-07,2종,3136
273,동광양,2012-07,3종,3619
273,동광양,2012-07,4종,2274
273,동광양,2012-07,5종,19071
273,동광양,2012-07,6종,5395
274,가조,2012-07,1종,57749
274,가조,2012-07,2종,2323
274,가조,2012-07,3종,3270
274,가조,2012-07,4종,1233
274,가조,2012-07,5종,1206
274,가조,2012-07,6종,3376
275,옥곡,2012-07,1종,239560
275,옥곡,2012-07,2종,3805
275,옥곡,2012-07,3종,18412
275,옥곡,2012-07,4종,2034
275,옥곡,2012-07,5종,8554
275,옥곡,2012-07,6종,9016
276,진월,2012-07,1종,77791
276,진월,2012-07,2종,2126
276,진월,2012-07,3종,2184
276,진월,2012-07,4종,4917
276,진월,2012-07,5종,41671
276,진월,2012-07,6종,2820
277,하동,2012-07,1종,206463
277,하동,2012-07,2종,5248
277,하동,2012-07,3종,8387
277,하동,2012-07,4종,8119
277,하동,2012-07,5종,36816
277,하동,2012-07,6종,8573
278,진교,2012-07,1종,161519
278,진교,2012-07,2종,4992
278,진교,2012-07,3종,13554
278,진교,2012-07,4종,1289
278,진교,2012-07,5종,2523
278,진교,2012-07,6종,9563
279,곤양,2012-07,1종,113923
279,곤양,2012-07,2종,4448
279,곤양,2012-07,3종,6552
279,곤양,2012-07,4종,2736
279,곤양,2012-07,5종,8333
279,곤양,2012-07,6종,5865
280,거창,2012-07,1종,175842
280,거창,2012-07,2종,9204
280,거창,2012-07,3종,15849
280,거창,2012-07,4종,2542
280,거창,2012-07,5종,3598
280,거창,2012-07,6종,8329
281,매송,2012-07,1종,493721
281,매송,2012-07,2종,35978
281,매송,2012-07,3종,25658
281,매송,2012-07,4종,16585
281,매송,2012-07,5종,24314
281,매송,2012-07,6종,25582
282,비봉,2012-07,1종,818336
282,비봉,2012-07,2종,61263
282,비봉,2012-07,3종,38991
282,비봉,2012-07,4종,28217
282,비봉,2012-07,5종,46137
282,비봉,2012-07,6종,47400
283,발안,2012-07,1종,467311
283,발안,2012-07,2종,40539
283,발안,2012-07,3종,22256
283,발안,2012-07,4종,19785
283,발안,2012-07,5종,24433
283,발안,2012-07,6종,26698
284,남양양,2012-07,1종,68964
284,남양양,2012-07,2종,1493
284,남양양,2012-07,3종,2429
284,남양양,2012-07,4종,599
284,남양양,2012-07,5종,836
284,남양양,2012-07,6종,2342
285,서평택,2012-07,1종,595925
285,서평택,2012-07,2종,49849
285,서평택,2012-07,3종,48258
285,서평택,2012-07,4종,64142
285,서평택,2012-07,5종,119351
285,서평택,2012-07,6종,30906
286,통도사휴게소,2012-07,1종,22781
286,통도사휴게소,2012-07,2종,240
286,통도사휴게소,2012-07,3종,1771
286,통도사휴게소,2012-07,4종,0
286,통도사휴게소,2012-07,5종,0
286,통도사휴게소,2012-07,6종,864
287,송악,2012-07,1종,479363
287,송악,2012-07,2종,25681
287,송악,2012-07,3종,19597
287,송악,2012-07,4종,22014
287,송악,2012-07,5종,110905
287,송악,2012-07,6종,20836
288,당진,2012-07,1종,378756
288,당진,2012-07,2종,19586
288,당진,2012-07,3종,21231
288,당진,2012-07,4종,13645
288,당진,2012-07,5종,46005
288,당진,2012-07,6종,15670
289,마산,2012-07,1종,879828
289,마산,2012-07,2종,40250
289,마산,2012-07,3종,42261
289,마산,2012-07,4종,17313
289,마산,2012-07,5종,24919
289,마산,2012-07,6종,59012
290,축동,2012-07,1종,45041
290,축동,2012-07,2종,2628
290,축동,2012-07,3종,1288
290,축동,2012-07,4종,1543
290,축동,2012-07,5종,6580
290,축동,2012-07,6종,2169
291,사천,2012-07,1종,639576
291,사천,2012-07,2종,26594
291,사천,2012-07,3종,26470
291,사천,2012-07,4종,13610
291,사천,2012-07,5종,26697
291,사천,2012-07,6종,39644
292,진주,2012-07,1종,630173
292,진주,2012-07,2종,25314
292,진주,2012-07,3종,49691
292,진주,2012-07,4종,11892
292,진주,2012-07,5종,32649
292,진주,2012-07,6종,41163
293,문산,2012-07,1종,265570
293,문산,2012-07,2종,11793
293,문산,2012-07,3종,7219
293,문산,2012-07,4종,5133
293,문산,2012-07,5종,11963
293,문산,2012-07,6종,15480
294,북창원,2012-07,1종,194213
294,북창원,2012-07,2종,9728
294,북창원,2012-07,3종,4987
294,북창원,2012-07,4종,6453
294,북창원,2012-07,5종,8619
294,북창원,2012-07,6종,9247
295,진성,2012-07,1종,128735
295,진성,2012-07,2종,8627
295,진성,2012-07,3종,4836
295,진성,2012-07,4종,4085
295,진성,2012-07,5종,11585
295,진성,2012-07,6종,6128
296,지수,2012-07,1종,44835
296,지수,2012-07,2종,3453
296,지수,2012-07,3종,1759
296,지수,2012-07,4종,1277
296,지수,2012-07,5종,4106
296,지수,2012-07,6종,2958
298,서산,2012-07,1종,523401
298,서산,2012-07,2종,18985
298,서산,2012-07,3종,29821
298,서산,2012-07,4종,21501
298,서산,2012-07,5종,34682
298,서산,2012-07,6종,19007
299,해미,2012-07,1종,133107
299,해미,2012-07,2종,5869
299,해미,2012-07,3종,5400
299,해미,2012-07,4종,4262
299,해미,2012-07,5종,8496
299,해미,2012-07,6종,5041
501,서김제,2012-07,1종,55034
501,서김제,2012-07,2종,3169
501,서김제,2012-07,3종,3405
501,서김제,2012-07,4종,1943
501,서김제,2012-07,5종,3138
501,서김제,2012-07,6종,1528
502,부안,2012-07,1종,99144
502,부안,2012-07,2종,5836
502,부안,2012-07,3종,5439
502,부안,2012-07,4종,1998
502,부안,2012-07,5종,3395
502,부안,2012-07,6종,2610
503,줄포,2012-07,1종,76708
503,줄포,2012-07,2종,2390
503,줄포,2012-07,3종,2825
503,줄포,2012-07,4종,899
503,줄포,2012-07,5종,1210
503,줄포,2012-07,6종,1809
504,선운산,2012-07,1종,98913
504,선운산,2012-07,2종,5529
504,선운산,2012-07,3종,7561
504,선운산,2012-07,4종,5104
504,선운산,2012-07,5종,5341
504,선운산,2012-07,6종,2702
505,고창,2012-07,1종,83866
505,고창,2012-07,2종,3656
505,고창,2012-07,3종,3039
505,고창,2012-07,4종,1340
505,고창,2012-07,5종,987
505,고창,2012-07,6종,2589
506,영광,2012-07,1종,75979
506,영광,2012-07,2종,3763
506,영광,2012-07,3종,6044
506,영광,2012-07,4종,1746
506,영광,2012-07,5종,2470
506,영광,2012-07,6종,1988
507,함평,2012-07,1종,54503
507,함평,2012-07,2종,4327
507,함평,2012-07,3종,5429
507,함평,2012-07,4종,2819
507,함평,2012-07,5종,6662
507,함평,2012-07,6종,1515
508,무안,2012-07,1종,170988
508,무안,2012-07,2종,5539
508,무안,2012-07,3종,5884
508,무안,2012-07,4종,3248
508,무안,2012-07,5종,4859
508,무안,2012-07,6종,4915
509,목포,2012-07,1종,701598
509,목포,2012-07,2종,23366
509,목포,2012-07,3종,30926
509,목포,2012-07,4종,18314
509,목포,2012-07,5종,33471
509,목포,2012-07,6종,19861
511,무창포,2012-07,1종,87309
511,무창포,2012-07,2종,2535
511,무창포,2012-07,3종,2293
511,무창포,2012-07,4종,1476
511,무창포,2012-07,5종,3886
511,무창포,2012-07,6종,2889
512,연화산,2012-07,1종,37067
512,연화산,2012-07,2종,2181
512,연화산,2012-07,3종,584
512,연화산,2012-07,4종,502
512,연화산,2012-07,5종,2314
512,연화산,2012-07,6종,3020
513,고성,2012-07,1종,297360
513,고성,2012-07,2종,13161
513,고성,2012-07,3종,12921
513,고성,2012-07,4종,9704
513,고성,2012-07,5종,10863
513,고성,2012-07,6종,14960
514,동고성,2012-07,1종,95287
514,동고성,2012-07,2종,4919
514,동고성,2012-07,3종,5036
514,동고성,2012-07,4종,5951
514,동고성,2012-07,5종,12479
514,동고성,2012-07,6종,6421
515,북통영,2012-07,1종,123461
515,북통영,2012-07,2종,3699
515,북통영,2012-07,3종,8786
515,북통영,2012-07,4종,1509
515,북통영,2012-07,5종,1575
515,북통영,2012-07,6종,6260
516,통영,2012-07,1종,497753
516,통영,2012-07,2종,17945
516,통영,2012-07,3종,20534
516,통영,2012-07,4종,14788
516,통영,2012-07,5종,17661
516,통영,2012-07,6종,23918
518,칠곡물류,2012-07,1종,37710
518,칠곡물류,2012-07,2종,10062
518,칠곡물류,2012-07,3종,3402
518,칠곡물류,2012-07,4종,6961
518,칠곡물류,2012-07,5종,9764
518,칠곡물류,2012-07,6종,1655
519,남대구,2012-07,1종,1354230
519,남대구,2012-07,2종,70533
519,남대구,2012-07,3종,63861
519,남대구,2012-07,4종,22375
519,남대구,2012-07,5종,34811
519,남대구,2012-07,6종,67594
520,평택,2012-07,1종,478826
520,평택,2012-07,2종,32499
520,평택,2012-07,3종,40335
520,평택,2012-07,4종,17755
520,평택,2012-07,5종,24246
520,평택,2012-07,6종,25949
521,단양,2012-07,1종,86737
521,단양,2012-07,2종,2171
521,단양,2012-07,3종,3430
521,단양,2012-07,4종,1013
521,단양,2012-07,5종,9282
521,단양,2012-07,6종,3238
522,북단양,2012-07,1종,105615
522,북단양,2012-07,2종,3192
522,북단양,2012-07,3종,3707
522,북단양,2012-07,4종,4406
522,북단양,2012-07,5종,28268
522,북단양,2012-07,6종,3448
523,남제천,2012-07,1종,77520
523,남제천,2012-07,2종,2413
523,남제천,2012-07,3종,3803
523,남제천,2012-07,4종,1204
523,남제천,2012-07,5종,2221
523,남제천,2012-07,6종,2469
524,청통와촌,2012-07,1종,230210
524,청통와촌,2012-07,2종,13448
524,청통와촌,2012-07,3종,5409
524,청통와촌,2012-07,4종,4150
524,청통와촌,2012-07,5종,4771
524,청통와촌,2012-07,6종,9665
525,북영천,2012-07,1종,180577
525,북영천,2012-07,2종,7431
525,북영천,2012-07,3종,4967
525,북영천,2012-07,4종,3161
525,북영천,2012-07,5종,6712
525,북영천,2012-07,6종,6203
526,서포항,2012-07,1종,104046
526,서포항,2012-07,2종,2387
526,서포항,2012-07,3종,2207
526,서포항,2012-07,4종,844
526,서포항,2012-07,5종,2861
526,서포항,2012-07,6종,5215
527,포항,2012-07,1종,740668
527,포항,2012-07,2종,18766
527,포항,2012-07,3종,29177
527,포항,2012-07,4종,8661
527,포항,2012-07,5종,35910
527,포항,2012-07,6종,27541
528,기흥동탄,2012-07,1종,985130
528,기흥동탄,2012-07,2종,29394
528,기흥동탄,2012-07,3종,71655
528,기흥동탄,2012-07,4종,16608
528,기흥동탄,2012-07,5종,19173
528,기흥동탄,2012-07,6종,57330
529,노포,2012-07,1종,216591
529,노포,2012-07,2종,15648
529,노포,2012-07,3종,38966
529,노포,2012-07,4종,5811
529,노포,2012-07,5종,7685
529,노포,2012-07,6종,11641
530,내장산,2012-07,1종,41859
530,내장산,2012-07,2종,1252
530,내장산,2012-07,3종,766
530,내장산,2012-07,4종,592
530,내장산,2012-07,5종,5187
530,내장산,2012-07,6종,1637
531,문의청남대,2012-07,1종,178307
531,문의청남대,2012-07,2종,7886
531,문의청남대,2012-07,3종,8904
531,문의청남대,2012-07,4종,7402
531,문의청남대,2012-07,5종,8952
531,문의청남대,2012-07,6종,7351
532,회인,2012-07,1종,45565
532,회인,2012-07,2종,1337
532,회인,2012-07,3종,882
532,회인,2012-07,4종,1401
532,회인,2012-07,5종,1221
532,회인,2012-07,6종,1780
533,보은,2012-07,1종,119510
533,보은,2012-07,2종,5498
533,보은,2012-07,3종,4047
533,보은,2012-07,4종,2225
533,보은,2012-07,5종,2687
533,보은,2012-07,6종,4957
534,속리산,2012-07,1종,54768
534,속리산,2012-07,2종,1716
534,속리산,2012-07,3종,1894
534,속리산,2012-07,4종,1162
534,속리산,2012-07,5종,1309
534,속리산,2012-07,6종,1952
535,화서,2012-07,1종,57392
535,화서,2012-07,2종,1836
535,화서,2012-07,3종,2701
535,화서,2012-07,4종,980
535,화서,2012-07,5종,1433
535,화서,2012-07,6종,2083
536,남상주,2012-07,1종,99293
536,남상주,2012-07,2종,5314
536,남상주,2012-07,3종,7268
536,남상주,2012-07,4종,4063
536,남상주,2012-07,5종,3644
536,남상주,2012-07,6종,4036
537,남김천,2012-07,1종,71292
537,남김천,2012-07,2종,7417
537,남김천,2012-07,3종,3985
537,남김천,2012-07,4종,5892
537,남김천,2012-07,5종,10383
537,남김천,2012-07,6종,2557
538,성주,2012-07,1종,73875
538,성주,2012-07,2종,6987
538,성주,2012-07,3종,4406
538,성주,2012-07,4종,4646
538,성주,2012-07,5종,4667
538,성주,2012-07,6종,2466
539,남성주,2012-07,1종,44404
539,남성주,2012-07,2종,6999
539,남성주,2012-07,3종,2835
539,남성주,2012-07,4종,4014
539,남성주,2012-07,5종,4472
539,남성주,2012-07,6종,1578
540,청북,2012-07,1종,312657
540,청북,2012-07,2종,45023
540,청북,2012-07,3종,27403
540,청북,2012-07,4종,25263
540,청북,2012-07,5종,30749
540,청북,2012-07,6종,17073
541,송탄,2012-07,1종,344195
541,송탄,2012-07,2종,36934
541,송탄,2012-07,3종,23612
541,송탄,2012-07,4종,29038
541,송탄,2012-07,5종,20530
541,송탄,2012-07,6종,17045
542,서안성,2012-07,1종,303772
542,서안성,2012-07,2종,34258
542,서안성,2012-07,3종,28216
542,서안성,2012-07,4종,21555
542,서안성,2012-07,5종,22613
542,서안성,2012-07,6종,14530
543,남안성,2012-07,1종,403696
543,남안성,2012-07,2종,45036
543,남안성,2012-07,3종,30212
543,남안성,2012-07,4종,27612
543,남안성,2012-07,5종,40394
543,남안성,2012-07,6종,21959
544,완주,2012-07,1종,161613
544,완주,2012-07,2종,8160
544,완주,2012-07,3종,7607
544,완주,2012-07,4종,8639
544,완주,2012-07,5종,13945
544,완주,2012-07,6종,5136
545,소양,2012-07,1종,141827
545,소양,2012-07,2종,5684
545,소양,2012-07,3종,7978
545,소양,2012-07,4종,2539
545,소양,2012-07,5종,6026
545,소양,2012-07,6종,4467
546,진안,2012-07,1종,55594
546,진안,2012-07,2종,2227
546,진안,2012-07,3종,2368
546,진안,2012-07,4종,925
546,진안,2012-07,5종,1265
546,진안,2012-07,6종,1717
547,무안공항,2012-07,1종,32904
547,무안공항,2012-07,2종,828
547,무안공항,2012-07,3종,1139
547,무안공항,2012-07,4종,316
547,무안공항,2012-07,5종,486
547,무안공항,2012-07,6종,770
548,북무안,2012-07,1종,99913
548,북무안,2012-07,2종,2522
548,북무안,2012-07,3종,2647
548,북무안,2012-07,4종,1435
548,북무안,2012-07,5종,1796
548,북무안,2012-07,6종,2135
549,동함평,2012-07,1종,142362
549,동함평,2012-07,2종,4593
549,동함평,2012-07,3종,4159
549,동함평,2012-07,4종,1720
549,동함평,2012-07,5종,3367
549,동함평,2012-07,6종,5936
550,문평,2012-07,1종,36701
550,문평,2012-07,2종,1287
550,문평,2012-07,3종,1121
550,문평,2012-07,4종,542
550,문평,2012-07,5종,2836
550,문평,2012-07,6종,1312
551,나주,2012-07,1종,60524
551,나주,2012-07,2종,2393
551,나주,2012-07,3종,1580
551,나주,2012-07,4종,796
551,나주,2012-07,5종,1311
551,나주,2012-07,6종,2337
552,서광산,2012-07,1종,35537
552,서광산,2012-07,2종,2278
552,서광산,2012-07,3종,1191
552,서광산,2012-07,4종,613
552,서광산,2012-07,5종,1518
552,서광산,2012-07,6종,1112
553,동광산,2012-07,1종,731166
553,동광산,2012-07,2종,18332
553,동광산,2012-07,3종,21953
553,동광산,2012-07,4종,8464
553,동광산,2012-07,5종,19479
553,동광산,2012-07,6종,23655
554,동홍천,2012-07,1종,500141
554,동홍천,2012-07,2종,6453
554,동홍천,2012-07,3종,20357
554,동홍천,2012-07,4종,3479
554,동홍천,2012-07,5종,2669
554,동홍천,2012-07,6종,17431
555,북진천,2012-07,1종,233316
555,북진천,2012-07,2종,33957
555,북진천,2012-07,3종,28320
555,북진천,2012-07,4종,17509
555,북진천,2012-07,5종,17066
555,북진천,2012-07,6종,10101
556,동순천,2012-07,1종,293598
556,동순천,2012-07,2종,7356
556,동순천,2012-07,3종,23972
556,동순천,2012-07,4종,10844
556,동순천,2012-07,5종,47339
556,동순천,2012-07,6종,7827
557,황전,2012-07,1종,73272
557,황전,2012-07,2종,1847
557,황전,2012-07,3종,1933
557,황전,2012-07,4종,956
557,황전,2012-07,5종,3765
557,황전,2012-07,6종,2673
558,구례화엄사,2012-07,1종,91387
558,구례화엄사,2012-07,2종,2756
558,구례화엄사,2012-07,3종,5976
558,구례화엄사,2012-07,4종,1373
558,구례화엄사,2012-07,5종,6017
558,구례화엄사,2012-07,6종,2372
559,서남원,2012-07,1종,47240
559,서남원,2012-07,2종,2680
559,서남원,2012-07,3종,2528
559,서남원,2012-07,4종,1889
559,서남원,2012-07,5종,5461
559,서남원,2012-07,6종,1666
560,감곡,2012-07,1종,332430
560,감곡,2012-07,2종,17147
560,감곡,2012-07,3종,17656
560,감곡,2012-07,4종,16082
560,감곡,2012-07,5종,30200
560,감곡,2012-07,6종,11159
561,북충주,2012-07,1종,58139
561,북충주,2012-07,2종,2245
561,북충주,2012-07,3종,1597
561,북충주,2012-07,4종,1266
561,북충주,2012-07,5종,3031
561,북충주,2012-07,6종,1634
562,충주,2012-07,1종,221462
562,충주,2012-07,2종,11726
562,충주,2012-07,3종,18381
562,충주,2012-07,4종,12143
562,충주,2012-07,5종,12178
562,충주,2012-07,6종,8307
563,괴산,2012-07,1종,70100
563,괴산,2012-07,2종,2178
563,괴산,2012-07,3종,3244
563,괴산,2012-07,4종,1943
563,괴산,2012-07,5종,13557
563,괴산,2012-07,6종,2423
564,연풍,2012-07,1종,47410
564,연풍,2012-07,2종,3701
564,연풍,2012-07,3종,7828
564,연풍,2012-07,4종,5190
564,연풍,2012-07,5종,6243
564,연풍,2012-07,6종,1320
565,문경새재,2012-07,1종,84177
565,문경새재,2012-07,2종,4373
565,문경새재,2012-07,3종,6449
565,문경새재,2012-07,4종,4078
565,문경새재,2012-07,5종,4267
565,문경새재,2012-07,6종,2512
566,점촌함창,2012-07,1종,130697
566,점촌함창,2012-07,2종,5540
566,점촌함창,2012-07,3종,10571
566,점촌함창,2012-07,4종,4545
566,점촌함창,2012-07,5종,6244
566,점촌함창,2012-07,6종,4359
567,남고창,2012-07,1종,93589
567,남고창,2012-07,2종,4055
567,남고창,2012-07,3종,2828
567,남고창,2012-07,4종,1781
567,남고창,2012-07,5종,1667
567,남고창,2012-07,6종,3690
568,장성물류,2012-07,1종,31131
568,장성물류,2012-07,2종,5951
568,장성물류,2012-07,3종,2427
568,장성물류,2012-07,4종,4782
568,장성물류,2012-07,5종,4543
568,장성물류,2012-07,6종,827
569,북광주,2012-07,1종,189907
569,북광주,2012-07,2종,11423
569,북광주,2012-07,3종,7258
569,북광주,2012-07,4종,9848
569,북광주,2012-07,5종,10821
569,북광주,2012-07,6종,5941
570,북상주,2012-07,1종,120822
570,북상주,2012-07,2종,6261
570,북상주,2012-07,3종,7774
570,북상주,2012-07,4종,4252
570,북상주,2012-07,5종,5847
570,북상주,2012-07,6종,4342
571,면천,2012-07,1종,83288
571,면천,2012-07,2종,3671
571,면천,2012-07,3종,2992
571,면천,2012-07,4종,3163
571,면천,2012-07,5종,4885
571,면천,2012-07,6종,3152
572,고덕,2012-07,1종,87881
572,고덕,2012-07,2종,4012
572,고덕,2012-07,3종,4061
572,고덕,2012-07,4종,2892
572,고덕,2012-07,5종,6355
572,고덕,2012-07,6종,2713
573,예산수덕사,2012-07,1종,265011
573,예산수덕사,2012-07,2종,11192
573,예산수덕사,2012-07,3종,10425
573,예산수덕사,2012-07,4종,8579
573,예산수덕사,2012-07,5종,11733
573,예산수덕사,2012-07,6종,9544
574,신양,2012-07,1종,79641
574,신양,2012-07,2종,3726
574,신양,2012-07,3종,2861
574,신양,2012-07,4종,2282
574,신양,2012-07,5종,3596
574,신양,2012-07,6종,2761
575,유구,2012-07,1종,91975
575,유구,2012-07,2종,6151
575,유구,2012-07,3종,3836
575,유구,2012-07,4종,6500
575,유구,2012-07,5종,8734
575,유구,2012-07,6종,3374
576,마곡사,2012-07,1종,38136
576,마곡사,2012-07,2종,1048
576,마곡사,2012-07,3종,1007
576,마곡사,2012-07,4종,690
576,마곡사,2012-07,5종,611
576,마곡사,2012-07,6종,1309
577,공주,2012-07,1종,156728
577,공주,2012-07,2종,5554
577,공주,2012-07,3종,4499
577,공주,2012-07,4종,2445
577,공주,2012-07,5종,5795
577,공주,2012-07,6종,6939
578,서세종,2012-07,1종,184769
578,서세종,2012-07,2종,11873
578,서세종,2012-07,3종,9088
578,서세종,2012-07,4종,6099
578,서세종,2012-07,5종,12034
578,서세종,2012-07,6종,7515
579,남세종,2012-07,1종,200381
579,남세종,2012-07,2종,6758
579,남세종,2012-07,3종,5020
579,남세종,2012-07,4종,3399
579,남세종,2012-07,5종,6410
579,남세종,2012-07,6종,8096
580,북강릉,2012-07,1종,184220
580,북강릉,2012-07,2종,5389
580,북강릉,2012-07,3종,7030
580,북강릉,2012-07,4종,2158
580,북강릉,2012-07,5종,2755
580,북강릉,2012-07,6종,7516
581,옥계,2012-07,1종,65979
581,옥계,2012-07,2종,2286
581,옥계,2012-07,3종,1698
581,옥계,2012-07,4종,3608
581,옥계,2012-07,5종,11300
581,옥계,2012-07,6종,3580
582,망상,2012-07,1종,113247
582,망상,2012-07,2종,3447
582,망상,2012-07,3종,14392
582,망상,2012-07,4종,1507
582,망상,2012-07,5종,1372
582,망상,2012-07,6종,6259
583,동해,2012-07,1종,313503
583,동해,2012-07,2종,12379
583,동해,2012-07,3종,13022
583,동해,2012-07,4종,10397
583,동해,2012-07,5종,22589
583,동해,2012-07,6종,16535
584,남강릉,2012-07,1종,99921
584,남강릉,2012-07,2종,5881
584,남강릉,2012-07,3종,9716
584,남강릉,2012-07,4종,3326
584,남강릉,2012-07,5종,2767
584,남강릉,2012-07,6종,6161
585,하조대,2012-07,1종,221970
585,하조대,2012-07,2종,6655
585,하조대,2012-07,3종,11207
585,하조대,2012-07,4종,4095
585,하조대,2012-07,5종,4701
585,하조대,2012-07,6종,8332
586,북남원,2012-07,1종,20941
586,북남원,2012-07,2종,1023
586,북남원,2012-07,3종,404
586,북남원,2012-07,4종,270
586,북남원,2012-07,5종,6297
586,북남원,2012-07,6종,654
587,오수,2012-07,1종,127743
587,오수,2012-07,2종,5556
587,오수,2012-07,3종,7338
587,오수,2012-07,4종,3308
587,오수,2012-07,5종,8096
587,오수,2012-07,6종,4015
588,임실,2012-07,1종,42530
588,임실,2012-07,2종,2017
588,임실,2012-07,3종,1987
588,임실,2012-07,4종,970
588,임실,2012-07,5종,3278
588,임실,2012-07,6종,1281
589,상관,2012-07,1종,132752
589,상관,2012-07,2종,5979
589,상관,2012-07,3종,6635
589,상관,2012-07,4종,4242
589,상관,2012-07,5종,27991
589,상관,2012-07,6종,3805
590,동전주,2012-07,1종,147148
590,동전주,2012-07,2종,3383
590,동전주,2012-07,3종,3534
590,동전주,2012-07,4종,1651
590,동전주,2012-07,5종,4878
590,동전주,2012-07,6종,4533
591,동서천,2012-07,1종,42540
591,동서천,2012-07,2종,1739
591,동서천,2012-07,3종,1577
591,동서천,2012-07,4종,2131
591,동서천,2012-07,5종,3718
591,동서천,2012-07,6종,1358
592,서부여,2012-07,1종,68026
592,서부여,2012-07,2종,3534
592,서부여,2012-07,3종,2295
592,서부여,2012-07,4종,1473
592,서부여,2012-07,5종,2482
592,서부여,2012-07,6종,2272
593,부여,2012-07,1종,60455
593,부여,2012-07,2종,2622
593,부여,2012-07,3종,2612
593,부여,2012-07,4종,1798
593,부여,2012-07,5종,3066
593,부여,2012-07,6종,2082
594,칠갑산,2012-07,1종,57530
594,칠갑산,2012-07,2종,2057
594,칠갑산,2012-07,3종,1982
594,칠갑산,2012-07,4종,1186
594,칠갑산,2012-07,5종,743
594,칠갑산,2012-07,6종,1967
595,서공주,2012-07,1종,53304
595,서공주,2012-07,2종,2811
595,서공주,2012-07,3종,2076
595,서공주,2012-07,4종,2064
595,서공주,2012-07,5종,4170
595,서공주,2012-07,6종,1760
597,서여주,2012-07,1종,101624
597,서여주,2012-07,2종,5018
597,서여주,2012-07,3종,6165
597,서여주,2012-07,4종,3802
597,서여주,2012-07,5종,5274
597,서여주,2012-07,6종,4350
598,북여주,2012-07,1종,76179
598,북여주,2012-07,2종,2787
598,북여주,2012-07,3종,2465
598,북여주,2012-07,4종,1501
598,북여주,2012-07,5종,2317
598,북여주,2012-07,6종,2947
599,양촌,2012-07,1종,3596
599,양촌,2012-07,2종,47
599,양촌,2012-07,3종,36
599,양촌,2012-07,4종,1
599,양촌,2012-07,5종,0
599,양촌,2012-07,6종,129
601,남천안,2012-07,1종,346501
601,남천안,2012-07,2종,29712
601,남천안,2012-07,3종,22136
601,남천안,2012-07,4종,23814
601,남천안,2012-07,5종,22921
601,남천안,2012-07,6종,12957
602,풍세상,2012-07,1종,1291064
602,풍세상,2012-07,2종,46602
602,풍세상,2012-07,3종,151158
602,풍세상,2012-07,4종,58828
602,풍세상,2012-07,5종,67432
602,풍세상,2012-07,6종,50236
603,정안,2012-07,1종,120795
603,정안,2012-07,2종,10364
603,정안,2012-07,3종,16509
603,정안,2012-07,4종,10413
603,정안,2012-07,5종,8068
603,정안,2012-07,6종,3804
604,남공주,2012-07,1종,69722
604,남공주,2012-07,2종,4019
604,남공주,2012-07,3종,3967
604,남공주,2012-07,4종,2487
604,남공주,2012-07,5종,4444
604,남공주,2012-07,6종,2396
605,탄천,2012-07,1종,21034
605,탄천,2012-07,2종,1694
605,탄천,2012-07,3종,894
605,탄천,2012-07,4종,1393
605,탄천,2012-07,5종,2181
605,탄천,2012-07,6종,766
606,서논산,2012-07,1종,123968
606,서논산,2012-07,2종,7948
606,서논산,2012-07,3종,9755
606,서논산,2012-07,4종,6361
606,서논산,2012-07,5종,9058
606,서논산,2012-07,6종,4299
607,연무,2012-07,1종,55508
607,연무,2012-07,2종,2478
607,연무,2012-07,3종,2438
607,연무,2012-07,4종,1163
607,연무,2012-07,5종,1641
607,연무,2012-07,6종,1802
608,남논산하,2012-07,1종,824005
608,남논산하,2012-07,2종,27538
608,남논산하,2012-07,3종,104959
608,남논산하,2012-07,4종,33729
608,남논산하,2012-07,5종,52009
608,남논산하,2012-07,6종,29002
612,풍세하,2012-07,1종,1316519
612,풍세하,2012-07,2종,45469
612,풍세하,2012-07,3종,149046
612,풍세하,2012-07,4종,48301
612,풍세하,2012-07,5종,52930
612,풍세하,2012-07,6종,51236
618,남논산상,2012-07,1종,810608
618,남논산상,2012-07,2종,28782
618,남논산상,2012-07,3종,108132
618,남논산상,2012-07,4종,38474
618,남논산상,2012-07,5종,63726
618,남논산상,2012-07,6종,27911
621,동대구,2012-07,1종,799233
621,동대구,2012-07,2종,36112
621,동대구,2012-07,3종,39864
621,동대구,2012-07,4종,22278
621,동대구,2012-07,5종,25001
621,동대구,2012-07,6종,39805
622,대구,2012-07,1종,1030192
622,대구,2012-07,2종,53970
622,대구,2012-07,3종,59033
622,대구,2012-07,4종,47447
622,대구,2012-07,5종,93842
622,대구,2012-07,6종,52176
623,수성,2012-07,1종,711466
623,수성,2012-07,2종,21561
623,수성,2012-07,3종,12921
623,수성,2012-07,4종,8208
623,수성,2012-07,5종,8284
623,수성,2012-07,6종,32069
624,청도,2012-07,1종,191264
624,청도,2012-07,2종,8280
624,청도,2012-07,3종,4944
624,청도,2012-07,4종,3335
624,청도,2012-07,5종,5688
624,청도,2012-07,6종,8678
625,밀양,2012-07,1종,288745
625,밀양,2012-07,2종,15668
625,밀양,2012-07,3종,9574
625,밀양,2012-07,4종,7544
625,밀양,2012-07,5종,10755
625,밀양,2012-07,6종,12601
626,남밀양,2012-07,1종,325822
626,남밀양,2012-07,2종,22716
626,남밀양,2012-07,3종,15021
626,남밀양,2012-07,4종,12666
626,남밀양,2012-07,5종,14443
626,남밀양,2012-07,6종,17407
627,삼랑진,2012-07,1종,201126
627,삼랑진,2012-07,2종,9841
627,삼랑진,2012-07,3종,5271
627,삼랑진,2012-07,4종,4077
627,삼랑진,2012-07,5종,9003
627,삼랑진,2012-07,6종,11747
628,상동,2012-07,1종,245583
628,상동,2012-07,2종,28145
628,상동,2012-07,3종,13993
628,상동,2012-07,4종,16259
628,상동,2012-07,5종,25036
628,상동,2012-07,6종,14440
629,김해부산,2012-07,1종,1086905
629,김해부산,2012-07,2종,73139
629,김해부산,2012-07,3종,65774
629,김해부산,2012-07,4종,61409
629,김해부산,2012-07,5종,108047
629,김해부산,2012-07,6종,60443
641,울산,2012-07,1종,1104953
641,울산,2012-07,2종,59713
641,울산,2012-07,3종,68964
641,울산,2012-07,4종,46229
641,울산,2012-07,5종,123508
641,울산,2012-07,6종,54504
642,문수,2012-07,1종,106558
642,문수,2012-07,2종,5026
642,문수,2012-07,3종,4045
642,문수,2012-07,4종,4639
642,문수,2012-07,5종,6584
642,문수,2012-07,6종,6146
643,청량,2012-07,1종,473808
643,청량,2012-07,2종,14298
643,청량,2012-07,3종,12256
643,청량,2012-07,4종,19573
643,청량,2012-07,5종,83000
643,청량,2012-07,6종,29132
644,온양,2012-07,1종,187242
644,온양,2012-07,2종,4478
644,온양,2012-07,3종,2342
644,온양,2012-07,4종,2994
644,온양,2012-07,5종,13474
644,온양,2012-07,6종,12525
645,장안,2012-07,1종,242773
645,장안,2012-07,2종,7537
645,장안,2012-07,3종,4952
645,장안,2012-07,4종,5525
645,장안,2012-07,5종,15276
645,장안,2012-07,6종,14077
646,기장일광,2012-07,1종,230278
646,기장일광,2012-07,2종,3411
646,기장일광,2012-07,3종,2706
646,기장일광,2012-07,4종,1857
646,기장일광,2012-07,5종,4887
646,기장일광,2012-07,6종,14484
647,해운대송정,2012-07,1종,85583
647,해운대송정,2012-07,2종,1035
647,해운대송정,2012-07,3종,519
647,해운대송정,2012-07,4종,368
647,해운대송정,2012-07,5종,814
647,해운대송정,2012-07,6종,5222
648,해운대,2012-07,1종,680930
648,해운대,2012-07,2종,9139
648,해운대,2012-07,3종,8290
648,해운대,2012-07,4종,6424
648,해운대,2012-07,5종,39939
648,해운대,2012-07,6종,39727
651,남양주,2012-07,1종,1871972
651,남양주,2012-07,2종,49088
651,남양주,2012-07,3종,75605
651,남양주,2012-07,4종,18336
651,남양주,2012-07,5종,14961
651,남양주,2012-07,6종,97213
652,화도,2012-07,1종,883310
652,화도,2012-07,2종,39161
652,화도,2012-07,3종,37607
652,화도,2012-07,4종,13215
652,화도,2012-07,5종,9893
652,화도,2012-07,6종,60764
653,서종,2012-07,1종,216831
653,서종,2012-07,2종,1714
653,서종,2012-07,3종,1515
653,서종,2012-07,4종,1043
653,서종,2012-07,5종,611
653,서종,2012-07,6종,11277
654,설악,2012-07,1종,282719
654,설악,2012-07,2종,3692
654,설악,2012-07,3종,6636
654,설악,2012-07,4종,1754
654,설악,2012-07,5종,1075
654,설악,2012-07,6종,12474
655,강촌,2012-07,1종,177867
655,강촌,2012-07,2종,2528
655,강촌,2012-07,3종,6339
655,강촌,2012-07,4종,1683
655,강촌,2012-07,5종,1004
655,강촌,2012-07,6종,7454
656,남춘천,2012-07,1종,166357
656,남춘천,2012-07,2종,2023
656,남춘천,2012-07,3종,10405
656,남춘천,2012-07,4종,1568
656,남춘천,2012-07,5종,2755
656,남춘천,2012-07,6종,7221
657,동산,2012-07,1종,809472
657,동산,2012-07,2종,13166
657,동산,2012-07,3종,31236
657,동산,2012-07,4종,7080
657,동산,2012-07,5종,8416
657,동산,2012-07,6종,36920
658,조양,2012-07,1종,32684
658,조양,2012-07,2종,800
658,조양,2012-07,3종,489
658,조양,2012-07,4종,540
658,조양,2012-07,5종,551
658,조양,2012-07,6종,1060
671,봉담,2012-07,1종,1092369
671,봉담,2012-07,2종,59476
671,봉담,2012-07,3종,38047
671,봉담,2012-07,4종,20247
671,봉담,2012-07,5종,29188
671,봉담,2012-07,6종,81385
672,정남,2012-07,1종,312379
672,정남,2012-07,2종,20817
672,정남,2012-07,3종,9737
672,정남,2012-07,4종,5195
672,정남,2012-07,5종,4325
672,정남,2012-07,6종,24178
673,북오산,2012-07,1종,731533
673,북오산,2012-07,2종,28551
673,북오산,2012-07,3종,24129
673,북오산,2012-07,4종,12440
673,북오산,2012-07,5종,10730
673,북오산,2012-07,6종,50555
674,,2012-07,1종,819139
674,,2012-07,2종,46341
674,,2012-07,3종,57692
674,,2012-07,4종,20438
674,,2012-07,5종,26397
674,,2012-07,6종,55051
675,서오산,2012-07,1종,209413
675,서오산,2012-07,2종,9106
675,서오산,2012-07,3종,5149
675,서오산,2012-07,4종,3286
675,서오산,2012-07,5종,3608
675,서오산,2012-07,6종,15394
676,향남,2012-07,1종,454672
676,향남,2012-07,2종,31119
676,향남,2012-07,3종,16887
676,향남,2012-07,4종,12907
676,향남,2012-07,5종,12642
676,향남,2012-07,6종,36037
677,북평택,2012-07,1종,737059
677,북평택,2012-07,2종,36425
677,북평택,2012-07,3종,40783
677,북평택,2012-07,4종,15190
677,북평택,2012-07,5종,25731
677,북평택,2012-07,6종,44624
981,서영암,2012-07,1종,182790
981,서영암,2012-07,2종,4188
981,서영암,2012-07,3종,9928
981,서영암,2012-07,4종,4329
981,서영암,2012-07,5종,14219
981,서영암,2012-07,6종,4267
982,강진무위사,2012-07,1종,98879
982,강진무위사,2012-07,2종,2872
982,강진무위사,2012-07,3종,6463
982,강진무위사,2012-07,4종,2207
982,강진무위사,2012-07,5종,4049
982,강진무위사,2012-07,6종,2371
983,장흥,2012-07,1종,92265
983,장흥,2012-07,2종,1794
983,장흥,2012-07,3종,2571
983,장흥,2012-07,4종,538
983,장흥,2012-07,5종,794
983,장흥,2012-07,6종,2407
984,보성,2012-07,1종,105485
984,보성,2012-07,2종,3823
984,보성,2012-07,3종,6136
984,보성,2012-07,4종,2880
984,보성,2012-07,5종,7991
984,보성,2012-07,6종,2607
985,벌교,2012-07,1종,108718
985,벌교,2012-07,2종,3591
985,벌교,2012-07,3종,4542
985,벌교,2012-07,4종,1866
985,벌교,2012-07,5종,2746
985,벌교,2012-07,6종,2284
987,남순천,2012-07,1종,267745
987,남순천,2012-07,2종,6714
987,남순천,2012-07,3종,17262
987,남순천,2012-07,4종,7668
987,남순천,2012-07,5종,24019
987,남순천,2012-07,6종,6364
11,인천,2012-08,1종,3527695
11,인천,2012-08,2종,131167
11,인천,2012-08,3종,77563
11,인천,2012-08,4종,55115
11,인천,2012-08,5종,104959
11,인천,2012-08,6종,315138
12,서영암(개),2012-08,1종,22765
12,서영암(개),2012-08,2종,291
12,서영암(개),2012-08,3종,328
12,서영암(개),2012-08,4종,163
12,서영암(개),2012-08,5종,280
12,서영암(개),2012-08,6종,936
13,순천만,2012-08,1종,118254
13,순천만,2012-08,2종,3901
13,순천만,2012-08,3종,4607
13,순천만,2012-08,4종,4213
13,순천만,2012-08,5종,7573
13,순천만,2012-08,6종,4715
53,남인천,2012-08,1종,1681950
53,남인천,2012-08,2종,48229
53,남인천,2012-08,3종,56104
53,남인천,2012-08,4종,21167
53,남인천,2012-08,5종,47993
53,남인천,2012-08,6종,140987
56,일로,2012-08,1종,39173
56,일로,2012-08,2종,1006
56,일로,2012-08,3종,705
56,일로,2012-08,4종,431
56,일로,2012-08,5종,1179
56,일로,2012-08,6종,1896
61,성남,2012-08,1종,3854737
61,성남,2012-08,2종,158215
61,성남,2012-08,3종,140469
61,성남,2012-08,4종,57997
61,성남,2012-08,5종,58230
61,성남,2012-08,6종,253818
62,구리남양주,2012-08,1종,4960048
62,구리남양주,2012-08,2종,224922
62,구리남양주,2012-08,3종,169918
62,구리남양주,2012-08,4종,93968
62,구리남양주,2012-08,5종,74301
62,구리남양주,2012-08,6종,340357
63,토평,2012-08,1종,523893
63,토평,2012-08,2종,18804
63,토평,2012-08,3종,7860
63,토평,2012-08,4종,6297
63,토평,2012-08,5종,9511
63,토평,2012-08,6종,38461
64,청계,2012-08,1종,4446637
64,청계,2012-08,2종,164731
64,청계,2012-08,3종,152262
64,청계,2012-08,4종,43090
64,청계,2012-08,5종,62541
64,청계,2012-08,6종,320700
65,판교,2012-08,1종,2740631
65,판교,2012-08,2종,50549
65,판교,2012-08,3종,182234
65,판교,2012-08,4종,16927
65,판교,2012-08,5종,10857
65,판교,2012-08,6종,151038
66,하남,2012-08,1종,859077
66,하남,2012-08,2종,28097
66,하남,2012-08,3종,17441
66,하남,2012-08,4종,7221
66,하남,2012-08,5종,6755
66,하남,2012-08,6종,59780
67,시흥,2012-08,1종,3848812
67,시흥,2012-08,2종,158995
67,시흥,2012-08,3종,117466
67,시흥,2012-08,4종,65093
67,시흥,2012-08,5종,67706
67,시흥,2012-08,6종,282084
68,김포,2012-08,1종,4576554
68,김포,2012-08,2종,190388
68,김포,2012-08,3종,128562
68,김포,2012-08,4종,68619
68,김포,2012-08,5종,101017
68,김포,2012-08,6종,346892
69,대왕판교,2012-08,1종,163907
69,대왕판교,2012-08,2종,1098
69,대왕판교,2012-08,3종,289
69,대왕판교,2012-08,4종,41
69,대왕판교,2012-08,5종,10
69,대왕판교,2012-08,6종,9347
74,덕소삼패,2012-08,1종,286669
74,덕소삼패,2012-08,2종,8266
74,덕소삼패,2012-08,3종,3499
74,덕소삼패,2012-08,4종,2949
74,덕소삼패,2012-08,5종,6418
74,덕소삼패,2012-08,6종,19973
91,대동(개),2012-08,1종,133693
91,대동(개),2012-08,2종,9807
91,대동(개),2012-08,3종,4771
91,대동(개),2012-08,4종,11543
91,대동(개),2012-08,5종,6031
91,대동(개),2012-08,6종,8722
92,내서,2012-08,1종,228448
92,내서,2012-08,2종,9636
92,내서,2012-08,3종,9864
92,내서,2012-08,4종,3228
92,내서,2012-08,5종,5303
92,내서,2012-08,6종,20519
101,서울,2012-08,1종,5238475
101,서울,2012-08,2종,192606
101,서울,2012-08,3종,533646
101,서울,2012-08,4종,83475
101,서울,2012-08,5종,47023
101,서울,2012-08,6종,235623
102,동수원,2012-08,1종,1766973
102,동수원,2012-08,2종,37817
102,동수원,2012-08,3종,70702
102,동수원,2012-08,4종,13959
102,동수원,2012-08,5종,14365
102,동수원,2012-08,6종,99544
103,수원신갈,2012-08,1종,2332546
103,수원신갈,2012-08,2종,102148
103,수원신갈,2012-08,3종,151225
103,수원신갈,2012-08,4종,33859
103,수원신갈,2012-08,5종,22233
103,수원신갈,2012-08,6종,126615
104,지곡,2012-08,1종,54952
104,지곡,2012-08,2종,1930
104,지곡,2012-08,3종,2221
104,지곡,2012-08,4종,1192
104,지곡,2012-08,5종,1724
104,지곡,2012-08,6종,2051
105,기흥,2012-08,1종,359237
105,기흥,2012-08,2종,29990
105,기흥,2012-08,3종,16590
105,기흥,2012-08,4종,9978
105,기흥,2012-08,5종,9080
105,기흥,2012-08,6종,17494
106,오산,2012-08,1종,1084763
106,오산,2012-08,2종,75134
106,오산,2012-08,3종,76123
106,오산,2012-08,4종,33322
106,오산,2012-08,5종,24288
106,오산,2012-08,6종,65552
107,안성,2012-08,1종,811620
107,안성,2012-08,2종,43163
107,안성,2012-08,3종,55145
107,안성,2012-08,4종,18610
107,안성,2012-08,5종,13853
107,안성,2012-08,6종,48807
108,천안,2012-08,1종,1364571
108,천안,2012-08,2종,62390
108,천안,2012-08,3종,99673
108,천안,2012-08,4종,49562
108,천안,2012-08,5종,44971
108,천안,2012-08,6종,64457
109,계룡,2012-08,1종,137664
109,계룡,2012-08,2종,9957
109,계룡,2012-08,3종,9852
109,계룡,2012-08,4종,7010
109,계룡,2012-08,5종,3727
109,계룡,2012-08,6종,8684
110,독립기념관,2012-08,1종,354747
110,독립기념관,2012-08,2종,23558
110,독립기념관,2012-08,3종,23992
110,독립기념관,2012-08,4종,27054
110,독립기념관,2012-08,5종,18858
110,독립기념관,2012-08,6종,14292
111,청주,2012-08,1종,458382
111,청주,2012-08,2종,21312
111,청주,2012-08,3종,45482
111,청주,2012-08,4종,12487
111,청주,2012-08,5종,17735
111,청주,2012-08,6종,22453
112,남청주,2012-08,1종,493555
112,남청주,2012-08,2종,47716
112,남청주,2012-08,3종,39308
112,남청주,2012-08,4종,46305
112,남청주,2012-08,5종,39570
112,남청주,2012-08,6종,21185
113,신탄진,2012-08,1종,735111
113,신탄진,2012-08,2종,49330
113,신탄진,2012-08,3종,30215
113,신탄진,2012-08,4종,49807
113,신탄진,2012-08,5종,44990
113,신탄진,2012-08,6종,37176
114,남대전,2012-08,1종,283507
114,남대전,2012-08,2종,12328
114,남대전,2012-08,3종,7367
114,남대전,2012-08,4종,4766
114,남대전,2012-08,5종,5381
114,남대전,2012-08,6종,14396
115,대전,2012-08,1종,1277406
115,대전,2012-08,2종,42220
115,대전,2012-08,3종,79188
115,대전,2012-08,4종,15615
115,대전,2012-08,5종,13904
115,대전,2012-08,6종,63635
116,옥천,2012-08,1종,358651
116,옥천,2012-08,2종,23090
116,옥천,2012-08,3종,15433
116,옥천,2012-08,4종,33531
116,옥천,2012-08,5종,12307
116,옥천,2012-08,6종,19103
117,금강,2012-08,1종,54986
117,금강,2012-08,2종,1650
117,금강,2012-08,3종,772
117,금강,2012-08,4종,2687
117,금강,2012-08,5종,612
117,금강,2012-08,6종,2982
118,영동,2012-08,1종,91216
118,영동,2012-08,2종,5520
118,영동,2012-08,3종,4042
118,영동,2012-08,4종,2574
118,영동,2012-08,5종,4551
118,영동,2012-08,6종,4218
119,판암,2012-08,1종,447141
119,판암,2012-08,2종,14812
119,판암,2012-08,3종,6804
119,판암,2012-08,4종,6409
119,판암,2012-08,5종,5993
119,판암,2012-08,6종,24722
120,황간,2012-08,1종,100834
120,황간,2012-08,2종,3357
120,황간,2012-08,3종,4700
120,황간,2012-08,4종,4828
120,황간,2012-08,5종,3770
120,황간,2012-08,6종,3530
121,추풍령,2012-08,1종,46024
121,추풍령,2012-08,2종,2049
121,추풍령,2012-08,3종,2230
121,추풍령,2012-08,4종,1656
121,추풍령,2012-08,5종,1843
121,추풍령,2012-08,6종,1922
122,김천,2012-08,1종,268044
122,김천,2012-08,2종,12456
122,김천,2012-08,3종,13473
122,김천,2012-08,4종,12927
122,김천,2012-08,5종,12546
122,김천,2012-08,6종,11650
123,구미,2012-08,1종,733446
123,구미,2012-08,2종,21568
123,구미,2012-08,3종,32446
123,구미,2012-08,4종,18057
123,구미,2012-08,5종,13025
123,구미,2012-08,6종,36720
124,상주,2012-08,1종,146310
124,상주,2012-08,2종,11076
124,상주,2012-08,3종,8381
124,상주,2012-08,4종,11973
124,상주,2012-08,5종,9671
124,상주,2012-08,6종,4990
125,남구미,2012-08,1종,487640
125,남구미,2012-08,2종,22984
125,남구미,2012-08,3종,29983
125,남구미,2012-08,4종,20612
125,남구미,2012-08,5종,42709
125,남구미,2012-08,6종,26522
126,왜관,2012-08,1종,585317
126,왜관,2012-08,2종,45350
126,왜관,2012-08,3종,30260
126,왜관,2012-08,4종,22622
126,왜관,2012-08,5종,34262
126,왜관,2012-08,6종,28018
127,서대구,2012-08,1종,1892898
127,서대구,2012-08,2종,98215
127,서대구,2012-08,3종,93410
127,서대구,2012-08,4종,49431
127,서대구,2012-08,5종,53480
127,서대구,2012-08,6종,84224
129,북대구,2012-08,1종,1729681
129,북대구,2012-08,2종,64395
129,북대구,2012-08,3종,48141
129,북대구,2012-08,4종,22121
129,북대구,2012-08,5종,25951
129,북대구,2012-08,6종,73885
131,경산,2012-08,1종,798725
131,경산,2012-08,2종,79024
131,경산,2012-08,3종,44107
131,경산,2012-08,4종,41259
131,경산,2012-08,5종,37126
131,경산,2012-08,6종,42458
132,영천,2012-08,1종,372259
132,영천,2012-08,2종,27281
132,영천,2012-08,3종,21675
132,영천,2012-08,4종,18546
132,영천,2012-08,5종,44233
132,영천,2012-08,6종,13883
133,서경주,2012-08,1종,169405
133,서경주,2012-08,2종,9073
133,서경주,2012-08,3종,9804
133,서경주,2012-08,4종,7559
133,서경주,2012-08,5종,25350
133,서경주,2012-08,6종,5688
134,선산,2012-08,1종,97762
134,선산,2012-08,2종,6539
134,선산,2012-08,3종,4878
134,선산,2012-08,4종,7644
134,선산,2012-08,5종,5863
134,선산,2012-08,6종,3593
135,경주,2012-08,1종,1080237
135,경주,2012-08,2종,42519
135,경주,2012-08,3종,68874
135,경주,2012-08,4종,31855
135,경주,2012-08,5종,83807
135,경주,2012-08,6종,42337
137,통도사,2012-08,1종,319392
137,통도사,2012-08,2종,22395
137,통도사,2012-08,3종,14253
137,통도사,2012-08,4종,11822
137,통도사,2012-08,5종,15239
137,통도사,2012-08,6종,15999
138,양산,2012-08,1종,701784
138,양산,2012-08,2종,81921
138,양산,2012-08,3종,39490
138,양산,2012-08,4종,45112
138,양산,2012-08,5종,54970
138,양산,2012-08,6종,39954
139,서울산,2012-08,1종,519995
139,서울산,2012-08,2종,26854
139,서울산,2012-08,3종,28057
139,서울산,2012-08,4종,11471
139,서울산,2012-08,5종,23180
139,서울산,2012-08,6종,25548
140,부산,2012-08,1종,1628100
140,부산,2012-08,2종,67941
140,부산,2012-08,3종,46389
140,부산,2012-08,4종,33186
140,부산,2012-08,5종,62266
140,부산,2012-08,6종,88534
142,군북,2012-08,1종,298494
142,군북,2012-08,2종,11413
142,군북,2012-08,3종,10953
142,군북,2012-08,4종,6921
142,군북,2012-08,5종,15306
142,군북,2012-08,6종,17500
143,장지,2012-08,1종,102465
143,장지,2012-08,2종,6248
143,장지,2012-08,3종,3998
143,장지,2012-08,4종,4246
143,장지,2012-08,5종,13146
143,장지,2012-08,6종,6045
144,함안,2012-08,1종,239087
144,함안,2012-08,2종,13950
144,함안,2012-08,3종,7529
144,함안,2012-08,4종,6878
144,함안,2012-08,5종,14165
144,함안,2012-08,6종,15605
145,산인,2012-08,1종,740456
145,산인,2012-08,2종,20108
145,산인,2012-08,3종,31506
145,산인,2012-08,4종,12727
145,산인,2012-08,5종,22399
145,산인,2012-08,6종,41250
146,동창원,2012-08,1종,571902
146,동창원,2012-08,2종,32329
146,동창원,2012-08,3종,17138
146,동창원,2012-08,4종,15012
146,동창원,2012-08,5종,24177
146,동창원,2012-08,6종,37140
147,진례,2012-08,1종,431400
147,진례,2012-08,2종,37661
147,진례,2012-08,3종,16874
147,진례,2012-08,4종,15610
147,진례,2012-08,5종,19195
147,진례,2012-08,6종,29322
148,서김해,2012-08,1종,620216
148,서김해,2012-08,2종,23281
148,서김해,2012-08,3종,14781
148,서김해,2012-08,4종,9543
148,서김해,2012-08,5종,14423
148,서김해,2012-08,6종,43678
149,동김해,2012-08,1종,1109225
149,동김해,2012-08,2종,38776
149,동김해,2012-08,3종,21890
149,동김해,2012-08,4종,11402
149,동김해,2012-08,5종,13591
149,동김해,2012-08,6종,87218
150,북부산,2012-08,1종,2390860
150,북부산,2012-08,2종,75081
150,북부산,2012-08,3종,66316
150,북부산,2012-08,4종,38193
150,북부산,2012-08,5종,79862
150,북부산,2012-08,6종,152891
151,북대전,2012-08,1종,649705
151,북대전,2012-08,2종,17711
151,북대전,2012-08,3종,27991
151,북대전,2012-08,4종,17733
151,북대전,2012-08,5종,15276
151,북대전,2012-08,6종,35735
152,유성,2012-08,1종,965434
152,유성,2012-08,2종,25261
152,유성,2012-08,3종,33217
152,유성,2012-08,4종,16584
152,유성,2012-08,5종,10920
152,유성,2012-08,6종,41790
153,서대전,2012-08,1종,598172
153,서대전,2012-08,2종,19701
153,서대전,2012-08,3종,15022
153,서대전,2012-08,4종,14890
153,서대전,2012-08,5종,11692
153,서대전,2012-08,6종,33015
154,안영,2012-08,1종,431921
154,안영,2012-08,2종,14872
154,안영,2012-08,3종,7933
154,안영,2012-08,4종,7541
154,안영,2012-08,5종,6303
154,안영,2012-08,6종,20284
155,논산,2012-08,1종,196240
155,논산,2012-08,2종,16912
155,논산,2012-08,3종,17034
155,논산,2012-08,4종,11688
155,논산,2012-08,5종,10445
155,논산,2012-08,6종,7285
156,익산,2012-08,1종,276737
156,익산,2012-08,2종,20686
156,익산,2012-08,3종,27089
156,익산,2012-08,4종,16377
156,익산,2012-08,5종,24212
156,익산,2012-08,6종,9034
157,삼례,2012-08,1종,115657
157,삼례,2012-08,2종,7506
157,삼례,2012-08,3종,6405
157,삼례,2012-08,4종,4833
157,삼례,2012-08,5종,8795
157,삼례,2012-08,6종,3368
158,전주,2012-08,1종,434227
158,전주,2012-08,2종,21700
158,전주,2012-08,3종,46302
158,전주,2012-08,4종,17087
158,전주,2012-08,5종,35357
158,전주,2012-08,6종,13515
159,서전주,2012-08,1종,225092
159,서전주,2012-08,2종,13598
159,서전주,2012-08,3종,11089
159,서전주,2012-08,4종,5978
159,서전주,2012-08,5종,6385
159,서전주,2012-08,6종,6684
160,김제,2012-08,1종,99825
160,김제,2012-08,2종,6531
160,김제,2012-08,3종,6472
160,김제,2012-08,4종,3097
160,김제,2012-08,5종,3821
160,김제,2012-08,6종,2907
161,금산사,2012-08,1종,37302
161,금산사,2012-08,2종,3037
161,금산사,2012-08,3종,1822
161,금산사,2012-08,4종,728
161,금산사,2012-08,5종,1815
161,금산사,2012-08,6종,1174
162,태인,2012-08,1종,77355
162,태인,2012-08,2종,6009
162,태인,2012-08,3종,5913
162,태인,2012-08,4종,3129
162,태인,2012-08,5종,4162
162,태인,2012-08,6종,2285
163,정읍,2012-08,1종,240857
163,정읍,2012-08,2종,19083
163,정읍,2012-08,3종,20688
163,정읍,2012-08,4종,7818
163,정읍,2012-08,5종,11239
163,정읍,2012-08,6종,7364
164,무주,2012-08,1종,219269
164,무주,2012-08,2종,4473
164,무주,2012-08,3종,5282
164,무주,2012-08,4종,2332
164,무주,2012-08,5종,2208
164,무주,2012-08,6종,7269
165,백양사,2012-08,1종,88869
165,백양사,2012-08,2종,2385
165,백양사,2012-08,3종,3701
165,백양사,2012-08,4종,1522
165,백양사,2012-08,5종,4605
165,백양사,2012-08,6종,2458
166,장성,2012-08,1종,129194
166,장성,2012-08,2종,9416
166,장성,2012-08,3종,8358
166,장성,2012-08,4종,4585
166,장성,2012-08,5종,6824
166,장성,2012-08,6종,4433
167,광주,2012-08,1종,990812
167,광주,2012-08,2종,47279
167,광주,2012-08,3종,79654
167,광주,2012-08,4종,41543
167,광주,2012-08,5종,27973
167,광주,2012-08,6종,28137
168,덕유산,2012-08,1종,101260
168,덕유산,2012-08,2종,1871
168,덕유산,2012-08,3종,1513
168,덕유산,2012-08,4종,643
168,덕유산,2012-08,5종,1069
168,덕유산,2012-08,6종,2671
169,장수,2012-08,1종,126483
169,장수,2012-08,2종,4447
169,장수,2012-08,3종,4620
169,장수,2012-08,4종,1923
169,장수,2012-08,5종,3266
169,장수,2012-08,6종,3880
170,서상,2012-08,1종,61672
170,서상,2012-08,2종,2609
170,서상,2012-08,3종,5266
170,서상,2012-08,4종,2981
170,서상,2012-08,5종,3082
170,서상,2012-08,6종,2438
171,마성,2012-08,1종,406145
171,마성,2012-08,2종,6101
171,마성,2012-08,3종,23512
171,마성,2012-08,4종,1272
171,마성,2012-08,5종,810
171,마성,2012-08,6종,20824
172,용인,2012-08,1종,749649
172,용인,2012-08,2종,62520
172,용인,2012-08,3종,32516
172,용인,2012-08,4종,20166
172,용인,2012-08,5종,10785
172,용인,2012-08,6종,50869
173,양지,2012-08,1종,733097
173,양지,2012-08,2종,92804
173,양지,2012-08,3종,55000
173,양지,2012-08,4종,47673
173,양지,2012-08,5종,33652
173,양지,2012-08,6종,39307
174,춘천,2012-08,1종,788544
174,춘천,2012-08,2종,20996
174,춘천,2012-08,3종,25651
174,춘천,2012-08,4종,8639
174,춘천,2012-08,5종,7478
174,춘천,2012-08,6종,44115
175,덕평,2012-08,1종,230720
175,덕평,2012-08,2종,40840
175,덕평,2012-08,3종,20053
175,덕평,2012-08,4종,15343
175,덕평,2012-08,5종,8577
175,덕평,2012-08,6종,12618
176,이천,2012-08,1종,571344
176,이천,2012-08,2종,42094
176,이천,2012-08,3종,44038
176,이천,2012-08,4종,37298
176,이천,2012-08,5종,30849
176,이천,2012-08,6종,26645
177,여주,2012-08,1종,469646
177,여주,2012-08,2종,25755
177,여주,2012-08,3종,44182
177,여주,2012-08,4종,23597
177,여주,2012-08,5종,11015
177,여주,2012-08,6종,18964
178,문막,2012-08,1종,385346
178,문막,2012-08,2종,25422
178,문막,2012-08,3종,31758
178,문막,2012-08,4종,11224
178,문막,2012-08,5종,13426
178,문막,2012-08,6종,15565
179,홍천,2012-08,1종,341100
179,홍천,2012-08,2종,10710
179,홍천,2012-08,3종,14787
179,홍천,2012-08,4종,7741
179,홍천,2012-08,5종,5685
179,홍천,2012-08,6종,19861
180,원주,2012-08,1종,258064
180,원주,2012-08,2종,15501
180,원주,2012-08,3종,15640
180,원주,2012-08,4종,8315
180,원주,2012-08,5종,7682
180,원주,2012-08,6종,12343
181,새말,2012-08,1종,287797
181,새말,2012-08,2종,9122
181,새말,2012-08,3종,10695
181,새말,2012-08,4종,3869
181,새말,2012-08,5종,3761
181,새말,2012-08,6종,10350
182,둔내,2012-08,1종,165047
182,둔내,2012-08,2종,4858
182,둔내,2012-08,3종,6281
182,둔내,2012-08,4종,2798
182,둔내,2012-08,5종,951
182,둔내,2012-08,6종,5883
183,면온,2012-08,1종,163945
183,면온,2012-08,2종,2032
183,면온,2012-08,3종,3921
183,면온,2012-08,4종,1105
183,면온,2012-08,5종,1185
183,면온,2012-08,6종,5102
184,대관령,2012-08,1종,332862
184,대관령,2012-08,2종,6695
184,대관령,2012-08,3종,17094
184,대관령,2012-08,4종,2627
184,대관령,2012-08,5종,847
184,대관령,2012-08,6종,11047
185,평창,2012-08,1종,214143
185,평창,2012-08,2종,6460
185,평창,2012-08,3종,13806
185,평창,2012-08,4종,2780
185,평창,2012-08,5종,2206
185,평창,2012-08,6종,7365
186,속사,2012-08,1종,70311
186,속사,2012-08,2종,2094
186,속사,2012-08,3종,3124
186,속사,2012-08,4종,1805
186,속사,2012-08,5종,414
186,속사,2012-08,6종,1904
187,진부,2012-08,1종,227434
187,진부,2012-08,2종,7688
187,진부,2012-08,3종,13016
187,진부,2012-08,4종,11555
187,진부,2012-08,5종,10030
187,진부,2012-08,6종,8086
189,강릉,2012-08,1종,601239
189,강릉,2012-08,2종,15391
189,강릉,2012-08,3종,40548
189,강릉,2012-08,4종,8293
189,강릉,2012-08,5종,8436
189,강릉,2012-08,6종,27978
190,동서울,2012-08,1종,3450982
190,동서울,2012-08,2종,197816
190,동서울,2012-08,3종,207986
190,동서울,2012-08,4종,93452
190,동서울,2012-08,5종,58138
190,동서울,2012-08,6종,150003
191,경기광주,2012-08,1종,772554
191,경기광주,2012-08,2종,45868
191,경기광주,2012-08,3종,30618
191,경기광주,2012-08,4종,10120
191,경기광주,2012-08,5종,4451
191,경기광주,2012-08,6종,49888
192,곤지암,2012-08,1종,741995
192,곤지암,2012-08,2종,69553
192,곤지암,2012-08,3종,36012
192,곤지암,2012-08,4종,29480
192,곤지암,2012-08,5종,17483
192,곤지암,2012-08,6종,39631
193,일죽,2012-08,1종,468767
193,일죽,2012-08,2종,43845
193,일죽,2012-08,3종,32454
193,일죽,2012-08,4종,29726
193,일죽,2012-08,5종,19764
193,일죽,2012-08,6종,18548
194,서이천,2012-08,1종,429902
194,서이천,2012-08,2종,61705
194,서이천,2012-08,3종,45528
194,서이천,2012-08,4종,29039
194,서이천,2012-08,5종,11330
194,서이천,2012-08,6종,21497
195,대소,2012-08,1종,372636
195,대소,2012-08,2종,54721
195,대소,2012-08,3종,41823
195,대소,2012-08,4종,33798
195,대소,2012-08,5종,25076
195,대소,2012-08,6종,15491
196,진천,2012-08,1종,202917
196,진천,2012-08,2종,16603
196,진천,2012-08,3종,14827
196,진천,2012-08,4종,13468
196,진천,2012-08,5종,12509
196,진천,2012-08,6종,8257
197,증평,2012-08,1종,459871
197,증평,2012-08,2종,28024
197,증평,2012-08,3종,27982
197,증평,2012-08,4종,18299
197,증평,2012-08,5종,22489
197,증평,2012-08,6종,17914
198,서청주,2012-08,1종,737483
198,서청주,2012-08,2종,52976
198,서청주,2012-08,3종,39123
198,서청주,2012-08,4종,36453
198,서청주,2012-08,5종,29466
198,서청주,2012-08,6종,36050
199,오창,2012-08,1종,454985
199,오창,2012-08,2종,24601
199,오창,2012-08,3종,25934
199,오창,2012-08,4종,14514
199,오창,2012-08,5종,13744
199,오창,2012-08,6종,21641
200,금산,2012-08,1종,171547
200,금산,2012-08,2종,4564
200,금산,2012-08,3종,6303
200,금산,2012-08,4종,4170
200,금산,2012-08,5종,6584
200,금산,2012-08,6종,6749
201,칠곡,2012-08,1종,600214
201,칠곡,2012-08,2종,24732
201,칠곡,2012-08,3종,20643
201,칠곡,2012-08,4종,8868
201,칠곡,2012-08,5종,11892
201,칠곡,2012-08,6종,29737
202,다부,2012-08,1종,116758
202,다부,2012-08,2종,7591
202,다부,2012-08,3종,4377
202,다부,2012-08,4종,1924
202,다부,2012-08,5종,5703
202,다부,2012-08,6종,4460
203,가산,2012-08,1종,487546
203,가산,2012-08,2종,22226
203,가산,2012-08,3종,17017
203,가산,2012-08,4종,12059
203,가산,2012-08,5종,22554
203,가산,2012-08,6종,21312
204,추부,2012-08,1종,177716
204,추부,2012-08,2종,9049
204,추부,2012-08,3종,6785
204,추부,2012-08,4종,3338
204,추부,2012-08,5종,4176
204,추부,2012-08,6종,8471
205,군위,2012-08,1종,145447
205,군위,2012-08,2종,6238
205,군위,2012-08,3종,3623
205,군위,2012-08,4종,2230
205,군위,2012-08,5종,7354
205,군위,2012-08,6종,6204
206,의성,2012-08,1종,169060
206,의성,2012-08,2종,4959
206,의성,2012-08,3종,3822
206,의성,2012-08,4종,1762
206,의성,2012-08,5종,2770
206,의성,2012-08,6종,5679
207,남안동,2012-08,1종,271272
207,남안동,2012-08,2종,9709
207,남안동,2012-08,3종,6209
207,남안동,2012-08,4종,3579
207,남안동,2012-08,5종,4921
207,남안동,2012-08,6종,9296
208,서안동,2012-08,1종,223219
208,서안동,2012-08,2종,7134
208,서안동,2012-08,3종,14954
208,서안동,2012-08,4종,3170
208,서안동,2012-08,5종,5161
208,서안동,2012-08,6종,7542
209,예천,2012-08,1종,46911
209,예천,2012-08,2종,797
209,예천,2012-08,3종,742
209,예천,2012-08,4종,184
209,예천,2012-08,5종,617
209,예천,2012-08,6종,1558
210,영주,2012-08,1종,157502
210,영주,2012-08,2종,5860
210,영주,2012-08,3종,7438
210,영주,2012-08,4종,3578
210,영주,2012-08,5종,8822
210,영주,2012-08,6종,5169
211,풍기,2012-08,1종,228454
211,풍기,2012-08,2종,6612
211,풍기,2012-08,3종,13188
211,풍기,2012-08,4종,3823
211,풍기,2012-08,5종,7860
211,풍기,2012-08,6종,8037
212,북수원,2012-08,1종,1159943
212,북수원,2012-08,2종,45093
212,북수원,2012-08,3종,52629
212,북수원,2012-08,4종,23855
212,북수원,2012-08,5종,15323
212,북수원,2012-08,6종,62305
213,부곡,2012-08,1종,358984
213,부곡,2012-08,2종,10706
213,부곡,2012-08,3종,7592
213,부곡,2012-08,4종,10325
213,부곡,2012-08,5종,61987
213,부곡,2012-08,6종,23547
214,동군포,2012-08,1종,153022
214,동군포,2012-08,2종,10999
214,동군포,2012-08,3종,7446
214,동군포,2012-08,4종,15141
214,동군포,2012-08,5종,8145
214,동군포,2012-08,6종,10106
215,군포,2012-08,1종,999109
215,군포,2012-08,2종,63678
215,군포,2012-08,3종,41631
215,군포,2012-08,4종,23430
215,군포,2012-08,5종,30036
215,군포,2012-08,6종,73473
216,횡성,2012-08,1종,223372
216,횡성,2012-08,2종,7056
216,횡성,2012-08,3종,8534
216,횡성,2012-08,4종,3613
216,횡성,2012-08,5종,5020
216,횡성,2012-08,6종,10018
217,북원주,2012-08,1종,79261
217,북원주,2012-08,2종,4350
217,북원주,2012-08,3종,3039
217,북원주,2012-08,4종,1879
217,북원주,2012-08,5종,3056
217,북원주,2012-08,6종,5221
218,남원주,2012-08,1종,524586
218,남원주,2012-08,2종,18471
218,남원주,2012-08,3종,26921
218,남원주,2012-08,4종,6660
218,남원주,2012-08,5종,6030
218,남원주,2012-08,6종,25484
219,신림,2012-08,1종,160413
219,신림,2012-08,2종,3215
219,신림,2012-08,3종,4310
219,신림,2012-08,4종,2791
219,신림,2012-08,5종,5574
219,신림,2012-08,6종,5373
221,생초,2012-08,1종,85108
221,생초,2012-08,2종,2696
221,생초,2012-08,3종,3250
221,생초,2012-08,4종,1784
221,생초,2012-08,5종,9931
221,생초,2012-08,6종,3021
222,산청,2012-08,1종,84987
222,산청,2012-08,2종,2220
222,산청,2012-08,3종,3005
222,산청,2012-08,4종,990
222,산청,2012-08,5종,1399
222,산청,2012-08,6종,3076
223,단성,2012-08,1종,166732
223,단성,2012-08,2종,3293
223,단성,2012-08,3종,6229
223,단성,2012-08,4종,3078
223,단성,2012-08,5종,3197
223,단성,2012-08,6종,6225
224,함양,2012-08,1종,122642
224,함양,2012-08,2종,4340
224,함양,2012-08,3종,7332
224,함양,2012-08,4종,1420
224,함양,2012-08,5종,2421
224,함양,2012-08,6종,5222
225,서진주,2012-08,1종,311830
225,서진주,2012-08,2종,7549
225,서진주,2012-08,3종,5240
225,서진주,2012-08,4종,2522
225,서진주,2012-08,5종,4438
225,서진주,2012-08,6종,19226
227,군산,2012-08,1종,257923
227,군산,2012-08,2종,8359
227,군산,2012-08,3종,15549
227,군산,2012-08,4종,11437
227,군산,2012-08,5종,30195
227,군산,2012-08,6종,7681
228,동군산,2012-08,1종,249723
228,동군산,2012-08,2종,11040
228,동군산,2012-08,3종,12913
228,동군산,2012-08,4종,7180
228,동군산,2012-08,5종,18492
228,동군산,2012-08,6종,6984
230,팔공산,2012-08,1종,572939
230,팔공산,2012-08,2종,20866
230,팔공산,2012-08,3종,11479
230,팔공산,2012-08,4종,9354
230,팔공산,2012-08,5종,12467
230,팔공산,2012-08,6종,25879
231,화원옥포,2012-08,1종,603565
231,화원옥포,2012-08,2종,36871
231,화원옥포,2012-08,3종,18583
231,화원옥포,2012-08,4종,7427
231,화원옥포,2012-08,5종,12387
231,화원옥포,2012-08,6종,29787
232,달성,2012-08,1종,349870
232,달성,2012-08,2종,22054
232,달성,2012-08,3종,19995
232,달성,2012-08,4종,5792
232,달성,2012-08,5종,5746
232,달성,2012-08,6종,23292
233,현풍,2012-08,1종,374245
233,현풍,2012-08,2종,34962
233,현풍,2012-08,3종,26373
233,현풍,2012-08,4종,17782
233,현풍,2012-08,5종,40825
233,현풍,2012-08,6종,18776
234,서천,2012-08,1종,107225
234,서천,2012-08,2종,4242
234,서천,2012-08,3종,4394
234,서천,2012-08,4종,5737
234,서천,2012-08,5종,6833
234,서천,2012-08,6종,3794
235,창녕,2012-08,1종,151565
235,창녕,2012-08,2종,7082
235,창녕,2012-08,3종,8228
235,창녕,2012-08,4종,2719
235,창녕,2012-08,5종,6399
235,창녕,2012-08,6종,6902
236,영산,2012-08,1종,151324
236,영산,2012-08,2종,8864
236,영산,2012-08,3종,8984
236,영산,2012-08,4종,5146
236,영산,2012-08,5종,6649
236,영산,2012-08,6종,6385
237,남지,2012-08,1종,128344
237,남지,2012-08,2종,8321
237,남지,2012-08,3종,11668
237,남지,2012-08,4종,7648
237,남지,2012-08,5종,12272
237,남지,2012-08,6종,8671
238,칠서,2012-08,1종,205066
238,칠서,2012-08,2종,26228
238,칠서,2012-08,3종,13468
238,칠서,2012-08,4종,16520
238,칠서,2012-08,5종,32820
238,칠서,2012-08,6종,13319
239,칠원,2012-08,1종,547552
239,칠원,2012-08,2종,27066
239,칠원,2012-08,3종,40668
239,칠원,2012-08,4종,29003
239,칠원,2012-08,5종,31514
239,칠원,2012-08,6종,27045
240,제천,2012-08,1종,553038
240,제천,2012-08,2종,14488
240,제천,2012-08,3종,24239
240,제천,2012-08,4종,8155
240,제천,2012-08,5종,14479
240,제천,2012-08,6종,21432
241,동고령,2012-08,1종,255269
241,동고령,2012-08,2종,18683
241,동고령,2012-08,3종,13871
241,동고령,2012-08,4종,9426
241,동고령,2012-08,5종,13287
241,동고령,2012-08,6종,10719
242,고령,2012-08,1종,192691
242,고령,2012-08,2종,10357
242,고령,2012-08,3종,9005
242,고령,2012-08,4종,4310
242,고령,2012-08,5종,10228
242,고령,2012-08,6종,7343
243,해인사,2012-08,1종,118003
243,해인사,2012-08,2종,3322
243,해인사,2012-08,3종,2410
243,해인사,2012-08,4종,602
243,해인사,2012-08,5종,2390
243,해인사,2012-08,6종,4894
244,서부산,2012-08,1종,2036999
244,서부산,2012-08,2종,74129
244,서부산,2012-08,3종,90603
244,서부산,2012-08,4종,49798
244,서부산,2012-08,5종,168847
244,서부산,2012-08,6종,127500
245,장유,2012-08,1종,1267294
245,장유,2012-08,2종,43900
245,장유,2012-08,3종,43334
245,장유,2012-08,4종,18765
245,장유,2012-08,5종,25739
245,장유,2012-08,6종,92525
246,가락,2012-08,1종,722831
246,가락,2012-08,2종,34549
246,가락,2012-08,3종,25670
246,가락,2012-08,4종,37269
246,가락,2012-08,5종,160383
246,가락,2012-08,6종,48031
247,남원,2012-08,1종,176254
247,남원,2012-08,2종,6596
247,남원,2012-08,3종,7218
247,남원,2012-08,4종,2093
247,남원,2012-08,5종,12698
247,남원,2012-08,6종,6341
248,순창,2012-08,1종,136439
248,순창,2012-08,2종,4056
248,순창,2012-08,3종,3538
248,순창,2012-08,4종,2136
248,순창,2012-08,5종,5580
248,순창,2012-08,6종,4487
249,담양,2012-08,1종,213595
249,담양,2012-08,2종,4622
249,담양,2012-08,3종,12945
249,담양,2012-08,4종,2524
249,담양,2012-08,5종,3879
249,담양,2012-08,6종,6835
250,남양산,2012-08,1종,928529
250,남양산,2012-08,2종,50600
250,남양산,2012-08,3종,36105
250,남양산,2012-08,4종,22304
250,남양산,2012-08,5종,30702
250,남양산,2012-08,6종,66750
251,물금,2012-08,1종,407195
251,물금,2012-08,2종,42720
251,물금,2012-08,3종,19150
251,물금,2012-08,4종,35126
251,물금,2012-08,5종,61126
251,물금,2012-08,6종,28144
252,대동,2012-08,1종,2442545
252,대동,2012-08,2종,180438
252,대동,2012-08,3종,104463
252,대동,2012-08,4종,98851
252,대동,2012-08,5종,260460
252,대동,2012-08,6종,125315
253,서서울,2012-08,1종,4810595
253,서서울,2012-08,2종,215863
253,서서울,2012-08,3종,137696
253,서서울,2012-08,4종,112099
253,서서울,2012-08,5종,117932
253,서서울,2012-08,6종,277235
254,군자,2012-08,1종,2912423
254,군자,2012-08,2종,171066
254,군자,2012-08,3종,160043
254,군자,2012-08,4종,115751
254,군자,2012-08,5종,238390
254,군자,2012-08,6종,188752
255,서안산,2012-08,1종,1815272
255,서안산,2012-08,2종,133824
255,서안산,2012-08,3종,64737
255,서안산,2012-08,4종,61847
255,서안산,2012-08,5종,86558
255,서안산,2012-08,6종,141684
256,안산,2012-08,1종,889410
256,안산,2012-08,2종,25650
256,안산,2012-08,3종,19506
256,안산,2012-08,4종,5382
256,안산,2012-08,5종,6931
256,안산,2012-08,6종,62453
257,홍성,2012-08,1종,280964
257,홍성,2012-08,2종,5762
257,홍성,2012-08,3종,6346
257,홍성,2012-08,4종,3026
257,홍성,2012-08,5종,3882
257,홍성,2012-08,6종,9630
258,광천,2012-08,1종,125431
258,광천,2012-08,2종,6205
258,광천,2012-08,3종,5564
258,광천,2012-08,4종,4394
258,광천,2012-08,5종,8753
258,광천,2012-08,6종,4477
259,대천,2012-08,1종,320032
259,대천,2012-08,2종,7006
259,대천,2012-08,3종,9872
259,대천,2012-08,4종,2758
259,대천,2012-08,5종,2998
259,대천,2012-08,6종,11661
260,춘장대,2012-08,1종,66597
260,춘장대,2012-08,2종,1614
260,춘장대,2012-08,3종,1306
260,춘장대,2012-08,4종,1318
260,춘장대,2012-08,5종,3082
260,춘장대,2012-08,6종,1986
261,동광주,2012-08,1종,1183866
261,동광주,2012-08,2종,38716
261,동광주,2012-08,3종,60077
261,동광주,2012-08,4종,23515
261,동광주,2012-08,5종,53857
261,동광주,2012-08,6종,37165
262,창평,2012-08,1종,99841
262,창평,2012-08,2종,5826
262,창평,2012-08,3종,3154
262,창평,2012-08,4종,2219
262,창평,2012-08,5종,1502
262,창평,2012-08,6종,3016
263,옥과,2012-08,1종,200663
263,옥과,2012-08,2종,4655
263,옥과,2012-08,3종,8350
263,옥과,2012-08,4종,2662
263,옥과,2012-08,5종,3386
263,옥과,2012-08,6종,8836
264,동남원,2012-08,1종,66181
264,동남원,2012-08,2종,2187
264,동남원,2012-08,3종,2581
264,동남원,2012-08,4종,837
264,동남원,2012-08,5종,1320
264,동남원,2012-08,6종,2254
265,곡성,2012-08,1종,173311
265,곡성,2012-08,2종,5462
265,곡성,2012-08,3종,5470
265,곡성,2012-08,4종,2101
265,곡성,2012-08,5종,7120
265,곡성,2012-08,6종,6254
266,석곡,2012-08,1종,54463
266,석곡,2012-08,2종,1541
266,석곡,2012-08,3종,1716
266,석곡,2012-08,4종,463
266,석곡,2012-08,5종,1390
266,석곡,2012-08,6종,1628
267,주암송광사,2012-08,1종,137187
267,주암송광사,2012-08,2종,4068
267,주암송광사,2012-08,3종,2614
267,주암송광사,2012-08,4종,2436
267,주암송광사,2012-08,5종,3886
267,주암송광사,2012-08,6종,4221
268,승주,2012-08,1종,69485
268,승주,2012-08,2종,1398
268,승주,2012-08,3종,1323
268,승주,2012-08,4종,711
268,승주,2012-08,5종,813
268,승주,2012-08,6종,2882
269,지리산,2012-08,1종,108272
269,지리산,2012-08,2종,2377
269,지리산,2012-08,3종,3861
269,지리산,2012-08,4종,1859
269,지리산,2012-08,5종,594
269,지리산,2012-08,6종,2547
270,서순천,2012-08,1종,162062
270,서순천,2012-08,2종,5711
270,서순천,2012-08,3종,9803
270,서순천,2012-08,4종,1827
270,서순천,2012-08,5종,3221
270,서순천,2012-08,6종,5560
271,순천,2012-08,1종,654110
271,순천,2012-08,2종,17788
271,순천,2012-08,3종,18435
271,순천,2012-08,4종,9656
271,순천,2012-08,5종,36405
271,순천,2012-08,6종,20423
272,광양,2012-08,1종,367484
272,광양,2012-08,2종,13038
272,광양,2012-08,3종,22007
272,광양,2012-08,4종,17683
272,광양,2012-08,5종,71012
272,광양,2012-08,6종,11575
273,동광양,2012-08,1종,137712
273,동광양,2012-08,2종,3128
273,동광양,2012-08,3종,2744
273,동광양,2012-08,4종,2193
273,동광양,2012-08,5종,15618
273,동광양,2012-08,6종,5509
274,가조,2012-08,1종,62243
274,가조,2012-08,2종,2157
274,가조,2012-08,3종,2928
274,가조,2012-08,4종,995
274,가조,2012-08,5종,1070
274,가조,2012-08,6종,3411
275,옥곡,2012-08,1종,212807
275,옥곡,2012-08,2종,2968
275,옥곡,2012-08,3종,7233
275,옥곡,2012-08,4종,1834
275,옥곡,2012-08,5종,7189
275,옥곡,2012-08,6종,8424
276,진월,2012-08,1종,78099
276,진월,2012-08,2종,1988
276,진월,2012-08,3종,1724
276,진월,2012-08,4종,4590
276,진월,2012-08,5종,37835
276,진월,2012-08,6종,2775
277,하동,2012-08,1종,249863
277,하동,2012-08,2종,5147
277,하동,2012-08,3종,6888
277,하동,2012-08,4종,7417
277,하동,2012-08,5종,33461
277,하동,2012-08,6종,9863
278,진교,2012-08,1종,180972
278,진교,2012-08,2종,4972
278,진교,2012-08,3종,12800
278,진교,2012-08,4종,1133
278,진교,2012-08,5종,2723
278,진교,2012-08,6종,10199
279,곤양,2012-08,1종,118442
279,곤양,2012-08,2종,4444
279,곤양,2012-08,3종,5994
279,곤양,2012-08,4종,2418
279,곤양,2012-08,5종,8814
279,곤양,2012-08,6종,5691
280,거창,2012-08,1종,211327
280,거창,2012-08,2종,9028
280,거창,2012-08,3종,15639
280,거창,2012-08,4종,2451
280,거창,2012-08,5종,2951
280,거창,2012-08,6종,9358
281,매송,2012-08,1종,480004
281,매송,2012-08,2종,32608
281,매송,2012-08,3종,24829
281,매송,2012-08,4종,15408
281,매송,2012-08,5종,22151
281,매송,2012-08,6종,23656
282,비봉,2012-08,1종,808852
282,비봉,2012-08,2종,56585
282,비봉,2012-08,3종,35685
282,비봉,2012-08,4종,24718
282,비봉,2012-08,5종,40927
282,비봉,2012-08,6종,45350
283,발안,2012-08,1종,439787
283,발안,2012-08,2종,36237
283,발안,2012-08,3종,20621
283,발안,2012-08,4종,17676
283,발안,2012-08,5종,22957
283,발안,2012-08,6종,24600
284,남양양,2012-08,1종,109741
284,남양양,2012-08,2종,1527
284,남양양,2012-08,3종,2343
284,남양양,2012-08,4종,533
284,남양양,2012-08,5종,561
284,남양양,2012-08,6종,3248
285,서평택,2012-08,1종,577715
285,서평택,2012-08,2종,43612
285,서평택,2012-08,3종,43058
285,서평택,2012-08,4종,57762
285,서평택,2012-08,5종,103301
285,서평택,2012-08,6종,30029
286,통도사휴게소,2012-08,1종,23746
286,통도사휴게소,2012-08,2종,232
286,통도사휴게소,2012-08,3종,1792
286,통도사휴게소,2012-08,4종,0
286,통도사휴게소,2012-08,5종,0
286,통도사휴게소,2012-08,6종,930
287,송악,2012-08,1종,469897
287,송악,2012-08,2종,23143
287,송악,2012-08,3종,17674
287,송악,2012-08,4종,19108
287,송악,2012-08,5종,100358
287,송악,2012-08,6종,20527
288,당진,2012-08,1종,385286
288,당진,2012-08,2종,17835
288,당진,2012-08,3종,19650
288,당진,2012-08,4종,11879
288,당진,2012-08,5종,41653
288,당진,2012-08,6종,16058
289,마산,2012-08,1종,908285
289,마산,2012-08,2종,38829
289,마산,2012-08,3종,42744
289,마산,2012-08,4종,16528
289,마산,2012-08,5종,22254
289,마산,2012-08,6종,59168
290,축동,2012-08,1종,44832
290,축동,2012-08,2종,2588
290,축동,2012-08,3종,1158
290,축동,2012-08,4종,1369
290,축동,2012-08,5종,10159
290,축동,2012-08,6종,2288
291,사천,2012-08,1종,692605
291,사천,2012-08,2종,26074
291,사천,2012-08,3종,23646
291,사천,2012-08,4종,13398
291,사천,2012-08,5종,24696
291,사천,2012-08,6종,41069
292,진주,2012-08,1종,638406
292,진주,2012-08,2종,23890
292,진주,2012-08,3종,47692
292,진주,2012-08,4종,11180
292,진주,2012-08,5종,32823
292,진주,2012-08,6종,41231
293,문산,2012-08,1종,272936
293,문산,2012-08,2종,10867
293,문산,2012-08,3종,5861
293,문산,2012-08,4종,4392
293,문산,2012-08,5종,14445
293,문산,2012-08,6종,16091
294,북창원,2012-08,1종,186536
294,북창원,2012-08,2종,8705
294,북창원,2012-08,3종,4414
294,북창원,2012-08,4종,5956
294,북창원,2012-08,5종,6692
294,북창원,2012-08,6종,8850
295,진성,2012-08,1종,131118
295,진성,2012-08,2종,8301
295,진성,2012-08,3종,4351
295,진성,2012-08,4종,3908
295,진성,2012-08,5종,10020
295,진성,2012-08,6종,6108
296,지수,2012-08,1종,44708
296,지수,2012-08,2종,3094
296,지수,2012-08,3종,1418
296,지수,2012-08,4종,1134
296,지수,2012-08,5종,4549
296,지수,2012-08,6종,2864
298,서산,2012-08,1종,554181
298,서산,2012-08,2종,16794
298,서산,2012-08,3종,27768
298,서산,2012-08,4종,18626
298,서산,2012-08,5종,31143
298,서산,2012-08,6종,20554
299,해미,2012-08,1종,142881
299,해미,2012-08,2종,5796
299,해미,2012-08,3종,4856
299,해미,2012-08,4종,3943
299,해미,2012-08,5종,8391
299,해미,2012-08,6종,5480
501,서김제,2012-08,1종,57169
501,서김제,2012-08,2종,3030
501,서김제,2012-08,3종,2848
501,서김제,2012-08,4종,1595
501,서김제,2012-08,5종,2725
501,서김제,2012-08,6종,1702
502,부안,2012-08,1종,113926
502,부안,2012-08,2종,5649
502,부안,2012-08,3종,5035
502,부안,2012-08,4종,1788
502,부안,2012-08,5종,2927
502,부안,2012-08,6종,3125
503,줄포,2012-08,1종,96414
503,줄포,2012-08,2종,2531
503,줄포,2012-08,3종,2282
503,줄포,2012-08,4종,689
503,줄포,2012-08,5종,928
503,줄포,2012-08,6종,2184
504,선운산,2012-08,1종,116520
504,선운산,2012-08,2종,5171
504,선운산,2012-08,3종,6789
504,선운산,2012-08,4종,4277
504,선운산,2012-08,5종,5016
504,선운산,2012-08,6종,3183
505,고창,2012-08,1종,94330
505,고창,2012-08,2종,3627
505,고창,2012-08,3종,2898
505,고창,2012-08,4종,941
505,고창,2012-08,5종,919
505,고창,2012-08,6종,2670
506,영광,2012-08,1종,89457
506,영광,2012-08,2종,3752
506,영광,2012-08,3종,5355
506,영광,2012-08,4종,1495
506,영광,2012-08,5종,1842
506,영광,2012-08,6종,2212
507,함평,2012-08,1종,60904
507,함평,2012-08,2종,3727
507,함평,2012-08,3종,4594
507,함평,2012-08,4종,2147
507,함평,2012-08,5종,5692
507,함평,2012-08,6종,1618
508,무안,2012-08,1종,174324
508,무안,2012-08,2종,5584
508,무안,2012-08,3종,5281
508,무안,2012-08,4종,3130
508,무안,2012-08,5종,4656
508,무안,2012-08,6종,5136
509,목포,2012-08,1종,783598
509,목포,2012-08,2종,21542
509,목포,2012-08,3종,30325
509,목포,2012-08,4종,16790
509,목포,2012-08,5종,29041
509,목포,2012-08,6종,21227
511,무창포,2012-08,1종,103746
511,무창포,2012-08,2종,2902
511,무창포,2012-08,3종,2252
511,무창포,2012-08,4종,969
511,무창포,2012-08,5종,2581
511,무창포,2012-08,6종,3227
512,연화산,2012-08,1종,39060
512,연화산,2012-08,2종,1817
512,연화산,2012-08,3종,633
512,연화산,2012-08,4종,498
512,연화산,2012-08,5종,1937
512,연화산,2012-08,6종,3184
513,고성,2012-08,1종,318013
513,고성,2012-08,2종,12347
513,고성,2012-08,3종,13106
513,고성,2012-08,4종,8856
513,고성,2012-08,5종,9931
513,고성,2012-08,6종,15261
514,동고성,2012-08,1종,94616
514,동고성,2012-08,2종,4469
514,동고성,2012-08,3종,4331
514,동고성,2012-08,4종,4670
514,동고성,2012-08,5종,10977
514,동고성,2012-08,6종,6157
515,북통영,2012-08,1종,134947
515,북통영,2012-08,2종,3524
515,북통영,2012-08,3종,9488
515,북통영,2012-08,4종,1404
515,북통영,2012-08,5종,1566
515,북통영,2012-08,6종,6658
516,통영,2012-08,1종,594339
516,통영,2012-08,2종,17113
516,통영,2012-08,3종,18001
516,통영,2012-08,4종,13175
516,통영,2012-08,5종,15653
516,통영,2012-08,6종,26763
518,칠곡물류,2012-08,1종,37574
518,칠곡물류,2012-08,2종,9830
518,칠곡물류,2012-08,3종,3346
518,칠곡물류,2012-08,4종,7110
518,칠곡물류,2012-08,5종,8734
518,칠곡물류,2012-08,6종,1791
519,남대구,2012-08,1종,1356182
519,남대구,2012-08,2종,65503
519,남대구,2012-08,3종,59831
519,남대구,2012-08,4종,20982
519,남대구,2012-08,5종,32736
519,남대구,2012-08,6종,66335
520,평택,2012-08,1종,525074
520,평택,2012-08,2종,31634
520,평택,2012-08,3종,39011
520,평택,2012-08,4종,17386
520,평택,2012-08,5종,22996
520,평택,2012-08,6종,27592
521,단양,2012-08,1종,117296
521,단양,2012-08,2종,2187
521,단양,2012-08,3종,2989
521,단양,2012-08,4종,1128
521,단양,2012-08,5종,7699
521,단양,2012-08,6종,4098
522,북단양,2012-08,1종,141205
522,북단양,2012-08,2종,3111
522,북단양,2012-08,3종,3404
522,북단양,2012-08,4종,4240
522,북단양,2012-08,5종,25395
522,북단양,2012-08,6종,4606
523,남제천,2012-08,1종,93441
523,남제천,2012-08,2종,2203
523,남제천,2012-08,3종,3424
523,남제천,2012-08,4종,1281
523,남제천,2012-08,5종,2070
523,남제천,2012-08,6종,2949
524,청통와촌,2012-08,1종,235421
524,청통와촌,2012-08,2종,12575
524,청통와촌,2012-08,3종,5389
524,청통와촌,2012-08,4종,3904
524,청통와촌,2012-08,5종,4001
524,청통와촌,2012-08,6종,9626
525,북영천,2012-08,1종,191592
525,북영천,2012-08,2종,6766
525,북영천,2012-08,3종,4498
525,북영천,2012-08,4종,2853
525,북영천,2012-08,5종,6219
525,북영천,2012-08,6종,6568
526,서포항,2012-08,1종,121857
526,서포항,2012-08,2종,2405
526,서포항,2012-08,3종,2202
526,서포항,2012-08,4종,789
526,서포항,2012-08,5종,2711
526,서포항,2012-08,6종,5635
527,포항,2012-08,1종,864287
527,포항,2012-08,2종,18547
527,포항,2012-08,3종,27002
527,포항,2012-08,4종,7795
527,포항,2012-08,5종,31771
527,포항,2012-08,6종,31080
528,기흥동탄,2012-08,1종,962399
528,기흥동탄,2012-08,2종,27786
528,기흥동탄,2012-08,3종,68661
528,기흥동탄,2012-08,4종,16309
528,기흥동탄,2012-08,5종,17412
528,기흥동탄,2012-08,6종,55119
529,노포,2012-08,1종,217778
529,노포,2012-08,2종,14554
529,노포,2012-08,3종,38627
529,노포,2012-08,4종,5174
529,노포,2012-08,5종,6546
529,노포,2012-08,6종,11358
530,내장산,2012-08,1종,41873
530,내장산,2012-08,2종,1187
530,내장산,2012-08,3종,708
530,내장산,2012-08,4종,581
530,내장산,2012-08,5종,3579
530,내장산,2012-08,6종,1546
531,문의청남대,2012-08,1종,184976
531,문의청남대,2012-08,2종,6976
531,문의청남대,2012-08,3종,7857
531,문의청남대,2012-08,4종,7170
531,문의청남대,2012-08,5종,8207
531,문의청남대,2012-08,6종,7480
532,회인,2012-08,1종,43438
532,회인,2012-08,2종,1076
532,회인,2012-08,3종,742
532,회인,2012-08,4종,1210
532,회인,2012-08,5종,780
532,회인,2012-08,6종,1716
533,보은,2012-08,1종,127527
533,보은,2012-08,2종,4966
533,보은,2012-08,3종,3965
533,보은,2012-08,4종,2185
533,보은,2012-08,5종,2306
533,보은,2012-08,6종,5047
534,속리산,2012-08,1종,62803
534,속리산,2012-08,2종,1775
534,속리산,2012-08,3종,1598
534,속리산,2012-08,4종,1089
534,속리산,2012-08,5종,1146
534,속리산,2012-08,6종,2095
535,화서,2012-08,1종,69422
535,화서,2012-08,2종,1615
535,화서,2012-08,3종,2454
535,화서,2012-08,4종,1198
535,화서,2012-08,5종,1335
535,화서,2012-08,6종,2715
536,남상주,2012-08,1종,108901
536,남상주,2012-08,2종,4562
536,남상주,2012-08,3종,6943
536,남상주,2012-08,4종,3802
536,남상주,2012-08,5종,2993
536,남상주,2012-08,6종,4444
537,남김천,2012-08,1종,75686
537,남김천,2012-08,2종,7180
537,남김천,2012-08,3종,3795
537,남김천,2012-08,4종,5241
537,남김천,2012-08,5종,9828
537,남김천,2012-08,6종,2632
538,성주,2012-08,1종,78065
538,성주,2012-08,2종,5685
538,성주,2012-08,3종,4020
538,성주,2012-08,4종,3762
538,성주,2012-08,5종,4089
538,성주,2012-08,6종,2668
539,남성주,2012-08,1종,42206
539,남성주,2012-08,2종,6100
539,남성주,2012-08,3종,2619
539,남성주,2012-08,4종,3747
539,남성주,2012-08,5종,3953
539,남성주,2012-08,6종,1402
540,청북,2012-08,1종,317071
540,청북,2012-08,2종,42689
540,청북,2012-08,3종,26284
540,청북,2012-08,4종,24384
540,청북,2012-08,5종,28634
540,청북,2012-08,6종,16740
541,송탄,2012-08,1종,337615
541,송탄,2012-08,2종,35271
541,송탄,2012-08,3종,23618
541,송탄,2012-08,4종,29141
541,송탄,2012-08,5종,19945
541,송탄,2012-08,6종,16697
542,서안성,2012-08,1종,302320
542,서안성,2012-08,2종,32707
542,서안성,2012-08,3종,27298
542,서안성,2012-08,4종,21349
542,서안성,2012-08,5종,20339
542,서안성,2012-08,6종,13781
543,남안성,2012-08,1종,395067
543,남안성,2012-08,2종,43015
543,남안성,2012-08,3종,29986
543,남안성,2012-08,4종,28760
543,남안성,2012-08,5종,38922
543,남안성,2012-08,6종,21395
544,완주,2012-08,1종,174177
544,완주,2012-08,2종,7088
544,완주,2012-08,3종,6600
544,완주,2012-08,4종,7376
544,완주,2012-08,5종,11195
544,완주,2012-08,6종,5409
545,소양,2012-08,1종,161003
545,소양,2012-08,2종,5161
545,소양,2012-08,3종,7529
545,소양,2012-08,4종,2713
545,소양,2012-08,5종,5120
545,소양,2012-08,6종,5154
546,진안,2012-08,1종,71223
546,진안,2012-08,2종,2204
546,진안,2012-08,3종,1950
546,진안,2012-08,4종,914
546,진안,2012-08,5종,977
546,진안,2012-08,6종,2138
547,무안공항,2012-08,1종,36173
547,무안공항,2012-08,2종,877
547,무안공항,2012-08,3종,1041
547,무안공항,2012-08,4종,295
547,무안공항,2012-08,5종,535
547,무안공항,2012-08,6종,816
548,북무안,2012-08,1종,117191
548,북무안,2012-08,2종,2378
548,북무안,2012-08,3종,2353
548,북무안,2012-08,4종,1167
548,북무안,2012-08,5종,1599
548,북무안,2012-08,6종,2681
549,동함평,2012-08,1종,141589
549,동함평,2012-08,2종,4362
549,동함평,2012-08,3종,3909
549,동함평,2012-08,4종,1606
549,동함평,2012-08,5종,2859
549,동함평,2012-08,6종,5963
550,문평,2012-08,1종,36243
550,문평,2012-08,2종,1095
550,문평,2012-08,3종,927
550,문평,2012-08,4종,503
550,문평,2012-08,5종,2485
550,문평,2012-08,6종,1291
551,나주,2012-08,1종,62544
551,나주,2012-08,2종,2421
551,나주,2012-08,3종,1471
551,나주,2012-08,4종,805
551,나주,2012-08,5종,1347
551,나주,2012-08,6종,2362
552,서광산,2012-08,1종,36902
552,서광산,2012-08,2종,2409
552,서광산,2012-08,3종,1327
552,서광산,2012-08,4종,652
552,서광산,2012-08,5종,1782
552,서광산,2012-08,6종,1117
553,동광산,2012-08,1종,756931
553,동광산,2012-08,2종,17430
553,동광산,2012-08,3종,21040
553,동광산,2012-08,4종,8188
553,동광산,2012-08,5종,16240
553,동광산,2012-08,6종,24300
554,동홍천,2012-08,1종,701800
554,동홍천,2012-08,2종,6091
554,동홍천,2012-08,3종,20304
554,동홍천,2012-08,4종,3853
554,동홍천,2012-08,5종,2245
554,동홍천,2012-08,6종,23081
555,북진천,2012-08,1종,222555
555,북진천,2012-08,2종,31460
555,북진천,2012-08,3종,28143
555,북진천,2012-08,4종,17789
555,북진천,2012-08,5종,15632
555,북진천,2012-08,6종,9835
556,동순천,2012-08,1종,322929
556,동순천,2012-08,2종,7058
556,동순천,2012-08,3종,15637
556,동순천,2012-08,4종,10855
556,동순천,2012-08,5종,45227
556,동순천,2012-08,6종,8513
557,황전,2012-08,1종,84436
557,황전,2012-08,2종,1719
557,황전,2012-08,3종,1290
557,황전,2012-08,4종,937
557,황전,2012-08,5종,3193
557,황전,2012-08,6종,2794
558,구례화엄사,2012-08,1종,122402
558,구례화엄사,2012-08,2종,2419
558,구례화엄사,2012-08,3종,3955
558,구례화엄사,2012-08,4종,1421
558,구례화엄사,2012-08,5종,5596
558,구례화엄사,2012-08,6종,2906
559,서남원,2012-08,1종,53884
559,서남원,2012-08,2종,2249
559,서남원,2012-08,3종,1960
559,서남원,2012-08,4종,1647
559,서남원,2012-08,5종,4473
559,서남원,2012-08,6종,1667
560,감곡,2012-08,1종,377516
560,감곡,2012-08,2종,17405
560,감곡,2012-08,3종,20770
560,감곡,2012-08,4종,16838
560,감곡,2012-08,5종,26180
560,감곡,2012-08,6종,12097
561,북충주,2012-08,1종,57846
561,북충주,2012-08,2종,1877
561,북충주,2012-08,3종,1352
561,북충주,2012-08,4종,1163
561,북충주,2012-08,5종,2456
561,북충주,2012-08,6종,1720
562,충주,2012-08,1종,234634
562,충주,2012-08,2종,11217
562,충주,2012-08,3종,17967
562,충주,2012-08,4종,12054
562,충주,2012-08,5종,10823
562,충주,2012-08,6종,8820
563,괴산,2012-08,1종,81613
563,괴산,2012-08,2종,1990
563,괴산,2012-08,3종,3001
563,괴산,2012-08,4종,1815
563,괴산,2012-08,5종,4358
563,괴산,2012-08,6종,2476
564,연풍,2012-08,1종,56937
564,연풍,2012-08,2종,3394
564,연풍,2012-08,3종,7099
564,연풍,2012-08,4종,4870
564,연풍,2012-08,5종,5269
564,연풍,2012-08,6종,1529
565,문경새재,2012-08,1종,102266
565,문경새재,2012-08,2종,4413
565,문경새재,2012-08,3종,5878
565,문경새재,2012-08,4종,3914
565,문경새재,2012-08,5종,4174
565,문경새재,2012-08,6종,3183
566,점촌함창,2012-08,1종,159463
566,점촌함창,2012-08,2종,5124
566,점촌함창,2012-08,3종,10158
566,점촌함창,2012-08,4종,4370
566,점촌함창,2012-08,5종,5455
566,점촌함창,2012-08,6종,5278
567,남고창,2012-08,1종,94514
567,남고창,2012-08,2종,3262
567,남고창,2012-08,3종,1897
567,남고창,2012-08,4종,1085
567,남고창,2012-08,5종,1697
567,남고창,2012-08,6종,3638
568,장성물류,2012-08,1종,35724
568,장성물류,2012-08,2종,5814
568,장성물류,2012-08,3종,2162
568,장성물류,2012-08,4종,4947
568,장성물류,2012-08,5종,6279
568,장성물류,2012-08,6종,935
569,북광주,2012-08,1종,225382
569,북광주,2012-08,2종,11953
569,북광주,2012-08,3종,7002
569,북광주,2012-08,4종,10867
569,북광주,2012-08,5종,13456
569,북광주,2012-08,6종,6663
570,북상주,2012-08,1종,138503
570,북상주,2012-08,2종,5935
570,북상주,2012-08,3종,7306
570,북상주,2012-08,4종,4321
570,북상주,2012-08,5종,5451
570,북상주,2012-08,6종,4919
571,면천,2012-08,1종,86959
571,면천,2012-08,2종,3364
571,면천,2012-08,3종,2639
571,면천,2012-08,4종,2674
571,면천,2012-08,5종,4578
571,면천,2012-08,6종,3170
572,고덕,2012-08,1종,95906
572,고덕,2012-08,2종,3572
572,고덕,2012-08,3종,3353
572,고덕,2012-08,4종,2327
572,고덕,2012-08,5종,5109
572,고덕,2012-08,6종,3137
573,예산수덕사,2012-08,1종,286504
573,예산수덕사,2012-08,2종,10348
573,예산수덕사,2012-08,3종,9168
573,예산수덕사,2012-08,4종,7310
573,예산수덕사,2012-08,5종,9812
573,예산수덕사,2012-08,6종,10056
574,신양,2012-08,1종,82465
574,신양,2012-08,2종,3420
574,신양,2012-08,3종,2698
574,신양,2012-08,4종,2196
574,신양,2012-08,5종,2969
574,신양,2012-08,6종,2751
575,유구,2012-08,1종,96329
575,유구,2012-08,2종,5693
575,유구,2012-08,3종,3559
575,유구,2012-08,4종,5849
575,유구,2012-08,5종,8239
575,유구,2012-08,6종,3455
576,마곡사,2012-08,1종,41367
576,마곡사,2012-08,2종,900
576,마곡사,2012-08,3종,954
576,마곡사,2012-08,4종,675
576,마곡사,2012-08,5종,538
576,마곡사,2012-08,6종,1506
577,공주,2012-08,1종,160052
577,공주,2012-08,2종,5553
577,공주,2012-08,3종,4336
577,공주,2012-08,4종,2454
577,공주,2012-08,5종,3545
577,공주,2012-08,6종,7011
578,서세종,2012-08,1종,188068
578,서세종,2012-08,2종,11355
578,서세종,2012-08,3종,8416
578,서세종,2012-08,4종,5774
578,서세종,2012-08,5종,10123
578,서세종,2012-08,6종,7603
579,남세종,2012-08,1종,202137
579,남세종,2012-08,2종,6442
579,남세종,2012-08,3종,4566
579,남세종,2012-08,4종,3117
579,남세종,2012-08,5종,6141
579,남세종,2012-08,6종,8165
580,북강릉,2012-08,1종,251776
580,북강릉,2012-08,2종,4739
580,북강릉,2012-08,3종,6321
580,북강릉,2012-08,4종,2059
580,북강릉,2012-08,5종,2463
580,북강릉,2012-08,6종,9474
581,옥계,2012-08,1종,92479
581,옥계,2012-08,2종,2453
581,옥계,2012-08,3종,1781
581,옥계,2012-08,4종,3585
581,옥계,2012-08,5종,14966
581,옥계,2012-08,6종,4470
582,망상,2012-08,1종,150759
582,망상,2012-08,2종,3520
582,망상,2012-08,3종,14383
582,망상,2012-08,4종,1280
582,망상,2012-08,5종,1716
582,망상,2012-08,6종,7363
583,동해,2012-08,1종,416206
583,동해,2012-08,2종,10318
583,동해,2012-08,3종,10827
583,동해,2012-08,4종,8216
583,동해,2012-08,5종,23523
583,동해,2012-08,6종,17050
584,남강릉,2012-08,1종,117414
584,남강릉,2012-08,2종,6117
584,남강릉,2012-08,3종,9159
584,남강릉,2012-08,4종,3361
584,남강릉,2012-08,5종,2502
584,남강릉,2012-08,6종,6492
585,하조대,2012-08,1종,322252
585,하조대,2012-08,2종,6505
585,하조대,2012-08,3종,10992
585,하조대,2012-08,4종,3666
585,하조대,2012-08,5종,4135
585,하조대,2012-08,6종,10877
586,북남원,2012-08,1종,25319
586,북남원,2012-08,2종,911
586,북남원,2012-08,3종,453
586,북남원,2012-08,4종,247
586,북남원,2012-08,5종,4380
586,북남원,2012-08,6종,618
587,오수,2012-08,1종,143517
587,오수,2012-08,2종,4780
587,오수,2012-08,3종,6369
587,오수,2012-08,4종,3047
587,오수,2012-08,5종,6585
587,오수,2012-08,6종,4219
588,임실,2012-08,1종,47413
588,임실,2012-08,2종,2032
588,임실,2012-08,3종,1806
588,임실,2012-08,4종,961
588,임실,2012-08,5종,3377
588,임실,2012-08,6종,1312
589,상관,2012-08,1종,138666
589,상관,2012-08,2종,4792
589,상관,2012-08,3종,6048
589,상관,2012-08,4종,4203
589,상관,2012-08,5종,25343
589,상관,2012-08,6종,3697
590,동전주,2012-08,1종,161882
590,동전주,2012-08,2종,3257
590,동전주,2012-08,3종,2878
590,동전주,2012-08,4종,1672
590,동전주,2012-08,5종,4252
590,동전주,2012-08,6종,5087
591,동서천,2012-08,1종,43727
591,동서천,2012-08,2종,1642
591,동서천,2012-08,3종,1394
591,동서천,2012-08,4종,1865
591,동서천,2012-08,5종,2885
591,동서천,2012-08,6종,1410
592,서부여,2012-08,1종,72179
592,서부여,2012-08,2종,3057
592,서부여,2012-08,3종,1720
592,서부여,2012-08,4종,1210
592,서부여,2012-08,5종,1654
592,서부여,2012-08,6종,2456
593,부여,2012-08,1종,60152
593,부여,2012-08,2종,2239
593,부여,2012-08,3종,2057
593,부여,2012-08,4종,1622
593,부여,2012-08,5종,2472
593,부여,2012-08,6종,2039
594,칠갑산,2012-08,1종,59699
594,칠갑산,2012-08,2종,1764
594,칠갑산,2012-08,3종,1644
594,칠갑산,2012-08,4종,1017
594,칠갑산,2012-08,5종,683
594,칠갑산,2012-08,6종,1949
595,서공주,2012-08,1종,57283
595,서공주,2012-08,2종,2535
595,서공주,2012-08,3종,1774
595,서공주,2012-08,4종,2080
595,서공주,2012-08,5종,4146
595,서공주,2012-08,6종,1908
597,서여주,2012-08,1종,119959
597,서여주,2012-08,2종,5158
597,서여주,2012-08,3종,9532
597,서여주,2012-08,4종,4207
597,서여주,2012-08,5종,4577
597,서여주,2012-08,6종,5179
598,북여주,2012-08,1종,92282
598,북여주,2012-08,2종,2635
598,북여주,2012-08,3종,2655
598,북여주,2012-08,4종,1330
598,북여주,2012-08,5종,1752
598,북여주,2012-08,6종,3422
599,양촌,2012-08,1종,15488
599,양촌,2012-08,2종,232
599,양촌,2012-08,3종,102
599,양촌,2012-08,4종,4
599,양촌,2012-08,5종,4
599,양촌,2012-08,6종,427
601,남천안,2012-08,1종,353983
601,남천안,2012-08,2종,28660
601,남천안,2012-08,3종,23828
601,남천안,2012-08,4종,23860
601,남천안,2012-08,5종,22231
601,남천안,2012-08,6종,13357
602,풍세상,2012-08,1종,1451695
602,풍세상,2012-08,2종,43590
602,풍세상,2012-08,3종,144134
602,풍세상,2012-08,4종,52788
602,풍세상,2012-08,5종,61366
602,풍세상,2012-08,6종,57908
603,정안,2012-08,1종,134304
603,정안,2012-08,2종,9760
603,정안,2012-08,3종,17839
603,정안,2012-08,4종,9576
603,정안,2012-08,5종,7514
603,정안,2012-08,6종,4772
604,남공주,2012-08,1종,71924
604,남공주,2012-08,2종,4342
604,남공주,2012-08,3종,3828
604,남공주,2012-08,4종,2411
604,남공주,2012-08,5종,3768
604,남공주,2012-08,6종,2514
605,탄천,2012-08,1종,21511
605,탄천,2012-08,2종,1657
605,탄천,2012-08,3종,914
605,탄천,2012-08,4종,1160
605,탄천,2012-08,5종,1713
605,탄천,2012-08,6종,777
606,서논산,2012-08,1종,128228
606,서논산,2012-08,2종,7615
606,서논산,2012-08,3종,8821
606,서논산,2012-08,4종,5955
606,서논산,2012-08,5종,9080
606,서논산,2012-08,6종,4682
607,연무,2012-08,1종,57680
607,연무,2012-08,2종,2393
607,연무,2012-08,3종,2174
607,연무,2012-08,4종,1083
607,연무,2012-08,5종,1431
607,연무,2012-08,6종,1984
608,남논산하,2012-08,1종,930715
608,남논산하,2012-08,2종,27156
608,남논산하,2012-08,3종,102314
608,남논산하,2012-08,4종,33517
608,남논산하,2012-08,5종,51084
608,남논산하,2012-08,6종,33514
612,풍세하,2012-08,1종,1406398
612,풍세하,2012-08,2종,42982
612,풍세하,2012-08,3종,138238
612,풍세하,2012-08,4종,45848
612,풍세하,2012-08,5종,48520
612,풍세하,2012-08,6종,55592
618,남논산상,2012-08,1종,954736
618,남논산상,2012-08,2종,26578
618,남논산상,2012-08,3종,102856
618,남논산상,2012-08,4종,35528
618,남논산상,2012-08,5종,59028
618,남논산상,2012-08,6종,34450
621,동대구,2012-08,1종,804606
621,동대구,2012-08,2종,33759
621,동대구,2012-08,3종,38051
621,동대구,2012-08,4종,22609
621,동대구,2012-08,5종,24362
621,동대구,2012-08,6종,39876
622,대구,2012-08,1종,1136932
622,대구,2012-08,2종,51668
622,대구,2012-08,3종,55918
622,대구,2012-08,4종,46262
622,대구,2012-08,5종,84179
622,대구,2012-08,6종,57833
623,수성,2012-08,1종,740345
623,수성,2012-08,2종,21155
623,수성,2012-08,3종,12244
623,수성,2012-08,4종,7884
623,수성,2012-08,5종,8265
623,수성,2012-08,6종,32580
624,청도,2012-08,1종,223838
624,청도,2012-08,2종,7983
624,청도,2012-08,3종,4657
624,청도,2012-08,4종,3344
624,청도,2012-08,5종,4912
624,청도,2012-08,6종,10218
625,밀양,2012-08,1종,354141
625,밀양,2012-08,2종,15607
625,밀양,2012-08,3종,8615
625,밀양,2012-08,4종,7544
625,밀양,2012-08,5종,8028
625,밀양,2012-08,6종,15544
626,남밀양,2012-08,1종,353727
626,남밀양,2012-08,2종,22108
626,남밀양,2012-08,3종,13553
626,남밀양,2012-08,4종,12581
626,남밀양,2012-08,5종,12312
626,남밀양,2012-08,6종,18641
627,삼랑진,2012-08,1종,210630
627,삼랑진,2012-08,2종,9295
627,삼랑진,2012-08,3종,4704
627,삼랑진,2012-08,4종,3838
627,삼랑진,2012-08,5종,6902
627,삼랑진,2012-08,6종,11925
628,상동,2012-08,1종,230680
628,상동,2012-08,2종,25729
628,상동,2012-08,3종,12323
628,상동,2012-08,4종,15327
628,상동,2012-08,5종,22204
628,상동,2012-08,6종,13707
629,김해부산,2012-08,1종,1177094
629,김해부산,2012-08,2종,70332
629,김해부산,2012-08,3종,60852
629,김해부산,2012-08,4종,60140
629,김해부산,2012-08,5종,99321
629,김해부산,2012-08,6종,64676
641,울산,2012-08,1종,1148848
641,울산,2012-08,2종,53773
641,울산,2012-08,3종,64013
641,울산,2012-08,4종,42165
641,울산,2012-08,5종,112346
641,울산,2012-08,6종,55251
642,문수,2012-08,1종,108250
642,문수,2012-08,2종,4497
642,문수,2012-08,3종,3826
642,문수,2012-08,4종,4230
642,문수,2012-08,5종,6016
642,문수,2012-08,6종,6096
643,청량,2012-08,1종,476444
643,청량,2012-08,2종,12964
643,청량,2012-08,3종,11331
643,청량,2012-08,4종,18875
643,청량,2012-08,5종,77950
643,청량,2012-08,6종,28806
644,온양,2012-08,1종,189778
644,온양,2012-08,2종,3933
644,온양,2012-08,3종,2145
644,온양,2012-08,4종,2697
644,온양,2012-08,5종,11909
644,온양,2012-08,6종,12102
645,장안,2012-08,1종,246852
645,장안,2012-08,2종,6744
645,장안,2012-08,3종,4519
645,장안,2012-08,4종,4884
645,장안,2012-08,5종,13648
645,장안,2012-08,6종,13982
646,기장일광,2012-08,1종,238565
646,기장일광,2012-08,2종,3252
646,기장일광,2012-08,3종,2353
646,기장일광,2012-08,4종,1803
646,기장일광,2012-08,5종,4666
646,기장일광,2012-08,6종,14664
647,해운대송정,2012-08,1종,89807
647,해운대송정,2012-08,2종,919
647,해운대송정,2012-08,3종,520
647,해운대송정,2012-08,4종,271
647,해운대송정,2012-08,5종,701
647,해운대송정,2012-08,6종,5337
648,해운대,2012-08,1종,698417
648,해운대,2012-08,2종,8616
648,해운대,2012-08,3종,7671
648,해운대,2012-08,4종,6181
648,해운대,2012-08,5종,35566
648,해운대,2012-08,6종,39913
651,남양주,2012-08,1종,2077807
651,남양주,2012-08,2종,46136
651,남양주,2012-08,3종,70416
651,남양주,2012-08,4종,17962
651,남양주,2012-08,5종,12301
651,남양주,2012-08,6종,105468
652,화도,2012-08,1종,954829
652,화도,2012-08,2종,36882
652,화도,2012-08,3종,35485
652,화도,2012-08,4종,12249
652,화도,2012-08,5종,8089
652,화도,2012-08,6종,63433
653,서종,2012-08,1종,225829
653,서종,2012-08,2종,1446
653,서종,2012-08,3종,1714
653,서종,2012-08,4종,586
653,서종,2012-08,5종,271
653,서종,2012-08,6종,11745
654,설악,2012-08,1종,318241
654,설악,2012-08,2종,3628
654,설악,2012-08,3종,5850
654,설악,2012-08,4종,1326
654,설악,2012-08,5종,806
654,설악,2012-08,6종,14606
655,강촌,2012-08,1종,206475
655,강촌,2012-08,2종,2383
655,강촌,2012-08,3종,6412
655,강촌,2012-08,4종,1235
655,강촌,2012-08,5종,856
655,강촌,2012-08,6종,9047
656,남춘천,2012-08,1종,202663
656,남춘천,2012-08,2종,2151
656,남춘천,2012-08,3종,9973
656,남춘천,2012-08,4종,1325
656,남춘천,2012-08,5종,2318
656,남춘천,2012-08,6종,8861
657,동산,2012-08,1종,1026988
657,동산,2012-08,2종,12332
657,동산,2012-08,3종,31268
657,동산,2012-08,4종,6642
657,동산,2012-08,5종,7128
657,동산,2012-08,6종,45792
658,조양,2012-08,1종,36910
658,조양,2012-08,2종,654
658,조양,2012-08,3종,438
658,조양,2012-08,4종,307
658,조양,2012-08,5종,243
658,조양,2012-08,6종,1398
671,봉담,2012-08,1종,1107768
671,봉담,2012-08,2종,58292
671,봉담,2012-08,3종,38149
671,봉담,2012-08,4종,19016
671,봉담,2012-08,5종,27081
671,봉담,2012-08,6종,81467
672,정남,2012-08,1종,295574
672,정남,2012-08,2종,19503
672,정남,2012-08,3종,9817
672,정남,2012-08,4종,4905
672,정남,2012-08,5종,4239
672,정남,2012-08,6종,23035
673,북오산,2012-08,1종,721148
673,북오산,2012-08,2종,27971
673,북오산,2012-08,3종,23083
673,북오산,2012-08,4종,10944
673,북오산,2012-08,5종,9332
673,북오산,2012-08,6종,49835
674,,2012-08,1종,837332
674,,2012-08,2종,44528
674,,2012-08,3종,54993
674,,2012-08,4종,19960
674,,2012-08,5종,25654
674,,2012-08,6종,55762
675,서오산,2012-08,1종,211219
675,서오산,2012-08,2종,8514
675,서오산,2012-08,3종,4787
675,서오산,2012-08,4종,3151
675,서오산,2012-08,5종,3205
675,서오산,2012-08,6종,14812
676,향남,2012-08,1종,432750
676,향남,2012-08,2종,29161
676,향남,2012-08,3종,16074
676,향남,2012-08,4종,12124
676,향남,2012-08,5종,10885
676,향남,2012-08,6종,33628
677,북평택,2012-08,1종,797612
677,북평택,2012-08,2종,36530
677,북평택,2012-08,3종,40742
677,북평택,2012-08,4종,15412
677,북평택,2012-08,5종,24184
677,북평택,2012-08,6종,46380
981,서영암,2012-08,1종,209998
981,서영암,2012-08,2종,4453
981,서영암,2012-08,3종,7906
981,서영암,2012-08,4종,4374
981,서영암,2012-08,5종,13514
981,서영암,2012-08,6종,4975
982,강진무위사,2012-08,1종,125502
982,강진무위사,2012-08,2종,2918
982,강진무위사,2012-08,3종,5189
982,강진무위사,2012-08,4종,2194
982,강진무위사,2012-08,5종,4283
982,강진무위사,2012-08,6종,3116
983,장흥,2012-08,1종,109626
983,장흥,2012-08,2종,1664
983,장흥,2012-08,3종,1771
983,장흥,2012-08,4종,628
983,장흥,2012-08,5종,817
983,장흥,2012-08,6종,2784
984,보성,2012-08,1종,121798
984,보성,2012-08,2종,4063
984,보성,2012-08,3종,3777
984,보성,2012-08,4종,2788
984,보성,2012-08,5종,8165
984,보성,2012-08,6종,3013
985,벌교,2012-08,1종,132039
985,벌교,2012-08,2종,3935
985,벌교,2012-08,3종,3818
985,벌교,2012-08,4종,2021
985,벌교,2012-08,5종,3527
985,벌교,2012-08,6종,2938
987,남순천,2012-08,1종,309770
987,남순천,2012-08,2종,6688
987,남순천,2012-08,3종,10963
987,남순천,2012-08,4종,7417
987,남순천,2012-08,5종,22828
987,남순천,2012-08,6종,7526
11,인천,2012-09,1종,3649931
11,인천,2012-09,2종,133850
11,인천,2012-09,3종,78580
11,인천,2012-09,4종,56756
11,인천,2012-09,5종,113550
11,인천,2012-09,6종,325229
12,서영암(개),2012-09,1종,22272
12,서영암(개),2012-09,2종,379
12,서영암(개),2012-09,3종,400
12,서영암(개),2012-09,4종,225
12,서영암(개),2012-09,5종,287
12,서영암(개),2012-09,6종,1052
13,순천만,2012-09,1종,100503
13,순천만,2012-09,2종,4414
13,순천만,2012-09,3종,5045
13,순천만,2012-09,4종,6083
13,순천만,2012-09,5종,7945
13,순천만,2012-09,6종,4112
53,남인천,2012-09,1종,1754446
53,남인천,2012-09,2종,51575
53,남인천,2012-09,3종,58798
53,남인천,2012-09,4종,22610
53,남인천,2012-09,5종,56822
53,남인천,2012-09,6종,145291
56,일로,2012-09,1종,42117
56,일로,2012-09,2종,1345
56,일로,2012-09,3종,804
56,일로,2012-09,4종,612
56,일로,2012-09,5종,1479
56,일로,2012-09,6종,2152
61,성남,2012-09,1종,3817263
61,성남,2012-09,2종,164666
61,성남,2012-09,3종,143938
61,성남,2012-09,4종,64235
61,성남,2012-09,5종,64539
61,성남,2012-09,6종,257444
62,구리남양주,2012-09,1종,4998107
62,구리남양주,2012-09,2종,230134
62,구리남양주,2012-09,3종,175171
62,구리남양주,2012-09,4종,102287
62,구리남양주,2012-09,5종,82151
62,구리남양주,2012-09,6종,346822
63,토평,2012-09,1종,513633
63,토평,2012-09,2종,18358
63,토평,2012-09,3종,8474
63,토평,2012-09,4종,6311
63,토평,2012-09,5종,10121
63,토평,2012-09,6종,38649
64,청계,2012-09,1종,4506719
64,청계,2012-09,2종,172620
64,청계,2012-09,3종,160643
64,청계,2012-09,4종,45914
64,청계,2012-09,5종,72514
64,청계,2012-09,6종,329940
65,판교,2012-09,1종,2834203
65,판교,2012-09,2종,52631
65,판교,2012-09,3종,183398
65,판교,2012-09,4종,17897
65,판교,2012-09,5종,12445
65,판교,2012-09,6종,158382
66,하남,2012-09,1종,800109
66,하남,2012-09,2종,29577
66,하남,2012-09,3종,16437
66,하남,2012-09,4종,8241
66,하남,2012-09,5종,7798
66,하남,2012-09,6종,58649
67,시흥,2012-09,1종,3953485
67,시흥,2012-09,2종,163235
67,시흥,2012-09,3종,128017
67,시흥,2012-09,4종,66799
67,시흥,2012-09,5종,72086
67,시흥,2012-09,6종,291316
68,김포,2012-09,1종,4655289
68,김포,2012-09,2종,195413
68,김포,2012-09,3종,130088
68,김포,2012-09,4종,71456
68,김포,2012-09,5종,111412
68,김포,2012-09,6종,357300
69,대왕판교,2012-09,1종,169180
69,대왕판교,2012-09,2종,1158
69,대왕판교,2012-09,3종,202
69,대왕판교,2012-09,4종,23
69,대왕판교,2012-09,5종,11
69,대왕판교,2012-09,6종,10156
74,덕소삼패,2012-09,1종,281427
74,덕소삼패,2012-09,2종,8344
74,덕소삼패,2012-09,3종,3806
74,덕소삼패,2012-09,4종,3227
74,덕소삼패,2012-09,5종,6216
74,덕소삼패,2012-09,6종,19765
91,대동(개),2012-09,1종,135552
91,대동(개),2012-09,2종,10181
91,대동(개),2012-09,3종,4860
91,대동(개),2012-09,4종,16441
91,대동(개),2012-09,5종,5681
91,대동(개),2012-09,6종,8659
92,내서,2012-09,1종,239332
92,내서,2012-09,2종,9698
92,내서,2012-09,3종,10686
92,내서,2012-09,4종,3590
92,내서,2012-09,5종,5862
92,내서,2012-09,6종,21790
101,서울,2012-09,1종,5240443
101,서울,2012-09,2종,197766
101,서울,2012-09,3종,563026
101,서울,2012-09,4종,87731
101,서울,2012-09,5종,52317
101,서울,2012-09,6종,236895
102,동수원,2012-09,1종,1819833
102,동수원,2012-09,2종,40400
102,동수원,2012-09,3종,72451
102,동수원,2012-09,4종,22706
102,동수원,2012-09,5종,18129
102,동수원,2012-09,6종,105431
103,수원신갈,2012-09,1종,2353696
103,수원신갈,2012-09,2종,101167
103,수원신갈,2012-09,3종,156399
103,수원신갈,2012-09,4종,35087
103,수원신갈,2012-09,5종,24421
103,수원신갈,2012-09,6종,128777
104,지곡,2012-09,1종,46357
104,지곡,2012-09,2종,2215
104,지곡,2012-09,3종,2282
104,지곡,2012-09,4종,1580
104,지곡,2012-09,5종,1936
104,지곡,2012-09,6종,1809
105,기흥,2012-09,1종,375852
105,기흥,2012-09,2종,30805
105,기흥,2012-09,3종,17172
105,기흥,2012-09,4종,10548
105,기흥,2012-09,5종,9162
105,기흥,2012-09,6종,17898
106,오산,2012-09,1종,1113184
106,오산,2012-09,2종,74982
106,오산,2012-09,3종,74671
106,오산,2012-09,4종,34288
106,오산,2012-09,5종,24965
106,오산,2012-09,6종,67263
107,안성,2012-09,1종,840229
107,안성,2012-09,2종,44064
107,안성,2012-09,3종,58073
107,안성,2012-09,4종,19155
107,안성,2012-09,5종,14119
107,안성,2012-09,6종,51216
108,천안,2012-09,1종,1406502
108,천안,2012-09,2종,63270
108,천안,2012-09,3종,108120
108,천안,2012-09,4종,49547
108,천안,2012-09,5종,44569
108,천안,2012-09,6종,66548
109,계룡,2012-09,1종,146601
109,계룡,2012-09,2종,11370
109,계룡,2012-09,3종,12697
109,계룡,2012-09,4종,9354
109,계룡,2012-09,5종,4723
109,계룡,2012-09,6종,9486
110,독립기념관,2012-09,1종,339432
110,독립기념관,2012-09,2종,24051
110,독립기념관,2012-09,3종,25966
110,독립기념관,2012-09,4종,29380
110,독립기념관,2012-09,5종,20372
110,독립기념관,2012-09,6종,13252
111,청주,2012-09,1종,467190
111,청주,2012-09,2종,21914
111,청주,2012-09,3종,46990
111,청주,2012-09,4종,13348
111,청주,2012-09,5종,18693
111,청주,2012-09,6종,22938
112,남청주,2012-09,1종,514496
112,남청주,2012-09,2종,46966
112,남청주,2012-09,3종,40516
112,남청주,2012-09,4종,47746
112,남청주,2012-09,5종,40598
112,남청주,2012-09,6종,22396
113,신탄진,2012-09,1종,747682
113,신탄진,2012-09,2종,50445
113,신탄진,2012-09,3종,31037
113,신탄진,2012-09,4종,50677
113,신탄진,2012-09,5종,45633
113,신탄진,2012-09,6종,37771
114,남대전,2012-09,1종,289788
114,남대전,2012-09,2종,13324
114,남대전,2012-09,3종,8089
114,남대전,2012-09,4종,5367
114,남대전,2012-09,5종,6195
114,남대전,2012-09,6종,14525
115,대전,2012-09,1종,1287849
115,대전,2012-09,2종,42630
115,대전,2012-09,3종,80313
115,대전,2012-09,4종,16126
115,대전,2012-09,5종,14308
115,대전,2012-09,6종,64085
116,옥천,2012-09,1종,383442
116,옥천,2012-09,2종,23024
116,옥천,2012-09,3종,17852
116,옥천,2012-09,4종,34147
116,옥천,2012-09,5종,14600
116,옥천,2012-09,6종,19959
117,금강,2012-09,1종,46297
117,금강,2012-09,2종,1739
117,금강,2012-09,3종,987
117,금강,2012-09,4종,2489
117,금강,2012-09,5종,652
117,금강,2012-09,6종,2423
118,영동,2012-09,1종,107966
118,영동,2012-09,2종,5662
118,영동,2012-09,3종,4675
118,영동,2012-09,4종,2674
118,영동,2012-09,5종,5225
118,영동,2012-09,6종,4975
119,판암,2012-09,1종,462824
119,판암,2012-09,2종,15568
119,판암,2012-09,3종,7696
119,판암,2012-09,4종,6970
119,판암,2012-09,5종,6215
119,판암,2012-09,6종,25818
120,황간,2012-09,1종,110960
120,황간,2012-09,2종,3467
120,황간,2012-09,3종,4736
120,황간,2012-09,4종,5051
120,황간,2012-09,5종,3809
120,황간,2012-09,6종,3870
121,추풍령,2012-09,1종,55137
121,추풍령,2012-09,2종,2520
121,추풍령,2012-09,3종,2423
121,추풍령,2012-09,4종,1516
121,추풍령,2012-09,5종,2013
121,추풍령,2012-09,6종,2120
122,김천,2012-09,1종,277431
122,김천,2012-09,2종,12724
122,김천,2012-09,3종,13668
122,김천,2012-09,4종,13111
122,김천,2012-09,5종,12966
122,김천,2012-09,6종,11730
123,구미,2012-09,1종,738069
123,구미,2012-09,2종,22080
123,구미,2012-09,3종,34173
123,구미,2012-09,4종,17714
123,구미,2012-09,5종,13374
123,구미,2012-09,6종,36805
124,상주,2012-09,1종,176950
124,상주,2012-09,2종,11617
124,상주,2012-09,3종,9448
124,상주,2012-09,4종,12127
124,상주,2012-09,5종,10210
124,상주,2012-09,6종,5604
125,남구미,2012-09,1종,499998
125,남구미,2012-09,2종,23094
125,남구미,2012-09,3종,30990
125,남구미,2012-09,4종,20536
125,남구미,2012-09,5종,42079
125,남구미,2012-09,6종,27021
126,왜관,2012-09,1종,615373
126,왜관,2012-09,2종,48221
126,왜관,2012-09,3종,31490
126,왜관,2012-09,4종,22621
126,왜관,2012-09,5종,37093
126,왜관,2012-09,6종,29000
127,서대구,2012-09,1종,1918996
127,서대구,2012-09,2종,102224
127,서대구,2012-09,3종,99838
127,서대구,2012-09,4종,50582
127,서대구,2012-09,5종,55053
127,서대구,2012-09,6종,85405
129,북대구,2012-09,1종,1727626
129,북대구,2012-09,2종,66187
129,북대구,2012-09,3종,51110
129,북대구,2012-09,4종,22501
129,북대구,2012-09,5종,27335
129,북대구,2012-09,6종,74054
130,동김천,2012-09,1종,7953
130,동김천,2012-09,2종,281
130,동김천,2012-09,3종,301
130,동김천,2012-09,4종,377
130,동김천,2012-09,5종,447
130,동김천,2012-09,6종,253
131,경산,2012-09,1종,832631
131,경산,2012-09,2종,82042
131,경산,2012-09,3종,48092
131,경산,2012-09,4종,42707
131,경산,2012-09,5종,36873
131,경산,2012-09,6종,45216
132,영천,2012-09,1종,414649
132,영천,2012-09,2종,29535
132,영천,2012-09,3종,24285
132,영천,2012-09,4종,19982
132,영천,2012-09,5종,44438
132,영천,2012-09,6종,15192
133,서경주,2012-09,1종,177650
133,서경주,2012-09,2종,9004
133,서경주,2012-09,3종,9608
133,서경주,2012-09,4종,7507
133,서경주,2012-09,5종,25599
133,서경주,2012-09,6종,5730
134,선산,2012-09,1종,110561
134,선산,2012-09,2종,6942
134,선산,2012-09,3종,5335
134,선산,2012-09,4종,7649
134,선산,2012-09,5종,6901
134,선산,2012-09,6종,3985
135,경주,2012-09,1종,852201
135,경주,2012-09,2종,44904
135,경주,2012-09,3종,77280
135,경주,2012-09,4종,37037
135,경주,2012-09,5종,93626
135,경주,2012-09,6종,32156
137,통도사,2012-09,1종,280888
137,통도사,2012-09,2종,22305
137,통도사,2012-09,3종,14971
137,통도사,2012-09,4종,12176
137,통도사,2012-09,5종,16733
137,통도사,2012-09,6종,13857
138,양산,2012-09,1종,673362
138,양산,2012-09,2종,80746
138,양산,2012-09,3종,40977
138,양산,2012-09,4종,46509
138,양산,2012-09,5종,54590
138,양산,2012-09,6종,37532
139,서울산,2012-09,1종,432110
139,서울산,2012-09,2종,26669
139,서울산,2012-09,3종,28927
139,서울산,2012-09,4종,11903
139,서울산,2012-09,5종,23940
139,서울산,2012-09,6종,22081
140,부산,2012-09,1종,1544589
140,부산,2012-09,2종,66237
140,부산,2012-09,3종,47578
140,부산,2012-09,4종,34000
140,부산,2012-09,5종,61860
140,부산,2012-09,6종,85015
142,군북,2012-09,1종,344937
142,군북,2012-09,2종,12525
142,군북,2012-09,3종,11222
142,군북,2012-09,4종,8030
142,군북,2012-09,5종,17614
142,군북,2012-09,6종,19340
143,장지,2012-09,1종,108312
143,장지,2012-09,2종,6228
143,장지,2012-09,3종,3932
143,장지,2012-09,4종,3833
143,장지,2012-09,5종,15335
143,장지,2012-09,6종,6612
144,함안,2012-09,1종,265070
144,함안,2012-09,2종,14431
144,함안,2012-09,3종,8041
144,함안,2012-09,4종,7972
144,함안,2012-09,5종,14840
144,함안,2012-09,6종,16285
145,산인,2012-09,1종,745684
145,산인,2012-09,2종,20946
145,산인,2012-09,3종,31037
145,산인,2012-09,4종,12808
145,산인,2012-09,5종,22778
145,산인,2012-09,6종,40800
146,동창원,2012-09,1종,579470
146,동창원,2012-09,2종,33295
146,동창원,2012-09,3종,17651
146,동창원,2012-09,4종,15525
146,동창원,2012-09,5종,25613
146,동창원,2012-09,6종,37733
147,진례,2012-09,1종,451582
147,진례,2012-09,2종,38213
147,진례,2012-09,3종,18098
147,진례,2012-09,4종,16048
147,진례,2012-09,5종,20126
147,진례,2012-09,6종,30233
148,서김해,2012-09,1종,628221
148,서김해,2012-09,2종,23707
148,서김해,2012-09,3종,16106
148,서김해,2012-09,4종,9774
148,서김해,2012-09,5종,14323
148,서김해,2012-09,6종,43532
149,동김해,2012-09,1종,1138397
149,동김해,2012-09,2종,39054
149,동김해,2012-09,3종,24506
149,동김해,2012-09,4종,12281
149,동김해,2012-09,5종,12727
149,동김해,2012-09,6종,89698
150,북부산,2012-09,1종,2357171
150,북부산,2012-09,2종,74891
150,북부산,2012-09,3종,66056
150,북부산,2012-09,4종,38942
150,북부산,2012-09,5종,80299
150,북부산,2012-09,6종,151991
151,북대전,2012-09,1종,657288
151,북대전,2012-09,2종,18370
151,북대전,2012-09,3종,29139
151,북대전,2012-09,4종,17836
151,북대전,2012-09,5종,15775
151,북대전,2012-09,6종,37237
152,유성,2012-09,1종,1019453
152,유성,2012-09,2종,26028
152,유성,2012-09,3종,35288
152,유성,2012-09,4종,17726
152,유성,2012-09,5종,11853
152,유성,2012-09,6종,44368
153,서대전,2012-09,1종,629875
153,서대전,2012-09,2종,21293
153,서대전,2012-09,3종,16930
153,서대전,2012-09,4종,18847
153,서대전,2012-09,5종,12426
153,서대전,2012-09,6종,34234
154,안영,2012-09,1종,429991
154,안영,2012-09,2종,15917
154,안영,2012-09,3종,9703
154,안영,2012-09,4종,11052
154,안영,2012-09,5종,7498
154,안영,2012-09,6종,20532
155,논산,2012-09,1종,219889
155,논산,2012-09,2종,17600
155,논산,2012-09,3종,17529
155,논산,2012-09,4종,11400
155,논산,2012-09,5종,10901
155,논산,2012-09,6종,8141
156,익산,2012-09,1종,278575
156,익산,2012-09,2종,22194
156,익산,2012-09,3종,28785
156,익산,2012-09,4종,16902
156,익산,2012-09,5종,25719
156,익산,2012-09,6종,8712
157,삼례,2012-09,1종,115368
157,삼례,2012-09,2종,8713
157,삼례,2012-09,3종,7229
157,삼례,2012-09,4종,5198
157,삼례,2012-09,5종,10132
157,삼례,2012-09,6종,3425
158,전주,2012-09,1종,425021
158,전주,2012-09,2종,22539
158,전주,2012-09,3종,46232
158,전주,2012-09,4종,17922
158,전주,2012-09,5종,38253
158,전주,2012-09,6종,13398
159,서전주,2012-09,1종,228507
159,서전주,2012-09,2종,13710
159,서전주,2012-09,3종,11263
159,서전주,2012-09,4종,7682
159,서전주,2012-09,5종,7300
159,서전주,2012-09,6종,6790
160,김제,2012-09,1종,111178
160,김제,2012-09,2종,6810
160,김제,2012-09,3종,6863
160,김제,2012-09,4종,3388
160,김제,2012-09,5종,5269
160,김제,2012-09,6종,3288
161,금산사,2012-09,1종,42023
161,금산사,2012-09,2종,3071
161,금산사,2012-09,3종,1846
161,금산사,2012-09,4종,2070
161,금산사,2012-09,5종,2104
161,금산사,2012-09,6종,1332
162,태인,2012-09,1종,87732
162,태인,2012-09,2종,6600
162,태인,2012-09,3종,6169
162,태인,2012-09,4종,3201
162,태인,2012-09,5종,4408
162,태인,2012-09,6종,2676
163,정읍,2012-09,1종,258376
163,정읍,2012-09,2종,19502
163,정읍,2012-09,3종,21216
163,정읍,2012-09,4종,9097
163,정읍,2012-09,5종,10619
163,정읍,2012-09,6종,7853
164,무주,2012-09,1종,175126
164,무주,2012-09,2종,4739
164,무주,2012-09,3종,5023
164,무주,2012-09,4종,2674
164,무주,2012-09,5종,2515
164,무주,2012-09,6종,5781
165,백양사,2012-09,1종,70482
165,백양사,2012-09,2종,2399
165,백양사,2012-09,3종,3540
165,백양사,2012-09,4종,1408
165,백양사,2012-09,5종,4271
165,백양사,2012-09,6종,1974
166,장성,2012-09,1종,140818
166,장성,2012-09,2종,9590
166,장성,2012-09,3종,8711
166,장성,2012-09,4종,5059
166,장성,2012-09,5종,10082
166,장성,2012-09,6종,4844
167,광주,2012-09,1종,964901
167,광주,2012-09,2종,47748
167,광주,2012-09,3종,81608
167,광주,2012-09,4종,42817
167,광주,2012-09,5종,31946
167,광주,2012-09,6종,28389
168,덕유산,2012-09,1종,61338
168,덕유산,2012-09,2종,1624
168,덕유산,2012-09,3종,1265
168,덕유산,2012-09,4종,644
168,덕유산,2012-09,5종,1247
168,덕유산,2012-09,6종,1754
169,장수,2012-09,1종,140865
169,장수,2012-09,2종,5285
169,장수,2012-09,3종,4828
169,장수,2012-09,4종,2251
169,장수,2012-09,5종,3937
169,장수,2012-09,6종,4202
170,서상,2012-09,1종,57933
170,서상,2012-09,2종,2914
170,서상,2012-09,3종,4714
170,서상,2012-09,4종,3061
170,서상,2012-09,5종,3328
170,서상,2012-09,6종,2137
171,마성,2012-09,1종,339672
171,마성,2012-09,2종,6212
171,마성,2012-09,3종,22529
171,마성,2012-09,4종,1393
171,마성,2012-09,5종,1217
171,마성,2012-09,6종,18643
172,용인,2012-09,1종,810212
172,용인,2012-09,2종,62964
172,용인,2012-09,3종,35181
172,용인,2012-09,4종,20672
172,용인,2012-09,5종,11616
172,용인,2012-09,6종,53701
173,양지,2012-09,1종,804955
173,양지,2012-09,2종,93664
173,양지,2012-09,3종,56468
173,양지,2012-09,4종,50523
173,양지,2012-09,5종,38268
173,양지,2012-09,6종,43555
174,춘천,2012-09,1종,720059
174,춘천,2012-09,2종,20746
174,춘천,2012-09,3종,26279
174,춘천,2012-09,4종,9325
174,춘천,2012-09,5종,7625
174,춘천,2012-09,6종,42297
175,덕평,2012-09,1종,238790
175,덕평,2012-09,2종,40869
175,덕평,2012-09,3종,22383
175,덕평,2012-09,4종,17322
175,덕평,2012-09,5종,9072
175,덕평,2012-09,6종,13085
176,이천,2012-09,1종,585352
176,이천,2012-09,2종,44216
176,이천,2012-09,3종,46634
176,이천,2012-09,4종,38499
176,이천,2012-09,5종,33037
176,이천,2012-09,6종,26720
177,여주,2012-09,1종,468103
177,여주,2012-09,2종,26197
177,여주,2012-09,3종,46891
177,여주,2012-09,4종,23896
177,여주,2012-09,5종,12203
177,여주,2012-09,6종,18582
178,문막,2012-09,1종,349799
178,문막,2012-09,2종,23777
178,문막,2012-09,3종,31026
178,문막,2012-09,4종,11764
178,문막,2012-09,5종,16384
178,문막,2012-09,6종,14618
179,홍천,2012-09,1종,297063
179,홍천,2012-09,2종,10952
179,홍천,2012-09,3종,14649
179,홍천,2012-09,4종,8802
179,홍천,2012-09,5종,6046
179,홍천,2012-09,6종,18742
180,원주,2012-09,1종,252883
180,원주,2012-09,2종,16315
180,원주,2012-09,3종,17136
180,원주,2012-09,4종,8733
180,원주,2012-09,5종,8228
180,원주,2012-09,6종,12344
181,새말,2012-09,1종,215155
181,새말,2012-09,2종,9053
181,새말,2012-09,3종,11056
181,새말,2012-09,4종,3990
181,새말,2012-09,5종,4935
181,새말,2012-09,6종,7985
182,둔내,2012-09,1종,106848
182,둔내,2012-09,2종,4496
182,둔내,2012-09,3종,5053
182,둔내,2012-09,4종,2736
182,둔내,2012-09,5종,2298
182,둔내,2012-09,6종,4425
183,면온,2012-09,1종,75328
183,면온,2012-09,2종,1654
183,면온,2012-09,3종,2557
183,면온,2012-09,4종,950
183,면온,2012-09,5종,1893
183,면온,2012-09,6종,2926
184,대관령,2012-09,1종,187137
184,대관령,2012-09,2종,7551
184,대관령,2012-09,3종,17756
184,대관령,2012-09,4종,4966
184,대관령,2012-09,5종,2044
184,대관령,2012-09,6종,8184
185,평창,2012-09,1종,172272
185,평창,2012-09,2종,6660
185,평창,2012-09,3종,15195
185,평창,2012-09,4종,3385
185,평창,2012-09,5종,3204
185,평창,2012-09,6종,6937
186,속사,2012-09,1종,38481
186,속사,2012-09,2종,2083
186,속사,2012-09,3종,2426
186,속사,2012-09,4종,1532
186,속사,2012-09,5종,1655
186,속사,2012-09,6종,1321
187,진부,2012-09,1종,133491
187,진부,2012-09,2종,7075
187,진부,2012-09,3종,12554
187,진부,2012-09,4종,4719
187,진부,2012-09,5종,2450
187,진부,2012-09,6종,5657
189,강릉,2012-09,1종,448271
189,강릉,2012-09,2종,14930
189,강릉,2012-09,3종,39091
189,강릉,2012-09,4종,9304
189,강릉,2012-09,5종,8794
189,강릉,2012-09,6종,22665
190,동서울,2012-09,1종,3477496
190,동서울,2012-09,2종,201024
190,동서울,2012-09,3종,217653
190,동서울,2012-09,4종,99307
190,동서울,2012-09,5종,55355
190,동서울,2012-09,6종,152125
191,경기광주,2012-09,1종,800792
191,경기광주,2012-09,2종,47033
191,경기광주,2012-09,3종,32094
191,경기광주,2012-09,4종,12987
191,경기광주,2012-09,5종,5487
191,경기광주,2012-09,6종,51639
192,곤지암,2012-09,1종,769432
192,곤지암,2012-09,2종,71451
192,곤지암,2012-09,3종,37455
192,곤지암,2012-09,4종,31275
192,곤지암,2012-09,5종,19450
192,곤지암,2012-09,6종,40815
193,일죽,2012-09,1종,517715
193,일죽,2012-09,2종,44528
193,일죽,2012-09,3종,32920
193,일죽,2012-09,4종,30783
193,일죽,2012-09,5종,20601
193,일죽,2012-09,6종,20090
194,서이천,2012-09,1종,432361
194,서이천,2012-09,2종,59459
194,서이천,2012-09,3종,43374
194,서이천,2012-09,4종,30697
194,서이천,2012-09,5종,12137
194,서이천,2012-09,6종,22103
195,대소,2012-09,1종,399307
195,대소,2012-09,2종,53820
195,대소,2012-09,3종,41227
195,대소,2012-09,4종,33794
195,대소,2012-09,5종,27236
195,대소,2012-09,6종,16292
196,진천,2012-09,1종,223310
196,진천,2012-09,2종,17804
196,진천,2012-09,3종,15682
196,진천,2012-09,4종,13065
196,진천,2012-09,5종,13615
196,진천,2012-09,6종,8712
197,증평,2012-09,1종,462430
197,증평,2012-09,2종,28931
197,증평,2012-09,3종,28090
197,증평,2012-09,4종,19129
197,증평,2012-09,5종,24022
197,증평,2012-09,6종,18187
198,서청주,2012-09,1종,750011
198,서청주,2012-09,2종,38246
198,서청주,2012-09,3종,38917
198,서청주,2012-09,4종,28935
198,서청주,2012-09,5종,20875
198,서청주,2012-09,6종,36144
199,오창,2012-09,1종,475324
199,오창,2012-09,2종,24994
199,오창,2012-09,3종,25850
199,오창,2012-09,4종,15281
199,오창,2012-09,5종,15296
199,오창,2012-09,6종,22530
200,금산,2012-09,1종,189900
200,금산,2012-09,2종,4884
200,금산,2012-09,3종,7807
200,금산,2012-09,4종,4228
200,금산,2012-09,5종,6310
200,금산,2012-09,6종,7348
201,칠곡,2012-09,1종,622305
201,칠곡,2012-09,2종,24987
201,칠곡,2012-09,3종,22734
201,칠곡,2012-09,4종,8737
201,칠곡,2012-09,5종,12309
201,칠곡,2012-09,6종,31007
202,다부,2012-09,1종,128195
202,다부,2012-09,2종,7961
202,다부,2012-09,3종,4500
202,다부,2012-09,4종,2256
202,다부,2012-09,5종,5436
202,다부,2012-09,6종,4797
203,가산,2012-09,1종,521865
203,가산,2012-09,2종,23082
203,가산,2012-09,3종,18167
203,가산,2012-09,4종,12091
203,가산,2012-09,5종,23545
203,가산,2012-09,6종,21770
204,추부,2012-09,1종,187574
204,추부,2012-09,2종,9527
204,추부,2012-09,3종,8531
204,추부,2012-09,4종,3571
204,추부,2012-09,5종,4413
204,추부,2012-09,6종,9430
205,군위,2012-09,1종,161177
205,군위,2012-09,2종,6912
205,군위,2012-09,3종,3871
205,군위,2012-09,4종,2302
205,군위,2012-09,5종,8409
205,군위,2012-09,6종,6557
206,의성,2012-09,1종,206584
206,의성,2012-09,2종,5262
206,의성,2012-09,3종,4133
206,의성,2012-09,4종,1657
206,의성,2012-09,5종,3359
206,의성,2012-09,6종,6572
207,남안동,2012-09,1종,292446
207,남안동,2012-09,2종,9787
207,남안동,2012-09,3종,6531
207,남안동,2012-09,4종,3688
207,남안동,2012-09,5종,4455
207,남안동,2012-09,6종,9851
208,서안동,2012-09,1종,224769
208,서안동,2012-09,2종,7362
208,서안동,2012-09,3종,16096
208,서안동,2012-09,4종,3373
208,서안동,2012-09,5종,5306
208,서안동,2012-09,6종,7265
209,예천,2012-09,1종,36246
209,예천,2012-09,2종,638
209,예천,2012-09,3종,432
209,예천,2012-09,4종,190
209,예천,2012-09,5종,827
209,예천,2012-09,6종,1210
210,영주,2012-09,1종,157839
210,영주,2012-09,2종,6091
210,영주,2012-09,3종,7550
210,영주,2012-09,4종,3657
210,영주,2012-09,5종,9841
210,영주,2012-09,6종,5222
211,풍기,2012-09,1종,231156
211,풍기,2012-09,2종,7141
211,풍기,2012-09,3종,14173
211,풍기,2012-09,4종,4339
211,풍기,2012-09,5종,7841
211,풍기,2012-09,6종,7699
212,북수원,2012-09,1종,1200894
212,북수원,2012-09,2종,47237
212,북수원,2012-09,3종,54921
212,북수원,2012-09,4종,32674
212,북수원,2012-09,5종,17054
212,북수원,2012-09,6종,64797
213,부곡,2012-09,1종,369192
213,부곡,2012-09,2종,11435
213,부곡,2012-09,3종,9005
213,부곡,2012-09,4종,11222
213,부곡,2012-09,5종,64071
213,부곡,2012-09,6종,24487
214,동군포,2012-09,1종,155260
214,동군포,2012-09,2종,10835
214,동군포,2012-09,3종,7579
214,동군포,2012-09,4종,13938
214,동군포,2012-09,5종,8391
214,동군포,2012-09,6종,10407
215,군포,2012-09,1종,1056102
215,군포,2012-09,2종,63021
215,군포,2012-09,3종,44659
215,군포,2012-09,4종,23665
215,군포,2012-09,5종,29749
215,군포,2012-09,6종,76856
216,횡성,2012-09,1종,197797
216,횡성,2012-09,2종,7617
216,횡성,2012-09,3종,8883
216,횡성,2012-09,4종,4006
216,횡성,2012-09,5종,6973
216,횡성,2012-09,6종,9014
217,북원주,2012-09,1종,78474
217,북원주,2012-09,2종,4680
217,북원주,2012-09,3종,3339
217,북원주,2012-09,4종,2209
217,북원주,2012-09,5종,3014
217,북원주,2012-09,6종,4974
218,남원주,2012-09,1종,520707
218,남원주,2012-09,2종,18790
218,남원주,2012-09,3종,28565
218,남원주,2012-09,4종,7376
218,남원주,2012-09,5종,7292
218,남원주,2012-09,6종,25768
219,신림,2012-09,1종,110051
219,신림,2012-09,2종,3064
219,신림,2012-09,3종,3333
219,신림,2012-09,4종,3216
219,신림,2012-09,5종,6712
219,신림,2012-09,6종,4254
221,생초,2012-09,1종,70235
221,생초,2012-09,2종,2919
221,생초,2012-09,3종,2858
221,생초,2012-09,4종,2497
221,생초,2012-09,5종,9219
221,생초,2012-09,6종,2598
222,산청,2012-09,1종,57954
222,산청,2012-09,2종,2155
222,산청,2012-09,3종,2495
222,산청,2012-09,4종,1765
222,산청,2012-09,5종,1959
222,산청,2012-09,6종,2264
223,단성,2012-09,1종,107658
223,단성,2012-09,2종,3070
223,단성,2012-09,3종,5751
223,단성,2012-09,4종,2826
223,단성,2012-09,5종,3607
223,단성,2012-09,6종,4022
224,함양,2012-09,1종,115797
224,함양,2012-09,2종,4649
224,함양,2012-09,3종,7257
224,함양,2012-09,4종,2076
224,함양,2012-09,5종,2680
224,함양,2012-09,6종,4914
225,서진주,2012-09,1종,300129
225,서진주,2012-09,2종,7854
225,서진주,2012-09,3종,5746
225,서진주,2012-09,4종,2572
225,서진주,2012-09,5종,4490
225,서진주,2012-09,6종,18747
227,군산,2012-09,1종,235324
227,군산,2012-09,2종,9242
227,군산,2012-09,3종,16831
227,군산,2012-09,4종,12195
227,군산,2012-09,5종,33009
227,군산,2012-09,6종,7118
228,동군산,2012-09,1종,244177
228,동군산,2012-09,2종,11772
228,동군산,2012-09,3종,13383
228,동군산,2012-09,4종,7703
228,동군산,2012-09,5종,20840
228,동군산,2012-09,6종,6584
229,북천안,2012-09,1종,24299
229,북천안,2012-09,2종,1730
229,북천안,2012-09,3종,1400
229,북천안,2012-09,4종,1719
229,북천안,2012-09,5종,1933
229,북천안,2012-09,6종,1083
230,팔공산,2012-09,1종,584114
230,팔공산,2012-09,2종,22259
230,팔공산,2012-09,3종,12317
230,팔공산,2012-09,4종,10167
230,팔공산,2012-09,5종,12160
230,팔공산,2012-09,6종,26577
231,화원옥포,2012-09,1종,620360
231,화원옥포,2012-09,2종,38117
231,화원옥포,2012-09,3종,19913
231,화원옥포,2012-09,4종,7644
231,화원옥포,2012-09,5종,15355
231,화원옥포,2012-09,6종,30967
232,달성,2012-09,1종,358637
232,달성,2012-09,2종,22578
232,달성,2012-09,3종,21072
232,달성,2012-09,4종,6181
232,달성,2012-09,5종,5899
232,달성,2012-09,6종,24060
233,현풍,2012-09,1종,407066
233,현풍,2012-09,2종,34960
233,현풍,2012-09,3종,21625
233,현풍,2012-09,4종,15449
233,현풍,2012-09,5종,33164
233,현풍,2012-09,6종,19301
234,서천,2012-09,1종,122787
234,서천,2012-09,2종,5152
234,서천,2012-09,3종,5098
234,서천,2012-09,4종,6283
234,서천,2012-09,5종,7857
234,서천,2012-09,6종,4235
235,창녕,2012-09,1종,179449
235,창녕,2012-09,2종,7739
235,창녕,2012-09,3종,8786
235,창녕,2012-09,4종,3007
235,창녕,2012-09,5종,7211
235,창녕,2012-09,6종,7905
236,영산,2012-09,1종,160696
236,영산,2012-09,2종,9418
236,영산,2012-09,3종,9288
236,영산,2012-09,4종,5479
236,영산,2012-09,5종,7210
236,영산,2012-09,6종,6630
237,남지,2012-09,1종,138545
237,남지,2012-09,2종,8225
237,남지,2012-09,3종,11176
237,남지,2012-09,4종,7800
237,남지,2012-09,5종,13754
237,남지,2012-09,6종,8903
238,칠서,2012-09,1종,225302
238,칠서,2012-09,2종,27093
238,칠서,2012-09,3종,13888
238,칠서,2012-09,4종,18511
238,칠서,2012-09,5종,35635
238,칠서,2012-09,6종,14406
239,칠원,2012-09,1종,551749
239,칠원,2012-09,2종,27088
239,칠원,2012-09,3종,42020
239,칠원,2012-09,4종,28571
239,칠원,2012-09,5종,33285
239,칠원,2012-09,6종,27154
240,제천,2012-09,1종,476343
240,제천,2012-09,2종,14788
240,제천,2012-09,3종,25255
240,제천,2012-09,4종,8833
240,제천,2012-09,5종,16919
240,제천,2012-09,6종,20261
241,동고령,2012-09,1종,278914
241,동고령,2012-09,2종,18838
241,동고령,2012-09,3종,14576
241,동고령,2012-09,4종,10266
241,동고령,2012-09,5종,15578
241,동고령,2012-09,6종,11641
242,고령,2012-09,1종,202534
242,고령,2012-09,2종,10742
242,고령,2012-09,3종,9036
242,고령,2012-09,4종,5041
242,고령,2012-09,5종,11797
242,고령,2012-09,6종,7631
243,해인사,2012-09,1종,108164
243,해인사,2012-09,2종,3321
243,해인사,2012-09,3종,2979
243,해인사,2012-09,4종,791
243,해인사,2012-09,5종,1945
243,해인사,2012-09,6종,4623
244,서부산,2012-09,1종,2006756
244,서부산,2012-09,2종,76812
244,서부산,2012-09,3종,92103
244,서부산,2012-09,4종,51672
244,서부산,2012-09,5종,172580
244,서부산,2012-09,6종,125052
245,장유,2012-09,1종,1271338
245,장유,2012-09,2종,43543
245,장유,2012-09,3종,44539
245,장유,2012-09,4종,19508
245,장유,2012-09,5종,26341
245,장유,2012-09,6종,93888
246,가락,2012-09,1종,700734
246,가락,2012-09,2종,35314
246,가락,2012-09,3종,26546
246,가락,2012-09,4종,38447
246,가락,2012-09,5종,170452
246,가락,2012-09,6종,46558
247,남원,2012-09,1종,144704
247,남원,2012-09,2종,6970
247,남원,2012-09,3종,7676
247,남원,2012-09,4종,2403
247,남원,2012-09,5종,15002
247,남원,2012-09,6종,5292
248,순창,2012-09,1종,127392
248,순창,2012-09,2종,4293
248,순창,2012-09,3종,3559
248,순창,2012-09,4종,2135
248,순창,2012-09,5종,4496
248,순창,2012-09,6종,4225
249,담양,2012-09,1종,156834
249,담양,2012-09,2종,4909
249,담양,2012-09,3종,13137
249,담양,2012-09,4종,2524
249,담양,2012-09,5종,4427
249,담양,2012-09,6종,5208
250,남양산,2012-09,1종,925980
250,남양산,2012-09,2종,50615
250,남양산,2012-09,3종,36002
250,남양산,2012-09,4종,22853
250,남양산,2012-09,5종,29399
250,남양산,2012-09,6종,67444
251,물금,2012-09,1종,407822
251,물금,2012-09,2종,42137
251,물금,2012-09,3종,19366
251,물금,2012-09,4종,34032
251,물금,2012-09,5종,62159
251,물금,2012-09,6종,28188
252,대동,2012-09,1종,2302005
252,대동,2012-09,2종,183614
252,대동,2012-09,3종,108769
252,대동,2012-09,4종,102733
252,대동,2012-09,5종,273043
252,대동,2012-09,6종,119139
253,서서울,2012-09,1종,4775066
253,서서울,2012-09,2종,214908
253,서서울,2012-09,3종,145313
253,서서울,2012-09,4종,114984
253,서서울,2012-09,5종,114145
253,서서울,2012-09,6종,278132
254,군자,2012-09,1종,2985646
254,군자,2012-09,2종,173666
254,군자,2012-09,3종,161366
254,군자,2012-09,4종,119975
254,군자,2012-09,5종,249396
254,군자,2012-09,6종,195754
255,서안산,2012-09,1종,1843550
255,서안산,2012-09,2종,135360
255,서안산,2012-09,3종,67795
255,서안산,2012-09,4종,65203
255,서안산,2012-09,5종,87673
255,서안산,2012-09,6종,147854
256,안산,2012-09,1종,931252
256,안산,2012-09,2종,26117
256,안산,2012-09,3종,20404
256,안산,2012-09,4종,5655
256,안산,2012-09,5종,7145
256,안산,2012-09,6종,66180
257,홍성,2012-09,1종,239061
257,홍성,2012-09,2종,7291
257,홍성,2012-09,3종,8625
257,홍성,2012-09,4종,3671
257,홍성,2012-09,5종,4546
257,홍성,2012-09,6종,7914
258,광천,2012-09,1종,139658
258,광천,2012-09,2종,7430
258,광천,2012-09,3종,7235
258,광천,2012-09,4종,5692
258,광천,2012-09,5종,10544
258,광천,2012-09,6종,4633
259,대천,2012-09,1종,212566
259,대천,2012-09,2종,8333
259,대천,2012-09,3종,10800
259,대천,2012-09,4종,3401
259,대천,2012-09,5종,3452
259,대천,2012-09,6종,7697
260,춘장대,2012-09,1종,72866
260,춘장대,2012-09,2종,2291
260,춘장대,2012-09,3종,1988
260,춘장대,2012-09,4종,1552
260,춘장대,2012-09,5종,2886
260,춘장대,2012-09,6종,1839
261,동광주,2012-09,1종,1049928
261,동광주,2012-09,2종,39898
261,동광주,2012-09,3종,59257
261,동광주,2012-09,4종,25251
261,동광주,2012-09,5종,56307
261,동광주,2012-09,6종,34030
262,창평,2012-09,1종,96366
262,창평,2012-09,2종,6150
262,창평,2012-09,3종,3158
262,창평,2012-09,4종,2748
262,창평,2012-09,5종,1957
262,창평,2012-09,6종,2922
263,옥과,2012-09,1종,208300
263,옥과,2012-09,2종,5391
263,옥과,2012-09,3종,9143
263,옥과,2012-09,4종,3855
263,옥과,2012-09,5종,3911
263,옥과,2012-09,6종,9621
264,동남원,2012-09,1종,55227
264,동남원,2012-09,2종,2473
264,동남원,2012-09,3종,2324
264,동남원,2012-09,4종,1039
264,동남원,2012-09,5종,1417
264,동남원,2012-09,6종,2106
265,곡성,2012-09,1종,155731
265,곡성,2012-09,2종,5946
265,곡성,2012-09,3종,5416
265,곡성,2012-09,4종,2511
265,곡성,2012-09,5종,7860
265,곡성,2012-09,6종,6138
266,석곡,2012-09,1종,55470
266,석곡,2012-09,2종,1725
266,석곡,2012-09,3종,1724
266,석곡,2012-09,4종,553
266,석곡,2012-09,5종,1294
266,석곡,2012-09,6종,1686
267,주암송광사,2012-09,1종,137919
267,주암송광사,2012-09,2종,4566
267,주암송광사,2012-09,3종,2811
267,주암송광사,2012-09,4종,2960
267,주암송광사,2012-09,5종,5014
267,주암송광사,2012-09,6종,4198
268,승주,2012-09,1종,64358
268,승주,2012-09,2종,1476
268,승주,2012-09,3종,1249
268,승주,2012-09,4종,771
268,승주,2012-09,5종,1076
268,승주,2012-09,6종,2810
269,지리산,2012-09,1종,57032
269,지리산,2012-09,2종,2469
269,지리산,2012-09,3종,2962
269,지리산,2012-09,4종,1766
269,지리산,2012-09,5종,867
269,지리산,2012-09,6종,1615
270,서순천,2012-09,1종,159099
270,서순천,2012-09,2종,6235
270,서순천,2012-09,3종,9659
270,서순천,2012-09,4종,2182
270,서순천,2012-09,5종,3827
270,서순천,2012-09,6종,5583
271,순천,2012-09,1종,555488
271,순천,2012-09,2종,17477
271,순천,2012-09,3종,17064
271,순천,2012-09,4종,10512
271,순천,2012-09,5종,39790
271,순천,2012-09,6종,17837
272,광양,2012-09,1종,305124
272,광양,2012-09,2종,14315
272,광양,2012-09,3종,23327
272,광양,2012-09,4종,19234
272,광양,2012-09,5종,73674
272,광양,2012-09,6종,9205
273,동광양,2012-09,1종,126065
273,동광양,2012-09,2종,3039
273,동광양,2012-09,3종,2929
273,동광양,2012-09,4종,2686
273,동광양,2012-09,5종,19019
273,동광양,2012-09,6종,5346
274,가조,2012-09,1종,66120
274,가조,2012-09,2종,2233
274,가조,2012-09,3종,3153
274,가조,2012-09,4종,1031
274,가조,2012-09,5종,1023
274,가조,2012-09,6종,3656
275,옥곡,2012-09,1종,118131
275,옥곡,2012-09,2종,2891
275,옥곡,2012-09,3종,4010
275,옥곡,2012-09,4종,2095
275,옥곡,2012-09,5종,8416
275,옥곡,2012-09,6종,5461
276,진월,2012-09,1종,80709
276,진월,2012-09,2종,2574
276,진월,2012-09,3종,2006
276,진월,2012-09,4종,5405
276,진월,2012-09,5종,37685
276,진월,2012-09,6종,2642
277,하동,2012-09,1종,188579
277,하동,2012-09,2종,5356
277,하동,2012-09,3종,6768
277,하동,2012-09,4종,8341
277,하동,2012-09,5종,35381
277,하동,2012-09,6종,8122
278,진교,2012-09,1종,182923
278,진교,2012-09,2종,5516
278,진교,2012-09,3종,12924
278,진교,2012-09,4종,1179
278,진교,2012-09,5종,2802
278,진교,2012-09,6종,10125
279,곤양,2012-09,1종,126627
279,곤양,2012-09,2종,4745
279,곤양,2012-09,3종,6426
279,곤양,2012-09,4종,3043
279,곤양,2012-09,5종,9066
279,곤양,2012-09,6종,5850
280,거창,2012-09,1종,181586
280,거창,2012-09,2종,9466
280,거창,2012-09,3종,14819
280,거창,2012-09,4종,2967
280,거창,2012-09,5종,3530
280,거창,2012-09,6종,8582
281,매송,2012-09,1종,515412
281,매송,2012-09,2종,34253
281,매송,2012-09,3종,26419
281,매송,2012-09,4종,16369
281,매송,2012-09,5종,23217
281,매송,2012-09,6종,27086
282,비봉,2012-09,1종,860607
282,비봉,2012-09,2종,57713
282,비봉,2012-09,3종,39319
282,비봉,2012-09,4종,26143
282,비봉,2012-09,5종,42659
282,비봉,2012-09,6종,47482
283,발안,2012-09,1종,479695
283,발안,2012-09,2종,38468
283,발안,2012-09,3종,21369
283,발안,2012-09,4종,18742
283,발안,2012-09,5종,24939
283,발안,2012-09,6종,26632
284,남양양,2012-09,1종,44330
284,남양양,2012-09,2종,1280
284,남양양,2012-09,3종,2060
284,남양양,2012-09,4종,663
284,남양양,2012-09,5종,777
284,남양양,2012-09,6종,1552
285,서평택,2012-09,1종,629952
285,서평택,2012-09,2종,47267
285,서평택,2012-09,3종,45422
285,서평택,2012-09,4종,63255
285,서평택,2012-09,5종,113045
285,서평택,2012-09,6종,31516
286,통도사휴게소,2012-09,1종,24359
286,통도사휴게소,2012-09,2종,200
286,통도사휴게소,2012-09,3종,1661
286,통도사휴게소,2012-09,4종,0
286,통도사휴게소,2012-09,5종,0
286,통도사휴게소,2012-09,6종,908
287,송악,2012-09,1종,497744
287,송악,2012-09,2종,24709
287,송악,2012-09,3종,18951
287,송악,2012-09,4종,20819
287,송악,2012-09,5종,105840
287,송악,2012-09,6종,20522
288,당진,2012-09,1종,412768
288,당진,2012-09,2종,19204
288,당진,2012-09,3종,20969
288,당진,2012-09,4종,13129
288,당진,2012-09,5종,44726
288,당진,2012-09,6종,16727
289,마산,2012-09,1종,947453
289,마산,2012-09,2종,38598
289,마산,2012-09,3종,42729
289,마산,2012-09,4종,16394
289,마산,2012-09,5종,21774
289,마산,2012-09,6종,60922
290,축동,2012-09,1종,47623
290,축동,2012-09,2종,2888
290,축동,2012-09,3종,1225
290,축동,2012-09,4종,1790
290,축동,2012-09,5종,9107
290,축동,2012-09,6종,2234
291,사천,2012-09,1종,633119
291,사천,2012-09,2종,28363
291,사천,2012-09,3종,24541
291,사천,2012-09,4종,14334
291,사천,2012-09,5종,26113
291,사천,2012-09,6종,39057
292,진주,2012-09,1종,644685
292,진주,2012-09,2종,25195
292,진주,2012-09,3종,47492
292,진주,2012-09,4종,11599
292,진주,2012-09,5종,31753
292,진주,2012-09,6종,41934
293,문산,2012-09,1종,275915
293,문산,2012-09,2종,11449
293,문산,2012-09,3종,6388
293,문산,2012-09,4종,4813
293,문산,2012-09,5종,14341
293,문산,2012-09,6종,16386
294,북창원,2012-09,1종,195823
294,북창원,2012-09,2종,9491
294,북창원,2012-09,3종,4986
294,북창원,2012-09,4종,7445
294,북창원,2012-09,5종,7432
294,북창원,2012-09,6종,9255
295,진성,2012-09,1종,144402
295,진성,2012-09,2종,9108
295,진성,2012-09,3종,5089
295,진성,2012-09,4종,4158
295,진성,2012-09,5종,10938
295,진성,2012-09,6종,6534
296,지수,2012-09,1종,51779
296,지수,2012-09,2종,2993
296,지수,2012-09,3종,1603
296,지수,2012-09,4종,1247
296,지수,2012-09,5종,4795
296,지수,2012-09,6종,3338
298,서산,2012-09,1종,491076
298,서산,2012-09,2종,19669
298,서산,2012-09,3종,29367
298,서산,2012-09,4종,21325
298,서산,2012-09,5종,34122
298,서산,2012-09,6종,17768
299,해미,2012-09,1종,140901
299,해미,2012-09,2종,6580
299,해미,2012-09,3종,6859
299,해미,2012-09,4종,4195
299,해미,2012-09,5종,8357
299,해미,2012-09,6종,5320
501,서김제,2012-09,1종,66718
501,서김제,2012-09,2종,3367
501,서김제,2012-09,3종,3116
501,서김제,2012-09,4종,1766
501,서김제,2012-09,5종,2786
501,서김제,2012-09,6종,1806
502,부안,2012-09,1종,105686
502,부안,2012-09,2종,6758
502,부안,2012-09,3종,5880
502,부안,2012-09,4종,1935
502,부안,2012-09,5종,3791
502,부안,2012-09,6종,2809
503,줄포,2012-09,1종,73723
503,줄포,2012-09,2종,3086
503,줄포,2012-09,3종,2887
503,줄포,2012-09,4종,753
503,줄포,2012-09,5종,1566
503,줄포,2012-09,6종,1763
504,선운산,2012-09,1종,118474
504,선운산,2012-09,2종,5263
504,선운산,2012-09,3종,8305
504,선운산,2012-09,4종,5517
504,선운산,2012-09,5종,5335
504,선운산,2012-09,6종,3031
505,고창,2012-09,1종,97215
505,고창,2012-09,2종,3901
505,고창,2012-09,3종,3530
505,고창,2012-09,4종,1112
505,고창,2012-09,5종,1143
505,고창,2012-09,6종,2886
506,영광,2012-09,1종,103746
506,영광,2012-09,2종,3943
506,영광,2012-09,3종,6616
506,영광,2012-09,4종,2119
506,영광,2012-09,5종,2248
506,영광,2012-09,6종,2515
507,함평,2012-09,1종,72524
507,함평,2012-09,2종,4086
507,함평,2012-09,3종,5027
507,함평,2012-09,4종,2774
507,함평,2012-09,5종,7029
507,함평,2012-09,6종,1949
508,무안,2012-09,1종,187072
508,무안,2012-09,2종,5976
508,무안,2012-09,3종,6243
508,무안,2012-09,4종,3465
508,무안,2012-09,5종,4766
508,무안,2012-09,6종,5454
509,목포,2012-09,1종,748878
509,목포,2012-09,2종,22241
509,목포,2012-09,3종,34757
509,목포,2012-09,4종,20029
509,목포,2012-09,5종,31965
509,목포,2012-09,6종,20581
511,무창포,2012-09,1종,78650
511,무창포,2012-09,2종,4997
511,무창포,2012-09,3종,3820
511,무창포,2012-09,4종,1039
511,무창포,2012-09,5종,1941
511,무창포,2012-09,6종,2387
512,연화산,2012-09,1종,40482
512,연화산,2012-09,2종,1643
512,연화산,2012-09,3종,927
512,연화산,2012-09,4종,688
512,연화산,2012-09,5종,2293
512,연화산,2012-09,6종,2038
513,고성,2012-09,1종,299330
513,고성,2012-09,2종,12901
513,고성,2012-09,3종,13464
513,고성,2012-09,4종,9133
513,고성,2012-09,5종,11357
513,고성,2012-09,6종,14635
514,동고성,2012-09,1종,97197
514,동고성,2012-09,2종,4893
514,동고성,2012-09,3종,4790
514,동고성,2012-09,4종,6941
514,동고성,2012-09,5종,12072
514,동고성,2012-09,6종,6703
515,북통영,2012-09,1종,127554
515,북통영,2012-09,2종,3452
515,북통영,2012-09,3종,9434
515,북통영,2012-09,4종,1495
515,북통영,2012-09,5종,2101
515,북통영,2012-09,6종,6538
516,통영,2012-09,1종,468546
516,통영,2012-09,2종,17549
516,통영,2012-09,3종,19118
516,통영,2012-09,4종,15561
516,통영,2012-09,5종,18087
516,통영,2012-09,6종,23555
518,칠곡물류,2012-09,1종,41397
518,칠곡물류,2012-09,2종,10099
518,칠곡물류,2012-09,3종,3629
518,칠곡물류,2012-09,4종,7444
518,칠곡물류,2012-09,5종,8805
518,칠곡물류,2012-09,6종,1786
519,남대구,2012-09,1종,1361529
519,남대구,2012-09,2종,67779
519,남대구,2012-09,3종,60138
519,남대구,2012-09,4종,21485
519,남대구,2012-09,5종,36516
519,남대구,2012-09,6종,66865
520,평택,2012-09,1종,581439
520,평택,2012-09,2종,33950
520,평택,2012-09,3종,40445
520,평택,2012-09,4종,18403
520,평택,2012-09,5종,25521
520,평택,2012-09,6종,28833
521,단양,2012-09,1종,83705
521,단양,2012-09,2종,2407
521,단양,2012-09,3종,3795
521,단양,2012-09,4종,1061
521,단양,2012-09,5종,7491
521,단양,2012-09,6종,3050
522,북단양,2012-09,1종,92794
522,북단양,2012-09,2종,3119
522,북단양,2012-09,3종,3523
522,북단양,2012-09,4종,5000
522,북단양,2012-09,5종,27315
522,북단양,2012-09,6종,3209
523,남제천,2012-09,1종,79886
523,남제천,2012-09,2종,2273
523,남제천,2012-09,3종,3690
523,남제천,2012-09,4종,1498
523,남제천,2012-09,5종,2337
523,남제천,2012-09,6종,2560
524,청통와촌,2012-09,1종,243062
524,청통와촌,2012-09,2종,12952
524,청통와촌,2012-09,3종,6023
524,청통와촌,2012-09,4종,4025
524,청통와촌,2012-09,5종,4945
524,청통와촌,2012-09,6종,9767
525,북영천,2012-09,1종,225506
525,북영천,2012-09,2종,7312
525,북영천,2012-09,3종,4665
525,북영천,2012-09,4종,3188
525,북영천,2012-09,5종,5708
525,북영천,2012-09,6종,7096
526,서포항,2012-09,1종,115496
526,서포항,2012-09,2종,2510
526,서포항,2012-09,3종,2076
526,서포항,2012-09,4종,867
526,서포항,2012-09,5종,3001
526,서포항,2012-09,6종,5456
527,포항,2012-09,1종,702742
527,포항,2012-09,2종,17761
527,포항,2012-09,3종,27117
527,포항,2012-09,4종,8433
527,포항,2012-09,5종,32336
527,포항,2012-09,6종,26013
528,기흥동탄,2012-09,1종,959364
528,기흥동탄,2012-09,2종,28408
528,기흥동탄,2012-09,3종,69184
528,기흥동탄,2012-09,4종,16813
528,기흥동탄,2012-09,5종,17581
528,기흥동탄,2012-09,6종,56436
529,노포,2012-09,1종,221602
529,노포,2012-09,2종,14875
529,노포,2012-09,3종,38299
529,노포,2012-09,4종,6714
529,노포,2012-09,5종,6703
529,노포,2012-09,6종,11463
530,내장산,2012-09,1종,45605
530,내장산,2012-09,2종,1300
530,내장산,2012-09,3종,795
530,내장산,2012-09,4종,578
530,내장산,2012-09,5종,3869
530,내장산,2012-09,6종,1689
531,문의청남대,2012-09,1종,197079
531,문의청남대,2012-09,2종,7635
531,문의청남대,2012-09,3종,8707
531,문의청남대,2012-09,4종,6636
531,문의청남대,2012-09,5종,9103
531,문의청남대,2012-09,6종,7834
532,회인,2012-09,1종,54450
532,회인,2012-09,2종,1246
532,회인,2012-09,3종,833
532,회인,2012-09,4종,1469
532,회인,2012-09,5종,1083
532,회인,2012-09,6종,2217
533,보은,2012-09,1종,139836
533,보은,2012-09,2종,5301
533,보은,2012-09,3종,4393
533,보은,2012-09,4종,2121
533,보은,2012-09,5종,2683
533,보은,2012-09,6종,5516
534,속리산,2012-09,1종,59761
534,속리산,2012-09,2종,1747
534,속리산,2012-09,3종,1837
534,속리산,2012-09,4종,1098
534,속리산,2012-09,5종,1141
534,속리산,2012-09,6종,2042
535,화서,2012-09,1종,70687
535,화서,2012-09,2종,1829
535,화서,2012-09,3종,2643
535,화서,2012-09,4종,1949
535,화서,2012-09,5종,1673
535,화서,2012-09,6종,2565
536,남상주,2012-09,1종,124525
536,남상주,2012-09,2종,4703
536,남상주,2012-09,3종,7350
536,남상주,2012-09,4종,3935
536,남상주,2012-09,5종,3316
536,남상주,2012-09,6종,5049
537,남김천,2012-09,1종,76020
537,남김천,2012-09,2종,7163
537,남김천,2012-09,3종,3870
537,남김천,2012-09,4종,5382
537,남김천,2012-09,5종,11256
537,남김천,2012-09,6종,2579
538,성주,2012-09,1종,71635
538,성주,2012-09,2종,5901
538,성주,2012-09,3종,4273
538,성주,2012-09,4종,3838
538,성주,2012-09,5종,4411
538,성주,2012-09,6종,2333
539,남성주,2012-09,1종,47476
539,남성주,2012-09,2종,6230
539,남성주,2012-09,3종,2582
539,남성주,2012-09,4종,3942
539,남성주,2012-09,5종,4000
539,남성주,2012-09,6종,1461
540,청북,2012-09,1종,353125
540,청북,2012-09,2종,43979
540,청북,2012-09,3종,27713
540,청북,2012-09,4종,25625
540,청북,2012-09,5종,30746
540,청북,2012-09,6종,17858
541,송탄,2012-09,1종,357573
541,송탄,2012-09,2종,35083
541,송탄,2012-09,3종,25326
541,송탄,2012-09,4종,30568
541,송탄,2012-09,5종,21397
541,송탄,2012-09,6종,16853
542,서안성,2012-09,1종,334528
542,서안성,2012-09,2종,34295
542,서안성,2012-09,3종,28660
542,서안성,2012-09,4종,22274
542,서안성,2012-09,5종,23355
542,서안성,2012-09,6종,14915
543,남안성,2012-09,1종,437723
543,남안성,2012-09,2종,44084
543,남안성,2012-09,3종,30892
543,남안성,2012-09,4종,28034
543,남안성,2012-09,5종,40084
543,남안성,2012-09,6종,22443
544,완주,2012-09,1종,164454
544,완주,2012-09,2종,8008
544,완주,2012-09,3종,7239
544,완주,2012-09,4종,7584
544,완주,2012-09,5종,11705
544,완주,2012-09,6종,5161
545,소양,2012-09,1종,144870
545,소양,2012-09,2종,5364
545,소양,2012-09,3종,7691
545,소양,2012-09,4종,2682
545,소양,2012-09,5종,5747
545,소양,2012-09,6종,4546
546,진안,2012-09,1종,67784
546,진안,2012-09,2종,2410
546,진안,2012-09,3종,2180
546,진안,2012-09,4종,1118
546,진안,2012-09,5종,1305
546,진안,2012-09,6종,2142
547,무안공항,2012-09,1종,34624
547,무안공항,2012-09,2종,1012
547,무안공항,2012-09,3종,1028
547,무안공항,2012-09,4종,383
547,무안공항,2012-09,5종,567
547,무안공항,2012-09,6종,803
548,북무안,2012-09,1종,99516
548,북무안,2012-09,2종,3103
548,북무안,2012-09,3종,2858
548,북무안,2012-09,4종,2050
548,북무안,2012-09,5종,2308
548,북무안,2012-09,6종,2247
549,동함평,2012-09,1종,154118
549,동함평,2012-09,2종,4412
549,동함평,2012-09,3종,4344
549,동함평,2012-09,4종,1932
549,동함평,2012-09,5종,3720
549,동함평,2012-09,6종,6394
550,문평,2012-09,1종,44297
550,문평,2012-09,2종,1380
550,문평,2012-09,3종,1116
550,문평,2012-09,4종,544
550,문평,2012-09,5종,2416
550,문평,2012-09,6종,1473
551,나주,2012-09,1종,70424
551,나주,2012-09,2종,2595
551,나주,2012-09,3종,1561
551,나주,2012-09,4종,870
551,나주,2012-09,5종,1344
551,나주,2012-09,6종,2537
552,서광산,2012-09,1종,44099
552,서광산,2012-09,2종,3064
552,서광산,2012-09,3종,2035
552,서광산,2012-09,4종,942
552,서광산,2012-09,5종,2187
552,서광산,2012-09,6종,1369
553,동광산,2012-09,1종,782378
553,동광산,2012-09,2종,18931
553,동광산,2012-09,3종,23326
553,동광산,2012-09,4종,9060
553,동광산,2012-09,5종,18224
553,동광산,2012-09,6종,25071
554,동홍천,2012-09,1종,387205
554,동홍천,2012-09,2종,5787
554,동홍천,2012-09,3종,17955
554,동홍천,2012-09,4종,3857
554,동홍천,2012-09,5종,2421
554,동홍천,2012-09,6종,14618
555,북진천,2012-09,1종,269330
555,북진천,2012-09,2종,31550
555,북진천,2012-09,3종,30018
555,북진천,2012-09,4종,17996
555,북진천,2012-09,5종,16840
555,북진천,2012-09,6종,11164
556,동순천,2012-09,1종,203386
556,동순천,2012-09,2종,6419
556,동순천,2012-09,3종,11465
556,동순천,2012-09,4종,11500
556,동순천,2012-09,5종,44936
556,동순천,2012-09,6종,5281
557,황전,2012-09,1종,63777
557,황전,2012-09,2종,1687
557,황전,2012-09,3종,1216
557,황전,2012-09,4종,974
557,황전,2012-09,5종,3155
557,황전,2012-09,6종,2246
558,구례화엄사,2012-09,1종,76126
558,구례화엄사,2012-09,2종,2482
558,구례화엄사,2012-09,3종,3816
558,구례화엄사,2012-09,4종,1403
558,구례화엄사,2012-09,5종,6016
558,구례화엄사,2012-09,6종,2046
559,서남원,2012-09,1종,49443
559,서남원,2012-09,2종,2132
559,서남원,2012-09,3종,1917
559,서남원,2012-09,4종,1768
559,서남원,2012-09,5종,4936
559,서남원,2012-09,6종,1515
560,감곡,2012-09,1종,372029
560,감곡,2012-09,2종,18471
560,감곡,2012-09,3종,22566
560,감곡,2012-09,4종,18381
560,감곡,2012-09,5종,31003
560,감곡,2012-09,6종,12235
561,북충주,2012-09,1종,66504
561,북충주,2012-09,2종,2310
561,북충주,2012-09,3종,1624
561,북충주,2012-09,4종,1324
561,북충주,2012-09,5종,2118
561,북충주,2012-09,6종,1805
562,충주,2012-09,1종,253881
562,충주,2012-09,2종,12106
562,충주,2012-09,3종,19118
562,충주,2012-09,4종,12557
562,충주,2012-09,5종,12680
562,충주,2012-09,6종,9273
563,괴산,2012-09,1종,68705
563,괴산,2012-09,2종,2028
563,괴산,2012-09,3종,3093
563,괴산,2012-09,4종,1880
563,괴산,2012-09,5종,5177
563,괴산,2012-09,6종,2217
564,연풍,2012-09,1종,54265
564,연풍,2012-09,2종,3446
564,연풍,2012-09,3종,7567
564,연풍,2012-09,4종,5178
564,연풍,2012-09,5종,6020
564,연풍,2012-09,6종,1394
565,문경새재,2012-09,1종,96065
565,문경새재,2012-09,2종,4413
565,문경새재,2012-09,3종,6284
565,문경새재,2012-09,4종,4191
565,문경새재,2012-09,5종,4510
565,문경새재,2012-09,6종,2814
566,점촌함창,2012-09,1종,162201
566,점촌함창,2012-09,2종,5234
566,점촌함창,2012-09,3종,10064
566,점촌함창,2012-09,4종,4523
566,점촌함창,2012-09,5종,5541
566,점촌함창,2012-09,6종,5186
567,남고창,2012-09,1종,98241
567,남고창,2012-09,2종,3900
567,남고창,2012-09,3종,2301
567,남고창,2012-09,4종,1230
567,남고창,2012-09,5종,1873
567,남고창,2012-09,6종,3747
568,장성물류,2012-09,1종,32281
568,장성물류,2012-09,2종,5292
568,장성물류,2012-09,3종,2191
568,장성물류,2012-09,4종,5161
568,장성물류,2012-09,5종,5476
568,장성물류,2012-09,6종,889
569,북광주,2012-09,1종,229228
569,북광주,2012-09,2종,13481
569,북광주,2012-09,3종,9140
569,북광주,2012-09,4종,12266
569,북광주,2012-09,5종,18042
569,북광주,2012-09,6종,6919
570,북상주,2012-09,1종,148313
570,북상주,2012-09,2종,6241
570,북상주,2012-09,3종,7653
570,북상주,2012-09,4종,4499
570,북상주,2012-09,5종,5851
570,북상주,2012-09,6종,4951
571,면천,2012-09,1종,95137
571,면천,2012-09,2종,3803
571,면천,2012-09,3종,2992
571,면천,2012-09,4종,3114
571,면천,2012-09,5종,5189
571,면천,2012-09,6종,3486
572,고덕,2012-09,1종,96020
572,고덕,2012-09,2종,4314
572,고덕,2012-09,3종,4126
572,고덕,2012-09,4종,2560
572,고덕,2012-09,5종,6058
572,고덕,2012-09,6종,3181
573,예산수덕사,2012-09,1종,295939
573,예산수덕사,2012-09,2종,11485
573,예산수덕사,2012-09,3종,10092
573,예산수덕사,2012-09,4종,8457
573,예산수덕사,2012-09,5종,9843
573,예산수덕사,2012-09,6종,10372
574,신양,2012-09,1종,98504
574,신양,2012-09,2종,3721
574,신양,2012-09,3종,3147
574,신양,2012-09,4종,2495
574,신양,2012-09,5종,3581
574,신양,2012-09,6종,3207
575,유구,2012-09,1종,123867
575,유구,2012-09,2종,6122
575,유구,2012-09,3종,3886
575,유구,2012-09,4종,6404
575,유구,2012-09,5종,8678
575,유구,2012-09,6종,3995
576,마곡사,2012-09,1종,42048
576,마곡사,2012-09,2종,1021
576,마곡사,2012-09,3종,1283
576,마곡사,2012-09,4종,738
576,마곡사,2012-09,5종,592
576,마곡사,2012-09,6종,1509
577,공주,2012-09,1종,172099
577,공주,2012-09,2종,5895
577,공주,2012-09,3종,6060
577,공주,2012-09,4종,2501
577,공주,2012-09,5종,4657
577,공주,2012-09,6종,7017
578,서세종,2012-09,1종,194357
578,서세종,2012-09,2종,11751
578,서세종,2012-09,3종,9819
578,서세종,2012-09,4종,6210
578,서세종,2012-09,5종,11865
578,서세종,2012-09,6종,7506
579,남세종,2012-09,1종,220640
579,남세종,2012-09,2종,7021
579,남세종,2012-09,3종,5126
579,남세종,2012-09,4종,3568
579,남세종,2012-09,5종,7254
579,남세종,2012-09,6종,8758
580,북강릉,2012-09,1종,155903
580,북강릉,2012-09,2종,5376
580,북강릉,2012-09,3종,6304
580,북강릉,2012-09,4종,2021
580,북강릉,2012-09,5종,3231
580,북강릉,2012-09,6종,6663
581,옥계,2012-09,1종,62094
581,옥계,2012-09,2종,2577
581,옥계,2012-09,3종,1749
581,옥계,2012-09,4종,3020
581,옥계,2012-09,5종,9657
581,옥계,2012-09,6종,3634
582,망상,2012-09,1종,104358
582,망상,2012-09,2종,3523
582,망상,2012-09,3종,13457
582,망상,2012-09,4종,1355
582,망상,2012-09,5종,1648
582,망상,2012-09,6종,6109
583,동해,2012-09,1종,306593
583,동해,2012-09,2종,10380
583,동해,2012-09,3종,10682
583,동해,2012-09,4종,7784
583,동해,2012-09,5종,19013
583,동해,2012-09,6종,14247
584,남강릉,2012-09,1종,103199
584,남강릉,2012-09,2종,5657
584,남강릉,2012-09,3종,9256
584,남강릉,2012-09,4종,3437
584,남강릉,2012-09,5종,2676
584,남강릉,2012-09,6종,6365
585,하조대,2012-09,1종,185219
585,하조대,2012-09,2종,6446
585,하조대,2012-09,3종,10632
585,하조대,2012-09,4종,3869
585,하조대,2012-09,5종,5213
585,하조대,2012-09,6종,7211
586,북남원,2012-09,1종,26173
586,북남원,2012-09,2종,855
586,북남원,2012-09,3종,435
586,북남원,2012-09,4종,167
586,북남원,2012-09,5종,2644
586,북남원,2012-09,6종,620
587,오수,2012-09,1종,142890
587,오수,2012-09,2종,4926
587,오수,2012-09,3종,6788
587,오수,2012-09,4종,3423
587,오수,2012-09,5종,6579
587,오수,2012-09,6종,4338
588,임실,2012-09,1종,52253
588,임실,2012-09,2종,1965
588,임실,2012-09,3종,1946
588,임실,2012-09,4종,1192
588,임실,2012-09,5종,3437
588,임실,2012-09,6종,1423
589,상관,2012-09,1종,132533
589,상관,2012-09,2종,5145
589,상관,2012-09,3종,6371
589,상관,2012-09,4종,4373
589,상관,2012-09,5종,26817
589,상관,2012-09,6종,3609
590,동전주,2012-09,1종,141774
590,동전주,2012-09,2종,3431
590,동전주,2012-09,3종,3230
590,동전주,2012-09,4종,1747
590,동전주,2012-09,5종,4377
590,동전주,2012-09,6종,4468
591,동서천,2012-09,1종,53217
591,동서천,2012-09,2종,1929
591,동서천,2012-09,3종,1738
591,동서천,2012-09,4종,1928
591,동서천,2012-09,5종,3439
591,동서천,2012-09,6종,1614
592,서부여,2012-09,1종,78325
592,서부여,2012-09,2종,3108
592,서부여,2012-09,3종,2036
592,서부여,2012-09,4종,1379
592,서부여,2012-09,5종,1902
592,서부여,2012-09,6종,2357
593,부여,2012-09,1종,67471
593,부여,2012-09,2종,2376
593,부여,2012-09,3종,2793
593,부여,2012-09,4종,2310
593,부여,2012-09,5종,3339
593,부여,2012-09,6종,2271
594,칠갑산,2012-09,1종,64184
594,칠갑산,2012-09,2종,2106
594,칠갑산,2012-09,3종,2268
594,칠갑산,2012-09,4종,1162
594,칠갑산,2012-09,5종,826
594,칠갑산,2012-09,6종,2230
595,서공주,2012-09,1종,61665
595,서공주,2012-09,2종,2829
595,서공주,2012-09,3종,2168
595,서공주,2012-09,4종,2191
595,서공주,2012-09,5종,3815
595,서공주,2012-09,6종,2033
597,서여주,2012-09,1종,101710
597,서여주,2012-09,2종,4976
597,서여주,2012-09,3종,6296
597,서여주,2012-09,4종,3930
597,서여주,2012-09,5종,4966
597,서여주,2012-09,6종,4474
598,북여주,2012-09,1종,76783
598,북여주,2012-09,2종,2845
598,북여주,2012-09,3종,2333
598,북여주,2012-09,4종,1341
598,북여주,2012-09,5종,2283
598,북여주,2012-09,6종,2899
599,양촌,2012-09,1종,16155
599,양촌,2012-09,2종,266
599,양촌,2012-09,3종,93
599,양촌,2012-09,4종,2
599,양촌,2012-09,5종,7
599,양촌,2012-09,6종,550
601,남천안,2012-09,1종,388724
601,남천안,2012-09,2종,29951
601,남천안,2012-09,3종,25157
601,남천안,2012-09,4종,23507
601,남천안,2012-09,5종,23792
601,남천안,2012-09,6종,14392
602,풍세상,2012-09,1종,1275710
602,풍세상,2012-09,2종,45246
602,풍세상,2012-09,3종,148372
602,풍세상,2012-09,4종,56268
602,풍세상,2012-09,5종,65874
602,풍세상,2012-09,6종,49606
603,정안,2012-09,1종,155130
603,정안,2012-09,2종,10066
603,정안,2012-09,3종,17722
603,정안,2012-09,4종,9293
603,정안,2012-09,5종,8078
603,정안,2012-09,6종,4907
604,남공주,2012-09,1종,76126
604,남공주,2012-09,2종,4092
604,남공주,2012-09,3종,4416
604,남공주,2012-09,4종,2358
604,남공주,2012-09,5종,4131
604,남공주,2012-09,6종,2667
605,탄천,2012-09,1종,28436
605,탄천,2012-09,2종,1712
605,탄천,2012-09,3종,989
605,탄천,2012-09,4종,931
605,탄천,2012-09,5종,1857
605,탄천,2012-09,6종,950
606,서논산,2012-09,1종,137110
606,서논산,2012-09,2종,7988
606,서논산,2012-09,3종,9407
606,서논산,2012-09,4종,6296
606,서논산,2012-09,5종,9700
606,서논산,2012-09,6종,4866
607,연무,2012-09,1종,67278
607,연무,2012-09,2종,2491
607,연무,2012-09,3종,3154
607,연무,2012-09,4종,1087
607,연무,2012-09,5종,2072
607,연무,2012-09,6종,2174
608,남논산하,2012-09,1종,911214
608,남논산하,2012-09,2종,28736
608,남논산하,2012-09,3종,101634
608,남논산하,2012-09,4종,35580
608,남논산하,2012-09,5종,53786
608,남논산하,2012-09,6종,32162
612,풍세하,2012-09,1종,1385877
612,풍세하,2012-09,2종,45298
612,풍세하,2012-09,3종,141114
612,풍세하,2012-09,4종,47972
612,풍세하,2012-09,5종,52872
612,풍세하,2012-09,6종,54268
618,남논산상,2012-09,1종,777068
618,남논산상,2012-09,2종,27714
618,남논산상,2012-09,3종,103022
618,남논산상,2012-09,4종,37272
618,남논산상,2012-09,5종,62262
618,남논산상,2012-09,6종,27012
621,동대구,2012-09,1종,818538
621,동대구,2012-09,2종,35055
621,동대구,2012-09,3종,39476
621,동대구,2012-09,4종,22988
621,동대구,2012-09,5종,24609
621,동대구,2012-09,6종,39762
622,대구,2012-09,1종,1073239
622,대구,2012-09,2종,52808
622,대구,2012-09,3종,59391
622,대구,2012-09,4종,47548
622,대구,2012-09,5종,85897
622,대구,2012-09,6종,53309
623,수성,2012-09,1종,729140
623,수성,2012-09,2종,20719
623,수성,2012-09,3종,14019
623,수성,2012-09,4종,7922
623,수성,2012-09,5종,7868
623,수성,2012-09,6종,32138
624,청도,2012-09,1종,207824
624,청도,2012-09,2종,8251
624,청도,2012-09,3종,5019
624,청도,2012-09,4종,3595
624,청도,2012-09,5종,3997
624,청도,2012-09,6종,9366
625,밀양,2012-09,1종,264882
625,밀양,2012-09,2종,15150
625,밀양,2012-09,3종,8771
625,밀양,2012-09,4종,7582
625,밀양,2012-09,5종,7311
625,밀양,2012-09,6종,11442
626,남밀양,2012-09,1종,339540
626,남밀양,2012-09,2종,22278
626,남밀양,2012-09,3종,14024
626,남밀양,2012-09,4종,13372
626,남밀양,2012-09,5종,11510
626,남밀양,2012-09,6종,17810
627,삼랑진,2012-09,1종,212374
627,삼랑진,2012-09,2종,9575
627,삼랑진,2012-09,3종,4999
627,삼랑진,2012-09,4종,3933
627,삼랑진,2012-09,5종,6874
627,삼랑진,2012-09,6종,12146
628,상동,2012-09,1종,234855
628,상동,2012-09,2종,26026
628,상동,2012-09,3종,12947
628,상동,2012-09,4종,14990
628,상동,2012-09,5종,23368
628,상동,2012-09,6종,13788
629,김해부산,2012-09,1종,1129305
629,김해부산,2012-09,2종,70542
629,김해부산,2012-09,3종,63333
629,김해부산,2012-09,4종,60477
629,김해부산,2012-09,5종,101665
629,김해부산,2012-09,6종,60995
641,울산,2012-09,1종,1119551
641,울산,2012-09,2종,56594
641,울산,2012-09,3종,69093
641,울산,2012-09,4종,45792
641,울산,2012-09,5종,118757
641,울산,2012-09,6종,53156
642,문수,2012-09,1종,110400
642,문수,2012-09,2종,5092
642,문수,2012-09,3종,4046
642,문수,2012-09,4종,4381
642,문수,2012-09,5종,6246
642,문수,2012-09,6종,6253
643,청량,2012-09,1종,472401
643,청량,2012-09,2종,13675
643,청량,2012-09,3종,12743
643,청량,2012-09,4종,19570
643,청량,2012-09,5종,78343
643,청량,2012-09,6종,28101
644,온양,2012-09,1종,178596
644,온양,2012-09,2종,4147
644,온양,2012-09,3종,2300
644,온양,2012-09,4종,2863
644,온양,2012-09,5종,12299
644,온양,2012-09,6종,12067
645,장안,2012-09,1종,236531
645,장안,2012-09,2종,7250
645,장안,2012-09,3종,5036
645,장안,2012-09,4종,5365
645,장안,2012-09,5종,13948
645,장안,2012-09,6종,13695
646,기장일광,2012-09,1종,225161
646,기장일광,2012-09,2종,3294
646,기장일광,2012-09,3종,3110
646,기장일광,2012-09,4종,1847
646,기장일광,2012-09,5종,5254
646,기장일광,2012-09,6종,14003
647,해운대송정,2012-09,1종,81260
647,해운대송정,2012-09,2종,946
647,해운대송정,2012-09,3종,654
647,해운대송정,2012-09,4종,282
647,해운대송정,2012-09,5종,789
647,해운대송정,2012-09,6종,4985
648,해운대,2012-09,1종,673705
648,해운대,2012-09,2종,9077
648,해운대,2012-09,3종,8497
648,해운대,2012-09,4종,6338
648,해운대,2012-09,5종,35731
648,해운대,2012-09,6종,38710
651,남양주,2012-09,1종,1643826
651,남양주,2012-09,2종,46434
651,남양주,2012-09,3종,72590
651,남양주,2012-09,4종,17505
651,남양주,2012-09,5종,13626
651,남양주,2012-09,6종,88914
652,화도,2012-09,1종,819886
652,화도,2012-09,2종,37611
652,화도,2012-09,3종,34115
652,화도,2012-09,4종,12100
652,화도,2012-09,5종,9952
652,화도,2012-09,6종,58007
653,서종,2012-09,1종,164119
653,서종,2012-09,2종,1467
653,서종,2012-09,3종,956
653,서종,2012-09,4종,778
653,서종,2012-09,5종,654
653,서종,2012-09,6종,9196
654,설악,2012-09,1종,237827
654,설악,2012-09,2종,3483
654,설악,2012-09,3종,9972
654,설악,2012-09,4종,1398
654,설악,2012-09,5종,877
654,설악,2012-09,6종,11328
655,강촌,2012-09,1종,140666
655,강촌,2012-09,2종,2175
655,강촌,2012-09,3종,4006
655,강촌,2012-09,4종,1243
655,강촌,2012-09,5종,959
655,강촌,2012-09,6종,5767
656,남춘천,2012-09,1종,138390
656,남춘천,2012-09,2종,2135
656,남춘천,2012-09,3종,10155
656,남춘천,2012-09,4종,1416
656,남춘천,2012-09,5종,2537
656,남춘천,2012-09,6종,6428
657,동산,2012-09,1종,733806
657,동산,2012-09,2종,12212
657,동산,2012-09,3종,32134
657,동산,2012-09,4종,7248
657,동산,2012-09,5종,7384
657,동산,2012-09,6종,34656
658,조양,2012-09,1종,29215
658,조양,2012-09,2종,589
658,조양,2012-09,3종,475
658,조양,2012-09,4종,291
658,조양,2012-09,5종,351
658,조양,2012-09,6종,1223
671,봉담,2012-09,1종,1198807
671,봉담,2012-09,2종,58021
671,봉담,2012-09,3종,42801
671,봉담,2012-09,4종,20424
671,봉담,2012-09,5종,27764
671,봉담,2012-09,6종,85259
672,정남,2012-09,1종,308843
672,정남,2012-09,2종,19901
672,정남,2012-09,3종,12138
672,정남,2012-09,4종,4810
672,정남,2012-09,5종,4798
672,정남,2012-09,6종,24262
673,북오산,2012-09,1종,765263
673,북오산,2012-09,2종,29103
673,북오산,2012-09,3종,25958
673,북오산,2012-09,4종,14473
673,북오산,2012-09,5종,9852
673,북오산,2012-09,6종,51993
674,,2012-09,1종,842136
674,,2012-09,2종,45721
674,,2012-09,3종,57841
674,,2012-09,4종,21467
674,,2012-09,5종,28362
674,,2012-09,6종,55903
675,서오산,2012-09,1종,234118
675,서오산,2012-09,2종,9055
675,서오산,2012-09,3종,5291
675,서오산,2012-09,4종,3398
675,서오산,2012-09,5종,3781
675,서오산,2012-09,6종,15947
676,향남,2012-09,1종,454984
676,향남,2012-09,2종,30928
676,향남,2012-09,3종,18393
676,향남,2012-09,4종,15837
676,향남,2012-09,5종,13756
676,향남,2012-09,6종,35793
677,북평택,2012-09,1종,921002
677,북평택,2012-09,2종,37906
677,북평택,2012-09,3종,43277
677,북평택,2012-09,4종,16948
677,북평택,2012-09,5종,27876
677,북평택,2012-09,6종,50698
981,서영암,2012-09,1종,178421
981,서영암,2012-09,2종,5077
981,서영암,2012-09,3종,8074
981,서영암,2012-09,4종,4926
981,서영암,2012-09,5종,14510
981,서영암,2012-09,6종,4314
982,강진무위사,2012-09,1종,107696
982,강진무위사,2012-09,2종,3645
982,강진무위사,2012-09,3종,5268
982,강진무위사,2012-09,4종,2561
982,강진무위사,2012-09,5종,3979
982,강진무위사,2012-09,6종,2689
983,장흥,2012-09,1종,87247
983,장흥,2012-09,2종,1698
983,장흥,2012-09,3종,1906
983,장흥,2012-09,4종,818
983,장흥,2012-09,5종,1018
983,장흥,2012-09,6종,2342
984,보성,2012-09,1종,114009
984,보성,2012-09,2종,4625
984,보성,2012-09,3종,4048
984,보성,2012-09,4종,3190
984,보성,2012-09,5종,9176
984,보성,2012-09,6종,2839
985,벌교,2012-09,1종,137968
985,벌교,2012-09,2종,4583
985,벌교,2012-09,3종,4369
985,벌교,2012-09,4종,2656
985,벌교,2012-09,5종,3627
985,벌교,2012-09,6종,2904
987,남순천,2012-09,1종,262817
987,남순천,2012-09,2종,7585
987,남순천,2012-09,3종,11595
987,남순천,2012-09,4종,8949
987,남순천,2012-09,5종,25554
987,남순천,2012-09,6종,6266
11,인천,2012-10,1종,3679169
11,인천,2012-10,2종,136867
11,인천,2012-10,3종,88851
11,인천,2012-10,4종,59442
11,인천,2012-10,5종,120220
11,인천,2012-10,6종,330912
12,서영암(개),2012-10,1종,23683
12,서영암(개),2012-10,2종,477
12,서영암(개),2012-10,3종,550
12,서영암(개),2012-10,4종,207
12,서영암(개),2012-10,5종,328
12,서영암(개),2012-10,6종,1152
13,순천만,2012-10,1종,128432
13,순천만,2012-10,2종,5214
13,순천만,2012-10,3종,7980
13,순천만,2012-10,4종,6199
13,순천만,2012-10,5종,9518
13,순천만,2012-10,6종,5103
53,남인천,2012-10,1종,1746163
53,남인천,2012-10,2종,51758
53,남인천,2012-10,3종,61106
53,남인천,2012-10,4종,21866
53,남인천,2012-10,5종,58724
53,남인천,2012-10,6종,146192
56,일로,2012-10,1종,39342
56,일로,2012-10,2종,1361
56,일로,2012-10,3종,821
56,일로,2012-10,4종,576
56,일로,2012-10,5종,1496
56,일로,2012-10,6종,1941
61,성남,2012-10,1종,3861577
61,성남,2012-10,2종,167730
61,성남,2012-10,3종,161654
61,성남,2012-10,4종,64389
61,성남,2012-10,5종,70536
61,성남,2012-10,6종,259745
62,구리남양주,2012-10,1종,5000174
62,구리남양주,2012-10,2종,234454
62,구리남양주,2012-10,3종,195044
62,구리남양주,2012-10,4종,100449
62,구리남양주,2012-10,5종,84607
62,구리남양주,2012-10,6종,347973
63,토평,2012-10,1종,540892
63,토평,2012-10,2종,19026
63,토평,2012-10,3종,9985
63,토평,2012-10,4종,6983
63,토평,2012-10,5종,11987
63,토평,2012-10,6종,40347
64,청계,2012-10,1종,4519541
64,청계,2012-10,2종,172999
64,청계,2012-10,3종,173478
64,청계,2012-10,4종,47377
64,청계,2012-10,5종,78361
64,청계,2012-10,6종,332059
65,판교,2012-10,1종,2877683
65,판교,2012-10,2종,54279
65,판교,2012-10,3종,191695
65,판교,2012-10,4종,18237
65,판교,2012-10,5종,18264
65,판교,2012-10,6종,160339
66,하남,2012-10,1종,825096
66,하남,2012-10,2종,30273
66,하남,2012-10,3종,19729
66,하남,2012-10,4종,8545
66,하남,2012-10,5종,12650
66,하남,2012-10,6종,59434
67,시흥,2012-10,1종,3940054
67,시흥,2012-10,2종,160246
67,시흥,2012-10,3종,136923
67,시흥,2012-10,4종,70041
67,시흥,2012-10,5종,76989
67,시흥,2012-10,6종,293754
68,김포,2012-10,1종,4756612
68,김포,2012-10,2종,198877
68,김포,2012-10,3종,144460
68,김포,2012-10,4종,74532
68,김포,2012-10,5종,118377
68,김포,2012-10,6종,369663
69,대왕판교,2012-10,1종,175410
69,대왕판교,2012-10,2종,1183
69,대왕판교,2012-10,3종,250
69,대왕판교,2012-10,4종,36
69,대왕판교,2012-10,5종,14
69,대왕판교,2012-10,6종,10094
74,덕소삼패,2012-10,1종,288133
74,덕소삼패,2012-10,2종,8610
74,덕소삼패,2012-10,3종,4438
74,덕소삼패,2012-10,4종,3375
74,덕소삼패,2012-10,5종,9175
74,덕소삼패,2012-10,6종,20712
91,대동(개),2012-10,1종,138837
91,대동(개),2012-10,2종,10469
91,대동(개),2012-10,3종,5297
91,대동(개),2012-10,4종,18420
91,대동(개),2012-10,5종,15442
91,대동(개),2012-10,6종,9100
92,내서,2012-10,1종,243834
92,내서,2012-10,2종,9507
92,내서,2012-10,3종,11833
92,내서,2012-10,4종,3835
92,내서,2012-10,5종,6954
92,내서,2012-10,6종,23026
101,서울,2012-10,1종,5405981
101,서울,2012-10,2종,204244
101,서울,2012-10,3종,618379
101,서울,2012-10,4종,87934
101,서울,2012-10,5종,56425
101,서울,2012-10,6종,245869
102,동수원,2012-10,1종,1905022
102,동수원,2012-10,2종,42272
102,동수원,2012-10,3종,80906
102,동수원,2012-10,4종,19455
102,동수원,2012-10,5종,18707
102,동수원,2012-10,6종,110551
103,수원신갈,2012-10,1종,2422382
103,수원신갈,2012-10,2종,103095
103,수원신갈,2012-10,3종,169841
103,수원신갈,2012-10,4종,34280
103,수원신갈,2012-10,5종,24725
103,수원신갈,2012-10,6종,133253
104,지곡,2012-10,1종,40710
104,지곡,2012-10,2종,2261
104,지곡,2012-10,3종,2500
104,지곡,2012-10,4종,1374
104,지곡,2012-10,5종,2332
104,지곡,2012-10,6종,1657
105,기흥,2012-10,1종,378602
105,기흥,2012-10,2종,31248
105,기흥,2012-10,3종,16969
105,기흥,2012-10,4종,9498
105,기흥,2012-10,5종,10157
105,기흥,2012-10,6종,18245
106,오산,2012-10,1종,1108499
106,오산,2012-10,2종,78723
106,오산,2012-10,3종,80971
106,오산,2012-10,4종,33959
106,오산,2012-10,5종,26157
106,오산,2012-10,6종,68950
107,안성,2012-10,1종,836130
107,안성,2012-10,2종,40104
107,안성,2012-10,3종,59260
107,안성,2012-10,4종,17332
107,안성,2012-10,5종,13730
107,안성,2012-10,6종,51319
108,천안,2012-10,1종,1402842
108,천안,2012-10,2종,58615
108,천안,2012-10,3종,111132
108,천안,2012-10,4종,44200
108,천안,2012-10,5종,38395
108,천안,2012-10,6종,69221
109,계룡,2012-10,1종,148680
109,계룡,2012-10,2종,10857
109,계룡,2012-10,3종,12456
109,계룡,2012-10,4종,7591
109,계룡,2012-10,5종,4870
109,계룡,2012-10,6종,9394
110,독립기념관,2012-10,1종,346549
110,독립기념관,2012-10,2종,25324
110,독립기념관,2012-10,3종,31018
110,독립기념관,2012-10,4종,28493
110,독립기념관,2012-10,5종,19826
110,독립기념관,2012-10,6종,13993
111,청주,2012-10,1종,474482
111,청주,2012-10,2종,21758
111,청주,2012-10,3종,49496
111,청주,2012-10,4종,13675
111,청주,2012-10,5종,19895
111,청주,2012-10,6종,23342
112,남청주,2012-10,1종,515771
112,남청주,2012-10,2종,48538
112,남청주,2012-10,3종,43544
112,남청주,2012-10,4종,47580
112,남청주,2012-10,5종,40214
112,남청주,2012-10,6종,22695
113,신탄진,2012-10,1종,765322
113,신탄진,2012-10,2종,51990
113,신탄진,2012-10,3종,33473
113,신탄진,2012-10,4종,51596
113,신탄진,2012-10,5종,47669
113,신탄진,2012-10,6종,39900
114,남대전,2012-10,1종,289753
114,남대전,2012-10,2종,13666
114,남대전,2012-10,3종,9189
114,남대전,2012-10,4종,5316
114,남대전,2012-10,5종,6826
114,남대전,2012-10,6종,15060
115,대전,2012-10,1종,1298193
115,대전,2012-10,2종,43413
115,대전,2012-10,3종,86787
115,대전,2012-10,4종,15979
115,대전,2012-10,5종,14951
115,대전,2012-10,6종,65549
116,옥천,2012-10,1종,367217
116,옥천,2012-10,2종,24900
116,옥천,2012-10,3종,19405
116,옥천,2012-10,4종,35972
116,옥천,2012-10,5종,16244
116,옥천,2012-10,6종,19743
117,금강,2012-10,1종,41364
117,금강,2012-10,2종,1904
117,금강,2012-10,3종,1075
117,금강,2012-10,4종,2609
117,금강,2012-10,5종,835
117,금강,2012-10,6종,2251
118,영동,2012-10,1종,94102
118,영동,2012-10,2종,5780
118,영동,2012-10,3종,5134
118,영동,2012-10,4종,2818
118,영동,2012-10,5종,6199
118,영동,2012-10,6종,4429
119,판암,2012-10,1종,463752
119,판암,2012-10,2종,16602
119,판암,2012-10,3종,9602
119,판암,2012-10,4종,6833
119,판암,2012-10,5종,6755
119,판암,2012-10,6종,27005
120,황간,2012-10,1종,83116
120,황간,2012-10,2종,3331
120,황간,2012-10,3종,4827
120,황간,2012-10,4종,4989
120,황간,2012-10,5종,4415
120,황간,2012-10,6종,3148
121,추풍령,2012-10,1종,45461
121,추풍령,2012-10,2종,1921
121,추풍령,2012-10,3종,2227
121,추풍령,2012-10,4종,1358
121,추풍령,2012-10,5종,2210
121,추풍령,2012-10,6종,2072
122,김천,2012-10,1종,257570
122,김천,2012-10,2종,11521
122,김천,2012-10,3종,14001
122,김천,2012-10,4종,11917
122,김천,2012-10,5종,11179
122,김천,2012-10,6종,11364
123,구미,2012-10,1종,759957
123,구미,2012-10,2종,23168
123,구미,2012-10,3종,37676
123,구미,2012-10,4종,18124
123,구미,2012-10,5종,13618
123,구미,2012-10,6종,38588
124,상주,2012-10,1종,162056
124,상주,2012-10,2종,12042
124,상주,2012-10,3종,9857
124,상주,2012-10,4종,12752
124,상주,2012-10,5종,10678
124,상주,2012-10,6종,5222
125,남구미,2012-10,1종,516881
125,남구미,2012-10,2종,24204
125,남구미,2012-10,3종,33149
125,남구미,2012-10,4종,21438
125,남구미,2012-10,5종,42026
125,남구미,2012-10,6종,29088
126,왜관,2012-10,1종,604187
126,왜관,2012-10,2종,49938
126,왜관,2012-10,3종,32991
126,왜관,2012-10,4종,23006
126,왜관,2012-10,5종,38039
126,왜관,2012-10,6종,29682
127,서대구,2012-10,1종,1969781
127,서대구,2012-10,2종,105343
127,서대구,2012-10,3종,110867
127,서대구,2012-10,4종,51808
127,서대구,2012-10,5종,55846
127,서대구,2012-10,6종,89341
129,북대구,2012-10,1종,1770129
129,북대구,2012-10,2종,68315
129,북대구,2012-10,3종,59318
129,북대구,2012-10,4종,23429
129,북대구,2012-10,5종,28158
129,북대구,2012-10,6종,77411
130,동김천,2012-10,1종,41328
130,동김천,2012-10,2종,2533
130,동김천,2012-10,3종,3028
130,동김천,2012-10,4종,3110
130,동김천,2012-10,5종,4504
130,동김천,2012-10,6종,1560
131,경산,2012-10,1종,843085
131,경산,2012-10,2종,84807
131,경산,2012-10,3종,51402
131,경산,2012-10,4종,45497
131,경산,2012-10,5종,39630
131,경산,2012-10,6종,46928
132,영천,2012-10,1종,386340
132,영천,2012-10,2종,30349
132,영천,2012-10,3종,26148
132,영천,2012-10,4종,21669
132,영천,2012-10,5종,45990
132,영천,2012-10,6종,14974
133,서경주,2012-10,1종,165315
133,서경주,2012-10,2종,9807
133,서경주,2012-10,3종,12445
133,서경주,2012-10,4종,7428
133,서경주,2012-10,5종,28988
133,서경주,2012-10,6종,5751
134,선산,2012-10,1종,101762
134,선산,2012-10,2종,6945
134,선산,2012-10,3종,5498
134,선산,2012-10,4종,7810
134,선산,2012-10,5종,6034
134,선산,2012-10,6종,3694
135,경주,2012-10,1종,909850
135,경주,2012-10,2종,48363
135,경주,2012-10,3종,90596
135,경주,2012-10,4종,39109
135,경주,2012-10,5종,103366
135,경주,2012-10,6종,34170
137,통도사,2012-10,1종,302026
137,통도사,2012-10,2종,23634
137,통도사,2012-10,3종,16854
137,통도사,2012-10,4종,12154
137,통도사,2012-10,5종,17445
137,통도사,2012-10,6종,15271
138,양산,2012-10,1종,677458
138,양산,2012-10,2종,83544
138,양산,2012-10,3종,42125
138,양산,2012-10,4종,46608
138,양산,2012-10,5종,58609
138,양산,2012-10,6종,37768
139,서울산,2012-10,1종,481254
139,서울산,2012-10,2종,28503
139,서울산,2012-10,3종,32419
139,서울산,2012-10,4종,12329
139,서울산,2012-10,5종,24710
139,서울산,2012-10,6종,24553
140,부산,2012-10,1종,1575868
140,부산,2012-10,2종,68429
140,부산,2012-10,3종,54082
140,부산,2012-10,4종,34997
140,부산,2012-10,5종,64152
140,부산,2012-10,6종,86964
142,군북,2012-10,1종,323577
142,군북,2012-10,2종,13345
142,군북,2012-10,3종,12579
142,군북,2012-10,4종,8627
142,군북,2012-10,5종,21846
142,군북,2012-10,6종,19517
143,장지,2012-10,1종,107413
143,장지,2012-10,2종,6460
143,장지,2012-10,3종,4301
143,장지,2012-10,4종,3954
143,장지,2012-10,5종,15976
143,장지,2012-10,6종,6947
144,함안,2012-10,1종,255213
144,함안,2012-10,2종,15215
144,함안,2012-10,3종,8604
144,함안,2012-10,4종,8010
144,함안,2012-10,5종,18850
144,함안,2012-10,6종,16372
145,산인,2012-10,1종,778623
145,산인,2012-10,2종,21225
145,산인,2012-10,3종,36034
145,산인,2012-10,4종,12975
145,산인,2012-10,5종,25386
145,산인,2012-10,6종,45643
146,동창원,2012-10,1종,611101
146,동창원,2012-10,2종,34518
146,동창원,2012-10,3종,20648
146,동창원,2012-10,4종,16855
146,동창원,2012-10,5종,27547
146,동창원,2012-10,6종,40575
147,진례,2012-10,1종,463799
147,진례,2012-10,2종,39296
147,진례,2012-10,3종,19314
147,진례,2012-10,4종,17227
147,진례,2012-10,5종,22157
147,진례,2012-10,6종,31701
148,서김해,2012-10,1종,653353
148,서김해,2012-10,2종,24518
148,서김해,2012-10,3종,18106
148,서김해,2012-10,4종,10217
148,서김해,2012-10,5종,15001
148,서김해,2012-10,6종,46316
149,동김해,2012-10,1종,1152358
149,동김해,2012-10,2종,38680
149,동김해,2012-10,3종,28073
149,동김해,2012-10,4종,12308
149,동김해,2012-10,5종,14649
149,동김해,2012-10,6종,93007
150,북부산,2012-10,1종,2422044
150,북부산,2012-10,2종,76653
150,북부산,2012-10,3종,76180
150,북부산,2012-10,4종,39430
150,북부산,2012-10,5종,82939
150,북부산,2012-10,6종,161377
151,북대전,2012-10,1종,673938
151,북대전,2012-10,2종,19195
151,북대전,2012-10,3종,32099
151,북대전,2012-10,4종,18231
151,북대전,2012-10,5종,16540
151,북대전,2012-10,6종,38425
152,유성,2012-10,1종,1041532
152,유성,2012-10,2종,27621
152,유성,2012-10,3종,40808
152,유성,2012-10,4종,17304
152,유성,2012-10,5종,13017
152,유성,2012-10,6종,47114
153,서대전,2012-10,1종,637915
153,서대전,2012-10,2종,22422
153,서대전,2012-10,3종,18532
153,서대전,2012-10,4종,18013
153,서대전,2012-10,5종,12945
153,서대전,2012-10,6종,35284
154,안영,2012-10,1종,442547
154,안영,2012-10,2종,16740
154,안영,2012-10,3종,13766
154,안영,2012-10,4종,9798
154,안영,2012-10,5종,16907
154,안영,2012-10,6종,21603
155,논산,2012-10,1종,217463
155,논산,2012-10,2종,18162
155,논산,2012-10,3종,19367
155,논산,2012-10,4종,11905
155,논산,2012-10,5종,11224
155,논산,2012-10,6종,8378
156,익산,2012-10,1종,284219
156,익산,2012-10,2종,23114
156,익산,2012-10,3종,31224
156,익산,2012-10,4종,18805
156,익산,2012-10,5종,28203
156,익산,2012-10,6종,8787
157,삼례,2012-10,1종,110880
157,삼례,2012-10,2종,9362
157,삼례,2012-10,3종,8074
157,삼례,2012-10,4종,5499
157,삼례,2012-10,5종,10982
157,삼례,2012-10,6종,3617
158,전주,2012-10,1종,449568
158,전주,2012-10,2종,24924
158,전주,2012-10,3종,52314
158,전주,2012-10,4종,19746
158,전주,2012-10,5종,39571
158,전주,2012-10,6종,13961
159,서전주,2012-10,1종,241804
159,서전주,2012-10,2종,13564
159,서전주,2012-10,3종,13708
159,서전주,2012-10,4종,8147
159,서전주,2012-10,5종,8493
159,서전주,2012-10,6종,7032
160,김제,2012-10,1종,110327
160,김제,2012-10,2종,7290
160,김제,2012-10,3종,7668
160,김제,2012-10,4종,3392
160,김제,2012-10,5종,5893
160,김제,2012-10,6종,3333
161,금산사,2012-10,1종,42163
161,금산사,2012-10,2종,3156
161,금산사,2012-10,3종,2468
161,금산사,2012-10,4종,2281
161,금산사,2012-10,5종,2601
161,금산사,2012-10,6종,1417
162,태인,2012-10,1종,100870
162,태인,2012-10,2종,6979
162,태인,2012-10,3종,7664
162,태인,2012-10,4종,3660
162,태인,2012-10,5종,5420
162,태인,2012-10,6종,3361
163,정읍,2012-10,1종,259225
163,정읍,2012-10,2종,19830
163,정읍,2012-10,3종,23690
163,정읍,2012-10,4종,9697
163,정읍,2012-10,5종,10607
163,정읍,2012-10,6종,7804
164,무주,2012-10,1종,171148
164,무주,2012-10,2종,5056
164,무주,2012-10,3종,7376
164,무주,2012-10,4종,2855
164,무주,2012-10,5종,3785
164,무주,2012-10,6종,5688
165,백양사,2012-10,1종,91466
165,백양사,2012-10,2종,2734
165,백양사,2012-10,3종,5141
165,백양사,2012-10,4종,1408
165,백양사,2012-10,5종,8828
165,백양사,2012-10,6종,2279
166,장성,2012-10,1종,143947
166,장성,2012-10,2종,9853
166,장성,2012-10,3종,9737
166,장성,2012-10,4종,5434
166,장성,2012-10,5종,10362
166,장성,2012-10,6종,4746
167,광주,2012-10,1종,1015100
167,광주,2012-10,2종,49408
167,광주,2012-10,3종,89398
167,광주,2012-10,4종,42781
167,광주,2012-10,5종,34184
167,광주,2012-10,6종,29714
168,덕유산,2012-10,1종,64011
168,덕유산,2012-10,2종,2064
168,덕유산,2012-10,3종,2072
168,덕유산,2012-10,4종,813
168,덕유산,2012-10,5종,1769
168,덕유산,2012-10,6종,1809
169,장수,2012-10,1종,111810
169,장수,2012-10,2종,4690
169,장수,2012-10,3종,4913
169,장수,2012-10,4종,2083
169,장수,2012-10,5종,4418
169,장수,2012-10,6종,3705
170,서상,2012-10,1종,52446
170,서상,2012-10,2종,3596
170,서상,2012-10,3종,5209
170,서상,2012-10,4종,3570
170,서상,2012-10,5종,5119
170,서상,2012-10,6종,2041
171,마성,2012-10,1종,399859
171,마성,2012-10,2종,6811
171,마성,2012-10,3종,29815
171,마성,2012-10,4종,1451
171,마성,2012-10,5종,1391
171,마성,2012-10,6종,20865
172,용인,2012-10,1종,809030
172,용인,2012-10,2종,64399
172,용인,2012-10,3종,39901
172,용인,2012-10,4종,20628
172,용인,2012-10,5종,12780
172,용인,2012-10,6종,54475
173,양지,2012-10,1종,804941
173,양지,2012-10,2종,92084
173,양지,2012-10,3종,61241
173,양지,2012-10,4종,49995
173,양지,2012-10,5종,40489
173,양지,2012-10,6종,43794
174,춘천,2012-10,1종,753751
174,춘천,2012-10,2종,22775
174,춘천,2012-10,3종,31665
174,춘천,2012-10,4종,10744
174,춘천,2012-10,5종,9175
174,춘천,2012-10,6종,44219
175,덕평,2012-10,1종,235003
175,덕평,2012-10,2종,42061
175,덕평,2012-10,3종,25063
175,덕평,2012-10,4종,16280
175,덕평,2012-10,5종,9356
175,덕평,2012-10,6종,13290
176,이천,2012-10,1종,586190
176,이천,2012-10,2종,44011
176,이천,2012-10,3종,49686
176,이천,2012-10,4종,39736
176,이천,2012-10,5종,37368
176,이천,2012-10,6종,27313
177,여주,2012-10,1종,522093
177,여주,2012-10,2종,25372
177,여주,2012-10,3종,48671
177,여주,2012-10,4종,23218
177,여주,2012-10,5종,13130
177,여주,2012-10,6종,19974
178,문막,2012-10,1종,354540
178,문막,2012-10,2종,25734
178,문막,2012-10,3종,35298
178,문막,2012-10,4종,13094
178,문막,2012-10,5종,17752
178,문막,2012-10,6종,15208
179,홍천,2012-10,1종,317499
179,홍천,2012-10,2종,11913
179,홍천,2012-10,3종,19289
179,홍천,2012-10,4종,9590
179,홍천,2012-10,5종,6680
179,홍천,2012-10,6종,19534
180,원주,2012-10,1종,259568
180,원주,2012-10,2종,16579
180,원주,2012-10,3종,19264
180,원주,2012-10,4종,9203
180,원주,2012-10,5종,9322
180,원주,2012-10,6종,12922
181,새말,2012-10,1종,229213
181,새말,2012-10,2종,9778
181,새말,2012-10,3종,14077
181,새말,2012-10,4종,5919
181,새말,2012-10,5종,5954
181,새말,2012-10,6종,8512
182,둔내,2012-10,1종,113853
182,둔내,2012-10,2종,4899
182,둔내,2012-10,3종,6718
182,둔내,2012-10,4종,3725
182,둔내,2012-10,5종,1510
182,둔내,2012-10,6종,4643
183,면온,2012-10,1종,80994
183,면온,2012-10,2종,1754
183,면온,2012-10,3종,3348
183,면온,2012-10,4종,1123
183,면온,2012-10,5종,1209
183,면온,2012-10,6종,2983
184,대관령,2012-10,1종,230854
184,대관령,2012-10,2종,6417
184,대관령,2012-10,3종,19224
184,대관령,2012-10,4종,2423
184,대관령,2012-10,5종,2332
184,대관령,2012-10,6종,8938
185,평창,2012-10,1종,140144
185,평창,2012-10,2종,6232
185,평창,2012-10,3종,15698
185,평창,2012-10,4종,4418
185,평창,2012-10,5종,3457
185,평창,2012-10,6종,5697
186,속사,2012-10,1종,47417
186,속사,2012-10,2종,2228
186,속사,2012-10,3종,3203
186,속사,2012-10,4종,1388
186,속사,2012-10,5종,1304
186,속사,2012-10,6종,1581
187,진부,2012-10,1종,177116
187,진부,2012-10,2종,7131
187,진부,2012-10,3종,18193
187,진부,2012-10,4종,3500
187,진부,2012-10,5종,2680
187,진부,2012-10,6종,6778
189,강릉,2012-10,1종,484675
189,강릉,2012-10,2종,16241
189,강릉,2012-10,3종,43774
189,강릉,2012-10,4종,8796
189,강릉,2012-10,5종,9856
189,강릉,2012-10,6종,23802
190,동서울,2012-10,1종,3482828
190,동서울,2012-10,2종,202276
190,동서울,2012-10,3종,239795
190,동서울,2012-10,4종,97455
190,동서울,2012-10,5종,58118
190,동서울,2012-10,6종,152836
191,경기광주,2012-10,1종,798070
191,경기광주,2012-10,2종,46859
191,경기광주,2012-10,3종,35224
191,경기광주,2012-10,4종,11509
191,경기광주,2012-10,5종,5170
191,경기광주,2012-10,6종,52549
192,곤지암,2012-10,1종,777671
192,곤지암,2012-10,2종,72532
192,곤지암,2012-10,3종,40168
192,곤지암,2012-10,4종,32994
192,곤지암,2012-10,5종,20131
192,곤지암,2012-10,6종,42332
193,일죽,2012-10,1종,494431
193,일죽,2012-10,2종,44616
193,일죽,2012-10,3종,36138
193,일죽,2012-10,4종,30851
193,일죽,2012-10,5종,22177
193,일죽,2012-10,6종,19945
194,서이천,2012-10,1종,440673
194,서이천,2012-10,2종,60796
194,서이천,2012-10,3종,46105
194,서이천,2012-10,4종,31207
194,서이천,2012-10,5종,13566
194,서이천,2012-10,6종,22566
195,대소,2012-10,1종,385064
195,대소,2012-10,2종,54044
195,대소,2012-10,3종,43157
195,대소,2012-10,4종,34130
195,대소,2012-10,5종,28538
195,대소,2012-10,6종,16696
196,진천,2012-10,1종,213195
196,진천,2012-10,2종,17797
196,진천,2012-10,3종,16989
196,진천,2012-10,4종,13835
196,진천,2012-10,5종,14536
196,진천,2012-10,6종,8668
197,증평,2012-10,1종,446086
197,증평,2012-10,2종,29808
197,증평,2012-10,3종,29999
197,증평,2012-10,4종,20053
197,증평,2012-10,5종,26541
197,증평,2012-10,6종,18044
198,서청주,2012-10,1종,763150
198,서청주,2012-10,2종,39376
198,서청주,2012-10,3종,42412
198,서청주,2012-10,4종,28541
198,서청주,2012-10,5종,21422
198,서청주,2012-10,6종,38000
199,오창,2012-10,1종,484755
199,오창,2012-10,2종,26432
199,오창,2012-10,3종,28387
199,오창,2012-10,4종,15438
199,오창,2012-10,5종,16542
199,오창,2012-10,6종,23395
200,금산,2012-10,1종,161428
200,금산,2012-10,2종,5319
200,금산,2012-10,3종,9422
200,금산,2012-10,4종,4536
200,금산,2012-10,5종,6362
200,금산,2012-10,6종,6411
201,칠곡,2012-10,1종,624679
201,칠곡,2012-10,2종,26034
201,칠곡,2012-10,3종,24362
201,칠곡,2012-10,4종,8581
201,칠곡,2012-10,5종,13416
201,칠곡,2012-10,6종,32263
202,다부,2012-10,1종,123959
202,다부,2012-10,2종,8485
202,다부,2012-10,3종,5421
202,다부,2012-10,4종,2142
202,다부,2012-10,5종,5211
202,다부,2012-10,6종,4795
203,가산,2012-10,1종,517139
203,가산,2012-10,2종,23839
203,가산,2012-10,3종,19056
203,가산,2012-10,4종,12375
203,가산,2012-10,5종,23799
203,가산,2012-10,6종,22831
204,추부,2012-10,1종,184660
204,추부,2012-10,2종,9799
204,추부,2012-10,3종,12672
204,추부,2012-10,4종,3589
204,추부,2012-10,5종,4804
204,추부,2012-10,6종,9342
205,군위,2012-10,1종,155715
205,군위,2012-10,2종,7133
205,군위,2012-10,3종,4260
205,군위,2012-10,4종,2430
205,군위,2012-10,5종,8532
205,군위,2012-10,6종,6816
206,의성,2012-10,1종,184729
206,의성,2012-10,2종,5339
206,의성,2012-10,3종,4914
206,의성,2012-10,4종,1779
206,의성,2012-10,5종,4228
206,의성,2012-10,6종,6378
207,남안동,2012-10,1종,289284
207,남안동,2012-10,2종,10019
207,남안동,2012-10,3종,8577
207,남안동,2012-10,4종,3842
207,남안동,2012-10,5종,5216
207,남안동,2012-10,6종,9946
208,서안동,2012-10,1종,214941
208,서안동,2012-10,2종,7986
208,서안동,2012-10,3종,19981
208,서안동,2012-10,4종,3400
208,서안동,2012-10,5종,6042
208,서안동,2012-10,6종,7093
209,예천,2012-10,1종,31906
209,예천,2012-10,2종,787
209,예천,2012-10,3종,712
209,예천,2012-10,4종,365
209,예천,2012-10,5종,870
209,예천,2012-10,6종,1034
210,영주,2012-10,1종,148928
210,영주,2012-10,2종,6325
210,영주,2012-10,3종,8318
210,영주,2012-10,4종,3581
210,영주,2012-10,5종,11221
210,영주,2012-10,6종,4948
211,풍기,2012-10,1종,240953
211,풍기,2012-10,2종,7889
211,풍기,2012-10,3종,18147
211,풍기,2012-10,4종,4534
211,풍기,2012-10,5종,8701
211,풍기,2012-10,6종,8000
212,북수원,2012-10,1종,1210620
212,북수원,2012-10,2종,48219
212,북수원,2012-10,3종,60121
212,북수원,2012-10,4종,29145
212,북수원,2012-10,5종,18055
212,북수원,2012-10,6종,70368
213,부곡,2012-10,1종,369929
213,부곡,2012-10,2종,11546
213,부곡,2012-10,3종,9193
213,부곡,2012-10,4종,12028
213,부곡,2012-10,5종,68173
213,부곡,2012-10,6종,25239
214,동군포,2012-10,1종,158867
214,동군포,2012-10,2종,11664
214,동군포,2012-10,3종,8845
214,동군포,2012-10,4종,14107
214,동군포,2012-10,5종,9263
214,동군포,2012-10,6종,10788
215,군포,2012-10,1종,1053294
215,군포,2012-10,2종,65133
215,군포,2012-10,3종,48149
215,군포,2012-10,4종,24656
215,군포,2012-10,5종,32201
215,군포,2012-10,6종,78411
216,횡성,2012-10,1종,203096
216,횡성,2012-10,2종,8280
216,횡성,2012-10,3종,9962
216,횡성,2012-10,4종,4342
216,횡성,2012-10,5종,7054
216,횡성,2012-10,6종,9426
217,북원주,2012-10,1종,78280
217,북원주,2012-10,2종,4834
217,북원주,2012-10,3종,3544
217,북원주,2012-10,4종,2517
217,북원주,2012-10,5종,3847
217,북원주,2012-10,6종,5193
218,남원주,2012-10,1종,531311
218,남원주,2012-10,2종,19495
218,남원주,2012-10,3종,31353
218,남원주,2012-10,4종,7866
218,남원주,2012-10,5종,9008
218,남원주,2012-10,6종,27059
219,신림,2012-10,1종,107571
219,신림,2012-10,2종,3495
219,신림,2012-10,3종,3933
219,신림,2012-10,4종,3324
219,신림,2012-10,5종,7971
219,신림,2012-10,6종,4233
221,생초,2012-10,1종,67115
221,생초,2012-10,2종,3040
221,생초,2012-10,3종,3552
221,생초,2012-10,4종,2381
221,생초,2012-10,5종,9491
221,생초,2012-10,6종,2466
222,산청,2012-10,1종,56471
222,산청,2012-10,2종,2322
222,산청,2012-10,3종,2534
222,산청,2012-10,4종,1514
222,산청,2012-10,5종,3049
222,산청,2012-10,6종,2194
223,단성,2012-10,1종,112131
223,단성,2012-10,2종,3700
223,단성,2012-10,3종,7166
223,단성,2012-10,4종,3001
223,단성,2012-10,5종,4104
223,단성,2012-10,6종,4308
224,함양,2012-10,1종,115371
224,함양,2012-10,2종,4852
224,함양,2012-10,3종,8291
224,함양,2012-10,4종,2107
224,함양,2012-10,5종,3013
224,함양,2012-10,6종,5153
225,서진주,2012-10,1종,358832
225,서진주,2012-10,2종,8795
225,서진주,2012-10,3종,9464
225,서진주,2012-10,4종,2885
225,서진주,2012-10,5종,5149
225,서진주,2012-10,6종,21762
227,군산,2012-10,1종,259033
227,군산,2012-10,2종,9660
227,군산,2012-10,3종,19092
227,군산,2012-10,4종,12581
227,군산,2012-10,5종,32267
227,군산,2012-10,6종,7461
228,동군산,2012-10,1종,252118
228,동군산,2012-10,2종,12504
228,동군산,2012-10,3종,16446
228,동군산,2012-10,4종,8611
228,동군산,2012-10,5종,21521
228,동군산,2012-10,6종,6777
229,북천안,2012-10,1종,155596
229,북천안,2012-10,2종,15732
229,북천안,2012-10,3종,14391
229,북천안,2012-10,4종,16022
229,북천안,2012-10,5종,20523
229,북천안,2012-10,6종,7963
230,팔공산,2012-10,1종,622211
230,팔공산,2012-10,2종,23778
230,팔공산,2012-10,3종,14997
230,팔공산,2012-10,4종,11391
230,팔공산,2012-10,5종,12583
230,팔공산,2012-10,6종,28951
231,화원옥포,2012-10,1종,627334
231,화원옥포,2012-10,2종,39659
231,화원옥포,2012-10,3종,22088
231,화원옥포,2012-10,4종,8274
231,화원옥포,2012-10,5종,16677
231,화원옥포,2012-10,6종,31968
232,달성,2012-10,1종,363468
232,달성,2012-10,2종,23263
232,달성,2012-10,3종,21988
232,달성,2012-10,4종,6475
232,달성,2012-10,5종,6259
232,달성,2012-10,6종,24599
233,현풍,2012-10,1종,394411
233,현풍,2012-10,2종,36356
233,현풍,2012-10,3종,23415
233,현풍,2012-10,4종,16899
233,현풍,2012-10,5종,34372
233,현풍,2012-10,6종,18961
234,서천,2012-10,1종,117632
234,서천,2012-10,2종,5205
234,서천,2012-10,3종,5535
234,서천,2012-10,4종,6507
234,서천,2012-10,5종,8012
234,서천,2012-10,6종,3938
235,창녕,2012-10,1종,184433
235,창녕,2012-10,2종,14728
235,창녕,2012-10,3종,19582
235,창녕,2012-10,4종,6533
235,창녕,2012-10,5종,16600
235,창녕,2012-10,6종,11448
236,영산,2012-10,1종,158671
236,영산,2012-10,2종,10788
236,영산,2012-10,3종,10745
236,영산,2012-10,4종,6017
236,영산,2012-10,5종,8083
236,영산,2012-10,6종,6981
237,남지,2012-10,1종,134589
237,남지,2012-10,2종,8804
237,남지,2012-10,3종,11802
237,남지,2012-10,4종,7416
237,남지,2012-10,5종,14277
237,남지,2012-10,6종,9093
238,칠서,2012-10,1종,221746
238,칠서,2012-10,2종,27779
238,칠서,2012-10,3종,13922
238,칠서,2012-10,4종,19454
238,칠서,2012-10,5종,36610
238,칠서,2012-10,6종,14499
239,칠원,2012-10,1종,569738
239,칠원,2012-10,2종,27983
239,칠원,2012-10,3종,46493
239,칠원,2012-10,4종,29841
239,칠원,2012-10,5종,35145
239,칠원,2012-10,6종,28849
240,제천,2012-10,1종,481981
240,제천,2012-10,2종,15883
240,제천,2012-10,3종,29165
240,제천,2012-10,4종,9520
240,제천,2012-10,5종,19030
240,제천,2012-10,6종,22015
241,동고령,2012-10,1종,261872
241,동고령,2012-10,2종,19526
241,동고령,2012-10,3종,15623
241,동고령,2012-10,4종,11062
241,동고령,2012-10,5종,17335
241,동고령,2012-10,6종,11124
242,고령,2012-10,1종,192912
242,고령,2012-10,2종,11605
242,고령,2012-10,3종,10262
242,고령,2012-10,4종,5568
242,고령,2012-10,5종,12811
242,고령,2012-10,6종,7736
243,해인사,2012-10,1종,122502
243,해인사,2012-10,2종,3725
243,해인사,2012-10,3종,4616
243,해인사,2012-10,4종,1304
243,해인사,2012-10,5종,6305
243,해인사,2012-10,6종,5394
244,서부산,2012-10,1종,2081640
244,서부산,2012-10,2종,77993
244,서부산,2012-10,3종,100188
244,서부산,2012-10,4종,52843
244,서부산,2012-10,5종,170260
244,서부산,2012-10,6종,132284
245,장유,2012-10,1종,1317759
245,장유,2012-10,2종,44403
245,장유,2012-10,3종,48059
245,장유,2012-10,4종,19814
245,장유,2012-10,5종,27057
245,장유,2012-10,6종,98741
246,가락,2012-10,1종,741593
246,가락,2012-10,2종,36853
246,가락,2012-10,3종,34444
246,가락,2012-10,4종,45275
246,가락,2012-10,5종,180543
246,가락,2012-10,6종,49828
247,남원,2012-10,1종,152779
247,남원,2012-10,2종,7282
247,남원,2012-10,3종,9044
247,남원,2012-10,4종,2475
247,남원,2012-10,5종,14835
247,남원,2012-10,6종,5675
248,순창,2012-10,1종,139919
248,순창,2012-10,2종,4680
248,순창,2012-10,3종,6777
248,순창,2012-10,4종,2222
248,순창,2012-10,5종,4874
248,순창,2012-10,6종,4708
249,담양,2012-10,1종,177198
249,담양,2012-10,2종,5117
249,담양,2012-10,3종,16366
249,담양,2012-10,4종,2357
249,담양,2012-10,5종,4623
249,담양,2012-10,6종,5772
250,남양산,2012-10,1종,953137
250,남양산,2012-10,2종,51978
250,남양산,2012-10,3종,38173
250,남양산,2012-10,4종,22822
250,남양산,2012-10,5종,31519
250,남양산,2012-10,6종,69752
251,물금,2012-10,1종,414667
251,물금,2012-10,2종,43678
251,물금,2012-10,3종,20438
251,물금,2012-10,4종,35359
251,물금,2012-10,5종,69653
251,물금,2012-10,6종,29478
252,대동,2012-10,1종,2384056
252,대동,2012-10,2종,190903
252,대동,2012-10,3종,122344
252,대동,2012-10,4종,102866
252,대동,2012-10,5종,289515
252,대동,2012-10,6종,124200
253,서서울,2012-10,1종,4918263
253,서서울,2012-10,2종,224072
253,서서울,2012-10,3종,162010
253,서서울,2012-10,4종,123996
253,서서울,2012-10,5종,120029
253,서서울,2012-10,6종,290874
254,군자,2012-10,1종,3038905
254,군자,2012-10,2종,180206
254,군자,2012-10,3종,178265
254,군자,2012-10,4종,125845
254,군자,2012-10,5종,264218
254,군자,2012-10,6종,201844
255,서안산,2012-10,1종,1873744
255,서안산,2012-10,2종,137824
255,서안산,2012-10,3종,74776
255,서안산,2012-10,4종,71032
255,서안산,2012-10,5종,92081
255,서안산,2012-10,6종,159339
256,안산,2012-10,1종,941956
256,안산,2012-10,2종,26531
256,안산,2012-10,3종,22372
256,안산,2012-10,4종,6035
256,안산,2012-10,5종,7870
256,안산,2012-10,6종,68290
257,홍성,2012-10,1종,312907
257,홍성,2012-10,2종,7410
257,홍성,2012-10,3종,11333
257,홍성,2012-10,4종,4242
257,홍성,2012-10,5종,5205
257,홍성,2012-10,6종,10649
258,광천,2012-10,1종,154746
258,광천,2012-10,2종,7526
258,광천,2012-10,3종,9095
258,광천,2012-10,4종,6245
258,광천,2012-10,5종,11594
258,광천,2012-10,6종,5059
259,대천,2012-10,1종,234164
259,대천,2012-10,2종,8509
259,대천,2012-10,3종,12558
259,대천,2012-10,4종,3474
259,대천,2012-10,5종,3380
259,대천,2012-10,6종,7951
260,춘장대,2012-10,1종,69764
260,춘장대,2012-10,2종,2370
260,춘장대,2012-10,3종,2525
260,춘장대,2012-10,4종,1267
260,춘장대,2012-10,5종,2058
260,춘장대,2012-10,6종,1816
261,동광주,2012-10,1종,1096662
261,동광주,2012-10,2종,39425
261,동광주,2012-10,3종,65653
261,동광주,2012-10,4종,24448
261,동광주,2012-10,5종,54523
261,동광주,2012-10,6종,36737
262,창평,2012-10,1종,94737
262,창평,2012-10,2종,6078
262,창평,2012-10,3종,3741
262,창평,2012-10,4종,2802
262,창평,2012-10,5종,2301
262,창평,2012-10,6종,2972
263,옥과,2012-10,1종,202652
263,옥과,2012-10,2종,5532
263,옥과,2012-10,3종,10514
263,옥과,2012-10,4종,3868
263,옥과,2012-10,5종,4595
263,옥과,2012-10,6종,10838
264,동남원,2012-10,1종,48748
264,동남원,2012-10,2종,2311
264,동남원,2012-10,3종,2595
264,동남원,2012-10,4종,974
264,동남원,2012-10,5종,4532
264,동남원,2012-10,6종,1969
265,곡성,2012-10,1종,173015
265,곡성,2012-10,2종,5961
265,곡성,2012-10,3종,6417
265,곡성,2012-10,4종,2637
265,곡성,2012-10,5종,8780
265,곡성,2012-10,6종,7106
266,석곡,2012-10,1종,53154
266,석곡,2012-10,2종,1626
266,석곡,2012-10,3종,2021
266,석곡,2012-10,4종,612
266,석곡,2012-10,5종,1335
266,석곡,2012-10,6종,1655
267,주암송광사,2012-10,1종,139401
267,주암송광사,2012-10,2종,4752
267,주암송광사,2012-10,3종,4316
267,주암송광사,2012-10,4종,3330
267,주암송광사,2012-10,5종,5376
267,주암송광사,2012-10,6종,4416
268,승주,2012-10,1종,72837
268,승주,2012-10,2종,1558
268,승주,2012-10,3종,2451
268,승주,2012-10,4종,828
268,승주,2012-10,5종,952
268,승주,2012-10,6종,3438
269,지리산,2012-10,1종,67877
269,지리산,2012-10,2종,2607
269,지리산,2012-10,3종,4187
269,지리산,2012-10,4종,1778
269,지리산,2012-10,5종,1055
269,지리산,2012-10,6종,1790
270,서순천,2012-10,1종,169666
270,서순천,2012-10,2종,6350
270,서순천,2012-10,3종,10796
270,서순천,2012-10,4종,2449
270,서순천,2012-10,5종,3728
270,서순천,2012-10,6종,6083
271,순천,2012-10,1종,597192
271,순천,2012-10,2종,18299
271,순천,2012-10,3종,20444
271,순천,2012-10,4종,11506
271,순천,2012-10,5종,38236
271,순천,2012-10,6종,19418
272,광양,2012-10,1종,347783
272,광양,2012-10,2종,15200
272,광양,2012-10,3종,28380
272,광양,2012-10,4종,20309
272,광양,2012-10,5종,76153
272,광양,2012-10,6종,10736
273,동광양,2012-10,1종,134871
273,동광양,2012-10,2종,3191
273,동광양,2012-10,3종,3370
273,동광양,2012-10,4종,2479
273,동광양,2012-10,5종,16908
273,동광양,2012-10,6종,6032
274,가조,2012-10,1종,59598
274,가조,2012-10,2종,2332
274,가조,2012-10,3종,3316
274,가조,2012-10,4종,1325
274,가조,2012-10,5종,1597
274,가조,2012-10,6종,3637
275,옥곡,2012-10,1종,133129
275,옥곡,2012-10,2종,3402
275,옥곡,2012-10,3종,5123
275,옥곡,2012-10,4종,3107
275,옥곡,2012-10,5종,9182
275,옥곡,2012-10,6종,6069
276,진월,2012-10,1종,76547
276,진월,2012-10,2종,2517
276,진월,2012-10,3종,2190
276,진월,2012-10,4종,5698
276,진월,2012-10,5종,36729
276,진월,2012-10,6종,2617
277,하동,2012-10,1종,210038
277,하동,2012-10,2종,5836
277,하동,2012-10,3종,9261
277,하동,2012-10,4종,9822
277,하동,2012-10,5종,41464
277,하동,2012-10,6종,8824
278,진교,2012-10,1종,177672
278,진교,2012-10,2종,5740
278,진교,2012-10,3종,14301
278,진교,2012-10,4종,1262
278,진교,2012-10,5종,2775
278,진교,2012-10,6종,9937
279,곤양,2012-10,1종,131091
279,곤양,2012-10,2종,5142
279,곤양,2012-10,3종,7602
279,곤양,2012-10,4종,3032
279,곤양,2012-10,5종,8182
279,곤양,2012-10,6종,6237
280,거창,2012-10,1종,172450
280,거창,2012-10,2종,9195
280,거창,2012-10,3종,15709
280,거창,2012-10,4종,2792
280,거창,2012-10,5종,4191
280,거창,2012-10,6종,8685
281,매송,2012-10,1종,515797
281,매송,2012-10,2종,36518
281,매송,2012-10,3종,27384
281,매송,2012-10,4종,17252
281,매송,2012-10,5종,23488
281,매송,2012-10,6종,27347
282,비봉,2012-10,1종,873092
282,비봉,2012-10,2종,60855
282,비봉,2012-10,3종,43992
282,비봉,2012-10,4종,28875
282,비봉,2012-10,5종,47003
282,비봉,2012-10,6종,49548
283,발안,2012-10,1종,474851
283,발안,2012-10,2종,40529
283,발안,2012-10,3종,22426
283,발안,2012-10,4종,20916
283,발안,2012-10,5종,27552
283,발안,2012-10,6종,26975
284,남양양,2012-10,1종,61378
284,남양양,2012-10,2종,1824
284,남양양,2012-10,3종,4370
284,남양양,2012-10,4종,954
284,남양양,2012-10,5종,931
284,남양양,2012-10,6종,1970
285,서평택,2012-10,1종,613435
285,서평택,2012-10,2종,50310
285,서평택,2012-10,3종,48966
285,서평택,2012-10,4종,67409
285,서평택,2012-10,5종,122741
285,서평택,2012-10,6종,31700
286,통도사휴게소,2012-10,1종,26130
286,통도사휴게소,2012-10,2종,201
286,통도사휴게소,2012-10,3종,1747
286,통도사휴게소,2012-10,4종,0
286,통도사휴게소,2012-10,5종,0
286,통도사휴게소,2012-10,6종,1013
287,송악,2012-10,1종,510215
287,송악,2012-10,2종,26680
287,송악,2012-10,3종,21219
287,송악,2012-10,4종,21869
287,송악,2012-10,5종,109745
287,송악,2012-10,6종,21451
288,당진,2012-10,1종,421442
288,당진,2012-10,2종,21423
288,당진,2012-10,3종,27924
288,당진,2012-10,4종,24326
288,당진,2012-10,5종,59149
288,당진,2012-10,6종,19864
289,마산,2012-10,1종,949675
289,마산,2012-10,2종,39070
289,마산,2012-10,3종,47302
289,마산,2012-10,4종,17379
289,마산,2012-10,5종,23023
289,마산,2012-10,6종,63421
290,축동,2012-10,1종,48908
290,축동,2012-10,2종,3080
290,축동,2012-10,3종,1484
290,축동,2012-10,4종,2277
290,축동,2012-10,5종,9127
290,축동,2012-10,6종,2308
291,사천,2012-10,1종,671711
291,사천,2012-10,2종,29756
291,사천,2012-10,3종,28978
291,사천,2012-10,4종,15339
291,사천,2012-10,5종,27918
291,사천,2012-10,6종,41912
292,진주,2012-10,1종,744589
292,진주,2012-10,2종,26023
292,진주,2012-10,3종,52123
292,진주,2012-10,4종,11138
292,진주,2012-10,5종,28626
292,진주,2012-10,6종,47880
293,문산,2012-10,1종,348337
293,문산,2012-10,2종,12037
293,문산,2012-10,3종,7615
293,문산,2012-10,4종,5490
293,문산,2012-10,5종,12632
293,문산,2012-10,6종,21675
294,북창원,2012-10,1종,212728
294,북창원,2012-10,2종,9997
294,북창원,2012-10,3종,5705
294,북창원,2012-10,4종,8728
294,북창원,2012-10,5종,9155
294,북창원,2012-10,6종,10119
295,진성,2012-10,1종,147072
295,진성,2012-10,2종,10179
295,진성,2012-10,3종,6840
295,진성,2012-10,4종,4384
295,진성,2012-10,5종,11914
295,진성,2012-10,6종,7226
296,지수,2012-10,1종,48730
296,지수,2012-10,2종,3217
296,지수,2012-10,3종,1744
296,지수,2012-10,4종,1275
296,지수,2012-10,5종,4778
296,지수,2012-10,6종,3233
298,서산,2012-10,1종,517803
298,서산,2012-10,2종,20553
298,서산,2012-10,3종,32944
298,서산,2012-10,4종,22266
298,서산,2012-10,5종,35175
298,서산,2012-10,6종,19304
299,해미,2012-10,1종,143136
299,해미,2012-10,2종,7493
299,해미,2012-10,3종,8454
299,해미,2012-10,4종,4552
299,해미,2012-10,5종,9276
299,해미,2012-10,6종,5570
501,서김제,2012-10,1종,65705
501,서김제,2012-10,2종,3466
501,서김제,2012-10,3종,3746
501,서김제,2012-10,4종,2137
501,서김제,2012-10,5종,3762
501,서김제,2012-10,6종,1812
502,부안,2012-10,1종,110082
502,부안,2012-10,2종,6499
502,부안,2012-10,3종,6635
502,부안,2012-10,4종,2039
502,부안,2012-10,5종,4685
502,부안,2012-10,6종,2873
503,줄포,2012-10,1종,87697
503,줄포,2012-10,2종,3268
503,줄포,2012-10,3종,4965
503,줄포,2012-10,4종,919
503,줄포,2012-10,5종,1587
503,줄포,2012-10,6종,1957
504,선운산,2012-10,1종,129635
504,선운산,2012-10,2종,5746
504,선운산,2012-10,3종,10378
504,선운산,2012-10,4종,5928
504,선운산,2012-10,5종,6060
504,선운산,2012-10,6종,3279
505,고창,2012-10,1종,96974
505,고창,2012-10,2종,4015
505,고창,2012-10,3종,4023
505,고창,2012-10,4종,1319
505,고창,2012-10,5종,1447
505,고창,2012-10,6종,2977
506,영광,2012-10,1종,89308
506,영광,2012-10,2종,4193
506,영광,2012-10,3종,6813
506,영광,2012-10,4종,2252
506,영광,2012-10,5종,2942
506,영광,2012-10,6종,2254
507,함평,2012-10,1종,67165
507,함평,2012-10,2종,4060
507,함평,2012-10,3종,5912
507,함평,2012-10,4종,2728
507,함평,2012-10,5종,7789
507,함평,2012-10,6종,1762
508,무안,2012-10,1종,195841
508,무안,2012-10,2종,6346
508,무안,2012-10,3종,7738
508,무안,2012-10,4종,3624
508,무안,2012-10,5종,4904
508,무안,2012-10,6종,5640
509,목포,2012-10,1종,805734
509,목포,2012-10,2종,23921
509,목포,2012-10,3종,43455
509,목포,2012-10,4종,20833
509,목포,2012-10,5종,34023
509,목포,2012-10,6종,21849
511,무창포,2012-10,1종,82454
511,무창포,2012-10,2종,4300
511,무창포,2012-10,3종,3585
511,무창포,2012-10,4종,1680
511,무창포,2012-10,5종,3668
511,무창포,2012-10,6종,2308
512,연화산,2012-10,1종,40586
512,연화산,2012-10,2종,1926
512,연화산,2012-10,3종,1158
512,연화산,2012-10,4종,1048
512,연화산,2012-10,5종,2487
512,연화산,2012-10,6종,2388
513,고성,2012-10,1종,325165
513,고성,2012-10,2종,13321
513,고성,2012-10,3종,16255
513,고성,2012-10,4종,9664
513,고성,2012-10,5종,11814
513,고성,2012-10,6종,16288
514,동고성,2012-10,1종,101587
514,동고성,2012-10,2종,4878
514,동고성,2012-10,3종,5846
514,동고성,2012-10,4종,7119
514,동고성,2012-10,5종,13130
514,동고성,2012-10,6종,6951
515,북통영,2012-10,1종,144045
515,북통영,2012-10,2종,3569
515,북통영,2012-10,3종,11334
515,북통영,2012-10,4종,1774
515,북통영,2012-10,5종,2027
515,북통영,2012-10,6종,7803
516,통영,2012-10,1종,535511
516,통영,2012-10,2종,18831
516,통영,2012-10,3종,25448
516,통영,2012-10,4종,15600
516,통영,2012-10,5종,19696
516,통영,2012-10,6종,26758
518,칠곡물류,2012-10,1종,39605
518,칠곡물류,2012-10,2종,10399
518,칠곡물류,2012-10,3종,4277
518,칠곡물류,2012-10,4종,7406
518,칠곡물류,2012-10,5종,9736
518,칠곡물류,2012-10,6종,1708
519,남대구,2012-10,1종,1384800
519,남대구,2012-10,2종,70735
519,남대구,2012-10,3종,66251
519,남대구,2012-10,4종,21547
519,남대구,2012-10,5종,38372
519,남대구,2012-10,6종,69493
520,평택,2012-10,1종,551707
520,평택,2012-10,2종,34306
520,평택,2012-10,3종,43834
520,평택,2012-10,4종,18975
520,평택,2012-10,5종,26274
520,평택,2012-10,6종,28091
521,단양,2012-10,1종,85196
521,단양,2012-10,2종,2603
521,단양,2012-10,3종,6570
521,단양,2012-10,4종,1210
521,단양,2012-10,5종,8774
521,단양,2012-10,6종,2936
522,북단양,2012-10,1종,101549
522,북단양,2012-10,2종,3811
522,북단양,2012-10,3종,5488
522,북단양,2012-10,4종,5414
522,북단양,2012-10,5종,29978
522,북단양,2012-10,6종,3548
523,남제천,2012-10,1종,86211
523,남제천,2012-10,2종,2486
523,남제천,2012-10,3종,5352
523,남제천,2012-10,4종,1637
523,남제천,2012-10,5종,2622
523,남제천,2012-10,6종,2761
524,청통와촌,2012-10,1종,246216
524,청통와촌,2012-10,2종,13806
524,청통와촌,2012-10,3종,6970
524,청통와촌,2012-10,4종,4343
524,청통와촌,2012-10,5종,5307
524,청통와촌,2012-10,6종,10347
525,북영천,2012-10,1종,215460
525,북영천,2012-10,2종,7857
525,북영천,2012-10,3종,6400
525,북영천,2012-10,4종,3511
525,북영천,2012-10,5종,6523
525,북영천,2012-10,6종,6966
526,서포항,2012-10,1종,110123
526,서포항,2012-10,2종,2562
526,서포항,2012-10,3종,2923
526,서포항,2012-10,4종,828
526,서포항,2012-10,5종,2947
526,서포항,2012-10,6종,5553
527,포항,2012-10,1종,742851
527,포항,2012-10,2종,19195
527,포항,2012-10,3종,32466
527,포항,2012-10,4종,8561
527,포항,2012-10,5종,34657
527,포항,2012-10,6종,28011
528,기흥동탄,2012-10,1종,994890
528,기흥동탄,2012-10,2종,29200
528,기흥동탄,2012-10,3종,75900
528,기흥동탄,2012-10,4종,17089
528,기흥동탄,2012-10,5종,19099
528,기흥동탄,2012-10,6종,58670
529,노포,2012-10,1종,224163
529,노포,2012-10,2종,15013
529,노포,2012-10,3종,40171
529,노포,2012-10,4종,6024
529,노포,2012-10,5종,8677
529,노포,2012-10,6종,11902
530,내장산,2012-10,1종,64264
530,내장산,2012-10,2종,1412
530,내장산,2012-10,3종,2076
530,내장산,2012-10,4종,736
530,내장산,2012-10,5종,8237
530,내장산,2012-10,6종,2260
531,문의청남대,2012-10,1종,214419
531,문의청남대,2012-10,2종,8144
531,문의청남대,2012-10,3종,11444
531,문의청남대,2012-10,4종,6476
531,문의청남대,2012-10,5종,9787
531,문의청남대,2012-10,6종,8857
532,회인,2012-10,1종,50880
532,회인,2012-10,2종,1334
532,회인,2012-10,3종,1048
532,회인,2012-10,4종,1542
532,회인,2012-10,5종,1078
532,회인,2012-10,6종,2214
533,보은,2012-10,1종,168099
533,보은,2012-10,2종,5956
533,보은,2012-10,3종,7625
533,보은,2012-10,4종,2397
533,보은,2012-10,5종,2678
533,보은,2012-10,6종,6596
534,속리산,2012-10,1종,73109
534,속리산,2012-10,2종,2026
534,속리산,2012-10,3종,3194
534,속리산,2012-10,4종,1100
534,속리산,2012-10,5종,1271
534,속리산,2012-10,6종,2552
535,화서,2012-10,1종,57889
535,화서,2012-10,2종,1931
535,화서,2012-10,3종,2988
535,화서,2012-10,4종,1431
535,화서,2012-10,5종,1656
535,화서,2012-10,6종,2163
536,남상주,2012-10,1종,118116
536,남상주,2012-10,2종,5006
536,남상주,2012-10,3종,7916
536,남상주,2012-10,4종,4337
536,남상주,2012-10,5종,4035
536,남상주,2012-10,6종,4696
537,남김천,2012-10,1종,72501
537,남김천,2012-10,2종,6851
537,남김천,2012-10,3종,4404
537,남김천,2012-10,4종,5347
537,남김천,2012-10,5종,9781
537,남김천,2012-10,6종,2862
538,성주,2012-10,1종,66059
538,성주,2012-10,2종,6650
538,성주,2012-10,3종,4854
538,성주,2012-10,4종,4517
538,성주,2012-10,5종,5429
538,성주,2012-10,6종,2186
539,남성주,2012-10,1종,43119
539,남성주,2012-10,2종,6708
539,남성주,2012-10,3종,2855
539,남성주,2012-10,4종,4293
539,남성주,2012-10,5종,5898
539,남성주,2012-10,6종,1374
540,청북,2012-10,1종,340447
540,청북,2012-10,2종,46278
540,청북,2012-10,3종,29684
540,청북,2012-10,4종,29121
540,청북,2012-10,5종,33804
540,청북,2012-10,6종,17528
541,송탄,2012-10,1종,351696
541,송탄,2012-10,2종,34443
541,송탄,2012-10,3종,26681
541,송탄,2012-10,4종,29123
541,송탄,2012-10,5종,22017
541,송탄,2012-10,6종,16989
542,서안성,2012-10,1종,325557
542,서안성,2012-10,2종,33891
542,서안성,2012-10,3종,30477
542,서안성,2012-10,4종,23014
542,서안성,2012-10,5종,26077
542,서안성,2012-10,6종,14987
543,남안성,2012-10,1종,413704
543,남안성,2012-10,2종,44180
543,남안성,2012-10,3종,30977
543,남안성,2012-10,4종,27478
543,남안성,2012-10,5종,40968
543,남안성,2012-10,6종,22904
544,완주,2012-10,1종,165618
544,완주,2012-10,2종,9030
544,완주,2012-10,3종,8643
544,완주,2012-10,4종,7651
544,완주,2012-10,5종,12338
544,완주,2012-10,6종,5416
545,소양,2012-10,1종,146470
545,소양,2012-10,2종,6051
545,소양,2012-10,3종,8938
545,소양,2012-10,4종,2633
545,소양,2012-10,5종,6517
545,소양,2012-10,6종,4658
546,진안,2012-10,1종,77897
546,진안,2012-10,2종,2843
546,진안,2012-10,3종,3747
546,진안,2012-10,4종,1139
546,진안,2012-10,5종,1638
546,진안,2012-10,6종,2379
547,무안공항,2012-10,1종,41706
547,무안공항,2012-10,2종,1161
547,무안공항,2012-10,3종,1419
547,무안공항,2012-10,4종,420
547,무안공항,2012-10,5종,706
547,무안공항,2012-10,6종,939
548,북무안,2012-10,1종,104211
548,북무안,2012-10,2종,3771
548,북무안,2012-10,3종,3853
548,북무안,2012-10,4종,2489
548,북무안,2012-10,5종,2883
548,북무안,2012-10,6종,2319
549,동함평,2012-10,1종,165927
549,동함평,2012-10,2종,4974
549,동함평,2012-10,3종,5173
549,동함평,2012-10,4종,1985
549,동함평,2012-10,5종,5210
549,동함평,2012-10,6종,6649
550,문평,2012-10,1종,39355
550,문평,2012-10,2종,1374
550,문평,2012-10,3종,1249
550,문평,2012-10,4종,683
550,문평,2012-10,5종,3087
550,문평,2012-10,6종,1455
551,나주,2012-10,1종,64568
551,나주,2012-10,2종,2544
551,나주,2012-10,3종,1943
551,나주,2012-10,4종,766
551,나주,2012-10,5종,3022
551,나주,2012-10,6종,2553
552,서광산,2012-10,1종,51772
552,서광산,2012-10,2종,3617
552,서광산,2012-10,3종,3059
552,서광산,2012-10,4종,1141
552,서광산,2012-10,5종,2488
552,서광산,2012-10,6종,1579
553,동광산,2012-10,1종,825097
553,동광산,2012-10,2종,20382
553,동광산,2012-10,3종,28119
553,동광산,2012-10,4종,9235
553,동광산,2012-10,5종,19972
553,동광산,2012-10,6종,26564
554,동홍천,2012-10,1종,500669
554,동홍천,2012-10,2종,7739
554,동홍천,2012-10,3종,31380
554,동홍천,2012-10,4종,4973
554,동홍천,2012-10,5종,2659
554,동홍천,2012-10,6종,16751
555,북진천,2012-10,1종,251072
555,북진천,2012-10,2종,32244
555,북진천,2012-10,3종,31615
555,북진천,2012-10,4종,19422
555,북진천,2012-10,5종,18873
555,북진천,2012-10,6종,11008
556,동순천,2012-10,1종,226093
556,동순천,2012-10,2종,6855
556,동순천,2012-10,3종,14857
556,동순천,2012-10,4종,12313
556,동순천,2012-10,5종,47668
556,동순천,2012-10,6종,5702
557,황전,2012-10,1종,78363
557,황전,2012-10,2종,1871
557,황전,2012-10,3종,2148
557,황전,2012-10,4종,1152
557,황전,2012-10,5종,3825
557,황전,2012-10,6종,2723
558,구례화엄사,2012-10,1종,92447
558,구례화엄사,2012-10,2종,2845
558,구례화엄사,2012-10,3종,5205
558,구례화엄사,2012-10,4종,1695
558,구례화엄사,2012-10,5종,6978
558,구례화엄사,2012-10,6종,2349
559,서남원,2012-10,1종,49982
559,서남원,2012-10,2종,2212
559,서남원,2012-10,3종,2520
559,서남원,2012-10,4종,1872
559,서남원,2012-10,5종,6181
559,서남원,2012-10,6종,1600
560,감곡,2012-10,1종,352055
560,감곡,2012-10,2종,17713
560,감곡,2012-10,3종,24440
560,감곡,2012-10,4종,16057
560,감곡,2012-10,5종,33593
560,감곡,2012-10,6종,11597
561,북충주,2012-10,1종,62442
561,북충주,2012-10,2종,2123
561,북충주,2012-10,3종,1710
561,북충주,2012-10,4종,1378
561,북충주,2012-10,5종,2353
561,북충주,2012-10,6종,1621
562,충주,2012-10,1종,247455
562,충주,2012-10,2종,12012
562,충주,2012-10,3종,20707
562,충주,2012-10,4종,12752
562,충주,2012-10,5종,13211
562,충주,2012-10,6종,9469
563,괴산,2012-10,1종,71979
563,괴산,2012-10,2종,2096
563,괴산,2012-10,3종,4032
563,괴산,2012-10,4종,1903
563,괴산,2012-10,5종,5066
563,괴산,2012-10,6종,2179
564,연풍,2012-10,1종,56960
564,연풍,2012-10,2종,3723
564,연풍,2012-10,3종,8680
564,연풍,2012-10,4종,5141
564,연풍,2012-10,5종,6574
564,연풍,2012-10,6종,1492
565,문경새재,2012-10,1종,110908
565,문경새재,2012-10,2종,4479
565,문경새재,2012-10,3종,8044
565,문경새재,2012-10,4종,4273
565,문경새재,2012-10,5종,4610
565,문경새재,2012-10,6종,3294
566,점촌함창,2012-10,1종,150006
566,점촌함창,2012-10,2종,5424
566,점촌함창,2012-10,3종,11214
566,점촌함창,2012-10,4종,4874
566,점촌함창,2012-10,5종,6018
566,점촌함창,2012-10,6종,4752
567,남고창,2012-10,1종,100988
567,남고창,2012-10,2종,4088
567,남고창,2012-10,3종,3049
567,남고창,2012-10,4종,1669
567,남고창,2012-10,5종,4030
567,남고창,2012-10,6종,3888
568,장성물류,2012-10,1종,34249
568,장성물류,2012-10,2종,5595
568,장성물류,2012-10,3종,2397
568,장성물류,2012-10,4종,5857
568,장성물류,2012-10,5종,7427
568,장성물류,2012-10,6종,910
569,북광주,2012-10,1종,254600
569,북광주,2012-10,2종,13956
569,북광주,2012-10,3종,11928
569,북광주,2012-10,4종,12558
569,북광주,2012-10,5종,19432
569,북광주,2012-10,6종,7722
570,북상주,2012-10,1종,134308
570,북상주,2012-10,2종,6258
570,북상주,2012-10,3종,8471
570,북상주,2012-10,4종,4517
570,북상주,2012-10,5종,6339
570,북상주,2012-10,6종,4837
571,면천,2012-10,1종,95290
571,면천,2012-10,2종,3871
571,면천,2012-10,3종,3561
571,면천,2012-10,4종,3392
571,면천,2012-10,5종,5391
571,면천,2012-10,6종,3604
572,고덕,2012-10,1종,95158
572,고덕,2012-10,2종,4165
572,고덕,2012-10,3종,5312
572,고덕,2012-10,4종,2738
572,고덕,2012-10,5종,6145
572,고덕,2012-10,6종,3313
573,예산수덕사,2012-10,1종,313031
573,예산수덕사,2012-10,2종,12239
573,예산수덕사,2012-10,3종,12140
573,예산수덕사,2012-10,4종,9077
573,예산수덕사,2012-10,5종,10984
573,예산수덕사,2012-10,6종,10824
574,신양,2012-10,1종,87846
574,신양,2012-10,2종,4011
574,신양,2012-10,3종,3386
574,신양,2012-10,4종,2465
574,신양,2012-10,5종,3823
574,신양,2012-10,6종,2982
575,유구,2012-10,1종,110614
575,유구,2012-10,2종,6328
575,유구,2012-10,3종,4203
575,유구,2012-10,4종,5967
575,유구,2012-10,5종,8597
575,유구,2012-10,6종,4009
576,마곡사,2012-10,1종,44043
576,마곡사,2012-10,2종,1053
576,마곡사,2012-10,3종,1503
576,마곡사,2012-10,4종,646
576,마곡사,2012-10,5종,633
576,마곡사,2012-10,6종,1538
577,공주,2012-10,1종,188801
577,공주,2012-10,2종,6271
577,공주,2012-10,3종,8544
577,공주,2012-10,4종,2623
577,공주,2012-10,5종,4655
577,공주,2012-10,6종,7930
578,서세종,2012-10,1종,210222
578,서세종,2012-10,2종,12230
578,서세종,2012-10,3종,11130
578,서세종,2012-10,4종,6873
578,서세종,2012-10,5종,12303
578,서세종,2012-10,6종,8305
579,남세종,2012-10,1종,233079
579,남세종,2012-10,2종,7074
579,남세종,2012-10,3종,5931
579,남세종,2012-10,4종,3537
579,남세종,2012-10,5종,8235
579,남세종,2012-10,6종,9479
580,북강릉,2012-10,1종,186401
580,북강릉,2012-10,2종,6304
580,북강릉,2012-10,3종,10685
580,북강릉,2012-10,4종,2521
580,북강릉,2012-10,5종,3842
580,북강릉,2012-10,6종,7826
581,옥계,2012-10,1종,69525
581,옥계,2012-10,2종,2810
581,옥계,2012-10,3종,2572
581,옥계,2012-10,4종,3426
581,옥계,2012-10,5종,13603
581,옥계,2012-10,6종,3826
582,망상,2012-10,1종,116209
582,망상,2012-10,2종,3994
582,망상,2012-10,3종,15863
582,망상,2012-10,4종,1618
582,망상,2012-10,5종,1816
582,망상,2012-10,6종,6814
583,동해,2012-10,1종,334958
583,동해,2012-10,2종,11629
583,동해,2012-10,3종,16990
583,동해,2012-10,4종,8308
583,동해,2012-10,5종,24250
583,동해,2012-10,6종,14822
584,남강릉,2012-10,1종,111994
584,남강릉,2012-10,2종,6112
584,남강릉,2012-10,3종,10389
584,남강릉,2012-10,4종,3423
584,남강릉,2012-10,5종,2696
584,남강릉,2012-10,6종,6890
585,하조대,2012-10,1종,249735
585,하조대,2012-10,2종,7708
585,하조대,2012-10,3종,17130
585,하조대,2012-10,4종,4637
585,하조대,2012-10,5종,6111
585,하조대,2012-10,6종,8772
586,북남원,2012-10,1종,21861
586,북남원,2012-10,2종,850
586,북남원,2012-10,3종,508
586,북남원,2012-10,4종,262
586,북남원,2012-10,5종,4364
586,북남원,2012-10,6종,520
587,오수,2012-10,1종,135995
587,오수,2012-10,2종,5303
587,오수,2012-10,3종,7807
587,오수,2012-10,4종,3558
587,오수,2012-10,5종,6549
587,오수,2012-10,6종,4242
588,임실,2012-10,1종,49838
588,임실,2012-10,2종,2217
588,임실,2012-10,3종,2795
588,임실,2012-10,4종,1332
588,임실,2012-10,5종,3600
588,임실,2012-10,6종,1401
589,상관,2012-10,1종,132452
589,상관,2012-10,2종,5488
589,상관,2012-10,3종,7772
589,상관,2012-10,4종,4621
589,상관,2012-10,5종,26067
589,상관,2012-10,6종,3666
590,동전주,2012-10,1종,150886
590,동전주,2012-10,2종,3701
590,동전주,2012-10,3종,4512
590,동전주,2012-10,4종,1827
590,동전주,2012-10,5종,3981
590,동전주,2012-10,6종,4933
591,동서천,2012-10,1종,57433
591,동서천,2012-10,2종,2012
591,동서천,2012-10,3종,2214
591,동서천,2012-10,4종,2049
591,동서천,2012-10,5종,3914
591,동서천,2012-10,6종,1684
592,서부여,2012-10,1종,61871
592,서부여,2012-10,2종,2977
592,서부여,2012-10,3종,2350
592,서부여,2012-10,4종,1558
592,서부여,2012-10,5종,2080
592,서부여,2012-10,6종,2154
593,부여,2012-10,1종,67219
593,부여,2012-10,2종,2810
593,부여,2012-10,3종,3791
593,부여,2012-10,4종,2597
593,부여,2012-10,5종,3242
593,부여,2012-10,6종,2365
594,칠갑산,2012-10,1종,61004
594,칠갑산,2012-10,2종,2073
594,칠갑산,2012-10,3종,2662
594,칠갑산,2012-10,4종,1115
594,칠갑산,2012-10,5종,846
594,칠갑산,2012-10,6종,2077
595,서공주,2012-10,1종,62168
595,서공주,2012-10,2종,3068
595,서공주,2012-10,3종,2728
595,서공주,2012-10,4종,2183
595,서공주,2012-10,5종,3884
595,서공주,2012-10,6종,2122
597,서여주,2012-10,1종,113223
597,서여주,2012-10,2종,5226
597,서여주,2012-10,3종,7715
597,서여주,2012-10,4종,4132
597,서여주,2012-10,5종,4888
597,서여주,2012-10,6종,4694
598,북여주,2012-10,1종,74839
598,북여주,2012-10,2종,3052
598,북여주,2012-10,3종,2911
598,북여주,2012-10,4종,1624
598,북여주,2012-10,5종,2632
598,북여주,2012-10,6종,3006
599,양촌,2012-10,1종,15963
599,양촌,2012-10,2종,313
599,양촌,2012-10,3종,198
599,양촌,2012-10,4종,4
599,양촌,2012-10,5종,6
599,양촌,2012-10,6종,659
601,남천안,2012-10,1종,381603
601,남천안,2012-10,2종,33212
601,남천안,2012-10,3종,26601
601,남천안,2012-10,4종,25857
601,남천안,2012-10,5종,27045
601,남천안,2012-10,6종,14442
602,풍세상,2012-10,1종,1463364
602,풍세상,2012-10,2종,46770
602,풍세상,2012-10,3종,163338
602,풍세상,2012-10,4종,56658
602,풍세상,2012-10,5종,68596
602,풍세상,2012-10,6종,57714
603,정안,2012-10,1종,143816
603,정안,2012-10,2종,9484
603,정안,2012-10,3종,16324
603,정안,2012-10,4종,9112
603,정안,2012-10,5종,7649
603,정안,2012-10,6종,4767
604,남공주,2012-10,1종,81489
604,남공주,2012-10,2종,3959
604,남공주,2012-10,3종,5479
604,남공주,2012-10,4종,2537
604,남공주,2012-10,5종,4662
604,남공주,2012-10,6종,2738
605,탄천,2012-10,1종,25661
605,탄천,2012-10,2종,1738
605,탄천,2012-10,3종,1166
605,탄천,2012-10,4종,1099
605,탄천,2012-10,5종,2413
605,탄천,2012-10,6종,782
606,서논산,2012-10,1종,139760
606,서논산,2012-10,2종,8038
606,서논산,2012-10,3종,11435
606,서논산,2012-10,4종,6498
606,서논산,2012-10,5종,10435
606,서논산,2012-10,6종,4887
607,연무,2012-10,1종,71322
607,연무,2012-10,2종,2711
607,연무,2012-10,3종,5819
607,연무,2012-10,4종,1304
607,연무,2012-10,5종,2433
607,연무,2012-10,6종,2217
608,남논산하,2012-10,1종,793652
608,남논산하,2012-10,2종,30420
608,남논산하,2012-10,3종,117952
608,남논산하,2012-10,4종,35934
608,남논산하,2012-10,5종,57226
608,남논산하,2012-10,6종,28012
612,풍세하,2012-10,1종,1304352
612,풍세하,2012-10,2종,46831
612,풍세하,2012-10,3종,166089
612,풍세하,2012-10,4종,49096
612,풍세하,2012-10,5종,55178
612,풍세하,2012-10,6종,51053
618,남논산상,2012-10,1종,931264
618,남논산상,2012-10,2종,30100
618,남논산상,2012-10,3종,114698
618,남논산상,2012-10,4종,39000
618,남논산상,2012-10,5종,66174
618,남논산상,2012-10,6종,32534
621,동대구,2012-10,1종,844403
621,동대구,2012-10,2종,37465
621,동대구,2012-10,3종,43081
621,동대구,2012-10,4종,23969
621,동대구,2012-10,5종,25951
621,동대구,2012-10,6종,41398
622,대구,2012-10,1종,1159955
622,대구,2012-10,2종,55306
622,대구,2012-10,3종,69814
622,대구,2012-10,4종,50450
622,대구,2012-10,5종,88572
622,대구,2012-10,6종,58108
623,수성,2012-10,1종,769323
623,수성,2012-10,2종,22162
623,수성,2012-10,3종,17779
623,수성,2012-10,4종,8388
623,수성,2012-10,5종,8494
623,수성,2012-10,6종,33749
624,청도,2012-10,1종,229289
624,청도,2012-10,2종,9592
624,청도,2012-10,3종,6993
624,청도,2012-10,4종,5181
624,청도,2012-10,5종,4991
624,청도,2012-10,6종,10045
625,밀양,2012-10,1종,300320
625,밀양,2012-10,2종,16978
625,밀양,2012-10,3종,11127
625,밀양,2012-10,4종,7825
625,밀양,2012-10,5종,8482
625,밀양,2012-10,6종,12693
626,남밀양,2012-10,1종,355576
626,남밀양,2012-10,2종,24437
626,남밀양,2012-10,3종,15419
626,남밀양,2012-10,4종,12289
626,남밀양,2012-10,5종,15010
626,남밀양,2012-10,6종,19075
627,삼랑진,2012-10,1종,215495
627,삼랑진,2012-10,2종,10819
627,삼랑진,2012-10,3종,6151
627,삼랑진,2012-10,4종,3959
627,삼랑진,2012-10,5종,7114
627,삼랑진,2012-10,6종,12672
628,상동,2012-10,1종,232524
628,상동,2012-10,2종,27463
628,상동,2012-10,3종,14136
628,상동,2012-10,4종,16814
628,상동,2012-10,5종,24650
628,상동,2012-10,6종,14662
629,김해부산,2012-10,1종,1149189
629,김해부산,2012-10,2종,73615
629,김해부산,2012-10,3종,71781
629,김해부산,2012-10,4종,61713
629,김해부산,2012-10,5종,106077
629,김해부산,2012-10,6종,64056
641,울산,2012-10,1종,1162872
641,울산,2012-10,2종,59854
641,울산,2012-10,3종,77555
641,울산,2012-10,4종,47122
641,울산,2012-10,5종,122890
641,울산,2012-10,6종,56562
642,문수,2012-10,1종,113658
642,문수,2012-10,2종,5280
642,문수,2012-10,3종,4626
642,문수,2012-10,4종,4770
642,문수,2012-10,5종,7116
642,문수,2012-10,6종,6741
643,청량,2012-10,1종,499236
643,청량,2012-10,2종,14369
643,청량,2012-10,3종,13634
643,청량,2012-10,4종,20870
643,청량,2012-10,5종,83302
643,청량,2012-10,6종,30139
644,온양,2012-10,1종,183677
644,온양,2012-10,2종,4482
644,온양,2012-10,3종,2698
644,온양,2012-10,4종,3148
644,온양,2012-10,5종,12782
644,온양,2012-10,6종,12708
645,장안,2012-10,1종,248284
645,장안,2012-10,2종,7690
645,장안,2012-10,3종,5546
645,장안,2012-10,4종,5746
645,장안,2012-10,5종,15431
645,장안,2012-10,6종,14703
646,기장일광,2012-10,1종,241516
646,기장일광,2012-10,2종,3598
646,기장일광,2012-10,3종,3834
646,기장일광,2012-10,4종,1964
646,기장일광,2012-10,5종,5013
646,기장일광,2012-10,6종,15180
647,해운대송정,2012-10,1종,88487
647,해운대송정,2012-10,2종,1064
647,해운대송정,2012-10,3종,833
647,해운대송정,2012-10,4종,373
647,해운대송정,2012-10,5종,871
647,해운대송정,2012-10,6종,5136
648,해운대,2012-10,1종,702857
648,해운대,2012-10,2종,9478
648,해운대,2012-10,3종,9986
648,해운대,2012-10,4종,6519
648,해운대,2012-10,5종,35687
648,해운대,2012-10,6종,41185
651,남양주,2012-10,1종,1782348
651,남양주,2012-10,2종,46020
651,남양주,2012-10,3종,82351
651,남양주,2012-10,4종,17456
651,남양주,2012-10,5종,15056
651,남양주,2012-10,6종,95279
652,화도,2012-10,1종,863487
652,화도,2012-10,2종,35451
652,화도,2012-10,3종,35566
652,화도,2012-10,4종,11950
652,화도,2012-10,5종,11131
652,화도,2012-10,6종,60120
653,서종,2012-10,1종,182091
653,서종,2012-10,2종,1573
653,서종,2012-10,3종,1631
653,서종,2012-10,4종,960
653,서종,2012-10,5종,1256
653,서종,2012-10,6종,9870
654,설악,2012-10,1종,231453
654,설악,2012-10,2종,3454
654,설악,2012-10,3종,6056
654,설악,2012-10,4종,1658
654,설악,2012-10,5종,999
654,설악,2012-10,6종,10648
655,강촌,2012-10,1종,157216
655,강촌,2012-10,2종,2641
655,강촌,2012-10,3종,4488
655,강촌,2012-10,4종,1519
655,강촌,2012-10,5종,901
655,강촌,2012-10,6종,6314
656,남춘천,2012-10,1종,143255
656,남춘천,2012-10,2종,2491
656,남춘천,2012-10,3종,11311
656,남춘천,2012-10,4종,1619
656,남춘천,2012-10,5종,2164
656,남춘천,2012-10,6종,6189
657,동산,2012-10,1종,767258
657,동산,2012-10,2종,14310
657,동산,2012-10,3종,45376
657,동산,2012-10,4종,7762
657,동산,2012-10,5종,8184
657,동산,2012-10,6종,35268
658,조양,2012-10,1종,25621
658,조양,2012-10,2종,685
658,조양,2012-10,3종,593
658,조양,2012-10,4종,498
658,조양,2012-10,5종,295
658,조양,2012-10,6종,1194
671,봉담,2012-10,1종,1174520
671,봉담,2012-10,2종,59536
671,봉담,2012-10,3종,46682
671,봉담,2012-10,4종,20508
671,봉담,2012-10,5종,29681
671,봉담,2012-10,6종,86939
672,정남,2012-10,1종,314895
672,정남,2012-10,2종,20369
672,정남,2012-10,3종,13324
672,정남,2012-10,4종,5314
672,정남,2012-10,5종,4624
672,정남,2012-10,6종,24707
673,북오산,2012-10,1종,776421
673,북오산,2012-10,2종,30501
673,북오산,2012-10,3종,27611
673,북오산,2012-10,4종,13379
673,북오산,2012-10,5종,10924
673,북오산,2012-10,6종,54307
674,,2012-10,1종,853233
674,,2012-10,2종,47491
674,,2012-10,3종,65964
674,,2012-10,4종,22703
674,,2012-10,5종,29306
674,,2012-10,6종,58303
675,서오산,2012-10,1종,223455
675,서오산,2012-10,2종,8993
675,서오산,2012-10,3종,5862
675,서오산,2012-10,4종,3508
675,서오산,2012-10,5종,4068
675,서오산,2012-10,6종,16068
676,향남,2012-10,1종,450176
676,향남,2012-10,2종,33030
676,향남,2012-10,3종,19315
676,향남,2012-10,4종,15407
676,향남,2012-10,5종,14267
676,향남,2012-10,6종,35754
677,북평택,2012-10,1종,852369
677,북평택,2012-10,2종,39373
677,북평택,2012-10,3종,48303
677,북평택,2012-10,4종,17627
677,북평택,2012-10,5종,28563
677,북평택,2012-10,6종,49246
981,서영암,2012-10,1종,197506
981,서영암,2012-10,2종,4970
981,서영암,2012-10,3종,10965
981,서영암,2012-10,4종,5333
981,서영암,2012-10,5종,14911
981,서영암,2012-10,6종,4858
982,강진무위사,2012-10,1종,115645
982,강진무위사,2012-10,2종,3616
982,강진무위사,2012-10,3종,7570
982,강진무위사,2012-10,4종,2961
982,강진무위사,2012-10,5종,4691
982,강진무위사,2012-10,6종,2754
983,장흥,2012-10,1종,98457
983,장흥,2012-10,2종,1743
983,장흥,2012-10,3종,3123
983,장흥,2012-10,4종,863
983,장흥,2012-10,5종,1137
983,장흥,2012-10,6종,2553
984,보성,2012-10,1종,125900
984,보성,2012-10,2종,5306
984,보성,2012-10,3종,6987
984,보성,2012-10,4종,3920
984,보성,2012-10,5종,9968
984,보성,2012-10,6종,3100
985,벌교,2012-10,1종,143929
985,벌교,2012-10,2종,5073
985,벌교,2012-10,3종,6713
985,벌교,2012-10,4종,3111
985,벌교,2012-10,5종,4623
985,벌교,2012-10,6종,3255
987,남순천,2012-10,1종,292112
987,남순천,2012-10,2종,8982
987,남순천,2012-10,3종,17621
987,남순천,2012-10,4종,10498
987,남순천,2012-10,5종,27747
987,남순천,2012-10,6종,6998
11,인천,2012-11,1종,3593055
11,인천,2012-11,2종,139948
11,인천,2012-11,3종,82819
11,인천,2012-11,4종,61570
11,인천,2012-11,5종,116499
11,인천,2012-11,6종,329565
12,서영암(개),2012-11,1종,22989
12,서영암(개),2012-11,2종,479
12,서영암(개),2012-11,3종,755
12,서영암(개),2012-11,4종,301
12,서영암(개),2012-11,5종,391
12,서영암(개),2012-11,6종,1136
13,순천만,2012-11,1종,119913
13,순천만,2012-11,2종,5265
13,순천만,2012-11,3종,8454
13,순천만,2012-11,4종,7654
13,순천만,2012-11,5종,11863
13,순천만,2012-11,6종,4876
53,남인천,2012-11,1종,1716291
53,남인천,2012-11,2종,49154
53,남인천,2012-11,3종,57745
53,남인천,2012-11,4종,22423
53,남인천,2012-11,5종,57500
53,남인천,2012-11,6종,144177
56,일로,2012-11,1종,36627
56,일로,2012-11,2종,893
56,일로,2012-11,3종,622
56,일로,2012-11,4종,716
56,일로,2012-11,5종,1697
56,일로,2012-11,6종,1784
61,성남,2012-11,1종,3770264
61,성남,2012-11,2종,171624
61,성남,2012-11,3종,148640
61,성남,2012-11,4종,71214
61,성남,2012-11,5종,75775
61,성남,2012-11,6종,259697
62,구리남양주,2012-11,1종,4874734
62,구리남양주,2012-11,2종,234913
62,구리남양주,2012-11,3종,183739
62,구리남양주,2012-11,4종,106142
62,구리남양주,2012-11,5종,87007
62,구리남양주,2012-11,6종,350022
63,토평,2012-11,1종,504785
63,토평,2012-11,2종,18678
63,토평,2012-11,3종,9392
63,토평,2012-11,4종,7262
63,토평,2012-11,5종,12891
63,토평,2012-11,6종,39554
64,청계,2012-11,1종,4482983
64,청계,2012-11,2종,174634
64,청계,2012-11,3종,166091
64,청계,2012-11,4종,50063
64,청계,2012-11,5종,79704
64,청계,2012-11,6종,336174
65,판교,2012-11,1종,2854660
65,판교,2012-11,2종,55117
65,판교,2012-11,3종,187372
65,판교,2012-11,4종,18853
65,판교,2012-11,5종,15652
65,판교,2012-11,6종,163824
66,하남,2012-11,1종,775218
66,하남,2012-11,2종,29184
66,하남,2012-11,3종,15588
66,하남,2012-11,4종,8184
66,하남,2012-11,5종,12854
66,하남,2012-11,6종,58287
67,시흥,2012-11,1종,3853055
67,시흥,2012-11,2종,161519
67,시흥,2012-11,3종,130164
67,시흥,2012-11,4종,74156
67,시흥,2012-11,5종,79451
67,시흥,2012-11,6종,292006
68,김포,2012-11,1종,4560348
68,김포,2012-11,2종,197080
68,김포,2012-11,3종,138114
68,김포,2012-11,4종,77817
68,김포,2012-11,5종,120207
68,김포,2012-11,6종,362422
69,대왕판교,2012-11,1종,177029
69,대왕판교,2012-11,2종,1188
69,대왕판교,2012-11,3종,257
69,대왕판교,2012-11,4종,30
69,대왕판교,2012-11,5종,6
69,대왕판교,2012-11,6종,10323
74,덕소삼패,2012-11,1종,277179
74,덕소삼패,2012-11,2종,8776
74,덕소삼패,2012-11,3종,4133
74,덕소삼패,2012-11,4종,3801
74,덕소삼패,2012-11,5종,13039
74,덕소삼패,2012-11,6종,19953
91,대동(개),2012-11,1종,139500
91,대동(개),2012-11,2종,11213
91,대동(개),2012-11,3종,5257
91,대동(개),2012-11,4종,19419
91,대동(개),2012-11,5종,12927
91,대동(개),2012-11,6종,9162
92,내서,2012-11,1종,244703
92,내서,2012-11,2종,9808
92,내서,2012-11,3종,11681
92,내서,2012-11,4종,3819
92,내서,2012-11,5종,8156
92,내서,2012-11,6종,23522
101,서울,2012-11,1종,5190824
101,서울,2012-11,2종,204479
101,서울,2012-11,3종,581808
101,서울,2012-11,4종,95900
101,서울,2012-11,5종,59065
101,서울,2012-11,6종,242952
102,동수원,2012-11,1종,1866530
102,동수원,2012-11,2종,41574
102,동수원,2012-11,3종,74662
102,동수원,2012-11,4종,19503
102,동수원,2012-11,5종,18584
102,동수원,2012-11,6종,111661
103,수원신갈,2012-11,1종,2367484
103,수원신갈,2012-11,2종,101830
103,수원신갈,2012-11,3종,159315
103,수원신갈,2012-11,4종,34666
103,수원신갈,2012-11,5종,24485
103,수원신갈,2012-11,6종,133768
104,지곡,2012-11,1종,37498
104,지곡,2012-11,2종,2135
104,지곡,2012-11,3종,2351
104,지곡,2012-11,4종,1585
104,지곡,2012-11,5종,2315
104,지곡,2012-11,6종,1608
105,기흥,2012-11,1종,370425
105,기흥,2012-11,2종,30762
105,기흥,2012-11,3종,16175
105,기흥,2012-11,4종,9708
105,기흥,2012-11,5종,10548
105,기흥,2012-11,6종,19128
106,오산,2012-11,1종,1101802
106,오산,2012-11,2종,79344
106,오산,2012-11,3종,79708
106,오산,2012-11,4종,34126
106,오산,2012-11,5종,25713
106,오산,2012-11,6종,68649
107,안성,2012-11,1종,815988
107,안성,2012-11,2종,38929
107,안성,2012-11,3종,56771
107,안성,2012-11,4종,17949
107,안성,2012-11,5종,13936
107,안성,2012-11,6종,51322
108,천안,2012-11,1종,1390538
108,천안,2012-11,2종,57825
108,천안,2012-11,3종,107597
108,천안,2012-11,4종,43818
108,천안,2012-11,5종,36816
108,천안,2012-11,6종,68499
109,계룡,2012-11,1종,136228
109,계룡,2012-11,2종,10984
109,계룡,2012-11,3종,11882
109,계룡,2012-11,4종,8732
109,계룡,2012-11,5종,5190
109,계룡,2012-11,6종,9036
110,독립기념관,2012-11,1종,327614
110,독립기념관,2012-11,2종,25392
110,독립기념관,2012-11,3종,27438
110,독립기념관,2012-11,4종,29390
110,독립기념관,2012-11,5종,19303
110,독립기념관,2012-11,6종,13223
111,청주,2012-11,1종,477582
111,청주,2012-11,2종,22421
111,청주,2012-11,3종,48359
111,청주,2012-11,4종,14226
111,청주,2012-11,5종,21693
111,청주,2012-11,6종,23514
112,남청주,2012-11,1종,503862
112,남청주,2012-11,2종,48140
112,남청주,2012-11,3종,41185
112,남청주,2012-11,4종,49343
112,남청주,2012-11,5종,43917
112,남청주,2012-11,6종,22073
113,신탄진,2012-11,1종,756983
113,신탄진,2012-11,2종,53101
113,신탄진,2012-11,3종,32735
113,신탄진,2012-11,4종,52870
113,신탄진,2012-11,5종,49576
113,신탄진,2012-11,6종,40042
114,남대전,2012-11,1종,273787
114,남대전,2012-11,2종,13541
114,남대전,2012-11,3종,8930
114,남대전,2012-11,4종,6089
114,남대전,2012-11,5종,6532
114,남대전,2012-11,6종,14536
115,대전,2012-11,1종,1270503
115,대전,2012-11,2종,44393
115,대전,2012-11,3종,83084
115,대전,2012-11,4종,16918
115,대전,2012-11,5종,24337
115,대전,2012-11,6종,65858
116,옥천,2012-11,1종,353368
116,옥천,2012-11,2종,25082
116,옥천,2012-11,3종,21528
116,옥천,2012-11,4종,39478
116,옥천,2012-11,5종,16554
116,옥천,2012-11,6종,19405
117,금강,2012-11,1종,34062
117,금강,2012-11,2종,1993
117,금강,2012-11,3종,1531
117,금강,2012-11,4종,2702
117,금강,2012-11,5종,872
117,금강,2012-11,6종,1978
118,영동,2012-11,1종,84509
118,영동,2012-11,2종,5670
118,영동,2012-11,3종,4906
118,영동,2012-11,4종,2931
118,영동,2012-11,5종,6389
118,영동,2012-11,6종,3964
119,판암,2012-11,1종,447787
119,판암,2012-11,2종,16963
119,판암,2012-11,3종,9074
119,판암,2012-11,4종,7036
119,판암,2012-11,5종,7063
119,판암,2012-11,6종,26246
120,황간,2012-11,1종,70999
120,황간,2012-11,2종,2909
120,황간,2012-11,3종,4517
120,황간,2012-11,4종,5045
120,황간,2012-11,5종,4522
120,황간,2012-11,6종,2623
121,추풍령,2012-11,1종,40631
121,추풍령,2012-11,2종,1704
121,추풍령,2012-11,3종,2052
121,추풍령,2012-11,4종,1286
121,추풍령,2012-11,5종,2300
121,추풍령,2012-11,6종,1874
122,김천,2012-11,1종,238361
122,김천,2012-11,2종,11217
122,김천,2012-11,3종,13064
122,김천,2012-11,4종,11891
122,김천,2012-11,5종,10907
122,김천,2012-11,6종,10636
123,구미,2012-11,1종,736148
123,구미,2012-11,2종,23145
123,구미,2012-11,3종,36719
123,구미,2012-11,4종,17832
123,구미,2012-11,5종,14437
123,구미,2012-11,6종,37568
124,상주,2012-11,1종,145519
124,상주,2012-11,2종,11524
124,상주,2012-11,3종,10454
124,상주,2012-11,4종,12875
124,상주,2012-11,5종,11633
124,상주,2012-11,6종,4887
125,남구미,2012-11,1종,505329
125,남구미,2012-11,2종,24278
125,남구미,2012-11,3종,33019
125,남구미,2012-11,4종,21482
125,남구미,2012-11,5종,41206
125,남구미,2012-11,6종,28313
126,왜관,2012-11,1종,587127
126,왜관,2012-11,2종,49592
126,왜관,2012-11,3종,31983
126,왜관,2012-11,4종,23619
126,왜관,2012-11,5종,41880
126,왜관,2012-11,6종,28392
127,서대구,2012-11,1종,1872923
127,서대구,2012-11,2종,106646
127,서대구,2012-11,3종,104304
127,서대구,2012-11,4종,53370
127,서대구,2012-11,5종,57394
127,서대구,2012-11,6종,86710
129,북대구,2012-11,1종,1708261
129,북대구,2012-11,2종,69619
129,북대구,2012-11,3종,55394
129,북대구,2012-11,4종,24428
129,북대구,2012-11,5종,29370
129,북대구,2012-11,6종,75713
130,동김천,2012-11,1종,45577
130,동김천,2012-11,2종,2870
130,동김천,2012-11,3종,3216
130,동김천,2012-11,4종,3862
130,동김천,2012-11,5종,5857
130,동김천,2012-11,6종,1745
131,경산,2012-11,1종,824748
131,경산,2012-11,2종,86358
131,경산,2012-11,3종,50659
131,경산,2012-11,4종,45181
131,경산,2012-11,5종,41474
131,경산,2012-11,6종,46791
132,영천,2012-11,1종,374654
132,영천,2012-11,2종,30701
132,영천,2012-11,3종,26551
132,영천,2012-11,4종,21891
132,영천,2012-11,5종,46567
132,영천,2012-11,6종,14530
133,서경주,2012-11,1종,152477
133,서경주,2012-11,2종,9831
133,서경주,2012-11,3종,10845
133,서경주,2012-11,4종,7822
133,서경주,2012-11,5종,30899
133,서경주,2012-11,6종,5472
134,선산,2012-11,1종,93208
134,선산,2012-11,2종,6975
134,선산,2012-11,3종,5435
134,선산,2012-11,4종,8631
134,선산,2012-11,5종,6220
134,선산,2012-11,6종,3595
135,경주,2012-11,1종,837713
135,경주,2012-11,2종,48136
135,경주,2012-11,3종,84072
135,경주,2012-11,4종,40379
135,경주,2012-11,5종,103096
135,경주,2012-11,6종,31559
137,통도사,2012-11,1종,271083
137,통도사,2012-11,2종,23247
137,통도사,2012-11,3종,15931
137,통도사,2012-11,4종,12129
137,통도사,2012-11,5종,17272
137,통도사,2012-11,6종,13663
138,양산,2012-11,1종,654834
138,양산,2012-11,2종,83614
138,양산,2012-11,3종,41279
138,양산,2012-11,4종,47697
138,양산,2012-11,5종,60240
138,양산,2012-11,6종,36302
139,서울산,2012-11,1종,462892
139,서울산,2012-11,2종,29086
139,서울산,2012-11,3종,31774
139,서울산,2012-11,4종,12452
139,서울산,2012-11,5종,24135
139,서울산,2012-11,6종,23638
140,부산,2012-11,1종,1508353
140,부산,2012-11,2종,68462
140,부산,2012-11,3종,52231
140,부산,2012-11,4종,37050
140,부산,2012-11,5종,63956
140,부산,2012-11,6종,84735
142,군북,2012-11,1종,318109
142,군북,2012-11,2종,13234
142,군북,2012-11,3종,12623
142,군북,2012-11,4종,9543
142,군북,2012-11,5종,20696
142,군북,2012-11,6종,18881
143,장지,2012-11,1종,110822
143,장지,2012-11,2종,6531
143,장지,2012-11,3종,4549
143,장지,2012-11,4종,3812
143,장지,2012-11,5종,17183
143,장지,2012-11,6종,6756
144,함안,2012-11,1종,250436
144,함안,2012-11,2종,15377
144,함안,2012-11,3종,8531
144,함안,2012-11,4종,9369
144,함안,2012-11,5종,18278
144,함안,2012-11,6종,16471
145,산인,2012-11,1종,716029
145,산인,2012-11,2종,21082
145,산인,2012-11,3종,35539
145,산인,2012-11,4종,13735
145,산인,2012-11,5종,26521
145,산인,2012-11,6종,41409
146,동창원,2012-11,1종,589548
146,동창원,2012-11,2종,34442
146,동창원,2012-11,3종,20446
146,동창원,2012-11,4종,17389
146,동창원,2012-11,5종,29732
146,동창원,2012-11,6종,40064
147,진례,2012-11,1종,463722
147,진례,2012-11,2종,40459
147,진례,2012-11,3종,20425
147,진례,2012-11,4종,18276
147,진례,2012-11,5종,22875
147,진례,2012-11,6종,31477
148,서김해,2012-11,1종,636560
148,서김해,2012-11,2종,24382
148,서김해,2012-11,3종,17765
148,서김해,2012-11,4종,9961
148,서김해,2012-11,5종,15863
148,서김해,2012-11,6종,45508
149,동김해,2012-11,1종,1140097
149,동김해,2012-11,2종,38562
149,동김해,2012-11,3종,33967
149,동김해,2012-11,4종,21311
149,동김해,2012-11,5종,23126
149,동김해,2012-11,6종,93064
150,북부산,2012-11,1종,2338036
150,북부산,2012-11,2종,76464
150,북부산,2012-11,3종,77688
150,북부산,2012-11,4종,40081
150,북부산,2012-11,5종,87265
150,북부산,2012-11,6종,155914
151,북대전,2012-11,1종,675028
151,북대전,2012-11,2종,19480
151,북대전,2012-11,3종,29855
151,북대전,2012-11,4종,18317
151,북대전,2012-11,5종,16370
151,북대전,2012-11,6종,38651
152,유성,2012-11,1종,1003986
152,유성,2012-11,2종,27124
152,유성,2012-11,3종,38525
152,유성,2012-11,4종,18387
152,유성,2012-11,5종,13473
152,유성,2012-11,6종,45940
153,서대전,2012-11,1종,615169
153,서대전,2012-11,2종,22688
153,서대전,2012-11,3종,18265
153,서대전,2012-11,4종,20670
153,서대전,2012-11,5종,14198
153,서대전,2012-11,6종,34966
154,안영,2012-11,1종,402716
154,안영,2012-11,2종,16563
154,안영,2012-11,3종,10373
154,안영,2012-11,4종,11321
154,안영,2012-11,5종,8559
154,안영,2012-11,6종,19941
155,논산,2012-11,1종,205072
155,논산,2012-11,2종,18032
155,논산,2012-11,3종,18828
155,논산,2012-11,4종,11990
155,논산,2012-11,5종,12597
155,논산,2012-11,6종,8161
156,익산,2012-11,1종,275177
156,익산,2012-11,2종,23282
156,익산,2012-11,3종,31131
156,익산,2012-11,4종,20411
156,익산,2012-11,5종,28838
156,익산,2012-11,6종,8706
157,삼례,2012-11,1종,104501
157,삼례,2012-11,2종,9885
157,삼례,2012-11,3종,8458
157,삼례,2012-11,4종,6245
157,삼례,2012-11,5종,11515
157,삼례,2012-11,6종,3224
158,전주,2012-11,1종,434310
158,전주,2012-11,2종,24234
158,전주,2012-11,3종,49817
158,전주,2012-11,4종,20899
158,전주,2012-11,5종,41083
158,전주,2012-11,6종,13581
159,서전주,2012-11,1종,237831
159,서전주,2012-11,2종,13557
159,서전주,2012-11,3종,12924
159,서전주,2012-11,4종,9373
159,서전주,2012-11,5종,9547
159,서전주,2012-11,6종,6894
160,김제,2012-11,1종,109049
160,김제,2012-11,2종,7554
160,김제,2012-11,3종,7728
160,김제,2012-11,4종,3732
160,김제,2012-11,5종,5985
160,김제,2012-11,6종,3156
161,금산사,2012-11,1종,40014
161,금산사,2012-11,2종,3454
161,금산사,2012-11,3종,2515
161,금산사,2012-11,4종,2747
161,금산사,2012-11,5종,2636
161,금산사,2012-11,6종,1208
162,태인,2012-11,1종,96607
162,태인,2012-11,2종,7252
162,태인,2012-11,3종,9124
162,태인,2012-11,4종,4205
162,태인,2012-11,5종,5321
162,태인,2012-11,6종,3194
163,정읍,2012-11,1종,251701
163,정읍,2012-11,2종,19489
163,정읍,2012-11,3종,23440
163,정읍,2012-11,4종,11063
163,정읍,2012-11,5종,14137
163,정읍,2012-11,6종,7432
164,무주,2012-11,1종,154703
164,무주,2012-11,2종,4999
164,무주,2012-11,3종,6439
164,무주,2012-11,4종,3010
164,무주,2012-11,5종,3954
164,무주,2012-11,6종,5263
165,백양사,2012-11,1종,93566
165,백양사,2012-11,2종,2772
165,백양사,2012-11,3종,6358
165,백양사,2012-11,4종,1588
165,백양사,2012-11,5종,9918
165,백양사,2012-11,6종,2312
166,장성,2012-11,1종,141433
166,장성,2012-11,2종,10116
166,장성,2012-11,3종,9312
166,장성,2012-11,4종,5834
166,장성,2012-11,5종,11237
166,장성,2012-11,6종,4675
167,광주,2012-11,1종,961592
167,광주,2012-11,2종,48820
167,광주,2012-11,3종,84023
167,광주,2012-11,4종,47051
167,광주,2012-11,5종,37146
167,광주,2012-11,6종,27949
168,덕유산,2012-11,1종,64007
168,덕유산,2012-11,2종,2121
168,덕유산,2012-11,3종,1796
168,덕유산,2012-11,4종,896
168,덕유산,2012-11,5종,2237
168,덕유산,2012-11,6종,1923
169,장수,2012-11,1종,106660
169,장수,2012-11,2종,4777
169,장수,2012-11,3종,4821
169,장수,2012-11,4종,2270
169,장수,2012-11,5종,3975
169,장수,2012-11,6종,3381
170,서상,2012-11,1종,48854
170,서상,2012-11,2종,3355
170,서상,2012-11,3종,4965
170,서상,2012-11,4종,3602
170,서상,2012-11,5종,5370
170,서상,2012-11,6종,1972
171,마성,2012-11,1종,247147
171,마성,2012-11,2종,6393
171,마성,2012-11,3종,22445
171,마성,2012-11,4종,1375
171,마성,2012-11,5종,2987
171,마성,2012-11,6종,13681
172,용인,2012-11,1종,784133
172,용인,2012-11,2종,64192
172,용인,2012-11,3종,36955
172,용인,2012-11,4종,20787
172,용인,2012-11,5종,13049
172,용인,2012-11,6종,54575
173,양지,2012-11,1종,776116
173,양지,2012-11,2종,94540
173,양지,2012-11,3종,59179
173,양지,2012-11,4종,50795
173,양지,2012-11,5종,41902
173,양지,2012-11,6종,43457
174,춘천,2012-11,1종,694388
174,춘천,2012-11,2종,21902
174,춘천,2012-11,3종,27600
174,춘천,2012-11,4종,10042
174,춘천,2012-11,5종,10420
174,춘천,2012-11,6종,41393
175,덕평,2012-11,1종,235148
175,덕평,2012-11,2종,41677
175,덕평,2012-11,3종,24183
175,덕평,2012-11,4종,16033
175,덕평,2012-11,5종,9624
175,덕평,2012-11,6종,13817
176,이천,2012-11,1종,571061
176,이천,2012-11,2종,43792
176,이천,2012-11,3종,48542
176,이천,2012-11,4종,42008
176,이천,2012-11,5종,37977
176,이천,2012-11,6종,27623
177,여주,2012-11,1종,473458
177,여주,2012-11,2종,24864
177,여주,2012-11,3종,45861
177,여주,2012-11,4종,21283
177,여주,2012-11,5종,13050
177,여주,2012-11,6종,19418
178,문막,2012-11,1종,327912
178,문막,2012-11,2종,25040
178,문막,2012-11,3종,33335
178,문막,2012-11,4종,13499
178,문막,2012-11,5종,18363
178,문막,2012-11,6종,14791
179,홍천,2012-11,1종,281853
179,홍천,2012-11,2종,11788
179,홍천,2012-11,3종,15383
179,홍천,2012-11,4종,8393
179,홍천,2012-11,5종,6511
179,홍천,2012-11,6종,18569
180,원주,2012-11,1종,243879
180,원주,2012-11,2종,16287
180,원주,2012-11,3종,18845
180,원주,2012-11,4종,9170
180,원주,2012-11,5종,9147
180,원주,2012-11,6종,12327
181,새말,2012-11,1종,191042
181,새말,2012-11,2종,9046
181,새말,2012-11,3종,10754
181,새말,2012-11,4종,4596
181,새말,2012-11,5종,6273
181,새말,2012-11,6종,7429
182,둔내,2012-11,1종,109559
182,둔내,2012-11,2종,4059
182,둔내,2012-11,3종,4401
182,둔내,2012-11,4종,2517
182,둔내,2012-11,5종,1404
182,둔내,2012-11,6종,4908
183,면온,2012-11,1종,99295
183,면온,2012-11,2종,1770
183,면온,2012-11,3종,3359
183,면온,2012-11,4종,918
183,면온,2012-11,5종,1155
183,면온,2012-11,6종,4265
184,대관령,2012-11,1종,173727
184,대관령,2012-11,2종,4960
184,대관령,2012-11,3종,14413
184,대관령,2012-11,4종,1067
184,대관령,2012-11,5종,1634
184,대관령,2012-11,6종,7706
185,평창,2012-11,1종,111067
185,평창,2012-11,2종,4655
185,평창,2012-11,3종,12231
185,평창,2012-11,4종,2245
185,평창,2012-11,5종,2350
185,평창,2012-11,6종,4898
186,속사,2012-11,1종,30685
186,속사,2012-11,2종,1311
186,속사,2012-11,3종,1565
186,속사,2012-11,4종,758
186,속사,2012-11,5종,926
186,속사,2012-11,6종,992
187,진부,2012-11,1종,116488
187,진부,2012-11,2종,4885
187,진부,2012-11,3종,10991
187,진부,2012-11,4종,1907
187,진부,2012-11,5종,2577
187,진부,2012-11,6종,5265
189,강릉,2012-11,1종,428792
189,강릉,2012-11,2종,15279
189,강릉,2012-11,3종,39565
189,강릉,2012-11,4종,8900
189,강릉,2012-11,5종,9908
189,강릉,2012-11,6종,21704
190,동서울,2012-11,1종,3343354
190,동서울,2012-11,2종,201334
190,동서울,2012-11,3종,223798
190,동서울,2012-11,4종,97015
190,동서울,2012-11,5종,61245
190,동서울,2012-11,6종,150818
191,경기광주,2012-11,1종,783519
191,경기광주,2012-11,2종,47626
191,경기광주,2012-11,3종,32668
191,경기광주,2012-11,4종,11386
191,경기광주,2012-11,5종,5418
191,경기광주,2012-11,6종,52078
192,곤지암,2012-11,1종,757199
192,곤지암,2012-11,2종,72052
192,곤지암,2012-11,3종,40734
192,곤지암,2012-11,4종,33646
192,곤지암,2012-11,5종,20809
192,곤지암,2012-11,6종,42311
193,일죽,2012-11,1종,460522
193,일죽,2012-11,2종,44352
193,일죽,2012-11,3종,33360
193,일죽,2012-11,4종,30412
193,일죽,2012-11,5종,23292
193,일죽,2012-11,6종,22385
194,서이천,2012-11,1종,435359
194,서이천,2012-11,2종,61676
194,서이천,2012-11,3종,45230
194,서이천,2012-11,4종,31980
194,서이천,2012-11,5종,14301
194,서이천,2012-11,6종,22904
195,대소,2012-11,1종,384764
195,대소,2012-11,2종,53660
195,대소,2012-11,3종,43389
195,대소,2012-11,4종,34470
195,대소,2012-11,5종,28976
195,대소,2012-11,6종,16307
196,진천,2012-11,1종,212676
196,진천,2012-11,2종,17861
196,진천,2012-11,3종,17060
196,진천,2012-11,4종,14096
196,진천,2012-11,5종,15334
196,진천,2012-11,6종,8653
197,증평,2012-11,1종,436632
197,증평,2012-11,2종,29654
197,증평,2012-11,3종,28187
197,증평,2012-11,4종,20200
197,증평,2012-11,5종,27788
197,증평,2012-11,6종,17764
198,서청주,2012-11,1종,759211
198,서청주,2012-11,2종,39832
198,서청주,2012-11,3종,40862
198,서청주,2012-11,4종,29465
198,서청주,2012-11,5종,22005
198,서청주,2012-11,6종,38063
199,오창,2012-11,1종,483931
199,오창,2012-11,2종,27088
199,오창,2012-11,3종,27119
199,오창,2012-11,4종,16532
199,오창,2012-11,5종,16576
199,오창,2012-11,6종,23356
200,금산,2012-11,1종,139676
200,금산,2012-11,2종,5089
200,금산,2012-11,3종,8416
200,금산,2012-11,4종,4537
200,금산,2012-11,5종,6028
200,금산,2012-11,6종,5964
201,칠곡,2012-11,1종,587140
201,칠곡,2012-11,2종,25304
201,칠곡,2012-11,3종,22525
201,칠곡,2012-11,4종,7972
201,칠곡,2012-11,5종,13004
201,칠곡,2012-11,6종,31001
202,다부,2012-11,1종,115765
202,다부,2012-11,2종,8592
202,다부,2012-11,3종,5068
202,다부,2012-11,4종,2203
202,다부,2012-11,5종,5565
202,다부,2012-11,6종,4454
203,가산,2012-11,1종,489335
203,가산,2012-11,2종,23730
203,가산,2012-11,3종,17680
203,가산,2012-11,4종,12929
203,가산,2012-11,5종,26278
203,가산,2012-11,6종,21586
204,추부,2012-11,1종,169267
204,추부,2012-11,2종,9426
204,추부,2012-11,3종,11919
204,추부,2012-11,4종,3698
204,추부,2012-11,5종,5016
204,추부,2012-11,6종,8933
205,군위,2012-11,1종,141806
205,군위,2012-11,2종,7084
205,군위,2012-11,3종,3946
205,군위,2012-11,4종,2471
205,군위,2012-11,5종,10121
205,군위,2012-11,6종,6235
206,의성,2012-11,1종,172417
206,의성,2012-11,2종,5423
206,의성,2012-11,3종,4569
206,의성,2012-11,4종,1835
206,의성,2012-11,5종,4440
206,의성,2012-11,6종,5952
207,남안동,2012-11,1종,262281
207,남안동,2012-11,2종,10081
207,남안동,2012-11,3종,7602
207,남안동,2012-11,4종,4382
207,남안동,2012-11,5종,5614
207,남안동,2012-11,6종,8959
208,서안동,2012-11,1종,188066
208,서안동,2012-11,2종,7652
208,서안동,2012-11,3종,18131
208,서안동,2012-11,4종,3984
208,서안동,2012-11,5종,6880
208,서안동,2012-11,6종,6253
209,예천,2012-11,1종,27043
209,예천,2012-11,2종,783
209,예천,2012-11,3종,495
209,예천,2012-11,4종,254
209,예천,2012-11,5종,416
209,예천,2012-11,6종,955
210,영주,2012-11,1종,133491
210,영주,2012-11,2종,5795
210,영주,2012-11,3종,6993
210,영주,2012-11,4종,3413
210,영주,2012-11,5종,11494
210,영주,2012-11,6종,4543
211,풍기,2012-11,1종,194990
211,풍기,2012-11,2종,7421
211,풍기,2012-11,3종,15686
211,풍기,2012-11,4종,4365
211,풍기,2012-11,5종,8543
211,풍기,2012-11,6종,6440
212,북수원,2012-11,1종,1191173
212,북수원,2012-11,2종,48376
212,북수원,2012-11,3종,57952
212,북수원,2012-11,4종,29817
212,북수원,2012-11,5종,18917
212,북수원,2012-11,6종,70384
213,부곡,2012-11,1종,366209
213,부곡,2012-11,2종,11874
213,부곡,2012-11,3종,9102
213,부곡,2012-11,4종,12828
213,부곡,2012-11,5종,68687
213,부곡,2012-11,6종,25091
214,동군포,2012-11,1종,156871
214,동군포,2012-11,2종,12610
214,동군포,2012-11,3종,8969
214,동군포,2012-11,4종,15149
214,동군포,2012-11,5종,9742
214,동군포,2012-11,6종,10597
215,군포,2012-11,1종,1059134
215,군포,2012-11,2종,68799
215,군포,2012-11,3종,47112
215,군포,2012-11,4종,25928
215,군포,2012-11,5종,33331
215,군포,2012-11,6종,79641
216,횡성,2012-11,1종,175715
216,횡성,2012-11,2종,8043
216,횡성,2012-11,3종,8544
216,횡성,2012-11,4종,4096
216,횡성,2012-11,5종,9328
216,횡성,2012-11,6종,8288
217,북원주,2012-11,1종,72469
217,북원주,2012-11,2종,4865
217,북원주,2012-11,3종,3417
217,북원주,2012-11,4종,2659
217,북원주,2012-11,5종,4200
217,북원주,2012-11,6종,4912
218,남원주,2012-11,1종,509101
218,남원주,2012-11,2종,19690
218,남원주,2012-11,3종,29376
218,남원주,2012-11,4종,8198
218,남원주,2012-11,5종,9409
218,남원주,2012-11,6종,26739
219,신림,2012-11,1종,90965
219,신림,2012-11,2종,3336
219,신림,2012-11,3종,2933
219,신림,2012-11,4종,3450
219,신림,2012-11,5종,7625
219,신림,2012-11,6종,3736
221,생초,2012-11,1종,58706
221,생초,2012-11,2종,3149
221,생초,2012-11,3종,3361
221,생초,2012-11,4종,2539
221,생초,2012-11,5종,13312
221,생초,2012-11,6종,2049
222,산청,2012-11,1종,51709
222,산청,2012-11,2종,2613
222,산청,2012-11,3종,2469
222,산청,2012-11,4종,1370
222,산청,2012-11,5종,2513
222,산청,2012-11,6종,2021
223,단성,2012-11,1종,97467
223,단성,2012-11,2종,3859
223,단성,2012-11,3종,6419
223,단성,2012-11,4종,2844
223,단성,2012-11,5종,4499
223,단성,2012-11,6종,3888
224,함양,2012-11,1종,103382
224,함양,2012-11,2종,4793
224,함양,2012-11,3종,7673
224,함양,2012-11,4종,2175
224,함양,2012-11,5종,3509
224,함양,2012-11,6종,4726
225,서진주,2012-11,1종,294159
225,서진주,2012-11,2종,8413
225,서진주,2012-11,3종,7335
225,서진주,2012-11,4종,3432
225,서진주,2012-11,5종,5557
225,서진주,2012-11,6종,19041
227,군산,2012-11,1종,238142
227,군산,2012-11,2종,9002
227,군산,2012-11,3종,18209
227,군산,2012-11,4종,12749
227,군산,2012-11,5종,31026
227,군산,2012-11,6종,7026
228,동군산,2012-11,1종,228520
228,동군산,2012-11,2종,11594
228,동군산,2012-11,3종,15671
228,동군산,2012-11,4종,8653
228,동군산,2012-11,5종,20120
228,동군산,2012-11,6종,6077
229,북천안,2012-11,1종,187108
229,북천안,2012-11,2종,18946
229,북천안,2012-11,3종,17588
229,북천안,2012-11,4종,21430
229,북천안,2012-11,5종,26540
229,북천안,2012-11,6종,9257
230,팔공산,2012-11,1종,587531
230,팔공산,2012-11,2종,24191
230,팔공산,2012-11,3종,13735
230,팔공산,2012-11,4종,12247
230,팔공산,2012-11,5종,11334
230,팔공산,2012-11,6종,27982
231,화원옥포,2012-11,1종,611676
231,화원옥포,2012-11,2종,40122
231,화원옥포,2012-11,3종,21859
231,화원옥포,2012-11,4종,8545
231,화원옥포,2012-11,5종,18820
231,화원옥포,2012-11,6종,31641
232,달성,2012-11,1종,369091
232,달성,2012-11,2종,23902
232,달성,2012-11,3종,21895
232,달성,2012-11,4종,6248
232,달성,2012-11,5종,7307
232,달성,2012-11,6종,24915
233,현풍,2012-11,1종,391403
233,현풍,2012-11,2종,37142
233,현풍,2012-11,3종,24252
233,현풍,2012-11,4종,18433
233,현풍,2012-11,5종,34869
233,현풍,2012-11,6종,19472
234,서천,2012-11,1종,105874
234,서천,2012-11,2종,4733
234,서천,2012-11,3종,5737
234,서천,2012-11,4종,6603
234,서천,2012-11,5종,8798
234,서천,2012-11,6종,3585
235,창녕,2012-11,1종,174935
235,창녕,2012-11,2종,26751
235,창녕,2012-11,3종,18821
235,창녕,2012-11,4종,6101
235,창녕,2012-11,5종,7887
235,창녕,2012-11,6종,10409
236,영산,2012-11,1종,151705
236,영산,2012-11,2종,10720
236,영산,2012-11,3종,10798
236,영산,2012-11,4종,6294
236,영산,2012-11,5종,9044
236,영산,2012-11,6종,6392
237,남지,2012-11,1종,130914
237,남지,2012-11,2종,8887
237,남지,2012-11,3종,11315
237,남지,2012-11,4종,7919
237,남지,2012-11,5종,14771
237,남지,2012-11,6종,8762
238,칠서,2012-11,1종,222671
238,칠서,2012-11,2종,27742
238,칠서,2012-11,3종,13908
238,칠서,2012-11,4종,20046
238,칠서,2012-11,5종,37044
238,칠서,2012-11,6종,14441
239,칠원,2012-11,1종,543281
239,칠원,2012-11,2종,28646
239,칠원,2012-11,3종,44650
239,칠원,2012-11,4종,30287
239,칠원,2012-11,5종,36837
239,칠원,2012-11,6종,27393
240,제천,2012-11,1종,434778
240,제천,2012-11,2종,15456
240,제천,2012-11,3종,25087
240,제천,2012-11,4종,9519
240,제천,2012-11,5종,19275
240,제천,2012-11,6종,23051
241,동고령,2012-11,1종,256468
241,동고령,2012-11,2종,20353
241,동고령,2012-11,3종,15680
241,동고령,2012-11,4종,11506
241,동고령,2012-11,5종,17240
241,동고령,2012-11,6종,10863
242,고령,2012-11,1종,173281
242,고령,2012-11,2종,11295
242,고령,2012-11,3종,9850
242,고령,2012-11,4종,5608
242,고령,2012-11,5종,11945
242,고령,2012-11,6종,7228
243,해인사,2012-11,1종,104725
243,해인사,2012-11,2종,3515
243,해인사,2012-11,3종,4024
243,해인사,2012-11,4종,1701
243,해인사,2012-11,5종,4786
243,해인사,2012-11,6종,4850
244,서부산,2012-11,1종,1968473
244,서부산,2012-11,2종,77864
244,서부산,2012-11,3종,101182
244,서부산,2012-11,4종,59073
244,서부산,2012-11,5종,179849
244,서부산,2012-11,6종,124453
245,장유,2012-11,1종,1297627
245,장유,2012-11,2종,45422
245,장유,2012-11,3종,52908
245,장유,2012-11,4종,26201
245,장유,2012-11,5종,36564
245,장유,2012-11,6종,96982
246,가락,2012-11,1종,701212
246,가락,2012-11,2종,36909
246,가락,2012-11,3종,28603
246,가락,2012-11,4종,40256
246,가락,2012-11,5종,172004
246,가락,2012-11,6종,47152
247,남원,2012-11,1종,143411
247,남원,2012-11,2종,7385
247,남원,2012-11,3종,8813
247,남원,2012-11,4종,2554
247,남원,2012-11,5종,14718
247,남원,2012-11,6종,5488
248,순창,2012-11,1종,132044
248,순창,2012-11,2종,4591
248,순창,2012-11,3종,8071
248,순창,2012-11,4종,2199
248,순창,2012-11,5종,6053
248,순창,2012-11,6종,4450
249,담양,2012-11,1종,158503
249,담양,2012-11,2종,4853
249,담양,2012-11,3종,16243
249,담양,2012-11,4종,2466
249,담양,2012-11,5종,5351
249,담양,2012-11,6종,4981
250,남양산,2012-11,1종,930049
250,남양산,2012-11,2종,52694
250,남양산,2012-11,3종,38027
250,남양산,2012-11,4종,23021
250,남양산,2012-11,5종,31962
250,남양산,2012-11,6종,68021
251,물금,2012-11,1종,407758
251,물금,2012-11,2종,43191
251,물금,2012-11,3종,20032
251,물금,2012-11,4종,37083
251,물금,2012-11,5종,70875
251,물금,2012-11,6종,29216
252,대동,2012-11,1종,2283451
252,대동,2012-11,2종,191615
252,대동,2012-11,3종,119650
252,대동,2012-11,4종,105706
252,대동,2012-11,5종,298128
252,대동,2012-11,6종,118069
253,서서울,2012-11,1종,4750477
253,서서울,2012-11,2종,230404
253,서서울,2012-11,3종,158850
253,서서울,2012-11,4종,132072
253,서서울,2012-11,5종,125119
253,서서울,2012-11,6종,286195
254,군자,2012-11,1종,2935479
254,군자,2012-11,2종,183731
254,군자,2012-11,3종,173918
254,군자,2012-11,4종,130567
254,군자,2012-11,5종,267167
254,군자,2012-11,6종,198718
255,서안산,2012-11,1종,1866841
255,서안산,2012-11,2종,139759
255,서안산,2012-11,3종,78104
255,서안산,2012-11,4종,74858
255,서안산,2012-11,5종,95800
255,서안산,2012-11,6종,160771
256,안산,2012-11,1종,905065
256,안산,2012-11,2종,27891
256,안산,2012-11,3종,20540
256,안산,2012-11,4종,6724
256,안산,2012-11,5종,7850
256,안산,2012-11,6종,67206
257,홍성,2012-11,1종,208425
257,홍성,2012-11,2종,6977
257,홍성,2012-11,3종,10032
257,홍성,2012-11,4종,3878
257,홍성,2012-11,5종,5209
257,홍성,2012-11,6종,6866
258,광천,2012-11,1종,131990
258,광천,2012-11,2종,7832
258,광천,2012-11,3종,9221
258,광천,2012-11,4종,6275
258,광천,2012-11,5종,12591
258,광천,2012-11,6종,4555
259,대천,2012-11,1종,209484
259,대천,2012-11,2종,7433
259,대천,2012-11,3종,11269
259,대천,2012-11,4종,3488
259,대천,2012-11,5종,4047
259,대천,2012-11,6종,7309
260,춘장대,2012-11,1종,47313
260,춘장대,2012-11,2종,1431
260,춘장대,2012-11,3종,1618
260,춘장대,2012-11,4종,1217
260,춘장대,2012-11,5종,1865
260,춘장대,2012-11,6종,1305
261,동광주,2012-11,1종,1011874
261,동광주,2012-11,2종,38786
261,동광주,2012-11,3종,62819
261,동광주,2012-11,4종,25102
261,동광주,2012-11,5종,52596
261,동광주,2012-11,6종,33780
262,창평,2012-11,1종,86966
262,창평,2012-11,2종,5924
262,창평,2012-11,3종,3359
262,창평,2012-11,4종,2801
262,창평,2012-11,5종,1986
262,창평,2012-11,6종,2870
263,옥과,2012-11,1종,194498
263,옥과,2012-11,2종,5737
263,옥과,2012-11,3종,10479
263,옥과,2012-11,4종,3582
263,옥과,2012-11,5종,4925
263,옥과,2012-11,6종,9233
264,동남원,2012-11,1종,45753
264,동남원,2012-11,2종,2176
264,동남원,2012-11,3종,2629
264,동남원,2012-11,4종,1232
264,동남원,2012-11,5종,9695
264,동남원,2012-11,6종,1837
265,곡성,2012-11,1종,141169
265,곡성,2012-11,2종,5787
265,곡성,2012-11,3종,5806
265,곡성,2012-11,4종,2653
265,곡성,2012-11,5종,9279
265,곡성,2012-11,6종,6052
266,석곡,2012-11,1종,46028
266,석곡,2012-11,2종,1612
266,석곡,2012-11,3종,2040
266,석곡,2012-11,4종,608
266,석곡,2012-11,5종,1350
266,석곡,2012-11,6종,1462
267,주암송광사,2012-11,1종,128345
267,주암송광사,2012-11,2종,4866
267,주암송광사,2012-11,3종,4298
267,주암송광사,2012-11,4종,3267
267,주암송광사,2012-11,5종,5458
267,주암송광사,2012-11,6종,4071
268,승주,2012-11,1종,68208
268,승주,2012-11,2종,1686
268,승주,2012-11,3종,3145
268,승주,2012-11,4종,833
268,승주,2012-11,5종,929
268,승주,2012-11,6종,3255
269,지리산,2012-11,1종,55725
269,지리산,2012-11,2종,2368
269,지리산,2012-11,3종,3660
269,지리산,2012-11,4종,1953
269,지리산,2012-11,5종,940
269,지리산,2012-11,6종,1428
270,서순천,2012-11,1종,164026
270,서순천,2012-11,2종,6218
270,서순천,2012-11,3종,10571
270,서순천,2012-11,4종,2369
270,서순천,2012-11,5종,4231
270,서순천,2012-11,6종,5888
271,순천,2012-11,1종,561901
271,순천,2012-11,2종,18555
271,순천,2012-11,3종,20171
271,순천,2012-11,4종,12387
271,순천,2012-11,5종,39835
271,순천,2012-11,6종,18560
272,광양,2012-11,1종,314052
272,광양,2012-11,2종,15340
272,광양,2012-11,3종,28869
272,광양,2012-11,4종,22341
272,광양,2012-11,5종,79310
272,광양,2012-11,6종,9574
273,동광양,2012-11,1종,128859
273,동광양,2012-11,2종,3279
273,동광양,2012-11,3종,3100
273,동광양,2012-11,4종,2546
273,동광양,2012-11,5종,16856
273,동광양,2012-11,6종,5929
274,가조,2012-11,1종,57453
274,가조,2012-11,2종,2216
274,가조,2012-11,3종,3418
274,가조,2012-11,4종,1518
274,가조,2012-11,5종,1257
274,가조,2012-11,6종,3666
275,옥곡,2012-11,1종,120020
275,옥곡,2012-11,2종,3045
275,옥곡,2012-11,3종,4905
275,옥곡,2012-11,4종,3998
275,옥곡,2012-11,5종,12150
275,옥곡,2012-11,6종,5366
276,진월,2012-11,1종,71100
276,진월,2012-11,2종,2383
276,진월,2012-11,3종,2318
276,진월,2012-11,4종,5821
276,진월,2012-11,5종,36069
276,진월,2012-11,6종,2649
277,하동,2012-11,1종,189194
277,하동,2012-11,2종,6353
277,하동,2012-11,3종,9708
277,하동,2012-11,4종,10723
277,하동,2012-11,5종,49088
277,하동,2012-11,6종,7883
278,진교,2012-11,1종,159270
278,진교,2012-11,2종,5773
278,진교,2012-11,3종,14407
278,진교,2012-11,4종,1442
278,진교,2012-11,5종,2623
278,진교,2012-11,6종,9583
279,곤양,2012-11,1종,115453
279,곤양,2012-11,2종,4745
279,곤양,2012-11,3종,7229
279,곤양,2012-11,4종,3456
279,곤양,2012-11,5종,7997
279,곤양,2012-11,6종,5626
280,거창,2012-11,1종,160366
280,거창,2012-11,2종,9069
280,거창,2012-11,3종,15062
280,거창,2012-11,4종,3216
280,거창,2012-11,5종,8369
280,거창,2012-11,6종,8592
281,매송,2012-11,1종,507723
281,매송,2012-11,2종,37753
281,매송,2012-11,3종,27442
281,매송,2012-11,4종,17923
281,매송,2012-11,5종,25236
281,매송,2012-11,6종,26978
282,비봉,2012-11,1종,844686
282,비봉,2012-11,2종,62690
282,비봉,2012-11,3종,43489
282,비봉,2012-11,4종,29667
282,비봉,2012-11,5종,47213
282,비봉,2012-11,6종,48987
283,발안,2012-11,1종,476761
283,발안,2012-11,2종,41257
283,발안,2012-11,3종,23088
283,발안,2012-11,4종,21887
283,발안,2012-11,5종,28367
283,발안,2012-11,6종,27000
284,남양양,2012-11,1종,44030
284,남양양,2012-11,2종,1528
284,남양양,2012-11,3종,2784
284,남양양,2012-11,4종,629
284,남양양,2012-11,5종,971
284,남양양,2012-11,6종,1405
285,서평택,2012-11,1종,598804
285,서평택,2012-11,2종,50730
285,서평택,2012-11,3종,50956
285,서평택,2012-11,4종,68919
285,서평택,2012-11,5종,126366
285,서평택,2012-11,6종,31024
286,통도사휴게소,2012-11,1종,24160
286,통도사휴게소,2012-11,2종,193
286,통도사휴게소,2012-11,3종,1700
286,통도사휴게소,2012-11,4종,0
286,통도사휴게소,2012-11,5종,0
286,통도사휴게소,2012-11,6종,1119
287,송악,2012-11,1종,494742
287,송악,2012-11,2종,26861
287,송악,2012-11,3종,21570
287,송악,2012-11,4종,22819
287,송악,2012-11,5종,104825
287,송악,2012-11,6종,20572
288,당진,2012-11,1종,416443
288,당진,2012-11,2종,20645
288,당진,2012-11,3종,25897
288,당진,2012-11,4종,14816
288,당진,2012-11,5종,48266
288,당진,2012-11,6종,17232
289,마산,2012-11,1종,943746
289,마산,2012-11,2종,41851
289,마산,2012-11,3종,53307
289,마산,2012-11,4종,26981
289,마산,2012-11,5종,34414
289,마산,2012-11,6종,63281
290,축동,2012-11,1종,46148
290,축동,2012-11,2종,2872
290,축동,2012-11,3종,1472
290,축동,2012-11,4종,2105
290,축동,2012-11,5종,10790
290,축동,2012-11,6종,2236
291,사천,2012-11,1종,618111
291,사천,2012-11,2종,30342
291,사천,2012-11,3종,28317
291,사천,2012-11,4종,16961
291,사천,2012-11,5종,32556
291,사천,2012-11,6종,40030
292,진주,2012-11,1종,647191
292,진주,2012-11,2종,26001
292,진주,2012-11,3종,49564
292,진주,2012-11,4종,12184
292,진주,2012-11,5종,28564
292,진주,2012-11,6종,42888
293,문산,2012-11,1종,285916
293,문산,2012-11,2종,12596
293,문산,2012-11,3종,8062
293,문산,2012-11,4종,6645
293,문산,2012-11,5종,13493
293,문산,2012-11,6종,17113
294,북창원,2012-11,1종,218762
294,북창원,2012-11,2종,10275
294,북창원,2012-11,3종,5653
294,북창원,2012-11,4종,9370
294,북창원,2012-11,5종,10711
294,북창원,2012-11,6종,10320
295,진성,2012-11,1종,139697
295,진성,2012-11,2종,10172
295,진성,2012-11,3종,6351
295,진성,2012-11,4종,5050
295,진성,2012-11,5종,11932
295,진성,2012-11,6종,6778
296,지수,2012-11,1종,50165
296,지수,2012-11,2종,3281
296,지수,2012-11,3종,1833
296,지수,2012-11,4종,1615
296,지수,2012-11,5종,5785
296,지수,2012-11,6종,3162
298,서산,2012-11,1종,470433
298,서산,2012-11,2종,20517
298,서산,2012-11,3종,32570
298,서산,2012-11,4종,23217
298,서산,2012-11,5종,37973
298,서산,2012-11,6종,17122
299,해미,2012-11,1종,137335
299,해미,2012-11,2종,7125
299,해미,2012-11,3종,8654
299,해미,2012-11,4종,5043
299,해미,2012-11,5종,8771
299,해미,2012-11,6종,5363
501,서김제,2012-11,1종,57920
501,서김제,2012-11,2종,3336
501,서김제,2012-11,3종,3821
501,서김제,2012-11,4종,2414
501,서김제,2012-11,5종,4047
501,서김제,2012-11,6종,1581
502,부안,2012-11,1종,101732
502,부안,2012-11,2종,5491
502,부안,2012-11,3종,6679
502,부안,2012-11,4종,2489
502,부안,2012-11,5종,5117
502,부안,2012-11,6종,2560
503,줄포,2012-11,1종,75328
503,줄포,2012-11,2종,2864
503,줄포,2012-11,3종,5639
503,줄포,2012-11,4종,1795
503,줄포,2012-11,5종,1632
503,줄포,2012-11,6종,1552
504,선운산,2012-11,1종,119531
504,선운산,2012-11,2종,5349
504,선운산,2012-11,3종,11645
504,선운산,2012-11,4종,6956
504,선운산,2012-11,5종,6951
504,선운산,2012-11,6종,2928
505,고창,2012-11,1종,88363
505,고창,2012-11,2종,4148
505,고창,2012-11,3종,4531
505,고창,2012-11,4종,2056
505,고창,2012-11,5종,1332
505,고창,2012-11,6종,2706
506,영광,2012-11,1종,79144
506,영광,2012-11,2종,4087
506,영광,2012-11,3종,7360
506,영광,2012-11,4종,3257
506,영광,2012-11,5종,3321
506,영광,2012-11,6종,1857
507,함평,2012-11,1종,58061
507,함평,2012-11,2종,4111
507,함평,2012-11,3종,6599
507,함평,2012-11,4종,3432
507,함평,2012-11,5종,7374
507,함평,2012-11,6종,1419
508,무안,2012-11,1종,180184
508,무안,2012-11,2종,6100
508,무안,2012-11,3종,7251
508,무안,2012-11,4종,3724
508,무안,2012-11,5종,5771
508,무안,2012-11,6종,5449
509,목포,2012-11,1종,705649
509,목포,2012-11,2종,22869
509,목포,2012-11,3종,40580
509,목포,2012-11,4종,22326
509,목포,2012-11,5종,38697
509,목포,2012-11,6종,19544
511,무창포,2012-11,1종,65596
511,무창포,2012-11,2종,2917
511,무창포,2012-11,3종,2596
511,무창포,2012-11,4종,1571
511,무창포,2012-11,5종,3990
511,무창포,2012-11,6종,1770
512,연화산,2012-11,1종,38468
512,연화산,2012-11,2종,1923
512,연화산,2012-11,3종,1104
512,연화산,2012-11,4종,743
512,연화산,2012-11,5종,3013
512,연화산,2012-11,6종,2189
513,고성,2012-11,1종,308200
513,고성,2012-11,2종,14069
513,고성,2012-11,3종,15526
513,고성,2012-11,4종,10201
513,고성,2012-11,5종,14007
513,고성,2012-11,6종,15387
514,동고성,2012-11,1종,102361
514,동고성,2012-11,2종,5313
514,동고성,2012-11,3종,5498
514,동고성,2012-11,4종,7361
514,동고성,2012-11,5종,16285
514,동고성,2012-11,6종,7305
515,북통영,2012-11,1종,131619
515,북통영,2012-11,2종,3822
515,북통영,2012-11,3종,10834
515,북통영,2012-11,4종,1882
515,북통영,2012-11,5종,2508
515,북통영,2012-11,6종,7144
516,통영,2012-11,1종,486559
516,통영,2012-11,2종,19503
516,통영,2012-11,3종,24902
516,통영,2012-11,4종,16904
516,통영,2012-11,5종,23575
516,통영,2012-11,6종,24755
518,칠곡물류,2012-11,1종,39902
518,칠곡물류,2012-11,2종,9830
518,칠곡물류,2012-11,3종,3588
518,칠곡물류,2012-11,4종,7564
518,칠곡물류,2012-11,5종,9745
518,칠곡물류,2012-11,6종,1691
519,남대구,2012-11,1종,1332669
519,남대구,2012-11,2종,70954
519,남대구,2012-11,3종,67069
519,남대구,2012-11,4종,22796
519,남대구,2012-11,5종,40327
519,남대구,2012-11,6종,67617
520,평택,2012-11,1종,533916
520,평택,2012-11,2종,34389
520,평택,2012-11,3종,41804
520,평택,2012-11,4종,19608
520,평택,2012-11,5종,25885
520,평택,2012-11,6종,27593
521,단양,2012-11,1종,66111
521,단양,2012-11,2종,2482
521,단양,2012-11,3종,4896
521,단양,2012-11,4종,1374
521,단양,2012-11,5종,8631
521,단양,2012-11,6종,2473
522,북단양,2012-11,1종,87804
522,북단양,2012-11,2종,3421
522,북단양,2012-11,3종,4272
522,북단양,2012-11,4종,5874
522,북단양,2012-11,5종,31791
522,북단양,2012-11,6종,3023
523,남제천,2012-11,1종,75300
523,남제천,2012-11,2종,2176
523,남제천,2012-11,3종,4173
523,남제천,2012-11,4종,1004
523,남제천,2012-11,5종,2573
523,남제천,2012-11,6종,2366
524,청통와촌,2012-11,1종,224273
524,청통와촌,2012-11,2종,14653
524,청통와촌,2012-11,3종,6359
524,청통와촌,2012-11,4종,4596
524,청통와촌,2012-11,5종,5829
524,청통와촌,2012-11,6종,9761
525,북영천,2012-11,1종,189674
525,북영천,2012-11,2종,8122
525,북영천,2012-11,3종,6058
525,북영천,2012-11,4종,3554
525,북영천,2012-11,5종,7357
525,북영천,2012-11,6종,6042
526,서포항,2012-11,1종,101380
526,서포항,2012-11,2종,2881
526,서포항,2012-11,3종,2707
526,서포항,2012-11,4종,998
526,서포항,2012-11,5종,3136
526,서포항,2012-11,6종,5088
527,포항,2012-11,1종,702046
527,포항,2012-11,2종,19756
527,포항,2012-11,3종,29487
527,포항,2012-11,4종,8958
527,포항,2012-11,5종,36298
527,포항,2012-11,6종,26477
528,기흥동탄,2012-11,1종,981587
528,기흥동탄,2012-11,2종,28412
528,기흥동탄,2012-11,3종,72200
528,기흥동탄,2012-11,4종,17250
528,기흥동탄,2012-11,5종,19104
528,기흥동탄,2012-11,6종,58449
529,노포,2012-11,1종,213869
529,노포,2012-11,2종,15681
529,노포,2012-11,3종,38471
529,노포,2012-11,4종,6095
529,노포,2012-11,5종,8981
529,노포,2012-11,6종,11644
530,내장산,2012-11,1종,65763
530,내장산,2012-11,2종,1649
530,내장산,2012-11,3종,3085
530,내장산,2012-11,4종,811
530,내장산,2012-11,5종,8336
530,내장산,2012-11,6종,2195
531,문의청남대,2012-11,1종,182945
531,문의청남대,2012-11,2종,8307
531,문의청남대,2012-11,3종,10570
531,문의청남대,2012-11,4종,7015
531,문의청남대,2012-11,5종,10203
531,문의청남대,2012-11,6종,7711
532,회인,2012-11,1종,42027
532,회인,2012-11,2종,1327
532,회인,2012-11,3종,904
532,회인,2012-11,4종,1543
532,회인,2012-11,5종,1296
532,회인,2012-11,6종,1873
533,보은,2012-11,1종,128298
533,보은,2012-11,2종,5569
533,보은,2012-11,3종,5962
533,보은,2012-11,4종,2508
533,보은,2012-11,5종,2847
533,보은,2012-11,6종,5338
534,속리산,2012-11,1종,52503
534,속리산,2012-11,2종,1984
534,속리산,2012-11,3종,2610
534,속리산,2012-11,4종,1144
534,속리산,2012-11,5종,1872
534,속리산,2012-11,6종,2011
535,화서,2012-11,1종,51300
535,화서,2012-11,2종,1907
535,화서,2012-11,3종,2472
535,화서,2012-11,4종,1170
535,화서,2012-11,5종,1469
535,화서,2012-11,6종,2078
536,남상주,2012-11,1종,110482
536,남상주,2012-11,2종,5065
536,남상주,2012-11,3종,7893
536,남상주,2012-11,4종,4536
536,남상주,2012-11,5종,4944
536,남상주,2012-11,6종,4389
537,남김천,2012-11,1종,66999
537,남김천,2012-11,2종,6072
537,남김천,2012-11,3종,4782
537,남김천,2012-11,4종,5657
537,남김천,2012-11,5종,9584
537,남김천,2012-11,6종,2408
538,성주,2012-11,1종,60144
538,성주,2012-11,2종,6344
538,성주,2012-11,3종,4416
538,성주,2012-11,4종,3880
538,성주,2012-11,5종,5145
538,성주,2012-11,6종,2000
539,남성주,2012-11,1종,42532
539,남성주,2012-11,2종,6866
539,남성주,2012-11,3종,2932
539,남성주,2012-11,4종,4401
539,남성주,2012-11,5종,5214
539,남성주,2012-11,6종,1362
540,청북,2012-11,1종,343955
540,청북,2012-11,2종,47370
540,청북,2012-11,3종,30434
540,청북,2012-11,4종,29631
540,청북,2012-11,5종,35503
540,청북,2012-11,6종,17991
541,송탄,2012-11,1종,346920
541,송탄,2012-11,2종,33588
541,송탄,2012-11,3종,26065
541,송탄,2012-11,4종,28580
541,송탄,2012-11,5종,21684
541,송탄,2012-11,6종,16994
542,서안성,2012-11,1종,316760
542,서안성,2012-11,2종,35900
542,서안성,2012-11,3종,35328
542,서안성,2012-11,4종,25186
542,서안성,2012-11,5종,26199
542,서안성,2012-11,6종,14802
543,남안성,2012-11,1종,405668
543,남안성,2012-11,2종,43986
543,남안성,2012-11,3종,30011
543,남안성,2012-11,4종,26878
543,남안성,2012-11,5종,40415
543,남안성,2012-11,6종,22732
544,완주,2012-11,1종,155349
544,완주,2012-11,2종,9397
544,완주,2012-11,3종,8313
544,완주,2012-11,4종,7998
544,완주,2012-11,5종,13017
544,완주,2012-11,6종,5098
545,소양,2012-11,1종,134433
545,소양,2012-11,2종,5874
545,소양,2012-11,3종,8534
545,소양,2012-11,4종,2745
545,소양,2012-11,5종,6797
545,소양,2012-11,6종,4241
546,진안,2012-11,1종,66015
546,진안,2012-11,2종,2798
546,진안,2012-11,3종,3731
546,진안,2012-11,4종,1222
546,진안,2012-11,5종,2294
546,진안,2012-11,6종,2000
547,무안공항,2012-11,1종,31582
547,무안공항,2012-11,2종,1009
547,무안공항,2012-11,3종,1098
547,무안공항,2012-11,4종,315
547,무안공항,2012-11,5종,739
547,무안공항,2012-11,6종,834
548,북무안,2012-11,1종,86515
548,북무안,2012-11,2종,3323
548,북무안,2012-11,3종,3623
548,북무안,2012-11,4종,2772
548,북무안,2012-11,5종,3087
548,북무안,2012-11,6종,1906
549,동함평,2012-11,1종,162218
549,동함평,2012-11,2종,4898
549,동함평,2012-11,3종,5553
549,동함평,2012-11,4종,2067
549,동함평,2012-11,5종,5108
549,동함평,2012-11,6종,6552
550,문평,2012-11,1종,35863
550,문평,2012-11,2종,1273
550,문평,2012-11,3종,1243
550,문평,2012-11,4종,580
550,문평,2012-11,5종,3134
550,문평,2012-11,6종,1289
551,나주,2012-11,1종,58407
551,나주,2012-11,2종,2490
551,나주,2012-11,3종,1855
551,나주,2012-11,4종,929
551,나주,2012-11,5종,2547
551,나주,2012-11,6종,2375
552,서광산,2012-11,1종,51858
552,서광산,2012-11,2종,3817
552,서광산,2012-11,3종,3603
552,서광산,2012-11,4종,1652
552,서광산,2012-11,5종,3250
552,서광산,2012-11,6종,1461
553,동광산,2012-11,1종,759265
553,동광산,2012-11,2종,19772
553,동광산,2012-11,3종,27338
553,동광산,2012-11,4종,10198
553,동광산,2012-11,5종,23459
553,동광산,2012-11,6종,24637
554,동홍천,2012-11,1종,370168
554,동홍천,2012-11,2종,6215
554,동홍천,2012-11,3종,18388
554,동홍천,2012-11,4종,3274
554,동홍천,2012-11,5종,2632
554,동홍천,2012-11,6종,13483
555,북진천,2012-11,1종,264190
555,북진천,2012-11,2종,33251
555,북진천,2012-11,3종,32127
555,북진천,2012-11,4종,20245
555,북진천,2012-11,5종,20553
555,북진천,2012-11,6종,11657
556,동순천,2012-11,1종,200490
556,동순천,2012-11,2종,6934
556,동순천,2012-11,3종,14331
556,동순천,2012-11,4종,13146
556,동순천,2012-11,5종,47995
556,동순천,2012-11,6종,5194
557,황전,2012-11,1종,65084
557,황전,2012-11,2종,1990
557,황전,2012-11,3종,1822
557,황전,2012-11,4종,1151
557,황전,2012-11,5종,4084
557,황전,2012-11,6종,2332
558,구례화엄사,2012-11,1종,78963
558,구례화엄사,2012-11,2종,2859
558,구례화엄사,2012-11,3종,5298
558,구례화엄사,2012-11,4종,2220
558,구례화엄사,2012-11,5종,6164
558,구례화엄사,2012-11,6종,2025
559,서남원,2012-11,1종,43263
559,서남원,2012-11,2종,2278
559,서남원,2012-11,3종,2308
559,서남원,2012-11,4종,2151
559,서남원,2012-11,5종,6970
559,서남원,2012-11,6종,1326
560,감곡,2012-11,1종,330000
560,감곡,2012-11,2종,17122
560,감곡,2012-11,3종,21691
560,감곡,2012-11,4종,16769
560,감곡,2012-11,5종,35719
560,감곡,2012-11,6종,11090
561,북충주,2012-11,1종,59003
561,북충주,2012-11,2종,2127
561,북충주,2012-11,3종,1761
561,북충주,2012-11,4종,1247
561,북충주,2012-11,5종,1743
561,북충주,2012-11,6종,1595
562,충주,2012-11,1종,238492
562,충주,2012-11,2종,11939
562,충주,2012-11,3종,20121
562,충주,2012-11,4종,13012
562,충주,2012-11,5종,13894
562,충주,2012-11,6종,9307
563,괴산,2012-11,1종,66760
563,괴산,2012-11,2종,2165
563,괴산,2012-11,3종,3618
563,괴산,2012-11,4종,1941
563,괴산,2012-11,5종,5050
563,괴산,2012-11,6종,2144
564,연풍,2012-11,1종,47583
564,연풍,2012-11,2종,3496
564,연풍,2012-11,3종,7603
564,연풍,2012-11,4종,5413
564,연풍,2012-11,5종,6502
564,연풍,2012-11,6종,1206
565,문경새재,2012-11,1종,87114
565,문경새재,2012-11,2종,4291
565,문경새재,2012-11,3종,7053
565,문경새재,2012-11,4종,4588
565,문경새재,2012-11,5종,5081
565,문경새재,2012-11,6종,2564
566,점촌함창,2012-11,1종,140292
566,점촌함창,2012-11,2종,5380
566,점촌함창,2012-11,3종,10810
566,점촌함창,2012-11,4종,5411
566,점촌함창,2012-11,5종,6441
566,점촌함창,2012-11,6종,4453
567,남고창,2012-11,1종,100998
567,남고창,2012-11,2종,4038
567,남고창,2012-11,3종,4138
567,남고창,2012-11,4종,3620
567,남고창,2012-11,5종,7242
567,남고창,2012-11,6종,3711
568,장성물류,2012-11,1종,30301
568,장성물류,2012-11,2종,5768
568,장성물류,2012-11,3종,2407
568,장성물류,2012-11,4종,6982
568,장성물류,2012-11,5종,12227
568,장성물류,2012-11,6종,788
569,북광주,2012-11,1종,246856
569,북광주,2012-11,2종,14472
569,북광주,2012-11,3종,13291
569,북광주,2012-11,4종,14000
569,북광주,2012-11,5종,19728
569,북광주,2012-11,6종,7629
570,북상주,2012-11,1종,128965
570,북상주,2012-11,2종,6316
570,북상주,2012-11,3종,8136
570,북상주,2012-11,4종,5031
570,북상주,2012-11,5종,6749
570,북상주,2012-11,6종,4609
571,면천,2012-11,1종,90869
571,면천,2012-11,2종,4090
571,면천,2012-11,3종,3294
571,면천,2012-11,4종,3643
571,면천,2012-11,5종,5595
571,면천,2012-11,6종,3388
572,고덕,2012-11,1종,99035
572,고덕,2012-11,2종,4595
572,고덕,2012-11,3종,5483
572,고덕,2012-11,4종,3134
572,고덕,2012-11,5종,6280
572,고덕,2012-11,6종,3293
573,예산수덕사,2012-11,1종,282851
573,예산수덕사,2012-11,2종,12098
573,예산수덕사,2012-11,3종,11639
573,예산수덕사,2012-11,4종,9258
573,예산수덕사,2012-11,5종,11821
573,예산수덕사,2012-11,6종,9611
574,신양,2012-11,1종,85810
574,신양,2012-11,2종,4123
574,신양,2012-11,3종,3102
574,신양,2012-11,4종,2362
574,신양,2012-11,5종,4049
574,신양,2012-11,6종,2748
575,유구,2012-11,1종,101176
575,유구,2012-11,2종,6851
575,유구,2012-11,3종,4424
575,유구,2012-11,4종,6489
575,유구,2012-11,5종,8428
575,유구,2012-11,6종,3710
576,마곡사,2012-11,1종,37722
576,마곡사,2012-11,2종,1148
576,마곡사,2012-11,3종,1456
576,마곡사,2012-11,4종,673
576,마곡사,2012-11,5종,875
576,마곡사,2012-11,6종,1386
577,공주,2012-11,1종,167143
577,공주,2012-11,2종,6312
577,공주,2012-11,3종,7079
577,공주,2012-11,4종,2911
577,공주,2012-11,5종,5286
577,공주,2012-11,6종,6911
578,서세종,2012-11,1종,184871
578,서세종,2012-11,2종,12088
578,서세종,2012-11,3종,10091
578,서세종,2012-11,4종,6985
578,서세종,2012-11,5종,12030
578,서세종,2012-11,6종,7678
579,남세종,2012-11,1종,238601
579,남세종,2012-11,2종,7401
579,남세종,2012-11,3종,5933
579,남세종,2012-11,4종,4106
579,남세종,2012-11,5종,8205
579,남세종,2012-11,6종,9724
580,북강릉,2012-11,1종,158647
580,북강릉,2012-11,2종,5850
580,북강릉,2012-11,3종,8163
580,북강릉,2012-11,4종,2278
580,북강릉,2012-11,5종,3904
580,북강릉,2012-11,6종,6685
581,옥계,2012-11,1종,63470
581,옥계,2012-11,2종,2822
581,옥계,2012-11,3종,2325
581,옥계,2012-11,4종,3760
581,옥계,2012-11,5종,14721
581,옥계,2012-11,6종,3959
582,망상,2012-11,1종,105001
582,망상,2012-11,2종,3699
582,망상,2012-11,3종,13810
582,망상,2012-11,4종,1751
582,망상,2012-11,5종,2164
582,망상,2012-11,6종,6520
583,동해,2012-11,1종,295845
583,동해,2012-11,2종,11829
583,동해,2012-11,3종,12707
583,동해,2012-11,4종,8245
583,동해,2012-11,5종,26149
583,동해,2012-11,6종,13636
584,남강릉,2012-11,1종,104921
584,남강릉,2012-11,2종,6353
584,남강릉,2012-11,3종,9694
584,남강릉,2012-11,4종,3462
584,남강릉,2012-11,5종,3053
584,남강릉,2012-11,6종,6425
585,하조대,2012-11,1종,182751
585,하조대,2012-11,2종,7081
585,하조대,2012-11,3종,12284
585,하조대,2012-11,4종,4168
585,하조대,2012-11,5종,7028
585,하조대,2012-11,6종,7255
586,북남원,2012-11,1종,20446
586,북남원,2012-11,2종,851
586,북남원,2012-11,3종,506
586,북남원,2012-11,4종,262
586,북남원,2012-11,5종,2657
586,북남원,2012-11,6종,542
587,오수,2012-11,1종,131487
587,오수,2012-11,2종,5364
587,오수,2012-11,3종,7643
587,오수,2012-11,4종,3580
587,오수,2012-11,5종,7181
587,오수,2012-11,6종,3981
588,임실,2012-11,1종,42556
588,임실,2012-11,2종,2035
588,임실,2012-11,3종,2586
588,임실,2012-11,4종,1222
588,임실,2012-11,5종,4017
588,임실,2012-11,6종,1143
589,상관,2012-11,1종,123832
589,상관,2012-11,2종,5315
589,상관,2012-11,3종,7204
589,상관,2012-11,4종,4888
589,상관,2012-11,5종,28067
589,상관,2012-11,6종,3400
590,동전주,2012-11,1종,141763
590,동전주,2012-11,2종,3974
590,동전주,2012-11,3종,4176
590,동전주,2012-11,4종,1743
590,동전주,2012-11,5종,4101
590,동전주,2012-11,6종,4599
591,동서천,2012-11,1종,49221
591,동서천,2012-11,2종,2006
591,동서천,2012-11,3종,2236
591,동서천,2012-11,4종,2305
591,동서천,2012-11,5종,4080
591,동서천,2012-11,6종,1517
592,서부여,2012-11,1종,54984
592,서부여,2012-11,2종,3046
592,서부여,2012-11,3종,2237
592,서부여,2012-11,4종,1618
592,서부여,2012-11,5종,2528
592,서부여,2012-11,6종,1936
593,부여,2012-11,1종,59180
593,부여,2012-11,2종,2816
593,부여,2012-11,3종,3150
593,부여,2012-11,4종,2467
593,부여,2012-11,5종,3081
593,부여,2012-11,6종,2061
594,칠갑산,2012-11,1종,55282
594,칠갑산,2012-11,2종,2256
594,칠갑산,2012-11,3종,2556
594,칠갑산,2012-11,4종,1101
594,칠갑산,2012-11,5종,971
594,칠갑산,2012-11,6종,1998
595,서공주,2012-11,1종,54303
595,서공주,2012-11,2종,2867
595,서공주,2012-11,3종,2424
595,서공주,2012-11,4종,2212
595,서공주,2012-11,5종,4215
595,서공주,2012-11,6종,1773
597,서여주,2012-11,1종,107053
597,서여주,2012-11,2종,5119
597,서여주,2012-11,3종,6258
597,서여주,2012-11,4종,4542
597,서여주,2012-11,5종,5597
597,서여주,2012-11,6종,4678
598,북여주,2012-11,1종,69375
598,북여주,2012-11,2종,2891
598,북여주,2012-11,3종,2577
598,북여주,2012-11,4종,1873
598,북여주,2012-11,5종,2554
598,북여주,2012-11,6종,2979
599,양촌,2012-11,1종,15317
599,양촌,2012-11,2종,345
599,양촌,2012-11,3종,186
599,양촌,2012-11,4종,3
599,양촌,2012-11,5종,8
599,양촌,2012-11,6종,635
601,남천안,2012-11,1종,375339
601,남천안,2012-11,2종,34093
601,남천안,2012-11,3종,27891
601,남천안,2012-11,4종,27436
601,남천안,2012-11,5종,27614
601,남천안,2012-11,6종,14638
602,풍세상,2012-11,1종,1284558
602,풍세상,2012-11,2종,48818
602,풍세상,2012-11,3종,158998
602,풍세상,2012-11,4종,69817
602,풍세상,2012-11,5종,72300
602,풍세상,2012-11,6종,49774
603,정안,2012-11,1종,132647
603,정안,2012-11,2종,9904
603,정안,2012-11,3종,16479
603,정안,2012-11,4종,9132
603,정안,2012-11,5종,8079
603,정안,2012-11,6종,4358
604,남공주,2012-11,1종,72032
604,남공주,2012-11,2종,4366
604,남공주,2012-11,3종,4753
604,남공주,2012-11,4종,2832
604,남공주,2012-11,5종,4849
604,남공주,2012-11,6종,2409
605,탄천,2012-11,1종,22917
605,탄천,2012-11,2종,1844
605,탄천,2012-11,3종,1045
605,탄천,2012-11,4종,1117
605,탄천,2012-11,5종,2349
605,탄천,2012-11,6종,759
606,서논산,2012-11,1종,125784
606,서논산,2012-11,2종,8030
606,서논산,2012-11,3종,10739
606,서논산,2012-11,4종,7323
606,서논산,2012-11,5종,10809
606,서논산,2012-11,6종,4460
607,연무,2012-11,1종,63834
607,연무,2012-11,2종,2701
607,연무,2012-11,3종,5655
607,연무,2012-11,4종,1409
607,연무,2012-11,5종,2406
607,연무,2012-11,6종,1916
608,남논산하,2012-11,1종,831080
608,남논산하,2012-11,2종,30738
608,남논산하,2012-11,3종,119050
608,남논산하,2012-11,4종,38860
608,남논산하,2012-11,5종,59290
608,남논산하,2012-11,6종,28400
612,풍세하,2012-11,1종,1328318
612,풍세하,2012-11,2종,47166
612,풍세하,2012-11,3종,162524
612,풍세하,2012-11,4종,51580
612,풍세하,2012-11,5종,57636
612,풍세하,2012-11,6종,50710
618,남논산상,2012-11,1종,801938
618,남논산상,2012-11,2종,31532
618,남논산상,2012-11,3종,113412
618,남논산상,2012-11,4종,43504
618,남논산상,2012-11,5종,67640
618,남논산상,2012-11,6종,27370
621,동대구,2012-11,1종,812732
621,동대구,2012-11,2종,36998
621,동대구,2012-11,3종,41360
621,동대구,2012-11,4종,24699
621,동대구,2012-11,5종,29459
621,동대구,2012-11,6종,40311
622,대구,2012-11,1종,1051913
622,대구,2012-11,2종,54957
622,대구,2012-11,3종,64517
622,대구,2012-11,4종,49416
622,대구,2012-11,5종,88719
622,대구,2012-11,6종,53014
623,수성,2012-11,1종,721496
623,수성,2012-11,2종,21636
623,수성,2012-11,3종,15365
623,수성,2012-11,4종,8985
623,수성,2012-11,5종,9064
623,수성,2012-11,6종,32771
624,청도,2012-11,1종,202093
624,청도,2012-11,2종,9192
624,청도,2012-11,3종,5890
624,청도,2012-11,4종,4198
624,청도,2012-11,5종,5281
624,청도,2012-11,6종,9105
625,밀양,2012-11,1종,278112
625,밀양,2012-11,2종,16437
625,밀양,2012-11,3종,11092
625,밀양,2012-11,4종,8045
625,밀양,2012-11,5종,8604
625,밀양,2012-11,6종,11665
626,남밀양,2012-11,1종,342809
626,남밀양,2012-11,2종,24617
626,남밀양,2012-11,3종,15583
626,남밀양,2012-11,4종,12515
626,남밀양,2012-11,5종,14182
626,남밀양,2012-11,6종,18507
627,삼랑진,2012-11,1종,208787
627,삼랑진,2012-11,2종,10767
627,삼랑진,2012-11,3종,6315
627,삼랑진,2012-11,4종,4330
627,삼랑진,2012-11,5종,6853
627,삼랑진,2012-11,6종,12523
628,상동,2012-11,1종,235537
628,상동,2012-11,2종,28000
628,상동,2012-11,3종,14650
628,상동,2012-11,4종,18841
628,상동,2012-11,5종,25560
628,상동,2012-11,6종,14531
629,김해부산,2012-11,1종,1089699
629,김해부산,2012-11,2종,73722
629,김해부산,2012-11,3종,70254
629,김해부산,2012-11,4종,63497
629,김해부산,2012-11,5종,108077
629,김해부산,2012-11,6종,60382
641,울산,2012-11,1종,1110795
641,울산,2012-11,2종,59502
641,울산,2012-11,3종,74230
641,울산,2012-11,4종,48378
641,울산,2012-11,5종,125106
641,울산,2012-11,6종,54532
642,문수,2012-11,1종,109363
642,문수,2012-11,2종,5478
642,문수,2012-11,3종,4431
642,문수,2012-11,4종,4787
642,문수,2012-11,5종,7255
642,문수,2012-11,6종,6787
643,청량,2012-11,1종,487110
643,청량,2012-11,2종,14524
643,청량,2012-11,3종,13531
643,청량,2012-11,4종,20621
643,청량,2012-11,5종,82810
643,청량,2012-11,6종,29574
644,온양,2012-11,1종,177646
644,온양,2012-11,2종,4388
644,온양,2012-11,3종,2529
644,온양,2012-11,4종,3290
644,온양,2012-11,5종,13175
644,온양,2012-11,6종,12576
645,장안,2012-11,1종,243016
645,장안,2012-11,2종,7577
645,장안,2012-11,3종,5460
645,장안,2012-11,4종,5861
645,장안,2012-11,5종,15005
645,장안,2012-11,6종,14954
646,기장일광,2012-11,1종,229194
646,기장일광,2012-11,2종,3621
646,기장일광,2012-11,3종,3720
646,기장일광,2012-11,4종,1932
646,기장일광,2012-11,5종,5248
646,기장일광,2012-11,6종,14600
647,해운대송정,2012-11,1종,84994
647,해운대송정,2012-11,2종,1065
647,해운대송정,2012-11,3종,803
647,해운대송정,2012-11,4종,475
647,해운대송정,2012-11,5종,833
647,해운대송정,2012-11,6종,5221
648,해운대,2012-11,1종,683430
648,해운대,2012-11,2종,9360
648,해운대,2012-11,3종,8986
648,해운대,2012-11,4종,6667
648,해운대,2012-11,5종,35532
648,해운대,2012-11,6종,40557
651,남양주,2012-11,1종,1517473
651,남양주,2012-11,2종,43777
651,남양주,2012-11,3종,65546
651,남양주,2012-11,4종,15704
651,남양주,2012-11,5종,16371
651,남양주,2012-11,6종,89413
652,화도,2012-11,1종,766589
652,화도,2012-11,2종,34751
652,화도,2012-11,3종,30590
652,화도,2012-11,4종,11605
652,화도,2012-11,5종,11975
652,화도,2012-11,6종,56225
653,서종,2012-11,1종,147371
653,서종,2012-11,2종,1508
653,서종,2012-11,3종,936
653,서종,2012-11,4종,820
653,서종,2012-11,5종,1007
653,서종,2012-11,6종,8536
654,설악,2012-11,1종,196642
654,설악,2012-11,2종,3625
654,설악,2012-11,3종,5850
654,설악,2012-11,4종,1637
654,설악,2012-11,5종,1258
654,설악,2012-11,6종,9782
655,강촌,2012-11,1종,125661
655,강촌,2012-11,2종,2328
655,강촌,2012-11,3종,3853
655,강촌,2012-11,4종,2033
655,강촌,2012-11,5종,1783
655,강촌,2012-11,6종,5292
656,남춘천,2012-11,1종,137576
656,남춘천,2012-11,2종,2388
656,남춘천,2012-11,3종,10364
656,남춘천,2012-11,4종,1874
656,남춘천,2012-11,5종,2486
656,남춘천,2012-11,6종,6304
657,동산,2012-11,1종,641174
657,동산,2012-11,2종,12732
657,동산,2012-11,3종,29334
657,동산,2012-11,4종,6920
657,동산,2012-11,5종,8974
657,동산,2012-11,6종,31044
658,조양,2012-11,1종,23010
658,조양,2012-11,2종,543
658,조양,2012-11,3종,541
658,조양,2012-11,4종,508
658,조양,2012-11,5종,1065
658,조양,2012-11,6종,985
671,봉담,2012-11,1종,1187941
671,봉담,2012-11,2종,61966
671,봉담,2012-11,3종,45739
671,봉담,2012-11,4종,21567
671,봉담,2012-11,5종,28626
671,봉담,2012-11,6종,89632
672,정남,2012-11,1종,322366
672,정남,2012-11,2종,21339
672,정남,2012-11,3종,13179
672,정남,2012-11,4종,5579
672,정남,2012-11,5종,4536
672,정남,2012-11,6종,25884
673,북오산,2012-11,1종,779999
673,북오산,2012-11,2종,31307
673,북오산,2012-11,3종,27355
673,북오산,2012-11,4종,14561
673,북오산,2012-11,5종,10674
673,북오산,2012-11,6종,55917
674,,2012-11,1종,855734
674,,2012-11,2종,47810
674,,2012-11,3종,61712
674,,2012-11,4종,23663
674,,2012-11,5종,27873
674,,2012-11,6종,58823
675,서오산,2012-11,1종,225305
675,서오산,2012-11,2종,9258
675,서오산,2012-11,3종,5723
675,서오산,2012-11,4종,3434
675,서오산,2012-11,5종,3869
675,서오산,2012-11,6종,16255
676,향남,2012-11,1종,454001
676,향남,2012-11,2종,33764
676,향남,2012-11,3종,20131
676,향남,2012-11,4종,16922
676,향남,2012-11,5종,14683
676,향남,2012-11,6종,36904
677,북평택,2012-11,1종,863395
677,북평택,2012-11,2종,40287
677,북평택,2012-11,3종,46938
677,북평택,2012-11,4종,19013
677,북평택,2012-11,5종,28574
677,북평택,2012-11,6종,50632
981,서영암,2012-11,1종,172306
981,서영암,2012-11,2종,4937
981,서영암,2012-11,3종,10501
981,서영암,2012-11,4종,6113
981,서영암,2012-11,5종,14995
981,서영암,2012-11,6종,4199
982,강진무위사,2012-11,1종,102499
982,강진무위사,2012-11,2종,3528
982,강진무위사,2012-11,3종,8309
982,강진무위사,2012-11,4종,4164
982,강진무위사,2012-11,5종,5012
982,강진무위사,2012-11,6종,2421
983,장흥,2012-11,1종,83160
983,장흥,2012-11,2종,1759
983,장흥,2012-11,3종,3049
983,장흥,2012-11,4종,1082
983,장흥,2012-11,5종,1019
983,장흥,2012-11,6종,2156
984,보성,2012-11,1종,116037
984,보성,2012-11,2종,5216
984,보성,2012-11,3종,5717
984,보성,2012-11,4종,4053
984,보성,2012-11,5종,11818
984,보성,2012-11,6종,2884
985,벌교,2012-11,1종,134537
985,벌교,2012-11,2종,4857
985,벌교,2012-11,3종,6547
985,벌교,2012-11,4종,3896
985,벌교,2012-11,5종,5721
985,벌교,2012-11,6종,3028
987,남순천,2012-11,1종,259548
987,남순천,2012-11,2종,8139
987,남순천,2012-11,3종,16765
987,남순천,2012-11,4종,11979
987,남순천,2012-11,5종,29874
987,남순천,2012-11,6종,6153
11,인천,2012-12,1종,3316942
11,인천,2012-12,2종,124605
11,인천,2012-12,3종,71765
11,인천,2012-12,4종,57882
11,인천,2012-12,5종,96144
11,인천,2012-12,6종,293607
12,서영암(개),2012-12,1종,19951
12,서영암(개),2012-12,2종,419
12,서영암(개),2012-12,3종,373
12,서영암(개),2012-12,4종,352
12,서영암(개),2012-12,5종,393
12,서영암(개),2012-12,6종,928
13,순천만,2012-12,1종,99163
13,순천만,2012-12,2종,4153
13,순천만,2012-12,3종,5089
13,순천만,2012-12,4종,5933
13,순천만,2012-12,5종,12194
13,순천만,2012-12,6종,4127
53,남인천,2012-12,1종,1564417
53,남인천,2012-12,2종,40696
53,남인천,2012-12,3종,50781
53,남인천,2012-12,4종,21545
53,남인천,2012-12,5종,45536
53,남인천,2012-12,6종,124845
56,일로,2012-12,1종,35565
56,일로,2012-12,2종,797
56,일로,2012-12,3종,456
56,일로,2012-12,4종,635
56,일로,2012-12,5종,1114
56,일로,2012-12,6종,1798
61,성남,2012-12,1종,3390956
61,성남,2012-12,2종,157602
61,성남,2012-12,3종,132293
61,성남,2012-12,4종,60765
61,성남,2012-12,5종,74785
61,성남,2012-12,6종,229659
62,구리남양주,2012-12,1종,4377284
62,구리남양주,2012-12,2종,203060
62,구리남양주,2012-12,3종,173574
62,구리남양주,2012-12,4종,93740
62,구리남양주,2012-12,5종,79307
62,구리남양주,2012-12,6종,310895
63,토평,2012-12,1종,448950
63,토평,2012-12,2종,16772
63,토평,2012-12,3종,8050
63,토평,2012-12,4종,7016
63,토평,2012-12,5종,11120
63,토평,2012-12,6종,35100
64,청계,2012-12,1종,4012023
64,청계,2012-12,2종,154228
64,청계,2012-12,3종,149684
64,청계,2012-12,4종,43876
64,청계,2012-12,5종,72681
64,청계,2012-12,6종,293021
65,판교,2012-12,1종,2639637
65,판교,2012-12,2종,50936
65,판교,2012-12,3종,173279
65,판교,2012-12,4종,17199
65,판교,2012-12,5종,14236
65,판교,2012-12,6종,145095
66,하남,2012-12,1종,688016
66,하남,2012-12,2종,26654
66,하남,2012-12,3종,14068
66,하남,2012-12,4종,7043
66,하남,2012-12,5종,11266
66,하남,2012-12,6종,52221
67,시흥,2012-12,1종,3462031
67,시흥,2012-12,2종,144760
67,시흥,2012-12,3종,117711
67,시흥,2012-12,4종,66766
67,시흥,2012-12,5종,69197
67,시흥,2012-12,6종,254742
68,김포,2012-12,1종,4146773
68,김포,2012-12,2종,177939
68,김포,2012-12,3종,124164
68,김포,2012-12,4종,71691
68,김포,2012-12,5종,104938
68,김포,2012-12,6종,324427
69,대왕판교,2012-12,1종,158351
69,대왕판교,2012-12,2종,1085
69,대왕판교,2012-12,3종,171
69,대왕판교,2012-12,4종,66
69,대왕판교,2012-12,5종,19
69,대왕판교,2012-12,6종,9115
74,덕소삼패,2012-12,1종,252251
74,덕소삼패,2012-12,2종,8036
74,덕소삼패,2012-12,3종,3711
74,덕소삼패,2012-12,4종,4660
74,덕소삼패,2012-12,5종,8297
74,덕소삼패,2012-12,6종,18222
91,대동(개),2012-12,1종,129429
91,대동(개),2012-12,2종,9824
91,대동(개),2012-12,3종,4717
91,대동(개),2012-12,4종,14953
91,대동(개),2012-12,5종,8433
91,대동(개),2012-12,6종,8583
92,내서,2012-12,1종,222490
92,내서,2012-12,2종,8806
92,내서,2012-12,3종,9965
92,내서,2012-12,4종,3602
92,내서,2012-12,5종,6599
92,내서,2012-12,6종,19085
101,서울,2012-12,1종,4540406
101,서울,2012-12,2종,191481
101,서울,2012-12,3종,535365
101,서울,2012-12,4종,86224
101,서울,2012-12,5종,51109
101,서울,2012-12,6종,215383
102,동수원,2012-12,1종,1735123
102,동수원,2012-12,2종,38292
102,동수원,2012-12,3종,68086
102,동수원,2012-12,4종,15727
102,동수원,2012-12,5종,16474
102,동수원,2012-12,6종,99484
103,수원신갈,2012-12,1종,2148173
103,수원신갈,2012-12,2종,100445
103,수원신갈,2012-12,3종,147454
103,수원신갈,2012-12,4종,33076
103,수원신갈,2012-12,5종,22241
103,수원신갈,2012-12,6종,118975
104,지곡,2012-12,1종,30786
104,지곡,2012-12,2종,1610
104,지곡,2012-12,3종,1698
104,지곡,2012-12,4종,1210
104,지곡,2012-12,5종,1738
104,지곡,2012-12,6종,1273
105,기흥,2012-12,1종,287494
105,기흥,2012-12,2종,28509
105,기흥,2012-12,3종,15305
105,기흥,2012-12,4종,8859
105,기흥,2012-12,5종,9354
105,기흥,2012-12,6종,15793
106,오산,2012-12,1종,990012
106,오산,2012-12,2종,84080
106,오산,2012-12,3종,77477
106,오산,2012-12,4종,33819
106,오산,2012-12,5종,24553
106,오산,2012-12,6종,61061
107,안성,2012-12,1종,730343
107,안성,2012-12,2종,36287
107,안성,2012-12,3종,52646
107,안성,2012-12,4종,17414
107,안성,2012-12,5종,12605
107,안성,2012-12,6종,44869
108,천안,2012-12,1종,1275966
108,천안,2012-12,2종,54480
108,천안,2012-12,3종,99439
108,천안,2012-12,4종,40713
108,천안,2012-12,5종,35474
108,천안,2012-12,6종,61093
109,계룡,2012-12,1종,134025
109,계룡,2012-12,2종,10784
109,계룡,2012-12,3종,11077
109,계룡,2012-12,4종,8393
109,계룡,2012-12,5종,4216
109,계룡,2012-12,6종,8757
110,독립기념관,2012-12,1종,284644
110,독립기념관,2012-12,2종,23866
110,독립기념관,2012-12,3종,24751
110,독립기념관,2012-12,4종,28741
110,독립기념관,2012-12,5종,18592
110,독립기념관,2012-12,6종,11507
111,청주,2012-12,1종,436203
111,청주,2012-12,2종,20986
111,청주,2012-12,3종,47030
111,청주,2012-12,4종,14170
111,청주,2012-12,5종,21424
111,청주,2012-12,6종,20557
112,남청주,2012-12,1종,431349
112,남청주,2012-12,2종,44363
112,남청주,2012-12,3종,36919
112,남청주,2012-12,4종,44711
112,남청주,2012-12,5종,37692
112,남청주,2012-12,6종,19150
113,신탄진,2012-12,1종,667926
113,신탄진,2012-12,2종,46599
113,신탄진,2012-12,3종,31929
113,신탄진,2012-12,4종,49106
113,신탄진,2012-12,5종,45819
113,신탄진,2012-12,6종,35226
114,남대전,2012-12,1종,239532
114,남대전,2012-12,2종,11690
114,남대전,2012-12,3종,7275
114,남대전,2012-12,4종,4623
114,남대전,2012-12,5종,5189
114,남대전,2012-12,6종,12087
115,대전,2012-12,1종,1155914
115,대전,2012-12,2종,41361
115,대전,2012-12,3종,80171
115,대전,2012-12,4종,16430
115,대전,2012-12,5종,14140
115,대전,2012-12,6종,57843
116,옥천,2012-12,1종,331386
116,옥천,2012-12,2종,21911
116,옥천,2012-12,3종,16910
116,옥천,2012-12,4종,36419
116,옥천,2012-12,5종,15247
116,옥천,2012-12,6종,18779
117,금강,2012-12,1종,23708
117,금강,2012-12,2종,1461
117,금강,2012-12,3종,1006
117,금강,2012-12,4종,2783
117,금강,2012-12,5종,563
117,금강,2012-12,6종,1334
118,영동,2012-12,1종,69833
118,영동,2012-12,2종,5025
118,영동,2012-12,3종,4313
118,영동,2012-12,4종,3085
118,영동,2012-12,5종,5849
118,영동,2012-12,6종,3371
119,판암,2012-12,1종,407411
119,판암,2012-12,2종,19346
119,판암,2012-12,3종,11897
119,판암,2012-12,4종,10888
119,판암,2012-12,5종,27983
119,판암,2012-12,6종,27759
120,황간,2012-12,1종,58350
120,황간,2012-12,2종,2425
120,황간,2012-12,3종,3642
120,황간,2012-12,4종,4631
120,황간,2012-12,5종,3998
120,황간,2012-12,6종,2320
121,추풍령,2012-12,1종,31945
121,추풍령,2012-12,2종,1313
121,추풍령,2012-12,3종,1487
121,추풍령,2012-12,4종,1116
121,추풍령,2012-12,5종,1458
121,추풍령,2012-12,6종,1564
122,김천,2012-12,1종,215418
122,김천,2012-12,2종,10764
122,김천,2012-12,3종,11335
122,김천,2012-12,4종,11276
122,김천,2012-12,5종,9977
122,김천,2012-12,6종,9503
123,구미,2012-12,1종,694621
123,구미,2012-12,2종,21423
123,구미,2012-12,3종,32929
123,구미,2012-12,4종,18759
123,구미,2012-12,5종,14315
123,구미,2012-12,6종,33435
124,상주,2012-12,1종,125489
124,상주,2012-12,2종,10172
124,상주,2012-12,3종,8884
124,상주,2012-12,4종,11287
124,상주,2012-12,5종,10100
124,상주,2012-12,6종,4037
125,남구미,2012-12,1종,495866
125,남구미,2012-12,2종,22749
125,남구미,2012-12,3종,30351
125,남구미,2012-12,4종,22091
125,남구미,2012-12,5종,40187
125,남구미,2012-12,6종,26005
126,왜관,2012-12,1종,537107
126,왜관,2012-12,2종,47248
126,왜관,2012-12,3종,29399
126,왜관,2012-12,4종,21719
126,왜관,2012-12,5종,33147
126,왜관,2012-12,6종,25466
127,서대구,2012-12,1종,1696882
127,서대구,2012-12,2종,98750
127,서대구,2012-12,3종,95816
127,서대구,2012-12,4종,50334
127,서대구,2012-12,5종,53465
127,서대구,2012-12,6종,75601
129,북대구,2012-12,1종,1537777
129,북대구,2012-12,2종,63645
129,북대구,2012-12,3종,48165
129,북대구,2012-12,4종,22351
129,북대구,2012-12,5종,27097
129,북대구,2012-12,6종,66154
130,동김천,2012-12,1종,49024
130,동김천,2012-12,2종,3016
130,동김천,2012-12,3종,3771
130,동김천,2012-12,4종,3974
130,동김천,2012-12,5종,5187
130,동김천,2012-12,6종,1909
131,경산,2012-12,1종,743289
131,경산,2012-12,2종,79234
131,경산,2012-12,3종,47981
131,경산,2012-12,4종,44129
131,경산,2012-12,5종,37098
131,경산,2012-12,6종,40332
132,영천,2012-12,1종,336989
132,영천,2012-12,2종,27759
132,영천,2012-12,3종,24319
132,영천,2012-12,4종,21150
132,영천,2012-12,5종,41385
132,영천,2012-12,6종,12688
133,서경주,2012-12,1종,141785
133,서경주,2012-12,2종,8517
133,서경주,2012-12,3종,8074
133,서경주,2012-12,4종,7294
133,서경주,2012-12,5종,27125
133,서경주,2012-12,6종,5031
134,선산,2012-12,1종,76867
134,선산,2012-12,2종,5918
134,선산,2012-12,3종,4196
134,선산,2012-12,4종,7401
134,선산,2012-12,5종,5375
134,선산,2012-12,6종,2942
135,경주,2012-12,1종,810845
135,경주,2012-12,2종,45417
135,경주,2012-12,3종,77119
135,경주,2012-12,4종,38551
135,경주,2012-12,5종,92315
135,경주,2012-12,6종,31576
137,통도사,2012-12,1종,254473
137,통도사,2012-12,2종,22639
137,통도사,2012-12,3종,15060
137,통도사,2012-12,4종,11513
137,통도사,2012-12,5종,16581
137,통도사,2012-12,6종,13547
138,양산,2012-12,1종,643806
138,양산,2012-12,2종,77912
138,양산,2012-12,3종,38321
138,양산,2012-12,4종,44579
138,양산,2012-12,5종,53371
138,양산,2012-12,6종,36135
139,서울산,2012-12,1종,416707
139,서울산,2012-12,2종,26889
139,서울산,2012-12,3종,28062
139,서울산,2012-12,4종,12164
139,서울산,2012-12,5종,22916
139,서울산,2012-12,6종,21401
140,부산,2012-12,1종,1458265
140,부산,2012-12,2종,64102
140,부산,2012-12,3종,46655
140,부산,2012-12,4종,35051
140,부산,2012-12,5종,58995
140,부산,2012-12,6종,82609
142,군북,2012-12,1종,286403
142,군북,2012-12,2종,12126
142,군북,2012-12,3종,10733
142,군북,2012-12,4종,7156
142,군북,2012-12,5종,17095
142,군북,2012-12,6종,16888
143,장지,2012-12,1종,101937
143,장지,2012-12,2종,5864
143,장지,2012-12,3종,3991
143,장지,2012-12,4종,3471
143,장지,2012-12,5종,15061
143,장지,2012-12,6종,6506
144,함안,2012-12,1종,241513
144,함안,2012-12,2종,14322
144,함안,2012-12,3종,7648
144,함안,2012-12,4종,7611
144,함안,2012-12,5종,17006
144,함안,2012-12,6종,15546
145,산인,2012-12,1종,668915
145,산인,2012-12,2종,19450
145,산인,2012-12,3종,30029
145,산인,2012-12,4종,12825
145,산인,2012-12,5종,23942
145,산인,2012-12,6종,38301
146,동창원,2012-12,1종,554350
146,동창원,2012-12,2종,30598
146,동창원,2012-12,3종,17107
146,동창원,2012-12,4종,15466
146,동창원,2012-12,5종,26349
146,동창원,2012-12,6종,36982
147,진례,2012-12,1종,425331
147,진례,2012-12,2종,34683
147,진례,2012-12,3종,18600
147,진례,2012-12,4종,16138
147,진례,2012-12,5종,19894
147,진례,2012-12,6종,29143
148,서김해,2012-12,1종,613534
148,서김해,2012-12,2종,21937
148,서김해,2012-12,3종,15966
148,서김해,2012-12,4종,9621
148,서김해,2012-12,5종,14971
148,서김해,2012-12,6종,43334
149,동김해,2012-12,1종,1096231
149,동김해,2012-12,2종,34575
149,동김해,2012-12,3종,23682
149,동김해,2012-12,4종,10690
149,동김해,2012-12,5종,12424
149,동김해,2012-12,6종,86318
150,북부산,2012-12,1종,2274257
150,북부산,2012-12,2종,69852
150,북부산,2012-12,3종,66949
150,북부산,2012-12,4종,38058
150,북부산,2012-12,5종,80380
150,북부산,2012-12,6종,148362
151,북대전,2012-12,1종,588988
151,북대전,2012-12,2종,17281
151,북대전,2012-12,3종,27533
151,북대전,2012-12,4종,17784
151,북대전,2012-12,5종,14500
151,북대전,2012-12,6종,32720
152,유성,2012-12,1종,886031
152,유성,2012-12,2종,25107
152,유성,2012-12,3종,33886
152,유성,2012-12,4종,17227
152,유성,2012-12,5종,12325
152,유성,2012-12,6종,39491
153,서대전,2012-12,1종,547312
153,서대전,2012-12,2종,19950
153,서대전,2012-12,3종,15779
153,서대전,2012-12,4종,16337
153,서대전,2012-12,5종,11862
153,서대전,2012-12,6종,29295
154,안영,2012-12,1종,340001
154,안영,2012-12,2종,14920
154,안영,2012-12,3종,7895
154,안영,2012-12,4종,7342
154,안영,2012-12,5종,7449
154,안영,2012-12,6종,16847
155,논산,2012-12,1종,180149
155,논산,2012-12,2종,16143
155,논산,2012-12,3종,14956
155,논산,2012-12,4종,10878
155,논산,2012-12,5종,10956
155,논산,2012-12,6종,6860
156,익산,2012-12,1종,242604
156,익산,2012-12,2종,21328
156,익산,2012-12,3종,28545
156,익산,2012-12,4종,18905
156,익산,2012-12,5종,25260
156,익산,2012-12,6종,7373
157,삼례,2012-12,1종,84096
157,삼례,2012-12,2종,7294
157,삼례,2012-12,3종,6256
157,삼례,2012-12,4종,5088
157,삼례,2012-12,5종,9099
157,삼례,2012-12,6종,2455
158,전주,2012-12,1종,386102
158,전주,2012-12,2종,20967
158,전주,2012-12,3종,46767
158,전주,2012-12,4종,18424
158,전주,2012-12,5종,36858
158,전주,2012-12,6종,11306
159,서전주,2012-12,1종,210576
159,서전주,2012-12,2종,12024
159,서전주,2012-12,3종,10447
159,서전주,2012-12,4종,7577
159,서전주,2012-12,5종,7461
159,서전주,2012-12,6종,5806
160,김제,2012-12,1종,93844
160,김제,2012-12,2종,6401
160,김제,2012-12,3종,6835
160,김제,2012-12,4종,3687
160,김제,2012-12,5종,4403
160,김제,2012-12,6종,2643
161,금산사,2012-12,1종,31063
161,금산사,2012-12,2종,2951
161,금산사,2012-12,3종,1758
161,금산사,2012-12,4종,1588
161,금산사,2012-12,5종,2012
161,금산사,2012-12,6종,940
162,태인,2012-12,1종,65263
162,태인,2012-12,2종,6134
162,태인,2012-12,3종,6417
162,태인,2012-12,4종,3948
162,태인,2012-12,5종,5141
162,태인,2012-12,6종,2784
163,정읍,2012-12,1종,213224
163,정읍,2012-12,2종,15140
163,정읍,2012-12,3종,18755
163,정읍,2012-12,4종,10542
163,정읍,2012-12,5종,11408
163,정읍,2012-12,6종,6101
164,무주,2012-12,1종,166026
164,무주,2012-12,2종,4293
164,무주,2012-12,3종,5141
164,무주,2012-12,4종,2961
164,무주,2012-12,5종,2318
164,무주,2012-12,6종,5252
165,백양사,2012-12,1종,54007
165,백양사,2012-12,2종,2010
165,백양사,2012-12,3종,3336
165,백양사,2012-12,4종,1806
165,백양사,2012-12,5종,4799
165,백양사,2012-12,6종,1477
166,장성,2012-12,1종,118731
166,장성,2012-12,2종,8893
166,장성,2012-12,3종,8558
166,장성,2012-12,4종,5531
166,장성,2012-12,5종,8875
166,장성,2012-12,6종,4053
167,광주,2012-12,1종,844011
167,광주,2012-12,2종,41969
167,광주,2012-12,3종,74278
167,광주,2012-12,4종,41387
167,광주,2012-12,5종,32404
167,광주,2012-12,6종,23797
168,덕유산,2012-12,1종,113420
168,덕유산,2012-12,2종,1799
168,덕유산,2012-12,3종,3430
168,덕유산,2012-12,4종,789
168,덕유산,2012-12,5종,1673
168,덕유산,2012-12,6종,2675
169,장수,2012-12,1종,97850
169,장수,2012-12,2종,3447
169,장수,2012-12,3종,4462
169,장수,2012-12,4종,2445
169,장수,2012-12,5종,2449
169,장수,2012-12,6종,2781
170,서상,2012-12,1종,37097
170,서상,2012-12,2종,2503
170,서상,2012-12,3종,4353
170,서상,2012-12,4종,3148
170,서상,2012-12,5종,2605
170,서상,2012-12,6종,1469
171,마성,2012-12,1종,197584
171,마성,2012-12,2종,5453
171,마성,2012-12,3종,19564
171,마성,2012-12,4종,1076
171,마성,2012-12,5종,838
171,마성,2012-12,6종,10584
172,용인,2012-12,1종,686281
172,용인,2012-12,2종,60322
172,용인,2012-12,3종,34023
172,용인,2012-12,4종,19451
172,용인,2012-12,5종,10825
172,용인,2012-12,6종,49040
173,양지,2012-12,1종,637548
173,양지,2012-12,2종,86749
173,양지,2012-12,3종,54296
173,양지,2012-12,4종,45764
173,양지,2012-12,5종,36162
173,양지,2012-12,6종,37950
174,춘천,2012-12,1종,611206
174,춘천,2012-12,2종,19729
174,춘천,2012-12,3종,23596
174,춘천,2012-12,4종,7042
174,춘천,2012-12,5종,6147
174,춘천,2012-12,6종,35494
175,덕평,2012-12,1종,289122
175,덕평,2012-12,2종,41220
175,덕평,2012-12,3종,23843
175,덕평,2012-12,4종,16469
175,덕평,2012-12,5종,8068
175,덕평,2012-12,6종,17226
176,이천,2012-12,1종,472794
176,이천,2012-12,2종,41345
176,이천,2012-12,3종,46027
176,이천,2012-12,4종,39280
176,이천,2012-12,5종,34250
176,이천,2012-12,6종,24646
177,여주,2012-12,1종,360335
177,여주,2012-12,2종,24121
177,여주,2012-12,3종,42912
177,여주,2012-12,4종,20703
177,여주,2012-12,5종,11109
177,여주,2012-12,6종,16438
178,문막,2012-12,1종,282161
178,문막,2012-12,2종,22415
178,문막,2012-12,3종,32032
178,문막,2012-12,4종,11344
178,문막,2012-12,5종,14272
178,문막,2012-12,6종,13210
179,홍천,2012-12,1종,253663
179,홍천,2012-12,2종,9849
179,홍천,2012-12,3종,13583
179,홍천,2012-12,4종,5781
179,홍천,2012-12,5종,4638
179,홍천,2012-12,6종,16931
180,원주,2012-12,1종,218604
180,원주,2012-12,2종,15459
180,원주,2012-12,3종,17050
180,원주,2012-12,4종,8832
180,원주,2012-12,5종,8370
180,원주,2012-12,6종,11053
181,새말,2012-12,1종,155483
181,새말,2012-12,2종,7309
181,새말,2012-12,3종,9198
181,새말,2012-12,4종,3283
181,새말,2012-12,5종,4570
181,새말,2012-12,6종,5762
182,둔내,2012-12,1종,128948
182,둔내,2012-12,2종,3389
182,둔내,2012-12,3종,6603
182,둔내,2012-12,4종,1914
182,둔내,2012-12,5종,1026
182,둔내,2012-12,6종,5645
183,면온,2012-12,1종,127375
183,면온,2012-12,2종,1876
183,면온,2012-12,3종,7258
183,면온,2012-12,4종,750
183,면온,2012-12,5종,879
183,면온,2012-12,6종,4554
184,대관령,2012-12,1종,212941
184,대관령,2012-12,2종,5313
184,대관령,2012-12,3종,18020
184,대관령,2012-12,4종,1070
184,대관령,2012-12,5종,1134
184,대관령,2012-12,6종,8287
185,평창,2012-12,1종,98800
185,평창,2012-12,2종,3814
185,평창,2012-12,3종,11238
185,평창,2012-12,4종,1672
185,평창,2012-12,5종,2198
185,평창,2012-12,6종,4320
186,속사,2012-12,1종,27464
186,속사,2012-12,2종,1107
186,속사,2012-12,3종,1284
186,속사,2012-12,4종,585
186,속사,2012-12,5종,519
186,속사,2012-12,6종,931
187,진부,2012-12,1종,122452
187,진부,2012-12,2종,4158
187,진부,2012-12,3종,9902
187,진부,2012-12,4종,1344
187,진부,2012-12,5종,1694
187,진부,2012-12,6종,5429
189,강릉,2012-12,1종,403407
189,강릉,2012-12,2종,13774
189,강릉,2012-12,3종,37696
189,강릉,2012-12,4종,7952
189,강릉,2012-12,5종,8701
189,강릉,2012-12,6종,19567
190,동서울,2012-12,1종,2873953
190,동서울,2012-12,2종,180941
190,동서울,2012-12,3종,206418
190,동서울,2012-12,4종,85150
190,동서울,2012-12,5종,53097
190,동서울,2012-12,6종,133691
191,경기광주,2012-12,1종,696237
191,경기광주,2012-12,2종,42347
191,경기광주,2012-12,3종,29908
191,경기광주,2012-12,4종,10765
191,경기광주,2012-12,5종,5533
191,경기광주,2012-12,6종,46461
192,곤지암,2012-12,1종,683114
192,곤지암,2012-12,2종,65598
192,곤지암,2012-12,3종,37141
192,곤지암,2012-12,4종,30008
192,곤지암,2012-12,5종,16572
192,곤지암,2012-12,6종,38428
193,일죽,2012-12,1종,339815
193,일죽,2012-12,2종,38570
193,일죽,2012-12,3종,30348
193,일죽,2012-12,4종,26798
193,일죽,2012-12,5종,20317
193,일죽,2012-12,6종,18356
194,서이천,2012-12,1종,382035
194,서이천,2012-12,2종,58200
194,서이천,2012-12,3종,42493
194,서이천,2012-12,4종,28159
194,서이천,2012-12,5종,12302
194,서이천,2012-12,6종,20357
195,대소,2012-12,1종,336944
195,대소,2012-12,2종,49317
195,대소,2012-12,3종,41359
195,대소,2012-12,4종,33193
195,대소,2012-12,5종,26905
195,대소,2012-12,6종,14208
196,진천,2012-12,1종,181416
196,진천,2012-12,2종,16143
196,진천,2012-12,3종,15551
196,진천,2012-12,4종,13478
196,진천,2012-12,5종,13556
196,진천,2012-12,6종,7451
197,증평,2012-12,1종,353229
197,증평,2012-12,2종,26580
197,증평,2012-12,3종,23913
197,증평,2012-12,4종,17479
197,증평,2012-12,5종,23329
197,증평,2012-12,6종,14564
198,서청주,2012-12,1종,707063
198,서청주,2012-12,2종,37351
198,서청주,2012-12,3종,39522
198,서청주,2012-12,4종,26766
198,서청주,2012-12,5종,20063
198,서청주,2012-12,6종,34626
199,오창,2012-12,1종,442760
199,오창,2012-12,2종,24986
199,오창,2012-12,3종,26795
199,오창,2012-12,4종,14969
199,오창,2012-12,5종,15113
199,오창,2012-12,6종,20273
200,금산,2012-12,1종,115855
200,금산,2012-12,2종,4561
200,금산,2012-12,3종,5997
200,금산,2012-12,4종,5042
200,금산,2012-12,5종,6503
200,금산,2012-12,6종,5165
201,칠곡,2012-12,1종,552664
201,칠곡,2012-12,2종,23381
201,칠곡,2012-12,3종,19984
201,칠곡,2012-12,4종,7659
201,칠곡,2012-12,5종,13063
201,칠곡,2012-12,6종,27425
202,다부,2012-12,1종,87781
202,다부,2012-12,2종,6929
202,다부,2012-12,3종,3825
202,다부,2012-12,4종,1888
202,다부,2012-12,5종,3933
202,다부,2012-12,6종,3317
203,가산,2012-12,1종,433545
203,가산,2012-12,2종,20994
203,가산,2012-12,3종,16108
203,가산,2012-12,4종,11016
203,가산,2012-12,5종,25802
203,가산,2012-12,6종,18637
204,추부,2012-12,1종,144140
204,추부,2012-12,2종,8303
204,추부,2012-12,3종,7362
204,추부,2012-12,4종,3734
204,추부,2012-12,5종,5036
204,추부,2012-12,6종,7365
205,군위,2012-12,1종,116172
205,군위,2012-12,2종,6523
205,군위,2012-12,3종,3555
205,군위,2012-12,4종,2562
205,군위,2012-12,5종,8090
205,군위,2012-12,6종,5209
206,의성,2012-12,1종,143931
206,의성,2012-12,2종,4898
206,의성,2012-12,3종,4066
206,의성,2012-12,4종,1837
206,의성,2012-12,5종,3628
206,의성,2012-12,6종,4854
207,남안동,2012-12,1종,222187
207,남안동,2012-12,2종,8437
207,남안동,2012-12,3종,5393
207,남안동,2012-12,4종,3572
207,남안동,2012-12,5종,5128
207,남안동,2012-12,6종,7345
208,서안동,2012-12,1종,150731
208,서안동,2012-12,2종,6284
208,서안동,2012-12,3종,15179
208,서안동,2012-12,4종,3237
208,서안동,2012-12,5종,6122
208,서안동,2012-12,6종,5082
209,예천,2012-12,1종,18578
209,예천,2012-12,2종,479
209,예천,2012-12,3종,337
209,예천,2012-12,4종,234
209,예천,2012-12,5종,418
209,예천,2012-12,6종,662
210,영주,2012-12,1종,108055
210,영주,2012-12,2종,5002
210,영주,2012-12,3종,6750
210,영주,2012-12,4종,3014
210,영주,2012-12,5종,10856
210,영주,2012-12,6종,3540
211,풍기,2012-12,1종,136009
211,풍기,2012-12,2종,5609
211,풍기,2012-12,3종,12504
211,풍기,2012-12,4종,3271
211,풍기,2012-12,5종,6682
211,풍기,2012-12,6종,4784
212,북수원,2012-12,1종,1055462
212,북수원,2012-12,2종,45732
212,북수원,2012-12,3종,52392
212,북수원,2012-12,4종,25687
212,북수원,2012-12,5종,15845
212,북수원,2012-12,6종,62034
213,부곡,2012-12,1종,325431
213,부곡,2012-12,2종,10786
213,부곡,2012-12,3종,7989
213,부곡,2012-12,4종,11507
213,부곡,2012-12,5종,64019
213,부곡,2012-12,6종,21814
214,동군포,2012-12,1종,144259
214,동군포,2012-12,2종,12852
214,동군포,2012-12,3종,8671
214,동군포,2012-12,4종,15143
214,동군포,2012-12,5종,8469
214,동군포,2012-12,6종,9591
215,군포,2012-12,1종,922548
215,군포,2012-12,2종,60165
215,군포,2012-12,3종,41101
215,군포,2012-12,4종,23841
215,군포,2012-12,5종,28559
215,군포,2012-12,6종,67502
216,횡성,2012-12,1종,146596
216,횡성,2012-12,2종,6659
216,횡성,2012-12,3종,7783
216,횡성,2012-12,4종,3270
216,횡성,2012-12,5종,6845
216,횡성,2012-12,6종,6545
217,북원주,2012-12,1종,61416
217,북원주,2012-12,2종,4127
217,북원주,2012-12,3종,3119
217,북원주,2012-12,4종,2069
217,북원주,2012-12,5종,2708
217,북원주,2012-12,6종,4132
218,남원주,2012-12,1종,472826
218,남원주,2012-12,2종,17843
218,남원주,2012-12,3종,27922
218,남원주,2012-12,4종,7358
218,남원주,2012-12,5종,7033
218,남원주,2012-12,6종,23841
219,신림,2012-12,1종,66404
219,신림,2012-12,2종,2752
219,신림,2012-12,3종,2458
219,신림,2012-12,4종,2371
219,신림,2012-12,5종,5064
219,신림,2012-12,6종,2756
221,생초,2012-12,1종,49697
221,생초,2012-12,2종,2415
221,생초,2012-12,3종,2377
221,생초,2012-12,4종,1814
221,생초,2012-12,5종,9271
221,생초,2012-12,6종,1632
222,산청,2012-12,1종,45738
222,산청,2012-12,2종,2023
222,산청,2012-12,3종,2032
222,산청,2012-12,4종,1232
222,산청,2012-12,5종,1870
222,산청,2012-12,6종,1738
223,단성,2012-12,1종,84940
223,단성,2012-12,2종,3200
223,단성,2012-12,3종,5045
223,단성,2012-12,4종,2784
223,단성,2012-12,5종,3634
223,단성,2012-12,6종,3080
224,함양,2012-12,1종,91384
224,함양,2012-12,2종,4006
224,함양,2012-12,3종,7065
224,함양,2012-12,4종,1722
224,함양,2012-12,5종,2585
224,함양,2012-12,6종,4129
225,서진주,2012-12,1종,284770
225,서진주,2012-12,2종,8135
225,서진주,2012-12,3종,5911
225,서진주,2012-12,4종,3039
225,서진주,2012-12,5종,5276
225,서진주,2012-12,6종,17897
227,군산,2012-12,1종,203815
227,군산,2012-12,2종,7860
227,군산,2012-12,3종,15722
227,군산,2012-12,4종,12075
227,군산,2012-12,5종,28636
227,군산,2012-12,6종,6005
228,동군산,2012-12,1종,194510
228,동군산,2012-12,2종,10042
228,동군산,2012-12,3종,12711
228,동군산,2012-12,4종,8040
228,동군산,2012-12,5종,18643
228,동군산,2012-12,6종,5082
229,북천안,2012-12,1종,174245
229,북천안,2012-12,2종,18548
229,북천안,2012-12,3종,16840
229,북천안,2012-12,4종,21354
229,북천안,2012-12,5종,28012
229,북천안,2012-12,6종,8945
230,팔공산,2012-12,1종,514999
230,팔공산,2012-12,2종,21430
230,팔공산,2012-12,3종,11147
230,팔공산,2012-12,4종,9913
230,팔공산,2012-12,5종,9729
230,팔공산,2012-12,6종,23449
231,화원옥포,2012-12,1종,574314
231,화원옥포,2012-12,2종,36046
231,화원옥포,2012-12,3종,19026
231,화원옥포,2012-12,4종,9358
231,화원옥포,2012-12,5종,17766
231,화원옥포,2012-12,6종,28791
232,달성,2012-12,1종,353257
232,달성,2012-12,2종,22332
232,달성,2012-12,3종,20201
232,달성,2012-12,4종,6112
232,달성,2012-12,5종,6510
232,달성,2012-12,6종,22523
233,현풍,2012-12,1종,355137
233,현풍,2012-12,2종,32423
233,현풍,2012-12,3종,21365
233,현풍,2012-12,4종,16682
233,현풍,2012-12,5종,32443
233,현풍,2012-12,6종,17466
234,서천,2012-12,1종,92137
234,서천,2012-12,2종,3931
234,서천,2012-12,3종,4674
234,서천,2012-12,4종,5947
234,서천,2012-12,5종,7369
234,서천,2012-12,6종,2894
235,창녕,2012-12,1종,152647
235,창녕,2012-12,2종,7255
235,창녕,2012-12,3종,8585
235,창녕,2012-12,4종,3359
235,창녕,2012-12,5종,7080
235,창녕,2012-12,6종,7111
236,영산,2012-12,1종,148358
236,영산,2012-12,2종,8354
236,영산,2012-12,3종,9010
236,영산,2012-12,4종,5824
236,영산,2012-12,5종,8097
236,영산,2012-12,6종,6224
237,남지,2012-12,1종,130600
237,남지,2012-12,2종,7748
237,남지,2012-12,3종,10842
237,남지,2012-12,4종,7121
237,남지,2012-12,5종,14428
237,남지,2012-12,6종,8278
238,칠서,2012-12,1종,210205
238,칠서,2012-12,2종,25737
238,칠서,2012-12,3종,13007
238,칠서,2012-12,4종,18791
238,칠서,2012-12,5종,33098
238,칠서,2012-12,6종,14000
239,칠원,2012-12,1종,511313
239,칠원,2012-12,2종,26409
239,칠원,2012-12,3종,41592
239,칠원,2012-12,4종,26553
239,칠원,2012-12,5종,32553
239,칠원,2012-12,6종,25790
240,제천,2012-12,1종,384668
240,제천,2012-12,2종,13178
240,제천,2012-12,3종,23892
240,제천,2012-12,4종,8182
240,제천,2012-12,5종,16032
240,제천,2012-12,6종,22202
241,동고령,2012-12,1종,231429
241,동고령,2012-12,2종,18124
241,동고령,2012-12,3종,14098
241,동고령,2012-12,4종,10175
241,동고령,2012-12,5종,14906
241,동고령,2012-12,6종,9781
242,고령,2012-12,1종,152369
242,고령,2012-12,2종,9421
242,고령,2012-12,3종,8161
242,고령,2012-12,4종,4355
242,고령,2012-12,5종,10822
242,고령,2012-12,6종,6343
243,해인사,2012-12,1종,73403
243,해인사,2012-12,2종,2986
243,해인사,2012-12,3종,2248
243,해인사,2012-12,4종,1013
243,해인사,2012-12,5종,3034
243,해인사,2012-12,6종,3740
244,서부산,2012-12,1종,1923775
244,서부산,2012-12,2종,68716
244,서부산,2012-12,3종,89311
244,서부산,2012-12,4종,51086
244,서부산,2012-12,5종,159456
244,서부산,2012-12,6종,119768
245,장유,2012-12,1종,1244181
245,장유,2012-12,2종,39181
245,장유,2012-12,3종,43426
245,장유,2012-12,4종,18118
245,장유,2012-12,5종,24622
245,장유,2012-12,6종,89991
246,가락,2012-12,1종,681419
246,가락,2012-12,2종,32822
246,가락,2012-12,3종,25611
246,가락,2012-12,4종,37835
246,가락,2012-12,5종,160553
246,가락,2012-12,6종,45592
247,남원,2012-12,1종,124960
247,남원,2012-12,2종,6514
247,남원,2012-12,3종,7166
247,남원,2012-12,4종,2557
247,남원,2012-12,5종,10651
247,남원,2012-12,6종,4945
248,순창,2012-12,1종,101264
248,순창,2012-12,2종,3821
248,순창,2012-12,3종,3173
248,순창,2012-12,4종,1992
248,순창,2012-12,5종,4052
248,순창,2012-12,6종,3531
249,담양,2012-12,1종,122653
249,담양,2012-12,2종,4084
249,담양,2012-12,3종,12361
249,담양,2012-12,4종,2448
249,담양,2012-12,5종,4189
249,담양,2012-12,6종,3958
250,남양산,2012-12,1종,916638
250,남양산,2012-12,2종,48056
250,남양산,2012-12,3종,36112
250,남양산,2012-12,4종,22258
250,남양산,2012-12,5종,29308
250,남양산,2012-12,6종,66184
251,물금,2012-12,1종,392985
251,물금,2012-12,2종,39951
251,물금,2012-12,3종,18572
251,물금,2012-12,4종,33248
251,물금,2012-12,5종,62911
251,물금,2012-12,6종,28205
252,대동,2012-12,1종,2200092
252,대동,2012-12,2종,172988
252,대동,2012-12,3종,108369
252,대동,2012-12,4종,98506
252,대동,2012-12,5종,270733
252,대동,2012-12,6종,113061
253,서서울,2012-12,1종,4262084
253,서서울,2012-12,2종,209901
253,서서울,2012-12,3종,140053
253,서서울,2012-12,4종,117066
253,서서울,2012-12,5종,112767
253,서서울,2012-12,6종,259413
254,군자,2012-12,1종,2618493
254,군자,2012-12,2종,163791
254,군자,2012-12,3종,162294
254,군자,2012-12,4종,120073
254,군자,2012-12,5종,241794
254,군자,2012-12,6종,170317
255,서안산,2012-12,1종,1715377
255,서안산,2012-12,2종,126740
255,서안산,2012-12,3종,74633
255,서안산,2012-12,4종,68344
255,서안산,2012-12,5종,89319
255,서안산,2012-12,6종,128590
256,안산,2012-12,1종,840265
256,안산,2012-12,2종,25986
256,안산,2012-12,3종,18772
256,안산,2012-12,4종,6016
256,안산,2012-12,5종,6345
256,안산,2012-12,6종,60190
257,홍성,2012-12,1종,166253
257,홍성,2012-12,2종,5638
257,홍성,2012-12,3종,6674
257,홍성,2012-12,4종,3050
257,홍성,2012-12,5종,4491
257,홍성,2012-12,6종,5401
258,광천,2012-12,1종,97390
258,광천,2012-12,2종,6125
258,광천,2012-12,3종,6723
258,광천,2012-12,4종,4813
258,광천,2012-12,5종,9438
258,광천,2012-12,6종,3393
259,대천,2012-12,1종,187074
259,대천,2012-12,2종,6860
259,대천,2012-12,3종,10081
259,대천,2012-12,4종,3428
259,대천,2012-12,5종,3247
259,대천,2012-12,6종,6160
260,춘장대,2012-12,1종,37730
260,춘장대,2012-12,2종,1205
260,춘장대,2012-12,3종,1369
260,춘장대,2012-12,4종,1384
260,춘장대,2012-12,5종,1577
260,춘장대,2012-12,6종,999
261,동광주,2012-12,1종,937178
261,동광주,2012-12,2종,33145
261,동광주,2012-12,3종,59172
261,동광주,2012-12,4종,21868
261,동광주,2012-12,5종,43779
261,동광주,2012-12,6종,29734
262,창평,2012-12,1종,76202
262,창평,2012-12,2종,5434
262,창평,2012-12,3종,3057
262,창평,2012-12,4종,2550
262,창평,2012-12,5종,2188
262,창평,2012-12,6종,2437
263,옥과,2012-12,1종,167663
263,옥과,2012-12,2종,4488
263,옥과,2012-12,3종,9092
263,옥과,2012-12,4종,3276
263,옥과,2012-12,5종,3957
263,옥과,2012-12,6종,6855
264,동남원,2012-12,1종,48245
264,동남원,2012-12,2종,1728
264,동남원,2012-12,3종,2621
264,동남원,2012-12,4종,766
264,동남원,2012-12,5종,8237
264,동남원,2012-12,6종,1706
265,곡성,2012-12,1종,122568
265,곡성,2012-12,2종,4908
265,곡성,2012-12,3종,4764
265,곡성,2012-12,4종,2519
265,곡성,2012-12,5종,7775
265,곡성,2012-12,6종,5254
266,석곡,2012-12,1종,39428
266,석곡,2012-12,2종,1506
266,석곡,2012-12,3종,1932
266,석곡,2012-12,4종,748
266,석곡,2012-12,5종,1130
266,석곡,2012-12,6종,1187
267,주암송광사,2012-12,1종,105541
267,주암송광사,2012-12,2종,4190
267,주암송광사,2012-12,3종,2657
267,주암송광사,2012-12,4종,3040
267,주암송광사,2012-12,5종,4227
267,주암송광사,2012-12,6종,3468
268,승주,2012-12,1종,53784
268,승주,2012-12,2종,1425
268,승주,2012-12,3종,1567
268,승주,2012-12,4종,860
268,승주,2012-12,5종,847
268,승주,2012-12,6종,2623
269,지리산,2012-12,1종,39468
269,지리산,2012-12,2종,1903
269,지리산,2012-12,3종,2262
269,지리산,2012-12,4종,1588
269,지리산,2012-12,5종,599
269,지리산,2012-12,6종,1209
270,서순천,2012-12,1종,147273
270,서순천,2012-12,2종,5617
270,서순천,2012-12,3종,9943
270,서순천,2012-12,4종,2174
270,서순천,2012-12,5종,3544
270,서순천,2012-12,6종,5040
271,순천,2012-12,1종,516137
271,순천,2012-12,2종,16538
271,순천,2012-12,3종,16082
271,순천,2012-12,4종,9923
271,순천,2012-12,5종,33754
271,순천,2012-12,6종,16775
272,광양,2012-12,1종,288161
272,광양,2012-12,2종,13187
272,광양,2012-12,3종,24319
272,광양,2012-12,4종,23375
272,광양,2012-12,5종,75202
272,광양,2012-12,6종,8552
273,동광양,2012-12,1종,118730
273,동광양,2012-12,2종,2747
273,동광양,2012-12,3종,2640
273,동광양,2012-12,4종,2368
273,동광양,2012-12,5종,14789
273,동광양,2012-12,6종,5457
274,가조,2012-12,1종,57510
274,가조,2012-12,2종,2068
274,가조,2012-12,3종,2987
274,가조,2012-12,4종,1216
274,가조,2012-12,5종,1051
274,가조,2012-12,6종,3999
275,옥곡,2012-12,1종,124034
275,옥곡,2012-12,2종,2881
275,옥곡,2012-12,3종,4727
275,옥곡,2012-12,4종,2802
275,옥곡,2012-12,5종,10607
275,옥곡,2012-12,6종,5215
276,진월,2012-12,1종,65026
276,진월,2012-12,2종,2250
276,진월,2012-12,3종,1885
276,진월,2012-12,4종,4863
276,진월,2012-12,5종,32282
276,진월,2012-12,6종,2516
277,하동,2012-12,1종,170509
277,하동,2012-12,2종,5173
277,하동,2012-12,3종,6796
277,하동,2012-12,4종,8065
277,하동,2012-12,5종,43310
277,하동,2012-12,6종,7499
278,진교,2012-12,1종,152526
278,진교,2012-12,2종,5244
278,진교,2012-12,3종,13424
278,진교,2012-12,4종,1211
278,진교,2012-12,5종,3035
278,진교,2012-12,6종,9110
279,곤양,2012-12,1종,108127
279,곤양,2012-12,2종,4101
279,곤양,2012-12,3종,5984
279,곤양,2012-12,4종,2740
279,곤양,2012-12,5종,7480
279,곤양,2012-12,6종,5259
280,거창,2012-12,1종,161923
280,거창,2012-12,2종,8372
280,거창,2012-12,3종,15208
280,거창,2012-12,4종,2637
280,거창,2012-12,5종,4973
280,거창,2012-12,6종,8456
281,매송,2012-12,1종,457468
281,매송,2012-12,2종,34148
281,매송,2012-12,3종,24885
281,매송,2012-12,4종,16494
281,매송,2012-12,5종,22622
281,매송,2012-12,6종,24011
282,비봉,2012-12,1종,726512
282,비봉,2012-12,2종,56020
282,비봉,2012-12,3종,36354
282,비봉,2012-12,4종,26564
282,비봉,2012-12,5종,38984
282,비봉,2012-12,6종,41357
283,발안,2012-12,1종,429574
283,발안,2012-12,2종,38323
283,발안,2012-12,3종,21725
283,발안,2012-12,4종,19674
283,발안,2012-12,5종,23941
283,발안,2012-12,6종,24363
284,남양양,2012-12,1종,42932
284,남양양,2012-12,2종,1264
284,남양양,2012-12,3종,1908
284,남양양,2012-12,4종,606
284,남양양,2012-12,5종,579
284,남양양,2012-12,6종,1264
285,서평택,2012-12,1종,525003
285,서평택,2012-12,2종,47417
285,서평택,2012-12,3종,47893
285,서평택,2012-12,4종,64068
285,서평택,2012-12,5종,116973
285,서평택,2012-12,6종,27658
286,통도사휴게소,2012-12,1종,21992
286,통도사휴게소,2012-12,2종,162
286,통도사휴게소,2012-12,3종,1798
286,통도사휴게소,2012-12,4종,0
286,통도사휴게소,2012-12,5종,0
286,통도사휴게소,2012-12,6종,921
287,송악,2012-12,1종,427723
287,송악,2012-12,2종,21977
287,송악,2012-12,3종,18375
287,송악,2012-12,4종,20220
287,송악,2012-12,5종,94170
287,송악,2012-12,6종,18387
288,당진,2012-12,1종,359912
288,당진,2012-12,2종,17265
288,당진,2012-12,3종,23665
288,당진,2012-12,4종,13367
288,당진,2012-12,5종,44220
288,당진,2012-12,6종,15161
289,마산,2012-12,1종,894610
289,마산,2012-12,2종,36193
289,마산,2012-12,3종,42307
289,마산,2012-12,4종,17070
289,마산,2012-12,5종,27735
289,마산,2012-12,6종,57919
290,축동,2012-12,1종,40199
290,축동,2012-12,2종,2611
290,축동,2012-12,3종,1293
290,축동,2012-12,4종,1770
290,축동,2012-12,5종,12614
290,축동,2012-12,6종,2071
291,사천,2012-12,1종,583119
291,사천,2012-12,2종,28195
291,사천,2012-12,3종,23448
291,사천,2012-12,4종,15290
291,사천,2012-12,5종,27880
291,사천,2012-12,6종,36982
292,진주,2012-12,1종,632706
292,진주,2012-12,2종,23987
292,진주,2012-12,3종,47160
292,진주,2012-12,4종,10910
292,진주,2012-12,5종,28014
292,진주,2012-12,6종,40969
293,문산,2012-12,1종,271683
293,문산,2012-12,2종,11693
293,문산,2012-12,3종,6622
293,문산,2012-12,4종,5781
293,문산,2012-12,5종,11278
293,문산,2012-12,6종,16027
294,북창원,2012-12,1종,200028
294,북창원,2012-12,2종,8712
294,북창원,2012-12,3종,4616
294,북창원,2012-12,4종,8956
294,북창원,2012-12,5종,7440
294,북창원,2012-12,6종,9439
295,진성,2012-12,1종,124530
295,진성,2012-12,2종,8890
295,진성,2012-12,3종,5102
295,진성,2012-12,4종,4782
295,진성,2012-12,5종,11440
295,진성,2012-12,6종,6015
296,지수,2012-12,1종,46768
296,지수,2012-12,2종,3019
296,지수,2012-12,3종,1585
296,지수,2012-12,4종,1487
296,지수,2012-12,5종,5153
296,지수,2012-12,6종,2826
298,서산,2012-12,1종,389059
298,서산,2012-12,2종,17713
298,서산,2012-12,3종,29391
298,서산,2012-12,4종,20189
298,서산,2012-12,5종,35256
298,서산,2012-12,6종,14342
299,해미,2012-12,1종,112454
299,해미,2012-12,2종,5916
299,해미,2012-12,3종,6144
299,해미,2012-12,4종,4603
299,해미,2012-12,5종,8287
299,해미,2012-12,6종,4409
501,서김제,2012-12,1종,47511
501,서김제,2012-12,2종,2884
501,서김제,2012-12,3종,3343
501,서김제,2012-12,4종,2580
501,서김제,2012-12,5종,3371
501,서김제,2012-12,6종,1193
502,부안,2012-12,1종,78147
502,부안,2012-12,2종,4686
502,부안,2012-12,3종,4883
502,부안,2012-12,4종,2164
502,부안,2012-12,5종,3400
502,부안,2012-12,6종,1926
503,줄포,2012-12,1종,54709
503,줄포,2012-12,2종,2027
503,줄포,2012-12,3종,2659
503,줄포,2012-12,4종,1650
503,줄포,2012-12,5종,1353
503,줄포,2012-12,6종,1108
504,선운산,2012-12,1종,76242
504,선운산,2012-12,2종,4431
504,선운산,2012-12,3종,7992
504,선운산,2012-12,4종,6133
504,선운산,2012-12,5종,5183
504,선운산,2012-12,6종,1867
505,고창,2012-12,1종,68804
505,고창,2012-12,2종,3524
505,고창,2012-12,3종,3701
505,고창,2012-12,4종,2051
505,고창,2012-12,5종,1037
505,고창,2012-12,6종,2059
506,영광,2012-12,1종,66519
506,영광,2012-12,2종,3542
506,영광,2012-12,3종,6200
506,영광,2012-12,4종,2501
506,영광,2012-12,5종,1959
506,영광,2012-12,6종,1526
507,함평,2012-12,1종,47218
507,함평,2012-12,2종,3276
507,함평,2012-12,3종,5105
507,함평,2012-12,4종,3408
507,함평,2012-12,5종,6336
507,함평,2012-12,6종,1203
508,무안,2012-12,1종,163709
508,무안,2012-12,2종,5215
508,무안,2012-12,3종,6555
508,무안,2012-12,4종,3851
508,무안,2012-12,5종,5200
508,무안,2012-12,6종,4798
509,목포,2012-12,1종,659177
509,목포,2012-12,2종,20854
509,목포,2012-12,3종,36912
509,목포,2012-12,4종,23115
509,목포,2012-12,5종,36523
509,목포,2012-12,6종,17838
510,양양,2012-12,1종,34200
510,양양,2012-12,2종,915
510,양양,2012-12,3종,1362
510,양양,2012-12,4종,392
510,양양,2012-12,5종,555
510,양양,2012-12,6종,1155
511,무창포,2012-12,1종,51990
511,무창포,2012-12,2종,2297
511,무창포,2012-12,3종,2098
511,무창포,2012-12,4종,1550
511,무창포,2012-12,5종,3184
511,무창포,2012-12,6종,1411
512,연화산,2012-12,1종,36318
512,연화산,2012-12,2종,1541
512,연화산,2012-12,3종,1015
512,연화산,2012-12,4종,897
512,연화산,2012-12,5종,3025
512,연화산,2012-12,6종,2300
513,고성,2012-12,1종,302556
513,고성,2012-12,2종,12523
513,고성,2012-12,3종,14018
513,고성,2012-12,4종,9364
513,고성,2012-12,5종,11862
513,고성,2012-12,6종,15254
514,동고성,2012-12,1종,98635
514,동고성,2012-12,2종,4396
514,동고성,2012-12,3종,5003
514,동고성,2012-12,4종,7205
514,동고성,2012-12,5종,14483
514,동고성,2012-12,6종,6975
515,북통영,2012-12,1종,129077
515,북통영,2012-12,2종,3513
515,북통영,2012-12,3종,9880
515,북통영,2012-12,4종,1755
515,북통영,2012-12,5종,1962
515,북통영,2012-12,6종,7121
516,통영,2012-12,1종,472773
516,통영,2012-12,2종,17421
516,통영,2012-12,3종,21037
516,통영,2012-12,4종,16130
516,통영,2012-12,5종,20784
516,통영,2012-12,6종,23819
517,양평,2012-12,1종,7836
517,양평,2012-12,2종,145
517,양평,2012-12,3종,127
517,양평,2012-12,4종,118
517,양평,2012-12,5종,707
517,양평,2012-12,6종,256
518,칠곡물류,2012-12,1종,40657
518,칠곡물류,2012-12,2종,10447
518,칠곡물류,2012-12,3종,3399
518,칠곡물류,2012-12,4종,7438
518,칠곡물류,2012-12,5종,8465
518,칠곡물류,2012-12,6종,1549
519,남대구,2012-12,1종,1216560
519,남대구,2012-12,2종,63630
519,남대구,2012-12,3종,60429
519,남대구,2012-12,4종,21857
519,남대구,2012-12,5종,37380
519,남대구,2012-12,6종,60526
520,평택,2012-12,1종,437269
520,평택,2012-12,2종,30169
520,평택,2012-12,3종,40074
520,평택,2012-12,4종,18062
520,평택,2012-12,5종,24159
520,평택,2012-12,6종,23698
521,단양,2012-12,1종,43566
521,단양,2012-12,2종,1764
521,단양,2012-12,3종,2545
521,단양,2012-12,4종,955
521,단양,2012-12,5종,6369
521,단양,2012-12,6종,1765
522,북단양,2012-12,1종,67654
522,북단양,2012-12,2종,2696
522,북단양,2012-12,3종,2883
522,북단양,2012-12,4종,4456
522,북단양,2012-12,5종,25725
522,북단양,2012-12,6종,2302
523,남제천,2012-12,1종,61038
523,남제천,2012-12,2종,1806
523,남제천,2012-12,3종,4886
523,남제천,2012-12,4종,807
523,남제천,2012-12,5종,2543
523,남제천,2012-12,6종,1830
524,청통와촌,2012-12,1종,187489
524,청통와촌,2012-12,2종,12166
524,청통와촌,2012-12,3종,5152
524,청통와촌,2012-12,4종,4070
524,청통와촌,2012-12,5종,4319
524,청통와촌,2012-12,6종,8241
525,북영천,2012-12,1종,139203
525,북영천,2012-12,2종,6424
525,북영천,2012-12,3종,4166
525,북영천,2012-12,4종,3192
525,북영천,2012-12,5종,6383
525,북영천,2012-12,6종,4568
526,서포항,2012-12,1종,86028
526,서포항,2012-12,2종,2305
526,서포항,2012-12,3종,1962
526,서포항,2012-12,4종,892
526,서포항,2012-12,5종,2555
526,서포항,2012-12,6종,4352
527,포항,2012-12,1종,688876
527,포항,2012-12,2종,18194
527,포항,2012-12,3종,26098
527,포항,2012-12,4종,8274
527,포항,2012-12,5종,33514
527,포항,2012-12,6종,24347
528,기흥동탄,2012-12,1종,915344
528,기흥동탄,2012-12,2종,26662
528,기흥동탄,2012-12,3종,65013
528,기흥동탄,2012-12,4종,15509
528,기흥동탄,2012-12,5종,18161
528,기흥동탄,2012-12,6종,52144
529,노포,2012-12,1종,202882
529,노포,2012-12,2종,13893
529,노포,2012-12,3종,38190
529,노포,2012-12,4종,5514
529,노포,2012-12,5종,7800
529,노포,2012-12,6종,10771
530,내장산,2012-12,1종,35533
530,내장산,2012-12,2종,1068
530,내장산,2012-12,3종,762
530,내장산,2012-12,4종,1004
530,내장산,2012-12,5종,4103
530,내장산,2012-12,6종,1249
531,문의청남대,2012-12,1종,144084
531,문의청남대,2012-12,2종,7601
531,문의청남대,2012-12,3종,7647
531,문의청남대,2012-12,4종,6362
531,문의청남대,2012-12,5종,8151
531,문의청남대,2012-12,6종,6337
532,회인,2012-12,1종,30210
532,회인,2012-12,2종,1074
532,회인,2012-12,3종,732
532,회인,2012-12,4종,1475
532,회인,2012-12,5종,854
532,회인,2012-12,6종,1400
533,보은,2012-12,1종,103533
533,보은,2012-12,2종,4923
533,보은,2012-12,3종,4392
533,보은,2012-12,4종,3485
533,보은,2012-12,5종,2561
533,보은,2012-12,6종,4459
534,속리산,2012-12,1종,30738
534,속리산,2012-12,2종,1676
534,속리산,2012-12,3종,1487
534,속리산,2012-12,4종,1101
534,속리산,2012-12,5종,1196
534,속리산,2012-12,6종,1193
535,화서,2012-12,1종,40309
535,화서,2012-12,2종,1463
535,화서,2012-12,3종,1958
535,화서,2012-12,4종,1283
535,화서,2012-12,5종,1238
535,화서,2012-12,6종,1825
536,남상주,2012-12,1종,97715
536,남상주,2012-12,2종,4755
536,남상주,2012-12,3종,7089
536,남상주,2012-12,4종,4039
536,남상주,2012-12,5종,3876
536,남상주,2012-12,6종,4057
537,남김천,2012-12,1종,56327
537,남김천,2012-12,2종,5241
537,남김천,2012-12,3종,4142
537,남김천,2012-12,4종,4671
537,남김천,2012-12,5종,8646
537,남김천,2012-12,6종,2020
538,성주,2012-12,1종,52711
538,성주,2012-12,2종,5713
538,성주,2012-12,3종,3616
538,성주,2012-12,4종,3266
538,성주,2012-12,5종,4571
538,성주,2012-12,6종,1793
539,남성주,2012-12,1종,37888
539,남성주,2012-12,2종,5779
539,남성주,2012-12,3종,2550
539,남성주,2012-12,4종,3618
539,남성주,2012-12,5종,4109
539,남성주,2012-12,6종,1233
540,청북,2012-12,1종,286986
540,청북,2012-12,2종,41759
540,청북,2012-12,3종,27027
540,청북,2012-12,4종,25665
540,청북,2012-12,5종,31139
540,청북,2012-12,6종,15295
541,송탄,2012-12,1종,310207
541,송탄,2012-12,2종,30356
541,송탄,2012-12,3종,23074
541,송탄,2012-12,4종,24317
541,송탄,2012-12,5종,18734
541,송탄,2012-12,6종,15378
542,서안성,2012-12,1종,260365
542,서안성,2012-12,2종,33935
542,서안성,2012-12,3종,35479
542,서안성,2012-12,4종,27683
542,서안성,2012-12,5종,22814
542,서안성,2012-12,6종,12764
543,남안성,2012-12,1종,328502
543,남안성,2012-12,2종,39490
543,남안성,2012-12,3종,25968
543,남안성,2012-12,4종,24032
543,남안성,2012-12,5종,34913
543,남안성,2012-12,6종,19436
544,완주,2012-12,1종,137265
544,완주,2012-12,2종,7736
544,완주,2012-12,3종,6668
544,완주,2012-12,4종,7355
544,완주,2012-12,5종,11323
544,완주,2012-12,6종,4275
545,소양,2012-12,1종,134772
545,소양,2012-12,2종,4704
545,소양,2012-12,3종,7916
545,소양,2012-12,4종,2983
545,소양,2012-12,5종,5044
545,소양,2012-12,6종,4114
546,진안,2012-12,1종,55953
546,진안,2012-12,2종,2414
546,진안,2012-12,3종,2196
546,진안,2012-12,4종,1688
546,진안,2012-12,5종,1135
546,진안,2012-12,6종,1794
547,무안공항,2012-12,1종,23880
547,무안공항,2012-12,2종,758
547,무안공항,2012-12,3종,1013
547,무안공항,2012-12,4종,507
547,무안공항,2012-12,5종,872
547,무안공항,2012-12,6종,674
548,북무안,2012-12,1종,80335
548,북무안,2012-12,2종,3158
548,북무안,2012-12,3종,3434
548,북무안,2012-12,4종,2447
548,북무안,2012-12,5종,2682
548,북무안,2012-12,6종,1586
549,동함평,2012-12,1종,133948
549,동함평,2012-12,2종,4249
549,동함평,2012-12,3종,4180
549,동함평,2012-12,4종,2008
549,동함평,2012-12,5종,5187
549,동함평,2012-12,6종,5446
550,문평,2012-12,1종,33410
550,문평,2012-12,2종,1206
550,문평,2012-12,3종,1204
550,문평,2012-12,4종,947
550,문평,2012-12,5종,2985
550,문평,2012-12,6종,1082
551,나주,2012-12,1종,55055
551,나주,2012-12,2종,2198
551,나주,2012-12,3종,1307
551,나주,2012-12,4종,906
551,나주,2012-12,5종,2158
551,나주,2012-12,6종,2182
552,서광산,2012-12,1종,48396
552,서광산,2012-12,2종,3473
552,서광산,2012-12,3종,3595
552,서광산,2012-12,4종,1654
552,서광산,2012-12,5종,3225
552,서광산,2012-12,6종,1422
553,동광산,2012-12,1종,710819
553,동광산,2012-12,2종,18038
553,동광산,2012-12,3종,25636
553,동광산,2012-12,4종,10044
553,동광산,2012-12,5종,22690
553,동광산,2012-12,6종,22123
554,동홍천,2012-12,1종,316517
554,동홍천,2012-12,2종,4834
554,동홍천,2012-12,3종,15400
554,동홍천,2012-12,4종,2830
554,동홍천,2012-12,5종,1937
554,동홍천,2012-12,6종,10933
555,북진천,2012-12,1종,200502
555,북진천,2012-12,2종,28257
555,북진천,2012-12,3종,26498
555,북진천,2012-12,4종,17196
555,북진천,2012-12,5종,17215
555,북진천,2012-12,6종,9180
556,동순천,2012-12,1종,180326
556,동순천,2012-12,2종,5647
556,동순천,2012-12,3종,10493
556,동순천,2012-12,4종,12115
556,동순천,2012-12,5종,46141
556,동순천,2012-12,6종,4594
557,황전,2012-12,1종,54954
557,황전,2012-12,2종,1592
557,황전,2012-12,3종,1071
557,황전,2012-12,4종,1207
557,황전,2012-12,5종,3451
557,황전,2012-12,6종,2112
558,구례화엄사,2012-12,1종,65723
558,구례화엄사,2012-12,2종,2360
558,구례화엄사,2012-12,3종,3442
558,구례화엄사,2012-12,4종,2458
558,구례화엄사,2012-12,5종,5348
558,구례화엄사,2012-12,6종,1749
559,서남원,2012-12,1종,36709
559,서남원,2012-12,2종,1976
559,서남원,2012-12,3종,1929
559,서남원,2012-12,4종,1868
559,서남원,2012-12,5종,5401
559,서남원,2012-12,6종,1161
560,감곡,2012-12,1종,238472
560,감곡,2012-12,2종,14205
560,감곡,2012-12,3종,15156
560,감곡,2012-12,4종,12452
560,감곡,2012-12,5종,27115
560,감곡,2012-12,6종,8787
561,북충주,2012-12,1종,40124
561,북충주,2012-12,2종,1890
561,북충주,2012-12,3종,1331
561,북충주,2012-12,4종,1379
561,북충주,2012-12,5종,1070
561,북충주,2012-12,6종,1305
562,충주,2012-12,1종,198184
562,충주,2012-12,2종,10822
562,충주,2012-12,3종,18705
562,충주,2012-12,4종,11382
562,충주,2012-12,5종,12453
562,충주,2012-12,6종,7649
563,괴산,2012-12,1종,51601
563,괴산,2012-12,2종,1809
563,괴산,2012-12,3종,2487
563,괴산,2012-12,4종,1813
563,괴산,2012-12,5종,4765
563,괴산,2012-12,6종,1685
564,연풍,2012-12,1종,33692
564,연풍,2012-12,2종,2838
564,연풍,2012-12,3종,5781
564,연풍,2012-12,4종,4794
564,연풍,2012-12,5종,5022
564,연풍,2012-12,6종,899
565,문경새재,2012-12,1종,60512
565,문경새재,2012-12,2종,3395
565,문경새재,2012-12,3종,5085
565,문경새재,2012-12,4종,3466
565,문경새재,2012-12,5종,4494
565,문경새재,2012-12,6종,1827
566,점촌함창,2012-12,1종,114003
566,점촌함창,2012-12,2종,4793
566,점촌함창,2012-12,3종,9892
566,점촌함창,2012-12,4종,4537
566,점촌함창,2012-12,5종,5475
566,점촌함창,2012-12,6종,3718
567,남고창,2012-12,1종,86385
567,남고창,2012-12,2종,3524
567,남고창,2012-12,3종,3101
567,남고창,2012-12,4종,2522
567,남고창,2012-12,5종,3615
567,남고창,2012-12,6종,3049
568,장성물류,2012-12,1종,24843
568,장성물류,2012-12,2종,5387
568,장성물류,2012-12,3종,2166
568,장성물류,2012-12,4종,6344
568,장성물류,2012-12,5종,7168
568,장성물류,2012-12,6종,609
569,북광주,2012-12,1종,219031
569,북광주,2012-12,2종,13575
569,북광주,2012-12,3종,12344
569,북광주,2012-12,4종,13423
569,북광주,2012-12,5종,17920
569,북광주,2012-12,6종,6565
570,북상주,2012-12,1종,106758
570,북상주,2012-12,2종,5591
570,북상주,2012-12,3종,6826
570,북상주,2012-12,4종,4304
570,북상주,2012-12,5종,5954
570,북상주,2012-12,6종,3790
571,면천,2012-12,1종,75011
571,면천,2012-12,2종,3434
571,면천,2012-12,3종,2952
571,면천,2012-12,4종,3473
571,면천,2012-12,5종,4458
571,면천,2012-12,6종,2520
572,고덕,2012-12,1종,89036
572,고덕,2012-12,2종,4104
572,고덕,2012-12,3종,5087
572,고덕,2012-12,4종,3020
572,고덕,2012-12,5종,5269
572,고덕,2012-12,6종,2917
573,예산수덕사,2012-12,1종,243721
573,예산수덕사,2012-12,2종,11650
573,예산수덕사,2012-12,3종,9853
573,예산수덕사,2012-12,4종,8534
573,예산수덕사,2012-12,5종,10518
573,예산수덕사,2012-12,6종,8171
574,신양,2012-12,1종,67365
574,신양,2012-12,2종,3506
574,신양,2012-12,3종,2722
574,신양,2012-12,4종,2160
574,신양,2012-12,5종,3803
574,신양,2012-12,6종,2108
575,유구,2012-12,1종,76310
575,유구,2012-12,2종,5628
575,유구,2012-12,3종,3319
575,유구,2012-12,4종,5568
575,유구,2012-12,5종,6101
575,유구,2012-12,6종,2815
576,마곡사,2012-12,1종,26848
576,마곡사,2012-12,2종,882
576,마곡사,2012-12,3종,915
576,마곡사,2012-12,4종,772
576,마곡사,2012-12,5종,749
576,마곡사,2012-12,6종,1106
577,공주,2012-12,1종,146122
577,공주,2012-12,2종,5617
577,공주,2012-12,3종,5233
577,공주,2012-12,4종,2741
577,공주,2012-12,5종,4395
577,공주,2012-12,6종,5699
578,서세종,2012-12,1종,155225
578,서세종,2012-12,2종,10802
578,서세종,2012-12,3종,7593
578,서세종,2012-12,4종,6491
578,서세종,2012-12,5종,9976
578,서세종,2012-12,6종,6239
579,남세종,2012-12,1종,212255
579,남세종,2012-12,2종,6891
579,남세종,2012-12,3종,5183
579,남세종,2012-12,4종,3620
579,남세종,2012-12,5종,6562
579,남세종,2012-12,6종,8794
580,북강릉,2012-12,1종,156955
580,북강릉,2012-12,2종,5139
580,북강릉,2012-12,3종,6595
580,북강릉,2012-12,4종,1964
580,북강릉,2012-12,5종,2979
580,북강릉,2012-12,6종,6002
581,옥계,2012-12,1종,51254
581,옥계,2012-12,2종,2282
581,옥계,2012-12,3종,1924
581,옥계,2012-12,4종,2851
581,옥계,2012-12,5종,10683
581,옥계,2012-12,6종,3139
582,망상,2012-12,1종,92200
582,망상,2012-12,2종,3255
582,망상,2012-12,3종,12995
582,망상,2012-12,4종,1274
582,망상,2012-12,5종,1758
582,망상,2012-12,6종,5551
583,동해,2012-12,1종,265726
583,동해,2012-12,2종,10523
583,동해,2012-12,3종,9850
583,동해,2012-12,4종,7386
583,동해,2012-12,5종,20370
583,동해,2012-12,6종,11676
584,남강릉,2012-12,1종,96945
584,남강릉,2012-12,2종,5790
584,남강릉,2012-12,3종,9366
584,남강릉,2012-12,4종,3174
584,남강릉,2012-12,5종,2681
584,남강릉,2012-12,6종,5789
585,하조대,2012-12,1종,144302
585,하조대,2012-12,2종,5572
585,하조대,2012-12,3종,9917
585,하조대,2012-12,4종,2934
585,하조대,2012-12,5종,4101
585,하조대,2012-12,6종,5247
586,북남원,2012-12,1종,14112
586,북남원,2012-12,2종,722
586,북남원,2012-12,3종,477
586,북남원,2012-12,4종,701
586,북남원,2012-12,5종,1972
586,북남원,2012-12,6종,526
587,오수,2012-12,1종,112628
587,오수,2012-12,2종,4353
587,오수,2012-12,3종,6266
587,오수,2012-12,4종,3283
587,오수,2012-12,5종,6300
587,오수,2012-12,6종,3488
588,임실,2012-12,1종,36265
588,임실,2012-12,2종,1848
588,임실,2012-12,3종,2076
588,임실,2012-12,4종,1798
588,임실,2012-12,5종,3282
588,임실,2012-12,6종,1016
589,상관,2012-12,1종,107755
589,상관,2012-12,2종,4569
589,상관,2012-12,3종,6212
589,상관,2012-12,4종,5401
589,상관,2012-12,5종,26329
589,상관,2012-12,6종,3090
590,동전주,2012-12,1종,125447
590,동전주,2012-12,2종,3099
590,동전주,2012-12,3종,2727
590,동전주,2012-12,4종,2116
590,동전주,2012-12,5종,4118
590,동전주,2012-12,6종,4216
591,동서천,2012-12,1종,37945
591,동서천,2012-12,2종,1546
591,동서천,2012-12,3종,1561
591,동서천,2012-12,4종,2390
591,동서천,2012-12,5종,3797
591,동서천,2012-12,6종,1121
592,서부여,2012-12,1종,43384
592,서부여,2012-12,2종,2775
592,서부여,2012-12,3종,1748
592,서부여,2012-12,4종,1342
592,서부여,2012-12,5종,1506
592,서부여,2012-12,6종,1522
593,부여,2012-12,1종,47624
593,부여,2012-12,2종,2414
593,부여,2012-12,3종,2162
593,부여,2012-12,4종,2178
593,부여,2012-12,5종,2433
593,부여,2012-12,6종,1744
594,칠갑산,2012-12,1종,47531
594,칠갑산,2012-12,2종,1761
594,칠갑산,2012-12,3종,1799
594,칠갑산,2012-12,4종,1288
594,칠갑산,2012-12,5종,776
594,칠갑산,2012-12,6종,1493
595,서공주,2012-12,1종,43380
595,서공주,2012-12,2종,2642
595,서공주,2012-12,3종,1808
595,서공주,2012-12,4종,2246
595,서공주,2012-12,5종,2929
595,서공주,2012-12,6종,1419
597,서여주,2012-12,1종,83120
597,서여주,2012-12,2종,4778
597,서여주,2012-12,3종,5224
597,서여주,2012-12,4종,4696
597,서여주,2012-12,5종,4740
597,서여주,2012-12,6종,3747
598,북여주,2012-12,1종,54445
598,북여주,2012-12,2종,2499
598,북여주,2012-12,3종,2072
598,북여주,2012-12,4종,2134
598,북여주,2012-12,5종,2650
598,북여주,2012-12,6종,2422
599,양촌,2012-12,1종,15386
599,양촌,2012-12,2종,378
599,양촌,2012-12,3종,100
599,양촌,2012-12,4종,84
599,양촌,2012-12,5종,8
599,양촌,2012-12,6종,673
601,남천안,2012-12,1종,310452
601,남천안,2012-12,2종,28876
601,남천안,2012-12,3종,21981
601,남천안,2012-12,4종,23571
601,남천안,2012-12,5종,24580
601,남천안,2012-12,6종,12126
602,풍세상,2012-12,1종,1130960
602,풍세상,2012-12,2종,43894
602,풍세상,2012-12,3종,146048
602,풍세상,2012-12,4종,62466
602,풍세상,2012-12,5종,68618
602,풍세상,2012-12,6종,43174
603,정안,2012-12,1종,117788
603,정안,2012-12,2종,9094
603,정안,2012-12,3종,17381
603,정안,2012-12,4종,9280
603,정안,2012-12,5종,8363
603,정안,2012-12,6종,4032
604,남공주,2012-12,1종,60317
604,남공주,2012-12,2종,4430
604,남공주,2012-12,3종,3732
604,남공주,2012-12,4종,3175
604,남공주,2012-12,5종,3938
604,남공주,2012-12,6종,1957
605,탄천,2012-12,1종,20428
605,탄천,2012-12,2종,1805
605,탄천,2012-12,3종,978
605,탄천,2012-12,4종,1057
605,탄천,2012-12,5종,1309
605,탄천,2012-12,6종,610
606,서논산,2012-12,1종,110646
606,서논산,2012-12,2종,7451
606,서논산,2012-12,3종,9354
606,서논산,2012-12,4종,6611
606,서논산,2012-12,5종,9277
606,서논산,2012-12,6종,3812
607,연무,2012-12,1종,49728
607,연무,2012-12,2종,2595
607,연무,2012-12,3종,2143
607,연무,2012-12,4종,1241
607,연무,2012-12,5종,2187
607,연무,2012-12,6종,1586
608,남논산하,2012-12,1종,682810
608,남논산하,2012-12,2종,26140
608,남논산하,2012-12,3종,103976
608,남논산하,2012-12,4종,35802
608,남논산하,2012-12,5종,54066
608,남논산하,2012-12,6종,23168
612,풍세하,2012-12,1종,1113560
612,풍세하,2012-12,2종,43010
612,풍세하,2012-12,3종,147702
612,풍세하,2012-12,4종,49844
612,풍세하,2012-12,5종,57300
612,풍세하,2012-12,6종,42630
618,남논산상,2012-12,1종,685484
618,남논산상,2012-12,2종,26288
618,남논산상,2012-12,3종,100240
618,남논산상,2012-12,4종,37642
618,남논산상,2012-12,5종,61600
618,남논산상,2012-12,6종,23052
621,동대구,2012-12,1종,760555
621,동대구,2012-12,2종,33941
621,동대구,2012-12,3종,39382
621,동대구,2012-12,4종,23767
621,동대구,2012-12,5종,28554
621,동대구,2012-12,6종,37205
622,대구,2012-12,1종,949725
622,대구,2012-12,2종,50126
622,대구,2012-12,3종,58501
622,대구,2012-12,4종,47496
622,대구,2012-12,5종,83727
622,대구,2012-12,6종,46953
623,수성,2012-12,1종,671961
623,수성,2012-12,2종,20794
623,수성,2012-12,3종,13195
623,수성,2012-12,4종,7740
623,수성,2012-12,5종,7830
623,수성,2012-12,6종,29446
624,청도,2012-12,1종,182468
624,청도,2012-12,2종,7416
624,청도,2012-12,3종,4929
624,청도,2012-12,4종,3730
624,청도,2012-12,5종,4695
624,청도,2012-12,6종,8795
625,밀양,2012-12,1종,221320
625,밀양,2012-12,2종,14030
625,밀양,2012-12,3종,8781
625,밀양,2012-12,4종,7526
625,밀양,2012-12,5종,8669
625,밀양,2012-12,6종,9568
626,남밀양,2012-12,1종,314051
626,남밀양,2012-12,2종,21573
626,남밀양,2012-12,3종,13814
626,남밀양,2012-12,4종,11948
626,남밀양,2012-12,5종,13575
626,남밀양,2012-12,6종,16970
627,삼랑진,2012-12,1종,186370
627,삼랑진,2012-12,2종,9473
627,삼랑진,2012-12,3종,5134
627,삼랑진,2012-12,4종,3979
627,삼랑진,2012-12,5종,8200
627,삼랑진,2012-12,6종,10959
628,상동,2012-12,1종,216557
628,상동,2012-12,2종,25453
628,상동,2012-12,3종,13154
628,상동,2012-12,4종,15102
628,상동,2012-12,5종,23066
628,상동,2012-12,6종,13261
629,김해부산,2012-12,1종,1017781
629,김해부산,2012-12,2종,67119
629,김해부산,2012-12,3종,64264
629,김해부산,2012-12,4종,55810
629,김해부산,2012-12,5종,99679
629,김해부산,2012-12,6종,56246
641,울산,2012-12,1종,1117040
641,울산,2012-12,2종,55427
641,울산,2012-12,3종,69173
641,울산,2012-12,4종,46840
641,울산,2012-12,5종,121263
641,울산,2012-12,6종,53215
642,문수,2012-12,1종,107178
642,문수,2012-12,2종,5000
642,문수,2012-12,3종,3958
642,문수,2012-12,4종,4314
642,문수,2012-12,5종,6247
642,문수,2012-12,6종,6205
643,청량,2012-12,1종,498010
643,청량,2012-12,2종,12992
643,청량,2012-12,3종,12784
643,청량,2012-12,4종,19479
643,청량,2012-12,5종,76998
643,청량,2012-12,6종,29457
644,온양,2012-12,1종,182285
644,온양,2012-12,2종,4151
644,온양,2012-12,3종,2200
644,온양,2012-12,4종,3379
644,온양,2012-12,5종,12267
644,온양,2012-12,6종,12594
645,장안,2012-12,1종,229300
645,장안,2012-12,2종,6994
645,장안,2012-12,3종,4785
645,장안,2012-12,4종,5387
645,장안,2012-12,5종,13650
645,장안,2012-12,6종,14511
646,기장일광,2012-12,1종,225731
646,기장일광,2012-12,2종,3331
646,기장일광,2012-12,3종,3049
646,기장일광,2012-12,4종,1928
646,기장일광,2012-12,5종,4769
646,기장일광,2012-12,6종,13939
647,해운대송정,2012-12,1종,85543
647,해운대송정,2012-12,2종,916
647,해운대송정,2012-12,3종,734
647,해운대송정,2012-12,4종,444
647,해운대송정,2012-12,5종,763
647,해운대송정,2012-12,6종,5073
648,해운대,2012-12,1종,684737
648,해운대,2012-12,2종,8602
648,해운대,2012-12,3종,7893
648,해운대,2012-12,4종,6573
648,해운대,2012-12,5종,33468
648,해운대,2012-12,6종,40322
651,남양주,2012-12,1종,1333483
651,남양주,2012-12,2종,38184
651,남양주,2012-12,3종,60503
651,남양주,2012-12,4종,13617
651,남양주,2012-12,5종,12293
651,남양주,2012-12,6종,81293
652,화도,2012-12,1종,674220
652,화도,2012-12,2종,30581
652,화도,2012-12,3종,27785
652,화도,2012-12,4종,9933
652,화도,2012-12,5종,9237
652,화도,2012-12,6종,51296
653,서종,2012-12,1종,117662
653,서종,2012-12,2종,1022
653,서종,2012-12,3종,443
653,서종,2012-12,4종,583
653,서종,2012-12,5종,408
653,서종,2012-12,6종,6995
654,설악,2012-12,1종,143561
654,설악,2012-12,2종,2975
654,설악,2012-12,3종,4092
654,설악,2012-12,4종,1642
654,설악,2012-12,5종,1113
654,설악,2012-12,6종,7947
655,강촌,2012-12,1종,101634
655,강촌,2012-12,2종,1930
655,강촌,2012-12,3종,2845
655,강촌,2012-12,4종,2171
655,강촌,2012-12,5종,1280
655,강촌,2012-12,6종,4666
656,남춘천,2012-12,1종,152333
656,남춘천,2012-12,2종,2140
656,남춘천,2012-12,3종,13195
656,남춘천,2012-12,4종,1873
656,남춘천,2012-12,5종,2002
656,남춘천,2012-12,6종,7110
657,동산,2012-12,1종,548054
657,동산,2012-12,2종,10840
657,동산,2012-12,3종,24770
657,동산,2012-12,4종,6236
657,동산,2012-12,5종,6740
657,동산,2012-12,6종,25756
658,조양,2012-12,1종,18150
658,조양,2012-12,2종,599
658,조양,2012-12,3종,439
658,조양,2012-12,4종,564
658,조양,2012-12,5종,575
658,조양,2012-12,6종,831
671,봉담,2012-12,1종,1000972
671,봉담,2012-12,2종,56672
671,봉담,2012-12,3종,37567
671,봉담,2012-12,4종,19396
671,봉담,2012-12,5종,25788
671,봉담,2012-12,6종,74709
672,정남,2012-12,1종,278766
672,정남,2012-12,2종,18406
672,정남,2012-12,3종,9643
672,정남,2012-12,4종,4987
672,정남,2012-12,5종,4004
672,정남,2012-12,6종,21871
673,북오산,2012-12,1종,698395
673,북오산,2012-12,2종,29331
673,북오산,2012-12,3종,24333
673,북오산,2012-12,4종,14610
673,북오산,2012-12,5종,10733
673,북오산,2012-12,6종,48864
674,,2012-12,1종,739962
674,,2012-12,2종,44110
674,,2012-12,3종,54345
674,,2012-12,4종,21357
674,,2012-12,5종,24087
674,,2012-12,6종,51001
675,서오산,2012-12,1종,195676
675,서오산,2012-12,2종,8641
675,서오산,2012-12,3종,5020
675,서오산,2012-12,4종,3178
675,서오산,2012-12,5종,3741
675,서오산,2012-12,6종,13781
676,향남,2012-12,1종,410239
676,향남,2012-12,2종,32741
676,향남,2012-12,3종,18000
676,향남,2012-12,4종,15930
676,향남,2012-12,5종,12945
676,향남,2012-12,6종,31553
677,북평택,2012-12,1종,698701
677,북평택,2012-12,2종,39035
677,북평택,2012-12,3종,38134
677,북평택,2012-12,4종,15908
677,북평택,2012-12,5종,26572
677,북평택,2012-12,6종,41319
981,서영암,2012-12,1종,163004
981,서영암,2012-12,2종,4200
981,서영암,2012-12,3종,8378
981,서영암,2012-12,4종,6715
981,서영암,2012-12,5종,15567
981,서영암,2012-12,6종,3835
982,강진무위사,2012-12,1종,95150
982,강진무위사,2012-12,2종,3326
982,강진무위사,2012-12,3종,6583
982,강진무위사,2012-12,4종,5897
982,강진무위사,2012-12,5종,5228
982,강진무위사,2012-12,6종,2342
983,장흥,2012-12,1종,78186
983,장흥,2012-12,2종,1432
983,장흥,2012-12,3종,1933
983,장흥,2012-12,4종,1191
983,장흥,2012-12,5종,873
983,장흥,2012-12,6종,2014
984,보성,2012-12,1종,119880
984,보성,2012-12,2종,4563
984,보성,2012-12,3종,4447
984,보성,2012-12,4종,4296
984,보성,2012-12,5종,10595
984,보성,2012-12,6종,3030
985,벌교,2012-12,1종,127742
985,벌교,2012-12,2종,4346
985,벌교,2012-12,3종,4579
985,벌교,2012-12,4종,4050
985,벌교,2012-12,5종,7932
985,벌교,2012-12,6종,2970
987,남순천,2012-12,1종,249396
987,남순천,2012-12,2종,7010
987,남순천,2012-12,3종,12861
987,남순천,2012-12,4종,14280
987,남순천,2012-12,5종,30027
987,남순천,2012-12,6종,6075
