영업소코드,영업소명,연월,차종,교통량
11,인천,2014-01,1종,3372423
11,인천,2014-01,2종,104496
11,인천,2014-01,3종,73228
11,인천,2014-01,4종,52859
11,인천,2014-01,5종,93598
11,인천,2014-01,6종,307347
12,서영암(개),2014-01,1종,28204
12,서영암(개),2014-01,2종,518
12,서영암(개),2014-01,3종,502
12,서영암(개),2014-01,4종,342
12,서영암(개),2014-01,5종,386
12,서영암(개),2014-01,6종,1555
13,순천만,2014-01,1종,114543
13,순천만,2014-01,2종,3843
13,순천만,2014-01,3종,3429
13,순천만,2014-01,4종,2954
13,순천만,2014-01,5종,7818
13,순천만,2014-01,6종,4829
53,남인천,2014-01,1종,1566661
53,남인천,2014-01,2종,40274
53,남인천,2014-01,3종,50405
53,남인천,2014-01,4종,18787
53,남인천,2014-01,5종,55333
53,남인천,2014-01,6종,131589
56,일로,2014-01,1종,39422
56,일로,2014-01,2종,1287
56,일로,2014-01,3종,905
56,일로,2014-01,4종,691
56,일로,2014-01,5종,884
56,일로,2014-01,6종,2122
61,성남,2014-01,1종,3615806
61,성남,2014-01,2종,134456
61,성남,2014-01,3종,138950
61,성남,2014-01,4종,67956
61,성남,2014-01,5종,89928
61,성남,2014-01,6종,254279
62,구리남양주,2014-01,1종,4658606
62,구리남양주,2014-01,2종,187156
62,구리남양주,2014-01,3종,172121
62,구리남양주,2014-01,4종,96956
62,구리남양주,2014-01,5종,84283
62,구리남양주,2014-01,6종,348359
63,토평,2014-01,1종,456573
63,토평,2014-01,2종,14024
63,토평,2014-01,3종,6930
63,토평,2014-01,4종,7957
63,토평,2014-01,5종,9834
63,토평,2014-01,6종,37090
64,청계,2014-01,1종,4230922
64,청계,2014-01,2종,139468
64,청계,2014-01,3종,132525
64,청계,2014-01,4종,41366
64,청계,2014-01,5종,79950
64,청계,2014-01,6종,323137
65,판교,2014-01,1종,2770399
65,판교,2014-01,2종,42985
65,판교,2014-01,3종,170318
65,판교,2014-01,4종,15243
65,판교,2014-01,5종,16247
65,판교,2014-01,6종,165036
66,하남,2014-01,1종,731583
66,하남,2014-01,2종,25554
66,하남,2014-01,3종,14924
66,하남,2014-01,4종,6599
66,하남,2014-01,5종,12741
66,하남,2014-01,6종,56368
67,시흥,2014-01,1종,3621601
67,시흥,2014-01,2종,131235
67,시흥,2014-01,3종,103852
67,시흥,2014-01,4종,59550
67,시흥,2014-01,5종,62977
67,시흥,2014-01,6종,278507
68,김포,2014-01,1종,4368106
68,김포,2014-01,2종,167628
68,김포,2014-01,3종,130681
68,김포,2014-01,4종,68407
68,김포,2014-01,5종,95848
68,김포,2014-01,6종,353876
69,대왕판교,2014-01,1종,192398
69,대왕판교,2014-01,2종,1369
69,대왕판교,2014-01,3종,155
69,대왕판교,2014-01,4종,44
69,대왕판교,2014-01,5종,8
69,대왕판교,2014-01,6종,11318
74,덕소삼패,2014-01,1종,266046
74,덕소삼패,2014-01,2종,7877
74,덕소삼패,2014-01,3종,3342
74,덕소삼패,2014-01,4종,6397
74,덕소삼패,2014-01,5종,13005
74,덕소삼패,2014-01,6종,22078
91,대동(개),2014-01,1종,126110
91,대동(개),2014-01,2종,8983
91,대동(개),2014-01,3종,5028
91,대동(개),2014-01,4종,21959
91,대동(개),2014-01,5종,10065
91,대동(개),2014-01,6종,8397
92,내서,2014-01,1종,211080
92,내서,2014-01,2종,7819
92,내서,2014-01,3종,9701
92,내서,2014-01,4종,3385
92,내서,2014-01,5종,6654
92,내서,2014-01,6종,19186
101,서울,2014-01,1종,5022718
101,서울,2014-01,2종,184227
101,서울,2014-01,3종,547222
101,서울,2014-01,4종,88577
101,서울,2014-01,5종,51806
101,서울,2014-01,6종,246956
102,동수원,2014-01,1종,1905090
102,동수원,2014-01,2종,35599
102,동수원,2014-01,3종,77648
102,동수원,2014-01,4종,14065
102,동수원,2014-01,5종,17074
102,동수원,2014-01,6종,118795
103,수원신갈,2014-01,1종,2295390
103,수원신갈,2014-01,2종,94384
103,수원신갈,2014-01,3종,149775
103,수원신갈,2014-01,4종,42735
103,수원신갈,2014-01,5종,23965
103,수원신갈,2014-01,6종,130258
104,지곡,2014-01,1종,40466
104,지곡,2014-01,2종,1458
104,지곡,2014-01,3종,1913
104,지곡,2014-01,4종,1805
104,지곡,2014-01,5종,1814
104,지곡,2014-01,6종,1512
105,기흥,2014-01,1종,328139
105,기흥,2014-01,2종,26017
105,기흥,2014-01,3종,15624
105,기흥,2014-01,4종,12403
105,기흥,2014-01,5종,9688
105,기흥,2014-01,6종,19027
106,오산,2014-01,1종,1042443
106,오산,2014-01,2종,87298
106,오산,2014-01,3종,98163
106,오산,2014-01,4종,43141
106,오산,2014-01,5종,29378
106,오산,2014-01,6종,69083
107,안성,2014-01,1종,755328
107,안성,2014-01,2종,31513
107,안성,2014-01,3종,48901
107,안성,2014-01,4종,15488
107,안성,2014-01,5종,10814
107,안성,2014-01,6종,47803
108,천안,2014-01,1종,1341739
108,천안,2014-01,2종,43796
108,천안,2014-01,3종,94266
108,천안,2014-01,4종,35914
108,천안,2014-01,5종,29950
108,천안,2014-01,6종,65504
109,계룡,2014-01,1종,127703
109,계룡,2014-01,2종,9490
109,계룡,2014-01,3종,11869
109,계룡,2014-01,4종,9778
109,계룡,2014-01,5종,4372
109,계룡,2014-01,6종,8076
110,독립기념관,2014-01,1종,311896
110,독립기념관,2014-01,2종,20421
110,독립기념관,2014-01,3종,24988
110,독립기념관,2014-01,4종,29605
110,독립기념관,2014-01,5종,17538
110,독립기념관,2014-01,6종,13200
111,청주,2014-01,1종,447007
111,청주,2014-01,2종,17758
111,청주,2014-01,3종,46520
111,청주,2014-01,4종,13542
111,청주,2014-01,5종,18943
111,청주,2014-01,6종,22289
112,남청주,2014-01,1종,461122
112,남청주,2014-01,2종,38721
112,남청주,2014-01,3종,37198
112,남청주,2014-01,4종,43282
112,남청주,2014-01,5종,34300
112,남청주,2014-01,6종,21085
113,신탄진,2014-01,1종,712618
113,신탄진,2014-01,2종,41874
113,신탄진,2014-01,3종,31637
113,신탄진,2014-01,4종,54944
113,신탄진,2014-01,5종,45571
113,신탄진,2014-01,6종,37972
114,남대전,2014-01,1종,276721
114,남대전,2014-01,2종,11284
114,남대전,2014-01,3종,8236
114,남대전,2014-01,4종,4253
114,남대전,2014-01,5종,7939
114,남대전,2014-01,6종,13914
115,대전,2014-01,1종,1233331
115,대전,2014-01,2종,36544
115,대전,2014-01,3종,78122
115,대전,2014-01,4종,16684
115,대전,2014-01,5종,13709
115,대전,2014-01,6종,65381
116,옥천,2014-01,1종,335566
116,옥천,2014-01,2종,19807
116,옥천,2014-01,3종,16220
116,옥천,2014-01,4종,32529
116,옥천,2014-01,5종,17377
116,옥천,2014-01,6종,19138
117,금강,2014-01,1종,31837
117,금강,2014-01,2종,1496
117,금강,2014-01,3종,1132
117,금강,2014-01,4종,3361
117,금강,2014-01,5종,651
117,금강,2014-01,6종,1833
118,영동,2014-01,1종,79010
118,영동,2014-01,2종,4546
118,영동,2014-01,3종,4424
118,영동,2014-01,4종,2931
118,영동,2014-01,5종,5107
118,영동,2014-01,6종,3581
119,판암,2014-01,1종,431585
119,판암,2014-01,2종,13158
119,판암,2014-01,3종,8191
119,판암,2014-01,4종,5519
119,판암,2014-01,5종,5280
119,판암,2014-01,6종,23953
120,황간,2014-01,1종,74575
120,황간,2014-01,2종,2278
120,황간,2014-01,3종,4148
120,황간,2014-01,4종,3825
120,황간,2014-01,5종,4616
120,황간,2014-01,6종,2861
121,추풍령,2014-01,1종,38486
121,추풍령,2014-01,2종,1188
121,추풍령,2014-01,3종,1481
121,추풍령,2014-01,4종,950
121,추풍령,2014-01,5종,1120
121,추풍령,2014-01,6종,1734
122,김천,2014-01,1종,215865
122,김천,2014-01,2종,7905
122,김천,2014-01,3종,9864
122,김천,2014-01,4종,9989
122,김천,2014-01,5종,8979
122,김천,2014-01,6종,9724
123,구미,2014-01,1종,752465
123,구미,2014-01,2종,19089
123,구미,2014-01,3종,33162
123,구미,2014-01,4종,18573
123,구미,2014-01,5종,14593
123,구미,2014-01,6종,37812
124,상주,2014-01,1종,132154
124,상주,2014-01,2종,5866
124,상주,2014-01,3종,5386
124,상주,2014-01,4종,8014
124,상주,2014-01,5종,7709
124,상주,2014-01,6종,4408
125,남구미,2014-01,1종,529992
125,남구미,2014-01,2종,21588
125,남구미,2014-01,3종,29823
125,남구미,2014-01,4종,21387
125,남구미,2014-01,5종,39783
125,남구미,2014-01,6종,30147
126,왜관,2014-01,1종,581017
126,왜관,2014-01,2종,45313
126,왜관,2014-01,3종,27988
126,왜관,2014-01,4종,22068
126,왜관,2014-01,5종,27925
126,왜관,2014-01,6종,28575
127,서대구,2014-01,1종,1824369
127,서대구,2014-01,2종,87906
127,서대구,2014-01,3종,96507
127,서대구,2014-01,4종,48227
127,서대구,2014-01,5종,57409
127,서대구,2014-01,6종,82175
128,금왕꽃동네,2014-01,1종,41768
128,금왕꽃동네,2014-01,2종,5304
128,금왕꽃동네,2014-01,3종,4566
128,금왕꽃동네,2014-01,4종,3762
128,금왕꽃동네,2014-01,5종,4124
128,금왕꽃동네,2014-01,6종,1786
129,북대구,2014-01,1종,1681541
129,북대구,2014-01,2종,58392
129,북대구,2014-01,3종,48200
129,북대구,2014-01,4종,22779
129,북대구,2014-01,5종,25585
129,북대구,2014-01,6종,72458
130,동김천,2014-01,1종,99231
130,동김천,2014-01,2종,4752
130,동김천,2014-01,3종,6472
130,동김천,2014-01,4종,6918
130,동김천,2014-01,5종,11047
130,동김천,2014-01,6종,3971
131,경산,2014-01,1종,766888
131,경산,2014-01,2종,73665
131,경산,2014-01,3종,48586
131,경산,2014-01,4종,40861
131,경산,2014-01,5종,36849
131,경산,2014-01,6종,41660
132,영천,2014-01,1종,388567
132,영천,2014-01,2종,24080
132,영천,2014-01,3종,24934
132,영천,2014-01,4종,20721
132,영천,2014-01,5종,39879
132,영천,2014-01,6종,15603
133,서경주,2014-01,1종,170995
133,서경주,2014-01,2종,8198
133,서경주,2014-01,3종,10317
133,서경주,2014-01,4종,8336
133,서경주,2014-01,5종,24035
133,서경주,2014-01,6종,5663
134,선산,2014-01,1종,88175
134,선산,2014-01,2종,4562
134,선산,2014-01,3종,4590
134,선산,2014-01,4종,6316
134,선산,2014-01,5종,5849
134,선산,2014-01,6종,3326
135,경주,2014-01,1종,880060
135,경주,2014-01,2종,39888
135,경주,2014-01,3종,72619
135,경주,2014-01,4종,39082
135,경주,2014-01,5종,95088
135,경주,2014-01,6종,34270
136,음성,2014-01,1종,99124
136,음성,2014-01,2종,5961
136,음성,2014-01,3종,5840
136,음성,2014-01,4종,4456
136,음성,2014-01,5종,5075
136,음성,2014-01,6종,3912
137,통도사,2014-01,1종,275242
137,통도사,2014-01,2종,15610
137,통도사,2014-01,3종,15766
137,통도사,2014-01,4종,11513
137,통도사,2014-01,5종,17446
137,통도사,2014-01,6종,13841
138,양산,2014-01,1종,707549
138,양산,2014-01,2종,72009
138,양산,2014-01,3종,40977
138,양산,2014-01,4종,44520
138,양산,2014-01,5종,55266
138,양산,2014-01,6종,38041
139,서울산,2014-01,1종,444017
139,서울산,2014-01,2종,24138
139,서울산,2014-01,3종,27635
139,서울산,2014-01,4종,13060
139,서울산,2014-01,5종,23198
139,서울산,2014-01,6종,22962
140,부산,2014-01,1종,1562524
140,부산,2014-01,2종,58657
140,부산,2014-01,3종,45629
140,부산,2014-01,4종,31853
140,부산,2014-01,5종,57666
140,부산,2014-01,6종,87939
142,군북,2014-01,1종,319741
142,군북,2014-01,2종,13265
142,군북,2014-01,3종,12383
142,군북,2014-01,4종,8914
142,군북,2014-01,5종,16158
142,군북,2014-01,6종,19663
143,장지,2014-01,1종,104399
143,장지,2014-01,2종,6457
143,장지,2014-01,3종,4522
143,장지,2014-01,4종,3248
143,장지,2014-01,5종,14212
143,장지,2014-01,6종,5909
144,함안,2014-01,1종,234773
144,함안,2014-01,2종,12229
144,함안,2014-01,3종,9065
144,함안,2014-01,4종,8148
144,함안,2014-01,5종,16785
144,함안,2014-01,6종,15456
145,산인,2014-01,1종,705087
145,산인,2014-01,2종,18661
145,산인,2014-01,3종,28748
145,산인,2014-01,4종,12982
145,산인,2014-01,5종,20801
145,산인,2014-01,6종,39582
146,동창원,2014-01,1종,584863
146,동창원,2014-01,2종,28204
146,동창원,2014-01,3종,20891
146,동창원,2014-01,4종,16573
146,동창원,2014-01,5종,29950
146,동창원,2014-01,6종,38523
147,진례,2014-01,1종,425291
147,진례,2014-01,2종,33247
147,진례,2014-01,3종,18647
147,진례,2014-01,4종,16041
147,진례,2014-01,5종,25836
147,진례,2014-01,6종,28681
148,서김해,2014-01,1종,615581
148,서김해,2014-01,2종,21029
148,서김해,2014-01,3종,13955
148,서김해,2014-01,4종,9684
148,서김해,2014-01,5종,13980
148,서김해,2014-01,6종,42489
149,동김해,2014-01,1종,1089169
149,동김해,2014-01,2종,33801
149,동김해,2014-01,3종,23447
149,동김해,2014-01,4종,11992
149,동김해,2014-01,5종,13876
149,동김해,2014-01,6종,83327
150,북부산,2014-01,1종,2310237
150,북부산,2014-01,2종,64914
150,북부산,2014-01,3종,65340
150,북부산,2014-01,4종,39284
150,북부산,2014-01,5종,81218
150,북부산,2014-01,6종,148844
151,북대전,2014-01,1종,632948
151,북대전,2014-01,2종,15914
151,북대전,2014-01,3종,27831
151,북대전,2014-01,4종,17575
151,북대전,2014-01,5종,14710
151,북대전,2014-01,6종,35262
152,유성,2014-01,1종,951575
152,유성,2014-01,2종,21987
152,유성,2014-01,3종,34611
152,유성,2014-01,4종,16936
152,유성,2014-01,5종,12935
152,유성,2014-01,6종,43487
153,서대전,2014-01,1종,618601
153,서대전,2014-01,2종,18387
153,서대전,2014-01,3종,15938
153,서대전,2014-01,4종,15022
153,서대전,2014-01,5종,13446
153,서대전,2014-01,6종,34333
154,안영,2014-01,1종,384754
154,안영,2014-01,2종,13896
154,안영,2014-01,3종,9351
154,안영,2014-01,4종,5751
154,안영,2014-01,5종,7425
154,안영,2014-01,6종,19766
155,논산,2014-01,1종,201071
155,논산,2014-01,2종,15488
155,논산,2014-01,3종,13957
155,논산,2014-01,4종,11052
155,논산,2014-01,5종,12174
155,논산,2014-01,6종,8477
156,익산,2014-01,1종,269613
156,익산,2014-01,2종,20964
156,익산,2014-01,3종,26704
156,익산,2014-01,4종,18001
156,익산,2014-01,5종,25534
156,익산,2014-01,6종,8847
157,삼례,2014-01,1종,107247
157,삼례,2014-01,2종,7448
157,삼례,2014-01,3종,7660
157,삼례,2014-01,4종,5384
157,삼례,2014-01,5종,10028
157,삼례,2014-01,6종,3359
158,전주,2014-01,1종,425913
158,전주,2014-01,2종,19732
158,전주,2014-01,3종,46331
158,전주,2014-01,4종,18822
158,전주,2014-01,5종,38218
158,전주,2014-01,6종,12675
159,서전주,2014-01,1종,240670
159,서전주,2014-01,2종,11343
159,서전주,2014-01,3종,10750
159,서전주,2014-01,4종,6528
159,서전주,2014-01,5종,7003
159,서전주,2014-01,6종,7162
160,김제,2014-01,1종,107513
160,김제,2014-01,2종,6045
160,김제,2014-01,3종,7631
160,김제,2014-01,4종,3474
160,김제,2014-01,5종,4562
160,김제,2014-01,6종,3325
161,금산사,2014-01,1종,34351
161,금산사,2014-01,2종,2167
161,금산사,2014-01,3종,1838
161,금산사,2014-01,4종,632
161,금산사,2014-01,5종,1678
161,금산사,2014-01,6종,1042
162,태인,2014-01,1종,79383
162,태인,2014-01,2종,5019
162,태인,2014-01,3종,7458
162,태인,2014-01,4종,4058
162,태인,2014-01,5종,5298
162,태인,2014-01,6종,2366
163,정읍,2014-01,1종,229969
163,정읍,2014-01,2종,13870
163,정읍,2014-01,3종,19445
163,정읍,2014-01,4종,10913
163,정읍,2014-01,5종,9955
163,정읍,2014-01,6종,7044
164,무주,2014-01,1종,211023
164,무주,2014-01,2종,3542
164,무주,2014-01,3종,6559
164,무주,2014-01,4종,2275
164,무주,2014-01,5종,1576
164,무주,2014-01,6종,6677
165,백양사,2014-01,1종,62646
165,백양사,2014-01,2종,2004
165,백양사,2014-01,3종,3083
165,백양사,2014-01,4종,1455
165,백양사,2014-01,5종,1231
165,백양사,2014-01,6종,1703
166,장성,2014-01,1종,138529
166,장성,2014-01,2종,11262
166,장성,2014-01,3종,12836
166,장성,2014-01,4종,10130
166,장성,2014-01,5종,11931
166,장성,2014-01,6종,5058
167,광주,2014-01,1종,954734
167,광주,2014-01,2종,34843
167,광주,2014-01,3종,75646
167,광주,2014-01,4종,39550
167,광주,2014-01,5종,27152
167,광주,2014-01,6종,28304
168,덕유산,2014-01,1종,149217
168,덕유산,2014-01,2종,1465
168,덕유산,2014-01,3종,4840
168,덕유산,2014-01,4종,584
168,덕유산,2014-01,5종,1425
168,덕유산,2014-01,6종,3481
169,장수,2014-01,1종,123522
169,장수,2014-01,2종,3536
169,장수,2014-01,3종,5006
169,장수,2014-01,4종,1899
169,장수,2014-01,5종,2129
169,장수,2014-01,6종,3553
170,서상,2014-01,1종,43969
170,서상,2014-01,2종,2016
170,서상,2014-01,3종,4704
170,서상,2014-01,4종,3096
170,서상,2014-01,5종,2135
170,서상,2014-01,6종,1699
171,마성,2014-01,1종,230688
171,마성,2014-01,2종,4803
171,마성,2014-01,3종,17326
171,마성,2014-01,4종,1196
171,마성,2014-01,5종,533
171,마성,2014-01,6종,13347
172,용인,2014-01,1종,747703
172,용인,2014-01,2종,55527
172,용인,2014-01,3종,30800
172,용인,2014-01,4종,18068
172,용인,2014-01,5종,10669
172,용인,2014-01,6종,53814
173,양지,2014-01,1종,753494
173,양지,2014-01,2종,85209
173,양지,2014-01,3종,62494
173,양지,2014-01,4종,47776
173,양지,2014-01,5종,36247
173,양지,2014-01,6종,46952
174,춘천,2014-01,1종,693576
174,춘천,2014-01,2종,16169
174,춘천,2014-01,3종,23157
174,춘천,2014-01,4종,5558
174,춘천,2014-01,5종,4860
174,춘천,2014-01,6종,41173
175,덕평,2014-01,1종,388156
175,덕평,2014-01,2종,41792
175,덕평,2014-01,3종,23875
175,덕평,2014-01,4종,18072
175,덕평,2014-01,5종,9255
175,덕평,2014-01,6종,22388
176,이천,2014-01,1종,527131
176,이천,2014-01,2종,39143
176,이천,2014-01,3종,45698
176,이천,2014-01,4종,41278
176,이천,2014-01,5종,29180
176,이천,2014-01,6종,28089
177,여주,2014-01,1종,316461
177,여주,2014-01,2종,17667
177,여주,2014-01,3종,36297
177,여주,2014-01,4종,20450
177,여주,2014-01,5종,10028
177,여주,2014-01,6종,15531
178,문막,2014-01,1종,353380
178,문막,2014-01,2종,19846
178,문막,2014-01,3종,33805
178,문막,2014-01,4종,11184
178,문막,2014-01,5종,11778
178,문막,2014-01,6종,15776
179,홍천,2014-01,1종,280087
179,홍천,2014-01,2종,8144
179,홍천,2014-01,3종,13458
179,홍천,2014-01,4종,4446
179,홍천,2014-01,5종,2761
179,홍천,2014-01,6종,19473
180,원주,2014-01,1종,232340
180,원주,2014-01,2종,13088
180,원주,2014-01,3종,15784
180,원주,2014-01,4종,8249
180,원주,2014-01,5종,8380
180,원주,2014-01,6종,11540
181,새말,2014-01,1종,187502
181,새말,2014-01,2종,6490
181,새말,2014-01,3종,9702
181,새말,2014-01,4종,3106
181,새말,2014-01,5종,4245
181,새말,2014-01,6종,6734
182,둔내,2014-01,1종,151689
182,둔내,2014-01,2종,3479
182,둔내,2014-01,3종,7234
182,둔내,2014-01,4종,1657
182,둔내,2014-01,5종,786
182,둔내,2014-01,6종,6102
183,면온,2014-01,1종,147598
183,면온,2014-01,2종,1823
183,면온,2014-01,3종,7228
183,면온,2014-01,4종,671
183,면온,2014-01,5종,1803
183,면온,2014-01,6종,4824
184,대관령,2014-01,1종,278052
184,대관령,2014-01,2종,4902
184,대관령,2014-01,3종,21104
184,대관령,2014-01,4종,754
184,대관령,2014-01,5종,970
184,대관령,2014-01,6종,9924
185,평창,2014-01,1종,118464
185,평창,2014-01,2종,3163
185,평창,2014-01,3종,12286
185,평창,2014-01,4종,1365
185,평창,2014-01,5종,1660
185,평창,2014-01,6종,5016
186,속사,2014-01,1종,35173
186,속사,2014-01,2종,825
186,속사,2014-01,3종,2500
186,속사,2014-01,4종,339
186,속사,2014-01,5종,613
186,속사,2014-01,6종,1121
187,진부,2014-01,1종,167941
187,진부,2014-01,2종,3332
187,진부,2014-01,3종,11411
187,진부,2014-01,4종,1173
187,진부,2014-01,5종,1491
187,진부,2014-01,6종,6679
188,서충주,2014-01,1종,72508
188,서충주,2014-01,2종,4962
188,서충주,2014-01,3종,6625
188,서충주,2014-01,4종,4915
188,서충주,2014-01,5종,6502
188,서충주,2014-01,6종,3000
189,강릉,2014-01,1종,470650
189,강릉,2014-01,2종,11777
189,강릉,2014-01,3종,38387
189,강릉,2014-01,4종,7835
189,강릉,2014-01,5종,8219
189,강릉,2014-01,6종,22453
190,동서울,2014-01,1종,3135484
190,동서울,2014-01,2종,172008
190,동서울,2014-01,3종,208694
190,동서울,2014-01,4종,88909
190,동서울,2014-01,5종,61237
190,동서울,2014-01,6종,148905
191,경기광주,2014-01,1종,694671
191,경기광주,2014-01,2종,40212
191,경기광주,2014-01,3종,27976
191,경기광주,2014-01,4종,9407
191,경기광주,2014-01,5종,4021
191,경기광주,2014-01,6종,49243
192,곤지암,2014-01,1종,743709
192,곤지암,2014-01,2종,63667
192,곤지암,2014-01,3종,40837
192,곤지암,2014-01,4종,30779
192,곤지암,2014-01,5종,16249
192,곤지암,2014-01,6종,42358
193,일죽,2014-01,1종,390302
193,일죽,2014-01,2종,33900
193,일죽,2014-01,3종,33780
193,일죽,2014-01,4종,25924
193,일죽,2014-01,5종,15254
193,일죽,2014-01,6종,16678
194,서이천,2014-01,1종,474452
194,서이천,2014-01,2종,60067
194,서이천,2014-01,3종,45615
194,서이천,2014-01,4종,30514
194,서이천,2014-01,5종,11168
194,서이천,2014-01,6종,27188
195,대소,2014-01,1종,279952
195,대소,2014-01,2종,39246
195,대소,2014-01,3종,37781
195,대소,2014-01,4종,29557
195,대소,2014-01,5종,19629
195,대소,2014-01,6종,12917
196,진천,2014-01,1종,228129
196,진천,2014-01,2종,16313
196,진천,2014-01,3종,18618
196,진천,2014-01,4종,15303
196,진천,2014-01,5종,15146
196,진천,2014-01,6종,9598
197,증평,2014-01,1종,349049
197,증평,2014-01,2종,21255
197,증평,2014-01,3종,22502
197,증평,2014-01,4종,15573
197,증평,2014-01,5종,16451
197,증평,2014-01,6종,14675
198,서청주,2014-01,1종,746553
198,서청주,2014-01,2종,31745
198,서청주,2014-01,3종,42092
198,서청주,2014-01,4종,28154
198,서청주,2014-01,5종,20372
198,서청주,2014-01,6종,36597
199,오창,2014-01,1종,479520
199,오창,2014-01,2종,19995
199,오창,2014-01,3종,27625
199,오창,2014-01,4종,17044
199,오창,2014-01,5종,15281
199,오창,2014-01,6종,23797
200,금산,2014-01,1종,132181
200,금산,2014-01,2종,3396
200,금산,2014-01,3종,5506
200,금산,2014-01,4종,4286
200,금산,2014-01,5종,6107
200,금산,2014-01,6종,5402
201,칠곡,2014-01,1종,570795
201,칠곡,2014-01,2종,20983
201,칠곡,2014-01,3종,19000
201,칠곡,2014-01,4종,7330
201,칠곡,2014-01,5종,12155
201,칠곡,2014-01,6종,28799
202,다부,2014-01,1종,108580
202,다부,2014-01,2종,7051
202,다부,2014-01,3종,4306
202,다부,2014-01,4종,2172
202,다부,2014-01,5종,4975
202,다부,2014-01,6종,4220
203,가산,2014-01,1종,490015
203,가산,2014-01,2종,19822
203,가산,2014-01,3종,16752
203,가산,2014-01,4종,12773
203,가산,2014-01,5종,29227
203,가산,2014-01,6종,21675
204,추부,2014-01,1종,153017
204,추부,2014-01,2종,7235
204,추부,2014-01,3종,6887
204,추부,2014-01,4종,4156
204,추부,2014-01,5종,3775
204,추부,2014-01,6종,8296
205,군위,2014-01,1종,133574
205,군위,2014-01,2종,5411
205,군위,2014-01,3종,3698
205,군위,2014-01,4종,2587
205,군위,2014-01,5종,9185
205,군위,2014-01,6종,5888
206,의성,2014-01,1종,159665
206,의성,2014-01,2종,4282
206,의성,2014-01,3종,3814
206,의성,2014-01,4종,1730
206,의성,2014-01,5종,3163
206,의성,2014-01,6종,5507
207,남안동,2014-01,1종,270329
207,남안동,2014-01,2종,7533
207,남안동,2014-01,3종,5169
207,남안동,2014-01,4종,3855
207,남안동,2014-01,5종,5026
207,남안동,2014-01,6종,9494
208,서안동,2014-01,1종,189252
208,서안동,2014-01,2종,6041
208,서안동,2014-01,3종,15004
208,서안동,2014-01,4종,2885
208,서안동,2014-01,5종,4832
208,서안동,2014-01,6종,6359
209,예천,2014-01,1종,23167
209,예천,2014-01,2종,395
209,예천,2014-01,3종,515
209,예천,2014-01,4종,188
209,예천,2014-01,5종,497
209,예천,2014-01,6종,863
210,영주,2014-01,1종,131206
210,영주,2014-01,2종,4382
210,영주,2014-01,3종,8387
210,영주,2014-01,4종,2555
210,영주,2014-01,5종,9563
210,영주,2014-01,6종,4451
211,풍기,2014-01,1종,188198
211,풍기,2014-01,2종,5660
211,풍기,2014-01,3종,14140
211,풍기,2014-01,4종,3409
211,풍기,2014-01,5종,6023
211,풍기,2014-01,6종,6477
212,북수원,2014-01,1종,1159810
212,북수원,2014-01,2종,38599
212,북수원,2014-01,3종,50838
212,북수원,2014-01,4종,24244
212,북수원,2014-01,5종,14629
212,북수원,2014-01,6종,70771
213,부곡,2014-01,1종,343318
213,부곡,2014-01,2종,10060
213,부곡,2014-01,3종,7326
213,부곡,2014-01,4종,12857
213,부곡,2014-01,5종,63731
213,부곡,2014-01,6종,24217
214,동군포,2014-01,1종,180179
214,동군포,2014-01,2종,20203
214,동군포,2014-01,3종,11441
214,동군포,2014-01,4종,26479
214,동군포,2014-01,5종,13536
214,동군포,2014-01,6종,13175
215,군포,2014-01,1종,941034
215,군포,2014-01,2종,48026
215,군포,2014-01,3종,37177
215,군포,2014-01,4종,18699
215,군포,2014-01,5종,24046
215,군포,2014-01,6종,72444
216,횡성,2014-01,1종,173396
216,횡성,2014-01,2종,6004
216,횡성,2014-01,3종,7884
216,횡성,2014-01,4종,2986
216,횡성,2014-01,5종,3912
216,횡성,2014-01,6종,7956
217,북원주,2014-01,1종,65243
217,북원주,2014-01,2종,4911
217,북원주,2014-01,3종,3628
217,북원주,2014-01,4종,1760
217,북원주,2014-01,5종,1797
217,북원주,2014-01,6종,4286
218,남원주,2014-01,1종,507425
218,남원주,2014-01,2종,16682
218,남원주,2014-01,3종,32706
218,남원주,2014-01,4종,14814
218,남원주,2014-01,5종,15389
218,남원주,2014-01,6종,25566
219,신림,2014-01,1종,78294
219,신림,2014-01,2종,2217
219,신림,2014-01,3종,2566
219,신림,2014-01,4종,2054
219,신림,2014-01,5종,3803
219,신림,2014-01,6종,3251
220,덕평휴게소,2014-01,1종,923
220,덕평휴게소,2014-01,2종,30
220,덕평휴게소,2014-01,3종,14
220,덕평휴게소,2014-01,4종,0
220,덕평휴게소,2014-01,5종,0
220,덕평휴게소,2014-01,6종,98
221,생초,2014-01,1종,60975
221,생초,2014-01,2종,2177
221,생초,2014-01,3종,2467
221,생초,2014-01,4종,1531
221,생초,2014-01,5종,6465
221,생초,2014-01,6종,2064
222,산청,2014-01,1종,50545
222,산청,2014-01,2종,1555
222,산청,2014-01,3종,1936
222,산청,2014-01,4종,799
222,산청,2014-01,5종,1328
222,산청,2014-01,6종,2028
223,단성,2014-01,1종,102556
223,단성,2014-01,2종,2663
223,단성,2014-01,3종,5229
223,단성,2014-01,4종,2719
223,단성,2014-01,5종,3319
223,단성,2014-01,6종,3876
224,함양,2014-01,1종,100564
224,함양,2014-01,2종,3295
224,함양,2014-01,3종,6889
224,함양,2014-01,4종,1300
224,함양,2014-01,5종,2736
224,함양,2014-01,6종,4739
225,서진주,2014-01,1종,306852
225,서진주,2014-01,2종,7171
225,서진주,2014-01,3종,5548
225,서진주,2014-01,4종,3221
225,서진주,2014-01,5종,4477
225,서진주,2014-01,6종,18073
227,군산,2014-01,1종,246088
227,군산,2014-01,2종,7373
227,군산,2014-01,3종,15881
227,군산,2014-01,4종,12198
227,군산,2014-01,5종,33726
227,군산,2014-01,6종,7279
228,동군산,2014-01,1종,232694
228,동군산,2014-01,2종,8678
228,동군산,2014-01,3종,12660
228,동군산,2014-01,4종,8472
228,동군산,2014-01,5종,19447
228,동군산,2014-01,6종,6390
229,북천안,2014-01,1종,295315
229,북천안,2014-01,2종,25620
229,북천안,2014-01,3종,28534
229,북천안,2014-01,4종,33527
229,북천안,2014-01,5종,36042
229,북천안,2014-01,6종,16047
230,팔공산,2014-01,1종,581325
230,팔공산,2014-01,2종,22448
230,팔공산,2014-01,3종,11055
230,팔공산,2014-01,4종,8051
230,팔공산,2014-01,5종,10151
230,팔공산,2014-01,6종,27496
231,화원옥포,2014-01,1종,622743
231,화원옥포,2014-01,2종,34051
231,화원옥포,2014-01,3종,20676
231,화원옥포,2014-01,4종,8894
231,화원옥포,2014-01,5종,14374
231,화원옥포,2014-01,6종,32731
232,달성,2014-01,1종,394827
232,달성,2014-01,2종,21497
232,달성,2014-01,3종,22493
232,달성,2014-01,4종,6234
232,달성,2014-01,5종,6608
232,달성,2014-01,6종,26622
233,현풍,2014-01,1종,462099
233,현풍,2014-01,2종,32863
233,현풍,2014-01,3종,27262
233,현풍,2014-01,4종,17511
233,현풍,2014-01,5종,35099
233,현풍,2014-01,6종,21894
234,서천,2014-01,1종,122139
234,서천,2014-01,2종,3808
234,서천,2014-01,3종,4482
234,서천,2014-01,4종,4995
234,서천,2014-01,5종,6012
234,서천,2014-01,6종,4204
235,창녕,2014-01,1종,161839
235,창녕,2014-01,2종,6609
235,창녕,2014-01,3종,7901
235,창녕,2014-01,4종,3307
235,창녕,2014-01,5종,6790
235,창녕,2014-01,6종,7853
236,영산,2014-01,1종,167562
236,영산,2014-01,2종,9299
236,영산,2014-01,3종,10218
236,영산,2014-01,4종,6588
236,영산,2014-01,5종,8982
236,영산,2014-01,6종,7058
237,남지,2014-01,1종,132534
237,남지,2014-01,2종,7266
237,남지,2014-01,3종,11606
237,남지,2014-01,4종,6999
237,남지,2014-01,5종,13908
237,남지,2014-01,6종,9546
238,칠서,2014-01,1종,214163
238,칠서,2014-01,2종,25991
238,칠서,2014-01,3종,13708
238,칠서,2014-01,4종,20976
238,칠서,2014-01,5종,33399
238,칠서,2014-01,6종,14081
239,칠원,2014-01,1종,561381
239,칠원,2014-01,2종,24373
239,칠원,2014-01,3종,43135
239,칠원,2014-01,4종,32070
239,칠원,2014-01,5종,31761
239,칠원,2014-01,6종,29012
240,제천,2014-01,1종,466281
240,제천,2014-01,2종,11582
240,제천,2014-01,3종,26457
240,제천,2014-01,4종,9096
240,제천,2014-01,5종,16166
240,제천,2014-01,6종,19248
241,동고령,2014-01,1종,264791
241,동고령,2014-01,2종,16446
241,동고령,2014-01,3종,15241
241,동고령,2014-01,4종,10153
241,동고령,2014-01,5종,13411
241,동고령,2014-01,6종,12302
242,고령,2014-01,1종,182523
242,고령,2014-01,2종,9496
242,고령,2014-01,3종,9009
242,고령,2014-01,4종,4586
242,고령,2014-01,5종,13471
242,고령,2014-01,6종,7443
243,해인사,2014-01,1종,85633
243,해인사,2014-01,2종,2242
243,해인사,2014-01,3종,1899
243,해인사,2014-01,4종,584
243,해인사,2014-01,5종,659
243,해인사,2014-01,6종,3963
244,서부산,2014-01,1종,2061530
244,서부산,2014-01,2종,68320
244,서부산,2014-01,3종,93022
244,서부산,2014-01,4종,54701
244,서부산,2014-01,5종,171042
244,서부산,2014-01,6종,125889
245,장유,2014-01,1종,1270663
245,장유,2014-01,2종,38231
245,장유,2014-01,3종,48157
245,장유,2014-01,4종,19463
245,장유,2014-01,5종,27161
245,장유,2014-01,6종,90319
246,가락,2014-01,1종,739854
246,가락,2014-01,2종,32700
246,가락,2014-01,3종,27801
246,가락,2014-01,4종,43994
246,가락,2014-01,5종,180841
246,가락,2014-01,6종,49450
247,남원,2014-01,1종,135828
247,남원,2014-01,2종,5666
247,남원,2014-01,3종,6453
247,남원,2014-01,4종,2388
247,남원,2014-01,5종,8322
247,남원,2014-01,6종,5607
248,순창,2014-01,1종,117069
248,순창,2014-01,2종,3436
248,순창,2014-01,3종,2779
248,순창,2014-01,4종,2075
248,순창,2014-01,5종,2669
248,순창,2014-01,6종,4272
249,담양,2014-01,1종,131023
249,담양,2014-01,2종,3820
249,담양,2014-01,3종,11787
249,담양,2014-01,4종,2302
249,담양,2014-01,5종,5020
249,담양,2014-01,6종,4308
250,남양산,2014-01,1종,994526
250,남양산,2014-01,2종,46896
250,남양산,2014-01,3종,38517
250,남양산,2014-01,4종,22877
250,남양산,2014-01,5종,28758
250,남양산,2014-01,6종,71903
251,물금,2014-01,1종,427484
251,물금,2014-01,2종,45514
251,물금,2014-01,3종,19514
251,물금,2014-01,4종,33829
251,물금,2014-01,5종,60570
251,물금,2014-01,6종,29347
252,대동,2014-01,1종,2362848
252,대동,2014-01,2종,160733
252,대동,2014-01,3종,122173
252,대동,2014-01,4종,107304
252,대동,2014-01,5종,294626
252,대동,2014-01,6종,120735
253,서서울,2014-01,1종,4666708
253,서서울,2014-01,2종,188061
253,서서울,2014-01,3종,129680
253,서서울,2014-01,4종,111231
253,서서울,2014-01,5종,100918
253,서서울,2014-01,6종,280800
254,군자,2014-01,1종,2292237
254,군자,2014-01,2종,110917
254,군자,2014-01,3종,100032
254,군자,2014-01,4종,76340
254,군자,2014-01,5종,143929
254,군자,2014-01,6종,159000
255,서안산,2014-01,1종,1674959
255,서안산,2014-01,2종,96109
255,서안산,2014-01,3종,59198
255,서안산,2014-01,4종,46343
255,서안산,2014-01,5종,53719
255,서안산,2014-01,6종,127031
256,안산,2014-01,1종,863327
256,안산,2014-01,2종,22681
256,안산,2014-01,3종,18943
256,안산,2014-01,4종,5760
256,안산,2014-01,5종,6145
256,안산,2014-01,6종,64232
257,홍성,2014-01,1종,187193
257,홍성,2014-01,2종,4530
257,홍성,2014-01,3종,5444
257,홍성,2014-01,4종,2718
257,홍성,2014-01,5종,3794
257,홍성,2014-01,6종,6309
258,광천,2014-01,1종,117908
258,광천,2014-01,2종,6052
258,광천,2014-01,3종,6392
258,광천,2014-01,4종,5655
258,광천,2014-01,5종,11468
258,광천,2014-01,6종,3956
259,대천,2014-01,1종,207370
259,대천,2014-01,2종,6008
259,대천,2014-01,3종,8263
259,대천,2014-01,4종,3176
259,대천,2014-01,5종,4082
259,대천,2014-01,6종,7272
260,춘장대,2014-01,1종,47160
260,춘장대,2014-01,2종,1153
260,춘장대,2014-01,3종,1160
260,춘장대,2014-01,4종,1141
260,춘장대,2014-01,5종,2450
260,춘장대,2014-01,6종,1322
261,동광주,2014-01,1종,987856
261,동광주,2014-01,2종,29302
261,동광주,2014-01,3종,56398
261,동광주,2014-01,4종,21629
261,동광주,2014-01,5종,40401
261,동광주,2014-01,6종,31407
262,창평,2014-01,1종,86017
262,창평,2014-01,2종,4525
262,창평,2014-01,3종,3303
262,창평,2014-01,4종,2095
262,창평,2014-01,5종,1899
262,창평,2014-01,6종,2772
263,옥과,2014-01,1종,183955
263,옥과,2014-01,2종,4177
263,옥과,2014-01,3종,8890
263,옥과,2014-01,4종,3319
263,옥과,2014-01,5종,5484
263,옥과,2014-01,6종,7262
264,동남원,2014-01,1종,64149
264,동남원,2014-01,2종,1739
264,동남원,2014-01,3종,3172
264,동남원,2014-01,4종,869
264,동남원,2014-01,5종,2123
264,동남원,2014-01,6종,2013
265,곡성,2014-01,1종,133483
265,곡성,2014-01,2종,3973
265,곡성,2014-01,3종,4267
265,곡성,2014-01,4종,2099
265,곡성,2014-01,5종,5333
265,곡성,2014-01,6종,5491
266,석곡,2014-01,1종,42364
266,석곡,2014-01,2종,1271
266,석곡,2014-01,3종,1735
266,석곡,2014-01,4종,812
266,석곡,2014-01,5종,1512
266,석곡,2014-01,6종,1595
267,주암송광사,2014-01,1종,115821
267,주암송광사,2014-01,2종,3561
267,주암송광사,2014-01,3종,2452
267,주암송광사,2014-01,4종,2285
267,주암송광사,2014-01,5종,3673
267,주암송광사,2014-01,6종,3513
268,승주,2014-01,1종,58842
268,승주,2014-01,2종,951
268,승주,2014-01,3종,1224
268,승주,2014-01,4종,971
268,승주,2014-01,5종,890
268,승주,2014-01,6종,2779
269,지리산,2014-01,1종,47776
269,지리산,2014-01,2종,1616
269,지리산,2014-01,3종,2050
269,지리산,2014-01,4종,1213
269,지리산,2014-01,5종,1736
269,지리산,2014-01,6종,1511
270,서순천,2014-01,1종,148557
270,서순천,2014-01,2종,5273
270,서순천,2014-01,3종,9895
270,서순천,2014-01,4종,1984
270,서순천,2014-01,5종,3497
270,서순천,2014-01,6종,5350
271,순천,2014-01,1종,539352
271,순천,2014-01,2종,15311
271,순천,2014-01,3종,14710
271,순천,2014-01,4종,8912
271,순천,2014-01,5종,31074
271,순천,2014-01,6종,17758
272,광양,2014-01,1종,288112
272,광양,2014-01,2종,9812
272,광양,2014-01,3종,20120
272,광양,2014-01,4종,15418
272,광양,2014-01,5종,55787
272,광양,2014-01,6종,9489
273,동광양,2014-01,1종,130482
273,동광양,2014-01,2종,2553
273,동광양,2014-01,3종,2606
273,동광양,2014-01,4종,3437
273,동광양,2014-01,5종,22575
273,동광양,2014-01,6종,5790
274,가조,2014-01,1종,58893
274,가조,2014-01,2종,1989
274,가조,2014-01,3종,2975
274,가조,2014-01,4종,1128
274,가조,2014-01,5종,979
274,가조,2014-01,6종,3501
275,옥곡,2014-01,1종,160008
275,옥곡,2014-01,2종,6512
275,옥곡,2014-01,3종,6306
275,옥곡,2014-01,4종,8592
275,옥곡,2014-01,5종,36204
275,옥곡,2014-01,6종,6221
276,진월,2014-01,1종,75848
276,진월,2014-01,2종,2635
276,진월,2014-01,3종,1673
276,진월,2014-01,4종,5013
276,진월,2014-01,5종,38918
276,진월,2014-01,6종,2834
277,하동,2014-01,1종,193844
277,하동,2014-01,2종,4825
277,하동,2014-01,3종,6842
277,하동,2014-01,4종,8163
277,하동,2014-01,5종,36606
277,하동,2014-01,6종,8792
278,진교,2014-01,1종,168463
278,진교,2014-01,2종,4487
278,진교,2014-01,3종,13490
278,진교,2014-01,4종,1321
278,진교,2014-01,5종,2779
278,진교,2014-01,6종,9550
279,곤양,2014-01,1종,121530
279,곤양,2014-01,2종,3833
279,곤양,2014-01,3종,5830
279,곤양,2014-01,4종,2961
279,곤양,2014-01,5종,10157
279,곤양,2014-01,6종,5725
280,거창,2014-01,1종,180623
280,거창,2014-01,2종,6701
280,거창,2014-01,3종,14058
280,거창,2014-01,4종,2603
280,거창,2014-01,5종,2737
280,거창,2014-01,6종,8459
281,매송,2014-01,1종,455078
281,매송,2014-01,2종,24666
281,매송,2014-01,3종,20447
281,매송,2014-01,4종,10790
281,매송,2014-01,5종,15338
281,매송,2014-01,6종,25647
282,비봉,2014-01,1종,667431
282,비봉,2014-01,2종,44153
282,비봉,2014-01,3종,22921
282,비봉,2014-01,4종,17217
282,비봉,2014-01,5종,25715
282,비봉,2014-01,6종,40493
283,발안,2014-01,1종,415457
283,발안,2014-01,2종,29229
283,발안,2014-01,3종,16515
283,발안,2014-01,4종,15448
283,발안,2014-01,5종,16695
283,발안,2014-01,6종,24693
284,남양양,2014-01,1종,54748
284,남양양,2014-01,2종,1161
284,남양양,2014-01,3종,1707
284,남양양,2014-01,4종,651
284,남양양,2014-01,5종,1212
284,남양양,2014-01,6종,1748
285,서평택,2014-01,1종,576827
285,서평택,2014-01,2종,42195
285,서평택,2014-01,3종,42435
285,서평택,2014-01,4종,61566
285,서평택,2014-01,5종,107855
285,서평택,2014-01,6종,31193
286,통도사휴게소,2014-01,1종,24803
286,통도사휴게소,2014-01,2종,159
286,통도사휴게소,2014-01,3종,1703
286,통도사휴게소,2014-01,4종,1
286,통도사휴게소,2014-01,5종,0
286,통도사휴게소,2014-01,6종,1133
287,송악,2014-01,1종,406635
287,송악,2014-01,2종,19051
287,송악,2014-01,3종,17843
287,송악,2014-01,4종,21353
287,송악,2014-01,5종,105772
287,송악,2014-01,6종,18891
288,당진,2014-01,1종,386329
288,당진,2014-01,2종,14434
288,당진,2014-01,3종,23028
288,당진,2014-01,4종,13653
288,당진,2014-01,5종,40026
288,당진,2014-01,6종,17413
289,마산,2014-01,1종,874788
289,마산,2014-01,2종,30465
289,마산,2014-01,3종,37231
289,마산,2014-01,4종,14318
289,마산,2014-01,5종,20920
289,마산,2014-01,6종,56836
290,축동,2014-01,1종,43233
290,축동,2014-01,2종,2180
290,축동,2014-01,3종,1500
290,축동,2014-01,4종,3499
290,축동,2014-01,5종,8607
290,축동,2014-01,6종,2271
291,사천,2014-01,1종,635936
291,사천,2014-01,2종,27766
291,사천,2014-01,3종,25008
291,사천,2014-01,4종,15278
291,사천,2014-01,5종,23255
291,사천,2014-01,6종,39872
292,진주,2014-01,1종,660031
292,진주,2014-01,2종,22600
292,진주,2014-01,3종,49393
292,진주,2014-01,4종,13653
292,진주,2014-01,5종,30017
292,진주,2014-01,6종,42734
293,문산,2014-01,1종,292702
293,문산,2014-01,2종,11707
293,문산,2014-01,3종,7084
293,문산,2014-01,4종,6295
293,문산,2014-01,5종,8528
293,문산,2014-01,6종,17457
294,북창원,2014-01,1종,218341
294,북창원,2014-01,2종,8370
294,북창원,2014-01,3종,5598
294,북창원,2014-01,4종,6826
294,북창원,2014-01,5종,6757
294,북창원,2014-01,6종,10433
295,진성,2014-01,1종,131974
295,진성,2014-01,2종,8209
295,진성,2014-01,3종,4934
295,진성,2014-01,4종,5022
295,진성,2014-01,5종,12013
295,진성,2014-01,6종,6351
296,지수,2014-01,1종,49027
296,지수,2014-01,2종,2334
296,지수,2014-01,3종,1555
296,지수,2014-01,4종,1104
296,지수,2014-01,5종,3801
296,지수,2014-01,6종,3529
298,서산,2014-01,1종,443125
298,서산,2014-01,2종,15503
298,서산,2014-01,3종,27619
298,서산,2014-01,4종,20288
298,서산,2014-01,5종,34610
298,서산,2014-01,6종,17536
299,해미,2014-01,1종,121141
299,해미,2014-01,2종,4861
299,해미,2014-01,3종,5064
299,해미,2014-01,4종,4809
299,해미,2014-01,5종,9084
299,해미,2014-01,6종,4823
500,남여주,2014-01,1종,98597
500,남여주,2014-01,2종,4886
500,남여주,2014-01,3종,7218
500,남여주,2014-01,4종,5793
500,남여주,2014-01,5종,10179
500,남여주,2014-01,6종,4693
501,서김제,2014-01,1종,55837
501,서김제,2014-01,2종,2297
501,서김제,2014-01,3종,3099
501,서김제,2014-01,4종,2011
501,서김제,2014-01,5종,2582
501,서김제,2014-01,6종,1467
502,부안,2014-01,1종,95539
502,부안,2014-01,2종,3769
502,부안,2014-01,3종,6770
502,부안,2014-01,4종,2150
502,부안,2014-01,5종,3428
502,부안,2014-01,6종,2428
503,줄포,2014-01,1종,62716
503,줄포,2014-01,2종,1862
503,줄포,2014-01,3종,1709
503,줄포,2014-01,4종,811
503,줄포,2014-01,5종,839
503,줄포,2014-01,6종,1296
504,선운산,2014-01,1종,96009
504,선운산,2014-01,2종,3753
504,선운산,2014-01,3종,7623
504,선운산,2014-01,4종,7191
504,선운산,2014-01,5종,4889
504,선운산,2014-01,6종,2549
505,고창,2014-01,1종,78563
505,고창,2014-01,2종,2766
505,고창,2014-01,3종,2729
505,고창,2014-01,4종,1175
505,고창,2014-01,5종,1062
505,고창,2014-01,6종,2301
506,영광,2014-01,1종,84038
506,영광,2014-01,2종,2760
506,영광,2014-01,3종,5802
506,영광,2014-01,4종,1895
506,영광,2014-01,5종,1878
506,영광,2014-01,6종,2092
507,함평,2014-01,1종,57686
507,함평,2014-01,2종,2796
507,함평,2014-01,3종,5716
507,함평,2014-01,4종,3200
507,함평,2014-01,5종,5251
507,함평,2014-01,6종,1472
508,무안,2014-01,1종,174109
508,무안,2014-01,2종,4583
508,무안,2014-01,3종,5588
508,무안,2014-01,4종,3876
508,무안,2014-01,5종,5063
508,무안,2014-01,6종,5237
509,목포,2014-01,1종,757873
509,목포,2014-01,2종,19218
509,목포,2014-01,3종,36595
509,목포,2014-01,4종,27512
509,목포,2014-01,5종,39452
509,목포,2014-01,6종,20008
510,양양,2014-01,1종,75472
510,양양,2014-01,2종,2016
510,양양,2014-01,3종,2398
510,양양,2014-01,4종,1018
510,양양,2014-01,5종,2495
510,양양,2014-01,6종,2944
511,무창포,2014-01,1종,65457
511,무창포,2014-01,2종,2142
511,무창포,2014-01,3종,2246
511,무창포,2014-01,4종,1247
511,무창포,2014-01,5종,3542
511,무창포,2014-01,6종,1771
512,연화산,2014-01,1종,37941
512,연화산,2014-01,2종,1346
512,연화산,2014-01,3종,1059
512,연화산,2014-01,4종,1297
512,연화산,2014-01,5종,2373
512,연화산,2014-01,6종,2284
513,고성,2014-01,1종,335000
513,고성,2014-01,2종,11433
513,고성,2014-01,3종,14496
513,고성,2014-01,4종,8851
513,고성,2014-01,5종,11498
513,고성,2014-01,6종,17432
514,동고성,2014-01,1종,83760
514,동고성,2014-01,2종,3744
514,동고성,2014-01,3종,4822
514,동고성,2014-01,4종,8485
514,동고성,2014-01,5종,11406
514,동고성,2014-01,6종,6220
515,북통영,2014-01,1종,146063
515,북통영,2014-01,2종,3680
515,북통영,2014-01,3종,9941
515,북통영,2014-01,4종,1734
515,북통영,2014-01,5종,1834
515,북통영,2014-01,6종,8213
516,통영,2014-01,1종,543631
516,통영,2014-01,2종,16243
516,통영,2014-01,3종,20887
516,통영,2014-01,4종,18247
516,통영,2014-01,5종,21308
516,통영,2014-01,6종,26040
517,양평,2014-01,1종,140197
517,양평,2014-01,2종,5143
517,양평,2014-01,3종,5130
517,양평,2014-01,4종,3377
517,양평,2014-01,5종,5277
517,양평,2014-01,6종,5687
518,칠곡물류,2014-01,1종,48653
518,칠곡물류,2014-01,2종,11994
518,칠곡물류,2014-01,3종,6075
518,칠곡물류,2014-01,4종,9737
518,칠곡물류,2014-01,5종,10623
518,칠곡물류,2014-01,6종,2069
519,남대구,2014-01,1종,1385496
519,남대구,2014-01,2종,60509
519,남대구,2014-01,3종,63231
519,남대구,2014-01,4종,21541
519,남대구,2014-01,5종,36699
519,남대구,2014-01,6종,71362
520,평택,2014-01,1종,526939
520,평택,2014-01,2종,31277
520,평택,2014-01,3종,40316
520,평택,2014-01,4종,18724
520,평택,2014-01,5종,25308
520,평택,2014-01,6종,30491
521,단양,2014-01,1종,57015
521,단양,2014-01,2종,1521
521,단양,2014-01,3종,2783
521,단양,2014-01,4종,716
521,단양,2014-01,5종,6629
521,단양,2014-01,6종,2182
522,북단양,2014-01,1종,87037
522,북단양,2014-01,2종,2300
522,북단양,2014-01,3종,3211
522,북단양,2014-01,4종,6504
522,북단양,2014-01,5종,28701
522,북단양,2014-01,6종,2931
523,남제천,2014-01,1종,74692
523,남제천,2014-01,2종,1717
523,남제천,2014-01,3종,5131
523,남제천,2014-01,4종,685
523,남제천,2014-01,5종,2529
523,남제천,2014-01,6종,2380
524,청통와촌,2014-01,1종,221467
524,청통와촌,2014-01,2종,11594
524,청통와촌,2014-01,3종,5659
524,청통와촌,2014-01,4종,4047
524,청통와촌,2014-01,5종,6219
524,청통와촌,2014-01,6종,9260
525,북영천,2014-01,1종,173479
525,북영천,2014-01,2종,6597
525,북영천,2014-01,3종,4544
525,북영천,2014-01,4종,3185
525,북영천,2014-01,5종,7268
525,북영천,2014-01,6종,5528
526,서포항,2014-01,1종,105249
526,서포항,2014-01,2종,2074
526,서포항,2014-01,3종,1974
526,서포항,2014-01,4종,846
526,서포항,2014-01,5종,2826
526,서포항,2014-01,6종,5552
527,포항,2014-01,1종,822427
527,포항,2014-01,2종,16917
527,포항,2014-01,3종,25331
527,포항,2014-01,4종,8838
527,포항,2014-01,5종,41308
527,포항,2014-01,6종,30022
528,기흥동탄,2014-01,1종,1030824
528,기흥동탄,2014-01,2종,26724
528,기흥동탄,2014-01,3종,68634
528,기흥동탄,2014-01,4종,22100
528,기흥동탄,2014-01,5종,19253
528,기흥동탄,2014-01,6종,60610
529,노포,2014-01,1종,214828
529,노포,2014-01,2종,12719
529,노포,2014-01,3종,39961
529,노포,2014-01,4종,5380
529,노포,2014-01,5종,7521
529,노포,2014-01,6종,11074
530,내장산,2014-01,1종,43919
530,내장산,2014-01,2종,1208
530,내장산,2014-01,3종,900
530,내장산,2014-01,4종,484
530,내장산,2014-01,5종,874
530,내장산,2014-01,6종,1557
531,문의청남대,2014-01,1종,165512
531,문의청남대,2014-01,2종,6868
531,문의청남대,2014-01,3종,7413
531,문의청남대,2014-01,4종,6617
531,문의청남대,2014-01,5종,7653
531,문의청남대,2014-01,6종,6570
532,회인,2014-01,1종,37682
532,회인,2014-01,2종,909
532,회인,2014-01,3종,606
532,회인,2014-01,4종,739
532,회인,2014-01,5종,473
532,회인,2014-01,6종,1597
533,보은,2014-01,1종,111231
533,보은,2014-01,2종,4374
533,보은,2014-01,3종,3399
533,보은,2014-01,4종,2614
533,보은,2014-01,5종,2067
533,보은,2014-01,6종,4932
534,속리산,2014-01,1종,38336
534,속리산,2014-01,2종,1704
534,속리산,2014-01,3종,1580
534,속리산,2014-01,4종,1248
534,속리산,2014-01,5종,1204
534,속리산,2014-01,6종,1616
535,화서,2014-01,1종,46421
535,화서,2014-01,2종,1224
535,화서,2014-01,3종,1455
535,화서,2014-01,4종,1016
535,화서,2014-01,5종,1972
535,화서,2014-01,6종,2004
536,남상주,2014-01,1종,111075
536,남상주,2014-01,2종,4014
536,남상주,2014-01,3종,7575
536,남상주,2014-01,4종,4419
536,남상주,2014-01,5종,3395
536,남상주,2014-01,6종,4222
537,남김천,2014-01,1종,68194
537,남김천,2014-01,2종,5121
537,남김천,2014-01,3종,4593
537,남김천,2014-01,4종,5005
537,남김천,2014-01,5종,10573
537,남김천,2014-01,6종,2542
538,성주,2014-01,1종,62858
538,성주,2014-01,2종,5516
538,성주,2014-01,3종,4163
538,성주,2014-01,4종,3516
538,성주,2014-01,5종,5237
538,성주,2014-01,6종,2298
539,남성주,2014-01,1종,44916
539,남성주,2014-01,2종,6037
539,남성주,2014-01,3종,3079
539,남성주,2014-01,4종,4070
539,남성주,2014-01,5종,4572
539,남성주,2014-01,6종,1595
540,청북,2014-01,1종,377048
540,청북,2014-01,2종,40094
540,청북,2014-01,3종,36566
540,청북,2014-01,4종,29521
540,청북,2014-01,5종,33396
540,청북,2014-01,6종,21142
541,송탄,2014-01,1종,360082
541,송탄,2014-01,2종,33142
541,송탄,2014-01,3종,29383
541,송탄,2014-01,4종,28981
541,송탄,2014-01,5종,20961
541,송탄,2014-01,6종,19364
542,서안성,2014-01,1종,296203
542,서안성,2014-01,2종,30268
542,서안성,2014-01,3종,35337
542,서안성,2014-01,4종,30583
542,서안성,2014-01,5종,20049
542,서안성,2014-01,6종,14293
543,남안성,2014-01,1종,425170
543,남안성,2014-01,2종,49237
543,남안성,2014-01,3종,36063
543,남안성,2014-01,4종,35159
543,남안성,2014-01,5종,32116
543,남안성,2014-01,6종,24400
544,완주,2014-01,1종,155391
544,완주,2014-01,2종,6612
544,완주,2014-01,3종,7115
544,완주,2014-01,4종,7067
544,완주,2014-01,5종,11203
544,완주,2014-01,6종,5120
545,소양,2014-01,1종,146551
545,소양,2014-01,2종,3801
545,소양,2014-01,3종,7814
545,소양,2014-01,4종,2240
545,소양,2014-01,5종,4458
545,소양,2014-01,6종,4400
546,진안,2014-01,1종,61318
546,진안,2014-01,2종,2159
546,진안,2014-01,3종,1812
546,진안,2014-01,4종,1106
546,진안,2014-01,5종,963
546,진안,2014-01,6종,2004
547,무안공항,2014-01,1종,24255
547,무안공항,2014-01,2종,577
547,무안공항,2014-01,3종,710
547,무안공항,2014-01,4종,258
547,무안공항,2014-01,5종,96
547,무안공항,2014-01,6종,637
548,북무안,2014-01,1종,96144
548,북무안,2014-01,2종,3068
548,북무안,2014-01,3종,3479
548,북무안,2014-01,4종,2684
548,북무안,2014-01,5종,2335
548,북무안,2014-01,6종,2220
549,동함평,2014-01,1종,144280
549,동함평,2014-01,2종,3728
549,동함평,2014-01,3종,4351
549,동함평,2014-01,4종,1612
549,동함평,2014-01,5종,2341
549,동함평,2014-01,6종,6063
550,문평,2014-01,1종,35305
550,문평,2014-01,2종,917
550,문평,2014-01,3종,903
550,문평,2014-01,4종,455
550,문평,2014-01,5종,2893
550,문평,2014-01,6종,1124
551,나주,2014-01,1종,48391
551,나주,2014-01,2종,1983
551,나주,2014-01,3종,1046
551,나주,2014-01,4종,610
551,나주,2014-01,5종,1192
551,나주,2014-01,6종,2492
552,서광산,2014-01,1종,81816
552,서광산,2014-01,2종,4546
552,서광산,2014-01,3종,5190
552,서광산,2014-01,4종,2708
552,서광산,2014-01,5종,4997
552,서광산,2014-01,6종,2605
553,동광산,2014-01,1종,768102
553,동광산,2014-01,2종,16161
553,동광산,2014-01,3종,24985
553,동광산,2014-01,4종,10024
553,동광산,2014-01,5종,20736
553,동광산,2014-01,6종,24960
554,동홍천,2014-01,1종,386402
554,동홍천,2014-01,2종,3906
554,동홍천,2014-01,3종,15648
554,동홍천,2014-01,4종,1972
554,동홍천,2014-01,5종,1324
554,동홍천,2014-01,6종,14349
555,북진천,2014-01,1종,267771
555,북진천,2014-01,2종,29171
555,북진천,2014-01,3종,30742
555,북진천,2014-01,4종,22722
555,북진천,2014-01,5종,21733
555,북진천,2014-01,6종,11629
556,동순천,2014-01,1종,260946
556,동순천,2014-01,2종,5667
556,동순천,2014-01,3종,11506
556,동순천,2014-01,4종,12151
556,동순천,2014-01,5종,45040
556,동순천,2014-01,6종,7055
557,황전,2014-01,1종,66096
557,황전,2014-01,2종,1908
557,황전,2014-01,3종,984
557,황전,2014-01,4종,939
557,황전,2014-01,5종,2876
557,황전,2014-01,6종,2592
558,구례화엄사,2014-01,1종,85955
558,구례화엄사,2014-01,2종,2489
558,구례화엄사,2014-01,3종,3570
558,구례화엄사,2014-01,4종,2225
558,구례화엄사,2014-01,5종,4687
558,구례화엄사,2014-01,6종,2510
559,서남원,2014-01,1종,45898
559,서남원,2014-01,2종,2324
559,서남원,2014-01,3종,1695
559,서남원,2014-01,4종,1915
559,서남원,2014-01,5종,4149
559,서남원,2014-01,6종,1476
560,감곡,2014-01,1종,304629
560,감곡,2014-01,2종,14052
560,감곡,2014-01,3종,14946
560,감곡,2014-01,4종,15380
560,감곡,2014-01,5종,30404
560,감곡,2014-01,6종,10802
561,북충주,2014-01,1종,116713
561,북충주,2014-01,2종,3119
561,북충주,2014-01,3종,5309
561,북충주,2014-01,4종,7323
561,북충주,2014-01,5종,28157
561,북충주,2014-01,6종,3801
562,충주,2014-01,1종,213570
562,충주,2014-01,2종,8762
562,충주,2014-01,3종,16580
562,충주,2014-01,4종,10073
562,충주,2014-01,5종,9751
562,충주,2014-01,6종,8255
563,괴산,2014-01,1종,68542
563,괴산,2014-01,2종,1824
563,괴산,2014-01,3종,3044
563,괴산,2014-01,4종,2364
563,괴산,2014-01,5종,5293
563,괴산,2014-01,6종,2502
564,연풍,2014-01,1종,50074
564,연풍,2014-01,2종,2718
564,연풍,2014-01,3종,6083
564,연풍,2014-01,4종,4991
564,연풍,2014-01,5종,5847
564,연풍,2014-01,6종,1375
565,문경새재,2014-01,1종,82942
565,문경새재,2014-01,2종,2908
565,문경새재,2014-01,3종,5197
565,문경새재,2014-01,4종,4117
565,문경새재,2014-01,5종,3675
565,문경새재,2014-01,6종,2501
566,점촌함창,2014-01,1종,131484
566,점촌함창,2014-01,2종,4264
566,점촌함창,2014-01,3종,9951
566,점촌함창,2014-01,4종,5311
566,점촌함창,2014-01,5종,5321
566,점촌함창,2014-01,6종,4426
567,남고창,2014-01,1종,94685
567,남고창,2014-01,2종,2970
567,남고창,2014-01,3종,1856
567,남고창,2014-01,4종,1248
567,남고창,2014-01,5종,2559
567,남고창,2014-01,6종,3569
568,장성물류,2014-01,1종,31126
568,장성물류,2014-01,2종,6858
568,장성물류,2014-01,3종,3205
568,장성물류,2014-01,4종,6588
568,장성물류,2014-01,5종,7979
568,장성물류,2014-01,6종,926
569,북광주,2014-01,1종,268386
569,북광주,2014-01,2종,14684
569,북광주,2014-01,3종,11404
569,북광주,2014-01,4종,15090
569,북광주,2014-01,5종,20967
569,북광주,2014-01,6종,8301
570,북상주,2014-01,1종,114650
570,북상주,2014-01,2종,5951
570,북상주,2014-01,3종,9134
570,북상주,2014-01,4종,9393
570,북상주,2014-01,5종,7094
570,북상주,2014-01,6종,4078
571,면천,2014-01,1종,89447
571,면천,2014-01,2종,3237
571,면천,2014-01,3종,2977
571,면천,2014-01,4종,3366
571,면천,2014-01,5종,4661
571,면천,2014-01,6종,3470
572,고덕,2014-01,1종,120822
572,고덕,2014-01,2종,3808
572,고덕,2014-01,3종,5140
572,고덕,2014-01,4종,3072
572,고덕,2014-01,5종,5970
572,고덕,2014-01,6종,4494
573,예산수덕사,2014-01,1종,275255
573,예산수덕사,2014-01,2종,9964
573,예산수덕사,2014-01,3종,9521
573,예산수덕사,2014-01,4종,8868
573,예산수덕사,2014-01,5종,10593
573,예산수덕사,2014-01,6종,9798
574,신양,2014-01,1종,82041
574,신양,2014-01,2종,3018
574,신양,2014-01,3종,2701
574,신양,2014-01,4종,2153
574,신양,2014-01,5종,2866
574,신양,2014-01,6종,3073
575,유구,2014-01,1종,99391
575,유구,2014-01,2종,4243
575,유구,2014-01,3종,3502
575,유구,2014-01,4종,4249
575,유구,2014-01,5종,5719
575,유구,2014-01,6종,3352
576,마곡사,2014-01,1종,35895
576,마곡사,2014-01,2종,631
576,마곡사,2014-01,3종,719
576,마곡사,2014-01,4종,653
576,마곡사,2014-01,5종,691
576,마곡사,2014-01,6종,1306
577,공주,2014-01,1종,161145
577,공주,2014-01,2종,5378
577,공주,2014-01,3종,5046
577,공주,2014-01,4종,2441
577,공주,2014-01,5종,5193
577,공주,2014-01,6종,6979
578,서세종,2014-01,1종,177523
578,서세종,2014-01,2종,11176
578,서세종,2014-01,3종,6894
578,서세종,2014-01,4종,5621
578,서세종,2014-01,5종,7676
578,서세종,2014-01,6종,7086
579,남세종,2014-01,1종,283308
579,남세종,2014-01,2종,6728
579,남세종,2014-01,3종,7327
579,남세종,2014-01,4종,3632
579,남세종,2014-01,5종,5283
579,남세종,2014-01,6종,12403
580,북강릉,2014-01,1종,192728
580,북강릉,2014-01,2종,4912
580,북강릉,2014-01,3종,6598
580,북강릉,2014-01,4종,1799
580,북강릉,2014-01,5종,3216
580,북강릉,2014-01,6종,7529
581,옥계,2014-01,1종,58278
581,옥계,2014-01,2종,1462
581,옥계,2014-01,3종,1658
581,옥계,2014-01,4종,2459
581,옥계,2014-01,5종,11849
581,옥계,2014-01,6종,3284
582,망상,2014-01,1종,113503
582,망상,2014-01,2종,3022
582,망상,2014-01,3종,12238
582,망상,2014-01,4종,1240
582,망상,2014-01,5종,2559
582,망상,2014-01,6종,6166
583,동해,2014-01,1종,315731
583,동해,2014-01,2종,9210
583,동해,2014-01,3종,12377
583,동해,2014-01,4종,7158
583,동해,2014-01,5종,20988
583,동해,2014-01,6종,14095
584,남강릉,2014-01,1종,107854
584,남강릉,2014-01,2종,5432
584,남강릉,2014-01,3종,9130
584,남강릉,2014-01,4종,3045
584,남강릉,2014-01,5종,3543
584,남강릉,2014-01,6종,6554
585,하조대,2014-01,1종,134734
585,하조대,2014-01,2종,4072
585,하조대,2014-01,3종,7685
585,하조대,2014-01,4종,2027
585,하조대,2014-01,5종,2371
585,하조대,2014-01,6종,4898
586,북남원,2014-01,1종,17021
586,북남원,2014-01,2종,944
586,북남원,2014-01,3종,464
586,북남원,2014-01,4종,383
586,북남원,2014-01,5종,2497
586,북남원,2014-01,6종,538
587,오수,2014-01,1종,133488
587,오수,2014-01,2종,4191
587,오수,2014-01,3종,5829
587,오수,2014-01,4종,3346
587,오수,2014-01,5종,5849
587,오수,2014-01,6종,4237
588,임실,2014-01,1종,50385
588,임실,2014-01,2종,2080
588,임실,2014-01,3종,2013
588,임실,2014-01,4종,1080
588,임실,2014-01,5종,2799
588,임실,2014-01,6종,1588
589,상관,2014-01,1종,130032
589,상관,2014-01,2종,3985
589,상관,2014-01,3종,6042
589,상관,2014-01,4종,4229
589,상관,2014-01,5종,27132
589,상관,2014-01,6종,3555
590,동전주,2014-01,1종,161297
590,동전주,2014-01,2종,2960
590,동전주,2014-01,3종,2554
590,동전주,2014-01,4종,1751
590,동전주,2014-01,5종,5578
590,동전주,2014-01,6종,5587
591,동서천,2014-01,1종,60580
591,동서천,2014-01,2종,1510
591,동서천,2014-01,3종,1716
591,동서천,2014-01,4종,1878
591,동서천,2014-01,5종,3557
591,동서천,2014-01,6종,1890
592,서부여,2014-01,1종,55850
592,서부여,2014-01,2종,2249
592,서부여,2014-01,3종,1607
592,서부여,2014-01,4종,1194
592,서부여,2014-01,5종,1587
592,서부여,2014-01,6종,1973
593,부여,2014-01,1종,68614
593,부여,2014-01,2종,2145
593,부여,2014-01,3종,2172
593,부여,2014-01,4종,2118
593,부여,2014-01,5종,2609
593,부여,2014-01,6종,2434
594,칠갑산,2014-01,1종,71806
594,칠갑산,2014-01,2종,1666
594,칠갑산,2014-01,3종,1618
594,칠갑산,2014-01,4종,1026
594,칠갑산,2014-01,5종,740
594,칠갑산,2014-01,6종,2332
595,서공주,2014-01,1종,58569
595,서공주,2014-01,2종,2667
595,서공주,2014-01,3종,2089
595,서공주,2014-01,4종,2034
595,서공주,2014-01,5종,2102
595,서공주,2014-01,6종,2130
597,서여주,2014-01,1종,102411
597,서여주,2014-01,2종,5880
597,서여주,2014-01,3종,6079
597,서여주,2014-01,4종,5237
597,서여주,2014-01,5종,4865
597,서여주,2014-01,6종,5299
598,북여주,2014-01,1종,59016
598,북여주,2014-01,2종,2504
598,북여주,2014-01,3종,1541
598,북여주,2014-01,4종,1460
598,북여주,2014-01,5종,2378
598,북여주,2014-01,6종,2725
599,양촌,2014-01,1종,22293
599,양촌,2014-01,2종,341
599,양촌,2014-01,3종,123
599,양촌,2014-01,4종,41
599,양촌,2014-01,5종,18
599,양촌,2014-01,6종,700
601,남천안,2014-01,1종,368671
601,남천안,2014-01,2종,28553
601,남천안,2014-01,3종,22087
601,남천안,2014-01,4종,24676
601,남천안,2014-01,5종,21289
601,남천안,2014-01,6종,15054
602,풍세상,2014-01,1종,1296292
602,풍세상,2014-01,2종,36892
602,풍세상,2014-01,3종,150042
602,풍세상,2014-01,4종,65444
602,풍세상,2014-01,5종,73774
602,풍세상,2014-01,6종,54026
603,정안,2014-01,1종,213146
603,정안,2014-01,2종,9221
603,정안,2014-01,3종,24872
603,정안,2014-01,4종,11541
603,정안,2014-01,5종,9475
603,정안,2014-01,6종,7328
604,남공주,2014-01,1종,70558
604,남공주,2014-01,2종,2796
604,남공주,2014-01,3종,3471
604,남공주,2014-01,4종,2383
604,남공주,2014-01,5종,3299
604,남공주,2014-01,6종,2569
605,탄천,2014-01,1종,27104
605,탄천,2014-01,2종,1582
605,탄천,2014-01,3종,989
605,탄천,2014-01,4종,1046
605,탄천,2014-01,5종,1288
605,탄천,2014-01,6종,779
606,서논산,2014-01,1종,129768
606,서논산,2014-01,2종,6698
606,서논산,2014-01,3종,8097
606,서논산,2014-01,4종,6633
606,서논산,2014-01,5종,8414
606,서논산,2014-01,6종,4934
607,연무,2014-01,1종,58357
607,연무,2014-01,2종,2455
607,연무,2014-01,3종,1798
607,연무,2014-01,4종,1472
607,연무,2014-01,5종,1854
607,연무,2014-01,6종,1995
608,남논산하,2014-01,1종,907494
608,남논산하,2014-01,2종,22040
608,남논산하,2014-01,3종,102010
608,남논산하,2014-01,4종,36276
608,남논산하,2014-01,5종,58160
608,남논산하,2014-01,6종,33400
612,풍세하,2014-01,1종,1401114
612,풍세하,2014-01,2종,35742
612,풍세하,2014-01,3종,148144
612,풍세하,2014-01,4종,52188
612,풍세하,2014-01,5종,58660
612,풍세하,2014-01,6종,57896
618,남논산상,2014-01,1종,786340
618,남논산상,2014-01,2종,22302
618,남논산상,2014-01,3종,100392
618,남논산상,2014-01,4종,38944
618,남논산상,2014-01,5종,67838
618,남논산상,2014-01,6종,29084
621,동대구,2014-01,1종,816078
621,동대구,2014-01,2종,30241
621,동대구,2014-01,3종,39530
621,동대구,2014-01,4종,23025
621,동대구,2014-01,5종,25864
621,동대구,2014-01,6종,39156
622,대구,2014-01,1종,1063439
622,대구,2014-01,2종,43514
622,대구,2014-01,3종,59087
622,대구,2014-01,4종,47714
622,대구,2014-01,5종,83890
622,대구,2014-01,6종,56593
623,수성,2014-01,1종,722611
623,수성,2014-01,2종,18034
623,수성,2014-01,3종,12230
623,수성,2014-01,4종,6365
623,수성,2014-01,5종,6243
623,수성,2014-01,6종,33856
624,청도,2014-01,1종,201613
624,청도,2014-01,2종,8019
624,청도,2014-01,3종,5586
624,청도,2014-01,4종,4634
624,청도,2014-01,5종,5636
624,청도,2014-01,6종,9903
625,밀양,2014-01,1종,259294
625,밀양,2014-01,2종,13461
625,밀양,2014-01,3종,11600
625,밀양,2014-01,4종,8731
625,밀양,2014-01,5종,10953
625,밀양,2014-01,6종,11374
626,남밀양,2014-01,1종,358296
626,남밀양,2014-01,2종,20434
626,남밀양,2014-01,3종,17182
626,남밀양,2014-01,4종,14598
626,남밀양,2014-01,5종,14998
626,남밀양,2014-01,6종,20196
627,삼랑진,2014-01,1종,216891
627,삼랑진,2014-01,2종,9417
627,삼랑진,2014-01,3종,6384
627,삼랑진,2014-01,4종,4824
627,삼랑진,2014-01,5종,9315
627,삼랑진,2014-01,6종,12694
628,상동,2014-01,1종,237858
628,상동,2014-01,2종,24378
628,상동,2014-01,3종,13561
628,상동,2014-01,4종,13742
628,상동,2014-01,5종,22279
628,상동,2014-01,6종,13789
629,김해부산,2014-01,1종,1198638
629,김해부산,2014-01,2종,62162
629,김해부산,2014-01,3종,70078
629,김해부산,2014-01,4종,57788
629,김해부산,2014-01,5종,100420
629,김해부산,2014-01,6종,68258
641,울산,2014-01,1종,1201680
641,울산,2014-01,2종,50703
641,울산,2014-01,3종,69998
641,울산,2014-01,4종,47793
641,울산,2014-01,5종,122367
641,울산,2014-01,6종,56751
642,문수,2014-01,1종,115526
642,문수,2014-01,2종,4706
642,문수,2014-01,3종,4011
642,문수,2014-01,4종,5187
642,문수,2014-01,5종,6435
642,문수,2014-01,6종,5911
643,청량,2014-01,1종,559059
643,청량,2014-01,2종,13003
643,청량,2014-01,3종,14105
643,청량,2014-01,4종,19907
643,청량,2014-01,5종,73333
643,청량,2014-01,6종,33225
644,온양,2014-01,1종,187514
644,온양,2014-01,2종,3773
644,온양,2014-01,3종,2194
644,온양,2014-01,4종,3070
644,온양,2014-01,5종,12070
644,온양,2014-01,6종,11887
645,장안,2014-01,1종,323227
645,장안,2014-01,2종,7160
645,장안,2014-01,3종,5327
645,장안,2014-01,4종,5865
645,장안,2014-01,5종,14219
645,장안,2014-01,6종,21713
646,기장일광,2014-01,1종,254916
646,기장일광,2014-01,2종,2972
646,기장일광,2014-01,3종,2880
646,기장일광,2014-01,4종,2001
646,기장일광,2014-01,5종,4133
646,기장일광,2014-01,6종,15822
647,해운대송정,2014-01,1종,97608
647,해운대송정,2014-01,2종,1125
647,해운대송정,2014-01,3종,733
647,해운대송정,2014-01,4종,440
647,해운대송정,2014-01,5종,725
647,해운대송정,2014-01,6종,6021
648,해운대,2014-01,1종,761314
648,해운대,2014-01,2종,8261
648,해운대,2014-01,3종,8610
648,해운대,2014-01,4종,6813
648,해운대,2014-01,5종,33461
648,해운대,2014-01,6종,44985
651,남양주,2014-01,1종,1539944
651,남양주,2014-01,2종,35294
651,남양주,2014-01,3종,61283
651,남양주,2014-01,4종,14335
651,남양주,2014-01,5종,11490
651,남양주,2014-01,6종,87038
652,화도,2014-01,1종,772530
652,화도,2014-01,2종,27784
652,화도,2014-01,3종,27107
652,화도,2014-01,4종,10286
652,화도,2014-01,5종,7283
652,화도,2014-01,6종,57523
653,서종,2014-01,1종,131369
653,서종,2014-01,2종,1078
653,서종,2014-01,3종,782
653,서종,2014-01,4종,462
653,서종,2014-01,5종,511
653,서종,2014-01,6종,8337
654,설악,2014-01,1종,150542
654,설악,2014-01,2종,2611
654,설악,2014-01,3종,3993
654,설악,2014-01,4종,887
654,설악,2014-01,5종,508
654,설악,2014-01,6종,8711
655,강촌,2014-01,1종,136909
655,강촌,2014-01,2종,1870
655,강촌,2014-01,3종,5032
655,강촌,2014-01,4종,960
655,강촌,2014-01,5종,603
655,강촌,2014-01,6종,6418
656,남춘천,2014-01,1종,184512
656,남춘천,2014-01,2종,2392
656,남춘천,2014-01,3종,12258
656,남춘천,2014-01,4종,1457
656,남춘천,2014-01,5종,2398
656,남춘천,2014-01,6종,9233
657,동산,2014-01,1종,700160
657,동산,2014-01,2종,8950
657,동산,2014-01,3종,26920
657,동산,2014-01,4종,4940
657,동산,2014-01,5종,4176
657,동산,2014-01,6종,34624
658,조양,2014-01,1종,23631
658,조양,2014-01,2종,390
658,조양,2014-01,3종,551
658,조양,2014-01,4종,452
658,조양,2014-01,5종,201
658,조양,2014-01,6종,978
671,봉담,2014-01,1종,1123581
671,봉담,2014-01,2종,53443
671,봉담,2014-01,3종,35758
671,봉담,2014-01,4종,19623
671,봉담,2014-01,5종,22045
671,봉담,2014-01,6종,86024
672,정남,2014-01,1종,327389
672,정남,2014-01,2종,17796
672,정남,2014-01,3종,9738
672,정남,2014-01,4종,5961
672,정남,2014-01,5종,4025
672,정남,2014-01,6종,26209
673,북오산,2014-01,1종,693307
673,북오산,2014-01,2종,26784
673,북오산,2014-01,3종,23723
673,북오산,2014-01,4종,11865
673,북오산,2014-01,5종,8508
673,북오산,2014-01,6종,50183
674,,2014-01,1종,765875
674,,2014-01,2종,36586
674,,2014-01,3종,51939
674,,2014-01,4종,18226
674,,2014-01,5종,18206
674,,2014-01,6종,53853
675,서오산,2014-01,1종,634709
675,서오산,2014-01,2종,19033
675,서오산,2014-01,3종,14233
675,서오산,2014-01,4종,11794
675,서오산,2014-01,5종,9020
675,서오산,2014-01,6종,44401
676,향남,2014-01,1종,505317
676,향남,2014-01,2종,36367
676,향남,2014-01,3종,19685
676,향남,2014-01,4종,18548
676,향남,2014-01,5종,13001
676,향남,2014-01,6종,40060
677,북평택,2014-01,1종,830311
677,북평택,2014-01,2종,32016
677,북평택,2014-01,3종,40218
677,북평택,2014-01,4종,15099
677,북평택,2014-01,5종,23465
677,북평택,2014-01,6종,50106
681,장안본선,2014-01,1종,959176
681,장안본선,2014-01,2종,73434
681,장안본선,2014-01,3종,119650
681,장안본선,2014-01,4종,87900
681,장안본선,2014-01,5종,157372
681,장안본선,2014-01,6종,51120
682,조암,2014-01,1종,268794
682,조암,2014-01,2종,33085
682,조암,2014-01,3종,25059
682,조암,2014-01,4종,17910
682,조암,2014-01,5종,19242
682,조암,2014-01,6종,16054
683,송산마도,2014-01,1종,416391
683,송산마도,2014-01,2종,30736
683,송산마도,2014-01,3종,20805
683,송산마도,2014-01,4종,15005
683,송산마도,2014-01,5종,24190
683,송산마도,2014-01,6종,24026
684,남안산,2014-01,1종,579431
684,남안산,2014-01,2종,67120
684,남안산,2014-01,3종,50016
684,남안산,2014-01,4종,45345
684,남안산,2014-01,5종,62805
684,남안산,2014-01,6종,43963
685,서시흥,2014-01,1종,1089907
685,서시흥,2014-01,2종,71392
685,서시흥,2014-01,3종,102241
685,서시흥,2014-01,4종,67163
685,서시흥,2014-01,5종,137835
685,서시흥,2014-01,6종,62159
981,서영암,2014-01,1종,204885
981,서영암,2014-01,2종,4054
981,서영암,2014-01,3종,7804
981,서영암,2014-01,4종,6177
981,서영암,2014-01,5종,14236
981,서영암,2014-01,6종,5270
982,강진무위사,2014-01,1종,132281
982,강진무위사,2014-01,2종,3155
982,강진무위사,2014-01,3종,5995
982,강진무위사,2014-01,4종,5114
982,강진무위사,2014-01,5종,4276
982,강진무위사,2014-01,6종,3317
983,장흥,2014-01,1종,98161
983,장흥,2014-01,2종,1535
983,장흥,2014-01,3종,1668
983,장흥,2014-01,4종,836
983,장흥,2014-01,5종,904
983,장흥,2014-01,6종,2575
984,보성,2014-01,1종,166008
984,보성,2014-01,2종,4837
984,보성,2014-01,3종,4883
984,보성,2014-01,4종,4554
984,보성,2014-01,5종,10745
984,보성,2014-01,6종,4126
985,벌교,2014-01,1종,125583
985,벌교,2014-01,2종,3468
985,벌교,2014-01,3종,2634
985,벌교,2014-01,4종,1809
985,벌교,2014-01,5종,3047
985,벌교,2014-01,6종,3043
986,고흥,2014-01,1종,145345
986,고흥,2014-01,2종,2685
986,고흥,2014-01,3종,3952
986,고흥,2014-01,4종,4474
986,고흥,2014-01,5종,11416
986,고흥,2014-01,6종,4239
987,남순천,2014-01,1종,404019
987,남순천,2014-01,2종,8833
987,남순천,2014-01,3종,14175
987,남순천,2014-01,4종,15548
987,남순천,2014-01,5종,36235
987,남순천,2014-01,6종,10934
11,인천,2014-02,1종,3089376
11,인천,2014-02,2종,98359
11,인천,2014-02,3종,68376
11,인천,2014-02,4종,48067
11,인천,2014-02,5종,90322
11,인천,2014-02,6종,288098
12,서영암(개),2014-02,1종,24409
12,서영암(개),2014-02,2종,485
12,서영암(개),2014-02,3종,441
12,서영암(개),2014-02,4종,345
12,서영암(개),2014-02,5종,402
12,서영암(개),2014-02,6종,1357
13,순천만,2014-02,1종,88135
13,순천만,2014-02,2종,3545
13,순천만,2014-02,3종,3329
13,순천만,2014-02,4종,2453
13,순천만,2014-02,5종,7365
13,순천만,2014-02,6종,3947
53,남인천,2014-02,1종,1417822
53,남인천,2014-02,2종,37101
53,남인천,2014-02,3종,45999
53,남인천,2014-02,4종,16854
53,남인천,2014-02,5종,54625
53,남인천,2014-02,6종,121132
56,일로,2014-02,1종,31746
56,일로,2014-02,2종,1189
56,일로,2014-02,3종,862
56,일로,2014-02,4종,783
56,일로,2014-02,5종,898
56,일로,2014-02,6종,1841
61,성남,2014-02,1종,3284455
61,성남,2014-02,2종,130958
61,성남,2014-02,3종,128459
61,성남,2014-02,4종,65033
61,성남,2014-02,5종,76397
61,성남,2014-02,6종,236731
62,구리남양주,2014-02,1종,4239729
62,구리남양주,2014-02,2종,178891
62,구리남양주,2014-02,3종,164254
62,구리남양주,2014-02,4종,93249
62,구리남양주,2014-02,5종,90566
62,구리남양주,2014-02,6종,323574
63,토평,2014-02,1종,415449
63,토평,2014-02,2종,13905
63,토평,2014-02,3종,6821
63,토평,2014-02,4종,8035
63,토평,2014-02,5종,8848
63,토평,2014-02,6종,34590
64,청계,2014-02,1종,3868970
64,청계,2014-02,2종,131158
64,청계,2014-02,3종,128315
64,청계,2014-02,4종,39113
64,청계,2014-02,5종,70223
64,청계,2014-02,6종,302973
65,판교,2014-02,1종,2559100
65,판교,2014-02,2종,41085
65,판교,2014-02,3종,159909
65,판교,2014-02,4종,13591
65,판교,2014-02,5종,13560
65,판교,2014-02,6종,154799
66,하남,2014-02,1종,663711
66,하남,2014-02,2종,24910
66,하남,2014-02,3종,14216
66,하남,2014-02,4종,6319
66,하남,2014-02,5종,11938
66,하남,2014-02,6종,54293
67,시흥,2014-02,1종,3321278
67,시흥,2014-02,2종,127025
67,시흥,2014-02,3종,97727
67,시흥,2014-02,4종,56900
67,시흥,2014-02,5종,65533
67,시흥,2014-02,6종,263664
68,김포,2014-02,1종,3988533
68,김포,2014-02,2종,164388
68,김포,2014-02,3종,125266
68,김포,2014-02,4종,65004
68,김포,2014-02,5종,90212
68,김포,2014-02,6종,333031
69,대왕판교,2014-02,1종,183646
69,대왕판교,2014-02,2종,1366
69,대왕판교,2014-02,3종,165
69,대왕판교,2014-02,4종,21
69,대왕판교,2014-02,5종,8
69,대왕판교,2014-02,6종,11133
74,덕소삼패,2014-02,1종,215820
74,덕소삼패,2014-02,2종,6854
74,덕소삼패,2014-02,3종,2854
74,덕소삼패,2014-02,4종,4949
74,덕소삼패,2014-02,5종,10638
74,덕소삼패,2014-02,6종,18220
91,대동(개),2014-02,1종,115765
91,대동(개),2014-02,2종,8420
91,대동(개),2014-02,3종,4990
91,대동(개),2014-02,4종,14927
91,대동(개),2014-02,5종,8353
91,대동(개),2014-02,6종,7835
92,내서,2014-02,1종,191315
92,내서,2014-02,2종,7241
92,내서,2014-02,3종,9292
92,내서,2014-02,4종,3231
92,내서,2014-02,5종,6410
92,내서,2014-02,6종,17610
101,서울,2014-02,1종,4634968
101,서울,2014-02,2종,169115
101,서울,2014-02,3종,503975
101,서울,2014-02,4종,81313
101,서울,2014-02,5종,48521
101,서울,2014-02,6종,232801
102,동수원,2014-02,1종,1770013
102,동수원,2014-02,2종,37562
102,동수원,2014-02,3종,73136
102,동수원,2014-02,4종,14572
102,동수원,2014-02,5종,14615
102,동수원,2014-02,6종,114437
103,수원신갈,2014-02,1종,2115250
103,수원신갈,2014-02,2종,85987
103,수원신갈,2014-02,3종,138635
103,수원신갈,2014-02,4종,36460
103,수원신갈,2014-02,5종,22730
103,수원신갈,2014-02,6종,124054
104,지곡,2014-02,1종,30100
104,지곡,2014-02,2종,1116
104,지곡,2014-02,3종,1580
104,지곡,2014-02,4종,1537
104,지곡,2014-02,5종,2070
104,지곡,2014-02,6종,1142
105,기흥,2014-02,1종,324572
105,기흥,2014-02,2종,23871
105,기흥,2014-02,3종,14464
105,기흥,2014-02,4종,10247
105,기흥,2014-02,5종,9527
105,기흥,2014-02,6종,18881
106,오산,2014-02,1종,968718
106,오산,2014-02,2종,80336
106,오산,2014-02,3종,88959
106,오산,2014-02,4종,38966
106,오산,2014-02,5종,26669
106,오산,2014-02,6종,66686
107,안성,2014-02,1종,696951
107,안성,2014-02,2종,29214
107,안성,2014-02,3종,45298
107,안성,2014-02,4종,14565
107,안성,2014-02,5종,11302
107,안성,2014-02,6종,46135
108,천안,2014-02,1종,1251643
108,천안,2014-02,2종,42864
108,천안,2014-02,3종,86719
108,천안,2014-02,4종,33156
108,천안,2014-02,5종,28126
108,천안,2014-02,6종,62036
109,계룡,2014-02,1종,108256
109,계룡,2014-02,2종,8867
109,계룡,2014-02,3종,10296
109,계룡,2014-02,4종,7359
109,계룡,2014-02,5종,3082
109,계룡,2014-02,6종,7173
110,독립기념관,2014-02,1종,274326
110,독립기념관,2014-02,2종,19119
110,독립기념관,2014-02,3종,22374
110,독립기념관,2014-02,4종,24789
110,독립기념관,2014-02,5종,15430
110,독립기념관,2014-02,6종,12425
111,청주,2014-02,1종,413650
111,청주,2014-02,2종,17571
111,청주,2014-02,3종,42295
111,청주,2014-02,4종,12721
111,청주,2014-02,5종,17699
111,청주,2014-02,6종,20751
112,남청주,2014-02,1종,414202
112,남청주,2014-02,2종,37113
112,남청주,2014-02,3종,35011
112,남청주,2014-02,4종,39558
112,남청주,2014-02,5종,31414
112,남청주,2014-02,6종,19126
113,신탄진,2014-02,1종,656208
113,신탄진,2014-02,2종,40204
113,신탄진,2014-02,3종,30286
113,신탄진,2014-02,4종,52006
113,신탄진,2014-02,5종,43808
113,신탄진,2014-02,6종,36362
114,남대전,2014-02,1종,243255
114,남대전,2014-02,2종,10491
114,남대전,2014-02,3종,8287
114,남대전,2014-02,4종,4501
114,남대전,2014-02,5종,21066
114,남대전,2014-02,6종,12609
115,대전,2014-02,1종,1123652
115,대전,2014-02,2종,35331
115,대전,2014-02,3종,70997
115,대전,2014-02,4종,14719
115,대전,2014-02,5종,12946
115,대전,2014-02,6종,61293
116,옥천,2014-02,1종,297417
116,옥천,2014-02,2종,19508
116,옥천,2014-02,3종,14958
116,옥천,2014-02,4종,29866
116,옥천,2014-02,5종,16669
116,옥천,2014-02,6종,17518
117,금강,2014-02,1종,28482
117,금강,2014-02,2종,1502
117,금강,2014-02,3종,972
117,금강,2014-02,4종,3000
117,금강,2014-02,5종,781
117,금강,2014-02,6종,1632
118,영동,2014-02,1종,68543
118,영동,2014-02,2종,4571
118,영동,2014-02,3종,3603
118,영동,2014-02,4종,2688
118,영동,2014-02,5종,4870
118,영동,2014-02,6종,3014
119,판암,2014-02,1종,385089
119,판암,2014-02,2종,12853
119,판암,2014-02,3종,8007
119,판암,2014-02,4종,5588
119,판암,2014-02,5종,4817
119,판암,2014-02,6종,22301
120,황간,2014-02,1종,57344
120,황간,2014-02,2종,2211
120,황간,2014-02,3종,3784
120,황간,2014-02,4종,3680
120,황간,2014-02,5종,4880
120,황간,2014-02,6종,2431
121,추풍령,2014-02,1종,32551
121,추풍령,2014-02,2종,1123
121,추풍령,2014-02,3종,1355
121,추풍령,2014-02,4종,920
121,추풍령,2014-02,5종,1116
121,추풍령,2014-02,6종,1365
122,김천,2014-02,1종,192999
122,김천,2014-02,2종,7209
122,김천,2014-02,3종,9229
122,김천,2014-02,4종,8913
122,김천,2014-02,5종,8373
122,김천,2014-02,6종,8719
123,구미,2014-02,1종,675857
123,구미,2014-02,2종,18537
123,구미,2014-02,3종,30590
123,구미,2014-02,4종,17296
123,구미,2014-02,5종,14184
123,구미,2014-02,6종,34890
124,상주,2014-02,1종,107872
124,상주,2014-02,2종,5886
124,상주,2014-02,3종,5235
124,상주,2014-02,4종,6860
124,상주,2014-02,5종,7611
124,상주,2014-02,6종,3572
125,남구미,2014-02,1종,478530
125,남구미,2014-02,2종,20952
125,남구미,2014-02,3종,28508
125,남구미,2014-02,4종,20075
125,남구미,2014-02,5종,37415
125,남구미,2014-02,6종,27782
126,왜관,2014-02,1종,530818
126,왜관,2014-02,2종,44425
126,왜관,2014-02,3종,26398
126,왜관,2014-02,4종,21283
126,왜관,2014-02,5종,27395
126,왜관,2014-02,6종,26177
127,서대구,2014-02,1종,1635126
127,서대구,2014-02,2종,83421
127,서대구,2014-02,3종,89641
127,서대구,2014-02,4종,44676
127,서대구,2014-02,5종,54011
127,서대구,2014-02,6종,75386
128,금왕꽃동네,2014-02,1종,43433
128,금왕꽃동네,2014-02,2종,5442
128,금왕꽃동네,2014-02,3종,4901
128,금왕꽃동네,2014-02,4종,3573
128,금왕꽃동네,2014-02,5종,4890
128,금왕꽃동네,2014-02,6종,1860
129,북대구,2014-02,1종,1507140
129,북대구,2014-02,2종,54990
129,북대구,2014-02,3종,45457
129,북대구,2014-02,4종,21247
129,북대구,2014-02,5종,24070
129,북대구,2014-02,6종,66734
130,동김천,2014-02,1종,93542
130,동김천,2014-02,2종,4513
130,동김천,2014-02,3종,6598
130,동김천,2014-02,4종,6094
130,동김천,2014-02,5종,10793
130,동김천,2014-02,6종,3786
131,경산,2014-02,1종,714108
131,경산,2014-02,2종,69388
131,경산,2014-02,3종,45451
131,경산,2014-02,4종,38175
131,경산,2014-02,5종,34171
131,경산,2014-02,6종,39482
132,영천,2014-02,1종,334696
132,영천,2014-02,2종,22699
132,영천,2014-02,3종,24726
132,영천,2014-02,4종,20496
132,영천,2014-02,5종,37474
132,영천,2014-02,6종,13207
133,서경주,2014-02,1종,134066
133,서경주,2014-02,2종,7450
133,서경주,2014-02,3종,9884
133,서경주,2014-02,4종,7901
133,서경주,2014-02,5종,21497
133,서경주,2014-02,6종,4379
134,선산,2014-02,1종,74843
134,선산,2014-02,2종,4396
134,선산,2014-02,3종,4763
134,선산,2014-02,4종,5789
134,선산,2014-02,5종,4299
134,선산,2014-02,6종,2936
135,경주,2014-02,1종,715816
135,경주,2014-02,2종,36372
135,경주,2014-02,3종,71262
135,경주,2014-02,4종,37022
135,경주,2014-02,5종,89254
135,경주,2014-02,6종,27637
136,음성,2014-02,1종,82202
136,음성,2014-02,2종,5644
136,음성,2014-02,3종,6027
136,음성,2014-02,4종,4523
136,음성,2014-02,5종,4732
136,음성,2014-02,6종,3302
137,통도사,2014-02,1종,234076
137,통도사,2014-02,2종,14456
137,통도사,2014-02,3종,15298
137,통도사,2014-02,4종,10547
137,통도사,2014-02,5종,16158
137,통도사,2014-02,6종,12022
138,양산,2014-02,1종,592783
138,양산,2014-02,2종,66836
138,양산,2014-02,3종,38370
138,양산,2014-02,4종,38945
138,양산,2014-02,5종,49894
138,양산,2014-02,6종,33105
139,서울산,2014-02,1종,372638
139,서울산,2014-02,2종,22057
139,서울산,2014-02,3종,26501
139,서울산,2014-02,4종,12598
139,서울산,2014-02,5종,22222
139,서울산,2014-02,6종,19557
140,부산,2014-02,1종,1333186
140,부산,2014-02,2종,53972
140,부산,2014-02,3종,42722
140,부산,2014-02,4종,26837
140,부산,2014-02,5종,53116
140,부산,2014-02,6종,76384
142,군북,2014-02,1종,280512
142,군북,2014-02,2종,12742
142,군북,2014-02,3종,12478
142,군북,2014-02,4종,8102
142,군북,2014-02,5종,15435
142,군북,2014-02,6종,18114
143,장지,2014-02,1종,95539
143,장지,2014-02,2종,6133
143,장지,2014-02,3종,4337
143,장지,2014-02,4종,3155
143,장지,2014-02,5종,13672
143,장지,2014-02,6종,5420
144,함안,2014-02,1종,210767
144,함안,2014-02,2종,11793
144,함안,2014-02,3종,8532
144,함안,2014-02,4종,7235
144,함안,2014-02,5종,14537
144,함안,2014-02,6종,14019
145,산인,2014-02,1종,607639
145,산인,2014-02,2종,17891
145,산인,2014-02,3종,26716
145,산인,2014-02,4종,11877
145,산인,2014-02,5종,19405
145,산인,2014-02,6종,35779
146,동창원,2014-02,1종,506956
146,동창원,2014-02,2종,27249
146,동창원,2014-02,3종,20628
146,동창원,2014-02,4종,15544
146,동창원,2014-02,5종,25358
146,동창원,2014-02,6종,34576
147,진례,2014-02,1종,390088
147,진례,2014-02,2종,31621
147,진례,2014-02,3종,18914
147,진례,2014-02,4종,15343
147,진례,2014-02,5종,24927
147,진례,2014-02,6종,26682
148,서김해,2014-02,1종,556816
148,서김해,2014-02,2종,19713
148,서김해,2014-02,3종,13359
148,서김해,2014-02,4종,9446
148,서김해,2014-02,5종,14062
148,서김해,2014-02,6종,39502
149,동김해,2014-02,1종,984666
149,동김해,2014-02,2종,30805
149,동김해,2014-02,3종,21688
149,동김해,2014-02,4종,10717
149,동김해,2014-02,5종,12951
149,동김해,2014-02,6종,76275
150,북부산,2014-02,1종,2051470
150,북부산,2014-02,2종,60473
150,북부산,2014-02,3종,61844
150,북부산,2014-02,4종,37313
150,북부산,2014-02,5종,77078
150,북부산,2014-02,6종,133956
151,북대전,2014-02,1종,591044
151,북대전,2014-02,2종,15764
151,북대전,2014-02,3종,25720
151,북대전,2014-02,4종,16412
151,북대전,2014-02,5종,14830
151,북대전,2014-02,6종,33933
152,유성,2014-02,1종,865288
152,유성,2014-02,2종,20995
152,유성,2014-02,3종,32515
152,유성,2014-02,4종,14986
152,유성,2014-02,5종,11072
152,유성,2014-02,6종,40878
153,서대전,2014-02,1종,549604
153,서대전,2014-02,2종,17647
153,서대전,2014-02,3종,14897
153,서대전,2014-02,4종,12316
153,서대전,2014-02,5종,26396
153,서대전,2014-02,6종,32351
154,안영,2014-02,1종,332550
154,안영,2014-02,2종,13417
154,안영,2014-02,3종,8765
154,안영,2014-02,4종,4370
154,안영,2014-02,5종,7575
154,안영,2014-02,6종,18023
155,논산,2014-02,1종,177366
155,논산,2014-02,2종,14588
155,논산,2014-02,3종,13455
155,논산,2014-02,4종,10398
155,논산,2014-02,5종,11272
155,논산,2014-02,6종,7771
156,익산,2014-02,1종,243461
156,익산,2014-02,2종,20783
156,익산,2014-02,3종,25400
156,익산,2014-02,4종,17020
156,익산,2014-02,5종,24469
156,익산,2014-02,6종,8022
157,삼례,2014-02,1종,92098
157,삼례,2014-02,2종,7166
157,삼례,2014-02,3종,7042
157,삼례,2014-02,4종,5405
157,삼례,2014-02,5종,9728
157,삼례,2014-02,6종,2937
158,전주,2014-02,1종,384777
158,전주,2014-02,2종,18785
158,전주,2014-02,3종,42371
158,전주,2014-02,4종,17859
158,전주,2014-02,5종,36089
158,전주,2014-02,6종,11322
159,서전주,2014-02,1종,227123
159,서전주,2014-02,2종,10877
159,서전주,2014-02,3종,10693
159,서전주,2014-02,4종,6331
159,서전주,2014-02,5종,6734
159,서전주,2014-02,6종,6724
160,김제,2014-02,1종,96308
160,김제,2014-02,2종,5821
160,김제,2014-02,3종,7097
160,김제,2014-02,4종,3173
160,김제,2014-02,5종,4099
160,김제,2014-02,6종,2876
161,금산사,2014-02,1종,29182
161,금산사,2014-02,2종,2042
161,금산사,2014-02,3종,1583
161,금산사,2014-02,4종,574
161,금산사,2014-02,5종,1597
161,금산사,2014-02,6종,840
162,태인,2014-02,1종,68002
162,태인,2014-02,2종,4860
162,태인,2014-02,3종,7252
162,태인,2014-02,4종,3695
162,태인,2014-02,5종,5843
162,태인,2014-02,6종,2000
163,정읍,2014-02,1종,200882
163,정읍,2014-02,2종,13455
163,정읍,2014-02,3종,17919
163,정읍,2014-02,4종,9921
163,정읍,2014-02,5종,8866
163,정읍,2014-02,6종,6232
164,무주,2014-02,1종,144359
164,무주,2014-02,2종,3030
164,무주,2014-02,3종,5367
164,무주,2014-02,4종,1985
164,무주,2014-02,5종,1812
164,무주,2014-02,6종,5183
165,백양사,2014-02,1종,55266
165,백양사,2014-02,2종,1816
165,백양사,2014-02,3종,3004
165,백양사,2014-02,4종,2211
165,백양사,2014-02,5종,1117
165,백양사,2014-02,6종,1430
166,장성,2014-02,1종,120706
166,장성,2014-02,2종,10682
166,장성,2014-02,3종,12306
166,장성,2014-02,4종,9286
166,장성,2014-02,5종,10903
166,장성,2014-02,6종,4487
167,광주,2014-02,1종,860212
167,광주,2014-02,2종,34345
167,광주,2014-02,3종,70814
167,광주,2014-02,4종,38176
167,광주,2014-02,5종,25760
167,광주,2014-02,6종,25650
168,덕유산,2014-02,1종,88728
168,덕유산,2014-02,2종,1228
168,덕유산,2014-02,3종,2770
168,덕유산,2014-02,4종,503
168,덕유산,2014-02,5종,603
168,덕유산,2014-02,6종,2349
169,장수,2014-02,1종,93243
169,장수,2014-02,2종,3138
169,장수,2014-02,3종,4000
169,장수,2014-02,4종,1726
169,장수,2014-02,5종,2362
169,장수,2014-02,6종,3062
170,서상,2014-02,1종,36526
170,서상,2014-02,2종,1980
170,서상,2014-02,3종,4146
170,서상,2014-02,4종,3157
170,서상,2014-02,5종,2488
170,서상,2014-02,6종,1458
171,마성,2014-02,1종,230734
171,마성,2014-02,2종,4663
171,마성,2014-02,3종,16766
171,마성,2014-02,4종,1138
171,마성,2014-02,5종,614
171,마성,2014-02,6종,13844
172,용인,2014-02,1종,682634
172,용인,2014-02,2종,51817
172,용인,2014-02,3종,29257
172,용인,2014-02,4종,17205
172,용인,2014-02,5종,10886
172,용인,2014-02,6종,50584
173,양지,2014-02,1종,661309
173,양지,2014-02,2종,77390
173,양지,2014-02,3종,56512
173,양지,2014-02,4종,43463
173,양지,2014-02,5종,33370
173,양지,2014-02,6종,43587
174,춘천,2014-02,1종,565872
174,춘천,2014-02,2종,15162
174,춘천,2014-02,3종,21675
174,춘천,2014-02,4종,5514
174,춘천,2014-02,5종,4540
174,춘천,2014-02,6종,36470
175,덕평,2014-02,1종,301944
175,덕평,2014-02,2종,37814
175,덕평,2014-02,3종,21725
175,덕평,2014-02,4종,16132
175,덕평,2014-02,5종,8417
175,덕평,2014-02,6종,18746
176,이천,2014-02,1종,484757
176,이천,2014-02,2종,36286
176,이천,2014-02,3종,43809
176,이천,2014-02,4종,38082
176,이천,2014-02,5종,28947
176,이천,2014-02,6종,26456
177,여주,2014-02,1종,287796
177,여주,2014-02,2종,15650
177,여주,2014-02,3종,32184
177,여주,2014-02,4종,17691
177,여주,2014-02,5종,9612
177,여주,2014-02,6종,14084
178,문막,2014-02,1종,280634
178,문막,2014-02,2종,18389
178,문막,2014-02,3종,32096
178,문막,2014-02,4종,10757
178,문막,2014-02,5종,12466
178,문막,2014-02,6종,13414
179,홍천,2014-02,1종,230242
179,홍천,2014-02,2종,7673
179,홍천,2014-02,3종,12257
179,홍천,2014-02,4종,4288
179,홍천,2014-02,5종,3074
179,홍천,2014-02,6종,17516
180,원주,2014-02,1종,195860
180,원주,2014-02,2종,12354
180,원주,2014-02,3종,14561
180,원주,2014-02,4종,7434
180,원주,2014-02,5종,7619
180,원주,2014-02,6종,9992
181,새말,2014-02,1종,137209
181,새말,2014-02,2종,5790
181,새말,2014-02,3종,8857
181,새말,2014-02,4종,3196
181,새말,2014-02,5종,4195
181,새말,2014-02,6종,5184
182,둔내,2014-02,1종,106065
182,둔내,2014-02,2종,3063
182,둔내,2014-02,3종,6524
182,둔내,2014-02,4종,1506
182,둔내,2014-02,5종,725
182,둔내,2014-02,6종,4763
183,면온,2014-02,1종,95582
183,면온,2014-02,2종,1411
183,면온,2014-02,3종,5349
183,면온,2014-02,4종,657
183,면온,2014-02,5종,1866
183,면온,2014-02,6종,3569
184,대관령,2014-02,1종,186842
184,대관령,2014-02,2종,4279
184,대관령,2014-02,3종,16377
184,대관령,2014-02,4종,761
184,대관령,2014-02,5종,812
184,대관령,2014-02,6종,6979
185,평창,2014-02,1종,79756
185,평창,2014-02,2종,2858
185,평창,2014-02,3종,10959
185,평창,2014-02,4종,1251
185,평창,2014-02,5종,1826
185,평창,2014-02,6종,3795
186,속사,2014-02,1종,22226
186,속사,2014-02,2종,704
186,속사,2014-02,3종,1441
186,속사,2014-02,4종,248
186,속사,2014-02,5종,536
186,속사,2014-02,6종,807
187,진부,2014-02,1종,89163
187,진부,2014-02,2종,3137
187,진부,2014-02,3종,9432
187,진부,2014-02,4종,1258
187,진부,2014-02,5종,1551
187,진부,2014-02,6종,4341
188,서충주,2014-02,1종,66612
188,서충주,2014-02,2종,5025
188,서충주,2014-02,3종,6371
188,서충주,2014-02,4종,4467
188,서충주,2014-02,5종,6446
188,서충주,2014-02,6종,2797
189,강릉,2014-02,1종,326056
189,강릉,2014-02,2종,10369
189,강릉,2014-02,3종,35487
189,강릉,2014-02,4종,6988
189,강릉,2014-02,5종,7602
189,강릉,2014-02,6종,15508
190,동서울,2014-02,1종,2781838
190,동서울,2014-02,2종,159153
190,동서울,2014-02,3종,187354
190,동서울,2014-02,4종,80065
190,동서울,2014-02,5종,51553
190,동서울,2014-02,6종,136411
191,경기광주,2014-02,1종,638886
191,경기광주,2014-02,2종,38887
191,경기광주,2014-02,3종,26062
191,경기광주,2014-02,4종,8309
191,경기광주,2014-02,5종,4711
191,경기광주,2014-02,6종,46180
192,곤지암,2014-02,1종,656330
192,곤지암,2014-02,2종,60800
192,곤지암,2014-02,3종,38351
192,곤지암,2014-02,4종,29368
192,곤지암,2014-02,5종,16161
192,곤지암,2014-02,6종,39099
193,일죽,2014-02,1종,343793
193,일죽,2014-02,2종,31484
193,일죽,2014-02,3종,31856
193,일죽,2014-02,4종,23191
193,일죽,2014-02,5종,15865
193,일죽,2014-02,6종,14856
194,서이천,2014-02,1종,419292
194,서이천,2014-02,2종,55334
194,서이천,2014-02,3종,40526
194,서이천,2014-02,4종,28490
194,서이천,2014-02,5종,10810
194,서이천,2014-02,6종,24776
195,대소,2014-02,1종,250770
195,대소,2014-02,2종,36190
195,대소,2014-02,3종,35167
195,대소,2014-02,4종,27249
195,대소,2014-02,5종,18583
195,대소,2014-02,6종,11449
196,진천,2014-02,1종,207358
196,진천,2014-02,2종,15733
196,진천,2014-02,3종,17847
196,진천,2014-02,4종,15097
196,진천,2014-02,5종,14943
196,진천,2014-02,6종,8942
197,증평,2014-02,1종,307066
197,증평,2014-02,2종,20213
197,증평,2014-02,3종,21712
197,증평,2014-02,4종,15347
197,증평,2014-02,5종,16003
197,증평,2014-02,6종,13142
198,서청주,2014-02,1종,680780
198,서청주,2014-02,2종,30232
198,서청주,2014-02,3종,38973
198,서청주,2014-02,4종,24926
198,서청주,2014-02,5종,18564
198,서청주,2014-02,6종,34411
199,오창,2014-02,1종,437672
199,오창,2014-02,2종,19579
199,오창,2014-02,3종,26195
199,오창,2014-02,4종,16722
199,오창,2014-02,5종,15349
199,오창,2014-02,6종,22490
200,금산,2014-02,1종,106813
200,금산,2014-02,2종,3244
200,금산,2014-02,3종,5215
200,금산,2014-02,4종,4167
200,금산,2014-02,5종,5579
200,금산,2014-02,6종,4774
201,칠곡,2014-02,1종,500559
201,칠곡,2014-02,2종,20204
201,칠곡,2014-02,3종,17315
201,칠곡,2014-02,4종,6924
201,칠곡,2014-02,5종,11893
201,칠곡,2014-02,6종,26075
202,다부,2014-02,1종,95220
202,다부,2014-02,2종,6462
202,다부,2014-02,3종,4243
202,다부,2014-02,4종,2323
202,다부,2014-02,5종,5027
202,다부,2014-02,6종,3676
203,가산,2014-02,1종,426741
203,가산,2014-02,2종,18846
203,가산,2014-02,3종,16773
203,가산,2014-02,4종,12028
203,가산,2014-02,5종,25729
203,가산,2014-02,6종,19075
204,추부,2014-02,1종,132940
204,추부,2014-02,2종,6888
204,추부,2014-02,3종,6512
204,추부,2014-02,4종,4302
204,추부,2014-02,5종,3497
204,추부,2014-02,6종,7717
205,군위,2014-02,1종,112206
205,군위,2014-02,2종,4934
205,군위,2014-02,3종,3452
205,군위,2014-02,4종,2597
205,군위,2014-02,5종,9468
205,군위,2014-02,6종,5346
206,의성,2014-02,1종,129795
206,의성,2014-02,2종,3777
206,의성,2014-02,3종,3789
206,의성,2014-02,4종,1734
206,의성,2014-02,5종,3411
206,의성,2014-02,6종,4471
207,남안동,2014-02,1종,223442
207,남안동,2014-02,2종,7015
207,남안동,2014-02,3종,4749
207,남안동,2014-02,4종,3585
207,남안동,2014-02,5종,4820
207,남안동,2014-02,6종,7963
208,서안동,2014-02,1종,156638
208,서안동,2014-02,2종,5375
208,서안동,2014-02,3종,13426
208,서안동,2014-02,4종,2613
208,서안동,2014-02,5종,5203
208,서안동,2014-02,6종,5453
209,예천,2014-02,1종,18803
209,예천,2014-02,2종,385
209,예천,2014-02,3종,390
209,예천,2014-02,4종,150
209,예천,2014-02,5종,370
209,예천,2014-02,6종,718
210,영주,2014-02,1종,107859
210,영주,2014-02,2종,4239
210,영주,2014-02,3종,6394
210,영주,2014-02,4종,2230
210,영주,2014-02,5종,8984
210,영주,2014-02,6종,3684
211,풍기,2014-02,1종,149385
211,풍기,2014-02,2종,4785
211,풍기,2014-02,3종,12241
211,풍기,2014-02,4종,2737
211,풍기,2014-02,5종,5686
211,풍기,2014-02,6종,5221
212,북수원,2014-02,1종,1053260
212,북수원,2014-02,2종,36467
212,북수원,2014-02,3종,46848
212,북수원,2014-02,4종,23303
212,북수원,2014-02,5종,13751
212,북수원,2014-02,6종,67087
213,부곡,2014-02,1종,321321
213,부곡,2014-02,2종,9896
213,부곡,2014-02,3종,6840
213,부곡,2014-02,4종,12695
213,부곡,2014-02,5종,63334
213,부곡,2014-02,6종,22983
214,동군포,2014-02,1종,168481
214,동군포,2014-02,2종,20389
214,동군포,2014-02,3종,11001
214,동군포,2014-02,4종,23827
214,동군포,2014-02,5종,13132
214,동군포,2014-02,6종,12779
215,군포,2014-02,1종,858009
215,군포,2014-02,2종,45772
215,군포,2014-02,3종,34761
215,군포,2014-02,4종,16401
215,군포,2014-02,5종,23149
215,군포,2014-02,6종,68412
216,횡성,2014-02,1종,137532
216,횡성,2014-02,2종,5493
216,횡성,2014-02,3종,7154
216,횡성,2014-02,4종,3338
216,횡성,2014-02,5종,4375
216,횡성,2014-02,6종,6501
217,북원주,2014-02,1종,59811
217,북원주,2014-02,2종,4839
217,북원주,2014-02,3종,3395
217,북원주,2014-02,4종,1634
217,북원주,2014-02,5종,1768
217,북원주,2014-02,6종,4168
218,남원주,2014-02,1종,450145
218,남원주,2014-02,2종,13868
218,남원주,2014-02,3종,24500
218,남원주,2014-02,4종,5931
218,남원주,2014-02,5종,6850
218,남원주,2014-02,6종,23107
219,신림,2014-02,1종,66895
219,신림,2014-02,2종,2067
219,신림,2014-02,3종,3026
219,신림,2014-02,4종,1933
219,신림,2014-02,5종,4037
219,신림,2014-02,6종,2946
220,덕평휴게소,2014-02,1종,2877
220,덕평휴게소,2014-02,2종,111
220,덕평휴게소,2014-02,3종,41
220,덕평휴게소,2014-02,4종,0
220,덕평휴게소,2014-02,5종,0
220,덕평휴게소,2014-02,6종,262
221,생초,2014-02,1종,46464
221,생초,2014-02,2종,2155
221,생초,2014-02,3종,2234
221,생초,2014-02,4종,1456
221,생초,2014-02,5종,6735
221,생초,2014-02,6종,1607
222,산청,2014-02,1종,41674
222,산청,2014-02,2종,1483
222,산청,2014-02,3종,2084
222,산청,2014-02,4종,818
222,산청,2014-02,5종,1330
222,산청,2014-02,6종,1577
223,단성,2014-02,1종,78010
223,단성,2014-02,2종,2421
223,단성,2014-02,3종,4900
223,단성,2014-02,4종,2789
223,단성,2014-02,5종,3136
223,단성,2014-02,6종,3242
224,함양,2014-02,1종,82915
224,함양,2014-02,2종,2938
224,함양,2014-02,3종,6397
224,함양,2014-02,4종,1301
224,함양,2014-02,5종,2207
224,함양,2014-02,6종,3992
225,서진주,2014-02,1종,261976
225,서진주,2014-02,2종,6893
225,서진주,2014-02,3종,4982
225,서진주,2014-02,4종,2792
225,서진주,2014-02,5종,3928
225,서진주,2014-02,6종,16097
227,군산,2014-02,1종,228881
227,군산,2014-02,2종,7581
227,군산,2014-02,3종,15297
227,군산,2014-02,4종,12534
227,군산,2014-02,5종,33288
227,군산,2014-02,6종,6641
228,동군산,2014-02,1종,205664
228,동군산,2014-02,2종,8160
228,동군산,2014-02,3종,12167
228,동군산,2014-02,4종,7703
228,동군산,2014-02,5종,20481
228,동군산,2014-02,6종,5629
229,북천안,2014-02,1종,275928
229,북천안,2014-02,2종,23773
229,북천안,2014-02,3종,27336
229,북천안,2014-02,4종,32191
229,북천안,2014-02,5종,35332
229,북천안,2014-02,6종,15631
230,팔공산,2014-02,1종,520562
230,팔공산,2014-02,2종,21089
230,팔공산,2014-02,3종,11090
230,팔공산,2014-02,4종,7718
230,팔공산,2014-02,5종,10448
230,팔공산,2014-02,6종,25515
231,화원옥포,2014-02,1종,556223
231,화원옥포,2014-02,2종,31860
231,화원옥포,2014-02,3종,19748
231,화원옥포,2014-02,4종,8474
231,화원옥포,2014-02,5종,13051
231,화원옥포,2014-02,6종,29781
232,달성,2014-02,1종,361510
232,달성,2014-02,2종,20655
232,달성,2014-02,3종,21228
232,달성,2014-02,4종,6174
232,달성,2014-02,5종,6171
232,달성,2014-02,6종,24387
233,현풍,2014-02,1종,396700
233,현풍,2014-02,2종,31248
233,현풍,2014-02,3종,25851
233,현풍,2014-02,4종,16411
233,현풍,2014-02,5종,32639
233,현풍,2014-02,6종,19313
234,서천,2014-02,1종,89935
234,서천,2014-02,2종,3487
234,서천,2014-02,3종,3971
234,서천,2014-02,4종,4654
234,서천,2014-02,5종,5764
234,서천,2014-02,6종,3094
235,창녕,2014-02,1종,132018
235,창녕,2014-02,2종,6267
235,창녕,2014-02,3종,7420
235,창녕,2014-02,4종,3106
235,창녕,2014-02,5종,6353
235,창녕,2014-02,6종,6746
236,영산,2014-02,1종,127905
236,영산,2014-02,2종,9119
236,영산,2014-02,3종,9535
236,영산,2014-02,4종,6355
236,영산,2014-02,5종,8446
236,영산,2014-02,6종,5645
237,남지,2014-02,1종,112993
237,남지,2014-02,2종,6860
237,남지,2014-02,3종,10710
237,남지,2014-02,4종,6037
237,남지,2014-02,5종,11120
237,남지,2014-02,6종,8388
238,칠서,2014-02,1종,194765
238,칠서,2014-02,2종,25021
238,칠서,2014-02,3종,13371
238,칠서,2014-02,4종,18530
238,칠서,2014-02,5종,31857
238,칠서,2014-02,6종,12323
239,칠원,2014-02,1종,487155
239,칠원,2014-02,2종,23771
239,칠원,2014-02,3종,40321
239,칠원,2014-02,4종,29824
239,칠원,2014-02,5종,30103
239,칠원,2014-02,6종,24948
240,제천,2014-02,1종,388197
240,제천,2014-02,2종,10519
240,제천,2014-02,3종,23395
240,제천,2014-02,4종,7719
240,제천,2014-02,5종,14836
240,제천,2014-02,6종,16336
241,동고령,2014-02,1종,224923
241,동고령,2014-02,2종,14733
241,동고령,2014-02,3종,14101
241,동고령,2014-02,4종,9539
241,동고령,2014-02,5종,12689
241,동고령,2014-02,6종,10893
242,고령,2014-02,1종,160000
242,고령,2014-02,2종,9284
242,고령,2014-02,3종,8665
242,고령,2014-02,4종,4700
242,고령,2014-02,5종,16548
242,고령,2014-02,6종,6805
243,해인사,2014-02,1종,75531
243,해인사,2014-02,2종,2215
243,해인사,2014-02,3종,2381
243,해인사,2014-02,4종,663
243,해인사,2014-02,5종,748
243,해인사,2014-02,6종,3543
244,서부산,2014-02,1종,1825657
244,서부산,2014-02,2종,64282
244,서부산,2014-02,3종,85995
244,서부산,2014-02,4종,50364
244,서부산,2014-02,5종,162197
244,서부산,2014-02,6종,112538
245,장유,2014-02,1종,1139674
245,장유,2014-02,2종,35612
245,장유,2014-02,3종,44155
245,장유,2014-02,4종,17588
245,장유,2014-02,5종,25894
245,장유,2014-02,6종,81370
246,가락,2014-02,1종,668441
246,가락,2014-02,2종,30994
246,가락,2014-02,3종,27059
246,가락,2014-02,4종,40887
246,가락,2014-02,5종,172577
246,가락,2014-02,6종,45139
247,남원,2014-02,1종,114855
247,남원,2014-02,2종,5295
247,남원,2014-02,3종,6131
247,남원,2014-02,4종,1961
247,남원,2014-02,5종,6672
247,남원,2014-02,6종,4804
248,순창,2014-02,1종,100901
248,순창,2014-02,2종,3309
248,순창,2014-02,3종,3117
248,순창,2014-02,4종,1991
248,순창,2014-02,5종,2229
248,순창,2014-02,6종,3952
249,담양,2014-02,1종,113251
249,담양,2014-02,2종,3430
249,담양,2014-02,3종,11118
249,담양,2014-02,4종,1908
249,담양,2014-02,5종,4110
249,담양,2014-02,6종,4041
250,남양산,2014-02,1종,879978
250,남양산,2014-02,2종,42770
250,남양산,2014-02,3종,35383
250,남양산,2014-02,4종,20510
250,남양산,2014-02,5종,26429
250,남양산,2014-02,6종,65294
251,물금,2014-02,1종,392080
251,물금,2014-02,2종,43502
251,물금,2014-02,3종,18930
251,물금,2014-02,4종,31519
251,물금,2014-02,5종,60625
251,물금,2014-02,6종,28026
252,대동,2014-02,1종,2068343
252,대동,2014-02,2종,148099
252,대동,2014-02,3종,108729
252,대동,2014-02,4종,95398
252,대동,2014-02,5종,264961
252,대동,2014-02,6종,107904
253,서서울,2014-02,1종,4311273
253,서서울,2014-02,2종,181933
253,서서울,2014-02,3종,124696
253,서서울,2014-02,4종,107897
253,서서울,2014-02,5종,107596
253,서서울,2014-02,6종,268152
254,군자,2014-02,1종,2071396
254,군자,2014-02,2종,106407
254,군자,2014-02,3종,94577
254,군자,2014-02,4종,70068
254,군자,2014-02,5종,134288
254,군자,2014-02,6종,150224
255,서안산,2014-02,1종,1579153
255,서안산,2014-02,2종,93160
255,서안산,2014-02,3종,56758
255,서안산,2014-02,4종,46001
255,서안산,2014-02,5종,51571
255,서안산,2014-02,6종,123793
256,안산,2014-02,1종,780400
256,안산,2014-02,2종,22060
256,안산,2014-02,3종,17935
256,안산,2014-02,4종,5654
256,안산,2014-02,5종,5806
256,안산,2014-02,6종,59512
257,홍성,2014-02,1종,171484
257,홍성,2014-02,2종,4360
257,홍성,2014-02,3종,6030
257,홍성,2014-02,4종,2797
257,홍성,2014-02,5종,3951
257,홍성,2014-02,6종,5623
258,광천,2014-02,1종,100172
258,광천,2014-02,2종,5200
258,광천,2014-02,3종,6005
258,광천,2014-02,4종,5185
258,광천,2014-02,5종,10925
258,광천,2014-02,6종,3461
259,대천,2014-02,1종,180763
259,대천,2014-02,2종,5482
259,대천,2014-02,3종,7931
259,대천,2014-02,4종,3057
259,대천,2014-02,5종,3762
259,대천,2014-02,6종,6488
260,춘장대,2014-02,1종,35840
260,춘장대,2014-02,2종,1019
260,춘장대,2014-02,3종,1286
260,춘장대,2014-02,4종,1060
260,춘장대,2014-02,5종,1146
260,춘장대,2014-02,6종,1003
261,동광주,2014-02,1종,861872
261,동광주,2014-02,2종,27189
261,동광주,2014-02,3종,52037
261,동광주,2014-02,4종,19756
261,동광주,2014-02,5종,43644
261,동광주,2014-02,6종,28291
262,창평,2014-02,1종,70702
262,창평,2014-02,2종,4038
262,창평,2014-02,3종,2773
262,창평,2014-02,4종,1651
262,창평,2014-02,5종,1575
262,창평,2014-02,6종,2457
263,옥과,2014-02,1종,156576
263,옥과,2014-02,2종,4017
263,옥과,2014-02,3종,8361
263,옥과,2014-02,4종,3178
263,옥과,2014-02,5종,7691
263,옥과,2014-02,6종,6566
264,동남원,2014-02,1종,45398
264,동남원,2014-02,2종,1621
264,동남원,2014-02,3종,2403
264,동남원,2014-02,4종,921
264,동남원,2014-02,5종,1477
264,동남원,2014-02,6종,1454
265,곡성,2014-02,1종,116512
265,곡성,2014-02,2종,3427
265,곡성,2014-02,3종,4319
265,곡성,2014-02,4종,1824
265,곡성,2014-02,5종,5776
265,곡성,2014-02,6종,5009
266,석곡,2014-02,1종,34338
266,석곡,2014-02,2종,1169
266,석곡,2014-02,3종,1659
266,석곡,2014-02,4종,721
266,석곡,2014-02,5종,1245
266,석곡,2014-02,6종,1311
267,주암송광사,2014-02,1종,98431
267,주암송광사,2014-02,2종,3254
267,주암송광사,2014-02,3종,3010
267,주암송광사,2014-02,4종,2191
267,주암송광사,2014-02,5종,3532
267,주암송광사,2014-02,6종,2953
268,승주,2014-02,1종,53032
268,승주,2014-02,2종,915
268,승주,2014-02,3종,1434
268,승주,2014-02,4종,782
268,승주,2014-02,5종,1035
268,승주,2014-02,6종,2680
269,지리산,2014-02,1종,38495
269,지리산,2014-02,2종,1443
269,지리산,2014-02,3종,1862
269,지리산,2014-02,4종,1106
269,지리산,2014-02,5종,1245
269,지리산,2014-02,6종,1309
270,서순천,2014-02,1종,131839
270,서순천,2014-02,2종,4982
270,서순천,2014-02,3종,9150
270,서순천,2014-02,4종,2023
270,서순천,2014-02,5종,3603
270,서순천,2014-02,6종,4762
271,순천,2014-02,1종,474382
271,순천,2014-02,2종,14174
271,순천,2014-02,3종,13986
271,순천,2014-02,4종,8018
271,순천,2014-02,5종,30638
271,순천,2014-02,6종,16223
272,광양,2014-02,1종,241645
272,광양,2014-02,2종,9131
272,광양,2014-02,3종,18924
272,광양,2014-02,4종,13734
272,광양,2014-02,5종,51582
272,광양,2014-02,6종,8154
273,동광양,2014-02,1종,119593
273,동광양,2014-02,2종,2531
273,동광양,2014-02,3종,2712
273,동광양,2014-02,4종,3378
273,동광양,2014-02,5종,23178
273,동광양,2014-02,6종,5585
274,가조,2014-02,1종,49256
274,가조,2014-02,2종,1872
274,가조,2014-02,3종,2881
274,가조,2014-02,4종,1147
274,가조,2014-02,5종,869
274,가조,2014-02,6종,2930
275,옥곡,2014-02,1종,141185
275,옥곡,2014-02,2종,6093
275,옥곡,2014-02,3종,6325
275,옥곡,2014-02,4종,8075
275,옥곡,2014-02,5종,34907
275,옥곡,2014-02,6종,5529
276,진월,2014-02,1종,66982
276,진월,2014-02,2종,2212
276,진월,2014-02,3종,1651
276,진월,2014-02,4종,5276
276,진월,2014-02,5종,40246
276,진월,2014-02,6종,2674
277,하동,2014-02,1종,167745
277,하동,2014-02,2종,4697
277,하동,2014-02,3종,6921
277,하동,2014-02,4종,7585
277,하동,2014-02,5종,33157
277,하동,2014-02,6종,7770
278,진교,2014-02,1종,138557
278,진교,2014-02,2종,3885
278,진교,2014-02,3종,12445
278,진교,2014-02,4종,1264
278,진교,2014-02,5종,2493
278,진교,2014-02,6종,8110
279,곤양,2014-02,1종,102667
279,곤양,2014-02,2종,3397
279,곤양,2014-02,3종,5527
279,곤양,2014-02,4종,2796
279,곤양,2014-02,5종,10347
279,곤양,2014-02,6종,4793
280,거창,2014-02,1종,144806
280,거창,2014-02,2종,6047
280,거창,2014-02,3종,12834
280,거창,2014-02,4종,2528
280,거창,2014-02,5종,3046
280,거창,2014-02,6종,7260
281,매송,2014-02,1종,415663
281,매송,2014-02,2종,23710
281,매송,2014-02,3종,20052
281,매송,2014-02,4종,10525
281,매송,2014-02,5종,15294
281,매송,2014-02,6종,24218
282,비봉,2014-02,1종,615326
282,비봉,2014-02,2종,41267
282,비봉,2014-02,3종,23844
282,비봉,2014-02,4종,16833
282,비봉,2014-02,5종,24436
282,비봉,2014-02,6종,39212
283,발안,2014-02,1종,375734
283,발안,2014-02,2종,28039
283,발안,2014-02,3종,15499
283,발안,2014-02,4종,14822
283,발안,2014-02,5종,15565
283,발안,2014-02,6종,23233
284,남양양,2014-02,1종,30854
284,남양양,2014-02,2종,934
284,남양양,2014-02,3종,1393
284,남양양,2014-02,4종,857
284,남양양,2014-02,5종,762
284,남양양,2014-02,6종,1026
285,서평택,2014-02,1종,504024
285,서평택,2014-02,2종,40641
285,서평택,2014-02,3종,41861
285,서평택,2014-02,4종,61503
285,서평택,2014-02,5종,104478
285,서평택,2014-02,6종,28916
286,통도사휴게소,2014-02,1종,23121
286,통도사휴게소,2014-02,2종,134
286,통도사휴게소,2014-02,3종,1629
286,통도사휴게소,2014-02,4종,0
286,통도사휴게소,2014-02,5종,0
286,통도사휴게소,2014-02,6종,1090
287,송악,2014-02,1종,360418
287,송악,2014-02,2종,19299
287,송악,2014-02,3종,17505
287,송악,2014-02,4종,21100
287,송악,2014-02,5종,112456
287,송악,2014-02,6종,17554
288,당진,2014-02,1종,339771
288,당진,2014-02,2종,14249
288,당진,2014-02,3종,22289
288,당진,2014-02,4종,13933
288,당진,2014-02,5종,39894
288,당진,2014-02,6종,16037
289,마산,2014-02,1종,762285
289,마산,2014-02,2종,28278
289,마산,2014-02,3종,34913
289,마산,2014-02,4종,13093
289,마산,2014-02,5종,22093
289,마산,2014-02,6종,51359
290,축동,2014-02,1종,39149
290,축동,2014-02,2종,2073
290,축동,2014-02,3종,1436
290,축동,2014-02,4종,3399
290,축동,2014-02,5종,9114
290,축동,2014-02,6종,2115
291,사천,2014-02,1종,548429
291,사천,2014-02,2종,25799
291,사천,2014-02,3종,24928
291,사천,2014-02,4종,13268
291,사천,2014-02,5종,23461
291,사천,2014-02,6종,36507
292,진주,2014-02,1종,586587
292,진주,2014-02,2종,20885
292,진주,2014-02,3종,45002
292,진주,2014-02,4종,13078
292,진주,2014-02,5종,29059
292,진주,2014-02,6종,39539
293,문산,2014-02,1종,265883
293,문산,2014-02,2종,11199
293,문산,2014-02,3종,6925
293,문산,2014-02,4종,5359
293,문산,2014-02,5종,7584
293,문산,2014-02,6종,15870
294,북창원,2014-02,1종,190866
294,북창원,2014-02,2종,7784
294,북창원,2014-02,3종,5397
294,북창원,2014-02,4종,5723
294,북창원,2014-02,5종,7391
294,북창원,2014-02,6종,9134
295,진성,2014-02,1종,113177
295,진성,2014-02,2종,8071
295,진성,2014-02,3종,4661
295,진성,2014-02,4종,4693
295,진성,2014-02,5종,12156
295,진성,2014-02,6종,5703
296,지수,2014-02,1종,42826
296,지수,2014-02,2종,2229
296,지수,2014-02,3종,1550
296,지수,2014-02,4종,930
296,지수,2014-02,5종,2820
296,지수,2014-02,6종,3124
298,서산,2014-02,1종,396028
298,서산,2014-02,2종,15000
298,서산,2014-02,3종,27039
298,서산,2014-02,4종,20676
298,서산,2014-02,5종,35910
298,서산,2014-02,6종,15637
299,해미,2014-02,1종,106015
299,해미,2014-02,2종,4594
299,해미,2014-02,3종,4978
299,해미,2014-02,4종,4472
299,해미,2014-02,5종,9191
299,해미,2014-02,6종,4020
500,남여주,2014-02,1종,96048
500,남여주,2014-02,2종,4839
500,남여주,2014-02,3종,6808
500,남여주,2014-02,4종,5483
500,남여주,2014-02,5종,10301
500,남여주,2014-02,6종,4363
501,서김제,2014-02,1종,49072
501,서김제,2014-02,2종,2483
501,서김제,2014-02,3종,3365
501,서김제,2014-02,4종,2019
501,서김제,2014-02,5종,2514
501,서김제,2014-02,6종,1204
502,부안,2014-02,1종,83002
502,부안,2014-02,2종,3825
502,부안,2014-02,3종,6760
502,부안,2014-02,4종,1982
502,부안,2014-02,5종,3334
502,부안,2014-02,6종,2180
503,줄포,2014-02,1종,52879
503,줄포,2014-02,2종,1681
503,줄포,2014-02,3종,1720
503,줄포,2014-02,4종,600
503,줄포,2014-02,5종,691
503,줄포,2014-02,6종,1141
504,선운산,2014-02,1종,85425
504,선운산,2014-02,2종,3552
504,선운산,2014-02,3종,7212
504,선운산,2014-02,4종,5874
504,선운산,2014-02,5종,5086
504,선운산,2014-02,6종,2409
505,고창,2014-02,1종,69678
505,고창,2014-02,2종,2792
505,고창,2014-02,3종,2774
505,고창,2014-02,4종,1116
505,고창,2014-02,5종,1014
505,고창,2014-02,6종,1934
506,영광,2014-02,1종,66340
506,영광,2014-02,2종,2351
506,영광,2014-02,3종,5794
506,영광,2014-02,4종,1810
506,영광,2014-02,5종,2106
506,영광,2014-02,6종,1619
507,함평,2014-02,1종,47332
507,함평,2014-02,2종,2547
507,함평,2014-02,3종,4764
507,함평,2014-02,4종,2888
507,함평,2014-02,5종,4751
507,함평,2014-02,6종,1287
508,무안,2014-02,1종,154825
508,무안,2014-02,2종,4327
508,무안,2014-02,3종,5506
508,무안,2014-02,4종,3849
508,무안,2014-02,5종,4443
508,무안,2014-02,6종,4843
509,목포,2014-02,1종,652301
509,목포,2014-02,2종,17755
509,목포,2014-02,3종,35006
509,목포,2014-02,4종,24283
509,목포,2014-02,5종,35134
509,목포,2014-02,6종,17514
510,양양,2014-02,1종,46978
510,양양,2014-02,2종,1636
510,양양,2014-02,3종,2175
510,양양,2014-02,4종,739
510,양양,2014-02,5종,1400
510,양양,2014-02,6종,1814
511,무창포,2014-02,1종,55515
511,무창포,2014-02,2종,2042
511,무창포,2014-02,3종,2234
511,무창포,2014-02,4종,1396
511,무창포,2014-02,5종,3352
511,무창포,2014-02,6종,1606
512,연화산,2014-02,1종,32482
512,연화산,2014-02,2종,1243
512,연화산,2014-02,3종,1190
512,연화산,2014-02,4종,1349
512,연화산,2014-02,5종,1946
512,연화산,2014-02,6종,2105
513,고성,2014-02,1종,284812
513,고성,2014-02,2종,10493
513,고성,2014-02,3종,14052
513,고성,2014-02,4종,8336
513,고성,2014-02,5종,10856
513,고성,2014-02,6종,15751
514,동고성,2014-02,1종,72550
514,동고성,2014-02,2종,3461
514,동고성,2014-02,3종,4622
514,동고성,2014-02,4종,8708
514,동고성,2014-02,5종,10101
514,동고성,2014-02,6종,5267
515,북통영,2014-02,1종,124673
515,북통영,2014-02,2종,3376
515,북통영,2014-02,3종,9484
515,북통영,2014-02,4종,1493
515,북통영,2014-02,5종,1491
515,북통영,2014-02,6종,7599
516,통영,2014-02,1종,460122
516,통영,2014-02,2종,15550
516,통영,2014-02,3종,20385
516,통영,2014-02,4종,17581
516,통영,2014-02,5종,19017
516,통영,2014-02,6종,23334
517,양평,2014-02,1종,112614
517,양평,2014-02,2종,4637
517,양평,2014-02,3종,3923
517,양평,2014-02,4종,3014
517,양평,2014-02,5종,4900
517,양평,2014-02,6종,4885
518,칠곡물류,2014-02,1종,42963
518,칠곡물류,2014-02,2종,10929
518,칠곡물류,2014-02,3종,5860
518,칠곡물류,2014-02,4종,9251
518,칠곡물류,2014-02,5종,10835
518,칠곡물류,2014-02,6종,1904
519,남대구,2014-02,1종,1231463
519,남대구,2014-02,2종,57356
519,남대구,2014-02,3종,59736
519,남대구,2014-02,4종,19787
519,남대구,2014-02,5종,34180
519,남대구,2014-02,6종,64698
520,평택,2014-02,1종,463090
520,평택,2014-02,2종,29479
520,평택,2014-02,3종,38293
520,평택,2014-02,4종,18009
520,평택,2014-02,5종,24545
520,평택,2014-02,6종,27767
521,단양,2014-02,1종,47664
521,단양,2014-02,2종,1611
521,단양,2014-02,3종,3323
521,단양,2014-02,4종,871
521,단양,2014-02,5종,7013
521,단양,2014-02,6종,1883
522,북단양,2014-02,1종,72285
522,북단양,2014-02,2종,2170
522,북단양,2014-02,3종,3209
522,북단양,2014-02,4종,5179
522,북단양,2014-02,5종,26992
522,북단양,2014-02,6종,2537
523,남제천,2014-02,1종,60487
523,남제천,2014-02,2종,1559
523,남제천,2014-02,3종,4198
523,남제천,2014-02,4종,725
523,남제천,2014-02,5종,2659
523,남제천,2014-02,6종,1893
524,청통와촌,2014-02,1종,191650
524,청통와촌,2014-02,2종,10849
524,청통와촌,2014-02,3종,6062
524,청통와촌,2014-02,4종,3841
524,청통와촌,2014-02,5종,6687
524,청통와촌,2014-02,6종,8343
525,북영천,2014-02,1종,141983
525,북영천,2014-02,2종,5988
525,북영천,2014-02,3종,4535
525,북영천,2014-02,4종,3527
525,북영천,2014-02,5종,7354
525,북영천,2014-02,6종,4692
526,서포항,2014-02,1종,83225
526,서포항,2014-02,2종,1821
526,서포항,2014-02,3종,1840
526,서포항,2014-02,4종,1059
526,서포항,2014-02,5종,2592
526,서포항,2014-02,6종,4813
527,포항,2014-02,1종,660886
527,포항,2014-02,2종,15679
527,포항,2014-02,3종,24858
527,포항,2014-02,4종,9024
527,포항,2014-02,5종,43890
527,포항,2014-02,6종,24413
528,기흥동탄,2014-02,1종,963142
528,기흥동탄,2014-02,2종,25922
528,기흥동탄,2014-02,3종,65868
528,기흥동탄,2014-02,4종,19500
528,기흥동탄,2014-02,5종,17306
528,기흥동탄,2014-02,6종,58630
529,노포,2014-02,1종,185565
529,노포,2014-02,2종,12286
529,노포,2014-02,3종,36857
529,노포,2014-02,4종,4704
529,노포,2014-02,5종,7090
529,노포,2014-02,6종,9511
530,내장산,2014-02,1종,38378
530,내장산,2014-02,2종,1122
530,내장산,2014-02,3종,821
530,내장산,2014-02,4종,719
530,내장산,2014-02,5종,538
530,내장산,2014-02,6종,1375
531,문의청남대,2014-02,1종,141010
531,문의청남대,2014-02,2종,6100
531,문의청남대,2014-02,3종,6904
531,문의청남대,2014-02,4종,6156
531,문의청남대,2014-02,5종,7009
531,문의청남대,2014-02,6종,6214
532,회인,2014-02,1종,30347
532,회인,2014-02,2종,824
532,회인,2014-02,3종,651
532,회인,2014-02,4종,850
532,회인,2014-02,5종,569
532,회인,2014-02,6종,1469
533,보은,2014-02,1종,97057
533,보은,2014-02,2종,4503
533,보은,2014-02,3종,3701
533,보은,2014-02,4종,2832
533,보은,2014-02,5종,2780
533,보은,2014-02,6종,4177
534,속리산,2014-02,1종,32899
534,속리산,2014-02,2종,1662
534,속리산,2014-02,3종,1754
534,속리산,2014-02,4종,1254
534,속리산,2014-02,5종,2020
534,속리산,2014-02,6종,1423
535,화서,2014-02,1종,35889
535,화서,2014-02,2종,1247
535,화서,2014-02,3종,1408
535,화서,2014-02,4종,976
535,화서,2014-02,5종,1722
535,화서,2014-02,6종,1681
536,남상주,2014-02,1종,94594
536,남상주,2014-02,2종,3943
536,남상주,2014-02,3종,7624
536,남상주,2014-02,4종,4281
536,남상주,2014-02,5종,3322
536,남상주,2014-02,6종,3768
537,남김천,2014-02,1종,60069
537,남김천,2014-02,2종,4714
537,남김천,2014-02,3종,4328
537,남김천,2014-02,4종,4809
537,남김천,2014-02,5종,9624
537,남김천,2014-02,6종,2248
538,성주,2014-02,1종,54829
538,성주,2014-02,2종,5410
538,성주,2014-02,3종,4081
538,성주,2014-02,4종,3805
538,성주,2014-02,5종,4794
538,성주,2014-02,6종,1929
539,남성주,2014-02,1종,38769
539,남성주,2014-02,2종,5770
539,남성주,2014-02,3종,2891
539,남성주,2014-02,4종,3975
539,남성주,2014-02,5종,4057
539,남성주,2014-02,6종,1339
540,청북,2014-02,1종,331080
540,청북,2014-02,2종,38737
540,청북,2014-02,3종,35618
540,청북,2014-02,4종,28573
540,청북,2014-02,5종,33630
540,청북,2014-02,6종,19663
541,송탄,2014-02,1종,329667
541,송탄,2014-02,2종,30638
541,송탄,2014-02,3종,27151
541,송탄,2014-02,4종,27035
541,송탄,2014-02,5종,20013
541,송탄,2014-02,6종,18720
542,서안성,2014-02,1종,268869
542,서안성,2014-02,2종,28249
542,서안성,2014-02,3종,31543
542,서안성,2014-02,4종,24731
542,서안성,2014-02,5종,19815
542,서안성,2014-02,6종,13468
543,남안성,2014-02,1종,394378
543,남안성,2014-02,2종,46613
543,남안성,2014-02,3종,33815
543,남안성,2014-02,4종,31533
543,남안성,2014-02,5종,30576
543,남안성,2014-02,6종,23660
544,완주,2014-02,1종,136133
544,완주,2014-02,2종,6294
544,완주,2014-02,3종,6799
544,완주,2014-02,4종,6568
544,완주,2014-02,5종,11217
544,완주,2014-02,6종,4537
545,소양,2014-02,1종,122934
545,소양,2014-02,2종,3794
545,소양,2014-02,3종,7470
545,소양,2014-02,4종,2113
545,소양,2014-02,5종,4822
545,소양,2014-02,6종,4047
546,진안,2014-02,1종,47755
546,진안,2014-02,2종,1994
546,진안,2014-02,3종,2085
546,진안,2014-02,4종,1005
546,진안,2014-02,5종,988
546,진안,2014-02,6종,1632
547,무안공항,2014-02,1종,20291
547,무안공항,2014-02,2종,570
547,무안공항,2014-02,3종,707
547,무안공항,2014-02,4종,213
547,무안공항,2014-02,5종,102
547,무안공항,2014-02,6종,506
548,북무안,2014-02,1종,79776
548,북무안,2014-02,2종,2918
548,북무안,2014-02,3종,3553
548,북무안,2014-02,4종,2730
548,북무안,2014-02,5종,2345
548,북무안,2014-02,6종,1782
549,동함평,2014-02,1종,125970
549,동함평,2014-02,2종,3460
549,동함평,2014-02,3종,4130
549,동함평,2014-02,4종,1478
549,동함평,2014-02,5종,2441
549,동함평,2014-02,6종,5758
550,문평,2014-02,1종,28561
550,문평,2014-02,2종,943
550,문평,2014-02,3종,892
550,문평,2014-02,4종,461
550,문평,2014-02,5종,3730
550,문평,2014-02,6종,1007
551,나주,2014-02,1종,42236
551,나주,2014-02,2종,2077
551,나주,2014-02,3종,1420
551,나주,2014-02,4종,541
551,나주,2014-02,5종,1441
551,나주,2014-02,6종,1996
552,서광산,2014-02,1종,72838
552,서광산,2014-02,2종,4268
552,서광산,2014-02,3종,4909
552,서광산,2014-02,4종,2496
552,서광산,2014-02,5종,4731
552,서광산,2014-02,6종,2338
553,동광산,2014-02,1종,672957
553,동광산,2014-02,2종,15040
553,동광산,2014-02,3종,24450
553,동광산,2014-02,4종,8598
553,동광산,2014-02,5종,20501
553,동광산,2014-02,6종,22753
554,동홍천,2014-02,1종,256135
554,동홍천,2014-02,2종,3497
554,동홍천,2014-02,3종,15096
554,동홍천,2014-02,4종,1944
554,동홍천,2014-02,5종,1908
554,동홍천,2014-02,6종,9862
555,북진천,2014-02,1종,225555
555,북진천,2014-02,2종,27432
555,북진천,2014-02,3종,28476
555,북진천,2014-02,4종,20971
555,북진천,2014-02,5종,20473
555,북진천,2014-02,6종,10238
556,동순천,2014-02,1종,210333
556,동순천,2014-02,2종,5444
556,동순천,2014-02,3종,10578
556,동순천,2014-02,4종,11009
556,동순천,2014-02,5종,41617
556,동순천,2014-02,6종,5753
557,황전,2014-02,1종,57128
557,황전,2014-02,2종,1672
557,황전,2014-02,3종,1115
557,황전,2014-02,4종,908
557,황전,2014-02,5종,2731
557,황전,2014-02,6종,2319
558,구례화엄사,2014-02,1종,71885
558,구례화엄사,2014-02,2종,2344
558,구례화엄사,2014-02,3종,3872
558,구례화엄사,2014-02,4종,2414
558,구례화엄사,2014-02,5종,4368
558,구례화엄사,2014-02,6종,2063
559,서남원,2014-02,1종,37098
559,서남원,2014-02,2종,2067
559,서남원,2014-02,3종,1759
559,서남원,2014-02,4종,1820
559,서남원,2014-02,5종,4438
559,서남원,2014-02,6종,1261
560,감곡,2014-02,1종,254697
560,감곡,2014-02,2종,13670
560,감곡,2014-02,3종,13774
560,감곡,2014-02,4종,14576
560,감곡,2014-02,5종,28837
560,감곡,2014-02,6종,9177
561,북충주,2014-02,1종,100035
561,북충주,2014-02,2종,2969
561,북충주,2014-02,3종,4472
561,북충주,2014-02,4종,6131
561,북충주,2014-02,5종,25846
561,북충주,2014-02,6종,3185
562,충주,2014-02,1종,189637
562,충주,2014-02,2종,7945
562,충주,2014-02,3종,15310
562,충주,2014-02,4종,9287
562,충주,2014-02,5종,8885
562,충주,2014-02,6종,7267
563,괴산,2014-02,1종,56515
563,괴산,2014-02,2종,1723
563,괴산,2014-02,3종,2825
563,괴산,2014-02,4종,2126
563,괴산,2014-02,5종,5259
563,괴산,2014-02,6종,2078
564,연풍,2014-02,1종,39227
564,연풍,2014-02,2종,2669
564,연풍,2014-02,3종,5834
564,연풍,2014-02,4종,4820
564,연풍,2014-02,5종,5735
564,연풍,2014-02,6종,1100
565,문경새재,2014-02,1종,64558
565,문경새재,2014-02,2종,2632
565,문경새재,2014-02,3종,4364
565,문경새재,2014-02,4종,3586
565,문경새재,2014-02,5종,3180
565,문경새재,2014-02,6종,2075
566,점촌함창,2014-02,1종,109934
566,점촌함창,2014-02,2종,3859
566,점촌함창,2014-02,3종,8963
566,점촌함창,2014-02,4종,4649
566,점촌함창,2014-02,5종,4951
566,점촌함창,2014-02,6종,3595
567,남고창,2014-02,1종,84791
567,남고창,2014-02,2종,2860
567,남고창,2014-02,3종,1808
567,남고창,2014-02,4종,949
567,남고창,2014-02,5종,2140
567,남고창,2014-02,6종,3319
568,장성물류,2014-02,1종,27334
568,장성물류,2014-02,2종,6775
568,장성물류,2014-02,3종,2974
568,장성물류,2014-02,4종,5906
568,장성물류,2014-02,5종,6680
568,장성물류,2014-02,6종,793
569,북광주,2014-02,1종,234057
569,북광주,2014-02,2종,13172
569,북광주,2014-02,3종,10908
569,북광주,2014-02,4종,13167
569,북광주,2014-02,5종,19156
569,북광주,2014-02,6종,7689
570,북상주,2014-02,1종,95259
570,북상주,2014-02,2종,5524
570,북상주,2014-02,3종,8927
570,북상주,2014-02,4종,8911
570,북상주,2014-02,5종,6735
570,북상주,2014-02,6종,3223
571,면천,2014-02,1종,77479
571,면천,2014-02,2종,3198
571,면천,2014-02,3종,3054
571,면천,2014-02,4종,3449
571,면천,2014-02,5종,4717
571,면천,2014-02,6종,3058
572,고덕,2014-02,1종,104384
572,고덕,2014-02,2종,3597
572,고덕,2014-02,3종,5433
572,고덕,2014-02,4종,3078
572,고덕,2014-02,5종,5772
572,고덕,2014-02,6종,3736
573,예산수덕사,2014-02,1종,243150
573,예산수덕사,2014-02,2종,9206
573,예산수덕사,2014-02,3종,9621
573,예산수덕사,2014-02,4종,8703
573,예산수덕사,2014-02,5종,10492
573,예산수덕사,2014-02,6종,8741
574,신양,2014-02,1종,67137
574,신양,2014-02,2종,2698
574,신양,2014-02,3종,2554
574,신양,2014-02,4종,2022
574,신양,2014-02,5종,2682
574,신양,2014-02,6종,2438
575,유구,2014-02,1종,77669
575,유구,2014-02,2종,3964
575,유구,2014-02,3종,3575
575,유구,2014-02,4종,4053
575,유구,2014-02,5종,6021
575,유구,2014-02,6종,2853
576,마곡사,2014-02,1종,28690
576,마곡사,2014-02,2종,668
576,마곡사,2014-02,3종,819
576,마곡사,2014-02,4종,585
576,마곡사,2014-02,5종,622
576,마곡사,2014-02,6종,965
577,공주,2014-02,1종,147130
577,공주,2014-02,2종,4795
577,공주,2014-02,3종,5142
577,공주,2014-02,4종,2155
577,공주,2014-02,5종,3431
577,공주,2014-02,6종,6524
578,서세종,2014-02,1종,155989
578,서세종,2014-02,2종,10299
578,서세종,2014-02,3종,7241
578,서세종,2014-02,4종,5536
578,서세종,2014-02,5종,7924
578,서세종,2014-02,6종,6350
579,남세종,2014-02,1종,258196
579,남세종,2014-02,2종,6958
579,남세종,2014-02,3종,7102
579,남세종,2014-02,4종,3696
579,남세종,2014-02,5종,5078
579,남세종,2014-02,6종,11789
580,북강릉,2014-02,1종,118901
580,북강릉,2014-02,2종,4033
580,북강릉,2014-02,3종,4776
580,북강릉,2014-02,4종,1366
580,북강릉,2014-02,5종,1955
580,북강릉,2014-02,6종,4605
581,옥계,2014-02,1종,36808
581,옥계,2014-02,2종,1119
581,옥계,2014-02,3종,1210
581,옥계,2014-02,4종,1764
581,옥계,2014-02,5종,9949
581,옥계,2014-02,6종,2170
582,망상,2014-02,1종,74262
582,망상,2014-02,2종,2411
582,망상,2014-02,3종,9445
582,망상,2014-02,4종,988
582,망상,2014-02,5종,1638
582,망상,2014-02,6종,4175
583,동해,2014-02,1종,219505
583,동해,2014-02,2종,7632
583,동해,2014-02,3종,10662
583,동해,2014-02,4종,5565
583,동해,2014-02,5종,16887
583,동해,2014-02,6종,9934
584,남강릉,2014-02,1종,71578
584,남강릉,2014-02,2종,4548
584,남강릉,2014-02,3종,5575
584,남강릉,2014-02,4종,2515
584,남강릉,2014-02,5종,2494
584,남강릉,2014-02,6종,4365
585,하조대,2014-02,1종,81866
585,하조대,2014-02,2종,3267
585,하조대,2014-02,3종,6508
585,하조대,2014-02,4종,1808
585,하조대,2014-02,5종,1902
585,하조대,2014-02,6종,2963
586,북남원,2014-02,1종,16409
586,북남원,2014-02,2종,725
586,북남원,2014-02,3종,466
586,북남원,2014-02,4종,340
586,북남원,2014-02,5종,2413
586,북남원,2014-02,6종,505
587,오수,2014-02,1종,112890
587,오수,2014-02,2종,3996
587,오수,2014-02,3종,5779
587,오수,2014-02,4종,3248
587,오수,2014-02,5종,5286
587,오수,2014-02,6종,3525
588,임실,2014-02,1종,40241
588,임실,2014-02,2종,1827
588,임실,2014-02,3종,1887
588,임실,2014-02,4종,990
588,임실,2014-02,5종,2991
588,임실,2014-02,6종,1460
589,상관,2014-02,1종,110273
589,상관,2014-02,2종,3770
589,상관,2014-02,3종,6104
589,상관,2014-02,4종,3923
589,상관,2014-02,5종,25891
589,상관,2014-02,6종,3162
590,동전주,2014-02,1종,145226
590,동전주,2014-02,2종,2866
590,동전주,2014-02,3종,2630
590,동전주,2014-02,4종,1605
590,동전주,2014-02,5종,4335
590,동전주,2014-02,6종,5242
591,동서천,2014-02,1종,38553
591,동서천,2014-02,2종,1350
591,동서천,2014-02,3종,1554
591,동서천,2014-02,4종,1852
591,동서천,2014-02,5종,3737
591,동서천,2014-02,6종,1242
592,서부여,2014-02,1종,44699
592,서부여,2014-02,2종,2317
592,서부여,2014-02,3종,1792
592,서부여,2014-02,4종,1092
592,서부여,2014-02,5종,1595
592,서부여,2014-02,6종,1568
593,부여,2014-02,1종,60651
593,부여,2014-02,2종,2054
593,부여,2014-02,3종,2293
593,부여,2014-02,4종,1803
593,부여,2014-02,5종,2631
593,부여,2014-02,6종,2220
594,칠갑산,2014-02,1종,43742
594,칠갑산,2014-02,2종,1384
594,칠갑산,2014-02,3종,1922
594,칠갑산,2014-02,4종,933
594,칠갑산,2014-02,5종,936
594,칠갑산,2014-02,6종,1469
595,서공주,2014-02,1종,47133
595,서공주,2014-02,2종,2456
595,서공주,2014-02,3종,2134
595,서공주,2014-02,4종,1853
595,서공주,2014-02,5종,2119
595,서공주,2014-02,6종,1751
597,서여주,2014-02,1종,89915
597,서여주,2014-02,2종,5307
597,서여주,2014-02,3종,4679
597,서여주,2014-02,4종,4926
597,서여주,2014-02,5종,4684
597,서여주,2014-02,6종,4752
598,북여주,2014-02,1종,52646
598,북여주,2014-02,2종,2566
598,북여주,2014-02,3종,1636
598,북여주,2014-02,4종,1585
598,북여주,2014-02,5종,2603
598,북여주,2014-02,6종,2378
599,양촌,2014-02,1종,18460
599,양촌,2014-02,2종,423
599,양촌,2014-02,3종,169
599,양촌,2014-02,4종,15
599,양촌,2014-02,5종,9
599,양촌,2014-02,6종,691
601,남천안,2014-02,1종,324807
601,남천안,2014-02,2종,24576
601,남천안,2014-02,3종,24617
601,남천안,2014-02,4종,23881
601,남천안,2014-02,5종,20807
601,남천안,2014-02,6종,13302
602,풍세상,2014-02,1종,1316812
602,풍세상,2014-02,2종,35004
602,풍세상,2014-02,3종,136714
602,풍세상,2014-02,4종,59548
602,풍세상,2014-02,5종,67648
602,풍세상,2014-02,6종,54092
603,정안,2014-02,1종,189874
603,정안,2014-02,2종,9120
603,정안,2014-02,3종,23293
603,정안,2014-02,4종,11420
603,정안,2014-02,5종,8916
603,정안,2014-02,6종,6683
604,남공주,2014-02,1종,63259
604,남공주,2014-02,2종,2519
604,남공주,2014-02,3종,3409
604,남공주,2014-02,4종,2287
604,남공주,2014-02,5종,3207
604,남공주,2014-02,6종,2266
605,탄천,2014-02,1종,20188
605,탄천,2014-02,2종,1498
605,탄천,2014-02,3종,976
605,탄천,2014-02,4종,1100
605,탄천,2014-02,5종,1215
605,탄천,2014-02,6종,597
606,서논산,2014-02,1종,114910
606,서논산,2014-02,2종,6485
606,서논산,2014-02,3종,8137
606,서논산,2014-02,4종,6389
606,서논산,2014-02,5종,7568
606,서논산,2014-02,6종,4256
607,연무,2014-02,1종,53542
607,연무,2014-02,2종,2422
607,연무,2014-02,3종,1853
607,연무,2014-02,4종,1461
607,연무,2014-02,5종,1925
607,연무,2014-02,6종,1733
608,남논산하,2014-02,1종,704638
608,남논산하,2014-02,2종,21896
608,남논산하,2014-02,3종,95550
608,남논산하,2014-02,4종,33640
608,남논산하,2014-02,5종,53638
608,남논산하,2014-02,6종,26514
612,풍세하,2014-02,1종,1195712
612,풍세하,2014-02,2종,34834
612,풍세하,2014-02,3종,142026
612,풍세하,2014-02,4종,49832
612,풍세하,2014-02,5종,53138
612,풍세하,2014-02,6종,49966
618,남논산상,2014-02,1종,828830
618,남논산상,2014-02,2종,21526
618,남논산상,2014-02,3종,90986
618,남논산상,2014-02,4종,37076
618,남논산상,2014-02,5종,63278
618,남논산상,2014-02,6종,29922
621,동대구,2014-02,1종,719990
621,동대구,2014-02,2종,28332
621,동대구,2014-02,3종,36168
621,동대구,2014-02,4종,20810
621,동대구,2014-02,5종,26369
621,동대구,2014-02,6종,35129
622,대구,2014-02,1종,972294
622,대구,2014-02,2종,41260
622,대구,2014-02,3종,54920
622,대구,2014-02,4종,43494
622,대구,2014-02,5종,79248
622,대구,2014-02,6종,51684
623,수성,2014-02,1종,632937
623,수성,2014-02,2종,17327
623,수성,2014-02,3종,11824
623,수성,2014-02,4종,5785
623,수성,2014-02,5종,6423
623,수성,2014-02,6종,30375
624,청도,2014-02,1종,175223
624,청도,2014-02,2종,7494
624,청도,2014-02,3종,5499
624,청도,2014-02,4종,4386
624,청도,2014-02,5종,5180
624,청도,2014-02,6종,8274
625,밀양,2014-02,1종,225402
625,밀양,2014-02,2종,12396
625,밀양,2014-02,3종,10072
625,밀양,2014-02,4종,7915
625,밀양,2014-02,5종,10878
625,밀양,2014-02,6종,10023
626,남밀양,2014-02,1종,303322
626,남밀양,2014-02,2종,18596
626,남밀양,2014-02,3종,15465
626,남밀양,2014-02,4종,11716
626,남밀양,2014-02,5종,13556
626,남밀양,2014-02,6종,17602
627,삼랑진,2014-02,1종,189844
627,삼랑진,2014-02,2종,8911
627,삼랑진,2014-02,3종,5875
627,삼랑진,2014-02,4종,5107
627,삼랑진,2014-02,5종,10167
627,삼랑진,2014-02,6종,11565
628,상동,2014-02,1종,211559
628,상동,2014-02,2종,22507
628,상동,2014-02,3종,12628
628,상동,2014-02,4종,11897
628,상동,2014-02,5종,19622
628,상동,2014-02,6종,12826
629,김해부산,2014-02,1종,1032804
629,김해부산,2014-02,2종,58118
629,김해부산,2014-02,3종,63072
629,김해부산,2014-02,4종,50924
629,김해부산,2014-02,5종,92728
629,김해부산,2014-02,6종,58826
641,울산,2014-02,1종,1034432
641,울산,2014-02,2종,48073
641,울산,2014-02,3종,66911
641,울산,2014-02,4종,46353
641,울산,2014-02,5종,117838
641,울산,2014-02,6종,49656
642,문수,2014-02,1종,99751
642,문수,2014-02,2종,4510
642,문수,2014-02,3종,4140
642,문수,2014-02,4종,5520
642,문수,2014-02,5종,6100
642,문수,2014-02,6종,5497
643,청량,2014-02,1종,473082
643,청량,2014-02,2종,12240
643,청량,2014-02,3종,13454
643,청량,2014-02,4종,19547
643,청량,2014-02,5종,70311
643,청량,2014-02,6종,29041
644,온양,2014-02,1종,162223
644,온양,2014-02,2종,3599
644,온양,2014-02,3종,2074
644,온양,2014-02,4종,3482
644,온양,2014-02,5종,11950
644,온양,2014-02,6종,10152
645,장안,2014-02,1종,282870
645,장안,2014-02,2종,6613
645,장안,2014-02,3종,5257
645,장안,2014-02,4종,5846
645,장안,2014-02,5종,12783
645,장안,2014-02,6종,19106
646,기장일광,2014-02,1종,211512
646,기장일광,2014-02,2종,2681
646,기장일광,2014-02,3종,2692
646,기장일광,2014-02,4종,2127
646,기장일광,2014-02,5종,4245
646,기장일광,2014-02,6종,13249
647,해운대송정,2014-02,1종,81903
647,해운대송정,2014-02,2종,1005
647,해운대송정,2014-02,3종,718
647,해운대송정,2014-02,4종,435
647,해운대송정,2014-02,5종,705
647,해운대송정,2014-02,6종,5439
648,해운대,2014-02,1종,653153
648,해운대,2014-02,2종,7824
648,해운대,2014-02,3종,7986
648,해운대,2014-02,4종,7329
648,해운대,2014-02,5종,33510
648,해운대,2014-02,6종,38269
651,남양주,2014-02,1종,1222420
651,남양주,2014-02,2종,32855
651,남양주,2014-02,3종,57289
651,남양주,2014-02,4종,13519
651,남양주,2014-02,5종,13289
651,남양주,2014-02,6종,74513
652,화도,2014-02,1종,664042
652,화도,2014-02,2종,27202
652,화도,2014-02,3종,26897
652,화도,2014-02,4종,10100
652,화도,2014-02,5종,9415
652,화도,2014-02,6종,53298
653,서종,2014-02,1종,113405
653,서종,2014-02,2종,1103
653,서종,2014-02,3종,580
653,서종,2014-02,4종,421
653,서종,2014-02,5종,444
653,서종,2014-02,6종,7884
654,설악,2014-02,1종,132753
654,설악,2014-02,2종,2696
654,설악,2014-02,3종,5148
654,설악,2014-02,4종,932
654,설악,2014-02,5종,675
654,설악,2014-02,6종,8099
655,강촌,2014-02,1종,100964
655,강촌,2014-02,2종,1692
655,강촌,2014-02,3종,4116
655,강촌,2014-02,4종,852
655,강촌,2014-02,5종,547
655,강촌,2014-02,6종,4804
656,남춘천,2014-02,1종,146015
656,남춘천,2014-02,2종,2346
656,남춘천,2014-02,3종,10678
656,남춘천,2014-02,4종,1584
656,남춘천,2014-02,5종,2522
656,남춘천,2014-02,6종,7785
657,동산,2014-02,1종,429404
657,동산,2014-02,2종,7694
657,동산,2014-02,3종,22832
657,동산,2014-02,4종,4600
657,동산,2014-02,5종,4548
657,동산,2014-02,6종,23270
658,조양,2014-02,1종,17083
658,조양,2014-02,2종,326
658,조양,2014-02,3종,604
658,조양,2014-02,4종,244
658,조양,2014-02,5종,201
658,조양,2014-02,6종,756
671,봉담,2014-02,1종,1019681
671,봉담,2014-02,2종,51218
671,봉담,2014-02,3종,32669
671,봉담,2014-02,4종,17713
671,봉담,2014-02,5종,22204
671,봉담,2014-02,6종,82093
672,정남,2014-02,1종,313610
672,정남,2014-02,2종,17262
672,정남,2014-02,3종,9508
672,정남,2014-02,4종,5343
672,정남,2014-02,5종,4204
672,정남,2014-02,6종,25936
673,북오산,2014-02,1종,635582
673,북오산,2014-02,2종,24756
673,북오산,2014-02,3종,21622
673,북오산,2014-02,4종,11316
673,북오산,2014-02,5종,8460
673,북오산,2014-02,6종,47415
674,,2014-02,1종,679536
674,,2014-02,2종,34596
674,,2014-02,3종,47744
674,,2014-02,4종,16498
674,,2014-02,5종,18012
674,,2014-02,6종,49852
675,서오산,2014-02,1종,582691
675,서오산,2014-02,2종,18274
675,서오산,2014-02,3종,13795
675,서오산,2014-02,4종,12062
675,서오산,2014-02,5종,8873
675,서오산,2014-02,6종,43366
676,향남,2014-02,1종,472403
676,향남,2014-02,2종,35476
676,향남,2014-02,3종,18339
676,향남,2014-02,4종,17925
676,향남,2014-02,5종,12256
676,향남,2014-02,6종,39190
677,북평택,2014-02,1종,710319
677,북평택,2014-02,2종,29870
677,북평택,2014-02,3종,37847
677,북평택,2014-02,4종,14423
677,북평택,2014-02,5종,23533
677,북평택,2014-02,6종,46416
681,장안본선,2014-02,1종,757298
681,장안본선,2014-02,2종,66862
681,장안본선,2014-02,3종,109176
681,장안본선,2014-02,4종,78902
681,장안본선,2014-02,5종,138106
681,장안본선,2014-02,6종,43484
682,조암,2014-02,1종,246539
682,조암,2014-02,2종,32306
682,조암,2014-02,3종,24888
682,조암,2014-02,4종,18742
682,조암,2014-02,5종,18291
682,조암,2014-02,6종,15638
683,송산마도,2014-02,1종,396906
683,송산마도,2014-02,2종,29816
683,송산마도,2014-02,3종,20750
683,송산마도,2014-02,4종,15067
683,송산마도,2014-02,5종,25039
683,송산마도,2014-02,6종,22925
684,남안산,2014-02,1종,553548
684,남안산,2014-02,2종,66132
684,남안산,2014-02,3종,49503
684,남안산,2014-02,4종,43933
684,남안산,2014-02,5종,60341
684,남안산,2014-02,6종,43471
685,서시흥,2014-02,1종,989911
685,서시흥,2014-02,2종,68568
685,서시흥,2014-02,3종,96771
685,서시흥,2014-02,4종,62377
685,서시흥,2014-02,5종,126396
685,서시흥,2014-02,6종,60237
981,서영암,2014-02,1종,171982
981,서영암,2014-02,2종,3892
981,서영암,2014-02,3종,7459
981,서영암,2014-02,4종,6148
981,서영암,2014-02,5종,13864
981,서영암,2014-02,6종,4456
982,강진무위사,2014-02,1종,107178
982,강진무위사,2014-02,2종,2906
982,강진무위사,2014-02,3종,5444
982,강진무위사,2014-02,4종,4453
982,강진무위사,2014-02,5종,4542
982,강진무위사,2014-02,6종,2749
983,장흥,2014-02,1종,79866
983,장흥,2014-02,2종,1325
983,장흥,2014-02,3종,1715
983,장흥,2014-02,4종,743
983,장흥,2014-02,5종,1504
983,장흥,2014-02,6종,2212
984,보성,2014-02,1종,129586
984,보성,2014-02,2종,4381
984,보성,2014-02,3종,4773
984,보성,2014-02,4종,4224
984,보성,2014-02,5종,10739
984,보성,2014-02,6종,3392
985,벌교,2014-02,1종,97621
985,벌교,2014-02,2종,3095
985,벌교,2014-02,3종,2555
985,벌교,2014-02,4종,1612
985,벌교,2014-02,5종,3392
985,벌교,2014-02,6종,2507
986,고흥,2014-02,1종,117793
986,고흥,2014-02,2종,2625
986,고흥,2014-02,3종,3608
986,고흥,2014-02,4종,3996
986,고흥,2014-02,5종,8532
986,고흥,2014-02,6종,3449
987,남순천,2014-02,1종,328929
987,남순천,2014-02,2종,8338
987,남순천,2014-02,3종,13679
987,남순천,2014-02,4종,14006
987,남순천,2014-02,5종,33671
987,남순천,2014-02,6종,9181
11,인천,2014-03,1종,3530358
11,인천,2014-03,2종,113254
11,인천,2014-03,3종,82324
11,인천,2014-03,4종,56270
11,인천,2014-03,5종,108818
11,인천,2014-03,6종,331715
12,서영암(개),2014-03,1종,31098
12,서영암(개),2014-03,2종,669
12,서영암(개),2014-03,3종,688
12,서영암(개),2014-03,4종,283
12,서영암(개),2014-03,5종,489
12,서영암(개),2014-03,6종,1921
13,순천만,2014-03,1종,103628
13,순천만,2014-03,2종,4356
13,순천만,2014-03,3종,4410
13,순천만,2014-03,4종,2912
13,순천만,2014-03,5종,8189
13,순천만,2014-03,6종,4761
53,남인천,2014-03,1종,1656852
53,남인천,2014-03,2종,43176
53,남인천,2014-03,3종,54172
53,남인천,2014-03,4종,19879
53,남인천,2014-03,5종,55994
53,남인천,2014-03,6종,143191
56,일로,2014-03,1종,36878
56,일로,2014-03,2종,1361
56,일로,2014-03,3종,1081
56,일로,2014-03,4종,762
56,일로,2014-03,5종,1545
56,일로,2014-03,6종,1989
61,성남,2014-03,1종,3837328
61,성남,2014-03,2종,154853
61,성남,2014-03,3종,150909
61,성남,2014-03,4종,77159
61,성남,2014-03,5종,93992
61,성남,2014-03,6종,275254
62,구리남양주,2014-03,1종,4948689
62,구리남양주,2014-03,2종,209960
62,구리남양주,2014-03,3종,185767
62,구리남양주,2014-03,4종,117610
62,구리남양주,2014-03,5종,116312
62,구리남양주,2014-03,6종,375391
63,토평,2014-03,1종,491694
63,토평,2014-03,2종,16406
63,토평,2014-03,3종,8631
63,토평,2014-03,4종,11222
63,토평,2014-03,5종,12246
63,토평,2014-03,6종,40129
64,청계,2014-03,1종,4492510
64,청계,2014-03,2종,150216
64,청계,2014-03,3종,151526
64,청계,2014-03,4종,47113
64,청계,2014-03,5종,87074
64,청계,2014-03,6종,350812
65,판교,2014-03,1종,2952159
65,판교,2014-03,2종,46266
65,판교,2014-03,3종,181744
65,판교,2014-03,4종,16247
65,판교,2014-03,5종,16662
65,판교,2014-03,6종,176964
66,하남,2014-03,1종,814424
66,하남,2014-03,2종,28174
66,하남,2014-03,3종,15749
66,하남,2014-03,4종,7772
66,하남,2014-03,5종,14594
66,하남,2014-03,6종,64635
67,시흥,2014-03,1종,3844489
67,시흥,2014-03,2종,145407
67,시흥,2014-03,3종,121410
67,시흥,2014-03,4종,67223
67,시흥,2014-03,5종,75358
67,시흥,2014-03,6종,305276
68,김포,2014-03,1종,4648307
68,김포,2014-03,2종,191243
68,김포,2014-03,3종,151110
68,김포,2014-03,4종,76723
68,김포,2014-03,5종,111661
68,김포,2014-03,6종,388550
69,대왕판교,2014-03,1종,208801
69,대왕판교,2014-03,2종,1607
69,대왕판교,2014-03,3종,192
69,대왕판교,2014-03,4종,27
69,대왕판교,2014-03,5종,23
69,대왕판교,2014-03,6종,12451
74,덕소삼패,2014-03,1종,292061
74,덕소삼패,2014-03,2종,9372
74,덕소삼패,2014-03,3종,3764
74,덕소삼패,2014-03,4종,8498
74,덕소삼패,2014-03,5종,14788
74,덕소삼패,2014-03,6종,24400
91,대동(개),2014-03,1종,132670
91,대동(개),2014-03,2종,9668
91,대동(개),2014-03,3종,5600
91,대동(개),2014-03,4종,21909
91,대동(개),2014-03,5종,11712
91,대동(개),2014-03,6종,8928
92,내서,2014-03,1종,219885
92,내서,2014-03,2종,8232
92,내서,2014-03,3종,11164
92,내서,2014-03,4종,3618
92,내서,2014-03,5종,6911
92,내서,2014-03,6종,21358
101,서울,2014-03,1종,5319448
101,서울,2014-03,2종,194182
101,서울,2014-03,3종,581553
101,서울,2014-03,4종,96375
101,서울,2014-03,5종,62300
101,서울,2014-03,6종,265975
102,동수원,2014-03,1종,2093819
102,동수원,2014-03,2종,43532
102,동수원,2014-03,3종,87483
102,동수원,2014-03,4종,18617
102,동수원,2014-03,5종,17491
102,동수원,2014-03,6종,134779
103,수원신갈,2014-03,1종,2466886
103,수원신갈,2014-03,2종,99597
103,수원신갈,2014-03,3종,160811
103,수원신갈,2014-03,4종,41511
103,수원신갈,2014-03,5종,26214
103,수원신갈,2014-03,6종,143730
104,지곡,2014-03,1종,32574
104,지곡,2014-03,2종,1535
104,지곡,2014-03,3종,2173
104,지곡,2014-03,4종,1968
104,지곡,2014-03,5종,2751
104,지곡,2014-03,6종,1390
105,기흥,2014-03,1종,412665
105,기흥,2014-03,2종,26995
105,기흥,2014-03,3종,16568
105,기흥,2014-03,4종,10894
105,기흥,2014-03,5종,10573
105,기흥,2014-03,6종,22770
106,오산,2014-03,1종,1118568
106,오산,2014-03,2종,92300
106,오산,2014-03,3종,102121
106,오산,2014-03,4종,45123
106,오산,2014-03,5종,31512
106,오산,2014-03,6종,75849
107,안성,2014-03,1종,824408
107,안성,2014-03,2종,34039
107,안성,2014-03,3종,56131
107,안성,2014-03,4종,16962
107,안성,2014-03,5종,13403
107,안성,2014-03,6종,53995
108,천안,2014-03,1종,1452613
108,천안,2014-03,2종,48366
108,천안,2014-03,3종,110121
108,천안,2014-03,4종,38227
108,천안,2014-03,5종,31404
108,천안,2014-03,6종,74292
109,계룡,2014-03,1종,129299
109,계룡,2014-03,2종,9895
109,계룡,2014-03,3종,11718
109,계룡,2014-03,4종,8138
109,계룡,2014-03,5종,5031
109,계룡,2014-03,6종,8498
110,독립기념관,2014-03,1종,324582
110,독립기념관,2014-03,2종,21740
110,독립기념관,2014-03,3종,26419
110,독립기념관,2014-03,4종,29506
110,독립기념관,2014-03,5종,18299
110,독립기념관,2014-03,6종,14594
111,청주,2014-03,1종,479263
111,청주,2014-03,2종,20769
111,청주,2014-03,3종,48606
111,청주,2014-03,4종,14685
111,청주,2014-03,5종,20013
111,청주,2014-03,6종,24221
112,남청주,2014-03,1종,490800
112,남청주,2014-03,2종,41987
112,남청주,2014-03,3종,41365
112,남청주,2014-03,4종,43370
112,남청주,2014-03,5종,35706
112,남청주,2014-03,6종,22370
113,신탄진,2014-03,1종,754946
113,신탄진,2014-03,2종,46001
113,신탄진,2014-03,3종,35299
113,신탄진,2014-03,4종,58623
113,신탄진,2014-03,5종,49480
113,신탄진,2014-03,6종,41215
114,남대전,2014-03,1종,286075
114,남대전,2014-03,2종,12630
114,남대전,2014-03,3종,10417
114,남대전,2014-03,4종,5305
114,남대전,2014-03,5종,10227
114,남대전,2014-03,6종,14925
115,대전,2014-03,1종,1305100
115,대전,2014-03,2종,40306
115,대전,2014-03,3종,82624
115,대전,2014-03,4종,16247
115,대전,2014-03,5종,14362
115,대전,2014-03,6종,71407
116,옥천,2014-03,1종,377321
116,옥천,2014-03,2종,23327
116,옥천,2014-03,3종,19012
116,옥천,2014-03,4종,33844
116,옥천,2014-03,5종,19023
116,옥천,2014-03,6종,21202
117,금강,2014-03,1종,37822
117,금강,2014-03,2종,1792
117,금강,2014-03,3종,1222
117,금강,2014-03,4종,3194
117,금강,2014-03,5종,999
117,금강,2014-03,6종,2225
118,영동,2014-03,1종,82250
118,영동,2014-03,2종,5580
118,영동,2014-03,3종,4549
118,영동,2014-03,4종,3117
118,영동,2014-03,5종,5767
118,영동,2014-03,6종,3774
119,판암,2014-03,1종,458159
119,판암,2014-03,2종,16091
119,판암,2014-03,3종,10435
119,판암,2014-03,4종,6801
119,판암,2014-03,5종,6246
119,판암,2014-03,6종,27343
120,황간,2014-03,1종,63843
120,황간,2014-03,2종,2838
120,황간,2014-03,3종,3992
120,황간,2014-03,4종,4138
120,황간,2014-03,5종,5936
120,황간,2014-03,6종,2528
121,추풍령,2014-03,1종,37819
121,추풍령,2014-03,2종,1238
121,추풍령,2014-03,3종,1601
121,추풍령,2014-03,4종,1071
121,추풍령,2014-03,5종,1428
121,추풍령,2014-03,6종,1681
122,김천,2014-03,1종,216592
122,김천,2014-03,2종,8313
122,김천,2014-03,3종,10889
122,김천,2014-03,4종,10121
122,김천,2014-03,5종,8871
122,김천,2014-03,6종,10206
123,구미,2014-03,1종,764234
123,구미,2014-03,2종,20971
123,구미,2014-03,3종,36603
123,구미,2014-03,4종,19491
123,구미,2014-03,5종,15483
123,구미,2014-03,6종,39088
124,상주,2014-03,1종,112840
124,상주,2014-03,2종,6559
124,상주,2014-03,3종,6029
124,상주,2014-03,4종,7623
124,상주,2014-03,5종,8515
124,상주,2014-03,6종,3887
125,남구미,2014-03,1종,552126
125,남구미,2014-03,2종,23600
125,남구미,2014-03,3종,33125
125,남구미,2014-03,4종,22218
125,남구미,2014-03,5종,40488
125,남구미,2014-03,6종,32150
126,왜관,2014-03,1종,619076
126,왜관,2014-03,2종,51071
126,왜관,2014-03,3종,30072
126,왜관,2014-03,4종,24268
126,왜관,2014-03,5종,33656
126,왜관,2014-03,6종,29783
127,서대구,2014-03,1종,1896576
127,서대구,2014-03,2종,96731
127,서대구,2014-03,3종,101761
127,서대구,2014-03,4종,50716
127,서대구,2014-03,5종,60672
127,서대구,2014-03,6종,87444
128,금왕꽃동네,2014-03,1종,56181
128,금왕꽃동네,2014-03,2종,6611
128,금왕꽃동네,2014-03,3종,6069
128,금왕꽃동네,2014-03,4종,4516
128,금왕꽃동네,2014-03,5종,7032
128,금왕꽃동네,2014-03,6종,2512
129,북대구,2014-03,1종,1735596
129,북대구,2014-03,2종,63789
129,북대구,2014-03,3종,52911
129,북대구,2014-03,4종,23959
129,북대구,2014-03,5종,28164
129,북대구,2014-03,6종,77362
130,동김천,2014-03,1종,107089
130,동김천,2014-03,2종,5229
130,동김천,2014-03,3종,7244
130,동김천,2014-03,4종,7009
130,동김천,2014-03,5종,12174
130,동김천,2014-03,6종,4347
131,경산,2014-03,1종,854837
131,경산,2014-03,2종,80423
131,경산,2014-03,3종,56350
131,경산,2014-03,4종,43187
131,경산,2014-03,5종,39060
131,경산,2014-03,6종,48169
132,영천,2014-03,1종,388732
132,영천,2014-03,2종,26064
132,영천,2014-03,3종,28506
132,영천,2014-03,4종,22794
132,영천,2014-03,5종,44920
132,영천,2014-03,6종,15726
133,서경주,2014-03,1종,157135
133,서경주,2014-03,2종,8586
133,서경주,2014-03,3종,11810
133,서경주,2014-03,4종,9369
133,서경주,2014-03,5종,27216
133,서경주,2014-03,6종,5194
134,선산,2014-03,1종,81468
134,선산,2014-03,2종,5003
134,선산,2014-03,3종,5274
134,선산,2014-03,4종,6581
134,선산,2014-03,5종,5028
134,선산,2014-03,6종,3062
135,경주,2014-03,1종,847158
135,경주,2014-03,2종,43761
135,경주,2014-03,3종,78685
135,경주,2014-03,4종,42405
135,경주,2014-03,5종,103113
135,경주,2014-03,6종,32589
136,음성,2014-03,1종,98966
136,음성,2014-03,2종,6699
136,음성,2014-03,3종,7212
136,음성,2014-03,4종,5436
136,음성,2014-03,5종,6306
136,음성,2014-03,6종,4162
137,통도사,2014-03,1종,279019
137,통도사,2014-03,2종,16237
137,통도사,2014-03,3종,16212
137,통도사,2014-03,4종,12284
137,통도사,2014-03,5종,18818
137,통도사,2014-03,6종,14654
138,양산,2014-03,1종,656919
138,양산,2014-03,2종,74292
138,양산,2014-03,3종,43302
138,양산,2014-03,4종,46642
138,양산,2014-03,5종,56584
138,양산,2014-03,6종,36965
139,서울산,2014-03,1종,434735
139,서울산,2014-03,2종,25510
139,서울산,2014-03,3종,31114
139,서울산,2014-03,4종,13786
139,서울산,2014-03,5종,24832
139,서울산,2014-03,6종,23793
140,부산,2014-03,1종,1522316
140,부산,2014-03,2종,61706
140,부산,2014-03,3종,48424
140,부산,2014-03,4종,34307
140,부산,2014-03,5종,60485
140,부산,2014-03,6종,87584
142,군북,2014-03,1종,320620
142,군북,2014-03,2종,14229
142,군북,2014-03,3종,14447
142,군북,2014-03,4종,9380
142,군북,2014-03,5종,17923
142,군북,2014-03,6종,20701
143,장지,2014-03,1종,109536
143,장지,2014-03,2종,6667
143,장지,2014-03,3종,4926
143,장지,2014-03,4종,3619
143,장지,2014-03,5종,16456
143,장지,2014-03,6종,6372
144,함안,2014-03,1종,242524
144,함안,2014-03,2종,13335
144,함안,2014-03,3종,10396
144,함안,2014-03,4종,7893
144,함안,2014-03,5종,17901
144,함안,2014-03,6종,16182
145,산인,2014-03,1종,718353
145,산인,2014-03,2종,20198
145,산인,2014-03,3종,32966
145,산인,2014-03,4종,13447
145,산인,2014-03,5종,23493
145,산인,2014-03,6종,42387
146,동창원,2014-03,1종,548424
146,동창원,2014-03,2종,29870
146,동창원,2014-03,3종,23104
146,동창원,2014-03,4종,18001
146,동창원,2014-03,5종,28880
146,동창원,2014-03,6종,38164
147,진례,2014-03,1종,436694
147,진례,2014-03,2종,35373
147,진례,2014-03,3종,21704
147,진례,2014-03,4종,18748
147,진례,2014-03,5종,28264
147,진례,2014-03,6종,30275
148,서김해,2014-03,1종,638140
148,서김해,2014-03,2종,22688
148,서김해,2014-03,3종,16332
148,서김해,2014-03,4종,10184
148,서김해,2014-03,5종,15470
148,서김해,2014-03,6종,45676
149,동김해,2014-03,1종,1115720
149,동김해,2014-03,2종,34611
149,동김해,2014-03,3종,27338
149,동김해,2014-03,4종,11829
149,동김해,2014-03,5종,14837
149,동김해,2014-03,6종,87851
150,북부산,2014-03,1종,2318255
150,북부산,2014-03,2종,68431
150,북부산,2014-03,3종,74420
150,북부산,2014-03,4종,40955
150,북부산,2014-03,5종,91339
150,북부산,2014-03,6종,154601
151,북대전,2014-03,1종,685791
151,북대전,2014-03,2종,18400
151,북대전,2014-03,3종,29714
151,북대전,2014-03,4종,18223
151,북대전,2014-03,5종,15382
151,북대전,2014-03,6종,39331
152,유성,2014-03,1종,1027650
152,유성,2014-03,2종,25227
152,유성,2014-03,3종,38536
152,유성,2014-03,4종,16979
152,유성,2014-03,5종,14039
152,유성,2014-03,6종,49754
153,서대전,2014-03,1종,650689
153,서대전,2014-03,2종,21180
153,서대전,2014-03,3종,18439
153,서대전,2014-03,4종,16128
153,서대전,2014-03,5종,20811
153,서대전,2014-03,6종,38731
154,안영,2014-03,1종,406718
154,안영,2014-03,2종,16290
154,안영,2014-03,3종,11249
154,안영,2014-03,4종,7052
154,안영,2014-03,5종,15619
154,안영,2014-03,6종,22075
155,논산,2014-03,1종,205100
155,논산,2014-03,2종,16700
155,논산,2014-03,3종,16014
155,논산,2014-03,4종,12433
155,논산,2014-03,5종,12871
155,논산,2014-03,6종,9290
156,익산,2014-03,1종,274579
156,익산,2014-03,2종,22937
156,익산,2014-03,3종,29242
156,익산,2014-03,4종,19104
156,익산,2014-03,5종,28042
156,익산,2014-03,6종,9134
157,삼례,2014-03,1종,109466
157,삼례,2014-03,2종,8258
157,삼례,2014-03,3종,8224
157,삼례,2014-03,4종,6302
157,삼례,2014-03,5종,10925
157,삼례,2014-03,6종,3539
158,전주,2014-03,1종,434678
158,전주,2014-03,2종,21286
158,전주,2014-03,3종,48935
158,전주,2014-03,4종,20484
158,전주,2014-03,5종,41218
158,전주,2014-03,6종,13096
159,서전주,2014-03,1종,261445
159,서전주,2014-03,2종,12365
159,서전주,2014-03,3종,11981
159,서전주,2014-03,4종,7271
159,서전주,2014-03,5종,8364
159,서전주,2014-03,6종,7727
160,김제,2014-03,1종,112390
160,김제,2014-03,2종,6744
160,김제,2014-03,3종,8102
160,김제,2014-03,4종,3786
160,김제,2014-03,5종,5531
160,김제,2014-03,6종,3531
161,금산사,2014-03,1종,33137
161,금산사,2014-03,2종,2222
161,금산사,2014-03,3종,1931
161,금산사,2014-03,4종,784
161,금산사,2014-03,5종,1845
161,금산사,2014-03,6종,979
162,태인,2014-03,1종,75727
162,태인,2014-03,2종,5641
162,태인,2014-03,3종,8656
162,태인,2014-03,4종,4668
162,태인,2014-03,5종,6490
162,태인,2014-03,6종,2228
163,정읍,2014-03,1종,232337
163,정읍,2014-03,2종,15970
163,정읍,2014-03,3종,21781
163,정읍,2014-03,4종,11344
163,정읍,2014-03,5종,10330
163,정읍,2014-03,6종,7365
164,무주,2014-03,1종,120131
164,무주,2014-03,2종,3689
164,무주,2014-03,3종,5582
164,무주,2014-03,4종,2304
164,무주,2014-03,5종,2617
164,무주,2014-03,6종,4788
165,백양사,2014-03,1종,63712
165,백양사,2014-03,2종,1996
165,백양사,2014-03,3종,3552
165,백양사,2014-03,4종,1598
165,백양사,2014-03,5종,1495
165,백양사,2014-03,6종,1645
166,장성,2014-03,1종,138904
166,장성,2014-03,2종,11871
166,장성,2014-03,3종,15140
166,장성,2014-03,4종,10705
166,장성,2014-03,5종,12834
166,장성,2014-03,6종,5041
167,광주,2014-03,1종,948580
167,광주,2014-03,2종,38809
167,광주,2014-03,3종,79289
167,광주,2014-03,4종,43552
167,광주,2014-03,5종,30994
167,광주,2014-03,6종,29053
168,덕유산,2014-03,1종,44916
168,덕유산,2014-03,2종,1171
168,덕유산,2014-03,3종,1242
168,덕유산,2014-03,4종,689
168,덕유산,2014-03,5종,1547
168,덕유산,2014-03,6종,1474
169,장수,2014-03,1종,95279
169,장수,2014-03,2종,3850
169,장수,2014-03,3종,4361
169,장수,2014-03,4종,2139
169,장수,2014-03,5종,2776
169,장수,2014-03,6종,3496
170,서상,2014-03,1종,41268
170,서상,2014-03,2종,2414
170,서상,2014-03,3종,4349
170,서상,2014-03,4종,3705
170,서상,2014-03,5종,2996
170,서상,2014-03,6종,1619
171,마성,2014-03,1종,347407
171,마성,2014-03,2종,5370
171,마성,2014-03,3종,18189
171,마성,2014-03,4종,1479
171,마성,2014-03,5종,888
171,마성,2014-03,6종,20030
172,용인,2014-03,1종,841273
172,용인,2014-03,2종,60168
172,용인,2014-03,3종,34605
172,용인,2014-03,4종,20718
172,용인,2014-03,5종,14137
172,용인,2014-03,6종,61209
173,양지,2014-03,1종,797501
173,양지,2014-03,2종,88488
173,양지,2014-03,3종,63207
173,양지,2014-03,4종,51060
173,양지,2014-03,5종,40755
173,양지,2014-03,6종,49309
174,춘천,2014-03,1종,665518
174,춘천,2014-03,2종,18485
174,춘천,2014-03,3종,26264
174,춘천,2014-03,4종,7560
174,춘천,2014-03,5종,7364
174,춘천,2014-03,6종,42900
175,덕평,2014-03,1종,300470
175,덕평,2014-03,2종,42152
175,덕평,2014-03,3종,24318
175,덕평,2014-03,4종,18812
175,덕평,2014-03,5종,10388
175,덕평,2014-03,6종,18497
176,이천,2014-03,1종,584337
176,이천,2014-03,2종,41703
176,이천,2014-03,3종,49881
176,이천,2014-03,4종,44550
176,이천,2014-03,5종,33855
176,이천,2014-03,6종,30541
177,여주,2014-03,1종,387145
177,여주,2014-03,2종,18828
177,여주,2014-03,3종,41300
177,여주,2014-03,4종,21328
177,여주,2014-03,5종,12298
177,여주,2014-03,6종,16829
178,문막,2014-03,1종,323699
178,문막,2014-03,2종,21498
178,문막,2014-03,3종,36380
178,문막,2014-03,4종,13277
178,문막,2014-03,5종,17111
178,문막,2014-03,6종,15134
179,홍천,2014-03,1종,272342
179,홍천,2014-03,2종,9912
179,홍천,2014-03,3종,15056
179,홍천,2014-03,4종,6560
179,홍천,2014-03,5종,5976
179,홍천,2014-03,6종,20049
180,원주,2014-03,1종,239549
180,원주,2014-03,2종,14408
180,원주,2014-03,3종,18536
180,원주,2014-03,4종,8426
180,원주,2014-03,5종,9244
180,원주,2014-03,6종,12338
181,새말,2014-03,1종,170651
181,새말,2014-03,2종,7273
181,새말,2014-03,3종,10740
181,새말,2014-03,4종,4439
181,새말,2014-03,5종,5749
181,새말,2014-03,6종,6670
182,둔내,2014-03,1종,92565
182,둔내,2014-03,2종,3407
182,둔내,2014-03,3종,5065
182,둔내,2014-03,4종,1876
182,둔내,2014-03,5종,1219
182,둔내,2014-03,6종,4488
183,면온,2014-03,1종,61691
183,면온,2014-03,2종,1304
183,면온,2014-03,3종,2567
183,면온,2014-03,4종,984
183,면온,2014-03,5종,1476
183,면온,2014-03,6종,2768
184,대관령,2014-03,1종,171715
184,대관령,2014-03,2종,4205
184,대관령,2014-03,3종,14386
184,대관령,2014-03,4종,998
184,대관령,2014-03,5종,1758
184,대관령,2014-03,6종,7856
185,평창,2014-03,1종,93435
185,평창,2014-03,2종,3912
185,평창,2014-03,3종,12270
185,평창,2014-03,4종,1841
185,평창,2014-03,5종,3300
185,평창,2014-03,6종,4684
186,속사,2014-03,1종,26316
186,속사,2014-03,2종,994
186,속사,2014-03,3종,1275
186,속사,2014-03,4종,547
186,속사,2014-03,5종,636
186,속사,2014-03,6종,1076
187,진부,2014-03,1종,106472
187,진부,2014-03,2종,3744
187,진부,2014-03,3종,10386
187,진부,2014-03,4종,1664
187,진부,2014-03,5종,2433
187,진부,2014-03,6종,5285
188,서충주,2014-03,1종,82360
188,서충주,2014-03,2종,5660
188,서충주,2014-03,3종,7646
188,서충주,2014-03,4종,5356
188,서충주,2014-03,5종,8095
188,서충주,2014-03,6종,3391
189,강릉,2014-03,1종,437141
189,강릉,2014-03,2종,13147
189,강릉,2014-03,3종,40013
189,강릉,2014-03,4종,8939
189,강릉,2014-03,5종,10578
189,강릉,2014-03,6종,21848
190,동서울,2014-03,1종,3218741
190,동서울,2014-03,2종,185062
190,동서울,2014-03,3종,220708
190,동서울,2014-03,4종,96314
190,동서울,2014-03,5종,63427
190,동서울,2014-03,6종,156243
191,경기광주,2014-03,1종,771263
191,경기광주,2014-03,2종,44769
191,경기광주,2014-03,3종,31921
191,경기광주,2014-03,4종,10668
191,경기광주,2014-03,5종,6145
191,경기광주,2014-03,6종,54376
192,곤지암,2014-03,1종,756872
192,곤지암,2014-03,2종,69840
192,곤지암,2014-03,3종,44805
192,곤지암,2014-03,4종,34391
192,곤지암,2014-03,5종,19699
192,곤지암,2014-03,6종,44359
193,일죽,2014-03,1종,428885
193,일죽,2014-03,2종,36600
193,일죽,2014-03,3종,37224
193,일죽,2014-03,4종,26761
193,일죽,2014-03,5종,16218
193,일죽,2014-03,6종,17897
194,서이천,2014-03,1종,508622
194,서이천,2014-03,2종,64397
194,서이천,2014-03,3종,47561
194,서이천,2014-03,4종,33784
194,서이천,2014-03,5종,13321
194,서이천,2014-03,6종,29767
195,대소,2014-03,1종,290335
195,대소,2014-03,2종,40633
195,대소,2014-03,3종,39708
195,대소,2014-03,4종,30943
195,대소,2014-03,5종,21549
195,대소,2014-03,6종,13447
196,진천,2014-03,1종,249404
196,진천,2014-03,2종,18773
196,진천,2014-03,3종,20472
196,진천,2014-03,4종,17622
196,진천,2014-03,5종,18888
196,진천,2014-03,6종,10407
197,증평,2014-03,1종,367392
197,증평,2014-03,2종,24081
197,증평,2014-03,3종,25302
197,증평,2014-03,4종,17321
197,증평,2014-03,5종,19091
197,증평,2014-03,6종,15507
198,서청주,2014-03,1종,796746
198,서청주,2014-03,2종,34739
198,서청주,2014-03,3종,44560
198,서청주,2014-03,4종,28452
198,서청주,2014-03,5종,21702
198,서청주,2014-03,6종,41056
199,오창,2014-03,1종,509832
199,오창,2014-03,2종,22456
199,오창,2014-03,3종,30007
199,오창,2014-03,4종,18599
199,오창,2014-03,5종,17233
199,오창,2014-03,6종,26340
200,금산,2014-03,1종,129279
200,금산,2014-03,2종,4170
200,금산,2014-03,3종,6562
200,금산,2014-03,4종,4525
200,금산,2014-03,5종,7155
200,금산,2014-03,6종,5736
201,칠곡,2014-03,1종,580116
201,칠곡,2014-03,2종,24819
201,칠곡,2014-03,3종,20662
201,칠곡,2014-03,4종,8064
201,칠곡,2014-03,5종,14712
201,칠곡,2014-03,6종,30776
202,다부,2014-03,1종,116172
202,다부,2014-03,2종,8074
202,다부,2014-03,3종,5418
202,다부,2014-03,4종,2760
202,다부,2014-03,5종,5772
202,다부,2014-03,6종,4777
203,가산,2014-03,1종,505472
203,가산,2014-03,2종,22610
203,가산,2014-03,3종,20251
203,가산,2014-03,4종,13776
203,가산,2014-03,5종,32727
203,가산,2014-03,6종,22555
204,추부,2014-03,1종,164363
204,추부,2014-03,2종,8462
204,추부,2014-03,3종,9890
204,추부,2014-03,4종,5302
204,추부,2014-03,5종,5114
204,추부,2014-03,6종,9298
205,군위,2014-03,1종,137524
205,군위,2014-03,2종,6109
205,군위,2014-03,3종,4043
205,군위,2014-03,4종,3060
205,군위,2014-03,5종,10526
205,군위,2014-03,6종,6224
206,의성,2014-03,1종,157272
206,의성,2014-03,2종,4971
206,의성,2014-03,3종,4585
206,의성,2014-03,4종,2020
206,의성,2014-03,5종,4115
206,의성,2014-03,6종,5476
207,남안동,2014-03,1종,256592
207,남안동,2014-03,2종,8500
207,남안동,2014-03,3종,6382
207,남안동,2014-03,4종,4565
207,남안동,2014-03,5종,7053
207,남안동,2014-03,6종,9466
208,서안동,2014-03,1종,170287
208,서안동,2014-03,2종,6454
208,서안동,2014-03,3종,15980
208,서안동,2014-03,4종,3571
208,서안동,2014-03,5종,6925
208,서안동,2014-03,6종,6058
209,예천,2014-03,1종,22929
209,예천,2014-03,2종,556
209,예천,2014-03,3종,503
209,예천,2014-03,4종,226
209,예천,2014-03,5종,491
209,예천,2014-03,6종,835
210,영주,2014-03,1종,116883
210,영주,2014-03,2종,5088
210,영주,2014-03,3종,7372
210,영주,2014-03,4종,3283
210,영주,2014-03,5종,11635
210,영주,2014-03,6종,4324
211,풍기,2014-03,1종,168835
211,풍기,2014-03,2종,5892
211,풍기,2014-03,3종,13631
211,풍기,2014-03,4종,3679
211,풍기,2014-03,5종,7223
211,풍기,2014-03,6종,5966
212,북수원,2014-03,1종,1234001
212,북수원,2014-03,2종,42423
212,북수원,2014-03,3종,56637
212,북수원,2014-03,4종,28789
212,북수원,2014-03,5종,16125
212,북수원,2014-03,6종,78045
213,부곡,2014-03,1종,378974
213,부곡,2014-03,2종,11199
213,부곡,2014-03,3종,9017
213,부곡,2014-03,4종,14550
213,부곡,2014-03,5종,69398
213,부곡,2014-03,6종,27246
214,동군포,2014-03,1종,196544
214,동군포,2014-03,2종,22837
214,동군포,2014-03,3종,13174
214,동군포,2014-03,4종,27020
214,동군포,2014-03,5종,16055
214,동군포,2014-03,6종,15185
215,군포,2014-03,1종,1004812
215,군포,2014-03,2종,52182
215,군포,2014-03,3종,42231
215,군포,2014-03,4종,19170
215,군포,2014-03,5종,27241
215,군포,2014-03,6종,80401
216,횡성,2014-03,1종,165815
216,횡성,2014-03,2종,6971
216,횡성,2014-03,3종,8422
216,횡성,2014-03,4종,4097
216,횡성,2014-03,5종,7265
216,횡성,2014-03,6종,8304
217,북원주,2014-03,1종,70396
217,북원주,2014-03,2종,5830
217,북원주,2014-03,3종,4061
217,북원주,2014-03,4종,2180
217,북원주,2014-03,5종,3382
217,북원주,2014-03,6종,5009
218,남원주,2014-03,1종,516117
218,남원주,2014-03,2종,16229
218,남원주,2014-03,3종,29295
218,남원주,2014-03,4종,7359
218,남원주,2014-03,5종,9359
218,남원주,2014-03,6종,26854
219,신림,2014-03,1종,83372
219,신림,2014-03,2종,2815
219,신림,2014-03,3종,3318
219,신림,2014-03,4종,2766
219,신림,2014-03,5종,6475
219,신림,2014-03,6종,3420
220,덕평휴게소,2014-03,1종,4091
220,덕평휴게소,2014-03,2종,127
220,덕평휴게소,2014-03,3종,47
220,덕평휴게소,2014-03,4종,0
220,덕평휴게소,2014-03,5종,0
220,덕평휴게소,2014-03,6종,349
221,생초,2014-03,1종,52495
221,생초,2014-03,2종,2356
221,생초,2014-03,3종,2809
221,생초,2014-03,4종,1936
221,생초,2014-03,5종,7564
221,생초,2014-03,6종,1954
222,산청,2014-03,1종,48698
222,산청,2014-03,2종,1826
222,산청,2014-03,3종,2487
222,산청,2014-03,4종,1190
222,산청,2014-03,5종,1622
222,산청,2014-03,6종,1981
223,단성,2014-03,1종,89710
223,단성,2014-03,2종,3318
223,단성,2014-03,3종,6556
223,단성,2014-03,4종,3578
223,단성,2014-03,5종,3857
223,단성,2014-03,6종,3643
224,함양,2014-03,1종,92874
224,함양,2014-03,2종,3544
224,함양,2014-03,3종,7355
224,함양,2014-03,4종,1607
224,함양,2014-03,5종,3256
224,함양,2014-03,6종,4638
225,서진주,2014-03,1종,295188
225,서진주,2014-03,2종,8021
225,서진주,2014-03,3종,6224
225,서진주,2014-03,4종,3331
225,서진주,2014-03,5종,4554
225,서진주,2014-03,6종,18391
227,군산,2014-03,1종,258894
227,군산,2014-03,2종,8610
227,군산,2014-03,3종,17641
227,군산,2014-03,4종,13545
227,군산,2014-03,5종,35143
227,군산,2014-03,6종,7712
228,동군산,2014-03,1종,238064
228,동군산,2014-03,2종,9565
228,동군산,2014-03,3종,14718
228,동군산,2014-03,4종,8685
228,동군산,2014-03,5종,21643
228,동군산,2014-03,6종,6611
229,북천안,2014-03,1종,323863
229,북천안,2014-03,2종,27610
229,북천안,2014-03,3종,32332
229,북천안,2014-03,4종,38366
229,북천안,2014-03,5종,40473
229,북천안,2014-03,6종,18541
230,팔공산,2014-03,1종,630962
230,팔공산,2014-03,2종,25486
230,팔공산,2014-03,3종,13949
230,팔공산,2014-03,4종,8476
230,팔공산,2014-03,5종,10752
230,팔공산,2014-03,6종,30036
231,화원옥포,2014-03,1종,652772
231,화원옥포,2014-03,2종,37249
231,화원옥포,2014-03,3종,23457
231,화원옥포,2014-03,4종,10700
231,화원옥포,2014-03,5종,15154
231,화원옥포,2014-03,6종,34663
232,달성,2014-03,1종,413703
232,달성,2014-03,2종,23642
232,달성,2014-03,3종,25024
232,달성,2014-03,4종,7146
232,달성,2014-03,5종,6768
232,달성,2014-03,6종,27757
233,현풍,2014-03,1종,463056
233,현풍,2014-03,2종,35722
233,현풍,2014-03,3종,28981
233,현풍,2014-03,4종,19610
233,현풍,2014-03,5종,38291
233,현풍,2014-03,6종,22438
234,서천,2014-03,1종,112475
234,서천,2014-03,2종,4070
234,서천,2014-03,3종,4762
234,서천,2014-03,4종,5036
234,서천,2014-03,5종,5757
234,서천,2014-03,6종,3881
235,창녕,2014-03,1종,154220
235,창녕,2014-03,2종,6996
235,창녕,2014-03,3종,8570
235,창녕,2014-03,4종,3246
235,창녕,2014-03,5종,8704
235,창녕,2014-03,6종,7933
236,영산,2014-03,1종,142821
236,영산,2014-03,2종,9942
236,영산,2014-03,3종,10698
236,영산,2014-03,4종,7094
236,영산,2014-03,5종,9683
236,영산,2014-03,6종,6663
237,남지,2014-03,1종,128610
237,남지,2014-03,2종,7888
237,남지,2014-03,3종,12081
237,남지,2014-03,4종,7611
237,남지,2014-03,5종,13529
237,남지,2014-03,6종,9558
238,칠서,2014-03,1종,223093
238,칠서,2014-03,2종,28101
238,칠서,2014-03,3종,15136
238,칠서,2014-03,4종,20607
238,칠서,2014-03,5종,35189
238,칠서,2014-03,6종,13860
239,칠원,2014-03,1종,553740
239,칠원,2014-03,2종,26822
239,칠원,2014-03,3종,46303
239,칠원,2014-03,4종,33581
239,칠원,2014-03,5종,35896
239,칠원,2014-03,6종,28217
240,제천,2014-03,1종,432925
240,제천,2014-03,2종,12690
240,제천,2014-03,3종,24593
240,제천,2014-03,4종,11296
240,제천,2014-03,5종,20844
240,제천,2014-03,6종,19052
241,동고령,2014-03,1종,269226
241,동고령,2014-03,2종,17744
241,동고령,2014-03,3종,16738
241,동고령,2014-03,4종,11596
241,동고령,2014-03,5종,16405
241,동고령,2014-03,6종,12410
242,고령,2014-03,1종,190483
242,고령,2014-03,2종,11178
242,고령,2014-03,3종,10028
242,고령,2014-03,4종,5778
242,고령,2014-03,5종,16757
242,고령,2014-03,6종,7995
243,해인사,2014-03,1종,90424
243,해인사,2014-03,2종,2868
243,해인사,2014-03,3종,2424
243,해인사,2014-03,4종,1026
243,해인사,2014-03,5종,951
243,해인사,2014-03,6종,3973
244,서부산,2014-03,1종,2017063
244,서부산,2014-03,2종,71218
244,서부산,2014-03,3종,96544
244,서부산,2014-03,4종,57022
244,서부산,2014-03,5종,182600
244,서부산,2014-03,6종,127006
245,장유,2014-03,1종,1282584
245,장유,2014-03,2종,40756
245,장유,2014-03,3종,51890
245,장유,2014-03,4종,21036
245,장유,2014-03,5종,28811
245,장유,2014-03,6종,93315
246,가락,2014-03,1종,760177
246,가락,2014-03,2종,34850
246,가락,2014-03,3종,30510
246,가락,2014-03,4종,47242
246,가락,2014-03,5종,195677
246,가락,2014-03,6종,51582
247,남원,2014-03,1종,146949
247,남원,2014-03,2종,6300
247,남원,2014-03,3종,8700
247,남원,2014-03,4종,2586
247,남원,2014-03,5종,9117
247,남원,2014-03,6종,5733
248,순창,2014-03,1종,119474
248,순창,2014-03,2종,3902
248,순창,2014-03,3종,4301
248,순창,2014-03,4종,2452
248,순창,2014-03,5종,3159
248,순창,2014-03,6종,4792
249,담양,2014-03,1종,139126
249,담양,2014-03,2종,3769
249,담양,2014-03,3종,13158
249,담양,2014-03,4종,2343
249,담양,2014-03,5종,5409
249,담양,2014-03,6종,4839
250,남양산,2014-03,1종,1018104
250,남양산,2014-03,2종,49612
250,남양산,2014-03,3종,40914
250,남양산,2014-03,4종,24751
250,남양산,2014-03,5종,31383
250,남양산,2014-03,6종,76073
251,물금,2014-03,1종,466139
251,물금,2014-03,2종,49609
251,물금,2014-03,3종,21431
251,물금,2014-03,4종,35363
251,물금,2014-03,5종,69257
251,물금,2014-03,6종,33292
252,대동,2014-03,1종,2353491
252,대동,2014-03,2종,169151
252,대동,2014-03,3종,127095
252,대동,2014-03,4종,109576
252,대동,2014-03,5종,302510
252,대동,2014-03,6종,123684
253,서서울,2014-03,1종,5023493
253,서서울,2014-03,2종,210595
253,서서울,2014-03,3종,159740
253,서서울,2014-03,4종,126610
253,서서울,2014-03,5종,127999
253,서서울,2014-03,6종,311517
254,군자,2014-03,1종,2395210
254,군자,2014-03,2종,119190
254,군자,2014-03,3종,111498
254,군자,2014-03,4종,81760
254,군자,2014-03,5종,155482
254,군자,2014-03,6종,175800
255,서안산,2014-03,1종,1805878
255,서안산,2014-03,2종,106866
255,서안산,2014-03,3종,64486
255,서안산,2014-03,4종,52112
255,서안산,2014-03,5종,56369
255,서안산,2014-03,6종,141841
256,안산,2014-03,1종,922322
256,안산,2014-03,2종,28216
256,안산,2014-03,3종,27020
256,안산,2014-03,4종,12784
256,안산,2014-03,5종,15085
256,안산,2014-03,6종,71313
257,홍성,2014-03,1종,223678
257,홍성,2014-03,2종,5369
257,홍성,2014-03,3종,8341
257,홍성,2014-03,4종,3285
257,홍성,2014-03,5종,4459
257,홍성,2014-03,6종,7848
258,광천,2014-03,1종,121485
258,광천,2014-03,2종,6007
258,광천,2014-03,3종,7411
258,광천,2014-03,4종,6114
258,광천,2014-03,5종,13851
258,광천,2014-03,6종,4381
259,대천,2014-03,1종,221288
259,대천,2014-03,2종,6333
259,대천,2014-03,3종,10321
259,대천,2014-03,4종,3520
259,대천,2014-03,5종,4662
259,대천,2014-03,6종,8282
260,춘장대,2014-03,1종,74255
260,춘장대,2014-03,2종,1341
260,춘장대,2014-03,3종,2008
260,춘장대,2014-03,4종,1437
260,춘장대,2014-03,5종,1503
260,춘장대,2014-03,6종,2169
261,동광주,2014-03,1종,1036458
261,동광주,2014-03,2종,31576
261,동광주,2014-03,3종,61982
261,동광주,2014-03,4종,22872
261,동광주,2014-03,5종,47796
261,동광주,2014-03,6종,33898
262,창평,2014-03,1종,84731
262,창평,2014-03,2종,4640
262,창평,2014-03,3종,3589
262,창평,2014-03,4종,2271
262,창평,2014-03,5종,2056
262,창평,2014-03,6종,2829
263,옥과,2014-03,1종,193880
263,옥과,2014-03,2종,4626
263,옥과,2014-03,3종,10509
263,옥과,2014-03,4종,3444
263,옥과,2014-03,5종,6172
263,옥과,2014-03,6종,8145
264,동남원,2014-03,1종,40346
264,동남원,2014-03,2종,1886
264,동남원,2014-03,3종,2248
264,동남원,2014-03,4종,1232
264,동남원,2014-03,5종,2879
264,동남원,2014-03,6종,1445
265,곡성,2014-03,1종,160118
265,곡성,2014-03,2종,4430
265,곡성,2014-03,3종,5157
265,곡성,2014-03,4종,2107
265,곡성,2014-03,5종,7378
265,곡성,2014-03,6종,6193
266,석곡,2014-03,1종,44950
266,석곡,2014-03,2종,1465
266,석곡,2014-03,3종,2283
266,석곡,2014-03,4종,868
266,석곡,2014-03,5종,1771
266,석곡,2014-03,6종,1504
267,주암송광사,2014-03,1종,113240
267,주암송광사,2014-03,2종,3760
267,주암송광사,2014-03,3종,3584
267,주암송광사,2014-03,4종,2968
267,주암송광사,2014-03,5종,4263
267,주암송광사,2014-03,6종,3427
268,승주,2014-03,1종,63909
268,승주,2014-03,2종,1289
268,승주,2014-03,3종,1944
268,승주,2014-03,4종,1066
268,승주,2014-03,5종,1615
268,승주,2014-03,6종,3191
269,지리산,2014-03,1종,46187
269,지리산,2014-03,2종,1891
269,지리산,2014-03,3종,2365
269,지리산,2014-03,4종,1437
269,지리산,2014-03,5종,3370
269,지리산,2014-03,6종,1680
270,서순천,2014-03,1종,152170
270,서순천,2014-03,2종,6068
270,서순천,2014-03,3종,10933
270,서순천,2014-03,4종,2587
270,서순천,2014-03,5종,4528
270,서순천,2014-03,6종,5555
271,순천,2014-03,1종,534711
271,순천,2014-03,2종,16113
271,순천,2014-03,3종,16397
271,순천,2014-03,4종,9508
271,순천,2014-03,5종,34734
271,순천,2014-03,6종,18675
272,광양,2014-03,1종,289305
272,광양,2014-03,2종,10924
272,광양,2014-03,3종,25328
272,광양,2014-03,4종,14430
272,광양,2014-03,5종,55947
272,광양,2014-03,6종,9921
273,동광양,2014-03,1종,139965
273,동광양,2014-03,2종,2836
273,동광양,2014-03,3종,3186
273,동광양,2014-03,4종,3858
273,동광양,2014-03,5종,24495
273,동광양,2014-03,6종,6474
274,가조,2014-03,1종,54322
274,가조,2014-03,2종,2466
274,가조,2014-03,3종,3050
274,가조,2014-03,4종,1522
274,가조,2014-03,5종,1175
274,가조,2014-03,6종,3590
275,옥곡,2014-03,1종,202094
275,옥곡,2014-03,2종,7226
275,옥곡,2014-03,3종,8662
275,옥곡,2014-03,4종,8952
275,옥곡,2014-03,5종,38229
275,옥곡,2014-03,6종,7686
276,진월,2014-03,1종,90260
276,진월,2014-03,2종,2701
276,진월,2014-03,3종,2117
276,진월,2014-03,4종,6629
276,진월,2014-03,5종,45997
276,진월,2014-03,6종,3549
277,하동,2014-03,1종,272197
277,하동,2014-03,2종,6176
277,하동,2014-03,3종,11383
277,하동,2014-03,4종,9687
277,하동,2014-03,5종,39586
277,하동,2014-03,6종,12053
278,진교,2014-03,1종,159625
278,진교,2014-03,2종,4680
278,진교,2014-03,3종,14149
278,진교,2014-03,4종,1495
278,진교,2014-03,5종,3222
278,진교,2014-03,6종,9336
279,곤양,2014-03,1종,125764
279,곤양,2014-03,2종,4300
279,곤양,2014-03,3종,6821
279,곤양,2014-03,4종,3056
279,곤양,2014-03,5종,9236
279,곤양,2014-03,6종,5742
280,거창,2014-03,1종,152341
280,거창,2014-03,2종,7428
280,거창,2014-03,3종,13930
280,거창,2014-03,4종,3297
280,거창,2014-03,5종,4289
280,거창,2014-03,6종,8238
281,매송,2014-03,1종,491644
281,매송,2014-03,2종,26809
281,매송,2014-03,3종,24991
281,매송,2014-03,4종,12196
281,매송,2014-03,5종,17529
281,매송,2014-03,6종,28563
282,비봉,2014-03,1종,728788
282,비봉,2014-03,2종,46446
282,비봉,2014-03,3종,31404
282,비봉,2014-03,4종,19140
282,비봉,2014-03,5종,32211
282,비봉,2014-03,6종,46398
283,발안,2014-03,1종,445739
283,발안,2014-03,2종,32406
283,발안,2014-03,3종,18284
283,발안,2014-03,4종,17590
283,발안,2014-03,5종,19743
283,발안,2014-03,6종,27549
284,남양양,2014-03,1종,45192
284,남양양,2014-03,2종,1432
284,남양양,2014-03,3종,2590
284,남양양,2014-03,4종,875
284,남양양,2014-03,5종,1152
284,남양양,2014-03,6종,1582
285,서평택,2014-03,1종,608953
285,서평택,2014-03,2종,47133
285,서평택,2014-03,3종,49984
285,서평택,2014-03,4종,68881
285,서평택,2014-03,5종,120158
285,서평택,2014-03,6종,34765
286,통도사휴게소,2014-03,1종,28905
286,통도사휴게소,2014-03,2종,210
286,통도사휴게소,2014-03,3종,1767
286,통도사휴게소,2014-03,4종,0
286,통도사휴게소,2014-03,5종,0
286,통도사휴게소,2014-03,6종,1235
287,송악,2014-03,1종,448846
287,송악,2014-03,2종,22239
287,송악,2014-03,3종,20324
287,송악,2014-03,4종,23929
287,송악,2014-03,5종,112330
287,송악,2014-03,6종,20986
288,당진,2014-03,1종,415858
288,당진,2014-03,2종,16349
288,당진,2014-03,3종,27197
288,당진,2014-03,4종,16225
288,당진,2014-03,5종,46801
288,당진,2014-03,6종,18908
289,마산,2014-03,1종,839545
289,마산,2014-03,2종,31709
289,마산,2014-03,3종,40324
289,마산,2014-03,4종,14733
289,마산,2014-03,5종,24686
289,마산,2014-03,6종,57782
290,축동,2014-03,1종,48909
290,축동,2014-03,2종,2679
290,축동,2014-03,3종,1536
290,축동,2014-03,4종,5960
290,축동,2014-03,5종,9270
290,축동,2014-03,6종,2696
291,사천,2014-03,1종,643764
291,사천,2014-03,2종,29964
291,사천,2014-03,3종,32110
291,사천,2014-03,4종,17971
291,사천,2014-03,5종,28433
291,사천,2014-03,6종,41993
292,진주,2014-03,1종,674390
292,진주,2014-03,2종,24117
292,진주,2014-03,3종,51553
292,진주,2014-03,4종,15113
292,진주,2014-03,5종,33313
292,진주,2014-03,6종,44874
293,문산,2014-03,1종,305432
293,문산,2014-03,2종,13037
293,문산,2014-03,3종,8105
293,문산,2014-03,4종,9602
293,문산,2014-03,5종,9472
293,문산,2014-03,6종,18858
294,북창원,2014-03,1종,225669
294,북창원,2014-03,2종,9169
294,북창원,2014-03,3종,6045
294,북창원,2014-03,4종,6801
294,북창원,2014-03,5종,7895
294,북창원,2014-03,6종,10638
295,진성,2014-03,1종,134605
295,진성,2014-03,2종,9570
295,진성,2014-03,3종,5918
295,진성,2014-03,4종,5407
295,진성,2014-03,5종,13674
295,진성,2014-03,6종,6880
296,지수,2014-03,1종,49998
296,지수,2014-03,2종,2981
296,지수,2014-03,3종,1784
296,지수,2014-03,4종,1242
296,지수,2014-03,5종,4167
296,지수,2014-03,6종,3568
298,서산,2014-03,1종,485625
298,서산,2014-03,2종,17342
298,서산,2014-03,3종,32484
298,서산,2014-03,4종,23142
298,서산,2014-03,5종,40942
298,서산,2014-03,6종,19129
299,해미,2014-03,1종,136560
299,해미,2014-03,2종,5356
299,해미,2014-03,3종,9219
299,해미,2014-03,4종,5283
299,해미,2014-03,5종,11236
299,해미,2014-03,6종,5320
500,남여주,2014-03,1종,134877
500,남여주,2014-03,2종,5768
500,남여주,2014-03,3종,8291
500,남여주,2014-03,4종,6452
500,남여주,2014-03,5종,11298
500,남여주,2014-03,6종,5749
501,서김제,2014-03,1종,50789
501,서김제,2014-03,2종,2982
501,서김제,2014-03,3종,3830
501,서김제,2014-03,4종,2213
501,서김제,2014-03,5종,2863
501,서김제,2014-03,6종,1251
502,부안,2014-03,1종,93564
502,부안,2014-03,2종,4337
502,부안,2014-03,3종,7982
502,부안,2014-03,4종,2468
502,부안,2014-03,5종,4303
502,부안,2014-03,6종,2584
503,줄포,2014-03,1종,65774
503,줄포,2014-03,2종,1999
503,줄포,2014-03,3종,2950
503,줄포,2014-03,4종,734
503,줄포,2014-03,5종,870
503,줄포,2014-03,6종,1403
504,선운산,2014-03,1종,104210
504,선운산,2014-03,2종,3972
504,선운산,2014-03,3종,8979
504,선운산,2014-03,4종,7164
504,선운산,2014-03,5종,5326
504,선운산,2014-03,6종,2846
505,고창,2014-03,1종,80494
505,고창,2014-03,2종,3640
505,고창,2014-03,3종,3752
505,고창,2014-03,4종,1545
505,고창,2014-03,5종,1429
505,고창,2014-03,6종,2226
506,영광,2014-03,1종,73289
506,영광,2014-03,2종,2716
506,영광,2014-03,3종,6074
506,영광,2014-03,4종,1913
506,영광,2014-03,5종,2299
506,영광,2014-03,6종,1826
507,함평,2014-03,1종,53603
507,함평,2014-03,2종,2774
507,함평,2014-03,3종,5634
507,함평,2014-03,4종,2948
507,함평,2014-03,5종,5636
507,함평,2014-03,6종,1504
508,무안,2014-03,1종,182181
508,무안,2014-03,2종,4893
508,무안,2014-03,3종,7399
508,무안,2014-03,4종,4393
508,무안,2014-03,5종,5624
508,무안,2014-03,6종,5792
509,목포,2014-03,1종,719500
509,목포,2014-03,2종,20526
509,목포,2014-03,3종,41121
509,목포,2014-03,4종,27298
509,목포,2014-03,5종,42629
509,목포,2014-03,6종,19810
510,양양,2014-03,1종,65456
510,양양,2014-03,2종,2338
510,양양,2014-03,3종,3056
510,양양,2014-03,4종,1617
510,양양,2014-03,5종,2085
510,양양,2014-03,6종,2705
511,무창포,2014-03,1종,88260
511,무창포,2014-03,2종,2624
511,무창포,2014-03,3종,3165
511,무창포,2014-03,4종,1527
511,무창포,2014-03,5종,3886
511,무창포,2014-03,6종,2631
512,연화산,2014-03,1종,39023
512,연화산,2014-03,2종,1414
512,연화산,2014-03,3종,1169
512,연화산,2014-03,4종,1817
512,연화산,2014-03,5종,2345
512,연화산,2014-03,6종,2712
513,고성,2014-03,1종,341567
513,고성,2014-03,2종,12342
513,고성,2014-03,3종,17414
513,고성,2014-03,4종,9846
513,고성,2014-03,5종,12116
513,고성,2014-03,6종,18240
514,동고성,2014-03,1종,85927
514,동고성,2014-03,2종,3863
514,동고성,2014-03,3종,5529
514,동고성,2014-03,4종,8919
514,동고성,2014-03,5종,11642
514,동고성,2014-03,6종,6212
515,북통영,2014-03,1종,144071
515,북통영,2014-03,2종,3912
515,북통영,2014-03,3종,11596
515,북통영,2014-03,4종,1707
515,북통영,2014-03,5종,1774
515,북통영,2014-03,6종,8411
516,통영,2014-03,1종,550098
516,통영,2014-03,2종,17850
516,통영,2014-03,3종,28153
516,통영,2014-03,4종,18646
516,통영,2014-03,5종,21140
516,통영,2014-03,6종,26873
517,양평,2014-03,1종,136675
517,양평,2014-03,2종,5808
517,양평,2014-03,3종,5179
517,양평,2014-03,4종,4147
517,양평,2014-03,5종,6531
517,양평,2014-03,6종,6077
518,칠곡물류,2014-03,1종,51611
518,칠곡물류,2014-03,2종,12597
518,칠곡물류,2014-03,3종,6411
518,칠곡물류,2014-03,4종,10765
518,칠곡물류,2014-03,5종,12064
518,칠곡물류,2014-03,6종,2289
519,남대구,2014-03,1종,1434017
519,남대구,2014-03,2종,65873
519,남대구,2014-03,3종,69816
519,남대구,2014-03,4종,23515
519,남대구,2014-03,5종,37735
519,남대구,2014-03,6종,75295
520,평택,2014-03,1종,566068
520,평택,2014-03,2종,34302
520,평택,2014-03,3종,45049
520,평택,2014-03,4종,21307
520,평택,2014-03,5종,29482
520,평택,2014-03,6종,33324
521,단양,2014-03,1종,55912
521,단양,2014-03,2종,1961
521,단양,2014-03,3종,3254
521,단양,2014-03,4종,1680
521,단양,2014-03,5종,9843
521,단양,2014-03,6종,2074
522,북단양,2014-03,1종,81775
522,북단양,2014-03,2종,2646
522,북단양,2014-03,3종,3420
522,북단양,2014-03,4종,9402
522,북단양,2014-03,5종,35143
522,북단양,2014-03,6종,2980
523,남제천,2014-03,1종,70679
523,남제천,2014-03,2종,1944
523,남제천,2014-03,3종,3170
523,남제천,2014-03,4종,1096
523,남제천,2014-03,5종,3271
523,남제천,2014-03,6종,2413
524,청통와촌,2014-03,1종,228490
524,청통와촌,2014-03,2종,12988
524,청통와촌,2014-03,3종,6742
524,청통와촌,2014-03,4종,4175
524,청통와촌,2014-03,5종,6536
524,청통와촌,2014-03,6종,9967
525,북영천,2014-03,1종,174455
525,북영천,2014-03,2종,7250
525,북영천,2014-03,3종,5440
525,북영천,2014-03,4종,3559
525,북영천,2014-03,5종,8769
525,북영천,2014-03,6종,5778
526,서포항,2014-03,1종,99332
526,서포항,2014-03,2종,2437
526,서포항,2014-03,3종,2381
526,서포항,2014-03,4종,927
526,서포항,2014-03,5종,3576
526,서포항,2014-03,6종,5884
527,포항,2014-03,1종,753336
527,포항,2014-03,2종,18999
527,포항,2014-03,3종,29350
527,포항,2014-03,4종,9551
527,포항,2014-03,5종,47268
527,포항,2014-03,6종,28949
528,기흥동탄,2014-03,1종,1110693
528,기흥동탄,2014-03,2종,29769
528,기흥동탄,2014-03,3종,74620
528,기흥동탄,2014-03,4종,22783
528,기흥동탄,2014-03,5종,19079
528,기흥동탄,2014-03,6종,68661
529,노포,2014-03,1종,211258
529,노포,2014-03,2종,13650
529,노포,2014-03,3종,40420
529,노포,2014-03,4종,5607
529,노포,2014-03,5종,8063
529,노포,2014-03,6종,11030
530,내장산,2014-03,1종,44515
530,내장산,2014-03,2종,1431
530,내장산,2014-03,3종,873
530,내장산,2014-03,4종,720
530,내장산,2014-03,5종,908
530,내장산,2014-03,6종,1770
531,문의청남대,2014-03,1종,171852
531,문의청남대,2014-03,2종,7562
531,문의청남대,2014-03,3종,8638
531,문의청남대,2014-03,4종,6880
531,문의청남대,2014-03,5종,8526
531,문의청남대,2014-03,6종,7038
532,회인,2014-03,1종,38778
532,회인,2014-03,2종,1168
532,회인,2014-03,3종,949
532,회인,2014-03,4종,1203
532,회인,2014-03,5종,1017
532,회인,2014-03,6종,1800
533,보은,2014-03,1종,113965
533,보은,2014-03,2종,5371
533,보은,2014-03,3종,4595
533,보은,2014-03,4종,3106
533,보은,2014-03,5종,3585
533,보은,2014-03,6종,4802
534,속리산,2014-03,1종,46621
534,속리산,2014-03,2종,2048
534,속리산,2014-03,3종,2542
534,속리산,2014-03,4종,1648
534,속리산,2014-03,5종,2129
534,속리산,2014-03,6종,1843
535,화서,2014-03,1종,42176
535,화서,2014-03,2종,1528
535,화서,2014-03,3종,1828
535,화서,2014-03,4종,1031
535,화서,2014-03,5종,1785
535,화서,2014-03,6종,1817
536,남상주,2014-03,1종,104580
536,남상주,2014-03,2종,4394
536,남상주,2014-03,3종,9124
536,남상주,2014-03,4종,4961
536,남상주,2014-03,5종,3784
536,남상주,2014-03,6종,4086
537,남김천,2014-03,1종,68026
537,남김천,2014-03,2종,5510
537,남김천,2014-03,3종,5357
537,남김천,2014-03,4종,5644
537,남김천,2014-03,5종,11484
537,남김천,2014-03,6종,2605
538,성주,2014-03,1종,67031
538,성주,2014-03,2종,6660
538,성주,2014-03,3종,5401
538,성주,2014-03,4종,5209
538,성주,2014-03,5종,5954
538,성주,2014-03,6종,2426
539,남성주,2014-03,1종,47672
539,남성주,2014-03,2종,6573
539,남성주,2014-03,3종,3507
539,남성주,2014-03,4종,4974
539,남성주,2014-03,5종,5993
539,남성주,2014-03,6종,1561
540,청북,2014-03,1종,390564
540,청북,2014-03,2종,43962
540,청북,2014-03,3종,42525
540,청북,2014-03,4종,32941
540,청북,2014-03,5종,41463
540,청북,2014-03,6종,23305
541,송탄,2014-03,1종,385170
541,송탄,2014-03,2종,34868
541,송탄,2014-03,3종,31886
541,송탄,2014-03,4종,30925
541,송탄,2014-03,5종,24599
541,송탄,2014-03,6종,21911
542,서안성,2014-03,1종,323374
542,서안성,2014-03,2종,32996
542,서안성,2014-03,3종,36432
542,서안성,2014-03,4종,30233
542,서안성,2014-03,5종,25801
542,서안성,2014-03,6종,15581
543,남안성,2014-03,1종,477703
543,남안성,2014-03,2종,52713
543,남안성,2014-03,3종,40012
543,남안성,2014-03,4종,36896
543,남안성,2014-03,5종,36658
543,남안성,2014-03,6종,27784
544,완주,2014-03,1종,151755
544,완주,2014-03,2종,7181
544,완주,2014-03,3종,8113
544,완주,2014-03,4종,7378
544,완주,2014-03,5종,12812
544,완주,2014-03,6종,5141
545,소양,2014-03,1종,129945
545,소양,2014-03,2종,4470
545,소양,2014-03,3종,8806
545,소양,2014-03,4종,2689
545,소양,2014-03,5종,5692
545,소양,2014-03,6종,4584
546,진안,2014-03,1종,51577
546,진안,2014-03,2종,2369
546,진안,2014-03,3종,2718
546,진안,2014-03,4종,1253
546,진안,2014-03,5종,1533
546,진안,2014-03,6종,1899
547,무안공항,2014-03,1종,24039
547,무안공항,2014-03,2종,616
547,무안공항,2014-03,3종,777
547,무안공항,2014-03,4종,193
547,무안공항,2014-03,5종,114
547,무안공항,2014-03,6종,558
548,북무안,2014-03,1종,92914
548,북무안,2014-03,2종,3538
548,북무안,2014-03,3종,4375
548,북무안,2014-03,4종,2840
548,북무안,2014-03,5종,3447
548,북무안,2014-03,6종,2100
549,동함평,2014-03,1종,150296
549,동함평,2014-03,2종,4184
549,동함평,2014-03,3종,5193
549,동함평,2014-03,4종,1702
549,동함평,2014-03,5종,2893
549,동함평,2014-03,6종,6817
550,문평,2014-03,1종,34522
550,문평,2014-03,2종,927
550,문평,2014-03,3종,1042
550,문평,2014-03,4종,503
550,문평,2014-03,5종,3843
550,문평,2014-03,6종,1295
551,나주,2014-03,1종,49772
551,나주,2014-03,2종,2183
551,나주,2014-03,3종,1322
551,나주,2014-03,4종,712
551,나주,2014-03,5종,1409
551,나주,2014-03,6종,2426
552,서광산,2014-03,1종,87555
552,서광산,2014-03,2종,4914
552,서광산,2014-03,3종,6005
552,서광산,2014-03,4종,2929
552,서광산,2014-03,5종,5906
552,서광산,2014-03,6종,2739
553,동광산,2014-03,1종,784954
553,동광산,2014-03,2종,17060
553,동광산,2014-03,3종,28647
553,동광산,2014-03,4종,10172
553,동광산,2014-03,5종,23753
553,동광산,2014-03,6종,26320
554,동홍천,2014-03,1종,334460
554,동홍천,2014-03,2종,4618
554,동홍천,2014-03,3종,16975
554,동홍천,2014-03,4종,2457
554,동홍천,2014-03,5종,2301
554,동홍천,2014-03,6종,13723
555,북진천,2014-03,1종,265848
555,북진천,2014-03,2종,31638
555,북진천,2014-03,3종,33646
555,북진천,2014-03,4종,24598
555,북진천,2014-03,5종,26315
555,북진천,2014-03,6종,12255
556,동순천,2014-03,1종,227364
556,동순천,2014-03,2종,6771
556,동순천,2014-03,3종,13692
556,동순천,2014-03,4종,11517
556,동순천,2014-03,5종,44251
556,동순천,2014-03,6종,6431
557,황전,2014-03,1종,77325
557,황전,2014-03,2종,2333
557,황전,2014-03,3종,1878
557,황전,2014-03,4종,1085
557,황전,2014-03,5종,3248
557,황전,2014-03,6종,3017
558,구례화엄사,2014-03,1종,162707
558,구례화엄사,2014-03,2종,3087
558,구례화엄사,2014-03,3종,9309
558,구례화엄사,2014-03,4종,2953
558,구례화엄사,2014-03,5종,5332
558,구례화엄사,2014-03,6종,4863
559,서남원,2014-03,1종,45472
559,서남원,2014-03,2종,2575
559,서남원,2014-03,3종,2758
559,서남원,2014-03,4종,2663
559,서남원,2014-03,5종,5959
559,서남원,2014-03,6종,1535
560,감곡,2014-03,1종,311446
560,감곡,2014-03,2종,16024
560,감곡,2014-03,3종,21377
560,감곡,2014-03,4종,20038
560,감곡,2014-03,5종,39916
560,감곡,2014-03,6종,11233
561,북충주,2014-03,1종,123664
561,북충주,2014-03,2종,3932
561,북충주,2014-03,3종,5494
561,북충주,2014-03,4종,7970
561,북충주,2014-03,5종,29473
561,북충주,2014-03,6종,3957
562,충주,2014-03,1종,229381
562,충주,2014-03,2종,8999
562,충주,2014-03,3종,19041
562,충주,2014-03,4종,10463
562,충주,2014-03,5종,10187
562,충주,2014-03,6종,8704
563,괴산,2014-03,1종,62277
563,괴산,2014-03,2종,2118
563,괴산,2014-03,3종,3588
563,괴산,2014-03,4종,2543
563,괴산,2014-03,5종,5871
563,괴산,2014-03,6종,2202
564,연풍,2014-03,1종,42428
564,연풍,2014-03,2종,3254
564,연풍,2014-03,3종,6614
564,연풍,2014-03,4종,5805
564,연풍,2014-03,5종,7468
564,연풍,2014-03,6종,1245
565,문경새재,2014-03,1종,72927
565,문경새재,2014-03,2종,3172
565,문경새재,2014-03,3종,5637
565,문경새재,2014-03,4종,4307
565,문경새재,2014-03,5종,3784
565,문경새재,2014-03,6종,2422
566,점촌함창,2014-03,1종,123521
566,점촌함창,2014-03,2종,4880
566,점촌함창,2014-03,3종,10413
566,점촌함창,2014-03,4종,5639
566,점촌함창,2014-03,5종,7562
566,점촌함창,2014-03,6종,4125
567,남고창,2014-03,1종,98153
567,남고창,2014-03,2종,3216
567,남고창,2014-03,3종,2510
567,남고창,2014-03,4종,1209
567,남고창,2014-03,5종,3548
567,남고창,2014-03,6종,3909
568,장성물류,2014-03,1종,32219
568,장성물류,2014-03,2종,7540
568,장성물류,2014-03,3종,3352
568,장성물류,2014-03,4종,6686
568,장성물류,2014-03,5종,8627
568,장성물류,2014-03,6종,883
569,북광주,2014-03,1종,279411
569,북광주,2014-03,2종,15424
569,북광주,2014-03,3종,13031
569,북광주,2014-03,4종,16050
569,북광주,2014-03,5종,22913
569,북광주,2014-03,6종,9261
570,북상주,2014-03,1종,107024
570,북상주,2014-03,2종,6731
570,북상주,2014-03,3종,11200
570,북상주,2014-03,4종,10639
570,북상주,2014-03,5종,8263
570,북상주,2014-03,6종,3660
571,면천,2014-03,1종,91707
571,면천,2014-03,2종,3678
571,면천,2014-03,3종,3656
571,면천,2014-03,4종,3885
571,면천,2014-03,5종,5697
571,면천,2014-03,6종,3759
572,고덕,2014-03,1종,117844
572,고덕,2014-03,2종,4365
572,고덕,2014-03,3종,6737
572,고덕,2014-03,4종,3440
572,고덕,2014-03,5종,6966
572,고덕,2014-03,6종,4442
573,예산수덕사,2014-03,1종,288299
573,예산수덕사,2014-03,2종,11329
573,예산수덕사,2014-03,3종,11911
573,예산수덕사,2014-03,4종,9705
573,예산수덕사,2014-03,5종,12073
573,예산수덕사,2014-03,6종,10556
574,신양,2014-03,1종,85073
574,신양,2014-03,2종,3377
574,신양,2014-03,3종,3315
574,신양,2014-03,4종,2502
574,신양,2014-03,5종,3041
574,신양,2014-03,6종,3138
575,유구,2014-03,1종,87720
575,유구,2014-03,2종,4788
575,유구,2014-03,3종,4446
575,유구,2014-03,4종,4562
575,유구,2014-03,5종,7372
575,유구,2014-03,6종,3290
576,마곡사,2014-03,1종,35042
576,마곡사,2014-03,2종,867
576,마곡사,2014-03,3종,1101
576,마곡사,2014-03,4종,757
576,마곡사,2014-03,5종,675
576,마곡사,2014-03,6종,1322
577,공주,2014-03,1종,170506
577,공주,2014-03,2종,6000
577,공주,2014-03,3종,6442
577,공주,2014-03,4종,2545
577,공주,2014-03,5종,4710
577,공주,2014-03,6종,7448
578,서세종,2014-03,1종,190890
578,서세종,2014-03,2종,12079
578,서세종,2014-03,3종,8379
578,서세종,2014-03,4종,6104
578,서세종,2014-03,5종,9124
578,서세종,2014-03,6종,7421
579,남세종,2014-03,1종,305244
579,남세종,2014-03,2종,7945
579,남세종,2014-03,3종,8252
579,남세종,2014-03,4종,4403
579,남세종,2014-03,5종,6740
579,남세종,2014-03,6종,14153
580,북강릉,2014-03,1종,166277
580,북강릉,2014-03,2종,5371
580,북강릉,2014-03,3종,7511
580,북강릉,2014-03,4종,1853
580,북강릉,2014-03,5종,3811
580,북강릉,2014-03,6종,7406
581,옥계,2014-03,1종,47530
581,옥계,2014-03,2종,1916
581,옥계,2014-03,3종,1926
581,옥계,2014-03,4종,3157
581,옥계,2014-03,5종,12645
581,옥계,2014-03,6종,3108
582,망상,2014-03,1종,99793
582,망상,2014-03,2종,3308
582,망상,2014-03,3종,13115
582,망상,2014-03,4종,1399
582,망상,2014-03,5종,1785
582,망상,2014-03,6종,5907
583,동해,2014-03,1종,293111
583,동해,2014-03,2종,10535
583,동해,2014-03,3종,12733
583,동해,2014-03,4종,8491
583,동해,2014-03,5종,22929
583,동해,2014-03,6종,13814
584,남강릉,2014-03,1종,104361
584,남강릉,2014-03,2종,6198
584,남강릉,2014-03,3종,9087
584,남강릉,2014-03,4종,3610
584,남강릉,2014-03,5종,3664
584,남강릉,2014-03,6종,6746
585,하조대,2014-03,1종,113478
585,하조대,2014-03,2종,4261
585,하조대,2014-03,3종,8495
585,하조대,2014-03,4종,2616
585,하조대,2014-03,5종,3161
585,하조대,2014-03,6종,4681
586,북남원,2014-03,1종,21165
586,북남원,2014-03,2종,858
586,북남원,2014-03,3종,607
586,북남원,2014-03,4종,401
586,북남원,2014-03,5종,2605
586,북남원,2014-03,6종,643
587,오수,2014-03,1종,146275
587,오수,2014-03,2종,4649
587,오수,2014-03,3종,8729
587,오수,2014-03,4종,3827
587,오수,2014-03,5종,6241
587,오수,2014-03,6종,4673
588,임실,2014-03,1종,43184
588,임실,2014-03,2종,2308
588,임실,2014-03,3종,2304
588,임실,2014-03,4종,1125
588,임실,2014-03,5종,3529
588,임실,2014-03,6종,1484
589,상관,2014-03,1종,143749
589,상관,2014-03,2종,4506
589,상관,2014-03,3종,8413
589,상관,2014-03,4종,4513
589,상관,2014-03,5종,25702
589,상관,2014-03,6종,4007
590,동전주,2014-03,1종,180895
590,동전주,2014-03,2종,3521
590,동전주,2014-03,3종,3430
590,동전주,2014-03,4종,1880
590,동전주,2014-03,5종,4808
590,동전주,2014-03,6종,6380
591,동서천,2014-03,1종,43665
591,동서천,2014-03,2종,1499
591,동서천,2014-03,3종,1924
591,동서천,2014-03,4종,1998
591,동서천,2014-03,5종,4214
591,동서천,2014-03,6종,1436
592,서부여,2014-03,1종,53217
592,서부여,2014-03,2종,2683
592,서부여,2014-03,3종,2236
592,서부여,2014-03,4종,1447
592,서부여,2014-03,5종,1910
592,서부여,2014-03,6종,1847
593,부여,2014-03,1종,75593
593,부여,2014-03,2종,2347
593,부여,2014-03,3종,3033
593,부여,2014-03,4종,2395
593,부여,2014-03,5종,3057
593,부여,2014-03,6종,2775
594,칠갑산,2014-03,1종,50660
594,칠갑산,2014-03,2종,1610
594,칠갑산,2014-03,3종,2516
594,칠갑산,2014-03,4종,1072
594,칠갑산,2014-03,5종,947
594,칠갑산,2014-03,6종,1712
595,서공주,2014-03,1종,56134
595,서공주,2014-03,2종,2955
595,서공주,2014-03,3종,2621
595,서공주,2014-03,4종,2174
595,서공주,2014-03,5종,3004
595,서공주,2014-03,6종,2032
597,서여주,2014-03,1종,113397
597,서여주,2014-03,2종,6764
597,서여주,2014-03,3종,5884
597,서여주,2014-03,4종,6165
597,서여주,2014-03,5종,6757
597,서여주,2014-03,6종,5779
598,북여주,2014-03,1종,68648
598,북여주,2014-03,2종,3256
598,북여주,2014-03,3종,2373
598,북여주,2014-03,4종,2370
598,북여주,2014-03,5종,5080
598,북여주,2014-03,6종,3301
599,양촌,2014-03,1종,24662
599,양촌,2014-03,2종,499
599,양촌,2014-03,3종,209
599,양촌,2014-03,4종,20
599,양촌,2014-03,5종,10
599,양촌,2014-03,6종,877
601,남천안,2014-03,1종,390559
601,남천안,2014-03,2종,28643
601,남천안,2014-03,3종,31868
601,남천안,2014-03,4종,28453
601,남천안,2014-03,5종,25366
601,남천안,2014-03,6종,15991
602,풍세상,2014-03,1종,1368432
602,풍세상,2014-03,2종,41400
602,풍세상,2014-03,3종,161160
602,풍세상,2014-03,4종,72850
602,풍세상,2014-03,5종,77374
602,풍세상,2014-03,6종,57564
603,정안,2014-03,1종,219419
603,정안,2014-03,2종,10535
603,정안,2014-03,3종,26788
603,정안,2014-03,4종,13202
603,정안,2014-03,5종,10660
603,정안,2014-03,6종,8058
604,남공주,2014-03,1종,69851
604,남공주,2014-03,2종,3081
604,남공주,2014-03,3종,3897
604,남공주,2014-03,4종,2613
604,남공주,2014-03,5종,4239
604,남공주,2014-03,6종,2538
605,탄천,2014-03,1종,24846
605,탄천,2014-03,2종,1690
605,탄천,2014-03,3종,1291
605,탄천,2014-03,4종,1386
605,탄천,2014-03,5종,1402
605,탄천,2014-03,6종,867
606,서논산,2014-03,1종,130390
606,서논산,2014-03,2종,6941
606,서논산,2014-03,3종,9863
606,서논산,2014-03,4종,7639
606,서논산,2014-03,5종,9460
606,서논산,2014-03,6종,4890
607,연무,2014-03,1종,57960
607,연무,2014-03,2종,2657
607,연무,2014-03,3종,2292
607,연무,2014-03,4종,1661
607,연무,2014-03,5종,2292
607,연무,2014-03,6종,1928
608,남논산하,2014-03,1종,824098
608,남논산하,2014-03,2종,24722
608,남논산하,2014-03,3종,112296
608,남논산하,2014-03,4종,38370
608,남논산하,2014-03,5종,58288
608,남논산하,2014-03,6종,30922
612,풍세하,2014-03,1종,1387476
612,풍세하,2014-03,2종,39808
612,풍세하,2014-03,3종,162964
612,풍세하,2014-03,4종,57284
612,풍세하,2014-03,5종,59776
612,풍세하,2014-03,6종,58336
618,남논산상,2014-03,1종,820808
618,남논산상,2014-03,2종,25812
618,남논산상,2014-03,3종,109020
618,남논산상,2014-03,4종,44350
618,남논산상,2014-03,5종,70108
618,남논산상,2014-03,6종,30632
621,동대구,2014-03,1종,832629
621,동대구,2014-03,2종,33125
621,동대구,2014-03,3종,40986
621,동대구,2014-03,4종,23395
621,동대구,2014-03,5종,28927
621,동대구,2014-03,6종,41837
622,대구,2014-03,1종,1048838
622,대구,2014-03,2종,47256
622,대구,2014-03,3종,61592
622,대구,2014-03,4종,48918
622,대구,2014-03,5종,89772
622,대구,2014-03,6종,56263
623,수성,2014-03,1종,736437
623,수성,2014-03,2종,20233
623,수성,2014-03,3종,14493
623,수성,2014-03,4종,7065
623,수성,2014-03,5종,8311
623,수성,2014-03,6종,34289
624,청도,2014-03,1종,215351
624,청도,2014-03,2종,9328
624,청도,2014-03,3종,6865
624,청도,2014-03,4종,5161
624,청도,2014-03,5종,6300
624,청도,2014-03,6종,10082
625,밀양,2014-03,1종,281472
625,밀양,2014-03,2종,14979
625,밀양,2014-03,3종,12338
625,밀양,2014-03,4종,9318
625,밀양,2014-03,5종,12463
625,밀양,2014-03,6종,12568
626,남밀양,2014-03,1종,357875
626,남밀양,2014-03,2종,21977
626,남밀양,2014-03,3종,19249
626,남밀양,2014-03,4종,15184
626,남밀양,2014-03,5종,14820
626,남밀양,2014-03,6종,20913
627,삼랑진,2014-03,1종,237295
627,삼랑진,2014-03,2종,10451
627,삼랑진,2014-03,3종,7547
627,삼랑진,2014-03,4종,5553
627,삼랑진,2014-03,5종,10494
627,삼랑진,2014-03,6종,14246
628,상동,2014-03,1종,243628
628,상동,2014-03,2종,25382
628,상동,2014-03,3종,14363
628,상동,2014-03,4종,14256
628,상동,2014-03,5종,23985
628,상동,2014-03,6종,14436
629,김해부산,2014-03,1종,1154260
629,김해부산,2014-03,2종,64450
629,김해부산,2014-03,3종,71708
629,김해부산,2014-03,4종,59162
629,김해부산,2014-03,5종,106868
629,김해부산,2014-03,6종,67262
641,울산,2014-03,1종,1183901
641,울산,2014-03,2종,54577
641,울산,2014-03,3종,75503
641,울산,2014-03,4종,50332
641,울산,2014-03,5종,130584
641,울산,2014-03,6종,57983
642,문수,2014-03,1종,118085
642,문수,2014-03,2종,5115
642,문수,2014-03,3종,4807
642,문수,2014-03,4종,6049
642,문수,2014-03,5종,7527
642,문수,2014-03,6종,6751
643,청량,2014-03,1종,559015
643,청량,2014-03,2종,14107
643,청량,2014-03,3종,15723
643,청량,2014-03,4종,21968
643,청량,2014-03,5종,80846
643,청량,2014-03,6종,34275
644,온양,2014-03,1종,188040
644,온양,2014-03,2종,4027
644,온양,2014-03,3종,2291
644,온양,2014-03,4종,3171
644,온양,2014-03,5종,12842
644,온양,2014-03,6종,12282
645,장안,2014-03,1종,345369
645,장안,2014-03,2종,7727
645,장안,2014-03,3종,5962
645,장안,2014-03,4종,6256
645,장안,2014-03,5종,14785
645,장안,2014-03,6종,22570
646,기장일광,2014-03,1종,258940
646,기장일광,2014-03,2종,3192
646,기장일광,2014-03,3종,3566
646,기장일광,2014-03,4종,2219
646,기장일광,2014-03,5종,4815
646,기장일광,2014-03,6종,15981
647,해운대송정,2014-03,1종,98410
647,해운대송정,2014-03,2종,1244
647,해운대송정,2014-03,3종,949
647,해운대송정,2014-03,4종,651
647,해운대송정,2014-03,5종,740
647,해운대송정,2014-03,6종,6381
648,해운대,2014-03,1종,773716
648,해운대,2014-03,2종,9237
648,해운대,2014-03,3종,9095
648,해운대,2014-03,4종,7517
648,해운대,2014-03,5종,37711
648,해운대,2014-03,6종,46182
651,남양주,2014-03,1종,1494711
651,남양주,2014-03,2종,38939
651,남양주,2014-03,3종,64821
651,남양주,2014-03,4종,15765
651,남양주,2014-03,5종,17459
651,남양주,2014-03,6종,87280
652,화도,2014-03,1종,813953
652,화도,2014-03,2종,32632
652,화도,2014-03,3종,31467
652,화도,2014-03,4종,12208
652,화도,2014-03,5종,14237
652,화도,2014-03,6종,62623
653,서종,2014-03,1종,155280
653,서종,2014-03,2종,1742
653,서종,2014-03,3종,906
653,서종,2014-03,4종,778
653,서종,2014-03,5종,1597
653,서종,2014-03,6종,10653
654,설악,2014-03,1종,181969
654,설악,2014-03,2종,3146
654,설악,2014-03,3종,5083
654,설악,2014-03,4종,1323
654,설악,2014-03,5종,1886
654,설악,2014-03,6종,9992
655,강촌,2014-03,1종,117905
655,강촌,2014-03,2종,2036
655,강촌,2014-03,3종,3607
655,강촌,2014-03,4종,1314
655,강촌,2014-03,5종,980
655,강촌,2014-03,6종,5258
656,남춘천,2014-03,1종,159838
656,남춘천,2014-03,2종,2838
656,남춘천,2014-03,3종,11183
656,남춘천,2014-03,4종,2051
656,남춘천,2014-03,5종,3499
656,남춘천,2014-03,6종,8195
657,동산,2014-03,1종,550030
657,동산,2014-03,2종,9958
657,동산,2014-03,3종,26764
657,동산,2014-03,4종,6160
657,동산,2014-03,5종,6662
657,동산,2014-03,6종,30460
658,조양,2014-03,1종,21540
658,조양,2014-03,2종,350
658,조양,2014-03,3종,737
658,조양,2014-03,4종,324
658,조양,2014-03,5종,462
658,조양,2014-03,6종,923
671,봉담,2014-03,1종,1192817
671,봉담,2014-03,2종,59589
671,봉담,2014-03,3종,43148
671,봉담,2014-03,4종,20998
671,봉담,2014-03,5종,25941
671,봉담,2014-03,6종,96251
672,정남,2014-03,1종,371798
672,정남,2014-03,2종,20435
672,정남,2014-03,3종,15409
672,정남,2014-03,4종,7298
672,정남,2014-03,5종,5225
672,정남,2014-03,6종,31316
673,북오산,2014-03,1종,745393
673,북오산,2014-03,2종,28755
673,북오산,2014-03,3종,25487
673,북오산,2014-03,4종,14451
673,북오산,2014-03,5종,11076
673,북오산,2014-03,6종,55851
674,,2014-03,1종,796410
674,,2014-03,2종,40116
674,,2014-03,3종,55797
674,,2014-03,4종,19006
674,,2014-03,5종,23014
674,,2014-03,6종,57724
675,서오산,2014-03,1종,702288
675,서오산,2014-03,2종,22175
675,서오산,2014-03,3종,17513
675,서오산,2014-03,4종,16436
675,서오산,2014-03,5종,11600
675,서오산,2014-03,6종,51416
676,향남,2014-03,1종,548467
676,향남,2014-03,2종,40412
676,향남,2014-03,3종,22874
676,향남,2014-03,4종,24390
676,향남,2014-03,5종,14135
676,향남,2014-03,6종,45208
677,북평택,2014-03,1종,854235
677,북평택,2014-03,2종,34874
677,북평택,2014-03,3종,45453
677,북평택,2014-03,4종,17361
677,북평택,2014-03,5종,30380
677,북평택,2014-03,6종,54920
681,장안본선,2014-03,1종,955538
681,장안본선,2014-03,2종,80280
681,장안본선,2014-03,3종,133328
681,장안본선,2014-03,4종,94000
681,장안본선,2014-03,5종,165190
681,장안본선,2014-03,6종,54876
682,조암,2014-03,1종,296525
682,조암,2014-03,2종,37704
682,조암,2014-03,3종,28775
682,조암,2014-03,4종,21012
682,조암,2014-03,5종,22583
682,조암,2014-03,6종,18662
683,송산마도,2014-03,1종,493686
683,송산마도,2014-03,2종,34663
683,송산마도,2014-03,3종,24978
683,송산마도,2014-03,4종,17970
683,송산마도,2014-03,5종,30551
683,송산마도,2014-03,6종,28267
684,남안산,2014-03,1종,656790
684,남안산,2014-03,2종,75049
684,남안산,2014-03,3종,56975
684,남안산,2014-03,4종,49535
684,남안산,2014-03,5종,66048
684,남안산,2014-03,6종,51348
685,서시흥,2014-03,1종,1161553
685,서시흥,2014-03,2종,78818
685,서시흥,2014-03,3종,113614
685,서시흥,2014-03,4종,71987
685,서시흥,2014-03,5종,145122
685,서시흥,2014-03,6종,71326
981,서영암,2014-03,1종,191793
981,서영암,2014-03,2종,4618
981,서영암,2014-03,3종,10135
981,서영암,2014-03,4종,6598
981,서영암,2014-03,5종,16900
981,서영암,2014-03,6종,5279
982,강진무위사,2014-03,1종,116310
982,강진무위사,2014-03,2종,3381
982,강진무위사,2014-03,3종,8051
982,강진무위사,2014-03,4종,4119
982,강진무위사,2014-03,5종,6183
982,강진무위사,2014-03,6종,3120
983,장흥,2014-03,1종,90302
983,장흥,2014-03,2종,1531
983,장흥,2014-03,3종,2564
983,장흥,2014-03,4종,897
983,장흥,2014-03,5종,1795
983,장흥,2014-03,6종,2504
984,보성,2014-03,1종,149181
984,보성,2014-03,2종,5250
984,보성,2014-03,3종,5986
984,보성,2014-03,4종,4485
984,보성,2014-03,5종,12458
984,보성,2014-03,6종,3864
985,벌교,2014-03,1종,111845
985,벌교,2014-03,2종,3775
985,벌교,2014-03,3종,3368
985,벌교,2014-03,4종,1893
985,벌교,2014-03,5종,4514
985,벌교,2014-03,6종,2829
986,고흥,2014-03,1종,128609
986,고흥,2014-03,2종,3195
986,고흥,2014-03,3종,5187
986,고흥,2014-03,4종,3637
986,고흥,2014-03,5종,10792
986,고흥,2014-03,6종,4050
987,남순천,2014-03,1종,370416
987,남순천,2014-03,2종,9745
987,남순천,2014-03,3종,19189
987,남순천,2014-03,4종,13970
987,남순천,2014-03,5종,39774
987,남순천,2014-03,6종,10615
11,인천,2014-04,1종,3487605
11,인천,2014-04,2종,117363
11,인천,2014-04,3종,86588
11,인천,2014-04,4종,57985
11,인천,2014-04,5종,113112
11,인천,2014-04,6종,329752
12,서영암(개),2014-04,1종,36731
12,서영암(개),2014-04,2종,713
12,서영암(개),2014-04,3종,1106
12,서영암(개),2014-04,4종,333
12,서영암(개),2014-04,5종,529
12,서영암(개),2014-04,6종,2208
13,순천만,2014-04,1종,102809
13,순천만,2014-04,2종,4804
13,순천만,2014-04,3종,6877
13,순천만,2014-04,4종,3037
13,순천만,2014-04,5종,10150
13,순천만,2014-04,6종,4603
53,남인천,2014-04,1종,1644286
53,남인천,2014-04,2종,44629
53,남인천,2014-04,3종,55825
53,남인천,2014-04,4종,20434
53,남인천,2014-04,5종,64357
53,남인천,2014-04,6종,143502
56,일로,2014-04,1종,38085
56,일로,2014-04,2종,1508
56,일로,2014-04,3종,1241
56,일로,2014-04,4종,705
56,일로,2014-04,5종,3653
56,일로,2014-04,6종,2202
61,성남,2014-04,1종,3829959
61,성남,2014-04,2종,163099
61,성남,2014-04,3종,159635
61,성남,2014-04,4종,79994
61,성남,2014-04,5종,94718
61,성남,2014-04,6종,273505
62,구리남양주,2014-04,1종,4933618
62,구리남양주,2014-04,2종,217138
62,구리남양주,2014-04,3종,198442
62,구리남양주,2014-04,4종,129571
62,구리남양주,2014-04,5종,121513
62,구리남양주,2014-04,6종,374431
63,토평,2014-04,1종,497138
63,토평,2014-04,2종,16633
63,토평,2014-04,3종,9380
63,토평,2014-04,4종,12532
63,토평,2014-04,5종,14685
63,토평,2014-04,6종,40141
64,청계,2014-04,1종,4471932
64,청계,2014-04,2종,155658
64,청계,2014-04,3종,156617
64,청계,2014-04,4종,48186
64,청계,2014-04,5종,87504
64,청계,2014-04,6종,351434
65,판교,2014-04,1종,2905362
65,판교,2014-04,2종,47922
65,판교,2014-04,3종,183871
65,판교,2014-04,4종,17461
65,판교,2014-04,5종,13939
65,판교,2014-04,6종,177316
66,하남,2014-04,1종,826350
66,하남,2014-04,2종,29792
66,하남,2014-04,3종,16926
66,하남,2014-04,4종,7723
66,하남,2014-04,5종,9469
66,하남,2014-04,6종,65770
67,시흥,2014-04,1종,3822534
67,시흥,2014-04,2종,147279
67,시흥,2014-04,3종,129149
67,시흥,2014-04,4종,69649
67,시흥,2014-04,5종,75346
67,시흥,2014-04,6종,304601
68,김포,2014-04,1종,4601900
68,김포,2014-04,2종,196538
68,김포,2014-04,3종,159468
68,김포,2014-04,4종,80358
68,김포,2014-04,5종,116526
68,김포,2014-04,6종,383842
69,대왕판교,2014-04,1종,208683
69,대왕판교,2014-04,2종,1705
69,대왕판교,2014-04,3종,244
69,대왕판교,2014-04,4종,20
69,대왕판교,2014-04,5종,12
69,대왕판교,2014-04,6종,12668
74,덕소삼패,2014-04,1종,296702
74,덕소삼패,2014-04,2종,9097
74,덕소삼패,2014-04,3종,4099
74,덕소삼패,2014-04,4종,11082
74,덕소삼패,2014-04,5종,14986
74,덕소삼패,2014-04,6종,24398
91,대동(개),2014-04,1종,137026
91,대동(개),2014-04,2종,9865
91,대동(개),2014-04,3종,5815
91,대동(개),2014-04,4종,21955
91,대동(개),2014-04,5종,11080
91,대동(개),2014-04,6종,9229
92,내서,2014-04,1종,219406
92,내서,2014-04,2종,8520
92,내서,2014-04,3종,11520
92,내서,2014-04,4종,3770
92,내서,2014-04,5종,7274
92,내서,2014-04,6종,21188
101,서울,2014-04,1종,5264787
101,서울,2014-04,2종,198812
101,서울,2014-04,3종,598308
101,서울,2014-04,4종,98099
101,서울,2014-04,5종,59991
101,서울,2014-04,6종,262725
102,동수원,2014-04,1종,2082598
102,동수원,2014-04,2종,40919
102,동수원,2014-04,3종,91358
102,동수원,2014-04,4종,19273
102,동수원,2014-04,5종,17917
102,동수원,2014-04,6종,135924
103,수원신갈,2014-04,1종,2426769
103,수원신갈,2014-04,2종,99365
103,수원신갈,2014-04,3종,165388
103,수원신갈,2014-04,4종,40695
103,수원신갈,2014-04,5종,26638
103,수원신갈,2014-04,6종,141171
104,지곡,2014-04,1종,33743
104,지곡,2014-04,2종,1455
104,지곡,2014-04,3종,2170
104,지곡,2014-04,4종,1962
104,지곡,2014-04,5종,2726
104,지곡,2014-04,6종,1389
105,기흥,2014-04,1종,427644
105,기흥,2014-04,2종,26566
105,기흥,2014-04,3종,17177
105,기흥,2014-04,4종,10835
105,기흥,2014-04,5종,11552
105,기흥,2014-04,6종,23065
106,오산,2014-04,1종,1117160
106,오산,2014-04,2종,95252
106,오산,2014-04,3종,103957
106,오산,2014-04,4종,46144
106,오산,2014-04,5종,32976
106,오산,2014-04,6종,75544
107,안성,2014-04,1종,814199
107,안성,2014-04,2종,34135
107,안성,2014-04,3종,56051
107,안성,2014-04,4종,16899
107,안성,2014-04,5종,12755
107,안성,2014-04,6종,53589
108,천안,2014-04,1종,1407634
108,천안,2014-04,2종,49210
108,천안,2014-04,3종,112580
108,천안,2014-04,4종,39213
108,천안,2014-04,5종,33171
108,천안,2014-04,6종,72802
109,계룡,2014-04,1종,128941
109,계룡,2014-04,2종,9990
109,계룡,2014-04,3종,11936
109,계룡,2014-04,4종,8135
109,계룡,2014-04,5종,4339
109,계룡,2014-04,6종,8307
110,독립기념관,2014-04,1종,320386
110,독립기념관,2014-04,2종,22416
110,독립기념관,2014-04,3종,28906
110,독립기념관,2014-04,4종,28867
110,독립기념관,2014-04,5종,18417
110,독립기념관,2014-04,6종,14417
111,청주,2014-04,1종,462980
111,청주,2014-04,2종,21440
111,청주,2014-04,3종,48542
111,청주,2014-04,4종,14995
111,청주,2014-04,5종,20253
111,청주,2014-04,6종,23666
112,남청주,2014-04,1종,497245
112,남청주,2014-04,2종,43880
112,남청주,2014-04,3종,42754
112,남청주,2014-04,4종,45017
112,남청주,2014-04,5종,38217
112,남청주,2014-04,6종,22770
113,신탄진,2014-04,1종,752489
113,신탄진,2014-04,2종,47245
113,신탄진,2014-04,3종,36894
113,신탄진,2014-04,4종,59638
113,신탄진,2014-04,5종,51432
113,신탄진,2014-04,6종,41428
114,남대전,2014-04,1종,297238
114,남대전,2014-04,2종,13086
114,남대전,2014-04,3종,11553
114,남대전,2014-04,4종,5709
114,남대전,2014-04,5종,9385
114,남대전,2014-04,6종,15407
115,대전,2014-04,1종,1300445
115,대전,2014-04,2종,41874
115,대전,2014-04,3종,83400
115,대전,2014-04,4종,16940
115,대전,2014-04,5종,15382
115,대전,2014-04,6종,70864
116,옥천,2014-04,1종,376055
116,옥천,2014-04,2종,23803
116,옥천,2014-04,3종,20139
116,옥천,2014-04,4종,34675
116,옥천,2014-04,5종,20724
116,옥천,2014-04,6종,20924
117,금강,2014-04,1종,42617
117,금강,2014-04,2종,2006
117,금강,2014-04,3종,1411
117,금강,2014-04,4종,3345
117,금강,2014-04,5종,975
117,금강,2014-04,6종,2316
118,영동,2014-04,1종,85895
118,영동,2014-04,2종,5731
118,영동,2014-04,3종,4976
118,영동,2014-04,4종,3133
118,영동,2014-04,5종,6147
118,영동,2014-04,6종,3789
119,판암,2014-04,1종,466288
119,판암,2014-04,2종,16811
119,판암,2014-04,3종,11548
119,판암,2014-04,4종,6380
119,판암,2014-04,5종,5985
119,판암,2014-04,6종,27653
120,황간,2014-04,1종,68334
120,황간,2014-04,2종,3132
120,황간,2014-04,3종,4331
120,황간,2014-04,4종,4299
120,황간,2014-04,5종,5822
120,황간,2014-04,6종,2546
121,추풍령,2014-04,1종,38744
121,추풍령,2014-04,2종,1363
121,추풍령,2014-04,3종,2003
121,추풍령,2014-04,4종,1143
121,추풍령,2014-04,5종,1360
121,추풍령,2014-04,6종,1747
122,김천,2014-04,1종,210986
122,김천,2014-04,2종,8565
122,김천,2014-04,3종,11761
122,김천,2014-04,4종,9503
122,김천,2014-04,5종,8688
122,김천,2014-04,6종,9731
123,구미,2014-04,1종,753955
123,구미,2014-04,2종,21544
123,구미,2014-04,3종,38871
123,구미,2014-04,4종,20135
123,구미,2014-04,5종,18322
123,구미,2014-04,6종,38759
124,상주,2014-04,1종,113299
124,상주,2014-04,2종,6865
124,상주,2014-04,3종,6414
124,상주,2014-04,4종,6920
124,상주,2014-04,5종,8142
124,상주,2014-04,6종,3850
125,남구미,2014-04,1종,534229
125,남구미,2014-04,2종,23931
125,남구미,2014-04,3종,34444
125,남구미,2014-04,4종,23171
125,남구미,2014-04,5종,41738
125,남구미,2014-04,6종,30492
126,왜관,2014-04,1종,625647
126,왜관,2014-04,2종,52345
126,왜관,2014-04,3종,30734
126,왜관,2014-04,4종,25097
126,왜관,2014-04,5종,33981
126,왜관,2014-04,6종,30331
127,서대구,2014-04,1종,1883838
127,서대구,2014-04,2종,98845
127,서대구,2014-04,3종,106320
127,서대구,2014-04,4종,51881
127,서대구,2014-04,5종,62741
127,서대구,2014-04,6종,87415
128,금왕꽃동네,2014-04,1종,62600
128,금왕꽃동네,2014-04,2종,7442
128,금왕꽃동네,2014-04,3종,7100
128,금왕꽃동네,2014-04,4종,5220
128,금왕꽃동네,2014-04,5종,7924
128,금왕꽃동네,2014-04,6종,2551
129,북대구,2014-04,1종,1728717
129,북대구,2014-04,2종,64598
129,북대구,2014-04,3종,57221
129,북대구,2014-04,4종,24579
129,북대구,2014-04,5종,27929
129,북대구,2014-04,6종,76521
130,동김천,2014-04,1종,113041
130,동김천,2014-04,2종,5500
130,동김천,2014-04,3종,7868
130,동김천,2014-04,4종,7229
130,동김천,2014-04,5종,11236
130,동김천,2014-04,6종,4213
131,경산,2014-04,1종,835523
131,경산,2014-04,2종,81441
131,경산,2014-04,3종,57858
131,경산,2014-04,4종,43728
131,경산,2014-04,5종,40484
131,경산,2014-04,6종,47896
132,영천,2014-04,1종,391207
132,영천,2014-04,2종,26793
132,영천,2014-04,3종,29570
132,영천,2014-04,4종,23953
132,영천,2014-04,5종,46341
132,영천,2014-04,6종,15580
133,서경주,2014-04,1종,164625
133,서경주,2014-04,2종,8829
133,서경주,2014-04,3종,13988
133,서경주,2014-04,4종,10136
133,서경주,2014-04,5종,27567
133,서경주,2014-04,6종,5583
134,선산,2014-04,1종,83416
134,선산,2014-04,2종,5268
134,선산,2014-04,3종,5583
134,선산,2014-04,4종,6874
134,선산,2014-04,5종,7435
134,선산,2014-04,6종,2959
135,경주,2014-04,1종,887080
135,경주,2014-04,2종,45475
135,경주,2014-04,3종,83774
135,경주,2014-04,4종,43902
135,경주,2014-04,5종,101326
135,경주,2014-04,6종,33805
136,음성,2014-04,1종,105565
136,음성,2014-04,2종,6961
136,음성,2014-04,3종,7906
136,음성,2014-04,4종,5974
136,음성,2014-04,5종,6518
136,음성,2014-04,6종,4253
137,통도사,2014-04,1종,273078
137,통도사,2014-04,2종,16731
137,통도사,2014-04,3종,17467
137,통도사,2014-04,4종,12313
137,통도사,2014-04,5종,18832
137,통도사,2014-04,6종,14358
138,양산,2014-04,1종,652439
138,양산,2014-04,2종,75071
138,양산,2014-04,3종,44983
138,양산,2014-04,4종,46403
138,양산,2014-04,5종,58007
138,양산,2014-04,6종,37131
139,서울산,2014-04,1종,439440
139,서울산,2014-04,2종,25837
139,서울산,2014-04,3종,32582
139,서울산,2014-04,4종,14053
139,서울산,2014-04,5종,25929
139,서울산,2014-04,6종,23712
140,부산,2014-04,1종,1509649
140,부산,2014-04,2종,63140
140,부산,2014-04,3종,52056
140,부산,2014-04,4종,33873
140,부산,2014-04,5종,63446
140,부산,2014-04,6종,86946
142,군북,2014-04,1종,340102
142,군북,2014-04,2종,15099
142,군북,2014-04,3종,16525
142,군북,2014-04,4종,9781
142,군북,2014-04,5종,18863
142,군북,2014-04,6종,21192
143,장지,2014-04,1종,114590
143,장지,2014-04,2종,6983
143,장지,2014-04,3종,5177
143,장지,2014-04,4종,3776
143,장지,2014-04,5종,16273
143,장지,2014-04,6종,6736
144,함안,2014-04,1종,252411
144,함안,2014-04,2종,13716
144,함안,2014-04,3종,11025
144,함안,2014-04,4종,8265
144,함안,2014-04,5종,18530
144,함안,2014-04,6종,16361
145,산인,2014-04,1종,724736
145,산인,2014-04,2종,20373
145,산인,2014-04,3종,35852
145,산인,2014-04,4종,13570
145,산인,2014-04,5종,22761
145,산인,2014-04,6종,42038
146,동창원,2014-04,1종,542593
146,동창원,2014-04,2종,30591
146,동창원,2014-04,3종,25047
146,동창원,2014-04,4종,19142
146,동창원,2014-04,5종,29966
146,동창원,2014-04,6종,37741
147,진례,2014-04,1종,437099
147,진례,2014-04,2종,36344
147,진례,2014-04,3종,22217
147,진례,2014-04,4종,19187
147,진례,2014-04,5종,27424
147,진례,2014-04,6종,29446
148,서김해,2014-04,1종,640611
148,서김해,2014-04,2종,23677
148,서김해,2014-04,3종,18342
148,서김해,2014-04,4종,10724
148,서김해,2014-04,5종,16810
148,서김해,2014-04,6종,45236
149,동김해,2014-04,1종,1106950
149,동김해,2014-04,2종,35316
149,동김해,2014-04,3종,28812
149,동김해,2014-04,4종,12598
149,동김해,2014-04,5종,14560
149,동김해,2014-04,6종,87048
150,북부산,2014-04,1종,2296899
150,북부산,2014-04,2종,69512
150,북부산,2014-04,3종,78723
150,북부산,2014-04,4종,42993
150,북부산,2014-04,5종,92036
150,북부산,2014-04,6종,153184
151,북대전,2014-04,1종,686891
151,북대전,2014-04,2종,18457
151,북대전,2014-04,3종,31601
151,북대전,2014-04,4종,18611
151,북대전,2014-04,5종,16328
151,북대전,2014-04,6종,39464
152,유성,2014-04,1종,1023277
152,유성,2014-04,2종,26089
152,유성,2014-04,3종,40070
152,유성,2014-04,4종,17557
152,유성,2014-04,5종,13356
152,유성,2014-04,6종,50297
153,서대전,2014-04,1종,652980
153,서대전,2014-04,2종,22204
153,서대전,2014-04,3종,20237
153,서대전,2014-04,4종,17747
153,서대전,2014-04,5종,19668
153,서대전,2014-04,6종,39679
154,안영,2014-04,1종,427499
154,안영,2014-04,2종,17210
154,안영,2014-04,3종,13731
154,안영,2014-04,4종,8194
154,안영,2014-04,5종,12997
154,안영,2014-04,6종,23060
155,논산,2014-04,1종,208380
155,논산,2014-04,2종,17108
155,논산,2014-04,3종,16692
155,논산,2014-04,4종,12999
155,논산,2014-04,5종,12492
155,논산,2014-04,6종,9197
156,익산,2014-04,1종,269450
156,익산,2014-04,2종,23209
156,익산,2014-04,3종,29773
156,익산,2014-04,4종,20248
156,익산,2014-04,5종,29543
156,익산,2014-04,6종,8650
157,삼례,2014-04,1종,107074
157,삼례,2014-04,2종,8478
157,삼례,2014-04,3종,8840
157,삼례,2014-04,4종,6476
157,삼례,2014-04,5종,10860
157,삼례,2014-04,6종,3369
158,전주,2014-04,1종,428787
158,전주,2014-04,2종,21505
158,전주,2014-04,3종,50780
158,전주,2014-04,4종,20486
158,전주,2014-04,5종,41687
158,전주,2014-04,6종,12968
159,서전주,2014-04,1종,260019
159,서전주,2014-04,2종,12905
159,서전주,2014-04,3종,13155
159,서전주,2014-04,4종,7614
159,서전주,2014-04,5종,8595
159,서전주,2014-04,6종,7664
160,김제,2014-04,1종,112907
160,김제,2014-04,2종,7073
160,김제,2014-04,3종,8698
160,김제,2014-04,4종,3842
160,김제,2014-04,5종,5496
160,김제,2014-04,6종,3464
161,금산사,2014-04,1종,35052
161,금산사,2014-04,2종,2340
161,금산사,2014-04,3종,2735
161,금산사,2014-04,4종,605
161,금산사,2014-04,5종,2041
161,금산사,2014-04,6종,1056
162,태인,2014-04,1종,77673
162,태인,2014-04,2종,6191
162,태인,2014-04,3종,9338
162,태인,2014-04,4종,4844
162,태인,2014-04,5종,5954
162,태인,2014-04,6종,2412
163,정읍,2014-04,1종,234840
163,정읍,2014-04,2종,16573
163,정읍,2014-04,3종,23200
163,정읍,2014-04,4종,10924
163,정읍,2014-04,5종,10500
163,정읍,2014-04,6종,7288
164,무주,2014-04,1종,127573
164,무주,2014-04,2종,3905
164,무주,2014-04,3종,5722
164,무주,2014-04,4종,2668
164,무주,2014-04,5종,3482
164,무주,2014-04,6종,4895
165,백양사,2014-04,1종,67064
165,백양사,2014-04,2종,2332
165,백양사,2014-04,3종,3780
165,백양사,2014-04,4종,1637
165,백양사,2014-04,5종,1389
165,백양사,2014-04,6종,1558
166,장성,2014-04,1종,144669
166,장성,2014-04,2종,12088
166,장성,2014-04,3종,16611
166,장성,2014-04,4종,11369
166,장성,2014-04,5종,14392
166,장성,2014-04,6종,5166
167,광주,2014-04,1종,940590
167,광주,2014-04,2종,40148
167,광주,2014-04,3종,81277
167,광주,2014-04,4종,44954
167,광주,2014-04,5종,31841
167,광주,2014-04,6종,28617
168,덕유산,2014-04,1종,44197
168,덕유산,2014-04,2종,1439
168,덕유산,2014-04,3종,1340
168,덕유산,2014-04,4종,773
168,덕유산,2014-04,5종,2164
168,덕유산,2014-04,6종,1347
169,장수,2014-04,1종,96725
169,장수,2014-04,2종,3924
169,장수,2014-04,3종,4464
169,장수,2014-04,4종,2133
169,장수,2014-04,5종,3674
169,장수,2014-04,6종,3336
170,서상,2014-04,1종,44447
170,서상,2014-04,2종,2446
170,서상,2014-04,3종,4450
170,서상,2014-04,4종,3684
170,서상,2014-04,5종,3234
170,서상,2014-04,6종,1585
171,마성,2014-04,1종,364829
171,마성,2014-04,2종,6138
171,마성,2014-04,3종,24835
171,마성,2014-04,4종,1413
171,마성,2014-04,5종,901
171,마성,2014-04,6종,20552
172,용인,2014-04,1종,853634
172,용인,2014-04,2종,62492
172,용인,2014-04,3종,37330
172,용인,2014-04,4종,21338
172,용인,2014-04,5종,14706
172,용인,2014-04,6종,61007
173,양지,2014-04,1종,830110
173,양지,2014-04,2종,89890
173,양지,2014-04,3종,66070
173,양지,2014-04,4종,52397
173,양지,2014-04,5종,42821
173,양지,2014-04,6종,49150
174,춘천,2014-04,1종,652750
174,춘천,2014-04,2종,19636
174,춘천,2014-04,3종,28159
174,춘천,2014-04,4종,9148
174,춘천,2014-04,5종,9667
174,춘천,2014-04,6종,42732
175,덕평,2014-04,1종,286062
175,덕평,2014-04,2종,43724
175,덕평,2014-04,3종,24388
175,덕평,2014-04,4종,20750
175,덕평,2014-04,5종,10684
175,덕평,2014-04,6종,17978
176,이천,2014-04,1종,588774
176,이천,2014-04,2종,42156
176,이천,2014-04,3종,51383
176,이천,2014-04,4종,46663
176,이천,2014-04,5종,37396
176,이천,2014-04,6종,30629
177,여주,2014-04,1종,390725
177,여주,2014-04,2종,18724
177,여주,2014-04,3종,41108
177,여주,2014-04,4종,20744
177,여주,2014-04,5종,12702
177,여주,2014-04,6종,16532
178,문막,2014-04,1종,327728
178,문막,2014-04,2종,22530
178,문막,2014-04,3종,36183
178,문막,2014-04,4종,14121
178,문막,2014-04,5종,17860
178,문막,2014-04,6종,14762
179,홍천,2014-04,1종,270493
179,홍천,2014-04,2종,9783
179,홍천,2014-04,3종,16713
179,홍천,2014-04,4종,7076
179,홍천,2014-04,5종,7647
179,홍천,2014-04,6종,19744
180,원주,2014-04,1종,240142
180,원주,2014-04,2종,15559
180,원주,2014-04,3종,19297
180,원주,2014-04,4종,8870
180,원주,2014-04,5종,9198
180,원주,2014-04,6종,12261
181,새말,2014-04,1종,178452
181,새말,2014-04,2종,8121
181,새말,2014-04,3종,11568
181,새말,2014-04,4종,4517
181,새말,2014-04,5종,6481
181,새말,2014-04,6종,6795
182,둔내,2014-04,1종,85960
182,둔내,2014-04,2종,3711
182,둔내,2014-04,3종,4144
182,둔내,2014-04,4종,1909
182,둔내,2014-04,5종,1352
182,둔내,2014-04,6종,4061
183,면온,2014-04,1종,46905
183,면온,2014-04,2종,1430
183,면온,2014-04,3종,1569
183,면온,2014-04,4종,1105
183,면온,2014-04,5종,2341
183,면온,2014-04,6종,2089
184,대관령,2014-04,1종,145935
184,대관령,2014-04,2종,4917
184,대관령,2014-04,3종,15577
184,대관령,2014-04,4종,1787
184,대관령,2014-04,5종,2174
184,대관령,2014-04,6종,7214
185,평창,2014-04,1종,101280
185,평창,2014-04,2종,4511
185,평창,2014-04,3종,12506
185,평창,2014-04,4종,1952
185,평창,2014-04,5종,3677
185,평창,2014-04,6종,4921
186,속사,2014-04,1종,26114
186,속사,2014-04,2종,1390
186,속사,2014-04,3종,1505
186,속사,2014-04,4종,769
186,속사,2014-04,5종,657
186,속사,2014-04,6종,1176
187,진부,2014-04,1종,111159
187,진부,2014-04,2종,4718
187,진부,2014-04,3종,11641
187,진부,2014-04,4종,2248
187,진부,2014-04,5종,3426
187,진부,2014-04,6종,5595
188,서충주,2014-04,1종,85772
188,서충주,2014-04,2종,5903
188,서충주,2014-04,3종,7970
188,서충주,2014-04,4종,5951
188,서충주,2014-04,5종,8492
188,서충주,2014-04,6종,3438
189,강릉,2014-04,1종,432824
189,강릉,2014-04,2종,14296
189,강릉,2014-04,3종,42248
189,강릉,2014-04,4종,9536
189,강릉,2014-04,5종,11773
189,강릉,2014-04,6종,22332
190,동서울,2014-04,1종,3256550
190,동서울,2014-04,2종,189669
190,동서울,2014-04,3종,227403
190,동서울,2014-04,4종,99830
190,동서울,2014-04,5종,67292
190,동서울,2014-04,6종,155764
191,경기광주,2014-04,1종,790446
191,경기광주,2014-04,2종,46546
191,경기광주,2014-04,3종,33639
191,경기광주,2014-04,4종,11205
191,경기광주,2014-04,5종,7070
191,경기광주,2014-04,6종,55019
192,곤지암,2014-04,1종,780602
192,곤지암,2014-04,2종,71914
192,곤지암,2014-04,3종,47234
192,곤지암,2014-04,4종,35767
192,곤지암,2014-04,5종,21268
192,곤지암,2014-04,6종,45012
193,일죽,2014-04,1종,451128
193,일죽,2014-04,2종,37259
193,일죽,2014-04,3종,38428
193,일죽,2014-04,4종,27799
193,일죽,2014-04,5종,17276
193,일죽,2014-04,6종,18722
194,서이천,2014-04,1종,497214
194,서이천,2014-04,2종,64377
194,서이천,2014-04,3종,49797
194,서이천,2014-04,4종,34438
194,서이천,2014-04,5종,14368
194,서이천,2014-04,6종,29639
195,대소,2014-04,1종,293972
195,대소,2014-04,2종,41557
195,대소,2014-04,3종,41199
195,대소,2014-04,4종,31929
195,대소,2014-04,5종,21820
195,대소,2014-04,6종,13306
196,진천,2014-04,1종,254980
196,진천,2014-04,2종,19468
196,진천,2014-04,3종,21683
196,진천,2014-04,4종,18371
196,진천,2014-04,5종,19421
196,진천,2014-04,6종,10902
197,증평,2014-04,1종,369204
197,증평,2014-04,2종,24776
197,증평,2014-04,3종,27343
197,증평,2014-04,4종,18263
197,증평,2014-04,5종,19525
197,증평,2014-04,6종,15789
198,서청주,2014-04,1종,782892
198,서청주,2014-04,2종,35507
198,서청주,2014-04,3종,45741
198,서청주,2014-04,4종,30132
198,서청주,2014-04,5종,23472
198,서청주,2014-04,6종,40308
199,오창,2014-04,1종,505357
199,오창,2014-04,2종,23433
199,오창,2014-04,3종,31459
199,오창,2014-04,4종,19719
199,오창,2014-04,5종,17568
199,오창,2014-04,6종,25517
200,금산,2014-04,1종,139723
200,금산,2014-04,2종,4299
200,금산,2014-04,3종,6766
200,금산,2014-04,4종,4448
200,금산,2014-04,5종,7214
200,금산,2014-04,6종,6091
201,칠곡,2014-04,1종,581835
201,칠곡,2014-04,2종,26789
201,칠곡,2014-04,3종,20324
201,칠곡,2014-04,4종,8162
201,칠곡,2014-04,5종,14015
201,칠곡,2014-04,6종,31114
202,다부,2014-04,1종,119486
202,다부,2014-04,2종,8193
202,다부,2014-04,3종,5715
202,다부,2014-04,4종,2608
202,다부,2014-04,5종,6003
202,다부,2014-04,6종,4797
203,가산,2014-04,1종,504044
203,가산,2014-04,2종,22878
203,가산,2014-04,3종,21747
203,가산,2014-04,4종,13995
203,가산,2014-04,5종,34697
203,가산,2014-04,6종,22385
204,추부,2014-04,1종,167231
204,추부,2014-04,2종,8988
204,추부,2014-04,3종,10684
204,추부,2014-04,4종,5717
204,추부,2014-04,5종,6068
204,추부,2014-04,6종,9634
205,군위,2014-04,1종,142042
205,군위,2014-04,2종,6367
205,군위,2014-04,3종,4264
205,군위,2014-04,4종,2799
205,군위,2014-04,5종,10722
205,군위,2014-04,6종,6472
206,의성,2014-04,1종,167410
206,의성,2014-04,2종,5356
206,의성,2014-04,3종,4901
206,의성,2014-04,4종,1908
206,의성,2014-04,5종,3709
206,의성,2014-04,6종,5681
207,남안동,2014-04,1종,259696
207,남안동,2014-04,2종,8633
207,남안동,2014-04,3종,7177
207,남안동,2014-04,4종,4769
207,남안동,2014-04,5종,7483
207,남안동,2014-04,6종,9167
208,서안동,2014-04,1종,172168
208,서안동,2014-04,2종,6804
208,서안동,2014-04,3종,16833
208,서안동,2014-04,4종,3957
208,서안동,2014-04,5종,7732
208,서안동,2014-04,6종,5828
209,예천,2014-04,1종,26110
209,예천,2014-04,2종,660
209,예천,2014-04,3종,513
209,예천,2014-04,4종,237
209,예천,2014-04,5종,901
209,예천,2014-04,6종,875
210,영주,2014-04,1종,119610
210,영주,2014-04,2종,5054
210,영주,2014-04,3종,7615
210,영주,2014-04,4종,3707
210,영주,2014-04,5종,12655
210,영주,2014-04,6종,4194
211,풍기,2014-04,1종,167487
211,풍기,2014-04,2종,6085
211,풍기,2014-04,3종,14673
211,풍기,2014-04,4종,4195
211,풍기,2014-04,5종,8388
211,풍기,2014-04,6종,6008
212,북수원,2014-04,1종,1233171
212,북수원,2014-04,2종,43432
212,북수원,2014-04,3종,56943
212,북수원,2014-04,4종,29037
212,북수원,2014-04,5종,17139
212,북수원,2014-04,6종,77440
213,부곡,2014-04,1종,373397
213,부곡,2014-04,2종,11490
213,부곡,2014-04,3종,9738
213,부곡,2014-04,4종,15278
213,부곡,2014-04,5종,74707
213,부곡,2014-04,6종,26926
214,동군포,2014-04,1종,198042
214,동군포,2014-04,2종,22509
214,동군포,2014-04,3종,14545
214,동군포,2014-04,4종,29526
214,동군포,2014-04,5종,16811
214,동군포,2014-04,6종,15724
215,군포,2014-04,1종,998949
215,군포,2014-04,2종,53152
215,군포,2014-04,3종,43378
215,군포,2014-04,4종,19266
215,군포,2014-04,5종,28152
215,군포,2014-04,6종,79873
216,횡성,2014-04,1종,167304
216,횡성,2014-04,2종,7182
216,횡성,2014-04,3종,8886
216,횡성,2014-04,4종,4406
216,횡성,2014-04,5종,8435
216,횡성,2014-04,6종,8142
217,북원주,2014-04,1종,69506
217,북원주,2014-04,2종,5956
217,북원주,2014-04,3종,4332
217,북원주,2014-04,4종,2261
217,북원주,2014-04,5종,4396
217,북원주,2014-04,6종,4888
218,남원주,2014-04,1종,514704
218,남원주,2014-04,2종,16868
218,남원주,2014-04,3종,29635
218,남원주,2014-04,4종,7836
218,남원주,2014-04,5종,10476
218,남원주,2014-04,6종,26453
219,신림,2014-04,1종,96970
219,신림,2014-04,2종,3074
219,신림,2014-04,3종,3542
219,신림,2014-04,4종,3578
219,신림,2014-04,5종,7379
219,신림,2014-04,6종,3836
220,덕평휴게소,2014-04,1종,4169
220,덕평휴게소,2014-04,2종,127
220,덕평휴게소,2014-04,3종,46
220,덕평휴게소,2014-04,4종,0
220,덕평휴게소,2014-04,5종,0
220,덕평휴게소,2014-04,6종,416
221,생초,2014-04,1종,54580
221,생초,2014-04,2종,2626
221,생초,2014-04,3종,3491
221,생초,2014-04,4종,1978
221,생초,2014-04,5종,7328
221,생초,2014-04,6종,2087
222,산청,2014-04,1종,51359
222,산청,2014-04,2종,1894
222,산청,2014-04,3종,3007
222,산청,2014-04,4종,1425
222,산청,2014-04,5종,1756
222,산청,2014-04,6종,1931
223,단성,2014-04,1종,96027
223,단성,2014-04,2종,3430
223,단성,2014-04,3종,8218
223,단성,2014-04,4종,3667
223,단성,2014-04,5종,4306
223,단성,2014-04,6종,3686
224,함양,2014-04,1종,94502
224,함양,2014-04,2종,3618
224,함양,2014-04,3종,7726
224,함양,2014-04,4종,1727
224,함양,2014-04,5종,2694
224,함양,2014-04,6종,4344
225,서진주,2014-04,1종,291222
225,서진주,2014-04,2종,8216
225,서진주,2014-04,3종,8004
225,서진주,2014-04,4종,3548
225,서진주,2014-04,5종,4475
225,서진주,2014-04,6종,18109
227,군산,2014-04,1종,254166
227,군산,2014-04,2종,9284
227,군산,2014-04,3종,19675
227,군산,2014-04,4종,14338
227,군산,2014-04,5종,35947
227,군산,2014-04,6종,7483
228,동군산,2014-04,1종,232995
228,동군산,2014-04,2종,9763
228,동군산,2014-04,3종,17294
228,동군산,2014-04,4종,9226
228,동군산,2014-04,5종,23135
228,동군산,2014-04,6종,6426
229,북천안,2014-04,1종,335052
229,북천안,2014-04,2종,29633
229,북천안,2014-04,3종,35606
229,북천안,2014-04,4종,40215
229,북천안,2014-04,5종,42929
229,북천안,2014-04,6종,18760
230,팔공산,2014-04,1종,629609
230,팔공산,2014-04,2종,25503
230,팔공산,2014-04,3종,15390
230,팔공산,2014-04,4종,8506
230,팔공산,2014-04,5종,10645
230,팔공산,2014-04,6종,30094
231,화원옥포,2014-04,1종,666125
231,화원옥포,2014-04,2종,39259
231,화원옥포,2014-04,3종,25806
231,화원옥포,2014-04,4종,10946
231,화원옥포,2014-04,5종,15592
231,화원옥포,2014-04,6종,35447
232,달성,2014-04,1종,415596
232,달성,2014-04,2종,23761
232,달성,2014-04,3종,25806
232,달성,2014-04,4종,7400
232,달성,2014-04,5종,7446
232,달성,2014-04,6종,27695
233,현풍,2014-04,1종,474197
233,현풍,2014-04,2종,36934
233,현풍,2014-04,3종,32072
233,현풍,2014-04,4종,20039
233,현풍,2014-04,5종,39616
233,현풍,2014-04,6종,22788
234,서천,2014-04,1종,109094
234,서천,2014-04,2종,4462
234,서천,2014-04,3종,5855
234,서천,2014-04,4종,5006
234,서천,2014-04,5종,5521
234,서천,2014-04,6종,3738
235,창녕,2014-04,1종,156454
235,창녕,2014-04,2종,7591
235,창녕,2014-04,3종,9712
235,창녕,2014-04,4종,3581
235,창녕,2014-04,5종,9507
235,창녕,2014-04,6종,7758
236,영산,2014-04,1종,146038
236,영산,2014-04,2종,10611
236,영산,2014-04,3종,11871
236,영산,2014-04,4종,7477
236,영산,2014-04,5종,10070
236,영산,2014-04,6종,6603
237,남지,2014-04,1종,185334
237,남지,2014-04,2종,8598
237,남지,2014-04,3종,13156
237,남지,2014-04,4종,8234
237,남지,2014-04,5종,13841
237,남지,2014-04,6종,12214
238,칠서,2014-04,1종,235656
238,칠서,2014-04,2종,29254
238,칠서,2014-04,3종,15657
238,칠서,2014-04,4종,20254
238,칠서,2014-04,5종,37467
238,칠서,2014-04,6종,14541
239,칠원,2014-04,1종,586292
239,칠원,2014-04,2종,27885
239,칠원,2014-04,3종,51192
239,칠원,2014-04,4종,34650
239,칠원,2014-04,5종,37194
239,칠원,2014-04,6종,29787
240,제천,2014-04,1종,423597
240,제천,2014-04,2종,13561
240,제천,2014-04,3종,25860
240,제천,2014-04,4종,13703
240,제천,2014-04,5종,23501
240,제천,2014-04,6종,18099
241,동고령,2014-04,1종,283109
241,동고령,2014-04,2종,19196
241,동고령,2014-04,3종,18168
241,동고령,2014-04,4종,12122
241,동고령,2014-04,5종,16582
241,동고령,2014-04,6종,12501
242,고령,2014-04,1종,195728
242,고령,2014-04,2종,11893
242,고령,2014-04,3종,11560
242,고령,2014-04,4종,5717
242,고령,2014-04,5종,16444
242,고령,2014-04,6종,8024
243,해인사,2014-04,1종,96812
243,해인사,2014-04,2종,2931
243,해인사,2014-04,3종,3255
243,해인사,2014-04,4종,795
243,해인사,2014-04,5종,1299
243,해인사,2014-04,6종,4104
244,서부산,2014-04,1종,1972957
244,서부산,2014-04,2종,72083
244,서부산,2014-04,3종,100129
244,서부산,2014-04,4종,59229
244,서부산,2014-04,5종,189664
244,서부산,2014-04,6종,123293
245,장유,2014-04,1종,1269051
245,장유,2014-04,2종,41443
245,장유,2014-04,3종,53316
245,장유,2014-04,4종,21549
245,장유,2014-04,5종,31003
245,장유,2014-04,6종,91443
246,가락,2014-04,1종,729788
246,가락,2014-04,2종,35302
246,가락,2014-04,3종,32213
246,가락,2014-04,4종,48667
246,가락,2014-04,5종,203412
246,가락,2014-04,6종,49546
247,남원,2014-04,1종,136563
247,남원,2014-04,2종,6683
247,남원,2014-04,3종,9764
247,남원,2014-04,4종,2862
247,남원,2014-04,5종,11396
247,남원,2014-04,6종,5371
248,순창,2014-04,1종,118122
248,순창,2014-04,2종,4146
248,순창,2014-04,3종,5257
248,순창,2014-04,4종,2540
248,순창,2014-04,5종,3891
248,순창,2014-04,6종,4417
249,담양,2014-04,1종,140398
249,담양,2014-04,2종,4174
249,담양,2014-04,3종,14791
249,담양,2014-04,4종,2365
249,담양,2014-04,5종,4988
249,담양,2014-04,6종,4918
250,남양산,2014-04,1종,984493
250,남양산,2014-04,2종,50599
250,남양산,2014-04,3종,42125
250,남양산,2014-04,4종,25559
250,남양산,2014-04,5종,32606
250,남양산,2014-04,6종,73810
251,물금,2014-04,1종,452758
251,물금,2014-04,2종,50728
251,물금,2014-04,3종,22791
251,물금,2014-04,4종,37626
251,물금,2014-04,5종,73000
251,물금,2014-04,6종,32496
252,대동,2014-04,1종,2251092
252,대동,2014-04,2종,170208
252,대동,2014-04,3종,135340
252,대동,2014-04,4종,112930
252,대동,2014-04,5종,306763
252,대동,2014-04,6종,117834
253,서서울,2014-04,1종,5010102
253,서서울,2014-04,2종,215016
253,서서울,2014-04,3종,168655
253,서서울,2014-04,4종,125924
253,서서울,2014-04,5종,122572
253,서서울,2014-04,6종,309597
254,군자,2014-04,1종,2336443
254,군자,2014-04,2종,121101
254,군자,2014-04,3종,114003
254,군자,2014-04,4종,84551
254,군자,2014-04,5종,163172
254,군자,2014-04,6종,172158
255,서안산,2014-04,1종,1806928
255,서안산,2014-04,2종,109568
255,서안산,2014-04,3종,69206
255,서안산,2014-04,4종,52197
255,서안산,2014-04,5종,57364
255,서안산,2014-04,6종,141527
256,안산,2014-04,1종,920484
256,안산,2014-04,2종,26570
256,안산,2014-04,3종,22251
256,안산,2014-04,4종,6792
256,안산,2014-04,5종,6755
256,안산,2014-04,6종,69411
257,홍성,2014-04,1종,215206
257,홍성,2014-04,2종,5791
257,홍성,2014-04,3종,12074
257,홍성,2014-04,4종,3638
257,홍성,2014-04,5종,5052
257,홍성,2014-04,6종,7446
258,광천,2014-04,1종,119123
258,광천,2014-04,2종,6391
258,광천,2014-04,3종,8805
258,광천,2014-04,4종,6159
258,광천,2014-04,5종,12993
258,광천,2014-04,6종,4300
259,대천,2014-04,1종,215489
259,대천,2014-04,2종,6720
259,대천,2014-04,3종,12533
259,대천,2014-04,4종,3811
259,대천,2014-04,5종,5786
259,대천,2014-04,6종,7983
260,춘장대,2014-04,1종,57903
260,춘장대,2014-04,2종,1611
260,춘장대,2014-04,3종,2758
260,춘장대,2014-04,4종,1349
260,춘장대,2014-04,5종,1750
260,춘장대,2014-04,6종,1673
261,동광주,2014-04,1종,990066
261,동광주,2014-04,2종,32670
261,동광주,2014-04,3종,63504
261,동광주,2014-04,4종,23961
261,동광주,2014-04,5종,54187
261,동광주,2014-04,6종,34399
262,창평,2014-04,1종,89690
262,창평,2014-04,2종,4829
262,창평,2014-04,3종,3305
262,창평,2014-04,4종,2469
262,창평,2014-04,5종,1901
262,창평,2014-04,6종,3033
263,옥과,2014-04,1종,197442
263,옥과,2014-04,2종,4768
263,옥과,2014-04,3종,10970
263,옥과,2014-04,4종,4049
263,옥과,2014-04,5종,9462
263,옥과,2014-04,6종,8524
264,동남원,2014-04,1종,40472
264,동남원,2014-04,2종,2122
264,동남원,2014-04,3종,2633
264,동남원,2014-04,4종,1235
264,동남원,2014-04,5종,1741
264,동남원,2014-04,6종,1464
265,곡성,2014-04,1종,157115
265,곡성,2014-04,2종,4397
265,곡성,2014-04,3종,5772
265,곡성,2014-04,4종,2226
265,곡성,2014-04,5종,7232
265,곡성,2014-04,6종,6158
266,석곡,2014-04,1종,45708
266,석곡,2014-04,2종,1509
266,석곡,2014-04,3종,2180
266,석곡,2014-04,4종,759
266,석곡,2014-04,5종,1990
266,석곡,2014-04,6종,1590
267,주암송광사,2014-04,1종,118670
267,주암송광사,2014-04,2종,3821
267,주암송광사,2014-04,3종,4163
267,주암송광사,2014-04,4종,3126
267,주암송광사,2014-04,5종,4709
267,주암송광사,2014-04,6종,3626
268,승주,2014-04,1종,63711
268,승주,2014-04,2종,1467
268,승주,2014-04,3종,2434
268,승주,2014-04,4종,1044
268,승주,2014-04,5종,1415
268,승주,2014-04,6종,3338
269,지리산,2014-04,1종,47000
269,지리산,2014-04,2종,2172
269,지리산,2014-04,3종,2962
269,지리산,2014-04,4종,1570
269,지리산,2014-04,5종,3530
269,지리산,2014-04,6종,1574
270,서순천,2014-04,1종,148556
270,서순천,2014-04,2종,6135
270,서순천,2014-04,3종,10596
270,서순천,2014-04,4종,2551
270,서순천,2014-04,5종,4186
270,서순천,2014-04,6종,5504
271,순천,2014-04,1종,509342
271,순천,2014-04,2종,16420
271,순천,2014-04,3종,18776
271,순천,2014-04,4종,9747
271,순천,2014-04,5종,37380
271,순천,2014-04,6종,18119
272,광양,2014-04,1종,267787
272,광양,2014-04,2종,11242
272,광양,2014-04,3종,28845
272,광양,2014-04,4종,14864
272,광양,2014-04,5종,56199
272,광양,2014-04,6종,8924
273,동광양,2014-04,1종,132544
273,동광양,2014-04,2종,2828
273,동광양,2014-04,3종,3859
273,동광양,2014-04,4종,4075
273,동광양,2014-04,5종,23767
273,동광양,2014-04,6종,6281
274,가조,2014-04,1종,56055
274,가조,2014-04,2종,2516
274,가조,2014-04,3종,3161
274,가조,2014-04,4종,1379
274,가조,2014-04,5종,1746
274,가조,2014-04,6종,3393
275,옥곡,2014-04,1종,159683
275,옥곡,2014-04,2종,6137
275,옥곡,2014-04,3종,10583
275,옥곡,2014-04,4종,8689
275,옥곡,2014-04,5종,37580
275,옥곡,2014-04,6종,6454
276,진월,2014-04,1종,82255
276,진월,2014-04,2종,2835
276,진월,2014-04,3종,2521
276,진월,2014-04,4종,7516
276,진월,2014-04,5종,43952
276,진월,2014-04,6종,2935
277,하동,2014-04,1종,223899
277,하동,2014-04,2종,6424
277,하동,2014-04,3종,12449
277,하동,2014-04,4종,10946
277,하동,2014-04,5종,40440
277,하동,2014-04,6종,9947
278,진교,2014-04,1종,158201
278,진교,2014-04,2종,5088
278,진교,2014-04,3종,14381
278,진교,2014-04,4종,1495
278,진교,2014-04,5종,4074
278,진교,2014-04,6종,9023
279,곤양,2014-04,1종,121777
279,곤양,2014-04,2종,4149
279,곤양,2014-04,3종,7766
279,곤양,2014-04,4종,3601
279,곤양,2014-04,5종,8816
279,곤양,2014-04,6종,5697
280,거창,2014-04,1종,151876
280,거창,2014-04,2종,7619
280,거창,2014-04,3종,14646
280,거창,2014-04,4종,3164
280,거창,2014-04,5종,4659
280,거창,2014-04,6종,7822
281,매송,2014-04,1종,495466
281,매송,2014-04,2종,27764
281,매송,2014-04,3종,26106
281,매송,2014-04,4종,12486
281,매송,2014-04,5종,17583
281,매송,2014-04,6종,29007
282,비봉,2014-04,1종,736900
282,비봉,2014-04,2종,48296
282,비봉,2014-04,3종,34591
282,비봉,2014-04,4종,19792
282,비봉,2014-04,5종,31272
282,비봉,2014-04,6종,46710
283,발안,2014-04,1종,452484
283,발안,2014-04,2종,34062
283,발안,2014-04,3종,19346
283,발안,2014-04,4종,18413
283,발안,2014-04,5종,21322
283,발안,2014-04,6종,27754
284,남양양,2014-04,1종,41745
284,남양양,2014-04,2종,1567
284,남양양,2014-04,3종,3462
284,남양양,2014-04,4종,662
284,남양양,2014-04,5종,1215
284,남양양,2014-04,6종,1616
285,서평택,2014-04,1종,609772
285,서평택,2014-04,2종,47978
285,서평택,2014-04,3종,52177
285,서평택,2014-04,4종,69586
285,서평택,2014-04,5종,129650
285,서평택,2014-04,6종,33661
286,통도사휴게소,2014-04,1종,29340
286,통도사휴게소,2014-04,2종,258
286,통도사휴게소,2014-04,3종,1702
286,통도사휴게소,2014-04,4종,1
286,통도사휴게소,2014-04,5종,0
286,통도사휴게소,2014-04,6종,1211
287,송악,2014-04,1종,458352
287,송악,2014-04,2종,23091
287,송악,2014-04,3종,22460
287,송악,2014-04,4종,25049
287,송악,2014-04,5종,112787
287,송악,2014-04,6종,20642
288,당진,2014-04,1종,415426
288,당진,2014-04,2종,17148
288,당진,2014-04,3종,28138
288,당진,2014-04,4종,16385
288,당진,2014-04,5종,47398
288,당진,2014-04,6종,18829
289,마산,2014-04,1종,829577
289,마산,2014-04,2종,32139
289,마산,2014-04,3종,41760
289,마산,2014-04,4종,15107
289,마산,2014-04,5종,24723
289,마산,2014-04,6종,56358
290,축동,2014-04,1종,48422
290,축동,2014-04,2종,2906
290,축동,2014-04,3종,1617
290,축동,2014-04,4종,5626
290,축동,2014-04,5종,10604
290,축동,2014-04,6종,2737
291,사천,2014-04,1종,645108
291,사천,2014-04,2종,30909
291,사천,2014-04,3종,36800
291,사천,2014-04,4종,16830
291,사천,2014-04,5종,28861
291,사천,2014-04,6종,42209
292,진주,2014-04,1종,663731
292,진주,2014-04,2종,25061
292,진주,2014-04,3종,52855
292,진주,2014-04,4종,15926
292,진주,2014-04,5종,34472
292,진주,2014-04,6종,44272
293,문산,2014-04,1종,304211
293,문산,2014-04,2종,13107
293,문산,2014-04,3종,8972
293,문산,2014-04,4종,8626
293,문산,2014-04,5종,11123
293,문산,2014-04,6종,18601
294,북창원,2014-04,1종,235514
294,북창원,2014-04,2종,9642
294,북창원,2014-04,3종,7080
294,북창원,2014-04,4종,6382
294,북창원,2014-04,5종,7586
294,북창원,2014-04,6종,11299
295,진성,2014-04,1종,136404
295,진성,2014-04,2종,10118
295,진성,2014-04,3종,7211
295,진성,2014-04,4종,5614
295,진성,2014-04,5종,13692
295,진성,2014-04,6종,6636
296,지수,2014-04,1종,52333
296,지수,2014-04,2종,3154
296,지수,2014-04,3종,2076
296,지수,2014-04,4종,1682
296,지수,2014-04,5종,4905
296,지수,2014-04,6종,3366
298,서산,2014-04,1종,493021
298,서산,2014-04,2종,18241
298,서산,2014-04,3종,34278
298,서산,2014-04,4종,23904
298,서산,2014-04,5종,42785
298,서산,2014-04,6종,19227
299,해미,2014-04,1종,133960
299,해미,2014-04,2종,5838
299,해미,2014-04,3종,10246
299,해미,2014-04,4종,5443
299,해미,2014-04,5종,11418
299,해미,2014-04,6종,5134
500,남여주,2014-04,1종,139871
500,남여주,2014-04,2종,6123
500,남여주,2014-04,3종,8745
500,남여주,2014-04,4종,6903
500,남여주,2014-04,5종,12318
500,남여주,2014-04,6종,5804
501,서김제,2014-04,1종,52380
501,서김제,2014-04,2종,2813
501,서김제,2014-04,3종,3830
501,서김제,2014-04,4종,2307
501,서김제,2014-04,5종,3036
501,서김제,2014-04,6종,1354
502,부안,2014-04,1종,96237
502,부안,2014-04,2종,4610
502,부안,2014-04,3종,9142
502,부안,2014-04,4종,2726
502,부안,2014-04,5종,5055
502,부안,2014-04,6종,2305
503,줄포,2014-04,1종,65537
503,줄포,2014-04,2종,2351
503,줄포,2014-04,3종,4779
503,줄포,2014-04,4종,951
503,줄포,2014-04,5종,1185
503,줄포,2014-04,6종,1395
504,선운산,2014-04,1종,107849
504,선운산,2014-04,2종,4357
504,선운산,2014-04,3종,10871
504,선운산,2014-04,4종,6818
504,선운산,2014-04,5종,6421
504,선운산,2014-04,6종,2846
505,고창,2014-04,1종,87599
505,고창,2014-04,2종,3806
505,고창,2014-04,3종,4555
505,고창,2014-04,4종,1537
505,고창,2014-04,5종,1601
505,고창,2014-04,6종,2377
506,영광,2014-04,1종,78545
506,영광,2014-04,2종,3319
506,영광,2014-04,3종,7079
506,영광,2014-04,4종,2118
506,영광,2014-04,5종,2142
506,영광,2014-04,6종,1866
507,함평,2014-04,1종,58755
507,함평,2014-04,2종,2798
507,함평,2014-04,3종,6134
507,함평,2014-04,4종,3517
507,함평,2014-04,5종,5985
507,함평,2014-04,6종,1501
508,무안,2014-04,1종,180430
508,무안,2014-04,2종,5194
508,무안,2014-04,3종,7665
508,무안,2014-04,4종,4596
508,무안,2014-04,5종,5111
508,무안,2014-04,6종,5525
509,목포,2014-04,1종,714907
509,목포,2014-04,2종,21675
509,목포,2014-04,3종,45773
509,목포,2014-04,4종,25139
509,목포,2014-04,5종,43300
509,목포,2014-04,6종,19687
510,양양,2014-04,1종,65432
510,양양,2014-04,2종,2437
510,양양,2014-04,3종,3909
510,양양,2014-04,4종,1607
510,양양,2014-04,5종,3352
510,양양,2014-04,6종,2631
511,무창포,2014-04,1종,80063
511,무창포,2014-04,2종,2843
511,무창포,2014-04,3종,3730
511,무창포,2014-04,4종,1775
511,무창포,2014-04,5종,4726
511,무창포,2014-04,6종,2339
512,연화산,2014-04,1종,37722
512,연화산,2014-04,2종,1401
512,연화산,2014-04,3종,1385
512,연화산,2014-04,4종,1519
512,연화산,2014-04,5종,2606
512,연화산,2014-04,6종,2572
513,고성,2014-04,1종,323711
513,고성,2014-04,2종,12688
513,고성,2014-04,3종,18730
513,고성,2014-04,4종,9902
513,고성,2014-04,5종,13391
513,고성,2014-04,6종,17680
514,동고성,2014-04,1종,86397
514,동고성,2014-04,2종,4106
514,동고성,2014-04,3종,5896
514,동고성,2014-04,4종,9907
514,동고성,2014-04,5종,11789
514,동고성,2014-04,6종,6697
515,북통영,2014-04,1종,132971
515,북통영,2014-04,2종,3782
515,북통영,2014-04,3종,12512
515,북통영,2014-04,4종,1693
515,북통영,2014-04,5종,1946
515,북통영,2014-04,6종,8182
516,통영,2014-04,1종,513332
516,통영,2014-04,2종,19049
516,통영,2014-04,3종,33397
516,통영,2014-04,4종,19413
516,통영,2014-04,5종,21644
516,통영,2014-04,6종,26121
517,양평,2014-04,1종,143794
517,양평,2014-04,2종,5559
517,양평,2014-04,3종,5851
517,양평,2014-04,4종,4749
517,양평,2014-04,5종,7932
517,양평,2014-04,6종,5940
518,칠곡물류,2014-04,1종,56103
518,칠곡물류,2014-04,2종,13549
518,칠곡물류,2014-04,3종,7201
518,칠곡물류,2014-04,4종,11787
518,칠곡물류,2014-04,5종,12598
518,칠곡물류,2014-04,6종,2505
519,남대구,2014-04,1종,1454459
519,남대구,2014-04,2종,67532
519,남대구,2014-04,3종,72882
519,남대구,2014-04,4종,23784
519,남대구,2014-04,5종,37724
519,남대구,2014-04,6종,75618
520,평택,2014-04,1종,568954
520,평택,2014-04,2종,35321
520,평택,2014-04,3종,47306
520,평택,2014-04,4종,21067
520,평택,2014-04,5종,30013
520,평택,2014-04,6종,33017
521,단양,2014-04,1종,60794
521,단양,2014-04,2종,2045
521,단양,2014-04,3종,4871
521,단양,2014-04,4종,2205
521,단양,2014-04,5종,11608
521,단양,2014-04,6종,2303
522,북단양,2014-04,1종,86150
522,북단양,2014-04,2종,2789
522,북단양,2014-04,3종,4696
522,북단양,2014-04,4종,11624
522,북단양,2014-04,5종,39142
522,북단양,2014-04,6종,3196
523,남제천,2014-04,1종,106723
523,남제천,2014-04,2종,2388
523,남제천,2014-04,3종,4811
523,남제천,2014-04,4종,1147
523,남제천,2014-04,5종,3689
523,남제천,2014-04,6종,3700
524,청통와촌,2014-04,1종,225555
524,청통와촌,2014-04,2종,12436
524,청통와촌,2014-04,3종,7371
524,청통와촌,2014-04,4종,4279
524,청통와촌,2014-04,5종,5738
524,청통와촌,2014-04,6종,9630
525,북영천,2014-04,1종,183104
525,북영천,2014-04,2종,7750
525,북영천,2014-04,3종,6231
525,북영천,2014-04,4종,3482
525,북영천,2014-04,5종,7896
525,북영천,2014-04,6종,6108
526,서포항,2014-04,1종,98392
526,서포항,2014-04,2종,2401
526,서포항,2014-04,3종,2800
526,서포항,2014-04,4종,972
526,서포항,2014-04,5종,3718
526,서포항,2014-04,6종,6050
527,포항,2014-04,1종,691211
527,포항,2014-04,2종,19061
527,포항,2014-04,3종,32600
527,포항,2014-04,4종,9797
527,포항,2014-04,5종,43033
527,포항,2014-04,6종,26748
528,기흥동탄,2014-04,1종,1089884
528,기흥동탄,2014-04,2종,30409
528,기흥동탄,2014-04,3종,77650
528,기흥동탄,2014-04,4종,22369
528,기흥동탄,2014-04,5종,20227
528,기흥동탄,2014-04,6종,67077
529,노포,2014-04,1종,206254
529,노포,2014-04,2종,13312
529,노포,2014-04,3종,39779
529,노포,2014-04,4종,6071
529,노포,2014-04,5종,8279
529,노포,2014-04,6종,10450
530,내장산,2014-04,1종,46178
530,내장산,2014-04,2종,1641
530,내장산,2014-04,3종,1201
530,내장산,2014-04,4종,655
530,내장산,2014-04,5종,841
530,내장산,2014-04,6종,1947
531,문의청남대,2014-04,1종,182903
531,문의청남대,2014-04,2종,8101
531,문의청남대,2014-04,3종,11151
531,문의청남대,2014-04,4종,7455
531,문의청남대,2014-04,5종,8859
531,문의청남대,2014-04,6종,7648
532,회인,2014-04,1종,46174
532,회인,2014-04,2종,1370
532,회인,2014-04,3종,1014
532,회인,2014-04,4종,1331
532,회인,2014-04,5종,947
532,회인,2014-04,6종,2046
533,보은,2014-04,1종,118398
533,보은,2014-04,2종,5842
533,보은,2014-04,3종,5290
533,보은,2014-04,4종,3103
533,보은,2014-04,5종,4197
533,보은,2014-04,6종,5007
534,속리산,2014-04,1종,51016
534,속리산,2014-04,2종,2077
534,속리산,2014-04,3종,2787
534,속리산,2014-04,4종,1596
534,속리산,2014-04,5종,2019
534,속리산,2014-04,6종,1970
535,화서,2014-04,1종,45196
535,화서,2014-04,2종,1711
535,화서,2014-04,3종,1962
535,화서,2014-04,4종,1088
535,화서,2014-04,5종,1953
535,화서,2014-04,6종,1819
536,남상주,2014-04,1종,101745
536,남상주,2014-04,2종,4734
536,남상주,2014-04,3종,9480
536,남상주,2014-04,4종,5120
536,남상주,2014-04,5종,4442
536,남상주,2014-04,6종,4073
537,남김천,2014-04,1종,68376
537,남김천,2014-04,2종,5601
537,남김천,2014-04,3종,5748
537,남김천,2014-04,4종,5663
537,남김천,2014-04,5종,12346
537,남김천,2014-04,6종,2311
538,성주,2014-04,1종,70291
538,성주,2014-04,2종,6591
538,성주,2014-04,3종,5692
538,성주,2014-04,4종,5381
538,성주,2014-04,5종,6700
538,성주,2014-04,6종,2199
539,남성주,2014-04,1종,49754
539,남성주,2014-04,2종,6766
539,남성주,2014-04,3종,3675
539,남성주,2014-04,4종,5019
539,남성주,2014-04,5종,6130
539,남성주,2014-04,6종,1623
540,청북,2014-04,1종,402934
540,청북,2014-04,2종,46425
540,청북,2014-04,3종,44759
540,청북,2014-04,4종,35241
540,청북,2014-04,5종,43319
540,청북,2014-04,6종,23799
541,송탄,2014-04,1종,386729
541,송탄,2014-04,2종,36432
541,송탄,2014-04,3종,33866
541,송탄,2014-04,4종,32569
541,송탄,2014-04,5종,26004
541,송탄,2014-04,6종,21487
542,서안성,2014-04,1종,329238
542,서안성,2014-04,2종,33628
542,서안성,2014-04,3종,37447
542,서안성,2014-04,4종,31711
542,서안성,2014-04,5종,25174
542,서안성,2014-04,6종,16025
543,남안성,2014-04,1종,489516
543,남안성,2014-04,2종,55061
543,남안성,2014-04,3종,41138
543,남안성,2014-04,4종,38424
543,남안성,2014-04,5종,40595
543,남안성,2014-04,6종,27596
544,완주,2014-04,1종,150226
544,완주,2014-04,2종,7358
544,완주,2014-04,3종,8889
544,완주,2014-04,4종,8189
544,완주,2014-04,5종,12794
544,완주,2014-04,6종,5095
545,소양,2014-04,1종,133914
545,소양,2014-04,2종,4747
545,소양,2014-04,3종,10160
545,소양,2014-04,4종,2811
545,소양,2014-04,5종,5995
545,소양,2014-04,6종,4442
546,진안,2014-04,1종,64463
546,진안,2014-04,2종,2516
546,진안,2014-04,3종,5727
546,진안,2014-04,4종,1124
546,진안,2014-04,5종,1779
546,진안,2014-04,6종,2202
547,무안공항,2014-04,1종,28231
547,무안공항,2014-04,2종,587
547,무안공항,2014-04,3종,1090
547,무안공항,2014-04,4종,267
547,무안공항,2014-04,5종,171
547,무안공항,2014-04,6종,600
548,북무안,2014-04,1종,108554
548,북무안,2014-04,2종,4695
548,북무안,2014-04,3종,6158
548,북무안,2014-04,4종,3767
548,북무안,2014-04,5종,2509
548,북무안,2014-04,6종,2360
549,동함평,2014-04,1종,155416
549,동함평,2014-04,2종,4465
549,동함평,2014-04,3종,5538
549,동함평,2014-04,4종,1826
549,동함평,2014-04,5종,2969
549,동함평,2014-04,6종,6746
550,문평,2014-04,1종,38962
550,문평,2014-04,2종,966
550,문평,2014-04,3종,1172
550,문평,2014-04,4종,591
550,문평,2014-04,5종,4578
550,문평,2014-04,6종,1367
551,나주,2014-04,1종,52488
551,나주,2014-04,2종,2024
551,나주,2014-04,3종,1365
551,나주,2014-04,4종,624
551,나주,2014-04,5종,2255
551,나주,2014-04,6종,2340
552,서광산,2014-04,1종,92935
552,서광산,2014-04,2종,5515
552,서광산,2014-04,3종,6957
552,서광산,2014-04,4종,3121
552,서광산,2014-04,5종,6800
552,서광산,2014-04,6종,2693
553,동광산,2014-04,1종,793129
553,동광산,2014-04,2종,18849
553,동광산,2014-04,3종,30853
553,동광산,2014-04,4종,10444
553,동광산,2014-04,5종,23305
553,동광산,2014-04,6종,26033
554,동홍천,2014-04,1종,330474
554,동홍천,2014-04,2종,5425
554,동홍천,2014-04,3종,19556
554,동홍천,2014-04,4종,3069
554,동홍천,2014-04,5종,3209
554,동홍천,2014-04,6종,13476
555,북진천,2014-04,1종,273447
555,북진천,2014-04,2종,32961
555,북진천,2014-04,3종,34950
555,북진천,2014-04,4종,26579
555,북진천,2014-04,5종,27059
555,북진천,2014-04,6종,12082
556,동순천,2014-04,1종,212235
556,동순천,2014-04,2종,7050
556,동순천,2014-04,3종,17220
556,동순천,2014-04,4종,13019
556,동순천,2014-04,5종,44275
556,동순천,2014-04,6종,6293
557,황전,2014-04,1종,74091
557,황전,2014-04,2종,2413
557,황전,2014-04,3종,2850
557,황전,2014-04,4종,1085
557,황전,2014-04,5종,3485
557,황전,2014-04,6종,3221
558,구례화엄사,2014-04,1종,101455
558,구례화엄사,2014-04,2종,3048
558,구례화엄사,2014-04,3종,8990
558,구례화엄사,2014-04,4종,2904
558,구례화엄사,2014-04,5종,5690
558,구례화엄사,2014-04,6종,3028
559,서남원,2014-04,1종,44955
559,서남원,2014-04,2종,2695
559,서남원,2014-04,3종,3347
559,서남원,2014-04,4종,2637
559,서남원,2014-04,5종,6925
559,서남원,2014-04,6종,1466
560,감곡,2014-04,1종,321225
560,감곡,2014-04,2종,16711
560,감곡,2014-04,3종,21205
560,감곡,2014-04,4종,20560
560,감곡,2014-04,5종,42800
560,감곡,2014-04,6종,11464
561,북충주,2014-04,1종,132230
561,북충주,2014-04,2종,4238
561,북충주,2014-04,3종,6059
561,북충주,2014-04,4종,8357
561,북충주,2014-04,5종,31806
561,북충주,2014-04,6종,4269
562,충주,2014-04,1종,216334
562,충주,2014-04,2종,9012
562,충주,2014-04,3종,18471
562,충주,2014-04,4종,10645
562,충주,2014-04,5종,10011
562,충주,2014-04,6종,8340
563,괴산,2014-04,1종,64377
563,괴산,2014-04,2종,2243
563,괴산,2014-04,3종,3841
563,괴산,2014-04,4종,2668
563,괴산,2014-04,5종,5983
563,괴산,2014-04,6종,2159
564,연풍,2014-04,1종,45684
564,연풍,2014-04,2종,3251
564,연풍,2014-04,3종,7213
564,연풍,2014-04,4종,5864
564,연풍,2014-04,5종,7222
564,연풍,2014-04,6종,1306
565,문경새재,2014-04,1종,76021
565,문경새재,2014-04,2종,3247
565,문경새재,2014-04,3종,6579
565,문경새재,2014-04,4종,4386
565,문경새재,2014-04,5종,4314
565,문경새재,2014-04,6종,2371
566,점촌함창,2014-04,1종,126049
566,점촌함창,2014-04,2종,4853
566,점촌함창,2014-04,3종,10659
566,점촌함창,2014-04,4종,5721
566,점촌함창,2014-04,5종,6530
566,점촌함창,2014-04,6종,4000
567,남고창,2014-04,1종,104791
567,남고창,2014-04,2종,3797
567,남고창,2014-04,3종,2931
567,남고창,2014-04,4종,1317
567,남고창,2014-04,5종,2579
567,남고창,2014-04,6종,4178
568,장성물류,2014-04,1종,34892
568,장성물류,2014-04,2종,7672
568,장성물류,2014-04,3종,3714
568,장성물류,2014-04,4종,6954
568,장성물류,2014-04,5종,7852
568,장성물류,2014-04,6종,977
569,북광주,2014-04,1종,276954
569,북광주,2014-04,2종,16051
569,북광주,2014-04,3종,14428
569,북광주,2014-04,4종,16731
569,북광주,2014-04,5종,25725
569,북광주,2014-04,6종,9230
570,북상주,2014-04,1종,107500
570,북상주,2014-04,2종,6834
570,북상주,2014-04,3종,11237
570,북상주,2014-04,4종,11212
570,북상주,2014-04,5종,8348
570,북상주,2014-04,6종,3620
571,면천,2014-04,1종,93336
571,면천,2014-04,2종,3827
571,면천,2014-04,3종,3936
571,면천,2014-04,4종,4133
571,면천,2014-04,5종,5667
571,면천,2014-04,6종,3812
572,고덕,2014-04,1종,110851
572,고덕,2014-04,2종,4526
572,고덕,2014-04,3종,6651
572,고덕,2014-04,4종,3523
572,고덕,2014-04,5종,6649
572,고덕,2014-04,6종,4071
573,예산수덕사,2014-04,1종,282201
573,예산수덕사,2014-04,2종,11539
573,예산수덕사,2014-04,3종,13393
573,예산수덕사,2014-04,4종,10421
573,예산수덕사,2014-04,5종,12302
573,예산수덕사,2014-04,6종,10361
574,신양,2014-04,1종,88168
574,신양,2014-04,2종,3356
574,신양,2014-04,3종,3438
574,신양,2014-04,4종,2623
574,신양,2014-04,5종,4129
574,신양,2014-04,6종,3230
575,유구,2014-04,1종,95048
575,유구,2014-04,2종,4918
575,유구,2014-04,3종,5063
575,유구,2014-04,4종,4749
575,유구,2014-04,5종,7391
575,유구,2014-04,6종,3504
576,마곡사,2014-04,1종,37733
576,마곡사,2014-04,2종,1085
576,마곡사,2014-04,3종,1453
576,마곡사,2014-04,4종,747
576,마곡사,2014-04,5종,772
576,마곡사,2014-04,6종,1527
577,공주,2014-04,1종,171305
577,공주,2014-04,2종,6141
577,공주,2014-04,3종,8393
577,공주,2014-04,4종,2694
577,공주,2014-04,5종,4724
577,공주,2014-04,6종,7461
578,서세종,2014-04,1종,187210
578,서세종,2014-04,2종,12429
578,서세종,2014-04,3종,9410
578,서세종,2014-04,4종,6523
578,서세종,2014-04,5종,10629
578,서세종,2014-04,6종,7525
579,남세종,2014-04,1종,310946
579,남세종,2014-04,2종,8571
579,남세종,2014-04,3종,8838
579,남세종,2014-04,4종,4782
579,남세종,2014-04,5종,8555
579,남세종,2014-04,6종,14261
580,북강릉,2014-04,1종,156820
580,북강릉,2014-04,2종,5765
580,북강릉,2014-04,3종,9394
580,북강릉,2014-04,4종,2165
580,북강릉,2014-04,5종,4827
580,북강릉,2014-04,6종,7489
581,옥계,2014-04,1종,48457
581,옥계,2014-04,2종,2002
581,옥계,2014-04,3종,2236
581,옥계,2014-04,4종,3254
581,옥계,2014-04,5종,15812
581,옥계,2014-04,6종,3213
582,망상,2014-04,1종,96034
582,망상,2014-04,2종,3505
582,망상,2014-04,3종,13764
582,망상,2014-04,4종,1371
582,망상,2014-04,5종,2275
582,망상,2014-04,6종,5944
583,동해,2014-04,1종,286537
583,동해,2014-04,2종,11142
583,동해,2014-04,3종,15143
583,동해,2014-04,4종,8311
583,동해,2014-04,5종,26173
583,동해,2014-04,6종,14117
584,남강릉,2014-04,1종,102316
584,남강릉,2014-04,2종,6566
584,남강릉,2014-04,3종,9879
584,남강릉,2014-04,4종,3568
584,남강릉,2014-04,5종,4244
584,남강릉,2014-04,6종,6790
585,하조대,2014-04,1종,112368
585,하조대,2014-04,2종,4612
585,하조대,2014-04,3종,9989
585,하조대,2014-04,4종,2622
585,하조대,2014-04,5종,4061
585,하조대,2014-04,6종,4809
586,북남원,2014-04,1종,21566
586,북남원,2014-04,2종,852
586,북남원,2014-04,3종,656
586,북남원,2014-04,4종,356
586,북남원,2014-04,5종,2450
586,북남원,2014-04,6종,545
587,오수,2014-04,1종,135339
587,오수,2014-04,2종,5155
587,오수,2014-04,3종,9281
587,오수,2014-04,4종,4095
587,오수,2014-04,5종,6772
587,오수,2014-04,6종,4316
588,임실,2014-04,1종,44719
588,임실,2014-04,2종,2354
588,임실,2014-04,3종,3028
588,임실,2014-04,4종,1195
588,임실,2014-04,5종,3881
588,임실,2014-04,6종,1470
589,상관,2014-04,1종,133332
589,상관,2014-04,2종,4719
589,상관,2014-04,3종,9408
589,상관,2014-04,4종,4745
589,상관,2014-04,5종,26938
589,상관,2014-04,6종,3702
590,동전주,2014-04,1종,166460
590,동전주,2014-04,2종,3669
590,동전주,2014-04,3종,4590
590,동전주,2014-04,4종,1983
590,동전주,2014-04,5종,4836
590,동전주,2014-04,6종,6060
591,동서천,2014-04,1종,45122
591,동서천,2014-04,2종,1658
591,동서천,2014-04,3종,2458
591,동서천,2014-04,4종,2013
591,동서천,2014-04,5종,4466
591,동서천,2014-04,6종,1432
592,서부여,2014-04,1종,52906
592,서부여,2014-04,2종,2778
592,서부여,2014-04,3종,3000
592,서부여,2014-04,4종,1461
592,서부여,2014-04,5종,2062
592,서부여,2014-04,6종,1746
593,부여,2014-04,1종,73092
593,부여,2014-04,2종,2651
593,부여,2014-04,3종,4065
593,부여,2014-04,4종,2313
593,부여,2014-04,5종,2977
593,부여,2014-04,6종,2644
594,칠갑산,2014-04,1종,53184
594,칠갑산,2014-04,2종,1749
594,칠갑산,2014-04,3종,2906
594,칠갑산,2014-04,4종,1107
594,칠갑산,2014-04,5종,903
594,칠갑산,2014-04,6종,1851
595,서공주,2014-04,1종,57519
595,서공주,2014-04,2종,3284
595,서공주,2014-04,3종,3052
595,서공주,2014-04,4종,2229
595,서공주,2014-04,5종,3517
595,서공주,2014-04,6종,2188
597,서여주,2014-04,1종,115943
597,서여주,2014-04,2종,6396
597,서여주,2014-04,3종,6148
597,서여주,2014-04,4종,6073
597,서여주,2014-04,5종,7718
597,서여주,2014-04,6종,5740
598,북여주,2014-04,1종,73814
598,북여주,2014-04,2종,3362
598,북여주,2014-04,3종,2537
598,북여주,2014-04,4종,2000
598,북여주,2014-04,5종,5829
598,북여주,2014-04,6종,3287
599,양촌,2014-04,1종,26688
599,양촌,2014-04,2종,519
599,양촌,2014-04,3종,329
599,양촌,2014-04,4종,11
599,양촌,2014-04,5종,3
599,양촌,2014-04,6종,909
601,남천안,2014-04,1종,390455
601,남천안,2014-04,2종,29912
601,남천안,2014-04,3종,34375
601,남천안,2014-04,4종,30687
601,남천안,2014-04,5종,26056
601,남천안,2014-04,6종,15998
602,풍세상,2014-04,1종,1348218
602,풍세상,2014-04,2종,43940
602,풍세상,2014-04,3종,165146
602,풍세상,2014-04,4종,74704
602,풍세상,2014-04,5종,77206
602,풍세상,2014-04,6종,55212
603,정안,2014-04,1종,225029
603,정안,2014-04,2종,11031
603,정안,2014-04,3종,27622
603,정안,2014-04,4종,13779
603,정안,2014-04,5종,11051
603,정안,2014-04,6종,7978
604,남공주,2014-04,1종,71459
604,남공주,2014-04,2종,3298
604,남공주,2014-04,3종,4905
604,남공주,2014-04,4종,2548
604,남공주,2014-04,5종,4235
604,남공주,2014-04,6종,2522
605,탄천,2014-04,1종,26273
605,탄천,2014-04,2종,1750
605,탄천,2014-04,3종,1487
605,탄천,2014-04,4종,1431
605,탄천,2014-04,5종,1275
605,탄천,2014-04,6종,891
606,서논산,2014-04,1종,133379
606,서논산,2014-04,2종,7259
606,서논산,2014-04,3종,11235
606,서논산,2014-04,4종,7925
606,서논산,2014-04,5종,9193
606,서논산,2014-04,6종,5143
607,연무,2014-04,1종,59151
607,연무,2014-04,2종,2878
607,연무,2014-04,3종,2983
607,연무,2014-04,4종,1645
607,연무,2014-04,5종,2494
607,연무,2014-04,6종,1900
608,남논산하,2014-04,1종,817390
608,남논산하,2014-04,2종,26066
608,남논산하,2014-04,3종,117064
608,남논산하,2014-04,4종,39746
608,남논산하,2014-04,5종,58634
608,남논산하,2014-04,6종,29702
612,풍세하,2014-04,1종,1383658
612,풍세하,2014-04,2종,42966
612,풍세하,2014-04,3종,169876
612,풍세하,2014-04,4종,58732
612,풍세하,2014-04,5종,59110
612,풍세하,2014-04,6종,56440
618,남논산상,2014-04,1종,798906
618,남논산상,2014-04,2종,26754
618,남논산상,2014-04,3종,111932
618,남논산상,2014-04,4종,46628
618,남논산상,2014-04,5종,69526
618,남논산상,2014-04,6종,29032
621,동대구,2014-04,1종,832014
621,동대구,2014-04,2종,34615
621,동대구,2014-04,3종,42635
621,동대구,2014-04,4종,23238
621,동대구,2014-04,5종,30091
621,동대구,2014-04,6종,41790
622,대구,2014-04,1종,1029639
622,대구,2014-04,2종,47489
622,대구,2014-04,3종,66337
622,대구,2014-04,4종,49840
622,대구,2014-04,5종,95556
622,대구,2014-04,6종,54965
623,수성,2014-04,1종,728072
623,수성,2014-04,2종,20786
623,수성,2014-04,3종,15836
623,수성,2014-04,4종,6915
623,수성,2014-04,5종,8367
623,수성,2014-04,6종,34104
624,청도,2014-04,1종,190656
624,청도,2014-04,2종,9133
624,청도,2014-04,3종,7891
624,청도,2014-04,4종,5070
624,청도,2014-04,5종,6483
624,청도,2014-04,6종,9094
625,밀양,2014-04,1종,266005
625,밀양,2014-04,2종,14901
625,밀양,2014-04,3종,13958
625,밀양,2014-04,4종,9410
625,밀양,2014-04,5종,13253
625,밀양,2014-04,6종,11848
626,남밀양,2014-04,1종,356780
626,남밀양,2014-04,2종,22343
626,남밀양,2014-04,3종,20786
626,남밀양,2014-04,4종,14870
626,남밀양,2014-04,5종,16109
626,남밀양,2014-04,6종,20928
627,삼랑진,2014-04,1종,230775
627,삼랑진,2014-04,2종,11051
627,삼랑진,2014-04,3종,7902
627,삼랑진,2014-04,4종,5551
627,삼랑진,2014-04,5종,11518
627,삼랑진,2014-04,6종,13796
628,상동,2014-04,1종,248166
628,상동,2014-04,2종,26528
628,상동,2014-04,3종,15008
628,상동,2014-04,4종,15179
628,상동,2014-04,5종,25071
628,상동,2014-04,6종,14749
629,김해부산,2014-04,1종,1130886
629,김해부산,2014-04,2종,66594
629,김해부산,2014-04,3종,77490
629,김해부산,2014-04,4종,62584
629,김해부산,2014-04,5종,112918
629,김해부산,2014-04,6종,65326
641,울산,2014-04,1종,1158059
641,울산,2014-04,2종,56084
641,울산,2014-04,3종,78675
641,울산,2014-04,4종,50702
641,울산,2014-04,5종,135249
641,울산,2014-04,6종,56291
642,문수,2014-04,1종,116352
642,문수,2014-04,2종,5259
642,문수,2014-04,3종,5090
642,문수,2014-04,4종,5856
642,문수,2014-04,5종,7898
642,문수,2014-04,6종,6888
643,청량,2014-04,1종,540909
643,청량,2014-04,2종,15008
643,청량,2014-04,3종,16349
643,청량,2014-04,4종,22369
643,청량,2014-04,5종,82357
643,청량,2014-04,6종,33086
644,온양,2014-04,1종,186449
644,온양,2014-04,2종,4227
644,온양,2014-04,3종,2748
644,온양,2014-04,4종,3388
644,온양,2014-04,5종,13868
644,온양,2014-04,6종,12171
645,장안,2014-04,1종,329667
645,장안,2014-04,2종,8245
645,장안,2014-04,3종,6276
645,장안,2014-04,4종,6069
645,장안,2014-04,5종,16996
645,장안,2014-04,6종,22134
646,기장일광,2014-04,1종,254955
646,기장일광,2014-04,2종,3165
646,기장일광,2014-04,3종,4067
646,기장일광,2014-04,4종,2267
646,기장일광,2014-04,5종,4030
646,기장일광,2014-04,6종,15859
647,해운대송정,2014-04,1종,95407
647,해운대송정,2014-04,2종,1258
647,해운대송정,2014-04,3종,1048
647,해운대송정,2014-04,4종,635
647,해운대송정,2014-04,5종,908
647,해운대송정,2014-04,6종,6145
648,해운대,2014-04,1종,747641
648,해운대,2014-04,2종,9818
648,해운대,2014-04,3종,10175
648,해운대,2014-04,4종,7920
648,해운대,2014-04,5종,40907
648,해운대,2014-04,6종,44618
651,남양주,2014-04,1종,1555439
651,남양주,2014-04,2종,41317
651,남양주,2014-04,3종,68023
651,남양주,2014-04,4종,16894
651,남양주,2014-04,5종,19197
651,남양주,2014-04,6종,86962
652,화도,2014-04,1종,847887
652,화도,2014-04,2종,34211
652,화도,2014-04,3종,34240
652,화도,2014-04,4종,13324
652,화도,2014-04,5종,14894
652,화도,2014-04,6종,63395
653,서종,2014-04,1종,180554
653,서종,2014-04,2종,2168
653,서종,2014-04,3종,1174
653,서종,2014-04,4종,1005
653,서종,2014-04,5종,1667
653,서종,2014-04,6종,11249
654,설악,2014-04,1종,213764
654,설악,2014-04,2종,3823
654,설악,2014-04,3종,4973
654,설악,2014-04,4종,1361
654,설악,2014-04,5종,1575
654,설악,2014-04,6종,11161
655,강촌,2014-04,1종,133010
655,강촌,2014-04,2종,2277
655,강촌,2014-04,3종,3774
655,강촌,2014-04,4종,1417
655,강촌,2014-04,5종,990
655,강촌,2014-04,6종,5363
656,남춘천,2014-04,1종,163486
656,남춘천,2014-04,2종,3050
656,남춘천,2014-04,3종,11552
656,남춘천,2014-04,4종,2077
656,남춘천,2014-04,5종,4091
656,남춘천,2014-04,6종,8262
657,동산,2014-04,1종,551026
657,동산,2014-04,2종,10910
657,동산,2014-04,3종,29002
657,동산,2014-04,4종,7186
657,동산,2014-04,5종,7960
657,동산,2014-04,6종,30018
658,조양,2014-04,1종,24072
658,조양,2014-04,2종,424
658,조양,2014-04,3종,260
658,조양,2014-04,4종,486
658,조양,2014-04,5종,497
658,조양,2014-04,6종,984
671,봉담,2014-04,1종,1198814
671,봉담,2014-04,2종,61116
671,봉담,2014-04,3종,45521
671,봉담,2014-04,4종,20725
671,봉담,2014-04,5종,26820
671,봉담,2014-04,6종,96200
672,정남,2014-04,1종,381097
672,정남,2014-04,2종,21760
672,정남,2014-04,3종,16144
672,정남,2014-04,4종,7233
672,정남,2014-04,5종,5304
672,정남,2014-04,6종,31948
673,북오산,2014-04,1종,744066
673,북오산,2014-04,2종,30077
673,북오산,2014-04,3종,26631
673,북오산,2014-04,4종,15100
673,북오산,2014-04,5종,11340
673,북오산,2014-04,6종,56016
674,,2014-04,1종,795460
674,,2014-04,2종,41965
674,,2014-04,3종,59214
674,,2014-04,4종,19518
674,,2014-04,5종,23480
674,,2014-04,6종,57097
675,서오산,2014-04,1종,721076
675,서오산,2014-04,2종,24035
675,서오산,2014-04,3종,18526
675,서오산,2014-04,4종,15116
675,서오산,2014-04,5종,11876
675,서오산,2014-04,6종,52478
676,향남,2014-04,1종,546095
676,향남,2014-04,2종,41758
676,향남,2014-04,3종,23909
676,향남,2014-04,4종,23989
676,향남,2014-04,5종,15048
676,향남,2014-04,6종,45072
677,북평택,2014-04,1종,874274
677,북평택,2014-04,2종,36544
677,북평택,2014-04,3종,49035
677,북평택,2014-04,4종,17781
677,북평택,2014-04,5종,30155
677,북평택,2014-04,6종,55312
681,장안본선,2014-04,1종,905878
681,장안본선,2014-04,2종,79158
681,장안본선,2014-04,3종,127498
681,장안본선,2014-04,4종,91030
681,장안본선,2014-04,5종,164636
681,장안본선,2014-04,6종,51242
682,조암,2014-04,1종,304287
682,조암,2014-04,2종,39407
682,조암,2014-04,3종,30437
682,조암,2014-04,4종,21988
682,조암,2014-04,5종,25735
682,조암,2014-04,6종,18936
683,송산마도,2014-04,1종,498135
683,송산마도,2014-04,2종,36990
683,송산마도,2014-04,3종,27145
683,송산마도,2014-04,4종,19153
683,송산마도,2014-04,5종,36784
683,송산마도,2014-04,6종,29088
684,남안산,2014-04,1종,669887
684,남안산,2014-04,2종,77921
684,남안산,2014-04,3종,59822
684,남안산,2014-04,4종,50760
684,남안산,2014-04,5종,69652
684,남안산,2014-04,6종,50625
685,서시흥,2014-04,1종,1168964
685,서시흥,2014-04,2종,82277
685,서시흥,2014-04,3종,114006
685,서시흥,2014-04,4종,73316
685,서시흥,2014-04,5종,148957
685,서시흥,2014-04,6종,71036
981,서영암,2014-04,1종,194410
981,서영암,2014-04,2종,5104
981,서영암,2014-04,3종,13325
981,서영암,2014-04,4종,6440
981,서영암,2014-04,5종,16928
981,서영암,2014-04,6종,5309
982,강진무위사,2014-04,1종,125583
982,강진무위사,2014-04,2종,3479
982,강진무위사,2014-04,3종,11624
982,강진무위사,2014-04,4종,3300
982,강진무위사,2014-04,5종,5212
982,강진무위사,2014-04,6종,3374
983,장흥,2014-04,1종,93062
983,장흥,2014-04,2종,1766
983,장흥,2014-04,3종,4115
983,장흥,2014-04,4종,790
983,장흥,2014-04,5종,1275
983,장흥,2014-04,6종,2536
984,보성,2014-04,1종,148108
984,보성,2014-04,2종,5479
984,보성,2014-04,3종,8509
984,보성,2014-04,4종,4564
984,보성,2014-04,5종,12100
984,보성,2014-04,6종,3865
985,벌교,2014-04,1종,108126
985,벌교,2014-04,2종,4039
985,벌교,2014-04,3종,4887
985,벌교,2014-04,4종,2048
985,벌교,2014-04,5종,3578
985,벌교,2014-04,6종,2786
986,고흥,2014-04,1종,130504
986,고흥,2014-04,2종,3404
986,고흥,2014-04,3종,7206
986,고흥,2014-04,4종,4945
986,고흥,2014-04,5종,6605
986,고흥,2014-04,6종,3926
987,남순천,2014-04,1종,377262
987,남순천,2014-04,2종,10593
987,남순천,2014-04,3종,25640
987,남순천,2014-04,4종,14761
987,남순천,2014-04,5종,35147
987,남순천,2014-04,6종,10354
11,인천,2014-05,1종,3548519
11,인천,2014-05,2종,116517
11,인천,2014-05,3종,83052
11,인천,2014-05,4종,58077
11,인천,2014-05,5종,111611
11,인천,2014-05,6종,330350
12,서영암(개),2014-05,1종,33710
12,서영암(개),2014-05,2종,570
12,서영암(개),2014-05,3종,624
12,서영암(개),2014-05,4종,273
12,서영암(개),2014-05,5종,643
12,서영암(개),2014-05,6종,2204
13,순천만,2014-05,1종,129486
13,순천만,2014-05,2종,4633
13,순천만,2014-05,3종,4821
13,순천만,2014-05,4종,2869
13,순천만,2014-05,5종,9123
13,순천만,2014-05,6종,6009
53,남인천,2014-05,1종,1693451
53,남인천,2014-05,2종,42983
53,남인천,2014-05,3종,55737
53,남인천,2014-05,4종,20070
53,남인천,2014-05,5종,63629
53,남인천,2014-05,6종,143862
56,일로,2014-05,1종,40536
56,일로,2014-05,2종,1463
56,일로,2014-05,3종,1160
56,일로,2014-05,4종,980
56,일로,2014-05,5종,3455
56,일로,2014-05,6종,2343
61,성남,2014-05,1종,3974449
61,성남,2014-05,2종,158026
61,성남,2014-05,3종,151045
61,성남,2014-05,4종,81651
61,성남,2014-05,5종,96442
61,성남,2014-05,6종,276879
62,구리남양주,2014-05,1종,5184649
62,구리남양주,2014-05,2종,211455
62,구리남양주,2014-05,3종,191828
62,구리남양주,2014-05,4종,125084
62,구리남양주,2014-05,5종,114475
62,구리남양주,2014-05,6종,384273
63,토평,2014-05,1종,523852
63,토평,2014-05,2종,16024
63,토평,2014-05,3종,9066
63,토평,2014-05,4종,12575
63,토평,2014-05,5종,12803
63,토평,2014-05,6종,41353
64,청계,2014-05,1종,4592986
64,청계,2014-05,2종,149192
64,청계,2014-05,3종,151139
64,청계,2014-05,4종,48636
64,청계,2014-05,5종,92471
64,청계,2014-05,6종,349583
65,판교,2014-05,1종,2921189
65,판교,2014-05,2종,46244
65,판교,2014-05,3종,179313
65,판교,2014-05,4종,17718
65,판교,2014-05,5종,17279
65,판교,2014-05,6종,173799
66,하남,2014-05,1종,879582
66,하남,2014-05,2종,28483
66,하남,2014-05,3종,15502
66,하남,2014-05,4종,7901
66,하남,2014-05,5종,8388
66,하남,2014-05,6종,67448
67,시흥,2014-05,1종,3955904
67,시흥,2014-05,2종,141486
67,시흥,2014-05,3종,122586
67,시흥,2014-05,4종,67900
67,시흥,2014-05,5종,71916
67,시흥,2014-05,6종,307691
68,김포,2014-05,1종,4790198
68,김포,2014-05,2종,188407
68,김포,2014-05,3종,151059
68,김포,2014-05,4종,77014
68,김포,2014-05,5종,113061
68,김포,2014-05,6종,394921
69,대왕판교,2014-05,1종,196887
69,대왕판교,2014-05,2종,1609
69,대왕판교,2014-05,3종,195
69,대왕판교,2014-05,4종,38
69,대왕판교,2014-05,5종,16
69,대왕판교,2014-05,6종,11617
74,덕소삼패,2014-05,1종,320041
74,덕소삼패,2014-05,2종,8317
74,덕소삼패,2014-05,3종,4006
74,덕소삼패,2014-05,4종,9787
74,덕소삼패,2014-05,5종,12483
74,덕소삼패,2014-05,6종,24790
91,대동(개),2014-05,1종,141355
91,대동(개),2014-05,2종,9499
91,대동(개),2014-05,3종,5953
91,대동(개),2014-05,4종,17686
91,대동(개),2014-05,5종,11985
91,대동(개),2014-05,6종,9334
92,내서,2014-05,1종,220589
92,내서,2014-05,2종,8283
92,내서,2014-05,3종,10913
92,내서,2014-05,4종,3595
92,내서,2014-05,5종,6729
92,내서,2014-05,6종,20784
101,서울,2014-05,1종,5511769
101,서울,2014-05,2종,196640
101,서울,2014-05,3종,588196
101,서울,2014-05,4종,97751
101,서울,2014-05,5종,54746
101,서울,2014-05,6종,262598
102,동수원,2014-05,1종,2154243
102,동수원,2014-05,2종,40871
102,동수원,2014-05,3종,86304
102,동수원,2014-05,4종,21275
102,동수원,2014-05,5종,19272
102,동수원,2014-05,6종,136219
103,수원신갈,2014-05,1종,2478369
103,수원신갈,2014-05,2종,98337
103,수원신갈,2014-05,3종,158292
103,수원신갈,2014-05,4종,42463
103,수원신갈,2014-05,5종,26334
103,수원신갈,2014-05,6종,138604
104,지곡,2014-05,1종,42605
104,지곡,2014-05,2종,1534
104,지곡,2014-05,3종,1751
104,지곡,2014-05,4종,1835
104,지곡,2014-05,5종,1969
104,지곡,2014-05,6종,1661
105,기흥,2014-05,1종,436531
105,기흥,2014-05,2종,25613
105,기흥,2014-05,3종,15574
105,기흥,2014-05,4종,10504
105,기흥,2014-05,5종,12240
105,기흥,2014-05,6종,22283
106,오산,2014-05,1종,1135594
106,오산,2014-05,2종,92902
106,오산,2014-05,3종,100860
106,오산,2014-05,4종,45052
106,오산,2014-05,5종,30707
106,오산,2014-05,6종,73595
107,안성,2014-05,1종,842765
107,안성,2014-05,2종,32697
107,안성,2014-05,3종,55275
107,안성,2014-05,4종,16229
107,안성,2014-05,5종,12550
107,안성,2014-05,6종,52995
108,천안,2014-05,1종,1457017
108,천안,2014-05,2종,47792
108,천안,2014-05,3종,108580
108,천안,2014-05,4종,38257
108,천안,2014-05,5종,31775
108,천안,2014-05,6종,73477
109,계룡,2014-05,1종,134877
109,계룡,2014-05,2종,9821
109,계룡,2014-05,3종,11319
109,계룡,2014-05,4종,8198
109,계룡,2014-05,5종,5877
109,계룡,2014-05,6종,8491
110,독립기념관,2014-05,1종,344128
110,독립기념관,2014-05,2종,21284
110,독립기념관,2014-05,3종,25297
110,독립기념관,2014-05,4종,28753
110,독립기념관,2014-05,5종,17963
110,독립기념관,2014-05,6종,14887
111,청주,2014-05,1종,482950
111,청주,2014-05,2종,20571
111,청주,2014-05,3종,49845
111,청주,2014-05,4종,14521
111,청주,2014-05,5종,19669
111,청주,2014-05,6종,24664
112,남청주,2014-05,1종,516784
112,남청주,2014-05,2종,43123
112,남청주,2014-05,3종,41912
112,남청주,2014-05,4종,45851
112,남청주,2014-05,5종,39434
112,남청주,2014-05,6종,23120
113,신탄진,2014-05,1종,778156
113,신탄진,2014-05,2종,45389
113,신탄진,2014-05,3종,35317
113,신탄진,2014-05,4종,57082
113,신탄진,2014-05,5종,50861
113,신탄진,2014-05,6종,41697
114,남대전,2014-05,1종,324667
114,남대전,2014-05,2종,12884
114,남대전,2014-05,3종,10795
114,남대전,2014-05,4종,6269
114,남대전,2014-05,5종,8788
114,남대전,2014-05,6종,16068
115,대전,2014-05,1종,1374928
115,대전,2014-05,2종,41391
115,대전,2014-05,3종,83452
115,대전,2014-05,4종,16477
115,대전,2014-05,5종,14897
115,대전,2014-05,6종,72717
116,옥천,2014-05,1종,397647
116,옥천,2014-05,2종,22466
116,옥천,2014-05,3종,19629
116,옥천,2014-05,4종,32990
116,옥천,2014-05,5종,20227
116,옥천,2014-05,6종,22155
117,금강,2014-05,1종,50871
117,금강,2014-05,2종,1875
117,금강,2014-05,3종,1402
117,금강,2014-05,4종,3084
117,금강,2014-05,5종,821
117,금강,2014-05,6종,2720
118,영동,2014-05,1종,100067
118,영동,2014-05,2종,5486
118,영동,2014-05,3종,5009
118,영동,2014-05,4종,3069
118,영동,2014-05,5종,5632
118,영동,2014-05,6종,4542
119,판암,2014-05,1종,503153
119,판암,2014-05,2종,16107
119,판암,2014-05,3종,10841
119,판암,2014-05,4종,6599
119,판암,2014-05,5종,6579
119,판암,2014-05,6종,28730
120,황간,2014-05,1종,86638
120,황간,2014-05,2종,2984
120,황간,2014-05,3종,3930
120,황간,2014-05,4종,3914
120,황간,2014-05,5종,5869
120,황간,2014-05,6종,3516
121,추풍령,2014-05,1종,43735
121,추풍령,2014-05,2종,1340
121,추풍령,2014-05,3종,1703
121,추풍령,2014-05,4종,1119
121,추풍령,2014-05,5종,1481
121,추풍령,2014-05,6종,1877
122,김천,2014-05,1종,235878
122,김천,2014-05,2종,8487
122,김천,2014-05,3종,10817
122,김천,2014-05,4종,9058
122,김천,2014-05,5종,8498
122,김천,2014-05,6종,10651
123,구미,2014-05,1종,803390
123,구미,2014-05,2종,20525
123,구미,2014-05,3종,36616
123,구미,2014-05,4종,19110
123,구미,2014-05,5종,17970
123,구미,2014-05,6종,41606
124,상주,2014-05,1종,146198
124,상주,2014-05,2종,7268
124,상주,2014-05,3종,6142
124,상주,2014-05,4종,6623
124,상주,2014-05,5종,8114
124,상주,2014-05,6종,4704
125,남구미,2014-05,1종,552644
125,남구미,2014-05,2종,22627
125,남구미,2014-05,3종,33018
125,남구미,2014-05,4종,22606
125,남구미,2014-05,5종,40759
125,남구미,2014-05,6종,31133
126,왜관,2014-05,1종,650592
126,왜관,2014-05,2종,50629
126,왜관,2014-05,3종,30896
126,왜관,2014-05,4종,24959
126,왜관,2014-05,5종,33314
126,왜관,2014-05,6종,31288
127,서대구,2014-05,1종,1982448
127,서대구,2014-05,2종,94995
127,서대구,2014-05,3종,103395
127,서대구,2014-05,4종,50238
127,서대구,2014-05,5종,62453
127,서대구,2014-05,6종,89872
128,금왕꽃동네,2014-05,1종,68385
128,금왕꽃동네,2014-05,2종,7565
128,금왕꽃동네,2014-05,3종,7021
128,금왕꽃동네,2014-05,4종,5667
128,금왕꽃동네,2014-05,5종,8273
128,금왕꽃동네,2014-05,6종,2973
129,북대구,2014-05,1종,1831081
129,북대구,2014-05,2종,63151
129,북대구,2014-05,3종,55694
129,북대구,2014-05,4종,24266
129,북대구,2014-05,5종,27184
129,북대구,2014-05,6종,79898
130,동김천,2014-05,1종,127333
130,동김천,2014-05,2종,5395
130,동김천,2014-05,3종,9039
130,동김천,2014-05,4종,6842
130,동김천,2014-05,5종,11773
130,동김천,2014-05,6종,4683
131,경산,2014-05,1종,846837
131,경산,2014-05,2종,79013
131,경산,2014-05,3종,55874
131,경산,2014-05,4종,43545
131,경산,2014-05,5종,39470
131,경산,2014-05,6종,47287
132,영천,2014-05,1종,423689
132,영천,2014-05,2종,25807
132,영천,2014-05,3종,27852
132,영천,2014-05,4종,23188
132,영천,2014-05,5종,45131
132,영천,2014-05,6종,16779
133,서경주,2014-05,1종,190943
133,서경주,2014-05,2종,8460
133,서경주,2014-05,3종,12231
133,서경주,2014-05,4종,9326
133,서경주,2014-05,5종,25951
133,서경주,2014-05,6종,6126
134,선산,2014-05,1종,96545
134,선산,2014-05,2종,5021
134,선산,2014-05,3종,4988
134,선산,2014-05,4종,6628
134,선산,2014-05,5종,7197
134,선산,2014-05,6종,3475
135,경주,2014-05,1종,947276
135,경주,2014-05,2종,42031
135,경주,2014-05,3종,73605
135,경주,2014-05,4종,40805
135,경주,2014-05,5종,95162
135,경주,2014-05,6종,34717
136,음성,2014-05,1종,130694
136,음성,2014-05,2종,6866
136,음성,2014-05,3종,7585
136,음성,2014-05,4종,5765
136,음성,2014-05,5종,6298
136,음성,2014-05,6종,5073
137,통도사,2014-05,1종,302946
137,통도사,2014-05,2종,16112
137,통도사,2014-05,3종,14793
137,통도사,2014-05,4종,11215
137,통도사,2014-05,5종,17067
137,통도사,2014-05,6종,15531
138,양산,2014-05,1종,670797
138,양산,2014-05,2종,70828
138,양산,2014-05,3종,42667
138,양산,2014-05,4종,45783
138,양산,2014-05,5종,58847
138,양산,2014-05,6종,37561
139,서울산,2014-05,1종,473223
139,서울산,2014-05,2종,27267
139,서울산,2014-05,3종,36058
139,서울산,2014-05,4종,22913
139,서울산,2014-05,5종,32785
139,서울산,2014-05,6종,24742
140,부산,2014-05,1종,1635541
140,부산,2014-05,2종,64559
140,부산,2014-05,3종,54572
140,부산,2014-05,4종,34732
140,부산,2014-05,5종,69642
140,부산,2014-05,6종,91037
142,군북,2014-05,1종,385832
142,군북,2014-05,2종,14850
142,군북,2014-05,3종,15767
142,군북,2014-05,4종,9563
142,군북,2014-05,5종,17457
142,군북,2014-05,6종,22871
143,장지,2014-05,1종,116919
143,장지,2014-05,2종,7052
143,장지,2014-05,3종,5420
143,장지,2014-05,4종,4011
143,장지,2014-05,5종,15478
143,장지,2014-05,6종,6835
144,함안,2014-05,1종,268726
144,함안,2014-05,2종,13055
144,함안,2014-05,3종,10757
144,함안,2014-05,4종,8082
144,함안,2014-05,5종,18047
144,함안,2014-05,6종,16808
145,산인,2014-05,1종,812822
145,산인,2014-05,2종,20132
145,산인,2014-05,3종,33902
145,산인,2014-05,4종,13641
145,산인,2014-05,5종,22002
145,산인,2014-05,6종,45504
146,동창원,2014-05,1종,590165
146,동창원,2014-05,2종,30427
146,동창원,2014-05,3종,23596
146,동창원,2014-05,4종,19223
146,동창원,2014-05,5종,28860
146,동창원,2014-05,6종,39681
147,진례,2014-05,1종,434917
147,진례,2014-05,2종,34995
147,진례,2014-05,3종,19990
147,진례,2014-05,4종,17179
147,진례,2014-05,5종,33979
147,진례,2014-05,6종,29150
148,서김해,2014-05,1종,651230
148,서김해,2014-05,2종,22981
148,서김해,2014-05,3종,16713
148,서김해,2014-05,4종,10659
148,서김해,2014-05,5종,17053
148,서김해,2014-05,6종,44855
149,동김해,2014-05,1종,1137212
149,동김해,2014-05,2종,35147
149,동김해,2014-05,3종,27558
149,동김해,2014-05,4종,12815
149,동김해,2014-05,5종,15163
149,동김해,2014-05,6종,87613
150,북부산,2014-05,1종,2412673
150,북부산,2014-05,2종,68260
150,북부산,2014-05,3종,70940
150,북부산,2014-05,4종,42381
150,북부산,2014-05,5종,87120
150,북부산,2014-05,6종,155328
151,북대전,2014-05,1종,711630
151,북대전,2014-05,2종,17983
151,북대전,2014-05,3종,29826
151,북대전,2014-05,4종,18154
151,북대전,2014-05,5종,15232
151,북대전,2014-05,6종,38615
152,유성,2014-05,1종,1086206
152,유성,2014-05,2종,25970
152,유성,2014-05,3종,38672
152,유성,2014-05,4종,17372
152,유성,2014-05,5종,11814
152,유성,2014-05,6종,50548
153,서대전,2014-05,1종,706813
153,서대전,2014-05,2종,21619
153,서대전,2014-05,3종,18928
153,서대전,2014-05,4종,19930
153,서대전,2014-05,5종,15008
153,서대전,2014-05,6종,40460
154,안영,2014-05,1종,473211
154,안영,2014-05,2종,17245
154,안영,2014-05,3종,11733
154,안영,2014-05,4종,10817
154,안영,2014-05,5종,10377
154,안영,2014-05,6종,24105
155,논산,2014-05,1종,221040
155,논산,2014-05,2종,17955
155,논산,2014-05,3종,17153
155,논산,2014-05,4종,13450
155,논산,2014-05,5종,13675
155,논산,2014-05,6종,9312
156,익산,2014-05,1종,299779
156,익산,2014-05,2종,23721
156,익산,2014-05,3종,29262
156,익산,2014-05,4종,19249
156,익산,2014-05,5종,28496
156,익산,2014-05,6종,9832
157,삼례,2014-05,1종,121219
157,삼례,2014-05,2종,8271
157,삼례,2014-05,3종,8544
157,삼례,2014-05,4종,5979
157,삼례,2014-05,5종,10652
157,삼례,2014-05,6종,3861
158,전주,2014-05,1종,484475
158,전주,2014-05,2종,21470
158,전주,2014-05,3종,50513
158,전주,2014-05,4종,20239
158,전주,2014-05,5종,39877
158,전주,2014-05,6종,14452
159,서전주,2014-05,1종,289704
159,서전주,2014-05,2종,12901
159,서전주,2014-05,3종,12400
159,서전주,2014-05,4종,7826
159,서전주,2014-05,5종,8519
159,서전주,2014-05,6종,8763
160,김제,2014-05,1종,126014
160,김제,2014-05,2종,7054
160,김제,2014-05,3종,8005
160,김제,2014-05,4종,3798
160,김제,2014-05,5종,5089
160,김제,2014-05,6종,3869
161,금산사,2014-05,1종,38648
161,금산사,2014-05,2종,2299
161,금산사,2014-05,3종,1905
161,금산사,2014-05,4종,1080
161,금산사,2014-05,5종,2287
161,금산사,2014-05,6종,1076
162,태인,2014-05,1종,86849
162,태인,2014-05,2종,6245
162,태인,2014-05,3종,8821
162,태인,2014-05,4종,4841
162,태인,2014-05,5종,5435
162,태인,2014-05,6종,2681
163,정읍,2014-05,1종,258608
163,정읍,2014-05,2종,15909
163,정읍,2014-05,3종,21751
163,정읍,2014-05,4종,10862
163,정읍,2014-05,5종,9705
163,정읍,2014-05,6종,7956
164,무주,2014-05,1종,162109
164,무주,2014-05,2종,4506
164,무주,2014-05,3종,5750
164,무주,2014-05,4종,3241
164,무주,2014-05,5종,3877
164,무주,2014-05,6종,5706
165,백양사,2014-05,1종,76662
165,백양사,2014-05,2종,2282
165,백양사,2014-05,3종,3605
165,백양사,2014-05,4종,1545
165,백양사,2014-05,5종,1618
165,백양사,2014-05,6종,1980
166,장성,2014-05,1종,155344
166,장성,2014-05,2종,12235
166,장성,2014-05,3종,16618
166,장성,2014-05,4종,10900
166,장성,2014-05,5종,13120
166,장성,2014-05,6종,5554
167,광주,2014-05,1종,1059629
167,광주,2014-05,2종,39332
167,광주,2014-05,3종,82538
167,광주,2014-05,4종,44909
167,광주,2014-05,5종,30340
167,광주,2014-05,6종,32194
168,덕유산,2014-05,1종,63588
168,덕유산,2014-05,2종,1547
168,덕유산,2014-05,3종,1243
168,덕유산,2014-05,4종,879
168,덕유산,2014-05,5종,2700
168,덕유산,2014-05,6종,1711
169,장수,2014-05,1종,116292
169,장수,2014-05,2종,4126
169,장수,2014-05,3종,4270
169,장수,2014-05,4종,2158
169,장수,2014-05,5종,3477
169,장수,2014-05,6종,3576
170,서상,2014-05,1종,54092
170,서상,2014-05,2종,2588
170,서상,2014-05,3종,4454
170,서상,2014-05,4종,3666
170,서상,2014-05,5종,3799
170,서상,2014-05,6종,1835
171,마성,2014-05,1종,391495
171,마성,2014-05,2종,5677
171,마성,2014-05,3종,18415
171,마성,2014-05,4종,1332
171,마성,2014-05,5종,1011
171,마성,2014-05,6종,20821
172,용인,2014-05,1종,895298
172,용인,2014-05,2종,60646
172,용인,2014-05,3종,34215
172,용인,2014-05,4종,20336
172,용인,2014-05,5종,13962
172,용인,2014-05,6종,59986
173,양지,2014-05,1종,875862
173,양지,2014-05,2종,85804
173,양지,2014-05,3종,62145
173,양지,2014-05,4종,51061
173,양지,2014-05,5종,42248
173,양지,2014-05,6종,49357
174,춘천,2014-05,1종,738717
174,춘천,2014-05,2종,19754
174,춘천,2014-05,3종,27582
174,춘천,2014-05,4종,9001
174,춘천,2014-05,5종,9444
174,춘천,2014-05,6종,46246
175,덕평,2014-05,1종,304386
175,덕평,2014-05,2종,42483
175,덕평,2014-05,3종,23281
175,덕평,2014-05,4종,19730
175,덕평,2014-05,5종,10283
175,덕평,2014-05,6종,18100
176,이천,2014-05,1종,620125
176,이천,2014-05,2종,41004
176,이천,2014-05,3종,49062
176,이천,2014-05,4종,44418
176,이천,2014-05,5종,37831
176,이천,2014-05,6종,30795
177,여주,2014-05,1종,437070
177,여주,2014-05,2종,18803
177,여주,2014-05,3종,39432
177,여주,2014-05,4종,21180
177,여주,2014-05,5종,11420
177,여주,2014-05,6종,17756
178,문막,2014-05,1종,394603
178,문막,2014-05,2종,22328
178,문막,2014-05,3종,35355
178,문막,2014-05,4종,13465
178,문막,2014-05,5종,17442
178,문막,2014-05,6종,17079
179,홍천,2014-05,1종,314740
179,홍천,2014-05,2종,10044
179,홍천,2014-05,3종,16407
179,홍천,2014-05,4종,7468
179,홍천,2014-05,5종,7202
179,홍천,2014-05,6종,21405
180,원주,2014-05,1종,266318
180,원주,2014-05,2종,15237
180,원주,2014-05,3종,18448
180,원주,2014-05,4종,8697
180,원주,2014-05,5종,8686
180,원주,2014-05,6종,13318
181,새말,2014-05,1종,227020
181,새말,2014-05,2종,8083
181,새말,2014-05,3종,10663
181,새말,2014-05,4종,4326
181,새말,2014-05,5종,5982
181,새말,2014-05,6종,8559
182,둔내,2014-05,1종,118878
182,둔내,2014-05,2종,3728
182,둔내,2014-05,3종,3962
182,둔내,2014-05,4종,1916
182,둔내,2014-05,5종,1226
182,둔내,2014-05,6종,4829
183,면온,2014-05,1종,88106
183,면온,2014-05,2종,1496
183,면온,2014-05,3종,1938
183,면온,2014-05,4종,1465
183,면온,2014-05,5종,2079
183,면온,2014-05,6종,2975
184,대관령,2014-05,1종,243006
184,대관령,2014-05,2종,5373
184,대관령,2014-05,3종,14730
184,대관령,2014-05,4종,1647
184,대관령,2014-05,5종,2152
184,대관령,2014-05,6종,9470
185,평창,2014-05,1종,147104
185,평창,2014-05,2종,4286
185,평창,2014-05,3종,12550
185,평창,2014-05,4종,1658
185,평창,2014-05,5종,3622
185,평창,2014-05,6종,5862
186,속사,2014-05,1종,42231
186,속사,2014-05,2종,1279
186,속사,2014-05,3종,1448
186,속사,2014-05,4종,1002
186,속사,2014-05,5종,678
186,속사,2014-05,6종,1642
187,진부,2014-05,1종,160536
187,진부,2014-05,2종,4692
187,진부,2014-05,3종,11483
187,진부,2014-05,4종,1804
187,진부,2014-05,5종,3185
187,진부,2014-05,6종,6449
188,서충주,2014-05,1종,101817
188,서충주,2014-05,2종,5906
188,서충주,2014-05,3종,7768
188,서충주,2014-05,4종,6125
188,서충주,2014-05,5종,7988
188,서충주,2014-05,6종,3931
189,강릉,2014-05,1종,516450
189,강릉,2014-05,2종,14757
189,강릉,2014-05,3종,41620
189,강릉,2014-05,4종,8986
189,강릉,2014-05,5종,10953
189,강릉,2014-05,6종,24622
190,동서울,2014-05,1종,3518858
190,동서울,2014-05,2종,187580
190,동서울,2014-05,3종,228976
190,동서울,2014-05,4종,102872
190,동서울,2014-05,5종,75042
190,동서울,2014-05,6종,161380
191,경기광주,2014-05,1종,810301
191,경기광주,2014-05,2종,45158
191,경기광주,2014-05,3종,32674
191,경기광주,2014-05,4종,11945
191,경기광주,2014-05,5종,6329
191,경기광주,2014-05,6종,55308
192,곤지암,2014-05,1종,817947
192,곤지암,2014-05,2종,69131
192,곤지암,2014-05,3종,45240
192,곤지암,2014-05,4종,35186
192,곤지암,2014-05,5종,21572
192,곤지암,2014-05,6종,44753
193,일죽,2014-05,1종,490786
193,일죽,2014-05,2종,36525
193,일죽,2014-05,3종,37427
193,일죽,2014-05,4종,27522
193,일죽,2014-05,5종,16879
193,일죽,2014-05,6종,18884
194,서이천,2014-05,1종,535185
194,서이천,2014-05,2종,64987
194,서이천,2014-05,3종,51218
194,서이천,2014-05,4종,34989
194,서이천,2014-05,5종,15108
194,서이천,2014-05,6종,30407
195,대소,2014-05,1종,294220
195,대소,2014-05,2종,39692
195,대소,2014-05,3종,39358
195,대소,2014-05,4종,31203
195,대소,2014-05,5종,21062
195,대소,2014-05,6종,13542
196,진천,2014-05,1종,263941
196,진천,2014-05,2종,18352
196,진천,2014-05,3종,20791
196,진천,2014-05,4종,17414
196,진천,2014-05,5종,18030
196,진천,2014-05,6종,11134
197,증평,2014-05,1종,401569
197,증평,2014-05,2종,23362
197,증평,2014-05,3종,25602
197,증평,2014-05,4종,17386
197,증평,2014-05,5종,18571
197,증평,2014-05,6종,16362
198,서청주,2014-05,1종,804401
198,서청주,2014-05,2종,34070
198,서청주,2014-05,3종,43390
198,서청주,2014-05,4종,29372
198,서청주,2014-05,5종,21118
198,서청주,2014-05,6종,40550
199,오창,2014-05,1종,523329
199,오창,2014-05,2종,22476
199,오창,2014-05,3종,30608
199,오창,2014-05,4종,20801
199,오창,2014-05,5종,17850
199,오창,2014-05,6종,25667
200,금산,2014-05,1종,163437
200,금산,2014-05,2종,4194
200,금산,2014-05,3종,6248
200,금산,2014-05,4종,4884
200,금산,2014-05,5종,7061
200,금산,2014-05,6종,6943
201,칠곡,2014-05,1종,634461
201,칠곡,2014-05,2종,26790
201,칠곡,2014-05,3종,20166
201,칠곡,2014-05,4종,8750
201,칠곡,2014-05,5종,14329
201,칠곡,2014-05,6종,31984
202,다부,2014-05,1종,131528
202,다부,2014-05,2종,8106
202,다부,2014-05,3종,5220
202,다부,2014-05,4종,2680
202,다부,2014-05,5종,6877
202,다부,2014-05,6종,5193
203,가산,2014-05,1종,559648
203,가산,2014-05,2종,22419
203,가산,2014-05,3종,20658
203,가산,2014-05,4종,13999
203,가산,2014-05,5종,34803
203,가산,2014-05,6종,24172
204,추부,2014-05,1종,187401
204,추부,2014-05,2종,8800
204,추부,2014-05,3종,9772
204,추부,2014-05,4종,5568
204,추부,2014-05,5종,5890
204,추부,2014-05,6종,9993
205,군위,2014-05,1종,161857
205,군위,2014-05,2종,6183
205,군위,2014-05,3종,4044
205,군위,2014-05,4종,2754
205,군위,2014-05,5종,10141
205,군위,2014-05,6종,7121
206,의성,2014-05,1종,184972
206,의성,2014-05,2종,5063
206,의성,2014-05,3종,4263
206,의성,2014-05,4종,1870
206,의성,2014-05,5종,4100
206,의성,2014-05,6종,6570
207,남안동,2014-05,1종,300719
207,남안동,2014-05,2종,8742
207,남안동,2014-05,3종,6422
207,남안동,2014-05,4종,4710
207,남안동,2014-05,5종,8077
207,남안동,2014-05,6종,10547
208,서안동,2014-05,1종,212418
208,서안동,2014-05,2종,6548
208,서안동,2014-05,3종,16395
208,서안동,2014-05,4종,4021
208,서안동,2014-05,5종,7461
208,서안동,2014-05,6종,7208
209,예천,2014-05,1종,32113
209,예천,2014-05,2종,600
209,예천,2014-05,3종,375
209,예천,2014-05,4종,224
209,예천,2014-05,5종,820
209,예천,2014-05,6종,1124
210,영주,2014-05,1종,142843
210,영주,2014-05,2종,5117
210,영주,2014-05,3종,7170
210,영주,2014-05,4종,3469
210,영주,2014-05,5종,11882
210,영주,2014-05,6종,4973
211,풍기,2014-05,1종,219798
211,풍기,2014-05,2종,5962
211,풍기,2014-05,3종,14730
211,풍기,2014-05,4종,3916
211,풍기,2014-05,5종,8817
211,풍기,2014-05,6종,7640
212,북수원,2014-05,1종,1296523
212,북수원,2014-05,2종,41439
212,북수원,2014-05,3종,55116
212,북수원,2014-05,4종,30189
212,북수원,2014-05,5종,16903
212,북수원,2014-05,6종,78339
213,부곡,2014-05,1종,383065
213,부곡,2014-05,2종,10896
213,부곡,2014-05,3종,9164
213,부곡,2014-05,4종,15059
213,부곡,2014-05,5종,69815
213,부곡,2014-05,6종,26780
214,동군포,2014-05,1종,211491
214,동군포,2014-05,2종,21476
214,동군포,2014-05,3종,14181
214,동군포,2014-05,4종,28639
214,동군포,2014-05,5종,15937
214,동군포,2014-05,6종,15471
215,군포,2014-05,1종,1033968
215,군포,2014-05,2종,50583
215,군포,2014-05,3종,41698
215,군포,2014-05,4종,18191
215,군포,2014-05,5종,28463
215,군포,2014-05,6종,79737
216,횡성,2014-05,1종,193527
216,횡성,2014-05,2종,7176
216,횡성,2014-05,3종,8496
216,횡성,2014-05,4종,4410
216,횡성,2014-05,5종,9043
216,횡성,2014-05,6종,9133
217,북원주,2014-05,1종,76491
217,북원주,2014-05,2종,6077
217,북원주,2014-05,3종,4048
217,북원주,2014-05,4종,2172
217,북원주,2014-05,5종,3851
217,북원주,2014-05,6종,5157
218,남원주,2014-05,1종,557341
218,남원주,2014-05,2종,16900
218,남원주,2014-05,3종,28989
218,남원주,2014-05,4종,8046
218,남원주,2014-05,5종,9018
218,남원주,2014-05,6종,27106
219,신림,2014-05,1종,125097
219,신림,2014-05,2종,3042
219,신림,2014-05,3종,3208
219,신림,2014-05,4종,3845
219,신림,2014-05,5종,6708
219,신림,2014-05,6종,4462
220,덕평휴게소,2014-05,1종,4693
220,덕평휴게소,2014-05,2종,144
220,덕평휴게소,2014-05,3종,42
220,덕평휴게소,2014-05,4종,0
220,덕평휴게소,2014-05,5종,0
220,덕평휴게소,2014-05,6종,488
221,생초,2014-05,1종,72111
221,생초,2014-05,2종,2552
221,생초,2014-05,3종,3577
221,생초,2014-05,4종,2071
221,생초,2014-05,5종,7002
221,생초,2014-05,6종,2600
222,산청,2014-05,1종,72141
222,산청,2014-05,2종,2094
222,산청,2014-05,3종,4322
222,산청,2014-05,4종,1644
222,산청,2014-05,5종,1773
222,산청,2014-05,6종,2613
223,단성,2014-05,1종,127354
223,단성,2014-05,2종,3221
223,단성,2014-05,3종,6689
223,단성,2014-05,4종,3413
223,단성,2014-05,5종,4572
223,단성,2014-05,6종,4845
224,함양,2014-05,1종,116287
224,함양,2014-05,2종,3536
224,함양,2014-05,3종,7907
224,함양,2014-05,4종,1625
224,함양,2014-05,5종,2537
224,함양,2014-05,6종,5139
225,서진주,2014-05,1종,334930
225,서진주,2014-05,2종,8218
225,서진주,2014-05,3종,6444
225,서진주,2014-05,4종,3557
225,서진주,2014-05,5종,4887
225,서진주,2014-05,6종,19467
227,군산,2014-05,1종,306834
227,군산,2014-05,2종,9318
227,군산,2014-05,3종,17811
227,군산,2014-05,4종,13620
227,군산,2014-05,5종,34101
227,군산,2014-05,6종,8829
228,동군산,2014-05,1종,276128
228,동군산,2014-05,2종,9772
228,동군산,2014-05,3종,15076
228,동군산,2014-05,4종,9116
228,동군산,2014-05,5종,22052
228,동군산,2014-05,6종,7778
229,북천안,2014-05,1종,341667
229,북천안,2014-05,2종,28291
229,북천안,2014-05,3종,33264
229,북천안,2014-05,4종,39098
229,북천안,2014-05,5종,42009
229,북천안,2014-05,6종,18905
230,팔공산,2014-05,1종,680732
230,팔공산,2014-05,2종,25242
230,팔공산,2014-05,3종,13747
230,팔공산,2014-05,4종,8519
230,팔공산,2014-05,5종,9933
230,팔공산,2014-05,6종,31848
231,화원옥포,2014-05,1종,694316
231,화원옥포,2014-05,2종,39211
231,화원옥포,2014-05,3종,24729
231,화원옥포,2014-05,4종,12280
231,화원옥포,2014-05,5종,16295
231,화원옥포,2014-05,6종,35850
232,달성,2014-05,1종,424533
232,달성,2014-05,2종,23217
232,달성,2014-05,3종,25135
232,달성,2014-05,4종,7525
232,달성,2014-05,5종,7065
232,달성,2014-05,6종,27947
233,현풍,2014-05,1종,498925
233,현풍,2014-05,2종,37969
233,현풍,2014-05,3종,30171
233,현풍,2014-05,4종,21774
233,현풍,2014-05,5종,38982
233,현풍,2014-05,6종,23393
234,서천,2014-05,1종,129863
234,서천,2014-05,2종,4409
234,서천,2014-05,3종,5171
234,서천,2014-05,4종,4601
234,서천,2014-05,5종,6110
234,서천,2014-05,6종,4479
235,창녕,2014-05,1종,177464
235,창녕,2014-05,2종,7593
235,창녕,2014-05,3종,9134
235,창녕,2014-05,4종,3720
235,창녕,2014-05,5종,8536
235,창녕,2014-05,6종,8561
236,영산,2014-05,1종,164092
236,영산,2014-05,2종,11516
236,영산,2014-05,3종,11100
236,영산,2014-05,4종,8702
236,영산,2014-05,5종,10466
236,영산,2014-05,6종,7136
237,남지,2014-05,1종,145623
237,남지,2014-05,2종,8662
237,남지,2014-05,3종,12804
237,남지,2014-05,4종,8364
237,남지,2014-05,5종,13562
237,남지,2014-05,6종,10397
238,칠서,2014-05,1종,236807
238,칠서,2014-05,2종,28464
238,칠서,2014-05,3종,15199
238,칠서,2014-05,4종,21548
238,칠서,2014-05,5종,33945
238,칠서,2014-05,6종,14460
239,칠원,2014-05,1종,604490
239,칠원,2014-05,2종,27152
239,칠원,2014-05,3종,46962
239,칠원,2014-05,4종,35638
239,칠원,2014-05,5종,37160
239,칠원,2014-05,6종,30297
240,제천,2014-05,1종,512769
240,제천,2014-05,2종,14041
240,제천,2014-05,3종,26024
240,제천,2014-05,4종,12243
240,제천,2014-05,5종,20769
240,제천,2014-05,6종,20423
241,동고령,2014-05,1종,309312
241,동고령,2014-05,2종,19055
241,동고령,2014-05,3종,17614
241,동고령,2014-05,4종,13304
241,동고령,2014-05,5종,17832
241,동고령,2014-05,6종,13405
242,고령,2014-05,1종,228524
242,고령,2014-05,2종,11877
242,고령,2014-05,3종,10978
242,고령,2014-05,4종,5463
242,고령,2014-05,5종,18174
242,고령,2014-05,6종,9286
243,해인사,2014-05,1종,121435
243,해인사,2014-05,2종,2948
243,해인사,2014-05,3종,2671
243,해인사,2014-05,4종,845
243,해인사,2014-05,5종,2602
243,해인사,2014-05,6종,4887
244,서부산,2014-05,1종,2171950
244,서부산,2014-05,2종,71677
244,서부산,2014-05,3종,100988
244,서부산,2014-05,4종,59571
244,서부산,2014-05,5종,198316
244,서부산,2014-05,6종,133243
245,장유,2014-05,1종,1310291
245,장유,2014-05,2종,40062
245,장유,2014-05,3종,52472
245,장유,2014-05,4종,20241
245,장유,2014-05,5종,34086
245,장유,2014-05,6종,92897
246,가락,2014-05,1종,787983
246,가락,2014-05,2종,34496
246,가락,2014-05,3종,29996
246,가락,2014-05,4종,46912
246,가락,2014-05,5종,206830
246,가락,2014-05,6종,52965
247,남원,2014-05,1종,160636
247,남원,2014-05,2종,6726
247,남원,2014-05,3종,8585
247,남원,2014-05,4종,2980
247,남원,2014-05,5종,10037
247,남원,2014-05,6종,5974
248,순창,2014-05,1종,138892
248,순창,2014-05,2종,4201
248,순창,2014-05,3종,4407
248,순창,2014-05,4종,2719
248,순창,2014-05,5종,3868
248,순창,2014-05,6종,5049
249,담양,2014-05,1종,190811
249,담양,2014-05,2종,4212
249,담양,2014-05,3종,13980
249,담양,2014-05,4종,2271
249,담양,2014-05,5종,5173
249,담양,2014-05,6종,6501
250,남양산,2014-05,1종,1030831
250,남양산,2014-05,2종,49487
250,남양산,2014-05,3종,39972
250,남양산,2014-05,4종,25644
250,남양산,2014-05,5종,33079
250,남양산,2014-05,6종,74684
251,물금,2014-05,1종,454750
251,물금,2014-05,2종,49471
251,물금,2014-05,3종,22905
251,물금,2014-05,4종,36821
251,물금,2014-05,5종,67282
251,물금,2014-05,6종,30760
252,대동,2014-05,1종,2301541
252,대동,2014-05,2종,151816
252,대동,2014-05,3종,123100
252,대동,2014-05,4종,105358
252,대동,2014-05,5종,284705
252,대동,2014-05,6종,116841
253,서서울,2014-05,1종,5231438
253,서서울,2014-05,2종,206022
253,서서울,2014-05,3종,155699
253,서서울,2014-05,4종,120469
253,서서울,2014-05,5종,116295
253,서서울,2014-05,6종,313146
254,군자,2014-05,1종,2469268
254,군자,2014-05,2종,114879
254,군자,2014-05,3종,111040
254,군자,2014-05,4종,80417
254,군자,2014-05,5종,158137
254,군자,2014-05,6종,172664
255,서안산,2014-05,1종,1802164
255,서안산,2014-05,2종,102880
255,서안산,2014-05,3종,65952
255,서안산,2014-05,4종,48744
255,서안산,2014-05,5종,59452
255,서안산,2014-05,6종,137323
256,안산,2014-05,1종,932917
256,안산,2014-05,2종,25922
256,안산,2014-05,3종,22128
256,안산,2014-05,4종,6602
256,안산,2014-05,5종,6953
256,안산,2014-05,6종,68883
257,홍성,2014-05,1종,271725
257,홍성,2014-05,2종,6089
257,홍성,2014-05,3종,9983
257,홍성,2014-05,4종,4022
257,홍성,2014-05,5종,4845
257,홍성,2014-05,6종,9223
258,광천,2014-05,1종,140357
258,광천,2014-05,2종,6286
258,광천,2014-05,3종,7844
258,광천,2014-05,4종,6065
258,광천,2014-05,5종,11409
258,광천,2014-05,6종,5162
259,대천,2014-05,1종,261986
259,대천,2014-05,2종,7264
259,대천,2014-05,3종,10456
259,대천,2014-05,4종,4014
259,대천,2014-05,5종,5353
259,대천,2014-05,6종,9379
260,춘장대,2014-05,1종,71037
260,춘장대,2014-05,2종,1741
260,춘장대,2014-05,3종,1691
260,춘장대,2014-05,4종,931
260,춘장대,2014-05,5종,1272
260,춘장대,2014-05,6종,1956
261,동광주,2014-05,1종,1113699
261,동광주,2014-05,2종,31974
261,동광주,2014-05,3종,60856
261,동광주,2014-05,4종,23835
261,동광주,2014-05,5종,52837
261,동광주,2014-05,6종,37670
262,창평,2014-05,1종,103476
262,창평,2014-05,2종,4529
262,창평,2014-05,3종,2689
262,창평,2014-05,4종,2098
262,창평,2014-05,5종,1756
262,창평,2014-05,6종,3271
263,옥과,2014-05,1종,218725
263,옥과,2014-05,2종,4704
263,옥과,2014-05,3종,10337
263,옥과,2014-05,4종,3912
263,옥과,2014-05,5종,8373
263,옥과,2014-05,6종,9090
264,동남원,2014-05,1종,50340
264,동남원,2014-05,2종,2210
264,동남원,2014-05,3종,2312
264,동남원,2014-05,4종,1325
264,동남원,2014-05,5종,1655
264,동남원,2014-05,6종,1757
265,곡성,2014-05,1종,188636
265,곡성,2014-05,2종,4304
265,곡성,2014-05,3종,5224
265,곡성,2014-05,4종,2151
265,곡성,2014-05,5종,7423
265,곡성,2014-05,6종,6967
266,석곡,2014-05,1종,51269
266,석곡,2014-05,2종,1280
266,석곡,2014-05,3종,1840
266,석곡,2014-05,4종,712
266,석곡,2014-05,5종,1554
266,석곡,2014-05,6종,1680
267,주암송광사,2014-05,1종,133633
267,주암송광사,2014-05,2종,3798
267,주암송광사,2014-05,3종,3184
267,주암송광사,2014-05,4종,2715
267,주암송광사,2014-05,5종,3903
267,주암송광사,2014-05,6종,3836
268,승주,2014-05,1종,74085
268,승주,2014-05,2종,1444
268,승주,2014-05,3종,1813
268,승주,2014-05,4종,873
268,승주,2014-05,5종,892
268,승주,2014-05,6종,3532
269,지리산,2014-05,1종,69910
269,지리산,2014-05,2종,2196
269,지리산,2014-05,3종,5101
269,지리산,2014-05,4종,1712
269,지리산,2014-05,5종,1777
269,지리산,2014-05,6종,2079
270,서순천,2014-05,1종,171250
270,서순천,2014-05,2종,6216
270,서순천,2014-05,3종,10619
270,서순천,2014-05,4종,2456
270,서순천,2014-05,5종,3974
270,서순천,2014-05,6종,6119
271,순천,2014-05,1종,592842
271,순천,2014-05,2종,16521
271,순천,2014-05,3종,17567
271,순천,2014-05,4종,9659
271,순천,2014-05,5종,38410
271,순천,2014-05,6종,19991
272,광양,2014-05,1종,327576
272,광양,2014-05,2종,11344
272,광양,2014-05,3종,24391
272,광양,2014-05,4종,14876
272,광양,2014-05,5종,53325
272,광양,2014-05,6종,11209
273,동광양,2014-05,1종,144839
273,동광양,2014-05,2종,2849
273,동광양,2014-05,3종,3176
273,동광양,2014-05,4종,3918
273,동광양,2014-05,5종,23467
273,동광양,2014-05,6종,6569
274,가조,2014-05,1종,63671
274,가조,2014-05,2종,2381
274,가조,2014-05,3종,2836
274,가조,2014-05,4종,1491
274,가조,2014-05,5종,1823
274,가조,2014-05,6종,3463
275,옥곡,2014-05,1종,179259
275,옥곡,2014-05,2종,5190
275,옥곡,2014-05,3종,8525
275,옥곡,2014-05,4종,8570
275,옥곡,2014-05,5종,36870
275,옥곡,2014-05,6종,7032
276,진월,2014-05,1종,84607
276,진월,2014-05,2종,2669
276,진월,2014-05,3종,1977
276,진월,2014-05,4종,7145
276,진월,2014-05,5종,42400
276,진월,2014-05,6종,3204
277,하동,2014-05,1종,241311
277,하동,2014-05,2종,6167
277,하동,2014-05,3종,8428
277,하동,2014-05,4종,11340
277,하동,2014-05,5종,43685
277,하동,2014-05,6종,10405
278,진교,2014-05,1종,188255
278,진교,2014-05,2종,4711
278,진교,2014-05,3종,13717
278,진교,2014-05,4종,1383
278,진교,2014-05,5종,3520
278,진교,2014-05,6종,10355
279,곤양,2014-05,1종,135667
279,곤양,2014-05,2종,4223
279,곤양,2014-05,3종,6293
279,곤양,2014-05,4종,3338
279,곤양,2014-05,5종,11245
279,곤양,2014-05,6종,6042
280,거창,2014-05,1종,170331
280,거창,2014-05,2종,7632
280,거창,2014-05,3종,14048
280,거창,2014-05,4종,3271
280,거창,2014-05,5종,4989
280,거창,2014-05,6종,8501
281,매송,2014-05,1종,517113
281,매송,2014-05,2종,26867
281,매송,2014-05,3종,24366
281,매송,2014-05,4종,12032
281,매송,2014-05,5종,17868
281,매송,2014-05,6종,29344
282,비봉,2014-05,1종,761414
282,비봉,2014-05,2종,45692
282,비봉,2014-05,3종,30721
282,비봉,2014-05,4종,18676
282,비봉,2014-05,5종,31780
282,비봉,2014-05,6종,46050
283,발안,2014-05,1종,463212
283,발안,2014-05,2종,31465
283,발안,2014-05,3종,18490
283,발안,2014-05,4종,17169
283,발안,2014-05,5종,21278
283,발안,2014-05,6종,27947
284,남양양,2014-05,1종,64960
284,남양양,2014-05,2종,1682
284,남양양,2014-05,3종,2587
284,남양양,2014-05,4종,644
284,남양양,2014-05,5종,1675
284,남양양,2014-05,6종,2296
285,서평택,2014-05,1종,644002
285,서평택,2014-05,2종,45281
285,서평택,2014-05,3종,47743
285,서평택,2014-05,4종,64768
285,서평택,2014-05,5종,122306
285,서평택,2014-05,6종,33745
286,통도사휴게소,2014-05,1종,31309
286,통도사휴게소,2014-05,2종,281
286,통도사휴게소,2014-05,3종,1680
286,통도사휴게소,2014-05,4종,1
286,통도사휴게소,2014-05,5종,0
286,통도사휴게소,2014-05,6종,1356
287,송악,2014-05,1종,488722
287,송악,2014-05,2종,22404
287,송악,2014-05,3종,20391
287,송악,2014-05,4종,25210
287,송악,2014-05,5종,111775
287,송악,2014-05,6종,22030
288,당진,2014-05,1종,450295
288,당진,2014-05,2종,17073
288,당진,2014-05,3종,26475
288,당진,2014-05,4종,15925
288,당진,2014-05,5종,47933
288,당진,2014-05,6종,20106
289,마산,2014-05,1종,901521
289,마산,2014-05,2종,30896
289,마산,2014-05,3종,41067
289,마산,2014-05,4종,15243
289,마산,2014-05,5종,21160
289,마산,2014-05,6종,59186
290,축동,2014-05,1종,52284
290,축동,2014-05,2종,2794
290,축동,2014-05,3종,1603
290,축동,2014-05,4종,4536
290,축동,2014-05,5종,14387
290,축동,2014-05,6종,2761
291,사천,2014-05,1종,714540
291,사천,2014-05,2종,30517
291,사천,2014-05,3종,28959
291,사천,2014-05,4종,17420
291,사천,2014-05,5종,28515
291,사천,2014-05,6종,44474
292,진주,2014-05,1종,708038
292,진주,2014-05,2종,24915
292,진주,2014-05,3종,52235
292,진주,2014-05,4종,15912
292,진주,2014-05,5종,36310
292,진주,2014-05,6종,45516
293,문산,2014-05,1종,322099
293,문산,2014-05,2종,13135
293,문산,2014-05,3종,8398
293,문산,2014-05,4종,8058
293,문산,2014-05,5종,11646
293,문산,2014-05,6종,19071
294,북창원,2014-05,1종,234758
294,북창원,2014-05,2종,8997
294,북창원,2014-05,3종,5985
294,북창원,2014-05,4종,6601
294,북창원,2014-05,5종,6739
294,북창원,2014-05,6종,11541
295,진성,2014-05,1종,149513
295,진성,2014-05,2종,9457
295,진성,2014-05,3종,5971
295,진성,2014-05,4종,5707
295,진성,2014-05,5종,13726
295,진성,2014-05,6종,7393
296,지수,2014-05,1종,56254
296,지수,2014-05,2종,3083
296,지수,2014-05,3종,1994
296,지수,2014-05,4종,1995
296,지수,2014-05,5종,4894
296,지수,2014-05,6종,3691
298,서산,2014-05,1종,575651
298,서산,2014-05,2종,18506
298,서산,2014-05,3종,31507
298,서산,2014-05,4종,23302
298,서산,2014-05,5종,40596
298,서산,2014-05,6종,22044
299,해미,2014-05,1종,158390
299,해미,2014-05,2종,6132
299,해미,2014-05,3종,9232
299,해미,2014-05,4종,5912
299,해미,2014-05,5종,10988
299,해미,2014-05,6종,5929
500,남여주,2014-05,1종,169451
500,남여주,2014-05,2종,6460
500,남여주,2014-05,3종,10007
500,남여주,2014-05,4종,7096
500,남여주,2014-05,5종,12202
500,남여주,2014-05,6종,6606
501,서김제,2014-05,1종,62253
501,서김제,2014-05,2종,2774
501,서김제,2014-05,3종,3705
501,서김제,2014-05,4종,2362
501,서김제,2014-05,5종,2925
501,서김제,2014-05,6종,1695
502,부안,2014-05,1종,118093
502,부안,2014-05,2종,5076
502,부안,2014-05,3종,8785
502,부안,2014-05,4종,2946
502,부안,2014-05,5종,5131
502,부안,2014-05,6종,3247
503,줄포,2014-05,1종,87272
503,줄포,2014-05,2종,2266
503,줄포,2014-05,3종,2965
503,줄포,2014-05,4종,891
503,줄포,2014-05,5종,1320
503,줄포,2014-05,6종,1918
504,선운산,2014-05,1종,128528
504,선운산,2014-05,2종,4236
504,선운산,2014-05,3종,8375
504,선운산,2014-05,4종,6376
504,선운산,2014-05,5종,5883
504,선운산,2014-05,6종,3453
505,고창,2014-05,1종,109231
505,고창,2014-05,2종,3852
505,고창,2014-05,3종,3670
505,고창,2014-05,4종,1357
505,고창,2014-05,5종,1299
505,고창,2014-05,6종,3034
506,영광,2014-05,1종,93200
506,영광,2014-05,2종,3962
506,영광,2014-05,3종,6584
506,영광,2014-05,4종,2151
506,영광,2014-05,5종,2413
506,영광,2014-05,6종,2314
507,함평,2014-05,1종,65883
507,함평,2014-05,2종,3038
507,함평,2014-05,3종,6043
507,함평,2014-05,4종,3645
507,함평,2014-05,5종,6064
507,함평,2014-05,6종,1716
508,무안,2014-05,1종,190461
508,무안,2014-05,2종,5082
508,무안,2014-05,3종,6740
508,무안,2014-05,4종,5067
508,무안,2014-05,5종,4278
508,무안,2014-05,6종,6092
509,목포,2014-05,1종,794523
509,목포,2014-05,2종,20854
509,목포,2014-05,3종,39122
509,목포,2014-05,4종,23167
509,목포,2014-05,5종,37915
509,목포,2014-05,6종,22294
510,양양,2014-05,1종,91536
510,양양,2014-05,2종,2737
510,양양,2014-05,3종,3563
510,양양,2014-05,4종,1674
510,양양,2014-05,5종,4631
510,양양,2014-05,6종,3522
511,무창포,2014-05,1종,94568
511,무창포,2014-05,2종,2892
511,무창포,2014-05,3종,2652
511,무창포,2014-05,4종,1810
511,무창포,2014-05,5종,4769
511,무창포,2014-05,6종,2805
512,연화산,2014-05,1종,43349
512,연화산,2014-05,2종,1554
512,연화산,2014-05,3종,1250
512,연화산,2014-05,4종,1343
512,연화산,2014-05,5종,3025
512,연화산,2014-05,6종,2882
513,고성,2014-05,1종,365526
513,고성,2014-05,2종,12737
513,고성,2014-05,3종,16449
513,고성,2014-05,4종,9530
513,고성,2014-05,5종,14244
513,고성,2014-05,6종,19517
514,동고성,2014-05,1종,93453
514,동고성,2014-05,2종,4160
514,동고성,2014-05,3종,5277
514,동고성,2014-05,4종,9821
514,동고성,2014-05,5종,13400
514,동고성,2014-05,6종,7018
515,북통영,2014-05,1종,161087
515,북통영,2014-05,2종,3971
515,북통영,2014-05,3종,11432
515,북통영,2014-05,4종,1707
515,북통영,2014-05,5종,1727
515,북통영,2014-05,6종,9137
516,통영,2014-05,1종,609651
516,통영,2014-05,2종,18584
516,통영,2014-05,3종,25493
516,통영,2014-05,4종,18701
516,통영,2014-05,5종,21721
516,통영,2014-05,6종,29827
517,양평,2014-05,1종,186845
517,양평,2014-05,2종,5936
517,양평,2014-05,3종,5791
517,양평,2014-05,4종,4649
517,양평,2014-05,5종,8175
517,양평,2014-05,6종,7172
518,칠곡물류,2014-05,1종,59409
518,칠곡물류,2014-05,2종,13844
518,칠곡물류,2014-05,3종,7148
518,칠곡물류,2014-05,4종,11480
518,칠곡물류,2014-05,5종,12257
518,칠곡물류,2014-05,6종,2555
519,남대구,2014-05,1종,1541213
519,남대구,2014-05,2종,68180
519,남대구,2014-05,3종,71335
519,남대구,2014-05,4종,25096
519,남대구,2014-05,5종,38134
519,남대구,2014-05,6종,78996
520,평택,2014-05,1종,634190
520,평택,2014-05,2종,33825
520,평택,2014-05,3종,43881
520,평택,2014-05,4종,20446
520,평택,2014-05,5종,29004
520,평택,2014-05,6종,35291
521,단양,2014-05,1종,86173
521,단양,2014-05,2종,2183
521,단양,2014-05,3종,4777
521,단양,2014-05,4종,1936
521,단양,2014-05,5종,11849
521,단양,2014-05,6종,3040
522,북단양,2014-05,1종,111794
522,북단양,2014-05,2종,2721
522,북단양,2014-05,3종,4099
522,북단양,2014-05,4종,9983
522,북단양,2014-05,5종,36162
522,북단양,2014-05,6종,3843
523,남제천,2014-05,1종,91103
523,남제천,2014-05,2종,2174
523,남제천,2014-05,3종,3706
523,남제천,2014-05,4종,1114
523,남제천,2014-05,5종,3410
523,남제천,2014-05,6종,2945
524,청통와촌,2014-05,1종,252375
524,청통와촌,2014-05,2종,12178
524,청통와촌,2014-05,3종,7134
524,청통와촌,2014-05,4종,4127
524,청통와촌,2014-05,5종,5752
524,청통와촌,2014-05,6종,10451
525,북영천,2014-05,1종,210169
525,북영천,2014-05,2종,7299
525,북영천,2014-05,3종,5208
525,북영천,2014-05,4종,3310
525,북영천,2014-05,5종,6560
525,북영천,2014-05,6종,6697
526,서포항,2014-05,1종,116830
526,서포항,2014-05,2종,2383
526,서포항,2014-05,3종,2285
526,서포항,2014-05,4종,861
526,서포항,2014-05,5종,3339
526,서포항,2014-05,6종,6562
527,포항,2014-05,1종,814906
527,포항,2014-05,2종,19089
527,포항,2014-05,3종,29763
527,포항,2014-05,4종,9844
527,포항,2014-05,5종,44669
527,포항,2014-05,6종,31011
528,기흥동탄,2014-05,1종,1116306
528,기흥동탄,2014-05,2종,29337
528,기흥동탄,2014-05,3종,72289
528,기흥동탄,2014-05,4종,22323
528,기흥동탄,2014-05,5종,19422
528,기흥동탄,2014-05,6종,65877
529,노포,2014-05,1종,214100
529,노포,2014-05,2종,12297
529,노포,2014-05,3종,41476
529,노포,2014-05,4종,5721
529,노포,2014-05,5종,7513
529,노포,2014-05,6종,10604
530,내장산,2014-05,1종,50509
530,내장산,2014-05,2종,1586
530,내장산,2014-05,3종,979
530,내장산,2014-05,4종,538
530,내장산,2014-05,5종,765
530,내장산,2014-05,6종,1978
531,문의청남대,2014-05,1종,207342
531,문의청남대,2014-05,2종,7221
531,문의청남대,2014-05,3종,9502
531,문의청남대,2014-05,4종,6714
531,문의청남대,2014-05,5종,7998
531,문의청남대,2014-05,6종,8063
532,회인,2014-05,1종,53055
532,회인,2014-05,2종,1330
532,회인,2014-05,3종,1031
532,회인,2014-05,4종,1272
532,회인,2014-05,5종,1224
532,회인,2014-05,6종,2135
533,보은,2014-05,1종,137522
533,보은,2014-05,2종,5757
533,보은,2014-05,3종,4166
533,보은,2014-05,4종,2813
533,보은,2014-05,5종,3794
533,보은,2014-05,6종,5772
534,속리산,2014-05,1종,62600
534,속리산,2014-05,2종,1983
534,속리산,2014-05,3종,2416
534,속리산,2014-05,4종,1770
534,속리산,2014-05,5종,2015
534,속리산,2014-05,6종,2238
535,화서,2014-05,1종,56273
535,화서,2014-05,2종,1704
535,화서,2014-05,3종,2043
535,화서,2014-05,4종,1158
535,화서,2014-05,5종,1979
535,화서,2014-05,6종,2210
536,남상주,2014-05,1종,125263
536,남상주,2014-05,2종,4921
536,남상주,2014-05,3종,10193
536,남상주,2014-05,4종,5587
536,남상주,2014-05,5종,4533
536,남상주,2014-05,6종,4764
537,남김천,2014-05,1종,79793
537,남김천,2014-05,2종,5848
537,남김천,2014-05,3종,5441
537,남김천,2014-05,4종,6646
537,남김천,2014-05,5종,14400
537,남김천,2014-05,6종,2712
538,성주,2014-05,1종,85715
538,성주,2014-05,2종,7274
538,성주,2014-05,3종,5584
538,성주,2014-05,4종,6326
538,성주,2014-05,5종,6678
538,성주,2014-05,6종,2661
539,남성주,2014-05,1종,56246
539,남성주,2014-05,2종,6974
539,남성주,2014-05,3종,3549
539,남성주,2014-05,4종,5125
539,남성주,2014-05,5종,5569
539,남성주,2014-05,6종,1803
540,청북,2014-05,1종,433200
540,청북,2014-05,2종,44448
540,청북,2014-05,3종,42694
540,청북,2014-05,4종,33782
540,청북,2014-05,5종,41708
540,청북,2014-05,6종,24082
541,송탄,2014-05,1종,397806
541,송탄,2014-05,2종,36677
541,송탄,2014-05,3종,32962
541,송탄,2014-05,4종,34476
541,송탄,2014-05,5종,27263
541,송탄,2014-05,6종,21514
542,서안성,2014-05,1종,349505
542,서안성,2014-05,2종,32193
542,서안성,2014-05,3종,36468
542,서안성,2014-05,4종,31606
542,서안성,2014-05,5종,25974
542,서안성,2014-05,6종,16040
543,남안성,2014-05,1종,521806
543,남안성,2014-05,2종,52770
543,남안성,2014-05,3종,40561
543,남안성,2014-05,4종,39453
543,남안성,2014-05,5종,39074
543,남안성,2014-05,6종,28268
544,완주,2014-05,1종,181322
544,완주,2014-05,2종,7154
544,완주,2014-05,3종,8282
544,완주,2014-05,4종,7975
544,완주,2014-05,5종,12525
544,완주,2014-05,6종,5939
545,소양,2014-05,1종,165463
545,소양,2014-05,2종,4957
545,소양,2014-05,3종,9335
545,소양,2014-05,4종,2710
545,소양,2014-05,5종,6000
545,소양,2014-05,6종,5529
546,진안,2014-05,1종,78139
546,진안,2014-05,2종,2848
546,진안,2014-05,3종,2950
546,진안,2014-05,4종,1194
546,진안,2014-05,5종,1563
546,진안,2014-05,6종,2401
547,무안공항,2014-05,1종,34288
547,무안공항,2014-05,2종,632
547,무안공항,2014-05,3종,1138
547,무안공항,2014-05,4종,317
547,무안공항,2014-05,5종,212
547,무안공항,2014-05,6종,737
548,북무안,2014-05,1종,122899
548,북무안,2014-05,2종,4118
548,북무안,2014-05,3종,5658
548,북무안,2014-05,4종,4060
548,북무안,2014-05,5종,2200
548,북무안,2014-05,6종,2713
549,동함평,2014-05,1종,174693
549,동함평,2014-05,2종,4539
549,동함평,2014-05,3종,5032
549,동함평,2014-05,4종,1825
549,동함평,2014-05,5종,3009
549,동함평,2014-05,6종,7292
550,문평,2014-05,1종,41426
550,문평,2014-05,2종,1004
550,문평,2014-05,3종,1042
550,문평,2014-05,4종,656
550,문평,2014-05,5종,3338
550,문평,2014-05,6종,1347
551,나주,2014-05,1종,54292
551,나주,2014-05,2종,1902
551,나주,2014-05,3종,1189
551,나주,2014-05,4종,547
551,나주,2014-05,5종,1460
551,나주,2014-05,6종,2212
552,서광산,2014-05,1종,97752
552,서광산,2014-05,2종,5526
552,서광산,2014-05,3종,6184
552,서광산,2014-05,4종,3015
552,서광산,2014-05,5종,6265
552,서광산,2014-05,6종,2903
553,동광산,2014-05,1종,863299
553,동광산,2014-05,2종,18584
553,동광산,2014-05,3종,28832
553,동광산,2014-05,4종,10328
553,동광산,2014-05,5종,20279
553,동광산,2014-05,6종,28327
554,동홍천,2014-05,1종,466483
554,동홍천,2014-05,2종,5598
554,동홍천,2014-05,3종,19424
554,동홍천,2014-05,4종,3074
554,동홍천,2014-05,5종,2844
554,동홍천,2014-05,6종,17787
555,북진천,2014-05,1종,296267
555,북진천,2014-05,2종,31759
555,북진천,2014-05,3종,33862
555,북진천,2014-05,4종,25507
555,북진천,2014-05,5종,27603
555,북진천,2014-05,6종,13084
556,동순천,2014-05,1종,278382
556,동순천,2014-05,2종,7267
556,동순천,2014-05,3종,13723
556,동순천,2014-05,4종,13065
556,동순천,2014-05,5종,40549
556,동순천,2014-05,6종,8069
557,황전,2014-05,1종,86022
557,황전,2014-05,2종,2398
557,황전,2014-05,3종,1741
557,황전,2014-05,4종,1089
557,황전,2014-05,5종,3726
557,황전,2014-05,6종,3725
558,구례화엄사,2014-05,1종,104012
558,구례화엄사,2014-05,2종,2805
558,구례화엄사,2014-05,3종,4712
558,구례화엄사,2014-05,4종,2961
558,구례화엄사,2014-05,5종,5998
558,구례화엄사,2014-05,6종,2892
559,서남원,2014-05,1종,59501
559,서남원,2014-05,2종,2788
559,서남원,2014-05,3종,2581
559,서남원,2014-05,4종,2351
559,서남원,2014-05,5종,6580
559,서남원,2014-05,6종,1996
560,감곡,2014-05,1종,365148
560,감곡,2014-05,2종,16051
560,감곡,2014-05,3종,19669
560,감곡,2014-05,4종,20612
560,감곡,2014-05,5종,42201
560,감곡,2014-05,6종,12900
561,북충주,2014-05,1종,165093
561,북충주,2014-05,2종,4381
561,북충주,2014-05,3종,8531
561,북충주,2014-05,4종,8502
561,북충주,2014-05,5종,27993
561,북충주,2014-05,6종,5139
562,충주,2014-05,1종,239550
562,충주,2014-05,2종,8738
562,충주,2014-05,3종,18379
562,충주,2014-05,4종,10425
562,충주,2014-05,5종,10454
562,충주,2014-05,6종,8978
563,괴산,2014-05,1종,77200
563,괴산,2014-05,2종,2272
563,괴산,2014-05,3종,3789
563,괴산,2014-05,4종,2734
563,괴산,2014-05,5종,5970
563,괴산,2014-05,6종,2535
564,연풍,2014-05,1종,64807
564,연풍,2014-05,2종,3297
564,연풍,2014-05,3종,7088
564,연풍,2014-05,4종,5840
564,연풍,2014-05,5종,7076
564,연풍,2014-05,6종,1888
565,문경새재,2014-05,1종,110504
565,문경새재,2014-05,2종,3427
565,문경새재,2014-05,3종,6218
565,문경새재,2014-05,4종,4380
565,문경새재,2014-05,5종,4310
565,문경새재,2014-05,6종,3401
566,점촌함창,2014-05,1종,153889
566,점촌함창,2014-05,2종,4952
566,점촌함창,2014-05,3종,10569
566,점촌함창,2014-05,4종,5749
566,점촌함창,2014-05,5종,6132
566,점촌함창,2014-05,6종,4890
567,남고창,2014-05,1종,120904
567,남고창,2014-05,2종,3535
567,남고창,2014-05,3종,2476
567,남고창,2014-05,4종,1301
567,남고창,2014-05,5종,2153
567,남고창,2014-05,6종,4889
568,장성물류,2014-05,1종,41594
568,장성물류,2014-05,2종,7903
568,장성물류,2014-05,3종,3813
568,장성물류,2014-05,4종,7116
568,장성물류,2014-05,5종,7316
568,장성물류,2014-05,6종,1148
569,북광주,2014-05,1종,321882
569,북광주,2014-05,2종,16042
569,북광주,2014-05,3종,14152
569,북광주,2014-05,4종,17021
569,북광주,2014-05,5종,26189
569,북광주,2014-05,6종,10341
570,북상주,2014-05,1종,126043
570,북상주,2014-05,2종,6651
570,북상주,2014-05,3종,10815
570,북상주,2014-05,4종,11190
570,북상주,2014-05,5종,8835
570,북상주,2014-05,6종,4137
571,면천,2014-05,1종,104454
571,면천,2014-05,2종,3608
571,면천,2014-05,3종,3526
571,면천,2014-05,4종,3939
571,면천,2014-05,5종,5383
571,면천,2014-05,6종,4171
572,고덕,2014-05,1종,124754
572,고덕,2014-05,2종,4382
572,고덕,2014-05,3종,5928
572,고덕,2014-05,4종,3320
572,고덕,2014-05,5종,6437
572,고덕,2014-05,6종,4962
573,예산수덕사,2014-05,1종,321017
573,예산수덕사,2014-05,2종,11797
573,예산수덕사,2014-05,3종,11469
573,예산수덕사,2014-05,4종,10093
573,예산수덕사,2014-05,5종,11861
573,예산수덕사,2014-05,6종,11534
574,신양,2014-05,1종,95193
574,신양,2014-05,2종,3469
574,신양,2014-05,3종,2835
574,신양,2014-05,4종,2589
574,신양,2014-05,5종,4429
574,신양,2014-05,6종,3601
575,유구,2014-05,1종,127995
575,유구,2014-05,2종,4633
575,유구,2014-05,3종,4403
575,유구,2014-05,4종,4687
575,유구,2014-05,5종,6932
575,유구,2014-05,6종,4259
576,마곡사,2014-05,1종,45526
576,마곡사,2014-05,2종,951
576,마곡사,2014-05,3종,1128
576,마곡사,2014-05,4종,775
576,마곡사,2014-05,5종,823
576,마곡사,2014-05,6종,1755
577,공주,2014-05,1종,185562
577,공주,2014-05,2종,6146
577,공주,2014-05,3종,7047
577,공주,2014-05,4종,2491
577,공주,2014-05,5종,4711
577,공주,2014-05,6종,7837
578,서세종,2014-05,1종,214906
578,서세종,2014-05,2종,12604
578,서세종,2014-05,3종,8676
578,서세종,2014-05,4종,6962
578,서세종,2014-05,5종,9570
578,서세종,2014-05,6종,8449
579,남세종,2014-05,1종,338556
579,남세종,2014-05,2종,8515
579,남세종,2014-05,3종,8481
579,남세종,2014-05,4종,5249
579,남세종,2014-05,5종,7039
579,남세종,2014-05,6종,14989
580,북강릉,2014-05,1종,200806
580,북강릉,2014-05,2종,5998
580,북강릉,2014-05,3종,7762
580,북강릉,2014-05,4종,2340
580,북강릉,2014-05,5종,5581
580,북강릉,2014-05,6종,8499
581,옥계,2014-05,1종,64253
581,옥계,2014-05,2종,2279
581,옥계,2014-05,3종,2209
581,옥계,2014-05,4종,3400
581,옥계,2014-05,5종,19439
581,옥계,2014-05,6종,3380
582,망상,2014-05,1종,117226
582,망상,2014-05,2종,3565
582,망상,2014-05,3종,13505
582,망상,2014-05,4종,1422
582,망상,2014-05,5종,2589
582,망상,2014-05,6종,6497
583,동해,2014-05,1종,346636
583,동해,2014-05,2종,11272
583,동해,2014-05,3종,14445
583,동해,2014-05,4종,8257
583,동해,2014-05,5종,28934
583,동해,2014-05,6종,15715
584,남강릉,2014-05,1종,117391
584,남강릉,2014-05,2종,6772
584,남강릉,2014-05,3종,9798
584,남강릉,2014-05,4종,3421
584,남강릉,2014-05,5종,4324
584,남강릉,2014-05,6종,7205
585,하조대,2014-05,1종,158427
585,하조대,2014-05,2종,4667
585,하조대,2014-05,3종,8792
585,하조대,2014-05,4종,2919
585,하조대,2014-05,5종,4176
585,하조대,2014-05,6종,6133
586,북남원,2014-05,1종,24276
586,북남원,2014-05,2종,954
586,북남원,2014-05,3종,654
586,북남원,2014-05,4종,399
586,북남원,2014-05,5종,2425
586,북남원,2014-05,6종,635
587,오수,2014-05,1종,156587
587,오수,2014-05,2종,5125
587,오수,2014-05,3종,8105
587,오수,2014-05,4종,3993
587,오수,2014-05,5종,6458
587,오수,2014-05,6종,4858
588,임실,2014-05,1종,54933
588,임실,2014-05,2종,2229
588,임실,2014-05,3종,2250
588,임실,2014-05,4종,1314
588,임실,2014-05,5종,3854
588,임실,2014-05,6종,1773
589,상관,2014-05,1종,159786
589,상관,2014-05,2종,4882
589,상관,2014-05,3종,7909
589,상관,2014-05,4종,4888
589,상관,2014-05,5종,26329
589,상관,2014-05,6종,4534
590,동전주,2014-05,1종,208247
590,동전주,2014-05,2종,3630
590,동전주,2014-05,3종,3822
590,동전주,2014-05,4종,1914
590,동전주,2014-05,5종,5155
590,동전주,2014-05,6종,7453
591,동서천,2014-05,1종,59980
591,동서천,2014-05,2종,1696
591,동서천,2014-05,3종,2194
591,동서천,2014-05,4종,2168
591,동서천,2014-05,5종,4326
591,동서천,2014-05,6종,1872
592,서부여,2014-05,1종,65846
592,서부여,2014-05,2종,2897
592,서부여,2014-05,3종,2453
592,서부여,2014-05,4종,1729
592,서부여,2014-05,5종,2282
592,서부여,2014-05,6종,2181
593,부여,2014-05,1종,87445
593,부여,2014-05,2종,2859
593,부여,2014-05,3종,3155
593,부여,2014-05,4종,2705
593,부여,2014-05,5종,2904
593,부여,2014-05,6종,3019
594,칠갑산,2014-05,1종,62397
594,칠갑산,2014-05,2종,1724
594,칠갑산,2014-05,3종,2313
594,칠갑산,2014-05,4종,1196
594,칠갑산,2014-05,5종,906
594,칠갑산,2014-05,6종,2151
595,서공주,2014-05,1종,68009
595,서공주,2014-05,2종,3128
595,서공주,2014-05,3종,2664
595,서공주,2014-05,4종,2229
595,서공주,2014-05,5종,3520
595,서공주,2014-05,6종,2528
597,서여주,2014-05,1종,139522
597,서여주,2014-05,2종,6633
597,서여주,2014-05,3종,6590
597,서여주,2014-05,4종,5944
597,서여주,2014-05,5종,8053
597,서여주,2014-05,6종,6610
598,북여주,2014-05,1종,85829
598,북여주,2014-05,2종,3289
598,북여주,2014-05,3종,2504
598,북여주,2014-05,4종,1967
598,북여주,2014-05,5종,5262
598,북여주,2014-05,6종,3670
599,양촌,2014-05,1종,29329
599,양촌,2014-05,2종,563
599,양촌,2014-05,3종,262
599,양촌,2014-05,4종,15
599,양촌,2014-05,5종,4
599,양촌,2014-05,6종,957
601,남천안,2014-05,1종,416688
601,남천안,2014-05,2종,28533
601,남천안,2014-05,3종,34759
601,남천안,2014-05,4종,29098
601,남천안,2014-05,5종,26450
601,남천안,2014-05,6종,16772
602,풍세상,2014-05,1종,1491749
602,풍세상,2014-05,2종,41772
602,풍세상,2014-05,3종,159048
602,풍세상,2014-05,4종,78284
602,풍세상,2014-05,5종,71490
602,풍세상,2014-05,6종,63231
603,정안,2014-05,1종,251271
603,정안,2014-05,2종,10712
603,정안,2014-05,3종,27572
603,정안,2014-05,4종,13968
603,정안,2014-05,5종,10474
603,정안,2014-05,6종,8484
604,남공주,2014-05,1종,78609
604,남공주,2014-05,2종,3317
604,남공주,2014-05,3종,4112
604,남공주,2014-05,4종,2656
604,남공주,2014-05,5종,4094
604,남공주,2014-05,6종,2761
605,탄천,2014-05,1종,27277
605,탄천,2014-05,2종,1854
605,탄천,2014-05,3종,1309
605,탄천,2014-05,4종,1595
605,탄천,2014-05,5종,1245
605,탄천,2014-05,6종,947
606,서논산,2014-05,1종,143929
606,서논산,2014-05,2종,7488
606,서논산,2014-05,3종,9960
606,서논산,2014-05,4종,8390
606,서논산,2014-05,5종,9020
606,서논산,2014-05,6종,5367
607,연무,2014-05,1종,66192
607,연무,2014-05,2종,2756
607,연무,2014-05,3종,2814
607,연무,2014-05,4종,1672
607,연무,2014-05,5종,2260
607,연무,2014-05,6종,2395
608,남논산하,2014-05,1종,961480
608,남논산하,2014-05,2종,25150
608,남논산하,2014-05,3종,113562
608,남논산하,2014-05,4종,39892
608,남논산하,2014-05,5종,56424
608,남논산하,2014-05,6종,36694
612,풍세하,2014-05,1종,1489038
612,풍세하,2014-05,2종,40380
612,풍세하,2014-05,3종,160380
612,풍세하,2014-05,4종,57340
612,풍세하,2014-05,5종,53652
612,풍세하,2014-05,6종,62886
618,남논산상,2014-05,1종,942944
618,남논산상,2014-05,2종,26150
618,남논산상,2014-05,3종,108726
618,남논산상,2014-05,4종,48102
618,남논산상,2014-05,5종,65874
618,남논산상,2014-05,6종,35384
621,동대구,2014-05,1종,877778
621,동대구,2014-05,2종,34182
621,동대구,2014-05,3종,41815
621,동대구,2014-05,4종,22784
621,동대구,2014-05,5종,28171
621,동대구,2014-05,6종,42882
622,대구,2014-05,1종,1169853
622,대구,2014-05,2종,45533
622,대구,2014-05,3종,62489
622,대구,2014-05,4종,47127
622,대구,2014-05,5종,88436
622,대구,2014-05,6종,61647
623,수성,2014-05,1종,789185
623,수성,2014-05,2종,20568
623,수성,2014-05,3종,14279
623,수성,2014-05,4종,6959
623,수성,2014-05,5종,7895
623,수성,2014-05,6종,36111
624,청도,2014-05,1종,227321
624,청도,2014-05,2종,8648
624,청도,2014-05,3종,6765
624,청도,2014-05,4종,5193
624,청도,2014-05,5종,7024
624,청도,2014-05,6종,10232
625,밀양,2014-05,1종,326224
625,밀양,2014-05,2종,15461
625,밀양,2014-05,3종,14857
625,밀양,2014-05,4종,10928
625,밀양,2014-05,5종,16244
625,밀양,2014-05,6종,13986
626,남밀양,2014-05,1종,401917
626,남밀양,2014-05,2종,22940
626,남밀양,2014-05,3종,21109
626,남밀양,2014-05,4종,16323
626,남밀양,2014-05,5종,19362
626,남밀양,2014-05,6종,22326
627,삼랑진,2014-05,1종,254191
627,삼랑진,2014-05,2종,10622
627,삼랑진,2014-05,3종,7478
627,삼랑진,2014-05,4종,5970
627,삼랑진,2014-05,5종,12062
627,삼랑진,2014-05,6종,15152
628,상동,2014-05,1종,245003
628,상동,2014-05,2종,26078
628,상동,2014-05,3종,13263
628,상동,2014-05,4종,14957
628,상동,2014-05,5종,23945
628,상동,2014-05,6종,14487
629,김해부산,2014-05,1종,1259314
629,김해부산,2014-05,2종,65534
629,김해부산,2014-05,3종,74166
629,김해부산,2014-05,4종,61428
629,김해부산,2014-05,5종,108546
629,김해부산,2014-05,6종,71690
641,울산,2014-05,1종,1252798
641,울산,2014-05,2종,52624
641,울산,2014-05,3종,73169
641,울산,2014-05,4종,47854
641,울산,2014-05,5종,128514
641,울산,2014-05,6종,59101
642,문수,2014-05,1종,129333
642,문수,2014-05,2종,5044
642,문수,2014-05,3종,4661
642,문수,2014-05,4종,5321
642,문수,2014-05,5종,6795
642,문수,2014-05,6종,7204
643,청량,2014-05,1종,588525
643,청량,2014-05,2종,14292
643,청량,2014-05,3종,15573
643,청량,2014-05,4종,21986
643,청량,2014-05,5종,79211
643,청량,2014-05,6종,35108
644,온양,2014-05,1종,200049
644,온양,2014-05,2종,4179
644,온양,2014-05,3종,2522
644,온양,2014-05,4종,3330
644,온양,2014-05,5종,14159
644,온양,2014-05,6종,12786
645,장안,2014-05,1종,365389
645,장안,2014-05,2종,7993
645,장안,2014-05,3종,5986
645,장안,2014-05,4종,6088
645,장안,2014-05,5종,16047
645,장안,2014-05,6종,23530
646,기장일광,2014-05,1종,289895
646,기장일광,2014-05,2종,3380
646,기장일광,2014-05,3종,3557
646,기장일광,2014-05,4종,2197
646,기장일광,2014-05,5종,4345
646,기장일광,2014-05,6종,17199
647,해운대송정,2014-05,1종,107444
647,해운대송정,2014-05,2종,1269
647,해운대송정,2014-05,3종,950
647,해운대송정,2014-05,4종,584
647,해운대송정,2014-05,5종,950
647,해운대송정,2014-05,6종,6528
648,해운대,2014-05,1종,832150
648,해운대,2014-05,2종,9965
648,해운대,2014-05,3종,9919
648,해운대,2014-05,4종,8009
648,해운대,2014-05,5종,41654
648,해운대,2014-05,6종,48630
651,남양주,2014-05,1종,1807367
651,남양주,2014-05,2종,40920
651,남양주,2014-05,3종,68407
651,남양주,2014-05,4종,17774
651,남양주,2014-05,5종,20446
651,남양주,2014-05,6종,96033
652,화도,2014-05,1종,957770
652,화도,2014-05,2종,33680
652,화도,2014-05,3종,32725
652,화도,2014-05,4종,14312
652,화도,2014-05,5종,15701
652,화도,2014-05,6종,66932
653,서종,2014-05,1종,214901
653,서종,2014-05,2종,2125
653,서종,2014-05,3종,1330
653,서종,2014-05,4종,1340
653,서종,2014-05,5종,2648
653,서종,2014-05,6종,12661
654,설악,2014-05,1종,270574
654,설악,2014-05,2종,3647
654,설악,2014-05,3종,5596
654,설악,2014-05,4종,1962
654,설악,2014-05,5종,1688
654,설악,2014-05,6종,13194
655,강촌,2014-05,1종,180594
655,강촌,2014-05,2종,2286
655,강촌,2014-05,3종,3898
655,강촌,2014-05,4종,1685
655,강촌,2014-05,5종,1007
655,강촌,2014-05,6종,7335
656,남춘천,2014-05,1종,195501
656,남춘천,2014-05,2종,3036
656,남춘천,2014-05,3종,11354
656,남춘천,2014-05,4종,2347
656,남춘천,2014-05,5종,3822
656,남춘천,2014-05,6종,9499
657,동산,2014-05,1종,744392
657,동산,2014-05,2종,11126
657,동산,2014-05,3종,30842
657,동산,2014-05,4종,7430
657,동산,2014-05,5종,7876
657,동산,2014-05,6종,37850
658,조양,2014-05,1종,29952
658,조양,2014-05,2종,539
658,조양,2014-05,3종,434
658,조양,2014-05,4종,633
658,조양,2014-05,5종,564
658,조양,2014-05,6종,1204
671,봉담,2014-05,1종,1269431
671,봉담,2014-05,2종,59398
671,봉담,2014-05,3종,44961
671,봉담,2014-05,4종,20322
671,봉담,2014-05,5종,26081
671,봉담,2014-05,6종,97533
672,정남,2014-05,1종,374222
672,정남,2014-05,2종,20190
672,정남,2014-05,3종,14690
672,정남,2014-05,4종,7531
672,정남,2014-05,5종,4750
672,정남,2014-05,6종,30170
673,북오산,2014-05,1종,782623
673,북오산,2014-05,2종,29589
673,북오산,2014-05,3종,25815
673,북오산,2014-05,4종,15131
673,북오산,2014-05,5종,10918
673,북오산,2014-05,6종,56551
674,,2014-05,1종,839569
674,,2014-05,2종,40106
674,,2014-05,3종,57335
674,,2014-05,4종,19423
674,,2014-05,5종,22453
674,,2014-05,6종,58508
675,서오산,2014-05,1종,767399
675,서오산,2014-05,2종,23910
675,서오산,2014-05,3종,18660
675,서오산,2014-05,4종,16394
675,서오산,2014-05,5종,11571
675,서오산,2014-05,6종,53492
676,향남,2014-05,1종,543954
676,향남,2014-05,2종,39641
676,향남,2014-05,3종,23018
676,향남,2014-05,4종,25310
676,향남,2014-05,5종,14792
676,향남,2014-05,6종,42584
677,북평택,2014-05,1종,985009
677,북평택,2014-05,2종,35464
677,북평택,2014-05,3종,46683
677,북평택,2014-05,4종,17879
677,북평택,2014-05,5종,30113
677,북평택,2014-05,6종,58926
681,장안본선,2014-05,1종,1036414
681,장안본선,2014-05,2종,76370
681,장안본선,2014-05,3종,124758
681,장안본선,2014-05,4종,90260
681,장안본선,2014-05,5종,161544
681,장안본선,2014-05,6종,56470
682,조암,2014-05,1종,314518
682,조암,2014-05,2종,37402
682,조암,2014-05,3종,28637
682,조암,2014-05,4종,21254
682,조암,2014-05,5종,26671
682,조암,2014-05,6종,19019
683,송산마도,2014-05,1종,532633
683,송산마도,2014-05,2종,35191
683,송산마도,2014-05,3종,24775
683,송산마도,2014-05,4종,19245
683,송산마도,2014-05,5종,35254
683,송산마도,2014-05,6종,30087
684,남안산,2014-05,1종,678381
684,남안산,2014-05,2종,72959
684,남안산,2014-05,3종,56303
684,남안산,2014-05,4종,50160
684,남안산,2014-05,5종,69293
684,남안산,2014-05,6종,49041
685,서시흥,2014-05,1종,1256919
685,서시흥,2014-05,2종,79202
685,서시흥,2014-05,3종,109305
685,서시흥,2014-05,4종,72697
685,서시흥,2014-05,5종,144719
685,서시흥,2014-05,6종,72719
981,서영암,2014-05,1종,226711
981,서영암,2014-05,2종,5035
981,서영암,2014-05,3종,10229
981,서영암,2014-05,4종,6427
981,서영암,2014-05,5종,15753
981,서영암,2014-05,6종,6122
982,강진무위사,2014-05,1종,145307
982,강진무위사,2014-05,2종,3404
982,강진무위사,2014-05,3종,6771
982,강진무위사,2014-05,4종,3235
982,강진무위사,2014-05,5종,4875
982,강진무위사,2014-05,6종,3739
983,장흥,2014-05,1종,117475
983,장흥,2014-05,2종,1700
983,장흥,2014-05,3종,2592
983,장흥,2014-05,4종,874
983,장흥,2014-05,5종,1193
983,장흥,2014-05,6종,3047
984,보성,2014-05,1종,189145
984,보성,2014-05,2종,5531
984,보성,2014-05,3종,6865
984,보성,2014-05,4종,4419
984,보성,2014-05,5종,10673
984,보성,2014-05,6종,4954
985,벌교,2014-05,1종,133464
985,벌교,2014-05,2종,4172
985,벌교,2014-05,3종,3806
985,벌교,2014-05,4종,2052
985,벌교,2014-05,5종,3126
985,벌교,2014-05,6종,3290
986,고흥,2014-05,1종,165560
986,고흥,2014-05,2종,4189
986,고흥,2014-05,3종,6312
986,고흥,2014-05,4종,5709
986,고흥,2014-05,5종,4566
986,고흥,2014-05,6종,4888
987,남순천,2014-05,1종,467163
987,남순천,2014-05,2종,11293
987,남순천,2014-05,3종,19948
987,남순천,2014-05,4종,15508
987,남순천,2014-05,5종,31009
987,남순천,2014-05,6종,12980
11,인천,2014-06,1종,3413757
11,인천,2014-06,2종,111545
11,인천,2014-06,3종,81143
11,인천,2014-06,4종,56245
11,인천,2014-06,5종,101910
11,인천,2014-06,6종,319351
12,서영암(개),2014-06,1종,31177
12,서영암(개),2014-06,2종,542
12,서영암(개),2014-06,3종,685
12,서영암(개),2014-06,4종,371
12,서영암(개),2014-06,5종,610
12,서영암(개),2014-06,6종,2086
13,순천만,2014-06,1종,110286
13,순천만,2014-06,2종,4079
13,순천만,2014-06,3종,4406
13,순천만,2014-06,4종,2764
13,순천만,2014-06,5종,6939
13,순천만,2014-06,6종,5296
53,남인천,2014-06,1종,1616496
53,남인천,2014-06,2종,41019
53,남인천,2014-06,3종,53712
53,남인천,2014-06,4종,19586
53,남인천,2014-06,5종,57247
53,남인천,2014-06,6종,137362
56,일로,2014-06,1종,37717
56,일로,2014-06,2종,1419
56,일로,2014-06,3종,1162
56,일로,2014-06,4종,989
56,일로,2014-06,5종,1786
56,일로,2014-06,6종,2325
61,성남,2014-06,1종,3843819
61,성남,2014-06,2종,152795
61,성남,2014-06,3종,145857
61,성남,2014-06,4종,82532
61,성남,2014-06,5종,89603
61,성남,2014-06,6종,269279
62,구리남양주,2014-06,1종,4958805
62,구리남양주,2014-06,2종,206005
62,구리남양주,2014-06,3종,182893
62,구리남양주,2014-06,4종,124876
62,구리남양주,2014-06,5종,103292
62,구리남양주,2014-06,6종,371422
63,토평,2014-06,1종,496200
63,토평,2014-06,2종,15190
63,토평,2014-06,3종,8317
63,토평,2014-06,4종,11821
63,토평,2014-06,5종,13092
63,토평,2014-06,6종,39646
64,청계,2014-06,1종,4408596
64,청계,2014-06,2종,143527
64,청계,2014-06,3종,146958
64,청계,2014-06,4종,47430
64,청계,2014-06,5종,87934
64,청계,2014-06,6종,337747
65,판교,2014-06,1종,2829260
65,판교,2014-06,2종,44021
65,판교,2014-06,3종,171322
65,판교,2014-06,4종,16894
65,판교,2014-06,5종,16233
65,판교,2014-06,6종,168241
66,하남,2014-06,1종,855069
66,하남,2014-06,2종,27560
66,하남,2014-06,3종,15888
66,하남,2014-06,4종,7648
66,하남,2014-06,5종,6852
66,하남,2014-06,6종,65013
67,시흥,2014-06,1종,3799802
67,시흥,2014-06,2종,132657
67,시흥,2014-06,3종,120124
67,시흥,2014-06,4종,67606
67,시흥,2014-06,5종,68085
67,시흥,2014-06,6종,297621
68,김포,2014-06,1종,4603228
68,김포,2014-06,2종,182235
68,김포,2014-06,3종,145119
68,김포,2014-06,4종,75494
68,김포,2014-06,5종,106471
68,김포,2014-06,6종,380366
69,대왕판교,2014-06,1종,186219
69,대왕판교,2014-06,2종,1456
69,대왕판교,2014-06,3종,175
69,대왕판교,2014-06,4종,28
69,대왕판교,2014-06,5종,13
69,대왕판교,2014-06,6종,11079
74,덕소삼패,2014-06,1종,301966
74,덕소삼패,2014-06,2종,7860
74,덕소삼패,2014-06,3종,3778
74,덕소삼패,2014-06,4종,10292
74,덕소삼패,2014-06,5종,12835
74,덕소삼패,2014-06,6종,23808
91,대동(개),2014-06,1종,141120
91,대동(개),2014-06,2종,9693
91,대동(개),2014-06,3종,5678
91,대동(개),2014-06,4종,20736
91,대동(개),2014-06,5종,11358
91,대동(개),2014-06,6종,9820
92,내서,2014-06,1종,212372
92,내서,2014-06,2종,7839
92,내서,2014-06,3종,10155
92,내서,2014-06,4종,3456
92,내서,2014-06,5종,6065
92,내서,2014-06,6종,19699
101,서울,2014-06,1종,5322429
101,서울,2014-06,2종,189718
101,서울,2014-06,3종,555211
101,서울,2014-06,4종,94316
101,서울,2014-06,5종,52567
101,서울,2014-06,6종,253201
102,동수원,2014-06,1종,2073601
102,동수원,2014-06,2종,39238
102,동수원,2014-06,3종,82538
102,동수원,2014-06,4종,18499
102,동수원,2014-06,5종,19459
102,동수원,2014-06,6종,132361
103,수원신갈,2014-06,1종,2396245
103,수원신갈,2014-06,2종,95289
103,수원신갈,2014-06,3종,151590
103,수원신갈,2014-06,4종,43965
103,수원신갈,2014-06,5종,25714
103,수원신갈,2014-06,6종,134499
104,지곡,2014-06,1종,39534
104,지곡,2014-06,2종,1521
104,지곡,2014-06,3종,1986
104,지곡,2014-06,4종,1585
104,지곡,2014-06,5종,2049
104,지곡,2014-06,6종,1470
105,기흥,2014-06,1종,425838
105,기흥,2014-06,2종,23530
105,기흥,2014-06,3종,14000
105,기흥,2014-06,4종,9404
105,기흥,2014-06,5종,11923
105,기흥,2014-06,6종,21730
106,오산,2014-06,1종,1095027
106,오산,2014-06,2종,92013
106,오산,2014-06,3종,99127
106,오산,2014-06,4종,44553
106,오산,2014-06,5종,29152
106,오산,2014-06,6종,71549
107,안성,2014-06,1종,816919
107,안성,2014-06,2종,32525
107,안성,2014-06,3종,52976
107,안성,2014-06,4종,15878
107,안성,2014-06,5종,11827
107,안성,2014-06,6종,52140
108,천안,2014-06,1종,1404249
108,천안,2014-06,2종,46323
108,천안,2014-06,3종,102680
108,천안,2014-06,4종,38200
108,천안,2014-06,5종,31439
108,천안,2014-06,6종,72605
109,계룡,2014-06,1종,130128
109,계룡,2014-06,2종,9763
109,계룡,2014-06,3종,11037
109,계룡,2014-06,4종,7780
109,계룡,2014-06,5종,4423
109,계룡,2014-06,6종,8009
110,독립기념관,2014-06,1종,332246
110,독립기념관,2014-06,2종,20047
110,독립기념관,2014-06,3종,24763
110,독립기념관,2014-06,4종,27668
110,독립기념관,2014-06,5종,17419
110,독립기념관,2014-06,6종,14287
111,청주,2014-06,1종,461499
111,청주,2014-06,2종,19661
111,청주,2014-06,3종,47782
111,청주,2014-06,4종,14402
111,청주,2014-06,5종,18746
111,청주,2014-06,6종,23332
112,남청주,2014-06,1종,486499
112,남청주,2014-06,2종,41378
112,남청주,2014-06,3종,40154
112,남청주,2014-06,4종,44291
112,남청주,2014-06,5종,38831
112,남청주,2014-06,6종,21998
113,신탄진,2014-06,1종,744769
113,신탄진,2014-06,2종,43705
113,신탄진,2014-06,3종,33767
113,신탄진,2014-06,4종,56157
113,신탄진,2014-06,5종,49006
113,신탄진,2014-06,6종,39891
114,남대전,2014-06,1종,308656
114,남대전,2014-06,2종,12203
114,남대전,2014-06,3종,10837
114,남대전,2014-06,4종,5865
114,남대전,2014-06,5종,8503
114,남대전,2014-06,6종,15494
115,대전,2014-06,1종,1312840
115,대전,2014-06,2종,39586
115,대전,2014-06,3종,79644
115,대전,2014-06,4종,15529
115,대전,2014-06,5종,14419
115,대전,2014-06,6종,70222
116,옥천,2014-06,1종,381873
116,옥천,2014-06,2종,21566
116,옥천,2014-06,3종,18363
116,옥천,2014-06,4종,32377
116,옥천,2014-06,5종,19740
116,옥천,2014-06,6종,21403
117,금강,2014-06,1종,52476
117,금강,2014-06,2종,1943
117,금강,2014-06,3종,1208
117,금강,2014-06,4종,3066
117,금강,2014-06,5종,919
117,금강,2014-06,6종,2702
118,영동,2014-06,1종,91019
118,영동,2014-06,2종,5186
118,영동,2014-06,3종,4780
118,영동,2014-06,4종,2908
118,영동,2014-06,5종,6575
118,영동,2014-06,6종,3927
119,판암,2014-06,1종,472962
119,판암,2014-06,2종,15429
119,판암,2014-06,3종,10219
119,판암,2014-06,4종,6592
119,판암,2014-06,5종,6709
119,판암,2014-06,6종,27267
120,황간,2014-06,1종,86388
120,황간,2014-06,2종,3109
120,황간,2014-06,3종,4322
120,황간,2014-06,4종,3882
120,황간,2014-06,5종,4844
120,황간,2014-06,6종,3131
121,추풍령,2014-06,1종,39979
121,추풍령,2014-06,2종,1304
121,추풍령,2014-06,3종,2040
121,추풍령,2014-06,4종,1055
121,추풍령,2014-06,5종,1754
121,추풍령,2014-06,6종,1821
122,김천,2014-06,1종,220143
122,김천,2014-06,2종,7977
122,김천,2014-06,3종,10734
122,김천,2014-06,4종,9357
122,김천,2014-06,5종,7967
122,김천,2014-06,6종,9965
123,구미,2014-06,1종,761031
123,구미,2014-06,2종,19576
123,구미,2014-06,3종,35328
123,구미,2014-06,4종,18302
123,구미,2014-06,5종,17187
123,구미,2014-06,6종,39162
124,상주,2014-06,1종,115022
124,상주,2014-06,2종,6044
124,상주,2014-06,3종,5735
124,상주,2014-06,4종,6207
124,상주,2014-06,5종,7397
124,상주,2014-06,6종,3790
125,남구미,2014-06,1종,528042
125,남구미,2014-06,2종,21580
125,남구미,2014-06,3종,32376
125,남구미,2014-06,4종,21640
125,남구미,2014-06,5종,38199
125,남구미,2014-06,6종,30396
126,왜관,2014-06,1종,623247
126,왜관,2014-06,2종,48310
126,왜관,2014-06,3종,30394
126,왜관,2014-06,4종,23643
126,왜관,2014-06,5종,32552
126,왜관,2014-06,6종,29910
127,서대구,2014-06,1종,1885920
127,서대구,2014-06,2종,91061
127,서대구,2014-06,3종,100266
127,서대구,2014-06,4종,48666
127,서대구,2014-06,5종,59856
127,서대구,2014-06,6종,86128
128,금왕꽃동네,2014-06,1종,73656
128,금왕꽃동네,2014-06,2종,8331
128,금왕꽃동네,2014-06,3종,8025
128,금왕꽃동네,2014-06,4종,6562
128,금왕꽃동네,2014-06,5종,7999
128,금왕꽃동네,2014-06,6종,3076
129,북대구,2014-06,1종,1732134
129,북대구,2014-06,2종,61164
129,북대구,2014-06,3종,53219
129,북대구,2014-06,4종,23468
129,북대구,2014-06,5종,25821
129,북대구,2014-06,6종,77457
130,동김천,2014-06,1종,123367
130,동김천,2014-06,2종,5321
130,동김천,2014-06,3종,8101
130,동김천,2014-06,4종,6884
130,동김천,2014-06,5종,11927
130,동김천,2014-06,6종,4613
131,경산,2014-06,1종,811892
131,경산,2014-06,2종,76252
131,경산,2014-06,3종,53973
131,경산,2014-06,4종,43352
131,경산,2014-06,5종,38212
131,경산,2014-06,6종,44964
132,영천,2014-06,1종,395008
132,영천,2014-06,2종,25133
132,영천,2014-06,3종,26648
132,영천,2014-06,4종,22631
132,영천,2014-06,5종,44123
132,영천,2014-06,6종,15787
133,서경주,2014-06,1종,165383
133,서경주,2014-06,2종,8191
133,서경주,2014-06,3종,12032
133,서경주,2014-06,4종,9419
133,서경주,2014-06,5종,24820
133,서경주,2014-06,6종,5441
134,선산,2014-06,1종,87222
134,선산,2014-06,2종,4976
134,선산,2014-06,3종,5133
134,선산,2014-06,4종,6778
134,선산,2014-06,5종,8234
134,선산,2014-06,6종,3040
135,경주,2014-06,1종,883098
135,경주,2014-06,2종,41597
135,경주,2014-06,3종,71587
135,경주,2014-06,4종,40817
135,경주,2014-06,5종,91999
135,경주,2014-06,6종,33373
136,음성,2014-06,1종,120621
136,음성,2014-06,2종,6943
136,음성,2014-06,3종,8281
136,음성,2014-06,4종,5956
136,음성,2014-06,5종,5842
136,음성,2014-06,6종,4972
137,통도사,2014-06,1종,272090
137,통도사,2014-06,2종,15408
137,통도사,2014-06,3종,14795
137,통도사,2014-06,4종,11219
137,통도사,2014-06,5종,16516
137,통도사,2014-06,6종,14043
138,양산,2014-06,1종,639065
138,양산,2014-06,2종,69756
138,양산,2014-06,3종,41454
138,양산,2014-06,4종,42807
138,양산,2014-06,5종,53332
138,양산,2014-06,6종,35627
139,서울산,2014-06,1종,444559
139,서울산,2014-06,2종,24559
139,서울산,2014-06,3종,29010
139,서울산,2014-06,4종,13099
139,서울산,2014-06,5종,24024
139,서울산,2014-06,6종,23274
140,부산,2014-06,1종,1543761
140,부산,2014-06,2종,59557
140,부산,2014-06,3종,46717
140,부산,2014-06,4종,31315
140,부산,2014-06,5종,56166
140,부산,2014-06,6종,87987
142,군북,2014-06,1종,346241
142,군북,2014-06,2종,14027
142,군북,2014-06,3종,14542
142,군북,2014-06,4종,9410
142,군북,2014-06,5종,18057
142,군북,2014-06,6종,21387
143,장지,2014-06,1종,109831
143,장지,2014-06,2종,5924
143,장지,2014-06,3종,5324
143,장지,2014-06,4종,4423
143,장지,2014-06,5종,15024
143,장지,2014-06,6종,6888
144,함안,2014-06,1종,244109
144,함안,2014-06,2종,12218
144,함안,2014-06,3종,10459
144,함안,2014-06,4종,7821
144,함안,2014-06,5종,16787
144,함안,2014-06,6종,15807
145,산인,2014-06,1종,728778
145,산인,2014-06,2종,19139
145,산인,2014-06,3종,31086
145,산인,2014-06,4종,13688
145,산인,2014-06,5종,20755
145,산인,2014-06,6종,42621
146,동창원,2014-06,1종,547981
146,동창원,2014-06,2종,28696
146,동창원,2014-06,3종,22304
146,동창원,2014-06,4종,18401
146,동창원,2014-06,5종,28270
146,동창원,2014-06,6종,37567
147,진례,2014-06,1종,422194
147,진례,2014-06,2종,34191
147,진례,2014-06,3종,19287
147,진례,2014-06,4종,16410
147,진례,2014-06,5종,50847
147,진례,2014-06,6종,28459
148,서김해,2014-06,1종,620557
148,서김해,2014-06,2종,22100
148,서김해,2014-06,3종,15446
148,서김해,2014-06,4종,10616
148,서김해,2014-06,5종,15726
148,서김해,2014-06,6종,43977
149,동김해,2014-06,1종,1081480
149,동김해,2014-06,2종,33427
149,동김해,2014-06,3종,25596
149,동김해,2014-06,4종,11550
149,동김해,2014-06,5종,13551
149,동김해,2014-06,6종,84252
150,북부산,2014-06,1종,2266957
150,북부산,2014-06,2종,64774
150,북부산,2014-06,3종,67061
150,북부산,2014-06,4종,41291
150,북부산,2014-06,5종,86967
150,북부산,2014-06,6종,149071
151,북대전,2014-06,1종,676751
151,북대전,2014-06,2종,17570
151,북대전,2014-06,3종,29590
151,북대전,2014-06,4종,17495
151,북대전,2014-06,5종,14691
151,북대전,2014-06,6종,37586
152,유성,2014-06,1종,1051065
152,유성,2014-06,2종,25041
152,유성,2014-06,3종,37403
152,유성,2014-06,4종,16634
152,유성,2014-06,5종,11941
152,유성,2014-06,6종,48712
153,서대전,2014-06,1종,671003
153,서대전,2014-06,2종,20512
153,서대전,2014-06,3종,18414
153,서대전,2014-06,4종,17081
153,서대전,2014-06,5종,13791
153,서대전,2014-06,6종,39043
154,안영,2014-06,1종,438648
154,안영,2014-06,2종,16195
154,안영,2014-06,3종,10671
154,안영,2014-06,4종,8297
154,안영,2014-06,5종,8759
154,안영,2014-06,6종,22735
155,논산,2014-06,1종,203091
155,논산,2014-06,2종,16782
155,논산,2014-06,3종,16473
155,논산,2014-06,4종,12457
155,논산,2014-06,5종,11683
155,논산,2014-06,6종,8981
156,익산,2014-06,1종,272792
156,익산,2014-06,2종,22365
156,익산,2014-06,3종,27730
156,익산,2014-06,4종,18751
156,익산,2014-06,5종,27196
156,익산,2014-06,6종,9239
157,삼례,2014-06,1종,111132
157,삼례,2014-06,2종,7772
157,삼례,2014-06,3종,7977
157,삼례,2014-06,4종,6330
157,삼례,2014-06,5종,10078
157,삼례,2014-06,6종,3594
158,전주,2014-06,1종,441711
158,전주,2014-06,2종,20925
158,전주,2014-06,3종,47808
158,전주,2014-06,4종,20513
158,전주,2014-06,5종,40057
158,전주,2014-06,6종,13301
159,서전주,2014-06,1종,266055
159,서전주,2014-06,2종,12205
159,서전주,2014-06,3종,12025
159,서전주,2014-06,4종,7645
159,서전주,2014-06,5종,9187
159,서전주,2014-06,6종,8006
160,김제,2014-06,1종,117756
160,김제,2014-06,2종,7049
160,김제,2014-06,3종,8142
160,김제,2014-06,4종,4072
160,김제,2014-06,5종,5122
160,김제,2014-06,6종,3639
161,금산사,2014-06,1종,34679
161,금산사,2014-06,2종,2765
161,금산사,2014-06,3종,1916
161,금산사,2014-06,4종,966
161,금산사,2014-06,5종,1843
161,금산사,2014-06,6종,962
162,태인,2014-06,1종,80231
162,태인,2014-06,2종,6413
162,태인,2014-06,3종,8642
162,태인,2014-06,4종,5287
162,태인,2014-06,5종,5128
162,태인,2014-06,6종,2446
163,정읍,2014-06,1종,235632
163,정읍,2014-06,2종,15709
163,정읍,2014-06,3종,21272
163,정읍,2014-06,4종,10985
163,정읍,2014-06,5종,9799
163,정읍,2014-06,6종,7513
164,무주,2014-06,1종,171377
164,무주,2014-06,2종,4132
164,무주,2014-06,3종,5154
164,무주,2014-06,4종,3036
164,무주,2014-06,5종,3306
164,무주,2014-06,6종,6110
165,백양사,2014-06,1종,72873
165,백양사,2014-06,2종,2066
165,백양사,2014-06,3종,3679
165,백양사,2014-06,4종,1471
165,백양사,2014-06,5종,1168
165,백양사,2014-06,6종,1942
166,장성,2014-06,1종,145772
166,장성,2014-06,2종,11591
166,장성,2014-06,3종,16314
166,장성,2014-06,4종,10855
166,장성,2014-06,5종,12846
166,장성,2014-06,6종,5114
167,광주,2014-06,1종,974813
167,광주,2014-06,2종,38083
167,광주,2014-06,3종,77866
167,광주,2014-06,4종,44529
167,광주,2014-06,5종,29714
167,광주,2014-06,6종,30086
168,덕유산,2014-06,1종,58473
168,덕유산,2014-06,2종,1587
168,덕유산,2014-06,3종,1461
168,덕유산,2014-06,4종,862
168,덕유산,2014-06,5종,2214
168,덕유산,2014-06,6종,1660
169,장수,2014-06,1종,106403
169,장수,2014-06,2종,4269
169,장수,2014-06,3종,4409
169,장수,2014-06,4종,2192
169,장수,2014-06,5종,3287
169,장수,2014-06,6종,3254
170,서상,2014-06,1종,49563
170,서상,2014-06,2종,2357
170,서상,2014-06,3종,4383
170,서상,2014-06,4종,3294
170,서상,2014-06,5종,3188
170,서상,2014-06,6종,1620
171,마성,2014-06,1종,380937
171,마성,2014-06,2종,5577
171,마성,2014-06,3종,18404
171,마성,2014-06,4종,1316
171,마성,2014-06,5종,1169
171,마성,2014-06,6종,21480
172,용인,2014-06,1종,846814
172,용인,2014-06,2종,58938
172,용인,2014-06,3종,32407
172,용인,2014-06,4종,19430
172,용인,2014-06,5종,13579
172,용인,2014-06,6종,59555
173,양지,2014-06,1종,837375
173,양지,2014-06,2종,82802
173,양지,2014-06,3종,59701
173,양지,2014-06,4종,49841
173,양지,2014-06,5종,39995
173,양지,2014-06,6종,46751
174,춘천,2014-06,1종,700662
174,춘천,2014-06,2종,19329
174,춘천,2014-06,3종,26918
174,춘천,2014-06,4종,9951
174,춘천,2014-06,5종,8553
174,춘천,2014-06,6종,44103
175,덕평,2014-06,1종,286335
175,덕평,2014-06,2종,41237
175,덕평,2014-06,3종,22076
175,덕평,2014-06,4종,18668
175,덕평,2014-06,5종,10178
175,덕평,2014-06,6종,17098
176,이천,2014-06,1종,594650
176,이천,2014-06,2종,40752
176,이천,2014-06,3종,46807
176,이천,2014-06,4종,43485
176,이천,2014-06,5종,35587
176,이천,2014-06,6종,29142
177,여주,2014-06,1종,410108
177,여주,2014-06,2종,17330
177,여주,2014-06,3종,37927
177,여주,2014-06,4종,21192
177,여주,2014-06,5종,12104
177,여주,2014-06,6종,16270
178,문막,2014-06,1종,370062
178,문막,2014-06,2종,22086
178,문막,2014-06,3종,35077
178,문막,2014-06,4종,13712
178,문막,2014-06,5종,16608
178,문막,2014-06,6종,15930
179,홍천,2014-06,1종,297154
179,홍천,2014-06,2종,9690
179,홍천,2014-06,3종,16239
179,홍천,2014-06,4종,7826
179,홍천,2014-06,5종,6585
179,홍천,2014-06,6종,20522
180,원주,2014-06,1종,249746
180,원주,2014-06,2종,14814
180,원주,2014-06,3종,17117
180,원주,2014-06,4종,8122
180,원주,2014-06,5종,8991
180,원주,2014-06,6종,12551
181,새말,2014-06,1종,214181
181,새말,2014-06,2종,8183
181,새말,2014-06,3종,11026
181,새말,2014-06,4종,4812
181,새말,2014-06,5종,5515
181,새말,2014-06,6종,7927
182,둔내,2014-06,1종,113934
182,둔내,2014-06,2종,3848
182,둔내,2014-06,3종,4641
182,둔내,2014-06,4종,2692
182,둔내,2014-06,5종,1061
182,둔내,2014-06,6종,4499
183,면온,2014-06,1종,92693
183,면온,2014-06,2종,1629
183,면온,2014-06,3종,2992
183,면온,2014-06,4종,1249
183,면온,2014-06,5종,1886
183,면온,2014-06,6종,3191
184,대관령,2014-06,1종,216900
184,대관령,2014-06,2종,6005
184,대관령,2014-06,3종,14520
184,대관령,2014-06,4종,1474
184,대관령,2014-06,5종,2905
184,대관령,2014-06,6종,8612
185,평창,2014-06,1종,138513
185,평창,2014-06,2종,4356
185,평창,2014-06,3종,12726
185,평창,2014-06,4종,2918
185,평창,2014-06,5종,3050
185,평창,2014-06,6종,5803
186,속사,2014-06,1종,37261
186,속사,2014-06,2종,1204
186,속사,2014-06,3종,1282
186,속사,2014-06,4종,876
186,속사,2014-06,5종,665
186,속사,2014-06,6종,1398
187,진부,2014-06,1종,146425
187,진부,2014-06,2종,4751
187,진부,2014-06,3종,11856
187,진부,2014-06,4종,2428
187,진부,2014-06,5종,3173
187,진부,2014-06,6종,6048
188,서충주,2014-06,1종,100390
188,서충주,2014-06,2종,5758
188,서충주,2014-06,3종,7842
188,서충주,2014-06,4종,6185
188,서충주,2014-06,5종,7960
188,서충주,2014-06,6종,3936
189,강릉,2014-06,1종,490600
189,강릉,2014-06,2종,14134
189,강릉,2014-06,3종,39879
189,강릉,2014-06,4종,8627
189,강릉,2014-06,5종,11217
189,강릉,2014-06,6종,23887
190,동서울,2014-06,1종,3317918
190,동서울,2014-06,2종,181360
190,동서울,2014-06,3종,212923
190,동서울,2014-06,4종,99995
190,동서울,2014-06,5종,61244
190,동서울,2014-06,6종,153168
191,경기광주,2014-06,1종,775846
191,경기광주,2014-06,2종,43941
191,경기광주,2014-06,3종,31229
191,경기광주,2014-06,4종,11819
191,경기광주,2014-06,5종,5050
191,경기광주,2014-06,6종,52853
192,곤지암,2014-06,1종,775084
192,곤지암,2014-06,2종,66497
192,곤지암,2014-06,3종,44302
192,곤지암,2014-06,4종,34351
192,곤지암,2014-06,5종,21151
192,곤지암,2014-06,6종,43054
193,일죽,2014-06,1종,462601
193,일죽,2014-06,2종,35245
193,일죽,2014-06,3종,36409
193,일죽,2014-06,4종,27930
193,일죽,2014-06,5종,16525
193,일죽,2014-06,6종,17807
194,서이천,2014-06,1종,497091
194,서이천,2014-06,2종,62408
194,서이천,2014-06,3종,48681
194,서이천,2014-06,4종,33683
194,서이천,2014-06,5종,14973
194,서이천,2014-06,6종,28829
195,대소,2014-06,1종,288598
195,대소,2014-06,2종,38558
195,대소,2014-06,3종,40834
195,대소,2014-06,4종,31457
195,대소,2014-06,5종,20633
195,대소,2014-06,6종,13162
196,진천,2014-06,1종,256581
196,진천,2014-06,2종,18191
196,진천,2014-06,3종,20912
196,진천,2014-06,4종,18198
196,진천,2014-06,5종,17541
196,진천,2014-06,6종,10881
197,증평,2014-06,1종,378077
197,증평,2014-06,2종,22813
197,증평,2014-06,3종,25580
197,증평,2014-06,4종,17328
197,증평,2014-06,5종,18386
197,증평,2014-06,6종,16100
198,서청주,2014-06,1종,774222
198,서청주,2014-06,2종,33049
198,서청주,2014-06,3종,42615
198,서청주,2014-06,4종,28382
198,서청주,2014-06,5종,20267
198,서청주,2014-06,6종,39390
199,오창,2014-06,1종,502789
199,오창,2014-06,2종,21437
199,오창,2014-06,3종,30196
199,오창,2014-06,4종,19341
199,오창,2014-06,5종,17356
199,오창,2014-06,6종,24984
200,금산,2014-06,1종,161149
200,금산,2014-06,2종,3949
200,금산,2014-06,3종,6306
200,금산,2014-06,4종,4759
200,금산,2014-06,5종,6877
200,금산,2014-06,6종,6842
201,칠곡,2014-06,1종,589775
201,칠곡,2014-06,2종,25155
201,칠곡,2014-06,3종,20005
201,칠곡,2014-06,4종,8482
201,칠곡,2014-06,5종,12932
201,칠곡,2014-06,6종,30702
202,다부,2014-06,1종,119020
202,다부,2014-06,2종,7791
202,다부,2014-06,3종,5123
202,다부,2014-06,4종,2625
202,다부,2014-06,5종,7072
202,다부,2014-06,6종,4838
203,가산,2014-06,1종,519383
203,가산,2014-06,2종,21863
203,가산,2014-06,3종,20523
203,가산,2014-06,4종,13687
203,가산,2014-06,5종,32463
203,가산,2014-06,6종,23044
204,추부,2014-06,1종,177970
204,추부,2014-06,2종,8094
204,추부,2014-06,3종,9303
204,추부,2014-06,4종,5460
204,추부,2014-06,5종,5535
204,추부,2014-06,6종,9298
205,군위,2014-06,1종,148294
205,군위,2014-06,2종,5952
205,군위,2014-06,3종,4070
205,군위,2014-06,4종,2924
205,군위,2014-06,5종,10894
205,군위,2014-06,6종,6423
206,의성,2014-06,1종,172198
206,의성,2014-06,2종,4727
206,의성,2014-06,3종,4076
206,의성,2014-06,4종,1955
206,의성,2014-06,5종,3827
206,의성,2014-06,6종,6057
207,남안동,2014-06,1종,271279
207,남안동,2014-06,2종,8393
207,남안동,2014-06,3종,6427
207,남안동,2014-06,4종,4814
207,남안동,2014-06,5종,7771
207,남안동,2014-06,6종,9683
208,서안동,2014-06,1종,180218
208,서안동,2014-06,2종,6710
208,서안동,2014-06,3종,15952
208,서안동,2014-06,4종,3886
208,서안동,2014-06,5종,7301
208,서안동,2014-06,6종,6164
209,예천,2014-06,1종,27225
209,예천,2014-06,2종,609
209,예천,2014-06,3종,425
209,예천,2014-06,4종,313
209,예천,2014-06,5종,643
209,예천,2014-06,6종,893
210,영주,2014-06,1종,126878
210,영주,2014-06,2종,4970
210,영주,2014-06,3종,7119
210,영주,2014-06,4종,3387
210,영주,2014-06,5종,10753
210,영주,2014-06,6종,4461
211,풍기,2014-06,1종,189153
211,풍기,2014-06,2종,5611
211,풍기,2014-06,3종,13479
211,풍기,2014-06,4종,3591
211,풍기,2014-06,5종,7394
211,풍기,2014-06,6종,6757
212,북수원,2014-06,1종,1255740
212,북수원,2014-06,2종,42189
212,북수원,2014-06,3종,52997
212,북수원,2014-06,4종,27372
212,북수원,2014-06,5종,17026
212,북수원,2014-06,6종,77255
213,부곡,2014-06,1종,372373
213,부곡,2014-06,2종,10722
213,부곡,2014-06,3종,8319
213,부곡,2014-06,4종,14862
213,부곡,2014-06,5종,67233
213,부곡,2014-06,6종,26695
214,동군포,2014-06,1종,205141
214,동군포,2014-06,2종,21205
214,동군포,2014-06,3종,13965
214,동군포,2014-06,4종,29746
214,동군포,2014-06,5종,15775
214,동군포,2014-06,6종,15317
215,군포,2014-06,1종,989328
215,군포,2014-06,2종,48132
215,군포,2014-06,3종,39353
215,군포,2014-06,4종,18039
215,군포,2014-06,5종,30286
215,군포,2014-06,6종,77500
216,횡성,2014-06,1종,182975
216,횡성,2014-06,2종,6855
216,횡성,2014-06,3종,8011
216,횡성,2014-06,4종,4134
216,횡성,2014-06,5종,7379
216,횡성,2014-06,6종,8524
217,북원주,2014-06,1종,73852
217,북원주,2014-06,2종,5825
217,북원주,2014-06,3종,3933
217,북원주,2014-06,4종,2031
217,북원주,2014-06,5종,3481
217,북원주,2014-06,6종,4877
218,남원주,2014-06,1종,521328
218,남원주,2014-06,2종,16145
218,남원주,2014-06,3종,28157
218,남원주,2014-06,4종,7683
218,남원주,2014-06,5종,8451
218,남원주,2014-06,6종,26047
219,신림,2014-06,1종,122118
219,신림,2014-06,2종,3157
219,신림,2014-06,3종,3582
219,신림,2014-06,4종,3557
219,신림,2014-06,5종,6300
219,신림,2014-06,6종,4471
220,덕평휴게소,2014-06,1종,4526
220,덕평휴게소,2014-06,2종,133
220,덕평휴게소,2014-06,3종,45
220,덕평휴게소,2014-06,4종,0
220,덕평휴게소,2014-06,5종,0
220,덕평휴게소,2014-06,6종,483
221,생초,2014-06,1종,65587
221,생초,2014-06,2종,2520
221,생초,2014-06,3종,3358
221,생초,2014-06,4종,2038
221,생초,2014-06,5종,6693
221,생초,2014-06,6종,2490
222,산청,2014-06,1종,61512
222,산청,2014-06,2종,1906
222,산청,2014-06,3종,3060
222,산청,2014-06,4종,1371
222,산청,2014-06,5종,1672
222,산청,2014-06,6종,2321
223,단성,2014-06,1종,115051
223,단성,2014-06,2종,2755
223,단성,2014-06,3종,6367
223,단성,2014-06,4종,3580
223,단성,2014-06,5종,4245
223,단성,2014-06,6종,4283
224,함양,2014-06,1종,105091
224,함양,2014-06,2종,3475
224,함양,2014-06,3종,8213
224,함양,2014-06,4종,1864
224,함양,2014-06,5종,2480
224,함양,2014-06,6종,4800
225,서진주,2014-06,1종,307052
225,서진주,2014-06,2종,7565
225,서진주,2014-06,3종,5839
225,서진주,2014-06,4종,3276
225,서진주,2014-06,5종,4502
225,서진주,2014-06,6종,18356
227,군산,2014-06,1종,274880
227,군산,2014-06,2종,8863
227,군산,2014-06,3종,16584
227,군산,2014-06,4종,13422
227,군산,2014-06,5종,34518
227,군산,2014-06,6종,8079
228,동군산,2014-06,1종,247878
228,동군산,2014-06,2종,9301
228,동군산,2014-06,3종,14491
228,동군산,2014-06,4종,9054
228,동군산,2014-06,5종,21334
228,동군산,2014-06,6종,7072
229,북천안,2014-06,1종,328044
229,북천안,2014-06,2종,27414
229,북천안,2014-06,3종,32666
229,북천안,2014-06,4종,39189
229,북천안,2014-06,5종,41481
229,북천안,2014-06,6종,18680
230,팔공산,2014-06,1종,629501
230,팔공산,2014-06,2종,23792
230,팔공산,2014-06,3종,13139
230,팔공산,2014-06,4종,7620
230,팔공산,2014-06,5종,9621
230,팔공산,2014-06,6종,30015
231,화원옥포,2014-06,1종,653273
231,화원옥포,2014-06,2종,37143
231,화원옥포,2014-06,3종,24255
231,화원옥포,2014-06,4종,11565
231,화원옥포,2014-06,5종,15323
231,화원옥포,2014-06,6종,33891
232,달성,2014-06,1종,408227
232,달성,2014-06,2종,22807
232,달성,2014-06,3종,24640
232,달성,2014-06,4종,7260
232,달성,2014-06,5종,6988
232,달성,2014-06,6종,27611
233,현풍,2014-06,1종,481190
233,현풍,2014-06,2종,35466
233,현풍,2014-06,3종,29806
233,현풍,2014-06,4종,19901
233,현풍,2014-06,5종,37272
233,현풍,2014-06,6종,23660
234,서천,2014-06,1종,110756
234,서천,2014-06,2종,3986
234,서천,2014-06,3종,4779
234,서천,2014-06,4종,4464
234,서천,2014-06,5종,6117
234,서천,2014-06,6종,3810
235,창녕,2014-06,1종,164127
235,창녕,2014-06,2종,7265
235,창녕,2014-06,3종,8905
235,창녕,2014-06,4종,3784
235,창녕,2014-06,5종,8267
235,창녕,2014-06,6종,7830
236,영산,2014-06,1종,146552
236,영산,2014-06,2종,10168
236,영산,2014-06,3종,9853
236,영산,2014-06,4종,7297
236,영산,2014-06,5종,9513
236,영산,2014-06,6종,6695
237,남지,2014-06,1종,137124
237,남지,2014-06,2종,8234
237,남지,2014-06,3종,12386
237,남지,2014-06,4종,7951
237,남지,2014-06,5종,14541
237,남지,2014-06,6종,9697
238,칠서,2014-06,1종,226216
238,칠서,2014-06,2종,27888
238,칠서,2014-06,3종,15320
238,칠서,2014-06,4종,21742
238,칠서,2014-06,5종,33458
238,칠서,2014-06,6종,14136
239,칠원,2014-06,1종,548473
239,칠원,2014-06,2종,26332
239,칠원,2014-06,3종,45416
239,칠원,2014-06,4종,35824
239,칠원,2014-06,5종,34866
239,칠원,2014-06,6종,27798
240,제천,2014-06,1종,471253
240,제천,2014-06,2종,13881
240,제천,2014-06,3종,25533
240,제천,2014-06,4종,12647
240,제천,2014-06,5종,20262
240,제천,2014-06,6종,18993
241,동고령,2014-06,1종,283608
241,동고령,2014-06,2종,17630
241,동고령,2014-06,3종,16699
241,동고령,2014-06,4종,12685
241,동고령,2014-06,5종,17550
241,동고령,2014-06,6종,12765
242,고령,2014-06,1종,196707
242,고령,2014-06,2종,11181
242,고령,2014-06,3종,10297
242,고령,2014-06,4종,6567
242,고령,2014-06,5종,16512
242,고령,2014-06,6종,8242
243,해인사,2014-06,1종,110704
243,해인사,2014-06,2종,2911
243,해인사,2014-06,3종,2517
243,해인사,2014-06,4종,1156
243,해인사,2014-06,5종,3543
243,해인사,2014-06,6종,4512
244,서부산,2014-06,1종,2084333
244,서부산,2014-06,2종,68583
244,서부산,2014-06,3종,96487
244,서부산,2014-06,4종,57551
244,서부산,2014-06,5종,194565
244,서부산,2014-06,6종,129666
245,장유,2014-06,1종,1255516
245,장유,2014-06,2종,38796
245,장유,2014-06,3종,50446
245,장유,2014-06,4종,21342
245,장유,2014-06,5종,42913
245,장유,2014-06,6종,88948
246,가락,2014-06,1종,756783
246,가락,2014-06,2종,33299
246,가락,2014-06,3종,28697
246,가락,2014-06,4종,45203
246,가락,2014-06,5종,200432
246,가락,2014-06,6종,51917
247,남원,2014-06,1종,145606
247,남원,2014-06,2종,6353
247,남원,2014-06,3종,7786
247,남원,2014-06,4종,3095
247,남원,2014-06,5종,11193
247,남원,2014-06,6종,5850
248,순창,2014-06,1종,130273
248,순창,2014-06,2종,4045
248,순창,2014-06,3종,4487
248,순창,2014-06,4종,2964
248,순창,2014-06,5종,4401
248,순창,2014-06,6종,4673
249,담양,2014-06,1종,169661
249,담양,2014-06,2종,4084
249,담양,2014-06,3종,13083
249,담양,2014-06,4종,2326
249,담양,2014-06,5종,5527
249,담양,2014-06,6종,5759
250,남양산,2014-06,1종,966226
250,남양산,2014-06,2종,45643
250,남양산,2014-06,3종,37984
250,남양산,2014-06,4종,24326
250,남양산,2014-06,5종,31011
250,남양산,2014-06,6종,71045
251,물금,2014-06,1종,406229
251,물금,2014-06,2종,42953
251,물금,2014-06,3종,19537
251,물금,2014-06,4종,32428
251,물금,2014-06,5종,56083
251,물금,2014-06,6종,27978
252,대동,2014-06,1종,2160098
252,대동,2014-06,2종,146766
252,대동,2014-06,3종,114893
252,대동,2014-06,4종,100283
252,대동,2014-06,5종,271138
252,대동,2014-06,6종,111741
253,서서울,2014-06,1종,5009085
253,서서울,2014-06,2종,199614
253,서서울,2014-06,3종,156621
253,서서울,2014-06,4종,123331
253,서서울,2014-06,5종,117994
253,서서울,2014-06,6종,303346
254,군자,2014-06,1종,2341644
254,군자,2014-06,2종,112288
254,군자,2014-06,3종,107162
254,군자,2014-06,4종,77965
254,군자,2014-06,5종,151618
254,군자,2014-06,6종,166700
255,서안산,2014-06,1종,1727847
255,서안산,2014-06,2종,99306
255,서안산,2014-06,3종,67810
255,서안산,2014-06,4종,48407
255,서안산,2014-06,5종,60603
255,서안산,2014-06,6종,134449
256,안산,2014-06,1종,878216
256,안산,2014-06,2종,24792
256,안산,2014-06,3종,20631
256,안산,2014-06,4종,6454
256,안산,2014-06,5종,6793
256,안산,2014-06,6종,65629
257,홍성,2014-06,1종,242522
257,홍성,2014-06,2종,5394
257,홍성,2014-06,3종,8337
257,홍성,2014-06,4종,4059
257,홍성,2014-06,5종,4404
257,홍성,2014-06,6종,8160
258,광천,2014-06,1종,134813
258,광천,2014-06,2종,6070
258,광천,2014-06,3종,7378
258,광천,2014-06,4종,5660
258,광천,2014-06,5종,11223
258,광천,2014-06,6종,4977
259,대천,2014-06,1종,260443
259,대천,2014-06,2종,6216
259,대천,2014-06,3종,9930
259,대천,2014-06,4종,3833
259,대천,2014-06,5종,5282
259,대천,2014-06,6종,9587
260,춘장대,2014-06,1종,67655
260,춘장대,2014-06,2종,1614
260,춘장대,2014-06,3종,1661
260,춘장대,2014-06,4종,804
260,춘장대,2014-06,5종,1276
260,춘장대,2014-06,6종,1868
261,동광주,2014-06,1종,1041621
261,동광주,2014-06,2종,30485
261,동광주,2014-06,3종,58294
261,동광주,2014-06,4종,23551
261,동광주,2014-06,5종,49187
261,동광주,2014-06,6종,35000
262,창평,2014-06,1종,95738
262,창평,2014-06,2종,4502
262,창평,2014-06,3종,3062
262,창평,2014-06,4종,1796
262,창평,2014-06,5종,1863
262,창평,2014-06,6종,3081
263,옥과,2014-06,1종,203845
263,옥과,2014-06,2종,4788
263,옥과,2014-06,3종,9773
263,옥과,2014-06,4종,3637
263,옥과,2014-06,5종,6999
263,옥과,2014-06,6종,8468
264,동남원,2014-06,1종,46125
264,동남원,2014-06,2종,2050
264,동남원,2014-06,3종,2650
264,동남원,2014-06,4종,1403
264,동남원,2014-06,5종,1545
264,동남원,2014-06,6종,1700
265,곡성,2014-06,1종,169983
265,곡성,2014-06,2종,4408
265,곡성,2014-06,3종,5009
265,곡성,2014-06,4종,2359
265,곡성,2014-06,5종,6805
265,곡성,2014-06,6종,6194
266,석곡,2014-06,1종,48632
266,석곡,2014-06,2종,1316
266,석곡,2014-06,3종,1904
266,석곡,2014-06,4종,728
266,석곡,2014-06,5종,1841
266,석곡,2014-06,6종,1601
267,주암송광사,2014-06,1종,119830
267,주암송광사,2014-06,2종,3366
267,주암송광사,2014-06,3종,3164
267,주암송광사,2014-06,4종,2634
267,주암송광사,2014-06,5종,4127
267,주암송광사,2014-06,6종,3512
268,승주,2014-06,1종,67570
268,승주,2014-06,2종,1346
268,승주,2014-06,3종,1765
268,승주,2014-06,4종,1179
268,승주,2014-06,5종,820
268,승주,2014-06,6종,3204
269,지리산,2014-06,1종,57467
269,지리산,2014-06,2종,1827
269,지리산,2014-06,3종,3287
269,지리산,2014-06,4종,1780
269,지리산,2014-06,5종,712
269,지리산,2014-06,6종,1789
270,서순천,2014-06,1종,153546
270,서순천,2014-06,2종,5751
270,서순천,2014-06,3종,10148
270,서순천,2014-06,4종,2275
270,서순천,2014-06,5종,4286
270,서순천,2014-06,6종,5415
271,순천,2014-06,1종,538224
271,순천,2014-06,2종,15502
271,순천,2014-06,3종,16108
271,순천,2014-06,4종,9373
271,순천,2014-06,5종,34459
271,순천,2014-06,6종,18169
272,광양,2014-06,1종,282670
272,광양,2014-06,2종,10289
272,광양,2014-06,3종,21560
272,광양,2014-06,4종,14539
272,광양,2014-06,5종,53322
272,광양,2014-06,6종,9506
273,동광양,2014-06,1종,133496
273,동광양,2014-06,2종,2668
273,동광양,2014-06,3종,2915
273,동광양,2014-06,4종,3768
273,동광양,2014-06,5종,24109
273,동광양,2014-06,6종,5899
274,가조,2014-06,1종,57765
274,가조,2014-06,2종,2353
274,가조,2014-06,3종,3313
274,가조,2014-06,4종,1938
274,가조,2014-06,5종,1482
274,가조,2014-06,6종,3147
275,옥곡,2014-06,1종,163561
275,옥곡,2014-06,2종,5095
275,옥곡,2014-06,3종,7961
275,옥곡,2014-06,4종,8336
275,옥곡,2014-06,5종,35779
275,옥곡,2014-06,6종,6203
276,진월,2014-06,1종,78016
276,진월,2014-06,2종,2464
276,진월,2014-06,3종,1865
276,진월,2014-06,4종,6632
276,진월,2014-06,5종,40461
276,진월,2014-06,6종,2996
277,하동,2014-06,1종,210848
277,하동,2014-06,2종,5619
277,하동,2014-06,3종,7480
277,하동,2014-06,4종,10460
277,하동,2014-06,5종,40926
277,하동,2014-06,6종,9510
278,진교,2014-06,1종,163540
278,진교,2014-06,2종,4077
278,진교,2014-06,3종,12943
278,진교,2014-06,4종,1279
278,진교,2014-06,5종,3281
278,진교,2014-06,6종,9331
279,곤양,2014-06,1종,120184
279,곤양,2014-06,2종,3726
279,곤양,2014-06,3종,5891
279,곤양,2014-06,4종,3716
279,곤양,2014-06,5종,10781
279,곤양,2014-06,6종,5390
280,거창,2014-06,1종,162907
280,거창,2014-06,2종,7517
280,거창,2014-06,3종,14471
280,거창,2014-06,4종,3492
280,거창,2014-06,5종,3964
280,거창,2014-06,6종,8101
281,매송,2014-06,1종,491663
281,매송,2014-06,2종,26046
281,매송,2014-06,3종,23413
281,매송,2014-06,4종,11690
281,매송,2014-06,5종,16658
281,매송,2014-06,6종,27814
282,비봉,2014-06,1종,725098
282,비봉,2014-06,2종,43550
282,비봉,2014-06,3종,31729
282,비봉,2014-06,4종,18000
282,비봉,2014-06,5종,32957
282,비봉,2014-06,6종,42375
283,발안,2014-06,1종,437984
283,발안,2014-06,2종,30905
283,발안,2014-06,3종,18879
283,발안,2014-06,4종,16761
283,발안,2014-06,5종,19930
283,발안,2014-06,6종,27079
284,남양양,2014-06,1종,62034
284,남양양,2014-06,2종,1798
284,남양양,2014-06,3종,2877
284,남양양,2014-06,4종,883
284,남양양,2014-06,5종,1766
284,남양양,2014-06,6종,2182
285,서평택,2014-06,1종,603115
285,서평택,2014-06,2종,44328
285,서평택,2014-06,3종,46723
285,서평택,2014-06,4종,63660
285,서평택,2014-06,5종,117737
285,서평택,2014-06,6종,33121
286,통도사휴게소,2014-06,1종,30306
286,통도사휴게소,2014-06,2종,269
286,통도사휴게소,2014-06,3종,1609
286,통도사휴게소,2014-06,4종,0
286,통도사휴게소,2014-06,5종,0
286,통도사휴게소,2014-06,6종,1252
287,송악,2014-06,1종,462397
287,송악,2014-06,2종,21228
287,송악,2014-06,3종,21468
287,송악,2014-06,4종,25170
287,송악,2014-06,5종,109305
287,송악,2014-06,6종,21172
288,당진,2014-06,1종,427001
288,당진,2014-06,2종,17098
288,당진,2014-06,3종,26943
288,당진,2014-06,4종,16706
288,당진,2014-06,5종,48710
288,당진,2014-06,6종,19291
289,마산,2014-06,1종,826741
289,마산,2014-06,2종,28825
289,마산,2014-06,3종,37787
289,마산,2014-06,4종,14572
289,마산,2014-06,5종,24986
289,마산,2014-06,6종,53683
290,축동,2014-06,1종,48352
290,축동,2014-06,2종,2487
290,축동,2014-06,3종,1714
290,축동,2014-06,4종,4547
290,축동,2014-06,5종,12129
290,축동,2014-06,6종,2543
291,사천,2014-06,1종,658800
291,사천,2014-06,2종,29074
291,사천,2014-06,3종,26822
291,사천,2014-06,4종,16014
291,사천,2014-06,5종,26719
291,사천,2014-06,6종,41891
292,진주,2014-06,1종,659993
292,진주,2014-06,2종,23722
292,진주,2014-06,3종,50227
292,진주,2014-06,4종,14690
292,진주,2014-06,5종,32890
292,진주,2014-06,6종,42824
293,문산,2014-06,1종,297361
293,문산,2014-06,2종,12252
293,문산,2014-06,3종,8085
293,문산,2014-06,4종,7650
293,문산,2014-06,5종,9911
293,문산,2014-06,6종,18594
294,북창원,2014-06,1종,220000
294,북창원,2014-06,2종,8350
294,북창원,2014-06,3종,5793
294,북창원,2014-06,4종,6526
294,북창원,2014-06,5종,6341
294,북창원,2014-06,6종,11036
295,진성,2014-06,1종,136940
295,진성,2014-06,2종,8794
295,진성,2014-06,3종,5553
295,진성,2014-06,4종,5565
295,진성,2014-06,5종,14009
295,진성,2014-06,6종,6870
296,지수,2014-06,1종,51606
296,지수,2014-06,2종,2900
296,지수,2014-06,3종,2066
296,지수,2014-06,4종,1253
296,지수,2014-06,5종,4785
296,지수,2014-06,6종,17245
298,서산,2014-06,1종,560194
298,서산,2014-06,2종,19013
298,서산,2014-06,3종,31883
298,서산,2014-06,4종,24372
298,서산,2014-06,5종,42031
298,서산,2014-06,6종,21082
299,해미,2014-06,1종,145549
299,해미,2014-06,2종,5292
299,해미,2014-06,3종,7850
299,해미,2014-06,4종,5626
299,해미,2014-06,5종,9890
299,해미,2014-06,6종,5527
500,남여주,2014-06,1종,158890
500,남여주,2014-06,2종,6726
500,남여주,2014-06,3종,9709
500,남여주,2014-06,4종,6838
500,남여주,2014-06,5종,12100
500,남여주,2014-06,6종,6128
501,서김제,2014-06,1종,53567
501,서김제,2014-06,2종,2895
501,서김제,2014-06,3종,3758
501,서김제,2014-06,4종,2271
501,서김제,2014-06,5종,3461
501,서김제,2014-06,6종,1409
502,부안,2014-06,1종,106141
502,부안,2014-06,2종,4950
502,부안,2014-06,3종,8601
502,부안,2014-06,4종,3450
502,부안,2014-06,5종,5023
502,부안,2014-06,6종,2813
503,줄포,2014-06,1종,80171
503,줄포,2014-06,2종,2358
503,줄포,2014-06,3종,3113
503,줄포,2014-06,4종,1656
503,줄포,2014-06,5종,1324
503,줄포,2014-06,6종,1850
504,선운산,2014-06,1종,116121
504,선운산,2014-06,2종,4211
504,선운산,2014-06,3종,8239
504,선운산,2014-06,4종,6130
504,선운산,2014-06,5종,5845
504,선운산,2014-06,6종,3125
505,고창,2014-06,1종,92269
505,고창,2014-06,2종,3807
505,고창,2014-06,3종,3841
505,고창,2014-06,4종,1967
505,고창,2014-06,5종,1177
505,고창,2014-06,6종,2453
506,영광,2014-06,1종,79725
506,영광,2014-06,2종,3189
506,영광,2014-06,3종,6224
506,영광,2014-06,4종,2660
506,영광,2014-06,5종,2046
506,영광,2014-06,6종,2016
507,함평,2014-06,1종,57855
507,함평,2014-06,2종,2955
507,함평,2014-06,3종,5774
507,함평,2014-06,4종,3259
507,함평,2014-06,5종,5354
507,함평,2014-06,6종,1477
508,무안,2014-06,1종,181645
508,무안,2014-06,2종,4990
508,무안,2014-06,3종,6503
508,무안,2014-06,4종,4655
508,무안,2014-06,5종,5569
508,무안,2014-06,6종,5467
509,목포,2014-06,1종,720685
509,목포,2014-06,2종,20212
509,목포,2014-06,3종,37089
509,목포,2014-06,4종,23933
509,목포,2014-06,5종,40723
509,목포,2014-06,6종,20405
510,양양,2014-06,1종,83832
510,양양,2014-06,2종,2561
510,양양,2014-06,3종,3294
510,양양,2014-06,4종,1779
510,양양,2014-06,5종,3951
510,양양,2014-06,6종,3178
511,무창포,2014-06,1종,91827
511,무창포,2014-06,2종,2691
511,무창포,2014-06,3종,2403
511,무창포,2014-06,4종,1748
511,무창포,2014-06,5종,4924
511,무창포,2014-06,6종,2664
512,연화산,2014-06,1종,39182
512,연화산,2014-06,2종,1515
512,연화산,2014-06,3종,1219
512,연화산,2014-06,4종,1161
512,연화산,2014-06,5종,3276
512,연화산,2014-06,6종,2712
513,고성,2014-06,1종,339188
513,고성,2014-06,2종,12297
513,고성,2014-06,3종,15568
513,고성,2014-06,4종,8902
513,고성,2014-06,5종,13827
513,고성,2014-06,6종,18345
514,동고성,2014-06,1종,88687
514,동고성,2014-06,2종,3929
514,동고성,2014-06,3종,5031
514,동고성,2014-06,4종,10403
514,동고성,2014-06,5종,12958
514,동고성,2014-06,6종,6544
515,북통영,2014-06,1종,139817
515,북통영,2014-06,2종,3598
515,북통영,2014-06,3종,10272
515,북통영,2014-06,4종,1641
515,북통영,2014-06,5종,1691
515,북통영,2014-06,6종,8316
516,통영,2014-06,1종,548565
516,통영,2014-06,2종,17637
516,통영,2014-06,3종,23491
516,통영,2014-06,4종,18607
516,통영,2014-06,5종,19780
516,통영,2014-06,6종,27613
517,양평,2014-06,1종,165366
517,양평,2014-06,2종,5534
517,양평,2014-06,3종,5493
517,양평,2014-06,4종,4508
517,양평,2014-06,5종,7175
517,양평,2014-06,6종,6337
518,칠곡물류,2014-06,1종,53124
518,칠곡물류,2014-06,2종,13089
518,칠곡물류,2014-06,3종,6214
518,칠곡물류,2014-06,4종,10332
518,칠곡물류,2014-06,5종,11448
518,칠곡물류,2014-06,6종,2431
519,남대구,2014-06,1종,1451751
519,남대구,2014-06,2종,65045
519,남대구,2014-06,3종,68107
519,남대구,2014-06,4종,24316
519,남대구,2014-06,5종,35488
519,남대구,2014-06,6종,75617
520,평택,2014-06,1종,591441
520,평택,2014-06,2종,32873
520,평택,2014-06,3종,42846
520,평택,2014-06,4종,19883
520,평택,2014-06,5종,28464
520,평택,2014-06,6종,33474
521,단양,2014-06,1종,79973
521,단양,2014-06,2종,2020
521,단양,2014-06,3종,4009
521,단양,2014-06,4종,1938
521,단양,2014-06,5종,10145
521,단양,2014-06,6종,2882
522,북단양,2014-06,1종,104031
522,북단양,2014-06,2종,2728
522,북단양,2014-06,3종,3762
522,북단양,2014-06,4종,10181
522,북단양,2014-06,5종,34265
522,북단양,2014-06,6종,3626
523,남제천,2014-06,1종,81813
523,남제천,2014-06,2종,2238
523,남제천,2014-06,3종,3741
523,남제천,2014-06,4종,1210
523,남제천,2014-06,5종,3106
523,남제천,2014-06,6종,2699
524,청통와촌,2014-06,1종,236841
524,청통와촌,2014-06,2종,11741
524,청통와촌,2014-06,3종,7028
524,청통와촌,2014-06,4종,4749
524,청통와촌,2014-06,5종,5224
524,청통와촌,2014-06,6종,9914
525,북영천,2014-06,1종,197971
525,북영천,2014-06,2종,6622
525,북영천,2014-06,3종,5218
525,북영천,2014-06,4종,3473
525,북영천,2014-06,5종,6797
525,북영천,2014-06,6종,6391
526,서포항,2014-06,1종,104529
526,서포항,2014-06,2종,2191
526,서포항,2014-06,3종,2234
526,서포항,2014-06,4종,809
526,서포항,2014-06,5종,3680
526,서포항,2014-06,6종,6292
527,포항,2014-06,1종,749176
527,포항,2014-06,2종,17936
527,포항,2014-06,3종,28404
527,포항,2014-06,4종,9155
527,포항,2014-06,5종,43221
527,포항,2014-06,6종,29224
528,기흥동탄,2014-06,1종,1092644
528,기흥동탄,2014-06,2종,28178
528,기흥동탄,2014-06,3종,68949
528,기흥동탄,2014-06,4종,23289
528,기흥동탄,2014-06,5종,17528
528,기흥동탄,2014-06,6종,65412
529,노포,2014-06,1종,198626
529,노포,2014-06,2종,11877
529,노포,2014-06,3종,39403
529,노포,2014-06,4종,5732
529,노포,2014-06,5종,7464
529,노포,2014-06,6종,10139
530,내장산,2014-06,1종,46529
530,내장산,2014-06,2종,1713
530,내장산,2014-06,3종,1018
530,내장산,2014-06,4종,531
530,내장산,2014-06,5종,635
530,내장산,2014-06,6종,1931
531,문의청남대,2014-06,1종,185755
531,문의청남대,2014-06,2종,6933
531,문의청남대,2014-06,3종,8566
531,문의청남대,2014-06,4종,6428
531,문의청남대,2014-06,5종,8049
531,문의청남대,2014-06,6종,7581
532,회인,2014-06,1종,46976
532,회인,2014-06,2종,1280
532,회인,2014-06,3종,940
532,회인,2014-06,4종,701
532,회인,2014-06,5종,1177
532,회인,2014-06,6종,1949
533,보은,2014-06,1종,124134
533,보은,2014-06,2종,5252
533,보은,2014-06,3종,4194
533,보은,2014-06,4종,2701
533,보은,2014-06,5종,3824
533,보은,2014-06,6종,5457
534,속리산,2014-06,1종,60804
534,속리산,2014-06,2종,2022
534,속리산,2014-06,3종,2605
534,속리산,2014-06,4종,1701
534,속리산,2014-06,5종,2238
534,속리산,2014-06,6종,2254
535,화서,2014-06,1종,55753
535,화서,2014-06,2종,1489
535,화서,2014-06,3종,2696
535,화서,2014-06,4종,1268
535,화서,2014-06,5종,2631
535,화서,2014-06,6종,2166
536,남상주,2014-06,1종,107502
536,남상주,2014-06,2종,4624
536,남상주,2014-06,3종,9227
536,남상주,2014-06,4종,5195
536,남상주,2014-06,5종,4530
536,남상주,2014-06,6종,4133
537,남김천,2014-06,1종,71281
537,남김천,2014-06,2종,5503
537,남김천,2014-06,3종,5391
537,남김천,2014-06,4종,6300
537,남김천,2014-06,5종,14268
537,남김천,2014-06,6종,2523
538,성주,2014-06,1종,77855
538,성주,2014-06,2종,6556
538,성주,2014-06,3종,5833
538,성주,2014-06,4종,5744
538,성주,2014-06,5종,6267
538,성주,2014-06,6종,2531
539,남성주,2014-06,1종,51318
539,남성주,2014-06,2종,6754
539,남성주,2014-06,3종,3611
539,남성주,2014-06,4종,4873
539,남성주,2014-06,5종,5790
539,남성주,2014-06,6종,1638
540,청북,2014-06,1종,399748
540,청북,2014-06,2종,43513
540,청북,2014-06,3종,41443
540,청북,2014-06,4종,33807
540,청북,2014-06,5종,39891
540,청북,2014-06,6종,23164
541,송탄,2014-06,1종,387501
541,송탄,2014-06,2종,35741
541,송탄,2014-06,3종,32531
541,송탄,2014-06,4종,33624
541,송탄,2014-06,5종,31158
541,송탄,2014-06,6종,20930
542,서안성,2014-06,1종,334006
542,서안성,2014-06,2종,30843
542,서안성,2014-06,3종,36902
542,서안성,2014-06,4종,33955
542,서안성,2014-06,5종,25833
542,서안성,2014-06,6종,15552
543,남안성,2014-06,1종,504456
543,남안성,2014-06,2종,50269
543,남안성,2014-06,3종,42062
543,남안성,2014-06,4종,39906
543,남안성,2014-06,5종,43907
543,남안성,2014-06,6종,27033
544,완주,2014-06,1종,156502
544,완주,2014-06,2종,7125
544,완주,2014-06,3종,7706
544,완주,2014-06,4종,7672
544,완주,2014-06,5종,12208
544,완주,2014-06,6종,5225
545,소양,2014-06,1종,148811
545,소양,2014-06,2종,4612
545,소양,2014-06,3종,8884
545,소양,2014-06,4종,2761
545,소양,2014-06,5종,5591
545,소양,2014-06,6종,5066
546,진안,2014-06,1종,60609
546,진안,2014-06,2종,2281
546,진안,2014-06,3종,2898
546,진안,2014-06,4종,1254
546,진안,2014-06,5종,1486
546,진안,2014-06,6종,2144
547,무안공항,2014-06,1종,27974
547,무안공항,2014-06,2종,488
547,무안공항,2014-06,3종,959
547,무안공항,2014-06,4종,211
547,무안공항,2014-06,5종,165
547,무안공항,2014-06,6종,645
548,북무안,2014-06,1종,120080
548,북무안,2014-06,2종,3292
548,북무안,2014-06,3종,5097
548,북무안,2014-06,4종,3243
548,북무안,2014-06,5종,2836
548,북무안,2014-06,6종,2627
549,동함평,2014-06,1종,159762
549,동함평,2014-06,2종,4275
549,동함평,2014-06,3종,4846
549,동함평,2014-06,4종,1752
549,동함평,2014-06,5종,3147
549,동함평,2014-06,6종,6480
550,문평,2014-06,1종,38934
550,문평,2014-06,2종,986
550,문평,2014-06,3종,1018
550,문평,2014-06,4종,604
550,문평,2014-06,5종,2963
550,문평,2014-06,6종,1133
551,나주,2014-06,1종,50634
551,나주,2014-06,2종,1731
551,나주,2014-06,3종,1310
551,나주,2014-06,4종,567
551,나주,2014-06,5종,1279
551,나주,2014-06,6종,2268
552,서광산,2014-06,1종,91978
552,서광산,2014-06,2종,5162
552,서광산,2014-06,3종,5964
552,서광산,2014-06,4종,3027
552,서광산,2014-06,5종,6303
552,서광산,2014-06,6종,2897
553,동광산,2014-06,1종,806007
553,동광산,2014-06,2종,17589
553,동광산,2014-06,3종,27082
553,동광산,2014-06,4종,10420
553,동광산,2014-06,5종,20734
553,동광산,2014-06,6종,26420
554,동홍천,2014-06,1종,462382
554,동홍천,2014-06,2종,5894
554,동홍천,2014-06,3종,20452
554,동홍천,2014-06,4종,3239
554,동홍천,2014-06,5종,3308
554,동홍천,2014-06,6종,17597
555,북진천,2014-06,1종,276729
555,북진천,2014-06,2종,31287
555,북진천,2014-06,3종,33092
555,북진천,2014-06,4종,26079
555,북진천,2014-06,5종,28866
555,북진천,2014-06,6종,12575
556,동순천,2014-06,1종,233343
556,동순천,2014-06,2종,6538
556,동순천,2014-06,3종,12095
556,동순천,2014-06,4종,12095
556,동순천,2014-06,5종,38618
556,동순천,2014-06,6종,6725
557,황전,2014-06,1종,77253
557,황전,2014-06,2종,2409
557,황전,2014-06,3종,2063
557,황전,2014-06,4종,1297
557,황전,2014-06,5종,3043
557,황전,2014-06,6종,3126
558,구례화엄사,2014-06,1종,92793
558,구례화엄사,2014-06,2종,2886
558,구례화엄사,2014-06,3종,4212
558,구례화엄사,2014-06,4종,2910
558,구례화엄사,2014-06,5종,5155
558,구례화엄사,2014-06,6종,2583
559,서남원,2014-06,1종,50870
559,서남원,2014-06,2종,2974
559,서남원,2014-06,3종,2726
559,서남원,2014-06,4종,2544
559,서남원,2014-06,5종,5781
559,서남원,2014-06,6종,1549
560,감곡,2014-06,1종,349699
560,감곡,2014-06,2종,15250
560,감곡,2014-06,3종,18198
560,감곡,2014-06,4종,19459
560,감곡,2014-06,5종,38235
560,감곡,2014-06,6종,12128
561,북충주,2014-06,1종,156053
561,북충주,2014-06,2종,4300
561,북충주,2014-06,3종,6521
561,북충주,2014-06,4종,8357
561,북충주,2014-06,5종,30159
561,북충주,2014-06,6종,4772
562,충주,2014-06,1종,222753
562,충주,2014-06,2종,8704
562,충주,2014-06,3종,17474
562,충주,2014-06,4종,10501
562,충주,2014-06,5종,10106
562,충주,2014-06,6종,8535
563,괴산,2014-06,1종,73821
563,괴산,2014-06,2종,2190
563,괴산,2014-06,3종,3860
563,괴산,2014-06,4종,2698
563,괴산,2014-06,5종,6012
563,괴산,2014-06,6종,2379
564,연풍,2014-06,1종,53230
564,연풍,2014-06,2종,3030
564,연풍,2014-06,3종,7829
564,연풍,2014-06,4종,5584
564,연풍,2014-06,5종,6448
564,연풍,2014-06,6종,1542
565,문경새재,2014-06,1종,91628
565,문경새재,2014-06,2종,3293
565,문경새재,2014-06,3종,6964
565,문경새재,2014-06,4종,5419
565,문경새재,2014-06,5종,3955
565,문경새재,2014-06,6종,2931
566,점촌함창,2014-06,1종,136935
566,점촌함창,2014-06,2종,4787
566,점촌함창,2014-06,3종,10973
566,점촌함창,2014-06,4종,5846
566,점촌함창,2014-06,5종,5828
566,점촌함창,2014-06,6종,4500
567,남고창,2014-06,1종,104353
567,남고창,2014-06,2종,3697
567,남고창,2014-06,3종,2882
567,남고창,2014-06,4종,2188
567,남고창,2014-06,5종,2104
567,남고창,2014-06,6종,4251
568,장성물류,2014-06,1종,38983
568,장성물류,2014-06,2종,7935
568,장성물류,2014-06,3종,4022
568,장성물류,2014-06,4종,7475
568,장성물류,2014-06,5종,7329
568,장성물류,2014-06,6종,1186
569,북광주,2014-06,1종,295776
569,북광주,2014-06,2종,15972
569,북광주,2014-06,3종,12923
569,북광주,2014-06,4종,16578
569,북광주,2014-06,5종,25370
569,북광주,2014-06,6종,9468
570,북상주,2014-06,1종,112332
570,북상주,2014-06,2종,6702
570,북상주,2014-06,3종,11027
570,북상주,2014-06,4종,11076
570,북상주,2014-06,5종,8469
570,북상주,2014-06,6종,3715
571,면천,2014-06,1종,93044
571,면천,2014-06,2종,3719
571,면천,2014-06,3종,3614
571,면천,2014-06,4종,3864
571,면천,2014-06,5종,5333
571,면천,2014-06,6종,3703
572,고덕,2014-06,1종,115789
572,고덕,2014-06,2종,4318
572,고덕,2014-06,3종,5865
572,고덕,2014-06,4종,3540
572,고덕,2014-06,5종,6366
572,고덕,2014-06,6종,4641
573,예산수덕사,2014-06,1종,296225
573,예산수덕사,2014-06,2종,10607
573,예산수덕사,2014-06,3종,11134
573,예산수덕사,2014-06,4종,9338
573,예산수덕사,2014-06,5종,11536
573,예산수덕사,2014-06,6종,10695
574,신양,2014-06,1종,84438
574,신양,2014-06,2종,3212
574,신양,2014-06,3종,2756
574,신양,2014-06,4종,2500
574,신양,2014-06,5종,3513
574,신양,2014-06,6종,3203
575,유구,2014-06,1종,96203
575,유구,2014-06,2종,4513
575,유구,2014-06,3종,4164
575,유구,2014-06,4종,4331
575,유구,2014-06,5종,6702
575,유구,2014-06,6종,3404
576,마곡사,2014-06,1종,40509
576,마곡사,2014-06,2종,956
576,마곡사,2014-06,3종,1112
576,마곡사,2014-06,4종,729
576,마곡사,2014-06,5종,672
576,마곡사,2014-06,6종,1567
577,공주,2014-06,1종,171711
577,공주,2014-06,2종,5910
577,공주,2014-06,3종,6269
577,공주,2014-06,4종,2488
577,공주,2014-06,5종,4138
577,공주,2014-06,6종,7552
578,서세종,2014-06,1종,197230
578,서세종,2014-06,2종,11829
578,서세종,2014-06,3종,8169
578,서세종,2014-06,4종,6705
578,서세종,2014-06,5종,8955
578,서세종,2014-06,6종,7791
579,남세종,2014-06,1종,320556
579,남세종,2014-06,2종,7931
579,남세종,2014-06,3종,8055
579,남세종,2014-06,4종,4731
579,남세종,2014-06,5종,6464
579,남세종,2014-06,6종,14463
580,북강릉,2014-06,1종,193193
580,북강릉,2014-06,2종,5703
580,북강릉,2014-06,3종,8078
580,북강릉,2014-06,4종,2219
580,북강릉,2014-06,5종,4691
580,북강릉,2014-06,6종,8319
581,옥계,2014-06,1종,57083
581,옥계,2014-06,2종,2127
581,옥계,2014-06,3종,1878
581,옥계,2014-06,4종,3555
581,옥계,2014-06,5종,17145
581,옥계,2014-06,6종,3336
582,망상,2014-06,1종,107080
582,망상,2014-06,2종,3428
582,망상,2014-06,3종,12946
582,망상,2014-06,4종,1383
582,망상,2014-06,5종,2474
582,망상,2014-06,6종,6278
583,동해,2014-06,1종,317798
583,동해,2014-06,2종,10565
583,동해,2014-06,3종,13668
583,동해,2014-06,4종,8071
583,동해,2014-06,5종,26480
583,동해,2014-06,6종,15012
584,남강릉,2014-06,1종,112156
584,남강릉,2014-06,2종,6309
584,남강릉,2014-06,3종,9309
584,남강릉,2014-06,4종,3353
584,남강릉,2014-06,5종,4600
584,남강릉,2014-06,6종,7168
585,하조대,2014-06,1종,149384
585,하조대,2014-06,2종,4348
585,하조대,2014-06,3종,8895
585,하조대,2014-06,4종,2769
585,하조대,2014-06,5종,4011
585,하조대,2014-06,6종,5782
586,북남원,2014-06,1종,23742
586,북남원,2014-06,2종,833
586,북남원,2014-06,3종,691
586,북남원,2014-06,4종,333
586,북남원,2014-06,5종,2705
586,북남원,2014-06,6종,580
587,오수,2014-06,1종,138132
587,오수,2014-06,2종,5054
587,오수,2014-06,3종,6895
587,오수,2014-06,4종,3913
587,오수,2014-06,5종,6498
587,오수,2014-06,6종,4433
588,임실,2014-06,1종,48591
588,임실,2014-06,2종,2143
588,임실,2014-06,3종,2380
588,임실,2014-06,4종,1121
588,임실,2014-06,5종,4088
588,임실,2014-06,6종,1681
589,상관,2014-06,1종,139184
589,상관,2014-06,2종,4435
589,상관,2014-06,3종,7158
589,상관,2014-06,4종,4763
589,상관,2014-06,5종,26397
589,상관,2014-06,6종,3942
590,동전주,2014-06,1종,180922
590,동전주,2014-06,2종,3334
590,동전주,2014-06,3종,3383
590,동전주,2014-06,4종,1785
590,동전주,2014-06,5종,5544
590,동전주,2014-06,6종,6368
591,동서천,2014-06,1종,52274
591,동서천,2014-06,2종,1599
591,동서천,2014-06,3종,2057
591,동서천,2014-06,4종,1965
591,동서천,2014-06,5종,4091
591,동서천,2014-06,6종,1705
592,서부여,2014-06,1종,58928
592,서부여,2014-06,2종,2866
592,서부여,2014-06,3종,2425
592,서부여,2014-06,4종,1782
592,서부여,2014-06,5종,2190
592,서부여,2014-06,6종,2039
593,부여,2014-06,1종,78177
593,부여,2014-06,2종,2858
593,부여,2014-06,3종,2998
593,부여,2014-06,4종,2540
593,부여,2014-06,5종,2876
593,부여,2014-06,6종,2865
594,칠갑산,2014-06,1종,55768
594,칠갑산,2014-06,2종,1719
594,칠갑산,2014-06,3종,2286
594,칠갑산,2014-06,4종,1188
594,칠갑산,2014-06,5종,801
594,칠갑산,2014-06,6종,1909
595,서공주,2014-06,1종,59031
595,서공주,2014-06,2종,3058
595,서공주,2014-06,3종,2422
595,서공주,2014-06,4종,2100
595,서공주,2014-06,5종,3461
595,서공주,2014-06,6종,2329
597,서여주,2014-06,1종,124872
597,서여주,2014-06,2종,6040
597,서여주,2014-06,3종,6104
597,서여주,2014-06,4종,5614
597,서여주,2014-06,5종,6458
597,서여주,2014-06,6종,5954
598,북여주,2014-06,1종,82834
598,북여주,2014-06,2종,3048
598,북여주,2014-06,3종,2331
598,북여주,2014-06,4종,1707
598,북여주,2014-06,5종,4265
598,북여주,2014-06,6종,3558
599,양촌,2014-06,1종,27859
599,양촌,2014-06,2종,499
599,양촌,2014-06,3종,196
599,양촌,2014-06,4종,7
599,양촌,2014-06,5종,10
599,양촌,2014-06,6종,1044
601,남천안,2014-06,1종,387392
601,남천안,2014-06,2종,27666
601,남천안,2014-06,3종,30121
601,남천안,2014-06,4종,28446
601,남천안,2014-06,5종,23355
601,남천안,2014-06,6종,16024
602,풍세상,2014-06,1종,1428486
602,풍세상,2014-06,2종,40580
602,풍세상,2014-06,3종,153236
602,풍세상,2014-06,4종,75214
602,풍세상,2014-06,5종,70294
602,풍세상,2014-06,6종,60222
603,정안,2014-06,1종,237277
603,정안,2014-06,2종,10325
603,정안,2014-06,3종,25668
603,정안,2014-06,4종,13379
603,정안,2014-06,5종,10402
603,정안,2014-06,6종,8352
604,남공주,2014-06,1종,72195
604,남공주,2014-06,2종,3232
604,남공주,2014-06,3종,3985
604,남공주,2014-06,4종,2640
604,남공주,2014-06,5종,3978
604,남공주,2014-06,6종,2614
605,탄천,2014-06,1종,24474
605,탄천,2014-06,2종,1816
605,탄천,2014-06,3종,1310
605,탄천,2014-06,4종,1751
605,탄천,2014-06,5종,1226
605,탄천,2014-06,6종,847
606,서논산,2014-06,1종,132870
606,서논산,2014-06,2종,6850
606,서논산,2014-06,3종,9609
606,서논산,2014-06,4종,8073
606,서논산,2014-06,5종,8623
606,서논산,2014-06,6종,4753
607,연무,2014-06,1종,59427
607,연무,2014-06,2종,2645
607,연무,2014-06,3종,2328
607,연무,2014-06,4종,1484
607,연무,2014-06,5종,2086
607,연무,2014-06,6종,2064
608,남논산하,2014-06,1종,841348
608,남논산하,2014-06,2종,23960
608,남논산하,2014-06,3종,106152
608,남논산하,2014-06,4종,38658
608,남논산하,2014-06,5종,53754
608,남논산하,2014-06,6종,32018
612,풍세하,2014-06,1종,1405962
612,풍세하,2014-06,2종,39026
612,풍세하,2014-06,3종,155534
612,풍세하,2014-06,4종,56110
612,풍세하,2014-06,5종,53558
612,풍세하,2014-06,6종,59610
618,남논산상,2014-06,1종,848640
618,남논산상,2014-06,2종,26270
618,남논산상,2014-06,3종,103102
618,남논산상,2014-06,4종,46358
618,남논산상,2014-06,5종,64460
618,남논산상,2014-06,6종,31778
621,동대구,2014-06,1종,825751
621,동대구,2014-06,2종,31845
621,동대구,2014-06,3종,39921
621,동대구,2014-06,4종,21718
621,동대구,2014-06,5종,28881
621,동대구,2014-06,6종,40640
622,대구,2014-06,1종,1085960
622,대구,2014-06,2종,45114
622,대구,2014-06,3종,61989
622,대구,2014-06,4종,46371
622,대구,2014-06,5종,88617
622,대구,2014-06,6종,58208
623,수성,2014-06,1종,744231
623,수성,2014-06,2종,19364
623,수성,2014-06,3종,14032
623,수성,2014-06,4종,6307
623,수성,2014-06,5종,7586
623,수성,2014-06,6종,34450
624,청도,2014-06,1종,211476
624,청도,2014-06,2종,7740
624,청도,2014-06,3종,7461
624,청도,2014-06,4종,5168
624,청도,2014-06,5종,9355
624,청도,2014-06,6종,9400
625,밀양,2014-06,1종,312497
625,밀양,2014-06,2종,14540
625,밀양,2014-06,3종,12728
625,밀양,2014-06,4종,9220
625,밀양,2014-06,5종,16528
625,밀양,2014-06,6종,13447
626,남밀양,2014-06,1종,377973
626,남밀양,2014-06,2종,21758
626,남밀양,2014-06,3종,19381
626,남밀양,2014-06,4종,15746
626,남밀양,2014-06,5종,20617
626,남밀양,2014-06,6종,21280
627,삼랑진,2014-06,1종,238747
627,삼랑진,2014-06,2종,10165
627,삼랑진,2014-06,3종,7128
627,삼랑진,2014-06,4종,5195
627,삼랑진,2014-06,5종,13083
627,삼랑진,2014-06,6종,14571
628,상동,2014-06,1종,236459
628,상동,2014-06,2종,25102
628,상동,2014-06,3종,12574
628,상동,2014-06,4종,14230
628,상동,2014-06,5종,24019
628,상동,2014-06,6종,13982
629,김해부산,2014-06,1종,1166684
629,김해부산,2014-06,2종,61634
629,김해부산,2014-06,3종,69346
629,김해부산,2014-06,4종,58034
629,김해부산,2014-06,5종,102080
629,김해부산,2014-06,6종,67036
641,울산,2014-06,1종,1169783
641,울산,2014-06,2종,51311
641,울산,2014-06,3종,70792
641,울산,2014-06,4종,46691
641,울산,2014-06,5종,126406
641,울산,2014-06,6종,56831
642,문수,2014-06,1종,117877
642,문수,2014-06,2종,4903
642,문수,2014-06,3종,4554
642,문수,2014-06,4종,5152
642,문수,2014-06,5종,6659
642,문수,2014-06,6종,6649
643,청량,2014-06,1종,560723
643,청량,2014-06,2종,13940
643,청량,2014-06,3종,14919
643,청량,2014-06,4종,21477
643,청량,2014-06,5종,77198
643,청량,2014-06,6종,33934
644,온양,2014-06,1종,189994
644,온양,2014-06,2종,4257
644,온양,2014-06,3종,2407
644,온양,2014-06,4종,2975
644,온양,2014-06,5종,13417
644,온양,2014-06,6종,12295
645,장안,2014-06,1종,338386
645,장안,2014-06,2종,7633
645,장안,2014-06,3종,6115
645,장안,2014-06,4종,6001
645,장안,2014-06,5종,15358
645,장안,2014-06,6종,21965
646,기장일광,2014-06,1종,266242
646,기장일광,2014-06,2종,3181
646,기장일광,2014-06,3종,2960
646,기장일광,2014-06,4종,1948
646,기장일광,2014-06,5종,4089
646,기장일광,2014-06,6종,15930
647,해운대송정,2014-06,1종,101236
647,해운대송정,2014-06,2종,1120
647,해운대송정,2014-06,3종,790
647,해운대송정,2014-06,4종,653
647,해운대송정,2014-06,5종,1134
647,해운대송정,2014-06,6종,6402
648,해운대,2014-06,1종,796104
648,해운대,2014-06,2종,9610
648,해운대,2014-06,3종,9181
648,해운대,2014-06,4종,7333
648,해운대,2014-06,5종,38867
648,해운대,2014-06,6종,46651
651,남양주,2014-06,1종,1800177
651,남양주,2014-06,2종,40874
651,남양주,2014-06,3종,68502
651,남양주,2014-06,4종,17789
651,남양주,2014-06,5종,21803
651,남양주,2014-06,6종,95249
652,화도,2014-06,1종,941822
652,화도,2014-06,2종,33211
652,화도,2014-06,3종,32399
652,화도,2014-06,4종,14240
652,화도,2014-06,5종,15570
652,화도,2014-06,6종,65702
653,서종,2014-06,1종,222629
653,서종,2014-06,2종,1932
653,서종,2014-06,3종,1344
653,서종,2014-06,4종,1358
653,서종,2014-06,5종,3850
653,서종,2014-06,6종,12890
654,설악,2014-06,1종,280844
654,설악,2014-06,2종,3549
654,설악,2014-06,3종,5661
654,설악,2014-06,4종,2395
654,설악,2014-06,5종,1782
654,설악,2014-06,6종,13859
655,강촌,2014-06,1종,182988
655,강촌,2014-06,2종,2351
655,강촌,2014-06,3종,4741
655,강촌,2014-06,4종,1730
655,강촌,2014-06,5종,970
655,강촌,2014-06,6종,7386
656,남춘천,2014-06,1종,196154
656,남춘천,2014-06,2종,2958
656,남춘천,2014-06,3종,11251
656,남춘천,2014-06,4종,2196
656,남춘천,2014-06,5종,3729
656,남춘천,2014-06,6종,9567
657,동산,2014-06,1종,697054
657,동산,2014-06,2종,11012
657,동산,2014-06,3종,31342
657,동산,2014-06,4종,7346
657,동산,2014-06,5종,7564
657,동산,2014-06,6종,35220
658,조양,2014-06,1종,28883
658,조양,2014-06,2종,607
658,조양,2014-06,3종,431
658,조양,2014-06,4종,577
658,조양,2014-06,5종,447
658,조양,2014-06,6종,1212
671,봉담,2014-06,1종,1198793
671,봉담,2014-06,2종,57953
671,봉담,2014-06,3종,42503
671,봉담,2014-06,4종,19080
671,봉담,2014-06,5종,25260
671,봉담,2014-06,6종,94878
672,정남,2014-06,1종,361349
672,정남,2014-06,2종,19833
672,정남,2014-06,3종,13365
672,정남,2014-06,4종,6402
672,정남,2014-06,5종,4841
672,정남,2014-06,6종,29455
673,북오산,2014-06,1종,759565
673,북오산,2014-06,2종,28966
673,북오산,2014-06,3종,24160
673,북오산,2014-06,4종,14404
673,북오산,2014-06,5종,10392
673,북오산,2014-06,6종,56063
674,,2014-06,1종,817029
674,,2014-06,2종,40181
674,,2014-06,3종,55568
674,,2014-06,4종,19219
674,,2014-06,5종,22853
674,,2014-06,6종,58466
675,서오산,2014-06,1종,723753
675,서오산,2014-06,2종,23107
675,서오산,2014-06,3종,18193
675,서오산,2014-06,4종,15334
675,서오산,2014-06,5종,13876
675,서오산,2014-06,6종,51207
676,향남,2014-06,1종,531824
676,향남,2014-06,2종,37644
676,향남,2014-06,3종,22543
676,향남,2014-06,4종,23178
676,향남,2014-06,5종,16017
676,향남,2014-06,6종,42121
677,북평택,2014-06,1종,896358
677,북평택,2014-06,2종,34520
677,북평택,2014-06,3종,44288
677,북평택,2014-06,4종,17386
677,북평택,2014-06,5종,30855
677,북평택,2014-06,6종,55719
681,장안본선,2014-06,1종,815486
681,장안본선,2014-06,2종,65986
681,장안본선,2014-06,3종,104880
681,장안본선,2014-06,4종,77082
681,장안본선,2014-06,5종,139964
681,장안본선,2014-06,6종,45568
682,조암,2014-06,1종,299913
682,조암,2014-06,2종,37173
682,조암,2014-06,3종,28003
682,조암,2014-06,4종,20890
682,조암,2014-06,5종,25637
682,조암,2014-06,6종,18781
683,송산마도,2014-06,1종,524632
683,송산마도,2014-06,2종,35701
683,송산마도,2014-06,3종,22963
683,송산마도,2014-06,4종,18963
683,송산마도,2014-06,5종,37353
683,송산마도,2014-06,6종,30312
684,남안산,2014-06,1종,662783
684,남안산,2014-06,2종,72318
684,남안산,2014-06,3종,55691
684,남안산,2014-06,4종,48821
684,남안산,2014-06,5종,68970
684,남안산,2014-06,6종,48985
685,서시흥,2014-06,1종,1194626
685,서시흥,2014-06,2종,77178
685,서시흥,2014-06,3종,105107
685,서시흥,2014-06,4종,70077
685,서시흥,2014-06,5종,143048
685,서시흥,2014-06,6종,70763
981,서영암,2014-06,1종,200483
981,서영암,2014-06,2종,4631
981,서영암,2014-06,3종,9230
981,서영암,2014-06,4종,7105
981,서영암,2014-06,5종,16090
981,서영암,2014-06,6종,5581
982,강진무위사,2014-06,1종,118202
982,강진무위사,2014-06,2종,3035
982,강진무위사,2014-06,3종,5823
982,강진무위사,2014-06,4종,3497
982,강진무위사,2014-06,5종,5043
982,강진무위사,2014-06,6종,3194
983,장흥,2014-06,1종,96466
983,장흥,2014-06,2종,1473
983,장흥,2014-06,3종,2117
983,장흥,2014-06,4종,796
983,장흥,2014-06,5종,1203
983,장흥,2014-06,6종,2602
984,보성,2014-06,1종,161807
984,보성,2014-06,2종,4977
984,보성,2014-06,3종,5423
984,보성,2014-06,4종,4276
984,보성,2014-06,5종,10221
984,보성,2014-06,6종,4354
985,벌교,2014-06,1종,116193
985,벌교,2014-06,2종,3712
985,벌교,2014-06,3종,3096
985,벌교,2014-06,4종,2090
985,벌교,2014-06,5종,2952
985,벌교,2014-06,6종,2922
986,고흥,2014-06,1종,144124
986,고흥,2014-06,2종,3241
986,고흥,2014-06,3종,4679
986,고흥,2014-06,4종,3684
986,고흥,2014-06,5종,4464
986,고흥,2014-06,6종,4673
987,남순천,2014-06,1종,401211
987,남순천,2014-06,2종,9861
987,남순천,2014-06,3종,15915
987,남순천,2014-06,4종,14075
987,남순천,2014-06,5종,30660
987,남순천,2014-06,6종,11664
11,인천,2014-07,1종,3577017
11,인천,2014-07,2종,119494
11,인천,2014-07,3종,86908
11,인천,2014-07,4종,57777
11,인천,2014-07,5종,106882
11,인천,2014-07,6종,338830
12,서영암(개),2014-07,1종,32072
12,서영암(개),2014-07,2종,617
12,서영암(개),2014-07,3종,582
12,서영암(개),2014-07,4종,309
12,서영암(개),2014-07,5종,697
12,서영암(개),2014-07,6종,2305
13,순천만,2014-07,1종,104995
13,순천만,2014-07,2종,3993
13,순천만,2014-07,3종,3977
13,순천만,2014-07,4종,2150
13,순천만,2014-07,5종,6041
13,순천만,2014-07,6종,5146
53,남인천,2014-07,1종,1696829
53,남인천,2014-07,2종,44233
53,남인천,2014-07,3종,55350
53,남인천,2014-07,4종,20083
53,남인천,2014-07,5종,57206
53,남인천,2014-07,6종,145943
56,일로,2014-07,1종,36407
56,일로,2014-07,2종,1293
56,일로,2014-07,3종,878
56,일로,2014-07,4종,649
56,일로,2014-07,5종,1013
56,일로,2014-07,6종,2207
61,성남,2014-07,1종,4074294
61,성남,2014-07,2종,158906
61,성남,2014-07,3종,152855
61,성남,2014-07,4종,84766
61,성남,2014-07,5종,86189
61,성남,2014-07,6종,287896
62,구리남양주,2014-07,1종,5211100
62,구리남양주,2014-07,2종,219203
62,구리남양주,2014-07,3종,193573
62,구리남양주,2014-07,4종,133891
62,구리남양주,2014-07,5종,106442
62,구리남양주,2014-07,6종,396064
63,토평,2014-07,1종,527825
63,토평,2014-07,2종,16997
63,토평,2014-07,3종,8571
63,토평,2014-07,4종,12588
63,토평,2014-07,5종,11310
63,토평,2014-07,6종,42613
64,청계,2014-07,1종,4650112
64,청계,2014-07,2종,151391
64,청계,2014-07,3종,155014
64,청계,2014-07,4종,50239
64,청계,2014-07,5종,84031
64,청계,2014-07,6종,359739
65,판교,2014-07,1종,3016146
65,판교,2014-07,2종,46843
65,판교,2014-07,3종,183445
65,판교,2014-07,4종,17028
65,판교,2014-07,5종,14023
65,판교,2014-07,6종,182555
66,하남,2014-07,1종,924068
66,하남,2014-07,2종,30672
66,하남,2014-07,3종,18595
66,하남,2014-07,4종,8333
66,하남,2014-07,5종,7720
66,하남,2014-07,6종,70414
67,시흥,2014-07,1종,3951310
67,시흥,2014-07,2종,141442
67,시흥,2014-07,3종,125823
67,시흥,2014-07,4종,73555
67,시흥,2014-07,5종,70605
67,시흥,2014-07,6종,312778
68,김포,2014-07,1종,4811561
68,김포,2014-07,2종,196404
68,김포,2014-07,3종,157877
68,김포,2014-07,4종,81358
68,김포,2014-07,5종,112060
68,김포,2014-07,6종,403155
69,대왕판교,2014-07,1종,211119
69,대왕판교,2014-07,2종,1465
69,대왕판교,2014-07,3종,275
69,대왕판교,2014-07,4종,44
69,대왕판교,2014-07,5종,20
69,대왕판교,2014-07,6종,12650
74,덕소삼패,2014-07,1종,324476
74,덕소삼패,2014-07,2종,8565
74,덕소삼패,2014-07,3종,3944
74,덕소삼패,2014-07,4종,10692
74,덕소삼패,2014-07,5종,11665
74,덕소삼패,2014-07,6종,25858
91,대동(개),2014-07,1종,140627
91,대동(개),2014-07,2종,10317
91,대동(개),2014-07,3종,6192
91,대동(개),2014-07,4종,19771
91,대동(개),2014-07,5종,12664
91,대동(개),2014-07,6종,9736
92,내서,2014-07,1종,218715
92,내서,2014-07,2종,8578
92,내서,2014-07,3종,9982
92,내서,2014-07,4종,3609
92,내서,2014-07,5종,6858
92,내서,2014-07,6종,20222
101,서울,2014-07,1종,5485803
101,서울,2014-07,2종,199276
101,서울,2014-07,3종,566946
101,서울,2014-07,4종,95414
101,서울,2014-07,5종,54378
101,서울,2014-07,6종,262524
102,동수원,2014-07,1종,2187639
102,동수원,2014-07,2종,42087
102,동수원,2014-07,3종,87629
102,동수원,2014-07,4종,19312
102,동수원,2014-07,5종,16193
102,동수원,2014-07,6종,139752
103,수원신갈,2014-07,1종,2521352
103,수원신갈,2014-07,2종,100234
103,수원신갈,2014-07,3종,161813
103,수원신갈,2014-07,4종,47118
103,수원신갈,2014-07,5종,27567
103,수원신갈,2014-07,6종,142567
104,지곡,2014-07,1종,43965
104,지곡,2014-07,2종,1709
104,지곡,2014-07,3종,2456
104,지곡,2014-07,4종,1781
104,지곡,2014-07,5종,1720
104,지곡,2014-07,6종,1562
105,기흥,2014-07,1종,452426
105,기흥,2014-07,2종,26236
105,기흥,2014-07,3종,14429
105,기흥,2014-07,4종,12917
105,기흥,2014-07,5종,14709
105,기흥,2014-07,6종,23987
106,오산,2014-07,1종,1153218
106,오산,2014-07,2종,99832
106,오산,2014-07,3종,107424
106,오산,2014-07,4종,49704
106,오산,2014-07,5종,31201
106,오산,2014-07,6종,76254
107,안성,2014-07,1종,825097
107,안성,2014-07,2종,33915
107,안성,2014-07,3종,53579
107,안성,2014-07,4종,17309
107,안성,2014-07,5종,11936
107,안성,2014-07,6종,53870
108,천안,2014-07,1종,1441503
108,천안,2014-07,2종,49768
108,천안,2014-07,3종,103600
108,천안,2014-07,4종,40073
108,천안,2014-07,5종,33106
108,천안,2014-07,6종,73456
109,계룡,2014-07,1종,135512
109,계룡,2014-07,2종,10321
109,계룡,2014-07,3종,11852
109,계룡,2014-07,4종,8061
109,계룡,2014-07,5종,4598
109,계룡,2014-07,6종,8654
110,독립기념관,2014-07,1종,349094
110,독립기념관,2014-07,2종,21698
110,독립기념관,2014-07,3종,24702
110,독립기념관,2014-07,4종,24324
110,독립기념관,2014-07,5종,16835
110,독립기념관,2014-07,6종,15091
111,청주,2014-07,1종,475881
111,청주,2014-07,2종,21617
111,청주,2014-07,3종,49213
111,청주,2014-07,4종,16172
111,청주,2014-07,5종,19672
111,청주,2014-07,6종,24090
112,남청주,2014-07,1종,499217
112,남청주,2014-07,2종,44639
112,남청주,2014-07,3종,42636
112,남청주,2014-07,4종,47211
112,남청주,2014-07,5종,40300
112,남청주,2014-07,6종,23143
113,신탄진,2014-07,1종,771021
113,신탄진,2014-07,2종,46562
113,신탄진,2014-07,3종,36594
113,신탄진,2014-07,4종,61264
113,신탄진,2014-07,5종,51953
113,신탄진,2014-07,6종,41496
114,남대전,2014-07,1종,321812
114,남대전,2014-07,2종,12557
114,남대전,2014-07,3종,11192
114,남대전,2014-07,4종,6011
114,남대전,2014-07,5종,10673
114,남대전,2014-07,6종,16244
115,대전,2014-07,1종,1347122
115,대전,2014-07,2종,41595
115,대전,2014-07,3종,81584
115,대전,2014-07,4종,16565
115,대전,2014-07,5종,14514
115,대전,2014-07,6종,72067
116,옥천,2014-07,1종,398417
116,옥천,2014-07,2종,22944
116,옥천,2014-07,3종,19384
116,옥천,2014-07,4종,36027
116,옥천,2014-07,5종,21534
116,옥천,2014-07,6종,22509
117,금강,2014-07,1종,53716
117,금강,2014-07,2종,1935
117,금강,2014-07,3종,1195
117,금강,2014-07,4종,3418
117,금강,2014-07,5종,908
117,금강,2014-07,6종,2758
118,영동,2014-07,1종,88264
118,영동,2014-07,2종,5338
118,영동,2014-07,3종,4925
118,영동,2014-07,4종,2914
118,영동,2014-07,5종,6406
118,영동,2014-07,6종,4006
119,판암,2014-07,1종,482586
119,판암,2014-07,2종,15933
119,판암,2014-07,3종,10261
119,판암,2014-07,4종,6759
119,판암,2014-07,5종,6460
119,판암,2014-07,6종,28501
120,황간,2014-07,1종,88597
120,황간,2014-07,2종,3315
120,황간,2014-07,3종,4762
120,황간,2014-07,4종,4604
120,황간,2014-07,5종,5262
120,황간,2014-07,6종,3362
121,추풍령,2014-07,1종,41259
121,추풍령,2014-07,2종,1556
121,추풍령,2014-07,3종,2175
121,추풍령,2014-07,4종,1377
121,추풍령,2014-07,5종,1483
121,추풍령,2014-07,6종,1922
122,김천,2014-07,1종,224428
122,김천,2014-07,2종,8484
122,김천,2014-07,3종,11526
122,김천,2014-07,4종,10248
122,김천,2014-07,5종,8249
122,김천,2014-07,6종,10117
123,구미,2014-07,1종,780851
123,구미,2014-07,2종,21053
123,구미,2014-07,3종,36098
123,구미,2014-07,4종,19817
123,구미,2014-07,5종,17936
123,구미,2014-07,6종,40143
124,상주,2014-07,1종,118354
124,상주,2014-07,2종,6785
124,상주,2014-07,3종,6205
124,상주,2014-07,4종,6956
124,상주,2014-07,5종,7631
124,상주,2014-07,6종,3808
125,남구미,2014-07,1종,543727
125,남구미,2014-07,2종,23203
125,남구미,2014-07,3종,32785
125,남구미,2014-07,4종,23433
125,남구미,2014-07,5종,40596
125,남구미,2014-07,6종,31365
126,왜관,2014-07,1종,648781
126,왜관,2014-07,2종,51836
126,왜관,2014-07,3종,32167
126,왜관,2014-07,4종,26001
126,왜관,2014-07,5종,35304
126,왜관,2014-07,6종,30998
127,서대구,2014-07,1종,1944921
127,서대구,2014-07,2종,97288
127,서대구,2014-07,3종,105383
127,서대구,2014-07,4종,54652
127,서대구,2014-07,5종,64474
127,서대구,2014-07,6종,87929
128,금왕꽃동네,2014-07,1종,81213
128,금왕꽃동네,2014-07,2종,8871
128,금왕꽃동네,2014-07,3종,9210
128,금왕꽃동네,2014-07,4종,7250
128,금왕꽃동네,2014-07,5종,8659
128,금왕꽃동네,2014-07,6종,3505
129,북대구,2014-07,1종,1807049
129,북대구,2014-07,2종,65813
129,북대구,2014-07,3종,54287
129,북대구,2014-07,4종,25376
129,북대구,2014-07,5종,27552
129,북대구,2014-07,6종,79529
130,동김천,2014-07,1종,133080
130,동김천,2014-07,2종,6063
130,동김천,2014-07,3종,9130
130,동김천,2014-07,4종,7813
130,동김천,2014-07,5종,14440
130,동김천,2014-07,6종,5134
131,경산,2014-07,1종,840199
131,경산,2014-07,2종,81477
131,경산,2014-07,3종,56706
131,경산,2014-07,4종,47977
131,경산,2014-07,5종,42005
131,경산,2014-07,6종,44171
132,영천,2014-07,1종,410857
132,영천,2014-07,2종,27620
132,영천,2014-07,3종,29595
132,영천,2014-07,4종,25883
132,영천,2014-07,5종,46069
132,영천,2014-07,6종,16565
133,서경주,2014-07,1종,167241
133,서경주,2014-07,2종,9006
133,서경주,2014-07,3종,12940
133,서경주,2014-07,4종,10008
133,서경주,2014-07,5종,26256
133,서경주,2014-07,6종,5640
134,선산,2014-07,1종,86513
134,선산,2014-07,2종,5038
134,선산,2014-07,3종,5155
134,선산,2014-07,4종,6693
134,선산,2014-07,5종,8902
134,선산,2014-07,6종,3077
135,경주,2014-07,1종,905823
135,경주,2014-07,2종,43308
135,경주,2014-07,3종,76933
135,경주,2014-07,4종,44533
135,경주,2014-07,5종,100397
135,경주,2014-07,6종,34685
136,음성,2014-07,1종,123864
136,음성,2014-07,2종,7576
136,음성,2014-07,3종,9121
136,음성,2014-07,4종,6511
136,음성,2014-07,5종,7028
136,음성,2014-07,6종,4918
137,통도사,2014-07,1종,285659
137,통도사,2014-07,2종,16587
137,통도사,2014-07,3종,17086
137,통도사,2014-07,4종,12057
137,통도사,2014-07,5종,17695
137,통도사,2014-07,6종,14616
138,양산,2014-07,1종,689768
138,양산,2014-07,2종,76253
138,양산,2014-07,3종,45475
138,양산,2014-07,4종,46612
138,양산,2014-07,5종,57954
138,양산,2014-07,6종,38218
139,서울산,2014-07,1종,471656
139,서울산,2014-07,2종,26670
139,서울산,2014-07,3종,31112
139,서울산,2014-07,4종,14120
139,서울산,2014-07,5종,26076
139,서울산,2014-07,6종,24576
140,부산,2014-07,1종,1599379
140,부산,2014-07,2종,64200
140,부산,2014-07,3종,50394
140,부산,2014-07,4종,32933
140,부산,2014-07,5종,58578
140,부산,2014-07,6종,91252
142,군북,2014-07,1종,342455
142,군북,2014-07,2종,14616
142,군북,2014-07,3종,15500
142,군북,2014-07,4종,9922
142,군북,2014-07,5종,17645
142,군북,2014-07,6종,21652
143,장지,2014-07,1종,123004
143,장지,2014-07,2종,6265
143,장지,2014-07,3종,5717
143,장지,2014-07,4종,4933
143,장지,2014-07,5종,16695
143,장지,2014-07,6종,7570
144,함안,2014-07,1종,250127
144,함안,2014-07,2종,12669
144,함안,2014-07,3종,11129
144,함안,2014-07,4종,8193
144,함안,2014-07,5종,18305
144,함안,2014-07,6종,16343
145,산인,2014-07,1종,722914
145,산인,2014-07,2종,20161
145,산인,2014-07,3종,32675
145,산인,2014-07,4종,14370
145,산인,2014-07,5종,22456
145,산인,2014-07,6종,42630
146,동창원,2014-07,1종,553970
146,동창원,2014-07,2종,29749
146,동창원,2014-07,3종,23538
146,동창원,2014-07,4종,19512
146,동창원,2014-07,5종,27740
146,동창원,2014-07,6종,36400
147,진례,2014-07,1종,453111
147,진례,2014-07,2종,36410
147,진례,2014-07,3종,21313
147,진례,2014-07,4종,18027
147,진례,2014-07,5종,39920
147,진례,2014-07,6종,30081
148,서김해,2014-07,1종,640097
148,서김해,2014-07,2종,23096
148,서김해,2014-07,3종,16170
148,서김해,2014-07,4종,10812
148,서김해,2014-07,5종,15259
148,서김해,2014-07,6종,44706
149,동김해,2014-07,1종,1110771
149,동김해,2014-07,2종,35123
149,동김해,2014-07,3종,25451
149,동김해,2014-07,4종,12397
149,동김해,2014-07,5종,13370
149,동김해,2014-07,6종,85457
150,북부산,2014-07,1종,2311908
150,북부산,2014-07,2종,68548
150,북부산,2014-07,3종,69336
150,북부산,2014-07,4종,43398
150,북부산,2014-07,5종,91939
150,북부산,2014-07,6종,149310
151,북대전,2014-07,1종,706296
151,북대전,2014-07,2종,18489
151,북대전,2014-07,3종,31840
151,북대전,2014-07,4종,18699
151,북대전,2014-07,5종,15771
151,북대전,2014-07,6종,39393
152,유성,2014-07,1종,1043074
152,유성,2014-07,2종,25339
152,유성,2014-07,3종,37721
152,유성,2014-07,4종,17089
152,유성,2014-07,5종,15666
152,유성,2014-07,6종,49869
153,서대전,2014-07,1종,682696
153,서대전,2014-07,2종,20966
153,서대전,2014-07,3종,18515
153,서대전,2014-07,4종,17832
153,서대전,2014-07,5종,14466
153,서대전,2014-07,6종,40794
154,안영,2014-07,1종,447685
154,안영,2014-07,2종,16840
154,안영,2014-07,3종,10908
154,안영,2014-07,4종,8855
154,안영,2014-07,5종,9625
154,안영,2014-07,6종,24095
155,논산,2014-07,1종,208493
155,논산,2014-07,2종,18342
155,논산,2014-07,3종,17246
155,논산,2014-07,4종,13326
155,논산,2014-07,5종,11608
155,논산,2014-07,6종,9093
156,익산,2014-07,1종,275804
156,익산,2014-07,2종,24203
156,익산,2014-07,3종,29455
156,익산,2014-07,4종,20109
156,익산,2014-07,5종,27420
156,익산,2014-07,6종,9026
157,삼례,2014-07,1종,112721
157,삼례,2014-07,2종,8091
157,삼례,2014-07,3종,8354
157,삼례,2014-07,4종,6548
157,삼례,2014-07,5종,10850
157,삼례,2014-07,6종,3480
158,전주,2014-07,1종,441069
158,전주,2014-07,2종,20399
158,전주,2014-07,3종,50920
158,전주,2014-07,4종,21216
158,전주,2014-07,5종,42535
158,전주,2014-07,6종,13934
159,서전주,2014-07,1종,267485
159,서전주,2014-07,2종,13480
159,서전주,2014-07,3종,12883
159,서전주,2014-07,4종,8253
159,서전주,2014-07,5종,8435
159,서전주,2014-07,6종,8293
160,김제,2014-07,1종,116387
160,김제,2014-07,2종,7084
160,김제,2014-07,3종,8575
160,김제,2014-07,4종,3874
160,김제,2014-07,5종,5729
160,김제,2014-07,6종,3639
161,금산사,2014-07,1종,33515
161,금산사,2014-07,2종,2339
161,금산사,2014-07,3종,1969
161,금산사,2014-07,4종,598
161,금산사,2014-07,5종,2144
161,금산사,2014-07,6종,1020
162,태인,2014-07,1종,79674
162,태인,2014-07,2종,6188
162,태인,2014-07,3종,9557
162,태인,2014-07,4종,4943
162,태인,2014-07,5종,5401
162,태인,2014-07,6종,2430
163,정읍,2014-07,1종,234943
163,정읍,2014-07,2종,16374
163,정읍,2014-07,3종,21330
163,정읍,2014-07,4종,10745
163,정읍,2014-07,5종,9665
163,정읍,2014-07,6종,7400
164,무주,2014-07,1종,171213
164,무주,2014-07,2종,4267
164,무주,2014-07,3종,6262
164,무주,2014-07,4종,2784
164,무주,2014-07,5종,3183
164,무주,2014-07,6종,6037
165,백양사,2014-07,1종,74575
165,백양사,2014-07,2종,2009
165,백양사,2014-07,3종,3583
165,백양사,2014-07,4종,1646
165,백양사,2014-07,5종,1338
165,백양사,2014-07,6종,2163
166,장성,2014-07,1종,145704
166,장성,2014-07,2종,12593
166,장성,2014-07,3종,16820
166,장성,2014-07,4종,11335
166,장성,2014-07,5종,11912
166,장성,2014-07,6종,5290
167,광주,2014-07,1종,972235
167,광주,2014-07,2종,40713
167,광주,2014-07,3종,78480
167,광주,2014-07,4종,47398
167,광주,2014-07,5종,32306
167,광주,2014-07,6종,29779
168,덕유산,2014-07,1종,71450
168,덕유산,2014-07,2종,1713
168,덕유산,2014-07,3종,2041
168,덕유산,2014-07,4종,722
168,덕유산,2014-07,5종,1938
168,덕유산,2014-07,6종,2112
169,장수,2014-07,1종,111843
169,장수,2014-07,2종,4093
169,장수,2014-07,3종,4869
169,장수,2014-07,4종,2143
169,장수,2014-07,5종,2816
169,장수,2014-07,6종,3375
170,서상,2014-07,1종,53158
170,서상,2014-07,2종,2639
170,서상,2014-07,3종,5471
170,서상,2014-07,4종,3735
170,서상,2014-07,5종,3218
170,서상,2014-07,6종,1820
171,마성,2014-07,1종,363066
171,마성,2014-07,2종,6334
171,마성,2014-07,3종,22813
171,마성,2014-07,4종,1432
171,마성,2014-07,5종,1209
171,마성,2014-07,6종,20343
172,용인,2014-07,1종,868189
172,용인,2014-07,2종,64203
172,용인,2014-07,3종,34188
172,용인,2014-07,4종,20629
172,용인,2014-07,5종,14571
172,용인,2014-07,6종,62642
173,양지,2014-07,1종,840606
173,양지,2014-07,2종,90483
173,양지,2014-07,3종,65219
173,양지,2014-07,4종,54397
173,양지,2014-07,5종,42724
173,양지,2014-07,6종,48351
174,춘천,2014-07,1종,727988
174,춘천,2014-07,2종,20019
174,춘천,2014-07,3종,27337
174,춘천,2014-07,4종,10173
174,춘천,2014-07,5종,7772
174,춘천,2014-07,6종,45625
175,덕평,2014-07,1종,297412
175,덕평,2014-07,2종,44700
175,덕평,2014-07,3종,23595
175,덕평,2014-07,4종,20472
175,덕평,2014-07,5종,11648
175,덕평,2014-07,6종,17770
176,이천,2014-07,1종,620513
176,이천,2014-07,2종,43336
176,이천,2014-07,3종,49227
176,이천,2014-07,4종,47458
176,이천,2014-07,5종,38942
176,이천,2014-07,6종,31166
177,여주,2014-07,1종,385447
177,여주,2014-07,2종,17218
177,여주,2014-07,3종,36882
177,여주,2014-07,4종,22020
177,여주,2014-07,5종,11209
177,여주,2014-07,6종,15631
178,문막,2014-07,1종,371144
178,문막,2014-07,2종,23557
178,문막,2014-07,3종,37100
178,문막,2014-07,4종,14515
178,문막,2014-07,5종,15839
178,문막,2014-07,6종,16336
179,홍천,2014-07,1종,322076
179,홍천,2014-07,2종,10309
179,홍천,2014-07,3종,16865
179,홍천,2014-07,4종,8724
179,홍천,2014-07,5종,6715
179,홍천,2014-07,6종,21480
180,원주,2014-07,1종,258641
180,원주,2014-07,2종,15825
180,원주,2014-07,3종,16879
180,원주,2014-07,4종,8928
180,원주,2014-07,5종,9383
180,원주,2014-07,6종,12737
181,새말,2014-07,1종,230795
181,새말,2014-07,2종,8784
181,새말,2014-07,3종,12974
181,새말,2014-07,4종,7075
181,새말,2014-07,5종,4953
181,새말,2014-07,6종,8376
182,둔내,2014-07,1종,128814
182,둔내,2014-07,2종,4229
182,둔내,2014-07,3종,6172
182,둔내,2014-07,4종,3515
182,둔내,2014-07,5종,1126
182,둔내,2014-07,6종,5037
183,면온,2014-07,1종,104871
183,면온,2014-07,2종,1794
183,면온,2014-07,3종,3146
183,면온,2014-07,4종,2095
183,면온,2014-07,5종,2036
183,면온,2014-07,6종,3484
184,대관령,2014-07,1종,253554
184,대관령,2014-07,2종,6147
184,대관령,2014-07,3종,16235
184,대관령,2014-07,4종,1905
184,대관령,2014-07,5종,3563
184,대관령,2014-07,6종,9751
185,평창,2014-07,1종,155280
185,평창,2014-07,2종,5078
185,평창,2014-07,3종,14459
185,평창,2014-07,4종,2748
185,평창,2014-07,5종,2877
185,평창,2014-07,6종,6209
186,속사,2014-07,1종,41566
186,속사,2014-07,2종,1438
186,속사,2014-07,3종,1642
186,속사,2014-07,4종,1618
186,속사,2014-07,5종,636
186,속사,2014-07,6종,1570
187,진부,2014-07,1종,158213
187,진부,2014-07,2종,5026
187,진부,2014-07,3종,12770
187,진부,2014-07,4종,3484
187,진부,2014-07,5종,3521
187,진부,2014-07,6종,6186
188,서충주,2014-07,1종,98672
188,서충주,2014-07,2종,6010
188,서충주,2014-07,3종,8848
188,서충주,2014-07,4종,6941
188,서충주,2014-07,5종,8701
188,서충주,2014-07,6종,3804
189,강릉,2014-07,1종,514065
189,강릉,2014-07,2종,14943
189,강릉,2014-07,3종,41641
189,강릉,2014-07,4종,9665
189,강릉,2014-07,5종,12022
189,강릉,2014-07,6종,24834
190,동서울,2014-07,1종,3415071
190,동서울,2014-07,2종,195884
190,동서울,2014-07,3종,221047
190,동서울,2014-07,4종,109014
190,동서울,2014-07,5종,64885
190,동서울,2014-07,6종,159352
191,경기광주,2014-07,1종,813235
191,경기광주,2014-07,2종,46950
191,경기광주,2014-07,3종,34089
191,경기광주,2014-07,4종,12602
191,경기광주,2014-07,5종,5400
191,경기광주,2014-07,6종,54984
192,곤지암,2014-07,1종,797451
192,곤지암,2014-07,2종,71366
192,곤지암,2014-07,3종,47441
192,곤지암,2014-07,4종,36598
192,곤지암,2014-07,5종,20878
192,곤지암,2014-07,6종,45011
193,일죽,2014-07,1종,454180
193,일죽,2014-07,2종,37674
193,일죽,2014-07,3종,38687
193,일죽,2014-07,4종,31240
193,일죽,2014-07,5종,17202
193,일죽,2014-07,6종,17181
194,서이천,2014-07,1종,514330
194,서이천,2014-07,2종,66160
194,서이천,2014-07,3종,52516
194,서이천,2014-07,4종,37067
194,서이천,2014-07,5종,15177
194,서이천,2014-07,6종,30126
195,대소,2014-07,1종,302079
195,대소,2014-07,2종,43695
195,대소,2014-07,3종,43093
195,대소,2014-07,4종,33608
195,대소,2014-07,5종,21572
195,대소,2014-07,6종,13596
196,진천,2014-07,1종,261053
196,진천,2014-07,2종,19209
196,진천,2014-07,3종,21947
196,진천,2014-07,4종,18918
196,진천,2014-07,5종,18015
196,진천,2014-07,6종,11126
197,증평,2014-07,1종,384163
197,증평,2014-07,2종,24199
197,증평,2014-07,3종,27347
197,증평,2014-07,4종,19065
197,증평,2014-07,5종,19480
197,증평,2014-07,6종,16262
198,서청주,2014-07,1종,806601
198,서청주,2014-07,2종,35696
198,서청주,2014-07,3종,45106
198,서청주,2014-07,4종,31435
198,서청주,2014-07,5종,22586
198,서청주,2014-07,6종,41243
199,오창,2014-07,1종,522541
199,오창,2014-07,2종,23527
199,오창,2014-07,3종,33158
199,오창,2014-07,4종,20494
199,오창,2014-07,5종,18688
199,오창,2014-07,6종,26748
200,금산,2014-07,1종,167442
200,금산,2014-07,2종,4331
200,금산,2014-07,3종,6864
200,금산,2014-07,4종,4486
200,금산,2014-07,5종,7111
200,금산,2014-07,6종,7110
201,칠곡,2014-07,1종,603498
201,칠곡,2014-07,2종,26071
201,칠곡,2014-07,3종,20289
201,칠곡,2014-07,4종,9889
201,칠곡,2014-07,5종,13803
201,칠곡,2014-07,6종,31046
202,다부,2014-07,1종,122138
202,다부,2014-07,2종,8076
202,다부,2014-07,3종,5364
202,다부,2014-07,4종,2762
202,다부,2014-07,5종,6683
202,다부,2014-07,6종,4852
203,가산,2014-07,1종,518168
203,가산,2014-07,2종,22651
203,가산,2014-07,3종,21079
203,가산,2014-07,4종,14642
203,가산,2014-07,5종,33822
203,가산,2014-07,6종,22471
204,추부,2014-07,1종,179862
204,추부,2014-07,2종,8639
204,추부,2014-07,3종,8901
204,추부,2014-07,4종,5396
204,추부,2014-07,5종,5453
204,추부,2014-07,6종,9465
205,군위,2014-07,1종,152449
205,군위,2014-07,2종,6210
205,군위,2014-07,3종,4220
205,군위,2014-07,4종,3013
205,군위,2014-07,5종,10812
205,군위,2014-07,6종,6805
206,의성,2014-07,1종,169836
206,의성,2014-07,2종,5144
206,의성,2014-07,3종,4233
206,의성,2014-07,4종,1968
206,의성,2014-07,5종,3557
206,의성,2014-07,6종,5865
207,남안동,2014-07,1종,270177
207,남안동,2014-07,2종,9150
207,남안동,2014-07,3종,7160
207,남안동,2014-07,4종,5061
207,남안동,2014-07,5종,8359
207,남안동,2014-07,6종,9395
208,서안동,2014-07,1종,180816
208,서안동,2014-07,2종,7756
208,서안동,2014-07,3종,16072
208,서안동,2014-07,4종,4060
208,서안동,2014-07,5종,7991
208,서안동,2014-07,6종,6065
209,예천,2014-07,1종,28531
209,예천,2014-07,2종,820
209,예천,2014-07,3종,584
209,예천,2014-07,4종,284
209,예천,2014-07,5종,358
209,예천,2014-07,6종,932
210,영주,2014-07,1종,135813
210,영주,2014-07,2종,5635
210,영주,2014-07,3종,8150
210,영주,2014-07,4종,4431
210,영주,2014-07,5종,10730
210,영주,2014-07,6종,4527
211,풍기,2014-07,1종,194839
211,풍기,2014-07,2종,5961
211,풍기,2014-07,3종,13867
211,풍기,2014-07,4종,4254
211,풍기,2014-07,5종,7430
211,풍기,2014-07,6종,6873
212,북수원,2014-07,1종,1307996
212,북수원,2014-07,2종,44351
212,북수원,2014-07,3종,55974
212,북수원,2014-07,4종,28171
212,북수원,2014-07,5종,16724
212,북수원,2014-07,6종,81074
213,부곡,2014-07,1종,389106
213,부곡,2014-07,2종,11499
213,부곡,2014-07,3종,8900
213,부곡,2014-07,4종,16225
213,부곡,2014-07,5종,74925
213,부곡,2014-07,6종,27750
214,동군포,2014-07,1종,216063
214,동군포,2014-07,2종,23303
214,동군포,2014-07,3종,16350
214,동군포,2014-07,4종,34427
214,동군포,2014-07,5종,18370
214,동군포,2014-07,6종,16376
215,군포,2014-07,1종,1034423
215,군포,2014-07,2종,52146
215,군포,2014-07,3종,41889
215,군포,2014-07,4종,19357
215,군포,2014-07,5종,28998
215,군포,2014-07,6종,82332
216,횡성,2014-07,1종,195579
216,횡성,2014-07,2종,7345
216,횡성,2014-07,3종,8790
216,횡성,2014-07,4종,4580
216,횡성,2014-07,5종,5831
216,횡성,2014-07,6종,9110
217,북원주,2014-07,1종,75638
217,북원주,2014-07,2종,6150
217,북원주,2014-07,3종,4185
217,북원주,2014-07,4종,2483
217,북원주,2014-07,5종,3176
217,북원주,2014-07,6종,5120
218,남원주,2014-07,1종,538039
218,남원주,2014-07,2종,17016
218,남원주,2014-07,3종,28858
218,남원주,2014-07,4종,8236
218,남원주,2014-07,5종,8622
218,남원주,2014-07,6종,27311
219,신림,2014-07,1종,136754
219,신림,2014-07,2종,3390
219,신림,2014-07,3종,4438
219,신림,2014-07,4종,3395
219,신림,2014-07,5종,5786
219,신림,2014-07,6종,5199
220,덕평휴게소,2014-07,1종,4907
220,덕평휴게소,2014-07,2종,160
220,덕평휴게소,2014-07,3종,42
220,덕평휴게소,2014-07,4종,0
220,덕평휴게소,2014-07,5종,0
220,덕평휴게소,2014-07,6종,441
221,생초,2014-07,1종,69547
221,생초,2014-07,2종,2443
221,생초,2014-07,3종,3836
221,생초,2014-07,4종,2104
221,생초,2014-07,5종,6300
221,생초,2014-07,6종,2379
222,산청,2014-07,1종,72912
222,산청,2014-07,2종,2054
222,산청,2014-07,3종,3682
222,산청,2014-07,4종,1468
222,산청,2014-07,5종,1655
222,산청,2014-07,6종,2776
223,단성,2014-07,1종,133234
223,단성,2014-07,2종,2883
223,단성,2014-07,3종,6864
223,단성,2014-07,4종,3628
223,단성,2014-07,5종,4186
223,단성,2014-07,6종,5046
224,함양,2014-07,1종,113175
224,함양,2014-07,2종,3695
224,함양,2014-07,3종,8336
224,함양,2014-07,4종,1799
224,함양,2014-07,5종,2266
224,함양,2014-07,6종,4991
225,서진주,2014-07,1종,308596
225,서진주,2014-07,2종,8077
225,서진주,2014-07,3종,5869
225,서진주,2014-07,4종,3059
225,서진주,2014-07,5종,4320
225,서진주,2014-07,6종,18393
227,군산,2014-07,1종,267920
227,군산,2014-07,2종,9173
227,군산,2014-07,3종,17208
227,군산,2014-07,4종,14941
227,군산,2014-07,5종,37223
227,군산,2014-07,6종,8038
228,동군산,2014-07,1종,239031
228,동군산,2014-07,2종,9796
228,동군산,2014-07,3종,14731
228,동군산,2014-07,4종,9312
228,동군산,2014-07,5종,22744
228,동군산,2014-07,6종,6907
229,북천안,2014-07,1종,346146
229,북천안,2014-07,2종,30239
229,북천안,2014-07,3종,35471
229,북천안,2014-07,4종,41023
229,북천안,2014-07,5종,44651
229,북천안,2014-07,6종,19863
230,팔공산,2014-07,1종,643206
230,팔공산,2014-07,2종,24980
230,팔공산,2014-07,3종,13589
230,팔공산,2014-07,4종,8183
230,팔공산,2014-07,5종,9826
230,팔공산,2014-07,6종,30509
231,화원옥포,2014-07,1종,678209
231,화원옥포,2014-07,2종,38727
231,화원옥포,2014-07,3종,24487
231,화원옥포,2014-07,4종,11550
231,화원옥포,2014-07,5종,15937
231,화원옥포,2014-07,6종,36125
232,달성,2014-07,1종,431448
232,달성,2014-07,2종,23706
232,달성,2014-07,3종,26051
232,달성,2014-07,4종,7508
232,달성,2014-07,5종,7597
232,달성,2014-07,6종,28783
233,현풍,2014-07,1종,491280
233,현풍,2014-07,2종,37510
233,현풍,2014-07,3종,31354
233,현풍,2014-07,4종,19785
233,현풍,2014-07,5종,37754
233,현풍,2014-07,6종,24831
234,서천,2014-07,1종,106775
234,서천,2014-07,2종,4080
234,서천,2014-07,3종,4881
234,서천,2014-07,4종,4927
234,서천,2014-07,5종,6286
234,서천,2014-07,6종,3956
235,창녕,2014-07,1종,154956
235,창녕,2014-07,2종,7426
235,창녕,2014-07,3종,8671
235,창녕,2014-07,4종,3704
235,창녕,2014-07,5종,8858
235,창녕,2014-07,6종,7516
236,영산,2014-07,1종,145953
236,영산,2014-07,2종,10742
236,영산,2014-07,3종,10295
236,영산,2014-07,4종,7280
236,영산,2014-07,5종,10558
236,영산,2014-07,6종,6605
237,남지,2014-07,1종,132859
237,남지,2014-07,2종,8092
237,남지,2014-07,3종,12231
237,남지,2014-07,4종,8085
237,남지,2014-07,5종,14084
237,남지,2014-07,6종,9611
238,칠서,2014-07,1종,234394
238,칠서,2014-07,2종,30359
238,칠서,2014-07,3종,16944
238,칠서,2014-07,4종,21872
238,칠서,2014-07,5종,36340
238,칠서,2014-07,6종,14618
239,칠원,2014-07,1종,546745
239,칠원,2014-07,2종,28151
239,칠원,2014-07,3종,45712
239,칠원,2014-07,4종,37066
239,칠원,2014-07,5종,35295
239,칠원,2014-07,6종,27649
240,제천,2014-07,1종,495067
240,제천,2014-07,2종,14545
240,제천,2014-07,3종,26151
240,제천,2014-07,4종,12644
240,제천,2014-07,5종,19825
240,제천,2014-07,6종,19709
241,동고령,2014-07,1종,286442
241,동고령,2014-07,2종,18601
241,동고령,2014-07,3종,17856
241,동고령,2014-07,4종,12842
241,동고령,2014-07,5종,18278
241,동고령,2014-07,6종,12601
242,고령,2014-07,1종,197537
242,고령,2014-07,2종,11536
242,고령,2014-07,3종,10682
242,고령,2014-07,4종,5766
242,고령,2014-07,5종,18690
242,고령,2014-07,6종,8197
243,해인사,2014-07,1종,108503
243,해인사,2014-07,2종,2900
243,해인사,2014-07,3종,2575
243,해인사,2014-07,4종,903
243,해인사,2014-07,5종,3577
243,해인사,2014-07,6종,4499
244,서부산,2014-07,1종,2102063
244,서부산,2014-07,2종,71985
244,서부산,2014-07,3종,100343
244,서부산,2014-07,4종,60228
244,서부산,2014-07,5종,201022
244,서부산,2014-07,6종,131799
245,장유,2014-07,1종,1290195
245,장유,2014-07,2종,41833
245,장유,2014-07,3종,52469
245,장유,2014-07,4종,21512
245,장유,2014-07,5종,32436
245,장유,2014-07,6종,90562
246,가락,2014-07,1종,788967
246,가락,2014-07,2종,34868
246,가락,2014-07,3종,31426
246,가락,2014-07,4종,49297
246,가락,2014-07,5종,205748
246,가락,2014-07,6종,53815
247,남원,2014-07,1종,147668
247,남원,2014-07,2종,6691
247,남원,2014-07,3종,8603
247,남원,2014-07,4종,2740
247,남원,2014-07,5종,10040
247,남원,2014-07,6종,5624
248,순창,2014-07,1종,128050
248,순창,2014-07,2종,4032
248,순창,2014-07,3종,4290
248,순창,2014-07,4종,2611
248,순창,2014-07,5종,3095
248,순창,2014-07,6종,4853
249,담양,2014-07,1종,162404
249,담양,2014-07,2종,4168
249,담양,2014-07,3종,13752
249,담양,2014-07,4종,2273
249,담양,2014-07,5종,4578
249,담양,2014-07,6종,5628
250,남양산,2014-07,1종,1006850
250,남양산,2014-07,2종,49162
250,남양산,2014-07,3종,40860
250,남양산,2014-07,4종,25855
250,남양산,2014-07,5종,31482
250,남양산,2014-07,6종,73198
251,물금,2014-07,1종,418932
251,물금,2014-07,2종,46410
251,물금,2014-07,3종,17543
251,물금,2014-07,4종,34757
251,물금,2014-07,5종,58339
251,물금,2014-07,6종,28789
252,대동,2014-07,1종,2234094
252,대동,2014-07,2종,161580
252,대동,2014-07,3종,121065
252,대동,2014-07,4종,111668
252,대동,2014-07,5종,292782
252,대동,2014-07,6종,115636
253,서서울,2014-07,1종,5175606
253,서서울,2014-07,2종,213736
253,서서울,2014-07,3종,166555
253,서서울,2014-07,4종,135576
253,서서울,2014-07,5종,124720
253,서서울,2014-07,6종,317211
254,군자,2014-07,1종,2415225
254,군자,2014-07,2종,122861
254,군자,2014-07,3종,112155
254,군자,2014-07,4종,83926
254,군자,2014-07,5종,158836
254,군자,2014-07,6종,173354
255,서안산,2014-07,1종,1846082
255,서안산,2014-07,2종,107269
255,서안산,2014-07,3종,75166
255,서안산,2014-07,4종,52257
255,서안산,2014-07,5종,59447
255,서안산,2014-07,6종,143052
256,안산,2014-07,1종,910850
256,안산,2014-07,2종,27243
256,안산,2014-07,3종,21699
256,안산,2014-07,4종,7099
256,안산,2014-07,5종,7308
256,안산,2014-07,6종,68705
257,홍성,2014-07,1종,228580
257,홍성,2014-07,2종,5357
257,홍성,2014-07,3종,7003
257,홍성,2014-07,4종,3550
257,홍성,2014-07,5종,3867
257,홍성,2014-07,6종,8452
258,광천,2014-07,1종,133467
258,광천,2014-07,2종,6530
258,광천,2014-07,3종,7613
258,광천,2014-07,4종,5892
258,광천,2014-07,5종,11496
258,광천,2014-07,6종,5092
259,대천,2014-07,1종,297864
259,대천,2014-07,2종,6314
259,대천,2014-07,3종,11305
259,대천,2014-07,4종,3772
259,대천,2014-07,5종,5773
259,대천,2014-07,6종,11568
260,춘장대,2014-07,1종,64429
260,춘장대,2014-07,2종,1311
260,춘장대,2014-07,3종,1305
260,춘장대,2014-07,4종,925
260,춘장대,2014-07,5종,1792
260,춘장대,2014-07,6종,1808
261,동광주,2014-07,1종,1038596
261,동광주,2014-07,2종,32363
261,동광주,2014-07,3종,60943
261,동광주,2014-07,4종,24199
261,동광주,2014-07,5종,48014
261,동광주,2014-07,6종,35010
262,창평,2014-07,1종,96414
262,창평,2014-07,2종,4841
262,창평,2014-07,3종,3460
262,창평,2014-07,4종,2021
262,창평,2014-07,5종,1833
262,창평,2014-07,6종,3175
263,옥과,2014-07,1종,203391
263,옥과,2014-07,2종,4899
263,옥과,2014-07,3종,9909
263,옥과,2014-07,4종,3607
263,옥과,2014-07,5종,4470
263,옥과,2014-07,6종,8359
264,동남원,2014-07,1종,49626
264,동남원,2014-07,2종,2331
264,동남원,2014-07,3종,2932
264,동남원,2014-07,4종,1270
264,동남원,2014-07,5종,1400
264,동남원,2014-07,6종,1857
265,곡성,2014-07,1종,157674
265,곡성,2014-07,2종,4754
265,곡성,2014-07,3종,5651
265,곡성,2014-07,4종,2533
265,곡성,2014-07,5종,6189
265,곡성,2014-07,6종,6169
266,석곡,2014-07,1종,47035
266,석곡,2014-07,2종,1271
266,석곡,2014-07,3종,1748
266,석곡,2014-07,4종,774
266,석곡,2014-07,5종,1390
266,석곡,2014-07,6종,1567
267,주암송광사,2014-07,1종,118819
267,주암송광사,2014-07,2종,3382
267,주암송광사,2014-07,3종,3094
267,주암송광사,2014-07,4종,2700
267,주암송광사,2014-07,5종,4358
267,주암송광사,2014-07,6종,3449
268,승주,2014-07,1종,63063
268,승주,2014-07,2종,1046
268,승주,2014-07,3종,1432
268,승주,2014-07,4종,898
268,승주,2014-07,5종,765
268,승주,2014-07,6종,2888
269,지리산,2014-07,1종,68843
269,지리산,2014-07,2종,2004
269,지리산,2014-07,3종,4554
269,지리산,2014-07,4종,1625
269,지리산,2014-07,5종,780
269,지리산,2014-07,6종,2017
270,서순천,2014-07,1종,150207
270,서순천,2014-07,2종,5823
270,서순천,2014-07,3종,10193
270,서순천,2014-07,4종,2257
270,서순천,2014-07,5종,4250
270,서순천,2014-07,6종,5255
271,순천,2014-07,1종,532720
271,순천,2014-07,2종,16074
271,순천,2014-07,3종,16677
271,순천,2014-07,4종,10105
271,순천,2014-07,5종,37304
271,순천,2014-07,6종,18297
272,광양,2014-07,1종,278368
272,광양,2014-07,2종,10265
272,광양,2014-07,3종,22253
272,광양,2014-07,4종,13837
272,광양,2014-07,5종,57173
272,광양,2014-07,6종,9472
273,동광양,2014-07,1종,135012
273,동광양,2014-07,2종,2856
273,동광양,2014-07,3종,3103
273,동광양,2014-07,4종,4631
273,동광양,2014-07,5종,24840
273,동광양,2014-07,6종,6164
274,가조,2014-07,1종,60270
274,가조,2014-07,2종,2501
274,가조,2014-07,3종,3071
274,가조,2014-07,4종,1635
274,가조,2014-07,5종,1344
274,가조,2014-07,6종,3544
275,옥곡,2014-07,1종,162898
275,옥곡,2014-07,2종,5022
275,옥곡,2014-07,3종,7945
275,옥곡,2014-07,4종,8483
275,옥곡,2014-07,5종,38287
275,옥곡,2014-07,6종,6329
276,진월,2014-07,1종,78746
276,진월,2014-07,2종,2626
276,진월,2014-07,3종,1886
276,진월,2014-07,4종,6436
276,진월,2014-07,5종,43231
276,진월,2014-07,6종,2935
277,하동,2014-07,1종,206228
277,하동,2014-07,2종,5505
277,하동,2014-07,3종,7551
277,하동,2014-07,4종,9807
277,하동,2014-07,5종,36676
277,하동,2014-07,6종,9281
278,진교,2014-07,1종,159416
278,진교,2014-07,2종,4077
278,진교,2014-07,3종,13414
278,진교,2014-07,4종,1361
278,진교,2014-07,5종,2888
278,진교,2014-07,6종,9495
279,곤양,2014-07,1종,118617
279,곤양,2014-07,2종,4060
279,곤양,2014-07,3종,5871
279,곤양,2014-07,4종,3184
279,곤양,2014-07,5종,8581
279,곤양,2014-07,6종,5311
280,거창,2014-07,1종,178103
280,거창,2014-07,2종,7904
280,거창,2014-07,3종,15671
280,거창,2014-07,4종,3142
280,거창,2014-07,5종,4193
280,거창,2014-07,6종,8558
281,매송,2014-07,1종,510520
281,매송,2014-07,2종,28699
281,매송,2014-07,3종,24951
281,매송,2014-07,4종,12807
281,매송,2014-07,5종,18428
281,매송,2014-07,6종,27963
282,비봉,2014-07,1종,749611
282,비봉,2014-07,2종,48362
282,비봉,2014-07,3종,31979
282,비봉,2014-07,4종,19864
282,비봉,2014-07,5종,36207
282,비봉,2014-07,6종,46267
283,발안,2014-07,1종,454901
283,발안,2014-07,2종,34080
283,발안,2014-07,3종,21441
283,발안,2014-07,4종,19086
283,발안,2014-07,5종,20993
283,발안,2014-07,6종,28292
284,남양양,2014-07,1종,77418
284,남양양,2014-07,2종,1899
284,남양양,2014-07,3종,2661
284,남양양,2014-07,4종,680
284,남양양,2014-07,5종,1557
284,남양양,2014-07,6종,2918
285,서평택,2014-07,1종,602741
285,서평택,2014-07,2종,47999
285,서평택,2014-07,3종,51648
285,서평택,2014-07,4종,68845
285,서평택,2014-07,5종,125585
285,서평택,2014-07,6종,34127
286,통도사휴게소,2014-07,1종,30701
286,통도사휴게소,2014-07,2종,280
286,통도사휴게소,2014-07,3종,1785
286,통도사휴게소,2014-07,4종,0
286,통도사휴게소,2014-07,5종,0
286,통도사휴게소,2014-07,6종,1407
287,송악,2014-07,1종,460212
287,송악,2014-07,2종,21728
287,송악,2014-07,3종,22040
287,송악,2014-07,4종,26585
287,송악,2014-07,5종,114539
287,송악,2014-07,6종,21380
288,당진,2014-07,1종,419100
288,당진,2014-07,2종,17614
288,당진,2014-07,3종,28167
288,당진,2014-07,4종,17432
288,당진,2014-07,5종,51313
288,당진,2014-07,6종,19474
289,마산,2014-07,1종,826011
289,마산,2014-07,2종,30067
289,마산,2014-07,3종,38515
289,마산,2014-07,4종,15490
289,마산,2014-07,5종,20851
289,마산,2014-07,6종,61057
290,축동,2014-07,1종,47753
290,축동,2014-07,2종,2741
290,축동,2014-07,3종,1685
290,축동,2014-07,4종,3657
290,축동,2014-07,5종,10774
290,축동,2014-07,6종,2733
291,사천,2014-07,1종,676191
291,사천,2014-07,2종,30195
291,사천,2014-07,3종,27456
291,사천,2014-07,4종,15734
291,사천,2014-07,5종,27507
291,사천,2014-07,6종,44497
292,진주,2014-07,1종,673577
292,진주,2014-07,2종,24663
292,진주,2014-07,3종,52069
292,진주,2014-07,4종,14125
292,진주,2014-07,5종,32290
292,진주,2014-07,6종,44375
293,문산,2014-07,1종,298400
293,문산,2014-07,2종,12313
293,문산,2014-07,3종,8370
293,문산,2014-07,4종,6829
293,문산,2014-07,5종,10950
293,문산,2014-07,6종,18733
294,북창원,2014-07,1종,224234
294,북창원,2014-07,2종,8664
294,북창원,2014-07,3종,6264
294,북창원,2014-07,4종,6303
294,북창원,2014-07,5종,5647
294,북창원,2014-07,6종,11484
295,진성,2014-07,1종,129887
295,진성,2014-07,2종,8914
295,진성,2014-07,3종,5528
295,진성,2014-07,4종,5269
295,진성,2014-07,5종,13054
295,진성,2014-07,6종,6606
296,지수,2014-07,1종,51640
296,지수,2014-07,2종,2871
296,지수,2014-07,3종,2166
296,지수,2014-07,4종,1137
296,지수,2014-07,5종,4640
296,지수,2014-07,6종,3477
298,서산,2014-07,1종,550500
298,서산,2014-07,2종,18932
298,서산,2014-07,3종,33377
298,서산,2014-07,4종,25964
298,서산,2014-07,5종,45764
298,서산,2014-07,6종,21658
299,해미,2014-07,1종,137383
299,해미,2014-07,2종,5196
299,해미,2014-07,3종,6084
299,해미,2014-07,4종,5569
299,해미,2014-07,5종,10253
299,해미,2014-07,6종,5501
500,남여주,2014-07,1종,160713
500,남여주,2014-07,2종,7651
500,남여주,2014-07,3종,11201
500,남여주,2014-07,4종,7867
500,남여주,2014-07,5종,13235
500,남여주,2014-07,6종,6406
501,서김제,2014-07,1종,52512
501,서김제,2014-07,2종,2738
501,서김제,2014-07,3종,3695
501,서김제,2014-07,4종,2213
501,서김제,2014-07,5종,3099
501,서김제,2014-07,6종,1340
502,부안,2014-07,1종,105313
502,부안,2014-07,2종,5031
502,부안,2014-07,3종,9511
502,부안,2014-07,4종,3287
502,부안,2014-07,5종,4701
502,부안,2014-07,6종,2955
503,줄포,2014-07,1종,72661
503,줄포,2014-07,2종,2231
503,줄포,2014-07,3종,2730
503,줄포,2014-07,4종,1016
503,줄포,2014-07,5종,1096
503,줄포,2014-07,6종,1826
504,선운산,2014-07,1종,104023
504,선운산,2014-07,2종,4299
504,선운산,2014-07,3종,7857
504,선운산,2014-07,4종,5635
504,선운산,2014-07,5종,5877
504,선운산,2014-07,6종,2833
505,고창,2014-07,1종,87508
505,고창,2014-07,2종,3527
505,고창,2014-07,3종,3939
505,고창,2014-07,4종,1450
505,고창,2014-07,5종,1216
505,고창,2014-07,6종,2417
506,영광,2014-07,1종,76275
506,영광,2014-07,2종,3278
506,영광,2014-07,3종,6501
506,영광,2014-07,4종,2154
506,영광,2014-07,5종,1806
506,영광,2014-07,6종,1968
507,함평,2014-07,1종,56040
507,함평,2014-07,2종,3074
507,함평,2014-07,3종,6090
507,함평,2014-07,4종,2994
507,함평,2014-07,5종,5368
507,함평,2014-07,6종,1572
508,무안,2014-07,1종,180477
508,무안,2014-07,2종,5229
508,무안,2014-07,3종,6199
508,무안,2014-07,4종,3464
508,무안,2014-07,5종,4536
508,무안,2014-07,6종,5545
509,목포,2014-07,1종,719433
509,목포,2014-07,2종,20028
509,목포,2014-07,3종,36234
509,목포,2014-07,4종,21515
509,목포,2014-07,5종,41984
509,목포,2014-07,6종,20583
510,양양,2014-07,1종,94969
510,양양,2014-07,2종,2750
510,양양,2014-07,3종,2818
510,양양,2014-07,4종,1807
510,양양,2014-07,5종,4159
510,양양,2014-07,6종,3610
511,무창포,2014-07,1종,94725
511,무창포,2014-07,2종,2637
511,무창포,2014-07,3종,2473
511,무창포,2014-07,4종,1913
511,무창포,2014-07,5종,5621
511,무창포,2014-07,6종,3096
512,연화산,2014-07,1종,39421
512,연화산,2014-07,2종,1493
512,연화산,2014-07,3종,1092
512,연화산,2014-07,4종,1176
512,연화산,2014-07,5종,2633
512,연화산,2014-07,6종,2627
513,고성,2014-07,1종,335046
513,고성,2014-07,2종,12867
513,고성,2014-07,3종,15949
513,고성,2014-07,4종,9721
513,고성,2014-07,5종,14090
513,고성,2014-07,6종,17709
514,동고성,2014-07,1종,91944
514,동고성,2014-07,2종,4080
514,동고성,2014-07,3종,5555
514,동고성,2014-07,4종,9184
514,동고성,2014-07,5종,12646
514,동고성,2014-07,6종,6955
515,북통영,2014-07,1종,137557
515,북통영,2014-07,2종,3714
515,북통영,2014-07,3종,10320
515,북통영,2014-07,4종,1754
515,북통영,2014-07,5종,1746
515,북통영,2014-07,6종,8153
516,통영,2014-07,1종,550078
516,통영,2014-07,2종,18623
516,통영,2014-07,3종,22936
516,통영,2014-07,4종,18380
516,통영,2014-07,5종,20737
516,통영,2014-07,6종,27427
517,양평,2014-07,1종,170023
517,양평,2014-07,2종,5920
517,양평,2014-07,3종,6088
517,양평,2014-07,4종,4699
517,양평,2014-07,5종,6803
517,양평,2014-07,6종,6545
518,칠곡물류,2014-07,1종,57861
518,칠곡물류,2014-07,2종,13689
518,칠곡물류,2014-07,3종,7257
518,칠곡물류,2014-07,4종,11707
518,칠곡물류,2014-07,5종,13083
518,칠곡물류,2014-07,6종,2810
519,남대구,2014-07,1종,1496072
519,남대구,2014-07,2종,67582
519,남대구,2014-07,3종,69915
519,남대구,2014-07,4종,25069
519,남대구,2014-07,5종,38817
519,남대구,2014-07,6종,78377
520,평택,2014-07,1종,591093
520,평택,2014-07,2종,35513
520,평택,2014-07,3종,45797
520,평택,2014-07,4종,21825
520,평택,2014-07,5종,29437
520,평택,2014-07,6종,34771
521,단양,2014-07,1종,85025
521,단양,2014-07,2종,2178
521,단양,2014-07,3종,3448
521,단양,2014-07,4종,1676
521,단양,2014-07,5종,9126
521,단양,2014-07,6종,3078
522,북단양,2014-07,1종,109414
522,북단양,2014-07,2종,2878
522,북단양,2014-07,3종,3754
522,북단양,2014-07,4종,9107
522,북단양,2014-07,5종,33216
522,북단양,2014-07,6종,3867
523,남제천,2014-07,1종,83384
523,남제천,2014-07,2종,2319
523,남제천,2014-07,3종,4075
523,남제천,2014-07,4종,1559
523,남제천,2014-07,5종,3761
523,남제천,2014-07,6종,2589
524,청통와촌,2014-07,1종,241763
524,청통와촌,2014-07,2종,12041
524,청통와촌,2014-07,3종,7443
524,청통와촌,2014-07,4종,5285
524,청통와촌,2014-07,5종,5287
524,청통와촌,2014-07,6종,10230
525,북영천,2014-07,1종,194756
525,북영천,2014-07,2종,7279
525,북영천,2014-07,3종,6044
525,북영천,2014-07,4종,3728
525,북영천,2014-07,5종,6353
525,북영천,2014-07,6종,6148
526,서포항,2014-07,1종,112587
526,서포항,2014-07,2종,2361
526,서포항,2014-07,3종,2622
526,서포항,2014-07,4종,996
526,서포항,2014-07,5종,3249
526,서포항,2014-07,6종,6596
527,포항,2014-07,1종,779754
527,포항,2014-07,2종,19323
527,포항,2014-07,3종,29833
527,포항,2014-07,4종,10670
527,포항,2014-07,5종,45443
527,포항,2014-07,6종,29969
528,기흥동탄,2014-07,1종,1161568
528,기흥동탄,2014-07,2종,30618
528,기흥동탄,2014-07,3종,75525
528,기흥동탄,2014-07,4종,21922
528,기흥동탄,2014-07,5종,19056
528,기흥동탄,2014-07,6종,69998
529,노포,2014-07,1종,206104
529,노포,2014-07,2종,12969
529,노포,2014-07,3종,40691
529,노포,2014-07,4종,6251
529,노포,2014-07,5종,7943
529,노포,2014-07,6종,10850
530,내장산,2014-07,1종,45626
530,내장산,2014-07,2종,1475
530,내장산,2014-07,3종,985
530,내장산,2014-07,4종,498
530,내장산,2014-07,5종,633
530,내장산,2014-07,6종,1875
531,문의청남대,2014-07,1종,180671
531,문의청남대,2014-07,2종,7439
531,문의청남대,2014-07,3종,8907
531,문의청남대,2014-07,4종,6858
531,문의청남대,2014-07,5종,8419
531,문의청남대,2014-07,6종,7531
532,회인,2014-07,1종,44670
532,회인,2014-07,2종,1274
532,회인,2014-07,3종,1010
532,회인,2014-07,4종,684
532,회인,2014-07,5종,1072
532,회인,2014-07,6종,1946
533,보은,2014-07,1종,121892
533,보은,2014-07,2종,5650
533,보은,2014-07,3종,4151
533,보은,2014-07,4종,2942
533,보은,2014-07,5종,3590
533,보은,2014-07,6종,5494
534,속리산,2014-07,1종,61438
534,속리산,2014-07,2종,2228
534,속리산,2014-07,3종,2648
534,속리산,2014-07,4종,1846
534,속리산,2014-07,5종,2009
534,속리산,2014-07,6종,2333
535,화서,2014-07,1종,62986
535,화서,2014-07,2종,1699
535,화서,2014-07,3종,2485
535,화서,2014-07,4종,1212
535,화서,2014-07,5종,2056
535,화서,2014-07,6종,2394
536,남상주,2014-07,1종,107661
536,남상주,2014-07,2종,5387
536,남상주,2014-07,3종,9471
536,남상주,2014-07,4종,5718
536,남상주,2014-07,5종,4080
536,남상주,2014-07,6종,4071
537,남김천,2014-07,1종,73080
537,남김천,2014-07,2종,5857
537,남김천,2014-07,3종,5870
537,남김천,2014-07,4종,6568
537,남김천,2014-07,5종,12469
537,남김천,2014-07,6종,2646
538,성주,2014-07,1종,82076
538,성주,2014-07,2종,6716
538,성주,2014-07,3종,5950
538,성주,2014-07,4종,5494
538,성주,2014-07,5종,6882
538,성주,2014-07,6종,2764
539,남성주,2014-07,1종,51494
539,남성주,2014-07,2종,7179
539,남성주,2014-07,3종,3643
539,남성주,2014-07,4종,4892
539,남성주,2014-07,5종,5957
539,남성주,2014-07,6종,1792
540,청북,2014-07,1종,413729
540,청북,2014-07,2종,47914
540,청북,2014-07,3종,45467
540,청북,2014-07,4종,37095
540,청북,2014-07,5종,41826
540,청북,2014-07,6종,24556
541,송탄,2014-07,1종,402383
541,송탄,2014-07,2종,38296
541,송탄,2014-07,3종,35407
541,송탄,2014-07,4종,36335
541,송탄,2014-07,5종,27367
541,송탄,2014-07,6종,22467
542,서안성,2014-07,1종,356886
542,서안성,2014-07,2종,34702
542,서안성,2014-07,3종,45158
542,서안성,2014-07,4종,46281
542,서안성,2014-07,5종,30477
542,서안성,2014-07,6종,17280
543,남안성,2014-07,1종,512308
543,남안성,2014-07,2종,51720
543,남안성,2014-07,3종,45560
543,남안성,2014-07,4종,40016
543,남안성,2014-07,5종,38568
543,남안성,2014-07,6종,27980
544,완주,2014-07,1종,155505
544,완주,2014-07,2종,6951
544,완주,2014-07,3종,8342
544,완주,2014-07,4종,7895
544,완주,2014-07,5종,12712
544,완주,2014-07,6종,5144
545,소양,2014-07,1종,154738
545,소양,2014-07,2종,5075
545,소양,2014-07,3종,9424
545,소양,2014-07,4종,2789
545,소양,2014-07,5종,5115
545,소양,2014-07,6종,5088
546,진안,2014-07,1종,57812
546,진안,2014-07,2종,2407
546,진안,2014-07,3종,2498
546,진안,2014-07,4종,1180
546,진안,2014-07,5종,1368
546,진안,2014-07,6종,1933
547,무안공항,2014-07,1종,26349
547,무안공항,2014-07,2종,515
547,무안공항,2014-07,3종,857
547,무안공항,2014-07,4종,222
547,무안공항,2014-07,5종,110
547,무안공항,2014-07,6종,652
548,북무안,2014-07,1종,106034
548,북무안,2014-07,2종,2359
548,북무안,2014-07,3종,3436
548,북무안,2014-07,4종,1837
548,북무안,2014-07,5종,2673
548,북무안,2014-07,6종,2322
549,동함평,2014-07,1종,161319
549,동함평,2014-07,2종,4387
549,동함평,2014-07,3종,4873
549,동함평,2014-07,4종,1687
549,동함평,2014-07,5종,2607
549,동함평,2014-07,6종,6583
550,문평,2014-07,1종,36851
550,문평,2014-07,2종,830
550,문평,2014-07,3종,940
550,문평,2014-07,4종,576
550,문평,2014-07,5종,2822
550,문평,2014-07,6종,1178
551,나주,2014-07,1종,51393
551,나주,2014-07,2종,1652
551,나주,2014-07,3종,1263
551,나주,2014-07,4종,605
551,나주,2014-07,5종,1206
551,나주,2014-07,6종,2427
552,서광산,2014-07,1종,95211
552,서광산,2014-07,2종,5086
552,서광산,2014-07,3종,5744
552,서광산,2014-07,4종,2959
552,서광산,2014-07,5종,6203
552,서광산,2014-07,6종,2892
553,동광산,2014-07,1종,794282
553,동광산,2014-07,2종,17414
553,동광산,2014-07,3종,26783
553,동광산,2014-07,4종,9835
553,동광산,2014-07,5종,21922
553,동광산,2014-07,6종,26349
554,동홍천,2014-07,1종,532311
554,동홍천,2014-07,2종,6302
554,동홍천,2014-07,3종,22051
554,동홍천,2014-07,4종,3791
554,동홍천,2014-07,5종,2996
554,동홍천,2014-07,6종,20558
555,북진천,2014-07,1종,279243
555,북진천,2014-07,2종,33623
555,북진천,2014-07,3종,35008
555,북진천,2014-07,4종,27976
555,북진천,2014-07,5종,29803
555,북진천,2014-07,6종,12929
556,동순천,2014-07,1종,231492
556,동순천,2014-07,2종,6478
556,동순천,2014-07,3종,12327
556,동순천,2014-07,4종,11941
556,동순천,2014-07,5종,40387
556,동순천,2014-07,6종,6928
557,황전,2014-07,1종,72344
557,황전,2014-07,2종,2144
557,황전,2014-07,3종,1563
557,황전,2014-07,4종,938
557,황전,2014-07,5종,3210
557,황전,2014-07,6종,3142
558,구례화엄사,2014-07,1종,96818
558,구례화엄사,2014-07,2종,2688
558,구례화엄사,2014-07,3종,4249
558,구례화엄사,2014-07,4종,2403
558,구례화엄사,2014-07,5종,6019
558,구례화엄사,2014-07,6종,2589
559,서남원,2014-07,1종,45600
559,서남원,2014-07,2종,2974
559,서남원,2014-07,3종,2774
559,서남원,2014-07,4종,2498
559,서남원,2014-07,5종,5137
559,서남원,2014-07,6종,1427
560,감곡,2014-07,1종,355327
560,감곡,2014-07,2종,17212
560,감곡,2014-07,3종,17501
560,감곡,2014-07,4종,22696
560,감곡,2014-07,5종,48008
560,감곡,2014-07,6종,12552
561,북충주,2014-07,1종,167028
561,북충주,2014-07,2종,4794
561,북충주,2014-07,3종,7167
561,북충주,2014-07,4종,8414
561,북충주,2014-07,5종,30224
561,북충주,2014-07,6종,5205
562,충주,2014-07,1종,216945
562,충주,2014-07,2종,9524
562,충주,2014-07,3종,17568
562,충주,2014-07,4종,10959
562,충주,2014-07,5종,11382
562,충주,2014-07,6종,8210
563,괴산,2014-07,1종,76334
563,괴산,2014-07,2종,2472
563,괴산,2014-07,3종,4066
563,괴산,2014-07,4종,3103
563,괴산,2014-07,5종,6466
563,괴산,2014-07,6종,2426
564,연풍,2014-07,1종,52862
564,연풍,2014-07,2종,3456
564,연풍,2014-07,3종,7624
564,연풍,2014-07,4종,5987
564,연풍,2014-07,5종,6931
564,연풍,2014-07,6종,1523
565,문경새재,2014-07,1종,86277
565,문경새재,2014-07,2종,3710
565,문경새재,2014-07,3종,6490
565,문경새재,2014-07,4종,4494
565,문경새재,2014-07,5종,4232
565,문경새재,2014-07,6종,2735
566,점촌함창,2014-07,1종,134994
566,점촌함창,2014-07,2종,5176
566,점촌함창,2014-07,3종,11345
566,점촌함창,2014-07,4종,6368
566,점촌함창,2014-07,5종,6325
566,점촌함창,2014-07,6종,4522
567,남고창,2014-07,1종,108094
567,남고창,2014-07,2종,4170
567,남고창,2014-07,3종,3169
567,남고창,2014-07,4종,2459
567,남고창,2014-07,5종,1530
567,남고창,2014-07,6종,4210
568,장성물류,2014-07,1종,38069
568,장성물류,2014-07,2종,7994
568,장성물류,2014-07,3종,4108
568,장성물류,2014-07,4종,7753
568,장성물류,2014-07,5종,6865
568,장성물류,2014-07,6종,1277
569,북광주,2014-07,1종,296105
569,북광주,2014-07,2종,16802
569,북광주,2014-07,3종,14113
569,북광주,2014-07,4종,17852
569,북광주,2014-07,5종,26873
569,북광주,2014-07,6종,9405
570,북상주,2014-07,1종,113369
570,북상주,2014-07,2종,7443
570,북상주,2014-07,3종,11733
570,북상주,2014-07,4종,11954
570,북상주,2014-07,5종,8934
570,북상주,2014-07,6종,3809
571,면천,2014-07,1종,90627
571,면천,2014-07,2종,3785
571,면천,2014-07,3종,3674
571,면천,2014-07,4종,4159
571,면천,2014-07,5종,5661
571,면천,2014-07,6종,3699
572,고덕,2014-07,1종,119613
572,고덕,2014-07,2종,4444
572,고덕,2014-07,3종,5902
572,고덕,2014-07,4종,3585
572,고덕,2014-07,5종,6780
572,고덕,2014-07,6종,4714
573,예산수덕사,2014-07,1종,294739
573,예산수덕사,2014-07,2종,11114
573,예산수덕사,2014-07,3종,11493
573,예산수덕사,2014-07,4종,9903
573,예산수덕사,2014-07,5종,11648
573,예산수덕사,2014-07,6종,10824
574,신양,2014-07,1종,82641
574,신양,2014-07,2종,3209
574,신양,2014-07,3종,2815
574,신양,2014-07,4종,2827
574,신양,2014-07,5종,3833
574,신양,2014-07,6종,3016
575,유구,2014-07,1종,89069
575,유구,2014-07,2종,4674
575,유구,2014-07,3종,4309
575,유구,2014-07,4종,4642
575,유구,2014-07,5종,7636
575,유구,2014-07,6종,3232
576,마곡사,2014-07,1종,39255
576,마곡사,2014-07,2종,824
576,마곡사,2014-07,3종,1069
576,마곡사,2014-07,4종,715
576,마곡사,2014-07,5종,559
576,마곡사,2014-07,6종,1562
577,공주,2014-07,1종,165302
577,공주,2014-07,2종,5898
577,공주,2014-07,3종,5744
577,공주,2014-07,4종,2542
577,공주,2014-07,5종,4113
577,공주,2014-07,6종,7307
578,서세종,2014-07,1종,196507
578,서세종,2014-07,2종,12137
578,서세종,2014-07,3종,8608
578,서세종,2014-07,4종,6617
578,서세종,2014-07,5종,9004
578,서세종,2014-07,6종,7708
579,남세종,2014-07,1종,328609
579,남세종,2014-07,2종,8107
579,남세종,2014-07,3종,9090
579,남세종,2014-07,4종,4615
579,남세종,2014-07,5종,6747
579,남세종,2014-07,6종,15067
580,북강릉,2014-07,1종,214931
580,북강릉,2014-07,2종,5926
580,북강릉,2014-07,3종,8157
580,북강릉,2014-07,4종,2502
580,북강릉,2014-07,5종,5850
580,북강릉,2014-07,6종,9161
581,옥계,2014-07,1종,67541
581,옥계,2014-07,2종,2426
581,옥계,2014-07,3종,1840
581,옥계,2014-07,4종,3888
581,옥계,2014-07,5종,15732
581,옥계,2014-07,6종,3868
582,망상,2014-07,1종,121968
582,망상,2014-07,2종,3775
582,망상,2014-07,3종,13256
582,망상,2014-07,4종,1340
582,망상,2014-07,5종,2654
582,망상,2014-07,6종,7381
583,동해,2014-07,1종,351186
583,동해,2014-07,2종,10763
583,동해,2014-07,3종,13907
583,동해,2014-07,4종,8816
583,동해,2014-07,5종,25985
583,동해,2014-07,6종,16585
584,남강릉,2014-07,1종,114765
584,남강릉,2014-07,2종,6970
584,남강릉,2014-07,3종,9458
584,남강릉,2014-07,4종,4054
584,남강릉,2014-07,5종,5494
584,남강릉,2014-07,6종,7603
585,하조대,2014-07,1종,172780
585,하조대,2014-07,2종,4626
585,하조대,2014-07,3종,9028
585,하조대,2014-07,4종,2999
585,하조대,2014-07,5종,3853
585,하조대,2014-07,6종,6818
586,북남원,2014-07,1종,22223
586,북남원,2014-07,2종,812
586,북남원,2014-07,3종,712
586,북남원,2014-07,4종,323
586,북남원,2014-07,5종,2270
586,북남원,2014-07,6종,629
587,오수,2014-07,1종,134142
587,오수,2014-07,2종,5185
587,오수,2014-07,3종,7555
587,오수,2014-07,4종,4065
587,오수,2014-07,5종,6641
587,오수,2014-07,6종,4318
588,임실,2014-07,1종,45209
588,임실,2014-07,2종,2175
588,임실,2014-07,3종,2543
588,임실,2014-07,4종,1037
588,임실,2014-07,5종,4161
588,임실,2014-07,6종,1520
589,상관,2014-07,1종,133879
589,상관,2014-07,2종,4438
589,상관,2014-07,3종,7469
589,상관,2014-07,4종,4999
589,상관,2014-07,5종,27872
589,상관,2014-07,6종,3960
590,동전주,2014-07,1종,178263
590,동전주,2014-07,2종,3452
590,동전주,2014-07,3종,3351
590,동전주,2014-07,4종,1941
590,동전주,2014-07,5종,5342
590,동전주,2014-07,6종,6515
591,동서천,2014-07,1종,47475
591,동서천,2014-07,2종,1644
591,동서천,2014-07,3종,2122
591,동서천,2014-07,4종,2058
591,동서천,2014-07,5종,3728
591,동서천,2014-07,6종,1456
592,서부여,2014-07,1종,58214
592,서부여,2014-07,2종,3206
592,서부여,2014-07,3종,2733
592,서부여,2014-07,4종,1777
592,서부여,2014-07,5종,2139
592,서부여,2014-07,6종,2023
593,부여,2014-07,1종,85776
593,부여,2014-07,2종,3001
593,부여,2014-07,3종,3363
593,부여,2014-07,4종,2306
593,부여,2014-07,5종,2954
593,부여,2014-07,6종,3152
594,칠갑산,2014-07,1종,54557
594,칠갑산,2014-07,2종,1704
594,칠갑산,2014-07,3종,2359
594,칠갑산,2014-07,4종,1170
594,칠갑산,2014-07,5종,878
594,칠갑산,2014-07,6종,1891
595,서공주,2014-07,1종,57612
595,서공주,2014-07,2종,3132
595,서공주,2014-07,3종,2400
595,서공주,2014-07,4종,2093
595,서공주,2014-07,5종,3285
595,서공주,2014-07,6종,2305
597,서여주,2014-07,1종,125672
597,서여주,2014-07,2종,6142
597,서여주,2014-07,3종,6381
597,서여주,2014-07,4종,5917
597,서여주,2014-07,5종,6168
597,서여주,2014-07,6종,6265
598,북여주,2014-07,1종,85219
598,북여주,2014-07,2종,2977
598,북여주,2014-07,3종,2528
598,북여주,2014-07,4종,1751
598,북여주,2014-07,5종,3272
598,북여주,2014-07,6종,3599
599,양촌,2014-07,1종,29666
599,양촌,2014-07,2종,596
599,양촌,2014-07,3종,284
599,양촌,2014-07,4종,19
599,양촌,2014-07,5종,7
599,양촌,2014-07,6종,1062
601,남천안,2014-07,1종,390432
601,남천안,2014-07,2종,29056
601,남천안,2014-07,3종,30392
601,남천안,2014-07,4종,30384
601,남천안,2014-07,5종,25980
601,남천안,2014-07,6종,16039
602,풍세상,2014-07,1종,1403787
602,풍세상,2014-07,2종,40784
602,풍세상,2014-07,3종,156744
602,풍세상,2014-07,4종,71255
602,풍세상,2014-07,5종,72923
602,풍세상,2014-07,6종,59984
603,정안,2014-07,1종,240806
603,정안,2014-07,2종,11498
603,정안,2014-07,3종,26964
603,정안,2014-07,4종,14234
603,정안,2014-07,5종,10883
603,정안,2014-07,6종,8613
604,남공주,2014-07,1종,74167
604,남공주,2014-07,2종,3414
604,남공주,2014-07,3종,4196
604,남공주,2014-07,4종,2653
604,남공주,2014-07,5종,4542
604,남공주,2014-07,6종,2658
605,탄천,2014-07,1종,25495
605,탄천,2014-07,2종,1870
605,탄천,2014-07,3종,1386
605,탄천,2014-07,4종,1787
605,탄천,2014-07,5종,1391
605,탄천,2014-07,6종,846
606,서논산,2014-07,1종,133941
606,서논산,2014-07,2종,6849
606,서논산,2014-07,3종,10451
606,서논산,2014-07,4종,8035
606,서논산,2014-07,5종,9015
606,서논산,2014-07,6종,4831
607,연무,2014-07,1종,59117
607,연무,2014-07,2종,2720
607,연무,2014-07,3종,2604
607,연무,2014-07,4종,1558
607,연무,2014-07,5종,2173
607,연무,2014-07,6종,2004
608,남논산하,2014-07,1종,859336
608,남논산하,2014-07,2종,24748
608,남논산하,2014-07,3종,105656
608,남논산하,2014-07,4종,40542
608,남논산하,2014-07,5종,58514
608,남논산하,2014-07,6종,33246
612,풍세하,2014-07,1종,1446546
612,풍세하,2014-07,2종,41500
612,풍세하,2014-07,3종,157476
612,풍세하,2014-07,4종,58950
612,풍세하,2014-07,5종,58228
612,풍세하,2014-07,6종,61522
613,남풍세,2014-07,1종,3145
613,남풍세,2014-07,2종,191
613,남풍세,2014-07,3종,374
613,남풍세,2014-07,4종,271
613,남풍세,2014-07,5종,551
613,남풍세,2014-07,6종,103
618,남논산상,2014-07,1종,820998
618,남논산상,2014-07,2종,24672
618,남논산상,2014-07,3종,104916
618,남논산상,2014-07,4종,44710
618,남논산상,2014-07,5종,67092
618,남논산상,2014-07,6종,31002
621,동대구,2014-07,1종,857187
621,동대구,2014-07,2종,34036
621,동대구,2014-07,3종,41019
621,동대구,2014-07,4종,24025
621,동대구,2014-07,5종,30539
621,동대구,2014-07,6종,42272
622,대구,2014-07,1종,1098981
622,대구,2014-07,2종,47882
622,대구,2014-07,3종,65879
622,대구,2014-07,4종,50795
622,대구,2014-07,5종,95755
622,대구,2014-07,6종,58842
623,수성,2014-07,1종,759592
623,수성,2014-07,2종,20375
623,수성,2014-07,3종,14445
623,수성,2014-07,4종,6964
623,수성,2014-07,5종,8753
623,수성,2014-07,6종,35465
624,청도,2014-07,1종,217612
624,청도,2014-07,2종,8833
624,청도,2014-07,3종,8793
624,청도,2014-07,4종,5651
624,청도,2014-07,5종,10561
624,청도,2014-07,6종,9490
625,밀양,2014-07,1종,333479
625,밀양,2014-07,2종,15339
625,밀양,2014-07,3종,13388
625,밀양,2014-07,4종,10168
625,밀양,2014-07,5종,12737
625,밀양,2014-07,6종,14652
626,남밀양,2014-07,1종,383714
626,남밀양,2014-07,2종,22957
626,남밀양,2014-07,3종,20506
626,남밀양,2014-07,4종,16721
626,남밀양,2014-07,5종,20981
626,남밀양,2014-07,6종,21052
627,삼랑진,2014-07,1종,242810
627,삼랑진,2014-07,2종,10431
627,삼랑진,2014-07,3종,7218
627,삼랑진,2014-07,4종,5943
627,삼랑진,2014-07,5종,11149
627,삼랑진,2014-07,6종,14601
628,상동,2014-07,1종,244815
628,상동,2014-07,2종,25181
628,상동,2014-07,3종,15499
628,상동,2014-07,4종,15985
628,상동,2014-07,5종,23460
628,상동,2014-07,6종,14830
629,김해부산,2014-07,1종,1188478
629,김해부산,2014-07,2종,66686
629,김해부산,2014-07,3종,72972
629,김해부산,2014-07,4종,66442
629,김해부산,2014-07,5종,109092
629,김해부산,2014-07,6종,68080
641,울산,2014-07,1종,1159458
641,울산,2014-07,2종,55116
641,울산,2014-07,3종,73020
641,울산,2014-07,4종,50153
641,울산,2014-07,5종,127288
641,울산,2014-07,6종,56933
642,문수,2014-07,1종,116931
642,문수,2014-07,2종,5260
642,문수,2014-07,3종,5437
642,문수,2014-07,4종,7040
642,문수,2014-07,5종,13667
642,문수,2014-07,6종,6342
643,청량,2014-07,1종,556168
643,청량,2014-07,2종,14578
643,청량,2014-07,3종,15624
643,청량,2014-07,4종,22107
643,청량,2014-07,5종,80219
643,청량,2014-07,6종,34005
644,온양,2014-07,1종,196166
644,온양,2014-07,2종,4474
644,온양,2014-07,3종,2915
644,온양,2014-07,4종,3324
644,온양,2014-07,5종,14432
644,온양,2014-07,6종,12755
645,장안,2014-07,1종,351696
645,장안,2014-07,2종,8008
645,장안,2014-07,3종,6716
645,장안,2014-07,4종,6480
645,장안,2014-07,5종,18457
645,장안,2014-07,6종,23363
646,기장일광,2014-07,1종,269622
646,기장일광,2014-07,2종,3161
646,기장일광,2014-07,3종,2833
646,기장일광,2014-07,4종,1939
646,기장일광,2014-07,5종,4336
646,기장일광,2014-07,6종,15921
647,해운대송정,2014-07,1종,103555
647,해운대송정,2014-07,2종,1186
647,해운대송정,2014-07,3종,759
647,해운대송정,2014-07,4종,693
647,해운대송정,2014-07,5종,1227
647,해운대송정,2014-07,6종,6312
648,해운대,2014-07,1종,800471
648,해운대,2014-07,2종,9898
648,해운대,2014-07,3종,9558
648,해운대,2014-07,4종,7845
648,해운대,2014-07,5종,41929
648,해운대,2014-07,6종,47391
651,남양주,2014-07,1종,1925392
651,남양주,2014-07,2종,42659
651,남양주,2014-07,3종,74633
651,남양주,2014-07,4종,19697
651,남양주,2014-07,5종,22949
651,남양주,2014-07,6종,100415
652,화도,2014-07,1종,1012295
652,화도,2014-07,2종,35098
652,화도,2014-07,3종,37174
652,화도,2014-07,4종,14350
652,화도,2014-07,5종,17143
652,화도,2014-07,6종,71091
653,서종,2014-07,1종,230549
653,서종,2014-07,2종,1929
653,서종,2014-07,3종,1613
653,서종,2014-07,4종,1169
653,서종,2014-07,5종,2460
653,서종,2014-07,6종,13574
654,설악,2014-07,1종,294396
654,설악,2014-07,2종,3844
654,설악,2014-07,3종,6390
654,설악,2014-07,4종,1804
654,설악,2014-07,5종,1632
654,설악,2014-07,6종,14961
655,강촌,2014-07,1종,182506
655,강촌,2014-07,2종,2511
655,강촌,2014-07,3종,6535
655,강촌,2014-07,4종,1563
655,강촌,2014-07,5종,1027
655,강촌,2014-07,6종,7913
656,남춘천,2014-07,1종,209167
656,남춘천,2014-07,2종,3225
656,남춘천,2014-07,3종,11584
656,남춘천,2014-07,4종,2198
656,남춘천,2014-07,5종,3667
656,남춘천,2014-07,6종,10493
657,동산,2014-07,1종,825060
657,동산,2014-07,2종,11648
657,동산,2014-07,3종,33444
657,동산,2014-07,4종,7462
657,동산,2014-07,5종,7342
657,동산,2014-07,6종,41710
658,조양,2014-07,1종,31300
658,조양,2014-07,2종,546
658,조양,2014-07,3종,472
658,조양,2014-07,4종,459
658,조양,2014-07,5종,428
658,조양,2014-07,6종,1364
671,봉담,2014-07,1종,1248434
671,봉담,2014-07,2종,62769
671,봉담,2014-07,3종,43101
671,봉담,2014-07,4종,20751
671,봉담,2014-07,5종,26428
671,봉담,2014-07,6종,100986
672,정남,2014-07,1종,381695
672,정남,2014-07,2종,21581
672,정남,2014-07,3종,11912
672,정남,2014-07,4종,6278
672,정남,2014-07,5종,4686
672,정남,2014-07,6종,32375
673,북오산,2014-07,1종,801185
673,북오산,2014-07,2종,31770
673,북오산,2014-07,3종,26536
673,북오산,2014-07,4종,14716
673,북오산,2014-07,5종,10977
673,북오산,2014-07,6종,60101
674,,2014-07,1종,857463
674,,2014-07,2종,43218
674,,2014-07,3종,58969
674,,2014-07,4종,20707
674,,2014-07,5종,24222
674,,2014-07,6종,61216
675,서오산,2014-07,1종,753731
675,서오산,2014-07,2종,24421
675,서오산,2014-07,3종,19630
675,서오산,2014-07,4종,13845
675,서오산,2014-07,5종,11815
675,서오산,2014-07,6종,54967
676,향남,2014-07,1종,574271
676,향남,2014-07,2종,39532
676,향남,2014-07,3종,26660
676,향남,2014-07,4종,22633
676,향남,2014-07,5종,16242
676,향남,2014-07,6종,45803
677,북평택,2014-07,1종,888650
677,북평택,2014-07,2종,37081
677,북평택,2014-07,3종,46198
677,북평택,2014-07,4종,18605
677,북평택,2014-07,5종,29743
677,북평택,2014-07,6종,56907
681,장안본선,2014-07,1종,971892
681,장안본선,2014-07,2종,81002
681,장안본선,2014-07,3종,127582
681,장안본선,2014-07,4종,94226
681,장안본선,2014-07,5종,166412
681,장안본선,2014-07,6종,55254
682,조암,2014-07,1종,317946
682,조암,2014-07,2종,40176
682,조암,2014-07,3종,31862
682,조암,2014-07,4종,23242
682,조암,2014-07,5종,28055
682,조암,2014-07,6종,19898
683,송산마도,2014-07,1종,546552
683,송산마도,2014-07,2종,37028
683,송산마도,2014-07,3종,25993
683,송산마도,2014-07,4종,20241
683,송산마도,2014-07,5종,40888
683,송산마도,2014-07,6종,31454
684,남안산,2014-07,1종,709071
684,남안산,2014-07,2종,80575
684,남안산,2014-07,3종,62178
684,남안산,2014-07,4종,54224
684,남안산,2014-07,5종,74381
684,남안산,2014-07,6종,52403
685,서시흥,2014-07,1종,1227220
685,서시흥,2014-07,2종,83914
685,서시흥,2014-07,3종,111835
685,서시흥,2014-07,4종,75351
685,서시흥,2014-07,5종,154977
685,서시흥,2014-07,6종,73951
981,서영암,2014-07,1종,203703
981,서영암,2014-07,2종,4665
981,서영암,2014-07,3종,9692
981,서영암,2014-07,4종,6832
981,서영암,2014-07,5종,17034
981,서영암,2014-07,6종,5954
982,강진무위사,2014-07,1종,121682
982,강진무위사,2014-07,2종,3171
982,강진무위사,2014-07,3종,5700
982,강진무위사,2014-07,4종,2799
982,강진무위사,2014-07,5종,4420
982,강진무위사,2014-07,6종,3658
983,장흥,2014-07,1종,98110
983,장흥,2014-07,2종,1695
983,장흥,2014-07,3종,2436
983,장흥,2014-07,4종,950
983,장흥,2014-07,5종,1080
983,장흥,2014-07,6종,2670
984,보성,2014-07,1종,158446
984,보성,2014-07,2종,5229
984,보성,2014-07,3종,5815
984,보성,2014-07,4종,4000
984,보성,2014-07,5종,9726
984,보성,2014-07,6종,4167
985,벌교,2014-07,1종,109824
985,벌교,2014-07,2종,3492
985,벌교,2014-07,3종,3099
985,벌교,2014-07,4종,1634
985,벌교,2014-07,5종,2298
985,벌교,2014-07,6종,2878
986,고흥,2014-07,1종,140611
986,고흥,2014-07,2종,3187
986,고흥,2014-07,3종,4669
986,고흥,2014-07,4종,3264
986,고흥,2014-07,5종,4143
986,고흥,2014-07,6종,4537
987,남순천,2014-07,1종,394292
987,남순천,2014-07,2종,9962
987,남순천,2014-07,3종,16412
987,남순천,2014-07,4종,12985
987,남순천,2014-07,5종,30432
987,남순천,2014-07,6종,11493
11,인천,2014-08,1종,3504398
11,인천,2014-08,2종,111740
11,인천,2014-08,3종,83966
11,인천,2014-08,4종,53709
11,인천,2014-08,5종,100290
11,인천,2014-08,6종,322752
12,서영암(개),2014-08,1종,35866
12,서영암(개),2014-08,2종,631
12,서영암(개),2014-08,3종,591
12,서영암(개),2014-08,4종,207
12,서영암(개),2014-08,5종,342
12,서영암(개),2014-08,6종,2195
13,순천만,2014-08,1종,131887
13,순천만,2014-08,2종,3898
13,순천만,2014-08,3종,3438
13,순천만,2014-08,4종,2176
13,순천만,2014-08,5종,7193
13,순천만,2014-08,6종,6073
53,남인천,2014-08,1종,1688609
53,남인천,2014-08,2종,41765
53,남인천,2014-08,3종,54364
53,남인천,2014-08,4종,18863
53,남인천,2014-08,5종,53206
53,남인천,2014-08,6종,141799
56,일로,2014-08,1종,45165
56,일로,2014-08,2종,1366
56,일로,2014-08,3종,850
56,일로,2014-08,4종,835
56,일로,2014-08,5종,790
56,일로,2014-08,6종,2448
61,성남,2014-08,1종,4147378
61,성남,2014-08,2종,144258
61,성남,2014-08,3종,147440
61,성남,2014-08,4종,79412
61,성남,2014-08,5종,77538
61,성남,2014-08,6종,283329
62,구리남양주,2014-08,1종,5364547
62,구리남양주,2014-08,2종,204365
62,구리남양주,2014-08,3종,183770
62,구리남양주,2014-08,4종,127666
62,구리남양주,2014-08,5종,100632
62,구리남양주,2014-08,6종,393231
63,토평,2014-08,1종,538675
63,토평,2014-08,2종,15939
63,토평,2014-08,3종,8536
63,토평,2014-08,4종,11418
63,토평,2014-08,5종,8739
63,토평,2014-08,6종,42550
64,청계,2014-08,1종,4670243
64,청계,2014-08,2종,144666
64,청계,2014-08,3종,152742
64,청계,2014-08,4종,46730
64,청계,2014-08,5종,78433
64,청계,2014-08,6종,350031
65,판교,2014-08,1종,2881087
65,판교,2014-08,2종,45277
65,판교,2014-08,3종,175390
65,판교,2014-08,4종,16465
65,판교,2014-08,5종,15446
65,판교,2014-08,6종,171615
66,하남,2014-08,1종,937561
66,하남,2014-08,2종,28660
66,하남,2014-08,3종,18351
66,하남,2014-08,4종,8174
66,하남,2014-08,5종,6289
66,하남,2014-08,6종,69310
67,시흥,2014-08,1종,4060054
67,시흥,2014-08,2종,128015
67,시흥,2014-08,3종,112427
67,시흥,2014-08,4종,65731
67,시흥,2014-08,5종,63269
67,시흥,2014-08,6종,308287
68,김포,2014-08,1종,4903170
68,김포,2014-08,2종,178242
68,김포,2014-08,3종,146478
68,김포,2014-08,4종,75998
68,김포,2014-08,5종,102502
68,김포,2014-08,6종,397537
69,대왕판교,2014-08,1종,188688
69,대왕판교,2014-08,2종,1364
69,대왕판교,2014-08,3종,198
69,대왕판교,2014-08,4종,24
69,대왕판교,2014-08,5종,13
69,대왕판교,2014-08,6종,11401
74,덕소삼패,2014-08,1종,322894
74,덕소삼패,2014-08,2종,8225
74,덕소삼패,2014-08,3종,4095
74,덕소삼패,2014-08,4종,7974
74,덕소삼패,2014-08,5종,8257
74,덕소삼패,2014-08,6종,25247
91,대동(개),2014-08,1종,129022
91,대동(개),2014-08,2종,8834
91,대동(개),2014-08,3종,5390
91,대동(개),2014-08,4종,14321
91,대동(개),2014-08,5종,9478
91,대동(개),2014-08,6종,8988
92,내서,2014-08,1종,214613
92,내서,2014-08,2종,7553
92,내서,2014-08,3종,9553
92,내서,2014-08,4종,3315
92,내서,2014-08,5종,6366
92,내서,2014-08,6종,19594
101,서울,2014-08,1종,5701993
101,서울,2014-08,2종,186533
101,서울,2014-08,3종,568913
101,서울,2014-08,4종,88920
101,서울,2014-08,5종,47168
101,서울,2014-08,6종,262354
102,동수원,2014-08,1종,2146921
102,동수원,2014-08,2종,40027
102,동수원,2014-08,3종,85905
102,동수원,2014-08,4종,17703
102,동수원,2014-08,5종,14733
102,동수원,2014-08,6종,133664
103,수원신갈,2014-08,1종,2480342
103,수원신갈,2014-08,2종,94286
103,수원신갈,2014-08,3종,155663
103,수원신갈,2014-08,4종,45794
103,수원신갈,2014-08,5종,24973
103,수원신갈,2014-08,6종,134637
104,지곡,2014-08,1종,64216
104,지곡,2014-08,2종,1543
104,지곡,2014-08,3종,2274
104,지곡,2014-08,4종,1693
104,지곡,2014-08,5종,1612
104,지곡,2014-08,6종,2137
105,기흥,2014-08,1종,418258
105,기흥,2014-08,2종,23589
105,기흥,2014-08,3종,14584
105,기흥,2014-08,4종,12536
105,기흥,2014-08,5종,11813
105,기흥,2014-08,6종,21902
106,오산,2014-08,1종,1162125
106,오산,2014-08,2종,91631
106,오산,2014-08,3종,100729
106,오산,2014-08,4종,46536
106,오산,2014-08,5종,28677
106,오산,2014-08,6종,72872
107,안성,2014-08,1종,831963
107,안성,2014-08,2종,31219
107,안성,2014-08,3종,50956
107,안성,2014-08,4종,15476
107,안성,2014-08,5종,10849
107,안성,2014-08,6종,52366
108,천안,2014-08,1종,1453478
108,천안,2014-08,2종,44566
108,천안,2014-08,3종,98126
108,천안,2014-08,4종,35238
108,천안,2014-08,5종,29840
108,천안,2014-08,6종,72179
109,계룡,2014-08,1종,138356
109,계룡,2014-08,2종,9523
109,계룡,2014-08,3종,11258
109,계룡,2014-08,4종,8376
109,계룡,2014-08,5종,4212
109,계룡,2014-08,6종,8188
110,독립기념관,2014-08,1종,382415
110,독립기념관,2014-08,2종,18254
110,독립기념관,2014-08,3종,20891
110,독립기념관,2014-08,4종,19750
110,독립기념관,2014-08,5종,13743
110,독립기념관,2014-08,6종,15968
111,청주,2014-08,1종,497055
111,청주,2014-08,2종,19834
111,청주,2014-08,3종,49527
111,청주,2014-08,4종,14867
111,청주,2014-08,5종,16828
111,청주,2014-08,6종,24108
112,남청주,2014-08,1종,525061
112,남청주,2014-08,2종,40715
112,남청주,2014-08,3종,39822
112,남청주,2014-08,4종,44131
112,남청주,2014-08,5종,35573
112,남청주,2014-08,6종,23137
113,신탄진,2014-08,1종,787615
113,신탄진,2014-08,2종,42454
113,신탄진,2014-08,3종,32461
113,신탄진,2014-08,4종,55348
113,신탄진,2014-08,5종,47214
113,신탄진,2014-08,6종,40943
114,남대전,2014-08,1종,342003
114,남대전,2014-08,2종,11995
114,남대전,2014-08,3종,10752
114,남대전,2014-08,4종,5596
114,남대전,2014-08,5종,7183
114,남대전,2014-08,6종,16306
115,대전,2014-08,1종,1420018
115,대전,2014-08,2종,38841
115,대전,2014-08,3종,80340
115,대전,2014-08,4종,15129
115,대전,2014-08,5종,13718
115,대전,2014-08,6종,72749
116,옥천,2014-08,1종,422854
116,옥천,2014-08,2종,20754
116,옥천,2014-08,3종,17691
116,옥천,2014-08,4종,33146
116,옥천,2014-08,5종,19033
116,옥천,2014-08,6종,22326
117,금강,2014-08,1종,56375
117,금강,2014-08,2종,1756
117,금강,2014-08,3종,1157
117,금강,2014-08,4종,3252
117,금강,2014-08,5종,1016
117,금강,2014-08,6종,2783
118,영동,2014-08,1종,106378
118,영동,2014-08,2종,4745
118,영동,2014-08,3종,4514
118,영동,2014-08,4종,2665
118,영동,2014-08,5종,4884
118,영동,2014-08,6종,4613
119,판암,2014-08,1종,511223
119,판암,2014-08,2종,14877
119,판암,2014-08,3종,9778
119,판암,2014-08,4종,6327
119,판암,2014-08,5종,5849
119,판암,2014-08,6종,28501
120,황간,2014-08,1종,124784
120,황간,2014-08,2종,3278
120,황간,2014-08,3종,4994
120,황간,2014-08,4종,4818
120,황간,2014-08,5종,4830
120,황간,2014-08,6종,4253
121,추풍령,2014-08,1종,53212
121,추풍령,2014-08,2종,1945
121,추풍령,2014-08,3종,2601
121,추풍령,2014-08,4종,1613
121,추풍령,2014-08,5종,1758
121,추풍령,2014-08,6종,2374
122,김천,2014-08,1종,252865
122,김천,2014-08,2종,7806
122,김천,2014-08,3종,11011
122,김천,2014-08,4종,10086
122,김천,2014-08,5종,7536
122,김천,2014-08,6종,11160
123,구미,2014-08,1종,824067
123,구미,2014-08,2종,19001
123,구미,2014-08,3종,34012
123,구미,2014-08,4종,17895
123,구미,2014-08,5종,16591
123,구미,2014-08,6종,41143
124,상주,2014-08,1종,146681
124,상주,2014-08,2종,6192
124,상주,2014-08,3종,6266
124,상주,2014-08,4종,6639
124,상주,2014-08,5종,6903
124,상주,2014-08,6종,4766
125,남구미,2014-08,1종,547040
125,남구미,2014-08,2종,20321
125,남구미,2014-08,3종,29995
125,남구미,2014-08,4종,21059
125,남구미,2014-08,5종,38409
125,남구미,2014-08,6종,30722
126,왜관,2014-08,1종,632593
126,왜관,2014-08,2종,43452
126,왜관,2014-08,3종,29420
126,왜관,2014-08,4종,22713
126,왜관,2014-08,5종,29588
126,왜관,2014-08,6종,29449
127,서대구,2014-08,1종,2002158
127,서대구,2014-08,2종,85553
127,서대구,2014-08,3종,94864
127,서대구,2014-08,4종,48410
127,서대구,2014-08,5종,54430
127,서대구,2014-08,6종,87262
128,금왕꽃동네,2014-08,1종,88373
128,금왕꽃동네,2014-08,2종,8382
128,금왕꽃동네,2014-08,3종,9067
128,금왕꽃동네,2014-08,4종,7265
128,금왕꽃동네,2014-08,5종,7588
128,금왕꽃동네,2014-08,6종,3753
129,북대구,2014-08,1종,1855870
129,북대구,2014-08,2종,58077
129,북대구,2014-08,3종,49612
129,북대구,2014-08,4종,23084
129,북대구,2014-08,5종,24156
129,북대구,2014-08,6종,79834
130,동김천,2014-08,1종,142197
130,동김천,2014-08,2종,5823
130,동김천,2014-08,3종,8801
130,동김천,2014-08,4종,7816
130,동김천,2014-08,5종,14450
130,동김천,2014-08,6종,5346
131,경산,2014-08,1종,819504
131,경산,2014-08,2종,71292
131,경산,2014-08,3종,49537
131,경산,2014-08,4종,43263
131,경산,2014-08,5종,34476
131,경산,2014-08,6종,43021
132,영천,2014-08,1종,450021
132,영천,2014-08,2종,23181
132,영천,2014-08,3종,26690
132,영천,2014-08,4종,21711
132,영천,2014-08,5종,39619
132,영천,2014-08,6종,16944
133,서경주,2014-08,1종,214965
133,서경주,2014-08,2종,8439
133,서경주,2014-08,3종,13142
133,서경주,2014-08,4종,9313
133,서경주,2014-08,5종,24682
133,서경주,2014-08,6종,7193
134,선산,2014-08,1종,103038
134,선산,2014-08,2종,4519
134,선산,2014-08,3종,4631
134,선산,2014-08,4종,5838
134,선산,2014-08,5종,5746
134,선산,2014-08,6종,3558
135,경주,2014-08,1종,1156011
135,경주,2014-08,2종,36257
135,경주,2014-08,3종,65169
135,경주,2014-08,4종,35515
135,경주,2014-08,5종,81658
135,경주,2014-08,6종,43281
136,음성,2014-08,1종,152207
136,음성,2014-08,2종,6026
136,음성,2014-08,3종,9509
136,음성,2014-08,4종,6247
136,음성,2014-08,5종,6156
136,음성,2014-08,6종,5552
137,통도사,2014-08,1종,304534
137,통도사,2014-08,2종,14693
137,통도사,2014-08,3종,14454
137,통도사,2014-08,4종,10600
137,통도사,2014-08,5종,15030
137,통도사,2014-08,6종,15397
138,양산,2014-08,1종,684146
138,양산,2014-08,2종,66017
138,양산,2014-08,3종,40408
138,양산,2014-08,4종,41932
138,양산,2014-08,5종,48162
138,양산,2014-08,6종,36984
139,서울산,2014-08,1종,537642
139,서울산,2014-08,2종,24075
139,서울산,2014-08,3종,28425
139,서울산,2014-08,4종,12355
139,서울산,2014-08,5종,21552
139,서울산,2014-08,6종,26166
140,부산,2014-08,1종,1714857
140,부산,2014-08,2종,59179
140,부산,2014-08,3종,45693
140,부산,2014-08,4종,31070
140,부산,2014-08,5종,51664
140,부산,2014-08,6종,92639
142,군북,2014-08,1종,377535
142,군북,2014-08,2종,12595
142,군북,2014-08,3종,13477
142,군북,2014-08,4종,9505
142,군북,2014-08,5종,15379
142,군북,2014-08,6종,21575
143,장지,2014-08,1종,111866
143,장지,2014-08,2종,5349
143,장지,2014-08,3종,4769
143,장지,2014-08,4종,3627
143,장지,2014-08,5종,14066
143,장지,2014-08,6종,6923
144,함안,2014-08,1종,259174
144,함안,2014-08,2종,11034
144,함안,2014-08,3종,9930
144,함안,2014-08,4종,7543
144,함안,2014-08,5종,15008
144,함안,2014-08,6종,16077
145,산인,2014-08,1종,866287
145,산인,2014-08,2종,18881
145,산인,2014-08,3종,34116
145,산인,2014-08,4종,12576
145,산인,2014-08,5종,19236
145,산인,2014-08,6종,45929
146,동창원,2014-08,1종,573162
146,동창원,2014-08,2종,26359
146,동창원,2014-08,3종,20050
146,동창원,2014-08,4종,16443
146,동창원,2014-08,5종,24344
146,동창원,2014-08,6종,36636
147,진례,2014-08,1종,419268
147,진례,2014-08,2종,30249
147,진례,2014-08,3종,17737
147,진례,2014-08,4종,14794
147,진례,2014-08,5종,41549
147,진례,2014-08,6종,26925
148,서김해,2014-08,1종,657898
148,서김해,2014-08,2종,21013
148,서김해,2014-08,3종,15300
148,서김해,2014-08,4종,10112
148,서김해,2014-08,5종,15636
148,서김해,2014-08,6종,42864
149,동김해,2014-08,1종,1093044
149,동김해,2014-08,2종,32977
149,동김해,2014-08,3종,23871
149,동김해,2014-08,4종,11207
149,동김해,2014-08,5종,11967
149,동김해,2014-08,6종,81517
150,북부산,2014-08,1종,2435202
150,북부산,2014-08,2종,62445
150,북부산,2014-08,3종,63240
150,북부산,2014-08,4종,37481
150,북부산,2014-08,5종,82404
150,북부산,2014-08,6종,148686
151,북대전,2014-08,1종,711620
151,북대전,2014-08,2종,16892
151,북대전,2014-08,3종,30817
151,북대전,2014-08,4종,17881
151,북대전,2014-08,5종,15686
151,북대전,2014-08,6종,38529
152,유성,2014-08,1종,1113903
152,유성,2014-08,2종,23614
152,유성,2014-08,3종,37110
152,유성,2014-08,4종,16603
152,유성,2014-08,5종,11856
152,유성,2014-08,6종,49756
153,서대전,2014-08,1종,729332
153,서대전,2014-08,2종,20263
153,서대전,2014-08,3종,17736
153,서대전,2014-08,4종,16349
153,서대전,2014-08,5종,12678
153,서대전,2014-08,6종,39481
154,안영,2014-08,1종,483086
154,안영,2014-08,2종,15527
154,안영,2014-08,3종,10157
154,안영,2014-08,4종,7550
154,안영,2014-08,5종,9358
154,안영,2014-08,6종,24059
155,논산,2014-08,1종,225270
155,논산,2014-08,2종,16522
155,논산,2014-08,3종,15895
155,논산,2014-08,4종,11614
155,논산,2014-08,5종,11527
155,논산,2014-08,6종,9265
156,익산,2014-08,1종,311541
156,익산,2014-08,2종,20516
156,익산,2014-08,3종,27237
156,익산,2014-08,4종,17711
156,익산,2014-08,5종,24752
156,익산,2014-08,6종,9798
157,삼례,2014-08,1종,128630
157,삼례,2014-08,2종,6718
157,삼례,2014-08,3종,7313
157,삼례,2014-08,4종,5156
157,삼례,2014-08,5종,8747
157,삼례,2014-08,6종,3843
158,전주,2014-08,1종,513359
158,전주,2014-08,2종,19490
158,전주,2014-08,3종,51164
158,전주,2014-08,4종,19149
158,전주,2014-08,5종,36872
158,전주,2014-08,6종,15381
159,서전주,2014-08,1종,305970
159,서전주,2014-08,2종,12628
159,서전주,2014-08,3종,12246
159,서전주,2014-08,4종,7186
159,서전주,2014-08,5종,7162
159,서전주,2014-08,6종,8953
160,김제,2014-08,1종,134060
160,김제,2014-08,2종,6840
160,김제,2014-08,3종,8305
160,김제,2014-08,4종,3563
160,김제,2014-08,5종,4223
160,김제,2014-08,6종,4198
161,금산사,2014-08,1종,38530
161,금산사,2014-08,2종,1990
161,금산사,2014-08,3종,1742
161,금산사,2014-08,4종,441
161,금산사,2014-08,5종,1723
161,금산사,2014-08,6종,1094
162,태인,2014-08,1종,95574
162,태인,2014-08,2종,5752
162,태인,2014-08,3종,8836
162,태인,2014-08,4종,4436
162,태인,2014-08,5종,5202
162,태인,2014-08,6종,2784
163,정읍,2014-08,1종,271360
163,정읍,2014-08,2종,15192
163,정읍,2014-08,3종,20867
163,정읍,2014-08,4종,9581
163,정읍,2014-08,5종,9040
163,정읍,2014-08,6종,8277
164,무주,2014-08,1종,237837
164,무주,2014-08,2종,4387
164,무주,2014-08,3종,5855
164,무주,2014-08,4종,2665
164,무주,2014-08,5종,2304
164,무주,2014-08,6종,7477
165,백양사,2014-08,1종,91242
165,백양사,2014-08,2종,1814
165,백양사,2014-08,3종,3402
165,백양사,2014-08,4종,1296
165,백양사,2014-08,5종,848
165,백양사,2014-08,6종,2489
166,장성,2014-08,1종,160719
166,장성,2014-08,2종,11483
166,장성,2014-08,3종,15931
166,장성,2014-08,4종,10256
166,장성,2014-08,5종,10809
166,장성,2014-08,6종,5480
167,광주,2014-08,1종,1110231
167,광주,2014-08,2종,37964
167,광주,2014-08,3종,78991
167,광주,2014-08,4종,42092
167,광주,2014-08,5종,27492
167,광주,2014-08,6종,33047
168,덕유산,2014-08,1종,102880
168,덕유산,2014-08,2종,1718
168,덕유산,2014-08,3종,1665
168,덕유산,2014-08,4종,726
168,덕유산,2014-08,5종,1296
168,덕유산,2014-08,6종,2500
169,장수,2014-08,1종,159028
169,장수,2014-08,2종,4413
169,장수,2014-08,3종,5304
169,장수,2014-08,4종,2361
169,장수,2014-08,5종,2374
169,장수,2014-08,6종,4344
170,서상,2014-08,1종,72100
170,서상,2014-08,2종,2654
170,서상,2014-08,3종,4886
170,서상,2014-08,4종,3242
170,서상,2014-08,5종,2422
170,서상,2014-08,6종,2346
171,마성,2014-08,1종,451403
171,마성,2014-08,2종,6141
171,마성,2014-08,3종,22647
171,마성,2014-08,4종,1314
171,마성,2014-08,5종,1452
171,마성,2014-08,6종,23950
172,용인,2014-08,1종,886443
172,용인,2014-08,2종,58863
172,용인,2014-08,3종,31815
172,용인,2014-08,4종,19057
172,용인,2014-08,5종,13923
172,용인,2014-08,6종,59654
173,양지,2014-08,1종,885819
173,양지,2014-08,2종,83439
173,양지,2014-08,3종,61671
173,양지,2014-08,4종,51775
173,양지,2014-08,5종,38274
173,양지,2014-08,6종,47501
174,춘천,2014-08,1종,839299
174,춘천,2014-08,2종,19018
174,춘천,2014-08,3종,26091
174,춘천,2014-08,4종,9131
174,춘천,2014-08,5종,6122
174,춘천,2014-08,6종,48446
175,덕평,2014-08,1종,313126
175,덕평,2014-08,2종,41048
175,덕평,2014-08,3종,23688
175,덕평,2014-08,4종,19873
175,덕평,2014-08,5종,10455
175,덕평,2014-08,6종,18333
176,이천,2014-08,1종,643572
176,이천,2014-08,2종,39916
176,이천,2014-08,3종,45722
176,이천,2014-08,4종,43338
176,이천,2014-08,5종,33687
176,이천,2014-08,6종,30239
177,여주,2014-08,1종,424759
177,여주,2014-08,2종,16641
177,여주,2014-08,3종,36289
177,여주,2014-08,4종,22356
177,여주,2014-08,5종,9893
177,여주,2014-08,6종,16690
178,문막,2014-08,1종,428432
178,문막,2014-08,2종,20860
178,문막,2014-08,3종,35583
178,문막,2014-08,4종,13001
178,문막,2014-08,5종,13537
178,문막,2014-08,6종,17865
179,홍천,2014-08,1종,380850
179,홍천,2014-08,2종,9691
179,홍천,2014-08,3종,15866
179,홍천,2014-08,4종,7790
179,홍천,2014-08,5종,5687
179,홍천,2014-08,6종,23024
180,원주,2014-08,1종,286297
180,원주,2014-08,2종,14353
180,원주,2014-08,3종,16071
180,원주,2014-08,4종,8521
180,원주,2014-08,5종,8142
180,원주,2014-08,6종,13507
181,새말,2014-08,1종,312647
181,새말,2014-08,2종,8144
181,새말,2014-08,3종,12624
181,새말,2014-08,4종,4837
181,새말,2014-08,5종,4618
181,새말,2014-08,6종,10890
182,둔내,2014-08,1종,192719
182,둔내,2014-08,2종,4346
182,둔내,2014-08,3종,6744
182,둔내,2014-08,4종,2972
182,둔내,2014-08,5종,1152
182,둔내,2014-08,6종,6503
183,면온,2014-08,1종,181837
183,면온,2014-08,2종,2426
183,면온,2014-08,3종,5833
183,면온,2014-08,4종,1984
183,면온,2014-08,5종,1755
183,면온,2014-08,6종,5271
184,대관령,2014-08,1종,379472
184,대관령,2014-08,2종,6573
184,대관령,2014-08,3종,18522
184,대관령,2014-08,4종,3925
184,대관령,2014-08,5종,2370
184,대관령,2014-08,6종,12906
185,평창,2014-08,1종,244662
185,평창,2014-08,2종,6408
185,평창,2014-08,3종,16885
185,평창,2014-08,4종,3885
185,평창,2014-08,5종,2648
185,평창,2014-08,6종,8697
186,속사,2014-08,1종,72493
186,속사,2014-08,2종,2008
186,속사,2014-08,3종,3242
186,속사,2014-08,4종,2424
186,속사,2014-08,5종,790
186,속사,2014-08,6종,2147
187,진부,2014-08,1종,226617
187,진부,2014-08,2종,5808
187,진부,2014-08,3종,14180
187,진부,2014-08,4종,5818
187,진부,2014-08,5종,2556
187,진부,2014-08,6종,7909
188,서충주,2014-08,1종,118424
188,서충주,2014-08,2종,5374
188,서충주,2014-08,3종,8072
188,서충주,2014-08,4종,6467
188,서충주,2014-08,5종,7921
188,서충주,2014-08,6종,4686
189,강릉,2014-08,1종,653759
189,강릉,2014-08,2종,14061
189,강릉,2014-08,3종,42129
189,강릉,2014-08,4종,9526
189,강릉,2014-08,5종,9379
189,강릉,2014-08,6종,29723
190,동서울,2014-08,1종,3716518
190,동서울,2014-08,2종,183412
190,동서울,2014-08,3종,215543
190,동서울,2014-08,4종,105761
190,동서울,2014-08,5종,58100
190,동서울,2014-08,6종,165043
191,경기광주,2014-08,1종,802200
191,경기광주,2014-08,2종,43348
191,경기광주,2014-08,3종,34550
191,경기광주,2014-08,4종,11575
191,경기광주,2014-08,5종,4667
191,경기광주,2014-08,6종,53034
192,곤지암,2014-08,1종,825876
192,곤지암,2014-08,2종,67000
192,곤지암,2014-08,3종,45229
192,곤지암,2014-08,4종,35541
192,곤지암,2014-08,5종,18304
192,곤지암,2014-08,6종,44098
193,일죽,2014-08,1종,515664
193,일죽,2014-08,2종,34230
193,일죽,2014-08,3종,37254
193,일죽,2014-08,4종,30163
193,일죽,2014-08,5종,15605
193,일죽,2014-08,6종,19520
194,서이천,2014-08,1종,545351
194,서이천,2014-08,2종,62550
194,서이천,2014-08,3종,52103
194,서이천,2014-08,4종,35490
194,서이천,2014-08,5종,13710
194,서이천,2014-08,6종,30757
195,대소,2014-08,1종,298218
195,대소,2014-08,2종,41877
195,대소,2014-08,3종,39190
195,대소,2014-08,4종,30744
195,대소,2014-08,5종,19794
195,대소,2014-08,6종,13479
196,진천,2014-08,1종,265661
196,진천,2014-08,2종,16521
196,진천,2014-08,3종,19436
196,진천,2014-08,4종,17096
196,진천,2014-08,5종,15991
196,진천,2014-08,6종,10939
197,증평,2014-08,1종,431191
197,증평,2014-08,2종,21307
197,증평,2014-08,3종,25114
197,증평,2014-08,4종,16907
197,증평,2014-08,5종,16741
197,증평,2014-08,6종,17305
198,서청주,2014-08,1종,826350
198,서청주,2014-08,2종,33051
198,서청주,2014-08,3종,42005
198,서청주,2014-08,4종,28374
198,서청주,2014-08,5종,20446
198,서청주,2014-08,6종,40552
199,오창,2014-08,1종,526450
199,오창,2014-08,2종,20798
199,오창,2014-08,3종,30465
199,오창,2014-08,4종,18014
199,오창,2014-08,5종,16013
199,오창,2014-08,6종,25742
200,금산,2014-08,1종,198638
200,금산,2014-08,2종,3990
200,금산,2014-08,3종,6735
200,금산,2014-08,4종,4667
200,금산,2014-08,5종,6640
200,금산,2014-08,6종,7722
201,칠곡,2014-08,1종,641137
201,칠곡,2014-08,2종,23378
201,칠곡,2014-08,3종,19968
201,칠곡,2014-08,4종,9562
201,칠곡,2014-08,5종,11444
201,칠곡,2014-08,6종,31192
202,다부,2014-08,1종,126284
202,다부,2014-08,2종,7126
202,다부,2014-08,3종,4904
202,다부,2014-08,4종,2459
202,다부,2014-08,5종,5733
202,다부,2014-08,6종,4829
203,가산,2014-08,1종,553271
203,가산,2014-08,2종,20104
203,가산,2014-08,3종,19573
203,가산,2014-08,4종,12736
203,가산,2014-08,5종,29247
203,가산,2014-08,6종,22619
204,추부,2014-08,1종,212529
204,추부,2014-08,2종,8231
204,추부,2014-08,3종,9076
204,추부,2014-08,4종,5389
204,추부,2014-08,5종,4414
204,추부,2014-08,6종,10694
205,군위,2014-08,1종,165702
205,군위,2014-08,2종,5544
205,군위,2014-08,3종,4067
205,군위,2014-08,4종,2806
205,군위,2014-08,5종,9919
205,군위,2014-08,6종,6870
206,의성,2014-08,1종,194873
206,의성,2014-08,2종,4614
206,의성,2014-08,3종,3806
206,의성,2014-08,4종,1673
206,의성,2014-08,5종,2963
206,의성,2014-08,6종,6322
207,남안동,2014-08,1종,321846
207,남안동,2014-08,2종,8829
207,남안동,2014-08,3종,6377
207,남안동,2014-08,4종,4403
207,남안동,2014-08,5종,6189
207,남안동,2014-08,6종,10866
208,서안동,2014-08,1종,242400
208,서안동,2014-08,2종,8115
208,서안동,2014-08,3종,15490
208,서안동,2014-08,4종,3844
208,서안동,2014-08,5종,5560
208,서안동,2014-08,6종,7609
209,예천,2014-08,1종,37026
209,예천,2014-08,2종,586
209,예천,2014-08,3종,437
209,예천,2014-08,4종,297
209,예천,2014-08,5종,595
209,예천,2014-08,6종,1121
210,영주,2014-08,1종,173695
210,영주,2014-08,2종,5127
210,영주,2014-08,3종,7695
210,영주,2014-08,4종,4229
210,영주,2014-08,5종,9737
210,영주,2014-08,6종,5428
211,풍기,2014-08,1종,268478
211,풍기,2014-08,2종,6151
211,풍기,2014-08,3종,13642
211,풍기,2014-08,4종,4445
211,풍기,2014-08,5종,6348
211,풍기,2014-08,6종,8707
212,북수원,2014-08,1종,1345566
212,북수원,2014-08,2종,40550
212,북수원,2014-08,3종,53733
212,북수원,2014-08,4종,25350
212,북수원,2014-08,5종,14908
212,북수원,2014-08,6종,78959
213,부곡,2014-08,1종,378247
213,부곡,2014-08,2종,10847
213,부곡,2014-08,3종,7857
213,부곡,2014-08,4종,14419
213,부곡,2014-08,5종,63655
213,부곡,2014-08,6종,25679
214,동군포,2014-08,1종,219659
214,동군포,2014-08,2종,22630
214,동군포,2014-08,3종,14681
214,동군포,2014-08,4종,33085
214,동군포,2014-08,5종,16539
214,동군포,2014-08,6종,15477
215,군포,2014-08,1종,1024205
215,군포,2014-08,2종,47631
215,군포,2014-08,3종,39412
215,군포,2014-08,4종,18109
215,군포,2014-08,5종,25412
215,군포,2014-08,6종,76419
216,횡성,2014-08,1종,253762
216,횡성,2014-08,2종,6777
216,횡성,2014-08,3종,9591
216,횡성,2014-08,4종,4335
216,횡성,2014-08,5종,4651
216,횡성,2014-08,6종,11084
217,북원주,2014-08,1종,83422
217,북원주,2014-08,2종,5805
217,북원주,2014-08,3종,4225
217,북원주,2014-08,4종,2207
217,북원주,2014-08,5종,2282
217,북원주,2014-08,6종,5143
218,남원주,2014-08,1종,600451
218,남원주,2014-08,2종,15865
218,남원주,2014-08,3종,28198
218,남원주,2014-08,4종,7987
218,남원주,2014-08,5종,7640
218,남원주,2014-08,6종,29339
219,신림,2014-08,1종,178180
219,신림,2014-08,2종,3381
219,신림,2014-08,3종,4188
219,신림,2014-08,4종,2961
219,신림,2014-08,5종,5190
219,신림,2014-08,6종,6164
220,덕평휴게소,2014-08,1종,5115
220,덕평휴게소,2014-08,2종,156
220,덕평휴게소,2014-08,3종,27
220,덕평휴게소,2014-08,4종,0
220,덕평휴게소,2014-08,5종,0
220,덕평휴게소,2014-08,6종,438
221,생초,2014-08,1종,96882
221,생초,2014-08,2종,2563
221,생초,2014-08,3종,3265
221,생초,2014-08,4종,1868
221,생초,2014-08,5종,4892
221,생초,2014-08,6종,3264
222,산청,2014-08,1종,96531
222,산청,2014-08,2종,1918
222,산청,2014-08,3종,3163
222,산청,2014-08,4종,1182
222,산청,2014-08,5종,1420
222,산청,2014-08,6종,3508
223,단성,2014-08,1종,182925
223,단성,2014-08,2종,2641
223,단성,2014-08,3종,6145
223,단성,2014-08,4종,2910
223,단성,2014-08,5종,3162
223,단성,2014-08,6종,6140
224,함양,2014-08,1종,145326
224,함양,2014-08,2종,3572
224,함양,2014-08,3종,7864
224,함양,2014-08,4종,1554
224,함양,2014-08,5종,2048
224,함양,2014-08,6종,5895
225,서진주,2014-08,1종,344826
225,서진주,2014-08,2종,7803
225,서진주,2014-08,3종,5347
225,서진주,2014-08,4종,2796
225,서진주,2014-08,5종,3457
225,서진주,2014-08,6종,19381
227,군산,2014-08,1종,334578
227,군산,2014-08,2종,8729
227,군산,2014-08,3종,16630
227,군산,2014-08,4종,13024
227,군산,2014-08,5종,31294
227,군산,2014-08,6종,9669
228,동군산,2014-08,1종,299982
228,동군산,2014-08,2종,9460
228,동군산,2014-08,3종,13571
228,동군산,2014-08,4종,8109
228,동군산,2014-08,5종,19345
228,동군산,2014-08,6종,8407
229,북천안,2014-08,1종,354076
229,북천안,2014-08,2종,26577
229,북천안,2014-08,3종,32352
229,북천안,2014-08,4종,36379
229,북천안,2014-08,5종,37384
229,북천안,2014-08,6종,19333
230,팔공산,2014-08,1종,677157
230,팔공산,2014-08,2종,22555
230,팔공산,2014-08,3종,12108
230,팔공산,2014-08,4종,7418
230,팔공산,2014-08,5종,9233
230,팔공산,2014-08,6종,31404
231,화원옥포,2014-08,1종,669096
231,화원옥포,2014-08,2종,33376
231,화원옥포,2014-08,3종,21285
231,화원옥포,2014-08,4종,9512
231,화원옥포,2014-08,5종,12857
231,화원옥포,2014-08,6종,34179
232,달성,2014-08,1종,409016
232,달성,2014-08,2종,20419
232,달성,2014-08,3종,21769
232,달성,2014-08,4종,6303
232,달성,2014-08,5종,7363
232,달성,2014-08,6종,26591
233,현풍,2014-08,1종,498347
233,현풍,2014-08,2종,31031
233,현풍,2014-08,3종,27244
233,현풍,2014-08,4종,16692
233,현풍,2014-08,5종,33460
233,현풍,2014-08,6종,22850
234,서천,2014-08,1종,138319
234,서천,2014-08,2종,4218
234,서천,2014-08,3종,4725
234,서천,2014-08,4종,4041
234,서천,2014-08,5종,5778
234,서천,2014-08,6종,4518
235,창녕,2014-08,1종,177584
235,창녕,2014-08,2종,6666
235,창녕,2014-08,3종,8106
235,창녕,2014-08,4종,3152
235,창녕,2014-08,5종,7122
235,창녕,2014-08,6종,8634
236,영산,2014-08,1종,168606
236,영산,2014-08,2종,9442
236,영산,2014-08,3종,9124
236,영산,2014-08,4종,6362
236,영산,2014-08,5종,8784
236,영산,2014-08,6종,7445
237,남지,2014-08,1종,141378
237,남지,2014-08,2종,7371
237,남지,2014-08,3종,11799
237,남지,2014-08,4종,7278
237,남지,2014-08,5종,11549
237,남지,2014-08,6종,9694
238,칠서,2014-08,1종,224105
238,칠서,2014-08,2종,26019
238,칠서,2014-08,3종,14576
238,칠서,2014-08,4종,19300
238,칠서,2014-08,5종,29207
238,칠서,2014-08,6종,13359
239,칠원,2014-08,1종,617699
239,칠원,2014-08,2종,24749
239,칠원,2014-08,3종,43664
239,칠원,2014-08,4종,31855
239,칠원,2014-08,5종,29970
239,칠원,2014-08,6종,29514
240,제천,2014-08,1종,643063
240,제천,2014-08,2종,13645
240,제천,2014-08,3종,25377
240,제천,2014-08,4종,12774
240,제천,2014-08,5종,18838
240,제천,2014-08,6종,23695
241,동고령,2014-08,1종,306029
241,동고령,2014-08,2종,16565
241,동고령,2014-08,3종,16892
241,동고령,2014-08,4종,10723
241,동고령,2014-08,5종,14902
241,동고령,2014-08,6종,13104
242,고령,2014-08,1종,227381
242,고령,2014-08,2종,9843
242,고령,2014-08,3종,8983
242,고령,2014-08,4종,4845
242,고령,2014-08,5종,14347
242,고령,2014-08,6종,8927
243,해인사,2014-08,1종,132375
243,해인사,2014-08,2종,2969
243,해인사,2014-08,3종,2348
243,해인사,2014-08,4종,868
243,해인사,2014-08,5종,1700
243,해인사,2014-08,6종,5025
244,서부산,2014-08,1종,2180039
244,서부산,2014-08,2종,62453
244,서부산,2014-08,3종,93788
244,서부산,2014-08,4종,51886
244,서부산,2014-08,5종,172695
244,서부산,2014-08,6종,128483
245,장유,2014-08,1종,1297201
245,장유,2014-08,2종,35925
245,장유,2014-08,3종,48577
245,장유,2014-08,4종,20125
245,장유,2014-08,5종,28618
245,장유,2014-08,6종,87259
246,가락,2014-08,1종,788854
246,가락,2014-08,2종,28816
246,가락,2014-08,3종,27198
246,가락,2014-08,4종,42532
246,가락,2014-08,5종,177359
246,가락,2014-08,6종,51033
247,남원,2014-08,1종,182992
247,남원,2014-08,2종,6260
247,남원,2014-08,3종,7931
247,남원,2014-08,4종,2511
247,남원,2014-08,5종,8253
247,남원,2014-08,6종,6356
248,순창,2014-08,1종,148083
248,순창,2014-08,2종,3829
248,순창,2014-08,3종,3833
248,순창,2014-08,4종,2491
248,순창,2014-08,5종,3065
248,순창,2014-08,6종,4994
249,담양,2014-08,1종,206788
249,담양,2014-08,2종,3943
249,담양,2014-08,3종,13025
249,담양,2014-08,4종,2355
249,담양,2014-08,5종,3971
249,담양,2014-08,6종,6659
250,남양산,2014-08,1종,1019555
250,남양산,2014-08,2종,43689
250,남양산,2014-08,3종,36933
250,남양산,2014-08,4종,22066
250,남양산,2014-08,5종,28989
250,남양산,2014-08,6종,71727
251,물금,2014-08,1종,427461
251,물금,2014-08,2종,43983
251,물금,2014-08,3종,16023
251,물금,2014-08,4종,32556
251,물금,2014-08,5종,52941
251,물금,2014-08,6종,27800
252,대동,2014-08,1종,2424785
252,대동,2014-08,2종,136797
252,대동,2014-08,3종,111352
252,대동,2014-08,4종,99218
252,대동,2014-08,5종,258651
252,대동,2014-08,6종,118658
253,서서울,2014-08,1종,5348587
253,서서울,2014-08,2종,192623
253,서서울,2014-08,3종,150307
253,서서울,2014-08,4종,116155
253,서서울,2014-08,5종,106560
253,서서울,2014-08,6종,309413
254,군자,2014-08,1종,2516941
254,군자,2014-08,2종,112866
254,군자,2014-08,3종,106176
254,군자,2014-08,4종,76390
254,군자,2014-08,5종,146128
254,군자,2014-08,6종,170390
255,서안산,2014-08,1종,1743646
255,서안산,2014-08,2종,94887
255,서안산,2014-08,3종,64558
255,서안산,2014-08,4종,44239
255,서안산,2014-08,5종,53417
255,서안산,2014-08,6종,131525
256,안산,2014-08,1종,900117
256,안산,2014-08,2종,24364
256,안산,2014-08,3종,20916
256,안산,2014-08,4종,6152
256,안산,2014-08,5종,6587
256,안산,2014-08,6종,66580
257,홍성,2014-08,1종,324374
257,홍성,2014-08,2종,5556
257,홍성,2014-08,3종,7337
257,홍성,2014-08,4종,3552
257,홍성,2014-08,5종,3530
257,홍성,2014-08,6종,11331
258,광천,2014-08,1종,165596
258,광천,2014-08,2종,6366
258,광천,2014-08,3종,7373
258,광천,2014-08,4종,5410
258,광천,2014-08,5종,10439
258,광천,2014-08,6종,6052
259,대천,2014-08,1종,364617
259,대천,2014-08,2종,6723
259,대천,2014-08,3종,11365
259,대천,2014-08,4종,3861
259,대천,2014-08,5종,4948
259,대천,2014-08,6종,13663
260,춘장대,2014-08,1종,94650
260,춘장대,2014-08,2종,1770
260,춘장대,2014-08,3종,1997
260,춘장대,2014-08,4종,1087
260,춘장대,2014-08,5종,2081
260,춘장대,2014-08,6종,2706
261,동광주,2014-08,1종,1180694
261,동광주,2014-08,2종,30416
261,동광주,2014-08,3종,58105
261,동광주,2014-08,4종,22817
261,동광주,2014-08,5종,42697
261,동광주,2014-08,6종,37280
262,창평,2014-08,1종,112459
262,창평,2014-08,2종,4992
262,창평,2014-08,3종,3082
262,창평,2014-08,4종,2509
262,창평,2014-08,5종,1760
262,창평,2014-08,6종,3260
263,옥과,2014-08,1종,218436
263,옥과,2014-08,2종,4320
263,옥과,2014-08,3종,8916
263,옥과,2014-08,4종,3249
263,옥과,2014-08,5종,4458
263,옥과,2014-08,6종,8707
264,동남원,2014-08,1종,69633
264,동남원,2014-08,2종,2181
264,동남원,2014-08,3종,2935
264,동남원,2014-08,4종,1236
264,동남원,2014-08,5종,1263
264,동남원,2014-08,6종,2152
265,곡성,2014-08,1종,181364
265,곡성,2014-08,2종,4238
265,곡성,2014-08,3종,5394
265,곡성,2014-08,4종,2455
265,곡성,2014-08,5종,4826
265,곡성,2014-08,6종,6366
266,석곡,2014-08,1종,55986
266,석곡,2014-08,2종,1212
266,석곡,2014-08,3종,1802
266,석곡,2014-08,4종,778
266,석곡,2014-08,5종,1490
266,석곡,2014-08,6종,1755
267,주암송광사,2014-08,1종,136424
267,주암송광사,2014-08,2종,3163
267,주암송광사,2014-08,3종,2857
267,주암송광사,2014-08,4종,2318
267,주암송광사,2014-08,5종,4405
267,주암송광사,2014-08,6종,3838
268,승주,2014-08,1종,72151
268,승주,2014-08,2종,1087
268,승주,2014-08,3종,1232
268,승주,2014-08,4종,703
268,승주,2014-08,5종,875
268,승주,2014-08,6종,3031
269,지리산,2014-08,1종,100415
269,지리산,2014-08,2종,2080
269,지리산,2014-08,3종,3972
269,지리산,2014-08,4종,1625
269,지리산,2014-08,5종,888
269,지리산,2014-08,6종,2733
270,서순천,2014-08,1종,166861
270,서순천,2014-08,2종,5349
270,서순천,2014-08,3종,10257
270,서순천,2014-08,4종,2084
270,서순천,2014-08,5종,3793
270,서순천,2014-08,6종,5598
271,순천,2014-08,1종,612581
271,순천,2014-08,2종,15460
271,순천,2014-08,3종,15402
271,순천,2014-08,4종,9449
271,순천,2014-08,5종,33743
271,순천,2014-08,6종,19623
272,광양,2014-08,1종,367396
272,광양,2014-08,2종,10033
272,광양,2014-08,3종,21426
272,광양,2014-08,4종,12301
272,광양,2014-08,5종,49961
272,광양,2014-08,6종,11424
273,동광양,2014-08,1종,146686
273,동광양,2014-08,2종,2688
273,동광양,2014-08,3종,2803
273,동광양,2014-08,4종,3787
273,동광양,2014-08,5종,22828
273,동광양,2014-08,6종,6114
274,가조,2014-08,1종,74206
274,가조,2014-08,2종,2381
274,가조,2014-08,3종,2977
274,가조,2014-08,4종,1482
274,가조,2014-08,5종,931
274,가조,2014-08,6종,3645
275,옥곡,2014-08,1종,191516
275,옥곡,2014-08,2종,4626
275,옥곡,2014-08,3종,7570
275,옥곡,2014-08,4종,8171
275,옥곡,2014-08,5종,35010
275,옥곡,2014-08,6종,7137
276,진월,2014-08,1종,90586
276,진월,2014-08,2종,2613
276,진월,2014-08,3종,1717
276,진월,2014-08,4종,5329
276,진월,2014-08,5종,36412
276,진월,2014-08,6종,3068
277,하동,2014-08,1종,271394
277,하동,2014-08,2종,4941
277,하동,2014-08,3종,7013
277,하동,2014-08,4종,8049
277,하동,2014-08,5종,30413
277,하동,2014-08,6종,10799
278,진교,2014-08,1종,198130
278,진교,2014-08,2종,4014
278,진교,2014-08,3종,13003
278,진교,2014-08,4종,1116
278,진교,2014-08,5종,2236
278,진교,2014-08,6종,10220
279,곤양,2014-08,1종,135136
279,곤양,2014-08,2종,3711
279,곤양,2014-08,3종,5970
279,곤양,2014-08,4종,2835
279,곤양,2014-08,5종,7299
279,곤양,2014-08,6종,5989
280,거창,2014-08,1종,219886
280,거창,2014-08,2종,7660
280,거창,2014-08,3종,14989
280,거창,2014-08,4종,3192
280,거창,2014-08,5종,2883
280,거창,2014-08,6종,9479
281,매송,2014-08,1종,524631
281,매송,2014-08,2종,25521
281,매송,2014-08,3종,27630
281,매송,2014-08,4종,12118
281,매송,2014-08,5종,24997
281,매송,2014-08,6종,27513
282,비봉,2014-08,1종,765249
282,비봉,2014-08,2종,42648
282,비봉,2014-08,3종,27633
282,비봉,2014-08,4종,17030
282,비봉,2014-08,5종,31192
282,비봉,2014-08,6종,45004
283,발안,2014-08,1종,446194
283,발안,2014-08,2종,26044
283,발안,2014-08,3종,20930
283,발안,2014-08,4종,15567
283,발안,2014-08,5종,17740
283,발안,2014-08,6종,26400
284,남양양,2014-08,1종,124961
284,남양양,2014-08,2종,1704
284,남양양,2014-08,3종,2123
284,남양양,2014-08,4종,690
284,남양양,2014-08,5종,939
284,남양양,2014-08,6종,3931
285,서평택,2014-08,1종,638485
285,서평택,2014-08,2종,39294
285,서평택,2014-08,3종,43074
285,서평택,2014-08,4종,58095
285,서평택,2014-08,5종,107608
285,서평택,2014-08,6종,33245
286,통도사휴게소,2014-08,1종,30926
286,통도사휴게소,2014-08,2종,267
286,통도사휴게소,2014-08,3종,1738
286,통도사휴게소,2014-08,4종,0
286,통도사휴게소,2014-08,5종,0
286,통도사휴게소,2014-08,6종,1352
287,송악,2014-08,1종,489849
287,송악,2014-08,2종,17651
287,송악,2014-08,3종,18559
287,송악,2014-08,4종,22775
287,송악,2014-08,5종,102245
287,송악,2014-08,6종,21834
288,당진,2014-08,1종,473419
288,당진,2014-08,2종,15772
288,당진,2014-08,3종,25365
288,당진,2014-08,4종,14437
288,당진,2014-08,5종,41297
288,당진,2014-08,6종,20270
289,마산,2014-08,1종,936747
289,마산,2014-08,2종,28084
289,마산,2014-08,3종,40277
289,마산,2014-08,4종,14102
289,마산,2014-08,5종,18969
289,마산,2014-08,6종,122586
290,축동,2014-08,1종,47740
290,축동,2014-08,2종,2410
290,축동,2014-08,3종,1547
290,축동,2014-08,4종,2955
290,축동,2014-08,5종,7169
290,축동,2014-08,6종,2712
291,사천,2014-08,1종,768976
291,사천,2014-08,2종,27819
291,사천,2014-08,3종,24588
291,사천,2014-08,4종,13874
291,사천,2014-08,5종,22839
291,사천,2014-08,6종,45565
292,진주,2014-08,1종,710943
292,진주,2014-08,2종,22143
292,진주,2014-08,3종,49664
292,진주,2014-08,4종,12255
292,진주,2014-08,5종,27090
292,진주,2014-08,6종,45009
293,문산,2014-08,1종,322364
293,문산,2014-08,2종,11071
293,문산,2014-08,3종,7407
293,문산,2014-08,4종,6513
293,문산,2014-08,5종,8987
293,문산,2014-08,6종,19230
294,북창원,2014-08,1종,223864
294,북창원,2014-08,2종,7497
294,북창원,2014-08,3종,5231
294,북창원,2014-08,4종,5533
294,북창원,2014-08,5종,10877
294,북창원,2014-08,6종,10992
295,진성,2014-08,1종,147720
295,진성,2014-08,2종,8336
295,진성,2014-08,3종,5096
295,진성,2014-08,4종,5057
295,진성,2014-08,5종,10855
295,진성,2014-08,6종,7058
296,지수,2014-08,1종,55146
296,지수,2014-08,2종,2381
296,지수,2014-08,3종,1758
296,지수,2014-08,4종,906
296,지수,2014-08,5종,3325
296,지수,2014-08,6종,3407
298,서산,2014-08,1종,646018
298,서산,2014-08,2종,16794
298,서산,2014-08,3종,30503
298,서산,2014-08,4종,21382
298,서산,2014-08,5종,39270
298,서산,2014-08,6종,24836
299,해미,2014-08,1종,175101
299,해미,2014-08,2종,5494
299,해미,2014-08,3종,6370
299,해미,2014-08,4종,5174
299,해미,2014-08,5종,9625
299,해미,2014-08,6종,6541
500,남여주,2014-08,1종,185850
500,남여주,2014-08,2종,7247
500,남여주,2014-08,3종,11510
500,남여주,2014-08,4종,7593
500,남여주,2014-08,5종,11913
500,남여주,2014-08,6종,7470
501,서김제,2014-08,1종,62417
501,서김제,2014-08,2종,2608
501,서김제,2014-08,3종,3370
501,서김제,2014-08,4종,1791
501,서김제,2014-08,5종,2417
501,서김제,2014-08,6종,1532
502,부안,2014-08,1종,141242
502,부안,2014-08,2종,4988
502,부안,2014-08,3종,9040
502,부안,2014-08,4종,3005
502,부안,2014-08,5종,3694
502,부안,2014-08,6종,3741
503,줄포,2014-08,1종,105566
503,줄포,2014-08,2종,2254
503,줄포,2014-08,3종,2516
503,줄포,2014-08,4종,834
503,줄포,2014-08,5종,916
503,줄포,2014-08,6종,2507
504,선운산,2014-08,1종,140966
504,선운산,2014-08,2종,4156
504,선운산,2014-08,3종,7613
504,선운산,2014-08,4종,5580
504,선운산,2014-08,5종,4367
504,선운산,2014-08,6종,3775
505,고창,2014-08,1종,111734
505,고창,2014-08,2종,3330
505,고창,2014-08,3종,3379
505,고창,2014-08,4종,1024
505,고창,2014-08,5종,924
505,고창,2014-08,6종,3019
506,영광,2014-08,1종,110736
506,영광,2014-08,2종,3155
506,영광,2014-08,3종,6139
506,영광,2014-08,4종,1886
506,영광,2014-08,5종,1659
506,영광,2014-08,6종,2652
507,함평,2014-08,1종,71077
507,함평,2014-08,2종,2924
507,함평,2014-08,3종,5336
507,함평,2014-08,4종,2624
507,함평,2014-08,5종,4836
507,함평,2014-08,6종,1856
508,무안,2014-08,1종,201574
508,무안,2014-08,2종,5037
508,무안,2014-08,3종,6037
508,무안,2014-08,4종,3307
508,무안,2014-08,5종,3998
508,무안,2014-08,6종,6054
509,목포,2014-08,1종,875522
509,목포,2014-08,2종,19967
509,목포,2014-08,3종,36165
509,목포,2014-08,4종,20695
509,목포,2014-08,5종,34702
509,목포,2014-08,6종,23398
510,양양,2014-08,1종,140710
510,양양,2014-08,2종,2554
510,양양,2014-08,3종,2838
510,양양,2014-08,4종,1529
510,양양,2014-08,5종,3348
510,양양,2014-08,6종,4733
511,무창포,2014-08,1종,136192
511,무창포,2014-08,2종,3773
511,무창포,2014-08,3종,3335
511,무창포,2014-08,4종,1999
511,무창포,2014-08,5종,4622
511,무창포,2014-08,6종,3967
512,연화산,2014-08,1종,43723
512,연화산,2014-08,2종,1432
512,연화산,2014-08,3종,874
512,연화산,2014-08,4종,906
512,연화산,2014-08,5종,1936
512,연화산,2014-08,6종,2511
513,고성,2014-08,1종,389942
513,고성,2014-08,2종,11598
513,고성,2014-08,3종,14946
513,고성,2014-08,4종,8444
513,고성,2014-08,5종,11180
513,고성,2014-08,6종,19584
514,동고성,2014-08,1종,96668
514,동고성,2014-08,2종,3610
514,동고성,2014-08,3종,4719
514,동고성,2014-08,4종,7253
514,동고성,2014-08,5종,10054
514,동고성,2014-08,6종,6883
515,북통영,2014-08,1종,164937
515,북통영,2014-08,2종,3563
515,북통영,2014-08,3종,10300
515,북통영,2014-08,4종,1617
515,북통영,2014-08,5종,1398
515,북통영,2014-08,6종,8918
516,통영,2014-08,1종,715504
516,통영,2014-08,2종,16676
516,통영,2014-08,3종,20812
516,통영,2014-08,4종,14975
516,통영,2014-08,5종,16039
516,통영,2014-08,6종,31786
517,양평,2014-08,1종,230890
517,양평,2014-08,2종,6220
517,양평,2014-08,3종,7195
517,양평,2014-08,4종,4810
517,양평,2014-08,5종,6875
517,양평,2014-08,6종,8356
518,칠곡물류,2014-08,1종,58431
518,칠곡물류,2014-08,2종,14274
518,칠곡물류,2014-08,3종,7192
518,칠곡물류,2014-08,4종,13216
518,칠곡물류,2014-08,5종,13129
518,칠곡물류,2014-08,6종,2676
519,남대구,2014-08,1종,1530744
519,남대구,2014-08,2종,58327
519,남대구,2014-08,3종,64000
519,남대구,2014-08,4종,21388
519,남대구,2014-08,5종,32621
519,남대구,2014-08,6종,76820
520,평택,2014-08,1종,684069
520,평택,2014-08,2종,31477
520,평택,2014-08,3종,42404
520,평택,2014-08,4종,20222
520,평택,2014-08,5종,26745
520,평택,2014-08,6종,37787
521,단양,2014-08,1종,125199
521,단양,2014-08,2종,2129
521,단양,2014-08,3종,3174
521,단양,2014-08,4종,1466
521,단양,2014-08,5종,8290
521,단양,2014-08,6종,3994
522,북단양,2014-08,1종,160966
522,북단양,2014-08,2종,2557
522,북단양,2014-08,3종,3412
522,북단양,2014-08,4종,8728
522,북단양,2014-08,5종,29372
522,북단양,2014-08,6종,5119
523,남제천,2014-08,1종,119847
523,남제천,2014-08,2종,2262
523,남제천,2014-08,3종,3912
523,남제천,2014-08,4종,1608
523,남제천,2014-08,5종,3321
523,남제천,2014-08,6종,3654
524,청통와촌,2014-08,1종,259926
524,청통와촌,2014-08,2종,10819
524,청통와촌,2014-08,3종,6421
524,청통와촌,2014-08,4종,4739
524,청통와촌,2014-08,5종,4327
524,청통와촌,2014-08,6종,10327
525,북영천,2014-08,1종,229049
525,북영천,2014-08,2종,6524
525,북영천,2014-08,3종,5319
525,북영천,2014-08,4종,3620
525,북영천,2014-08,5종,5338
525,북영천,2014-08,6종,7171
526,서포항,2014-08,1종,135672
526,서포항,2014-08,2종,2152
526,서포항,2014-08,3종,2488
526,서포항,2014-08,4종,1104
526,서포항,2014-08,5종,2649
526,서포항,2014-08,6종,6866
527,포항,2014-08,1종,937610
527,포항,2014-08,2종,17554
527,포항,2014-08,3종,28643
527,포항,2014-08,4종,9229
527,포항,2014-08,5종,38332
527,포항,2014-08,6종,34228
528,기흥동탄,2014-08,1종,1124011
528,기흥동탄,2014-08,2종,27460
528,기흥동탄,2014-08,3종,69334
528,기흥동탄,2014-08,4종,20395
528,기흥동탄,2014-08,5종,18252
528,기흥동탄,2014-08,6종,64695
529,노포,2014-08,1종,219454
529,노포,2014-08,2종,11067
529,노포,2014-08,3종,40449
529,노포,2014-08,4종,5643
529,노포,2014-08,5종,6601
529,노포,2014-08,6종,10944
530,내장산,2014-08,1종,50068
530,내장산,2014-08,2종,1430
530,내장산,2014-08,3종,1011
530,내장산,2014-08,4종,513
530,내장산,2014-08,5종,428
530,내장산,2014-08,6종,1930
531,문의청남대,2014-08,1종,214103
531,문의청남대,2014-08,2종,6359
531,문의청남대,2014-08,3종,8244
531,문의청남대,2014-08,4종,5984
531,문의청남대,2014-08,5종,6643
531,문의청남대,2014-08,6종,8260
532,회인,2014-08,1종,54319
532,회인,2014-08,2종,1038
532,회인,2014-08,3종,939
532,회인,2014-08,4종,650
532,회인,2014-08,5종,1074
532,회인,2014-08,6종,2033
533,보은,2014-08,1종,150554
533,보은,2014-08,2종,4655
533,보은,2014-08,3종,4601
533,보은,2014-08,4종,2694
533,보은,2014-08,5종,3112
533,보은,2014-08,6종,6107
534,속리산,2014-08,1종,77967
534,속리산,2014-08,2종,2169
534,속리산,2014-08,3종,2047
534,속리산,2014-08,4종,1642
534,속리산,2014-08,5종,1757
534,속리산,2014-08,6종,2800
535,화서,2014-08,1종,83282
535,화서,2014-08,2종,1662
535,화서,2014-08,3종,2307
535,화서,2014-08,4종,1400
535,화서,2014-08,5종,1903
535,화서,2014-08,6종,2934
536,남상주,2014-08,1종,132247
536,남상주,2014-08,2종,4580
536,남상주,2014-08,3종,9302
536,남상주,2014-08,4종,5691
536,남상주,2014-08,5종,3789
536,남상주,2014-08,6종,4840
537,남김천,2014-08,1종,82687
537,남김천,2014-08,2종,5228
537,남김천,2014-08,3종,4901
537,남김천,2014-08,4종,5327
537,남김천,2014-08,5종,11630
537,남김천,2014-08,6종,2895
538,성주,2014-08,1종,92065
538,성주,2014-08,2종,5386
538,성주,2014-08,3종,5348
538,성주,2014-08,4종,4050
538,성주,2014-08,5종,5810
538,성주,2014-08,6종,3108
539,남성주,2014-08,1종,51731
539,남성주,2014-08,2종,6024
539,남성주,2014-08,3종,3283
539,남성주,2014-08,4종,3747
539,남성주,2014-08,5종,5135
539,남성주,2014-08,6종,1917
540,청북,2014-08,1종,439700
540,청북,2014-08,2종,41073
540,청북,2014-08,3종,38884
540,청북,2014-08,4종,33367
540,청북,2014-08,5종,37596
540,청북,2014-08,6종,24999
541,송탄,2014-08,1종,402738
541,송탄,2014-08,2종,34814
541,송탄,2014-08,3종,31906
541,송탄,2014-08,4종,32426
541,송탄,2014-08,5종,23956
541,송탄,2014-08,6종,20976
542,서안성,2014-08,1종,380109
542,서안성,2014-08,2종,31553
542,서안성,2014-08,3종,43378
542,서안성,2014-08,4종,46308
542,서안성,2014-08,5종,28606
542,서안성,2014-08,6종,17598
543,남안성,2014-08,1종,541211
543,남안성,2014-08,2종,46923
543,남안성,2014-08,3종,42418
543,남안성,2014-08,4종,39676
543,남안성,2014-08,5종,35720
543,남안성,2014-08,6종,28013
544,완주,2014-08,1종,192755
544,완주,2014-08,2종,6518
544,완주,2014-08,3종,7512
544,완주,2014-08,4종,6969
544,완주,2014-08,5종,11883
544,완주,2014-08,6종,6174
545,소양,2014-08,1종,210544
545,소양,2014-08,2종,4537
545,소양,2014-08,3종,9044
545,소양,2014-08,4종,2502
545,소양,2014-08,5종,4230
545,소양,2014-08,6종,6826
546,진안,2014-08,1종,84806
546,진안,2014-08,2종,2504
546,진안,2014-08,3종,2551
546,진안,2014-08,4종,1310
546,진안,2014-08,5종,993
546,진안,2014-08,6종,2686
547,무안공항,2014-08,1종,30522
547,무안공항,2014-08,2종,489
547,무안공항,2014-08,3종,1045
547,무안공항,2014-08,4종,183
547,무안공항,2014-08,5종,149
547,무안공항,2014-08,6종,734
548,북무안,2014-08,1종,136174
548,북무안,2014-08,2종,2701
548,북무안,2014-08,3종,3383
548,북무안,2014-08,4종,1793
548,북무안,2014-08,5종,2492
548,북무안,2014-08,6종,2997
549,동함평,2014-08,1종,167966
549,동함평,2014-08,2종,4139
549,동함평,2014-08,3종,4459
549,동함평,2014-08,4종,1488
549,동함평,2014-08,5종,2525
549,동함평,2014-08,6종,6397
550,문평,2014-08,1종,39714
550,문평,2014-08,2종,802
550,문평,2014-08,3종,863
550,문평,2014-08,4종,459
550,문평,2014-08,5종,2268
550,문평,2014-08,6종,1241
551,나주,2014-08,1종,53569
551,나주,2014-08,2종,1683
551,나주,2014-08,3종,1384
551,나주,2014-08,4종,614
551,나주,2014-08,5종,1135
551,나주,2014-08,6종,2376
552,서광산,2014-08,1종,101617
552,서광산,2014-08,2종,4923
552,서광산,2014-08,3종,5476
552,서광산,2014-08,4종,2999
552,서광산,2014-08,5종,5336
552,서광산,2014-08,6종,3116
553,동광산,2014-08,1종,878628
553,동광산,2014-08,2종,16980
553,동광산,2014-08,3종,26515
553,동광산,2014-08,4종,9828
553,동광산,2014-08,5종,16892
553,동광산,2014-08,6종,27787
554,동홍천,2014-08,1종,743472
554,동홍천,2014-08,2종,5966
554,동홍천,2014-08,3종,21295
554,동홍천,2014-08,4종,3610
554,동홍천,2014-08,5종,2270
554,동홍천,2014-08,6종,26187
555,북진천,2014-08,1종,302971
555,북진천,2014-08,2종,29574
555,북진천,2014-08,3종,32247
555,북진천,2014-08,4종,25072
555,북진천,2014-08,5종,25770
555,북진천,2014-08,6종,13291
556,동순천,2014-08,1종,325493
556,동순천,2014-08,2종,6622
556,동순천,2014-08,3종,12089
556,동순천,2014-08,4종,10658
556,동순천,2014-08,5종,37812
556,동순천,2014-08,6종,9193
557,황전,2014-08,1종,93922
557,황전,2014-08,2종,2239
557,황전,2014-08,3종,1370
557,황전,2014-08,4종,929
557,황전,2014-08,5종,3070
557,황전,2014-08,6종,3486
558,구례화엄사,2014-08,1종,140342
558,구례화엄사,2014-08,2종,2990
558,구례화엄사,2014-08,3종,4225
558,구례화엄사,2014-08,4종,2275
558,구례화엄사,2014-08,5종,4903
558,구례화엄사,2014-08,6종,3543
559,서남원,2014-08,1종,62311
559,서남원,2014-08,2종,2766
559,서남원,2014-08,3종,2480
559,서남원,2014-08,4종,2133
559,서남원,2014-08,5종,4917
559,서남원,2014-08,6종,1922
560,감곡,2014-08,1종,432583
560,감곡,2014-08,2종,15756
560,감곡,2014-08,3종,19465
560,감곡,2014-08,4종,21843
560,감곡,2014-08,5종,34290
560,감곡,2014-08,6종,14379
561,북충주,2014-08,1종,237031
561,북충주,2014-08,2종,5369
561,북충주,2014-08,3종,9666
561,북충주,2014-08,4종,9295
561,북충주,2014-08,5종,27213
561,북충주,2014-08,6종,7136
562,충주,2014-08,1종,252741
562,충주,2014-08,2종,8920
562,충주,2014-08,3종,15760
562,충주,2014-08,4종,10569
562,충주,2014-08,5종,9322
562,충주,2014-08,6종,9220
563,괴산,2014-08,1종,103523
563,괴산,2014-08,2종,2155
563,괴산,2014-08,3종,4028
563,괴산,2014-08,4종,2759
563,괴산,2014-08,5종,5505
563,괴산,2014-08,6종,3241
564,연풍,2014-08,1종,70557
564,연풍,2014-08,2종,3076
564,연풍,2014-08,3종,6750
564,연풍,2014-08,4종,5483
564,연풍,2014-08,5종,6314
564,연풍,2014-08,6종,1918
565,문경새재,2014-08,1종,130624
565,문경새재,2014-08,2종,3562
565,문경새재,2014-08,3종,6243
565,문경새재,2014-08,4종,4329
565,문경새재,2014-08,5종,3701
565,문경새재,2014-08,6종,3945
566,점촌함창,2014-08,1종,193357
566,점촌함창,2014-08,2종,4928
566,점촌함창,2014-08,3종,10916
566,점촌함창,2014-08,4종,6109
566,점촌함창,2014-08,5종,5623
566,점촌함창,2014-08,6종,5917
567,남고창,2014-08,1종,113522
567,남고창,2014-08,2종,3574
567,남고창,2014-08,3종,2434
567,남고창,2014-08,4종,1514
567,남고창,2014-08,5종,1420
567,남고창,2014-08,6종,4309
568,장성물류,2014-08,1종,45518
568,장성물류,2014-08,2종,7473
568,장성물류,2014-08,3종,3646
568,장성물류,2014-08,4종,6977
568,장성물류,2014-08,5종,6441
568,장성물류,2014-08,6종,1477
569,북광주,2014-08,1종,338338
569,북광주,2014-08,2종,16201
569,북광주,2014-08,3종,13015
569,북광주,2014-08,4종,16675
569,북광주,2014-08,5종,23737
569,북광주,2014-08,6종,9910
570,북상주,2014-08,1종,147037
570,북상주,2014-08,2종,6707
570,북상주,2014-08,3종,11393
570,북상주,2014-08,4종,12219
570,북상주,2014-08,5종,7996
570,북상주,2014-08,6종,4684
571,면천,2014-08,1종,104277
571,면천,2014-08,2종,3177
571,면천,2014-08,3종,3288
571,면천,2014-08,4종,3288
571,면천,2014-08,5종,5161
571,면천,2014-08,6종,3877
572,고덕,2014-08,1종,138104
572,고덕,2014-08,2종,4037
572,고덕,2014-08,3종,5376
572,고덕,2014-08,4종,2820
572,고덕,2014-08,5종,5509
572,고덕,2014-08,6종,5319
573,예산수덕사,2014-08,1종,353009
573,예산수덕사,2014-08,2종,10431
573,예산수덕사,2014-08,3종,10403
573,예산수덕사,2014-08,4종,8324
573,예산수덕사,2014-08,5종,9847
573,예산수덕사,2014-08,6종,12351
574,신양,2014-08,1종,100643
574,신양,2014-08,2종,3109
574,신양,2014-08,3종,2581
574,신양,2014-08,4종,2559
574,신양,2014-08,5종,2785
574,신양,2014-08,6종,3395
575,유구,2014-08,1종,122479
575,유구,2014-08,2종,3978
575,유구,2014-08,3종,3983
575,유구,2014-08,4종,3989
575,유구,2014-08,5종,6596
575,유구,2014-08,6종,4237
576,마곡사,2014-08,1종,48045
576,마곡사,2014-08,2종,832
576,마곡사,2014-08,3종,953
576,마곡사,2014-08,4종,637
576,마곡사,2014-08,5종,627
576,마곡사,2014-08,6종,1753
577,공주,2014-08,1종,190972
577,공주,2014-08,2종,5835
577,공주,2014-08,3종,6426
577,공주,2014-08,4종,2351
577,공주,2014-08,5종,3400
577,공주,2014-08,6종,8342
578,서세종,2014-08,1종,230114
578,서세종,2014-08,2종,11273
578,서세종,2014-08,3종,7871
578,서세종,2014-08,4종,6046
578,서세종,2014-08,5종,7570
578,서세종,2014-08,6종,9001
579,남세종,2014-08,1종,351655
579,남세종,2014-08,2종,7828
579,남세종,2014-08,3종,8805
579,남세종,2014-08,4종,4189
579,남세종,2014-08,5종,5939
579,남세종,2014-08,6종,15470
580,북강릉,2014-08,1종,295183
580,북강릉,2014-08,2종,5506
580,북강릉,2014-08,3종,7524
580,북강릉,2014-08,4종,2144
580,북강릉,2014-08,5종,4580
580,북강릉,2014-08,6종,11327
581,옥계,2014-08,1종,95937
581,옥계,2014-08,2종,1931
581,옥계,2014-08,3종,1763
581,옥계,2014-08,4종,3615
581,옥계,2014-08,5종,10343
581,옥계,2014-08,6종,4629
582,망상,2014-08,1종,166735
582,망상,2014-08,2종,3557
582,망상,2014-08,3종,13516
582,망상,2014-08,4종,1186
582,망상,2014-08,5종,1702
582,망상,2014-08,6종,8508
583,동해,2014-08,1종,484922
583,동해,2014-08,2종,9713
583,동해,2014-08,3종,13016
583,동해,2014-08,4종,8299
583,동해,2014-08,5종,18128
583,동해,2014-08,6종,20372
584,남강릉,2014-08,1종,134495
584,남강릉,2014-08,2종,6479
584,남강릉,2014-08,3종,8774
584,남강릉,2014-08,4종,3354
584,남강릉,2014-08,5종,4009
584,남강릉,2014-08,6종,7743
585,하조대,2014-08,1종,261902
585,하조대,2014-08,2종,4405
585,하조대,2014-08,3종,8624
585,하조대,2014-08,4종,2825
585,하조대,2014-08,5종,2706
585,하조대,2014-08,6종,8835
586,북남원,2014-08,1종,24962
586,북남원,2014-08,2종,719
586,북남원,2014-08,3종,635
586,북남원,2014-08,4종,311
586,북남원,2014-08,5종,1985
586,북남원,2014-08,6종,611
587,오수,2014-08,1종,169522
587,오수,2014-08,2종,4608
587,오수,2014-08,3종,6713
587,오수,2014-08,4종,3513
587,오수,2014-08,5종,5496
587,오수,2014-08,6종,5123
588,임실,2014-08,1종,60610
588,임실,2014-08,2종,2149
588,임실,2014-08,3종,2263
588,임실,2014-08,4종,989
588,임실,2014-08,5종,3555
588,임실,2014-08,6종,1768
589,상관,2014-08,1종,173120
589,상관,2014-08,2종,4298
589,상관,2014-08,3종,6881
589,상관,2014-08,4종,4156
589,상관,2014-08,5종,24559
589,상관,2014-08,6종,4994
590,동전주,2014-08,1종,243757
590,동전주,2014-08,2종,3195
590,동전주,2014-08,3종,3158
590,동전주,2014-08,4종,1791
590,동전주,2014-08,5종,4462
590,동전주,2014-08,6종,8906
591,동서천,2014-08,1종,61705
591,동서천,2014-08,2종,1621
591,동서천,2014-08,3종,2081
591,동서천,2014-08,4종,1910
591,동서천,2014-08,5종,3352
591,동서천,2014-08,6종,1853
592,서부여,2014-08,1종,75481
592,서부여,2014-08,2종,2480
592,서부여,2014-08,3종,2175
592,서부여,2014-08,4종,1406
592,서부여,2014-08,5종,1696
592,서부여,2014-08,6종,2586
593,부여,2014-08,1종,96639
593,부여,2014-08,2종,2481
593,부여,2014-08,3종,2744
593,부여,2014-08,4종,2195
593,부여,2014-08,5종,2409
593,부여,2014-08,6종,3351
594,칠갑산,2014-08,1종,70337
594,칠갑산,2014-08,2종,1702
594,칠갑산,2014-08,3종,2181
594,칠갑산,2014-08,4종,1222
594,칠갑산,2014-08,5종,660
594,칠갑산,2014-08,6종,2376
595,서공주,2014-08,1종,74105
595,서공주,2014-08,2종,3047
595,서공주,2014-08,3종,2499
595,서공주,2014-08,4종,1997
595,서공주,2014-08,5종,2632
595,서공주,2014-08,6종,2719
597,서여주,2014-08,1종,145719
597,서여주,2014-08,2종,6216
597,서여주,2014-08,3종,7002
597,서여주,2014-08,4종,5871
597,서여주,2014-08,5종,5480
597,서여주,2014-08,6종,6865
598,북여주,2014-08,1종,96316
598,북여주,2014-08,2종,3034
598,북여주,2014-08,3종,2449
598,북여주,2014-08,4종,1670
598,북여주,2014-08,5종,3407
598,북여주,2014-08,6종,3763
599,양촌,2014-08,1종,33383
599,양촌,2014-08,2종,606
599,양촌,2014-08,3종,195
599,양촌,2014-08,4종,7
599,양촌,2014-08,5종,10
599,양촌,2014-08,6종,1070
601,남천안,2014-08,1종,413628
601,남천안,2014-08,2종,24465
601,남천안,2014-08,3종,27592
601,남천안,2014-08,4종,26445
601,남천안,2014-08,5종,20980
601,남천안,2014-08,6종,16417
602,풍세상,2014-08,1종,1726197
602,풍세상,2014-08,2종,38538
602,풍세상,2014-08,3종,154000
602,풍세상,2014-08,4종,63759
602,풍세상,2014-08,5종,67220
602,풍세상,2014-08,6종,73662
603,정안,2014-08,1종,279496
603,정안,2014-08,2종,10091
603,정안,2014-08,3종,27648
603,정안,2014-08,4종,12457
603,정안,2014-08,5종,9919
603,정안,2014-08,6종,10050
604,남공주,2014-08,1종,85109
604,남공주,2014-08,2종,3356
604,남공주,2014-08,3종,3623
604,남공주,2014-08,4종,2357
604,남공주,2014-08,5종,4653
604,남공주,2014-08,6종,3069
605,탄천,2014-08,1종,29307
605,탄천,2014-08,2종,1865
605,탄천,2014-08,3종,1255
605,탄천,2014-08,4종,1431
605,탄천,2014-08,5종,1351
605,탄천,2014-08,6종,1012
606,서논산,2014-08,1종,156501
606,서논산,2014-08,2종,6639
606,서논산,2014-08,3종,9344
606,서논산,2014-08,4종,6969
606,서논산,2014-08,5종,8281
606,서논산,2014-08,6종,5667
607,연무,2014-08,1종,71427
607,연무,2014-08,2종,2735
607,연무,2014-08,3종,2615
607,연무,2014-08,4종,1481
607,연무,2014-08,5종,2043
607,연무,2014-08,6종,2277
608,남논산하,2014-08,1종,1068054
608,남논산하,2014-08,2종,23204
608,남논산하,2014-08,3종,107360
608,남논산하,2014-08,4종,37894
608,남논산하,2014-08,5종,53520
608,남논산하,2014-08,6종,41780
612,풍세하,2014-08,1종,1713188
612,풍세하,2014-08,2종,39250
612,풍세하,2014-08,3종,156088
612,풍세하,2014-08,4종,55236
612,풍세하,2014-08,5종,51448
612,풍세하,2014-08,6종,73338
613,남풍세,2014-08,1종,68936
613,남풍세,2014-08,2종,2677
613,남풍세,2014-08,3종,5400
613,남풍세,2014-08,4종,2822
613,남풍세,2014-08,5종,6252
613,남풍세,2014-08,6종,2572
618,남논산상,2014-08,1종,1100520
618,남논산상,2014-08,2종,23190
618,남논산상,2014-08,3종,105112
618,남논산상,2014-08,4종,39910
618,남논산상,2014-08,5종,62756
618,남논산상,2014-08,6종,42558
621,동대구,2014-08,1종,876832
621,동대구,2014-08,2종,31197
621,동대구,2014-08,3종,39465
621,동대구,2014-08,4종,23303
621,동대구,2014-08,5종,26022
621,동대구,2014-08,6종,41382
622,대구,2014-08,1종,1277975
622,대구,2014-08,2종,44978
622,대구,2014-08,3종,64165
622,대구,2014-08,4종,47360
622,대구,2014-08,5종,88021
622,대구,2014-08,6종,65050
623,수성,2014-08,1종,814145
623,수성,2014-08,2종,19307
623,수성,2014-08,3종,13203
623,수성,2014-08,4종,6173
623,수성,2014-08,5종,7967
623,수성,2014-08,6종,36149
624,청도,2014-08,1종,264320
624,청도,2014-08,2종,9178
624,청도,2014-08,3종,7410
624,청도,2014-08,4종,5688
624,청도,2014-08,5종,7061
624,청도,2014-08,6종,11273
625,밀양,2014-08,1종,402281
625,밀양,2014-08,2종,13989
625,밀양,2014-08,3종,12212
625,밀양,2014-08,4종,9565
625,밀양,2014-08,5종,11996
625,밀양,2014-08,6종,16752
626,남밀양,2014-08,1종,433389
626,남밀양,2014-08,2종,21065
626,남밀양,2014-08,3종,18585
626,남밀양,2014-08,4종,16039
626,남밀양,2014-08,5종,16539
626,남밀양,2014-08,6종,22669
627,삼랑진,2014-08,1종,260988
627,삼랑진,2014-08,2종,9423
627,삼랑진,2014-08,3종,6551
627,삼랑진,2014-08,4종,5382
627,삼랑진,2014-08,5종,8599
627,삼랑진,2014-08,6종,15253
628,상동,2014-08,1종,229780
628,상동,2014-08,2종,21646
628,상동,2014-08,3종,13404
628,상동,2014-08,4종,13960
628,상동,2014-08,5종,20677
628,상동,2014-08,6종,13430
629,김해부산,2014-08,1종,1323223
629,김해부산,2014-08,2종,60520
629,김해부산,2014-08,3종,69180
629,김해부산,2014-08,4종,62216
629,김해부산,2014-08,5종,97864
629,김해부산,2014-08,6종,73280
641,울산,2014-08,1종,1301917
641,울산,2014-08,2종,45761
641,울산,2014-08,3종,66337
641,울산,2014-08,4종,41800
641,울산,2014-08,5종,109915
641,울산,2014-08,6종,58740
642,문수,2014-08,1종,124974
642,문수,2014-08,2종,4921
642,문수,2014-08,3종,4810
642,문수,2014-08,4종,6283
642,문수,2014-08,5종,14200
642,문수,2014-08,6종,6538
643,청량,2014-08,1종,573175
643,청량,2014-08,2종,12775
643,청량,2014-08,3종,13382
643,청량,2014-08,4종,18895
643,청량,2014-08,5종,70251
643,청량,2014-08,6종,33382
644,온양,2014-08,1종,205740
644,온양,2014-08,2종,4158
644,온양,2014-08,3종,2698
644,온양,2014-08,4종,2812
644,온양,2014-08,5종,12145
644,온양,2014-08,6종,12547
645,장안,2014-08,1종,371686
645,장안,2014-08,2종,7269
645,장안,2014-08,3종,5978
645,장안,2014-08,4종,5799
645,장안,2014-08,5종,14184
645,장안,2014-08,6종,23769
646,기장일광,2014-08,1종,283261
646,기장일광,2014-08,2종,2982
646,기장일광,2014-08,3종,2667
646,기장일광,2014-08,4종,1940
646,기장일광,2014-08,5종,3878
646,기장일광,2014-08,6종,15901
647,해운대송정,2014-08,1종,110981
647,해운대송정,2014-08,2종,1269
647,해운대송정,2014-08,3종,909
647,해운대송정,2014-08,4종,599
647,해운대송정,2014-08,5종,1169
647,해운대송정,2014-08,6종,6497
648,해운대,2014-08,1종,832659
648,해운대,2014-08,2종,9021
648,해운대,2014-08,3종,9190
648,해운대,2014-08,4종,6882
648,해운대,2014-08,5종,34745
648,해운대,2014-08,6종,47372
651,남양주,2014-08,1종,2184656
651,남양주,2014-08,2종,38936
651,남양주,2014-08,3종,72254
651,남양주,2014-08,4종,18482
651,남양주,2014-08,5종,15941
651,남양주,2014-08,6종,109409
652,화도,2014-08,1종,1121442
652,화도,2014-08,2종,31409
652,화도,2014-08,3종,35204
652,화도,2014-08,4종,12945
652,화도,2014-08,5종,12025
652,화도,2014-08,6종,74792
653,서종,2014-08,1종,267432
653,서종,2014-08,2종,1884
653,서종,2014-08,3종,1861
653,서종,2014-08,4종,853
653,서종,2014-08,5종,1572
653,서종,2014-08,6종,14565
654,설악,2014-08,1종,344620
654,설악,2014-08,2종,3853
654,설악,2014-08,3종,6882
654,설악,2014-08,4종,1419
654,설악,2014-08,5종,1256
654,설악,2014-08,6종,16033
655,강촌,2014-08,1종,231923
655,강촌,2014-08,2종,2413
655,강촌,2014-08,3종,6623
655,강촌,2014-08,4종,1434
655,강촌,2014-08,5종,775
655,강촌,2014-08,6종,9982
656,남춘천,2014-08,1종,242985
656,남춘천,2014-08,2종,3142
656,남춘천,2014-08,3종,11484
656,남춘천,2014-08,4종,1876
656,남춘천,2014-08,5종,3084
656,남춘천,2014-08,6종,11450
657,동산,2014-08,1종,1043208
657,동산,2014-08,2종,11048
657,동산,2014-08,3종,33720
657,동산,2014-08,4종,7148
657,동산,2014-08,5종,6044
657,동산,2014-08,6종,51246
658,조양,2014-08,1종,38511
658,조양,2014-08,2종,421
658,조양,2014-08,3종,450
658,조양,2014-08,4종,435
658,조양,2014-08,5종,407
658,조양,2014-08,6종,1638
671,봉담,2014-08,1종,1301444
671,봉담,2014-08,2종,58159
671,봉담,2014-08,3종,44337
671,봉담,2014-08,4종,19730
671,봉담,2014-08,5종,25271
671,봉담,2014-08,6종,98602
672,정남,2014-08,1종,357013
672,정남,2014-08,2종,19153
672,정남,2014-08,3종,11695
672,정남,2014-08,4종,5538
672,정남,2014-08,5종,4235
672,정남,2014-08,6종,29493
673,북오산,2014-08,1종,798001
673,북오산,2014-08,2종,30150
673,북오산,2014-08,3종,26929
673,북오산,2014-08,4종,13661
673,북오산,2014-08,5종,10008
673,북오산,2014-08,6종,57671
674,,2014-08,1종,880495
674,,2014-08,2종,39279
674,,2014-08,3종,58698
674,,2014-08,4종,18954
674,,2014-08,5종,21500
674,,2014-08,6종,60709
675,서오산,2014-08,1종,783490
675,서오산,2014-08,2종,23107
675,서오산,2014-08,3종,18676
675,서오산,2014-08,4종,12379
675,서오산,2014-08,5종,11021
675,서오산,2014-08,6종,54668
676,향남,2014-08,1종,546574
676,향남,2014-08,2종,35300
676,향남,2014-08,3종,24570
676,향남,2014-08,4종,19807
676,향남,2014-08,5종,15102
676,향남,2014-08,6종,42952
677,북평택,2014-08,1종,1043487
677,북평택,2014-08,2종,34798
677,북평택,2014-08,3종,45375
677,북평택,2014-08,4종,17638
677,북평택,2014-08,5종,27643
677,북평택,2014-08,6종,60578
681,장안본선,2014-08,1종,1105926
681,장안본선,2014-08,2종,70062
681,장안본선,2014-08,3종,120158
681,장안본선,2014-08,4종,83926
681,장안본선,2014-08,5종,150716
681,장안본선,2014-08,6종,60516
682,조암,2014-08,1종,308727
682,조암,2014-08,2종,34081
682,조암,2014-08,3종,26899
682,조암,2014-08,4종,19065
682,조암,2014-08,5종,23759
682,조암,2014-08,6종,18824
683,송산마도,2014-08,1종,572337
683,송산마도,2014-08,2종,33253
683,송산마도,2014-08,3종,22763
683,송산마도,2014-08,4종,17963
683,송산마도,2014-08,5종,35731
683,송산마도,2014-08,6종,31779
684,남안산,2014-08,1종,689406
684,남안산,2014-08,2종,67694
684,남안산,2014-08,3종,52396
684,남안산,2014-08,4종,45449
684,남안산,2014-08,5종,64830
684,남안산,2014-08,6종,48776
685,서시흥,2014-08,1종,1331700
685,서시흥,2014-08,2종,74240
685,서시흥,2014-08,3종,106952
685,서시흥,2014-08,4종,67330
685,서시흥,2014-08,5종,141920
685,서시흥,2014-08,6종,74427
981,서영암,2014-08,1종,263191
981,서영암,2014-08,2종,4677
981,서영암,2014-08,3종,8823
981,서영암,2014-08,4종,5711
981,서영암,2014-08,5종,13964
981,서영암,2014-08,6종,7061
982,강진무위사,2014-08,1종,166347
982,강진무위사,2014-08,2종,3042
982,강진무위사,2014-08,3종,5065
982,강진무위사,2014-08,4종,2604
982,강진무위사,2014-08,5종,3756
982,강진무위사,2014-08,6종,4368
983,장흥,2014-08,1종,135243
983,장흥,2014-08,2종,1822
983,장흥,2014-08,3종,2333
983,장흥,2014-08,4종,909
983,장흥,2014-08,5종,880
983,장흥,2014-08,6종,3481
984,보성,2014-08,1종,196057
984,보성,2014-08,2종,5441
984,보성,2014-08,3종,5643
984,보성,2014-08,4종,3921
984,보성,2014-08,5종,10740
984,보성,2014-08,6종,5023
985,벌교,2014-08,1종,135071
985,벌교,2014-08,2종,3601
985,벌교,2014-08,3종,2851
985,벌교,2014-08,4종,1553
985,벌교,2014-08,5종,2354
985,벌교,2014-08,6종,3236
986,고흥,2014-08,1종,174548
986,고흥,2014-08,2종,3565
986,고흥,2014-08,3종,4242
986,고흥,2014-08,4종,2815
986,고흥,2014-08,5종,4010
986,고흥,2014-08,6종,5255
987,남순천,2014-08,1종,508052
987,남순천,2014-08,2종,10511
987,남순천,2014-08,3종,15012
987,남순천,2014-08,4종,11331
987,남순천,2014-08,5종,27745
987,남순천,2014-08,6종,14235
11,인천,2014-09,1종,3486009
11,인천,2014-09,2종,109830
11,인천,2014-09,3종,79790
11,인천,2014-09,4종,53232
11,인천,2014-09,5종,98391
11,인천,2014-09,6종,318569
12,서영암(개),2014-09,1종,35668
12,서영암(개),2014-09,2종,592
12,서영암(개),2014-09,3종,683
12,서영암(개),2014-09,4종,254
12,서영암(개),2014-09,5종,468
12,서영암(개),2014-09,6종,2315
13,순천만,2014-09,1종,129048
13,순천만,2014-09,2종,4023
13,순천만,2014-09,3종,4075
13,순천만,2014-09,4종,2077
13,순천만,2014-09,5종,6746
13,순천만,2014-09,6종,5921
53,남인천,2014-09,1종,1676651
53,남인천,2014-09,2종,41440
53,남인천,2014-09,3종,56331
53,남인천,2014-09,4종,18724
53,남인천,2014-09,5종,52800
53,남인천,2014-09,6종,140778
56,일로,2014-09,1종,41792
56,일로,2014-09,2종,2205
56,일로,2014-09,3종,712
56,일로,2014-09,4종,868
56,일로,2014-09,5종,2003
56,일로,2014-09,6종,2244
61,성남,2014-09,1종,3934320
61,성남,2014-09,2종,143164
61,성남,2014-09,3종,148638
61,성남,2014-09,4종,78783
61,성남,2014-09,5종,84299
61,성남,2014-09,6종,277717
62,구리남양주,2014-09,1종,5109690
62,구리남양주,2014-09,2종,198230
62,구리남양주,2014-09,3종,178028
62,구리남양주,2014-09,4종,123627
62,구리남양주,2014-09,5종,98778
62,구리남양주,2014-09,6종,381736
63,토평,2014-09,1종,508588
63,토평,2014-09,2종,15124
63,토평,2014-09,3종,8482
63,토평,2014-09,4종,12610
63,토평,2014-09,5종,9214
63,토평,2014-09,6종,41440
64,청계,2014-09,1종,4468895
64,청계,2014-09,2종,140170
64,청계,2014-09,3종,148439
64,청계,2014-09,4종,45336
64,청계,2014-09,5종,80913
64,청계,2014-09,6종,344015
65,판교,2014-09,1종,2812714
65,판교,2014-09,2종,42949
65,판교,2014-09,3종,170037
65,판교,2014-09,4종,16083
65,판교,2014-09,5종,14317
65,판교,2014-09,6종,167456
66,하남,2014-09,1종,834423
66,하남,2014-09,2종,28198
66,하남,2014-09,3종,15934
66,하남,2014-09,4종,8035
66,하남,2014-09,5종,6938
66,하남,2014-09,6종,64973
67,시흥,2014-09,1종,3945929
67,시흥,2014-09,2종,125893
67,시흥,2014-09,3종,117476
67,시흥,2014-09,4종,64893
67,시흥,2014-09,5종,62550
67,시흥,2014-09,6종,304462
68,김포,2014-09,1종,4738345
68,김포,2014-09,2종,175643
68,김포,2014-09,3종,144239
68,김포,2014-09,4종,74520
68,김포,2014-09,5종,104040
68,김포,2014-09,6종,387699
69,대왕판교,2014-09,1종,191823
69,대왕판교,2014-09,2종,1524
69,대왕판교,2014-09,3종,262
69,대왕판교,2014-09,4종,21
69,대왕판교,2014-09,5종,8
69,대왕판교,2014-09,6종,11813
74,덕소삼패,2014-09,1종,300587
74,덕소삼패,2014-09,2종,8068
74,덕소삼패,2014-09,3종,3912
74,덕소삼패,2014-09,4종,8604
74,덕소삼패,2014-09,5종,9106
74,덕소삼패,2014-09,6종,24555
91,대동(개),2014-09,1종,131395
91,대동(개),2014-09,2종,8983
91,대동(개),2014-09,3종,5552
91,대동(개),2014-09,4종,18914
91,대동(개),2014-09,5종,8149
91,대동(개),2014-09,6종,8830
92,내서,2014-09,1종,211723
92,내서,2014-09,2종,7786
92,내서,2014-09,3종,10455
92,내서,2014-09,4종,3315
92,내서,2014-09,5종,5362
92,내서,2014-09,6종,20478
101,서울,2014-09,1종,5361412
101,서울,2014-09,2종,180971
101,서울,2014-09,3종,580653
101,서울,2014-09,4종,85357
101,서울,2014-09,5종,48332
101,서울,2014-09,6종,255546
102,동수원,2014-09,1종,2114985
102,동수원,2014-09,2종,38967
102,동수원,2014-09,3종,87252
102,동수원,2014-09,4종,17450
102,동수원,2014-09,5종,13675
102,동수원,2014-09,6종,135137
103,수원신갈,2014-09,1종,2370578
103,수원신갈,2014-09,2종,93765
103,수원신갈,2014-09,3종,158122
103,수원신갈,2014-09,4종,41585
103,수원신갈,2014-09,5종,23640
103,수원신갈,2014-09,6종,132771
104,지곡,2014-09,1종,46431
104,지곡,2014-09,2종,1565
104,지곡,2014-09,3종,1930
104,지곡,2014-09,4종,1642
104,지곡,2014-09,5종,1939
104,지곡,2014-09,6종,1675
105,기흥,2014-09,1종,389891
105,기흥,2014-09,2종,22391
105,기흥,2014-09,3종,13930
105,기흥,2014-09,4종,10584
105,기흥,2014-09,5종,12166
105,기흥,2014-09,6종,20945
106,오산,2014-09,1종,1100049
106,오산,2014-09,2종,89785
106,오산,2014-09,3종,99933
106,오산,2014-09,4종,44647
106,오산,2014-09,5종,28194
106,오산,2014-09,6종,71939
107,안성,2014-09,1종,806867
107,안성,2014-09,2종,31019
107,안성,2014-09,3종,53335
107,안성,2014-09,4종,15471
107,안성,2014-09,5종,10988
107,안성,2014-09,6종,52150
108,천안,2014-09,1종,1413265
108,천안,2014-09,2종,44625
108,천안,2014-09,3종,106674
108,천안,2014-09,4종,34278
108,천안,2014-09,5종,29636
108,천안,2014-09,6종,72365
109,계룡,2014-09,1종,137974
109,계룡,2014-09,2종,9242
109,계룡,2014-09,3종,11909
109,계룡,2014-09,4종,8209
109,계룡,2014-09,5종,4289
109,계룡,2014-09,6종,8341
110,독립기념관,2014-09,1종,316593
110,독립기념관,2014-09,2종,18341
110,독립기념관,2014-09,3종,21845
110,독립기념관,2014-09,4종,19231
110,독립기념관,2014-09,5종,14684
110,독립기념관,2014-09,6종,13487
111,청주,2014-09,1종,469635
111,청주,2014-09,2종,19430
111,청주,2014-09,3종,49176
111,청주,2014-09,4종,13911
111,청주,2014-09,5종,17495
111,청주,2014-09,6종,23025
112,남청주,2014-09,1종,495249
112,남청주,2014-09,2종,38984
112,남청주,2014-09,3종,40207
112,남청주,2014-09,4종,42839
112,남청주,2014-09,5종,37836
112,남청주,2014-09,6종,22115
113,신탄진,2014-09,1종,749313
113,신탄진,2014-09,2종,41941
113,신탄진,2014-09,3종,32454
113,신탄진,2014-09,4종,53970
113,신탄진,2014-09,5종,48295
113,신탄진,2014-09,6종,40199
114,남대전,2014-09,1종,323640
114,남대전,2014-09,2종,11595
114,남대전,2014-09,3종,10613
114,남대전,2014-09,4종,5301
114,남대전,2014-09,5종,7220
114,남대전,2014-09,6종,15628
115,대전,2014-09,1종,1326950
115,대전,2014-09,2종,37531
115,대전,2014-09,3종,80272
115,대전,2014-09,4종,14517
115,대전,2014-09,5종,13588
115,대전,2014-09,6종,69567
116,옥천,2014-09,1종,391178
116,옥천,2014-09,2종,20415
116,옥천,2014-09,3종,19030
116,옥천,2014-09,4종,30852
116,옥천,2014-09,5종,18793
116,옥천,2014-09,6종,21818
117,금강,2014-09,1종,46044
117,금강,2014-09,2종,1678
117,금강,2014-09,3종,1243
117,금강,2014-09,4종,3089
117,금강,2014-09,5종,1281
117,금강,2014-09,6종,2317
118,영동,2014-09,1종,99718
118,영동,2014-09,2종,4662
118,영동,2014-09,3종,4935
118,영동,2014-09,4종,2886
118,영동,2014-09,5종,5819
118,영동,2014-09,6종,4246
119,판암,2014-09,1종,488433
119,판암,2014-09,2종,14166
119,판암,2014-09,3종,10199
119,판암,2014-09,4종,5767
119,판암,2014-09,5종,5317
119,판암,2014-09,6종,28817
120,황간,2014-09,1종,107083
120,황간,2014-09,2종,2938
120,황간,2014-09,3종,4568
120,황간,2014-09,4종,4402
120,황간,2014-09,5종,4668
120,황간,2014-09,6종,3760
121,추풍령,2014-09,1종,52256
121,추풍령,2014-09,2종,1920
121,추풍령,2014-09,3종,2424
121,추풍령,2014-09,4종,1364
121,추풍령,2014-09,5종,1499
121,추풍령,2014-09,6종,2312
122,김천,2014-09,1종,232914
122,김천,2014-09,2종,7543
122,김천,2014-09,3종,10807
122,김천,2014-09,4종,8721
122,김천,2014-09,5종,7463
122,김천,2014-09,6종,10631
123,구미,2014-09,1종,790057
123,구미,2014-09,2종,18766
123,구미,2014-09,3종,36168
123,구미,2014-09,4종,17097
123,구미,2014-09,5종,15584
123,구미,2014-09,6종,40121
124,상주,2014-09,1종,146279
124,상주,2014-09,2종,5713
124,상주,2014-09,3종,5588
124,상주,2014-09,4종,6071
124,상주,2014-09,5종,7143
124,상주,2014-09,6종,4546
125,남구미,2014-09,1종,539198
125,남구미,2014-09,2종,20877
125,남구미,2014-09,3종,31368
125,남구미,2014-09,4종,20890
125,남구미,2014-09,5종,38074
125,남구미,2014-09,6종,30605
126,왜관,2014-09,1종,639218
126,왜관,2014-09,2종,44958
126,왜관,2014-09,3종,30622
126,왜관,2014-09,4종,22080
126,왜관,2014-09,5종,29549
126,왜관,2014-09,6종,29927
127,서대구,2014-09,1종,1949797
127,서대구,2014-09,2종,86027
127,서대구,2014-09,3종,98570
127,서대구,2014-09,4종,47192
127,서대구,2014-09,5종,57391
127,서대구,2014-09,6종,87546
128,금왕꽃동네,2014-09,1종,84710
128,금왕꽃동네,2014-09,2종,8111
128,금왕꽃동네,2014-09,3종,8816
128,금왕꽃동네,2014-09,4종,6519
128,금왕꽃동네,2014-09,5종,7856
128,금왕꽃동네,2014-09,6종,3683
129,북대구,2014-09,1종,1776508
129,북대구,2014-09,2종,57059
129,북대구,2014-09,3종,53003
129,북대구,2014-09,4종,22462
129,북대구,2014-09,5종,24072
129,북대구,2014-09,6종,78296
130,동김천,2014-09,1종,145194
130,동김천,2014-09,2종,5906
130,동김천,2014-09,3종,9429
130,동김천,2014-09,4종,7673
130,동김천,2014-09,5종,15692
130,동김천,2014-09,6종,5561
131,경산,2014-09,1종,833497
131,경산,2014-09,2종,71661
131,경산,2014-09,3종,53296
131,경산,2014-09,4종,41313
131,경산,2014-09,5종,35251
131,경산,2014-09,6종,45186
132,영천,2014-09,1종,449384
132,영천,2014-09,2종,23782
132,영천,2014-09,3종,26622
132,영천,2014-09,4종,20783
132,영천,2014-09,5종,43123
132,영천,2014-09,6종,17466
133,서경주,2014-09,1종,192276
133,서경주,2014-09,2종,7831
133,서경주,2014-09,3종,11995
133,서경주,2014-09,4종,9096
133,서경주,2014-09,5종,24603
133,서경주,2014-09,6종,6541
134,선산,2014-09,1종,96780
134,선산,2014-09,2종,4381
134,선산,2014-09,3종,4938
134,선산,2014-09,4종,5079
134,선산,2014-09,5종,8554
134,선산,2014-09,6종,3433
135,경주,2014-09,1종,891242
135,경주,2014-09,2종,36796
135,경주,2014-09,3종,69261
135,경주,2014-09,4종,38609
135,경주,2014-09,5종,87166
135,경주,2014-09,6종,33795
136,음성,2014-09,1종,139779
136,음성,2014-09,2종,6183
136,음성,2014-09,3종,9164
136,음성,2014-09,4종,6169
136,음성,2014-09,5종,5990
136,음성,2014-09,6종,5500
137,통도사,2014-09,1종,287336
137,통도사,2014-09,2종,14817
137,통도사,2014-09,3종,14648
137,통도사,2014-09,4종,10617
137,통도사,2014-09,5종,15286
137,통도사,2014-09,6종,14308
138,양산,2014-09,1종,664015
138,양산,2014-09,2종,65324
138,양산,2014-09,3종,40640
138,양산,2014-09,4종,42442
138,양산,2014-09,5종,49982
138,양산,2014-09,6종,36478
139,서울산,2014-09,1종,455423
139,서울산,2014-09,2종,23629
139,서울산,2014-09,3종,29092
139,서울산,2014-09,4종,13050
139,서울산,2014-09,5종,23799
139,서울산,2014-09,6종,23765
140,부산,2014-09,1종,1609192
140,부산,2014-09,2종,57513
140,부산,2014-09,3종,46012
140,부산,2014-09,4종,31396
140,부산,2014-09,5종,53119
140,부산,2014-09,6종,90292
142,군북,2014-09,1종,360626
142,군북,2014-09,2종,12783
142,군북,2014-09,3종,14028
142,군북,2014-09,4종,8208
142,군북,2014-09,5종,16588
142,군북,2014-09,6종,21567
143,장지,2014-09,1종,108548
143,장지,2014-09,2종,5290
143,장지,2014-09,3종,4813
143,장지,2014-09,4종,3612
143,장지,2014-09,5종,14863
143,장지,2014-09,6종,7033
144,함안,2014-09,1종,256498
144,함안,2014-09,2종,11044
144,함안,2014-09,3종,9894
144,함안,2014-09,4종,6668
144,함안,2014-09,5종,15217
144,함안,2014-09,6종,16293
145,산인,2014-09,1종,775630
145,산인,2014-09,2종,18182
145,산인,2014-09,3종,31804
145,산인,2014-09,4종,12029
145,산인,2014-09,5종,17891
145,산인,2014-09,6종,43292
146,동창원,2014-09,1종,551580
146,동창원,2014-09,2종,26710
146,동창원,2014-09,3종,20875
146,동창원,2014-09,4종,16863
146,동창원,2014-09,5종,26741
146,동창원,2014-09,6종,36477
147,진례,2014-09,1종,424151
147,진례,2014-09,2종,26924
147,진례,2014-09,3종,15671
147,진례,2014-09,4종,15667
147,진례,2014-09,5종,49404
147,진례,2014-09,6종,26999
148,서김해,2014-09,1종,635784
148,서김해,2014-09,2종,20503
148,서김해,2014-09,3종,16232
148,서김해,2014-09,4종,9666
148,서김해,2014-09,5종,16594
148,서김해,2014-09,6종,42663
149,동김해,2014-09,1종,1100163
149,동김해,2014-09,2종,31653
149,동김해,2014-09,3종,25552
149,동김해,2014-09,4종,10824
149,동김해,2014-09,5종,13114
149,동김해,2014-09,6종,83632
150,북부산,2014-09,1종,2312787
150,북부산,2014-09,2종,61399
150,북부산,2014-09,3종,65348
150,북부산,2014-09,4종,37922
150,북부산,2014-09,5종,87672
150,북부산,2014-09,6종,147055
151,북대전,2014-09,1종,678727
151,북대전,2014-09,2종,16004
151,북대전,2014-09,3종,31121
151,북대전,2014-09,4종,17079
151,북대전,2014-09,5종,15143
151,북대전,2014-09,6종,37513
152,유성,2014-09,1종,1065961
152,유성,2014-09,2종,23134
152,유성,2014-09,3종,37596
152,유성,2014-09,4종,15317
152,유성,2014-09,5종,11251
152,유성,2014-09,6종,49982
153,서대전,2014-09,1종,700883
153,서대전,2014-09,2종,19813
153,서대전,2014-09,3종,18449
153,서대전,2014-09,4종,15780
153,서대전,2014-09,5종,12339
153,서대전,2014-09,6종,39745
154,안영,2014-09,1종,446594
154,안영,2014-09,2종,15297
154,안영,2014-09,3종,11934
154,안영,2014-09,4종,10630
154,안영,2014-09,5종,17033
154,안영,2014-09,6종,22878
155,논산,2014-09,1종,225730
155,논산,2014-09,2종,16113
155,논산,2014-09,3종,16398
155,논산,2014-09,4종,10813
155,논산,2014-09,5종,11075
155,논산,2014-09,6종,9269
156,익산,2014-09,1종,294880
156,익산,2014-09,2종,20561
156,익산,2014-09,3종,28384
156,익산,2014-09,4종,17618
156,익산,2014-09,5종,25078
156,익산,2014-09,6종,9659
157,삼례,2014-09,1종,121481
157,삼례,2014-09,2종,7161
157,삼례,2014-09,3종,8166
157,삼례,2014-09,4종,5474
157,삼례,2014-09,5종,9821
157,삼례,2014-09,6종,3647
158,전주,2014-09,1종,470547
158,전주,2014-09,2종,18902
158,전주,2014-09,3종,50483
158,전주,2014-09,4종,18894
158,전주,2014-09,5종,38152
158,전주,2014-09,6종,14240
159,서전주,2014-09,1종,289314
159,서전주,2014-09,2종,11443
159,서전주,2014-09,3종,11862
159,서전주,2014-09,4종,6635
159,서전주,2014-09,5종,7281
159,서전주,2014-09,6종,8782
160,김제,2014-09,1종,131809
160,김제,2014-09,2종,6787
160,김제,2014-09,3종,8137
160,김제,2014-09,4종,3477
160,김제,2014-09,5종,4335
160,김제,2014-09,6종,4076
161,금산사,2014-09,1종,40132
161,금산사,2014-09,2종,1966
161,금산사,2014-09,3종,1885
161,금산사,2014-09,4종,455
161,금산사,2014-09,5종,2084
161,금산사,2014-09,6종,1121
162,태인,2014-09,1종,95439
162,태인,2014-09,2종,5635
162,태인,2014-09,3종,8754
162,태인,2014-09,4종,4405
162,태인,2014-09,5종,5098
162,태인,2014-09,6종,2755
163,정읍,2014-09,1종,269224
163,정읍,2014-09,2종,14687
163,정읍,2014-09,3종,21107
163,정읍,2014-09,4종,9729
163,정읍,2014-09,5종,9830
163,정읍,2014-09,6종,8201
164,무주,2014-09,1종,163994
164,무주,2014-09,2종,3880
164,무주,2014-09,3종,5098
164,무주,2014-09,4종,2731
164,무주,2014-09,5종,2886
164,무주,2014-09,6종,5772
165,백양사,2014-09,1종,72710
165,백양사,2014-09,2종,1744
165,백양사,2014-09,3종,3243
165,백양사,2014-09,4종,1320
165,백양사,2014-09,5종,1537
165,백양사,2014-09,6종,1902
166,장성,2014-09,1종,170259
166,장성,2014-09,2종,11108
166,장성,2014-09,3종,15814
166,장성,2014-09,4종,10384
166,장성,2014-09,5종,11371
166,장성,2014-09,6종,5635
167,광주,2014-09,1종,1068181
167,광주,2014-09,2종,36594
167,광주,2014-09,3종,79582
167,광주,2014-09,4종,40281
167,광주,2014-09,5종,26758
167,광주,2014-09,6종,31924
168,덕유산,2014-09,1종,58165
168,덕유산,2014-09,2종,1446
168,덕유산,2014-09,3종,1214
168,덕유산,2014-09,4종,692
168,덕유산,2014-09,5종,1155
168,덕유산,2014-09,6종,1816
169,장수,2014-09,1종,130628
169,장수,2014-09,2종,3999
169,장수,2014-09,3종,4572
169,장수,2014-09,4종,2292
169,장수,2014-09,5종,2403
169,장수,2014-09,6종,3808
170,서상,2014-09,1종,57031
170,서상,2014-09,2종,2541
170,서상,2014-09,3종,4141
170,서상,2014-09,4종,3187
170,서상,2014-09,5종,2610
170,서상,2014-09,6종,1950
171,마성,2014-09,1종,352512
171,마성,2014-09,2종,5943
171,마성,2014-09,3종,22471
171,마성,2014-09,4종,1234
171,마성,2014-09,5종,1299
171,마성,2014-09,6종,20167
172,용인,2014-09,1종,866390
172,용인,2014-09,2종,56005
172,용인,2014-09,3종,33180
172,용인,2014-09,4종,18088
172,용인,2014-09,5종,14425
172,용인,2014-09,6종,60235
173,양지,2014-09,1종,845304
173,양지,2014-09,2종,80215
173,양지,2014-09,3종,60385
173,양지,2014-09,4종,49295
173,양지,2014-09,5종,38340
173,양지,2014-09,6종,47747
174,춘천,2014-09,1종,732539
174,춘천,2014-09,2종,17958
174,춘천,2014-09,3종,25941
174,춘천,2014-09,4종,7999
174,춘천,2014-09,5종,6612
174,춘천,2014-09,6종,45514
175,덕평,2014-09,1종,291722
175,덕평,2014-09,2종,37625
175,덕평,2014-09,3종,24763
175,덕평,2014-09,4종,19276
175,덕평,2014-09,5종,11296
175,덕평,2014-09,6종,18334
176,이천,2014-09,1종,615347
176,이천,2014-09,2종,39560
176,이천,2014-09,3종,46090
176,이천,2014-09,4종,41846
176,이천,2014-09,5종,36249
176,이천,2014-09,6종,30534
177,여주,2014-09,1종,389362
177,여주,2014-09,2종,16180
177,여주,2014-09,3종,37355
177,여주,2014-09,4종,20581
177,여주,2014-09,5종,10625
177,여주,2014-09,6종,15984
178,문막,2014-09,1종,355233
178,문막,2014-09,2종,20577
178,문막,2014-09,3종,35170
178,문막,2014-09,4종,13134
178,문막,2014-09,5종,13476
178,문막,2014-09,6종,15797
179,홍천,2014-09,1종,312508
179,홍천,2014-09,2종,9139
179,홍천,2014-09,3종,16085
179,홍천,2014-09,4종,7414
179,홍천,2014-09,5종,5854
179,홍천,2014-09,6종,20956
180,원주,2014-09,1종,259719
180,원주,2014-09,2종,14150
180,원주,2014-09,3종,17439
180,원주,2014-09,4종,8471
180,원주,2014-09,5종,8820
180,원주,2014-09,6종,12912
181,새말,2014-09,1종,214165
181,새말,2014-09,2종,7609
181,새말,2014-09,3종,11914
181,새말,2014-09,4종,5037
181,새말,2014-09,5종,5190
181,새말,2014-09,6종,8184
182,둔내,2014-09,1종,108217
182,둔내,2014-09,2종,3700
182,둔내,2014-09,3종,5358
182,둔내,2014-09,4종,3366
182,둔내,2014-09,5종,1257
182,둔내,2014-09,6종,4314
183,면온,2014-09,1종,76261
183,면온,2014-09,2종,1575
183,면온,2014-09,3종,2534
183,면온,2014-09,4종,1837
183,면온,2014-09,5종,1760
183,면온,2014-09,6종,2913
184,대관령,2014-09,1종,222119
184,대관령,2014-09,2종,6708
184,대관령,2014-09,3종,18659
184,대관령,2014-09,4종,5679
184,대관령,2014-09,5종,3163
184,대관령,2014-09,6종,9817
185,평창,2014-09,1종,182625
185,평창,2014-09,2종,5517
185,평창,2014-09,3종,16720
185,평창,2014-09,4종,4241
185,평창,2014-09,5종,3527
185,평창,2014-09,6종,7450
186,속사,2014-09,1종,40207
186,속사,2014-09,2종,1675
186,속사,2014-09,3종,2330
186,속사,2014-09,4종,1754
186,속사,2014-09,5종,809
186,속사,2014-09,6종,1576
187,진부,2014-09,1종,143636
187,진부,2014-09,2종,6459
187,진부,2014-09,3종,13461
187,진부,2014-09,4종,5102
187,진부,2014-09,5종,2849
187,진부,2014-09,6종,6277
188,서충주,2014-09,1종,103878
188,서충주,2014-09,2종,5268
188,서충주,2014-09,3종,7952
188,서충주,2014-09,4종,6033
188,서충주,2014-09,5종,7816
188,서충주,2014-09,6종,4159
189,강릉,2014-09,1종,496380
189,강릉,2014-09,2종,13496
189,강릉,2014-09,3종,41088
189,강릉,2014-09,4종,9503
189,강릉,2014-09,5종,10612
189,강릉,2014-09,6종,24827
190,동서울,2014-09,1종,3443074
190,동서울,2014-09,2종,178045
190,동서울,2014-09,3종,217874
190,동서울,2014-09,4종,101224
190,동서울,2014-09,5종,58626
190,동서울,2014-09,6종,158331
191,경기광주,2014-09,1종,774762
191,경기광주,2014-09,2종,42785
191,경기광주,2014-09,3종,34319
191,경기광주,2014-09,4종,11609
191,경기광주,2014-09,5종,5316
191,경기광주,2014-09,6종,52607
192,곤지암,2014-09,1종,783173
192,곤지암,2014-09,2종,65320
192,곤지암,2014-09,3종,44535
192,곤지암,2014-09,4종,35305
192,곤지암,2014-09,5종,18952
192,곤지암,2014-09,6종,42905
193,일죽,2014-09,1종,482496
193,일죽,2014-09,2종,32848
193,일죽,2014-09,3종,36557
193,일죽,2014-09,4종,28070
193,일죽,2014-09,5종,16655
193,일죽,2014-09,6종,18814
194,서이천,2014-09,1종,505514
194,서이천,2014-09,2종,58057
194,서이천,2014-09,3종,48499
194,서이천,2014-09,4종,32951
194,서이천,2014-09,5종,14082
194,서이천,2014-09,6종,30106
195,대소,2014-09,1종,281173
195,대소,2014-09,2종,39271
195,대소,2014-09,3종,37745
195,대소,2014-09,4종,28867
195,대소,2014-09,5종,19931
195,대소,2014-09,6종,13027
196,진천,2014-09,1종,250424
196,진천,2014-09,2종,16924
196,진천,2014-09,3종,19427
196,진천,2014-09,4종,15746
196,진천,2014-09,5종,15899
196,진천,2014-09,6종,10759
197,증평,2014-09,1종,368569
197,증평,2014-09,2종,20887
197,증평,2014-09,3종,24709
197,증평,2014-09,4종,16611
197,증평,2014-09,5종,17520
197,증평,2014-09,6종,15689
198,서청주,2014-09,1종,772938
198,서청주,2014-09,2종,32026
198,서청주,2014-09,3종,41622
198,서청주,2014-09,4종,27022
198,서청주,2014-09,5종,20362
198,서청주,2014-09,6종,39052
199,오창,2014-09,1종,508045
199,오창,2014-09,2종,20441
199,오창,2014-09,3종,30572
199,오창,2014-09,4종,17685
199,오창,2014-09,5종,16247
199,오창,2014-09,6종,25402
200,금산,2014-09,1종,191305
200,금산,2014-09,2종,3986
200,금산,2014-09,3종,7683
200,금산,2014-09,4종,4393
200,금산,2014-09,5종,6703
200,금산,2014-09,6종,7922
201,칠곡,2014-09,1종,623304
201,칠곡,2014-09,2종,22603
201,칠곡,2014-09,3종,21830
201,칠곡,2014-09,4종,9374
201,칠곡,2014-09,5종,12821
201,칠곡,2014-09,6종,31294
202,다부,2014-09,1종,127142
202,다부,2014-09,2종,7407
202,다부,2014-09,3종,5086
202,다부,2014-09,4종,2582
202,다부,2014-09,5종,6047
202,다부,2014-09,6종,5126
203,가산,2014-09,1종,545942
203,가산,2014-09,2종,19729
203,가산,2014-09,3종,19977
203,가산,2014-09,4종,12569
203,가산,2014-09,5종,33533
203,가산,2014-09,6종,22607
204,추부,2014-09,1종,192702
204,추부,2014-09,2종,8047
204,추부,2014-09,3종,10383
204,추부,2014-09,4종,4975
204,추부,2014-09,5종,4548
204,추부,2014-09,6종,10203
205,군위,2014-09,1종,164933
205,군위,2014-09,2종,5521
205,군위,2014-09,3종,4178
205,군위,2014-09,4종,2747
205,군위,2014-09,5종,11118
205,군위,2014-09,6종,6865
206,의성,2014-09,1종,188999
206,의성,2014-09,2종,4353
206,의성,2014-09,3종,3930
206,의성,2014-09,4종,1755
206,의성,2014-09,5종,3323
206,의성,2014-09,6종,6323
207,남안동,2014-09,1종,309057
207,남안동,2014-09,2종,7909
207,남안동,2014-09,3종,6771
207,남안동,2014-09,4종,4272
207,남안동,2014-09,5종,6560
207,남안동,2014-09,6종,10964
208,서안동,2014-09,1종,231145
208,서안동,2014-09,2종,7327
208,서안동,2014-09,3종,16344
208,서안동,2014-09,4종,3664
208,서안동,2014-09,5종,6627
208,서안동,2014-09,6종,7509
209,예천,2014-09,1종,33213
209,예천,2014-09,2종,675
209,예천,2014-09,3종,413
209,예천,2014-09,4종,241
209,예천,2014-09,5종,618
209,예천,2014-09,6종,1058
210,영주,2014-09,1종,157072
210,영주,2014-09,2종,5031
210,영주,2014-09,3종,7559
210,영주,2014-09,4종,4095
210,영주,2014-09,5종,10510
210,영주,2014-09,6종,5325
211,풍기,2014-09,1종,234390
211,풍기,2014-09,2종,6148
211,풍기,2014-09,3종,14089
211,풍기,2014-09,4종,4308
211,풍기,2014-09,5종,6255
211,풍기,2014-09,6종,7754
212,북수원,2014-09,1종,1309479
212,북수원,2014-09,2종,39726
212,북수원,2014-09,3종,55692
212,북수원,2014-09,4종,25110
212,북수원,2014-09,5종,15630
212,북수원,2014-09,6종,80274
213,부곡,2014-09,1종,373129
213,부곡,2014-09,2종,10367
213,부곡,2014-09,3종,8472
213,부곡,2014-09,4종,14313
213,부곡,2014-09,5종,64772
213,부곡,2014-09,6종,26175
214,동군포,2014-09,1종,214468
214,동군포,2014-09,2종,22289
214,동군포,2014-09,3종,14941
214,동군포,2014-09,4종,30949
214,동군포,2014-09,5종,16488
214,동군포,2014-09,6종,16447
215,군포,2014-09,1종,1002805
215,군포,2014-09,2종,46174
215,군포,2014-09,3종,40336
215,군포,2014-09,4종,17070
215,군포,2014-09,5종,23318
215,군포,2014-09,6종,75934
216,횡성,2014-09,1종,194442
216,횡성,2014-09,2종,6631
216,횡성,2014-09,3종,9329
216,횡성,2014-09,4종,4237
216,횡성,2014-09,5종,4855
216,횡성,2014-09,6종,9305
217,북원주,2014-09,1종,75822
217,북원주,2014-09,2종,5452
217,북원주,2014-09,3종,3937
217,북원주,2014-09,4종,2054
217,북원주,2014-09,5종,2704
217,북원주,2014-09,6종,4801
218,남원주,2014-09,1종,549337
218,남원주,2014-09,2종,15425
218,남원주,2014-09,3종,28655
218,남원주,2014-09,4종,7916
218,남원주,2014-09,5종,7285
218,남원주,2014-09,6종,27672
219,신림,2014-09,1종,111971
219,신림,2014-09,2종,2994
219,신림,2014-09,3종,3364
219,신림,2014-09,4종,3188
219,신림,2014-09,5종,5542
219,신림,2014-09,6종,4457
220,덕평휴게소,2014-09,1종,5149
220,덕평휴게소,2014-09,2종,139
220,덕평휴게소,2014-09,3종,42
220,덕평휴게소,2014-09,4종,0
220,덕평휴게소,2014-09,5종,0
220,덕평휴게소,2014-09,6종,400
221,생초,2014-09,1종,69518
221,생초,2014-09,2종,2244
221,생초,2014-09,3종,2757
221,생초,2014-09,4종,1891
221,생초,2014-09,5종,6622
221,생초,2014-09,6종,2532
222,산청,2014-09,1종,61973
222,산청,2014-09,2종,1808
222,산청,2014-09,3종,2652
222,산청,2014-09,4종,1179
222,산청,2014-09,5종,1548
222,산청,2014-09,6종,2370
223,단성,2014-09,1종,117910
223,단성,2014-09,2종,2486
223,단성,2014-09,3종,5844
223,단성,2014-09,4종,2789
223,단성,2014-09,5종,4094
223,단성,2014-09,6종,4365
224,함양,2014-09,1종,117343
224,함양,2014-09,2종,3228
224,함양,2014-09,3종,7513
224,함양,2014-09,4종,1469
224,함양,2014-09,5종,2163
224,함양,2014-09,6종,5331
225,서진주,2014-09,1종,324822
225,서진주,2014-09,2종,7631
225,서진주,2014-09,3종,6394
225,서진주,2014-09,4종,2883
225,서진주,2014-09,5종,3910
225,서진주,2014-09,6종,18708
227,군산,2014-09,1종,315328
227,군산,2014-09,2종,9395
227,군산,2014-09,3종,17528
227,군산,2014-09,4종,13078
227,군산,2014-09,5종,33241
227,군산,2014-09,6종,9330
228,동군산,2014-09,1종,294739
228,동군산,2014-09,2종,9217
228,동군산,2014-09,3종,14229
228,동군산,2014-09,4종,8064
228,동군산,2014-09,5종,18715
228,동군산,2014-09,6종,8248
229,북천안,2014-09,1종,349384
229,북천안,2014-09,2종,27251
229,북천안,2014-09,3종,33492
229,북천안,2014-09,4종,36498
229,북천안,2014-09,5종,40058
229,북천안,2014-09,6종,19779
230,팔공산,2014-09,1종,667928
230,팔공산,2014-09,2종,22621
230,팔공산,2014-09,3종,13569
230,팔공산,2014-09,4종,7394
230,팔공산,2014-09,5종,9190
230,팔공산,2014-09,6종,31404
231,화원옥포,2014-09,1종,666770
231,화원옥포,2014-09,2종,33377
231,화원옥포,2014-09,3종,22483
231,화원옥포,2014-09,4종,9170
231,화원옥포,2014-09,5종,13656
231,화원옥포,2014-09,6종,34293
232,달성,2014-09,1종,409951
232,달성,2014-09,2종,21140
232,달성,2014-09,3종,23420
232,달성,2014-09,4종,6400
232,달성,2014-09,5종,6825
232,달성,2014-09,6종,27268
233,현풍,2014-09,1종,491381
233,현풍,2014-09,2종,32064
233,현풍,2014-09,3종,28520
233,현풍,2014-09,4종,17203
233,현풍,2014-09,5종,37955
233,현풍,2014-09,6종,23365
234,서천,2014-09,1종,138660
234,서천,2014-09,2종,4286
234,서천,2014-09,3종,5159
234,서천,2014-09,4종,4468
234,서천,2014-09,5종,6192
234,서천,2014-09,6종,4489
235,창녕,2014-09,1종,176694
235,창녕,2014-09,2종,6586
235,창녕,2014-09,3종,8211
235,창녕,2014-09,4종,3174
235,창녕,2014-09,5종,7597
235,창녕,2014-09,6종,8676
236,영산,2014-09,1종,156522
236,영산,2014-09,2종,9700
236,영산,2014-09,3종,9157
236,영산,2014-09,4종,6371
236,영산,2014-09,5종,8892
236,영산,2014-09,6종,6935
237,남지,2014-09,1종,138667
237,남지,2014-09,2종,6878
237,남지,2014-09,3종,11538
237,남지,2014-09,4종,7098
237,남지,2014-09,5종,11567
237,남지,2014-09,6종,9737
238,칠서,2014-09,1종,223755
238,칠서,2014-09,2종,25855
238,칠서,2014-09,3종,14664
238,칠서,2014-09,4종,18848
238,칠서,2014-09,5종,32718
238,칠서,2014-09,6종,13454
239,칠원,2014-09,1종,583754
239,칠원,2014-09,2종,24308
239,칠원,2014-09,3종,44428
239,칠원,2014-09,4종,31928
239,칠원,2014-09,5종,29936
239,칠원,2014-09,6종,28670
240,제천,2014-09,1종,505593
240,제천,2014-09,2종,13923
240,제천,2014-09,3종,25641
240,제천,2014-09,4종,11789
240,제천,2014-09,5종,18544
240,제천,2014-09,6종,20622
241,동고령,2014-09,1종,296486
241,동고령,2014-09,2종,16725
241,동고령,2014-09,3종,16093
241,동고령,2014-09,4종,11196
241,동고령,2014-09,5종,16415
241,동고령,2014-09,6종,13014
242,고령,2014-09,1종,206104
242,고령,2014-09,2종,10218
242,고령,2014-09,3종,9175
242,고령,2014-09,4종,5096
242,고령,2014-09,5종,16635
242,고령,2014-09,6종,8327
243,해인사,2014-09,1종,111165
243,해인사,2014-09,2종,2771
243,해인사,2014-09,3종,2505
243,해인사,2014-09,4종,732
243,해인사,2014-09,5종,1326
243,해인사,2014-09,6종,4698
244,서부산,2014-09,1종,2068082
244,서부산,2014-09,2종,62989
244,서부산,2014-09,3종,95076
244,서부산,2014-09,4종,53875
244,서부산,2014-09,5종,190956
244,서부산,2014-09,6종,125520
245,장유,2014-09,1종,1235384
245,장유,2014-09,2종,35676
245,장유,2014-09,3종,49714
245,장유,2014-09,4종,19507
245,장유,2014-09,5종,31261
245,장유,2014-09,6종,85601
246,가락,2014-09,1종,754380
246,가락,2014-09,2종,30077
246,가락,2014-09,3종,27973
246,가락,2014-09,4종,45465
246,가락,2014-09,5종,199758
246,가락,2014-09,6종,50807
247,남원,2014-09,1종,150870
247,남원,2014-09,2종,5933
247,남원,2014-09,3종,7702
247,남원,2014-09,4종,2710
247,남원,2014-09,5종,8780
247,남원,2014-09,6종,5793
248,순창,2014-09,1종,139211
248,순창,2014-09,2종,3743
248,순창,2014-09,3종,4033
248,순창,2014-09,4종,2352
248,순창,2014-09,5종,3569
248,순창,2014-09,6종,4855
249,담양,2014-09,1종,167647
249,담양,2014-09,2종,3700
249,담양,2014-09,3종,12883
249,담양,2014-09,4종,2270
249,담양,2014-09,5종,4107
249,담양,2014-09,6종,5542
250,남양산,2014-09,1종,990008
250,남양산,2014-09,2종,44023
250,남양산,2014-09,3종,37135
250,남양산,2014-09,4종,22822
250,남양산,2014-09,5종,30342
250,남양산,2014-09,6종,71793
251,물금,2014-09,1종,415656
251,물금,2014-09,2종,42418
251,물금,2014-09,3종,15271
251,물금,2014-09,4종,32127
251,물금,2014-09,5종,53086
251,물금,2014-09,6종,27883
252,대동,2014-09,1종,2246185
252,대동,2014-09,2종,140895
252,대동,2014-09,3종,111950
252,대동,2014-09,4종,99739
252,대동,2014-09,5종,267029
252,대동,2014-09,6종,114063
253,서서울,2014-09,1종,5136394
253,서서울,2014-09,2종,190369
253,서서울,2014-09,3종,155143
253,서서울,2014-09,4종,115070
253,서서울,2014-09,5종,105736
253,서서울,2014-09,6종,304287
254,군자,2014-09,1종,2382527
254,군자,2014-09,2종,110513
254,군자,2014-09,3종,112168
254,군자,2014-09,4종,75486
254,군자,2014-09,5종,152558
254,군자,2014-09,6종,165687
255,서안산,2014-09,1종,1709727
255,서안산,2014-09,2종,93599
255,서안산,2014-09,3종,65194
255,서안산,2014-09,4종,43213
255,서안산,2014-09,5종,55562
255,서안산,2014-09,6종,131543
256,안산,2014-09,1종,879679
256,안산,2014-09,2종,23620
256,안산,2014-09,3종,21477
256,안산,2014-09,4종,6006
256,안산,2014-09,5종,6096
256,안산,2014-09,6종,66650
257,홍성,2014-09,1종,289951
257,홍성,2014-09,2종,5555
257,홍성,2014-09,3종,8799
257,홍성,2014-09,4종,4247
257,홍성,2014-09,5종,3630
257,홍성,2014-09,6종,10237
258,광천,2014-09,1종,165205
258,광천,2014-09,2종,5840
258,광천,2014-09,3종,7598
258,광천,2014-09,4종,5824
258,광천,2014-09,5종,9969
258,광천,2014-09,6종,5476
259,대천,2014-09,1종,248553
259,대천,2014-09,2종,6947
259,대천,2014-09,3종,11562
259,대천,2014-09,4종,4026
259,대천,2014-09,5종,5106
259,대천,2014-09,6종,8855
260,춘장대,2014-09,1종,100516
260,춘장대,2014-09,2종,1820
260,춘장대,2014-09,3종,2338
260,춘장대,2014-09,4종,2065
260,춘장대,2014-09,5종,2469
260,춘장대,2014-09,6종,2521
261,동광주,2014-09,1종,1085194
261,동광주,2014-09,2종,29168
261,동광주,2014-09,3종,58104
261,동광주,2014-09,4종,21038
261,동광주,2014-09,5종,43614
261,동광주,2014-09,6종,36081
262,창평,2014-09,1종,103442
262,창평,2014-09,2종,4525
262,창평,2014-09,3종,2852
262,창평,2014-09,4종,1986
262,창평,2014-09,5종,1503
262,창평,2014-09,6종,3245
263,옥과,2014-09,1종,220087
263,옥과,2014-09,2종,4261
263,옥과,2014-09,3종,9597
263,옥과,2014-09,4종,3226
263,옥과,2014-09,5종,4941
263,옥과,2014-09,6종,8795
264,동남원,2014-09,1종,53378
264,동남원,2014-09,2종,2019
264,동남원,2014-09,3종,2504
264,동남원,2014-09,4종,1279
264,동남원,2014-09,5종,1446
264,동남원,2014-09,6종,1785
265,곡성,2014-09,1종,170696
265,곡성,2014-09,2종,4295
265,곡성,2014-09,3종,5055
265,곡성,2014-09,4종,2253
265,곡성,2014-09,5종,5594
265,곡성,2014-09,6종,5996
266,석곡,2014-09,1종,58952
266,석곡,2014-09,2종,1213
266,석곡,2014-09,3종,1846
266,석곡,2014-09,4종,951
266,석곡,2014-09,5종,1439
266,석곡,2014-09,6종,1908
267,주암송광사,2014-09,1종,135507
267,주암송광사,2014-09,2종,3228
267,주암송광사,2014-09,3종,3084
267,주암송광사,2014-09,4종,2696
267,주암송광사,2014-09,5종,4201
267,주암송광사,2014-09,6종,3803
268,승주,2014-09,1종,71474
268,승주,2014-09,2종,1244
268,승주,2014-09,3종,1443
268,승주,2014-09,4종,1110
268,승주,2014-09,5종,1203
268,승주,2014-09,6종,3010
269,지리산,2014-09,1종,59737
269,지리산,2014-09,2종,1856
269,지리산,2014-09,3종,2944
269,지리산,2014-09,4종,1677
269,지리산,2014-09,5종,1075
269,지리산,2014-09,6종,1954
270,서순천,2014-09,1종,165990
270,서순천,2014-09,2종,5255
270,서순천,2014-09,3종,10448
270,서순천,2014-09,4종,2360
270,서순천,2014-09,5종,4219
270,서순천,2014-09,6종,5730
271,순천,2014-09,1종,574164
271,순천,2014-09,2종,15098
271,순천,2014-09,3종,16207
271,순천,2014-09,4종,9235
271,순천,2014-09,5종,33030
271,순천,2014-09,6종,19141
272,광양,2014-09,1종,318144
272,광양,2014-09,2종,9741
272,광양,2014-09,3종,22429
272,광양,2014-09,4종,12909
272,광양,2014-09,5종,52831
272,광양,2014-09,6종,10334
273,동광양,2014-09,1종,142118
273,동광양,2014-09,2종,2572
273,동광양,2014-09,3종,2989
273,동광양,2014-09,4종,3649
273,동광양,2014-09,5종,22430
273,동광양,2014-09,6종,6274
274,가조,2014-09,1종,65588
274,가조,2014-09,2종,2095
274,가조,2014-09,3종,2848
274,가조,2014-09,4종,1516
274,가조,2014-09,5종,968
274,가조,2014-09,6종,3594
275,옥곡,2014-09,1종,172595
275,옥곡,2014-09,2종,4763
275,옥곡,2014-09,3종,8137
275,옥곡,2014-09,4종,8533
275,옥곡,2014-09,5종,36312
275,옥곡,2014-09,6종,6596
276,진월,2014-09,1종,90788
276,진월,2014-09,2종,2542
276,진월,2014-09,3종,1958
276,진월,2014-09,4종,6276
276,진월,2014-09,5종,39429
276,진월,2014-09,6종,3201
277,하동,2014-09,1종,215212
277,하동,2014-09,2종,5059
277,하동,2014-09,3종,7037
277,하동,2014-09,4종,9450
277,하동,2014-09,5종,33609
277,하동,2014-09,6종,9474
278,진교,2014-09,1종,194233
278,진교,2014-09,2종,3813
278,진교,2014-09,3종,12977
278,진교,2014-09,4종,1300
278,진교,2014-09,5종,2751
278,진교,2014-09,6종,10509
279,곤양,2014-09,1종,146882
279,곤양,2014-09,2종,4058
279,곤양,2014-09,3종,6569
279,곤양,2014-09,4종,3098
279,곤양,2014-09,5종,8065
279,곤양,2014-09,6종,6482
280,거창,2014-09,1종,177612
280,거창,2014-09,2종,7436
280,거창,2014-09,3종,14017
280,거창,2014-09,4종,3133
280,거창,2014-09,5종,3288
280,거창,2014-09,6종,8269
281,매송,2014-09,1종,512806
281,매송,2014-09,2종,23767
281,매송,2014-09,3종,23265
281,매송,2014-09,4종,10689
281,매송,2014-09,5종,14367
281,매송,2014-09,6종,28049
282,비봉,2014-09,1종,757578
282,비봉,2014-09,2종,43751
282,비봉,2014-09,3종,29071
282,비봉,2014-09,4종,16965
282,비봉,2014-09,5종,29312
282,비봉,2014-09,6종,45586
283,발안,2014-09,1종,444512
283,발안,2014-09,2종,26145
283,발안,2014-09,3종,23137
283,발안,2014-09,4종,15679
283,발안,2014-09,5종,18066
283,발안,2014-09,6종,27078
284,남양양,2014-09,1종,56913
284,남양양,2014-09,2종,1635
284,남양양,2014-09,3종,2136
284,남양양,2014-09,4종,562
284,남양양,2014-09,5종,1270
284,남양양,2014-09,6종,2046
285,서평택,2014-09,1종,614322
285,서평택,2014-09,2종,40253
285,서평택,2014-09,3종,43443
285,서평택,2014-09,4종,58895
285,서평택,2014-09,5종,109001
285,서평택,2014-09,6종,32576
286,통도사휴게소,2014-09,1종,32269
286,통도사휴게소,2014-09,2종,252
286,통도사휴게소,2014-09,3종,1638
286,통도사휴게소,2014-09,4종,1
286,통도사휴게소,2014-09,5종,0
286,통도사휴게소,2014-09,6종,1414
287,송악,2014-09,1종,490446
287,송악,2014-09,2종,17611
287,송악,2014-09,3종,19311
287,송악,2014-09,4종,22748
287,송악,2014-09,5종,104557
287,송악,2014-09,6종,21674
288,당진,2014-09,1종,447679
288,당진,2014-09,2종,15565
288,당진,2014-09,3종,26107
288,당진,2014-09,4종,13994
288,당진,2014-09,5종,41219
288,당진,2014-09,6종,19345
289,마산,2014-09,1종,860198
289,마산,2014-09,2종,26503
289,마산,2014-09,3종,37110
289,마산,2014-09,4종,13723
289,마산,2014-09,5종,17689
289,마산,2014-09,6종,131507
290,축동,2014-09,1종,51282
290,축동,2014-09,2종,2565
290,축동,2014-09,3종,1712
290,축동,2014-09,4종,4129
290,축동,2014-09,5종,8802
290,축동,2014-09,6종,2874
291,사천,2014-09,1종,698160
291,사천,2014-09,2종,28109
291,사천,2014-09,3종,27203
291,사천,2014-09,4종,14394
291,사천,2014-09,5종,24908
291,사천,2014-09,6종,44558
292,진주,2014-09,1종,699923
292,진주,2014-09,2종,22541
292,진주,2014-09,3종,49668
292,진주,2014-09,4종,12850
292,진주,2014-09,5종,27556
292,진주,2014-09,6종,44730
293,문산,2014-09,1종,306553
293,문산,2014-09,2종,11004
293,문산,2014-09,3종,7633
293,문산,2014-09,4종,6709
293,문산,2014-09,5종,9105
293,문산,2014-09,6종,18529
294,북창원,2014-09,1종,226564
294,북창원,2014-09,2종,7504
294,북창원,2014-09,3종,5267
294,북창원,2014-09,4종,5688
294,북창원,2014-09,5종,20328
294,북창원,2014-09,6종,10100
295,진성,2014-09,1종,144187
295,진성,2014-09,2종,8524
295,진성,2014-09,3종,5939
295,진성,2014-09,4종,5620
295,진성,2014-09,5종,12912
295,진성,2014-09,6종,7202
296,지수,2014-09,1종,53510
296,지수,2014-09,2종,2596
296,지수,2014-09,3종,1734
296,지수,2014-09,4종,914
296,지수,2014-09,5종,3711
296,지수,2014-09,6종,3519
298,서산,2014-09,1종,535442
298,서산,2014-09,2종,17429
298,서산,2014-09,3종,32278
298,서산,2014-09,4종,22466
298,서산,2014-09,5종,37539
298,서산,2014-09,6종,21181
299,해미,2014-09,1종,151292
299,해미,2014-09,2종,5114
299,해미,2014-09,3종,8355
299,해미,2014-09,4종,5254
299,해미,2014-09,5종,9616
299,해미,2014-09,6종,5998
500,남여주,2014-09,1종,162964
500,남여주,2014-09,2종,7087
500,남여주,2014-09,3종,10109
500,남여주,2014-09,4종,7105
500,남여주,2014-09,5종,12145
500,남여주,2014-09,6종,6658
501,서김제,2014-09,1종,67929
501,서김제,2014-09,2종,2590
501,서김제,2014-09,3종,3316
501,서김제,2014-09,4종,1857
501,서김제,2014-09,5종,2528
501,서김제,2014-09,6종,1732
502,부안,2014-09,1종,126558
502,부안,2014-09,2종,5395
502,부안,2014-09,3종,9835
502,부안,2014-09,4종,2743
502,부안,2014-09,5종,3476
502,부안,2014-09,6종,3373
503,줄포,2014-09,1종,85286
503,줄포,2014-09,2종,2245
503,줄포,2014-09,3종,2804
503,줄포,2014-09,4종,806
503,줄포,2014-09,5종,1257
503,줄포,2014-09,6종,1874
504,선운산,2014-09,1종,145368
504,선운산,2014-09,2종,4001
504,선운산,2014-09,3종,9069
504,선운산,2014-09,4종,5588
504,선운산,2014-09,5종,4727
504,선운산,2014-09,6종,3919
505,고창,2014-09,1종,107775
505,고창,2014-09,2종,3400
505,고창,2014-09,3종,3636
505,고창,2014-09,4종,1228
505,고창,2014-09,5종,1145
505,고창,2014-09,6종,2856
506,영광,2014-09,1종,113088
506,영광,2014-09,2종,3045
506,영광,2014-09,3종,7525
506,영광,2014-09,4종,1877
506,영광,2014-09,5종,1828
506,영광,2014-09,6종,2753
507,함평,2014-09,1종,81176
507,함평,2014-09,2종,2864
507,함평,2014-09,3종,5532
507,함평,2014-09,4종,2781
507,함평,2014-09,5종,4403
507,함평,2014-09,6종,2196
508,무안,2014-09,1종,201904
508,무안,2014-09,2종,4920
508,무안,2014-09,3종,6494
508,무안,2014-09,4종,3405
508,무안,2014-09,5종,4489
508,무안,2014-09,6종,6172
509,목포,2014-09,1종,844426
509,목포,2014-09,2종,19071
509,목포,2014-09,3종,37563
509,목포,2014-09,4종,20596
509,목포,2014-09,5종,35248
509,목포,2014-09,6종,22721
510,양양,2014-09,1종,87820
510,양양,2014-09,2종,2335
510,양양,2014-09,3종,2847
510,양양,2014-09,4종,1417
510,양양,2014-09,5종,3684
510,양양,2014-09,6종,3448
511,무창포,2014-09,1종,108338
511,무창포,2014-09,2종,4689
511,무창포,2014-09,3종,4458
511,무창포,2014-09,4종,2206
511,무창포,2014-09,5종,4267
511,무창포,2014-09,6종,3037
512,연화산,2014-09,1종,41413
512,연화산,2014-09,2종,1441
512,연화산,2014-09,3종,871
512,연화산,2014-09,4종,955
512,연화산,2014-09,5종,2434
512,연화산,2014-09,6종,2544
513,고성,2014-09,1종,351624
513,고성,2014-09,2종,11727
513,고성,2014-09,3종,15423
513,고성,2014-09,4종,8708
513,고성,2014-09,5종,14881
513,고성,2014-09,6종,18567
514,동고성,2014-09,1종,94553
514,동고성,2014-09,2종,3885
514,동고성,2014-09,3종,5073
514,동고성,2014-09,4종,8557
514,동고성,2014-09,5종,13686
514,동고성,2014-09,6종,6867
515,북통영,2014-09,1종,148795
515,북통영,2014-09,2종,3435
515,북통영,2014-09,3종,10316
515,북통영,2014-09,4종,1640
515,북통영,2014-09,5종,1442
515,북통영,2014-09,6종,8271
516,통영,2014-09,1종,560417
516,통영,2014-09,2종,16567
516,통영,2014-09,3종,22838
516,통영,2014-09,4종,16678
516,통영,2014-09,5종,20025
516,통영,2014-09,6종,27822
517,양평,2014-09,1종,189868
517,양평,2014-09,2종,5912
517,양평,2014-09,3종,6565
517,양평,2014-09,4종,4869
517,양평,2014-09,5종,6921
517,양평,2014-09,6종,7336
518,칠곡물류,2014-09,1종,60670
518,칠곡물류,2014-09,2종,13933
518,칠곡물류,2014-09,3종,7555
518,칠곡물류,2014-09,4종,12514
518,칠곡물류,2014-09,5종,13109
518,칠곡물류,2014-09,6종,2789
519,남대구,2014-09,1종,1469856
519,남대구,2014-09,2종,58852
519,남대구,2014-09,3종,64660
519,남대구,2014-09,4종,20823
519,남대구,2014-09,5종,34910
519,남대구,2014-09,6종,75966
520,평택,2014-09,1종,629853
520,평택,2014-09,2종,30761
520,평택,2014-09,3종,43054
520,평택,2014-09,4종,19883
520,평택,2014-09,5종,26716
520,평택,2014-09,6종,35265
521,단양,2014-09,1종,84314
521,단양,2014-09,2종,2063
521,단양,2014-09,3종,3716
521,단양,2014-09,4종,1733
521,단양,2014-09,5종,8854
521,단양,2014-09,6종,2934
522,북단양,2014-09,1종,99123
522,북단양,2014-09,2종,2467
522,북단양,2014-09,3종,3494
522,북단양,2014-09,4종,8921
522,북단양,2014-09,5종,30326
522,북단양,2014-09,6종,3639
523,남제천,2014-09,1종,84091
523,남제천,2014-09,2종,2074
523,남제천,2014-09,3종,3353
523,남제천,2014-09,4종,1657
523,남제천,2014-09,5종,3183
523,남제천,2014-09,6종,2816
524,청통와촌,2014-09,1종,254024
524,청통와촌,2014-09,2종,11044
524,청통와촌,2014-09,3종,7259
524,청통와촌,2014-09,4종,4434
524,청통와촌,2014-09,5종,4968
524,청통와촌,2014-09,6종,10115
525,북영천,2014-09,1종,238700
525,북영천,2014-09,2종,6322
525,북영천,2014-09,3종,5411
525,북영천,2014-09,4종,3618
525,북영천,2014-09,5종,5936
525,북영천,2014-09,6종,7178
526,서포항,2014-09,1종,126555
526,서포항,2014-09,2종,2096
526,서포항,2014-09,3종,2411
526,서포항,2014-09,4종,1048
526,서포항,2014-09,5종,2933
526,서포항,2014-09,6종,7146
527,포항,2014-09,1종,784599
527,포항,2014-09,2종,16747
527,포항,2014-09,3종,28394
527,포항,2014-09,4종,9310
527,포항,2014-09,5종,41611
527,포항,2014-09,6종,30730
528,기흥동탄,2014-09,1종,1083361
528,기흥동탄,2014-09,2종,27400
528,기흥동탄,2014-09,3종,69130
528,기흥동탄,2014-09,4종,19003
528,기흥동탄,2014-09,5종,17731
528,기흥동탄,2014-09,6종,63968
529,노포,2014-09,1종,213188
529,노포,2014-09,2종,11407
529,노포,2014-09,3종,40193
529,노포,2014-09,4종,6343
529,노포,2014-09,5종,7080
529,노포,2014-09,6종,10819
530,내장산,2014-09,1종,50491
530,내장산,2014-09,2종,1342
530,내장산,2014-09,3종,929
530,내장산,2014-09,4종,563
530,내장산,2014-09,5종,564
530,내장산,2014-09,6종,2001
531,문의청남대,2014-09,1종,195628
531,문의청남대,2014-09,2종,6202
531,문의청남대,2014-09,3종,8591
531,문의청남대,2014-09,4종,5684
531,문의청남대,2014-09,5종,7029
531,문의청남대,2014-09,6종,7613
532,회인,2014-09,1종,53496
532,회인,2014-09,2종,1048
532,회인,2014-09,3종,955
532,회인,2014-09,4종,609
532,회인,2014-09,5종,950
532,회인,2014-09,6종,2123
533,보은,2014-09,1종,137202
533,보은,2014-09,2종,4287
533,보은,2014-09,3종,4847
533,보은,2014-09,4종,2637
533,보은,2014-09,5종,3895
533,보은,2014-09,6종,5899
534,속리산,2014-09,1종,65421
534,속리산,2014-09,2종,2368
534,속리산,2014-09,3종,2589
534,속리산,2014-09,4종,1595
534,속리산,2014-09,5종,1889
534,속리산,2014-09,6종,2321
535,화서,2014-09,1종,65549
535,화서,2014-09,2종,1701
535,화서,2014-09,3종,2302
535,화서,2014-09,4종,2281
535,화서,2014-09,5종,2094
535,화서,2014-09,6종,2453
536,남상주,2014-09,1종,133440
536,남상주,2014-09,2종,4334
536,남상주,2014-09,3종,10272
536,남상주,2014-09,4종,5363
536,남상주,2014-09,5종,4016
536,남상주,2014-09,6종,5159
537,남김천,2014-09,1종,77442
537,남김천,2014-09,2종,5024
537,남김천,2014-09,3종,4894
537,남김천,2014-09,4종,5061
537,남김천,2014-09,5종,11874
537,남김천,2014-09,6종,2776
538,성주,2014-09,1종,77357
538,성주,2014-09,2종,5561
538,성주,2014-09,3종,5553
538,성주,2014-09,4종,4185
538,성주,2014-09,5종,6315
538,성주,2014-09,6종,2764
539,남성주,2014-09,1종,51135
539,남성주,2014-09,2종,5819
539,남성주,2014-09,3종,3449
539,남성주,2014-09,4종,3887
539,남성주,2014-09,5종,5937
539,남성주,2014-09,6종,1857
540,청북,2014-09,1종,434979
540,청북,2014-09,2종,41256
540,청북,2014-09,3종,40726
540,청북,2014-09,4종,34195
540,청북,2014-09,5종,37894
540,청북,2014-09,6종,24848
541,송탄,2014-09,1종,384076
541,송탄,2014-09,2종,33530
541,송탄,2014-09,3종,31092
541,송탄,2014-09,4종,31205
541,송탄,2014-09,5종,23289
541,송탄,2014-09,6종,20812
542,서안성,2014-09,1종,358742
542,서안성,2014-09,2종,30446
542,서안성,2014-09,3종,41133
542,서안성,2014-09,4종,40200
542,서안성,2014-09,5종,27897
542,서안성,2014-09,6종,17293
543,남안성,2014-09,1종,515924
543,남안성,2014-09,2종,46585
543,남안성,2014-09,3종,42369
543,남안성,2014-09,4종,37028
543,남안성,2014-09,5종,35500
543,남안성,2014-09,6종,27664
544,완주,2014-09,1종,174070
544,완주,2014-09,2종,6399
544,완주,2014-09,3종,7666
544,완주,2014-09,4종,7027
544,완주,2014-09,5종,11945
544,완주,2014-09,6종,5595
545,소양,2014-09,1종,157688
545,소양,2014-09,2종,4537
545,소양,2014-09,3종,8560
545,소양,2014-09,4종,2343
545,소양,2014-09,5종,4578
545,소양,2014-09,6종,5151
546,진안,2014-09,1종,67080
546,진안,2014-09,2종,2457
546,진안,2014-09,3종,2549
546,진안,2014-09,4종,1149
546,진안,2014-09,5종,1015
546,진안,2014-09,6종,2175
547,무안공항,2014-09,1종,35561
547,무안공항,2014-09,2종,680
547,무안공항,2014-09,3종,1100
547,무안공항,2014-09,4종,224
547,무안공항,2014-09,5종,162
547,무안공항,2014-09,6종,775
548,북무안,2014-09,1종,121478
548,북무안,2014-09,2종,3090
548,북무안,2014-09,3종,4223
548,북무안,2014-09,4종,2157
548,북무안,2014-09,5종,3124
548,북무안,2014-09,6종,2872
549,동함평,2014-09,1종,166076
549,동함평,2014-09,2종,3984
549,동함평,2014-09,3종,4505
549,동함평,2014-09,4종,1493
549,동함평,2014-09,5종,2630
549,동함평,2014-09,6종,6282
550,문평,2014-09,1종,43244
550,문평,2014-09,2종,783
550,문평,2014-09,3종,938
550,문평,2014-09,4종,499
550,문평,2014-09,5종,2942
550,문평,2014-09,6종,1230
551,나주,2014-09,1종,58603
551,나주,2014-09,2종,1820
551,나주,2014-09,3종,1461
551,나주,2014-09,4종,689
551,나주,2014-09,5종,1122
551,나주,2014-09,6종,2500
552,서광산,2014-09,1종,109626
552,서광산,2014-09,2종,4938
552,서광산,2014-09,3종,6217
552,서광산,2014-09,4종,2952
552,서광산,2014-09,5종,5502
552,서광산,2014-09,6종,3321
553,동광산,2014-09,1종,870542
553,동광산,2014-09,2종,16379
553,동광산,2014-09,3종,27591
553,동광산,2014-09,4종,9428
553,동광산,2014-09,5종,17442
553,동광산,2014-09,6종,27316
554,동홍천,2014-09,1종,429539
554,동홍천,2014-09,2종,5554
554,동홍천,2014-09,3종,19936
554,동홍천,2014-09,4종,3733
554,동홍천,2014-09,5종,2710
554,동홍천,2014-09,6종,17572
555,북진천,2014-09,1종,302150
555,북진천,2014-09,2종,29022
555,북진천,2014-09,3종,31829
555,북진천,2014-09,4종,24369
555,북진천,2014-09,5종,26186
555,북진천,2014-09,6종,13067
556,동순천,2014-09,1종,282162
556,동순천,2014-09,2종,6174
556,동순천,2014-09,3종,12710
556,동순천,2014-09,4종,10058
556,동순천,2014-09,5종,36308
556,동순천,2014-09,6종,7804
557,황전,2014-09,1종,80994
557,황전,2014-09,2종,2170
557,황전,2014-09,3종,1587
557,황전,2014-09,4종,1050
557,황전,2014-09,5종,2583
557,황전,2014-09,6종,3075
558,구례화엄사,2014-09,1종,96873
558,구례화엄사,2014-09,2종,2858
558,구례화엄사,2014-09,3종,4132
558,구례화엄사,2014-09,4종,2476
558,구례화엄사,2014-09,5종,5079
558,구례화엄사,2014-09,6종,2756
559,서남원,2014-09,1종,56806
559,서남원,2014-09,2종,2472
559,서남원,2014-09,3종,2364
559,서남원,2014-09,4종,2062
559,서남원,2014-09,5종,5305
559,서남원,2014-09,6종,1795
560,감곡,2014-09,1종,355213
560,감곡,2014-09,2종,15418
560,감곡,2014-09,3종,20105
560,감곡,2014-09,4종,19957
560,감곡,2014-09,5종,33723
560,감곡,2014-09,6종,12821
561,북충주,2014-09,1종,193755
561,북충주,2014-09,2종,5664
561,북충주,2014-09,3종,11693
561,북충주,2014-09,4종,9441
561,북충주,2014-09,5종,28909
561,북충주,2014-09,6종,6345
562,충주,2014-09,1종,216719
562,충주,2014-09,2종,8397
562,충주,2014-09,3종,14416
562,충주,2014-09,4종,10379
562,충주,2014-09,5종,9880
562,충주,2014-09,6종,8364
563,괴산,2014-09,1종,71276
563,괴산,2014-09,2종,2323
563,괴산,2014-09,3종,4002
563,괴산,2014-09,4종,3493
563,괴산,2014-09,5종,6433
563,괴산,2014-09,6종,2410
564,연풍,2014-09,1종,66233
564,연풍,2014-09,2종,2963
564,연풍,2014-09,3종,7129
564,연풍,2014-09,4종,5465
564,연풍,2014-09,5종,6874
564,연풍,2014-09,6종,1896
565,문경새재,2014-09,1종,105943
565,문경새재,2014-09,2종,3048
565,문경새재,2014-09,3종,6194
565,문경새재,2014-09,4종,3939
565,문경새재,2014-09,5종,3595
565,문경새재,2014-09,6종,3296
566,점촌함창,2014-09,1종,158107
566,점촌함창,2014-09,2종,4532
566,점촌함창,2014-09,3종,10619
566,점촌함창,2014-09,4종,5375
566,점촌함창,2014-09,5종,5885
566,점촌함창,2014-09,6종,5343
567,남고창,2014-09,1종,113806
567,남고창,2014-09,2종,3573
567,남고창,2014-09,3종,2522
567,남고창,2014-09,4종,1298
567,남고창,2014-09,5종,2007
567,남고창,2014-09,6종,4467
568,장성물류,2014-09,1종,43429
568,장성물류,2014-09,2종,6870
568,장성물류,2014-09,3종,3412
568,장성물류,2014-09,4종,6895
568,장성물류,2014-09,5종,7028
568,장성물류,2014-09,6종,1324
569,북광주,2014-09,1종,322067
569,북광주,2014-09,2종,15891
569,북광주,2014-09,3종,12682
569,북광주,2014-09,4종,16131
569,북광주,2014-09,5종,24432
569,북광주,2014-09,6종,10131
570,북상주,2014-09,1종,134398
570,북상주,2014-09,2종,6527
570,북상주,2014-09,3종,11251
570,북상주,2014-09,4종,11770
570,북상주,2014-09,5종,8528
570,북상주,2014-09,6종,4267
571,면천,2014-09,1종,102411
571,면천,2014-09,2종,3297
571,면천,2014-09,3종,3420
571,면천,2014-09,4종,3294
571,면천,2014-09,5종,4919
571,면천,2014-09,6종,3943
572,고덕,2014-09,1종,126666
572,고덕,2014-09,2종,3696
572,고덕,2014-09,3종,5363
572,고덕,2014-09,4종,2648
572,고덕,2014-09,5종,5702
572,고덕,2014-09,6종,4962
573,예산수덕사,2014-09,1종,339605
573,예산수덕사,2014-09,2종,10346
573,예산수덕사,2014-09,3종,10899
573,예산수덕사,2014-09,4종,8223
573,예산수덕사,2014-09,5종,10936
573,예산수덕사,2014-09,6종,12309
574,신양,2014-09,1종,96866
574,신양,2014-09,2종,3010
574,신양,2014-09,3종,2786
574,신양,2014-09,4종,2413
574,신양,2014-09,5종,2973
574,신양,2014-09,6종,3445
575,유구,2014-09,1종,125882
575,유구,2014-09,2종,3951
575,유구,2014-09,3종,3910
575,유구,2014-09,4종,3982
575,유구,2014-09,5종,5581
575,유구,2014-09,6종,4165
576,마곡사,2014-09,1종,43666
576,마곡사,2014-09,2종,870
576,마곡사,2014-09,3종,1091
576,마곡사,2014-09,4종,669
576,마곡사,2014-09,5종,664
576,마곡사,2014-09,6종,1661
577,공주,2014-09,1종,189126
577,공주,2014-09,2종,6031
577,공주,2014-09,3종,7408
577,공주,2014-09,4종,2324
577,공주,2014-09,5종,3932
577,공주,2014-09,6종,8058
578,서세종,2014-09,1종,229396
578,서세종,2014-09,2종,11283
578,서세종,2014-09,3종,8621
578,서세종,2014-09,4종,5900
578,서세종,2014-09,5종,7696
578,서세종,2014-09,6종,8943
579,남세종,2014-09,1종,351107
579,남세종,2014-09,2종,7918
579,남세종,2014-09,3종,8790
579,남세종,2014-09,4종,4309
579,남세종,2014-09,5종,6521
579,남세종,2014-09,6종,15605
580,북강릉,2014-09,1종,186522
580,북강릉,2014-09,2종,5430
580,북강릉,2014-09,3종,7372
580,북강릉,2014-09,4종,1986
580,북강릉,2014-09,5종,4793
580,북강릉,2014-09,6종,8282
581,옥계,2014-09,1종,56621
581,옥계,2014-09,2종,1697
581,옥계,2014-09,3종,1646
581,옥계,2014-09,4종,3378
581,옥계,2014-09,5종,14335
581,옥계,2014-09,6종,3575
582,망상,2014-09,1종,114410
582,망상,2014-09,2종,3472
582,망상,2014-09,3종,12864
582,망상,2014-09,4종,1157
582,망상,2014-09,5종,1906
582,망상,2014-09,6종,6787
583,동해,2014-09,1종,345019
583,동해,2014-09,2종,9749
583,동해,2014-09,3종,13379
583,동해,2014-09,4종,8182
583,동해,2014-09,5종,22459
583,동해,2014-09,6종,16308
584,남강릉,2014-09,1종,114957
584,남강릉,2014-09,2종,6194
584,남강릉,2014-09,3종,8634
584,남강릉,2014-09,4종,3106
584,남강릉,2014-09,5종,4303
584,남강릉,2014-09,6종,7260
585,하조대,2014-09,1종,143906
585,하조대,2014-09,2종,4219
585,하조대,2014-09,3종,8783
585,하조대,2014-09,4종,2543
585,하조대,2014-09,5종,3154
585,하조대,2014-09,6종,5842
586,북남원,2014-09,1종,24997
586,북남원,2014-09,2종,625
586,북남원,2014-09,3종,591
586,북남원,2014-09,4종,315
586,북남원,2014-09,5종,2229
586,북남원,2014-09,6종,681
587,오수,2014-09,1종,155682
587,오수,2014-09,2종,4275
587,오수,2014-09,3종,6662
587,오수,2014-09,4종,3523
587,오수,2014-09,5종,5971
587,오수,2014-09,6종,4910
588,임실,2014-09,1종,58366
588,임실,2014-09,2종,1967
588,임실,2014-09,3종,2516
588,임실,2014-09,4종,1044
588,임실,2014-09,5종,4144
588,임실,2014-09,6종,1783
589,상관,2014-09,1종,156204
589,상관,2014-09,2종,4079
589,상관,2014-09,3종,7196
589,상관,2014-09,4종,4248
589,상관,2014-09,5종,24657
589,상관,2014-09,6종,4461
590,동전주,2014-09,1종,188698
590,동전주,2014-09,2종,3024
590,동전주,2014-09,3종,3530
590,동전주,2014-09,4종,1736
590,동전주,2014-09,5종,4751
590,동전주,2014-09,6종,6905
591,동서천,2014-09,1종,66415
591,동서천,2014-09,2종,1586
591,동서천,2014-09,3종,2463
591,동서천,2014-09,4종,1851
591,동서천,2014-09,5종,3119
591,동서천,2014-09,6종,1904
592,서부여,2014-09,1종,73319
592,서부여,2014-09,2종,2538
592,서부여,2014-09,3종,2199
592,서부여,2014-09,4종,1615
592,서부여,2014-09,5종,1798
592,서부여,2014-09,6종,2470
593,부여,2014-09,1종,97028
593,부여,2014-09,2종,2735
593,부여,2014-09,3종,3403
593,부여,2014-09,4종,2524
593,부여,2014-09,5종,2840
593,부여,2014-09,6종,3418
594,칠갑산,2014-09,1종,65102
594,칠갑산,2014-09,2종,1517
594,칠갑산,2014-09,3종,2352
594,칠갑산,2014-09,4종,1169
594,칠갑산,2014-09,5종,864
594,칠갑산,2014-09,6종,2087
595,서공주,2014-09,1종,72347
595,서공주,2014-09,2종,2969
595,서공주,2014-09,3종,2545
595,서공주,2014-09,4종,2050
595,서공주,2014-09,5종,2784
595,서공주,2014-09,6종,2579
597,서여주,2014-09,1종,127027
597,서여주,2014-09,2종,6335
597,서여주,2014-09,3종,6467
597,서여주,2014-09,4종,5880
597,서여주,2014-09,5종,6275
597,서여주,2014-09,6종,6435
598,북여주,2014-09,1종,77675
598,북여주,2014-09,2종,2927
598,북여주,2014-09,3종,2203
598,북여주,2014-09,4종,1703
598,북여주,2014-09,5종,3564
598,북여주,2014-09,6종,3549
599,양촌,2014-09,1종,29556
599,양촌,2014-09,2종,570
599,양촌,2014-09,3종,156
599,양촌,2014-09,4종,1
599,양촌,2014-09,5종,21
599,양촌,2014-09,6종,1009
601,남천안,2014-09,1종,392950
601,남천안,2014-09,2종,23622
601,남천안,2014-09,3종,26728
601,남천안,2014-09,4종,25505
601,남천안,2014-09,5종,20541
601,남천안,2014-09,6종,15658
602,풍세상,2014-09,1종,1514574
602,풍세상,2014-09,2종,38979
602,풍세상,2014-09,3종,157300
602,풍세상,2014-09,4종,62886
602,풍세상,2014-09,5종,68931
602,풍세상,2014-09,6종,64994
603,정안,2014-09,1종,284995
603,정안,2014-09,2종,9736
603,정안,2014-09,3종,27367
603,정안,2014-09,4종,11682
603,정안,2014-09,5종,9979
603,정안,2014-09,6종,9942
604,남공주,2014-09,1종,79419
604,남공주,2014-09,2종,3261
604,남공주,2014-09,3종,4169
604,남공주,2014-09,4종,2422
604,남공주,2014-09,5종,4501
604,남공주,2014-09,6종,2935
605,탄천,2014-09,1종,29221
605,탄천,2014-09,2종,1802
605,탄천,2014-09,3종,1266
605,탄천,2014-09,4종,1403
605,탄천,2014-09,5종,1492
605,탄천,2014-09,6종,972
606,서논산,2014-09,1종,148731
606,서논산,2014-09,2종,6226
606,서논산,2014-09,3종,10296
606,서논산,2014-09,4종,6822
606,서논산,2014-09,5종,8346
606,서논산,2014-09,6종,5395
607,연무,2014-09,1종,70947
607,연무,2014-09,2종,2648
607,연무,2014-09,3종,3281
607,연무,2014-09,4종,1345
607,연무,2014-09,5종,2374
607,연무,2014-09,6종,2471
608,남논산하,2014-09,1종,969424
608,남논산하,2014-09,2종,22019
608,남논산하,2014-09,3종,106908
608,남논산하,2014-09,4종,36325
608,남논산하,2014-09,5종,52628
608,남논산하,2014-09,6종,37039
612,풍세하,2014-09,1종,1539216
612,풍세하,2014-09,2종,38880
612,풍세하,2014-09,3종,160212
612,풍세하,2014-09,4종,54438
612,풍세하,2014-09,5종,53654
612,풍세하,2014-09,6종,66032
613,남풍세,2014-09,1종,94150
613,남풍세,2014-09,2종,3889
613,남풍세,2014-09,3종,9068
613,남풍세,2014-09,4종,3485
613,남풍세,2014-09,5종,7496
613,남풍세,2014-09,6종,3668
618,남논산상,2014-09,1종,950484
618,남논산상,2014-09,2종,22240
618,남논산상,2014-09,3종,103622
618,남논산상,2014-09,4종,39496
618,남논산상,2014-09,5종,62272
618,남논산상,2014-09,6종,35560
621,동대구,2014-09,1종,862622
621,동대구,2014-09,2종,31129
621,동대구,2014-09,3종,40668
621,동대구,2014-09,4종,22849
621,동대구,2014-09,5종,26948
621,동대구,2014-09,6종,41613
622,대구,2014-09,1종,1195788
622,대구,2014-09,2종,44840
622,대구,2014-09,3종,67136
622,대구,2014-09,4종,48372
622,대구,2014-09,5종,87950
622,대구,2014-09,6종,61656
623,수성,2014-09,1종,779279
623,수성,2014-09,2종,19428
623,수성,2014-09,3종,15141
623,수성,2014-09,4종,6070
623,수성,2014-09,5종,7458
623,수성,2014-09,6종,35637
624,청도,2014-09,1종,225274
624,청도,2014-09,2종,8721
624,청도,2014-09,3종,7640
624,청도,2014-09,4종,5903
624,청도,2014-09,5종,7496
624,청도,2014-09,6종,9562
625,밀양,2014-09,1종,311325
625,밀양,2014-09,2종,14244
625,밀양,2014-09,3종,11556
625,밀양,2014-09,4종,9163
625,밀양,2014-09,5종,12020
625,밀양,2014-09,6종,13132
626,남밀양,2014-09,1종,391375
626,남밀양,2014-09,2종,20880
626,남밀양,2014-09,3종,17877
626,남밀양,2014-09,4종,13991
626,남밀양,2014-09,5종,17073
626,남밀양,2014-09,6종,21111
627,삼랑진,2014-09,1종,242837
627,삼랑진,2014-09,2종,9494
627,삼랑진,2014-09,3종,7008
627,삼랑진,2014-09,4종,5230
627,삼랑진,2014-09,5종,9236
627,삼랑진,2014-09,6종,14347
628,상동,2014-09,1종,231193
628,상동,2014-09,2종,22499
628,상동,2014-09,3종,13778
628,상동,2014-09,4종,13772
628,상동,2014-09,5종,22645
628,상동,2014-09,6종,13346
629,김해부산,2014-09,1종,1213292
629,김해부산,2014-09,2종,60254
629,김해부산,2014-09,3종,71216
629,김해부산,2014-09,4종,61128
629,김해부산,2014-09,5종,102508
629,김해부산,2014-09,6종,68238
641,울산,2014-09,1종,1211898
641,울산,2014-09,2종,46000
641,울산,2014-09,3종,70773
641,울산,2014-09,4종,42778
641,울산,2014-09,5종,114215
641,울산,2014-09,6종,57188
642,문수,2014-09,1종,126149
642,문수,2014-09,2종,5045
642,문수,2014-09,3종,5197
642,문수,2014-09,4종,6715
642,문수,2014-09,5종,15542
642,문수,2014-09,6종,6710
643,청량,2014-09,1종,561761
643,청량,2014-09,2종,12927
643,청량,2014-09,3종,14289
643,청량,2014-09,4종,19202
643,청량,2014-09,5종,71193
643,청량,2014-09,6종,34073
644,온양,2014-09,1종,193637
644,온양,2014-09,2종,4096
644,온양,2014-09,3종,2849
644,온양,2014-09,4종,2887
644,온양,2014-09,5종,12545
644,온양,2014-09,6종,12491
645,장안,2014-09,1종,366162
645,장안,2014-09,2종,7315
645,장안,2014-09,3종,5948
645,장안,2014-09,4종,5918
645,장안,2014-09,5종,14472
645,장안,2014-09,6종,24338
646,기장일광,2014-09,1종,268516
646,기장일광,2014-09,2종,3108
646,기장일광,2014-09,3종,3207
646,기장일광,2014-09,4종,2004
646,기장일광,2014-09,5종,4195
646,기장일광,2014-09,6종,15875
647,해운대송정,2014-09,1종,103933
647,해운대송정,2014-09,2종,1361
647,해운대송정,2014-09,3종,914
647,해운대송정,2014-09,4종,605
647,해운대송정,2014-09,5종,963
647,해운대송정,2014-09,6종,6463
648,해운대,2014-09,1종,816509
648,해운대,2014-09,2종,8800
648,해운대,2014-09,3종,9419
648,해운대,2014-09,4종,6654
648,해운대,2014-09,5종,34380
648,해운대,2014-09,6종,48124
651,남양주,2014-09,1종,1689583
651,남양주,2014-09,2종,37912
651,남양주,2014-09,3종,68457
651,남양주,2014-09,4종,17936
651,남양주,2014-09,5종,17344
651,남양주,2014-09,6종,91275
652,화도,2014-09,1종,899547
652,화도,2014-09,2종,30618
652,화도,2014-09,3종,32383
652,화도,2014-09,4종,12658
652,화도,2014-09,5종,13004
652,화도,2014-09,6종,64930
653,서종,2014-09,1종,179536
653,서종,2014-09,2종,1630
653,서종,2014-09,3종,1010
653,서종,2014-09,4종,894
653,서종,2014-09,5종,829
653,서종,2014-09,6종,11153
654,설악,2014-09,1종,231931
654,설악,2014-09,2종,3220
654,설악,2014-09,3종,4843
654,설악,2014-09,4종,1242
654,설악,2014-09,5종,1118
654,설악,2014-09,6종,11638
655,강촌,2014-09,1종,152795
655,강촌,2014-09,2종,2055
655,강촌,2014-09,3종,4346
655,강촌,2014-09,4종,1359
655,강촌,2014-09,5종,844
655,강촌,2014-09,6종,6344
656,남춘천,2014-09,1종,187425
656,남춘천,2014-09,2종,2928
656,남춘천,2014-09,3종,11809
656,남춘천,2014-09,4종,1911
656,남춘천,2014-09,5종,3575
656,남춘천,2014-09,6종,9199
657,동산,2014-09,1종,691400
657,동산,2014-09,2종,10418
657,동산,2014-09,3종,32740
657,동산,2014-09,4종,6674
657,동산,2014-09,5종,6634
657,동산,2014-09,6종,37332
658,조양,2014-09,1종,26649
658,조양,2014-09,2종,444
658,조양,2014-09,3종,434
658,조양,2014-09,4종,578
658,조양,2014-09,5종,417
658,조양,2014-09,6종,1169
671,봉담,2014-09,1종,1264145
671,봉담,2014-09,2종,55449
671,봉담,2014-09,3종,45011
671,봉담,2014-09,4종,18344
671,봉담,2014-09,5종,23154
671,봉담,2014-09,6종,97319
672,정남,2014-09,1종,359382
672,정남,2014-09,2종,18729
672,정남,2014-09,3종,14037
672,정남,2014-09,4종,6183
672,정남,2014-09,5종,3956
672,정남,2014-09,6종,29604
673,북오산,2014-09,1종,778615
673,북오산,2014-09,2종,29317
673,북오산,2014-09,3종,27594
673,북오산,2014-09,4종,13606
673,북오산,2014-09,5종,9379
673,북오산,2014-09,6종,57820
674,,2014-09,1종,840810
674,,2014-09,2종,38518
674,,2014-09,3종,60992
674,,2014-09,4종,18551
674,,2014-09,5종,20599
674,,2014-09,6종,60084
675,서오산,2014-09,1종,781677
675,서오산,2014-09,2종,22339
675,서오산,2014-09,3종,19477
675,서오산,2014-09,4종,12917
675,서오산,2014-09,5종,10781
675,서오산,2014-09,6종,54978
676,향남,2014-09,1종,539433
676,향남,2014-09,2종,34888
676,향남,2014-09,3종,25147
676,향남,2014-09,4종,20225
676,향남,2014-09,5종,13484
676,향남,2014-09,6종,42809
677,북평택,2014-09,1종,990764
677,북평택,2014-09,2종,33116
677,북평택,2014-09,3종,45785
677,북평택,2014-09,4종,16468
677,북평택,2014-09,5종,26558
677,북평택,2014-09,6종,58696
681,장안본선,2014-09,1종,985396
681,장안본선,2014-09,2종,71928
681,장안본선,2014-09,3종,118836
681,장안본선,2014-09,4종,85508
681,장안본선,2014-09,5종,154336
681,장안본선,2014-09,6종,53620
682,조암,2014-09,1종,310787
682,조암,2014-09,2종,34533
682,조암,2014-09,3종,27699
682,조암,2014-09,4종,19924
682,조암,2014-09,5종,22422
682,조암,2014-09,6종,18598
683,송산마도,2014-09,1종,561564
683,송산마도,2014-09,2종,32935
683,송산마도,2014-09,3종,23494
683,송산마도,2014-09,4종,18248
683,송산마도,2014-09,5종,35800
683,송산마도,2014-09,6종,30827
684,남안산,2014-09,1종,678789
684,남안산,2014-09,2종,67919
684,남안산,2014-09,3종,53594
684,남안산,2014-09,4종,45247
684,남안산,2014-09,5종,64811
684,남안산,2014-09,6종,48416
685,서시흥,2014-09,1종,1288528
685,서시흥,2014-09,2종,73995
685,서시흥,2014-09,3종,108977
685,서시흥,2014-09,4종,67163
685,서시흥,2014-09,5종,143826
685,서시흥,2014-09,6종,72003
981,서영암,2014-09,1종,239564
981,서영암,2014-09,2종,4600
981,서영암,2014-09,3종,9522
981,서영암,2014-09,4종,5806
981,서영암,2014-09,5종,15432
981,서영암,2014-09,6종,6681
982,강진무위사,2014-09,1종,152805
982,강진무위사,2014-09,2종,2920
982,강진무위사,2014-09,3종,5845
982,강진무위사,2014-09,4종,2420
982,강진무위사,2014-09,5종,4146
982,강진무위사,2014-09,6종,4122
983,장흥,2014-09,1종,110578
983,장흥,2014-09,2종,1647
983,장흥,2014-09,3종,2619
983,장흥,2014-09,4종,886
983,장흥,2014-09,5종,1023
983,장흥,2014-09,6종,3044
984,보성,2014-09,1종,180343
984,보성,2014-09,2종,5441
984,보성,2014-09,3종,6115
984,보성,2014-09,4종,3917
984,보성,2014-09,5종,11119
984,보성,2014-09,6종,4606
985,벌교,2014-09,1종,134368
985,벌교,2014-09,2종,3468
985,벌교,2014-09,3종,3012
985,벌교,2014-09,4종,1449
985,벌교,2014-09,5종,2049
985,벌교,2014-09,6종,3360
986,고흥,2014-09,1종,179925
986,고흥,2014-09,2종,3269
986,고흥,2014-09,3종,4176
986,고흥,2014-09,4종,2141
986,고흥,2014-09,5종,4102
986,고흥,2014-09,6종,5339
987,남순천,2014-09,1종,473623
987,남순천,2014-09,2종,10435
987,남순천,2014-09,3종,16647
987,남순천,2014-09,4종,10965
987,남순천,2014-09,5종,30138
987,남순천,2014-09,6종,13455
11,인천,2014-10,1종,3673011
11,인천,2014-10,2종,125543
11,인천,2014-10,3종,93302
11,인천,2014-10,4종,61795
11,인천,2014-10,5종,121357
11,인천,2014-10,6종,339651
12,서영암(개),2014-10,1종,35241
12,서영암(개),2014-10,2종,744
12,서영암(개),2014-10,3종,919
12,서영암(개),2014-10,4종,376
12,서영암(개),2014-10,5종,625
12,서영암(개),2014-10,6종,2296
13,순천만,2014-10,1종,155289
13,순천만,2014-10,2종,5061
13,순천만,2014-10,3종,7343
13,순천만,2014-10,4종,2917
13,순천만,2014-10,5종,8391
13,순천만,2014-10,6종,7446
29,가락(개),2014-10,1종,625591
29,가락(개),2014-10,2종,19927
29,가락(개),2014-10,3종,19315
29,가락(개),2014-10,4종,21624
29,가락(개),2014-10,5종,109599
29,가락(개),2014-10,6종,52642
53,남인천,2014-10,1종,1749797
53,남인천,2014-10,2종,47182
53,남인천,2014-10,3종,61225
53,남인천,2014-10,4종,20988
53,남인천,2014-10,5종,65537
53,남인천,2014-10,6종,148609
56,일로,2014-10,1종,35997
56,일로,2014-10,2종,1839
56,일로,2014-10,3종,820
56,일로,2014-10,4종,811
56,일로,2014-10,5종,1502
56,일로,2014-10,6종,2238
61,성남,2014-10,1종,4142950
61,성남,2014-10,2종,163585
61,성남,2014-10,3종,181245
61,성남,2014-10,4종,92322
61,성남,2014-10,5종,104320
61,성남,2014-10,6종,292324
62,구리남양주,2014-10,1종,5327574
62,구리남양주,2014-10,2종,216124
62,구리남양주,2014-10,3종,202491
62,구리남양주,2014-10,4종,148912
62,구리남양주,2014-10,5종,116663
62,구리남양주,2014-10,6종,394786
63,토평,2014-10,1종,550017
63,토평,2014-10,2종,17108
63,토평,2014-10,3종,10128
63,토평,2014-10,4종,17737
63,토평,2014-10,5종,11650
63,토평,2014-10,6종,44112
64,청계,2014-10,1종,4758101
64,청계,2014-10,2종,159752
64,청계,2014-10,3종,170597
64,청계,2014-10,4종,52941
64,청계,2014-10,5종,100264
64,청계,2014-10,6종,364400
65,판교,2014-10,1종,2956545
65,판교,2014-10,2종,47418
65,판교,2014-10,3종,184564
65,판교,2014-10,4종,17607
65,판교,2014-10,5종,16257
65,판교,2014-10,6종,176863
66,하남,2014-10,1종,892705
66,하남,2014-10,2종,31259
66,하남,2014-10,3종,20616
66,하남,2014-10,4종,9329
66,하남,2014-10,5종,9066
66,하남,2014-10,6종,69483
67,시흥,2014-10,1종,4068274
67,시흥,2014-10,2종,146014
67,시흥,2014-10,3종,149438
67,시흥,2014-10,4종,75186
67,시흥,2014-10,5종,72966
67,시흥,2014-10,6종,317337
68,김포,2014-10,1종,4873380
68,김포,2014-10,2종,196378
68,김포,2014-10,3종,166731
68,김포,2014-10,4종,83433
68,김포,2014-10,5종,122875
68,김포,2014-10,6종,402858
69,대왕판교,2014-10,1종,206103
69,대왕판교,2014-10,2종,1718
69,대왕판교,2014-10,3종,347
69,대왕판교,2014-10,4종,20
69,대왕판교,2014-10,5종,14
69,대왕판교,2014-10,6종,12407
74,덕소삼패,2014-10,1종,333137
74,덕소삼패,2014-10,2종,9207
74,덕소삼패,2014-10,3종,4858
74,덕소삼패,2014-10,4종,12146
74,덕소삼패,2014-10,5종,13555
74,덕소삼패,2014-10,6종,26599
91,대동(개),2014-10,1종,141602
91,대동(개),2014-10,2종,10131
91,대동(개),2014-10,3종,6614
91,대동(개),2014-10,4종,20921
91,대동(개),2014-10,5종,10881
91,대동(개),2014-10,6종,9770
92,내서,2014-10,1종,220132
92,내서,2014-10,2종,8511
92,내서,2014-10,3종,11441
92,내서,2014-10,4종,3570
92,내서,2014-10,5종,7520
92,내서,2014-10,6종,21469
101,서울,2014-10,1종,5556115
101,서울,2014-10,2종,202829
101,서울,2014-10,3종,649041
101,서울,2014-10,4종,96634
101,서울,2014-10,5종,56612
101,서울,2014-10,6종,276453
102,동수원,2014-10,1종,2243538
102,동수원,2014-10,2종,44074
102,동수원,2014-10,3종,98192
102,동수원,2014-10,4종,18519
102,동수원,2014-10,5종,16413
102,동수원,2014-10,6종,143907
103,수원신갈,2014-10,1종,2529054
103,수원신갈,2014-10,2종,101696
103,수원신갈,2014-10,3종,179530
103,수원신갈,2014-10,4종,45115
103,수원신갈,2014-10,5종,26077
103,수원신갈,2014-10,6종,143317
104,지곡,2014-10,1종,41736
104,지곡,2014-10,2종,1615
104,지곡,2014-10,3종,2566
104,지곡,2014-10,4종,1847
104,지곡,2014-10,5종,2129
104,지곡,2014-10,6종,1516
105,기흥,2014-10,1종,432933
105,기흥,2014-10,2종,24541
105,기흥,2014-10,3종,16395
105,기흥,2014-10,4종,12497
105,기흥,2014-10,5종,14802
105,기흥,2014-10,6종,22916
106,오산,2014-10,1종,1185956
106,오산,2014-10,2종,99575
106,오산,2014-10,3종,111934
106,오산,2014-10,4종,48359
106,오산,2014-10,5종,31257
106,오산,2014-10,6종,77882
107,안성,2014-10,1종,872383
107,안성,2014-10,2종,34799
107,안성,2014-10,3종,59850
107,안성,2014-10,4종,17122
107,안성,2014-10,5종,12503
107,안성,2014-10,6종,57351
108,천안,2014-10,1종,1530140
108,천안,2014-10,2종,50334
108,천안,2014-10,3종,118254
108,천안,2014-10,4종,38329
108,천안,2014-10,5종,32515
108,천안,2014-10,6종,79022
109,계룡,2014-10,1종,147602
109,계룡,2014-10,2종,10135
109,계룡,2014-10,3종,13687
109,계룡,2014-10,4종,8887
109,계룡,2014-10,5종,4543
109,계룡,2014-10,6종,9149
110,독립기념관,2014-10,1종,350395
110,독립기념관,2014-10,2종,20796
110,독립기념관,2014-10,3종,27824
110,독립기념관,2014-10,4종,22020
110,독립기념관,2014-10,5종,16659
110,독립기념관,2014-10,6종,15016
111,청주,2014-10,1종,505100
111,청주,2014-10,2종,21835
111,청주,2014-10,3종,53345
111,청주,2014-10,4종,15735
111,청주,2014-10,5종,18809
111,청주,2014-10,6종,25888
112,남청주,2014-10,1종,527277
112,남청주,2014-10,2종,43672
112,남청주,2014-10,3종,44931
112,남청주,2014-10,4종,48859
112,남청주,2014-10,5종,42548
112,남청주,2014-10,6종,23920
113,신탄진,2014-10,1종,789736
113,신탄진,2014-10,2종,47350
113,신탄진,2014-10,3종,37990
113,신탄진,2014-10,4종,59978
113,신탄진,2014-10,5종,52415
113,신탄진,2014-10,6종,43357
114,남대전,2014-10,1종,329217
114,남대전,2014-10,2종,13477
114,남대전,2014-10,3종,13083
114,남대전,2014-10,4종,6498
114,남대전,2014-10,5종,10493
114,남대전,2014-10,6종,16755
115,대전,2014-10,1종,1393703
115,대전,2014-10,2종,42254
115,대전,2014-10,3종,89304
115,대전,2014-10,4종,17269
115,대전,2014-10,5종,15586
115,대전,2014-10,6종,75491
116,옥천,2014-10,1종,392476
116,옥천,2014-10,2종,23135
116,옥천,2014-10,3종,20944
116,옥천,2014-10,4종,35916
116,옥천,2014-10,5종,21330
116,옥천,2014-10,6종,23029
117,금강,2014-10,1종,40701
117,금강,2014-10,2종,1886
117,금강,2014-10,3종,1608
117,금강,2014-10,4종,3765
117,금강,2014-10,5종,1334
117,금강,2014-10,6종,2241
118,영동,2014-10,1종,91525
118,영동,2014-10,2종,4982
118,영동,2014-10,3종,5345
118,영동,2014-10,4종,3171
118,영동,2014-10,5종,6123
118,영동,2014-10,6종,4309
119,판암,2014-10,1종,495901
119,판암,2014-10,2종,16054
119,판암,2014-10,3종,13150
119,판암,2014-10,4종,6583
119,판암,2014-10,5종,6360
119,판암,2014-10,6종,29354
120,황간,2014-10,1종,85787
120,황간,2014-10,2종,2988
120,황간,2014-10,3종,5323
120,황간,2014-10,4종,4790
120,황간,2014-10,5종,5723
120,황간,2014-10,6종,3230
121,추풍령,2014-10,1종,44805
121,추풍령,2014-10,2종,1625
121,추풍령,2014-10,3종,2928
121,추풍령,2014-10,4종,1278
121,추풍령,2014-10,5종,1778
121,추풍령,2014-10,6종,2177
122,김천,2014-10,1종,235525
122,김천,2014-10,2종,8265
122,김천,2014-10,3종,13386
122,김천,2014-10,4종,9784
122,김천,2014-10,5종,8476
122,김천,2014-10,6종,11012
123,구미,2014-10,1종,826112
123,구미,2014-10,2종,21056
123,구미,2014-10,3종,41794
123,구미,2014-10,4종,18921
123,구미,2014-10,5종,18171
123,구미,2014-10,6종,42441
124,상주,2014-10,1종,131092
124,상주,2014-10,2종,6287
124,상주,2014-10,3종,6894
124,상주,2014-10,4종,6547
124,상주,2014-10,5종,7863
124,상주,2014-10,6종,4364
125,남구미,2014-10,1종,564978
125,남구미,2014-10,2종,23181
125,남구미,2014-10,3종,35241
125,남구미,2014-10,4종,22261
125,남구미,2014-10,5종,41234
125,남구미,2014-10,6종,31985
126,왜관,2014-10,1종,647867
126,왜관,2014-10,2종,50356
126,왜관,2014-10,3종,33744
126,왜관,2014-10,4종,24525
126,왜관,2014-10,5종,34369
126,왜관,2014-10,6종,31057
127,서대구,2014-10,1종,1999746
127,서대구,2014-10,2종,96798
127,서대구,2014-10,3종,113708
127,서대구,2014-10,4종,52803
127,서대구,2014-10,5종,65424
127,서대구,2014-10,6종,91678
128,금왕꽃동네,2014-10,1종,91448
128,금왕꽃동네,2014-10,2종,9222
128,금왕꽃동네,2014-10,3종,10232
128,금왕꽃동네,2014-10,4종,7584
128,금왕꽃동네,2014-10,5종,9378
128,금왕꽃동네,2014-10,6종,3906
129,북대구,2014-10,1종,1846377
129,북대구,2014-10,2종,64639
129,북대구,2014-10,3종,63847
129,북대구,2014-10,4종,25625
129,북대구,2014-10,5종,28501
129,북대구,2014-10,6종,82176
130,동김천,2014-10,1종,142225
130,동김천,2014-10,2종,6608
130,동김천,2014-10,3종,10185
130,동김천,2014-10,4종,8501
130,동김천,2014-10,5종,15623
130,동김천,2014-10,6종,5840
131,경산,2014-10,1종,864882
131,경산,2014-10,2종,79212
131,경산,2014-10,3종,60810
131,경산,2014-10,4종,46331
131,경산,2014-10,5종,40665
131,경산,2014-10,6종,48032
132,영천,2014-10,1종,435029
132,영천,2014-10,2종,27004
132,영천,2014-10,3종,30891
132,영천,2014-10,4종,23152
132,영천,2014-10,5종,45370
132,영천,2014-10,6종,17345
133,서경주,2014-10,1종,177505
133,서경주,2014-10,2종,9065
133,서경주,2014-10,3종,16140
133,서경주,2014-10,4종,10498
133,서경주,2014-10,5종,28422
133,서경주,2014-10,6종,6183
134,선산,2014-10,1종,93078
134,선산,2014-10,2종,5253
134,선산,2014-10,3종,5765
134,선산,2014-10,4종,5772
134,선산,2014-10,5종,11351
134,선산,2014-10,6종,3350
135,경주,2014-10,1종,937405
135,경주,2014-10,2종,42792
135,경주,2014-10,3종,85166
135,경주,2014-10,4종,46712
135,경주,2014-10,5종,99755
135,경주,2014-10,6종,34936
136,음성,2014-10,1종,145076
136,음성,2014-10,2종,8189
136,음성,2014-10,3종,10415
136,음성,2014-10,4종,6927
136,음성,2014-10,5종,6799
136,음성,2014-10,6종,5936
137,통도사,2014-10,1종,301295
137,통도사,2014-10,2종,16515
137,통도사,2014-10,3종,17783
137,통도사,2014-10,4종,12219
137,통도사,2014-10,5종,17154
137,통도사,2014-10,6종,15255
138,양산,2014-10,1종,664930
138,양산,2014-10,2종,71095
138,양산,2014-10,3종,45891
138,양산,2014-10,4종,45296
138,양산,2014-10,5종,56137
138,양산,2014-10,6종,37396
139,서울산,2014-10,1종,507471
139,서울산,2014-10,2종,26496
139,서울산,2014-10,3종,34711
139,서울산,2014-10,4종,14707
139,서울산,2014-10,5종,26459
139,서울산,2014-10,6종,26478
140,부산,2014-10,1종,1624098
140,부산,2014-10,2종,63779
140,부산,2014-10,3종,55966
140,부산,2014-10,4종,33389
140,부산,2014-10,5종,58908
140,부산,2014-10,6종,93196
142,군북,2014-10,1종,353729
142,군북,2014-10,2종,14330
142,군북,2014-10,3종,16344
142,군북,2014-10,4종,10275
142,군북,2014-10,5종,18594
142,군북,2014-10,6종,22446
143,장지,2014-10,1종,113894
143,장지,2014-10,2종,5767
143,장지,2014-10,3종,5441
143,장지,2014-10,4종,3966
143,장지,2014-10,5종,17029
143,장지,2014-10,6종,7622
144,함안,2014-10,1종,256425
144,함안,2014-10,2종,12651
144,함안,2014-10,3종,11636
144,함안,2014-10,4종,8036
144,함안,2014-10,5종,20462
144,함안,2014-10,6종,17096
145,산인,2014-10,1종,837104
145,산인,2014-10,2종,20356
145,산인,2014-10,3종,39486
145,산인,2014-10,4종,13527
145,산인,2014-10,5종,22682
145,산인,2014-10,6종,49221
146,동창원,2014-10,1종,588428
146,동창원,2014-10,2종,29729
146,동창원,2014-10,3종,24957
146,동창원,2014-10,4종,19303
146,동창원,2014-10,5종,30552
146,동창원,2014-10,6종,39745
147,진례,2014-10,1종,454288
147,진례,2014-10,2종,34303
147,진례,2014-10,3종,22793
147,진례,2014-10,4종,18846
147,진례,2014-10,5종,75398
147,진례,2014-10,6종,29643
148,서김해,2014-10,1종,671067
148,서김해,2014-10,2종,23070
148,서김해,2014-10,3종,18361
148,서김해,2014-10,4종,10856
148,서김해,2014-10,5종,17674
148,서김해,2014-10,6종,45983
149,동김해,2014-10,1종,1118062
149,동김해,2014-10,2종,34883
149,동김해,2014-10,3종,30353
149,동김해,2014-10,4종,11767
149,동김해,2014-10,5종,16111
149,동김해,2014-10,6종,85792
150,북부산,2014-10,1종,2374537
150,북부산,2014-10,2종,67656
150,북부산,2014-10,3종,77508
150,북부산,2014-10,4종,42309
150,북부산,2014-10,5종,109757
150,북부산,2014-10,6종,153919
151,북대전,2014-10,1종,736891
151,북대전,2014-10,2종,18231
151,북대전,2014-10,3종,36526
151,북대전,2014-10,4종,26350
151,북대전,2014-10,5종,18015
151,북대전,2014-10,6종,41184
152,유성,2014-10,1종,1125764
152,유성,2014-10,2종,26340
152,유성,2014-10,3종,44795
152,유성,2014-10,4종,18227
152,유성,2014-10,5종,15601
152,유성,2014-10,6종,52882
153,서대전,2014-10,1종,732932
153,서대전,2014-10,2종,22785
153,서대전,2014-10,3종,22672
153,서대전,2014-10,4종,19278
153,서대전,2014-10,5종,15526
153,서대전,2014-10,6종,42500
154,안영,2014-10,1종,462618
154,안영,2014-10,2종,17180
154,안영,2014-10,3종,16504
154,안영,2014-10,4종,9480
154,안영,2014-10,5종,10252
154,안영,2014-10,6종,23956
155,논산,2014-10,1종,224310
155,논산,2014-10,2종,17396
155,논산,2014-10,3종,18743
155,논산,2014-10,4종,11598
155,논산,2014-10,5종,12435
155,논산,2014-10,6종,9825
156,익산,2014-10,1종,304531
156,익산,2014-10,2종,22746
156,익산,2014-10,3종,32743
156,익산,2014-10,4종,20606
156,익산,2014-10,5종,29137
156,익산,2014-10,6종,9844
157,삼례,2014-10,1종,122540
157,삼례,2014-10,2종,8781
157,삼례,2014-10,3종,9806
157,삼례,2014-10,4종,6657
157,삼례,2014-10,5종,12600
157,삼례,2014-10,6종,3723
158,전주,2014-10,1종,491889
158,전주,2014-10,2종,21351
158,전주,2014-10,3종,58021
158,전주,2014-10,4종,21754
158,전주,2014-10,5종,42644
158,전주,2014-10,6종,15666
159,서전주,2014-10,1종,304886
159,서전주,2014-10,2종,13345
159,서전주,2014-10,3종,14825
159,서전주,2014-10,4종,8097
159,서전주,2014-10,5종,9038
159,서전주,2014-10,6종,9384
160,김제,2014-10,1종,132549
160,김제,2014-10,2종,7827
160,김제,2014-10,3종,9953
160,김제,2014-10,4종,4108
160,김제,2014-10,5종,5249
160,김제,2014-10,6종,4217
161,금산사,2014-10,1종,37360
161,금산사,2014-10,2종,2149
161,금산사,2014-10,3종,2494
161,금산사,2014-10,4종,590
161,금산사,2014-10,5종,2378
161,금산사,2014-10,6종,1084
162,태인,2014-10,1종,105519
162,태인,2014-10,2종,6319
162,태인,2014-10,3종,11313
162,태인,2014-10,4종,5368
162,태인,2014-10,5종,6020
162,태인,2014-10,6종,3091
163,정읍,2014-10,1종,265953
163,정읍,2014-10,2종,17118
163,정읍,2014-10,3종,24257
163,정읍,2014-10,4종,10832
163,정읍,2014-10,5종,10505
163,정읍,2014-10,6종,8246
164,무주,2014-10,1종,163882
164,무주,2014-10,2종,4324
164,무주,2014-10,3종,7484
164,무주,2014-10,4종,3110
164,무주,2014-10,5종,3451
164,무주,2014-10,6종,5876
165,백양사,2014-10,1종,84984
165,백양사,2014-10,2종,2174
165,백양사,2014-10,3종,4776
165,백양사,2014-10,4종,1369
165,백양사,2014-10,5종,1289
165,백양사,2014-10,6종,2091
166,장성,2014-10,1종,167562
166,장성,2014-10,2종,12770
166,장성,2014-10,3종,17954
166,장성,2014-10,4종,11452
166,장성,2014-10,5종,13872
166,장성,2014-10,6종,5699
167,광주,2014-10,1종,1079605
167,광주,2014-10,2종,40842
167,광주,2014-10,3종,86339
167,광주,2014-10,4종,43572
167,광주,2014-10,5종,29793
167,광주,2014-10,6종,33442
168,덕유산,2014-10,1종,63759
168,덕유산,2014-10,2종,1787
168,덕유산,2014-10,3종,1996
168,덕유산,2014-10,4종,869
168,덕유산,2014-10,5종,2280
168,덕유산,2014-10,6종,1929
169,장수,2014-10,1종,116146
169,장수,2014-10,2종,4218
169,장수,2014-10,3종,5733
169,장수,2014-10,4종,2637
169,장수,2014-10,5종,3424
169,장수,2014-10,6종,3620
170,서상,2014-10,1종,52090
170,서상,2014-10,2종,2869
170,서상,2014-10,3종,4997
170,서상,2014-10,4종,3637
170,서상,2014-10,5종,3403
170,서상,2014-10,6종,1873
171,마성,2014-10,1종,394778
171,마성,2014-10,2종,6735
171,마성,2014-10,3종,32390
171,마성,2014-10,4종,1506
171,마성,2014-10,5종,1454
171,마성,2014-10,6종,21617
172,용인,2014-10,1종,924065
172,용인,2014-10,2종,63758
172,용인,2014-10,3종,41358
172,용인,2014-10,4종,21425
172,용인,2014-10,5종,16498
172,용인,2014-10,6종,65099
173,양지,2014-10,1종,895625
173,양지,2014-10,2종,88544
173,양지,2014-10,3종,71383
173,양지,2014-10,4종,56500
173,양지,2014-10,5종,44100
173,양지,2014-10,6종,51212
174,춘천,2014-10,1종,767834
174,춘천,2014-10,2종,21736
174,춘천,2014-10,3종,33777
174,춘천,2014-10,4종,9675
174,춘천,2014-10,5종,8729
174,춘천,2014-10,6종,47003
175,덕평,2014-10,1종,324498
175,덕평,2014-10,2종,41302
175,덕평,2014-10,3종,28513
175,덕평,2014-10,4종,22008
175,덕평,2014-10,5종,13022
175,덕평,2014-10,6종,20247
176,이천,2014-10,1종,654495
176,이천,2014-10,2종,42665
176,이천,2014-10,3종,53241
176,이천,2014-10,4종,47308
176,이천,2014-10,5종,41095
176,이천,2014-10,6종,32651
177,여주,2014-10,1종,429550
177,여주,2014-10,2종,17888
177,여주,2014-10,3종,42315
177,여주,2014-10,4종,22699
177,여주,2014-10,5종,12434
177,여주,2014-10,6종,17254
178,문막,2014-10,1종,379647
178,문막,2014-10,2종,23523
178,문막,2014-10,3종,40442
178,문막,2014-10,4종,16423
178,문막,2014-10,5종,16479
178,문막,2014-10,6종,16489
179,홍천,2014-10,1종,344031
179,홍천,2014-10,2종,11300
179,홍천,2014-10,3종,21446
179,홍천,2014-10,4종,8829
179,홍천,2014-10,5종,7636
179,홍천,2014-10,6종,22483
180,원주,2014-10,1종,275066
180,원주,2014-10,2종,15695
180,원주,2014-10,3종,21493
180,원주,2014-10,4종,10085
180,원주,2014-10,5종,9805
180,원주,2014-10,6종,13716
181,새말,2014-10,1종,240275
181,새말,2014-10,2종,9228
181,새말,2014-10,3종,16340
181,새말,2014-10,4종,7821
181,새말,2014-10,5종,6261
181,새말,2014-10,6종,9112
182,둔내,2014-10,1종,129960
182,둔내,2014-10,2종,4377
182,둔내,2014-10,3종,7245
182,둔내,2014-10,4종,4261
182,둔내,2014-10,5종,2179
182,둔내,2014-10,6종,5310
183,면온,2014-10,1종,93817
183,면온,2014-10,2종,2056
183,면온,2014-10,3종,4277
183,면온,2014-10,4종,2355
183,면온,2014-10,5종,2276
183,면온,2014-10,6종,3047
184,대관령,2014-10,1종,277929
184,대관령,2014-10,2종,7162
184,대관령,2014-10,3종,22256
184,대관령,2014-10,4종,3539
184,대관령,2014-10,5종,3579
184,대관령,2014-10,6종,11481
185,평창,2014-10,1종,154599
185,평창,2014-10,2종,5931
185,평창,2014-10,3종,18091
185,평창,2014-10,4종,5215
185,평창,2014-10,5종,4686
185,평창,2014-10,6종,6612
186,속사,2014-10,1종,49357
186,속사,2014-10,2종,2220
186,속사,2014-10,3종,3183
186,속사,2014-10,4종,2558
186,속사,2014-10,5종,1337
186,속사,2014-10,6종,1812
187,진부,2014-10,1종,192444
187,진부,2014-10,2종,7336
187,진부,2014-10,3종,18843
187,진부,2014-10,4종,4367
187,진부,2014-10,5종,4298
187,진부,2014-10,6종,7415
188,서충주,2014-10,1종,111900
188,서충주,2014-10,2종,5875
188,서충주,2014-10,3종,9303
188,서충주,2014-10,4종,6700
188,서충주,2014-10,5종,8484
188,서충주,2014-10,6종,4567
189,강릉,2014-10,1종,520715
189,강릉,2014-10,2종,15683
189,강릉,2014-10,3종,46923
189,강릉,2014-10,4종,9997
189,강릉,2014-10,5종,13761
189,강릉,2014-10,6종,25706
190,동서울,2014-10,1종,3534477
190,동서울,2014-10,2종,200579
190,동서울,2014-10,3종,248893
190,동서울,2014-10,4종,115731
190,동서울,2014-10,5종,68470
190,동서울,2014-10,6종,165858
191,경기광주,2014-10,1종,825781
191,경기광주,2014-10,2종,48856
191,경기광주,2014-10,3종,40269
191,경기광주,2014-10,4종,14985
191,경기광주,2014-10,5종,5955
191,경기광주,2014-10,6종,57193
192,곤지암,2014-10,1종,842812
192,곤지암,2014-10,2종,73589
192,곤지암,2014-10,3종,52338
192,곤지암,2014-10,4종,39649
192,곤지암,2014-10,5종,21348
192,곤지암,2014-10,6종,47705
193,일죽,2014-10,1종,485141
193,일죽,2014-10,2종,37797
193,일죽,2014-10,3종,41941
193,일죽,2014-10,4종,31981
193,일죽,2014-10,5종,18219
193,일죽,2014-10,6종,18698
194,서이천,2014-10,1종,543257
194,서이천,2014-10,2종,64679
194,서이천,2014-10,3종,54051
194,서이천,2014-10,4종,36805
194,서이천,2014-10,5종,15143
194,서이천,2014-10,6종,32409
195,대소,2014-10,1종,297028
195,대소,2014-10,2종,44252
195,대소,2014-10,3종,42971
195,대소,2014-10,4종,32490
195,대소,2014-10,5종,22033
195,대소,2014-10,6종,13316
196,진천,2014-10,1종,265163
196,진천,2014-10,2종,18768
196,진천,2014-10,3종,22305
196,진천,2014-10,4종,18112
196,진천,2014-10,5종,18555
196,진천,2014-10,6종,11497
197,증평,2014-10,1종,387360
197,증평,2014-10,2종,23934
197,증평,2014-10,3종,29646
197,증평,2014-10,4종,19382
197,증평,2014-10,5종,20016
197,증평,2014-10,6종,16792
198,서청주,2014-10,1종,830796
198,서청주,2014-10,2종,35417
198,서청주,2014-10,3종,46749
198,서청주,2014-10,4종,30507
198,서청주,2014-10,5종,23856
198,서청주,2014-10,6종,42080
199,오창,2014-10,1종,541867
199,오창,2014-10,2종,23240
199,오창,2014-10,3종,34050
199,오창,2014-10,4종,20527
199,오창,2014-10,5종,19363
199,오창,2014-10,6종,26740
200,금산,2014-10,1종,162399
200,금산,2014-10,2종,4612
200,금산,2014-10,3종,8700
200,금산,2014-10,4종,4961
200,금산,2014-10,5종,7063
200,금산,2014-10,6종,6806
201,칠곡,2014-10,1종,636231
201,칠곡,2014-10,2종,26564
201,칠곡,2014-10,3종,24552
201,칠곡,2014-10,4종,10319
201,칠곡,2014-10,5종,14062
201,칠곡,2014-10,6종,32891
202,다부,2014-10,1종,127636
202,다부,2014-10,2종,8096
202,다부,2014-10,3종,6191
202,다부,2014-10,4종,2869
202,다부,2014-10,5종,6550
202,다부,2014-10,6종,5215
203,가산,2014-10,1종,546399
203,가산,2014-10,2종,22432
203,가산,2014-10,3종,23870
203,가산,2014-10,4종,13848
203,가산,2014-10,5종,36791
203,가산,2014-10,6종,23199
204,추부,2014-10,1종,194443
204,추부,2014-10,2종,9120
204,추부,2014-10,3종,14037
204,추부,2014-10,4종,5808
204,추부,2014-10,5종,6076
204,추부,2014-10,6종,10745
205,군위,2014-10,1종,158180
205,군위,2014-10,2종,6104
205,군위,2014-10,3종,4938
205,군위,2014-10,4종,3055
205,군위,2014-10,5종,13151
205,군위,2014-10,6종,6867
206,의성,2014-10,1종,175291
206,의성,2014-10,2종,5230
206,의성,2014-10,3종,4861
206,의성,2014-10,4종,2273
206,의성,2014-10,5종,4223
206,의성,2014-10,6종,6172
207,남안동,2014-10,1종,301483
207,남안동,2014-10,2종,9318
207,남안동,2014-10,3종,10217
207,남안동,2014-10,4종,5055
207,남안동,2014-10,5종,8016
207,남안동,2014-10,6종,10444
208,서안동,2014-10,1종,219705
208,서안동,2014-10,2종,7661
208,서안동,2014-10,3종,20277
208,서안동,2014-10,4종,4207
208,서안동,2014-10,5종,7715
208,서안동,2014-10,6종,6814
209,예천,2014-10,1종,30876
209,예천,2014-10,2종,757
209,예천,2014-10,3종,662
209,예천,2014-10,4종,214
209,예천,2014-10,5종,499
209,예천,2014-10,6종,940
210,영주,2014-10,1종,143391
210,영주,2014-10,2종,5652
210,영주,2014-10,3종,8776
210,영주,2014-10,4종,4376
210,영주,2014-10,5종,12030
210,영주,2014-10,6종,4613
211,풍기,2014-10,1종,238095
211,풍기,2014-10,2종,7192
211,풍기,2014-10,3종,18548
211,풍기,2014-10,4종,4986
211,풍기,2014-10,5종,7334
211,풍기,2014-10,6종,8093
212,북수원,2014-10,1종,1361525
212,북수원,2014-10,2종,44578
212,북수원,2014-10,3종,63034
212,북수원,2014-10,4종,27599
212,북수원,2014-10,5종,18429
212,북수원,2014-10,6종,85159
213,부곡,2014-10,1종,397917
213,부곡,2014-10,2종,11886
213,부곡,2014-10,3종,10130
213,부곡,2014-10,4종,16018
213,부곡,2014-10,5종,70091
213,부곡,2014-10,6종,28391
214,동군포,2014-10,1종,225286
214,동군포,2014-10,2종,25003
214,동군포,2014-10,3종,17062
214,동군포,2014-10,4종,33604
214,동군포,2014-10,5종,19170
214,동군포,2014-10,6종,17569
215,군포,2014-10,1종,1055211
215,군포,2014-10,2종,51670
215,군포,2014-10,3종,44580
215,군포,2014-10,4종,19478
215,군포,2014-10,5종,27141
215,군포,2014-10,6종,80975
216,횡성,2014-10,1종,215833
216,횡성,2014-10,2종,7742
216,횡성,2014-10,3종,11177
216,횡성,2014-10,4종,5176
216,횡성,2014-10,5종,6156
216,횡성,2014-10,6종,10210
217,북원주,2014-10,1종,77728
217,북원주,2014-10,2종,6325
217,북원주,2014-10,3종,4615
217,북원주,2014-10,4종,2358
217,북원주,2014-10,5종,3627
217,북원주,2014-10,6종,5187
218,남원주,2014-10,1종,569770
218,남원주,2014-10,2종,17257
218,남원주,2014-10,3종,33158
218,남원주,2014-10,4종,9097
218,남원주,2014-10,5종,8570
218,남원주,2014-10,6종,29562
219,신림,2014-10,1종,114415
219,신림,2014-10,2종,3425
219,신림,2014-10,3종,4527
219,신림,2014-10,4종,3824
219,신림,2014-10,5종,6822
219,신림,2014-10,6종,4547
220,덕평휴게소,2014-10,1종,5765
220,덕평휴게소,2014-10,2종,179
220,덕평휴게소,2014-10,3종,57
220,덕평휴게소,2014-10,4종,0
220,덕평휴게소,2014-10,5종,0
220,덕평휴게소,2014-10,6종,462
221,생초,2014-10,1종,67533
221,생초,2014-10,2종,2622
221,생초,2014-10,3종,3721
221,생초,2014-10,4종,2275
221,생초,2014-10,5종,7144
221,생초,2014-10,6종,2482
222,산청,2014-10,1종,85395
222,산청,2014-10,2종,2117
222,산청,2014-10,3종,3404
222,산청,2014-10,4종,1257
222,산청,2014-10,5종,2267
222,산청,2014-10,6종,3422
223,단성,2014-10,1종,125555
223,단성,2014-10,2종,3104
223,단성,2014-10,3종,7818
223,단성,2014-10,4종,3198
223,단성,2014-10,5종,5573
223,단성,2014-10,6종,4852
224,함양,2014-10,1종,114961
224,함양,2014-10,2종,3774
224,함양,2014-10,3종,8854
224,함양,2014-10,4종,1761
224,함양,2014-10,5종,2668
224,함양,2014-10,6종,5389
225,서진주,2014-10,1종,389480
225,서진주,2014-10,2종,8659
225,서진주,2014-10,3종,10109
225,서진주,2014-10,4종,3148
225,서진주,2014-10,5종,4836
225,서진주,2014-10,6종,22419
227,군산,2014-10,1종,308805
227,군산,2014-10,2종,10047
227,군산,2014-10,3종,20046
227,군산,2014-10,4종,14229
227,군산,2014-10,5종,36974
227,군산,2014-10,6종,9449
228,동군산,2014-10,1종,275293
228,동군산,2014-10,2종,10168
228,동군산,2014-10,3종,17415
228,동군산,2014-10,4종,9138
228,동군산,2014-10,5종,30921
228,동군산,2014-10,6종,7989
229,북천안,2014-10,1종,380287
229,북천안,2014-10,2종,30706
229,북천안,2014-10,3종,38921
229,북천안,2014-10,4종,40924
229,북천안,2014-10,5종,44134
229,북천안,2014-10,6종,22190
230,팔공산,2014-10,1종,711906
230,팔공산,2014-10,2종,26171
230,팔공산,2014-10,3종,17826
230,팔공산,2014-10,4종,8477
230,팔공산,2014-10,5종,10598
230,팔공산,2014-10,6종,33662
231,화원옥포,2014-10,1종,689914
231,화원옥포,2014-10,2종,37990
231,화원옥포,2014-10,3종,26341
231,화원옥포,2014-10,4종,11117
231,화원옥포,2014-10,5종,16725
231,화원옥포,2014-10,6종,37154
232,달성,2014-10,1종,423872
232,달성,2014-10,2종,23271
232,달성,2014-10,3종,25706
232,달성,2014-10,4종,6891
232,달성,2014-10,5종,7682
232,달성,2014-10,6종,28287
233,현풍,2014-10,1종,495778
233,현풍,2014-10,2종,37522
233,현풍,2014-10,3종,33451
233,현풍,2014-10,4종,20046
233,현풍,2014-10,5종,43111
233,현풍,2014-10,6종,24796
234,서천,2014-10,1종,124848
234,서천,2014-10,2종,4231
234,서천,2014-10,3종,6017
234,서천,2014-10,4종,4902
234,서천,2014-10,5종,6783
234,서천,2014-10,6종,4370
235,창녕,2014-10,1종,183400
235,창녕,2014-10,2종,7670
235,창녕,2014-10,3종,10152
235,창녕,2014-10,4종,3703
235,창녕,2014-10,5종,8288
235,창녕,2014-10,6종,9816
236,영산,2014-10,1종,157003
236,영산,2014-10,2종,10997
236,영산,2014-10,3종,11100
236,영산,2014-10,4종,7562
236,영산,2014-10,5종,10054
236,영산,2014-10,6종,7088
237,남지,2014-10,1종,139514
237,남지,2014-10,2종,8389
237,남지,2014-10,3종,12649
237,남지,2014-10,4종,7855
237,남지,2014-10,5종,13976
237,남지,2014-10,6종,10350
238,칠서,2014-10,1종,233665
238,칠서,2014-10,2종,28447
238,칠서,2014-10,3종,16455
238,칠서,2014-10,4종,20006
238,칠서,2014-10,5종,36208
238,칠서,2014-10,6종,14927
239,칠원,2014-10,1종,594532
239,칠원,2014-10,2종,26992
239,칠원,2014-10,3종,51093
239,칠원,2014-10,4종,34897
239,칠원,2014-10,5종,35187
239,칠원,2014-10,6종,30205
240,제천,2014-10,1종,513889
240,제천,2014-10,2종,15513
240,제천,2014-10,3종,31598
240,제천,2014-10,4종,13880
240,제천,2014-10,5종,22709
240,제천,2014-10,6종,20656
241,동고령,2014-10,1종,293272
241,동고령,2014-10,2종,19356
241,동고령,2014-10,3종,18218
241,동고령,2014-10,4종,13045
241,동고령,2014-10,5종,17212
241,동고령,2014-10,6종,13404
242,고령,2014-10,1종,203025
242,고령,2014-10,2종,11302
242,고령,2014-10,3종,10813
242,고령,2014-10,4종,6010
242,고령,2014-10,5종,19451
242,고령,2014-10,6종,8554
243,해인사,2014-10,1종,121282
243,해인사,2014-10,2종,3183
243,해인사,2014-10,3종,4281
243,해인사,2014-10,4종,1123
243,해인사,2014-10,5종,2336
243,해인사,2014-10,6종,5016
244,서부산,2014-10,1종,1496863
244,서부산,2014-10,2종,52076
244,서부산,2014-10,3종,87861
244,서부산,2014-10,4종,37961
244,서부산,2014-10,5종,99060
244,서부산,2014-10,6종,83309
245,장유,2014-10,1종,1288553
245,장유,2014-10,2종,40478
245,장유,2014-10,3종,56068
245,장유,2014-10,4종,21476
245,장유,2014-10,5종,38145
245,장유,2014-10,6종,90358
246,가락,2014-10,1종,49589
246,가락,2014-10,2종,7223
246,가락,2014-10,3종,6683
246,가락,2014-10,4종,15740
246,가락,2014-10,5종,47531
246,가락,2014-10,6종,1789
247,남원,2014-10,1종,152727
247,남원,2014-10,2종,6830
247,남원,2014-10,3종,9599
247,남원,2014-10,4종,3017
247,남원,2014-10,5종,10023
247,남원,2014-10,6종,5713
248,순창,2014-10,1종,145268
248,순창,2014-10,2종,4465
248,순창,2014-10,3종,7397
248,순창,2014-10,4종,2787
248,순창,2014-10,5종,3969
248,순창,2014-10,6종,5131
249,담양,2014-10,1종,178668
249,담양,2014-10,2종,4550
249,담양,2014-10,3종,16521
249,담양,2014-10,4종,2429
249,담양,2014-10,5종,5089
249,담양,2014-10,6종,6095
250,남양산,2014-10,1종,1030951
250,남양산,2014-10,2종,49002
250,남양산,2014-10,3종,41890
250,남양산,2014-10,4종,25534
250,남양산,2014-10,5종,37709
250,남양산,2014-10,6종,75946
251,물금,2014-10,1종,425819
251,물금,2014-10,2종,44470
251,물금,2014-10,3종,18398
251,물금,2014-10,4종,35672
251,물금,2014-10,5종,63539
251,물금,2014-10,6종,29040
252,대동,2014-10,1종,2298402
252,대동,2014-10,2종,153367
252,대동,2014-10,3종,132729
252,대동,2014-10,4종,109755
252,대동,2014-10,5종,293005
252,대동,2014-10,6종,117842
253,서서울,2014-10,1종,5278677
253,서서울,2014-10,2종,212068
253,서서울,2014-10,3종,180498
253,서서울,2014-10,4종,127881
253,서서울,2014-10,5종,122686
253,서서울,2014-10,6종,320302
254,군자,2014-10,1종,2481187
254,군자,2014-10,2종,122797
254,군자,2014-10,3종,120989
254,군자,2014-10,4종,84468
254,군자,2014-10,5종,162737
254,군자,2014-10,6종,175762
255,서안산,2014-10,1종,1814983
255,서안산,2014-10,2종,104405
255,서안산,2014-10,3종,72267
255,서안산,2014-10,4종,47406
255,서안산,2014-10,5종,62671
255,서안산,2014-10,6종,141547
256,안산,2014-10,1종,907122
256,안산,2014-10,2종,26549
256,안산,2014-10,3종,23252
256,안산,2014-10,4종,6633
256,안산,2014-10,5종,7442
256,안산,2014-10,6종,70717
257,홍성,2014-10,1종,325138
257,홍성,2014-10,2종,6554
257,홍성,2014-10,3종,12743
257,홍성,2014-10,4종,4449
257,홍성,2014-10,5종,4312
257,홍성,2014-10,6종,11233
258,광천,2014-10,1종,179289
258,광천,2014-10,2종,7023
258,광천,2014-10,3종,10949
258,광천,2014-10,4종,6858
258,광천,2014-10,5종,13113
258,광천,2014-10,6종,5996
259,대천,2014-10,1종,267315
259,대천,2014-10,2종,7777
259,대천,2014-10,3종,13536
259,대천,2014-10,4종,4327
259,대천,2014-10,5종,6463
259,대천,2014-10,6종,9597
260,춘장대,2014-10,1종,91885
260,춘장대,2014-10,2종,1792
260,춘장대,2014-10,3종,2348
260,춘장대,2014-10,4종,2078
260,춘장대,2014-10,5종,1872
260,춘장대,2014-10,6종,2312
261,동광주,2014-10,1종,1104296
261,동광주,2014-10,2종,32712
261,동광주,2014-10,3종,65841
261,동광주,2014-10,4종,23254
261,동광주,2014-10,5종,48416
261,동광주,2014-10,6종,37711
262,창평,2014-10,1종,98445
262,창평,2014-10,2종,5151
262,창평,2014-10,3종,3845
262,창평,2014-10,4종,2346
262,창평,2014-10,5종,2177
262,창평,2014-10,6종,3217
263,옥과,2014-10,1종,211239
263,옥과,2014-10,2종,5099
263,옥과,2014-10,3종,11400
263,옥과,2014-10,4종,3970
263,옥과,2014-10,5종,6143
263,옥과,2014-10,6종,8865
264,동남원,2014-10,1종,49143
264,동남원,2014-10,2종,2157
264,동남원,2014-10,3종,3143
264,동남원,2014-10,4종,1434
264,동남원,2014-10,5종,2236
264,동남원,2014-10,6종,1627
265,곡성,2014-10,1종,178949
265,곡성,2014-10,2종,4697
265,곡성,2014-10,3종,6220
265,곡성,2014-10,4종,3189
265,곡성,2014-10,5종,6494
265,곡성,2014-10,6종,6554
266,석곡,2014-10,1종,51267
266,석곡,2014-10,2종,1330
266,석곡,2014-10,3종,2239
266,석곡,2014-10,4종,1195
266,석곡,2014-10,5종,1292
266,석곡,2014-10,6종,1878
267,주암송광사,2014-10,1종,132671
267,주암송광사,2014-10,2종,3791
267,주암송광사,2014-10,3종,4516
267,주암송광사,2014-10,4종,3026
267,주암송광사,2014-10,5종,4849
267,주암송광사,2014-10,6종,3944
268,승주,2014-10,1종,78778
268,승주,2014-10,2종,1386
268,승주,2014-10,3종,2485
268,승주,2014-10,4종,783
268,승주,2014-10,5종,1204
268,승주,2014-10,6종,3343
269,지리산,2014-10,1종,68665
269,지리산,2014-10,2종,2172
269,지리산,2014-10,3종,4318
269,지리산,2014-10,4종,1984
269,지리산,2014-10,5종,1595
269,지리산,2014-10,6종,2166
270,서순천,2014-10,1종,179171
270,서순천,2014-10,2종,6160
270,서순천,2014-10,3종,11766
270,서순천,2014-10,4종,2196
270,서순천,2014-10,5종,4646
270,서순천,2014-10,6종,6399
271,순천,2014-10,1종,597663
271,순천,2014-10,2종,17233
271,순천,2014-10,3종,21305
271,순천,2014-10,4종,10328
271,순천,2014-10,5종,36391
271,순천,2014-10,6종,19968
272,광양,2014-10,1종,340598
272,광양,2014-10,2종,11574
272,광양,2014-10,3종,28861
272,광양,2014-10,4종,15271
272,광양,2014-10,5종,61028
272,광양,2014-10,6종,11568
273,동광양,2014-10,1종,147595
273,동광양,2014-10,2종,2997
273,동광양,2014-10,3종,3633
273,동광양,2014-10,4종,4082
273,동광양,2014-10,5종,24483
273,동광양,2014-10,6종,6500
274,가조,2014-10,1종,61183
274,가조,2014-10,2종,2439
274,가조,2014-10,3종,3109
274,가조,2014-10,4종,1563
274,가조,2014-10,5종,1517
274,가조,2014-10,6종,3401
275,옥곡,2014-10,1종,181098
275,옥곡,2014-10,2종,5335
275,옥곡,2014-10,3종,10066
275,옥곡,2014-10,4종,8883
275,옥곡,2014-10,5종,38153
275,옥곡,2014-10,6종,7091
276,진월,2014-10,1종,91836
276,진월,2014-10,2종,2642
276,진월,2014-10,3종,2387
276,진월,2014-10,4종,7794
276,진월,2014-10,5종,45177
276,진월,2014-10,6종,3229
277,하동,2014-10,1종,232520
277,하동,2014-10,2종,5904
277,하동,2014-10,3종,10298
277,하동,2014-10,4종,11566
277,하동,2014-10,5종,38877
277,하동,2014-10,6종,10099
278,진교,2014-10,1종,175611
278,진교,2014-10,2종,4258
278,진교,2014-10,3종,14652
278,진교,2014-10,4종,1694
278,진교,2014-10,5종,3754
278,진교,2014-10,6종,10258
279,곤양,2014-10,1종,139088
279,곤양,2014-10,2종,4186
279,곤양,2014-10,3종,7670
279,곤양,2014-10,4종,3451
279,곤양,2014-10,5종,9672
279,곤양,2014-10,6종,6627
280,거창,2014-10,1종,168789
280,거창,2014-10,2종,8152
280,거창,2014-10,3종,15435
280,거창,2014-10,4종,3435
280,거창,2014-10,5종,4208
280,거창,2014-10,6종,8343
281,매송,2014-10,1종,530437
281,매송,2014-10,2종,26576
281,매송,2014-10,3종,26344
281,매송,2014-10,4종,12173
281,매송,2014-10,5종,17681
281,매송,2014-10,6종,30465
282,비봉,2014-10,1종,805281
282,비봉,2014-10,2종,48546
282,비봉,2014-10,3종,33784
282,비봉,2014-10,4종,19233
282,비봉,2014-10,5종,34958
282,비봉,2014-10,6종,49697
283,발안,2014-10,1종,481114
283,발안,2014-10,2종,29788
283,발안,2014-10,3종,24436
283,발안,2014-10,4종,17445
283,발안,2014-10,5종,20992
283,발안,2014-10,6종,29597
284,남양양,2014-10,1종,72369
284,남양양,2014-10,2종,2074
284,남양양,2014-10,3종,5406
284,남양양,2014-10,4종,687
284,남양양,2014-10,5종,1436
284,남양양,2014-10,6종,2410
285,서평택,2014-10,1종,634539
285,서평택,2014-10,2종,44707
285,서평택,2014-10,3종,47866
285,서평택,2014-10,4종,63020
285,서평택,2014-10,5종,121810
285,서평택,2014-10,6종,33978
286,통도사휴게소,2014-10,1종,33463
286,통도사휴게소,2014-10,2종,293
286,통도사휴게소,2014-10,3종,1832
286,통도사휴게소,2014-10,4종,1
286,통도사휴게소,2014-10,5종,0
286,통도사휴게소,2014-10,6종,1554
287,송악,2014-10,1종,496826
287,송악,2014-10,2종,19511
287,송악,2014-10,3종,23889
287,송악,2014-10,4종,26010
287,송악,2014-10,5종,110389
287,송악,2014-10,6종,22834
288,당진,2014-10,1종,464789
288,당진,2014-10,2종,18193
288,당진,2014-10,3종,29559
288,당진,2014-10,4종,16550
288,당진,2014-10,5종,46532
288,당진,2014-10,6종,20698
289,마산,2014-10,1종,902469
289,마산,2014-10,2종,32135
289,마산,2014-10,3종,50013
289,마산,2014-10,4종,24830
289,마산,2014-10,5종,30729
289,마산,2014-10,6종,54191
290,축동,2014-10,1종,52436
290,축동,2014-10,2종,2709
290,축동,2014-10,3종,1962
290,축동,2014-10,4종,3388
290,축동,2014-10,5종,10458
290,축동,2014-10,6종,3058
291,사천,2014-10,1종,737430
291,사천,2014-10,2종,31216
291,사천,2014-10,3종,33716
291,사천,2014-10,4종,16064
291,사천,2014-10,5종,29460
291,사천,2014-10,6종,47549
292,진주,2014-10,1종,808348
292,진주,2014-10,2종,24907
292,진주,2014-10,3종,54868
292,진주,2014-10,4종,13856
292,진주,2014-10,5종,31647
292,진주,2014-10,6종,52170
293,문산,2014-10,1종,385542
293,문산,2014-10,2종,12606
293,문산,2014-10,3종,9749
293,문산,2014-10,4종,6587
293,문산,2014-10,5종,10252
293,문산,2014-10,6종,23853
294,북창원,2014-10,1종,245032
294,북창원,2014-10,2종,9235
294,북창원,2014-10,3종,6319
294,북창원,2014-10,4종,7311
294,북창원,2014-10,5종,19756
294,북창원,2014-10,6종,12066
295,진성,2014-10,1종,158146
295,진성,2014-10,2종,9453
295,진성,2014-10,3종,7582
295,진성,2014-10,4종,6087
295,진성,2014-10,5종,13996
295,진성,2014-10,6종,7941
296,지수,2014-10,1종,54012
296,지수,2014-10,2종,2920
296,지수,2014-10,3종,2181
296,지수,2014-10,4종,1059
296,지수,2014-10,5종,4251
296,지수,2014-10,6종,3941
297,동충주,2014-10,1종,1908
297,동충주,2014-10,2종,37
297,동충주,2014-10,3종,103
297,동충주,2014-10,4종,94
297,동충주,2014-10,5종,165
297,동충주,2014-10,6종,83
298,서산,2014-10,1종,570029
298,서산,2014-10,2종,19353
298,서산,2014-10,3종,37458
298,서산,2014-10,4종,25326
298,서산,2014-10,5종,43371
298,서산,2014-10,6종,22182
299,해미,2014-10,1종,164529
299,해미,2014-10,2종,6397
299,해미,2014-10,3종,11781
299,해미,2014-10,4종,5873
299,해미,2014-10,5종,10966
299,해미,2014-10,6종,6377
500,남여주,2014-10,1종,188616
500,남여주,2014-10,2종,7789
500,남여주,2014-10,3종,11328
500,남여주,2014-10,4종,8136
500,남여주,2014-10,5종,13820
500,남여주,2014-10,6종,7534
501,서김제,2014-10,1종,57260
501,서김제,2014-10,2종,2801
501,서김제,2014-10,3종,3806
501,서김제,2014-10,4종,2160
501,서김제,2014-10,5종,3038
501,서김제,2014-10,6종,1475
502,부안,2014-10,1종,117533
502,부안,2014-10,2종,5165
502,부안,2014-10,3종,10408
502,부안,2014-10,4종,2958
502,부안,2014-10,5종,5480
502,부안,2014-10,6종,3161
503,줄포,2014-10,1종,86150
503,줄포,2014-10,2종,2425
503,줄포,2014-10,3종,4945
503,줄포,2014-10,4종,972
503,줄포,2014-10,5종,1299
503,줄포,2014-10,6종,1960
504,선운산,2014-10,1종,130908
504,선운산,2014-10,2종,4383
504,선운산,2014-10,3종,11147
504,선운산,2014-10,4종,6279
504,선운산,2014-10,5종,6080
504,선운산,2014-10,6종,3575
505,고창,2014-10,1종,96725
505,고창,2014-10,2종,3831
505,고창,2014-10,3종,4392
505,고창,2014-10,4종,1450
505,고창,2014-10,5종,1315
505,고창,2014-10,6종,2761
506,영광,2014-10,1종,83785
506,영광,2014-10,2종,3130
506,영광,2014-10,3종,7190
506,영광,2014-10,4종,2022
506,영광,2014-10,5종,2227
506,영광,2014-10,6종,2115
507,함평,2014-10,1종,64063
507,함평,2014-10,2종,2770
507,함평,2014-10,3종,6341
507,함평,2014-10,4종,2894
507,함평,2014-10,5종,5581
507,함평,2014-10,6종,1734
508,무안,2014-10,1종,192363
508,무안,2014-10,2종,5854
508,무안,2014-10,3종,7804
508,무안,2014-10,4종,4081
508,무안,2014-10,5종,4642
508,무안,2014-10,6종,6251
509,목포,2014-10,1종,796831
509,목포,2014-10,2종,21457
509,목포,2014-10,3종,43930
509,목포,2014-10,4종,23368
509,목포,2014-10,5종,38343
509,목포,2014-10,6종,22767
510,양양,2014-10,1종,120770
510,양양,2014-10,2종,2981
510,양양,2014-10,3종,7514
510,양양,2014-10,4종,1915
510,양양,2014-10,5종,4197
510,양양,2014-10,6종,4367
511,무창포,2014-10,1종,105566
511,무창포,2014-10,2종,3897
511,무창포,2014-10,3종,4133
511,무창포,2014-10,4종,2352
511,무창포,2014-10,5종,6036
511,무창포,2014-10,6종,2903
512,연화산,2014-10,1종,42663
512,연화산,2014-10,2종,1699
512,연화산,2014-10,3종,1204
512,연화산,2014-10,4종,1137
512,연화산,2014-10,5종,3538
512,연화산,2014-10,6종,2637
513,고성,2014-10,1종,373341
513,고성,2014-10,2종,13074
513,고성,2014-10,3종,18426
513,고성,2014-10,4종,9686
513,고성,2014-10,5종,14949
513,고성,2014-10,6종,19581
514,동고성,2014-10,1종,101753
514,동고성,2014-10,2종,4381
514,동고성,2014-10,3종,6029
514,동고성,2014-10,4종,9477
514,동고성,2014-10,5종,12891
514,동고성,2014-10,6종,8021
515,북통영,2014-10,1종,164640
515,북통영,2014-10,2종,3965
515,북통영,2014-10,3종,12430
515,북통영,2014-10,4종,1891
515,북통영,2014-10,5종,1816
515,북통영,2014-10,6종,9285
516,통영,2014-10,1종,614898
516,통영,2014-10,2종,18986
516,통영,2014-10,3종,30060
516,통영,2014-10,4종,18600
516,통영,2014-10,5종,21827
516,통영,2014-10,6종,30262
517,양평,2014-10,1종,197981
517,양평,2014-10,2종,6738
517,양평,2014-10,3종,8673
517,양평,2014-10,4종,5308
517,양평,2014-10,5종,7818
517,양평,2014-10,6종,7832
518,칠곡물류,2014-10,1종,64429
518,칠곡물류,2014-10,2종,15417
518,칠곡물류,2014-10,3종,8531
518,칠곡물류,2014-10,4종,13593
518,칠곡물류,2014-10,5종,14908
518,칠곡물류,2014-10,6종,3260
519,남대구,2014-10,1종,1521551
519,남대구,2014-10,2종,66507
519,남대구,2014-10,3종,74719
519,남대구,2014-10,4종,24230
519,남대구,2014-10,5종,38216
519,남대구,2014-10,6종,80302
520,평택,2014-10,1종,658757
520,평택,2014-10,2종,35036
520,평택,2014-10,3종,52327
520,평택,2014-10,4종,22705
520,평택,2014-10,5종,30668
520,평택,2014-10,6종,37022
521,단양,2014-10,1종,84920
521,단양,2014-10,2종,2104
521,단양,2014-10,3종,6033
521,단양,2014-10,4종,1834
521,단양,2014-10,5종,10843
521,단양,2014-10,6종,2937
522,북단양,2014-10,1종,111891
522,북단양,2014-10,2종,2934
522,북단양,2014-10,3종,5446
522,북단양,2014-10,4종,10986
522,북단양,2014-10,5종,37170
522,북단양,2014-10,6종,3924
523,남제천,2014-10,1종,90078
523,남제천,2014-10,2종,2529
523,남제천,2014-10,3종,5606
523,남제천,2014-10,4종,1734
523,남제천,2014-10,5종,3542
523,남제천,2014-10,6종,2873
524,청통와촌,2014-10,1종,254627
524,청통와촌,2014-10,2종,12359
524,청통와촌,2014-10,3종,8407
524,청통와촌,2014-10,4종,5143
524,청통와촌,2014-10,5종,6649
524,청통와촌,2014-10,6종,10648
525,북영천,2014-10,1종,224600
525,북영천,2014-10,2종,7092
525,북영천,2014-10,3종,7666
525,북영천,2014-10,4종,4593
525,북영천,2014-10,5종,6778
525,북영천,2014-10,6종,7059
526,서포항,2014-10,1종,114060
526,서포항,2014-10,2종,2422
526,서포항,2014-10,3종,3361
526,서포항,2014-10,4종,1173
526,서포항,2014-10,5종,3358
526,서포항,2014-10,6종,6811
527,포항,2014-10,1종,795259
527,포항,2014-10,2종,19377
527,포항,2014-10,3종,34425
527,포항,2014-10,4종,10404
527,포항,2014-10,5종,48245
527,포항,2014-10,6종,31059
528,기흥동탄,2014-10,1종,1169526
528,기흥동탄,2014-10,2종,30468
528,기흥동탄,2014-10,3종,80143
528,기흥동탄,2014-10,4종,21567
528,기흥동탄,2014-10,5종,19435
528,기흥동탄,2014-10,6종,68896
529,노포,2014-10,1종,214363
529,노포,2014-10,2종,12506
529,노포,2014-10,3종,41510
529,노포,2014-10,4종,6992
529,노포,2014-10,5종,8340
529,노포,2014-10,6종,10944
530,내장산,2014-10,1종,63034
530,내장산,2014-10,2종,1760
530,내장산,2014-10,3종,2216
530,내장산,2014-10,4종,653
530,내장산,2014-10,5종,801
530,내장산,2014-10,6종,2450
531,문의청남대,2014-10,1종,218867
531,문의청남대,2014-10,2종,7379
531,문의청남대,2014-10,3종,12690
531,문의청남대,2014-10,4종,6235
531,문의청남대,2014-10,5종,8646
531,문의청남대,2014-10,6종,8848
532,회인,2014-10,1종,52489
532,회인,2014-10,2종,1434
532,회인,2014-10,3종,1225
532,회인,2014-10,4종,722
532,회인,2014-10,5종,1153
532,회인,2014-10,6종,2185
533,보은,2014-10,1종,175015
533,보은,2014-10,2종,5339
533,보은,2014-10,3종,7591
533,보은,2014-10,4종,3148
533,보은,2014-10,5종,3910
533,보은,2014-10,6종,7438
534,속리산,2014-10,1종,84276
534,속리산,2014-10,2종,2784
534,속리산,2014-10,3종,4459
534,속리산,2014-10,4종,1728
534,속리산,2014-10,5종,2185
534,속리산,2014-10,6종,3054
535,화서,2014-10,1종,57910
535,화서,2014-10,2종,1843
535,화서,2014-10,3종,2815
535,화서,2014-10,4종,2062
535,화서,2014-10,5종,2649
535,화서,2014-10,6종,2473
536,남상주,2014-10,1종,123150
536,남상주,2014-10,2종,5175
536,남상주,2014-10,3종,10669
536,남상주,2014-10,4종,5610
536,남상주,2014-10,5종,4683
536,남상주,2014-10,6종,5253
537,남김천,2014-10,1종,74693
537,남김천,2014-10,2종,5357
537,남김천,2014-10,3종,5712
537,남김천,2014-10,4종,5724
537,남김천,2014-10,5종,13120
537,남김천,2014-10,6종,2913
538,성주,2014-10,1종,72883
538,성주,2014-10,2종,6295
538,성주,2014-10,3종,6252
538,성주,2014-10,4종,4965
538,성주,2014-10,5종,7438
538,성주,2014-10,6종,2699
539,남성주,2014-10,1종,49590
539,남성주,2014-10,2종,6733
539,남성주,2014-10,3종,3861
539,남성주,2014-10,4종,4748
539,남성주,2014-10,5종,6614
539,남성주,2014-10,6종,1769
540,청북,2014-10,1종,449271
540,청북,2014-10,2종,46363
540,청북,2014-10,3종,46529
540,청북,2014-10,4종,37829
540,청북,2014-10,5종,43657
540,청북,2014-10,6종,26075
541,송탄,2014-10,1종,408600
541,송탄,2014-10,2종,37817
541,송탄,2014-10,3종,36499
541,송탄,2014-10,4종,35825
541,송탄,2014-10,5종,28086
541,송탄,2014-10,6종,22919
542,서안성,2014-10,1종,378040
542,서안성,2014-10,2종,33268
542,서안성,2014-10,3종,46210
542,서안성,2014-10,4종,43458
542,서안성,2014-10,5종,30982
542,서안성,2014-10,6종,18148
543,남안성,2014-10,1종,543479
543,남안성,2014-10,2종,51546
543,남안성,2014-10,3종,48728
543,남안성,2014-10,4종,41533
543,남안성,2014-10,5종,41073
543,남안성,2014-10,6종,30068
544,완주,2014-10,1종,172722
544,완주,2014-10,2종,7117
544,완주,2014-10,3종,9900
544,완주,2014-10,4종,7705
544,완주,2014-10,5종,12469
544,완주,2014-10,6종,5693
545,소양,2014-10,1종,169308
545,소양,2014-10,2종,5138
545,소양,2014-10,3종,11007
545,소양,2014-10,4종,2647
545,소양,2014-10,5종,5259
545,소양,2014-10,6종,5742
546,진안,2014-10,1종,75176
546,진안,2014-10,2종,2825
546,진안,2014-10,3종,4397
546,진안,2014-10,4종,1484
546,진안,2014-10,5종,1283
546,진안,2014-10,6종,2403
547,무안공항,2014-10,1종,36384
547,무안공항,2014-10,2종,709
547,무안공항,2014-10,3종,1117
547,무안공항,2014-10,4종,195
547,무안공항,2014-10,5종,171
547,무안공항,2014-10,6종,777
548,북무안,2014-10,1종,114733
548,북무안,2014-10,2종,3752
548,북무안,2014-10,3종,5288
548,북무안,2014-10,4종,2493
548,북무안,2014-10,5종,3527
548,북무안,2014-10,6종,2816
549,동함평,2014-10,1종,181466
549,동함평,2014-10,2종,4519
549,동함평,2014-10,3종,5650
549,동함평,2014-10,4종,1651
549,동함평,2014-10,5종,3165
549,동함평,2014-10,6종,7124
550,문평,2014-10,1종,39184
550,문평,2014-10,2종,985
550,문평,2014-10,3종,1023
550,문평,2014-10,4종,496
550,문평,2014-10,5종,4111
550,문평,2014-10,6종,1250
551,나주,2014-10,1종,55251
551,나주,2014-10,2종,1975
551,나주,2014-10,3종,1579
551,나주,2014-10,4종,907
551,나주,2014-10,5종,1364
551,나주,2014-10,6종,2722
552,서광산,2014-10,1종,110897
552,서광산,2014-10,2종,5811
552,서광산,2014-10,3종,7129
552,서광산,2014-10,4종,3225
552,서광산,2014-10,5종,6123
552,서광산,2014-10,6종,3371
553,동광산,2014-10,1종,881961
553,동광산,2014-10,2종,18688
553,동광산,2014-10,3종,31563
553,동광산,2014-10,4종,10466
553,동광산,2014-10,5종,18912
553,동광산,2014-10,6종,29135
554,동홍천,2014-10,1종,546593
554,동홍천,2014-10,2종,7871
554,동홍천,2014-10,3종,32655
554,동홍천,2014-10,4종,4918
554,동홍천,2014-10,5종,3235
554,동홍천,2014-10,6종,19507
555,북진천,2014-10,1종,300178
555,북진천,2014-10,2종,32627
555,북진천,2014-10,3종,35490
555,북진천,2014-10,4종,27469
555,북진천,2014-10,5종,29540
555,북진천,2014-10,6종,13738
556,동순천,2014-10,1종,276024
556,동순천,2014-10,2종,7280
556,동순천,2014-10,3종,16956
556,동순천,2014-10,4종,12284
556,동순천,2014-10,5종,41043
556,동순천,2014-10,6종,7853
557,황전,2014-10,1종,86259
557,황전,2014-10,2종,2603
557,황전,2014-10,3종,2822
557,황전,2014-10,4종,1205
557,황전,2014-10,5종,2770
557,황전,2014-10,6종,3520
558,구례화엄사,2014-10,1종,107342
558,구례화엄사,2014-10,2종,3299
558,구례화엄사,2014-10,3종,6287
558,구례화엄사,2014-10,4종,2725
558,구례화엄사,2014-10,5종,5633
558,구례화엄사,2014-10,6종,2836
559,서남원,2014-10,1종,51341
559,서남원,2014-10,2종,2666
559,서남원,2014-10,3종,2830
559,서남원,2014-10,4종,2373
559,서남원,2014-10,5종,6914
559,서남원,2014-10,6종,1780
560,감곡,2014-10,1종,351903
560,감곡,2014-10,2종,16691
560,감곡,2014-10,3종,23327
560,감곡,2014-10,4종,22034
560,감곡,2014-10,5종,42138
560,감곡,2014-10,6종,12318
561,북충주,2014-10,1종,211982
561,북충주,2014-10,2종,6806
561,북충주,2014-10,3종,15949
561,북충주,2014-10,4종,10950
561,북충주,2014-10,5종,33477
561,북충주,2014-10,6종,6862
562,충주,2014-10,1종,215477
562,충주,2014-10,2종,8770
562,충주,2014-10,3종,14572
562,충주,2014-10,4종,11148
562,충주,2014-10,5종,10488
562,충주,2014-10,6종,8202
563,괴산,2014-10,1종,80830
563,괴산,2014-10,2종,2403
563,괴산,2014-10,3종,5155
563,괴산,2014-10,4종,3046
563,괴산,2014-10,5종,6411
563,괴산,2014-10,6종,2498
564,연풍,2014-10,1종,67241
564,연풍,2014-10,2종,3398
564,연풍,2014-10,3종,9446
564,연풍,2014-10,4종,6194
564,연풍,2014-10,5종,7352
564,연풍,2014-10,6종,1939
565,문경새재,2014-10,1종,121774
565,문경새재,2014-10,2종,3823
565,문경새재,2014-10,3종,9412
565,문경새재,2014-10,4종,4541
565,문경새재,2014-10,5종,4314
565,문경새재,2014-10,6종,3754
566,점촌함창,2014-10,1종,152057
566,점촌함창,2014-10,2종,5183
566,점촌함창,2014-10,3종,12562
566,점촌함창,2014-10,4종,6382
566,점촌함창,2014-10,5종,6708
566,점촌함창,2014-10,6종,4828
567,남고창,2014-10,1종,111009
567,남고창,2014-10,2종,3959
567,남고창,2014-10,3종,3141
567,남고창,2014-10,4종,2219
567,남고창,2014-10,5종,2595
567,남고창,2014-10,6종,4454
568,장성물류,2014-10,1종,41104
568,장성물류,2014-10,2종,8023
568,장성물류,2014-10,3종,4146
568,장성물류,2014-10,4종,8261
568,장성물류,2014-10,5종,9091
568,장성물류,2014-10,6종,1280
569,북광주,2014-10,1종,333956
569,북광주,2014-10,2종,18601
569,북광주,2014-10,3종,14642
569,북광주,2014-10,4종,17805
569,북광주,2014-10,5종,27510
569,북광주,2014-10,6종,10838
570,북상주,2014-10,1종,124763
570,북상주,2014-10,2종,7399
570,북상주,2014-10,3종,13578
570,북상주,2014-10,4종,13070
570,북상주,2014-10,5종,9386
570,북상주,2014-10,6종,4141
571,면천,2014-10,1종,101222
571,면천,2014-10,2종,3798
571,면천,2014-10,3종,4272
571,면천,2014-10,4종,3867
571,면천,2014-10,5종,5386
571,면천,2014-10,6종,3879
572,고덕,2014-10,1종,126419
572,고덕,2014-10,2종,4419
572,고덕,2014-10,3종,7184
572,고덕,2014-10,4종,3418
572,고덕,2014-10,5종,6062
572,고덕,2014-10,6종,4911
573,예산수덕사,2014-10,1종,347251
573,예산수덕사,2014-10,2종,11938
573,예산수덕사,2014-10,3종,14493
573,예산수덕사,2014-10,4종,9409
573,예산수덕사,2014-10,5종,12072
573,예산수덕사,2014-10,6종,12527
574,신양,2014-10,1종,89003
574,신양,2014-10,2종,3438
574,신양,2014-10,3종,3278
574,신양,2014-10,4종,2514
574,신양,2014-10,5종,3807
574,신양,2014-10,6종,3262
575,유구,2014-10,1종,105820
575,유구,2014-10,2종,4331
575,유구,2014-10,3종,4185
575,유구,2014-10,4종,4391
575,유구,2014-10,5종,6398
575,유구,2014-10,6종,3675
576,마곡사,2014-10,1종,43994
576,마곡사,2014-10,2종,991
576,마곡사,2014-10,3종,1747
576,마곡사,2014-10,4종,731
576,마곡사,2014-10,5종,517
576,마곡사,2014-10,6종,1629
577,공주,2014-10,1종,201544
577,공주,2014-10,2종,6722
577,공주,2014-10,3종,9702
577,공주,2014-10,4종,2674
577,공주,2014-10,5종,4397
577,공주,2014-10,6종,8595
578,서세종,2014-10,1종,237795
578,서세종,2014-10,2종,12695
578,서세종,2014-10,3종,10727
578,서세종,2014-10,4종,6500
578,서세종,2014-10,5종,9105
578,서세종,2014-10,6종,9289
579,남세종,2014-10,1종,376294
579,남세종,2014-10,2종,9594
579,남세종,2014-10,3종,10595
579,남세종,2014-10,4종,5094
579,남세종,2014-10,5종,7304
579,남세종,2014-10,6종,17342
580,북강릉,2014-10,1종,214425
580,북강릉,2014-10,2종,6435
580,북강릉,2014-10,3종,12651
580,북강릉,2014-10,4종,2943
580,북강릉,2014-10,5종,5611
580,북강릉,2014-10,6종,9025
581,옥계,2014-10,1종,58292
581,옥계,2014-10,2종,2025
581,옥계,2014-10,3종,3343
581,옥계,2014-10,4종,3974
581,옥계,2014-10,5종,13781
581,옥계,2014-10,6종,3557
582,망상,2014-10,1종,117732
582,망상,2014-10,2종,3902
582,망상,2014-10,3종,14839
582,망상,2014-10,4종,1347
582,망상,2014-10,5종,2425
582,망상,2014-10,6종,6972
583,동해,2014-10,1종,347559
583,동해,2014-10,2종,11436
583,동해,2014-10,3종,21499
583,동해,2014-10,4종,9755
583,동해,2014-10,5종,23928
583,동해,2014-10,6종,16196
584,남강릉,2014-10,1종,119544
584,남강릉,2014-10,2종,6925
584,남강릉,2014-10,3종,10288
584,남강릉,2014-10,4종,3615
584,남강릉,2014-10,5종,4499
584,남강릉,2014-10,6종,7554
585,하조대,2014-10,1종,183060
585,하조대,2014-10,2종,5110
585,하조대,2014-10,3종,12736
585,하조대,2014-10,4종,3046
585,하조대,2014-10,5종,4257
585,하조대,2014-10,6종,6649
586,북남원,2014-10,1종,23852
586,북남원,2014-10,2종,883
586,북남원,2014-10,3종,754
586,북남원,2014-10,4종,365
586,북남원,2014-10,5종,2358
586,북남원,2014-10,6종,688
587,오수,2014-10,1종,143575
587,오수,2014-10,2종,4728
587,오수,2014-10,3종,8562
587,오수,2014-10,4종,3773
587,오수,2014-10,5종,6808
587,오수,2014-10,6종,4836
588,임실,2014-10,1종,50213
588,임실,2014-10,2종,2339
588,임실,2014-10,3종,3577
588,임실,2014-10,4종,1223
588,임실,2014-10,5종,5018
588,임실,2014-10,6종,1674
589,상관,2014-10,1종,154764
589,상관,2014-10,2종,4656
589,상관,2014-10,3종,9632
589,상관,2014-10,4종,5071
589,상관,2014-10,5종,27808
589,상관,2014-10,6종,4802
590,동전주,2014-10,1종,209874
590,동전주,2014-10,2종,3597
590,동전주,2014-10,3종,5802
590,동전주,2014-10,4종,2019
590,동전주,2014-10,5종,5733
590,동전주,2014-10,6종,7817
591,동서천,2014-10,1종,65585
591,동서천,2014-10,2종,1747
591,동서천,2014-10,3종,3836
591,동서천,2014-10,4종,2056
591,동서천,2014-10,5종,3798
591,동서천,2014-10,6종,2031
592,서부여,2014-10,1종,64042
592,서부여,2014-10,2종,2752
592,서부여,2014-10,3종,2817
592,서부여,2014-10,4종,1863
592,서부여,2014-10,5종,2094
592,서부여,2014-10,6종,2189
593,부여,2014-10,1종,94840
593,부여,2014-10,2종,3004
593,부여,2014-10,3종,4834
593,부여,2014-10,4종,2621
593,부여,2014-10,5종,3289
593,부여,2014-10,6종,3464
594,칠갑산,2014-10,1종,59717
594,칠갑산,2014-10,2종,1683
594,칠갑산,2014-10,3종,3262
594,칠갑산,2014-10,4종,1374
594,칠갑산,2014-10,5종,935
594,칠갑산,2014-10,6종,1996
595,서공주,2014-10,1종,66064
595,서공주,2014-10,2종,3229
595,서공주,2014-10,3종,3145
595,서공주,2014-10,4종,2434
595,서공주,2014-10,5종,3450
595,서공주,2014-10,6종,2407
596,가락2,2014-10,1종,58366
596,가락2,2014-10,2종,6893
596,가락2,2014-10,3종,6620
596,가락2,2014-10,4종,13387
596,가락2,2014-10,5종,55395
596,가락2,2014-10,6종,3911
597,서여주,2014-10,1종,140869
597,서여주,2014-10,2종,6956
597,서여주,2014-10,3종,8240
597,서여주,2014-10,4종,6509
597,서여주,2014-10,5종,6890
597,서여주,2014-10,6종,7040
598,북여주,2014-10,1종,82079
598,북여주,2014-10,2종,3362
598,북여주,2014-10,3종,3118
598,북여주,2014-10,4종,2146
598,북여주,2014-10,5종,4378
598,북여주,2014-10,6종,3661
599,양촌,2014-10,1종,29303
599,양촌,2014-10,2종,536
599,양촌,2014-10,3종,227
599,양촌,2014-10,4종,10
599,양촌,2014-10,5종,6
599,양촌,2014-10,6종,1029
601,남천안,2014-10,1종,381042
601,남천안,2014-10,2종,26722
601,남천안,2014-10,3종,30798
601,남천안,2014-10,4종,28139
601,남천안,2014-10,5종,23002
601,남천안,2014-10,6종,15376
602,풍세상,2014-10,1종,1554117
602,풍세상,2014-10,2종,46474
602,풍세상,2014-10,3종,181663
602,풍세상,2014-10,4종,71886
602,풍세상,2014-10,5종,77914
602,풍세상,2014-10,6종,66144
603,정안,2014-10,1종,270332
603,정안,2014-10,2종,11093
603,정안,2014-10,3종,29677
603,정안,2014-10,4종,12788
603,정안,2014-10,5종,11230
603,정안,2014-10,6종,9979
604,남공주,2014-10,1종,77472
604,남공주,2014-10,2종,3622
604,남공주,2014-10,3종,5449
604,남공주,2014-10,4종,2645
604,남공주,2014-10,5종,4992
604,남공주,2014-10,6종,2799
605,탄천,2014-10,1종,25808
605,탄천,2014-10,2종,1964
605,탄천,2014-10,3종,1405
605,탄천,2014-10,4종,1694
605,탄천,2014-10,5종,2342
605,탄천,2014-10,6종,795
606,서논산,2014-10,1종,144221
606,서논산,2014-10,2종,6998
606,서논산,2014-10,3종,11854
606,서논산,2014-10,4종,7033
606,서논산,2014-10,5종,10479
606,서논산,2014-10,6종,5238
607,연무,2014-10,1종,69318
607,연무,2014-10,2종,3001
607,연무,2014-10,3종,4923
607,연무,2014-10,4종,1545
607,연무,2014-10,5종,2853
607,연무,2014-10,6종,2307
608,남논산하,2014-10,1종,944214
608,남논산하,2014-10,2종,26040
608,남논산하,2014-10,3종,122862
608,남논산하,2014-10,4종,40622
608,남논산하,2014-10,5종,60230
608,남논산하,2014-10,6종,36038
612,풍세하,2014-10,1종,1571446
612,풍세하,2014-10,2종,45464
612,풍세하,2014-10,3종,182728
612,풍세하,2014-10,4종,59788
612,풍세하,2014-10,5종,60594
612,풍세하,2014-10,6종,67420
613,남풍세,2014-10,1종,102181
613,남풍세,2014-10,2종,5572
613,남풍세,2014-10,3종,10740
613,남풍세,2014-10,4종,4561
613,남풍세,2014-10,5종,8746
613,남풍세,2014-10,6종,4365
618,남논산상,2014-10,1종,931206
618,남논산상,2014-10,2종,26652
618,남논산상,2014-10,3종,121814
618,남논산상,2014-10,4종,44070
618,남논산상,2014-10,5종,70416
618,남논산상,2014-10,6종,35080
621,동대구,2014-10,1종,882339
621,동대구,2014-10,2종,34459
621,동대구,2014-10,3종,45652
621,동대구,2014-10,4종,24885
621,동대구,2014-10,5종,31800
621,동대구,2014-10,6종,43349
622,대구,2014-10,1종,1192092
622,대구,2014-10,2종,49976
622,대구,2014-10,3종,77932
622,대구,2014-10,4종,54562
622,대구,2014-10,5종,95134
622,대구,2014-10,6종,62104
623,수성,2014-10,1종,804142
623,수성,2014-10,2종,21311
623,수성,2014-10,3종,18619
623,수성,2014-10,4종,6694
623,수성,2014-10,5종,9217
623,수성,2014-10,6종,37647
624,청도,2014-10,1종,250054
624,청도,2014-10,2종,10333
624,청도,2014-10,3종,9794
624,청도,2014-10,4종,7702
624,청도,2014-10,5종,8144
624,청도,2014-10,6종,11110
625,밀양,2014-10,1종,338162
625,밀양,2014-10,2종,15568
625,밀양,2014-10,3종,15120
625,밀양,2014-10,4종,10709
625,밀양,2014-10,5종,14535
625,밀양,2014-10,6종,14109
626,남밀양,2014-10,1종,408487
626,남밀양,2014-10,2종,23362
626,남밀양,2014-10,3종,21500
626,남밀양,2014-10,4종,15498
626,남밀양,2014-10,5종,20692
626,남밀양,2014-10,6종,22205
627,삼랑진,2014-10,1종,250187
627,삼랑진,2014-10,2종,10960
627,삼랑진,2014-10,3종,8565
627,삼랑진,2014-10,4종,6194
627,삼랑진,2014-10,5종,10357
627,삼랑진,2014-10,6종,15132
628,상동,2014-10,1종,239445
628,상동,2014-10,2종,25182
628,상동,2014-10,3종,15856
628,상동,2014-10,4종,17069
628,상동,2014-10,5종,28964
628,상동,2014-10,6종,13863
629,김해부산,2014-10,1종,1221476
629,김해부산,2014-10,2종,67060
629,김해부산,2014-10,3종,82734
629,김해부산,2014-10,4종,67976
629,김해부산,2014-10,5종,114010
629,김해부산,2014-10,6종,69042
641,울산,2014-10,1종,1237219
641,울산,2014-10,2종,51953
641,울산,2014-10,3종,83126
641,울산,2014-10,4종,49392
641,울산,2014-10,5종,128341
641,울산,2014-10,6종,59580
642,문수,2014-10,1종,126068
642,문수,2014-10,2종,5889
642,문수,2014-10,3종,6683
642,문수,2014-10,4종,8207
642,문수,2014-10,5종,18918
642,문수,2014-10,6종,6854
643,청량,2014-10,1종,568921
643,청량,2014-10,2종,14315
643,청량,2014-10,3종,16479
643,청량,2014-10,4종,20935
643,청량,2014-10,5종,77739
643,청량,2014-10,6종,35601
644,온양,2014-10,1종,195405
644,온양,2014-10,2종,4594
644,온양,2014-10,3종,3576
644,온양,2014-10,4종,3454
644,온양,2014-10,5종,12900
644,온양,2014-10,6종,12537
645,장안,2014-10,1종,373367
645,장안,2014-10,2종,8658
645,장안,2014-10,3종,7376
645,장안,2014-10,4종,6893
645,장안,2014-10,5종,16628
645,장안,2014-10,6종,25139
646,기장일광,2014-10,1종,271852
646,기장일광,2014-10,2종,3618
646,기장일광,2014-10,3종,4228
646,기장일광,2014-10,4종,2254
646,기장일광,2014-10,5종,5879
646,기장일광,2014-10,6종,16475
647,해운대송정,2014-10,1종,107973
647,해운대송정,2014-10,2종,1563
647,해운대송정,2014-10,3종,1268
647,해운대송정,2014-10,4종,679
647,해운대송정,2014-10,5종,1269
647,해운대송정,2014-10,6종,6563
648,해운대,2014-10,1종,815747
648,해운대,2014-10,2종,10093
648,해운대,2014-10,3종,11512
648,해운대,2014-10,4종,7474
648,해운대,2014-10,5종,39205
648,해운대,2014-10,6종,48820
651,남양주,2014-10,1종,1797434
651,남양주,2014-10,2종,41866
651,남양주,2014-10,3종,84603
651,남양주,2014-10,4종,19259
651,남양주,2014-10,5종,19109
651,남양주,2014-10,6종,92937
652,화도,2014-10,1종,986050
652,화도,2014-10,2종,34865
652,화도,2014-10,3종,41335
652,화도,2014-10,4종,13838
652,화도,2014-10,5종,14621
652,화도,2014-10,6종,69038
653,서종,2014-10,1종,201784
653,서종,2014-10,2종,2157
653,서종,2014-10,3종,2072
653,서종,2014-10,4종,690
653,서종,2014-10,5종,1403
653,서종,2014-10,6종,11921
654,설악,2014-10,1종,253705
654,설악,2014-10,2종,4045
654,설악,2014-10,3종,7003
654,설악,2014-10,4종,1427
654,설악,2014-10,5종,1506
654,설악,2014-10,6종,12443
655,강촌,2014-10,1종,168798
655,강촌,2014-10,2종,2445
655,강촌,2014-10,3종,4987
655,강촌,2014-10,4종,1559
655,강촌,2014-10,5종,1235
655,강촌,2014-10,6종,6777
656,남춘천,2014-10,1종,198324
656,남춘천,2014-10,2종,3381
656,남춘천,2014-10,3종,13757
656,남춘천,2014-10,4종,2378
656,남춘천,2014-10,5종,4618
656,남춘천,2014-10,6종,9439
657,동산,2014-10,1종,815284
657,동산,2014-10,2종,13590
657,동산,2014-10,3종,47562
657,동산,2014-10,4종,8462
657,동산,2014-10,5종,8540
657,동산,2014-10,6종,39542
658,조양,2014-10,1종,28225
658,조양,2014-10,2종,604
658,조양,2014-10,3종,618
658,조양,2014-10,4종,606
658,조양,2014-10,5종,597
658,조양,2014-10,6종,1211
671,봉담,2014-10,1종,1339889
671,봉담,2014-10,2종,62606
671,봉담,2014-10,3종,51661
671,봉담,2014-10,4종,21162
671,봉담,2014-10,5종,26600
671,봉담,2014-10,6종,105997
672,정남,2014-10,1종,385449
672,정남,2014-10,2종,20775
672,정남,2014-10,3종,15713
672,정남,2014-10,4종,7533
672,정남,2014-10,5종,4692
672,정남,2014-10,6종,31775
673,북오산,2014-10,1종,834434
673,북오산,2014-10,2종,32441
673,북오산,2014-10,3종,32354
673,북오산,2014-10,4종,16628
673,북오산,2014-10,5종,11636
673,북오산,2014-10,6종,62884
674,,2014-10,1종,917184
674,,2014-10,2종,42815
674,,2014-10,3종,72518
674,,2014-10,4종,21134
674,,2014-10,5종,23502
674,,2014-10,6종,64599
675,서오산,2014-10,1종,844202
675,서오산,2014-10,2종,26047
675,서오산,2014-10,3종,23021
675,서오산,2014-10,4종,15252
675,서오산,2014-10,5종,12711
675,서오산,2014-10,6종,60322
676,향남,2014-10,1종,580128
676,향남,2014-10,2종,38618
676,향남,2014-10,3종,28234
676,향남,2014-10,4종,23859
676,향남,2014-10,5종,15916
676,향남,2014-10,6종,47281
677,북평택,2014-10,1종,1036962
677,북평택,2014-10,2종,38322
677,북평택,2014-10,3종,55870
677,북평택,2014-10,4종,19494
677,북평택,2014-10,5종,30685
677,북평택,2014-10,6종,62728
681,장안본선,2014-10,1종,954498
681,장안본선,2014-10,2종,80162
681,장안본선,2014-10,3종,133458
681,장안본선,2014-10,4종,94672
681,장안본선,2014-10,5종,170408
681,장안본선,2014-10,6종,53856
682,조암,2014-10,1종,330760
682,조암,2014-10,2종,38031
682,조암,2014-10,3종,32193
682,조암,2014-10,4종,22253
682,조암,2014-10,5종,25613
682,조암,2014-10,6종,20310
683,송산마도,2014-10,1종,590911
683,송산마도,2014-10,2종,37975
683,송산마도,2014-10,3종,28327
683,송산마도,2014-10,4종,21254
683,송산마도,2014-10,5종,38729
683,송산마도,2014-10,6종,32908
684,남안산,2014-10,1종,723770
684,남안산,2014-10,2종,76810
684,남안산,2014-10,3종,61501
684,남안산,2014-10,4종,51590
684,남안산,2014-10,5종,74360
684,남안산,2014-10,6종,52360
685,서시흥,2014-10,1종,1290391
685,서시흥,2014-10,2종,83189
685,서시흥,2014-10,3종,120856
685,서시흥,2014-10,4종,76863
685,서시흥,2014-10,5종,154727
685,서시흥,2014-10,6종,74956
981,서영암,2014-10,1종,220781
981,서영암,2014-10,2종,5475
981,서영암,2014-10,3종,11973
981,서영암,2014-10,4종,6583
981,서영암,2014-10,5종,17227
981,서영암,2014-10,6종,6645
982,강진무위사,2014-10,1종,133124
982,강진무위사,2014-10,2종,3670
982,강진무위사,2014-10,3종,7966
982,강진무위사,2014-10,4종,3064
982,강진무위사,2014-10,5종,4654
982,강진무위사,2014-10,6종,3919
983,장흥,2014-10,1종,108418
983,장흥,2014-10,2종,1990
983,장흥,2014-10,3종,4140
983,장흥,2014-10,4종,1000
983,장흥,2014-10,5종,1505
983,장흥,2014-10,6종,2899
984,보성,2014-10,1종,180725
984,보성,2014-10,2종,6127
984,보성,2014-10,3종,8164
984,보성,2014-10,4종,4784
984,보성,2014-10,5종,13010
984,보성,2014-10,6종,4636
985,벌교,2014-10,1종,128301
985,벌교,2014-10,2종,4066
985,벌교,2014-10,3종,4222
985,벌교,2014-10,4종,1918
985,벌교,2014-10,5종,3214
985,벌교,2014-10,6종,3353
986,고흥,2014-10,1종,157188
986,고흥,2014-10,2종,3573
986,고흥,2014-10,3종,6220
986,고흥,2014-10,4종,3904
986,고흥,2014-10,5종,6342
986,고흥,2014-10,6종,5191
987,남순천,2014-10,1종,441343
987,남순천,2014-10,2종,11836
987,남순천,2014-10,3종,23461
987,남순천,2014-10,4종,14201
987,남순천,2014-10,5종,35536
987,남순천,2014-10,6종,13257
11,인천,2014-11,1종,3562298
11,인천,2014-11,2종,118429
11,인천,2014-11,3종,86573
11,인천,2014-11,4종,59503
11,인천,2014-11,5종,117763
11,인천,2014-11,6종,330620
12,서영암(개),2014-11,1종,37401
12,서영암(개),2014-11,2종,815
12,서영암(개),2014-11,3종,1172
12,서영암(개),2014-11,4종,404
12,서영암(개),2014-11,5종,667
12,서영암(개),2014-11,6종,2268
13,순천만,2014-11,1종,136208
13,순천만,2014-11,2종,4641
13,순천만,2014-11,3종,6735
13,순천만,2014-11,4종,2727
13,순천만,2014-11,5종,8481
13,순천만,2014-11,6종,6275
29,가락(개),2014-11,1종,611758
29,가락(개),2014-11,2종,19096
29,가락(개),2014-11,3종,17514
29,가락(개),2014-11,4종,20455
29,가락(개),2014-11,5종,110488
29,가락(개),2014-11,6종,51819
53,남인천,2014-11,1종,1675356
53,남인천,2014-11,2종,44510
53,남인천,2014-11,3종,57382
53,남인천,2014-11,4종,20077
53,남인천,2014-11,5종,62015
53,남인천,2014-11,6종,141239
56,일로,2014-11,1종,35777
56,일로,2014-11,2종,864
56,일로,2014-11,3종,561
56,일로,2014-11,4종,891
56,일로,2014-11,5종,1234
56,일로,2014-11,6종,2217
61,성남,2014-11,1종,3963472
61,성남,2014-11,2종,153329
61,성남,2014-11,3종,162583
61,성남,2014-11,4종,95649
61,성남,2014-11,5종,90069
61,성남,2014-11,6종,281423
62,구리남양주,2014-11,1종,5088392
62,구리남양주,2014-11,2종,209044
62,구리남양주,2014-11,3종,194154
62,구리남양주,2014-11,4종,140634
62,구리남양주,2014-11,5종,104678
62,구리남양주,2014-11,6종,378891
63,토평,2014-11,1종,503754
63,토평,2014-11,2종,16072
63,토평,2014-11,3종,8678
63,토평,2014-11,4종,14829
63,토평,2014-11,5종,10364
63,토평,2014-11,6종,41002
64,청계,2014-11,1종,4544846
64,청계,2014-11,2종,150768
64,청계,2014-11,3종,156157
64,청계,2014-11,4종,51389
64,청계,2014-11,5종,88926
64,청계,2014-11,6종,353201
65,판교,2014-11,1종,2829868
65,판교,2014-11,2종,44799
65,판교,2014-11,3종,176525
65,판교,2014-11,4종,16636
65,판교,2014-11,5종,16866
65,판교,2014-11,6종,170937
66,하남,2014-11,1종,829122
66,하남,2014-11,2종,28792
66,하남,2014-11,3종,16343
66,하남,2014-11,4종,8629
66,하남,2014-11,5종,8248
66,하남,2014-11,6종,65625
67,시흥,2014-11,1종,3972126
67,시흥,2014-11,2종,137257
67,시흥,2014-11,3종,137989
67,시흥,2014-11,4종,73594
67,시흥,2014-11,5종,69118
67,시흥,2014-11,6종,309211
68,김포,2014-11,1종,4646281
68,김포,2014-11,2종,183591
68,김포,2014-11,3종,152197
68,김포,2014-11,4종,80046
68,김포,2014-11,5종,115909
68,김포,2014-11,6종,386575
69,대왕판교,2014-11,1종,197831
69,대왕판교,2014-11,2종,1571
69,대왕판교,2014-11,3종,273
69,대왕판교,2014-11,4종,31
69,대왕판교,2014-11,5종,15
69,대왕판교,2014-11,6종,11868
74,덕소삼패,2014-11,1종,312473
74,덕소삼패,2014-11,2종,7934
74,덕소삼패,2014-11,3종,4080
74,덕소삼패,2014-11,4종,10132
74,덕소삼패,2014-11,5종,12479
74,덕소삼패,2014-11,6종,25942
91,대동(개),2014-11,1종,136321
91,대동(개),2014-11,2종,9781
91,대동(개),2014-11,3종,6377
91,대동(개),2014-11,4종,19610
91,대동(개),2014-11,5종,9976
91,대동(개),2014-11,6종,9515
92,내서,2014-11,1종,219797
92,내서,2014-11,2종,8159
92,내서,2014-11,3종,11066
92,내서,2014-11,4종,3426
92,내서,2014-11,5종,7669
92,내서,2014-11,6종,21046
101,서울,2014-11,1종,5348547
101,서울,2014-11,2종,187861
101,서울,2014-11,3종,606683
101,서울,2014-11,4종,97605
101,서울,2014-11,5종,55028
101,서울,2014-11,6종,262430
102,동수원,2014-11,1종,2160831
102,동수원,2014-11,2종,41800
102,동수원,2014-11,3종,88680
102,동수원,2014-11,4종,16110
102,동수원,2014-11,5종,14913
102,동수원,2014-11,6종,139427
103,수원신갈,2014-11,1종,2417072
103,수원신갈,2014-11,2종,95702
103,수원신갈,2014-11,3종,163087
103,수원신갈,2014-11,4종,43359
103,수원신갈,2014-11,5종,25971
103,수원신갈,2014-11,6종,137979
104,지곡,2014-11,1종,41505
104,지곡,2014-11,2종,1469
104,지곡,2014-11,3종,2308
104,지곡,2014-11,4종,1864
104,지곡,2014-11,5종,2120
104,지곡,2014-11,6종,1553
105,기흥,2014-11,1종,419134
105,기흥,2014-11,2종,22797
105,기흥,2014-11,3종,14824
105,기흥,2014-11,4종,11333
105,기흥,2014-11,5종,14210
105,기흥,2014-11,6종,22818
106,오산,2014-11,1종,1157590
106,오산,2014-11,2종,90498
106,오산,2014-11,3종,103891
106,오산,2014-11,4종,43567
106,오산,2014-11,5종,29962
106,오산,2014-11,6종,75763
107,안성,2014-11,1종,843571
107,안성,2014-11,2종,33353
107,안성,2014-11,3종,55358
107,안성,2014-11,4종,16620
107,안성,2014-11,5종,12436
107,안성,2014-11,6종,55817
108,천안,2014-11,1종,1484306
108,천안,2014-11,2종,45996
108,천안,2014-11,3종,111497
108,천안,2014-11,4종,36692
108,천안,2014-11,5종,30220
108,천안,2014-11,6종,77171
109,계룡,2014-11,1종,134721
109,계룡,2014-11,2종,9641
109,계룡,2014-11,3종,12217
109,계룡,2014-11,4종,8524
109,계룡,2014-11,5종,4381
109,계룡,2014-11,6종,8360
110,독립기념관,2014-11,1종,324182
110,독립기념관,2014-11,2종,19412
110,독립기념관,2014-11,3종,23200
110,독립기념관,2014-11,4종,20212
110,독립기념관,2014-11,5종,16187
110,독립기념관,2014-11,6종,14182
111,청주,2014-11,1종,489389
111,청주,2014-11,2종,20189
111,청주,2014-11,3종,50368
111,청주,2014-11,4종,14933
111,청주,2014-11,5종,17543
111,청주,2014-11,6종,24722
112,남청주,2014-11,1종,511315
112,남청주,2014-11,2종,40931
112,남청주,2014-11,3종,40930
112,남청주,2014-11,4종,49476
112,남청주,2014-11,5종,40771
112,남청주,2014-11,6종,23083
113,신탄진,2014-11,1종,757394
113,신탄진,2014-11,2종,43475
113,신탄진,2014-11,3종,34704
113,신탄진,2014-11,4종,58366
113,신탄진,2014-11,5종,49702
113,신탄진,2014-11,6종,42285
114,남대전,2014-11,1종,316654
114,남대전,2014-11,2종,12749
114,남대전,2014-11,3종,11962
114,남대전,2014-11,4종,5826
114,남대전,2014-11,5종,9925
114,남대전,2014-11,6종,15973
115,대전,2014-11,1종,1358293
115,대전,2014-11,2종,39288
115,대전,2014-11,3종,83125
115,대전,2014-11,4종,16184
115,대전,2014-11,5종,15595
115,대전,2014-11,6종,74058
116,옥천,2014-11,1종,387093
116,옥천,2014-11,2종,22481
116,옥천,2014-11,3종,20574
116,옥천,2014-11,4종,36731
116,옥천,2014-11,5종,21291
116,옥천,2014-11,6종,22792
117,금강,2014-11,1종,36084
117,금강,2014-11,2종,1840
117,금강,2014-11,3종,1948
117,금강,2014-11,4종,4049
117,금강,2014-11,5종,929
117,금강,2014-11,6종,1975
118,영동,2014-11,1종,90367
118,영동,2014-11,2종,4940
118,영동,2014-11,3종,5414
118,영동,2014-11,4종,3366
118,영동,2014-11,5종,6922
118,영동,2014-11,6종,4218
119,판암,2014-11,1종,485151
119,판암,2014-11,2종,15369
119,판암,2014-11,3종,11471
119,판암,2014-11,4종,6427
119,판암,2014-11,5종,5729
119,판암,2014-11,6종,28874
120,황간,2014-11,1종,82979
120,황간,2014-11,2종,2834
120,황간,2014-11,3종,4838
120,황간,2014-11,4종,4539
120,황간,2014-11,5종,5660
120,황간,2014-11,6종,3246
121,추풍령,2014-11,1종,42786
121,추풍령,2014-11,2종,1414
121,추풍령,2014-11,3종,2691
121,추풍령,2014-11,4종,1082
121,추풍령,2014-11,5종,2090
121,추풍령,2014-11,6종,1885
122,김천,2014-11,1종,231947
122,김천,2014-11,2종,7798
122,김천,2014-11,3종,12324
122,김천,2014-11,4종,9209
122,김천,2014-11,5종,8341
122,김천,2014-11,6종,10753
123,구미,2014-11,1종,803045
123,구미,2014-11,2종,20169
123,구미,2014-11,3종,39051
123,구미,2014-11,4종,17717
123,구미,2014-11,5종,16124
123,구미,2014-11,6종,41617
124,상주,2014-11,1종,126278
124,상주,2014-11,2종,5864
124,상주,2014-11,3종,6088
124,상주,2014-11,4종,6137
124,상주,2014-11,5종,7623
124,상주,2014-11,6종,4004
125,남구미,2014-11,1종,546774
125,남구미,2014-11,2종,21161
125,남구미,2014-11,3종,32984
125,남구미,2014-11,4종,20960
125,남구미,2014-11,5종,38128
125,남구미,2014-11,6종,30854
126,왜관,2014-11,1종,628996
126,왜관,2014-11,2종,47386
126,왜관,2014-11,3종,31183
126,왜관,2014-11,4종,23350
126,왜관,2014-11,5종,33934
126,왜관,2014-11,6종,30364
127,서대구,2014-11,1종,1921399
127,서대구,2014-11,2종,90110
127,서대구,2014-11,3종,104110
127,서대구,2014-11,4종,50940
127,서대구,2014-11,5종,60923
127,서대구,2014-11,6종,88061
128,금왕꽃동네,2014-11,1종,95196
128,금왕꽃동네,2014-11,2종,9722
128,금왕꽃동네,2014-11,3종,10279
128,금왕꽃동네,2014-11,4종,7855
128,금왕꽃동네,2014-11,5종,10205
128,금왕꽃동네,2014-11,6종,4215
129,북대구,2014-11,1종,1785348
129,북대구,2014-11,2종,61143
129,북대구,2014-11,3종,56818
129,북대구,2014-11,4종,24949
129,북대구,2014-11,5종,26705
129,북대구,2014-11,6종,80806
130,동김천,2014-11,1종,149341
130,동김천,2014-11,2종,6612
130,동김천,2014-11,3종,10086
130,동김천,2014-11,4종,8083
130,동김천,2014-11,5종,15765
130,동김천,2014-11,6종,5794
131,경산,2014-11,1종,832034
131,경산,2014-11,2종,74164
131,경산,2014-11,3종,57969
131,경산,2014-11,4종,44296
131,경산,2014-11,5종,39183
131,경산,2014-11,6종,45928
132,영천,2014-11,1종,421605
132,영천,2014-11,2종,24944
132,영천,2014-11,3종,29784
132,영천,2014-11,4종,22855
132,영천,2014-11,5종,42382
132,영천,2014-11,6종,16769
133,서경주,2014-11,1종,176570
133,서경주,2014-11,2종,8442
133,서경주,2014-11,3종,14503
133,서경주,2014-11,4종,9808
133,서경주,2014-11,5종,26851
133,서경주,2014-11,6종,6173
134,선산,2014-11,1종,90075
134,선산,2014-11,2종,5102
134,선산,2014-11,3종,5277
134,선산,2014-11,4종,5434
134,선산,2014-11,5종,9405
134,선산,2014-11,6종,3069
135,경주,2014-11,1종,903179
135,경주,2014-11,2종,41363
135,경주,2014-11,3종,77259
135,경주,2014-11,4종,45653
135,경주,2014-11,5종,95812
135,경주,2014-11,6종,34723
136,음성,2014-11,1종,144129
136,음성,2014-11,2종,8206
136,음성,2014-11,3종,9826
136,음성,2014-11,4종,7113
136,음성,2014-11,5종,7598
136,음성,2014-11,6종,5832
137,통도사,2014-11,1종,288576
137,통도사,2014-11,2종,15850
137,통도사,2014-11,3종,16117
137,통도사,2014-11,4종,12460
137,통도사,2014-11,5종,16126
137,통도사,2014-11,6종,15065
138,양산,2014-11,1종,662429
138,양산,2014-11,2종,69289
138,양산,2014-11,3종,43481
138,양산,2014-11,4종,45000
138,양산,2014-11,5종,53398
138,양산,2014-11,6종,36527
139,서울산,2014-11,1종,503361
139,서울산,2014-11,2종,25437
139,서울산,2014-11,3종,32855
139,서울산,2014-11,4종,14702
139,서울산,2014-11,5종,23441
139,서울산,2014-11,6종,25905
140,부산,2014-11,1종,1635516
140,부산,2014-11,2종,60876
140,부산,2014-11,3종,51506
140,부산,2014-11,4종,32531
140,부산,2014-11,5종,55044
140,부산,2014-11,6종,94227
142,군북,2014-11,1종,363878
142,군북,2014-11,2종,13755
142,군북,2014-11,3종,16119
142,군북,2014-11,4종,10137
142,군북,2014-11,5종,18245
142,군북,2014-11,6종,22672
143,장지,2014-11,1종,111565
143,장지,2014-11,2종,5419
143,장지,2014-11,3종,5119
143,장지,2014-11,4종,3688
143,장지,2014-11,5종,15556
143,장지,2014-11,6종,7635
144,함안,2014-11,1종,255752
144,함안,2014-11,2종,12029
144,함안,2014-11,3종,10988
144,함안,2014-11,4종,7399
144,함안,2014-11,5종,18591
144,함안,2014-11,6종,16857
145,산인,2014-11,1종,779769
145,산인,2014-11,2종,19589
145,산인,2014-11,3종,38622
145,산인,2014-11,4종,13049
145,산인,2014-11,5종,20897
145,산인,2014-11,6종,45317
146,동창원,2014-11,1종,580134
146,동창원,2014-11,2종,28790
146,동창원,2014-11,3종,29118
146,동창원,2014-11,4종,24704
146,동창원,2014-11,5종,36840
146,동창원,2014-11,6종,39424
147,진례,2014-11,1종,443334
147,진례,2014-11,2종,31318
147,진례,2014-11,3종,21223
147,진례,2014-11,4종,17850
147,진례,2014-11,5종,75793
147,진례,2014-11,6종,28836
148,서김해,2014-11,1종,649655
148,서김해,2014-11,2종,21721
148,서김해,2014-11,3종,18006
148,서김해,2014-11,4종,10756
148,서김해,2014-11,5종,18311
148,서김해,2014-11,6종,45016
149,동김해,2014-11,1종,1009255
149,동김해,2014-11,2종,30401
149,동김해,2014-11,3종,25412
149,동김해,2014-11,4종,11237
149,동김해,2014-11,5종,15105
149,동김해,2014-11,6종,77641
150,북부산,2014-11,1종,2195869
150,북부산,2014-11,2종,59605
150,북부산,2014-11,3종,71159
150,북부산,2014-11,4종,40672
150,북부산,2014-11,5종,110587
150,북부산,2014-11,6종,140836
151,북대전,2014-11,1종,708569
151,북대전,2014-11,2종,17370
151,북대전,2014-11,3종,32256
151,북대전,2014-11,4종,18203
151,북대전,2014-11,5종,17216
151,북대전,2014-11,6종,40048
152,유성,2014-11,1종,1085733
152,유성,2014-11,2종,24971
152,유성,2014-11,3종,40596
152,유성,2014-11,4종,18570
152,유성,2014-11,5종,13269
152,유성,2014-11,6종,51243
153,서대전,2014-11,1종,709861
153,서대전,2014-11,2종,21816
153,서대전,2014-11,3종,20829
153,서대전,2014-11,4종,19950
153,서대전,2014-11,5종,16816
153,서대전,2014-11,6종,41674
154,안영,2014-11,1종,434994
154,안영,2014-11,2종,16461
154,안영,2014-11,3종,13056
154,안영,2014-11,4종,9614
154,안영,2014-11,5종,10199
154,안영,2014-11,6종,22833
155,논산,2014-11,1종,220482
155,논산,2014-11,2종,16649
155,논산,2014-11,3종,17128
155,논산,2014-11,4종,11688
155,논산,2014-11,5종,10949
155,논산,2014-11,6종,10520
156,익산,2014-11,1종,295129
156,익산,2014-11,2종,22468
156,익산,2014-11,3종,29391
156,익산,2014-11,4종,19745
156,익산,2014-11,5종,28291
156,익산,2014-11,6종,9679
157,삼례,2014-11,1종,118091
157,삼례,2014-11,2종,8324
157,삼례,2014-11,3종,8994
157,삼례,2014-11,4종,6553
157,삼례,2014-11,5종,10204
157,삼례,2014-11,6종,3631
158,전주,2014-11,1종,479240
158,전주,2014-11,2종,19723
158,전주,2014-11,3종,53600
158,전주,2014-11,4종,21056
158,전주,2014-11,5종,40648
158,전주,2014-11,6종,14915
159,서전주,2014-11,1종,304290
159,서전주,2014-11,2종,12355
159,서전주,2014-11,3종,14418
159,서전주,2014-11,4종,8091
159,서전주,2014-11,5종,8145
159,서전주,2014-11,6종,9170
160,김제,2014-11,1종,131646
160,김제,2014-11,2종,7105
160,김제,2014-11,3종,9286
160,김제,2014-11,4종,4000
160,김제,2014-11,5종,5258
160,김제,2014-11,6종,4130
161,금산사,2014-11,1종,40473
161,금산사,2014-11,2종,2062
161,금산사,2014-11,3종,2311
161,금산사,2014-11,4종,584
161,금산사,2014-11,5종,2025
161,금산사,2014-11,6종,1167
162,태인,2014-11,1종,116643
162,태인,2014-11,2종,6040
162,태인,2014-11,3종,12057
162,태인,2014-11,4종,5149
162,태인,2014-11,5종,5533
162,태인,2014-11,6종,3486
163,정읍,2014-11,1종,283685
163,정읍,2014-11,2종,15143
163,정읍,2014-11,3종,24353
163,정읍,2014-11,4종,11856
163,정읍,2014-11,5종,10209
163,정읍,2014-11,6종,8619
164,무주,2014-11,1종,158017
164,무주,2014-11,2종,4287
164,무주,2014-11,3종,6891
164,무주,2014-11,4종,3106
164,무주,2014-11,5종,3186
164,무주,2014-11,6종,5674
165,백양사,2014-11,1종,108053
165,백양사,2014-11,2종,2282
165,백양사,2014-11,3종,6827
165,백양사,2014-11,4종,1394
165,백양사,2014-11,5종,1368
165,백양사,2014-11,6종,2666
166,장성,2014-11,1종,172268
166,장성,2014-11,2종,11630
166,장성,2014-11,3종,17412
166,장성,2014-11,4종,11708
166,장성,2014-11,5종,13733
166,장성,2014-11,6종,6081
167,광주,2014-11,1종,1062092
167,광주,2014-11,2종,37824
167,광주,2014-11,3종,84391
167,광주,2014-11,4종,45033
167,광주,2014-11,5종,30278
167,광주,2014-11,6종,32339
168,덕유산,2014-11,1종,59744
168,덕유산,2014-11,2종,1617
168,덕유산,2014-11,3종,1757
168,덕유산,2014-11,4종,880
168,덕유산,2014-11,5종,2135
168,덕유산,2014-11,6종,1886
169,장수,2014-11,1종,116945
169,장수,2014-11,2종,4384
169,장수,2014-11,3종,4758
169,장수,2014-11,4종,2888
169,장수,2014-11,5종,3021
169,장수,2014-11,6종,3379
170,서상,2014-11,1종,51086
170,서상,2014-11,2종,2351
170,서상,2014-11,3종,4480
170,서상,2014-11,4종,3572
170,서상,2014-11,5종,3082
170,서상,2014-11,6종,1722
171,마성,2014-11,1종,281825
171,마성,2014-11,2종,6250
171,마성,2014-11,3종,22380
171,마성,2014-11,4종,1504
171,마성,2014-11,5종,902
171,마성,2014-11,6종,16848
172,용인,2014-11,1종,873345
172,용인,2014-11,2종,60643
172,용인,2014-11,3종,34859
172,용인,2014-11,4종,20187
172,용인,2014-11,5종,14697
172,용인,2014-11,6종,62433
173,양지,2014-11,1종,858596
173,양지,2014-11,2종,85288
173,양지,2014-11,3종,63440
173,양지,2014-11,4종,54198
173,양지,2014-11,5종,40959
173,양지,2014-11,6종,49324
174,춘천,2014-11,1종,714717
174,춘천,2014-11,2종,19629
174,춘천,2014-11,3종,27477
174,춘천,2014-11,4종,9702
174,춘천,2014-11,5종,8222
174,춘천,2014-11,6종,45741
175,덕평,2014-11,1종,317150
175,덕평,2014-11,2종,38806
175,덕평,2014-11,3종,25488
175,덕평,2014-11,4종,21645
175,덕평,2014-11,5종,11224
175,덕평,2014-11,6종,19460
176,이천,2014-11,1종,652497
176,이천,2014-11,2종,40130
176,이천,2014-11,3종,49188
176,이천,2014-11,4종,47341
176,이천,2014-11,5종,38614
176,이천,2014-11,6종,32699
177,여주,2014-11,1종,397500
177,여주,2014-11,2종,16482
177,여주,2014-11,3종,38237
177,여주,2014-11,4종,20286
177,여주,2014-11,5종,11966
177,여주,2014-11,6종,16708
178,문막,2014-11,1종,360155
178,문막,2014-11,2종,22893
178,문막,2014-11,3종,36786
178,문막,2014-11,4종,15831
178,문막,2014-11,5종,16400
178,문막,2014-11,6종,16276
179,홍천,2014-11,1종,306610
179,홍천,2014-11,2종,10353
179,홍천,2014-11,3종,17030
179,홍천,2014-11,4종,8476
179,홍천,2014-11,5종,6670
179,홍천,2014-11,6종,21424
180,원주,2014-11,1종,254738
180,원주,2014-11,2종,14741
180,원주,2014-11,3종,19141
180,원주,2014-11,4종,8874
180,원주,2014-11,5종,8773
180,원주,2014-11,6종,13034
181,새말,2014-11,1종,204813
181,새말,2014-11,2종,7893
181,새말,2014-11,3종,13010
181,새말,2014-11,4종,5789
181,새말,2014-11,5종,5838
181,새말,2014-11,6종,8004
182,둔내,2014-11,1종,108721
182,둔내,2014-11,2종,3555
182,둔내,2014-11,3종,4600
182,둔내,2014-11,4종,2521
182,둔내,2014-11,5종,1730
182,둔내,2014-11,6종,4612
183,면온,2014-11,1종,89556
183,면온,2014-11,2종,1846
183,면온,2014-11,3종,3319
183,면온,2014-11,4종,1980
183,면온,2014-11,5종,1945
183,면온,2014-11,6종,3756
184,대관령,2014-11,1종,199725
184,대관령,2014-11,2종,5628
184,대관령,2014-11,3종,21786
184,대관령,2014-11,4종,6102
184,대관령,2014-11,5종,12565
184,대관령,2014-11,6종,9515
185,평창,2014-11,1종,115264
185,평창,2014-11,2종,4645
185,평창,2014-11,3종,13817
185,평창,2014-11,4종,2600
185,평창,2014-11,5종,4280
185,평창,2014-11,6종,5197
186,속사,2014-11,1종,32151
186,속사,2014-11,2종,1353
186,속사,2014-11,3종,1499
186,속사,2014-11,4종,1796
186,속사,2014-11,5종,1516
186,속사,2014-11,6종,1313
187,진부,2014-11,1종,128674
187,진부,2014-11,2종,5052
187,진부,2014-11,3종,12163
187,진부,2014-11,4종,2534
187,진부,2014-11,5종,4391
187,진부,2014-11,6종,5876
188,서충주,2014-11,1종,101763
188,서충주,2014-11,2종,5179
188,서충주,2014-11,3종,8585
188,서충주,2014-11,4종,6081
188,서충주,2014-11,5종,7052
188,서충주,2014-11,6종,4146
189,강릉,2014-11,1종,465639
189,강릉,2014-11,2종,13930
189,강릉,2014-11,3종,42023
189,강릉,2014-11,4종,9714
189,강릉,2014-11,5종,12308
189,강릉,2014-11,6종,23637
190,동서울,2014-11,1종,3432979
190,동서울,2014-11,2종,187041
190,동서울,2014-11,3종,222438
190,동서울,2014-11,4종,106689
190,동서울,2014-11,5종,64690
190,동서울,2014-11,6종,160554
191,경기광주,2014-11,1종,791303
191,경기광주,2014-11,2종,45472
191,경기광주,2014-11,3종,35392
191,경기광주,2014-11,4종,14165
191,경기광주,2014-11,5종,6871
191,경기광주,2014-11,6종,55474
192,곤지암,2014-11,1종,809580
192,곤지암,2014-11,2종,68940
192,곤지암,2014-11,3종,46886
192,곤지암,2014-11,4종,36439
192,곤지암,2014-11,5종,21742
192,곤지암,2014-11,6종,46130
193,일죽,2014-11,1종,470253
193,일죽,2014-11,2종,35664
193,일죽,2014-11,3종,38272
193,일죽,2014-11,4종,30719
193,일죽,2014-11,5종,17833
193,일죽,2014-11,6종,18220
194,서이천,2014-11,1종,526871
194,서이천,2014-11,2종,61747
194,서이천,2014-11,3종,50204
194,서이천,2014-11,4종,33404
194,서이천,2014-11,5종,14257
194,서이천,2014-11,6종,30661
195,대소,2014-11,1종,290828
195,대소,2014-11,2종,41132
195,대소,2014-11,3종,39813
195,대소,2014-11,4종,30746
195,대소,2014-11,5종,21258
195,대소,2014-11,6종,13200
196,진천,2014-11,1종,260206
196,진천,2014-11,2종,17797
196,진천,2014-11,3종,20428
196,진천,2014-11,4종,16737
196,진천,2014-11,5종,17751
196,진천,2014-11,6종,11198
197,증평,2014-11,1종,377447
197,증평,2014-11,2종,22076
197,증평,2014-11,3종,25895
197,증평,2014-11,4종,18343
197,증평,2014-11,5종,17886
197,증평,2014-11,6종,15955
198,서청주,2014-11,1종,810891
198,서청주,2014-11,2종,33021
198,서청주,2014-11,3종,42914
198,서청주,2014-11,4종,28379
198,서청주,2014-11,5종,21906
198,서청주,2014-11,6종,41104
199,오창,2014-11,1종,527966
199,오창,2014-11,2종,21457
199,오창,2014-11,3종,31614
199,오창,2014-11,4종,18511
199,오창,2014-11,5종,17180
199,오창,2014-11,6종,26705
200,금산,2014-11,1종,148462
200,금산,2014-11,2종,4487
200,금산,2014-11,3종,7993
200,금산,2014-11,4종,4517
200,금산,2014-11,5종,6679
200,금산,2014-11,6종,6344
201,칠곡,2014-11,1종,611508
201,칠곡,2014-11,2종,25897
201,칠곡,2014-11,3종,21083
201,칠곡,2014-11,4종,8604
201,칠곡,2014-11,5종,13477
201,칠곡,2014-11,6종,31583
202,다부,2014-11,1종,122122
202,다부,2014-11,2종,7806
202,다부,2014-11,3종,5581
202,다부,2014-11,4종,2840
202,다부,2014-11,5종,6848
202,다부,2014-11,6종,4949
203,가산,2014-11,1종,531863
203,가산,2014-11,2종,21556
203,가산,2014-11,3종,21734
203,가산,2014-11,4종,13582
203,가산,2014-11,5종,33588
203,가산,2014-11,6종,23339
204,추부,2014-11,1종,185645
204,추부,2014-11,2종,8547
204,추부,2014-11,3종,12629
204,추부,2014-11,4종,5448
204,추부,2014-11,5종,5225
204,추부,2014-11,6종,10264
205,군위,2014-11,1종,150771
205,군위,2014-11,2종,5468
205,군위,2014-11,3종,4317
205,군위,2014-11,4종,2919
205,군위,2014-11,5종,10922
205,군위,2014-11,6종,6376
206,의성,2014-11,1종,177911
206,의성,2014-11,2종,4784
206,의성,2014-11,3종,4483
206,의성,2014-11,4종,2088
206,의성,2014-11,5종,4302
206,의성,2014-11,6종,6083
207,남안동,2014-11,1종,294768
207,남안동,2014-11,2종,8605
207,남안동,2014-11,3종,8256
207,남안동,2014-11,4종,5145
207,남안동,2014-11,5종,7566
207,남안동,2014-11,6종,10052
208,서안동,2014-11,1종,207560
208,서안동,2014-11,2종,6832
208,서안동,2014-11,3종,18280
208,서안동,2014-11,4종,4251
208,서안동,2014-11,5종,7355
208,서안동,2014-11,6종,6627
209,예천,2014-11,1종,28489
209,예천,2014-11,2종,627
209,예천,2014-11,3종,646
209,예천,2014-11,4종,259
209,예천,2014-11,5종,517
209,예천,2014-11,6종,951
210,영주,2014-11,1종,138009
210,영주,2014-11,2종,5401
210,영주,2014-11,3종,7778
210,영주,2014-11,4종,3799
210,영주,2014-11,5종,11304
210,영주,2014-11,6종,4726
211,풍기,2014-11,1종,214733
211,풍기,2014-11,2종,6560
211,풍기,2014-11,3종,15671
211,풍기,2014-11,4종,4565
211,풍기,2014-11,5종,7211
211,풍기,2014-11,6종,7349
212,북수원,2014-11,1종,1312239
212,북수원,2014-11,2종,41110
212,북수원,2014-11,3종,57764
212,북수원,2014-11,4종,24854
212,북수원,2014-11,5종,16373
212,북수원,2014-11,6종,81201
213,부곡,2014-11,1종,378298
213,부곡,2014-11,2종,11352
213,부곡,2014-11,3종,8993
213,부곡,2014-11,4종,15853
213,부곡,2014-11,5종,64513
213,부곡,2014-11,6종,27144
214,동군포,2014-11,1종,219605
214,동군포,2014-11,2종,23860
214,동군포,2014-11,3종,15442
214,동군포,2014-11,4종,33941
214,동군포,2014-11,5종,18463
214,동군포,2014-11,6종,16636
215,군포,2014-11,1종,1024883
215,군포,2014-11,2종,49575
215,군포,2014-11,3종,41752
215,군포,2014-11,4종,19200
215,군포,2014-11,5종,27087
215,군포,2014-11,6종,78044
216,횡성,2014-11,1종,190768
216,횡성,2014-11,2종,7506
216,횡성,2014-11,3종,10177
216,횡성,2014-11,4종,4886
216,횡성,2014-11,5종,7260
216,횡성,2014-11,6종,9172
217,북원주,2014-11,1종,73251
217,북원주,2014-11,2종,5797
217,북원주,2014-11,3종,4151
217,북원주,2014-11,4종,2394
217,북원주,2014-11,5종,4286
217,북원주,2014-11,6종,4835
218,남원주,2014-11,1종,553580
218,남원주,2014-11,2종,16347
218,남원주,2014-11,3종,28998
218,남원주,2014-11,4종,8682
218,남원주,2014-11,5종,8573
218,남원주,2014-11,6종,29126
219,신림,2014-11,1종,99503
219,신림,2014-11,2종,3061
219,신림,2014-11,3종,3268
219,신림,2014-11,4종,3809
219,신림,2014-11,5종,6730
219,신림,2014-11,6종,3954
220,덕평휴게소,2014-11,1종,5140
220,덕평휴게소,2014-11,2종,147
220,덕평휴게소,2014-11,3종,50
220,덕평휴게소,2014-11,4종,0
220,덕평휴게소,2014-11,5종,0
220,덕평휴게소,2014-11,6종,388
221,생초,2014-11,1종,65632
221,생초,2014-11,2종,2671
221,생초,2014-11,3종,3500
221,생초,2014-11,4종,2103
221,생초,2014-11,5종,7239
221,생초,2014-11,6종,2265
222,산청,2014-11,1종,58183
222,산청,2014-11,2종,1992
222,산청,2014-11,3종,2909
222,산청,2014-11,4종,1197
222,산청,2014-11,5종,1899
222,산청,2014-11,6종,2391
223,단성,2014-11,1종,114708
223,단성,2014-11,2종,3074
223,단성,2014-11,3종,7149
223,단성,2014-11,4종,3274
223,단성,2014-11,5종,4354
223,단성,2014-11,6종,4499
224,함양,2014-11,1종,112190
224,함양,2014-11,2종,3614
224,함양,2014-11,3종,8074
224,함양,2014-11,4종,1697
224,함양,2014-11,5종,3041
224,함양,2014-11,6종,5066
225,서진주,2014-11,1종,314251
225,서진주,2014-11,2종,8115
225,서진주,2014-11,3종,7762
225,서진주,2014-11,4종,3087
225,서진주,2014-11,5종,4501
225,서진주,2014-11,6종,19154
227,군산,2014-11,1종,295300
227,군산,2014-11,2종,8990
227,군산,2014-11,3종,18882
227,군산,2014-11,4종,14090
227,군산,2014-11,5종,36165
227,군산,2014-11,6종,9173
228,동군산,2014-11,1종,263022
228,동군산,2014-11,2종,9286
228,동군산,2014-11,3종,16139
228,동군산,2014-11,4종,9079
228,동군산,2014-11,5종,21482
228,동군산,2014-11,6종,7038
229,북천안,2014-11,1종,375435
229,북천안,2014-11,2종,28893
229,북천안,2014-11,3종,37197
229,북천안,2014-11,4종,40515
229,북천안,2014-11,5종,42280
229,북천안,2014-11,6종,21059
230,팔공산,2014-11,1종,688262
230,팔공산,2014-11,2종,24644
230,팔공산,2014-11,3종,15658
230,팔공산,2014-11,4종,8518
230,팔공산,2014-11,5종,10225
230,팔공산,2014-11,6종,31682
231,화원옥포,2014-11,1종,594194
231,화원옥포,2014-11,2종,34118
231,화원옥포,2014-11,3종,21558
231,화원옥포,2014-11,4종,10330
231,화원옥포,2014-11,5종,14000
231,화원옥포,2014-11,6종,31097
232,달성,2014-11,1종,333254
232,달성,2014-11,2종,20616
232,달성,2014-11,3종,22572
232,달성,2014-11,4종,6219
232,달성,2014-11,5종,6376
232,달성,2014-11,6종,22674
233,현풍,2014-11,1종,404227
233,현풍,2014-11,2종,32372
233,현풍,2014-11,3종,27951
233,현풍,2014-11,4종,20840
233,현풍,2014-11,5종,37441
233,현풍,2014-11,6종,19249
234,서천,2014-11,1종,117473
234,서천,2014-11,2종,4349
234,서천,2014-11,3종,5411
234,서천,2014-11,4종,4868
234,서천,2014-11,5종,6196
234,서천,2014-11,6종,4218
235,창녕,2014-11,1종,167703
235,창녕,2014-11,2종,7323
235,창녕,2014-11,3종,9353
235,창녕,2014-11,4종,3782
235,창녕,2014-11,5종,8397
235,창녕,2014-11,6종,9115
236,영산,2014-11,1종,157587
236,영산,2014-11,2종,10388
236,영산,2014-11,3종,10468
236,영산,2014-11,4종,7296
236,영산,2014-11,5종,9740
236,영산,2014-11,6종,7116
237,남지,2014-11,1종,139748
237,남지,2014-11,2종,8014
237,남지,2014-11,3종,12135
237,남지,2014-11,4종,7587
237,남지,2014-11,5종,13216
237,남지,2014-11,6종,10142
238,칠서,2014-11,1종,230624
238,칠서,2014-11,2종,26656
238,칠서,2014-11,3종,15031
238,칠서,2014-11,4종,19092
238,칠서,2014-11,5종,33594
238,칠서,2014-11,6종,15110
239,칠원,2014-11,1종,575995
239,칠원,2014-11,2종,25424
239,칠원,2014-11,3종,46925
239,칠원,2014-11,4종,33821
239,칠원,2014-11,5종,32753
239,칠원,2014-11,6종,29632
240,제천,2014-11,1종,476244
240,제천,2014-11,2종,14729
240,제천,2014-11,3종,27065
240,제천,2014-11,4종,13384
240,제천,2014-11,5종,21399
240,제천,2014-11,6종,19648
241,동고령,2014-11,1종,282106
241,동고령,2014-11,2종,18745
241,동고령,2014-11,3종,17102
241,동고령,2014-11,4종,13631
241,동고령,2014-11,5종,18121
241,동고령,2014-11,6종,12840
242,고령,2014-11,1종,191937
242,고령,2014-11,2종,10731
242,고령,2014-11,3종,9873
242,고령,2014-11,4종,6205
242,고령,2014-11,5종,23674
242,고령,2014-11,6종,8005
243,해인사,2014-11,1종,114201
243,해인사,2014-11,2종,2886
243,해인사,2014-11,3종,4159
243,해인사,2014-11,4종,1117
243,해인사,2014-11,5종,2811
243,해인사,2014-11,6종,4779
244,서부산,2014-11,1종,1461254
244,서부산,2014-11,2종,48908
244,서부산,2014-11,3종,84122
244,서부산,2014-11,4종,36657
244,서부산,2014-11,5종,96707
244,서부산,2014-11,6종,80447
245,장유,2014-11,1종,1270731
245,장유,2014-11,2종,38042
245,장유,2014-11,3종,52176
245,장유,2014-11,4종,20631
245,장유,2014-11,5종,36603
245,장유,2014-11,6종,88930
246,가락,2014-11,1종,47704
246,가락,2014-11,2종,6664
246,가락,2014-11,3종,6171
246,가락,2014-11,4종,15237
246,가락,2014-11,5종,43937
246,가락,2014-11,6종,1576
247,남원,2014-11,1종,149860
247,남원,2014-11,2종,6550
247,남원,2014-11,3종,9037
247,남원,2014-11,4종,3255
247,남원,2014-11,5종,10391
247,남원,2014-11,6종,5440
248,순창,2014-11,1종,150311
248,순창,2014-11,2종,4445
248,순창,2014-11,3종,8564
248,순창,2014-11,4종,2705
248,순창,2014-11,5종,4234
248,순창,2014-11,6종,5193
249,담양,2014-11,1종,182529
249,담양,2014-11,2종,4498
249,담양,2014-11,3종,17710
249,담양,2014-11,4종,2393
249,담양,2014-11,5종,4902
249,담양,2014-11,6종,6201
250,남양산,2014-11,1종,1030113
250,남양산,2014-11,2종,45695
250,남양산,2014-11,3종,40185
250,남양산,2014-11,4종,25090
250,남양산,2014-11,5종,35205
250,남양산,2014-11,6종,78409
251,물금,2014-11,1종,425532
251,물금,2014-11,2종,40432
251,물금,2014-11,3종,16064
251,물금,2014-11,4종,33630
251,물금,2014-11,5종,53851
251,물금,2014-11,6종,29231
252,대동,2014-11,1종,2366483
252,대동,2014-11,2종,152274
252,대동,2014-11,3종,127548
252,대동,2014-11,4종,108646
252,대동,2014-11,5종,282216
252,대동,2014-11,6종,122325
253,서서울,2014-11,1종,5137986
253,서서울,2014-11,2종,202727
253,서서울,2014-11,3종,173820
253,서서울,2014-11,4종,136088
253,서서울,2014-11,5종,131409
253,서서울,2014-11,6종,310469
254,군자,2014-11,1종,2371683
254,군자,2014-11,2종,113971
254,군자,2014-11,3종,110776
254,군자,2014-11,4종,81170
254,군자,2014-11,5종,153744
254,군자,2014-11,6종,166730
255,서안산,2014-11,1종,1724351
255,서안산,2014-11,2종,97163
255,서안산,2014-11,3종,69960
255,서안산,2014-11,4종,48594
255,서안산,2014-11,5종,58456
255,서안산,2014-11,6종,134253
256,안산,2014-11,1종,879385
256,안산,2014-11,2종,25726
256,안산,2014-11,3종,21372
256,안산,2014-11,4종,6457
256,안산,2014-11,5종,7522
256,안산,2014-11,6종,68888
257,홍성,2014-11,1종,221494
257,홍성,2014-11,2종,5693
257,홍성,2014-11,3종,10503
257,홍성,2014-11,4종,4120
257,홍성,2014-11,5종,4239
257,홍성,2014-11,6종,7511
258,광천,2014-11,1종,158714
258,광천,2014-11,2종,6648
258,광천,2014-11,3종,10291
258,광천,2014-11,4종,6897
258,광천,2014-11,5종,12277
258,광천,2014-11,6종,5278
259,대천,2014-11,1종,240633
259,대천,2014-11,2종,6747
259,대천,2014-11,3종,12090
259,대천,2014-11,4종,4138
259,대천,2014-11,5종,5484
259,대천,2014-11,6종,8581
260,춘장대,2014-11,1종,60075
260,춘장대,2014-11,2종,1464
260,춘장대,2014-11,3종,1551
260,춘장대,2014-11,4종,1290
260,춘장대,2014-11,5종,1844
260,춘장대,2014-11,6종,1514
261,동광주,2014-11,1종,1052053
261,동광주,2014-11,2종,30649
261,동광주,2014-11,3종,62073
261,동광주,2014-11,4종,23540
261,동광주,2014-11,5종,46561
261,동광주,2014-11,6종,35653
262,창평,2014-11,1종,99031
262,창평,2014-11,2종,4914
262,창평,2014-11,3종,3465
262,창평,2014-11,4종,2274
262,창평,2014-11,5종,1725
262,창평,2014-11,6종,3127
263,옥과,2014-11,1종,212872
263,옥과,2014-11,2종,4786
263,옥과,2014-11,3종,11205
263,옥과,2014-11,4종,3795
263,옥과,2014-11,5종,6159
263,옥과,2014-11,6종,8766
264,동남원,2014-11,1종,47285
264,동남원,2014-11,2종,2240
264,동남원,2014-11,3종,2806
264,동남원,2014-11,4종,1320
264,동남원,2014-11,5종,1692
264,동남원,2014-11,6종,1607
265,곡성,2014-11,1종,153767
265,곡성,2014-11,2종,4280
265,곡성,2014-11,3종,5705
265,곡성,2014-11,4종,2655
265,곡성,2014-11,5종,7260
265,곡성,2014-11,6종,6006
266,석곡,2014-11,1종,50119
266,석곡,2014-11,2종,1254
266,석곡,2014-11,3종,2080
266,석곡,2014-11,4종,881
266,석곡,2014-11,5종,1788
266,석곡,2014-11,6종,1681
267,주암송광사,2014-11,1종,132082
267,주암송광사,2014-11,2종,3854
267,주암송광사,2014-11,3종,4917
267,주암송광사,2014-11,4종,3497
267,주암송광사,2014-11,5종,4487
267,주암송광사,2014-11,6종,3908
268,승주,2014-11,1종,78636
268,승주,2014-11,2종,1464
268,승주,2014-11,3종,3522
268,승주,2014-11,4종,967
268,승주,2014-11,5종,1196
268,승주,2014-11,6종,3391
269,지리산,2014-11,1종,62487
269,지리산,2014-11,2종,2041
269,지리산,2014-11,3종,3980
269,지리산,2014-11,4종,1677
269,지리산,2014-11,5종,1087
269,지리산,2014-11,6종,1907
270,서순천,2014-11,1종,168250
270,서순천,2014-11,2종,5844
270,서순천,2014-11,3종,11392
270,서순천,2014-11,4종,2422
270,서순천,2014-11,5종,4773
270,서순천,2014-11,6종,6094
271,순천,2014-11,1종,567422
271,순천,2014-11,2종,16523
271,순천,2014-11,3종,19735
271,순천,2014-11,4종,10358
271,순천,2014-11,5종,34621
271,순천,2014-11,6종,19077
272,광양,2014-11,1종,308945
272,광양,2014-11,2종,11032
272,광양,2014-11,3종,28075
272,광양,2014-11,4종,15921
272,광양,2014-11,5종,56395
272,광양,2014-11,6종,10238
273,동광양,2014-11,1종,144710
273,동광양,2014-11,2종,2712
273,동광양,2014-11,3종,3508
273,동광양,2014-11,4종,4056
273,동광양,2014-11,5종,23930
273,동광양,2014-11,6종,6383
274,가조,2014-11,1종,66524
274,가조,2014-11,2종,2522
274,가조,2014-11,3종,3011
274,가조,2014-11,4종,1719
274,가조,2014-11,5종,1980
274,가조,2014-11,6종,3561
275,옥곡,2014-11,1종,166879
275,옥곡,2014-11,2종,5199
275,옥곡,2014-11,3종,9196
275,옥곡,2014-11,4종,8752
275,옥곡,2014-11,5종,45223
275,옥곡,2014-11,6종,7454
276,진월,2014-11,1종,82293
276,진월,2014-11,2종,2660
276,진월,2014-11,3종,2258
276,진월,2014-11,4종,7317
276,진월,2014-11,5종,42811
276,진월,2014-11,6종,2933
277,하동,2014-11,1종,217513
277,하동,2014-11,2종,5638
277,하동,2014-11,3종,10234
277,하동,2014-11,4종,11910
277,하동,2014-11,5종,37513
277,하동,2014-11,6종,9377
278,진교,2014-11,1종,169702
278,진교,2014-11,2종,4213
278,진교,2014-11,3종,14363
278,진교,2014-11,4종,1604
278,진교,2014-11,5종,4739
278,진교,2014-11,6종,9738
279,곤양,2014-11,1종,129012
279,곤양,2014-11,2종,3858
279,곤양,2014-11,3종,7255
279,곤양,2014-11,4종,3402
279,곤양,2014-11,5종,9670
279,곤양,2014-11,6종,6336
280,거창,2014-11,1종,167808
280,거창,2014-11,2종,7615
280,거창,2014-11,3종,14405
280,거창,2014-11,4종,3365
280,거창,2014-11,5종,4587
280,거창,2014-11,6종,8210
281,매송,2014-11,1종,518798
281,매송,2014-11,2종,25579
281,매송,2014-11,3종,25209
281,매송,2014-11,4종,11764
281,매송,2014-11,5종,16067
281,매송,2014-11,6종,30096
282,비봉,2014-11,1종,772303
282,비봉,2014-11,2종,47277
282,비봉,2014-11,3종,31907
282,비봉,2014-11,4종,20268
282,비봉,2014-11,5종,33686
282,비봉,2014-11,6종,47778
283,발안,2014-11,1종,468331
283,발안,2014-11,2종,29006
283,발안,2014-11,3종,24498
283,발안,2014-11,4종,18915
283,발안,2014-11,5종,19652
283,발안,2014-11,6종,28540
284,남양양,2014-11,1종,52331
284,남양양,2014-11,2종,1633
284,남양양,2014-11,3종,3084
284,남양양,2014-11,4종,646
284,남양양,2014-11,5종,1274
284,남양양,2014-11,6종,1809
285,서평택,2014-11,1종,617084
285,서평택,2014-11,2종,43544
285,서평택,2014-11,3종,48995
285,서평택,2014-11,4종,66277
285,서평택,2014-11,5종,120707
285,서평택,2014-11,6종,33670
286,통도사휴게소,2014-11,1종,33607
286,통도사휴게소,2014-11,2종,261
286,통도사휴게소,2014-11,3종,1718
286,통도사휴게소,2014-11,4종,0
286,통도사휴게소,2014-11,5종,0
286,통도사휴게소,2014-11,6종,1634
287,송악,2014-11,1종,488719
287,송악,2014-11,2종,19436
287,송악,2014-11,3종,21248
287,송악,2014-11,4종,26078
287,송악,2014-11,5종,104452
287,송악,2014-11,6종,21921
288,당진,2014-11,1종,458475
288,당진,2014-11,2종,18466
288,당진,2014-11,3종,28531
288,당진,2014-11,4종,16749
288,당진,2014-11,5종,46401
288,당진,2014-11,6종,19925
289,마산,2014-11,1종,870262
289,마산,2014-11,2종,28437
289,마산,2014-11,3종,42501
289,마산,2014-11,4종,14271
289,마산,2014-11,5종,18738
289,마산,2014-11,6종,51763
290,축동,2014-11,1종,50291
290,축동,2014-11,2종,3041
290,축동,2014-11,3종,1855
290,축동,2014-11,4종,4342
290,축동,2014-11,5종,9927
290,축동,2014-11,6종,3018
291,사천,2014-11,1종,684544
291,사천,2014-11,2종,28801
291,사천,2014-11,3종,31555
291,사천,2014-11,4종,16470
291,사천,2014-11,5종,28221
291,사천,2014-11,6종,45056
292,진주,2014-11,1종,697994
292,진주,2014-11,2종,23828
292,진주,2014-11,3종,51805
292,진주,2014-11,4종,14109
292,진주,2014-11,5종,30583
292,진주,2014-11,6종,47240
293,문산,2014-11,1종,316555
293,문산,2014-11,2종,12337
293,문산,2014-11,3종,9522
293,문산,2014-11,4종,6600
293,문산,2014-11,5종,9512
293,문산,2014-11,6종,20048
294,북창원,2014-11,1종,248047
294,북창원,2014-11,2종,8754
294,북창원,2014-11,3종,5790
294,북창원,2014-11,4종,6698
294,북창원,2014-11,5종,15306
294,북창원,2014-11,6종,12866
295,진성,2014-11,1종,151960
295,진성,2014-11,2종,8732
295,진성,2014-11,3종,6827
295,진성,2014-11,4종,5610
295,진성,2014-11,5종,13940
295,진성,2014-11,6종,7449
296,지수,2014-11,1종,54044
296,지수,2014-11,2종,2918
296,지수,2014-11,3종,2109
296,지수,2014-11,4종,1177
296,지수,2014-11,5종,4047
296,지수,2014-11,6종,3863
297,동충주,2014-11,1종,166690
297,동충주,2014-11,2종,6266
297,동충주,2014-11,3종,11750
297,동충주,2014-11,4종,13131
297,동충주,2014-11,5종,37843
297,동충주,2014-11,6종,5847
298,서산,2014-11,1종,529531
298,서산,2014-11,2종,18168
298,서산,2014-11,3종,35591
298,서산,2014-11,4종,26422
298,서산,2014-11,5종,43497
298,서산,2014-11,6종,20582
299,해미,2014-11,1종,155120
299,해미,2014-11,2종,5667
299,해미,2014-11,3종,10367
299,해미,2014-11,4종,6135
299,해미,2014-11,5종,10451
299,해미,2014-11,6종,6080
500,남여주,2014-11,1종,176284
500,남여주,2014-11,2종,7192
500,남여주,2014-11,3종,10374
500,남여주,2014-11,4종,7468
500,남여주,2014-11,5종,12557
500,남여주,2014-11,6종,7104
501,서김제,2014-11,1종,56820
501,서김제,2014-11,2종,2581
501,서김제,2014-11,3종,3782
501,서김제,2014-11,4종,2107
501,서김제,2014-11,5종,2947
501,서김제,2014-11,6종,1514
502,부안,2014-11,1종,123884
502,부안,2014-11,2종,4667
502,부안,2014-11,3종,10116
502,부안,2014-11,4종,2955
502,부안,2014-11,5종,4860
502,부안,2014-11,6종,3370
503,줄포,2014-11,1종,81515
503,줄포,2014-11,2종,2255
503,줄포,2014-11,3종,5906
503,줄포,2014-11,4종,2007
503,줄포,2014-11,5종,1286
503,줄포,2014-11,6종,1748
504,선운산,2014-11,1종,143065
504,선운산,2014-11,2종,4294
504,선운산,2014-11,3종,12522
504,선운산,2014-11,4종,7433
504,선운산,2014-11,5종,6543
504,선운산,2014-11,6종,3537
505,고창,2014-11,1종,96342
505,고창,2014-11,2종,3706
505,고창,2014-11,3종,4992
505,고창,2014-11,4종,2335
505,고창,2014-11,5종,1527
505,고창,2014-11,6종,2656
506,영광,2014-11,1종,86810
506,영광,2014-11,2종,2974
506,영광,2014-11,3종,7370
506,영광,2014-11,4종,2758
506,영광,2014-11,5종,2820
506,영광,2014-11,6종,2131
507,함평,2014-11,1종,65512
507,함평,2014-11,2종,2650
507,함평,2014-11,3종,6676
507,함평,2014-11,4종,3171
507,함평,2014-11,5종,5243
507,함평,2014-11,6종,1706
508,무안,2014-11,1종,193728
508,무안,2014-11,2종,5307
508,무안,2014-11,3종,7621
508,무안,2014-11,4종,4133
508,무안,2014-11,5종,5288
508,무안,2014-11,6종,5957
509,목포,2014-11,1종,772023
509,목포,2014-11,2종,19741
509,목포,2014-11,3종,42244
509,목포,2014-11,4종,26461
509,목포,2014-11,5종,41274
509,목포,2014-11,6종,21461
510,양양,2014-11,1종,81339
510,양양,2014-11,2종,2703
510,양양,2014-11,3종,3619
510,양양,2014-11,4종,1965
510,양양,2014-11,5종,3901
510,양양,2014-11,6종,3316
511,무창포,2014-11,1종,77311
511,무창포,2014-11,2종,2905
511,무창포,2014-11,3종,3109
511,무창포,2014-11,4종,2019
511,무창포,2014-11,5종,4945
511,무창포,2014-11,6종,2051
512,연화산,2014-11,1종,40591
512,연화산,2014-11,2종,1515
512,연화산,2014-11,3종,1268
512,연화산,2014-11,4종,1247
512,연화산,2014-11,5종,2852
512,연화산,2014-11,6종,2431
513,고성,2014-11,1종,370583
513,고성,2014-11,2종,12772
513,고성,2014-11,3종,17475
513,고성,2014-11,4종,10009
513,고성,2014-11,5종,15396
513,고성,2014-11,6종,19596
514,동고성,2014-11,1종,97142
514,동고성,2014-11,2종,4042
514,동고성,2014-11,3종,5796
514,동고성,2014-11,4종,7857
514,동고성,2014-11,5종,13221
514,동고성,2014-11,6종,7915
515,북통영,2014-11,1종,156406
515,북통영,2014-11,2종,3744
515,북통영,2014-11,3종,11690
515,북통영,2014-11,4종,2136
515,북통영,2014-11,5종,2180
515,북통영,2014-11,6종,8761
516,통영,2014-11,1종,578629
516,통영,2014-11,2종,18136
516,통영,2014-11,3종,28095
516,통영,2014-11,4종,17131
516,통영,2014-11,5종,23134
516,통영,2014-11,6종,28641
517,양평,2014-11,1종,198351
517,양평,2014-11,2종,6400
517,양평,2014-11,3종,7590
517,양평,2014-11,4종,5167
517,양평,2014-11,5종,8179
517,양평,2014-11,6종,8174
518,칠곡물류,2014-11,1종,63635
518,칠곡물류,2014-11,2종,14102
518,칠곡물류,2014-11,3종,8090
518,칠곡물류,2014-11,4종,13357
518,칠곡물류,2014-11,5종,14197
518,칠곡물류,2014-11,6종,3336
519,남대구,2014-11,1종,1352590
519,남대구,2014-11,2종,60487
519,남대구,2014-11,3종,68128
519,남대구,2014-11,4종,23866
519,남대구,2014-11,5종,34399
519,남대구,2014-11,6종,70720
520,평택,2014-11,1종,641047
520,평택,2014-11,2종,33190
520,평택,2014-11,3종,47866
520,평택,2014-11,4종,22816
520,평택,2014-11,5종,28918
520,평택,2014-11,6종,36486
521,단양,2014-11,1종,72324
521,단양,2014-11,2종,2209
521,단양,2014-11,3종,4745
521,단양,2014-11,4종,1931
521,단양,2014-11,5종,10568
521,단양,2014-11,6종,2763
522,북단양,2014-11,1종,98716
522,북단양,2014-11,2종,2724
522,북단양,2014-11,3종,4135
522,북단양,2014-11,4종,10806
522,북단양,2014-11,5종,34137
522,북단양,2014-11,6종,3573
523,남제천,2014-11,1종,81460
523,남제천,2014-11,2종,2284
523,남제천,2014-11,3종,4377
523,남제천,2014-11,4종,1319
523,남제천,2014-11,5종,3357
523,남제천,2014-11,6종,2614
524,청통와촌,2014-11,1종,248232
524,청통와촌,2014-11,2종,11569
524,청통와촌,2014-11,3종,7988
524,청통와촌,2014-11,4종,4798
524,청통와촌,2014-11,5종,6805
524,청통와촌,2014-11,6종,10006
525,북영천,2014-11,1종,215403
525,북영천,2014-11,2종,6728
525,북영천,2014-11,3종,6786
525,북영천,2014-11,4종,4196
525,북영천,2014-11,5종,6332
525,북영천,2014-11,6종,6808
526,서포항,2014-11,1종,117178
526,서포항,2014-11,2종,2556
526,서포항,2014-11,3종,3047
526,서포항,2014-11,4종,1244
526,서포항,2014-11,5종,2860
526,서포항,2014-11,6종,6897
527,포항,2014-11,1종,782415
527,포항,2014-11,2종,18594
527,포항,2014-11,3종,31337
527,포항,2014-11,4종,10857
527,포항,2014-11,5종,46972
527,포항,2014-11,6종,30510
528,기흥동탄,2014-11,1종,1115681
528,기흥동탄,2014-11,2종,28478
528,기흥동탄,2014-11,3종,72565
528,기흥동탄,2014-11,4종,20101
528,기흥동탄,2014-11,5종,19333
528,기흥동탄,2014-11,6종,66117
529,노포,2014-11,1종,220793
529,노포,2014-11,2종,12197
529,노포,2014-11,3종,40201
529,노포,2014-11,4종,6605
529,노포,2014-11,5종,8727
529,노포,2014-11,6종,11524
530,내장산,2014-11,1종,83027
530,내장산,2014-11,2종,1721
530,내장산,2014-11,3종,3432
530,내장산,2014-11,4종,623
530,내장산,2014-11,5종,697
530,내장산,2014-11,6종,2915
531,문의청남대,2014-11,1종,193646
531,문의청남대,2014-11,2종,6910
531,문의청남대,2014-11,3종,10712
531,문의청남대,2014-11,4종,5703
531,문의청남대,2014-11,5종,8031
531,문의청남대,2014-11,6종,7875
532,회인,2014-11,1종,45928
532,회인,2014-11,2종,1357
532,회인,2014-11,3종,1110
532,회인,2014-11,4종,725
532,회인,2014-11,5종,1197
532,회인,2014-11,6종,2057
533,보은,2014-11,1종,139028
533,보은,2014-11,2종,5055
533,보은,2014-11,3종,6120
533,보은,2014-11,4종,3022
533,보은,2014-11,5종,4058
533,보은,2014-11,6종,6189
534,속리산,2014-11,1종,67298
534,속리산,2014-11,2종,2757
534,속리산,2014-11,3종,3371
534,속리산,2014-11,4종,1481
534,속리산,2014-11,5종,1812
534,속리산,2014-11,6종,2598
535,화서,2014-11,1종,55121
535,화서,2014-11,2종,1655
535,화서,2014-11,3종,2225
535,화서,2014-11,4종,1207
535,화서,2014-11,5종,2096
535,화서,2014-11,6종,2272
536,남상주,2014-11,1종,119984
536,남상주,2014-11,2종,4744
536,남상주,2014-11,3종,10069
536,남상주,2014-11,4종,5846
536,남상주,2014-11,5종,4454
536,남상주,2014-11,6종,4865
537,남김천,2014-11,1종,72156
537,남김천,2014-11,2종,4846
537,남김천,2014-11,3종,5337
537,남김천,2014-11,4종,5659
537,남김천,2014-11,5종,12984
537,남김천,2014-11,6종,2609
538,성주,2014-11,1종,71705
538,성주,2014-11,2종,6150
538,성주,2014-11,3종,5627
538,성주,2014-11,4종,4872
538,성주,2014-11,5종,6403
538,성주,2014-11,6종,2593
539,남성주,2014-11,1종,48929
539,남성주,2014-11,2종,6364
539,남성주,2014-11,3종,3599
539,남성주,2014-11,4종,5051
539,남성주,2014-11,5종,6822
539,남성주,2014-11,6종,1864
540,청북,2014-11,1종,443017
540,청북,2014-11,2종,43949
540,청북,2014-11,3종,44799
540,청북,2014-11,4종,37234
540,청북,2014-11,5종,42610
540,청북,2014-11,6종,25722
541,송탄,2014-11,1종,394214
541,송탄,2014-11,2종,35427
541,송탄,2014-11,3종,34396
541,송탄,2014-11,4종,33794
541,송탄,2014-11,5종,27289
541,송탄,2014-11,6종,22209
542,서안성,2014-11,1종,361473
542,서안성,2014-11,2종,31557
542,서안성,2014-11,3종,42907
542,서안성,2014-11,4종,41055
542,서안성,2014-11,5종,31589
542,서안성,2014-11,6종,17052
543,남안성,2014-11,1종,534388
543,남안성,2014-11,2종,49096
543,남안성,2014-11,3종,45040
543,남안성,2014-11,4종,40432
543,남안성,2014-11,5종,40871
543,남안성,2014-11,6종,29400
544,완주,2014-11,1종,165789
544,완주,2014-11,2종,6568
544,완주,2014-11,3종,9089
544,완주,2014-11,4종,7396
544,완주,2014-11,5종,11786
544,완주,2014-11,6종,5574
545,소양,2014-11,1종,156468
545,소양,2014-11,2종,4896
545,소양,2014-11,3종,10359
545,소양,2014-11,4종,2764
545,소양,2014-11,5종,5338
545,소양,2014-11,6종,5313
546,진안,2014-11,1종,69292
546,진안,2014-11,2종,2705
546,진안,2014-11,3종,4486
546,진안,2014-11,4종,1869
546,진안,2014-11,5종,1448
546,진안,2014-11,6종,2274
547,무안공항,2014-11,1종,31006
547,무안공항,2014-11,2종,574
547,무안공항,2014-11,3종,1320
547,무안공항,2014-11,4종,324
547,무안공항,2014-11,5종,244
547,무안공항,2014-11,6종,869
548,북무안,2014-11,1종,100846
548,북무안,2014-11,2종,3451
548,북무안,2014-11,3종,5841
548,북무안,2014-11,4종,3459
548,북무안,2014-11,5종,3263
548,북무안,2014-11,6종,2544
549,동함평,2014-11,1종,182680
549,동함평,2014-11,2종,4233
549,동함평,2014-11,3종,5725
549,동함평,2014-11,4종,1810
549,동함평,2014-11,5종,3004
549,동함평,2014-11,6종,7052
550,문평,2014-11,1종,37976
550,문평,2014-11,2종,855
550,문평,2014-11,3종,1159
550,문평,2014-11,4종,648
550,문평,2014-11,5종,4109
550,문평,2014-11,6종,1217
551,나주,2014-11,1종,52718
551,나주,2014-11,2종,1768
551,나주,2014-11,3종,1353
551,나주,2014-11,4종,726
551,나주,2014-11,5종,1264
551,나주,2014-11,6종,2574
552,서광산,2014-11,1종,111283
552,서광산,2014-11,2종,5420
552,서광산,2014-11,3종,7054
552,서광산,2014-11,4종,3528
552,서광산,2014-11,5종,6543
552,서광산,2014-11,6종,3608
553,동광산,2014-11,1종,849263
553,동광산,2014-11,2종,17477
553,동광산,2014-11,3종,30203
553,동광산,2014-11,4종,11311
553,동광산,2014-11,5종,21582
553,동광산,2014-11,6종,28505
554,동홍천,2014-11,1종,410473
554,동홍천,2014-11,2종,6467
554,동홍천,2014-11,3종,20604
554,동홍천,2014-11,4종,3325
554,동홍천,2014-11,5종,3023
554,동홍천,2014-11,6종,16239
555,북진천,2014-11,1종,309609
555,북진천,2014-11,2종,32113
555,북진천,2014-11,3종,33620
555,북진천,2014-11,4종,25455
555,북진천,2014-11,5종,29554
555,북진천,2014-11,6종,13918
556,동순천,2014-11,1종,253566
556,동순천,2014-11,2종,6367
556,동순천,2014-11,3종,15553
556,동순천,2014-11,4종,12345
556,동순천,2014-11,5종,40635
556,동순천,2014-11,6종,6927
557,황전,2014-11,1종,80277
557,황전,2014-11,2종,2325
557,황전,2014-11,3종,2353
557,황전,2014-11,4종,1174
557,황전,2014-11,5종,2965
557,황전,2014-11,6종,3342
558,구례화엄사,2014-11,1종,100222
558,구례화엄사,2014-11,2종,2939
558,구례화엄사,2014-11,3종,5965
558,구례화엄사,2014-11,4종,3331
558,구례화엄사,2014-11,5종,5624
558,구례화엄사,2014-11,6종,2643
559,서남원,2014-11,1종,49226
559,서남원,2014-11,2종,2603
559,서남원,2014-11,3종,2772
559,서남원,2014-11,4종,2477
559,서남원,2014-11,5종,5992
559,서남원,2014-11,6종,1585
560,감곡,2014-11,1종,324623
560,감곡,2014-11,2종,14940
560,감곡,2014-11,3종,18815
560,감곡,2014-11,4종,20135
560,감곡,2014-11,5종,39719
560,감곡,2014-11,6종,11650
561,북충주,2014-11,1종,156447
561,북충주,2014-11,2종,4592
561,북충주,2014-11,3종,9216
561,북충주,2014-11,4종,3738
561,북충주,2014-11,5종,6446
561,북충주,2014-11,6종,5063
562,충주,2014-11,1종,205660
562,충주,2014-11,2종,8097
562,충주,2014-11,3종,14008
562,충주,2014-11,4종,10436
562,충주,2014-11,5종,9949
562,충주,2014-11,6종,7970
563,괴산,2014-11,1종,75283
563,괴산,2014-11,2종,2269
563,괴산,2014-11,3종,4389
563,괴산,2014-11,4종,2703
563,괴산,2014-11,5종,5777
563,괴산,2014-11,6종,2464
564,연풍,2014-11,1종,57414
564,연풍,2014-11,2종,3160
564,연풍,2014-11,3종,8046
564,연풍,2014-11,4종,5656
564,연풍,2014-11,5종,6582
564,연풍,2014-11,6종,1663
565,문경새재,2014-11,1종,98899
565,문경새재,2014-11,2종,3283
565,문경새재,2014-11,3종,8056
565,문경새재,2014-11,4종,4753
565,문경새재,2014-11,5종,3865
565,문경새재,2014-11,6종,2990
566,점촌함창,2014-11,1종,150194
566,점촌함창,2014-11,2종,4977
566,점촌함창,2014-11,3종,11139
566,점촌함창,2014-11,4종,6687
566,점촌함창,2014-11,5종,6386
566,점촌함창,2014-11,6종,4694
567,남고창,2014-11,1종,115355
567,남고창,2014-11,2종,3961
567,남고창,2014-11,3종,4171
567,남고창,2014-11,4종,3469
567,남고창,2014-11,5종,3063
567,남고창,2014-11,6종,4503
568,장성물류,2014-11,1종,39011
568,장성물류,2014-11,2종,7470
568,장성물류,2014-11,3종,4038
568,장성물류,2014-11,4종,8757
568,장성물류,2014-11,5종,11129
568,장성물류,2014-11,6종,1103
569,북광주,2014-11,1종,322980
569,북광주,2014-11,2종,17374
569,북광주,2014-11,3종,14405
569,북광주,2014-11,4종,17693
569,북광주,2014-11,5종,27030
569,북광주,2014-11,6종,10546
570,북상주,2014-11,1종,126028
570,북상주,2014-11,2종,6820
570,북상주,2014-11,3종,12401
570,북상주,2014-11,4종,12520
570,북상주,2014-11,5종,8743
570,북상주,2014-11,6종,4030
571,면천,2014-11,1종,100191
571,면천,2014-11,2종,3616
571,면천,2014-11,3종,3841
571,면천,2014-11,4종,4135
571,면천,2014-11,5종,5650
571,면천,2014-11,6종,3951
572,고덕,2014-11,1종,134670
572,고덕,2014-11,2종,4751
572,고덕,2014-11,3종,6799
572,고덕,2014-11,4종,3332
572,고덕,2014-11,5종,6065
572,고덕,2014-11,6종,5190
573,예산수덕사,2014-11,1종,317128
573,예산수덕사,2014-11,2종,11256
573,예산수덕사,2014-11,3종,12639
573,예산수덕사,2014-11,4종,9929
573,예산수덕사,2014-11,5종,12240
573,예산수덕사,2014-11,6종,11666
574,신양,2014-11,1종,90516
574,신양,2014-11,2종,3007
574,신양,2014-11,3종,3099
574,신양,2014-11,4종,2428
574,신양,2014-11,5종,3337
574,신양,2014-11,6종,3349
575,유구,2014-11,1종,109644
575,유구,2014-11,2종,4110
575,유구,2014-11,3종,4113
575,유구,2014-11,4종,4180
575,유구,2014-11,5종,5070
575,유구,2014-11,6종,4018
576,마곡사,2014-11,1종,43302
576,마곡사,2014-11,2종,874
576,마곡사,2014-11,3종,1495
576,마곡사,2014-11,4종,755
576,마곡사,2014-11,5종,610
576,마곡사,2014-11,6종,1522
577,공주,2014-11,1종,186290
577,공주,2014-11,2종,6211
577,공주,2014-11,3종,8373
577,공주,2014-11,4종,2625
577,공주,2014-11,5종,4325
577,공주,2014-11,6종,8033
578,서세종,2014-11,1종,211758
578,서세종,2014-11,2종,12324
578,서세종,2014-11,3종,9245
578,서세종,2014-11,4종,6527
578,서세종,2014-11,5종,8995
578,서세종,2014-11,6종,8659
579,남세종,2014-11,1종,366518
579,남세종,2014-11,2종,9157
579,남세종,2014-11,3종,9464
579,남세종,2014-11,4종,4879
579,남세종,2014-11,5종,8050
579,남세종,2014-11,6종,17340
580,북강릉,2014-11,1종,187411
580,북강릉,2014-11,2종,5795
580,북강릉,2014-11,3종,9205
580,북강릉,2014-11,4종,2764
580,북강릉,2014-11,5종,5490
580,북강릉,2014-11,6종,8297
581,옥계,2014-11,1종,50506
581,옥계,2014-11,2종,2016
581,옥계,2014-11,3종,2515
581,옥계,2014-11,4종,3938
581,옥계,2014-11,5종,12361
581,옥계,2014-11,6종,3269
582,망상,2014-11,1종,105609
582,망상,2014-11,2종,3489
582,망상,2014-11,3종,12927
582,망상,2014-11,4종,1257
582,망상,2014-11,5종,1786
582,망상,2014-11,6종,6375
583,동해,2014-11,1종,318333
583,동해,2014-11,2종,10526
583,동해,2014-11,3종,16193
583,동해,2014-11,4종,9424
583,동해,2014-11,5종,22372
583,동해,2014-11,6종,15546
584,남강릉,2014-11,1종,112403
584,남강릉,2014-11,2종,6278
584,남강릉,2014-11,3종,9508
584,남강릉,2014-11,4종,4073
584,남강릉,2014-11,5종,4392
584,남강릉,2014-11,6종,7423
585,하조대,2014-11,1종,138667
585,하조대,2014-11,2종,4429
585,하조대,2014-11,3종,10125
585,하조대,2014-11,4종,2961
585,하조대,2014-11,5종,3986
585,하조대,2014-11,6종,5758
586,북남원,2014-11,1종,23152
586,북남원,2014-11,2종,728
586,북남원,2014-11,3종,775
586,북남원,2014-11,4종,388
586,북남원,2014-11,5종,2160
586,북남원,2014-11,6종,641
587,오수,2014-11,1종,147628
587,오수,2014-11,2종,4958
587,오수,2014-11,3종,7571
587,오수,2014-11,4종,3819
587,오수,2014-11,5종,6653
587,오수,2014-11,6종,4815
588,임실,2014-11,1종,49650
588,임실,2014-11,2종,2236
588,임실,2014-11,3종,2945
588,임실,2014-11,4종,1394
588,임실,2014-11,5종,5151
588,임실,2014-11,6종,1684
589,상관,2014-11,1종,149369
589,상관,2014-11,2종,4577
589,상관,2014-11,3종,8312
589,상관,2014-11,4종,5356
589,상관,2014-11,5종,27693
589,상관,2014-11,6종,4481
590,동전주,2014-11,1종,198359
590,동전주,2014-11,2종,3574
590,동전주,2014-11,3종,4666
590,동전주,2014-11,4종,1996
590,동전주,2014-11,5종,5611
590,동전주,2014-11,6종,7432
591,동서천,2014-11,1종,58617
591,동서천,2014-11,2종,1743
591,동서천,2014-11,3종,3100
591,동서천,2014-11,4종,2124
591,동서천,2014-11,5종,3933
591,동서천,2014-11,6종,1813
592,서부여,2014-11,1종,62294
592,서부여,2014-11,2종,2539
592,서부여,2014-11,3종,2746
592,서부여,2014-11,4종,1695
592,서부여,2014-11,5종,1944
592,서부여,2014-11,6종,2057
593,부여,2014-11,1종,85550
593,부여,2014-11,2종,2742
593,부여,2014-11,3종,4020
593,부여,2014-11,4종,2279
593,부여,2014-11,5종,3120
593,부여,2014-11,6종,3078
594,칠갑산,2014-11,1종,58328
594,칠갑산,2014-11,2종,1773
594,칠갑산,2014-11,3종,2724
594,칠갑산,2014-11,4종,1168
594,칠갑산,2014-11,5종,951
594,칠갑산,2014-11,6종,1923
595,서공주,2014-11,1종,61008
595,서공주,2014-11,2종,3072
595,서공주,2014-11,3종,2918
595,서공주,2014-11,4종,2328
595,서공주,2014-11,5종,3234
595,서공주,2014-11,6종,2257
596,가락2,2014-11,1종,63092
596,가락2,2014-11,2종,6511
596,가락2,2014-11,3종,6115
596,가락2,2014-11,4종,12174
596,가락2,2014-11,5종,49824
596,가락2,2014-11,6종,4000
597,서여주,2014-11,1종,136926
597,서여주,2014-11,2종,6514
597,서여주,2014-11,3종,7314
597,서여주,2014-11,4종,6051
597,서여주,2014-11,5종,6814
597,서여주,2014-11,6종,7148
598,북여주,2014-11,1종,79432
598,북여주,2014-11,2종,3134
598,북여주,2014-11,3종,2495
598,북여주,2014-11,4종,2236
598,북여주,2014-11,5종,4982
598,북여주,2014-11,6종,3422
599,양촌,2014-11,1종,29002
599,양촌,2014-11,2종,559
599,양촌,2014-11,3종,282
599,양촌,2014-11,4종,7
599,양촌,2014-11,5종,11
599,양촌,2014-11,6종,958
601,남천안,2014-11,1종,369924
601,남천안,2014-11,2종,24324
601,남천안,2014-11,3종,29075
601,남천안,2014-11,4종,26678
601,남천안,2014-11,5종,22130
601,남천안,2014-11,6종,14715
602,풍세상,2014-11,1종,1524523
602,풍세상,2014-11,2종,45004
602,풍세상,2014-11,3종,171144
602,풍세상,2014-11,4종,79108
602,풍세상,2014-11,5종,77684
602,풍세상,2014-11,6종,64084
603,정안,2014-11,1종,272903
603,정안,2014-11,2종,10241
603,정안,2014-11,3종,27883
603,정안,2014-11,4종,12377
603,정안,2014-11,5종,10230
603,정안,2014-11,6종,10308
604,남공주,2014-11,1종,72963
604,남공주,2014-11,2종,3505
604,남공주,2014-11,3종,5050
604,남공주,2014-11,4종,2914
604,남공주,2014-11,5종,4851
604,남공주,2014-11,6종,2761
605,탄천,2014-11,1종,26794
605,탄천,2014-11,2종,1816
605,탄천,2014-11,3종,1380
605,탄천,2014-11,4종,1801
605,탄천,2014-11,5종,1408
605,탄천,2014-11,6종,891
606,서논산,2014-11,1종,143265
606,서논산,2014-11,2종,6399
606,서논산,2014-11,3종,11096
606,서논산,2014-11,4종,7241
606,서논산,2014-11,5종,9824
606,서논산,2014-11,6종,5103
607,연무,2014-11,1종,70431
607,연무,2014-11,2종,2634
607,연무,2014-11,3종,4463
607,연무,2014-11,4종,1498
607,연무,2014-11,5종,2121
607,연무,2014-11,6종,2293
608,남논산하,2014-11,1종,956044
608,남논산하,2014-11,2종,24534
608,남논산하,2014-11,3종,122458
608,남논산하,2014-11,4종,40722
608,남논산하,2014-11,5종,57522
608,남논산하,2014-11,6종,35908
612,풍세하,2014-11,1종,1585744
612,풍세하,2014-11,2종,42747
612,풍세하,2014-11,3종,179756
612,풍세하,2014-11,4종,59576
612,풍세하,2014-11,5종,59355
612,풍세하,2014-11,6종,66827
613,남풍세,2014-11,1종,109337
613,남풍세,2014-11,2종,5706
613,남풍세,2014-11,3종,10767
613,남풍세,2014-11,4종,4856
613,남풍세,2014-11,5종,9004
613,남풍세,2014-11,6종,4698
618,남논산상,2014-11,1종,937708
618,남논산상,2014-11,2종,26064
618,남논산상,2014-11,3종,117246
618,남논산상,2014-11,4종,44840
618,남논산상,2014-11,5종,69126
618,남논산상,2014-11,6종,34720
621,동대구,2014-11,1종,853778
621,동대구,2014-11,2종,32316
621,동대구,2014-11,3종,42751
621,동대구,2014-11,4종,23407
621,동대구,2014-11,5종,29153
621,동대구,2014-11,6종,42069
622,대구,2014-11,1종,1145632
622,대구,2014-11,2종,47582
622,대구,2014-11,3종,70852
622,대구,2014-11,4종,49306
622,대구,2014-11,5종,86574
622,대구,2014-11,6종,60734
623,수성,2014-11,1종,766142
623,수성,2014-11,2종,20070
623,수성,2014-11,3종,16222
623,수성,2014-11,4종,6265
623,수성,2014-11,5종,8092
623,수성,2014-11,6종,36463
624,청도,2014-11,1종,231428
624,청도,2014-11,2종,9588
624,청도,2014-11,3종,8621
624,청도,2014-11,4종,6345
624,청도,2014-11,5종,7068
624,청도,2014-11,6종,10462
625,밀양,2014-11,1종,334419
625,밀양,2014-11,2종,14592
625,밀양,2014-11,3종,13940
625,밀양,2014-11,4종,9993
625,밀양,2014-11,5종,13104
625,밀양,2014-11,6종,14067
626,남밀양,2014-11,1종,406031
626,남밀양,2014-11,2종,21961
626,남밀양,2014-11,3종,19486
626,남밀양,2014-11,4종,14420
626,남밀양,2014-11,5종,19024
626,남밀양,2014-11,6종,21753
627,삼랑진,2014-11,1종,248525
627,삼랑진,2014-11,2종,10641
627,삼랑진,2014-11,3종,8321
627,삼랑진,2014-11,4종,5716
627,삼랑진,2014-11,5종,11225
627,삼랑진,2014-11,6종,14604
628,상동,2014-11,1종,237609
628,상동,2014-11,2종,23857
628,상동,2014-11,3종,15215
628,상동,2014-11,4종,16777
628,상동,2014-11,5종,26815
628,상동,2014-11,6종,13794
629,김해부산,2014-11,1종,1216878
629,김해부산,2014-11,2종,62468
629,김해부산,2014-11,3종,77222
629,김해부산,2014-11,4종,64690
629,김해부산,2014-11,5종,104230
629,김해부산,2014-11,6종,69026
641,울산,2014-11,1종,1215306
641,울산,2014-11,2종,49718
641,울산,2014-11,3종,77849
641,울산,2014-11,4종,47938
641,울산,2014-11,5종,123699
641,울산,2014-11,6종,58449
642,문수,2014-11,1종,124144
642,문수,2014-11,2종,5392
642,문수,2014-11,3종,6058
642,문수,2014-11,4종,8254
642,문수,2014-11,5종,19872
642,문수,2014-11,6종,6797
643,청량,2014-11,1종,556965
643,청량,2014-11,2종,12820
643,청량,2014-11,3종,14704
643,청량,2014-11,4종,19017
643,청량,2014-11,5종,69923
643,청량,2014-11,6종,34884
644,온양,2014-11,1종,194252
644,온양,2014-11,2종,4327
644,온양,2014-11,3종,3324
644,온양,2014-11,4종,3202
644,온양,2014-11,5종,11987
644,온양,2014-11,6종,12552
645,장안,2014-11,1종,375469
645,장안,2014-11,2종,8255
645,장안,2014-11,3종,6531
645,장안,2014-11,4종,6106
645,장안,2014-11,5종,16540
645,장안,2014-11,6종,24862
646,기장일광,2014-11,1종,267584
646,기장일광,2014-11,2종,3348
646,기장일광,2014-11,3종,3855
646,기장일광,2014-11,4종,2050
646,기장일광,2014-11,5종,6748
646,기장일광,2014-11,6종,15843
647,해운대송정,2014-11,1종,107273
647,해운대송정,2014-11,2종,1495
647,해운대송정,2014-11,3종,1186
647,해운대송정,2014-11,4종,656
647,해운대송정,2014-11,5종,1382
647,해운대송정,2014-11,6종,6483
648,해운대,2014-11,1종,812352
648,해운대,2014-11,2종,9259
648,해운대,2014-11,3종,9996
648,해운대,2014-11,4종,6815
648,해운대,2014-11,5종,38260
648,해운대,2014-11,6종,48900
651,남양주,2014-11,1종,1644448
651,남양주,2014-11,2종,39135
651,남양주,2014-11,3종,70433
651,남양주,2014-11,4종,17034
651,남양주,2014-11,5종,19184
651,남양주,2014-11,6종,91197
652,화도,2014-11,1종,897478
652,화도,2014-11,2종,32285
652,화도,2014-11,3종,34922
652,화도,2014-11,4종,13297
652,화도,2014-11,5종,14632
652,화도,2014-11,6종,66392
653,서종,2014-11,1종,173579
653,서종,2014-11,2종,1864
653,서종,2014-11,3종,1346
653,서종,2014-11,4종,778
653,서종,2014-11,5종,1648
653,서종,2014-11,6종,10972
654,설악,2014-11,1종,214218
654,설악,2014-11,2종,3416
654,설악,2014-11,3종,5468
654,설악,2014-11,4종,1913
654,설악,2014-11,5종,1562
654,설악,2014-11,6종,10979
655,강촌,2014-11,1종,143166
655,강촌,2014-11,2종,2238
655,강촌,2014-11,3종,4498
655,강촌,2014-11,4종,2385
655,강촌,2014-11,5종,1067
655,강촌,2014-11,6종,5992
656,남춘천,2014-11,1종,187448
656,남춘천,2014-11,2종,3339
656,남춘천,2014-11,3종,12272
656,남춘천,2014-11,4종,2277
656,남춘천,2014-11,5종,4992
656,남춘천,2014-11,6종,9377
657,동산,2014-11,1종,656776
657,동산,2014-11,2종,11538
657,동산,2014-11,3종,32218
657,동산,2014-11,4종,8370
657,동산,2014-11,5종,7650
657,동산,2014-11,6종,35234
658,조양,2014-11,1종,25850
658,조양,2014-11,2종,548
658,조양,2014-11,3종,505
658,조양,2014-11,4종,1131
658,조양,2014-11,5종,501
658,조양,2014-11,6종,1193
671,봉담,2014-11,1종,1323839
671,봉담,2014-11,2종,59563
671,봉담,2014-11,3종,47668
671,봉담,2014-11,4종,20090
671,봉담,2014-11,5종,25941
671,봉담,2014-11,6종,102623
672,정남,2014-11,1종,365476
672,정남,2014-11,2종,19695
672,정남,2014-11,3종,14386
672,정남,2014-11,4종,6980
672,정남,2014-11,5종,4637
672,정남,2014-11,6종,30240
673,북오산,2014-11,1종,811733
673,북오산,2014-11,2종,30130
673,북오산,2014-11,3종,30136
673,북오산,2014-11,4종,17282
673,북오산,2014-11,5종,11245
673,북오산,2014-11,6종,60879
674,,2014-11,1종,892785
674,,2014-11,2종,40193
674,,2014-11,3종,65622
674,,2014-11,4종,20229
674,,2014-11,5종,23039
674,,2014-11,6종,63219
675,서오산,2014-11,1종,829059
675,서오산,2014-11,2종,24636
675,서오산,2014-11,3종,21114
675,서오산,2014-11,4종,13821
675,서오산,2014-11,5종,12485
675,서오산,2014-11,6종,58798
676,향남,2014-11,1종,566941
676,향남,2014-11,2종,36261
676,향남,2014-11,3종,26096
676,향남,2014-11,4종,22816
676,향남,2014-11,5종,15943
676,향남,2014-11,6종,45686
677,북평택,2014-11,1종,1034961
677,북평택,2014-11,2종,36472
677,북평택,2014-11,3종,50107
677,북평택,2014-11,4종,19092
677,북평택,2014-11,5종,30489
677,북평택,2014-11,6종,62719
681,장안본선,2014-11,1종,990840
681,장안본선,2014-11,2종,74590
681,장안본선,2014-11,3종,131166
681,장안본선,2014-11,4종,92248
681,장안본선,2014-11,5종,162156
681,장안본선,2014-11,6종,54518
682,조암,2014-11,1종,313696
682,조암,2014-11,2종,37150
682,조암,2014-11,3종,31211
682,조암,2014-11,4종,22626
682,조암,2014-11,5종,26224
682,조암,2014-11,6종,19731
683,송산마도,2014-11,1종,534151
683,송산마도,2014-11,2종,35352
683,송산마도,2014-11,3종,26023
683,송산마도,2014-11,4종,20584
683,송산마도,2014-11,5종,40702
683,송산마도,2014-11,6종,31061
684,남안산,2014-11,1종,686623
684,남안산,2014-11,2종,72822
684,남안산,2014-11,3종,59702
684,남안산,2014-11,4종,51005
684,남안산,2014-11,5종,71232
684,남안산,2014-11,6종,49367
685,서시흥,2014-11,1종,1272569
685,서시흥,2014-11,2종,77664
685,서시흥,2014-11,3종,115755
685,서시흥,2014-11,4종,73703
685,서시흥,2014-11,5종,146982
685,서시흥,2014-11,6종,72858
981,서영암,2014-11,1종,208678
981,서영암,2014-11,2종,5381
981,서영암,2014-11,3종,11015
981,서영암,2014-11,4종,6829
981,서영암,2014-11,5종,17101
981,서영암,2014-11,6종,6195
982,강진무위사,2014-11,1종,126573
982,강진무위사,2014-11,2종,3892
982,강진무위사,2014-11,3종,8815
982,강진무위사,2014-11,4종,4138
982,강진무위사,2014-11,5종,5143
982,강진무위사,2014-11,6종,3592
983,장흥,2014-11,1종,95406
983,장흥,2014-11,2종,1828
983,장흥,2014-11,3종,3779
983,장흥,2014-11,4종,1027
983,장흥,2014-11,5종,1439
983,장흥,2014-11,6종,2628
984,보성,2014-11,1종,174810
984,보성,2014-11,2종,5994
984,보성,2014-11,3종,7354
984,보성,2014-11,4종,4934
984,보성,2014-11,5종,11276
984,보성,2014-11,6종,4414
985,벌교,2014-11,1종,129001
985,벌교,2014-11,2종,4190
985,벌교,2014-11,3종,4098
985,벌교,2014-11,4종,2260
985,벌교,2014-11,5종,3219
985,벌교,2014-11,6종,3225
986,고흥,2014-11,1종,156915
986,고흥,2014-11,2종,3396
986,고흥,2014-11,3종,6003
986,고흥,2014-11,4종,4683
986,고흥,2014-11,5종,7601
986,고흥,2014-11,6종,4866
987,남순천,2014-11,1종,426031
987,남순천,2014-11,2종,11493
987,남순천,2014-11,3종,22324
987,남순천,2014-11,4종,15870
987,남순천,2014-11,5종,34170
987,남순천,2014-11,6종,12097
11,인천,2014-12,1종,3537898
11,인천,2014-12,2종,120244
11,인천,2014-12,3종,85481
11,인천,2014-12,4종,64560
11,인천,2014-12,5종,115398
11,인천,2014-12,6종,326083
12,서영암(개),2014-12,1종,32822
12,서영암(개),2014-12,2종,716
12,서영암(개),2014-12,3종,686
12,서영암(개),2014-12,4종,534
12,서영암(개),2014-12,5종,676
12,서영암(개),2014-12,6종,1937
13,순천만,2014-12,1종,111800
13,순천만,2014-12,2종,4241
13,순천만,2014-12,3종,4254
13,순천만,2014-12,4종,3064
13,순천만,2014-12,5종,10837
13,순천만,2014-12,6종,5173
29,가락(개),2014-12,1종,646842
29,가락(개),2014-12,2종,20398
29,가락(개),2014-12,3종,18940
29,가락(개),2014-12,4종,23804
29,가락(개),2014-12,5종,120989
29,가락(개),2014-12,6종,54620
53,남인천,2014-12,1종,1669707
53,남인천,2014-12,2종,43710
53,남인천,2014-12,3종,55931
53,남인천,2014-12,4종,20945
53,남인천,2014-12,5종,57718
53,남인천,2014-12,6종,140671
56,일로,2014-12,1종,33222
56,일로,2014-12,2종,846
56,일로,2014-12,3종,440
56,일로,2014-12,4종,706
56,일로,2014-12,5종,830
56,일로,2014-12,6종,2087
61,성남,2014-12,1종,3802086
61,성남,2014-12,2종,153209
61,성남,2014-12,3종,157897
61,성남,2014-12,4종,89247
61,성남,2014-12,5종,83906
61,성남,2014-12,6종,275137
62,구리남양주,2014-12,1종,4847439
62,구리남양주,2014-12,2종,212507
62,구리남양주,2014-12,3종,196098
62,구리남양주,2014-12,4종,135067
62,구리남양주,2014-12,5종,99686
62,구리남양주,2014-12,6종,372614
63,토평,2014-12,1종,458147
63,토평,2014-12,2종,15174
63,토평,2014-12,3종,7434
63,토평,2014-12,4종,12599
63,토평,2014-12,5종,10305
63,토평,2014-12,6종,38834
64,청계,2014-12,1종,4424007
64,청계,2014-12,2종,150670
64,청계,2014-12,3종,153285
64,청계,2014-12,4종,50121
64,청계,2014-12,5종,79878
64,청계,2014-12,6종,346472
65,판교,2014-12,1종,2841767
65,판교,2014-12,2종,44335
65,판교,2014-12,3종,182262
65,판교,2014-12,4종,17027
65,판교,2014-12,5종,16167
65,판교,2014-12,6종,170778
66,하남,2014-12,1종,765992
66,하남,2014-12,2종,27790
66,하남,2014-12,3종,16112
66,하남,2014-12,4종,8252
66,하남,2014-12,5종,7236
66,하남,2014-12,6종,63126
67,시흥,2014-12,1종,3774873
67,시흥,2014-12,2종,138844
67,시흥,2014-12,3종,133645
67,시흥,2014-12,4종,73821
67,시흥,2014-12,5종,69270
67,시흥,2014-12,6종,295281
68,김포,2014-12,1종,4454828
68,김포,2014-12,2종,184279
68,김포,2014-12,3종,148036
68,김포,2014-12,4종,81086
68,김포,2014-12,5종,112101
68,김포,2014-12,6종,374169
69,대왕판교,2014-12,1종,192742
69,대왕판교,2014-12,2종,1515
69,대왕판교,2014-12,3종,167
69,대왕판교,2014-12,4종,74
69,대왕판교,2014-12,5종,10
69,대왕판교,2014-12,6종,11622
74,덕소삼패,2014-12,1종,286268
74,덕소삼패,2014-12,2종,7768
74,덕소삼패,2014-12,3종,4199
74,덕소삼패,2014-12,4종,9712
74,덕소삼패,2014-12,5종,10385
74,덕소삼패,2014-12,6종,24023
91,대동(개),2014-12,1종,136890
91,대동(개),2014-12,2종,10040
91,대동(개),2014-12,3종,6170
91,대동(개),2014-12,4종,20080
91,대동(개),2014-12,5종,10539
91,대동(개),2014-12,6종,9363
92,내서,2014-12,1종,219400
92,내서,2014-12,2종,8303
92,내서,2014-12,3종,10281
92,내서,2014-12,4종,3738
92,내서,2014-12,5종,7891
92,내서,2014-12,6종,20611
101,서울,2014-12,1종,4950438
101,서울,2014-12,2종,190681
101,서울,2014-12,3종,587513
101,서울,2014-12,4종,96751
101,서울,2014-12,5종,56939
101,서울,2014-12,6종,246092
102,동수원,2014-12,1종,2117897
102,동수원,2014-12,2종,41037
102,동수원,2014-12,3종,86151
102,동수원,2014-12,4종,14867
102,동수원,2014-12,5종,14310
102,동수원,2014-12,6종,137823
103,수원신갈,2014-12,1종,2352224
103,수원신갈,2014-12,2종,102062
103,수원신갈,2014-12,3종,168165
103,수원신갈,2014-12,4종,48992
103,수원신갈,2014-12,5종,38217
103,수원신갈,2014-12,6종,138339
104,지곡,2014-12,1종,35800
104,지곡,2014-12,2종,1305
104,지곡,2014-12,3종,1877
104,지곡,2014-12,4종,1862
104,지곡,2014-12,5종,1874
104,지곡,2014-12,6종,1324
105,기흥,2014-12,1종,383103
105,기흥,2014-12,2종,24370
105,기흥,2014-12,3종,15318
105,기흥,2014-12,4종,10866
105,기흥,2014-12,5종,13221
105,기흥,2014-12,6종,22621
106,오산,2014-12,1종,1110084
106,오산,2014-12,2종,94656
106,오산,2014-12,3종,109359
106,오산,2014-12,4종,45814
106,오산,2014-12,5종,32388
106,오산,2014-12,6종,74035
107,안성,2014-12,1종,803706
107,안성,2014-12,2종,33620
107,안성,2014-12,3종,54431
107,안성,2014-12,4종,18217
107,안성,2014-12,5종,12777
107,안성,2014-12,6종,56643
108,천안,2014-12,1종,1431967
108,천안,2014-12,2종,48648
108,천안,2014-12,3종,108184
108,천안,2014-12,4종,38185
108,천안,2014-12,5종,31288
108,천안,2014-12,6종,72423
109,계룡,2014-12,1종,127062
109,계룡,2014-12,2종,10241
109,계룡,2014-12,3종,12439
109,계룡,2014-12,4종,9088
109,계룡,2014-12,5종,4266
109,계룡,2014-12,6종,8387
110,독립기념관,2014-12,1종,291803
110,독립기념관,2014-12,2종,20096
110,독립기념관,2014-12,3종,21787
110,독립기념관,2014-12,4종,21888
110,독립기념관,2014-12,5종,17580
110,독립기념관,2014-12,6종,13096
111,청주,2014-12,1종,472635
111,청주,2014-12,2종,20803
111,청주,2014-12,3종,50655
111,청주,2014-12,4종,15912
111,청주,2014-12,5종,19599
111,청주,2014-12,6종,24110
112,남청주,2014-12,1종,468799
112,남청주,2014-12,2종,41496
112,남청주,2014-12,3종,40206
112,남청주,2014-12,4종,51209
112,남청주,2014-12,5종,40357
112,남청주,2014-12,6종,21487
113,신탄진,2014-12,1종,719627
113,신탄진,2014-12,2종,44440
113,신탄진,2014-12,3종,35230
113,신탄진,2014-12,4종,61015
113,신탄진,2014-12,5종,50457
113,신탄진,2014-12,6종,41851
114,남대전,2014-12,1종,290314
114,남대전,2014-12,2종,11906
114,남대전,2014-12,3종,11164
114,남대전,2014-12,4종,5719
114,남대전,2014-12,5종,8564
114,남대전,2014-12,6종,14856
115,대전,2014-12,1종,1298476
115,대전,2014-12,2종,39860
115,대전,2014-12,3종,82360
115,대전,2014-12,4종,17441
115,대전,2014-12,5종,15515
115,대전,2014-12,6종,71094
116,옥천,2014-12,1종,355946
116,옥천,2014-12,2종,22325
116,옥천,2014-12,3종,18671
116,옥천,2014-12,4종,37569
116,옥천,2014-12,5종,21869
116,옥천,2014-12,6종,21860
117,금강,2014-12,1종,27743
117,금강,2014-12,2종,1716
117,금강,2014-12,3종,1499
117,금강,2014-12,4종,4075
117,금강,2014-12,5종,904
117,금강,2014-12,6종,1484
118,영동,2014-12,1종,76535
118,영동,2014-12,2종,4922
118,영동,2014-12,3종,4937
118,영동,2014-12,4종,3473
118,영동,2014-12,5종,6405
118,영동,2014-12,6종,3542
119,판암,2014-12,1종,453975
119,판암,2014-12,2종,15506
119,판암,2014-12,3종,10612
119,판암,2014-12,4종,7184
119,판암,2014-12,5종,5977
119,판암,2014-12,6종,27633
120,황간,2014-12,1종,66683
120,황간,2014-12,2종,2663
120,황간,2014-12,3종,4063
120,황간,2014-12,4종,4727
120,황간,2014-12,5종,6068
120,황간,2014-12,6종,2610
121,추풍령,2014-12,1종,34862
121,추풍령,2014-12,2종,1257
121,추풍령,2014-12,3종,2150
121,추풍령,2014-12,4종,1029
121,추풍령,2014-12,5종,1542
121,추풍령,2014-12,6종,1751
122,김천,2014-12,1종,212295
122,김천,2014-12,2종,7476
122,김천,2014-12,3종,11215
122,김천,2014-12,4종,10143
122,김천,2014-12,5종,8168
122,김천,2014-12,6종,10027
123,구미,2014-12,1종,804238
123,구미,2014-12,2종,19752
123,구미,2014-12,3종,37354
123,구미,2014-12,4종,19574
123,구미,2014-12,5종,16561
123,구미,2014-12,6종,40730
124,상주,2014-12,1종,116046
124,상주,2014-12,2종,5859
124,상주,2014-12,3종,5691
124,상주,2014-12,4종,6632
124,상주,2014-12,5종,7579
124,상주,2014-12,6종,3749
125,남구미,2014-12,1종,562437
125,남구미,2014-12,2종,22207
125,남구미,2014-12,3종,33796
125,남구미,2014-12,4종,23174
125,남구미,2014-12,5종,40681
125,남구미,2014-12,6종,31336
126,왜관,2014-12,1종,618633
126,왜관,2014-12,2종,49601
126,왜관,2014-12,3종,30794
126,왜관,2014-12,4종,25258
126,왜관,2014-12,5종,34134
126,왜관,2014-12,6종,30266
127,서대구,2014-12,1종,1889890
127,서대구,2014-12,2종,91692
127,서대구,2014-12,3종,104427
127,서대구,2014-12,4종,52956
127,서대구,2014-12,5종,60637
127,서대구,2014-12,6종,85643
128,금왕꽃동네,2014-12,1종,90777
128,금왕꽃동네,2014-12,2종,9886
128,금왕꽃동네,2014-12,3종,11004
128,금왕꽃동네,2014-12,4종,7773
128,금왕꽃동네,2014-12,5종,10451
128,금왕꽃동네,2014-12,6종,4203
129,북대구,2014-12,1종,1756252
129,북대구,2014-12,2종,60791
129,북대구,2014-12,3종,54489
129,북대구,2014-12,4종,25550
129,북대구,2014-12,5종,28013
129,북대구,2014-12,6종,78486
130,동김천,2014-12,1종,148982
130,동김천,2014-12,2종,6450
130,동김천,2014-12,3종,10615
130,동김천,2014-12,4종,8417
130,동김천,2014-12,5종,15592
130,동김천,2014-12,6종,5780
131,경산,2014-12,1종,833299
131,경산,2014-12,2종,76005
131,경산,2014-12,3종,59252
131,경산,2014-12,4종,46768
131,경산,2014-12,5종,41437
131,경산,2014-12,6종,46695
132,영천,2014-12,1종,407775
132,영천,2014-12,2종,26151
132,영천,2014-12,3종,30168
132,영천,2014-12,4종,23992
132,영천,2014-12,5종,42551
132,영천,2014-12,6종,16329
133,서경주,2014-12,1종,164787
133,서경주,2014-12,2종,8734
133,서경주,2014-12,3종,12476
133,서경주,2014-12,4종,10283
133,서경주,2014-12,5종,28585
133,서경주,2014-12,6종,5547
134,선산,2014-12,1종,80670
134,선산,2014-12,2종,4620
134,선산,2014-12,3종,4901
134,선산,2014-12,4종,5636
134,선산,2014-12,5종,8830
134,선산,2014-12,6종,2685
135,경주,2014-12,1종,857412
135,경주,2014-12,2종,41507
135,경주,2014-12,3종,77069
135,경주,2014-12,4종,49882
135,경주,2014-12,5종,102816
135,경주,2014-12,6종,35002
136,음성,2014-12,1종,114004
136,음성,2014-12,2종,7771
136,음성,2014-12,3종,8227
136,음성,2014-12,4종,6354
136,음성,2014-12,5종,7328
136,음성,2014-12,6종,4949
137,통도사,2014-12,1종,267171
137,통도사,2014-12,2종,17967
137,통도사,2014-12,3종,14694
137,통도사,2014-12,4종,12364
137,통도사,2014-12,5종,19289
137,통도사,2014-12,6종,14399
138,양산,2014-12,1종,681973
138,양산,2014-12,2종,73219
138,양산,2014-12,3종,45223
138,양산,2014-12,4종,47235
138,양산,2014-12,5종,59265
138,양산,2014-12,6종,37654
139,서울산,2014-12,1종,450147
139,서울산,2014-12,2종,25932
139,서울산,2014-12,3종,31311
139,서울산,2014-12,4종,16075
139,서울산,2014-12,5종,25481
139,서울산,2014-12,6종,23768
140,부산,2014-12,1종,1624459
140,부산,2014-12,2종,63453
140,부산,2014-12,3종,49882
140,부산,2014-12,4종,35830
140,부산,2014-12,5종,63795
140,부산,2014-12,6종,95528
142,군북,2014-12,1종,359483
142,군북,2014-12,2종,14892
142,군북,2014-12,3종,15550
142,군북,2014-12,4종,10130
142,군북,2014-12,5종,20959
142,군북,2014-12,6종,22392
143,장지,2014-12,1종,116965
143,장지,2014-12,2종,5893
143,장지,2014-12,3종,5319
143,장지,2014-12,4종,3861
143,장지,2014-12,5종,15776
143,장지,2014-12,6종,7884
144,함안,2014-12,1종,250843
144,함안,2014-12,2종,12461
144,함안,2014-12,3종,10733
144,함안,2014-12,4종,7830
144,함안,2014-12,5종,20189
144,함안,2014-12,6종,17098
145,산인,2014-12,1종,744108
145,산인,2014-12,2종,20041
145,산인,2014-12,3종,33327
145,산인,2014-12,4종,14118
145,산인,2014-12,5종,23119
145,산인,2014-12,6종,43827
146,동창원,2014-12,1종,574113
146,동창원,2014-12,2종,27969
146,동창원,2014-12,3종,23270
146,동창원,2014-12,4종,19221
146,동창원,2014-12,5종,30711
146,동창원,2014-12,6종,39482
147,진례,2014-12,1종,456017
147,진례,2014-12,2종,33894
147,진례,2014-12,3종,22294
147,진례,2014-12,4종,19041
147,진례,2014-12,5종,77880
147,진례,2014-12,6종,29831
148,서김해,2014-12,1종,731669
148,서김해,2014-12,2종,28342
148,서김해,2014-12,3종,20672
148,서김해,2014-12,4종,15048
148,서김해,2014-12,5종,27944
148,서김해,2014-12,6종,49981
149,동김해,2014-12,1종,1128490
149,동김해,2014-12,2종,36954
149,동김해,2014-12,3종,28937
149,동김해,2014-12,4종,14418
149,동김해,2014-12,5종,20463
149,동김해,2014-12,6종,83994
150,북부산,2014-12,1종,2059206
150,북부산,2014-12,2종,51614
150,북부산,2014-12,3종,53413
150,북부산,2014-12,4종,30850
150,북부산,2014-12,5종,86590
150,북부산,2014-12,6종,135180
151,북대전,2014-12,1종,677388
151,북대전,2014-12,2종,17028
151,북대전,2014-12,3종,31801
151,북대전,2014-12,4종,19787
151,북대전,2014-12,5종,18118
151,북대전,2014-12,6종,38026
152,유성,2014-12,1종,991593
152,유성,2014-12,2종,24277
152,유성,2014-12,3종,37660
152,유성,2014-12,4종,18397
152,유성,2014-12,5종,14133
152,유성,2014-12,6종,47418
153,서대전,2014-12,1종,658179
153,서대전,2014-12,2종,21127
153,서대전,2014-12,3종,19669
153,서대전,2014-12,4종,17237
153,서대전,2014-12,5종,15374
153,서대전,2014-12,6종,38341
154,안영,2014-12,1종,385974
154,안영,2014-12,2종,16253
154,안영,2014-12,3종,11634
154,안영,2014-12,4종,7318
154,안영,2014-12,5종,9297
154,안영,2014-12,6종,20397
155,논산,2014-12,1종,195649
155,논산,2014-12,2종,16591
155,논산,2014-12,3종,15857
155,논산,2014-12,4종,11530
155,논산,2014-12,5종,10915
155,논산,2014-12,6종,10920
156,익산,2014-12,1종,265074
156,익산,2014-12,2종,22704
156,익산,2014-12,3종,28831
156,익산,2014-12,4종,21114
156,익산,2014-12,5종,28512
156,익산,2014-12,6종,8689
157,삼례,2014-12,1종,102319
157,삼례,2014-12,2종,7439
157,삼례,2014-12,3종,8401
157,삼례,2014-12,4종,6746
157,삼례,2014-12,5종,10229
157,삼례,2014-12,6종,3071
158,전주,2014-12,1종,422750
158,전주,2014-12,2종,19101
158,전주,2014-12,3종,51913
158,전주,2014-12,4종,21993
158,전주,2014-12,5종,43129
158,전주,2014-12,6종,12660
159,서전주,2014-12,1종,266635
159,서전주,2014-12,2종,12560
159,서전주,2014-12,3종,12609
159,서전주,2014-12,4종,8026
159,서전주,2014-12,5종,8030
159,서전주,2014-12,6종,7951
160,김제,2014-12,1종,109433
160,김제,2014-12,2종,6685
160,김제,2014-12,3종,9456
160,김제,2014-12,4종,4444
160,김제,2014-12,5종,4807
160,김제,2014-12,6종,3385
161,금산사,2014-12,1종,28606
161,금산사,2014-12,2종,1865
161,금산사,2014-12,3종,1872
161,금산사,2014-12,4종,690
161,금산사,2014-12,5종,1988
161,금산사,2014-12,6종,838
162,태인,2014-12,1종,73504
162,태인,2014-12,2종,5452
162,태인,2014-12,3종,9692
162,태인,2014-12,4종,5670
162,태인,2014-12,5종,5607
162,태인,2014-12,6종,2070
163,정읍,2014-12,1종,222041
163,정읍,2014-12,2종,14261
163,정읍,2014-12,3종,21665
163,정읍,2014-12,4종,12355
163,정읍,2014-12,5종,10279
163,정읍,2014-12,6종,6549
164,무주,2014-12,1종,165611
164,무주,2014-12,2종,3787
164,무주,2014-12,3종,5264
164,무주,2014-12,4종,3192
164,무주,2014-12,5종,2320
164,무주,2014-12,6종,5901
165,백양사,2014-12,1종,54598
165,백양사,2014-12,2종,1643
165,백양사,2014-12,3종,3341
165,백양사,2014-12,4종,1795
165,백양사,2014-12,5종,1384
165,백양사,2014-12,6종,1420
166,장성,2014-12,1종,149122
166,장성,2014-12,2종,11709
166,장성,2014-12,3종,16955
166,장성,2014-12,4종,12218
166,장성,2014-12,5종,13283
166,장성,2014-12,6종,5095
167,광주,2014-12,1종,924418
167,광주,2014-12,2종,36736
167,광주,2014-12,3종,79391
167,광주,2014-12,4종,45283
167,광주,2014-12,5종,30890
167,광주,2014-12,6종,27548
168,덕유산,2014-12,1종,106498
168,덕유산,2014-12,2종,1396
168,덕유산,2014-12,3종,3107
168,덕유산,2014-12,4종,934
168,덕유산,2014-12,5종,1350
168,덕유산,2014-12,6종,2712
169,장수,2014-12,1종,105978
169,장수,2014-12,2종,3404
169,장수,2014-12,3종,4744
169,장수,2014-12,4종,2900
169,장수,2014-12,5종,3094
169,장수,2014-12,6종,3171
170,서상,2014-12,1종,40051
170,서상,2014-12,2종,2021
170,서상,2014-12,3종,4610
170,서상,2014-12,4종,3717
170,서상,2014-12,5종,3028
170,서상,2014-12,6종,1320
171,마성,2014-12,1종,243638
171,마성,2014-12,2종,5710
171,마성,2014-12,3종,19417
171,마성,2014-12,4종,1448
171,마성,2014-12,5종,1153
171,마성,2014-12,6종,14849
172,용인,2014-12,1종,803947
172,용인,2014-12,2종,63285
172,용인,2014-12,3종,36245
172,용인,2014-12,4종,21494
172,용인,2014-12,5종,14963
172,용인,2014-12,6종,61554
173,양지,2014-12,1종,737480
173,양지,2014-12,2종,90942
173,양지,2014-12,3종,65495
173,양지,2014-12,4종,57040
173,양지,2014-12,5종,40353
173,양지,2014-12,6종,48157
174,춘천,2014-12,1종,651499
174,춘천,2014-12,2종,18307
174,춘천,2014-12,3종,25436
174,춘천,2014-12,4종,7254
174,춘천,2014-12,5종,6334
174,춘천,2014-12,6종,42199
175,덕평,2014-12,1종,362201
175,덕평,2014-12,2종,41061
175,덕평,2014-12,3종,27803
175,덕평,2014-12,4종,21788
175,덕평,2014-12,5종,11962
175,덕평,2014-12,6종,23913
176,이천,2014-12,1종,585329
176,이천,2014-12,2종,41201
176,이천,2014-12,3종,51374
176,이천,2014-12,4종,46786
176,이천,2014-12,5종,38513
176,이천,2014-12,6종,32889
177,여주,2014-12,1종,291933
177,여주,2014-12,2종,16598
177,여주,2014-12,3종,37258
177,여주,2014-12,4종,21147
177,여주,2014-12,5종,10711
177,여주,2014-12,6종,14967
178,문막,2014-12,1종,323125
178,문막,2014-12,2종,22045
178,문막,2014-12,3종,36953
178,문막,2014-12,4종,14670
178,문막,2014-12,5종,13836
178,문막,2014-12,6종,15167
179,홍천,2014-12,1종,281660
179,홍천,2014-12,2종,9357
179,홍천,2014-12,3종,15393
179,홍천,2014-12,4종,6687
179,홍천,2014-12,5종,5567
179,홍천,2014-12,6종,20954
180,원주,2014-12,1종,241138
180,원주,2014-12,2종,14864
180,원주,2014-12,3종,18599
180,원주,2014-12,4종,9231
180,원주,2014-12,5종,9209
180,원주,2014-12,6종,12429
181,새말,2014-12,1종,170720
181,새말,2014-12,2종,7029
181,새말,2014-12,3종,10968
181,새말,2014-12,4종,4243
181,새말,2014-12,5종,5268
181,새말,2014-12,6종,6662
182,둔내,2014-12,1종,123875
182,둔내,2014-12,2종,3213
182,둔내,2014-12,3종,6323
182,둔내,2014-12,4종,1935
182,둔내,2014-12,5종,1320
182,둔내,2014-12,6종,5511
183,면온,2014-12,1종,115384
183,면온,2014-12,2종,1854
183,면온,2014-12,3종,5929
183,면온,2014-12,4종,1345
183,면온,2014-12,5종,1493
183,면온,2014-12,6종,4491
184,대관령,2014-12,1종,209852
184,대관령,2014-12,2종,5520
184,대관령,2014-12,3종,18958
184,대관령,2014-12,4종,1802
184,대관령,2014-12,5종,2221
184,대관령,2014-12,6종,9737
185,평창,2014-12,1종,103869
185,평창,2014-12,2종,3670
185,평창,2014-12,3종,12659
185,평창,2014-12,4종,1909
185,평창,2014-12,5종,3229
185,평창,2014-12,6종,4962
186,속사,2014-12,1종,27714
186,속사,2014-12,2종,932
186,속사,2014-12,3종,1167
186,속사,2014-12,4종,1216
186,속사,2014-12,5종,877
186,속사,2014-12,6종,1161
187,진부,2014-12,1종,131774
187,진부,2014-12,2종,4296
187,진부,2014-12,3종,10844
187,진부,2014-12,4종,1864
187,진부,2014-12,5종,2355
187,진부,2014-12,6종,6154
188,서충주,2014-12,1종,80637
188,서충주,2014-12,2종,5219
188,서충주,2014-12,3종,8661
188,서충주,2014-12,4종,6150
188,서충주,2014-12,5종,6844
188,서충주,2014-12,6종,3686
189,강릉,2014-12,1종,455252
189,강릉,2014-12,2종,13528
189,강릉,2014-12,3종,41210
189,강릉,2014-12,4종,9302
189,강릉,2014-12,5종,11862
189,강릉,2014-12,6종,23384
190,동서울,2014-12,1종,3130705
190,동서울,2014-12,2종,191947
190,동서울,2014-12,3종,218888
190,동서울,2014-12,4종,101913
190,동서울,2014-12,5종,60769
190,동서울,2014-12,6종,157043
191,경기광주,2014-12,1종,758159
191,경기광주,2014-12,2종,45545
191,경기광주,2014-12,3종,34836
191,경기광주,2014-12,4종,12584
191,경기광주,2014-12,5종,5700
191,경기광주,2014-12,6종,55212
192,곤지암,2014-12,1종,760108
192,곤지암,2014-12,2종,73113
192,곤지암,2014-12,3종,46996
192,곤지암,2014-12,4종,36448
192,곤지암,2014-12,5종,21020
192,곤지암,2014-12,6종,46181
193,일죽,2014-12,1종,361222
193,일죽,2014-12,2종,36431
193,일죽,2014-12,3종,38550
193,일죽,2014-12,4종,31526
193,일죽,2014-12,5종,18391
193,일죽,2014-12,6종,16249
194,서이천,2014-12,1종,489329
194,서이천,2014-12,2종,63944
194,서이천,2014-12,3종,50532
194,서이천,2014-12,4종,34809
194,서이천,2014-12,5종,13997
194,서이천,2014-12,6종,29275
195,대소,2014-12,1종,279361
195,대소,2014-12,2종,43279
195,대소,2014-12,3종,43694
195,대소,2014-12,4종,33211
195,대소,2014-12,5종,22076
195,대소,2014-12,6종,12863
196,진천,2014-12,1종,228187
196,진천,2014-12,2종,17011
196,진천,2014-12,3종,19506
196,진천,2014-12,4종,16879
196,진천,2014-12,5종,16614
196,진천,2014-12,6종,10494
197,증평,2014-12,1종,318283
197,증평,2014-12,2종,21183
197,증평,2014-12,3종,25090
197,증평,2014-12,4종,17419
197,증평,2014-12,5종,17449
197,증평,2014-12,6종,13942
198,서청주,2014-12,1종,794820
198,서청주,2014-12,2종,34007
198,서청주,2014-12,3종,43865
198,서청주,2014-12,4종,28931
198,서청주,2014-12,5종,21040
198,서청주,2014-12,6종,39691
199,오창,2014-12,1종,509910
199,오창,2014-12,2종,21978
199,오창,2014-12,3종,32870
199,오창,2014-12,4종,17429
199,오창,2014-12,5종,17233
199,오창,2014-12,6종,25827
200,금산,2014-12,1종,121371
200,금산,2014-12,2종,4057
200,금산,2014-12,3종,6502
200,금산,2014-12,4종,5093
200,금산,2014-12,5종,6859
200,금산,2014-12,6종,5399
201,칠곡,2014-12,1종,592961
201,칠곡,2014-12,2종,24945
201,칠곡,2014-12,3종,20122
201,칠곡,2014-12,4종,8715
201,칠곡,2014-12,5종,13459
201,칠곡,2014-12,6종,30712
202,다부,2014-12,1종,106214
202,다부,2014-12,2종,7281
202,다부,2014-12,3종,5043
202,다부,2014-12,4종,2817
202,다부,2014-12,5종,6274
202,다부,2014-12,6종,4275
203,가산,2014-12,1종,498500
203,가산,2014-12,2종,21236
203,가산,2014-12,3종,20812
203,가산,2014-12,4종,13210
203,가산,2014-12,5종,32820
203,가산,2014-12,6종,21853
204,추부,2014-12,1종,160789
204,추부,2014-12,2종,8364
204,추부,2014-12,3종,9404
204,추부,2014-12,4종,5830
204,추부,2014-12,5종,4742
204,추부,2014-12,6종,9038
205,군위,2014-12,1종,129825
205,군위,2014-12,2종,5422
205,군위,2014-12,3종,3982
205,군위,2014-12,4종,3263
205,군위,2014-12,5종,10196
205,군위,2014-12,6종,6014
206,의성,2014-12,1종,146986
206,의성,2014-12,2종,4316
206,의성,2014-12,3종,4274
206,의성,2014-12,4종,2147
206,의성,2014-12,5종,4139
206,의성,2014-12,6종,5208
207,남안동,2014-12,1종,253858
207,남안동,2014-12,2종,8086
207,남안동,2014-12,3종,6494
207,남안동,2014-12,4종,4578
207,남안동,2014-12,5종,7206
207,남안동,2014-12,6종,8977
208,서안동,2014-12,1종,172656
208,서안동,2014-12,2종,6300
208,서안동,2014-12,3종,15884
208,서안동,2014-12,4종,3720
208,서안동,2014-12,5종,7191
208,서안동,2014-12,6종,5737
209,예천,2014-12,1종,19912
209,예천,2014-12,2종,485
209,예천,2014-12,3종,375
209,예천,2014-12,4종,291
209,예천,2014-12,5종,524
209,예천,2014-12,6종,650
210,영주,2014-12,1종,118898
210,영주,2014-12,2종,5056
210,영주,2014-12,3종,7027
210,영주,2014-12,4종,3664
210,영주,2014-12,5종,11740
210,영주,2014-12,6종,3941
211,풍기,2014-12,1종,161645
211,풍기,2014-12,2종,5413
211,풍기,2014-12,3종,13184
211,풍기,2014-12,4종,3959
211,풍기,2014-12,5종,6673
211,풍기,2014-12,6종,5529
212,북수원,2014-12,1종,1251229
212,북수원,2014-12,2종,42129
212,북수원,2014-12,3종,56305
212,북수원,2014-12,4종,24538
212,북수원,2014-12,5종,17105
212,북수원,2014-12,6종,79773
213,부곡,2014-12,1종,367669
213,부곡,2014-12,2종,11499
213,부곡,2014-12,3종,8924
213,부곡,2014-12,4종,16431
213,부곡,2014-12,5종,70273
213,부곡,2014-12,6종,25835
214,동군포,2014-12,1종,216666
214,동군포,2014-12,2종,25931
214,동군포,2014-12,3종,16227
214,동군포,2014-12,4종,38043
214,동군포,2014-12,5종,19054
214,동군포,2014-12,6종,17016
215,군포,2014-12,1종,993737
215,군포,2014-12,2종,49385
215,군포,2014-12,3종,41344
215,군포,2014-12,4종,19680
215,군포,2014-12,5종,26734
215,군포,2014-12,6종,77238
216,횡성,2014-12,1종,162730
216,횡성,2014-12,2종,6636
216,횡성,2014-12,3종,8733
216,횡성,2014-12,4종,3829
216,횡성,2014-12,5종,6445
216,횡성,2014-12,6종,8049
217,북원주,2014-12,1종,65007
217,북원주,2014-12,2종,5907
217,북원주,2014-12,3종,3839
217,북원주,2014-12,4종,2265
217,북원주,2014-12,5종,3996
217,북원주,2014-12,6종,4610
218,남원주,2014-12,1종,534520
218,남원주,2014-12,2종,16129
218,남원주,2014-12,3종,27559
218,남원주,2014-12,4종,7948
218,남원주,2014-12,5종,7398
218,남원주,2014-12,6종,28329
219,신림,2014-12,1종,76782
219,신림,2014-12,2종,2733
219,신림,2014-12,3종,2616
219,신림,2014-12,4종,2981
219,신림,2014-12,5종,5618
219,신림,2014-12,6종,3443
220,덕평휴게소,2014-12,1종,4586
220,덕평휴게소,2014-12,2종,160
220,덕평휴게소,2014-12,3종,52
220,덕평휴게소,2014-12,4종,0
220,덕평휴게소,2014-12,5종,0
220,덕평휴게소,2014-12,6종,381
221,생초,2014-12,1종,55458
221,생초,2014-12,2종,2532
221,생초,2014-12,3종,2625
221,생초,2014-12,4종,2200
221,생초,2014-12,5종,8331
221,생초,2014-12,6종,2037
222,산청,2014-12,1종,49954
222,산청,2014-12,2종,1944
222,산청,2014-12,3종,2248
222,산청,2014-12,4종,1260
222,산청,2014-12,5종,2235
222,산청,2014-12,6종,2101
223,단성,2014-12,1종,94435
223,단성,2014-12,2종,2896
223,단성,2014-12,3종,5582
223,단성,2014-12,4종,3672
223,단성,2014-12,5종,5073
223,단성,2014-12,6종,3675
224,함양,2014-12,1종,93269
224,함양,2014-12,2종,3379
224,함양,2014-12,3종,7413
224,함양,2014-12,4종,1673
224,함양,2014-12,5종,2785
224,함양,2014-12,6종,4387
225,서진주,2014-12,1종,316439
225,서진주,2014-12,2종,8184
225,서진주,2014-12,3종,6181
225,서진주,2014-12,4종,3269
225,서진주,2014-12,5종,5210
225,서진주,2014-12,6종,19311
227,군산,2014-12,1종,238900
227,군산,2014-12,2종,8702
227,군산,2014-12,3종,17464
227,군산,2014-12,4종,15097
227,군산,2014-12,5종,38142
227,군산,2014-12,6종,7184
228,동군산,2014-12,1종,208623
228,동군산,2014-12,2종,8764
228,동군산,2014-12,3종,14777
228,동군산,2014-12,4종,10076
228,동군산,2014-12,5종,22076
228,동군산,2014-12,6종,5487
229,북천안,2014-12,1종,348087
229,북천안,2014-12,2종,29681
229,북천안,2014-12,3종,36818
229,북천안,2014-12,4종,40409
229,북천안,2014-12,5종,44617
229,북천안,2014-12,6종,20069
230,팔공산,2014-12,1종,649822
230,팔공산,2014-12,2종,24640
230,팔공산,2014-12,3종,14233
230,팔공산,2014-12,4종,8482
230,팔공산,2014-12,5종,11035
230,팔공산,2014-12,6종,31756
231,화원옥포,2014-12,1종,584678
231,화원옥포,2014-12,2종,33079
231,화원옥포,2014-12,3종,20820
231,화원옥포,2014-12,4종,11245
231,화원옥포,2014-12,5종,13928
231,화원옥포,2014-12,6종,30750
232,달성,2014-12,1종,332442
232,달성,2014-12,2종,21048
232,달성,2014-12,3종,23406
232,달성,2014-12,4종,6559
232,달성,2014-12,5종,6060
232,달성,2014-12,6종,22318
233,현풍,2014-12,1종,389936
233,현풍,2014-12,2종,31743
233,현풍,2014-12,3종,27438
233,현풍,2014-12,4종,21633
233,현풍,2014-12,5종,40439
233,현풍,2014-12,6종,18838
234,서천,2014-12,1종,98506
234,서천,2014-12,2종,4001
234,서천,2014-12,3종,5137
234,서천,2014-12,4종,5398
234,서천,2014-12,5종,5747
234,서천,2014-12,6종,3408
235,창녕,2014-12,1종,153650
235,창녕,2014-12,2종,7186
235,창녕,2014-12,3종,8586
235,창녕,2014-12,4종,4001
235,창녕,2014-12,5종,8537
235,창녕,2014-12,6종,8500
236,영산,2014-12,1종,156522
236,영산,2014-12,2종,10244
236,영산,2014-12,3종,10224
236,영산,2014-12,4종,7671
236,영산,2014-12,5종,10550
236,영산,2014-12,6종,7467
237,남지,2014-12,1종,139802
237,남지,2014-12,2종,8301
237,남지,2014-12,3종,11906
237,남지,2014-12,4종,7287
237,남지,2014-12,5종,14946
237,남지,2014-12,6종,9896
238,칠서,2014-12,1종,236432
238,칠서,2014-12,2종,27826
238,칠서,2014-12,3종,15928
238,칠서,2014-12,4종,19830
238,칠서,2014-12,5종,35646
238,칠서,2014-12,6종,16296
239,칠원,2014-12,1종,569436
239,칠원,2014-12,2종,26238
239,칠원,2014-12,3종,46447
239,칠원,2014-12,4종,33872
239,칠원,2014-12,5종,37260
239,칠원,2014-12,6종,30312
240,제천,2014-12,1종,430966
240,제천,2014-12,2종,14172
240,제천,2014-12,3종,25859
240,제천,2014-12,4종,11329
240,제천,2014-12,5종,18684
240,제천,2014-12,6종,18310
241,동고령,2014-12,1종,268606
241,동고령,2014-12,2종,18121
241,동고령,2014-12,3종,16959
241,동고령,2014-12,4종,13813
241,동고령,2014-12,5종,18706
241,동고령,2014-12,6종,12265
242,고령,2014-12,1종,177673
242,고령,2014-12,2종,10328
242,고령,2014-12,3종,8961
242,고령,2014-12,4종,6950
242,고령,2014-12,5종,21798
242,고령,2014-12,6종,7635
243,해인사,2014-12,1종,84534
243,해인사,2014-12,2종,2709
243,해인사,2014-12,3종,2411
243,해인사,2014-12,4종,1187
243,해인사,2014-12,5종,3342
243,해인사,2014-12,6종,4011
244,서부산,2014-12,1종,1510507
244,서부산,2014-12,2종,50556
244,서부산,2014-12,3종,82061
244,서부산,2014-12,4종,38981
244,서부산,2014-12,5종,95719
244,서부산,2014-12,6종,83105
245,장유,2014-12,1종,1342379
245,장유,2014-12,2종,40787
245,장유,2014-12,3종,53752
245,장유,2014-12,4종,22778
245,장유,2014-12,5종,38517
245,장유,2014-12,6종,93185
246,가락,2014-12,1종,47007
246,가락,2014-12,2종,7066
246,가락,2014-12,3종,6588
246,가락,2014-12,4종,15932
246,가락,2014-12,5종,48408
246,가락,2014-12,6종,1569
247,남원,2014-12,1종,128001
247,남원,2014-12,2종,5599
247,남원,2014-12,3종,7186
247,남원,2014-12,4종,3311
247,남원,2014-12,5종,10058
247,남원,2014-12,6종,4917
248,순창,2014-12,1종,106798
248,순창,2014-12,2종,3854
248,순창,2014-12,3종,3663
248,순창,2014-12,4종,2681
248,순창,2014-12,5종,3716
248,순창,2014-12,6종,4112
249,담양,2014-12,1종,128099
249,담양,2014-12,2종,4102
249,담양,2014-12,3종,13563
249,담양,2014-12,4종,2861
249,담양,2014-12,5종,4377
249,담양,2014-12,6종,4589
250,남양산,2014-12,1종,1067126
250,남양산,2014-12,2종,48360
250,남양산,2014-12,3종,41178
250,남양산,2014-12,4종,27422
250,남양산,2014-12,5종,39988
250,남양산,2014-12,6종,82805
251,물금,2014-12,1종,442920
251,물금,2014-12,2종,43555
251,물금,2014-12,3종,16654
251,물금,2014-12,4종,36529
251,물금,2014-12,5종,71543
251,물금,2014-12,6종,31918
252,대동,2014-12,1종,2001343
252,대동,2014-12,2종,134922
252,대동,2014-12,3종,102284
252,대동,2014-12,4종,95235
252,대동,2014-12,5종,260181
252,대동,2014-12,6종,101563
253,서서울,2014-12,1종,4851402
253,서서울,2014-12,2종,209806
253,서서울,2014-12,3종,169687
253,서서울,2014-12,4종,138142
253,서서울,2014-12,5종,118345
253,서서울,2014-12,6종,301779
254,군자,2014-12,1종,2263672
254,군자,2014-12,2종,115774
254,군자,2014-12,3종,111912
254,군자,2014-12,4종,85236
254,군자,2014-12,5종,156043
254,군자,2014-12,6종,160387
255,서안산,2014-12,1종,1729433
255,서안산,2014-12,2종,100378
255,서안산,2014-12,3종,72410
255,서안산,2014-12,4종,51322
255,서안산,2014-12,5종,57161
255,서안산,2014-12,6종,135384
256,안산,2014-12,1종,855663
256,안산,2014-12,2종,25676
256,안산,2014-12,3종,20969
256,안산,2014-12,4종,6446
256,안산,2014-12,5종,6831
256,안산,2014-12,6종,66883
257,홍성,2014-12,1종,158359
257,홍성,2014-12,2종,4993
257,홍성,2014-12,3종,7742
257,홍성,2014-12,4종,3808
257,홍성,2014-12,5종,4147
257,홍성,2014-12,6종,5472
258,광천,2014-12,1종,111105
258,광천,2014-12,2종,6168
258,광천,2014-12,3종,8736
258,광천,2014-12,4종,6269
258,광천,2014-12,5종,10358
258,광천,2014-12,6종,3736
259,대천,2014-12,1종,204782
259,대천,2014-12,2종,6451
259,대천,2014-12,3종,10384
259,대천,2014-12,4종,4247
259,대천,2014-12,5종,4905
259,대천,2014-12,6종,7280
260,춘장대,2014-12,1종,39020
260,춘장대,2014-12,2종,1263
260,춘장대,2014-12,3종,1627
260,춘장대,2014-12,4종,1478
260,춘장대,2014-12,5종,1744
260,춘장대,2014-12,6종,1232
261,동광주,2014-12,1종,961835
261,동광주,2014-12,2종,30295
261,동광주,2014-12,3종,59871
261,동광주,2014-12,4종,23754
261,동광주,2014-12,5종,44265
261,동광주,2014-12,6종,31980
262,창평,2014-12,1종,83138
262,창평,2014-12,2종,4819
262,창평,2014-12,3종,2856
262,창평,2014-12,4종,2587
262,창평,2014-12,5종,1573
262,창평,2014-12,6종,2742
263,옥과,2014-12,1종,179907
263,옥과,2014-12,2종,4132
263,옥과,2014-12,3종,10023
263,옥과,2014-12,4종,4058
263,옥과,2014-12,5종,4392
263,옥과,2014-12,6종,7126
264,동남원,2014-12,1종,49579
264,동남원,2014-12,2종,1677
264,동남원,2014-12,3종,2722
264,동남원,2014-12,4종,988
264,동남원,2014-12,5종,1776
264,동남원,2014-12,6종,1598
265,곡성,2014-12,1종,129338
265,곡성,2014-12,2종,4093
265,곡성,2014-12,3종,4931
265,곡성,2014-12,4종,2720
265,곡성,2014-12,5종,6327
265,곡성,2014-12,6종,4987
266,석곡,2014-12,1종,40019
266,석곡,2014-12,2종,1213
266,석곡,2014-12,3종,1890
266,석곡,2014-12,4종,1133
266,석곡,2014-12,5종,1327
266,석곡,2014-12,6종,1526
267,주암송광사,2014-12,1종,107629
267,주암송광사,2014-12,2종,3426
267,주암송광사,2014-12,3종,2984
267,주암송광사,2014-12,4종,3351
267,주암송광사,2014-12,5종,5008
267,주암송광사,2014-12,6종,3466
268,승주,2014-12,1종,58759
268,승주,2014-12,2종,1287
268,승주,2014-12,3종,1570
268,승주,2014-12,4종,1055
268,승주,2014-12,5종,805
268,승주,2014-12,6종,2734
269,지리산,2014-12,1종,41569
269,지리산,2014-12,2종,1589
269,지리산,2014-12,3종,2193
269,지리산,2014-12,4종,1457
269,지리산,2014-12,5종,1187
269,지리산,2014-12,6종,1459
270,서순천,2014-12,1종,152107
270,서순천,2014-12,2종,5709
270,서순천,2014-12,3종,10727
270,서순천,2014-12,4종,2344
270,서순천,2014-12,5종,4924
270,서순천,2014-12,6종,5512
271,순천,2014-12,1종,533052
271,순천,2014-12,2종,16624
271,순천,2014-12,3종,16199
271,순천,2014-12,4종,10683
271,순천,2014-12,5종,36564
271,순천,2014-12,6종,17849
272,광양,2014-12,1종,279147
272,광양,2014-12,2종,10775
272,광양,2014-12,3종,23766
272,광양,2014-12,4종,19580
272,광양,2014-12,5종,62231
272,광양,2014-12,6종,9190
273,동광양,2014-12,1종,137517
273,동광양,2014-12,2종,2862
273,동광양,2014-12,3종,3101
273,동광양,2014-12,4종,4156
273,동광양,2014-12,5종,25010
273,동광양,2014-12,6종,6050
274,가조,2014-12,1종,63159
274,가조,2014-12,2종,2537
274,가조,2014-12,3종,3222
274,가조,2014-12,4종,2022
274,가조,2014-12,5종,2305
274,가조,2014-12,6종,3932
275,옥곡,2014-12,1종,164107
275,옥곡,2014-12,2종,5439
275,옥곡,2014-12,3종,8577
275,옥곡,2014-12,4종,9364
275,옥곡,2014-12,5종,39306
275,옥곡,2014-12,6종,7574
276,진월,2014-12,1종,80798
276,진월,2014-12,2종,2560
276,진월,2014-12,3종,1947
276,진월,2014-12,4종,7148
276,진월,2014-12,5종,44257
276,진월,2014-12,6종,3057
277,하동,2014-12,1종,190314
277,하동,2014-12,2종,5371
277,하동,2014-12,3종,7179
277,하동,2014-12,4종,10685
277,하동,2014-12,5종,37876
277,하동,2014-12,6종,8834
278,진교,2014-12,1종,164587
278,진교,2014-12,2종,4297
278,진교,2014-12,3종,13891
278,진교,2014-12,4종,1638
278,진교,2014-12,5종,4948
278,진교,2014-12,6종,9950
279,곤양,2014-12,1종,121249
279,곤양,2014-12,2종,3672
279,곤양,2014-12,3종,6342
279,곤양,2014-12,4종,3261
279,곤양,2014-12,5종,9452
279,곤양,2014-12,6종,5961
280,거창,2014-12,1종,171279
280,거창,2014-12,2종,7515
280,거창,2014-12,3종,15001
280,거창,2014-12,4종,3248
280,거창,2014-12,5종,4839
280,거창,2014-12,6종,8558
281,매송,2014-12,1종,487471
281,매송,2014-12,2종,25811
281,매송,2014-12,3종,25143
281,매송,2014-12,4종,12272
281,매송,2014-12,5종,18000
281,매송,2014-12,6종,28745
282,비봉,2014-12,1종,707526
282,비봉,2014-12,2종,50550
282,비봉,2014-12,3종,27444
282,비봉,2014-12,4종,19757
282,비봉,2014-12,5종,29684
282,비봉,2014-12,6종,44867
283,발안,2014-12,1종,447603
283,발안,2014-12,2종,28554
283,발안,2014-12,3종,24858
283,발안,2014-12,4종,19132
283,발안,2014-12,5종,18496
283,발안,2014-12,6종,28242
284,남양양,2014-12,1종,46602
284,남양양,2014-12,2종,1569
284,남양양,2014-12,3종,2032
284,남양양,2014-12,4종,492
284,남양양,2014-12,5종,1131
284,남양양,2014-12,6종,1485
285,서평택,2014-12,1종,541552
285,서평택,2014-12,2종,42194
285,서평택,2014-12,3종,54647
285,서평택,2014-12,4종,69536
285,서평택,2014-12,5종,129464
285,서평택,2014-12,6종,31476
286,통도사휴게소,2014-12,1종,30905
286,통도사휴게소,2014-12,2종,271
286,통도사휴게소,2014-12,3종,1749
286,통도사휴게소,2014-12,4종,1
286,통도사휴게소,2014-12,5종,0
286,통도사휴게소,2014-12,6종,1546
287,송악,2014-12,1종,413214
287,송악,2014-12,2종,18399
287,송악,2014-12,3종,20176
287,송악,2014-12,4종,27100
287,송악,2014-12,5종,109968
287,송악,2014-12,6종,19815
288,당진,2014-12,1종,387434
288,당진,2014-12,2종,16204
288,당진,2014-12,3종,25879
288,당진,2014-12,4종,15224
288,당진,2014-12,5종,42169
288,당진,2014-12,6종,18203
289,마산,2014-12,1종,869396
289,마산,2014-12,2종,28888
289,마산,2014-12,3종,39792
289,마산,2014-12,4종,15301
289,마산,2014-12,5종,20599
289,마산,2014-12,6종,52224
290,축동,2014-12,1종,45930
290,축동,2014-12,2종,3108
290,축동,2014-12,3종,1913
290,축동,2014-12,4종,5643
290,축동,2014-12,5종,10782
290,축동,2014-12,6종,2872
291,사천,2014-12,1종,677106
291,사천,2014-12,2종,29957
291,사천,2014-12,3종,28720
291,사천,2014-12,4종,17658
291,사천,2014-12,5종,29881
291,사천,2014-12,6종,45472
292,진주,2014-12,1종,714203
292,진주,2014-12,2종,24165
292,진주,2014-12,3종,51490
292,진주,2014-12,4종,15751
292,진주,2014-12,5종,31379
292,진주,2014-12,6종,47707
293,문산,2014-12,1종,320714
293,문산,2014-12,2종,12776
293,문산,2014-12,3종,8751
293,문산,2014-12,4종,6579
293,문산,2014-12,5종,10235
293,문산,2014-12,6종,20455
294,북창원,2014-12,1종,247608
294,북창원,2014-12,2종,9073
294,북창원,2014-12,3종,5594
294,북창원,2014-12,4종,6724
294,북창원,2014-12,5종,13533
294,북창원,2014-12,6종,12965
295,진성,2014-12,1종,136377
295,진성,2014-12,2종,8689
295,진성,2014-12,3종,6171
295,진성,2014-12,4종,6115
295,진성,2014-12,5종,14096
295,진성,2014-12,6종,6917
296,지수,2014-12,1종,52773
296,지수,2014-12,2종,2985
296,지수,2014-12,3종,2257
296,지수,2014-12,4종,1210
296,지수,2014-12,5종,4296
296,지수,2014-12,6종,3816
297,동충주,2014-12,1종,154719
297,동충주,2014-12,2종,6307
297,동충주,2014-12,3종,11156
297,동충주,2014-12,4종,13126
297,동충주,2014-12,5종,38011
297,동충주,2014-12,6종,5443
298,서산,2014-12,1종,423893
298,서산,2014-12,2종,16216
298,서산,2014-12,3종,33356
298,서산,2014-12,4종,25859
298,서산,2014-12,5종,44168
298,서산,2014-12,6종,16827
299,해미,2014-12,1종,118482
299,해미,2014-12,2종,5187
299,해미,2014-12,3종,8023
299,해미,2014-12,4종,6016
299,해미,2014-12,5종,10926
299,해미,2014-12,6종,4697
500,남여주,2014-12,1종,133618
500,남여주,2014-12,2종,7277
500,남여주,2014-12,3종,9787
500,남여주,2014-12,4종,7682
500,남여주,2014-12,5종,12852
500,남여주,2014-12,6종,6211
501,서김제,2014-12,1종,43098
501,서김제,2014-12,2종,2443
501,서김제,2014-12,3종,4197
501,서김제,2014-12,4종,2862
501,서김제,2014-12,5종,3139
501,서김제,2014-12,6종,1073
502,부안,2014-12,1종,83877
502,부안,2014-12,2종,4249
502,부안,2014-12,3종,8538
502,부안,2014-12,4종,3222
502,부안,2014-12,5종,3866
502,부안,2014-12,6종,2158
503,줄포,2014-12,1종,50971
503,줄포,2014-12,2종,1743
503,줄포,2014-12,3종,2720
503,줄포,2014-12,4종,2037
503,줄포,2014-12,5종,1150
503,줄포,2014-12,6종,1101
504,선운산,2014-12,1종,79160
504,선운산,2014-12,2종,3692
504,선운산,2014-12,3종,8862
504,선운산,2014-12,4종,7702
504,선운산,2014-12,5종,5419
504,선운산,2014-12,6종,2025
505,고창,2014-12,1종,72131
505,고창,2014-12,2종,3119
505,고창,2014-12,3종,4060
505,고창,2014-12,4종,2504
505,고창,2014-12,5종,1339
505,고창,2014-12,6종,1879
506,영광,2014-12,1종,64919
506,영광,2014-12,2종,3130
506,영광,2014-12,3종,6138
506,영광,2014-12,4종,2616
506,영광,2014-12,5종,1748
506,영광,2014-12,6종,1512
507,함평,2014-12,1종,49064
507,함평,2014-12,2종,2297
507,함평,2014-12,3종,6601
507,함평,2014-12,4종,4063
507,함평,2014-12,5종,5371
507,함평,2014-12,6종,1201
508,무안,2014-12,1종,173339
508,무안,2014-12,2종,5346
508,무안,2014-12,3종,7359
508,무안,2014-12,4종,4533
508,무안,2014-12,5종,4557
508,무안,2014-12,6종,5030
509,목포,2014-12,1종,688697
509,목포,2014-12,2종,18971
509,목포,2014-12,3종,39744
509,목포,2014-12,4종,29838
509,목포,2014-12,5종,43202
509,목포,2014-12,6종,18316
510,양양,2014-12,1종,70013
510,양양,2014-12,2종,2523
510,양양,2014-12,3종,2609
510,양양,2014-12,4종,1215
510,양양,2014-12,5종,3343
510,양양,2014-12,6종,2897
511,무창포,2014-12,1종,56939
511,무창포,2014-12,2종,2505
511,무창포,2014-12,3종,2704
511,무창포,2014-12,4종,2238
511,무창포,2014-12,5종,4652
511,무창포,2014-12,6종,1440
512,연화산,2014-12,1종,39489
512,연화산,2014-12,2종,1432
512,연화산,2014-12,3종,1203
512,연화산,2014-12,4종,1319
512,연화산,2014-12,5종,2231
512,연화산,2014-12,6종,2547
513,고성,2014-12,1종,372320
513,고성,2014-12,2종,13806
513,고성,2014-12,3종,17261
513,고성,2014-12,4종,10517
513,고성,2014-12,5종,17336
513,고성,2014-12,6종,20164
514,동고성,2014-12,1종,99435
514,동고성,2014-12,2종,4310
514,동고성,2014-12,3종,5795
514,동고성,2014-12,4종,8420
514,동고성,2014-12,5종,14641
514,동고성,2014-12,6종,8122
515,북통영,2014-12,1종,155113
515,북통영,2014-12,2종,3933
515,북통영,2014-12,3종,11289
515,북통영,2014-12,4종,2188
515,북통영,2014-12,5종,2512
515,북통영,2014-12,6종,8636
516,통영,2014-12,1종,559888
516,통영,2014-12,2종,18968
516,통영,2014-12,3종,25359
516,통영,2014-12,4종,18229
516,통영,2014-12,5종,26475
516,통영,2014-12,6종,28439
517,양평,2014-12,1종,147757
517,양평,2014-12,2종,5942
517,양평,2014-12,3종,5829
517,양평,2014-12,4종,4666
517,양평,2014-12,5종,9995
517,양평,2014-12,6종,6531
518,칠곡물류,2014-12,1종,63078
518,칠곡물류,2014-12,2종,14275
518,칠곡물류,2014-12,3종,8724
518,칠곡물류,2014-12,4종,15543
518,칠곡물류,2014-12,5종,14750
518,칠곡물류,2014-12,6종,3423
519,남대구,2014-12,1종,1322104
519,남대구,2014-12,2종,60313
519,남대구,2014-12,3종,66851
519,남대구,2014-12,4종,24633
519,남대구,2014-12,5종,40962
519,남대구,2014-12,6종,68900
520,평택,2014-12,1종,547886
520,평택,2014-12,2종,32809
520,평택,2014-12,3종,46931
520,평택,2014-12,4종,22880
520,평택,2014-12,5종,29995
520,평택,2014-12,6종,33696
521,단양,2014-12,1종,51258
521,단양,2014-12,2종,1707
521,단양,2014-12,3종,2372
521,단양,2014-12,4종,1297
521,단양,2014-12,5종,8936
521,단양,2014-12,6종,2091
522,북단양,2014-12,1종,81036
522,북단양,2014-12,2종,2474
522,북단양,2014-12,3종,2820
522,북단양,2014-12,4종,8375
522,북단양,2014-12,5종,30589
522,북단양,2014-12,6종,2897
523,남제천,2014-12,1종,66679
523,남제천,2014-12,2종,1997
523,남제천,2014-12,3종,4543
523,남제천,2014-12,4종,1039
523,남제천,2014-12,5종,3076
523,남제천,2014-12,6종,2015
524,청통와촌,2014-12,1종,218844
524,청통와촌,2014-12,2종,11503
524,청통와촌,2014-12,3종,7610
524,청통와촌,2014-12,4종,4767
524,청통와촌,2014-12,5종,6780
524,청통와촌,2014-12,6종,9312
525,북영천,2014-12,1종,169943
525,북영천,2014-12,2종,6220
525,북영천,2014-12,3종,5116
525,북영천,2014-12,4종,4233
525,북영천,2014-12,5종,6241
525,북영천,2014-12,6종,5314
526,서포항,2014-12,1종,100019
526,서포항,2014-12,2종,2218
526,서포항,2014-12,3종,2574
526,서포항,2014-12,4종,1282
526,서포항,2014-12,5종,2719
526,서포항,2014-12,6종,6295
527,포항,2014-12,1종,789361
527,포항,2014-12,2종,18895
527,포항,2014-12,3종,29305
527,포항,2014-12,4종,11134
527,포항,2014-12,5종,44887
527,포항,2014-12,6종,30008
528,기흥동탄,2014-12,1종,1126219
528,기흥동탄,2014-12,2종,29366
528,기흥동탄,2014-12,3종,74758
528,기흥동탄,2014-12,4종,19921
528,기흥동탄,2014-12,5종,20758
528,기흥동탄,2014-12,6종,67645
529,노포,2014-12,1종,219798
529,노포,2014-12,2종,12927
529,노포,2014-12,3종,40854
529,노포,2014-12,4종,6991
529,노포,2014-12,5종,10021
529,노포,2014-12,6종,11851
530,내장산,2014-12,1종,40685
530,내장산,2014-12,2종,1323
530,내장산,2014-12,3종,1035
530,내장산,2014-12,4종,972
530,내장산,2014-12,5종,530
530,내장산,2014-12,6종,1569
531,문의청남대,2014-12,1종,151643
531,문의청남대,2014-12,2종,6356
531,문의청남대,2014-12,3종,8018
531,문의청남대,2014-12,4종,5905
531,문의청남대,2014-12,5종,7922
531,문의청남대,2014-12,6종,6512
532,회인,2014-12,1종,33201
532,회인,2014-12,2종,1030
532,회인,2014-12,3종,922
532,회인,2014-12,4종,756
532,회인,2014-12,5종,933
532,회인,2014-12,6종,1613
533,보은,2014-12,1종,109394
533,보은,2014-12,2종,4671
533,보은,2014-12,3종,4607
533,보은,2014-12,4종,3493
533,보은,2014-12,5종,3698
533,보은,2014-12,6종,5182
534,속리산,2014-12,1종,42671
534,속리산,2014-12,2종,2301
534,속리산,2014-12,3종,2279
534,속리산,2014-12,4종,1647
534,속리산,2014-12,5종,1797
534,속리산,2014-12,6종,1904
535,화서,2014-12,1종,42969
535,화서,2014-12,2종,1425
535,화서,2014-12,3종,1712
535,화서,2014-12,4종,1505
535,화서,2014-12,5종,2073
535,화서,2014-12,6종,1995
536,남상주,2014-12,1종,106950
536,남상주,2014-12,2종,4767
536,남상주,2014-12,3종,9771
536,남상주,2014-12,4종,5790
536,남상주,2014-12,5종,4134
536,남상주,2014-12,6종,4460
537,남김천,2014-12,1종,66563
537,남김천,2014-12,2종,4898
537,남김천,2014-12,3종,5087
537,남김천,2014-12,4종,5502
537,남김천,2014-12,5종,12914
537,남김천,2014-12,6종,2638
538,성주,2014-12,1종,66488
538,성주,2014-12,2종,5731
538,성주,2014-12,3종,5061
538,성주,2014-12,4종,4947
538,성주,2014-12,5종,6918
538,성주,2014-12,6종,2500
539,남성주,2014-12,1종,47396
539,남성주,2014-12,2종,6381
539,남성주,2014-12,3종,3289
539,남성주,2014-12,4종,4729
539,남성주,2014-12,5종,6720
539,남성주,2014-12,6종,1786
540,청북,2014-12,1종,402667
540,청북,2014-12,2종,44557
540,청북,2014-12,3종,45892
540,청북,2014-12,4종,37629
540,청북,2014-12,5종,39044
540,청북,2014-12,6종,24816
541,송탄,2014-12,1종,378066
541,송탄,2014-12,2종,37055
541,송탄,2014-12,3종,35910
541,송탄,2014-12,4종,35288
541,송탄,2014-12,5종,24666
541,송탄,2014-12,6종,21617
542,서안성,2014-12,1종,321808
542,서안성,2014-12,2종,32154
542,서안성,2014-12,3종,44722
542,서안성,2014-12,4종,43160
542,서안성,2014-12,5종,30443
542,서안성,2014-12,6종,16181
543,남안성,2014-12,1종,460607
543,남안성,2014-12,2종,49593
543,남안성,2014-12,3종,46576
543,남안성,2014-12,4종,41035
543,남안성,2014-12,5종,38820
543,남안성,2014-12,6종,27908
544,완주,2014-12,1종,146516
544,완주,2014-12,2종,6149
544,완주,2014-12,3종,8417
544,완주,2014-12,4종,7563
544,완주,2014-12,5종,12422
544,완주,2014-12,6종,4785
545,소양,2014-12,1종,143688
545,소양,2014-12,2종,4533
545,소양,2014-12,3종,9276
545,소양,2014-12,4종,3169
545,소양,2014-12,5종,5326
545,소양,2014-12,6종,4802
546,진안,2014-12,1종,51725
546,진안,2014-12,2종,2274
546,진안,2014-12,3종,2871
546,진안,2014-12,4종,1910
546,진안,2014-12,5종,1103
546,진안,2014-12,6종,1865
547,무안공항,2014-12,1종,19960
547,무안공항,2014-12,2종,455
547,무안공항,2014-12,3종,1122
547,무안공항,2014-12,4종,319
547,무안공항,2014-12,5종,283
547,무안공항,2014-12,6종,784
548,북무안,2014-12,1종,87217
548,북무안,2014-12,2종,3671
548,북무안,2014-12,3종,4815
548,북무안,2014-12,4종,3560
548,북무안,2014-12,5종,2348
548,북무안,2014-12,6종,2083
549,동함평,2014-12,1종,146488
549,동함평,2014-12,2종,4066
549,동함평,2014-12,3종,4698
549,동함평,2014-12,4종,2227
549,동함평,2014-12,5종,2605
549,동함평,2014-12,6종,5672
550,문평,2014-12,1종,33499
550,문평,2014-12,2종,833
550,문평,2014-12,3종,1067
550,문평,2014-12,4종,977
550,문평,2014-12,5종,4201
550,문평,2014-12,6종,985
551,나주,2014-12,1종,52342
551,나주,2014-12,2종,1810
551,나주,2014-12,3종,1092
551,나주,2014-12,4종,812
551,나주,2014-12,5종,1316
551,나주,2014-12,6종,2590
552,서광산,2014-12,1종,105010
552,서광산,2014-12,2종,5446
552,서광산,2014-12,3종,6788
552,서광산,2014-12,4종,3708
552,서광산,2014-12,5종,5379
552,서광산,2014-12,6종,3198
553,동광산,2014-12,1종,767783
553,동광산,2014-12,2종,17450
553,동광산,2014-12,3종,29004
553,동광산,2014-12,4종,11725
553,동광산,2014-12,5종,24079
553,동광산,2014-12,6종,24872
554,동홍천,2014-12,1종,347212
554,동홍천,2014-12,2종,4978
554,동홍천,2014-12,3종,17593
554,동홍천,2014-12,4종,2828
554,동홍천,2014-12,5종,3356
554,동홍천,2014-12,6종,13412
555,북진천,2014-12,1종,267659
555,북진천,2014-12,2종,33218
555,북진천,2014-12,3종,33610
555,북진천,2014-12,4종,26080
555,북진천,2014-12,5종,26466
555,북진천,2014-12,6종,12942
556,동순천,2014-12,1종,227398
556,동순천,2014-12,2종,6147
556,동순천,2014-12,3종,13462
556,동순천,2014-12,4종,12488
556,동순천,2014-12,5종,42315
556,동순천,2014-12,6종,6447
557,황전,2014-12,1종,62862
557,황전,2014-12,2종,2100
557,황전,2014-12,3종,1235
557,황전,2014-12,4종,1150
557,황전,2014-12,5종,3007
557,황전,2014-12,6종,2792
558,구례화엄사,2014-12,1종,75551
558,구례화엄사,2014-12,2종,2816
558,구례화엄사,2014-12,3종,4261
558,구례화엄사,2014-12,4종,3264
558,구례화엄사,2014-12,5종,5074
558,구례화엄사,2014-12,6종,2324
559,서남원,2014-12,1종,38106
559,서남원,2014-12,2종,2568
559,서남원,2014-12,3종,2119
559,서남원,2014-12,4종,2583
559,서남원,2014-12,5종,5981
559,서남원,2014-12,6종,1300
560,감곡,2014-12,1종,258247
560,감곡,2014-12,2종,13843
560,감곡,2014-12,3종,14639
560,감곡,2014-12,4종,17369
560,감곡,2014-12,5종,34160
560,감곡,2014-12,6종,9569
561,북충주,2014-12,1종,113989
561,북충주,2014-12,2종,3938
561,북충주,2014-12,3종,4637
561,북충주,2014-12,4종,3274
561,북충주,2014-12,5종,4312
561,북충주,2014-12,6종,3988
562,충주,2014-12,1종,169570
562,충주,2014-12,2종,8044
562,충주,2014-12,3종,16571
562,충주,2014-12,4종,10206
562,충주,2014-12,5종,10303
562,충주,2014-12,6종,6832
563,괴산,2014-12,1종,61427
563,괴산,2014-12,2종,2037
563,괴산,2014-12,3종,3239
563,괴산,2014-12,4종,2893
563,괴산,2014-12,5종,5939
563,괴산,2014-12,6종,1910
564,연풍,2014-12,1종,41377
564,연풍,2014-12,2종,2899
564,연풍,2014-12,3종,6226
564,연풍,2014-12,4종,5760
564,연풍,2014-12,5종,6069
564,연풍,2014-12,6종,1146
565,문경새재,2014-12,1종,66883
565,문경새재,2014-12,2종,3117
565,문경새재,2014-12,3종,5236
565,문경새재,2014-12,4종,4236
565,문경새재,2014-12,5종,3730
565,문경새재,2014-12,6종,2048
566,점촌함창,2014-12,1종,120746
566,점촌함창,2014-12,2종,4685
566,점촌함창,2014-12,3종,10404
566,점촌함창,2014-12,4종,6164
566,점촌함창,2014-12,5종,7389
566,점촌함창,2014-12,6종,3829
567,남고창,2014-12,1종,95495
567,남고창,2014-12,2종,3525
567,남고창,2014-12,3종,3031
567,남고창,2014-12,4종,2334
567,남고창,2014-12,5종,2406
567,남고창,2014-12,6종,3684
568,장성물류,2014-12,1종,29820
568,장성물류,2014-12,2종,7409
568,장성물류,2014-12,3종,3707
568,장성물류,2014-12,4종,8372
568,장성물류,2014-12,5종,9593
568,장성물류,2014-12,6종,901
569,북광주,2014-12,1종,283489
569,북광주,2014-12,2종,17021
569,북광주,2014-12,3종,14033
569,북광주,2014-12,4종,18392
569,북광주,2014-12,5종,25986
569,북광주,2014-12,6종,9174
570,북상주,2014-12,1종,107710
570,북상주,2014-12,2종,6591
570,북상주,2014-12,3종,11167
570,북상주,2014-12,4종,11853
570,북상주,2014-12,5종,8972
570,북상주,2014-12,6종,3554
571,면천,2014-12,1종,78861
571,면천,2014-12,2종,3342
571,면천,2014-12,3종,3320
571,면천,2014-12,4종,4177
571,면천,2014-12,5종,4646
571,면천,2014-12,6종,2914
572,고덕,2014-12,1종,113182
572,고덕,2014-12,2종,4049
572,고덕,2014-12,3종,6176
572,고덕,2014-12,4종,3595
572,고덕,2014-12,5종,5667
572,고덕,2014-12,6종,4273
573,예산수덕사,2014-12,1종,268737
573,예산수덕사,2014-12,2종,11002
573,예산수덕사,2014-12,3종,10640
573,예산수덕사,2014-12,4종,9877
573,예산수덕사,2014-12,5종,11769
573,예산수덕사,2014-12,6종,9328
574,신양,2014-12,1종,68909
574,신양,2014-12,2종,3054
574,신양,2014-12,3종,2783
574,신양,2014-12,4종,2401
574,신양,2014-12,5종,2966
574,신양,2014-12,6종,2506
575,유구,2014-12,1종,70633
575,유구,2014-12,2종,3904
575,유구,2014-12,3종,3669
575,유구,2014-12,4종,4195
575,유구,2014-12,5종,4485
575,유구,2014-12,6종,2678
576,마곡사,2014-12,1종,28856
576,마곡사,2014-12,2종,819
576,마곡사,2014-12,3종,913
576,마곡사,2014-12,4종,837
576,마곡사,2014-12,5종,560
576,마곡사,2014-12,6종,1047
577,공주,2014-12,1종,154427
577,공주,2014-12,2종,6240
577,공주,2014-12,3종,6509
577,공주,2014-12,4종,2629
577,공주,2014-12,5종,3785
577,공주,2014-12,6종,6910
578,서세종,2014-12,1종,180752
578,서세종,2014-12,2종,11879
578,서세종,2014-12,3종,8098
578,서세종,2014-12,4종,6836
578,서세종,2014-12,5종,8695
578,서세종,2014-12,6종,7691
579,남세종,2014-12,1종,346397
579,남세종,2014-12,2종,8741
579,남세종,2014-12,3종,9184
579,남세종,2014-12,4종,5040
579,남세종,2014-12,5종,7660
579,남세종,2014-12,6종,16770
580,북강릉,2014-12,1종,183264
580,북강릉,2014-12,2종,5654
580,북강릉,2014-12,3종,8094
580,북강릉,2014-12,4종,2445
580,북강릉,2014-12,5종,4663
580,북강릉,2014-12,6종,7912
581,옥계,2014-12,1종,47785
581,옥계,2014-12,2종,1836
581,옥계,2014-12,3종,2243
581,옥계,2014-12,4종,4008
581,옥계,2014-12,5종,16880
581,옥계,2014-12,6종,3302
582,망상,2014-12,1종,103488
582,망상,2014-12,2종,3411
582,망상,2014-12,3종,12809
582,망상,2014-12,4종,1422
582,망상,2014-12,5종,1968
582,망상,2014-12,6종,6571
583,동해,2014-12,1종,301393
583,동해,2014-12,2종,10255
583,동해,2014-12,3종,14104
583,동해,2014-12,4종,9603
583,동해,2014-12,5종,26432
583,동해,2014-12,6종,14876
584,남강릉,2014-12,1종,110424
584,남강릉,2014-12,2종,6347
584,남강릉,2014-12,3종,9452
584,남강릉,2014-12,4종,3679
584,남강릉,2014-12,5종,4873
584,남강릉,2014-12,6종,7372
585,하조대,2014-12,1종,128625
585,하조대,2014-12,2종,4521
585,하조대,2014-12,3종,9409
585,하조대,2014-12,4종,2848
585,하조대,2014-12,5종,3084
585,하조대,2014-12,6종,5282
586,북남원,2014-12,1종,15759
586,북남원,2014-12,2종,852
586,북남원,2014-12,3종,630
586,북남원,2014-12,4종,841
586,북남원,2014-12,5종,1634
586,북남원,2014-12,6종,527
587,오수,2014-12,1종,122074
587,오수,2014-12,2종,4472
587,오수,2014-12,3종,6770
587,오수,2014-12,4종,4126
587,오수,2014-12,5종,6199
587,오수,2014-12,6종,3992
588,임실,2014-12,1종,40347
588,임실,2014-12,2종,2203
588,임실,2014-12,3종,2624
588,임실,2014-12,4종,1839
588,임실,2014-12,5종,4507
588,임실,2014-12,6종,1299
589,상관,2014-12,1종,125567
589,상관,2014-12,2종,4276
589,상관,2014-12,3종,7689
589,상관,2014-12,4종,5472
589,상관,2014-12,5종,27888
589,상관,2014-12,6종,3718
590,동전주,2014-12,1종,169273
590,동전주,2014-12,2종,3439
590,동전주,2014-12,3종,3373
590,동전주,2014-12,4종,2054
590,동전주,2014-12,5종,4995
590,동전주,2014-12,6종,6371
591,동서천,2014-12,1종,41238
591,동서천,2014-12,2종,1558
591,동서천,2014-12,3종,2398
591,동서천,2014-12,4종,2777
591,동서천,2014-12,5종,4249
591,동서천,2014-12,6종,1282
592,서부여,2014-12,1종,45244
592,서부여,2014-12,2종,2379
592,서부여,2014-12,3종,2275
592,서부여,2014-12,4종,1541
592,서부여,2014-12,5종,1866
592,서부여,2014-12,6종,1535
593,부여,2014-12,1종,65722
593,부여,2014-12,2종,2765
593,부여,2014-12,3종,3078
593,부여,2014-12,4종,2985
593,부여,2014-12,5종,2780
593,부여,2014-12,6종,2423
594,칠갑산,2014-12,1종,49861
594,칠갑산,2014-12,2종,1406
594,칠갑산,2014-12,3종,2141
594,칠갑산,2014-12,4종,1486
594,칠갑산,2014-12,5종,729
594,칠갑산,2014-12,6종,1502
595,서공주,2014-12,1종,46645
595,서공주,2014-12,2종,2753
595,서공주,2014-12,3종,2380
595,서공주,2014-12,4종,2563
595,서공주,2014-12,5종,2724
595,서공주,2014-12,6종,1749
596,가락2,2014-12,1종,66460
596,가락2,2014-12,2종,7071
596,가락2,2014-12,3종,6378
596,가락2,2014-12,4종,13478
596,가락2,2014-12,5종,56182
596,가락2,2014-12,6종,4110
597,서여주,2014-12,1종,105962
597,서여주,2014-12,2종,6185
597,서여주,2014-12,3종,6210
597,서여주,2014-12,4종,5979
597,서여주,2014-12,5종,6323
597,서여주,2014-12,6종,5989
598,북여주,2014-12,1종,62184
598,북여주,2014-12,2종,2750
598,북여주,2014-12,3종,2134
598,북여주,2014-12,4종,2146
598,북여주,2014-12,5종,6542
598,북여주,2014-12,6종,2935
599,양촌,2014-12,1종,25506
599,양촌,2014-12,2종,612
599,양촌,2014-12,3종,178
599,양촌,2014-12,4종,202
599,양촌,2014-12,5종,10
599,양촌,2014-12,6종,977
601,남천안,2014-12,1종,311728
601,남천안,2014-12,2종,23136
601,남천안,2014-12,3종,24580
601,남천안,2014-12,4종,25366
601,남천안,2014-12,5종,22395
601,남천안,2014-12,6종,12938
602,풍세상,2014-12,1종,1334858
602,풍세상,2014-12,2종,45220
602,풍세상,2014-12,3종,165264
602,풍세상,2014-12,4종,79276
602,풍세상,2014-12,5종,81664
602,풍세상,2014-12,6종,55696
603,정안,2014-12,1종,233594
603,정안,2014-12,2종,10988
603,정안,2014-12,3종,26422
603,정안,2014-12,4종,12411
603,정안,2014-12,5종,10183
603,정안,2014-12,6종,9036
604,남공주,2014-12,1종,58758
604,남공주,2014-12,2종,3368
604,남공주,2014-12,3종,4432
604,남공주,2014-12,4종,3383
604,남공주,2014-12,5종,4873
604,남공주,2014-12,6종,2297
605,탄천,2014-12,1종,22280
605,탄천,2014-12,2종,1731
605,탄천,2014-12,3종,1270
605,탄천,2014-12,4종,1543
605,탄천,2014-12,5종,1466
605,탄천,2014-12,6종,816
606,서논산,2014-12,1종,122278
606,서논산,2014-12,2종,6308
606,서논산,2014-12,3종,10008
606,서논산,2014-12,4종,7954
606,서논산,2014-12,5종,9315
606,서논산,2014-12,6종,4665
607,연무,2014-12,1종,53853
607,연무,2014-12,2종,2568
607,연무,2014-12,3종,2303
607,연무,2014-12,4종,1486
607,연무,2014-12,5종,2062
607,연무,2014-12,6종,1910
608,남논산하,2014-12,1종,799760
608,남논산하,2014-12,2종,23864
608,남논산하,2014-12,3종,111670
608,남논산하,2014-12,4종,42706
608,남논산하,2014-12,5종,62268
608,남논산하,2014-12,6종,29376
612,풍세하,2014-12,1종,1362281
612,풍세하,2014-12,2종,43997
612,풍세하,2014-12,3종,170294
612,풍세하,2014-12,4종,62968
612,풍세하,2014-12,5종,66512
612,풍세하,2014-12,6종,56984
613,남풍세,2014-12,1종,99122
613,남풍세,2014-12,2종,6016
613,남풍세,2014-12,3종,8314
613,남풍세,2014-12,4종,5370
613,남풍세,2014-12,5종,9967
613,남풍세,2014-12,6종,4377
618,남논산상,2014-12,1종,783524
618,남논산상,2014-12,2종,23860
618,남논산상,2014-12,3종,107984
618,남논산상,2014-12,4종,46026
618,남논산상,2014-12,5종,70612
618,남논산상,2014-12,6종,28234
621,동대구,2014-12,1종,857832
621,동대구,2014-12,2종,33118
621,동대구,2014-12,3종,42557
621,동대구,2014-12,4종,25528
621,동대구,2014-12,5종,30514
621,동대구,2014-12,6종,41918
622,대구,2014-12,1종,1103150
622,대구,2014-12,2종,48518
622,대구,2014-12,3종,67206
622,대구,2014-12,4종,53440
622,대구,2014-12,5종,90944
622,대구,2014-12,6종,57888
623,수성,2014-12,1종,757331
623,수성,2014-12,2종,20635
623,수성,2014-12,3종,14983
623,수성,2014-12,4종,6428
623,수성,2014-12,5종,7948
623,수성,2014-12,6종,35452
624,청도,2014-12,1종,221441
624,청도,2014-12,2종,9422
624,청도,2014-12,3종,7933
624,청도,2014-12,4종,5913
624,청도,2014-12,5종,7392
624,청도,2014-12,6종,10205
625,밀양,2014-12,1종,267622
625,밀양,2014-12,2종,13966
625,밀양,2014-12,3종,12234
625,밀양,2014-12,4종,10282
625,밀양,2014-12,5종,11977
625,밀양,2014-12,6종,11999
626,남밀양,2014-12,1종,381293
626,남밀양,2014-12,2종,21821
626,남밀양,2014-12,3종,19152
626,남밀양,2014-12,4종,14874
626,남밀양,2014-12,5종,17515
626,남밀양,2014-12,6종,21204
627,삼랑진,2014-12,1종,228603
627,삼랑진,2014-12,2종,10623
627,삼랑진,2014-12,3종,8115
627,삼랑진,2014-12,4종,6060
627,삼랑진,2014-12,5종,11215
627,삼랑진,2014-12,6종,13896
628,상동,2014-12,1종,239539
628,상동,2014-12,2종,24423
628,상동,2014-12,3종,15699
628,상동,2014-12,4종,17618
628,상동,2014-12,5종,27973
628,상동,2014-12,6종,14768
629,김해부산,2014-12,1종,1203536
629,김해부산,2014-12,2종,64840
629,김해부산,2014-12,3종,76402
629,김해부산,2014-12,4종,66786
629,김해부산,2014-12,5종,109456
629,김해부산,2014-12,6종,68254
641,울산,2014-12,1종,1234423
641,울산,2014-12,2종,52512
641,울산,2014-12,3종,76681
641,울산,2014-12,4종,51865
641,울산,2014-12,5종,133338
641,울산,2014-12,6종,59800
642,문수,2014-12,1종,126238
642,문수,2014-12,2종,5738
642,문수,2014-12,3종,6289
642,문수,2014-12,4종,9134
642,문수,2014-12,5종,21977
642,문수,2014-12,6종,6929
643,청량,2014-12,1종,579432
643,청량,2014-12,2종,13561
643,청량,2014-12,3종,15203
643,청량,2014-12,4종,19909
643,청량,2014-12,5종,74935
643,청량,2014-12,6종,35611
644,온양,2014-12,1종,199462
644,온양,2014-12,2종,4637
644,온양,2014-12,3종,3366
644,온양,2014-12,4종,3712
644,온양,2014-12,5종,13838
644,온양,2014-12,6종,13111
645,장안,2014-12,1종,368331
645,장안,2014-12,2종,8693
645,장안,2014-12,3종,6896
645,장안,2014-12,4종,6817
645,장안,2014-12,5종,18645
645,장안,2014-12,6종,25081
646,기장일광,2014-12,1종,275175
646,기장일광,2014-12,2종,3514
646,기장일광,2014-12,3종,3410
646,기장일광,2014-12,4종,2251
646,기장일광,2014-12,5종,8517
646,기장일광,2014-12,6종,16176
647,해운대송정,2014-12,1종,125575
647,해운대송정,2014-12,2종,1790
647,해운대송정,2014-12,3종,1272
647,해운대송정,2014-12,4종,811
647,해운대송정,2014-12,5종,1360
647,해운대송정,2014-12,6종,7373
648,해운대,2014-12,1종,813856
648,해운대,2014-12,2종,9502
648,해운대,2014-12,3종,9819
648,해운대,2014-12,4종,7497
648,해운대,2014-12,5종,43749
648,해운대,2014-12,6종,49053
651,남양주,2014-12,1종,1424798
651,남양주,2014-12,2종,38483
651,남양주,2014-12,3종,66554
651,남양주,2014-12,4종,16679
651,남양주,2014-12,5종,17272
651,남양주,2014-12,6종,85520
652,화도,2014-12,1종,792469
652,화도,2014-12,2종,32332
652,화도,2014-12,3종,34168
652,화도,2014-12,4종,13835
652,화도,2014-12,5종,12542
652,화도,2014-12,6종,63106
653,서종,2014-12,1종,140097
653,서종,2014-12,2종,1491
653,서종,2014-12,3종,739
653,서종,2014-12,4종,797
653,서종,2014-12,5종,651
653,서종,2014-12,6종,9039
654,설악,2014-12,1종,156951
654,설악,2014-12,2종,2887
654,설악,2014-12,3종,4758
654,설악,2014-12,4종,2143
654,설악,2014-12,5종,1275
654,설악,2014-12,6종,9489
655,강촌,2014-12,1종,109461
655,강촌,2014-12,2종,2037
655,강촌,2014-12,3종,3765
655,강촌,2014-12,4종,2271
655,강촌,2014-12,5종,916
655,강촌,2014-12,6종,5556
656,남춘천,2014-12,1종,169081
656,남춘천,2014-12,2종,2957
656,남춘천,2014-12,3종,12833
656,남춘천,2014-12,4종,2225
656,남춘천,2014-12,5종,4250
656,남춘천,2014-12,6종,9242
657,동산,2014-12,1종,563830
657,동산,2014-12,2종,10298
657,동산,2014-12,3종,27180
657,동산,2014-12,4종,6970
657,동산,2014-12,5종,7132
657,동산,2014-12,6종,30420
658,조양,2014-12,1종,20348
658,조양,2014-12,2종,528
658,조양,2014-12,3종,442
658,조양,2014-12,4종,1183
658,조양,2014-12,5종,451
658,조양,2014-12,6종,977
671,봉담,2014-12,1종,1215168
671,봉담,2014-12,2종,59145
671,봉담,2014-12,3종,45672
671,봉담,2014-12,4종,20230
671,봉담,2014-12,5종,26335
671,봉담,2014-12,6종,96643
672,정남,2014-12,1종,356827
672,정남,2014-12,2종,20239
672,정남,2014-12,3종,13863
672,정남,2014-12,4종,6720
672,정남,2014-12,5종,4427
672,정남,2014-12,6종,29137
673,북오산,2014-12,1종,791580
673,북오산,2014-12,2종,30070
673,북오산,2014-12,3종,29798
673,북오산,2014-12,4종,16881
673,북오산,2014-12,5종,11279
673,북오산,2014-12,6종,58859
674,,2014-12,1종,828181
674,,2014-12,2종,40566
674,,2014-12,3종,63162
674,,2014-12,4종,20996
674,,2014-12,5종,23503
674,,2014-12,6종,58883
675,서오산,2014-12,1종,771657
675,서오산,2014-12,2종,25078
675,서오산,2014-12,3종,21454
675,서오산,2014-12,4종,11375
675,서오산,2014-12,5종,13972
675,서오산,2014-12,6종,55540
676,향남,2014-12,1종,566731
676,향남,2014-12,2종,38345
676,향남,2014-12,3종,27747
676,향남,2014-12,4종,21386
676,향남,2014-12,5종,18038
676,향남,2014-12,6종,44898
677,북평택,2014-12,1종,863784
677,북평택,2014-12,2종,35843
677,북평택,2014-12,3종,47134
677,북평택,2014-12,4종,18517
677,북평택,2014-12,5종,33075
677,북평택,2014-12,6종,55272
681,장안본선,2014-12,1종,865662
681,장안본선,2014-12,2종,74704
681,장안본선,2014-12,3종,130540
681,장안본선,2014-12,4종,94220
681,장안본선,2014-12,5종,169428
681,장안본선,2014-12,6종,49010
682,조암,2014-12,1종,296306
682,조암,2014-12,2종,37612
682,조암,2014-12,3종,32720
682,조암,2014-12,4종,21973
682,조암,2014-12,5종,24656
682,조암,2014-12,6종,18882
683,송산마도,2014-12,1종,502346
683,송산마도,2014-12,2종,36646
683,송산마도,2014-12,3종,26341
683,송산마도,2014-12,4종,20499
683,송산마도,2014-12,5종,36327
683,송산마도,2014-12,6종,29227
684,남안산,2014-12,1종,664118
684,남안산,2014-12,2종,74430
684,남안산,2014-12,3종,61284
684,남안산,2014-12,4종,51070
684,남안산,2014-12,5종,72436
684,남안산,2014-12,6종,48593
685,서시흥,2014-12,1종,1123029
685,서시흥,2014-12,2종,76564
685,서시흥,2014-12,3종,111502
685,서시흥,2014-12,4종,73292
685,서시흥,2014-12,5종,147770
685,서시흥,2014-12,6종,67544
981,서영암,2014-12,1종,191986
981,서영암,2014-12,2종,4717
981,서영암,2014-12,3종,9463
981,서영암,2014-12,4종,8818
981,서영암,2014-12,5종,18476
981,서영암,2014-12,6종,5406
982,강진무위사,2014-12,1종,111456
982,강진무위사,2014-12,2종,3406
982,강진무위사,2014-12,3종,6887
982,강진무위사,2014-12,4종,6877
982,강진무위사,2014-12,5종,4875
982,강진무위사,2014-12,6종,3117
983,장흥,2014-12,1종,84213
983,장흥,2014-12,2종,1740
983,장흥,2014-12,3종,2301
983,장흥,2014-12,4종,1396
983,장흥,2014-12,5종,1143
983,장흥,2014-12,6종,2377
984,보성,2014-12,1종,167101
984,보성,2014-12,2종,6034
984,보성,2014-12,3종,6112
984,보성,2014-12,4종,5570
984,보성,2014-12,5종,12136
984,보성,2014-12,6종,4139
985,벌교,2014-12,1종,115836
985,벌교,2014-12,2종,3919
985,벌교,2014-12,3종,3479
985,벌교,2014-12,4종,2638
985,벌교,2014-12,5종,3939
985,벌교,2014-12,6종,2872
986,고흥,2014-12,1종,150824
986,고흥,2014-12,2종,3439
986,고흥,2014-12,3종,5486
986,고흥,2014-12,4종,4607
986,고흥,2014-12,5종,11413
986,고흥,2014-12,6종,4728
987,남순천,2014-12,1종,403382
987,남순천,2014-12,2종,11287
987,남순천,2014-12,3종,18562
987,남순천,2014-12,4종,18925
987,남순천,2014-12,5종,40015
987,남순천,2014-12,6종,11426
