영업소코드,영업소명,연월,차종,교통량
11,인천,2015-01,1종,3506410
11,인천,2015-01,2종,114132
11,인천,2015-01,3종,80764
11,인천,2015-01,4종,61892
11,인천,2015-01,5종,104834
11,인천,2015-01,6종,325324
12,서영암(개),2015-01,1종,31789
12,서영암(개),2015-01,2종,596
12,서영암(개),2015-01,3종,693
12,서영암(개),2015-01,4종,438
12,서영암(개),2015-01,5종,571
12,서영암(개),2015-01,6종,1921
13,순천만,2015-01,1종,115178
13,순천만,2015-01,2종,3694
13,순천만,2015-01,3종,3473
13,순천만,2015-01,4종,2694
13,순천만,2015-01,5종,8632
13,순천만,2015-01,6종,5191
29,가락(개),2015-01,1종,666160
29,가락(개),2015-01,2종,20256
29,가락(개),2015-01,3종,19673
29,가락(개),2015-01,4종,22675
29,가락(개),2015-01,5종,122165
29,가락(개),2015-01,6종,56297
53,남인천,2015-01,1종,1616603
53,남인천,2015-01,2종,39407
53,남인천,2015-01,3종,52069
53,남인천,2015-01,4종,18888
53,남인천,2015-01,5종,50272
53,남인천,2015-01,6종,136914
56,일로,2015-01,1종,31575
56,일로,2015-01,2종,826
56,일로,2015-01,3종,355
56,일로,2015-01,4종,759
56,일로,2015-01,5종,1340
56,일로,2015-01,6종,1761
61,성남,2015-01,1종,3786613
61,성남,2015-01,2종,142010
61,성남,2015-01,3종,149704
61,성남,2015-01,4종,81014
61,성남,2015-01,5종,74239
61,성남,2015-01,6종,273299
62,구리남양주,2015-01,1종,4781944
62,구리남양주,2015-01,2종,194368
62,구리남양주,2015-01,3종,185667
62,구리남양주,2015-01,4종,127075
62,구리남양주,2015-01,5종,89764
62,구리남양주,2015-01,6종,368366
63,토평,2015-01,1종,439896
63,토평,2015-01,2종,13225
63,토평,2015-01,3종,6722
63,토평,2015-01,4종,10002
63,토평,2015-01,5종,8553
63,토평,2015-01,6종,36851
64,청계,2015-01,1종,4393170
64,청계,2015-01,2종,139768
64,청계,2015-01,3종,147134
64,청계,2015-01,4종,44302
64,청계,2015-01,5종,65147
64,청계,2015-01,6종,343191
65,판교,2015-01,1종,2818694
65,판교,2015-01,2종,41272
65,판교,2015-01,3종,178364
65,판교,2015-01,4종,15283
65,판교,2015-01,5종,11084
65,판교,2015-01,6종,170248
66,하남,2015-01,1종,775411
66,하남,2015-01,2종,25554
66,하남,2015-01,3종,15342
66,하남,2015-01,4종,7352
66,하남,2015-01,5종,8129
66,하남,2015-01,6종,62142
67,시흥,2015-01,1종,3760581
67,시흥,2015-01,2종,129982
67,시흥,2015-01,3종,127886
67,시흥,2015-01,4종,70487
67,시흥,2015-01,5종,62109
67,시흥,2015-01,6종,296036
68,김포,2015-01,1종,4458723
68,김포,2015-01,2종,172255
68,김포,2015-01,3종,142090
68,김포,2015-01,4종,76421
68,김포,2015-01,5종,101367
68,김포,2015-01,6종,376370
69,대왕판교,2015-01,1종,195889
69,대왕판교,2015-01,2종,1294
69,대왕판교,2015-01,3종,155
69,대왕판교,2015-01,4종,49
69,대왕판교,2015-01,5종,9
69,대왕판교,2015-01,6종,11892
74,덕소삼패,2015-01,1종,260875
74,덕소삼패,2015-01,2종,6975
74,덕소삼패,2015-01,3종,3742
74,덕소삼패,2015-01,4종,7276
74,덕소삼패,2015-01,5종,8073
74,덕소삼패,2015-01,6종,22023
91,대동(개),2015-01,1종,126376
91,대동(개),2015-01,2종,9560
91,대동(개),2015-01,3종,5746
91,대동(개),2015-01,4종,17141
91,대동(개),2015-01,5종,8177
91,대동(개),2015-01,6종,8849
92,내서,2015-01,1종,208263
92,내서,2015-01,2종,7858
92,내서,2015-01,3종,9816
92,내서,2015-01,4종,3742
92,내서,2015-01,5종,6539
92,내서,2015-01,6종,18868
101,서울,2015-01,1종,5097467
101,서울,2015-01,2종,179314
101,서울,2015-01,3종,570036
101,서울,2015-01,4종,90612
101,서울,2015-01,5종,54317
101,서울,2015-01,6종,251876
102,동수원,2015-01,1종,2093728
102,동수원,2015-01,2종,37811
102,동수원,2015-01,3종,83401
102,동수원,2015-01,4종,13352
102,동수원,2015-01,5종,16501
102,동수원,2015-01,6종,135869
103,수원신갈,2015-01,1종,2351353
103,수원신갈,2015-01,2종,93611
103,수원신갈,2015-01,3종,161903
103,수원신갈,2015-01,4종,38536
103,수원신갈,2015-01,5종,24136
103,수원신갈,2015-01,6종,134930
104,지곡,2015-01,1종,40131
104,지곡,2015-01,2종,1248
104,지곡,2015-01,3종,1805
104,지곡,2015-01,4종,1866
104,지곡,2015-01,5종,2036
104,지곡,2015-01,6종,1503
105,기흥,2015-01,1종,389853
105,기흥,2015-01,2종,24320
105,기흥,2015-01,3종,16233
105,기흥,2015-01,4종,9646
105,기흥,2015-01,5종,12347
105,기흥,2015-01,6종,23309
106,오산,2015-01,1종,1073926
106,오산,2015-01,2종,90510
106,오산,2015-01,3종,107357
106,오산,2015-01,4종,45535
106,오산,2015-01,5종,30839
106,오산,2015-01,6종,73066
107,안성,2015-01,1종,799194
107,안성,2015-01,2종,31338
107,안성,2015-01,3종,51533
107,안성,2015-01,4종,16991
107,안성,2015-01,5종,12020
107,안성,2015-01,6종,55867
108,천안,2015-01,1종,1441339
108,천안,2015-01,2종,45193
108,천안,2015-01,3종,101026
108,천안,2015-01,4종,37194
108,천안,2015-01,5종,29918
108,천안,2015-01,6종,73344
109,계룡,2015-01,1종,120327
109,계룡,2015-01,2종,9015
109,계룡,2015-01,3종,11027
109,계룡,2015-01,4종,8305
109,계룡,2015-01,5종,3719
109,계룡,2015-01,6종,7644
110,독립기념관,2015-01,1종,303772
110,독립기념관,2015-01,2종,18590
110,독립기념관,2015-01,3종,21065
110,독립기념관,2015-01,4종,20292
110,독립기념관,2015-01,5종,16954
110,독립기념관,2015-01,6종,13582
111,청주,2015-01,1종,473656
111,청주,2015-01,2종,19469
111,청주,2015-01,3종,49309
111,청주,2015-01,4종,15529
111,청주,2015-01,5종,18795
111,청주,2015-01,6종,24815
112,남청주,2015-01,1종,459104
112,남청주,2015-01,2종,38025
112,남청주,2015-01,3종,38022
112,남청주,2015-01,4종,46480
112,남청주,2015-01,5종,36582
112,남청주,2015-01,6종,21665
113,신탄진,2015-01,1종,716833
113,신탄진,2015-01,2종,41396
113,신탄진,2015-01,3종,33963
113,신탄진,2015-01,4종,58341
113,신탄진,2015-01,5종,48797
113,신탄진,2015-01,6종,41454
114,남대전,2015-01,1종,292697
114,남대전,2015-01,2종,10834
114,남대전,2015-01,3종,10904
114,남대전,2015-01,4종,5470
114,남대전,2015-01,5종,7872
114,남대전,2015-01,6종,15123
115,대전,2015-01,1종,1280086
115,대전,2015-01,2종,36505
115,대전,2015-01,3종,80220
115,대전,2015-01,4종,15981
115,대전,2015-01,5종,14579
115,대전,2015-01,6종,71560
116,옥천,2015-01,1종,343833
116,옥천,2015-01,2종,20057
116,옥천,2015-01,3종,19028
116,옥천,2015-01,4종,35093
116,옥천,2015-01,5종,19486
116,옥천,2015-01,6종,21317
117,금강,2015-01,1종,29625
117,금강,2015-01,2종,1604
117,금강,2015-01,3종,1562
117,금강,2015-01,4종,3566
117,금강,2015-01,5종,786
117,금강,2015-01,6종,1777
118,영동,2015-01,1종,72270
118,영동,2015-01,2종,4306
118,영동,2015-01,3종,4353
118,영동,2015-01,4종,2814
118,영동,2015-01,5종,5271
118,영동,2015-01,6종,3397
119,판암,2015-01,1종,443027
119,판암,2015-01,2종,13835
119,판암,2015-01,3종,9739
119,판암,2015-01,4종,6134
119,판암,2015-01,5종,5882
119,판암,2015-01,6종,26677
120,황간,2015-01,1종,68891
120,황간,2015-01,2종,2199
120,황간,2015-01,3종,4245
120,황간,2015-01,4종,4171
120,황간,2015-01,5종,5398
120,황간,2015-01,6종,2832
121,추풍령,2015-01,1종,34304
121,추풍령,2015-01,2종,1088
121,추풍령,2015-01,3종,1999
121,추풍령,2015-01,4종,976
121,추풍령,2015-01,5종,1327
121,추풍령,2015-01,6종,1823
122,김천,2015-01,1종,206264
122,김천,2015-01,2종,7022
122,김천,2015-01,3종,10740
122,김천,2015-01,4종,9919
122,김천,2015-01,5종,8088
122,김천,2015-01,6종,10058
123,구미,2015-01,1종,776879
123,구미,2015-01,2종,18909
123,구미,2015-01,3종,35540
123,구미,2015-01,4종,18624
123,구미,2015-01,5종,14356
123,구미,2015-01,6종,39980
124,상주,2015-01,1종,112964
124,상주,2015-01,2종,5351
124,상주,2015-01,3종,5162
124,상주,2015-01,4종,6142
124,상주,2015-01,5종,7339
124,상주,2015-01,6종,3804
125,남구미,2015-01,1종,546227
125,남구미,2015-01,2종,21724
125,남구미,2015-01,3종,31337
125,남구미,2015-01,4종,22120
125,남구미,2015-01,5종,39254
125,남구미,2015-01,6종,31013
126,왜관,2015-01,1종,586035
126,왜관,2015-01,2종,46527
126,왜관,2015-01,3종,29097
126,왜관,2015-01,4종,23636
126,왜관,2015-01,5종,29777
126,왜관,2015-01,6종,29246
127,서대구,2015-01,1종,1842851
127,서대구,2015-01,2종,85958
127,서대구,2015-01,3종,100848
127,서대구,2015-01,4종,50823
127,서대구,2015-01,5종,56897
127,서대구,2015-01,6종,83794
128,금왕꽃동네,2015-01,1종,90778
128,금왕꽃동네,2015-01,2종,9500
128,금왕꽃동네,2015-01,3종,10918
128,금왕꽃동네,2015-01,4종,7564
128,금왕꽃동네,2015-01,5종,9770
128,금왕꽃동네,2015-01,6종,4185
129,북대구,2015-01,1종,1717045
129,북대구,2015-01,2종,57051
129,북대구,2015-01,3종,50164
129,북대구,2015-01,4종,24369
129,북대구,2015-01,5종,25822
129,북대구,2015-01,6종,76801
130,동김천,2015-01,1종,143325
130,동김천,2015-01,2종,5891
130,동김천,2015-01,3종,9988
130,동김천,2015-01,4종,7854
130,동김천,2015-01,5종,13567
130,동김천,2015-01,6종,5670
131,경산,2015-01,1종,786775
131,경산,2015-01,2종,72045
131,경산,2015-01,3종,53701
131,경산,2015-01,4종,44693
131,경산,2015-01,5종,39031
131,경산,2015-01,6종,42666
132,영천,2015-01,1종,389715
132,영천,2015-01,2종,23618
132,영천,2015-01,3종,28559
132,영천,2015-01,4종,22600
132,영천,2015-01,5종,40810
132,영천,2015-01,6종,16008
133,서경주,2015-01,1종,170297
133,서경주,2015-01,2종,8221
133,서경주,2015-01,3종,12514
133,서경주,2015-01,4종,9867
133,서경주,2015-01,5종,27154
133,서경주,2015-01,6종,5754
134,선산,2015-01,1종,80170
134,선산,2015-01,2종,4507
134,선산,2015-01,3종,4931
134,선산,2015-01,4종,5304
134,선산,2015-01,5종,4346
134,선산,2015-01,6종,2899
135,경주,2015-01,1종,873160
135,경주,2015-01,2종,38015
135,경주,2015-01,3종,69875
135,경주,2015-01,4종,43034
135,경주,2015-01,5종,95662
135,경주,2015-01,6종,34180
136,음성,2015-01,1종,116968
136,음성,2015-01,2종,7299
136,음성,2015-01,3종,7862
136,음성,2015-01,4종,6210
136,음성,2015-01,5종,6253
136,음성,2015-01,6종,4964
137,통도사,2015-01,1종,284965
137,통도사,2015-01,2종,17243
137,통도사,2015-01,3종,13935
137,통도사,2015-01,4종,11737
137,통도사,2015-01,5종,16863
137,통도사,2015-01,6종,15116
138,양산,2015-01,1종,702125
138,양산,2015-01,2종,73247
138,양산,2015-01,3종,45326
138,양산,2015-01,4종,46213
138,양산,2015-01,5종,59160
138,양산,2015-01,6종,38432
139,서울산,2015-01,1종,454820
139,서울산,2015-01,2종,24906
139,서울산,2015-01,3종,29957
139,서울산,2015-01,4종,15207
139,서울산,2015-01,5종,24501
139,서울산,2015-01,6종,23497
140,부산,2015-01,1종,1637080
140,부산,2015-01,2종,61377
140,부산,2015-01,3종,48402
140,부산,2015-01,4종,32313
140,부산,2015-01,5종,62125
140,부산,2015-01,6종,95520
142,군북,2015-01,1종,343455
142,군북,2015-01,2종,14778
142,군북,2015-01,3종,14831
142,군북,2015-01,4종,10593
142,군북,2015-01,5종,19961
142,군북,2015-01,6종,22115
143,장지,2015-01,1종,109173
143,장지,2015-01,2종,5588
143,장지,2015-01,3종,5422
143,장지,2015-01,4종,4457
143,장지,2015-01,5종,15036
143,장지,2015-01,6종,7201
144,함안,2015-01,1종,229903
144,함안,2015-01,2종,11467
144,함안,2015-01,3종,10463
144,함안,2015-01,4종,7778
144,함안,2015-01,5종,18450
144,함안,2015-01,6종,16272
145,산인,2015-01,1종,700777
145,산인,2015-01,2종,17930
145,산인,2015-01,3종,30719
145,산인,2015-01,4종,13182
145,산인,2015-01,5종,20841
145,산인,2015-01,6종,42114
146,동창원,2015-01,1종,557128
146,동창원,2015-01,2종,27117
146,동창원,2015-01,3종,22772
146,동창원,2015-01,4종,19208
146,동창원,2015-01,5종,27471
146,동창원,2015-01,6종,38974
147,진례,2015-01,1종,451886
147,진례,2015-01,2종,34231
147,진례,2015-01,3종,22298
147,진례,2015-01,4종,19533
147,진례,2015-01,5종,30884
147,진례,2015-01,6종,30025
148,서김해,2015-01,1종,779482
148,서김해,2015-01,2종,36097
148,서김해,2015-01,3종,29131
148,서김해,2015-01,4종,26636
148,서김해,2015-01,5종,40647
148,서김해,2015-01,6종,54063
149,동김해,2015-01,1종,1205352
149,동김해,2015-01,2종,39989
149,동김해,2015-01,3종,31137
149,동김해,2015-01,4종,17505
149,동김해,2015-01,5종,20486
149,동김해,2015-01,6종,90911
150,북부산,2015-01,1종,1883902
150,북부산,2015-01,2종,38423
150,북부산,2015-01,3종,37258
150,북부산,2015-01,4종,17280
150,북부산,2015-01,5종,42374
150,북부산,2015-01,6종,128651
151,북대전,2015-01,1종,659821
151,북대전,2015-01,2종,15765
151,북대전,2015-01,3종,31412
151,북대전,2015-01,4종,18785
151,북대전,2015-01,5종,17185
151,북대전,2015-01,6종,38247
152,유성,2015-01,1종,996541
152,유성,2015-01,2종,21899
152,유성,2015-01,3종,35577
152,유성,2015-01,4종,16363
152,유성,2015-01,5종,12107
152,유성,2015-01,6종,47162
153,서대전,2015-01,1종,657524
153,서대전,2015-01,2종,19052
153,서대전,2015-01,3종,18142
153,서대전,2015-01,4종,17000
153,서대전,2015-01,5종,13399
153,서대전,2015-01,6종,39159
154,안영,2015-01,1종,388626
154,안영,2015-01,2종,14604
154,안영,2015-01,3종,10370
154,안영,2015-01,4종,8908
154,안영,2015-01,5종,17049
154,안영,2015-01,6종,21468
155,논산,2015-01,1종,193515
155,논산,2015-01,2종,15031
155,논산,2015-01,3종,15696
155,논산,2015-01,4종,11957
155,논산,2015-01,5종,11866
155,논산,2015-01,6종,9719
156,익산,2015-01,1종,272448
156,익산,2015-01,2종,21167
156,익산,2015-01,3종,27578
156,익산,2015-01,4종,19565
156,익산,2015-01,5종,27124
156,익산,2015-01,6종,8952
157,삼례,2015-01,1종,105337
157,삼례,2015-01,2종,6687
157,삼례,2015-01,3종,8030
157,삼례,2015-01,4종,6115
157,삼례,2015-01,5종,10720
157,삼례,2015-01,6종,3375
158,전주,2015-01,1종,442171
158,전주,2015-01,2종,17854
158,전주,2015-01,3종,50609
158,전주,2015-01,4종,20271
158,전주,2015-01,5종,40074
158,전주,2015-01,6종,14002
159,서전주,2015-01,1종,270271
159,서전주,2015-01,2종,11531
159,서전주,2015-01,3종,11739
159,서전주,2015-01,4종,7870
159,서전주,2015-01,5종,7324
159,서전주,2015-01,6종,8334
160,김제,2015-01,1종,111737
160,김제,2015-01,2종,6127
160,김제,2015-01,3종,8919
160,김제,2015-01,4종,3861
160,김제,2015-01,5종,4216
160,김제,2015-01,6종,3604
161,금산사,2015-01,1종,29292
161,금산사,2015-01,2종,1890
161,금산사,2015-01,3종,1777
161,금산사,2015-01,4종,519
161,금산사,2015-01,5종,2079
161,금산사,2015-01,6종,885
162,태인,2015-01,1종,73586
162,태인,2015-01,2종,5094
162,태인,2015-01,3종,8878
162,태인,2015-01,4종,4843
162,태인,2015-01,5종,5294
162,태인,2015-01,6종,2242
163,정읍,2015-01,1종,221881
163,정읍,2015-01,2종,12890
163,정읍,2015-01,3종,20892
163,정읍,2015-01,4종,11888
163,정읍,2015-01,5종,9784
163,정읍,2015-01,6종,7136
164,무주,2015-01,1종,205875
164,무주,2015-01,2종,3567
164,무주,2015-01,3종,7088
164,무주,2015-01,4종,2483
164,무주,2015-01,5종,1904
164,무주,2015-01,6종,7062
165,백양사,2015-01,1종,57314
165,백양사,2015-01,2종,1598
165,백양사,2015-01,3종,3286
165,백양사,2015-01,4종,1406
165,백양사,2015-01,5종,982
165,백양사,2015-01,6종,1560
166,장성,2015-01,1종,137944
166,장성,2015-01,2종,10420
166,장성,2015-01,3종,15831
166,장성,2015-01,4종,11081
166,장성,2015-01,5종,12913
166,장성,2015-01,6종,4971
167,광주,2015-01,1종,946132
167,광주,2015-01,2종,34394
167,광주,2015-01,3종,78121
167,광주,2015-01,4종,41842
167,광주,2015-01,5종,27308
167,광주,2015-01,6종,29116
168,덕유산,2015-01,1종,154354
168,덕유산,2015-01,2종,1532
168,덕유산,2015-01,3종,4938
168,덕유산,2015-01,4종,673
168,덕유산,2015-01,5종,808
168,덕유산,2015-01,6종,3575
169,장수,2015-01,1종,116398
169,장수,2015-01,2종,3513
169,장수,2015-01,3종,4834
169,장수,2015-01,4종,2241
169,장수,2015-01,5종,2228
169,장수,2015-01,6종,3495
170,서상,2015-01,1종,40696
170,서상,2015-01,2종,1818
170,서상,2015-01,3종,4617
170,서상,2015-01,4종,3276
170,서상,2015-01,5종,2677
170,서상,2015-01,6종,1451
171,마성,2015-01,1종,246916
171,마성,2015-01,2종,5590
171,마성,2015-01,3종,18214
171,마성,2015-01,4종,1247
171,마성,2015-01,5종,785
171,마성,2015-01,6종,14562
172,용인,2015-01,1종,785559
172,용인,2015-01,2종,60711
172,용인,2015-01,3종,33315
172,용인,2015-01,4종,19846
172,용인,2015-01,5종,12020
172,용인,2015-01,6종,59391
173,양지,2015-01,1종,754352
173,양지,2015-01,2종,85272
173,양지,2015-01,3종,66248
173,양지,2015-01,4종,53962
173,양지,2015-01,5종,37888
173,양지,2015-01,6종,48511
174,춘천,2015-01,1종,695431
174,춘천,2015-01,2종,16064
174,춘천,2015-01,3종,23806
174,춘천,2015-01,4종,6712
174,춘천,2015-01,5종,4206
174,춘천,2015-01,6종,43238
175,덕평,2015-01,1종,405632
175,덕평,2015-01,2종,40144
175,덕평,2015-01,3종,28141
175,덕평,2015-01,4종,22131
175,덕평,2015-01,5종,10677
175,덕평,2015-01,6종,25443
176,이천,2015-01,1종,587520
176,이천,2015-01,2종,38514
176,이천,2015-01,3종,50659
176,이천,2015-01,4종,43558
176,이천,2015-01,5종,34709
176,이천,2015-01,6종,32733
177,여주,2015-01,1종,289356
177,여주,2015-01,2종,15107
177,여주,2015-01,3종,34753
177,여주,2015-01,4종,21064
177,여주,2015-01,5종,10595
177,여주,2015-01,6종,14690
178,문막,2015-01,1종,348269
178,문막,2015-01,2종,20412
178,문막,2015-01,3종,36723
178,문막,2015-01,4종,13403
178,문막,2015-01,5종,11582
178,문막,2015-01,6종,16237
179,홍천,2015-01,1종,290748
179,홍천,2015-01,2종,7987
179,홍천,2015-01,3종,14324
179,홍천,2015-01,4종,6642
179,홍천,2015-01,5종,3295
179,홍천,2015-01,6종,20641
180,원주,2015-01,1종,240111
180,원주,2015-01,2종,12881
180,원주,2015-01,3종,16654
180,원주,2015-01,4종,8152
180,원주,2015-01,5종,8491
180,원주,2015-01,6종,12271
181,새말,2015-01,1종,185980
181,새말,2015-01,2종,6115
181,새말,2015-01,3종,9916
181,새말,2015-01,4종,3613
181,새말,2015-01,5종,4127
181,새말,2015-01,6종,7270
182,둔내,2015-01,1종,159836
182,둔내,2015-01,2종,3049
182,둔내,2015-01,3종,7557
182,둔내,2015-01,4종,1672
182,둔내,2015-01,5종,1299
182,둔내,2015-01,6종,6488
183,면온,2015-01,1종,160862
183,면온,2015-01,2종,1862
183,면온,2015-01,3종,7574
183,면온,2015-01,4종,1046
183,면온,2015-01,5종,1469
183,면온,2015-01,6종,5530
184,대관령,2015-01,1종,310386
184,대관령,2015-01,2종,4848
184,대관령,2015-01,3종,21018
184,대관령,2015-01,4종,1011
184,대관령,2015-01,5종,1456
184,대관령,2015-01,6종,12245
185,평창,2015-01,1종,126463
185,평창,2015-01,2종,2760
185,평창,2015-01,3종,12986
185,평창,2015-01,4종,1456
185,평창,2015-01,5종,1837
185,평창,2015-01,6종,5708
186,속사,2015-01,1종,40896
186,속사,2015-01,2종,891
186,속사,2015-01,3종,2630
186,속사,2015-01,4종,633
186,속사,2015-01,5종,537
186,속사,2015-01,6종,1468
187,진부,2015-01,1종,178215
187,진부,2015-01,2종,3669
187,진부,2015-01,3종,11700
187,진부,2015-01,4종,1465
187,진부,2015-01,5종,1368
187,진부,2015-01,6종,7241
188,서충주,2015-01,1종,82135
188,서충주,2015-01,2종,5112
188,서충주,2015-01,3종,7792
188,서충주,2015-01,4종,6061
188,서충주,2015-01,5종,7040
188,서충주,2015-01,6종,3794
189,강릉,2015-01,1종,499917
189,강릉,2015-01,2종,11958
189,강릉,2015-01,3종,40062
189,강릉,2015-01,4종,8230
189,강릉,2015-01,5종,10560
189,강릉,2015-01,6종,24672
190,동서울,2015-01,1종,3171651
190,동서울,2015-01,2종,173967
190,동서울,2015-01,3종,214823
190,동서울,2015-01,4종,94985
190,동서울,2015-01,5종,55538
190,동서울,2015-01,6종,156811
191,경기광주,2015-01,1종,722481
191,경기광주,2015-01,2종,41010
191,경기광주,2015-01,3종,32066
191,경기광주,2015-01,4종,10756
191,경기광주,2015-01,5종,4684
191,경기광주,2015-01,6종,52290
192,곤지암,2015-01,1종,767485
192,곤지암,2015-01,2종,67131
192,곤지암,2015-01,3종,45842
192,곤지암,2015-01,4종,34922
192,곤지암,2015-01,5종,18921
192,곤지암,2015-01,6종,45318
193,일죽,2015-01,1종,367685
193,일죽,2015-01,2종,33721
193,일죽,2015-01,3종,37424
193,일죽,2015-01,4종,30798
193,일죽,2015-01,5종,16422
193,일죽,2015-01,6종,16173
194,서이천,2015-01,1종,482436
194,서이천,2015-01,2종,61124
194,서이천,2015-01,3종,50015
194,서이천,2015-01,4종,33486
194,서이천,2015-01,5종,13086
194,서이천,2015-01,6종,28820
195,대소,2015-01,1종,273292
195,대소,2015-01,2종,41165
195,대소,2015-01,3종,41954
195,대소,2015-01,4종,32688
195,대소,2015-01,5종,20495
195,대소,2015-01,6종,12573
196,진천,2015-01,1종,220192
196,진천,2015-01,2종,16065
196,진천,2015-01,3종,18301
196,진천,2015-01,4종,17211
196,진천,2015-01,5종,15382
196,진천,2015-01,6종,10581
197,증평,2015-01,1종,315355
197,증평,2015-01,2종,19847
197,증평,2015-01,3종,24228
197,증평,2015-01,4종,17225
197,증평,2015-01,5종,16544
197,증평,2015-01,6종,13923
198,서청주,2015-01,1종,772157
198,서청주,2015-01,2종,31484
198,서청주,2015-01,3종,41300
198,서청주,2015-01,4종,29360
198,서청주,2015-01,5종,18724
198,서청주,2015-01,6종,39568
199,오창,2015-01,1종,500551
199,오창,2015-01,2종,20614
199,오창,2015-01,3종,30749
199,오창,2015-01,4종,17605
199,오창,2015-01,5종,16598
199,오창,2015-01,6종,26021
200,금산,2015-01,1종,126279
200,금산,2015-01,2종,3356
200,금산,2015-01,3종,5859
200,금산,2015-01,4종,4636
200,금산,2015-01,5종,6478
200,금산,2015-01,6종,5606
201,칠곡,2015-01,1종,567336
201,칠곡,2015-01,2종,22522
201,칠곡,2015-01,3종,18895
201,칠곡,2015-01,4종,7891
201,칠곡,2015-01,5종,13260
201,칠곡,2015-01,6종,29204
202,다부,2015-01,1종,102599
202,다부,2015-01,2종,6610
202,다부,2015-01,3종,4677
202,다부,2015-01,4종,2425
202,다부,2015-01,5종,5676
202,다부,2015-01,6종,4100
203,가산,2015-01,1종,475464
203,가산,2015-01,2종,19791
203,가산,2015-01,3종,19676
203,가산,2015-01,4종,12977
203,가산,2015-01,5종,32519
203,가산,2015-01,6종,21007
204,추부,2015-01,1종,153179
204,추부,2015-01,2종,7438
204,추부,2015-01,3종,8407
204,추부,2015-01,4종,5394
204,추부,2015-01,5종,3998
204,추부,2015-01,6종,8929
205,군위,2015-01,1종,128062
205,군위,2015-01,2종,5171
205,군위,2015-01,3종,3828
205,군위,2015-01,4종,3160
205,군위,2015-01,5종,9908
205,군위,2015-01,6종,5956
206,의성,2015-01,1종,141369
206,의성,2015-01,2종,3682
206,의성,2015-01,3종,3880
206,의성,2015-01,4종,2186
206,의성,2015-01,5종,3237
206,의성,2015-01,6종,4884
207,남안동,2015-01,1종,250775
207,남안동,2015-01,2종,7361
207,남안동,2015-01,3종,5610
207,남안동,2015-01,4종,4081
207,남안동,2015-01,5종,5473
207,남안동,2015-01,6종,9393
208,서안동,2015-01,1종,178614
208,서안동,2015-01,2종,6042
208,서안동,2015-01,3종,15368
208,서안동,2015-01,4종,3251
208,서안동,2015-01,5종,5393
208,서안동,2015-01,6종,5952
209,예천,2015-01,1종,19374
209,예천,2015-01,2종,374
209,예천,2015-01,3종,359
209,예천,2015-01,4종,187
209,예천,2015-01,5종,544
209,예천,2015-01,6종,701
210,영주,2015-01,1종,124647
210,영주,2015-01,2종,4502
210,영주,2015-01,3종,8334
210,영주,2015-01,4종,3335
210,영주,2015-01,5종,9857
210,영주,2015-01,6종,4103
211,풍기,2015-01,1종,173320
211,풍기,2015-01,2종,4632
211,풍기,2015-01,3종,13738
211,풍기,2015-01,4종,3540
211,풍기,2015-01,5종,5334
211,풍기,2015-01,6종,5688
212,북수원,2015-01,1종,1241016
212,북수원,2015-01,2종,39646
212,북수원,2015-01,3종,55406
212,북수원,2015-01,4종,23215
212,북수원,2015-01,5종,15850
212,북수원,2015-01,6종,79531
213,부곡,2015-01,1종,358694
213,부곡,2015-01,2종,10555
213,부곡,2015-01,3종,7798
213,부곡,2015-01,4종,15452
213,부곡,2015-01,5종,66597
213,부곡,2015-01,6종,25780
214,동군포,2015-01,1종,217700
214,동군포,2015-01,2종,25149
214,동군포,2015-01,3종,16057
214,동군포,2015-01,4종,35400
214,동군포,2015-01,5종,18036
214,동군포,2015-01,6종,16922
215,군포,2015-01,1종,950802
215,군포,2015-01,2종,45695
215,군포,2015-01,3종,38443
215,군포,2015-01,4종,17168
215,군포,2015-01,5종,23730
215,군포,2015-01,6종,75089
216,횡성,2015-01,1종,166266
216,횡성,2015-01,2종,5735
216,횡성,2015-01,3종,7829
216,횡성,2015-01,4종,3225
216,횡성,2015-01,5종,4783
216,횡성,2015-01,6종,8082
217,북원주,2015-01,1종,64669
217,북원주,2015-01,2종,5749
217,북원주,2015-01,3종,4227
217,북원주,2015-01,4종,2321
217,북원주,2015-01,5종,2704
217,북원주,2015-01,6종,4373
218,남원주,2015-01,1종,532094
218,남원주,2015-01,2종,14582
218,남원주,2015-01,3종,25705
218,남원주,2015-01,4종,6997
218,남원주,2015-01,5종,5873
218,남원주,2015-01,6종,27791
219,신림,2015-01,1종,78988
219,신림,2015-01,2종,2229
219,신림,2015-01,3종,2689
219,신림,2015-01,4종,2334
219,신림,2015-01,5종,4105
219,신림,2015-01,6종,3283
220,덕평휴게소,2015-01,1종,4846
220,덕평휴게소,2015-01,2종,161
220,덕평휴게소,2015-01,3종,46
220,덕평휴게소,2015-01,4종,0
220,덕평휴게소,2015-01,5종,0
220,덕평휴게소,2015-01,6종,391
221,생초,2015-01,1종,48146
221,생초,2015-01,2종,1918
221,생초,2015-01,3종,2573
221,생초,2015-01,4종,2228
221,생초,2015-01,5종,6705
221,생초,2015-01,6종,1776
222,산청,2015-01,1종,49196
222,산청,2015-01,2종,1687
222,산청,2015-01,3종,2097
222,산청,2015-01,4종,818
222,산청,2015-01,5종,1567
222,산청,2015-01,6종,1854
223,단성,2015-01,1종,90178
223,단성,2015-01,2종,2413
223,단성,2015-01,3종,5555
223,단성,2015-01,4종,2995
223,단성,2015-01,5종,3875
223,단성,2015-01,6종,3464
224,함양,2015-01,1종,90206
224,함양,2015-01,2종,2864
224,함양,2015-01,3종,7020
224,함양,2015-01,4종,1415
224,함양,2015-01,5종,2015
224,함양,2015-01,6종,4213
225,서진주,2015-01,1종,307280
225,서진주,2015-01,2종,7294
225,서진주,2015-01,3종,5679
225,서진주,2015-01,4종,2922
225,서진주,2015-01,5종,4121
225,서진주,2015-01,6종,18277
227,군산,2015-01,1종,276626
227,군산,2015-01,2종,7863
227,군산,2015-01,3종,17082
227,군산,2015-01,4종,13539
227,군산,2015-01,5종,38432
227,군산,2015-01,6종,8489
228,동군산,2015-01,1종,230132
228,동군산,2015-01,2종,8282
228,동군산,2015-01,3종,13404
228,동군산,2015-01,4종,8918
228,동군산,2015-01,5종,21016
228,동군산,2015-01,6종,6329
229,북천안,2015-01,1종,340935
229,북천안,2015-01,2종,28146
229,북천안,2015-01,3종,35841
229,북천안,2015-01,4종,38998
229,북천안,2015-01,5종,44827
229,북천안,2015-01,6종,20277
230,팔공산,2015-01,1종,634305
230,팔공산,2015-01,2종,22960
230,팔공산,2015-01,3종,12714
230,팔공산,2015-01,4종,7973
230,팔공산,2015-01,5종,10082
230,팔공산,2015-01,6종,30743
231,화원옥포,2015-01,1종,554690
231,화원옥포,2015-01,2종,30719
231,화원옥포,2015-01,3종,19101
231,화원옥포,2015-01,4종,11164
231,화원옥포,2015-01,5종,13160
231,화원옥포,2015-01,6종,29001
232,달성,2015-01,1종,316843
232,달성,2015-01,2종,19531
232,달성,2015-01,3종,22359
232,달성,2015-01,4종,6129
232,달성,2015-01,5종,5483
232,달성,2015-01,6종,21788
233,현풍,2015-01,1종,383633
233,현풍,2015-01,2종,29420
233,현풍,2015-01,3종,26355
233,현풍,2015-01,4종,22363
233,현풍,2015-01,5종,35971
233,현풍,2015-01,6종,18432
234,서천,2015-01,1종,102870
234,서천,2015-01,2종,3776
234,서천,2015-01,3종,4432
234,서천,2015-01,4종,4732
234,서천,2015-01,5종,6015
234,서천,2015-01,6종,3703
235,창녕,2015-01,1종,145577
235,창녕,2015-01,2종,6607
235,창녕,2015-01,3종,7974
235,창녕,2015-01,4종,3779
235,창녕,2015-01,5종,7713
235,창녕,2015-01,6종,8357
236,영산,2015-01,1종,161227
236,영산,2015-01,2종,9718
236,영산,2015-01,3종,10461
236,영산,2015-01,4종,7370
236,영산,2015-01,5종,9121
236,영산,2015-01,6종,7615
237,남지,2015-01,1종,130022
237,남지,2015-01,2종,7923
237,남지,2015-01,3종,11936
237,남지,2015-01,4종,7094
237,남지,2015-01,5종,13123
237,남지,2015-01,6종,9451
238,칠서,2015-01,1종,220734
238,칠서,2015-01,2종,27433
238,칠서,2015-01,3종,15897
238,칠서,2015-01,4종,20077
238,칠서,2015-01,5종,31440
238,칠서,2015-01,6종,15802
239,칠원,2015-01,1종,552589
239,칠원,2015-01,2종,24440
239,칠원,2015-01,3종,44901
239,칠원,2015-01,4종,32520
239,칠원,2015-01,5종,30856
239,칠원,2015-01,6종,29501
240,제천,2015-01,1종,462931
240,제천,2015-01,2종,12370
240,제천,2015-01,3종,27990
240,제천,2015-01,4종,10081
240,제천,2015-01,5종,15282
240,제천,2015-01,6종,19380
241,동고령,2015-01,1종,254354
241,동고령,2015-01,2종,17144
241,동고령,2015-01,3종,16693
241,동고령,2015-01,4종,15003
241,동고령,2015-01,5종,14437
241,동고령,2015-01,6종,12027
242,고령,2015-01,1종,181970
242,고령,2015-01,2종,9510
242,고령,2015-01,3종,8501
242,고령,2015-01,4종,5833
242,고령,2015-01,5종,20809
242,고령,2015-01,6종,7466
243,해인사,2015-01,1종,83056
243,해인사,2015-01,2종,2394
243,해인사,2015-01,3종,1940
243,해인사,2015-01,4종,765
243,해인사,2015-01,5종,3347
243,해인사,2015-01,6종,4071
244,서부산,2015-01,1종,1519467
244,서부산,2015-01,2종,49373
244,서부산,2015-01,3종,82086
244,서부산,2015-01,4종,37312
244,서부산,2015-01,5종,88166
244,서부산,2015-01,6종,84089
245,장유,2015-01,1종,1350732
245,장유,2015-01,2종,41933
245,장유,2015-01,3종,55313
245,장유,2015-01,4종,23644
245,장유,2015-01,5종,32773
245,장유,2015-01,6종,94614
246,가락,2015-01,1종,46430
246,가락,2015-01,2종,6702
246,가락,2015-01,3종,6648
246,가락,2015-01,4종,16645
246,가락,2015-01,5종,48242
246,가락,2015-01,6종,1669
247,남원,2015-01,1종,132127
247,남원,2015-01,2종,5424
247,남원,2015-01,3종,7031
247,남원,2015-01,4종,2702
247,남원,2015-01,5종,9245
247,남원,2015-01,6종,4960
248,순창,2015-01,1종,111959
248,순창,2015-01,2종,3584
248,순창,2015-01,3종,3366
248,순창,2015-01,4종,2437
248,순창,2015-01,5종,2916
248,순창,2015-01,6종,4356
249,담양,2015-01,1종,137173
249,담양,2015-01,2종,3721
249,담양,2015-01,3종,12123
249,담양,2015-01,4종,2612
249,담양,2015-01,5종,4640
249,담양,2015-01,6종,4934
250,남양산,2015-01,1종,1068973
250,남양산,2015-01,2종,48330
250,남양산,2015-01,3종,41180
250,남양산,2015-01,4종,25739
250,남양산,2015-01,5종,32789
250,남양산,2015-01,6종,84940
251,물금,2015-01,1종,438590
251,물금,2015-01,2종,41859
251,물금,2015-01,3종,16340
251,물금,2015-01,4종,34613
251,물금,2015-01,5종,64802
251,물금,2015-01,6종,32042
252,대동,2015-01,1종,1717194
252,대동,2015-01,2종,109227
252,대동,2015-01,3종,78802
252,대동,2015-01,4종,74366
252,대동,2015-01,5종,212425
252,대동,2015-01,6종,84890
253,서서울,2015-01,1종,4932624
253,서서울,2015-01,2종,196628
253,서서울,2015-01,3종,158559
253,서서울,2015-01,4종,129680
253,서서울,2015-01,5종,109114
253,서서울,2015-01,6종,307087
254,군자,2015-01,1종,2313202
254,군자,2015-01,2종,112176
254,군자,2015-01,3종,108811
254,군자,2015-01,4종,82442
254,군자,2015-01,5종,157476
254,군자,2015-01,6종,164683
255,서안산,2015-01,1종,1708901
255,서안산,2015-01,2종,96146
255,서안산,2015-01,3종,67645
255,서안산,2015-01,4종,47995
255,서안산,2015-01,5종,53662
255,서안산,2015-01,6종,135141
256,안산,2015-01,1종,840656
256,안산,2015-01,2종,23391
256,안산,2015-01,3종,19919
256,안산,2015-01,4종,5978
256,안산,2015-01,5종,6427
256,안산,2015-01,6종,66570
257,홍성,2015-01,1종,189683
257,홍성,2015-01,2종,4259
257,홍성,2015-01,3종,6245
257,홍성,2015-01,4종,3039
257,홍성,2015-01,5종,3735
257,홍성,2015-01,6종,6364
258,광천,2015-01,1종,121654
258,광천,2015-01,2종,5622
258,광천,2015-01,3종,7884
258,광천,2015-01,4종,6329
258,광천,2015-01,5종,10068
258,광천,2015-01,6종,4240
259,대천,2015-01,1종,228365
259,대천,2015-01,2종,5698
259,대천,2015-01,3종,9435
259,대천,2015-01,4종,3399
259,대천,2015-01,5종,4526
259,대천,2015-01,6종,8034
260,춘장대,2015-01,1종,42187
260,춘장대,2015-01,2종,1132
260,춘장대,2015-01,3종,1447
260,춘장대,2015-01,4종,1150
260,춘장대,2015-01,5종,2382
260,춘장대,2015-01,6종,1169
261,동광주,2015-01,1종,982449
261,동광주,2015-01,2종,28426
261,동광주,2015-01,3종,57650
261,동광주,2015-01,4종,22778
261,동광주,2015-01,5종,43697
261,동광주,2015-01,6종,32048
262,창평,2015-01,1종,86845
262,창평,2015-01,2종,4464
262,창평,2015-01,3종,3002
262,창평,2015-01,4종,2400
262,창평,2015-01,5종,1767
262,창평,2015-01,6종,2788
263,옥과,2015-01,1종,177355
263,옥과,2015-01,2종,3780
263,옥과,2015-01,3종,9176
263,옥과,2015-01,4종,3634
263,옥과,2015-01,5종,3884
263,옥과,2015-01,6종,6513
264,동남원,2015-01,1종,59921
264,동남원,2015-01,2종,1624
264,동남원,2015-01,3종,3250
264,동남원,2015-01,4종,841
264,동남원,2015-01,5종,1245
264,동남원,2015-01,6종,1717
265,곡성,2015-01,1종,127697
265,곡성,2015-01,2종,3945
265,곡성,2015-01,3종,4679
265,곡성,2015-01,4종,2351
265,곡성,2015-01,5종,5885
265,곡성,2015-01,6종,5250
266,석곡,2015-01,1종,38828
266,석곡,2015-01,2종,1181
266,석곡,2015-01,3종,1788
266,석곡,2015-01,4종,881
266,석곡,2015-01,5종,1052
266,석곡,2015-01,6종,1435
267,주암송광사,2015-01,1종,104919
267,주암송광사,2015-01,2종,3056
267,주암송광사,2015-01,3종,2856
267,주암송광사,2015-01,4종,2791
267,주암송광사,2015-01,5종,3930
267,주암송광사,2015-01,6종,3345
268,승주,2015-01,1종,57286
268,승주,2015-01,2종,1077
268,승주,2015-01,3종,1322
268,승주,2015-01,4종,755
268,승주,2015-01,5종,1062
268,승주,2015-01,6종,2559
269,지리산,2015-01,1종,45158
269,지리산,2015-01,2종,1381
269,지리산,2015-01,3종,2279
269,지리산,2015-01,4종,1223
269,지리산,2015-01,5종,826
269,지리산,2015-01,6종,1456
270,서순천,2015-01,1종,145365
270,서순천,2015-01,2종,5251
270,서순천,2015-01,3종,9842
270,서순천,2015-01,4종,1756
270,서순천,2015-01,5종,4329
270,서순천,2015-01,6종,5256
271,순천,2015-01,1종,544273
271,순천,2015-01,2종,15624
271,순천,2015-01,3종,15005
271,순천,2015-01,4종,9563
271,순천,2015-01,5종,35232
271,순천,2015-01,6종,18062
272,광양,2015-01,1종,290422
272,광양,2015-01,2종,9898
272,광양,2015-01,3종,22106
272,광양,2015-01,4종,17454
272,광양,2015-01,5종,61244
272,광양,2015-01,6종,9650
273,동광양,2015-01,1종,137116
273,동광양,2015-01,2종,2621
273,동광양,2015-01,3종,2925
273,동광양,2015-01,4종,3996
273,동광양,2015-01,5종,23518
273,동광양,2015-01,6종,6185
274,가조,2015-01,1종,59505
274,가조,2015-01,2종,2171
274,가조,2015-01,3종,2679
274,가조,2015-01,4종,1493
274,가조,2015-01,5종,1277
274,가조,2015-01,6종,3807
275,옥곡,2015-01,1종,168351
275,옥곡,2015-01,2종,4913
275,옥곡,2015-01,3종,8884
275,옥곡,2015-01,4종,9390
275,옥곡,2015-01,5종,38888
275,옥곡,2015-01,6종,7664
276,진월,2015-01,1종,80229
276,진월,2015-01,2종,2403
276,진월,2015-01,3종,1898
276,진월,2015-01,4종,6059
276,진월,2015-01,5종,38308
276,진월,2015-01,6종,2878
277,하동,2015-01,1종,192086
277,하동,2015-01,2종,4624
277,하동,2015-01,3종,7040
277,하동,2015-01,4종,9140
277,하동,2015-01,5종,31569
277,하동,2015-01,6종,8600
278,진교,2015-01,1종,154872
278,진교,2015-01,2종,3959
278,진교,2015-01,3종,13630
278,진교,2015-01,4종,1236
278,진교,2015-01,5종,3335
278,진교,2015-01,6종,9190
279,곤양,2015-01,1종,113340
279,곤양,2015-01,2종,3363
279,곤양,2015-01,3종,5851
279,곤양,2015-01,4종,3227
279,곤양,2015-01,5종,6428
279,곤양,2015-01,6종,5752
280,거창,2015-01,1종,175212
280,거창,2015-01,2종,7320
280,거창,2015-01,3종,14061
280,거창,2015-01,4종,2732
280,거창,2015-01,5종,4104
280,거창,2015-01,6종,8385
281,매송,2015-01,1종,471555
281,매송,2015-01,2종,23908
281,매송,2015-01,3종,22750
281,매송,2015-01,4종,10925
281,매송,2015-01,5종,16838
281,매송,2015-01,6종,28633
282,비봉,2015-01,1종,705167
282,비봉,2015-01,2종,46858
282,비봉,2015-01,3종,26049
282,비봉,2015-01,4종,17972
282,비봉,2015-01,5종,27249
282,비봉,2015-01,6종,45129
283,발안,2015-01,1종,434143
283,발안,2015-01,2종,27352
283,발안,2015-01,3종,23960
283,발안,2015-01,4종,17655
283,발안,2015-01,5종,15982
283,발안,2015-01,6종,28014
284,남양양,2015-01,1종,63454
284,남양양,2015-01,2종,1301
284,남양양,2015-01,3종,1852
284,남양양,2015-01,4종,471
284,남양양,2015-01,5종,570
284,남양양,2015-01,6종,1834
285,서평택,2015-01,1종,550791
285,서평택,2015-01,2종,38481
285,서평택,2015-01,3종,49082
285,서평택,2015-01,4종,61735
285,서평택,2015-01,5종,121250
285,서평택,2015-01,6종,32059
286,통도사휴게소,2015-01,1종,30568
286,통도사휴게소,2015-01,2종,281
286,통도사휴게소,2015-01,3종,1824
286,통도사휴게소,2015-01,4종,3
286,통도사휴게소,2015-01,5종,0
286,통도사휴게소,2015-01,6종,1594
287,송악,2015-01,1종,422026
287,송악,2015-01,2종,17159
287,송악,2015-01,3종,18893
287,송악,2015-01,4종,24215
287,송악,2015-01,5종,107496
287,송악,2015-01,6종,20925
288,당진,2015-01,1종,393050
288,당진,2015-01,2종,15118
288,당진,2015-01,3종,26039
288,당진,2015-01,4종,14706
288,당진,2015-01,5종,43621
288,당진,2015-01,6종,18037
289,마산,2015-01,1종,819163
289,마산,2015-01,2종,27079
289,마산,2015-01,3종,36942
289,마산,2015-01,4종,14017
289,마산,2015-01,5종,17276
289,마산,2015-01,6종,50164
290,축동,2015-01,1종,40918
290,축동,2015-01,2종,2861
290,축동,2015-01,3종,1714
290,축동,2015-01,4종,2379
290,축동,2015-01,5종,7293
290,축동,2015-01,6종,2595
291,사천,2015-01,1종,666008
291,사천,2015-01,2종,27950
291,사천,2015-01,3종,27845
291,사천,2015-01,4종,15592
291,사천,2015-01,5종,27145
291,사천,2015-01,6종,44605
292,진주,2015-01,1종,690128
292,진주,2015-01,2종,22194
292,진주,2015-01,3종,50939
292,진주,2015-01,4종,13607
292,진주,2015-01,5종,30021
292,진주,2015-01,6종,46225
293,문산,2015-01,1종,309268
293,문산,2015-01,2종,11943
293,문산,2015-01,3종,7728
293,문산,2015-01,4종,5901
293,문산,2015-01,5종,9565
293,문산,2015-01,6종,19896
294,북창원,2015-01,1종,244498
294,북창원,2015-01,2종,9025
294,북창원,2015-01,3종,5630
294,북창원,2015-01,4종,7845
294,북창원,2015-01,5종,8441
294,북창원,2015-01,6종,13333
295,진성,2015-01,1종,124932
295,진성,2015-01,2종,7850
295,진성,2015-01,3종,5495
295,진성,2015-01,4종,5338
295,진성,2015-01,5종,12811
295,진성,2015-01,6종,6497
296,지수,2015-01,1종,48019
296,지수,2015-01,2종,2499
296,지수,2015-01,3종,2162
296,지수,2015-01,4종,1172
296,지수,2015-01,5종,3703
296,지수,2015-01,6종,3747
297,동충주,2015-01,1종,185784
297,동충주,2015-01,2종,6523
297,동충주,2015-01,3종,12790
297,동충주,2015-01,4종,12977
297,동충주,2015-01,5종,39539
297,동충주,2015-01,6종,6641
298,서산,2015-01,1종,459892
298,서산,2015-01,2종,14784
298,서산,2015-01,3종,30967
298,서산,2015-01,4종,23880
298,서산,2015-01,5종,42461
298,서산,2015-01,6종,18819
299,해미,2015-01,1종,124023
299,해미,2015-01,2종,4829
299,해미,2015-01,3종,5743
299,해미,2015-01,4종,5783
299,해미,2015-01,5종,10672
299,해미,2015-01,6종,5158
500,남여주,2015-01,1종,135008
500,남여주,2015-01,2종,6969
500,남여주,2015-01,3종,10076
500,남여주,2015-01,4종,7251
500,남여주,2015-01,5종,11023
500,남여주,2015-01,6종,6411
501,서김제,2015-01,1종,46242
501,서김제,2015-01,2종,2204
501,서김제,2015-01,3종,3599
501,서김제,2015-01,4종,2032
501,서김제,2015-01,5종,2362
501,서김제,2015-01,6종,1158
502,부안,2015-01,1종,91269
502,부안,2015-01,2종,3880
502,부안,2015-01,3종,7912
502,부안,2015-01,4종,2616
502,부안,2015-01,5종,4503
502,부안,2015-01,6종,2418
503,줄포,2015-01,1종,59063
503,줄포,2015-01,2종,1696
503,줄포,2015-01,3종,2088
503,줄포,2015-01,4종,1057
503,줄포,2015-01,5종,880
503,줄포,2015-01,6종,1264
504,선운산,2015-01,1종,92561
504,선운산,2015-01,2종,3649
504,선운산,2015-01,3종,8380
504,선운산,2015-01,4종,7922
504,선운산,2015-01,5종,6328
504,선운산,2015-01,6종,2304
505,고창,2015-01,1종,75516
505,고창,2015-01,2종,3209
505,고창,2015-01,3종,3439
505,고창,2015-01,4종,1617
505,고창,2015-01,5종,1076
505,고창,2015-01,6종,2083
506,영광,2015-01,1종,72199
506,영광,2015-01,2종,2573
506,영광,2015-01,3종,5945
506,영광,2015-01,4종,2075
506,영광,2015-01,5종,1875
506,영광,2015-01,6종,1785
507,함평,2015-01,1종,52608
507,함평,2015-01,2종,2239
507,함평,2015-01,3종,5717
507,함평,2015-01,4종,3491
507,함평,2015-01,5종,5095
507,함평,2015-01,6종,1331
508,무안,2015-01,1종,173200
508,무안,2015-01,2종,5047
508,무안,2015-01,3종,7150
508,무안,2015-01,4종,4555
508,무안,2015-01,5종,4771
508,무안,2015-01,6종,4964
509,목포,2015-01,1종,721849
509,목포,2015-01,2종,18869
509,목포,2015-01,3종,39192
509,목포,2015-01,4종,30810
509,목포,2015-01,5종,42486
509,목포,2015-01,6종,19770
510,양양,2015-01,1종,80822
510,양양,2015-01,2종,2164
510,양양,2015-01,3종,2091
510,양양,2015-01,4종,1024
510,양양,2015-01,5종,1599
510,양양,2015-01,6종,3039
511,무창포,2015-01,1종,64705
511,무창포,2015-01,2종,2215
511,무창포,2015-01,3종,2331
511,무창포,2015-01,4종,1894
511,무창포,2015-01,5종,4584
511,무창포,2015-01,6종,1786
512,연화산,2015-01,1종,36897
512,연화산,2015-01,2종,1296
512,연화산,2015-01,3종,1045
512,연화산,2015-01,4종,1153
512,연화산,2015-01,5종,2643
512,연화산,2015-01,6종,2435
513,고성,2015-01,1종,370119
513,고성,2015-01,2종,12915
513,고성,2015-01,3종,17236
513,고성,2015-01,4종,9916
513,고성,2015-01,5종,16278
513,고성,2015-01,6종,20247
514,동고성,2015-01,1종,94500
514,동고성,2015-01,2종,4169
514,동고성,2015-01,3종,5607
514,동고성,2015-01,4종,7127
514,동고성,2015-01,5종,14043
514,동고성,2015-01,6종,8217
515,북통영,2015-01,1종,156135
515,북통영,2015-01,2종,3814
515,북통영,2015-01,3종,10917
515,북통영,2015-01,4종,2034
515,북통영,2015-01,5종,1992
515,북통영,2015-01,6종,8799
516,통영,2015-01,1종,587487
516,통영,2015-01,2종,17256
516,통영,2015-01,3종,23970
516,통영,2015-01,4종,16724
516,통영,2015-01,5종,24101
516,통영,2015-01,6종,28842
517,양평,2015-01,1종,148464
517,양평,2015-01,2종,5464
517,양평,2015-01,3종,5338
517,양평,2015-01,4종,4330
517,양평,2015-01,5종,5996
517,양평,2015-01,6종,6362
518,칠곡물류,2015-01,1종,59309
518,칠곡물류,2015-01,2종,14319
518,칠곡물류,2015-01,3종,8694
518,칠곡물류,2015-01,4종,15155
518,칠곡물류,2015-01,5종,13230
518,칠곡물류,2015-01,6종,3196
519,남대구,2015-01,1종,1287989
519,남대구,2015-01,2종,54967
519,남대구,2015-01,3종,64679
519,남대구,2015-01,4종,24363
519,남대구,2015-01,5종,38481
519,남대구,2015-01,6종,67495
520,평택,2015-01,1종,537571
520,평택,2015-01,2종,30427
520,평택,2015-01,3종,44726
520,평택,2015-01,4종,20570
520,평택,2015-01,5종,27495
520,평택,2015-01,6종,33279
521,단양,2015-01,1종,57790
521,단양,2015-01,2종,1370
521,단양,2015-01,3종,3105
521,단양,2015-01,4종,1215
521,단양,2015-01,5종,8188
521,단양,2015-01,6종,2198
522,북단양,2015-01,1종,92238
522,북단양,2015-01,2종,2268
522,북단양,2015-01,3종,3161
522,북단양,2015-01,4종,7091
522,북단양,2015-01,5종,26469
522,북단양,2015-01,6종,3206
523,남제천,2015-01,1종,72694
523,남제천,2015-01,2종,1738
523,남제천,2015-01,3종,5444
523,남제천,2015-01,4종,875
523,남제천,2015-01,5종,2786
523,남제천,2015-01,6종,2122
524,청통와촌,2015-01,1종,222521
524,청통와촌,2015-01,2종,10607
524,청통와촌,2015-01,3종,6544
524,청통와촌,2015-01,4종,4463
524,청통와촌,2015-01,5종,5884
524,청통와촌,2015-01,6종,9030
525,북영천,2015-01,1종,164482
525,북영천,2015-01,2종,5716
525,북영천,2015-01,3종,4727
525,북영천,2015-01,4종,3759
525,북영천,2015-01,5종,5810
525,북영천,2015-01,6종,5367
526,서포항,2015-01,1종,99703
526,서포항,2015-01,2종,2080
526,서포항,2015-01,3종,2395
526,서포항,2015-01,4종,1165
526,서포항,2015-01,5종,2806
526,서포항,2015-01,6종,6110
527,포항,2015-01,1종,852573
527,포항,2015-01,2종,17292
527,포항,2015-01,3종,27546
527,포항,2015-01,4종,10129
527,포항,2015-01,5종,40576
527,포항,2015-01,6종,31062
528,기흥동탄,2015-01,1종,1114324
528,기흥동탄,2015-01,2종,27691
528,기흥동탄,2015-01,3종,71316
528,기흥동탄,2015-01,4종,18866
528,기흥동탄,2015-01,5종,20187
528,기흥동탄,2015-01,6종,67030
529,노포,2015-01,1종,222046
529,노포,2015-01,2종,12910
529,노포,2015-01,3종,41218
529,노포,2015-01,4종,6719
529,노포,2015-01,5종,9107
529,노포,2015-01,6종,11393
530,내장산,2015-01,1종,40169
530,내장산,2015-01,2종,1252
530,내장산,2015-01,3종,932
530,내장산,2015-01,4종,571
530,내장산,2015-01,5종,385
530,내장산,2015-01,6종,1729
531,문의청남대,2015-01,1종,150985
531,문의청남대,2015-01,2종,5733
531,문의청남대,2015-01,3종,7154
531,문의청남대,2015-01,4종,5059
531,문의청남대,2015-01,5종,6566
531,문의청남대,2015-01,6종,6753
532,회인,2015-01,1종,34024
532,회인,2015-01,2종,890
532,회인,2015-01,3종,883
532,회인,2015-01,4종,572
532,회인,2015-01,5종,742
532,회인,2015-01,6종,1659
533,보은,2015-01,1종,105198
533,보은,2015-01,2종,3873
533,보은,2015-01,3종,3835
533,보은,2015-01,4종,2825
533,보은,2015-01,5종,2658
533,보은,2015-01,6종,5633
534,속리산,2015-01,1종,41903
534,속리산,2015-01,2종,1875
534,속리산,2015-01,3종,2100
534,속리산,2015-01,4종,1394
534,속리산,2015-01,5종,1402
534,속리산,2015-01,6종,1881
535,화서,2015-01,1종,45077
535,화서,2015-01,2종,1228
535,화서,2015-01,3종,1714
535,화서,2015-01,4종,1144
535,화서,2015-01,5종,1780
535,화서,2015-01,6종,2156
536,남상주,2015-01,1종,105220
536,남상주,2015-01,2종,4224
536,남상주,2015-01,3종,9534
536,남상주,2015-01,4종,5715
536,남상주,2015-01,5종,3545
536,남상주,2015-01,6종,4264
537,남김천,2015-01,1종,66828
537,남김천,2015-01,2종,4692
537,남김천,2015-01,3종,5237
537,남김천,2015-01,4종,5304
537,남김천,2015-01,5종,11055
537,남김천,2015-01,6종,2727
538,성주,2015-01,1종,63327
538,성주,2015-01,2종,5288
538,성주,2015-01,3종,4819
538,성주,2015-01,4종,4669
538,성주,2015-01,5종,5816
538,성주,2015-01,6종,2565
539,남성주,2015-01,1종,45039
539,남성주,2015-01,2종,6235
539,남성주,2015-01,3종,3234
539,남성주,2015-01,4종,4442
539,남성주,2015-01,5종,5737
539,남성주,2015-01,6종,1869
540,청북,2015-01,1종,397748
540,청북,2015-01,2종,43001
540,청북,2015-01,3종,43287
540,청북,2015-01,4종,35567
540,청북,2015-01,5종,36957
540,청북,2015-01,6종,24378
541,송탄,2015-01,1종,370484
541,송탄,2015-01,2종,36440
541,송탄,2015-01,3종,35593
541,송탄,2015-01,4종,34110
541,송탄,2015-01,5종,24217
541,송탄,2015-01,6종,21063
542,서안성,2015-01,1종,325105
542,서안성,2015-01,2종,30826
542,서안성,2015-01,3종,43476
542,서안성,2015-01,4종,42569
542,서안성,2015-01,5종,30040
542,서안성,2015-01,6종,16341
543,남안성,2015-01,1종,453627
543,남안성,2015-01,2종,47435
543,남안성,2015-01,3종,44865
543,남안성,2015-01,4종,42876
543,남안성,2015-01,5종,38631
543,남안성,2015-01,6종,27763
544,완주,2015-01,1종,156431
544,완주,2015-01,2종,5606
544,완주,2015-01,3종,7703
544,완주,2015-01,4종,7567
544,완주,2015-01,5종,12619
544,완주,2015-01,6종,5230
545,소양,2015-01,1종,159048
545,소양,2015-01,2종,4191
545,소양,2015-01,3종,9053
545,소양,2015-01,4종,2651
545,소양,2015-01,5종,4870
545,소양,2015-01,6종,5247
546,진안,2015-01,1종,55760
546,진안,2015-01,2종,1933
546,진안,2015-01,3종,2260
546,진안,2015-01,4종,1397
546,진안,2015-01,5종,973
546,진안,2015-01,6종,1757
547,무안공항,2015-01,1종,26802
547,무안공항,2015-01,2종,506
547,무안공항,2015-01,3종,976
547,무안공항,2015-01,4종,269
547,무안공항,2015-01,5종,158
547,무안공항,2015-01,6종,825
548,북무안,2015-01,1종,86269
548,북무안,2015-01,2종,3768
548,북무안,2015-01,3종,4388
548,북무안,2015-01,4종,3488
548,북무안,2015-01,5종,2593
548,북무안,2015-01,6종,2187
549,동함평,2015-01,1종,142067
549,동함평,2015-01,2종,3661
549,동함평,2015-01,3종,4470
549,동함평,2015-01,4종,2090
549,동함평,2015-01,5종,2251
549,동함평,2015-01,6종,5646
550,문평,2015-01,1종,31080
550,문평,2015-01,2종,622
550,문평,2015-01,3종,908
550,문평,2015-01,4종,675
550,문평,2015-01,5종,3776
550,문평,2015-01,6종,1084
551,나주,2015-01,1종,43284
551,나주,2015-01,2종,1619
551,나주,2015-01,3종,972
551,나주,2015-01,4종,622
551,나주,2015-01,5종,1085
551,나주,2015-01,6종,2288
552,서광산,2015-01,1종,102559
552,서광산,2015-01,2종,5290
552,서광산,2015-01,3종,6415
552,서광산,2015-01,4종,3518
552,서광산,2015-01,5종,5724
552,서광산,2015-01,6종,3146
553,동광산,2015-01,1종,766998
553,동광산,2015-01,2종,17402
553,동광산,2015-01,3종,27214
553,동광산,2015-01,4종,11171
553,동광산,2015-01,5종,20541
553,동광산,2015-01,6종,25130
554,동홍천,2015-01,1종,406802
554,동홍천,2015-01,2종,3907
554,동홍천,2015-01,3종,16522
554,동홍천,2015-01,4종,2077
554,동홍천,2015-01,5종,1856
554,동홍천,2015-01,6종,15435
555,북진천,2015-01,1종,264997
555,북진천,2015-01,2종,32428
555,북진천,2015-01,3종,32120
555,북진천,2015-01,4종,26101
555,북진천,2015-01,5종,25342
555,북진천,2015-01,6종,13095
556,동순천,2015-01,1종,260152
556,동순천,2015-01,2종,5731
556,동순천,2015-01,3종,12771
556,동순천,2015-01,4종,12153
556,동순천,2015-01,5종,42714
556,동순천,2015-01,6종,7157
557,황전,2015-01,1종,64337
557,황전,2015-01,2종,1875
557,황전,2015-01,3종,1156
557,황전,2015-01,4종,1023
557,황전,2015-01,5종,3031
557,황전,2015-01,6종,2573
558,구례화엄사,2015-01,1종,84467
558,구례화엄사,2015-01,2종,2595
558,구례화엄사,2015-01,3종,3872
558,구례화엄사,2015-01,4종,2621
558,구례화엄사,2015-01,5종,4835
558,구례화엄사,2015-01,6종,2384
559,서남원,2015-01,1종,42313
559,서남원,2015-01,2종,2425
559,서남원,2015-01,3종,2222
559,서남원,2015-01,4종,2507
559,서남원,2015-01,5종,5313
559,서남원,2015-01,6종,1451
560,감곡,2015-01,1종,271418
560,감곡,2015-01,2종,12656
560,감곡,2015-01,3종,13712
560,감곡,2015-01,4종,15986
560,감곡,2015-01,5종,31398
560,감곡,2015-01,6종,9803
561,북충주,2015-01,1종,117499
561,북충주,2015-01,2종,3531
561,북충주,2015-01,3종,4600
561,북충주,2015-01,4종,2820
561,북충주,2015-01,5종,3315
561,북충주,2015-01,6종,4164
562,충주,2015-01,1종,164290
562,충주,2015-01,2종,6848
562,충주,2015-01,3종,15616
562,충주,2015-01,4종,9634
562,충주,2015-01,5종,8802
562,충주,2015-01,6종,6548
563,괴산,2015-01,1종,66949
563,괴산,2015-01,2종,1707
563,괴산,2015-01,3종,3390
563,괴산,2015-01,4종,2483
563,괴산,2015-01,5종,5183
563,괴산,2015-01,6종,2210
564,연풍,2015-01,1종,43162
564,연풍,2015-01,2종,2629
564,연풍,2015-01,3종,6152
564,연풍,2015-01,4종,5460
564,연풍,2015-01,5종,6345
564,연풍,2015-01,6종,1322
565,문경새재,2015-01,1종,71510
565,문경새재,2015-01,2종,2799
565,문경새재,2015-01,3종,4778
565,문경새재,2015-01,4종,3904
565,문경새재,2015-01,5종,3365
565,문경새재,2015-01,6종,2330
566,점촌함창,2015-01,1종,127181
566,점촌함창,2015-01,2종,4373
566,점촌함창,2015-01,3종,9921
566,점촌함창,2015-01,4종,5625
566,점촌함창,2015-01,5종,6120
566,점촌함창,2015-01,6종,3948
567,남고창,2015-01,1종,93603
567,남고창,2015-01,2종,3077
567,남고창,2015-01,3종,2062
567,남고창,2015-01,4종,1301
567,남고창,2015-01,5종,2470
567,남고창,2015-01,6종,3638
568,장성물류,2015-01,1종,29713
568,장성물류,2015-01,2종,7180
568,장성물류,2015-01,3종,3444
568,장성물류,2015-01,4종,7430
568,장성물류,2015-01,5종,9123
568,장성물류,2015-01,6종,887
569,북광주,2015-01,1종,282149
569,북광주,2015-01,2종,16540
569,북광주,2015-01,3종,12139
569,북광주,2015-01,4종,16925
569,북광주,2015-01,5종,24008
569,북광주,2015-01,6종,9255
570,북상주,2015-01,1종,108472
570,북상주,2015-01,2종,6228
570,북상주,2015-01,3종,11109
570,북상주,2015-01,4종,12459
570,북상주,2015-01,5종,8299
570,북상주,2015-01,6종,3741
571,면천,2015-01,1종,83422
571,면천,2015-01,2종,3156
571,면천,2015-01,3종,3168
571,면천,2015-01,4종,3538
571,면천,2015-01,5종,4944
571,면천,2015-01,6종,3203
572,고덕,2015-01,1종,124591
572,고덕,2015-01,2종,3611
572,고덕,2015-01,3종,5670
572,고덕,2015-01,4종,2958
572,고덕,2015-01,5종,5695
572,고덕,2015-01,6종,4883
573,예산수덕사,2015-01,1종,284124
573,예산수덕사,2015-01,2종,10177
573,예산수덕사,2015-01,3종,10056
573,예산수덕사,2015-01,4종,9196
573,예산수덕사,2015-01,5종,11155
573,예산수덕사,2015-01,6종,10207
574,신양,2015-01,1종,71086
574,신양,2015-01,2종,2747
574,신양,2015-01,3종,2202
574,신양,2015-01,4종,2288
574,신양,2015-01,5종,2649
574,신양,2015-01,6종,2496
575,유구,2015-01,1종,71671
575,유구,2015-01,2종,3407
575,유구,2015-01,3종,3422
575,유구,2015-01,4종,3688
575,유구,2015-01,5종,4877
575,유구,2015-01,6종,2611
576,마곡사,2015-01,1종,32690
576,마곡사,2015-01,2종,829
576,마곡사,2015-01,3종,925
576,마곡사,2015-01,4종,751
576,마곡사,2015-01,5종,648
576,마곡사,2015-01,6종,1245
577,공주,2015-01,1종,153806
577,공주,2015-01,2종,5963
577,공주,2015-01,3종,5421
577,공주,2015-01,4종,2160
577,공주,2015-01,5종,3664
577,공주,2015-01,6종,7058
578,서세종,2015-01,1종,187615
578,서세종,2015-01,2종,11156
578,서세종,2015-01,3종,7403
578,서세종,2015-01,4종,5683
578,서세종,2015-01,5종,7277
578,서세종,2015-01,6종,8122
579,남세종,2015-01,1종,351753
579,남세종,2015-01,2종,7549
579,남세종,2015-01,3종,8916
579,남세종,2015-01,4종,4384
579,남세종,2015-01,5종,6870
579,남세종,2015-01,6종,17817
580,북강릉,2015-01,1종,226116
580,북강릉,2015-01,2종,4919
580,북강릉,2015-01,3종,7624
580,북강릉,2015-01,4종,2050
580,북강릉,2015-01,5종,3143
580,북강릉,2015-01,6종,8838
581,옥계,2015-01,1종,56897
581,옥계,2015-01,2종,1623
581,옥계,2015-01,3종,2336
581,옥계,2015-01,4종,3266
581,옥계,2015-01,5종,13164
581,옥계,2015-01,6종,3540
582,망상,2015-01,1종,119208
582,망상,2015-01,2종,3133
582,망상,2015-01,3종,12558
582,망상,2015-01,4종,1163
582,망상,2015-01,5종,1586
582,망상,2015-01,6종,6823
583,동해,2015-01,1종,325126
583,동해,2015-01,2종,9206
583,동해,2015-01,3종,13648
583,동해,2015-01,4종,7876
583,동해,2015-01,5종,21611
583,동해,2015-01,6종,15046
584,남강릉,2015-01,1종,110895
584,남강릉,2015-01,2종,5787
584,남강릉,2015-01,3종,9231
584,남강릉,2015-01,4종,3407
584,남강릉,2015-01,5종,3792
584,남강릉,2015-01,6종,7423
585,하조대,2015-01,1종,151760
585,하조대,2015-01,2종,4177
585,하조대,2015-01,3종,8313
585,하조대,2015-01,4종,2392
585,하조대,2015-01,5종,2056
585,하조대,2015-01,6종,5663
586,북남원,2015-01,1종,16333
586,북남원,2015-01,2종,630
586,북남원,2015-01,3종,584
586,북남원,2015-01,4종,460
586,북남원,2015-01,5종,1412
586,북남원,2015-01,6종,531
587,오수,2015-01,1종,126845
587,오수,2015-01,2종,3915
587,오수,2015-01,3종,5925
587,오수,2015-01,4종,3705
587,오수,2015-01,5종,5348
587,오수,2015-01,6종,4374
588,임실,2015-01,1종,40925
588,임실,2015-01,2종,2013
588,임실,2015-01,3종,2255
588,임실,2015-01,4종,1201
588,임실,2015-01,5종,4116
588,임실,2015-01,6종,1398
589,상관,2015-01,1종,135776
589,상관,2015-01,2종,3890
589,상관,2015-01,3종,6804
589,상관,2015-01,4종,4906
589,상관,2015-01,5종,28746
589,상관,2015-01,6종,4187
590,동전주,2015-01,1종,199456
590,동전주,2015-01,2종,2942
590,동전주,2015-01,3종,2940
590,동전주,2015-01,4종,1853
590,동전주,2015-01,5종,4370
590,동전주,2015-01,6종,7675
591,동서천,2015-01,1종,46671
591,동서천,2015-01,2종,1375
591,동서천,2015-01,3종,1966
591,동서천,2015-01,4종,2160
591,동서천,2015-01,5종,3936
591,동서천,2015-01,6종,1466
592,서부여,2015-01,1종,49594
592,서부여,2015-01,2종,2333
592,서부여,2015-01,3종,2093
592,서부여,2015-01,4종,1301
592,서부여,2015-01,5종,1525
592,서부여,2015-01,6종,1864
593,부여,2015-01,1종,68836
593,부여,2015-01,2종,2428
593,부여,2015-01,3종,3071
593,부여,2015-01,4종,2541
593,부여,2015-01,5종,2462
593,부여,2015-01,6종,2628
594,칠갑산,2015-01,1종,76096
594,칠갑산,2015-01,2종,1451
594,칠갑산,2015-01,3종,2169
594,칠갑산,2015-01,4종,1141
594,칠갑산,2015-01,5종,654
594,칠갑산,2015-01,6종,2423
595,서공주,2015-01,1종,51868
595,서공주,2015-01,2종,2648
595,서공주,2015-01,3종,2256
595,서공주,2015-01,4종,2225
595,서공주,2015-01,5종,2226
595,서공주,2015-01,6종,2064
596,가락2,2015-01,1종,60633
596,가락2,2015-01,2종,6494
596,가락2,2015-01,3종,5814
596,가락2,2015-01,4종,14142
596,가락2,2015-01,5종,54499
596,가락2,2015-01,6종,3810
597,서여주,2015-01,1종,103663
597,서여주,2015-01,2종,5529
597,서여주,2015-01,3종,5703
597,서여주,2015-01,4종,5831
597,서여주,2015-01,5종,4705
597,서여주,2015-01,6종,5992
598,북여주,2015-01,1종,61752
598,북여주,2015-01,2종,2423
598,북여주,2015-01,3종,1880
598,북여주,2015-01,4종,1644
598,북여주,2015-01,5종,3388
598,북여주,2015-01,6종,3004
599,양촌,2015-01,1종,24028
599,양촌,2015-01,2종,479
599,양촌,2015-01,3종,121
599,양촌,2015-01,4종,47
599,양촌,2015-01,5종,1
599,양촌,2015-01,6종,974
601,남천안,2015-01,1종,280555
601,남천안,2015-01,2종,19053
601,남천안,2015-01,3종,22813
601,남천안,2015-01,4종,22880
601,남천안,2015-01,5종,19540
601,남천안,2015-01,6종,11919
602,풍세상,2015-01,1종,1340596
602,풍세상,2015-01,2종,37580
602,풍세상,2015-01,3종,149344
602,풍세상,2015-01,4종,67980
602,풍세상,2015-01,5종,74662
602,풍세상,2015-01,6종,57940
603,정안,2015-01,1종,225963
603,정안,2015-01,2종,8588
603,정안,2015-01,3종,24204
603,정안,2015-01,4종,11295
603,정안,2015-01,5종,8944
603,정안,2015-01,6종,8987
604,남공주,2015-01,1종,58506
604,남공주,2015-01,2종,2785
604,남공주,2015-01,3종,3973
604,남공주,2015-01,4종,2502
604,남공주,2015-01,5종,4096
604,남공주,2015-01,6종,2447
605,탄천,2015-01,1종,20716
605,탄천,2015-01,2종,1462
605,탄천,2015-01,3종,1051
605,탄천,2015-01,4종,1226
605,탄천,2015-01,5종,1168
605,탄천,2015-01,6종,886
606,서논산,2015-01,1종,111979
606,서논산,2015-01,2종,5604
606,서논산,2015-01,3종,8144
606,서논산,2015-01,4종,6749
606,서논산,2015-01,5종,7527
606,서논산,2015-01,6종,4488
607,연무,2015-01,1종,56222
607,연무,2015-01,2종,2462
607,연무,2015-01,3종,2444
607,연무,2015-01,4종,1665
607,연무,2015-01,5종,1961
607,연무,2015-01,6종,2004
608,남논산하,2015-01,1종,785014
608,남논산하,2015-01,2종,19960
608,남논산하,2015-01,3종,100120
608,남논산하,2015-01,4종,36534
608,남논산하,2015-01,5종,55694
608,남논산하,2015-01,6종,29888
612,풍세하,2015-01,1종,1341537
612,풍세하,2015-01,2종,35882
612,풍세하,2015-01,3종,151785
612,풍세하,2015-01,4종,55026
612,풍세하,2015-01,5종,59286
612,풍세하,2015-01,6종,58114
613,남풍세,2015-01,1종,98231
613,남풍세,2015-01,2종,5485
613,남풍세,2015-01,3종,6379
613,남풍세,2015-01,4종,5006
613,남풍세,2015-01,5종,8367
613,남풍세,2015-01,6종,4122
618,남논산상,2015-01,1종,788402
618,남논산상,2015-01,2종,19986
618,남논산상,2015-01,3종,97958
618,남논산상,2015-01,4종,39658
618,남논산상,2015-01,5종,64308
618,남논산상,2015-01,6종,29856
621,동대구,2015-01,1종,771284
621,동대구,2015-01,2종,28677
621,동대구,2015-01,3종,38085
621,동대구,2015-01,4종,21950
621,동대구,2015-01,5종,27101
621,동대구,2015-01,6종,38120
622,대구,2015-01,1종,1038052
622,대구,2015-01,2종,42700
622,대구,2015-01,3종,61362
622,대구,2015-01,4종,47070
622,대구,2015-01,5종,82408
622,대구,2015-01,6종,54068
623,수성,2015-01,1종,693488
623,수성,2015-01,2종,17663
623,수성,2015-01,3종,13058
623,수성,2015-01,4종,5473
623,수성,2015-01,5종,7149
623,수성,2015-01,6종,32335
624,청도,2015-01,1종,192194
624,청도,2015-01,2종,8331
624,청도,2015-01,3종,6838
624,청도,2015-01,4종,5456
624,청도,2015-01,5종,6775
624,청도,2015-01,6종,8953
625,밀양,2015-01,1종,225914
625,밀양,2015-01,2종,11562
625,밀양,2015-01,3종,9798
625,밀양,2015-01,4종,8392
625,밀양,2015-01,5종,8310
625,밀양,2015-01,6종,10226
626,남밀양,2015-01,1종,335254
626,남밀양,2015-01,2종,18771
626,남밀양,2015-01,3종,16623
626,남밀양,2015-01,4종,13473
626,남밀양,2015-01,5종,14131
626,남밀양,2015-01,6종,19187
627,삼랑진,2015-01,1종,202534
627,삼랑진,2015-01,2종,9142
627,삼랑진,2015-01,3종,6964
627,삼랑진,2015-01,4종,5522
627,삼랑진,2015-01,5종,12254
627,삼랑진,2015-01,6종,12366
628,상동,2015-01,1종,201641
628,상동,2015-01,2종,20868
628,상동,2015-01,3종,13694
628,상동,2015-01,4종,16093
628,상동,2015-01,5종,22975
628,상동,2015-01,6종,12512
629,김해부산,2015-01,1종,1065448
629,김해부산,2015-01,2종,54212
629,김해부산,2015-01,3종,66518
629,김해부산,2015-01,4종,57146
629,김해부산,2015-01,5종,92678
629,김해부산,2015-01,6종,60402
641,울산,2015-01,1종,1149632
641,울산,2015-01,2종,46247
641,울산,2015-01,3종,68525
641,울산,2015-01,4종,45281
641,울산,2015-01,5종,117473
641,울산,2015-01,6종,55070
642,문수,2015-01,1종,113236
642,문수,2015-01,2종,5046
642,문수,2015-01,3종,5613
642,문수,2015-01,4종,8219
642,문수,2015-01,5종,20446
642,문수,2015-01,6종,6115
643,청량,2015-01,1종,532348
643,청량,2015-01,2종,11953
643,청량,2015-01,3종,13148
643,청량,2015-01,4종,17788
643,청량,2015-01,5종,64321
643,청량,2015-01,6종,32322
644,온양,2015-01,1종,175971
644,온양,2015-01,2종,3805
644,온양,2015-01,3종,2919
644,온양,2015-01,4종,2885
644,온양,2015-01,5종,12932
644,온양,2015-01,6종,11321
645,장안,2015-01,1종,315220
645,장안,2015-01,2종,7204
645,장안,2015-01,3종,5726
645,장안,2015-01,4종,5785
645,장안,2015-01,5종,16552
645,장안,2015-01,6종,21129
646,기장일광,2015-01,1종,270498
646,기장일광,2015-01,2종,2938
646,기장일광,2015-01,3종,2697
646,기장일광,2015-01,4종,2067
646,기장일광,2015-01,5종,8577
646,기장일광,2015-01,6종,16041
647,해운대송정,2015-01,1종,134000
647,해운대송정,2015-01,2종,1364
647,해운대송정,2015-01,3종,861
647,해운대송정,2015-01,4종,593
647,해운대송정,2015-01,5종,1036
647,해운대송정,2015-01,6종,7406
648,해운대,2015-01,1종,741670
648,해운대,2015-01,2종,7978
648,해운대,2015-01,3종,8490
648,해운대,2015-01,4종,6462
648,해운대,2015-01,5종,40452
648,해운대,2015-01,6종,44195
651,남양주,2015-01,1종,1456540
651,남양주,2015-01,2종,32071
651,남양주,2015-01,3종,58978
651,남양주,2015-01,4종,13885
651,남양주,2015-01,5종,13684
651,남양주,2015-01,6종,84278
652,화도,2015-01,1종,780720
652,화도,2015-01,2종,26741
652,화도,2015-01,3종,29809
652,화도,2015-01,4종,11050
652,화도,2015-01,5종,9890
652,화도,2015-01,6종,59198
653,서종,2015-01,1종,132237
653,서종,2015-01,2종,1261
653,서종,2015-01,3종,646
653,서종,2015-01,4종,468
653,서종,2015-01,5종,1034
653,서종,2015-01,6종,8609
654,설악,2015-01,1종,148907
654,설악,2015-01,2종,2393
654,설악,2015-01,3종,3976
654,설악,2015-01,4종,1288
654,설악,2015-01,5종,864
654,설악,2015-01,6종,8727
655,강촌,2015-01,1종,131710
655,강촌,2015-01,2종,1582
655,강촌,2015-01,3종,3981
655,강촌,2015-01,4종,1677
655,강촌,2015-01,5종,856
655,강촌,2015-01,6종,6135
656,남춘천,2015-01,1종,172257
656,남춘천,2015-01,2종,2264
656,남춘천,2015-01,3종,10403
656,남춘천,2015-01,4종,1622
656,남춘천,2015-01,5종,2516
656,남춘천,2015-01,6종,8851
657,동산,2015-01,1종,613020
657,동산,2015-01,2종,7994
657,동산,2015-01,3종,24598
657,동산,2015-01,4종,5276
657,동산,2015-01,5종,4822
657,동산,2015-01,6종,31982
658,조양,2015-01,1종,23499
658,조양,2015-01,2종,439
658,조양,2015-01,3종,323
658,조양,2015-01,4종,590
658,조양,2015-01,5종,246
658,조양,2015-01,6종,1083
671,봉담,2015-01,1종,1097528
671,봉담,2015-01,2종,51680
671,봉담,2015-01,3종,39753
671,봉담,2015-01,4종,17303
671,봉담,2015-01,5종,21211
671,봉담,2015-01,6종,88826
672,정남,2015-01,1종,320678
672,정남,2015-01,2종,18245
672,정남,2015-01,3종,10765
672,정남,2015-01,4종,6128
672,정남,2015-01,5종,3752
672,정남,2015-01,6종,26132
673,북오산,2015-01,1종,713349
673,북오산,2015-01,2종,24383
673,북오산,2015-01,3종,25994
673,북오산,2015-01,4종,13088
673,북오산,2015-01,5종,9187
673,북오산,2015-01,6종,53992
674,,2015-01,1종,774508
674,,2015-01,2종,35626
674,,2015-01,3종,57303
674,,2015-01,4종,18275
674,,2015-01,5종,19386
674,,2015-01,6종,55915
675,서오산,2015-01,1종,687265
675,서오산,2015-01,2종,21656
675,서오산,2015-01,3종,18621
675,서오산,2015-01,4종,9123
675,서오산,2015-01,5종,15785
675,서오산,2015-01,6종,49890
676,향남,2015-01,1종,520393
676,향남,2015-01,2종,34317
676,향남,2015-01,3종,24582
676,향남,2015-01,4종,16499
676,향남,2015-01,5종,14398
676,향남,2015-01,6종,42251
677,북평택,2015-01,1종,775748
677,북평택,2015-01,2종,30548
677,북평택,2015-01,3종,41066
677,북평택,2015-01,4종,14988
677,북평택,2015-01,5종,29731
677,북평택,2015-01,6종,51444
681,장안본선,2015-01,1종,716196
681,장안본선,2015-01,2종,60536
681,장안본선,2015-01,3종,106792
681,장안본선,2015-01,4종,75506
681,장안본선,2015-01,5종,133326
681,장안본선,2015-01,6종,41494
682,조암,2015-01,1종,264310
682,조암,2015-01,2종,32134
682,조암,2015-01,3종,28306
682,조암,2015-01,4종,18784
682,조암,2015-01,5종,19983
682,조암,2015-01,6종,16555
683,송산마도,2015-01,1종,456853
683,송산마도,2015-01,2종,31411
683,송산마도,2015-01,3종,22997
683,송산마도,2015-01,4종,17587
683,송산마도,2015-01,5종,28809
683,송산마도,2015-01,6종,26680
684,남안산,2015-01,1종,598210
684,남안산,2015-01,2종,64857
684,남안산,2015-01,3종,54544
684,남안산,2015-01,4종,45072
684,남안산,2015-01,5종,65058
684,남안산,2015-01,6종,44478
685,서시흥,2015-01,1종,1041112
685,서시흥,2015-01,2종,66985
685,서시흥,2015-01,3종,101352
685,서시흥,2015-01,4종,62961
685,서시흥,2015-01,5종,128292
685,서시흥,2015-01,6종,63009
981,서영암,2015-01,1종,198093
981,서영암,2015-01,2종,4447
981,서영암,2015-01,3종,8436
981,서영암,2015-01,4종,7960
981,서영암,2015-01,5종,19508
981,서영암,2015-01,6종,5927
982,강진무위사,2015-01,1종,115571
982,강진무위사,2015-01,2종,3209
982,강진무위사,2015-01,3종,5882
982,강진무위사,2015-01,4종,5692
982,강진무위사,2015-01,5종,4899
982,강진무위사,2015-01,6종,3340
983,장흥,2015-01,1종,90477
983,장흥,2015-01,2종,1542
983,장흥,2015-01,3종,1981
983,장흥,2015-01,4종,1113
983,장흥,2015-01,5종,1083
983,장흥,2015-01,6종,2519
984,보성,2015-01,1종,166926
984,보성,2015-01,2종,5607
984,보성,2015-01,3종,5732
984,보성,2015-01,4종,5530
984,보성,2015-01,5종,11953
984,보성,2015-01,6종,4168
985,벌교,2015-01,1종,114934
985,벌교,2015-01,2종,3653
985,벌교,2015-01,3종,3237
985,벌교,2015-01,4종,2572
985,벌교,2015-01,5종,3858
985,벌교,2015-01,6종,2728
986,고흥,2015-01,1종,150757
986,고흥,2015-01,2종,3322
986,고흥,2015-01,3종,4688
986,고흥,2015-01,4종,4590
986,고흥,2015-01,5종,12794
986,고흥,2015-01,6종,4572
987,남순천,2015-01,1종,406412
987,남순천,2015-01,2종,10391
987,남순천,2015-01,3종,15654
987,남순천,2015-01,4종,17744
987,남순천,2015-01,5종,41933
987,남순천,2015-01,6종,11464
11,인천,2015-02,1종,3203332
11,인천,2015-02,2종,95608
11,인천,2015-02,3종,70705
11,인천,2015-02,4종,54153
11,인천,2015-02,5종,88934
11,인천,2015-02,6종,290636
12,서영암(개),2015-02,1종,36295
12,서영암(개),2015-02,2종,552
12,서영암(개),2015-02,3종,707
12,서영암(개),2015-02,4종,397
12,서영암(개),2015-02,5종,350
12,서영암(개),2015-02,6종,1954
13,순천만,2015-02,1종,116615
13,순천만,2015-02,2종,3395
13,순천만,2015-02,3종,3060
13,순천만,2015-02,4종,2376
13,순천만,2015-02,5종,6639
13,순천만,2015-02,6종,5079
29,가락(개),2015-02,1종,608529
29,가락(개),2015-02,2종,17742
29,가락(개),2015-02,3종,17336
29,가락(개),2015-02,4종,19919
29,가락(개),2015-02,5종,100387
29,가락(개),2015-02,6종,50779
53,남인천,2015-02,1종,1488833
53,남인천,2015-02,2종,34066
53,남인천,2015-02,3종,47032
53,남인천,2015-02,4종,17482
53,남인천,2015-02,5종,43219
53,남인천,2015-02,6종,125020
56,일로,2015-02,1종,36787
56,일로,2015-02,2종,689
56,일로,2015-02,3종,276
56,일로,2015-02,4종,631
56,일로,2015-02,5종,781
56,일로,2015-02,6종,1861
61,성남,2015-02,1종,3529314
61,성남,2015-02,2종,124546
61,성남,2015-02,3종,130118
61,성남,2015-02,4종,69465
61,성남,2015-02,5종,69271
61,성남,2015-02,6종,252261
62,구리남양주,2015-02,1종,4523646
62,구리남양주,2015-02,2종,169195
62,구리남양주,2015-02,3종,159228
62,구리남양주,2015-02,4종,105033
62,구리남양주,2015-02,5종,78806
62,구리남양주,2015-02,6종,340600
63,토평,2015-02,1종,402949
63,토평,2015-02,2종,12393
63,토평,2015-02,3종,5954
63,토평,2015-02,4종,8102
63,토평,2015-02,5종,5972
63,토평,2015-02,6종,33410
64,청계,2015-02,1종,4012044
64,청계,2015-02,2종,120357
64,청계,2015-02,3종,128750
64,청계,2015-02,4종,39287
64,청계,2015-02,5종,57216
64,청계,2015-02,6종,310752
65,판교,2015-02,1종,2531048
65,판교,2015-02,2종,36423
65,판교,2015-02,3종,151206
65,판교,2015-02,4종,14052
65,판교,2015-02,5종,9674
65,판교,2015-02,6종,151927
66,하남,2015-02,1종,708485
66,하남,2015-02,2종,22497
66,하남,2015-02,3종,13293
66,하남,2015-02,4종,6253
66,하남,2015-02,5종,7247
66,하남,2015-02,6종,55762
67,시흥,2015-02,1종,3523875
67,시흥,2015-02,2종,110544
67,시흥,2015-02,3종,107917
67,시흥,2015-02,4종,60388
67,시흥,2015-02,5종,53547
67,시흥,2015-02,6종,271248
68,김포,2015-02,1종,4156685
68,김포,2015-02,2종,145774
68,김포,2015-02,3종,123118
68,김포,2015-02,4종,66236
68,김포,2015-02,5종,86562
68,김포,2015-02,6종,342616
69,대왕판교,2015-02,1종,168246
69,대왕판교,2015-02,2종,1254
69,대왕판교,2015-02,3종,136
69,대왕판교,2015-02,4종,31
69,대왕판교,2015-02,5종,15
69,대왕판교,2015-02,6종,10096
74,덕소삼패,2015-02,1종,218866
74,덕소삼패,2015-02,2종,5644
74,덕소삼패,2015-02,3종,2908
74,덕소삼패,2015-02,4종,6660
74,덕소삼패,2015-02,5종,6458
74,덕소삼패,2015-02,6종,18198
91,대동(개),2015-02,1종,110326
91,대동(개),2015-02,2종,7842
91,대동(개),2015-02,3종,4735
91,대동(개),2015-02,4종,14984
91,대동(개),2015-02,5종,8240
91,대동(개),2015-02,6종,7690
92,내서,2015-02,1종,191368
92,내서,2015-02,2종,6803
92,내서,2015-02,3종,8864
92,내서,2015-02,4종,3192
92,내서,2015-02,5종,5526
92,내서,2015-02,6종,16932
101,서울,2015-02,1종,4794852
101,서울,2015-02,2종,154398
101,서울,2015-02,3종,508809
101,서울,2015-02,4종,78395
101,서울,2015-02,5종,46792
101,서울,2015-02,6종,229300
102,동수원,2015-02,1종,1879790
102,동수원,2015-02,2종,32943
102,동수원,2015-02,3종,72782
102,동수원,2015-02,4종,12044
102,동수원,2015-02,5종,14913
102,동수원,2015-02,6종,120859
103,수원신갈,2015-02,1종,2111506
103,수원신갈,2015-02,2종,79736
103,수원신갈,2015-02,3종,138104
103,수원신갈,2015-02,4종,33536
103,수원신갈,2015-02,5종,20812
103,수원신갈,2015-02,6종,118083
104,지곡,2015-02,1종,41972
104,지곡,2015-02,2종,1154
104,지곡,2015-02,3종,1509
104,지곡,2015-02,4종,1649
104,지곡,2015-02,5종,1616
104,지곡,2015-02,6종,1569
105,기흥,2015-02,1종,354860
105,기흥,2015-02,2종,20901
105,기흥,2015-02,3종,13364
105,기흥,2015-02,4종,8134
105,기흥,2015-02,5종,10208
105,기흥,2015-02,6종,20816
106,오산,2015-02,1종,980211
106,오산,2015-02,2종,75457
106,오산,2015-02,3종,90300
106,오산,2015-02,4종,39841
106,오산,2015-02,5종,25480
106,오산,2015-02,6종,63756
107,안성,2015-02,1종,729126
107,안성,2015-02,2종,26961
107,안성,2015-02,3종,44269
107,안성,2015-02,4종,14260
107,안성,2015-02,5종,10405
107,안성,2015-02,6종,49082
108,천안,2015-02,1종,1314645
108,천안,2015-02,2종,37854
108,천안,2015-02,3종,86550
108,천안,2015-02,4종,31192
108,천안,2015-02,5종,25656
108,천안,2015-02,6종,64568
109,계룡,2015-02,1종,117514
109,계룡,2015-02,2종,7822
109,계룡,2015-02,3종,10010
109,계룡,2015-02,4종,8608
109,계룡,2015-02,5종,3463
109,계룡,2015-02,6종,6885
110,독립기념관,2015-02,1종,275330
110,독립기념관,2015-02,2종,15223
110,독립기념관,2015-02,3종,17402
110,독립기념관,2015-02,4종,16721
110,독립기념관,2015-02,5종,14449
110,독립기념관,2015-02,6종,11981
111,청주,2015-02,1종,430436
111,청주,2015-02,2종,16824
111,청주,2015-02,3종,44080
111,청주,2015-02,4종,13378
111,청주,2015-02,5종,15839
111,청주,2015-02,6종,21892
112,남청주,2015-02,1종,434360
112,남청주,2015-02,2종,32120
112,남청주,2015-02,3종,32436
112,남청주,2015-02,4종,40206
112,남청주,2015-02,5종,30733
112,남청주,2015-02,6종,20012
113,신탄진,2015-02,1종,668992
113,신탄진,2015-02,2종,34771
113,신탄진,2015-02,3종,28519
113,신탄진,2015-02,4종,50522
113,신탄진,2015-02,5종,41791
113,신탄진,2015-02,6종,36707
114,남대전,2015-02,1종,275494
114,남대전,2015-02,2종,9638
114,남대전,2015-02,3종,9343
114,남대전,2015-02,4종,5013
114,남대전,2015-02,5종,7745
114,남대전,2015-02,6종,14256
115,대전,2015-02,1종,1193315
115,대전,2015-02,2종,31371
115,대전,2015-02,3종,70830
115,대전,2015-02,4종,13836
115,대전,2015-02,5종,12593
115,대전,2015-02,6종,64913
116,옥천,2015-02,1종,332362
116,옥천,2015-02,2종,17458
116,옥천,2015-02,3종,14974
116,옥천,2015-02,4종,30217
116,옥천,2015-02,5종,16644
116,옥천,2015-02,6종,19176
117,금강,2015-02,1종,32183
117,금강,2015-02,2종,1266
117,금강,2015-02,3종,1180
117,금강,2015-02,4종,3022
117,금강,2015-02,5종,682
117,금강,2015-02,6종,1832
118,영동,2015-02,1종,82132
118,영동,2015-02,2종,3883
118,영동,2015-02,3종,3642
118,영동,2015-02,4종,2387
118,영동,2015-02,5종,5432
118,영동,2015-02,6종,3532
119,판암,2015-02,1종,422324
119,판암,2015-02,2종,11766
119,판암,2015-02,3종,8124
119,판암,2015-02,4종,5441
119,판암,2015-02,5종,4363
119,판암,2015-02,6종,24467
120,황간,2015-02,1종,74777
120,황간,2015-02,2종,2048
120,황간,2015-02,3종,3608
120,황간,2015-02,4종,3361
120,황간,2015-02,5종,4296
120,황간,2015-02,6종,2975
121,추풍령,2015-02,1종,39105
121,추풍령,2015-02,2종,976
121,추풍령,2015-02,3종,1618
121,추풍령,2015-02,4종,907
121,추풍령,2015-02,5종,1236
121,추풍령,2015-02,6종,1667
122,김천,2015-02,1종,209169
122,김천,2015-02,2종,5806
122,김천,2015-02,3종,8868
122,김천,2015-02,4종,8282
122,김천,2015-02,5종,7017
122,김천,2015-02,6종,9247
123,구미,2015-02,1종,733634
123,구미,2015-02,2종,16452
123,구미,2015-02,3종,30631
123,구미,2015-02,4종,15949
123,구미,2015-02,5종,12833
123,구미,2015-02,6종,36190
124,상주,2015-02,1종,146975
124,상주,2015-02,2종,4407
124,상주,2015-02,3종,4631
124,상주,2015-02,4종,5339
124,상주,2015-02,5종,5776
124,상주,2015-02,6종,4817
125,남구미,2015-02,1종,507460
125,남구미,2015-02,2종,18280
125,남구미,2015-02,3종,27051
125,남구미,2015-02,4종,18555
125,남구미,2015-02,5종,34463
125,남구미,2015-02,6종,27889
126,왜관,2015-02,1종,555766
126,왜관,2015-02,2종,39333
126,왜관,2015-02,3종,24846
126,왜관,2015-02,4종,19824
126,왜관,2015-02,5종,25765
126,왜관,2015-02,6종,26651
127,서대구,2015-02,1종,1737819
127,서대구,2015-02,2종,72892
127,서대구,2015-02,3종,86105
127,서대구,2015-02,4종,43858
127,서대구,2015-02,5종,48537
127,서대구,2015-02,6종,77075
128,금왕꽃동네,2015-02,1종,87315
128,금왕꽃동네,2015-02,2종,8184
128,금왕꽃동네,2015-02,3종,9154
128,금왕꽃동네,2015-02,4종,6466
128,금왕꽃동네,2015-02,5종,8291
128,금왕꽃동네,2015-02,6종,4130
129,북대구,2015-02,1종,1601394
129,북대구,2015-02,2종,47924
129,북대구,2015-02,3종,43255
129,북대구,2015-02,4종,20658
129,북대구,2015-02,5종,22382
129,북대구,2015-02,6종,69799
130,동김천,2015-02,1종,154149
130,동김천,2015-02,2종,5364
130,동김천,2015-02,3종,9498
130,동김천,2015-02,4종,7258
130,동김천,2015-02,5종,12396
130,동김천,2015-02,6종,5948
131,경산,2015-02,1종,745455
131,경산,2015-02,2종,60793
131,경산,2015-02,3종,45488
131,경산,2015-02,4종,38288
131,경산,2015-02,5종,32775
131,경산,2015-02,6종,38411
132,영천,2015-02,1종,394198
132,영천,2015-02,2종,19783
132,영천,2015-02,3종,25188
132,영천,2015-02,4종,18822
132,영천,2015-02,5종,35338
132,영천,2015-02,6종,15568
133,서경주,2015-02,1종,176415
133,서경주,2015-02,2종,6889
133,서경주,2015-02,3종,10579
133,서경주,2015-02,4종,8212
133,서경주,2015-02,5종,22574
133,서경주,2015-02,6종,5978
134,선산,2015-02,1종,88921
134,선산,2015-02,2종,3779
134,선산,2015-02,3종,4128
134,선산,2015-02,4종,4582
134,선산,2015-02,5종,3576
134,선산,2015-02,6종,2917
135,경주,2015-02,1종,851019
135,경주,2015-02,2종,32788
135,경주,2015-02,3종,62725
135,경주,2015-02,4종,38957
135,경주,2015-02,5종,81304
135,경주,2015-02,6종,32869
136,음성,2015-02,1종,139746
136,음성,2015-02,2종,6218
136,음성,2015-02,3종,7144
136,음성,2015-02,4종,5413
136,음성,2015-02,5종,6080
136,음성,2015-02,6종,5718
137,통도사,2015-02,1종,267179
137,통도사,2015-02,2종,14842
137,통도사,2015-02,3종,11934
137,통도사,2015-02,4종,10128
137,통도사,2015-02,5종,14257
137,통도사,2015-02,6종,13566
138,양산,2015-02,1종,641716
138,양산,2015-02,2종,62387
138,양산,2015-02,3종,38753
138,양산,2015-02,4종,38958
138,양산,2015-02,5종,51357
138,양산,2015-02,6종,34619
139,서울산,2015-02,1종,429010
139,서울산,2015-02,2종,21485
139,서울산,2015-02,3종,26396
139,서울산,2015-02,4종,12329
139,서울산,2015-02,5종,22399
139,서울산,2015-02,6종,22085
140,부산,2015-02,1종,1572390
140,부산,2015-02,2종,52651
140,부산,2015-02,3종,41154
140,부산,2015-02,4종,26349
140,부산,2015-02,5종,54957
140,부산,2015-02,6종,88052
142,군북,2015-02,1종,342655
142,군북,2015-02,2종,12682
142,군북,2015-02,3종,12947
142,군북,2015-02,4종,9206
142,군북,2015-02,5종,18877
142,군북,2015-02,6종,20607
143,장지,2015-02,1종,101775
143,장지,2015-02,2종,4555
143,장지,2015-02,3종,4537
143,장지,2015-02,4종,3913
143,장지,2015-02,5종,12828
143,장지,2015-02,6종,6557
144,함안,2015-02,1종,229176
144,함안,2015-02,2종,10476
144,함안,2015-02,3종,8811
144,함안,2015-02,4종,6475
144,함안,2015-02,5종,14883
144,함안,2015-02,6종,14917
145,산인,2015-02,1종,709716
145,산인,2015-02,2종,15859
145,산인,2015-02,3종,28052
145,산인,2015-02,4종,11439
145,산인,2015-02,5종,18573
145,산인,2015-02,6종,39719
146,동창원,2015-02,1종,517003
146,동창원,2015-02,2종,22861
146,동창원,2015-02,3종,19006
146,동창원,2015-02,4종,16687
146,동창원,2015-02,5종,23774
146,동창원,2015-02,6종,34910
147,진례,2015-02,1종,403783
147,진례,2015-02,2종,28599
147,진례,2015-02,3종,18954
147,진례,2015-02,4종,16770
147,진례,2015-02,5종,19506
147,진례,2015-02,6종,26463
148,서김해,2015-02,1종,722544
148,서김해,2015-02,2종,28573
148,서김해,2015-02,3종,20005
148,서김해,2015-02,4종,16092
148,서김해,2015-02,5종,31784
148,서김해,2015-02,6종,49103
149,동김해,2015-02,1종,1111493
149,동김해,2015-02,2종,34932
149,동김해,2015-02,3종,26527
149,동김해,2015-02,4종,14408
149,동김해,2015-02,5종,17153
149,동김해,2015-02,6종,80921
150,북부산,2015-02,1종,1746636
150,북부산,2015-02,2종,32332
150,북부산,2015-02,3종,31718
150,북부산,2015-02,4종,14873
150,북부산,2015-02,5종,32641
150,북부산,2015-02,6종,114901
151,북대전,2015-02,1종,604870
151,북대전,2015-02,2종,13370
151,북대전,2015-02,3종,26898
151,북대전,2015-02,4종,16720
151,북대전,2015-02,5종,15200
151,북대전,2015-02,6종,33583
152,유성,2015-02,1종,937709
152,유성,2015-02,2종,18974
152,유성,2015-02,3종,30898
152,유성,2015-02,4종,14158
152,유성,2015-02,5종,11624
152,유성,2015-02,6종,42627
153,서대전,2015-02,1종,638059
153,서대전,2015-02,2종,16790
153,서대전,2015-02,3종,15737
153,서대전,2015-02,4종,13578
153,서대전,2015-02,5종,10938
153,서대전,2015-02,6종,36770
154,안영,2015-02,1종,369012
154,안영,2015-02,2종,12883
154,안영,2015-02,3종,9033
154,안영,2015-02,4종,5435
154,안영,2015-02,5종,6984
154,안영,2015-02,6종,20122
155,논산,2015-02,1종,209144
155,논산,2015-02,2종,13000
155,논산,2015-02,3종,13760
155,논산,2015-02,4종,11026
155,논산,2015-02,5종,11082
155,논산,2015-02,6종,9388
156,익산,2015-02,1종,272283
156,익산,2015-02,2종,18325
156,익산,2015-02,3종,23504
156,익산,2015-02,4종,16242
156,익산,2015-02,5종,24180
156,익산,2015-02,6종,9016
157,삼례,2015-02,1종,109659
157,삼례,2015-02,2종,5932
157,삼례,2015-02,3종,6898
157,삼례,2015-02,4종,5291
157,삼례,2015-02,5종,8882
157,삼례,2015-02,6종,3394
158,전주,2015-02,1종,435732
158,전주,2015-02,2종,15518
158,전주,2015-02,3종,44678
158,전주,2015-02,4종,17246
158,전주,2015-02,5종,33289
158,전주,2015-02,6종,13656
159,서전주,2015-02,1종,273287
159,서전주,2015-02,2종,10111
159,서전주,2015-02,3종,10375
159,서전주,2015-02,4종,6654
159,서전주,2015-02,5종,6264
159,서전주,2015-02,6종,8179
160,김제,2015-02,1종,113560
160,김제,2015-02,2종,5415
160,김제,2015-02,3종,7494
160,김제,2015-02,4종,3244
160,김제,2015-02,5종,3811
160,김제,2015-02,6종,3407
161,금산사,2015-02,1종,32596
161,금산사,2015-02,2종,1574
161,금산사,2015-02,3종,1556
161,금산사,2015-02,4종,467
161,금산사,2015-02,5종,1697
161,금산사,2015-02,6종,947
162,태인,2015-02,1종,80620
162,태인,2015-02,2종,4356
162,태인,2015-02,3종,7277
162,태인,2015-02,4종,4227
162,태인,2015-02,5종,5091
162,태인,2015-02,6종,2584
163,정읍,2015-02,1종,234161
163,정읍,2015-02,2종,11285
163,정읍,2015-02,3종,18597
163,정읍,2015-02,4종,10159
163,정읍,2015-02,5종,9532
163,정읍,2015-02,6종,7541
164,무주,2015-02,1종,164925
164,무주,2015-02,2종,2831
164,무주,2015-02,3종,4991
164,무주,2015-02,4종,2237
164,무주,2015-02,5종,1884
164,무주,2015-02,6종,5919
165,백양사,2015-02,1종,61422
165,백양사,2015-02,2종,1345
165,백양사,2015-02,3종,2845
165,백양사,2015-02,4종,1252
165,백양사,2015-02,5종,939
165,백양사,2015-02,6종,1616
166,장성,2015-02,1종,147858
166,장성,2015-02,2종,9160
166,장성,2015-02,3종,14261
166,장성,2015-02,4종,9765
166,장성,2015-02,5종,10609
166,장성,2015-02,6종,5219
167,광주,2015-02,1종,994792
167,광주,2015-02,2종,29190
167,광주,2015-02,3종,69865
167,광주,2015-02,4종,35612
167,광주,2015-02,5종,23127
167,광주,2015-02,6종,30730
168,덕유산,2015-02,1종,96619
168,덕유산,2015-02,2종,1152
168,덕유산,2015-02,3종,2280
168,덕유산,2015-02,4종,502
168,덕유산,2015-02,5종,604
168,덕유산,2015-02,6종,2851
169,장수,2015-02,1종,114475
169,장수,2015-02,2종,3221
169,장수,2015-02,3종,3501
169,장수,2015-02,4종,1894
169,장수,2015-02,5종,1898
169,장수,2015-02,6종,3488
170,서상,2015-02,1종,46680
170,서상,2015-02,2종,1522
170,서상,2015-02,3종,3938
170,서상,2015-02,4종,2884
170,서상,2015-02,5종,2385
170,서상,2015-02,6종,1713
171,마성,2015-02,1종,220358
171,마성,2015-02,2종,4733
171,마성,2015-02,3종,16197
171,마성,2015-02,4종,1240
171,마성,2015-02,5종,684
171,마성,2015-02,6종,13335
172,용인,2015-02,1종,746761
172,용인,2015-02,2종,50916
172,용인,2015-02,3종,28832
172,용인,2015-02,4종,16630
172,용인,2015-02,5종,10385
172,용인,2015-02,6종,53258
173,양지,2015-02,1종,712280
173,양지,2015-02,2종,72805
173,양지,2015-02,3종,58297
173,양지,2015-02,4종,47136
173,양지,2015-02,5종,32189
173,양지,2015-02,6종,43618
174,춘천,2015-02,1종,649022
174,춘천,2015-02,2종,14323
174,춘천,2015-02,3종,20424
174,춘천,2015-02,4종,6027
174,춘천,2015-02,5종,4022
174,춘천,2015-02,6종,41174
175,덕평,2015-02,1종,318070
175,덕평,2015-02,2종,34903
175,덕평,2015-02,3종,24918
175,덕평,2015-02,4종,19174
175,덕평,2015-02,5종,9259
175,덕평,2015-02,6종,21022
176,이천,2015-02,1종,561398
176,이천,2015-02,2종,32882
176,이천,2015-02,3종,44437
176,이천,2015-02,4종,38222
176,이천,2015-02,5종,29185
176,이천,2015-02,6종,29574
177,여주,2015-02,1종,306929
177,여주,2015-02,2종,13542
177,여주,2015-02,3종,32295
177,여주,2015-02,4종,19138
177,여주,2015-02,5종,9583
177,여주,2015-02,6종,14839
178,문막,2015-02,1종,328574
178,문막,2015-02,2종,17586
178,문막,2015-02,3종,31856
178,문막,2015-02,4종,11663
178,문막,2015-02,5종,10107
178,문막,2015-02,6종,15138
179,홍천,2015-02,1종,265189
179,홍천,2015-02,2종,6756
179,홍천,2015-02,3종,12641
179,홍천,2015-02,4종,5490
179,홍천,2015-02,5종,3237
179,홍천,2015-02,6종,19447
180,원주,2015-02,1종,224236
180,원주,2015-02,2종,10903
180,원주,2015-02,3종,14339
180,원주,2015-02,4종,7097
180,원주,2015-02,5종,7232
180,원주,2015-02,6종,11850
181,새말,2015-02,1종,178805
181,새말,2015-02,2종,5440
181,새말,2015-02,3종,9571
181,새말,2015-02,4종,3242
181,새말,2015-02,5종,3460
181,새말,2015-02,6종,6940
182,둔내,2015-02,1종,119657
182,둔내,2015-02,2종,2520
182,둔내,2015-02,3종,5803
182,둔내,2015-02,4종,1374
182,둔내,2015-02,5종,1093
182,둔내,2015-02,6종,5310
183,면온,2015-02,1종,107713
183,면온,2015-02,2종,1467
183,면온,2015-02,3종,5542
183,면온,2015-02,4종,810
183,면온,2015-02,5종,1207
183,면온,2015-02,6종,4212
184,대관령,2015-02,1종,221529
184,대관령,2015-02,2종,4222
184,대관령,2015-02,3종,17362
184,대관령,2015-02,4종,847
184,대관령,2015-02,5종,1490
184,대관령,2015-02,6종,9697
185,평창,2015-02,1종,101558
185,평창,2015-02,2종,2458
185,평창,2015-02,3종,11443
185,평창,2015-02,4종,1209
185,평창,2015-02,5종,2010
185,평창,2015-02,6종,4893
186,속사,2015-02,1종,30861
186,속사,2015-02,2종,682
186,속사,2015-02,3종,1868
186,속사,2015-02,4종,535
186,속사,2015-02,5종,539
186,속사,2015-02,6종,1198
187,진부,2015-02,1종,118106
187,진부,2015-02,2종,3030
187,진부,2015-02,3종,9890
187,진부,2015-02,4종,1254
187,진부,2015-02,5종,1298
187,진부,2015-02,6종,5357
188,서충주,2015-02,1종,90434
188,서충주,2015-02,2종,4431
188,서충주,2015-02,3종,6769
188,서충주,2015-02,4종,5673
188,서충주,2015-02,5종,5850
188,서충주,2015-02,6종,3979
189,강릉,2015-02,1종,462942
189,강릉,2015-02,2종,10366
189,강릉,2015-02,3종,35306
189,강릉,2015-02,4종,7161
189,강릉,2015-02,5종,8749
189,강릉,2015-02,6종,22879
190,동서울,2015-02,1종,3110244
190,동서울,2015-02,2종,151959
190,동서울,2015-02,3종,184206
190,동서울,2015-02,4종,83050
190,동서울,2015-02,5종,46258
190,동서울,2015-02,6종,149644
191,경기광주,2015-02,1종,669637
191,경기광주,2015-02,2종,35479
191,경기광주,2015-02,3종,28723
191,경기광주,2015-02,4종,9788
191,경기광주,2015-02,5종,3827
191,경기광주,2015-02,6종,48142
192,곤지암,2015-02,1종,700603
192,곤지암,2015-02,2종,57266
192,곤지암,2015-02,3종,39180
192,곤지암,2015-02,4종,30501
192,곤지암,2015-02,5종,16025
192,곤지암,2015-02,6종,41765
193,일죽,2015-02,1종,393454
193,일죽,2015-02,2종,28532
193,일죽,2015-02,3종,32057
193,일죽,2015-02,4종,27222
193,일죽,2015-02,5종,13977
193,일죽,2015-02,6종,16908
194,서이천,2015-02,1종,450494
194,서이천,2015-02,2종,51946
194,서이천,2015-02,3종,42647
194,서이천,2015-02,4종,28261
194,서이천,2015-02,5종,11313
194,서이천,2015-02,6종,26739
195,대소,2015-02,1종,243303
195,대소,2015-02,2종,34368
195,대소,2015-02,3종,35382
195,대소,2015-02,4종,27305
195,대소,2015-02,5종,16872
195,대소,2015-02,6종,11347
196,진천,2015-02,1종,208069
196,진천,2015-02,2종,13701
196,진천,2015-02,3종,15475
196,진천,2015-02,4종,13922
196,진천,2015-02,5종,13194
196,진천,2015-02,6종,9652
197,증평,2015-02,1종,310434
197,증평,2015-02,2종,16738
197,증평,2015-02,3종,20582
197,증평,2015-02,4종,14254
197,증평,2015-02,5종,14298
197,증평,2015-02,6종,13340
198,서청주,2015-02,1종,703531
198,서청주,2015-02,2종,27124
198,서청주,2015-02,3종,35571
198,서청주,2015-02,4종,25096
198,서청주,2015-02,5종,16001
198,서청주,2015-02,6종,35212
199,오창,2015-02,1종,456872
199,오창,2015-02,2종,17365
199,오창,2015-02,3종,26107
199,오창,2015-02,4종,14820
199,오창,2015-02,5종,14194
199,오창,2015-02,6종,22727
200,금산,2015-02,1종,130204
200,금산,2015-02,2종,2626
200,금산,2015-02,3종,5571
200,금산,2015-02,4종,4061
200,금산,2015-02,5종,5725
200,금산,2015-02,6종,5205
201,칠곡,2015-02,1종,544349
201,칠곡,2015-02,2종,19162
201,칠곡,2015-02,3종,15887
201,칠곡,2015-02,4종,6513
201,칠곡,2015-02,5종,9237
201,칠곡,2015-02,6종,27177
202,다부,2015-02,1종,108505
202,다부,2015-02,2종,5817
202,다부,2015-02,3종,4169
202,다부,2015-02,4종,2343
202,다부,2015-02,5종,4904
202,다부,2015-02,6종,4246
203,가산,2015-02,1종,482444
203,가산,2015-02,2종,16928
203,가산,2015-02,3종,16970
203,가산,2015-02,4종,11208
203,가산,2015-02,5종,25749
203,가산,2015-02,6종,20247
204,추부,2015-02,1종,153518
204,추부,2015-02,2종,6451
204,추부,2015-02,3종,6793
204,추부,2015-02,4종,4696
204,추부,2015-02,5종,3511
204,추부,2015-02,6종,8367
205,군위,2015-02,1종,135838
205,군위,2015-02,2종,4499
205,군위,2015-02,3종,3435
205,군위,2015-02,4종,2744
205,군위,2015-02,5종,9342
205,군위,2015-02,6종,5913
206,의성,2015-02,1종,150018
206,의성,2015-02,2종,3348
206,의성,2015-02,3종,3361
206,의성,2015-02,4종,1654
206,의성,2015-02,5종,2960
206,의성,2015-02,6종,5076
207,남안동,2015-02,1종,262210
207,남안동,2015-02,2종,6416
207,남안동,2015-02,3종,4676
207,남안동,2015-02,4종,3527
207,남안동,2015-02,5종,5007
207,남안동,2015-02,6종,9556
208,서안동,2015-02,1종,201425
208,서안동,2015-02,2종,5237
208,서안동,2015-02,3종,13761
208,서안동,2015-02,4종,3030
208,서안동,2015-02,5종,5349
208,서안동,2015-02,6종,6605
209,예천,2015-02,1종,24913
209,예천,2015-02,2종,426
209,예천,2015-02,3종,249
209,예천,2015-02,4종,164
209,예천,2015-02,5종,526
209,예천,2015-02,6종,825
210,영주,2015-02,1종,135108
210,영주,2015-02,2종,3945
210,영주,2015-02,3종,6274
210,영주,2015-02,4종,2799
210,영주,2015-02,5종,8613
210,영주,2015-02,6종,4400
211,풍기,2015-02,1종,202458
211,풍기,2015-02,2종,4214
211,풍기,2015-02,3종,12310
211,풍기,2015-02,4종,3550
211,풍기,2015-02,5종,5171
211,풍기,2015-02,6종,6922
212,북수원,2015-02,1종,1174866
212,북수원,2015-02,2종,34101
212,북수원,2015-02,3종,47697
212,북수원,2015-02,4종,20114
212,북수원,2015-02,5종,12514
212,북수원,2015-02,6종,70566
213,부곡,2015-02,1종,325782
213,부곡,2015-02,2종,9072
213,부곡,2015-02,3종,6813
213,부곡,2015-02,4종,13454
213,부곡,2015-02,5종,57627
213,부곡,2015-02,6종,22689
214,동군포,2015-02,1종,201206
214,동군포,2015-02,2종,22278
214,동군포,2015-02,3종,13546
214,동군포,2015-02,4종,29604
214,동군포,2015-02,5종,16122
214,동군포,2015-02,6종,15404
215,군포,2015-02,1종,906056
215,군포,2015-02,2종,39429
215,군포,2015-02,3종,34726
215,군포,2015-02,4종,15387
215,군포,2015-02,5종,21934
215,군포,2015-02,6종,68995
216,횡성,2015-02,1종,172360
216,횡성,2015-02,2종,5110
216,횡성,2015-02,3종,7508
216,횡성,2015-02,4종,2940
216,횡성,2015-02,5종,3621
216,횡성,2015-02,6종,8122
217,북원주,2015-02,1종,62408
217,북원주,2015-02,2종,4758
217,북원주,2015-02,3종,3428
217,북원주,2015-02,4종,2115
217,북원주,2015-02,5종,2251
217,북원주,2015-02,6종,4254
218,남원주,2015-02,1종,510510
218,남원주,2015-02,2종,12645
218,남원주,2015-02,3종,22777
218,남원주,2015-02,4종,6404
218,남원주,2015-02,5종,5386
218,남원주,2015-02,6종,25807
219,신림,2015-02,1종,84192
219,신림,2015-02,2종,1989
219,신림,2015-02,3종,2780
219,신림,2015-02,4종,2004
219,신림,2015-02,5종,3401
219,신림,2015-02,6종,3387
220,덕평휴게소,2015-02,1종,4491
220,덕평휴게소,2015-02,2종,151
220,덕평휴게소,2015-02,3종,46
220,덕평휴게소,2015-02,4종,0
220,덕평휴게소,2015-02,5종,0
220,덕평휴게소,2015-02,6종,369
221,생초,2015-02,1종,51773
221,생초,2015-02,2종,1596
221,생초,2015-02,3종,2248
221,생초,2015-02,4종,1986
221,생초,2015-02,5종,5714
221,생초,2015-02,6종,1820
222,산청,2015-02,1종,48855
222,산청,2015-02,2종,1378
222,산청,2015-02,3종,1752
222,산청,2015-02,4종,663
222,산청,2015-02,5종,1180
222,산청,2015-02,6종,1835
223,단성,2015-02,1종,96304
223,단성,2015-02,2종,2088
223,단성,2015-02,3종,4663
223,단성,2015-02,4종,2636
223,단성,2015-02,5종,2715
223,단성,2015-02,6종,3427
224,함양,2015-02,1종,94939
224,함양,2015-02,2종,2369
224,함양,2015-02,3종,6117
224,함양,2015-02,4종,1279
224,함양,2015-02,5종,1474
224,함양,2015-02,6종,4404
225,서진주,2015-02,1종,293650
225,서진주,2015-02,2종,6401
225,서진주,2015-02,3종,4969
225,서진주,2015-02,4종,2774
225,서진주,2015-02,5종,4521
225,서진주,2015-02,6종,16604
227,군산,2015-02,1종,277646
227,군산,2015-02,2종,6861
227,군산,2015-02,3종,14596
227,군산,2015-02,4종,11911
227,군산,2015-02,5종,30910
227,군산,2015-02,6종,8575
228,동군산,2015-02,1종,247572
228,동군산,2015-02,2종,7251
228,동군산,2015-02,3종,11641
228,동군산,2015-02,4종,7853
228,동군산,2015-02,5종,19367
228,동군산,2015-02,6종,6859
229,북천안,2015-02,1종,320642
229,북천안,2015-02,2종,23339
229,북천안,2015-02,3종,30063
229,북천안,2015-02,4종,33246
229,북천안,2015-02,5종,37183
229,북천안,2015-02,6종,18131
230,팔공산,2015-02,1종,600615
230,팔공산,2015-02,2종,19826
230,팔공산,2015-02,3종,11118
230,팔공산,2015-02,4종,6895
230,팔공산,2015-02,5종,8712
230,팔공산,2015-02,6종,27932
231,화원옥포,2015-02,1종,516539
231,화원옥포,2015-02,2종,25944
231,화원옥포,2015-02,3종,16057
231,화원옥포,2015-02,4종,8838
231,화원옥포,2015-02,5종,9913
231,화원옥포,2015-02,6종,26215
232,달성,2015-02,1종,276255
232,달성,2015-02,2종,15960
232,달성,2015-02,3종,18567
232,달성,2015-02,4종,5129
232,달성,2015-02,5종,6233
232,달성,2015-02,6종,18687
233,현풍,2015-02,1종,359494
233,현풍,2015-02,2종,24462
233,현풍,2015-02,3종,22234
233,현풍,2015-02,4종,20254
233,현풍,2015-02,5종,29643
233,현풍,2015-02,6종,16689
234,서천,2015-02,1종,114512
234,서천,2015-02,2종,3180
234,서천,2015-02,3종,3998
234,서천,2015-02,4종,4123
234,서천,2015-02,5종,5279
234,서천,2015-02,6종,3792
235,창녕,2015-02,1종,150223
235,창녕,2015-02,2종,5722
235,창녕,2015-02,3종,7021
235,창녕,2015-02,4종,3298
235,창녕,2015-02,5종,6310
235,창녕,2015-02,6종,7858
236,영산,2015-02,1종,150111
236,영산,2015-02,2종,8062
236,영산,2015-02,3종,8449
236,영산,2015-02,4종,6233
236,영산,2015-02,5종,7558
236,영산,2015-02,6종,6755
237,남지,2015-02,1종,127516
237,남지,2015-02,2종,6602
237,남지,2015-02,3종,10720
237,남지,2015-02,4종,6205
237,남지,2015-02,5종,10546
237,남지,2015-02,6종,8835
238,칠서,2015-02,1종,204983
238,칠서,2015-02,2종,23421
238,칠서,2015-02,3종,13688
238,칠서,2015-02,4종,17431
238,칠서,2015-02,5종,27854
238,칠서,2015-02,6종,13674
239,칠원,2015-02,1종,550397
239,칠원,2015-02,2종,20940
239,칠원,2015-02,3종,39988
239,칠원,2015-02,4종,27287
239,칠원,2015-02,5종,25839
239,칠원,2015-02,6종,27675
240,제천,2015-02,1종,469126
240,제천,2015-02,2종,10604
240,제천,2015-02,3종,23672
240,제천,2015-02,4종,8626
240,제천,2015-02,5종,13136
240,제천,2015-02,6종,18799
241,동고령,2015-02,1종,260574
241,동고령,2015-02,2종,14781
241,동고령,2015-02,3종,14509
241,동고령,2015-02,4종,14137
241,동고령,2015-02,5종,11801
241,동고령,2015-02,6종,11767
242,고령,2015-02,1종,186421
242,고령,2015-02,2종,8067
242,고령,2015-02,3종,7588
242,고령,2015-02,4종,5177
242,고령,2015-02,5종,20854
242,고령,2015-02,6종,7374
243,해인사,2015-02,1종,89120
243,해인사,2015-02,2종,2169
243,해인사,2015-02,3종,2098
243,해인사,2015-02,4종,726
243,해인사,2015-02,5종,4480
243,해인사,2015-02,6종,4205
244,서부산,2015-02,1종,1437771
244,서부산,2015-02,2종,41292
244,서부산,2015-02,3종,70902
244,서부산,2015-02,4종,31171
244,서부산,2015-02,5종,74545
244,서부산,2015-02,6종,77613
245,장유,2015-02,1종,1234785
245,장유,2015-02,2종,35725
245,장유,2015-02,3종,48530
245,장유,2015-02,4종,20575
245,장유,2015-02,5종,27338
245,장유,2015-02,6종,84508
246,가락,2015-02,1종,40354
246,가락,2015-02,2종,5726
246,가락,2015-02,3종,5679
246,가락,2015-02,4종,14479
246,가락,2015-02,5종,42259
246,가락,2015-02,6종,1680
247,남원,2015-02,1종,129305
247,남원,2015-02,2종,4579
247,남원,2015-02,3종,6321
247,남원,2015-02,4종,2258
247,남원,2015-02,5종,7817
247,남원,2015-02,6종,4730
248,순창,2015-02,1종,119134
248,순창,2015-02,2종,3164
248,순창,2015-02,3종,3049
248,순창,2015-02,4종,2137
248,순창,2015-02,5종,2553
248,순창,2015-02,6종,4393
249,담양,2015-02,1종,141505
249,담양,2015-02,2종,3270
249,담양,2015-02,3종,11285
249,담양,2015-02,4종,2072
249,담양,2015-02,5종,3833
249,담양,2015-02,6종,4799
250,남양산,2015-02,1종,999691
250,남양산,2015-02,2종,41395
250,남양산,2015-02,3종,34572
250,남양산,2015-02,4종,21027
250,남양산,2015-02,5종,29390
250,남양산,2015-02,6종,76431
251,물금,2015-02,1종,411306
251,물금,2015-02,2종,35006
251,물금,2015-02,3종,14260
251,물금,2015-02,4종,30449
251,물금,2015-02,5종,62060
251,물금,2015-02,6종,28596
252,대동,2015-02,1종,1655773
252,대동,2015-02,2종,93710
252,대동,2015-02,3종,66341
252,대동,2015-02,4종,64286
252,대동,2015-02,5종,190653
252,대동,2015-02,6종,80146
253,서서울,2015-02,1종,4641787
253,서서울,2015-02,2종,167854
253,서서울,2015-02,3종,133811
253,서서울,2015-02,4종,110591
253,서서울,2015-02,5종,91462
253,서서울,2015-02,6종,278310
254,군자,2015-02,1종,2148681
254,군자,2015-02,2종,92156
254,군자,2015-02,3종,95116
254,군자,2015-02,4종,70295
254,군자,2015-02,5종,127555
254,군자,2015-02,6종,148379
255,서안산,2015-02,1종,1516384
255,서안산,2015-02,2종,80374
255,서안산,2015-02,3종,56536
255,서안산,2015-02,4종,40359
255,서안산,2015-02,5종,45326
255,서안산,2015-02,6종,117440
256,안산,2015-02,1종,779533
256,안산,2015-02,2종,19666
256,안산,2015-02,3종,17716
256,안산,2015-02,4종,5243
256,안산,2015-02,5종,5499
256,안산,2015-02,6종,60319
257,홍성,2015-02,1종,174540
257,홍성,2015-02,2종,3742
257,홍성,2015-02,3종,5494
257,홍성,2015-02,4종,2702
257,홍성,2015-02,5종,3575
257,홍성,2015-02,6종,6176
258,광천,2015-02,1종,121893
258,광천,2015-02,2종,5011
258,광천,2015-02,3종,6477
258,광천,2015-02,4종,4922
258,광천,2015-02,5종,8534
258,광천,2015-02,6종,4581
259,대천,2015-02,1종,205245
259,대천,2015-02,2종,4854
259,대천,2015-02,3종,8080
259,대천,2015-02,4종,2959
259,대천,2015-02,5종,4289
259,대천,2015-02,6종,7523
260,춘장대,2015-02,1종,44545
260,춘장대,2015-02,2종,875
260,춘장대,2015-02,3종,1225
260,춘장대,2015-02,4종,1144
260,춘장대,2015-02,5종,1893
260,춘장대,2015-02,6종,1251
261,동광주,2015-02,1종,987346
261,동광주,2015-02,2종,23977
261,동광주,2015-02,3종,50977
261,동광주,2015-02,4종,19660
261,동광주,2015-02,5종,36660
261,동광주,2015-02,6종,31917
262,창평,2015-02,1종,91532
262,창평,2015-02,2종,4037
262,창평,2015-02,3종,2521
262,창평,2015-02,4종,2335
262,창평,2015-02,5종,1650
262,창평,2015-02,6종,2875
263,옥과,2015-02,1종,183720
263,옥과,2015-02,2종,3457
263,옥과,2015-02,3종,8128
263,옥과,2015-02,4종,2815
263,옥과,2015-02,5종,3395
263,옥과,2015-02,6종,6613
264,동남원,2015-02,1종,52676
264,동남원,2015-02,2종,1415
264,동남원,2015-02,3종,2359
264,동남원,2015-02,4종,770
264,동남원,2015-02,5종,993
264,동남원,2015-02,6종,1688
265,곡성,2015-02,1종,136969
265,곡성,2015-02,2종,3361
265,곡성,2015-02,3종,4115
265,곡성,2015-02,4종,1716
265,곡성,2015-02,5종,4646
265,곡성,2015-02,6종,5049
266,석곡,2015-02,1종,46218
266,석곡,2015-02,2종,979
266,석곡,2015-02,3종,1560
266,석곡,2015-02,4종,634
266,석곡,2015-02,5종,833
266,석곡,2015-02,6종,1714
267,주암송광사,2015-02,1종,117334
267,주암송광사,2015-02,2종,2741
267,주암송광사,2015-02,3종,2722
267,주암송광사,2015-02,4종,2691
267,주암송광사,2015-02,5종,3647
267,주암송광사,2015-02,6종,3603
268,승주,2015-02,1종,61344
268,승주,2015-02,2종,920
268,승주,2015-02,3종,1151
268,승주,2015-02,4종,834
268,승주,2015-02,5종,1077
268,승주,2015-02,6종,2702
269,지리산,2015-02,1종,47770
269,지리산,2015-02,2종,1211
269,지리산,2015-02,3종,1977
269,지리산,2015-02,4종,1114
269,지리산,2015-02,5종,909
269,지리산,2015-02,6종,1451
270,서순천,2015-02,1종,147593
270,서순천,2015-02,2종,4499
270,서순천,2015-02,3종,9145
270,서순천,2015-02,4종,1899
270,서순천,2015-02,5종,3532
270,서순천,2015-02,6종,5413
271,순천,2015-02,1종,541049
271,순천,2015-02,2종,13239
271,순천,2015-02,3종,12884
271,순천,2015-02,4종,8190
271,순천,2015-02,5종,28005
271,순천,2015-02,6종,17955
272,광양,2015-02,1종,306745
272,광양,2015-02,2종,8358
272,광양,2015-02,3종,18684
272,광양,2015-02,4종,14958
272,광양,2015-02,5종,51622
272,광양,2015-02,6종,9924
273,동광양,2015-02,1종,133667
273,동광양,2015-02,2종,2270
273,동광양,2015-02,3종,2491
273,동광양,2015-02,4종,3758
273,동광양,2015-02,5종,23461
273,동광양,2015-02,6종,5732
274,가조,2015-02,1종,62692
274,가조,2015-02,2종,2026
274,가조,2015-02,3종,2580
274,가조,2015-02,4종,1307
274,가조,2015-02,5종,968
274,가조,2015-02,6종,3695
275,옥곡,2015-02,1종,164977
275,옥곡,2015-02,2종,4038
275,옥곡,2015-02,3종,7571
275,옥곡,2015-02,4종,8552
275,옥곡,2015-02,5종,36076
275,옥곡,2015-02,6종,7025
276,진월,2015-02,1종,77625
276,진월,2015-02,2종,1944
276,진월,2015-02,3종,1587
276,진월,2015-02,4종,5282
276,진월,2015-02,5종,33585
276,진월,2015-02,6종,2762
277,하동,2015-02,1종,194444
277,하동,2015-02,2종,4083
277,하동,2015-02,3종,6496
277,하동,2015-02,4종,8044
277,하동,2015-02,5종,26665
277,하동,2015-02,6종,8448
278,진교,2015-02,1종,173600
278,진교,2015-02,2종,3526
278,진교,2015-02,3종,12415
278,진교,2015-02,4종,1320
278,진교,2015-02,5종,3141
278,진교,2015-02,6종,9250
279,곤양,2015-02,1종,117283
279,곤양,2015-02,2종,2908
279,곤양,2015-02,3종,5194
279,곤양,2015-02,4종,2921
279,곤양,2015-02,5종,5489
279,곤양,2015-02,6종,5538
280,거창,2015-02,1종,167745
280,거창,2015-02,2종,5977
280,거창,2015-02,3종,12435
280,거창,2015-02,4종,2619
280,거창,2015-02,5종,3371
280,거창,2015-02,6종,8052
281,매송,2015-02,1종,444239
281,매송,2015-02,2종,19753
281,매송,2015-02,3종,19588
281,매송,2015-02,4종,9005
281,매송,2015-02,5종,12928
281,매송,2015-02,6종,26487
282,비봉,2015-02,1종,663950
282,비봉,2015-02,2종,37775
282,비봉,2015-02,3종,22531
282,비봉,2015-02,4종,14998
282,비봉,2015-02,5종,22803
282,비봉,2015-02,6종,41034
283,발안,2015-02,1종,408262
283,발안,2015-02,2종,22340
283,발안,2015-02,3종,20143
283,발안,2015-02,4종,14737
283,발안,2015-02,5종,13554
283,발안,2015-02,6종,25459
284,남양양,2015-02,1종,49492
284,남양양,2015-02,2종,1113
284,남양양,2015-02,3종,1418
284,남양양,2015-02,4종,424
284,남양양,2015-02,5종,494
284,남양양,2015-02,6종,1674
285,서평택,2015-02,1종,533095
285,서평택,2015-02,2종,31519
285,서평택,2015-02,3종,41044
285,서평택,2015-02,4종,51778
285,서평택,2015-02,5종,100373
285,서평택,2015-02,6종,29058
286,통도사휴게소,2015-02,1종,32197
286,통도사휴게소,2015-02,2종,231
286,통도사휴게소,2015-02,3종,1524
286,통도사휴게소,2015-02,4종,1
286,통도사휴게소,2015-02,5종,0
286,통도사휴게소,2015-02,6종,1526
287,송악,2015-02,1종,390924
287,송악,2015-02,2종,14314
287,송악,2015-02,3종,16564
287,송악,2015-02,4종,20697
287,송악,2015-02,5종,86466
287,송악,2015-02,6종,18488
288,당진,2015-02,1종,386664
288,당진,2015-02,2종,12576
288,당진,2015-02,3종,22499
288,당진,2015-02,4종,12657
288,당진,2015-02,5종,38729
288,당진,2015-02,6종,17448
289,마산,2015-02,1종,815408
289,마산,2015-02,2종,22978
289,마산,2015-02,3종,33461
289,마산,2015-02,4종,12360
289,마산,2015-02,5종,15730
289,마산,2015-02,6종,46525
290,축동,2015-02,1종,41592
290,축동,2015-02,2종,2645
290,축동,2015-02,3종,1598
290,축동,2015-02,4종,2890
290,축동,2015-02,5종,6104
290,축동,2015-02,6종,2523
291,사천,2015-02,1종,625689
291,사천,2015-02,2종,23865
291,사천,2015-02,3종,24211
291,사천,2015-02,4종,13662
291,사천,2015-02,5종,22984
291,사천,2015-02,6종,40026
292,진주,2015-02,1종,644608
292,진주,2015-02,2종,19110
292,진주,2015-02,3종,44978
292,진주,2015-02,4종,11388
292,진주,2015-02,5종,24131
292,진주,2015-02,6종,41333
293,문산,2015-02,1종,286527
293,문산,2015-02,2종,10535
293,문산,2015-02,3종,6601
293,문산,2015-02,4종,5432
293,문산,2015-02,5종,7360
293,문산,2015-02,6종,17719
294,북창원,2015-02,1종,230073
294,북창원,2015-02,2종,7885
294,북창원,2015-02,3종,4889
294,북창원,2015-02,4종,6906
294,북창원,2015-02,5종,4612
294,북창원,2015-02,6종,12144
295,진성,2015-02,1종,130328
295,진성,2015-02,2종,6645
295,진성,2015-02,3종,5197
295,진성,2015-02,4종,4670
295,진성,2015-02,5종,10452
295,진성,2015-02,6종,6245
296,지수,2015-02,1종,47722
296,지수,2015-02,2종,2272
296,지수,2015-02,3종,1739
296,지수,2015-02,4종,1006
296,지수,2015-02,5종,2898
296,지수,2015-02,6종,3411
297,동충주,2015-02,1종,205283
297,동충주,2015-02,2종,5938
297,동충주,2015-02,3종,11409
297,동충주,2015-02,4종,11609
297,동충주,2015-02,5종,35193
297,동충주,2015-02,6종,7268
298,서산,2015-02,1종,444117
298,서산,2015-02,2종,12641
298,서산,2015-02,3종,26837
298,서산,2015-02,4종,19851
298,서산,2015-02,5종,36708
298,서산,2015-02,6종,18248
299,해미,2015-02,1종,123258
299,해미,2015-02,2종,4168
299,해미,2015-02,3종,5163
299,해미,2015-02,4종,4775
299,해미,2015-02,5종,8583
299,해미,2015-02,6종,4943
500,남여주,2015-02,1종,143859
500,남여주,2015-02,2종,6445
500,남여주,2015-02,3종,7649
500,남여주,2015-02,4종,6548
500,남여주,2015-02,5종,9588
500,남여주,2015-02,6종,7226
501,서김제,2015-02,1종,58859
501,서김제,2015-02,2종,2294
501,서김제,2015-02,3종,3544
501,서김제,2015-02,4종,1950
501,서김제,2015-02,5종,2106
501,서김제,2015-02,6종,1499
502,부안,2015-02,1종,103540
502,부안,2015-02,2종,3547
502,부안,2015-02,3종,6756
502,부안,2015-02,4종,2179
502,부안,2015-02,5종,3294
502,부안,2015-02,6종,2836
503,줄포,2015-02,1종,61323
503,줄포,2015-02,2종,1634
503,줄포,2015-02,3종,1837
503,줄포,2015-02,4종,817
503,줄포,2015-02,5종,905
503,줄포,2015-02,6종,1587
504,선운산,2015-02,1종,106606
504,선운산,2015-02,2종,3268
504,선운산,2015-02,3종,7367
504,선운산,2015-02,4종,6791
504,선운산,2015-02,5종,5018
504,선운산,2015-02,6종,2759
505,고창,2015-02,1종,87007
505,고창,2015-02,2종,2741
505,고창,2015-02,3종,2996
505,고창,2015-02,4종,1249
505,고창,2015-02,5종,1071
505,고창,2015-02,6종,2355
506,영광,2015-02,1종,91164
506,영광,2015-02,2종,2407
506,영광,2015-02,3종,5798
506,영광,2015-02,4종,1702
506,영광,2015-02,5종,2024
506,영광,2015-02,6종,2305
507,함평,2015-02,1종,63870
507,함평,2015-02,2종,2022
507,함평,2015-02,3종,5427
507,함평,2015-02,4종,3093
507,함평,2015-02,5종,4262
507,함평,2015-02,6종,1643
508,무안,2015-02,1종,183496
508,무안,2015-02,2종,4539
508,무안,2015-02,3종,6238
508,무안,2015-02,4종,3947
508,무안,2015-02,5종,4056
508,무안,2015-02,6종,5187
509,목포,2015-02,1종,786518
509,목포,2015-02,2종,18187
509,목포,2015-02,3종,34509
509,목포,2015-02,4종,26171
509,목포,2015-02,5종,34241
509,목포,2015-02,6종,21596
510,양양,2015-02,1종,74317
510,양양,2015-02,2종,1829
510,양양,2015-02,3종,2089
510,양양,2015-02,4종,817
510,양양,2015-02,5종,1271
510,양양,2015-02,6종,3016
511,무창포,2015-02,1종,64002
511,무창포,2015-02,2종,2038
511,무창포,2015-02,3종,2179
511,무창포,2015-02,4종,1685
511,무창포,2015-02,5종,4110
511,무창포,2015-02,6종,1872
512,연화산,2015-02,1종,37532
512,연화산,2015-02,2종,1077
512,연화산,2015-02,3종,1006
512,연화산,2015-02,4종,997
512,연화산,2015-02,5종,2161
512,연화산,2015-02,6종,2440
513,고성,2015-02,1종,345802
513,고성,2015-02,2종,11021
513,고성,2015-02,3종,14537
513,고성,2015-02,4종,8054
513,고성,2015-02,5종,12701
513,고성,2015-02,6종,18680
514,동고성,2015-02,1종,86134
514,동고성,2015-02,2종,3481
514,동고성,2015-02,3종,4692
514,동고성,2015-02,4종,6686
514,동고성,2015-02,5종,11118
514,동고성,2015-02,6종,6950
515,북통영,2015-02,1종,147494
515,북통영,2015-02,2종,3246
515,북통영,2015-02,3종,9811
515,북통영,2015-02,4종,1777
515,북통영,2015-02,5종,1879
515,북통영,2015-02,6종,8292
516,통영,2015-02,1종,549719
516,통영,2015-02,2종,15430
516,통영,2015-02,3종,21139
516,통영,2015-02,4종,14583
516,통영,2015-02,5종,19152
516,통영,2015-02,6종,27071
517,양평,2015-02,1종,186193
517,양평,2015-02,2종,5186
517,양평,2015-02,3종,5468
517,양평,2015-02,4종,3982
517,양평,2015-02,5종,5661
517,양평,2015-02,6종,7555
518,칠곡물류,2015-02,1종,53077
518,칠곡물류,2015-02,2종,12025
518,칠곡물류,2015-02,3종,7142
518,칠곡물류,2015-02,4종,11763
518,칠곡물류,2015-02,5종,11218
518,칠곡물류,2015-02,6종,2641
519,남대구,2015-02,1종,1196785
519,남대구,2015-02,2종,46392
519,남대구,2015-02,3종,55466
519,남대구,2015-02,4종,20621
519,남대구,2015-02,5종,33051
519,남대구,2015-02,6종,61044
520,평택,2015-02,1종,542416
520,평택,2015-02,2종,25590
520,평택,2015-02,3종,38292
520,평택,2015-02,4종,17687
520,평택,2015-02,5종,23247
520,평택,2015-02,6종,31654
521,단양,2015-02,1종,60512
521,단양,2015-02,2종,1330
521,단양,2015-02,3종,3048
521,단양,2015-02,4종,1189
521,단양,2015-02,5종,7520
521,단양,2015-02,6종,2331
522,북단양,2015-02,1종,87894
522,북단양,2015-02,2종,1891
522,북단양,2015-02,3종,2727
522,북단양,2015-02,4종,6321
522,북단양,2015-02,5종,23752
522,북단양,2015-02,6종,3134
523,남제천,2015-02,1종,72728
523,남제천,2015-02,2종,1434
523,남제천,2015-02,3종,3776
523,남제천,2015-02,4종,865
523,남제천,2015-02,5종,2939
523,남제천,2015-02,6종,2434
524,청통와촌,2015-02,1종,216669
524,청통와촌,2015-02,2종,9023
524,청통와촌,2015-02,3종,5732
524,청통와촌,2015-02,4종,3783
524,청통와촌,2015-02,5종,4779
524,청통와촌,2015-02,6종,8168
525,북영천,2015-02,1종,179882
525,북영천,2015-02,2종,5034
525,북영천,2015-02,3종,4098
525,북영천,2015-02,4종,3238
525,북영천,2015-02,5종,5729
525,북영천,2015-02,6종,5586
526,서포항,2015-02,1종,107341
526,서포항,2015-02,2종,1774
526,서포항,2015-02,3종,1867
526,서포항,2015-02,4종,956
526,서포항,2015-02,5종,2153
526,서포항,2015-02,6종,6014
527,포항,2015-02,1종,776257
527,포항,2015-02,2종,14806
527,포항,2015-02,3종,24209
527,포항,2015-02,4종,8852
527,포항,2015-02,5종,36239
527,포항,2015-02,6종,28743
528,기흥동탄,2015-02,1종,969895
528,기흥동탄,2015-02,2종,23404
528,기흥동탄,2015-02,3종,59332
528,기흥동탄,2015-02,4종,16005
528,기흥동탄,2015-02,5종,15853
528,기흥동탄,2015-02,6종,56484
529,노포,2015-02,1종,230160
529,노포,2015-02,2종,10814
529,노포,2015-02,3종,38242
529,노포,2015-02,4종,5889
529,노포,2015-02,5종,8724
529,노포,2015-02,6종,11673
530,내장산,2015-02,1종,41182
530,내장산,2015-02,2종,1012
530,내장산,2015-02,3종,835
530,내장산,2015-02,4종,553
530,내장산,2015-02,5종,343
530,내장산,2015-02,6종,1845
531,문의청남대,2015-02,1종,160919
531,문의청남대,2015-02,2종,4886
531,문의청남대,2015-02,3종,6241
531,문의청남대,2015-02,4종,4369
531,문의청남대,2015-02,5종,5505
531,문의청남대,2015-02,6종,6753
532,회인,2015-02,1종,39168
532,회인,2015-02,2종,795
532,회인,2015-02,3종,762
532,회인,2015-02,4종,484
532,회인,2015-02,5종,649
532,회인,2015-02,6종,1724
533,보은,2015-02,1종,110821
533,보은,2015-02,2종,3372
533,보은,2015-02,3종,3398
533,보은,2015-02,4종,2298
533,보은,2015-02,5종,1966
533,보은,2015-02,6종,5494
534,속리산,2015-02,1종,43442
534,속리산,2015-02,2종,1581
534,속리산,2015-02,3종,1748
534,속리산,2015-02,4종,1102
534,속리산,2015-02,5종,1298
534,속리산,2015-02,6종,1754
535,화서,2015-02,1종,46652
535,화서,2015-02,2종,1091
535,화서,2015-02,3종,1183
535,화서,2015-02,4종,872
535,화서,2015-02,5종,1656
535,화서,2015-02,6종,2093
536,남상주,2015-02,1종,135671
536,남상주,2015-02,2종,3954
536,남상주,2015-02,3종,9382
536,남상주,2015-02,4종,5075
536,남상주,2015-02,5종,3228
536,남상주,2015-02,6종,4890
537,남김천,2015-02,1종,73454
537,남김천,2015-02,2종,4013
537,남김천,2015-02,3종,4318
537,남김천,2015-02,4종,4520
537,남김천,2015-02,5종,8949
537,남김천,2015-02,6종,2763
538,성주,2015-02,1종,67990
538,성주,2015-02,2종,4706
538,성주,2015-02,3종,4552
538,성주,2015-02,4종,4122
538,성주,2015-02,5종,4905
538,성주,2015-02,6종,2544
539,남성주,2015-02,1종,45091
539,남성주,2015-02,2종,5014
539,남성주,2015-02,3종,2861
539,남성주,2015-02,4종,3772
539,남성주,2015-02,5종,4975
539,남성주,2015-02,6종,1748
540,청북,2015-02,1종,396431
540,청북,2015-02,2종,35412
540,청북,2015-02,3종,37075
540,청북,2015-02,4종,30486
540,청북,2015-02,5종,32979
540,청북,2015-02,6종,22950
541,송탄,2015-02,1종,341129
541,송탄,2015-02,2종,30442
541,송탄,2015-02,3종,30066
541,송탄,2015-02,4종,28819
541,송탄,2015-02,5종,20830
541,송탄,2015-02,6종,19263
542,서안성,2015-02,1종,314983
542,서안성,2015-02,2종,25888
542,서안성,2015-02,3종,37056
542,서안성,2015-02,4종,37142
542,서안성,2015-02,5종,25153
542,서안성,2015-02,6종,14983
543,남안성,2015-02,1종,454935
543,남안성,2015-02,2종,40987
543,남안성,2015-02,3종,38490
543,남안성,2015-02,4종,36858
543,남안성,2015-02,5종,32518
543,남안성,2015-02,6종,25175
544,완주,2015-02,1종,161578
544,완주,2015-02,2종,4873
544,완주,2015-02,3종,6603
544,완주,2015-02,4종,6416
544,완주,2015-02,5종,9984
544,완주,2015-02,6종,5330
545,소양,2015-02,1종,147609
545,소양,2015-02,2종,3462
545,소양,2015-02,3종,8137
545,소양,2015-02,4종,2183
545,소양,2015-02,5종,4147
545,소양,2015-02,6종,5061
546,진안,2015-02,1종,57091
546,진안,2015-02,2종,1759
546,진안,2015-02,3종,2085
546,진안,2015-02,4종,1042
546,진안,2015-02,5종,713
546,진안,2015-02,6종,1890
547,무안공항,2015-02,1종,25433
547,무안공항,2015-02,2종,441
547,무안공항,2015-02,3종,834
547,무안공항,2015-02,4종,252
547,무안공항,2015-02,5종,187
547,무안공항,2015-02,6종,843
548,북무안,2015-02,1종,98614
548,북무안,2015-02,2종,3083
548,북무안,2015-02,3종,3633
548,북무안,2015-02,4종,3037
548,북무안,2015-02,5종,2362
548,북무안,2015-02,6종,2484
549,동함평,2015-02,1종,147306
549,동함평,2015-02,2종,3379
549,동함평,2015-02,3종,3975
549,동함평,2015-02,4종,1500
549,동함평,2015-02,5종,2043
549,동함평,2015-02,6종,5635
550,문평,2015-02,1종,35516
550,문평,2015-02,2종,577
550,문평,2015-02,3종,875
550,문평,2015-02,4종,473
550,문평,2015-02,5종,3078
550,문평,2015-02,6종,1125
551,나주,2015-02,1종,48391
551,나주,2015-02,2종,1441
551,나주,2015-02,3종,962
551,나주,2015-02,4종,642
551,나주,2015-02,5종,820
551,나주,2015-02,6종,2167
552,서광산,2015-02,1종,107345
552,서광산,2015-02,2종,4664
552,서광산,2015-02,3종,5758
552,서광산,2015-02,4종,3187
552,서광산,2015-02,5종,4771
552,서광산,2015-02,6종,3171
553,동광산,2015-02,1종,779794
553,동광산,2015-02,2종,15190
553,동광산,2015-02,3종,24173
553,동광산,2015-02,4종,9659
553,동광산,2015-02,5종,16783
553,동광산,2015-02,6종,25050
554,동홍천,2015-02,1종,374895
554,동홍천,2015-02,2종,3360
554,동홍천,2015-02,3종,16273
554,동홍천,2015-02,4종,1929
554,동홍천,2015-02,5종,1268
554,동홍천,2015-02,6종,15334
555,북진천,2015-02,1종,282984
555,북진천,2015-02,2종,27850
555,북진천,2015-02,3종,27540
555,북진천,2015-02,4종,22159
555,북진천,2015-02,5종,21142
555,북진천,2015-02,6종,12825
556,동순천,2015-02,1종,298867
556,동순천,2015-02,2종,4838
556,동순천,2015-02,3종,11701
556,동순천,2015-02,4종,10706
556,동순천,2015-02,5종,37516
556,동순천,2015-02,6종,8299
557,황전,2015-02,1종,72226
557,황전,2015-02,2종,1597
557,황전,2015-02,3종,1024
557,황전,2015-02,4종,928
557,황전,2015-02,5종,2875
557,황전,2015-02,6종,2737
558,구례화엄사,2015-02,1종,87664
558,구례화엄사,2015-02,2종,2243
558,구례화엄사,2015-02,3종,3579
558,구례화엄사,2015-02,4종,2471
558,구례화엄사,2015-02,5종,4676
558,구례화엄사,2015-02,6종,2634
559,서남원,2015-02,1종,51217
559,서남원,2015-02,2종,2054
559,서남원,2015-02,3종,1982
559,서남원,2015-02,4종,2053
559,서남원,2015-02,5종,4553
559,서남원,2015-02,6종,1631
560,감곡,2015-02,1종,285155
560,감곡,2015-02,2종,11038
560,감곡,2015-02,3종,11871
560,감곡,2015-02,4종,14338
560,감곡,2015-02,5종,27091
560,감곡,2015-02,6종,10291
561,북충주,2015-02,1종,119861
561,북충주,2015-02,2종,3245
561,북충주,2015-02,3종,4338
561,북충주,2015-02,4종,2437
561,북충주,2015-02,5종,2871
561,북충주,2015-02,6종,4231
562,충주,2015-02,1종,178858
562,충주,2015-02,2종,6176
562,충주,2015-02,3종,13177
562,충주,2015-02,4종,8391
562,충주,2015-02,5종,7388
562,충주,2015-02,6종,6924
563,괴산,2015-02,1종,66839
563,괴산,2015-02,2종,1455
563,괴산,2015-02,3종,2973
563,괴산,2015-02,4종,2214
563,괴산,2015-02,5종,4621
563,괴산,2015-02,6종,2146
564,연풍,2015-02,1종,56536
564,연풍,2015-02,2종,2363
564,연풍,2015-02,3종,5696
564,연풍,2015-02,4종,4877
564,연풍,2015-02,5종,5757
564,연풍,2015-02,6종,1628
565,문경새재,2015-02,1종,93717
565,문경새재,2015-02,2종,2433
565,문경새재,2015-02,3종,4176
565,문경새재,2015-02,4종,3276
565,문경새재,2015-02,5종,2903
565,문경새재,2015-02,6종,3091
566,점촌함창,2015-02,1종,139283
566,점촌함창,2015-02,2종,3728
566,점촌함창,2015-02,3종,8518
566,점촌함창,2015-02,4종,4974
566,점촌함창,2015-02,5종,4842
566,점촌함창,2015-02,6종,4502
567,남고창,2015-02,1종,97346
567,남고창,2015-02,2종,2669
567,남고창,2015-02,3종,1843
567,남고창,2015-02,4종,1007
567,남고창,2015-02,5종,2474
567,남고창,2015-02,6종,3947
568,장성물류,2015-02,1종,32169
568,장성물류,2015-02,2종,6117
568,장성물류,2015-02,3종,3038
568,장성물류,2015-02,4종,6593
568,장성물류,2015-02,5종,7301
568,장성물류,2015-02,6종,999
569,북광주,2015-02,1종,289277
569,북광주,2015-02,2종,15120
569,북광주,2015-02,3종,9841
569,북광주,2015-02,4종,14326
569,북광주,2015-02,5종,19996
569,북광주,2015-02,6종,9264
570,북상주,2015-02,1종,121779
570,북상주,2015-02,2종,5390
570,북상주,2015-02,3종,9551
570,북상주,2015-02,4종,10679
570,북상주,2015-02,5종,7516
570,북상주,2015-02,6종,4020
571,면천,2015-02,1종,87589
571,면천,2015-02,2종,2678
571,면천,2015-02,3종,2628
571,면천,2015-02,4종,3070
571,면천,2015-02,5종,4963
571,면천,2015-02,6종,3263
572,고덕,2015-02,1종,124614
572,고덕,2015-02,2종,3287
572,고덕,2015-02,3종,5070
572,고덕,2015-02,4종,2651
572,고덕,2015-02,5종,5147
572,고덕,2015-02,6종,4651
573,예산수덕사,2015-02,1종,283985
573,예산수덕사,2015-02,2종,8716
573,예산수덕사,2015-02,3종,8569
573,예산수덕사,2015-02,4종,8078
573,예산수덕사,2015-02,5종,9001
573,예산수덕사,2015-02,6종,10330
574,신양,2015-02,1종,79984
574,신양,2015-02,2종,2393
574,신양,2015-02,3종,1941
574,신양,2015-02,4종,1903
574,신양,2015-02,5종,2513
574,신양,2015-02,6종,2753
575,유구,2015-02,1종,111546
575,유구,2015-02,2종,3006
575,유구,2015-02,3종,3192
575,유구,2015-02,4종,3300
575,유구,2015-02,5종,4538
575,유구,2015-02,6종,3554
576,마곡사,2015-02,1종,38990
576,마곡사,2015-02,2종,809
576,마곡사,2015-02,3종,750
576,마곡사,2015-02,4종,672
576,마곡사,2015-02,5종,677
576,마곡사,2015-02,6종,1461
577,공주,2015-02,1종,161169
577,공주,2015-02,2종,5157
577,공주,2015-02,3종,5001
577,공주,2015-02,4종,2058
577,공주,2015-02,5종,4113
577,공주,2015-02,6종,7206
578,서세종,2015-02,1종,191240
578,서세종,2015-02,2종,9391
578,서세종,2015-02,3종,6368
578,서세종,2015-02,4종,4740
578,서세종,2015-02,5종,6351
578,서세종,2015-02,6종,7812
579,남세종,2015-02,1종,342191
579,남세종,2015-02,2종,7256
579,남세종,2015-02,3종,7861
579,남세종,2015-02,4종,3544
579,남세종,2015-02,5종,5631
579,남세종,2015-02,6종,17567
580,북강릉,2015-02,1종,185584
580,북강릉,2015-02,2종,4167
580,북강릉,2015-02,3종,6086
580,북강릉,2015-02,4종,1715
580,북강릉,2015-02,5종,2993
580,북강릉,2015-02,6종,7807
581,옥계,2015-02,1종,49507
581,옥계,2015-02,2종,1425
581,옥계,2015-02,3종,1659
581,옥계,2015-02,4종,2742
581,옥계,2015-02,5종,9815
581,옥계,2015-02,6종,3123
582,망상,2015-02,1종,110020
582,망상,2015-02,2종,2708
582,망상,2015-02,3종,11655
582,망상,2015-02,4종,1073
582,망상,2015-02,5종,1404
582,망상,2015-02,6종,6365
583,동해,2015-02,1종,322617
583,동해,2015-02,2종,8087
583,동해,2015-02,3종,11067
583,동해,2015-02,4종,6555
583,동해,2015-02,5종,16351
583,동해,2015-02,6종,14820
584,남강릉,2015-02,1종,105765
584,남강릉,2015-02,2종,4968
584,남강릉,2015-02,3종,7998
584,남강릉,2015-02,4종,3080
584,남강릉,2015-02,5종,3846
584,남강릉,2015-02,6종,6752
585,하조대,2015-02,1종,129445
585,하조대,2015-02,2종,3609
585,하조대,2015-02,3종,7226
585,하조대,2015-02,4종,2076
585,하조대,2015-02,5종,1933
585,하조대,2015-02,6종,5013
586,북남원,2015-02,1종,19155
586,북남원,2015-02,2종,645
586,북남원,2015-02,3종,464
586,북남원,2015-02,4종,381
586,북남원,2015-02,5종,1262
586,북남원,2015-02,6종,542
587,오수,2015-02,1종,139661
587,오수,2015-02,2종,3406
587,오수,2015-02,3종,5386
587,오수,2015-02,4종,3027
587,오수,2015-02,5종,4446
587,오수,2015-02,6종,4676
588,임실,2015-02,1종,52086
588,임실,2015-02,2종,1665
588,임실,2015-02,3종,1793
588,임실,2015-02,4종,962
588,임실,2015-02,5종,2847
588,임실,2015-02,6종,1588
589,상관,2015-02,1종,145440
589,상관,2015-02,2종,3314
589,상관,2015-02,3종,6071
589,상관,2015-02,4종,4304
589,상관,2015-02,5종,25043
589,상관,2015-02,6종,4315
590,동전주,2015-02,1종,188984
590,동전주,2015-02,2종,2573
590,동전주,2015-02,3종,2476
590,동전주,2015-02,4종,1581
590,동전주,2015-02,5종,3549
590,동전주,2015-02,6종,7198
591,동서천,2015-02,1종,61450
591,동서천,2015-02,2종,1306
591,동서천,2015-02,3종,1883
591,동서천,2015-02,4종,1732
591,동서천,2015-02,5종,3356
591,동서천,2015-02,6종,1976
592,서부여,2015-02,1종,61713
592,서부여,2015-02,2종,2090
592,서부여,2015-02,3종,1951
592,서부여,2015-02,4종,1196
592,서부여,2015-02,5종,1316
592,서부여,2015-02,6종,2204
593,부여,2015-02,1종,74187
593,부여,2015-02,2종,2084
593,부여,2015-02,3종,2572
593,부여,2015-02,4종,2189
593,부여,2015-02,5종,2270
593,부여,2015-02,6종,2791
594,칠갑산,2015-02,1종,63905
594,칠갑산,2015-02,2종,1253
594,칠갑산,2015-02,3종,1800
594,칠갑산,2015-02,4종,1014
594,칠갑산,2015-02,5종,831
594,칠갑산,2015-02,6종,2053
595,서공주,2015-02,1종,56364
595,서공주,2015-02,2종,2295
595,서공주,2015-02,3종,1885
595,서공주,2015-02,4종,1861
595,서공주,2015-02,5종,2340
595,서공주,2015-02,6종,2102
596,가락2,2015-02,1종,52984
596,가락2,2015-02,2종,5525
596,가락2,2015-02,3종,5042
596,가락2,2015-02,4종,12128
596,가락2,2015-02,5종,49081
596,가락2,2015-02,6종,3160
597,서여주,2015-02,1종,108777
597,서여주,2015-02,2종,5300
597,서여주,2015-02,3종,5720
597,서여주,2015-02,4종,5058
597,서여주,2015-02,5종,4637
597,서여주,2015-02,6종,6049
598,북여주,2015-02,1종,62244
598,북여주,2015-02,2종,2185
598,북여주,2015-02,3종,1778
598,북여주,2015-02,4종,1403
598,북여주,2015-02,5종,3039
598,북여주,2015-02,6종,2848
599,양촌,2015-02,1종,26274
599,양촌,2015-02,2종,498
599,양촌,2015-02,3종,159
599,양촌,2015-02,4종,6
599,양촌,2015-02,5종,6
599,양촌,2015-02,6종,1010
601,남천안,2015-02,1종,286864
601,남천안,2015-02,2종,16227
601,남천안,2015-02,3종,20071
601,남천안,2015-02,4종,19742
601,남천안,2015-02,5종,16619
601,남천안,2015-02,6종,11912
602,풍세상,2015-02,1종,1385102
602,풍세상,2015-02,2종,32744
602,풍세상,2015-02,3종,126719
602,풍세상,2015-02,4종,58073
602,풍세상,2015-02,5종,63242
602,풍세상,2015-02,6종,59856
603,정안,2015-02,1종,247710
603,정안,2015-02,2종,7625
603,정안,2015-02,3종,21427
603,정안,2015-02,4종,9459
603,정안,2015-02,5종,7885
603,정안,2015-02,6종,9580
604,남공주,2015-02,1종,60992
604,남공주,2015-02,2종,2290
604,남공주,2015-02,3종,3236
604,남공주,2015-02,4종,2024
604,남공주,2015-02,5종,3247
604,남공주,2015-02,6종,2355
605,탄천,2015-02,1종,25808
605,탄천,2015-02,2종,1232
605,탄천,2015-02,3종,886
605,탄천,2015-02,4종,1041
605,탄천,2015-02,5종,1405
605,탄천,2015-02,6종,960
606,서논산,2015-02,1종,124958
606,서논산,2015-02,2종,4388
606,서논산,2015-02,3종,6858
606,서논산,2015-02,4종,5621
606,서논산,2015-02,5종,6539
606,서논산,2015-02,6종,4646
607,연무,2015-02,1종,66035
607,연무,2015-02,2종,2076
607,연무,2015-02,3종,2108
607,연무,2015-02,4종,1541
607,연무,2015-02,5종,2258
607,연무,2015-02,6종,2480
608,남논산하,2015-02,1종,868622
608,남논산하,2015-02,2종,17060
608,남논산하,2015-02,3종,86554
608,남논산하,2015-02,4종,30288
608,남논산하,2015-02,5종,47162
608,남논산하,2015-02,6종,33460
612,풍세하,2015-02,1종,1270782
612,풍세하,2015-02,2종,29952
612,풍세하,2015-02,3종,124426
612,풍세하,2015-02,4종,44152
612,풍세하,2015-02,5종,48498
612,풍세하,2015-02,6종,55738
613,남풍세,2015-02,1종,129260
613,남풍세,2015-02,2종,4822
613,남풍세,2015-02,3종,7096
613,남풍세,2015-02,4종,4364
613,남풍세,2015-02,5종,7607
613,남풍세,2015-02,6종,4949
618,남논산상,2015-02,1종,890172
618,남논산상,2015-02,2종,17236
618,남논산상,2015-02,3종,83318
618,남논산상,2015-02,4종,33516
618,남논산상,2015-02,5종,54866
618,남논산상,2015-02,6종,33682
621,동대구,2015-02,1종,714362
621,동대구,2015-02,2종,24053
621,동대구,2015-02,3종,32762
621,동대구,2015-02,4종,18866
621,동대구,2015-02,5종,22644
621,동대구,2015-02,6종,34580
622,대구,2015-02,1종,1051650
622,대구,2015-02,2종,35698
622,대구,2015-02,3종,51754
622,대구,2015-02,4종,40202
622,대구,2015-02,5종,70742
622,대구,2015-02,6종,53934
623,수성,2015-02,1종,653606
623,수성,2015-02,2종,14820
623,수성,2015-02,3종,10460
623,수성,2015-02,4종,4944
623,수성,2015-02,5종,5707
623,수성,2015-02,6종,30026
624,청도,2015-02,1종,188945
624,청도,2015-02,2종,6744
624,청도,2015-02,3종,5869
624,청도,2015-02,4종,4664
624,청도,2015-02,5종,5670
624,청도,2015-02,6종,8437
625,밀양,2015-02,1종,241713
625,밀양,2015-02,2종,10380
625,밀양,2015-02,3종,9034
625,밀양,2015-02,4종,7301
625,밀양,2015-02,5종,7746
625,밀양,2015-02,6종,10486
626,남밀양,2015-02,1종,325595
626,남밀양,2015-02,2종,15704
626,남밀양,2015-02,3종,13890
626,남밀양,2015-02,4종,11158
626,남밀양,2015-02,5종,12370
626,남밀양,2015-02,6종,17716
627,삼랑진,2015-02,1종,202209
627,삼랑진,2015-02,2종,7696
627,삼랑진,2015-02,3종,5673
627,삼랑진,2015-02,4종,4675
627,삼랑진,2015-02,5종,9153
627,삼랑진,2015-02,6종,11703
628,상동,2015-02,1종,185169
628,상동,2015-02,2종,18427
628,상동,2015-02,3종,12041
628,상동,2015-02,4종,13635
628,상동,2015-02,5종,20610
628,상동,2015-02,6종,11004
629,김해부산,2015-02,1종,1092026
629,김해부산,2015-02,2종,47780
629,김해부산,2015-02,3종,58522
629,김해부산,2015-02,4종,50294
629,김해부산,2015-02,5종,80932
629,김해부산,2015-02,6종,60368
641,울산,2015-02,1종,1083839
641,울산,2015-02,2종,39003
641,울산,2015-02,3종,58363
641,울산,2015-02,4종,39976
641,울산,2015-02,5종,102737
641,울산,2015-02,6종,50084
642,문수,2015-02,1종,108275
642,문수,2015-02,2종,4085
642,문수,2015-02,3종,4696
642,문수,2015-02,4종,7071
642,문수,2015-02,5종,17463
642,문수,2015-02,6종,5795
643,청량,2015-02,1종,489035
643,청량,2015-02,2종,10112
643,청량,2015-02,3종,10947
643,청량,2015-02,4종,16025
643,청량,2015-02,5종,56543
643,청량,2015-02,6종,29017
644,온양,2015-02,1종,164002
644,온양,2015-02,2종,3235
644,온양,2015-02,3종,2260
644,온양,2015-02,4종,2532
644,온양,2015-02,5종,10114
644,온양,2015-02,6종,10669
645,장안,2015-02,1종,290254
645,장안,2015-02,2종,5996
645,장안,2015-02,3종,4583
645,장안,2015-02,4종,5028
645,장안,2015-02,5종,12330
645,장안,2015-02,6종,19055
646,기장일광,2015-02,1종,250972
646,기장일광,2015-02,2종,2436
646,기장일광,2015-02,3종,2091
646,기장일광,2015-02,4종,1878
646,기장일광,2015-02,5종,5303
646,기장일광,2015-02,6종,14478
647,해운대송정,2015-02,1종,122756
647,해운대송정,2015-02,2종,1109
647,해운대송정,2015-02,3종,623
647,해운대송정,2015-02,4종,444
647,해운대송정,2015-02,5종,864
647,해운대송정,2015-02,6종,6868
648,해운대,2015-02,1종,694362
648,해운대,2015-02,2종,6854
648,해운대,2015-02,3종,6977
648,해운대,2015-02,4종,5929
648,해운대,2015-02,5종,31115
648,해운대,2015-02,6종,40571
651,남양주,2015-02,1종,1111487
651,남양주,2015-02,2종,24786
651,남양주,2015-02,3종,47016
651,남양주,2015-02,4종,10404
651,남양주,2015-02,5종,9446
651,남양주,2015-02,6종,66164
652,화도,2015-02,1종,619208
652,화도,2015-02,2종,19532
652,화도,2015-02,3종,22832
652,화도,2015-02,4종,7946
652,화도,2015-02,5종,6603
652,화도,2015-02,6종,47244
653,서종,2015-02,1종,96222
653,서종,2015-02,2종,908
653,서종,2015-02,3종,483
653,서종,2015-02,4종,291
653,서종,2015-02,5종,526
653,서종,2015-02,6종,6468
654,설악,2015-02,1종,119714
654,설악,2015-02,2종,1729
654,설악,2015-02,3종,2936
654,설악,2015-02,4종,1067
654,설악,2015-02,5종,713
654,설악,2015-02,6종,6948
655,강촌,2015-02,1종,94886
655,강촌,2015-02,2종,1204
655,강촌,2015-02,3종,3144
655,강촌,2015-02,4종,1540
655,강촌,2015-02,5종,635
655,강촌,2015-02,6종,4637
656,남춘천,2015-02,1종,134865
656,남춘천,2015-02,2종,1975
656,남춘천,2015-02,3종,7947
656,남춘천,2015-02,4종,1377
656,남춘천,2015-02,5종,1996
656,남춘천,2015-02,6종,7058
657,동산,2015-02,1종,495490
657,동산,2015-02,2종,5814
657,동산,2015-02,3종,20656
657,동산,2015-02,4종,4166
657,동산,2015-02,5종,3486
657,동산,2015-02,6종,26632
658,조양,2015-02,1종,18170
658,조양,2015-02,2종,288
658,조양,2015-02,3종,188
658,조양,2015-02,4종,1061
658,조양,2015-02,5종,295
658,조양,2015-02,6종,818
671,봉담,2015-02,1종,1060827
671,봉담,2015-02,2종,44280
671,봉담,2015-02,3종,34273
671,봉담,2015-02,4종,15598
671,봉담,2015-02,5종,19462
671,봉담,2015-02,6종,80762
672,정남,2015-02,1종,280328
672,정남,2015-02,2종,15115
672,정남,2015-02,3종,8921
672,정남,2015-02,4종,5102
672,정남,2015-02,5종,3076
672,정남,2015-02,6종,22775
673,북오산,2015-02,1종,650329
673,북오산,2015-02,2종,20764
673,북오산,2015-02,3종,22457
673,북오산,2015-02,4종,13793
673,북오산,2015-02,5종,8783
673,북오산,2015-02,6종,48465
674,,2015-02,1종,712319
674,,2015-02,2종,29546
674,,2015-02,3종,50088
674,,2015-02,4종,16812
674,,2015-02,5종,15980
674,,2015-02,6종,50331
675,서오산,2015-02,1종,658533
675,서오산,2015-02,2종,18259
675,서오산,2015-02,3종,16096
675,서오산,2015-02,4종,8788
675,서오산,2015-02,5종,9465
675,서오산,2015-02,6종,45623
676,향남,2015-02,1종,458674
676,향남,2015-02,2종,28547
676,향남,2015-02,3종,20453
676,향남,2015-02,4종,17311
676,향남,2015-02,5종,10627
676,향남,2015-02,6종,36901
677,북평택,2015-02,1종,826117
677,북평택,2015-02,2종,25770
677,북평택,2015-02,3종,35757
677,북평택,2015-02,4종,13027
677,북평택,2015-02,5종,21569
677,북평택,2015-02,6종,49217
681,장안본선,2015-02,1종,767952
681,장안본선,2015-02,2종,49078
681,장안본선,2015-02,3종,89018
681,장안본선,2015-02,4종,61978
681,장안본선,2015-02,5종,109656
681,장안본선,2015-02,6종,42730
682,조암,2015-02,1종,258370
682,조암,2015-02,2종,27625
682,조암,2015-02,3종,24630
682,조암,2015-02,4종,16333
682,조암,2015-02,5종,17003
682,조암,2015-02,6종,15554
683,송산마도,2015-02,1종,410295
683,송산마도,2015-02,2종,26439
683,송산마도,2015-02,3종,19253
683,송산마도,2015-02,4종,14795
683,송산마도,2015-02,5종,21702
683,송산마도,2015-02,6종,24311
684,남안산,2015-02,1종,553303
684,남안산,2015-02,2종,54853
684,남안산,2015-02,3종,47053
684,남안산,2015-02,4종,38267
684,남안산,2015-02,5종,53828
684,남안산,2015-02,6종,40189
685,서시흥,2015-02,1종,1060948
685,서시흥,2015-02,2종,57424
685,서시흥,2015-02,3종,88782
685,서시흥,2015-02,4종,55127
685,서시흥,2015-02,5종,109748
685,서시흥,2015-02,6종,61577
981,서영암,2015-02,1종,227756
981,서영암,2015-02,2종,3783
981,서영암,2015-02,3종,7479
981,서영암,2015-02,4종,6932
981,서영암,2015-02,5종,16253
981,서영암,2015-02,6종,6675
982,강진무위사,2015-02,1종,146663
982,강진무위사,2015-02,2종,2649
982,강진무위사,2015-02,3종,5156
982,강진무위사,2015-02,4종,4895
982,강진무위사,2015-02,5종,5087
982,강진무위사,2015-02,6종,3998
983,장흥,2015-02,1종,101136
983,장흥,2015-02,2종,1323
983,장흥,2015-02,3종,1779
983,장흥,2015-02,4종,964
983,장흥,2015-02,5종,1313
983,장흥,2015-02,6종,2791
984,보성,2015-02,1종,171327
984,보성,2015-02,2종,4768
984,보성,2015-02,3종,4474
984,보성,2015-02,4종,4408
984,보성,2015-02,5종,10702
984,보성,2015-02,6종,4223
985,벌교,2015-02,1종,130331
985,벌교,2015-02,2종,3034
985,벌교,2015-02,3종,2722
985,벌교,2015-02,4종,1940
985,벌교,2015-02,5종,3013
985,벌교,2015-02,6종,3083
986,고흥,2015-02,1종,180054
986,고흥,2015-02,2종,2962
986,고흥,2015-02,3종,4227
986,고흥,2015-02,4종,4180
986,고흥,2015-02,5종,11454
986,고흥,2015-02,6종,5219
987,남순천,2015-02,1종,460493
987,남순천,2015-02,2종,8950
987,남순천,2015-02,3종,13345
987,남순천,2015-02,4종,15416
987,남순천,2015-02,5종,38709
987,남순천,2015-02,6종,12758
11,인천,2015-03,1종,3718143
11,인천,2015-03,2종,118222
11,인천,2015-03,3종,88926
11,인천,2015-03,4종,67821
11,인천,2015-03,5종,121748
11,인천,2015-03,6종,349706
12,서영암(개),2015-03,1종,38820
12,서영암(개),2015-03,2종,838
12,서영암(개),2015-03,3종,1038
12,서영암(개),2015-03,4종,522
12,서영암(개),2015-03,5종,671
12,서영암(개),2015-03,6종,2186
13,순천만,2015-03,1종,119457
13,순천만,2015-03,2종,4561
13,순천만,2015-03,3종,5005
13,순천만,2015-03,4종,3074
13,순천만,2015-03,5종,8462
13,순천만,2015-03,6종,5455
29,가락(개),2015-03,1종,687168
29,가락(개),2015-03,2종,21125
29,가락(개),2015-03,3종,20917
29,가락(개),2015-03,4종,23299
29,가락(개),2015-03,5종,118121
29,가락(개),2015-03,6종,58337
53,남인천,2015-03,1종,1712688
53,남인천,2015-03,2종,41638
53,남인천,2015-03,3종,58377
53,남인천,2015-03,4종,20230
53,남인천,2015-03,5종,57023
53,남인천,2015-03,6종,148913
56,일로,2015-03,1종,36094
56,일로,2015-03,2종,1362
56,일로,2015-03,3종,379
56,일로,2015-03,4종,608
56,일로,2015-03,5종,966
56,일로,2015-03,6종,2102
61,성남,2015-03,1종,4043264
61,성남,2015-03,2종,157538
61,성남,2015-03,3종,162810
61,성남,2015-03,4종,93917
61,성남,2015-03,5종,84321
61,성남,2015-03,6종,292332
62,구리남양주,2015-03,1종,5079505
62,구리남양주,2015-03,2종,215906
62,구리남양주,2015-03,3종,203514
62,구리남양주,2015-03,4종,144153
62,구리남양주,2015-03,5종,112500
62,구리남양주,2015-03,6종,393393
63,토평,2015-03,1종,464855
63,토평,2015-03,2종,16109
63,토평,2015-03,3종,8042
63,토평,2015-03,4종,12653
63,토평,2015-03,5종,8524
63,토평,2015-03,6종,39510
64,청계,2015-03,1종,4651702
64,청계,2015-03,2종,153551
64,청계,2015-03,3종,157660
64,청계,2015-03,4종,50060
64,청계,2015-03,5종,77703
64,청계,2015-03,6종,365970
65,판교,2015-03,1종,2990329
65,판교,2015-03,2종,44372
65,판교,2015-03,3종,186333
65,판교,2015-03,4종,17141
65,판교,2015-03,5종,14133
65,판교,2015-03,6종,180634
66,하남,2015-03,1종,844732
66,하남,2015-03,2종,29396
66,하남,2015-03,3종,16335
66,하남,2015-03,4종,8546
66,하남,2015-03,5종,11598
66,하남,2015-03,6종,67786
67,시흥,2015-03,1종,3959096
67,시흥,2015-03,2종,140735
67,시흥,2015-03,3종,141553
67,시흥,2015-03,4종,77386
67,시흥,2015-03,5종,74283
67,시흥,2015-03,6종,311912
68,김포,2015-03,1종,4755228
68,김포,2015-03,2종,184814
68,김포,2015-03,3종,157016
68,김포,2015-03,4종,83494
68,김포,2015-03,5종,116024
68,김포,2015-03,6종,399931
69,대왕판교,2015-03,1종,208637
69,대왕판교,2015-03,2종,1501
69,대왕판교,2015-03,3종,210
69,대왕판교,2015-03,4종,24
69,대왕판교,2015-03,5종,13
69,대왕판교,2015-03,6종,12412
74,덕소삼패,2015-03,1종,283049
74,덕소삼패,2015-03,2종,7535
74,덕소삼패,2015-03,3종,4289
74,덕소삼패,2015-03,4종,9513
74,덕소삼패,2015-03,5종,9951
74,덕소삼패,2015-03,6종,23484
91,대동(개),2015-03,1종,133757
91,대동(개),2015-03,2종,10293
91,대동(개),2015-03,3종,6010
91,대동(개),2015-03,4종,22296
91,대동(개),2015-03,5종,9422
91,대동(개),2015-03,6종,9514
92,내서,2015-03,1종,225333
92,내서,2015-03,2종,8776
92,내서,2015-03,3종,11162
92,내서,2015-03,4종,3879
92,내서,2015-03,5종,7765
92,내서,2015-03,6종,21560
101,서울,2015-03,1종,5910852
101,서울,2015-03,2종,701040
101,서울,2015-03,3종,635483
101,서울,2015-03,4종,98113
101,서울,2015-03,5종,64935
101,서울,2015-03,6종,374195
102,동수원,2015-03,1종,2246637
102,동수원,2015-03,2종,42260
102,동수원,2015-03,3종,90672
102,동수원,2015-03,4종,15270
102,동수원,2015-03,5종,24931
102,동수원,2015-03,6종,151590
103,수원신갈,2015-03,1종,2490022
103,수원신갈,2015-03,2종,99245
103,수원신갈,2015-03,3종,170014
103,수원신갈,2015-03,4종,40366
103,수원신갈,2015-03,5종,25654
103,수원신갈,2015-03,6종,144403
104,지곡,2015-03,1종,35011
104,지곡,2015-03,2종,1612
104,지곡,2015-03,3종,2076
104,지곡,2015-03,4종,2122
104,지곡,2015-03,5종,2352
104,지곡,2015-03,6종,1519
105,기흥,2015-03,1종,471215
105,기흥,2015-03,2종,26049
105,기흥,2015-03,3종,16701
105,기흥,2015-03,4종,9632
105,기흥,2015-03,5종,11888
105,기흥,2015-03,6종,26778
106,오산,2015-03,1종,1164213
106,오산,2015-03,2종,92497
106,오산,2015-03,3종,108925
106,오산,2015-03,4종,47996
106,오산,2015-03,5종,31921
106,오산,2015-03,6종,77060
107,안성,2015-03,1종,876390
107,안성,2015-03,2종,33630
107,안성,2015-03,3종,55801
107,안성,2015-03,4종,17960
107,안성,2015-03,5종,13055
107,안성,2015-03,6종,59299
108,천안,2015-03,1종,1544058
108,천안,2015-03,2종,47845
108,천안,2015-03,3종,115707
108,천안,2015-03,4종,38612
108,천안,2015-03,5종,33251
108,천안,2015-03,6종,81205
109,계룡,2015-03,1종,130698
109,계룡,2015-03,2종,9664
109,계룡,2015-03,3종,11558
109,계룡,2015-03,4종,9075
109,계룡,2015-03,5종,4975
109,계룡,2015-03,6종,8408
110,독립기념관,2015-03,1종,318610
110,독립기념관,2015-03,2종,19492
110,독립기념관,2015-03,3종,23490
110,독립기념관,2015-03,4종,21512
110,독립기념관,2015-03,5종,17212
110,독립기념관,2015-03,6종,14334
111,청주,2015-03,1종,504761
111,청주,2015-03,2종,21424
111,청주,2015-03,3종,50948
111,청주,2015-03,4종,17178
111,청주,2015-03,5종,20231
111,청주,2015-03,6종,26213
112,남청주,2015-03,1종,507023
112,남청주,2015-03,2종,40651
112,남청주,2015-03,3종,41272
112,남청주,2015-03,4종,49066
112,남청주,2015-03,5종,42277
112,남청주,2015-03,6종,24474
113,신탄진,2015-03,1종,763609
113,신탄진,2015-03,2종,44282
113,신탄진,2015-03,3종,35560
113,신탄진,2015-03,4종,61220
113,신탄진,2015-03,5종,53300
113,신탄진,2015-03,6종,43495
114,남대전,2015-03,1종,315940
114,남대전,2015-03,2종,13146
114,남대전,2015-03,3종,12502
114,남대전,2015-03,4종,6466
114,남대전,2015-03,5종,9565
114,남대전,2015-03,6종,16956
115,대전,2015-03,1종,1368349
115,대전,2015-03,2종,40214
115,대전,2015-03,3종,84866
115,대전,2015-03,4종,17324
115,대전,2015-03,5종,15692
115,대전,2015-03,6종,77489
116,옥천,2015-03,1종,398668
116,옥천,2015-03,2종,23492
116,옥천,2015-03,3종,20485
116,옥천,2015-03,4종,35773
116,옥천,2015-03,5종,21315
116,옥천,2015-03,6종,23363
117,금강,2015-03,1종,37974
117,금강,2015-03,2종,1845
117,금강,2015-03,3종,1573
117,금강,2015-03,4종,3653
117,금강,2015-03,5종,1002
117,금강,2015-03,6종,2232
118,영동,2015-03,1종,84892
118,영동,2015-03,2종,5144
118,영동,2015-03,3종,4486
118,영동,2015-03,4종,3317
118,영동,2015-03,5종,7918
118,영동,2015-03,6종,3695
119,판암,2015-03,1종,481021
119,판암,2015-03,2종,15357
119,판암,2015-03,3종,11501
119,판암,2015-03,4종,6997
119,판암,2015-03,5종,6113
119,판암,2015-03,6종,29560
120,황간,2015-03,1종,68776
120,황간,2015-03,2종,2706
120,황간,2015-03,3종,4222
120,황간,2015-03,4종,4343
120,황간,2015-03,5종,5550
120,황간,2015-03,6종,3095
121,추풍령,2015-03,1종,37819
121,추풍령,2015-03,2종,1166
121,추풍령,2015-03,3종,2134
121,추풍령,2015-03,4종,970
121,추풍령,2015-03,5종,1638
121,추풍령,2015-03,6종,1731
122,김천,2015-03,1종,220064
122,김천,2015-03,2종,7570
122,김천,2015-03,3종,11524
122,김천,2015-03,4종,9492
122,김천,2015-03,5종,8515
122,김천,2015-03,6종,10210
123,구미,2015-03,1종,817672
123,구미,2015-03,2종,20698
123,구미,2015-03,3종,38684
123,구미,2015-03,4종,19351
123,구미,2015-03,5종,16060
123,구미,2015-03,6종,41734
124,상주,2015-03,1종,112843
124,상주,2015-03,2종,5686
124,상주,2015-03,3종,5958
124,상주,2015-03,4종,6497
124,상주,2015-03,5종,7427
124,상주,2015-03,6종,3820
125,남구미,2015-03,1종,576492
125,남구미,2015-03,2종,23056
125,남구미,2015-03,3종,33964
125,남구미,2015-03,4종,22346
125,남구미,2015-03,5종,39245
125,남구미,2015-03,6종,32822
126,왜관,2015-03,1종,644235
126,왜관,2015-03,2종,50062
126,왜관,2015-03,3종,31279
126,왜관,2015-03,4종,25671
126,왜관,2015-03,5종,33234
126,왜관,2015-03,6종,30814
127,서대구,2015-03,1종,1983410
127,서대구,2015-03,2종,91093
127,서대구,2015-03,3종,107742
127,서대구,2015-03,4종,53602
127,서대구,2015-03,5종,63407
127,서대구,2015-03,6종,90333
128,금왕꽃동네,2015-03,1종,106270
128,금왕꽃동네,2015-03,2종,10279
128,금왕꽃동네,2015-03,3종,12518
128,금왕꽃동네,2015-03,4종,8712
128,금왕꽃동네,2015-03,5종,12751
128,금왕꽃동네,2015-03,6종,4967
129,북대구,2015-03,1종,1821970
129,북대구,2015-03,2종,61945
129,북대구,2015-03,3종,55772
129,북대구,2015-03,4종,26186
129,북대구,2015-03,5종,28687
129,북대구,2015-03,6종,83468
130,동김천,2015-03,1종,157684
130,동김천,2015-03,2종,6562
130,동김천,2015-03,3종,9843
130,동김천,2015-03,4종,8558
130,동김천,2015-03,5종,14235
130,동김천,2015-03,6종,6436
131,경산,2015-03,1종,895270
131,경산,2015-03,2종,76095
131,경산,2015-03,3종,67281
131,경산,2015-03,4종,47402
131,경산,2015-03,5종,41757
131,경산,2015-03,6종,48827
132,영천,2015-03,1종,425807
132,영천,2015-03,2종,26138
132,영천,2015-03,3종,33607
132,영천,2015-03,4종,25913
132,영천,2015-03,5종,46363
132,영천,2015-03,6종,16985
133,서경주,2015-03,1종,171392
133,서경주,2015-03,2종,8724
133,서경주,2015-03,3종,14298
133,서경주,2015-03,4종,11398
133,서경주,2015-03,5종,30750
133,서경주,2015-03,6종,6065
134,선산,2015-03,1종,83844
134,선산,2015-03,2종,5011
134,선산,2015-03,3종,5647
134,선산,2015-03,4종,5211
134,선산,2015-03,5종,5306
134,선산,2015-03,6종,2983
135,경주,2015-03,1종,886662
135,경주,2015-03,2종,39592
135,경주,2015-03,3종,78436
135,경주,2015-03,4종,48147
135,경주,2015-03,5종,105795
135,경주,2015-03,6종,35102
136,음성,2015-03,1종,139364
136,음성,2015-03,2종,8198
136,음성,2015-03,3종,9555
136,음성,2015-03,4종,7320
136,음성,2015-03,5종,8503
136,음성,2015-03,6종,5865
137,통도사,2015-03,1종,299570
137,통도사,2015-03,2종,17593
137,통도사,2015-03,3종,15306
137,통도사,2015-03,4종,12212
137,통도사,2015-03,5종,18168
137,통도사,2015-03,6종,15769
138,양산,2015-03,1종,697939
138,양산,2015-03,2종,75476
138,양산,2015-03,3종,48703
138,양산,2015-03,4종,46055
138,양산,2015-03,5종,65800
138,양산,2015-03,6종,39556
139,서울산,2015-03,1종,469730
139,서울산,2015-03,2종,26162
139,서울산,2015-03,3종,33417
139,서울산,2015-03,4종,15570
139,서울산,2015-03,5종,27335
139,서울산,2015-03,6종,25399
140,부산,2015-03,1종,1703887
140,부산,2015-03,2종,63189
140,부산,2015-03,3종,52336
140,부산,2015-03,4종,30752
140,부산,2015-03,5종,66701
140,부산,2015-03,6종,100296
142,군북,2015-03,1종,370868
142,군북,2015-03,2종,16073
142,군북,2015-03,3종,17058
142,군북,2015-03,4종,11677
142,군북,2015-03,5종,21662
142,군북,2015-03,6종,23654
143,장지,2015-03,1종,115802
143,장지,2015-03,2종,5643
143,장지,2015-03,3종,5670
143,장지,2015-03,4종,4618
143,장지,2015-03,5종,18023
143,장지,2015-03,6종,7902
144,함안,2015-03,1종,252291
144,함안,2015-03,2종,12882
144,함안,2015-03,3종,11537
144,함안,2015-03,4종,8414
144,함안,2015-03,5종,19932
144,함안,2015-03,6종,18285
145,산인,2015-03,1종,761443
145,산인,2015-03,2종,20016
145,산인,2015-03,3종,35362
145,산인,2015-03,4종,14045
145,산인,2015-03,5종,22120
145,산인,2015-03,6종,45868
146,동창원,2015-03,1종,583585
146,동창원,2015-03,2종,28765
146,동창원,2015-03,3종,24551
146,동창원,2015-03,4종,22334
146,동창원,2015-03,5종,31428
146,동창원,2015-03,6종,40221
147,진례,2015-03,1종,484050
147,진례,2015-03,2종,35256
147,진례,2015-03,3종,24846
147,진례,2015-03,4종,21391
147,진례,2015-03,5종,25822
147,진례,2015-03,6종,31917
148,서김해,2015-03,1종,828660
148,서김해,2015-03,2종,36309
148,서김해,2015-03,3종,26322
148,서김해,2015-03,4종,20955
148,서김해,2015-03,5종,45432
148,서김해,2015-03,6종,57524
149,동김해,2015-03,1종,1265513
149,동김해,2015-03,2종,42207
149,동김해,2015-03,3종,35765
149,동김해,2015-03,4종,16713
149,동김해,2015-03,5종,17459
149,동김해,2015-03,6종,97041
150,북부산,2015-03,1종,1914842
150,북부산,2015-03,2종,39650
150,북부산,2015-03,3종,41586
150,북부산,2015-03,4종,17822
150,북부산,2015-03,5종,37889
150,북부산,2015-03,6종,131797
151,북대전,2015-03,1종,713479
151,북대전,2015-03,2종,17370
151,북대전,2015-03,3종,32463
151,북대전,2015-03,4종,20322
151,북대전,2015-03,5종,18588
151,북대전,2015-03,6종,42016
152,유성,2015-03,1종,1080001
152,유성,2015-03,2종,24319
152,유성,2015-03,3종,39228
152,유성,2015-03,4종,17624
152,유성,2015-03,5종,13364
152,유성,2015-03,6종,52997
153,서대전,2015-03,1종,723157
153,서대전,2015-03,2종,22008
153,서대전,2015-03,3종,20389
153,서대전,2015-03,4종,17565
153,서대전,2015-03,5종,15265
153,서대전,2015-03,6종,44471
154,안영,2015-03,1종,436916
154,안영,2015-03,2종,17315
154,안영,2015-03,3종,12255
154,안영,2015-03,4종,10506
154,안영,2015-03,5종,19704
154,안영,2015-03,6종,24877
155,논산,2015-03,1종,222813
155,논산,2015-03,2종,16962
155,논산,2015-03,3종,17706
155,논산,2015-03,4종,14854
155,논산,2015-03,5종,14361
155,논산,2015-03,6종,10486
156,익산,2015-03,1종,287412
156,익산,2015-03,2종,23341
156,익산,2015-03,3종,30179
156,익산,2015-03,4종,21505
156,익산,2015-03,5종,30397
156,익산,2015-03,6종,9587
157,삼례,2015-03,1종,116274
157,삼례,2015-03,2종,8039
157,삼례,2015-03,3종,9018
157,삼례,2015-03,4종,7056
157,삼례,2015-03,5종,11442
157,삼례,2015-03,6종,3672
158,전주,2015-03,1종,454863
158,전주,2015-03,2종,19224
158,전주,2015-03,3종,52140
158,전주,2015-03,4종,22579
158,전주,2015-03,5종,42061
158,전주,2015-03,6종,14727
159,서전주,2015-03,1종,300094
159,서전주,2015-03,2종,12506
159,서전주,2015-03,3종,13153
159,서전주,2015-03,4종,8451
159,서전주,2015-03,5종,8612
159,서전주,2015-03,6종,9392
160,김제,2015-03,1종,120698
160,김제,2015-03,2종,7046
160,김제,2015-03,3종,9242
160,김제,2015-03,4종,4646
160,김제,2015-03,5종,5286
160,김제,2015-03,6종,3720
161,금산사,2015-03,1종,31367
161,금산사,2015-03,2종,2013
161,금산사,2015-03,3종,2028
161,금산사,2015-03,4종,639
161,금산사,2015-03,5종,2305
161,금산사,2015-03,6종,997
162,태인,2015-03,1종,77452
162,태인,2015-03,2종,5709
162,태인,2015-03,3종,9206
162,태인,2015-03,4종,5628
162,태인,2015-03,5종,6503
162,태인,2015-03,6종,2355
163,정읍,2015-03,1종,239044
163,정읍,2015-03,2종,14260
163,정읍,2015-03,3종,22819
163,정읍,2015-03,4종,12108
163,정읍,2015-03,5종,11504
163,정읍,2015-03,6종,7867
164,무주,2015-03,1종,122981
164,무주,2015-03,2종,3621
164,무주,2015-03,3종,5792
164,무주,2015-03,4종,2792
164,무주,2015-03,5종,3217
164,무주,2015-03,6종,5072
165,백양사,2015-03,1종,62368
165,백양사,2015-03,2종,1737
165,백양사,2015-03,3종,3816
165,백양사,2015-03,4종,1796
165,백양사,2015-03,5종,1209
165,백양사,2015-03,6종,1854
166,장성,2015-03,1종,157170
166,장성,2015-03,2종,11945
166,장성,2015-03,3종,18524
166,장성,2015-03,4종,12381
166,장성,2015-03,5종,14743
166,장성,2015-03,6종,5616
167,광주,2015-03,1종,1003777
167,광주,2015-03,2종,36138
167,광주,2015-03,3종,81043
167,광주,2015-03,4종,45160
167,광주,2015-03,5종,29519
167,광주,2015-03,6종,32074
168,덕유산,2015-03,1종,45566
168,덕유산,2015-03,2종,1342
168,덕유산,2015-03,3종,1092
168,덕유산,2015-03,4종,622
168,덕유산,2015-03,5종,1111
168,덕유산,2015-03,6종,1442
169,장수,2015-03,1종,96114
169,장수,2015-03,2종,4391
169,장수,2015-03,3종,3977
169,장수,2015-03,4종,2512
169,장수,2015-03,5종,2930
169,장수,2015-03,6종,3327
170,서상,2015-03,1종,43010
170,서상,2015-03,2종,2335
170,서상,2015-03,3종,4302
170,서상,2015-03,4종,3789
170,서상,2015-03,5종,2960
170,서상,2015-03,6종,1732
171,마성,2015-03,1종,344288
171,마성,2015-03,2종,5728
171,마성,2015-03,3종,18893
171,마성,2015-03,4종,1408
171,마성,2015-03,5종,945
171,마성,2015-03,6종,20834
172,용인,2015-03,1종,896321
172,용인,2015-03,2종,63537
172,용인,2015-03,3종,37092
172,용인,2015-03,4종,21289
172,용인,2015-03,5종,14317
172,용인,2015-03,6종,64411
173,양지,2015-03,1종,831501
173,양지,2015-03,2종,89033
173,양지,2015-03,3종,66307
173,양지,2015-03,4종,57395
173,양지,2015-03,5종,41025
173,양지,2015-03,6종,51376
174,춘천,2015-03,1종,672705
174,춘천,2015-03,2종,18666
174,춘천,2015-03,3종,25486
174,춘천,2015-03,4종,7757
174,춘천,2015-03,5종,6985
174,춘천,2015-03,6종,45930
175,덕평,2015-03,1종,314518
175,덕평,2015-03,2종,42318
175,덕평,2015-03,3종,26806
175,덕평,2015-03,4종,24053
175,덕평,2015-03,5종,11188
175,덕평,2015-03,6종,20921
176,이천,2015-03,1종,660164
176,이천,2015-03,2종,40411
176,이천,2015-03,3종,54362
176,이천,2015-03,4종,47999
176,이천,2015-03,5종,36063
176,이천,2015-03,6종,34960
177,여주,2015-03,1종,399222
177,여주,2015-03,2종,16418
177,여주,2015-03,3종,42350
177,여주,2015-03,4종,21820
177,여주,2015-03,5종,12858
177,여주,2015-03,6종,17857
178,문막,2015-03,1종,338240
178,문막,2015-03,2종,22468
178,문막,2015-03,3종,37817
178,문막,2015-03,4종,15505
178,문막,2015-03,5종,16109
178,문막,2015-03,6종,16365
179,홍천,2015-03,1종,281476
179,홍천,2015-03,2종,9755
179,홍천,2015-03,3종,15879
179,홍천,2015-03,4종,7736
179,홍천,2015-03,5종,6313
179,홍천,2015-03,6종,21981
180,원주,2015-03,1종,247758
180,원주,2015-03,2종,13943
180,원주,2015-03,3종,19156
180,원주,2015-03,4종,9030
180,원주,2015-03,5종,10005
180,원주,2015-03,6종,13855
181,새말,2015-03,1종,176818
181,새말,2015-03,2종,7085
181,새말,2015-03,3종,11132
181,새말,2015-03,4종,4486
181,새말,2015-03,5종,5840
181,새말,2015-03,6종,7429
182,둔내,2015-03,1종,90298
182,둔내,2015-03,2종,3219
182,둔내,2015-03,3종,4467
182,둔내,2015-03,4종,2183
182,둔내,2015-03,5종,1782
182,둔내,2015-03,6종,4382
183,면온,2015-03,1종,60168
183,면온,2015-03,2종,1321
183,면온,2015-03,3종,2459
183,면온,2015-03,4종,1064
183,면온,2015-03,5종,3133
183,면온,2015-03,6종,2736
184,대관령,2015-03,1종,166577
184,대관령,2015-03,2종,4007
184,대관령,2015-03,3종,13888
184,대관령,2015-03,4종,1443
184,대관령,2015-03,5종,2698
184,대관령,2015-03,6종,8871
185,평창,2015-03,1종,97583
185,평창,2015-03,2종,3545
185,평창,2015-03,3종,12887
185,평창,2015-03,4종,2107
185,평창,2015-03,5종,3508
185,평창,2015-03,6종,5268
186,속사,2015-03,1종,25496
186,속사,2015-03,2종,901
186,속사,2015-03,3종,1114
186,속사,2015-03,4종,813
186,속사,2015-03,5종,1079
186,속사,2015-03,6종,1218
187,진부,2015-03,1종,108645
187,진부,2015-03,2종,3784
187,진부,2015-03,3종,10658
187,진부,2015-03,4종,2054
187,진부,2015-03,5종,4096
187,진부,2015-03,6종,5511
188,서충주,2015-03,1종,100035
188,서충주,2015-03,2종,5991
188,서충주,2015-03,3종,8691
188,서충주,2015-03,4종,7131
188,서충주,2015-03,5종,7545
188,서충주,2015-03,6종,4532
189,강릉,2015-03,1종,461295
189,강릉,2015-03,2종,13101
189,강릉,2015-03,3종,41481
189,강릉,2015-03,4종,8883
189,강릉,2015-03,5종,12265
189,강릉,2015-03,6종,24444
190,동서울,2015-03,1종,3357566
190,동서울,2015-03,2종,188229
190,동서울,2015-03,3종,232028
190,동서울,2015-03,4종,105340
190,동서울,2015-03,5종,67679
190,동서울,2015-03,6종,168001
191,경기광주,2015-03,1종,811330
191,경기광주,2015-03,2종,46084
191,경기광주,2015-03,3종,37675
191,경기광주,2015-03,4종,13342
191,경기광주,2015-03,5종,7404
191,경기광주,2015-03,6종,60149
192,곤지암,2015-03,1종,795335
192,곤지암,2015-03,2종,71811
192,곤지암,2015-03,3종,49532
192,곤지암,2015-03,4종,37693
192,곤지암,2015-03,5종,23531
192,곤지암,2015-03,6종,48113
193,일죽,2015-03,1종,453285
193,일죽,2015-03,2종,37925
193,일죽,2015-03,3종,47736
193,일죽,2015-03,4종,36886
193,일죽,2015-03,5종,27129
193,일죽,2015-03,6종,19121
194,서이천,2015-03,1종,521157
194,서이천,2015-03,2종,62686
194,서이천,2015-03,3종,51989
194,서이천,2015-03,4종,34197
194,서이천,2015-03,5종,15823
194,서이천,2015-03,6종,32005
195,대소,2015-03,1종,291541
195,대소,2015-03,2종,42844
195,대소,2015-03,3종,44435
195,대소,2015-03,4종,34128
195,대소,2015-03,5종,22487
195,대소,2015-03,6종,13474
196,진천,2015-03,1종,250349
196,진천,2015-03,2종,17791
196,진천,2015-03,3종,20758
196,진천,2015-03,4종,18772
196,진천,2015-03,5종,18614
196,진천,2015-03,6종,12126
197,증평,2015-03,1종,346107
197,증평,2015-03,2종,22653
197,증평,2015-03,3종,27073
197,증평,2015-03,4종,18725
197,증평,2015-03,5종,19607
197,증평,2015-03,6종,15351
198,서청주,2015-03,1종,825353
198,서청주,2015-03,2종,34615
198,서청주,2015-03,3종,44615
198,서청주,2015-03,4종,32360
198,서청주,2015-03,5종,21108
198,서청주,2015-03,6종,43341
199,오창,2015-03,1종,530488
199,오창,2015-03,2종,22387
199,오창,2015-03,3종,32500
199,오창,2015-03,4종,20088
199,오창,2015-03,5종,19143
199,오창,2015-03,6종,27369
200,금산,2015-03,1종,134948
200,금산,2015-03,2종,4031
200,금산,2015-03,3종,7057
200,금산,2015-03,4종,4694
200,금산,2015-03,5종,6944
200,금산,2015-03,6종,5824
201,칠곡,2015-03,1종,607852
201,칠곡,2015-03,2종,24580
201,칠곡,2015-03,3종,21943
201,칠곡,2015-03,4종,8494
201,칠곡,2015-03,5종,15368
201,칠곡,2015-03,6종,32685
202,다부,2015-03,1종,120008
202,다부,2015-03,2종,7378
202,다부,2015-03,3종,5842
202,다부,2015-03,4종,2771
202,다부,2015-03,5종,6764
202,다부,2015-03,6종,4781
203,가산,2015-03,1종,526203
203,가산,2015-03,2종,21860
203,가산,2015-03,3종,22745
203,가산,2015-03,4종,14059
203,가산,2015-03,5종,36820
203,가산,2015-03,6종,23450
204,추부,2015-03,1종,172910
204,추부,2015-03,2종,8231
204,추부,2015-03,3종,10712
204,추부,2015-03,4종,5725
204,추부,2015-03,5종,5541
204,추부,2015-03,6종,9946
205,군위,2015-03,1종,148658
205,군위,2015-03,2종,6248
205,군위,2015-03,3종,4435
205,군위,2015-03,4종,3521
205,군위,2015-03,5종,12422
205,군위,2015-03,6종,6806
206,의성,2015-03,1종,161020
206,의성,2015-03,2종,4639
206,의성,2015-03,3종,4945
206,의성,2015-03,4종,2191
206,의성,2015-03,5종,4318
206,의성,2015-03,6종,5667
207,남안동,2015-03,1종,274609
207,남안동,2015-03,2종,8312
207,남안동,2015-03,3종,6918
207,남안동,2015-03,4종,4346
207,남안동,2015-03,5종,7598
207,남안동,2015-03,6종,10248
208,서안동,2015-03,1종,180378
208,서안동,2015-03,2종,6563
208,서안동,2015-03,3종,16489
208,서안동,2015-03,4종,3875
208,서안동,2015-03,5종,7712
208,서안동,2015-03,6종,6436
209,예천,2015-03,1종,23682
209,예천,2015-03,2종,566
209,예천,2015-03,3종,403
209,예천,2015-03,4종,253
209,예천,2015-03,5종,682
209,예천,2015-03,6종,842
210,영주,2015-03,1종,125643
210,영주,2015-03,2종,5005
210,영주,2015-03,3종,7461
210,영주,2015-03,4종,3829
210,영주,2015-03,5종,12606
210,영주,2015-03,6종,4413
211,풍기,2015-03,1종,174963
211,풍기,2015-03,2종,5458
211,풍기,2015-03,3종,13650
211,풍기,2015-03,4종,3988
211,풍기,2015-03,5종,7694
211,풍기,2015-03,6종,6178
212,북수원,2015-03,1종,1345751
212,북수원,2015-03,2종,42100
212,북수원,2015-03,3종,59294
212,북수원,2015-03,4종,24543
212,북수원,2015-03,5종,17183
212,북수원,2015-03,6종,84864
213,부곡,2015-03,1종,387606
213,부곡,2015-03,2종,11451
213,부곡,2015-03,3종,9426
213,부곡,2015-03,4종,17579
213,부곡,2015-03,5종,70394
213,부곡,2015-03,6종,27164
214,동군포,2015-03,1종,230244
214,동군포,2015-03,2종,26014
214,동군포,2015-03,3종,16881
214,동군포,2015-03,4종,35560
214,동군포,2015-03,5종,22397
214,동군포,2015-03,6종,18177
215,군포,2015-03,1종,1062658
215,군포,2015-03,2종,51783
215,군포,2015-03,3종,49819
215,군포,2015-03,4종,24646
215,군포,2015-03,5종,37746
215,군포,2015-03,6종,83154
216,횡성,2015-03,1종,168165
216,횡성,2015-03,2종,6541
216,횡성,2015-03,3종,8783
216,횡성,2015-03,4종,4090
216,횡성,2015-03,5종,6070
216,횡성,2015-03,6종,8889
217,북원주,2015-03,1종,68885
217,북원주,2015-03,2종,6050
217,북원주,2015-03,3종,4454
217,북원주,2015-03,4종,2235
217,북원주,2015-03,5종,3477
217,북원주,2015-03,6종,4898
218,남원주,2015-03,1종,548893
218,남원주,2015-03,2종,15842
218,남원주,2015-03,3종,28027
218,남원주,2015-03,4종,7586
218,남원주,2015-03,5종,8716
218,남원주,2015-03,6종,29382
219,신림,2015-03,1종,87888
219,신림,2015-03,2종,2758
219,신림,2015-03,3종,3338
219,신림,2015-03,4종,3183
219,신림,2015-03,5종,6308
219,신림,2015-03,6종,3837
220,덕평휴게소,2015-03,1종,5748
220,덕평휴게소,2015-03,2종,111
220,덕평휴게소,2015-03,3종,53
220,덕평휴게소,2015-03,4종,0
220,덕평휴게소,2015-03,5종,0
220,덕평휴게소,2015-03,6종,480
221,생초,2015-03,1종,45234
221,생초,2015-03,2종,1975
221,생초,2015-03,3종,3039
221,생초,2015-03,4종,2687
221,생초,2015-03,5종,7667
221,생초,2015-03,6종,1796
222,산청,2015-03,1종,49524
222,산청,2015-03,2종,1817
222,산청,2015-03,3종,2616
222,산청,2015-03,4종,1017
222,산청,2015-03,5종,1915
222,산청,2015-03,6종,2076
223,단성,2015-03,1종,89720
223,단성,2015-03,2종,2920
223,단성,2015-03,3종,6667
223,단성,2015-03,4종,3708
223,단성,2015-03,5종,4067
223,단성,2015-03,6종,3618
224,함양,2015-03,1종,93243
224,함양,2015-03,2종,3158
224,함양,2015-03,3종,7391
224,함양,2015-03,4종,1845
224,함양,2015-03,5종,2227
224,함양,2015-03,6종,4350
225,서진주,2015-03,1종,308799
225,서진주,2015-03,2종,8214
225,서진주,2015-03,3종,6987
225,서진주,2015-03,4종,4769
225,서진주,2015-03,5종,8601
225,서진주,2015-03,6종,18628
227,군산,2015-03,1종,280868
227,군산,2015-03,2종,8786
227,군산,2015-03,3종,18322
227,군산,2015-03,4종,14586
227,군산,2015-03,5종,38839
227,군산,2015-03,6종,9026
228,동군산,2015-03,1종,251464
228,동군산,2015-03,2종,9444
228,동군산,2015-03,3종,15363
228,동군산,2015-03,4종,9244
228,동군산,2015-03,5종,23226
228,동군산,2015-03,6종,6975
229,북천안,2015-03,1종,379900
229,북천안,2015-03,2종,30077
229,북천안,2015-03,3종,39468
229,북천안,2015-03,4종,42570
229,북천안,2015-03,5종,46968
229,북천안,2015-03,6종,22438
230,팔공산,2015-03,1종,691987
230,팔공산,2015-03,2종,25388
230,팔공산,2015-03,3종,16120
230,팔공산,2015-03,4종,9994
230,팔공산,2015-03,5종,11177
230,팔공산,2015-03,6종,33360
231,화원옥포,2015-03,1종,612209
231,화원옥포,2015-03,2종,33960
231,화원옥포,2015-03,3종,21603
231,화원옥포,2015-03,4종,13029
231,화원옥포,2015-03,5종,12849
231,화원옥포,2015-03,6종,31700
232,달성,2015-03,1종,319351
232,달성,2015-03,2종,19863
232,달성,2015-03,3종,23431
232,달성,2015-03,4종,6606
232,달성,2015-03,5종,7440
232,달성,2015-03,6종,21705
233,현풍,2015-03,1종,399130
233,현풍,2015-03,2종,31583
233,현풍,2015-03,3종,29076
233,현풍,2015-03,4종,27548
233,현풍,2015-03,5종,39037
233,현풍,2015-03,6종,19346
234,서천,2015-03,1종,112232
234,서천,2015-03,2종,4002
234,서천,2015-03,3종,5650
234,서천,2015-03,4종,5262
234,서천,2015-03,5종,7009
234,서천,2015-03,6종,3989
235,창녕,2015-03,1종,150216
235,창녕,2015-03,2종,7408
235,창녕,2015-03,3종,8940
235,창녕,2015-03,4종,4052
235,창녕,2015-03,5종,8928
235,창녕,2015-03,6종,8135
236,영산,2015-03,1종,142898
236,영산,2015-03,2종,10328
236,영산,2015-03,3종,10877
236,영산,2015-03,4종,8250
236,영산,2015-03,5종,10479
236,영산,2015-03,6종,6570
237,남지,2015-03,1종,138247
237,남지,2015-03,2종,8184
237,남지,2015-03,3종,12541
237,남지,2015-03,4종,7544
237,남지,2015-03,5종,14633
237,남지,2015-03,6종,9839
238,칠서,2015-03,1종,230555
238,칠서,2015-03,2종,28453
238,칠서,2015-03,3종,17309
238,칠서,2015-03,4종,24725
238,칠서,2015-03,5종,39192
238,칠서,2015-03,6종,15565
239,칠원,2015-03,1종,560078
239,칠원,2015-03,2종,25604
239,칠원,2015-03,3종,47623
239,칠원,2015-03,4종,35582
239,칠원,2015-03,5종,36097
239,칠원,2015-03,6종,29783
240,제천,2015-03,1종,446289
240,제천,2015-03,2종,13333
240,제천,2015-03,3종,25966
240,제천,2015-03,4종,11852
240,제천,2015-03,5종,19150
240,제천,2015-03,6종,19156
241,동고령,2015-03,1종,286544
241,동고령,2015-03,2종,19145
241,동고령,2015-03,3종,18016
241,동고령,2015-03,4종,20051
241,동고령,2015-03,5종,17634
241,동고령,2015-03,6종,13448
242,고령,2015-03,1종,204549
242,고령,2015-03,2종,10968
242,고령,2015-03,3종,9927
242,고령,2015-03,4종,6897
242,고령,2015-03,5종,24839
242,고령,2015-03,6종,8387
243,해인사,2015-03,1종,95111
243,해인사,2015-03,2종,3051
243,해인사,2015-03,3종,2820
243,해인사,2015-03,4종,1156
243,해인사,2015-03,5종,4096
243,해인사,2015-03,6종,4230
244,서부산,2015-03,1종,1556789
244,서부산,2015-03,2종,51207
244,서부산,2015-03,3종,85942
244,서부산,2015-03,4종,38671
244,서부산,2015-03,5종,91771
244,서부산,2015-03,6종,87756
245,장유,2015-03,1종,1423878
245,장유,2015-03,2종,44139
245,장유,2015-03,3종,59263
245,장유,2015-03,4종,26783
245,장유,2015-03,5종,33252
245,장유,2015-03,6종,99515
246,가락,2015-03,1종,47497
246,가락,2015-03,2종,7251
246,가락,2015-03,3종,7390
246,가락,2015-03,4종,19250
246,가락,2015-03,5종,53529
246,가락,2015-03,6종,2080
247,남원,2015-03,1종,151034
247,남원,2015-03,2종,6003
247,남원,2015-03,3종,9218
247,남원,2015-03,4종,3259
247,남원,2015-03,5종,13787
247,남원,2015-03,6종,5763
248,순창,2015-03,1종,124270
248,순창,2015-03,2종,4198
248,순창,2015-03,3종,4255
248,순창,2015-03,4종,2913
248,순창,2015-03,5종,4722
248,순창,2015-03,6종,4900
249,담양,2015-03,1종,160308
249,담양,2015-03,2종,4227
249,담양,2015-03,3종,13412
249,담양,2015-03,4종,2746
249,담양,2015-03,5종,5550
249,담양,2015-03,6종,5652
250,남양산,2015-03,1종,1141810
250,남양산,2015-03,2종,50943
250,남양산,2015-03,3종,43311
250,남양산,2015-03,4종,26674
250,남양산,2015-03,5종,40470
250,남양산,2015-03,6종,88060
251,물금,2015-03,1종,489763
251,물금,2015-03,2종,42821
251,물금,2015-03,3종,20143
251,물금,2015-03,4종,39979
251,물금,2015-03,5종,75423
251,물금,2015-03,6종,35383
252,대동,2015-03,1종,1800295
252,대동,2015-03,2종,114951
252,대동,2015-03,3종,85652
252,대동,2015-03,4종,79839
252,대동,2015-03,5종,236399
252,대동,2015-03,6종,90896
253,서서울,2015-03,1종,5235383
253,서서울,2015-03,2종,214313
253,서서울,2015-03,3종,178271
253,서서울,2015-03,4종,142913
253,서서울,2015-03,5종,125622
253,서서울,2015-03,6종,325620
254,군자,2015-03,1종,2435358
254,군자,2015-03,2종,119562
254,군자,2015-03,3종,121137
254,군자,2015-03,4종,90678
254,군자,2015-03,5종,171189
254,군자,2015-03,6종,175913
255,서안산,2015-03,1종,1818814
255,서안산,2015-03,2종,103699
255,서안산,2015-03,3종,71492
255,서안산,2015-03,4종,52338
255,서안산,2015-03,5종,58462
255,서안산,2015-03,6종,143768
256,안산,2015-03,1종,899884
256,안산,2015-03,2종,25533
256,안산,2015-03,3종,21475
256,안산,2015-03,4종,6776
256,안산,2015-03,5종,7088
256,안산,2015-03,6종,69987
257,홍성,2015-03,1종,201652
257,홍성,2015-03,2종,4796
257,홍성,2015-03,3종,9042
257,홍성,2015-03,4종,3431
257,홍성,2015-03,5종,5022
257,홍성,2015-03,6종,7287
258,광천,2015-03,1종,127632
258,광천,2015-03,2종,6307
258,광천,2015-03,3종,8717
258,광천,2015-03,4종,6277
258,광천,2015-03,5종,11740
258,광천,2015-03,6종,4952
259,대천,2015-03,1종,230430
259,대천,2015-03,2종,6230
259,대천,2015-03,3종,11272
259,대천,2015-03,4종,3915
259,대천,2015-03,5종,5029
259,대천,2015-03,6종,8486
260,춘장대,2015-03,1종,71787
260,춘장대,2015-03,2종,1343
260,춘장대,2015-03,3종,2232
260,춘장대,2015-03,4종,1626
260,춘장대,2015-03,5종,3205
260,춘장대,2015-03,6종,2093
261,동광주,2015-03,1종,1095578
261,동광주,2015-03,2종,30810
261,동광주,2015-03,3종,62448
261,동광주,2015-03,4종,24773
261,동광주,2015-03,5종,50415
261,동광주,2015-03,6종,37452
262,창평,2015-03,1종,99968
262,창평,2015-03,2종,4876
262,창평,2015-03,3종,3335
262,창평,2015-03,4종,2802
262,창평,2015-03,5종,1902
262,창평,2015-03,6종,3371
263,옥과,2015-03,1종,203728
263,옥과,2015-03,2종,4724
263,옥과,2015-03,3종,10888
263,옥과,2015-03,4종,3870
263,옥과,2015-03,5종,5757
263,옥과,2015-03,6종,8507
264,동남원,2015-03,1종,41193
264,동남원,2015-03,2종,1794
264,동남원,2015-03,3종,2440
264,동남원,2015-03,4종,1096
264,동남원,2015-03,5종,1547
264,동남원,2015-03,6종,1512
265,곡성,2015-03,1종,167466
265,곡성,2015-03,2종,4332
265,곡성,2015-03,3종,5490
265,곡성,2015-03,4종,2445
265,곡성,2015-03,5종,7062
265,곡성,2015-03,6종,6366
266,석곡,2015-03,1종,46299
266,석곡,2015-03,2종,1370
266,석곡,2015-03,3종,2295
266,석곡,2015-03,4종,829
266,석곡,2015-03,5종,1698
266,석곡,2015-03,6종,1809
267,주암송광사,2015-03,1종,119254
267,주암송광사,2015-03,2종,3609
267,주암송광사,2015-03,3종,3949
267,주암송광사,2015-03,4종,3899
267,주암송광사,2015-03,5종,5431
267,주암송광사,2015-03,6종,3847
268,승주,2015-03,1종,71499
268,승주,2015-03,2종,1275
268,승주,2015-03,3종,2087
268,승주,2015-03,4종,1030
268,승주,2015-03,5종,1555
268,승주,2015-03,6종,3368
269,지리산,2015-03,1종,49620
269,지리산,2015-03,2종,1689
269,지리산,2015-03,3종,2449
269,지리산,2015-03,4종,1351
269,지리산,2015-03,5종,1001
269,지리산,2015-03,6종,1561
270,서순천,2015-03,1종,159941
270,서순천,2015-03,2종,5924
270,서순천,2015-03,3종,11028
270,서순천,2015-03,4종,2600
270,서순천,2015-03,5종,4660
270,서순천,2015-03,6종,6046
271,순천,2015-03,1종,575596
271,순천,2015-03,2종,16694
271,순천,2015-03,3종,17016
271,순천,2015-03,4종,10548
271,순천,2015-03,5종,35451
271,순천,2015-03,6종,19827
272,광양,2015-03,1종,317452
272,광양,2015-03,2종,10676
272,광양,2015-03,3종,25693
272,광양,2015-03,4종,16774
272,광양,2015-03,5종,61655
272,광양,2015-03,6종,10672
273,동광양,2015-03,1종,150390
273,동광양,2015-03,2종,2976
273,동광양,2015-03,3종,3483
273,동광양,2015-03,4종,4344
273,동광양,2015-03,5종,27005
273,동광양,2015-03,6종,6854
274,가조,2015-03,1종,58634
274,가조,2015-03,2종,2466
274,가조,2015-03,3종,2999
274,가조,2015-03,4종,1961
274,가조,2015-03,5종,1132
274,가조,2015-03,6종,3841
275,옥곡,2015-03,1종,216713
275,옥곡,2015-03,2종,5283
275,옥곡,2015-03,3종,11855
275,옥곡,2015-03,4종,9748
275,옥곡,2015-03,5종,41790
275,옥곡,2015-03,6종,8753
276,진월,2015-03,1종,101379
276,진월,2015-03,2종,2595
276,진월,2015-03,3종,2598
276,진월,2015-03,4종,8196
276,진월,2015-03,5종,45630
276,진월,2015-03,6종,3813
277,하동,2015-03,1종,287105
277,하동,2015-03,2종,5552
277,하동,2015-03,3종,12270
277,하동,2015-03,4종,10668
277,하동,2015-03,5종,35070
277,하동,2015-03,6종,12842
278,진교,2015-03,1종,163303
278,진교,2015-03,2종,4216
278,진교,2015-03,3종,14355
278,진교,2015-03,4종,1502
278,진교,2015-03,5종,3460
278,진교,2015-03,6종,9659
279,곤양,2015-03,1종,128513
279,곤양,2015-03,2종,3788
279,곤양,2015-03,3종,7147
279,곤양,2015-03,4종,3533
279,곤양,2015-03,5종,7750
279,곤양,2015-03,6종,6194
280,거창,2015-03,1종,157712
280,거창,2015-03,2종,7499
280,거창,2015-03,3종,14397
280,거창,2015-03,4종,3575
280,거창,2015-03,5종,5059
280,거창,2015-03,6종,8234
281,매송,2015-03,1종,516107
281,매송,2015-03,2종,26023
281,매송,2015-03,3종,26865
281,매송,2015-03,4종,12090
281,매송,2015-03,5종,18851
281,매송,2015-03,6종,31097
282,비봉,2015-03,1종,779747
282,비봉,2015-03,2종,48356
282,비봉,2015-03,3종,32616
282,비봉,2015-03,4종,19668
282,비봉,2015-03,5종,35046
282,비봉,2015-03,6종,49609
283,발안,2015-03,1종,477021
283,발안,2015-03,2종,30551
283,발안,2015-03,3종,26647
283,발안,2015-03,4종,19168
283,발안,2015-03,5종,19683
283,발안,2015-03,6종,30992
284,남양양,2015-03,1종,45985
284,남양양,2015-03,2종,1386
284,남양양,2015-03,3종,2541
284,남양양,2015-03,4종,525
284,남양양,2015-03,5종,850
284,남양양,2015-03,6종,1796
285,서평택,2015-03,1종,601146
285,서평택,2015-03,2종,40884
285,서평택,2015-03,3종,54712
285,서평택,2015-03,4종,65618
285,서평택,2015-03,5종,123531
285,서평택,2015-03,6종,34847
286,통도사휴게소,2015-03,1종,37087
286,통도사휴게소,2015-03,2종,303
286,통도사휴게소,2015-03,3종,1800
286,통도사휴게소,2015-03,4종,2
286,통도사휴게소,2015-03,5종,0
286,통도사휴게소,2015-03,6종,1802
287,송악,2015-03,1종,469893
287,송악,2015-03,2종,18436
287,송악,2015-03,3종,23726
287,송악,2015-03,4종,26535
287,송악,2015-03,5종,110124
287,송악,2015-03,6종,22238
288,당진,2015-03,1종,435545
288,당진,2015-03,2종,17266
288,당진,2015-03,3종,29597
288,당진,2015-03,4종,16381
288,당진,2015-03,5종,48122
288,당진,2015-03,6종,19953
289,마산,2015-03,1종,864924
289,마산,2015-03,2종,28456
289,마산,2015-03,3종,40857
289,마산,2015-03,4종,15328
289,마산,2015-03,5종,20065
289,마산,2015-03,6종,53309
290,축동,2015-03,1종,48637
290,축동,2015-03,2종,3067
290,축동,2015-03,3종,1764
290,축동,2015-03,4종,3069
290,축동,2015-03,5종,5580
290,축동,2015-03,6종,2812
291,사천,2015-03,1종,686611
291,사천,2015-03,2종,30376
291,사천,2015-03,3종,34319
291,사천,2015-03,4종,15926
291,사천,2015-03,5종,28760
291,사천,2015-03,6종,46294
292,진주,2015-03,1종,717212
292,진주,2015-03,2종,23625
292,진주,2015-03,3종,52367
292,진주,2015-03,4종,12981
292,진주,2015-03,5종,28135
292,진주,2015-03,6종,48402
293,문산,2015-03,1종,315990
293,문산,2015-03,2종,12797
293,문산,2015-03,3종,8562
293,문산,2015-03,4종,6251
293,문산,2015-03,5종,10075
293,문산,2015-03,6종,21023
294,북창원,2015-03,1종,257444
294,북창원,2015-03,2종,9461
294,북창원,2015-03,3종,6267
294,북창원,2015-03,4종,9473
294,북창원,2015-03,5종,9704
294,북창원,2015-03,6종,14064
295,진성,2015-03,1종,139668
295,진성,2015-03,2종,8858
295,진성,2015-03,3종,6897
295,진성,2015-03,4종,6131
295,진성,2015-03,5종,13725
295,진성,2015-03,6종,7305
296,지수,2015-03,1종,53318
296,지수,2015-03,2종,2988
296,지수,2015-03,3종,2474
296,지수,2015-03,4종,1493
296,지수,2015-03,5종,4560
296,지수,2015-03,6종,3885
297,동충주,2015-03,1종,206400
297,동충주,2015-03,2종,8235
297,동충주,2015-03,3종,14009
297,동충주,2015-03,4종,15314
297,동충주,2015-03,5종,46935
297,동충주,2015-03,6종,7588
298,서산,2015-03,1종,514114
298,서산,2015-03,2종,16346
298,서산,2015-03,3종,35869
298,서산,2015-03,4종,25246
298,서산,2015-03,5종,45159
298,서산,2015-03,6종,21184
299,해미,2015-03,1종,143941
299,해미,2015-03,2종,5303
299,해미,2015-03,3종,9983
299,해미,2015-03,4종,6074
299,해미,2015-03,5종,10923
299,해미,2015-03,6종,5944
500,남여주,2015-03,1종,189479
500,남여주,2015-03,2종,7387
500,남여주,2015-03,3종,9224
500,남여주,2015-03,4종,8366
500,남여주,2015-03,5종,13150
500,남여주,2015-03,6종,8632
501,서김제,2015-03,1종,50085
501,서김제,2015-03,2종,2655
501,서김제,2015-03,3종,4560
501,서김제,2015-03,4종,2349
501,서김제,2015-03,5종,2585
501,서김제,2015-03,6종,1262
502,부안,2015-03,1종,97168
502,부안,2015-03,2종,4103
502,부안,2015-03,3종,8824
502,부안,2015-03,4종,2737
502,부안,2015-03,5종,4177
502,부안,2015-03,6종,2644
503,줄포,2015-03,1종,61835
503,줄포,2015-03,2종,2054
503,줄포,2015-03,3종,3099
503,줄포,2015-03,4종,1050
503,줄포,2015-03,5종,1182
503,줄포,2015-03,6종,1516
504,선운산,2015-03,1종,105291
504,선운산,2015-03,2종,3909
504,선운산,2015-03,3종,9175
504,선운산,2015-03,4종,7344
504,선운산,2015-03,5종,5647
504,선운산,2015-03,6종,2746
505,고창,2015-03,1종,85490
505,고창,2015-03,2종,3519
505,고창,2015-03,3종,4118
505,고창,2015-03,4종,1677
505,고창,2015-03,5종,1438
505,고창,2015-03,6종,2476
506,영광,2015-03,1종,77315
506,영광,2015-03,2종,3069
506,영광,2015-03,3종,7150
506,영광,2015-03,4종,2156
506,영광,2015-03,5종,2218
506,영광,2015-03,6종,2011
507,함평,2015-03,1종,57015
507,함평,2015-03,2종,2333
507,함평,2015-03,3종,6435
507,함평,2015-03,4종,3363
507,함평,2015-03,5종,5982
507,함평,2015-03,6종,1607
508,무안,2015-03,1종,197253
508,무안,2015-03,2종,5759
508,무안,2015-03,3종,8322
508,무안,2015-03,4종,4859
508,무안,2015-03,5종,5574
508,무안,2015-03,6종,5957
509,목포,2015-03,1종,762398
509,목포,2015-03,2종,22854
509,목포,2015-03,3종,40844
509,목포,2015-03,4종,27553
509,목포,2015-03,5종,45076
509,목포,2015-03,6종,22909
510,양양,2015-03,1종,68908
510,양양,2015-03,2종,2288
510,양양,2015-03,3종,2516
510,양양,2015-03,4종,1283
510,양양,2015-03,5종,2632
510,양양,2015-03,6종,2906
511,무창포,2015-03,1종,85358
511,무창포,2015-03,2종,2488
511,무창포,2015-03,3종,3020
511,무창포,2015-03,4종,2345
511,무창포,2015-03,5종,6093
511,무창포,2015-03,6종,2598
512,연화산,2015-03,1종,40057
512,연화산,2015-03,2종,1399
512,연화산,2015-03,3종,1267
512,연화산,2015-03,4종,1275
512,연화산,2015-03,5종,2158
512,연화산,2015-03,6종,2669
513,고성,2015-03,1종,379345
513,고성,2015-03,2종,13215
513,고성,2015-03,3종,18631
513,고성,2015-03,4종,10419
513,고성,2015-03,5종,16274
513,고성,2015-03,6종,21262
514,동고성,2015-03,1종,97568
514,동고성,2015-03,2종,4137
514,동고성,2015-03,3종,5759
514,동고성,2015-03,4종,8099
514,동고성,2015-03,5종,12720
514,동고성,2015-03,6종,8370
515,북통영,2015-03,1종,155550
515,북통영,2015-03,2종,3840
515,북통영,2015-03,3종,11884
515,북통영,2015-03,4종,1957
515,북통영,2015-03,5종,2410
515,북통영,2015-03,6종,9410
516,통영,2015-03,1종,580299
516,통영,2015-03,2종,18392
516,통영,2015-03,3종,28657
516,통영,2015-03,4종,18027
516,통영,2015-03,5종,23152
516,통영,2015-03,6종,30513
517,양평,2015-03,1종,173797
517,양평,2015-03,2종,6868
517,양평,2015-03,3종,7220
517,양평,2015-03,4종,5437
517,양평,2015-03,5종,8254
517,양평,2015-03,6종,7658
518,칠곡물류,2015-03,1종,64650
518,칠곡물류,2015-03,2종,15732
518,칠곡물류,2015-03,3종,9326
518,칠곡물류,2015-03,4종,14939
518,칠곡물류,2015-03,5종,15427
518,칠곡물류,2015-03,6종,3150
519,남대구,2015-03,1종,1361923
519,남대구,2015-03,2종,59207
519,남대구,2015-03,3종,69946
519,남대구,2015-03,4종,26545
519,남대구,2015-03,5종,43915
519,남대구,2015-03,6종,71080
520,평택,2015-03,1종,597153
520,평택,2015-03,2종,32550
520,평택,2015-03,3종,48443
520,평택,2015-03,4종,22528
520,평택,2015-03,5종,29099
520,평택,2015-03,6종,36963
521,단양,2015-03,1종,58052
521,단양,2015-03,2종,1889
521,단양,2015-03,3종,3237
521,단양,2015-03,4종,1782
521,단양,2015-03,5종,11892
521,단양,2015-03,6종,2324
522,북단양,2015-03,1종,86112
522,북단양,2015-03,2종,2648
522,북단양,2015-03,3종,3199
522,북단양,2015-03,4종,10128
522,북단양,2015-03,5종,35181
522,북단양,2015-03,6종,3357
523,남제천,2015-03,1종,72340
523,남제천,2015-03,2종,2004
523,남제천,2015-03,3종,3130
523,남제천,2015-03,4종,1099
523,남제천,2015-03,5종,3804
523,남제천,2015-03,6종,2219
524,청통와촌,2015-03,1종,244284
524,청통와촌,2015-03,2종,11922
524,청통와촌,2015-03,3종,7923
524,청통와촌,2015-03,4종,4821
524,청통와촌,2015-03,5종,7031
524,청통와촌,2015-03,6종,9882
525,북영천,2015-03,1종,184993
525,북영천,2015-03,2종,6495
525,북영천,2015-03,3종,5644
525,북영천,2015-03,4종,4082
525,북영천,2015-03,5종,7393
525,북영천,2015-03,6종,5879
526,서포항,2015-03,1종,104901
526,서포항,2015-03,2종,2310
526,서포항,2015-03,3종,2586
526,서포항,2015-03,4종,1233
526,서포항,2015-03,5종,3322
526,서포항,2015-03,6종,6705
527,포항,2015-03,1종,779187
527,포항,2015-03,2종,18501
527,포항,2015-03,3종,31080
527,포항,2015-03,4종,11119
527,포항,2015-03,5종,44108
527,포항,2015-03,6종,30553
528,기흥동탄,2015-03,1종,1145726
528,기흥동탄,2015-03,2종,29360
528,기흥동탄,2015-03,3종,76298
528,기흥동탄,2015-03,4종,19949
528,기흥동탄,2015-03,5종,19611
528,기흥동탄,2015-03,6종,69486
529,노포,2015-03,1종,256355
529,노포,2015-03,2종,14112
529,노포,2015-03,3종,42334
529,노포,2015-03,4종,7879
529,노포,2015-03,5종,11643
529,노포,2015-03,6종,13207
530,내장산,2015-03,1종,46172
530,내장산,2015-03,2종,1424
530,내장산,2015-03,3종,1088
530,내장산,2015-03,4종,770
530,내장산,2015-03,5종,620
530,내장산,2015-03,6종,2059
531,문의청남대,2015-03,1종,169253
531,문의청남대,2015-03,2종,6710
531,문의청남대,2015-03,3종,8790
531,문의청남대,2015-03,4종,6250
531,문의청남대,2015-03,5종,7912
531,문의청남대,2015-03,6종,7589
532,회인,2015-03,1종,42304
532,회인,2015-03,2종,1154
532,회인,2015-03,3종,1139
532,회인,2015-03,4종,652
532,회인,2015-03,5종,1000
532,회인,2015-03,6종,1941
533,보은,2015-03,1종,115572
533,보은,2015-03,2종,4553
533,보은,2015-03,3종,4853
533,보은,2015-03,4종,3137
533,보은,2015-03,5종,4004
533,보은,2015-03,6종,5773
534,속리산,2015-03,1종,50866
534,속리산,2015-03,2종,2166
534,속리산,2015-03,3종,2538
534,속리산,2015-03,4종,1556
534,속리산,2015-03,5종,2123
534,속리산,2015-03,6종,2082
535,화서,2015-03,1종,44919
535,화서,2015-03,2종,1555
535,화서,2015-03,3종,1924
535,화서,2015-03,4종,1135
535,화서,2015-03,5종,2179
535,화서,2015-03,6종,2183
536,남상주,2015-03,1종,109664
536,남상주,2015-03,2종,4963
536,남상주,2015-03,3종,10884
536,남상주,2015-03,4종,5975
536,남상주,2015-03,5종,4162
536,남상주,2015-03,6종,4662
537,남김천,2015-03,1종,71709
537,남김천,2015-03,2종,4983
537,남김천,2015-03,3종,5687
537,남김천,2015-03,4종,5842
537,남김천,2015-03,5종,12761
537,남김천,2015-03,6종,2713
538,성주,2015-03,1종,74606
538,성주,2015-03,2종,6481
538,성주,2015-03,3종,6152
538,성주,2015-03,4종,5949
538,성주,2015-03,5종,6370
538,성주,2015-03,6종,2957
539,남성주,2015-03,1종,51307
539,남성주,2015-03,2종,6831
539,남성주,2015-03,3종,3862
539,남성주,2015-03,4종,5110
539,남성주,2015-03,5종,7361
539,남성주,2015-03,6종,2019
540,청북,2015-03,1종,436660
540,청북,2015-03,2종,46129
540,청북,2015-03,3종,48172
540,청북,2015-03,4종,40038
540,청북,2015-03,5종,44952
540,청북,2015-03,6종,26680
541,송탄,2015-03,1종,403211
541,송탄,2015-03,2종,38603
541,송탄,2015-03,3종,38523
541,송탄,2015-03,4종,36287
541,송탄,2015-03,5종,27316
541,송탄,2015-03,6종,23337
542,서안성,2015-03,1종,369153
542,서안성,2015-03,2종,33555
542,서안성,2015-03,3종,46608
542,서안성,2015-03,4종,45666
542,서안성,2015-03,5종,30361
542,서안성,2015-03,6종,18112
543,남안성,2015-03,1종,529425
543,남안성,2015-03,2종,50516
543,남안성,2015-03,3종,49113
543,남안성,2015-03,4종,45352
543,남안성,2015-03,5종,42304
543,남안성,2015-03,6종,30291
544,완주,2015-03,1종,161316
544,완주,2015-03,2종,6411
544,완주,2015-03,3종,8542
544,완주,2015-03,4종,7860
544,완주,2015-03,5종,13242
544,완주,2015-03,6종,5642
545,소양,2015-03,1종,141728
545,소양,2015-03,2종,4710
545,소양,2015-03,3종,10211
545,소양,2015-03,4종,3044
545,소양,2015-03,5종,6480
545,소양,2015-03,6종,5031
546,진안,2015-03,1종,55629
546,진안,2015-03,2종,2490
546,진안,2015-03,3종,3066
546,진안,2015-03,4종,1514
546,진안,2015-03,5종,1303
546,진안,2015-03,6종,1965
547,무안공항,2015-03,1종,26109
547,무안공항,2015-03,2종,501
547,무안공항,2015-03,3종,1142
547,무안공항,2015-03,4종,213
547,무안공항,2015-03,5종,189
547,무안공항,2015-03,6종,931
548,북무안,2015-03,1종,93607
548,북무안,2015-03,2종,3714
548,북무안,2015-03,3종,4793
548,북무안,2015-03,4종,3377
548,북무안,2015-03,5종,3394
548,북무안,2015-03,6종,2573
549,동함평,2015-03,1종,161758
549,동함평,2015-03,2종,4257
549,동함평,2015-03,3종,5082
549,동함평,2015-03,4종,1780
549,동함평,2015-03,5종,2735
549,동함평,2015-03,6종,6654
550,문평,2015-03,1종,36043
550,문평,2015-03,2종,802
550,문평,2015-03,3종,1101
550,문평,2015-03,4종,509
550,문평,2015-03,5종,3243
550,문평,2015-03,6종,1169
551,나주,2015-03,1종,49996
551,나주,2015-03,2종,1906
551,나주,2015-03,3종,1882
551,나주,2015-03,4종,636
551,나주,2015-03,5종,1048
551,나주,2015-03,6종,2571
552,서광산,2015-03,1종,120944
552,서광산,2015-03,2종,5739
552,서광산,2015-03,3종,6967
552,서광산,2015-03,4종,3442
552,서광산,2015-03,5종,6177
552,서광산,2015-03,6종,3665
553,동광산,2015-03,1종,843242
553,동광산,2015-03,2종,19176
553,동광산,2015-03,3종,29954
553,동광산,2015-03,4종,10830
553,동광산,2015-03,5종,21730
553,동광산,2015-03,6종,29188
554,동홍천,2015-03,1종,351389
554,동홍천,2015-03,2종,4438
554,동홍천,2015-03,3종,17313
554,동홍천,2015-03,4종,2630
554,동홍천,2015-03,5종,2572
554,동홍천,2015-03,6종,14765
555,북진천,2015-03,1종,302414
555,북진천,2015-03,2종,36224
555,북진천,2015-03,3종,35081
555,북진천,2015-03,4종,27912
555,북진천,2015-03,5종,26946
555,북진천,2015-03,6종,14346
556,동순천,2015-03,1종,257999
556,동순천,2015-03,2종,6282
556,동순천,2015-03,3종,16476
556,동순천,2015-03,4종,13227
556,동순천,2015-03,5종,45587
556,동순천,2015-03,6종,7732
557,황전,2015-03,1종,81547
557,황전,2015-03,2종,1902
557,황전,2015-03,3종,1942
557,황전,2015-03,4종,1235
557,황전,2015-03,5종,3483
557,황전,2015-03,6종,3293
558,구례화엄사,2015-03,1종,175603
558,구례화엄사,2015-03,2종,3145
558,구례화엄사,2015-03,3종,9272
558,구례화엄사,2015-03,4종,2959
558,구례화엄사,2015-03,5종,5977
558,구례화엄사,2015-03,6종,5432
559,서남원,2015-03,1종,50683
559,서남원,2015-03,2종,2755
559,서남원,2015-03,3종,2881
559,서남원,2015-03,4종,2608
559,서남원,2015-03,5종,5965
559,서남원,2015-03,6종,1719
560,감곡,2015-03,1종,292644
560,감곡,2015-03,2종,14333
560,감곡,2015-03,3종,19790
560,감곡,2015-03,4종,20083
560,감곡,2015-03,5종,40112
560,감곡,2015-03,6종,10925
561,북충주,2015-03,1종,132063
561,북충주,2015-03,2종,4062
561,북충주,2015-03,3종,5685
561,북충주,2015-03,4종,3242
561,북충주,2015-03,5종,4408
561,북충주,2015-03,6종,4621
562,충주,2015-03,1종,182848
562,충주,2015-03,2종,7765
562,충주,2015-03,3종,16952
562,충주,2015-03,4종,10484
562,충주,2015-03,5종,9540
562,충주,2015-03,6종,7215
563,괴산,2015-03,1종,59094
563,괴산,2015-03,2종,1943
563,괴산,2015-03,3종,3931
563,괴산,2015-03,4종,2994
563,괴산,2015-03,5종,6388
563,괴산,2015-03,6종,1922
564,연풍,2015-03,1종,45136
564,연풍,2015-03,2종,3162
564,연풍,2015-03,3종,6681
564,연풍,2015-03,4종,6040
564,연풍,2015-03,5종,7204
564,연풍,2015-03,6종,1306
565,문경새재,2015-03,1종,70726
565,문경새재,2015-03,2종,3215
565,문경새재,2015-03,3종,5450
565,문경새재,2015-03,4종,3942
565,문경새재,2015-03,5종,3537
565,문경새재,2015-03,6종,2396
566,점촌함창,2015-03,1종,122951
566,점촌함창,2015-03,2종,4430
566,점촌함창,2015-03,3종,10422
566,점촌함창,2015-03,4종,5924
566,점촌함창,2015-03,5종,6518
566,점촌함창,2015-03,6종,4039
567,남고창,2015-03,1종,106212
567,남고창,2015-03,2종,3591
567,남고창,2015-03,3종,2662
567,남고창,2015-03,4종,1373
567,남고창,2015-03,5종,2601
567,남고창,2015-03,6종,4130
568,장성물류,2015-03,1종,34733
568,장성물류,2015-03,2종,7455
568,장성물류,2015-03,3종,3862
568,장성물류,2015-03,4종,8337
568,장성물류,2015-03,5종,10090
568,장성물류,2015-03,6종,1027
569,북광주,2015-03,1종,321963
569,북광주,2015-03,2종,19209
569,북광주,2015-03,3종,12192
569,북광주,2015-03,4종,17279
569,북광주,2015-03,5종,26848
569,북광주,2015-03,6종,11104
570,북상주,2015-03,1종,108867
570,북상주,2015-03,2종,6806
570,북상주,2015-03,3종,12301
570,북상주,2015-03,4종,13240
570,북상주,2015-03,5종,9393
570,북상주,2015-03,6종,3706
571,면천,2015-03,1종,92200
571,면천,2015-03,2종,3548
571,면천,2015-03,3종,3885
571,면천,2015-03,4종,3956
571,면천,2015-03,5종,6331
571,면천,2015-03,6종,3721
572,고덕,2015-03,1종,124832
572,고덕,2015-03,2종,4545
572,고덕,2015-03,3종,7794
572,고덕,2015-03,4종,3407
572,고덕,2015-03,5종,6899
572,고덕,2015-03,6종,4734
573,예산수덕사,2015-03,1종,300729
573,예산수덕사,2015-03,2종,11315
573,예산수덕사,2015-03,3종,11960
573,예산수덕사,2015-03,4종,10776
573,예산수덕사,2015-03,5종,13229
573,예산수덕사,2015-03,6종,11078
574,신양,2015-03,1종,80894
574,신양,2015-03,2종,3068
574,신양,2015-03,3종,3059
574,신양,2015-03,4종,2534
574,신양,2015-03,5종,3930
574,신양,2015-03,6종,2851
575,유구,2015-03,1종,83595
575,유구,2015-03,2종,3939
575,유구,2015-03,3종,4249
575,유구,2015-03,4종,4347
575,유구,2015-03,5종,5503
575,유구,2015-03,6종,3013
576,마곡사,2015-03,1종,38880
576,마곡사,2015-03,2종,1115
576,마곡사,2015-03,3종,1340
576,마곡사,2015-03,4종,950
576,마곡사,2015-03,5종,987
576,마곡사,2015-03,6종,1621
577,공주,2015-03,1종,169491
577,공주,2015-03,2종,6479
577,공주,2015-03,3종,6963
577,공주,2015-03,4종,2392
577,공주,2015-03,5종,4576
577,공주,2015-03,6종,7816
578,서세종,2015-03,1종,208331
578,서세종,2015-03,2종,12021
578,서세종,2015-03,3종,8802
578,서세종,2015-03,4종,6145
578,서세종,2015-03,5종,8659
578,서세종,2015-03,6종,9126
579,남세종,2015-03,1종,386693
579,남세종,2015-03,2종,8802
579,남세종,2015-03,3종,9575
579,남세종,2015-03,4종,4695
579,남세종,2015-03,5종,7522
579,남세종,2015-03,6종,20964
580,북강릉,2015-03,1종,176732
580,북강릉,2015-03,2종,5285
580,북강릉,2015-03,3종,8210
580,북강릉,2015-03,4종,2211
580,북강릉,2015-03,5종,4760
580,북강릉,2015-03,6종,8216
581,옥계,2015-03,1종,48883
581,옥계,2015-03,2종,1966
581,옥계,2015-03,3종,2291
581,옥계,2015-03,4종,3863
581,옥계,2015-03,5종,15167
581,옥계,2015-03,6종,3281
582,망상,2015-03,1종,104428
582,망상,2015-03,2종,3512
582,망상,2015-03,3종,13520
582,망상,2015-03,4종,1294
582,망상,2015-03,5종,1300
582,망상,2015-03,6종,6932
583,동해,2015-03,1종,305470
583,동해,2015-03,2종,10190
583,동해,2015-03,3종,13861
583,동해,2015-03,4종,8940
583,동해,2015-03,5종,23479
583,동해,2015-03,6종,14983
584,남강릉,2015-03,1종,111321
584,남강릉,2015-03,2종,6364
584,남강릉,2015-03,3종,9441
584,남강릉,2015-03,4종,3524
584,남강릉,2015-03,5종,3804
584,남강릉,2015-03,6종,7553
585,하조대,2015-03,1종,124667
585,하조대,2015-03,2종,4358
585,하조대,2015-03,3종,9049
585,하조대,2015-03,4종,2627
585,하조대,2015-03,5종,3130
585,하조대,2015-03,6종,5482
586,북남원,2015-03,1종,21452
586,북남원,2015-03,2종,864
586,북남원,2015-03,3종,674
586,북남원,2015-03,4종,396
586,북남원,2015-03,5종,1852
586,북남원,2015-03,6종,657
587,오수,2015-03,1종,153188
587,오수,2015-03,2종,4732
587,오수,2015-03,3종,8356
587,오수,2015-03,4종,3962
587,오수,2015-03,5종,6489
587,오수,2015-03,6종,5128
588,임실,2015-03,1종,46243
588,임실,2015-03,2종,2303
588,임실,2015-03,3종,2720
588,임실,2015-03,4종,1276
588,임실,2015-03,5종,3175
588,임실,2015-03,6종,1577
589,상관,2015-03,1종,163788
589,상관,2015-03,2종,4431
589,상관,2015-03,3종,9167
589,상관,2015-03,4종,5055
589,상관,2015-03,5종,28755
589,상관,2015-03,6종,5052
590,동전주,2015-03,1종,208592
590,동전주,2015-03,2종,3293
590,동전주,2015-03,3종,3615
590,동전주,2015-03,4종,2044
590,동전주,2015-03,5종,4472
590,동전주,2015-03,6종,8206
591,동서천,2015-03,1종,49926
591,동서천,2015-03,2종,1573
591,동서천,2015-03,3종,2399
591,동서천,2015-03,4종,2142
591,동서천,2015-03,5종,4263
591,동서천,2015-03,6종,1694
592,서부여,2015-03,1종,56142
592,서부여,2015-03,2종,2743
592,서부여,2015-03,3종,3122
592,서부여,2015-03,4종,1459
592,서부여,2015-03,5종,1917
592,서부여,2015-03,6종,2207
593,부여,2015-03,1종,79571
593,부여,2015-03,2종,2742
593,부여,2015-03,3종,3637
593,부여,2015-03,4종,2411
593,부여,2015-03,5종,2992
593,부여,2015-03,6종,3022
594,칠갑산,2015-03,1종,51194
594,칠갑산,2015-03,2종,1531
594,칠갑산,2015-03,3종,2971
594,칠갑산,2015-03,4종,1303
594,칠갑산,2015-03,5종,1018
594,칠갑산,2015-03,6종,1811
595,서공주,2015-03,1종,53999
595,서공주,2015-03,2종,3010
595,서공주,2015-03,3종,2891
595,서공주,2015-03,4종,2476
595,서공주,2015-03,5종,3533
595,서공주,2015-03,6종,2083
596,가락2,2015-03,1종,62342
596,가락2,2015-03,2종,6846
596,가락2,2015-03,3종,6744
596,가락2,2015-03,4종,15145
596,가락2,2015-03,5종,60687
596,가락2,2015-03,6종,3975
597,서여주,2015-03,1종,126414
597,서여주,2015-03,2종,6890
597,서여주,2015-03,3종,7111
597,서여주,2015-03,4종,6424
597,서여주,2015-03,5종,6836
597,서여주,2015-03,6종,7262
598,북여주,2015-03,1종,74377
598,북여주,2015-03,2종,3421
598,북여주,2015-03,3종,2704
598,북여주,2015-03,4종,2291
598,북여주,2015-03,5종,5155
598,북여주,2015-03,6종,3376
599,양촌,2015-03,1종,28843
599,양촌,2015-03,2종,574
599,양촌,2015-03,3종,220
599,양촌,2015-03,4종,24
599,양촌,2015-03,5종,11
599,양촌,2015-03,6종,1044
601,남천안,2015-03,1종,324855
601,남천안,2015-03,2종,22101
601,남천안,2015-03,3종,26556
601,남천안,2015-03,4종,26691
601,남천안,2015-03,5종,22877
601,남천안,2015-03,6종,13764
602,풍세상,2015-03,1종,1469082
602,풍세상,2015-03,2종,43302
602,풍세상,2015-03,3종,168296
602,풍세상,2015-03,4종,77220
602,풍세상,2015-03,5종,81716
602,풍세상,2015-03,6종,65430
603,정안,2015-03,1종,266338
603,정안,2015-03,2종,9252
603,정안,2015-03,3종,27006
603,정안,2015-03,4종,12625
603,정안,2015-03,5종,10127
603,정안,2015-03,6종,11400
604,남공주,2015-03,1종,66207
604,남공주,2015-03,2종,3017
604,남공주,2015-03,3종,4375
604,남공주,2015-03,4종,2610
604,남공주,2015-03,5종,4505
604,남공주,2015-03,6종,2701
605,탄천,2015-03,1종,24678
605,탄천,2015-03,2종,1596
605,탄천,2015-03,3종,1336
605,탄천,2015-03,4종,1711
605,탄천,2015-03,5종,2056
605,탄천,2015-03,6종,995
606,서논산,2015-03,1종,124811
606,서논산,2015-03,2종,6071
606,서논산,2015-03,3종,9277
606,서논산,2015-03,4종,7425
606,서논산,2015-03,5종,8956
606,서논산,2015-03,6종,4974
607,연무,2015-03,1종,67415
607,연무,2015-03,2종,2841
607,연무,2015-03,3종,2932
607,연무,2015-03,4종,2124
607,연무,2015-03,5종,3399
607,연무,2015-03,6종,2462
608,남논산하,2015-03,1종,860534
608,남논산하,2015-03,2종,22866
608,남논산하,2015-03,3종,111392
608,남논산하,2015-03,4종,39858
608,남논산하,2015-03,5종,59808
608,남논산하,2015-03,6종,32946
612,풍세하,2015-03,1종,1473805
612,풍세하,2015-03,2종,41120
612,풍세하,2015-03,3종,170118
612,풍세하,2015-03,4종,59301
612,풍세하,2015-03,5종,63093
612,풍세하,2015-03,6종,64806
613,남풍세,2015-03,1종,132220
613,남풍세,2015-03,2종,6660
613,남풍세,2015-03,3종,10557
613,남풍세,2015-03,4종,5922
613,남풍세,2015-03,5종,9892
613,남풍세,2015-03,6종,5945
618,남논산상,2015-03,1종,852862
618,남논산상,2015-03,2종,23476
618,남논산상,2015-03,3종,109524
618,남논산상,2015-03,4종,45410
618,남논산상,2015-03,5종,71812
618,남논산상,2015-03,6종,32386
621,동대구,2015-03,1종,857394
621,동대구,2015-03,2종,31931
621,동대구,2015-03,3종,41947
621,동대구,2015-03,4종,23668
621,동대구,2015-03,5종,29727
621,동대구,2015-03,6종,42900
622,대구,2015-03,1종,1119026
622,대구,2015-03,2종,46212
622,대구,2015-03,3종,66478
622,대구,2015-03,4종,51396
622,대구,2015-03,5종,87880
622,대구,2015-03,6종,60244
623,수성,2015-03,1종,768817
623,수성,2015-03,2종,19362
623,수성,2015-03,3종,15044
623,수성,2015-03,4종,7598
623,수성,2015-03,5종,7314
623,수성,2015-03,6종,36649
624,청도,2015-03,1종,220271
624,청도,2015-03,2종,8970
624,청도,2015-03,3종,8274
624,청도,2015-03,4종,5809
624,청도,2015-03,5종,9220
624,청도,2015-03,6종,10308
625,밀양,2015-03,1종,282755
625,밀양,2015-03,2종,13329
625,밀양,2015-03,3종,11941
625,밀양,2015-03,4종,9330
625,밀양,2015-03,5종,12806
625,밀양,2015-03,6종,12716
626,남밀양,2015-03,1종,369511
626,남밀양,2015-03,2종,20614
626,남밀양,2015-03,3종,18557
626,남밀양,2015-03,4종,13948
626,남밀양,2015-03,5종,19427
626,남밀양,2015-03,6종,21523
627,삼랑진,2015-03,1종,251240
627,삼랑진,2015-03,2종,10431
627,삼랑진,2015-03,3종,8722
627,삼랑진,2015-03,4종,6379
627,삼랑진,2015-03,5종,14372
627,삼랑진,2015-03,6종,15062
628,상동,2015-03,1종,229288
628,상동,2015-03,2종,24131
628,상동,2015-03,3종,15853
628,상동,2015-03,4종,20847
628,상동,2015-03,5종,26801
628,상동,2015-03,6종,13931
629,김해부산,2015-03,1종,1187142
629,김해부산,2015-03,2종,61922
629,김해부산,2015-03,3종,74458
629,김해부산,2015-03,4종,67000
629,김해부산,2015-03,5종,104874
629,김해부산,2015-03,6종,67932
641,울산,2015-03,1종,1215601
641,울산,2015-03,2종,50196
641,울산,2015-03,3종,76546
641,울산,2015-03,4종,50362
641,울산,2015-03,5종,126265
641,울산,2015-03,6종,60156
642,문수,2015-03,1종,124527
642,문수,2015-03,2종,5635
642,문수,2015-03,3종,6645
642,문수,2015-03,4종,9254
642,문수,2015-03,5종,21842
642,문수,2015-03,6종,7191
643,청량,2015-03,1종,582394
643,청량,2015-03,2종,13357
643,청량,2015-03,3종,15113
643,청량,2015-03,4종,21206
643,청량,2015-03,5종,72941
643,청량,2015-03,6종,35988
644,온양,2015-03,1종,193335
644,온양,2015-03,2종,4450
644,온양,2015-03,3종,3151
644,온양,2015-03,4종,3091
644,온양,2015-03,5종,12126
644,온양,2015-03,6종,12708
645,장안,2015-03,1종,336860
645,장안,2015-03,2종,7807
645,장안,2015-03,3종,6230
645,장안,2015-03,4종,6213
645,장안,2015-03,5종,15624
645,장안,2015-03,6종,22701
646,기장일광,2015-03,1종,286258
646,기장일광,2015-03,2종,3112
646,기장일광,2015-03,3종,3387
646,기장일광,2015-03,4종,2181
646,기장일광,2015-03,5종,7480
646,기장일광,2015-03,6종,17023
647,해운대송정,2015-03,1종,139758
647,해운대송정,2015-03,2종,1473
647,해운대송정,2015-03,3종,1166
647,해운대송정,2015-03,4종,599
647,해운대송정,2015-03,5종,940
647,해운대송정,2015-03,6종,7991
648,해운대,2015-03,1종,814741
648,해운대,2015-03,2종,8913
648,해운대,2015-03,3종,9757
648,해운대,2015-03,4종,7245
648,해운대,2015-03,5종,39443
648,해운대,2015-03,6종,48569
651,남양주,2015-03,1종,1425320
651,남양주,2015-03,2종,36566
651,남양주,2015-03,3종,64358
651,남양주,2015-03,4종,15916
651,남양주,2015-03,5종,15762
651,남양주,2015-03,6종,83824
652,화도,2015-03,1종,842566
652,화도,2015-03,2종,30911
652,화도,2015-03,3종,34285
652,화도,2015-03,4종,13817
652,화도,2015-03,5종,11637
652,화도,2015-03,6종,64211
653,서종,2015-03,1종,158434
653,서종,2015-03,2종,1795
653,서종,2015-03,3종,898
653,서종,2015-03,4종,1192
653,서종,2015-03,5종,1059
653,서종,2015-03,6종,10241
654,설악,2015-03,1종,193359
654,설악,2015-03,2종,3420
654,설악,2015-03,3종,6088
654,설악,2015-03,4종,1777
654,설악,2015-03,5종,1897
654,설악,2015-03,6종,10712
655,강촌,2015-03,1종,119888
655,강촌,2015-03,2종,2012
655,강촌,2015-03,3종,3637
655,강촌,2015-03,4종,1670
655,강촌,2015-03,5종,1417
655,강촌,2015-03,6종,5378
656,남춘천,2015-03,1종,161917
656,남춘천,2015-03,2종,3043
656,남춘천,2015-03,3종,11423
656,남춘천,2015-03,4종,1996
656,남춘천,2015-03,5종,3928
656,남춘천,2015-03,6종,8875
657,동산,2015-03,1종,500922
657,동산,2015-03,2종,8358
657,동산,2015-03,3종,23730
657,동산,2015-03,4종,5786
657,동산,2015-03,5종,6780
657,동산,2015-03,6종,28744
658,조양,2015-03,1종,22747
658,조양,2015-03,2종,546
658,조양,2015-03,3종,543
658,조양,2015-03,4종,780
658,조양,2015-03,5종,620
658,조양,2015-03,6종,999
671,봉담,2015-03,1종,1221056
671,봉담,2015-03,2종,56088
671,봉담,2015-03,3종,46117
671,봉담,2015-03,4종,19600
671,봉담,2015-03,5종,24976
671,봉담,2015-03,6종,97731
672,정남,2015-03,1종,352207
672,정남,2015-03,2종,19503
672,정남,2015-03,3종,15176
672,정남,2015-03,4종,7028
672,정남,2015-03,5종,4404
672,정남,2015-03,6종,29506
673,북오산,2015-03,1종,782199
673,북오산,2015-03,2종,27032
673,북오산,2015-03,3종,27639
673,북오산,2015-03,4종,17819
673,북오산,2015-03,5종,11094
673,북오산,2015-03,6종,59343
674,,2015-03,1종,835947
674,,2015-03,2종,38191
674,,2015-03,3종,61370
674,,2015-03,4종,20677
674,,2015-03,5종,23034
674,,2015-03,6종,60032
675,서오산,2015-03,1종,770896
675,서오산,2015-03,2종,23372
675,서오산,2015-03,3종,20879
675,서오산,2015-03,4종,12827
675,서오산,2015-03,5종,11166
675,서오산,2015-03,6종,55903
676,향남,2015-03,1종,555668
676,향남,2015-03,2종,36311
676,향남,2015-03,3종,25966
676,향남,2015-03,4종,23158
676,향남,2015-03,5종,13771
676,향남,2015-03,6종,44906
677,북평택,2015-03,1종,884180
677,북평택,2015-03,2종,32769
677,북평택,2015-03,3종,45231
677,북평택,2015-03,4종,17218
677,북평택,2015-03,5종,28009
677,북평택,2015-03,6종,57934
681,장안본선,2015-03,1종,983406
681,장안본선,2015-03,2종,77800
681,장안본선,2015-03,3종,139380
681,장안본선,2015-03,4종,95490
681,장안본선,2015-03,5종,170094
681,장안본선,2015-03,6종,57082
682,조암,2015-03,1종,317851
682,조암,2015-03,2종,37538
682,조암,2015-03,3종,33617
682,조암,2015-03,4종,22760
682,조암,2015-03,5종,24812
682,조암,2015-03,6종,19775
683,송산마도,2015-03,1종,546455
683,송산마도,2015-03,2종,37018
683,송산마도,2015-03,3종,27787
683,송산마도,2015-03,4종,21605
683,송산마도,2015-03,5종,33377
683,송산마도,2015-03,6종,32217
684,남안산,2015-03,1종,706276
684,남안산,2015-03,2종,74513
684,남안산,2015-03,3종,63755
684,남안산,2015-03,4종,51418
684,남안산,2015-03,5종,72205
684,남안산,2015-03,6종,52445
685,서시흥,2015-03,1종,1221606
685,서시흥,2015-03,2종,76658
685,서시흥,2015-03,3종,115788
685,서시흥,2015-03,4종,72053
685,서시흥,2015-03,5종,144207
685,서시흥,2015-03,6종,75155
981,서영암,2015-03,1종,211562
981,서영암,2015-03,2종,4748
981,서영암,2015-03,3종,10253
981,서영암,2015-03,4종,8363
981,서영암,2015-03,5종,21511
981,서영암,2015-03,6종,6575
982,강진무위사,2015-03,1종,122789
982,강진무위사,2015-03,2종,3239
982,강진무위사,2015-03,3종,7417
982,강진무위사,2015-03,4종,4416
982,강진무위사,2015-03,5종,6641
982,강진무위사,2015-03,6종,3635
983,장흥,2015-03,1종,93125
983,장흥,2015-03,2종,1727
983,장흥,2015-03,3종,2582
983,장흥,2015-03,4종,1114
983,장흥,2015-03,5종,1618
983,장흥,2015-03,6종,2710
984,보성,2015-03,1종,169992
984,보성,2015-03,2종,5952
984,보성,2015-03,3종,6757
984,보성,2015-03,4종,5234
984,보성,2015-03,5종,14324
984,보성,2015-03,6종,4609
985,벌교,2015-03,1종,119587
985,벌교,2015-03,2종,4146
985,벌교,2015-03,3종,4235
985,벌교,2015-03,4종,2539
985,벌교,2015-03,5종,4656
985,벌교,2015-03,6종,3126
986,고흥,2015-03,1종,156025
986,고흥,2015-03,2종,3602
986,고흥,2015-03,3종,6277
986,고흥,2015-03,4종,4740
986,고흥,2015-03,5종,14773
986,고흥,2015-03,6종,4958
987,남순천,2015-03,1종,427290
987,남순천,2015-03,2종,11145
987,남순천,2015-03,3종,19953
987,남순천,2015-03,4종,17032
987,남순천,2015-03,5종,49508
987,남순천,2015-03,6종,12164
11,인천,2015-04,1종,3681277
11,인천,2015-04,2종,121512
11,인천,2015-04,3종,95373
11,인천,2015-04,4종,68181
11,인천,2015-04,5종,125882
11,인천,2015-04,6종,345775
12,서영암(개),2015-04,1종,47338
12,서영암(개),2015-04,2종,707
12,서영암(개),2015-04,3종,1406
12,서영암(개),2015-04,4종,416
12,서영암(개),2015-04,5종,731
12,서영암(개),2015-04,6종,2488
13,순천만,2015-04,1종,117382
13,순천만,2015-04,2종,4672
13,순천만,2015-04,3종,8046
13,순천만,2015-04,4종,3357
13,순천만,2015-04,5종,8436
13,순천만,2015-04,6종,5244
29,가락(개),2015-04,1종,699472
29,가락(개),2015-04,2종,22165
29,가락(개),2015-04,3종,23176
29,가락(개),2015-04,4종,23861
29,가락(개),2015-04,5종,110606
29,가락(개),2015-04,6종,58743
53,남인천,2015-04,1종,1716332
53,남인천,2015-04,2종,43374
53,남인천,2015-04,3종,61266
53,남인천,2015-04,4종,21391
53,남인천,2015-04,5종,64708
53,남인천,2015-04,6종,149665
56,일로,2015-04,1종,37136
56,일로,2015-04,2종,2032
56,일로,2015-04,3종,414
56,일로,2015-04,4종,801
56,일로,2015-04,5종,1323
56,일로,2015-04,6종,2105
61,성남,2015-04,1종,4033952
61,성남,2015-04,2종,161571
61,성남,2015-04,3종,174834
61,성남,2015-04,4종,99333
61,성남,2015-04,5종,88103
61,성남,2015-04,6종,289266
62,구리남양주,2015-04,1종,5099488
62,구리남양주,2015-04,2종,217336
62,구리남양주,2015-04,3종,212407
62,구리남양주,2015-04,4종,142898
62,구리남양주,2015-04,5종,113375
62,구리남양주,2015-04,6종,388780
63,토평,2015-04,1종,467179
63,토평,2015-04,2종,15762
63,토평,2015-04,3종,8713
63,토평,2015-04,4종,14470
63,토평,2015-04,5종,8873
63,토평,2015-04,6종,39380
64,청계,2015-04,1종,4641763
64,청계,2015-04,2종,154958
64,청계,2015-04,3종,163924
64,청계,2015-04,4종,51554
64,청계,2015-04,5종,84384
64,청계,2015-04,6종,361712
65,판교,2015-04,1종,2911069
65,판교,2015-04,2종,44579
65,판교,2015-04,3종,182683
65,판교,2015-04,4종,16764
65,판교,2015-04,5종,14597
65,판교,2015-04,6종,175815
66,하남,2015-04,1종,867738
66,하남,2015-04,2종,30501
66,하남,2015-04,3종,18732
66,하남,2015-04,4종,8597
66,하남,2015-04,5종,8120
66,하남,2015-04,6종,68656
67,시흥,2015-04,1종,3928396
67,시흥,2015-04,2종,140422
67,시흥,2015-04,3종,148201
67,시흥,2015-04,4종,77552
67,시흥,2015-04,5종,76897
67,시흥,2015-04,6종,306267
68,김포,2015-04,1종,4720212
68,김포,2015-04,2종,186812
68,김포,2015-04,3종,163700
68,김포,2015-04,4종,83288
68,김포,2015-04,5종,118866
68,김포,2015-04,6종,394267
69,대왕판교,2015-04,1종,201787
69,대왕판교,2015-04,2종,1504
69,대왕판교,2015-04,3종,241
69,대왕판교,2015-04,4종,31
69,대왕판교,2015-04,5종,23
69,대왕판교,2015-04,6종,11286
74,덕소삼패,2015-04,1종,278693
74,덕소삼패,2015-04,2종,7114
74,덕소삼패,2015-04,3종,4278
74,덕소삼패,2015-04,4종,9228
74,덕소삼패,2015-04,5종,9153
74,덕소삼패,2015-04,6종,22992
91,대동(개),2015-04,1종,136866
91,대동(개),2015-04,2종,10299
91,대동(개),2015-04,3종,6119
91,대동(개),2015-04,4종,19112
91,대동(개),2015-04,5종,9827
91,대동(개),2015-04,6종,9444
92,내서,2015-04,1종,226731
92,내서,2015-04,2종,8881
92,내서,2015-04,3종,11496
92,내서,2015-04,4종,3780
92,내서,2015-04,5종,8432
92,내서,2015-04,6종,21352
101,서울,2015-04,1종,5339982
101,서울,2015-04,2종,191107
101,서울,2015-04,3종,632540
101,서울,2015-04,4종,98135
101,서울,2015-04,5종,56911
101,서울,2015-04,6종,258698
102,동수원,2015-04,1종,2217309
102,동수원,2015-04,2종,42582
102,동수원,2015-04,3종,95337
102,동수원,2015-04,4종,14918
102,동수원,2015-04,5종,21393
102,동수원,2015-04,6종,150089
103,수원신갈,2015-04,1종,2461559
103,수원신갈,2015-04,2종,99062
103,수원신갈,2015-04,3종,175007
103,수원신갈,2015-04,4종,39679
103,수원신갈,2015-04,5종,25487
103,수원신갈,2015-04,6종,141202
104,지곡,2015-04,1종,37249
104,지곡,2015-04,2종,1532
104,지곡,2015-04,3종,2710
104,지곡,2015-04,4종,2378
104,지곡,2015-04,5종,2381
104,지곡,2015-04,6종,1570
105,기흥,2015-04,1종,479090
105,기흥,2015-04,2종,25036
105,기흥,2015-04,3종,17006
105,기흥,2015-04,4종,10002
105,기흥,2015-04,5종,11564
105,기흥,2015-04,6종,27090
106,오산,2015-04,1종,1160412
106,오산,2015-04,2종,92463
106,오산,2015-04,3종,108917
106,오산,2015-04,4종,48876
106,오산,2015-04,5종,32372
106,오산,2015-04,6종,75532
107,안성,2015-04,1종,874793
107,안성,2015-04,2종,33567
107,안성,2015-04,3종,57437
107,안성,2015-04,4종,18004
107,안성,2015-04,5종,12703
107,안성,2015-04,6종,57285
108,천안,2015-04,1종,1499202
108,천안,2015-04,2종,47222
108,천안,2015-04,3종,118070
108,천안,2015-04,4종,38176
108,천안,2015-04,5종,32237
108,천안,2015-04,6종,78424
109,계룡,2015-04,1종,136767
109,계룡,2015-04,2종,9881
109,계룡,2015-04,3종,11084
109,계룡,2015-04,4종,9177
109,계룡,2015-04,5종,5519
109,계룡,2015-04,6종,8443
110,독립기념관,2015-04,1종,318951
110,독립기념관,2015-04,2종,19305
110,독립기념관,2015-04,3종,26360
110,독립기념관,2015-04,4종,21261
110,독립기념관,2015-04,5종,16875
110,독립기념관,2015-04,6종,13894
111,청주,2015-04,1종,491510
111,청주,2015-04,2종,20992
111,청주,2015-04,3종,51416
111,청주,2015-04,4종,16666
111,청주,2015-04,5종,18980
111,청주,2015-04,6종,25159
112,남청주,2015-04,1종,510994
112,남청주,2015-04,2종,41043
112,남청주,2015-04,3종,42871
112,남청주,2015-04,4종,48048
112,남청주,2015-04,5종,41412
112,남청주,2015-04,6종,24666
113,신탄진,2015-04,1종,766556
113,신탄진,2015-04,2종,43557
113,신탄진,2015-04,3종,37227
113,신탄진,2015-04,4종,60528
113,신탄진,2015-04,5종,51719
113,신탄진,2015-04,6종,43010
114,남대전,2015-04,1종,321381
114,남대전,2015-04,2종,13362
114,남대전,2015-04,3종,13481
114,남대전,2015-04,4종,6595
114,남대전,2015-04,5종,9633
114,남대전,2015-04,6종,16629
115,대전,2015-04,1종,1356434
115,대전,2015-04,2종,40590
115,대전,2015-04,3종,85906
115,대전,2015-04,4종,18531
115,대전,2015-04,5종,15563
115,대전,2015-04,6종,76446
116,옥천,2015-04,1종,402444
116,옥천,2015-04,2종,23237
116,옥천,2015-04,3종,22474
116,옥천,2015-04,4종,35214
116,옥천,2015-04,5종,21691
116,옥천,2015-04,6종,23572
117,금강,2015-04,1종,41562
117,금강,2015-04,2종,1874
117,금강,2015-04,3종,1575
117,금강,2015-04,4종,3652
117,금강,2015-04,5종,1203
117,금강,2015-04,6종,2290
118,영동,2015-04,1종,89101
118,영동,2015-04,2종,5025
118,영동,2015-04,3종,4896
118,영동,2015-04,4종,3213
118,영동,2015-04,5종,8307
118,영동,2015-04,6종,3795
119,판암,2015-04,1종,494033
119,판암,2015-04,2종,15640
119,판암,2015-04,3종,12562
119,판암,2015-04,4종,6603
119,판암,2015-04,5종,6082
119,판암,2015-04,6종,29856
120,황간,2015-04,1종,73933
120,황간,2015-04,2종,2943
120,황간,2015-04,3종,4723
120,황간,2015-04,4종,4336
120,황간,2015-04,5종,5426
120,황간,2015-04,6종,3052
121,추풍령,2015-04,1종,39972
121,추풍령,2015-04,2종,1217
121,추풍령,2015-04,3종,2393
121,추풍령,2015-04,4종,1022
121,추풍령,2015-04,5종,1499
121,추풍령,2015-04,6종,1979
122,김천,2015-04,1종,214052
122,김천,2015-04,2종,7068
122,김천,2015-04,3종,11658
122,김천,2015-04,4종,9195
122,김천,2015-04,5종,7730
122,김천,2015-04,6종,10206
123,구미,2015-04,1종,800464
123,구미,2015-04,2종,20821
123,구미,2015-04,3종,41319
123,구미,2015-04,4종,19386
123,구미,2015-04,5종,16469
123,구미,2015-04,6종,41233
124,상주,2015-04,1종,121980
124,상주,2015-04,2종,5588
124,상주,2015-04,3종,6924
124,상주,2015-04,4종,6412
124,상주,2015-04,5종,7185
124,상주,2015-04,6종,4084
125,남구미,2015-04,1종,558913
125,남구미,2015-04,2종,23047
125,남구미,2015-04,3종,34765
125,남구미,2015-04,4종,22273
125,남구미,2015-04,5종,39433
125,남구미,2015-04,6종,31717
126,왜관,2015-04,1종,648380
126,왜관,2015-04,2종,49551
126,왜관,2015-04,3종,32668
126,왜관,2015-04,4종,25454
126,왜관,2015-04,5종,32564
126,왜관,2015-04,6종,30835
127,서대구,2015-04,1종,1945751
127,서대구,2015-04,2종,91132
127,서대구,2015-04,3종,110728
127,서대구,2015-04,4종,53145
127,서대구,2015-04,5종,61451
127,서대구,2015-04,6종,88998
128,금왕꽃동네,2015-04,1종,111105
128,금왕꽃동네,2015-04,2종,10427
128,금왕꽃동네,2015-04,3종,13066
128,금왕꽃동네,2015-04,4종,8972
128,금왕꽃동네,2015-04,5종,14033
128,금왕꽃동네,2015-04,6종,5309
129,북대구,2015-04,1종,1804104
129,북대구,2015-04,2종,62410
129,북대구,2015-04,3종,60333
129,북대구,2015-04,4종,26228
129,북대구,2015-04,5종,29578
129,북대구,2015-04,6종,82622
130,동김천,2015-04,1종,161849
130,동김천,2015-04,2종,6769
130,동김천,2015-04,3종,10976
130,동김천,2015-04,4종,8436
130,동김천,2015-04,5종,13558
130,동김천,2015-04,6종,6350
131,경산,2015-04,1종,879311
131,경산,2015-04,2종,75904
131,경산,2015-04,3종,63206
131,경산,2015-04,4종,46759
131,경산,2015-04,5종,41894
131,경산,2015-04,6종,48695
132,영천,2015-04,1종,425097
132,영천,2015-04,2종,25315
132,영천,2015-04,3종,33609
132,영천,2015-04,4종,25371
132,영천,2015-04,5종,44574
132,영천,2015-04,6종,17151
133,서경주,2015-04,1종,179586
133,서경주,2015-04,2종,8774
133,서경주,2015-04,3종,15879
133,서경주,2015-04,4종,11082
133,서경주,2015-04,5종,29792
133,서경주,2015-04,6종,6479
134,선산,2015-04,1종,88013
134,선산,2015-04,2종,4892
134,선산,2015-04,3종,5733
134,선산,2015-04,4종,5234
134,선산,2015-04,5종,6550
134,선산,2015-04,6종,3038
135,경주,2015-04,1종,939453
135,경주,2015-04,2종,40312
135,경주,2015-04,3종,87668
135,경주,2015-04,4종,47000
135,경주,2015-04,5종,103907
135,경주,2015-04,6종,36664
136,음성,2015-04,1종,152471
136,음성,2015-04,2종,8343
136,음성,2015-04,3종,10600
136,음성,2015-04,4종,7500
136,음성,2015-04,5종,9088
136,음성,2015-04,6종,6113
137,통도사,2015-04,1종,283685
137,통도사,2015-04,2종,17690
137,통도사,2015-04,3종,16807
137,통도사,2015-04,4종,11890
137,통도사,2015-04,5종,18326
137,통도사,2015-04,6종,15053
138,양산,2015-04,1종,683746
138,양산,2015-04,2종,76816
138,양산,2015-04,3종,48733
138,양산,2015-04,4종,45045
138,양산,2015-04,5종,64619
138,양산,2015-04,6종,38727
139,서울산,2015-04,1종,481833
139,서울산,2015-04,2종,27017
139,서울산,2015-04,3종,36184
139,서울산,2015-04,4종,16140
139,서울산,2015-04,5종,26871
139,서울산,2015-04,6종,25864
140,부산,2015-04,1종,1685416
140,부산,2015-04,2종,64788
140,부산,2015-04,3종,61901
140,부산,2015-04,4종,28915
140,부산,2015-04,5종,72011
140,부산,2015-04,6종,98609
142,군북,2015-04,1종,384766
142,군북,2015-04,2종,15639
142,군북,2015-04,3종,18424
142,군북,2015-04,4종,11446
142,군북,2015-04,5종,20109
142,군북,2015-04,6종,23640
143,장지,2015-04,1종,111997
143,장지,2015-04,2종,5652
143,장지,2015-04,3종,5841
143,장지,2015-04,4종,4459
143,장지,2015-04,5종,16059
143,장지,2015-04,6종,7271
144,함안,2015-04,1종,253371
144,함안,2015-04,2종,12756
144,함안,2015-04,3종,11995
144,함안,2015-04,4종,8166
144,함안,2015-04,5종,17538
144,함안,2015-04,6종,17882
145,산인,2015-04,1종,791569
145,산인,2015-04,2종,21121
145,산인,2015-04,3종,41074
145,산인,2015-04,4종,14363
145,산인,2015-04,5종,21259
145,산인,2015-04,6종,46206
146,동창원,2015-04,1종,581136
146,동창원,2015-04,2종,28768
146,동창원,2015-04,3종,26239
146,동창원,2015-04,4종,21296
146,동창원,2015-04,5종,31230
146,동창원,2015-04,6종,40000
147,진례,2015-04,1종,487658
147,진례,2015-04,2종,35706
147,진례,2015-04,3종,25506
147,진례,2015-04,4종,21930
147,진례,2015-04,5종,28978
147,진례,2015-04,6종,32558
148,서김해,2015-04,1종,818060
148,서김해,2015-04,2종,36332
148,서김해,2015-04,3종,27581
148,서김해,2015-04,4종,20658
148,서김해,2015-04,5종,38487
148,서김해,2015-04,6종,57061
149,동김해,2015-04,1종,1236525
149,동김해,2015-04,2종,41033
149,동김해,2015-04,3종,35683
149,동김해,2015-04,4종,14813
149,동김해,2015-04,5종,14409
149,동김해,2015-04,6종,95161
150,북부산,2015-04,1종,1899052
150,북부산,2015-04,2종,40571
150,북부산,2015-04,3종,45434
150,북부산,2015-04,4종,17786
150,북부산,2015-04,5종,36298
150,북부산,2015-04,6종,130529
151,북대전,2015-04,1종,713887
151,북대전,2015-04,2종,17081
151,북대전,2015-04,3종,35141
151,북대전,2015-04,4종,19534
151,북대전,2015-04,5종,19151
151,북대전,2015-04,6종,42244
152,유성,2015-04,1종,1091530
152,유성,2015-04,2종,24514
152,유성,2015-04,3종,42731
152,유성,2015-04,4종,17575
152,유성,2015-04,5종,12210
152,유성,2015-04,6종,53046
153,서대전,2015-04,1종,721242
153,서대전,2015-04,2종,22724
153,서대전,2015-04,3종,22390
153,서대전,2015-04,4종,17309
153,서대전,2015-04,5종,13475
153,서대전,2015-04,6종,44264
154,안영,2015-04,1종,454188
154,안영,2015-04,2종,17437
154,안영,2015-04,3종,16408
154,안영,2015-04,4종,7213
154,안영,2015-04,5종,9294
154,안영,2015-04,6종,25212
155,논산,2015-04,1종,226667
155,논산,2015-04,2종,16603
155,논산,2015-04,3종,18896
155,논산,2015-04,4종,14804
155,논산,2015-04,5종,14054
155,논산,2015-04,6종,10409
156,익산,2015-04,1종,285384
156,익산,2015-04,2종,23320
156,익산,2015-04,3종,31532
156,익산,2015-04,4종,21017
156,익산,2015-04,5종,29652
156,익산,2015-04,6종,9392
157,삼례,2015-04,1종,115757
157,삼례,2015-04,2종,7819
157,삼례,2015-04,3종,9571
157,삼례,2015-04,4종,6978
157,삼례,2015-04,5종,11386
157,삼례,2015-04,6종,3593
158,전주,2015-04,1종,454153
158,전주,2015-04,2종,19462
158,전주,2015-04,3종,55150
158,전주,2015-04,4종,22481
158,전주,2015-04,5종,40689
158,전주,2015-04,6종,14659
159,서전주,2015-04,1종,297146
159,서전주,2015-04,2종,13057
159,서전주,2015-04,3종,14896
159,서전주,2015-04,4종,8095
159,서전주,2015-04,5종,8094
159,서전주,2015-04,6종,9393
160,김제,2015-04,1종,123681
160,김제,2015-04,2종,7186
160,김제,2015-04,3종,10129
160,김제,2015-04,4종,4894
160,김제,2015-04,5종,4724
160,김제,2015-04,6종,3810
161,금산사,2015-04,1종,35519
161,금산사,2015-04,2종,2054
161,금산사,2015-04,3종,2859
161,금산사,2015-04,4종,626
161,금산사,2015-04,5종,2126
161,금산사,2015-04,6종,966
162,태인,2015-04,1종,81549
162,태인,2015-04,2종,5826
162,태인,2015-04,3종,10223
162,태인,2015-04,4종,5929
162,태인,2015-04,5종,6409
162,태인,2015-04,6종,2504
163,정읍,2015-04,1종,255279
163,정읍,2015-04,2종,15177
163,정읍,2015-04,3종,24600
163,정읍,2015-04,4종,12030
163,정읍,2015-04,5종,11046
163,정읍,2015-04,6종,8314
164,무주,2015-04,1종,127299
164,무주,2015-04,2종,3876
164,무주,2015-04,3종,5835
164,무주,2015-04,4종,2769
164,무주,2015-04,5종,3347
164,무주,2015-04,6종,4775
165,백양사,2015-04,1종,67077
165,백양사,2015-04,2종,2039
165,백양사,2015-04,3종,4003
165,백양사,2015-04,4종,1509
165,백양사,2015-04,5종,1296
165,백양사,2015-04,6종,1809
166,장성,2015-04,1종,163426
166,장성,2015-04,2종,12053
166,장성,2015-04,3종,20317
166,장성,2015-04,4종,12549
166,장성,2015-04,5종,14352
166,장성,2015-04,6종,5948
167,광주,2015-04,1종,1000636
167,광주,2015-04,2종,36781
167,광주,2015-04,3종,83148
167,광주,2015-04,4종,44973
167,광주,2015-04,5종,30302
167,광주,2015-04,6종,31683
168,덕유산,2015-04,1종,46057
168,덕유산,2015-04,2종,1419
168,덕유산,2015-04,3종,1299
168,덕유산,2015-04,4종,695
168,덕유산,2015-04,5종,1415
168,덕유산,2015-04,6종,1498
169,장수,2015-04,1종,102490
169,장수,2015-04,2종,4309
169,장수,2015-04,3종,4914
169,장수,2015-04,4종,2431
169,장수,2015-04,5종,3029
169,장수,2015-04,6종,3396
170,서상,2015-04,1종,47082
170,서상,2015-04,2종,2310
170,서상,2015-04,3종,4395
170,서상,2015-04,4종,3827
170,서상,2015-04,5종,3039
170,서상,2015-04,6종,1870
171,마성,2015-04,1종,364109
171,마성,2015-04,2종,6272
171,마성,2015-04,3종,28505
171,마성,2015-04,4종,1456
171,마성,2015-04,5종,956
171,마성,2015-04,6종,20855
172,용인,2015-04,1종,916976
172,용인,2015-04,2종,64488
172,용인,2015-04,3종,41065
172,용인,2015-04,4종,21974
172,용인,2015-04,5종,15530
172,용인,2015-04,6종,63761
173,양지,2015-04,1종,879976
173,양지,2015-04,2종,90532
173,양지,2015-04,3종,71530
173,양지,2015-04,4종,58073
173,양지,2015-04,5종,44042
173,양지,2015-04,6종,52323
174,춘천,2015-04,1종,692336
174,춘천,2015-04,2종,20305
174,춘천,2015-04,3종,28874
174,춘천,2015-04,4종,8109
174,춘천,2015-04,5종,7708
174,춘천,2015-04,6종,46152
175,덕평,2015-04,1종,309021
175,덕평,2015-04,2종,41947
175,덕평,2015-04,3종,27817
175,덕평,2015-04,4종,23732
175,덕평,2015-04,5종,12773
175,덕평,2015-04,6종,20103
176,이천,2015-04,1종,670236
176,이천,2015-04,2종,40008
176,이천,2015-04,3종,55953
176,이천,2015-04,4종,47719
176,이천,2015-04,5종,35689
176,이천,2015-04,6종,33983
177,여주,2015-04,1종,385857
177,여주,2015-04,2종,15879
177,여주,2015-04,3종,41500
177,여주,2015-04,4종,22036
177,여주,2015-04,5종,12845
177,여주,2015-04,6종,16450
178,문막,2015-04,1종,352500
178,문막,2015-04,2종,23051
178,문막,2015-04,3종,38251
178,문막,2015-04,4종,15473
178,문막,2015-04,5종,15864
178,문막,2015-04,6종,16278
179,홍천,2015-04,1종,293254
179,홍천,2015-04,2종,9713
179,홍천,2015-04,3종,16976
179,홍천,2015-04,4종,7475
179,홍천,2015-04,5종,6398
179,홍천,2015-04,6종,22175
180,원주,2015-04,1종,252738
180,원주,2015-04,2종,14618
180,원주,2015-04,3종,20009
180,원주,2015-04,4종,9430
180,원주,2015-04,5종,10194
180,원주,2015-04,6종,13709
181,새말,2015-04,1종,197623
181,새말,2015-04,2종,7813
181,새말,2015-04,3종,12891
181,새말,2015-04,4종,4783
181,새말,2015-04,5종,6240
181,새말,2015-04,6종,7829
182,둔내,2015-04,1종,91500
182,둔내,2015-04,2종,3551
182,둔내,2015-04,3종,4044
182,둔내,2015-04,4종,2265
182,둔내,2015-04,5종,1996
182,둔내,2015-04,6종,4051
183,면온,2015-04,1종,54651
183,면온,2015-04,2종,1517
183,면온,2015-04,3종,2075
183,면온,2015-04,4종,1468
183,면온,2015-04,5종,2842
183,면온,2015-04,6종,2213
184,대관령,2015-04,1종,163433
184,대관령,2015-04,2종,5102
184,대관령,2015-04,3종,15653
184,대관령,2015-04,4종,2322
184,대관령,2015-04,5종,2859
184,대관령,2015-04,6종,8551
185,평창,2015-04,1종,107449
185,평창,2015-04,2종,4227
185,평창,2015-04,3종,13200
185,평창,2015-04,4종,2050
185,평창,2015-04,5종,4334
185,평창,2015-04,6종,5375
186,속사,2015-04,1종,27217
186,속사,2015-04,2종,1204
186,속사,2015-04,3종,1307
186,속사,2015-04,4종,1325
186,속사,2015-04,5종,1481
186,속사,2015-04,6종,1207
187,진부,2015-04,1종,115570
187,진부,2015-04,2종,4830
187,진부,2015-04,3종,11640
187,진부,2015-04,4종,2311
187,진부,2015-04,5종,3448
187,진부,2015-04,6종,5551
188,서충주,2015-04,1종,107969
188,서충주,2015-04,2종,6131
188,서충주,2015-04,3종,9216
188,서충주,2015-04,4종,6809
188,서충주,2015-04,5종,7759
188,서충주,2015-04,6종,4751
189,강릉,2015-04,1종,490183
189,강릉,2015-04,2종,14489
189,강릉,2015-04,3종,44779
189,강릉,2015-04,4종,9360
189,강릉,2015-04,5종,12589
189,강릉,2015-04,6종,25536
190,동서울,2015-04,1종,3428826
190,동서울,2015-04,2종,188556
190,동서울,2015-04,3종,240974
190,동서울,2015-04,4종,106695
190,동서울,2015-04,5종,67319
190,동서울,2015-04,6종,169409
191,경기광주,2015-04,1종,826173
191,경기광주,2015-04,2종,46170
191,경기광주,2015-04,3종,40484
191,경기광주,2015-04,4종,13405
191,경기광주,2015-04,5종,6506
191,경기광주,2015-04,6종,60131
192,곤지암,2015-04,1종,822244
192,곤지암,2015-04,2종,72351
192,곤지암,2015-04,3종,51598
192,곤지암,2015-04,4종,38063
192,곤지암,2015-04,5종,24273
192,곤지암,2015-04,6종,48597
193,일죽,2015-04,1종,475482
193,일죽,2015-04,2종,36196
193,일죽,2015-04,3종,42938
193,일죽,2015-04,4종,33421
193,일죽,2015-04,5종,18668
193,일죽,2015-04,6종,19165
194,서이천,2015-04,1종,529999
194,서이천,2015-04,2종,63007
194,서이천,2015-04,3종,54023
194,서이천,2015-04,4종,34605
194,서이천,2015-04,5종,15843
194,서이천,2015-04,6종,32265
195,대소,2015-04,1종,290302
195,대소,2015-04,2종,42840
195,대소,2015-04,3종,44904
195,대소,2015-04,4종,34014
195,대소,2015-04,5종,22778
195,대소,2015-04,6종,13476
196,진천,2015-04,1종,257039
196,진천,2015-04,2종,17523
196,진천,2015-04,3종,21427
196,진천,2015-04,4종,18997
196,진천,2015-04,5종,18297
196,진천,2015-04,6종,12083
197,증평,2015-04,1종,352654
197,증평,2015-04,2종,22107
197,증평,2015-04,3종,28342
197,증평,2015-04,4종,18194
197,증평,2015-04,5종,19989
197,증평,2015-04,6종,15705
198,서청주,2015-04,1종,805709
198,서청주,2015-04,2종,34632
198,서청주,2015-04,3종,46625
198,서청주,2015-04,4종,32856
198,서청주,2015-04,5종,20994
198,서청주,2015-04,6종,42396
199,오창,2015-04,1종,527844
199,오창,2015-04,2종,22649
199,오창,2015-04,3종,34093
199,오창,2015-04,4종,21488
199,오창,2015-04,5종,18289
199,오창,2015-04,6종,27527
200,금산,2015-04,1종,141329
200,금산,2015-04,2종,3949
200,금산,2015-04,3종,7250
200,금산,2015-04,4종,4654
200,금산,2015-04,5종,6719
200,금산,2015-04,6종,6272
201,칠곡,2015-04,1종,610004
201,칠곡,2015-04,2종,24681
201,칠곡,2015-04,3종,22766
201,칠곡,2015-04,4종,8555
201,칠곡,2015-04,5종,15710
201,칠곡,2015-04,6종,32366
202,다부,2015-04,1종,123021
202,다부,2015-04,2종,7424
202,다부,2015-04,3종,6482
202,다부,2015-04,4종,3006
202,다부,2015-04,5종,7076
202,다부,2015-04,6종,5091
203,가산,2015-04,1종,529145
203,가산,2015-04,2종,21943
203,가산,2015-04,3종,23954
203,가산,2015-04,4종,14370
203,가산,2015-04,5종,38461
203,가산,2015-04,6종,23166
204,추부,2015-04,1종,171730
204,추부,2015-04,2종,8185
204,추부,2015-04,3종,11333
204,추부,2015-04,4종,5577
204,추부,2015-04,5종,4852
204,추부,2015-04,6종,9926
205,군위,2015-04,1종,149419
205,군위,2015-04,2종,6160
205,군위,2015-04,3종,4958
205,군위,2015-04,4종,3532
205,군위,2015-04,5종,11349
205,군위,2015-04,6종,6558
206,의성,2015-04,1종,169192
206,의성,2015-04,2종,5034
206,의성,2015-04,3종,5117
206,의성,2015-04,4종,2109
206,의성,2015-04,5종,4182
206,의성,2015-04,6종,5659
207,남안동,2015-04,1종,275783
207,남안동,2015-04,2종,8629
207,남안동,2015-04,3종,8074
207,남안동,2015-04,4종,4447
207,남안동,2015-04,5종,8608
207,남안동,2015-04,6종,10092
208,서안동,2015-04,1종,185484
208,서안동,2015-04,2종,6902
208,서안동,2015-04,3종,17756
208,서안동,2015-04,4종,4045
208,서안동,2015-04,5종,8700
208,서안동,2015-04,6종,6160
209,예천,2015-04,1종,27263
209,예천,2015-04,2종,572
209,예천,2015-04,3종,491
209,예천,2015-04,4종,245
209,예천,2015-04,5종,931
209,예천,2015-04,6종,891
210,영주,2015-04,1종,129733
210,영주,2015-04,2종,5235
210,영주,2015-04,3종,8160
210,영주,2015-04,4종,4051
210,영주,2015-04,5종,12689
210,영주,2015-04,6종,4488
211,풍기,2015-04,1종,181983
211,풍기,2015-04,2종,5413
211,풍기,2015-04,3종,15251
211,풍기,2015-04,4종,4405
211,풍기,2015-04,5종,8726
211,풍기,2015-04,6종,6498
212,북수원,2015-04,1종,1365496
212,북수원,2015-04,2종,42889
212,북수원,2015-04,3종,61807
212,북수원,2015-04,4종,25219
212,북수원,2015-04,5종,17780
212,북수원,2015-04,6종,85290
213,부곡,2015-04,1종,384690
213,부곡,2015-04,2종,11725
213,부곡,2015-04,3종,9986
213,부곡,2015-04,4종,17294
213,부곡,2015-04,5종,69989
213,부곡,2015-04,6종,27417
214,동군포,2015-04,1종,228252
214,동군포,2015-04,2종,25131
214,동군포,2015-04,3종,17389
214,동군포,2015-04,4종,34178
214,동군포,2015-04,5종,18858
214,동군포,2015-04,6종,18345
215,군포,2015-04,1종,1049039
215,군포,2015-04,2종,50821
215,군포,2015-04,3종,44721
215,군포,2015-04,4종,19270
215,군포,2015-04,5종,27908
215,군포,2015-04,6종,80960
216,횡성,2015-04,1종,183707
216,횡성,2015-04,2종,7116
216,횡성,2015-04,3종,10240
216,횡성,2015-04,4종,4287
216,횡성,2015-04,5종,6599
216,횡성,2015-04,6종,9448
217,북원주,2015-04,1종,71258
217,북원주,2015-04,2종,6084
217,북원주,2015-04,3종,4608
217,북원주,2015-04,4종,2195
217,북원주,2015-04,5종,3660
217,북원주,2015-04,6종,5000
218,남원주,2015-04,1종,558266
218,남원주,2015-04,2종,16199
218,남원주,2015-04,3종,29280
218,남원주,2015-04,4종,7893
218,남원주,2015-04,5종,9098
218,남원주,2015-04,6종,29781
219,신림,2015-04,1종,103478
219,신림,2015-04,2종,3177
219,신림,2015-04,3종,3542
219,신림,2015-04,4종,3879
219,신림,2015-04,5종,7494
219,신림,2015-04,6종,4423
220,덕평휴게소,2015-04,1종,5766
220,덕평휴게소,2015-04,2종,113
220,덕평휴게소,2015-04,3종,55
220,덕평휴게소,2015-04,4종,0
220,덕평휴게소,2015-04,5종,0
220,덕평휴게소,2015-04,6종,479
221,생초,2015-04,1종,50552
221,생초,2015-04,2종,2152
221,생초,2015-04,3종,3694
221,생초,2015-04,4종,2805
221,생초,2015-04,5종,7983
221,생초,2015-04,6종,1885
222,산청,2015-04,1종,55166
222,산청,2015-04,2종,1963
222,산청,2015-04,3종,3362
222,산청,2015-04,4종,1281
222,산청,2015-04,5종,1835
222,산청,2015-04,6종,2162
223,단성,2015-04,1종,94207
223,단성,2015-04,2종,2965
223,단성,2015-04,3종,8622
223,단성,2015-04,4종,3684
223,단성,2015-04,5종,4141
223,단성,2015-04,6종,3684
224,함양,2015-04,1종,96844
224,함양,2015-04,2종,3223
224,함양,2015-04,3종,7732
224,함양,2015-04,4종,1725
224,함양,2015-04,5종,2339
224,함양,2015-04,6종,4477
225,서진주,2015-04,1종,307007
225,서진주,2015-04,2종,8431
225,서진주,2015-04,3종,9387
225,서진주,2015-04,4종,4871
225,서진주,2015-04,5종,8823
225,서진주,2015-04,6종,18891
227,군산,2015-04,1종,287449
227,군산,2015-04,2종,9028
227,군산,2015-04,3종,20815
227,군산,2015-04,4종,15160
227,군산,2015-04,5종,38816
227,군산,2015-04,6종,9042
228,동군산,2015-04,1종,256748
228,동군산,2015-04,2종,9474
228,동군산,2015-04,3종,18923
228,동군산,2015-04,4종,9959
228,동군산,2015-04,5종,23335
228,동군산,2015-04,6종,7278
229,북천안,2015-04,1종,390081
229,북천안,2015-04,2종,30321
229,북천안,2015-04,3종,40038
229,북천안,2015-04,4종,43181
229,북천안,2015-04,5종,46761
229,북천안,2015-04,6종,22392
230,팔공산,2015-04,1종,681553
230,팔공산,2015-04,2종,26006
230,팔공산,2015-04,3종,18501
230,팔공산,2015-04,4종,11535
230,팔공산,2015-04,5종,10648
230,팔공산,2015-04,6종,32085
231,화원옥포,2015-04,1종,625840
231,화원옥포,2015-04,2종,33796
231,화원옥포,2015-04,3종,22838
231,화원옥포,2015-04,4종,12850
231,화원옥포,2015-04,5종,13243
231,화원옥포,2015-04,6종,32791
232,달성,2015-04,1종,313545
232,달성,2015-04,2종,19427
232,달성,2015-04,3종,23988
232,달성,2015-04,4종,6805
232,달성,2015-04,5종,7064
232,달성,2015-04,6종,21705
233,현풍,2015-04,1종,416354
233,현풍,2015-04,2종,31574
233,현풍,2015-04,3종,32444
233,현풍,2015-04,4종,24314
233,현풍,2015-04,5종,37440
233,현풍,2015-04,6종,20478
234,서천,2015-04,1종,111509
234,서천,2015-04,2종,4039
234,서천,2015-04,3종,7211
234,서천,2015-04,4종,5228
234,서천,2015-04,5종,6755
234,서천,2015-04,6종,3852
235,창녕,2015-04,1종,157090
235,창녕,2015-04,2종,7273
235,창녕,2015-04,3종,10084
235,창녕,2015-04,4종,3880
235,창녕,2015-04,5종,8504
235,창녕,2015-04,6종,8017
236,영산,2015-04,1종,152997
236,영산,2015-04,2종,9829
236,영산,2015-04,3종,11986
236,영산,2015-04,4종,8058
236,영산,2015-04,5종,9729
236,영산,2015-04,6종,6869
237,남지,2015-04,1종,207433
237,남지,2015-04,2종,8656
237,남지,2015-04,3종,14273
237,남지,2015-04,4종,8128
237,남지,2015-04,5종,13826
237,남지,2015-04,6종,13641
238,칠서,2015-04,1종,234748
238,칠서,2015-04,2종,28330
238,칠서,2015-04,3종,17462
238,칠서,2015-04,4종,23311
238,칠서,2015-04,5종,35776
238,칠서,2015-04,6종,15468
239,칠원,2015-04,1종,608343
239,칠원,2015-04,2종,25727
239,칠원,2015-04,3종,52697
239,칠원,2015-04,4종,33663
239,칠원,2015-04,5종,34925
239,칠원,2015-04,6종,31264
240,제천,2015-04,1종,470545
240,제천,2015-04,2종,14263
240,제천,2015-04,3종,28403
240,제천,2015-04,4종,13295
240,제천,2015-04,5종,21049
240,제천,2015-04,6종,19946
241,동고령,2015-04,1종,304328
241,동고령,2015-04,2종,20018
241,동고령,2015-04,3종,19788
241,동고령,2015-04,4종,16239
241,동고령,2015-04,5종,16645
241,동고령,2015-04,6종,14086
242,고령,2015-04,1종,211985
242,고령,2015-04,2종,11136
242,고령,2015-04,3종,11380
242,고령,2015-04,4종,6703
242,고령,2015-04,5종,22037
242,고령,2015-04,6종,8416
243,해인사,2015-04,1종,100523
243,해인사,2015-04,2종,3070
243,해인사,2015-04,3종,3742
243,해인사,2015-04,4종,922
243,해인사,2015-04,5종,2687
243,해인사,2015-04,6종,4324
244,서부산,2015-04,1종,1517062
244,서부산,2015-04,2종,50400
244,서부산,2015-04,3종,87118
244,서부산,2015-04,4종,38360
244,서부산,2015-04,5종,90914
244,서부산,2015-04,6종,87289
245,장유,2015-04,1종,1413902
245,장유,2015-04,2종,43788
245,장유,2015-04,3종,62700
245,장유,2015-04,4종,27560
245,장유,2015-04,5종,37101
245,장유,2015-04,6종,100493
246,가락,2015-04,1종,52423
246,가락,2015-04,2종,7680
246,가락,2015-04,3종,7675
246,가락,2015-04,4종,19177
246,가락,2015-04,5종,52527
246,가락,2015-04,6종,2182
247,남원,2015-04,1종,141719
247,남원,2015-04,2종,5814
247,남원,2015-04,3종,10368
247,남원,2015-04,4종,3021
247,남원,2015-04,5종,14244
247,남원,2015-04,6종,5363
248,순창,2015-04,1종,123322
248,순창,2015-04,2종,4158
248,순창,2015-04,3종,5694
248,순창,2015-04,4종,2828
248,순창,2015-04,5종,5077
248,순창,2015-04,6종,4725
249,담양,2015-04,1종,162487
249,담양,2015-04,2종,4556
249,담양,2015-04,3종,15308
249,담양,2015-04,4종,2735
249,담양,2015-04,5종,5434
249,담양,2015-04,6종,5590
250,남양산,2015-04,1종,1110002
250,남양산,2015-04,2종,50996
250,남양산,2015-04,3종,45045
250,남양산,2015-04,4종,26499
250,남양산,2015-04,5종,36683
250,남양산,2015-04,6종,84738
251,물금,2015-04,1종,470296
251,물금,2015-04,2종,42598
251,물금,2015-04,3종,20728
251,물금,2015-04,4종,39737
251,물금,2015-04,5종,64045
251,물금,2015-04,6종,34375
252,대동,2015-04,1종,1773874
252,대동,2015-04,2종,115038
252,대동,2015-04,3종,90789
252,대동,2015-04,4종,80092
252,대동,2015-04,5종,230896
252,대동,2015-04,6종,90010
253,서서울,2015-04,1종,5178784
253,서서울,2015-04,2종,212718
253,서서울,2015-04,3종,190425
253,서서울,2015-04,4종,141583
253,서서울,2015-04,5종,126806
253,서서울,2015-04,6종,318774
254,군자,2015-04,1종,2309512
254,군자,2015-04,2종,114654
254,군자,2015-04,3종,111018
254,군자,2015-04,4종,82424
254,군자,2015-04,5종,161121
254,군자,2015-04,6종,164676
255,서안산,2015-04,1종,1751563
255,서안산,2015-04,2종,103130
255,서안산,2015-04,3종,69314
255,서안산,2015-04,4종,50633
255,서안산,2015-04,5종,58719
255,서안산,2015-04,6종,138013
256,안산,2015-04,1종,885634
256,안산,2015-04,2종,25522
256,안산,2015-04,3종,21890
256,안산,2015-04,4종,6862
256,안산,2015-04,5종,7115
256,안산,2015-04,6종,69532
257,홍성,2015-04,1종,237763
257,홍성,2015-04,2종,16618
257,홍성,2015-04,3종,15171
257,홍성,2015-04,4종,4487
257,홍성,2015-04,5종,13581
257,홍성,2015-04,6종,8567
258,광천,2015-04,1종,133050
258,광천,2015-04,2종,6468
258,광천,2015-04,3종,10140
258,광천,2015-04,4종,7043
258,광천,2015-04,5종,12771
258,광천,2015-04,6종,4875
259,대천,2015-04,1종,237229
259,대천,2015-04,2종,6611
259,대천,2015-04,3종,14448
259,대천,2015-04,4종,4289
259,대천,2015-04,5종,5427
259,대천,2015-04,6종,8650
260,춘장대,2015-04,1종,61604
260,춘장대,2015-04,2종,1542
260,춘장대,2015-04,3종,2643
260,춘장대,2015-04,4종,1273
260,춘장대,2015-04,5종,2446
260,춘장대,2015-04,6종,1668
261,동광주,2015-04,1종,1055550
261,동광주,2015-04,2종,30924
261,동광주,2015-04,3종,65024
261,동광주,2015-04,4종,24710
261,동광주,2015-04,5종,49298
261,동광주,2015-04,6종,36440
262,창평,2015-04,1종,100853
262,창평,2015-04,2종,4951
262,창평,2015-04,3종,3529
262,창평,2015-04,4종,2638
262,창평,2015-04,5종,1825
262,창평,2015-04,6종,3448
263,옥과,2015-04,1종,208065
263,옥과,2015-04,2종,4839
263,옥과,2015-04,3종,11469
263,옥과,2015-04,4종,3748
263,옥과,2015-04,5종,4953
263,옥과,2015-04,6종,8806
264,동남원,2015-04,1종,41891
264,동남원,2015-04,2종,1824
264,동남원,2015-04,3종,3070
264,동남원,2015-04,4종,1053
264,동남원,2015-04,5종,1473
264,동남원,2015-04,6종,1602
265,곡성,2015-04,1종,169232
265,곡성,2015-04,2종,4453
265,곡성,2015-04,3종,6486
265,곡성,2015-04,4종,2466
265,곡성,2015-04,5종,7751
265,곡성,2015-04,6종,6517
266,석곡,2015-04,1종,48238
266,석곡,2015-04,2종,1385
266,석곡,2015-04,3종,2390
266,석곡,2015-04,4종,849
266,석곡,2015-04,5종,2098
266,석곡,2015-04,6종,1796
267,주암송광사,2015-04,1종,126627
267,주암송광사,2015-04,2종,3645
267,주암송광사,2015-04,3종,4615
267,주암송광사,2015-04,4종,3867
267,주암송광사,2015-04,5종,5276
267,주암송광사,2015-04,6종,4076
268,승주,2015-04,1종,67821
268,승주,2015-04,2종,1428
268,승주,2015-04,3종,2867
268,승주,2015-04,4종,1084
268,승주,2015-04,5종,1856
268,승주,2015-04,6종,3156
269,지리산,2015-04,1종,50509
269,지리산,2015-04,2종,1724
269,지리산,2015-04,3종,2971
269,지리산,2015-04,4종,1244
269,지리산,2015-04,5종,1693
269,지리산,2015-04,6종,1607
270,서순천,2015-04,1종,158067
270,서순천,2015-04,2종,5836
270,서순천,2015-04,3종,11124
270,서순천,2015-04,4종,2496
270,서순천,2015-04,5종,4483
270,서순천,2015-04,6종,6059
271,순천,2015-04,1종,557807
271,순천,2015-04,2종,16585
271,순천,2015-04,3종,21686
271,순천,2015-04,4종,11001
271,순천,2015-04,5종,34884
271,순천,2015-04,6종,19948
272,광양,2015-04,1종,303747
272,광양,2015-04,2종,10409
272,광양,2015-04,3종,30783
272,광양,2015-04,4종,16331
272,광양,2015-04,5종,57818
272,광양,2015-04,6종,10026
273,동광양,2015-04,1종,146300
273,동광양,2015-04,2종,2956
273,동광양,2015-04,3종,4458
273,동광양,2015-04,4종,4779
273,동광양,2015-04,5종,26350
273,동광양,2015-04,6종,6603
274,가조,2015-04,1종,58413
274,가조,2015-04,2종,2343
274,가조,2015-04,3종,3155
274,가조,2015-04,4종,1681
274,가조,2015-04,5종,1267
274,가조,2015-04,6종,3863
275,옥곡,2015-04,1종,174425
275,옥곡,2015-04,2종,5198
275,옥곡,2015-04,3종,16542
275,옥곡,2015-04,4종,9720
275,옥곡,2015-04,5종,39406
275,옥곡,2015-04,6종,7249
276,진월,2015-04,1종,89167
276,진월,2015-04,2종,2541
276,진월,2015-04,3종,2946
276,진월,2015-04,4종,7956
276,진월,2015-04,5종,41839
276,진월,2015-04,6종,3254
277,하동,2015-04,1종,253539
277,하동,2015-04,2종,5766
277,하동,2015-04,3종,14613
277,하동,2015-04,4종,10806
277,하동,2015-04,5종,34133
277,하동,2015-04,6종,11248
278,진교,2015-04,1종,167190
278,진교,2015-04,2종,4165
278,진교,2015-04,3종,14315
278,진교,2015-04,4종,1243
278,진교,2015-04,5종,3381
278,진교,2015-04,6종,9880
279,곤양,2015-04,1종,127902
279,곤양,2015-04,2종,3768
279,곤양,2015-04,3종,8008
279,곤양,2015-04,4종,3264
279,곤양,2015-04,5종,7343
279,곤양,2015-04,6종,5812
280,거창,2015-04,1종,155809
280,거창,2015-04,2종,7535
280,거창,2015-04,3종,14819
280,거창,2015-04,4종,3442
280,거창,2015-04,5종,4852
280,거창,2015-04,6종,8047
281,매송,2015-04,1종,520741
281,매송,2015-04,2종,25351
281,매송,2015-04,3종,27186
281,매송,2015-04,4종,11907
281,매송,2015-04,5종,18000
281,매송,2015-04,6종,31108
282,비봉,2015-04,1종,799151
282,비봉,2015-04,2종,48592
282,비봉,2015-04,3종,35651
282,비봉,2015-04,4종,19638
282,비봉,2015-04,5종,38222
282,비봉,2015-04,6종,50193
283,발안,2015-04,1종,489728
283,발안,2015-04,2종,30765
283,발안,2015-04,3종,27277
283,발안,2015-04,4종,19680
283,발안,2015-04,5종,19975
283,발안,2015-04,6종,31040
284,남양양,2015-04,1종,46705
284,남양양,2015-04,2종,1592
284,남양양,2015-04,3종,3151
284,남양양,2015-04,4종,527
284,남양양,2015-04,5종,1150
284,남양양,2015-04,6종,1690
285,서평택,2015-04,1종,618060
285,서평택,2015-04,2종,40575
285,서평택,2015-04,3종,55512
285,서평택,2015-04,4종,64871
285,서평택,2015-04,5종,122251
285,서평택,2015-04,6종,35123
286,통도사휴게소,2015-04,1종,35921
286,통도사휴게소,2015-04,2종,376
286,통도사휴게소,2015-04,3종,1775
286,통도사휴게소,2015-04,4종,0
286,통도사휴게소,2015-04,5종,0
286,통도사휴게소,2015-04,6종,1776
287,송악,2015-04,1종,496581
287,송악,2015-04,2종,18976
287,송악,2015-04,3종,25012
287,송악,2015-04,4종,25666
287,송악,2015-04,5종,110501
287,송악,2015-04,6종,22918
288,당진,2015-04,1종,451454
288,당진,2015-04,2종,17705
288,당진,2015-04,3종,30879
288,당진,2015-04,4종,16215
288,당진,2015-04,5종,45534
288,당진,2015-04,6종,20216
289,마산,2015-04,1종,881386
289,마산,2015-04,2종,30359
289,마산,2015-04,3종,44910
289,마산,2015-04,4종,15350
289,마산,2015-04,5종,21353
289,마산,2015-04,6종,57019
290,축동,2015-04,1종,49820
290,축동,2015-04,2종,2958
290,축동,2015-04,3종,1997
290,축동,2015-04,4종,3344
290,축동,2015-04,5종,6936
290,축동,2015-04,6종,2902
291,사천,2015-04,1종,687772
291,사천,2015-04,2종,30158
291,사천,2015-04,3종,39327
291,사천,2015-04,4종,15145
291,사천,2015-04,5종,26766
291,사천,2015-04,6종,45409
292,진주,2015-04,1종,697918
292,진주,2015-04,2종,23913
292,진주,2015-04,3종,52819
292,진주,2015-04,4종,12010
292,진주,2015-04,5종,27138
292,진주,2015-04,6종,47287
293,문산,2015-04,1종,312487
293,문산,2015-04,2종,12688
293,문산,2015-04,3종,9678
293,문산,2015-04,4종,6437
293,문산,2015-04,5종,9374
293,문산,2015-04,6종,20840
294,북창원,2015-04,1종,261491
294,북창원,2015-04,2종,9601
294,북창원,2015-04,3종,7696
294,북창원,2015-04,4종,8245
294,북창원,2015-04,5종,9433
294,북창원,2015-04,6종,14368
295,진성,2015-04,1종,144854
295,진성,2015-04,2종,9082
295,진성,2015-04,3종,8554
295,진성,2015-04,4종,6314
295,진성,2015-04,5종,13600
295,진성,2015-04,6종,7391
296,지수,2015-04,1종,54170
296,지수,2015-04,2종,2816
296,지수,2015-04,3종,2671
296,지수,2015-04,4종,1516
296,지수,2015-04,5종,4949
296,지수,2015-04,6종,3765
297,동충주,2015-04,1종,231604
297,동충주,2015-04,2종,9251
297,동충주,2015-04,3종,16241
297,동충주,2015-04,4종,16984
297,동충주,2015-04,5종,50524
297,동충주,2015-04,6종,8393
298,서산,2015-04,1종,548923
298,서산,2015-04,2종,17358
298,서산,2015-04,3종,38518
298,서산,2015-04,4종,25581
298,서산,2015-04,5종,44283
298,서산,2015-04,6종,22014
299,해미,2015-04,1종,152739
299,해미,2015-04,2종,5733
299,해미,2015-04,3종,11647
299,해미,2015-04,4종,6104
299,해미,2015-04,5종,10426
299,해미,2015-04,6종,6215
500,남여주,2015-04,1종,186431
500,남여주,2015-04,2종,7354
500,남여주,2015-04,3종,9435
500,남여주,2015-04,4종,8782
500,남여주,2015-04,5종,12880
500,남여주,2015-04,6종,8165
501,서김제,2015-04,1종,52772
501,서김제,2015-04,2종,2703
501,서김제,2015-04,3종,4720
501,서김제,2015-04,4종,2478
501,서김제,2015-04,5종,2432
501,서김제,2015-04,6종,1308
502,부안,2015-04,1종,104024
502,부안,2015-04,2종,4267
502,부안,2015-04,3종,10791
502,부안,2015-04,4종,2874
502,부안,2015-04,5종,4047
502,부안,2015-04,6종,2669
503,줄포,2015-04,1종,68401
503,줄포,2015-04,2종,2436
503,줄포,2015-04,3종,5750
503,줄포,2015-04,4종,980
503,줄포,2015-04,5종,993
503,줄포,2015-04,6종,1643
504,선운산,2015-04,1종,116548
504,선운산,2015-04,2종,4286
504,선운산,2015-04,3종,11687
504,선운산,2015-04,4종,7447
504,선운산,2015-04,5종,5676
504,선운산,2015-04,6종,2935
505,고창,2015-04,1종,100423
505,고창,2015-04,2종,3811
505,고창,2015-04,3종,5226
505,고창,2015-04,4종,1694
505,고창,2015-04,5종,1398
505,고창,2015-04,6종,2945
506,영광,2015-04,1종,89379
506,영광,2015-04,2종,3826
506,영광,2015-04,3종,8332
506,영광,2015-04,4종,2325
506,영광,2015-04,5종,2342
506,영광,2015-04,6종,2171
507,함평,2015-04,1종,63085
507,함평,2015-04,2종,2685
507,함평,2015-04,3종,8211
507,함평,2015-04,4종,3987
507,함평,2015-04,5종,5088
507,함평,2015-04,6종,1785
508,무안,2015-04,1종,202588
508,무안,2015-04,2종,5806
508,무안,2015-04,3종,9019
508,무안,2015-04,4종,4762
508,무안,2015-04,5종,5551
508,무안,2015-04,6종,6068
509,목포,2015-04,1종,764690
509,목포,2015-04,2종,23276
509,목포,2015-04,3종,45687
509,목포,2015-04,4종,26718
509,목포,2015-04,5종,44670
509,목포,2015-04,6종,23037
510,양양,2015-04,1종,72308
510,양양,2015-04,2종,2570
510,양양,2015-04,3종,3783
510,양양,2015-04,4종,1401
510,양양,2015-04,5종,3610
510,양양,2015-04,6종,2948
511,무창포,2015-04,1종,88075
511,무창포,2015-04,2종,2650
511,무창포,2015-04,3종,4131
511,무창포,2015-04,4종,2576
511,무창포,2015-04,5종,6917
511,무창포,2015-04,6종,2493
512,연화산,2015-04,1종,38803
512,연화산,2015-04,2종,1400
512,연화산,2015-04,3종,1299
512,연화산,2015-04,4종,1225
512,연화산,2015-04,5종,2269
512,연화산,2015-04,6종,2686
513,고성,2015-04,1종,366686
513,고성,2015-04,2종,13606
513,고성,2015-04,3종,20880
513,고성,2015-04,4종,9583
513,고성,2015-04,5종,15680
513,고성,2015-04,6종,20690
514,동고성,2015-04,1종,96919
514,동고성,2015-04,2종,4206
514,동고성,2015-04,3종,6638
514,동고성,2015-04,4종,7240
514,동고성,2015-04,5종,12881
514,동고성,2015-04,6종,8202
515,북통영,2015-04,1종,148487
515,북통영,2015-04,2종,4154
515,북통영,2015-04,3종,13379
515,북통영,2015-04,4종,1657
515,북통영,2015-04,5종,2597
515,북통영,2015-04,6종,9005
516,통영,2015-04,1종,572847
516,통영,2015-04,2종,18771
516,통영,2015-04,3종,35085
516,통영,2015-04,4종,16181
516,통영,2015-04,5종,21770
516,통영,2015-04,6종,29666
517,양평,2015-04,1종,193820
517,양평,2015-04,2종,6973
517,양평,2015-04,3종,8437
517,양평,2015-04,4종,5822
517,양평,2015-04,5종,7111
517,양평,2015-04,6종,7894
518,칠곡물류,2015-04,1종,66356
518,칠곡물류,2015-04,2종,15898
518,칠곡물류,2015-04,3종,9095
518,칠곡물류,2015-04,4종,14978
518,칠곡물류,2015-04,5종,15605
518,칠곡물류,2015-04,6종,3288
519,남대구,2015-04,1종,1379132
519,남대구,2015-04,2종,59849
519,남대구,2015-04,3종,73003
519,남대구,2015-04,4종,26709
519,남대구,2015-04,5종,38711
519,남대구,2015-04,6종,73164
520,평택,2015-04,1종,622090
520,평택,2015-04,2종,32855
520,평택,2015-04,3종,51278
520,평택,2015-04,4종,22672
520,평택,2015-04,5종,29723
520,평택,2015-04,6종,37693
521,단양,2015-04,1종,67897
521,단양,2015-04,2종,2039
521,단양,2015-04,3종,5021
521,단양,2015-04,4종,1717
521,단양,2015-04,5종,13192
521,단양,2015-04,6종,2784
522,북단양,2015-04,1종,100696
522,북단양,2015-04,2종,2646
522,북단양,2015-04,3종,5018
522,북단양,2015-04,4종,11784
522,북단양,2015-04,5종,35859
522,북단양,2015-04,6종,3943
523,남제천,2015-04,1종,118946
523,남제천,2015-04,2종,2675
523,남제천,2015-04,3종,5724
523,남제천,2015-04,4종,1442
523,남제천,2015-04,5종,4027
523,남제천,2015-04,6종,4325
524,청통와촌,2015-04,1종,239127
524,청통와촌,2015-04,2종,11568
524,청통와촌,2015-04,3종,8416
524,청통와촌,2015-04,4종,4938
524,청통와촌,2015-04,5종,5885
524,청통와촌,2015-04,6종,9695
525,북영천,2015-04,1종,191353
525,북영천,2015-04,2종,7354
525,북영천,2015-04,3종,6625
525,북영천,2015-04,4종,3889
525,북영천,2015-04,5종,6711
525,북영천,2015-04,6종,6052
526,서포항,2015-04,1종,104270
526,서포항,2015-04,2종,2399
526,서포항,2015-04,3종,3111
526,서포항,2015-04,4종,1123
526,서포항,2015-04,5종,2555
526,서포항,2015-04,6종,6741
527,포항,2015-04,1종,716220
527,포항,2015-04,2종,18131
527,포항,2015-04,3종,34335
527,포항,2015-04,4종,10806
527,포항,2015-04,5종,42219
527,포항,2015-04,6종,28608
528,기흥동탄,2015-04,1종,1117536
528,기흥동탄,2015-04,2종,29032
528,기흥동탄,2015-04,3종,80008
528,기흥동탄,2015-04,4종,19226
528,기흥동탄,2015-04,5종,18583
528,기흥동탄,2015-04,6종,68158
529,노포,2015-04,1종,258427
529,노포,2015-04,2종,14035
529,노포,2015-04,3종,41898
529,노포,2015-04,4종,7535
529,노포,2015-04,5종,11300
529,노포,2015-04,6종,13601
530,내장산,2015-04,1종,48556
530,내장산,2015-04,2종,1495
530,내장산,2015-04,3종,1514
530,내장산,2015-04,4종,635
530,내장산,2015-04,5종,539
530,내장산,2015-04,6종,2032
531,문의청남대,2015-04,1종,184509
531,문의청남대,2015-04,2종,6877
531,문의청남대,2015-04,3종,12118
531,문의청남대,2015-04,4종,6403
531,문의청남대,2015-04,5종,7288
531,문의청남대,2015-04,6종,7837
532,회인,2015-04,1종,47838
532,회인,2015-04,2종,1281
532,회인,2015-04,3종,1142
532,회인,2015-04,4종,849
532,회인,2015-04,5종,1024
532,회인,2015-04,6종,2034
533,보은,2015-04,1종,119385
533,보은,2015-04,2종,4765
533,보은,2015-04,3종,6062
533,보은,2015-04,4종,3086
533,보은,2015-04,5종,3660
533,보은,2015-04,6종,5714
534,속리산,2015-04,1종,55726
534,속리산,2015-04,2종,2237
534,속리산,2015-04,3종,2854
534,속리산,2015-04,4종,1497
534,속리산,2015-04,5종,2107
534,속리산,2015-04,6종,2285
535,화서,2015-04,1종,47605
535,화서,2015-04,2종,1649
535,화서,2015-04,3종,1848
535,화서,2015-04,4종,962
535,화서,2015-04,5종,2141
535,화서,2015-04,6종,2208
536,남상주,2015-04,1종,110896
536,남상주,2015-04,2종,5073
536,남상주,2015-04,3종,11230
536,남상주,2015-04,4종,6199
536,남상주,2015-04,5종,3920
536,남상주,2015-04,6종,4440
537,남김천,2015-04,1종,76688
537,남김천,2015-04,2종,5154
537,남김천,2015-04,3종,6333
537,남김천,2015-04,4종,6044
537,남김천,2015-04,5종,13303
537,남김천,2015-04,6종,2858
538,성주,2015-04,1종,79794
538,성주,2015-04,2종,6698
538,성주,2015-04,3종,6568
538,성주,2015-04,4종,6056
538,성주,2015-04,5종,6553
538,성주,2015-04,6종,3039
539,남성주,2015-04,1종,54511
539,남성주,2015-04,2종,6962
539,남성주,2015-04,3종,3643
539,남성주,2015-04,4종,4936
539,남성주,2015-04,5종,7026
539,남성주,2015-04,6종,2184
540,청북,2015-04,1종,454372
540,청북,2015-04,2종,45879
540,청북,2015-04,3종,49011
540,청북,2015-04,4종,39437
540,청북,2015-04,5종,46163
540,청북,2015-04,6종,26859
541,송탄,2015-04,1종,405690
541,송탄,2015-04,2종,39284
541,송탄,2015-04,3종,39414
541,송탄,2015-04,4종,36562
541,송탄,2015-04,5종,27005
541,송탄,2015-04,6종,23443
542,서안성,2015-04,1종,377244
542,서안성,2015-04,2종,32724
542,서안성,2015-04,3종,47023
542,서안성,2015-04,4종,45681
542,서안성,2015-04,5종,31091
542,서안성,2015-04,6종,17940
543,남안성,2015-04,1종,551944
543,남안성,2015-04,2종,50545
543,남안성,2015-04,3종,50687
543,남안성,2015-04,4종,46684
543,남안성,2015-04,5종,44068
543,남안성,2015-04,6종,30244
544,완주,2015-04,1종,164146
544,완주,2015-04,2종,6895
544,완주,2015-04,3종,10095
544,완주,2015-04,4종,8067
544,완주,2015-04,5종,12802
544,완주,2015-04,6종,5794
545,소양,2015-04,1종,149239
545,소양,2015-04,2종,4971
545,소양,2015-04,3종,11813
545,소양,2015-04,4종,2904
545,소양,2015-04,5종,5136
545,소양,2015-04,6종,5216
546,진안,2015-04,1종,67841
546,진안,2015-04,2종,2652
546,진안,2015-04,3종,6724
546,진안,2015-04,4종,1409
546,진안,2015-04,5종,1637
546,진안,2015-04,6종,2318
547,무안공항,2015-04,1종,33111
547,무안공항,2015-04,2종,745
547,무안공항,2015-04,3종,1560
547,무안공항,2015-04,4종,294
547,무안공항,2015-04,5종,177
547,무안공항,2015-04,6종,1032
548,북무안,2015-04,1종,123324
548,북무안,2015-04,2종,4509
548,북무안,2015-04,3종,7195
548,북무안,2015-04,4종,3914
548,북무안,2015-04,5종,2761
548,북무안,2015-04,6종,3385
549,동함평,2015-04,1종,164003
549,동함평,2015-04,2종,4452
549,동함평,2015-04,3종,6100
549,동함평,2015-04,4종,1752
549,동함평,2015-04,5종,3505
549,동함평,2015-04,6종,6582
550,문평,2015-04,1종,39867
550,문평,2015-04,2종,924
550,문평,2015-04,3종,1371
550,문평,2015-04,4종,510
550,문평,2015-04,5종,3003
550,문평,2015-04,6종,1262
551,나주,2015-04,1종,53456
551,나주,2015-04,2종,1838
551,나주,2015-04,3종,1480
551,나주,2015-04,4종,788
551,나주,2015-04,5종,1493
551,나주,2015-04,6종,2585
552,서광산,2015-04,1종,132030
552,서광산,2015-04,2종,6213
552,서광산,2015-04,3종,8148
552,서광산,2015-04,4종,3500
552,서광산,2015-04,5종,6469
552,서광산,2015-04,6종,3895
553,동광산,2015-04,1종,859363
553,동광산,2015-04,2종,20223
553,동광산,2015-04,3종,32437
553,동광산,2015-04,4종,11457
553,동광산,2015-04,5종,22587
553,동광산,2015-04,6종,29299
554,동홍천,2015-04,1종,369090
554,동홍천,2015-04,2종,5435
554,동홍천,2015-04,3종,20504
554,동홍천,2015-04,4종,2768
554,동홍천,2015-04,5종,2969
554,동홍천,2015-04,6종,15220
555,북진천,2015-04,1종,315017
555,북진천,2015-04,2종,36902
555,북진천,2015-04,3종,36255
555,북진천,2015-04,4종,28939
555,북진천,2015-04,5종,28490
555,북진천,2015-04,6종,14440
556,동순천,2015-04,1종,253252
556,동순천,2015-04,2종,6281
556,동순천,2015-04,3종,23516
556,동순천,2015-04,4종,12818
556,동순천,2015-04,5종,42493
556,동순천,2015-04,6종,7397
557,황전,2015-04,1종,87921
557,황전,2015-04,2종,1903
557,황전,2015-04,3종,3511
557,황전,2015-04,4종,1162
557,황전,2015-04,5종,3530
557,황전,2015-04,6종,3403
558,구례화엄사,2015-04,1종,123406
558,구례화엄사,2015-04,2종,3028
558,구례화엄사,2015-04,3종,10381
558,구례화엄사,2015-04,4종,3010
558,구례화엄사,2015-04,5종,5492
558,구례화엄사,2015-04,6종,3719
559,서남원,2015-04,1종,51895
559,서남원,2015-04,2종,2867
559,서남원,2015-04,3종,4026
559,서남원,2015-04,4종,2642
559,서남원,2015-04,5종,6725
559,서남원,2015-04,6종,1775
560,감곡,2015-04,1종,309807
560,감곡,2015-04,2종,14529
560,감곡,2015-04,3종,20302
560,감곡,2015-04,4종,20366
560,감곡,2015-04,5종,43385
560,감곡,2015-04,6종,11606
561,북충주,2015-04,1종,141926
561,북충주,2015-04,2종,4615
561,북충주,2015-04,3종,7578
561,북충주,2015-04,4종,3355
561,북충주,2015-04,5종,4511
561,북충주,2015-04,6종,4867
562,충주,2015-04,1종,185277
562,충주,2015-04,2종,7843
562,충주,2015-04,3종,15995
562,충주,2015-04,4종,10307
562,충주,2015-04,5종,10798
562,충주,2015-04,6종,7235
563,괴산,2015-04,1종,66551
563,괴산,2015-04,2종,2103
563,괴산,2015-04,3종,4453
563,괴산,2015-04,4종,2995
563,괴산,2015-04,5종,6509
563,괴산,2015-04,6종,2082
564,연풍,2015-04,1종,49649
564,연풍,2015-04,2종,2854
564,연풍,2015-04,3종,7536
564,연풍,2015-04,4종,6141
564,연풍,2015-04,5종,6880
564,연풍,2015-04,6종,1482
565,문경새재,2015-04,1종,79079
565,문경새재,2015-04,2종,3176
565,문경새재,2015-04,3종,6863
565,문경새재,2015-04,4종,3980
565,문경새재,2015-04,5종,4446
565,문경새재,2015-04,6종,2542
566,점촌함창,2015-04,1종,132859
566,점촌함창,2015-04,2종,4566
566,점촌함창,2015-04,3종,11044
566,점촌함창,2015-04,4종,5959
566,점촌함창,2015-04,5종,6326
566,점촌함창,2015-04,6종,4162
567,남고창,2015-04,1종,118463
567,남고창,2015-04,2종,3750
567,남고창,2015-04,3종,3323
567,남고창,2015-04,4종,1476
567,남고창,2015-04,5종,3480
567,남고창,2015-04,6종,4712
568,장성물류,2015-04,1종,37191
568,장성물류,2015-04,2종,7578
568,장성물류,2015-04,3종,4140
568,장성물류,2015-04,4종,8487
568,장성물류,2015-04,5종,10261
568,장성물류,2015-04,6종,1080
569,북광주,2015-04,1종,324029
569,북광주,2015-04,2종,20011
569,북광주,2015-04,3종,14134
569,북광주,2015-04,4종,18070
569,북광주,2015-04,5종,27331
569,북광주,2015-04,6종,11318
570,북상주,2015-04,1종,114051
570,북상주,2015-04,2종,6917
570,북상주,2015-04,3종,12868
570,북상주,2015-04,4종,13484
570,북상주,2015-04,5종,9321
570,북상주,2015-04,6종,3873
571,면천,2015-04,1종,97781
571,면천,2015-04,2종,3386
571,면천,2015-04,3종,4542
571,면천,2015-04,4종,4098
571,면천,2015-04,5종,6452
571,면천,2015-04,6종,3863
572,고덕,2015-04,1종,124334
572,고덕,2015-04,2종,4295
572,고덕,2015-04,3종,7519
572,고덕,2015-04,4종,3559
572,고덕,2015-04,5종,6414
572,고덕,2015-04,6종,4749
573,예산수덕사,2015-04,1종,312569
573,예산수덕사,2015-04,2종,11066
573,예산수덕사,2015-04,3종,14524
573,예산수덕사,2015-04,4종,10859
573,예산수덕사,2015-04,5종,13121
573,예산수덕사,2015-04,6종,11590
574,신양,2015-04,1종,87980
574,신양,2015-04,2종,2900
574,신양,2015-04,3종,3331
574,신양,2015-04,4종,2712
574,신양,2015-04,5종,3630
574,신양,2015-04,6종,3084
575,유구,2015-04,1종,91197
575,유구,2015-04,2종,3848
575,유구,2015-04,3종,4456
575,유구,2015-04,4종,4268
575,유구,2015-04,5종,5293
575,유구,2015-04,6종,3335
576,마곡사,2015-04,1종,42991
576,마곡사,2015-04,2종,1181
576,마곡사,2015-04,3종,1677
576,마곡사,2015-04,4종,896
576,마곡사,2015-04,5종,1103
576,마곡사,2015-04,6종,1709
577,공주,2015-04,1종,176744
577,공주,2015-04,2종,6859
577,공주,2015-04,3종,9759
577,공주,2015-04,4종,2567
577,공주,2015-04,5종,4003
577,공주,2015-04,6종,8148
578,서세종,2015-04,1종,211958
578,서세종,2015-04,2종,11512
578,서세종,2015-04,3종,10336
578,서세종,2015-04,4종,6179
578,서세종,2015-04,5종,8444
578,서세종,2015-04,6종,9396
579,남세종,2015-04,1종,389656
579,남세종,2015-04,2종,8519
579,남세종,2015-04,3종,10339
579,남세종,2015-04,4종,4925
579,남세종,2015-04,5종,7148
579,남세종,2015-04,6종,21451
580,북강릉,2015-04,1종,178187
580,북강릉,2015-04,2종,5561
580,북강릉,2015-04,3종,9791
580,북강릉,2015-04,4종,2304
580,북강릉,2015-04,5종,4902
580,북강릉,2015-04,6종,8411
581,옥계,2015-04,1종,49047
581,옥계,2015-04,2종,2089
581,옥계,2015-04,3종,2853
581,옥계,2015-04,4종,3219
581,옥계,2015-04,5종,16162
581,옥계,2015-04,6종,3182
582,망상,2015-04,1종,103031
582,망상,2015-04,2종,3672
582,망상,2015-04,3종,14091
582,망상,2015-04,4종,1254
582,망상,2015-04,5종,1640
582,망상,2015-04,6종,6881
583,동해,2015-04,1종,322712
583,동해,2015-04,2종,10692
583,동해,2015-04,3종,17528
583,동해,2015-04,4종,8851
583,동해,2015-04,5종,26408
583,동해,2015-04,6종,15850
584,남강릉,2015-04,1종,115112
584,남강릉,2015-04,2종,6798
584,남강릉,2015-04,3종,9625
584,남강릉,2015-04,4종,3545
584,남강릉,2015-04,5종,4292
584,남강릉,2015-04,6종,7936
585,하조대,2015-04,1종,132033
585,하조대,2015-04,2종,4625
585,하조대,2015-04,3종,10853
585,하조대,2015-04,4종,2644
585,하조대,2015-04,5종,3407
585,하조대,2015-04,6종,5620
586,북남원,2015-04,1종,23063
586,북남원,2015-04,2종,827
586,북남원,2015-04,3종,956
586,북남원,2015-04,4종,346
586,북남원,2015-04,5종,2102
586,북남원,2015-04,6종,680
587,오수,2015-04,1종,147661
587,오수,2015-04,2종,4857
587,오수,2015-04,3종,9930
587,오수,2015-04,4종,4120
587,오수,2015-04,5종,6737
587,오수,2015-04,6종,4848
588,임실,2015-04,1종,50269
588,임실,2015-04,2종,2295
588,임실,2015-04,3종,4172
588,임실,2015-04,4종,1253
588,임실,2015-04,5종,3436
588,임실,2015-04,6종,1660
589,상관,2015-04,1종,156868
589,상관,2015-04,2종,4566
589,상관,2015-04,3종,12018
589,상관,2015-04,4종,5002
589,상관,2015-04,5종,28629
589,상관,2015-04,6종,4771
590,동전주,2015-04,1종,194784
590,동전주,2015-04,2종,3625
590,동전주,2015-04,3종,5627
590,동전주,2015-04,4종,2070
590,동전주,2015-04,5종,4603
590,동전주,2015-04,6종,7274
591,동서천,2015-04,1종,50184
591,동서천,2015-04,2종,1681
591,동서천,2015-04,3종,3791
591,동서천,2015-04,4종,2036
591,동서천,2015-04,5종,4229
591,동서천,2015-04,6종,1576
592,서부여,2015-04,1종,58027
592,서부여,2015-04,2종,2792
592,서부여,2015-04,3종,3406
592,서부여,2015-04,4종,1655
592,서부여,2015-04,5종,2312
592,서부여,2015-04,6종,2229
593,부여,2015-04,1종,79848
593,부여,2015-04,2종,2664
593,부여,2015-04,3종,4737
593,부여,2015-04,4종,2791
593,부여,2015-04,5종,3631
593,부여,2015-04,6종,2951
594,칠갑산,2015-04,1종,57189
594,칠갑산,2015-04,2종,1648
594,칠갑산,2015-04,3종,3493
594,칠갑산,2015-04,4종,1432
594,칠갑산,2015-04,5종,1092
594,칠갑산,2015-04,6종,1869
595,서공주,2015-04,1종,59544
595,서공주,2015-04,2종,3055
595,서공주,2015-04,3종,3211
595,서공주,2015-04,4종,2410
595,서공주,2015-04,5종,3854
595,서공주,2015-04,6종,2188
596,가락2,2015-04,1종,62637
596,가락2,2015-04,2종,6927
596,가락2,2015-04,3종,6935
596,가락2,2015-04,4종,16287
596,가락2,2015-04,5종,60778
596,가락2,2015-04,6종,3900
597,서여주,2015-04,1종,133050
597,서여주,2015-04,2종,6558
597,서여주,2015-04,3종,7502
597,서여주,2015-04,4종,6554
597,서여주,2015-04,5종,6316
597,서여주,2015-04,6종,6953
598,북여주,2015-04,1종,82195
598,북여주,2015-04,2종,3446
598,북여주,2015-04,3종,3025
598,북여주,2015-04,4종,2445
598,북여주,2015-04,5종,4300
598,북여주,2015-04,6종,3453
599,양촌,2015-04,1종,30802
599,양촌,2015-04,2종,722
599,양촌,2015-04,3종,289
599,양촌,2015-04,4종,3
599,양촌,2015-04,5종,13
599,양촌,2015-04,6종,1095
601,남천안,2015-04,1종,324725
601,남천안,2015-04,2종,21425
601,남천안,2015-04,3종,28455
601,남천안,2015-04,4종,26037
601,남천안,2015-04,5종,22330
601,남천안,2015-04,6종,13418
602,풍세상,2015-04,1종,1451446
602,풍세상,2015-04,2종,44182
602,풍세상,2015-04,3종,175264
602,풍세상,2015-04,4종,79624
602,풍세상,2015-04,5종,77430
602,풍세상,2015-04,6종,63146
603,정안,2015-04,1종,270998
603,정안,2015-04,2종,8938
603,정안,2015-04,3종,28459
603,정안,2015-04,4종,12603
603,정안,2015-04,5종,9654
603,정안,2015-04,6종,11172
604,남공주,2015-04,1종,67455
604,남공주,2015-04,2종,3071
604,남공주,2015-04,3종,5138
604,남공주,2015-04,4종,2440
604,남공주,2015-04,5종,4269
604,남공주,2015-04,6종,2813
605,탄천,2015-04,1종,26420
605,탄천,2015-04,2종,1452
605,탄천,2015-04,3종,1438
605,탄천,2015-04,4종,1658
605,탄천,2015-04,5종,1615
605,탄천,2015-04,6종,1014
606,서논산,2015-04,1종,132205
606,서논산,2015-04,2종,6108
606,서논산,2015-04,3종,11133
606,서논산,2015-04,4종,7525
606,서논산,2015-04,5종,8475
606,서논산,2015-04,6종,5257
607,연무,2015-04,1종,70320
607,연무,2015-04,2종,2580
607,연무,2015-04,3종,3868
607,연무,2015-04,4종,2252
607,연무,2015-04,5종,3345
607,연무,2015-04,6종,2493
608,남논산하,2015-04,1종,849952
608,남논산하,2015-04,2종,23234
608,남논산하,2015-04,3종,119082
608,남논산하,2015-04,4종,38926
608,남논산하,2015-04,5종,58762
608,남논산하,2015-04,6종,32168
612,풍세하,2015-04,1종,1466902
612,풍세하,2015-04,2종,41640
612,풍세하,2015-04,3종,179470
612,풍세하,2015-04,4종,59472
612,풍세하,2015-04,5종,60376
612,풍세하,2015-04,6종,63742
613,남풍세,2015-04,1종,143406
613,남풍세,2015-04,2종,7077
613,남풍세,2015-04,3종,13130
613,남풍세,2015-04,4종,7292
613,남풍세,2015-04,5종,11588
613,남풍세,2015-04,6종,6244
618,남논산상,2015-04,1종,833782
618,남논산상,2015-04,2종,23552
618,남논산상,2015-04,3종,115458
618,남논산상,2015-04,4종,44672
618,남논산상,2015-04,5종,68626
618,남논산상,2015-04,6종,31162
621,동대구,2015-04,1종,840095
621,동대구,2015-04,2종,32045
621,동대구,2015-04,3종,42944
621,동대구,2015-04,4종,22798
621,동대구,2015-04,5종,29193
621,동대구,2015-04,6종,41268
622,대구,2015-04,1종,1103459
622,대구,2015-04,2종,46736
622,대구,2015-04,3종,72854
622,대구,2015-04,4종,53870
622,대구,2015-04,5종,90505
622,대구,2015-04,6종,58980
623,수성,2015-04,1종,755398
623,수성,2015-04,2종,19851
623,수성,2015-04,3종,17277
623,수성,2015-04,4종,8938
623,수성,2015-04,5종,7368
623,수성,2015-04,6종,35923
624,청도,2015-04,1종,205634
624,청도,2015-04,2종,8948
624,청도,2015-04,3종,9215
624,청도,2015-04,4종,5861
624,청도,2015-04,5종,9232
624,청도,2015-04,6종,9252
625,밀양,2015-04,1종,268699
625,밀양,2015-04,2종,13213
625,밀양,2015-04,3종,12856
625,밀양,2015-04,4종,9373
625,밀양,2015-04,5종,14104
625,밀양,2015-04,6종,11950
626,남밀양,2015-04,1종,361618
626,남밀양,2015-04,2종,20126
626,남밀양,2015-04,3종,18763
626,남밀양,2015-04,4종,13525
626,남밀양,2015-04,5종,21139
626,남밀양,2015-04,6종,20926
627,삼랑진,2015-04,1종,235506
627,삼랑진,2015-04,2종,10796
627,삼랑진,2015-04,3종,8718
627,삼랑진,2015-04,4종,6358
627,삼랑진,2015-04,5종,13222
627,삼랑진,2015-04,6종,14429
628,상동,2015-04,1종,227607
628,상동,2015-04,2종,23992
628,상동,2015-04,3종,16254
628,상동,2015-04,4종,20962
628,상동,2015-04,5종,26686
628,상동,2015-04,6종,13704
629,김해부산,2015-04,1종,1156394
629,김해부산,2015-04,2종,61720
629,김해부산,2015-04,3종,79320
629,김해부산,2015-04,4종,67816
629,김해부산,2015-04,5종,103016
629,김해부산,2015-04,6종,65018
641,울산,2015-04,1종,1175647
641,울산,2015-04,2종,49549
641,울산,2015-04,3종,79613
641,울산,2015-04,4종,49940
641,울산,2015-04,5종,121708
641,울산,2015-04,6종,58842
642,문수,2015-04,1종,120468
642,문수,2015-04,2종,5409
642,문수,2015-04,3종,6800
642,문수,2015-04,4종,9338
642,문수,2015-04,5종,21679
642,문수,2015-04,6종,7195
643,청량,2015-04,1종,556611
643,청량,2015-04,2종,13122
643,청량,2015-04,3종,15716
643,청량,2015-04,4종,20736
643,청량,2015-04,5종,73859
643,청량,2015-04,6종,34867
644,온양,2015-04,1종,186019
644,온양,2015-04,2종,4117
644,온양,2015-04,3종,3367
644,온양,2015-04,4종,3249
644,온양,2015-04,5종,12536
644,온양,2015-04,6종,12830
645,장안,2015-04,1종,340308
645,장안,2015-04,2종,7960
645,장안,2015-04,3종,6605
645,장안,2015-04,4종,6199
645,장안,2015-04,5종,15838
645,장안,2015-04,6종,22616
646,기장일광,2015-04,1종,289706
646,기장일광,2015-04,2종,3226
646,기장일광,2015-04,3종,3965
646,기장일광,2015-04,4종,2074
646,기장일광,2015-04,5종,6220
646,기장일광,2015-04,6종,17094
647,해운대송정,2015-04,1종,129453
647,해운대송정,2015-04,2종,1377
647,해운대송정,2015-04,3종,1481
647,해운대송정,2015-04,4종,559
647,해운대송정,2015-04,5종,881
647,해운대송정,2015-04,6종,7558
648,해운대,2015-04,1종,778416
648,해운대,2015-04,2종,8993
648,해운대,2015-04,3종,10721
648,해운대,2015-04,4종,7268
648,해운대,2015-04,5종,37815
648,해운대,2015-04,6종,47336
651,남양주,2015-04,1종,1587036
651,남양주,2015-04,2종,39863
651,남양주,2015-04,3종,71523
651,남양주,2015-04,4종,17025
651,남양주,2015-04,5종,18550
651,남양주,2015-04,6종,88498
652,화도,2015-04,1종,903567
652,화도,2015-04,2종,33124
652,화도,2015-04,3종,38288
652,화도,2015-04,4종,14259
652,화도,2015-04,5종,14800
652,화도,2015-04,6종,65803
653,서종,2015-04,1종,192404
653,서종,2015-04,2종,1978
653,서종,2015-04,3종,1452
653,서종,2015-04,4종,1325
653,서종,2015-04,5종,1734
653,서종,2015-04,6종,11959
654,설악,2015-04,1종,224739
654,설악,2015-04,2종,3489
654,설악,2015-04,3종,5574
654,설악,2015-04,4종,1714
654,설악,2015-04,5종,3117
654,설악,2015-04,6종,11504
655,강촌,2015-04,1종,140274
655,강촌,2015-04,2종,2200
655,강촌,2015-04,3종,3987
655,강촌,2015-04,4종,1788
655,강촌,2015-04,5종,1318
655,강촌,2015-04,6종,5663
656,남춘천,2015-04,1종,171347
656,남춘천,2015-04,2종,3252
656,남춘천,2015-04,3종,11748
656,남춘천,2015-04,4종,2103
656,남춘천,2015-04,5종,3986
656,남춘천,2015-04,6종,8600
657,동산,2015-04,1종,583732
657,동산,2015-04,2종,10964
657,동산,2015-04,3종,30392
657,동산,2015-04,4종,7444
657,동산,2015-04,5종,8406
657,동산,2015-04,6종,31616
658,조양,2015-04,1종,26305
658,조양,2015-04,2종,519
658,조양,2015-04,3종,375
658,조양,2015-04,4종,905
658,조양,2015-04,5종,454
658,조양,2015-04,6종,968
671,봉담,2015-04,1종,1288469
671,봉담,2015-04,2종,59243
671,봉담,2015-04,3종,51016
671,봉담,2015-04,4종,20803
671,봉담,2015-04,5종,27599
671,봉담,2015-04,6종,101246
672,정남,2015-04,1종,369549
672,정남,2015-04,2종,20264
672,정남,2015-04,3종,16148
672,정남,2015-04,4종,7738
672,정남,2015-04,5종,4728
672,정남,2015-04,6종,30316
673,북오산,2015-04,1종,804727
673,북오산,2015-04,2종,28107
673,북오산,2015-04,3종,30278
673,북오산,2015-04,4종,21691
673,북오산,2015-04,5종,12332
673,북오산,2015-04,6종,60410
674,,2015-04,1종,870533
674,,2015-04,2종,41056
674,,2015-04,3종,67916
674,,2015-04,4종,21606
674,,2015-04,5종,25318
674,,2015-04,6종,61788
675,서오산,2015-04,1종,816530
675,서오산,2015-04,2종,25600
675,서오산,2015-04,3종,22456
675,서오산,2015-04,4종,12998
675,서오산,2015-04,5종,12386
675,서오산,2015-04,6종,59041
676,향남,2015-04,1종,572842
676,향남,2015-04,2종,38132
676,향남,2015-04,3종,27254
676,향남,2015-04,4종,26313
676,향남,2015-04,5종,15164
676,향남,2015-04,6종,46206
677,북평택,2015-04,1종,962647
677,북평택,2015-04,2종,34857
677,북평택,2015-04,3종,50006
677,북평택,2015-04,4종,18445
677,북평택,2015-04,5종,30757
677,북평택,2015-04,6종,61559
681,장안본선,2015-04,1종,909300
681,장안본선,2015-04,2종,74816
681,장안본선,2015-04,3종,133562
681,장안본선,2015-04,4종,92016
681,장안본선,2015-04,5종,160298
681,장안본선,2015-04,6종,51448
682,조암,2015-04,1종,322777
682,조암,2015-04,2종,37228
682,조암,2015-04,3종,34373
682,조암,2015-04,4종,24363
682,조암,2015-04,5종,25246
682,조암,2015-04,6종,19598
683,송산마도,2015-04,1종,554583
683,송산마도,2015-04,2종,37952
683,송산마도,2015-04,3종,29046
683,송산마도,2015-04,4종,23130
683,송산마도,2015-04,5종,37003
683,송산마도,2015-04,6종,32678
684,남안산,2015-04,1종,705271
684,남안산,2015-04,2종,73134
684,남안산,2015-04,3종,64138
684,남안산,2015-04,4종,51498
684,남안산,2015-04,5종,70316
684,남안산,2015-04,6종,51172
685,서시흥,2015-04,1종,1212579
685,서시흥,2015-04,2종,75551
685,서시흥,2015-04,3종,115881
685,서시흥,2015-04,4종,70650
685,서시흥,2015-04,5종,142417
685,서시흥,2015-04,6종,72423
981,서영암,2015-04,1종,219179
981,서영암,2015-04,2종,4944
981,서영암,2015-04,3종,13656
981,서영암,2015-04,4종,7489
981,서영암,2015-04,5종,19158
981,서영암,2015-04,6종,6586
982,강진무위사,2015-04,1종,132633
982,강진무위사,2015-04,2종,3290
982,강진무위사,2015-04,3종,10410
982,강진무위사,2015-04,4종,3320
982,강진무위사,2015-04,5종,5254
982,강진무위사,2015-04,6종,3842
983,장흥,2015-04,1종,97773
983,장흥,2015-04,2종,1969
983,장흥,2015-04,3종,4554
983,장흥,2015-04,4종,927
983,장흥,2015-04,5종,1268
983,장흥,2015-04,6종,2770
984,보성,2015-04,1종,176910
984,보성,2015-04,2종,5771
984,보성,2015-04,3종,9481
984,보성,2015-04,4종,5167
984,보성,2015-04,5종,13057
984,보성,2015-04,6종,4832
985,벌교,2015-04,1종,123348
985,벌교,2015-04,2종,3954
985,벌교,2015-04,3종,5444
985,벌교,2015-04,4종,2213
985,벌교,2015-04,5종,4126
985,벌교,2015-04,6종,3222
986,고흥,2015-04,1종,161487
986,고흥,2015-04,2종,3826
986,고흥,2015-04,3종,8902
986,고흥,2015-04,4종,4746
986,고흥,2015-04,5종,9626
986,고흥,2015-04,6종,5165
987,남순천,2015-04,1종,441411
987,남순천,2015-04,2종,11307
987,남순천,2015-04,3종,29091
987,남순천,2015-04,4종,16080
987,남순천,2015-04,5종,41287
987,남순천,2015-04,6종,12792
11,인천,2015-05,1종,3772396
11,인천,2015-05,2종,117758
11,인천,2015-05,3종,91146
11,인천,2015-05,4종,64871
11,인천,2015-05,5종,127810
11,인천,2015-05,6종,345891
12,서영암(개),2015-05,1종,43676
12,서영암(개),2015-05,2종,733
12,서영암(개),2015-05,3종,981
12,서영암(개),2015-05,4종,450
12,서영암(개),2015-05,5종,727
12,서영암(개),2015-05,6종,2426
13,순천만,2015-05,1종,148983
13,순천만,2015-05,2종,4604
13,순천만,2015-05,3종,6730
13,순천만,2015-05,4종,3201
13,순천만,2015-05,5종,8621
13,순천만,2015-05,6종,6599
29,가락(개),2015-05,1종,751021
29,가락(개),2015-05,2종,21662
29,가락(개),2015-05,3종,22911
29,가락(개),2015-05,4종,22687
29,가락(개),2015-05,5종,107588
29,가락(개),2015-05,6종,62420
53,남인천,2015-05,1종,1774713
53,남인천,2015-05,2종,41096
53,남인천,2015-05,3종,60131
53,남인천,2015-05,4종,20135
53,남인천,2015-05,5종,61918
53,남인천,2015-05,6종,150183
56,일로,2015-05,1종,38418
56,일로,2015-05,2종,2055
56,일로,2015-05,3종,530
56,일로,2015-05,4종,632
56,일로,2015-05,5종,1291
56,일로,2015-05,6종,2375
61,성남,2015-05,1종,4238616
61,성남,2015-05,2종,156206
61,성남,2015-05,3종,171562
61,성남,2015-05,4종,108263
61,성남,2015-05,5종,93933
61,성남,2015-05,6종,294774
62,구리남양주,2015-05,1종,5380966
62,구리남양주,2015-05,2종,208137
62,구리남양주,2015-05,3종,207855
62,구리남양주,2015-05,4종,141474
62,구리남양주,2015-05,5종,111739
62,구리남양주,2015-05,6종,395355
63,토평,2015-05,1종,491080
63,토평,2015-05,2종,14911
63,토평,2015-05,3종,8912
63,토평,2015-05,4종,11923
63,토평,2015-05,5종,7565
63,토평,2015-05,6종,39459
64,청계,2015-05,1종,4790242
64,청계,2015-05,2종,147355
64,청계,2015-05,3종,162411
64,청계,2015-05,4종,51428
64,청계,2015-05,5종,81505
64,청계,2015-05,6종,359120
65,판교,2015-05,1종,2914222
65,판교,2015-05,2종,42124
65,판교,2015-05,3종,178096
65,판교,2015-05,4종,15894
65,판교,2015-05,5종,12532
65,판교,2015-05,6종,170083
66,하남,2015-05,1종,919856
66,하남,2015-05,2종,28762
66,하남,2015-05,3종,18817
66,하남,2015-05,4종,8485
66,하남,2015-05,5종,10924
66,하남,2015-05,6종,69314
67,시흥,2015-05,1종,4096421
67,시흥,2015-05,2종,132111
67,시흥,2015-05,3종,141401
67,시흥,2015-05,4종,73196
67,시흥,2015-05,5종,74502
67,시흥,2015-05,6종,309774
68,김포,2015-05,1종,4991762
68,김포,2015-05,2종,176470
68,김포,2015-05,3종,158523
68,김포,2015-05,4종,80020
68,김포,2015-05,5종,115844
68,김포,2015-05,6종,403270
69,대왕판교,2015-05,1종,182015
69,대왕판교,2015-05,2종,1351
69,대왕판교,2015-05,3종,195
69,대왕판교,2015-05,4종,24
69,대왕판교,2015-05,5종,21
69,대왕판교,2015-05,6종,10254
74,덕소삼패,2015-05,1종,320858
74,덕소삼패,2015-05,2종,7654
74,덕소삼패,2015-05,3종,4563
74,덕소삼패,2015-05,4종,10048
74,덕소삼패,2015-05,5종,10589
74,덕소삼패,2015-05,6종,24775
91,대동(개),2015-05,1종,135596
91,대동(개),2015-05,2종,9839
91,대동(개),2015-05,3종,5944
91,대동(개),2015-05,4종,20176
91,대동(개),2015-05,5종,9925
91,대동(개),2015-05,6종,9738
92,내서,2015-05,1종,230403
92,내서,2015-05,2종,8371
92,내서,2015-05,3종,11350
92,내서,2015-05,4종,3494
92,내서,2015-05,5종,6529
92,내서,2015-05,6종,21282
101,서울,2015-05,1종,5643000
101,서울,2015-05,2종,185680
101,서울,2015-05,3종,637773
101,서울,2015-05,4종,95372
101,서울,2015-05,5종,53622
101,서울,2015-05,6종,261498
102,동수원,2015-05,1종,2272887
102,동수원,2015-05,2종,41107
102,동수원,2015-05,3종,92578
102,동수원,2015-05,4종,14035
102,동수원,2015-05,5종,21105
102,동수원,2015-05,6종,147212
103,수원신갈,2015-05,1종,2534177
103,수원신갈,2015-05,2종,95545
103,수원신갈,2015-05,3종,169317
103,수원신갈,2015-05,4종,38528
103,수원신갈,2015-05,5종,25262
103,수원신갈,2015-05,6종,138902
104,지곡,2015-05,1종,48124
104,지곡,2015-05,2종,1646
104,지곡,2015-05,3종,2681
104,지곡,2015-05,4종,2100
104,지곡,2015-05,5종,2188
104,지곡,2015-05,6종,1925
105,기흥,2015-05,1종,483669
105,기흥,2015-05,2종,23269
105,기흥,2015-05,3종,15536
105,기흥,2015-05,4종,9566
105,기흥,2015-05,5종,11846
105,기흥,2015-05,6종,26226
106,오산,2015-05,1종,1183681
106,오산,2015-05,2종,88888
106,오산,2015-05,3종,106294
106,오산,2015-05,4종,46646
106,오산,2015-05,5종,32381
106,오산,2015-05,6종,73991
107,안성,2015-05,1종,906450
107,안성,2015-05,2종,32331
107,안성,2015-05,3종,56639
107,안성,2015-05,4종,16597
107,안성,2015-05,5종,12460
107,안성,2015-05,6종,57595
108,천안,2015-05,1종,1557167
108,천안,2015-05,2종,44861
108,천안,2015-05,3종,115414
108,천안,2015-05,4종,36228
108,천안,2015-05,5종,30679
108,천안,2015-05,6종,79249
109,계룡,2015-05,1종,144653
109,계룡,2015-05,2종,9734
109,계룡,2015-05,3종,10285
109,계룡,2015-05,4종,8625
109,계룡,2015-05,5종,5277
109,계룡,2015-05,6종,8496
110,독립기념관,2015-05,1종,356121
110,독립기념관,2015-05,2종,17721
110,독립기념관,2015-05,3종,25219
110,독립기념관,2015-05,4종,19533
110,독립기념관,2015-05,5종,15057
110,독립기념관,2015-05,6종,14815
111,청주,2015-05,1종,509076
111,청주,2015-05,2종,19463
111,청주,2015-05,3종,52359
111,청주,2015-05,4종,15717
111,청주,2015-05,5종,18104
111,청주,2015-05,6종,25682
112,남청주,2015-05,1종,541338
112,남청주,2015-05,2종,40568
112,남청주,2015-05,3종,40760
112,남청주,2015-05,4종,47363
112,남청주,2015-05,5종,40858
112,남청주,2015-05,6종,25192
113,신탄진,2015-05,1종,804485
113,신탄진,2015-05,2종,41538
113,신탄진,2015-05,3종,34941
113,신탄진,2015-05,4종,55990
113,신탄진,2015-05,5종,50001
113,신탄진,2015-05,6종,42802
114,남대전,2015-05,1종,359820
114,남대전,2015-05,2종,13333
114,남대전,2015-05,3종,13229
114,남대전,2015-05,4종,6965
114,남대전,2015-05,5종,10546
114,남대전,2015-05,6종,17831
115,대전,2015-05,1종,1465080
115,대전,2015-05,2종,39574
115,대전,2015-05,3종,87286
115,대전,2015-05,4종,16544
115,대전,2015-05,5종,15073
115,대전,2015-05,6종,79746
116,옥천,2015-05,1종,427430
116,옥천,2015-05,2종,21562
116,옥천,2015-05,3종,22730
116,옥천,2015-05,4종,33105
116,옥천,2015-05,5종,21247
116,옥천,2015-05,6종,24749
117,금강,2015-05,1종,54776
117,금강,2015-05,2종,1689
117,금강,2015-05,3종,1661
117,금강,2015-05,4종,3414
117,금강,2015-05,5종,1196
117,금강,2015-05,6종,2839
118,영동,2015-05,1종,104413
118,영동,2015-05,2종,4947
118,영동,2015-05,3종,4664
118,영동,2015-05,4종,3069
118,영동,2015-05,5종,8392
118,영동,2015-05,6종,4669
119,판암,2015-05,1종,540638
119,판암,2015-05,2종,15192
119,판암,2015-05,3종,12364
119,판암,2015-05,4종,6873
119,판암,2015-05,5종,6809
119,판암,2015-05,6종,32293
120,황간,2015-05,1종,94308
120,황간,2015-05,2종,3146
120,황간,2015-05,3종,4320
120,황간,2015-05,4종,3835
120,황간,2015-05,5종,5607
120,황간,2015-05,6종,3746
121,추풍령,2015-05,1종,46755
121,추풍령,2015-05,2종,1159
121,추풍령,2015-05,3종,2178
121,추풍령,2015-05,4종,948
121,추풍령,2015-05,5종,1793
121,추풍령,2015-05,6종,2338
122,김천,2015-05,1종,243990
122,김천,2015-05,2종,7432
122,김천,2015-05,3종,11208
122,김천,2015-05,4종,8751
122,김천,2015-05,5종,8103
122,김천,2015-05,6종,11333
123,구미,2015-05,1종,872655
123,구미,2015-05,2종,20537
123,구미,2015-05,3종,39730
123,구미,2015-05,4종,18122
123,구미,2015-05,5종,15640
123,구미,2015-05,6종,43201
124,상주,2015-05,1종,151707
124,상주,2015-05,2종,6034
124,상주,2015-05,3종,6840
124,상주,2015-05,4종,6960
124,상주,2015-05,5종,7352
124,상주,2015-05,6종,5000
125,남구미,2015-05,1종,585527
125,남구미,2015-05,2종,21909
125,남구미,2015-05,3종,32690
125,남구미,2015-05,4종,20899
125,남구미,2015-05,5종,38200
125,남구미,2015-05,6종,33026
126,왜관,2015-05,1종,681975
126,왜관,2015-05,2종,47440
126,왜관,2015-05,3종,31982
126,왜관,2015-05,4종,24606
126,왜관,2015-05,5종,32212
126,왜관,2015-05,6종,31718
127,서대구,2015-05,1종,2110485
127,서대구,2015-05,2종,86924
127,서대구,2015-05,3종,110960
127,서대구,2015-05,4종,51529
127,서대구,2015-05,5종,60184
127,서대구,2015-05,6종,93693
128,금왕꽃동네,2015-05,1종,116910
128,금왕꽃동네,2015-05,2종,10326
128,금왕꽃동네,2015-05,3종,12329
128,금왕꽃동네,2015-05,4종,8541
128,금왕꽃동네,2015-05,5종,13341
128,금왕꽃동네,2015-05,6종,5652
129,북대구,2015-05,1종,1939793
129,북대구,2015-05,2종,60867
129,북대구,2015-05,3종,59444
129,북대구,2015-05,4종,25833
129,북대구,2015-05,5종,29426
129,북대구,2015-05,6종,85161
130,동김천,2015-05,1종,181700
130,동김천,2015-05,2종,6604
130,동김천,2015-05,3종,10891
130,동김천,2015-05,4종,8211
130,동김천,2015-05,5종,13053
130,동김천,2015-05,6종,7071
131,경산,2015-05,1종,896485
131,경산,2015-05,2종,73274
131,경산,2015-05,3종,59386
131,경산,2015-05,4종,45337
131,경산,2015-05,5종,40460
131,경산,2015-05,6종,48857
132,영천,2015-05,1종,464132
132,영천,2015-05,2종,23784
132,영천,2015-05,3종,31259
132,영천,2015-05,4종,24291
132,영천,2015-05,5종,43265
132,영천,2015-05,6종,18234
133,서경주,2015-05,1종,205469
133,서경주,2015-05,2종,8140
133,서경주,2015-05,3종,14690
133,서경주,2015-05,4종,10274
133,서경주,2015-05,5종,28816
133,서경주,2015-05,6종,7218
134,선산,2015-05,1종,103605
134,선산,2015-05,2종,4775
134,선산,2015-05,3종,5422
134,선산,2015-05,4종,5156
134,선산,2015-05,5종,9857
134,선산,2015-05,6종,3339
135,경주,2015-05,1종,1048518
135,경주,2015-05,2종,36506
135,경주,2015-05,3종,79381
135,경주,2015-05,4종,42742
135,경주,2015-05,5종,95310
135,경주,2015-05,6종,40274
136,음성,2015-05,1종,187517
136,음성,2015-05,2종,8397
136,음성,2015-05,3종,11087
136,음성,2015-05,4종,7402
136,음성,2015-05,5종,9488
136,음성,2015-05,6종,7649
137,통도사,2015-05,1종,333541
137,통도사,2015-05,2종,16472
137,통도사,2015-05,3종,15635
137,통도사,2015-05,4종,11532
137,통도사,2015-05,5종,19557
137,통도사,2015-05,6종,16420
138,양산,2015-05,1종,713426
138,양산,2015-05,2종,72430
138,양산,2015-05,3종,46112
138,양산,2015-05,4종,46844
138,양산,2015-05,5종,60505
138,양산,2015-05,6종,39760
139,서울산,2015-05,1종,536681
139,서울산,2015-05,2종,25528
139,서울산,2015-05,3종,33503
139,서울산,2015-05,4종,14936
139,서울산,2015-05,5종,26419
139,서울산,2015-05,6종,27264
140,부산,2015-05,1종,1863326
140,부산,2015-05,2종,62263
140,부산,2015-05,3종,55417
140,부산,2015-05,4종,30170
140,부산,2015-05,5종,61223
140,부산,2015-05,6종,105255
142,군북,2015-05,1종,445187
142,군북,2015-05,2종,14925
142,군북,2015-05,3종,19141
142,군북,2015-05,4종,11649
142,군북,2015-05,5종,19246
142,군북,2015-05,6종,25584
143,장지,2015-05,1종,115379
143,장지,2015-05,2종,5780
143,장지,2015-05,3종,6047
143,장지,2015-05,4종,4909
143,장지,2015-05,5종,15844
143,장지,2015-05,6종,7196
144,함안,2015-05,1종,280355
144,함안,2015-05,2종,12742
144,함안,2015-05,3종,11558
144,함안,2015-05,4종,8475
144,함안,2015-05,5종,17878
144,함안,2015-05,6종,18738
145,산인,2015-05,1종,920757
145,산인,2015-05,2종,21276
145,산인,2015-05,3종,42636
145,산인,2015-05,4종,14423
145,산인,2015-05,5종,20102
145,산인,2015-05,6종,50782
146,동창원,2015-05,1종,628173
146,동창원,2015-05,2종,27902
146,동창원,2015-05,3종,24623
146,동창원,2015-05,4종,20756
146,동창원,2015-05,5종,29021
146,동창원,2015-05,6종,41488
147,진례,2015-05,1종,472292
147,진례,2015-05,2종,32360
147,진례,2015-05,3종,23312
147,진례,2015-05,4종,19056
147,진례,2015-05,5종,26467
147,진례,2015-05,6종,31534
148,서김해,2015-05,1종,867299
148,서김해,2015-05,2종,34305
148,서김해,2015-05,3종,27430
148,서김해,2015-05,4종,20104
148,서김해,2015-05,5종,37204
148,서김해,2015-05,6종,58967
149,동김해,2015-05,1종,1298542
149,동김해,2015-05,2종,39149
149,동김해,2015-05,3종,34002
149,동김해,2015-05,4종,13946
149,동김해,2015-05,5종,14100
149,동김해,2015-05,6종,97376
150,북부산,2015-05,1종,2047590
150,북부산,2015-05,2종,39403
150,북부산,2015-05,3종,45622
150,북부산,2015-05,4종,18211
150,북부산,2015-05,5종,35957
150,북부산,2015-05,6종,135251
151,북대전,2015-05,1종,743690
151,북대전,2015-05,2종,16601
151,북대전,2015-05,3종,34762
151,북대전,2015-05,4종,18828
151,북대전,2015-05,5종,19267
151,북대전,2015-05,6종,41853
152,유성,2015-05,1종,1183891
152,유성,2015-05,2종,24567
152,유성,2015-05,3종,41913
152,유성,2015-05,4종,17059
152,유성,2015-05,5종,11651
152,유성,2015-05,6종,54711
153,서대전,2015-05,1종,799848
153,서대전,2015-05,2종,22091
153,서대전,2015-05,3종,21773
153,서대전,2015-05,4종,77291
153,서대전,2015-05,5종,45548
153,서대전,2015-05,6종,77741
154,안영,2015-05,1종,511966
154,안영,2015-05,2종,17346
154,안영,2015-05,3종,14445
154,안영,2015-05,4종,7894
154,안영,2015-05,5종,9951
154,안영,2015-05,6종,27063
155,논산,2015-05,1종,245650
155,논산,2015-05,2종,16452
155,논산,2015-05,3종,18056
155,논산,2015-05,4종,15102
155,논산,2015-05,5종,14156
155,논산,2015-05,6종,10893
156,익산,2015-05,1종,317742
156,익산,2015-05,2종,22214
156,익산,2015-05,3종,30226
156,익산,2015-05,4종,19747
156,익산,2015-05,5종,29614
156,익산,2015-05,6종,10580
157,삼례,2015-05,1종,136216
157,삼례,2015-05,2종,7528
157,삼례,2015-05,3종,8745
157,삼례,2015-05,4종,6648
157,삼례,2015-05,5종,11211
157,삼례,2015-05,6종,4007
158,전주,2015-05,1종,521374
158,전주,2015-05,2종,18254
158,전주,2015-05,3종,56143
158,전주,2015-05,4종,21079
158,전주,2015-05,5종,39213
158,전주,2015-05,6종,16503
159,서전주,2015-05,1종,338095
159,서전주,2015-05,2종,12976
159,서전주,2015-05,3종,14493
159,서전주,2015-05,4종,7801
159,서전주,2015-05,5종,8406
159,서전주,2015-05,6종,10451
160,김제,2015-05,1종,142022
160,김제,2015-05,2종,6998
160,김제,2015-05,3종,9499
160,김제,2015-05,4종,4195
160,김제,2015-05,5종,5084
160,김제,2015-05,6종,4122
161,금산사,2015-05,1종,39487
161,금산사,2015-05,2종,2056
161,금산사,2015-05,3종,2190
161,금산사,2015-05,4종,652
161,금산사,2015-05,5종,2437
161,금산사,2015-05,6종,1158
162,태인,2015-05,1종,93741
162,태인,2015-05,2종,5923
162,태인,2015-05,3종,9834
162,태인,2015-05,4종,5770
162,태인,2015-05,5종,6064
162,태인,2015-05,6종,3006
163,정읍,2015-05,1종,282520
163,정읍,2015-05,2종,14833
163,정읍,2015-05,3종,23255
163,정읍,2015-05,4종,10996
163,정읍,2015-05,5종,10706
163,정읍,2015-05,6종,9249
164,무주,2015-05,1종,174645
164,무주,2015-05,2종,4531
164,무주,2015-05,3종,6726
164,무주,2015-05,4종,3023
164,무주,2015-05,5종,3755
164,무주,2015-05,6종,6140
165,백양사,2015-05,1종,83578
165,백양사,2015-05,2종,2232
165,백양사,2015-05,3종,3923
165,백양사,2015-05,4종,1544
165,백양사,2015-05,5종,1899
165,백양사,2015-05,6종,2250
166,장성,2015-05,1종,177640
166,장성,2015-05,2종,12393
166,장성,2015-05,3종,19306
166,장성,2015-05,4종,12109
166,장성,2015-05,5종,14246
166,장성,2015-05,6종,6298
167,광주,2015-05,1종,1144114
167,광주,2015-05,2종,35745
167,광주,2015-05,3종,85182
167,광주,2015-05,4종,43945
167,광주,2015-05,5종,27467
167,광주,2015-05,6종,35573
168,덕유산,2015-05,1종,69233
168,덕유산,2015-05,2종,1465
168,덕유산,2015-05,3종,1401
168,덕유산,2015-05,4종,710
168,덕유산,2015-05,5종,1457
168,덕유산,2015-05,6종,2152
169,장수,2015-05,1종,127670
169,장수,2015-05,2종,4071
169,장수,2015-05,3종,5064
169,장수,2015-05,4종,2741
169,장수,2015-05,5종,3266
169,장수,2015-05,6종,3917
170,서상,2015-05,1종,59056
170,서상,2015-05,2종,2468
170,서상,2015-05,3종,4683
170,서상,2015-05,4종,3735
170,서상,2015-05,5종,3161
170,서상,2015-05,6종,2169
171,마성,2015-05,1종,435731
171,마성,2015-05,2종,5839
171,마성,2015-05,3종,29315
171,마성,2015-05,4종,1328
171,마성,2015-05,5종,1244
171,마성,2015-05,6종,23352
172,용인,2015-05,1종,967129
172,용인,2015-05,2종,62324
172,용인,2015-05,3종,40261
172,용인,2015-05,4종,21233
172,용인,2015-05,5종,15969
172,용인,2015-05,6종,63299
173,양지,2015-05,1종,943777
173,양지,2015-05,2종,87698
173,양지,2015-05,3종,68566
173,양지,2015-05,4종,55208
173,양지,2015-05,5종,44209
173,양지,2015-05,6종,52564
174,춘천,2015-05,1종,802751
174,춘천,2015-05,2종,22070
174,춘천,2015-05,3종,30679
174,춘천,2015-05,4종,8231
174,춘천,2015-05,5종,7995
174,춘천,2015-05,6종,49741
175,덕평,2015-05,1종,327244
175,덕평,2015-05,2종,40101
175,덕평,2015-05,3종,27696
175,덕평,2015-05,4종,23106
175,덕평,2015-05,5종,12998
175,덕평,2015-05,6종,20338
176,이천,2015-05,1종,675936
176,이천,2015-05,2종,35544
176,이천,2015-05,3종,52319
176,이천,2015-05,4종,44207
176,이천,2015-05,5종,32663
176,이천,2015-05,6종,32100
177,여주,2015-05,1종,455296
177,여주,2015-05,2종,15613
177,여주,2015-05,3종,42096
177,여주,2015-05,4종,22976
177,여주,2015-05,5종,11939
177,여주,2015-05,6종,18598
178,문막,2015-05,1종,408934
178,문막,2015-05,2종,22350
178,문막,2015-05,3종,39377
178,문막,2015-05,4종,14710
178,문막,2015-05,5종,15472
178,문막,2015-05,6종,17820
179,홍천,2015-05,1종,346417
179,홍천,2015-05,2종,10541
179,홍천,2015-05,3종,18176
179,홍천,2015-05,4종,7047
179,홍천,2015-05,5종,7464
179,홍천,2015-05,6종,23443
180,원주,2015-05,1종,277481
180,원주,2015-05,2종,14143
180,원주,2015-05,3종,19444
180,원주,2015-05,4종,9015
180,원주,2015-05,5종,9396
180,원주,2015-05,6종,14939
181,새말,2015-05,1종,255124
181,새말,2015-05,2종,7628
181,새말,2015-05,3종,13530
181,새말,2015-05,4종,5009
181,새말,2015-05,5종,5094
181,새말,2015-05,6종,9720
182,둔내,2015-05,1종,132030
182,둔내,2015-05,2종,3813
182,둔내,2015-05,3종,5160
182,둔내,2015-05,4종,2552
182,둔내,2015-05,5종,1952
182,둔내,2015-05,6종,5175
183,면온,2015-05,1종,101489
183,면온,2015-05,2종,1690
183,면온,2015-05,3종,3450
183,면온,2015-05,4종,2869
183,면온,2015-05,5종,2932
183,면온,2015-05,6종,3378
184,대관령,2015-05,1종,270613
184,대관령,2015-05,2종,5661
184,대관령,2015-05,3종,18763
184,대관령,2015-05,4종,3114
184,대관령,2015-05,5종,3939
184,대관령,2015-05,6종,11194
185,평창,2015-05,1종,160417
185,평창,2015-05,2종,4250
185,평창,2015-05,3종,14617
185,평창,2015-05,4종,1864
185,평창,2015-05,5종,4000
185,평창,2015-05,6종,6781
186,속사,2015-05,1종,47588
186,속사,2015-05,2종,1346
186,속사,2015-05,3종,1686
186,속사,2015-05,4종,2483
186,속사,2015-05,5종,1722
186,속사,2015-05,6종,1674
187,진부,2015-05,1종,172485
187,진부,2015-05,2종,4969
187,진부,2015-05,3종,13005
187,진부,2015-05,4종,3132
187,진부,2015-05,5종,3596
187,진부,2015-05,6종,7213
188,서충주,2015-05,1종,123525
188,서충주,2015-05,2종,5790
188,서충주,2015-05,3종,9121
188,서충주,2015-05,4종,7143
188,서충주,2015-05,5종,8217
188,서충주,2015-05,6종,5119
189,강릉,2015-05,1종,581999
189,강릉,2015-05,2종,14723
189,강릉,2015-05,3종,45845
189,강릉,2015-05,4종,9113
189,강릉,2015-05,5종,12691
189,강릉,2015-05,6종,28887
190,동서울,2015-05,1종,3697604
190,동서울,2015-05,2종,175449
190,동서울,2015-05,3종,242610
190,동서울,2015-05,4종,104673
190,동서울,2015-05,5종,62350
190,동서울,2015-05,6종,173512
191,경기광주,2015-05,1종,824050
191,경기광주,2015-05,2종,42620
191,경기광주,2015-05,3종,40005
191,경기광주,2015-05,4종,12949
191,경기광주,2015-05,5종,6382
191,경기광주,2015-05,6종,57552
192,곤지암,2015-05,1종,877130
192,곤지암,2015-05,2종,67575
192,곤지암,2015-05,3종,51965
192,곤지암,2015-05,4종,37160
192,곤지암,2015-05,5종,24578
192,곤지암,2015-05,6종,49525
193,일죽,2015-05,1종,520582
193,일죽,2015-05,2종,33992
193,일죽,2015-05,3종,41282
193,일죽,2015-05,4종,31968
193,일죽,2015-05,5종,17482
193,일죽,2015-05,6종,20886
194,서이천,2015-05,1종,551848
194,서이천,2015-05,2종,60664
194,서이천,2015-05,3종,54839
194,서이천,2015-05,4종,33951
194,서이천,2015-05,5종,18041
194,서이천,2015-05,6종,32055
195,대소,2015-05,1종,288611
195,대소,2015-05,2종,39647
195,대소,2015-05,3종,42472
195,대소,2015-05,4종,32277
195,대소,2015-05,5종,21523
195,대소,2015-05,6종,13769
196,진천,2015-05,1종,269456
196,진천,2015-05,2종,16762
196,진천,2015-05,3종,20582
196,진천,2015-05,4종,18037
196,진천,2015-05,5종,17955
196,진천,2015-05,6종,12640
197,증평,2015-05,1종,391814
197,증평,2015-05,2종,21090
197,증평,2015-05,3종,26894
197,증평,2015-05,4종,17437
197,증평,2015-05,5종,17236
197,증평,2015-05,6종,16482
198,서청주,2015-05,1종,843066
198,서청주,2015-05,2종,32876
198,서청주,2015-05,3종,44795
198,서청주,2015-05,4종,31882
198,서청주,2015-05,5종,20608
198,서청주,2015-05,6종,42583
199,오창,2015-05,1종,547276
199,오창,2015-05,2종,21311
199,오창,2015-05,3종,32892
199,오창,2015-05,4종,20626
199,오창,2015-05,5종,18186
199,오창,2015-05,6종,27089
200,금산,2015-05,1종,175552
200,금산,2015-05,2종,4062
200,금산,2015-05,3종,7719
200,금산,2015-05,4종,4906
200,금산,2015-05,5종,7110
200,금산,2015-05,6종,7623
201,칠곡,2015-05,1종,667150
201,칠곡,2015-05,2종,24694
201,칠곡,2015-05,3종,23770
201,칠곡,2015-05,4종,8991
201,칠곡,2015-05,5종,14662
201,칠곡,2015-05,6종,34073
202,다부,2015-05,1종,135236
202,다부,2015-05,2종,7225
202,다부,2015-05,3종,5663
202,다부,2015-05,4종,2752
202,다부,2015-05,5종,7109
202,다부,2015-05,6종,5399
203,가산,2015-05,1종,599649
203,가산,2015-05,2종,21839
203,가산,2015-05,3종,22867
203,가산,2015-05,4종,14351
203,가산,2015-05,5종,36399
203,가산,2015-05,6종,25163
204,추부,2015-05,1종,200572
204,추부,2015-05,2종,8152
204,추부,2015-05,3종,11193
204,추부,2015-05,4종,5520
204,추부,2015-05,5종,4943
204,추부,2015-05,6종,11210
205,군위,2015-05,1종,176050
205,군위,2015-05,2종,6195
205,군위,2015-05,3종,4539
205,군위,2015-05,4종,3457
205,군위,2015-05,5종,12379
205,군위,2015-05,6종,7176
206,의성,2015-05,1종,199479
206,의성,2015-05,2종,4854
206,의성,2015-05,3종,4672
206,의성,2015-05,4종,2033
206,의성,2015-05,5종,4332
206,의성,2015-05,6종,6739
207,남안동,2015-05,1종,323835
207,남안동,2015-05,2종,8882
207,남안동,2015-05,3종,7980
207,남안동,2015-05,4종,4317
207,남안동,2015-05,5종,8514
207,남안동,2015-05,6종,11739
208,서안동,2015-05,1종,230146
208,서안동,2015-05,2종,6927
208,서안동,2015-05,3종,18323
208,서안동,2015-05,4종,4296
208,서안동,2015-05,5종,8765
208,서안동,2015-05,6종,7732
209,예천,2015-05,1종,34010
209,예천,2015-05,2종,579
209,예천,2015-05,3종,428
209,예천,2015-05,4종,248
209,예천,2015-05,5종,934
209,예천,2015-05,6종,1125
210,영주,2015-05,1종,159487
210,영주,2015-05,2종,5015
210,영주,2015-05,3종,7927
210,영주,2015-05,4종,3707
210,영주,2015-05,5종,12140
210,영주,2015-05,6종,5395
211,풍기,2015-05,1종,243653
211,풍기,2015-05,2종,5326
211,풍기,2015-05,3종,16928
211,풍기,2015-05,4종,4633
211,풍기,2015-05,5종,9043
211,풍기,2015-05,6종,8423
212,북수원,2015-05,1종,1417405
212,북수원,2015-05,2종,40244
212,북수원,2015-05,3종,59666
212,북수원,2015-05,4종,24101
212,북수원,2015-05,5종,17854
212,북수원,2015-05,6종,84060
213,부곡,2015-05,1종,392696
213,부곡,2015-05,2종,11290
213,부곡,2015-05,3종,9157
213,부곡,2015-05,4종,16065
213,부곡,2015-05,5종,63695
213,부곡,2015-05,6종,27320
214,동군포,2015-05,1종,240813
214,동군포,2015-05,2종,24359
214,동군포,2015-05,3종,16644
214,동군포,2015-05,4종,32660
214,동군포,2015-05,5종,17441
214,동군포,2015-05,6종,18082
215,군포,2015-05,1종,1058195
215,군포,2015-05,2종,46576
215,군포,2015-05,3종,42720
215,군포,2015-05,4종,18425
215,군포,2015-05,5종,28468
215,군포,2015-05,6종,78378
216,횡성,2015-05,1종,217974
216,횡성,2015-05,2종,7289
216,횡성,2015-05,3종,10883
216,횡성,2015-05,4종,4762
216,횡성,2015-05,5종,7181
216,횡성,2015-05,6종,10668
217,북원주,2015-05,1종,79946
217,북원주,2015-05,2종,5952
217,북원주,2015-05,3종,4590
217,북원주,2015-05,4종,2256
217,북원주,2015-05,5종,3692
217,북원주,2015-05,6종,5153
218,남원주,2015-05,1종,607096
218,남원주,2015-05,2종,16300
218,남원주,2015-05,3종,30407
218,남원주,2015-05,4종,8329
218,남원주,2015-05,5종,9129
218,남원주,2015-05,6종,31440
219,신림,2015-05,1종,137790
219,신림,2015-05,2종,3050
219,신림,2015-05,3종,4008
219,신림,2015-05,4종,4051
219,신림,2015-05,5종,7842
219,신림,2015-05,6종,5162
220,덕평휴게소,2015-05,1종,6485
220,덕평휴게소,2015-05,2종,126
220,덕평휴게소,2015-05,3종,45
220,덕평휴게소,2015-05,4종,0
220,덕평휴게소,2015-05,5종,0
220,덕평휴게소,2015-05,6종,518
221,생초,2015-05,1종,71177
221,생초,2015-05,2종,2319
221,생초,2015-05,3종,4509
221,생초,2015-05,4종,2607
221,생초,2015-05,5종,8708
221,생초,2015-05,6종,2513
222,산청,2015-05,1종,96213
222,산청,2015-05,2종,2146
222,산청,2015-05,3종,5528
222,산청,2015-05,4종,1388
222,산청,2015-05,5종,1629
222,산청,2015-05,6종,3517
223,단성,2015-05,1종,131540
223,단성,2015-05,2종,2895
223,단성,2015-05,3종,8894
223,단성,2015-05,4종,3576
223,단성,2015-05,5종,4183
223,단성,2015-05,6종,4790
224,함양,2015-05,1종,118672
224,함양,2015-05,2종,3375
224,함양,2015-05,3종,8088
224,함양,2015-05,4종,1575
224,함양,2015-05,5종,2377
224,함양,2015-05,6종,5148
225,서진주,2015-05,1종,358433
225,서진주,2015-05,2종,8328
225,서진주,2015-05,3종,8817
225,서진주,2015-05,4종,5073
225,서진주,2015-05,5종,9469
225,서진주,2015-05,6종,20540
227,군산,2015-05,1종,354982
227,군산,2015-05,2종,9049
227,군산,2015-05,3종,19741
227,군산,2015-05,4종,13897
227,군산,2015-05,5종,36918
227,군산,2015-05,6종,11089
228,동군산,2015-05,1종,313078
228,동군산,2015-05,2종,9506
228,동군산,2015-05,3종,17620
228,동군산,2015-05,4종,9840
228,동군산,2015-05,5종,20847
228,동군산,2015-05,6종,8978
229,북천안,2015-05,1종,394519
229,북천안,2015-05,2종,28081
229,북천안,2015-05,3종,37857
229,북천안,2015-05,4종,41265
229,북천안,2015-05,5종,42708
229,북천안,2015-05,6종,22247
230,팔공산,2015-05,1종,747229
230,팔공산,2015-05,2종,25278
230,팔공산,2015-05,3종,17168
230,팔공산,2015-05,4종,9226
230,팔공산,2015-05,5종,10065
230,팔공산,2015-05,6종,35122
231,화원옥포,2015-05,1종,660897
231,화원옥포,2015-05,2종,34085
231,화원옥포,2015-05,3종,22399
231,화원옥포,2015-05,4종,12070
231,화원옥포,2015-05,5종,14187
231,화원옥포,2015-05,6종,34009
232,달성,2015-05,1종,315246
232,달성,2015-05,2종,18850
232,달성,2015-05,3종,22292
232,달성,2015-05,4종,6303
232,달성,2015-05,5종,6742
232,달성,2015-05,6종,21452
233,현풍,2015-05,1종,428139
233,현풍,2015-05,2종,31116
233,현풍,2015-05,3종,29583
233,현풍,2015-05,4종,25783
233,현풍,2015-05,5종,36191
233,현풍,2015-05,6종,20447
234,서천,2015-05,1종,136576
234,서천,2015-05,2종,3825
234,서천,2015-05,3종,5795
234,서천,2015-05,4종,4604
234,서천,2015-05,5종,6454
234,서천,2015-05,6종,4589
235,창녕,2015-05,1종,176188
235,창녕,2015-05,2종,7041
235,창녕,2015-05,3종,9671
235,창녕,2015-05,4종,4098
235,창녕,2015-05,5종,8960
235,창녕,2015-05,6종,8946
236,영산,2015-05,1종,168307
236,영산,2015-05,2종,10484
236,영산,2015-05,3종,11428
236,영산,2015-05,4종,8332
236,영산,2015-05,5종,8695
236,영산,2015-05,6종,7495
237,남지,2015-05,1종,155036
237,남지,2015-05,2종,8148
237,남지,2015-05,3종,13445
237,남지,2015-05,4종,8014
237,남지,2015-05,5종,12610
237,남지,2015-05,6종,10948
238,칠서,2015-05,1종,227959
238,칠서,2015-05,2종,25881
238,칠서,2015-05,3종,16583
238,칠서,2015-05,4종,22855
238,칠서,2015-05,5종,36325
238,칠서,2015-05,6종,15201
239,칠원,2015-05,1종,630798
239,칠원,2015-05,2종,24120
239,칠원,2015-05,3종,49738
239,칠원,2015-05,4종,32340
239,칠원,2015-05,5종,34875
239,칠원,2015-05,6종,32056
240,제천,2015-05,1종,560757
240,제천,2015-05,2종,13767
240,제천,2015-05,3종,30491
240,제천,2015-05,4종,13092
240,제천,2015-05,5종,21774
240,제천,2015-05,6종,22358
241,동고령,2015-05,1종,332813
241,동고령,2015-05,2종,19732
241,동고령,2015-05,3종,18844
241,동고령,2015-05,4종,17586
241,동고령,2015-05,5종,16924
241,동고령,2015-05,6종,14553
242,고령,2015-05,1종,263161
242,고령,2015-05,2종,11287
242,고령,2015-05,3종,10908
242,고령,2015-05,4종,6744
242,고령,2015-05,5종,24424
242,고령,2015-05,6종,10147
243,해인사,2015-05,1종,135094
243,해인사,2015-05,2종,3258
243,해인사,2015-05,3종,3695
243,해인사,2015-05,4종,1035
243,해인사,2015-05,5종,7474
243,해인사,2015-05,6종,5575
244,서부산,2015-05,1종,1644993
244,서부산,2015-05,2종,46424
244,서부산,2015-05,3종,84961
244,서부산,2015-05,4종,36202
244,서부산,2015-05,5종,81984
244,서부산,2015-05,6종,91757
245,장유,2015-05,1종,1495286
245,장유,2015-05,2종,41023
245,장유,2015-05,3종,60209
245,장유,2015-05,4종,26855
245,장유,2015-05,5종,33246
245,장유,2015-05,6종,102641
246,가락,2015-05,1종,53925
246,가락,2015-05,2종,6637
246,가락,2015-05,3종,6896
246,가락,2015-05,4종,16130
246,가락,2015-05,5종,46294
246,가락,2015-05,6종,2310
247,남원,2015-05,1종,178231
247,남원,2015-05,2종,6019
247,남원,2015-05,3종,10369
247,남원,2015-05,4종,3614
247,남원,2015-05,5종,15758
247,남원,2015-05,6종,6410
248,순창,2015-05,1종,150432
248,순창,2015-05,2종,4094
248,순창,2015-05,3종,5668
248,순창,2015-05,4종,2635
248,순창,2015-05,5종,5837
248,순창,2015-05,6종,5506
249,담양,2015-05,1종,233115
249,담양,2015-05,2종,4698
249,담양,2015-05,3종,15582
249,담양,2015-05,4종,2771
249,담양,2015-05,5종,5552
249,담양,2015-05,6종,7620
250,남양산,2015-05,1종,1179901
250,남양산,2015-05,2종,49857
250,남양산,2015-05,3종,44513
250,남양산,2015-05,4종,24869
250,남양산,2015-05,5종,35510
250,남양산,2015-05,6종,87437
251,물금,2015-05,1종,495750
251,물금,2015-05,2종,41081
251,물금,2015-05,3종,19252
251,물금,2015-05,4종,38472
251,물금,2015-05,5종,61675
251,물금,2015-05,6종,34882
252,대동,2015-05,1종,1986997
252,대동,2015-05,2종,107271
252,대동,2015-05,3종,86402
252,대동,2015-05,4종,74747
252,대동,2015-05,5종,212651
252,대동,2015-05,6종,97694
253,서서울,2015-05,1종,5448493
253,서서울,2015-05,2종,200573
253,서서울,2015-05,3종,180692
253,서서울,2015-05,4종,137025
253,서서울,2015-05,5종,122523
253,서서울,2015-05,6종,320886
254,군자,2015-05,1종,2550742
254,군자,2015-05,2종,109722
254,군자,2015-05,3종,113919
254,군자,2015-05,4종,80931
254,군자,2015-05,5종,157796
254,군자,2015-05,6종,173819
255,서안산,2015-05,1종,1755955
255,서안산,2015-05,2종,96533
255,서안산,2015-05,3종,67151
255,서안산,2015-05,4종,49515
255,서안산,2015-05,5종,55443
255,서안산,2015-05,6종,133350
256,안산,2015-05,1종,915931
256,안산,2015-05,2종,24666
256,안산,2015-05,3종,22930
256,안산,2015-05,4종,6534
256,안산,2015-05,5종,7526
256,안산,2015-05,6종,70314
257,홍성,2015-05,1종,318603
257,홍성,2015-05,2종,5591
257,홍성,2015-05,3종,12615
257,홍성,2015-05,4종,4090
257,홍성,2015-05,5종,4824
257,홍성,2015-05,6종,11186
258,광천,2015-05,1종,160829
258,광천,2015-05,2종,6315
258,광천,2015-05,3종,9166
258,광천,2015-05,4종,6395
258,광천,2015-05,5종,11623
258,광천,2015-05,6종,5832
259,대천,2015-05,1종,303775
259,대천,2015-05,2종,6898
259,대천,2015-05,3종,13238
259,대천,2015-05,4종,4126
259,대천,2015-05,5종,4741
259,대천,2015-05,6종,10886
260,춘장대,2015-05,1종,91443
260,춘장대,2015-05,2종,1755
260,춘장대,2015-05,3종,2071
260,춘장대,2015-05,4종,1073
260,춘장대,2015-05,5종,2214
260,춘장대,2015-05,6종,2554
261,동광주,2015-05,1종,1243526
261,동광주,2015-05,2종,29753
261,동광주,2015-05,3종,64445
261,동광주,2015-05,4종,23898
261,동광주,2015-05,5종,47022
261,동광주,2015-05,6종,41566
262,창평,2015-05,1종,126272
262,창평,2015-05,2종,4931
262,창평,2015-05,3종,3604
262,창평,2015-05,4종,2729
262,창평,2015-05,5종,2367
262,창평,2015-05,6종,3979
263,옥과,2015-05,1종,241070
263,옥과,2015-05,2종,4737
263,옥과,2015-05,3종,11088
263,옥과,2015-05,4종,4001
263,옥과,2015-05,5종,4458
263,옥과,2015-05,6종,9745
264,동남원,2015-05,1종,56250
264,동남원,2015-05,2종,1993
264,동남원,2015-05,3종,2961
264,동남원,2015-05,4종,1258
264,동남원,2015-05,5종,1820
264,동남원,2015-05,6종,1973
265,곡성,2015-05,1종,245001
265,곡성,2015-05,2종,4368
265,곡성,2015-05,3종,6740
265,곡성,2015-05,4종,2350
265,곡성,2015-05,5종,7573
265,곡성,2015-05,6종,8925
266,석곡,2015-05,1종,57506
266,석곡,2015-05,2종,1348
266,석곡,2015-05,3종,2129
266,석곡,2015-05,4종,679
266,석곡,2015-05,5종,1942
266,석곡,2015-05,6종,2020
267,주암송광사,2015-05,1종,145934
267,주암송광사,2015-05,2종,3567
267,주암송광사,2015-05,3종,4108
267,주암송광사,2015-05,4종,3578
267,주암송광사,2015-05,5종,4695
267,주암송광사,2015-05,6종,4622
268,승주,2015-05,1종,81550
268,승주,2015-05,2종,1327
268,승주,2015-05,3종,2436
268,승주,2015-05,4종,833
268,승주,2015-05,5종,1124
268,승주,2015-05,6종,3531
269,지리산,2015-05,1종,75699
269,지리산,2015-05,2종,1914
269,지리산,2015-05,3종,5864
269,지리산,2015-05,4종,1914
269,지리산,2015-05,5종,2395
269,지리산,2015-05,6종,2042
270,서순천,2015-05,1종,181876
270,서순천,2015-05,2종,5763
270,서순천,2015-05,3종,11583
270,서순천,2015-05,4종,2693
270,서순천,2015-05,5종,4350
270,서순천,2015-05,6종,6532
271,순천,2015-05,1종,663461
271,순천,2015-05,2종,16034
271,순천,2015-05,3종,20331
271,순천,2015-05,4종,10196
271,순천,2015-05,5종,34899
271,순천,2015-05,6종,22402
272,광양,2015-05,1종,376865
272,광양,2015-05,2종,10560
272,광양,2015-05,3종,29713
272,광양,2015-05,4종,16601
272,광양,2015-05,5종,54038
272,광양,2015-05,6종,12331
273,동광양,2015-05,1종,162364
273,동광양,2015-05,2종,2766
273,동광양,2015-05,3종,3747
273,동광양,2015-05,4종,4332
273,동광양,2015-05,5종,24453
273,동광양,2015-05,6종,7265
274,가조,2015-05,1종,69760
274,가조,2015-05,2종,2446
274,가조,2015-05,3종,2831
274,가조,2015-05,4종,1747
274,가조,2015-05,5종,1942
274,가조,2015-05,6종,4074
275,옥곡,2015-05,1종,201181
275,옥곡,2015-05,2종,5023
275,옥곡,2015-05,3종,12799
275,옥곡,2015-05,4종,8997
275,옥곡,2015-05,5종,36781
275,옥곡,2015-05,6종,8121
276,진월,2015-05,1종,93107
276,진월,2015-05,2종,2280
276,진월,2015-05,3종,2473
276,진월,2015-05,4종,7913
276,진월,2015-05,5종,40294
276,진월,2015-05,6종,3361
277,하동,2015-05,1종,267882
277,하동,2015-05,2종,5806
277,하동,2015-05,3종,11166
277,하동,2015-05,4종,12684
277,하동,2015-05,5종,39331
277,하동,2015-05,6종,11496
278,진교,2015-05,1종,200937
278,진교,2015-05,2종,4227
278,진교,2015-05,3종,13753
278,진교,2015-05,4종,1484
278,진교,2015-05,5종,3371
278,진교,2015-05,6종,10454
279,곤양,2015-05,1종,145156
279,곤양,2015-05,2종,3676
279,곤양,2015-05,3종,7063
279,곤양,2015-05,4종,3807
279,곤양,2015-05,5종,8776
279,곤양,2015-05,6종,6521
280,거창,2015-05,1종,184453
280,거창,2015-05,2종,7677
280,거창,2015-05,3종,14701
280,거창,2015-05,4종,3379
280,거창,2015-05,5종,5244
280,거창,2015-05,6종,9055
281,매송,2015-05,1종,538764
281,매송,2015-05,2종,23346
281,매송,2015-05,3종,24827
281,매송,2015-05,4종,11681
281,매송,2015-05,5종,18738
281,매송,2015-05,6종,31346
282,비봉,2015-05,1종,823690
282,비봉,2015-05,2종,45121
282,비봉,2015-05,3종,33159
282,비봉,2015-05,4종,19547
282,비봉,2015-05,5종,34641
282,비봉,2015-05,6종,49630
283,발안,2015-05,1종,474548
283,발안,2015-05,2종,28280
283,발안,2015-05,3종,25943
283,발안,2015-05,4종,19023
283,발안,2015-05,5종,18850
283,발안,2015-05,6종,29808
284,남양양,2015-05,1종,73028
284,남양양,2015-05,2종,1631
284,남양양,2015-05,3종,3025
284,남양양,2015-05,4종,550
284,남양양,2015-05,5종,1595
284,남양양,2015-05,6종,2374
285,서평택,2015-05,1종,657173
285,서평택,2015-05,2종,36750
285,서평택,2015-05,3종,51266
285,서평택,2015-05,4종,65309
285,서평택,2015-05,5종,119999
285,서평택,2015-05,6종,35900
286,통도사휴게소,2015-05,1종,42199
286,통도사휴게소,2015-05,2종,359
286,통도사휴게소,2015-05,3종,1804
286,통도사휴게소,2015-05,4종,0
286,통도사휴게소,2015-05,5종,0
286,통도사휴게소,2015-05,6종,1864
287,송악,2015-05,1종,526144
287,송악,2015-05,2종,17035
287,송악,2015-05,3종,23691
287,송악,2015-05,4종,25327
287,송악,2015-05,5종,111273
287,송악,2015-05,6종,24182
288,당진,2015-05,1종,496570
288,당진,2015-05,2종,16871
288,당진,2015-05,3종,28951
288,당진,2015-05,4종,15442
288,당진,2015-05,5종,38878
288,당진,2015-05,6종,22145
289,마산,2015-05,1종,992847
289,마산,2015-05,2종,29186
289,마산,2015-05,3종,47090
289,마산,2015-05,4종,15318
289,마산,2015-05,5종,20381
289,마산,2015-05,6종,62191
290,축동,2015-05,1종,53393
290,축동,2015-05,2종,3111
290,축동,2015-05,3종,1896
290,축동,2015-05,4종,4721
290,축동,2015-05,5종,8204
290,축동,2015-05,6종,2910
291,사천,2015-05,1종,791009
291,사천,2015-05,2종,29606
291,사천,2015-05,3종,34891
291,사천,2015-05,4종,15867
291,사천,2015-05,5종,26019
291,사천,2015-05,6종,48742
292,진주,2015-05,1종,732536
292,진주,2015-05,2종,23165
292,진주,2015-05,3종,51207
292,진주,2015-05,4종,12439
292,진주,2015-05,5종,24801
292,진주,2015-05,6종,47440
293,문산,2015-05,1종,345873
293,문산,2015-05,2종,12263
293,문산,2015-05,3종,9354
293,문산,2015-05,4종,6703
293,문산,2015-05,5종,9494
293,문산,2015-05,6종,21456
294,북창원,2015-05,1종,264951
294,북창원,2015-05,2종,8863
294,북창원,2015-05,3종,6082
294,북창원,2015-05,4종,8954
294,북창원,2015-05,5종,10569
294,북창원,2015-05,6종,14523
295,진성,2015-05,1종,162270
295,진성,2015-05,2종,8392
295,진성,2015-05,3종,7781
295,진성,2015-05,4종,5958
295,진성,2015-05,5종,13041
295,진성,2015-05,6종,7982
296,지수,2015-05,1종,58751
296,지수,2015-05,2종,2861
296,지수,2015-05,3종,2641
296,지수,2015-05,4종,1324
296,지수,2015-05,5종,4606
296,지수,2015-05,6종,3859
297,동충주,2015-05,1종,311153
297,동충주,2015-05,2종,9553
297,동충주,2015-05,3종,17564
297,동충주,2015-05,4종,16383
297,동충주,2015-05,5종,51678
297,동충주,2015-05,6종,10486
298,서산,2015-05,1종,651725
298,서산,2015-05,2종,17000
298,서산,2015-05,3종,35953
298,서산,2015-05,4종,23935
298,서산,2015-05,5종,40286
298,서산,2015-05,6종,25928
299,해미,2015-05,1종,180900
299,해미,2015-05,2종,6138
299,해미,2015-05,3종,11261
299,해미,2015-05,4종,6623
299,해미,2015-05,5종,10960
299,해미,2015-05,6종,7287
500,남여주,2015-05,1종,209076
500,남여주,2015-05,2종,6727
500,남여주,2015-05,3종,9527
500,남여주,2015-05,4종,8044
500,남여주,2015-05,5종,12971
500,남여주,2015-05,6종,8485
501,서김제,2015-05,1종,61557
501,서김제,2015-05,2종,2699
501,서김제,2015-05,3종,4448
501,서김제,2015-05,4종,2437
501,서김제,2015-05,5종,2659
501,서김제,2015-05,6종,1616
502,부안,2015-05,1종,132645
502,부안,2015-05,2종,4854
502,부안,2015-05,3종,9831
502,부안,2015-05,4종,3088
502,부안,2015-05,5종,4258
502,부안,2015-05,6종,3698
503,줄포,2015-05,1종,96126
503,줄포,2015-05,2종,2502
503,줄포,2015-05,3종,4261
503,줄포,2015-05,4종,956
503,줄포,2015-05,5종,1108
503,줄포,2015-05,6종,2256
504,선운산,2015-05,1종,148742
504,선운산,2015-05,2종,4365
504,선운산,2015-05,3종,9879
504,선운산,2015-05,4종,6491
504,선운산,2015-05,5종,5315
504,선운산,2015-05,6종,3801
505,고창,2015-05,1종,123274
505,고창,2015-05,2종,3901
505,고창,2015-05,3종,4885
505,고창,2015-05,4종,1538
505,고창,2015-05,5종,1540
505,고창,2015-05,6종,3396
506,영광,2015-05,1종,103386
506,영광,2015-05,2종,4274
506,영광,2015-05,3종,7787
506,영광,2015-05,4종,2470
506,영광,2015-05,5종,2134
506,영광,2015-05,6종,2606
507,함평,2015-05,1종,81322
507,함평,2015-05,2종,2620
507,함평,2015-05,3종,7560
507,함평,2015-05,4종,3628
507,함평,2015-05,5종,4792
507,함평,2015-05,6종,2291
508,무안,2015-05,1종,218347
508,무안,2015-05,2종,5742
508,무안,2015-05,3종,8336
508,무안,2015-05,4종,5042
508,무안,2015-05,5종,5506
508,무안,2015-05,6종,6669
509,목포,2015-05,1종,884931
509,목포,2015-05,2종,22881
509,목포,2015-05,3종,41653
509,목포,2015-05,4종,24010
509,목포,2015-05,5종,38199
509,목포,2015-05,6종,26332
510,양양,2015-05,1종,100600
510,양양,2015-05,2종,2673
510,양양,2015-05,3종,4142
510,양양,2015-05,4종,1566
510,양양,2015-05,5종,4610
510,양양,2015-05,6종,3740
511,무창포,2015-05,1종,111072
511,무창포,2015-05,2종,2814
511,무창포,2015-05,3종,3458
511,무창포,2015-05,4종,2335
511,무창포,2015-05,5종,6153
511,무창포,2015-05,6종,3234
512,연화산,2015-05,1종,45636
512,연화산,2015-05,2종,1512
512,연화산,2015-05,3종,1193
512,연화산,2015-05,4종,1201
512,연화산,2015-05,5종,2265
512,연화산,2015-05,6종,2927
513,고성,2015-05,1종,430216
513,고성,2015-05,2종,13054
513,고성,2015-05,3종,19281
513,고성,2015-05,4종,9533
513,고성,2015-05,5종,15227
513,고성,2015-05,6종,23391
514,동고성,2015-05,1종,103596
514,동고성,2015-05,2종,3906
514,동고성,2015-05,3종,5856
514,동고성,2015-05,4종,7646
514,동고성,2015-05,5종,12600
514,동고성,2015-05,6종,8631
515,북통영,2015-05,1종,179756
515,북통영,2015-05,2종,4128
515,북통영,2015-05,3종,13672
515,북통영,2015-05,4종,1586
515,북통영,2015-05,5종,2162
515,북통영,2015-05,6종,10163
516,통영,2015-05,1종,716372
516,통영,2015-05,2종,18568
516,통영,2015-05,3종,32087
516,통영,2015-05,4종,16379
516,통영,2015-05,5종,22150
516,통영,2015-05,6종,35083
517,양평,2015-05,1종,232299
517,양평,2015-05,2종,7061
517,양평,2015-05,3종,8942
517,양평,2015-05,4종,5838
517,양평,2015-05,5종,7022
517,양평,2015-05,6종,8751
518,칠곡물류,2015-05,1종,66991
518,칠곡물류,2015-05,2종,15679
518,칠곡물류,2015-05,3종,9090
518,칠곡물류,2015-05,4종,15447
518,칠곡물류,2015-05,5종,14017
518,칠곡물류,2015-05,6종,3388
519,남대구,2015-05,1종,1485834
519,남대구,2015-05,2종,59382
519,남대구,2015-05,3종,71763
519,남대구,2015-05,4종,25858
519,남대구,2015-05,5종,37143
519,남대구,2015-05,6종,75958
520,평택,2015-05,1종,697915
520,평택,2015-05,2종,30834
520,평택,2015-05,3종,50212
520,평택,2015-05,4종,22295
520,평택,2015-05,5종,28780
520,평택,2015-05,6종,39468
521,단양,2015-05,1종,99950
521,단양,2015-05,2종,2039
521,단양,2015-05,3종,5501
521,단양,2015-05,4종,1946
521,단양,2015-05,5종,12784
521,단양,2015-05,6종,3479
522,북단양,2015-05,1종,132716
522,북단양,2015-05,2종,2609
522,북단양,2015-05,3종,5701
522,북단양,2015-05,4종,11639
522,북단양,2015-05,5종,35449
522,북단양,2015-05,6종,4887
523,남제천,2015-05,1종,99259
523,남제천,2015-05,2종,2409
523,남제천,2015-05,3종,4630
523,남제천,2015-05,4종,1371
523,남제천,2015-05,5종,3960
523,남제천,2015-05,6종,3121
524,청통와촌,2015-05,1종,279904
524,청통와촌,2015-05,2종,11971
524,청통와촌,2015-05,3종,7787
524,청통와촌,2015-05,4종,4749
524,청통와촌,2015-05,5종,5583
524,청통와촌,2015-05,6종,10967
525,북영천,2015-05,1종,233952
525,북영천,2015-05,2종,7738
525,북영천,2015-05,3종,6023
525,북영천,2015-05,4종,3682
525,북영천,2015-05,5종,6311
525,북영천,2015-05,6종,7320
526,서포항,2015-05,1종,128698
526,서포항,2015-05,2종,2512
526,서포항,2015-05,3종,2699
526,서포항,2015-05,4종,1122
526,서포항,2015-05,5종,2349
526,서포항,2015-05,6종,7627
527,포항,2015-05,1종,874560
527,포항,2015-05,2종,18637
527,포항,2015-05,3종,33313
527,포항,2015-05,4종,10769
527,포항,2015-05,5종,40857
527,포항,2015-05,6종,34097
528,기흥동탄,2015-05,1종,1122716
528,기흥동탄,2015-05,2종,28077
528,기흥동탄,2015-05,3종,73633
528,기흥동탄,2015-05,4종,18256
528,기흥동탄,2015-05,5종,17511
528,기흥동탄,2015-05,6종,65367
529,노포,2015-05,1종,288228
529,노포,2015-05,2종,13587
529,노포,2015-05,3종,43722
529,노포,2015-05,4종,7571
529,노포,2015-05,5종,11595
529,노포,2015-05,6종,14808
530,내장산,2015-05,1종,54097
530,내장산,2015-05,2종,1623
530,내장산,2015-05,3종,1302
530,내장산,2015-05,4종,679
530,내장산,2015-05,5종,635
530,내장산,2015-05,6종,2195
531,문의청남대,2015-05,1종,216648
531,문의청남대,2015-05,2종,6547
531,문의청남대,2015-05,3종,11227
531,문의청남대,2015-05,4종,6455
531,문의청남대,2015-05,5종,7844
531,문의청남대,2015-05,6종,8881
532,회인,2015-05,1종,57000
532,회인,2015-05,2종,1152
532,회인,2015-05,3종,1102
532,회인,2015-05,4종,810
532,회인,2015-05,5종,1011
532,회인,2015-05,6종,2296
533,보은,2015-05,1종,141570
533,보은,2015-05,2종,4686
533,보은,2015-05,3종,5764
533,보은,2015-05,4종,2876
533,보은,2015-05,5종,3302
533,보은,2015-05,6종,6670
534,속리산,2015-05,1종,72815
534,속리산,2015-05,2종,2113
534,속리산,2015-05,3종,3151
534,속리산,2015-05,4종,1597
534,속리산,2015-05,5종,1861
534,속리산,2015-05,6종,2847
535,화서,2015-05,1종,63260
535,화서,2015-05,2종,1665
535,화서,2015-05,3종,2172
535,화서,2015-05,4종,980
535,화서,2015-05,5종,2478
535,화서,2015-05,6종,2654
536,남상주,2015-05,1종,136938
536,남상주,2015-05,2종,4665
536,남상주,2015-05,3종,11174
536,남상주,2015-05,4종,5994
536,남상주,2015-05,5종,4265
536,남상주,2015-05,6종,5109
537,남김천,2015-05,1종,88325
537,남김천,2015-05,2종,5002
537,남김천,2015-05,3종,5815
537,남김천,2015-05,4종,6249
537,남김천,2015-05,5종,11678
537,남김천,2015-05,6종,3228
538,성주,2015-05,1종,99640
538,성주,2015-05,2종,7117
538,성주,2015-05,3종,6811
538,성주,2015-05,4종,7142
538,성주,2015-05,5종,7087
538,성주,2015-05,6종,3701
539,남성주,2015-05,1종,60544
539,남성주,2015-05,2종,7353
539,남성주,2015-05,3종,3940
539,남성주,2015-05,4종,5556
539,남성주,2015-05,5종,7393
539,남성주,2015-05,6종,2409
540,청북,2015-05,1종,469492
540,청북,2015-05,2종,42104
540,청북,2015-05,3종,45872
540,청북,2015-05,4종,36435
540,청북,2015-05,5종,44304
540,청북,2015-05,6종,26499
541,송탄,2015-05,1종,416775
541,송탄,2015-05,2종,36676
541,송탄,2015-05,3종,36994
541,송탄,2015-05,4종,33553
541,송탄,2015-05,5종,25756
541,송탄,2015-05,6종,23361
542,서안성,2015-05,1종,401132
542,서안성,2015-05,2종,31161
542,서안성,2015-05,3종,44941
542,서안성,2015-05,4종,42037
542,서안성,2015-05,5종,30348
542,서안성,2015-05,6종,18329
543,남안성,2015-05,1종,592168
543,남안성,2015-05,2종,47385
543,남안성,2015-05,3종,48328
543,남안성,2015-05,4종,44077
543,남안성,2015-05,5종,43927
543,남안성,2015-05,6종,30352
544,완주,2015-05,1종,200012
544,완주,2015-05,2종,6360
544,완주,2015-05,3종,9606
544,완주,2015-05,4종,7504
544,완주,2015-05,5종,12273
544,완주,2015-05,6종,6837
545,소양,2015-05,1종,192421
545,소양,2015-05,2종,4598
545,소양,2015-05,3종,11159
545,소양,2015-05,4종,2872
545,소양,2015-05,5종,5363
545,소양,2015-05,6종,6388
546,진안,2015-05,1종,85020
546,진안,2015-05,2종,2512
546,진안,2015-05,3종,3932
546,진안,2015-05,4종,1293
546,진안,2015-05,5종,1267
546,진안,2015-05,6종,2699
547,무안공항,2015-05,1종,42114
547,무안공항,2015-05,2종,784
547,무안공항,2015-05,3종,1494
547,무안공항,2015-05,4종,306
547,무안공항,2015-05,5종,228
547,무안공항,2015-05,6종,1229
548,북무안,2015-05,1종,141256
548,북무안,2015-05,2종,4090
548,북무안,2015-05,3종,6903
548,북무안,2015-05,4종,3887
548,북무안,2015-05,5종,3158
548,북무안,2015-05,6종,3457
549,동함평,2015-05,1종,219222
549,동함평,2015-05,2종,4345
549,동함평,2015-05,3종,5816
549,동함평,2015-05,4종,1766
549,동함평,2015-05,5종,2551
549,동함평,2015-05,6종,8511
550,문평,2015-05,1종,43689
550,문평,2015-05,2종,962
550,문평,2015-05,3종,1250
550,문평,2015-05,4종,521
550,문평,2015-05,5종,3814
550,문평,2015-05,6종,1452
551,나주,2015-05,1종,57474
551,나주,2015-05,2종,1809
551,나주,2015-05,3종,1313
551,나주,2015-05,4종,853
551,나주,2015-05,5종,1292
551,나주,2015-05,6종,2692
552,서광산,2015-05,1종,140205
552,서광산,2015-05,2종,6332
552,서광산,2015-05,3종,7973
552,서광산,2015-05,4종,3540
552,서광산,2015-05,5종,6302
552,서광산,2015-05,6종,4096
553,동광산,2015-05,1종,983209
553,동광산,2015-05,2종,19432
553,동광산,2015-05,3종,31318
553,동광산,2015-05,4종,11185
553,동광산,2015-05,5종,20431
553,동광산,2015-05,6종,32694
554,동홍천,2015-05,1종,540005
554,동홍천,2015-05,2종,5925
554,동홍천,2015-05,3종,22969
554,동홍천,2015-05,4종,3144
554,동홍천,2015-05,5종,3238
554,동홍천,2015-05,6종,20716
555,북진천,2015-05,1종,338412
555,북진천,2015-05,2종,34584
555,북진천,2015-05,3종,34646
555,북진천,2015-05,4종,28091
555,북진천,2015-05,5종,27059
555,북진천,2015-05,6종,15428
556,동순천,2015-05,1종,336111
556,동순천,2015-05,2종,6626
556,동순천,2015-05,3종,20313
556,동순천,2015-05,4종,12455
556,동순천,2015-05,5종,38424
556,동순천,2015-05,6종,9409
557,황전,2015-05,1종,105507
557,황전,2015-05,2종,1863
557,황전,2015-05,3종,2953
557,황전,2015-05,4종,1067
557,황전,2015-05,5종,3184
557,황전,2015-05,6종,3735
558,구례화엄사,2015-05,1종,117024
558,구례화엄사,2015-05,2종,2844
558,구례화엄사,2015-05,3종,6413
558,구례화엄사,2015-05,4종,3128
558,구례화엄사,2015-05,5종,5254
558,구례화엄사,2015-05,6종,3419
559,서남원,2015-05,1종,83065
559,서남원,2015-05,2종,2972
559,서남원,2015-05,3종,4069
559,서남원,2015-05,4종,2367
559,서남원,2015-05,5종,7164
559,서남원,2015-05,6종,2763
560,감곡,2015-05,1종,355562
560,감곡,2015-05,2종,13413
560,감곡,2015-05,3종,18951
560,감곡,2015-05,4종,19901
560,감곡,2015-05,5종,41715
560,감곡,2015-05,6종,12697
561,북충주,2015-05,1종,162457
561,북충주,2015-05,2종,4267
561,북충주,2015-05,3종,8120
561,북충주,2015-05,4종,3166
561,북충주,2015-05,5종,4306
561,북충주,2015-05,6종,5504
562,충주,2015-05,1종,204087
562,충주,2015-05,2종,7448
562,충주,2015-05,3종,14896
562,충주,2015-05,4종,9748
562,충주,2015-05,5종,9560
562,충주,2015-05,6종,7834
563,괴산,2015-05,1종,81589
563,괴산,2015-05,2종,2115
563,괴산,2015-05,3종,4200
563,괴산,2015-05,4종,3072
563,괴산,2015-05,5종,5932
563,괴산,2015-05,6종,2601
564,연풍,2015-05,1종,68807
564,연풍,2015-05,2종,2960
564,연풍,2015-05,3종,7926
564,연풍,2015-05,4종,5647
564,연풍,2015-05,5종,6506
564,연풍,2015-05,6종,2112
565,문경새재,2015-05,1종,118766
565,문경새재,2015-05,2종,3283
565,문경새재,2015-05,3종,7648
565,문경새재,2015-05,4종,4087
565,문경새재,2015-05,5종,4468
565,문경새재,2015-05,6종,3763
566,점촌함창,2015-05,1종,167690
566,점촌함창,2015-05,2종,4480
566,점촌함창,2015-05,3종,11032
566,점촌함창,2015-05,4종,5572
566,점촌함창,2015-05,5종,6891
566,점촌함창,2015-05,6종,5326
567,남고창,2015-05,1종,135070
567,남고창,2015-05,2종,3491
567,남고창,2015-05,3종,2926
567,남고창,2015-05,4종,1380
567,남고창,2015-05,5종,3277
567,남고창,2015-05,6종,5003
568,장성물류,2015-05,1종,45298
568,장성물류,2015-05,2종,7636
568,장성물류,2015-05,3종,4238
568,장성물류,2015-05,4종,8047
568,장성물류,2015-05,5종,9460
568,장성물류,2015-05,6종,1206
569,북광주,2015-05,1종,391005
569,북광주,2015-05,2종,19592
569,북광주,2015-05,3종,14574
569,북광주,2015-05,4종,18612
569,북광주,2015-05,5종,29071
569,북광주,2015-05,6종,12495
570,북상주,2015-05,1종,136055
570,북상주,2015-05,2종,7039
570,북상주,2015-05,3종,12678
570,북상주,2015-05,4종,12996
570,북상주,2015-05,5종,9323
570,북상주,2015-05,6종,4746
571,면천,2015-05,1종,109145
571,면천,2015-05,2종,3401
571,면천,2015-05,3종,4200
571,면천,2015-05,4종,3893
571,면천,2015-05,5종,6804
571,면천,2015-05,6종,4287
572,고덕,2015-05,1종,143375
572,고덕,2015-05,2종,3892
572,고덕,2015-05,3종,6706
572,고덕,2015-05,4종,3303
572,고덕,2015-05,5종,6095
572,고덕,2015-05,6종,5439
573,예산수덕사,2015-05,1종,368695
573,예산수덕사,2015-05,2종,10898
573,예산수덕사,2015-05,3종,13166
573,예산수덕사,2015-05,4종,10398
573,예산수덕사,2015-05,5종,13655
573,예산수덕사,2015-05,6종,13440
574,신양,2015-05,1종,95139
574,신양,2015-05,2종,2908
574,신양,2015-05,3종,2947
574,신양,2015-05,4종,2658
574,신양,2015-05,5종,3615
574,신양,2015-05,6종,3374
575,유구,2015-05,1종,119041
575,유구,2015-05,2종,3569
575,유구,2015-05,3종,4132
575,유구,2015-05,4종,4034
575,유구,2015-05,5종,5291
575,유구,2015-05,6종,4129
576,마곡사,2015-05,1종,58287
576,마곡사,2015-05,2종,1107
576,마곡사,2015-05,3종,1619
576,마곡사,2015-05,4종,889
576,마곡사,2015-05,5종,968
576,마곡사,2015-05,6종,2286
577,공주,2015-05,1종,198998
577,공주,2015-05,2종,7092
577,공주,2015-05,3종,9610
577,공주,2015-05,4종,2423
577,공주,2015-05,5종,3651
577,공주,2015-05,6종,8972
578,서세종,2015-05,1종,256646
578,서세종,2015-05,2종,11595
578,서세종,2015-05,3종,9944
578,서세종,2015-05,4종,5963
578,서세종,2015-05,5종,8655
578,서세종,2015-05,6종,10633
579,남세종,2015-05,1종,430527
579,남세종,2015-05,2종,8792
579,남세종,2015-05,3종,10147
579,남세종,2015-05,4종,4996
579,남세종,2015-05,5종,8035
579,남세종,2015-05,6종,22093
580,북강릉,2015-05,1종,223928
580,북강릉,2015-05,2종,5545
580,북강릉,2015-05,3종,9476
580,북강릉,2015-05,4종,2625
580,북강릉,2015-05,5종,6459
580,북강릉,2015-05,6종,9367
581,옥계,2015-05,1종,65114
581,옥계,2015-05,2종,2410
581,옥계,2015-05,3종,2896
581,옥계,2015-05,4종,3576
581,옥계,2015-05,5종,15244
581,옥계,2015-05,6종,3764
582,망상,2015-05,1종,131000
582,망상,2015-05,2종,3800
582,망상,2015-05,3종,15022
582,망상,2015-05,4종,1371
582,망상,2015-05,5종,2036
582,망상,2015-05,6종,7850
583,동해,2015-05,1종,378693
583,동해,2015-05,2종,11290
583,동해,2015-05,3종,17705
583,동해,2015-05,4종,9359
583,동해,2015-05,5종,26781
583,동해,2015-05,6종,17537
584,남강릉,2015-05,1종,128800
584,남강릉,2015-05,2종,7073
584,남강릉,2015-05,3종,9881
584,남강릉,2015-05,4종,3688
584,남강릉,2015-05,5종,4896
584,남강릉,2015-05,6종,8156
585,하조대,2015-05,1종,187106
585,하조대,2015-05,2종,4630
585,하조대,2015-05,3종,11126
585,하조대,2015-05,4종,2803
585,하조대,2015-05,5종,3530
585,하조대,2015-05,6종,7031
586,북남원,2015-05,1종,27566
586,북남원,2015-05,2종,848
586,북남원,2015-05,3종,907
586,북남원,2015-05,4종,357
586,북남원,2015-05,5종,2171
586,북남원,2015-05,6종,726
587,오수,2015-05,1종,181357
587,오수,2015-05,2종,5014
587,오수,2015-05,3종,9925
587,오수,2015-05,4종,3943
587,오수,2015-05,5종,6274
587,오수,2015-05,6종,5728
588,임실,2015-05,1종,60389
588,임실,2015-05,2종,2384
588,임실,2015-05,3종,3774
588,임실,2015-05,4종,1350
588,임실,2015-05,5종,3684
588,임실,2015-05,6종,1995
589,상관,2015-05,1종,196468
589,상관,2015-05,2종,4816
589,상관,2015-05,3종,10962
589,상관,2015-05,4종,5249
589,상관,2015-05,5종,26749
589,상관,2015-05,6종,5688
590,동전주,2015-05,1종,254324
590,동전주,2015-05,2종,3648
590,동전주,2015-05,3종,5771
590,동전주,2015-05,4종,2029
590,동전주,2015-05,5종,5064
590,동전주,2015-05,6종,9100
591,동서천,2015-05,1종,68550
591,동서천,2015-05,2종,1717
591,동서천,2015-05,3종,3262
591,동서천,2015-05,4종,2021
591,동서천,2015-05,5종,4043
591,동서천,2015-05,6종,2236
592,서부여,2015-05,1종,77056
592,서부여,2015-05,2종,2867
592,서부여,2015-05,3종,3090
592,서부여,2015-05,4종,1918
592,서부여,2015-05,5종,2136
592,서부여,2015-05,6종,3029
593,부여,2015-05,1종,101600
593,부여,2015-05,2종,2789
593,부여,2015-05,3종,4491
593,부여,2015-05,4종,2887
593,부여,2015-05,5종,2776
593,부여,2015-05,6종,3666
594,칠갑산,2015-05,1종,68954
594,칠갑산,2015-05,2종,1680
594,칠갑산,2015-05,3종,3144
594,칠갑산,2015-05,4종,1479
594,칠갑산,2015-05,5종,895
594,칠갑산,2015-05,6종,2377
595,서공주,2015-05,1종,75277
595,서공주,2015-05,2종,3083
595,서공주,2015-05,3종,3307
595,서공주,2015-05,4종,2280
595,서공주,2015-05,5종,3564
595,서공주,2015-05,6종,2694
596,가락2,2015-05,1종,63861
596,가락2,2015-05,2종,6207
596,가락2,2015-05,3종,5924
596,가락2,2015-05,4종,13774
596,가락2,2015-05,5종,53892
596,가락2,2015-05,6종,3983
597,서여주,2015-05,1종,154587
597,서여주,2015-05,2종,6669
597,서여주,2015-05,3종,7958
597,서여주,2015-05,4종,6442
597,서여주,2015-05,5종,6047
597,서여주,2015-05,6종,7621
598,북여주,2015-05,1종,97648
598,북여주,2015-05,2종,3298
598,북여주,2015-05,3종,2802
598,북여주,2015-05,4종,2101
598,북여주,2015-05,5종,3933
598,북여주,2015-05,6종,3975
599,양촌,2015-05,1종,36450
599,양촌,2015-05,2종,658
599,양촌,2015-05,3종,297
599,양촌,2015-05,4종,16
599,양촌,2015-05,5종,13
599,양촌,2015-05,6종,1279
601,남천안,2015-05,1종,329615
601,남천안,2015-05,2종,22327
601,남천안,2015-05,3종,25119
601,남천안,2015-05,4종,23721
601,남천안,2015-05,5종,19812
601,남천안,2015-05,6종,13215
602,풍세상,2015-05,1종,1547595
602,풍세상,2015-05,2종,39997
602,풍세상,2015-05,3종,162579
602,풍세상,2015-05,4종,75015
602,풍세상,2015-05,5종,68631
602,풍세상,2015-05,6종,67408
603,정안,2015-05,1종,289392
603,정안,2015-05,2종,8227
603,정안,2015-05,3종,28103
603,정안,2015-05,4종,11729
603,정안,2015-05,5종,9377
603,정안,2015-05,6종,11237
604,남공주,2015-05,1종,75547
604,남공주,2015-05,2종,2965
604,남공주,2015-05,3종,4754
604,남공주,2015-05,4종,2347
604,남공주,2015-05,5종,3843
604,남공주,2015-05,6종,2868
605,탄천,2015-05,1종,26166
605,탄천,2015-05,2종,1397
605,탄천,2015-05,3종,1233
605,탄천,2015-05,4종,1703
605,탄천,2015-05,5종,1555
605,탄천,2015-05,6종,1018
606,서논산,2015-05,1종,137535
606,서논산,2015-05,2종,5786
606,서논산,2015-05,3종,9863
606,서논산,2015-05,4종,7152
606,서논산,2015-05,5종,8146
606,서논산,2015-05,6종,5258
607,연무,2015-05,1종,74340
607,연무,2015-05,2종,2602
607,연무,2015-05,3종,3928
607,연무,2015-05,4종,2407
607,연무,2015-05,5종,3243
607,연무,2015-05,6종,2681
608,남논산하,2015-05,1종,951990
608,남논산하,2015-05,2종,21072
608,남논산하,2015-05,3종,110956
608,남논산하,2015-05,4종,36492
608,남논산하,2015-05,5종,53630
608,남논산하,2015-05,6종,36598
612,풍세하,2015-05,1종,1517686
612,풍세하,2015-05,2종,38412
612,풍세하,2015-05,3종,164766
612,풍세하,2015-05,4종,53926
612,풍세하,2015-05,5종,52944
612,풍세하,2015-05,6종,66356
613,남풍세,2015-05,1종,164926
613,남풍세,2015-05,2종,6748
613,남풍세,2015-05,3종,14268
613,남풍세,2015-05,4종,7169
613,남풍세,2015-05,5종,11899
613,남풍세,2015-05,6종,6821
618,남논산상,2015-05,1종,955252
618,남논산상,2015-05,2종,21454
618,남논산상,2015-05,3종,107816
618,남논산상,2015-05,4종,41788
618,남논산상,2015-05,5종,61678
618,남논산상,2015-05,6종,36104
621,동대구,2015-05,1종,807645
621,동대구,2015-05,2종,29347
621,동대구,2015-05,3종,38891
621,동대구,2015-05,4종,19779
621,동대구,2015-05,5종,25528
621,동대구,2015-05,6종,39188
622,대구,2015-05,1종,1212705
622,대구,2015-05,2종,43524
622,대구,2015-05,3종,70524
622,대구,2015-05,4종,48297
622,대구,2015-05,5종,83033
622,대구,2015-05,6종,62578
623,수성,2015-05,1종,791718
623,수성,2015-05,2종,18934
623,수성,2015-05,3종,16172
623,수성,2015-05,4종,7323
623,수성,2015-05,5종,7712
623,수성,2015-05,6종,35932
624,청도,2015-05,1종,231591
624,청도,2015-05,2종,8308
624,청도,2015-05,3종,7803
624,청도,2015-05,4종,5386
624,청도,2015-05,5종,8060
624,청도,2015-05,6종,10250
625,밀양,2015-05,1종,313156
625,밀양,2015-05,2종,12521
625,밀양,2015-05,3종,11791
625,밀양,2015-05,4종,8825
625,밀양,2015-05,5종,17140
625,밀양,2015-05,6종,13342
626,남밀양,2015-05,1종,386221
626,남밀양,2015-05,2종,19409
626,남밀양,2015-05,3종,17083
626,남밀양,2015-05,4종,12808
626,남밀양,2015-05,5종,20902
626,남밀양,2015-05,6종,21843
627,삼랑진,2015-05,1종,249294
627,삼랑진,2015-05,2종,9377
627,삼랑진,2015-05,3종,7656
627,삼랑진,2015-05,4종,5481
627,삼랑진,2015-05,5종,12092
627,삼랑진,2015-05,6종,14631
628,상동,2015-05,1종,214013
628,상동,2015-05,2종,21150
628,상동,2015-05,3종,14560
628,상동,2015-05,4종,20517
628,상동,2015-05,5종,25182
628,상동,2015-05,6종,12769
629,김해부산,2015-05,1종,1259240
629,김해부산,2015-05,2종,56086
629,김해부산,2015-05,3종,75424
629,김해부산,2015-05,4종,65126
629,김해부산,2015-05,5종,90212
629,김해부산,2015-05,6종,70234
641,울산,2015-05,1종,1216811
641,울산,2015-05,2종,42496
641,울산,2015-05,3종,69900
641,울산,2015-05,4종,41136
641,울산,2015-05,5종,107415
641,울산,2015-05,6종,58716
642,문수,2015-05,1종,124657
642,문수,2015-05,2종,4621
642,문수,2015-05,3종,5912
642,문수,2015-05,4종,7879
642,문수,2015-05,5종,19980
642,문수,2015-05,6종,7115
643,청량,2015-05,1종,553650
643,청량,2015-05,2종,11497
643,청량,2015-05,3종,13449
643,청량,2015-05,4종,17463
643,청량,2015-05,5종,66592
643,청량,2015-05,6종,33078
644,온양,2015-05,1종,185552
644,온양,2015-05,2종,3499
644,온양,2015-05,3종,2882
644,온양,2015-05,4종,2851
644,온양,2015-05,5종,11322
644,온양,2015-05,6종,12212
645,장안,2015-05,1종,342578
645,장안,2015-05,2종,6809
645,장안,2015-05,3종,5633
645,장안,2015-05,4종,5453
645,장안,2015-05,5종,14995
645,장안,2015-05,6종,22230
646,기장일광,2015-05,1종,296888
646,기장일광,2015-05,2종,2859
646,기장일광,2015-05,3종,3296
646,기장일광,2015-05,4종,1906
646,기장일광,2015-05,5종,5062
646,기장일광,2015-05,6종,16732
647,해운대송정,2015-05,1종,142377
647,해운대송정,2015-05,2종,1310
647,해운대송정,2015-05,3종,1192
647,해운대송정,2015-05,4종,550
647,해운대송정,2015-05,5종,2403
647,해운대송정,2015-05,6종,7927
648,해운대,2015-05,1종,794585
648,해운대,2015-05,2종,7952
648,해운대,2015-05,3종,9323
648,해운대,2015-05,4종,6232
648,해운대,2015-05,5종,34475
648,해운대,2015-05,6종,46316
651,남양주,2015-05,1종,1707919
651,남양주,2015-05,2종,35276
651,남양주,2015-05,3종,68270
651,남양주,2015-05,4종,15836
651,남양주,2015-05,5종,15093
651,남양주,2015-05,6종,88735
652,화도,2015-05,1종,975470
652,화도,2015-05,2종,30394
652,화도,2015-05,3종,36795
652,화도,2015-05,4종,14262
652,화도,2015-05,5종,12202
652,화도,2015-05,6종,65483
653,서종,2015-05,1종,218820
653,서종,2015-05,2종,2088
653,서종,2015-05,3종,1797
653,서종,2015-05,4종,1424
653,서종,2015-05,5종,1617
653,서종,2015-05,6종,12515
654,설악,2015-05,1종,264636
654,설악,2015-05,2종,3282
654,설악,2015-05,3종,5554
654,설악,2015-05,4종,2002
654,설악,2015-05,5종,2314
654,설악,2015-05,6종,12676
655,강촌,2015-05,1종,186297
655,강촌,2015-05,2종,2198
655,강촌,2015-05,3종,4821
655,강촌,2015-05,4종,2135
655,강촌,2015-05,5종,1514
655,강촌,2015-05,6종,7388
656,남춘천,2015-05,1종,190927
656,남춘천,2015-05,2종,2951
656,남춘천,2015-05,3종,11649
656,남춘천,2015-05,4종,2027
656,남춘천,2015-05,5종,3727
656,남춘천,2015-05,6종,9188
657,동산,2015-05,1종,748848
657,동산,2015-05,2종,10802
657,동산,2015-05,3종,32360
657,동산,2015-05,4종,7446
657,동산,2015-05,5종,8198
657,동산,2015-05,6종,37766
658,조양,2015-05,1종,35929
658,조양,2015-05,2종,505
658,조양,2015-05,3종,364
658,조양,2015-05,4종,1064
658,조양,2015-05,5종,519
658,조양,2015-05,6종,1298
671,봉담,2015-05,1종,1269863
671,봉담,2015-05,2종,54944
671,봉담,2015-05,3종,46442
671,봉담,2015-05,4종,19973
671,봉담,2015-05,5종,26115
671,봉담,2015-05,6종,95100
672,정남,2015-05,1종,341209
672,정남,2015-05,2종,18557
672,정남,2015-05,3종,14099
672,정남,2015-05,4종,7123
672,정남,2015-05,5종,4511
672,정남,2015-05,6종,26879
673,북오산,2015-05,1종,786779
673,북오산,2015-05,2종,26101
673,북오산,2015-05,3종,27667
673,북오산,2015-05,4종,21196
673,북오산,2015-05,5종,11555
673,북오산,2015-05,6종,57091
674,,2015-05,1종,878151
674,,2015-05,2종,37799
674,,2015-05,3종,63635
674,,2015-05,4종,19801
674,,2015-05,5종,22791
674,,2015-05,6종,60844
675,서오산,2015-05,1종,809401
675,서오산,2015-05,2종,24083
675,서오산,2015-05,3종,20042
675,서오산,2015-05,4종,13698
675,서오산,2015-05,5종,14067
675,서오산,2015-05,6종,55069
676,향남,2015-05,1종,529566
676,향남,2015-05,2종,34266
676,향남,2015-05,3종,24626
676,향남,2015-05,4종,26037
676,향남,2015-05,5종,16393
676,향남,2015-05,6종,42121
677,북평택,2015-05,1종,1033114
677,북평택,2015-05,2종,32444
677,북평택,2015-05,3종,47619
677,북평택,2015-05,4종,17490
677,북평택,2015-05,5종,28945
677,북평택,2015-05,6종,60938
681,장안본선,2015-05,1종,1048582
681,장안본선,2015-05,2종,69560
681,장안본선,2015-05,3종,127824
681,장안본선,2015-05,4종,88020
681,장안본선,2015-05,5종,157648
681,장안본선,2015-05,6종,57414
682,조암,2015-05,1종,310642
682,조암,2015-05,2종,33491
682,조암,2015-05,3종,31524
682,조암,2015-05,4종,21565
682,조암,2015-05,5종,22807
682,조암,2015-05,6종,18284
683,송산마도,2015-05,1종,566805
683,송산마도,2015-05,2종,33670
683,송산마도,2015-05,3종,25634
683,송산마도,2015-05,4종,20744
683,송산마도,2015-05,5종,34818
683,송산마도,2015-05,6종,33167
684,남안산,2015-05,1종,671888
684,남안산,2015-05,2종,64693
684,남안산,2015-05,3종,57034
684,남안산,2015-05,4종,46428
684,남안산,2015-05,5종,66376
684,남안산,2015-05,6종,46974
685,서시흥,2015-05,1종,1151918
685,서시흥,2015-05,2종,63534
685,서시흥,2015-05,3종,99871
685,서시흥,2015-05,4종,60219
685,서시흥,2015-05,5종,124621
685,서시흥,2015-05,6종,65664
981,서영암,2015-05,1종,260766
981,서영암,2015-05,2종,5158
981,서영암,2015-05,3종,12200
981,서영암,2015-05,4종,7370
981,서영암,2015-05,5종,16968
981,서영암,2015-05,6종,7572
982,강진무위사,2015-05,1종,163314
982,강진무위사,2015-05,2종,3462
982,강진무위사,2015-05,3종,8276
982,강진무위사,2015-05,4종,3225
982,강진무위사,2015-05,5종,4696
982,강진무위사,2015-05,6종,4557
983,장흥,2015-05,1종,123917
983,장흥,2015-05,2종,2053
983,장흥,2015-05,3종,3892
983,장흥,2015-05,4종,1076
983,장흥,2015-05,5종,1119
983,장흥,2015-05,6종,3378
984,보성,2015-05,1종,226884
984,보성,2015-05,2종,6384
984,보성,2015-05,3종,9487
984,보성,2015-05,4종,5301
984,보성,2015-05,5종,12058
984,보성,2015-05,6종,6157
985,벌교,2015-05,1종,154664
985,벌교,2015-05,2종,4478
985,벌교,2015-05,3종,5229
985,벌교,2015-05,4종,2184
985,벌교,2015-05,5종,2694
985,벌교,2015-05,6종,3972
986,고흥,2015-05,1종,201364
986,고흥,2015-05,2종,4441
986,고흥,2015-05,3종,7999
986,고흥,2015-05,4종,5645
986,고흥,2015-05,5종,5773
986,고흥,2015-05,6종,6381
987,남순천,2015-05,1종,551636
987,남순천,2015-05,2종,11983
987,남순천,2015-05,3종,26184
987,남순천,2015-05,4종,17012
987,남순천,2015-05,5종,34940
987,남순천,2015-05,6종,15931
11,인천,2015-06,1종,3525045
11,인천,2015-06,2종,115325
11,인천,2015-06,3종,81406
11,인천,2015-06,4종,65793
11,인천,2015-06,5종,126931
11,인천,2015-06,6종,329526
12,서영암(개),2015-06,1종,38434
12,서영암(개),2015-06,2종,682
12,서영암(개),2015-06,3종,780
12,서영암(개),2015-06,4종,509
12,서영암(개),2015-06,5종,805
12,서영암(개),2015-06,6종,2194
13,순천만,2015-06,1종,107720
13,순천만,2015-06,2종,4156
13,순천만,2015-06,3종,3771
13,순천만,2015-06,4종,3437
13,순천만,2015-06,5종,8687
13,순천만,2015-06,6종,5092
29,가락(개),2015-06,1종,696314
29,가락(개),2015-06,2종,22301
29,가락(개),2015-06,3종,22011
29,가락(개),2015-06,4종,26265
29,가락(개),2015-06,5종,116622
29,가락(개),2015-06,6종,58210
53,남인천,2015-06,1종,1675905
53,남인천,2015-06,2종,41805
53,남인천,2015-06,3종,56402
53,남인천,2015-06,4종,20138
53,남인천,2015-06,5종,63453
53,남인천,2015-06,6종,145979
56,일로,2015-06,1종,35785
56,일로,2015-06,2종,2230
56,일로,2015-06,3종,756
56,일로,2015-06,4종,935
56,일로,2015-06,5종,4409
56,일로,2015-06,6종,2301
61,성남,2015-06,1종,3935437
61,성남,2015-06,2종,160118
61,성남,2015-06,3종,153421
61,성남,2015-06,4종,108107
61,성남,2015-06,5종,99558
61,성남,2015-06,6종,282498
62,구리남양주,2015-06,1종,4804085
62,구리남양주,2015-06,2종,206835
62,구리남양주,2015-06,3종,187351
62,구리남양주,2015-06,4종,140719
62,구리남양주,2015-06,5종,115996
62,구리남양주,2015-06,6종,367009
63,토평,2015-06,1종,447773
63,토평,2015-06,2종,15095
63,토평,2015-06,3종,7782
63,토평,2015-06,4종,12096
63,토평,2015-06,5종,7551
63,토평,2015-06,6종,38073
64,청계,2015-06,1종,4520921
64,청계,2015-06,2종,151758
64,청계,2015-06,3종,151242
64,청계,2015-06,4종,53601
64,청계,2015-06,5종,85676
64,청계,2015-06,6종,351251
65,판교,2015-06,1종,2876355
65,판교,2015-06,2종,42793
65,판교,2015-06,3종,175921
65,판교,2015-06,4종,15967
65,판교,2015-06,5종,13237
65,판교,2015-06,6종,171928
66,하남,2015-06,1종,890493
66,하남,2015-06,2종,29658
66,하남,2015-06,3종,15501
66,하남,2015-06,4종,8635
66,하남,2015-06,5종,12500
66,하남,2015-06,6종,69905
67,시흥,2015-06,1종,3776461
67,시흥,2015-06,2종,139785
67,시흥,2015-06,3종,131361
67,시흥,2015-06,4종,79213
67,시흥,2015-06,5종,81734
67,시흥,2015-06,6종,295493
68,김포,2015-06,1종,4652589
68,김포,2015-06,2종,185823
68,김포,2015-06,3종,145238
68,김포,2015-06,4종,85054
68,김포,2015-06,5종,122117
68,김포,2015-06,6종,390210
69,대왕판교,2015-06,1종,202928
69,대왕판교,2015-06,2종,1380
69,대왕판교,2015-06,3종,186
69,대왕판교,2015-06,4종,24
69,대왕판교,2015-06,5종,9
69,대왕판교,2015-06,6종,11134
74,덕소삼패,2015-06,1종,300960
74,덕소삼패,2015-06,2종,7009
74,덕소삼패,2015-06,3종,4378
74,덕소삼패,2015-06,4종,11300
74,덕소삼패,2015-06,5종,11208
74,덕소삼패,2015-06,6종,24416
91,대동(개),2015-06,1종,144779
91,대동(개),2015-06,2종,10303
91,대동(개),2015-06,3종,6313
91,대동(개),2015-06,4종,21428
91,대동(개),2015-06,5종,14569
91,대동(개),2015-06,6종,10012
92,내서,2015-06,1종,217944
92,내서,2015-06,2종,8877
92,내서,2015-06,3종,9524
92,내서,2015-06,4종,3738
92,내서,2015-06,5종,6827
92,내서,2015-06,6종,19803
101,서울,2015-06,1종,5096284
101,서울,2015-06,2종,186157
101,서울,2015-06,3종,538131
101,서울,2015-06,4종,97007
101,서울,2015-06,5종,53996
101,서울,2015-06,6종,247077
102,동수원,2015-06,1종,2143413
102,동수원,2015-06,2종,41167
102,동수원,2015-06,3종,82094
102,동수원,2015-06,4종,14753
102,동수원,2015-06,5종,33562
102,동수원,2015-06,6종,143646
103,수원신갈,2015-06,1종,2376029
103,수원신갈,2015-06,2종,99195
103,수원신갈,2015-06,3종,160689
103,수원신갈,2015-06,4종,42165
103,수원신갈,2015-06,5종,27412
103,수원신갈,2015-06,6종,137780
104,지곡,2015-06,1종,38941
104,지곡,2015-06,2종,1783
104,지곡,2015-06,3종,2269
104,지곡,2015-06,4종,2032
104,지곡,2015-06,5종,2225
104,지곡,2015-06,6종,1597
105,기흥,2015-06,1종,493051
105,기흥,2015-06,2종,23963
105,기흥,2015-06,3종,14082
105,기흥,2015-06,4종,10468
105,기흥,2015-06,5종,11548
105,기흥,2015-06,6종,27515
106,오산,2015-06,1종,1099471
106,오산,2015-06,2종,91074
106,오산,2015-06,3종,105476
106,오산,2015-06,4종,48593
106,오산,2015-06,5종,34498
106,오산,2015-06,6종,73246
107,안성,2015-06,1종,801627
107,안성,2015-06,2종,33742
107,안성,2015-06,3종,51377
107,안성,2015-06,4종,17611
107,안성,2015-06,5종,13688
107,안성,2015-06,6종,54177
108,천안,2015-06,1종,1432256
108,천안,2015-06,2종,46314
108,천안,2015-06,3종,106534
108,천안,2015-06,4종,38126
108,천안,2015-06,5종,32514
108,천안,2015-06,6종,76334
109,계룡,2015-06,1종,124806
109,계룡,2015-06,2종,10075
109,계룡,2015-06,3종,10220
109,계룡,2015-06,4종,9172
109,계룡,2015-06,5종,5074
109,계룡,2015-06,6종,7912
110,독립기념관,2015-06,1종,300297
110,독립기념관,2015-06,2종,18627
110,독립기념관,2015-06,3종,21068
110,독립기념관,2015-06,4종,21104
110,독립기념관,2015-06,5종,15912
110,독립기념관,2015-06,6종,13536
111,청주,2015-06,1종,466872
111,청주,2015-06,2종,20529
111,청주,2015-06,3종,47774
111,청주,2015-06,4종,17125
111,청주,2015-06,5종,19183
111,청주,2015-06,6종,24339
112,남청주,2015-06,1종,483425
112,남청주,2015-06,2종,41100
112,남청주,2015-06,3종,39513
112,남청주,2015-06,4종,50164
112,남청주,2015-06,5종,43750
112,남청주,2015-06,6종,22811
113,신탄진,2015-06,1종,724498
113,신탄진,2015-06,2종,43454
113,신탄진,2015-06,3종,35717
113,신탄진,2015-06,4종,59585
113,신탄진,2015-06,5종,51795
113,신탄진,2015-06,6종,41357
114,남대전,2015-06,1종,321506
114,남대전,2015-06,2종,13500
114,남대전,2015-06,3종,12324
114,남대전,2015-06,4종,7786
114,남대전,2015-06,5종,9912
114,남대전,2015-06,6종,16470
115,대전,2015-06,1종,1293940
115,대전,2015-06,2종,39637
115,대전,2015-06,3종,77536
115,대전,2015-06,4종,17489
115,대전,2015-06,5종,15219
115,대전,2015-06,6종,73951
116,옥천,2015-06,1종,366513
116,옥천,2015-06,2종,21595
116,옥천,2015-06,3종,20875
116,옥천,2015-06,4종,37348
116,옥천,2015-06,5종,23166
116,옥천,2015-06,6종,22438
117,금강,2015-06,1종,51032
117,금강,2015-06,2종,1816
117,금강,2015-06,3종,1486
117,금강,2015-06,4종,3979
117,금강,2015-06,5종,1227
117,금강,2015-06,6종,2612
118,영동,2015-06,1종,88900
118,영동,2015-06,2종,5532
118,영동,2015-06,3종,4811
118,영동,2015-06,4종,3071
118,영동,2015-06,5종,7453
118,영동,2015-06,6종,3564
119,판암,2015-06,1종,466532
119,판암,2015-06,2종,15183
119,판암,2015-06,3종,9928
119,판암,2015-06,4종,7425
119,판암,2015-06,5종,7197
119,판암,2015-06,6종,29231
120,황간,2015-06,1종,77778
120,황간,2015-06,2종,2998
120,황간,2015-06,3종,3809
120,황간,2015-06,4종,4336
120,황간,2015-06,5종,5946
120,황간,2015-06,6종,3274
121,추풍령,2015-06,1종,39108
121,추풍령,2015-06,2종,1198
121,추풍령,2015-06,3종,2041
121,추풍령,2015-06,4종,1180
121,추풍령,2015-06,5종,1811
121,추풍령,2015-06,6종,1906
122,김천,2015-06,1종,209052
122,김천,2015-06,2종,7579
122,김천,2015-06,3종,10426
122,김천,2015-06,4종,9485
122,김천,2015-06,5종,8126
122,김천,2015-06,6종,10001
123,구미,2015-06,1종,766065
123,구미,2015-06,2종,20787
123,구미,2015-06,3종,35371
123,구미,2015-06,4종,19615
123,구미,2015-06,5종,16399
123,구미,2015-06,6종,39413
124,상주,2015-06,1종,107736
124,상주,2015-06,2종,5750
124,상주,2015-06,3종,6177
124,상주,2015-06,4종,6986
124,상주,2015-06,5종,8070
124,상주,2015-06,6종,3693
125,남구미,2015-06,1종,544439
125,남구미,2015-06,2종,22654
125,남구미,2015-06,3종,31662
125,남구미,2015-06,4종,21996
125,남구미,2015-06,5종,37770
125,남구미,2015-06,6종,30751
126,왜관,2015-06,1종,654875
126,왜관,2015-06,2종,49471
126,왜관,2015-06,3종,32166
126,왜관,2015-06,4종,26250
126,왜관,2015-06,5종,33965
126,왜관,2015-06,6종,30380
127,서대구,2015-06,1종,1907673
127,서대구,2015-06,2종,89445
127,서대구,2015-06,3종,102612
127,서대구,2015-06,4종,54119
127,서대구,2015-06,5종,63354
127,서대구,2015-06,6종,86853
128,금왕꽃동네,2015-06,1종,116172
128,금왕꽃동네,2015-06,2종,11642
128,금왕꽃동네,2015-06,3종,13013
128,금왕꽃동네,2015-06,4종,9579
128,금왕꽃동네,2015-06,5종,13444
128,금왕꽃동네,2015-06,6종,5423
129,북대구,2015-06,1종,1742851
129,북대구,2015-06,2종,61213
129,북대구,2015-06,3종,52551
129,북대구,2015-06,4종,26664
129,북대구,2015-06,5종,31306
129,북대구,2015-06,6종,78845
130,동김천,2015-06,1종,166268
130,동김천,2015-06,2종,7142
130,동김천,2015-06,3종,10027
130,동김천,2015-06,4종,8593
130,동김천,2015-06,5종,14586
130,동김천,2015-06,6종,6871
131,경산,2015-06,1종,864685
131,경산,2015-06,2종,75379
131,경산,2015-06,3종,60445
131,경산,2015-06,4종,48068
131,경산,2015-06,5종,41450
131,경산,2015-06,6종,46726
132,영천,2015-06,1종,414689
132,영천,2015-06,2종,25129
132,영천,2015-06,3종,31137
132,영천,2015-06,4종,26481
132,영천,2015-06,5종,44133
132,영천,2015-06,6종,17184
133,서경주,2015-06,1종,159909
133,서경주,2015-06,2종,8221
133,서경주,2015-06,3종,11896
133,서경주,2015-06,4종,10673
133,서경주,2015-06,5종,30461
133,서경주,2015-06,6종,5521
134,선산,2015-06,1종,85008
134,선산,2015-06,2종,5014
134,선산,2015-06,3종,5518
134,선산,2015-06,4종,5625
134,선산,2015-06,5종,11222
134,선산,2015-06,6종,2905
135,경주,2015-06,1종,771964
135,경주,2015-06,2종,37296
135,경주,2015-06,3종,72452
135,경주,2015-06,4종,47203
135,경주,2015-06,5종,103862
135,경주,2015-06,6종,30381
136,음성,2015-06,1종,156414
136,음성,2015-06,2종,8824
136,음성,2015-06,3종,10221
136,음성,2015-06,4종,7791
136,음성,2015-06,5종,10350
136,음성,2015-06,6종,6030
137,통도사,2015-06,1종,276077
137,통도사,2015-06,2종,17074
137,통도사,2015-06,3종,14771
137,통도사,2015-06,4종,12419
137,통도사,2015-06,5종,17602
137,통도사,2015-06,6종,14052
138,양산,2015-06,1종,697831
138,양산,2015-06,2종,74979
138,양산,2015-06,3종,48069
138,양산,2015-06,4종,47994
138,양산,2015-06,5종,62757
138,양산,2015-06,6종,39366
139,서울산,2015-06,1종,460633
139,서울산,2015-06,2종,26103
139,서울산,2015-06,3종,31777
139,서울산,2015-06,4종,16032
139,서울산,2015-06,5종,27423
139,서울산,2015-06,6종,25129
140,부산,2015-06,1종,1645098
140,부산,2015-06,2종,63077
140,부산,2015-06,3종,48829
140,부산,2015-06,4종,29797
140,부산,2015-06,5종,63303
140,부산,2015-06,6종,97520
142,군북,2015-06,1종,373766
142,군북,2015-06,2종,15816
142,군북,2015-06,3종,15956
142,군북,2015-06,4종,12007
142,군북,2015-06,5종,21569
142,군북,2015-06,6종,23340
143,장지,2015-06,1종,116083
143,장지,2015-06,2종,6074
143,장지,2015-06,3종,6054
143,장지,2015-06,4종,5600
143,장지,2015-06,5종,16900
143,장지,2015-06,6종,7433
144,함안,2015-06,1종,243871
144,함안,2015-06,2종,12664
144,함안,2015-06,3종,10790
144,함안,2015-06,4종,8388
144,함안,2015-06,5종,17491
144,함안,2015-06,6종,17239
145,산인,2015-06,1종,712031
145,산인,2015-06,2종,20452
145,산인,2015-06,3종,31843
145,산인,2015-06,4종,14320
145,산인,2015-06,5종,19715
145,산인,2015-06,6종,42723
146,동창원,2015-06,1종,568460
146,동창원,2015-06,2종,28305
146,동창원,2015-06,3종,23359
146,동창원,2015-06,4종,23378
146,동창원,2015-06,5종,37571
146,동창원,2015-06,6종,38591
147,진례,2015-06,1종,481054
147,진례,2015-06,2종,35182
147,진례,2015-06,3종,25013
147,진례,2015-06,4종,21391
147,진례,2015-06,5종,35613
147,진례,2015-06,6종,32077
148,서김해,2015-06,1종,783179
148,서김해,2015-06,2종,33954
148,서김해,2015-06,3종,26348
148,서김해,2015-06,4종,19727
148,서김해,2015-06,5종,42559
148,서김해,2015-06,6종,56320
149,동김해,2015-06,1종,1221296
149,동김해,2015-06,2종,39901
149,동김해,2015-06,3종,30985
149,동김해,2015-06,4종,14183
149,동김해,2015-06,5종,15260
149,동김해,2015-06,6종,92647
150,북부산,2015-06,1종,1827458
150,북부산,2015-06,2종,38811
150,북부산,2015-06,3종,37659
150,북부산,2015-06,4종,17483
150,북부산,2015-06,5종,36937
150,북부산,2015-06,6종,127297
151,북대전,2015-06,1종,682090
151,북대전,2015-06,2종,16641
151,북대전,2015-06,3종,30860
151,북대전,2015-06,4종,19607
151,북대전,2015-06,5종,19429
151,북대전,2015-06,6종,41084
152,유성,2015-06,1종,1023851
152,유성,2015-06,2종,24276
152,유성,2015-06,3종,35558
152,유성,2015-06,4종,17977
152,유성,2015-06,5종,11446
152,유성,2015-06,6종,50487
153,서대전,2015-06,1종,673961
153,서대전,2015-06,2종,21870
153,서대전,2015-06,3종,18937
153,서대전,2015-06,4종,18321
153,서대전,2015-06,5종,15633
153,서대전,2015-06,6종,42690
154,안영,2015-06,1종,423742
154,안영,2015-06,2종,16948
154,안영,2015-06,3종,11233
154,안영,2015-06,4종,8020
154,안영,2015-06,5종,11357
154,안영,2015-06,6종,24021
155,논산,2015-06,1종,199798
155,논산,2015-06,2종,16968
155,논산,2015-06,3종,17922
155,논산,2015-06,4종,15908
155,논산,2015-06,5종,15216
155,논산,2015-06,6종,9527
156,익산,2015-06,1종,260880
156,익산,2015-06,2종,23172
156,익산,2015-06,3종,29594
156,익산,2015-06,4종,21602
156,익산,2015-06,5종,30721
156,익산,2015-06,6종,9204
157,삼례,2015-06,1종,108339
157,삼례,2015-06,2종,7764
157,삼례,2015-06,3종,8268
157,삼례,2015-06,4종,7199
157,삼례,2015-06,5종,11653
157,삼례,2015-06,6종,3365
158,전주,2015-06,1종,408082
158,전주,2015-06,2종,17791
158,전주,2015-06,3종,48909
158,전주,2015-06,4종,21556
158,전주,2015-06,5종,40135
158,전주,2015-06,6종,13763
159,서전주,2015-06,1종,269180
159,서전주,2015-06,2종,13635
159,서전주,2015-06,3종,12935
159,서전주,2015-06,4종,8073
159,서전주,2015-06,5종,8563
159,서전주,2015-06,6종,8971
160,김제,2015-06,1종,112034
160,김제,2015-06,2종,7519
160,김제,2015-06,3종,9194
160,김제,2015-06,4종,4298
160,김제,2015-06,5종,4550
160,김제,2015-06,6종,3571
161,금산사,2015-06,1종,31213
161,금산사,2015-06,2종,2048
161,금산사,2015-06,3종,1802
161,금산사,2015-06,4종,635
161,금산사,2015-06,5종,2597
161,금산사,2015-06,6종,932
162,태인,2015-06,1종,76614
162,태인,2015-06,2종,6020
162,태인,2015-06,3종,9355
162,태인,2015-06,4종,6012
162,태인,2015-06,5종,5761
162,태인,2015-06,6종,2340
163,정읍,2015-06,1종,219074
163,정읍,2015-06,2종,14713
163,정읍,2015-06,3종,21244
163,정읍,2015-06,4종,11697
163,정읍,2015-06,5종,10043
163,정읍,2015-06,6종,7620
164,무주,2015-06,1종,137316
164,무주,2015-06,2종,3911
164,무주,2015-06,3종,4604
164,무주,2015-06,4종,2989
164,무주,2015-06,5종,4248
164,무주,2015-06,6종,5100
165,백양사,2015-06,1종,67506
165,백양사,2015-06,2종,2191
165,백양사,2015-06,3종,3356
165,백양사,2015-06,4종,1789
165,백양사,2015-06,5종,1923
165,백양사,2015-06,6종,1939
166,장성,2015-06,1종,157208
166,장성,2015-06,2종,13070
166,장성,2015-06,3종,17809
166,장성,2015-06,4종,12624
166,장성,2015-06,5종,14571
166,장성,2015-06,6종,5832
167,광주,2015-06,1종,922647
167,광주,2015-06,2종,36286
167,광주,2015-06,3종,76520
167,광주,2015-06,4종,47791
167,광주,2015-06,5종,30188
167,광주,2015-06,6종,30266
168,덕유산,2015-06,1종,50352
168,덕유산,2015-06,2종,1451
168,덕유산,2015-06,3종,1047
168,덕유산,2015-06,4종,661
168,덕유산,2015-06,5종,2489
168,덕유산,2015-06,6종,1658
169,장수,2015-06,1종,100730
169,장수,2015-06,2종,4241
169,장수,2015-06,3종,4096
169,장수,2015-06,4종,2766
169,장수,2015-06,5종,3514
169,장수,2015-06,6종,3114
170,서상,2015-06,1종,48160
170,서상,2015-06,2종,2558
170,서상,2015-06,3종,4420
170,서상,2015-06,4종,3514
170,서상,2015-06,5종,3610
170,서상,2015-06,6종,1905
171,마성,2015-06,1종,302494
171,마성,2015-06,2종,5412
171,마성,2015-06,3종,14267
171,마성,2015-06,4종,1448
171,마성,2015-06,5종,2079
171,마성,2015-06,6종,19438
172,용인,2015-06,1종,886602
172,용인,2015-06,2종,66899
172,용인,2015-06,3종,35908
172,용인,2015-06,4종,22601
172,용인,2015-06,5종,17029
172,용인,2015-06,6종,60982
173,양지,2015-06,1종,861408
173,양지,2015-06,2종,95030
173,양지,2015-06,3종,65366
173,양지,2015-06,4종,59488
173,양지,2015-06,5종,44599
173,양지,2015-06,6종,50040
174,춘천,2015-06,1종,672195
174,춘천,2015-06,2종,21474
174,춘천,2015-06,3종,24993
174,춘천,2015-06,4종,9067
174,춘천,2015-06,5종,9333
174,춘천,2015-06,6종,45045
175,덕평,2015-06,1종,289739
175,덕평,2015-06,2종,42387
175,덕평,2015-06,3종,25620
175,덕평,2015-06,4종,24660
175,덕평,2015-06,5종,13428
175,덕평,2015-06,6종,19094
176,이천,2015-06,1종,618687
176,이천,2015-06,2종,37087
176,이천,2015-06,3종,51709
176,이천,2015-06,4종,47766
176,이천,2015-06,5종,34350
176,이천,2015-06,6종,31330
177,여주,2015-06,1종,380125
177,여주,2015-06,2종,15816
177,여주,2015-06,3종,38685
177,여주,2015-06,4종,23111
177,여주,2015-06,5종,12539
177,여주,2015-06,6종,16262
178,문막,2015-06,1종,352545
178,문막,2015-06,2종,22333
178,문막,2015-06,3종,36181
178,문막,2015-06,4종,15355
178,문막,2015-06,5종,17469
178,문막,2015-06,6종,15966
179,홍천,2015-06,1종,293760
179,홍천,2015-06,2종,10427
179,홍천,2015-06,3종,15788
179,홍천,2015-06,4종,8324
179,홍천,2015-06,5종,8135
179,홍천,2015-06,6종,21137
180,원주,2015-06,1종,242712
180,원주,2015-06,2종,14899
180,원주,2015-06,3종,17697
180,원주,2015-06,4종,8950
180,원주,2015-06,5종,9606
180,원주,2015-06,6종,12909
181,새말,2015-06,1종,202066
181,새말,2015-06,2종,8020
181,새말,2015-06,3종,11012
181,새말,2015-06,4종,5633
181,새말,2015-06,5종,5598
181,새말,2015-06,6종,7654
182,둔내,2015-06,1종,99290
182,둔내,2015-06,2종,3758
182,둔내,2015-06,3종,4060
182,둔내,2015-06,4종,3384
182,둔내,2015-06,5종,2022
182,둔내,2015-06,6종,4205
183,면온,2015-06,1종,66793
183,면온,2015-06,2종,1368
183,면온,2015-06,3종,1512
183,면온,2015-06,4종,2372
183,면온,2015-06,5종,2550
183,면온,2015-06,6종,2434
184,대관령,2015-06,1종,180995
184,대관령,2015-06,2종,5649
184,대관령,2015-06,3종,12798
184,대관령,2015-06,4종,2944
184,대관령,2015-06,5종,3509
184,대관령,2015-06,6종,8808
185,평창,2015-06,1종,119436
185,평창,2015-06,2종,4096
185,평창,2015-06,3종,12596
185,평창,2015-06,4종,1814
185,평창,2015-06,5종,3635
185,평창,2015-06,6종,5481
186,속사,2015-06,1종,32106
186,속사,2015-06,2종,1337
186,속사,2015-06,3종,6170
186,속사,2015-06,4종,2553
186,속사,2015-06,5종,1064
186,속사,2015-06,6종,1183
187,진부,2015-06,1종,130464
187,진부,2015-06,2종,4696
187,진부,2015-06,3종,10692
187,진부,2015-06,4종,3589
187,진부,2015-06,5종,4017
187,진부,2015-06,6종,5968
188,서충주,2015-06,1종,107809
188,서충주,2015-06,2종,6449
188,서충주,2015-06,3종,8797
188,서충주,2015-06,4종,7149
188,서충주,2015-06,5종,8338
188,서충주,2015-06,6종,4512
189,강릉,2015-06,1종,465004
189,강릉,2015-06,2종,13751
189,강릉,2015-06,3종,39220
189,강릉,2015-06,4종,9675
189,강릉,2015-06,5종,14230
189,강릉,2015-06,6종,24467
190,동서울,2015-06,1종,3230121
190,동서울,2015-06,2종,181406
190,동서울,2015-06,3종,221585
190,동서울,2015-06,4종,110818
190,동서울,2015-06,5종,67999
190,동서울,2015-06,6종,159508
191,경기광주,2015-06,1종,783739
191,경기광주,2015-06,2종,43903
191,경기광주,2015-06,3종,36500
191,경기광주,2015-06,4종,13362
191,경기광주,2015-06,5종,7621
191,경기광주,2015-06,6종,57159
192,곤지암,2015-06,1종,806298
192,곤지암,2015-06,2종,70679
192,곤지암,2015-06,3종,52778
192,곤지암,2015-06,4종,38207
192,곤지암,2015-06,5종,24374
192,곤지암,2015-06,6종,47242
193,일죽,2015-06,1종,450488
193,일죽,2015-06,2종,36415
193,일죽,2015-06,3종,40399
193,일죽,2015-06,4종,34413
193,일죽,2015-06,5종,19708
193,일죽,2015-06,6종,18280
194,서이천,2015-06,1종,481452
194,서이천,2015-06,2종,62561
194,서이천,2015-06,3종,53548
194,서이천,2015-06,4종,35076
194,서이천,2015-06,5종,17693
194,서이천,2015-06,6종,29228
195,대소,2015-06,1종,280230
195,대소,2015-06,2종,41735
195,대소,2015-06,3종,44427
195,대소,2015-06,4종,34274
195,대소,2015-06,5종,23488
195,대소,2015-06,6종,12861
196,진천,2015-06,1종,255679
196,진천,2015-06,2종,17789
196,진천,2015-06,3종,20901
196,진천,2015-06,4종,20066
196,진천,2015-06,5종,18397
196,진천,2015-06,6종,11803
197,증평,2015-06,1종,340450
197,증평,2015-06,2종,22199
197,증평,2015-06,3종,26605
197,증평,2015-06,4종,18876
197,증평,2015-06,5종,18962
197,증평,2015-06,6종,15018
198,서청주,2015-06,1종,770323
198,서청주,2015-06,2종,33797
198,서청주,2015-06,3종,43101
198,서청주,2015-06,4종,32624
198,서청주,2015-06,5종,21850
198,서청주,2015-06,6종,40220
199,오창,2015-06,1종,496050
199,오창,2015-06,2종,22003
199,오창,2015-06,3종,30779
199,오창,2015-06,4종,20528
199,오창,2015-06,5종,20232
199,오창,2015-06,6종,25906
200,금산,2015-06,1종,150135
200,금산,2015-06,2종,3840
200,금산,2015-06,3종,5900
200,금산,2015-06,4종,4870
200,금산,2015-06,5종,7108
200,금산,2015-06,6종,6720
201,칠곡,2015-06,1종,595005
201,칠곡,2015-06,2종,25268
201,칠곡,2015-06,3종,20820
201,칠곡,2015-06,4종,9362
201,칠곡,2015-06,5종,14266
201,칠곡,2015-06,6종,31326
202,다부,2015-06,1종,121999
202,다부,2015-06,2종,7300
202,다부,2015-06,3종,5440
202,다부,2015-06,4종,3107
202,다부,2015-06,5종,8006
202,다부,2015-06,6종,4888
203,가산,2015-06,1종,518352
203,가산,2015-06,2종,22258
203,가산,2015-06,3종,21563
203,가산,2015-06,4종,15414
203,가산,2015-06,5종,37347
203,가산,2015-06,6종,21879
204,추부,2015-06,1종,173341
204,추부,2015-06,2종,8388
204,추부,2015-06,3종,9123
204,추부,2015-06,4종,5846
204,추부,2015-06,5종,6802
204,추부,2015-06,6종,9520
205,군위,2015-06,1종,153904
205,군위,2015-06,2종,5964
205,군위,2015-06,3종,4668
205,군위,2015-06,4종,3768
205,군위,2015-06,5종,12624
205,군위,2015-06,6종,6558
206,의성,2015-06,1종,169540
206,의성,2015-06,2종,5036
206,의성,2015-06,3종,4288
206,의성,2015-06,4종,2286
206,의성,2015-06,5종,4955
206,의성,2015-06,6종,5715
207,남안동,2015-06,1종,255351
207,남안동,2015-06,2종,8386
207,남안동,2015-06,3종,6373
207,남안동,2015-06,4종,4376
207,남안동,2015-06,5종,8339
207,남안동,2015-06,6종,9496
208,서안동,2015-06,1종,169941
208,서안동,2015-06,2종,6951
208,서안동,2015-06,3종,15912
208,서안동,2015-06,4종,4646
208,서안동,2015-06,5종,9420
208,서안동,2015-06,6종,5751
209,예천,2015-06,1종,25700
209,예천,2015-06,2종,558
209,예천,2015-06,3종,317
209,예천,2015-06,4종,291
209,예천,2015-06,5종,907
209,예천,2015-06,6종,849
210,영주,2015-06,1종,123897
210,영주,2015-06,2종,5018
210,영주,2015-06,3종,7022
210,영주,2015-06,4종,4186
210,영주,2015-06,5종,13134
210,영주,2015-06,6종,4162
211,풍기,2015-06,1종,175015
211,풍기,2015-06,2종,5057
211,풍기,2015-06,3종,13061
211,풍기,2015-06,4종,4560
211,풍기,2015-06,5종,10063
211,풍기,2015-06,6종,6174
212,북수원,2015-06,1종,1301049
212,북수원,2015-06,2종,42211
212,북수원,2015-06,3종,56147
212,북수원,2015-06,4종,25540
212,북수원,2015-06,5종,21708
212,북수원,2015-06,6종,81362
213,부곡,2015-06,1종,379101
213,부곡,2015-06,2종,11469
213,부곡,2015-06,3종,9092
213,부곡,2015-06,4종,17639
213,부곡,2015-06,5종,73214
213,부곡,2015-06,6종,27069
214,동군포,2015-06,1종,229280
214,동군포,2015-06,2종,25760
214,동군포,2015-06,3종,17775
214,동군포,2015-06,4종,35899
214,동군포,2015-06,5종,19073
214,동군포,2015-06,6종,18319
215,군포,2015-06,1종,1010424
215,군포,2015-06,2종,48911
215,군포,2015-06,3종,40446
215,군포,2015-06,4종,19332
215,군포,2015-06,5종,28846
215,군포,2015-06,6종,78453
216,횡성,2015-06,1종,176102
216,횡성,2015-06,2종,7474
216,횡성,2015-06,3종,8789
216,횡성,2015-06,4종,5123
216,횡성,2015-06,5종,7845
216,횡성,2015-06,6종,9259
217,북원주,2015-06,1종,70020
217,북원주,2015-06,2종,6135
217,북원주,2015-06,3종,4218
217,북원주,2015-06,4종,2094
217,북원주,2015-06,5종,3081
217,북원주,2015-06,6종,4959
218,남원주,2015-06,1종,518277
218,남원주,2015-06,2종,16936
218,남원주,2015-06,3종,26561
218,남원주,2015-06,4종,8928
218,남원주,2015-06,5종,9936
218,남원주,2015-06,6종,27802
219,신림,2015-06,1종,114034
219,신림,2015-06,2종,3197
219,신림,2015-06,3종,3182
219,신림,2015-06,4종,4505
219,신림,2015-06,5종,8439
219,신림,2015-06,6종,4404
220,덕평휴게소,2015-06,1종,6016
220,덕평휴게소,2015-06,2종,121
220,덕평휴게소,2015-06,3종,29
220,덕평휴게소,2015-06,4종,0
220,덕평휴게소,2015-06,5종,0
220,덕평휴게소,2015-06,6종,417
221,생초,2015-06,1종,51631
221,생초,2015-06,2종,2401
221,생초,2015-06,3종,3030
221,생초,2015-06,4종,2994
221,생초,2015-06,5종,9258
221,생초,2015-06,6종,2085
222,산청,2015-06,1종,54609
222,산청,2015-06,2종,1908
222,산청,2015-06,3종,2630
222,산청,2015-06,4종,1541
222,산청,2015-06,5종,1717
222,산청,2015-06,6종,2061
223,단성,2015-06,1종,98364
223,단성,2015-06,2종,2721
223,단성,2015-06,3종,5052
223,단성,2015-06,4종,3683
223,단성,2015-06,5종,4203
223,단성,2015-06,6종,3744
224,함양,2015-06,1종,92249
224,함양,2015-06,2종,3164
224,함양,2015-06,3종,7578
224,함양,2015-06,4종,1903
224,함양,2015-06,5종,2200
224,함양,2015-06,6종,4224
225,서진주,2015-06,1종,295821
225,서진주,2015-06,2종,7940
225,서진주,2015-06,3종,6126
225,서진주,2015-06,4종,5576
225,서진주,2015-06,5종,9964
225,서진주,2015-06,6종,18570
227,군산,2015-06,1종,263766
227,군산,2015-06,2종,9146
227,군산,2015-06,3종,16763
227,군산,2015-06,4종,14964
227,군산,2015-06,5종,40546
227,군산,2015-06,6종,8219
228,동군산,2015-06,1종,231679
228,동군산,2015-06,2종,9475
228,동군산,2015-06,3종,14624
228,동군산,2015-06,4종,10072
228,동군산,2015-06,5종,22741
228,동군산,2015-06,6종,6918
229,북천안,2015-06,1종,378085
229,북천안,2015-06,2종,30457
229,북천안,2015-06,3종,39194
229,북천안,2015-06,4종,45011
229,북천안,2015-06,5종,46959
229,북천안,2015-06,6종,22620
230,팔공산,2015-06,1종,650308
230,팔공산,2015-06,2종,25533
230,팔공산,2015-06,3종,13458
230,팔공산,2015-06,4종,9293
230,팔공산,2015-06,5종,10662
230,팔공산,2015-06,6종,32055
231,화원옥포,2015-06,1종,617240
231,화원옥포,2015-06,2종,33923
231,화원옥포,2015-06,3종,21647
231,화원옥포,2015-06,4종,12826
231,화원옥포,2015-06,5종,16145
231,화원옥포,2015-06,6종,32883
232,달성,2015-06,1종,311512
232,달성,2015-06,2종,19126
232,달성,2015-06,3종,22088
232,달성,2015-06,4종,6704
232,달성,2015-06,5종,6495
232,달성,2015-06,6종,21453
233,현풍,2015-06,1종,401620
233,현풍,2015-06,2종,32118
233,현풍,2015-06,3종,28668
233,현풍,2015-06,4종,25676
233,현풍,2015-06,5종,36782
233,현풍,2015-06,6종,19567
234,서천,2015-06,1종,97835
234,서천,2015-06,2종,3725
234,서천,2015-06,3종,4247
234,서천,2015-06,4종,4836
234,서천,2015-06,5종,6409
234,서천,2015-06,6종,3719
235,창녕,2015-06,1종,149979
235,창녕,2015-06,2종,7146
235,창녕,2015-06,3종,8743
235,창녕,2015-06,4종,4970
235,창녕,2015-06,5종,9294
235,창녕,2015-06,6종,7456
236,영산,2015-06,1종,138786
236,영산,2015-06,2종,9913
236,영산,2015-06,3종,9707
236,영산,2015-06,4종,8586
236,영산,2015-06,5종,9692
236,영산,2015-06,6종,6249
237,남지,2015-06,1종,137744
237,남지,2015-06,2종,7889
237,남지,2015-06,3종,12693
237,남지,2015-06,4종,8122
237,남지,2015-06,5종,13222
237,남지,2015-06,6종,10077
238,칠서,2015-06,1종,227319
238,칠서,2015-06,2종,27890
238,칠서,2015-06,3종,17136
238,칠서,2015-06,4종,25869
238,칠서,2015-06,5종,38197
238,칠서,2015-06,6종,15569
239,칠원,2015-06,1종,517065
239,칠원,2015-06,2종,24718
239,칠원,2015-06,3종,43579
239,칠원,2015-06,4종,34620
239,칠원,2015-06,5종,34983
239,칠원,2015-06,6종,27856
240,제천,2015-06,1종,453580
240,제천,2015-06,2종,14250
240,제천,2015-06,3종,24973
240,제천,2015-06,4종,14064
240,제천,2015-06,5종,24402
240,제천,2015-06,6종,19022
241,동고령,2015-06,1종,296751
241,동고령,2015-06,2종,19660
241,동고령,2015-06,3종,17539
241,동고령,2015-06,4종,17284
241,동고령,2015-06,5종,20396
241,동고령,2015-06,6종,13693
242,고령,2015-06,1종,202210
242,고령,2015-06,2종,11570
242,고령,2015-06,3종,9482
242,고령,2015-06,4종,8346
242,고령,2015-06,5종,29971
242,고령,2015-06,6종,7880
243,해인사,2015-06,1종,108288
243,해인사,2015-06,2종,3411
243,해인사,2015-06,3종,2534
243,해인사,2015-06,4종,1409
243,해인사,2015-06,5종,7374
243,해인사,2015-06,6종,4538
244,서부산,2015-06,1종,1463861
244,서부산,2015-06,2종,48881
244,서부산,2015-06,3종,79710
244,서부산,2015-06,4종,38899
244,서부산,2015-06,5종,90537
244,서부산,2015-06,6종,85216
245,장유,2015-06,1종,1368656
245,장유,2015-06,2종,43028
245,장유,2015-06,3종,57760
245,장유,2015-06,4종,28295
245,장유,2015-06,5종,34672
245,장유,2015-06,6종,97772
246,가락,2015-06,1종,53804
246,가락,2015-06,2종,7501
246,가락,2015-06,3종,7656
246,가락,2015-06,4종,17549
246,가락,2015-06,5종,49644
246,가락,2015-06,6종,2217
247,남원,2015-06,1종,128030
247,남원,2015-06,2종,5703
247,남원,2015-06,3종,7512
247,남원,2015-06,4종,3713
247,남원,2015-06,5종,15133
247,남원,2015-06,6종,5000
248,순창,2015-06,1종,109838
248,순창,2015-06,2종,3973
248,순창,2015-06,3종,4049
248,순창,2015-06,4종,3183
248,순창,2015-06,5종,5945
248,순창,2015-06,6종,4158
249,담양,2015-06,1종,150801
249,담양,2015-06,2종,4566
249,담양,2015-06,3종,12132
249,담양,2015-06,4종,2786
249,담양,2015-06,5종,6062
249,담양,2015-06,6종,5150
250,남양산,2015-06,1종,1094537
250,남양산,2015-06,2종,51411
250,남양산,2015-06,3종,44373
250,남양산,2015-06,4종,26746
250,남양산,2015-06,5종,40268
250,남양산,2015-06,6종,83197
251,물금,2015-06,1종,463200
251,물금,2015-06,2종,42672
251,물금,2015-06,3종,19426
251,물금,2015-06,4종,41197
251,물금,2015-06,5종,67343
251,물금,2015-06,6종,33542
252,대동,2015-06,1종,1751482
252,대동,2015-06,2종,112414
252,대동,2015-06,3종,80290
252,대동,2015-06,4종,77845
252,대동,2015-06,5종,224743
252,대동,2015-06,6종,87113
253,서서울,2015-06,1종,4996781
253,서서울,2015-06,2종,215147
253,서서울,2015-06,3종,174007
253,서서울,2015-06,4종,151511
253,서서울,2015-06,5종,134495
253,서서울,2015-06,6종,311631
254,군자,2015-06,1종,2330068
254,군자,2015-06,2종,114790
254,군자,2015-06,3종,108124
254,군자,2015-06,4종,84897
254,군자,2015-06,5종,166010
254,군자,2015-06,6종,167332
255,서안산,2015-06,1종,1753181
255,서안산,2015-06,2종,101220
255,서안산,2015-06,3종,70485
255,서안산,2015-06,4종,52991
255,서안산,2015-06,5종,58502
255,서안산,2015-06,6종,135643
256,안산,2015-06,1종,854461
256,안산,2015-06,2종,25431
256,안산,2015-06,3종,20273
256,안산,2015-06,4종,7374
256,안산,2015-06,5종,7687
256,안산,2015-06,6종,67265
257,홍성,2015-06,1종,207237
257,홍성,2015-06,2종,5381
257,홍성,2015-06,3종,7872
257,홍성,2015-06,4종,4257
257,홍성,2015-06,5종,5324
257,홍성,2015-06,6종,7607
258,광천,2015-06,1종,131341
258,광천,2015-06,2종,6512
258,광천,2015-06,3종,8081
258,광천,2015-06,4종,6620
258,광천,2015-06,5종,12668
258,광천,2015-06,6종,5200
259,대천,2015-06,1종,233634
259,대천,2015-06,2종,6272
259,대천,2015-06,3종,9597
259,대천,2015-06,4종,4411
259,대천,2015-06,5종,5927
259,대천,2015-06,6종,9092
260,춘장대,2015-06,1종,56556
260,춘장대,2015-06,2종,1485
260,춘장대,2015-06,3종,1360
260,춘장대,2015-06,4종,951
260,춘장대,2015-06,5종,2535
260,춘장대,2015-06,6종,1702
261,동광주,2015-06,1종,997672
261,동광주,2015-06,2종,30008
261,동광주,2015-06,3종,55329
261,동광주,2015-06,4종,26079
261,동광주,2015-06,5종,46896
261,동광주,2015-06,6종,34915
262,창평,2015-06,1종,101278
262,창평,2015-06,2종,4955
262,창평,2015-06,3종,2789
262,창평,2015-06,4종,2754
262,창평,2015-06,5종,1846
262,창평,2015-06,6종,3532
263,옥과,2015-06,1종,206808
263,옥과,2015-06,2종,4751
263,옥과,2015-06,3종,9798
263,옥과,2015-06,4종,3859
263,옥과,2015-06,5종,5118
263,옥과,2015-06,6종,8957
264,동남원,2015-06,1종,42986
264,동남원,2015-06,2종,2040
264,동남원,2015-06,3종,2339
264,동남원,2015-06,4종,1256
264,동남원,2015-06,5종,1992
264,동남원,2015-06,6종,1657
265,곡성,2015-06,1종,154528
265,곡성,2015-06,2종,4746
265,곡성,2015-06,3종,4896
265,곡성,2015-06,4종,2579
265,곡성,2015-06,5종,7621
265,곡성,2015-06,6종,7039
266,석곡,2015-06,1종,45721
266,석곡,2015-06,2종,1290
266,석곡,2015-06,3종,1941
266,석곡,2015-06,4종,770
266,석곡,2015-06,5종,1654
266,석곡,2015-06,6종,1812
267,주암송광사,2015-06,1종,121904
267,주암송광사,2015-06,2종,3460
267,주암송광사,2015-06,3종,3023
267,주암송광사,2015-06,4종,3845
267,주암송광사,2015-06,5종,4978
267,주암송광사,2015-06,6종,3868
268,승주,2015-06,1종,64826
268,승주,2015-06,2종,1269
268,승주,2015-06,3종,1333
268,승주,2015-06,4종,822
268,승주,2015-06,5종,982
268,승주,2015-06,6종,3211
269,지리산,2015-06,1종,54945
269,지리산,2015-06,2종,1758
269,지리산,2015-06,3종,2774
269,지리산,2015-06,4종,2135
269,지리산,2015-06,5종,3058
269,지리산,2015-06,6종,1682
270,서순천,2015-06,1종,152782
270,서순천,2015-06,2종,5740
270,서순천,2015-06,3종,9570
270,서순천,2015-06,4종,2742
270,서순천,2015-06,5종,4557
270,서순천,2015-06,6종,5686
271,순천,2015-06,1종,527010
271,순천,2015-06,2종,15912
271,순천,2015-06,3종,14809
271,순천,2015-06,4종,10593
271,순천,2015-06,5종,35331
271,순천,2015-06,6종,18960
272,광양,2015-06,1종,277400
272,광양,2015-06,2종,9655
272,광양,2015-06,3종,21890
272,광양,2015-06,4종,16292
272,광양,2015-06,5종,57107
272,광양,2015-06,6종,9550
273,동광양,2015-06,1종,138281
273,동광양,2015-06,2종,2938
273,동광양,2015-06,3종,3074
273,동광양,2015-06,4종,4513
273,동광양,2015-06,5종,25780
273,동광양,2015-06,6종,6325
274,가조,2015-06,1종,60131
274,가조,2015-06,2종,2371
274,가조,2015-06,3종,3168
274,가조,2015-06,4종,1971
274,가조,2015-06,5종,1540
274,가조,2015-06,6종,3613
275,옥곡,2015-06,1종,163561
275,옥곡,2015-06,2종,4917
275,옥곡,2015-06,3종,8213
275,옥곡,2015-06,4종,9216
275,옥곡,2015-06,5종,37913
275,옥곡,2015-06,6종,6836
276,진월,2015-06,1종,81189
276,진월,2015-06,2종,2415
276,진월,2015-06,3종,2090
276,진월,2015-06,4종,7981
276,진월,2015-06,5종,42373
276,진월,2015-06,6종,2846
277,하동,2015-06,1종,205203
277,하동,2015-06,2종,5400
277,하동,2015-06,3종,7521
277,하동,2015-06,4종,13297
277,하동,2015-06,5종,40820
277,하동,2015-06,6종,9722
278,진교,2015-06,1종,157619
278,진교,2015-06,2종,4212
278,진교,2015-06,3종,12526
278,진교,2015-06,4종,1590
278,진교,2015-06,5종,3061
278,진교,2015-06,6종,8988
279,곤양,2015-06,1종,119944
279,곤양,2015-06,2종,3480
279,곤양,2015-06,3종,5044
279,곤양,2015-06,4종,3599
279,곤양,2015-06,5종,9107
279,곤양,2015-06,6종,5615
280,거창,2015-06,1종,154336
280,거창,2015-06,2종,7619
280,거창,2015-06,3종,14167
280,거창,2015-06,4종,3666
280,거창,2015-06,5종,5779
280,거창,2015-06,6종,8007
281,매송,2015-06,1종,505660
281,매송,2015-06,2종,25474
281,매송,2015-06,3종,24910
281,매송,2015-06,4종,12357
281,매송,2015-06,5종,24203
281,매송,2015-06,6종,30301
282,비봉,2015-06,1종,757378
282,비봉,2015-06,2종,48397
282,비봉,2015-06,3종,32608
282,비봉,2015-06,4종,20948
282,비봉,2015-06,5종,37653
282,비봉,2015-06,6종,47978
283,발안,2015-06,1종,460477
283,발안,2015-06,2종,30735
283,발안,2015-06,3종,26965
283,발안,2015-06,4종,21381
283,발안,2015-06,5종,20953
283,발안,2015-06,6종,30105
284,남양양,2015-06,1종,56286
284,남양양,2015-06,2종,1602
284,남양양,2015-06,3종,1754
284,남양양,2015-06,4종,667
284,남양양,2015-06,5종,1653
284,남양양,2015-06,6종,1881
285,서평택,2015-06,1종,566024
285,서평택,2015-06,2종,41222
285,서평택,2015-06,3종,52287
285,서평택,2015-06,4종,67456
285,서평택,2015-06,5종,124657
285,서평택,2015-06,6종,34092
286,통도사휴게소,2015-06,1종,36676
286,통도사휴게소,2015-06,2종,354
286,통도사휴게소,2015-06,3종,1586
286,통도사휴게소,2015-06,4종,3
286,통도사휴게소,2015-06,5종,0
286,통도사휴게소,2015-06,6종,1766
287,송악,2015-06,1종,471926
287,송악,2015-06,2종,18450
287,송악,2015-06,3종,22774
287,송악,2015-06,4종,28254
287,송악,2015-06,5종,124464
287,송악,2015-06,6종,22598
288,당진,2015-06,1종,417238
288,당진,2015-06,2종,18532
288,당진,2015-06,3종,27759
288,당진,2015-06,4종,16482
288,당진,2015-06,5종,41351
288,당진,2015-06,6종,19609
289,마산,2015-06,1종,817408
289,마산,2015-06,2종,28018
289,마산,2015-06,3종,37944
289,마산,2015-06,4종,15340
289,마산,2015-06,5종,19423
289,마산,2015-06,6종,54749
290,축동,2015-06,1종,49471
290,축동,2015-06,2종,3106
290,축동,2015-06,3종,1988
290,축동,2015-06,4종,4458
290,축동,2015-06,5종,9158
290,축동,2015-06,6종,2793
291,사천,2015-06,1종,669244
291,사천,2015-06,2종,29180
291,사천,2015-06,3종,27792
291,사천,2015-06,4종,16607
291,사천,2015-06,5종,29686
291,사천,2015-06,6종,45391
292,진주,2015-06,1종,674347
292,진주,2015-06,2종,23377
292,진주,2015-06,3종,49257
292,진주,2015-06,4종,12641
292,진주,2015-06,5종,27113
292,진주,2015-06,6종,45907
293,문산,2015-06,1종,297047
293,문산,2015-06,2종,11982
293,문산,2015-06,3종,8349
293,문산,2015-06,4종,6796
293,문산,2015-06,5종,9691
293,문산,2015-06,6종,19676
294,북창원,2015-06,1종,240535
294,북창원,2015-06,2종,8859
294,북창원,2015-06,3종,6107
294,북창원,2015-06,4종,11071
294,북창원,2015-06,5종,8773
294,북창원,2015-06,6종,13699
295,진성,2015-06,1종,136351
295,진성,2015-06,2종,8476
295,진성,2015-06,3종,5946
295,진성,2015-06,4종,5734
295,진성,2015-06,5종,13515
295,진성,2015-06,6종,7007
296,지수,2015-06,1종,53857
296,지수,2015-06,2종,2663
296,지수,2015-06,3종,2389
296,지수,2015-06,4종,1436
296,지수,2015-06,5종,5231
296,지수,2015-06,6종,3778
297,동충주,2015-06,1종,246233
297,동충주,2015-06,2종,10225
297,동충주,2015-06,3종,15110
297,동충주,2015-06,4종,18266
297,동충주,2015-06,5종,54856
297,동충주,2015-06,6종,8316
298,서산,2015-06,1종,540336
298,서산,2015-06,2종,18308
298,서산,2015-06,3종,33836
298,서산,2015-06,4종,26591
298,서산,2015-06,5종,44921
298,서산,2015-06,6종,21767
299,해미,2015-06,1종,142188
299,해미,2015-06,2종,5756
299,해미,2015-06,3종,8051
299,해미,2015-06,4종,6712
299,해미,2015-06,5종,12798
299,해미,2015-06,6종,5910
500,남여주,2015-06,1종,178712
500,남여주,2015-06,2종,7566
500,남여주,2015-06,3종,9206
500,남여주,2015-06,4종,9374
500,남여주,2015-06,5종,14854
500,남여주,2015-06,6종,7668
501,서김제,2015-06,1종,47280
501,서김제,2015-06,2종,2886
501,서김제,2015-06,3종,4534
501,서김제,2015-06,4종,2624
501,서김제,2015-06,5종,2730
501,서김제,2015-06,6종,1207
502,부안,2015-06,1종,97011
502,부안,2015-06,2종,4973
502,부안,2015-06,3종,9445
502,부안,2015-06,4종,3185
502,부안,2015-06,5종,4678
502,부안,2015-06,6종,2766
503,줄포,2015-06,1종,63941
503,줄포,2015-06,2종,2314
503,줄포,2015-06,3종,2787
503,줄포,2015-06,4종,1558
503,줄포,2015-06,5종,1342
503,줄포,2015-06,6종,1516
504,선운산,2015-06,1종,103678
504,선운산,2015-06,2종,4189
504,선운산,2015-06,3종,8028
504,선운산,2015-06,4종,6825
504,선운산,2015-06,5종,5531
504,선운산,2015-06,6종,2872
505,고창,2015-06,1종,88103
505,고창,2015-06,2종,3735
505,고창,2015-06,3종,4443
505,고창,2015-06,4종,2221
505,고창,2015-06,5종,1687
505,고창,2015-06,6종,2640
506,영광,2015-06,1종,75384
506,영광,2015-06,2종,3239
506,영광,2015-06,3종,12155
506,영광,2015-06,4종,8338
506,영광,2015-06,5종,11635
506,영광,2015-06,6종,2251
507,함평,2015-06,1종,55677
507,함평,2015-06,2종,2679
507,함평,2015-06,3종,6538
507,함평,2015-06,4종,3620
507,함평,2015-06,5종,5421
507,함평,2015-06,6종,1720
508,무안,2015-06,1종,191100
508,무안,2015-06,2종,6035
508,무안,2015-06,3종,7410
508,무안,2015-06,4종,4990
508,무안,2015-06,5종,6107
508,무안,2015-06,6종,6240
509,목포,2015-06,1종,713596
509,목포,2015-06,2종,23328
509,목포,2015-06,3종,35197
509,목포,2015-06,4종,26022
509,목포,2015-06,5종,42697
509,목포,2015-06,6종,22132
510,양양,2015-06,1종,76347
510,양양,2015-06,2종,2476
510,양양,2015-06,3종,2581
510,양양,2015-06,4종,1685
510,양양,2015-06,5종,5410
510,양양,2015-06,6종,3055
511,무창포,2015-06,1종,75694
511,무창포,2015-06,2종,2396
511,무창포,2015-06,3종,2451
511,무창포,2015-06,4종,2298
511,무창포,2015-06,5종,6796
511,무창포,2015-06,6종,2396
512,연화산,2015-06,1종,39643
512,연화산,2015-06,2종,1243
512,연화산,2015-06,3종,1097
512,연화산,2015-06,4종,1283
512,연화산,2015-06,5종,2279
512,연화산,2015-06,6종,2713
513,고성,2015-06,1종,350439
513,고성,2015-06,2종,13050
513,고성,2015-06,3종,16792
513,고성,2015-06,4종,10433
513,고성,2015-06,5종,16447
513,고성,2015-06,6종,20091
514,동고성,2015-06,1종,96281
514,동고성,2015-06,2종,4066
514,동고성,2015-06,3종,5708
514,동고성,2015-06,4종,8147
514,동고성,2015-06,5종,13032
514,동고성,2015-06,6종,8429
515,북통영,2015-06,1종,140647
515,북통영,2015-06,2종,3947
515,북통영,2015-06,3종,10668
515,북통영,2015-06,4종,1658
515,북통영,2015-06,5종,1905
515,북통영,2015-06,6종,8698
516,통영,2015-06,1종,534486
516,통영,2015-06,2종,17662
516,통영,2015-06,3종,22316
516,통영,2015-06,4종,17566
516,통영,2015-06,5종,24100
516,통영,2015-06,6종,28876
517,양평,2015-06,1종,179633
517,양평,2015-06,2종,7016
517,양평,2015-06,3종,6718
517,양평,2015-06,4종,5646
517,양평,2015-06,5종,8260
517,양평,2015-06,6종,7382
518,칠곡물류,2015-06,1종,66396
518,칠곡물류,2015-06,2종,15861
518,칠곡물류,2015-06,3종,9191
518,칠곡물류,2015-06,4종,15874
518,칠곡물류,2015-06,5종,15027
518,칠곡물류,2015-06,6종,3566
519,남대구,2015-06,1종,1331373
519,남대구,2015-06,2종,59714
519,남대구,2015-06,3종,64413
519,남대구,2015-06,4종,26255
519,남대구,2015-06,5종,39823
519,남대구,2015-06,6종,70961
520,평택,2015-06,1종,580928
520,평택,2015-06,2종,32736
520,평택,2015-06,3종,45810
520,평택,2015-06,4종,23452
520,평택,2015-06,5종,30491
520,평택,2015-06,6종,36101
521,단양,2015-06,1종,71514
521,단양,2015-06,2종,2123
521,단양,2015-06,3종,2973
521,단양,2015-06,4종,2103
521,단양,2015-06,5종,12352
521,단양,2015-06,6종,2811
522,북단양,2015-06,1종,92995
522,북단양,2015-06,2종,2545
522,북단양,2015-06,3종,3065
522,북단양,2015-06,4종,11564
522,북단양,2015-06,5종,37416
522,북단양,2015-06,6종,3735
523,남제천,2015-06,1종,73465
523,남제천,2015-06,2종,2500
523,남제천,2015-06,3종,2879
523,남제천,2015-06,4종,1665
523,남제천,2015-06,5종,4940
523,남제천,2015-06,6종,2557
524,청통와촌,2015-06,1종,248762
524,청통와촌,2015-06,2종,12342
524,청통와촌,2015-06,3종,7647
524,청통와촌,2015-06,4종,5886
524,청통와촌,2015-06,5종,6150
524,청통와촌,2015-06,6종,9839
525,북영천,2015-06,1종,195349
525,북영천,2015-06,2종,7438
525,북영천,2015-06,3종,5383
525,북영천,2015-06,4종,4050
525,북영천,2015-06,5종,6615
525,북영천,2015-06,6종,6245
526,서포항,2015-06,1종,101570
526,서포항,2015-06,2종,2347
526,서포항,2015-06,3종,1957
526,서포항,2015-06,4종,1163
526,서포항,2015-06,5종,2370
526,서포항,2015-06,6종,6631
527,포항,2015-06,1종,693325
527,포항,2015-06,2종,18506
527,포항,2015-06,3종,26119
527,포항,2015-06,4종,10919
527,포항,2015-06,5종,43319
527,포항,2015-06,6종,28487
528,기흥동탄,2015-06,1종,1067691
528,기흥동탄,2015-06,2종,28942
528,기흥동탄,2015-06,3종,70117
528,기흥동탄,2015-06,4종,19317
528,기흥동탄,2015-06,5종,18710
528,기흥동탄,2015-06,6종,65403
529,노포,2015-06,1종,251392
529,노포,2015-06,2종,14131
529,노포,2015-06,3종,40207
529,노포,2015-06,4종,7741
529,노포,2015-06,5종,11593
529,노포,2015-06,6종,13259
530,내장산,2015-06,1종,46808
530,내장산,2015-06,2종,1585
530,내장산,2015-06,3종,1289
530,내장산,2015-06,4종,754
530,내장산,2015-06,5종,540
530,내장산,2015-06,6종,2062
531,문의청남대,2015-06,1종,168391
531,문의청남대,2015-06,2종,6335
531,문의청남대,2015-06,3종,8259
531,문의청남대,2015-06,4종,7093
531,문의청남대,2015-06,5종,8939
531,문의청남대,2015-06,6종,7191
532,회인,2015-06,1종,47938
532,회인,2015-06,2종,1090
532,회인,2015-06,3종,1086
532,회인,2015-06,4종,891
532,회인,2015-06,5종,1159
532,회인,2015-06,6종,1972
533,보은,2015-06,1종,115350
533,보은,2015-06,2종,4676
533,보은,2015-06,3종,4341
533,보은,2015-06,4종,3191
533,보은,2015-06,5종,3362
533,보은,2015-06,6종,5811
534,속리산,2015-06,1종,57299
534,속리산,2015-06,2종,1902
534,속리산,2015-06,3종,2376
534,속리산,2015-06,4종,1467
534,속리산,2015-06,5종,1900
534,속리산,2015-06,6종,2328
535,화서,2015-06,1종,52551
535,화서,2015-06,2종,1630
535,화서,2015-06,3종,2286
535,화서,2015-06,4종,1337
535,화서,2015-06,5종,2442
535,화서,2015-06,6종,2453
536,남상주,2015-06,1종,102018
536,남상주,2015-06,2종,4931
536,남상주,2015-06,3종,10088
536,남상주,2015-06,4종,6156
536,남상주,2015-06,5종,4259
536,남상주,2015-06,6종,4104
537,남김천,2015-06,1종,73542
537,남김천,2015-06,2종,5333
537,남김천,2015-06,3종,5811
537,남김천,2015-06,4종,6827
537,남김천,2015-06,5종,13084
537,남김천,2015-06,6종,2680
538,성주,2015-06,1종,85021
538,성주,2015-06,2종,7181
538,성주,2015-06,3종,6746
538,성주,2015-06,4종,7435
538,성주,2015-06,5종,7562
538,성주,2015-06,6종,3383
539,남성주,2015-06,1종,55712
539,남성주,2015-06,2종,7320
539,남성주,2015-06,3종,3742
539,남성주,2015-06,4종,5783
539,남성주,2015-06,5종,8366
539,남성주,2015-06,6종,2229
540,청북,2015-06,1종,425218
540,청북,2015-06,2종,45681
540,청북,2015-06,3종,48894
540,청북,2015-06,4종,38838
540,청북,2015-06,5종,48795
540,청북,2015-06,6종,26196
541,송탄,2015-06,1종,381583
541,송탄,2015-06,2종,39465
541,송탄,2015-06,3종,37819
541,송탄,2015-06,4종,37274
541,송탄,2015-06,5종,27576
541,송탄,2015-06,6종,21871
542,서안성,2015-06,1종,358120
542,서안성,2015-06,2종,32941
542,서안성,2015-06,3종,44833
542,서안성,2015-06,4종,43817
542,서안성,2015-06,5종,31755
542,서안성,2015-06,6종,17098
543,남안성,2015-06,1종,534628
543,남안성,2015-06,2종,50303
543,남안성,2015-06,3종,49600
543,남안성,2015-06,4종,46464
543,남안성,2015-06,5종,47394
543,남안성,2015-06,6종,29577
544,완주,2015-06,1종,142862
544,완주,2015-06,2종,6136
544,완주,2015-06,3종,7736
544,완주,2015-06,4종,7839
544,완주,2015-06,5종,13070
544,완주,2015-06,6종,5163
545,소양,2015-06,1종,133597
545,소양,2015-06,2종,4606
545,소양,2015-06,3종,9095
545,소양,2015-06,4종,2912
545,소양,2015-06,5종,5268
545,소양,2015-06,6종,4378
546,진안,2015-06,1종,53926
546,진안,2015-06,2종,2594
546,진안,2015-06,3종,2163
546,진안,2015-06,4종,1409
546,진안,2015-06,5종,1160
546,진안,2015-06,6종,1941
547,무안공항,2015-06,1종,32427
547,무안공항,2015-06,2종,748
547,무안공항,2015-06,3종,1023
547,무안공항,2015-06,4종,256
547,무안공항,2015-06,5종,179
547,무안공항,2015-06,6종,1106
548,북무안,2015-06,1종,119366
548,북무안,2015-06,2종,3627
548,북무안,2015-06,3종,5258
548,북무안,2015-06,4종,3455
548,북무안,2015-06,5종,3074
548,북무안,2015-06,6종,3039
549,동함평,2015-06,1종,159757
549,동함평,2015-06,2종,4280
549,동함평,2015-06,3종,4929
549,동함평,2015-06,4종,1943
549,동함평,2015-06,5종,2746
549,동함평,2015-06,6종,6574
550,문평,2015-06,1종,38109
550,문평,2015-06,2종,1061
550,문평,2015-06,3종,1166
550,문평,2015-06,4종,662
550,문평,2015-06,5종,4205
550,문평,2015-06,6종,1264
551,나주,2015-06,1종,51335
551,나주,2015-06,2종,1729
551,나주,2015-06,3종,1302
551,나주,2015-06,4종,768
551,나주,2015-06,5종,1527
551,나주,2015-06,6종,2475
552,서광산,2015-06,1종,129609
552,서광산,2015-06,2종,6786
552,서광산,2015-06,3종,7134
552,서광산,2015-06,4종,3800
552,서광산,2015-06,5종,6459
552,서광산,2015-06,6종,4056
553,동광산,2015-06,1종,837370
553,동광산,2015-06,2종,19576
553,동광산,2015-06,3종,26597
553,동광산,2015-06,4종,11901
553,동광산,2015-06,5종,23080
553,동광산,2015-06,6종,28849
554,동홍천,2015-06,1종,429907
554,동홍천,2015-06,2종,5983
554,동홍천,2015-06,3종,17503
554,동홍천,2015-06,4종,2826
554,동홍천,2015-06,5종,3303
554,동홍천,2015-06,6종,17774
555,북진천,2015-06,1종,304319
555,북진천,2015-06,2종,37673
555,북진천,2015-06,3종,36165
555,북진천,2015-06,4종,30342
555,북진천,2015-06,5종,30901
555,북진천,2015-06,6종,14531
556,동순천,2015-06,1종,221933
556,동순천,2015-06,2종,6195
556,동순천,2015-06,3종,12834
556,동순천,2015-06,4종,11804
556,동순천,2015-06,5종,39682
556,동순천,2015-06,6종,6631
557,황전,2015-06,1종,73192
557,황전,2015-06,2종,1813
557,황전,2015-06,3종,1377
557,황전,2015-06,4종,1271
557,황전,2015-06,5종,3131
557,황전,2015-06,6종,2911
558,구례화엄사,2015-06,1종,84169
558,구례화엄사,2015-06,2종,2763
558,구례화엄사,2015-06,3종,3718
558,구례화엄사,2015-06,4종,3183
558,구례화엄사,2015-06,5종,5488
558,구례화엄사,2015-06,6종,2653
559,서남원,2015-06,1종,49847
559,서남원,2015-06,2종,2794
559,서남원,2015-06,3종,2283
559,서남원,2015-06,4종,2883
559,서남원,2015-06,5종,8291
559,서남원,2015-06,6종,1655
560,감곡,2015-06,1종,299595
560,감곡,2015-06,2종,14139
560,감곡,2015-06,3종,16239
560,감곡,2015-06,4종,21892
560,감곡,2015-06,5종,42142
560,감곡,2015-06,6종,10839
561,북충주,2015-06,1종,140210
561,북충주,2015-06,2종,4324
561,북충주,2015-06,3종,8030
561,북충주,2015-06,4종,3347
561,북충주,2015-06,5종,4526
561,북충주,2015-06,6종,4871
562,충주,2015-06,1종,170754
562,충주,2015-06,2종,7915
562,충주,2015-06,3종,13589
562,충주,2015-06,4종,10509
562,충주,2015-06,5종,9857
562,충주,2015-06,6종,6377
563,괴산,2015-06,1종,61539
563,괴산,2015-06,2종,2072
563,괴산,2015-06,3종,3217
563,괴산,2015-06,4종,3266
563,괴산,2015-06,5종,6320
563,괴산,2015-06,6종,2031
564,연풍,2015-06,1종,48595
564,연풍,2015-06,2종,3026
564,연풍,2015-06,3종,7111
564,연풍,2015-06,4종,6266
564,연풍,2015-06,5종,7145
564,연풍,2015-06,6종,1376
565,문경새재,2015-06,1종,74928
565,문경새재,2015-06,2종,3313
565,문경새재,2015-06,3종,6003
565,문경새재,2015-06,4종,5396
565,문경새재,2015-06,5종,4760
565,문경새재,2015-06,6종,2386
566,점촌함창,2015-06,1종,120828
566,점촌함창,2015-06,2종,4395
566,점촌함창,2015-06,3종,9968
566,점촌함창,2015-06,4종,6168
566,점촌함창,2015-06,5종,7319
566,점촌함창,2015-06,6종,4017
567,남고창,2015-06,1종,107503
567,남고창,2015-06,2종,3778
567,남고창,2015-06,3종,3205
567,남고창,2015-06,4종,2224
567,남고창,2015-06,5종,2783
567,남고창,2015-06,6종,4201
568,장성물류,2015-06,1종,36871
568,장성물류,2015-06,2종,8400
568,장성물류,2015-06,3종,4097
568,장성물류,2015-06,4종,8852
568,장성물류,2015-06,5종,10416
568,장성물류,2015-06,6종,1093
569,북광주,2015-06,1종,318887
569,북광주,2015-06,2종,20545
569,북광주,2015-06,3종,12419
569,북광주,2015-06,4종,19458
569,북광주,2015-06,5종,29558
569,북광주,2015-06,6종,11121
570,북상주,2015-06,1종,102728
570,북상주,2015-06,2종,7524
570,북상주,2015-06,3종,11694
570,북상주,2015-06,4종,14015
570,북상주,2015-06,5종,9639
570,북상주,2015-06,6종,3445
571,면천,2015-06,1종,86432
571,면천,2015-06,2종,3447
571,면천,2015-06,3종,3813
571,면천,2015-06,4종,4016
571,면천,2015-06,5종,7185
571,면천,2015-06,6종,3628
572,고덕,2015-06,1종,111369
572,고덕,2015-06,2종,3976
572,고덕,2015-06,3종,6043
572,고덕,2015-06,4종,3774
572,고덕,2015-06,5종,6673
572,고덕,2015-06,6종,4706
573,예산수덕사,2015-06,1종,282474
573,예산수덕사,2015-06,2종,10575
573,예산수덕사,2015-06,3종,10694
573,예산수덕사,2015-06,4종,10810
573,예산수덕사,2015-06,5종,14559
573,예산수덕사,2015-06,6종,10803
574,신양,2015-06,1종,74910
574,신양,2015-06,2종,2762
574,신양,2015-06,3종,2394
574,신양,2015-06,4종,2851
574,신양,2015-06,5종,3384
574,신양,2015-06,6종,2722
575,유구,2015-06,1종,71926
575,유구,2015-06,2종,3552
575,유구,2015-06,3종,3699
575,유구,2015-06,4종,4327
575,유구,2015-06,5종,5369
575,유구,2015-06,6종,2742
576,마곡사,2015-06,1종,44042
576,마곡사,2015-06,2종,1170
576,마곡사,2015-06,3종,1158
576,마곡사,2015-06,4종,1048
576,마곡사,2015-06,5종,1034
576,마곡사,2015-06,6종,1725
577,공주,2015-06,1종,151940
577,공주,2015-06,2종,6854
577,공주,2015-06,3종,6363
577,공주,2015-06,4종,2314
577,공주,2015-06,5종,4005
577,공주,2015-06,6종,7385
578,서세종,2015-06,1종,199036
578,서세종,2015-06,2종,11294
578,서세종,2015-06,3종,8115
578,서세종,2015-06,4종,6177
578,서세종,2015-06,5종,8508
578,서세종,2015-06,6종,8799
579,남세종,2015-06,1종,377190
579,남세종,2015-06,2종,8568
579,남세종,2015-06,3종,8935
579,남세종,2015-06,4종,5259
579,남세종,2015-06,5종,8699
579,남세종,2015-06,6종,20901
580,북강릉,2015-06,1종,175101
580,북강릉,2015-06,2종,5521
580,북강릉,2015-06,3종,6918
580,북강릉,2015-06,4종,2529
580,북강릉,2015-06,5종,6947
580,북강릉,2015-06,6종,8089
581,옥계,2015-06,1종,52147
581,옥계,2015-06,2종,2100
581,옥계,2015-06,3종,1784
581,옥계,2015-06,4종,3391
581,옥계,2015-06,5종,16089
581,옥계,2015-06,6종,3285
582,망상,2015-06,1종,104747
582,망상,2015-06,2종,3541
582,망상,2015-06,3종,12605
582,망상,2015-06,4종,1404
582,망상,2015-06,5종,1452
582,망상,2015-06,6종,6781
583,동해,2015-06,1종,305250
583,동해,2015-06,2종,10753
583,동해,2015-06,3종,12839
583,동해,2015-06,4종,9390
583,동해,2015-06,5종,27442
583,동해,2015-06,6종,14932
584,남강릉,2015-06,1종,110358
584,남강릉,2015-06,2종,6940
584,남강릉,2015-06,3종,8688
584,남강릉,2015-06,4종,3598
584,남강릉,2015-06,5종,4927
584,남강릉,2015-06,6종,7391
585,하조대,2015-06,1종,137234
585,하조대,2015-06,2종,4539
585,하조대,2015-06,3종,8647
585,하조대,2015-06,4종,2735
585,하조대,2015-06,5종,3305
585,하조대,2015-06,6종,6015
586,북남원,2015-06,1종,21958
586,북남원,2015-06,2종,819
586,북남원,2015-06,3종,811
586,북남원,2015-06,4종,349
586,북남원,2015-06,5종,1926
586,북남원,2015-06,6종,601
587,오수,2015-06,1종,128717
587,오수,2015-06,2종,4828
587,오수,2015-06,3종,6451
587,오수,2015-06,4종,4412
587,오수,2015-06,5종,7437
587,오수,2015-06,6종,4182
588,임실,2015-06,1종,43294
588,임실,2015-06,2종,2313
588,임실,2015-06,3종,2394
588,임실,2015-06,4종,1244
588,임실,2015-06,5종,3522
588,임실,2015-06,6종,1530
589,상관,2015-06,1종,138368
589,상관,2015-06,2종,4577
589,상관,2015-06,3종,7632
589,상관,2015-06,4종,5406
589,상관,2015-06,5종,28189
589,상관,2015-06,6종,4196
590,동전주,2015-06,1종,158361
590,동전주,2015-06,2종,3306
590,동전주,2015-06,3종,2784
590,동전주,2015-06,4종,1979
590,동전주,2015-06,5종,4830
590,동전주,2015-06,6종,6003
591,동서천,2015-06,1종,44952
591,동서천,2015-06,2종,1549
591,동서천,2015-06,3종,1666
591,동서천,2015-06,4종,1875
591,동서천,2015-06,5종,4091
591,동서천,2015-06,6종,1433
592,서부여,2015-06,1종,56626
592,서부여,2015-06,2종,2684
592,서부여,2015-06,3종,2280
592,서부여,2015-06,4종,1972
592,서부여,2015-06,5종,2059
592,서부여,2015-06,6종,2496
593,부여,2015-06,1종,74084
593,부여,2015-06,2종,2785
593,부여,2015-06,3종,3174
593,부여,2015-06,4종,2995
593,부여,2015-06,5종,3110
593,부여,2015-06,6종,2822
594,칠갑산,2015-06,1종,52806
594,칠갑산,2015-06,2종,1638
594,칠갑산,2015-06,3종,2212
594,칠갑산,2015-06,4종,1532
594,칠갑산,2015-06,5종,904
594,칠갑산,2015-06,6종,2005
595,서공주,2015-06,1종,52931
595,서공주,2015-06,2종,3094
595,서공주,2015-06,3종,2279
595,서공주,2015-06,4종,2384
595,서공주,2015-06,5종,3925
595,서공주,2015-06,6종,2053
596,가락2,2015-06,1종,60725
596,가락2,2015-06,2종,6738
596,가락2,2015-06,3종,6541
596,가락2,2015-06,4종,14433
596,가락2,2015-06,5종,57555
596,가락2,2015-06,6종,3635
597,서여주,2015-06,1종,128524
597,서여주,2015-06,2종,6749
597,서여주,2015-06,3종,6483
597,서여주,2015-06,4종,6617
597,서여주,2015-06,5종,5532
597,서여주,2015-06,6종,6959
598,북여주,2015-06,1종,84376
598,북여주,2015-06,2종,3329
598,북여주,2015-06,3종,2313
598,북여주,2015-06,4종,2210
598,북여주,2015-06,5종,3646
598,북여주,2015-06,6종,3632
599,양촌,2015-06,1종,31488
599,양촌,2015-06,2종,617
599,양촌,2015-06,3종,97
599,양촌,2015-06,4종,7
599,양촌,2015-06,5종,6
599,양촌,2015-06,6종,1106
601,남천안,2015-06,1종,242890
601,남천안,2015-06,2종,19136
601,남천안,2015-06,3종,23358
601,남천안,2015-06,4종,22811
601,남천안,2015-06,5종,18670
601,남천안,2015-06,6종,10516
602,풍세상,2015-06,1종,1153784
602,풍세상,2015-06,2종,38228
602,풍세상,2015-06,3종,132472
602,풍세상,2015-06,4종,73608
602,풍세상,2015-06,5종,65118
602,풍세상,2015-06,6종,52058
603,정안,2015-06,1종,212938
603,정안,2015-06,2종,8050
603,정안,2015-06,3종,21971
603,정안,2015-06,4종,11239
603,정안,2015-06,5종,9175
603,정안,2015-06,6종,9173
604,남공주,2015-06,1종,51362
604,남공주,2015-06,2종,2706
604,남공주,2015-06,3종,3543
604,남공주,2015-06,4종,2392
604,남공주,2015-06,5종,3667
604,남공주,2015-06,6종,2156
605,탄천,2015-06,1종,20418
605,탄천,2015-06,2종,1465
605,탄천,2015-06,3종,1158
605,탄천,2015-06,4종,1529
605,탄천,2015-06,5종,1416
605,탄천,2015-06,6종,744
606,서논산,2015-06,1종,94739
606,서논산,2015-06,2종,5534
606,서논산,2015-06,3종,7796
606,서논산,2015-06,4종,6568
606,서논산,2015-06,5종,7755
606,서논산,2015-06,6종,3733
607,연무,2015-06,1종,54235
607,연무,2015-06,2종,2378
607,연무,2015-06,3종,2793
607,연무,2015-06,4종,2436
607,연무,2015-06,5종,2950
607,연무,2015-06,6종,1891
608,남논산하,2015-06,1종,624068
608,남논산하,2015-06,2종,19698
608,남논산하,2015-06,3종,84948
608,남논산하,2015-06,4종,35514
608,남논산하,2015-06,5종,51312
608,남논산하,2015-06,6종,24536
612,풍세하,2015-06,1종,1148442
612,풍세하,2015-06,2종,36040
612,풍세하,2015-06,3종,134262
612,풍세하,2015-06,4종,53872
612,풍세하,2015-06,5종,50996
612,풍세하,2015-06,6종,52022
613,남풍세,2015-06,1종,124717
613,남풍세,2015-06,2종,6808
613,남풍세,2015-06,3종,9181
613,남풍세,2015-06,4종,7928
613,남풍세,2015-06,5종,12422
613,남풍세,2015-06,6종,5718
618,남논산상,2015-06,1종,618068
618,남논산상,2015-06,2종,20408
618,남논산상,2015-06,3종,83410
618,남논산상,2015-06,4종,40950
618,남논산상,2015-06,5종,58034
618,남논산상,2015-06,6종,23868
621,동대구,2015-06,1종,814172
621,동대구,2015-06,2종,31455
621,동대구,2015-06,3종,39482
621,동대구,2015-06,4종,22735
621,동대구,2015-06,5종,29416
621,동대구,2015-06,6종,40331
622,대구,2015-06,1종,1070344
622,대구,2015-06,2종,45846
622,대구,2015-06,3종,63102
622,대구,2015-06,4종,51762
622,대구,2015-06,5종,87144
622,대구,2015-06,6종,56800
623,수성,2015-06,1종,703901
623,수성,2015-06,2종,19012
623,수성,2015-06,3종,13180
623,수성,2015-06,4종,7338
623,수성,2015-06,5종,7853
623,수성,2015-06,6종,33623
624,청도,2015-06,1종,204935
624,청도,2015-06,2종,8804
624,청도,2015-06,3종,7632
624,청도,2015-06,4종,5967
624,청도,2015-06,5종,9489
624,청도,2015-06,6종,9084
625,밀양,2015-06,1종,289304
625,밀양,2015-06,2종,13712
625,밀양,2015-06,3종,11548
625,밀양,2015-06,4종,9561
625,밀양,2015-06,5종,12857
625,밀양,2015-06,6종,12926
626,남밀양,2015-06,1종,356336
626,남밀양,2015-06,2종,20660
626,남밀양,2015-06,3종,17978
626,남밀양,2015-06,4종,13691
626,남밀양,2015-06,5종,18540
626,남밀양,2015-06,6종,20948
627,삼랑진,2015-06,1종,237043
627,삼랑진,2015-06,2종,10502
627,삼랑진,2015-06,3종,7975
627,삼랑진,2015-06,4종,6276
627,삼랑진,2015-06,5종,11302
627,삼랑진,2015-06,6종,14800
628,상동,2015-06,1종,235201
628,상동,2015-06,2종,23454
628,상동,2015-06,3종,15772
628,상동,2015-06,4종,23159
628,상동,2015-06,5종,28703
628,상동,2015-06,6종,13952
629,김해부산,2015-06,1종,1145022
629,김해부산,2015-06,2종,61058
629,김해부산,2015-06,3종,70248
629,김해부산,2015-06,4종,70888
629,김해부산,2015-06,5종,98180
629,김해부산,2015-06,6종,64860
641,울산,2015-06,1종,1133334
641,울산,2015-06,2종,48187
641,울산,2015-06,3종,71872
641,울산,2015-06,4종,47737
641,울산,2015-06,5종,123965
641,울산,2015-06,6종,57023
642,문수,2015-06,1종,118443
642,문수,2015-06,2종,5435
642,문수,2015-06,3종,6476
642,문수,2015-06,4종,9257
642,문수,2015-06,5종,24135
642,문수,2015-06,6종,7257
643,청량,2015-06,1종,549062
643,청량,2015-06,2종,13342
643,청량,2015-06,3종,14725
643,청량,2015-06,4종,20807
643,청량,2015-06,5종,87248
643,청량,2015-06,6종,35406
644,온양,2015-06,1종,187193
644,온양,2015-06,2종,4059
644,온양,2015-06,3종,3115
644,온양,2015-06,4종,3149
644,온양,2015-06,5종,12717
644,온양,2015-06,6종,12919
645,장안,2015-06,1종,335306
645,장안,2015-06,2종,7859
645,장안,2015-06,3종,6057
645,장안,2015-06,4종,6298
645,장안,2015-06,5종,17243
645,장안,2015-06,6종,23009
646,기장일광,2015-06,1종,292163
646,기장일광,2015-06,2종,3196
646,기장일광,2015-06,3종,2874
646,기장일광,2015-06,4종,2494
646,기장일광,2015-06,5종,11511
646,기장일광,2015-06,6종,17549
647,해운대송정,2015-06,1종,120432
647,해운대송정,2015-06,2종,1376
647,해운대송정,2015-06,3종,733
647,해운대송정,2015-06,4종,493
647,해운대송정,2015-06,5종,2117
647,해운대송정,2015-06,6종,7507
648,해운대,2015-06,1종,780782
648,해운대,2015-06,2종,9002
648,해운대,2015-06,3종,9070
648,해운대,2015-06,4종,7680
648,해운대,2015-06,5종,53530
648,해운대,2015-06,6종,48138
651,남양주,2015-06,1종,1609484
651,남양주,2015-06,2종,35807
651,남양주,2015-06,3종,56103
651,남양주,2015-06,4종,16959
651,남양주,2015-06,5종,16555
651,남양주,2015-06,6종,86932
652,화도,2015-06,1종,910628
652,화도,2015-06,2종,30998
652,화도,2015-06,3종,29627
652,화도,2015-06,4종,14005
652,화도,2015-06,5종,12070
652,화도,2015-06,6종,64915
653,서종,2015-06,1종,201793
653,서종,2015-06,2종,2025
653,서종,2015-06,3종,1018
653,서종,2015-06,4종,1009
653,서종,2015-06,5종,1424
653,서종,2015-06,6종,11593
654,설악,2015-06,1종,255134
654,설악,2015-06,2종,3451
654,설악,2015-06,3종,4438
654,설악,2015-06,4종,1663
654,설악,2015-06,5종,2555
654,설악,2015-06,6종,12254
655,강촌,2015-06,1종,160882
655,강촌,2015-06,2종,2203
655,강촌,2015-06,3종,3472
655,강촌,2015-06,4종,1783
655,강촌,2015-06,5종,1589
655,강촌,2015-06,6종,6544
656,남춘천,2015-06,1종,172320
656,남춘천,2015-06,2종,2943
656,남춘천,2015-06,3종,9911
656,남춘천,2015-06,4종,1999
656,남춘천,2015-06,5종,4137
656,남춘천,2015-06,6종,8487
657,동산,2015-06,1종,621450
657,동산,2015-06,2종,10558
657,동산,2015-06,3종,24350
657,동산,2015-06,4종,6836
657,동산,2015-06,5종,8436
657,동산,2015-06,6종,32674
658,조양,2015-06,1종,33805
658,조양,2015-06,2종,565
658,조양,2015-06,3종,425
658,조양,2015-06,4종,736
658,조양,2015-06,5종,701
658,조양,2015-06,6종,1235
671,봉담,2015-06,1종,1191573
671,봉담,2015-06,2종,58207
671,봉담,2015-06,3종,43438
671,봉담,2015-06,4종,23402
671,봉담,2015-06,5종,30003
671,봉담,2015-06,6종,94468
672,정남,2015-06,1종,358558
672,정남,2015-06,2종,20611
672,정남,2015-06,3종,12425
672,정남,2015-06,4종,9947
672,정남,2015-06,5종,5169
672,정남,2015-06,6종,29302
673,북오산,2015-06,1종,775916
673,북오산,2015-06,2종,28115
673,북오산,2015-06,3종,26946
673,북오산,2015-06,4종,27198
673,북오산,2015-06,5종,11730
673,북오산,2015-06,6종,58231
674,,2015-06,1종,847670
674,,2015-06,2종,42537
674,,2015-06,3종,58268
674,,2015-06,4종,22597
674,,2015-06,5종,25496
674,,2015-06,6종,60971
675,서오산,2015-06,1종,778735
675,서오산,2015-06,2종,26212
675,서오산,2015-06,3종,19030
675,서오산,2015-06,4종,17738
675,서오산,2015-06,5종,18117
675,서오산,2015-06,6종,56386
676,향남,2015-06,1종,553234
676,향남,2015-06,2종,37122
676,향남,2015-06,3종,25580
676,향남,2015-06,4종,31816
676,향남,2015-06,5종,17114
676,향남,2015-06,6종,45071
677,북평택,2015-06,1종,880824
677,북평택,2015-06,2종,34853
677,북평택,2015-06,3종,42374
677,북평택,2015-06,4종,18634
677,북평택,2015-06,5종,31563
677,북평택,2015-06,6종,58031
681,장안본선,2015-06,1종,954894
681,장안본선,2015-06,2종,78240
681,장안본선,2015-06,3종,134412
681,장안본선,2015-06,4종,99400
681,장안본선,2015-06,5종,176146
681,장안본선,2015-06,6종,54964
682,조암,2015-06,1종,322069
682,조암,2015-06,2종,38875
682,조암,2015-06,3종,35023
682,조암,2015-06,4종,23537
682,조암,2015-06,5종,25957
682,조암,2015-06,6종,20140
683,송산마도,2015-06,1종,579753
683,송산마도,2015-06,2종,37814
683,송산마도,2015-06,3종,27961
683,송산마도,2015-06,4종,22545
683,송산마도,2015-06,5종,41041
683,송산마도,2015-06,6종,35352
684,남안산,2015-06,1종,716958
684,남안산,2015-06,2종,75346
684,남안산,2015-06,3종,65540
684,남안산,2015-06,4종,52934
684,남안산,2015-06,5종,78015
684,남안산,2015-06,6종,51902
685,서시흥,2015-06,1종,1193608
685,서시흥,2015-06,2종,76522
685,서시흥,2015-06,3종,111443
685,서시흥,2015-06,4종,73148
685,서시흥,2015-06,5종,155145
685,서시흥,2015-06,6종,73429
981,서영암,2015-06,1종,199790
981,서영암,2015-06,2종,5019
981,서영암,2015-06,3종,8918
981,서영암,2015-06,4종,7650
981,서영암,2015-06,5종,17938
981,서영암,2015-06,6종,6183
982,강진무위사,2015-06,1종,115343
982,강진무위사,2015-06,2종,3257
982,강진무위사,2015-06,3종,5203
982,강진무위사,2015-06,4종,3692
982,강진무위사,2015-06,5종,4858
982,강진무위사,2015-06,6종,3463
983,장흥,2015-06,1종,86668
983,장흥,2015-06,2종,1937
983,장흥,2015-06,3종,2120
983,장흥,2015-06,4종,978
983,장흥,2015-06,5종,1398
983,장흥,2015-06,6종,2607
984,보성,2015-06,1종,166612
984,보성,2015-06,2종,5899
984,보성,2015-06,3종,5585
984,보성,2015-06,4종,5129
984,보성,2015-06,5종,12424
984,보성,2015-06,6종,4758
985,벌교,2015-06,1종,117362
985,벌교,2015-06,2종,4057
985,벌교,2015-06,3종,3257
985,벌교,2015-06,4종,2168
985,벌교,2015-06,5종,3309
985,벌교,2015-06,6종,3102
986,고흥,2015-06,1종,159300
986,고흥,2015-06,2종,3832
986,고흥,2015-06,3종,4513
986,고흥,2015-06,4종,3199
986,고흥,2015-06,5종,5017
986,고흥,2015-06,6종,5328
987,남순천,2015-06,1종,412063
987,남순천,2015-06,2종,10989
987,남순천,2015-06,3종,15334
987,남순천,2015-06,4종,15184
987,남순천,2015-06,5종,35697
987,남순천,2015-06,6종,12520
11,인천,2015-07,1종,3811784
11,인천,2015-07,2종,123214
11,인천,2015-07,3종,85135
11,인천,2015-07,4종,68379
11,인천,2015-07,5종,132734
11,인천,2015-07,6종,355825
12,서영암(개),2015-07,1종,42838
12,서영암(개),2015-07,2종,817
12,서영암(개),2015-07,3종,747
12,서영암(개),2015-07,4종,405
12,서영암(개),2015-07,5종,688
12,서영암(개),2015-07,6종,2366
13,순천만,2015-07,1종,117379
13,순천만,2015-07,2종,3932
13,순천만,2015-07,3종,3885
13,순천만,2015-07,4종,2317
13,순천만,2015-07,5종,8051
13,순천만,2015-07,6종,5694
29,가락(개),2015-07,1종,748063
29,가락(개),2015-07,2종,22641
29,가락(개),2015-07,3종,22902
29,가락(개),2015-07,4종,26370
29,가락(개),2015-07,5종,113448
29,가락(개),2015-07,6종,62860
53,남인천,2015-07,1종,1767927
53,남인천,2015-07,2종,42771
53,남인천,2015-07,3종,55689
53,남인천,2015-07,4종,20165
53,남인천,2015-07,5종,61135
53,남인천,2015-07,6종,153710
56,일로,2015-07,1종,37676
56,일로,2015-07,2종,2287
56,일로,2015-07,3종,517
56,일로,2015-07,4종,476
56,일로,2015-07,5종,1661
56,일로,2015-07,6종,2331
61,성남,2015-07,1종,4098521
61,성남,2015-07,2종,159653
61,성남,2015-07,3종,153773
61,성남,2015-07,4종,98060
61,성남,2015-07,5종,92688
61,성남,2015-07,6종,290182
62,구리남양주,2015-07,1종,5117302
62,구리남양주,2015-07,2종,212892
62,구리남양주,2015-07,3종,193510
62,구리남양주,2015-07,4종,139033
62,구리남양주,2015-07,5종,116108
62,구리남양주,2015-07,6종,386300
63,토평,2015-07,1종,470194
63,토평,2015-07,2종,14828
63,토평,2015-07,3종,7729
63,토평,2015-07,4종,11071
63,토평,2015-07,5종,7769
63,토평,2015-07,6종,39393
64,청계,2015-07,1종,4833990
64,청계,2015-07,2종,156537
64,청계,2015-07,3종,157087
64,청계,2015-07,4종,54451
64,청계,2015-07,5종,85326
64,청계,2015-07,6종,370703
65,판교,2015-07,1종,2994625
65,판교,2015-07,2종,43747
65,판교,2015-07,3종,188442
65,판교,2015-07,4종,16535
65,판교,2015-07,5종,13512
65,판교,2015-07,6종,177494
66,하남,2015-07,1종,947675
66,하남,2015-07,2종,29980
66,하남,2015-07,3종,18072
66,하남,2015-07,4종,8841
66,하남,2015-07,5종,10851
66,하남,2015-07,6종,72840
67,시흥,2015-07,1종,3872641
67,시흥,2015-07,2종,136635
67,시흥,2015-07,3종,128579
67,시흥,2015-07,4종,77019
67,시흥,2015-07,5종,77534
67,시흥,2015-07,6종,300953
68,김포,2015-07,1종,4716947
68,김포,2015-07,2종,181213
68,김포,2015-07,3종,141980
68,김포,2015-07,4종,82149
68,김포,2015-07,5종,119003
68,김포,2015-07,6종,393129
69,대왕판교,2015-07,1종,199489
69,대왕판교,2015-07,2종,1230
69,대왕판교,2015-07,3종,217
69,대왕판교,2015-07,4종,50
69,대왕판교,2015-07,5종,31
69,대왕판교,2015-07,6종,11242
74,덕소삼패,2015-07,1종,334059
74,덕소삼패,2015-07,2종,6368
74,덕소삼패,2015-07,3종,5694
74,덕소삼패,2015-07,4종,8938
74,덕소삼패,2015-07,5종,15590
74,덕소삼패,2015-07,6종,27203
91,대동(개),2015-07,1종,140279
91,대동(개),2015-07,2종,10545
91,대동(개),2015-07,3종,6200
91,대동(개),2015-07,4종,17308
91,대동(개),2015-07,5종,17716
91,대동(개),2015-07,6종,9931
92,내서,2015-07,1종,229673
92,내서,2015-07,2종,9026
92,내서,2015-07,3종,10238
92,내서,2015-07,4종,3879
92,내서,2015-07,5종,7173
92,내서,2015-07,6종,20429
101,서울,2015-07,1종,5471761
101,서울,2015-07,2종,191648
101,서울,2015-07,3종,559907
101,서울,2015-07,4종,97127
101,서울,2015-07,5종,54574
101,서울,2015-07,6종,259525
102,동수원,2015-07,1종,2257006
102,동수원,2015-07,2종,41928
102,동수원,2015-07,3종,82775
102,동수원,2015-07,4종,14552
102,동수원,2015-07,5종,31368
102,동수원,2015-07,6종,146959
103,수원신갈,2015-07,1종,2503361
103,수원신갈,2015-07,2종,101743
103,수원신갈,2015-07,3종,166747
103,수원신갈,2015-07,4종,42263
103,수원신갈,2015-07,5종,29599
103,수원신갈,2015-07,6종,141322
104,지곡,2015-07,1종,47383
104,지곡,2015-07,2종,1806
104,지곡,2015-07,3종,2668
104,지곡,2015-07,4종,1908
104,지곡,2015-07,5종,2218
104,지곡,2015-07,6종,1919
105,기흥,2015-07,1종,530174
105,기흥,2015-07,2종,24674
105,기흥,2015-07,3종,14708
105,기흥,2015-07,4종,10160
105,기흥,2015-07,5종,10006
105,기흥,2015-07,6종,29661
106,오산,2015-07,1종,1206143
106,오산,2015-07,2종,93806
106,오산,2015-07,3종,109895
106,오산,2015-07,4종,51338
106,오산,2015-07,5종,34770
106,오산,2015-07,6종,77563
107,안성,2015-07,1종,853828
107,안성,2015-07,2종,32512
107,안성,2015-07,3종,51674
107,안성,2015-07,4종,17588
107,안성,2015-07,5종,13155
107,안성,2015-07,6종,56090
108,천안,2015-07,1종,1461126
108,천안,2015-07,2종,44962
108,천안,2015-07,3종,100530
108,천안,2015-07,4종,37308
108,천안,2015-07,5종,30252
108,천안,2015-07,6종,75224
109,계룡,2015-07,1종,133017
109,계룡,2015-07,2종,9630
109,계룡,2015-07,3종,9728
109,계룡,2015-07,4종,8618
109,계룡,2015-07,5종,4555
109,계룡,2015-07,6종,8160
110,독립기념관,2015-07,1종,327964
110,독립기념관,2015-07,2종,18531
110,독립기념관,2015-07,3종,21823
110,독립기념관,2015-07,4종,19847
110,독립기념관,2015-07,5종,15371
110,독립기념관,2015-07,6종,14359
111,청주,2015-07,1종,485328
111,청주,2015-07,2종,19949
111,청주,2015-07,3종,48217
111,청주,2015-07,4종,16867
111,청주,2015-07,5종,18648
111,청주,2015-07,6종,25043
112,남청주,2015-07,1종,522291
112,남청주,2015-07,2종,42374
112,남청주,2015-07,3종,40233
112,남청주,2015-07,4종,50419
112,남청주,2015-07,5종,44303
112,남청주,2015-07,6종,24063
113,신탄진,2015-07,1종,759067
113,신탄진,2015-07,2종,42597
113,신탄진,2015-07,3종,34970
113,신탄진,2015-07,4종,58639
113,신탄진,2015-07,5종,50871
113,신탄진,2015-07,6종,41899
114,남대전,2015-07,1종,336208
114,남대전,2015-07,2종,13123
114,남대전,2015-07,3종,12242
114,남대전,2015-07,4종,6779
114,남대전,2015-07,5종,9445
114,남대전,2015-07,6종,16726
115,대전,2015-07,1종,1364210
115,대전,2015-07,2종,38867
115,대전,2015-07,3종,78067
115,대전,2015-07,4종,17088
115,대전,2015-07,5종,14731
115,대전,2015-07,6종,74857
116,옥천,2015-07,1종,397947
116,옥천,2015-07,2종,21158
116,옥천,2015-07,3종,20782
116,옥천,2015-07,4종,38008
116,옥천,2015-07,5종,22668
116,옥천,2015-07,6종,23241
117,금강,2015-07,1종,54838
117,금강,2015-07,2종,1887
117,금강,2015-07,3종,1649
117,금강,2015-07,4종,4344
117,금강,2015-07,5종,1422
117,금강,2015-07,6종,2908
118,영동,2015-07,1종,96480
118,영동,2015-07,2종,5270
118,영동,2015-07,3종,4660
118,영동,2015-07,4종,3254
118,영동,2015-07,5종,7858
118,영동,2015-07,6종,3742
119,판암,2015-07,1종,509177
119,판암,2015-07,2종,14542
119,판암,2015-07,3종,10426
119,판암,2015-07,4종,6801
119,판암,2015-07,5종,6325
119,판암,2015-07,6종,30778
120,황간,2015-07,1종,92398
120,황간,2015-07,2종,3161
120,황간,2015-07,3종,4454
120,황간,2015-07,4종,4984
120,황간,2015-07,5종,5341
120,황간,2015-07,6종,3724
121,추풍령,2015-07,1종,43198
121,추풍령,2015-07,2종,1408
121,추풍령,2015-07,3종,2436
121,추풍령,2015-07,4종,1356
121,추풍령,2015-07,5종,1557
121,추풍령,2015-07,6종,1874
122,김천,2015-07,1종,229743
122,김천,2015-07,2종,7840
122,김천,2015-07,3종,11146
122,김천,2015-07,4종,9776
122,김천,2015-07,5종,8160
122,김천,2015-07,6종,10337
123,구미,2015-07,1종,802055
123,구미,2015-07,2종,20460
123,구미,2015-07,3종,35856
123,구미,2015-07,4종,19634
123,구미,2015-07,5종,15987
123,구미,2015-07,6종,39268
124,상주,2015-07,1종,115492
124,상주,2015-07,2종,5403
124,상주,2015-07,3종,6194
124,상주,2015-07,4종,6681
124,상주,2015-07,5종,8218
124,상주,2015-07,6종,3946
125,남구미,2015-07,1종,559266
125,남구미,2015-07,2종,21833
125,남구미,2015-07,3종,31426
125,남구미,2015-07,4종,22253
125,남구미,2015-07,5종,37495
125,남구미,2015-07,6종,31273
126,왜관,2015-07,1종,655550
126,왜관,2015-07,2종,43916
126,왜관,2015-07,3종,36349
126,왜관,2015-07,4종,25269
126,왜관,2015-07,5종,32293
126,왜관,2015-07,6종,30376
127,서대구,2015-07,1종,1971736
127,서대구,2015-07,2종,88477
127,서대구,2015-07,3종,104037
127,서대구,2015-07,4종,53670
127,서대구,2015-07,5종,62802
127,서대구,2015-07,6종,87095
128,금왕꽃동네,2015-07,1종,124736
128,금왕꽃동네,2015-07,2종,10925
128,금왕꽃동네,2015-07,3종,13949
128,금왕꽃동네,2015-07,4종,10252
128,금왕꽃동네,2015-07,5종,13370
128,금왕꽃동네,2015-07,6종,5848
129,북대구,2015-07,1종,1827983
129,북대구,2015-07,2종,60559
129,북대구,2015-07,3종,52642
129,북대구,2015-07,4종,26637
129,북대구,2015-07,5종,29628
129,북대구,2015-07,6종,79757
130,동김천,2015-07,1종,184308
130,동김천,2015-07,2종,7223
130,동김천,2015-07,3종,11477
130,동김천,2015-07,4종,9451
130,동김천,2015-07,5종,16663
130,동김천,2015-07,6종,7437
131,경산,2015-07,1종,859406
131,경산,2015-07,2종,74496
131,경산,2015-07,3종,57798
131,경산,2015-07,4종,47834
131,경산,2015-07,5종,40315
131,경산,2015-07,6종,45886
132,영천,2015-07,1종,430265
132,영천,2015-07,2종,25059
132,영천,2015-07,3종,30867
132,영천,2015-07,4종,25630
132,영천,2015-07,5종,42633
132,영천,2015-07,6종,17222
133,서경주,2015-07,1종,168925
133,서경주,2015-07,2종,8338
133,서경주,2015-07,3종,12812
133,서경주,2015-07,4종,10312
133,서경주,2015-07,5종,29898
133,서경주,2015-07,6종,5730
134,선산,2015-07,1종,87336
134,선산,2015-07,2종,4800
134,선산,2015-07,3종,5267
134,선산,2015-07,4종,5251
134,선산,2015-07,5종,9259
134,선산,2015-07,6종,2853
135,경주,2015-07,1종,895265
135,경주,2015-07,2종,37128
135,경주,2015-07,3종,72293
135,경주,2015-07,4종,47147
135,경주,2015-07,5종,98382
135,경주,2015-07,6종,34347
136,음성,2015-07,1종,172482
136,음성,2015-07,2종,8715
136,음성,2015-07,3종,11222
136,음성,2015-07,4종,8420
136,음성,2015-07,5종,10521
136,음성,2015-07,6종,6598
137,통도사,2015-07,1종,300394
137,통도사,2015-07,2종,17244
137,통도사,2015-07,3종,16011
137,통도사,2015-07,4종,12639
137,통도사,2015-07,5종,18154
137,통도사,2015-07,6종,15476
138,양산,2015-07,1종,744991
138,양산,2015-07,2종,78105
138,양산,2015-07,3종,49434
138,양산,2015-07,4종,49166
138,양산,2015-07,5종,62668
138,양산,2015-07,6종,41324
139,서울산,2015-07,1종,517108
139,서울산,2015-07,2종,27325
139,서울산,2015-07,3종,33224
139,서울산,2015-07,4종,16832
139,서울산,2015-07,5종,29468
139,서울산,2015-07,6종,26856
140,부산,2015-07,1종,1802577
140,부산,2015-07,2종,66070
140,부산,2015-07,3종,51388
140,부산,2015-07,4종,30840
140,부산,2015-07,5종,62412
140,부산,2015-07,6종,103498
142,군북,2015-07,1종,388283
142,군북,2015-07,2종,15991
142,군북,2015-07,3종,17069
142,군북,2015-07,4종,12149
142,군북,2015-07,5종,26858
142,군북,2015-07,6종,24326
143,장지,2015-07,1종,121128
143,장지,2015-07,2종,5777
143,장지,2015-07,3종,6328
143,장지,2015-07,4종,6141
143,장지,2015-07,5종,18225
143,장지,2015-07,6종,8011
144,함안,2015-07,1종,256404
144,함안,2015-07,2종,11084
144,함안,2015-07,3종,10766
144,함안,2015-07,4종,8034
144,함안,2015-07,5종,17854
144,함안,2015-07,6종,18082
145,산인,2015-07,1종,795955
145,산인,2015-07,2종,21301
145,산인,2015-07,3종,36009
145,산인,2015-07,4종,15552
145,산인,2015-07,5종,26286
145,산인,2015-07,6종,46332
146,동창원,2015-07,1종,605831
146,동창원,2015-07,2종,29245
146,동창원,2015-07,3종,25059
146,동창원,2015-07,4종,22548
146,동창원,2015-07,5종,31703
146,동창원,2015-07,6종,40692
147,진례,2015-07,1종,508836
147,진례,2015-07,2종,36516
147,진례,2015-07,3종,26667
147,진례,2015-07,4종,22164
147,진례,2015-07,5종,28467
147,진례,2015-07,6종,33440
148,서김해,2015-07,1종,835368
148,서김해,2015-07,2종,33019
148,서김해,2015-07,3종,29492
148,서김해,2015-07,4종,20804
148,서김해,2015-07,5종,38369
148,서김해,2015-07,6종,58715
149,동김해,2015-07,1종,1274521
149,동김해,2015-07,2종,41287
149,동김해,2015-07,3종,31119
149,동김해,2015-07,4종,15403
149,동김해,2015-07,5종,15273
149,동김해,2015-07,6종,94232
150,북부산,2015-07,1종,1931089
150,북부산,2015-07,2종,39567
150,북부산,2015-07,3종,38302
150,북부산,2015-07,4종,17798
150,북부산,2015-07,5종,35378
150,북부산,2015-07,6종,130906
151,북대전,2015-07,1종,743875
151,북대전,2015-07,2종,16919
151,북대전,2015-07,3종,32633
151,북대전,2015-07,4종,19880
151,북대전,2015-07,5종,19363
151,북대전,2015-07,6종,43481
152,유성,2015-07,1종,1073449
152,유성,2015-07,2종,23812
152,유성,2015-07,3종,35874
152,유성,2015-07,4종,17536
152,유성,2015-07,5종,11728
152,유성,2015-07,6종,50584
153,서대전,2015-07,1종,720786
153,서대전,2015-07,2종,20637
153,서대전,2015-07,3종,19159
153,서대전,2015-07,4종,16250
153,서대전,2015-07,5종,44601
153,서대전,2015-07,6종,74843
154,안영,2015-07,1종,449115
154,안영,2015-07,2종,15655
154,안영,2015-07,3종,11108
154,안영,2015-07,4종,5774
154,안영,2015-07,5종,10833
154,안영,2015-07,6종,24492
155,논산,2015-07,1종,211357
155,논산,2015-07,2종,16702
155,논산,2015-07,3종,17826
155,논산,2015-07,4종,15361
155,논산,2015-07,5종,13621
155,논산,2015-07,6종,9664
156,익산,2015-07,1종,279559
156,익산,2015-07,2종,22537
156,익산,2015-07,3종,28587
156,익산,2015-07,4종,20512
156,익산,2015-07,5종,29805
156,익산,2015-07,6종,9497
157,삼례,2015-07,1종,120895
157,삼례,2015-07,2종,7596
157,삼례,2015-07,3종,8731
157,삼례,2015-07,4종,6962
157,삼례,2015-07,5종,11103
157,삼례,2015-07,6종,3884
158,전주,2015-07,1종,448482
158,전주,2015-07,2종,17544
158,전주,2015-07,3종,50565
158,전주,2015-07,4종,20697
158,전주,2015-07,5종,38483
158,전주,2015-07,6종,14986
159,서전주,2015-07,1종,283733
159,서전주,2015-07,2종,13138
159,서전주,2015-07,3종,13131
159,서전주,2015-07,4종,7507
159,서전주,2015-07,5종,7948
159,서전주,2015-07,6종,9003
160,김제,2015-07,1종,125215
160,김제,2015-07,2종,7700
160,김제,2015-07,3종,9500
160,김제,2015-07,4종,4278
160,김제,2015-07,5종,3922
160,김제,2015-07,6종,3808
161,금산사,2015-07,1종,33643
161,금산사,2015-07,2종,1857
161,금산사,2015-07,3종,1945
161,금산사,2015-07,4종,610
161,금산사,2015-07,5종,2228
161,금산사,2015-07,6종,1024
162,태인,2015-07,1종,83863
162,태인,2015-07,2종,5927
162,태인,2015-07,3종,9688
162,태인,2015-07,4종,6104
162,태인,2015-07,5종,5698
162,태인,2015-07,6종,2743
163,정읍,2015-07,1종,234758
163,정읍,2015-07,2종,14315
163,정읍,2015-07,3종,22137
163,정읍,2015-07,4종,10418
163,정읍,2015-07,5종,9855
163,정읍,2015-07,6종,7901
164,무주,2015-07,1종,171422
164,무주,2015-07,2종,3738
164,무주,2015-07,3종,5627
164,무주,2015-07,4종,2901
164,무주,2015-07,5종,3187
164,무주,2015-07,6종,6146
165,백양사,2015-07,1종,78002
165,백양사,2015-07,2종,1971
165,백양사,2015-07,3종,3488
165,백양사,2015-07,4종,1437
165,백양사,2015-07,5종,1213
165,백양사,2015-07,6종,2055
166,장성,2015-07,1종,169995
166,장성,2015-07,2종,12830
166,장성,2015-07,3종,20387
166,장성,2015-07,4종,12100
166,장성,2015-07,5종,13968
166,장성,2015-07,6종,6180
167,광주,2015-07,1종,1029624
167,광주,2015-07,2종,36917
167,광주,2015-07,3종,83343
167,광주,2015-07,4종,47898
167,광주,2015-07,5종,28776
167,광주,2015-07,6종,32857
168,덕유산,2015-07,1종,72649
168,덕유산,2015-07,2종,1833
168,덕유산,2015-07,3종,1868
168,덕유산,2015-07,4종,788
168,덕유산,2015-07,5종,1857
168,덕유산,2015-07,6종,2014
169,장수,2015-07,1종,112057
169,장수,2015-07,2종,3970
169,장수,2015-07,3종,4767
169,장수,2015-07,4종,2640
169,장수,2015-07,5종,2809
169,장수,2015-07,6종,3514
170,서상,2015-07,1종,55655
170,서상,2015-07,2종,2451
170,서상,2015-07,3종,5140
170,서상,2015-07,4종,3652
170,서상,2015-07,5종,3024
170,서상,2015-07,6종,2194
171,마성,2015-07,1종,365047
171,마성,2015-07,2종,5753
171,마성,2015-07,3종,15599
171,마성,2015-07,4종,1465
171,마성,2015-07,5종,1249
171,마성,2015-07,6종,20928
172,용인,2015-07,1종,900162
172,용인,2015-07,2종,65420
172,용인,2015-07,3종,35018
172,용인,2015-07,4종,22338
172,용인,2015-07,5종,15294
172,용인,2015-07,6종,61235
173,양지,2015-07,1종,869076
173,양지,2015-07,2종,96811
173,양지,2015-07,3종,67765
173,양지,2015-07,4종,58475
173,양지,2015-07,5종,42890
173,양지,2015-07,6종,50404
174,춘천,2015-07,1종,729225
174,춘천,2015-07,2종,19591
174,춘천,2015-07,3종,25156
174,춘천,2015-07,4종,8622
174,춘천,2015-07,5종,7290
174,춘천,2015-07,6종,46928
175,덕평,2015-07,1종,314475
175,덕평,2015-07,2종,43843
175,덕평,2015-07,3종,26007
175,덕평,2015-07,4종,25158
175,덕평,2015-07,5종,12982
175,덕평,2015-07,6종,20102
176,이천,2015-07,1종,664186
176,이천,2015-07,2종,37156
176,이천,2015-07,3종,52876
176,이천,2015-07,4종,46195
176,이천,2015-07,5종,35316
176,이천,2015-07,6종,33006
177,여주,2015-07,1종,386415
177,여주,2015-07,2종,15685
177,여주,2015-07,3종,36994
177,여주,2015-07,4종,23219
177,여주,2015-07,5종,12759
177,여주,2015-07,6종,16037
178,문막,2015-07,1종,369167
178,문막,2015-07,2종,22020
178,문막,2015-07,3종,36435
178,문막,2015-07,4종,14951
178,문막,2015-07,5종,15857
178,문막,2015-07,6종,16208
179,홍천,2015-07,1종,323381
179,홍천,2015-07,2종,9700
179,홍천,2015-07,3종,16118
179,홍천,2015-07,4종,7571
179,홍천,2015-07,5종,6263
179,홍천,2015-07,6종,22224
180,원주,2015-07,1종,257687
180,원주,2015-07,2종,14836
180,원주,2015-07,3종,16610
180,원주,2015-07,4종,9046
180,원주,2015-07,5종,9142
180,원주,2015-07,6종,13344
181,새말,2015-07,1종,231610
181,새말,2015-07,2종,7926
181,새말,2015-07,3종,12714
181,새말,2015-07,4종,7588
181,새말,2015-07,5종,5120
181,새말,2015-07,6종,8615
182,둔내,2015-07,1종,123143
182,둔내,2015-07,2종,3643
182,둔내,2015-07,3종,5391
182,둔내,2015-07,4종,4433
182,둔내,2015-07,5종,3270
182,둔내,2015-07,6종,4919
183,면온,2015-07,1종,113212
183,면온,2015-07,2종,1884
183,면온,2015-07,3종,2778
183,면온,2015-07,4종,2914
183,면온,2015-07,5종,1916
183,면온,2015-07,6종,3521
184,대관령,2015-07,1종,249542
184,대관령,2015-07,2종,5726
184,대관령,2015-07,3종,14500
184,대관령,2015-07,4종,3451
184,대관령,2015-07,5종,3741
184,대관령,2015-07,6종,10479
185,평창,2015-07,1종,150521
185,평창,2015-07,2종,4835
185,평창,2015-07,3종,14676
185,평창,2015-07,4종,3302
185,평창,2015-07,5종,3348
185,평창,2015-07,6종,6390
186,속사,2015-07,1종,40512
186,속사,2015-07,2종,1362
186,속사,2015-07,3종,1838
186,속사,2015-07,4종,2684
186,속사,2015-07,5종,3014
186,속사,2015-07,6종,1391
187,진부,2015-07,1종,162562
187,진부,2015-07,2종,5109
187,진부,2015-07,3종,12544
187,진부,2015-07,4종,4911
187,진부,2015-07,5종,4356
187,진부,2015-07,6종,6709
188,서충주,2015-07,1종,115578
188,서충주,2015-07,2종,6054
188,서충주,2015-07,3종,8982
188,서충주,2015-07,4종,7280
188,서충주,2015-07,5종,8396
188,서충주,2015-07,6종,4699
189,강릉,2015-07,1종,532303
189,강릉,2015-07,2종,14111
189,강릉,2015-07,3종,39783
189,강릉,2015-07,4종,9746
189,강릉,2015-07,5종,12884
189,강릉,2015-07,6종,26920
190,동서울,2015-07,1종,3501850
190,동서울,2015-07,2종,186140
190,동서울,2015-07,3종,227386
190,동서울,2015-07,4종,113629
190,동서울,2015-07,5종,66281
190,동서울,2015-07,6종,169397
191,경기광주,2015-07,1종,797424
191,경기광주,2015-07,2종,43118
191,경기광주,2015-07,3종,36695
191,경기광주,2015-07,4종,11805
191,경기광주,2015-07,5종,6670
191,경기광주,2015-07,6종,57484
192,곤지암,2015-07,1종,850835
192,곤지암,2015-07,2종,72056
192,곤지암,2015-07,3종,54344
192,곤지암,2015-07,4종,37943
192,곤지암,2015-07,5종,22525
192,곤지암,2015-07,6종,49505
193,일죽,2015-07,1종,478420
193,일죽,2015-07,2종,36707
193,일죽,2015-07,3종,42688
193,일죽,2015-07,4종,37208
193,일죽,2015-07,5종,20338
193,일죽,2015-07,6종,19380
194,서이천,2015-07,1종,525447
194,서이천,2015-07,2종,63784
194,서이천,2015-07,3종,55075
194,서이천,2015-07,4종,35687
194,서이천,2015-07,5종,17125
194,서이천,2015-07,6종,31153
195,대소,2015-07,1종,297754
195,대소,2015-07,2종,42633
195,대소,2015-07,3종,45960
195,대소,2015-07,4종,34860
195,대소,2015-07,5종,23441
195,대소,2015-07,6종,13611
196,진천,2015-07,1종,276062
196,진천,2015-07,2종,17473
196,진천,2015-07,3종,22012
196,진천,2015-07,4종,20685
196,진천,2015-07,5종,17710
196,진천,2015-07,6종,12635
197,증평,2015-07,1종,361701
197,증평,2015-07,2종,21836
197,증평,2015-07,3종,26941
197,증평,2015-07,4종,18820
197,증평,2015-07,5종,18107
197,증평,2015-07,6종,15707
198,서청주,2015-07,1종,811896
198,서청주,2015-07,2종,33655
198,서청주,2015-07,3종,43495
198,서청주,2015-07,4종,31910
198,서청주,2015-07,5종,20401
198,서청주,2015-07,6종,41700
199,오창,2015-07,1종,548991
199,오창,2015-07,2종,22673
199,오창,2015-07,3종,32305
199,오창,2015-07,4종,20989
199,오창,2015-07,5종,20288
199,오창,2015-07,6종,28353
200,금산,2015-07,1종,163676
200,금산,2015-07,2종,3800
200,금산,2015-07,3종,6874
200,금산,2015-07,4종,4472
200,금산,2015-07,5종,6971
200,금산,2015-07,6종,6832
201,칠곡,2015-07,1종,613881
201,칠곡,2015-07,2종,24501
201,칠곡,2015-07,3종,20283
201,칠곡,2015-07,4종,9448
201,칠곡,2015-07,5종,13585
201,칠곡,2015-07,6종,30585
202,다부,2015-07,1종,129036
202,다부,2015-07,2종,7571
202,다부,2015-07,3종,5724
202,다부,2015-07,4종,3072
202,다부,2015-07,5종,8111
202,다부,2015-07,6종,4970
203,가산,2015-07,1종,534402
203,가산,2015-07,2종,22177
203,가산,2015-07,3종,21998
203,가산,2015-07,4종,15173
203,가산,2015-07,5종,35858
203,가산,2015-07,6종,21580
204,추부,2015-07,1종,181604
204,추부,2015-07,2종,8172
204,추부,2015-07,3종,8978
204,추부,2015-07,4종,5632
204,추부,2015-07,5종,5716
204,추부,2015-07,6종,9488
205,군위,2015-07,1종,160762
205,군위,2015-07,2종,5992
205,군위,2015-07,3종,4687
205,군위,2015-07,4종,3838
205,군위,2015-07,5종,12618
205,군위,2015-07,6종,6535
206,의성,2015-07,1종,176025
206,의성,2015-07,2종,4602
206,의성,2015-07,3종,4201
206,의성,2015-07,4종,2122
206,의성,2015-07,5종,3978
206,의성,2015-07,6종,5740
207,남안동,2015-07,1종,274730
207,남안동,2015-07,2종,9043
207,남안동,2015-07,3종,6779
207,남안동,2015-07,4종,4806
207,남안동,2015-07,5종,7478
207,남안동,2015-07,6종,9845
208,서안동,2015-07,1종,193190
208,서안동,2015-07,2종,6793
208,서안동,2015-07,3종,15944
208,서안동,2015-07,4종,4496
208,서안동,2015-07,5종,7916
208,서안동,2015-07,6종,6304
209,예천,2015-07,1종,29345
209,예천,2015-07,2종,790
209,예천,2015-07,3종,427
209,예천,2015-07,4종,279
209,예천,2015-07,5종,587
209,예천,2015-07,6종,990
210,영주,2015-07,1종,142781
210,영주,2015-07,2종,5175
210,영주,2015-07,3종,8145
210,영주,2015-07,4종,5157
210,영주,2015-07,5종,12725
210,영주,2015-07,6종,4683
211,풍기,2015-07,1종,201063
211,풍기,2015-07,2종,5341
211,풍기,2015-07,3종,14109
211,풍기,2015-07,4종,5169
211,풍기,2015-07,5종,8208
211,풍기,2015-07,6종,6982
212,북수원,2015-07,1종,1388884
212,북수원,2015-07,2종,43029
212,북수원,2015-07,3종,56745
212,북수원,2015-07,4종,25258
212,북수원,2015-07,5종,20876
212,북수원,2015-07,6종,84816
213,부곡,2015-07,1종,396778
213,부곡,2015-07,2종,11612
213,부곡,2015-07,3종,8822
213,부곡,2015-07,4종,18322
213,부곡,2015-07,5종,73192
213,부곡,2015-07,6종,27802
214,동군포,2015-07,1종,245193
214,동군포,2015-07,2종,26817
214,동군포,2015-07,3종,19911
214,동군포,2015-07,4종,36485
214,동군포,2015-07,5종,20672
214,동군포,2015-07,6종,18945
215,군포,2015-07,1종,1039616
215,군포,2015-07,2종,48758
215,군포,2015-07,3종,39939
215,군포,2015-07,4종,18983
215,군포,2015-07,5종,27560
215,군포,2015-07,6종,79410
216,횡성,2015-07,1종,201173
216,횡성,2015-07,2종,7359
216,횡성,2015-07,3종,9248
216,횡성,2015-07,4종,5066
216,횡성,2015-07,5종,6581
216,횡성,2015-07,6종,10081
217,북원주,2015-07,1종,72223
217,북원주,2015-07,2종,5781
217,북원주,2015-07,3종,4219
217,북원주,2015-07,4종,2053
217,북원주,2015-07,5종,2760
217,북원주,2015-07,6종,5063
218,남원주,2015-07,1종,551791
218,남원주,2015-07,2종,16383
218,남원주,2015-07,3종,26887
218,남원주,2015-07,4종,8695
218,남원주,2015-07,5종,8650
218,남원주,2015-07,6종,29092
219,신림,2015-07,1종,131888
219,신림,2015-07,2종,3191
219,신림,2015-07,3종,3870
219,신림,2015-07,4종,3860
219,신림,2015-07,5종,6921
219,신림,2015-07,6종,5005
220,덕평휴게소,2015-07,1종,6626
220,덕평휴게소,2015-07,2종,146
220,덕평휴게소,2015-07,3종,46
220,덕평휴게소,2015-07,4종,0
220,덕평휴게소,2015-07,5종,0
220,덕평휴게소,2015-07,6종,497
221,생초,2015-07,1종,61669
221,생초,2015-07,2종,2415
221,생초,2015-07,3종,3644
221,생초,2015-07,4종,2774
221,생초,2015-07,5종,8079
221,생초,2015-07,6종,2262
222,산청,2015-07,1종,70806
222,산청,2015-07,2종,2085
222,산청,2015-07,3종,3372
222,산청,2015-07,4종,1662
222,산청,2015-07,5종,1664
222,산청,2015-07,6종,2793
223,단성,2015-07,1종,122537
223,단성,2015-07,2종,2593
223,단성,2015-07,3종,6417
223,단성,2015-07,4종,3391
223,단성,2015-07,5종,3632
223,단성,2015-07,6종,4538
224,함양,2015-07,1종,110809
224,함양,2015-07,2종,3510
224,함양,2015-07,3종,7860
224,함양,2015-07,4종,1689
224,함양,2015-07,5종,2656
224,함양,2015-07,6종,5084
225,서진주,2015-07,1종,325441
225,서진주,2015-07,2종,7958
225,서진주,2015-07,3종,7075
225,서진주,2015-07,4종,5233
225,서진주,2015-07,5종,9280
225,서진주,2015-07,6종,19708
227,군산,2015-07,1종,293621
227,군산,2015-07,2종,8686
227,군산,2015-07,3종,16926
227,군산,2015-07,4종,14098
227,군산,2015-07,5종,36561
227,군산,2015-07,6종,8862
228,동군산,2015-07,1종,263359
228,동군산,2015-07,2종,9294
228,동군산,2015-07,3종,15411
228,동군산,2015-07,4종,9597
228,동군산,2015-07,5종,22237
228,동군산,2015-07,6종,7938
229,북천안,2015-07,1종,404976
229,북천안,2015-07,2종,30902
229,북천안,2015-07,3종,40572
229,북천안,2015-07,4종,44329
229,북천안,2015-07,5종,46059
229,북천안,2015-07,6종,23504
230,팔공산,2015-07,1종,678105
230,팔공산,2015-07,2종,25252
230,팔공산,2015-07,3종,13350
230,팔공산,2015-07,4종,9153
230,팔공산,2015-07,5종,10834
230,팔공산,2015-07,6종,33007
231,화원옥포,2015-07,1종,626563
231,화원옥포,2015-07,2종,33045
231,화원옥포,2015-07,3종,20779
231,화원옥포,2015-07,4종,12788
231,화원옥포,2015-07,5종,14728
231,화원옥포,2015-07,6종,33436
232,달성,2015-07,1종,322186
232,달성,2015-07,2종,19131
232,달성,2015-07,3종,23015
232,달성,2015-07,4종,6838
232,달성,2015-07,5종,8018
232,달성,2015-07,6종,22096
233,현풍,2015-07,1종,414999
233,현풍,2015-07,2종,32336
233,현풍,2015-07,3종,28856
233,현풍,2015-07,4종,24666
233,현풍,2015-07,5종,37872
233,현풍,2015-07,6종,20133
234,서천,2015-07,1종,109690
234,서천,2015-07,2종,3819
234,서천,2015-07,3종,4680
234,서천,2015-07,4종,4601
234,서천,2015-07,5종,6086
234,서천,2015-07,6종,4037
235,창녕,2015-07,1종,153239
235,창녕,2015-07,2종,7210
235,창녕,2015-07,3종,8437
235,창녕,2015-07,4종,4599
235,창녕,2015-07,5종,8943
235,창녕,2015-07,6종,7677
236,영산,2015-07,1종,149059
236,영산,2015-07,2종,10044
236,영산,2015-07,3종,10123
236,영산,2015-07,4종,8032
236,영산,2015-07,5종,9703
236,영산,2015-07,6종,6839
237,남지,2015-07,1종,141787
237,남지,2015-07,2종,7792
237,남지,2015-07,3종,13134
237,남지,2015-07,4종,8236
237,남지,2015-07,5종,13842
237,남지,2015-07,6종,10666
238,칠서,2015-07,1종,236077
238,칠서,2015-07,2종,28321
238,칠서,2015-07,3종,18024
238,칠서,2015-07,4종,24741
238,칠서,2015-07,5종,39550
238,칠서,2015-07,6종,16021
239,칠원,2015-07,1종,571195
239,칠원,2015-07,2종,25180
239,칠원,2015-07,3종,46094
239,칠원,2015-07,4종,36045
239,칠원,2015-07,5종,38013
239,칠원,2015-07,6종,29970
240,제천,2015-07,1종,498700
240,제천,2015-07,2종,13603
240,제천,2015-07,3종,24002
240,제천,2015-07,4종,9956
240,제천,2015-07,5종,15584
240,제천,2015-07,6종,19834
241,동고령,2015-07,1종,298049
241,동고령,2015-07,2종,18727
241,동고령,2015-07,3종,17640
241,동고령,2015-07,4종,15684
241,동고령,2015-07,5종,16518
241,동고령,2015-07,6종,13843
242,고령,2015-07,1종,207758
242,고령,2015-07,2종,10381
242,고령,2015-07,3종,9192
242,고령,2015-07,4종,6587
242,고령,2015-07,5종,24778
242,고령,2015-07,6종,8298
243,해인사,2015-07,1종,109680
243,해인사,2015-07,2종,3096
243,해인사,2015-07,3종,2652
243,해인사,2015-07,4종,1048
243,해인사,2015-07,5종,6595
243,해인사,2015-07,6종,4523
244,서부산,2015-07,1종,1586979
244,서부산,2015-07,2종,49747
244,서부산,2015-07,3종,82844
244,서부산,2015-07,4종,39361
244,서부산,2015-07,5종,90713
244,서부산,2015-07,6종,90626
245,장유,2015-07,1종,1489903
245,장유,2015-07,2종,45439
245,장유,2015-07,3종,60612
245,장유,2015-07,4종,27674
245,장유,2015-07,5종,36461
245,장유,2015-07,6종,102992
246,가락,2015-07,1종,58105
246,가락,2015-07,2종,7726
246,가락,2015-07,3종,8031
246,가락,2015-07,4종,18375
246,가락,2015-07,5종,53582
246,가락,2015-07,6종,2507
247,남원,2015-07,1종,149247
247,남원,2015-07,2종,6051
247,남원,2015-07,3종,8225
247,남원,2015-07,4종,3611
247,남원,2015-07,5종,14234
247,남원,2015-07,6종,5487
248,순창,2015-07,1종,129844
248,순창,2015-07,2종,3975
248,순창,2015-07,3종,4395
248,순창,2015-07,4종,3111
248,순창,2015-07,5종,5764
248,순창,2015-07,6종,4888
249,담양,2015-07,1종,180992
249,담양,2015-07,2종,4727
249,담양,2015-07,3종,13392
249,담양,2015-07,4종,2619
249,담양,2015-07,5종,4882
249,담양,2015-07,6종,6032
250,남양산,2015-07,1종,1177600
250,남양산,2015-07,2종,53910
250,남양산,2015-07,3종,45719
250,남양산,2015-07,4종,27541
250,남양산,2015-07,5종,37575
250,남양산,2015-07,6종,86656
251,물금,2015-07,1종,498934
251,물금,2015-07,2종,44847
251,물금,2015-07,3종,20112
251,물금,2015-07,4종,42725
251,물금,2015-07,5종,69954
251,물금,2015-07,6종,35650
252,대동,2015-07,1종,1832992
252,대동,2015-07,2종,109529
252,대동,2015-07,3종,79290
252,대동,2015-07,4종,79055
252,대동,2015-07,5종,221583
252,대동,2015-07,6종,88183
253,서서울,2015-07,1종,5371050
253,서서울,2015-07,2종,218776
253,서서울,2015-07,3종,176574
253,서서울,2015-07,4종,152227
253,서서울,2015-07,5종,137511
253,서서울,2015-07,6종,327059
254,군자,2015-07,1종,2390434
254,군자,2015-07,2종,113338
254,군자,2015-07,3종,106307
254,군자,2015-07,4종,82750
254,군자,2015-07,5종,157989
254,군자,2015-07,6종,168727
255,서안산,2015-07,1종,1767831
255,서안산,2015-07,2종,99111
255,서안산,2015-07,3종,69804
255,서안산,2015-07,4종,52090
255,서안산,2015-07,5종,56803
255,서안산,2015-07,6종,136395
256,안산,2015-07,1종,868656
256,안산,2015-07,2종,25211
256,안산,2015-07,3종,20099
256,안산,2015-07,4종,6745
256,안산,2015-07,5종,6964
256,안산,2015-07,6종,67497
257,홍성,2015-07,1종,237466
257,홍성,2015-07,2종,5068
257,홍성,2015-07,3종,7307
257,홍성,2015-07,4종,3913
257,홍성,2015-07,5종,4584
257,홍성,2015-07,6종,8686
258,광천,2015-07,1종,139826
258,광천,2015-07,2종,6055
258,광천,2015-07,3종,7822
258,광천,2015-07,4종,6596
258,광천,2015-07,5종,12158
258,광천,2015-07,6종,5472
259,대천,2015-07,1종,303486
259,대천,2015-07,2종,6448
259,대천,2015-07,3종,10957
259,대천,2015-07,4종,3631
259,대천,2015-07,5종,4320
259,대천,2015-07,6종,12435
260,춘장대,2015-07,1종,68390
260,춘장대,2015-07,2종,1413
260,춘장대,2015-07,3종,1405
260,춘장대,2015-07,4종,1086
260,춘장대,2015-07,5종,1793
260,춘장대,2015-07,6종,1975
261,동광주,2015-07,1종,1101026
261,동광주,2015-07,2종,30588
261,동광주,2015-07,3종,60900
261,동광주,2015-07,4종,26832
261,동광주,2015-07,5종,46403
261,동광주,2015-07,6종,36786
262,창평,2015-07,1종,109109
262,창평,2015-07,2종,5042
262,창평,2015-07,3종,3553
262,창평,2015-07,4종,2954
262,창평,2015-07,5종,2128
262,창평,2015-07,6종,3705
263,옥과,2015-07,1종,215674
263,옥과,2015-07,2종,4595
263,옥과,2015-07,3종,10372
263,옥과,2015-07,4종,4200
263,옥과,2015-07,5종,5271
263,옥과,2015-07,6종,8684
264,동남원,2015-07,1종,52191
264,동남원,2015-07,2종,2306
264,동남원,2015-07,3종,2748
264,동남원,2015-07,4종,1199
264,동남원,2015-07,5종,1505
264,동남원,2015-07,6종,1906
265,곡성,2015-07,1종,164057
265,곡성,2015-07,2종,4456
265,곡성,2015-07,3종,5804
265,곡성,2015-07,4종,2713
265,곡성,2015-07,5종,7008
265,곡성,2015-07,6종,6600
266,석곡,2015-07,1종,48099
266,석곡,2015-07,2종,1246
266,석곡,2015-07,3종,1974
266,석곡,2015-07,4종,759
266,석곡,2015-07,5종,1808
266,석곡,2015-07,6종,1916
267,주암송광사,2015-07,1종,129643
267,주암송광사,2015-07,2종,3385
267,주암송광사,2015-07,3종,3364
267,주암송광사,2015-07,4종,3371
267,주암송광사,2015-07,5종,4653
267,주암송광사,2015-07,6종,3942
268,승주,2015-07,1종,67077
268,승주,2015-07,2종,1169
268,승주,2015-07,3종,1305
268,승주,2015-07,4종,776
268,승주,2015-07,5종,818
268,승주,2015-07,6종,3139
269,지리산,2015-07,1종,74624
269,지리산,2015-07,2종,2023
269,지리산,2015-07,3종,4153
269,지리산,2015-07,4종,2061
269,지리산,2015-07,5종,1761
269,지리산,2015-07,6종,1908
270,서순천,2015-07,1종,158732
270,서순천,2015-07,2종,5738
270,서순천,2015-07,3종,10260
270,서순천,2015-07,4종,2388
270,서순천,2015-07,5종,4247
270,서순천,2015-07,6종,5901
271,순천,2015-07,1종,578155
271,순천,2015-07,2종,16068
271,순천,2015-07,3종,16344
271,순천,2015-07,4종,11374
271,순천,2015-07,5종,35855
271,순천,2015-07,6종,19940
272,광양,2015-07,1종,315575
272,광양,2015-07,2종,9462
272,광양,2015-07,3종,23408
272,광양,2015-07,4종,16033
272,광양,2015-07,5종,55319
272,광양,2015-07,6종,10619
273,동광양,2015-07,1종,145213
273,동광양,2015-07,2종,3050
273,동광양,2015-07,3종,3138
273,동광양,2015-07,4종,5158
273,동광양,2015-07,5종,26306
273,동광양,2015-07,6종,6539
274,가조,2015-07,1종,63778
274,가조,2015-07,2종,2365
274,가조,2015-07,3종,3318
274,가조,2015-07,4종,2071
274,가조,2015-07,5종,1442
274,가조,2015-07,6종,3396
275,옥곡,2015-07,1종,180076
275,옥곡,2015-07,2종,4975
275,옥곡,2015-07,3종,9092
275,옥곡,2015-07,4종,9392
275,옥곡,2015-07,5종,39456
275,옥곡,2015-07,6종,7568
276,진월,2015-07,1종,85099
276,진월,2015-07,2종,2359
276,진월,2015-07,3종,2134
276,진월,2015-07,4종,7631
276,진월,2015-07,5종,41284
276,진월,2015-07,6종,3016
277,하동,2015-07,1종,229201
277,하동,2015-07,2종,5293
277,하동,2015-07,3종,8057
277,하동,2015-07,4종,12065
277,하동,2015-07,5종,39583
277,하동,2015-07,6종,10177
278,진교,2015-07,1종,170366
278,진교,2015-07,2종,3755
278,진교,2015-07,3종,12757
278,진교,2015-07,4종,1415
278,진교,2015-07,5종,3584
278,진교,2015-07,6종,9493
279,곤양,2015-07,1종,124725
279,곤양,2015-07,2종,3366
279,곤양,2015-07,3종,5483
279,곤양,2015-07,4종,3607
279,곤양,2015-07,5종,9298
279,곤양,2015-07,6종,5800
280,거창,2015-07,1종,170402
280,거창,2015-07,2종,7356
280,거창,2015-07,3종,14918
280,거창,2015-07,4종,3474
280,거창,2015-07,5종,4564
280,거창,2015-07,6종,8238
281,매송,2015-07,1종,542524
281,매송,2015-07,2종,25798
281,매송,2015-07,3종,25320
281,매송,2015-07,4종,12483
281,매송,2015-07,5종,22965
281,매송,2015-07,6종,31497
282,비봉,2015-07,1종,814487
282,비봉,2015-07,2종,48039
282,비봉,2015-07,3종,32803
282,비봉,2015-07,4종,20426
282,비봉,2015-07,5종,39178
282,비봉,2015-07,6종,50746
283,발안,2015-07,1종,491880
283,발안,2015-07,2종,32043
283,발안,2015-07,3종,27981
283,발안,2015-07,4종,21733
283,발안,2015-07,5종,19578
283,발안,2015-07,6종,31976
284,남양양,2015-07,1종,75476
284,남양양,2015-07,2종,1923
284,남양양,2015-07,3종,2321
284,남양양,2015-07,4종,669
284,남양양,2015-07,5종,1180
284,남양양,2015-07,6종,2564
285,서평택,2015-07,1종,615362
285,서평택,2015-07,2종,42534
285,서평택,2015-07,3종,52925
285,서평택,2015-07,4종,66405
285,서평택,2015-07,5종,124715
285,서평택,2015-07,6종,35566
286,통도사휴게소,2015-07,1종,39220
286,통도사휴게소,2015-07,2종,360
286,통도사휴게소,2015-07,3종,1766
286,통도사휴게소,2015-07,4종,0
286,통도사휴게소,2015-07,5종,0
286,통도사휴게소,2015-07,6종,1915
287,송악,2015-07,1종,473487
287,송악,2015-07,2종,18195
287,송악,2015-07,3종,22800
287,송악,2015-07,4종,27051
287,송악,2015-07,5종,120613
287,송악,2015-07,6종,22297
288,당진,2015-07,1종,430447
288,당진,2015-07,2종,17697
288,당진,2015-07,3종,27165
288,당진,2015-07,4종,15992
288,당진,2015-07,5종,37990
288,당진,2015-07,6종,19566
289,마산,2015-07,1종,903643
289,마산,2015-07,2종,30701
289,마산,2015-07,3종,42728
289,마산,2015-07,4종,17389
289,마산,2015-07,5종,22106
289,마산,2015-07,6종,57986
290,축동,2015-07,1종,50207
290,축동,2015-07,2종,3115
290,축동,2015-07,3종,1946
290,축동,2015-07,4종,3945
290,축동,2015-07,5종,7049
290,축동,2015-07,6종,2875
291,사천,2015-07,1종,737789
291,사천,2015-07,2종,29684
291,사천,2015-07,3종,29628
291,사천,2015-07,4종,16708
291,사천,2015-07,5종,28433
291,사천,2015-07,6종,48164
292,진주,2015-07,1종,718559
292,진주,2015-07,2종,23876
292,진주,2015-07,3종,51046
292,진주,2015-07,4종,12565
292,진주,2015-07,5종,26133
292,진주,2015-07,6종,48632
293,문산,2015-07,1종,321783
293,문산,2015-07,2종,11911
293,문산,2015-07,3종,8981
293,문산,2015-07,4종,5985
293,문산,2015-07,5종,9774
293,문산,2015-07,6종,20470
294,북창원,2015-07,1종,252627
294,북창원,2015-07,2종,9187
294,북창원,2015-07,3종,6182
294,북창원,2015-07,4종,9490
294,북창원,2015-07,5종,8972
294,북창원,2015-07,6종,13964
295,진성,2015-07,1종,143070
295,진성,2015-07,2종,7967
295,진성,2015-07,3종,6505
295,진성,2015-07,4종,5956
295,진성,2015-07,5종,13287
295,진성,2015-07,6종,6902
296,지수,2015-07,1종,55825
296,지수,2015-07,2종,2748
296,지수,2015-07,3종,2488
296,지수,2015-07,4종,1436
296,지수,2015-07,5종,5464
296,지수,2015-07,6종,3762
297,동충주,2015-07,1종,213875
297,동충주,2015-07,2종,8271
297,동충주,2015-07,3종,13481
297,동충주,2015-07,4종,11278
297,동충주,2015-07,5종,26578
297,동충주,2015-07,6종,6808
298,서산,2015-07,1종,566089
298,서산,2015-07,2종,16688
298,서산,2015-07,3종,33914
298,서산,2015-07,4종,25673
298,서산,2015-07,5종,42706
298,서산,2015-07,6종,22859
299,해미,2015-07,1종,154166
299,해미,2015-07,2종,5808
299,해미,2015-07,3종,6751
299,해미,2015-07,4종,6501
299,해미,2015-07,5종,11147
299,해미,2015-07,6종,6233
500,남여주,2015-07,1종,191124
500,남여주,2015-07,2종,7625
500,남여주,2015-07,3종,10012
500,남여주,2015-07,4종,9710
500,남여주,2015-07,5종,15803
500,남여주,2015-07,6종,8163
501,서김제,2015-07,1종,50466
501,서김제,2015-07,2종,2629
501,서김제,2015-07,3종,4431
501,서김제,2015-07,4종,2230
501,서김제,2015-07,5종,2689
501,서김제,2015-07,6종,1376
502,부안,2015-07,1종,107176
502,부안,2015-07,2종,4822
502,부안,2015-07,3종,9638
502,부안,2015-07,4종,2914
502,부안,2015-07,5종,3960
502,부안,2015-07,6종,2904
503,줄포,2015-07,1종,72873
503,줄포,2015-07,2종,2263
503,줄포,2015-07,3종,2645
503,줄포,2015-07,4종,1013
503,줄포,2015-07,5종,1031
503,줄포,2015-07,6종,1718
504,선운산,2015-07,1종,111208
504,선운산,2015-07,2종,3814
504,선운산,2015-07,3종,7677
504,선운산,2015-07,4종,5858
504,선운산,2015-07,5종,5997
504,선운산,2015-07,6종,3013
505,고창,2015-07,1종,90429
505,고창,2015-07,2종,3641
505,고창,2015-07,3종,4370
505,고창,2015-07,4종,1563
505,고창,2015-07,5종,1279
505,고창,2015-07,6종,2565
506,영광,2015-07,1종,87977
506,영광,2015-07,2종,3487
506,영광,2015-07,3종,6630
506,영광,2015-07,4종,1924
506,영광,2015-07,5종,2474
506,영광,2015-07,6종,2262
507,함평,2015-07,1종,59841
507,함평,2015-07,2종,2625
507,함평,2015-07,3종,6738
507,함평,2015-07,4종,3235
507,함평,2015-07,5종,5525
507,함평,2015-07,6종,1796
508,무안,2015-07,1종,198150
508,무안,2015-07,2종,5886
508,무안,2015-07,3종,7036
508,무안,2015-07,4종,3730
508,무안,2015-07,5종,5102
508,무안,2015-07,6종,6010
509,목포,2015-07,1종,783622
509,목포,2015-07,2종,22853
509,목포,2015-07,3종,35311
509,목포,2015-07,4종,23687
509,목포,2015-07,5종,42153
509,목포,2015-07,6종,24264
510,양양,2015-07,1종,92990
510,양양,2015-07,2종,2330
510,양양,2015-07,3종,2421
510,양양,2015-07,4종,1619
510,양양,2015-07,5종,3626
510,양양,2015-07,6종,3611
511,무창포,2015-07,1종,104138
511,무창포,2015-07,2종,2613
511,무창포,2015-07,3종,2810
511,무창포,2015-07,4종,1968
511,무창포,2015-07,5종,5297
511,무창포,2015-07,6종,3509
512,연화산,2015-07,1종,41722
512,연화산,2015-07,2종,1369
512,연화산,2015-07,3종,1158
512,연화산,2015-07,4종,1108
512,연화산,2015-07,5종,2136
512,연화산,2015-07,6종,2782
513,고성,2015-07,1종,378116
513,고성,2015-07,2종,13616
513,고성,2015-07,3종,17291
513,고성,2015-07,4종,10304
513,고성,2015-07,5종,14869
513,고성,2015-07,6종,21701
514,동고성,2015-07,1종,103777
514,동고성,2015-07,2종,4293
514,동고성,2015-07,3종,5826
514,동고성,2015-07,4종,8334
514,동고성,2015-07,5종,14060
514,동고성,2015-07,6종,8943
515,북통영,2015-07,1종,151117
515,북통영,2015-07,2종,3908
515,북통영,2015-07,3종,10962
515,북통영,2015-07,4종,1743
515,북통영,2015-07,5종,1781
515,북통영,2015-07,6종,9552
516,통영,2015-07,1종,603526
516,통영,2015-07,2종,18076
516,통영,2015-07,3종,23823
516,통영,2015-07,4종,18094
516,통영,2015-07,5종,23948
516,통영,2015-07,6종,31365
517,양평,2015-07,1종,219329
517,양평,2015-07,2종,7060
517,양평,2015-07,3종,7839
517,양평,2015-07,4종,5722
517,양평,2015-07,5종,8952
517,양평,2015-07,6종,8943
518,칠곡물류,2015-07,1종,71574
518,칠곡물류,2015-07,2종,16777
518,칠곡물류,2015-07,3종,10085
518,칠곡물류,2015-07,4종,17134
518,칠곡물류,2015-07,5종,15813
518,칠곡물류,2015-07,6종,3896
519,남대구,2015-07,1종,1359946
519,남대구,2015-07,2종,57020
519,남대구,2015-07,3종,64610
519,남대구,2015-07,4종,26150
519,남대구,2015-07,5종,36558
519,남대구,2015-07,6종,71991
520,평택,2015-07,1종,642831
520,평택,2015-07,2종,33485
520,평택,2015-07,3종,48871
520,평택,2015-07,4종,24055
520,평택,2015-07,5종,30197
520,평택,2015-07,6종,38964
521,단양,2015-07,1종,87408
521,단양,2015-07,2종,1916
521,단양,2015-07,3종,3148
521,단양,2015-07,4종,2028
521,단양,2015-07,5종,10835
521,단양,2015-07,6종,3213
522,북단양,2015-07,1종,127705
522,북단양,2015-07,2종,2745
522,북단양,2015-07,3종,3860
522,북단양,2015-07,4종,13489
522,북단양,2015-07,5종,49738
522,북단양,2015-07,6종,4693
523,남제천,2015-07,1종,187955
523,남제천,2015-07,2종,4956
523,남제천,2015-07,3종,7821
523,남제천,2015-07,4종,7648
523,남제천,2015-07,5종,22680
523,남제천,2015-07,6종,6081
524,청통와촌,2015-07,1종,256549
524,청통와촌,2015-07,2종,11688
524,청통와촌,2015-07,3종,7140
524,청통와촌,2015-07,4종,5188
524,청통와촌,2015-07,5종,5891
524,청통와촌,2015-07,6종,9842
525,북영천,2015-07,1종,201864
525,북영천,2015-07,2종,6300
525,북영천,2015-07,3종,5749
525,북영천,2015-07,4종,3999
525,북영천,2015-07,5종,6025
525,북영천,2015-07,6종,6412
526,서포항,2015-07,1종,113024
526,서포항,2015-07,2종,2300
526,서포항,2015-07,3종,2398
526,서포항,2015-07,4종,1196
526,서포항,2015-07,5종,2273
526,서포항,2015-07,6종,7104
527,포항,2015-07,1종,777548
527,포항,2015-07,2종,17968
527,포항,2015-07,3종,28778
527,포항,2015-07,4종,11442
527,포항,2015-07,5종,42635
527,포항,2015-07,6종,30517
528,기흥동탄,2015-07,1종,1157758
528,기흥동탄,2015-07,2종,29546
528,기흥동탄,2015-07,3종,76252
528,기흥동탄,2015-07,4종,19663
528,기흥동탄,2015-07,5종,19304
528,기흥동탄,2015-07,6종,67963
529,노포,2015-07,1종,270559
529,노포,2015-07,2종,14175
529,노포,2015-07,3종,42719
529,노포,2015-07,4종,7327
529,노포,2015-07,5종,12010
529,노포,2015-07,6종,14459
530,내장산,2015-07,1종,48462
530,내장산,2015-07,2종,1722
530,내장산,2015-07,3종,1404
530,내장산,2015-07,4종,680
530,내장산,2015-07,5종,433
530,내장산,2015-07,6종,1956
531,문의청남대,2015-07,1종,183659
531,문의청남대,2015-07,2종,6470
531,문의청남대,2015-07,3종,8523
531,문의청남대,2015-07,4종,6796
531,문의청남대,2015-07,5종,8142
531,문의청남대,2015-07,6종,7737
532,회인,2015-07,1종,47967
532,회인,2015-07,2종,1038
532,회인,2015-07,3종,1018
532,회인,2015-07,4종,705
532,회인,2015-07,5종,986
532,회인,2015-07,6종,2088
533,보은,2015-07,1종,122812
533,보은,2015-07,2종,4715
533,보은,2015-07,3종,4308
533,보은,2015-07,4종,3140
533,보은,2015-07,5종,2680
533,보은,2015-07,6종,6069
534,속리산,2015-07,1종,63224
534,속리산,2015-07,2종,1973
534,속리산,2015-07,3종,2392
534,속리산,2015-07,4종,1550
534,속리산,2015-07,5종,1929
534,속리산,2015-07,6종,2553
535,화서,2015-07,1종,62174
535,화서,2015-07,2종,1781
535,화서,2015-07,3종,2553
535,화서,2015-07,4종,1590
535,화서,2015-07,5종,2091
535,화서,2015-07,6종,2628
536,남상주,2015-07,1종,111540
536,남상주,2015-07,2종,4923
536,남상주,2015-07,3종,10680
536,남상주,2015-07,4종,6711
536,남상주,2015-07,5종,4132
536,남상주,2015-07,6종,4392
537,남김천,2015-07,1종,77898
537,남김천,2015-07,2종,5284
537,남김천,2015-07,3종,5664
537,남김천,2015-07,4종,6787
537,남김천,2015-07,5종,12962
537,남김천,2015-07,6종,2867
538,성주,2015-07,1종,90570
538,성주,2015-07,2종,6837
538,성주,2015-07,3종,6729
538,성주,2015-07,4종,6391
538,성주,2015-07,5종,7017
538,성주,2015-07,6종,3377
539,남성주,2015-07,1종,55076
539,남성주,2015-07,2종,7157
539,남성주,2015-07,3종,3798
539,남성주,2015-07,4종,5422
539,남성주,2015-07,5종,7995
539,남성주,2015-07,6종,2170
540,청북,2015-07,1종,464838
540,청북,2015-07,2종,46266
540,청북,2015-07,3종,50057
540,청북,2015-07,4종,40426
540,청북,2015-07,5종,46853
540,청북,2015-07,6종,28049
541,송탄,2015-07,1종,419022
541,송탄,2015-07,2종,40989
541,송탄,2015-07,3종,39061
541,송탄,2015-07,4종,37242
541,송탄,2015-07,5종,25684
541,송탄,2015-07,6종,23794
542,서안성,2015-07,1종,394921
542,서안성,2015-07,2종,33859
542,서안성,2015-07,3종,47226
542,서안성,2015-07,4종,47457
542,서안성,2015-07,5종,32273
542,서안성,2015-07,6종,19001
543,남안성,2015-07,1종,564540
543,남안성,2015-07,2종,49824
543,남안성,2015-07,3종,51048
543,남안성,2015-07,4종,46594
543,남안성,2015-07,5종,43804
543,남안성,2015-07,6종,30030
544,완주,2015-07,1종,161413
544,완주,2015-07,2종,5935
544,완주,2015-07,3종,8064
544,완주,2015-07,4종,7372
544,완주,2015-07,5종,12151
544,완주,2015-07,6종,5727
545,소양,2015-07,1종,156696
545,소양,2015-07,2종,4687
545,소양,2015-07,3종,9739
545,소양,2015-07,4종,2867
545,소양,2015-07,5종,4526
545,소양,2015-07,6종,5730
546,진안,2015-07,1종,59112
546,진안,2015-07,2종,2595
546,진안,2015-07,3종,2691
546,진안,2015-07,4종,1505
546,진안,2015-07,5종,1041
546,진안,2015-07,6종,2094
547,무안공항,2015-07,1종,32336
547,무안공항,2015-07,2종,592
547,무안공항,2015-07,3종,767
547,무안공항,2015-07,4종,173
547,무안공항,2015-07,5종,156
547,무안공항,2015-07,6종,1136
548,북무안,2015-07,1종,119846
548,북무안,2015-07,2종,2535
548,북무안,2015-07,3종,4190
548,북무안,2015-07,4종,2009
548,북무안,2015-07,5종,2398
548,북무안,2015-07,6종,3257
549,동함평,2015-07,1종,168388
549,동함평,2015-07,2종,3988
549,동함평,2015-07,3종,5336
549,동함평,2015-07,4종,1921
549,동함평,2015-07,5종,2530
549,동함평,2015-07,6종,6907
550,문평,2015-07,1종,37383
550,문평,2015-07,2종,786
550,문평,2015-07,3종,1164
550,문평,2015-07,4종,595
550,문평,2015-07,5종,2821
550,문평,2015-07,6종,1162
551,나주,2015-07,1종,51282
551,나주,2015-07,2종,1803
551,나주,2015-07,3종,1257
551,나주,2015-07,4종,755
551,나주,2015-07,5종,1330
551,나주,2015-07,6종,2551
552,서광산,2015-07,1종,135626
552,서광산,2015-07,2종,6836
552,서광산,2015-07,3종,7307
552,서광산,2015-07,4종,3795
552,서광산,2015-07,5종,6516
552,서광산,2015-07,6종,4432
553,동광산,2015-07,1종,871701
553,동광산,2015-07,2종,19186
553,동광산,2015-07,3종,27657
553,동광산,2015-07,4종,11481
553,동광산,2015-07,5종,21207
553,동광산,2015-07,6종,30434
554,동홍천,2015-07,1종,533344
554,동홍천,2015-07,2종,5841
554,동홍천,2015-07,3종,19154
554,동홍천,2015-07,4종,3551
554,동홍천,2015-07,5종,3111
554,동홍천,2015-07,6종,20758
555,북진천,2015-07,1종,321450
555,북진천,2015-07,2종,37282
555,북진천,2015-07,3종,36291
555,북진천,2015-07,4종,30375
555,북진천,2015-07,5종,30023
555,북진천,2015-07,6종,15243
556,동순천,2015-07,1종,258446
556,동순천,2015-07,2종,6170
556,동순천,2015-07,3종,13461
556,동순천,2015-07,4종,11270
556,동순천,2015-07,5종,39099
556,동순천,2015-07,6종,7692
557,황전,2015-07,1종,79691
557,황전,2015-07,2종,1798
557,황전,2015-07,3종,1504
557,황전,2015-07,4종,1106
557,황전,2015-07,5종,2816
557,황전,2015-07,6종,3096
558,구례화엄사,2015-07,1종,106166
558,구례화엄사,2015-07,2종,2868
558,구례화엄사,2015-07,3종,4541
558,구례화엄사,2015-07,4종,2749
558,구례화엄사,2015-07,5종,4658
558,구례화엄사,2015-07,6종,3077
559,서남원,2015-07,1종,57023
559,서남원,2015-07,2종,3169
559,서남원,2015-07,3종,2539
559,서남원,2015-07,4종,2735
559,서남원,2015-07,5종,7474
559,서남원,2015-07,6종,1888
560,감곡,2015-07,1종,312176
560,감곡,2015-07,2종,13537
560,감곡,2015-07,3종,14546
560,감곡,2015-07,4종,18656
560,감곡,2015-07,5종,29751
560,감곡,2015-07,6종,11262
561,북충주,2015-07,1종,161543
561,북충주,2015-07,2종,4648
561,북충주,2015-07,3종,9308
561,북충주,2015-07,4종,4022
561,북충주,2015-07,5종,4639
561,북충주,2015-07,6종,5626
562,충주,2015-07,1종,174506
562,충주,2015-07,2종,8050
562,충주,2015-07,3종,12366
562,충주,2015-07,4종,10569
562,충주,2015-07,5종,9186
562,충주,2015-07,6종,6494
563,괴산,2015-07,1종,76090
563,괴산,2015-07,2종,2320
563,괴산,2015-07,3종,3884
563,괴산,2015-07,4종,3332
563,괴산,2015-07,5종,6495
563,괴산,2015-07,6종,2378
564,연풍,2015-07,1종,52787
564,연풍,2015-07,2종,2904
564,연풍,2015-07,3종,7315
564,연풍,2015-07,4종,6406
564,연풍,2015-07,5종,6121
564,연풍,2015-07,6종,1603
565,문경새재,2015-07,1종,82482
565,문경새재,2015-07,2종,3146
565,문경새재,2015-07,3종,5903
565,문경새재,2015-07,4종,4368
565,문경새재,2015-07,5종,4987
565,문경새재,2015-07,6종,2649
566,점촌함창,2015-07,1종,128445
566,점촌함창,2015-07,2종,4542
566,점촌함창,2015-07,3종,9927
566,점촌함창,2015-07,4종,6025
566,점촌함창,2015-07,5종,6171
566,점촌함창,2015-07,6종,4163
567,남고창,2015-07,1종,114935
567,남고창,2015-07,2종,3527
567,남고창,2015-07,3종,3499
567,남고창,2015-07,4종,2604
567,남고창,2015-07,5종,1718
567,남고창,2015-07,6종,4317
568,장성물류,2015-07,1종,41300
568,장성물류,2015-07,2종,8350
568,장성물류,2015-07,3종,4389
568,장성물류,2015-07,4종,9077
568,장성물류,2015-07,5종,9656
568,장성물류,2015-07,6종,1126
569,북광주,2015-07,1종,329241
569,북광주,2015-07,2종,20226
569,북광주,2015-07,3종,12867
569,북광주,2015-07,4종,18721
569,북광주,2015-07,5종,28229
569,북광주,2015-07,6종,11120
570,북상주,2015-07,1종,112538
570,북상주,2015-07,2종,7881
570,북상주,2015-07,3종,10931
570,북상주,2015-07,4종,13403
570,북상주,2015-07,5종,9227
570,북상주,2015-07,6종,3799
571,면천,2015-07,1종,91116
571,면천,2015-07,2종,3333
571,면천,2015-07,3종,3828
571,면천,2015-07,4종,4096
571,면천,2015-07,5종,6679
571,면천,2015-07,6종,3584
572,고덕,2015-07,1종,127201
572,고덕,2015-07,2종,4073
572,고덕,2015-07,3종,6565
572,고덕,2015-07,4종,3940
572,고덕,2015-07,5종,6631
572,고덕,2015-07,6종,5145
573,예산수덕사,2015-07,1종,322582
573,예산수덕사,2015-07,2종,10652
573,예산수덕사,2015-07,3종,11774
573,예산수덕사,2015-07,4종,11199
573,예산수덕사,2015-07,5종,13788
573,예산수덕사,2015-07,6종,11945
574,신양,2015-07,1종,81796
574,신양,2015-07,2종,2767
574,신양,2015-07,3종,2548
574,신양,2015-07,4종,2606
574,신양,2015-07,5종,3047
574,신양,2015-07,6종,2808
575,유구,2015-07,1종,84551
575,유구,2015-07,2종,3607
575,유구,2015-07,3종,3659
575,유구,2015-07,4종,4186
575,유구,2015-07,5종,5256
575,유구,2015-07,6종,3059
576,마곡사,2015-07,1종,50125
576,마곡사,2015-07,2종,1200
576,마곡사,2015-07,3종,1271
576,마곡사,2015-07,4종,1120
576,마곡사,2015-07,5종,781
576,마곡사,2015-07,6종,1946
577,공주,2015-07,1종,171860
577,공주,2015-07,2종,7274
577,공주,2015-07,3종,7042
577,공주,2015-07,4종,2578
577,공주,2015-07,5종,3800
577,공주,2015-07,6종,8100
578,서세종,2015-07,1종,230055
578,서세종,2015-07,2종,11257
578,서세종,2015-07,3종,8688
578,서세종,2015-07,4종,6460
578,서세종,2015-07,5종,8164
578,서세종,2015-07,6종,9637
579,남세종,2015-07,1종,424735
579,남세종,2015-07,2종,8768
579,남세종,2015-07,3종,9143
579,남세종,2015-07,4종,5120
579,남세종,2015-07,5종,8228
579,남세종,2015-07,6종,23241
580,북강릉,2015-07,1종,213877
580,북강릉,2015-07,2종,5643
580,북강릉,2015-07,3종,7593
580,북강릉,2015-07,4종,2720
580,북강릉,2015-07,5종,6758
580,북강릉,2015-07,6종,9461
581,옥계,2015-07,1종,68978
581,옥계,2015-07,2종,2478
581,옥계,2015-07,3종,2144
581,옥계,2015-07,4종,3676
581,옥계,2015-07,5종,14120
581,옥계,2015-07,6종,4076
582,망상,2015-07,1종,125046
582,망상,2015-07,2종,3724
582,망상,2015-07,3종,12799
582,망상,2015-07,4종,1268
582,망상,2015-07,5종,1427
582,망상,2015-07,6종,7773
583,동해,2015-07,1종,363547
583,동해,2015-07,2종,10617
583,동해,2015-07,3종,13115
583,동해,2015-07,4종,8686
583,동해,2015-07,5종,22276
583,동해,2015-07,6종,17077
584,남강릉,2015-07,1종,124851
584,남강릉,2015-07,2종,7381
584,남강릉,2015-07,3종,8948
584,남강릉,2015-07,4종,3843
584,남강릉,2015-07,5종,4303
584,남강릉,2015-07,6종,7980
585,하조대,2015-07,1종,187837
585,하조대,2015-07,2종,4932
585,하조대,2015-07,3종,8781
585,하조대,2015-07,4종,2761
585,하조대,2015-07,5종,2942
585,하조대,2015-07,6종,7225
586,북남원,2015-07,1종,23355
586,북남원,2015-07,2종,912
586,북남원,2015-07,3종,816
586,북남원,2015-07,4종,324
586,북남원,2015-07,5종,2021
586,북남원,2015-07,6종,658
587,오수,2015-07,1종,145249
587,오수,2015-07,2종,5109
587,오수,2015-07,3종,7098
587,오수,2015-07,4종,4268
587,오수,2015-07,5종,7035
587,오수,2015-07,6종,4983
588,임실,2015-07,1종,50907
588,임실,2015-07,2종,2530
588,임실,2015-07,3종,2872
588,임실,2015-07,4종,1301
588,임실,2015-07,5종,3553
588,임실,2015-07,6종,1753
589,상관,2015-07,1종,149481
589,상관,2015-07,2종,4167
589,상관,2015-07,3종,8219
589,상관,2015-07,4종,5578
589,상관,2015-07,5종,27108
589,상관,2015-07,6종,4467
590,동전주,2015-07,1종,184686
590,동전주,2015-07,2종,3293
590,동전주,2015-07,3종,2973
590,동전주,2015-07,4종,2036
590,동전주,2015-07,5종,5087
590,동전주,2015-07,6종,7112
591,동서천,2015-07,1종,51638
591,동서천,2015-07,2종,1522
591,동서천,2015-07,3종,1963
591,동서천,2015-07,4종,1833
591,동서천,2015-07,5종,3672
591,동서천,2015-07,6종,1698
592,서부여,2015-07,1종,66849
592,서부여,2015-07,2종,2605
592,서부여,2015-07,3종,2457
592,서부여,2015-07,4종,1810
592,서부여,2015-07,5종,1782
592,서부여,2015-07,6종,3199
593,부여,2015-07,1종,103145
593,부여,2015-07,2종,2854
593,부여,2015-07,3종,3520
593,부여,2015-07,4종,3025
593,부여,2015-07,5종,3335
593,부여,2015-07,6종,3878
594,칠갑산,2015-07,1종,60382
594,칠갑산,2015-07,2종,1720
594,칠갑산,2015-07,3종,2178
594,칠갑산,2015-07,4종,1333
594,칠갑산,2015-07,5종,835
594,칠갑산,2015-07,6종,2220
595,서공주,2015-07,1종,56868
595,서공주,2015-07,2종,2778
595,서공주,2015-07,3종,2304
595,서공주,2015-07,4종,2052
595,서공주,2015-07,5종,3216
595,서공주,2015-07,6종,2280
596,가락2,2015-07,1종,65770
596,가락2,2015-07,2종,7044
596,가락2,2015-07,3종,6927
596,가락2,2015-07,4종,15396
596,가락2,2015-07,5종,63810
596,가락2,2015-07,6종,4096
597,서여주,2015-07,1종,144482
597,서여주,2015-07,2종,6732
597,서여주,2015-07,3종,7324
597,서여주,2015-07,4종,6946
597,서여주,2015-07,5종,5543
597,서여주,2015-07,6종,7646
598,북여주,2015-07,1종,92402
598,북여주,2015-07,2종,3168
598,북여주,2015-07,3종,2395
598,북여주,2015-07,4종,2070
598,북여주,2015-07,5종,3843
598,북여주,2015-07,6종,4040
599,양촌,2015-07,1종,37027
599,양촌,2015-07,2종,720
599,양촌,2015-07,3종,258
599,양촌,2015-07,4종,8
599,양촌,2015-07,5종,6
599,양촌,2015-07,6종,1334
601,남천안,2015-07,1종,259493
601,남천안,2015-07,2종,17480
601,남천안,2015-07,3종,21805
601,남천안,2015-07,4종,21610
601,남천안,2015-07,5종,17499
601,남천안,2015-07,6종,11170
602,풍세상,2015-07,1종,1224892
602,풍세상,2015-07,2종,35548
602,풍세상,2015-07,3종,131916
602,풍세상,2015-07,4종,63004
602,풍세상,2015-07,5종,61898
602,풍세상,2015-07,6종,54382
603,정안,2015-07,1종,231351
603,정안,2015-07,2종,7832
603,정안,2015-07,3종,22588
603,정안,2015-07,4종,10579
603,정안,2015-07,5종,8317
603,정안,2015-07,6종,9659
604,남공주,2015-07,1종,63768
604,남공주,2015-07,2종,2910
604,남공주,2015-07,3종,3487
604,남공주,2015-07,4종,2225
604,남공주,2015-07,5종,3461
604,남공주,2015-07,6종,2658
605,탄천,2015-07,1종,21303
605,탄천,2015-07,2종,1472
605,탄천,2015-07,3종,1293
605,탄천,2015-07,4종,1624
605,탄천,2015-07,5종,1318
605,탄천,2015-07,6종,755
606,서논산,2015-07,1종,104343
606,서논산,2015-07,2종,5284
606,서논산,2015-07,3종,7876
606,서논산,2015-07,4종,6225
606,서논산,2015-07,5종,7580
606,서논산,2015-07,6종,3980
607,연무,2015-07,1종,58133
607,연무,2015-07,2종,2446
607,연무,2015-07,3종,3245
607,연무,2015-07,4종,2256
607,연무,2015-07,5종,2868
607,연무,2015-07,6종,2039
608,남논산하,2015-07,1종,694628
608,남논산하,2015-07,2종,18398
608,남논산하,2015-07,3종,85478
608,남논산하,2015-07,4종,32616
608,남논산하,2015-07,5종,50312
608,남논산하,2015-07,6종,27218
612,풍세하,2015-07,1종,1236398
612,풍세하,2015-07,2종,33750
612,풍세하,2015-07,3종,131594
612,풍세하,2015-07,4종,50150
612,풍세하,2015-07,5종,49708
612,풍세하,2015-07,6종,54990
613,남풍세,2015-07,1종,137561
613,남풍세,2015-07,2종,6765
613,남풍세,2015-07,3종,8997
613,남풍세,2015-07,4종,7790
613,남풍세,2015-07,5종,12271
613,남풍세,2015-07,6종,6138
618,남논산상,2015-07,1종,673954
618,남논산상,2015-07,2종,18698
618,남논산상,2015-07,3종,85062
618,남논산상,2015-07,4종,36790
618,남논산상,2015-07,5종,54630
618,남논산상,2015-07,6종,26042
621,동대구,2015-07,1종,871860
621,동대구,2015-07,2종,32729
621,동대구,2015-07,3종,40879
621,동대구,2015-07,4종,24042
621,동대구,2015-07,5종,28352
621,동대구,2015-07,6종,43289
622,대구,2015-07,1종,1191916
622,대구,2015-07,2종,47864
622,대구,2015-07,3종,67230
622,대구,2015-07,4종,54082
622,대구,2015-07,5종,87914
622,대구,2015-07,6종,61318
623,수성,2015-07,1종,802871
623,수성,2015-07,2종,19786
623,수성,2015-07,3종,14272
623,수성,2015-07,4종,7877
623,수성,2015-07,5종,8271
623,수성,2015-07,6종,36694
624,청도,2015-07,1종,229463
624,청도,2015-07,2종,9583
624,청도,2015-07,3종,8171
624,청도,2015-07,4종,6352
624,청도,2015-07,5종,9793
624,청도,2015-07,6종,9885
625,밀양,2015-07,1종,321187
625,밀양,2015-07,2종,14693
625,밀양,2015-07,3종,12322
625,밀양,2015-07,4종,10185
625,밀양,2015-07,5종,12447
625,밀양,2015-07,6종,13799
626,남밀양,2015-07,1종,379370
626,남밀양,2015-07,2종,21426
626,남밀양,2015-07,3종,18638
626,남밀양,2015-07,4종,14248
626,남밀양,2015-07,5종,19139
626,남밀양,2015-07,6종,22231
627,삼랑진,2015-07,1종,241284
627,삼랑진,2015-07,2종,10163
627,삼랑진,2015-07,3종,7903
627,삼랑진,2015-07,4종,6176
627,삼랑진,2015-07,5종,11370
627,삼랑진,2015-07,6종,14622
628,상동,2015-07,1종,239283
628,상동,2015-07,2종,24107
628,상동,2015-07,3종,16357
628,상동,2015-07,4종,21834
628,상동,2015-07,5종,26717
628,상동,2015-07,6종,14554
629,김해부산,2015-07,1종,1255788
629,김해부산,2015-07,2종,64000
629,김해부산,2015-07,3종,74010
629,김해부산,2015-07,4종,74748
629,김해부산,2015-07,5종,99324
629,김해부산,2015-07,6종,69978
641,울산,2015-07,1종,1194463
641,울산,2015-07,2종,48467
641,울산,2015-07,3종,71220
641,울산,2015-07,4종,48521
641,울산,2015-07,5종,126049
641,울산,2015-07,6종,59501
642,문수,2015-07,1종,123757
642,문수,2015-07,2종,5326
642,문수,2015-07,3종,6715
642,문수,2015-07,4종,9705
642,문수,2015-07,5종,25883
642,문수,2015-07,6종,7310
643,청량,2015-07,1종,581474
643,청량,2015-07,2종,13551
643,청량,2015-07,3종,14858
643,청량,2015-07,4종,21722
643,청량,2015-07,5종,85866
643,청량,2015-07,6종,36357
644,온양,2015-07,1종,198218
644,온양,2015-07,2종,4277
644,온양,2015-07,3종,3254
644,온양,2015-07,4종,3032
644,온양,2015-07,5종,11307
644,온양,2015-07,6종,13288
645,장안,2015-07,1종,359971
645,장안,2015-07,2종,8049
645,장안,2015-07,3종,6032
645,장안,2015-07,4종,6185
645,장안,2015-07,5종,19037
645,장안,2015-07,6종,24096
646,기장일광,2015-07,1종,310615
646,기장일광,2015-07,2종,3442
646,기장일광,2015-07,3종,2768
646,기장일광,2015-07,4종,2415
646,기장일광,2015-07,5종,8989
646,기장일광,2015-07,6종,18352
647,해운대송정,2015-07,1종,141080
647,해운대송정,2015-07,2종,1488
647,해운대송정,2015-07,3종,747
647,해운대송정,2015-07,4종,592
647,해운대송정,2015-07,5종,2406
647,해운대송정,2015-07,6종,8440
648,해운대,2015-07,1종,830212
648,해운대,2015-07,2종,9090
648,해운대,2015-07,3종,9156
648,해운대,2015-07,4종,7450
648,해운대,2015-07,5종,48246
648,해운대,2015-07,6종,49643
651,남양주,2015-07,1종,1924161
651,남양주,2015-07,2종,39768
651,남양주,2015-07,3종,67835
651,남양주,2015-07,4종,19749
651,남양주,2015-07,5종,16671
651,남양주,2015-07,6종,102599
652,화도,2015-07,1종,1035755
652,화도,2015-07,2종,33075
652,화도,2015-07,3종,34020
652,화도,2015-07,4종,14351
652,화도,2015-07,5종,11794
652,화도,2015-07,6종,74008
653,서종,2015-07,1종,236104
653,서종,2015-07,2종,2102
653,서종,2015-07,3종,1397
653,서종,2015-07,4종,731
653,서종,2015-07,5종,1105
653,서종,2015-07,6종,13848
654,설악,2015-07,1종,300421
654,설악,2015-07,2종,3753
654,설악,2015-07,3종,5922
654,설악,2015-07,4종,1753
654,설악,2015-07,5종,1937
654,설악,2015-07,6종,14782
655,강촌,2015-07,1종,189067
655,강촌,2015-07,2종,2218
655,강촌,2015-07,3종,4809
655,강촌,2015-07,4종,2104
655,강촌,2015-07,5종,1100
655,강촌,2015-07,6종,7917
656,남춘천,2015-07,1종,209462
656,남춘천,2015-07,2종,3204
656,남춘천,2015-07,3종,11033
656,남춘천,2015-07,4종,2415
656,남춘천,2015-07,5종,4919
656,남춘천,2015-07,6종,9830
657,동산,2015-07,1종,822016
657,동산,2015-07,2종,11536
657,동산,2015-07,3종,30272
657,동산,2015-07,4종,7812
657,동산,2015-07,5종,8760
657,동산,2015-07,6종,41128
658,조양,2015-07,1종,38067
658,조양,2015-07,2종,656
658,조양,2015-07,3종,519
658,조양,2015-07,4종,692
658,조양,2015-07,5종,615
658,조양,2015-07,6종,1375
671,봉담,2015-07,1종,1186604
671,봉담,2015-07,2종,54926
671,봉담,2015-07,3종,41888
671,봉담,2015-07,4종,21531
671,봉담,2015-07,5종,25916
671,봉담,2015-07,6종,91724
672,정남,2015-07,1종,352895
672,정남,2015-07,2종,19732
672,정남,2015-07,3종,11014
672,정남,2015-07,4종,9418
672,정남,2015-07,5종,4691
672,정남,2015-07,6종,28210
673,북오산,2015-07,1종,782444
673,북오산,2015-07,2종,25949
673,북오산,2015-07,3종,26810
673,북오산,2015-07,4종,20169
673,북오산,2015-07,5종,10438
673,북오산,2015-07,6종,57476
674,,2015-07,1종,873368
674,,2015-07,2종,40591
674,,2015-07,3종,60089
674,,2015-07,4종,21847
674,,2015-07,5종,24280
674,,2015-07,6종,62627
675,서오산,2015-07,1종,797717
675,서오산,2015-07,2종,25697
675,서오산,2015-07,3종,19265
675,서오산,2015-07,4종,17214
675,서오산,2015-07,5종,17131
675,서오산,2015-07,6종,57256
676,향남,2015-07,1종,563245
676,향남,2015-07,2종,35996
676,향남,2015-07,3종,26469
676,향남,2015-07,4종,27770
676,향남,2015-07,5종,15204
676,향남,2015-07,6종,44654
677,북평택,2015-07,1종,928125
677,북평택,2015-07,2종,33430
677,북평택,2015-07,3종,44043
677,북평택,2015-07,4종,18424
677,북평택,2015-07,5종,33374
677,북평택,2015-07,6종,60899
681,장안본선,2015-07,1종,1036606
681,장안본선,2015-07,2종,79342
681,장안본선,2015-07,3종,137524
681,장안본선,2015-07,4종,100724
681,장안본선,2015-07,5종,173824
681,장안본선,2015-07,6종,59070
682,조암,2015-07,1종,342291
682,조암,2015-07,2종,40547
682,조암,2015-07,3종,37157
682,조암,2015-07,4종,24912
682,조암,2015-07,5종,26842
682,조암,2015-07,6종,21455
683,송산마도,2015-07,1종,615970
683,송산마도,2015-07,2종,39443
683,송산마도,2015-07,3종,29856
683,송산마도,2015-07,4종,24112
683,송산마도,2015-07,5종,42442
683,송산마도,2015-07,6종,38253
684,남안산,2015-07,1종,756819
684,남안산,2015-07,2종,78031
684,남안산,2015-07,3종,67990
684,남안산,2015-07,4종,54558
684,남안산,2015-07,5종,79854
684,남안산,2015-07,6종,55142
685,서시흥,2015-07,1종,1267165
685,서시흥,2015-07,2종,77560
685,서시흥,2015-07,3종,112906
685,서시흥,2015-07,4종,73114
685,서시흥,2015-07,5종,150110
685,서시흥,2015-07,6종,77733
981,서영암,2015-07,1종,229483
981,서영암,2015-07,2종,4679
981,서영암,2015-07,3종,9752
981,서영암,2015-07,4종,6980
981,서영암,2015-07,5종,17577
981,서영암,2015-07,6종,6917
982,강진무위사,2015-07,1종,128115
982,강진무위사,2015-07,2종,2989
982,강진무위사,2015-07,3종,5305
982,강진무위사,2015-07,4종,2657
982,강진무위사,2015-07,5종,4385
982,강진무위사,2015-07,6종,3695
983,장흥,2015-07,1종,105342
983,장흥,2015-07,2종,2033
983,장흥,2015-07,3종,2574
983,장흥,2015-07,4종,831
983,장흥,2015-07,5종,1123
983,장흥,2015-07,6종,3105
984,보성,2015-07,1종,188234
984,보성,2015-07,2종,6206
984,보성,2015-07,3종,6314
984,보성,2015-07,4종,4610
984,보성,2015-07,5종,11775
984,보성,2015-07,6종,5209
985,벌교,2015-07,1종,127209
985,벌교,2015-07,2종,4069
985,벌교,2015-07,3종,3241
985,벌교,2015-07,4종,1765
985,벌교,2015-07,5종,3120
985,벌교,2015-07,6종,3358
986,고흥,2015-07,1종,170754
986,고흥,2015-07,2종,3653
986,고흥,2015-07,3종,4968
986,고흥,2015-07,4종,3548
986,고흥,2015-07,5종,4271
986,고흥,2015-07,6종,5644
987,남순천,2015-07,1종,463487
987,남순천,2015-07,2종,11157
987,남순천,2015-07,3종,17330
987,남순천,2015-07,4종,14177
987,남순천,2015-07,5종,33450
987,남순천,2015-07,6종,13974
11,인천,2015-08,1종,3769955
11,인천,2015-08,2종,114879
11,인천,2015-08,3종,83349
11,인천,2015-08,4종,66635
11,인천,2015-08,5종,127985
11,인천,2015-08,6종,341212
12,서영암(개),2015-08,1종,52224
12,서영암(개),2015-08,2종,615
12,서영암(개),2015-08,3종,639
12,서영암(개),2015-08,4종,413
12,서영암(개),2015-08,5종,531
12,서영암(개),2015-08,6종,2676
13,순천만,2015-08,1종,146800
13,순천만,2015-08,2종,3719
13,순천만,2015-08,3종,3735
13,순천만,2015-08,4종,3135
13,순천만,2015-08,5종,8946
13,순천만,2015-08,6종,6617
29,가락(개),2015-08,1종,774547
29,가락(개),2015-08,2종,20032
29,가락(개),2015-08,3종,21348
29,가락(개),2015-08,4종,23270
29,가락(개),2015-08,5종,102303
29,가락(개),2015-08,6종,63219
53,남인천,2015-08,1종,1774568
53,남인천,2015-08,2종,41207
53,남인천,2015-08,3종,55334
53,남인천,2015-08,4종,19720
53,남인천,2015-08,5종,58710
53,남인천,2015-08,6종,150330
56,일로,2015-08,1종,45781
56,일로,2015-08,2종,2261
56,일로,2015-08,3종,542
56,일로,2015-08,4종,545
56,일로,2015-08,5종,2930
56,일로,2015-08,6종,2509
61,성남,2015-08,1종,4325072
61,성남,2015-08,2종,155464
61,성남,2015-08,3종,155319
61,성남,2015-08,4종,97688
61,성남,2015-08,5종,95816
61,성남,2015-08,6종,299713
62,구리남양주,2015-08,1종,5428209
62,구리남양주,2015-08,2종,205701
62,구리남양주,2015-08,3종,193025
62,구리남양주,2015-08,4종,136915
62,구리남양주,2015-08,5종,110130
62,구리남양주,2015-08,6종,397079
63,토평,2015-08,1종,478304
63,토평,2015-08,2종,14654
63,토평,2015-08,3종,7702
63,토평,2015-08,4종,10089
63,토평,2015-08,5종,6505
63,토평,2015-08,6종,39275
64,청계,2015-08,1종,4845431
64,청계,2015-08,2종,147134
64,청계,2015-08,3종,152435
64,청계,2015-08,4종,51125
64,청계,2015-08,5종,83113
64,청계,2015-08,6종,361928
65,판교,2015-08,1종,2972610
65,판교,2015-08,2종,43460
65,판교,2015-08,3종,177572
65,판교,2015-08,4종,16064
65,판교,2015-08,5종,12874
65,판교,2015-08,6종,176265
66,하남,2015-08,1종,975585
66,하남,2015-08,2종,27708
66,하남,2015-08,3종,18717
66,하남,2015-08,4종,8967
66,하남,2015-08,5종,11149
66,하남,2015-08,6종,73226
67,시흥,2015-08,1종,4124918
67,시흥,2015-08,2종,130968
67,시흥,2015-08,3종,127859
67,시흥,2015-08,4종,72555
67,시흥,2015-08,5종,74506
67,시흥,2015-08,6종,309445
68,김포,2015-08,1종,5026542
68,김포,2015-08,2종,171221
68,김포,2015-08,3종,145300
68,김포,2015-08,4종,80138
68,김포,2015-08,5종,116408
68,김포,2015-08,6종,403088
69,대왕판교,2015-08,1종,200940
69,대왕판교,2015-08,2종,1275
69,대왕판교,2015-08,3종,222
69,대왕판교,2015-08,4종,34
69,대왕판교,2015-08,5종,14
69,대왕판교,2015-08,6종,11312
74,덕소삼패,2015-08,1종,336638
74,덕소삼패,2015-08,2종,6116
74,덕소삼패,2015-08,3종,5496
74,덕소삼패,2015-08,4종,7246
74,덕소삼패,2015-08,5종,14539
74,덕소삼패,2015-08,6종,27081
91,대동(개),2015-08,1종,130012
91,대동(개),2015-08,2종,9755
91,대동(개),2015-08,3종,5502
91,대동(개),2015-08,4종,18142
91,대동(개),2015-08,5종,12511
91,대동(개),2015-08,6종,8855
92,내서,2015-08,1종,225968
92,내서,2015-08,2종,7913
92,내서,2015-08,3종,10106
92,내서,2015-08,4종,3401
92,내서,2015-08,5종,7791
92,내서,2015-08,6종,19793
101,서울,2015-08,1종,5770198
101,서울,2015-08,2종,182431
101,서울,2015-08,3종,564399
101,서울,2015-08,4종,90308
101,서울,2015-08,5종,52427
101,서울,2015-08,6종,266039
102,동수원,2015-08,1종,2230483
102,동수원,2015-08,2종,40822
102,동수원,2015-08,3종,82596
102,동수원,2015-08,4종,14837
102,동수원,2015-08,5종,42041
102,동수원,2015-08,6종,139981
103,수원신갈,2015-08,1종,2509748
103,수원신갈,2015-08,2종,96097
103,수원신갈,2015-08,3종,161096
103,수원신갈,2015-08,4종,41415
103,수원신갈,2015-08,5종,26814
103,수원신갈,2015-08,6종,137242
104,지곡,2015-08,1종,72694
104,지곡,2015-08,2종,1589
104,지곡,2015-08,3종,2792
104,지곡,2015-08,4종,1705
104,지곡,2015-08,5종,1795
104,지곡,2015-08,6종,2547
105,기흥,2015-08,1종,503747
105,기흥,2015-08,2종,22995
105,기흥,2015-08,3종,13605
105,기흥,2015-08,4종,10660
105,기흥,2015-08,5종,10154
105,기흥,2015-08,6종,27009
106,오산,2015-08,1종,1218079
106,오산,2015-08,2종,86186
106,오산,2015-08,3종,104109
106,오산,2015-08,4종,48728
106,오산,2015-08,5종,32524
106,오산,2015-08,6종,74511
107,안성,2015-08,1종,908403
107,안성,2015-08,2종,31074
107,안성,2015-08,3종,52178
107,안성,2015-08,4종,16936
107,안성,2015-08,5종,12349
107,안성,2015-08,6종,57366
108,천안,2015-08,1종,1562898
108,천안,2015-08,2종,43711
108,천안,2015-08,3종,101302
108,천안,2015-08,4종,36041
108,천안,2015-08,5종,29285
108,천안,2015-08,6종,78929
109,계룡,2015-08,1종,140946
109,계룡,2015-08,2종,8983
109,계룡,2015-08,3종,9806
109,계룡,2015-08,4종,8485
109,계룡,2015-08,5종,5227
109,계룡,2015-08,6종,8233
110,독립기념관,2015-08,1종,382718
110,독립기념관,2015-08,2종,17289
110,독립기념관,2015-08,3종,21073
110,독립기념관,2015-08,4종,17221
110,독립기념관,2015-08,5종,13727
110,독립기념관,2015-08,6종,16118
111,청주,2015-08,1종,524928
111,청주,2015-08,2종,19403
111,청주,2015-08,3종,50711
111,청주,2015-08,4종,15716
111,청주,2015-08,5종,18446
111,청주,2015-08,6종,26225
112,남청주,2015-08,1종,539589
112,남청주,2015-08,2종,39330
112,남청주,2015-08,3종,38345
112,남청주,2015-08,4종,45247
112,남청주,2015-08,5종,39406
112,남청주,2015-08,6종,24125
113,신탄진,2015-08,1종,804417
113,신탄진,2015-08,2종,41228
113,신탄진,2015-08,3종,34293
113,신탄진,2015-08,4종,56093
113,신탄진,2015-08,5종,49400
113,신탄진,2015-08,6종,42747
114,남대전,2015-08,1종,375809
114,남대전,2015-08,2종,13579
114,남대전,2015-08,3종,13361
114,남대전,2015-08,4종,7085
114,남대전,2015-08,5종,9565
114,남대전,2015-08,6종,17959
115,대전,2015-08,1종,1487794
115,대전,2015-08,2종,38597
115,대전,2015-08,3종,80968
115,대전,2015-08,4종,17132
115,대전,2015-08,5종,14645
115,대전,2015-08,6종,80062
116,옥천,2015-08,1종,428758
116,옥천,2015-08,2종,20256
116,옥천,2015-08,3종,20585
116,옥천,2015-08,4종,35928
116,옥천,2015-08,5종,21261
116,옥천,2015-08,6종,24503
117,금강,2015-08,1종,58706
117,금강,2015-08,2종,1597
117,금강,2015-08,3종,1626
117,금강,2015-08,4종,3818
117,금강,2015-08,5종,1134
117,금강,2015-08,6종,2966
118,영동,2015-08,1종,106633
118,영동,2015-08,2종,4850
118,영동,2015-08,3종,4674
118,영동,2015-08,4종,2951
118,영동,2015-08,5종,6661
118,영동,2015-08,6종,4242
119,판암,2015-08,1종,535102
119,판암,2015-08,2종,14423
119,판암,2015-08,3종,10022
119,판암,2015-08,4종,6962
119,판암,2015-08,5종,6456
119,판암,2015-08,6종,31356
120,황간,2015-08,1종,127325
120,황간,2015-08,2종,2879
120,황간,2015-08,3종,4720
120,황간,2015-08,4종,4978
120,황간,2015-08,5종,4907
120,황간,2015-08,6종,4424
121,추풍령,2015-08,1종,52387
121,추풍령,2015-08,2종,1467
121,추풍령,2015-08,3종,2566
121,추풍령,2015-08,4종,1556
121,추풍령,2015-08,5종,1339
121,추풍령,2015-08,6종,2322
122,김천,2015-08,1종,251240
122,김천,2015-08,2종,7372
122,김천,2015-08,3종,10938
122,김천,2015-08,4종,9462
122,김천,2015-08,5종,7438
122,김천,2015-08,6종,10994
123,구미,2015-08,1종,874710
123,구미,2015-08,2종,20095
123,구미,2015-08,3종,36418
123,구미,2015-08,4종,18393
123,구미,2015-08,5종,15753
123,구미,2015-08,6종,42254
124,상주,2015-08,1종,142995
124,상주,2015-08,2종,5478
124,상주,2015-08,3종,6175
124,상주,2015-08,4종,6548
124,상주,2015-08,5종,7629
124,상주,2015-08,6종,4670
125,남구미,2015-08,1종,576053
125,남구미,2015-08,2종,20519
125,남구미,2015-08,3종,30092
125,남구미,2015-08,4종,20814
125,남구미,2015-08,5종,35609
125,남구미,2015-08,6종,31310
126,왜관,2015-08,1종,663906
126,왜관,2015-08,2종,40544
126,왜관,2015-08,3종,33269
126,왜관,2015-08,4종,23561
126,왜관,2015-08,5종,30350
126,왜관,2015-08,6종,30339
127,서대구,2015-08,1종,2081468
127,서대구,2015-08,2종,82565
127,서대구,2015-08,3종,98499
127,서대구,2015-08,4종,50478
127,서대구,2015-08,5종,54584
127,서대구,2015-08,6종,89297
128,금왕꽃동네,2015-08,1종,134666
128,금왕꽃동네,2015-08,2종,9835
128,금왕꽃동네,2015-08,3종,13202
128,금왕꽃동네,2015-08,4종,9593
128,금왕꽃동네,2015-08,5종,13466
128,금왕꽃동네,2015-08,6종,6158
129,북대구,2015-08,1종,1936437
129,북대구,2015-08,2종,57027
129,북대구,2015-08,3종,51306
129,북대구,2015-08,4종,25142
129,북대구,2015-08,5종,26968
129,북대구,2015-08,6종,81896
130,동김천,2015-08,1종,203801
130,동김천,2015-08,2종,6892
130,동김천,2015-08,3종,12473
130,동김천,2015-08,4종,9329
130,동김천,2015-08,5종,16742
130,동김천,2015-08,6종,8228
131,경산,2015-08,1종,871102
131,경산,2015-08,2종,69033
131,경산,2015-08,3종,54538
131,경산,2015-08,4종,44099
131,경산,2015-08,5종,36581
131,경산,2015-08,6종,45595
132,영천,2015-08,1종,468141
132,영천,2015-08,2종,22865
132,영천,2015-08,3종,29090
132,영천,2015-08,4종,23418
132,영천,2015-08,5종,37259
132,영천,2015-08,6종,18260
133,서경주,2015-08,1종,215659
133,서경주,2015-08,2종,7736
133,서경주,2015-08,3종,12853
133,서경주,2015-08,4종,9604
133,서경주,2015-08,5종,26416
133,서경주,2015-08,6종,7415
134,선산,2015-08,1종,104422
134,선산,2015-08,2종,4777
134,선산,2015-08,3종,5311
134,선산,2015-08,4종,4838
134,선산,2015-08,5종,6614
134,선산,2015-08,6종,3638
135,경주,2015-08,1종,1196248
135,경주,2015-08,2종,35260
135,경주,2015-08,3종,68700
135,경주,2015-08,4종,41544
135,경주,2015-08,5종,85228
135,경주,2015-08,6종,45543
136,음성,2015-08,1종,212154
136,음성,2015-08,2종,8427
136,음성,2015-08,3종,11050
136,음성,2015-08,4종,8340
136,음성,2015-08,5종,9477
136,음성,2015-08,6종,8051
137,통도사,2015-08,1종,341041
137,통도사,2015-08,2종,15370
137,통도사,2015-08,3종,14878
137,통도사,2015-08,4종,11939
137,통도사,2015-08,5종,16857
137,통도사,2015-08,6종,17437
138,양산,2015-08,1종,760078
138,양산,2015-08,2종,70674
138,양산,2015-08,3종,44214
138,양산,2015-08,4종,47731
138,양산,2015-08,5종,57008
138,양산,2015-08,6종,41443
139,서울산,2015-08,1종,634278
139,서울산,2015-08,2종,24838
139,서울산,2015-08,3종,30856
139,서울산,2015-08,4종,14287
139,서울산,2015-08,5종,25283
139,서울산,2015-08,6종,30112
140,부산,2015-08,1종,1961939
140,부산,2015-08,2종,61934
140,부산,2015-08,3종,49603
140,부산,2015-08,4종,31556
140,부산,2015-08,5종,54898
140,부산,2015-08,6종,107302
142,군북,2015-08,1종,409340
142,군북,2015-08,2종,13560
142,군북,2015-08,3종,14779
142,군북,2015-08,4종,9454
142,군북,2015-08,5종,18758
142,군북,2015-08,6종,23911
143,장지,2015-08,1종,115060
143,장지,2015-08,2종,4683
143,장지,2015-08,3종,5336
143,장지,2015-08,4종,4408
143,장지,2015-08,5종,16922
143,장지,2015-08,6종,7640
144,함안,2015-08,1종,269719
144,함안,2015-08,2종,9552
144,함안,2015-08,3종,9708
144,함안,2015-08,4종,6835
144,함안,2015-08,5종,15413
144,함안,2015-08,6종,17797
145,산인,2015-08,1종,957875
145,산인,2015-08,2종,19841
145,산인,2015-08,3종,38388
145,산인,2015-08,4종,14252
145,산인,2015-08,5종,21190
145,산인,2015-08,6종,50557
146,동창원,2015-08,1종,616787
146,동창원,2015-08,2종,25999
146,동창원,2015-08,3종,21825
146,동창원,2015-08,4종,19469
146,동창원,2015-08,5종,31943
146,동창원,2015-08,6종,40370
147,진례,2015-08,1종,463537
147,진례,2015-08,2종,30793
147,진례,2015-08,3종,22844
147,진례,2015-08,4종,18750
147,진례,2015-08,5종,27855
147,진례,2015-08,6종,29810
148,서김해,2015-08,1종,866801
148,서김해,2015-08,2종,29811
148,서김해,2015-08,3종,27172
148,서김해,2015-08,4종,18870
148,서김해,2015-08,5종,40544
148,서김해,2015-08,6종,58061
149,동김해,2015-08,1종,1275694
149,동김해,2015-08,2종,38663
149,동김해,2015-08,3종,29851
149,동김해,2015-08,4종,14395
149,동김해,2015-08,5종,14581
149,동김해,2015-08,6종,92781
150,북부산,2015-08,1종,2002482
150,북부산,2015-08,2종,36250
150,북부산,2015-08,3종,36807
150,북부산,2015-08,4종,16298
150,북부산,2015-08,5종,32397
150,북부산,2015-08,6종,128850
151,북대전,2015-08,1종,744430
151,북대전,2015-08,2종,16117
151,북대전,2015-08,3종,32831
151,북대전,2015-08,4종,18497
151,북대전,2015-08,5종,20561
151,북대전,2015-08,6종,41168
152,유성,2015-08,1종,1181112
152,유성,2015-08,2종,24058
152,유성,2015-08,3종,37436
152,유성,2015-08,4종,17374
152,유성,2015-08,5종,11642
152,유성,2015-08,6종,53584
153,서대전,2015-08,1종,797641
153,서대전,2015-08,2종,21100
153,서대전,2015-08,3종,19640
153,서대전,2015-08,4종,16434
153,서대전,2015-08,5종,12868
153,서대전,2015-08,6종,45703
154,안영,2015-08,1종,512005
154,안영,2015-08,2종,15974
154,안영,2015-08,3종,11629
154,안영,2015-08,4종,6806
154,안영,2015-08,5종,10318
154,안영,2015-08,6종,26225
155,논산,2015-08,1종,235715
155,논산,2015-08,2종,16022
155,논산,2015-08,3종,17141
155,논산,2015-08,4종,14627
155,논산,2015-08,5종,13012
155,논산,2015-08,6종,10583
156,익산,2015-08,1종,322823
156,익산,2015-08,2종,22989
156,익산,2015-08,3종,26455
156,익산,2015-08,4종,18782
156,익산,2015-08,5종,27900
156,익산,2015-08,6종,10391
157,삼례,2015-08,1종,143931
157,삼례,2015-08,2종,6856
157,삼례,2015-08,3종,8189
157,삼례,2015-08,4종,6144
157,삼례,2015-08,5종,10421
157,삼례,2015-08,6종,4230
158,전주,2015-08,1종,527428
158,전주,2015-08,2종,16697
158,전주,2015-08,3종,51596
158,전주,2015-08,4종,20096
158,전주,2015-08,5종,36468
158,전주,2015-08,6종,17182
159,서전주,2015-08,1종,328624
159,서전주,2015-08,2종,13044
159,서전주,2015-08,3종,13036
159,서전주,2015-08,4종,7295
159,서전주,2015-08,5종,7397
159,서전주,2015-08,6종,10144
160,김제,2015-08,1종,136589
160,김제,2015-08,2종,7079
160,김제,2015-08,3종,9073
160,김제,2015-08,4종,4089
160,김제,2015-08,5종,3846
160,김제,2015-08,6종,4354
161,금산사,2015-08,1종,37656
161,금산사,2015-08,2종,1761
161,금산사,2015-08,3종,1840
161,금산사,2015-08,4종,597
161,금산사,2015-08,5종,2019
161,금산사,2015-08,6종,1097
162,태인,2015-08,1종,95432
162,태인,2015-08,2종,5444
162,태인,2015-08,3종,9388
162,태인,2015-08,4종,5671
162,태인,2015-08,5종,4893
162,태인,2015-08,6종,2975
163,정읍,2015-08,1종,276784
163,정읍,2015-08,2종,14409
163,정읍,2015-08,3종,22295
163,정읍,2015-08,4종,10147
163,정읍,2015-08,5종,9462
163,정읍,2015-08,6종,9096
164,무주,2015-08,1종,261021
164,무주,2015-08,2종,4491
164,무주,2015-08,3종,6574
164,무주,2015-08,4종,3012
164,무주,2015-08,5종,3197
164,무주,2015-08,6종,8535
165,백양사,2015-08,1종,106405
165,백양사,2015-08,2종,2051
165,백양사,2015-08,3종,3381
165,백양사,2015-08,4종,1848
165,백양사,2015-08,5종,1346
165,백양사,2015-08,6종,2877
166,장성,2015-08,1종,178125
166,장성,2015-08,2종,11860
166,장성,2015-08,3종,18534
166,장성,2015-08,4종,10764
166,장성,2015-08,5종,11926
166,장성,2015-08,6종,6470
167,광주,2015-08,1종,1158878
167,광주,2015-08,2종,34123
167,광주,2015-08,3종,80486
167,광주,2015-08,4종,43253
167,광주,2015-08,5종,26960
167,광주,2015-08,6종,35377
168,덕유산,2015-08,1종,112374
168,덕유산,2015-08,2종,1696
168,덕유산,2015-08,3종,1894
168,덕유산,2015-08,4종,795
168,덕유산,2015-08,5종,932
168,덕유산,2015-08,6종,3102
169,장수,2015-08,1종,152831
169,장수,2015-08,2종,4240
169,장수,2015-08,3종,5226
169,장수,2015-08,4종,2711
169,장수,2015-08,5종,2292
169,장수,2015-08,6종,4302
170,서상,2015-08,1종,77224
170,서상,2015-08,2종,2240
170,서상,2015-08,3종,4935
170,서상,2015-08,4종,3264
170,서상,2015-08,5종,3360
170,서상,2015-08,6종,2800
171,마성,2015-08,1종,471790
171,마성,2015-08,2종,5642
171,마성,2015-08,3종,19433
171,마성,2015-08,4종,1578
171,마성,2015-08,5종,1091
171,마성,2015-08,6종,25914
172,용인,2015-08,1종,934774
172,용인,2015-08,2종,61732
172,용인,2015-08,3종,36028
172,용인,2015-08,4종,21164
172,용인,2015-08,5종,15997
172,용인,2015-08,6종,61975
173,양지,2015-08,1종,912895
173,양지,2015-08,2종,95716
173,양지,2015-08,3종,66598
173,양지,2015-08,4종,56304
173,양지,2015-08,5종,41392
173,양지,2015-08,6종,50988
174,춘천,2015-08,1종,860497
174,춘천,2015-08,2종,19931
174,춘천,2015-08,3종,25779
174,춘천,2015-08,4종,8626
174,춘천,2015-08,5종,7311
174,춘천,2015-08,6종,51410
175,덕평,2015-08,1종,319544
175,덕평,2015-08,2종,41648
175,덕평,2015-08,3종,25889
175,덕평,2015-08,4종,23425
175,덕평,2015-08,5종,11989
175,덕평,2015-08,6종,19749
176,이천,2015-08,1종,668958
176,이천,2015-08,2종,34400
176,이천,2015-08,3종,48992
176,이천,2015-08,4종,40848
176,이천,2015-08,5종,34653
176,이천,2015-08,6종,31810
177,여주,2015-08,1종,410912
177,여주,2015-08,2종,14645
177,여주,2015-08,3종,36720
177,여주,2015-08,4종,23071
177,여주,2015-08,5종,11493
177,여주,2015-08,6종,17143
178,문막,2015-08,1종,426853
178,문막,2015-08,2종,21339
178,문막,2015-08,3종,36829
178,문막,2015-08,4종,14170
178,문막,2015-08,5종,15022
178,문막,2015-08,6종,18295
179,홍천,2015-08,1종,398841
179,홍천,2015-08,2종,9817
179,홍천,2015-08,3종,16954
179,홍천,2015-08,4종,8044
179,홍천,2015-08,5종,6560
179,홍천,2015-08,6종,24771
180,원주,2015-08,1종,291442
180,원주,2015-08,2종,14076
180,원주,2015-08,3종,17141
180,원주,2015-08,4종,9064
180,원주,2015-08,5종,8627
180,원주,2015-08,6종,14528
181,새말,2015-08,1종,319553
181,새말,2015-08,2종,7653
181,새말,2015-08,3종,12925
181,새말,2015-08,4종,6563
181,새말,2015-08,5종,4769
181,새말,2015-08,6종,11547
182,둔내,2015-08,1종,190566
182,둔내,2015-08,2종,3917
182,둔내,2015-08,3종,6710
182,둔내,2015-08,4종,4885
182,둔내,2015-08,5종,3294
182,둔내,2015-08,6종,6674
183,면온,2015-08,1종,188909
183,면온,2015-08,2종,2766
183,면온,2015-08,3종,6555
183,면온,2015-08,4종,3513
183,면온,2015-08,5종,2234
183,면온,2015-08,6종,5641
184,대관령,2015-08,1종,396026
184,대관령,2015-08,2종,6556
184,대관령,2015-08,3종,17835
184,대관령,2015-08,4종,4541
184,대관령,2015-08,5종,4237
184,대관령,2015-08,6종,15039
185,평창,2015-08,1종,247087
185,평창,2015-08,2종,6102
185,평창,2015-08,3종,17210
185,평창,2015-08,4종,4998
185,평창,2015-08,5종,3687
185,평창,2015-08,6종,9280
186,속사,2015-08,1종,74146
186,속사,2015-08,2종,2030
186,속사,2015-08,3종,3774
186,속사,2015-08,4종,5142
186,속사,2015-08,5종,2428
186,속사,2015-08,6종,2048
187,진부,2015-08,1종,236331
187,진부,2015-08,2종,5400
187,진부,2015-08,3종,14235
187,진부,2015-08,4종,6597
187,진부,2015-08,5종,4278
187,진부,2015-08,6종,8637
188,서충주,2015-08,1종,137579
188,서충주,2015-08,2종,5921
188,서충주,2015-08,3종,9101
188,서충주,2015-08,4종,6959
188,서충주,2015-08,5종,8095
188,서충주,2015-08,6종,5580
189,강릉,2015-08,1종,704287
189,강릉,2015-08,2종,14272
189,강릉,2015-08,3종,43645
189,강릉,2015-08,4종,9900
189,강릉,2015-08,5종,12716
189,강릉,2015-08,6종,33773
190,동서울,2015-08,1종,3729369
190,동서울,2015-08,2종,175426
190,동서울,2015-08,3종,226428
190,동서울,2015-08,4종,110797
190,동서울,2015-08,5종,64250
190,동서울,2015-08,6종,174953
191,경기광주,2015-08,1종,807515
191,경기광주,2015-08,2종,41697
191,경기광주,2015-08,3종,37538
191,경기광주,2015-08,4종,12510
191,경기광주,2015-08,5종,6697
191,경기광주,2015-08,6종,57335
192,곤지암,2015-08,1종,875256
192,곤지암,2015-08,2종,67001
192,곤지암,2015-08,3종,53224
192,곤지암,2015-08,4종,35803
192,곤지암,2015-08,5종,21496
192,곤지암,2015-08,6종,48756
193,일죽,2015-08,1종,498631
193,일죽,2015-08,2종,34184
193,일죽,2015-08,3종,40674
193,일죽,2015-08,4종,35403
193,일죽,2015-08,5종,19489
193,일죽,2015-08,6종,20261
194,서이천,2015-08,1종,543922
194,서이천,2015-08,2종,60172
194,서이천,2015-08,3종,55260
194,서이천,2015-08,4종,34755
194,서이천,2015-08,5종,16480
194,서이천,2015-08,6종,30949
195,대소,2015-08,1종,290110
195,대소,2015-08,2종,39340
195,대소,2015-08,3종,42836
195,대소,2015-08,4종,32686
195,대소,2015-08,5종,21208
195,대소,2015-08,6종,13899
196,진천,2015-08,1종,276498
196,진천,2015-08,2종,15776
196,진천,2015-08,3종,19177
196,진천,2015-08,4종,18643
196,진천,2015-08,5종,16501
196,진천,2015-08,6종,12271
197,증평,2015-08,1종,410903
197,증평,2015-08,2종,20752
197,증평,2015-08,3종,25231
197,증평,2015-08,4종,17452
197,증평,2015-08,5종,17863
197,증평,2015-08,6종,17293
198,서청주,2015-08,1종,865435
198,서청주,2015-08,2종,32877
198,서청주,2015-08,3종,42829
198,서청주,2015-08,4종,30931
198,서청주,2015-08,5종,19055
198,서청주,2015-08,6종,43015
199,오창,2015-08,1종,558597
199,오창,2015-08,2종,20619
199,오창,2015-08,3종,30704
199,오창,2015-08,4종,19059
199,오창,2015-08,5종,18079
199,오창,2015-08,6종,27164
200,금산,2015-08,1종,199457
200,금산,2015-08,2종,4046
200,금산,2015-08,3종,6563
200,금산,2015-08,4종,4398
200,금산,2015-08,5종,6108
200,금산,2015-08,6종,8215
201,칠곡,2015-08,1종,672306
201,칠곡,2015-08,2종,24840
201,칠곡,2015-08,3종,20270
201,칠곡,2015-08,4종,9686
201,칠곡,2015-08,5종,11498
201,칠곡,2015-08,6종,32404
202,다부,2015-08,1종,135737
202,다부,2015-08,2종,6975
202,다부,2015-08,3종,5337
202,다부,2015-08,4종,2755
202,다부,2015-08,5종,7469
202,다부,2015-08,6종,5217
203,가산,2015-08,1종,584665
203,가산,2015-08,2종,21216
203,가산,2015-08,3종,21061
203,가산,2015-08,4종,14613
203,가산,2015-08,5종,30304
203,가산,2015-08,6종,22958
204,추부,2015-08,1종,220845
204,추부,2015-08,2종,8406
204,추부,2015-08,3종,9530
204,추부,2015-08,4종,5541
204,추부,2015-08,5종,4727
204,추부,2015-08,6종,11507
205,군위,2015-08,1종,172068
205,군위,2015-08,2종,6010
205,군위,2015-08,3종,4784
205,군위,2015-08,4종,3858
205,군위,2015-08,5종,12650
205,군위,2015-08,6종,7207
206,의성,2015-08,1종,189062
206,의성,2015-08,2종,4710
206,의성,2015-08,3종,4220
206,의성,2015-08,4종,2124
206,의성,2015-08,5종,3546
206,의성,2015-08,6종,6481
207,남안동,2015-08,1종,327812
207,남안동,2015-08,2종,9199
207,남안동,2015-08,3종,6796
207,남안동,2015-08,4종,4852
207,남안동,2015-08,5종,7810
207,남안동,2015-08,6종,11616
208,서안동,2015-08,1종,258267
208,서안동,2015-08,2종,6746
208,서안동,2015-08,3종,16799
208,서안동,2015-08,4종,4811
208,서안동,2015-08,5종,9168
208,서안동,2015-08,6종,8373
209,예천,2015-08,1종,35843
209,예천,2015-08,2종,668
209,예천,2015-08,3종,470
209,예천,2015-08,4종,320
209,예천,2015-08,5종,1031
209,예천,2015-08,6종,1214
210,영주,2015-08,1종,185986
210,영주,2015-08,2종,5224
210,영주,2015-08,3종,8385
210,영주,2015-08,4종,5257
210,영주,2015-08,5종,12098
210,영주,2015-08,6종,6134
211,풍기,2015-08,1종,283401
211,풍기,2015-08,2종,5756
211,풍기,2015-08,3종,15299
211,풍기,2015-08,4종,5410
211,풍기,2015-08,5종,7935
211,풍기,2015-08,6종,9275
212,북수원,2015-08,1종,1379454
212,북수원,2015-08,2종,40097
212,북수원,2015-08,3종,53902
212,북수원,2015-08,4종,23507
212,북수원,2015-08,5종,19799
212,북수원,2015-08,6종,81430
213,부곡,2015-08,1종,385588
213,부곡,2015-08,2종,11064
213,부곡,2015-08,3종,8361
213,부곡,2015-08,4종,15440
213,부곡,2015-08,5종,61563
213,부곡,2015-08,6종,26033
214,동군포,2015-08,1종,243794
214,동군포,2015-08,2종,25342
214,동군포,2015-08,3종,17317
214,동군포,2015-08,4종,33125
214,동군포,2015-08,5종,19791
214,동군포,2015-08,6종,17757
215,군포,2015-08,1종,1076918
215,군포,2015-08,2종,46674
215,군포,2015-08,3종,40534
215,군포,2015-08,4종,18810
215,군포,2015-08,5종,28827
215,군포,2015-08,6종,79308
216,횡성,2015-08,1종,267225
216,횡성,2015-08,2종,7259
216,횡성,2015-08,3종,9925
216,횡성,2015-08,4종,4818
216,횡성,2015-08,5종,5921
216,횡성,2015-08,6종,12572
217,북원주,2015-08,1종,81213
217,북원주,2015-08,2종,5535
217,북원주,2015-08,3종,4146
217,북원주,2015-08,4종,2057
217,북원주,2015-08,5종,2395
217,북원주,2015-08,6종,5383
218,남원주,2015-08,1종,628933
218,남원주,2015-08,2종,16509
218,남원주,2015-08,3종,27355
218,남원주,2015-08,4종,8817
218,남원주,2015-08,5종,8227
218,남원주,2015-08,6종,31516
219,신림,2015-08,1종,188418
219,신림,2015-08,2종,3156
219,신림,2015-08,3종,4731
219,신림,2015-08,4종,3936
219,신림,2015-08,5종,6079
219,신림,2015-08,6종,6698
220,덕평휴게소,2015-08,1종,6486
220,덕평휴게소,2015-08,2종,178
220,덕평휴게소,2015-08,3종,29
220,덕평휴게소,2015-08,4종,0
220,덕평휴게소,2015-08,5종,0
220,덕평휴게소,2015-08,6종,507
221,생초,2015-08,1종,92350
221,생초,2015-08,2종,2128
221,생초,2015-08,3종,3909
221,생초,2015-08,4종,2400
221,생초,2015-08,5종,7484
221,생초,2015-08,6종,3197
222,산청,2015-08,1종,104648
222,산청,2015-08,2종,1900
222,산청,2015-08,3종,3799
222,산청,2015-08,4종,1560
222,산청,2015-08,5종,1773
222,산청,2015-08,6종,3718
223,단성,2015-08,1종,201493
223,단성,2015-08,2종,2409
223,단성,2015-08,3종,6958
223,단성,2015-08,4종,3171
223,단성,2015-08,5종,3575
223,단성,2015-08,6종,6845
224,함양,2015-08,1종,141430
224,함양,2015-08,2종,3226
224,함양,2015-08,3종,7657
224,함양,2015-08,4종,1583
224,함양,2015-08,5종,2875
224,함양,2015-08,6종,5798
225,서진주,2015-08,1종,373319
225,서진주,2015-08,2종,7889
225,서진주,2015-08,3종,6990
225,서진주,2015-08,4종,4815
225,서진주,2015-08,5종,8609
225,서진주,2015-08,6종,20234
227,군산,2015-08,1종,375075
227,군산,2015-08,2종,7422
227,군산,2015-08,3종,18459
227,군산,2015-08,4종,13694
227,군산,2015-08,5종,35177
227,군산,2015-08,6종,11650
228,동군산,2015-08,1종,319882
228,동군산,2015-08,2종,8914
228,동군산,2015-08,3종,14623
228,동군산,2015-08,4종,8991
228,동군산,2015-08,5종,19995
228,동군산,2015-08,6종,9341
229,북천안,2015-08,1종,391796
229,북천안,2015-08,2종,28053
229,북천안,2015-08,3종,35645
229,북천안,2015-08,4종,39517
229,북천안,2015-08,5종,40640
229,북천안,2015-08,6종,21395
230,팔공산,2015-08,1종,742794
230,팔공산,2015-08,2종,24063
230,팔공산,2015-08,3종,13321
230,팔공산,2015-08,4종,8871
230,팔공산,2015-08,5종,9446
230,팔공산,2015-08,6종,35141
231,화원옥포,2015-08,1종,648498
231,화원옥포,2015-08,2종,30584
231,화원옥포,2015-08,3종,18989
231,화원옥포,2015-08,4종,10665
231,화원옥포,2015-08,5종,13060
231,화원옥포,2015-08,6종,32719
232,달성,2015-08,1종,293112
232,달성,2015-08,2종,16319
232,달성,2015-08,3종,19476
232,달성,2015-08,4종,5527
232,달성,2015-08,5종,6895
232,달성,2015-08,6종,19544
233,현풍,2015-08,1종,409928
233,현풍,2015-08,2종,28315
233,현풍,2015-08,3종,24599
233,현풍,2015-08,4종,19970
233,현풍,2015-08,5종,32260
233,현풍,2015-08,6종,19922
234,서천,2015-08,1종,132823
234,서천,2015-08,2종,3270
234,서천,2015-08,3종,4364
234,서천,2015-08,4종,4016
234,서천,2015-08,5종,5816
234,서천,2015-08,6종,4426
235,창녕,2015-08,1종,162963
235,창녕,2015-08,2종,6638
235,창녕,2015-08,3종,8030
235,창녕,2015-08,4종,3579
235,창녕,2015-08,5종,8703
235,창녕,2015-08,6종,8068
236,영산,2015-08,1종,164625
236,영산,2015-08,2종,9124
236,영산,2015-08,3종,9533
236,영산,2015-08,4종,6838
236,영산,2015-08,5종,8878
236,영산,2015-08,6종,6999
237,남지,2015-08,1종,142063
237,남지,2015-08,2종,7082
237,남지,2015-08,3종,12475
237,남지,2015-08,4종,7421
237,남지,2015-08,5종,13133
237,남지,2015-08,6종,10268
238,칠서,2015-08,1종,221789
238,칠서,2015-08,2종,24642
238,칠서,2015-08,3종,16355
238,칠서,2015-08,4종,22587
238,칠서,2015-08,5종,32790
238,칠서,2015-08,6종,14228
239,칠원,2015-08,1종,645464
239,칠원,2015-08,2종,22926
239,칠원,2015-08,3종,44265
239,칠원,2015-08,4종,32350
239,칠원,2015-08,5종,32825
239,칠원,2015-08,6종,31166
240,제천,2015-08,1종,622931
240,제천,2015-08,2종,13102
240,제천,2015-08,3종,23485
240,제천,2015-08,4종,9958
240,제천,2015-08,5종,14191
240,제천,2015-08,6종,23581
241,동고령,2015-08,1종,327979
241,동고령,2015-08,2종,17472
241,동고령,2015-08,3종,17437
241,동고령,2015-08,4종,13878
241,동고령,2015-08,5종,17066
241,동고령,2015-08,6종,14536
242,고령,2015-08,1종,246502
242,고령,2015-08,2종,9652
242,고령,2015-08,3종,9412
242,고령,2015-08,4종,6287
242,고령,2015-08,5종,18438
242,고령,2015-08,6종,9512
243,해인사,2015-08,1종,141576
243,해인사,2015-08,2종,3355
243,해인사,2015-08,3종,2756
243,해인사,2015-08,4종,1266
243,해인사,2015-08,5종,5701
243,해인사,2015-08,6종,5637
244,서부산,2015-08,1종,1709230
244,서부산,2015-08,2종,44542
244,서부산,2015-08,3종,82473
244,서부산,2015-08,4종,34908
244,서부산,2015-08,5종,81170
244,서부산,2015-08,6종,94681
245,장유,2015-08,1종,1540420
245,장유,2015-08,2종,40680
245,장유,2015-08,3종,59928
245,장유,2015-08,4종,24853
245,장유,2015-08,5종,31864
245,장유,2015-08,6종,103475
246,가락,2015-08,1종,57554
246,가락,2015-08,2종,6535
246,가락,2015-08,3종,6897
246,가락,2015-08,4종,15575
246,가락,2015-08,5종,48990
246,가락,2015-08,6종,2394
247,남원,2015-08,1종,189780
247,남원,2015-08,2종,5881
247,남원,2015-08,3종,8288
247,남원,2015-08,4종,3634
247,남원,2015-08,5종,14840
247,남원,2015-08,6종,6132
248,순창,2015-08,1종,151197
248,순창,2015-08,2종,3834
248,순창,2015-08,3종,4041
248,순창,2015-08,4종,2637
248,순창,2015-08,5종,5264
248,순창,2015-08,6종,5202
249,담양,2015-08,1종,240610
249,담양,2015-08,2종,4149
249,담양,2015-08,3종,12977
249,담양,2015-08,4종,2563
249,담양,2015-08,5종,4803
249,담양,2015-08,6종,7599
250,남양산,2015-08,1종,1206535
250,남양산,2015-08,2종,49128
250,남양산,2015-08,3종,42391
250,남양산,2015-08,4종,25314
250,남양산,2015-08,5종,32793
250,남양산,2015-08,6종,84433
251,물금,2015-08,1종,510787
251,물금,2015-08,2종,43062
251,물금,2015-08,3종,19492
251,물금,2015-08,4종,39341
251,물금,2015-08,5종,73626
251,물금,2015-08,6종,34904
252,대동,2015-08,1종,2086186
252,대동,2015-08,2종,100560
252,대동,2015-08,3종,75926
252,대동,2015-08,4종,73210
252,대동,2015-08,5종,204929
252,대동,2015-08,6종,96688
253,서서울,2015-08,1종,5489877
253,서서울,2015-08,2종,195092
253,서서울,2015-08,3종,158879
253,서서울,2015-08,4종,129983
253,서서울,2015-08,5종,126522
253,서서울,2015-08,6종,321315
254,군자,2015-08,1종,2573819
254,군자,2015-08,2종,107014
254,군자,2015-08,3종,105891
254,군자,2015-08,4종,77860
254,군자,2015-08,5종,151037
254,군자,2015-08,6종,173636
255,서안산,2015-08,1종,1752971
255,서안산,2015-08,2종,90953
255,서안산,2015-08,3종,63030
255,서안산,2015-08,4종,45869
255,서안산,2015-08,5종,53502
255,서안산,2015-08,6종,131527
256,안산,2015-08,1종,904900
256,안산,2015-08,2종,23371
256,안산,2015-08,3종,20426
256,안산,2015-08,4종,6622
256,안산,2015-08,5종,6818
256,안산,2015-08,6종,69458
257,홍성,2015-08,1종,335404
257,홍성,2015-08,2종,5246
257,홍성,2015-08,3종,8044
257,홍성,2015-08,4종,4012
257,홍성,2015-08,5종,13121
257,홍성,2015-08,6종,12342
258,광천,2015-08,1종,172706
258,광천,2015-08,2종,5810
258,광천,2015-08,3종,7782
258,광천,2015-08,4종,6330
258,광천,2015-08,5종,11104
258,광천,2015-08,6종,6586
259,대천,2015-08,1종,388123
259,대천,2015-08,2종,6609
259,대천,2015-08,3종,11746
259,대천,2015-08,4종,3998
259,대천,2015-08,5종,4987
259,대천,2015-08,6종,14576
260,춘장대,2015-08,1종,97720
260,춘장대,2015-08,2종,1687
260,춘장대,2015-08,3종,1941
260,춘장대,2015-08,4종,1501
260,춘장대,2015-08,5종,3328
260,춘장대,2015-08,6종,2825
261,동광주,2015-08,1종,1282119
261,동광주,2015-08,2종,28394
261,동광주,2015-08,3종,58611
261,동광주,2015-08,4종,24538
261,동광주,2015-08,5종,43261
261,동광주,2015-08,6종,40870
262,창평,2015-08,1종,128066
262,창평,2015-08,2종,4972
262,창평,2015-08,3종,3189
262,창평,2015-08,4종,3095
262,창평,2015-08,5종,1922
262,창평,2015-08,6종,3948
263,옥과,2015-08,1종,238135
263,옥과,2015-08,2종,4367
263,옥과,2015-08,3종,9263
263,옥과,2015-08,4종,3294
263,옥과,2015-08,5종,6021
263,옥과,2015-08,6종,9076
264,동남원,2015-08,1종,73445
264,동남원,2015-08,2종,2319
264,동남원,2015-08,3종,3227
264,동남원,2015-08,4종,1285
264,동남원,2015-08,5종,1253
264,동남원,2015-08,6종,2245
265,곡성,2015-08,1종,194858
265,곡성,2015-08,2종,4158
265,곡성,2015-08,3종,5380
265,곡성,2015-08,4종,2232
265,곡성,2015-08,5종,5130
265,곡성,2015-08,6종,7187
266,석곡,2015-08,1종,60602
266,석곡,2015-08,2종,1270
266,석곡,2015-08,3종,1983
266,석곡,2015-08,4종,625
266,석곡,2015-08,5종,1352
266,석곡,2015-08,6종,2032
267,주암송광사,2015-08,1종,149611
267,주암송광사,2015-08,2종,3153
267,주암송광사,2015-08,3종,2911
267,주암송광사,2015-08,4종,3057
267,주암송광사,2015-08,5종,4361
267,주암송광사,2015-08,6종,4567
268,승주,2015-08,1종,77225
268,승주,2015-08,2종,1052
268,승주,2015-08,3종,1356
268,승주,2015-08,4종,689
268,승주,2015-08,5종,825
268,승주,2015-08,6종,3175
269,지리산,2015-08,1종,123875
269,지리산,2015-08,2종,2098
269,지리산,2015-08,3종,4712
269,지리산,2015-08,4종,1747
269,지리산,2015-08,5종,1767
269,지리산,2015-08,6종,3223
270,서순천,2015-08,1종,175256
270,서순천,2015-08,2종,5342
270,서순천,2015-08,3종,10203
270,서순천,2015-08,4종,2325
270,서순천,2015-08,5종,3750
270,서순천,2015-08,6종,6134
271,순천,2015-08,1종,669185
271,순천,2015-08,2종,15465
271,순천,2015-08,3종,15269
271,순천,2015-08,4종,10512
271,순천,2015-08,5종,31126
271,순천,2015-08,6종,21891
272,광양,2015-08,1종,423832
272,광양,2015-08,2종,8974
272,광양,2015-08,3종,23480
272,광양,2015-08,4종,14704
272,광양,2015-08,5종,49013
272,광양,2015-08,6종,13387
273,동광양,2015-08,1종,160035
273,동광양,2015-08,2종,2787
273,동광양,2015-08,3종,2863
273,동광양,2015-08,4종,4397
273,동광양,2015-08,5종,22817
273,동광양,2015-08,6종,6894
274,가조,2015-08,1종,75784
274,가조,2015-08,2종,2450
274,가조,2015-08,3종,3036
274,가조,2015-08,4종,1559
274,가조,2015-08,5종,2574
274,가조,2015-08,6종,3900
275,옥곡,2015-08,1종,221556
275,옥곡,2015-08,2종,4637
275,옥곡,2015-08,3종,9248
275,옥곡,2015-08,4종,8727
275,옥곡,2015-08,5종,36597
275,옥곡,2015-08,6종,8668
276,진월,2015-08,1종,100733
276,진월,2015-08,2종,2199
276,진월,2015-08,3종,2193
276,진월,2015-08,4종,6798
276,진월,2015-08,5종,37550
276,진월,2015-08,6종,3537
277,하동,2015-08,1종,311182
277,하동,2015-08,2종,5124
277,하동,2015-08,3종,7929
277,하동,2015-08,4종,11663
277,하동,2015-08,5종,36236
277,하동,2015-08,6종,12110
278,진교,2015-08,1종,204191
278,진교,2015-08,2종,3851
278,진교,2015-08,3종,12792
278,진교,2015-08,4종,1310
278,진교,2015-08,5종,4259
278,진교,2015-08,6종,10425
279,곤양,2015-08,1종,140801
279,곤양,2015-08,2종,3390
279,곤양,2015-08,3종,5594
279,곤양,2015-08,4종,3427
279,곤양,2015-08,5종,9283
279,곤양,2015-08,6종,6212
280,거창,2015-08,1종,224188
280,거창,2015-08,2종,7282
280,거창,2015-08,3종,14605
280,거창,2015-08,4종,3424
280,거창,2015-08,5종,4758
280,거창,2015-08,6종,9805
281,매송,2015-08,1종,548991
281,매송,2015-08,2종,22219
281,매송,2015-08,3종,22064
281,매송,2015-08,4종,11198
281,매송,2015-08,5종,25388
281,매송,2015-08,6종,31082
282,비봉,2015-08,1종,810951
282,비봉,2015-08,2종,40114
282,비봉,2015-08,3종,30546
282,비봉,2015-08,4종,18423
282,비봉,2015-08,5종,36664
282,비봉,2015-08,6종,47924
283,발안,2015-08,1종,471380
283,발안,2015-08,2종,27818
283,발안,2015-08,3종,22789
283,발안,2015-08,4종,17448
283,발안,2015-08,5종,18281
283,발안,2015-08,6종,30077
284,남양양,2015-08,1종,136885
284,남양양,2015-08,2종,1904
284,남양양,2015-08,3종,2284
284,남양양,2015-08,4종,630
284,남양양,2015-08,5종,954
284,남양양,2015-08,6종,4255
285,서평택,2015-08,1종,626291
285,서평택,2015-08,2종,35723
285,서평택,2015-08,3종,44257
285,서평택,2015-08,4종,54622
285,서평택,2015-08,5종,107622
285,서평택,2015-08,6종,35045
286,통도사휴게소,2015-08,1종,40572
286,통도사휴게소,2015-08,2종,337
286,통도사휴게소,2015-08,3종,1820
286,통도사휴게소,2015-08,4종,0
286,통도사휴게소,2015-08,5종,0
286,통도사휴게소,2015-08,6종,1799
287,송악,2015-08,1종,513351
287,송악,2015-08,2종,16289
287,송악,2015-08,3종,20445
287,송악,2015-08,4종,25415
287,송악,2015-08,5종,112911
287,송악,2015-08,6종,24406
288,당진,2015-08,1종,487069
288,당진,2015-08,2종,16297
288,당진,2015-08,3종,25568
288,당진,2015-08,4종,13876
288,당진,2015-08,5종,33290
288,당진,2015-08,6종,21645
289,마산,2015-08,1종,1021460
289,마산,2015-08,2종,29177
289,마산,2015-08,3종,45394
289,마산,2015-08,4종,16502
289,마산,2015-08,5종,22640
289,마산,2015-08,6종,60896
290,축동,2015-08,1종,49786
290,축동,2015-08,2종,2888
290,축동,2015-08,3종,1977
290,축동,2015-08,4종,4461
290,축동,2015-08,5종,5896
290,축동,2015-08,6종,2917
291,사천,2015-08,1종,855884
291,사천,2015-08,2종,27606
291,사천,2015-08,3종,27982
291,사천,2015-08,4종,14927
291,사천,2015-08,5종,24520
291,사천,2015-08,6종,48821
292,진주,2015-08,1종,759262
292,진주,2015-08,2종,21764
292,진주,2015-08,3종,49523
292,진주,2015-08,4종,12437
292,진주,2015-08,5종,24663
292,진주,2015-08,6종,47092
293,문산,2015-08,1종,337857
293,문산,2015-08,2종,10479
293,문산,2015-08,3종,8099
293,문산,2015-08,4종,5266
293,문산,2015-08,5종,8713
293,문산,2015-08,6종,20389
294,북창원,2015-08,1종,251942
294,북창원,2015-08,2종,7955
294,북창원,2015-08,3종,5249
294,북창원,2015-08,4종,8858
294,북창원,2015-08,5종,6436
294,북창원,2015-08,6종,13432
295,진성,2015-08,1종,156065
295,진성,2015-08,2종,6981
295,진성,2015-08,3종,6714
295,진성,2015-08,4종,5280
295,진성,2015-08,5종,11864
295,진성,2015-08,6종,7137
296,지수,2015-08,1종,58341
296,지수,2015-08,2종,2509
296,지수,2015-08,3종,2005
296,지수,2015-08,4종,1231
296,지수,2015-08,5종,5075
296,지수,2015-08,6종,3707
297,동충주,2015-08,1종,293719
297,동충주,2015-08,2종,8474
297,동충주,2015-08,3종,14424
297,동충주,2015-08,4종,11784
297,동충주,2015-08,5종,24072
297,동충주,2015-08,6종,8950
298,서산,2015-08,1종,702495
298,서산,2015-08,2종,15668
298,서산,2015-08,3종,31367
298,서산,2015-08,4종,21413
298,서산,2015-08,5종,38313
298,서산,2015-08,6종,27013
299,해미,2015-08,1종,184769
299,해미,2015-08,2종,5391
299,해미,2015-08,3종,6711
299,해미,2015-08,4종,5924
299,해미,2015-08,5종,11011
299,해미,2015-08,6종,7372
500,남여주,2015-08,1종,209025
500,남여주,2015-08,2종,6844
500,남여주,2015-08,3종,10183
500,남여주,2015-08,4종,9107
500,남여주,2015-08,5종,13992
500,남여주,2015-08,6종,8632
501,서김제,2015-08,1종,60548
501,서김제,2015-08,2종,2530
501,서김제,2015-08,3종,4451
501,서김제,2015-08,4종,2245
501,서김제,2015-08,5종,2640
501,서김제,2015-08,6종,1560
502,부안,2015-08,1종,144855
502,부안,2015-08,2종,4940
502,부안,2015-08,3종,9772
502,부안,2015-08,4종,3125
502,부안,2015-08,5종,4121
502,부안,2015-08,6종,3936
503,줄포,2015-08,1종,108232
503,줄포,2015-08,2종,2383
503,줄포,2015-08,3종,2823
503,줄포,2015-08,4종,964
503,줄포,2015-08,5종,1318
503,줄포,2015-08,6종,2532
504,선운산,2015-08,1종,151200
504,선운산,2015-08,2종,3861
504,선운산,2015-08,3종,8051
504,선운산,2015-08,4종,5394
504,선운산,2015-08,5종,5219
504,선운산,2015-08,6종,3981
505,고창,2015-08,1종,116487
505,고창,2015-08,2종,3853
505,고창,2015-08,3종,3907
505,고창,2015-08,4종,1364
505,고창,2015-08,5종,1566
505,고창,2015-08,6종,3427
506,영광,2015-08,1종,114786
506,영광,2015-08,2종,3185
506,영광,2015-08,3종,6642
506,영광,2015-08,4종,1763
506,영광,2015-08,5종,2059
506,영광,2015-08,6종,2944
507,함평,2015-08,1종,75294
507,함평,2015-08,2종,2513
507,함평,2015-08,3종,5951
507,함평,2015-08,4종,2797
507,함평,2015-08,5종,4722
507,함평,2015-08,6종,2109
508,무안,2015-08,1종,216016
508,무안,2015-08,2종,5770
508,무안,2015-08,3종,6875
508,무안,2015-08,4종,3726
508,무안,2015-08,5종,4938
508,무안,2015-08,6종,6549
509,목포,2015-08,1종,955407
509,목포,2015-08,2종,22541
509,목포,2015-08,3종,36059
509,목포,2015-08,4종,21559
509,목포,2015-08,5종,34472
509,목포,2015-08,6종,28098
510,양양,2015-08,1종,149447
510,양양,2015-08,2종,2220
510,양양,2015-08,3종,2771
510,양양,2015-08,4종,1598
510,양양,2015-08,5종,3286
510,양양,2015-08,6종,5101
511,무창포,2015-08,1종,149181
511,무창포,2015-08,2종,2519
511,무창포,2015-08,3종,4453
511,무창포,2015-08,4종,2155
511,무창포,2015-08,5종,5001
511,무창포,2015-08,6종,4676
512,연화산,2015-08,1종,48165
512,연화산,2015-08,2종,1336
512,연화산,2015-08,3종,986
512,연화산,2015-08,4종,1197
512,연화산,2015-08,5종,1983
512,연화산,2015-08,6종,2639
513,고성,2015-08,1종,452010
513,고성,2015-08,2종,12480
513,고성,2015-08,3종,16207
513,고성,2015-08,4종,9216
513,고성,2015-08,5종,12282
513,고성,2015-08,6종,23911
514,동고성,2015-08,1종,108943
514,동고성,2015-08,2종,3817
514,동고성,2015-08,3종,4944
514,동고성,2015-08,4종,7402
514,동고성,2015-08,5종,12115
514,동고성,2015-08,6종,8927
515,북통영,2015-08,1종,192000
515,북통영,2015-08,2종,3972
515,북통영,2015-08,3종,11424
515,북통영,2015-08,4종,1713
515,북통영,2015-08,5종,1882
515,북통영,2015-08,6종,10702
516,통영,2015-08,1종,814163
516,통영,2015-08,2종,16752
516,통영,2015-08,3종,22842
516,통영,2015-08,4종,15303
516,통영,2015-08,5종,19503
516,통영,2015-08,6종,37590
517,양평,2015-08,1종,268120
517,양평,2015-08,2종,7262
517,양평,2015-08,3종,8431
517,양평,2015-08,4종,6036
517,양평,2015-08,5종,7717
517,양평,2015-08,6종,10515
518,칠곡물류,2015-08,1종,68790
518,칠곡물류,2015-08,2종,15332
518,칠곡물류,2015-08,3종,8870
518,칠곡물류,2015-08,4종,15802
518,칠곡물류,2015-08,5종,13575
518,칠곡물류,2015-08,6종,3722
519,남대구,2015-08,1종,1449552
519,남대구,2015-08,2종,52382
519,남대구,2015-08,3종,62560
519,남대구,2015-08,4종,22987
519,남대구,2015-08,5종,31934
519,남대구,2015-08,6종,72179
520,평택,2015-08,1종,695113
520,평택,2015-08,2종,29992
520,평택,2015-08,3종,44958
520,평택,2015-08,4종,22034
520,평택,2015-08,5종,28755
520,평택,2015-08,6종,38639
521,단양,2015-08,1종,141836
521,단양,2015-08,2종,2222
521,단양,2015-08,3종,3360
521,단양,2015-08,4종,1794
521,단양,2015-08,5종,10327
521,단양,2015-08,6종,4966
522,북단양,2015-08,1종,199536
522,북단양,2015-08,2종,2876
522,북단양,2015-08,3종,4125
522,북단양,2015-08,4종,13288
522,북단양,2015-08,5종,50567
522,북단양,2015-08,6종,6698
523,남제천,2015-08,1종,287175
523,남제천,2015-08,2종,5262
523,남제천,2015-08,3종,9555
523,남제천,2015-08,4종,9011
523,남제천,2015-08,5종,23353
523,남제천,2015-08,6종,9032
524,청통와촌,2015-08,1종,287390
524,청통와촌,2015-08,2종,11595
524,청통와촌,2015-08,3종,6960
524,청통와촌,2015-08,4종,4989
524,청통와촌,2015-08,5종,4645
524,청통와촌,2015-08,6종,11160
525,북영천,2015-08,1종,230485
525,북영천,2015-08,2종,6340
525,북영천,2015-08,3종,5438
525,북영천,2015-08,4종,3913
525,북영천,2015-08,5종,5659
525,북영천,2015-08,6종,7210
526,서포항,2015-08,1종,149919
526,서포항,2015-08,2종,2309
526,서포항,2015-08,3종,2543
526,서포항,2015-08,4종,1198
526,서포항,2015-08,5종,2134
526,서포항,2015-08,6종,8104
527,포항,2015-08,1종,1002438
527,포항,2015-08,2종,18055
527,포항,2015-08,3종,29469
527,포항,2015-08,4종,10779
527,포항,2015-08,5종,39859
527,포항,2015-08,6종,37067
528,기흥동탄,2015-08,1종,1149732
528,기흥동탄,2015-08,2종,27363
528,기흥동탄,2015-08,3종,72298
528,기흥동탄,2015-08,4종,18547
528,기흥동탄,2015-08,5종,18394
528,기흥동탄,2015-08,6종,65172
529,노포,2015-08,1종,290055
529,노포,2015-08,2종,12079
529,노포,2015-08,3종,43747
529,노포,2015-08,4종,6975
529,노포,2015-08,5종,11201
529,노포,2015-08,6종,15035
530,내장산,2015-08,1종,54461
530,내장산,2015-08,2종,1645
530,내장산,2015-08,3종,1263
530,내장산,2015-08,4종,708
530,내장산,2015-08,5종,474
530,내장산,2015-08,6종,2058
531,문의청남대,2015-08,1종,212356
531,문의청남대,2015-08,2종,5907
531,문의청남대,2015-08,3종,8021
531,문의청남대,2015-08,4종,6534
531,문의청남대,2015-08,5종,7265
531,문의청남대,2015-08,6종,8307
532,회인,2015-08,1종,49611
532,회인,2015-08,2종,1018
532,회인,2015-08,3종,876
532,회인,2015-08,4종,707
532,회인,2015-08,5종,868
532,회인,2015-08,6종,2129
533,보은,2015-08,1종,145436
533,보은,2015-08,2종,4578
533,보은,2015-08,3종,4311
533,보은,2015-08,4종,3006
533,보은,2015-08,5종,3026
533,보은,2015-08,6종,6285
534,속리산,2015-08,1종,82393
534,속리산,2015-08,2종,2020
534,속리산,2015-08,3종,2350
534,속리산,2015-08,4종,1389
534,속리산,2015-08,5종,1686
534,속리산,2015-08,6종,3140
535,화서,2015-08,1종,85730
535,화서,2015-08,2종,1593
535,화서,2015-08,3종,2743
535,화서,2015-08,4종,1669
535,화서,2015-08,5종,2102
535,화서,2015-08,6종,3332
536,남상주,2015-08,1종,135120
536,남상주,2015-08,2종,4413
536,남상주,2015-08,3종,10563
536,남상주,2015-08,4종,6622
536,남상주,2015-08,5종,4143
536,남상주,2015-08,6종,4973
537,남김천,2015-08,1종,90954
537,남김천,2015-08,2종,4815
537,남김천,2015-08,3종,5485
537,남김천,2015-08,4종,5943
537,남김천,2015-08,5종,12443
537,남김천,2015-08,6종,3325
538,성주,2015-08,1종,111412
538,성주,2015-08,2종,5827
538,성주,2015-08,3종,6188
538,성주,2015-08,4종,5127
538,성주,2015-08,5종,6433
538,성주,2015-08,6종,3989
539,남성주,2015-08,1종,55422
539,남성주,2015-08,2종,6501
539,남성주,2015-08,3종,3609
539,남성주,2015-08,4종,4424
539,남성주,2015-08,5종,6950
539,남성주,2015-08,6종,2173
540,청북,2015-08,1종,472319
540,청북,2015-08,2종,40449
540,청북,2015-08,3종,43907
540,청북,2015-08,4종,35264
540,청북,2015-08,5종,44177
540,청북,2015-08,6종,26902
541,송탄,2015-08,1종,425101
541,송탄,2015-08,2종,37462
541,송탄,2015-08,3종,36188
541,송탄,2015-08,4종,35065
541,송탄,2015-08,5종,24325
541,송탄,2015-08,6종,23544
542,서안성,2015-08,1종,412889
542,서안성,2015-08,2종,30760
542,서안성,2015-08,3종,44412
542,서안성,2015-08,4종,43949
542,서안성,2015-08,5종,31197
542,서안성,2015-08,6종,19398
543,남안성,2015-08,1종,601131
543,남안성,2015-08,2종,47357
543,남안성,2015-08,3종,49922
543,남안성,2015-08,4종,45722
543,남안성,2015-08,5종,42720
543,남안성,2015-08,6종,31027
544,완주,2015-08,1종,203497
544,완주,2015-08,2종,5746
544,완주,2015-08,3종,7923
544,완주,2015-08,4종,7054
544,완주,2015-08,5종,11897
544,완주,2015-08,6종,6667
545,소양,2015-08,1종,219547
545,소양,2015-08,2종,4454
545,소양,2015-08,3종,9961
545,소양,2015-08,4종,2665
545,소양,2015-08,5종,4513
545,소양,2015-08,6종,7346
546,진안,2015-08,1종,86469
546,진안,2015-08,2종,2727
546,진안,2015-08,3종,3058
546,진안,2015-08,4종,1622
546,진안,2015-08,5종,1437
546,진안,2015-08,6종,2666
547,무안공항,2015-08,1종,36956
547,무안공항,2015-08,2종,611
547,무안공항,2015-08,3종,913
547,무안공항,2015-08,4종,140
547,무안공항,2015-08,5종,134
547,무안공항,2015-08,6종,1278
548,북무안,2015-08,1종,150605
548,북무안,2015-08,2종,2849
548,북무안,2015-08,3종,4029
548,북무안,2015-08,4종,1966
548,북무안,2015-08,5종,3328
548,북무안,2015-08,6종,3732
549,동함평,2015-08,1종,181123
549,동함평,2015-08,2종,4116
549,동함평,2015-08,3종,5049
549,동함평,2015-08,4종,1784
549,동함평,2015-08,5종,2408
549,동함평,2015-08,6종,7209
550,문평,2015-08,1종,38686
550,문평,2015-08,2종,847
550,문평,2015-08,3종,1177
550,문평,2015-08,4종,471
550,문평,2015-08,5종,3817
550,문평,2015-08,6종,1222
551,나주,2015-08,1종,54610
551,나주,2015-08,2종,1562
551,나주,2015-08,3종,1423
551,나주,2015-08,4종,751
551,나주,2015-08,5종,1964
551,나주,2015-08,6종,2452
552,서광산,2015-08,1종,144243
552,서광산,2015-08,2종,6300
552,서광산,2015-08,3종,6983
552,서광산,2015-08,4종,3518
552,서광산,2015-08,5종,5771
552,서광산,2015-08,6종,4573
553,동광산,2015-08,1종,961287
553,동광산,2015-08,2종,19020
553,동광산,2015-08,3종,26719
553,동광산,2015-08,4종,10497
553,동광산,2015-08,5종,16902
553,동광산,2015-08,6종,31924
554,동홍천,2015-08,1종,790674
554,동홍천,2015-08,2종,6025
554,동홍천,2015-08,3종,21197
554,동홍천,2015-08,4종,3979
554,동홍천,2015-08,5종,2929
554,동홍천,2015-08,6종,28666
555,북진천,2015-08,1종,339424
555,북진천,2015-08,2종,34459
555,북진천,2015-08,3종,35432
555,북진천,2015-08,4종,29303
555,북진천,2015-08,5종,27709
555,북진천,2015-08,6종,15596
556,동순천,2015-08,1종,392591
556,동순천,2015-08,2종,6394
556,동순천,2015-08,3종,14077
556,동순천,2015-08,4종,10791
556,동순천,2015-08,5종,37689
556,동순천,2015-08,6종,10737
557,황전,2015-08,1종,110174
557,황전,2015-08,2종,1601
557,황전,2015-08,3종,1363
557,황전,2015-08,4종,988
557,황전,2015-08,5종,2526
557,황전,2015-08,6종,3777
558,구례화엄사,2015-08,1종,170636
558,구례화엄사,2015-08,2종,2910
558,구례화엄사,2015-08,3종,4510
558,구례화엄사,2015-08,4종,2628
558,구례화엄사,2015-08,5종,3976
558,구례화엄사,2015-08,6종,4387
559,서남원,2015-08,1종,77122
559,서남원,2015-08,2종,2990
559,서남원,2015-08,3종,2452
559,서남원,2015-08,4종,2491
559,서남원,2015-08,5종,6533
559,서남원,2015-08,6종,2508
560,감곡,2015-08,1종,372613
560,감곡,2015-08,2종,13017
560,감곡,2015-08,3종,16616
560,감곡,2015-08,4종,19333
560,감곡,2015-08,5종,26649
560,감곡,2015-08,6종,13293
561,북충주,2015-08,1종,180383
561,북충주,2015-08,2종,4232
561,북충주,2015-08,3종,9421
561,북충주,2015-08,4종,3623
561,북충주,2015-08,5종,3875
561,북충주,2015-08,6종,6293
562,충주,2015-08,1종,202233
562,충주,2015-08,2종,7369
562,충주,2015-08,3종,11907
562,충주,2015-08,4종,10094
562,충주,2015-08,5종,8162
562,충주,2015-08,6종,7530
563,괴산,2015-08,1종,100939
563,괴산,2015-08,2종,2234
563,괴산,2015-08,3종,3841
563,괴산,2015-08,4종,3067
563,괴산,2015-08,5종,5347
563,괴산,2015-08,6종,3046
564,연풍,2015-08,1종,72121
564,연풍,2015-08,2종,2817
564,연풍,2015-08,3종,6892
564,연풍,2015-08,4종,5853
564,연풍,2015-08,5종,5235
564,연풍,2015-08,6종,2161
565,문경새재,2015-08,1종,117634
565,문경새재,2015-08,2종,2920
565,문경새재,2015-08,3종,5938
565,문경새재,2015-08,4종,3929
565,문경새재,2015-08,5종,4214
565,문경새재,2015-08,6종,3760
566,점촌함창,2015-08,1종,169120
566,점촌함창,2015-08,2종,4212
566,점촌함창,2015-08,3종,10008
566,점촌함창,2015-08,4종,5469
566,점촌함창,2015-08,5종,5923
566,점촌함창,2015-08,6종,5522
567,남고창,2015-08,1종,123507
567,남고창,2015-08,2종,3372
567,남고창,2015-08,3종,2510
567,남고창,2015-08,4종,1457
567,남고창,2015-08,5종,2088
567,남고창,2015-08,6종,4645
568,장성물류,2015-08,1종,48636
568,장성물류,2015-08,2종,8034
568,장성물류,2015-08,3종,4004
568,장성물류,2015-08,4종,7835
568,장성물류,2015-08,5종,8509
568,장성물류,2015-08,6종,1408
569,북광주,2015-08,1종,399067
569,북광주,2015-08,2종,19739
569,북광주,2015-08,3종,12759
569,북광주,2015-08,4종,17497
569,북광주,2015-08,5종,26408
569,북광주,2015-08,6종,12209
570,북상주,2015-08,1종,139180
570,북상주,2015-08,2종,6475
570,북상주,2015-08,3종,12217
570,북상주,2015-08,4종,13382
570,북상주,2015-08,5종,8818
570,북상주,2015-08,6종,4401
571,면천,2015-08,1종,105167
571,면천,2015-08,2종,3074
571,면천,2015-08,3종,3528
571,면천,2015-08,4종,3604
571,면천,2015-08,5종,6711
571,면천,2015-08,6종,4259
572,고덕,2015-08,1종,141619
572,고덕,2015-08,2종,3786
572,고덕,2015-08,3종,6018
572,고덕,2015-08,4종,3227
572,고덕,2015-08,5종,6096
572,고덕,2015-08,6종,5613
573,예산수덕사,2015-08,1종,372685
573,예산수덕사,2015-08,2종,9989
573,예산수덕사,2015-08,3종,10669
573,예산수덕사,2015-08,4종,9216
573,예산수덕사,2015-08,5종,11882
573,예산수덕사,2015-08,6종,13323
574,신양,2015-08,1종,91689
574,신양,2015-08,2종,2670
574,신양,2015-08,3종,2627
574,신양,2015-08,4종,2663
574,신양,2015-08,5종,2956
574,신양,2015-08,6종,3289
575,유구,2015-08,1종,108077
575,유구,2015-08,2종,3471
575,유구,2015-08,3종,3679
575,유구,2015-08,4종,3683
575,유구,2015-08,5종,4489
575,유구,2015-08,6종,3820
576,마곡사,2015-08,1종,59784
576,마곡사,2015-08,2종,1153
576,마곡사,2015-08,3종,1342
576,마곡사,2015-08,4종,1033
576,마곡사,2015-08,5종,872
576,마곡사,2015-08,6종,2251
577,공주,2015-08,1종,194841
577,공주,2015-08,2종,6954
577,공주,2015-08,3종,7570
577,공주,2015-08,4종,2394
577,공주,2015-08,5종,3748
577,공주,2015-08,6종,9025
578,서세종,2015-08,1종,266400
578,서세종,2015-08,2종,11009
578,서세종,2015-08,3종,8203
578,서세종,2015-08,4종,6010
578,서세종,2015-08,5종,8377
578,서세종,2015-08,6종,10518
579,남세종,2015-08,1종,445979
579,남세종,2015-08,2종,8771
579,남세종,2015-08,3종,9144
579,남세종,2015-08,4종,5095
579,남세종,2015-08,5종,8713
579,남세종,2015-08,6종,23132
580,북강릉,2015-08,1종,312323
580,북강릉,2015-08,2종,5760
580,북강릉,2015-08,3종,7509
580,북강릉,2015-08,4종,2498
580,북강릉,2015-08,5종,6100
580,북강릉,2015-08,6종,12220
581,옥계,2015-08,1종,100739
581,옥계,2015-08,2종,2348
581,옥계,2015-08,3종,2265
581,옥계,2015-08,4종,3435
581,옥계,2015-08,5종,12201
581,옥계,2015-08,6종,4700
582,망상,2015-08,1종,176543
582,망상,2015-08,2종,3677
582,망상,2015-08,3종,13296
582,망상,2015-08,4종,1277
582,망상,2015-08,5종,1250
582,망상,2015-08,6종,9212
583,동해,2015-08,1종,519614
583,동해,2015-08,2종,10364
583,동해,2015-08,3종,14032
583,동해,2015-08,4종,9145
583,동해,2015-08,5종,21104
583,동해,2015-08,6종,21967
584,남강릉,2015-08,1종,143325
584,남강릉,2015-08,2종,6977
584,남강릉,2015-08,3종,8681
584,남강릉,2015-08,4종,3736
584,남강릉,2015-08,5종,4844
584,남강릉,2015-08,6종,8241
585,하조대,2015-08,1종,280142
585,하조대,2015-08,2종,4796
585,하조대,2015-08,3종,8616
585,하조대,2015-08,4종,2825
585,하조대,2015-08,5종,2939
585,하조대,2015-08,6종,9724
586,북남원,2015-08,1종,25472
586,북남원,2015-08,2종,904
586,북남원,2015-08,3종,777
586,북남원,2015-08,4종,381
586,북남원,2015-08,5종,2301
586,북남원,2015-08,6종,726
587,오수,2015-08,1종,178942
587,오수,2015-08,2종,4832
587,오수,2015-08,3종,6691
587,오수,2015-08,4종,3887
587,오수,2015-08,5종,6626
587,오수,2015-08,6종,5643
588,임실,2015-08,1종,62042
588,임실,2015-08,2종,2199
588,임실,2015-08,3종,2521
588,임실,2015-08,4종,1215
588,임실,2015-08,5종,3332
588,임실,2015-08,6종,1933
589,상관,2015-08,1종,200494
589,상관,2015-08,2종,4461
589,상관,2015-08,3종,7926
589,상관,2015-08,4종,5404
589,상관,2015-08,5종,25776
589,상관,2015-08,6종,5852
590,동전주,2015-08,1종,249418
590,동전주,2015-08,2종,3273
590,동전주,2015-08,3종,3237
590,동전주,2015-08,4종,2012
590,동전주,2015-08,5종,4756
590,동전주,2015-08,6종,9015
591,동서천,2015-08,1종,63985
591,동서천,2015-08,2종,1474
591,동서천,2015-08,3종,1929
591,동서천,2015-08,4종,1604
591,동서천,2015-08,5종,3070
591,동서천,2015-08,6종,2032
592,서부여,2015-08,1종,80443
592,서부여,2015-08,2종,2656
592,서부여,2015-08,3종,2545
592,서부여,2015-08,4종,1555
592,서부여,2015-08,5종,1502
592,서부여,2015-08,6종,3499
593,부여,2015-08,1종,99469
593,부여,2015-08,2종,2729
593,부여,2015-08,3종,2964
593,부여,2015-08,4종,2648
593,부여,2015-08,5종,3359
593,부여,2015-08,6종,3685
594,칠갑산,2015-08,1종,72873
594,칠갑산,2015-08,2종,1484
594,칠갑산,2015-08,3종,2257
594,칠갑산,2015-08,4종,1351
594,칠갑산,2015-08,5종,893
594,칠갑산,2015-08,6종,2676
595,서공주,2015-08,1종,72397
595,서공주,2015-08,2종,2915
595,서공주,2015-08,3종,2688
595,서공주,2015-08,4종,2339
595,서공주,2015-08,5종,3395
595,서공주,2015-08,6종,2928
596,가락2,2015-08,1종,67762
596,가락2,2015-08,2종,5947
596,가락2,2015-08,3종,5924
596,가락2,2015-08,4종,13009
596,가락2,2015-08,5종,55644
596,가락2,2015-08,6종,4316
597,서여주,2015-08,1종,159631
597,서여주,2015-08,2종,6447
597,서여주,2015-08,3종,7611
597,서여주,2015-08,4종,7396
597,서여주,2015-08,5종,5140
597,서여주,2015-08,6종,8264
598,북여주,2015-08,1종,102891
598,북여주,2015-08,2종,3109
598,북여주,2015-08,3종,2507
598,북여주,2015-08,4종,1928
598,북여주,2015-08,5종,3422
598,북여주,2015-08,6종,4432
599,양촌,2015-08,1종,46513
599,양촌,2015-08,2종,681
599,양촌,2015-08,3종,232
599,양촌,2015-08,4종,6
599,양촌,2015-08,5종,13
599,양촌,2015-08,6종,1584
601,남천안,2015-08,1종,307449
601,남천안,2015-08,2종,17271
601,남천안,2015-08,3종,23333
601,남천안,2015-08,4종,21417
601,남천안,2015-08,5종,19268
601,남천안,2015-08,6종,12770
602,풍세상,2015-08,1종,1609780
602,풍세상,2015-08,2종,35752
602,풍세상,2015-08,3종,138756
602,풍세상,2015-08,4종,60174
602,풍세상,2015-08,5종,62224
602,풍세상,2015-08,6종,70104
603,정안,2015-08,1종,286409
603,정안,2015-08,2종,8397
603,정안,2015-08,3종,26153
603,정안,2015-08,4종,10263
603,정안,2015-08,5종,8116
603,정안,2015-08,6종,11366
604,남공주,2015-08,1종,72484
604,남공주,2015-08,2종,3088
604,남공주,2015-08,3종,3921
604,남공주,2015-08,4종,2410
604,남공주,2015-08,5종,3722
604,남공주,2015-08,6종,2857
605,탄천,2015-08,1종,26704
605,탄천,2015-08,2종,1678
605,탄천,2015-08,3종,1158
605,탄천,2015-08,4종,1726
605,탄천,2015-08,5종,1590
605,탄천,2015-08,6종,892
606,서논산,2015-08,1종,128131
606,서논산,2015-08,2종,5313
606,서논산,2015-08,3종,8154
606,서논산,2015-08,4종,6123
606,서논산,2015-08,5종,7385
606,서논산,2015-08,6종,4894
607,연무,2015-08,1종,74713
607,연무,2015-08,2종,2518
607,연무,2015-08,3종,3428
607,연무,2015-08,4종,2266
607,연무,2015-08,5종,2958
607,연무,2015-08,6종,2526
608,남논산하,2015-08,1종,946026
608,남논산하,2015-08,2종,18880
608,남논산하,2015-08,3종,92212
608,남논산하,2015-08,4종,33626
608,남논산하,2015-08,5종,48572
608,남논산하,2015-08,6종,36736
612,풍세하,2015-08,1종,1535330
612,풍세하,2015-08,2종,34228
612,풍세하,2015-08,3종,139576
612,풍세하,2015-08,4종,50056
612,풍세하,2015-08,5종,48290
612,풍세하,2015-08,6종,67810
613,남풍세,2015-08,1종,175203
613,남풍세,2015-08,2종,7380
613,남풍세,2015-08,3종,11293
613,남풍세,2015-08,4종,8286
613,남풍세,2015-08,5종,13236
613,남풍세,2015-08,6종,7434
618,남논산상,2015-08,1종,997012
618,남논산상,2015-08,2종,19268
618,남논산상,2015-08,3종,91310
618,남논산상,2015-08,4종,36108
618,남논산상,2015-08,5종,56240
618,남논산상,2015-08,6종,38056
621,동대구,2015-08,1종,891749
621,동대구,2015-08,2종,29559
621,동대구,2015-08,3종,39535
621,동대구,2015-08,4종,22553
621,동대구,2015-08,5종,26436
621,동대구,2015-08,6종,42070
622,대구,2015-08,1종,1380786
622,대구,2015-08,2종,43716
622,대구,2015-08,3종,67722
622,대구,2015-08,4종,51338
622,대구,2015-08,5종,79228
622,대구,2015-08,6종,69938
623,수성,2015-08,1종,856707
623,수성,2015-08,2종,18330
623,수성,2015-08,3종,13462
623,수성,2015-08,4종,7689
623,수성,2015-08,5종,8189
623,수성,2015-08,6종,37716
624,청도,2015-08,1종,278341
624,청도,2015-08,2종,9195
624,청도,2015-08,3종,7621
624,청도,2015-08,4종,5943
624,청도,2015-08,5종,7181
624,청도,2015-08,6종,11691
625,밀양,2015-08,1종,437693
625,밀양,2015-08,2종,13302
625,밀양,2015-08,3종,11801
625,밀양,2015-08,4종,9154
625,밀양,2015-08,5종,9976
625,밀양,2015-08,6종,17967
626,남밀양,2015-08,1종,436699
626,남밀양,2015-08,2종,19701
626,남밀양,2015-08,3종,16935
626,남밀양,2015-08,4종,13736
626,남밀양,2015-08,5종,16190
626,남밀양,2015-08,6종,23873
627,삼랑진,2015-08,1종,267412
627,삼랑진,2015-08,2종,9030
627,삼랑진,2015-08,3종,6973
627,삼랑진,2015-08,4종,5409
627,삼랑진,2015-08,5종,12263
627,삼랑진,2015-08,6종,15226
628,상동,2015-08,1종,224516
628,상동,2015-08,2종,20361
628,상동,2015-08,3종,13669
628,상동,2015-08,4종,19454
628,상동,2015-08,5종,24868
628,상동,2015-08,6종,12922
629,김해부산,2015-08,1종,1427014
629,김해부산,2015-08,2종,57930
629,김해부산,2015-08,3종,71106
629,김해부산,2015-08,4종,69852
629,김해부산,2015-08,5종,95308
629,김해부산,2015-08,6종,78212
641,울산,2015-08,1종,1358959
641,울산,2015-08,2종,42108
641,울산,2015-08,3종,66261
641,울산,2015-08,4종,41225
641,울산,2015-08,5종,106766
641,울산,2015-08,6종,63636
642,문수,2015-08,1종,133551
642,문수,2015-08,2종,4926
642,문수,2015-08,3종,5735
642,문수,2015-08,4종,8796
642,문수,2015-08,5종,23686
642,문수,2015-08,6종,7356
643,청량,2015-08,1종,611018
643,청량,2015-08,2종,11649
643,청량,2015-08,3종,13040
643,청량,2015-08,4종,19515
643,청량,2015-08,5종,74331
643,청량,2015-08,6종,36662
644,온양,2015-08,1종,217191
644,온양,2015-08,2종,3913
644,온양,2015-08,3종,3046
644,온양,2015-08,4종,2828
644,온양,2015-08,5종,10666
644,온양,2015-08,6종,13878
645,장안,2015-08,1종,378911
645,장안,2015-08,2종,7121
645,장안,2015-08,3종,5515
645,장안,2015-08,4종,5438
645,장안,2015-08,5종,19983
645,장안,2015-08,6종,24330
646,기장일광,2015-08,1종,339951
646,기장일광,2015-08,2종,3410
646,기장일광,2015-08,3종,2805
646,기장일광,2015-08,4종,2474
646,기장일광,2015-08,5종,9738
646,기장일광,2015-08,6종,19250
647,해운대송정,2015-08,1종,161972
647,해운대송정,2015-08,2종,1491
647,해운대송정,2015-08,3종,780
647,해운대송정,2015-08,4종,577
647,해운대송정,2015-08,5종,4110
647,해운대송정,2015-08,6종,9148
648,해운대,2015-08,1종,884894
648,해운대,2015-08,2종,8642
648,해운대,2015-08,3종,9062
648,해운대,2015-08,4종,6737
648,해운대,2015-08,5종,43261
648,해운대,2015-08,6종,51043
651,남양주,2015-08,1종,2281662
651,남양주,2015-08,2종,37447
651,남양주,2015-08,3종,69431
651,남양주,2015-08,4종,19262
651,남양주,2015-08,5종,15190
651,남양주,2015-08,6종,117129
652,화도,2015-08,1종,1177975
652,화도,2015-08,2종,30838
652,화도,2015-08,3종,34439
652,화도,2015-08,4종,13566
652,화도,2015-08,5종,11311
652,화도,2015-08,6종,79548
653,서종,2015-08,1종,296053
653,서종,2015-08,2종,2285
653,서종,2015-08,3종,1885
653,서종,2015-08,4종,654
653,서종,2015-08,5종,1060
653,서종,2015-08,6종,16635
654,설악,2015-08,1종,384430
654,설악,2015-08,2종,3727
654,설악,2015-08,3종,7381
654,설악,2015-08,4종,1684
654,설악,2015-08,5종,1776
654,설악,2015-08,6종,18470
655,강촌,2015-08,1종,247039
655,강촌,2015-08,2종,2230
655,강촌,2015-08,3종,6013
655,강촌,2015-08,4종,1757
655,강촌,2015-08,5종,973
655,강촌,2015-08,6종,10959
656,남춘천,2015-08,1종,242385
656,남춘천,2015-08,2종,3010
656,남춘천,2015-08,3종,11057
656,남춘천,2015-08,4종,2174
656,남춘천,2015-08,5종,3982
656,남춘천,2015-08,6종,11184
657,동산,2015-08,1종,1078018
657,동산,2015-08,2종,11212
657,동산,2015-08,3종,32502
657,동산,2015-08,4종,7298
657,동산,2015-08,5종,7940
657,동산,2015-08,6종,52556
658,조양,2015-08,1종,45911
658,조양,2015-08,2종,555
658,조양,2015-08,3종,477
658,조양,2015-08,4종,398
658,조양,2015-08,5종,500
658,조양,2015-08,6종,1659
671,봉담,2015-08,1종,1269765
671,봉담,2015-08,2종,52988
671,봉담,2015-08,3종,42301
671,봉담,2015-08,4종,21489
671,봉담,2015-08,5종,25611
671,봉담,2015-08,6종,91546
672,정남,2015-08,1종,335306
672,정남,2015-08,2종,17748
672,정남,2015-08,3종,11222
672,정남,2015-08,4종,7270
672,정남,2015-08,5종,4055
672,정남,2015-08,6종,26595
673,북오산,2015-08,1종,809172
673,북오산,2015-08,2종,25933
673,북오산,2015-08,3종,26383
673,북오산,2015-08,4종,19639
673,북오산,2015-08,5종,10110
673,북오산,2015-08,6종,56439
674,,2015-08,1종,962921
674,,2015-08,2종,39824
674,,2015-08,3종,61318
674,,2015-08,4종,21605
674,,2015-08,5종,25326
674,,2015-08,6종,64818
675,서오산,2015-08,1종,833194
675,서오산,2015-08,2종,25268
675,서오산,2015-08,3종,18877
675,서오산,2015-08,4종,18752
675,서오산,2015-08,5종,19805
675,서오산,2015-08,6종,57515
676,향남,2015-08,1종,549831
676,향남,2015-08,2종,34504
676,향남,2015-08,3종,23817
676,향남,2015-08,4종,28390
676,향남,2015-08,5종,15010
676,향남,2015-08,6종,43052
677,북평택,2015-08,1종,1050456
677,북평택,2015-08,2종,32424
677,북평택,2015-08,3종,44630
677,북평택,2015-08,4종,18663
677,북평택,2015-08,5종,35010
677,북평택,2015-08,6종,62774
681,장안본선,2015-08,1종,1147774
681,장안본선,2015-08,2종,68714
681,장안본선,2015-08,3종,129036
681,장안본선,2015-08,4종,89530
681,장안본선,2015-08,5종,160556
681,장안본선,2015-08,6종,63192
682,조암,2015-08,1종,324080
682,조암,2015-08,2종,33686
682,조암,2015-08,3종,30749
682,조암,2015-08,4종,20176
682,조암,2015-08,5종,24346
682,조암,2015-08,6종,19671
683,송산마도,2015-08,1종,626908
683,송산마도,2015-08,2종,34291
683,송산마도,2015-08,3종,26979
683,송산마도,2015-08,4종,20834
683,송산마도,2015-08,5종,39714
683,송산마도,2015-08,6종,37388
684,남안산,2015-08,1종,719959
684,남안산,2015-08,2종,64424
684,남안산,2015-08,3종,57920
684,남안산,2015-08,4종,45973
684,남안산,2015-08,5종,70022
684,남안산,2015-08,6종,49627
685,서시흥,2015-08,1종,1354582
685,서시흥,2015-08,2종,68634
685,서시흥,2015-08,3종,108929
685,서시흥,2015-08,4종,66790
685,서시흥,2015-08,5종,142233
685,서시흥,2015-08,6종,77304
981,서영암,2015-08,1종,311884
981,서영암,2015-08,2종,4770
981,서영암,2015-08,3종,9592
981,서영암,2015-08,4종,6171
981,서영암,2015-08,5종,14522
981,서영암,2015-08,6종,9072
982,강진무위사,2015-08,1종,202366
982,강진무위사,2015-08,2종,3160
982,강진무위사,2015-08,3종,5779
982,강진무위사,2015-08,4종,2717
982,강진무위사,2015-08,5종,4357
982,강진무위사,2015-08,6종,5368
983,장흥,2015-08,1종,152066
983,장흥,2015-08,2종,1924
983,장흥,2015-08,3종,2517
983,장흥,2015-08,4종,826
983,장흥,2015-08,5종,1098
983,장흥,2015-08,6종,4146
984,보성,2015-08,1종,238670
984,보성,2015-08,2종,6085
984,보성,2015-08,3종,6303
984,보성,2015-08,4종,4529
984,보성,2015-08,5종,10947
984,보성,2015-08,6종,6390
985,벌교,2015-08,1종,156500
985,벌교,2015-08,2종,3798
985,벌교,2015-08,3종,3233
985,벌교,2015-08,4종,1717
985,벌교,2015-08,5종,2756
985,벌교,2015-08,6종,3968
986,고흥,2015-08,1종,215158
986,고흥,2015-08,2종,3619
986,고흥,2015-08,3종,4815
986,고흥,2015-08,4종,3592
986,고흥,2015-08,5종,4673
986,고흥,2015-08,6종,6671
987,남순천,2015-08,1종,614983
987,남순천,2015-08,2종,11119
987,남순천,2015-08,3종,17086
987,남순천,2015-08,4종,13353
987,남순천,2015-08,5종,29576
987,남순천,2015-08,6종,17605
11,인천,2015-09,1종,3775286
11,인천,2015-09,2종,116762
11,인천,2015-09,3종,84392
11,인천,2015-09,4종,67085
11,인천,2015-09,5종,125915
11,인천,2015-09,6종,339688
12,서영암(개),2015-09,1종,48936
12,서영암(개),2015-09,2종,643
12,서영암(개),2015-09,3종,694
12,서영암(개),2015-09,4종,456
12,서영암(개),2015-09,5종,583
12,서영암(개),2015-09,6종,2557
13,순천만,2015-09,1종,152111
13,순천만,2015-09,2종,4185
13,순천만,2015-09,3종,4371
13,순천만,2015-09,4종,2856
13,순천만,2015-09,5종,7571
13,순천만,2015-09,6종,6989
29,가락(개),2015-09,1종,716931
29,가락(개),2015-09,2종,19718
29,가락(개),2015-09,3종,21090
29,가락(개),2015-09,4종,24190
29,가락(개),2015-09,5종,99752
29,가락(개),2015-09,6종,59743
53,남인천,2015-09,1종,1786947
53,남인천,2015-09,2종,42680
53,남인천,2015-09,3종,57940
53,남인천,2015-09,4종,20842
53,남인천,2015-09,5종,62928
53,남인천,2015-09,6종,151559
56,일로,2015-09,1종,44854
56,일로,2015-09,2종,2448
56,일로,2015-09,3종,555
56,일로,2015-09,4종,631
56,일로,2015-09,5종,2169
56,일로,2015-09,6종,2692
61,성남,2015-09,1종,4173673
61,성남,2015-09,2종,156180
61,성남,2015-09,3종,159783
61,성남,2015-09,4종,102982
61,성남,2015-09,5종,88825
61,성남,2015-09,6종,291339
62,구리남양주,2015-09,1종,5362222
62,구리남양주,2015-09,2종,206148
62,구리남양주,2015-09,3종,197443
62,구리남양주,2015-09,4종,140235
62,구리남양주,2015-09,5종,108541
62,구리남양주,2015-09,6종,394226
63,토평,2015-09,1종,464081
63,토평,2015-09,2종,13936
63,토평,2015-09,3종,7947
63,토평,2015-09,4종,10911
63,토평,2015-09,5종,6614
63,토평,2015-09,6종,37789
64,청계,2015-09,1종,4708922
64,청계,2015-09,2종,148113
64,청계,2015-09,3종,153414
64,청계,2015-09,4종,51461
64,청계,2015-09,5종,78172
64,청계,2015-09,6종,353976
65,판교,2015-09,1종,2922146
65,판교,2015-09,2종,42791
65,판교,2015-09,3종,176434
65,판교,2015-09,4종,16007
65,판교,2015-09,5종,12891
65,판교,2015-09,6종,172619
66,하남,2015-09,1종,883016
66,하남,2015-09,2종,28311
66,하남,2015-09,3종,17045
66,하남,2015-09,4종,8782
66,하남,2015-09,5종,8625
66,하남,2015-09,6종,67987
67,시흥,2015-09,1종,4047259
67,시흥,2015-09,2종,131254
67,시흥,2015-09,3종,134338
67,시흥,2015-09,4종,76410
67,시흥,2015-09,5종,75974
67,시흥,2015-09,6종,305846
68,김포,2015-09,1종,4872804
68,김포,2015-09,2종,171854
68,김포,2015-09,3종,147767
68,김포,2015-09,4종,82300
68,김포,2015-09,5종,116562
68,김포,2015-09,6종,393955
69,대왕판교,2015-09,1종,213245
69,대왕판교,2015-09,2종,1329
69,대왕판교,2015-09,3종,203
69,대왕판교,2015-09,4종,28
69,대왕판교,2015-09,5종,17
69,대왕판교,2015-09,6종,12359
74,덕소삼패,2015-09,1종,334108
74,덕소삼패,2015-09,2종,6274
74,덕소삼패,2015-09,3종,5854
74,덕소삼패,2015-09,4종,9214
74,덕소삼패,2015-09,5종,12849
74,덕소삼패,2015-09,6종,26872
91,대동(개),2015-09,1종,129017
91,대동(개),2015-09,2종,9586
91,대동(개),2015-09,3종,5626
91,대동(개),2015-09,4종,21919
91,대동(개),2015-09,5종,9075
91,대동(개),2015-09,6종,9060
92,내서,2015-09,1종,232128
92,내서,2015-09,2종,8059
92,내서,2015-09,3종,10703
92,내서,2015-09,4종,3348
92,내서,2015-09,5종,6392
92,내서,2015-09,6종,21198
101,서울,2015-09,1종,5589865
101,서울,2015-09,2종,181773
101,서울,2015-09,3종,593156
101,서울,2015-09,4종,93374
101,서울,2015-09,5종,54148
101,서울,2015-09,6종,259321
102,동수원,2015-09,1종,2156672
102,동수원,2015-09,2종,39979
102,동수원,2015-09,3종,87645
102,동수원,2015-09,4종,14575
102,동수원,2015-09,5종,42686
102,동수원,2015-09,6종,139020
103,수원신갈,2015-09,1종,2462982
103,수원신갈,2015-09,2종,95251
103,수원신갈,2015-09,3종,163837
103,수원신갈,2015-09,4종,41769
103,수원신갈,2015-09,5종,27215
103,수원신갈,2015-09,6종,137251
104,지곡,2015-09,1종,58261
104,지곡,2015-09,2종,1912
104,지곡,2015-09,3종,2734
104,지곡,2015-09,4종,2474
104,지곡,2015-09,5종,2298
104,지곡,2015-09,6종,1966
105,기흥,2015-09,1종,493091
105,기흥,2015-09,2종,23462
105,기흥,2015-09,3종,16753
105,기흥,2015-09,4종,12078
105,기흥,2015-09,5종,10407
105,기흥,2015-09,6종,27648
106,오산,2015-09,1종,1219509
106,오산,2015-09,2종,84157
106,오산,2015-09,3종,104441
106,오산,2015-09,4종,48287
106,오산,2015-09,5종,33050
106,오산,2015-09,6종,74526
107,안성,2015-09,1종,913257
107,안성,2015-09,2종,32079
107,안성,2015-09,3종,54199
107,안성,2015-09,4종,17685
107,안성,2015-09,5종,12026
107,안성,2015-09,6종,58425
108,천안,2015-09,1종,1546618
108,천안,2015-09,2종,44918
108,천안,2015-09,3종,110511
108,천안,2015-09,4종,36646
108,천안,2015-09,5종,28871
108,천안,2015-09,6종,77871
109,계룡,2015-09,1종,147351
109,계룡,2015-09,2종,9283
109,계룡,2015-09,3종,12341
109,계룡,2015-09,4종,10382
109,계룡,2015-09,5종,5212
109,계룡,2015-09,6종,8330
110,독립기념관,2015-09,1종,342767
110,독립기념관,2015-09,2종,17952
110,독립기념관,2015-09,3종,23216
110,독립기념관,2015-09,4종,18396
110,독립기념관,2015-09,5종,14107
110,독립기념관,2015-09,6종,14096
111,청주,2015-09,1종,508844
111,청주,2015-09,2종,20220
111,청주,2015-09,3종,51785
111,청주,2015-09,4종,15701
111,청주,2015-09,5종,18399
111,청주,2015-09,6종,25441
112,남청주,2015-09,1종,539946
112,남청주,2015-09,2종,39409
112,남청주,2015-09,3종,39570
112,남청주,2015-09,4종,47442
112,남청주,2015-09,5종,42314
112,남청주,2015-09,6종,24402
113,신탄진,2015-09,1종,785854
113,신탄진,2015-09,2종,41050
113,신탄진,2015-09,3종,34788
113,신탄진,2015-09,4종,56634
113,신탄진,2015-09,5종,48999
113,신탄진,2015-09,6종,42039
114,남대전,2015-09,1종,362604
114,남대전,2015-09,2종,13586
114,남대전,2015-09,3종,13251
114,남대전,2015-09,4종,6934
114,남대전,2015-09,5종,8736
114,남대전,2015-09,6종,17688
115,대전,2015-09,1종,1427867
115,대전,2015-09,2종,38146
115,대전,2015-09,3종,80646
115,대전,2015-09,4종,16647
115,대전,2015-09,5종,14683
115,대전,2015-09,6종,77213
116,옥천,2015-09,1종,428943
116,옥천,2015-09,2종,20443
116,옥천,2015-09,3종,21286
116,옥천,2015-09,4종,36888
116,옥천,2015-09,5종,21980
116,옥천,2015-09,6종,24101
117,금강,2015-09,1종,49759
117,금강,2015-09,2종,1446
117,금강,2015-09,3종,1573
117,금강,2015-09,4종,3494
117,금강,2015-09,5종,1383
117,금강,2015-09,6종,2534
118,영동,2015-09,1종,120584
118,영동,2015-09,2종,4566
118,영동,2015-09,3종,5399
118,영동,2015-09,4종,3080
118,영동,2015-09,5종,6058
118,영동,2015-09,6종,4551
119,판암,2015-09,1종,533785
119,판암,2015-09,2종,14474
119,판암,2015-09,3종,10733
119,판암,2015-09,4종,6470
119,판암,2015-09,5종,6321
119,판암,2015-09,6종,31706
120,황간,2015-09,1종,120642
120,황간,2015-09,2종,3160
120,황간,2015-09,3종,5118
120,황간,2015-09,4종,4909
120,황간,2015-09,5종,5533
120,황간,2015-09,6종,4540
121,추풍령,2015-09,1종,60905
121,추풍령,2015-09,2종,1764
121,추풍령,2015-09,3종,2927
121,추풍령,2015-09,4종,1614
121,추풍령,2015-09,5종,1968
121,추풍령,2015-09,6종,2414
122,김천,2015-09,1종,250706
122,김천,2015-09,2종,7212
122,김천,2015-09,3종,11729
122,김천,2015-09,4종,8979
122,김천,2015-09,5종,7539
122,김천,2015-09,6종,11573
123,구미,2015-09,1종,855325
123,구미,2015-09,2종,20914
123,구미,2015-09,3종,39540
123,구미,2015-09,4종,18778
123,구미,2015-09,5종,16411
123,구미,2015-09,6종,41336
124,상주,2015-09,1종,179619
124,상주,2015-09,2종,5766
124,상주,2015-09,3종,6355
124,상주,2015-09,4종,6413
124,상주,2015-09,5종,7843
124,상주,2015-09,6종,5672
125,남구미,2015-09,1종,568745
125,남구미,2015-09,2종,20944
125,남구미,2015-09,3종,32672
125,남구미,2015-09,4종,21598
125,남구미,2015-09,5종,37788
125,남구미,2015-09,6종,31435
126,왜관,2015-09,1종,691930
126,왜관,2015-09,2종,41626
126,왜관,2015-09,3종,37366
126,왜관,2015-09,4종,23785
126,왜관,2015-09,5종,31022
126,왜관,2015-09,6종,31508
127,서대구,2015-09,1종,2063277
127,서대구,2015-09,2종,83852
127,서대구,2015-09,3종,104013
127,서대구,2015-09,4종,52258
127,서대구,2015-09,5종,58602
127,서대구,2015-09,6종,89539
128,금왕꽃동네,2015-09,1종,142763
128,금왕꽃동네,2015-09,2종,10407
128,금왕꽃동네,2015-09,3종,13925
128,금왕꽃동네,2015-09,4종,10284
128,금왕꽃동네,2015-09,5종,13293
128,금왕꽃동네,2015-09,6종,6554
129,북대구,2015-09,1종,1912595
129,북대구,2015-09,2종,58529
129,북대구,2015-09,3종,56830
129,북대구,2015-09,4종,25867
129,북대구,2015-09,5종,28807
129,북대구,2015-09,6종,81863
130,동김천,2015-09,1종,222160
130,동김천,2015-09,2종,7209
130,동김천,2015-09,3종,13353
130,동김천,2015-09,4종,9741
130,동김천,2015-09,5종,18492
130,동김천,2015-09,6종,8598
131,경산,2015-09,1종,903927
131,경산,2015-09,2종,72341
131,경산,2015-09,3종,59927
131,경산,2015-09,4종,46304
131,경산,2015-09,5종,38223
131,경산,2015-09,6종,48720
132,영천,2015-09,1종,505893
132,영천,2015-09,2종,24207
132,영천,2015-09,3종,31343
132,영천,2015-09,4종,24760
132,영천,2015-09,5종,38098
132,영천,2015-09,6종,18871
133,서경주,2015-09,1종,221333
133,서경주,2015-09,2종,7755
133,서경주,2015-09,3종,13419
133,서경주,2015-09,4종,10101
133,서경주,2015-09,5종,26725
133,서경주,2015-09,6종,7123
134,선산,2015-09,1종,115312
134,선산,2015-09,2종,5013
134,선산,2015-09,3종,5669
134,선산,2015-09,4종,4942
134,선산,2015-09,5종,8525
134,선산,2015-09,6종,3840
135,경주,2015-09,1종,953989
135,경주,2015-09,2종,36162
135,경주,2015-09,3종,70398
135,경주,2015-09,4종,43910
135,경주,2015-09,5종,88840
135,경주,2015-09,6종,36050
136,음성,2015-09,1종,217908
136,음성,2015-09,2종,8954
136,음성,2015-09,3종,12029
136,음성,2015-09,4종,8613
136,음성,2015-09,5종,10662
136,음성,2015-09,6종,8204
137,통도사,2015-09,1종,309570
137,통도사,2015-09,2종,15872
137,통도사,2015-09,3종,14768
137,통도사,2015-09,4종,11985
137,통도사,2015-09,5종,16714
137,통도사,2015-09,6종,15018
138,양산,2015-09,1종,744943
138,양산,2015-09,2종,71924
138,양산,2015-09,3종,46034
138,양산,2015-09,4종,49775
138,양산,2015-09,5종,57723
138,양산,2015-09,6종,40586
139,서울산,2015-09,1종,523512
139,서울산,2015-09,2종,25527
139,서울산,2015-09,3종,31792
139,서울산,2015-09,4종,15954
139,서울산,2015-09,5종,26912
139,서울산,2015-09,6종,25852
140,부산,2015-09,1종,1862016
140,부산,2015-09,2종,61558
140,부산,2015-09,3종,50313
140,부산,2015-09,4종,34156
140,부산,2015-09,5종,55823
140,부산,2015-09,6종,103340
142,군북,2015-09,1종,440620
142,군북,2015-09,2종,14418
142,군북,2015-09,3종,16055
142,군북,2015-09,4종,10001
142,군북,2015-09,5종,21008
142,군북,2015-09,6종,24720
143,장지,2015-09,1종,135319
143,장지,2015-09,2종,4776
143,장지,2015-09,3종,5685
143,장지,2015-09,4종,4241
143,장지,2015-09,5종,16403
143,장지,2015-09,6종,8554
144,함안,2015-09,1종,288794
144,함안,2015-09,2종,9648
144,함안,2015-09,3종,9739
144,함안,2015-09,4종,6631
144,함안,2015-09,5종,16172
144,함안,2015-09,6종,18264
145,산인,2015-09,1종,905230
145,산인,2015-09,2종,18917
145,산인,2015-09,3종,36645
145,산인,2015-09,4종,14077
145,산인,2015-09,5종,21417
145,산인,2015-09,6종,48219
146,동창원,2015-09,1종,616866
146,동창원,2015-09,2종,26804
146,동창원,2015-09,3종,22494
146,동창원,2015-09,4종,21058
146,동창원,2015-09,5종,27782
146,동창원,2015-09,6종,41272
147,진례,2015-09,1종,483545
147,진례,2015-09,2종,32208
147,진례,2015-09,3종,24435
147,진례,2015-09,4종,20952
147,진례,2015-09,5종,23236
147,진례,2015-09,6종,30873
148,서김해,2015-09,1종,837076
148,서김해,2015-09,2종,30663
148,서김해,2015-09,3종,28346
148,서김해,2015-09,4종,19241
148,서김해,2015-09,5종,24764
148,서김해,2015-09,6종,57886
149,동김해,2015-09,1종,1280686
149,동김해,2015-09,2종,39164
149,동김해,2015-09,3종,32943
149,동김해,2015-09,4종,14624
149,동김해,2015-09,5종,14593
149,동김해,2015-09,6종,94989
150,북부산,2015-09,1종,1984346
150,북부산,2015-09,2종,35654
150,북부산,2015-09,3종,37118
150,북부산,2015-09,4종,15459
150,북부산,2015-09,5종,29065
150,북부산,2015-09,6종,130087
151,북대전,2015-09,1종,734954
151,북대전,2015-09,2종,15999
151,북대전,2015-09,3종,32752
151,북대전,2015-09,4종,18219
151,북대전,2015-09,5종,20383
151,북대전,2015-09,6종,41961
152,유성,2015-09,1종,1156039
152,유성,2015-09,2종,24690
152,유성,2015-09,3종,38706
152,유성,2015-09,4종,17874
152,유성,2015-09,5종,10969
152,유성,2015-09,6종,53699
153,서대전,2015-09,1종,790689
153,서대전,2015-09,2종,21399
153,서대전,2015-09,3종,21297
153,서대전,2015-09,4종,17185
153,서대전,2015-09,5종,12897
153,서대전,2015-09,6종,46389
154,안영,2015-09,1종,484971
154,안영,2015-09,2종,16185
154,안영,2015-09,3종,12990
154,안영,2015-09,4종,6885
154,안영,2015-09,5종,10630
154,안영,2015-09,6종,25750
155,논산,2015-09,1종,258581
155,논산,2015-09,2종,15749
155,논산,2015-09,3종,18411
155,논산,2015-09,4종,14777
155,논산,2015-09,5종,13973
155,논산,2015-09,6종,11255
156,익산,2015-09,1종,313814
156,익산,2015-09,2종,21760
156,익산,2015-09,3종,28793
156,익산,2015-09,4종,19988
156,익산,2015-09,5종,28711
156,익산,2015-09,6종,10200
157,삼례,2015-09,1종,136113
157,삼례,2015-09,2종,7165
157,삼례,2015-09,3종,8749
157,삼례,2015-09,4종,6438
157,삼례,2015-09,5종,10655
157,삼례,2015-09,6종,4035
158,전주,2015-09,1종,494029
158,전주,2015-09,2종,16990
158,전주,2015-09,3종,50986
158,전주,2015-09,4종,20817
158,전주,2015-09,5종,37998
158,전주,2015-09,6종,16235
159,서전주,2015-09,1종,323969
159,서전주,2015-09,2종,12917
159,서전주,2015-09,3종,13511
159,서전주,2015-09,4종,7506
159,서전주,2015-09,5종,7380
159,서전주,2015-09,6종,10273
160,김제,2015-09,1종,140755
160,김제,2015-09,2종,7111
160,김제,2015-09,3종,9425
160,김제,2015-09,4종,4752
160,김제,2015-09,5종,4067
160,김제,2015-09,6종,4417
161,금산사,2015-09,1종,44686
161,금산사,2015-09,2종,1788
161,금산사,2015-09,3종,2060
161,금산사,2015-09,4종,668
161,금산사,2015-09,5종,2056
161,금산사,2015-09,6종,1199
162,태인,2015-09,1종,105409
162,태인,2015-09,2종,5361
162,태인,2015-09,3종,9311
162,태인,2015-09,4종,5516
162,태인,2015-09,5종,5227
162,태인,2015-09,6종,3158
163,정읍,2015-09,1종,293268
163,정읍,2015-09,2종,14850
163,정읍,2015-09,3종,23265
163,정읍,2015-09,4종,11389
163,정읍,2015-09,5종,10333
163,정읍,2015-09,6종,9112
164,무주,2015-09,1종,194278
164,무주,2015-09,2종,3970
164,무주,2015-09,3종,5675
164,무주,2015-09,4종,3403
164,무주,2015-09,5종,3104
164,무주,2015-09,6종,6855
165,백양사,2015-09,1종,78430
165,백양사,2015-09,2종,1832
165,백양사,2015-09,3종,3324
165,백양사,2015-09,4종,2718
165,백양사,2015-09,5종,1133
165,백양사,2015-09,6종,2120
166,장성,2015-09,1종,193284
166,장성,2015-09,2종,11650
166,장성,2015-09,3종,18003
166,장성,2015-09,4종,11971
166,장성,2015-09,5종,12770
166,장성,2015-09,6종,6848
167,광주,2015-09,1종,1113580
167,광주,2015-09,2종,33927
167,광주,2015-09,3종,81816
167,광주,2015-09,4종,44822
167,광주,2015-09,5종,27752
167,광주,2015-09,6종,34350
168,덕유산,2015-09,1종,66389
168,덕유산,2015-09,2종,1563
168,덕유산,2015-09,3종,1240
168,덕유산,2015-09,4종,854
168,덕유산,2015-09,5종,2614
168,덕유산,2015-09,6종,1971
169,장수,2015-09,1종,163752
169,장수,2015-09,2종,4980
169,장수,2015-09,3종,5166
169,장수,2015-09,4종,2873
169,장수,2015-09,5종,2397
169,장수,2015-09,6종,4429
170,서상,2015-09,1종,65701
170,서상,2015-09,2종,2479
170,서상,2015-09,3종,4460
170,서상,2015-09,4종,3514
170,서상,2015-09,5종,4089
170,서상,2015-09,6종,2319
171,마성,2015-09,1종,376783
171,마성,2015-09,2종,5764
171,마성,2015-09,3종,22362
171,마성,2015-09,4종,1499
171,마성,2015-09,5종,1532
171,마성,2015-09,6종,21464
172,용인,2015-09,1종,951357
172,용인,2015-09,2종,62398
172,용인,2015-09,3종,38615
172,용인,2015-09,4종,21183
172,용인,2015-09,5종,16849
172,용인,2015-09,6종,62532
173,양지,2015-09,1종,951434
173,양지,2015-09,2종,95775
173,양지,2015-09,3종,69420
173,양지,2015-09,4종,60592
173,양지,2015-09,5종,43166
173,양지,2015-09,6종,53159
174,춘천,2015-09,1종,801553
174,춘천,2015-09,2종,19968
174,춘천,2015-09,3종,27924
174,춘천,2015-09,4종,8544
174,춘천,2015-09,5종,7963
174,춘천,2015-09,6종,50142
175,덕평,2015-09,1종,327140
175,덕평,2015-09,2종,42988
175,덕평,2015-09,3종,28825
175,덕평,2015-09,4종,26059
175,덕평,2015-09,5종,12592
175,덕평,2015-09,6종,20710
176,이천,2015-09,1종,670480
176,이천,2015-09,2종,35331
176,이천,2015-09,3종,50230
176,이천,2015-09,4종,44173
176,이천,2015-09,5종,37098
176,이천,2015-09,6종,32303
177,여주,2015-09,1종,411968
177,여주,2015-09,2종,15390
177,여주,2015-09,3종,40485
177,여주,2015-09,4종,23804
177,여주,2015-09,5종,12619
177,여주,2015-09,6종,17316
178,문막,2015-09,1종,398013
178,문막,2015-09,2종,21979
178,문막,2015-09,3종,37794
178,문막,2015-09,4종,14834
178,문막,2015-09,5종,16724
178,문막,2015-09,6종,17370
179,홍천,2015-09,1종,347310
179,홍천,2015-09,2종,9611
179,홍천,2015-09,3종,17278
179,홍천,2015-09,4종,7811
179,홍천,2015-09,5종,6758
179,홍천,2015-09,6종,24234
180,원주,2015-09,1종,275230
180,원주,2015-09,2종,14634
180,원주,2015-09,3종,18870
180,원주,2015-09,4종,9275
180,원주,2015-09,5종,9076
180,원주,2015-09,6종,14060
181,새말,2015-09,1종,249116
181,새말,2015-09,2종,8202
181,새말,2015-09,3종,13560
181,새말,2015-09,4종,6573
181,새말,2015-09,5종,5439
181,새말,2015-09,6종,9375
182,둔내,2015-09,1종,120631
182,둔내,2015-09,2종,3836
182,둔내,2015-09,3종,6158
182,둔내,2015-09,4종,4983
182,둔내,2015-09,5종,3200
182,둔내,2015-09,6종,4662
183,면온,2015-09,1종,83820
183,면온,2015-09,2종,1807
183,면온,2015-09,3종,2907
183,면온,2015-09,4종,3324
183,면온,2015-09,5종,2212
183,면온,2015-09,6종,3104
184,대관령,2015-09,1종,230482
184,대관령,2015-09,2종,6437
184,대관령,2015-09,3종,18765
184,대관령,2015-09,4종,8047
184,대관령,2015-09,5종,3849
184,대관령,2015-09,6종,10537
185,평창,2015-09,1종,198806
185,평창,2015-09,2종,5699
185,평창,2015-09,3종,17738
185,평창,2015-09,4종,5398
185,평창,2015-09,5종,3643
185,평창,2015-09,6종,8178
186,속사,2015-09,1종,40734
186,속사,2015-09,2종,1773
186,속사,2015-09,3종,2392
186,속사,2015-09,4종,4652
186,속사,2015-09,5종,2427
186,속사,2015-09,6종,1416
187,진부,2015-09,1종,152905
187,진부,2015-09,2종,6210
187,진부,2015-09,3종,13434
187,진부,2015-09,4종,6393
187,진부,2015-09,5종,4906
187,진부,2015-09,6종,6754
188,서충주,2015-09,1종,134672
188,서충주,2015-09,2종,6113
188,서충주,2015-09,3종,9348
188,서충주,2015-09,4종,7104
188,서충주,2015-09,5종,8327
188,서충주,2015-09,6종,5408
189,강릉,2015-09,1종,547587
189,강릉,2015-09,2종,13615
189,강릉,2015-09,3종,42722
189,강릉,2015-09,4종,10512
189,강릉,2015-09,5종,14805
189,강릉,2015-09,6종,27645
190,동서울,2015-09,1종,3646679
190,동서울,2015-09,2종,176240
190,동서울,2015-09,3종,232456
190,동서울,2015-09,4종,115834
190,동서울,2015-09,5종,66152
190,동서울,2015-09,6종,170110
191,경기광주,2015-09,1종,813592
191,경기광주,2015-09,2종,42379
191,경기광주,2015-09,3종,39003
191,경기광주,2015-09,4종,11825
191,경기광주,2015-09,5종,5446
191,경기광주,2015-09,6종,57472
192,곤지암,2015-09,1종,878880
192,곤지암,2015-09,2종,68652
192,곤지암,2015-09,3종,54097
192,곤지암,2015-09,4종,37179
192,곤지암,2015-09,5종,22321
192,곤지암,2015-09,6종,49123
193,일죽,2015-09,1종,541032
193,일죽,2015-09,2종,35006
193,일죽,2015-09,3종,40898
193,일죽,2015-09,4종,36394
193,일죽,2015-09,5종,19354
193,일죽,2015-09,6종,22041
194,서이천,2015-09,1종,533908
194,서이천,2015-09,2종,60123
194,서이천,2015-09,3종,54477
194,서이천,2015-09,4종,35560
194,서이천,2015-09,5종,16974
194,서이천,2015-09,6종,31098
195,대소,2015-09,1종,295465
195,대소,2015-09,2종,39072
195,대소,2015-09,3종,43094
195,대소,2015-09,4종,32359
195,대소,2015-09,5종,22502
195,대소,2015-09,6종,13681
196,진천,2015-09,1종,283532
196,진천,2015-09,2종,16348
196,진천,2015-09,3종,20061
196,진천,2015-09,4종,18452
196,진천,2015-09,5종,16920
196,진천,2015-09,6종,12555
197,증평,2015-09,1종,402363
197,증평,2015-09,2종,21033
197,증평,2015-09,3종,26164
197,증평,2015-09,4종,17042
197,증평,2015-09,5종,17196
197,증평,2015-09,6종,16897
198,서청주,2015-09,1종,826375
198,서청주,2015-09,2종,32706
198,서청주,2015-09,3종,42917
198,서청주,2015-09,4종,30009
198,서청주,2015-09,5종,19457
198,서청주,2015-09,6종,42687
199,오창,2015-09,1종,558032
199,오창,2015-09,2종,20939
199,오창,2015-09,3종,32139
199,오창,2015-09,4종,19040
199,오창,2015-09,5종,18543
199,오창,2015-09,6종,27249
200,금산,2015-09,1종,185514
200,금산,2015-09,2종,4092
200,금산,2015-09,3종,7242
200,금산,2015-09,4종,4441
200,금산,2015-09,5종,6396
200,금산,2015-09,6종,7700
201,칠곡,2015-09,1종,683004
201,칠곡,2015-09,2종,24683
201,칠곡,2015-09,3종,21618
201,칠곡,2015-09,4종,9609
201,칠곡,2015-09,5종,11402
201,칠곡,2015-09,6종,33572
202,다부,2015-09,1종,150090
202,다부,2015-09,2종,7315
202,다부,2015-09,3종,5950
202,다부,2015-09,4종,2863
202,다부,2015-09,5종,8606
202,다부,2015-09,6종,5536
203,가산,2015-09,1종,610839
203,가산,2015-09,2종,21418
203,가산,2015-09,3종,22401
203,가산,2015-09,4종,15192
203,가산,2015-09,5종,32861
203,가산,2015-09,6종,24052
204,추부,2015-09,1종,203259
204,추부,2015-09,2종,8472
204,추부,2015-09,3종,10097
204,추부,2015-09,4종,5689
204,추부,2015-09,5종,5790
204,추부,2015-09,6종,11035
205,군위,2015-09,1종,194434
205,군위,2015-09,2종,5878
205,군위,2015-09,3종,5009
205,군위,2015-09,4종,3667
205,군위,2015-09,5종,13662
205,군위,2015-09,6종,7730
206,의성,2015-09,1종,223387
206,의성,2015-09,2종,5107
206,의성,2015-09,3종,4639
206,의성,2015-09,4종,2312
206,의성,2015-09,5종,4489
206,의성,2015-09,6종,6924
207,남안동,2015-09,1종,344418
207,남안동,2015-09,2종,8958
207,남안동,2015-09,3종,6970
207,남안동,2015-09,4종,4596
207,남안동,2015-09,5종,6638
207,남안동,2015-09,6종,11619
208,서안동,2015-09,1종,279196
208,서안동,2015-09,2종,7125
208,서안동,2015-09,3종,17677
208,서안동,2015-09,4종,5277
208,서안동,2015-09,5종,8588
208,서안동,2015-09,6종,8475
209,예천,2015-09,1종,39136
209,예천,2015-09,2종,585
209,예천,2015-09,3종,461
209,예천,2015-09,4종,258
209,예천,2015-09,5종,736
209,예천,2015-09,6종,1183
210,영주,2015-09,1종,178927
210,영주,2015-09,2종,5189
210,영주,2015-09,3종,8020
210,영주,2015-09,4종,5388
210,영주,2015-09,5종,12544
210,영주,2015-09,6종,5412
211,풍기,2015-09,1종,279916
211,풍기,2015-09,2종,5976
211,풍기,2015-09,3종,15746
211,풍기,2015-09,4종,5821
211,풍기,2015-09,5종,8716
211,풍기,2015-09,6종,8929
212,북수원,2015-09,1종,1362077
212,북수원,2015-09,2종,40025
212,북수원,2015-09,3종,55850
212,북수원,2015-09,4종,24335
212,북수원,2015-09,5종,22019
212,북수원,2015-09,6종,81565
213,부곡,2015-09,1종,401043
213,부곡,2015-09,2종,11740
213,부곡,2015-09,3종,9459
213,부곡,2015-09,4종,16562
213,부곡,2015-09,5종,63432
213,부곡,2015-09,6종,27556
214,동군포,2015-09,1종,241011
214,동군포,2015-09,2종,25466
214,동군포,2015-09,3종,17843
214,동군포,2015-09,4종,36258
214,동군포,2015-09,5종,20167
214,동군포,2015-09,6종,17880
215,군포,2015-09,1종,1069329
215,군포,2015-09,2종,46864
215,군포,2015-09,3종,43085
215,군포,2015-09,4종,20088
215,군포,2015-09,5종,29008
215,군포,2015-09,6종,78691
216,횡성,2015-09,1종,232321
216,횡성,2015-09,2종,7253
216,횡성,2015-09,3종,11128
216,횡성,2015-09,4종,4708
216,횡성,2015-09,5종,5951
216,횡성,2015-09,6종,11177
217,북원주,2015-09,1종,80222
217,북원주,2015-09,2종,5758
217,북원주,2015-09,3종,4533
217,북원주,2015-09,4종,2109
217,북원주,2015-09,5종,2786
217,북원주,2015-09,6종,5209
218,남원주,2015-09,1종,600051
218,남원주,2015-09,2종,16256
218,남원주,2015-09,3종,29222
218,남원주,2015-09,4종,8745
218,남원주,2015-09,5종,8610
218,남원주,2015-09,6종,30680
219,신림,2015-09,1종,125578
219,신림,2015-09,2종,3151
219,신림,2015-09,3종,3714
219,신림,2015-09,4종,3953
219,신림,2015-09,5종,6749
219,신림,2015-09,6종,5072
220,덕평휴게소,2015-09,1종,6033
220,덕평휴게소,2015-09,2종,122
220,덕평휴게소,2015-09,3종,26
220,덕평휴게소,2015-09,4종,0
220,덕평휴게소,2015-09,5종,0
220,덕평휴게소,2015-09,6종,509
221,생초,2015-09,1종,72392
221,생초,2015-09,2종,2197
221,생초,2015-09,3종,3064
221,생초,2015-09,4종,2593
221,생초,2015-09,5종,8028
221,생초,2015-09,6종,2558
222,산청,2015-09,1종,63733
222,산청,2015-09,2종,1848
222,산청,2015-09,3종,2749
222,산청,2015-09,4종,1300
222,산청,2015-09,5종,1708
222,산청,2015-09,6종,2503
223,단성,2015-09,1종,120431
223,단성,2015-09,2종,2177
223,단성,2015-09,3종,5651
223,단성,2015-09,4종,2826
223,단성,2015-09,5종,3573
223,단성,2015-09,6종,4336
224,함양,2015-09,1종,126028
224,함양,2015-09,2종,3322
224,함양,2015-09,3종,7470
224,함양,2015-09,4종,1872
224,함양,2015-09,5종,3599
224,함양,2015-09,6종,5458
225,서진주,2015-09,1종,343390
225,서진주,2015-09,2종,7860
225,서진주,2015-09,3종,7545
225,서진주,2015-09,4종,5100
225,서진주,2015-09,5종,9192
225,서진주,2015-09,6종,19393
227,군산,2015-09,1종,337287
227,군산,2015-09,2종,7693
227,군산,2015-09,3종,18905
227,군산,2015-09,4종,13943
227,군산,2015-09,5종,36698
227,군산,2015-09,6종,10260
228,동군산,2015-09,1종,315737
228,동군산,2015-09,2종,9316
228,동군산,2015-09,3종,15229
228,동군산,2015-09,4종,9228
228,동군산,2015-09,5종,19911
228,동군산,2015-09,6종,9106
229,북천안,2015-09,1종,403222
229,북천안,2015-09,2종,29372
229,북천안,2015-09,3종,37905
229,북천안,2015-09,4종,42915
229,북천안,2015-09,5종,42698
229,북천안,2015-09,6종,22594
230,팔공산,2015-09,1종,741847
230,팔공산,2015-09,2종,24311
230,팔공산,2015-09,3종,15349
230,팔공산,2015-09,4종,9121
230,팔공산,2015-09,5종,9675
230,팔공산,2015-09,6종,35290
231,화원옥포,2015-09,1종,657999
231,화원옥포,2015-09,2종,31326
231,화원옥포,2015-09,3종,19935
231,화원옥포,2015-09,4종,11479
231,화원옥포,2015-09,5종,12897
231,화원옥포,2015-09,6종,33845
232,달성,2015-09,1종,305120
232,달성,2015-09,2종,17382
232,달성,2015-09,3종,21606
232,달성,2015-09,4종,5915
232,달성,2015-09,5종,7509
232,달성,2015-09,6종,20514
233,현풍,2015-09,1종,433017
233,현풍,2015-09,2종,29542
233,현풍,2015-09,3종,26004
233,현풍,2015-09,4종,20700
233,현풍,2015-09,5종,34467
233,현풍,2015-09,6종,20347
234,서천,2015-09,1종,138654
234,서천,2015-09,2종,3471
234,서천,2015-09,3종,5024
234,서천,2015-09,4종,4447
234,서천,2015-09,5종,6339
234,서천,2015-09,6종,4440
235,창녕,2015-09,1종,185791
235,창녕,2015-09,2종,6906
235,창녕,2015-09,3종,8355
235,창녕,2015-09,4종,3553
235,창녕,2015-09,5종,8294
235,창녕,2015-09,6종,9303
236,영산,2015-09,1종,172264
236,영산,2015-09,2종,9420
236,영산,2015-09,3종,9628
236,영산,2015-09,4종,7034
236,영산,2015-09,5종,8728
236,영산,2015-09,6종,7177
237,남지,2015-09,1종,148948
237,남지,2015-09,2종,6953
237,남지,2015-09,3종,12183
237,남지,2015-09,4종,7376
237,남지,2015-09,5종,14316
237,남지,2015-09,6종,10601
238,칠서,2015-09,1종,238676
238,칠서,2015-09,2종,22978
238,칠서,2015-09,3종,18564
238,칠서,2015-09,4종,23186
238,칠서,2015-09,5종,33646
238,칠서,2015-09,6종,14539
239,칠원,2015-09,1종,629368
239,칠원,2015-09,2종,23301
239,칠원,2015-09,3종,46014
239,칠원,2015-09,4종,33302
239,칠원,2015-09,5종,33977
239,칠원,2015-09,6종,30759
240,제천,2015-09,1종,532313
240,제천,2015-09,2종,12788
240,제천,2015-09,3종,25255
240,제천,2015-09,4종,10209
240,제천,2015-09,5종,15124
240,제천,2015-09,6종,21570
241,동고령,2015-09,1종,344648
241,동고령,2015-09,2종,18286
241,동고령,2015-09,3종,17609
241,동고령,2015-09,4종,14778
241,동고령,2015-09,5종,18574
241,동고령,2015-09,6종,15143
242,고령,2015-09,1종,238171
242,고령,2015-09,2종,10406
242,고령,2015-09,3종,9508
242,고령,2015-09,4종,6433
242,고령,2015-09,5종,16568
242,고령,2015-09,6종,8894
243,해인사,2015-09,1종,123585
243,해인사,2015-09,2종,3350
243,해인사,2015-09,3종,2759
243,해인사,2015-09,4종,1559
243,해인사,2015-09,5종,3097
243,해인사,2015-09,6종,4977
244,서부산,2015-09,1종,1662114
244,서부산,2015-09,2종,46016
244,서부산,2015-09,3종,82758
244,서부산,2015-09,4종,36884
244,서부산,2015-09,5종,86950
244,서부산,2015-09,6종,92725
245,장유,2015-09,1종,1486484
245,장유,2015-09,2종,40670
245,장유,2015-09,3종,62078
245,장유,2015-09,4종,26285
245,장유,2015-09,5종,33507
245,장유,2015-09,6종,102754
246,가락,2015-09,1종,56421
246,가락,2015-09,2종,6870
246,가락,2015-09,3종,7215
246,가락,2015-09,4종,17556
246,가락,2015-09,5종,50250
246,가락,2015-09,6종,2326
247,남원,2015-09,1종,152295
247,남원,2015-09,2종,5531
247,남원,2015-09,3종,8071
247,남원,2015-09,4종,3972
247,남원,2015-09,5종,15026
247,남원,2015-09,6종,5407
248,순창,2015-09,1종,146007
248,순창,2015-09,2종,4005
248,순창,2015-09,3종,4596
248,순창,2015-09,4종,2472
248,순창,2015-09,5종,5759
248,순창,2015-09,6종,5055
249,담양,2015-09,1종,201393
249,담양,2015-09,2종,4097
249,담양,2015-09,3종,14054
249,담양,2015-09,4종,2835
249,담양,2015-09,5종,5239
249,담양,2015-09,6종,6709
250,남양산,2015-09,1종,1156912
250,남양산,2015-09,2종,48513
250,남양산,2015-09,3종,42285
250,남양산,2015-09,4종,25197
250,남양산,2015-09,5종,29848
250,남양산,2015-09,6종,81294
251,물금,2015-09,1종,515467
251,물금,2015-09,2종,41744
251,물금,2015-09,3종,19901
251,물금,2015-09,4종,41251
251,물금,2015-09,5종,61936
251,물금,2015-09,6종,35657
252,대동,2015-09,1종,1935406
252,대동,2015-09,2종,101583
252,대동,2015-09,3종,79951
252,대동,2015-09,4종,76879
252,대동,2015-09,5종,210922
252,대동,2015-09,6종,90992
253,서서울,2015-09,1종,5431785
253,서서울,2015-09,2종,200491
253,서서울,2015-09,3종,174923
253,서서울,2015-09,4종,139579
253,서서울,2015-09,5종,129275
253,서서울,2015-09,6종,320886
254,군자,2015-09,1종,2512527
254,군자,2015-09,2종,108011
254,군자,2015-09,3종,109540
254,군자,2015-09,4종,81457
254,군자,2015-09,5종,153360
254,군자,2015-09,6종,171333
255,서안산,2015-09,1종,1764425
255,서안산,2015-09,2종,94908
255,서안산,2015-09,3종,68103
255,서안산,2015-09,4종,49631
255,서안산,2015-09,5종,53042
255,서안산,2015-09,6종,131737
256,안산,2015-09,1종,909639
256,안산,2015-09,2종,23868
256,안산,2015-09,3종,21186
256,안산,2015-09,4종,6926
256,안산,2015-09,5종,6984
256,안산,2015-09,6종,70641
257,홍성,2015-09,1종,274704
257,홍성,2015-09,2종,5756
257,홍성,2015-09,3종,9400
257,홍성,2015-09,4종,4611
257,홍성,2015-09,5종,4424
257,홍성,2015-09,6종,9829
258,광천,2015-09,1종,182974
258,광천,2015-09,2종,6230
258,광천,2015-09,3종,8650
258,광천,2015-09,4종,7015
258,광천,2015-09,5종,11775
258,광천,2015-09,6종,6440
259,대천,2015-09,1종,258790
259,대천,2015-09,2종,6699
259,대천,2015-09,3종,11716
259,대천,2015-09,4종,4176
259,대천,2015-09,5종,4902
259,대천,2015-09,6종,9353
260,춘장대,2015-09,1종,96370
260,춘장대,2015-09,2종,1810
260,춘장대,2015-09,3종,2135
260,춘장대,2015-09,4종,2002
260,춘장대,2015-09,5종,3646
260,춘장대,2015-09,6종,2650
261,동광주,2015-09,1종,1167005
261,동광주,2015-09,2종,28321
261,동광주,2015-09,3종,60582
261,동광주,2015-09,4종,25122
261,동광주,2015-09,5종,44926
261,동광주,2015-09,6종,38697
262,창평,2015-09,1종,120818
262,창평,2015-09,2종,5190
262,창평,2015-09,3종,3464
262,창평,2015-09,4종,3641
262,창평,2015-09,5종,1802
262,창평,2015-09,6종,3731
263,옥과,2015-09,1종,240274
263,옥과,2015-09,2종,4522
263,옥과,2015-09,3종,9836
263,옥과,2015-09,4종,3385
263,옥과,2015-09,5종,7353
263,옥과,2015-09,6종,9289
264,동남원,2015-09,1종,62856
264,동남원,2015-09,2종,2130
264,동남원,2015-09,3종,2900
264,동남원,2015-09,4종,1348
264,동남원,2015-09,5종,1514
264,동남원,2015-09,6종,2161
265,곡성,2015-09,1종,183915
265,곡성,2015-09,2종,4410
265,곡성,2015-09,3종,5262
265,곡성,2015-09,4종,2227
265,곡성,2015-09,5종,5195
265,곡성,2015-09,6종,6789
266,석곡,2015-09,1종,64180
266,석곡,2015-09,2종,1327
266,석곡,2015-09,3종,2005
266,석곡,2015-09,4종,739
266,석곡,2015-09,5종,1507
266,석곡,2015-09,6종,2171
267,주암송광사,2015-09,1종,150194
267,주암송광사,2015-09,2종,3474
267,주암송광사,2015-09,3종,3030
267,주암송광사,2015-09,4종,3453
267,주암송광사,2015-09,5종,4757
267,주암송광사,2015-09,6종,4441
268,승주,2015-09,1종,74859
268,승주,2015-09,2종,1097
268,승주,2015-09,3종,1313
268,승주,2015-09,4종,627
268,승주,2015-09,5종,1313
268,승주,2015-09,6종,3219
269,지리산,2015-09,1종,65822
269,지리산,2015-09,2종,1801
269,지리산,2015-09,3종,3097
269,지리산,2015-09,4종,1841
269,지리산,2015-09,5종,1999
269,지리산,2015-09,6종,1919
270,서순천,2015-09,1종,178846
270,서순천,2015-09,2종,5284
270,서순천,2015-09,3종,10578
270,서순천,2015-09,4종,2101
270,서순천,2015-09,5종,3895
270,서순천,2015-09,6종,6278
271,순천,2015-09,1종,627130
271,순천,2015-09,2종,15415
271,순천,2015-09,3종,16331
271,순천,2015-09,4종,10992
271,순천,2015-09,5종,30738
271,순천,2015-09,6종,20806
272,광양,2015-09,1종,367206
272,광양,2015-09,2종,9409
272,광양,2015-09,3종,23797
272,광양,2015-09,4종,15646
272,광양,2015-09,5종,52105
272,광양,2015-09,6종,11943
273,동광양,2015-09,1종,156187
273,동광양,2015-09,2종,2568
273,동광양,2015-09,3종,3148
273,동광양,2015-09,4종,4782
273,동광양,2015-09,5종,23810
273,동광양,2015-09,6종,7090
274,가조,2015-09,1종,72574
274,가조,2015-09,2종,2316
274,가조,2015-09,3종,3049
274,가조,2015-09,4종,2134
274,가조,2015-09,5종,2228
274,가조,2015-09,6종,3655
275,옥곡,2015-09,1종,183754
275,옥곡,2015-09,2종,4447
275,옥곡,2015-09,3종,9179
275,옥곡,2015-09,4종,9229
275,옥곡,2015-09,5종,37157
275,옥곡,2015-09,6종,7844
276,진월,2015-09,1종,97186
276,진월,2015-09,2종,2331
276,진월,2015-09,3종,2190
276,진월,2015-09,4종,8007
276,진월,2015-09,5종,39634
276,진월,2015-09,6종,3416
277,하동,2015-09,1종,239851
277,하동,2015-09,2종,5133
277,하동,2015-09,3종,7578
277,하동,2015-09,4종,12670
277,하동,2015-09,5종,36012
277,하동,2015-09,6종,10421
278,진교,2015-09,1종,208610
278,진교,2015-09,2종,4066
278,진교,2015-09,3종,12848
278,진교,2015-09,4종,1419
278,진교,2015-09,5종,2936
278,진교,2015-09,6종,10738
279,곤양,2015-09,1종,152888
279,곤양,2015-09,2종,3874
279,곤양,2015-09,3종,6132
279,곤양,2015-09,4종,3763
279,곤양,2015-09,5종,9319
279,곤양,2015-09,6종,6728
280,거창,2015-09,1종,194343
280,거창,2015-09,2종,7546
280,거창,2015-09,3종,14472
280,거창,2015-09,4종,4246
280,거창,2015-09,5종,4536
280,거창,2015-09,6종,8831
281,매송,2015-09,1종,562038
281,매송,2015-09,2종,23345
281,매송,2015-09,3종,24838
281,매송,2015-09,4종,11910
281,매송,2015-09,5종,23892
281,매송,2015-09,6종,31787
282,비봉,2015-09,1종,835747
282,비봉,2015-09,2종,40369
282,비봉,2015-09,3종,34363
282,비봉,2015-09,4종,18823
282,비봉,2015-09,5종,37065
282,비봉,2015-09,6종,48288
283,발안,2015-09,1종,511680
283,발안,2015-09,2종,29050
283,발안,2015-09,3종,25063
283,발안,2015-09,4종,19598
283,발안,2015-09,5종,19213
283,발안,2015-09,6종,31659
284,남양양,2015-09,1종,61266
284,남양양,2015-09,2종,1684
284,남양양,2015-09,3종,2090
284,남양양,2015-09,4종,755
284,남양양,2015-09,5종,1621
284,남양양,2015-09,6종,2312
285,서평택,2015-09,1종,649005
285,서평택,2015-09,2종,37870
285,서평택,2015-09,3종,47518
285,서평택,2015-09,4종,59410
285,서평택,2015-09,5종,115023
285,서평택,2015-09,6종,34512
286,통도사휴게소,2015-09,1종,42540
286,통도사휴게소,2015-09,2종,382
286,통도사휴게소,2015-09,3종,1624
286,통도사휴게소,2015-09,4종,3
286,통도사휴게소,2015-09,5종,0
286,통도사휴게소,2015-09,6종,1783
287,송악,2015-09,1종,534502
287,송악,2015-09,2종,17102
287,송악,2015-09,3종,22798
287,송악,2015-09,4종,26315
287,송악,2015-09,5종,114200
287,송악,2015-09,6종,24947
288,당진,2015-09,1종,488299
288,당진,2015-09,2종,16826
288,당진,2015-09,3종,26675
288,당진,2015-09,4종,14316
288,당진,2015-09,5종,33612
288,당진,2015-09,6종,21912
289,마산,2015-09,1종,1008467
289,마산,2015-09,2종,28320
289,마산,2015-09,3종,43713
289,마산,2015-09,4종,16202
289,마산,2015-09,5종,19950
289,마산,2015-09,6종,60771
290,축동,2015-09,1종,55246
290,축동,2015-09,2종,2691
290,축동,2015-09,3종,2142
290,축동,2015-09,4종,4298
290,축동,2015-09,5종,5273
290,축동,2015-09,6종,3083
291,사천,2015-09,1종,762184
291,사천,2015-09,2종,27744
291,사천,2015-09,3종,28983
291,사천,2015-09,4종,15233
291,사천,2015-09,5종,24951
291,사천,2015-09,6종,46804
292,진주,2015-09,1종,748747
292,진주,2015-09,2종,22002
292,진주,2015-09,3종,49377
292,진주,2015-09,4종,12757
292,진주,2015-09,5종,25463
292,진주,2015-09,6종,48101
293,문산,2015-09,1종,327748
293,문산,2015-09,2종,10506
293,문산,2015-09,3종,7787
293,문산,2015-09,4종,5574
293,문산,2015-09,5종,8887
293,문산,2015-09,6종,20202
294,북창원,2015-09,1종,258056
294,북창원,2015-09,2종,8457
294,북창원,2015-09,3종,6060
294,북창원,2015-09,4종,9471
294,북창원,2015-09,5종,6000
294,북창원,2015-09,6종,13941
295,진성,2015-09,1종,166178
295,진성,2015-09,2종,7566
295,진성,2015-09,3종,7791
295,진성,2015-09,4종,5701
295,진성,2015-09,5종,13435
295,진성,2015-09,6종,7604
296,지수,2015-09,1종,61854
296,지수,2015-09,2종,2329
296,지수,2015-09,3종,1912
296,지수,2015-09,4종,1556
296,지수,2015-09,5종,7106
296,지수,2015-09,6종,3939
297,동충주,2015-09,1종,246744
297,동충주,2015-09,2종,8547
297,동충주,2015-09,3종,14397
297,동충주,2015-09,4종,11884
297,동충주,2015-09,5종,24691
297,동충주,2015-09,6종,7937
298,서산,2015-09,1종,586153
298,서산,2015-09,2종,16374
298,서산,2015-09,3종,32924
298,서산,2015-09,4종,23049
298,서산,2015-09,5종,39221
298,서산,2015-09,6종,23022
299,해미,2015-09,1종,162818
299,해미,2015-09,2종,5479
299,해미,2015-09,3종,8712
299,해미,2015-09,4종,6082
299,해미,2015-09,5종,10992
299,해미,2015-09,6종,6942
500,남여주,2015-09,1종,202154
500,남여주,2015-09,2종,7307
500,남여주,2015-09,3종,9672
500,남여주,2015-09,4종,10000
500,남여주,2015-09,5종,13984
500,남여주,2015-09,6종,8654
501,서김제,2015-09,1종,78525
501,서김제,2015-09,2종,2615
501,서김제,2015-09,3종,4262
501,서김제,2015-09,4종,2181
501,서김제,2015-09,5종,2147
501,서김제,2015-09,6종,2059
502,부안,2015-09,1종,140104
502,부안,2015-09,2종,4554
502,부안,2015-09,3종,9415
502,부안,2015-09,4종,2817
502,부안,2015-09,5종,4714
502,부안,2015-09,6종,3663
503,줄포,2015-09,1종,85862
503,줄포,2015-09,2종,2415
503,줄포,2015-09,3종,3064
503,줄포,2015-09,4종,979
503,줄포,2015-09,5종,1234
503,줄포,2015-09,6종,2045
504,선운산,2015-09,1종,162335
504,선운산,2015-09,2종,3982
504,선운산,2015-09,3종,9275
504,선운산,2015-09,4종,5637
504,선운산,2015-09,5종,5989
504,선운산,2015-09,6종,4362
505,고창,2015-09,1종,121809
505,고창,2015-09,2종,3717
505,고창,2015-09,3종,4027
505,고창,2015-09,4종,1287
505,고창,2015-09,5종,1307
505,고창,2015-09,6종,3308
506,영광,2015-09,1종,135411
506,영광,2015-09,2종,3440
506,영광,2015-09,3종,7949
506,영광,2015-09,4종,1983
506,영광,2015-09,5종,2449
506,영광,2015-09,6종,3215
507,함평,2015-09,1종,89662
507,함평,2015-09,2종,2712
507,함평,2015-09,3종,6517
507,함평,2015-09,4종,3147
507,함평,2015-09,5종,5778
507,함평,2015-09,6종,2337
508,무안,2015-09,1종,231311
508,무안,2015-09,2종,5925
508,무안,2015-09,3종,7928
508,무안,2015-09,4종,3886
508,무안,2015-09,5종,5687
508,무안,2015-09,6종,6945
509,목포,2015-09,1종,921209
509,목포,2015-09,2종,23032
509,목포,2015-09,3종,38425
509,목포,2015-09,4종,22957
509,목포,2015-09,5종,37441
509,목포,2015-09,6종,26672
510,양양,2015-09,1종,96704
510,양양,2015-09,2종,2299
510,양양,2015-09,3종,2852
510,양양,2015-09,4종,1898
510,양양,2015-09,5종,3679
510,양양,2015-09,6종,3791
511,무창포,2015-09,1종,105530
511,무창포,2015-09,2종,3319
511,무창포,2015-09,3종,5328
511,무창포,2015-09,4종,2246
511,무창포,2015-09,5종,5393
511,무창포,2015-09,6종,3181
512,연화산,2015-09,1종,46286
512,연화산,2015-09,2종,1200
512,연화산,2015-09,3종,1022
512,연화산,2015-09,4종,1070
512,연화산,2015-09,5종,2205
512,연화산,2015-09,6종,2676
513,고성,2015-09,1종,406967
513,고성,2015-09,2종,12255
513,고성,2015-09,3종,16608
513,고성,2015-09,4종,9524
513,고성,2015-09,5종,13151
513,고성,2015-09,6종,22123
514,동고성,2015-09,1종,106674
514,동고성,2015-09,2종,3906
514,동고성,2015-09,3종,5563
514,동고성,2015-09,4종,8098
514,동고성,2015-09,5종,13041
514,동고성,2015-09,6종,8907
515,북통영,2015-09,1종,166450
515,북통영,2015-09,2종,3807
515,북통영,2015-09,3종,11133
515,북통영,2015-09,4종,1836
515,북통영,2015-09,5종,2087
515,북통영,2015-09,6종,9780
516,통영,2015-09,1종,624996
516,통영,2015-09,2종,16272
516,통영,2015-09,3종,24435
516,통영,2015-09,4종,16234
516,통영,2015-09,5종,21611
516,통영,2015-09,6종,31770
517,양평,2015-09,1종,262547
517,양평,2015-09,2종,7129
517,양평,2015-09,3종,9305
517,양평,2015-09,4종,6158
517,양평,2015-09,5종,8559
517,양평,2015-09,6종,10095
518,칠곡물류,2015-09,1종,78330
518,칠곡물류,2015-09,2종,16245
518,칠곡물류,2015-09,3종,10141
518,칠곡물류,2015-09,4종,17382
518,칠곡물류,2015-09,5종,14602
518,칠곡물류,2015-09,6종,3739
519,남대구,2015-09,1종,1428456
519,남대구,2015-09,2종,53995
519,남대구,2015-09,3종,63537
519,남대구,2015-09,4종,23828
519,남대구,2015-09,5종,32326
519,남대구,2015-09,6종,73647
520,평택,2015-09,1종,713897
520,평택,2015-09,2종,31351
520,평택,2015-09,3종,47337
520,평택,2015-09,4종,22535
520,평택,2015-09,5종,29223
520,평택,2015-09,6종,39437
521,단양,2015-09,1종,97519
521,단양,2015-09,2종,1907
521,단양,2015-09,3종,3898
521,단양,2015-09,4종,1916
521,단양,2015-09,5종,10141
521,단양,2015-09,6종,3538
522,북단양,2015-09,1종,133882
522,북단양,2015-09,2종,2681
522,북단양,2015-09,3종,4113
522,북단양,2015-09,4종,15307
522,북단양,2015-09,5종,53499
522,북단양,2015-09,6종,4857
523,남제천,2015-09,1종,225628
523,남제천,2015-09,2종,5157
523,남제천,2015-09,3종,9199
523,남제천,2015-09,4종,10686
523,남제천,2015-09,5종,25279
523,남제천,2015-09,6종,7554
524,청통와촌,2015-09,1종,289005
524,청통와촌,2015-09,2종,11843
524,청통와촌,2015-09,3종,7088
524,청통와촌,2015-09,4종,4858
524,청통와촌,2015-09,5종,5463
524,청통와촌,2015-09,6종,11138
525,북영천,2015-09,1종,264556
525,북영천,2015-09,2종,6481
525,북영천,2015-09,3종,5610
525,북영천,2015-09,4종,4088
525,북영천,2015-09,5종,5976
525,북영천,2015-09,6종,7696
526,서포항,2015-09,1종,144141
526,서포항,2015-09,2종,2398
526,서포항,2015-09,3종,2590
526,서포항,2015-09,4종,1090
526,서포항,2015-09,5종,2244
526,서포항,2015-09,6종,8088
527,포항,2015-09,1종,831497
527,포항,2015-09,2종,17006
527,포항,2015-09,3종,29454
527,포항,2015-09,4종,10726
527,포항,2015-09,5종,42826
527,포항,2015-09,6종,32334
528,기흥동탄,2015-09,1종,1092671
528,기흥동탄,2015-09,2종,27490
528,기흥동탄,2015-09,3종,77450
528,기흥동탄,2015-09,4종,18776
528,기흥동탄,2015-09,5종,18084
528,기흥동탄,2015-09,6종,62315
529,노포,2015-09,1종,291829
529,노포,2015-09,2종,12561
529,노포,2015-09,3종,43378
529,노포,2015-09,4종,6856
529,노포,2015-09,5종,11107
529,노포,2015-09,6종,15052
530,내장산,2015-09,1종,57549
530,내장산,2015-09,2종,1621
530,내장산,2015-09,3종,1245
530,내장산,2015-09,4종,883
530,내장산,2015-09,5종,667
530,내장산,2015-09,6종,2216
531,문의청남대,2015-09,1종,211876
531,문의청남대,2015-09,2종,6230
531,문의청남대,2015-09,3종,8727
531,문의청남대,2015-09,4종,6776
531,문의청남대,2015-09,5종,7800
531,문의청남대,2015-09,6종,8098
532,회인,2015-09,1종,60572
532,회인,2015-09,2종,1093
532,회인,2015-09,3종,1018
532,회인,2015-09,4종,668
532,회인,2015-09,5종,973
532,회인,2015-09,6종,2374
533,보은,2015-09,1종,155052
533,보은,2015-09,2종,4724
533,보은,2015-09,3종,4893
533,보은,2015-09,4종,2919
533,보은,2015-09,5종,3630
533,보은,2015-09,6종,6595
534,속리산,2015-09,1종,71166
534,속리산,2015-09,2종,1979
534,속리산,2015-09,3종,2398
534,속리산,2015-09,4종,1255
534,속리산,2015-09,5종,1810
534,속리산,2015-09,6종,2571
535,화서,2015-09,1종,73717
535,화서,2015-09,2종,1843
535,화서,2015-09,3종,2575
535,화서,2015-09,4종,2476
535,화서,2015-09,5종,2489
535,화서,2015-09,6종,2927
536,남상주,2015-09,1종,161909
536,남상주,2015-09,2종,4805
536,남상주,2015-09,3종,11456
536,남상주,2015-09,4종,6638
536,남상주,2015-09,5종,4231
536,남상주,2015-09,6종,5559
537,남김천,2015-09,1종,93723
537,남김천,2015-09,2종,4932
537,남김천,2015-09,3종,5704
537,남김천,2015-09,4종,6021
537,남김천,2015-09,5종,13703
537,남김천,2015-09,6종,3314
538,성주,2015-09,1종,94803
538,성주,2015-09,2종,5974
538,성주,2015-09,3종,6349
538,성주,2015-09,4종,5101
538,성주,2015-09,5종,7161
538,성주,2015-09,6종,3390
539,남성주,2015-09,1종,61561
539,남성주,2015-09,2종,6962
539,남성주,2015-09,3종,3431
539,남성주,2015-09,4종,4569
539,남성주,2015-09,5종,7486
539,남성주,2015-09,6종,2385
540,청북,2015-09,1종,510112
540,청북,2015-09,2종,42313
540,청북,2015-09,3종,46961
540,청북,2015-09,4종,38562
540,청북,2015-09,5종,48114
540,청북,2015-09,6종,28331
541,송탄,2015-09,1종,427349
541,송탄,2015-09,2종,37628
541,송탄,2015-09,3종,37491
541,송탄,2015-09,4종,36407
541,송탄,2015-09,5종,25549
541,송탄,2015-09,6종,23898
542,서안성,2015-09,1종,414804
542,서안성,2015-09,2종,31273
542,서안성,2015-09,3종,45048
542,서안성,2015-09,4종,44660
542,서안성,2015-09,5종,32200
542,서안성,2015-09,6종,19582
543,남안성,2015-09,1종,609313
543,남안성,2015-09,2종,48399
543,남안성,2015-09,3종,51534
543,남안성,2015-09,4종,46595
543,남안성,2015-09,5종,44642
543,남안성,2015-09,6종,31225
544,완주,2015-09,1종,191720
544,완주,2015-09,2종,6221
544,완주,2015-09,3종,8115
544,완주,2015-09,4종,7240
544,완주,2015-09,5종,11683
544,완주,2015-09,6종,6301
545,소양,2015-09,1종,179101
545,소양,2015-09,2종,4728
545,소양,2015-09,3종,9514
545,소양,2015-09,4종,2655
545,소양,2015-09,5종,4238
545,소양,2015-09,6종,5859
546,진안,2015-09,1종,75201
546,진안,2015-09,2종,2746
546,진안,2015-09,3종,2782
546,진안,2015-09,4종,1286
546,진안,2015-09,5종,1297
546,진안,2015-09,6종,2256
547,무안공항,2015-09,1종,38793
547,무안공항,2015-09,2종,677
547,무안공항,2015-09,3종,1213
547,무안공항,2015-09,4종,193
547,무안공항,2015-09,5종,155
547,무안공항,2015-09,6종,1280
548,북무안,2015-09,1종,137846
548,북무안,2015-09,2종,3483
548,북무안,2015-09,3종,4569
548,북무안,2015-09,4종,2294
548,북무안,2015-09,5종,3483
548,북무안,2015-09,6종,3490
549,동함평,2015-09,1종,183323
549,동함평,2015-09,2종,4075
549,동함평,2015-09,3종,4955
549,동함평,2015-09,4종,1664
549,동함평,2015-09,5종,2488
549,동함평,2015-09,6종,6804
550,문평,2015-09,1종,46802
550,문평,2015-09,2종,827
550,문평,2015-09,3종,1193
550,문평,2015-09,4종,517
550,문평,2015-09,5종,4220
550,문평,2015-09,6종,1470
551,나주,2015-09,1종,63784
551,나주,2015-09,2종,1809
551,나주,2015-09,3종,1621
551,나주,2015-09,4종,773
551,나주,2015-09,5종,1279
551,나주,2015-09,6종,2739
552,서광산,2015-09,1종,153484
552,서광산,2015-09,2종,6645
552,서광산,2015-09,3종,7636
552,서광산,2015-09,4종,4159
552,서광산,2015-09,5종,6232
552,서광산,2015-09,6종,4993
553,동광산,2015-09,1종,968889
553,동광산,2015-09,2종,19369
553,동광산,2015-09,3종,28518
553,동광산,2015-09,4종,11020
553,동광산,2015-09,5종,18944
553,동광산,2015-09,6종,32071
554,동홍천,2015-09,1종,469892
554,동홍천,2015-09,2종,5668
554,동홍천,2015-09,3종,20077
554,동홍천,2015-09,4종,4359
554,동홍천,2015-09,5종,2575
554,동홍천,2015-09,6종,18833
555,북진천,2015-09,1종,377953
555,북진천,2015-09,2종,34800
555,북진천,2015-09,3종,36226
555,북진천,2015-09,4종,29202
555,북진천,2015-09,5종,28787
555,북진천,2015-09,6종,16379
556,동순천,2015-09,1종,331748
556,동순천,2015-09,2종,6519
556,동순천,2015-09,3종,14524
556,동순천,2015-09,4종,12408
556,동순천,2015-09,5종,38852
556,동순천,2015-09,6종,8877
557,황전,2015-09,1종,91131
557,황전,2015-09,2종,1686
557,황전,2015-09,3종,1410
557,황전,2015-09,4종,996
557,황전,2015-09,5종,2688
557,황전,2015-09,6종,3462
558,구례화엄사,2015-09,1종,108669
558,구례화엄사,2015-09,2종,2891
558,구례화엄사,2015-09,3종,4533
558,구례화엄사,2015-09,4종,2904
558,구례화엄사,2015-09,5종,4646
558,구례화엄사,2015-09,6종,3210
559,서남원,2015-09,1종,74067
559,서남원,2015-09,2종,2833
559,서남원,2015-09,3종,2702
559,서남원,2015-09,4종,2830
559,서남원,2015-09,5종,7309
559,서남원,2015-09,6종,2289
560,감곡,2015-09,1종,352301
560,감곡,2015-09,2종,12809
560,감곡,2015-09,3종,19163
560,감곡,2015-09,4종,19259
560,감곡,2015-09,5종,28241
560,감곡,2015-09,6종,12547
561,북충주,2015-09,1종,172902
561,북충주,2015-09,2종,4709
561,북충주,2015-09,3종,9482
561,북충주,2015-09,4종,3555
561,북충주,2015-09,5종,4211
561,북충주,2015-09,6종,5967
562,충주,2015-09,1종,207414
562,충주,2015-09,2종,7926
562,충주,2015-09,3종,12961
562,충주,2015-09,4종,10779
562,충주,2015-09,5종,9112
562,충주,2015-09,6종,7518
563,괴산,2015-09,1종,79126
563,괴산,2015-09,2종,2023
563,괴산,2015-09,3종,3557
563,괴산,2015-09,4종,2779
563,괴산,2015-09,5종,5876
563,괴산,2015-09,6종,2442
564,연풍,2015-09,1종,75458
564,연풍,2015-09,2종,3016
564,연풍,2015-09,3종,7425
564,연풍,2015-09,4종,6281
564,연풍,2015-09,5종,5810
564,연풍,2015-09,6종,2190
565,문경새재,2015-09,1종,127109
565,문경새재,2015-09,2종,3126
565,문경새재,2015-09,3종,6620
565,문경새재,2015-09,4종,4374
565,문경새재,2015-09,5종,4580
565,문경새재,2015-09,6종,3907
566,점촌함창,2015-09,1종,178536
566,점촌함창,2015-09,2종,4640
566,점촌함창,2015-09,3종,10353
566,점촌함창,2015-09,4종,5487
566,점촌함창,2015-09,5종,5854
566,점촌함창,2015-09,6종,5391
567,남고창,2015-09,1종,128214
567,남고창,2015-09,2종,3488
567,남고창,2015-09,3종,2759
567,남고창,2015-09,4종,1457
567,남고창,2015-09,5종,2689
567,남고창,2015-09,6종,4928
568,장성물류,2015-09,1종,46869
568,장성물류,2015-09,2종,8009
568,장성물류,2015-09,3종,4021
568,장성물류,2015-09,4종,8319
568,장성물류,2015-09,5종,9655
568,장성물류,2015-09,6종,1304
569,북광주,2015-09,1종,380937
569,북광주,2015-09,2종,19785
569,북광주,2015-09,3종,14342
569,북광주,2015-09,4종,18622
569,북광주,2015-09,5종,28923
569,북광주,2015-09,6종,11863
570,북상주,2015-09,1종,153047
570,북상주,2015-09,2종,6670
570,북상주,2015-09,3종,12373
570,북상주,2015-09,4종,13769
570,북상주,2015-09,5종,9510
570,북상주,2015-09,6종,4389
571,면천,2015-09,1종,111300
571,면천,2015-09,2종,3169
571,면천,2015-09,3종,3873
571,면천,2015-09,4종,4049
571,면천,2015-09,5종,8219
571,면천,2015-09,6종,4147
572,고덕,2015-09,1종,145030
572,고덕,2015-09,2종,4218
572,고덕,2015-09,3종,6677
572,고덕,2015-09,4종,3427
572,고덕,2015-09,5종,6390
572,고덕,2015-09,6종,5670
573,예산수덕사,2015-09,1종,364102
573,예산수덕사,2015-09,2종,10867
573,예산수덕사,2015-09,3종,11562
573,예산수덕사,2015-09,4종,10139
573,예산수덕사,2015-09,5종,13140
573,예산수덕사,2015-09,6종,12786
574,신양,2015-09,1종,104331
574,신양,2015-09,2종,2571
574,신양,2015-09,3종,2828
574,신양,2015-09,4종,2813
574,신양,2015-09,5종,2680
574,신양,2015-09,6종,3514
575,유구,2015-09,1종,142244
575,유구,2015-09,2종,3492
575,유구,2015-09,3종,3799
575,유구,2015-09,4종,4011
575,유구,2015-09,5종,4110
575,유구,2015-09,6종,4390
576,마곡사,2015-09,1종,60100
576,마곡사,2015-09,2종,1103
576,마곡사,2015-09,3종,1467
576,마곡사,2015-09,4종,1011
576,마곡사,2015-09,5종,1087
576,마곡사,2015-09,6종,2320
577,공주,2015-09,1종,203978
577,공주,2015-09,2종,6594
577,공주,2015-09,3종,9002
577,공주,2015-09,4종,2582
577,공주,2015-09,5종,3696
577,공주,2015-09,6종,8968
578,서세종,2015-09,1종,262849
578,서세종,2015-09,2종,11206
578,서세종,2015-09,3종,8809
578,서세종,2015-09,4종,6557
578,서세종,2015-09,5종,8649
578,서세종,2015-09,6종,10673
579,남세종,2015-09,1종,461770
579,남세종,2015-09,2종,8958
579,남세종,2015-09,3종,9612
579,남세종,2015-09,4종,5331
579,남세종,2015-09,5종,9162
579,남세종,2015-09,6종,24262
580,북강릉,2015-09,1종,202784
580,북강릉,2015-09,2종,5045
580,북강릉,2015-09,3종,7474
580,북강릉,2015-09,4종,2636
580,북강릉,2015-09,5종,5581
580,북강릉,2015-09,6종,8928
581,옥계,2015-09,1종,61414
581,옥계,2015-09,2종,2051
581,옥계,2015-09,3종,2075
581,옥계,2015-09,4종,3379
581,옥계,2015-09,5종,14357
581,옥계,2015-09,6종,3338
582,망상,2015-09,1종,126068
582,망상,2015-09,2종,3472
582,망상,2015-09,3종,13118
582,망상,2015-09,4종,1401
582,망상,2015-09,5종,1691
582,망상,2015-09,6종,7158
583,동해,2015-09,1종,381179
583,동해,2015-09,2종,9988
583,동해,2015-09,3종,14673
583,동해,2015-09,4종,9706
583,동해,2015-09,5종,25248
583,동해,2015-09,6종,16951
584,남강릉,2015-09,1종,127265
584,남강릉,2015-09,2종,6882
584,남강릉,2015-09,3종,8899
584,남강릉,2015-09,4종,3846
584,남강릉,2015-09,5종,4669
584,남강릉,2015-09,6종,7630
585,하조대,2015-09,1종,159482
585,하조대,2015-09,2종,4473
585,하조대,2015-09,3종,9004
585,하조대,2015-09,4종,2833
585,하조대,2015-09,5종,3403
585,하조대,2015-09,6종,6549
586,북남원,2015-09,1종,27385
586,북남원,2015-09,2종,767
586,북남원,2015-09,3종,743
586,북남원,2015-09,4종,376
586,북남원,2015-09,5종,2244
586,북남원,2015-09,6종,764
587,오수,2015-09,1종,174952
587,오수,2015-09,2종,4446
587,오수,2015-09,3종,7080
587,오수,2015-09,4종,4236
587,오수,2015-09,5종,7577
587,오수,2015-09,6종,5424
588,임실,2015-09,1종,71675
588,임실,2015-09,2종,2230
588,임실,2015-09,3종,3171
588,임실,2015-09,4종,1298
588,임실,2015-09,5종,3827
588,임실,2015-09,6종,2067
589,상관,2015-09,1종,185516
589,상관,2015-09,2종,4140
589,상관,2015-09,3종,8221
589,상관,2015-09,4종,5826
589,상관,2015-09,5종,28979
589,상관,2015-09,6종,5251
590,동전주,2015-09,1종,207768
590,동전주,2015-09,2종,3213
590,동전주,2015-09,3종,3668
590,동전주,2015-09,4종,2098
590,동전주,2015-09,5종,4945
590,동전주,2015-09,6종,7736
591,동서천,2015-09,1종,75167
591,동서천,2015-09,2종,1522
591,동서천,2015-09,3종,2321
591,동서천,2015-09,4종,1767
591,동서천,2015-09,5종,3536
591,동서천,2015-09,6종,2239
592,서부여,2015-09,1종,87866
592,서부여,2015-09,2종,2574
592,서부여,2015-09,3종,2553
592,서부여,2015-09,4종,1811
592,서부여,2015-09,5종,1628
592,서부여,2015-09,6종,3589
593,부여,2015-09,1종,107687
593,부여,2015-09,2종,2612
593,부여,2015-09,3종,3603
593,부여,2015-09,4종,2893
593,부여,2015-09,5종,3631
593,부여,2015-09,6종,3886
594,칠갑산,2015-09,1종,79457
594,칠갑산,2015-09,2종,1602
594,칠갑산,2015-09,3종,2435
594,칠갑산,2015-09,4종,1535
594,칠갑산,2015-09,5종,1233
594,칠갑산,2015-09,6종,2622
595,서공주,2015-09,1종,80885
595,서공주,2015-09,2종,3042
595,서공주,2015-09,3종,2597
595,서공주,2015-09,4종,2322
595,서공주,2015-09,5종,3563
595,서공주,2015-09,6종,2757
596,가락2,2015-09,1종,64338
596,가락2,2015-09,2종,6262
596,가락2,2015-09,3종,6422
596,가락2,2015-09,4종,13939
596,가락2,2015-09,5종,60048
596,가락2,2015-09,6종,4014
597,서여주,2015-09,1종,153926
597,서여주,2015-09,2종,6685
597,서여주,2015-09,3종,7942
597,서여주,2015-09,4종,6952
597,서여주,2015-09,5종,5830
597,서여주,2015-09,6종,7816
598,북여주,2015-09,1종,94437
598,북여주,2015-09,2종,3272
598,북여주,2015-09,3종,2627
598,북여주,2015-09,4종,2301
598,북여주,2015-09,5종,3215
598,북여주,2015-09,6종,3840
599,양촌,2015-09,1종,37784
599,양촌,2015-09,2종,622
599,양촌,2015-09,3종,248
599,양촌,2015-09,4종,6
599,양촌,2015-09,5종,9
599,양촌,2015-09,6종,1282
601,남천안,2015-09,1종,347505
601,남천안,2015-09,2종,19802
601,남천안,2015-09,3종,26116
601,남천안,2015-09,4종,23671
601,남천안,2015-09,5종,19692
601,남천안,2015-09,6종,13829
602,풍세상,2015-09,1종,1548866
602,풍세상,2015-09,2종,40014
602,풍세상,2015-09,3종,155458
602,풍세상,2015-09,4종,69084
602,풍세상,2015-09,5종,72154
602,풍세상,2015-09,6종,67162
603,정안,2015-09,1종,324302
603,정안,2015-09,2종,8988
603,정안,2015-09,3종,27411
603,정안,2015-09,4종,11299
603,정안,2015-09,5종,9184
603,정안,2015-09,6종,12916
604,남공주,2015-09,1종,83242
604,남공주,2015-09,2종,3374
604,남공주,2015-09,3종,4609
604,남공주,2015-09,4종,2488
604,남공주,2015-09,5종,4164
604,남공주,2015-09,6종,3165
605,탄천,2015-09,1종,35430
605,탄천,2015-09,2종,1714
605,탄천,2015-09,3종,1443
605,탄천,2015-09,4종,1873
605,탄천,2015-09,5종,1890
605,탄천,2015-09,6종,1220
606,서논산,2015-09,1종,146158
606,서논산,2015-09,2종,5801
606,서논산,2015-09,3종,9301
606,서논산,2015-09,4종,6946
606,서논산,2015-09,5종,8798
606,서논산,2015-09,6종,5388
607,연무,2015-09,1종,90760
607,연무,2015-09,2종,2793
607,연무,2015-09,3종,4201
607,연무,2015-09,4종,2818
607,연무,2015-09,5종,3261
607,연무,2015-09,6종,3049
608,남논산하,2015-09,1종,986738
608,남논산하,2015-09,2종,20416
608,남논산하,2015-09,3종,99094
608,남논산하,2015-09,4종,37628
608,남논산하,2015-09,5종,54408
608,남논산하,2015-09,6종,36420
612,풍세하,2015-09,1종,1568768
612,풍세하,2015-09,2종,37448
612,풍세하,2015-09,3종,154529
612,풍세하,2015-09,4종,56424
612,풍세하,2015-09,5종,55075
612,풍세하,2015-09,6종,68020
613,남풍세,2015-09,1종,209522
613,남풍세,2015-09,2종,8607
613,남풍세,2015-09,3종,15204
613,남풍세,2015-09,4종,9607
613,남풍세,2015-09,5종,14870
613,남풍세,2015-09,6종,8768
618,남논산상,2015-09,1종,921194
618,남논산상,2015-09,2종,21248
618,남논산상,2015-09,3종,98328
618,남논산상,2015-09,4종,41304
618,남논산상,2015-09,5종,63684
618,남논산상,2015-09,6종,33868
621,동대구,2015-09,1종,895128
621,동대구,2015-09,2종,30112
621,동대구,2015-09,3종,40835
621,동대구,2015-09,4종,23262
621,동대구,2015-09,5종,26501
621,동대구,2015-09,6종,42265
622,대구,2015-09,1종,1295502
622,대구,2015-09,2종,44554
622,대구,2015-09,3종,71035
622,대구,2015-09,4종,53912
622,대구,2015-09,5종,80644
622,대구,2015-09,6종,65285
623,수성,2015-09,1종,831263
623,수성,2015-09,2종,18507
623,수성,2015-09,3종,15985
623,수성,2015-09,4종,8056
623,수성,2015-09,5종,8688
623,수성,2015-09,6종,37173
624,청도,2015-09,1종,253415
624,청도,2015-09,2종,9158
624,청도,2015-09,3종,8284
624,청도,2015-09,4종,6178
624,청도,2015-09,5종,8201
624,청도,2015-09,6종,10530
625,밀양,2015-09,1종,325552
625,밀양,2015-09,2종,13041
625,밀양,2015-09,3종,11894
625,밀양,2015-09,4종,10000
625,밀양,2015-09,5종,11538
625,밀양,2015-09,6종,13715
626,남밀양,2015-09,1종,404444
626,남밀양,2015-09,2종,19716
626,남밀양,2015-09,3종,17437
626,남밀양,2015-09,4종,14535
626,남밀양,2015-09,5종,16529
626,남밀양,2015-09,6종,22433
627,삼랑진,2015-09,1종,256861
627,삼랑진,2015-09,2종,9289
627,삼랑진,2015-09,3종,7348
627,삼랑진,2015-09,4종,5422
627,삼랑진,2015-09,5종,15032
627,삼랑진,2015-09,6종,14749
628,상동,2015-09,1종,225159
628,상동,2015-09,2종,21721
628,상동,2015-09,3종,14450
628,상동,2015-09,4종,21295
628,상동,2015-09,5종,24787
628,상동,2015-09,6종,13163
629,김해부산,2015-09,1종,1315224
629,김해부산,2015-09,2종,58792
629,김해부산,2015-09,3종,74196
629,김해부산,2015-09,4종,73198
629,김해부산,2015-09,5종,97896
629,김해부산,2015-09,6종,71200
641,울산,2015-09,1종,1274476
641,울산,2015-09,2종,43763
641,울산,2015-09,3종,70459
641,울산,2015-09,4종,44797
641,울산,2015-09,5종,113468
641,울산,2015-09,6종,60681
642,문수,2015-09,1종,129356
642,문수,2015-09,2종,4965
642,문수,2015-09,3종,6294
642,문수,2015-09,4종,9494
642,문수,2015-09,5종,24157
642,문수,2015-09,6종,7342
643,청량,2015-09,1종,602312
643,청량,2015-09,2종,12483
643,청량,2015-09,3종,14467
643,청량,2015-09,4종,20148
643,청량,2015-09,5종,69734
643,청량,2015-09,6종,36949
644,온양,2015-09,1종,202242
644,온양,2015-09,2종,4137
644,온양,2015-09,3종,3185
644,온양,2015-09,4종,2975
644,온양,2015-09,5종,10234
644,온양,2015-09,6종,13465
645,장안,2015-09,1종,369445
645,장안,2015-09,2종,7177
645,장안,2015-09,3종,5788
645,장안,2015-09,4종,5526
645,장안,2015-09,5종,17613
645,장안,2015-09,6종,24455
646,기장일광,2015-09,1종,320946
646,기장일광,2015-09,2종,3483
646,기장일광,2015-09,3종,3400
646,기장일광,2015-09,4종,2499
646,기장일광,2015-09,5종,8661
646,기장일광,2015-09,6종,18906
647,해운대송정,2015-09,1종,149028
647,해운대송정,2015-09,2종,1399
647,해운대송정,2015-09,3종,946
647,해운대송정,2015-09,4종,551
647,해운대송정,2015-09,5종,2491
647,해운대송정,2015-09,6종,8761
648,해운대,2015-09,1종,857868
648,해운대,2015-09,2종,8562
648,해운대,2015-09,3종,9567
648,해운대,2015-09,4종,6401
648,해운대,2015-09,5종,35760
648,해운대,2015-09,6종,51145
651,남양주,2015-09,1종,1806747
651,남양주,2015-09,2종,38512
651,남양주,2015-09,3종,69873
651,남양주,2015-09,4종,18982
651,남양주,2015-09,5종,17281
651,남양주,2015-09,6종,97399
652,화도,2015-09,1종,995319
652,화도,2015-09,2종,31585
652,화도,2015-09,3종,34252
652,화도,2015-09,4종,13477
652,화도,2015-09,5종,13238
652,화도,2015-09,6종,71517
653,서종,2015-09,1종,207557
653,서종,2015-09,2종,2025
653,서종,2015-09,3종,1373
653,서종,2015-09,4종,670
653,서종,2015-09,5종,983
653,서종,2015-09,6종,12402
654,설악,2015-09,1종,266859
654,설악,2015-09,2종,3611
654,설악,2015-09,3종,5527
654,설악,2015-09,4종,1450
654,설악,2015-09,5종,2189
654,설악,2015-09,6종,12910
655,강촌,2015-09,1종,163756
655,강촌,2015-09,2종,2040
655,강촌,2015-09,3종,4221
655,강촌,2015-09,4종,1272
655,강촌,2015-09,5종,1247
655,강촌,2015-09,6종,6955
656,남춘천,2015-09,1종,192860
656,남춘천,2015-09,2종,2808
656,남춘천,2015-09,3종,11293
656,남춘천,2015-09,4종,2212
656,남춘천,2015-09,5종,4430
656,남춘천,2015-09,6종,9221
657,동산,2015-09,1종,733678
657,동산,2015-09,2종,10596
657,동산,2015-09,3종,32342
657,동산,2015-09,4종,7176
657,동산,2015-09,5종,8482
657,동산,2015-09,6종,37638
658,조양,2015-09,1종,36291
658,조양,2015-09,2종,593
658,조양,2015-09,3종,425
658,조양,2015-09,4종,424
658,조양,2015-09,5종,678
658,조양,2015-09,6종,1339
671,봉담,2015-09,1종,1048194
671,봉담,2015-09,2종,48890
671,봉담,2015-09,3종,42665
671,봉담,2015-09,4종,21277
671,봉담,2015-09,5종,25267
671,봉담,2015-09,6종,78353
672,정남,2015-09,1종,316718
672,정남,2015-09,2종,17213
672,정남,2015-09,3종,13833
672,정남,2015-09,4종,8628
672,정남,2015-09,5종,4504
672,정남,2015-09,6종,25150
673,북오산,2015-09,1종,669936
673,북오산,2015-09,2종,23036
673,북오산,2015-09,3종,25861
673,북오산,2015-09,4종,19044
673,북오산,2015-09,5종,9764
673,북오산,2015-09,6종,48772
674,,2015-09,1종,789655
674,,2015-09,2종,38109
674,,2015-09,3종,57094
674,,2015-09,4종,22463
674,,2015-09,5종,25562
674,,2015-09,6종,55359
675,서오산,2015-09,1종,742663
675,서오산,2015-09,2종,23435
675,서오산,2015-09,3종,19686
675,서오산,2015-09,4종,18212
675,서오산,2015-09,5종,15328
675,서오산,2015-09,6종,53012
676,향남,2015-09,1종,491400
676,향남,2015-09,2종,32018
676,향남,2015-09,3종,23942
676,향남,2015-09,4종,26909
676,향남,2015-09,5종,14769
676,향남,2015-09,6종,39693
677,북평택,2015-09,1종,877344
677,북평택,2015-09,2종,31676
677,북평택,2015-09,3종,42381
677,북평택,2015-09,4종,17910
677,북평택,2015-09,5종,31286
677,북평택,2015-09,6종,55413
681,장안본선,2015-09,1종,1157740
681,장안본선,2015-09,2종,72424
681,장안본선,2015-09,3종,132282
681,장안본선,2015-09,4종,93604
681,장안본선,2015-09,5종,162634
681,장안본선,2015-09,6종,62098
682,조암,2015-09,1종,350598
682,조암,2015-09,2종,35886
682,조암,2015-09,3종,32994
682,조암,2015-09,4종,22221
682,조암,2015-09,5종,25113
682,조암,2015-09,6종,20494
683,송산마도,2015-09,1종,623999
683,송산마도,2015-09,2종,35772
683,송산마도,2015-09,3종,28770
683,송산마도,2015-09,4종,21585
683,송산마도,2015-09,5종,40047
683,송산마도,2015-09,6종,36458
684,남안산,2015-09,1종,723170
684,남안산,2015-09,2종,66382
684,남안산,2015-09,3종,61782
684,남안산,2015-09,4종,49961
684,남안산,2015-09,5종,71946
684,남안산,2015-09,6종,49777
685,서시흥,2015-09,1종,1353279
685,서시흥,2015-09,2종,70583
685,서시흥,2015-09,3종,109638
685,서시흥,2015-09,4종,68753
685,서시흥,2015-09,5종,142952
685,서시흥,2015-09,6종,76042
981,서영암,2015-09,1종,272858
981,서영암,2015-09,2종,5301
981,서영암,2015-09,3종,9692
981,서영암,2015-09,4종,6491
981,서영암,2015-09,5종,15914
981,서영암,2015-09,6종,8052
982,강진무위사,2015-09,1종,176657
982,강진무위사,2015-09,2종,3594
982,강진무위사,2015-09,3종,6095
982,강진무위사,2015-09,4종,3096
982,강진무위사,2015-09,5종,4568
982,강진무위사,2015-09,6종,4836
983,장흥,2015-09,1종,120247
983,장흥,2015-09,2종,1946
983,장흥,2015-09,3종,2678
983,장흥,2015-09,4종,970
983,장흥,2015-09,5종,1235
983,장흥,2015-09,6종,3325
984,보성,2015-09,1종,220702
984,보성,2015-09,2종,6675
984,보성,2015-09,3종,6835
984,보성,2015-09,4종,5081
984,보성,2015-09,5종,11291
984,보성,2015-09,6종,5871
985,벌교,2015-09,1종,160670
985,벌교,2015-09,2종,4153
985,벌교,2015-09,3종,3475
985,벌교,2015-09,4종,1890
985,벌교,2015-09,5종,3074
985,벌교,2015-09,6종,4055
986,고흥,2015-09,1종,218225
986,고흥,2015-09,2종,3748
986,고흥,2015-09,3종,4818
986,고흥,2015-09,4종,3619
986,고흥,2015-09,5종,4635
986,고흥,2015-09,6종,6584
987,남순천,2015-09,1종,558941
987,남순천,2015-09,2종,11960
987,남순천,2015-09,3종,17677
987,남순천,2015-09,4종,14320
987,남순천,2015-09,5종,31304
987,남순천,2015-09,6종,15860
11,인천,2015-10,1종,3877874
11,인천,2015-10,2종,128538
11,인천,2015-10,3종,97541
11,인천,2015-10,4종,71976
11,인천,2015-10,5종,144710
11,인천,2015-10,6종,351373
12,서영암(개),2015-10,1종,45626
12,서영암(개),2015-10,2종,933
12,서영암(개),2015-10,3종,1184
12,서영암(개),2015-10,4종,539
12,서영암(개),2015-10,5종,663
12,서영암(개),2015-10,6종,2480
13,순천만,2015-10,1종,159046
13,순천만,2015-10,2종,5156
13,순천만,2015-10,3종,7864
13,순천만,2015-10,4종,2921
13,순천만,2015-10,5종,7971
13,순천만,2015-10,6종,7493
29,가락(개),2015-10,1종,771498
29,가락(개),2015-10,2종,22718
29,가락(개),2015-10,3종,23754
29,가락(개),2015-10,4종,25624
29,가락(개),2015-10,5종,103611
29,가락(개),2015-10,6종,63969
53,남인천,2015-10,1종,1852131
53,남인천,2015-10,2종,47067
53,남인천,2015-10,3종,64154
53,남인천,2015-10,4종,23211
53,남인천,2015-10,5종,69543
53,남인천,2015-10,6종,156124
56,일로,2015-10,1종,37538
56,일로,2015-10,2종,2297
56,일로,2015-10,3종,671
56,일로,2015-10,4종,804
56,일로,2015-10,5종,1599
56,일로,2015-10,6종,2375
61,성남,2015-10,1종,4141238
61,성남,2015-10,2종,164772
61,성남,2015-10,3종,182204
61,성남,2015-10,4종,112427
61,성남,2015-10,5종,94662
61,성남,2015-10,6종,289356
62,구리남양주,2015-10,1종,5214329
62,구리남양주,2015-10,2종,217626
62,구리남양주,2015-10,3종,216772
62,구리남양주,2015-10,4종,156547
62,구리남양주,2015-10,5종,122629
62,구리남양주,2015-10,6종,384880
63,토평,2015-10,1종,506766
63,토평,2015-10,2종,15841
63,토평,2015-10,3종,10050
63,토평,2015-10,4종,14012
63,토평,2015-10,5종,8491
63,토평,2015-10,6종,41342
64,청계,2015-10,1종,4896640
64,청계,2015-10,2종,164432
64,청계,2015-10,3종,174003
64,청계,2015-10,4종,58032
64,청계,2015-10,5종,90718
64,청계,2015-10,6종,369218
65,판교,2015-10,1종,3057184
65,판교,2015-10,2종,46786
65,판교,2015-10,3종,190496
65,판교,2015-10,4종,17122
65,판교,2015-10,5종,17636
65,판교,2015-10,6종,179373
66,하남,2015-10,1종,901961
66,하남,2015-10,2종,30053
66,하남,2015-10,3종,20613
66,하남,2015-10,4종,9770
66,하남,2015-10,5종,12316
66,하남,2015-10,6종,70489
67,시흥,2015-10,1종,4106923
67,시흥,2015-10,2종,142990
67,시흥,2015-10,3종,152601
67,시흥,2015-10,4종,84998
67,시흥,2015-10,5종,88191
67,시흥,2015-10,6종,313219
68,김포,2015-10,1종,4959760
68,김포,2015-10,2종,188052
68,김포,2015-10,3종,169237
68,김포,2015-10,4종,91185
68,김포,2015-10,5종,130479
68,김포,2015-10,6종,402200
69,대왕판교,2015-10,1종,229959
69,대왕판교,2015-10,2종,1586
69,대왕판교,2015-10,3종,226
69,대왕판교,2015-10,4종,42
69,대왕판교,2015-10,5종,16
69,대왕판교,2015-10,6종,13456
74,덕소삼패,2015-10,1종,340102
74,덕소삼패,2015-10,2종,7083
74,덕소삼패,2015-10,3종,6562
74,덕소삼패,2015-10,4종,12410
74,덕소삼패,2015-10,5종,13309
74,덕소삼패,2015-10,6종,27674
91,대동(개),2015-10,1종,139855
91,대동(개),2015-10,2종,10787
91,대동(개),2015-10,3종,6433
91,대동(개),2015-10,4종,25976
91,대동(개),2015-10,5종,11836
91,대동(개),2015-10,6종,9686
92,내서,2015-10,1종,236570
92,내서,2015-10,2종,8839
92,내서,2015-10,3종,11724
92,내서,2015-10,4종,3584
92,내서,2015-10,5종,7938
92,내서,2015-10,6종,21848
101,서울,2015-10,1종,5658057
101,서울,2015-10,2종,197175
101,서울,2015-10,3종,662412
101,서울,2015-10,4종,103993
101,서울,2015-10,5종,66060
101,서울,2015-10,6종,265848
102,동수원,2015-10,1종,2283235
102,동수원,2015-10,2종,43824
102,동수원,2015-10,3종,100379
102,동수원,2015-10,4종,16378
102,동수원,2015-10,5종,48520
102,동수원,2015-10,6종,146756
103,수원신갈,2015-10,1종,2566236
103,수원신갈,2015-10,2종,100678
103,수원신갈,2015-10,3종,183135
103,수원신갈,2015-10,4종,43734
103,수원신갈,2015-10,5종,28850
103,수원신갈,2015-10,6종,144575
104,지곡,2015-10,1종,48579
104,지곡,2015-10,2종,1832
104,지곡,2015-10,3종,2872
104,지곡,2015-10,4종,2343
104,지곡,2015-10,5종,2432
104,지곡,2015-10,6종,1691
105,기흥,2015-10,1종,532820
105,기흥,2015-10,2종,25263
105,기흥,2015-10,3종,19245
105,기흥,2015-10,4종,11653
105,기흥,2015-10,5종,11666
105,기흥,2015-10,6종,29790
106,오산,2015-10,1종,1254689
106,오산,2015-10,2종,88734
106,오산,2015-10,3종,113029
106,오산,2015-10,4종,51064
106,오산,2015-10,5종,37102
106,오산,2015-10,6종,78263
107,안성,2015-10,1종,957074
107,안성,2015-10,2종,34515
107,안성,2015-10,3종,61240
107,안성,2015-10,4종,18402
107,안성,2015-10,5종,14202
107,안성,2015-10,6종,62483
108,천안,2015-10,1종,1634508
108,천안,2015-10,2종,49159
108,천안,2015-10,3종,120230
108,천안,2015-10,4종,40229
108,천안,2015-10,5종,31918
108,천안,2015-10,6종,84449
109,계룡,2015-10,1종,148576
109,계룡,2015-10,2종,9366
109,계룡,2015-10,3종,12148
109,계룡,2015-10,4종,9256
109,계룡,2015-10,5종,5088
109,계룡,2015-10,6종,8456
110,독립기념관,2015-10,1종,342695
110,독립기념관,2015-10,2종,19563
110,독립기념관,2015-10,3종,28309
110,독립기념관,2015-10,4종,20355
110,독립기념관,2015-10,5종,15074
110,독립기념관,2015-10,6종,14664
111,청주,2015-10,1종,533344
111,청주,2015-10,2종,22007
111,청주,2015-10,3종,55204
111,청주,2015-10,4종,17167
111,청주,2015-10,5종,20720
111,청주,2015-10,6종,27343
112,남청주,2015-10,1종,551618
112,남청주,2015-10,2종,42763
112,남청주,2015-10,3종,44246
112,남청주,2015-10,4종,51143
112,남청주,2015-10,5종,46319
112,남청주,2015-10,6종,25169
113,신탄진,2015-10,1종,799979
113,신탄진,2015-10,2종,43821
113,신탄진,2015-10,3종,39463
113,신탄진,2015-10,4종,62786
113,신탄진,2015-10,5종,55053
113,신탄진,2015-10,6종,43024
114,남대전,2015-10,1종,358628
114,남대전,2015-10,2종,14256
114,남대전,2015-10,3종,14819
114,남대전,2015-10,4종,6727
114,남대전,2015-10,5종,10209
114,남대전,2015-10,6종,17738
115,대전,2015-10,1종,1464569
115,대전,2015-10,2종,41855
115,대전,2015-10,3종,90753
115,대전,2015-10,4종,18264
115,대전,2015-10,5종,15957
115,대전,2015-10,6종,80544
116,옥천,2015-10,1종,417862
116,옥천,2015-10,2종,22902
116,옥천,2015-10,3종,24794
116,옥천,2015-10,4종,40997
116,옥천,2015-10,5종,24215
116,옥천,2015-10,6종,24775
117,금강,2015-10,1종,42604
117,금강,2015-10,2종,1426
117,금강,2015-10,3종,1570
117,금강,2015-10,4종,3688
117,금강,2015-10,5종,2053
117,금강,2015-10,6종,2166
118,영동,2015-10,1종,103414
118,영동,2015-10,2종,4938
118,영동,2015-10,3종,6229
118,영동,2015-10,4종,3412
118,영동,2015-10,5종,7774
118,영동,2015-10,6종,4126
119,판암,2015-10,1종,532538
119,판암,2015-10,2종,16394
119,판암,2015-10,3종,14378
119,판암,2015-10,4종,7491
119,판암,2015-10,5종,8245
119,판암,2015-10,6종,32503
120,황간,2015-10,1종,93064
120,황간,2015-10,2종,3102
120,황간,2015-10,3종,5731
120,황간,2015-10,4종,4901
120,황간,2015-10,5종,6588
120,황간,2015-10,6종,3625
121,추풍령,2015-10,1종,47317
121,추풍령,2015-10,2종,1650
121,추풍령,2015-10,3종,3151
121,추풍령,2015-10,4종,1257
121,추풍령,2015-10,5종,1804
121,추풍령,2015-10,6종,2101
122,김천,2015-10,1종,245593
122,김천,2015-10,2종,7707
122,김천,2015-10,3종,13819
122,김천,2015-10,4종,10014
122,김천,2015-10,5종,9291
122,김천,2015-10,6종,11312
123,구미,2015-10,1종,884803
123,구미,2015-10,2종,21671
123,구미,2015-10,3종,45230
123,구미,2015-10,4종,20790
123,구미,2015-10,5종,19212
123,구미,2015-10,6종,43043
124,상주,2015-10,1종,141401
124,상주,2015-10,2종,5961
124,상주,2015-10,3종,7472
124,상주,2015-10,4종,7128
124,상주,2015-10,5종,9792
124,상주,2015-10,6종,4926
125,남구미,2015-10,1종,586869
125,남구미,2015-10,2종,21853
125,남구미,2015-10,3종,37358
125,남구미,2015-10,4종,23605
125,남구미,2015-10,5종,40071
125,남구미,2015-10,6종,32606
126,왜관,2015-10,1종,694590
126,왜관,2015-10,2종,45703
126,왜관,2015-10,3종,41476
126,왜관,2015-10,4종,27015
126,왜관,2015-10,5종,36915
126,왜관,2015-10,6종,32384
127,서대구,2015-10,1종,2109712
127,서대구,2015-10,2종,92613
127,서대구,2015-10,3종,119494
127,서대구,2015-10,4종,57533
127,서대구,2015-10,5종,68913
127,서대구,2015-10,6종,92714
128,금왕꽃동네,2015-10,1종,141552
128,금왕꽃동네,2015-10,2종,11290
128,금왕꽃동네,2015-10,3종,15562
128,금왕꽃동네,2015-10,4종,10991
128,금왕꽃동네,2015-10,5종,16052
128,금왕꽃동네,2015-10,6종,6588
129,북대구,2015-10,1종,1969938
129,북대구,2015-10,2종,64630
129,북대구,2015-10,3종,67348
129,북대구,2015-10,4종,28863
129,북대구,2015-10,5종,32672
129,북대구,2015-10,6종,85681
130,동김천,2015-10,1종,209270
130,동김천,2015-10,2종,7595
130,동김천,2015-10,3종,14115
130,동김천,2015-10,4종,10268
130,동김천,2015-10,5종,22866
130,동김천,2015-10,6종,8301
131,경산,2015-10,1종,937377
131,경산,2015-10,2종,79359
131,경산,2015-10,3종,65471
131,경산,2015-10,4종,49770
131,경산,2015-10,5종,43019
131,경산,2015-10,6종,52397
132,영천,2015-10,1종,478750
132,영천,2015-10,2종,26808
132,영천,2015-10,3종,35790
132,영천,2015-10,4종,27631
132,영천,2015-10,5종,44889
132,영천,2015-10,6종,18642
133,서경주,2015-10,1종,199456
133,서경주,2015-10,2종,8544
133,서경주,2015-10,3종,17618
133,서경주,2015-10,4종,11079
133,서경주,2015-10,5종,32314
133,서경주,2015-10,6종,6852
134,선산,2015-10,1종,99191
134,선산,2015-10,2종,5491
134,선산,2015-10,3종,6503
134,선산,2015-10,4종,5512
134,선산,2015-10,5종,12245
134,선산,2015-10,6종,3340
135,경주,2015-10,1종,1015558
135,경주,2015-10,2종,40902
135,경주,2015-10,3종,87951
135,경주,2015-10,4종,50067
135,경주,2015-10,5종,103693
135,경주,2015-10,6종,38922
136,음성,2015-10,1종,198104
136,음성,2015-10,2종,10420
136,음성,2015-10,3종,15002
136,음성,2015-10,4종,9490
136,음성,2015-10,5종,13225
136,음성,2015-10,6종,7578
137,통도사,2015-10,1종,329837
137,통도사,2015-10,2종,17516
137,통도사,2015-10,3종,17585
137,통도사,2015-10,4종,13197
137,통도사,2015-10,5종,17816
137,통도사,2015-10,6종,15953
138,양산,2015-10,1종,752043
138,양산,2015-10,2종,77095
138,양산,2015-10,3종,51511
138,양산,2015-10,4종,53736
138,양산,2015-10,5종,66233
138,양산,2015-10,6종,41521
139,서울산,2015-10,1종,582119
139,서울산,2015-10,2종,28072
139,서울산,2015-10,3종,37745
139,서울산,2015-10,4종,18190
139,서울산,2015-10,5종,29283
139,서울산,2015-10,6종,29557
140,부산,2015-10,1종,1895634
140,부산,2015-10,2종,68065
140,부산,2015-10,3종,61928
140,부산,2015-10,4종,35047
140,부산,2015-10,5종,62843
140,부산,2015-10,6종,107671
142,군북,2015-10,1종,403158
142,군북,2015-10,2종,15757
142,군북,2015-10,3종,19047
142,군북,2015-10,4종,11788
142,군북,2015-10,5종,25559
142,군북,2015-10,6종,25054
143,장지,2015-10,1종,117882
143,장지,2015-10,2종,5289
143,장지,2015-10,3종,6475
143,장지,2015-10,4종,4805
143,장지,2015-10,5종,18211
143,장지,2015-10,6종,8291
144,함안,2015-10,1종,257585
144,함안,2015-10,2종,10374
144,함안,2015-10,3종,11552
144,함안,2015-10,4종,7713
144,함안,2015-10,5종,19239
144,함안,2015-10,6종,18003
145,산인,2015-10,1종,892614
145,산인,2015-10,2종,20807
145,산인,2015-10,3종,44760
145,산인,2015-10,4종,15274
145,산인,2015-10,5종,24701
145,산인,2015-10,6종,49839
146,동창원,2015-10,1종,634791
146,동창원,2015-10,2종,29683
146,동창원,2015-10,3종,26878
146,동창원,2015-10,4종,23480
146,동창원,2015-10,5종,29950
146,동창원,2015-10,6종,43183
147,진례,2015-10,1종,513753
147,진례,2015-10,2종,35078
147,진례,2015-10,3종,27634
147,진례,2015-10,4종,23905
147,진례,2015-10,5종,30692
147,진례,2015-10,6종,33118
148,서김해,2015-10,1종,868426
148,서김해,2015-10,2종,33909
148,서김해,2015-10,3종,32723
148,서김해,2015-10,4종,21222
148,서김해,2015-10,5종,30290
148,서김해,2015-10,6종,60328
149,동김해,2015-10,1종,1320798
149,동김해,2015-10,2종,42302
149,동김해,2015-10,3종,38441
149,동김해,2015-10,4종,16400
149,동김해,2015-10,5종,17374
149,동김해,2015-10,6종,99933
150,북부산,2015-10,1종,2004672
150,북부산,2015-10,2종,40636
150,북부산,2015-10,3종,51896
150,북부산,2015-10,4종,17714
150,북부산,2015-10,5종,44163
150,북부산,2015-10,6종,133923
151,북대전,2015-10,1종,763332
151,북대전,2015-10,2종,17457
151,북대전,2015-10,3종,38443
151,북대전,2015-10,4종,20104
151,북대전,2015-10,5종,21331
151,북대전,2015-10,6종,43575
152,유성,2015-10,1종,1191801
152,유성,2015-10,2종,26223
152,유성,2015-10,3종,46286
152,유성,2015-10,4종,18948
152,유성,2015-10,5종,12711
152,유성,2015-10,6종,56202
153,서대전,2015-10,1종,809569
153,서대전,2015-10,2종,24399
153,서대전,2015-10,3종,26178
153,서대전,2015-10,4종,18238
153,서대전,2015-10,5종,17212
153,서대전,2015-10,6종,47991
154,안영,2015-10,1종,493689
154,안영,2015-10,2종,17973
154,안영,2015-10,3종,17975
154,안영,2015-10,4종,7476
154,안영,2015-10,5종,12501
154,안영,2015-10,6종,26738
155,논산,2015-10,1종,235632
155,논산,2015-10,2종,17180
155,논산,2015-10,3종,19817
155,논산,2015-10,4종,15153
155,논산,2015-10,5종,14538
155,논산,2015-10,6종,10896
156,익산,2015-10,1종,294122
156,익산,2015-10,2종,20419
156,익산,2015-10,3종,32596
156,익산,2015-10,4종,20126
156,익산,2015-10,5종,27637
156,익산,2015-10,6종,9703
157,삼례,2015-10,1종,130142
157,삼례,2015-10,2종,8456
157,삼례,2015-10,3종,10536
157,삼례,2015-10,4종,7739
157,삼례,2015-10,5종,11956
157,삼례,2015-10,6종,4087
158,전주,2015-10,1종,500222
158,전주,2015-10,2종,18376
158,전주,2015-10,3종,57095
158,전주,2015-10,4종,21423
158,전주,2015-10,5종,39111
158,전주,2015-10,6종,16321
159,서전주,2015-10,1종,317727
159,서전주,2015-10,2종,13213
159,서전주,2015-10,3종,15242
159,서전주,2015-10,4종,7890
159,서전주,2015-10,5종,7311
159,서전주,2015-10,6종,10273
160,김제,2015-10,1종,137108
160,김제,2015-10,2종,7872
160,김제,2015-10,3종,10312
160,김제,2015-10,4종,4930
160,김제,2015-10,5종,5132
160,김제,2015-10,6종,4485
161,금산사,2015-10,1종,37954
161,금산사,2015-10,2종,2224
161,금산사,2015-10,3종,2605
161,금산사,2015-10,4종,677
161,금산사,2015-10,5종,2051
161,금산사,2015-10,6종,1101
162,태인,2015-10,1종,102982
162,태인,2015-10,2종,5882
162,태인,2015-10,3종,10936
162,태인,2015-10,4종,5936
162,태인,2015-10,5종,5517
162,태인,2015-10,6종,3328
163,정읍,2015-10,1종,263696
163,정읍,2015-10,2종,15836
163,정읍,2015-10,3종,25153
163,정읍,2015-10,4종,11062
163,정읍,2015-10,5종,10536
163,정읍,2015-10,6종,8083
164,무주,2015-10,1종,173083
164,무주,2015-10,2종,4729
164,무주,2015-10,3종,7806
164,무주,2015-10,4종,3052
164,무주,2015-10,5종,3696
164,무주,2015-10,6종,6276
165,백양사,2015-10,1종,89769
165,백양사,2015-10,2종,2077
165,백양사,2015-10,3종,4708
165,백양사,2015-10,4종,2056
165,백양사,2015-10,5종,1511
165,백양사,2015-10,6종,2547
166,장성,2015-10,1종,178171
166,장성,2015-10,2종,12667
166,장성,2015-10,3종,19693
166,장성,2015-10,4종,12562
166,장성,2015-10,5종,14030
166,장성,2015-10,6종,6402
167,광주,2015-10,1종,1086655
167,광주,2015-10,2종,37252
167,광주,2015-10,3종,89092
167,광주,2015-10,4종,46021
167,광주,2015-10,5종,28698
167,광주,2015-10,6종,33419
168,덕유산,2015-10,1종,63015
168,덕유산,2015-10,2종,1914
168,덕유산,2015-10,3종,2195
168,덕유산,2015-10,4종,860
168,덕유산,2015-10,5종,2183
168,덕유산,2015-10,6종,1887
169,장수,2015-10,1종,122077
169,장수,2015-10,2종,4746
169,장수,2015-10,3종,5509
169,장수,2015-10,4종,2891
169,장수,2015-10,5종,2816
169,장수,2015-10,6종,3746
170,서상,2015-10,1종,55028
170,서상,2015-10,2종,2843
170,서상,2015-10,3종,4961
170,서상,2015-10,4종,3930
170,서상,2015-10,5종,4254
170,서상,2015-10,6종,2150
171,마성,2015-10,1종,399495
171,마성,2015-10,2종,6609
171,마성,2015-10,3종,30671
171,마성,2015-10,4종,1910
171,마성,2015-10,5종,2415
171,마성,2015-10,6종,21993
172,용인,2015-10,1종,991925
172,용인,2015-10,2종,67367
172,용인,2015-10,3종,47146
172,용인,2015-10,4종,24838
172,용인,2015-10,5종,18480
172,용인,2015-10,6종,66448
173,양지,2015-10,1종,959294
173,양지,2015-10,2종,102167
173,양지,2015-10,3종,76639
173,양지,2015-10,4종,66489
173,양지,2015-10,5종,50409
173,양지,2015-10,6종,54667
174,춘천,2015-10,1종,812603
174,춘천,2015-10,2종,22472
174,춘천,2015-10,3종,34728
174,춘천,2015-10,4종,9231
174,춘천,2015-10,5종,10061
174,춘천,2015-10,6종,51108
175,덕평,2015-10,1종,350590
175,덕평,2015-10,2종,45379
175,덕평,2015-10,3종,30078
175,덕평,2015-10,4종,26350
175,덕평,2015-10,5종,12596
175,덕평,2015-10,6종,22110
176,이천,2015-10,1종,682893
176,이천,2015-10,2종,37705
176,이천,2015-10,3종,56173
176,이천,2015-10,4종,47393
176,이천,2015-10,5종,41712
176,이천,2015-10,6종,33063
177,여주,2015-10,1종,439653
177,여주,2015-10,2종,16118
177,여주,2015-10,3종,44238
177,여주,2015-10,4종,24991
177,여주,2015-10,5종,15327
177,여주,2015-10,6종,18607
178,문막,2015-10,1종,398627
178,문막,2015-10,2종,24008
178,문막,2015-10,3종,41978
178,문막,2015-10,4종,17392
178,문막,2015-10,5종,19456
178,문막,2015-10,6종,17975
179,홍천,2015-10,1종,368700
179,홍천,2015-10,2종,11412
179,홍천,2015-10,3종,22417
179,홍천,2015-10,4종,8562
179,홍천,2015-10,5종,8522
179,홍천,2015-10,6종,24984
180,원주,2015-10,1종,283893
180,원주,2015-10,2종,15428
180,원주,2015-10,3종,22476
180,원주,2015-10,4종,10336
180,원주,2015-10,5종,11265
180,원주,2015-10,6종,14775
181,새말,2015-10,1종,255913
181,새말,2015-10,2종,9170
181,새말,2015-10,3종,17765
181,새말,2015-10,4종,10574
181,새말,2015-10,5종,7284
181,새말,2015-10,6종,9370
182,둔내,2015-10,1종,127717
182,둔내,2015-10,2종,4146
182,둔내,2015-10,3종,7358
182,둔내,2015-10,4종,6686
182,둔내,2015-10,5종,3076
182,둔내,2015-10,6종,5389
183,면온,2015-10,1종,96100
183,면온,2015-10,2종,1919
183,면온,2015-10,3종,4088
183,면온,2015-10,4종,3554
183,면온,2015-10,5종,5145
183,면온,2015-10,6종,3179
184,대관령,2015-10,1종,287968
184,대관령,2015-10,2종,6779
184,대관령,2015-10,3종,21409
184,대관령,2015-10,4종,4789
184,대관령,2015-10,5종,6213
184,대관령,2015-10,6종,12531
185,평창,2015-10,1종,167364
185,평창,2015-10,2종,5400
185,평창,2015-10,3종,18223
185,평창,2015-10,4종,5762
185,평창,2015-10,5종,5383
185,평창,2015-10,6종,7095
186,속사,2015-10,1종,48785
186,속사,2015-10,2종,2177
186,속사,2015-10,3종,3086
186,속사,2015-10,4종,4001
186,속사,2015-10,5종,4570
186,속사,2015-10,6종,1683
187,진부,2015-10,1종,197176
187,진부,2015-10,2종,7372
187,진부,2015-10,3종,18921
187,진부,2015-10,4종,5921
187,진부,2015-10,5종,6790
187,진부,2015-10,6종,7873
188,서충주,2015-10,1종,131075
188,서충주,2015-10,2종,6594
188,서충주,2015-10,3종,10293
188,서충주,2015-10,4종,7994
188,서충주,2015-10,5종,9168
188,서충주,2015-10,6종,5538
189,강릉,2015-10,1종,581880
189,강릉,2015-10,2종,15663
189,강릉,2015-10,3종,48866
189,강릉,2015-10,4종,10783
189,강릉,2015-10,5종,16105
189,강릉,2015-10,6종,28622
190,동서울,2015-10,1종,3607936
190,동서울,2015-10,2종,192685
190,동서울,2015-10,3종,257792
190,동서울,2015-10,4종,124498
190,동서울,2015-10,5종,77033
190,동서울,2015-10,6종,172596
191,경기광주,2015-10,1종,848421
191,경기광주,2015-10,2종,47803
191,경기광주,2015-10,3종,44480
191,경기광주,2015-10,4종,13764
191,경기광주,2015-10,5종,6367
191,경기광주,2015-10,6종,60992
192,곤지암,2015-10,1종,923029
192,곤지암,2015-10,2종,74286
192,곤지암,2015-10,3종,60490
192,곤지암,2015-10,4종,41132
192,곤지암,2015-10,5종,25012
192,곤지암,2015-10,6종,51886
193,일죽,2015-10,1종,507096
193,일죽,2015-10,2종,37064
193,일죽,2015-10,3종,45124
193,일죽,2015-10,4종,37050
193,일죽,2015-10,5종,21162
193,일죽,2015-10,6종,20852
194,서이천,2015-10,1종,571805
194,서이천,2015-10,2종,63831
194,서이천,2015-10,3종,59153
194,서이천,2015-10,4종,37643
194,서이천,2015-10,5종,19170
194,서이천,2015-10,6종,33236
195,대소,2015-10,1종,288681
195,대소,2015-10,2종,40520
195,대소,2015-10,3종,45898
195,대소,2015-10,4종,33788
195,대소,2015-10,5종,24664
195,대소,2015-10,6종,13668
196,진천,2015-10,1종,288140
196,진천,2015-10,2종,18074
196,진천,2015-10,3종,22879
196,진천,2015-10,4종,18865
196,진천,2015-10,5종,19961
196,진천,2015-10,6종,13040
197,증평,2015-10,1종,396008
197,증평,2015-10,2종,22599
197,증평,2015-10,3종,29932
197,증평,2015-10,4종,18939
197,증평,2015-10,5종,18662
197,증평,2015-10,6종,17440
198,서청주,2015-10,1종,859246
198,서청주,2015-10,2종,34907
198,서청주,2015-10,3종,48103
198,서청주,2015-10,4종,30680
198,서청주,2015-10,5종,21869
198,서청주,2015-10,6종,44565
199,오창,2015-10,1종,581856
199,오창,2015-10,2종,22848
199,오창,2015-10,3종,37528
199,오창,2015-10,4종,21687
199,오창,2015-10,5종,20699
199,오창,2015-10,6종,28707
200,금산,2015-10,1종,197668
200,금산,2015-10,2종,4464
200,금산,2015-10,3종,9837
200,금산,2015-10,4종,4857
200,금산,2015-10,5종,6778
200,금산,2015-10,6종,8584
201,칠곡,2015-10,1종,675612
201,칠곡,2015-10,2종,26995
201,칠곡,2015-10,3종,25284
201,칠곡,2015-10,4종,10005
201,칠곡,2015-10,5종,14508
201,칠곡,2015-10,6종,34899
202,다부,2015-10,1종,139265
202,다부,2015-10,2종,7932
202,다부,2015-10,3종,6835
202,다부,2015-10,4종,3232
202,다부,2015-10,5종,9255
202,다부,2015-10,6종,5414
203,가산,2015-10,1종,595966
203,가산,2015-10,2종,23632
203,가산,2015-10,3종,26212
203,가산,2015-10,4종,16699
203,가산,2015-10,5종,38518
203,가산,2015-10,6종,24150
204,추부,2015-10,1종,215519
204,추부,2015-10,2종,9408
204,추부,2015-10,3종,13755
204,추부,2015-10,4종,5578
204,추부,2015-10,5종,5987
204,추부,2015-10,6종,12312
205,군위,2015-10,1종,171627
205,군위,2015-10,2종,6355
205,군위,2015-10,3종,5840
205,군위,2015-10,4종,4035
205,군위,2015-10,5종,14129
205,군위,2015-10,6종,7077
206,의성,2015-10,1종,188948
206,의성,2015-10,2종,5489
206,의성,2015-10,3종,5625
206,의성,2015-10,4종,2449
206,의성,2015-10,5종,5184
206,의성,2015-10,6종,6423
207,남안동,2015-10,1종,320210
207,남안동,2015-10,2종,9819
207,남안동,2015-10,3종,10476
207,남안동,2015-10,4종,5438
207,남안동,2015-10,5종,8676
207,남안동,2015-10,6종,11672
208,서안동,2015-10,1종,249520
208,서안동,2015-10,2종,8005
208,서안동,2015-10,3종,21702
208,서안동,2015-10,4종,6134
208,서안동,2015-10,5종,10140
208,서안동,2015-10,6종,8106
209,예천,2015-10,1종,32294
209,예천,2015-10,2종,712
209,예천,2015-10,3종,660
209,예천,2015-10,4종,255
209,예천,2015-10,5종,827
209,예천,2015-10,6종,1022
210,영주,2015-10,1종,158509
210,영주,2015-10,2종,5525
210,영주,2015-10,3종,9354
210,영주,2015-10,4종,5177
210,영주,2015-10,5종,14140
210,영주,2015-10,6종,5116
211,풍기,2015-10,1종,262802
211,풍기,2015-10,2종,7073
211,풍기,2015-10,3종,20871
211,풍기,2015-10,4종,6310
211,풍기,2015-10,5종,10832
211,풍기,2015-10,6종,9077
212,북수원,2015-10,1종,1398031
212,북수원,2015-10,2종,43363
212,북수원,2015-10,3종,63331
212,북수원,2015-10,4종,26918
212,북수원,2015-10,5종,26414
212,북수원,2015-10,6종,85634
213,부곡,2015-10,1종,413962
213,부곡,2015-10,2종,12602
213,부곡,2015-10,3종,10807
213,부곡,2015-10,4종,17202
213,부곡,2015-10,5종,68494
213,부곡,2015-10,6종,28594
214,동군포,2015-10,1종,242366
214,동군포,2015-10,2종,27393
214,동군포,2015-10,3종,20521
214,동군포,2015-10,4종,41192
214,동군포,2015-10,5종,23810
214,동군포,2015-10,6종,18708
215,군포,2015-10,1종,1089084
215,군포,2015-10,2종,50846
215,군포,2015-10,3종,47562
215,군포,2015-10,4종,22291
215,군포,2015-10,5종,31493
215,군포,2015-10,6종,81126
216,횡성,2015-10,1종,234206
216,횡성,2015-10,2종,8388
216,횡성,2015-10,3종,12909
216,횡성,2015-10,4종,5771
216,횡성,2015-10,5종,7879
216,횡성,2015-10,6종,11436
217,북원주,2015-10,1종,78964
217,북원주,2015-10,2종,6529
217,북원주,2015-10,3종,5089
217,북원주,2015-10,4종,2478
217,북원주,2015-10,5종,3075
217,북원주,2015-10,6종,5415
218,남원주,2015-10,1종,607851
218,남원주,2015-10,2종,17940
218,남원주,2015-10,3종,33156
218,남원주,2015-10,4종,9452
218,남원주,2015-10,5종,9819
218,남원주,2015-10,6종,31588
219,신림,2015-10,1종,120510
219,신림,2015-10,2종,3586
219,신림,2015-10,3종,4655
219,신림,2015-10,4종,4221
219,신림,2015-10,5종,8256
219,신림,2015-10,6종,4801
220,덕평휴게소,2015-10,1종,6879
220,덕평휴게소,2015-10,2종,163
220,덕평휴게소,2015-10,3종,51
220,덕평휴게소,2015-10,4종,0
220,덕평휴게소,2015-10,5종,14
220,덕평휴게소,2015-10,6종,573
221,생초,2015-10,1종,65810
221,생초,2015-10,2종,2505
221,생초,2015-10,3종,4361
221,생초,2015-10,4종,2822
221,생초,2015-10,5종,9813
221,생초,2015-10,6종,2275
222,산청,2015-10,1종,69236
222,산청,2015-10,2종,2141
222,산청,2015-10,3종,3931
222,산청,2015-10,4종,1460
222,산청,2015-10,5종,2167
222,산청,2015-10,6종,2504
223,단성,2015-10,1종,116116
223,단성,2015-10,2종,2610
223,단성,2015-10,3종,7674
223,단성,2015-10,4종,3202
223,단성,2015-10,5종,4353
223,단성,2015-10,6종,4391
224,함양,2015-10,1종,115728
224,함양,2015-10,2종,3744
224,함양,2015-10,3종,9143
224,함양,2015-10,4종,2068
224,함양,2015-10,5종,4105
224,함양,2015-10,6종,5101
225,서진주,2015-10,1종,385783
225,서진주,2015-10,2종,8825
225,서진주,2015-10,3종,10994
225,서진주,2015-10,4종,5728
225,서진주,2015-10,5종,11435
225,서진주,2015-10,6종,21966
227,군산,2015-10,1종,328330
227,군산,2015-10,2종,8394
227,군산,2015-10,3종,21573
227,군산,2015-10,4종,15158
227,군산,2015-10,5종,37773
227,군산,2015-10,6종,10002
228,동군산,2015-10,1종,285748
228,동군산,2015-10,2종,10133
228,동군산,2015-10,3종,18331
228,동군산,2015-10,4종,9647
228,동군산,2015-10,5종,20069
228,동군산,2015-10,6종,8319
229,북천안,2015-10,1종,421688
229,북천안,2015-10,2종,32086
229,북천안,2015-10,3종,43114
229,북천안,2015-10,4종,47048
229,북천안,2015-10,5종,47611
229,북천안,2015-10,6종,24182
230,팔공산,2015-10,1종,779318
230,팔공산,2015-10,2종,27909
230,팔공산,2015-10,3종,19407
230,팔공산,2015-10,4종,10147
230,팔공산,2015-10,5종,11532
230,팔공산,2015-10,6종,37666
231,화원옥포,2015-10,1종,674187
231,화원옥포,2015-10,2종,35385
231,화원옥포,2015-10,3종,23627
231,화원옥포,2015-10,4종,12196
231,화원옥포,2015-10,5종,15618
231,화원옥포,2015-10,6종,35809
232,달성,2015-10,1종,314350
232,달성,2015-10,2종,19819
232,달성,2015-10,3종,23983
232,달성,2015-10,4종,6737
232,달성,2015-10,5종,7967
232,달성,2015-10,6종,22082
233,현풍,2015-10,1종,427666
233,현풍,2015-10,2종,33085
233,현풍,2015-10,3종,30193
233,현풍,2015-10,4종,24386
233,현풍,2015-10,5종,38771
233,현풍,2015-10,6종,20585
234,서천,2015-10,1종,120769
234,서천,2015-10,2종,3638
234,서천,2015-10,3종,6133
234,서천,2015-10,4종,4685
234,서천,2015-10,5종,6279
234,서천,2015-10,6종,4072
235,창녕,2015-10,1종,176752
235,창녕,2015-10,2종,8006
235,창녕,2015-10,3종,10174
235,창녕,2015-10,4종,4262
235,창녕,2015-10,5종,9532
235,창녕,2015-10,6종,9246
236,영산,2015-10,1종,160777
236,영산,2015-10,2종,11090
236,영산,2015-10,3종,11660
236,영산,2015-10,4종,8297
236,영산,2015-10,5종,10895
236,영산,2015-10,6종,7091
237,남지,2015-10,1종,143767
237,남지,2015-10,2종,8482
237,남지,2015-10,3종,13301
237,남지,2015-10,4종,7874
237,남지,2015-10,5종,15109
237,남지,2015-10,6종,10661
238,칠서,2015-10,1종,236972
238,칠서,2015-10,2종,24767
238,칠서,2015-10,3종,20833
238,칠서,2015-10,4종,26748
238,칠서,2015-10,5종,40542
238,칠서,2015-10,6종,15262
239,칠원,2015-10,1종,621539
239,칠원,2015-10,2종,25015
239,칠원,2015-10,3종,52848
239,칠원,2015-10,4종,37754
239,칠원,2015-10,5종,39982
239,칠원,2015-10,6종,31709
240,제천,2015-10,1종,507521
240,제천,2015-10,2종,14676
240,제천,2015-10,3종,29501
240,제천,2015-10,4종,10661
240,제천,2015-10,5종,17482
240,제천,2015-10,6종,20553
241,동고령,2015-10,1종,318358
241,동고령,2015-10,2종,19791
241,동고령,2015-10,3종,19763
241,동고령,2015-10,4종,16810
241,동고령,2015-10,5종,20317
241,동고령,2015-10,6종,14937
242,고령,2015-10,1종,227977
242,고령,2015-10,2종,11949
242,고령,2015-10,3종,12164
242,고령,2015-10,4종,7366
242,고령,2015-10,5종,20693
242,고령,2015-10,6종,8839
243,해인사,2015-10,1종,132581
243,해인사,2015-10,2종,13547
243,해인사,2015-10,3종,5024
243,해인사,2015-10,4종,9405
243,해인사,2015-10,5종,12449
243,해인사,2015-10,6종,7434
244,서부산,2015-10,1종,1676288
244,서부산,2015-10,2종,51314
244,서부산,2015-10,3종,93973
244,서부산,2015-10,4종,40155
244,서부산,2015-10,5종,95997
244,서부산,2015-10,6종,97085
245,장유,2015-10,1종,1562780
245,장유,2015-10,2종,44564
245,장유,2015-10,3종,70118
245,장유,2015-10,4종,27781
245,장유,2015-10,5종,38086
245,장유,2015-10,6종,110059
246,가락,2015-10,1종,61132
246,가락,2015-10,2종,7764
246,가락,2015-10,3종,8377
246,가락,2015-10,4종,18666
246,가락,2015-10,5종,54300
246,가락,2015-10,6종,2510
247,남원,2015-10,1종,155674
247,남원,2015-10,2종,6264
247,남원,2015-10,3종,10139
247,남원,2015-10,4종,4160
247,남원,2015-10,5종,15704
247,남원,2015-10,6종,5770
248,순창,2015-10,1종,150461
248,순창,2015-10,2종,4346
248,순창,2015-10,3종,7549
248,순창,2015-10,4종,3094
248,순창,2015-10,5종,6590
248,순창,2015-10,6종,5263
249,담양,2015-10,1종,232501
249,담양,2015-10,2종,4615
249,담양,2015-10,3종,21055
249,담양,2015-10,4종,2690
249,담양,2015-10,5종,5896
249,담양,2015-10,6종,7737
250,남양산,2015-10,1종,1236628
250,남양산,2015-10,2종,54254
250,남양산,2015-10,3종,49528
250,남양산,2015-10,4종,30197
250,남양산,2015-10,5종,36831
250,남양산,2015-10,6종,88836
251,물금,2015-10,1종,534214
251,물금,2015-10,2종,46314
251,물금,2015-10,3종,22380
251,물금,2015-10,4종,45624
251,물금,2015-10,5종,66100
251,물금,2015-10,6종,38282
252,대동,2015-10,1종,1981296
252,대동,2015-10,2종,112526
252,대동,2015-10,3종,95619
252,대동,2015-10,4종,81234
252,대동,2015-10,5종,229804
252,대동,2015-10,6종,94149
253,서서울,2015-10,1종,5464810
253,서서울,2015-10,2종,218943
253,서서울,2015-10,3종,201202
253,서서울,2015-10,4종,155726
253,서서울,2015-10,5종,146280
253,서서울,2015-10,6종,329193
254,군자,2015-10,1종,2456794
254,군자,2015-10,2종,114864
254,군자,2015-10,3종,119662
254,군자,2015-10,4종,86344
254,군자,2015-10,5종,169650
254,군자,2015-10,6종,169289
255,서안산,2015-10,1종,1796436
255,서안산,2015-10,2종,101715
255,서안산,2015-10,3종,76778
255,서안산,2015-10,4종,54710
255,서안산,2015-10,5종,64131
255,서안산,2015-10,6종,134207
256,안산,2015-10,1종,927545
256,안산,2015-10,2종,26054
256,안산,2015-10,3종,23796
256,안산,2015-10,4종,7742
256,안산,2015-10,5종,7640
256,안산,2015-10,6종,72086
257,홍성,2015-10,1종,309691
257,홍성,2015-10,2종,6550
257,홍성,2015-10,3종,12680
257,홍성,2015-10,4종,4777
257,홍성,2015-10,5종,4712
257,홍성,2015-10,6종,10821
258,광천,2015-10,1종,179769
258,광천,2015-10,2종,6769
258,광천,2015-10,3종,11692
258,광천,2015-10,4종,6786
258,광천,2015-10,5종,11796
258,광천,2015-10,6종,6132
259,대천,2015-10,1종,270467
259,대천,2015-10,2종,7186
259,대천,2015-10,3종,14204
259,대천,2015-10,4종,4221
259,대천,2015-10,5종,5067
259,대천,2015-10,6종,9381
260,춘장대,2015-10,1종,81196
260,춘장대,2015-10,2종,1759
260,춘장대,2015-10,3종,2288
260,춘장대,2015-10,4종,1673
260,춘장대,2015-10,5종,2579
260,춘장대,2015-10,6종,2119
261,동광주,2015-10,1종,1155681
261,동광주,2015-10,2종,30552
261,동광주,2015-10,3종,67898
261,동광주,2015-10,4종,25425
261,동광주,2015-10,5종,44514
261,동광주,2015-10,6종,38982
262,창평,2015-10,1종,109218
262,창평,2015-10,2종,5341
262,창평,2015-10,3종,3811
262,창평,2015-10,4종,3379
262,창평,2015-10,5종,2026
262,창평,2015-10,6종,3570
263,옥과,2015-10,1종,229291
263,옥과,2015-10,2종,4866
263,옥과,2015-10,3종,11713
263,옥과,2015-10,4종,4008
263,옥과,2015-10,5종,7869
263,옥과,2015-10,6종,9259
264,동남원,2015-10,1종,51991
264,동남원,2015-10,2종,2092
264,동남원,2015-10,3종,3541
264,동남원,2015-10,4종,1380
264,동남원,2015-10,5종,1777
264,동남원,2015-10,6종,1935
265,곡성,2015-10,1종,174314
265,곡성,2015-10,2종,4592
265,곡성,2015-10,3종,6213
265,곡성,2015-10,4종,2610
265,곡성,2015-10,5종,5933
265,곡성,2015-10,6종,6978
266,석곡,2015-10,1종,50696
266,석곡,2015-10,2종,1439
266,석곡,2015-10,3종,2330
266,석곡,2015-10,4종,777
266,석곡,2015-10,5종,1375
266,석곡,2015-10,6종,1870
267,주암송광사,2015-10,1종,140296
267,주암송광사,2015-10,2종,3908
267,주암송광사,2015-10,3종,4478
267,주암송광사,2015-10,4종,3565
267,주암송광사,2015-10,5종,4955
267,주암송광사,2015-10,6종,4258
268,승주,2015-10,1종,77920
268,승주,2015-10,2종,1550
268,승주,2015-10,3종,2788
268,승주,2015-10,4종,821
268,승주,2015-10,5종,1384
268,승주,2015-10,6종,3515
269,지리산,2015-10,1종,71217
269,지리산,2015-10,2종,2045
269,지리산,2015-10,3종,4320
269,지리산,2015-10,4종,1606
269,지리산,2015-10,5종,1916
269,지리산,2015-10,6종,2019
270,서순천,2015-10,1종,181133
270,서순천,2015-10,2종,5935
270,서순천,2015-10,3종,11988
270,서순천,2015-10,4종,2379
270,서순천,2015-10,5종,4059
270,서순천,2015-10,6종,6696
271,순천,2015-10,1종,649767
271,순천,2015-10,2종,17128
271,순천,2015-10,3종,22560
271,순천,2015-10,4종,11292
271,순천,2015-10,5종,31789
271,순천,2015-10,6종,21371
272,광양,2015-10,1종,370519
272,광양,2015-10,2종,10748
272,광양,2015-10,3종,29624
272,광양,2015-10,4종,16796
272,광양,2015-10,5종,54044
272,광양,2015-10,6종,11987
273,동광양,2015-10,1종,156854
273,동광양,2015-10,2종,2758
273,동광양,2015-10,3종,3775
273,동광양,2015-10,4종,5069
273,동광양,2015-10,5종,25005
273,동광양,2015-10,6종,7234
274,가조,2015-10,1종,62723
274,가조,2015-10,2종,2751
274,가조,2015-10,3종,3569
274,가조,2015-10,4종,2440
274,가조,2015-10,5종,2637
274,가조,2015-10,6종,3653
275,옥곡,2015-10,1종,193979
275,옥곡,2015-10,2종,5196
275,옥곡,2015-10,3종,12516
275,옥곡,2015-10,4종,9398
275,옥곡,2015-10,5종,38057
275,옥곡,2015-10,6종,7826
276,진월,2015-10,1종,94515
276,진월,2015-10,2종,2433
276,진월,2015-10,3종,2719
276,진월,2015-10,4종,8093
276,진월,2015-10,5종,38611
276,진월,2015-10,6종,3333
277,하동,2015-10,1종,252716
277,하동,2015-10,2종,5817
277,하동,2015-10,3종,10999
277,하동,2015-10,4종,12686
277,하동,2015-10,5종,41296
277,하동,2015-10,6종,11082
278,진교,2015-10,1종,183929
278,진교,2015-10,2종,4362
278,진교,2015-10,3종,14209
278,진교,2015-10,4종,1885
278,진교,2015-10,5종,4766
278,진교,2015-10,6종,10403
279,곤양,2015-10,1종,146134
279,곤양,2015-10,2종,4169
279,곤양,2015-10,3종,7449
279,곤양,2015-10,4종,3971
279,곤양,2015-10,5종,10591
279,곤양,2015-10,6종,6686
280,거창,2015-10,1종,180638
280,거창,2015-10,2종,7865
280,거창,2015-10,3종,16091
280,거창,2015-10,4종,4422
280,거창,2015-10,5종,5726
280,거창,2015-10,6종,8846
281,매송,2015-10,1종,563856
281,매송,2015-10,2종,25260
281,매송,2015-10,3종,27964
281,매송,2015-10,4종,13186
281,매송,2015-10,5종,27907
281,매송,2015-10,6종,32982
282,비봉,2015-10,1종,853483
282,비봉,2015-10,2종,44695
282,비봉,2015-10,3종,39325
282,비봉,2015-10,4종,20785
282,비봉,2015-10,5종,42502
282,비봉,2015-10,6종,50875
283,발안,2015-10,1종,514822
283,발안,2015-10,2종,32498
283,발안,2015-10,3종,27852
283,발안,2015-10,4종,22484
283,발안,2015-10,5종,22814
283,발안,2015-10,6종,32819
284,남양양,2015-10,1종,75672
284,남양양,2015-10,2종,1929
284,남양양,2015-10,3종,4933
284,남양양,2015-10,4종,879
284,남양양,2015-10,5종,2456
284,남양양,2015-10,6종,2415
285,서평택,2015-10,1종,633063
285,서평택,2015-10,2종,41332
285,서평택,2015-10,3종,53738
285,서평택,2015-10,4종,67328
285,서평택,2015-10,5종,131016
285,서평택,2015-10,6종,36008
286,통도사휴게소,2015-10,1종,33709
286,통도사휴게소,2015-10,2종,352
286,통도사휴게소,2015-10,3종,1446
286,통도사휴게소,2015-10,4종,2
286,통도사휴게소,2015-10,5종,2
286,통도사휴게소,2015-10,6종,1494
287,송악,2015-10,1종,543996
287,송악,2015-10,2종,19577
287,송악,2015-10,3종,27483
287,송악,2015-10,4종,30058
287,송악,2015-10,5종,137235
287,송악,2015-10,6종,26503
288,당진,2015-10,1종,473555
288,당진,2015-10,2종,18317
288,당진,2015-10,3종,30130
288,당진,2015-10,4종,14877
288,당진,2015-10,5종,30249
288,당진,2015-10,6종,21877
289,마산,2015-10,1종,994659
289,마산,2015-10,2종,31785
289,마산,2015-10,3종,51700
289,마산,2015-10,4종,17620
289,마산,2015-10,5종,22527
289,마산,2015-10,6종,62572
290,축동,2015-10,1종,53928
290,축동,2015-10,2종,3013
290,축동,2015-10,3종,2237
290,축동,2015-10,4종,5344
290,축동,2015-10,5종,6684
290,축동,2015-10,6종,2991
291,사천,2015-10,1종,795256
291,사천,2015-10,2종,30227
291,사천,2015-10,3종,36027
291,사천,2015-10,4종,16485
291,사천,2015-10,5종,30684
291,사천,2015-10,6종,49821
292,진주,2015-10,1종,795733
292,진주,2015-10,2종,23541
292,진주,2015-10,3종,54360
292,진주,2015-10,4종,14274
292,진주,2015-10,5종,29353
292,진주,2015-10,6종,50960
293,문산,2015-10,1종,374119
293,문산,2015-10,2종,11731
293,문산,2015-10,3종,9511
293,문산,2015-10,4종,6030
293,문산,2015-10,5종,10115
293,문산,2015-10,6종,23417
294,북창원,2015-10,1종,267235
294,북창원,2015-10,2종,9021
294,북창원,2015-10,3종,7005
294,북창원,2015-10,4종,12305
294,북창원,2015-10,5종,9896
294,북창원,2015-10,6종,15285
295,진성,2015-10,1종,160060
295,진성,2015-10,2종,7984
295,진성,2015-10,3종,9643
295,진성,2015-10,4종,6239
295,진성,2015-10,5종,14621
295,진성,2015-10,6종,7708
296,지수,2015-10,1종,56871
296,지수,2015-10,2종,2310
296,지수,2015-10,3종,2069
296,지수,2015-10,4종,1319
296,지수,2015-10,5종,7101
296,지수,2015-10,6종,4067
297,동충주,2015-10,1종,238828
297,동충주,2015-10,2종,9928
297,동충주,2015-10,3종,17382
297,동충주,2015-10,4종,12983
297,동충주,2015-10,5종,29602
297,동충주,2015-10,6종,7820
298,서산,2015-10,1종,597185
298,서산,2015-10,2종,18690
298,서산,2015-10,3종,38753
298,서산,2015-10,4종,27030
298,서산,2015-10,5종,42499
298,서산,2015-10,6종,23255
299,해미,2015-10,1종,169379
299,해미,2015-10,2종,6295
299,해미,2015-10,3종,11427
299,해미,2015-10,4종,6506
299,해미,2015-10,5종,11932
299,해미,2015-10,6종,7206
500,남여주,2015-10,1종,226321
500,남여주,2015-10,2종,8025
500,남여주,2015-10,3종,10620
500,남여주,2015-10,4종,10915
500,남여주,2015-10,5종,16435
500,남여주,2015-10,6종,9468
501,서김제,2015-10,1종,57512
501,서김제,2015-10,2종,2745
501,서김제,2015-10,3종,4619
501,서김제,2015-10,4종,2214
501,서김제,2015-10,5종,2455
501,서김제,2015-10,6종,1476
502,부안,2015-10,1종,122190
502,부안,2015-10,2종,4818
502,부안,2015-10,3종,10473
502,부안,2015-10,4종,2998
502,부안,2015-10,5종,5121
502,부안,2015-10,6종,3292
503,줄포,2015-10,1종,85725
503,줄포,2015-10,2종,2586
503,줄포,2015-10,3종,5009
503,줄포,2015-10,4종,1129
503,줄포,2015-10,5종,1491
503,줄포,2015-10,6종,1825
504,선운산,2015-10,1종,136599
504,선운산,2015-10,2종,4481
504,선운산,2015-10,3종,11509
504,선운산,2015-10,4종,6076
504,선운산,2015-10,5종,6656
504,선운산,2015-10,6종,3689
505,고창,2015-10,1종,100154
505,고창,2015-10,2종,4199
505,고창,2015-10,3종,5421
505,고창,2015-10,4종,1809
505,고창,2015-10,5종,1670
505,고창,2015-10,6종,2865
506,영광,2015-10,1종,91924
506,영광,2015-10,2종,3290
506,영광,2015-10,3종,8034
506,영광,2015-10,4종,2111
506,영광,2015-10,5종,3017
506,영광,2015-10,6종,2251
507,함평,2015-10,1종,69717
507,함평,2015-10,2종,2613
507,함평,2015-10,3종,6927
507,함평,2015-10,4종,2987
507,함평,2015-10,5종,5451
507,함평,2015-10,6종,1942
508,무안,2015-10,1종,220039
508,무안,2015-10,2종,6574
508,무안,2015-10,3종,9152
508,무안,2015-10,4종,4079
508,무안,2015-10,5종,5706
508,무안,2015-10,6종,6824
509,목포,2015-10,1종,863050
509,목포,2015-10,2종,24488
509,목포,2015-10,3종,44646
509,목포,2015-10,4종,24072
509,목포,2015-10,5종,36125
509,목포,2015-10,6종,26305
510,양양,2015-10,1종,124010
510,양양,2015-10,2종,2725
510,양양,2015-10,3종,6770
510,양양,2015-10,4종,1978
510,양양,2015-10,5종,4115
510,양양,2015-10,6종,4661
511,무창포,2015-10,1종,103349
511,무창포,2015-10,2종,2828
511,무창포,2015-10,3종,4953
511,무창포,2015-10,4종,2341
511,무창포,2015-10,5종,5513
511,무창포,2015-10,6종,2916
512,연화산,2015-10,1종,46334
512,연화산,2015-10,2종,1456
512,연화산,2015-10,3종,1378
512,연화산,2015-10,4종,1518
512,연화산,2015-10,5종,2975
512,연화산,2015-10,6종,2807
513,고성,2015-10,1종,423417
513,고성,2015-10,2종,14020
513,고성,2015-10,3종,20416
513,고성,2015-10,4종,10816
513,고성,2015-10,5종,15888
513,고성,2015-10,6종,22731
514,동고성,2015-10,1종,109342
514,동고성,2015-10,2종,4467
514,동고성,2015-10,3종,6790
514,동고성,2015-10,4종,9220
514,동고성,2015-10,5종,15802
514,동고성,2015-10,6종,9680
515,북통영,2015-10,1종,176348
515,북통영,2015-10,2종,4167
515,북통영,2015-10,3종,13293
515,북통영,2015-10,4종,1919
515,북통영,2015-10,5종,2234
515,북통영,2015-10,6종,10260
516,통영,2015-10,1종,661202
516,통영,2015-10,2종,18866
516,통영,2015-10,3종,31909
516,통영,2015-10,4종,19615
516,통영,2015-10,5종,26828
516,통영,2015-10,6종,33184
517,양평,2015-10,1종,250398
517,양평,2015-10,2종,8082
517,양평,2015-10,3종,11216
517,양평,2015-10,4종,6893
517,양평,2015-10,5종,9904
517,양평,2015-10,6종,9901
518,칠곡물류,2015-10,1종,74107
518,칠곡물류,2015-10,2종,17757
518,칠곡물류,2015-10,3종,11720
518,칠곡물류,2015-10,4종,21280
518,칠곡물류,2015-10,5종,17576
518,칠곡물류,2015-10,6종,3575
519,남대구,2015-10,1종,1443523
519,남대구,2015-10,2종,61068
519,남대구,2015-10,3종,73278
519,남대구,2015-10,4종,25678
519,남대구,2015-10,5종,36854
519,남대구,2015-10,6종,76833
520,평택,2015-10,1종,704128
520,평택,2015-10,2종,33860
520,평택,2015-10,3종,56299
520,평택,2015-10,4종,25174
520,평택,2015-10,5종,33058
520,평택,2015-10,6종,40200
521,단양,2015-10,1종,93244
521,단양,2015-10,2종,2159
521,단양,2015-10,3종,6485
521,단양,2015-10,4종,2298
521,단양,2015-10,5종,12258
521,단양,2015-10,6종,3393
522,북단양,2015-10,1종,138194
522,북단양,2015-10,2종,3332
522,북단양,2015-10,3종,6338
522,북단양,2015-10,4종,15678
522,북단양,2015-10,5종,61962
522,북단양,2015-10,6종,5114
523,남제천,2015-10,1종,225232
523,남제천,2015-10,2종,6178
523,남제천,2015-10,3종,12573
523,남제천,2015-10,4종,9949
523,남제천,2015-10,5종,29233
523,남제천,2015-10,6종,7606
524,청통와촌,2015-10,1종,285324
524,청통와촌,2015-10,2종,13223
524,청통와촌,2015-10,3종,8334
524,청통와촌,2015-10,4종,5585
524,청통와촌,2015-10,5종,6924
524,청통와촌,2015-10,6종,11275
525,북영천,2015-10,1종,239112
525,북영천,2015-10,2종,7183
525,북영천,2015-10,3종,8218
525,북영천,2015-10,4종,4620
525,북영천,2015-10,5종,6896
525,북영천,2015-10,6종,7244
526,서포항,2015-10,1종,125168
526,서포항,2015-10,2종,2615
526,서포항,2015-10,3종,3476
526,서포항,2015-10,4종,1285
526,서포항,2015-10,5종,3115
526,서포항,2015-10,6종,7735
527,포항,2015-10,1종,840987
527,포항,2015-10,2종,20028
527,포항,2015-10,3종,36185
527,포항,2015-10,4종,11854
527,포항,2015-10,5종,49517
527,포항,2015-10,6종,32777
528,기흥동탄,2015-10,1종,1161470
528,기흥동탄,2015-10,2종,30368
528,기흥동탄,2015-10,3종,86966
528,기흥동탄,2015-10,4종,21090
528,기흥동탄,2015-10,5종,19817
528,기흥동탄,2015-10,6종,66837
529,노포,2015-10,1종,296015
529,노포,2015-10,2종,14161
529,노포,2015-10,3종,45786
529,노포,2015-10,4종,8402
529,노포,2015-10,5종,13645
529,노포,2015-10,6종,15449
530,내장산,2015-10,1종,68113
530,내장산,2015-10,2종,1953
530,내장산,2015-10,3종,2460
530,내장산,2015-10,4종,793
530,내장산,2015-10,5종,728
530,내장산,2015-10,6종,2510
531,문의청남대,2015-10,1종,221173
531,문의청남대,2015-10,2종,7269
531,문의청남대,2015-10,3종,13231
531,문의청남대,2015-10,4종,6541
531,문의청남대,2015-10,5종,9475
531,문의청남대,2015-10,6종,8786
532,회인,2015-10,1종,53919
532,회인,2015-10,2종,1187
532,회인,2015-10,3종,1495
532,회인,2015-10,4종,836
532,회인,2015-10,5종,1022
532,회인,2015-10,6종,2280
533,보은,2015-10,1종,183394
533,보은,2015-10,2종,5406
533,보은,2015-10,3종,8273
533,보은,2015-10,4종,3273
533,보은,2015-10,5종,4262
533,보은,2015-10,6종,7782
534,속리산,2015-10,1종,87255
534,속리산,2015-10,2종,2403
534,속리산,2015-10,3종,4050
534,속리산,2015-10,4종,1529
534,속리산,2015-10,5종,1950
534,속리산,2015-10,6종,3114
535,화서,2015-10,1종,59892
535,화서,2015-10,2종,1921
535,화서,2015-10,3종,3044
535,화서,2015-10,4종,2266
535,화서,2015-10,5종,2206
535,화서,2015-10,6종,2434
536,남상주,2015-10,1종,132655
536,남상주,2015-10,2종,4852
536,남상주,2015-10,3종,12005
536,남상주,2015-10,4종,6810
536,남상주,2015-10,5종,5166
536,남상주,2015-10,6종,5092
537,남김천,2015-10,1종,83882
537,남김천,2015-10,2종,5402
537,남김천,2015-10,3종,6542
537,남김천,2015-10,4종,6691
537,남김천,2015-10,5종,16219
537,남김천,2015-10,6종,3299
538,성주,2015-10,1종,83734
538,성주,2015-10,2종,6703
538,성주,2015-10,3종,7453
538,성주,2015-10,4종,5818
538,성주,2015-10,5종,7720
538,성주,2015-10,6종,3135
539,남성주,2015-10,1종,56255
539,남성주,2015-10,2종,7599
539,남성주,2015-10,3종,4184
539,남성주,2015-10,4종,5442
539,남성주,2015-10,5종,8850
539,남성주,2015-10,6종,2200
540,청북,2015-10,1종,492880
540,청북,2015-10,2종,46620
540,청북,2015-10,3종,51492
540,청북,2015-10,4종,42850
540,청북,2015-10,5종,53671
540,청북,2015-10,6종,29183
541,송탄,2015-10,1종,437746
541,송탄,2015-10,2종,39566
541,송탄,2015-10,3종,41117
541,송탄,2015-10,4종,38356
541,송탄,2015-10,5종,30688
541,송탄,2015-10,6종,25433
542,서안성,2015-10,1종,423394
542,서안성,2015-10,2종,33790
542,서안성,2015-10,3종,48496
542,서안성,2015-10,4종,45025
542,서안성,2015-10,5종,35216
542,서안성,2015-10,6종,20806
543,남안성,2015-10,1종,608798
543,남안성,2015-10,2종,50842
543,남안성,2015-10,3종,56083
543,남안성,2015-10,4종,48929
543,남안성,2015-10,5종,49124
543,남안성,2015-10,6종,32726
544,완주,2015-10,1종,186914
544,완주,2015-10,2종,6432
544,완주,2015-10,3종,9983
544,완주,2015-10,4종,7774
544,완주,2015-10,5종,11990
544,완주,2015-10,6종,6574
545,소양,2015-10,1종,179036
545,소양,2015-10,2종,5386
545,소양,2015-10,3종,11919
545,소양,2015-10,4종,2818
545,소양,2015-10,5종,4628
545,소양,2015-10,6종,6164
546,진안,2015-10,1종,76406
546,진안,2015-10,2종,3214
546,진안,2015-10,3종,5260
546,진안,2015-10,4종,1247
546,진안,2015-10,5종,1151
546,진안,2015-10,6종,2528
547,무안공항,2015-10,1종,41240
547,무안공항,2015-10,2종,1002
547,무안공항,2015-10,3종,1574
547,무안공항,2015-10,4종,228
547,무안공항,2015-10,5종,222
547,무안공항,2015-10,6종,1301
548,북무안,2015-10,1종,124418
548,북무안,2015-10,2종,4644
548,북무안,2015-10,3종,6066
548,북무안,2015-10,4종,2604
548,북무안,2015-10,5종,3724
548,북무안,2015-10,6종,3312
549,동함평,2015-10,1종,196756
549,동함평,2015-10,2종,4637
549,동함평,2015-10,3종,6351
549,동함평,2015-10,4종,1765
549,동함평,2015-10,5종,2670
549,동함평,2015-10,6종,7779
550,문평,2015-10,1종,39474
550,문평,2015-10,2종,1109
550,문평,2015-10,3종,1186
550,문평,2015-10,4종,565
550,문평,2015-10,5종,3775
550,문평,2015-10,6종,1417
551,나주,2015-10,1종,55984
551,나주,2015-10,2종,1923
551,나주,2015-10,3종,1389
551,나주,2015-10,4종,827
551,나주,2015-10,5종,1452
551,나주,2015-10,6종,2684
552,서광산,2015-10,1종,153158
552,서광산,2015-10,2종,7664
552,서광산,2015-10,3종,8641
552,서광산,2015-10,4종,3996
552,서광산,2015-10,5종,6589
552,서광산,2015-10,6종,5140
553,동광산,2015-10,1종,971112
553,동광산,2015-10,2종,21388
553,동광산,2015-10,3종,32124
553,동광산,2015-10,4종,11760
553,동광산,2015-10,5종,17562
553,동광산,2015-10,6종,33610
554,동홍천,2015-10,1종,575369
554,동홍천,2015-10,2종,7648
554,동홍천,2015-10,3종,33927
554,동홍천,2015-10,4종,5337
554,동홍천,2015-10,5종,4500
554,동홍천,2015-10,6종,20997
555,북진천,2015-10,1종,351152
555,북진천,2015-10,2종,36502
555,북진천,2015-10,3종,39012
555,북진천,2015-10,4종,31949
555,북진천,2015-10,5종,36012
555,북진천,2015-10,6종,15903
556,동순천,2015-10,1종,311996
556,동순천,2015-10,2종,7346
556,동순천,2015-10,3종,20573
556,동순천,2015-10,4종,13448
556,동순천,2015-10,5종,37999
556,동순천,2015-10,6종,9096
557,황전,2015-10,1종,93188
557,황전,2015-10,2종,1967
557,황전,2015-10,3종,2738
557,황전,2015-10,4종,1073
557,황전,2015-10,5종,2667
557,황전,2015-10,6종,3614
558,구례화엄사,2015-10,1종,113110
558,구례화엄사,2015-10,2종,3377
558,구례화엄사,2015-10,3종,6751
558,구례화엄사,2015-10,4종,2794
558,구례화엄사,2015-10,5종,4849
558,구례화엄사,2015-10,6종,3426
559,서남원,2015-10,1종,63492
559,서남원,2015-10,2종,3084
559,서남원,2015-10,3종,3702
559,서남원,2015-10,4종,2931
559,서남원,2015-10,5종,7295
559,서남원,2015-10,6종,2236
560,감곡,2015-10,1종,324704
560,감곡,2015-10,2종,13563
560,감곡,2015-10,3종,21684
560,감곡,2015-10,4종,19754
560,감곡,2015-10,5종,32239
560,감곡,2015-10,6종,11717
561,북충주,2015-10,1종,174128
561,북충주,2015-10,2종,5059
561,북충주,2015-10,3종,11164
561,북충주,2015-10,4종,3514
561,북충주,2015-10,5종,4946
561,북충주,2015-10,6종,6241
562,충주,2015-10,1종,188020
562,충주,2015-10,2종,7775
562,충주,2015-10,3종,14102
562,충주,2015-10,4종,11334
562,충주,2015-10,5종,10728
562,충주,2015-10,6종,7010
563,괴산,2015-10,1종,78880
563,괴산,2015-10,2종,2244
563,괴산,2015-10,3종,5234
563,괴산,2015-10,4종,3311
563,괴산,2015-10,5종,6496
563,괴산,2015-10,6종,2501
564,연풍,2015-10,1종,70089
564,연풍,2015-10,2종,3358
564,연풍,2015-10,3종,10654
564,연풍,2015-10,4종,6630
564,연풍,2015-10,5종,6390
564,연풍,2015-10,6종,2060
565,문경새재,2015-10,1종,116422
565,문경새재,2015-10,2종,3873
565,문경새재,2015-10,3종,10106
565,문경새재,2015-10,4종,4676
565,문경새재,2015-10,5종,5296
565,문경새재,2015-10,6종,3715
566,점촌함창,2015-10,1종,150855
566,점촌함창,2015-10,2종,5298
566,점촌함창,2015-10,3종,13410
566,점촌함창,2015-10,4종,6123
566,점촌함창,2015-10,5종,7130
566,점촌함창,2015-10,6종,4751
567,남고창,2015-10,1종,116812
567,남고창,2015-10,2종,3846
567,남고창,2015-10,3종,3598
567,남고창,2015-10,4종,2337
567,남고창,2015-10,5종,2710
567,남고창,2015-10,6종,4978
568,장성물류,2015-10,1종,43189
568,장성물류,2015-10,2종,8364
568,장성물류,2015-10,3종,4620
568,장성물류,2015-10,4종,8699
568,장성물류,2015-10,5종,10638
568,장성물류,2015-10,6종,1243
569,북광주,2015-10,1종,382318
569,북광주,2015-10,2종,19624
569,북광주,2015-10,3종,18081
569,북광주,2015-10,4종,18443
569,북광주,2015-10,5종,28315
569,북광주,2015-10,6종,12049
570,북상주,2015-10,1종,132422
570,북상주,2015-10,2종,7289
570,북상주,2015-10,3종,14548
570,북상주,2015-10,4종,15083
570,북상주,2015-10,5종,10861
570,북상주,2015-10,6종,4284
571,면천,2015-10,1종,103022
571,면천,2015-10,2종,3507
571,면천,2015-10,3종,4458
571,면천,2015-10,4종,4301
571,면천,2015-10,5종,9671
571,면천,2015-10,6종,3963
572,고덕,2015-10,1종,135080
572,고덕,2015-10,2종,4762
572,고덕,2015-10,3종,8686
572,고덕,2015-10,4종,4209
572,고덕,2015-10,5종,7287
572,고덕,2015-10,6종,5507
573,예산수덕사,2015-10,1종,360541
573,예산수덕사,2015-10,2종,12205
573,예산수덕사,2015-10,3종,15328
573,예산수덕사,2015-10,4종,11743
573,예산수덕사,2015-10,5종,14560
573,예산수덕사,2015-10,6종,12829
574,신양,2015-10,1종,84190
574,신양,2015-10,2종,2678
574,신양,2015-10,3종,3365
574,신양,2015-10,4종,2639
574,신양,2015-10,5종,3411
574,신양,2015-10,6종,3014
575,유구,2015-10,1종,101801
575,유구,2015-10,2종,3469
575,유구,2015-10,3종,4258
575,유구,2015-10,4종,4082
575,유구,2015-10,5종,4236
575,유구,2015-10,6종,3498
576,마곡사,2015-10,1종,53111
576,마곡사,2015-10,2종,1257
576,마곡사,2015-10,3종,2143
576,마곡사,2015-10,4종,1256
576,마곡사,2015-10,5종,1456
576,마곡사,2015-10,6종,2214
577,공주,2015-10,1종,199185
577,공주,2015-10,2종,7167
577,공주,2015-10,3종,11646
577,공주,2015-10,4종,2700
577,공주,2015-10,5종,4000
577,공주,2015-10,6종,9258
578,서세종,2015-10,1종,249094
578,서세종,2015-10,2종,11611
578,서세종,2015-10,3종,10386
578,서세종,2015-10,4종,6759
578,서세종,2015-10,5종,9380
578,서세종,2015-10,6종,10144
579,남세종,2015-10,1종,444190
579,남세종,2015-10,2종,10133
579,남세종,2015-10,3종,11723
579,남세종,2015-10,4종,5683
579,남세종,2015-10,5종,8687
579,남세종,2015-10,6종,23726
580,북강릉,2015-10,1종,230317
580,북강릉,2015-10,2종,6225
580,북강릉,2015-10,3종,12462
580,북강릉,2015-10,4종,2952
580,북강릉,2015-10,5종,6673
580,북강릉,2015-10,6종,9808
581,옥계,2015-10,1종,60418
581,옥계,2015-10,2종,2526
581,옥계,2015-10,3종,3487
581,옥계,2015-10,4종,3710
581,옥계,2015-10,5종,17555
581,옥계,2015-10,6종,3433
582,망상,2015-10,1종,125777
582,망상,2015-10,2종,3790
582,망상,2015-10,3종,14686
582,망상,2015-10,4종,1450
582,망상,2015-10,5종,2589
582,망상,2015-10,6종,7495
583,동해,2015-10,1종,377996
583,동해,2015-10,2종,12079
583,동해,2015-10,3종,21679
583,동해,2015-10,4종,10288
583,동해,2015-10,5종,30369
583,동해,2015-10,6종,16654
584,남강릉,2015-10,1종,130170
584,남강릉,2015-10,2종,7322
584,남강릉,2015-10,3종,10377
584,남강릉,2015-10,4종,3980
584,남강릉,2015-10,5종,5356
584,남강릉,2015-10,6종,7952
585,하조대,2015-10,1종,201442
585,하조대,2015-10,2종,5364
585,하조대,2015-10,3종,13111
585,하조대,2015-10,4종,3580
585,하조대,2015-10,5종,4140
585,하조대,2015-10,6종,7287
586,북남원,2015-10,1종,24789
586,북남원,2015-10,2종,906
586,북남원,2015-10,3종,991
586,북남원,2015-10,4종,406
586,북남원,2015-10,5종,1957
586,북남원,2015-10,6종,756
587,오수,2015-10,1종,154730
587,오수,2015-10,2종,4898
587,오수,2015-10,3종,8718
587,오수,2015-10,4종,4260
587,오수,2015-10,5종,7794
587,오수,2015-10,6종,5100
588,임실,2015-10,1종,60328
588,임실,2015-10,2종,2525
588,임실,2015-10,3종,4089
588,임실,2015-10,4종,1434
588,임실,2015-10,5종,3392
588,임실,2015-10,6종,1926
589,상관,2015-10,1종,172650
589,상관,2015-10,2종,4725
589,상관,2015-10,3종,11002
589,상관,2015-10,4종,5856
589,상관,2015-10,5종,26916
589,상관,2015-10,6종,5250
590,동전주,2015-10,1종,226419
590,동전주,2015-10,2종,3961
590,동전주,2015-10,3종,6284
590,동전주,2015-10,4종,2062
590,동전주,2015-10,5종,4581
590,동전주,2015-10,6종,8549
591,동서천,2015-10,1종,65371
591,동서천,2015-10,2종,1689
591,동서천,2015-10,3종,3817
591,동서천,2015-10,4종,1915
591,동서천,2015-10,5종,3753
591,동서천,2015-10,6종,2175
592,서부여,2015-10,1종,71541
592,서부여,2015-10,2종,2709
592,서부여,2015-10,3종,3151
592,서부여,2015-10,4종,1809
592,서부여,2015-10,5종,1862
592,서부여,2015-10,6종,3215
593,부여,2015-10,1종,100334
593,부여,2015-10,2종,2812
593,부여,2015-10,3종,5008
593,부여,2015-10,4종,3029
593,부여,2015-10,5종,3795
593,부여,2015-10,6종,3709
594,칠갑산,2015-10,1종,65751
594,칠갑산,2015-10,2종,1716
594,칠갑산,2015-10,3종,3131
594,칠갑산,2015-10,4종,1315
594,칠갑산,2015-10,5종,1018
594,칠갑산,2015-10,6종,2281
595,서공주,2015-10,1종,63878
595,서공주,2015-10,2종,3150
595,서공주,2015-10,3종,3196
595,서공주,2015-10,4종,2307
595,서공주,2015-10,5종,3884
595,서공주,2015-10,6종,2377
596,가락2,2015-10,1종,69580
596,가락2,2015-10,2종,6986
596,가락2,2015-10,3종,7350
596,가락2,2015-10,4종,15295
596,가락2,2015-10,5종,63247
596,가락2,2015-10,6종,4294
597,서여주,2015-10,1종,159761
597,서여주,2015-10,2종,7235
597,서여주,2015-10,3종,9315
597,서여주,2015-10,4종,8124
597,서여주,2015-10,5종,8019
597,서여주,2015-10,6종,7817
598,북여주,2015-10,1종,92167
598,북여주,2015-10,2종,3951
598,북여주,2015-10,3종,3564
598,북여주,2015-10,4종,3028
598,북여주,2015-10,5종,4652
598,북여주,2015-10,6종,3900
599,양촌,2015-10,1종,34347
599,양촌,2015-10,2종,764
599,양촌,2015-10,3종,326
599,양촌,2015-10,4종,21
599,양촌,2015-10,5종,19
599,양촌,2015-10,6종,1128
601,남천안,2015-10,1종,316298
601,남천안,2015-10,2종,20377
601,남천안,2015-10,3종,26998
601,남천안,2015-10,4종,24690
601,남천안,2015-10,5종,21205
601,남천안,2015-10,6종,13221
602,풍세상,2015-10,1종,1494766
602,풍세상,2015-10,2종,42888
602,풍세상,2015-10,3종,172880
602,풍세상,2015-10,4종,72604
602,풍세상,2015-10,5종,78046
602,풍세상,2015-10,6종,65686
603,정안,2015-10,1종,294846
603,정안,2015-10,2종,9278
603,정안,2015-10,3종,29417
603,정안,2015-10,4종,11817
603,정안,2015-10,5종,11276
603,정안,2015-10,6종,12550
604,남공주,2015-10,1종,78107
604,남공주,2015-10,2종,3525
604,남공주,2015-10,3종,5897
604,남공주,2015-10,4종,2800
604,남공주,2015-10,5종,4705
604,남공주,2015-10,6종,3064
605,탄천,2015-10,1종,27224
605,탄천,2015-10,2종,1744
605,탄천,2015-10,3종,1663
605,탄천,2015-10,4종,1748
605,탄천,2015-10,5종,2058
605,탄천,2015-10,6종,978
606,서논산,2015-10,1종,128994
606,서논산,2015-10,2종,6108
606,서논산,2015-10,3종,10737
606,서논산,2015-10,4종,6805
606,서논산,2015-10,5종,9506
606,서논산,2015-10,6종,4739
607,연무,2015-10,1종,80719
607,연무,2015-10,2종,2952
607,연무,2015-10,3종,5924
607,연무,2015-10,4종,2471
607,연무,2015-10,5종,3343
607,연무,2015-10,6종,2691
608,남논산하,2015-10,1종,823312
608,남논산하,2015-10,2종,21932
608,남논산하,2015-10,3종,107908
608,남논산하,2015-10,4종,39692
608,남논산하,2015-10,5종,56232
608,남논산하,2015-10,6종,31462
612,풍세하,2015-10,1종,1442598
612,풍세하,2015-10,2종,38890
612,풍세하,2015-10,3종,166902
612,풍세하,2015-10,4종,56586
612,풍세하,2015-10,5종,57716
612,풍세하,2015-10,6종,63394
613,남풍세,2015-10,1종,182236
613,남풍세,2015-10,2종,9102
613,남풍세,2015-10,3종,15483
613,남풍세,2015-10,4종,10301
613,남풍세,2015-10,5종,16013
613,남풍세,2015-10,6종,8125
618,남논산상,2015-10,1종,850718
618,남논산상,2015-10,2종,22166
618,남논산상,2015-10,3종,108568
618,남논산상,2015-10,4종,41468
618,남논산상,2015-10,5종,64702
618,남논산상,2015-10,6종,32342
621,동대구,2015-10,1종,884209
621,동대구,2015-10,2종,32721
621,동대구,2015-10,3종,44283
621,동대구,2015-10,4종,24941
621,동대구,2015-10,5종,28899
621,동대구,2015-10,6종,43070
622,대구,2015-10,1종,1234703
622,대구,2015-10,2종,47747
622,대구,2015-10,3종,79760
622,대구,2015-10,4종,58568
622,대구,2015-10,5종,87326
622,대구,2015-10,6종,62432
623,수성,2015-10,1종,822130
623,수성,2015-10,2종,19521
623,수성,2015-10,3종,18991
623,수성,2015-10,4종,8579
623,수성,2015-10,5종,10240
623,수성,2015-10,6종,37388
624,청도,2015-10,1종,252178
624,청도,2015-10,2종,10165
624,청도,2015-10,3종,10093
624,청도,2015-10,4종,7761
624,청도,2015-10,5종,8563
624,청도,2015-10,6종,10865
625,밀양,2015-10,1종,324771
625,밀양,2015-10,2종,14625
625,밀양,2015-10,3종,14366
625,밀양,2015-10,4종,10461
625,밀양,2015-10,5종,12070
625,밀양,2015-10,6종,13666
626,남밀양,2015-10,1종,385779
626,남밀양,2015-10,2종,21358
626,남밀양,2015-10,3종,19606
626,남밀양,2015-10,4종,14297
626,남밀양,2015-10,5종,16923
626,남밀양,2015-10,6종,21855
627,삼랑진,2015-10,1종,246461
627,삼랑진,2015-10,2종,10579
627,삼랑진,2015-10,3종,8812
627,삼랑진,2015-10,4종,6217
627,삼랑진,2015-10,5종,12572
627,삼랑진,2015-10,6종,14823
628,상동,2015-10,1종,225667
628,상동,2015-10,2종,23367
628,상동,2015-10,3종,16125
628,상동,2015-10,4종,23256
628,상동,2015-10,5종,28656
628,상동,2015-10,6종,13737
629,김해부산,2015-10,1종,1243362
629,김해부산,2015-10,2종,63564
629,김해부산,2015-10,3종,83332
629,김해부산,2015-10,4종,76960
629,김해부산,2015-10,5종,101498
629,김해부산,2015-10,6종,68672
641,울산,2015-10,1종,1246174
641,울산,2015-10,2종,47814
641,울산,2015-10,3종,79295
641,울산,2015-10,4종,48333
641,울산,2015-10,5종,120435
641,울산,2015-10,6종,61777
642,문수,2015-10,1종,131755
642,문수,2015-10,2종,5412
642,문수,2015-10,3종,7761
642,문수,2015-10,4종,10622
642,문수,2015-10,5종,27124
642,문수,2015-10,6종,7421
643,청량,2015-10,1종,603985
643,청량,2015-10,2종,13503
643,청량,2015-10,3종,16625
643,청량,2015-10,4종,21373
643,청량,2015-10,5종,78697
643,청량,2015-10,6종,37365
644,온양,2015-10,1종,194247
644,온양,2015-10,2종,4327
644,온양,2015-10,3종,3777
644,온양,2015-10,4종,3097
644,온양,2015-10,5종,10290
644,온양,2015-10,6종,13177
645,장안,2015-10,1종,370285
645,장안,2015-10,2종,7701
645,장안,2015-10,3종,6912
645,장안,2015-10,4종,5828
645,장안,2015-10,5종,20859
645,장안,2015-10,6종,25293
646,기장일광,2015-10,1종,315597
646,기장일광,2015-10,2종,3812
646,기장일광,2015-10,3종,4226
646,기장일광,2015-10,4종,2920
646,기장일광,2015-10,5종,10425
646,기장일광,2015-10,6종,18826
647,해운대송정,2015-10,1종,151413
647,해운대송정,2015-10,2종,1549
647,해운대송정,2015-10,3종,1307
647,해운대송정,2015-10,4종,772
647,해운대송정,2015-10,5종,3210
647,해운대송정,2015-10,6종,9044
648,해운대,2015-10,1종,835626
648,해운대,2015-10,2종,9322
648,해운대,2015-10,3종,11743
648,해운대,2015-10,4종,7010
648,해운대,2015-10,5종,43791
648,해운대,2015-10,6종,50625
651,남양주,2015-10,1종,1842788
651,남양주,2015-10,2종,41736
651,남양주,2015-10,3종,87283
651,남양주,2015-10,4종,21000
651,남양주,2015-10,5종,18989
651,남양주,2015-10,6종,97073
652,화도,2015-10,1종,1006313
652,화도,2015-10,2종,34278
652,화도,2015-10,3종,41958
652,화도,2015-10,4종,14669
652,화도,2015-10,5종,15258
652,화도,2015-10,6종,71656
653,서종,2015-10,1종,212598
653,서종,2015-10,2종,2535
653,서종,2015-10,3종,2102
653,서종,2015-10,4종,984
653,서종,2015-10,5종,1743
653,서종,2015-10,6종,12648
654,설악,2015-10,1종,256232
654,설악,2015-10,2종,3685
654,설악,2015-10,3종,6450
654,설악,2015-10,4종,1583
654,설악,2015-10,5종,2045
654,설악,2015-10,6종,12213
655,강촌,2015-10,1종,167835
655,강촌,2015-10,2종,2317
655,강촌,2015-10,3종,5232
655,강촌,2015-10,4종,1384
655,강촌,2015-10,5종,1431
655,강촌,2015-10,6종,6622
656,남춘천,2015-10,1종,196484
656,남춘천,2015-10,2종,3427
656,남춘천,2015-10,3종,13355
656,남춘천,2015-10,4종,2906
656,남춘천,2015-10,5종,5846
656,남춘천,2015-10,6종,8883
657,동산,2015-10,1종,799164
657,동산,2015-10,2종,13868
657,동산,2015-10,3종,47990
657,동산,2015-10,4종,9202
657,동산,2015-10,5종,12046
657,동산,2015-10,6종,38586
658,조양,2015-10,1종,33960
658,조양,2015-10,2종,579
658,조양,2015-10,3종,592
658,조양,2015-10,4종,390
658,조양,2015-10,5종,779
658,조양,2015-10,6종,1240
671,봉담,2015-10,1종,1216133
671,봉담,2015-10,2종,54602
671,봉담,2015-10,3종,49939
671,봉담,2015-10,4종,23837
671,봉담,2015-10,5종,27367
671,봉담,2015-10,6종,90642
672,정남,2015-10,1종,356619
672,정남,2015-10,2종,19318
672,정남,2015-10,3종,15328
672,정남,2015-10,4종,9574
672,정남,2015-10,5종,5435
672,정남,2015-10,6종,28229
673,북오산,2015-10,1종,786616
673,북오산,2015-10,2종,26505
673,북오산,2015-10,3종,31304
673,북오산,2015-10,4종,20096
673,북오산,2015-10,5종,10432
673,북오산,2015-10,6종,57532
674,,2015-10,1종,919425
674,,2015-10,2종,41788
674,,2015-10,3종,71664
674,,2015-10,4종,24349
674,,2015-10,5종,27961
674,,2015-10,6종,64673
675,서오산,2015-10,1종,873626
675,서오산,2015-10,2종,26267
675,서오산,2015-10,3종,23716
675,서오산,2015-10,4종,19703
675,서오산,2015-10,5종,17484
675,서오산,2015-10,6종,62015
676,향남,2015-10,1종,567693
676,향남,2015-10,2종,36004
676,향남,2015-10,3종,27265
676,향남,2015-10,4종,30216
676,향남,2015-10,5종,15774
676,향남,2015-10,6종,46194
677,북평택,2015-10,1종,1051136
677,북평택,2015-10,2종,36160
677,북평택,2015-10,3종,53763
677,북평택,2015-10,4종,20217
677,북평택,2015-10,5종,35952
677,북평택,2015-10,6종,66042
681,장안본선,2015-10,1종,982918
681,장안본선,2015-10,2종,70186
681,장안본선,2015-10,3종,130124
681,장안본선,2015-10,4종,91246
681,장안본선,2015-10,5종,159328
681,장안본선,2015-10,6종,55570
682,조암,2015-10,1종,337411
682,조암,2015-10,2종,38527
682,조암,2015-10,3종,35866
682,조암,2015-10,4종,24254
682,조암,2015-10,5종,27730
682,조암,2015-10,6종,20577
683,송산마도,2015-10,1종,610760
683,송산마도,2015-10,2종,38381
683,송산마도,2015-10,3종,31178
683,송산마도,2015-10,4종,23666
683,송산마도,2015-10,5종,43836
683,송산마도,2015-10,6종,36140
684,남안산,2015-10,1종,726342
684,남안산,2015-10,2종,71191
684,남안산,2015-10,3종,64634
684,남안산,2015-10,4종,54169
684,남안산,2015-10,5종,75548
684,남안산,2015-10,6종,51250
685,서시흥,2015-10,1종,1257169
685,서시흥,2015-10,2종,75027
685,서시흥,2015-10,3종,118387
685,서시흥,2015-10,4종,72756
685,서시흥,2015-10,5종,151099
685,서시흥,2015-10,6종,75335
981,서영암,2015-10,1종,239901
981,서영암,2015-10,2종,5464
981,서영암,2015-10,3종,11758
981,서영암,2015-10,4종,6984
981,서영암,2015-10,5종,16750
981,서영암,2015-10,6종,7016
982,강진무위사,2015-10,1종,142959
982,강진무위사,2015-10,2종,3856
982,강진무위사,2015-10,3종,8365
982,강진무위사,2015-10,4종,3560
982,강진무위사,2015-10,5종,4949
982,강진무위사,2015-10,6종,4062
983,장흥,2015-10,1종,115460
983,장흥,2015-10,2종,2331
983,장흥,2015-10,3종,4195
983,장흥,2015-10,4종,1114
983,장흥,2015-10,5종,1341
983,장흥,2015-10,6종,3257
984,보성,2015-10,1종,203248
984,보성,2015-10,2종,7279
984,보성,2015-10,3종,9031
984,보성,2015-10,4종,5236
984,보성,2015-10,5종,12003
984,보성,2015-10,6종,5604
985,벌교,2015-10,1종,135747
985,벌교,2015-10,2종,4384
985,벌교,2015-10,3종,4543
985,벌교,2015-10,4종,2007
985,벌교,2015-10,5종,3136
985,벌교,2015-10,6종,3522
986,고흥,2015-10,1종,182399
986,고흥,2015-10,2종,4445
986,고흥,2015-10,3종,6835
986,고흥,2015-10,4종,4063
986,고흥,2015-10,5종,6099
986,고흥,2015-10,6종,6030
987,남순천,2015-10,1종,501521
987,남순천,2015-10,2종,13625
987,남순천,2015-10,3종,24257
987,남순천,2015-10,4종,15263
987,남순천,2015-10,5종,33815
987,남순천,2015-10,6종,14566
11,인천,2015-11,1종,3720220
11,인천,2015-11,2종,119241
11,인천,2015-11,3종,87691
11,인천,2015-11,4종,69713
11,인천,2015-11,5종,133406
11,인천,2015-11,6종,337443
12,서영암(개),2015-11,1종,44304
12,서영암(개),2015-11,2종,864
12,서영암(개),2015-11,3종,1265
12,서영암(개),2015-11,4종,744
12,서영암(개),2015-11,5종,730
12,서영암(개),2015-11,6종,2447
13,순천만,2015-11,1종,146896
13,순천만,2015-11,2종,4450
13,순천만,2015-11,3종,6484
13,순천만,2015-11,4종,2563
13,순천만,2015-11,5종,7511
13,순천만,2015-11,6종,6829
29,가락(개),2015-11,1종,733576
29,가락(개),2015-11,2종,21276
29,가락(개),2015-11,3종,21173
29,가락(개),2015-11,4종,21947
29,가락(개),2015-11,5종,99881
29,가락(개),2015-11,6종,60939
53,남인천,2015-11,1종,1770463
53,남인천,2015-11,2종,43952
53,남인천,2015-11,3종,59308
53,남인천,2015-11,4종,20827
53,남인천,2015-11,5종,62107
53,남인천,2015-11,6종,149194
56,일로,2015-11,1종,34990
56,일로,2015-11,2종,1967
56,일로,2015-11,3종,577
56,일로,2015-11,4종,603
56,일로,2015-11,5종,1867
56,일로,2015-11,6종,2237
61,성남,2015-11,1종,4060064
61,성남,2015-11,2종,157426
61,성남,2015-11,3종,163912
61,성남,2015-11,4종,109132
61,성남,2015-11,5종,86532
61,성남,2015-11,6종,284207
62,구리남양주,2015-11,1종,4961953
62,구리남양주,2015-11,2종,199218
62,구리남양주,2015-11,3종,193837
62,구리남양주,2015-11,4종,143433
62,구리남양주,2015-11,5종,113532
62,구리남양주,2015-11,6종,369014
63,토평,2015-11,1종,441066
63,토평,2015-11,2종,14210
63,토평,2015-11,3종,7496
63,토평,2015-11,4종,12436
63,토평,2015-11,5종,6599
63,토평,2015-11,6종,37241
64,청계,2015-11,1종,4654480
64,청계,2015-11,2종,151938
64,청계,2015-11,3종,155548
64,청계,2015-11,4종,54228
64,청계,2015-11,5종,80966
64,청계,2015-11,6종,351278
65,판교,2015-11,1종,2906906
65,판교,2015-11,2종,42330
65,판교,2015-11,3종,182891
65,판교,2015-11,4종,15294
65,판교,2015-11,5종,14943
65,판교,2015-11,6종,170523
66,하남,2015-11,1종,846340
66,하남,2015-11,2종,28534
66,하남,2015-11,3종,16099
66,하남,2015-11,4종,9122
66,하남,2015-11,5종,10860
66,하남,2015-11,6종,66805
67,시흥,2015-11,1종,3906189
67,시흥,2015-11,2종,133755
67,시흥,2015-11,3종,135616
67,시흥,2015-11,4종,82276
67,시흥,2015-11,5종,84945
67,시흥,2015-11,6종,296372
68,김포,2015-11,1종,4693018
68,김포,2015-11,2종,176487
68,김포,2015-11,3종,152190
68,김포,2015-11,4종,87622
68,김포,2015-11,5종,124031
68,김포,2015-11,6종,384032
69,대왕판교,2015-11,1종,221163
69,대왕판교,2015-11,2종,1656
69,대왕판교,2015-11,3종,140
69,대왕판교,2015-11,4종,28
69,대왕판교,2015-11,5종,24
69,대왕판교,2015-11,6종,12966
74,덕소삼패,2015-11,1종,333960
74,덕소삼패,2015-11,2종,6826
74,덕소삼패,2015-11,3종,5612
74,덕소삼패,2015-11,4종,12238
74,덕소삼패,2015-11,5종,13776
74,덕소삼패,2015-11,6종,27674
91,대동(개),2015-11,1종,131977
91,대동(개),2015-11,2종,10243
91,대동(개),2015-11,3종,6046
91,대동(개),2015-11,4종,21080
91,대동(개),2015-11,5종,11257
91,대동(개),2015-11,6종,9483
92,내서,2015-11,1종,232959
92,내서,2015-11,2종,7685
92,내서,2015-11,3종,11337
92,내서,2015-11,4종,3493
92,내서,2015-11,5종,8329
92,내서,2015-11,6종,21008
101,서울,2015-11,1종,5345585
101,서울,2015-11,2종,183552
101,서울,2015-11,3종,607190
101,서울,2015-11,4종,106885
101,서울,2015-11,5종,62877
101,서울,2015-11,6종,252444
102,동수원,2015-11,1종,2189476
102,동수원,2015-11,2종,40566
102,동수원,2015-11,3종,91149
102,동수원,2015-11,4종,15796
102,동수원,2015-11,5종,40900
102,동수원,2015-11,6종,142303
103,수원신갈,2015-11,1종,2422429
103,수원신갈,2015-11,2종,94556
103,수원신갈,2015-11,3종,164737
103,수원신갈,2015-11,4종,40684
103,수원신갈,2015-11,5종,28396
103,수원신갈,2015-11,6종,138573
104,지곡,2015-11,1종,45764
104,지곡,2015-11,2종,1593
104,지곡,2015-11,3종,2837
104,지곡,2015-11,4종,2136
104,지곡,2015-11,5종,2420
104,지곡,2015-11,6종,1702
105,기흥,2015-11,1종,495027
105,기흥,2015-11,2종,23946
105,기흥,2015-11,3종,16705
105,기흥,2015-11,4종,9859
105,기흥,2015-11,5종,10960
105,기흥,2015-11,6종,28999
106,오산,2015-11,1종,1205788
106,오산,2015-11,2종,84206
106,오산,2015-11,3종,103609
106,오산,2015-11,4종,50284
106,오산,2015-11,5종,33589
106,오산,2015-11,6종,74574
107,안성,2015-11,1종,928290
107,안성,2015-11,2종,32311
107,안성,2015-11,3종,56842
107,안성,2015-11,4종,18317
107,안성,2015-11,5종,12986
107,안성,2015-11,6종,59626
108,천안,2015-11,1종,1559713
108,천안,2015-11,2종,45360
108,천안,2015-11,3종,112371
108,천안,2015-11,4종,37663
108,천안,2015-11,5종,29676
108,천안,2015-11,6종,79764
109,계룡,2015-11,1종,136223
109,계룡,2015-11,2종,8421
109,계룡,2015-11,3종,10386
109,계룡,2015-11,4종,8257
109,계룡,2015-11,5종,4244
109,계룡,2015-11,6종,7782
110,독립기념관,2015-11,1종,323675
110,독립기념관,2015-11,2종,18339
110,독립기념관,2015-11,3종,24228
110,독립기념관,2015-11,4종,20200
110,독립기념관,2015-11,5종,15075
110,독립기념관,2015-11,6종,13955
111,청주,2015-11,1종,517178
111,청주,2015-11,2종,19940
111,청주,2015-11,3종,51907
111,청주,2015-11,4종,16450
111,청주,2015-11,5종,20170
111,청주,2015-11,6종,26197
112,남청주,2015-11,1종,524110
112,남청주,2015-11,2종,39678
112,남청주,2015-11,3종,40770
112,남청주,2015-11,4종,48868
112,남청주,2015-11,5종,44417
112,남청주,2015-11,6종,23938
113,신탄진,2015-11,1종,777061
113,신탄진,2015-11,2종,40544
113,신탄진,2015-11,3종,36306
113,신탄진,2015-11,4종,58810
113,신탄진,2015-11,5종,53018
113,신탄진,2015-11,6종,41516
114,남대전,2015-11,1종,339595
114,남대전,2015-11,2종,12187
114,남대전,2015-11,3종,12406
114,남대전,2015-11,4종,6657
114,남대전,2015-11,5종,8302
114,남대전,2015-11,6종,17127
115,대전,2015-11,1종,1409057
115,대전,2015-11,2종,38834
115,대전,2015-11,3종,83712
115,대전,2015-11,4종,17181
115,대전,2015-11,5종,15716
115,대전,2015-11,6종,77789
116,옥천,2015-11,1종,398939
116,옥천,2015-11,2종,20320
116,옥천,2015-11,3종,23595
116,옥천,2015-11,4종,41169
116,옥천,2015-11,5종,24978
116,옥천,2015-11,6종,23775
117,금강,2015-11,1종,37703
117,금강,2015-11,2종,1628
117,금강,2015-11,3종,1830
117,금강,2015-11,4종,4031
117,금강,2015-11,5종,1961
117,금강,2015-11,6종,1917
118,영동,2015-11,1종,98057
118,영동,2015-11,2종,4466
118,영동,2015-11,3종,5892
118,영동,2015-11,4종,3179
118,영동,2015-11,5종,7120
118,영동,2015-11,6종,3925
119,판암,2015-11,1종,508785
119,판암,2015-11,2종,14809
119,판암,2015-11,3종,12329
119,판암,2015-11,4종,6887
119,판암,2015-11,5종,7344
119,판암,2015-11,6종,30881
120,황간,2015-11,1종,83474
120,황간,2015-11,2종,2587
120,황간,2015-11,3종,4710
120,황간,2015-11,4종,4329
120,황간,2015-11,5종,5963
120,황간,2015-11,6종,3380
121,추풍령,2015-11,1종,43932
121,추풍령,2015-11,2종,1202
121,추풍령,2015-11,3종,2571
121,추풍령,2015-11,4종,1076
121,추풍령,2015-11,5종,1489
121,추풍령,2015-11,6종,2051
122,김천,2015-11,1종,226974
122,김천,2015-11,2종,6686
122,김천,2015-11,3종,11300
122,김천,2015-11,4종,9655
122,김천,2015-11,5종,9000
122,김천,2015-11,6종,11002
123,구미,2015-11,1종,854251
123,구미,2015-11,2종,20086
123,구미,2015-11,3종,40925
123,구미,2015-11,4종,19429
123,구미,2015-11,5종,16390
123,구미,2015-11,6종,40892
124,상주,2015-11,1종,136573
124,상주,2015-11,2종,5652
124,상주,2015-11,3종,6441
124,상주,2015-11,4종,6473
124,상주,2015-11,5종,8194
124,상주,2015-11,6종,4493
125,남구미,2015-11,1종,565447
125,남구미,2015-11,2종,21787
125,남구미,2015-11,3종,33284
125,남구미,2015-11,4종,21832
125,남구미,2015-11,5종,37650
125,남구미,2015-11,6종,31209
126,왜관,2015-11,1종,663264
126,왜관,2015-11,2종,42359
126,왜관,2015-11,3종,36843
126,왜관,2015-11,4종,25256
126,왜관,2015-11,5종,33405
126,왜관,2015-11,6종,30293
127,서대구,2015-11,1종,2005271
127,서대구,2015-11,2종,84711
127,서대구,2015-11,3종,108352
127,서대구,2015-11,4종,53245
127,서대구,2015-11,5종,60219
127,서대구,2015-11,6종,88394
128,금왕꽃동네,2015-11,1종,136081
128,금왕꽃동네,2015-11,2종,10517
128,금왕꽃동네,2015-11,3종,15037
128,금왕꽃동네,2015-11,4종,9776
128,금왕꽃동네,2015-11,5종,15042
128,금왕꽃동네,2015-11,6종,6388
129,북대구,2015-11,1종,1872411
129,북대구,2015-11,2종,59696
129,북대구,2015-11,3종,59625
129,북대구,2015-11,4종,26860
129,북대구,2015-11,5종,29676
129,북대구,2015-11,6종,80520
130,동김천,2015-11,1종,207003
130,동김천,2015-11,2종,7194
130,동김천,2015-11,3종,12991
130,동김천,2015-11,4종,9557
130,동김천,2015-11,5종,19505
130,동김천,2015-11,6종,8439
131,경산,2015-11,1종,892633
131,경산,2015-11,2종,74833
131,경산,2015-11,3종,67687
131,경산,2015-11,4종,48344
131,경산,2015-11,5종,49298
131,경산,2015-11,6종,49622
132,영천,2015-11,1종,459786
132,영천,2015-11,2종,24404
132,영천,2015-11,3종,32671
132,영천,2015-11,4종,27378
132,영천,2015-11,5종,40364
132,영천,2015-11,6종,18051
133,서경주,2015-11,1종,186785
133,서경주,2015-11,2종,8091
133,서경주,2015-11,3종,15431
133,서경주,2015-11,4종,10719
133,서경주,2015-11,5종,28174
133,서경주,2015-11,6종,6240
134,선산,2015-11,1종,95094
134,선산,2015-11,2종,5091
134,선산,2015-11,3종,5622
134,선산,2015-11,4종,5240
134,선산,2015-11,5종,10753
134,선산,2015-11,6종,3434
135,경주,2015-11,1종,914742
135,경주,2015-11,2종,35448
135,경주,2015-11,3종,78729
135,경주,2015-11,4종,47190
135,경주,2015-11,5종,94582
135,경주,2015-11,6종,34730
136,음성,2015-11,1종,180900
136,음성,2015-11,2종,9450
136,음성,2015-11,3종,11771
136,음성,2015-11,4종,8485
136,음성,2015-11,5종,12792
136,음성,2015-11,6종,7126
137,통도사,2015-11,1종,297254
137,통도사,2015-11,2종,15792
137,통도사,2015-11,3종,15892
137,통도사,2015-11,4종,12348
137,통도사,2015-11,5종,16913
137,통도사,2015-11,6종,14831
138,양산,2015-11,1종,714803
138,양산,2015-11,2종,71454
138,양산,2015-11,3종,48606
138,양산,2015-11,4종,49574
138,양산,2015-11,5종,59369
138,양산,2015-11,6종,39684
139,서울산,2015-11,1종,541750
139,서울산,2015-11,2종,26488
139,서울산,2015-11,3종,35163
139,서울산,2015-11,4종,16822
139,서울산,2015-11,5종,25237
139,서울산,2015-11,6종,27034
140,부산,2015-11,1종,1818541
140,부산,2015-11,2종,62476
140,부산,2015-11,3종,55713
140,부산,2015-11,4종,32249
140,부산,2015-11,5종,56869
140,부산,2015-11,6종,103129
142,군북,2015-11,1종,404659
142,군북,2015-11,2종,14858
142,군북,2015-11,3종,17498
142,군북,2015-11,4종,10754
142,군북,2015-11,5종,24999
142,군북,2015-11,6종,24349
143,장지,2015-11,1종,121176
143,장지,2015-11,2종,4962
143,장지,2015-11,3종,5968
143,장지,2015-11,4종,4704
143,장지,2015-11,5종,17872
143,장지,2015-11,6종,7929
144,함안,2015-11,1종,264779
144,함안,2015-11,2종,9709
144,함안,2015-11,3종,10443
144,함안,2015-11,4종,6608
144,함안,2015-11,5종,20080
144,함안,2015-11,6종,17381
145,산인,2015-11,1종,847902
145,산인,2015-11,2종,19496
145,산인,2015-11,3종,42746
145,산인,2015-11,4종,14100
145,산인,2015-11,5종,25538
145,산인,2015-11,6종,46909
146,동창원,2015-11,1종,631105
146,동창원,2015-11,2종,29012
146,동창원,2015-11,3종,30161
146,동창원,2015-11,4종,27880
146,동창원,2015-11,5종,36381
146,동창원,2015-11,6종,42545
147,진례,2015-11,1종,494749
147,진례,2015-11,2종,33165
147,진례,2015-11,3종,25602
147,진례,2015-11,4종,22949
147,진례,2015-11,5종,26738
147,진례,2015-11,6종,32430
148,서김해,2015-11,1종,842737
148,서김해,2015-11,2종,31771
148,서김해,2015-11,3종,29905
148,서김해,2015-11,4종,20079
148,서김해,2015-11,5종,26119
148,서김해,2015-11,6종,57821
149,동김해,2015-11,1종,1267262
149,동김해,2015-11,2종,38844
149,동김해,2015-11,3종,34595
149,동김해,2015-11,4종,14669
149,동김해,2015-11,5종,15805
149,동김해,2015-11,6종,95353
150,북부산,2015-11,1종,1931033
150,북부산,2015-11,2종,36159
150,북부산,2015-11,3종,42552
150,북부산,2015-11,4종,16006
150,북부산,2015-11,5종,32620
150,북부산,2015-11,6종,128008
151,북대전,2015-11,1종,738621
151,북대전,2015-11,2종,16287
151,북대전,2015-11,3종,34044
151,북대전,2015-11,4종,18821
151,북대전,2015-11,5종,19873
151,북대전,2015-11,6종,42228
152,유성,2015-11,1종,1116631
152,유성,2015-11,2종,23927
152,유성,2015-11,3종,41171
152,유성,2015-11,4종,18584
152,유성,2015-11,5종,12430
152,유성,2015-11,6종,53421
153,서대전,2015-11,1종,769677
153,서대전,2015-11,2종,22161
153,서대전,2015-11,3종,23145
153,서대전,2015-11,4종,17617
153,서대전,2015-11,5종,14155
153,서대전,2015-11,6종,45912
154,안영,2015-11,1종,450629
154,안영,2015-11,2종,16135
154,안영,2015-11,3종,14082
154,안영,2015-11,4종,7466
154,안영,2015-11,5종,10179
154,안영,2015-11,6종,25171
155,논산,2015-11,1종,234445
155,논산,2015-11,2종,14348
155,논산,2015-11,3종,16591
155,논산,2015-11,4종,12949
155,논산,2015-11,5종,10775
155,논산,2015-11,6종,10591
156,익산,2015-11,1종,297026
156,익산,2015-11,2종,18008
156,익산,2015-11,3종,29333
156,익산,2015-11,4종,17441
156,익산,2015-11,5종,21299
156,익산,2015-11,6종,9685
157,삼례,2015-11,1종,124920
157,삼례,2015-11,2종,7652
157,삼례,2015-11,3종,9568
157,삼례,2015-11,4종,7414
157,삼례,2015-11,5종,11533
157,삼례,2015-11,6종,3860
158,전주,2015-11,1종,473843
158,전주,2015-11,2종,16030
158,전주,2015-11,3종,51870
158,전주,2015-11,4종,17573
158,전주,2015-11,5종,29273
158,전주,2015-11,6종,15382
159,서전주,2015-11,1종,318503
159,서전주,2015-11,2종,12041
159,서전주,2015-11,3종,13114
159,서전주,2015-11,4종,7053
159,서전주,2015-11,5종,5490
159,서전주,2015-11,6종,10368
160,김제,2015-11,1종,130254
160,김제,2015-11,2종,6779
160,김제,2015-11,3종,9077
160,김제,2015-11,4종,3909
160,김제,2015-11,5종,3468
160,김제,2015-11,6종,4292
161,금산사,2015-11,1종,35135
161,금산사,2015-11,2종,1755
161,금산사,2015-11,3종,2266
161,금산사,2015-11,4종,580
161,금산사,2015-11,5종,1566
161,금산사,2015-11,6종,1048
162,태인,2015-11,1종,105320
162,태인,2015-11,2종,5269
162,태인,2015-11,3종,10892
162,태인,2015-11,4종,5400
162,태인,2015-11,5종,4370
162,태인,2015-11,6종,3232
163,정읍,2015-11,1종,276274
163,정읍,2015-11,2종,13376
163,정읍,2015-11,3종,23004
163,정읍,2015-11,4종,10472
163,정읍,2015-11,5종,7853
163,정읍,2015-11,6종,8684
164,무주,2015-11,1종,159429
164,무주,2015-11,2종,3963
164,무주,2015-11,3종,6283
164,무주,2015-11,4종,2540
164,무주,2015-11,5종,2492
164,무주,2015-11,6종,5831
165,백양사,2015-11,1종,92326
165,백양사,2015-11,2종,1892
165,백양사,2015-11,3종,5640
165,백양사,2015-11,4종,1600
165,백양사,2015-11,5종,1021
165,백양사,2015-11,6종,2568
166,장성,2015-11,1종,178422
166,장성,2015-11,2종,10857
166,장성,2015-11,3종,17058
166,장성,2015-11,4종,10147
166,장성,2015-11,5종,10357
166,장성,2015-11,6종,6274
167,광주,2015-11,1종,1046472
167,광주,2015-11,2종,32848
167,광주,2015-11,3종,79210
167,광주,2015-11,4종,38511
167,광주,2015-11,5종,22620
167,광주,2015-11,6종,31748
168,덕유산,2015-11,1종,59208
168,덕유산,2015-11,2종,1638
168,덕유산,2015-11,3종,1571
168,덕유산,2015-11,4종,863
168,덕유산,2015-11,5종,1633
168,덕유산,2015-11,6종,1885
169,장수,2015-11,1종,118235
169,장수,2015-11,2종,4143
169,장수,2015-11,3종,4300
169,장수,2015-11,4종,2673
169,장수,2015-11,5종,2218
169,장수,2015-11,6종,3641
170,서상,2015-11,1종,52931
170,서상,2015-11,2종,2158
170,서상,2015-11,3종,4545
170,서상,2015-11,4종,3532
170,서상,2015-11,5종,3325
170,서상,2015-11,6종,2029
171,마성,2015-11,1종,279285
171,마성,2015-11,2종,5598
171,마성,2015-11,3종,20884
171,마성,2015-11,4종,1469
171,마성,2015-11,5종,2512
171,마성,2015-11,6종,16223
172,용인,2015-11,1종,923752
172,용인,2015-11,2종,61665
172,용인,2015-11,3종,40854
172,용인,2015-11,4종,23588
172,용인,2015-11,5종,18165
172,용인,2015-11,6종,63499
173,양지,2015-11,1종,900125
173,양지,2015-11,2종,94298
173,양지,2015-11,3종,67872
173,양지,2015-11,4종,63608
173,양지,2015-11,5종,46971
173,양지,2015-11,6종,52910
174,춘천,2015-11,1종,740539
174,춘천,2015-11,2종,19422
174,춘천,2015-11,3종,28080
174,춘천,2015-11,4종,8422
174,춘천,2015-11,5종,10334
174,춘천,2015-11,6종,47830
175,덕평,2015-11,1종,326827
175,덕평,2015-11,2종,43263
175,덕평,2015-11,3종,25526
175,덕평,2015-11,4종,22378
175,덕평,2015-11,5종,10689
175,덕평,2015-11,6종,20932
176,이천,2015-11,1종,650998
176,이천,2015-11,2종,36208
176,이천,2015-11,3종,50930
176,이천,2015-11,4종,45747
176,이천,2015-11,5종,39337
176,이천,2015-11,6종,32095
177,여주,2015-11,1종,389445
177,여주,2015-11,2종,15228
177,여주,2015-11,3종,39984
177,여주,2015-11,4종,21711
177,여주,2015-11,5종,14472
177,여주,2015-11,6종,17348
178,문막,2015-11,1종,367743
178,문막,2015-11,2종,22056
178,문막,2015-11,3종,37992
178,문막,2015-11,4종,15886
178,문막,2015-11,5종,16907
178,문막,2015-11,6종,16841
179,홍천,2015-11,1종,322407
179,홍천,2015-11,2종,9814
179,홍천,2015-11,3종,17668
179,홍천,2015-11,4종,7061
179,홍천,2015-11,5종,8685
179,홍천,2015-11,6종,22904
180,원주,2015-11,1종,260604
180,원주,2015-11,2종,14611
180,원주,2015-11,3종,20237
180,원주,2015-11,4종,9802
180,원주,2015-11,5종,9959
180,원주,2015-11,6종,13616
181,새말,2015-11,1종,212085
181,새말,2015-11,2종,8297
181,새말,2015-11,3종,14019
181,새말,2015-11,4종,7791
181,새말,2015-11,5종,6621
181,새말,2015-11,6종,8298
182,둔내,2015-11,1종,103271
182,둔내,2015-11,2종,3491
182,둔내,2015-11,3종,4515
182,둔내,2015-11,4종,4963
182,둔내,2015-11,5종,2706
182,둔내,2015-11,6종,4470
183,면온,2015-11,1종,74639
183,면온,2015-11,2종,1534
183,면온,2015-11,3종,2710
183,면온,2015-11,4종,2787
183,면온,2015-11,5종,2470
183,면온,2015-11,6종,3248
184,대관령,2015-11,1종,185785
184,대관령,2015-11,2종,5224
184,대관령,2015-11,3종,15018
184,대관령,2015-11,4종,2334
184,대관령,2015-11,5종,4814
184,대관령,2015-11,6종,9800
185,평창,2015-11,1종,115216
185,평창,2015-11,2종,4189
185,평창,2015-11,3종,13851
185,평창,2015-11,4종,2858
185,평창,2015-11,5종,4468
185,평창,2015-11,6종,5365
186,속사,2015-11,1종,32050
186,속사,2015-11,2종,1372
186,속사,2015-11,3종,1412
186,속사,2015-11,4종,2440
186,속사,2015-11,5종,2595
186,속사,2015-11,6종,1185
187,진부,2015-11,1종,129772
187,진부,2015-11,2종,5739
187,진부,2015-11,3종,12180
187,진부,2015-11,4종,3729
187,진부,2015-11,5종,6059
187,진부,2015-11,6종,6236
188,서충주,2015-11,1종,126336
188,서충주,2015-11,2종,6278
188,서충주,2015-11,3종,9437
188,서충주,2015-11,4종,7286
188,서충주,2015-11,5종,8311
188,서충주,2015-11,6종,5274
189,강릉,2015-11,1종,489680
189,강릉,2015-11,2종,13599
189,강릉,2015-11,3종,42757
189,강릉,2015-11,4종,9644
189,강릉,2015-11,5종,13329
189,강릉,2015-11,6종,25000
190,동서울,2015-11,1종,3417142
190,동서울,2015-11,2종,181635
190,동서울,2015-11,3종,227209
190,동서울,2015-11,4종,114889
190,동서울,2015-11,5종,69765
190,동서울,2015-11,6종,165142
191,경기광주,2015-11,1종,799864
191,경기광주,2015-11,2종,45856
191,경기광주,2015-11,3종,38580
191,경기광주,2015-11,4종,12294
191,경기광주,2015-11,5종,6018
191,경기광주,2015-11,6종,59069
192,곤지암,2015-11,1종,857440
192,곤지암,2015-11,2종,68967
192,곤지암,2015-11,3종,53921
192,곤지암,2015-11,4종,39987
192,곤지암,2015-11,5종,23897
192,곤지암,2015-11,6종,49351
193,일죽,2015-11,1종,470990
193,일죽,2015-11,2종,35374
193,일죽,2015-11,3종,42031
193,일죽,2015-11,4종,35066
193,일죽,2015-11,5종,20214
193,일죽,2015-11,6종,19923
194,서이천,2015-11,1종,518834
194,서이천,2015-11,2종,58477
194,서이천,2015-11,3종,51508
194,서이천,2015-11,4종,33999
194,서이천,2015-11,5종,15883
194,서이천,2015-11,6종,30853
195,대소,2015-11,1종,281552
195,대소,2015-11,2종,37712
195,대소,2015-11,3종,42276
195,대소,2015-11,4종,32284
195,대소,2015-11,5종,23024
195,대소,2015-11,6종,13711
196,진천,2015-11,1종,275972
196,진천,2015-11,2종,16733
196,진천,2015-11,3종,21057
196,진천,2015-11,4종,16569
196,진천,2015-11,5종,19401
196,진천,2015-11,6종,12766
197,증평,2015-11,1종,373059
197,증평,2015-11,2종,21038
197,증평,2015-11,3종,26799
197,증평,2015-11,4종,18500
197,증평,2015-11,5종,19169
197,증평,2015-11,6종,15929
198,서청주,2015-11,1종,830321
198,서청주,2015-11,2종,33218
198,서청주,2015-11,3종,44579
198,서청주,2015-11,4종,28689
198,서청주,2015-11,5종,20936
198,서청주,2015-11,6종,42747
199,오창,2015-11,1종,557171
199,오창,2015-11,2종,20808
199,오창,2015-11,3종,32700
199,오창,2015-11,4종,20116
199,오창,2015-11,5종,18391
199,오창,2015-11,6종,27663
200,금산,2015-11,1종,151677
200,금산,2015-11,2종,3910
200,금산,2015-11,3종,7842
200,금산,2015-11,4종,3915
200,금산,2015-11,5종,4676
200,금산,2015-11,6종,6811
201,칠곡,2015-11,1종,648902
201,칠곡,2015-11,2종,23728
201,칠곡,2015-11,3종,23417
201,칠곡,2015-11,4종,8611
201,칠곡,2015-11,5종,13592
201,칠곡,2015-11,6종,33714
202,다부,2015-11,1종,130767
202,다부,2015-11,2종,7236
202,다부,2015-11,3종,6175
202,다부,2015-11,4종,3062
202,다부,2015-11,5종,7810
202,다부,2015-11,6종,4964
203,가산,2015-11,1종,566834
203,가산,2015-11,2종,21722
203,가산,2015-11,3종,23278
203,가산,2015-11,4종,15731
203,가산,2015-11,5종,34363
203,가산,2015-11,6종,23073
204,추부,2015-11,1종,190498
204,추부,2015-11,2종,8425
204,추부,2015-11,3종,11159
204,추부,2015-11,4종,5104
204,추부,2015-11,5종,4344
204,추부,2015-11,6종,10877
205,군위,2015-11,1종,165479
205,군위,2015-11,2종,5764
205,군위,2015-11,3종,5740
205,군위,2015-11,4종,3709
205,군위,2015-11,5종,13083
205,군위,2015-11,6종,6755
206,의성,2015-11,1종,185321
206,의성,2015-11,2종,5006
206,의성,2015-11,3종,4939
206,의성,2015-11,4종,2351
206,의성,2015-11,5종,4708
206,의성,2015-11,6종,6169
207,남안동,2015-11,1종,307717
207,남안동,2015-11,2종,8872
207,남안동,2015-11,3종,8954
207,남안동,2015-11,4종,5052
207,남안동,2015-11,5종,8526
207,남안동,2015-11,6종,10954
208,서안동,2015-11,1종,236371
208,서안동,2015-11,2종,7090
208,서안동,2015-11,3종,19445
208,서안동,2015-11,4종,5847
208,서안동,2015-11,5종,9917
208,서안동,2015-11,6종,7331
209,예천,2015-11,1종,28881
209,예천,2015-11,2종,678
209,예천,2015-11,3종,560
209,예천,2015-11,4종,295
209,예천,2015-11,5종,640
209,예천,2015-11,6종,982
210,영주,2015-11,1종,146047
210,영주,2015-11,2종,5183
210,영주,2015-11,3종,7747
210,영주,2015-11,4종,4469
210,영주,2015-11,5종,14226
210,영주,2015-11,6종,4847
211,풍기,2015-11,1종,231884
211,풍기,2015-11,2종,6075
211,풍기,2015-11,3종,17109
211,풍기,2015-11,4종,5924
211,풍기,2015-11,5종,10657
211,풍기,2015-11,6종,7891
212,북수원,2015-11,1종,1339568
212,북수원,2015-11,2종,40764
212,북수원,2015-11,3종,58483
212,북수원,2015-11,4종,25720
212,북수원,2015-11,5종,23435
212,북수원,2015-11,6종,84266
213,부곡,2015-11,1종,395324
213,부곡,2015-11,2종,11862
213,부곡,2015-11,3종,9248
213,부곡,2015-11,4종,14824
213,부곡,2015-11,5종,65048
213,부곡,2015-11,6종,27423
214,동군포,2015-11,1종,232821
214,동군포,2015-11,2종,26081
214,동군포,2015-11,3종,18845
214,동군포,2015-11,4종,39415
214,동군포,2015-11,5종,23479
214,동군포,2015-11,6종,18295
215,군포,2015-11,1종,1032039
215,군포,2015-11,2종,46720
215,군포,2015-11,3종,43353
215,군포,2015-11,4종,21129
215,군포,2015-11,5종,30280
215,군포,2015-11,6종,76470
216,횡성,2015-11,1종,199783
216,횡성,2015-11,2종,7287
216,횡성,2015-11,3종,11034
216,횡성,2015-11,4종,4585
216,횡성,2015-11,5종,7210
216,횡성,2015-11,6종,10003
217,북원주,2015-11,1종,74660
217,북원주,2015-11,2종,5947
217,북원주,2015-11,3종,4692
217,북원주,2015-11,4종,2120
217,북원주,2015-11,5종,3359
217,북원주,2015-11,6종,5294
218,남원주,2015-11,1종,576417
218,남원주,2015-11,2종,16389
218,남원주,2015-11,3종,29362
218,남원주,2015-11,4종,8088
218,남원주,2015-11,5종,10198
218,남원주,2015-11,6종,30173
219,신림,2015-11,1종,103398
219,신림,2015-11,2종,2995
219,신림,2015-11,3종,3330
219,신림,2015-11,4종,3281
219,신림,2015-11,5종,8217
219,신림,2015-11,6종,4363
220,덕평휴게소,2015-11,1종,6248
220,덕평휴게소,2015-11,2종,167
220,덕평휴게소,2015-11,3종,74
220,덕평휴게소,2015-11,4종,5
220,덕평휴게소,2015-11,5종,42
220,덕평휴게소,2015-11,6종,468
221,생초,2015-11,1종,59001
221,생초,2015-11,2종,2133
221,생초,2015-11,3종,3524
221,생초,2015-11,4종,2497
221,생초,2015-11,5종,7663
221,생초,2015-11,6종,2011
222,산청,2015-11,1종,54884
222,산청,2015-11,2종,1812
222,산청,2015-11,3종,2936
222,산청,2015-11,4종,1187
222,산청,2015-11,5종,1862
222,산청,2015-11,6종,2161
223,단성,2015-11,1종,105503
223,단성,2015-11,2종,2318
223,단성,2015-11,3종,6400
223,단성,2015-11,4종,3213
223,단성,2015-11,5종,3691
223,단성,2015-11,6종,4166
224,함양,2015-11,1종,113296
224,함양,2015-11,2종,3407
224,함양,2015-11,3종,8273
224,함양,2015-11,4종,2209
224,함양,2015-11,5종,3765
224,함양,2015-11,6종,4850
225,서진주,2015-11,1종,330009
225,서진주,2015-11,2종,7857
225,서진주,2015-11,3종,8992
225,서진주,2015-11,4종,5684
225,서진주,2015-11,5종,11775
225,서진주,2015-11,6종,19406
227,군산,2015-11,1종,297763
227,군산,2015-11,2종,7053
227,군산,2015-11,3종,18543
227,군산,2015-11,4종,12987
227,군산,2015-11,5종,27542
227,군산,2015-11,6종,9168
228,동군산,2015-11,1종,264859
228,동군산,2015-11,2종,8481
228,동군산,2015-11,3종,15321
228,동군산,2015-11,4종,8192
228,동군산,2015-11,5종,14769
228,동군산,2015-11,6종,7572
229,북천안,2015-11,1종,409535
229,북천안,2015-11,2종,30218
229,북천안,2015-11,3종,40498
229,북천안,2015-11,4종,44969
229,북천안,2015-11,5종,44122
229,북천안,2015-11,6종,23445
230,팔공산,2015-11,1종,735240
230,팔공산,2015-11,2종,25534
230,팔공산,2015-11,3종,16990
230,팔공산,2015-11,4종,8514
230,팔공산,2015-11,5종,9810
230,팔공산,2015-11,6종,35699
231,화원옥포,2015-11,1종,646518
231,화원옥포,2015-11,2종,32028
231,화원옥포,2015-11,3종,21292
231,화원옥포,2015-11,4종,10458
231,화원옥포,2015-11,5종,13535
231,화원옥포,2015-11,6종,33942
232,달성,2015-11,1종,300291
232,달성,2015-11,2종,18146
232,달성,2015-11,3종,22797
232,달성,2015-11,4종,6312
232,달성,2015-11,5종,7660
232,달성,2015-11,6종,20836
233,현풍,2015-11,1종,413632
233,현풍,2015-11,2종,29365
233,현풍,2015-11,3종,28858
233,현풍,2015-11,4종,22876
233,현풍,2015-11,5종,37614
233,현풍,2015-11,6종,20110
234,서천,2015-11,1종,111047
234,서천,2015-11,2종,3153
234,서천,2015-11,3종,5050
234,서천,2015-11,4종,4026
234,서천,2015-11,5종,4521
234,서천,2015-11,6종,3720
235,창녕,2015-11,1종,166950
235,창녕,2015-11,2종,6899
235,창녕,2015-11,3종,9612
235,창녕,2015-11,4종,4210
235,창녕,2015-11,5종,8724
235,창녕,2015-11,6종,8260
236,영산,2015-11,1종,162522
236,영산,2015-11,2종,9970
236,영산,2015-11,3종,11227
236,영산,2015-11,4종,7963
236,영산,2015-11,5종,9768
236,영산,2015-11,6종,7528
237,남지,2015-11,1종,143887
237,남지,2015-11,2종,7814
237,남지,2015-11,3종,12746
237,남지,2015-11,4종,7583
237,남지,2015-11,5종,13612
237,남지,2015-11,6종,10251
238,칠서,2015-11,1종,235502
238,칠서,2015-11,2종,22092
238,칠서,2015-11,3종,19064
238,칠서,2015-11,4종,24243
238,칠서,2015-11,5종,38463
238,칠서,2015-11,6종,13909
239,칠원,2015-11,1종,607840
239,칠원,2015-11,2종,23048
239,칠원,2015-11,3종,48799
239,칠원,2015-11,4종,35898
239,칠원,2015-11,5종,36244
239,칠원,2015-11,6종,30554
240,제천,2015-11,1종,463630
240,제천,2015-11,2종,13008
240,제천,2015-11,3종,24780
240,제천,2015-11,4종,8871
240,제천,2015-11,5종,16893
240,제천,2015-11,6종,19494
241,동고령,2015-11,1종,310426
241,동고령,2015-11,2종,18288
241,동고령,2015-11,3종,18832
241,동고령,2015-11,4종,15678
241,동고령,2015-11,5종,17295
241,동고령,2015-11,6종,14419
242,고령,2015-11,1종,216878
242,고령,2015-11,2종,11224
242,고령,2015-11,3종,11005
242,고령,2015-11,4종,6930
242,고령,2015-11,5종,18174
242,고령,2015-11,6종,8277
243,해인사,2015-11,1종,119974
243,해인사,2015-11,2종,3654
243,해인사,2015-11,3종,4635
243,해인사,2015-11,4종,1585
243,해인사,2015-11,5종,2231
243,해인사,2015-11,6종,4901
244,서부산,2015-11,1종,1642015
244,서부산,2015-11,2종,47411
244,서부산,2015-11,3종,87523
244,서부산,2015-11,4종,38271
244,서부산,2015-11,5종,88614
244,서부산,2015-11,6종,92801
245,장유,2015-11,1종,1522137
245,장유,2015-11,2종,42382
245,장유,2015-11,3종,65571
245,장유,2015-11,4종,26010
245,장유,2015-11,5종,36107
245,장유,2015-11,6종,107225
246,가락,2015-11,1종,57983
246,가락,2015-11,2종,7194
246,가락,2015-11,3종,7772
246,가락,2015-11,4종,18462
246,가락,2015-11,5종,52900
246,가락,2015-11,6종,2369
247,남원,2015-11,1종,143045
247,남원,2015-11,2종,5768
247,남원,2015-11,3종,8497
247,남원,2015-11,4종,3106
247,남원,2015-11,5종,9868
247,남원,2015-11,6종,5319
248,순창,2015-11,1종,142503
248,순창,2015-11,2종,3973
248,순창,2015-11,3종,8255
248,순창,2015-11,4종,3138
248,순창,2015-11,5종,6367
248,순창,2015-11,6종,4838
249,담양,2015-11,1종,177274
249,담양,2015-11,2종,4036
249,담양,2015-11,3종,16869
249,담양,2015-11,4종,2161
249,담양,2015-11,5종,3637
249,담양,2015-11,6종,5601
250,남양산,2015-11,1종,1198960
250,남양산,2015-11,2종,50000
250,남양산,2015-11,3종,45669
250,남양산,2015-11,4종,26205
250,남양산,2015-11,5종,34049
250,남양산,2015-11,6종,85956
251,물금,2015-11,1종,527784
251,물금,2015-11,2종,43354
251,물금,2015-11,3종,20076
251,물금,2015-11,4종,43108
251,물금,2015-11,5종,61482
251,물금,2015-11,6종,37528
252,대동,2015-11,1종,1904117
252,대동,2015-11,2종,104126
252,대동,2015-11,3종,85275
252,대동,2015-11,4종,76710
252,대동,2015-11,5종,211839
252,대동,2015-11,6종,89835
253,서서울,2015-11,1종,5258633
253,서서울,2015-11,2종,204736
253,서서울,2015-11,3종,185549
253,서서울,2015-11,4종,154781
253,서서울,2015-11,5종,137580
253,서서울,2015-11,6종,315027
254,군자,2015-11,1종,2420644
254,군자,2015-11,2종,108241
254,군자,2015-11,3종,112172
254,군자,2015-11,4종,80644
254,군자,2015-11,5종,162509
254,군자,2015-11,6종,165997
255,서안산,2015-11,1종,1751608
255,서안산,2015-11,2종,95385
255,서안산,2015-11,3종,72240
255,서안산,2015-11,4종,52694
255,서안산,2015-11,5종,57795
255,서안산,2015-11,6종,133222
256,안산,2015-11,1종,879964
256,안산,2015-11,2종,24350
256,안산,2015-11,3종,21029
256,안산,2015-11,4종,7065
256,안산,2015-11,5종,7798
256,안산,2015-11,6종,68315
257,홍성,2015-11,1종,209318
257,홍성,2015-11,2종,5401
257,홍성,2015-11,3종,9962
257,홍성,2015-11,4종,4264
257,홍성,2015-11,5종,4791
257,홍성,2015-11,6종,7165
258,광천,2015-11,1종,155055
258,광천,2015-11,2종,5897
258,광천,2015-11,3종,9925
258,광천,2015-11,4종,6135
258,광천,2015-11,5종,7861
258,광천,2015-11,6종,5296
259,대천,2015-11,1종,235798
259,대천,2015-11,2종,5950
259,대천,2015-11,3종,11158
259,대천,2015-11,4종,3518
259,대천,2015-11,5종,4040
259,대천,2015-11,6종,8202
260,춘장대,2015-11,1종,56599
260,춘장대,2015-11,2종,1276
260,춘장대,2015-11,3종,1628
260,춘장대,2015-11,4종,1033
260,춘장대,2015-11,5종,1401
260,춘장대,2015-11,6종,1581
261,동광주,2015-11,1종,1080079
261,동광주,2015-11,2종,27274
261,동광주,2015-11,3종,59251
261,동광주,2015-11,4종,20700
261,동광주,2015-11,5종,29966
261,동광주,2015-11,6종,36184
262,창평,2015-11,1종,102281
262,창평,2015-11,2종,4908
262,창평,2015-11,3종,3336
262,창평,2015-11,4종,2802
262,창평,2015-11,5종,1685
262,창평,2015-11,6종,3312
263,옥과,2015-11,1종,214670
263,옥과,2015-11,2종,4135
263,옥과,2015-11,3종,10877
263,옥과,2015-11,4종,3108
263,옥과,2015-11,5종,4924
263,옥과,2015-11,6종,8834
264,동남원,2015-11,1종,48940
264,동남원,2015-11,2종,1930
264,동남원,2015-11,3종,2674
264,동남원,2015-11,4종,1312
264,동남원,2015-11,5종,1513
264,동남원,2015-11,6종,1845
265,곡성,2015-11,1종,155007
265,곡성,2015-11,2종,3852
265,곡성,2015-11,3종,4772
265,곡성,2015-11,4종,2202
265,곡성,2015-11,5종,4764
265,곡성,2015-11,6종,6302
266,석곡,2015-11,1종,49347
266,석곡,2015-11,2종,1312
266,석곡,2015-11,3종,1945
266,석곡,2015-11,4종,728
266,석곡,2015-11,5종,962
266,석곡,2015-11,6종,1790
267,주암송광사,2015-11,1종,132440
267,주암송광사,2015-11,2종,3605
267,주암송광사,2015-11,3종,4099
267,주암송광사,2015-11,4종,2909
267,주암송광사,2015-11,5종,3466
267,주암송광사,2015-11,6종,4083
268,승주,2015-11,1종,75839
268,승주,2015-11,2종,1316
268,승주,2015-11,3종,2983
268,승주,2015-11,4종,691
268,승주,2015-11,5종,1011
268,승주,2015-11,6종,3687
269,지리산,2015-11,1종,64837
269,지리산,2015-11,2종,1972
269,지리산,2015-11,3종,3348
269,지리산,2015-11,4종,1742
269,지리산,2015-11,5종,1338
269,지리산,2015-11,6종,1803
270,서순천,2015-11,1종,171845
270,서순천,2015-11,2종,5418
270,서순천,2015-11,3종,11194
270,서순천,2015-11,4종,2244
270,서순천,2015-11,5종,2600
270,서순천,2015-11,6종,6354
271,순천,2015-11,1종,601631
271,순천,2015-11,2종,15232
271,순천,2015-11,3종,18073
271,순천,2015-11,4종,9012
271,순천,2015-11,5종,21619
271,순천,2015-11,6종,20343
272,광양,2015-11,1종,329886
272,광양,2015-11,2종,9555
272,광양,2015-11,3종,26015
272,광양,2015-11,4종,15530
272,광양,2015-11,5종,42465
272,광양,2015-11,6종,10860
273,동광양,2015-11,1종,151090
273,동광양,2015-11,2종,2521
273,동광양,2015-11,3종,3202
273,동광양,2015-11,4종,4492
273,동광양,2015-11,5종,21506
273,동광양,2015-11,6종,7076
274,가조,2015-11,1종,68903
274,가조,2015-11,2종,2637
274,가조,2015-11,3종,3342
274,가조,2015-11,4종,2137
274,가조,2015-11,5종,1970
274,가조,2015-11,6종,3846
275,옥곡,2015-11,1종,179855
275,옥곡,2015-11,2종,4434
275,옥곡,2015-11,3종,10640
275,옥곡,2015-11,4종,7467
275,옥곡,2015-11,5종,27133
275,옥곡,2015-11,6종,7266
276,진월,2015-11,1종,85518
276,진월,2015-11,2종,2104
276,진월,2015-11,3종,2536
276,진월,2015-11,4종,5879
276,진월,2015-11,5종,25479
276,진월,2015-11,6종,2941
277,하동,2015-11,1종,224410
277,하동,2015-11,2종,5595
277,하동,2015-11,3종,10530
277,하동,2015-11,4종,10228
277,하동,2015-11,5종,39310
277,하동,2015-11,6종,9881
278,진교,2015-11,1종,175562
278,진교,2015-11,2종,4378
278,진교,2015-11,3종,13718
278,진교,2015-11,4종,1666
278,진교,2015-11,5종,4453
278,진교,2015-11,6종,10005
279,곤양,2015-11,1종,136745
279,곤양,2015-11,2종,3755
279,곤양,2015-11,3종,6796
279,곤양,2015-11,4종,3115
279,곤양,2015-11,5종,8995
279,곤양,2015-11,6종,6349
280,거창,2015-11,1종,182143
280,거창,2015-11,2종,7495
280,거창,2015-11,3종,14804
280,거창,2015-11,4종,4107
280,거창,2015-11,5종,4860
280,거창,2015-11,6종,9032
281,매송,2015-11,1종,551564
281,매송,2015-11,2종,23623
281,매송,2015-11,3종,26924
281,매송,2015-11,4종,12940
281,매송,2015-11,5종,28617
281,매송,2015-11,6종,31819
282,비봉,2015-11,1종,811214
282,비봉,2015-11,2종,41832
282,비봉,2015-11,3종,36589
282,비봉,2015-11,4종,20389
282,비봉,2015-11,5종,41411
282,비봉,2015-11,6종,47893
283,발안,2015-11,1종,495026
283,발안,2015-11,2종,31078
283,발안,2015-11,3종,26668
283,발안,2015-11,4종,21572
283,발안,2015-11,5종,21334
283,발안,2015-11,6종,31472
284,남양양,2015-11,1종,47731
284,남양양,2015-11,2종,1482
284,남양양,2015-11,3종,2618
284,남양양,2015-11,4종,570
284,남양양,2015-11,5종,1362
284,남양양,2015-11,6종,1556
285,서평택,2015-11,1종,609267
285,서평택,2015-11,2종,38235
285,서평택,2015-11,3종,52945
285,서평택,2015-11,4종,64571
285,서평택,2015-11,5종,130693
285,서평택,2015-11,6종,34641
286,통도사휴게소,2015-11,1종,1178
286,통도사휴게소,2015-11,2종,11
286,통도사휴게소,2015-11,3종,50
286,통도사휴게소,2015-11,4종,0
286,통도사휴게소,2015-11,5종,0
286,통도사휴게소,2015-11,6종,44
287,송악,2015-11,1종,520607
287,송악,2015-11,2종,18430
287,송악,2015-11,3종,25650
287,송악,2015-11,4종,27255
287,송악,2015-11,5종,137891
287,송악,2015-11,6종,24391
288,당진,2015-11,1종,455969
288,당진,2015-11,2종,17240
288,당진,2015-11,3종,27986
288,당진,2015-11,4종,14222
288,당진,2015-11,5종,28897
288,당진,2015-11,6종,20740
289,마산,2015-11,1종,991181
289,마산,2015-11,2종,29071
289,마산,2015-11,3종,48349
289,마산,2015-11,4종,16248
289,마산,2015-11,5종,20421
289,마산,2015-11,6종,60963
290,축동,2015-11,1종,53137
290,축동,2015-11,2종,2753
290,축동,2015-11,3종,2007
290,축동,2015-11,4종,4376
290,축동,2015-11,5종,6002
290,축동,2015-11,6종,3035
291,사천,2015-11,1종,720497
291,사천,2015-11,2종,28102
291,사천,2015-11,3종,33130
291,사천,2015-11,4종,15762
291,사천,2015-11,5종,29879
291,사천,2015-11,6종,46348
292,진주,2015-11,1종,729180
292,진주,2015-11,2종,22058
292,진주,2015-11,3종,50465
292,진주,2015-11,4종,12506
292,진주,2015-11,5종,26507
292,진주,2015-11,6종,47885
293,문산,2015-11,1종,341703
293,문산,2015-11,2종,11764
293,문산,2015-11,3종,9575
293,문산,2015-11,4종,5864
293,문산,2015-11,5종,10218
293,문산,2015-11,6종,20744
294,북창원,2015-11,1종,260608
294,북창원,2015-11,2종,8300
294,북창원,2015-11,3종,6580
294,북창원,2015-11,4종,11880
294,북창원,2015-11,5종,9503
294,북창원,2015-11,6종,14699
295,진성,2015-11,1종,157992
295,진성,2015-11,2종,7607
295,진성,2015-11,3종,8368
295,진성,2015-11,4종,6303
295,진성,2015-11,5종,13782
295,진성,2015-11,6종,7605
296,지수,2015-11,1종,56924
296,지수,2015-11,2종,2271
296,지수,2015-11,3종,2121
296,지수,2015-11,4종,1499
296,지수,2015-11,5종,7279
296,지수,2015-11,6종,3740
297,동충주,2015-11,1종,218193
297,동충주,2015-11,2종,9080
297,동충주,2015-11,3종,14737
297,동충주,2015-11,4종,11357
297,동충주,2015-11,5종,27543
297,동충주,2015-11,6종,7398
298,서산,2015-11,1종,541495
298,서산,2015-11,2종,17044
298,서산,2015-11,3종,35425
298,서산,2015-11,4종,25959
298,서산,2015-11,5종,41954
298,서산,2015-11,6종,21376
299,해미,2015-11,1종,160664
299,해미,2015-11,2종,5211
299,해미,2015-11,3종,10047
299,해미,2015-11,4종,5916
299,해미,2015-11,5종,11703
299,해미,2015-11,6종,6659
500,남여주,2015-11,1종,195944
500,남여주,2015-11,2종,7175
500,남여주,2015-11,3종,9651
500,남여주,2015-11,4종,9515
500,남여주,2015-11,5종,15418
500,남여주,2015-11,6종,8645
501,서김제,2015-11,1종,56757
501,서김제,2015-11,2종,2307
501,서김제,2015-11,3종,4089
501,서김제,2015-11,4종,2058
501,서김제,2015-11,5종,1817
501,서김제,2015-11,6종,1467
502,부안,2015-11,1종,117853
502,부안,2015-11,2종,4097
502,부안,2015-11,3종,9400
502,부안,2015-11,4종,2918
502,부안,2015-11,5종,3592
502,부안,2015-11,6종,3199
503,줄포,2015-11,1종,76360
503,줄포,2015-11,2종,2372
503,줄포,2015-11,3종,5313
503,줄포,2015-11,4종,1763
503,줄포,2015-11,5종,938
503,줄포,2015-11,6종,1720
504,선운산,2015-11,1종,132070
504,선운산,2015-11,2종,3856
504,선운산,2015-11,3종,11534
504,선운산,2015-11,4종,6213
504,선운산,2015-11,5종,5085
504,선운산,2015-11,6종,3539
505,고창,2015-11,1종,94386
505,고창,2015-11,2종,3513
505,고창,2015-11,3종,5352
505,고창,2015-11,4종,2374
505,고창,2015-11,5종,1109
505,고창,2015-11,6종,2685
506,영광,2015-11,1종,88194
506,영광,2015-11,2종,3122
506,영광,2015-11,3종,7608
506,영광,2015-11,4종,2693
506,영광,2015-11,5종,2834
506,영광,2015-11,6종,2212
507,함평,2015-11,1종,65047
507,함평,2015-11,2종,2404
507,함평,2015-11,3종,6177
507,함평,2015-11,4종,2803
507,함평,2015-11,5종,4040
507,함평,2015-11,6종,1791
508,무안,2015-11,1종,210980
508,무안,2015-11,2종,5787
508,무안,2015-11,3종,8300
508,무안,2015-11,4종,3861
508,무안,2015-11,5종,4157
508,무안,2015-11,6종,6400
509,목포,2015-11,1종,814577
509,목포,2015-11,2종,21786
509,목포,2015-11,3종,39661
509,목포,2015-11,4종,23987
509,목포,2015-11,5종,26090
509,목포,2015-11,6종,24504
510,양양,2015-11,1종,77858
510,양양,2015-11,2종,2173
510,양양,2015-11,3종,3023
510,양양,2015-11,4종,1333
510,양양,2015-11,5종,2540
510,양양,2015-11,6종,3349
511,무창포,2015-11,1종,75969
511,무창포,2015-11,2종,2072
511,무창포,2015-11,3종,3241
511,무창포,2015-11,4종,1761
511,무창포,2015-11,5종,4294
511,무창포,2015-11,6종,2049
512,연화산,2015-11,1종,43117
512,연화산,2015-11,2종,1365
512,연화산,2015-11,3종,1165
512,연화산,2015-11,4종,1461
512,연화산,2015-11,5종,2172
512,연화산,2015-11,6종,2640
513,고성,2015-11,1종,401915
513,고성,2015-11,2종,13132
513,고성,2015-11,3종,18365
513,고성,2015-11,4종,10785
513,고성,2015-11,5종,15386
513,고성,2015-11,6종,21739
514,동고성,2015-11,1종,103232
514,동고성,2015-11,2종,4262
514,동고성,2015-11,3종,6199
514,동고성,2015-11,4종,8016
514,동고성,2015-11,5종,15455
514,동고성,2015-11,6종,9183
515,북통영,2015-11,1종,162862
515,북통영,2015-11,2종,3897
515,북통영,2015-11,3종,11797
515,북통영,2015-11,4종,1948
515,북통영,2015-11,5종,2195
515,북통영,2015-11,6종,9832
516,통영,2015-11,1종,588436
516,통영,2015-11,2종,16822
516,통영,2015-11,3종,27230
516,통영,2015-11,4종,16143
516,통영,2015-11,5종,24890
516,통영,2015-11,6종,30199
517,양평,2015-11,1종,242818
517,양평,2015-11,2종,7145
517,양평,2015-11,3종,8992
517,양평,2015-11,4종,5670
517,양평,2015-11,5종,8477
517,양평,2015-11,6종,9947
518,칠곡물류,2015-11,1종,70424
518,칠곡물류,2015-11,2종,16449
518,칠곡물류,2015-11,3종,10360
518,칠곡물류,2015-11,4종,20120
518,칠곡물류,2015-11,5종,16459
518,칠곡물류,2015-11,6종,3681
519,남대구,2015-11,1종,1373854
519,남대구,2015-11,2종,55738
519,남대구,2015-11,3종,69286
519,남대구,2015-11,4종,23543
519,남대구,2015-11,5종,33533
519,남대구,2015-11,6종,72086
520,평택,2015-11,1종,654660
520,평택,2015-11,2종,31587
520,평택,2015-11,3종,50341
520,평택,2015-11,4종,23835
520,평택,2015-11,5종,32082
520,평택,2015-11,6종,37381
521,단양,2015-11,1종,75999
521,단양,2015-11,2종,1726
521,단양,2015-11,3종,4578
521,단양,2015-11,4종,2004
521,단양,2015-11,5종,12841
521,단양,2015-11,6종,2968
522,북단양,2015-11,1종,119308
522,북단양,2015-11,2종,3017
522,북단양,2015-11,3종,4611
522,북단양,2015-11,4종,12456
522,북단양,2015-11,5종,59638
522,북단양,2015-11,6종,4430
523,남제천,2015-11,1종,197841
523,남제천,2015-11,2종,5479
523,남제천,2015-11,3종,8802
523,남제천,2015-11,4종,8220
523,남제천,2015-11,5종,27830
523,남제천,2015-11,6종,6854
524,청통와촌,2015-11,1종,266095
524,청통와촌,2015-11,2종,11099
524,청통와촌,2015-11,3종,8277
524,청통와촌,2015-11,4종,5428
524,청통와촌,2015-11,5종,6340
524,청통와촌,2015-11,6종,10702
525,북영천,2015-11,1종,222352
525,북영천,2015-11,2종,6654
525,북영천,2015-11,3종,6694
525,북영천,2015-11,4종,4101
525,북영천,2015-11,5종,7016
525,북영천,2015-11,6종,6700
526,서포항,2015-11,1종,120923
526,서포항,2015-11,2종,2608
526,서포항,2015-11,3종,3012
526,서포항,2015-11,4종,1457
526,서포항,2015-11,5종,3392
526,서포항,2015-11,6종,7490
527,포항,2015-11,1종,797292
527,포항,2015-11,2종,18077
527,포항,2015-11,3종,31919
527,포항,2015-11,4종,11040
527,포항,2015-11,5종,45740
527,포항,2015-11,6종,30439
528,기흥동탄,2015-11,1종,1111755
528,기흥동탄,2015-11,2종,27826
528,기흥동탄,2015-11,3종,79292
528,기흥동탄,2015-11,4종,18990
528,기흥동탄,2015-11,5종,18115
528,기흥동탄,2015-11,6종,63781
529,노포,2015-11,1종,284179
529,노포,2015-11,2종,12897
529,노포,2015-11,3종,43582
529,노포,2015-11,4종,7763
529,노포,2015-11,5종,11859
529,노포,2015-11,6종,14556
530,내장산,2015-11,1종,74590
530,내장산,2015-11,2종,1863
530,내장산,2015-11,3종,3129
530,내장산,2015-11,4종,705
530,내장산,2015-11,5종,396
530,내장산,2015-11,6종,2664
531,문의청남대,2015-11,1종,194895
531,문의청남대,2015-11,2종,6479
531,문의청남대,2015-11,3종,10699
531,문의청남대,2015-11,4종,6229
531,문의청남대,2015-11,5종,9082
531,문의청남대,2015-11,6종,7794
532,회인,2015-11,1종,45273
532,회인,2015-11,2종,1189
532,회인,2015-11,3종,1204
532,회인,2015-11,4종,759
532,회인,2015-11,5종,938
532,회인,2015-11,6종,1998
533,보은,2015-11,1종,141951
533,보은,2015-11,2종,4553
533,보은,2015-11,3종,5920
533,보은,2015-11,4종,3415
533,보은,2015-11,5종,3710
533,보은,2015-11,6종,6359
534,속리산,2015-11,1종,67463
534,속리산,2015-11,2종,2005
534,속리산,2015-11,3종,3127
534,속리산,2015-11,4종,1255
534,속리산,2015-11,5종,1672
534,속리산,2015-11,6종,2606
535,화서,2015-11,1종,55909
535,화서,2015-11,2종,1624
535,화서,2015-11,3종,2307
535,화서,2015-11,4종,1790
535,화서,2015-11,5종,2103
535,화서,2015-11,6종,2450
536,남상주,2015-11,1종,127584
536,남상주,2015-11,2종,4322
536,남상주,2015-11,3종,11137
536,남상주,2015-11,4종,6093
536,남상주,2015-11,5종,5049
536,남상주,2015-11,6종,4754
537,남김천,2015-11,1종,80820
537,남김천,2015-11,2종,4709
537,남김천,2015-11,3종,5883
537,남김천,2015-11,4종,5918
537,남김천,2015-11,5종,14911
537,남김천,2015-11,6종,3140
538,성주,2015-11,1종,79353
538,성주,2015-11,2종,5810
538,성주,2015-11,3종,6328
538,성주,2015-11,4종,5519
538,성주,2015-11,5종,7176
538,성주,2015-11,6종,3147
539,남성주,2015-11,1종,53283
539,남성주,2015-11,2종,6601
539,남성주,2015-11,3종,3775
539,남성주,2015-11,4종,5427
539,남성주,2015-11,5종,7732
539,남성주,2015-11,6종,2182
540,청북,2015-11,1종,473366
540,청북,2015-11,2종,43261
540,청북,2015-11,3종,48725
540,청북,2015-11,4종,40641
540,청북,2015-11,5종,50376
540,청북,2015-11,6종,28248
541,송탄,2015-11,1종,420021
541,송탄,2015-11,2종,37455
541,송탄,2015-11,3종,38818
541,송탄,2015-11,4종,37005
541,송탄,2015-11,5종,30492
541,송탄,2015-11,6종,24250
542,서안성,2015-11,1종,392509
542,서안성,2015-11,2종,31498
542,서안성,2015-11,3종,44543
542,서안성,2015-11,4종,42839
542,서안성,2015-11,5종,33003
542,서안성,2015-11,6종,19343
543,남안성,2015-11,1종,575083
543,남안성,2015-11,2종,48207
543,남안성,2015-11,3종,52105
543,남안성,2015-11,4종,46421
543,남안성,2015-11,5종,46290
543,남안성,2015-11,6종,31341
544,완주,2015-11,1종,175000
544,완주,2015-11,2종,5386
544,완주,2015-11,3종,8452
544,완주,2015-11,4종,6773
544,완주,2015-11,5종,8645
544,완주,2015-11,6종,5740
545,소양,2015-11,1종,159491
545,소양,2015-11,2종,4355
545,소양,2015-11,3종,10440
545,소양,2015-11,4종,2552
545,소양,2015-11,5종,3387
545,소양,2015-11,6종,5228
546,진안,2015-11,1종,68327
546,진안,2015-11,2종,2502
546,진안,2015-11,3종,4576
546,진안,2015-11,4종,1139
546,진안,2015-11,5종,1124
546,진안,2015-11,6종,2078
547,무안공항,2015-11,1종,33654
547,무안공항,2015-11,2종,709
547,무안공항,2015-11,3종,1078
547,무안공항,2015-11,4종,274
547,무안공항,2015-11,5종,198
547,무안공항,2015-11,6종,1148
548,북무안,2015-11,1종,106691
548,북무안,2015-11,2종,3267
548,북무안,2015-11,3종,5139
548,북무안,2015-11,4종,2939
548,북무안,2015-11,5종,2771
548,북무안,2015-11,6종,2873
549,동함평,2015-11,1종,183349
549,동함평,2015-11,2종,4252
549,동함평,2015-11,3종,5791
549,동함평,2015-11,4종,1695
549,동함평,2015-11,5종,2015
549,동함평,2015-11,6종,7209
550,문평,2015-11,1종,37015
550,문평,2015-11,2종,825
550,문평,2015-11,3종,1011
550,문평,2015-11,4종,592
550,문평,2015-11,5종,4003
550,문평,2015-11,6종,1159
551,나주,2015-11,1종,53655
551,나주,2015-11,2종,1737
551,나주,2015-11,3종,1472
551,나주,2015-11,4종,845
551,나주,2015-11,5종,1568
551,나주,2015-11,6종,2639
552,서광산,2015-11,1종,145062
552,서광산,2015-11,2종,6699
552,서광산,2015-11,3종,7546
552,서광산,2015-11,4종,3467
552,서광산,2015-11,5종,5250
552,서광산,2015-11,6종,4795
553,동광산,2015-11,1종,909057
553,동광산,2015-11,2종,18623
553,동광산,2015-11,3종,28671
553,동광산,2015-11,4종,10576
553,동광산,2015-11,5종,12950
553,동광산,2015-11,6종,30875
554,동홍천,2015-11,1종,410356
554,동홍천,2015-11,2종,5602
554,동홍천,2015-11,3종,20450
554,동홍천,2015-11,4종,3206
554,동홍천,2015-11,5종,3481
554,동홍천,2015-11,6종,15986
555,북진천,2015-11,1종,352356
555,북진천,2015-11,2종,33908
555,북진천,2015-11,3종,37686
555,북진천,2015-11,4종,30113
555,북진천,2015-11,5종,32539
555,북진천,2015-11,6종,15531
556,동순천,2015-11,1종,281258
556,동순천,2015-11,2종,5723
556,동순천,2015-11,3종,16913
556,동순천,2015-11,4종,11403
556,동순천,2015-11,5종,26516
556,동순천,2015-11,6종,7827
557,황전,2015-11,1종,83068
557,황전,2015-11,2종,1612
557,황전,2015-11,3종,1954
557,황전,2015-11,4종,931
557,황전,2015-11,5종,1917
557,황전,2015-11,6종,3377
558,구례화엄사,2015-11,1종,97933
558,구례화엄사,2015-11,2종,2634
558,구례화엄사,2015-11,3종,5858
558,구례화엄사,2015-11,4종,2554
558,구례화엄사,2015-11,5종,3215
558,구례화엄사,2015-11,6종,2914
559,서남원,2015-11,1종,59196
559,서남원,2015-11,2종,2692
559,서남원,2015-11,3종,3261
559,서남원,2015-11,4종,2321
559,서남원,2015-11,5종,5053
559,서남원,2015-11,6종,1997
560,감곡,2015-11,1종,303857
560,감곡,2015-11,2종,12014
560,감곡,2015-11,3종,18690
560,감곡,2015-11,4종,16385
560,감곡,2015-11,5종,30426
560,감곡,2015-11,6종,11050
561,북충주,2015-11,1종,164789
561,북충주,2015-11,2종,4753
561,북충주,2015-11,3종,9882
561,북충주,2015-11,4종,3233
561,북충주,2015-11,5종,4272
561,북충주,2015-11,6종,6053
562,충주,2015-11,1종,184658
562,충주,2015-11,2종,7207
562,충주,2015-11,3종,13254
562,충주,2015-11,4종,10268
562,충주,2015-11,5종,9162
562,충주,2015-11,6종,6936
563,괴산,2015-11,1종,71881
563,괴산,2015-11,2종,2030
563,괴산,2015-11,3종,4411
563,괴산,2015-11,4종,2972
563,괴산,2015-11,5종,5843
563,괴산,2015-11,6종,2277
564,연풍,2015-11,1종,57547
564,연풍,2015-11,2종,3120
564,연풍,2015-11,3종,7805
564,연풍,2015-11,4종,6216
564,연풍,2015-11,5종,5937
564,연풍,2015-11,6종,1723
565,문경새재,2015-11,1종,92001
565,문경새재,2015-11,2종,3139
565,문경새재,2015-11,3종,7774
565,문경새재,2015-11,4종,4662
565,문경새재,2015-11,5종,4728
565,문경새재,2015-11,6종,2841
566,점촌함창,2015-11,1종,140151
566,점촌함창,2015-11,2종,4287
566,점촌함창,2015-11,3종,10366
566,점촌함창,2015-11,4종,5610
566,점촌함창,2015-11,5종,6123
566,점촌함창,2015-11,6종,4402
567,남고창,2015-11,1종,112744
567,남고창,2015-11,2종,3274
567,남고창,2015-11,3종,3592
567,남고창,2015-11,4종,2951
567,남고창,2015-11,5종,1882
567,남고창,2015-11,6종,4459
568,장성물류,2015-11,1종,40677
568,장성물류,2015-11,2종,7383
568,장성물류,2015-11,3종,4050
568,장성물류,2015-11,4종,7460
568,장성물류,2015-11,5종,8253
568,장성물류,2015-11,6종,1151
569,북광주,2015-11,1종,360140
569,북광주,2015-11,2종,16036
569,북광주,2015-11,3종,15248
569,북광주,2015-11,4종,15468
569,북광주,2015-11,5종,20909
569,북광주,2015-11,6종,11899
570,북상주,2015-11,1종,129882
570,북상주,2015-11,2종,6520
570,북상주,2015-11,3종,13177
570,북상주,2015-11,4종,14162
570,북상주,2015-11,5종,9552
570,북상주,2015-11,6종,4397
571,면천,2015-11,1종,100555
571,면천,2015-11,2종,3293
571,면천,2015-11,3종,4230
571,면천,2015-11,4종,4194
571,면천,2015-11,5종,9270
571,면천,2015-11,6종,3833
572,고덕,2015-11,1종,142514
572,고덕,2015-11,2종,4668
572,고덕,2015-11,3종,7870
572,고덕,2015-11,4종,4243
572,고덕,2015-11,5종,6615
572,고덕,2015-11,6종,5777
573,예산수덕사,2015-11,1종,331381
573,예산수덕사,2015-11,2종,10987
573,예산수덕사,2015-11,3종,13441
573,예산수덕사,2015-11,4종,11667
573,예산수덕사,2015-11,5종,13557
573,예산수덕사,2015-11,6종,11925
574,신양,2015-11,1종,85474
574,신양,2015-11,2종,2582
574,신양,2015-11,3종,3120
574,신양,2015-11,4종,2319
574,신양,2015-11,5종,3531
574,신양,2015-11,6종,2990
575,유구,2015-11,1종,105905
575,유구,2015-11,2종,3454
575,유구,2015-11,3종,3972
575,유구,2015-11,4종,4004
575,유구,2015-11,5종,3839
575,유구,2015-11,6종,3681
576,마곡사,2015-11,1종,48227
576,마곡사,2015-11,2종,1069
576,마곡사,2015-11,3종,1779
576,마곡사,2015-11,4종,1032
576,마곡사,2015-11,5종,1137
576,마곡사,2015-11,6종,1952
577,공주,2015-11,1종,184091
577,공주,2015-11,2종,6405
577,공주,2015-11,3종,9805
577,공주,2015-11,4종,2749
577,공주,2015-11,5종,4033
577,공주,2015-11,6종,8159
578,서세종,2015-11,1종,233947
578,서세종,2015-11,2종,10703
578,서세종,2015-11,3종,9312
578,서세종,2015-11,4종,6618
578,서세종,2015-11,5종,10127
578,서세종,2015-11,6종,9844
579,남세종,2015-11,1종,423214
579,남세종,2015-11,2종,8841
579,남세종,2015-11,3종,9860
579,남세종,2015-11,4종,5287
579,남세종,2015-11,5종,8042
579,남세종,2015-11,6종,22871
580,북강릉,2015-11,1종,178878
580,북강릉,2015-11,2종,5268
580,북강릉,2015-11,3종,8911
580,북강릉,2015-11,4종,2540
580,북강릉,2015-11,5종,6087
580,북강릉,2015-11,6종,8070
581,옥계,2015-11,1종,50456
581,옥계,2015-11,2종,1990
581,옥계,2015-11,3종,2464
581,옥계,2015-11,4종,3040
581,옥계,2015-11,5종,12288
581,옥계,2015-11,6종,3220
582,망상,2015-11,1종,109405
582,망상,2015-11,2종,3441
582,망상,2015-11,3종,13056
582,망상,2015-11,4종,1250
582,망상,2015-11,5종,2101
582,망상,2015-11,6종,7051
583,동해,2015-11,1종,333578
583,동해,2015-11,2종,10392
583,동해,2015-11,3종,16227
583,동해,2015-11,4종,8892
583,동해,2015-11,5종,23265
583,동해,2015-11,6종,15403
584,남강릉,2015-11,1종,118061
584,남강릉,2015-11,2종,6704
584,남강릉,2015-11,3종,9096
584,남강릉,2015-11,4종,3762
584,남강릉,2015-11,5종,4666
584,남강릉,2015-11,6종,7708
585,하조대,2015-11,1종,140525
585,하조대,2015-11,2종,4460
585,하조대,2015-11,3종,9854
585,하조대,2015-11,4종,2799
585,하조대,2015-11,5종,3254
585,하조대,2015-11,6종,5593
586,북남원,2015-11,1종,23149
586,북남원,2015-11,2종,796
586,북남원,2015-11,3종,817
586,북남원,2015-11,4종,513
586,북남원,2015-11,5종,1507
586,북남원,2015-11,6종,647
587,오수,2015-11,1종,152359
587,오수,2015-11,2종,4037
587,오수,2015-11,3종,7338
587,오수,2015-11,4종,3568
587,오수,2015-11,5종,6078
587,오수,2015-11,6종,4768
588,임실,2015-11,1종,51624
588,임실,2015-11,2종,2093
588,임실,2015-11,3종,3185
588,임실,2015-11,4종,1327
588,임실,2015-11,5종,2180
588,임실,2015-11,6종,1729
589,상관,2015-11,1종,159893
589,상관,2015-11,2종,3869
589,상관,2015-11,3종,8111
589,상관,2015-11,4종,5513
589,상관,2015-11,5종,22220
589,상관,2015-11,6종,4957
590,동전주,2015-11,1종,196145
590,동전주,2015-11,2종,3577
590,동전주,2015-11,3종,4616
590,동전주,2015-11,4종,1785
590,동전주,2015-11,5종,3474
590,동전주,2015-11,6종,7338
591,동서천,2015-11,1종,55324
591,동서천,2015-11,2종,1359
591,동서천,2015-11,3종,2735
591,동서천,2015-11,4종,1798
591,동서천,2015-11,5종,2995
591,동서천,2015-11,6종,1838
592,서부여,2015-11,1종,66442
592,서부여,2015-11,2종,2169
592,서부여,2015-11,3종,2497
592,서부여,2015-11,4종,1458
592,서부여,2015-11,5종,1802
592,서부여,2015-11,6종,2853
593,부여,2015-11,1종,92347
593,부여,2015-11,2종,2548
593,부여,2015-11,3종,3841
593,부여,2015-11,4종,2557
593,부여,2015-11,5종,3678
593,부여,2015-11,6종,3336
594,칠갑산,2015-11,1종,61566
594,칠갑산,2015-11,2종,1384
594,칠갑산,2015-11,3종,2573
594,칠갑산,2015-11,4종,1160
594,칠갑산,2015-11,5종,841
594,칠갑산,2015-11,6종,1953
595,서공주,2015-11,1종,58521
595,서공주,2015-11,2종,2717
595,서공주,2015-11,3종,2358
595,서공주,2015-11,4종,2024
595,서공주,2015-11,5종,3019
595,서공주,2015-11,6종,2114
596,가락2,2015-11,1종,66883
596,가락2,2015-11,2종,6229
596,가락2,2015-11,3종,6844
596,가락2,2015-11,4종,14460
596,가락2,2015-11,5종,57686
596,가락2,2015-11,6종,3882
597,서여주,2015-11,1종,150100
597,서여주,2015-11,2종,6465
597,서여주,2015-11,3종,8182
597,서여주,2015-11,4종,6895
597,서여주,2015-11,5종,6102
597,서여주,2015-11,6종,7702
598,북여주,2015-11,1종,85236
598,북여주,2015-11,2종,3339
598,북여주,2015-11,3종,3003
598,북여주,2015-11,4종,2427
598,북여주,2015-11,5종,3502
598,북여주,2015-11,6종,3787
599,양촌,2015-11,1종,23871
599,양촌,2015-11,2종,520
599,양촌,2015-11,3종,263
599,양촌,2015-11,4종,58
599,양촌,2015-11,5종,16
599,양촌,2015-11,6종,753
601,남천안,2015-11,1종,338643
601,남천안,2015-11,2종,19571
601,남천안,2015-11,3종,27896
601,남천안,2015-11,4종,25134
601,남천안,2015-11,5종,20068
601,남천안,2015-11,6종,13553
602,풍세상,2015-11,1종,1518260
602,풍세상,2015-11,2종,42628
602,풍세상,2015-11,3종,166868
602,풍세상,2015-11,4종,86466
602,풍세상,2015-11,5종,81514
602,풍세상,2015-11,6종,64776
603,정안,2015-11,1종,298592
603,정안,2015-11,2종,8742
603,정안,2015-11,3종,28025
603,정안,2015-11,4종,11435
603,정안,2015-11,5종,10750
603,정안,2015-11,6종,12469
604,남공주,2015-11,1종,74059
604,남공주,2015-11,2종,3314
604,남공주,2015-11,3종,5147
604,남공주,2015-11,4종,2896
604,남공주,2015-11,5종,4399
604,남공주,2015-11,6종,2917
605,탄천,2015-11,1종,27274
605,탄천,2015-11,2종,1520
605,탄천,2015-11,3종,1440
605,탄천,2015-11,4종,1975
605,탄천,2015-11,5종,1617
605,탄천,2015-11,6종,1110
606,서논산,2015-11,1종,137575
606,서논산,2015-11,2종,5963
606,서논산,2015-11,3종,10251
606,서논산,2015-11,4종,7361
606,서논산,2015-11,5종,9095
606,서논산,2015-11,6종,5048
607,연무,2015-11,1종,88740
607,연무,2015-11,2종,2947
607,연무,2015-11,3종,5766
607,연무,2015-11,4종,2699
607,연무,2015-11,5종,3499
607,연무,2015-11,6종,2967
608,남논산하,2015-11,1종,922994
608,남논산하,2015-11,2종,22206
608,남논산하,2015-11,3종,119184
608,남논산하,2015-11,4종,42376
608,남논산하,2015-11,5종,60226
608,남논산하,2015-11,6종,34006
612,풍세하,2015-11,1종,1563058
612,풍세하,2015-11,2종,40368
612,풍세하,2015-11,3종,180956
612,풍세하,2015-11,4종,63254
612,풍세하,2015-11,5종,62920
612,풍세하,2015-11,6종,66028
613,남풍세,2015-11,1종,197226
613,남풍세,2015-11,2종,9081
613,남풍세,2015-11,3종,15874
613,남풍세,2015-11,4종,11510
613,남풍세,2015-11,5종,17440
613,남풍세,2015-11,6종,8253
618,남논산상,2015-11,1종,927396
618,남논산상,2015-11,2종,23228
618,남논산상,2015-11,3종,113662
618,남논산상,2015-11,4종,47218
618,남논산상,2015-11,5종,69342
618,남논산상,2015-11,6종,33806
621,동대구,2015-11,1종,884955
621,동대구,2015-11,2종,29848
621,동대구,2015-11,3종,43652
621,동대구,2015-11,4종,23216
621,동대구,2015-11,5종,27170
621,동대구,2015-11,6종,42380
622,대구,2015-11,1종,1225910
622,대구,2015-11,2종,46022
622,대구,2015-11,3종,73192
622,대구,2015-11,4종,53590
622,대구,2015-11,5종,82196
622,대구,2015-11,6종,60628
623,수성,2015-11,1종,816873
623,수성,2015-11,2종,18474
623,수성,2015-11,3종,16828
623,수성,2015-11,4종,7220
623,수성,2015-11,5종,9456
623,수성,2015-11,6종,36753
624,청도,2015-11,1종,239096
624,청도,2015-11,2종,9370
624,청도,2015-11,3종,9383
624,청도,2015-11,4종,6889
624,청도,2015-11,5종,7960
624,청도,2015-11,6종,9942
625,밀양,2015-11,1종,331983
625,밀양,2015-11,2종,13971
625,밀양,2015-11,3종,13316
625,밀양,2015-11,4종,10769
625,밀양,2015-11,5종,10398
625,밀양,2015-11,6종,14138
626,남밀양,2015-11,1종,398664
626,남밀양,2015-11,2종,20635
626,남밀양,2015-11,3종,18983
626,남밀양,2015-11,4종,14273
626,남밀양,2015-11,5종,16031
626,남밀양,2015-11,6종,22159
627,삼랑진,2015-11,1종,238012
627,삼랑진,2015-11,2종,10206
627,삼랑진,2015-11,3종,7873
627,삼랑진,2015-11,4종,6004
627,삼랑진,2015-11,5종,9328
627,삼랑진,2015-11,6종,14284
628,상동,2015-11,1종,219446
628,상동,2015-11,2종,21579
628,상동,2015-11,3종,14786
628,상동,2015-11,4종,21950
628,상동,2015-11,5종,27201
628,상동,2015-11,6종,13233
629,김해부산,2015-11,1종,1198288
629,김해부산,2015-11,2종,58930
629,김해부산,2015-11,3종,77088
629,김해부산,2015-11,4종,72304
629,김해부산,2015-11,5종,94290
629,김해부산,2015-11,6종,64606
641,울산,2015-11,1종,1257961
641,울산,2015-11,2종,44893
641,울산,2015-11,3종,75891
641,울산,2015-11,4종,48067
641,울산,2015-11,5종,114041
641,울산,2015-11,6종,61386
642,문수,2015-11,1종,126161
642,문수,2015-11,2종,4947
642,문수,2015-11,3종,7323
642,문수,2015-11,4종,10401
642,문수,2015-11,5종,25977
642,문수,2015-11,6종,7065
643,청량,2015-11,1종,556120
643,청량,2015-11,2종,12373
643,청량,2015-11,3종,14750
643,청량,2015-11,4종,19929
643,청량,2015-11,5종,74521
643,청량,2015-11,6종,34950
644,온양,2015-11,1종,186443
644,온양,2015-11,2종,3975
644,온양,2015-11,3종,3356
644,온양,2015-11,4종,3177
644,온양,2015-11,5종,10319
644,온양,2015-11,6종,12648
645,장안,2015-11,1종,356979
645,장안,2015-11,2종,7213
645,장안,2015-11,3종,6069
645,장안,2015-11,4종,5391
645,장안,2015-11,5종,18148
645,장안,2015-11,6종,25174
646,기장일광,2015-11,1종,297337
646,기장일광,2015-11,2종,3364
646,기장일광,2015-11,3종,4079
646,기장일광,2015-11,4종,2407
646,기장일광,2015-11,5종,9106
646,기장일광,2015-11,6종,18054
647,해운대송정,2015-11,1종,142396
647,해운대송정,2015-11,2종,1460
647,해운대송정,2015-11,3종,1030
647,해운대송정,2015-11,4종,643
647,해운대송정,2015-11,5종,2315
647,해운대송정,2015-11,6종,9119
648,해운대,2015-11,1종,800203
648,해운대,2015-11,2종,8829
648,해운대,2015-11,3종,10437
648,해운대,2015-11,4종,6092
648,해운대,2015-11,5종,40481
648,해운대,2015-11,6종,48796
651,남양주,2015-11,1종,1600034
651,남양주,2015-11,2종,36997
651,남양주,2015-11,3종,67218
651,남양주,2015-11,4종,16837
651,남양주,2015-11,5종,16446
651,남양주,2015-11,6종,89352
652,화도,2015-11,1종,934493
652,화도,2015-11,2종,32120
652,화도,2015-11,3종,35011
652,화도,2015-11,4종,13075
652,화도,2015-11,5종,13462
652,화도,2015-11,6종,69455
653,서종,2015-11,1종,188192
653,서종,2015-11,2종,2172
653,서종,2015-11,3종,1351
653,서종,2015-11,4종,790
653,서종,2015-11,5종,1053
653,서종,2015-11,6종,11553
654,설악,2015-11,1종,227670
654,설악,2015-11,2종,3450
654,설악,2015-11,3종,5661
654,설악,2015-11,4종,1374
654,설악,2015-11,5종,1736
654,설악,2015-11,6종,11960
655,강촌,2015-11,1종,138255
655,강촌,2015-11,2종,2107
655,강촌,2015-11,3종,4130
655,강촌,2015-11,4종,1415
655,강촌,2015-11,5종,1058
655,강촌,2015-11,6종,5974
656,남춘천,2015-11,1종,186001
656,남춘천,2015-11,2종,2983
656,남춘천,2015-11,3종,11785
656,남춘천,2015-11,4종,2518
656,남춘천,2015-11,5종,5524
656,남춘천,2015-11,6종,8953
657,동산,2015-11,1종,647352
657,동산,2015-11,2종,11558
657,동산,2015-11,3종,31630
657,동산,2015-11,4종,7396
657,동산,2015-11,5종,10394
657,동산,2015-11,6종,33728
658,조양,2015-11,1종,30399
658,조양,2015-11,2종,622
658,조양,2015-11,3종,462
658,조양,2015-11,4종,472
658,조양,2015-11,5종,551
658,조양,2015-11,6종,1182
671,봉담,2015-11,1종,1198989
671,봉담,2015-11,2종,50877
671,봉담,2015-11,3종,44945
671,봉담,2015-11,4종,21912
671,봉담,2015-11,5종,25852
671,봉담,2015-11,6종,87818
672,정남,2015-11,1종,314789
672,정남,2015-11,2종,17523
672,정남,2015-11,3종,12721
672,정남,2015-11,4종,8708
672,정남,2015-11,5종,4544
672,정남,2015-11,6종,24839
673,북오산,2015-11,1종,783515
673,북오산,2015-11,2종,25306
673,북오산,2015-11,3종,29298
673,북오산,2015-11,4종,19071
673,북오산,2015-11,5종,10772
673,북오산,2015-11,6종,56188
674,,2015-11,1종,897013
674,,2015-11,2종,39794
674,,2015-11,3종,65670
674,,2015-11,4종,23592
674,,2015-11,5종,26904
674,,2015-11,6종,61740
675,서오산,2015-11,1종,809187
675,서오산,2015-11,2종,24351
675,서오산,2015-11,3종,19840
675,서오산,2015-11,4종,18527
675,서오산,2015-11,5종,14684
675,서오산,2015-11,6종,56853
676,향남,2015-11,1종,525799
676,향남,2015-11,2종,33937
676,향남,2015-11,3종,24841
676,향남,2015-11,4종,26951
676,향남,2015-11,5종,16067
676,향남,2015-11,6종,42216
677,북평택,2015-11,1종,1020042
677,북평택,2015-11,2종,33545
677,북평택,2015-11,3종,48327
677,북평택,2015-11,4종,19663
677,북평택,2015-11,5종,32319
677,북평택,2015-11,6종,63825
681,장안본선,2015-11,1종,1068914
681,장안본선,2015-11,2종,72704
681,장안본선,2015-11,3종,139442
681,장안본선,2015-11,4종,96992
681,장안본선,2015-11,5종,172734
681,장안본선,2015-11,6종,58742
682,조암,2015-11,1종,324180
682,조암,2015-11,2종,37383
682,조암,2015-11,3종,34732
682,조암,2015-11,4종,23762
682,조암,2015-11,5종,26944
682,조암,2015-11,6종,19669
683,송산마도,2015-11,1종,569006
683,송산마도,2015-11,2종,36311
683,송산마도,2015-11,3종,28199
683,송산마도,2015-11,4종,21726
683,송산마도,2015-11,5종,42913
683,송산마도,2015-11,6종,34791
684,남안산,2015-11,1종,705484
684,남안산,2015-11,2종,68285
684,남안산,2015-11,3종,62392
684,남안산,2015-11,4종,53058
684,남안산,2015-11,5종,74862
684,남안산,2015-11,6종,49186
685,서시흥,2015-11,1종,1274598
685,서시흥,2015-11,2종,70842
685,서시흥,2015-11,3종,114810
685,서시흥,2015-11,4종,70716
685,서시흥,2015-11,5종,148912
685,서시흥,2015-11,6종,74812
981,서영암,2015-11,1종,226045
981,서영암,2015-11,2종,5030
981,서영암,2015-11,3종,10187
981,서영암,2015-11,4종,6284
981,서영암,2015-11,5종,12507
981,서영암,2015-11,6종,6312
982,강진무위사,2015-11,1종,132894
982,강진무위사,2015-11,2종,3490
982,강진무위사,2015-11,3종,8100
982,강진무위사,2015-11,4종,3846
982,강진무위사,2015-11,5종,3956
982,강진무위사,2015-11,6종,3608
983,장흥,2015-11,1종,95274
983,장흥,2015-11,2종,2040
983,장흥,2015-11,3종,3611
983,장흥,2015-11,4종,938
983,장흥,2015-11,5종,882
983,장흥,2015-11,6종,2732
984,보성,2015-11,1종,190983
984,보성,2015-11,2종,6358
984,보성,2015-11,3종,7054
984,보성,2015-11,4종,4248
984,보성,2015-11,5종,9293
984,보성,2015-11,6종,4990
985,벌교,2015-11,1종,136843
985,벌교,2015-11,2종,4363
985,벌교,2015-11,3종,3944
985,벌교,2015-11,4종,2016
985,벌교,2015-11,5종,3476
985,벌교,2015-11,6종,3360
986,고흥,2015-11,1종,177648
986,고흥,2015-11,2종,3965
986,고흥,2015-11,3종,5763
986,고흥,2015-11,4종,3659
986,고흥,2015-11,5종,5270
986,고흥,2015-11,6종,5407
987,남순천,2015-11,1종,475184
987,남순천,2015-11,2종,12104
987,남순천,2015-11,3종,20772
987,남순천,2015-11,4종,14443
987,남순천,2015-11,5종,26084
987,남순천,2015-11,6종,13210
11,인천,2015-12,1종,3807791
11,인천,2015-12,2종,121963
11,인천,2015-12,3종,84742
11,인천,2015-12,4종,72074
11,인천,2015-12,5종,141611
11,인천,2015-12,6종,341440
12,서영암(개),2015-12,1종,42877
12,서영암(개),2015-12,2종,1022
12,서영암(개),2015-12,3종,1026
12,서영암(개),2015-12,4종,750
12,서영암(개),2015-12,5종,1013
12,서영암(개),2015-12,6종,2478
13,순천만,2015-12,1종,132642
13,순천만,2015-12,2종,4253
13,순천만,2015-12,3종,3805
13,순천만,2015-12,4종,2987
13,순천만,2015-12,5종,8709
13,순천만,2015-12,6종,6238
29,가락(개),2015-12,1종,762813
29,가락(개),2015-12,2종,22700
29,가락(개),2015-12,3종,22063
29,가락(개),2015-12,4종,22753
29,가락(개),2015-12,5종,113829
29,가락(개),2015-12,6종,61851
53,남인천,2015-12,1종,1786792
53,남인천,2015-12,2종,44848
53,남인천,2015-12,3종,58506
53,남인천,2015-12,4종,21826
53,남인천,2015-12,5종,68109
53,남인천,2015-12,6종,148930
56,일로,2015-12,1종,35270
56,일로,2015-12,2종,2100
56,일로,2015-12,3종,606
56,일로,2015-12,4종,801
56,일로,2015-12,5종,1660
56,일로,2015-12,6종,2250
61,성남,2015-12,1종,4020572
61,성남,2015-12,2종,161990
61,성남,2015-12,3종,158610
61,성남,2015-12,4종,113786
61,성남,2015-12,5종,98311
61,성남,2015-12,6종,283880
62,구리남양주,2015-12,1종,4955867
62,구리남양주,2015-12,2종,205303
62,구리남양주,2015-12,3종,191820
62,구리남양주,2015-12,4종,148630
62,구리남양주,2015-12,5종,114819
62,구리남양주,2015-12,6종,374357
63,토평,2015-12,1종,427355
63,토평,2015-12,2종,14514
63,토평,2015-12,3종,7202
63,토평,2015-12,4종,13156
63,토평,2015-12,5종,7023
63,토평,2015-12,6종,36640
64,청계,2015-12,1종,4626875
64,청계,2015-12,2종,152588
64,청계,2015-12,3종,153433
64,청계,2015-12,4종,54026
64,청계,2015-12,5종,83083
64,청계,2015-12,6종,349003
65,판교,2015-12,1종,3004129
65,판교,2015-12,2종,43089
65,판교,2015-12,3종,187671
65,판교,2015-12,4종,15300
65,판교,2015-12,5종,13859
65,판교,2015-12,6종,172541
66,하남,2015-12,1종,839662
66,하남,2015-12,2종,28813
66,하남,2015-12,3종,16510
66,하남,2015-12,4종,9749
66,하남,2015-12,5종,18518
66,하남,2015-12,6종,68202
67,시흥,2015-12,1종,3737659
67,시흥,2015-12,2종,132497
67,시흥,2015-12,3종,127347
67,시흥,2015-12,4종,81473
67,시흥,2015-12,5종,89175
67,시흥,2015-12,6종,284456
68,김포,2015-12,1종,4717687
68,김포,2015-12,2종,181878
68,김포,2015-12,3종,151413
68,김포,2015-12,4종,89044
68,김포,2015-12,5종,131512
68,김포,2015-12,6종,384990
69,대왕판교,2015-12,1종,227049
69,대왕판교,2015-12,2종,1640
69,대왕판교,2015-12,3종,102
69,대왕판교,2015-12,4종,36
69,대왕판교,2015-12,5종,30
69,대왕판교,2015-12,6종,12909
74,덕소삼패,2015-12,1종,313713
74,덕소삼패,2015-12,2종,6749
74,덕소삼패,2015-12,3종,5369
74,덕소삼패,2015-12,4종,12384
74,덕소삼패,2015-12,5종,13164
74,덕소삼패,2015-12,6종,26267
91,대동(개),2015-12,1종,139147
91,대동(개),2015-12,2종,10500
91,대동(개),2015-12,3종,6014
91,대동(개),2015-12,4종,27034
91,대동(개),2015-12,5종,11847
91,대동(개),2015-12,6종,10042
92,내서,2015-12,1종,233810
92,내서,2015-12,2종,8204
92,내서,2015-12,3종,11043
92,내서,2015-12,4종,3937
92,내서,2015-12,5종,7906
92,내서,2015-12,6종,19877
101,서울,2015-12,1종,5288233
101,서울,2015-12,2종,188847
101,서울,2015-12,3종,589863
101,서울,2015-12,4종,109643
101,서울,2015-12,5종,68274
101,서울,2015-12,6종,256812
102,동수원,2015-12,1종,2217104
102,동수원,2015-12,2종,41564
102,동수원,2015-12,3종,89645
102,동수원,2015-12,4종,18135
102,동수원,2015-12,5종,35786
102,동수원,2015-12,6종,143869
103,수원신갈,2015-12,1종,2426289
103,수원신갈,2015-12,2종,98087
103,수원신갈,2015-12,3종,167590
103,수원신갈,2015-12,4종,41696
103,수원신갈,2015-12,5종,32178
103,수원신갈,2015-12,6종,139373
104,지곡,2015-12,1종,39855
104,지곡,2015-12,2종,1663
104,지곡,2015-12,3종,2408
104,지곡,2015-12,4종,2063
104,지곡,2015-12,5종,3017
104,지곡,2015-12,6종,1429
105,기흥,2015-12,1종,480818
105,기흥,2015-12,2종,25445
105,기흥,2015-12,3종,17011
105,기흥,2015-12,4종,9488
105,기흥,2015-12,5종,10214
105,기흥,2015-12,6종,29672
106,오산,2015-12,1종,1195731
106,오산,2015-12,2종,90695
106,오산,2015-12,3종,103241
106,오산,2015-12,4종,53043
106,오산,2015-12,5종,34836
106,오산,2015-12,6종,74936
107,안성,2015-12,1종,928637
107,안성,2015-12,2종,32739
107,안성,2015-12,3종,56819
107,안성,2015-12,4종,20180
107,안성,2015-12,5종,14139
107,안성,2015-12,6종,59794
108,천안,2015-12,1종,1581936
108,천안,2015-12,2종,46067
108,천안,2015-12,3종,110519
108,천안,2015-12,4종,39857
108,천안,2015-12,5종,31887
108,천안,2015-12,6종,80448
109,계룡,2015-12,1종,129241
109,계룡,2015-12,2종,8851
109,계룡,2015-12,3종,10310
109,계룡,2015-12,4종,8453
109,계룡,2015-12,5종,4106
109,계룡,2015-12,6종,7430
110,독립기념관,2015-12,1종,304864
110,독립기념관,2015-12,2종,18300
110,독립기념관,2015-12,3종,22360
110,독립기념관,2015-12,4종,20511
110,독립기념관,2015-12,5종,16027
110,독립기념관,2015-12,6종,13569
111,청주,2015-12,1종,501013
111,청주,2015-12,2종,20494
111,청주,2015-12,3종,52088
111,청주,2015-12,4종,17575
111,청주,2015-12,5종,21764
111,청주,2015-12,6종,25210
112,남청주,2015-12,1종,507883
112,남청주,2015-12,2종,41686
112,남청주,2015-12,3종,40125
112,남청주,2015-12,4종,52604
112,남청주,2015-12,5종,47137
112,남청주,2015-12,6종,23607
113,신탄진,2015-12,1종,754050
113,신탄진,2015-12,2종,41245
113,신탄진,2015-12,3종,36838
113,신탄진,2015-12,4종,62170
113,신탄진,2015-12,5종,55794
113,신탄진,2015-12,6종,40478
114,남대전,2015-12,1종,333246
114,남대전,2015-12,2종,12539
114,남대전,2015-12,3종,12140
114,남대전,2015-12,4종,6437
114,남대전,2015-12,5종,7756
114,남대전,2015-12,6종,16941
115,대전,2015-12,1종,1393101
115,대전,2015-12,2종,39568
115,대전,2015-12,3종,82486
115,대전,2015-12,4종,18759
115,대전,2015-12,5종,15548
115,대전,2015-12,6종,76346
116,옥천,2015-12,1종,366210
116,옥천,2015-12,2종,19699
116,옥천,2015-12,3종,21538
116,옥천,2015-12,4종,40752
116,옥천,2015-12,5종,25463
116,옥천,2015-12,6종,22223
117,금강,2015-12,1종,33635
117,금강,2015-12,2종,1719
117,금강,2015-12,3종,1444
117,금강,2015-12,4종,4100
117,금강,2015-12,5종,2282
117,금강,2015-12,6종,1599
118,영동,2015-12,1종,91901
118,영동,2015-12,2종,4432
118,영동,2015-12,3종,5625
118,영동,2015-12,4종,3670
118,영동,2015-12,5종,8531
118,영동,2015-12,6종,3929
119,판암,2015-12,1종,497516
119,판암,2015-12,2종,15215
119,판암,2015-12,3종,11293
119,판암,2015-12,4종,7121
119,판암,2015-12,5종,7782
119,판암,2015-12,6종,30458
120,황간,2015-12,1종,78860
120,황간,2015-12,2종,2553
120,황간,2015-12,3종,4332
120,황간,2015-12,4종,4644
120,황간,2015-12,5종,6751
120,황간,2015-12,6종,3166
121,추풍령,2015-12,1종,38003
121,추풍령,2015-12,2종,1138
121,추풍령,2015-12,3종,2272
121,추풍령,2015-12,4종,1017
121,추풍령,2015-12,5종,1589
121,추풍령,2015-12,6종,1824
122,김천,2015-12,1종,215252
122,김천,2015-12,2종,6817
122,김천,2015-12,3종,10733
122,김천,2015-12,4종,10223
122,김천,2015-12,5종,9063
122,김천,2015-12,6종,10480
123,구미,2015-12,1종,852765
123,구미,2015-12,2종,20472
123,구미,2015-12,3종,38100
123,구미,2015-12,4종,20861
123,구미,2015-12,5종,17779
123,구미,2015-12,6종,41407
124,상주,2015-12,1종,125254
124,상주,2015-12,2종,5218
124,상주,2015-12,3종,6004
124,상주,2015-12,4종,6836
124,상주,2015-12,5종,9497
124,상주,2015-12,6종,4327
125,남구미,2015-12,1종,578072
125,남구미,2015-12,2종,22451
125,남구미,2015-12,3종,33020
125,남구미,2015-12,4종,23020
125,남구미,2015-12,5종,39906
125,남구미,2015-12,6종,32059
126,왜관,2015-12,1종,660075
126,왜관,2015-12,2종,44144
126,왜관,2015-12,3종,37883
126,왜관,2015-12,4종,26380
126,왜관,2015-12,5종,35750
126,왜관,2015-12,6종,30477
127,서대구,2015-12,1종,2002875
127,서대구,2015-12,2종,88295
127,서대구,2015-12,3종,106290
127,서대구,2015-12,4종,55830
127,서대구,2015-12,5종,65012
127,서대구,2015-12,6종,88910
128,금왕꽃동네,2015-12,1종,130187
128,금왕꽃동네,2015-12,2종,11091
128,금왕꽃동네,2015-12,3종,14899
128,금왕꽃동네,2015-12,4종,10428
128,금왕꽃동네,2015-12,5종,16062
128,금왕꽃동네,2015-12,6종,6497
129,북대구,2015-12,1종,1886621
129,북대구,2015-12,2종,61165
129,북대구,2015-12,3종,57726
129,북대구,2015-12,4종,28278
129,북대구,2015-12,5종,32585
129,북대구,2015-12,6종,81563
130,동김천,2015-12,1종,200747
130,동김천,2015-12,2종,7034
130,동김천,2015-12,3종,12898
130,동김천,2015-12,4종,10359
130,동김천,2015-12,5종,21794
130,동김천,2015-12,6종,8380
131,경산,2015-12,1종,893955
131,경산,2015-12,2종,74824
131,경산,2015-12,3종,61289
131,경산,2015-12,4종,49798
131,경산,2015-12,5종,44117
131,경산,2015-12,6종,49075
132,영천,2015-12,1종,458353
132,영천,2015-12,2종,25384
132,영천,2015-12,3종,32028
132,영천,2015-12,4종,27072
132,영천,2015-12,5종,41896
132,영천,2015-12,6종,18320
133,서경주,2015-12,1종,181089
133,서경주,2015-12,2종,8025
133,서경주,2015-12,3종,13821
133,서경주,2015-12,4종,10408
133,서경주,2015-12,5종,29522
133,서경주,2015-12,6종,6086
134,선산,2015-12,1종,86764
134,선산,2015-12,2종,4911
134,선산,2015-12,3종,5317
134,선산,2015-12,4종,5546
134,선산,2015-12,5종,12254
134,선산,2015-12,6종,2960
135,경주,2015-12,1종,913441
135,경주,2015-12,2종,37031
135,경주,2015-12,3종,77407
135,경주,2015-12,4종,51194
135,경주,2015-12,5종,101457
135,경주,2015-12,6종,37216
136,음성,2015-12,1종,152326
136,음성,2015-12,2종,8851
136,음성,2015-12,3종,10206
136,음성,2015-12,4종,8565
136,음성,2015-12,5종,13374
136,음성,2015-12,6종,6567
137,통도사,2015-12,1종,299034
137,통도사,2015-12,2종,16640
137,통도사,2015-12,3종,16463
137,통도사,2015-12,4종,13200
137,통도사,2015-12,5종,18012
137,통도사,2015-12,6종,15027
138,양산,2015-12,1종,733327
138,양산,2015-12,2종,72961
138,양산,2015-12,3종,50013
138,양산,2015-12,4종,53990
138,양산,2015-12,5종,64407
138,양산,2015-12,6종,41551
139,서울산,2015-12,1종,513637
139,서울산,2015-12,2종,26701
139,서울산,2015-12,3종,33695
139,서울산,2015-12,4종,18000
139,서울산,2015-12,5종,29405
139,서울산,2015-12,6종,26747
140,부산,2015-12,1종,1848665
140,부산,2015-12,2종,65145
140,부산,2015-12,3종,53583
140,부산,2015-12,4종,37803
140,부산,2015-12,5종,63277
140,부산,2015-12,6종,106279
142,군북,2015-12,1종,387537
142,군북,2015-12,2종,15231
142,군북,2015-12,3종,17422
142,군북,2015-12,4종,11693
142,군북,2015-12,5종,24763
142,군북,2015-12,6종,24153
143,장지,2015-12,1종,119392
143,장지,2015-12,2종,5112
143,장지,2015-12,3종,5816
143,장지,2015-12,4종,4828
143,장지,2015-12,5종,21796
143,장지,2015-12,6종,8465
144,함안,2015-12,1종,250296
144,함안,2015-12,2종,9888
144,함안,2015-12,3종,10179
144,함안,2015-12,4종,6699
144,함안,2015-12,5종,22539
144,함안,2015-12,6종,17439
145,산인,2015-12,1종,806950
145,산인,2015-12,2종,19205
145,산인,2015-12,3종,35028
145,산인,2015-12,4종,14637
145,산인,2015-12,5종,30186
145,산인,2015-12,6종,46381
146,동창원,2015-12,1종,627249
146,동창원,2015-12,2종,28195
146,동창원,2015-12,3종,24615
146,동창원,2015-12,4종,23187
146,동창원,2015-12,5종,32848
146,동창원,2015-12,6종,42999
147,진례,2015-12,1종,504185
147,진례,2015-12,2종,33077
147,진례,2015-12,3종,26178
147,진례,2015-12,4종,23491
147,진례,2015-12,5종,27792
147,진례,2015-12,6종,33184
148,서김해,2015-12,1종,862964
148,서김해,2015-12,2종,32852
148,서김해,2015-12,3종,29183
148,서김해,2015-12,4종,20246
148,서김해,2015-12,5종,26172
148,서김해,2015-12,6종,59223
149,동김해,2015-12,1종,1304039
149,동김해,2015-12,2종,40456
149,동김해,2015-12,3종,33449
149,동김해,2015-12,4종,16384
149,동김해,2015-12,5종,17479
149,동김해,2015-12,6종,97020
150,북부산,2015-12,1종,1952718
150,북부산,2015-12,2종,37173
150,북부산,2015-12,3종,37808
150,북부산,2015-12,4종,17592
150,북부산,2015-12,5종,34767
150,북부산,2015-12,6종,131262
151,북대전,2015-12,1종,721346
151,북대전,2015-12,2종,17004
151,북대전,2015-12,3종,33236
151,북대전,2015-12,4종,20266
151,북대전,2015-12,5종,22365
151,북대전,2015-12,6종,41604
152,유성,2015-12,1종,1090139
152,유성,2015-12,2종,24652
152,유성,2015-12,3종,38063
152,유성,2015-12,4종,18930
152,유성,2015-12,5종,13092
152,유성,2015-12,6종,51688
153,서대전,2015-12,1종,752494
153,서대전,2015-12,2종,22873
153,서대전,2015-12,3종,22169
153,서대전,2015-12,4종,18479
153,서대전,2015-12,5종,16858
153,서대전,2015-12,6종,44763
154,안영,2015-12,1종,437261
154,안영,2015-12,2종,16564
154,안영,2015-12,3종,12966
154,안영,2015-12,4종,8120
154,안영,2015-12,5종,20284
154,안영,2015-12,6종,24818
155,논산,2015-12,1종,220547
155,논산,2015-12,2종,14195
155,논산,2015-12,3종,15925
155,논산,2015-12,4종,13187
155,논산,2015-12,5종,10292
155,논산,2015-12,6종,10315
156,익산,2015-12,1종,289099
156,익산,2015-12,2종,18141
156,익산,2015-12,3종,27106
156,익산,2015-12,4종,16969
156,익산,2015-12,5종,20207
156,익산,2015-12,6종,9213
157,삼례,2015-12,1종,118023
157,삼례,2015-12,2종,7494
157,삼례,2015-12,3종,9354
157,삼례,2015-12,4종,7275
157,삼례,2015-12,5종,12338
157,삼례,2015-12,6종,3607
158,전주,2015-12,1종,460900
158,전주,2015-12,2종,16360
158,전주,2015-12,3종,48959
158,전주,2015-12,4종,17730
158,전주,2015-12,5종,29991
158,전주,2015-12,6종,15035
159,서전주,2015-12,1종,303015
159,서전주,2015-12,2종,11736
159,서전주,2015-12,3종,11128
159,서전주,2015-12,4종,6852
159,서전주,2015-12,5종,5768
159,서전주,2015-12,6종,9630
160,김제,2015-12,1종,122792
160,김제,2015-12,2종,6917
160,김제,2015-12,3종,8576
160,김제,2015-12,4종,3939
160,김제,2015-12,5종,3795
160,김제,2015-12,6종,4072
161,금산사,2015-12,1종,31361
161,금산사,2015-12,2종,1522
161,금산사,2015-12,3종,1840
161,금산사,2015-12,4종,767
161,금산사,2015-12,5종,1756
161,금산사,2015-12,6종,934
162,태인,2015-12,1종,80629
162,태인,2015-12,2종,5141
162,태인,2015-12,3종,8288
162,태인,2015-12,4종,5423
162,태인,2015-12,5종,4671
162,태인,2015-12,6종,2529
163,정읍,2015-12,1종,247619
163,정읍,2015-12,2종,13041
163,정읍,2015-12,3종,20577
163,정읍,2015-12,4종,10491
163,정읍,2015-12,5종,8584
163,정읍,2015-12,6종,8162
164,무주,2015-12,1종,173146
164,무주,2015-12,2종,4060
164,무주,2015-12,3종,5314
164,무주,2015-12,4종,2420
164,무주,2015-12,5종,2028
164,무주,2015-12,6종,6328
165,백양사,2015-12,1종,58981
165,백양사,2015-12,2종,1666
165,백양사,2015-12,3종,3020
165,백양사,2015-12,4종,1626
165,백양사,2015-12,5종,1011
165,백양사,2015-12,6종,1806
166,장성,2015-12,1종,168873
166,장성,2015-12,2종,10740
166,장성,2015-12,3종,16494
166,장성,2015-12,4종,10350
166,장성,2015-12,5종,11286
166,장성,2015-12,6종,6025
167,광주,2015-12,1종,1006727
167,광주,2015-12,2종,32705
167,광주,2015-12,3종,75249
167,광주,2015-12,4종,36626
167,광주,2015-12,5종,22377
167,광주,2015-12,6종,31521
168,덕유산,2015-12,1종,102864
168,덕유산,2015-12,2종,1831
168,덕유산,2015-12,3종,2847
168,덕유산,2015-12,4종,812
168,덕유산,2015-12,5종,1926
168,덕유산,2015-12,6종,2964
169,장수,2015-12,1종,109363
169,장수,2015-12,2종,4256
169,장수,2015-12,3종,3721
169,장수,2015-12,4종,2504
169,장수,2015-12,5종,2613
169,장수,2015-12,6종,3508
170,서상,2015-12,1종,44755
170,서상,2015-12,2종,2200
170,서상,2015-12,3종,3994
170,서상,2015-12,4종,3148
170,서상,2015-12,5종,3700
170,서상,2015-12,6종,1834
171,마성,2015-12,1종,285773
171,마성,2015-12,2종,5598
171,마성,2015-12,3종,18894
171,마성,2015-12,4종,1513
171,마성,2015-12,5종,1627
171,마성,2015-12,6종,16825
172,용인,2015-12,1종,855257
172,용인,2015-12,2종,61476
172,용인,2015-12,3종,41082
172,용인,2015-12,4종,24539
172,용인,2015-12,5종,18790
172,용인,2015-12,6종,61280
173,양지,2015-12,1종,817046
173,양지,2015-12,2종,95305
173,양지,2015-12,3종,69299
173,양지,2015-12,4종,67084
173,양지,2015-12,5종,49794
173,양지,2015-12,6종,53045
174,춘천,2015-12,1종,719520
174,춘천,2015-12,2종,18988
174,춘천,2015-12,3종,25782
174,춘천,2015-12,4종,7474
174,춘천,2015-12,5종,8270
174,춘천,2015-12,6종,46935
175,덕평,2015-12,1종,358211
175,덕평,2015-12,2종,45918
175,덕평,2015-12,3종,29538
175,덕평,2015-12,4종,25865
175,덕평,2015-12,5종,12899
175,덕평,2015-12,6종,23703
176,이천,2015-12,1종,597222
176,이천,2015-12,2종,37607
176,이천,2015-12,3종,51028
176,이천,2015-12,4종,45766
176,이천,2015-12,5종,38619
176,이천,2015-12,6종,31786
177,여주,2015-12,1종,332694
177,여주,2015-12,2종,15260
177,여주,2015-12,3종,38029
177,여주,2015-12,4종,22346
177,여주,2015-12,5종,14352
177,여주,2015-12,6종,16256
178,문막,2015-12,1종,349021
178,문막,2015-12,2종,22425
178,문막,2015-12,3종,39591
178,문막,2015-12,4종,15468
178,문막,2015-12,5종,18354
178,문막,2015-12,6종,16702
179,홍천,2015-12,1종,310701
179,홍천,2015-12,2종,9321
179,홍천,2015-12,3종,16461
179,홍천,2015-12,4종,6904
179,홍천,2015-12,5종,7487
179,홍천,2015-12,6종,22802
180,원주,2015-12,1종,264137
180,원주,2015-12,2종,14865
180,원주,2015-12,3종,19430
180,원주,2015-12,4종,10440
180,원주,2015-12,5종,10896
180,원주,2015-12,6종,13704
181,새말,2015-12,1종,204899
181,새말,2015-12,2종,7778
181,새말,2015-12,3종,12536
181,새말,2015-12,4종,7024
181,새말,2015-12,5종,6882
181,새말,2015-12,6종,8134
182,둔내,2015-12,1종,144518
182,둔내,2015-12,2종,3524
182,둔내,2015-12,3종,6586
182,둔내,2015-12,4종,4438
182,둔내,2015-12,5종,2485
182,둔내,2015-12,6종,6243
183,면온,2015-12,1종,126385
183,면온,2015-12,2종,1987
183,면온,2015-12,3종,6322
183,면온,2015-12,4종,2820
183,면온,2015-12,5종,1847
183,면온,2015-12,6종,5060
184,대관령,2015-12,1종,249749
184,대관령,2015-12,2종,5499
184,대관령,2015-12,3종,18105
184,대관령,2015-12,4종,2686
184,대관령,2015-12,5종,4305
184,대관령,2015-12,6종,11713
185,평창,2015-12,1종,121391
185,평창,2015-12,2종,3683
185,평창,2015-12,3종,13198
185,평창,2015-12,4종,2005
185,평창,2015-12,5종,4440
185,평창,2015-12,6종,5619
186,속사,2015-12,1종,31977
186,속사,2015-12,2종,957
186,속사,2015-12,3종,1271
186,속사,2015-12,4종,2801
186,속사,2015-12,5종,2181
186,속사,2015-12,6종,1277
187,진부,2015-12,1종,133498
187,진부,2015-12,2종,4211
187,진부,2015-12,3종,10750
187,진부,2015-12,4종,2819
187,진부,2015-12,5종,5292
187,진부,2015-12,6종,6421
188,서충주,2015-12,1종,109091
188,서충주,2015-12,2종,6415
188,서충주,2015-12,3종,9294
188,서충주,2015-12,4종,7304
188,서충주,2015-12,5종,8361
188,서충주,2015-12,6종,5022
189,강릉,2015-12,1종,527426
189,강릉,2015-12,2종,13956
189,강릉,2015-12,3종,42345
189,강릉,2015-12,4종,10095
189,강릉,2015-12,5종,15431
189,강릉,2015-12,6종,26656
190,동서울,2015-12,1종,3276749
190,동서울,2015-12,2종,184889
190,동서울,2015-12,3종,223591
190,동서울,2015-12,4종,116077
190,동서울,2015-12,5종,74464
190,동서울,2015-12,6종,165536
191,경기광주,2015-12,1종,782429
191,경기광주,2015-12,2종,46575
191,경기광주,2015-12,3종,38078
191,경기광주,2015-12,4종,13388
191,경기광주,2015-12,5종,7533
191,경기광주,2015-12,6종,58588
192,곤지암,2015-12,1종,816446
192,곤지암,2015-12,2종,70986
192,곤지암,2015-12,3종,54256
192,곤지암,2015-12,4종,42432
192,곤지암,2015-12,5종,25090
192,곤지암,2015-12,6종,49551
193,일죽,2015-12,1종,397401
193,일죽,2015-12,2종,35462
193,일죽,2015-12,3종,40669
193,일죽,2015-12,4종,35286
193,일죽,2015-12,5종,20571
193,일죽,2015-12,6종,18736
194,서이천,2015-12,1종,518471
194,서이천,2015-12,2종,62795
194,서이천,2015-12,3종,53407
194,서이천,2015-12,4종,35137
194,서이천,2015-12,5종,17240
194,서이천,2015-12,6종,31961
195,대소,2015-12,1종,273242
195,대소,2015-12,2종,37905
195,대소,2015-12,3종,43362
195,대소,2015-12,4종,33763
195,대소,2015-12,5종,23832
195,대소,2015-12,6종,13170
196,진천,2015-12,1종,262686
196,진천,2015-12,2종,16942
196,진천,2015-12,3종,21107
196,진천,2015-12,4종,17524
196,진천,2015-12,5종,20358
196,진천,2015-12,6종,12529
197,증평,2015-12,1종,338463
197,증평,2015-12,2종,21250
197,증평,2015-12,3종,25565
197,증평,2015-12,4종,18936
197,증평,2015-12,5종,20326
197,증평,2015-12,6종,14729
198,서청주,2015-12,1종,836832
198,서청주,2015-12,2종,33913
198,서청주,2015-12,3종,44478
198,서청주,2015-12,4종,30021
198,서청주,2015-12,5종,22144
198,서청주,2015-12,6종,43165
199,오창,2015-12,1종,549881
199,오창,2015-12,2종,21197
199,오창,2015-12,3종,33845
199,오창,2015-12,4종,22250
199,오창,2015-12,5종,21489
199,오창,2015-12,6종,27631
200,금산,2015-12,1종,132503
200,금산,2015-12,2종,3665
200,금산,2015-12,3종,6045
200,금산,2015-12,4종,3662
200,금산,2015-12,5종,3887
200,금산,2015-12,6종,6187
201,칠곡,2015-12,1종,640503
201,칠곡,2015-12,2종,23212
201,칠곡,2015-12,3종,22536
201,칠곡,2015-12,4종,8687
201,칠곡,2015-12,5종,13932
201,칠곡,2015-12,6종,33419
202,다부,2015-12,1종,121651
202,다부,2015-12,2종,7428
202,다부,2015-12,3종,5814
202,다부,2015-12,4종,3076
202,다부,2015-12,5종,10350
202,다부,2015-12,6종,4830
203,가산,2015-12,1종,550172
203,가산,2015-12,2종,22066
203,가산,2015-12,3종,22675
203,가산,2015-12,4종,15384
203,가산,2015-12,5종,35910
203,가산,2015-12,6종,22865
204,추부,2015-12,1종,171104
204,추부,2015-12,2종,8281
204,추부,2015-12,3종,8207
204,추부,2015-12,4종,4932
204,추부,2015-12,5종,4506
204,추부,2015-12,6종,9847
205,군위,2015-12,1종,151055
205,군위,2015-12,2종,5546
205,군위,2015-12,3종,5267
205,군위,2015-12,4종,3865
205,군위,2015-12,5종,13491
205,군위,2015-12,6종,6456
206,의성,2015-12,1종,163383
206,의성,2015-12,2종,4912
206,의성,2015-12,3종,4854
206,의성,2015-12,4종,2506
206,의성,2015-12,5종,5774
206,의성,2015-12,6종,5816
207,남안동,2015-12,1종,285179
207,남안동,2015-12,2종,8984
207,남안동,2015-12,3종,7347
207,남안동,2015-12,4종,4797
207,남안동,2015-12,5종,9942
207,남안동,2015-12,6종,10513
208,서안동,2015-12,1종,219594
208,서안동,2015-12,2종,7177
208,서안동,2015-12,3종,17403
208,서안동,2015-12,4종,5434
208,서안동,2015-12,5종,11435
208,서안동,2015-12,6종,6973
209,예천,2015-12,1종,23398
209,예천,2015-12,2종,589
209,예천,2015-12,3종,421
209,예천,2015-12,4종,275
209,예천,2015-12,5종,785
209,예천,2015-12,6종,837
210,영주,2015-12,1종,138256
210,영주,2015-12,2종,5133
210,영주,2015-12,3종,7404
210,영주,2015-12,4종,4571
210,영주,2015-12,5종,17016
210,영주,2015-12,6종,4497
211,풍기,2015-12,1종,197941
211,풍기,2015-12,2종,5585
211,풍기,2015-12,3종,15175
211,풍기,2015-12,4종,4902
211,풍기,2015-12,5종,11385
211,풍기,2015-12,6종,6984
212,북수원,2015-12,1종,1324036
212,북수원,2015-12,2종,41371
212,북수원,2015-12,3종,57427
212,북수원,2015-12,4종,28748
212,북수원,2015-12,5종,23587
212,북수원,2015-12,6종,84630
213,부곡,2015-12,1종,387663
213,부곡,2015-12,2종,11871
213,부곡,2015-12,3종,8713
213,부곡,2015-12,4종,14460
213,부곡,2015-12,5종,71529
213,부곡,2015-12,6종,26654
214,동군포,2015-12,1종,231004
214,동군포,2015-12,2종,26166
214,동군포,2015-12,3종,19055
214,동군포,2015-12,4종,43399
214,동군포,2015-12,5종,24732
214,동군포,2015-12,6종,18487
215,군포,2015-12,1종,1010797
215,군포,2015-12,2종,46610
215,군포,2015-12,3종,41975
215,군포,2015-12,4종,21356
215,군포,2015-12,5종,31916
215,군포,2015-12,6종,74279
216,횡성,2015-12,1종,194657
216,횡성,2015-12,2종,6928
216,횡성,2015-12,3종,10230
216,횡성,2015-12,4종,4479
216,횡성,2015-12,5종,7493
216,횡성,2015-12,6종,9526
217,북원주,2015-12,1종,72302
217,북원주,2015-12,2종,5818
217,북원주,2015-12,3종,4560
217,북원주,2015-12,4종,2320
217,북원주,2015-12,5종,3497
217,북원주,2015-12,6종,5130
218,남원주,2015-12,1종,573741
218,남원주,2015-12,2종,16698
218,남원주,2015-12,3종,28226
218,남원주,2015-12,4종,8401
218,남원주,2015-12,5종,9976
218,남원주,2015-12,6종,29781
219,신림,2015-12,1종,89335
219,신림,2015-12,2종,2864
219,신림,2015-12,3종,2784
219,신림,2015-12,4종,2873
219,신림,2015-12,5종,7836
219,신림,2015-12,6종,3757
220,덕평휴게소,2015-12,1종,5860
220,덕평휴게소,2015-12,2종,185
220,덕평휴게소,2015-12,3종,68
220,덕평휴게소,2015-12,4종,5
220,덕평휴게소,2015-12,5종,39
220,덕평휴게소,2015-12,6종,491
221,생초,2015-12,1종,51235
221,생초,2015-12,2종,2223
221,생초,2015-12,3종,2876
221,생초,2015-12,4종,2361
221,생초,2015-12,5종,8077
221,생초,2015-12,6종,1811
222,산청,2015-12,1종,49344
222,산청,2015-12,2종,1943
222,산청,2015-12,3종,2259
222,산청,2015-12,4종,1006
222,산청,2015-12,5종,1727
222,산청,2015-12,6종,1954
223,단성,2015-12,1종,92453
223,단성,2015-12,2종,2590
223,단성,2015-12,3종,5403
223,단성,2015-12,4종,3549
223,단성,2015-12,5종,4271
223,단성,2015-12,6종,3649
224,함양,2015-12,1종,112332
224,함양,2015-12,2종,3665
224,함양,2015-12,3종,7623
224,함양,2015-12,4종,2053
224,함양,2015-12,5종,3983
224,함양,2015-12,6종,5025
225,서진주,2015-12,1종,339362
225,서진주,2015-12,2종,8404
225,서진주,2015-12,3종,7727
225,서진주,2015-12,4종,5656
225,서진주,2015-12,5종,13314
225,서진주,2015-12,6종,19662
227,군산,2015-12,1종,275633
227,군산,2015-12,2종,6748
227,군산,2015-12,3종,16754
227,군산,2015-12,4종,12154
227,군산,2015-12,5종,25069
227,군산,2015-12,6종,8579
228,동군산,2015-12,1종,238777
228,동군산,2015-12,2종,8070
228,동군산,2015-12,3종,13209
228,동군산,2015-12,4종,7965
228,동군산,2015-12,5종,13850
228,동군산,2015-12,6종,7030
229,북천안,2015-12,1종,408069
229,북천안,2015-12,2종,30421
229,북천안,2015-12,3종,40712
229,북천안,2015-12,4종,45586
229,북천안,2015-12,5종,46851
229,북천안,2015-12,6종,23163
230,팔공산,2015-12,1종,719823
230,팔공산,2015-12,2종,25954
230,팔공산,2015-12,3종,15558
230,팔공산,2015-12,4종,8919
230,팔공산,2015-12,5종,11131
230,팔공산,2015-12,6종,34930
231,화원옥포,2015-12,1종,659987
231,화원옥포,2015-12,2종,33297
231,화원옥포,2015-12,3종,20888
231,화원옥포,2015-12,4종,11457
231,화원옥포,2015-12,5종,15099
231,화원옥포,2015-12,6종,34224
232,달성,2015-12,1종,305108
232,달성,2015-12,2종,18724
232,달성,2015-12,3종,22865
232,달성,2015-12,4종,6593
232,달성,2015-12,5종,7685
232,달성,2015-12,6종,20461
233,현풍,2015-12,1종,415101
233,현풍,2015-12,2종,30059
233,현풍,2015-12,3종,29090
233,현풍,2015-12,4종,23228
233,현풍,2015-12,5종,40321
233,현풍,2015-12,6종,19925
234,서천,2015-12,1종,96737
234,서천,2015-12,2종,2860
234,서천,2015-12,3종,3755
234,서천,2015-12,4종,3285
234,서천,2015-12,5종,3469
234,서천,2015-12,6종,3096
235,창녕,2015-12,1종,157298
235,창녕,2015-12,2종,6854
235,창녕,2015-12,3종,9247
235,창녕,2015-12,4종,4293
235,창녕,2015-12,5종,9631
235,창녕,2015-12,6종,7722
236,영산,2015-12,1종,161780
236,영산,2015-12,2종,10132
236,영산,2015-12,3종,11285
236,영산,2015-12,4종,8706
236,영산,2015-12,5종,11867
236,영산,2015-12,6종,7549
237,남지,2015-12,1종,143917
237,남지,2015-12,2종,8140
237,남지,2015-12,3종,12797
237,남지,2015-12,4종,8157
237,남지,2015-12,5종,14754
237,남지,2015-12,6종,10581
238,칠서,2015-12,1종,234965
238,칠서,2015-12,2종,23109
238,칠서,2015-12,3종,19860
238,칠서,2015-12,4종,26799
238,칠서,2015-12,5종,42440
238,칠서,2015-12,6종,14448
239,칠원,2015-12,1종,601695
239,칠원,2015-12,2종,24068
239,칠원,2015-12,3종,46913
239,칠원,2015-12,4종,35379
239,칠원,2015-12,5종,40090
239,칠원,2015-12,6종,30685
240,제천,2015-12,1종,449035
240,제천,2015-12,2종,12622
240,제천,2015-12,3종,23931
240,제천,2015-12,4종,8385
240,제천,2015-12,5종,16960
240,제천,2015-12,6종,19114
241,동고령,2015-12,1종,298167
241,동고령,2015-12,2종,18554
241,동고령,2015-12,3종,18716
241,동고령,2015-12,4종,15548
241,동고령,2015-12,5종,19701
241,동고령,2015-12,6종,14132
242,고령,2015-12,1종,218725
242,고령,2015-12,2종,10327
242,고령,2015-12,3종,9305
242,고령,2015-12,4종,6796
242,고령,2015-12,5종,20903
242,고령,2015-12,6종,8776
243,해인사,2015-12,1종,106462
243,해인사,2015-12,2종,3405
243,해인사,2015-12,3종,2489
243,해인사,2015-12,4종,1496
243,해인사,2015-12,5종,1988
243,해인사,2015-12,6종,4764
244,서부산,2015-12,1종,1639870
244,서부산,2015-12,2종,47559
244,서부산,2015-12,3종,85916
244,서부산,2015-12,4종,41094
244,서부산,2015-12,5종,92834
244,서부산,2015-12,6종,93418
245,장유,2015-12,1종,1547292
245,장유,2015-12,2종,42881
245,장유,2015-12,3종,64314
245,장유,2015-12,4종,26477
245,장유,2015-12,5종,38411
245,장유,2015-12,6종,108514
246,가락,2015-12,1종,52909
246,가락,2015-12,2종,7229
246,가락,2015-12,3종,8021
246,가락,2015-12,4종,19359
246,가락,2015-12,5종,57052
246,가락,2015-12,6종,2206
247,남원,2015-12,1종,159160
247,남원,2015-12,2종,6235
247,남원,2015-12,3종,7688
247,남원,2015-12,4종,3317
247,남원,2015-12,5종,9547
247,남원,2015-12,6종,6230
248,순창,2015-12,1종,131333
248,순창,2015-12,2종,4271
248,순창,2015-12,3종,4404
248,순창,2015-12,4종,3338
248,순창,2015-12,5종,7196
248,순창,2015-12,6종,4915
249,담양,2015-12,1종,153835
249,담양,2015-12,2종,4024
249,담양,2015-12,3종,12332
249,담양,2015-12,4종,2463
249,담양,2015-12,5종,5194
249,담양,2015-12,6종,5057
250,남양산,2015-12,1종,1245934
250,남양산,2015-12,2종,52797
250,남양산,2015-12,3종,47236
250,남양산,2015-12,4종,29397
250,남양산,2015-12,5종,37373
250,남양산,2015-12,6종,88674
251,물금,2015-12,1종,542722
251,물금,2015-12,2종,47326
251,물금,2015-12,3종,21296
251,물금,2015-12,4종,43743
251,물금,2015-12,5종,64723
251,물금,2015-12,6종,38953
252,대동,2015-12,1종,1947148
252,대동,2015-12,2종,107615
252,대동,2015-12,3종,83920
252,대동,2015-12,4종,81293
252,대동,2015-12,5종,231155
252,대동,2015-12,6종,93456
253,서서울,2015-12,1종,5064936
253,서서울,2015-12,2종,206758
253,서서울,2015-12,3종,177910
253,서서울,2015-12,4종,155075
253,서서울,2015-12,5종,146332
253,서서울,2015-12,6종,309048
254,군자,2015-12,1종,2652969
254,군자,2015-12,2종,330390
254,군자,2015-12,3종,110433
254,군자,2015-12,4종,161888
254,군자,2015-12,5종,167527
254,군자,2015-12,6종,171708
255,서안산,2015-12,1종,1770597
255,서안산,2015-12,2종,100087
255,서안산,2015-12,3종,71255
255,서안산,2015-12,4종,54662
255,서안산,2015-12,5종,60890
255,서안산,2015-12,6종,134017
256,안산,2015-12,1종,887138
256,안산,2015-12,2종,25058
256,안산,2015-12,3종,20506
256,안산,2015-12,4종,7380
256,안산,2015-12,5종,9729
256,안산,2015-12,6종,67829
257,홍성,2015-12,1종,158689
257,홍성,2015-12,2종,4323
257,홍성,2015-12,3종,7010
257,홍성,2015-12,4종,3415
257,홍성,2015-12,5종,4989
257,홍성,2015-12,6종,5643
258,광천,2015-12,1종,114331
258,광천,2015-12,2종,5420
258,광천,2015-12,3종,6854
258,광천,2015-12,4종,5184
258,광천,2015-12,5종,7591
258,광천,2015-12,6종,3931
259,대천,2015-12,1종,216160
259,대천,2015-12,2종,5682
259,대천,2015-12,3종,9176
259,대천,2015-12,4종,3231
259,대천,2015-12,5종,3773
259,대천,2015-12,6종,7532
260,춘장대,2015-12,1종,43620
260,춘장대,2015-12,2종,1229
260,춘장대,2015-12,3종,1488
260,춘장대,2015-12,4종,1127
260,춘장대,2015-12,5종,1256
260,춘장대,2015-12,6종,1309
261,동광주,2015-12,1종,1085797
261,동광주,2015-12,2종,28122
261,동광주,2015-12,3종,56931
261,동광주,2015-12,4종,21223
261,동광주,2015-12,5종,31890
261,동광주,2015-12,6종,36170
262,창평,2015-12,1종,96910
262,창평,2015-12,2종,5075
262,창평,2015-12,3종,2838
262,창평,2015-12,4종,2675
262,창평,2015-12,5종,1668
262,창평,2015-12,6종,3069
263,옥과,2015-12,1종,202749
263,옥과,2015-12,2종,4451
263,옥과,2015-12,3종,10113
263,옥과,2015-12,4종,3972
263,옥과,2015-12,5종,5855
263,옥과,2015-12,6종,8600
264,동남원,2015-12,1종,49274
264,동남원,2015-12,2종,1895
264,동남원,2015-12,3종,2354
264,동남원,2015-12,4종,1481
264,동남원,2015-12,5종,1100
264,동남원,2015-12,6종,1773
265,곡성,2015-12,1종,136663
265,곡성,2015-12,2종,3688
265,곡성,2015-12,3종,4144
265,곡성,2015-12,4종,1981
265,곡성,2015-12,5종,4958
265,곡성,2015-12,6종,5852
266,석곡,2015-12,1종,43883
266,석곡,2015-12,2종,1221
266,석곡,2015-12,3종,1874
266,석곡,2015-12,4종,968
266,석곡,2015-12,5종,1227
266,석곡,2015-12,6종,1792
267,주암송광사,2015-12,1종,121115
267,주암송광사,2015-12,2종,3235
267,주암송광사,2015-12,3종,2753
267,주암송광사,2015-12,4종,2846
267,주암송광사,2015-12,5종,4009
267,주암송광사,2015-12,6종,3727
268,승주,2015-12,1종,65082
268,승주,2015-12,2종,1222
268,승주,2015-12,3종,1338
268,승주,2015-12,4종,830
268,승주,2015-12,5종,1142
268,승주,2015-12,6종,3375
269,지리산,2015-12,1종,62024
269,지리산,2015-12,2종,1793
269,지리산,2015-12,3종,2239
269,지리산,2015-12,4종,1965
269,지리산,2015-12,5종,1169
269,지리산,2015-12,6종,2087
270,서순천,2015-12,1종,164640
270,서순천,2015-12,2종,5578
270,서순천,2015-12,3종,10427
270,서순천,2015-12,4종,2137
270,서순천,2015-12,5종,2391
270,서순천,2015-12,6종,6211
271,순천,2015-12,1종,595362
271,순천,2015-12,2종,15469
271,순천,2015-12,3종,14367
271,순천,2015-12,4종,9235
271,순천,2015-12,5종,21309
271,순천,2015-12,6종,20242
272,광양,2015-12,1종,320228
272,광양,2015-12,2종,9365
272,광양,2015-12,3종,22388
272,광양,2015-12,4종,16486
272,광양,2015-12,5종,44382
272,광양,2015-12,6종,10741
273,동광양,2015-12,1종,152727
273,동광양,2015-12,2종,2515
273,동광양,2015-12,3종,2979
273,동광양,2015-12,4종,4413
273,동광양,2015-12,5종,20148
273,동광양,2015-12,6종,7130
274,가조,2015-12,1종,78831
274,가조,2015-12,2종,2533
274,가조,2015-12,3종,3124
274,가조,2015-12,4종,2503
274,가조,2015-12,5종,2486
274,가조,2015-12,6종,4695
275,옥곡,2015-12,1종,181030
275,옥곡,2015-12,2종,4489
275,옥곡,2015-12,3종,9191
275,옥곡,2015-12,4종,7541
275,옥곡,2015-12,5종,26563
275,옥곡,2015-12,6종,7214
276,진월,2015-12,1종,85779
276,진월,2015-12,2종,2152
276,진월,2015-12,3종,2299
276,진월,2015-12,4종,5846
276,진월,2015-12,5종,27006
276,진월,2015-12,6종,3238
277,하동,2015-12,1종,211707
277,하동,2015-12,2종,5638
277,하동,2015-12,3종,8290
277,하동,2015-12,4종,9600
277,하동,2015-12,5종,41865
277,하동,2015-12,6종,10088
278,진교,2015-12,1종,170984
278,진교,2015-12,2종,4268
278,진교,2015-12,3종,13790
278,진교,2015-12,4종,1401
278,진교,2015-12,5종,4381
278,진교,2015-12,6종,9895
279,곤양,2015-12,1종,128801
279,곤양,2015-12,2종,4106
279,곤양,2015-12,3종,6287
279,곤양,2015-12,4종,3554
279,곤양,2015-12,5종,9014
279,곤양,2015-12,6종,5970
280,거창,2015-12,1종,218777
280,거창,2015-12,2종,8951
280,거창,2015-12,3종,16562
280,거창,2015-12,4종,5898
280,거창,2015-12,5종,7173
280,거창,2015-12,6종,10957
281,매송,2015-12,1종,516783
281,매송,2015-12,2종,23935
281,매송,2015-12,3종,25795
281,매송,2015-12,4종,12975
281,매송,2015-12,5종,27698
281,매송,2015-12,6종,30481
282,비봉,2015-12,1종,741560
282,비봉,2015-12,2종,42165
282,비봉,2015-12,3종,34075
282,비봉,2015-12,4종,19553
282,비봉,2015-12,5종,42399
282,비봉,2015-12,6종,45832
283,발안,2015-12,1종,473110
283,발안,2015-12,2종,30308
283,발안,2015-12,3종,26031
283,발안,2015-12,4종,20402
283,발안,2015-12,5종,20312
283,발안,2015-12,6종,30924
284,남양양,2015-12,1종,58870
284,남양양,2015-12,2종,1551
284,남양양,2015-12,3종,2076
284,남양양,2015-12,4종,612
284,남양양,2015-12,5종,2857
284,남양양,2015-12,6종,1711
285,서평택,2015-12,1종,750280
285,서평택,2015-12,2종,40587
285,서평택,2015-12,3종,56659
285,서평택,2015-12,4종,65851
285,서평택,2015-12,5종,132832
285,서평택,2015-12,6종,39372
287,송악,2015-12,1종,386510
287,송악,2015-12,2종,13369
287,송악,2015-12,3종,18914
287,송악,2015-12,4종,19217
287,송악,2015-12,5종,97773
287,송악,2015-12,6종,18096
288,당진,2015-12,1종,386032
288,당진,2015-12,2종,14579
288,당진,2015-12,3종,27729
288,당진,2015-12,4종,18658
288,당진,2015-12,5종,31268
288,당진,2015-12,6종,17133
289,마산,2015-12,1종,945717
289,마산,2015-12,2종,29263
289,마산,2015-12,3종,42054
289,마산,2015-12,4종,16536
289,마산,2015-12,5종,22838
289,마산,2015-12,6종,60372
290,축동,2015-12,1종,50095
290,축동,2015-12,2종,2925
290,축동,2015-12,3종,1882
290,축동,2015-12,4종,4945
290,축동,2015-12,5종,6769
290,축동,2015-12,6종,3013
291,사천,2015-12,1종,741517
291,사천,2015-12,2종,30359
291,사천,2015-12,3종,30783
291,사천,2015-12,4종,16135
291,사천,2015-12,5종,32634
291,사천,2015-12,6종,47503
292,진주,2015-12,1종,752640
292,진주,2015-12,2종,23414
292,진주,2015-12,3종,50722
292,진주,2015-12,4종,14080
292,진주,2015-12,5종,28928
292,진주,2015-12,6종,49569
293,문산,2015-12,1종,340249
293,문산,2015-12,2종,12484
293,문산,2015-12,3종,9215
293,문산,2015-12,4종,6043
293,문산,2015-12,5종,11429
293,문산,2015-12,6종,21043
294,북창원,2015-12,1종,262416
294,북창원,2015-12,2종,9014
294,북창원,2015-12,3종,6531
294,북창원,2015-12,4종,12552
294,북창원,2015-12,5종,10269
294,북창원,2015-12,6종,15100
295,진성,2015-12,1종,144798
295,진성,2015-12,2종,8031
295,진성,2015-12,3종,7608
295,진성,2015-12,4종,6684
295,진성,2015-12,5종,15358
295,진성,2015-12,6종,6976
296,지수,2015-12,1종,54775
296,지수,2015-12,2종,2322
296,지수,2015-12,3종,2202
296,지수,2015-12,4종,1740
296,지수,2015-12,5종,6636
296,지수,2015-12,6종,3959
297,동충주,2015-12,1종,194271
297,동충주,2015-12,2종,8842
297,동충주,2015-12,3종,13714
297,동충주,2015-12,4종,11065
297,동충주,2015-12,5종,27674
297,동충주,2015-12,6종,6738
298,서산,2015-12,1종,383672
298,서산,2015-12,2종,13170
298,서산,2015-12,3종,29002
298,서산,2015-12,4종,24755
298,서산,2015-12,5종,44103
298,서산,2015-12,6종,15228
299,해미,2015-12,1종,128737
299,해미,2015-12,2종,4911
299,해미,2015-12,3종,7649
299,해미,2015-12,4종,6244
299,해미,2015-12,5종,12879
299,해미,2015-12,6종,5364
500,남여주,2015-12,1종,171846
500,남여주,2015-12,2종,7177
500,남여주,2015-12,3종,9430
500,남여주,2015-12,4종,9364
500,남여주,2015-12,5종,16471
500,남여주,2015-12,6종,8437
501,서김제,2015-12,1종,48074
501,서김제,2015-12,2종,2190
501,서김제,2015-12,3종,3732
501,서김제,2015-12,4종,2058
501,서김제,2015-12,5종,1812
501,서김제,2015-12,6종,1313
502,부안,2015-12,1종,95315
502,부안,2015-12,2종,3755
502,부안,2015-12,3종,7374
502,부안,2015-12,4종,2523
502,부안,2015-12,5종,3509
502,부안,2015-12,6종,2524
503,줄포,2015-12,1종,59941
503,줄포,2015-12,2종,1913
503,줄포,2015-12,3종,2471
503,줄포,2015-12,4종,1159
503,줄포,2015-12,5종,810
503,줄포,2015-12,6종,1316
504,선운산,2015-12,1종,99963
504,선운산,2015-12,2종,3556
504,선운산,2015-12,3종,8159
504,선운산,2015-12,4종,6954
504,선운산,2015-12,5종,5957
504,선운산,2015-12,6종,2817
505,고창,2015-12,1종,82308
505,고창,2015-12,2종,3128
505,고창,2015-12,3종,3823
505,고창,2015-12,4종,1718
505,고창,2015-12,5종,1278
505,고창,2015-12,6종,2383
506,영광,2015-12,1종,81070
506,영광,2015-12,2종,3383
506,영광,2015-12,3종,6361
506,영광,2015-12,4종,2195
506,영광,2015-12,5종,2252
506,영광,2015-12,6종,2041
507,함평,2015-12,1종,56399
507,함평,2015-12,2종,2341
507,함평,2015-12,3종,5291
507,함평,2015-12,4종,2760
507,함평,2015-12,5종,3652
507,함평,2015-12,6종,1644
508,무안,2015-12,1종,205040
508,무안,2015-12,2종,5908
508,무안,2015-12,3종,7509
508,무안,2015-12,4종,3898
508,무안,2015-12,5종,5127
508,무안,2015-12,6종,6202
509,목포,2015-12,1종,812737
509,목포,2015-12,2종,22255
509,목포,2015-12,3종,38542
509,목포,2015-12,4종,27035
509,목포,2015-12,5종,29158
509,목포,2015-12,6종,24232
510,양양,2015-12,1종,82549
510,양양,2015-12,2종,2279
510,양양,2015-12,3종,2506
510,양양,2015-12,4종,1503
510,양양,2015-12,5종,5243
510,양양,2015-12,6종,3416
511,무창포,2015-12,1종,68603
511,무창포,2015-12,2종,1770
511,무창포,2015-12,3종,2747
511,무창포,2015-12,4종,1798
511,무창포,2015-12,5종,3870
511,무창포,2015-12,6종,2024
512,연화산,2015-12,1종,42632
512,연화산,2015-12,2종,1469
512,연화산,2015-12,3종,1206
512,연화산,2015-12,4종,1300
512,연화산,2015-12,5종,2309
512,연화산,2015-12,6종,2513
513,고성,2015-12,1종,410819
513,고성,2015-12,2종,13677
513,고성,2015-12,3종,18438
513,고성,2015-12,4종,10888
513,고성,2015-12,5종,20023
513,고성,2015-12,6종,22489
514,동고성,2015-12,1종,107534
514,동고성,2015-12,2종,4550
514,동고성,2015-12,3종,6386
514,동고성,2015-12,4종,8139
514,동고성,2015-12,5종,17478
514,동고성,2015-12,6종,9286
515,북통영,2015-12,1종,166914
515,북통영,2015-12,2종,4117
515,북통영,2015-12,3종,11306
515,북통영,2015-12,4종,2176
515,북통영,2015-12,5종,2557
515,북통영,2015-12,6종,9834
516,통영,2015-12,1종,627202
516,통영,2015-12,2종,18271
516,통영,2015-12,3종,26884
516,통영,2015-12,4종,17899
516,통영,2015-12,5종,31675
516,통영,2015-12,6종,31940
517,양평,2015-12,1종,200264
517,양평,2015-12,2종,7102
517,양평,2015-12,3종,8657
517,양평,2015-12,4종,5639
517,양평,2015-12,5종,8549
517,양평,2015-12,6종,9338
518,칠곡물류,2015-12,1종,72371
518,칠곡물류,2015-12,2종,16598
518,칠곡물류,2015-12,3종,10487
518,칠곡물류,2015-12,4종,22133
518,칠곡물류,2015-12,5종,16960
518,칠곡물류,2015-12,6종,3921
519,남대구,2015-12,1종,1353180
519,남대구,2015-12,2종,55984
519,남대구,2015-12,3종,65395
519,남대구,2015-12,4종,25042
519,남대구,2015-12,5종,37865
519,남대구,2015-12,6종,70440
520,평택,2015-12,1종,537233
520,평택,2015-12,2종,31025
520,평택,2015-12,3종,40638
520,평택,2015-12,4종,23394
520,평택,2015-12,5종,30942
520,평택,2015-12,6종,32686
521,단양,2015-12,1종,63076
521,단양,2015-12,2종,1529
521,단양,2015-12,3종,3049
521,단양,2015-12,4종,1583
521,단양,2015-12,5종,14051
521,단양,2015-12,6종,2609
522,북단양,2015-12,1종,110310
522,북단양,2015-12,2종,2923
522,북단양,2015-12,3종,3489
522,북단양,2015-12,4종,11347
522,북단양,2015-12,5종,58941
522,북단양,2015-12,6종,4068
523,남제천,2015-12,1종,192419
523,남제천,2015-12,2종,5124
523,남제천,2015-12,3종,8552
523,남제천,2015-12,4종,7297
523,남제천,2015-12,5종,29166
523,남제천,2015-12,6종,6460
524,청통와촌,2015-12,1종,252931
524,청통와촌,2015-12,2종,12391
524,청통와촌,2015-12,3종,8714
524,청통와촌,2015-12,4종,5683
524,청통와촌,2015-12,5종,6807
524,청통와촌,2015-12,6종,10183
525,북영천,2015-12,1종,191567
525,북영천,2015-12,2종,6581
525,북영천,2015-12,3종,5999
525,북영천,2015-12,4종,4156
525,북영천,2015-12,5종,7349
525,북영천,2015-12,6종,6164
526,서포항,2015-12,1종,113679
526,서포항,2015-12,2종,2432
526,서포항,2015-12,3종,2719
526,서포항,2015-12,4종,1382
526,서포항,2015-12,5종,3636
526,서포항,2015-12,6종,7260
527,포항,2015-12,1종,855437
527,포항,2015-12,2종,19619
527,포항,2015-12,3종,29945
527,포항,2015-12,4종,12031
527,포항,2015-12,5종,47761
527,포항,2015-12,6종,32274
528,기흥동탄,2015-12,1종,1125102
528,기흥동탄,2015-12,2종,27872
528,기흥동탄,2015-12,3종,80108
528,기흥동탄,2015-12,4종,19986
528,기흥동탄,2015-12,5종,19111
528,기흥동탄,2015-12,6종,64320
529,노포,2015-12,1종,286718
529,노포,2015-12,2종,13423
529,노포,2015-12,3종,44674
529,노포,2015-12,4종,9015
529,노포,2015-12,5종,12614
529,노포,2015-12,6종,14934
530,내장산,2015-12,1종,48464
530,내장산,2015-12,2종,1648
530,내장산,2015-12,3종,1111
530,내장산,2015-12,4종,688
530,내장산,2015-12,5종,501
530,내장산,2015-12,6종,1819
531,문의청남대,2015-12,1종,167121
531,문의청남대,2015-12,2종,6525
531,문의청남대,2015-12,3종,7733
531,문의청남대,2015-12,4종,6487
531,문의청남대,2015-12,5종,9005
531,문의청남대,2015-12,6종,7077
532,회인,2015-12,1종,37048
532,회인,2015-12,2종,1190
532,회인,2015-12,3종,1073
532,회인,2015-12,4종,735
532,회인,2015-12,5종,1055
532,회인,2015-12,6종,1827
533,보은,2015-12,1종,120903
533,보은,2015-12,2종,4819
533,보은,2015-12,3종,4680
533,보은,2015-12,4종,3662
533,보은,2015-12,5종,3920
533,보은,2015-12,6종,6024
534,속리산,2015-12,1종,47203
534,속리산,2015-12,2종,1980
534,속리산,2015-12,3종,2191
534,속리산,2015-12,4종,1360
534,속리산,2015-12,5종,2038
534,속리산,2015-12,6종,2155
535,화서,2015-12,1종,46167
535,화서,2015-12,2종,1595
535,화서,2015-12,3종,1832
535,화서,2015-12,4종,1560
535,화서,2015-12,5종,2388
535,화서,2015-12,6종,2021
536,남상주,2015-12,1종,115452
536,남상주,2015-12,2종,4591
536,남상주,2015-12,3종,10591
536,남상주,2015-12,4종,6053
536,남상주,2015-12,5종,5028
536,남상주,2015-12,6종,4268
537,남김천,2015-12,1종,78178
537,남김천,2015-12,2종,4884
537,남김천,2015-12,3종,6175
537,남김천,2015-12,4종,6298
537,남김천,2015-12,5종,16033
537,남김천,2015-12,6종,3072
538,성주,2015-12,1종,74372
538,성주,2015-12,2종,5809
538,성주,2015-12,3종,6449
538,성주,2015-12,4종,6362
538,성주,2015-12,5종,7649
538,성주,2015-12,6종,2960
539,남성주,2015-12,1종,53207
539,남성주,2015-12,2종,6841
539,남성주,2015-12,3종,4114
539,남성주,2015-12,4종,5929
539,남성주,2015-12,5종,8957
539,남성주,2015-12,6종,2039
540,청북,2015-12,1종,555456
540,청북,2015-12,2종,47756
540,청북,2015-12,3종,57750
540,청북,2015-12,4종,47553
540,청북,2015-12,5종,61328
540,청북,2015-12,6종,31674
541,송탄,2015-12,1종,410958
541,송탄,2015-12,2종,38646
541,송탄,2015-12,3종,39371
541,송탄,2015-12,4종,38508
541,송탄,2015-12,5종,29758
541,송탄,2015-12,6종,24642
542,서안성,2015-12,1종,368440
542,서안성,2015-12,2종,31137
542,서안성,2015-12,3종,44438
542,서안성,2015-12,4종,44473
542,서안성,2015-12,5종,34902
542,서안성,2015-12,6종,18422
543,남안성,2015-12,1종,542306
543,남안성,2015-12,2종,48093
543,남안성,2015-12,3종,51877
543,남안성,2015-12,4종,48080
543,남안성,2015-12,5종,56554
543,남안성,2015-12,6종,30478
544,완주,2015-12,1종,169033
544,완주,2015-12,2종,5644
544,완주,2015-12,3종,7758
544,완주,2015-12,4종,6724
544,완주,2015-12,5종,9006
544,완주,2015-12,6종,5674
545,소양,2015-12,1종,161759
545,소양,2015-12,2종,4285
545,소양,2015-12,3종,9456
545,소양,2015-12,4종,2616
545,소양,2015-12,5종,3462
545,소양,2015-12,6종,5416
546,진안,2015-12,1종,58404
546,진안,2015-12,2종,2452
546,진안,2015-12,3종,2480
546,진안,2015-12,4종,1204
546,진안,2015-12,5종,1130
546,진안,2015-12,6종,1888
547,무안공항,2015-12,1종,27988
547,무안공항,2015-12,2종,645
547,무안공항,2015-12,3종,659
547,무안공항,2015-12,4종,201
547,무안공항,2015-12,5종,223
547,무안공항,2015-12,6종,1133
548,북무안,2015-12,1종,103436
548,북무안,2015-12,2종,3753
548,북무안,2015-12,3종,4516
548,북무안,2015-12,4종,3030
548,북무안,2015-12,5종,3060
548,북무안,2015-12,6종,2713
549,동함평,2015-12,1종,165737
549,동함평,2015-12,2종,4235
549,동함평,2015-12,3종,4599
549,동함평,2015-12,4종,1847
549,동함평,2015-12,5종,2046
549,동함평,2015-12,6종,7075
550,문평,2015-12,1종,35905
550,문평,2015-12,2종,768
550,문평,2015-12,3종,923
550,문평,2015-12,4종,685
550,문평,2015-12,5종,3980
550,문평,2015-12,6종,1194
551,나주,2015-12,1종,55281
551,나주,2015-12,2종,1563
551,나주,2015-12,3종,1061
551,나주,2015-12,4종,790
551,나주,2015-12,5종,997
551,나주,2015-12,6종,2747
552,서광산,2015-12,1종,148067
552,서광산,2015-12,2종,7133
552,서광산,2015-12,3종,6925
552,서광산,2015-12,4종,3724
552,서광산,2015-12,5종,5830
552,서광산,2015-12,6종,5287
553,동광산,2015-12,1종,907350
553,동광산,2015-12,2종,19700
553,동광산,2015-12,3종,26942
553,동광산,2015-12,4종,11360
553,동광산,2015-12,5종,14589
553,동광산,2015-12,6종,30981
554,동홍천,2015-12,1종,432134
554,동홍천,2015-12,2종,5083
554,동홍천,2015-12,3종,18438
554,동홍천,2015-12,4종,2937
554,동홍천,2015-12,5종,3156
554,동홍천,2015-12,6종,16305
555,북진천,2015-12,1종,317735
555,북진천,2015-12,2종,34341
555,북진천,2015-12,3종,36952
555,북진천,2015-12,4종,31146
555,북진천,2015-12,5종,32299
555,북진천,2015-12,6종,15026
556,동순천,2015-12,1종,280927
556,동순천,2015-12,2종,5363
556,동순천,2015-12,3종,13795
556,동순천,2015-12,4종,11503
556,동순천,2015-12,5종,27346
556,동순천,2015-12,6종,8037
557,황전,2015-12,1종,72744
557,황전,2015-12,2종,1519
557,황전,2015-12,3종,1229
557,황전,2015-12,4종,875
557,황전,2015-12,5종,1979
557,황전,2015-12,6종,3133
558,구례화엄사,2015-12,1종,87313
558,구례화엄사,2015-12,2종,2513
558,구례화엄사,2015-12,3종,4142
558,구례화엄사,2015-12,4종,2281
558,구례화엄사,2015-12,5종,2748
558,구례화엄사,2015-12,6종,2671
559,서남원,2015-12,1종,51665
559,서남원,2015-12,2종,2577
559,서남원,2015-12,3종,2330
559,서남원,2015-12,4종,2131
559,서남원,2015-12,5종,4928
559,서남원,2015-12,6종,1755
560,감곡,2015-12,1종,264093
560,감곡,2015-12,2종,11904
560,감곡,2015-12,3종,15426
560,감곡,2015-12,4종,15823
560,감곡,2015-12,5종,31554
560,감곡,2015-12,6종,9900
561,북충주,2015-12,1종,146745
561,북충주,2015-12,2종,4803
561,북충주,2015-12,3종,10716
561,북충주,2015-12,4종,3544
561,북충주,2015-12,5종,4245
561,북충주,2015-12,6종,5920
562,충주,2015-12,1종,162537
562,충주,2015-12,2종,7420
562,충주,2015-12,3종,12169
562,충주,2015-12,4종,10544
562,충주,2015-12,5종,10183
562,충주,2015-12,6종,6266
563,괴산,2015-12,1종,67452
563,괴산,2015-12,2종,1910
563,괴산,2015-12,3종,3394
563,괴산,2015-12,4종,3047
563,괴산,2015-12,5종,5866
563,괴산,2015-12,6종,2346
564,연풍,2015-12,1종,47011
564,연풍,2015-12,2종,2866
564,연풍,2015-12,3종,6261
564,연풍,2015-12,4종,6447
564,연풍,2015-12,5종,6311
564,연풍,2015-12,6종,1400
565,문경새재,2015-12,1종,74050
565,문경새재,2015-12,2종,2784
565,문경새재,2015-12,3종,5604
565,문경새재,2015-12,4종,4164
565,문경새재,2015-12,5종,5116
565,문경새재,2015-12,6종,2436
566,점촌함창,2015-12,1종,122136
566,점촌함창,2015-12,2종,4193
566,점촌함창,2015-12,3종,9488
566,점촌함창,2015-12,4종,5257
566,점촌함창,2015-12,5종,7356
566,점촌함창,2015-12,6종,4043
567,남고창,2015-12,1종,105718
567,남고창,2015-12,2종,3220
567,남고창,2015-12,3종,2680
567,남고창,2015-12,4종,1669
567,남고창,2015-12,5종,1682
567,남고창,2015-12,6종,4150
568,장성물류,2015-12,1종,33745
568,장성물류,2015-12,2종,7310
568,장성물류,2015-12,3종,3262
568,장성물류,2015-12,4종,6703
568,장성물류,2015-12,5종,7593
568,장성물류,2015-12,6종,997
569,북광주,2015-12,1종,352235
569,북광주,2015-12,2종,16557
569,북광주,2015-12,3종,14781
569,북광주,2015-12,4종,15725
569,북광주,2015-12,5종,20779
569,북광주,2015-12,6종,11685
570,북상주,2015-12,1종,118580
570,북상주,2015-12,2종,6569
570,북상주,2015-12,3종,12402
570,북상주,2015-12,4종,13828
570,북상주,2015-12,5종,10514
570,북상주,2015-12,6종,4057
571,면천,2015-12,1종,88276
571,면천,2015-12,2종,3050
571,면천,2015-12,3종,3696
571,면천,2015-12,4종,3903
571,면천,2015-12,5종,7275
571,면천,2015-12,6종,3186
572,고덕,2015-12,1종,99646
572,고덕,2015-12,2종,3611
572,고덕,2015-12,3종,6007
572,고덕,2015-12,4종,3522
572,고덕,2015-12,5종,6269
572,고덕,2015-12,6종,3842
573,예산수덕사,2015-12,1종,288877
573,예산수덕사,2015-12,2종,10183
573,예산수덕사,2015-12,3종,11087
573,예산수덕사,2015-12,4종,11007
573,예산수덕사,2015-12,5종,13583
573,예산수덕사,2015-12,6종,10234
574,신양,2015-12,1종,64732
574,신양,2015-12,2종,2573
574,신양,2015-12,3종,2550
574,신양,2015-12,4종,2285
574,신양,2015-12,5종,3250
574,신양,2015-12,6종,2173
575,유구,2015-12,1종,88211
575,유구,2015-12,2종,3197
575,유구,2015-12,3종,3609
575,유구,2015-12,4종,4159
575,유구,2015-12,5종,4449
575,유구,2015-12,6종,2987
576,마곡사,2015-12,1종,41568
576,마곡사,2015-12,2종,1124
576,마곡사,2015-12,3종,1451
576,마곡사,2015-12,4종,1299
576,마곡사,2015-12,5종,1346
576,마곡사,2015-12,6종,1643
577,공주,2015-12,1종,162887
577,공주,2015-12,2종,6249
577,공주,2015-12,3종,7776
577,공주,2015-12,4종,2726
577,공주,2015-12,5종,3695
577,공주,2015-12,6종,7521
578,서세종,2015-12,1종,221153
578,서세종,2015-12,2종,11200
578,서세종,2015-12,3종,8670
578,서세종,2015-12,4종,6969
578,서세종,2015-12,5종,11521
578,서세종,2015-12,6종,9701
579,남세종,2015-12,1종,415931
579,남세종,2015-12,2종,9060
579,남세종,2015-12,3종,9882
579,남세종,2015-12,4종,5411
579,남세종,2015-12,5종,8615
579,남세종,2015-12,6종,22197
580,북강릉,2015-12,1종,220044
580,북강릉,2015-12,2종,5625
580,북강릉,2015-12,3종,8195
580,북강릉,2015-12,4종,3034
580,북강릉,2015-12,5종,8966
580,북강릉,2015-12,6종,8942
581,옥계,2015-12,1종,55498
581,옥계,2015-12,2종,2103
581,옥계,2015-12,3종,2216
581,옥계,2015-12,4종,3211
581,옥계,2015-12,5종,18709
581,옥계,2015-12,6종,3472
582,망상,2015-12,1종,118688
582,망상,2015-12,2종,3475
582,망상,2015-12,3종,12930
582,망상,2015-12,4종,1313
582,망상,2015-12,5종,2553
582,망상,2015-12,6종,7456
583,동해,2015-12,1종,343479
583,동해,2015-12,2종,10946
583,동해,2015-12,3종,15147
583,동해,2015-12,4종,9681
583,동해,2015-12,5종,32171
583,동해,2015-12,6종,15640
584,남강릉,2015-12,1종,122804
584,남강릉,2015-12,2종,7034
584,남강릉,2015-12,3종,9106
584,남강릉,2015-12,4종,3883
584,남강릉,2015-12,5종,5976
584,남강릉,2015-12,6종,7905
585,하조대,2015-12,1종,158412
585,하조대,2015-12,2종,4869
585,하조대,2015-12,3종,9267
585,하조대,2015-12,4종,2999
585,하조대,2015-12,5종,4410
585,하조대,2015-12,6종,5860
586,북남원,2015-12,1종,20074
586,북남원,2015-12,2종,861
586,북남원,2015-12,3종,717
586,북남원,2015-12,4종,541
586,북남원,2015-12,5종,1222
586,북남원,2015-12,6종,653
587,오수,2015-12,1종,134760
587,오수,2015-12,2종,3782
587,오수,2015-12,3종,6142
587,오수,2015-12,4종,3406
587,오수,2015-12,5종,6299
587,오수,2015-12,6종,4353
588,임실,2015-12,1종,46503
588,임실,2015-12,2종,2164
588,임실,2015-12,3종,2805
588,임실,2015-12,4종,1504
588,임실,2015-12,5종,1981
588,임실,2015-12,6종,1694
589,상관,2015-12,1종,151561
589,상관,2015-12,2종,3867
589,상관,2015-12,3종,6570
589,상관,2015-12,4종,5499
589,상관,2015-12,5종,22389
589,상관,2015-12,6종,4697
590,동전주,2015-12,1종,193652
590,동전주,2015-12,2종,3552
590,동전주,2015-12,3종,3233
590,동전주,2015-12,4종,1803
590,동전주,2015-12,5종,3216
590,동전주,2015-12,6종,7546
591,동서천,2015-12,1종,51355
591,동서천,2015-12,2종,1337
591,동서천,2015-12,3종,2035
591,동서천,2015-12,4종,1756
591,동서천,2015-12,5종,3018
591,동서천,2015-12,6종,1844
592,서부여,2015-12,1종,61272
592,서부여,2015-12,2종,2295
592,서부여,2015-12,3종,2488
592,서부여,2015-12,4종,1408
592,서부여,2015-12,5종,1935
592,서부여,2015-12,6종,2576
593,부여,2015-12,1종,82059
593,부여,2015-12,2종,2442
593,부여,2015-12,3종,2803
593,부여,2015-12,4종,2632
593,부여,2015-12,5종,4163
593,부여,2015-12,6종,3090
594,칠갑산,2015-12,1종,59473
594,칠갑산,2015-12,2종,1555
594,칠갑산,2015-12,3종,2274
594,칠갑산,2015-12,4종,1235
594,칠갑산,2015-12,5종,758
594,칠갑산,2015-12,6종,2085
595,서공주,2015-12,1종,53942
595,서공주,2015-12,2종,2690
595,서공주,2015-12,3종,2078
595,서공주,2015-12,4종,2047
595,서공주,2015-12,5종,2523
595,서공주,2015-12,6종,1963
596,가락2,2015-12,1종,61938
596,가락2,2015-12,2종,6310
596,가락2,2015-12,3종,6725
596,가락2,2015-12,4종,15969
596,가락2,2015-12,5종,63524
596,가락2,2015-12,6종,3574
597,서여주,2015-12,1종,131856
597,서여주,2015-12,2종,6373
597,서여주,2015-12,3종,7952
597,서여주,2015-12,4종,7076
597,서여주,2015-12,5종,6546
597,서여주,2015-12,6종,7469
598,북여주,2015-12,1종,72922
598,북여주,2015-12,2종,3105
598,북여주,2015-12,3종,2633
598,북여주,2015-12,4종,2011
598,북여주,2015-12,5종,3603
598,북여주,2015-12,6종,3552
599,양촌,2015-12,1종,30187
599,양촌,2015-12,2종,583
599,양촌,2015-12,3종,211
599,양촌,2015-12,4종,128
599,양촌,2015-12,5종,7
599,양촌,2015-12,6종,1046
601,남천안,2015-12,1종,307730
601,남천안,2015-12,2종,19713
601,남천안,2015-12,3종,26038
601,남천안,2015-12,4종,25982
601,남천안,2015-12,5종,20970
601,남천안,2015-12,6종,12763
602,풍세상,2015-12,1종,1510066
602,풍세상,2015-12,2종,44133
602,풍세상,2015-12,3종,163230
602,풍세상,2015-12,4종,91057
602,풍세상,2015-12,5종,97128
602,풍세상,2015-12,6종,65175
603,정안,2015-12,1종,274513
603,정안,2015-12,2종,8729
603,정안,2015-12,3종,26852
603,정안,2015-12,4종,11852
603,정안,2015-12,5종,10975
603,정안,2015-12,6종,11752
604,남공주,2015-12,1종,64943
604,남공주,2015-12,2종,3152
604,남공주,2015-12,3종,4249
604,남공주,2015-12,4종,2860
604,남공주,2015-12,5종,4086
604,남공주,2015-12,6종,2534
605,탄천,2015-12,1종,23635
605,탄천,2015-12,2종,1456
605,탄천,2015-12,3종,1364
605,탄천,2015-12,4종,1791
605,탄천,2015-12,5종,1731
605,탄천,2015-12,6종,1003
606,서논산,2015-12,1종,118962
606,서논산,2015-12,2종,5352
606,서논산,2015-12,3종,9023
606,서논산,2015-12,4종,7591
606,서논산,2015-12,5종,9645
606,서논산,2015-12,6종,4631
607,연무,2015-12,1종,76487
607,연무,2015-12,2종,2744
607,연무,2015-12,3종,3607
607,연무,2015-12,4종,2841
607,연무,2015-12,5종,3737
607,연무,2015-12,6종,2567
608,남논산하,2015-12,1종,863204
608,남논산하,2015-12,2종,21974
608,남논산하,2015-12,3종,107506
608,남논산하,2015-12,4종,47532
608,남논산하,2015-12,5종,71938
608,남논산하,2015-12,6종,31688
612,풍세하,2015-12,1종,1530273
612,풍세하,2015-12,2종,42768
612,풍세하,2015-12,3종,170888
612,풍세하,2015-12,4종,74106
612,풍세하,2015-12,5종,81505
612,풍세하,2015-12,6종,64594
613,남풍세,2015-12,1종,187200
613,남풍세,2015-12,2종,9174
613,남풍세,2015-12,3종,14102
613,남풍세,2015-12,4종,11576
613,남풍세,2015-12,5종,20283
613,남풍세,2015-12,6종,8050
618,남논산상,2015-12,1종,805504
618,남논산상,2015-12,2종,21552
618,남논산상,2015-12,3종,100012
618,남논산상,2015-12,4종,49492
618,남논산상,2015-12,5종,74188
618,남논산상,2015-12,6종,29390
621,동대구,2015-12,1종,887594
621,동대구,2015-12,2종,30659
621,동대구,2015-12,3종,43250
621,동대구,2015-12,4종,24623
621,동대구,2015-12,5종,30085
621,동대구,2015-12,6종,43604
622,대구,2015-12,1종,1208652
622,대구,2015-12,2종,46712
622,대구,2015-12,3종,70056
622,대구,2015-12,4종,56402
622,대구,2015-12,5종,88948
622,대구,2015-12,6종,61068
623,수성,2015-12,1종,815932
623,수성,2015-12,2종,19328
623,수성,2015-12,3종,15040
623,수성,2015-12,4종,7481
623,수성,2015-12,5종,10096
623,수성,2015-12,6종,37386
624,청도,2015-12,1종,235913
624,청도,2015-12,2종,9498
624,청도,2015-12,3종,9003
624,청도,2015-12,4종,6780
624,청도,2015-12,5종,7635
624,청도,2015-12,6종,10549
625,밀양,2015-12,1종,286256
625,밀양,2015-12,2종,13633
625,밀양,2015-12,3종,12543
625,밀양,2015-12,4종,10494
625,밀양,2015-12,5종,11518
625,밀양,2015-12,6종,12666
626,남밀양,2015-12,1종,388135
626,남밀양,2015-12,2종,21361
626,남밀양,2015-12,3종,18630
626,남밀양,2015-12,4종,14511
626,남밀양,2015-12,5종,15676
626,남밀양,2015-12,6종,22519
627,삼랑진,2015-12,1종,240812
627,삼랑진,2015-12,2종,10838
627,삼랑진,2015-12,3종,8167
627,삼랑진,2015-12,4종,6472
627,삼랑진,2015-12,5종,10922
627,삼랑진,2015-12,6종,14856
628,상동,2015-12,1종,230045
628,상동,2015-12,2종,23477
628,상동,2015-12,3종,15896
628,상동,2015-12,4종,23574
628,상동,2015-12,5종,33142
628,상동,2015-12,6종,13868
629,김해부산,2015-12,1종,1267174
629,김해부산,2015-12,2종,61548
629,김해부산,2015-12,3종,77828
629,김해부산,2015-12,4종,77390
629,김해부산,2015-12,5종,107058
629,김해부산,2015-12,6종,69140
641,울산,2015-12,1종,1275986
641,울산,2015-12,2종,46767
641,울산,2015-12,3종,74391
641,울산,2015-12,4종,51186
641,울산,2015-12,5종,127422
641,울산,2015-12,6종,63042
642,문수,2015-12,1종,136348
642,문수,2015-12,2종,5397
642,문수,2015-12,3종,7631
642,문수,2015-12,4종,10614
642,문수,2015-12,5종,26413
642,문수,2015-12,6종,7542
643,청량,2015-12,1종,628773
643,청량,2015-12,2종,13673
643,청량,2015-12,3종,16439
643,청량,2015-12,4종,23131
643,청량,2015-12,5종,87200
643,청량,2015-12,6종,38131
644,온양,2015-12,1종,201537
644,온양,2015-12,2종,4319
644,온양,2015-12,3종,3452
644,온양,2015-12,4종,3430
644,온양,2015-12,5종,11093
644,온양,2015-12,6종,12962
645,장안,2015-12,1종,377769
645,장안,2015-12,2종,8035
645,장안,2015-12,3종,6403
645,장안,2015-12,4종,6454
645,장안,2015-12,5종,22462
645,장안,2015-12,6종,26351
646,기장일광,2015-12,1종,326775
646,기장일광,2015-12,2종,3562
646,기장일광,2015-12,3종,3630
646,기장일광,2015-12,4종,3751
646,기장일광,2015-12,5종,11669
646,기장일광,2015-12,6종,19708
647,해운대송정,2015-12,1종,159749
647,해운대송정,2015-12,2종,1544
647,해운대송정,2015-12,3종,987
647,해운대송정,2015-12,4종,890
647,해운대송정,2015-12,5종,3826
647,해운대송정,2015-12,6종,10082
648,해운대,2015-12,1종,867817
648,해운대,2015-12,2종,9376
648,해운대,2015-12,3종,10210
648,해운대,2015-12,4종,8272
648,해운대,2015-12,5종,43374
648,해운대,2015-12,6종,51645
651,남양주,2015-12,1종,1525824
651,남양주,2015-12,2종,37419
651,남양주,2015-12,3종,64241
651,남양주,2015-12,4종,16635
651,남양주,2015-12,5종,16992
651,남양주,2015-12,6종,91246
652,화도,2015-12,1종,872231
652,화도,2015-12,2종,31682
652,화도,2015-12,3종,33590
652,화도,2015-12,4종,12984
652,화도,2015-12,5종,13987
652,화도,2015-12,6종,68392
653,서종,2015-12,1종,163703
653,서종,2015-12,2종,1875
653,서종,2015-12,3종,894
653,서종,2015-12,4종,793
653,서종,2015-12,5종,1330
653,서종,2015-12,6종,10826
654,설악,2015-12,1종,182712
654,설악,2015-12,2종,2917
654,설악,2015-12,3종,5093
654,설악,2015-12,4종,1519
654,설악,2015-12,5종,1678
654,설악,2015-12,6종,11267
655,강촌,2015-12,1종,119766
655,강촌,2015-12,2종,1811
655,강촌,2015-12,3종,4024
655,강촌,2015-12,4종,1494
655,강촌,2015-12,5종,1524
655,강촌,2015-12,6종,5890
656,남춘천,2015-12,1종,177742
656,남춘천,2015-12,2종,2979
656,남춘천,2015-12,3종,11317
656,남춘천,2015-12,4종,2314
656,남춘천,2015-12,5종,5481
656,남춘천,2015-12,6종,9521
657,동산,2015-12,1종,616658
657,동산,2015-12,2종,10426
657,동산,2015-12,3종,27702
657,동산,2015-12,4종,7018
657,동산,2015-12,5종,9948
657,동산,2015-12,6종,32136
658,조양,2015-12,1종,24101
658,조양,2015-12,2종,601
658,조양,2015-12,3종,495
658,조양,2015-12,4종,512
658,조양,2015-12,5종,597
658,조양,2015-12,6종,1153
671,봉담,2015-12,1종,1149036
671,봉담,2015-12,2종,52439
671,봉담,2015-12,3종,42157
671,봉담,2015-12,4종,23775
671,봉담,2015-12,5종,28458
671,봉담,2015-12,6종,83850
672,정남,2015-12,1종,297948
672,정남,2015-12,2종,17220
672,정남,2015-12,3종,10939
672,정남,2015-12,4종,9910
672,정남,2015-12,5종,4231
672,정남,2015-12,6종,23469
673,북오산,2015-12,1종,765061
673,북오산,2015-12,2종,26187
673,북오산,2015-12,3종,28898
673,북오산,2015-12,4종,22059
673,북오산,2015-12,5종,10017
673,북오산,2015-12,6종,55046
674,,2015-12,1종,897177
674,,2015-12,2종,41159
674,,2015-12,3종,63793
674,,2015-12,4종,25050
674,,2015-12,5종,29060
674,,2015-12,6종,61460
675,서오산,2015-12,1종,734649
675,서오산,2015-12,2종,24032
675,서오산,2015-12,3종,19468
675,서오산,2015-12,4종,20694
675,서오산,2015-12,5종,14682
675,서오산,2015-12,6종,52052
676,향남,2015-12,1종,524008
676,향남,2015-12,2종,34395
676,향남,2015-12,3종,25961
676,향남,2015-12,4종,31719
676,향남,2015-12,5종,16191
676,향남,2015-12,6종,42044
677,북평택,2015-12,1종,956571
677,북평택,2015-12,2종,34866
677,북평택,2015-12,3종,45438
677,북평택,2015-12,4종,19919
677,북평택,2015-12,5종,34810
677,북평택,2015-12,6종,61434
681,장안본선,2015-12,1종,922060
681,장안본선,2015-12,2종,71920
681,장안본선,2015-12,3종,134350
681,장안본선,2015-12,4종,96816
681,장안본선,2015-12,5종,177332
681,장안본선,2015-12,6종,52736
682,조암,2015-12,1종,319980
682,조암,2015-12,2종,39896
682,조암,2015-12,3종,36043
682,조암,2015-12,4종,25194
682,조암,2015-12,5종,31765
682,조암,2015-12,6종,19695
683,송산마도,2015-12,1종,566297
683,송산마도,2015-12,2종,38513
683,송산마도,2015-12,3종,28680
683,송산마도,2015-12,4종,23079
683,송산마도,2015-12,5종,52540
683,송산마도,2015-12,6종,35025
684,남안산,2015-12,1종,707189
684,남안산,2015-12,2종,72328
684,남안산,2015-12,3종,63262
684,남안산,2015-12,4종,55069
684,남안산,2015-12,5종,83265
684,남안산,2015-12,6종,50853
685,서시흥,2015-12,1종,1179738
685,서시흥,2015-12,2종,72930
685,서시흥,2015-12,3종,113457
685,서시흥,2015-12,4종,72672
685,서시흥,2015-12,5종,156288
685,서시흥,2015-12,6종,73104
705,남이천,2015-12,1종,15403
705,남이천,2015-12,2종,685
705,남이천,2015-12,3종,633
705,남이천,2015-12,4종,1241
705,남이천,2015-12,5종,967
705,남이천,2015-12,6종,781
706,남경주,2015-12,1종,15779
706,남경주,2015-12,2종,218
706,남경주,2015-12,3종,278
706,남경주,2015-12,4종,429
706,남경주,2015-12,5종,1177
706,남경주,2015-12,6종,526
707,남포항,2015-12,1종,4947
707,남포항,2015-12,2종,55
707,남포항,2015-12,3종,57
707,남포항,2015-12,4종,89
707,남포항,2015-12,5종,384
707,남포항,2015-12,6종,135
708,동경주,2015-12,1종,8389
708,동경주,2015-12,2종,98
708,동경주,2015-12,3종,85
708,동경주,2015-12,4종,131
708,동경주,2015-12,5종,644
708,동경주,2015-12,6종,293
747,척과구룡,2015-12,1종,6531
747,척과구룡,2015-12,2종,216
747,척과구룡,2015-12,3종,199
747,척과구룡,2015-12,4종,125
747,척과구룡,2015-12,5종,315
747,척과구룡,2015-12,6종,275
981,서영암,2015-12,1종,227550
981,서영암,2015-12,2종,4683
981,서영암,2015-12,3종,8683
981,서영암,2015-12,4종,7096
981,서영암,2015-12,5종,13625
981,서영암,2015-12,6종,6424
982,강진무위사,2015-12,1종,133828
982,강진무위사,2015-12,2종,3385
982,강진무위사,2015-12,3종,6168
982,강진무위사,2015-12,4종,5042
982,강진무위사,2015-12,5종,4050
982,강진무위사,2015-12,6종,3690
983,장흥,2015-12,1종,96754
983,장흥,2015-12,2종,1677
983,장흥,2015-12,3종,2183
983,장흥,2015-12,4종,1057
983,장흥,2015-12,5종,952
983,장흥,2015-12,6종,2695
984,보성,2015-12,1종,204460
984,보성,2015-12,2종,6483
984,보성,2015-12,3종,5586
984,보성,2015-12,4종,4713
984,보성,2015-12,5종,10508
984,보성,2015-12,6종,5375
985,벌교,2015-12,1종,138408
985,벌교,2015-12,2종,4223
985,벌교,2015-12,3종,3172
985,벌교,2015-12,4종,2118
985,벌교,2015-12,5종,4010
985,벌교,2015-12,6종,3467
986,고흥,2015-12,1종,179268
986,고흥,2015-12,2종,3941
986,고흥,2015-12,3종,4678
986,고흥,2015-12,4종,3823
986,고흥,2015-12,5종,7527
986,고흥,2015-12,6종,5525
987,남순천,2015-12,1종,483646
987,남순천,2015-12,2종,11678
987,남순천,2015-12,3종,16619
987,남순천,2015-12,4종,17242
987,남순천,2015-12,5종,30042
987,남순천,2015-12,6종,13754
