영업소코드,영업소명,연월,차종,교통량
11,인천,2005-01,1종,3074605
11,인천,2005-01,2종,155636
11,인천,2005-01,3종,38246
11,인천,2005-01,4종,47392
11,인천,2005-01,5종,109344
11,인천,2005-01,6종,183316
53,남인천,2005-01,1종,1615231
53,남인천,2005-01,2종,80340
53,남인천,2005-01,3종,24184
53,남인천,2005-01,4종,21551
53,남인천,2005-01,5종,78816
53,남인천,2005-01,6종,83056
56,일로,2005-01,1종,18589
56,일로,2005-01,2종,1007
56,일로,2005-01,3종,94
56,일로,2005-01,4종,150
56,일로,2005-01,5종,238
56,일로,2005-01,6종,1016
61,성남,2005-01,1종,2802206
61,성남,2005-01,2종,195876
61,성남,2005-01,3종,68120
61,성남,2005-01,4종,34216
61,성남,2005-01,5종,48691
61,성남,2005-01,6종,119346
62,구리남양주,2005-01,1종,3520497
62,구리남양주,2005-01,2종,249247
62,구리남양주,2005-01,3종,62783
62,구리남양주,2005-01,4종,56731
62,구리남양주,2005-01,5종,57643
62,구리남양주,2005-01,6종,152302
63,토평,2005-01,1종,429906
63,토평,2005-01,2종,20821
63,토평,2005-01,3종,1508
63,토평,2005-01,4종,3745
63,토평,2005-01,5종,16140
63,토평,2005-01,6종,19294
64,청계,2005-01,1종,3861115
64,청계,2005-01,2종,218614
64,청계,2005-01,3종,71498
64,청계,2005-01,4종,29456
64,청계,2005-01,5종,64384
64,청계,2005-01,6종,178048
65,판교,2005-01,1종,2262126
65,판교,2005-01,2종,54671
65,판교,2005-01,3종,99073
65,판교,2005-01,4종,19231
65,판교,2005-01,5종,8562
65,판교,2005-01,6종,80468
66,하남,2005-01,1종,492144
66,하남,2005-01,2종,28889
66,하남,2005-01,3종,12298
66,하남,2005-01,4종,8159
66,하남,2005-01,5종,14436
66,하남,2005-01,6종,18718
67,시흥,2005-01,1종,3288345
67,시흥,2005-01,2종,213977
67,시흥,2005-01,3종,69080
67,시흥,2005-01,4종,45542
67,시흥,2005-01,5종,50329
67,시흥,2005-01,6종,143571
68,김포,2005-01,1종,3311284
68,김포,2005-01,2종,228160
68,김포,2005-01,3종,32068
68,김포,2005-01,4종,38303
68,김포,2005-01,5종,82788
68,김포,2005-01,6종,149360
91,대동(개),2005-01,1종,142392
91,대동(개),2005-01,2종,17581
91,대동(개),2005-01,3종,1090
91,대동(개),2005-01,4종,35984
91,대동(개),2005-01,5종,21851
91,대동(개),2005-01,6종,8687
92,내서,2005-01,1종,105876
92,내서,2005-01,2종,4643
92,내서,2005-01,3종,533
92,내서,2005-01,4종,1200
92,내서,2005-01,5종,2000
92,내서,2005-01,6종,10742
101,서울,2005-01,1종,4838544
101,서울,2005-01,2종,290389
101,서울,2005-01,3종,349369
101,서울,2005-01,4종,55013
101,서울,2005-01,5종,41922
101,서울,2005-01,6종,168126
102,동수원,2005-01,1종,1804986
102,동수원,2005-01,2종,68154
102,동수원,2005-01,3종,54446
102,동수원,2005-01,4종,12036
102,동수원,2005-01,5종,20415
102,동수원,2005-01,6종,80290
103,수원신갈,2005-01,1종,1962493
103,수원신갈,2005-01,2종,132614
103,수원신갈,2005-01,3종,77969
103,수원신갈,2005-01,4종,28262
103,수원신갈,2005-01,5종,23915
103,수원신갈,2005-01,6종,92054
104,지곡,2005-01,1종,27936
104,지곡,2005-01,2종,2764
104,지곡,2005-01,3종,734
104,지곡,2005-01,4종,539
104,지곡,2005-01,5종,1129
104,지곡,2005-01,6종,918
105,기흥,2005-01,1종,850279
105,기흥,2005-01,2종,83438
105,기흥,2005-01,3종,24428
105,기흥,2005-01,4종,16036
105,기흥,2005-01,5종,23162
105,기흥,2005-01,6종,34164
106,오산,2005-01,1종,988233
106,오산,2005-01,2종,118858
106,오산,2005-01,3종,47765
106,오산,2005-01,4종,25606
106,오산,2005-01,5종,30256
106,오산,2005-01,6종,39872
107,안성,2005-01,1종,858088
107,안성,2005-01,2종,96123
107,안성,2005-01,3종,41666
107,안성,2005-01,4종,21841
107,안성,2005-01,5종,28644
107,안성,2005-01,6종,32473
108,천안,2005-01,1종,1095550
108,천안,2005-01,2종,82060
108,천안,2005-01,3종,58915
108,천안,2005-01,4종,24641
108,천안,2005-01,5종,30359
108,천안,2005-01,6종,36391
109,계룡,2005-01,1종,114765
109,계룡,2005-01,2종,14558
109,계룡,2005-01,3종,7586
109,계룡,2005-01,4종,7953
109,계룡,2005-01,5종,2551
109,계룡,2005-01,6종,5020
110,독립기념관,2005-01,1종,270889
110,독립기념관,2005-01,2종,42936
110,독립기념관,2005-01,3종,16211
110,독립기념관,2005-01,4종,19364
110,독립기념관,2005-01,5종,22696
110,독립기념관,2005-01,6종,7461
111,청주,2005-01,1종,475448
111,청주,2005-01,2종,41290
111,청주,2005-01,3종,37657
111,청주,2005-01,4종,12296
111,청주,2005-01,5종,16778
111,청주,2005-01,6종,16587
112,남청주,2005-01,1종,377980
112,남청주,2005-01,2종,55207
112,남청주,2005-01,3종,21813
112,남청주,2005-01,4종,31617
112,남청주,2005-01,5종,26866
112,남청주,2005-01,6종,12523
113,신탄진,2005-01,1종,427354
113,신탄진,2005-01,2종,63673
113,신탄진,2005-01,3종,14434
113,신탄진,2005-01,4종,33453
113,신탄진,2005-01,5종,37783
113,신탄진,2005-01,6종,14391
114,남대전,2005-01,1종,227677
114,남대전,2005-01,2종,11429
114,남대전,2005-01,3종,2936
114,남대전,2005-01,4종,2291
114,남대전,2005-01,5종,4387
114,남대전,2005-01,6종,9527
115,대전,2005-01,1종,1061396
115,대전,2005-01,2종,60912
115,대전,2005-01,3종,71451
115,대전,2005-01,4종,14116
115,대전,2005-01,5종,19207
115,대전,2005-01,6종,41895
116,옥천,2005-01,1종,297318
116,옥천,2005-01,2종,31725
116,옥천,2005-01,3종,6415
116,옥천,2005-01,4종,11623
116,옥천,2005-01,5종,10362
116,옥천,2005-01,6종,13586
117,금강,2005-01,1종,23808
117,금강,2005-01,2종,2153
117,금강,2005-01,3종,218
117,금강,2005-01,4종,1344
117,금강,2005-01,5종,851
117,금강,2005-01,6종,1066
118,영동,2005-01,1종,88979
118,영동,2005-01,2종,10443
118,영동,2005-01,3종,3682
118,영동,2005-01,4종,4762
118,영동,2005-01,5종,7175
118,영동,2005-01,6종,3012
119,판암,2005-01,1종,273127
119,판암,2005-01,2종,14341
119,판암,2005-01,3종,2619
119,판암,2005-01,4종,8502
119,판암,2005-01,5종,5365
119,판암,2005-01,6종,12463
120,황간,2005-01,1종,55903
120,황간,2005-01,2종,5364
120,황간,2005-01,3종,1815
120,황간,2005-01,4종,3502
120,황간,2005-01,5종,2457
120,황간,2005-01,6종,2156
121,추풍령,2005-01,1종,36683
121,추풍령,2005-01,2종,3708
121,추풍령,2005-01,3종,930
121,추풍령,2005-01,4종,1449
121,추풍령,2005-01,5종,1544
121,추풍령,2005-01,6종,2139
122,김천,2005-01,1종,236714
122,김천,2005-01,2종,28258
122,김천,2005-01,3종,12412
122,김천,2005-01,4종,10072
122,김천,2005-01,5종,14833
122,김천,2005-01,6종,8303
123,구미,2005-01,1종,647055
123,구미,2005-01,2종,31757
123,구미,2005-01,3종,19814
123,구미,2005-01,4종,13028
123,구미,2005-01,5종,12518
123,구미,2005-01,6종,29910
124,상주,2005-01,1종,162465
124,상주,2005-01,2종,12327
124,상주,2005-01,3종,5762
124,상주,2005-01,4종,2794
124,상주,2005-01,5종,3777
124,상주,2005-01,6종,6685
125,남구미,2005-01,1종,497195
125,남구미,2005-01,2종,43040
125,남구미,2005-01,3종,26116
125,남구미,2005-01,4종,19685
125,남구미,2005-01,5종,55607
125,남구미,2005-01,6종,23544
126,왜관,2005-01,1종,463611
126,왜관,2005-01,2종,53316
126,왜관,2005-01,3종,16373
126,왜관,2005-01,4종,14298
126,왜관,2005-01,5종,28266
126,왜관,2005-01,6종,21121
127,서대구,2005-01,1종,2018056
127,서대구,2005-01,2종,241943
127,서대구,2005-01,3종,89839
127,서대구,2005-01,4종,67930
127,서대구,2005-01,5종,133896
127,서대구,2005-01,6종,85658
129,북대구,2005-01,1종,1396979
129,북대구,2005-01,2종,83045
129,북대구,2005-01,3종,27943
129,북대구,2005-01,4종,16630
129,북대구,2005-01,5종,24829
129,북대구,2005-01,6종,57621
130,동김천,2005-01,1종,1126111
130,동김천,2005-01,2종,67456
130,동김천,2005-01,3종,40554
130,동김천,2005-01,4종,27350
130,동김천,2005-01,5종,32437
130,동김천,2005-01,6종,50395
131,경산,2005-01,1종,632513
131,경산,2005-01,2종,90373
131,경산,2005-01,3종,15861
131,경산,2005-01,4종,21913
131,경산,2005-01,5종,27178
131,경산,2005-01,6종,31148
132,영천,2005-01,1종,222101
132,영천,2005-01,2종,32504
132,영천,2005-01,3종,18384
132,영천,2005-01,4종,8015
132,영천,2005-01,5종,25001
132,영천,2005-01,6종,7516
133,서경주,2005-01,1종,90043
133,서경주,2005-01,2종,8944
133,서경주,2005-01,3종,2475
133,서경주,2005-01,4종,3049
133,서경주,2005-01,5종,10750
133,서경주,2005-01,6종,2838
134,선산,2005-01,1종,87071
134,선산,2005-01,2종,8878
134,선산,2005-01,3종,1347
134,선산,2005-01,4종,1948
134,선산,2005-01,5종,2094
134,선산,2005-01,6종,3219
135,경주,2005-01,1종,736716
135,경주,2005-01,2종,74597
135,경주,2005-01,3종,61067
135,경주,2005-01,4종,26190
135,경주,2005-01,5종,85135
135,경주,2005-01,6종,24802
137,통도사,2005-01,1종,297466
137,통도사,2005-01,2종,43175
137,통도사,2005-01,3종,19602
137,통도사,2005-01,4종,14785
137,통도사,2005-01,5종,25452
137,통도사,2005-01,6종,14083
138,양산,2005-01,1종,648913
138,양산,2005-01,2종,94752
138,양산,2005-01,3종,25416
138,양산,2005-01,4종,41307
138,양산,2005-01,5종,47588
138,양산,2005-01,6종,37989
139,서울산,2005-01,1종,340202
139,서울산,2005-01,2종,32662
139,서울산,2005-01,3종,19137
139,서울산,2005-01,4종,10160
139,서울산,2005-01,5종,16984
139,서울산,2005-01,6종,16208
140,부산,2005-01,1종,1308232
140,부산,2005-01,2종,95101
140,부산,2005-01,3종,70628
140,부산,2005-01,4종,43738
140,부산,2005-01,5종,86821
140,부산,2005-01,6종,64778
141,,2005-01,1종,834073
141,,2005-01,2종,87070
141,,2005-01,3종,48107
141,,2005-01,4종,46819
141,,2005-01,5종,125820
141,,2005-01,6종,34706
142,군북,2005-01,1종,214701
142,군북,2005-01,2종,17623
142,군북,2005-01,3종,6439
142,군북,2005-01,4종,8257
142,군북,2005-01,5종,19004
142,군북,2005-01,6종,12370
143,장지,2005-01,1종,61656
143,장지,2005-01,2종,6340
143,장지,2005-01,3종,713
143,장지,2005-01,4종,1981
143,장지,2005-01,5종,11041
143,장지,2005-01,6종,3676
144,함안,2005-01,1종,310090
144,함안,2005-01,2종,24897
144,함안,2005-01,3종,7578
144,함안,2005-01,4종,6638
144,함안,2005-01,5종,15735
144,함안,2005-01,6종,22147
145,산인,2005-01,1종,639290
145,산인,2005-01,2종,38749
145,산인,2005-01,3종,36287
145,산인,2005-01,4종,18086
145,산인,2005-01,5종,26198
145,산인,2005-01,6종,40267
146,동창원,2005-01,1종,566835
146,동창원,2005-01,2종,52504
146,동창원,2005-01,3종,8342
146,동창원,2005-01,4종,11884
146,동창원,2005-01,5종,39120
146,동창원,2005-01,6종,32371
147,진례,2005-01,1종,474011
147,진례,2005-01,2종,76821
147,진례,2005-01,3종,6883
147,진례,2005-01,4종,16799
147,진례,2005-01,5종,22867
147,진례,2005-01,6종,25265
148,서김해,2005-01,1종,621503
148,서김해,2005-01,2종,53961
148,서김해,2005-01,3종,9885
148,서김해,2005-01,4종,11748
148,서김해,2005-01,5종,26203
148,서김해,2005-01,6종,40079
149,동김해,2005-01,1종,1032181
149,동김해,2005-01,2종,66917
149,동김해,2005-01,3종,13964
149,동김해,2005-01,4종,16413
149,동김해,2005-01,5종,27536
149,동김해,2005-01,6종,78729
150,북부산,2005-01,1종,2310851
150,북부산,2005-01,2종,169549
150,북부산,2005-01,3종,56179
150,북부산,2005-01,4종,50108
150,북부산,2005-01,5종,138901
150,북부산,2005-01,6종,141009
151,북대전,2005-01,1종,472136
151,북대전,2005-01,2종,19519
151,북대전,2005-01,3종,16665
151,북대전,2005-01,4종,10442
151,북대전,2005-01,5종,9747
151,북대전,2005-01,6종,18804
152,유성,2005-01,1종,733322
152,유성,2005-01,2종,42944
152,유성,2005-01,3종,24006
152,유성,2005-01,4종,9843
152,유성,2005-01,5종,14756
152,유성,2005-01,6종,26796
153,서대전,2005-01,1종,484073
153,서대전,2005-01,2종,30113
153,서대전,2005-01,3종,8312
153,서대전,2005-01,4종,6979
153,서대전,2005-01,5종,10225
153,서대전,2005-01,6종,21683
154,안영,2005-01,1종,295883
154,안영,2005-01,2종,15354
154,안영,2005-01,3종,3959
154,안영,2005-01,4종,4353
154,안영,2005-01,5종,8023
154,안영,2005-01,6종,11871
155,논산,2005-01,1종,181948
155,논산,2005-01,2종,31151
155,논산,2005-01,3종,7701
155,논산,2005-01,4종,10004
155,논산,2005-01,5종,9814
155,논산,2005-01,6종,5815
156,익산,2005-01,1종,246130
156,익산,2005-01,2종,35857
156,익산,2005-01,3종,19075
156,익산,2005-01,4종,14203
156,익산,2005-01,5종,31647
156,익산,2005-01,6종,6210
157,삼례,2005-01,1종,65168
157,삼례,2005-01,2종,8913
157,삼례,2005-01,3종,1464
157,삼례,2005-01,4종,3632
157,삼례,2005-01,5종,4424
157,삼례,2005-01,6종,1828
158,전주,2005-01,1종,495140
158,전주,2005-01,2종,40738
158,전주,2005-01,3종,38085
158,전주,2005-01,4종,12981
158,전주,2005-01,5종,31984
158,전주,2005-01,6종,12988
159,서전주,2005-01,1종,142509
159,서전주,2005-01,2종,9763
159,서전주,2005-01,3종,3047
159,서전주,2005-01,4종,2213
159,서전주,2005-01,5종,2537
159,서전주,2005-01,6종,3853
160,김제,2005-01,1종,94629
160,김제,2005-01,2종,8219
160,김제,2005-01,3종,7373
160,김제,2005-01,4종,1866
160,김제,2005-01,5종,1942
160,김제,2005-01,6종,2669
161,금산사,2005-01,1종,43456
161,금산사,2005-01,2종,8508
161,금산사,2005-01,3종,948
161,금산사,2005-01,4종,2856
161,금산사,2005-01,5종,5330
161,금산사,2005-01,6종,932
162,태인,2005-01,1종,74109
162,태인,2005-01,2종,12269
162,태인,2005-01,3종,4093
162,태인,2005-01,4종,2868
162,태인,2005-01,5종,7813
162,태인,2005-01,6종,1678
163,정읍,2005-01,1종,309535
163,정읍,2005-01,2종,38660
163,정읍,2005-01,3종,22479
163,정읍,2005-01,4종,6876
163,정읍,2005-01,5종,10499
163,정읍,2005-01,6종,8633
164,무주,2005-01,1종,185440
164,무주,2005-01,2종,4162
164,무주,2005-01,3종,4603
164,무주,2005-01,4종,1167
164,무주,2005-01,5종,1476
164,무주,2005-01,6종,4225
165,백양사,2005-01,1종,82634
165,백양사,2005-01,2종,6340
165,백양사,2005-01,3종,4188
165,백양사,2005-01,4종,1493
165,백양사,2005-01,5종,1505
165,백양사,2005-01,6종,2470
166,장성,2005-01,1종,152146
166,장성,2005-01,2종,11483
166,장성,2005-01,3종,11157
166,장성,2005-01,4종,3357
166,장성,2005-01,5종,6095
166,장성,2005-01,6종,6214
167,광주,2005-01,1종,834437
167,광주,2005-01,2종,88540
167,광주,2005-01,3종,70529
167,광주,2005-01,4종,27885
167,광주,2005-01,5종,32631
167,광주,2005-01,6종,21712
168,덕유산,2005-01,1종,92870
168,덕유산,2005-01,2종,2153
168,덕유산,2005-01,3종,5092
168,덕유산,2005-01,4종,540
168,덕유산,2005-01,5종,701
168,덕유산,2005-01,6종,1623
169,장수,2005-01,1종,93982
169,장수,2005-01,2종,17151
169,장수,2005-01,3종,7629
169,장수,2005-01,4종,5611
169,장수,2005-01,5종,17039
169,장수,2005-01,6종,2097
170,서상,2005-01,1종,28811
170,서상,2005-01,2종,3373
170,서상,2005-01,3종,2750
170,서상,2005-01,4종,677
170,서상,2005-01,5종,613
170,서상,2005-01,6종,1051
171,마성,2005-01,1종,236816
171,마성,2005-01,2종,9073
171,마성,2005-01,3종,16145
171,마성,2005-01,4종,830
171,마성,2005-01,5종,427
171,마성,2005-01,6종,9727
172,용인,2005-01,1종,697268
172,용인,2005-01,2종,83996
172,용인,2005-01,3종,15438
172,용인,2005-01,4종,14631
172,용인,2005-01,5종,13474
172,용인,2005-01,6종,34724
173,양지,2005-01,1종,563322
173,양지,2005-01,2종,91512
173,양지,2005-01,3종,21637
173,양지,2005-01,4종,21510
173,양지,2005-01,5종,26981
173,양지,2005-01,6종,20976
174,춘천,2005-01,1종,384295
174,춘천,2005-01,2종,18268
174,춘천,2005-01,3종,13800
174,춘천,2005-01,4종,3525
174,춘천,2005-01,5종,3154
174,춘천,2005-01,6종,17221
175,덕평,2005-01,1종,285056
175,덕평,2005-01,2종,18985
175,덕평,2005-01,3종,8261
175,덕평,2005-01,4종,4493
175,덕평,2005-01,5종,5185
175,덕평,2005-01,6종,9798
176,이천,2005-01,1종,485823
176,이천,2005-01,2종,56584
176,이천,2005-01,3종,21549
176,이천,2005-01,4종,19313
176,이천,2005-01,5종,23515
176,이천,2005-01,6종,17786
177,여주,2005-01,1종,307541
177,여주,2005-01,2종,27652
177,여주,2005-01,3종,14686
177,여주,2005-01,4종,9793
177,여주,2005-01,5종,10034
177,여주,2005-01,6종,10376
178,문막,2005-01,1종,211351
178,문막,2005-01,2종,26198
178,문막,2005-01,3종,11845
178,문막,2005-01,4종,6218
178,문막,2005-01,5종,10567
178,문막,2005-01,6종,6850
179,홍천,2005-01,1종,245389
179,홍천,2005-01,2종,12517
179,홍천,2005-01,3종,7323
179,홍천,2005-01,4종,3272
179,홍천,2005-01,5종,2180
179,홍천,2005-01,6종,10790
180,원주,2005-01,1종,234962
180,원주,2005-01,2종,20889
180,원주,2005-01,3종,27025
180,원주,2005-01,4종,5961
180,원주,2005-01,5종,7925
180,원주,2005-01,6종,8631
181,새말,2005-01,1종,147514
181,새말,2005-01,2종,10955
181,새말,2005-01,3종,12110
181,새말,2005-01,4종,2065
181,새말,2005-01,5종,2474
181,새말,2005-01,6종,3940
182,둔내,2005-01,1종,193388
182,둔내,2005-01,2종,5186
182,둔내,2005-01,3종,6365
182,둔내,2005-01,4종,1927
182,둔내,2005-01,5종,459
182,둔내,2005-01,6종,4763
183,면온,2005-01,1종,195764
183,면온,2005-01,2종,2306
183,면온,2005-01,3종,7531
183,면온,2005-01,4종,669
183,면온,2005-01,5종,361
183,면온,2005-01,6종,3810
184,대관령,2005-01,1종,255992
184,대관령,2005-01,2종,5335
184,대관령,2005-01,3종,16417
184,대관령,2005-01,4종,856
184,대관령,2005-01,5종,581
184,대관령,2005-01,6종,5914
185,평창,2005-01,1종,105721
185,평창,2005-01,2종,5599
185,평창,2005-01,3종,10440
185,평창,2005-01,4종,805
185,평창,2005-01,5종,3530
185,평창,2005-01,6종,3272
186,속사,2005-01,1종,34049
186,속사,2005-01,2종,2017
186,속사,2005-01,3종,1717
186,속사,2005-01,4종,328
186,속사,2005-01,5종,292
186,속사,2005-01,6종,964
187,진부,2005-01,1종,107237
187,진부,2005-01,2종,5282
187,진부,2005-01,3종,10587
187,진부,2005-01,4종,845
187,진부,2005-01,5종,765
187,진부,2005-01,6종,3830
189,강릉,2005-01,1종,432879
189,강릉,2005-01,2종,20894
189,강릉,2005-01,3종,36334
189,강릉,2005-01,4종,6803
189,강릉,2005-01,5종,8265
189,강릉,2005-01,6종,15831
190,동서울,2005-01,1종,2758314
190,동서울,2005-01,2종,232400
190,동서울,2005-01,3종,140651
190,동서울,2005-01,4종,41898
190,동서울,2005-01,5종,43855
190,동서울,2005-01,6종,83907
191,경기광주,2005-01,1종,587301
191,경기광주,2005-01,2종,47370
191,경기광주,2005-01,3종,17293
191,경기광주,2005-01,4종,5845
191,경기광주,2005-01,5종,4429
191,경기광주,2005-01,6종,26323
192,곤지암,2005-01,1종,577849
192,곤지암,2005-01,2종,77442
192,곤지암,2005-01,3종,12237
192,곤지암,2005-01,4종,13806
192,곤지암,2005-01,5종,13177
192,곤지암,2005-01,6종,19399
193,일죽,2005-01,1종,326510
193,일죽,2005-01,2종,53820
193,일죽,2005-01,3종,15301
193,일죽,2005-01,4종,13029
193,일죽,2005-01,5종,12010
193,일죽,2005-01,6종,9424
194,서이천,2005-01,1종,270256
194,서이천,2005-01,2종,30397
194,서이천,2005-01,3종,9990
194,서이천,2005-01,4종,5741
194,서이천,2005-01,5종,5361
194,서이천,2005-01,6종,10247
195,대소,2005-01,1종,249887
195,대소,2005-01,2종,47594
195,대소,2005-01,3종,10106
195,대소,2005-01,4종,11318
195,대소,2005-01,5종,11382
195,대소,2005-01,6종,7900
196,진천,2005-01,1종,179590
196,진천,2005-01,2종,26782
196,진천,2005-01,3종,6326
196,진천,2005-01,4종,6627
196,진천,2005-01,5종,9782
196,진천,2005-01,6종,6262
197,증평,2005-01,1종,246779
197,증평,2005-01,2종,32620
197,증평,2005-01,3종,7700
197,증평,2005-01,4종,7065
197,증평,2005-01,5종,17223
197,증평,2005-01,6종,7577
198,서청주,2005-01,1종,459575
198,서청주,2005-01,2종,45259
198,서청주,2005-01,3종,21512
198,서청주,2005-01,4종,17106
198,서청주,2005-01,5종,17127
198,서청주,2005-01,6종,16819
199,오창,2005-01,1종,227424
199,오창,2005-01,2종,21351
199,오창,2005-01,3종,10660
199,오창,2005-01,4종,11775
199,오창,2005-01,5종,6989
199,오창,2005-01,6종,6621
200,금산,2005-01,1종,175260
200,금산,2005-01,2종,8069
200,금산,2005-01,3종,2140
200,금산,2005-01,4종,2432
200,금산,2005-01,5종,6970
200,금산,2005-01,6종,5985
201,칠곡,2005-01,1종,465203
201,칠곡,2005-01,2종,24344
201,칠곡,2005-01,3종,11201
201,칠곡,2005-01,4종,3890
201,칠곡,2005-01,5종,5834
201,칠곡,2005-01,6종,24948
202,다부,2005-01,1종,79507
202,다부,2005-01,2종,7834
202,다부,2005-01,3종,1453
202,다부,2005-01,4종,2184
202,다부,2005-01,5종,3240
202,다부,2005-01,6종,2907
203,가산,2005-01,1종,320272
203,가산,2005-01,2종,23320
203,가산,2005-01,3종,6964
203,가산,2005-01,4종,4929
203,가산,2005-01,5종,9405
203,가산,2005-01,6종,13341
204,추부,2005-01,1종,220794
204,추부,2005-01,2종,15889
204,추부,2005-01,3종,2881
204,추부,2005-01,4종,3174
204,추부,2005-01,5종,4665
204,추부,2005-01,6종,9426
205,군위,2005-01,1종,91852
205,군위,2005-01,2종,9754
205,군위,2005-01,3종,1034
205,군위,2005-01,4종,1363
205,군위,2005-01,5종,3353
205,군위,2005-01,6종,3547
206,의성,2005-01,1종,129006
206,의성,2005-01,2종,9169
206,의성,2005-01,3종,2066
206,의성,2005-01,4종,2130
206,의성,2005-01,5종,2647
206,의성,2005-01,6종,4664
207,남안동,2005-01,1종,198240
207,남안동,2005-01,2종,11283
207,남안동,2005-01,3종,9168
207,남안동,2005-01,4종,1889
207,남안동,2005-01,5종,5303
207,남안동,2005-01,6종,7452
208,서안동,2005-01,1종,158769
208,서안동,2005-01,2종,9679
208,서안동,2005-01,3종,5474
208,서안동,2005-01,4종,1599
208,서안동,2005-01,5종,6813
208,서안동,2005-01,6종,5288
209,예천,2005-01,1종,29007
209,예천,2005-01,2종,1469
209,예천,2005-01,3종,717
209,예천,2005-01,4종,234
209,예천,2005-01,5종,1811
209,예천,2005-01,6종,1192
210,영주,2005-01,1종,117657
210,영주,2005-01,2종,7923
210,영주,2005-01,3종,5293
210,영주,2005-01,4종,1237
210,영주,2005-01,5종,5798
210,영주,2005-01,6종,4215
211,풍기,2005-01,1종,140350
211,풍기,2005-01,2종,9421
211,풍기,2005-01,3종,8661
211,풍기,2005-01,4종,861
211,풍기,2005-01,5종,4808
211,풍기,2005-01,6종,5214
212,북수원,2005-01,1종,1230100
212,북수원,2005-01,2종,78597
212,북수원,2005-01,3종,37875
212,북수원,2005-01,4종,20865
212,북수원,2005-01,5종,19194
212,북수원,2005-01,6종,54568
213,부곡,2005-01,1종,230295
213,부곡,2005-01,2종,12858
213,부곡,2005-01,3종,2902
213,부곡,2005-01,4종,5435
213,부곡,2005-01,5종,59705
213,부곡,2005-01,6종,11372
214,동군포,2005-01,1종,122303
214,동군포,2005-01,2종,21006
214,동군포,2005-01,3종,4992
214,동군포,2005-01,4종,12809
214,동군포,2005-01,5종,7113
214,동군포,2005-01,6종,5755
215,군포,2005-01,1종,611739
215,군포,2005-01,2종,72590
215,군포,2005-01,3종,14139
215,군포,2005-01,4종,15781
215,군포,2005-01,5종,23590
215,군포,2005-01,6종,26538
216,횡성,2005-01,1종,96650
216,횡성,2005-01,2종,7725
216,횡성,2005-01,3종,3088
216,횡성,2005-01,4종,1192
216,횡성,2005-01,5종,1323
216,횡성,2005-01,6종,3660
217,북원주,2005-01,1종,51628
217,북원주,2005-01,2종,4615
217,북원주,2005-01,3종,526
217,북원주,2005-01,4종,884
217,북원주,2005-01,5종,592
217,북원주,2005-01,6종,2310
218,남원주,2005-01,1종,439369
218,남원주,2005-01,2종,25243
218,남원주,2005-01,3종,12624
218,남원주,2005-01,4종,4421
218,남원주,2005-01,5종,5589
218,남원주,2005-01,6종,16823
219,신림,2005-01,1종,70482
219,신림,2005-01,2종,4452
219,신림,2005-01,3종,2959
219,신림,2005-01,4종,642
219,신림,2005-01,5종,8223
219,신림,2005-01,6종,2541
221,생초,2005-01,1종,37308
221,생초,2005-01,2종,7299
221,생초,2005-01,3종,1807
221,생초,2005-01,4종,3602
221,생초,2005-01,5종,6431
221,생초,2005-01,6종,1248
222,산청,2005-01,1종,36685
222,산청,2005-01,2종,2373
222,산청,2005-01,3종,1014
222,산청,2005-01,4종,631
222,산청,2005-01,5종,907
222,산청,2005-01,6종,1550
223,단성,2005-01,1종,73917
223,단성,2005-01,2종,5067
223,단성,2005-01,3종,3039
223,단성,2005-01,4종,1186
223,단성,2005-01,5종,2632
223,단성,2005-01,6종,2801
224,함양,2005-01,1종,92028
224,함양,2005-01,2종,6091
224,함양,2005-01,3종,4891
224,함양,2005-01,4종,936
224,함양,2005-01,5종,4181
224,함양,2005-01,6종,4226
225,서진주,2005-01,1종,271673
225,서진주,2005-01,2종,9554
225,서진주,2005-01,3종,3233
225,서진주,2005-01,4종,1774
225,서진주,2005-01,5종,4236
225,서진주,2005-01,6종,15771
227,군산,2005-01,1종,95205
227,군산,2005-01,2종,5154
227,군산,2005-01,3종,4817
227,군산,2005-01,4종,978
227,군산,2005-01,5종,2290
227,군산,2005-01,6종,2552
228,동군산,2005-01,1종,282328
228,동군산,2005-01,2종,25585
228,동군산,2005-01,3종,7024
228,동군산,2005-01,4종,6950
228,동군산,2005-01,5종,21358
228,동군산,2005-01,6종,6718
231,화원옥포,2005-01,1종,1360097
231,화원옥포,2005-01,2종,172519
231,화원옥포,2005-01,3종,70003
231,화원옥포,2005-01,4종,44374
231,화원옥포,2005-01,5종,116898
231,화원옥포,2005-01,6종,55052
232,달성,2005-01,1종,215407
232,달성,2005-01,2종,26160
232,달성,2005-01,3종,10874
232,달성,2005-01,4종,5435
232,달성,2005-01,5종,4125
232,달성,2005-01,6종,14768
233,현풍,2005-01,1종,228465
233,현풍,2005-01,2종,31159
233,현풍,2005-01,3종,5529
233,현풍,2005-01,4종,7035
233,현풍,2005-01,5종,16083
233,현풍,2005-01,6종,9281
234,서천,2005-01,1종,101919
234,서천,2005-01,2종,11292
234,서천,2005-01,3종,1712
234,서천,2005-01,4종,5206
234,서천,2005-01,5종,9045
234,서천,2005-01,6종,2982
235,창녕,2005-01,1종,130380
235,창녕,2005-01,2종,9192
235,창녕,2005-01,3종,6696
235,창녕,2005-01,4종,1374
235,창녕,2005-01,5종,3183
235,창녕,2005-01,6종,5981
236,영산,2005-01,1종,154349
236,영산,2005-01,2종,12240
236,영산,2005-01,3종,6690
236,영산,2005-01,4종,1878
236,영산,2005-01,5종,2507
236,영산,2005-01,6종,7627
237,남지,2005-01,1종,137220
237,남지,2005-01,2종,14676
237,남지,2005-01,3종,9296
237,남지,2005-01,4종,8354
237,남지,2005-01,5종,15899
237,남지,2005-01,6종,8647
238,칠서,2005-01,1종,159688
238,칠서,2005-01,2종,23281
238,칠서,2005-01,3종,4027
238,칠서,2005-01,4종,15509
238,칠서,2005-01,5종,16192
238,칠서,2005-01,6종,9590
239,칠원,2005-01,1종,411694
239,칠원,2005-01,2종,36434
239,칠원,2005-01,3종,22802
239,칠원,2005-01,4종,23752
239,칠원,2005-01,5종,27879
239,칠원,2005-01,6종,22079
240,제천,2005-01,1종,297773
240,제천,2005-01,2종,17878
240,제천,2005-01,3종,15373
240,제천,2005-01,4종,3076
240,제천,2005-01,5종,11320
240,제천,2005-01,6종,9869
241,동고령,2005-01,1종,124557
241,동고령,2005-01,2종,12620
241,동고령,2005-01,3종,8119
241,동고령,2005-01,4종,2560
241,동고령,2005-01,5종,6285
241,동고령,2005-01,6종,5109
242,고령,2005-01,1종,125929
242,고령,2005-01,2종,11230
242,고령,2005-01,3종,2856
242,고령,2005-01,4종,1494
242,고령,2005-01,5종,3104
242,고령,2005-01,6종,5681
243,해인사,2005-01,1종,72590
243,해인사,2005-01,2종,4169
243,해인사,2005-01,3종,1351
243,해인사,2005-01,4종,389
243,해인사,2005-01,5종,392
243,해인사,2005-01,6종,3413
244,서부산,2005-01,1종,1835511
244,서부산,2005-01,2종,154363
244,서부산,2005-01,3종,75418
244,서부산,2005-01,4종,51514
244,서부산,2005-01,5종,162499
244,서부산,2005-01,6종,98212
245,장유,2005-01,1종,1252881
245,장유,2005-01,2종,81305
245,장유,2005-01,3종,30565
245,장유,2005-01,4종,16658
245,장유,2005-01,5종,49633
245,장유,2005-01,6종,85248
246,가락,2005-01,1종,354061
246,가락,2005-01,2종,35785
246,가락,2005-01,3종,4622
246,가락,2005-01,4종,13041
246,가락,2005-01,5종,24121
246,가락,2005-01,6종,20939
247,남원,2005-01,1종,139863
247,남원,2005-01,2종,11663
247,남원,2005-01,3종,7498
247,남원,2005-01,4종,3102
247,남원,2005-01,5종,5188
247,남원,2005-01,6종,4399
248,순창,2005-01,1종,58352
248,순창,2005-01,2종,3921
248,순창,2005-01,3종,881
248,순창,2005-01,4종,1036
248,순창,2005-01,5종,777
248,순창,2005-01,6종,2120
249,담양,2005-01,1종,71892
249,담양,2005-01,2종,5062
249,담양,2005-01,3종,9368
249,담양,2005-01,4종,935
249,담양,2005-01,5종,2295
249,담양,2005-01,6종,2319
250,남양산,2005-01,1종,721100
250,남양산,2005-01,2종,78720
250,남양산,2005-01,3종,17617
250,남양산,2005-01,4종,24984
250,남양산,2005-01,5종,42732
250,남양산,2005-01,6종,45294
251,물금,2005-01,1종,162429
251,물금,2005-01,2종,31829
251,물금,2005-01,3종,6188
251,물금,2005-01,4종,19681
251,물금,2005-01,5종,110147
251,물금,2005-01,6종,8383
252,대동,2005-01,1종,1610689
252,대동,2005-01,2종,228188
252,대동,2005-01,3종,43421
252,대동,2005-01,4종,65395
252,대동,2005-01,5종,203626
252,대동,2005-01,6종,75985
253,서서울,2005-01,1종,3703620
253,서서울,2005-01,2종,302316
253,서서울,2005-01,3종,72697
253,서서울,2005-01,4종,73068
253,서서울,2005-01,5종,94921
253,서서울,2005-01,6종,140396
254,군자,2005-01,1종,2428967
254,군자,2005-01,2종,253802
254,군자,2005-01,3종,62813
254,군자,2005-01,4종,69303
254,군자,2005-01,5종,225238
254,군자,2005-01,6종,104463
255,서안산,2005-01,1종,969906
255,서안산,2005-01,2종,115993
255,서안산,2005-01,3종,11023
255,서안산,2005-01,4종,27004
255,서안산,2005-01,5종,43846
255,서안산,2005-01,6종,46581
256,안산,2005-01,1종,988370
256,안산,2005-01,2종,32828
256,안산,2005-01,3종,13695
256,안산,2005-01,4종,4971
256,안산,2005-01,5종,9025
256,안산,2005-01,6종,51271
257,홍성,2005-01,1종,258238
257,홍성,2005-01,2종,11853
257,홍성,2005-01,3종,4229
257,홍성,2005-01,4종,1602
257,홍성,2005-01,5종,4729
257,홍성,2005-01,6종,5964
258,광천,2005-01,1종,93745
258,광천,2005-01,2종,10334
258,광천,2005-01,3종,945
258,광천,2005-01,4종,1577
258,광천,2005-01,5종,4794
258,광천,2005-01,6종,2135
259,대천,2005-01,1종,225725
259,대천,2005-01,2종,12940
259,대천,2005-01,3종,3899
259,대천,2005-01,4종,1847
259,대천,2005-01,5종,2289
259,대천,2005-01,6종,6161
260,춘장대,2005-01,1종,36780
260,춘장대,2005-01,2종,2386
260,춘장대,2005-01,3종,293
260,춘장대,2005-01,4종,389
260,춘장대,2005-01,5종,521
260,춘장대,2005-01,6종,921
261,동광주,2005-01,1종,871972
261,동광주,2005-01,2종,60526
261,동광주,2005-01,3종,51517
261,동광주,2005-01,4종,21373
261,동광주,2005-01,5종,45597
261,동광주,2005-01,6종,25312
262,창평,2005-01,1종,49010
262,창평,2005-01,2종,3932
262,창평,2005-01,3종,624
262,창평,2005-01,4종,2056
262,창평,2005-01,5종,1472
262,창평,2005-01,6종,1259
263,옥과,2005-01,1종,142613
263,옥과,2005-01,2종,6382
263,옥과,2005-01,3종,9312
263,옥과,2005-01,4종,4076
263,옥과,2005-01,5종,3666
263,옥과,2005-01,6종,5089
264,동남원,2005-01,1종,40703
264,동남원,2005-01,2종,2425
264,동남원,2005-01,3종,2328
264,동남원,2005-01,4종,582
264,동남원,2005-01,5종,3350
264,동남원,2005-01,6종,1171
265,곡성,2005-01,1종,114860
265,곡성,2005-01,2종,6622
265,곡성,2005-01,3종,2778
265,곡성,2005-01,4종,3297
265,곡성,2005-01,5종,5524
265,곡성,2005-01,6종,3731
266,석곡,2005-01,1종,37805
266,석곡,2005-01,2종,2062
266,석곡,2005-01,3종,1753
266,석곡,2005-01,4종,383
266,석곡,2005-01,5종,818
266,석곡,2005-01,6종,1389
267,주암송광사,2005-01,1종,107713
267,주암송광사,2005-01,2종,8327
267,주암송광사,2005-01,3종,2188
267,주암송광사,2005-01,4종,3256
267,주암송광사,2005-01,5종,9730
267,주암송광사,2005-01,6종,3001
268,승주,2005-01,1종,41934
268,승주,2005-01,2종,2055
268,승주,2005-01,3종,1424
268,승주,2005-01,4종,753
268,승주,2005-01,5종,766
268,승주,2005-01,6종,1923
269,지리산,2005-01,1종,44013
269,지리산,2005-01,2종,3328
269,지리산,2005-01,3종,1107
269,지리산,2005-01,4종,1045
269,지리산,2005-01,5종,493
269,지리산,2005-01,6종,1359
270,서순천,2005-01,1종,158140
270,서순천,2005-01,2종,9239
270,서순천,2005-01,3종,9472
270,서순천,2005-01,4종,2082
270,서순천,2005-01,5종,14994
270,서순천,2005-01,6종,5086
271,순천,2005-01,1종,452635
271,순천,2005-01,2종,29586
271,순천,2005-01,3종,11535
271,순천,2005-01,4종,9419
271,순천,2005-01,5종,28443
271,순천,2005-01,6종,15477
272,광양,2005-01,1종,178317
272,광양,2005-01,2종,25618
272,광양,2005-01,3종,11306
272,광양,2005-01,4종,14727
272,광양,2005-01,5종,59794
272,광양,2005-01,6종,5416
273,동광양,2005-01,1종,94210
273,동광양,2005-01,2종,3029
273,동광양,2005-01,3종,1246
273,동광양,2005-01,4종,1381
273,동광양,2005-01,5종,31651
273,동광양,2005-01,6종,5378
274,가조,2005-01,1종,56127
274,가조,2005-01,2종,3828
274,가조,2005-01,3종,2412
274,가조,2005-01,4종,588
274,가조,2005-01,5종,567
274,가조,2005-01,6종,3914
275,옥곡,2005-01,1종,96902
275,옥곡,2005-01,2종,4093
275,옥곡,2005-01,3종,2797
275,옥곡,2005-01,4종,680
275,옥곡,2005-01,5종,5048
275,옥곡,2005-01,6종,4621
276,진월,2005-01,1종,76358
276,진월,2005-01,2종,3743
276,진월,2005-01,3종,1450
276,진월,2005-01,4종,2390
276,진월,2005-01,5종,41831
276,진월,2005-01,6종,2919
277,하동,2005-01,1종,155537
277,하동,2005-01,2종,7518
277,하동,2005-01,3종,5145
277,하동,2005-01,4종,2178
277,하동,2005-01,5종,30281
277,하동,2005-01,6종,6751
278,진교,2005-01,1종,163541
278,진교,2005-01,2종,8602
278,진교,2005-01,3종,12739
278,진교,2005-01,4종,1037
278,진교,2005-01,5종,2820
278,진교,2005-01,6종,9794
279,곤양,2005-01,1종,118036
279,곤양,2005-01,2종,7256
279,곤양,2005-01,3종,5289
279,곤양,2005-01,4종,1867
279,곤양,2005-01,5종,4244
279,곤양,2005-01,6종,7690
280,거창,2005-01,1종,183373
280,거창,2005-01,2종,12037
280,거창,2005-01,3종,12200
280,거창,2005-01,4종,1959
280,거창,2005-01,5종,4589
280,거창,2005-01,6종,8793
281,매송,2005-01,1종,460331
281,매송,2005-01,2종,53141
281,매송,2005-01,3종,12977
281,매송,2005-01,4종,14077
281,매송,2005-01,5종,25429
281,매송,2005-01,6종,18071
282,비봉,2005-01,1종,542472
282,비봉,2005-01,2종,61123
282,비봉,2005-01,3종,8675
282,비봉,2005-01,4종,13515
282,비봉,2005-01,5종,29761
282,비봉,2005-01,6종,18884
283,발안,2005-01,1종,384580
283,발안,2005-01,2종,47375
283,발안,2005-01,3종,4791
283,발안,2005-01,4종,10465
283,발안,2005-01,5종,22930
283,발안,2005-01,6종,11976
284,남양양,2005-01,1종,237471
284,남양양,2005-01,2종,6923
284,남양양,2005-01,3종,8798
284,남양양,2005-01,4종,2052
284,남양양,2005-01,5종,3104
284,남양양,2005-01,6종,4710
285,서평택,2005-01,1종,580973
285,서평택,2005-01,2종,61135
285,서평택,2005-01,3종,9360
285,서평택,2005-01,4종,28386
285,서평택,2005-01,5종,78972
285,서평택,2005-01,6종,17844
287,송악,2005-01,1종,326449
287,송악,2005-01,2종,30075
287,송악,2005-01,3종,7605
287,송악,2005-01,4종,10243
287,송악,2005-01,5종,46633
287,송악,2005-01,6종,8079
288,당진,2005-01,1종,241766
288,당진,2005-01,2종,23043
288,당진,2005-01,3종,9951
288,당진,2005-01,4종,8092
288,당진,2005-01,5종,22453
288,당진,2005-01,6종,6876
289,마산,2005-01,1종,859086
289,마산,2005-01,2종,62341
289,마산,2005-01,3종,36542
289,마산,2005-01,4종,15954
289,마산,2005-01,5종,27382
289,마산,2005-01,6종,49499
290,축동,2005-01,1종,28606
290,축동,2005-01,2종,2541
290,축동,2005-01,3종,242
290,축동,2005-01,4종,914
290,축동,2005-01,5종,1567
290,축동,2005-01,6종,1967
291,사천,2005-01,1종,604994
291,사천,2005-01,2종,44281
291,사천,2005-01,3종,19341
291,사천,2005-01,4종,9027
291,사천,2005-01,5종,26962
291,사천,2005-01,6종,31565
292,진주,2005-01,1종,524596
292,진주,2005-01,2종,35762
292,진주,2005-01,3종,34736
292,진주,2005-01,4종,8773
292,진주,2005-01,5종,28535
292,진주,2005-01,6종,31994
293,문산,2005-01,1종,180699
293,문산,2005-01,2종,18448
293,문산,2005-01,3종,2072
293,문산,2005-01,4종,3794
293,문산,2005-01,5종,10254
293,문산,2005-01,6종,10174
294,북창원,2005-01,1종,238141
294,북창원,2005-01,2종,15024
294,북창원,2005-01,3종,1633
294,북창원,2005-01,4종,4766
294,북창원,2005-01,5종,5382
294,북창원,2005-01,6종,10977
295,진성,2005-01,1종,114836
295,진성,2005-01,2종,13021
295,진성,2005-01,3종,2850
295,진성,2005-01,4종,3098
295,진성,2005-01,5종,10113
295,진성,2005-01,6종,5854
296,지수,2005-01,1종,38953
296,지수,2005-01,2종,4501
296,지수,2005-01,3종,623
296,지수,2005-01,4종,370
296,지수,2005-01,5종,1037
296,지수,2005-01,6종,2358
298,서산,2005-01,1종,282336
298,서산,2005-01,2종,19781
298,서산,2005-01,3종,9938
298,서산,2005-01,4종,6858
298,서산,2005-01,5종,10498
298,서산,2005-01,6종,7607
299,해미,2005-01,1종,141429
299,해미,2005-01,2종,9994
299,해미,2005-01,3종,3356
299,해미,2005-01,4종,3137
299,해미,2005-01,5종,10578
299,해미,2005-01,6종,4170
501,서김제,2005-01,1종,55151
501,서김제,2005-01,2종,7316
501,서김제,2005-01,3종,1024
501,서김제,2005-01,4종,1231
501,서김제,2005-01,5종,3141
501,서김제,2005-01,6종,1226
502,부안,2005-01,1종,79431
502,부안,2005-01,2종,8484
502,부안,2005-01,3종,1486
502,부안,2005-01,4종,1690
502,부안,2005-01,5종,6459
502,부안,2005-01,6종,1898
503,줄포,2005-01,1종,44840
503,줄포,2005-01,2종,3217
503,줄포,2005-01,3종,754
503,줄포,2005-01,4종,427
503,줄포,2005-01,5종,496
503,줄포,2005-01,6종,817
504,선운산,2005-01,1종,58770
504,선운산,2005-01,2종,13284
504,선운산,2005-01,3종,6373
504,선운산,2005-01,4종,2036
504,선운산,2005-01,5종,5199
504,선운산,2005-01,6종,1155
505,고창,2005-01,1종,61564
505,고창,2005-01,2종,6016
505,고창,2005-01,3종,1136
505,고창,2005-01,4종,649
505,고창,2005-01,5종,810
505,고창,2005-01,6종,1336
506,영광,2005-01,1종,56039
506,영광,2005-01,2종,6097
506,영광,2005-01,3종,3438
506,영광,2005-01,4종,711
506,영광,2005-01,5종,1140
506,영광,2005-01,6종,1292
507,함평,2005-01,1종,45847
507,함평,2005-01,2종,10588
507,함평,2005-01,3종,1460
507,함평,2005-01,4종,1322
507,함평,2005-01,5종,4487
507,함평,2005-01,6종,952
508,무안,2005-01,1종,265282
508,무안,2005-01,2종,24942
508,무안,2005-01,3종,8911
508,무안,2005-01,4종,3741
508,무안,2005-01,5종,14355
508,무안,2005-01,6종,5836
509,목포,2005-01,1종,405458
509,목포,2005-01,2종,47041
509,목포,2005-01,3종,17210
509,목포,2005-01,4종,5894
509,목포,2005-01,5종,25111
509,목포,2005-01,6종,8573
511,무창포,2005-01,1종,35951
511,무창포,2005-01,2종,4222
511,무창포,2005-01,3종,234
511,무창포,2005-01,4종,496
511,무창포,2005-01,5종,2700
511,무창포,2005-01,6종,763
521,단양,2005-01,1종,54689
521,단양,2005-01,2종,2963
521,단양,2005-01,3종,3092
521,단양,2005-01,4종,420
521,단양,2005-01,5종,5365
521,단양,2005-01,6종,2313
522,북단양,2005-01,1종,59935
522,북단양,2005-01,2종,3890
522,북단양,2005-01,3종,2302
522,북단양,2005-01,4종,1178
522,북단양,2005-01,5종,15423
522,북단양,2005-01,6종,1997
523,남제천,2005-01,1종,34831
523,남제천,2005-01,2종,1763
523,남제천,2005-01,3종,742
523,남제천,2005-01,4종,220
523,남제천,2005-01,5종,1058
523,남제천,2005-01,6종,866
524,청통와촌,2005-01,1종,132371
524,청통와촌,2005-01,2종,11715
524,청통와촌,2005-01,3종,2150
524,청통와촌,2005-01,4종,2361
524,청통와촌,2005-01,5종,4156
524,청통와촌,2005-01,6종,4575
525,북영천,2005-01,1종,101496
525,북영천,2005-01,2종,8493
525,북영천,2005-01,3종,1129
525,북영천,2005-01,4종,1975
525,북영천,2005-01,5종,10747
525,북영천,2005-01,6종,3278
526,서포항,2005-01,1종,74575
526,서포항,2005-01,2종,4074
526,서포항,2005-01,3종,828
526,서포항,2005-01,4종,816
526,서포항,2005-01,5종,3575
526,서포항,2005-01,6종,2700
527,포항,2005-01,1종,534412
527,포항,2005-01,2종,16799
527,포항,2005-01,3종,12010
527,포항,2005-01,4종,4007
527,포항,2005-01,5종,24029
527,포항,2005-01,6종,17737
530,내장산,2005-01,1종,28248
530,내장산,2005-01,2종,2026
530,내장산,2005-01,3종,248
530,내장산,2005-01,4종,209
530,내장산,2005-01,5종,348
530,내장산,2005-01,6종,841
540,청북,2005-01,1종,217889
540,청북,2005-01,2종,46435
540,청북,2005-01,3종,6089
540,청북,2005-01,4종,13260
540,청북,2005-01,5종,26284
540,청북,2005-01,6종,6028
541,송탄,2005-01,1종,293521
541,송탄,2005-01,2종,34060
541,송탄,2005-01,3종,6174
541,송탄,2005-01,4종,7570
541,송탄,2005-01,5종,14001
541,송탄,2005-01,6종,9378
542,서안성,2005-01,1종,115209
542,서안성,2005-01,2종,19688
542,서안성,2005-01,3종,2531
542,서안성,2005-01,4종,5289
542,서안성,2005-01,5종,7291
542,서안성,2005-01,6종,3520
560,감곡,2005-01,1종,179367
560,감곡,2005-01,2종,18329
560,감곡,2005-01,3종,8305
560,감곡,2005-01,4종,4596
560,감곡,2005-01,5종,22851
560,감곡,2005-01,6종,4885
561,북충주,2005-01,1종,47747
561,북충주,2005-01,2종,3622
561,북충주,2005-01,3종,634
561,북충주,2005-01,4종,611
561,북충주,2005-01,5종,870
561,북충주,2005-01,6종,1385
562,충주,2005-01,1종,166264
562,충주,2005-01,2종,15450
562,충주,2005-01,3종,9520
562,충주,2005-01,4종,5161
562,충주,2005-01,5종,6958
562,충주,2005-01,6종,5106
563,괴산,2005-01,1종,49688
563,괴산,2005-01,2종,1565
563,괴산,2005-01,3종,1322
563,괴산,2005-01,4종,453
563,괴산,2005-01,5종,484
563,괴산,2005-01,6종,1244
564,연풍,2005-01,1종,53748
564,연풍,2005-01,2종,11622
564,연풍,2005-01,3종,4075
564,연풍,2005-01,4종,4303
564,연풍,2005-01,5종,5755
564,연풍,2005-01,6종,1243
565,문경새재,2005-01,1종,90143
565,문경새재,2005-01,2종,10458
565,문경새재,2005-01,3종,3502
565,문경새재,2005-01,4종,2953
565,문경새재,2005-01,5종,3893
565,문경새재,2005-01,6종,2505
566,점촌함창,2005-01,1종,110394
566,점촌함창,2005-01,2종,7643
566,점촌함창,2005-01,3종,3986
566,점촌함창,2005-01,4종,1719
566,점촌함창,2005-01,5종,3641
566,점촌함창,2005-01,6종,3661
570,북상주,2005-01,1종,87929
570,북상주,2005-01,2종,8476
570,북상주,2005-01,3종,1674
570,북상주,2005-01,4종,1725
570,북상주,2005-01,5종,4057
570,북상주,2005-01,6종,3015
580,북강릉,2005-01,1종,99235
580,북강릉,2005-01,2종,4402
580,북강릉,2005-01,3종,1672
580,북강릉,2005-01,4종,817
580,북강릉,2005-01,5종,1755
580,북강릉,2005-01,6종,2397
581,옥계,2005-01,1종,81902
581,옥계,2005-01,2종,3878
581,옥계,2005-01,3종,2325
581,옥계,2005-01,4종,1980
581,옥계,2005-01,5종,4552
581,옥계,2005-01,6종,4297
582,망상,2005-01,1종,59765
582,망상,2005-01,2종,3193
582,망상,2005-01,3종,9967
582,망상,2005-01,4종,666
582,망상,2005-01,5종,745
582,망상,2005-01,6종,2382
583,동해,2005-01,1종,224129
583,동해,2005-01,2종,11942
583,동해,2005-01,3종,7543
583,동해,2005-01,4종,3695
583,동해,2005-01,5종,8646
583,동해,2005-01,6종,8694
601,남천안,2005-01,1종,148121
601,남천안,2005-01,2종,38944
601,남천안,2005-01,3종,7500
601,남천안,2005-01,4종,11850
601,남천안,2005-01,5종,15693
601,남천안,2005-01,6종,3996
602,풍세상,2005-01,1종,483943
602,풍세상,2005-01,2종,42182
602,풍세상,2005-01,3종,63874
602,풍세상,2005-01,4종,14570
602,풍세상,2005-01,5종,28746
602,풍세상,2005-01,6종,11419
603,정안,2005-01,1종,87534
603,정안,2005-01,2종,13032
603,정안,2005-01,3종,7180
603,정안,2005-01,4종,4441
603,정안,2005-01,5종,5678
603,정안,2005-01,6종,2301
604,남공주,2005-01,1종,21829
604,남공주,2005-01,2종,1527
604,남공주,2005-01,3종,238
604,남공주,2005-01,4종,732
604,남공주,2005-01,5종,722
604,남공주,2005-01,6종,639
605,탄천,2005-01,1종,15816
605,탄천,2005-01,2종,1141
605,탄천,2005-01,3종,157
605,탄천,2005-01,4종,246
605,탄천,2005-01,5종,267
605,탄천,2005-01,6종,390
606,서논산,2005-01,1종,47580
606,서논산,2005-01,2종,6653
606,서논산,2005-01,3종,2360
606,서논산,2005-01,4종,2576
606,서논산,2005-01,5종,3887
606,서논산,2005-01,6종,1293
607,연무,2005-01,1종,32841
607,연무,2005-01,2종,2354
607,연무,2005-01,3종,578
607,연무,2005-01,4종,523
607,연무,2005-01,5종,831
607,연무,2005-01,6종,874
608,남논산하,2005-01,1종,328361
608,남논산하,2005-01,2종,31892
608,남논산하,2005-01,3종,54745
608,남논산하,2005-01,4종,11155
608,남논산하,2005-01,5종,19973
608,남논산하,2005-01,6종,7016
11,인천,2005-02,1종,2785511
11,인천,2005-02,2종,127425
11,인천,2005-02,3종,33139
11,인천,2005-02,4종,39007
11,인천,2005-02,5종,84384
11,인천,2005-02,6종,164670
53,남인천,2005-02,1종,1433639
53,남인천,2005-02,2종,64460
53,남인천,2005-02,3종,21622
53,남인천,2005-02,4종,16957
53,남인천,2005-02,5종,64406
53,남인천,2005-02,6종,73877
56,일로,2005-02,1종,19664
56,일로,2005-02,2종,1015
56,일로,2005-02,3종,72
56,일로,2005-02,4종,97
56,일로,2005-02,5종,198
56,일로,2005-02,6종,935
61,성남,2005-02,1종,2560940
61,성남,2005-02,2종,163243
61,성남,2005-02,3종,59111
61,성남,2005-02,4종,27920
61,성남,2005-02,5종,38861
61,성남,2005-02,6종,109787
62,구리남양주,2005-02,1종,3283085
62,구리남양주,2005-02,2종,207622
62,구리남양주,2005-02,3종,53985
62,구리남양주,2005-02,4종,44222
62,구리남양주,2005-02,5종,43846
62,구리남양주,2005-02,6종,142173
63,토평,2005-02,1종,391332
63,토평,2005-02,2종,17366
63,토평,2005-02,3종,1408
63,토평,2005-02,4종,3125
63,토평,2005-02,5종,6916
63,토평,2005-02,6종,17622
64,청계,2005-02,1종,3518810
64,청계,2005-02,2종,182292
64,청계,2005-02,3종,61934
64,청계,2005-02,4종,23233
64,청계,2005-02,5종,50946
64,청계,2005-02,6종,160728
65,판교,2005-02,1종,2026274
65,판교,2005-02,2종,48058
65,판교,2005-02,3종,85001
65,판교,2005-02,4종,14925
65,판교,2005-02,5종,8236
65,판교,2005-02,6종,71833
66,하남,2005-02,1종,443326
66,하남,2005-02,2종,24293
66,하남,2005-02,3종,10796
66,하남,2005-02,4종,7736
66,하남,2005-02,5종,13050
66,하남,2005-02,6종,17232
67,시흥,2005-02,1종,3018845
67,시흥,2005-02,2종,177174
67,시흥,2005-02,3종,58529
67,시흥,2005-02,4종,36925
67,시흥,2005-02,5종,43665
67,시흥,2005-02,6종,132252
68,김포,2005-02,1종,3016199
68,김포,2005-02,2종,186721
68,김포,2005-02,3종,27493
68,김포,2005-02,4종,30847
68,김포,2005-02,5종,66963
68,김포,2005-02,6종,135795
91,대동(개),2005-02,1종,130623
91,대동(개),2005-02,2종,13393
91,대동(개),2005-02,3종,881
91,대동(개),2005-02,4종,26743
91,대동(개),2005-02,5종,15282
91,대동(개),2005-02,6종,7707
92,내서,2005-02,1종,102048
92,내서,2005-02,2종,3591
92,내서,2005-02,3종,661
92,내서,2005-02,4종,1051
92,내서,2005-02,5종,1900
92,내서,2005-02,6종,11959
101,서울,2005-02,1종,4379613
101,서울,2005-02,2종,238572
101,서울,2005-02,3종,316513
101,서울,2005-02,4종,45416
101,서울,2005-02,5종,34335
101,서울,2005-02,6종,153749
102,동수원,2005-02,1종,1637864
102,동수원,2005-02,2종,57521
102,동수원,2005-02,3종,46609
102,동수원,2005-02,4종,10160
102,동수원,2005-02,5종,16347
102,동수원,2005-02,6종,72783
103,수원신갈,2005-02,1종,1744677
103,수원신갈,2005-02,2종,110650
103,수원신갈,2005-02,3종,65026
103,수원신갈,2005-02,4종,22246
103,수원신갈,2005-02,5종,20427
103,수원신갈,2005-02,6종,81521
104,지곡,2005-02,1종,30236
104,지곡,2005-02,2종,2320
104,지곡,2005-02,3종,508
104,지곡,2005-02,4종,365
104,지곡,2005-02,5종,575
104,지곡,2005-02,6종,1141
105,기흥,2005-02,1종,741299
105,기흥,2005-02,2종,68333
105,기흥,2005-02,3종,19735
105,기흥,2005-02,4종,12913
105,기흥,2005-02,5종,18010
105,기흥,2005-02,6종,29294
106,오산,2005-02,1종,858942
106,오산,2005-02,2종,96448
106,오산,2005-02,3종,41438
106,오산,2005-02,4종,20559
106,오산,2005-02,5종,24828
106,오산,2005-02,6종,34676
107,안성,2005-02,1종,753048
107,안성,2005-02,2종,80211
107,안성,2005-02,3종,36502
107,안성,2005-02,4종,17419
107,안성,2005-02,5종,22790
107,안성,2005-02,6종,28790
108,천안,2005-02,1종,1000275
108,천안,2005-02,2종,67624
108,천안,2005-02,3종,51649
108,천안,2005-02,4종,20391
108,천안,2005-02,5종,24215
108,천안,2005-02,6종,33768
109,계룡,2005-02,1종,105279
109,계룡,2005-02,2종,13038
109,계룡,2005-02,3종,6843
109,계룡,2005-02,4종,6637
109,계룡,2005-02,5종,2323
109,계룡,2005-02,6종,4835
110,독립기념관,2005-02,1종,252531
110,독립기념관,2005-02,2종,35202
110,독립기념관,2005-02,3종,12870
110,독립기념관,2005-02,4종,14722
110,독립기념관,2005-02,5종,19104
110,독립기념관,2005-02,6종,7068
111,청주,2005-02,1종,433532
111,청주,2005-02,2종,34465
111,청주,2005-02,3종,33961
111,청주,2005-02,4종,9916
111,청주,2005-02,5종,14088
111,청주,2005-02,6종,14512
112,남청주,2005-02,1종,343262
112,남청주,2005-02,2종,44355
112,남청주,2005-02,3종,18484
112,남청주,2005-02,4종,24644
112,남청주,2005-02,5종,23476
112,남청주,2005-02,6종,11432
113,신탄진,2005-02,1종,386796
113,신탄진,2005-02,2종,53318
113,신탄진,2005-02,3종,11976
113,신탄진,2005-02,4종,25977
113,신탄진,2005-02,5종,31296
113,신탄진,2005-02,6종,13614
114,남대전,2005-02,1종,210077
114,남대전,2005-02,2종,9316
114,남대전,2005-02,3종,2673
114,남대전,2005-02,4종,1414
114,남대전,2005-02,5종,3871
114,남대전,2005-02,6종,8828
115,대전,2005-02,1종,967925
115,대전,2005-02,2종,51364
115,대전,2005-02,3종,63407
115,대전,2005-02,4종,10858
115,대전,2005-02,5종,14310
115,대전,2005-02,6종,38217
116,옥천,2005-02,1종,281996
116,옥천,2005-02,2종,26633
116,옥천,2005-02,3종,5734
116,옥천,2005-02,4종,9813
116,옥천,2005-02,5종,7575
116,옥천,2005-02,6종,12341
117,금강,2005-02,1종,22220
117,금강,2005-02,2종,1637
117,금강,2005-02,3종,301
117,금강,2005-02,4종,946
117,금강,2005-02,5종,588
117,금강,2005-02,6종,1151
118,영동,2005-02,1종,90791
118,영동,2005-02,2종,9120
118,영동,2005-02,3종,2721
118,영동,2005-02,4종,2471
118,영동,2005-02,5종,6257
118,영동,2005-02,6종,2948
119,판암,2005-02,1종,259651
119,판암,2005-02,2종,12519
119,판암,2005-02,3종,2276
119,판암,2005-02,4종,5210
119,판암,2005-02,5종,3848
119,판암,2005-02,6종,11760
120,황간,2005-02,1종,60767
120,황간,2005-02,2종,4648
120,황간,2005-02,3종,1653
120,황간,2005-02,4종,1672
120,황간,2005-02,5종,1266
120,황간,2005-02,6종,2260
121,추풍령,2005-02,1종,37894
121,추풍령,2005-02,2종,3106
121,추풍령,2005-02,3종,920
121,추풍령,2005-02,4종,1130
121,추풍령,2005-02,5종,1702
121,추풍령,2005-02,6종,2259
122,김천,2005-02,1종,236939
122,김천,2005-02,2종,23158
122,김천,2005-02,3종,9838
122,김천,2005-02,4종,7672
122,김천,2005-02,5종,10431
122,김천,2005-02,6종,8834
123,구미,2005-02,1종,606977
123,구미,2005-02,2종,26561
123,구미,2005-02,3종,17116
123,구미,2005-02,4종,10421
123,구미,2005-02,5종,10169
123,구미,2005-02,6종,27542
124,상주,2005-02,1종,171626
124,상주,2005-02,2종,11200
124,상주,2005-02,3종,5226
124,상주,2005-02,4종,2638
124,상주,2005-02,5종,3864
124,상주,2005-02,6종,7220
125,남구미,2005-02,1종,456837
125,남구미,2005-02,2종,37128
125,남구미,2005-02,3종,22669
125,남구미,2005-02,4종,17024
125,남구미,2005-02,5종,47872
125,남구미,2005-02,6종,21176
126,왜관,2005-02,1종,440161
126,왜관,2005-02,2종,44722
126,왜관,2005-02,3종,13953
126,왜관,2005-02,4종,11765
126,왜관,2005-02,5종,23564
126,왜관,2005-02,6종,19939
127,서대구,2005-02,1종,1953879
127,서대구,2005-02,2종,200896
127,서대구,2005-02,3종,76635
127,서대구,2005-02,4종,56806
127,서대구,2005-02,5종,109696
127,서대구,2005-02,6종,82869
129,북대구,2005-02,1종,1299846
129,북대구,2005-02,2종,69439
129,북대구,2005-02,3종,24185
129,북대구,2005-02,4종,13982
129,북대구,2005-02,5종,20502
129,북대구,2005-02,6종,53842
130,동김천,2005-02,1종,1050993
130,동김천,2005-02,2종,56688
130,동김천,2005-02,3종,35869
130,동김천,2005-02,4종,21031
130,동김천,2005-02,5종,25415
130,동김천,2005-02,6종,47392
131,경산,2005-02,1종,581383
131,경산,2005-02,2종,73798
131,경산,2005-02,3종,13073
131,경산,2005-02,4종,17560
131,경산,2005-02,5종,21994
131,경산,2005-02,6종,28723
132,영천,2005-02,1종,218797
132,영천,2005-02,2종,26390
132,영천,2005-02,3종,17872
132,영천,2005-02,4종,6388
132,영천,2005-02,5종,19921
132,영천,2005-02,6종,7561
133,서경주,2005-02,1종,94804
133,서경주,2005-02,2종,7733
133,서경주,2005-02,3종,2229
133,서경주,2005-02,4종,2665
133,서경주,2005-02,5종,10273
133,서경주,2005-02,6종,3175
134,선산,2005-02,1종,95725
134,선산,2005-02,2종,7399
134,선산,2005-02,3종,1180
134,선산,2005-02,4종,1598
134,선산,2005-02,5종,1816
134,선산,2005-02,6종,3590
135,경주,2005-02,1종,703061
135,경주,2005-02,2종,59271
135,경주,2005-02,3종,52349
135,경주,2005-02,4종,20561
135,경주,2005-02,5종,69796
135,경주,2005-02,6종,24869
137,통도사,2005-02,1종,276192
137,통도사,2005-02,2종,35329
137,통도사,2005-02,3종,15628
137,통도사,2005-02,4종,12568
137,통도사,2005-02,5종,18937
137,통도사,2005-02,6종,12526
138,양산,2005-02,1종,607601
138,양산,2005-02,2종,79749
138,양산,2005-02,3종,22275
138,양산,2005-02,4종,32945
138,양산,2005-02,5종,39568
138,양산,2005-02,6종,35033
139,서울산,2005-02,1종,308370
139,서울산,2005-02,2종,26851
139,서울산,2005-02,3종,17000
139,서울산,2005-02,4종,8295
139,서울산,2005-02,5종,14027
139,서울산,2005-02,6종,14701
140,부산,2005-02,1종,1262567
140,부산,2005-02,2종,78749
140,부산,2005-02,3종,62296
140,부산,2005-02,4종,32862
140,부산,2005-02,5종,72096
140,부산,2005-02,6종,62614
141,,2005-02,1종,809753
141,,2005-02,2종,72214
141,,2005-02,3종,41588
141,,2005-02,4종,39159
141,,2005-02,5종,106220
141,,2005-02,6종,33822
142,군북,2005-02,1종,223738
142,군북,2005-02,2종,13974
142,군북,2005-02,3종,5732
142,군북,2005-02,4종,6042
142,군북,2005-02,5종,14114
142,군북,2005-02,6종,12133
143,장지,2005-02,1종,58683
143,장지,2005-02,2종,5322
143,장지,2005-02,3종,754
143,장지,2005-02,4종,1454
143,장지,2005-02,5종,9045
143,장지,2005-02,6종,3314
144,함안,2005-02,1종,301475
144,함안,2005-02,2종,19882
144,함안,2005-02,3종,7242
144,함안,2005-02,4종,4870
144,함안,2005-02,5종,12086
144,함안,2005-02,6종,20431
145,산인,2005-02,1종,617600
145,산인,2005-02,2종,31168
145,산인,2005-02,3종,31903
145,산인,2005-02,4종,14240
145,산인,2005-02,5종,21778
145,산인,2005-02,6종,37840
146,동창원,2005-02,1종,529073
146,동창원,2005-02,2종,42237
146,동창원,2005-02,3종,7082
146,동창원,2005-02,4종,9275
146,동창원,2005-02,5종,28435
146,동창원,2005-02,6종,29895
147,진례,2005-02,1종,421555
147,진례,2005-02,2종,62958
147,진례,2005-02,3종,5920
147,진례,2005-02,4종,13953
147,진례,2005-02,5종,18939
147,진례,2005-02,6종,22406
148,서김해,2005-02,1종,559859
148,서김해,2005-02,2종,43315
148,서김해,2005-02,3종,8422
148,서김해,2005-02,4종,9324
148,서김해,2005-02,5종,21085
148,서김해,2005-02,6종,36208
149,동김해,2005-02,1종,950028
149,동김해,2005-02,2종,53677
149,동김해,2005-02,3종,12278
149,동김해,2005-02,4종,13097
149,동김해,2005-02,5종,22301
149,동김해,2005-02,6종,72326
150,북부산,2005-02,1종,2191210
150,북부산,2005-02,2종,137380
150,북부산,2005-02,3종,48236
150,북부산,2005-02,4종,41890
150,북부산,2005-02,5종,117633
150,북부산,2005-02,6종,131850
151,북대전,2005-02,1종,421789
151,북대전,2005-02,2종,16744
151,북대전,2005-02,3종,13589
151,북대전,2005-02,4종,8984
151,북대전,2005-02,5종,8416
151,북대전,2005-02,6종,16711
152,유성,2005-02,1종,670312
152,유성,2005-02,2종,37339
152,유성,2005-02,3종,20605
152,유성,2005-02,4종,7770
152,유성,2005-02,5종,11481
152,유성,2005-02,6종,24378
153,서대전,2005-02,1종,449529
153,서대전,2005-02,2종,24931
153,서대전,2005-02,3종,6829
153,서대전,2005-02,4종,5569
153,서대전,2005-02,5종,8154
153,서대전,2005-02,6종,19547
154,안영,2005-02,1종,271158
154,안영,2005-02,2종,12665
154,안영,2005-02,3종,3365
154,안영,2005-02,4종,3202
154,안영,2005-02,5종,5240
154,안영,2005-02,6종,11027
155,논산,2005-02,1종,187571
155,논산,2005-02,2종,25425
155,논산,2005-02,3종,6848
155,논산,2005-02,4종,7970
155,논산,2005-02,5종,8127
155,논산,2005-02,6종,5895
156,익산,2005-02,1종,243305
156,익산,2005-02,2종,29089
156,익산,2005-02,3종,17719
156,익산,2005-02,4종,11625
156,익산,2005-02,5종,25908
156,익산,2005-02,6종,6631
157,삼례,2005-02,1종,69439
157,삼례,2005-02,2종,7521
157,삼례,2005-02,3종,1273
157,삼례,2005-02,4종,2834
157,삼례,2005-02,5종,2792
157,삼례,2005-02,6종,1964
158,전주,2005-02,1종,495801
158,전주,2005-02,2종,33605
158,전주,2005-02,3종,33154
158,전주,2005-02,4종,10678
158,전주,2005-02,5종,25845
158,전주,2005-02,6종,13565
159,서전주,2005-02,1종,141000
159,서전주,2005-02,2종,8353
159,서전주,2005-02,3종,2695
159,서전주,2005-02,4종,1978
159,서전주,2005-02,5종,2359
159,서전주,2005-02,6종,4021
160,김제,2005-02,1종,97241
160,김제,2005-02,2종,7131
160,김제,2005-02,3종,6601
160,김제,2005-02,4종,1670
160,김제,2005-02,5종,1528
160,김제,2005-02,6종,2667
161,금산사,2005-02,1종,48239
161,금산사,2005-02,2종,7110
161,금산사,2005-02,3종,1193
161,금산사,2005-02,4종,2284
161,금산사,2005-02,5종,3871
161,금산사,2005-02,6종,1121
162,태인,2005-02,1종,82614
162,태인,2005-02,2종,10683
162,태인,2005-02,3종,3867
162,태인,2005-02,4종,2412
162,태인,2005-02,5종,6760
162,태인,2005-02,6종,1996
163,정읍,2005-02,1종,312503
163,정읍,2005-02,2종,31162
163,정읍,2005-02,3종,20172
163,정읍,2005-02,4종,5815
163,정읍,2005-02,5종,8577
163,정읍,2005-02,6종,8952
164,무주,2005-02,1종,149403
164,무주,2005-02,2종,3346
164,무주,2005-02,3종,3559
164,무주,2005-02,4종,815
164,무주,2005-02,5종,1094
164,무주,2005-02,6종,3962
165,백양사,2005-02,1종,86845
165,백양사,2005-02,2종,5363
165,백양사,2005-02,3종,3990
165,백양사,2005-02,4종,1287
165,백양사,2005-02,5종,1206
165,백양사,2005-02,6종,2680
166,장성,2005-02,1종,156693
166,장성,2005-02,2종,9727
166,장성,2005-02,3종,9995
166,장성,2005-02,4종,2793
166,장성,2005-02,5종,4134
166,장성,2005-02,6종,5974
167,광주,2005-02,1종,886678
167,광주,2005-02,2종,71877
167,광주,2005-02,3종,64608
167,광주,2005-02,4종,23292
167,광주,2005-02,5종,25980
167,광주,2005-02,6종,24101
168,덕유산,2005-02,1종,68585
168,덕유산,2005-02,2종,1639
168,덕유산,2005-02,3종,2565
168,덕유산,2005-02,4종,386
168,덕유산,2005-02,5종,676
168,덕유산,2005-02,6종,1541
169,장수,2005-02,1종,105213
169,장수,2005-02,2종,13478
169,장수,2005-02,3종,6284
169,장수,2005-02,4종,4560
169,장수,2005-02,5종,15167
169,장수,2005-02,6종,2619
170,서상,2005-02,1종,33462
170,서상,2005-02,2종,2747
170,서상,2005-02,3종,2387
170,서상,2005-02,4종,539
170,서상,2005-02,5종,496
170,서상,2005-02,6종,1127
171,마성,2005-02,1종,189938
171,마성,2005-02,2종,7050
171,마성,2005-02,3종,10676
171,마성,2005-02,4종,570
171,마성,2005-02,5종,333
171,마성,2005-02,6종,8267
172,용인,2005-02,1종,631295
172,용인,2005-02,2종,66613
172,용인,2005-02,3종,13113
172,용인,2005-02,4종,11176
172,용인,2005-02,5종,10249
172,용인,2005-02,6종,30922
173,양지,2005-02,1종,496710
173,양지,2005-02,2종,73515
173,양지,2005-02,3종,19030
173,양지,2005-02,4종,17786
173,양지,2005-02,5종,21725
173,양지,2005-02,6종,18704
174,춘천,2005-02,1종,373535
174,춘천,2005-02,2종,15619
174,춘천,2005-02,3종,12895
174,춘천,2005-02,4종,2889
174,춘천,2005-02,5종,2493
174,춘천,2005-02,6종,17241
175,덕평,2005-02,1종,210717
175,덕평,2005-02,2종,16221
175,덕평,2005-02,3종,6615
175,덕평,2005-02,4종,3629
175,덕평,2005-02,5종,3978
175,덕평,2005-02,6종,7918
176,이천,2005-02,1종,448965
176,이천,2005-02,2종,46860
176,이천,2005-02,3종,19331
176,이천,2005-02,4종,16109
176,이천,2005-02,5종,19070
176,이천,2005-02,6종,16752
177,여주,2005-02,1종,290815
177,여주,2005-02,2종,23994
177,여주,2005-02,3종,11271
177,여주,2005-02,4종,8628
177,여주,2005-02,5종,8324
177,여주,2005-02,6종,9622
178,문막,2005-02,1종,193188
178,문막,2005-02,2종,21487
178,문막,2005-02,3종,9989
178,문막,2005-02,4종,5145
178,문막,2005-02,5종,8342
178,문막,2005-02,6종,6802
179,홍천,2005-02,1종,235244
179,홍천,2005-02,2종,10324
179,홍천,2005-02,3종,6815
179,홍천,2005-02,4종,2568
179,홍천,2005-02,5종,1796
179,홍천,2005-02,6종,10882
180,원주,2005-02,1종,213135
180,원주,2005-02,2종,17701
180,원주,2005-02,3종,24380
180,원주,2005-02,4종,5370
180,원주,2005-02,5종,6764
180,원주,2005-02,6종,8291
181,새말,2005-02,1종,135334
181,새말,2005-02,2종,9056
181,새말,2005-02,3종,7728
181,새말,2005-02,4종,1705
181,새말,2005-02,5종,2160
181,새말,2005-02,6종,4144
182,둔내,2005-02,1종,142058
182,둔내,2005-02,2종,4216
182,둔내,2005-02,3종,4721
182,둔내,2005-02,4종,1472
182,둔내,2005-02,5종,323
182,둔내,2005-02,6종,3853
183,면온,2005-02,1종,136793
183,면온,2005-02,2종,1927
183,면온,2005-02,3종,5197
183,면온,2005-02,4종,650
183,면온,2005-02,5종,360
183,면온,2005-02,6종,2724
184,대관령,2005-02,1종,205300
184,대관령,2005-02,2종,4292
184,대관령,2005-02,3종,13390
184,대관령,2005-02,4종,589
184,대관령,2005-02,5종,438
184,대관령,2005-02,6종,5335
185,평창,2005-02,1종,92225
185,평창,2005-02,2종,4569
185,평창,2005-02,3종,9704
185,평창,2005-02,4종,657
185,평창,2005-02,5종,1909
185,평창,2005-02,6종,3244
186,속사,2005-02,1종,27932
186,속사,2005-02,2종,1598
186,속사,2005-02,3종,1057
186,속사,2005-02,4종,265
186,속사,2005-02,5종,138
186,속사,2005-02,6종,851
187,진부,2005-02,1종,97101
187,진부,2005-02,2종,3991
187,진부,2005-02,3종,9706
187,진부,2005-02,4종,500
187,진부,2005-02,5종,446
187,진부,2005-02,6종,3862
189,강릉,2005-02,1종,398508
189,강릉,2005-02,2종,17637
189,강릉,2005-02,3종,32928
189,강릉,2005-02,4종,5282
189,강릉,2005-02,5종,6129
189,강릉,2005-02,6종,15716
190,동서울,2005-02,1종,2701308
190,동서울,2005-02,2종,190884
190,동서울,2005-02,3종,124691
190,동서울,2005-02,4종,34489
190,동서울,2005-02,5종,34536
190,동서울,2005-02,6종,84211
191,경기광주,2005-02,1종,524705
191,경기광주,2005-02,2종,39244
191,경기광주,2005-02,3종,15387
191,경기광주,2005-02,4종,4439
191,경기광주,2005-02,5종,2946
191,경기광주,2005-02,6종,23688
192,곤지암,2005-02,1종,524809
192,곤지암,2005-02,2종,63033
192,곤지암,2005-02,3종,11009
192,곤지암,2005-02,4종,11437
192,곤지암,2005-02,5종,10382
192,곤지암,2005-02,6종,18287
193,일죽,2005-02,1종,319579
193,일죽,2005-02,2종,42795
193,일죽,2005-02,3종,13017
193,일죽,2005-02,4종,10568
193,일죽,2005-02,5종,9732
193,일죽,2005-02,6종,9504
194,서이천,2005-02,1종,239834
194,서이천,2005-02,2종,25298
194,서이천,2005-02,3종,8897
194,서이천,2005-02,4종,4570
194,서이천,2005-02,5종,5193
194,서이천,2005-02,6종,9054
195,대소,2005-02,1종,226944
195,대소,2005-02,2종,38113
195,대소,2005-02,3종,8780
195,대소,2005-02,4종,9254
195,대소,2005-02,5종,9204
195,대소,2005-02,6종,7598
196,진천,2005-02,1종,166184
196,진천,2005-02,2종,21593
196,진천,2005-02,3종,5810
196,진천,2005-02,4종,5264
196,진천,2005-02,5종,7881
196,진천,2005-02,6종,5916
197,증평,2005-02,1종,242824
197,증평,2005-02,2종,26081
197,증평,2005-02,3종,6734
197,증평,2005-02,4종,6038
197,증평,2005-02,5종,13634
197,증평,2005-02,6종,7608
198,서청주,2005-02,1종,424267
198,서청주,2005-02,2종,36918
198,서청주,2005-02,3종,17809
198,서청주,2005-02,4종,13761
198,서청주,2005-02,5종,14809
198,서청주,2005-02,6종,15608
199,오창,2005-02,1종,206778
199,오창,2005-02,2종,17467
199,오창,2005-02,3종,8960
199,오창,2005-02,4종,9197
199,오창,2005-02,5종,5499
199,오창,2005-02,6종,6453
200,금산,2005-02,1종,166571
200,금산,2005-02,2종,6535
200,금산,2005-02,3종,2017
200,금산,2005-02,4종,2018
200,금산,2005-02,5종,6133
200,금산,2005-02,6종,5717
201,칠곡,2005-02,1종,440036
201,칠곡,2005-02,2종,20708
201,칠곡,2005-02,3종,9842
201,칠곡,2005-02,4종,3139
201,칠곡,2005-02,5종,4754
201,칠곡,2005-02,6종,22936
202,다부,2005-02,1종,75693
202,다부,2005-02,2종,6483
202,다부,2005-02,3종,1361
202,다부,2005-02,4종,1583
202,다부,2005-02,5종,2450
202,다부,2005-02,6종,2649
203,가산,2005-02,1종,311313
203,가산,2005-02,2종,19437
203,가산,2005-02,3종,6072
203,가산,2005-02,4종,4040
203,가산,2005-02,5종,8796
203,가산,2005-02,6종,13146
204,추부,2005-02,1종,212659
204,추부,2005-02,2종,13276
204,추부,2005-02,3종,2630
204,추부,2005-02,4종,2846
204,추부,2005-02,5종,3591
204,추부,2005-02,6종,8917
205,군위,2005-02,1종,95274
205,군위,2005-02,2종,8371
205,군위,2005-02,3종,1022
205,군위,2005-02,4종,1115
205,군위,2005-02,5종,2559
205,군위,2005-02,6종,3696
206,의성,2005-02,1종,139642
206,의성,2005-02,2종,7691
206,의성,2005-02,3종,1755
206,의성,2005-02,4종,1529
206,의성,2005-02,5종,2406
206,의성,2005-02,6종,5179
207,남안동,2005-02,1종,204313
207,남안동,2005-02,2종,9803
207,남안동,2005-02,3종,8080
207,남안동,2005-02,4종,1662
207,남안동,2005-02,5종,4565
207,남안동,2005-02,6종,7879
208,서안동,2005-02,1종,173670
208,서안동,2005-02,2종,7951
208,서안동,2005-02,3종,4885
208,서안동,2005-02,4종,1486
208,서안동,2005-02,5종,6014
208,서안동,2005-02,6종,5965
209,예천,2005-02,1종,34025
209,예천,2005-02,2종,1181
209,예천,2005-02,3종,454
209,예천,2005-02,4종,205
209,예천,2005-02,5종,1388
209,예천,2005-02,6종,1544
210,영주,2005-02,1종,126245
210,영주,2005-02,2종,6513
210,영주,2005-02,3종,3933
210,영주,2005-02,4종,1086
210,영주,2005-02,5종,4981
210,영주,2005-02,6종,4976
211,풍기,2005-02,1종,159680
211,풍기,2005-02,2종,7089
211,풍기,2005-02,3종,7547
211,풍기,2005-02,4종,798
211,풍기,2005-02,5종,3880
211,풍기,2005-02,6종,6204
212,북수원,2005-02,1종,1121698
212,북수원,2005-02,2종,64463
212,북수원,2005-02,3종,32528
212,북수원,2005-02,4종,17528
212,북수원,2005-02,5종,15865
212,북수원,2005-02,6종,49637
213,부곡,2005-02,1종,212553
213,부곡,2005-02,2종,10735
213,부곡,2005-02,3종,2397
213,부곡,2005-02,4종,4285
213,부곡,2005-02,5종,50432
213,부곡,2005-02,6종,10457
214,동군포,2005-02,1종,112652
214,동군포,2005-02,2종,17966
214,동군포,2005-02,3종,4025
214,동군포,2005-02,4종,10417
214,동군포,2005-02,5종,6118
214,동군포,2005-02,6종,5150
215,군포,2005-02,1종,561705
215,군포,2005-02,2종,58550
215,군포,2005-02,3종,12735
215,군포,2005-02,4종,13334
215,군포,2005-02,5종,18982
215,군포,2005-02,6종,24379
216,횡성,2005-02,1종,102327
216,횡성,2005-02,2종,6820
216,횡성,2005-02,3종,2593
216,횡성,2005-02,4종,1213
216,횡성,2005-02,5종,1192
216,횡성,2005-02,6종,4030
217,북원주,2005-02,1종,50506
217,북원주,2005-02,2종,3836
217,북원주,2005-02,3종,379
217,북원주,2005-02,4종,815
217,북원주,2005-02,5종,463
217,북원주,2005-02,6종,2344
218,남원주,2005-02,1종,417400
218,남원주,2005-02,2종,21176
218,남원주,2005-02,3종,10986
218,남원주,2005-02,4종,3889
218,남원주,2005-02,5종,4487
218,남원주,2005-02,6종,16413
219,신림,2005-02,1종,66677
219,신림,2005-02,2종,3448
219,신림,2005-02,3종,2385
219,신림,2005-02,4종,572
219,신림,2005-02,5종,5006
219,신림,2005-02,6종,2552
221,생초,2005-02,1종,41779
221,생초,2005-02,2종,5572
221,생초,2005-02,3종,1551
221,생초,2005-02,4종,2772
221,생초,2005-02,5종,4685
221,생초,2005-02,6종,1527
222,산청,2005-02,1종,37818
222,산청,2005-02,2종,1893
222,산청,2005-02,3종,934
222,산청,2005-02,4종,481
222,산청,2005-02,5종,760
222,산청,2005-02,6종,1641
223,단성,2005-02,1종,78146
223,단성,2005-02,2종,4140
223,단성,2005-02,3종,2582
223,단성,2005-02,4종,830
223,단성,2005-02,5종,1643
223,단성,2005-02,6종,2832
224,함양,2005-02,1종,93908
224,함양,2005-02,2종,5056
224,함양,2005-02,3종,4426
224,함양,2005-02,4종,818
224,함양,2005-02,5종,2588
224,함양,2005-02,6종,4110
225,서진주,2005-02,1종,257826
225,서진주,2005-02,2종,7988
225,서진주,2005-02,3종,2833
225,서진주,2005-02,4종,1354
225,서진주,2005-02,5종,2965
225,서진주,2005-02,6종,15139
227,군산,2005-02,1종,93337
227,군산,2005-02,2종,4171
227,군산,2005-02,3종,4211
227,군산,2005-02,4종,847
227,군산,2005-02,5종,2262
227,군산,2005-02,6종,2708
228,동군산,2005-02,1종,291632
228,동군산,2005-02,2종,20830
228,동군산,2005-02,3종,6211
228,동군산,2005-02,4종,5410
228,동군산,2005-02,5종,18460
228,동군산,2005-02,6종,7355
231,화원옥포,2005-02,1종,1321167
231,화원옥포,2005-02,2종,140857
231,화원옥포,2005-02,3종,58933
231,화원옥포,2005-02,4종,38022
231,화원옥포,2005-02,5종,97835
231,화원옥포,2005-02,6종,54363
232,달성,2005-02,1종,187581
232,달성,2005-02,2종,21453
232,달성,2005-02,3종,9188
232,달성,2005-02,4종,4772
232,달성,2005-02,5종,3401
232,달성,2005-02,6종,12518
233,현풍,2005-02,1종,222433
233,현풍,2005-02,2종,25727
233,현풍,2005-02,3종,4591
233,현풍,2005-02,4종,6082
233,현풍,2005-02,5종,13190
233,현풍,2005-02,6종,9332
234,서천,2005-02,1종,111903
234,서천,2005-02,2종,9672
234,서천,2005-02,3종,1384
234,서천,2005-02,4종,3828
234,서천,2005-02,5종,7992
234,서천,2005-02,6종,3270
235,창녕,2005-02,1종,138226
235,창녕,2005-02,2종,7523
235,창녕,2005-02,3종,6044
235,창녕,2005-02,4종,1056
235,창녕,2005-02,5종,2228
235,창녕,2005-02,6종,6278
236,영산,2005-02,1종,154745
236,영산,2005-02,2종,10224
236,영산,2005-02,3종,5457
236,영산,2005-02,4종,1550
236,영산,2005-02,5종,2248
236,영산,2005-02,6종,7334
237,남지,2005-02,1종,130083
237,남지,2005-02,2종,11336
237,남지,2005-02,3종,7866
237,남지,2005-02,4종,5261
237,남지,2005-02,5종,12727
237,남지,2005-02,6종,8162
238,칠서,2005-02,1종,149866
238,칠서,2005-02,2종,19547
238,칠서,2005-02,3종,3499
238,칠서,2005-02,4종,10602
238,칠서,2005-02,5종,13280
238,칠서,2005-02,6종,9030
239,칠원,2005-02,1종,387875
239,칠원,2005-02,2종,30303
239,칠원,2005-02,3종,19686
239,칠원,2005-02,4종,17208
239,칠원,2005-02,5종,23184
239,칠원,2005-02,6종,20733
240,제천,2005-02,1종,309127
240,제천,2005-02,2종,14194
240,제천,2005-02,3종,13184
240,제천,2005-02,4종,2515
240,제천,2005-02,5종,8966
240,제천,2005-02,6종,10887
241,동고령,2005-02,1종,122936
241,동고령,2005-02,2종,10552
241,동고령,2005-02,3종,6986
241,동고령,2005-02,4종,2278
241,동고령,2005-02,5종,5430
241,동고령,2005-02,6종,5256
242,고령,2005-02,1종,131042
242,고령,2005-02,2종,9631
242,고령,2005-02,3종,2456
242,고령,2005-02,4종,1342
242,고령,2005-02,5종,2700
242,고령,2005-02,6종,5729
243,해인사,2005-02,1종,71719
243,해인사,2005-02,2종,3659
243,해인사,2005-02,3종,1203
243,해인사,2005-02,4종,387
243,해인사,2005-02,5종,278
243,해인사,2005-02,6종,3437
244,서부산,2005-02,1종,1739434
244,서부산,2005-02,2종,123102
244,서부산,2005-02,3종,65054
244,서부산,2005-02,4종,42612
244,서부산,2005-02,5종,137398
244,서부산,2005-02,6종,93341
245,장유,2005-02,1종,1131992
245,장유,2005-02,2종,67784
245,장유,2005-02,3종,26858
245,장유,2005-02,4종,13408
245,장유,2005-02,5종,42591
245,장유,2005-02,6종,77285
246,가락,2005-02,1종,325200
246,가락,2005-02,2종,29915
246,가락,2005-02,3종,4295
246,가락,2005-02,4종,11184
246,가락,2005-02,5종,20627
246,가락,2005-02,6종,19684
247,남원,2005-02,1종,144789
247,남원,2005-02,2종,9512
247,남원,2005-02,3종,6735
247,남원,2005-02,4종,2583
247,남원,2005-02,5종,4348
247,남원,2005-02,6종,4420
248,순창,2005-02,1종,59110
248,순창,2005-02,2종,3076
248,순창,2005-02,3종,820
248,순창,2005-02,4종,816
248,순창,2005-02,5종,547
248,순창,2005-02,6종,2108
249,담양,2005-02,1종,76630
249,담양,2005-02,2종,4427
249,담양,2005-02,3종,8435
249,담양,2005-02,4종,929
249,담양,2005-02,5종,1568
249,담양,2005-02,6종,2360
250,남양산,2005-02,1종,691805
250,남양산,2005-02,2종,62376
250,남양산,2005-02,3종,16507
250,남양산,2005-02,4종,18922
250,남양산,2005-02,5종,32229
250,남양산,2005-02,6종,43284
251,물금,2005-02,1종,144891
251,물금,2005-02,2종,27504
251,물금,2005-02,3종,5319
251,물금,2005-02,4종,17348
251,물금,2005-02,5종,94246
251,물금,2005-02,6종,7694
252,대동,2005-02,1종,1521996
252,대동,2005-02,2종,187098
252,대동,2005-02,3종,37335
252,대동,2005-02,4종,54915
252,대동,2005-02,5종,170072
252,대동,2005-02,6종,71813
253,서서울,2005-02,1종,3441757
253,서서울,2005-02,2종,246644
253,서서울,2005-02,3종,59359
253,서서울,2005-02,4종,57897
253,서서울,2005-02,5종,76918
253,서서울,2005-02,6종,130914
254,군자,2005-02,1종,2224304
254,군자,2005-02,2종,205950
254,군자,2005-02,3종,54312
254,군자,2005-02,4종,54771
254,군자,2005-02,5종,186464
254,군자,2005-02,6종,101707
255,서안산,2005-02,1종,838750
255,서안산,2005-02,2종,93032
255,서안산,2005-02,3종,9066
255,서안산,2005-02,4종,20691
255,서안산,2005-02,5종,37172
255,서안산,2005-02,6종,41531
256,안산,2005-02,1종,912261
256,안산,2005-02,2종,28273
256,안산,2005-02,3종,11661
256,안산,2005-02,4종,4077
256,안산,2005-02,5종,6879
256,안산,2005-02,6종,47941
257,홍성,2005-02,1종,228014
257,홍성,2005-02,2종,9636
257,홍성,2005-02,3종,3534
257,홍성,2005-02,4종,1396
257,홍성,2005-02,5종,3947
257,홍성,2005-02,6종,5742
258,광천,2005-02,1종,89349
258,광천,2005-02,2종,7662
258,광천,2005-02,3종,763
258,광천,2005-02,4종,1121
258,광천,2005-02,5종,3373
258,광천,2005-02,6종,2306
259,대천,2005-02,1종,193600
259,대천,2005-02,2종,10524
259,대천,2005-02,3종,3304
259,대천,2005-02,4종,1545
259,대천,2005-02,5종,1913
259,대천,2005-02,6종,5742
260,춘장대,2005-02,1종,36568
260,춘장대,2005-02,2종,1988
260,춘장대,2005-02,3종,332
260,춘장대,2005-02,4종,304
260,춘장대,2005-02,5종,471
260,춘장대,2005-02,6종,973
261,동광주,2005-02,1종,881369
261,동광주,2005-02,2종,48562
261,동광주,2005-02,3종,45775
261,동광주,2005-02,4종,16932
261,동광주,2005-02,5종,37192
261,동광주,2005-02,6종,25955
262,창평,2005-02,1종,54163
262,창평,2005-02,2종,3350
262,창평,2005-02,3종,602
262,창평,2005-02,4종,1333
262,창평,2005-02,5종,1185
262,창평,2005-02,6종,1519
263,옥과,2005-02,1종,145093
263,옥과,2005-02,2종,5493
263,옥과,2005-02,3종,8218
263,옥과,2005-02,4종,2815
263,옥과,2005-02,5종,2827
263,옥과,2005-02,6종,4912
264,동남원,2005-02,1종,41757
264,동남원,2005-02,2종,1987
264,동남원,2005-02,3종,1715
264,동남원,2005-02,4종,765
264,동남원,2005-02,5종,2225
264,동남원,2005-02,6종,1246
265,곡성,2005-02,1종,118580
265,곡성,2005-02,2종,5635
265,곡성,2005-02,3종,2557
265,곡성,2005-02,4종,2480
265,곡성,2005-02,5종,4387
265,곡성,2005-02,6종,3682
266,석곡,2005-02,1종,43487
266,석곡,2005-02,2종,1910
266,석곡,2005-02,3종,1674
266,석곡,2005-02,4종,289
266,석곡,2005-02,5종,763
266,석곡,2005-02,6종,1418
267,주암송광사,2005-02,1종,120731
267,주암송광사,2005-02,2종,6610
267,주암송광사,2005-02,3종,2124
267,주암송광사,2005-02,4종,2276
267,주암송광사,2005-02,5종,6753
267,주암송광사,2005-02,6종,3411
268,승주,2005-02,1종,46799
268,승주,2005-02,2종,1786
268,승주,2005-02,3종,1329
268,승주,2005-02,4종,336
268,승주,2005-02,5종,581
268,승주,2005-02,6종,1962
269,지리산,2005-02,1종,47971
269,지리산,2005-02,2종,2629
269,지리산,2005-02,3종,1003
269,지리산,2005-02,4종,917
269,지리산,2005-02,5종,376
269,지리산,2005-02,6종,1373
270,서순천,2005-02,1종,160173
270,서순천,2005-02,2종,7767
270,서순천,2005-02,3종,8509
270,서순천,2005-02,4종,1661
270,서순천,2005-02,5종,13486
270,서순천,2005-02,6종,5572
271,순천,2005-02,1종,461680
271,순천,2005-02,2종,23742
271,순천,2005-02,3종,10010
271,순천,2005-02,4종,7284
271,순천,2005-02,5종,22537
271,순천,2005-02,6종,16089
272,광양,2005-02,1종,182954
272,광양,2005-02,2종,20005
272,광양,2005-02,3종,10130
272,광양,2005-02,4종,11925
272,광양,2005-02,5종,51698
272,광양,2005-02,6종,5710
273,동광양,2005-02,1종,87231
273,동광양,2005-02,2종,2655
273,동광양,2005-02,3종,985
273,동광양,2005-02,4종,951
273,동광양,2005-02,5종,27464
273,동광양,2005-02,6종,4835
274,가조,2005-02,1종,60441
274,가조,2005-02,2종,3124
274,가조,2005-02,3종,2120
274,가조,2005-02,4종,513
274,가조,2005-02,5종,419
274,가조,2005-02,6종,3782
275,옥곡,2005-02,1종,93000
275,옥곡,2005-02,2종,3425
275,옥곡,2005-02,3종,2335
275,옥곡,2005-02,4종,480
275,옥곡,2005-02,5종,3837
275,옥곡,2005-02,6종,4529
276,진월,2005-02,1종,72255
276,진월,2005-02,2종,2906
276,진월,2005-02,3종,1249
276,진월,2005-02,4종,1837
276,진월,2005-02,5종,32655
276,진월,2005-02,6종,2742
277,하동,2005-02,1종,157113
277,하동,2005-02,2종,6597
277,하동,2005-02,3종,5035
277,하동,2005-02,4종,1874
277,하동,2005-02,5종,20546
277,하동,2005-02,6종,6984
278,진교,2005-02,1종,172920
278,진교,2005-02,2종,7270
278,진교,2005-02,3종,11666
278,진교,2005-02,4종,846
278,진교,2005-02,5종,1414
278,진교,2005-02,6종,9961
279,곤양,2005-02,1종,117213
279,곤양,2005-02,2종,6235
279,곤양,2005-02,3종,4898
279,곤양,2005-02,4종,1315
279,곤양,2005-02,5종,2659
279,곤양,2005-02,6종,7287
280,거창,2005-02,1종,184824
280,거창,2005-02,2종,10143
280,거창,2005-02,3종,10054
280,거창,2005-02,4종,1642
280,거창,2005-02,5종,3997
280,거창,2005-02,6종,8542
281,매송,2005-02,1종,414480
281,매송,2005-02,2종,41306
281,매송,2005-02,3종,10772
281,매송,2005-02,4종,10753
281,매송,2005-02,5종,19984
281,매송,2005-02,6종,16307
282,비봉,2005-02,1종,472898
282,비봉,2005-02,2종,49557
282,비봉,2005-02,3종,7419
282,비봉,2005-02,4종,10827
282,비봉,2005-02,5종,25319
282,비봉,2005-02,6종,16594
283,발안,2005-02,1종,349113
283,발안,2005-02,2종,37187
283,발안,2005-02,3종,4092
283,발안,2005-02,4종,7802
283,발안,2005-02,5종,19638
283,발안,2005-02,6종,11266
284,남양양,2005-02,1종,201068
284,남양양,2005-02,2종,5969
284,남양양,2005-02,3종,9955
284,남양양,2005-02,4종,1665
284,남양양,2005-02,5종,2194
284,남양양,2005-02,6종,4694
285,서평택,2005-02,1종,537270
285,서평택,2005-02,2종,47563
285,서평택,2005-02,3종,7433
285,서평택,2005-02,4종,21225
285,서평택,2005-02,5종,61938
285,서평택,2005-02,6종,17080
287,송악,2005-02,1종,286361
287,송악,2005-02,2종,24195
287,송악,2005-02,3종,6377
287,송악,2005-02,4종,8108
287,송악,2005-02,5종,40223
287,송악,2005-02,6종,7572
288,당진,2005-02,1종,235340
288,당진,2005-02,2종,18851
288,당진,2005-02,3종,8865
288,당진,2005-02,4종,6147
288,당진,2005-02,5종,18042
288,당진,2005-02,6종,7055
289,마산,2005-02,1종,840042
289,마산,2005-02,2종,50511
289,마산,2005-02,3종,32448
289,마산,2005-02,4종,13708
289,마산,2005-02,5종,21419
289,마산,2005-02,6종,47189
290,축동,2005-02,1종,28113
290,축동,2005-02,2종,2133
290,축동,2005-02,3종,207
290,축동,2005-02,4종,592
290,축동,2005-02,5종,3330
290,축동,2005-02,6종,1934
291,사천,2005-02,1종,573546
291,사천,2005-02,2종,35555
291,사천,2005-02,3종,16831
291,사천,2005-02,4종,6820
291,사천,2005-02,5종,18472
291,사천,2005-02,6종,29906
292,진주,2005-02,1종,486551
292,진주,2005-02,2종,29486
292,진주,2005-02,3종,30415
292,진주,2005-02,4종,6500
292,진주,2005-02,5종,20685
292,진주,2005-02,6종,29324
293,문산,2005-02,1종,170984
293,문산,2005-02,2종,14883
293,문산,2005-02,3종,1865
293,문산,2005-02,4종,3024
293,문산,2005-02,5종,7985
293,문산,2005-02,6종,9532
294,북창원,2005-02,1종,212536
294,북창원,2005-02,2종,12427
294,북창원,2005-02,3종,1305
294,북창원,2005-02,4종,3560
294,북창원,2005-02,5종,3971
294,북창원,2005-02,6종,10164
295,진성,2005-02,1종,117549
295,진성,2005-02,2종,10620
295,진성,2005-02,3종,3166
295,진성,2005-02,4종,2252
295,진성,2005-02,5종,6958
295,진성,2005-02,6종,5990
296,지수,2005-02,1종,43152
296,지수,2005-02,2종,3786
296,지수,2005-02,3종,632
296,지수,2005-02,4종,360
296,지수,2005-02,5종,845
296,지수,2005-02,6종,2247
298,서산,2005-02,1종,260126
298,서산,2005-02,2종,16250
298,서산,2005-02,3종,8870
298,서산,2005-02,4종,5598
298,서산,2005-02,5종,7509
298,서산,2005-02,6종,7322
299,해미,2005-02,1종,132471
299,해미,2005-02,2종,8566
299,해미,2005-02,3종,2895
299,해미,2005-02,4종,2555
299,해미,2005-02,5종,8230
299,해미,2005-02,6종,4128
501,서김제,2005-02,1종,61272
501,서김제,2005-02,2종,5885
501,서김제,2005-02,3종,1092
501,서김제,2005-02,4종,1028
501,서김제,2005-02,5종,2804
501,서김제,2005-02,6종,1558
502,부안,2005-02,1종,89160
502,부안,2005-02,2종,6920
502,부안,2005-02,3종,1302
502,부안,2005-02,4종,1239
502,부안,2005-02,5종,5504
502,부안,2005-02,6종,2304
503,줄포,2005-02,1종,47530
503,줄포,2005-02,2종,2607
503,줄포,2005-02,3종,594
503,줄포,2005-02,4종,321
503,줄포,2005-02,5종,370
503,줄포,2005-02,6종,1047
504,선운산,2005-02,1종,64392
504,선운산,2005-02,2종,11021
504,선운산,2005-02,3종,5827
504,선운산,2005-02,4종,1655
504,선운산,2005-02,5종,4145
504,선운산,2005-02,6종,1385
505,고창,2005-02,1종,72666
505,고창,2005-02,2종,5004
505,고창,2005-02,3종,1040
505,고창,2005-02,4종,609
505,고창,2005-02,5종,642
505,고창,2005-02,6종,1841
506,영광,2005-02,1종,69586
506,영광,2005-02,2종,4923
506,영광,2005-02,3종,3333
506,영광,2005-02,4종,648
506,영광,2005-02,5종,761
506,영광,2005-02,6종,1761
507,함평,2005-02,1종,56505
507,함평,2005-02,2종,8739
507,함평,2005-02,3종,1228
507,함평,2005-02,4종,1083
507,함평,2005-02,5종,3070
507,함평,2005-02,6종,1282
508,무안,2005-02,1종,264562
508,무안,2005-02,2종,19975
508,무안,2005-02,3종,8513
508,무안,2005-02,4종,2797
508,무안,2005-02,5종,10588
508,무안,2005-02,6종,6295
509,목포,2005-02,1종,435473
509,목포,2005-02,2종,38661
509,목포,2005-02,3종,16139
509,목포,2005-02,4종,4529
509,목포,2005-02,5종,18966
509,목포,2005-02,6종,10239
511,무창포,2005-02,1종,36075
511,무창포,2005-02,2종,3411
511,무창포,2005-02,3종,253
511,무창포,2005-02,4종,476
511,무창포,2005-02,5종,1954
511,무창포,2005-02,6종,842
521,단양,2005-02,1종,55780
521,단양,2005-02,2종,2518
521,단양,2005-02,3종,3171
521,단양,2005-02,4종,398
521,단양,2005-02,5종,4245
521,단양,2005-02,6종,2305
522,북단양,2005-02,1종,60441
522,북단양,2005-02,2종,3187
522,북단양,2005-02,3종,2915
522,북단양,2005-02,4종,889
522,북단양,2005-02,5종,12063
522,북단양,2005-02,6종,2080
523,남제천,2005-02,1종,37030
523,남제천,2005-02,2종,1495
523,남제천,2005-02,3종,675
523,남제천,2005-02,4종,185
523,남제천,2005-02,5종,1088
523,남제천,2005-02,6종,1191
524,청통와촌,2005-02,1종,130516
524,청통와촌,2005-02,2종,10223
524,청통와촌,2005-02,3종,2565
524,청통와촌,2005-02,4종,1227
524,청통와촌,2005-02,5종,2292
524,청통와촌,2005-02,6종,4717
525,북영천,2005-02,1종,107963
525,북영천,2005-02,2종,7820
525,북영천,2005-02,3종,1058
525,북영천,2005-02,4종,1871
525,북영천,2005-02,5종,13247
525,북영천,2005-02,6종,3622
526,서포항,2005-02,1종,70504
526,서포항,2005-02,2종,2976
526,서포항,2005-02,3종,672
526,서포항,2005-02,4종,517
526,서포항,2005-02,5종,2488
526,서포항,2005-02,6종,2729
527,포항,2005-02,1종,464619
527,포항,2005-02,2종,13184
527,포항,2005-02,3종,10042
527,포항,2005-02,4종,2939
527,포항,2005-02,5종,18717
527,포항,2005-02,6종,16535
530,내장산,2005-02,1종,26206
530,내장산,2005-02,2종,1658
530,내장산,2005-02,3종,233
530,내장산,2005-02,4종,396
530,내장산,2005-02,5종,376
530,내장산,2005-02,6종,745
540,청북,2005-02,1종,203031
540,청북,2005-02,2종,37002
540,청북,2005-02,3종,5389
540,청북,2005-02,4종,10305
540,청북,2005-02,5종,20974
540,청북,2005-02,6종,5644
541,송탄,2005-02,1종,253699
541,송탄,2005-02,2종,27018
541,송탄,2005-02,3종,4912
541,송탄,2005-02,4종,6170
541,송탄,2005-02,5종,11208
541,송탄,2005-02,6종,8231
542,서안성,2005-02,1종,114140
542,서안성,2005-02,2종,17480
542,서안성,2005-02,3종,2446
542,서안성,2005-02,4종,4581
542,서안성,2005-02,5종,6553
542,서안성,2005-02,6종,3692
560,감곡,2005-02,1종,190657
560,감곡,2005-02,2종,14835
560,감곡,2005-02,3종,7490
560,감곡,2005-02,4종,3535
560,감곡,2005-02,5종,18425
560,감곡,2005-02,6종,5253
561,북충주,2005-02,1종,46541
561,북충주,2005-02,2종,2836
561,북충주,2005-02,3종,658
561,북충주,2005-02,4종,475
561,북충주,2005-02,5종,772
561,북충주,2005-02,6종,1636
562,충주,2005-02,1종,169938
562,충주,2005-02,2종,12579
562,충주,2005-02,3종,8741
562,충주,2005-02,4종,4394
562,충주,2005-02,5종,6807
562,충주,2005-02,6종,5509
563,괴산,2005-02,1종,44746
563,괴산,2005-02,2종,1317
563,괴산,2005-02,3종,889
563,괴산,2005-02,4종,325
563,괴산,2005-02,5종,344
563,괴산,2005-02,6종,1245
564,연풍,2005-02,1종,51033
564,연풍,2005-02,2종,10705
564,연풍,2005-02,3종,3904
564,연풍,2005-02,4종,3724
564,연풍,2005-02,5종,5327
564,연풍,2005-02,6종,1395
565,문경새재,2005-02,1종,94433
565,문경새재,2005-02,2종,8563
565,문경새재,2005-02,3종,2731
565,문경새재,2005-02,4종,2509
565,문경새재,2005-02,5종,3729
565,문경새재,2005-02,6종,2819
566,점촌함창,2005-02,1종,128562
566,점촌함창,2005-02,2종,6231
566,점촌함창,2005-02,3종,3984
566,점촌함창,2005-02,4종,1535
566,점촌함창,2005-02,5종,3474
566,점촌함창,2005-02,6종,4343
570,북상주,2005-02,1종,99415
570,북상주,2005-02,2종,7034
570,북상주,2005-02,3종,1831
570,북상주,2005-02,4종,1473
570,북상주,2005-02,5종,3344
570,북상주,2005-02,6종,3644
580,북강릉,2005-02,1종,84996
580,북강릉,2005-02,2종,3245
580,북강릉,2005-02,3종,1150
580,북강릉,2005-02,4종,614
580,북강릉,2005-02,5종,1257
580,북강릉,2005-02,6종,2493
581,옥계,2005-02,1종,67599
581,옥계,2005-02,2종,3015
581,옥계,2005-02,3종,1670
581,옥계,2005-02,4종,1698
581,옥계,2005-02,5종,3747
581,옥계,2005-02,6종,3696
582,망상,2005-02,1종,54220
582,망상,2005-02,2종,2492
582,망상,2005-02,3종,9232
582,망상,2005-02,4종,463
582,망상,2005-02,5종,540
582,망상,2005-02,6종,2400
583,동해,2005-02,1종,223021
583,동해,2005-02,2종,9237
583,동해,2005-02,3종,6295
583,동해,2005-02,4종,2927
583,동해,2005-02,5종,7193
583,동해,2005-02,6종,9027
601,남천안,2005-02,1종,174966
601,남천안,2005-02,2종,42700
601,남천안,2005-02,3종,8344
601,남천안,2005-02,4종,12516
601,남천안,2005-02,5종,17408
601,남천안,2005-02,6종,4810
602,풍세상,2005-02,1종,640563
602,풍세상,2005-02,2종,46892
602,풍세상,2005-02,3종,71558
602,풍세상,2005-02,4종,16519
602,풍세상,2005-02,5종,31405
602,풍세상,2005-02,6종,15683
603,정안,2005-02,1종,101878
603,정안,2005-02,2종,15132
603,정안,2005-02,3종,8120
603,정안,2005-02,4종,4757
603,정안,2005-02,5종,6386
603,정안,2005-02,6종,2607
604,남공주,2005-02,1종,25064
604,남공주,2005-02,2종,1812
604,남공주,2005-02,3종,436
604,남공주,2005-02,4종,651
604,남공주,2005-02,5종,796
604,남공주,2005-02,6종,717
605,탄천,2005-02,1종,17870
605,탄천,2005-02,2종,1352
605,탄천,2005-02,3종,268
605,탄천,2005-02,4종,234
605,탄천,2005-02,5종,312
605,탄천,2005-02,6종,520
606,서논산,2005-02,1종,57322
606,서논산,2005-02,2종,7615
606,서논산,2005-02,3종,2584
606,서논산,2005-02,4종,2444
606,서논산,2005-02,5종,4014
606,서논산,2005-02,6종,1587
607,연무,2005-02,1종,42459
607,연무,2005-02,2종,2796
607,연무,2005-02,3종,1317
607,연무,2005-02,4종,606
607,연무,2005-02,5종,1074
607,연무,2005-02,6종,1163
608,남논산하,2005-02,1종,395636
608,남논산하,2005-02,2종,35242
608,남논산하,2005-02,3종,61846
608,남논산하,2005-02,4종,12340
608,남논산하,2005-02,5종,22155
608,남논산하,2005-02,6종,9325
11,인천,2005-03,1종,3249869
11,인천,2005-03,2종,171669
11,인천,2005-03,3종,42415
11,인천,2005-03,4종,54137
11,인천,2005-03,5종,130823
11,인천,2005-03,6종,196038
53,남인천,2005-03,1종,1719216
53,남인천,2005-03,2종,88600
53,남인천,2005-03,3종,27078
53,남인천,2005-03,4종,22681
53,남인천,2005-03,5종,98352
53,남인천,2005-03,6종,89071
56,일로,2005-03,1종,18911
56,일로,2005-03,2종,1287
56,일로,2005-03,3종,135
56,일로,2005-03,4종,409
56,일로,2005-03,5종,346
56,일로,2005-03,6종,1062
61,성남,2005-03,1종,3008807
61,성남,2005-03,2종,228741
61,성남,2005-03,3종,75974
61,성남,2005-03,4종,38907
61,성남,2005-03,5종,59928
61,성남,2005-03,6종,128411
62,구리남양주,2005-03,1종,3706520
62,구리남양주,2005-03,2종,289294
62,구리남양주,2005-03,3종,71238
62,구리남양주,2005-03,4종,66814
62,구리남양주,2005-03,5종,71785
62,구리남양주,2005-03,6종,162286
63,토평,2005-03,1종,457649
63,토평,2005-03,2종,24379
63,토평,2005-03,3종,2598
63,토평,2005-03,4종,5738
63,토평,2005-03,5종,11207
63,토평,2005-03,6종,21106
64,청계,2005-03,1종,4063658
64,청계,2005-03,2종,247755
64,청계,2005-03,3종,78396
64,청계,2005-03,4종,32810
64,청계,2005-03,5종,78235
64,청계,2005-03,6종,186791
65,판교,2005-03,1종,2430821
65,판교,2005-03,2종,62620
65,판교,2005-03,3종,103361
65,판교,2005-03,4종,18057
65,판교,2005-03,5종,11727
65,판교,2005-03,6종,85372
66,하남,2005-03,1종,517303
66,하남,2005-03,2종,33080
66,하남,2005-03,3종,13632
66,하남,2005-03,4종,9611
66,하남,2005-03,5종,14875
66,하남,2005-03,6종,20294
67,시흥,2005-03,1종,3446356
67,시흥,2005-03,2종,241400
67,시흥,2005-03,3종,78228
67,시흥,2005-03,4종,51158
67,시흥,2005-03,5종,62195
67,시흥,2005-03,6종,152964
68,김포,2005-03,1종,3529202
68,김포,2005-03,2종,259908
68,김포,2005-03,3종,41225
68,김포,2005-03,4종,43217
68,김포,2005-03,5종,102363
68,김포,2005-03,6종,160584
91,대동(개),2005-03,1종,157870
91,대동(개),2005-03,2종,17370
91,대동(개),2005-03,3종,1241
91,대동(개),2005-03,4종,34686
91,대동(개),2005-03,5종,18812
91,대동(개),2005-03,6종,8897
92,내서,2005-03,1종,120066
92,내서,2005-03,2종,5142
92,내서,2005-03,3종,762
92,내서,2005-03,4종,1377
92,내서,2005-03,5종,3163
92,내서,2005-03,6종,16655
101,서울,2005-03,1종,5055579
101,서울,2005-03,2종,321630
101,서울,2005-03,3종,383063
101,서울,2005-03,4종,59372
101,서울,2005-03,5종,51489
101,서울,2005-03,6종,179982
102,동수원,2005-03,1종,2013441
102,동수원,2005-03,2종,75252
102,동수원,2005-03,3종,63080
102,동수원,2005-03,4종,15172
102,동수원,2005-03,5종,23726
102,동수원,2005-03,6종,90740
103,수원신갈,2005-03,1종,2098250
103,수원신갈,2005-03,2종,146573
103,수원신갈,2005-03,3종,88646
103,수원신갈,2005-03,4종,30555
103,수원신갈,2005-03,5종,31541
103,수원신갈,2005-03,6종,100641
104,지곡,2005-03,1종,25705
104,지곡,2005-03,2종,3212
104,지곡,2005-03,3종,959
104,지곡,2005-03,4종,625
104,지곡,2005-03,5종,1251
104,지곡,2005-03,6종,960
105,기흥,2005-03,1종,984882
105,기흥,2005-03,2종,91556
105,기흥,2005-03,3종,26464
105,기흥,2005-03,4종,17264
105,기흥,2005-03,5종,25696
105,기흥,2005-03,6종,37973
106,오산,2005-03,1종,1083870
106,오산,2005-03,2종,131467
106,오산,2005-03,3종,50044
106,오산,2005-03,4종,27956
106,오산,2005-03,5종,36552
106,오산,2005-03,6종,43068
107,안성,2005-03,1종,945425
107,안성,2005-03,2종,99990
107,안성,2005-03,3종,48380
107,안성,2005-03,4종,22256
107,안성,2005-03,5종,32911
107,안성,2005-03,6종,35742
108,천안,2005-03,1종,1164856
108,천안,2005-03,2종,88229
108,천안,2005-03,3종,70967
108,천안,2005-03,4종,25988
108,천안,2005-03,5종,33637
108,천안,2005-03,6종,40097
109,계룡,2005-03,1종,122138
109,계룡,2005-03,2종,14804
109,계룡,2005-03,3종,7790
109,계룡,2005-03,4종,8893
109,계룡,2005-03,5종,3565
109,계룡,2005-03,6종,5831
110,독립기념관,2005-03,1종,297282
110,독립기념관,2005-03,2종,46594
110,독립기념관,2005-03,3종,17104
110,독립기념관,2005-03,4종,18431
110,독립기념관,2005-03,5종,25770
110,독립기념관,2005-03,6종,8772
111,청주,2005-03,1종,492410
111,청주,2005-03,2종,42574
111,청주,2005-03,3종,39372
111,청주,2005-03,4종,12801
111,청주,2005-03,5종,19103
111,청주,2005-03,6종,17036
112,남청주,2005-03,1종,414220
112,남청주,2005-03,2종,59409
112,남청주,2005-03,3종,26454
112,남청주,2005-03,4종,33086
112,남청주,2005-03,5종,34051
112,남청주,2005-03,6종,13906
113,신탄진,2005-03,1종,458455
113,신탄진,2005-03,2종,70030
113,신탄진,2005-03,3종,16601
113,신탄진,2005-03,4종,33964
113,신탄진,2005-03,5종,44542
113,신탄진,2005-03,6종,16479
114,남대전,2005-03,1종,232719
114,남대전,2005-03,2종,13699
114,남대전,2005-03,3종,3484
114,남대전,2005-03,4종,2794
114,남대전,2005-03,5종,7596
114,남대전,2005-03,6종,10256
115,대전,2005-03,1종,1112784
115,대전,2005-03,2종,66648
115,대전,2005-03,3종,73843
115,대전,2005-03,4종,15216
115,대전,2005-03,5종,23694
115,대전,2005-03,6종,46347
116,옥천,2005-03,1종,323291
116,옥천,2005-03,2종,39652
116,옥천,2005-03,3종,8672
116,옥천,2005-03,4종,14301
116,옥천,2005-03,5종,13209
116,옥천,2005-03,6종,14072
117,금강,2005-03,1종,25364
117,금강,2005-03,2종,2071
117,금강,2005-03,3종,379
117,금강,2005-03,4종,1276
117,금강,2005-03,5종,719
117,금강,2005-03,6종,1201
118,영동,2005-03,1종,92415
118,영동,2005-03,2종,12052
118,영동,2005-03,3종,3685
118,영동,2005-03,4종,4676
118,영동,2005-03,5종,10197
118,영동,2005-03,6종,2756
119,판암,2005-03,1종,300853
119,판암,2005-03,2종,17507
119,판암,2005-03,3종,3674
119,판암,2005-03,4종,9355
119,판암,2005-03,5종,6090
119,판암,2005-03,6종,14255
120,황간,2005-03,1종,55515
120,황간,2005-03,2종,6764
120,황간,2005-03,3종,1910
120,황간,2005-03,4종,3233
120,황간,2005-03,5종,5142
120,황간,2005-03,6종,1986
121,추풍령,2005-03,1종,38895
121,추풍령,2005-03,2종,4319
121,추풍령,2005-03,3종,1234
121,추풍령,2005-03,4종,2389
121,추풍령,2005-03,5종,3091
121,추풍령,2005-03,6종,2233
122,김천,2005-03,1종,236320
122,김천,2005-03,2종,30703
122,김천,2005-03,3종,12238
122,김천,2005-03,4종,9470
122,김천,2005-03,5종,14843
122,김천,2005-03,6종,8512
123,구미,2005-03,1종,674524
123,구미,2005-03,2종,35037
123,구미,2005-03,3종,19737
123,구미,2005-03,4종,12791
123,구미,2005-03,5종,14211
123,구미,2005-03,6종,31877
124,상주,2005-03,1종,157931
124,상주,2005-03,2종,14637
124,상주,2005-03,3종,6713
124,상주,2005-03,4종,3359
124,상주,2005-03,5종,5132
124,상주,2005-03,6종,7363
125,남구미,2005-03,1종,535108
125,남구미,2005-03,2종,48253
125,남구미,2005-03,3종,30038
125,남구미,2005-03,4종,20985
125,남구미,2005-03,5종,56794
125,남구미,2005-03,6종,25430
126,왜관,2005-03,1종,509002
126,왜관,2005-03,2종,60950
126,왜관,2005-03,3종,16439
126,왜관,2005-03,4종,15390
126,왜관,2005-03,5종,33344
126,왜관,2005-03,6종,22550
127,서대구,2005-03,1종,2067656
127,서대구,2005-03,2종,269361
127,서대구,2005-03,3종,96874
127,서대구,2005-03,4종,75198
127,서대구,2005-03,5종,148117
127,서대구,2005-03,6종,89297
129,북대구,2005-03,1종,1448353
129,북대구,2005-03,2종,91950
129,북대구,2005-03,3종,30575
129,북대구,2005-03,4종,18294
129,북대구,2005-03,5종,29515
129,북대구,2005-03,6종,60182
130,동김천,2005-03,1종,1143157
130,동김천,2005-03,2종,73129
130,동김천,2005-03,3종,43521
130,동김천,2005-03,4종,26641
130,동김천,2005-03,5종,35762
130,동김천,2005-03,6종,52422
131,경산,2005-03,1종,706328
131,경산,2005-03,2종,97140
131,경산,2005-03,3종,19394
131,경산,2005-03,4종,22595
131,경산,2005-03,5종,31095
131,경산,2005-03,6종,36405
132,영천,2005-03,1종,231084
132,영천,2005-03,2종,35874
132,영천,2005-03,3종,21476
132,영천,2005-03,4종,8709
132,영천,2005-03,5종,27083
132,영천,2005-03,6종,7743
133,서경주,2005-03,1종,91792
133,서경주,2005-03,2종,11268
133,서경주,2005-03,3종,3406
133,서경주,2005-03,4종,4008
133,서경주,2005-03,5종,14630
133,서경주,2005-03,6종,2937
134,선산,2005-03,1종,90115
134,선산,2005-03,2종,9955
134,선산,2005-03,3종,1870
134,선산,2005-03,4종,2203
134,선산,2005-03,5종,2544
134,선산,2005-03,6종,3624
135,경주,2005-03,1종,673306
135,경주,2005-03,2종,76886
135,경주,2005-03,3종,64734
135,경주,2005-03,4종,26829
135,경주,2005-03,5종,91047
135,경주,2005-03,6종,23835
137,통도사,2005-03,1종,287461
137,통도사,2005-03,2종,47281
137,통도사,2005-03,3종,20324
137,통도사,2005-03,4종,16026
137,통도사,2005-03,5종,25219
137,통도사,2005-03,6종,12986
138,양산,2005-03,1종,687353
138,양산,2005-03,2종,105773
138,양산,2005-03,3종,28941
138,양산,2005-03,4종,46556
138,양산,2005-03,5종,56606
138,양산,2005-03,6종,40754
139,서울산,2005-03,1종,321858
139,서울산,2005-03,2종,34290
139,서울산,2005-03,3종,20834
139,서울산,2005-03,4종,11203
139,서울산,2005-03,5종,18976
139,서울산,2005-03,6종,15462
140,부산,2005-03,1종,1318092
140,부산,2005-03,2종,103880
140,부산,2005-03,3종,74083
140,부산,2005-03,4종,47993
140,부산,2005-03,5종,96340
140,부산,2005-03,6종,67813
141,,2005-03,1종,821213
141,,2005-03,2종,97562
141,,2005-03,3종,51186
141,,2005-03,4종,50352
141,,2005-03,5종,134067
141,,2005-03,6종,33802
142,군북,2005-03,1종,217518
142,군북,2005-03,2종,18752
142,군북,2005-03,3종,7481
142,군북,2005-03,4종,8487
142,군북,2005-03,5종,18969
142,군북,2005-03,6종,12651
143,장지,2005-03,1종,66081
143,장지,2005-03,2종,6687
143,장지,2005-03,3종,981
143,장지,2005-03,4종,1905
143,장지,2005-03,5종,11900
143,장지,2005-03,6종,3975
144,함안,2005-03,1종,325058
144,함안,2005-03,2종,25703
144,함안,2005-03,3종,8631
144,함안,2005-03,4종,6393
144,함안,2005-03,5종,18837
144,함안,2005-03,6종,22808
145,산인,2005-03,1종,643288
145,산인,2005-03,2종,40912
145,산인,2005-03,3종,38036
145,산인,2005-03,4종,18790
145,산인,2005-03,5종,29719
145,산인,2005-03,6종,41027
146,동창원,2005-03,1종,573878
146,동창원,2005-03,2종,56943
146,동창원,2005-03,3종,9310
146,동창원,2005-03,4종,12577
146,동창원,2005-03,5종,42311
146,동창원,2005-03,6종,33822
147,진례,2005-03,1종,496196
147,진례,2005-03,2종,83850
147,진례,2005-03,3종,7772
147,진례,2005-03,4종,18396
147,진례,2005-03,5종,26027
147,진례,2005-03,6종,27097
148,서김해,2005-03,1종,649009
148,서김해,2005-03,2종,58168
148,서김해,2005-03,3종,11534
148,서김해,2005-03,4종,12821
148,서김해,2005-03,5종,29792
148,서김해,2005-03,6종,42640
149,동김해,2005-03,1종,1079425
149,동김해,2005-03,2종,72210
149,동김해,2005-03,3종,17253
149,동김해,2005-03,4종,17428
149,동김해,2005-03,5종,32870
149,동김해,2005-03,6종,84414
150,북부산,2005-03,1종,2341962
150,북부산,2005-03,2종,184352
150,북부산,2005-03,3종,60696
150,북부산,2005-03,4종,53415
150,북부산,2005-03,5종,156538
150,북부산,2005-03,6종,146122
151,북대전,2005-03,1종,501228
151,북대전,2005-03,2종,22224
151,북대전,2005-03,3종,16745
151,북대전,2005-03,4종,12272
151,북대전,2005-03,5종,13394
151,북대전,2005-03,6종,20640
152,유성,2005-03,1종,806153
152,유성,2005-03,2종,52183
152,유성,2005-03,3종,27567
152,유성,2005-03,4종,11169
152,유성,2005-03,5종,18468
152,유성,2005-03,6종,32346
153,서대전,2005-03,1종,514146
153,서대전,2005-03,2종,34970
153,서대전,2005-03,3종,9962
153,서대전,2005-03,4종,9082
153,서대전,2005-03,5종,13558
153,서대전,2005-03,6종,23820
154,안영,2005-03,1종,324194
154,안영,2005-03,2종,18640
154,안영,2005-03,3종,5804
154,안영,2005-03,4종,6422
154,안영,2005-03,5종,12596
154,안영,2005-03,6종,13718
155,논산,2005-03,1종,192964
155,논산,2005-03,2종,35051
155,논산,2005-03,3종,8875
155,논산,2005-03,4종,11484
155,논산,2005-03,5종,11687
155,논산,2005-03,6종,6398
156,익산,2005-03,1종,254852
156,익산,2005-03,2종,40089
156,익산,2005-03,3종,20893
156,익산,2005-03,4종,15775
156,익산,2005-03,5종,35816
156,익산,2005-03,6종,6903
157,삼례,2005-03,1종,74693
157,삼례,2005-03,2종,10410
157,삼례,2005-03,3종,1957
157,삼례,2005-03,4종,3761
157,삼례,2005-03,5종,4297
157,삼례,2005-03,6종,1883
158,전주,2005-03,1종,511403
158,전주,2005-03,2종,43866
158,전주,2005-03,3종,40549
158,전주,2005-03,4종,14746
158,전주,2005-03,5종,33673
158,전주,2005-03,6종,13308
159,서전주,2005-03,1종,161348
159,서전주,2005-03,2종,11255
159,서전주,2005-03,3종,3138
159,서전주,2005-03,4종,2534
159,서전주,2005-03,5종,3770
159,서전주,2005-03,6종,4320
160,김제,2005-03,1종,100549
160,김제,2005-03,2종,8792
160,김제,2005-03,3종,7669
160,김제,2005-03,4종,2817
160,김제,2005-03,5종,2010
160,김제,2005-03,6종,2812
161,금산사,2005-03,1종,46628
161,금산사,2005-03,2종,9606
161,금산사,2005-03,3종,1320
161,금산사,2005-03,4종,2846
161,금산사,2005-03,5종,5948
161,금산사,2005-03,6종,969
162,태인,2005-03,1종,79984
162,태인,2005-03,2종,14678
162,태인,2005-03,3종,5282
162,태인,2005-03,4종,3905
162,태인,2005-03,5종,9851
162,태인,2005-03,6종,1778
163,정읍,2005-03,1종,323979
163,정읍,2005-03,2종,41331
163,정읍,2005-03,3종,25682
163,정읍,2005-03,4종,7918
163,정읍,2005-03,5종,11755
163,정읍,2005-03,6종,9045
164,무주,2005-03,1종,99705
164,무주,2005-03,2종,4758
164,무주,2005-03,3종,4086
164,무주,2005-03,4종,1009
164,무주,2005-03,5종,2359
164,무주,2005-03,6종,2908
165,백양사,2005-03,1종,89915
165,백양사,2005-03,2종,7640
165,백양사,2005-03,3종,4882
165,백양사,2005-03,4종,1994
165,백양사,2005-03,5종,2151
165,백양사,2005-03,6종,2478
166,장성,2005-03,1종,166264
166,장성,2005-03,2종,14221
166,장성,2005-03,3종,11191
166,장성,2005-03,4종,3629
166,장성,2005-03,5종,6806
166,장성,2005-03,6종,6605
167,광주,2005-03,1종,858523
167,광주,2005-03,2종,96776
167,광주,2005-03,3종,76937
167,광주,2005-03,4종,32148
167,광주,2005-03,5종,35646
167,광주,2005-03,6종,22652
168,덕유산,2005-03,1종,32625
168,덕유산,2005-03,2종,1817
168,덕유산,2005-03,3종,874
168,덕유산,2005-03,4종,359
168,덕유산,2005-03,5종,1023
168,덕유산,2005-03,6종,880
169,장수,2005-03,1종,90466
169,장수,2005-03,2종,19569
169,장수,2005-03,3종,8812
169,장수,2005-03,4종,5972
169,장수,2005-03,5종,21069
169,장수,2005-03,6종,1917
170,서상,2005-03,1종,29184
170,서상,2005-03,2종,3923
170,서상,2005-03,3종,2649
170,서상,2005-03,4종,710
170,서상,2005-03,5종,908
170,서상,2005-03,6종,1010
171,마성,2005-03,1종,264351
171,마성,2005-03,2종,9574
171,마성,2005-03,3종,12178
171,마성,2005-03,4종,861
171,마성,2005-03,5종,634
171,마성,2005-03,6종,11269
172,용인,2005-03,1종,753479
172,용인,2005-03,2종,87679
172,용인,2005-03,3종,19295
172,용인,2005-03,4종,14903
172,용인,2005-03,5종,14803
172,용인,2005-03,6종,37724
173,양지,2005-03,1종,575991
173,양지,2005-03,2종,99702
173,양지,2005-03,3종,22890
173,양지,2005-03,4종,23805
173,양지,2005-03,5종,32208
173,양지,2005-03,6종,22544
174,춘천,2005-03,1종,369289
174,춘천,2005-03,2종,22287
174,춘천,2005-03,3종,14718
174,춘천,2005-03,4종,5183
174,춘천,2005-03,5종,5907
174,춘천,2005-03,6종,17980
175,덕평,2005-03,1종,159362
175,덕평,2005-03,2종,20560
175,덕평,2005-03,3종,8838
175,덕평,2005-03,4종,4759
175,덕평,2005-03,5종,6056
175,덕평,2005-03,6종,6406
176,이천,2005-03,1종,511693
176,이천,2005-03,2종,59778
176,이천,2005-03,3종,24254
176,이천,2005-03,4종,20339
176,이천,2005-03,5종,26124
176,이천,2005-03,6종,18483
177,여주,2005-03,1종,352137
177,여주,2005-03,2종,33252
177,여주,2005-03,3종,18860
177,여주,2005-03,4종,11559
177,여주,2005-03,5종,13431
177,여주,2005-03,6종,10962
178,문막,2005-03,1종,209091
178,문막,2005-03,2종,29694
178,문막,2005-03,3종,11298
178,문막,2005-03,4종,7824
178,문막,2005-03,5종,12794
178,문막,2005-03,6종,6825
179,홍천,2005-03,1종,225878
179,홍천,2005-03,2종,14318
179,홍천,2005-03,3종,7841
179,홍천,2005-03,4종,4327
179,홍천,2005-03,5종,4733
179,홍천,2005-03,6종,11345
180,원주,2005-03,1종,222312
180,원주,2005-03,2종,23642
180,원주,2005-03,3종,30378
180,원주,2005-03,4종,8110
180,원주,2005-03,5종,10379
180,원주,2005-03,6종,8349
181,새말,2005-03,1종,128452
181,새말,2005-03,2종,13316
181,새말,2005-03,3종,7665
181,새말,2005-03,4종,2238
181,새말,2005-03,5종,3826
181,새말,2005-03,6종,3780
182,둔내,2005-03,1종,91800
182,둔내,2005-03,2종,5301
182,둔내,2005-03,3종,5326
182,둔내,2005-03,4종,1747
182,둔내,2005-03,5종,553
182,둔내,2005-03,6종,2893
183,면온,2005-03,1종,81356
183,면온,2005-03,2종,1708
183,면온,2005-03,3종,3601
183,면온,2005-03,4종,652
183,면온,2005-03,5종,370
183,면온,2005-03,6종,1859
184,대관령,2005-03,1종,143704
184,대관령,2005-03,2종,4601
184,대관령,2005-03,3종,11055
184,대관령,2005-03,4종,869
184,대관령,2005-03,5종,743
184,대관령,2005-03,6종,4722
185,평창,2005-03,1종,84241
185,평창,2005-03,2종,6133
185,평창,2005-03,3종,10633
185,평창,2005-03,4종,783
185,평창,2005-03,5종,2536
185,평창,2005-03,6종,3089
186,속사,2005-03,1종,26143
186,속사,2005-03,2종,2184
186,속사,2005-03,3종,898
186,속사,2005-03,4종,725
186,속사,2005-03,5종,399
186,속사,2005-03,6종,819
187,진부,2005-03,1종,89789
187,진부,2005-03,2종,5890
187,진부,2005-03,3종,10528
187,진부,2005-03,4종,751
187,진부,2005-03,5종,1060
187,진부,2005-03,6종,3688
189,강릉,2005-03,1종,364776
189,강릉,2005-03,2종,23328
189,강릉,2005-03,3종,37388
189,강릉,2005-03,4종,7635
189,강릉,2005-03,5종,8822
189,강릉,2005-03,6종,14755
190,동서울,2005-03,1종,2862160
190,동서울,2005-03,2종,262269
190,동서울,2005-03,3종,157615
190,동서울,2005-03,4종,48442
190,동서울,2005-03,5종,56812
190,동서울,2005-03,6종,89233
191,경기광주,2005-03,1종,641065
191,경기광주,2005-03,2종,53236
191,경기광주,2005-03,3종,19671
191,경기광주,2005-03,4종,6581
191,경기광주,2005-03,5종,5185
191,경기광주,2005-03,6종,29428
192,곤지암,2005-03,1종,647989
192,곤지암,2005-03,2종,86644
192,곤지암,2005-03,3종,14836
192,곤지암,2005-03,4종,15444
192,곤지암,2005-03,5종,17842
192,곤지암,2005-03,6종,21436
193,일죽,2005-03,1종,355875
193,일죽,2005-03,2종,57961
193,일죽,2005-03,3종,18669
193,일죽,2005-03,4종,14654
193,일죽,2005-03,5종,15276
193,일죽,2005-03,6종,10442
194,서이천,2005-03,1종,288094
194,서이천,2005-03,2종,34320
194,서이천,2005-03,3종,11243
194,서이천,2005-03,4종,7097
194,서이천,2005-03,5종,7638
194,서이천,2005-03,6종,10668
195,대소,2005-03,1종,270583
195,대소,2005-03,2종,51447
195,대소,2005-03,3종,11828
195,대소,2005-03,4종,12138
195,대소,2005-03,5종,12893
195,대소,2005-03,6종,8684
196,진천,2005-03,1종,196555
196,진천,2005-03,2종,30190
196,진천,2005-03,3종,7759
196,진천,2005-03,4종,7428
196,진천,2005-03,5종,13333
196,진천,2005-03,6종,6777
197,증평,2005-03,1종,259548
197,증평,2005-03,2종,37504
197,증평,2005-03,3종,9785
197,증평,2005-03,4종,8339
197,증평,2005-03,5종,20265
197,증평,2005-03,6종,8051
198,서청주,2005-03,1종,490316
198,서청주,2005-03,2종,49268
198,서청주,2005-03,3종,22702
198,서청주,2005-03,4종,18665
198,서청주,2005-03,5종,20659
198,서청주,2005-03,6종,18080
199,오창,2005-03,1종,245806
199,오창,2005-03,2종,24135
199,오창,2005-03,3종,12172
199,오창,2005-03,4종,13095
199,오창,2005-03,5종,8548
199,오창,2005-03,6종,8052
200,금산,2005-03,1종,169690
200,금산,2005-03,2종,8659
200,금산,2005-03,3종,3116
200,금산,2005-03,4종,2601
200,금산,2005-03,5종,11815
200,금산,2005-03,6종,5746
201,칠곡,2005-03,1종,476025
201,칠곡,2005-03,2종,27834
201,칠곡,2005-03,3종,11735
201,칠곡,2005-03,4종,4467
201,칠곡,2005-03,5종,7079
201,칠곡,2005-03,6종,25622
202,다부,2005-03,1종,82468
202,다부,2005-03,2종,9314
202,다부,2005-03,3종,2038
202,다부,2005-03,4종,2212
202,다부,2005-03,5종,4652
202,다부,2005-03,6종,2864
203,가산,2005-03,1종,340848
203,가산,2005-03,2종,26275
203,가산,2005-03,3종,6472
203,가산,2005-03,4종,5353
203,가산,2005-03,5종,11213
203,가산,2005-03,6종,13988
204,추부,2005-03,1종,247809
204,추부,2005-03,2종,19084
204,추부,2005-03,3종,4891
204,추부,2005-03,4종,4617
204,추부,2005-03,5종,6030
204,추부,2005-03,6종,11353
205,군위,2005-03,1종,98593
205,군위,2005-03,2종,11489
205,군위,2005-03,3종,1300
205,군위,2005-03,4종,1430
205,군위,2005-03,5종,4184
205,군위,2005-03,6종,3694
206,의성,2005-03,1종,126898
206,의성,2005-03,2종,10645
206,의성,2005-03,3종,2499
206,의성,2005-03,4종,2210
206,의성,2005-03,5종,4006
206,의성,2005-03,6종,4404
207,남안동,2005-03,1종,191838
207,남안동,2005-03,2종,12651
207,남안동,2005-03,3종,9899
207,남안동,2005-03,4종,1888
207,남안동,2005-03,5종,7880
207,남안동,2005-03,6종,6872
208,서안동,2005-03,1종,145635
208,서안동,2005-03,2종,10536
208,서안동,2005-03,3종,6397
208,서안동,2005-03,4종,1808
208,서안동,2005-03,5종,8552
208,서안동,2005-03,6종,5432
209,예천,2005-03,1종,27975
209,예천,2005-03,2종,1633
209,예천,2005-03,3종,562
209,예천,2005-03,4종,283
209,예천,2005-03,5종,3407
209,예천,2005-03,6종,1204
210,영주,2005-03,1종,109151
210,영주,2005-03,2종,9031
210,영주,2005-03,3종,4852
210,영주,2005-03,4종,1446
210,영주,2005-03,5종,7191
210,영주,2005-03,6종,4191
211,풍기,2005-03,1종,128208
211,풍기,2005-03,2종,10209
211,풍기,2005-03,3종,10357
211,풍기,2005-03,4종,1174
211,풍기,2005-03,5종,6401
211,풍기,2005-03,6종,4967
212,북수원,2005-03,1종,1305264
212,북수원,2005-03,2종,85455
212,북수원,2005-03,3종,44310
212,북수원,2005-03,4종,24196
212,북수원,2005-03,5종,22956
212,북수원,2005-03,6종,59852
213,부곡,2005-03,1종,250914
213,부곡,2005-03,2종,14463
213,부곡,2005-03,3종,3414
213,부곡,2005-03,4종,5878
213,부곡,2005-03,5종,67072
213,부곡,2005-03,6종,12596
214,동군포,2005-03,1종,132763
214,동군포,2005-03,2종,22274
214,동군포,2005-03,3종,5371
214,동군포,2005-03,4종,13424
214,동군포,2005-03,5종,8613
214,동군포,2005-03,6종,6060
215,군포,2005-03,1종,652261
215,군포,2005-03,2종,80408
215,군포,2005-03,3종,16791
215,군포,2005-03,4종,18020
215,군포,2005-03,5종,27603
215,군포,2005-03,6종,29145
216,횡성,2005-03,1종,101488
216,횡성,2005-03,2종,9382
216,횡성,2005-03,3종,3129
216,횡성,2005-03,4종,2013
216,횡성,2005-03,5종,2660
216,횡성,2005-03,6종,4178
217,북원주,2005-03,1종,53174
217,북원주,2005-03,2종,4685
217,북원주,2005-03,3종,641
217,북원주,2005-03,4종,1304
217,북원주,2005-03,5종,783
217,북원주,2005-03,6종,2576
218,남원주,2005-03,1종,452538
218,남원주,2005-03,2종,28016
218,남원주,2005-03,3종,14582
218,남원주,2005-03,4종,5288
218,남원주,2005-03,5종,7321
218,남원주,2005-03,6종,17934
219,신림,2005-03,1종,68067
219,신림,2005-03,2종,4719
219,신림,2005-03,3종,2410
219,신림,2005-03,4종,938
219,신림,2005-03,5종,10622
219,신림,2005-03,6종,2524
221,생초,2005-03,1종,35674
221,생초,2005-03,2종,8670
221,생초,2005-03,3종,2075
221,생초,2005-03,4종,3908
221,생초,2005-03,5종,7995
221,생초,2005-03,6종,1255
222,산청,2005-03,1종,37400
222,산청,2005-03,2종,2970
222,산청,2005-03,3종,1284
222,산청,2005-03,4종,701
222,산청,2005-03,5종,1093
222,산청,2005-03,6종,1459
223,단성,2005-03,1종,70797
223,단성,2005-03,2종,6250
223,단성,2005-03,3종,3691
223,단성,2005-03,4종,1242
223,단성,2005-03,5종,3126
223,단성,2005-03,6종,2528
224,함양,2005-03,1종,87984
224,함양,2005-03,2종,6910
224,함양,2005-03,3종,5091
224,함양,2005-03,4종,1176
224,함양,2005-03,5종,4872
224,함양,2005-03,6종,3984
225,서진주,2005-03,1종,268227
225,서진주,2005-03,2종,11378
225,서진주,2005-03,3종,3807
225,서진주,2005-03,4종,2050
225,서진주,2005-03,5종,4968
225,서진주,2005-03,6종,17109
227,군산,2005-03,1종,94350
227,군산,2005-03,2종,5442
227,군산,2005-03,3종,5455
227,군산,2005-03,4종,1017
227,군산,2005-03,5종,2923
227,군산,2005-03,6종,2637
228,동군산,2005-03,1종,286577
228,동군산,2005-03,2종,28164
228,동군산,2005-03,3종,9246
228,동군산,2005-03,4종,6655
228,동군산,2005-03,5종,24177
228,동군산,2005-03,6종,6701
231,화원옥포,2005-03,1종,1354250
231,화원옥포,2005-03,2종,190030
231,화원옥포,2005-03,3종,76504
231,화원옥포,2005-03,4종,50840
231,화원옥포,2005-03,5종,128367
231,화원옥포,2005-03,6종,55583
232,달성,2005-03,1종,211401
232,달성,2005-03,2종,27227
232,달성,2005-03,3종,11549
232,달성,2005-03,4종,5475
232,달성,2005-03,5종,4012
232,달성,2005-03,6종,15031
233,현풍,2005-03,1종,225900
233,현풍,2005-03,2종,34288
233,현풍,2005-03,3종,6110
233,현풍,2005-03,4종,8086
233,현풍,2005-03,5종,19418
233,현풍,2005-03,6종,9344
234,서천,2005-03,1종,109037
234,서천,2005-03,2종,14366
234,서천,2005-03,3종,2209
234,서천,2005-03,4종,5443
234,서천,2005-03,5종,11455
234,서천,2005-03,6종,3015
235,창녕,2005-03,1종,118654
235,창녕,2005-03,2종,9133
235,창녕,2005-03,3종,6505
235,창녕,2005-03,4종,1354
235,창녕,2005-03,5종,3576
235,창녕,2005-03,6종,5703
236,영산,2005-03,1종,137794
236,영산,2005-03,2종,13543
236,영산,2005-03,3종,7115
236,영산,2005-03,4종,1953
236,영산,2005-03,5종,3256
236,영산,2005-03,6종,6868
237,남지,2005-03,1종,142926
237,남지,2005-03,2종,16873
237,남지,2005-03,3종,9786
237,남지,2005-03,4종,7219
237,남지,2005-03,5종,20240
237,남지,2005-03,6종,9039
238,칠서,2005-03,1종,164376
238,칠서,2005-03,2종,26404
238,칠서,2005-03,3종,4269
238,칠서,2005-03,4종,17919
238,칠서,2005-03,5종,17486
238,칠서,2005-03,6종,10240
239,칠원,2005-03,1종,375751
239,칠원,2005-03,2종,40193
239,칠원,2005-03,3종,23615
239,칠원,2005-03,4종,24936
239,칠원,2005-03,5종,32355
239,칠원,2005-03,6종,21230
240,제천,2005-03,1종,289478
240,제천,2005-03,2종,20492
240,제천,2005-03,3종,14780
240,제천,2005-03,4종,3706
240,제천,2005-03,5종,15385
240,제천,2005-03,6종,10100
241,동고령,2005-03,1종,129977
241,동고령,2005-03,2종,14139
241,동고령,2005-03,3종,8371
241,동고령,2005-03,4종,3031
241,동고령,2005-03,5종,6121
241,동고령,2005-03,6종,5810
242,고령,2005-03,1종,133901
242,고령,2005-03,2종,12786
242,고령,2005-03,3종,3030
242,고령,2005-03,4종,1883
242,고령,2005-03,5종,4433
242,고령,2005-03,6종,5638
243,해인사,2005-03,1종,72082
243,해인사,2005-03,2종,4823
243,해인사,2005-03,3종,2244
243,해인사,2005-03,4종,540
243,해인사,2005-03,5종,636
243,해인사,2005-03,6종,3501
244,서부산,2005-03,1종,1842157
244,서부산,2005-03,2종,163110
244,서부산,2005-03,3종,78012
244,서부산,2005-03,4종,55958
244,서부산,2005-03,5종,183621
244,서부산,2005-03,6종,101964
245,장유,2005-03,1종,1285128
245,장유,2005-03,2종,88989
245,장유,2005-03,3종,32621
245,장유,2005-03,4종,17929
245,장유,2005-03,5종,55386
245,장유,2005-03,6종,90581
246,가락,2005-03,1종,374039
246,가락,2005-03,2종,41248
246,가락,2005-03,3종,5710
246,가락,2005-03,4종,15449
246,가락,2005-03,5종,30291
246,가락,2005-03,6종,22279
247,남원,2005-03,1종,154166
247,남원,2005-03,2종,12989
247,남원,2005-03,3종,10597
247,남원,2005-03,4종,3512
247,남원,2005-03,5종,5676
247,남원,2005-03,6종,4660
248,순창,2005-03,1종,62930
248,순창,2005-03,2종,4528
248,순창,2005-03,3종,1318
248,순창,2005-03,4종,1268
248,순창,2005-03,5종,1548
248,순창,2005-03,6종,2248
249,담양,2005-03,1종,77289
249,담양,2005-03,2종,5456
249,담양,2005-03,3종,10461
249,담양,2005-03,4종,1267
249,담양,2005-03,5종,2265
249,담양,2005-03,6종,2447
250,남양산,2005-03,1종,791898
250,남양산,2005-03,2종,85451
250,남양산,2005-03,3종,20688
250,남양산,2005-03,4종,26625
250,남양산,2005-03,5종,42463
250,남양산,2005-03,6종,50031
251,물금,2005-03,1종,174050
251,물금,2005-03,2종,36010
251,물금,2005-03,3종,6711
251,물금,2005-03,4종,22903
251,물금,2005-03,5종,121386
251,물금,2005-03,6종,8934
252,대동,2005-03,1종,1662466
252,대동,2005-03,2종,254557
252,대동,2005-03,3종,49904
252,대동,2005-03,4종,71422
252,대동,2005-03,5종,219513
252,대동,2005-03,6종,78574
253,서서울,2005-03,1종,3938907
253,서서울,2005-03,2종,342119
253,서서울,2005-03,3종,86512
253,서서울,2005-03,4종,79021
253,서서울,2005-03,5종,111588
253,서서울,2005-03,6종,150784
254,군자,2005-03,1종,2471350
254,군자,2005-03,2종,279714
254,군자,2005-03,3종,70017
254,군자,2005-03,4종,72156
254,군자,2005-03,5종,248921
254,군자,2005-03,6종,114269
255,서안산,2005-03,1종,1022217
255,서안산,2005-03,2종,127657
255,서안산,2005-03,3종,13152
255,서안산,2005-03,4종,27700
255,서안산,2005-03,5종,48930
255,서안산,2005-03,6종,49964
256,안산,2005-03,1종,1044197
256,안산,2005-03,2종,43076
256,안산,2005-03,3종,10367
256,안산,2005-03,4종,5301
256,안산,2005-03,5종,10117
256,안산,2005-03,6종,56465
257,홍성,2005-03,1종,248735
257,홍성,2005-03,2종,14708
257,홍성,2005-03,3종,8222
257,홍성,2005-03,4종,1749
257,홍성,2005-03,5종,5517
257,홍성,2005-03,6종,6076
258,광천,2005-03,1종,91100
258,광천,2005-03,2종,10790
258,광천,2005-03,3종,1560
258,광천,2005-03,4종,1580
258,광천,2005-03,5종,8105
258,광천,2005-03,6종,2187
259,대천,2005-03,1종,217731
259,대천,2005-03,2종,14370
259,대천,2005-03,3종,5390
259,대천,2005-03,4종,1803
259,대천,2005-03,5종,2780
259,대천,2005-03,6종,6227
260,춘장대,2005-03,1종,42936
260,춘장대,2005-03,2종,2836
260,춘장대,2005-03,3종,777
260,춘장대,2005-03,4종,338
260,춘장대,2005-03,5종,789
260,춘장대,2005-03,6종,1053
261,동광주,2005-03,1종,919469
261,동광주,2005-03,2종,64381
261,동광주,2005-03,3종,58527
261,동광주,2005-03,4종,24348
261,동광주,2005-03,5종,53639
261,동광주,2005-03,6종,27294
262,창평,2005-03,1종,57293
262,창평,2005-03,2종,4426
262,창평,2005-03,3종,775
262,창평,2005-03,4종,3684
262,창평,2005-03,5종,1845
262,창평,2005-03,6종,1606
263,옥과,2005-03,1종,157246
263,옥과,2005-03,2종,7386
263,옥과,2005-03,3종,11035
263,옥과,2005-03,4종,4312
263,옥과,2005-03,5종,4931
263,옥과,2005-03,6종,5545
264,동남원,2005-03,1종,36486
264,동남원,2005-03,2종,2928
264,동남원,2005-03,3종,1899
264,동남원,2005-03,4종,1592
264,동남원,2005-03,5종,3369
264,동남원,2005-03,6종,1075
265,곡성,2005-03,1종,134917
265,곡성,2005-03,2종,7883
265,곡성,2005-03,3종,3465
265,곡성,2005-03,4종,3540
265,곡성,2005-03,5종,6972
265,곡성,2005-03,6종,3957
266,석곡,2005-03,1종,43474
266,석곡,2005-03,2종,2603
266,석곡,2005-03,3종,2215
266,석곡,2005-03,4종,301
266,석곡,2005-03,5종,1137
266,석곡,2005-03,6종,1406
267,주암송광사,2005-03,1종,117752
267,주암송광사,2005-03,2종,9833
267,주암송광사,2005-03,3종,3229
267,주암송광사,2005-03,4종,3659
267,주암송광사,2005-03,5종,9848
267,주암송광사,2005-03,6종,3750
268,승주,2005-03,1종,47397
268,승주,2005-03,2종,2924
268,승주,2005-03,3종,2062
268,승주,2005-03,4종,458
268,승주,2005-03,5종,1042
268,승주,2005-03,6종,2043
269,지리산,2005-03,1종,48223
269,지리산,2005-03,2종,3406
269,지리산,2005-03,3종,1836
269,지리산,2005-03,4종,1431
269,지리산,2005-03,5종,607
269,지리산,2005-03,6종,1286
270,서순천,2005-03,1종,165516
270,서순천,2005-03,2종,10626
270,서순천,2005-03,3종,10370
270,서순천,2005-03,4종,2690
270,서순천,2005-03,5종,17602
270,서순천,2005-03,6종,5873
271,순천,2005-03,1종,468838
271,순천,2005-03,2종,30699
271,순천,2005-03,3종,15314
271,순천,2005-03,4종,9446
271,순천,2005-03,5종,30263
271,순천,2005-03,6종,17078
272,광양,2005-03,1종,190600
272,광양,2005-03,2종,27062
272,광양,2005-03,3종,14431
272,광양,2005-03,4종,15224
272,광양,2005-03,5종,63180
272,광양,2005-03,6종,5800
273,동광양,2005-03,1종,102601
273,동광양,2005-03,2종,3758
273,동광양,2005-03,3종,1576
273,동광양,2005-03,4종,1501
273,동광양,2005-03,5종,35233
273,동광양,2005-03,6종,6151
274,가조,2005-03,1종,57662
274,가조,2005-03,2종,4154
274,가조,2005-03,3종,2657
274,가조,2005-03,4종,1271
274,가조,2005-03,5종,749
274,가조,2005-03,6종,3985
275,옥곡,2005-03,1종,112746
275,옥곡,2005-03,2종,4698
275,옥곡,2005-03,3종,3487
275,옥곡,2005-03,4종,666
275,옥곡,2005-03,5종,5225
275,옥곡,2005-03,6종,5091
276,진월,2005-03,1종,85853
276,진월,2005-03,2종,4138
276,진월,2005-03,3종,1747
276,진월,2005-03,4종,2575
276,진월,2005-03,5종,48610
276,진월,2005-03,6종,3198
277,하동,2005-03,1종,197426
277,하동,2005-03,2종,9522
277,하동,2005-03,3종,8506
277,하동,2005-03,4종,2580
277,하동,2005-03,5종,34067
277,하동,2005-03,6종,8190
278,진교,2005-03,1종,157657
278,진교,2005-03,2종,9554
278,진교,2005-03,3종,13860
278,진교,2005-03,4종,1079
278,진교,2005-03,5종,3111
278,진교,2005-03,6종,10335
279,곤양,2005-03,1종,122309
279,곤양,2005-03,2종,8733
279,곤양,2005-03,3종,5755
279,곤양,2005-03,4종,1933
279,곤양,2005-03,5종,5129
279,곤양,2005-03,6종,7714
280,거창,2005-03,1종,163889
280,거창,2005-03,2종,13598
280,거창,2005-03,3종,11766
280,거창,2005-03,4종,2949
280,거창,2005-03,5종,5533
280,거창,2005-03,6종,8555
281,매송,2005-03,1종,495013
281,매송,2005-03,2종,57359
281,매송,2005-03,3종,15257
281,매송,2005-03,4종,15616
281,매송,2005-03,5종,27854
281,매송,2005-03,6종,18863
282,비봉,2005-03,1종,594922
282,비봉,2005-03,2종,69200
282,비봉,2005-03,3종,10957
282,비봉,2005-03,4종,14975
282,비봉,2005-03,5종,36790
282,비봉,2005-03,6종,20955
283,발안,2005-03,1종,419892
283,발안,2005-03,2종,52691
283,발안,2005-03,3종,5767
283,발안,2005-03,4종,10974
283,발안,2005-03,5종,27092
283,발안,2005-03,6종,12945
284,남양양,2005-03,1종,160727
284,남양양,2005-03,2종,7684
284,남양양,2005-03,3종,9988
284,남양양,2005-03,4종,2409
284,남양양,2005-03,5종,3753
284,남양양,2005-03,6종,3788
285,서평택,2005-03,1종,626847
285,서평택,2005-03,2종,68453
285,서평택,2005-03,3종,13508
285,서평택,2005-03,4종,29868
285,서평택,2005-03,5종,85398
285,서평택,2005-03,6종,19093
287,송악,2005-03,1종,354300
287,송악,2005-03,2종,33333
287,송악,2005-03,3종,9549
287,송악,2005-03,4종,12712
287,송악,2005-03,5종,54271
287,송악,2005-03,6종,8625
288,당진,2005-03,1종,265604
288,당진,2005-03,2종,25778
288,당진,2005-03,3종,11552
288,당진,2005-03,4종,7971
288,당진,2005-03,5종,28635
288,당진,2005-03,6종,7026
289,마산,2005-03,1종,863311
289,마산,2005-03,2종,66549
289,마산,2005-03,3종,38854
289,마산,2005-03,4종,17904
289,마산,2005-03,5종,29212
289,마산,2005-03,6종,52237
290,축동,2005-03,1종,28663
290,축동,2005-03,2종,2973
290,축동,2005-03,3종,234
290,축동,2005-03,4종,869
290,축동,2005-03,5종,2966
290,축동,2005-03,6종,2137
291,사천,2005-03,1종,600913
291,사천,2005-03,2종,50375
291,사천,2005-03,3종,27701
291,사천,2005-03,4종,9388
291,사천,2005-03,5종,31817
291,사천,2005-03,6종,33376
292,진주,2005-03,1종,536075
292,진주,2005-03,2종,39391
292,진주,2005-03,3종,35020
292,진주,2005-03,4종,8366
292,진주,2005-03,5종,28328
292,진주,2005-03,6종,33672
293,문산,2005-03,1종,181054
293,문산,2005-03,2종,20157
293,문산,2005-03,3종,2535
293,문산,2005-03,4종,4064
293,문산,2005-03,5종,10650
293,문산,2005-03,6종,10240
294,북창원,2005-03,1종,244466
294,북창원,2005-03,2종,16835
294,북창원,2005-03,3종,2003
294,북창원,2005-03,4종,5267
294,북창원,2005-03,5종,6421
294,북창원,2005-03,6종,11374
295,진성,2005-03,1종,116383
295,진성,2005-03,2종,13765
295,진성,2005-03,3종,3667
295,진성,2005-03,4종,3273
295,진성,2005-03,5종,10558
295,진성,2005-03,6종,6191
296,지수,2005-03,1종,40163
296,지수,2005-03,2종,5079
296,지수,2005-03,3종,721
296,지수,2005-03,4종,563
296,지수,2005-03,5종,1387
296,지수,2005-03,6종,2300
298,서산,2005-03,1종,298956
298,서산,2005-03,2종,22692
298,서산,2005-03,3종,11528
298,서산,2005-03,4종,7328
298,서산,2005-03,5종,12626
298,서산,2005-03,6종,7870
299,해미,2005-03,1종,152217
299,해미,2005-03,2종,11702
299,해미,2005-03,3종,7541
299,해미,2005-03,4종,3111
299,해미,2005-03,5종,10711
299,해미,2005-03,6종,4413
501,서김제,2005-03,1종,56567
501,서김제,2005-03,2종,7225
501,서김제,2005-03,3종,1544
501,서김제,2005-03,4종,1269
501,서김제,2005-03,5종,3263
501,서김제,2005-03,6종,1317
502,부안,2005-03,1종,80559
502,부안,2005-03,2종,9265
502,부안,2005-03,3종,2828
502,부안,2005-03,4종,2204
502,부안,2005-03,5종,7390
502,부안,2005-03,6종,1826
503,줄포,2005-03,1종,45973
503,줄포,2005-03,2종,3479
503,줄포,2005-03,3종,1814
503,줄포,2005-03,4종,358
503,줄포,2005-03,5종,707
503,줄포,2005-03,6종,875
504,선운산,2005-03,1종,65687
504,선운산,2005-03,2종,14292
504,선운산,2005-03,3종,7915
504,선운산,2005-03,4종,1974
504,선운산,2005-03,5종,5130
504,선운산,2005-03,6종,1205
505,고창,2005-03,1종,64021
505,고창,2005-03,2종,6635
505,고창,2005-03,3종,1727
505,고창,2005-03,4종,730
505,고창,2005-03,5종,1292
505,고창,2005-03,6종,1551
506,영광,2005-03,1종,54213
506,영광,2005-03,2종,6026
506,영광,2005-03,3종,3966
506,영광,2005-03,4종,828
506,영광,2005-03,5종,1094
506,영광,2005-03,6종,1219
507,함평,2005-03,1종,49047
507,함평,2005-03,2종,11138
507,함평,2005-03,3종,1801
507,함평,2005-03,4종,1346
507,함평,2005-03,5종,3562
507,함평,2005-03,6종,922
508,무안,2005-03,1종,268350
508,무안,2005-03,2종,24348
508,무안,2005-03,3종,11772
508,무안,2005-03,4종,3637
508,무안,2005-03,5종,15266
508,무안,2005-03,6종,6244
509,목포,2005-03,1종,397680
509,목포,2005-03,2종,47384
509,목포,2005-03,3종,22050
509,목포,2005-03,4종,5833
509,목포,2005-03,5종,26032
509,목포,2005-03,6종,8792
511,무창포,2005-03,1종,49033
511,무창포,2005-03,2종,5137
511,무창포,2005-03,3종,721
511,무창포,2005-03,4종,619
511,무창포,2005-03,5종,3131
511,무창포,2005-03,6종,1126
521,단양,2005-03,1종,50018
521,단양,2005-03,2종,3743
521,단양,2005-03,3종,3537
521,단양,2005-03,4종,631
521,단양,2005-03,5종,6779
521,단양,2005-03,6종,2156
522,북단양,2005-03,1종,53707
522,북단양,2005-03,2종,4512
522,북단양,2005-03,3종,3488
522,북단양,2005-03,4종,1245
522,북단양,2005-03,5종,18948
522,북단양,2005-03,6종,1843
523,남제천,2005-03,1종,35112
523,남제천,2005-03,2종,2250
523,남제천,2005-03,3종,1188
523,남제천,2005-03,4종,299
523,남제천,2005-03,5종,1048
523,남제천,2005-03,6종,981
524,청통와촌,2005-03,1종,139729
524,청통와촌,2005-03,2종,14795
524,청통와촌,2005-03,3종,2940
524,청통와촌,2005-03,4종,1990
524,청통와촌,2005-03,5종,3427
524,청통와촌,2005-03,6종,5329
525,북영천,2005-03,1종,104883
525,북영천,2005-03,2종,11759
525,북영천,2005-03,3종,1664
525,북영천,2005-03,4종,2877
525,북영천,2005-03,5종,20721
525,북영천,2005-03,6종,3329
526,서포항,2005-03,1종,57992
526,서포항,2005-03,2종,3927
526,서포항,2005-03,3종,1047
526,서포항,2005-03,4종,746
526,서포항,2005-03,5종,3241
526,서포항,2005-03,6종,2296
527,포항,2005-03,1종,434017
527,포항,2005-03,2종,17416
527,포항,2005-03,3종,12980
527,포항,2005-03,4종,4207
527,포항,2005-03,5종,27789
527,포항,2005-03,6종,15315
530,내장산,2005-03,1종,30176
530,내장산,2005-03,2종,2480
530,내장산,2005-03,3종,354
530,내장산,2005-03,4종,620
530,내장산,2005-03,5종,1116
530,내장산,2005-03,6종,965
540,청북,2005-03,1종,241847
540,청북,2005-03,2종,51560
540,청북,2005-03,3종,7670
540,청북,2005-03,4종,15118
540,청북,2005-03,5종,32504
540,청북,2005-03,6종,6459
541,송탄,2005-03,1종,309474
541,송탄,2005-03,2종,35922
541,송탄,2005-03,3종,6605
541,송탄,2005-03,4종,8188
541,송탄,2005-03,5종,15158
541,송탄,2005-03,6종,9748
542,서안성,2005-03,1종,142716
542,서안성,2005-03,2종,25847
542,서안성,2005-03,3종,4140
542,서안성,2005-03,4종,6756
542,서안성,2005-03,5종,11044
542,서안성,2005-03,6종,4513
560,감곡,2005-03,1종,187095
560,감곡,2005-03,2종,21589
560,감곡,2005-03,3종,11213
560,감곡,2005-03,4종,5150
560,감곡,2005-03,5종,33769
560,감곡,2005-03,6종,4818
561,북충주,2005-03,1종,50060
561,북충주,2005-03,2종,3798
561,북충주,2005-03,3종,740
561,북충주,2005-03,4종,535
561,북충주,2005-03,5종,1136
561,북충주,2005-03,6종,1632
562,충주,2005-03,1종,169973
562,충주,2005-03,2종,17086
562,충주,2005-03,3종,12596
562,충주,2005-03,4종,5642
562,충주,2005-03,5종,9544
562,충주,2005-03,6종,5615
563,괴산,2005-03,1종,36148
563,괴산,2005-03,2종,1717
563,괴산,2005-03,3종,1465
563,괴산,2005-03,4종,392
563,괴산,2005-03,5종,619
563,괴산,2005-03,6종,863
564,연풍,2005-03,1종,43571
564,연풍,2005-03,2종,15208
564,연풍,2005-03,3종,5079
564,연풍,2005-03,4종,5547
564,연풍,2005-03,5종,8315
564,연풍,2005-03,6종,1010
565,문경새재,2005-03,1종,75588
565,문경새재,2005-03,2종,11605
565,문경새재,2005-03,3종,4714
565,문경새재,2005-03,4종,3524
565,문경새재,2005-03,5종,5707
565,문경새재,2005-03,6종,2298
566,점촌함창,2005-03,1종,99506
566,점촌함창,2005-03,2종,7654
566,점촌함창,2005-03,3종,4786
566,점촌함창,2005-03,4종,2017
566,점촌함창,2005-03,5종,4811
566,점촌함창,2005-03,6종,3421
570,북상주,2005-03,1종,83866
570,북상주,2005-03,2종,9615
570,북상주,2005-03,3종,3828
570,북상주,2005-03,4종,1730
570,북상주,2005-03,5종,4767
570,북상주,2005-03,6종,3277
580,북강릉,2005-03,1종,75391
580,북강릉,2005-03,2종,4420
580,북강릉,2005-03,3종,1767
580,북강릉,2005-03,4종,942
580,북강릉,2005-03,5종,1963
580,북강릉,2005-03,6종,2213
581,옥계,2005-03,1종,63494
581,옥계,2005-03,2종,3923
581,옥계,2005-03,3종,2501
581,옥계,2005-03,4종,2597
581,옥계,2005-03,5종,6994
581,옥계,2005-03,6종,3449
582,망상,2005-03,1종,47916
582,망상,2005-03,2종,3088
582,망상,2005-03,3종,9319
582,망상,2005-03,4종,689
582,망상,2005-03,5종,634
582,망상,2005-03,6종,2148
583,동해,2005-03,1종,195239
583,동해,2005-03,2종,12109
583,동해,2005-03,3종,9107
583,동해,2005-03,4종,4477
583,동해,2005-03,5종,9747
583,동해,2005-03,6종,8022
601,남천안,2005-03,1종,225030
601,남천안,2005-03,2종,61067
601,남천안,2005-03,3종,14173
601,남천안,2005-03,4종,17686
601,남천안,2005-03,5종,24648
601,남천안,2005-03,6종,6088
602,풍세상,2005-03,1종,647253
602,풍세상,2005-03,2종,67844
602,풍세상,2005-03,3종,90819
602,풍세상,2005-03,4종,22824
602,풍세상,2005-03,5종,45438
602,풍세상,2005-03,6종,14815
603,정안,2005-03,1종,125168
603,정안,2005-03,2종,23597
603,정안,2005-03,3종,10717
603,정안,2005-03,4종,6746
603,정안,2005-03,5종,9749
603,정안,2005-03,6종,3155
604,남공주,2005-03,1종,32010
604,남공주,2005-03,2종,2307
604,남공주,2005-03,3종,519
604,남공주,2005-03,4종,712
604,남공주,2005-03,5종,1317
604,남공주,2005-03,6종,794
605,탄천,2005-03,1종,22560
605,탄천,2005-03,2종,2084
605,탄천,2005-03,3종,434
605,탄천,2005-03,4종,445
605,탄천,2005-03,5종,565
605,탄천,2005-03,6종,495
606,서논산,2005-03,1종,67407
606,서논산,2005-03,2종,11117
606,서논산,2005-03,3종,3851
606,서논산,2005-03,4종,3715
606,서논산,2005-03,5종,6077
606,서논산,2005-03,6종,1811
607,연무,2005-03,1종,45144
607,연무,2005-03,2종,3525
607,연무,2005-03,3종,1026
607,연무,2005-03,4종,822
607,연무,2005-03,5종,1472
607,연무,2005-03,6종,1191
608,남논산하,2005-03,1종,459231
608,남논산하,2005-03,2종,48454
608,남논산하,2005-03,3종,77764
608,남논산하,2005-03,4종,17325
608,남논산하,2005-03,5종,31184
608,남논산하,2005-03,6종,9603
11,인천,2005-04,1종,3223195
11,인천,2005-04,2종,170543
11,인천,2005-04,3종,45682
11,인천,2005-04,4종,52543
11,인천,2005-04,5종,127669
11,인천,2005-04,6종,192980
53,남인천,2005-04,1종,1732115
53,남인천,2005-04,2종,89125
53,남인천,2005-04,3종,28708
53,남인천,2005-04,4종,21863
53,남인천,2005-04,5종,95344
53,남인천,2005-04,6종,89073
56,일로,2005-04,1종,20154
56,일로,2005-04,2종,1170
56,일로,2005-04,3종,183
56,일로,2005-04,4종,120
56,일로,2005-04,5종,270
56,일로,2005-04,6종,1002
61,성남,2005-04,1종,3122948
61,성남,2005-04,2종,229514
61,성남,2005-04,3종,95858
61,성남,2005-04,4종,39653
61,성남,2005-04,5종,63690
61,성남,2005-04,6종,131454
62,구리남양주,2005-04,1종,3846206
62,구리남양주,2005-04,2종,290633
62,구리남양주,2005-04,3종,83913
62,구리남양주,2005-04,4종,65392
62,구리남양주,2005-04,5종,79331
62,구리남양주,2005-04,6종,166637
63,토평,2005-04,1종,479086
63,토평,2005-04,2종,24837
63,토평,2005-04,3종,3735
63,토평,2005-04,4종,5602
63,토평,2005-04,5종,13195
63,토평,2005-04,6종,21307
64,청계,2005-04,1종,4158843
64,청계,2005-04,2종,252015
64,청계,2005-04,3종,90589
64,청계,2005-04,4종,34032
64,청계,2005-04,5종,84902
64,청계,2005-04,6종,189513
65,판교,2005-04,1종,2417055
65,판교,2005-04,2종,62179
65,판교,2005-04,3종,102139
65,판교,2005-04,4종,17988
65,판교,2005-04,5종,13884
65,판교,2005-04,6종,83773
66,하남,2005-04,1종,569304
66,하남,2005-04,2종,34742
66,하남,2005-04,3종,17979
66,하남,2005-04,4종,9794
66,하남,2005-04,5종,13923
66,하남,2005-04,6종,21410
67,시흥,2005-04,1종,3501611
67,시흥,2005-04,2종,234398
67,시흥,2005-04,3종,93393
67,시흥,2005-04,4종,50293
67,시흥,2005-04,5종,63091
67,시흥,2005-04,6종,153235
68,김포,2005-04,1종,3597880
68,김포,2005-04,2종,255912
68,김포,2005-04,3종,52271
68,김포,2005-04,4종,43852
68,김포,2005-04,5종,99853
68,김포,2005-04,6종,164090
91,대동(개),2005-04,1종,166434
91,대동(개),2005-04,2종,18491
91,대동(개),2005-04,3종,1404
91,대동(개),2005-04,4종,41523
91,대동(개),2005-04,5종,17650
91,대동(개),2005-04,6종,9011
92,내서,2005-04,1종,138642
92,내서,2005-04,2종,5804
92,내서,2005-04,3종,1150
92,내서,2005-04,4종,1623
92,내서,2005-04,5종,3911
92,내서,2005-04,6종,18501
101,서울,2005-04,1종,4945348
101,서울,2005-04,2종,297508
101,서울,2005-04,3종,392167
101,서울,2005-04,4종,53930
101,서울,2005-04,5종,48893
101,서울,2005-04,6종,172972
102,동수원,2005-04,1종,2003109
102,동수원,2005-04,2종,74001
102,동수원,2005-04,3종,66835
102,동수원,2005-04,4종,15171
102,동수원,2005-04,5종,24860
102,동수원,2005-04,6종,89124
103,수원신갈,2005-04,1종,2061792
103,수원신갈,2005-04,2종,142789
103,수원신갈,2005-04,3종,95942
103,수원신갈,2005-04,4종,28752
103,수원신갈,2005-04,5종,31505
103,수원신갈,2005-04,6종,99501
104,지곡,2005-04,1종,28656
104,지곡,2005-04,2종,3155
104,지곡,2005-04,3종,1455
104,지곡,2005-04,4종,796
104,지곡,2005-04,5종,1489
104,지곡,2005-04,6종,1003
105,기흥,2005-04,1종,976267
105,기흥,2005-04,2종,88067
105,기흥,2005-04,3종,30819
105,기흥,2005-04,4종,16860
105,기흥,2005-04,5종,24181
105,기흥,2005-04,6종,36248
106,오산,2005-04,1종,1110508
106,오산,2005-04,2종,125122
106,오산,2005-04,3종,50807
106,오산,2005-04,4종,27113
106,오산,2005-04,5종,34819
106,오산,2005-04,6종,44406
107,안성,2005-04,1종,957089
107,안성,2005-04,2종,95914
107,안성,2005-04,3종,50623
107,안성,2005-04,4종,22304
107,안성,2005-04,5종,32537
107,안성,2005-04,6종,36222
108,천안,2005-04,1종,1164479
108,천안,2005-04,2종,86010
108,천안,2005-04,3종,72240
108,천안,2005-04,4종,25338
108,천안,2005-04,5종,31848
108,천안,2005-04,6종,39947
109,계룡,2005-04,1종,137823
109,계룡,2005-04,2종,14040
109,계룡,2005-04,3종,8168
109,계룡,2005-04,4종,8852
109,계룡,2005-04,5종,3754
109,계룡,2005-04,6종,6341
110,독립기념관,2005-04,1종,310182
110,독립기념관,2005-04,2종,46365
110,독립기념관,2005-04,3종,24204
110,독립기념관,2005-04,4종,18426
110,독립기념관,2005-04,5종,25603
110,독립기념관,2005-04,6종,8882
111,청주,2005-04,1종,491990
111,청주,2005-04,2종,41719
111,청주,2005-04,3종,40112
111,청주,2005-04,4종,11835
111,청주,2005-04,5종,18697
111,청주,2005-04,6종,16784
112,남청주,2005-04,1종,435198
112,남청주,2005-04,2종,56650
112,남청주,2005-04,3종,31601
112,남청주,2005-04,4종,31536
112,남청주,2005-04,5종,33508
112,남청주,2005-04,6종,14300
113,신탄진,2005-04,1종,478836
113,신탄진,2005-04,2종,69137
113,신탄진,2005-04,3종,18615
113,신탄진,2005-04,4종,33985
113,신탄진,2005-04,5종,43035
113,신탄진,2005-04,6종,17442
114,남대전,2005-04,1종,246646
114,남대전,2005-04,2종,14308
114,남대전,2005-04,3종,5164
114,남대전,2005-04,4종,3272
114,남대전,2005-04,5종,6077
114,남대전,2005-04,6종,10868
115,대전,2005-04,1종,1153391
115,대전,2005-04,2종,65652
115,대전,2005-04,3종,76493
115,대전,2005-04,4종,15499
115,대전,2005-04,5종,24097
115,대전,2005-04,6종,46954
116,옥천,2005-04,1종,348623
116,옥천,2005-04,2종,37827
116,옥천,2005-04,3종,10634
116,옥천,2005-04,4종,13436
116,옥천,2005-04,5종,12804
116,옥천,2005-04,6종,14950
117,금강,2005-04,1종,31597
117,금강,2005-04,2종,2157
117,금강,2005-04,3종,303
117,금강,2005-04,4종,1347
117,금강,2005-04,5종,999
117,금강,2005-04,6종,1502
118,영동,2005-04,1종,100486
118,영동,2005-04,2종,12215
118,영동,2005-04,3종,4086
118,영동,2005-04,4종,3749
118,영동,2005-04,5종,11373
118,영동,2005-04,6종,3124
119,판암,2005-04,1종,321418
119,판암,2005-04,2종,17878
119,판암,2005-04,3종,4985
119,판암,2005-04,4종,9145
119,판암,2005-04,5종,6930
119,판암,2005-04,6종,14857
120,황간,2005-04,1종,63626
120,황간,2005-04,2종,7025
120,황간,2005-04,3종,2185
120,황간,2005-04,4종,7508
120,황간,2005-04,5종,8523
120,황간,2005-04,6종,2205
121,추풍령,2005-04,1종,44545
121,추풍령,2005-04,2종,4744
121,추풍령,2005-04,3종,1794
121,추풍령,2005-04,4종,2464
121,추풍령,2005-04,5종,4389
121,추풍령,2005-04,6종,2387
122,김천,2005-04,1종,257863
122,김천,2005-04,2종,30036
122,김천,2005-04,3종,13632
122,김천,2005-04,4종,9139
122,김천,2005-04,5종,15482
122,김천,2005-04,6종,9209
123,구미,2005-04,1종,711376
123,구미,2005-04,2종,34272
123,구미,2005-04,3종,22320
123,구미,2005-04,4종,11929
123,구미,2005-04,5종,13045
123,구미,2005-04,6종,32953
124,상주,2005-04,1종,168740
124,상주,2005-04,2종,14940
124,상주,2005-04,3종,6929
124,상주,2005-04,4종,3301
124,상주,2005-04,5종,5137
124,상주,2005-04,6종,7346
125,남구미,2005-04,1종,548827
125,남구미,2005-04,2종,46455
125,남구미,2005-04,3종,29772
125,남구미,2005-04,4종,19807
125,남구미,2005-04,5종,54856
125,남구미,2005-04,6종,26242
126,왜관,2005-04,1종,529226
126,왜관,2005-04,2종,59980
126,왜관,2005-04,3종,17253
126,왜관,2005-04,4종,14793
126,왜관,2005-04,5종,34994
126,왜관,2005-04,6종,22973
127,서대구,2005-04,1종,2184377
127,서대구,2005-04,2종,264355
127,서대구,2005-04,3종,111471
127,서대구,2005-04,4종,72497
127,서대구,2005-04,5종,146463
127,서대구,2005-04,6종,92674
129,북대구,2005-04,1종,1513545
129,북대구,2005-04,2종,90923
129,북대구,2005-04,3종,34255
129,북대구,2005-04,4종,17456
129,북대구,2005-04,5종,28834
129,북대구,2005-04,6종,62597
130,동김천,2005-04,1종,1201325
130,동김천,2005-04,2종,72117
130,동김천,2005-04,3종,47292
130,동김천,2005-04,4종,25330
130,동김천,2005-04,5종,37393
130,동김천,2005-04,6종,54592
131,경산,2005-04,1종,708370
131,경산,2005-04,2종,92681
131,경산,2005-04,3종,20144
131,경산,2005-04,4종,21102
131,경산,2005-04,5종,31338
131,경산,2005-04,6종,35860
132,영천,2005-04,1종,247512
132,영천,2005-04,2종,35199
132,영천,2005-04,3종,20965
132,영천,2005-04,4종,8426
132,영천,2005-04,5종,26473
132,영천,2005-04,6종,8152
133,서경주,2005-04,1종,105737
133,서경주,2005-04,2종,11653
133,서경주,2005-04,3종,4934
133,서경주,2005-04,4종,4067
133,서경주,2005-04,5종,14199
133,서경주,2005-04,6종,3277
134,선산,2005-04,1종,98831
134,선산,2005-04,2종,10089
134,선산,2005-04,3종,2256
134,선산,2005-04,4종,2227
134,선산,2005-04,5종,2913
134,선산,2005-04,6종,3845
135,경주,2005-04,1종,831767
135,경주,2005-04,2종,74247
135,경주,2005-04,3종,75502
135,경주,2005-04,4종,24878
135,경주,2005-04,5종,87463
135,경주,2005-04,6종,29223
137,통도사,2005-04,1종,325284
137,통도사,2005-04,2종,47805
137,통도사,2005-04,3종,22476
137,통도사,2005-04,4종,15144
137,통도사,2005-04,5종,23942
137,통도사,2005-04,6종,14217
138,양산,2005-04,1종,680842
138,양산,2005-04,2종,100694
138,양산,2005-04,3종,28948
138,양산,2005-04,4종,46765
138,양산,2005-04,5종,50917
138,양산,2005-04,6종,39786
139,서울산,2005-04,1종,360534
139,서울산,2005-04,2종,34253
139,서울산,2005-04,3종,22940
139,서울산,2005-04,4종,10995
139,서울산,2005-04,5종,18453
139,서울산,2005-04,6종,16644
140,부산,2005-04,1종,1401872
140,부산,2005-04,2종,103435
140,부산,2005-04,3종,79205
140,부산,2005-04,4종,47350
140,부산,2005-04,5종,87756
140,부산,2005-04,6종,69693
141,,2005-04,1종,869176
141,,2005-04,2종,93300
141,,2005-04,3종,55665
141,,2005-04,4종,46046
141,,2005-04,5종,128898
141,,2005-04,6종,36147
142,군북,2005-04,1종,251396
142,군북,2005-04,2종,18443
142,군북,2005-04,3종,9312
142,군북,2005-04,4종,8983
142,군북,2005-04,5종,19992
142,군북,2005-04,6종,13517
143,장지,2005-04,1종,70818
143,장지,2005-04,2종,6702
143,장지,2005-04,3종,1249
143,장지,2005-04,4종,1925
143,장지,2005-04,5종,13154
143,장지,2005-04,6종,4047
144,함안,2005-04,1종,345727
144,함안,2005-04,2종,25508
144,함안,2005-04,3종,10025
144,함안,2005-04,4종,6394
144,함안,2005-04,5종,18942
144,함안,2005-04,6종,22844
145,산인,2005-04,1종,688942
145,산인,2005-04,2종,39571
145,산인,2005-04,3종,44724
145,산인,2005-04,4종,18291
145,산인,2005-04,5종,28954
145,산인,2005-04,6종,41566
146,동창원,2005-04,1종,600321
146,동창원,2005-04,2종,54941
146,동창원,2005-04,3종,12508
146,동창원,2005-04,4종,11793
146,동창원,2005-04,5종,43487
146,동창원,2005-04,6종,35233
147,진례,2005-04,1종,499582
147,진례,2005-04,2종,81820
147,진례,2005-04,3종,9022
147,진례,2005-04,4종,17552
147,진례,2005-04,5종,24570
147,진례,2005-04,6종,27483
148,서김해,2005-04,1종,659454
148,서김해,2005-04,2종,56145
148,서김해,2005-04,3종,13391
148,서김해,2005-04,4종,12675
148,서김해,2005-04,5종,31257
148,서김해,2005-04,6종,42426
149,동김해,2005-04,1종,1092935
149,동김해,2005-04,2종,69451
149,동김해,2005-04,3종,19691
149,동김해,2005-04,4종,16931
149,동김해,2005-04,5종,30667
149,동김해,2005-04,6종,83335
150,북부산,2005-04,1종,2438578
150,북부산,2005-04,2종,177172
150,북부산,2005-04,3종,71230
150,북부산,2005-04,4종,50777
150,북부산,2005-04,5종,150792
150,북부산,2005-04,6종,148740
151,북대전,2005-04,1종,512561
151,북대전,2005-04,2종,22261
151,북대전,2005-04,3종,20981
151,북대전,2005-04,4종,12075
151,북대전,2005-04,5종,14818
151,북대전,2005-04,6종,20736
152,유성,2005-04,1종,857725
152,유성,2005-04,2종,53468
152,유성,2005-04,3종,34969
152,유성,2005-04,4종,12213
152,유성,2005-04,5종,21146
152,유성,2005-04,6종,33537
153,서대전,2005-04,1종,539544
153,서대전,2005-04,2종,35224
153,서대전,2005-04,3종,11934
153,서대전,2005-04,4종,9740
153,서대전,2005-04,5종,13087
153,서대전,2005-04,6종,24694
154,안영,2005-04,1종,363131
154,안영,2005-04,2종,19798
154,안영,2005-04,3종,11179
154,안영,2005-04,4종,7316
154,안영,2005-04,5종,15422
154,안영,2005-04,6종,15095
155,논산,2005-04,1종,208783
155,논산,2005-04,2종,34557
155,논산,2005-04,3종,10683
155,논산,2005-04,4종,12138
155,논산,2005-04,5종,12273
155,논산,2005-04,6종,6845
156,익산,2005-04,1종,274060
156,익산,2005-04,2종,39121
156,익산,2005-04,3종,25248
156,익산,2005-04,4종,14338
156,익산,2005-04,5종,32279
156,익산,2005-04,6종,7325
157,삼례,2005-04,1종,78363
157,삼례,2005-04,2종,10121
157,삼례,2005-04,3종,2108
157,삼례,2005-04,4종,3636
157,삼례,2005-04,5종,4421
157,삼례,2005-04,6종,2017
158,전주,2005-04,1종,559140
158,전주,2005-04,2종,44473
158,전주,2005-04,3종,46334
158,전주,2005-04,4종,13901
158,전주,2005-04,5종,31306
158,전주,2005-04,6종,14942
159,서전주,2005-04,1종,169693
159,서전주,2005-04,2종,10973
159,서전주,2005-04,3종,4705
159,서전주,2005-04,4종,2198
159,서전주,2005-04,5종,3750
159,서전주,2005-04,6종,4632
160,김제,2005-04,1종,106433
160,김제,2005-04,2종,8826
160,김제,2005-04,3종,8004
160,김제,2005-04,4종,2726
160,김제,2005-04,5종,2233
160,김제,2005-04,6종,2841
161,금산사,2005-04,1종,54950
161,금산사,2005-04,2종,9890
161,금산사,2005-04,3종,2699
161,금산사,2005-04,4종,2414
161,금산사,2005-04,5종,5322
161,금산사,2005-04,6종,1115
162,태인,2005-04,1종,90948
162,태인,2005-04,2종,14309
162,태인,2005-04,3종,6646
162,태인,2005-04,4종,3500
162,태인,2005-04,5종,9012
162,태인,2005-04,6종,2091
163,정읍,2005-04,1종,369159
163,정읍,2005-04,2종,39695
163,정읍,2005-04,3종,29890
163,정읍,2005-04,4종,7970
163,정읍,2005-04,5종,11589
163,정읍,2005-04,6종,10223
164,무주,2005-04,1종,106016
164,무주,2005-04,2종,4828
164,무주,2005-04,3종,5618
164,무주,2005-04,4종,1018
164,무주,2005-04,5종,2316
164,무주,2005-04,6종,3033
165,백양사,2005-04,1종,109137
165,백양사,2005-04,2종,8211
165,백양사,2005-04,3종,6455
165,백양사,2005-04,4종,2063
165,백양사,2005-04,5종,2205
165,백양사,2005-04,6종,3173
166,장성,2005-04,1종,183613
166,장성,2005-04,2종,14914
166,장성,2005-04,3종,11903
166,장성,2005-04,4종,3730
166,장성,2005-04,5종,7947
166,장성,2005-04,6종,7344
167,광주,2005-04,1종,949335
167,광주,2005-04,2종,95746
167,광주,2005-04,3종,85914
167,광주,2005-04,4종,31654
167,광주,2005-04,5종,34001
167,광주,2005-04,6종,25253
168,덕유산,2005-04,1종,29825
168,덕유산,2005-04,2종,2010
168,덕유산,2005-04,3종,709
168,덕유산,2005-04,4종,234
168,덕유산,2005-04,5종,771
168,덕유산,2005-04,6종,818
169,장수,2005-04,1종,101797
169,장수,2005-04,2종,19008
169,장수,2005-04,3종,12738
169,장수,2005-04,4종,6135
169,장수,2005-04,5종,19863
169,장수,2005-04,6종,2486
170,서상,2005-04,1종,33072
170,서상,2005-04,2종,3858
170,서상,2005-04,3종,2855
170,서상,2005-04,4종,905
170,서상,2005-04,5종,1165
170,서상,2005-04,6종,1032
171,마성,2005-04,1종,397735
171,마성,2005-04,2종,10041
171,마성,2005-04,3종,29048
171,마성,2005-04,4종,1082
171,마성,2005-04,5종,692
171,마성,2005-04,6종,16708
172,용인,2005-04,1종,777203
172,용인,2005-04,2종,85890
172,용인,2005-04,3종,22617
172,용인,2005-04,4종,14626
172,용인,2005-04,5종,14727
172,용인,2005-04,6종,36582
173,양지,2005-04,1종,612582
173,양지,2005-04,2종,100080
173,양지,2005-04,3종,25107
173,양지,2005-04,4종,23618
173,양지,2005-04,5종,33535
173,양지,2005-04,6종,22091
174,춘천,2005-04,1종,389353
174,춘천,2005-04,2종,24393
174,춘천,2005-04,3종,16679
174,춘천,2005-04,4종,5239
174,춘천,2005-04,5종,7609
174,춘천,2005-04,6종,19243
175,덕평,2005-04,1종,150612
175,덕평,2005-04,2종,21150
175,덕평,2005-04,3종,9232
175,덕평,2005-04,4종,4921
175,덕평,2005-04,5종,6579
175,덕평,2005-04,6종,5719
176,이천,2005-04,1종,532352
176,이천,2005-04,2종,58883
176,이천,2005-04,3종,25782
176,이천,2005-04,4종,19608
176,이천,2005-04,5종,25949
176,이천,2005-04,6종,18724
177,여주,2005-04,1종,389787
177,여주,2005-04,2종,35081
177,여주,2005-04,3종,24201
177,여주,2005-04,4종,10994
177,여주,2005-04,5종,14466
177,여주,2005-04,6종,11419
178,문막,2005-04,1종,230278
178,문막,2005-04,2종,29663
178,문막,2005-04,3종,12521
178,문막,2005-04,4종,7677
178,문막,2005-04,5종,13372
178,문막,2005-04,6종,7316
179,홍천,2005-04,1종,239166
179,홍천,2005-04,2종,16369
179,홍천,2005-04,3종,9815
179,홍천,2005-04,4종,4607
179,홍천,2005-04,5종,5470
179,홍천,2005-04,6종,11745
180,원주,2005-04,1종,227311
180,원주,2005-04,2종,24037
180,원주,2005-04,3종,29637
180,원주,2005-04,4종,7365
180,원주,2005-04,5종,9818
180,원주,2005-04,6종,8735
181,새말,2005-04,1종,143462
181,새말,2005-04,2종,14863
181,새말,2005-04,3종,9464
181,새말,2005-04,4종,3315
181,새말,2005-04,5종,5843
181,새말,2005-04,6종,4424
182,둔내,2005-04,1종,67030
182,둔내,2005-04,2종,6032
182,둔내,2005-04,3종,4948
182,둔내,2005-04,4종,1834
182,둔내,2005-04,5종,987
182,둔내,2005-04,6종,2234
183,면온,2005-04,1종,49432
183,면온,2005-04,2종,2266
183,면온,2005-04,3종,2643
183,면온,2005-04,4종,1248
183,면온,2005-04,5종,1243
183,면온,2005-04,6종,1308
184,대관령,2005-04,1종,91641
184,대관령,2005-04,2종,6147
184,대관령,2005-04,3종,10433
184,대관령,2005-04,4종,1258
184,대관령,2005-04,5종,1860
184,대관령,2005-04,6종,3737
185,평창,2005-04,1종,95080
185,평창,2005-04,2종,7685
185,평창,2005-04,3종,11069
185,평창,2005-04,4종,1369
185,평창,2005-04,5종,3169
185,평창,2005-04,6종,3339
186,속사,2005-04,1종,28882
186,속사,2005-04,2종,2650
186,속사,2005-04,3종,1180
186,속사,2005-04,4종,855
186,속사,2005-04,5종,1282
186,속사,2005-04,6종,967
187,진부,2005-04,1종,94114
187,진부,2005-04,2종,6892
187,진부,2005-04,3종,12772
187,진부,2005-04,4종,1287
187,진부,2005-04,5종,2465
187,진부,2005-04,6종,3756
189,강릉,2005-04,1종,395479
189,강릉,2005-04,2종,24025
189,강릉,2005-04,3종,42353
189,강릉,2005-04,4종,7608
189,강릉,2005-04,5종,10346
189,강릉,2005-04,6종,16137
190,동서울,2005-04,1종,3112993
190,동서울,2005-04,2종,264276
190,동서울,2005-04,3종,172132
190,동서울,2005-04,4종,48156
190,동서울,2005-04,5종,60671
190,동서울,2005-04,6종,93267
191,경기광주,2005-04,1종,676337
191,경기광주,2005-04,2종,54014
191,경기광주,2005-04,3종,21259
191,경기광주,2005-04,4종,7218
191,경기광주,2005-04,5종,5742
191,경기광주,2005-04,6종,30091
192,곤지암,2005-04,1종,708613
192,곤지암,2005-04,2종,86307
192,곤지암,2005-04,3종,15967
192,곤지암,2005-04,4종,15271
192,곤지암,2005-04,5종,19270
192,곤지암,2005-04,6종,23157
193,일죽,2005-04,1종,401851
193,일죽,2005-04,2종,57891
193,일죽,2005-04,3종,20532
193,일죽,2005-04,4종,14014
193,일죽,2005-04,5종,14436
193,일죽,2005-04,6종,11431
194,서이천,2005-04,1종,306451
194,서이천,2005-04,2종,34753
194,서이천,2005-04,3종,13122
194,서이천,2005-04,4종,7277
194,서이천,2005-04,5종,8530
194,서이천,2005-04,6종,11144
195,대소,2005-04,1종,291826
195,대소,2005-04,2종,50089
195,대소,2005-04,3종,12844
195,대소,2005-04,4종,11381
195,대소,2005-04,5종,13163
195,대소,2005-04,6종,9014
196,진천,2005-04,1종,213591
196,진천,2005-04,2종,30780
196,진천,2005-04,3종,9047
196,진천,2005-04,4종,7703
196,진천,2005-04,5종,12784
196,진천,2005-04,6종,7068
197,증평,2005-04,1종,282673
197,증평,2005-04,2종,37499
197,증평,2005-04,3종,12198
197,증평,2005-04,4종,8401
197,증평,2005-04,5종,19376
197,증평,2005-04,6종,8546
198,서청주,2005-04,1종,509739
198,서청주,2005-04,2종,48714
198,서청주,2005-04,3종,24645
198,서청주,2005-04,4종,17692
198,서청주,2005-04,5종,19153
198,서청주,2005-04,6종,18437
199,오창,2005-04,1종,274752
199,오창,2005-04,2종,24372
199,오창,2005-04,3종,12819
199,오창,2005-04,4종,12099
199,오창,2005-04,5종,8879
199,오창,2005-04,6종,8250
200,금산,2005-04,1종,184593
200,금산,2005-04,2종,9009
200,금산,2005-04,3종,4249
200,금산,2005-04,4종,2592
200,금산,2005-04,5종,14219
200,금산,2005-04,6종,6384
201,칠곡,2005-04,1종,502178
201,칠곡,2005-04,2종,27527
201,칠곡,2005-04,3종,12936
201,칠곡,2005-04,4종,4606
201,칠곡,2005-04,5종,7121
201,칠곡,2005-04,6종,26116
202,다부,2005-04,1종,87066
202,다부,2005-04,2종,8934
202,다부,2005-04,3종,2503
202,다부,2005-04,4종,2354
202,다부,2005-04,5종,6732
202,다부,2005-04,6종,3169
203,가산,2005-04,1종,366794
203,가산,2005-04,2종,26226
203,가산,2005-04,3종,6847
203,가산,2005-04,4종,5506
203,가산,2005-04,5종,12040
203,가산,2005-04,6종,15005
204,추부,2005-04,1종,259361
204,추부,2005-04,2종,19652
204,추부,2005-04,3종,6527
204,추부,2005-04,4종,4368
204,추부,2005-04,5종,7265
204,추부,2005-04,6종,11604
205,군위,2005-04,1종,110745
205,군위,2005-04,2종,11060
205,군위,2005-04,3종,1517
205,군위,2005-04,4종,1373
205,군위,2005-04,5종,4743
205,군위,2005-04,6종,4105
206,의성,2005-04,1종,146649
206,의성,2005-04,2종,10135
206,의성,2005-04,3종,2919
206,의성,2005-04,4종,2140
206,의성,2005-04,5종,4383
206,의성,2005-04,6종,5190
207,남안동,2005-04,1종,209903
207,남안동,2005-04,2종,13247
207,남안동,2005-04,3종,11146
207,남안동,2005-04,4종,2142
207,남안동,2005-04,5종,7367
207,남안동,2005-04,6종,7863
208,서안동,2005-04,1종,168231
208,서안동,2005-04,2종,11045
208,서안동,2005-04,3종,8702
208,서안동,2005-04,4종,2069
208,서안동,2005-04,5종,7548
208,서안동,2005-04,6종,5839
209,예천,2005-04,1종,32339
209,예천,2005-04,2종,1743
209,예천,2005-04,3종,711
209,예천,2005-04,4종,305
209,예천,2005-04,5종,3457
209,예천,2005-04,6종,1316
210,영주,2005-04,1종,120268
210,영주,2005-04,2종,9194
210,영주,2005-04,3종,5629
210,영주,2005-04,4종,1385
210,영주,2005-04,5종,7224
210,영주,2005-04,6종,4756
211,풍기,2005-04,1종,145723
211,풍기,2005-04,2종,10155
211,풍기,2005-04,3종,13432
211,풍기,2005-04,4종,1178
211,풍기,2005-04,5종,6914
211,풍기,2005-04,6종,5412
212,북수원,2005-04,1종,1333009
212,북수원,2005-04,2종,84678
212,북수원,2005-04,3종,46835
212,북수원,2005-04,4종,24037
212,북수원,2005-04,5종,25570
212,북수원,2005-04,6종,60060
213,부곡,2005-04,1종,256925
213,부곡,2005-04,2종,14491
213,부곡,2005-04,3종,4144
213,부곡,2005-04,4종,5559
213,부곡,2005-04,5종,63338
213,부곡,2005-04,6종,12859
214,동군포,2005-04,1종,134866
214,동군포,2005-04,2종,21153
214,동군포,2005-04,3종,5881
214,동군포,2005-04,4종,12739
214,동군포,2005-04,5종,8312
214,동군포,2005-04,6종,6016
215,군포,2005-04,1종,680509
215,군포,2005-04,2종,81591
215,군포,2005-04,3종,19312
215,군포,2005-04,4종,18394
215,군포,2005-04,5종,27889
215,군포,2005-04,6종,29757
216,횡성,2005-04,1종,108863
216,횡성,2005-04,2종,10155
216,횡성,2005-04,3종,3448
216,횡성,2005-04,4종,1931
216,횡성,2005-04,5종,3455
216,횡성,2005-04,6종,4326
217,북원주,2005-04,1종,54588
217,북원주,2005-04,2종,4792
217,북원주,2005-04,3종,772
217,북원주,2005-04,4종,1465
217,북원주,2005-04,5종,1287
217,북원주,2005-04,6종,2817
218,남원주,2005-04,1종,471143
218,남원주,2005-04,2종,29601
218,남원주,2005-04,3종,15400
218,남원주,2005-04,4종,4971
218,남원주,2005-04,5종,8845
218,남원주,2005-04,6종,18762
219,신림,2005-04,1종,85568
219,신림,2005-04,2종,5206
219,신림,2005-04,3종,3013
219,신림,2005-04,4종,1053
219,신림,2005-04,5종,13645
219,신림,2005-04,6종,2854
221,생초,2005-04,1종,41444
221,생초,2005-04,2종,8582
221,생초,2005-04,3종,2704
221,생초,2005-04,4종,3686
221,생초,2005-04,5종,7733
221,생초,2005-04,6종,1403
222,산청,2005-04,1종,41938
222,산청,2005-04,2종,3085
222,산청,2005-04,3종,1640
222,산청,2005-04,4종,639
222,산청,2005-04,5종,1427
222,산청,2005-04,6종,1527
223,단성,2005-04,1종,80343
223,단성,2005-04,2종,5592
223,단성,2005-04,3종,5948
223,단성,2005-04,4종,1248
223,단성,2005-04,5종,3527
223,단성,2005-04,6종,2822
224,함양,2005-04,1종,96697
224,함양,2005-04,2종,7236
224,함양,2005-04,3종,5556
224,함양,2005-04,4종,1298
224,함양,2005-04,5종,4428
224,함양,2005-04,6종,4370
225,서진주,2005-04,1종,283641
225,서진주,2005-04,2종,11547
225,서진주,2005-04,3종,6390
225,서진주,2005-04,4종,2066
225,서진주,2005-04,5종,5136
225,서진주,2005-04,6종,17081
227,군산,2005-04,1종,106537
227,군산,2005-04,2종,5657
227,군산,2005-04,3종,7129
227,군산,2005-04,4종,1023
227,군산,2005-04,5종,3810
227,군산,2005-04,6종,2947
228,동군산,2005-04,1종,322301
228,동군산,2005-04,2종,29193
228,동군산,2005-04,3종,14673
228,동군산,2005-04,4종,6414
228,동군산,2005-04,5종,24515
228,동군산,2005-04,6종,7729
231,화원옥포,2005-04,1종,1457374
231,화원옥포,2005-04,2종,186000
231,화원옥포,2005-04,3종,90830
231,화원옥포,2005-04,4종,48392
231,화원옥포,2005-04,5종,127277
231,화원옥포,2005-04,6종,58859
232,달성,2005-04,1종,219581
232,달성,2005-04,2종,27873
232,달성,2005-04,3종,12100
232,달성,2005-04,4종,5754
232,달성,2005-04,5종,4470
232,달성,2005-04,6종,14950
233,현풍,2005-04,1종,264840
233,현풍,2005-04,2종,35151
233,현풍,2005-04,3종,9144
233,현풍,2005-04,4종,7939
233,현풍,2005-04,5종,19951
233,현풍,2005-04,6종,10813
234,서천,2005-04,1종,123368
234,서천,2005-04,2종,12568
234,서천,2005-04,3종,3032
234,서천,2005-04,4종,5079
234,서천,2005-04,5종,11818
234,서천,2005-04,6종,3353
235,창녕,2005-04,1종,149078
235,창녕,2005-04,2종,10077
235,창녕,2005-04,3종,8630
235,창녕,2005-04,4종,1373
235,창녕,2005-04,5종,4436
235,창녕,2005-04,6종,6574
236,영산,2005-04,1종,159670
236,영산,2005-04,2종,15097
236,영산,2005-04,3종,10311
236,영산,2005-04,4종,2020
236,영산,2005-04,5종,3229
236,영산,2005-04,6종,7331
237,남지,2005-04,1종,153777
237,남지,2005-04,2종,17831
237,남지,2005-04,3종,10159
237,남지,2005-04,4종,5865
237,남지,2005-04,5종,17278
237,남지,2005-04,6종,9112
238,칠서,2005-04,1종,167482
238,칠서,2005-04,2종,24143
238,칠서,2005-04,3종,4714
238,칠서,2005-04,4종,17683
238,칠서,2005-04,5종,17030
238,칠서,2005-04,6종,9887
239,칠원,2005-04,1종,437723
239,칠원,2005-04,2종,39729
239,칠원,2005-04,3종,28307
239,칠원,2005-04,4종,24788
239,칠원,2005-04,5종,32560
239,칠원,2005-04,6종,23343
240,제천,2005-04,1종,315397
240,제천,2005-04,2종,20703
240,제천,2005-04,3종,16509
240,제천,2005-04,4종,3839
240,제천,2005-04,5종,18554
240,제천,2005-04,6종,10784
241,동고령,2005-04,1종,143787
241,동고령,2005-04,2종,14118
241,동고령,2005-04,3종,9193
241,동고령,2005-04,4종,3475
241,동고령,2005-04,5종,6384
241,동고령,2005-04,6종,6094
242,고령,2005-04,1종,149470
242,고령,2005-04,2종,13517
242,고령,2005-04,3종,4010
242,고령,2005-04,4종,1986
242,고령,2005-04,5종,4287
242,고령,2005-04,6종,6365
243,해인사,2005-04,1종,82096
243,해인사,2005-04,2종,5047
243,해인사,2005-04,3종,4232
243,해인사,2005-04,4종,1060
243,해인사,2005-04,5종,612
243,해인사,2005-04,6종,4057
244,서부산,2005-04,1종,1912508
244,서부산,2005-04,2종,159772
244,서부산,2005-04,3종,84248
244,서부산,2005-04,4종,55113
244,서부산,2005-04,5종,178556
244,서부산,2005-04,6종,104523
245,장유,2005-04,1종,1307960
245,장유,2005-04,2종,84701
245,장유,2005-04,3종,35069
245,장유,2005-04,4종,17893
245,장유,2005-04,5종,56640
245,장유,2005-04,6종,90809
246,가락,2005-04,1종,392280
246,가락,2005-04,2종,41913
246,가락,2005-04,3종,6756
246,가락,2005-04,4종,17196
246,가락,2005-04,5종,32741
246,가락,2005-04,6종,23255
247,남원,2005-04,1종,159550
247,남원,2005-04,2종,13260
247,남원,2005-04,3종,13448
247,남원,2005-04,4종,3236
247,남원,2005-04,5종,5635
247,남원,2005-04,6종,4965
248,순창,2005-04,1종,67916
248,순창,2005-04,2종,4587
248,순창,2005-04,3종,2035
248,순창,2005-04,4종,1703
248,순창,2005-04,5종,1384
248,순창,2005-04,6종,2430
249,담양,2005-04,1종,87740
249,담양,2005-04,2종,5666
249,담양,2005-04,3종,11334
249,담양,2005-04,4종,1292
249,담양,2005-04,5종,2974
249,담양,2005-04,6종,2651
250,남양산,2005-04,1종,792786
250,남양산,2005-04,2종,83209
250,남양산,2005-04,3종,21707
250,남양산,2005-04,4종,24505
250,남양산,2005-04,5종,39710
250,남양산,2005-04,6종,49862
251,물금,2005-04,1종,176944
251,물금,2005-04,2종,36230
251,물금,2005-04,3종,7002
251,물금,2005-04,4종,22515
251,물금,2005-04,5종,114334
251,물금,2005-04,6종,9124
252,대동,2005-04,1종,1738812
252,대동,2005-04,2종,248392
252,대동,2005-04,3종,57232
252,대동,2005-04,4종,69685
252,대동,2005-04,5종,213401
252,대동,2005-04,6종,81805
253,서서울,2005-04,1종,4067642
253,서서울,2005-04,2종,332158
253,서서울,2005-04,3종,103848
253,서서울,2005-04,4종,77607
253,서서울,2005-04,5종,110913
253,서서울,2005-04,6종,153519
254,군자,2005-04,1종,2537369
254,군자,2005-04,2종,269768
254,군자,2005-04,3종,77105
254,군자,2005-04,4종,70084
254,군자,2005-04,5종,236587
254,군자,2005-04,6종,115585
255,서안산,2005-04,1종,1007980
255,서안산,2005-04,2종,122222
255,서안산,2005-04,3종,14552
255,서안산,2005-04,4종,27031
255,서안산,2005-04,5종,46535
255,서안산,2005-04,6종,48627
256,안산,2005-04,1종,1059100
256,안산,2005-04,2종,42908
256,안산,2005-04,3종,11808
256,안산,2005-04,4종,5359
256,안산,2005-04,5종,9598
256,안산,2005-04,6종,56542
257,홍성,2005-04,1종,286861
257,홍성,2005-04,2종,14981
257,홍성,2005-04,3종,13164
257,홍성,2005-04,4종,1683
257,홍성,2005-04,5종,5538
257,홍성,2005-04,6종,6828
258,광천,2005-04,1종,101951
258,광천,2005-04,2종,10994
258,광천,2005-04,3종,2419
258,광천,2005-04,4종,1524
258,광천,2005-04,5종,7999
258,광천,2005-04,6종,2358
259,대천,2005-04,1종,243644
259,대천,2005-04,2종,15078
259,대천,2005-04,3종,8211
259,대천,2005-04,4종,1989
259,대천,2005-04,5종,3257
259,대천,2005-04,6종,7096
260,춘장대,2005-04,1종,55480
260,춘장대,2005-04,2종,3027
260,춘장대,2005-04,3종,1613
260,춘장대,2005-04,4종,405
260,춘장대,2005-04,5종,1212
260,춘장대,2005-04,6종,1250
261,동광주,2005-04,1종,973707
261,동광주,2005-04,2종,64091
261,동광주,2005-04,3종,65544
261,동광주,2005-04,4종,24233
261,동광주,2005-04,5종,52684
261,동광주,2005-04,6종,28219
262,창평,2005-04,1종,62839
262,창평,2005-04,2종,4465
262,창평,2005-04,3종,1288
262,창평,2005-04,4종,3599
262,창평,2005-04,5종,1778
262,창평,2005-04,6종,1714
263,옥과,2005-04,1종,167139
263,옥과,2005-04,2종,7290
263,옥과,2005-04,3종,11724
263,옥과,2005-04,4종,4244
263,옥과,2005-04,5종,5902
263,옥과,2005-04,6종,5724
264,동남원,2005-04,1종,37711
264,동남원,2005-04,2종,2936
264,동남원,2005-04,3종,2522
264,동남원,2005-04,4종,1521
264,동남원,2005-04,5종,1702
264,동남원,2005-04,6종,1166
265,곡성,2005-04,1종,147181
265,곡성,2005-04,2종,8056
265,곡성,2005-04,3종,4810
265,곡성,2005-04,4종,3176
265,곡성,2005-04,5종,6486
265,곡성,2005-04,6종,4334
266,석곡,2005-04,1종,49904
266,석곡,2005-04,2종,2695
266,석곡,2005-04,3종,2621
266,석곡,2005-04,4종,339
266,석곡,2005-04,5종,1077
266,석곡,2005-04,6종,1608
267,주암송광사,2005-04,1종,134236
267,주암송광사,2005-04,2종,10332
267,주암송광사,2005-04,3종,5890
267,주암송광사,2005-04,4종,4131
267,주암송광사,2005-04,5종,10081
267,주암송광사,2005-04,6종,3887
268,승주,2005-04,1종,53210
268,승주,2005-04,2종,2840
268,승주,2005-04,3종,3390
268,승주,2005-04,4종,493
268,승주,2005-04,5종,1272
268,승주,2005-04,6종,2298
269,지리산,2005-04,1종,50645
269,지리산,2005-04,2종,3484
269,지리산,2005-04,3종,2379
269,지리산,2005-04,4종,1397
269,지리산,2005-04,5종,478
269,지리산,2005-04,6종,1411
270,서순천,2005-04,1종,170921
270,서순천,2005-04,2종,10477
270,서순천,2005-04,3종,11479
270,서순천,2005-04,4종,2780
270,서순천,2005-04,5종,16669
270,서순천,2005-04,6종,6020
271,순천,2005-04,1종,494851
271,순천,2005-04,2종,28580
271,순천,2005-04,3종,22902
271,순천,2005-04,4종,9385
271,순천,2005-04,5종,26879
271,순천,2005-04,6종,17628
272,광양,2005-04,1종,192296
272,광양,2005-04,2종,25234
272,광양,2005-04,3종,18437
272,광양,2005-04,4종,13722
272,광양,2005-04,5종,58877
272,광양,2005-04,6종,5740
273,동광양,2005-04,1종,103991
273,동광양,2005-04,2종,3740
273,동광양,2005-04,3종,2990
273,동광양,2005-04,4종,1598
273,동광양,2005-04,5종,32042
273,동광양,2005-04,6종,6104
274,가조,2005-04,1종,61127
274,가조,2005-04,2종,4151
274,가조,2005-04,3종,2639
274,가조,2005-04,4종,1199
274,가조,2005-04,5종,719
274,가조,2005-04,6종,4254
275,옥곡,2005-04,1종,108559
275,옥곡,2005-04,2종,4677
275,옥곡,2005-04,3종,4523
275,옥곡,2005-04,4종,622
275,옥곡,2005-04,5종,4911
275,옥곡,2005-04,6종,4947
276,진월,2005-04,1종,83902
276,진월,2005-04,2종,4102
276,진월,2005-04,3종,1833
276,진월,2005-04,4종,2654
276,진월,2005-04,5종,54245
276,진월,2005-04,6종,3153
277,하동,2005-04,1종,219434
277,하동,2005-04,2종,9894
277,하동,2005-04,3종,14975
277,하동,2005-04,4종,2639
277,하동,2005-04,5종,37615
277,하동,2005-04,6종,9054
278,진교,2005-04,1종,178926
278,진교,2005-04,2종,9718
278,진교,2005-04,3종,15797
278,진교,2005-04,4종,1170
278,진교,2005-04,5종,2184
278,진교,2005-04,6종,11043
279,곤양,2005-04,1종,130292
279,곤양,2005-04,2종,8687
279,곤양,2005-04,3종,6062
279,곤양,2005-04,4종,2422
279,곤양,2005-04,5종,4162
279,곤양,2005-04,6종,7984
280,거창,2005-04,1종,174561
280,거창,2005-04,2종,13651
280,거창,2005-04,3종,12961
280,거창,2005-04,4종,2642
280,거창,2005-04,5종,6017
280,거창,2005-04,6종,8956
281,매송,2005-04,1종,513656
281,매송,2005-04,2종,54894
281,매송,2005-04,3종,15745
281,매송,2005-04,4종,14401
281,매송,2005-04,5종,26716
281,매송,2005-04,6종,19895
282,비봉,2005-04,1종,619282
282,비봉,2005-04,2종,66360
282,비봉,2005-04,3종,13778
282,비봉,2005-04,4종,13797
282,비봉,2005-04,5종,35853
282,비봉,2005-04,6종,21518
283,발안,2005-04,1종,454998
283,발안,2005-04,2종,52355
283,발안,2005-04,3종,7306
283,발안,2005-04,4종,10877
283,발안,2005-04,5종,26706
283,발안,2005-04,6종,14092
284,남양양,2005-04,1종,173684
284,남양양,2005-04,2종,8315
284,남양양,2005-04,3종,13510
284,남양양,2005-04,4종,3021
284,남양양,2005-04,5종,6060
284,남양양,2005-04,6종,4307
285,서평택,2005-04,1종,649193
285,서평택,2005-04,2종,68189
285,서평택,2005-04,3종,15041
285,서평택,2005-04,4종,28969
285,서평택,2005-04,5종,80762
285,서평택,2005-04,6종,19836
287,송악,2005-04,1종,396913
287,송악,2005-04,2종,33218
287,송악,2005-04,3종,13406
287,송악,2005-04,4종,10711
287,송악,2005-04,5종,57600
287,송악,2005-04,6종,9940
288,당진,2005-04,1종,297644
288,당진,2005-04,2종,26245
288,당진,2005-04,3종,12724
288,당진,2005-04,4종,7599
288,당진,2005-04,5종,28868
288,당진,2005-04,6종,7898
289,마산,2005-04,1종,919953
289,마산,2005-04,2종,66123
289,마산,2005-04,3종,42227
289,마산,2005-04,4종,16883
289,마산,2005-04,5종,28623
289,마산,2005-04,6종,54053
290,축동,2005-04,1종,29947
290,축동,2005-04,2종,2747
290,축동,2005-04,3종,312
290,축동,2005-04,4종,1229
290,축동,2005-04,5종,3212
290,축동,2005-04,6종,2220
291,사천,2005-04,1종,654513
291,사천,2005-04,2종,49451
291,사천,2005-04,3종,42643
291,사천,2005-04,4종,9774
291,사천,2005-04,5종,31035
291,사천,2005-04,6종,34357
292,진주,2005-04,1종,552808
292,진주,2005-04,2종,40006
292,진주,2005-04,3종,36725
292,진주,2005-04,4종,8751
292,진주,2005-04,5종,27710
292,진주,2005-04,6종,34030
293,문산,2005-04,1종,187799
293,문산,2005-04,2종,19753
293,문산,2005-04,3종,3448
293,문산,2005-04,4종,3767
293,문산,2005-04,5종,10242
293,문산,2005-04,6종,10388
294,북창원,2005-04,1종,255609
294,북창원,2005-04,2종,16582
294,북창원,2005-04,3종,3163
294,북창원,2005-04,4종,5435
294,북창원,2005-04,5종,6843
294,북창원,2005-04,6종,11823
295,진성,2005-04,1종,131607
295,진성,2005-04,2종,14308
295,진성,2005-04,3종,6391
295,진성,2005-04,4종,2926
295,진성,2005-04,5종,11547
295,진성,2005-04,6종,6671
296,지수,2005-04,1종,47180
296,지수,2005-04,2종,4743
296,지수,2005-04,3종,931
296,지수,2005-04,4종,618
296,지수,2005-04,5종,1383
296,지수,2005-04,6종,2435
298,서산,2005-04,1종,341090
298,서산,2005-04,2종,23676
298,서산,2005-04,3종,12990
298,서산,2005-04,4종,6911
298,서산,2005-04,5종,14102
298,서산,2005-04,6종,9053
299,해미,2005-04,1종,169920
299,해미,2005-04,2종,12334
299,해미,2005-04,3종,9375
299,해미,2005-04,4종,2865
299,해미,2005-04,5종,10738
299,해미,2005-04,6종,4575
501,서김제,2005-04,1종,65529
501,서김제,2005-04,2종,7508
501,서김제,2005-04,3종,2320
501,서김제,2005-04,4종,1136
501,서김제,2005-04,5종,3129
501,서김제,2005-04,6종,1500
502,부안,2005-04,1종,96542
502,부안,2005-04,2종,9363
502,부안,2005-04,3종,5732
502,부안,2005-04,4종,2450
502,부안,2005-04,5종,6797
502,부안,2005-04,6종,2278
503,줄포,2005-04,1종,58808
503,줄포,2005-04,2종,3447
503,줄포,2005-04,3종,4748
503,줄포,2005-04,4종,374
503,줄포,2005-04,5종,860
503,줄포,2005-04,6종,1138
504,선운산,2005-04,1종,80748
504,선운산,2005-04,2종,12258
504,선운산,2005-04,3종,10829
504,선운산,2005-04,4종,1906
504,선운산,2005-04,5종,4747
504,선운산,2005-04,6종,1478
505,고창,2005-04,1종,80199
505,고창,2005-04,2종,6318
505,고창,2005-04,3종,2506
505,고창,2005-04,4종,667
505,고창,2005-04,5종,1362
505,고창,2005-04,6종,1759
506,영광,2005-04,1종,66673
506,영광,2005-04,2종,6931
506,영광,2005-04,3종,4458
506,영광,2005-04,4종,904
506,영광,2005-04,5종,1011
506,영광,2005-04,6종,1454
507,함평,2005-04,1종,61904
507,함평,2005-04,2종,13288
507,함평,2005-04,3종,2627
507,함평,2005-04,4종,1175
507,함평,2005-04,5종,3610
507,함평,2005-04,6종,1217
508,무안,2005-04,1종,286319
508,무안,2005-04,2종,22658
508,무안,2005-04,3종,15242
508,무안,2005-04,4종,3877
508,무안,2005-04,5종,14524
508,무안,2005-04,6종,6755
509,목포,2005-04,1종,428745
509,목포,2005-04,2종,36556
509,목포,2005-04,3종,28847
509,목포,2005-04,4종,6149
509,목포,2005-04,5종,24809
509,목포,2005-04,6종,9768
511,무창포,2005-04,1종,59559
511,무창포,2005-04,2종,5254
511,무창포,2005-04,3종,1267
511,무창포,2005-04,4종,557
511,무창포,2005-04,5종,4379
511,무창포,2005-04,6종,1256
521,단양,2005-04,1종,61135
521,단양,2005-04,2종,3623
521,단양,2005-04,3종,6324
521,단양,2005-04,4종,534
521,단양,2005-04,5종,6435
521,단양,2005-04,6종,2371
522,북단양,2005-04,1종,65518
522,북단양,2005-04,2종,4636
522,북단양,2005-04,3종,4900
522,북단양,2005-04,4종,1357
522,북단양,2005-04,5종,20896
522,북단양,2005-04,6종,2100
523,남제천,2005-04,1종,59111
523,남제천,2005-04,2종,2465
523,남제천,2005-04,3종,3337
523,남제천,2005-04,4종,349
523,남제천,2005-04,5종,903
523,남제천,2005-04,6종,1793
524,청통와촌,2005-04,1종,153043
524,청통와촌,2005-04,2종,15385
524,청통와촌,2005-04,3종,3611
524,청통와촌,2005-04,4종,2081
524,청통와촌,2005-04,5종,4172
524,청통와촌,2005-04,6종,5450
525,북영천,2005-04,1종,118766
525,북영천,2005-04,2종,11893
525,북영천,2005-04,3종,2456
525,북영천,2005-04,4종,2814
525,북영천,2005-04,5종,20053
525,북영천,2005-04,6종,3902
526,서포항,2005-04,1종,62799
526,서포항,2005-04,2종,3527
526,서포항,2005-04,3종,1396
526,서포항,2005-04,4종,647
526,서포항,2005-04,5종,2501
526,서포항,2005-04,6종,2377
527,포항,2005-04,1종,460770
527,포항,2005-04,2종,17711
527,포항,2005-04,3종,17857
527,포항,2005-04,4종,3917
527,포항,2005-04,5종,26752
527,포항,2005-04,6종,16314
530,내장산,2005-04,1종,35547
530,내장산,2005-04,2종,2791
530,내장산,2005-04,3종,650
530,내장산,2005-04,4종,580
530,내장산,2005-04,5종,655
530,내장산,2005-04,6종,1000
540,청북,2005-04,1종,267945
540,청북,2005-04,2종,52312
540,청북,2005-04,3종,8690
540,청북,2005-04,4종,14682
540,청북,2005-04,5종,34341
540,청북,2005-04,6종,7187
541,송탄,2005-04,1종,306992
541,송탄,2005-04,2종,34721
541,송탄,2005-04,3종,7373
541,송탄,2005-04,4종,7731
541,송탄,2005-04,5종,14999
541,송탄,2005-04,6종,9922
542,서안성,2005-04,1종,161799
542,서안성,2005-04,2종,28148
542,서안성,2005-04,3종,6219
542,서안성,2005-04,4종,7270
542,서안성,2005-04,5종,13668
542,서안성,2005-04,6종,5059
560,감곡,2005-04,1종,215094
560,감곡,2005-04,2종,21693
560,감곡,2005-04,3종,12140
560,감곡,2005-04,4종,4987
560,감곡,2005-04,5종,39163
560,감곡,2005-04,6종,5433
561,북충주,2005-04,1종,57426
561,북충주,2005-04,2종,4067
561,북충주,2005-04,3종,964
561,북충주,2005-04,4종,541
561,북충주,2005-04,5종,1344
561,북충주,2005-04,6종,1773
562,충주,2005-04,1종,182872
562,충주,2005-04,2종,17268
562,충주,2005-04,3종,13773
562,충주,2005-04,4종,6273
562,충주,2005-04,5종,10696
562,충주,2005-04,6종,6093
563,괴산,2005-04,1종,41536
563,괴산,2005-04,2종,1853
563,괴산,2005-04,3종,2532
563,괴산,2005-04,4종,453
563,괴산,2005-04,5종,1753
563,괴산,2005-04,6종,1066
564,연풍,2005-04,1종,48593
564,연풍,2005-04,2종,16204
564,연풍,2005-04,3종,6142
564,연풍,2005-04,4종,5391
564,연풍,2005-04,5종,9366
564,연풍,2005-04,6종,1165
565,문경새재,2005-04,1종,89661
565,문경새재,2005-04,2종,11445
565,문경새재,2005-04,3종,5906
565,문경새재,2005-04,4종,3288
565,문경새재,2005-04,5종,5996
565,문경새재,2005-04,6종,2643
566,점촌함창,2005-04,1종,113944
566,점촌함창,2005-04,2종,7784
566,점촌함창,2005-04,3종,4872
566,점촌함창,2005-04,4종,1967
566,점촌함창,2005-04,5종,5500
566,점촌함창,2005-04,6종,3777
570,북상주,2005-04,1종,93848
570,북상주,2005-04,2종,9493
570,북상주,2005-04,3종,4418
570,북상주,2005-04,4종,1779
570,북상주,2005-04,5종,6056
570,북상주,2005-04,6종,3401
580,북강릉,2005-04,1종,82380
580,북강릉,2005-04,2종,4983
580,북강릉,2005-04,3종,2600
580,북강릉,2005-04,4종,907
580,북강릉,2005-04,5종,2929
580,북강릉,2005-04,6종,2622
581,옥계,2005-04,1종,70229
581,옥계,2005-04,2종,4738
581,옥계,2005-04,3종,3905
581,옥계,2005-04,4종,2632
581,옥계,2005-04,5종,10090
581,옥계,2005-04,6종,3937
582,망상,2005-04,1종,57337
582,망상,2005-04,2종,3612
582,망상,2005-04,3종,11535
582,망상,2005-04,4종,638
582,망상,2005-04,5종,867
582,망상,2005-04,6종,2482
583,동해,2005-04,1종,215774
583,동해,2005-04,2종,13302
583,동해,2005-04,3종,12891
583,동해,2005-04,4종,4446
583,동해,2005-04,5종,12666
583,동해,2005-04,6종,9118
601,남천안,2005-04,1종,239977
601,남천안,2005-04,2종,59504
601,남천안,2005-04,3종,15304
601,남천안,2005-04,4종,17254
601,남천안,2005-04,5종,24097
601,남천안,2005-04,6종,6473
602,풍세상,2005-04,1종,736846
602,풍세상,2005-04,2종,68074
602,풍세상,2005-04,3종,104367
602,풍세상,2005-04,4종,22829
602,풍세상,2005-04,5종,43263
602,풍세상,2005-04,6종,17475
603,정안,2005-04,1종,143584
603,정안,2005-04,2종,23387
603,정안,2005-04,3종,12908
603,정안,2005-04,4종,6850
603,정안,2005-04,5종,9729
603,정안,2005-04,6종,3745
604,남공주,2005-04,1종,35356
604,남공주,2005-04,2종,2459
604,남공주,2005-04,3종,1346
604,남공주,2005-04,4종,687
604,남공주,2005-04,5종,1099
604,남공주,2005-04,6종,1008
605,탄천,2005-04,1종,26925
605,탄천,2005-04,2종,2289
605,탄천,2005-04,3종,1161
605,탄천,2005-04,4종,507
605,탄천,2005-04,5종,763
605,탄천,2005-04,6종,690
606,서논산,2005-04,1종,76021
606,서논산,2005-04,2종,11339
606,서논산,2005-04,3종,5363
606,서논산,2005-04,4종,3708
606,서논산,2005-04,5종,6175
606,서논산,2005-04,6종,2188
607,연무,2005-04,1종,52082
607,연무,2005-04,2종,3518
607,연무,2005-04,3종,2517
607,연무,2005-04,4종,822
607,연무,2005-04,5종,1382
607,연무,2005-04,6종,1515
608,남논산하,2005-04,1종,531772
608,남논산하,2005-04,2종,48351
608,남논산하,2005-04,3종,87212
608,남논산하,2005-04,4종,17180
608,남논산하,2005-04,5종,30070
608,남논산하,2005-04,6종,11569
11,인천,2005-05,1종,3335088
11,인천,2005-05,2종,171126
11,인천,2005-05,3종,47513
11,인천,2005-05,4종,49741
11,인천,2005-05,5종,123356
11,인천,2005-05,6종,197723
53,남인천,2005-05,1종,1799795
53,남인천,2005-05,2종,89258
53,남인천,2005-05,3종,30225
53,남인천,2005-05,4종,21936
53,남인천,2005-05,5종,85311
53,남인천,2005-05,6종,91717
56,일로,2005-05,1종,21066
56,일로,2005-05,2종,1227
56,일로,2005-05,3종,135
56,일로,2005-05,4종,130
56,일로,2005-05,5종,318
56,일로,2005-05,6종,1155
61,성남,2005-05,1종,3247685
61,성남,2005-05,2종,232941
61,성남,2005-05,3종,98329
61,성남,2005-05,4종,39826
61,성남,2005-05,5종,63051
61,성남,2005-05,6종,136269
62,구리남양주,2005-05,1종,4032454
62,구리남양주,2005-05,2종,293921
62,구리남양주,2005-05,3종,88094
62,구리남양주,2005-05,4종,65374
62,구리남양주,2005-05,5종,75729
62,구리남양주,2005-05,6종,173614
63,토평,2005-05,1종,514594
63,토평,2005-05,2종,25653
63,토평,2005-05,3종,3627
63,토평,2005-05,4종,6027
63,토평,2005-05,5종,12000
63,토평,2005-05,6종,23037
64,청계,2005-05,1종,4353878
64,청계,2005-05,2종,252866
64,청계,2005-05,3종,95686
64,청계,2005-05,4종,34056
64,청계,2005-05,5종,81551
64,청계,2005-05,6종,197396
65,판교,2005-05,1종,2499322
65,판교,2005-05,2종,60477
65,판교,2005-05,3종,108310
65,판교,2005-05,4종,19834
65,판교,2005-05,5종,14110
65,판교,2005-05,6종,85888
66,하남,2005-05,1종,622426
66,하남,2005-05,2종,36544
66,하남,2005-05,3종,21431
66,하남,2005-05,4종,9242
66,하남,2005-05,5종,12986
66,하남,2005-05,6종,23279
67,시흥,2005-05,1종,3665817
67,시흥,2005-05,2종,236576
67,시흥,2005-05,3종,91731
67,시흥,2005-05,4종,49748
67,시흥,2005-05,5종,64490
67,시흥,2005-05,6종,161031
68,김포,2005-05,1종,3797791
68,김포,2005-05,2종,255073
68,김포,2005-05,3종,51522
68,김포,2005-05,4종,42542
68,김포,2005-05,5종,97935
68,김포,2005-05,6종,172399
91,대동(개),2005-05,1종,174268
91,대동(개),2005-05,2종,19055
91,대동(개),2005-05,3종,1545
91,대동(개),2005-05,4종,41727
91,대동(개),2005-05,5종,21007
91,대동(개),2005-05,6종,9417
92,내서,2005-05,1종,146568
92,내서,2005-05,2종,5558
92,내서,2005-05,3종,992
92,내서,2005-05,4종,1530
92,내서,2005-05,5종,2880
92,내서,2005-05,6종,19643
101,서울,2005-05,1종,5310233
101,서울,2005-05,2종,320223
101,서울,2005-05,3종,415250
101,서울,2005-05,4종,57585
101,서울,2005-05,5종,51043
101,서울,2005-05,6종,186324
102,동수원,2005-05,1종,2006085
102,동수원,2005-05,2종,72124
102,동수원,2005-05,3종,66773
102,동수원,2005-05,4종,13584
102,동수원,2005-05,5종,24129
102,동수원,2005-05,6종,89345
103,수원신갈,2005-05,1종,2139805
103,수원신갈,2005-05,2종,145013
103,수원신갈,2005-05,3종,96811
103,수원신갈,2005-05,4종,29096
103,수원신갈,2005-05,5종,33541
103,수원신갈,2005-05,6종,103385
104,지곡,2005-05,1종,29989
104,지곡,2005-05,2종,3087
104,지곡,2005-05,3종,1515
104,지곡,2005-05,4종,716
104,지곡,2005-05,5종,1494
104,지곡,2005-05,6종,1200
105,기흥,2005-05,1종,1010578
105,기흥,2005-05,2종,88641
105,기흥,2005-05,3종,30156
105,기흥,2005-05,4종,17173
105,기흥,2005-05,5종,24511
105,기흥,2005-05,6종,37734
106,오산,2005-05,1종,1153326
106,오산,2005-05,2종,128324
106,오산,2005-05,3종,51682
106,오산,2005-05,4종,26650
106,오산,2005-05,5종,34870
106,오산,2005-05,6종,46469
107,안성,2005-05,1종,1001784
107,안성,2005-05,2종,99517
107,안성,2005-05,3종,50694
107,안성,2005-05,4종,22519
107,안성,2005-05,5종,32469
107,안성,2005-05,6종,37878
108,천안,2005-05,1종,1208932
108,천안,2005-05,2종,89831
108,천안,2005-05,3종,73866
108,천안,2005-05,4종,26009
108,천안,2005-05,5종,31952
108,천안,2005-05,6종,42153
109,계룡,2005-05,1종,142949
109,계룡,2005-05,2종,14098
109,계룡,2005-05,3종,7975
109,계룡,2005-05,4종,8381
109,계룡,2005-05,5종,4753
109,계룡,2005-05,6종,6381
110,독립기념관,2005-05,1종,333420
110,독립기념관,2005-05,2종,47457
110,독립기념관,2005-05,3종,22271
110,독립기념관,2005-05,4종,18142
110,독립기념관,2005-05,5종,26858
110,독립기념관,2005-05,6종,9687
111,청주,2005-05,1종,519948
111,청주,2005-05,2종,42199
111,청주,2005-05,3종,41888
111,청주,2005-05,4종,11917
111,청주,2005-05,5종,19853
111,청주,2005-05,6종,17753
112,남청주,2005-05,1종,454369
112,남청주,2005-05,2종,55716
112,남청주,2005-05,3종,32051
112,남청주,2005-05,4종,28322
112,남청주,2005-05,5종,33264
112,남청주,2005-05,6종,15612
113,신탄진,2005-05,1종,500846
113,신탄진,2005-05,2종,69607
113,신탄진,2005-05,3종,18579
113,신탄진,2005-05,4종,34524
113,신탄진,2005-05,5종,41254
113,신탄진,2005-05,6종,17671
114,남대전,2005-05,1종,261672
114,남대전,2005-05,2종,14063
114,남대전,2005-05,3종,4987
114,남대전,2005-05,4종,3338
114,남대전,2005-05,5종,5365
114,남대전,2005-05,6종,11279
115,대전,2005-05,1종,1203742
115,대전,2005-05,2종,66829
115,대전,2005-05,3종,78941
115,대전,2005-05,4종,15683
115,대전,2005-05,5종,22583
115,대전,2005-05,6종,49085
116,옥천,2005-05,1종,362038
116,옥천,2005-05,2종,36464
116,옥천,2005-05,3종,9948
116,옥천,2005-05,4종,13849
116,옥천,2005-05,5종,11555
116,옥천,2005-05,6종,15720
117,금강,2005-05,1종,41297
117,금강,2005-05,2종,2140
117,금강,2005-05,3종,368
117,금강,2005-05,4종,1264
117,금강,2005-05,5종,780
117,금강,2005-05,6종,1648
118,영동,2005-05,1종,107283
118,영동,2005-05,2종,11471
118,영동,2005-05,3종,3897
118,영동,2005-05,4종,3752
118,영동,2005-05,5종,11762
118,영동,2005-05,6종,3502
119,판암,2005-05,1종,339353
119,판암,2005-05,2종,17288
119,판암,2005-05,3종,4845
119,판암,2005-05,4종,8923
119,판암,2005-05,5종,6966
119,판암,2005-05,6종,15595
120,황간,2005-05,1종,70129
120,황간,2005-05,2종,7816
120,황간,2005-05,3종,2468
120,황간,2005-05,4종,4768
120,황간,2005-05,5종,9544
120,황간,2005-05,6종,2500
121,추풍령,2005-05,1종,47022
121,추풍령,2005-05,2종,4980
121,추풍령,2005-05,3종,1491
121,추풍령,2005-05,4종,2566
121,추풍령,2005-05,5종,4230
121,추풍령,2005-05,6종,2353
122,김천,2005-05,1종,276111
122,김천,2005-05,2종,31840
122,김천,2005-05,3종,12822
122,김천,2005-05,4종,8749
122,김천,2005-05,5종,14370
122,김천,2005-05,6종,9442
123,구미,2005-05,1종,740598
123,구미,2005-05,2종,36214
123,구미,2005-05,3종,22930
123,구미,2005-05,4종,12304
123,구미,2005-05,5종,13049
123,구미,2005-05,6종,33751
124,상주,2005-05,1종,181796
124,상주,2005-05,2종,15700
124,상주,2005-05,3종,6942
124,상주,2005-05,4종,3235
124,상주,2005-05,5종,5354
124,상주,2005-05,6종,7804
125,남구미,2005-05,1종,574240
125,남구미,2005-05,2종,47248
125,남구미,2005-05,3종,31489
125,남구미,2005-05,4종,20083
125,남구미,2005-05,5종,53757
125,남구미,2005-05,6종,26848
126,왜관,2005-05,1종,562810
126,왜관,2005-05,2종,61917
126,왜관,2005-05,3종,17908
126,왜관,2005-05,4종,15191
126,왜관,2005-05,5종,35419
126,왜관,2005-05,6종,24342
127,서대구,2005-05,1종,2303015
127,서대구,2005-05,2종,274765
127,서대구,2005-05,3종,112008
127,서대구,2005-05,4종,72670
127,서대구,2005-05,5종,144768
127,서대구,2005-05,6종,96550
129,북대구,2005-05,1종,1586678
129,북대구,2005-05,2종,94797
129,북대구,2005-05,3종,35824
129,북대구,2005-05,4종,17969
129,북대구,2005-05,5종,27905
129,북대구,2005-05,6종,65025
130,동김천,2005-05,1종,1246676
130,동김천,2005-05,2종,71756
130,동김천,2005-05,3종,48371
130,동김천,2005-05,4종,26526
130,동김천,2005-05,5종,36786
130,동김천,2005-05,6종,56201
131,경산,2005-05,1종,726386
131,경산,2005-05,2종,94112
131,경산,2005-05,3종,20102
131,경산,2005-05,4종,21518
131,경산,2005-05,5종,31016
131,경산,2005-05,6종,36565
132,영천,2005-05,1종,263177
132,영천,2005-05,2종,34455
132,영천,2005-05,3종,21169
132,영천,2005-05,4종,8832
132,영천,2005-05,5종,25375
132,영천,2005-05,6종,8777
133,서경주,2005-05,1종,109872
133,서경주,2005-05,2종,11558
133,서경주,2005-05,3종,4686
133,서경주,2005-05,4종,4059
133,서경주,2005-05,5종,14844
133,서경주,2005-05,6종,3484
134,선산,2005-05,1종,107757
134,선산,2005-05,2종,10430
134,선산,2005-05,3종,2287
134,선산,2005-05,4종,2141
134,선산,2005-05,5종,3172
134,선산,2005-05,6종,4188
135,경주,2005-05,1종,755915
135,경주,2005-05,2종,73326
135,경주,2005-05,3종,72574
135,경주,2005-05,4종,24903
135,경주,2005-05,5종,85929
135,경주,2005-05,6종,26678
137,통도사,2005-05,1종,345289
137,통도사,2005-05,2종,46313
137,통도사,2005-05,3종,20688
137,통도사,2005-05,4종,14869
137,통도사,2005-05,5종,21507
137,통도사,2005-05,6종,14691
138,양산,2005-05,1종,694156
138,양산,2005-05,2종,102381
138,양산,2005-05,3종,30260
138,양산,2005-05,4종,44225
138,양산,2005-05,5종,52179
138,양산,2005-05,6종,41250
139,서울산,2005-05,1종,365700
139,서울산,2005-05,2종,34105
139,서울산,2005-05,3종,22734
139,서울산,2005-05,4종,10335
139,서울산,2005-05,5종,18642
139,서울산,2005-05,6종,16760
140,부산,2005-05,1종,1430834
140,부산,2005-05,2종,103232
140,부산,2005-05,3종,78383
140,부산,2005-05,4종,43636
140,부산,2005-05,5종,88341
140,부산,2005-05,6종,72105
141,,2005-05,1종,893876
141,,2005-05,2종,93870
141,,2005-05,3종,56455
141,,2005-05,4종,45501
141,,2005-05,5종,128074
141,,2005-05,6종,37202
142,군북,2005-05,1종,271433
142,군북,2005-05,2종,19781
142,군북,2005-05,3종,10017
142,군북,2005-05,4종,9313
142,군북,2005-05,5종,20109
142,군북,2005-05,6종,14483
143,장지,2005-05,1종,76205
143,장지,2005-05,2종,7280
143,장지,2005-05,3종,1114
143,장지,2005-05,4종,2057
143,장지,2005-05,5종,12548
143,장지,2005-05,6종,4099
144,함안,2005-05,1종,366075
144,함안,2005-05,2종,26345
144,함안,2005-05,3종,9722
144,함안,2005-05,4종,6697
144,함안,2005-05,5종,19231
144,함안,2005-05,6종,24099
145,산인,2005-05,1종,711849
145,산인,2005-05,2종,40568
145,산인,2005-05,3종,42815
145,산인,2005-05,4종,18970
145,산인,2005-05,5종,29353
145,산인,2005-05,6종,42969
146,동창원,2005-05,1종,637705
146,동창원,2005-05,2종,56744
146,동창원,2005-05,3종,11893
146,동창원,2005-05,4종,12113
146,동창원,2005-05,5종,45701
146,동창원,2005-05,6종,36842
147,진례,2005-05,1종,514647
147,진례,2005-05,2종,81928
147,진례,2005-05,3종,9021
147,진례,2005-05,4종,17735
147,진례,2005-05,5종,24858
147,진례,2005-05,6종,27517
148,서김해,2005-05,1종,682003
148,서김해,2005-05,2종,56730
148,서김해,2005-05,3종,13279
148,서김해,2005-05,4종,13070
148,서김해,2005-05,5종,29907
148,서김해,2005-05,6종,44062
149,동김해,2005-05,1종,1118630
149,동김해,2005-05,2종,67290
149,동김해,2005-05,3종,19235
149,동김해,2005-05,4종,15841
149,동김해,2005-05,5종,32550
149,동김해,2005-05,6종,86717
150,북부산,2005-05,1종,2527535
150,북부산,2005-05,2종,179133
150,북부산,2005-05,3종,69125
150,북부산,2005-05,4종,51354
150,북부산,2005-05,5종,151134
150,북부산,2005-05,6종,153742
151,북대전,2005-05,1종,537125
151,북대전,2005-05,2종,22293
151,북대전,2005-05,3종,19998
151,북대전,2005-05,4종,12192
151,북대전,2005-05,5종,14513
151,북대전,2005-05,6종,21610
152,유성,2005-05,1종,878076
152,유성,2005-05,2종,52542
152,유성,2005-05,3종,33733
152,유성,2005-05,4종,13153
152,유성,2005-05,5종,21574
152,유성,2005-05,6종,34774
153,서대전,2005-05,1종,564847
153,서대전,2005-05,2종,34593
153,서대전,2005-05,3종,11453
153,서대전,2005-05,4종,8592
153,서대전,2005-05,5종,12811
153,서대전,2005-05,6종,25656
154,안영,2005-05,1종,387386
154,안영,2005-05,2종,19507
154,안영,2005-05,3종,9572
154,안영,2005-05,4종,6257
154,안영,2005-05,5종,15130
154,안영,2005-05,6종,16144
155,논산,2005-05,1종,215049
155,논산,2005-05,2종,34559
155,논산,2005-05,3종,10238
155,논산,2005-05,4종,11109
155,논산,2005-05,5종,11506
155,논산,2005-05,6종,7053
156,익산,2005-05,1종,279507
156,익산,2005-05,2종,40323
156,익산,2005-05,3종,23202
156,익산,2005-05,4종,14935
156,익산,2005-05,5종,31738
156,익산,2005-05,6종,7179
157,삼례,2005-05,1종,78109
157,삼례,2005-05,2종,9957
157,삼례,2005-05,3종,1959
157,삼례,2005-05,4종,3669
157,삼례,2005-05,5종,4335
157,삼례,2005-05,6종,2115
158,전주,2005-05,1종,560183
158,전주,2005-05,2종,44668
158,전주,2005-05,3종,44764
158,전주,2005-05,4종,14428
158,전주,2005-05,5종,32482
158,전주,2005-05,6종,14962
159,서전주,2005-05,1종,173979
159,서전주,2005-05,2종,11291
159,서전주,2005-05,3종,4595
159,서전주,2005-05,4종,2319
159,서전주,2005-05,5종,3455
159,서전주,2005-05,6종,4714
160,김제,2005-05,1종,107565
160,김제,2005-05,2종,9035
160,김제,2005-05,3종,8004
160,김제,2005-05,4종,2376
160,김제,2005-05,5종,2441
160,김제,2005-05,6종,3017
161,금산사,2005-05,1종,55347
161,금산사,2005-05,2종,9332
161,금산사,2005-05,3종,1607
161,금산사,2005-05,4종,2985
161,금산사,2005-05,5종,5653
161,금산사,2005-05,6종,1092
162,태인,2005-05,1종,91449
162,태인,2005-05,2종,14131
162,태인,2005-05,3종,5752
162,태인,2005-05,4종,3161
162,태인,2005-05,5종,9309
162,태인,2005-05,6종,2280
163,정읍,2005-05,1종,349875
163,정읍,2005-05,2종,38790
163,정읍,2005-05,3종,28090
163,정읍,2005-05,4종,7526
163,정읍,2005-05,5종,10433
163,정읍,2005-05,6종,9907
164,무주,2005-05,1종,121331
164,무주,2005-05,2종,4809
164,무주,2005-05,3종,5255
164,무주,2005-05,4종,981
164,무주,2005-05,5종,2714
164,무주,2005-05,6종,3290
165,백양사,2005-05,1종,105685
165,백양사,2005-05,2종,7794
165,백양사,2005-05,3종,5412
165,백양사,2005-05,4종,2223
165,백양사,2005-05,5종,1901
165,백양사,2005-05,6종,3125
166,장성,2005-05,1종,186329
166,장성,2005-05,2종,14851
166,장성,2005-05,3종,12125
166,장성,2005-05,4종,3948
166,장성,2005-05,5종,7427
166,장성,2005-05,6종,7674
167,광주,2005-05,1종,953287
167,광주,2005-05,2종,95180
167,광주,2005-05,3종,84449
167,광주,2005-05,4종,32315
167,광주,2005-05,5종,33380
167,광주,2005-05,6종,25825
168,덕유산,2005-05,1종,35785
168,덕유산,2005-05,2종,2081
168,덕유산,2005-05,3종,914
168,덕유산,2005-05,4종,318
168,덕유산,2005-05,5종,1673
168,덕유산,2005-05,6종,992
169,장수,2005-05,1종,105677
169,장수,2005-05,2종,19280
169,장수,2005-05,3종,10006
169,장수,2005-05,4종,6470
169,장수,2005-05,5종,20633
169,장수,2005-05,6종,2553
170,서상,2005-05,1종,35485
170,서상,2005-05,2종,3800
170,서상,2005-05,3종,2877
170,서상,2005-05,4종,892
170,서상,2005-05,5종,1915
170,서상,2005-05,6종,1243
171,마성,2005-05,1종,432508
171,마성,2005-05,2종,10244
171,마성,2005-05,3종,29847
171,마성,2005-05,4종,968
171,마성,2005-05,5종,1120
171,마성,2005-05,6종,17164
172,용인,2005-05,1종,801687
172,용인,2005-05,2종,88904
172,용인,2005-05,3종,21189
172,용인,2005-05,4종,14581
172,용인,2005-05,5종,14730
172,용인,2005-05,6종,38128
173,양지,2005-05,1종,650406
173,양지,2005-05,2종,101835
173,양지,2005-05,3종,27936
173,양지,2005-05,4종,24017
173,양지,2005-05,5종,34718
173,양지,2005-05,6종,23447
174,춘천,2005-05,1종,420318
174,춘천,2005-05,2종,24976
174,춘천,2005-05,3종,17633
174,춘천,2005-05,4종,5921
174,춘천,2005-05,5종,7849
174,춘천,2005-05,6종,21094
175,덕평,2005-05,1종,161328
175,덕평,2005-05,2종,20542
175,덕평,2005-05,3종,9886
175,덕평,2005-05,4종,5156
175,덕평,2005-05,5종,6830
175,덕평,2005-05,6종,5896
176,이천,2005-05,1종,559655
176,이천,2005-05,2종,56792
176,이천,2005-05,3종,28408
176,이천,2005-05,4종,19902
176,이천,2005-05,5종,26579
176,이천,2005-05,6종,19230
177,여주,2005-05,1종,427521
177,여주,2005-05,2종,34451
177,여주,2005-05,3종,25559
177,여주,2005-05,4종,12002
177,여주,2005-05,5종,14912
177,여주,2005-05,6종,12948
178,문막,2005-05,1종,255109
178,문막,2005-05,2종,30196
178,문막,2005-05,3종,14015
178,문막,2005-05,4종,7714
178,문막,2005-05,5종,14743
178,문막,2005-05,6종,8075
179,홍천,2005-05,1종,265608
179,홍천,2005-05,2종,17615
179,홍천,2005-05,3종,10557
179,홍천,2005-05,4종,5648
179,홍천,2005-05,5종,6056
179,홍천,2005-05,6종,13162
180,원주,2005-05,1종,247237
180,원주,2005-05,2종,24364
180,원주,2005-05,3종,30330
180,원주,2005-05,4종,7102
180,원주,2005-05,5종,9757
180,원주,2005-05,6종,9559
181,새말,2005-05,1종,165603
181,새말,2005-05,2종,13757
181,새말,2005-05,3종,10347
181,새말,2005-05,4종,2601
181,새말,2005-05,5종,5522
181,새말,2005-05,6종,4811
182,둔내,2005-05,1종,78848
182,둔내,2005-05,2종,5833
182,둔내,2005-05,3종,4590
182,둔내,2005-05,4종,1824
182,둔내,2005-05,5종,3152
182,둔내,2005-05,6종,2507
183,면온,2005-05,1종,57712
183,면온,2005-05,2종,1932
183,면온,2005-05,3종,2351
183,면온,2005-05,4종,992
183,면온,2005-05,5종,1102
183,면온,2005-05,6종,1456
184,대관령,2005-05,1종,119324
184,대관령,2005-05,2종,6464
184,대관령,2005-05,3종,12016
184,대관령,2005-05,4종,1373
184,대관령,2005-05,5종,2641
184,대관령,2005-05,6종,4226
185,평창,2005-05,1종,115733
185,평창,2005-05,2종,7317
185,평창,2005-05,3종,11890
185,평창,2005-05,4종,1035
185,평창,2005-05,5종,2785
185,평창,2005-05,6종,3747
186,속사,2005-05,1종,37257
186,속사,2005-05,2종,2685
186,속사,2005-05,3종,1374
186,속사,2005-05,4종,984
186,속사,2005-05,5종,1227
186,속사,2005-05,6종,1092
187,진부,2005-05,1종,118452
187,진부,2005-05,2종,6450
187,진부,2005-05,3종,14724
187,진부,2005-05,4종,1191
187,진부,2005-05,5종,2537
187,진부,2005-05,6종,4382
189,강릉,2005-05,1종,424508
189,강릉,2005-05,2종,24137
189,강릉,2005-05,3종,44832
189,강릉,2005-05,4종,7839
189,강릉,2005-05,5종,11297
189,강릉,2005-05,6종,17217
190,동서울,2005-05,1종,3273254
190,동서울,2005-05,2종,274070
190,동서울,2005-05,3종,186351
190,동서울,2005-05,4종,49292
190,동서울,2005-05,5종,58544
190,동서울,2005-05,6종,100112
191,경기광주,2005-05,1종,712656
191,경기광주,2005-05,2종,55039
191,경기광주,2005-05,3종,23057
191,경기광주,2005-05,4종,7120
191,경기광주,2005-05,5종,6047
191,경기광주,2005-05,6종,31207
192,곤지암,2005-05,1종,750595
192,곤지암,2005-05,2종,85589
192,곤지암,2005-05,3종,18209
192,곤지암,2005-05,4종,15364
192,곤지암,2005-05,5종,18349
192,곤지암,2005-05,6종,25068
193,일죽,2005-05,1종,413595
193,일죽,2005-05,2종,57405
193,일죽,2005-05,3종,20826
193,일죽,2005-05,4종,13940
193,일죽,2005-05,5종,13206
193,일죽,2005-05,6종,12123
194,서이천,2005-05,1종,326536
194,서이천,2005-05,2종,35236
194,서이천,2005-05,3종,13545
194,서이천,2005-05,4종,7334
194,서이천,2005-05,5종,8091
194,서이천,2005-05,6종,12072
195,대소,2005-05,1종,300543
195,대소,2005-05,2종,52128
195,대소,2005-05,3종,13633
195,대소,2005-05,4종,12336
195,대소,2005-05,5종,12178
195,대소,2005-05,6종,9673
196,진천,2005-05,1종,221204
196,진천,2005-05,2종,31089
196,진천,2005-05,3종,8772
196,진천,2005-05,4종,7662
196,진천,2005-05,5종,11888
196,진천,2005-05,6종,7333
197,증평,2005-05,1종,306005
197,증평,2005-05,2종,37812
197,증평,2005-05,3종,12406
197,증평,2005-05,4종,8603
197,증평,2005-05,5종,19114
197,증평,2005-05,6종,9079
198,서청주,2005-05,1종,539942
198,서청주,2005-05,2종,49830
198,서청주,2005-05,3종,25360
198,서청주,2005-05,4종,17982
198,서청주,2005-05,5종,19805
198,서청주,2005-05,6종,19099
199,오창,2005-05,1종,293622
199,오창,2005-05,2종,25877
199,오창,2005-05,3종,13964
199,오창,2005-05,4종,9369
199,오창,2005-05,5종,7901
199,오창,2005-05,6종,9242
200,금산,2005-05,1종,204226
200,금산,2005-05,2종,8903
200,금산,2005-05,3종,3938
200,금산,2005-05,4종,2654
200,금산,2005-05,5종,12182
200,금산,2005-05,6종,7188
201,칠곡,2005-05,1종,527945
201,칠곡,2005-05,2종,28889
201,칠곡,2005-05,3종,12605
201,칠곡,2005-05,4종,4192
201,칠곡,2005-05,5종,7247
201,칠곡,2005-05,6종,27404
202,다부,2005-05,1종,96552
202,다부,2005-05,2종,8854
202,다부,2005-05,3종,2380
202,다부,2005-05,4종,2498
202,다부,2005-05,5종,7042
202,다부,2005-05,6종,3490
203,가산,2005-05,1종,400542
203,가산,2005-05,2종,26697
203,가산,2005-05,3종,6738
203,가산,2005-05,4종,5427
203,가산,2005-05,5종,12886
203,가산,2005-05,6종,15715
204,추부,2005-05,1종,271672
204,추부,2005-05,2종,18782
204,추부,2005-05,3종,5933
204,추부,2005-05,4종,4417
204,추부,2005-05,5종,7490
204,추부,2005-05,6종,12358
205,군위,2005-05,1종,118557
205,군위,2005-05,2종,11254
205,군위,2005-05,3종,1268
205,군위,2005-05,4종,1418
205,군위,2005-05,5종,4861
205,군위,2005-05,6종,4559
206,의성,2005-05,1종,163201
206,의성,2005-05,2종,10765
206,의성,2005-05,3종,2738
206,의성,2005-05,4종,2134
206,의성,2005-05,5종,4006
206,의성,2005-05,6종,5801
207,남안동,2005-05,1종,231108
207,남안동,2005-05,2종,13774
207,남안동,2005-05,3종,11064
207,남안동,2005-05,4종,2275
207,남안동,2005-05,5종,7294
207,남안동,2005-05,6종,8559
208,서안동,2005-05,1종,179665
208,서안동,2005-05,2종,11545
208,서안동,2005-05,3종,8703
208,서안동,2005-05,4종,2149
208,서안동,2005-05,5종,7515
208,서안동,2005-05,6종,6337
209,예천,2005-05,1종,36421
209,예천,2005-05,2종,1680
209,예천,2005-05,3종,727
209,예천,2005-05,4종,428
209,예천,2005-05,5종,3590
209,예천,2005-05,6종,1507
210,영주,2005-05,1종,131677
210,영주,2005-05,2종,9186
210,영주,2005-05,3종,5353
210,영주,2005-05,4종,1438
210,영주,2005-05,5종,7208
210,영주,2005-05,6종,4955
211,풍기,2005-05,1종,166820
211,풍기,2005-05,2종,10076
211,풍기,2005-05,3종,15186
211,풍기,2005-05,4종,1199
211,풍기,2005-05,5종,6853
211,풍기,2005-05,6종,6406
212,북수원,2005-05,1종,1386639
212,북수원,2005-05,2종,85566
212,북수원,2005-05,3종,49122
212,북수원,2005-05,4종,23761
212,북수원,2005-05,5종,26954
212,북수원,2005-05,6종,63650
213,부곡,2005-05,1종,264771
213,부곡,2005-05,2종,14508
213,부곡,2005-05,3종,4360
213,부곡,2005-05,4종,5501
213,부곡,2005-05,5종,66750
213,부곡,2005-05,6종,13683
214,동군포,2005-05,1종,139577
214,동군포,2005-05,2종,21270
214,동군포,2005-05,3종,5879
214,동군포,2005-05,4종,12700
214,동군포,2005-05,5종,8574
214,동군포,2005-05,6종,6309
215,군포,2005-05,1종,707886
215,군포,2005-05,2종,81039
215,군포,2005-05,3종,20212
215,군포,2005-05,4종,18154
215,군포,2005-05,5종,27864
215,군포,2005-05,6종,31078
216,횡성,2005-05,1종,119012
216,횡성,2005-05,2종,9552
216,횡성,2005-05,3종,3872
216,횡성,2005-05,4종,2105
216,횡성,2005-05,5종,3724
216,횡성,2005-05,6종,4759
217,북원주,2005-05,1종,61467
217,북원주,2005-05,2종,4831
217,북원주,2005-05,3종,842
217,북원주,2005-05,4종,1098
217,북원주,2005-05,5종,1172
217,북원주,2005-05,6종,3017
218,남원주,2005-05,1종,499173
218,남원주,2005-05,2종,28964
218,남원주,2005-05,3종,16142
218,남원주,2005-05,4종,5443
218,남원주,2005-05,5종,9014
218,남원주,2005-05,6종,20155
219,신림,2005-05,1종,99343
219,신림,2005-05,2종,5128
219,신림,2005-05,3종,3831
219,신림,2005-05,4종,1060
219,신림,2005-05,5종,12555
219,신림,2005-05,6종,3147
221,생초,2005-05,1종,45739
221,생초,2005-05,2종,9386
221,생초,2005-05,3종,2873
221,생초,2005-05,4종,3282
221,생초,2005-05,5종,7425
221,생초,2005-05,6종,1590
222,산청,2005-05,1종,55896
222,산청,2005-05,2종,3135
222,산청,2005-05,3종,2681
222,산청,2005-05,4종,684
222,산청,2005-05,5종,1335
222,산청,2005-05,6종,2154
223,단성,2005-05,1종,89606
223,단성,2005-05,2종,5086
223,단성,2005-05,3종,7073
223,단성,2005-05,4종,1548
223,단성,2005-05,5종,3422
223,단성,2005-05,6종,3129
224,함양,2005-05,1종,100902
224,함양,2005-05,2종,7016
224,함양,2005-05,3종,5818
224,함양,2005-05,4종,1144
224,함양,2005-05,5종,5501
224,함양,2005-05,6종,4610
225,서진주,2005-05,1종,294437
225,서진주,2005-05,2종,11913
225,서진주,2005-05,3종,5638
225,서진주,2005-05,4종,1994
225,서진주,2005-05,5종,4912
225,서진주,2005-05,6종,17833
227,군산,2005-05,1종,106056
227,군산,2005-05,2종,6008
227,군산,2005-05,3종,6246
227,군산,2005-05,4종,1457
227,군산,2005-05,5종,3410
227,군산,2005-05,6종,3053
228,동군산,2005-05,1종,324648
228,동군산,2005-05,2종,28846
228,동군산,2005-05,3종,11572
228,동군산,2005-05,4종,6798
228,동군산,2005-05,5종,23646
228,동군산,2005-05,6종,7840
231,화원옥포,2005-05,1종,1492048
231,화원옥포,2005-05,2종,195234
231,화원옥포,2005-05,3종,86543
231,화원옥포,2005-05,4종,49248
231,화원옥포,2005-05,5종,126566
231,화원옥포,2005-05,6종,60899
232,달성,2005-05,1종,222979
232,달성,2005-05,2종,28438
232,달성,2005-05,3종,12146
232,달성,2005-05,4종,6038
232,달성,2005-05,5종,4434
232,달성,2005-05,6종,15176
233,현풍,2005-05,1종,264261
233,현풍,2005-05,2종,38573
233,현풍,2005-05,3종,8147
233,현풍,2005-05,4종,8170
233,현풍,2005-05,5종,21096
233,현풍,2005-05,6종,10808
234,서천,2005-05,1종,122571
234,서천,2005-05,2종,12326
234,서천,2005-05,3종,2733
234,서천,2005-05,4종,5718
234,서천,2005-05,5종,11989
234,서천,2005-05,6종,3197
235,창녕,2005-05,1종,156468
235,창녕,2005-05,2종,11267
235,창녕,2005-05,3종,8576
235,창녕,2005-05,4종,1387
235,창녕,2005-05,5종,4162
235,창녕,2005-05,6종,7088
236,영산,2005-05,1종,164493
236,영산,2005-05,2종,16717
236,영산,2005-05,3종,8514
236,영산,2005-05,4종,2164
236,영산,2005-05,5종,2966
236,영산,2005-05,6종,7484
237,남지,2005-05,1종,164467
237,남지,2005-05,2종,19210
237,남지,2005-05,3종,10544
237,남지,2005-05,4종,5350
237,남지,2005-05,5종,18098
237,남지,2005-05,6종,9743
238,칠서,2005-05,1종,183580
238,칠서,2005-05,2종,25409
238,칠서,2005-05,3종,4784
238,칠서,2005-05,4종,18191
238,칠서,2005-05,5종,20600
238,칠서,2005-05,6종,10821
239,칠원,2005-05,1종,445191
239,칠원,2005-05,2종,39715
239,칠원,2005-05,3종,27153
239,칠원,2005-05,4종,23457
239,칠원,2005-05,5종,34501
239,칠원,2005-05,6종,23946
240,제천,2005-05,1종,338859
240,제천,2005-05,2종,20440
240,제천,2005-05,3종,18943
240,제천,2005-05,4종,3712
240,제천,2005-05,5종,19368
240,제천,2005-05,6종,11526
241,동고령,2005-05,1종,152695
241,동고령,2005-05,2종,15676
241,동고령,2005-05,3종,9746
241,동고령,2005-05,4종,3259
241,동고령,2005-05,5종,6014
241,동고령,2005-05,6종,6149
242,고령,2005-05,1종,154237
242,고령,2005-05,2종,13212
242,고령,2005-05,3종,4065
242,고령,2005-05,4종,2316
242,고령,2005-05,5종,4233
242,고령,2005-05,6종,6453
243,해인사,2005-05,1종,90313
243,해인사,2005-05,2종,4846
243,해인사,2005-05,3종,3978
243,해인사,2005-05,4종,1172
243,해인사,2005-05,5종,561
243,해인사,2005-05,6종,4322
244,서부산,2005-05,1종,1997687
244,서부산,2005-05,2종,157846
244,서부산,2005-05,3종,83718
244,서부산,2005-05,4종,52416
244,서부산,2005-05,5종,172185
244,서부산,2005-05,6종,109645
245,장유,2005-05,1종,1334643
245,장유,2005-05,2종,82857
245,장유,2005-05,3종,35139
245,장유,2005-05,4종,19349
245,장유,2005-05,5종,52838
245,장유,2005-05,6종,93931
246,가락,2005-05,1종,405535
246,가락,2005-05,2종,39449
246,가락,2005-05,3종,6741
246,가락,2005-05,4종,14802
246,가락,2005-05,5종,28568
246,가락,2005-05,6종,23865
247,남원,2005-05,1종,166397
247,남원,2005-05,2종,13371
247,남원,2005-05,3종,11496
247,남원,2005-05,4종,3364
247,남원,2005-05,5종,7090
247,남원,2005-05,6종,5223
248,순창,2005-05,1종,72534
248,순창,2005-05,2종,4708
248,순창,2005-05,3종,1775
248,순창,2005-05,4종,1358
248,순창,2005-05,5종,1489
248,순창,2005-05,6종,2474
249,담양,2005-05,1종,101166
249,담양,2005-05,2종,5824
249,담양,2005-05,3종,11685
249,담양,2005-05,4종,1377
249,담양,2005-05,5종,4535
249,담양,2005-05,6종,3247
250,남양산,2005-05,1종,830002
250,남양산,2005-05,2종,83471
250,남양산,2005-05,3종,22674
250,남양산,2005-05,4종,25285
250,남양산,2005-05,5종,42947
250,남양산,2005-05,6종,52348
251,물금,2005-05,1종,184765
251,물금,2005-05,2종,37233
251,물금,2005-05,3종,7299
251,물금,2005-05,4종,22125
251,물금,2005-05,5종,118536
251,물금,2005-05,6종,9588
252,대동,2005-05,1종,1791830
252,대동,2005-05,2종,248874
252,대동,2005-05,3종,55698
252,대동,2005-05,4종,71102
252,대동,2005-05,5종,216606
252,대동,2005-05,6종,85536
253,서서울,2005-05,1종,4223988
253,서서울,2005-05,2종,334561
253,서서울,2005-05,3종,101842
253,서서울,2005-05,4종,76273
253,서서울,2005-05,5종,109273
253,서서울,2005-05,6종,161352
254,군자,2005-05,1종,2658814
254,군자,2005-05,2종,271767
254,군자,2005-05,3종,80172
254,군자,2005-05,4종,69592
254,군자,2005-05,5종,237571
254,군자,2005-05,6종,121921
255,서안산,2005-05,1종,1028568
255,서안산,2005-05,2종,122943
255,서안산,2005-05,3종,15380
255,서안산,2005-05,4종,26318
255,서안산,2005-05,5종,46778
255,서안산,2005-05,6종,50361
256,안산,2005-05,1종,1099837
256,안산,2005-05,2종,42403
256,안산,2005-05,3종,12121
256,안산,2005-05,4종,5265
256,안산,2005-05,5종,10053
256,안산,2005-05,6종,58997
257,홍성,2005-05,1종,307133
257,홍성,2005-05,2종,15371
257,홍성,2005-05,3종,12280
257,홍성,2005-05,4종,1962
257,홍성,2005-05,5종,6446
257,홍성,2005-05,6종,7522
258,광천,2005-05,1종,101270
258,광천,2005-05,2종,10668
258,광천,2005-05,3종,2077
258,광천,2005-05,4종,1588
258,광천,2005-05,5종,7842
258,광천,2005-05,6종,2499
259,대천,2005-05,1종,253897
259,대천,2005-05,2종,15032
259,대천,2005-05,3종,7602
259,대천,2005-05,4종,2020
259,대천,2005-05,5종,3540
259,대천,2005-05,6종,7446
260,춘장대,2005-05,1종,54370
260,춘장대,2005-05,2종,2925
260,춘장대,2005-05,3종,1103
260,춘장대,2005-05,4종,678
260,춘장대,2005-05,5종,3169
260,춘장대,2005-05,6종,1208
261,동광주,2005-05,1종,1006195
261,동광주,2005-05,2종,64100
261,동광주,2005-05,3종,62698
261,동광주,2005-05,4종,23684
261,동광주,2005-05,5종,50554
261,동광주,2005-05,6종,30242
262,창평,2005-05,1종,65956
262,창평,2005-05,2종,4590
262,창평,2005-05,3종,1174
262,창평,2005-05,4종,3214
262,창평,2005-05,5종,1862
262,창평,2005-05,6종,1909
263,옥과,2005-05,1종,178213
263,옥과,2005-05,2종,7276
263,옥과,2005-05,3종,11484
263,옥과,2005-05,4종,4249
263,옥과,2005-05,5종,5226
263,옥과,2005-05,6종,6200
264,동남원,2005-05,1종,42338
264,동남원,2005-05,2종,3128
264,동남원,2005-05,3종,2026
264,동남원,2005-05,4종,1599
264,동남원,2005-05,5종,2523
264,동남원,2005-05,6종,1496
265,곡성,2005-05,1종,140580
265,곡성,2005-05,2종,7990
265,곡성,2005-05,3종,4007
265,곡성,2005-05,4종,3465
265,곡성,2005-05,5종,6008
265,곡성,2005-05,6종,4537
266,석곡,2005-05,1종,48460
266,석곡,2005-05,2종,2595
266,석곡,2005-05,3종,2372
266,석곡,2005-05,4종,351
266,석곡,2005-05,5종,972
266,석곡,2005-05,6종,1631
267,주암송광사,2005-05,1종,139866
267,주암송광사,2005-05,2종,9831
267,주암송광사,2005-05,3종,4926
267,주암송광사,2005-05,4종,3592
267,주암송광사,2005-05,5종,8970
267,주암송광사,2005-05,6종,4135
268,승주,2005-05,1종,55186
268,승주,2005-05,2종,2690
268,승주,2005-05,3종,2296
268,승주,2005-05,4종,424
268,승주,2005-05,5종,785
268,승주,2005-05,6종,2280
269,지리산,2005-05,1종,61362
269,지리산,2005-05,2종,3994
269,지리산,2005-05,3종,5948
269,지리산,2005-05,4종,1675
269,지리산,2005-05,5종,587
269,지리산,2005-05,6종,1716
270,서순천,2005-05,1종,176937
270,서순천,2005-05,2종,10574
270,서순천,2005-05,3종,11766
270,서순천,2005-05,4종,2555
270,서순천,2005-05,5종,16897
270,서순천,2005-05,6종,6429
271,순천,2005-05,1종,507086
271,순천,2005-05,2종,30351
271,순천,2005-05,3종,19600
271,순천,2005-05,4종,8245
271,순천,2005-05,5종,24257
271,순천,2005-05,6종,18239
272,광양,2005-05,1종,195144
272,광양,2005-05,2종,25363
272,광양,2005-05,3종,15203
272,광양,2005-05,4종,13957
272,광양,2005-05,5종,56854
272,광양,2005-05,6종,6228
273,동광양,2005-05,1종,108427
273,동광양,2005-05,2종,4218
273,동광양,2005-05,3종,2881
273,동광양,2005-05,4종,1390
273,동광양,2005-05,5종,32766
273,동광양,2005-05,6종,6389
274,가조,2005-05,1종,64206
274,가조,2005-05,2종,4484
274,가조,2005-05,3종,2516
274,가조,2005-05,4종,1337
274,가조,2005-05,5종,694
274,가조,2005-05,6종,4228
275,옥곡,2005-05,1종,104841
275,옥곡,2005-05,2종,4736
275,옥곡,2005-05,3종,4166
275,옥곡,2005-05,4종,718
275,옥곡,2005-05,5종,4853
275,옥곡,2005-05,6종,4822
276,진월,2005-05,1종,83719
276,진월,2005-05,2종,4256
276,진월,2005-05,3종,1844
276,진월,2005-05,4종,2312
276,진월,2005-05,5종,50467
276,진월,2005-05,6종,3127
277,하동,2005-05,1종,187135
277,하동,2005-05,2종,9652
277,하동,2005-05,3종,9779
277,하동,2005-05,4종,2615
277,하동,2005-05,5종,37009
277,하동,2005-05,6종,8218
278,진교,2005-05,1종,187401
278,진교,2005-05,2종,10198
278,진교,2005-05,3종,14293
278,진교,2005-05,4종,1083
278,진교,2005-05,5종,2525
278,진교,2005-05,6종,11548
279,곤양,2005-05,1종,131848
279,곤양,2005-05,2종,8240
279,곤양,2005-05,3종,5781
279,곤양,2005-05,4종,2228
279,곤양,2005-05,5종,4266
279,곤양,2005-05,6종,8429
280,거창,2005-05,1종,184688
280,거창,2005-05,2종,13224
280,거창,2005-05,3종,12810
280,거창,2005-05,4종,2847
280,거창,2005-05,5종,5681
280,거창,2005-05,6종,9341
281,매송,2005-05,1종,531002
281,매송,2005-05,2종,55849
281,매송,2005-05,3종,17563
281,매송,2005-05,4종,13948
281,매송,2005-05,5종,26488
281,매송,2005-05,6종,20474
282,비봉,2005-05,1종,655706
282,비봉,2005-05,2종,67669
282,비봉,2005-05,3종,14522
282,비봉,2005-05,4종,13673
282,비봉,2005-05,5종,37327
282,비봉,2005-05,6종,23273
283,발안,2005-05,1종,469661
283,발안,2005-05,2종,52598
283,발안,2005-05,3종,7359
283,발안,2005-05,4종,10562
283,발안,2005-05,5종,25508
283,발안,2005-05,6종,14413
284,남양양,2005-05,1종,194660
284,남양양,2005-05,2종,8654
284,남양양,2005-05,3종,14694
284,남양양,2005-05,4종,3054
284,남양양,2005-05,5종,7141
284,남양양,2005-05,6종,4958
285,서평택,2005-05,1종,677846
285,서평택,2005-05,2종,67538
285,서평택,2005-05,3종,15070
285,서평택,2005-05,4종,28632
285,서평택,2005-05,5종,77457
285,서평택,2005-05,6종,20976
287,송악,2005-05,1종,423221
287,송악,2005-05,2종,34027
287,송악,2005-05,3종,13473
287,송악,2005-05,4종,10716
287,송악,2005-05,5종,57180
287,송악,2005-05,6종,11075
288,당진,2005-05,1종,309223
288,당진,2005-05,2종,25804
288,당진,2005-05,3종,12214
288,당진,2005-05,4종,7323
288,당진,2005-05,5종,27343
288,당진,2005-05,6종,8342
289,마산,2005-05,1종,956005
289,마산,2005-05,2종,65143
289,마산,2005-05,3종,41749
289,마산,2005-05,4종,17253
289,마산,2005-05,5종,30965
289,마산,2005-05,6종,56248
290,축동,2005-05,1종,30286
290,축동,2005-05,2종,2770
290,축동,2005-05,3종,343
290,축동,2005-05,4종,1069
290,축동,2005-05,5종,2169
290,축동,2005-05,6종,2168
291,사천,2005-05,1종,674936
291,사천,2005-05,2종,48700
291,사천,2005-05,3종,35206
291,사천,2005-05,4종,8849
291,사천,2005-05,5종,28788
291,사천,2005-05,6종,35832
292,진주,2005-05,1종,567124
292,진주,2005-05,2종,40948
292,진주,2005-05,3종,36429
292,진주,2005-05,4종,8368
292,진주,2005-05,5종,25861
292,진주,2005-05,6종,35017
293,문산,2005-05,1종,179032
293,문산,2005-05,2종,18286
293,문산,2005-05,3종,2847
293,문산,2005-05,4종,3529
293,문산,2005-05,5종,9085
293,문산,2005-05,6종,9642
294,북창원,2005-05,1종,265248
294,북창원,2005-05,2종,17635
294,북창원,2005-05,3종,3250
294,북창원,2005-05,4종,5662
294,북창원,2005-05,5종,6478
294,북창원,2005-05,6종,12448
295,진성,2005-05,1종,133232
295,진성,2005-05,2종,13005
295,진성,2005-05,3종,5606
295,진성,2005-05,4종,2630
295,진성,2005-05,5종,10295
295,진성,2005-05,6종,6581
296,지수,2005-05,1종,50060
296,지수,2005-05,2종,4547
296,지수,2005-05,3종,847
296,지수,2005-05,4종,483
296,지수,2005-05,5종,1107
296,지수,2005-05,6종,2460
298,서산,2005-05,1종,378138
298,서산,2005-05,2종,24249
298,서산,2005-05,3종,13916
298,서산,2005-05,4종,6970
298,서산,2005-05,5종,14199
298,서산,2005-05,6종,9905
299,해미,2005-05,1종,181258
299,해미,2005-05,2종,13092
299,해미,2005-05,3종,9146
299,해미,2005-05,4종,3085
299,해미,2005-05,5종,9934
299,해미,2005-05,6종,5016
501,서김제,2005-05,1종,67456
501,서김제,2005-05,2종,7451
501,서김제,2005-05,3종,1932
501,서김제,2005-05,4종,1299
501,서김제,2005-05,5종,2881
501,서김제,2005-05,6종,1648
502,부안,2005-05,1종,96954
502,부안,2005-05,2종,9359
502,부안,2005-05,3종,4570
502,부안,2005-05,4종,2213
502,부안,2005-05,5종,6469
502,부안,2005-05,6종,2407
503,줄포,2005-05,1종,56449
503,줄포,2005-05,2종,3254
503,줄포,2005-05,3종,3351
503,줄포,2005-05,4종,301
503,줄포,2005-05,5종,1015
503,줄포,2005-05,6종,1155
504,선운산,2005-05,1종,73463
504,선운산,2005-05,2종,12173
504,선운산,2005-05,3종,8989
504,선운산,2005-05,4종,1897
504,선운산,2005-05,5종,4295
504,선운산,2005-05,6종,1553
505,고창,2005-05,1종,78115
505,고창,2005-05,2종,6232
505,고창,2005-05,3종,1967
505,고창,2005-05,4종,595
505,고창,2005-05,5종,1355
505,고창,2005-05,6종,1860
506,영광,2005-05,1종,63376
506,영광,2005-05,2종,6816
506,영광,2005-05,3종,4028
506,영광,2005-05,4종,604
506,영광,2005-05,5종,947
506,영광,2005-05,6종,1509
507,함평,2005-05,1종,74151
507,함평,2005-05,2종,13797
507,함평,2005-05,3종,2906
507,함평,2005-05,4종,1251
507,함평,2005-05,5종,3501
507,함평,2005-05,6종,1578
508,무안,2005-05,1종,299551
508,무안,2005-05,2종,25579
508,무안,2005-05,3종,11151
508,무안,2005-05,4종,3898
508,무안,2005-05,5종,14146
508,무안,2005-05,6종,7173
509,목포,2005-05,1종,440076
509,목포,2005-05,2종,37372
509,목포,2005-05,3종,23790
509,목포,2005-05,4종,6003
509,목포,2005-05,5종,22303
509,목포,2005-05,6종,10386
511,무창포,2005-05,1종,51562
511,무창포,2005-05,2종,4984
511,무창포,2005-05,3종,963
511,무창포,2005-05,4종,636
511,무창포,2005-05,5종,5817
511,무창포,2005-05,6종,1132
521,단양,2005-05,1종,77270
521,단양,2005-05,2종,3540
521,단양,2005-05,3종,7320
521,단양,2005-05,4종,534
521,단양,2005-05,5종,7770
521,단양,2005-05,6종,2877
522,북단양,2005-05,1종,78888
522,북단양,2005-05,2종,4851
522,북단양,2005-05,3종,6587
522,북단양,2005-05,4종,1495
522,북단양,2005-05,5종,21358
522,북단양,2005-05,6종,2419
523,남제천,2005-05,1종,49535
523,남제천,2005-05,2종,2163
523,남제천,2005-05,3종,3248
523,남제천,2005-05,4종,429
523,남제천,2005-05,5종,1049
523,남제천,2005-05,6종,1490
524,청통와촌,2005-05,1종,172064
524,청통와촌,2005-05,2종,15805
524,청통와촌,2005-05,3종,3366
524,청통와촌,2005-05,4종,2339
524,청통와촌,2005-05,5종,4681
524,청통와촌,2005-05,6종,6265
525,북영천,2005-05,1종,135343
525,북영천,2005-05,2종,11734
525,북영천,2005-05,3종,2409
525,북영천,2005-05,4종,2909
525,북영천,2005-05,5종,19488
525,북영천,2005-05,6종,4326
526,서포항,2005-05,1종,68301
526,서포항,2005-05,2종,3235
526,서포항,2005-05,3종,1350
526,서포항,2005-05,4종,762
526,서포항,2005-05,5종,2322
526,서포항,2005-05,6종,2689
527,포항,2005-05,1종,484219
527,포항,2005-05,2종,18611
527,포항,2005-05,3종,17787
527,포항,2005-05,4종,3782
527,포항,2005-05,5종,24529
527,포항,2005-05,6종,17521
530,내장산,2005-05,1종,36128
530,내장산,2005-05,2종,2590
530,내장산,2005-05,3종,420
530,내장산,2005-05,4종,492
530,내장산,2005-05,5종,676
530,내장산,2005-05,6종,1020
540,청북,2005-05,1종,278964
540,청북,2005-05,2종,52337
540,청북,2005-05,3종,8941
540,청북,2005-05,4종,14774
540,청북,2005-05,5종,34585
540,청북,2005-05,6종,8135
541,송탄,2005-05,1종,323030
541,송탄,2005-05,2종,35154
541,송탄,2005-05,3종,7444
541,송탄,2005-05,4종,8120
541,송탄,2005-05,5종,13456
541,송탄,2005-05,6종,10854
542,서안성,2005-05,1종,174348
542,서안성,2005-05,2종,30306
542,서안성,2005-05,3종,6636
542,서안성,2005-05,4종,8045
542,서안성,2005-05,5종,13488
542,서안성,2005-05,6종,5686
560,감곡,2005-05,1종,236315
560,감곡,2005-05,2종,21925
560,감곡,2005-05,3종,14114
560,감곡,2005-05,4종,5273
560,감곡,2005-05,5종,38701
560,감곡,2005-05,6종,6085
561,북충주,2005-05,1종,63161
561,북충주,2005-05,2종,4238
561,북충주,2005-05,3종,1189
561,북충주,2005-05,4종,586
561,북충주,2005-05,5종,1239
561,북충주,2005-05,6종,1825
562,충주,2005-05,1종,197509
562,충주,2005-05,2종,17336
562,충주,2005-05,3종,14290
562,충주,2005-05,4종,6090
562,충주,2005-05,5종,10293
562,충주,2005-05,6종,6685
563,괴산,2005-05,1종,44409
563,괴산,2005-05,2종,1912
563,괴산,2005-05,3종,2683
563,괴산,2005-05,4종,474
563,괴산,2005-05,5종,598
563,괴산,2005-05,6종,1199
564,연풍,2005-05,1종,54384
564,연풍,2005-05,2종,16735
564,연풍,2005-05,3종,6561
564,연풍,2005-05,4종,5315
564,연풍,2005-05,5종,8970
564,연풍,2005-05,6종,1231
565,문경새재,2005-05,1종,101359
565,문경새재,2005-05,2종,11271
565,문경새재,2005-05,3종,6644
565,문경새재,2005-05,4종,3074
565,문경새재,2005-05,5종,5322
565,문경새재,2005-05,6종,3157
566,점촌함창,2005-05,1종,120846
566,점촌함창,2005-05,2종,7926
566,점촌함창,2005-05,3종,4945
566,점촌함창,2005-05,4종,2144
566,점촌함창,2005-05,5종,5133
566,점촌함창,2005-05,6종,4059
570,북상주,2005-05,1종,103118
570,북상주,2005-05,2종,10395
570,북상주,2005-05,3종,4556
570,북상주,2005-05,4종,1813
570,북상주,2005-05,5종,5424
570,북상주,2005-05,6종,3739
580,북강릉,2005-05,1종,93726
580,북강릉,2005-05,2종,5582
580,북강릉,2005-05,3종,2860
580,북강릉,2005-05,4종,1164
580,북강릉,2005-05,5종,3711
580,북강릉,2005-05,6종,3111
581,옥계,2005-05,1종,69477
581,옥계,2005-05,2종,4655
581,옥계,2005-05,3종,4111
581,옥계,2005-05,4종,2892
581,옥계,2005-05,5종,12085
581,옥계,2005-05,6종,4005
582,망상,2005-05,1종,62496
582,망상,2005-05,2종,3700
582,망상,2005-05,3종,11857
582,망상,2005-05,4종,675
582,망상,2005-05,5종,1262
582,망상,2005-05,6종,2643
583,동해,2005-05,1종,223545
583,동해,2005-05,2종,13478
583,동해,2005-05,3종,14275
583,동해,2005-05,4종,5028
583,동해,2005-05,5종,13800
583,동해,2005-05,6종,9597
601,남천안,2005-05,1종,206551
601,남천안,2005-05,2종,51240
601,남천안,2005-05,3종,13192
601,남천안,2005-05,4종,14997
601,남천안,2005-05,5종,21227
601,남천안,2005-05,6종,5552
602,풍세상,2005-05,1종,618125
602,풍세상,2005-05,2종,60676
602,풍세상,2005-05,3종,84779
602,풍세상,2005-05,4종,20498
602,풍세상,2005-05,5종,37249
602,풍세상,2005-05,6종,14819
603,정안,2005-05,1종,122449
603,정안,2005-05,2종,21570
603,정안,2005-05,3종,10837
603,정안,2005-05,4종,6046
603,정안,2005-05,5종,8477
603,정안,2005-05,6종,3082
604,남공주,2005-05,1종,28875
604,남공주,2005-05,2종,2284
604,남공주,2005-05,3종,940
604,남공주,2005-05,4종,718
604,남공주,2005-05,5종,962
604,남공주,2005-05,6종,791
605,탄천,2005-05,1종,22248
605,탄천,2005-05,2종,2122
605,탄천,2005-05,3종,856
605,탄천,2005-05,4종,287
605,탄천,2005-05,5종,710
605,탄천,2005-05,6종,587
606,서논산,2005-05,1종,64209
606,서논산,2005-05,2종,9943
606,서논산,2005-05,3종,4494
606,서논산,2005-05,4종,3442
606,서논산,2005-05,5종,5185
606,서논산,2005-05,6종,1870
607,연무,2005-05,1종,44048
607,연무,2005-05,2종,3205
607,연무,2005-05,3종,1627
607,연무,2005-05,4종,901
607,연무,2005-05,5종,1322
607,연무,2005-05,6종,1173
608,남논산하,2005-05,1종,422959
608,남논산하,2005-05,2종,41879
608,남논산하,2005-05,3종,70694
608,남논산하,2005-05,4종,15322
608,남논산하,2005-05,5종,25106
608,남논산하,2005-05,6종,9218
11,인천,2005-06,1종,3190193
11,인천,2005-06,2종,166495
11,인천,2005-06,3종,43373
11,인천,2005-06,4종,51398
11,인천,2005-06,5종,117480
11,인천,2005-06,6종,190815
53,남인천,2005-06,1종,1725092
53,남인천,2005-06,2종,85172
53,남인천,2005-06,3종,26914
53,남인천,2005-06,4종,21361
53,남인천,2005-06,5종,73655
53,남인천,2005-06,6종,87450
56,일로,2005-06,1종,20279
56,일로,2005-06,2종,1298
56,일로,2005-06,3종,138
56,일로,2005-06,4종,138
56,일로,2005-06,5종,243
56,일로,2005-06,6종,1091
61,성남,2005-06,1종,3104770
61,성남,2005-06,2종,229245
61,성남,2005-06,3종,85894
61,성남,2005-06,4종,40501
61,성남,2005-06,5종,58692
61,성남,2005-06,6종,130543
62,구리남양주,2005-06,1종,3855742
62,구리남양주,2005-06,2종,289025
62,구리남양주,2005-06,3종,77301
62,구리남양주,2005-06,4종,65349
62,구리남양주,2005-06,5종,75854
62,구리남양주,2005-06,6종,165118
63,토평,2005-06,1종,498415
63,토평,2005-06,2종,24638
63,토평,2005-06,3종,2877
63,토평,2005-06,4종,6362
63,토평,2005-06,5종,14637
63,토평,2005-06,6종,22011
64,청계,2005-06,1종,4150925
64,청계,2005-06,2종,246869
64,청계,2005-06,3종,86446
64,청계,2005-06,4종,33881
64,청계,2005-06,5종,74387
64,청계,2005-06,6종,188134
65,판교,2005-06,1종,2418726
65,판교,2005-06,2종,58556
65,판교,2005-06,3종,104994
65,판교,2005-06,4종,18645
65,판교,2005-06,5종,15185
65,판교,2005-06,6종,83938
66,하남,2005-06,1종,615433
66,하남,2005-06,2종,37922
66,하남,2005-06,3종,18375
66,하남,2005-06,4종,9753
66,하남,2005-06,5종,14091
66,하남,2005-06,6종,22495
67,시흥,2005-06,1종,3498626
67,시흥,2005-06,2종,231616
67,시흥,2005-06,3종,83224
67,시흥,2005-06,4종,51035
67,시흥,2005-06,5종,61008
67,시흥,2005-06,6종,154216
68,김포,2005-06,1종,3588665
68,김포,2005-06,2종,246140
68,김포,2005-06,3종,49020
68,김포,2005-06,4종,43686
68,김포,2005-06,5종,95129
68,김포,2005-06,6종,164754
91,대동(개),2005-06,1종,174783
91,대동(개),2005-06,2종,16928
91,대동(개),2005-06,3종,1390
91,대동(개),2005-06,4종,33651
91,대동(개),2005-06,5종,17750
91,대동(개),2005-06,6종,9453
92,내서,2005-06,1종,150980
92,내서,2005-06,2종,5867
92,내서,2005-06,3종,1056
92,내서,2005-06,4종,1841
92,내서,2005-06,5종,3008
92,내서,2005-06,6종,19820
101,서울,2005-06,1종,5023091
101,서울,2005-06,2종,307525
101,서울,2005-06,3종,375909
101,서울,2005-06,4종,57933
101,서울,2005-06,5종,47692
101,서울,2005-06,6종,176962
102,동수원,2005-06,1종,1999615
102,동수원,2005-06,2종,73019
102,동수원,2005-06,3종,63599
102,동수원,2005-06,4종,12949
102,동수원,2005-06,5종,20304
102,동수원,2005-06,6종,87003
103,수원신갈,2005-06,1종,2076448
103,수원신갈,2005-06,2종,144491
103,수원신갈,2005-06,3종,89138
103,수원신갈,2005-06,4종,29250
103,수원신갈,2005-06,5종,31571
103,수원신갈,2005-06,6종,99388
104,지곡,2005-06,1종,29741
104,지곡,2005-06,2종,3125
104,지곡,2005-06,3종,1228
104,지곡,2005-06,4종,612
104,지곡,2005-06,5종,1412
104,지곡,2005-06,6종,1165
105,기흥,2005-06,1종,980345
105,기흥,2005-06,2종,87001
105,기흥,2005-06,3종,27246
105,기흥,2005-06,4종,17457
105,기흥,2005-06,5종,23069
105,기흥,2005-06,6종,36865
106,오산,2005-06,1종,1099041
106,오산,2005-06,2종,125741
106,오산,2005-06,3종,47467
106,오산,2005-06,4종,26963
106,오산,2005-06,5종,33019
106,오산,2005-06,6종,44322
107,안성,2005-06,1종,945800
107,안성,2005-06,2종,96980
107,안성,2005-06,3종,45760
107,안성,2005-06,4종,22403
107,안성,2005-06,5종,31936
107,안성,2005-06,6종,35350
108,천안,2005-06,1종,1127863
108,천안,2005-06,2종,87771
108,천안,2005-06,3종,66011
108,천안,2005-06,4종,25628
108,천안,2005-06,5종,32014
108,천안,2005-06,6종,39368
109,계룡,2005-06,1종,138010
109,계룡,2005-06,2종,13365
109,계룡,2005-06,3종,7547
109,계룡,2005-06,4종,8297
109,계룡,2005-06,5종,5667
109,계룡,2005-06,6종,6167
110,독립기념관,2005-06,1종,316585
110,독립기념관,2005-06,2종,46150
110,독립기념관,2005-06,3종,19033
110,독립기념관,2005-06,4종,18544
110,독립기념관,2005-06,5종,25320
110,독립기념관,2005-06,6종,8889
111,청주,2005-06,1종,483851
111,청주,2005-06,2종,41466
111,청주,2005-06,3종,39096
111,청주,2005-06,4종,12275
111,청주,2005-06,5종,18392
111,청주,2005-06,6종,16189
112,남청주,2005-06,1종,422729
112,남청주,2005-06,2종,54634
112,남청주,2005-06,3종,26424
112,남청주,2005-06,4종,27849
112,남청주,2005-06,5종,32418
112,남청주,2005-06,6종,14062
113,신탄진,2005-06,1종,476124
113,신탄진,2005-06,2종,67843
113,신탄진,2005-06,3종,17156
113,신탄진,2005-06,4종,33712
113,신탄진,2005-06,5종,39271
113,신탄진,2005-06,6종,16952
114,남대전,2005-06,1종,248491
114,남대전,2005-06,2종,13679
114,남대전,2005-06,3종,3968
114,남대전,2005-06,4종,2825
114,남대전,2005-06,5종,4461
114,남대전,2005-06,6종,10980
115,대전,2005-06,1종,1136704
115,대전,2005-06,2종,62660
115,대전,2005-06,3종,73317
115,대전,2005-06,4종,15068
115,대전,2005-06,5종,21164
115,대전,2005-06,6종,46098
116,옥천,2005-06,1종,336106
116,옥천,2005-06,2종,35668
116,옥천,2005-06,3종,8357
116,옥천,2005-06,4종,13568
116,옥천,2005-06,5종,11165
116,옥천,2005-06,6종,14429
117,금강,2005-06,1종,44729
117,금강,2005-06,2종,2166
117,금강,2005-06,3종,329
117,금강,2005-06,4종,1314
117,금강,2005-06,5종,726
117,금강,2005-06,6종,1904
118,영동,2005-06,1종,101700
118,영동,2005-06,2종,11502
118,영동,2005-06,3종,3579
118,영동,2005-06,4종,4051
118,영동,2005-06,5종,11146
118,영동,2005-06,6종,3270
119,판암,2005-06,1종,314772
119,판암,2005-06,2종,16763
119,판암,2005-06,3종,3873
119,판암,2005-06,4종,8396
119,판암,2005-06,5종,6367
119,판암,2005-06,6종,14339
120,황간,2005-06,1종,67174
120,황간,2005-06,2종,6949
120,황간,2005-06,3종,2427
120,황간,2005-06,4종,4300
120,황간,2005-06,5종,6930
120,황간,2005-06,6종,2396
121,추풍령,2005-06,1종,47821
121,추풍령,2005-06,2종,5079
121,추풍령,2005-06,3종,1416
121,추풍령,2005-06,4종,3234
121,추풍령,2005-06,5종,4636
121,추풍령,2005-06,6종,2293
122,김천,2005-06,1종,249823
122,김천,2005-06,2종,31425
122,김천,2005-06,3종,11757
122,김천,2005-06,4종,8660
122,김천,2005-06,5종,13575
122,김천,2005-06,6종,8471
123,구미,2005-06,1종,705413
123,구미,2005-06,2종,36847
123,구미,2005-06,3종,20611
123,구미,2005-06,4종,12115
123,구미,2005-06,5종,12782
123,구미,2005-06,6종,31514
124,상주,2005-06,1종,165633
124,상주,2005-06,2종,15772
124,상주,2005-06,3종,6417
124,상주,2005-06,4종,3209
124,상주,2005-06,5종,5681
124,상주,2005-06,6종,7014
125,남구미,2005-06,1종,543501
125,남구미,2005-06,2종,45702
125,남구미,2005-06,3종,29330
125,남구미,2005-06,4종,19529
125,남구미,2005-06,5종,53734
125,남구미,2005-06,6종,25883
126,왜관,2005-06,1종,535561
126,왜관,2005-06,2종,62138
126,왜관,2005-06,3종,17208
126,왜관,2005-06,4종,15085
126,왜관,2005-06,5종,36486
126,왜관,2005-06,6종,22837
127,서대구,2005-06,1종,2177835
127,서대구,2005-06,2종,266895
127,서대구,2005-06,3종,101105
127,서대구,2005-06,4종,72002
127,서대구,2005-06,5종,141338
127,서대구,2005-06,6종,91080
129,북대구,2005-06,1종,1519613
129,북대구,2005-06,2종,94085
129,북대구,2005-06,3종,33044
129,북대구,2005-06,4종,17847
129,북대구,2005-06,5종,28408
129,북대구,2005-06,6종,60606
130,동김천,2005-06,1종,1184531
130,동김천,2005-06,2종,68689
130,동김천,2005-06,3종,43667
130,동김천,2005-06,4종,26439
130,동김천,2005-06,5종,32509
130,동김천,2005-06,6종,52050
131,경산,2005-06,1종,687189
131,경산,2005-06,2종,91565
131,경산,2005-06,3종,18713
131,경산,2005-06,4종,21864
131,경산,2005-06,5종,29053
131,경산,2005-06,6종,33997
132,영천,2005-06,1종,242840
132,영천,2005-06,2종,34231
132,영천,2005-06,3종,20502
132,영천,2005-06,4종,8773
132,영천,2005-06,5종,24554
132,영천,2005-06,6종,7936
133,서경주,2005-06,1종,100869
133,서경주,2005-06,2종,12379
133,서경주,2005-06,3종,4043
133,서경주,2005-06,4종,4299
133,서경주,2005-06,5종,14674
133,서경주,2005-06,6종,2893
134,선산,2005-06,1종,98090
134,선산,2005-06,2종,11409
134,선산,2005-06,3종,2135
134,선산,2005-06,4종,2160
134,선산,2005-06,5종,3516
134,선산,2005-06,6종,3747
135,경주,2005-06,1종,713445
135,경주,2005-06,2종,73155
135,경주,2005-06,3종,66673
135,경주,2005-06,4종,25143
135,경주,2005-06,5종,83855
135,경주,2005-06,6종,24594
137,통도사,2005-06,1종,303320
137,통도사,2005-06,2종,51928
137,통도사,2005-06,3종,18753
137,통도사,2005-06,4종,16135
137,통도사,2005-06,5종,21570
137,통도사,2005-06,6종,12727
138,양산,2005-06,1종,678435
138,양산,2005-06,2종,103060
138,양산,2005-06,3종,28850
138,양산,2005-06,4종,42660
138,양산,2005-06,5종,51159
138,양산,2005-06,6종,40366
139,서울산,2005-06,1종,342344
139,서울산,2005-06,2종,33998
139,서울산,2005-06,3종,21452
139,서울산,2005-06,4종,10121
139,서울산,2005-06,5종,18084
139,서울산,2005-06,6종,15672
140,부산,2005-06,1종,1353394
140,부산,2005-06,2종,105863
140,부산,2005-06,3종,73155
140,부산,2005-06,4종,40220
140,부산,2005-06,5종,87763
140,부산,2005-06,6종,68509
141,,2005-06,1종,843080
141,,2005-06,2종,94045
141,,2005-06,3종,51922
141,,2005-06,4종,46058
141,,2005-06,5종,131883
141,,2005-06,6종,34918
142,군북,2005-06,1종,240907
142,군북,2005-06,2종,19258
142,군북,2005-06,3종,8124
142,군북,2005-06,4종,10153
142,군북,2005-06,5종,20742
142,군북,2005-06,6종,12706
143,장지,2005-06,1종,71910
143,장지,2005-06,2종,7424
143,장지,2005-06,3종,1117
143,장지,2005-06,4종,1788
143,장지,2005-06,5종,11419
143,장지,2005-06,6종,3879
144,함안,2005-06,1종,337116
144,함안,2005-06,2종,25248
144,함안,2005-06,3종,8816
144,함안,2005-06,4종,6196
144,함안,2005-06,5종,17971
144,함안,2005-06,6종,22374
145,산인,2005-06,1종,659798
145,산인,2005-06,2종,39044
145,산인,2005-06,3종,38351
145,산인,2005-06,4종,19927
145,산인,2005-06,5종,28463
145,산인,2005-06,6종,40321
146,동창원,2005-06,1종,600991
146,동창원,2005-06,2종,54473
146,동창원,2005-06,3종,11027
146,동창원,2005-06,4종,11886
146,동창원,2005-06,5종,44173
146,동창원,2005-06,6종,34428
147,진례,2005-06,1종,497756
147,진례,2005-06,2종,80513
147,진례,2005-06,3종,8939
147,진례,2005-06,4종,18689
147,진례,2005-06,5종,24207
147,진례,2005-06,6종,26236
148,서김해,2005-06,1종,654527
148,서김해,2005-06,2종,56156
148,서김해,2005-06,3종,12809
148,서김해,2005-06,4종,13048
148,서김해,2005-06,5종,29715
148,서김해,2005-06,6종,41774
149,동김해,2005-06,1종,1061706
149,동김해,2005-06,2종,66282
149,동김해,2005-06,3종,17202
149,동김해,2005-06,4종,16179
149,동김해,2005-06,5종,29733
149,동김해,2005-06,6종,82163
150,북부산,2005-06,1종,2406029
150,북부산,2005-06,2종,176577
150,북부산,2005-06,3종,62685
150,북부산,2005-06,4종,51414
150,북부산,2005-06,5종,147722
150,북부산,2005-06,6종,145936
151,북대전,2005-06,1종,508929
151,북대전,2005-06,2종,21979
151,북대전,2005-06,3종,17590
151,북대전,2005-06,4종,11515
151,북대전,2005-06,5종,13531
151,북대전,2005-06,6종,20612
152,유성,2005-06,1종,853916
152,유성,2005-06,2종,50384
152,유성,2005-06,3종,28725
152,유성,2005-06,4종,12700
152,유성,2005-06,5종,20919
152,유성,2005-06,6종,32385
153,서대전,2005-06,1종,529855
153,서대전,2005-06,2종,34063
153,서대전,2005-06,3종,10260
153,서대전,2005-06,4종,8784
153,서대전,2005-06,5종,12186
153,서대전,2005-06,6종,23931
154,안영,2005-06,1종,362715
154,안영,2005-06,2종,18399
154,안영,2005-06,3종,6104
154,안영,2005-06,4종,6508
154,안영,2005-06,5종,12442
154,안영,2005-06,6종,14690
155,논산,2005-06,1종,197170
155,논산,2005-06,2종,33576
155,논산,2005-06,3종,9084
155,논산,2005-06,4종,10662
155,논산,2005-06,5종,10641
155,논산,2005-06,6종,6577
156,익산,2005-06,1종,261755
156,익산,2005-06,2종,38480
156,익산,2005-06,3종,20162
156,익산,2005-06,4종,15017
156,익산,2005-06,5종,32681
156,익산,2005-06,6종,6723
157,삼례,2005-06,1종,72827
157,삼례,2005-06,2종,9604
157,삼례,2005-06,3종,1792
157,삼례,2005-06,4종,3473
157,삼례,2005-06,5종,4264
157,삼례,2005-06,6종,2117
158,전주,2005-06,1종,529067
158,전주,2005-06,2종,44367
158,전주,2005-06,3종,39470
158,전주,2005-06,4종,14661
158,전주,2005-06,5종,30736
158,전주,2005-06,6종,13727
159,서전주,2005-06,1종,162862
159,서전주,2005-06,2종,11065
159,서전주,2005-06,3종,3552
159,서전주,2005-06,4종,2466
159,서전주,2005-06,5종,3203
159,서전주,2005-06,6종,4326
160,김제,2005-06,1종,100747
160,김제,2005-06,2종,8945
160,김제,2005-06,3종,7421
160,김제,2005-06,4종,2724
160,김제,2005-06,5종,1906
160,김제,2005-06,6종,2886
161,금산사,2005-06,1종,51056
161,금산사,2005-06,2종,9205
161,금산사,2005-06,3종,1145
161,금산사,2005-06,4종,2555
161,금산사,2005-06,5종,4893
161,금산사,2005-06,6종,1049
162,태인,2005-06,1종,89585
162,태인,2005-06,2종,13848
162,태인,2005-06,3종,4929
162,태인,2005-06,4종,3592
162,태인,2005-06,5종,6769
162,태인,2005-06,6종,2129
163,정읍,2005-06,1종,329696
163,정읍,2005-06,2종,38851
163,정읍,2005-06,3종,24590
163,정읍,2005-06,4종,7062
163,정읍,2005-06,5종,9315
163,정읍,2005-06,6종,9390
164,무주,2005-06,1종,126933
164,무주,2005-06,2종,4483
164,무주,2005-06,3종,4089
164,무주,2005-06,4종,937
164,무주,2005-06,5종,2695
164,무주,2005-06,6종,3468
165,백양사,2005-06,1종,103873
165,백양사,2005-06,2종,8212
165,백양사,2005-06,3종,4673
165,백양사,2005-06,4종,2318
165,백양사,2005-06,5종,2190
165,백양사,2005-06,6종,3088
166,장성,2005-06,1종,177374
166,장성,2005-06,2종,15512
166,장성,2005-06,3종,11282
166,장성,2005-06,4종,4023
166,장성,2005-06,5종,8483
166,장성,2005-06,6종,7264
167,광주,2005-06,1종,907668
167,광주,2005-06,2종,93407
167,광주,2005-06,3종,75853
167,광주,2005-06,4종,32039
167,광주,2005-06,5종,31896
167,광주,2005-06,6종,24117
168,덕유산,2005-06,1종,35684
168,덕유산,2005-06,2종,2070
168,덕유산,2005-06,3종,829
168,덕유산,2005-06,4종,212
168,덕유산,2005-06,5종,2976
168,덕유산,2005-06,6종,975
169,장수,2005-06,1종,103148
169,장수,2005-06,2종,18833
169,장수,2005-06,3종,7596
169,장수,2005-06,4종,6471
169,장수,2005-06,5종,20377
169,장수,2005-06,6종,2447
170,서상,2005-06,1종,33996
170,서상,2005-06,2종,3648
170,서상,2005-06,3종,2815
170,서상,2005-06,4종,895
170,서상,2005-06,5종,1681
170,서상,2005-06,6종,1139
171,마성,2005-06,1종,411360
171,마성,2005-06,2종,10133
171,마성,2005-06,3종,20754
171,마성,2005-06,4종,742
171,마성,2005-06,5종,579
171,마성,2005-06,6종,16482
172,용인,2005-06,1종,765739
172,용인,2005-06,2종,84159
172,용인,2005-06,3종,18158
172,용인,2005-06,4종,14863
172,용인,2005-06,5종,13911
172,용인,2005-06,6종,35843
173,양지,2005-06,1종,614818
173,양지,2005-06,2종,100618
173,양지,2005-06,3종,25536
173,양지,2005-06,4종,23519
173,양지,2005-06,5종,32768
173,양지,2005-06,6종,21096
174,춘천,2005-06,1종,410518
174,춘천,2005-06,2종,24054
174,춘천,2005-06,3종,16445
174,춘천,2005-06,4종,5453
174,춘천,2005-06,5종,7231
174,춘천,2005-06,6종,19538
175,덕평,2005-06,1종,150243
175,덕평,2005-06,2종,19877
175,덕평,2005-06,3종,8379
175,덕평,2005-06,4종,5148
175,덕평,2005-06,5종,6146
175,덕평,2005-06,6종,5705
176,이천,2005-06,1종,533464
176,이천,2005-06,2종,54987
176,이천,2005-06,3종,25828
176,이천,2005-06,4종,20006
176,이천,2005-06,5종,25459
176,이천,2005-06,6종,17992
177,여주,2005-06,1종,401590
177,여주,2005-06,2종,33045
177,여주,2005-06,3종,19072
177,여주,2005-06,4종,11988
177,여주,2005-06,5종,13055
177,여주,2005-06,6종,11757
178,문막,2005-06,1종,256042
178,문막,2005-06,2종,30211
178,문막,2005-06,3종,13872
178,문막,2005-06,4종,7128
178,문막,2005-06,5종,14327
178,문막,2005-06,6종,8057
179,홍천,2005-06,1종,268055
179,홍천,2005-06,2종,16906
179,홍천,2005-06,3종,10037
179,홍천,2005-06,4종,4729
179,홍천,2005-06,5종,5094
179,홍천,2005-06,6종,12432
180,원주,2005-06,1종,240772
180,원주,2005-06,2종,23986
180,원주,2005-06,3종,27789
180,원주,2005-06,4종,7246
180,원주,2005-06,5종,10099
180,원주,2005-06,6종,8928
181,새말,2005-06,1종,161779
181,새말,2005-06,2종,14519
181,새말,2005-06,3종,9193
181,새말,2005-06,4종,2515
181,새말,2005-06,5종,5866
181,새말,2005-06,6종,4643
182,둔내,2005-06,1종,82520
182,둔내,2005-06,2종,7540
182,둔내,2005-06,3종,4202
182,둔내,2005-06,4종,1694
182,둔내,2005-06,5종,6323
182,둔내,2005-06,6종,2594
183,면온,2005-06,1종,67654
183,면온,2005-06,2종,2391
183,면온,2005-06,3종,2858
183,면온,2005-06,4종,873
183,면온,2005-06,5종,778
183,면온,2005-06,6종,1736
184,대관령,2005-06,1종,130528
184,대관령,2005-06,2종,6645
184,대관령,2005-06,3종,10762
184,대관령,2005-06,4종,1464
184,대관령,2005-06,5종,2065
184,대관령,2005-06,6종,4461
185,평창,2005-06,1종,120290
185,평창,2005-06,2종,7351
185,평창,2005-06,3종,11567
185,평창,2005-06,4종,774
185,평창,2005-06,5종,3300
185,평창,2005-06,6종,3801
186,속사,2005-06,1종,42318
186,속사,2005-06,2종,2997
186,속사,2005-06,3종,1460
186,속사,2005-06,4종,1084
186,속사,2005-06,5종,1210
186,속사,2005-06,6종,1212
187,진부,2005-06,1종,121937
187,진부,2005-06,2종,7201
187,진부,2005-06,3종,12590
187,진부,2005-06,4종,1481
187,진부,2005-06,5종,2857
187,진부,2005-06,6종,4151
189,강릉,2005-06,1종,447868
189,강릉,2005-06,2종,24869
189,강릉,2005-06,3종,39399
189,강릉,2005-06,4종,7686
189,강릉,2005-06,5종,13457
189,강릉,2005-06,6종,17357
190,동서울,2005-06,1종,3101395
190,동서울,2005-06,2종,270638
190,동서울,2005-06,3종,164020
190,동서울,2005-06,4종,48835
190,동서울,2005-06,5종,54794
190,동서울,2005-06,6종,93921
191,경기광주,2005-06,1종,682954
191,경기광주,2005-06,2종,54096
191,경기광주,2005-06,3종,20456
191,경기광주,2005-06,4종,6946
191,경기광주,2005-06,5종,5229
191,경기광주,2005-06,6종,29231
192,곤지암,2005-06,1종,709893
192,곤지암,2005-06,2종,83170
192,곤지암,2005-06,3종,16687
192,곤지암,2005-06,4종,15238
192,곤지암,2005-06,5종,17630
192,곤지암,2005-06,6종,24043
193,일죽,2005-06,1종,385495
193,일죽,2005-06,2종,57647
193,일죽,2005-06,3종,18622
193,일죽,2005-06,4종,13662
193,일죽,2005-06,5종,13331
193,일죽,2005-06,6종,11161
194,서이천,2005-06,1종,310058
194,서이천,2005-06,2종,35132
194,서이천,2005-06,3종,12109
194,서이천,2005-06,4종,7217
194,서이천,2005-06,5종,7342
194,서이천,2005-06,6종,11339
195,대소,2005-06,1종,287395
195,대소,2005-06,2종,53208
195,대소,2005-06,3종,12970
195,대소,2005-06,4종,12188
195,대소,2005-06,5종,11748
195,대소,2005-06,6종,8831
196,진천,2005-06,1종,207626
196,진천,2005-06,2종,30722
196,진천,2005-06,3종,8648
196,진천,2005-06,4종,7733
196,진천,2005-06,5종,11301
196,진천,2005-06,6종,6900
197,증평,2005-06,1종,285817
197,증평,2005-06,2종,36267
197,증평,2005-06,3종,11493
197,증평,2005-06,4종,8326
197,증평,2005-06,5종,17315
197,증평,2005-06,6종,8696
198,서청주,2005-06,1종,498740
198,서청주,2005-06,2종,50659
198,서청주,2005-06,3종,23943
198,서청주,2005-06,4종,18099
198,서청주,2005-06,5종,18891
198,서청주,2005-06,6종,17886
199,오창,2005-06,1종,263048
199,오창,2005-06,2종,25590
199,오창,2005-06,3종,12940
199,오창,2005-06,4종,9340
199,오창,2005-06,5종,8276
199,오창,2005-06,6종,8204
200,금산,2005-06,1종,197509
200,금산,2005-06,2종,8454
200,금산,2005-06,3종,3366
200,금산,2005-06,4종,2681
200,금산,2005-06,5종,7985
200,금산,2005-06,6종,6913
201,칠곡,2005-06,1종,495772
201,칠곡,2005-06,2종,30154
201,칠곡,2005-06,3종,12155
201,칠곡,2005-06,4종,3853
201,칠곡,2005-06,5종,7608
201,칠곡,2005-06,6종,25722
202,다부,2005-06,1종,88446
202,다부,2005-06,2종,8688
202,다부,2005-06,3종,2337
202,다부,2005-06,4종,2185
202,다부,2005-06,5종,4931
202,다부,2005-06,6종,3057
203,가산,2005-06,1종,375691
203,가산,2005-06,2종,27001
203,가산,2005-06,3종,5648
203,가산,2005-06,4종,5313
203,가산,2005-06,5종,12589
203,가산,2005-06,6종,14742
204,추부,2005-06,1종,252565
204,추부,2005-06,2종,17896
204,추부,2005-06,3종,4693
204,추부,2005-06,4종,4487
204,추부,2005-06,5종,8460
204,추부,2005-06,6종,11149
205,군위,2005-06,1종,109526
205,군위,2005-06,2종,11326
205,군위,2005-06,3종,1188
205,군위,2005-06,4종,1310
205,군위,2005-06,5종,3222
205,군위,2005-06,6종,3939
206,의성,2005-06,1종,145116
206,의성,2005-06,2종,11108
206,의성,2005-06,3종,2426
206,의성,2005-06,4종,2021
206,의성,2005-06,5종,3336
206,의성,2005-06,6종,5284
207,남안동,2005-06,1종,204978
207,남안동,2005-06,2종,13887
207,남안동,2005-06,3종,9637
207,남안동,2005-06,4종,2075
207,남안동,2005-06,5종,6009
207,남안동,2005-06,6종,7547
208,서안동,2005-06,1종,165125
208,서안동,2005-06,2종,12162
208,서안동,2005-06,3종,6780
208,서안동,2005-06,4종,2161
208,서안동,2005-06,5종,8221
208,서안동,2005-06,6종,5626
209,예천,2005-06,1종,32343
209,예천,2005-06,2종,1666
209,예천,2005-06,3종,475
209,예천,2005-06,4종,412
209,예천,2005-06,5종,5230
209,예천,2005-06,6종,1225
210,영주,2005-06,1종,118414
210,영주,2005-06,2종,8904
210,영주,2005-06,3종,4652
210,영주,2005-06,4종,1492
210,영주,2005-06,5종,7299
210,영주,2005-06,6종,4507
211,풍기,2005-06,1종,145884
211,풍기,2005-06,2종,9216
211,풍기,2005-06,3종,10708
211,풍기,2005-06,4종,1166
211,풍기,2005-06,5종,5324
211,풍기,2005-06,6종,5668
212,북수원,2005-06,1종,1331202
212,북수원,2005-06,2종,83706
212,북수원,2005-06,3종,44499
212,북수원,2005-06,4종,21864
212,북수원,2005-06,5종,24122
212,북수원,2005-06,6종,60301
213,부곡,2005-06,1종,253558
213,부곡,2005-06,2종,14008
213,부곡,2005-06,3종,3664
213,부곡,2005-06,4종,5929
213,부곡,2005-06,5종,65472
213,부곡,2005-06,6종,12768
214,동군포,2005-06,1종,134019
214,동군포,2005-06,2종,20766
214,동군포,2005-06,3종,5461
214,동군포,2005-06,4종,12592
214,동군포,2005-06,5종,8719
214,동군포,2005-06,6종,6104
215,군포,2005-06,1종,672081
215,군포,2005-06,2종,77602
215,군포,2005-06,3종,17556
215,군포,2005-06,4종,17339
215,군포,2005-06,5종,26415
215,군포,2005-06,6종,29196
216,횡성,2005-06,1종,117813
216,횡성,2005-06,2종,9586
216,횡성,2005-06,3종,3754
216,횡성,2005-06,4종,1896
216,횡성,2005-06,5종,3873
216,횡성,2005-06,6종,4551
217,북원주,2005-06,1종,60679
217,북원주,2005-06,2종,4896
217,북원주,2005-06,3종,800
217,북원주,2005-06,4종,1061
217,북원주,2005-06,5종,1153
217,북원주,2005-06,6종,2666
218,남원주,2005-06,1종,472176
218,남원주,2005-06,2종,29130
218,남원주,2005-06,3종,14462
218,남원주,2005-06,4종,5439
218,남원주,2005-06,5종,8910
218,남원주,2005-06,6종,18289
219,신림,2005-06,1종,100396
219,신림,2005-06,2종,5830
219,신림,2005-06,3종,3597
219,신림,2005-06,4종,1066
219,신림,2005-06,5종,12528
219,신림,2005-06,6종,3306
221,생초,2005-06,1종,44773
221,생초,2005-06,2종,8835
221,생초,2005-06,3종,2351
221,생초,2005-06,4종,3448
221,생초,2005-06,5종,7144
221,생초,2005-06,6종,1412
222,산청,2005-06,1종,43455
222,산청,2005-06,2종,2891
222,산청,2005-06,3종,1607
222,산청,2005-06,4종,635
222,산청,2005-06,5종,1164
222,산청,2005-06,6종,1739
223,단성,2005-06,1종,85314
223,단성,2005-06,2종,4948
223,단성,2005-06,3종,5732
223,단성,2005-06,4종,1502
223,단성,2005-06,5종,3226
223,단성,2005-06,6종,3139
224,함양,2005-06,1종,95778
224,함양,2005-06,2종,8015
224,함양,2005-06,3종,5175
224,함양,2005-06,4종,1088
224,함양,2005-06,5종,5406
224,함양,2005-06,6종,4432
225,서진주,2005-06,1종,272519
225,서진주,2005-06,2종,11187
225,서진주,2005-06,3종,4168
225,서진주,2005-06,4종,1690
225,서진주,2005-06,5종,4679
225,서진주,2005-06,6종,16743
227,군산,2005-06,1종,101420
227,군산,2005-06,2종,5763
227,군산,2005-06,3종,5510
227,군산,2005-06,4종,1451
227,군산,2005-06,5종,3052
227,군산,2005-06,6종,2789
228,동군산,2005-06,1종,306385
228,동군산,2005-06,2종,28760
228,동군산,2005-06,3종,8658
228,동군산,2005-06,4종,6645
228,동군산,2005-06,5종,24569
228,동군산,2005-06,6종,7521
231,화원옥포,2005-06,1종,1408488
231,화원옥포,2005-06,2종,189451
231,화원옥포,2005-06,3종,75791
231,화원옥포,2005-06,4종,48980
231,화원옥포,2005-06,5종,123276
231,화원옥포,2005-06,6종,56521
232,달성,2005-06,1종,222579
232,달성,2005-06,2종,28381
232,달성,2005-06,3종,11602
232,달성,2005-06,4종,5961
232,달성,2005-06,5종,4641
232,달성,2005-06,6종,15019
233,현풍,2005-06,1종,244204
233,현풍,2005-06,2종,37206
233,현풍,2005-06,3종,6632
233,현풍,2005-06,4종,7663
233,현풍,2005-06,5종,21031
233,현풍,2005-06,6종,9831
234,서천,2005-06,1종,112475
234,서천,2005-06,2종,11916
234,서천,2005-06,3종,2058
234,서천,2005-06,4종,5828
234,서천,2005-06,5종,11677
234,서천,2005-06,6종,3160
235,창녕,2005-06,1종,143179
235,창녕,2005-06,2종,10442
235,창녕,2005-06,3종,7687
235,창녕,2005-06,4종,1308
235,창녕,2005-06,5종,4002
235,창녕,2005-06,6종,6483
236,영산,2005-06,1종,150743
236,영산,2005-06,2종,14216
236,영산,2005-06,3종,7349
236,영산,2005-06,4종,2071
236,영산,2005-06,5종,3024
236,영산,2005-06,6종,6717
237,남지,2005-06,1종,150475
237,남지,2005-06,2종,18917
237,남지,2005-06,3종,10029
237,남지,2005-06,4종,5020
237,남지,2005-06,5종,16461
237,남지,2005-06,6종,8964
238,칠서,2005-06,1종,176568
238,칠서,2005-06,2종,25911
238,칠서,2005-06,3종,4527
238,칠서,2005-06,4종,17565
238,칠서,2005-06,5종,18846
238,칠서,2005-06,6종,9900
239,칠원,2005-06,1종,419210
239,칠원,2005-06,2종,39178
239,칠원,2005-06,3종,24483
239,칠원,2005-06,4종,22625
239,칠원,2005-06,5종,33460
239,칠원,2005-06,6종,22126
240,제천,2005-06,1종,328143
240,제천,2005-06,2종,21133
240,제천,2005-06,3종,17369
240,제천,2005-06,4종,4088
240,제천,2005-06,5종,19108
240,제천,2005-06,6종,10882
241,동고령,2005-06,1종,140296
241,동고령,2005-06,2종,14880
241,동고령,2005-06,3종,8527
241,동고령,2005-06,4종,3075
241,동고령,2005-06,5종,6019
241,동고령,2005-06,6종,5624
242,고령,2005-06,1종,135825
242,고령,2005-06,2종,14107
242,고령,2005-06,3종,2990
242,고령,2005-06,4종,2303
242,고령,2005-06,5종,4099
242,고령,2005-06,6종,5770
243,해인사,2005-06,1종,82464
243,해인사,2005-06,2종,5240
243,해인사,2005-06,3종,2264
243,해인사,2005-06,4종,903
243,해인사,2005-06,5종,675
243,해인사,2005-06,6종,3874
244,서부산,2005-06,1종,1904504
244,서부산,2005-06,2종,154366
244,서부산,2005-06,3종,76995
244,서부산,2005-06,4종,52126
244,서부산,2005-06,5종,165236
244,서부산,2005-06,6종,103206
245,장유,2005-06,1종,1293605
245,장유,2005-06,2종,81105
245,장유,2005-06,3종,34213
245,장유,2005-06,4종,18151
245,장유,2005-06,5종,52220
245,장유,2005-06,6종,89033
246,가락,2005-06,1종,390115
246,가락,2005-06,2종,38679
246,가락,2005-06,3종,6515
246,가락,2005-06,4종,15159
246,가락,2005-06,5종,22309
246,가락,2005-06,6종,22942
247,남원,2005-06,1종,149119
247,남원,2005-06,2종,13252
247,남원,2005-06,3종,8288
247,남원,2005-06,4종,3397
247,남원,2005-06,5종,7166
247,남원,2005-06,6종,4474
248,순창,2005-06,1종,68476
248,순창,2005-06,2종,4771
248,순창,2005-06,3종,1282
248,순창,2005-06,4종,1203
248,순창,2005-06,5종,1445
248,순창,2005-06,6종,2326
249,담양,2005-06,1종,92463
249,담양,2005-06,2종,5504
249,담양,2005-06,3종,10670
249,담양,2005-06,4종,1242
249,담양,2005-06,5종,6695
249,담양,2005-06,6종,2867
250,남양산,2005-06,1종,790079
250,남양산,2005-06,2종,83852
250,남양산,2005-06,3종,22047
250,남양산,2005-06,4종,22904
250,남양산,2005-06,5종,43388
250,남양산,2005-06,6종,51367
251,물금,2005-06,1종,180167
251,물금,2005-06,2종,37654
251,물금,2005-06,3종,7004
251,물금,2005-06,4종,20861
251,물금,2005-06,5종,115483
251,물금,2005-06,6종,9282
252,대동,2005-06,1종,1716339
252,대동,2005-06,2종,252954
252,대동,2005-06,3종,52697
252,대동,2005-06,4종,69688
252,대동,2005-06,5종,215446
252,대동,2005-06,6종,82695
253,서서울,2005-06,1종,4029644
253,서서울,2005-06,2종,329990
253,서서울,2005-06,3종,88307
253,서서울,2005-06,4종,78388
253,서서울,2005-06,5종,107106
253,서서울,2005-06,6종,152957
254,군자,2005-06,1종,2557873
254,군자,2005-06,2종,268412
254,군자,2005-06,3종,72222
254,군자,2005-06,4종,70157
254,군자,2005-06,5종,235309
254,군자,2005-06,6종,114955
255,서안산,2005-06,1종,1004653
255,서안산,2005-06,2종,120731
255,서안산,2005-06,3종,14599
255,서안산,2005-06,4종,26580
255,서안산,2005-06,5종,48289
255,서안산,2005-06,6종,47948
256,안산,2005-06,1종,1047890
256,안산,2005-06,2종,41843
256,안산,2005-06,3종,10781
256,안산,2005-06,4종,5288
256,안산,2005-06,5종,9614
256,안산,2005-06,6종,55159
257,홍성,2005-06,1종,307495
257,홍성,2005-06,2종,15236
257,홍성,2005-06,3종,8440
257,홍성,2005-06,4종,2106
257,홍성,2005-06,5종,6281
257,홍성,2005-06,6종,7807
258,광천,2005-06,1종,94736
258,광천,2005-06,2종,10441
258,광천,2005-06,3종,1584
258,광천,2005-06,4종,1640
258,광천,2005-06,5종,8718
258,광천,2005-06,6종,2348
259,대천,2005-06,1종,266848
259,대천,2005-06,2종,14358
259,대천,2005-06,3종,5968
259,대천,2005-06,4종,2230
259,대천,2005-06,5종,3364
259,대천,2005-06,6종,7853
260,춘장대,2005-06,1종,54391
260,춘장대,2005-06,2종,2681
260,춘장대,2005-06,3종,737
260,춘장대,2005-06,4종,428
260,춘장대,2005-06,5종,897
260,춘장대,2005-06,6종,1304
261,동광주,2005-06,1종,941603
261,동광주,2005-06,2종,63892
261,동광주,2005-06,3종,55455
261,동광주,2005-06,4종,25025
261,동광주,2005-06,5종,51831
261,동광주,2005-06,6종,27579
262,창평,2005-06,1종,62120
262,창평,2005-06,2종,4177
262,창평,2005-06,3종,1103
262,창평,2005-06,4종,3705
262,창평,2005-06,5종,1542
262,창평,2005-06,6종,1937
263,옥과,2005-06,1종,166450
263,옥과,2005-06,2종,7208
263,옥과,2005-06,3종,9986
263,옥과,2005-06,4종,4670
263,옥과,2005-06,5종,4762
263,옥과,2005-06,6종,5635
264,동남원,2005-06,1종,40996
264,동남원,2005-06,2종,3131
264,동남원,2005-06,3종,1521
264,동남원,2005-06,4종,1194
264,동남원,2005-06,5종,3146
264,동남원,2005-06,6종,1352
265,곡성,2005-06,1종,135464
265,곡성,2005-06,2종,8158
265,곡성,2005-06,3종,3331
265,곡성,2005-06,4종,3443
265,곡성,2005-06,5종,5640
265,곡성,2005-06,6종,4289
266,석곡,2005-06,1종,47050
266,석곡,2005-06,2종,2635
266,석곡,2005-06,3종,2114
266,석곡,2005-06,4종,328
266,석곡,2005-06,5종,901
266,석곡,2005-06,6종,1529
267,주암송광사,2005-06,1종,127059
267,주암송광사,2005-06,2종,8996
267,주암송광사,2005-06,3종,3262
267,주암송광사,2005-06,4종,3915
267,주암송광사,2005-06,5종,8939
267,주암송광사,2005-06,6종,3500
268,승주,2005-06,1종,50781
268,승주,2005-06,2종,2263
268,승주,2005-06,3종,1443
268,승주,2005-06,4종,421
268,승주,2005-06,5종,899
268,승주,2005-06,6종,2191
269,지리산,2005-06,1종,52418
269,지리산,2005-06,2종,3984
269,지리산,2005-06,3종,2322
269,지리산,2005-06,4종,1368
269,지리산,2005-06,5종,590
269,지리산,2005-06,6종,1478
270,서순천,2005-06,1종,162973
270,서순천,2005-06,2종,10359
270,서순천,2005-06,3종,10413
270,서순천,2005-06,4종,2838
270,서순천,2005-06,5종,16884
270,서순천,2005-06,6종,5907
271,순천,2005-06,1종,479062
271,순천,2005-06,2종,28698
271,순천,2005-06,3종,13913
271,순천,2005-06,4종,8798
271,순천,2005-06,5종,24421
271,순천,2005-06,6종,17168
272,광양,2005-06,1종,183543
272,광양,2005-06,2종,23064
272,광양,2005-06,3종,12376
272,광양,2005-06,4종,14456
272,광양,2005-06,5종,56485
272,광양,2005-06,6종,5659
273,동광양,2005-06,1종,101170
273,동광양,2005-06,2종,4038
273,동광양,2005-06,3종,2062
273,동광양,2005-06,4종,1342
273,동광양,2005-06,5종,30883
273,동광양,2005-06,6종,6185
274,가조,2005-06,1종,56007
274,가조,2005-06,2종,4595
274,가조,2005-06,3종,2402
274,가조,2005-06,4종,1182
274,가조,2005-06,5종,665
274,가조,2005-06,6종,3805
275,옥곡,2005-06,1종,98728
275,옥곡,2005-06,2종,4780
275,옥곡,2005-06,3종,3210
275,옥곡,2005-06,4종,798
275,옥곡,2005-06,5종,4976
275,옥곡,2005-06,6종,4538
276,진월,2005-06,1종,77600
276,진월,2005-06,2종,3926
276,진월,2005-06,3종,1512
276,진월,2005-06,4종,2422
276,진월,2005-06,5종,46619
276,진월,2005-06,6종,2944
277,하동,2005-06,1종,175107
277,하동,2005-06,2종,9578
277,하동,2005-06,3종,6897
277,하동,2005-06,4종,2377
277,하동,2005-06,5종,35375
277,하동,2005-06,6종,7731
278,진교,2005-06,1종,172266
278,진교,2005-06,2종,9709
278,진교,2005-06,3종,12920
278,진교,2005-06,4종,1669
278,진교,2005-06,5종,2366
278,진교,2005-06,6종,10962
279,곤양,2005-06,1종,122107
279,곤양,2005-06,2종,7508
279,곤양,2005-06,3종,5043
279,곤양,2005-06,4종,2123
279,곤양,2005-06,5종,4302
279,곤양,2005-06,6종,7567
280,거창,2005-06,1종,170411
280,거창,2005-06,2종,12750
280,거창,2005-06,3종,11348
280,거창,2005-06,4종,2773
280,거창,2005-06,5종,5514
280,거창,2005-06,6종,8815
281,매송,2005-06,1종,513233
281,매송,2005-06,2종,55401
281,매송,2005-06,3종,16751
281,매송,2005-06,4종,14324
281,매송,2005-06,5종,27552
281,매송,2005-06,6종,19643
282,비봉,2005-06,1종,644594
282,비봉,2005-06,2종,68184
282,비봉,2005-06,3종,12816
282,비봉,2005-06,4종,13772
282,비봉,2005-06,5종,37655
282,비봉,2005-06,6종,22631
283,발안,2005-06,1종,452819
283,발안,2005-06,2종,53440
283,발안,2005-06,3종,7064
283,발안,2005-06,4종,11013
283,발안,2005-06,5종,25111
283,발안,2005-06,6종,13605
284,남양양,2005-06,1종,230180
284,남양양,2005-06,2종,9539
284,남양양,2005-06,3종,12959
284,남양양,2005-06,4종,2860
284,남양양,2005-06,5종,7007
284,남양양,2005-06,6종,5651
285,서평택,2005-06,1종,634346
285,서평택,2005-06,2종,67254
285,서평택,2005-06,3종,13917
285,서평택,2005-06,4종,29901
285,서평택,2005-06,5종,80394
285,서평택,2005-06,6종,19377
287,송악,2005-06,1종,410160
287,송악,2005-06,2종,34013
287,송악,2005-06,3종,10828
287,송악,2005-06,4종,11818
287,송악,2005-06,5종,57867
287,송악,2005-06,6종,10540
288,당진,2005-06,1종,302269
288,당진,2005-06,2종,27478
288,당진,2005-06,3종,11199
288,당진,2005-06,4종,7391
288,당진,2005-06,5종,26660
288,당진,2005-06,6종,7868
289,마산,2005-06,1종,910273
289,마산,2005-06,2종,63005
289,마산,2005-06,3종,38169
289,마산,2005-06,4종,17807
289,마산,2005-06,5종,29064
289,마산,2005-06,6종,52431
290,축동,2005-06,1종,28104
290,축동,2005-06,2종,2725
290,축동,2005-06,3종,290
290,축동,2005-06,4종,1008
290,축동,2005-06,5종,1866
290,축동,2005-06,6종,2112
291,사천,2005-06,1종,632358
291,사천,2005-06,2종,44295
291,사천,2005-06,3종,25753
291,사천,2005-06,4종,8407
291,사천,2005-06,5종,29738
291,사천,2005-06,6종,33526
292,진주,2005-06,1종,530572
292,진주,2005-06,2종,39090
292,진주,2005-06,3종,33398
292,진주,2005-06,4종,7542
292,진주,2005-06,5종,25004
292,진주,2005-06,6종,32901
293,문산,2005-06,1종,183594
293,문산,2005-06,2종,19112
293,문산,2005-06,3종,2900
293,문산,2005-06,4종,3994
293,문산,2005-06,5종,10645
293,문산,2005-06,6종,10249
294,북창원,2005-06,1종,252683
294,북창원,2005-06,2종,17486
294,북창원,2005-06,3종,2656
294,북창원,2005-06,4종,5144
294,북창원,2005-06,5종,7010
294,북창원,2005-06,6종,11637
295,진성,2005-06,1종,128664
295,진성,2005-06,2종,13822
295,진성,2005-06,3종,6020
295,진성,2005-06,4종,2588
295,진성,2005-06,5종,12531
295,진성,2005-06,6종,6356
296,지수,2005-06,1종,46437
296,지수,2005-06,2종,5032
296,지수,2005-06,3종,776
296,지수,2005-06,4종,405
296,지수,2005-06,5종,1066
296,지수,2005-06,6종,2245
298,서산,2005-06,1종,374224
298,서산,2005-06,2종,27006
298,서산,2005-06,3종,12586
298,서산,2005-06,4종,7361
298,서산,2005-06,5종,13775
298,서산,2005-06,6종,9937
299,해미,2005-06,1종,171316
299,해미,2005-06,2종,12744
299,해미,2005-06,3종,6108
299,해미,2005-06,4종,3299
299,해미,2005-06,5종,10059
299,해미,2005-06,6종,4907
501,서김제,2005-06,1종,60352
501,서김제,2005-06,2종,7060
501,서김제,2005-06,3종,1550
501,서김제,2005-06,4종,1188
501,서김제,2005-06,5종,2884
501,서김제,2005-06,6종,1466
502,부안,2005-06,1종,93174
502,부안,2005-06,2종,9679
502,부안,2005-06,3종,2718
502,부안,2005-06,4종,1757
502,부안,2005-06,5종,5756
502,부안,2005-06,6종,2261
503,줄포,2005-06,1종,53578
503,줄포,2005-06,2종,3466
503,줄포,2005-06,3종,1613
503,줄포,2005-06,4종,370
503,줄포,2005-06,5종,967
503,줄포,2005-06,6종,1019
504,선운산,2005-06,1종,69198
504,선운산,2005-06,2종,11847
504,선운산,2005-06,3종,7180
504,선운산,2005-06,4종,1932
504,선운산,2005-06,5종,3988
504,선운산,2005-06,6종,1329
505,고창,2005-06,1종,72459
505,고창,2005-06,2종,6542
505,고창,2005-06,3종,1381
505,고창,2005-06,4종,634
505,고창,2005-06,5종,1552
505,고창,2005-06,6종,1614
506,영광,2005-06,1종,59882
506,영광,2005-06,2종,7122
506,영광,2005-06,3종,3650
506,영광,2005-06,4종,621
506,영광,2005-06,5종,1065
506,영광,2005-06,6종,1438
507,함평,2005-06,1종,55938
507,함평,2005-06,2종,12688
507,함평,2005-06,3종,2000
507,함평,2005-06,4종,1180
507,함평,2005-06,5종,3971
507,함평,2005-06,6종,1122
508,무안,2005-06,1종,276358
508,무안,2005-06,2종,25465
508,무안,2005-06,3종,10264
508,무안,2005-06,4종,3813
508,무안,2005-06,5종,15381
508,무안,2005-06,6종,6335
509,목포,2005-06,1종,406504
509,목포,2005-06,2종,38850
509,목포,2005-06,3종,20174
509,목포,2005-06,4종,6118
509,목포,2005-06,5종,23125
509,목포,2005-06,6종,9015
511,무창포,2005-06,1종,51024
511,무창포,2005-06,2종,4688
511,무창포,2005-06,3종,715
511,무창포,2005-06,4종,492
511,무창포,2005-06,5종,2779
511,무창포,2005-06,6종,1084
521,단양,2005-06,1종,70584
521,단양,2005-06,2종,3503
521,단양,2005-06,3종,5026
521,단양,2005-06,4종,569
521,단양,2005-06,5종,8565
521,단양,2005-06,6종,2644
522,북단양,2005-06,1종,70239
522,북단양,2005-06,2종,4553
522,북단양,2005-06,3종,4518
522,북단양,2005-06,4종,1626
522,북단양,2005-06,5종,19718
522,북단양,2005-06,6종,2205
523,남제천,2005-06,1종,45900
523,남제천,2005-06,2종,2462
523,남제천,2005-06,3종,2159
523,남제천,2005-06,4종,479
523,남제천,2005-06,5종,1027
523,남제천,2005-06,6종,1254
524,청통와촌,2005-06,1종,166066
524,청통와촌,2005-06,2종,16805
524,청통와촌,2005-06,3종,3311
524,청통와촌,2005-06,4종,2378
524,청통와촌,2005-06,5종,5727
524,청통와촌,2005-06,6종,5919
525,북영천,2005-06,1종,126063
525,북영천,2005-06,2종,12546
525,북영천,2005-06,3종,2118
525,북영천,2005-06,4종,2988
525,북영천,2005-06,5종,18910
525,북영천,2005-06,6종,3905
526,서포항,2005-06,1종,62739
526,서포항,2005-06,2종,3109
526,서포항,2005-06,3종,1109
526,서포항,2005-06,4종,758
526,서포항,2005-06,5종,1903
526,서포항,2005-06,6종,2444
527,포항,2005-06,1종,482231
527,포항,2005-06,2종,18844
527,포항,2005-06,3종,14678
527,포항,2005-06,4종,3833
527,포항,2005-06,5종,24237
527,포항,2005-06,6종,16708
530,내장산,2005-06,1종,35387
530,내장산,2005-06,2종,2731
530,내장산,2005-06,3종,312
530,내장산,2005-06,4종,402
530,내장산,2005-06,5종,659
530,내장산,2005-06,6종,1045
540,청북,2005-06,1종,271584
540,청북,2005-06,2종,52508
540,청북,2005-06,3종,8665
540,청북,2005-06,4종,15436
540,청북,2005-06,5종,30682
540,청북,2005-06,6종,7335
541,송탄,2005-06,1종,311279
541,송탄,2005-06,2종,35567
541,송탄,2005-06,3종,6875
541,송탄,2005-06,4종,8849
541,송탄,2005-06,5종,15146
541,송탄,2005-06,6종,10299
542,서안성,2005-06,1종,174094
542,서안성,2005-06,2종,31541
542,서안성,2005-06,3종,6684
542,서안성,2005-06,4종,8089
542,서안성,2005-06,5종,13377
542,서안성,2005-06,6종,5558
560,감곡,2005-06,1종,224649
560,감곡,2005-06,2종,24818
560,감곡,2005-06,3종,11244
560,감곡,2005-06,4종,5044
560,감곡,2005-06,5종,34792
560,감곡,2005-06,6종,5640
561,북충주,2005-06,1종,58610
561,북충주,2005-06,2종,4138
561,북충주,2005-06,3종,880
561,북충주,2005-06,4종,832
561,북충주,2005-06,5종,1307
561,북충주,2005-06,6종,1643
562,충주,2005-06,1종,182155
562,충주,2005-06,2종,18348
562,충주,2005-06,3종,13054
562,충주,2005-06,4종,6520
562,충주,2005-06,5종,10307
562,충주,2005-06,6종,5940
563,괴산,2005-06,1종,43458
563,괴산,2005-06,2종,2181
563,괴산,2005-06,3종,1913
563,괴산,2005-06,4종,421
563,괴산,2005-06,5종,588
563,괴산,2005-06,6종,1125
564,연풍,2005-06,1종,51774
564,연풍,2005-06,2종,17298
564,연풍,2005-06,3종,5994
564,연풍,2005-06,4종,5573
564,연풍,2005-06,5종,8576
564,연풍,2005-06,6종,1201
565,문경새재,2005-06,1종,94652
565,문경새재,2005-06,2종,13177
565,문경새재,2005-06,3종,4955
565,문경새재,2005-06,4종,3298
565,문경새재,2005-06,5종,5210
565,문경새재,2005-06,6종,2730
566,점촌함창,2005-06,1종,111045
566,점촌함창,2005-06,2종,8384
566,점촌함창,2005-06,3종,4630
566,점촌함창,2005-06,4종,2367
566,점촌함창,2005-06,5종,5473
566,점촌함창,2005-06,6종,3897
570,북상주,2005-06,1종,93516
570,북상주,2005-06,2종,11142
570,북상주,2005-06,3종,4188
570,북상주,2005-06,4종,2023
570,북상주,2005-06,5종,4598
570,북상주,2005-06,6종,3215
580,북강릉,2005-06,1종,116973
580,북강릉,2005-06,2종,5632
580,북강릉,2005-06,3종,2916
580,북강릉,2005-06,4종,1083
580,북강릉,2005-06,5종,3711
580,북강릉,2005-06,6종,3645
581,옥계,2005-06,1종,72250
581,옥계,2005-06,2종,4529
581,옥계,2005-06,3종,2997
581,옥계,2005-06,4종,3315
581,옥계,2005-06,5종,12475
581,옥계,2005-06,6종,3944
582,망상,2005-06,1종,68112
582,망상,2005-06,2종,3728
582,망상,2005-06,3종,11223
582,망상,2005-06,4종,675
582,망상,2005-06,5종,1058
582,망상,2005-06,6종,2822
583,동해,2005-06,1종,229166
583,동해,2005-06,2종,12968
583,동해,2005-06,3종,11216
583,동해,2005-06,4종,5235
583,동해,2005-06,5종,12342
583,동해,2005-06,6종,9453
601,남천안,2005-06,1종,222716
601,남천안,2005-06,2종,55849
601,남천안,2005-06,3종,13172
601,남천안,2005-06,4종,17597
601,남천안,2005-06,5종,23468
601,남천안,2005-06,6종,6072
602,풍세상,2005-06,1종,678511
602,풍세상,2005-06,2종,67006
602,풍세상,2005-06,3종,88024
602,풍세상,2005-06,4종,24362
602,풍세상,2005-06,5종,43129
602,풍세상,2005-06,6종,16211
603,정안,2005-06,1종,134744
603,정안,2005-06,2종,23899
603,정안,2005-06,3종,11423
603,정안,2005-06,4종,6893
603,정안,2005-06,5종,9503
603,정안,2005-06,6종,3590
604,남공주,2005-06,1종,32287
604,남공주,2005-06,2종,2468
604,남공주,2005-06,3종,582
604,남공주,2005-06,4종,674
604,남공주,2005-06,5종,1082
604,남공주,2005-06,6종,875
605,탄천,2005-06,1종,24129
605,탄천,2005-06,2종,2414
605,탄천,2005-06,3종,520
605,탄천,2005-06,4종,393
605,탄천,2005-06,5종,783
605,탄천,2005-06,6종,677
606,서논산,2005-06,1종,68994
606,서논산,2005-06,2종,11155
606,서논산,2005-06,3종,3915
606,서논산,2005-06,4종,3577
606,서논산,2005-06,5종,5771
606,서논산,2005-06,6종,2029
607,연무,2005-06,1종,47301
607,연무,2005-06,2종,3568
607,연무,2005-06,3종,1490
607,연무,2005-06,4종,907
607,연무,2005-06,5종,1256
607,연무,2005-06,6종,1208
608,남논산하,2005-06,1종,485945
608,남논산하,2005-06,2종,46153
608,남논산하,2005-06,3종,74687
608,남논산하,2005-06,4종,17680
608,남논산하,2005-06,5종,28601
608,남논산하,2005-06,6종,10676
11,인천,2005-07,1종,3233256
11,인천,2005-07,2종,164271
11,인천,2005-07,3종,42477
11,인천,2005-07,4종,49816
11,인천,2005-07,5종,104529
11,인천,2005-07,6종,191832
53,남인천,2005-07,1종,1740553
53,남인천,2005-07,2종,85421
53,남인천,2005-07,3종,26384
53,남인천,2005-07,4종,21023
53,남인천,2005-07,5종,72857
53,남인천,2005-07,6종,88652
56,일로,2005-07,1종,22207
56,일로,2005-07,2종,1227
56,일로,2005-07,3종,158
56,일로,2005-07,4종,109
56,일로,2005-07,5종,178
56,일로,2005-07,6종,1104
61,성남,2005-07,1종,3159344
61,성남,2005-07,2종,222180
61,성남,2005-07,3종,83107
61,성남,2005-07,4종,37703
61,성남,2005-07,5종,54640
61,성남,2005-07,6종,133151
62,구리남양주,2005-07,1종,3947637
62,구리남양주,2005-07,2종,277503
62,구리남양주,2005-07,3종,76564
62,구리남양주,2005-07,4종,60378
62,구리남양주,2005-07,5종,71710
62,구리남양주,2005-07,6종,167007
63,토평,2005-07,1종,508183
63,토평,2005-07,2종,23607
63,토평,2005-07,3종,2686
63,토평,2005-07,4종,6110
63,토평,2005-07,5종,18426
63,토평,2005-07,6종,22214
64,청계,2005-07,1종,4218358
64,청계,2005-07,2종,245306
64,청계,2005-07,3종,83689
64,청계,2005-07,4종,32276
64,청계,2005-07,5종,68287
64,청계,2005-07,6종,191888
65,판교,2005-07,1종,2464122
65,판교,2005-07,2종,57194
65,판교,2005-07,3종,104151
65,판교,2005-07,4종,17778
65,판교,2005-07,5종,11934
65,판교,2005-07,6종,84674
66,하남,2005-07,1종,647400
66,하남,2005-07,2종,39956
66,하남,2005-07,3종,18794
66,하남,2005-07,4종,9176
66,하남,2005-07,5종,10764
66,하남,2005-07,6종,23210
67,시흥,2005-07,1종,3546184
67,시흥,2005-07,2종,227441
67,시흥,2005-07,3종,80470
67,시흥,2005-07,4종,50412
67,시흥,2005-07,5종,58224
67,시흥,2005-07,6종,156441
68,김포,2005-07,1종,3620812
68,김포,2005-07,2종,245083
68,김포,2005-07,3종,44601
68,김포,2005-07,4종,40932
68,김포,2005-07,5종,86362
68,김포,2005-07,6종,164803
91,대동(개),2005-07,1종,174146
91,대동(개),2005-07,2종,16127
91,대동(개),2005-07,3종,1409
91,대동(개),2005-07,4종,28974
91,대동(개),2005-07,5종,16828
91,대동(개),2005-07,6종,9334
92,내서,2005-07,1종,147018
92,내서,2005-07,2종,5576
92,내서,2005-07,3종,1116
92,내서,2005-07,4종,1554
92,내서,2005-07,5종,2588
92,내서,2005-07,6종,19311
101,서울,2005-07,1종,5254361
101,서울,2005-07,2종,298998
101,서울,2005-07,3종,360081
101,서울,2005-07,4종,54011
101,서울,2005-07,5종,45214
101,서울,2005-07,6종,180651
102,동수원,2005-07,1종,2021763
102,동수원,2005-07,2종,71287
102,동수원,2005-07,3종,62093
102,동수원,2005-07,4종,12902
102,동수원,2005-07,5종,17727
102,동수원,2005-07,6종,88020
103,수원신갈,2005-07,1종,2106008
103,수원신갈,2005-07,2종,144414
103,수원신갈,2005-07,3종,84001
103,수원신갈,2005-07,4종,29216
103,수원신갈,2005-07,5종,28468
103,수원신갈,2005-07,6종,99102
104,지곡,2005-07,1종,37179
104,지곡,2005-07,2종,3332
104,지곡,2005-07,3종,1670
104,지곡,2005-07,4종,709
104,지곡,2005-07,5종,1038
104,지곡,2005-07,6종,1206
105,기흥,2005-07,1종,993916
105,기흥,2005-07,2종,87771
105,기흥,2005-07,3종,27345
105,기흥,2005-07,4종,17798
105,기흥,2005-07,5종,23284
105,기흥,2005-07,6종,37906
106,오산,2005-07,1종,1105921
106,오산,2005-07,2종,123078
106,오산,2005-07,3종,48296
106,오산,2005-07,4종,26548
106,오산,2005-07,5종,33286
106,오산,2005-07,6종,45166
107,안성,2005-07,1종,935474
107,안성,2005-07,2종,95073
107,안성,2005-07,3종,44143
107,안성,2005-07,4종,21783
107,안성,2005-07,5종,33529
107,안성,2005-07,6종,34656
108,천안,2005-07,1종,1119359
108,천안,2005-07,2종,86724
108,천안,2005-07,3종,60384
108,천안,2005-07,4종,25159
108,천안,2005-07,5종,31286
108,천안,2005-07,6종,38022
109,계룡,2005-07,1종,145444
109,계룡,2005-07,2종,12886
109,계룡,2005-07,3종,7157
109,계룡,2005-07,4종,8540
109,계룡,2005-07,5종,3274
109,계룡,2005-07,6종,6552
110,독립기념관,2005-07,1종,321790
110,독립기념관,2005-07,2종,47675
110,독립기념관,2005-07,3종,16987
110,독립기념관,2005-07,4종,19190
110,독립기념관,2005-07,5종,27211
110,독립기념관,2005-07,6종,9085
111,청주,2005-07,1종,491967
111,청주,2005-07,2종,41281
111,청주,2005-07,3종,39526
111,청주,2005-07,4종,13846
111,청주,2005-07,5종,19513
111,청주,2005-07,6종,16212
112,남청주,2005-07,1종,415072
112,남청주,2005-07,2종,52864
112,남청주,2005-07,3종,24100
112,남청주,2005-07,4종,27491
112,남청주,2005-07,5종,30738
112,남청주,2005-07,6종,13327
113,신탄진,2005-07,1종,485048
113,신탄진,2005-07,2종,67090
113,신탄진,2005-07,3종,16240
113,신탄진,2005-07,4종,33641
113,신탄진,2005-07,5종,37211
113,신탄진,2005-07,6종,16358
114,남대전,2005-07,1종,256041
114,남대전,2005-07,2종,12594
114,남대전,2005-07,3종,3288
114,남대전,2005-07,4종,2996
114,남대전,2005-07,5종,3880
114,남대전,2005-07,6종,10829
115,대전,2005-07,1종,1155097
115,대전,2005-07,2종,59818
115,대전,2005-07,3종,73318
115,대전,2005-07,4종,14534
115,대전,2005-07,5종,19588
115,대전,2005-07,6종,44576
116,옥천,2005-07,1종,349585
116,옥천,2005-07,2종,34960
116,옥천,2005-07,3종,8045
116,옥천,2005-07,4종,12970
116,옥천,2005-07,5종,10145
116,옥천,2005-07,6종,14475
117,금강,2005-07,1종,52031
117,금강,2005-07,2종,2069
117,금강,2005-07,3종,314
117,금강,2005-07,4종,1484
117,금강,2005-07,5종,660
117,금강,2005-07,6종,2184
118,영동,2005-07,1종,106488
118,영동,2005-07,2종,11136
118,영동,2005-07,3종,3509
118,영동,2005-07,4종,3598
118,영동,2005-07,5종,8042
118,영동,2005-07,6종,3277
119,판암,2005-07,1종,316514
119,판암,2005-07,2종,15913
119,판암,2005-07,3종,3166
119,판암,2005-07,4종,6679
119,판암,2005-07,5종,5129
119,판암,2005-07,6종,14128
120,황간,2005-07,1종,76296
120,황간,2005-07,2종,6896
120,황간,2005-07,3종,2423
120,황간,2005-07,4종,2114
120,황간,2005-07,5종,7378
120,황간,2005-07,6종,2488
121,추풍령,2005-07,1종,47262
121,추풍령,2005-07,2종,5261
121,추풍령,2005-07,3종,1380
121,추풍령,2005-07,4종,3437
121,추풍령,2005-07,5종,5998
121,추풍령,2005-07,6종,2268
122,김천,2005-07,1종,257113
122,김천,2005-07,2종,30170
122,김천,2005-07,3종,11938
122,김천,2005-07,4종,8303
122,김천,2005-07,5종,13929
122,김천,2005-07,6종,8875
123,구미,2005-07,1종,716177
123,구미,2005-07,2종,34968
123,구미,2005-07,3종,20684
123,구미,2005-07,4종,12276
123,구미,2005-07,5종,13258
123,구미,2005-07,6종,31667
124,상주,2005-07,1종,174594
124,상주,2005-07,2종,15401
124,상주,2005-07,3종,6169
124,상주,2005-07,4종,3398
124,상주,2005-07,5종,5050
124,상주,2005-07,6종,7062
125,남구미,2005-07,1종,548624
125,남구미,2005-07,2종,43823
125,남구미,2005-07,3종,28804
125,남구미,2005-07,4종,19777
125,남구미,2005-07,5종,53776
125,남구미,2005-07,6종,24997
126,왜관,2005-07,1종,541109
126,왜관,2005-07,2종,59674
126,왜관,2005-07,3종,17097
126,왜관,2005-07,4종,13982
126,왜관,2005-07,5종,33243
126,왜관,2005-07,6종,22977
127,서대구,2005-07,1종,2240931
127,서대구,2005-07,2종,256573
127,서대구,2005-07,3종,100687
127,서대구,2005-07,4종,71849
127,서대구,2005-07,5종,134186
127,서대구,2005-07,6종,90730
129,북대구,2005-07,1종,1573110
129,북대구,2005-07,2종,91611
129,북대구,2005-07,3종,31264
129,북대구,2005-07,4종,16367
129,북대구,2005-07,5종,26497
129,북대구,2005-07,6종,61309
130,동김천,2005-07,1종,1148675
130,동김천,2005-07,2종,63289
130,동김천,2005-07,3종,40840
130,동김천,2005-07,4종,21707
130,동김천,2005-07,5종,27107
130,동김천,2005-07,6종,49845
131,경산,2005-07,1종,678733
131,경산,2005-07,2종,91414
131,경산,2005-07,3종,17877
131,경산,2005-07,4종,20518
131,경산,2005-07,5종,27282
131,경산,2005-07,6종,32219
132,영천,2005-07,1종,251401
132,영천,2005-07,2종,33643
132,영천,2005-07,3종,19753
132,영천,2005-07,4종,8662
132,영천,2005-07,5종,22804
132,영천,2005-07,6종,7700
133,서경주,2005-07,1종,107940
133,서경주,2005-07,2종,12408
133,서경주,2005-07,3종,3834
133,서경주,2005-07,4종,4511
133,서경주,2005-07,5종,14926
133,서경주,2005-07,6종,3134
134,선산,2005-07,1종,99889
134,선산,2005-07,2종,10401
134,선산,2005-07,3종,1952
134,선산,2005-07,4종,2243
134,선산,2005-07,5종,3681
134,선산,2005-07,6종,3760
135,경주,2005-07,1종,746995
135,경주,2005-07,2종,71874
135,경주,2005-07,3종,65184
135,경주,2005-07,4종,24044
135,경주,2005-07,5종,80317
135,경주,2005-07,6종,24853
137,통도사,2005-07,1종,315032
137,통도사,2005-07,2종,49673
137,통도사,2005-07,3종,18663
137,통도사,2005-07,4종,15954
137,통도사,2005-07,5종,21536
137,통도사,2005-07,6종,12944
138,양산,2005-07,1종,700099
138,양산,2005-07,2종,100818
138,양산,2005-07,3종,28783
138,양산,2005-07,4종,37832
138,양산,2005-07,5종,50168
138,양산,2005-07,6종,41354
139,서울산,2005-07,1종,372118
139,서울산,2005-07,2종,34222
139,서울산,2005-07,3종,21619
139,서울산,2005-07,4종,10165
139,서울산,2005-07,5종,17031
139,서울산,2005-07,6종,16881
140,부산,2005-07,1종,1405694
140,부산,2005-07,2종,103596
140,부산,2005-07,3종,73144
140,부산,2005-07,4종,35057
140,부산,2005-07,5종,81049
140,부산,2005-07,6종,69784
141,,2005-07,1종,862117
141,,2005-07,2종,90233
141,,2005-07,3종,50665
141,,2005-07,4종,44822
141,,2005-07,5종,125267
141,,2005-07,6종,35248
142,군북,2005-07,1종,236783
142,군북,2005-07,2종,18412
142,군북,2005-07,3종,7883
142,군북,2005-07,4종,8297
142,군북,2005-07,5종,17004
142,군북,2005-07,6종,11891
143,장지,2005-07,1종,71944
143,장지,2005-07,2종,6647
143,장지,2005-07,3종,1059
143,장지,2005-07,4종,1723
143,장지,2005-07,5종,10719
143,장지,2005-07,6종,3761
144,함안,2005-07,1종,329032
144,함안,2005-07,2종,23237
144,함안,2005-07,3종,7557
144,함안,2005-07,4종,6032
144,함안,2005-07,5종,13563
144,함안,2005-07,6종,21408
145,산인,2005-07,1종,673519
145,산인,2005-07,2종,37838
145,산인,2005-07,3종,36167
145,산인,2005-07,4종,18121
145,산인,2005-07,5종,25637
145,산인,2005-07,6종,38896
146,동창원,2005-07,1종,616319
146,동창원,2005-07,2종,54355
146,동창원,2005-07,3종,12410
146,동창원,2005-07,4종,11644
146,동창원,2005-07,5종,38246
146,동창원,2005-07,6종,34510
147,진례,2005-07,1종,513686
147,진례,2005-07,2종,78720
147,진례,2005-07,3종,9223
147,진례,2005-07,4종,17391
147,진례,2005-07,5종,23446
147,진례,2005-07,6종,25960
148,서김해,2005-07,1종,672146
148,서김해,2005-07,2종,55046
148,서김해,2005-07,3종,11977
148,서김해,2005-07,4종,13650
148,서김해,2005-07,5종,30202
148,서김해,2005-07,6종,42041
149,동김해,2005-07,1종,1092927
149,동김해,2005-07,2종,65037
149,동김해,2005-07,3종,15810
149,동김해,2005-07,4종,15175
149,동김해,2005-07,5종,25655
149,동김해,2005-07,6종,81851
150,북부산,2005-07,1종,2492229
150,북부산,2005-07,2종,172133
150,북부산,2005-07,3종,60467
150,북부산,2005-07,4종,48190
150,북부산,2005-07,5종,141741
150,북부산,2005-07,6종,146910
151,북대전,2005-07,1종,513349
151,북대전,2005-07,2종,20998
151,북대전,2005-07,3종,16529
151,북대전,2005-07,4종,10853
151,북대전,2005-07,5종,11871
151,북대전,2005-07,6종,20416
152,유성,2005-07,1종,834290
152,유성,2005-07,2종,47544
152,유성,2005-07,3종,27375
152,유성,2005-07,4종,12952
152,유성,2005-07,5종,16928
152,유성,2005-07,6종,30081
153,서대전,2005-07,1종,536405
153,서대전,2005-07,2종,32297
153,서대전,2005-07,3종,10400
153,서대전,2005-07,4종,7816
153,서대전,2005-07,5종,12201
153,서대전,2005-07,6종,23886
154,안영,2005-07,1종,371762
154,안영,2005-07,2종,18273
154,안영,2005-07,3종,6074
154,안영,2005-07,4종,5903
154,안영,2005-07,5종,10259
154,안영,2005-07,6종,14625
155,논산,2005-07,1종,197964
155,논산,2005-07,2종,32026
155,논산,2005-07,3종,9170
155,논산,2005-07,4종,10316
155,논산,2005-07,5종,9956
155,논산,2005-07,6종,6521
156,익산,2005-07,1종,262425
156,익산,2005-07,2종,35689
156,익산,2005-07,3종,19190
156,익산,2005-07,4종,15172
156,익산,2005-07,5종,31604
156,익산,2005-07,6종,6787
157,삼례,2005-07,1종,71627
157,삼례,2005-07,2종,8591
157,삼례,2005-07,3종,1787
157,삼례,2005-07,4종,2933
157,삼례,2005-07,5종,3869
157,삼례,2005-07,6종,2113
158,전주,2005-07,1종,540653
158,전주,2005-07,2종,42509
158,전주,2005-07,3종,39993
158,전주,2005-07,4종,14363
158,전주,2005-07,5종,30514
158,전주,2005-07,6종,14263
159,서전주,2005-07,1종,166590
159,서전주,2005-07,2종,10883
159,서전주,2005-07,3종,3593
159,서전주,2005-07,4종,2197
159,서전주,2005-07,5종,3680
159,서전주,2005-07,6종,4345
160,김제,2005-07,1종,100392
160,김제,2005-07,2종,8765
160,김제,2005-07,3종,7622
160,김제,2005-07,4종,2383
160,김제,2005-07,5종,1864
160,김제,2005-07,6종,2786
161,금산사,2005-07,1종,51522
161,금산사,2005-07,2종,8995
161,금산사,2005-07,3종,1037
161,금산사,2005-07,4종,2240
161,금산사,2005-07,5종,4310
161,금산사,2005-07,6종,1042
162,태인,2005-07,1종,91746
162,태인,2005-07,2종,13187
162,태인,2005-07,3종,4915
162,태인,2005-07,4종,3876
162,태인,2005-07,5종,6110
162,태인,2005-07,6종,2231
163,정읍,2005-07,1종,335081
163,정읍,2005-07,2종,35872
163,정읍,2005-07,3종,25007
163,정읍,2005-07,4종,6594
163,정읍,2005-07,5종,8065
163,정읍,2005-07,6종,9294
164,무주,2005-07,1종,145368
164,무주,2005-07,2종,4722
164,무주,2005-07,3종,4328
164,무주,2005-07,4종,732
164,무주,2005-07,5종,2198
164,무주,2005-07,6종,3570
165,백양사,2005-07,1종,107416
165,백양사,2005-07,2종,7363
165,백양사,2005-07,3종,4682
165,백양사,2005-07,4종,2075
165,백양사,2005-07,5종,1688
165,백양사,2005-07,6종,3083
166,장성,2005-07,1종,176170
166,장성,2005-07,2종,15548
166,장성,2005-07,3종,11094
166,장성,2005-07,4종,4489
166,장성,2005-07,5종,6606
166,장성,2005-07,6종,7228
167,광주,2005-07,1종,927988
167,광주,2005-07,2종,89223
167,광주,2005-07,3종,75948
167,광주,2005-07,4종,31303
167,광주,2005-07,5종,29353
167,광주,2005-07,6종,24642
168,덕유산,2005-07,1종,44964
168,덕유산,2005-07,2종,2084
168,덕유산,2005-07,3종,1140
168,덕유산,2005-07,4종,266
168,덕유산,2005-07,5종,2332
168,덕유산,2005-07,6종,1083
169,장수,2005-07,1종,111477
169,장수,2005-07,2종,18571
169,장수,2005-07,3종,7470
169,장수,2005-07,4종,6320
169,장수,2005-07,5종,19728
169,장수,2005-07,6종,2651
170,서상,2005-07,1종,39175
170,서상,2005-07,2종,3438
170,서상,2005-07,3종,3446
170,서상,2005-07,4종,898
170,서상,2005-07,5종,926
170,서상,2005-07,6종,1182
171,마성,2005-07,1종,401209
171,마성,2005-07,2종,10404
171,마성,2005-07,3종,19243
171,마성,2005-07,4종,836
171,마성,2005-07,5종,754
171,마성,2005-07,6종,15281
172,용인,2005-07,1종,775437
172,용인,2005-07,2종,85974
172,용인,2005-07,3종,17586
172,용인,2005-07,4종,14166
172,용인,2005-07,5종,13779
172,용인,2005-07,6종,35709
173,양지,2005-07,1종,603379
173,양지,2005-07,2종,101116
173,양지,2005-07,3종,24354
173,양지,2005-07,4종,23151
173,양지,2005-07,5종,30986
173,양지,2005-07,6종,19809
174,춘천,2005-07,1종,417694
174,춘천,2005-07,2종,23865
174,춘천,2005-07,3종,15454
174,춘천,2005-07,4종,4331
174,춘천,2005-07,5종,5960
174,춘천,2005-07,6종,19028
175,덕평,2005-07,1종,154532
175,덕평,2005-07,2종,19916
175,덕평,2005-07,3종,7924
175,덕평,2005-07,4종,5520
175,덕평,2005-07,5종,5496
175,덕평,2005-07,6종,5436
176,이천,2005-07,1종,530089
176,이천,2005-07,2종,53804
176,이천,2005-07,3종,25339
176,이천,2005-07,4종,19289
176,이천,2005-07,5종,23028
176,이천,2005-07,6종,17747
177,여주,2005-07,1종,394584
177,여주,2005-07,2종,32809
177,여주,2005-07,3종,15349
177,여주,2005-07,4종,10324
177,여주,2005-07,5종,10768
177,여주,2005-07,6종,11543
178,문막,2005-07,1종,268213
178,문막,2005-07,2종,30682
178,문막,2005-07,3종,13707
178,문막,2005-07,4종,6493
178,문막,2005-07,5종,13269
178,문막,2005-07,6종,7903
179,홍천,2005-07,1종,283203
179,홍천,2005-07,2종,17098
179,홍천,2005-07,3종,9126
179,홍천,2005-07,4종,4424
179,홍천,2005-07,5종,4505
179,홍천,2005-07,6종,12413
180,원주,2005-07,1종,246716
180,원주,2005-07,2종,23749
180,원주,2005-07,3종,26887
180,원주,2005-07,4종,6974
180,원주,2005-07,5종,9135
180,원주,2005-07,6종,9233
181,새말,2005-07,1종,175291
181,새말,2005-07,2종,16687
181,새말,2005-07,3종,8994
181,새말,2005-07,4종,2338
181,새말,2005-07,5종,4529
181,새말,2005-07,6종,4869
182,둔내,2005-07,1종,98311
182,둔내,2005-07,2종,10012
182,둔내,2005-07,3종,4055
182,둔내,2005-07,4종,1602
182,둔내,2005-07,5종,5235
182,둔내,2005-07,6종,2601
183,면온,2005-07,1종,84738
183,면온,2005-07,2종,2426
183,면온,2005-07,3종,2254
183,면온,2005-07,4종,1316
183,면온,2005-07,5종,822
183,면온,2005-07,6종,2087
184,대관령,2005-07,1종,146218
184,대관령,2005-07,2종,8050
184,대관령,2005-07,3종,10160
184,대관령,2005-07,4종,1358
184,대관령,2005-07,5종,2281
184,대관령,2005-07,6종,4544
185,평창,2005-07,1종,137757
185,평창,2005-07,2종,9550
185,평창,2005-07,3종,11698
185,평창,2005-07,4종,805
185,평창,2005-07,5종,2873
185,평창,2005-07,6종,4011
186,속사,2005-07,1종,49111
186,속사,2005-07,2종,4319
186,속사,2005-07,3종,954
186,속사,2005-07,4종,783
186,속사,2005-07,5종,811
186,속사,2005-07,6종,1258
187,진부,2005-07,1종,138712
187,진부,2005-07,2종,8277
187,진부,2005-07,3종,11855
187,진부,2005-07,4종,1361
187,진부,2005-07,5종,1851
187,진부,2005-07,6종,4535
189,강릉,2005-07,1종,469242
189,강릉,2005-07,2종,24294
189,강릉,2005-07,3종,38726
189,강릉,2005-07,4종,7664
189,강릉,2005-07,5종,13178
189,강릉,2005-07,6종,17596
190,동서울,2005-07,1종,3205987
190,동서울,2005-07,2종,265401
190,동서울,2005-07,3종,154542
190,동서울,2005-07,4종,45953
190,동서울,2005-07,5종,49319
190,동서울,2005-07,6종,94267
191,경기광주,2005-07,1종,689234
191,경기광주,2005-07,2종,53065
191,경기광주,2005-07,3종,20131
191,경기광주,2005-07,4종,6385
191,경기광주,2005-07,5종,4867
191,경기광주,2005-07,6종,29224
192,곤지암,2005-07,1종,711792
192,곤지암,2005-07,2종,83034
192,곤지암,2005-07,3종,16405
192,곤지암,2005-07,4종,14330
192,곤지암,2005-07,5종,16274
192,곤지암,2005-07,6종,23086
193,일죽,2005-07,1종,383099
193,일죽,2005-07,2종,56705
193,일죽,2005-07,3종,17883
193,일죽,2005-07,4종,13042
193,일죽,2005-07,5종,12163
193,일죽,2005-07,6종,10935
194,서이천,2005-07,1종,308631
194,서이천,2005-07,2종,35751
194,서이천,2005-07,3종,11806
194,서이천,2005-07,4종,7120
194,서이천,2005-07,5종,7166
194,서이천,2005-07,6종,11033
195,대소,2005-07,1종,295118
195,대소,2005-07,2종,55202
195,대소,2005-07,3종,12447
195,대소,2005-07,4종,12277
195,대소,2005-07,5종,10900
195,대소,2005-07,6종,8789
196,진천,2005-07,1종,211317
196,진천,2005-07,2종,30812
196,진천,2005-07,3종,8796
196,진천,2005-07,4종,7912
196,진천,2005-07,5종,10520
196,진천,2005-07,6종,6862
197,증평,2005-07,1종,299841
197,증평,2005-07,2종,34745
197,증평,2005-07,3종,10790
197,증평,2005-07,4종,7817
197,증평,2005-07,5종,16411
197,증평,2005-07,6종,8803
198,서청주,2005-07,1종,502731
198,서청주,2005-07,2종,49296
198,서청주,2005-07,3종,24231
198,서청주,2005-07,4종,17469
198,서청주,2005-07,5종,17973
198,서청주,2005-07,6종,17525
199,오창,2005-07,1종,262775
199,오창,2005-07,2종,24409
199,오창,2005-07,3종,12038
199,오창,2005-07,4종,7316
199,오창,2005-07,5종,7908
199,오창,2005-07,6종,8202
200,금산,2005-07,1종,215693
200,금산,2005-07,2종,8438
200,금산,2005-07,3종,3318
200,금산,2005-07,4종,2390
200,금산,2005-07,5종,8110
200,금산,2005-07,6종,7285
201,칠곡,2005-07,1종,508854
201,칠곡,2005-07,2종,29856
201,칠곡,2005-07,3종,11848
201,칠곡,2005-07,4종,3662
201,칠곡,2005-07,5종,7175
201,칠곡,2005-07,6종,25653
202,다부,2005-07,1종,88638
202,다부,2005-07,2종,7537
202,다부,2005-07,3종,1880
202,다부,2005-07,4종,1606
202,다부,2005-07,5종,3094
202,다부,2005-07,6종,2981
203,가산,2005-07,1종,385768
203,가산,2005-07,2종,25337
203,가산,2005-07,3종,5817
203,가산,2005-07,4종,5007
203,가산,2005-07,5종,11603
203,가산,2005-07,6종,15248
204,추부,2005-07,1종,251118
204,추부,2005-07,2종,17543
204,추부,2005-07,3종,4958
204,추부,2005-07,4종,3930
204,추부,2005-07,5종,6702
204,추부,2005-07,6종,10339
205,군위,2005-07,1종,114191
205,군위,2005-07,2종,10745
205,군위,2005-07,3종,1346
205,군위,2005-07,4종,1111
205,군위,2005-07,5종,2175
205,군위,2005-07,6종,4184
206,의성,2005-07,1종,154281
206,의성,2005-07,2종,10278
206,의성,2005-07,3종,2565
206,의성,2005-07,4종,1539
206,의성,2005-07,5종,2846
206,의성,2005-07,6종,5607
207,남안동,2005-07,1종,219195
207,남안동,2005-07,2종,13819
207,남안동,2005-07,3종,9805
207,남안동,2005-07,4종,2055
207,남안동,2005-07,5종,5084
207,남안동,2005-07,6종,7767
208,서안동,2005-07,1종,174768
208,서안동,2005-07,2종,12823
208,서안동,2005-07,3종,6415
208,서안동,2005-07,4종,1664
208,서안동,2005-07,5종,6563
208,서안동,2005-07,6종,5891
209,예천,2005-07,1종,35092
209,예천,2005-07,2종,1916
209,예천,2005-07,3종,407
209,예천,2005-07,4종,390
209,예천,2005-07,5종,2987
209,예천,2005-07,6종,1383
210,영주,2005-07,1종,132964
210,영주,2005-07,2종,9532
210,영주,2005-07,3종,4632
210,영주,2005-07,4종,1329
210,영주,2005-07,5종,6397
210,영주,2005-07,6종,4702
211,풍기,2005-07,1종,158064
211,풍기,2005-07,2종,9533
211,풍기,2005-07,3종,10268
211,풍기,2005-07,4종,1284
211,풍기,2005-07,5종,4829
211,풍기,2005-07,6종,5924
212,북수원,2005-07,1종,1339946
212,북수원,2005-07,2종,82668
212,북수원,2005-07,3종,42551
212,북수원,2005-07,4종,21699
212,북수원,2005-07,5종,22189
212,북수원,2005-07,6종,59138
213,부곡,2005-07,1종,252368
213,부곡,2005-07,2종,13896
213,부곡,2005-07,3종,3223
213,부곡,2005-07,4종,6092
213,부곡,2005-07,5종,65348
213,부곡,2005-07,6종,12800
214,동군포,2005-07,1종,138339
214,동군포,2005-07,2종,21575
214,동군포,2005-07,3종,5546
214,동군포,2005-07,4종,13524
214,동군포,2005-07,5종,8898
214,동군포,2005-07,6종,6045
215,군포,2005-07,1종,673751
215,군포,2005-07,2종,77372
215,군포,2005-07,3종,16974
215,군포,2005-07,4종,17413
215,군포,2005-07,5종,25232
215,군포,2005-07,6종,29133
216,횡성,2005-07,1종,121852
216,횡성,2005-07,2종,9297
216,횡성,2005-07,3종,3525
216,횡성,2005-07,4종,1798
216,횡성,2005-07,5종,2900
216,횡성,2005-07,6종,4570
217,북원주,2005-07,1종,61421
217,북원주,2005-07,2종,5952
217,북원주,2005-07,3종,777
217,북원주,2005-07,4종,962
217,북원주,2005-07,5종,877
217,북원주,2005-07,6종,2626
218,남원주,2005-07,1종,481530
218,남원주,2005-07,2종,29082
218,남원주,2005-07,3종,13793
218,남원주,2005-07,4종,4729
218,남원주,2005-07,5종,8355
218,남원주,2005-07,6종,18086
219,신림,2005-07,1종,118278
219,신림,2005-07,2종,5689
219,신림,2005-07,3종,4140
219,신림,2005-07,4종,943
219,신림,2005-07,5종,11537
219,신림,2005-07,6종,3938
221,생초,2005-07,1종,52538
221,생초,2005-07,2종,7471
221,생초,2005-07,3종,2674
221,생초,2005-07,4종,3251
221,생초,2005-07,5종,6741
221,생초,2005-07,6종,1674
222,산청,2005-07,1종,57252
222,산청,2005-07,2종,3010
222,산청,2005-07,3종,2562
222,산청,2005-07,4종,619
222,산청,2005-07,5종,987
222,산청,2005-07,6종,2004
223,단성,2005-07,1종,110419
223,단성,2005-07,2종,6034
223,단성,2005-07,3종,5677
223,단성,2005-07,4종,1419
223,단성,2005-07,5종,2669
223,단성,2005-07,6종,3883
224,함양,2005-07,1종,102982
224,함양,2005-07,2종,7380
224,함양,2005-07,3종,5264
224,함양,2005-07,4종,1185
224,함양,2005-07,5종,4220
224,함양,2005-07,6종,4635
225,서진주,2005-07,1종,279784
225,서진주,2005-07,2종,10629
225,서진주,2005-07,3종,3973
225,서진주,2005-07,4종,1814
225,서진주,2005-07,5종,3827
225,서진주,2005-07,6종,16512
227,군산,2005-07,1종,109320
227,군산,2005-07,2종,5345
227,군산,2005-07,3종,5448
227,군산,2005-07,4종,992
227,군산,2005-07,5종,3011
227,군산,2005-07,6종,2992
228,동군산,2005-07,1종,320229
228,동군산,2005-07,2종,25564
228,동군산,2005-07,3종,8606
228,동군산,2005-07,4종,6198
228,동군산,2005-07,5종,23026
228,동군산,2005-07,6종,7878
231,화원옥포,2005-07,1종,1469103
231,화원옥포,2005-07,2종,178241
231,화원옥포,2005-07,3종,77206
231,화원옥포,2005-07,4종,50311
231,화원옥포,2005-07,5종,118819
231,화원옥포,2005-07,6종,57601
232,달성,2005-07,1종,229429
232,달성,2005-07,2종,28263
232,달성,2005-07,3종,11718
232,달성,2005-07,4종,5968
232,달성,2005-07,5종,4318
232,달성,2005-07,6종,14735
233,현풍,2005-07,1종,238558
233,현풍,2005-07,2종,33326
233,현풍,2005-07,3종,6002
233,현풍,2005-07,4종,7940
233,현풍,2005-07,5종,21285
233,현풍,2005-07,6종,9775
234,서천,2005-07,1종,117015
234,서천,2005-07,2종,11207
234,서천,2005-07,3종,2195
234,서천,2005-07,4종,4984
234,서천,2005-07,5종,11759
234,서천,2005-07,6종,3160
235,창녕,2005-07,1종,142799
235,창녕,2005-07,2종,9861
235,창녕,2005-07,3종,7688
235,창녕,2005-07,4종,1267
235,창녕,2005-07,5종,3100
235,창녕,2005-07,6종,6445
236,영산,2005-07,1종,163034
236,영산,2005-07,2종,12475
236,영산,2005-07,3종,8050
236,영산,2005-07,4종,2050
236,영산,2005-07,5종,2699
236,영산,2005-07,6종,7213
237,남지,2005-07,1종,147761
237,남지,2005-07,2종,16275
237,남지,2005-07,3종,10394
237,남지,2005-07,4종,4793
237,남지,2005-07,5종,17127
237,남지,2005-07,6종,8828
238,칠서,2005-07,1종,174725
238,칠서,2005-07,2종,24863
238,칠서,2005-07,3종,4278
238,칠서,2005-07,4종,14778
238,칠서,2005-07,5종,15877
238,칠서,2005-07,6종,10030
239,칠원,2005-07,1종,430950
239,칠원,2005-07,2종,39481
239,칠원,2005-07,3종,24946
239,칠원,2005-07,4종,20912
239,칠원,2005-07,5종,29902
239,칠원,2005-07,6종,21889
240,제천,2005-07,1종,352724
240,제천,2005-07,2종,20650
240,제천,2005-07,3종,16759
240,제천,2005-07,4종,3303
240,제천,2005-07,5종,16303
240,제천,2005-07,6종,11359
241,동고령,2005-07,1종,143351
241,동고령,2005-07,2종,13013
241,동고령,2005-07,3종,8719
241,동고령,2005-07,4종,3129
241,동고령,2005-07,5종,4460
241,동고령,2005-07,6종,5767
242,고령,2005-07,1종,139834
242,고령,2005-07,2종,12292
242,고령,2005-07,3종,3536
242,고령,2005-07,4종,2172
242,고령,2005-07,5종,2942
242,고령,2005-07,6종,5576
243,해인사,2005-07,1종,85058
243,해인사,2005-07,2종,4166
243,해인사,2005-07,3종,1600
243,해인사,2005-07,4종,829
243,해인사,2005-07,5종,344
243,해인사,2005-07,6종,3956
244,서부산,2005-07,1종,1952256
244,서부산,2005-07,2종,150308
244,서부산,2005-07,3종,79270
244,서부산,2005-07,4종,49667
244,서부산,2005-07,5종,165320
244,서부산,2005-07,6종,105369
245,장유,2005-07,1종,1323645
245,장유,2005-07,2종,82074
245,장유,2005-07,3종,34810
245,장유,2005-07,4종,16637
245,장유,2005-07,5종,53659
245,장유,2005-07,6종,90731
246,가락,2005-07,1종,400624
246,가락,2005-07,2종,37355
246,가락,2005-07,3종,6646
246,가락,2005-07,4종,13380
246,가락,2005-07,5종,21382
246,가락,2005-07,6종,22527
247,남원,2005-07,1종,166164
247,남원,2005-07,2종,12622
247,남원,2005-07,3종,9401
247,남원,2005-07,4종,2893
247,남원,2005-07,5종,5730
247,남원,2005-07,6종,4707
248,순창,2005-07,1종,70272
248,순창,2005-07,2종,4359
248,순창,2005-07,3종,1309
248,순창,2005-07,4종,1262
248,순창,2005-07,5종,1374
248,순창,2005-07,6종,2344
249,담양,2005-07,1종,96165
249,담양,2005-07,2종,5673
249,담양,2005-07,3종,10873
249,담양,2005-07,4종,1350
249,담양,2005-07,5종,3120
249,담양,2005-07,6종,2679
250,남양산,2005-07,1종,796211
250,남양산,2005-07,2종,80342
250,남양산,2005-07,3종,22139
250,남양산,2005-07,4종,20802
250,남양산,2005-07,5종,36262
250,남양산,2005-07,6종,50845
251,물금,2005-07,1종,176671
251,물금,2005-07,2종,36851
251,물금,2005-07,3종,7266
251,물금,2005-07,4종,19980
251,물금,2005-07,5종,111062
251,물금,2005-07,6종,9163
252,대동,2005-07,1종,1737742
252,대동,2005-07,2종,242194
252,대동,2005-07,3종,50097
252,대동,2005-07,4종,63443
252,대동,2005-07,5종,202137
252,대동,2005-07,6종,83006
253,서서울,2005-07,1종,4145009
253,서서울,2005-07,2종,321411
253,서서울,2005-07,3종,81054
253,서서울,2005-07,4종,78355
253,서서울,2005-07,5종,100268
253,서서울,2005-07,6종,157232
254,군자,2005-07,1종,2610522
254,군자,2005-07,2종,265132
254,군자,2005-07,3종,71170
254,군자,2005-07,4종,69477
254,군자,2005-07,5종,224947
254,군자,2005-07,6종,116284
255,서안산,2005-07,1종,1019882
255,서안산,2005-07,2종,119061
255,서안산,2005-07,3종,15056
255,서안산,2005-07,4종,26834
255,서안산,2005-07,5종,46158
255,서안산,2005-07,6종,48369
256,안산,2005-07,1종,1079579
256,안산,2005-07,2종,42107
256,안산,2005-07,3종,11093
256,안산,2005-07,4종,5250
256,안산,2005-07,5종,9313
256,안산,2005-07,6종,55522
257,홍성,2005-07,1종,311612
257,홍성,2005-07,2종,13598
257,홍성,2005-07,3종,6765
257,홍성,2005-07,4종,2060
257,홍성,2005-07,5종,5484
257,홍성,2005-07,6종,8075
258,광천,2005-07,1종,98897
258,광천,2005-07,2종,10050
258,광천,2005-07,3종,1137
258,광천,2005-07,4종,1365
258,광천,2005-07,5종,6681
258,광천,2005-07,6종,2494
259,대천,2005-07,1종,337238
259,대천,2005-07,2종,13404
259,대천,2005-07,3종,6233
259,대천,2005-07,4종,1933
259,대천,2005-07,5종,3522
259,대천,2005-07,6종,10245
260,춘장대,2005-07,1종,55617
260,춘장대,2005-07,2종,2371
260,춘장대,2005-07,3종,824
260,춘장대,2005-07,4종,360
260,춘장대,2005-07,5종,1231
260,춘장대,2005-07,6종,1507
261,동광주,2005-07,1종,987025
261,동광주,2005-07,2종,63074
261,동광주,2005-07,3종,56831
261,동광주,2005-07,4종,23512
261,동광주,2005-07,5종,45154
261,동광주,2005-07,6종,28047
262,창평,2005-07,1종,63728
262,창평,2005-07,2종,4123
262,창평,2005-07,3종,923
262,창평,2005-07,4종,3128
262,창평,2005-07,5종,1524
262,창평,2005-07,6종,2026
263,옥과,2005-07,1종,163228
263,옥과,2005-07,2종,7333
263,옥과,2005-07,3종,9784
263,옥과,2005-07,4종,4051
263,옥과,2005-07,5종,4208
263,옥과,2005-07,6종,5480
264,동남원,2005-07,1종,47529
264,동남원,2005-07,2종,3178
264,동남원,2005-07,3종,1598
264,동남원,2005-07,4종,1125
264,동남원,2005-07,5종,2599
264,동남원,2005-07,6종,1400
265,곡성,2005-07,1종,144188
265,곡성,2005-07,2종,7823
265,곡성,2005-07,3종,3623
265,곡성,2005-07,4종,3341
265,곡성,2005-07,5종,5167
265,곡성,2005-07,6종,4393
266,석곡,2005-07,1종,50790
266,석곡,2005-07,2종,2572
266,석곡,2005-07,3종,2235
266,석곡,2005-07,4종,283
266,석곡,2005-07,5종,846
266,석곡,2005-07,6종,1470
267,주암송광사,2005-07,1종,128351
267,주암송광사,2005-07,2종,7939
267,주암송광사,2005-07,3종,3350
267,주암송광사,2005-07,4종,2819
267,주암송광사,2005-07,5종,7353
267,주암송광사,2005-07,6종,3402
268,승주,2005-07,1종,47606
268,승주,2005-07,2종,2042
268,승주,2005-07,3종,1274
268,승주,2005-07,4종,261
268,승주,2005-07,5종,604
268,승주,2005-07,6종,2024
269,지리산,2005-07,1종,71981
269,지리산,2005-07,2종,4397
269,지리산,2005-07,3종,2984
269,지리산,2005-07,4종,1221
269,지리산,2005-07,5종,492
269,지리산,2005-07,6종,1818
270,서순천,2005-07,1종,162140
270,서순천,2005-07,2종,9651
270,서순천,2005-07,3종,10345
270,서순천,2005-07,4종,2323
270,서순천,2005-07,5종,15208
270,서순천,2005-07,6종,5704
271,순천,2005-07,1종,487279
271,순천,2005-07,2종,27236
271,순천,2005-07,3종,13255
271,순천,2005-07,4종,7782
271,순천,2005-07,5종,23449
271,순천,2005-07,6종,16728
272,광양,2005-07,1종,190228
272,광양,2005-07,2종,20555
272,광양,2005-07,3종,12038
272,광양,2005-07,4종,13791
272,광양,2005-07,5종,55145
272,광양,2005-07,6종,5654
273,동광양,2005-07,1종,101602
273,동광양,2005-07,2종,4546
273,동광양,2005-07,3종,1985
273,동광양,2005-07,4종,1190
273,동광양,2005-07,5종,28887
273,동광양,2005-07,6종,5316
274,가조,2005-07,1종,57623
274,가조,2005-07,2종,4564
274,가조,2005-07,3종,2366
274,가조,2005-07,4종,761
274,가조,2005-07,5종,535
274,가조,2005-07,6종,3755
275,옥곡,2005-07,1종,103661
275,옥곡,2005-07,2종,4194
275,옥곡,2005-07,3종,3185
275,옥곡,2005-07,4종,730
275,옥곡,2005-07,5종,4406
275,옥곡,2005-07,6종,4333
276,진월,2005-07,1종,78491
276,진월,2005-07,2종,3830
276,진월,2005-07,3종,1475
276,진월,2005-07,4종,2358
276,진월,2005-07,5종,40999
276,진월,2005-07,6종,2794
277,하동,2005-07,1종,180633
277,하동,2005-07,2종,8113
277,하동,2005-07,3종,6672
277,하동,2005-07,4종,2372
277,하동,2005-07,5종,33108
277,하동,2005-07,6종,7610
278,진교,2005-07,1종,180899
278,진교,2005-07,2종,9009
278,진교,2005-07,3종,13431
278,진교,2005-07,4종,1160
278,진교,2005-07,5종,1757
278,진교,2005-07,6종,10869
279,곤양,2005-07,1종,124601
279,곤양,2005-07,2종,6974
279,곤양,2005-07,3종,5121
279,곤양,2005-07,4종,2013
279,곤양,2005-07,5종,3467
279,곤양,2005-07,6종,7202
280,거창,2005-07,1종,192954
280,거창,2005-07,2종,12413
280,거창,2005-07,3종,11729
280,거창,2005-07,4종,2330
280,거창,2005-07,5종,4776
280,거창,2005-07,6종,9339
281,매송,2005-07,1종,537885
281,매송,2005-07,2종,55964
281,매송,2005-07,3종,16782
281,매송,2005-07,4종,14045
281,매송,2005-07,5종,25871
281,매송,2005-07,6종,21153
282,비봉,2005-07,1종,650262
282,비봉,2005-07,2종,69042
282,비봉,2005-07,3종,11778
282,비봉,2005-07,4종,13513
282,비봉,2005-07,5종,33660
282,비봉,2005-07,6종,22910
283,발안,2005-07,1종,448483
283,발안,2005-07,2종,53053
283,발안,2005-07,3종,7133
283,발안,2005-07,4종,11027
283,발안,2005-07,5종,23705
283,발안,2005-07,6종,13673
284,남양양,2005-07,1종,293081
284,남양양,2005-07,2종,9226
284,남양양,2005-07,3종,10803
284,남양양,2005-07,4종,2632
284,남양양,2005-07,5종,6785
284,남양양,2005-07,6종,6872
285,서평택,2005-07,1종,641304
285,서평택,2005-07,2종,66554
285,서평택,2005-07,3종,12253
285,서평택,2005-07,4종,32499
285,서평택,2005-07,5종,71636
285,서평택,2005-07,6종,20130
287,송악,2005-07,1종,391254
287,송악,2005-07,2종,33245
287,송악,2005-07,3종,10005
287,송악,2005-07,4종,11525
287,송악,2005-07,5종,53688
287,송악,2005-07,6종,10271
288,당진,2005-07,1종,297073
288,당진,2005-07,2종,25568
288,당진,2005-07,3종,10513
288,당진,2005-07,4종,6485
288,당진,2005-07,5종,24364
288,당진,2005-07,6종,8011
289,마산,2005-07,1종,922134
289,마산,2005-07,2종,63037
289,마산,2005-07,3종,37754
289,마산,2005-07,4종,16892
289,마산,2005-07,5종,26191
289,마산,2005-07,6종,51433
290,축동,2005-07,1종,27608
290,축동,2005-07,2종,2657
290,축동,2005-07,3종,275
290,축동,2005-07,4종,694
290,축동,2005-07,5종,2117
290,축동,2005-07,6종,1921
291,사천,2005-07,1종,657137
291,사천,2005-07,2종,41746
291,사천,2005-07,3종,23594
291,사천,2005-07,4종,7716
291,사천,2005-07,5종,25572
291,사천,2005-07,6종,33332
292,진주,2005-07,1종,533344
292,진주,2005-07,2종,36747
292,진주,2005-07,3종,33561
292,진주,2005-07,4종,7239
292,진주,2005-07,5종,22267
292,진주,2005-07,6종,32078
293,문산,2005-07,1종,183238
293,문산,2005-07,2종,16911
293,문산,2005-07,3종,2926
293,문산,2005-07,4종,3924
293,문산,2005-07,5종,9565
293,문산,2005-07,6종,9656
294,북창원,2005-07,1종,254133
294,북창원,2005-07,2종,16157
294,북창원,2005-07,3종,2425
294,북창원,2005-07,4종,4595
294,북창원,2005-07,5종,5167
294,북창원,2005-07,6종,11573
295,진성,2005-07,1종,126949
295,진성,2005-07,2종,12209
295,진성,2005-07,3종,5688
295,진성,2005-07,4종,2420
295,진성,2005-07,5종,9938
295,진성,2005-07,6종,6165
296,지수,2005-07,1종,43446
296,지수,2005-07,2종,4792
296,지수,2005-07,3종,593
296,지수,2005-07,4종,346
296,지수,2005-07,5종,889
296,지수,2005-07,6종,2164
298,서산,2005-07,1종,376285
298,서산,2005-07,2종,24854
298,서산,2005-07,3종,12201
298,서산,2005-07,4종,7173
298,서산,2005-07,5종,12499
298,서산,2005-07,6종,10470
299,해미,2005-07,1종,168709
299,해미,2005-07,2종,11916
299,해미,2005-07,3종,3986
299,해미,2005-07,4종,2949
299,해미,2005-07,5종,9543
299,해미,2005-07,6종,4801
501,서김제,2005-07,1종,63290
501,서김제,2005-07,2종,6517
501,서김제,2005-07,3종,1552
501,서김제,2005-07,4종,1059
501,서김제,2005-07,5종,2488
501,서김제,2005-07,6종,1467
502,부안,2005-07,1종,99283
502,부안,2005-07,2종,8856
502,부안,2005-07,3종,2102
502,부안,2005-07,4종,1694
502,부안,2005-07,5종,5378
502,부안,2005-07,6종,2517
503,줄포,2005-07,1종,55128
503,줄포,2005-07,2종,2936
503,줄포,2005-07,3종,1177
503,줄포,2005-07,4종,297
503,줄포,2005-07,5종,673
503,줄포,2005-07,6종,1127
504,선운산,2005-07,1종,69996
504,선운산,2005-07,2종,9421
504,선운산,2005-07,3종,7195
504,선운산,2005-07,4종,1821
504,선운산,2005-07,5종,3327
504,선운산,2005-07,6종,1332
505,고창,2005-07,1종,75714
505,고창,2005-07,2종,6234
505,고창,2005-07,3종,1424
505,고창,2005-07,4종,563
505,고창,2005-07,5종,1094
505,고창,2005-07,6종,1712
506,영광,2005-07,1종,61040
506,영광,2005-07,2종,5949
506,영광,2005-07,3종,3859
506,영광,2005-07,4종,648
506,영광,2005-07,5종,755
506,영광,2005-07,6종,1505
507,함평,2005-07,1종,55998
507,함평,2005-07,2종,10406
507,함평,2005-07,3종,1974
507,함평,2005-07,4종,1102
507,함평,2005-07,5종,2972
507,함평,2005-07,6종,1172
508,무안,2005-07,1종,278039
508,무안,2005-07,2종,21718
508,무안,2005-07,3종,9986
508,무안,2005-07,4종,3884
508,무안,2005-07,5종,13028
508,무안,2005-07,6종,6640
509,목포,2005-07,1종,429720
509,목포,2005-07,2종,32076
509,목포,2005-07,3종,18859
509,목포,2005-07,4종,6003
509,목포,2005-07,5종,20068
509,목포,2005-07,6종,10032
511,무창포,2005-07,1종,66770
511,무창포,2005-07,2종,3968
511,무창포,2005-07,3종,689
511,무창포,2005-07,4종,500
511,무창포,2005-07,5종,2007
511,무창포,2005-07,6종,1579
521,단양,2005-07,1종,83195
521,단양,2005-07,2종,3266
521,단양,2005-07,3종,3771
521,단양,2005-07,4종,593
521,단양,2005-07,5종,6856
521,단양,2005-07,6종,2991
522,북단양,2005-07,1종,77209
522,북단양,2005-07,2종,4987
522,북단양,2005-07,3종,3164
522,북단양,2005-07,4종,1625
522,북단양,2005-07,5종,17275
522,북단양,2005-07,6종,2446
523,남제천,2005-07,1종,50891
523,남제천,2005-07,2종,2677
523,남제천,2005-07,3종,1739
523,남제천,2005-07,4종,421
523,남제천,2005-07,5종,783
523,남제천,2005-07,6종,1391
524,청통와촌,2005-07,1종,172489
524,청통와촌,2005-07,2종,15345
524,청통와촌,2005-07,3종,3061
524,청통와촌,2005-07,4종,2334
524,청통와촌,2005-07,5종,4468
524,청통와촌,2005-07,6종,6060
525,북영천,2005-07,1종,137022
525,북영천,2005-07,2종,12179
525,북영천,2005-07,3종,2532
525,북영천,2005-07,4종,2933
525,북영천,2005-07,5종,17588
525,북영천,2005-07,6종,4085
526,서포항,2005-07,1종,84108
526,서포항,2005-07,2종,3286
526,서포항,2005-07,3종,1349
526,서포항,2005-07,4종,797
526,서포항,2005-07,5종,1592
526,서포항,2005-07,6종,3139
527,포항,2005-07,1종,531140
527,포항,2005-07,2종,17721
527,포항,2005-07,3종,15368
527,포항,2005-07,4종,3688
527,포항,2005-07,5종,20404
527,포항,2005-07,6종,18213
530,내장산,2005-07,1종,35993
530,내장산,2005-07,2종,2514
530,내장산,2005-07,3종,338
530,내장산,2005-07,4종,381
530,내장산,2005-07,5종,502
530,내장산,2005-07,6종,1033
540,청북,2005-07,1종,266504
540,청북,2005-07,2종,52591
540,청북,2005-07,3종,8478
540,청북,2005-07,4종,15216
540,청북,2005-07,5종,27883
540,청북,2005-07,6종,7582
541,송탄,2005-07,1종,316815
541,송탄,2005-07,2종,35365
541,송탄,2005-07,3종,6796
541,송탄,2005-07,4종,8467
541,송탄,2005-07,5종,14727
541,송탄,2005-07,6종,10505
542,서안성,2005-07,1종,180717
542,서안성,2005-07,2종,32376
542,서안성,2005-07,3종,6803
542,서안성,2005-07,4종,8435
542,서안성,2005-07,5종,12839
542,서안성,2005-07,6종,5525
560,감곡,2005-07,1종,244551
560,감곡,2005-07,2종,26057
560,감곡,2005-07,3종,10072
560,감곡,2005-07,4종,4898
560,감곡,2005-07,5종,29552
560,감곡,2005-07,6종,5830
561,북충주,2005-07,1종,60873
561,북충주,2005-07,2종,4117
561,북충주,2005-07,3종,841
561,북충주,2005-07,4종,566
561,북충주,2005-07,5종,1234
561,북충주,2005-07,6종,1803
562,충주,2005-07,1종,191686
562,충주,2005-07,2종,18391
562,충주,2005-07,3종,11303
562,충주,2005-07,4종,6530
562,충주,2005-07,5종,9597
562,충주,2005-07,6종,6148
563,괴산,2005-07,1종,51568
563,괴산,2005-07,2종,2122
563,괴산,2005-07,3종,1648
563,괴산,2005-07,4종,413
563,괴산,2005-07,5종,533
563,괴산,2005-07,6종,1253
564,연풍,2005-07,1종,56204
564,연풍,2005-07,2종,16623
564,연풍,2005-07,3종,6030
564,연풍,2005-07,4종,5401
564,연풍,2005-07,5종,7273
564,연풍,2005-07,6종,1338
565,문경새재,2005-07,1종,101544
565,문경새재,2005-07,2종,12366
565,문경새재,2005-07,3종,5809
565,문경새재,2005-07,4종,3120
565,문경새재,2005-07,5종,4489
565,문경새재,2005-07,6종,2961
566,점촌함창,2005-07,1종,120919
566,점촌함창,2005-07,2종,8251
566,점촌함창,2005-07,3종,4614
566,점촌함창,2005-07,4종,2128
566,점촌함창,2005-07,5종,4051
566,점촌함창,2005-07,6종,4078
570,북상주,2005-07,1종,100076
570,북상주,2005-07,2종,9869
570,북상주,2005-07,3종,4121
570,북상주,2005-07,4종,2188
570,북상주,2005-07,5종,4420
570,북상주,2005-07,6종,3521
580,북강릉,2005-07,1종,122364
580,북강릉,2005-07,2종,5640
580,북강릉,2005-07,3종,2472
580,북강릉,2005-07,4종,1286
580,북강릉,2005-07,5종,3214
580,북강릉,2005-07,6종,3574
581,옥계,2005-07,1종,83345
581,옥계,2005-07,2종,4247
581,옥계,2005-07,3종,1941
581,옥계,2005-07,4종,2951
581,옥계,2005-07,5종,8279
581,옥계,2005-07,6종,4374
582,망상,2005-07,1종,87003
582,망상,2005-07,2종,3946
582,망상,2005-07,3종,11777
582,망상,2005-07,4종,676
582,망상,2005-07,5종,981
582,망상,2005-07,6종,3333
583,동해,2005-07,1종,250783
583,동해,2005-07,2종,12744
583,동해,2005-07,3종,8479
583,동해,2005-07,4종,4819
583,동해,2005-07,5종,11650
583,동해,2005-07,6종,9570
601,남천안,2005-07,1종,194959
601,남천안,2005-07,2종,47253
601,남천안,2005-07,3종,10413
601,남천안,2005-07,4종,14512
601,남천안,2005-07,5종,20172
601,남천안,2005-07,6종,5034
602,풍세상,2005-07,1종,568662
602,풍세상,2005-07,2종,50498
602,풍세상,2005-07,3종,75451
602,풍세상,2005-07,4종,21338
602,풍세상,2005-07,5종,35818
602,풍세상,2005-07,6종,13528
603,정안,2005-07,1종,117087
603,정안,2005-07,2종,17949
603,정안,2005-07,3종,9461
603,정안,2005-07,4종,5912
603,정안,2005-07,5종,7761
603,정안,2005-07,6종,3162
604,남공주,2005-07,1종,28102
604,남공주,2005-07,2종,2106
604,남공주,2005-07,3종,307
604,남공주,2005-07,4종,574
604,남공주,2005-07,5종,878
604,남공주,2005-07,6종,736
605,탄천,2005-07,1종,20896
605,탄천,2005-07,2종,1979
605,탄천,2005-07,3종,309
605,탄천,2005-07,4종,384
605,탄천,2005-07,5종,528
605,탄천,2005-07,6종,589
606,서논산,2005-07,1종,60870
606,서논산,2005-07,2종,9003
606,서논산,2005-07,3종,3022
606,서논산,2005-07,4종,2989
606,서논산,2005-07,5종,4754
606,서논산,2005-07,6종,1732
607,연무,2005-07,1종,41101
607,연무,2005-07,2종,3027
607,연무,2005-07,3종,1069
607,연무,2005-07,4종,729
607,연무,2005-07,5종,922
607,연무,2005-07,6종,1029
608,남논산하,2005-07,1종,472436
608,남논산하,2005-07,2종,36770
608,남논산하,2005-07,3종,65132
608,남논산하,2005-07,4종,15375
608,남논산하,2005-07,5종,24286
608,남논산하,2005-07,6종,11025
11,인천,2005-08,1종,3280433
11,인천,2005-08,2종,165677
11,인천,2005-08,3종,43517
11,인천,2005-08,4종,50369
11,인천,2005-08,5종,104544
11,인천,2005-08,6종,187211
53,남인천,2005-08,1종,1737620
53,남인천,2005-08,2종,87082
53,남인천,2005-08,3종,27738
53,남인천,2005-08,4종,22002
53,남인천,2005-08,5종,72921
53,남인천,2005-08,6종,87453
56,일로,2005-08,1종,28597
56,일로,2005-08,2종,1325
56,일로,2005-08,3종,244
56,일로,2005-08,4종,157
56,일로,2005-08,5종,228
56,일로,2005-08,6종,1131
61,성남,2005-08,1종,3228554
61,성남,2005-08,2종,221267
61,성남,2005-08,3종,77101
61,성남,2005-08,4종,39065
61,성남,2005-08,5종,54156
61,성남,2005-08,6종,134845
62,구리남양주,2005-08,1종,4180010
62,구리남양주,2005-08,2종,284564
62,구리남양주,2005-08,3종,72567
62,구리남양주,2005-08,4종,62541
62,구리남양주,2005-08,5종,68814
62,구리남양주,2005-08,6종,174437
63,토평,2005-08,1종,538018
63,토평,2005-08,2종,25137
63,토평,2005-08,3종,2686
63,토평,2005-08,4종,6292
63,토평,2005-08,5종,15240
63,토평,2005-08,6종,23559
64,청계,2005-08,1종,4314043
64,청계,2005-08,2종,248529
64,청계,2005-08,3종,78977
64,청계,2005-08,4종,33694
64,청계,2005-08,5종,68243
64,청계,2005-08,6종,192451
65,판교,2005-08,1종,2410586
65,판교,2005-08,2종,57464
65,판교,2005-08,3종,87997
65,판교,2005-08,4종,19067
65,판교,2005-08,5종,11814
65,판교,2005-08,6종,83522
66,하남,2005-08,1종,682923
66,하남,2005-08,2종,42168
66,하남,2005-08,3종,17703
66,하남,2005-08,4종,11431
66,하남,2005-08,5종,11003
66,하남,2005-08,6종,24751
67,시흥,2005-08,1종,3691570
67,시흥,2005-08,2종,224462
67,시흥,2005-08,3종,77517
67,시흥,2005-08,4종,49345
67,시흥,2005-08,5종,58226
67,시흥,2005-08,6종,157035
68,김포,2005-08,1종,3769622
68,김포,2005-08,2종,242901
68,김포,2005-08,3종,42822
68,김포,2005-08,4종,41764
68,김포,2005-08,5종,92771
68,김포,2005-08,6종,166437
91,대동(개),2005-08,1종,172912
91,대동(개),2005-08,2종,16122
91,대동(개),2005-08,3종,1593
91,대동(개),2005-08,4종,33118
91,대동(개),2005-08,5종,22052
91,대동(개),2005-08,6종,9212
92,내서,2005-08,1종,160928
92,내서,2005-08,2종,6312
92,내서,2005-08,3종,1118
92,내서,2005-08,4종,1826
92,내서,2005-08,5종,3009
92,내서,2005-08,6종,20466
101,서울,2005-08,1종,5445584
101,서울,2005-08,2종,295801
101,서울,2005-08,3종,361800
101,서울,2005-08,4종,55434
101,서울,2005-08,5종,43625
101,서울,2005-08,6종,184788
102,동수원,2005-08,1종,1974970
102,동수원,2005-08,2종,69986
102,동수원,2005-08,3종,60829
102,동수원,2005-08,4종,13123
102,동수원,2005-08,5종,16786
102,동수원,2005-08,6종,84319
103,수원신갈,2005-08,1종,2152927
103,수원신갈,2005-08,2종,139227
103,수원신갈,2005-08,3종,81717
103,수원신갈,2005-08,4종,28881
103,수원신갈,2005-08,5종,25963
103,수원신갈,2005-08,6종,98131
104,지곡,2005-08,1종,54650
104,지곡,2005-08,2종,3263
104,지곡,2005-08,3종,1702
104,지곡,2005-08,4종,725
104,지곡,2005-08,5종,1008
104,지곡,2005-08,6종,1730
105,기흥,2005-08,1종,975746
105,기흥,2005-08,2종,85449
105,기흥,2005-08,3종,27584
105,기흥,2005-08,4종,17056
105,기흥,2005-08,5종,22219
105,기흥,2005-08,6종,37639
106,오산,2005-08,1종,1112772
106,오산,2005-08,2종,117858
106,오산,2005-08,3종,46116
106,오산,2005-08,4종,25738
106,오산,2005-08,5종,30203
106,오산,2005-08,6종,44521
107,안성,2005-08,1종,968998
107,안성,2005-08,2종,93829
107,안성,2005-08,3종,43967
107,안성,2005-08,4종,21296
107,안성,2005-08,5종,31093
107,안성,2005-08,6종,36337
108,천안,2005-08,1종,1194169
108,천안,2005-08,2종,86474
108,천안,2005-08,3종,62897
108,천안,2005-08,4종,24346
108,천안,2005-08,5종,30748
108,천안,2005-08,6종,40617
109,계룡,2005-08,1종,147232
109,계룡,2005-08,2종,13112
109,계룡,2005-08,3종,7016
109,계룡,2005-08,4종,8396
109,계룡,2005-08,5종,5747
109,계룡,2005-08,6종,6684
110,독립기념관,2005-08,1종,362731
110,독립기념관,2005-08,2종,45298
110,독립기념관,2005-08,3종,16601
110,독립기념관,2005-08,4종,19581
110,독립기념관,2005-08,5종,26808
110,독립기념관,2005-08,6종,10612
111,청주,2005-08,1종,521115
111,청주,2005-08,2종,40421
111,청주,2005-08,3종,39581
111,청주,2005-08,4종,15787
111,청주,2005-08,5종,17791
111,청주,2005-08,6종,17604
112,남청주,2005-08,1종,437294
112,남청주,2005-08,2종,52063
112,남청주,2005-08,3종,24800
112,남청주,2005-08,4종,26822
112,남청주,2005-08,5종,29159
112,남청주,2005-08,6종,14211
113,신탄진,2005-08,1종,499442
113,신탄진,2005-08,2종,66935
113,신탄진,2005-08,3종,15369
113,신탄진,2005-08,4종,33203
113,신탄진,2005-08,5종,37516
113,신탄진,2005-08,6종,16736
114,남대전,2005-08,1종,271598
114,남대전,2005-08,2종,13113
114,남대전,2005-08,3종,3126
114,남대전,2005-08,4종,3587
114,남대전,2005-08,5종,4149
114,남대전,2005-08,6종,11465
115,대전,2005-08,1종,1210596
115,대전,2005-08,2종,61753
115,대전,2005-08,3종,74016
115,대전,2005-08,4종,14744
115,대전,2005-08,5종,18941
115,대전,2005-08,6종,47149
116,옥천,2005-08,1종,375640
116,옥천,2005-08,2종,37314
116,옥천,2005-08,3종,8487
116,옥천,2005-08,4종,13450
116,옥천,2005-08,5종,10406
116,옥천,2005-08,6종,14956
117,금강,2005-08,1종,49954
117,금강,2005-08,2종,1954
117,금강,2005-08,3종,352
117,금강,2005-08,4종,1344
117,금강,2005-08,5종,508
117,금강,2005-08,6종,2223
118,영동,2005-08,1종,124220
118,영동,2005-08,2종,12028
118,영동,2005-08,3종,3395
118,영동,2005-08,4종,3851
118,영동,2005-08,5종,8607
118,영동,2005-08,6종,3877
119,판암,2005-08,1종,332410
119,판암,2005-08,2종,16328
119,판암,2005-08,3종,3083
119,판암,2005-08,4종,6886
119,판암,2005-08,5종,6100
119,판암,2005-08,6종,14603
120,황간,2005-08,1종,99708
120,황간,2005-08,2종,8048
120,황간,2005-08,3종,2533
120,황간,2005-08,4종,2139
120,황간,2005-08,5종,3776
120,황간,2005-08,6종,3155
121,추풍령,2005-08,1종,56199
121,추풍령,2005-08,2종,6805
121,추풍령,2005-08,3종,1666
121,추풍령,2005-08,4종,3067
121,추풍령,2005-08,5종,4079
121,추풍령,2005-08,6종,2654
122,김천,2005-08,1종,293671
122,김천,2005-08,2종,30957
122,김천,2005-08,3종,12061
122,김천,2005-08,4종,8061
122,김천,2005-08,5종,13527
122,김천,2005-08,6종,9853
123,구미,2005-08,1종,736627
123,구미,2005-08,2종,36030
123,구미,2005-08,3종,20121
123,구미,2005-08,4종,12593
123,구미,2005-08,5종,14559
123,구미,2005-08,6종,31742
124,상주,2005-08,1종,192136
124,상주,2005-08,2종,15458
124,상주,2005-08,3종,5955
124,상주,2005-08,4종,3454
124,상주,2005-08,5종,5256
124,상주,2005-08,6종,7800
125,남구미,2005-08,1종,549000
125,남구미,2005-08,2종,42405
125,남구미,2005-08,3종,27990
125,남구미,2005-08,4종,19636
125,남구미,2005-08,5종,53321
125,남구미,2005-08,6종,24478
126,왜관,2005-08,1종,545893
126,왜관,2005-08,2종,58700
126,왜관,2005-08,3종,16827
126,왜관,2005-08,4종,14201
126,왜관,2005-08,5종,33879
126,왜관,2005-08,6종,23136
127,서대구,2005-08,1종,2395039
127,서대구,2005-08,2종,250976
127,서대구,2005-08,3종,96803
127,서대구,2005-08,4종,69820
127,서대구,2005-08,5종,136005
127,서대구,2005-08,6종,93653
129,북대구,2005-08,1종,1645909
129,북대구,2005-08,2종,88239
129,북대구,2005-08,3종,29583
129,북대구,2005-08,4종,17288
129,북대구,2005-08,5종,27497
129,북대구,2005-08,6종,63086
130,동김천,2005-08,1종,1139904
130,동김천,2005-08,2종,59157
130,동김천,2005-08,3종,38485
130,동김천,2005-08,4종,22821
130,동김천,2005-08,5종,25497
130,동김천,2005-08,6종,48369
131,경산,2005-08,1종,686886
131,경산,2005-08,2종,88365
131,경산,2005-08,3종,17091
131,경산,2005-08,4종,21845
131,경산,2005-08,5종,27057
131,경산,2005-08,6종,32317
132,영천,2005-08,1종,272164
132,영천,2005-08,2종,32951
132,영천,2005-08,3종,18808
132,영천,2005-08,4종,7942
132,영천,2005-08,5종,23364
132,영천,2005-08,6종,8310
133,서경주,2005-08,1종,130762
133,서경주,2005-08,2종,13146
133,서경주,2005-08,3종,4057
133,서경주,2005-08,4종,4750
133,서경주,2005-08,5종,17243
133,서경주,2005-08,6종,4043
134,선산,2005-08,1종,106817
134,선산,2005-08,2종,10741
134,선산,2005-08,3종,2026
134,선산,2005-08,4종,2399
134,선산,2005-08,5종,3232
134,선산,2005-08,6종,4049
135,경주,2005-08,1종,908240
135,경주,2005-08,2종,66566
135,경주,2005-08,3종,58542
135,경주,2005-08,4종,20848
135,경주,2005-08,5종,76499
135,경주,2005-08,6종,29962
137,통도사,2005-08,1종,349792
137,통도사,2005-08,2종,41226
137,통도사,2005-08,3종,17591
137,통도사,2005-08,4종,15297
137,통도사,2005-08,5종,22007
137,통도사,2005-08,6종,14927
138,양산,2005-08,1종,725725
138,양산,2005-08,2종,100973
138,양산,2005-08,3종,28351
138,양산,2005-08,4종,41158
138,양산,2005-08,5종,48875
138,양산,2005-08,6종,41414
139,서울산,2005-08,1종,418379
139,서울산,2005-08,2종,33249
139,서울산,2005-08,3종,20063
139,서울산,2005-08,4종,10509
139,서울산,2005-08,5종,17297
139,서울산,2005-08,6종,18090
140,부산,2005-08,1종,1515883
140,부산,2005-08,2종,99336
140,부산,2005-08,3종,68616
140,부산,2005-08,4종,35823
140,부산,2005-08,5종,86145
140,부산,2005-08,6종,73265
141,,2005-08,1종,934909
141,,2005-08,2종,82518
141,,2005-08,3종,49885
141,,2005-08,4종,42420
141,,2005-08,5종,117937
141,,2005-08,6종,36685
142,군북,2005-08,1종,266349
142,군북,2005-08,2종,17708
142,군북,2005-08,3종,7557
142,군북,2005-08,4종,7847
142,군북,2005-08,5종,17362
142,군북,2005-08,6종,12894
143,장지,2005-08,1종,70024
143,장지,2005-08,2종,6560
143,장지,2005-08,3종,905
143,장지,2005-08,4종,1662
143,장지,2005-08,5종,12392
143,장지,2005-08,6종,3731
144,함안,2005-08,1종,339763
144,함안,2005-08,2종,23662
144,함안,2005-08,3종,9487
144,함안,2005-08,4종,5659
144,함안,2005-08,5종,14342
144,함안,2005-08,6종,20876
145,산인,2005-08,1종,708048
145,산인,2005-08,2종,36225
145,산인,2005-08,3종,36714
145,산인,2005-08,4종,17091
145,산인,2005-08,5종,28105
145,산인,2005-08,6종,39760
146,동창원,2005-08,1종,639441
146,동창원,2005-08,2종,55067
146,동창원,2005-08,3종,10671
146,동창원,2005-08,4종,11598
146,동창원,2005-08,5종,38719
146,동창원,2005-08,6종,35372
147,진례,2005-08,1종,497225
147,진례,2005-08,2종,74876
147,진례,2005-08,3종,8653
147,진례,2005-08,4종,16208
147,진례,2005-08,5종,23501
147,진례,2005-08,6종,25130
148,서김해,2005-08,1종,679613
148,서김해,2005-08,2종,53202
148,서김해,2005-08,3종,11814
148,서김해,2005-08,4종,12329
148,서김해,2005-08,5종,26337
148,서김해,2005-08,6종,42206
149,동김해,2005-08,1종,1092204
149,동김해,2005-08,2종,63636
149,동김해,2005-08,3종,15232
149,동김해,2005-08,4종,14588
149,동김해,2005-08,5종,24881
149,동김해,2005-08,6종,79273
150,북부산,2005-08,1종,2613000
150,북부산,2005-08,2종,164206
150,북부산,2005-08,3종,56975
150,북부산,2005-08,4종,46618
150,북부산,2005-08,5종,134765
150,북부산,2005-08,6종,148257
151,북대전,2005-08,1종,533828
151,북대전,2005-08,2종,22448
151,북대전,2005-08,3종,16762
151,북대전,2005-08,4종,12441
151,북대전,2005-08,5종,12579
151,북대전,2005-08,6종,21292
152,유성,2005-08,1종,867964
152,유성,2005-08,2종,46888
152,유성,2005-08,3종,26703
152,유성,2005-08,4종,12311
152,유성,2005-08,5종,16512
152,유성,2005-08,6종,31562
153,서대전,2005-08,1종,557692
153,서대전,2005-08,2종,32665
153,서대전,2005-08,3종,10243
153,서대전,2005-08,4종,7976
153,서대전,2005-08,5종,11298
153,서대전,2005-08,6종,24650
154,안영,2005-08,1종,388575
154,안영,2005-08,2종,17991
154,안영,2005-08,3종,6006
154,안영,2005-08,4종,5250
154,안영,2005-08,5종,9387
154,안영,2005-08,6종,15442
155,논산,2005-08,1종,212538
155,논산,2005-08,2종,32400
155,논산,2005-08,3종,9435
155,논산,2005-08,4종,9499
155,논산,2005-08,5종,11839
155,논산,2005-08,6종,6680
156,익산,2005-08,1종,289143
156,익산,2005-08,2종,35302
156,익산,2005-08,3종,19579
156,익산,2005-08,4종,14431
156,익산,2005-08,5종,32225
156,익산,2005-08,6종,7591
157,삼례,2005-08,1종,77918
157,삼례,2005-08,2종,8654
157,삼례,2005-08,3종,1618
157,삼례,2005-08,4종,2786
157,삼례,2005-08,5종,4188
157,삼례,2005-08,6종,2285
158,전주,2005-08,1종,618636
158,전주,2005-08,2종,44770
158,전주,2005-08,3종,39825
158,전주,2005-08,4종,14256
158,전주,2005-08,5종,28773
158,전주,2005-08,6종,16378
159,서전주,2005-08,1종,174907
159,서전주,2005-08,2종,10430
159,서전주,2005-08,3종,3655
159,서전주,2005-08,4종,2028
159,서전주,2005-08,5종,2844
159,서전주,2005-08,6종,4771
160,김제,2005-08,1종,105022
160,김제,2005-08,2종,9126
160,김제,2005-08,3종,7396
160,김제,2005-08,4종,2183
160,김제,2005-08,5종,1843
160,김제,2005-08,6종,2855
161,금산사,2005-08,1종,56877
161,금산사,2005-08,2종,9766
161,금산사,2005-08,3종,1021
161,금산사,2005-08,4종,2408
161,금산사,2005-08,5종,4401
161,금산사,2005-08,6종,1269
162,태인,2005-08,1종,112571
162,태인,2005-08,2종,13334
162,태인,2005-08,3종,4873
162,태인,2005-08,4종,3729
162,태인,2005-08,5종,5090
162,태인,2005-08,6종,2825
163,정읍,2005-08,1종,381851
163,정읍,2005-08,2종,36439
163,정읍,2005-08,3종,24416
163,정읍,2005-08,4종,7063
163,정읍,2005-08,5종,8475
163,정읍,2005-08,6종,10467
164,무주,2005-08,1종,195518
164,무주,2005-08,2종,5661
164,무주,2005-08,3종,4573
164,무주,2005-08,4종,1108
164,무주,2005-08,5종,1916
164,무주,2005-08,6종,4862
165,백양사,2005-08,1종,126069
165,백양사,2005-08,2종,7308
165,백양사,2005-08,3종,4625
165,백양사,2005-08,4종,2141
165,백양사,2005-08,5종,1780
165,백양사,2005-08,6종,3744
166,장성,2005-08,1종,184921
166,장성,2005-08,2종,15610
166,장성,2005-08,3종,10983
166,장성,2005-08,4종,4531
166,장성,2005-08,5종,7227
166,장성,2005-08,6종,7370
167,광주,2005-08,1종,1066420
167,광주,2005-08,2종,90217
167,광주,2005-08,3종,76930
167,광주,2005-08,4종,30188
167,광주,2005-08,5종,27195
167,광주,2005-08,6종,28317
168,덕유산,2005-08,1종,67510
168,덕유산,2005-08,2종,3201
168,덕유산,2005-08,3종,1093
168,덕유산,2005-08,4종,964
168,덕유산,2005-08,5종,1943
168,덕유산,2005-08,6종,1545
169,장수,2005-08,1종,145573
169,장수,2005-08,2종,18248
169,장수,2005-08,3종,7179
169,장수,2005-08,4종,6370
169,장수,2005-08,5종,17993
169,장수,2005-08,6종,3563
170,서상,2005-08,1종,51023
170,서상,2005-08,2종,3428
170,서상,2005-08,3종,3494
170,서상,2005-08,4종,677
170,서상,2005-08,5종,1127
170,서상,2005-08,6종,1577
171,마성,2005-08,1종,532136
171,마성,2005-08,2종,10525
171,마성,2005-08,3종,18805
171,마성,2005-08,4종,1165
171,마성,2005-08,5종,1051
171,마성,2005-08,6종,19263
172,용인,2005-08,1종,779619
172,용인,2005-08,2종,86814
172,용인,2005-08,3종,14484
172,용인,2005-08,4종,14888
172,용인,2005-08,5종,13253
172,용인,2005-08,6종,34565
173,양지,2005-08,1종,598612
173,양지,2005-08,2종,104501
173,양지,2005-08,3종,26037
173,양지,2005-08,4종,23667
173,양지,2005-08,5종,31094
173,양지,2005-08,6종,19521
174,춘천,2005-08,1종,478929
174,춘천,2005-08,2종,22871
174,춘천,2005-08,3종,14563
174,춘천,2005-08,4종,4940
174,춘천,2005-08,5종,6708
174,춘천,2005-08,6종,21421
175,덕평,2005-08,1종,168131
175,덕평,2005-08,2종,19960
175,덕평,2005-08,3종,7157
175,덕평,2005-08,4종,5722
175,덕평,2005-08,5종,5592
175,덕평,2005-08,6종,5824
176,이천,2005-08,1종,555803
176,이천,2005-08,2종,53970
176,이천,2005-08,3종,23955
176,이천,2005-08,4종,19074
176,이천,2005-08,5종,23498
176,이천,2005-08,6종,18260
177,여주,2005-08,1종,444125
177,여주,2005-08,2종,33906
177,여주,2005-08,3종,22326
177,여주,2005-08,4종,10854
177,여주,2005-08,5종,11244
177,여주,2005-08,6종,13210
178,문막,2005-08,1종,312819
178,문막,2005-08,2종,31701
178,문막,2005-08,3종,16868
178,문막,2005-08,4종,6859
178,문막,2005-08,5종,12975
178,문막,2005-08,6종,9061
179,홍천,2005-08,1종,336018
179,홍천,2005-08,2종,16974
179,홍천,2005-08,3종,8695
179,홍천,2005-08,4종,4776
179,홍천,2005-08,5종,5435
179,홍천,2005-08,6종,13672
180,원주,2005-08,1종,289721
180,원주,2005-08,2종,23421
180,원주,2005-08,3종,24576
180,원주,2005-08,4종,6693
180,원주,2005-08,5종,8951
180,원주,2005-08,6종,10028
181,새말,2005-08,1종,227132
181,새말,2005-08,2종,16842
181,새말,2005-08,3종,9223
181,새말,2005-08,4종,2449
181,새말,2005-08,5종,4568
181,새말,2005-08,6종,6302
182,둔내,2005-08,1종,128094
182,둔내,2005-08,2종,9817
182,둔내,2005-08,3종,3676
182,둔내,2005-08,4종,1593
182,둔내,2005-08,5종,3843
182,둔내,2005-08,6종,3391
183,면온,2005-08,1종,130954
183,면온,2005-08,2종,2990
183,면온,2005-08,3종,2721
183,면온,2005-08,4종,1489
183,면온,2005-08,5종,1497
183,면온,2005-08,6종,2849
184,대관령,2005-08,1종,225344
184,대관령,2005-08,2종,14590
184,대관령,2005-08,3종,10560
184,대관령,2005-08,4종,1604
184,대관령,2005-08,5종,2726
184,대관령,2005-08,6종,6064
185,평창,2005-08,1종,202892
185,평창,2005-08,2종,12718
185,평창,2005-08,3종,11765
185,평창,2005-08,4종,895
185,평창,2005-08,5종,2613
185,평창,2005-08,6종,5449
186,속사,2005-08,1종,77929
186,속사,2005-08,2종,6914
186,속사,2005-08,3종,1504
186,속사,2005-08,4종,643
186,속사,2005-08,5종,841
186,속사,2005-08,6종,1764
187,진부,2005-08,1종,213007
187,진부,2005-08,2종,11302
187,진부,2005-08,3종,11173
187,진부,2005-08,4종,1473
187,진부,2005-08,5종,1888
187,진부,2005-08,6종,5901
189,강릉,2005-08,1종,616485
189,강릉,2005-08,2종,24911
189,강릉,2005-08,3종,39554
189,강릉,2005-08,4종,7848
189,강릉,2005-08,5종,11886
189,강릉,2005-08,6종,22386
190,동서울,2005-08,1종,3551874
190,동서울,2005-08,2종,284365
190,동서울,2005-08,3종,161259
190,동서울,2005-08,4종,47958
190,동서울,2005-08,5종,53818
190,동서울,2005-08,6종,104829
191,경기광주,2005-08,1종,706082
191,경기광주,2005-08,2종,53900
191,경기광주,2005-08,3종,20630
191,경기광주,2005-08,4종,6672
191,경기광주,2005-08,5종,8342
191,경기광주,2005-08,6종,30624
192,곤지암,2005-08,1종,752325
192,곤지암,2005-08,2종,85608
192,곤지암,2005-08,3종,16500
192,곤지암,2005-08,4종,15091
192,곤지암,2005-08,5종,17055
192,곤지암,2005-08,6종,23953
193,일죽,2005-08,1종,423184
193,일죽,2005-08,2종,58392
193,일죽,2005-08,3종,18810
193,일죽,2005-08,4종,13627
193,일죽,2005-08,5종,12743
193,일죽,2005-08,6종,12046
194,서이천,2005-08,1종,331562
194,서이천,2005-08,2종,38509
194,서이천,2005-08,3종,12904
194,서이천,2005-08,4종,7885
194,서이천,2005-08,5종,7899
194,서이천,2005-08,6종,11487
195,대소,2005-08,1종,291868
195,대소,2005-08,2종,53006
195,대소,2005-08,3종,12091
195,대소,2005-08,4종,12654
195,대소,2005-08,5종,10812
195,대소,2005-08,6종,9256
196,진천,2005-08,1종,213524
196,진천,2005-08,2종,29262
196,진천,2005-08,3종,8196
196,진천,2005-08,4종,7020
196,진천,2005-08,5종,10077
196,진천,2005-08,6종,7007
197,증평,2005-08,1종,339617
197,증평,2005-08,2종,36596
197,증평,2005-08,3종,10673
197,증평,2005-08,4종,7962
197,증평,2005-08,5종,16413
197,증평,2005-08,6종,10089
198,서청주,2005-08,1종,519064
198,서청주,2005-08,2종,49513
198,서청주,2005-08,3종,23670
198,서청주,2005-08,4종,17430
198,서청주,2005-08,5종,17793
198,서청주,2005-08,6종,18000
199,오창,2005-08,1종,270501
199,오창,2005-08,2종,24632
199,오창,2005-08,3종,11787
199,오창,2005-08,4종,7034
199,오창,2005-08,5종,8431
199,오창,2005-08,6종,8219
200,금산,2005-08,1종,239390
200,금산,2005-08,2종,9296
200,금산,2005-08,3종,3270
200,금산,2005-08,4종,2557
200,금산,2005-08,5종,6484
200,금산,2005-08,6종,7820
201,칠곡,2005-08,1종,530869
201,칠곡,2005-08,2종,30869
201,칠곡,2005-08,3종,11415
201,칠곡,2005-08,4종,3529
201,칠곡,2005-08,5종,7129
201,칠곡,2005-08,6종,25370
202,다부,2005-08,1종,97349
202,다부,2005-08,2종,8201
202,다부,2005-08,3종,1851
202,다부,2005-08,4종,1992
202,다부,2005-08,5종,3377
202,다부,2005-08,6종,3457
203,가산,2005-08,1종,384364
203,가산,2005-08,2종,24279
203,가산,2005-08,3종,5376
203,가산,2005-08,4종,4787
203,가산,2005-08,5종,11593
203,가산,2005-08,6종,14986
204,추부,2005-08,1종,270726
204,추부,2005-08,2종,18483
204,추부,2005-08,3종,4867
204,추부,2005-08,4종,3528
204,추부,2005-08,5종,6316
204,추부,2005-08,6종,11084
205,군위,2005-08,1종,119483
205,군위,2005-08,2종,9849
205,군위,2005-08,3종,1177
205,군위,2005-08,4종,1186
205,군위,2005-08,5종,2110
205,군위,2005-08,6종,4386
206,의성,2005-08,1종,167895
206,의성,2005-08,2종,10278
206,의성,2005-08,3종,2568
206,의성,2005-08,4종,1481
206,의성,2005-08,5종,3133
206,의성,2005-08,6종,5870
207,남안동,2005-08,1종,252614
207,남안동,2005-08,2종,15390
207,남안동,2005-08,3종,9843
207,남안동,2005-08,4종,2099
207,남안동,2005-08,5종,5134
207,남안동,2005-08,6종,9030
208,서안동,2005-08,1종,221980
208,서안동,2005-08,2종,14692
208,서안동,2005-08,3종,6609
208,서안동,2005-08,4종,1885
208,서안동,2005-08,5종,6935
208,서안동,2005-08,6종,7062
209,예천,2005-08,1종,42495
209,예천,2005-08,2종,2220
209,예천,2005-08,3종,425
209,예천,2005-08,4종,366
209,예천,2005-08,5종,2407
209,예천,2005-08,6종,1580
210,영주,2005-08,1종,169281
210,영주,2005-08,2종,10530
210,영주,2005-08,3종,4501
210,영주,2005-08,4종,1319
210,영주,2005-08,5종,6145
210,영주,2005-08,6종,5652
211,풍기,2005-08,1종,208525
211,풍기,2005-08,2종,12482
211,풍기,2005-08,3종,10146
211,풍기,2005-08,4종,1395
211,풍기,2005-08,5종,5200
211,풍기,2005-08,6종,7131
212,북수원,2005-08,1종,1349978
212,북수원,2005-08,2종,81899
212,북수원,2005-08,3종,41679
212,북수원,2005-08,4종,21794
212,북수원,2005-08,5종,22581
212,북수원,2005-08,6종,58297
213,부곡,2005-08,1종,262087
213,부곡,2005-08,2종,13846
213,부곡,2005-08,3종,3139
213,부곡,2005-08,4종,5849
213,부곡,2005-08,5종,59859
213,부곡,2005-08,6종,12733
214,동군포,2005-08,1종,140432
214,동군포,2005-08,2종,21678
214,동군포,2005-08,3종,4898
214,동군포,2005-08,4종,13152
214,동군포,2005-08,5종,8653
214,동군포,2005-08,6종,5883
215,군포,2005-08,1종,697583
215,군포,2005-08,2종,80613
215,군포,2005-08,3종,18268
215,군포,2005-08,4종,19280
215,군포,2005-08,5종,26337
215,군포,2005-08,6종,30443
216,횡성,2005-08,1종,147047
216,횡성,2005-08,2종,9775
216,횡성,2005-08,3종,4718
216,횡성,2005-08,4종,1880
216,횡성,2005-08,5종,2769
216,횡성,2005-08,6종,5404
217,북원주,2005-08,1종,71891
217,북원주,2005-08,2종,5260
217,북원주,2005-08,3종,819
217,북원주,2005-08,4종,1055
217,북원주,2005-08,5종,868
217,북원주,2005-08,6종,3126
218,남원주,2005-08,1종,510406
218,남원주,2005-08,2종,29789
218,남원주,2005-08,3종,14164
218,남원주,2005-08,4종,5013
218,남원주,2005-08,5종,8105
218,남원주,2005-08,6종,19169
219,신림,2005-08,1종,145280
219,신림,2005-08,2종,5531
219,신림,2005-08,3종,4213
219,신림,2005-08,4종,1029
219,신림,2005-08,5종,10042
219,신림,2005-08,6종,4478
221,생초,2005-08,1종,69398
221,생초,2005-08,2종,6610
221,생초,2005-08,3종,2658
221,생초,2005-08,4종,2716
221,생초,2005-08,5종,5720
221,생초,2005-08,6종,2240
222,산청,2005-08,1종,71184
222,산청,2005-08,2종,3350
222,산청,2005-08,3종,2342
222,산청,2005-08,4종,746
222,산청,2005-08,5종,962
222,산청,2005-08,6종,2554
223,단성,2005-08,1종,143636
223,단성,2005-08,2종,5102
223,단성,2005-08,3종,5093
223,단성,2005-08,4종,1461
223,단성,2005-08,5종,2730
223,단성,2005-08,6종,4835
224,함양,2005-08,1종,127753
224,함양,2005-08,2종,6942
224,함양,2005-08,3종,5225
224,함양,2005-08,4종,1051
224,함양,2005-08,5종,4501
224,함양,2005-08,6종,5393
225,서진주,2005-08,1종,312294
225,서진주,2005-08,2종,10981
225,서진주,2005-08,3종,3517
225,서진주,2005-08,4종,1636
225,서진주,2005-08,5종,4334
225,서진주,2005-08,6종,17488
227,군산,2005-08,1종,125278
227,군산,2005-08,2종,5392
227,군산,2005-08,3종,5226
227,군산,2005-08,4종,1026
227,군산,2005-08,5종,3197
227,군산,2005-08,6종,3616
228,동군산,2005-08,1종,374371
228,동군산,2005-08,2종,26489
228,동군산,2005-08,3종,8566
228,동군산,2005-08,4종,6154
228,동군산,2005-08,5종,22661
228,동군산,2005-08,6종,9686
231,화원옥포,2005-08,1종,1610377
231,화원옥포,2005-08,2종,174991
231,화원옥포,2005-08,3종,74999
231,화원옥포,2005-08,4종,48501
231,화원옥포,2005-08,5종,120819
231,화원옥포,2005-08,6종,61492
232,달성,2005-08,1종,209470
232,달성,2005-08,2종,25410
232,달성,2005-08,3종,10370
232,달성,2005-08,4종,4951
232,달성,2005-08,5종,4458
232,달성,2005-08,6종,13581
233,현풍,2005-08,1종,249628
233,현풍,2005-08,2종,31576
233,현풍,2005-08,3종,6387
233,현풍,2005-08,4종,7887
233,현풍,2005-08,5종,20905
233,현풍,2005-08,6종,9890
234,서천,2005-08,1종,135445
234,서천,2005-08,2종,11702
234,서천,2005-08,3종,2054
234,서천,2005-08,4종,4641
234,서천,2005-08,5종,11145
234,서천,2005-08,6종,4040
235,창녕,2005-08,1종,152178
235,창녕,2005-08,2종,9749
235,창녕,2005-08,3종,7414
235,창녕,2005-08,4종,1130
235,창녕,2005-08,5종,2941
235,창녕,2005-08,6종,6846
236,영산,2005-08,1종,196642
236,영산,2005-08,2종,12120
236,영산,2005-08,3종,6657
236,영산,2005-08,4종,1994
236,영산,2005-08,5종,2659
236,영산,2005-08,6종,8448
237,남지,2005-08,1종,147296
237,남지,2005-08,2종,16711
237,남지,2005-08,3종,10781
237,남지,2005-08,4종,5469
237,남지,2005-08,5종,18477
237,남지,2005-08,6종,8230
238,칠서,2005-08,1종,180653
238,칠서,2005-08,2종,26661
238,칠서,2005-08,3종,6766
238,칠서,2005-08,4종,17656
238,칠서,2005-08,5종,17523
238,칠서,2005-08,6종,9984
239,칠원,2005-08,1종,487380
239,칠원,2005-08,2종,39133
239,칠원,2005-08,3종,25126
239,칠원,2005-08,4종,23838
239,칠원,2005-08,5종,30045
239,칠원,2005-08,6종,23763
240,제천,2005-08,1종,435585
240,제천,2005-08,2종,23584
240,제천,2005-08,3종,16900
240,제천,2005-08,4종,3572
240,제천,2005-08,5종,15787
240,제천,2005-08,6종,13106
241,동고령,2005-08,1종,152298
241,동고령,2005-08,2종,12987
241,동고령,2005-08,3종,8303
241,동고령,2005-08,4종,2903
241,동고령,2005-08,5종,4394
241,동고령,2005-08,6종,5730
242,고령,2005-08,1종,147978
242,고령,2005-08,2종,11955
242,고령,2005-08,3종,3659
242,고령,2005-08,4종,2093
242,고령,2005-08,5종,4673
242,고령,2005-08,6종,5925
243,해인사,2005-08,1종,104216
243,해인사,2005-08,2종,4327
243,해인사,2005-08,3종,1685
243,해인사,2005-08,4종,699
243,해인사,2005-08,5종,459
243,해인사,2005-08,6종,4326
244,서부산,2005-08,1종,2066443
244,서부산,2005-08,2종,149688
244,서부산,2005-08,3종,78681
244,서부산,2005-08,4종,50014
244,서부산,2005-08,5종,155522
244,서부산,2005-08,6종,108087
245,장유,2005-08,1종,1333764
245,장유,2005-08,2종,75306
245,장유,2005-08,3종,32695
245,장유,2005-08,4종,15745
245,장유,2005-08,5종,46202
245,장유,2005-08,6종,89910
246,가락,2005-08,1종,403936
246,가락,2005-08,2종,37508
246,가락,2005-08,3종,6357
246,가락,2005-08,4종,14137
246,가락,2005-08,5종,21110
246,가락,2005-08,6종,22421
247,남원,2005-08,1종,210419
247,남원,2005-08,2종,13129
247,남원,2005-08,3종,8334
247,남원,2005-08,4종,3040
247,남원,2005-08,5종,5977
247,남원,2005-08,6종,5807
248,순창,2005-08,1종,80249
248,순창,2005-08,2종,4299
248,순창,2005-08,3종,1225
248,순창,2005-08,4종,1149
248,순창,2005-08,5종,1093
248,순창,2005-08,6종,2584
249,담양,2005-08,1종,116104
249,담양,2005-08,2종,5821
249,담양,2005-08,3종,10288
249,담양,2005-08,4종,1412
249,담양,2005-08,5종,2727
249,담양,2005-08,6종,3367
250,남양산,2005-08,1종,806360
250,남양산,2005-08,2종,79088
250,남양산,2005-08,3종,21196
250,남양산,2005-08,4종,21647
250,남양산,2005-08,5종,43901
250,남양산,2005-08,6종,50326
251,물금,2005-08,1종,172164
251,물금,2005-08,2종,35211
251,물금,2005-08,3종,6619
251,물금,2005-08,4종,19145
251,물금,2005-08,5종,110656
251,물금,2005-08,6종,8727
252,대동,2005-08,1종,1813424
252,대동,2005-08,2종,231267
252,대동,2005-08,3종,46537
252,대동,2005-08,4종,61688
252,대동,2005-08,5종,196603
252,대동,2005-08,6종,83584
253,서서울,2005-08,1종,4342517
253,서서울,2005-08,2종,308239
253,서서울,2005-08,3종,77127
253,서서울,2005-08,4종,72614
253,서서울,2005-08,5종,99328
253,서서울,2005-08,6종,163132
254,군자,2005-08,1종,2759040
254,군자,2005-08,2종,261060
254,군자,2005-08,3종,69527
254,군자,2005-08,4종,68490
254,군자,2005-08,5종,220037
254,군자,2005-08,6종,121079
255,서안산,2005-08,1종,1002428
255,서안산,2005-08,2종,112759
255,서안산,2005-08,3종,13444
255,서안산,2005-08,4종,24092
255,서안산,2005-08,5종,45359
255,서안산,2005-08,6종,48059
256,안산,2005-08,1종,1075659
256,안산,2005-08,2종,41737
256,안산,2005-08,3종,10820
256,안산,2005-08,4종,5434
256,안산,2005-08,5종,9443
256,안산,2005-08,6종,55086
257,홍성,2005-08,1종,419147
257,홍성,2005-08,2종,13165
257,홍성,2005-08,3종,5988
257,홍성,2005-08,4종,2099
257,홍성,2005-08,5종,5469
257,홍성,2005-08,6종,11058
258,광천,2005-08,1종,115549
258,광천,2005-08,2종,10116
258,광천,2005-08,3종,1329
258,광천,2005-08,4종,1552
258,광천,2005-08,5종,6408
258,광천,2005-08,6종,2811
259,대천,2005-08,1종,400459
259,대천,2005-08,2종,14026
259,대천,2005-08,3종,6011
259,대천,2005-08,4종,1935
259,대천,2005-08,5종,2592
259,대천,2005-08,6종,12209
260,춘장대,2005-08,1종,72536
260,춘장대,2005-08,2종,3183
260,춘장대,2005-08,3종,718
260,춘장대,2005-08,4종,417
260,춘장대,2005-08,5종,976
260,춘장대,2005-08,6종,1863
261,동광주,2005-08,1종,1137020
261,동광주,2005-08,2종,63448
261,동광주,2005-08,3종,54443
261,동광주,2005-08,4종,21858
261,동광주,2005-08,5종,45620
261,동광주,2005-08,6종,32252
262,창평,2005-08,1종,74953
262,창평,2005-08,2종,4412
262,창평,2005-08,3종,821
262,창평,2005-08,4종,3075
262,창평,2005-08,5종,1484
262,창평,2005-08,6종,2351
263,옥과,2005-08,1종,179418
263,옥과,2005-08,2종,7568
263,옥과,2005-08,3종,9309
263,옥과,2005-08,4종,3515
263,옥과,2005-08,5종,5304
263,옥과,2005-08,6종,5491
264,동남원,2005-08,1종,59514
264,동남원,2005-08,2종,3560
264,동남원,2005-08,3종,1516
264,동남원,2005-08,4종,1255
264,동남원,2005-08,5종,2953
264,동남원,2005-08,6종,1602
265,곡성,2005-08,1종,167387
265,곡성,2005-08,2종,8113
265,곡성,2005-08,3종,3580
265,곡성,2005-08,4종,3102
265,곡성,2005-08,5종,5095
265,곡성,2005-08,6종,5093
266,석곡,2005-08,1종,61894
266,석곡,2005-08,2종,2559
266,석곡,2005-08,3종,2229
266,석곡,2005-08,4종,302
266,석곡,2005-08,5종,931
266,석곡,2005-08,6종,1737
267,주암송광사,2005-08,1종,152879
267,주암송광사,2005-08,2종,8437
267,주암송광사,2005-08,3종,2733
267,주암송광사,2005-08,4종,2759
267,주암송광사,2005-08,5종,7895
267,주암송광사,2005-08,6종,4370
268,승주,2005-08,1종,56408
268,승주,2005-08,2종,2113
268,승주,2005-08,3종,1227
268,승주,2005-08,4종,362
268,승주,2005-08,5종,565
268,승주,2005-08,6종,2166
269,지리산,2005-08,1종,103499
269,지리산,2005-08,2종,4001
269,지리산,2005-08,3종,2533
269,지리산,2005-08,4종,1317
269,지리산,2005-08,5종,536
269,지리산,2005-08,6종,2419
270,서순천,2005-08,1종,180663
270,서순천,2005-08,2종,10113
270,서순천,2005-08,3종,10192
270,서순천,2005-08,4종,2432
270,서순천,2005-08,5종,16608
270,서순천,2005-08,6종,6478
271,순천,2005-08,1종,566784
271,순천,2005-08,2종,29545
271,순천,2005-08,3종,13097
271,순천,2005-08,4종,8213
271,순천,2005-08,5종,23202
271,순천,2005-08,6종,18636
272,광양,2005-08,1종,222832
272,광양,2005-08,2종,22663
272,광양,2005-08,3종,12122
272,광양,2005-08,4종,13289
272,광양,2005-08,5종,55180
272,광양,2005-08,6종,6517
273,동광양,2005-08,1종,105453
273,동광양,2005-08,2종,4337
273,동광양,2005-08,3종,1588
273,동광양,2005-08,4종,1316
273,동광양,2005-08,5종,31249
273,동광양,2005-08,6종,5329
274,가조,2005-08,1종,66763
274,가조,2005-08,2종,4410
274,가조,2005-08,3종,2149
274,가조,2005-08,4종,880
274,가조,2005-08,5종,622
274,가조,2005-08,6종,3846
275,옥곡,2005-08,1종,115085
275,옥곡,2005-08,2종,4547
275,옥곡,2005-08,3종,3088
275,옥곡,2005-08,4종,1066
275,옥곡,2005-08,5종,4552
275,옥곡,2005-08,6종,4593
276,진월,2005-08,1종,89506
276,진월,2005-08,2종,4421
276,진월,2005-08,3종,1418
276,진월,2005-08,4종,2645
276,진월,2005-08,5종,42474
276,진월,2005-08,6종,3058
277,하동,2005-08,1종,235091
277,하동,2005-08,2종,8799
277,하동,2005-08,3종,6405
277,하동,2005-08,4종,2633
277,하동,2005-08,5종,32837
277,하동,2005-08,6종,9059
278,진교,2005-08,1종,227100
278,진교,2005-08,2종,10110
278,진교,2005-08,3종,13333
278,진교,2005-08,4종,1078
278,진교,2005-08,5종,2964
278,진교,2005-08,6종,12108
279,곤양,2005-08,1종,137951
279,곤양,2005-08,2종,7502
279,곤양,2005-08,3종,5061
279,곤양,2005-08,4종,2365
279,곤양,2005-08,5종,3441
279,곤양,2005-08,6종,7515
280,거창,2005-08,1종,240658
280,거창,2005-08,2종,13918
280,거창,2005-08,3종,12042
280,거창,2005-08,4종,2448
280,거창,2005-08,5종,5587
280,거창,2005-08,6종,10901
281,매송,2005-08,1종,546496
281,매송,2005-08,2종,50903
281,매송,2005-08,3종,15399
281,매송,2005-08,4종,13545
281,매송,2005-08,5종,24962
281,매송,2005-08,6종,20903
282,비봉,2005-08,1종,676004
282,비봉,2005-08,2종,66133
282,비봉,2005-08,3종,11740
282,비봉,2005-08,4종,13773
282,비봉,2005-08,5종,34468
282,비봉,2005-08,6종,23492
283,발안,2005-08,1종,464865
283,발안,2005-08,2종,49880
283,발안,2005-08,3종,7576
283,발안,2005-08,4종,10099
283,발안,2005-08,5종,22681
283,발안,2005-08,6종,14113
284,남양양,2005-08,1종,462335
284,남양양,2005-08,2종,8909
284,남양양,2005-08,3종,11115
284,남양양,2005-08,4종,3067
284,남양양,2005-08,5종,6411
284,남양양,2005-08,6종,10514
285,서평택,2005-08,1종,673048
285,서평택,2005-08,2종,61102
285,서평택,2005-08,3종,11627
285,서평택,2005-08,4종,28354
285,서평택,2005-08,5종,65078
285,서평택,2005-08,6종,20676
287,송악,2005-08,1종,410379
287,송악,2005-08,2종,30710
287,송악,2005-08,3종,9026
287,송악,2005-08,4종,11330
287,송악,2005-08,5종,53077
287,송악,2005-08,6종,11175
288,당진,2005-08,1종,338276
288,당진,2005-08,2종,23153
288,당진,2005-08,3종,10507
288,당진,2005-08,4종,6120
288,당진,2005-08,5종,23830
288,당진,2005-08,6종,9460
289,마산,2005-08,1종,1001504
289,마산,2005-08,2종,64802
289,마산,2005-08,3종,38718
289,마산,2005-08,4종,16302
289,마산,2005-08,5종,26516
289,마산,2005-08,6종,53444
290,축동,2005-08,1종,31009
290,축동,2005-08,2종,2815
290,축동,2005-08,3종,266
290,축동,2005-08,4종,805
290,축동,2005-08,5종,2557
290,축동,2005-08,6종,2050
291,사천,2005-08,1종,796578
291,사천,2005-08,2종,45415
291,사천,2005-08,3종,22399
291,사천,2005-08,4종,7804
291,사천,2005-08,5종,25400
291,사천,2005-08,6종,37288
292,진주,2005-08,1종,569276
292,진주,2005-08,2종,36983
292,진주,2005-08,3종,31873
292,진주,2005-08,4종,7347
292,진주,2005-08,5종,22798
292,진주,2005-08,6종,32791
293,문산,2005-08,1종,196527
293,문산,2005-08,2종,17178
293,문산,2005-08,3종,2797
293,문산,2005-08,4종,3570
293,문산,2005-08,5종,9409
293,문산,2005-08,6종,10052
294,북창원,2005-08,1종,251514
294,북창원,2005-08,2종,15210
294,북창원,2005-08,3종,2103
294,북창원,2005-08,4종,4391
294,북창원,2005-08,5종,5179
294,북창원,2005-08,6종,11523
295,진성,2005-08,1종,143613
295,진성,2005-08,2종,12635
295,진성,2005-08,3종,6774
295,진성,2005-08,4종,2836
295,진성,2005-08,5종,9783
295,진성,2005-08,6종,6623
296,지수,2005-08,1종,51281
296,지수,2005-08,2종,5280
296,지수,2005-08,3종,925
296,지수,2005-08,4종,423
296,지수,2005-08,5종,1043
296,지수,2005-08,6종,2612
298,서산,2005-08,1종,429213
298,서산,2005-08,2종,21224
298,서산,2005-08,3종,11027
298,서산,2005-08,4종,5448
298,서산,2005-08,5종,10694
298,서산,2005-08,6종,12644
299,해미,2005-08,1종,190523
299,해미,2005-08,2종,10598
299,해미,2005-08,3종,3912
299,해미,2005-08,4종,2821
299,해미,2005-08,5종,8889
299,해미,2005-08,6종,5433
501,서김제,2005-08,1종,75094
501,서김제,2005-08,2종,6422
501,서김제,2005-08,3종,1447
501,서김제,2005-08,4종,988
501,서김제,2005-08,5종,2431
501,서김제,2005-08,6종,1789
502,부안,2005-08,1종,136747
502,부안,2005-08,2종,9351
502,부안,2005-08,3종,1958
502,부안,2005-08,4종,1747
502,부안,2005-08,5종,5033
502,부안,2005-08,6종,3441
503,줄포,2005-08,1종,78474
503,줄포,2005-08,2종,3082
503,줄포,2005-08,3종,1145
503,줄포,2005-08,4종,277
503,줄포,2005-08,5종,565
503,줄포,2005-08,6종,1657
504,선운산,2005-08,1종,90897
504,선운산,2005-08,2종,9448
504,선운산,2005-08,3종,7187
504,선운산,2005-08,4종,1948
504,선운산,2005-08,5종,3434
504,선운산,2005-08,6종,1872
505,고창,2005-08,1종,92884
505,고창,2005-08,2종,5759
505,고창,2005-08,3종,1278
505,고창,2005-08,4종,648
505,고창,2005-08,5종,1343
505,고창,2005-08,6종,2195
506,영광,2005-08,1종,78708
506,영광,2005-08,2종,6237
506,영광,2005-08,3종,3965
506,영광,2005-08,4종,642
506,영광,2005-08,5종,1073
506,영광,2005-08,6종,1842
507,함평,2005-08,1종,69332
507,함평,2005-08,2종,9572
507,함평,2005-08,3종,1923
507,함평,2005-08,4종,1266
507,함평,2005-08,5종,2902
507,함평,2005-08,6종,1478
508,무안,2005-08,1종,323572
508,무안,2005-08,2종,22351
508,무안,2005-08,3종,9842
508,무안,2005-08,4종,3866
508,무안,2005-08,5종,12690
508,무안,2005-08,6종,7840
509,목포,2005-08,1종,550767
509,목포,2005-08,2종,33992
509,목포,2005-08,3종,18822
509,목포,2005-08,4종,6347
509,목포,2005-08,5종,19576
509,목포,2005-08,6종,12849
511,무창포,2005-08,1종,83551
511,무창포,2005-08,2종,4214
511,무창포,2005-08,3종,746
511,무창포,2005-08,4종,452
511,무창포,2005-08,5종,2768
511,무창포,2005-08,6종,2109
521,단양,2005-08,1종,118603
521,단양,2005-08,2종,3808
521,단양,2005-08,3종,3568
521,단양,2005-08,4종,596
521,단양,2005-08,5종,6764
521,단양,2005-08,6종,3885
522,북단양,2005-08,1종,101958
522,북단양,2005-08,2종,5946
522,북단양,2005-08,3종,3081
522,북단양,2005-08,4종,1672
522,북단양,2005-08,5종,17360
522,북단양,2005-08,6종,3115
523,남제천,2005-08,1종,66352
523,남제천,2005-08,2종,2907
523,남제천,2005-08,3종,1470
523,남제천,2005-08,4종,389
523,남제천,2005-08,5종,634
523,남제천,2005-08,6종,1753
524,청통와촌,2005-08,1종,186045
524,청통와촌,2005-08,2종,16291
524,청통와촌,2005-08,3종,3047
524,청통와촌,2005-08,4종,2596
524,청통와촌,2005-08,5종,4738
524,청통와촌,2005-08,6종,6807
525,북영천,2005-08,1종,152766
525,북영천,2005-08,2종,12720
525,북영천,2005-08,3종,2390
525,북영천,2005-08,4종,2863
525,북영천,2005-08,5종,17938
525,북영천,2005-08,6종,4812
526,서포항,2005-08,1종,109873
526,서포항,2005-08,2종,3565
526,서포항,2005-08,3종,1642
526,서포항,2005-08,4종,998
526,서포항,2005-08,5종,1780
526,서포항,2005-08,6종,3935
527,포항,2005-08,1종,629532
527,포항,2005-08,2종,17355
527,포항,2005-08,3종,14985
527,포항,2005-08,4종,3872
527,포항,2005-08,5종,20145
527,포항,2005-08,6종,21968
530,내장산,2005-08,1종,40645
530,내장산,2005-08,2종,2233
530,내장산,2005-08,3종,311
530,내장산,2005-08,4종,356
530,내장산,2005-08,5종,470
530,내장산,2005-08,6종,1221
540,청북,2005-08,1종,293387
540,청북,2005-08,2종,53057
540,청북,2005-08,3종,10069
540,청북,2005-08,4종,15804
540,청북,2005-08,5종,29760
540,청북,2005-08,6종,8089
541,송탄,2005-08,1종,314530
541,송탄,2005-08,2종,35406
541,송탄,2005-08,3종,6766
541,송탄,2005-08,4종,8182
541,송탄,2005-08,5종,13471
541,송탄,2005-08,6종,10796
542,서안성,2005-08,1종,197181
542,서안성,2005-08,2종,33366
542,서안성,2005-08,3종,6681
542,서안성,2005-08,4종,9301
542,서안성,2005-08,5종,13604
542,서안성,2005-08,6종,6352
560,감곡,2005-08,1종,299871
560,감곡,2005-08,2종,33460
560,감곡,2005-08,3종,14508
560,감곡,2005-08,4종,5112
560,감곡,2005-08,5종,30027
560,감곡,2005-08,6종,7192
561,북충주,2005-08,1종,64059
561,북충주,2005-08,2종,4527
561,북충주,2005-08,3종,612
561,북충주,2005-08,4종,546
561,북충주,2005-08,5종,833
561,북충주,2005-08,6종,1918
562,충주,2005-08,1종,219558
562,충주,2005-08,2종,19183
562,충주,2005-08,3종,11558
562,충주,2005-08,4종,6851
562,충주,2005-08,5종,10395
562,충주,2005-08,6종,7016
563,괴산,2005-08,1종,63714
563,괴산,2005-08,2종,1963
563,괴산,2005-08,3종,1312
563,괴산,2005-08,4종,326
563,괴산,2005-08,5종,373
563,괴산,2005-08,6종,1588
564,연풍,2005-08,1종,67637
564,연풍,2005-08,2종,16717
564,연풍,2005-08,3종,5933
564,연풍,2005-08,4종,5343
564,연풍,2005-08,5종,7475
564,연풍,2005-08,6종,1695
565,문경새재,2005-08,1종,138507
565,문경새재,2005-08,2종,13041
565,문경새재,2005-08,3종,5919
565,문경새재,2005-08,4종,3332
565,문경새재,2005-08,5종,4501
565,문경새재,2005-08,6종,4006
566,점촌함창,2005-08,1종,148592
566,점촌함창,2005-08,2종,8335
566,점촌함창,2005-08,3종,4943
566,점촌함창,2005-08,4종,2085
566,점촌함창,2005-08,5종,3996
566,점촌함창,2005-08,6종,4912
570,북상주,2005-08,1종,118638
570,북상주,2005-08,2종,11237
570,북상주,2005-08,3종,3966
570,북상주,2005-08,4종,2255
570,북상주,2005-08,5종,4404
570,북상주,2005-08,6종,4043
580,북강릉,2005-08,1종,175890
580,북강릉,2005-08,2종,5546
580,북강릉,2005-08,3종,2315
580,북강릉,2005-08,4종,1474
580,북강릉,2005-08,5종,3563
580,북강릉,2005-08,6종,5108
581,옥계,2005-08,1종,118171
581,옥계,2005-08,2종,4784
581,옥계,2005-08,3종,1988
581,옥계,2005-08,4종,3541
581,옥계,2005-08,5종,7982
581,옥계,2005-08,6종,5391
582,망상,2005-08,1종,128607
582,망상,2005-08,2종,4047
582,망상,2005-08,3종,11817
582,망상,2005-08,4종,798
582,망상,2005-08,5종,976
582,망상,2005-08,6종,4471
583,동해,2005-08,1종,340208
583,동해,2005-08,2종,13297
583,동해,2005-08,3종,8820
583,동해,2005-08,4종,5494
583,동해,2005-08,5종,11332
583,동해,2005-08,6종,12403
601,남천안,2005-08,1종,233183
601,남천안,2005-08,2종,50621
601,남천안,2005-08,3종,11654
601,남천안,2005-08,4종,15260
601,남천안,2005-08,5종,21769
601,남천안,2005-08,6종,6422
602,풍세상,2005-08,1종,849154
602,풍세상,2005-08,2종,54769
602,풍세상,2005-08,3종,87841
602,풍세상,2005-08,4종,23006
602,풍세상,2005-08,5종,38970
602,풍세상,2005-08,6종,21673
603,정안,2005-08,1종,148221
603,정안,2005-08,2종,19404
603,정안,2005-08,3종,11110
603,정안,2005-08,4종,6525
603,정안,2005-08,5종,8557
603,정안,2005-08,6종,4182
604,남공주,2005-08,1종,37431
604,남공주,2005-08,2종,2339
604,남공주,2005-08,3종,336
604,남공주,2005-08,4종,678
604,남공주,2005-08,5종,970
604,남공주,2005-08,6종,1037
605,탄천,2005-08,1종,26792
605,탄천,2005-08,2종,2167
605,탄천,2005-08,3종,322
605,탄천,2005-08,4종,330
605,탄천,2005-08,5종,524
605,탄천,2005-08,6종,747
606,서논산,2005-08,1종,77521
606,서논산,2005-08,2종,10165
606,서논산,2005-08,3종,3391
606,서논산,2005-08,4종,3065
606,서논산,2005-08,5종,5205
606,서논산,2005-08,6종,2333
607,연무,2005-08,1종,52657
607,연무,2005-08,2종,3458
607,연무,2005-08,3종,1656
607,연무,2005-08,4종,797
607,연무,2005-08,5종,1356
607,연무,2005-08,6종,1419
608,남논산하,2005-08,1종,580993
608,남논산하,2005-08,2종,40796
608,남논산하,2005-08,3종,74733
608,남논산하,2005-08,4종,15975
608,남논산하,2005-08,5종,26636
608,남논산하,2005-08,6종,13685
11,인천,2005-09,1종,3464866
11,인천,2005-09,2종,164391
11,인천,2005-09,3종,42648
11,인천,2005-09,4종,47491
11,인천,2005-09,5종,102021
11,인천,2005-09,6종,191233
53,남인천,2005-09,1종,1729389
53,남인천,2005-09,2종,86387
53,남인천,2005-09,3종,27985
53,남인천,2005-09,4종,20957
53,남인천,2005-09,5종,64081
53,남인천,2005-09,6종,89439
56,일로,2005-09,1종,23245
56,일로,2005-09,2종,1414
56,일로,2005-09,3종,164
56,일로,2005-09,4종,134
56,일로,2005-09,5종,722
56,일로,2005-09,6종,1169
61,성남,2005-09,1종,3119068
61,성남,2005-09,2종,216769
61,성남,2005-09,3종,86253
61,성남,2005-09,4종,37569
61,성남,2005-09,5종,53650
61,성남,2005-09,6종,133306
62,구리남양주,2005-09,1종,4133249
62,구리남양주,2005-09,2종,277626
62,구리남양주,2005-09,3종,76576
62,구리남양주,2005-09,4종,58032
62,구리남양주,2005-09,5종,67342
62,구리남양주,2005-09,6종,175141
63,토평,2005-09,1종,539946
63,토평,2005-09,2종,24445
63,토평,2005-09,3종,2583
63,토평,2005-09,4종,5968
63,토평,2005-09,5종,13959
63,토평,2005-09,6종,24232
64,청계,2005-09,1종,4172419
64,청계,2005-09,2종,240451
64,청계,2005-09,3종,82289
64,청계,2005-09,4종,31675
64,청계,2005-09,5종,64692
64,청계,2005-09,6종,189528
65,판교,2005-09,1종,2392930
65,판교,2005-09,2종,54854
65,판교,2005-09,3종,99423
65,판교,2005-09,4종,17709
65,판교,2005-09,5종,11325
65,판교,2005-09,6종,82854
66,하남,2005-09,1종,602035
66,하남,2005-09,2종,40775
66,하남,2005-09,3종,14721
66,하남,2005-09,4종,9127
66,하남,2005-09,5종,12364
66,하남,2005-09,6종,22761
67,시흥,2005-09,1종,3629824
67,시흥,2005-09,2종,221777
67,시흥,2005-09,3종,79302
67,시흥,2005-09,4종,50160
67,시흥,2005-09,5종,58842
67,시흥,2005-09,6종,153724
68,김포,2005-09,1종,3857333
68,김포,2005-09,2종,238918
68,김포,2005-09,3종,44836
68,김포,2005-09,4종,42450
68,김포,2005-09,5종,88785
68,김포,2005-09,6종,165194
91,대동(개),2005-09,1종,170127
91,대동(개),2005-09,2종,15201
91,대동(개),2005-09,3종,1399
91,대동(개),2005-09,4종,27565
91,대동(개),2005-09,5종,20956
91,대동(개),2005-09,6종,9350
92,내서,2005-09,1종,189894
92,내서,2005-09,2종,8482
92,내서,2005-09,3종,4175
92,내서,2005-09,4종,2403
92,내서,2005-09,5종,4572
92,내서,2005-09,6종,24044
101,서울,2005-09,1종,5183357
101,서울,2005-09,2종,291686
101,서울,2005-09,3종,382609
101,서울,2005-09,4종,54812
101,서울,2005-09,5종,45650
101,서울,2005-09,6종,177411
102,동수원,2005-09,1종,1952077
102,동수원,2005-09,2종,69154
102,동수원,2005-09,3종,62603
102,동수원,2005-09,4종,12558
102,동수원,2005-09,5종,17359
102,동수원,2005-09,6종,85614
103,수원신갈,2005-09,1종,2043510
103,수원신갈,2005-09,2종,134157
103,수원신갈,2005-09,3종,86747
103,수원신갈,2005-09,4종,28310
103,수원신갈,2005-09,5종,26293
103,수원신갈,2005-09,6종,96348
104,지곡,2005-09,1종,36037
104,지곡,2005-09,2종,3425
104,지곡,2005-09,3종,824
104,지곡,2005-09,4종,655
104,지곡,2005-09,5종,1113
104,지곡,2005-09,6종,1177
105,기흥,2005-09,1종,933602
105,기흥,2005-09,2종,85164
105,기흥,2005-09,3종,27760
105,기흥,2005-09,4종,16632
105,기흥,2005-09,5종,23744
105,기흥,2005-09,6종,36372
106,오산,2005-09,1종,1077822
106,오산,2005-09,2종,116924
106,오산,2005-09,3종,46088
106,오산,2005-09,4종,24192
106,오산,2005-09,5종,30677
106,오산,2005-09,6종,43428
107,안성,2005-09,1종,937227
107,안성,2005-09,2종,93310
107,안성,2005-09,3종,45962
107,안성,2005-09,4종,21027
107,안성,2005-09,5종,31555
107,안성,2005-09,6종,34599
108,천안,2005-09,1종,1160009
108,천안,2005-09,2종,83841
108,천안,2005-09,3종,67634
108,천안,2005-09,4종,23947
108,천안,2005-09,5종,31009
108,천안,2005-09,6종,39941
109,계룡,2005-09,1종,143268
109,계룡,2005-09,2종,15026
109,계룡,2005-09,3종,7990
109,계룡,2005-09,4종,9000
109,계룡,2005-09,5종,5645
109,계룡,2005-09,6종,6709
110,독립기념관,2005-09,1종,331003
110,독립기념관,2005-09,2종,44294
110,독립기념관,2005-09,3종,16739
110,독립기념관,2005-09,4종,18668
110,독립기념관,2005-09,5종,26433
110,독립기념관,2005-09,6종,9184
111,청주,2005-09,1종,486510
111,청주,2005-09,2종,39072
111,청주,2005-09,3종,39305
111,청주,2005-09,4종,13193
111,청주,2005-09,5종,18485
111,청주,2005-09,6종,16568
112,남청주,2005-09,1종,425392
112,남청주,2005-09,2종,51423
112,남청주,2005-09,3종,23820
112,남청주,2005-09,4종,27023
112,남청주,2005-09,5종,29942
112,남청주,2005-09,6종,14186
113,신탄진,2005-09,1종,482946
113,신탄진,2005-09,2종,64369
113,신탄진,2005-09,3종,15002
113,신탄진,2005-09,4종,33325
113,신탄진,2005-09,5종,37058
113,신탄진,2005-09,6종,16833
114,남대전,2005-09,1종,259116
114,남대전,2005-09,2종,12769
114,남대전,2005-09,3종,3320
114,남대전,2005-09,4종,2774
114,남대전,2005-09,5종,3636
114,남대전,2005-09,6종,11268
115,대전,2005-09,1종,1157384
115,대전,2005-09,2종,60388
115,대전,2005-09,3종,73628
115,대전,2005-09,4종,14417
115,대전,2005-09,5종,20219
115,대전,2005-09,6종,45656
116,옥천,2005-09,1종,350618
116,옥천,2005-09,2종,36409
116,옥천,2005-09,3종,9238
116,옥천,2005-09,4종,15152
116,옥천,2005-09,5종,10666
116,옥천,2005-09,6종,13911
117,금강,2005-09,1종,38190
117,금강,2005-09,2종,2121
117,금강,2005-09,3종,350
117,금강,2005-09,4종,1445
117,금강,2005-09,5종,1645
117,금강,2005-09,6종,1724
118,영동,2005-09,1종,122900
118,영동,2005-09,2종,12207
118,영동,2005-09,3종,3551
118,영동,2005-09,4종,3333
118,영동,2005-09,5종,9793
118,영동,2005-09,6종,3537
119,판암,2005-09,1종,330704
119,판암,2005-09,2종,16169
119,판암,2005-09,3종,3249
119,판암,2005-09,4종,6958
119,판암,2005-09,5종,6582
119,판암,2005-09,6종,14988
120,황간,2005-09,1종,92565
120,황간,2005-09,2종,6965
120,황간,2005-09,3종,2091
120,황간,2005-09,4종,1457
120,황간,2005-09,5종,2563
120,황간,2005-09,6종,2736
121,추풍령,2005-09,1종,56952
121,추풍령,2005-09,2종,5164
121,추풍령,2005-09,3종,1361
121,추풍령,2005-09,4종,3222
121,추풍령,2005-09,5종,2727
121,추풍령,2005-09,6종,2697
122,김천,2005-09,1종,278950
122,김천,2005-09,2종,26441
122,김천,2005-09,3종,11754
122,김천,2005-09,4종,9271
122,김천,2005-09,5종,13056
122,김천,2005-09,6종,9397
123,구미,2005-09,1종,716662
123,구미,2005-09,2종,36048
123,구미,2005-09,3종,20663
123,구미,2005-09,4종,12637
123,구미,2005-09,5종,14997
123,구미,2005-09,6종,30375
124,상주,2005-09,1종,203923
124,상주,2005-09,2종,15632
124,상주,2005-09,3종,6326
124,상주,2005-09,4종,3609
124,상주,2005-09,5종,5442
124,상주,2005-09,6종,7684
125,남구미,2005-09,1종,542585
125,남구미,2005-09,2종,42765
125,남구미,2005-09,3종,29043
125,남구미,2005-09,4종,19814
125,남구미,2005-09,5종,53489
125,남구미,2005-09,6종,24514
126,왜관,2005-09,1종,562069
126,왜관,2005-09,2종,57087
126,왜관,2005-09,3종,16362
126,왜관,2005-09,4종,13838
126,왜관,2005-09,5종,34053
126,왜관,2005-09,6종,23827
127,서대구,2005-09,1종,2276466
127,서대구,2005-09,2종,247450
127,서대구,2005-09,3종,95059
127,서대구,2005-09,4종,68115
127,서대구,2005-09,5종,134769
127,서대구,2005-09,6종,90738
129,북대구,2005-09,1종,1575738
129,북대구,2005-09,2종,85914
129,북대구,2005-09,3종,31351
129,북대구,2005-09,4종,16761
129,북대구,2005-09,5종,27313
129,북대구,2005-09,6종,59894
130,동김천,2005-09,1종,1067676
130,동김천,2005-09,2종,58970
130,동김천,2005-09,3종,38537
130,동김천,2005-09,4종,21125
130,동김천,2005-09,5종,25736
130,동김천,2005-09,6종,45233
131,경산,2005-09,1종,698874
131,경산,2005-09,2종,87649
131,경산,2005-09,3종,18690
131,경산,2005-09,4종,21242
131,경산,2005-09,5종,26896
131,경산,2005-09,6종,33636
132,영천,2005-09,1종,275010
132,영천,2005-09,2종,31260
132,영천,2005-09,3종,17582
132,영천,2005-09,4종,7920
132,영천,2005-09,5종,22875
132,영천,2005-09,6종,8534
133,서경주,2005-09,1종,119834
133,서경주,2005-09,2종,12020
133,서경주,2005-09,3종,4358
133,서경주,2005-09,4종,4657
133,서경주,2005-09,5종,16033
133,서경주,2005-09,6종,3528
134,선산,2005-09,1종,117142
134,선산,2005-09,2종,9724
134,선산,2005-09,3종,2154
134,선산,2005-09,4종,2304
134,선산,2005-09,5종,2771
134,선산,2005-09,6종,3956
135,경주,2005-09,1종,703686
135,경주,2005-09,2종,63347
135,경주,2005-09,3종,58128
135,경주,2005-09,4종,19958
135,경주,2005-09,5종,75472
135,경주,2005-09,6종,23402
137,통도사,2005-09,1종,319851
137,통도사,2005-09,2종,37653
137,통도사,2005-09,3종,17181
137,통도사,2005-09,4종,14299
137,통도사,2005-09,5종,21542
137,통도사,2005-09,6종,13493
138,양산,2005-09,1종,690023
138,양산,2005-09,2종,97642
138,양산,2005-09,3종,28029
138,양산,2005-09,4종,38429
138,양산,2005-09,5종,47319
138,양산,2005-09,6종,39362
139,서울산,2005-09,1종,332208
139,서울산,2005-09,2종,30684
139,서울산,2005-09,3종,19007
139,서울산,2005-09,4종,10349
139,서울산,2005-09,5종,17594
139,서울산,2005-09,6종,14883
140,부산,2005-09,1종,1375041
140,부산,2005-09,2종,94243
140,부산,2005-09,3종,66780
140,부산,2005-09,4종,34017
140,부산,2005-09,5종,77804
140,부산,2005-09,6종,68053
141,,2005-09,1종,852150
141,,2005-09,2종,80483
141,,2005-09,3종,49629
141,,2005-09,4종,42758
141,,2005-09,5종,118319
141,,2005-09,6종,33608
142,군북,2005-09,1종,272219
142,군북,2005-09,2종,17293
142,군북,2005-09,3종,7323
142,군북,2005-09,4종,7694
142,군북,2005-09,5종,17890
142,군북,2005-09,6종,13583
143,장지,2005-09,1종,70573
143,장지,2005-09,2종,6132
143,장지,2005-09,3종,859
143,장지,2005-09,4종,1779
143,장지,2005-09,5종,12869
143,장지,2005-09,6종,3547
144,함안,2005-09,1종,338618
144,함안,2005-09,2종,23046
144,함안,2005-09,3종,8421
144,함안,2005-09,4종,5588
144,함안,2005-09,5종,13894
144,함안,2005-09,6종,21283
145,산인,2005-09,1종,670703
145,산인,2005-09,2종,35197
145,산인,2005-09,3종,36154
145,산인,2005-09,4종,16269
145,산인,2005-09,5종,26537
145,산인,2005-09,6종,38364
146,동창원,2005-09,1종,618117
146,동창원,2005-09,2종,52530
146,동창원,2005-09,3종,10219
146,동창원,2005-09,4종,11752
146,동창원,2005-09,5종,38323
146,동창원,2005-09,6종,34735
147,진례,2005-09,1종,493305
147,진례,2005-09,2종,73780
147,진례,2005-09,3종,8845
147,진례,2005-09,4종,17181
147,진례,2005-09,5종,24230
147,진례,2005-09,6종,25793
148,서김해,2005-09,1종,662051
148,서김해,2005-09,2종,52405
148,서김해,2005-09,3종,11423
148,서김해,2005-09,4종,11835
148,서김해,2005-09,5종,28733
148,서김해,2005-09,6종,42188
149,동김해,2005-09,1종,1083120
149,동김해,2005-09,2종,62916
149,동김해,2005-09,3종,16385
149,동김해,2005-09,4종,14017
149,동김해,2005-09,5종,25340
149,동김해,2005-09,6종,80580
150,북부산,2005-09,1종,2470228
150,북부산,2005-09,2종,159277
150,북부산,2005-09,3종,56202
150,북부산,2005-09,4종,45564
150,북부산,2005-09,5종,137181
150,북부산,2005-09,6종,145697
151,북대전,2005-09,1종,503684
151,북대전,2005-09,2종,21823
151,북대전,2005-09,3종,17245
151,북대전,2005-09,4종,10726
151,북대전,2005-09,5종,11452
151,북대전,2005-09,6종,19928
152,유성,2005-09,1종,834820
152,유성,2005-09,2종,46297
152,유성,2005-09,3종,26511
152,유성,2005-09,4종,11981
152,유성,2005-09,5종,17514
152,유성,2005-09,6종,31999
153,서대전,2005-09,1종,547789
153,서대전,2005-09,2종,31740
153,서대전,2005-09,3종,10818
153,서대전,2005-09,4종,8307
153,서대전,2005-09,5종,11726
153,서대전,2005-09,6종,24873
154,안영,2005-09,1종,361843
154,안영,2005-09,2종,17478
154,안영,2005-09,3종,6945
154,안영,2005-09,4종,5404
154,안영,2005-09,5종,9746
154,안영,2005-09,6종,15069
155,논산,2005-09,1종,224083
155,논산,2005-09,2종,31186
155,논산,2005-09,3종,9678
155,논산,2005-09,4종,8930
155,논산,2005-09,5종,11609
155,논산,2005-09,6종,7055
156,익산,2005-09,1종,280626
156,익산,2005-09,2종,35821
156,익산,2005-09,3종,21478
156,익산,2005-09,4종,14534
156,익산,2005-09,5종,32569
156,익산,2005-09,6종,7379
157,삼례,2005-09,1종,80180
157,삼례,2005-09,2종,8477
157,삼례,2005-09,3종,1774
157,삼례,2005-09,4종,2670
157,삼례,2005-09,5종,3616
157,삼례,2005-09,6종,2322
158,전주,2005-09,1종,560473
158,전주,2005-09,2종,43033
158,전주,2005-09,3종,39106
158,전주,2005-09,4종,13536
158,전주,2005-09,5종,29717
158,전주,2005-09,6종,14348
159,서전주,2005-09,1종,178352
159,서전주,2005-09,2종,10278
159,서전주,2005-09,3종,3982
159,서전주,2005-09,4종,2167
159,서전주,2005-09,5종,2980
159,서전주,2005-09,6종,5009
160,김제,2005-09,1종,112616
160,김제,2005-09,2종,8805
160,김제,2005-09,3종,7524
160,김제,2005-09,4종,1985
160,김제,2005-09,5종,1706
160,김제,2005-09,6종,2880
161,금산사,2005-09,1종,58810
161,금산사,2005-09,2종,9119
161,금산사,2005-09,3종,1330
161,금산사,2005-09,4종,2307
161,금산사,2005-09,5종,4788
161,금산사,2005-09,6종,1187
162,태인,2005-09,1종,105423
162,태인,2005-09,2종,13011
162,태인,2005-09,3종,4744
162,태인,2005-09,4종,3569
162,태인,2005-09,5종,5177
162,태인,2005-09,6종,2500
163,정읍,2005-09,1종,371621
163,정읍,2005-09,2종,37286
163,정읍,2005-09,3종,24232
163,정읍,2005-09,4종,7167
163,정읍,2005-09,5종,8616
163,정읍,2005-09,6종,10278
164,무주,2005-09,1종,125017
164,무주,2005-09,2종,5008
164,무주,2005-09,3종,2955
164,무주,2005-09,4종,941
164,무주,2005-09,5종,2353
164,무주,2005-09,6종,3230
165,백양사,2005-09,1종,109493
165,백양사,2005-09,2종,7099
165,백양사,2005-09,3종,4293
165,백양사,2005-09,4종,1963
165,백양사,2005-09,5종,2257
165,백양사,2005-09,6종,3149
166,장성,2005-09,1종,199483
166,장성,2005-09,2종,15967
166,장성,2005-09,3종,10481
166,장성,2005-09,4종,4714
166,장성,2005-09,5종,6848
166,장성,2005-09,6종,7762
167,광주,2005-09,1종,993559
167,광주,2005-09,2종,89346
167,광주,2005-09,3종,76177
167,광주,2005-09,4종,28597
167,광주,2005-09,5종,27291
167,광주,2005-09,6종,26093
168,덕유산,2005-09,1종,36203
168,덕유산,2005-09,2종,2384
168,덕유산,2005-09,3종,560
168,덕유산,2005-09,4종,354
168,덕유산,2005-09,5종,1982
168,덕유산,2005-09,6종,790
169,장수,2005-09,1종,126532
169,장수,2005-09,2종,18585
169,장수,2005-09,3종,7000
169,장수,2005-09,4종,5918
169,장수,2005-09,5종,18827
169,장수,2005-09,6종,3058
170,서상,2005-09,1종,41287
170,서상,2005-09,2종,3505
170,서상,2005-09,3종,3016
170,서상,2005-09,4종,839
170,서상,2005-09,5종,1347
170,서상,2005-09,6종,1369
171,마성,2005-09,1종,298236
171,마성,2005-09,2종,9592
171,마성,2005-09,3종,16398
171,마성,2005-09,4종,825
171,마성,2005-09,5종,958
171,마성,2005-09,6종,12735
172,용인,2005-09,1종,764198
172,용인,2005-09,2종,85373
172,용인,2005-09,3종,18197
172,용인,2005-09,4종,14165
172,용인,2005-09,5종,13239
172,용인,2005-09,6종,35180
173,양지,2005-09,1종,612393
173,양지,2005-09,2종,107806
173,양지,2005-09,3종,25585
173,양지,2005-09,4종,23609
173,양지,2005-09,5종,32222
173,양지,2005-09,6종,21451
174,춘천,2005-09,1종,423583
174,춘천,2005-09,2종,21655
174,춘천,2005-09,3종,14715
174,춘천,2005-09,4종,4969
174,춘천,2005-09,5종,6484
174,춘천,2005-09,6종,19865
175,덕평,2005-09,1종,147124
175,덕평,2005-09,2종,20135
175,덕평,2005-09,3종,8413
175,덕평,2005-09,4종,5573
175,덕평,2005-09,5종,5931
175,덕평,2005-09,6종,5517
176,이천,2005-09,1종,535209
176,이천,2005-09,2종,53241
176,이천,2005-09,3종,25482
176,이천,2005-09,4종,19572
176,이천,2005-09,5종,24620
176,이천,2005-09,6종,18216
177,여주,2005-09,1종,380120
177,여주,2005-09,2종,31432
177,여주,2005-09,3종,16415
177,여주,2005-09,4종,10177
177,여주,2005-09,5종,11786
177,여주,2005-09,6종,12007
178,문막,2005-09,1종,251262
178,문막,2005-09,2종,29692
178,문막,2005-09,3종,11249
178,문막,2005-09,4종,6586
178,문막,2005-09,5종,13669
178,문막,2005-09,6종,7849
179,홍천,2005-09,1종,272237
179,홍천,2005-09,2종,16206
179,홍천,2005-09,3종,8616
179,홍천,2005-09,4종,4960
179,홍천,2005-09,5종,5358
179,홍천,2005-09,6종,12403
180,원주,2005-09,1종,236383
180,원주,2005-09,2종,23020
180,원주,2005-09,3종,28100
180,원주,2005-09,4종,7108
180,원주,2005-09,5종,9914
180,원주,2005-09,6종,9168
181,새말,2005-09,1종,157982
181,새말,2005-09,2종,15036
181,새말,2005-09,3종,7246
181,새말,2005-09,4종,2266
181,새말,2005-09,5종,4678
181,새말,2005-09,6종,4978
182,둔내,2005-09,1종,78527
182,둔내,2005-09,2종,8917
182,둔내,2005-09,3종,2934
182,둔내,2005-09,4종,1474
182,둔내,2005-09,5종,2915
182,둔내,2005-09,6종,2251
183,면온,2005-09,1종,58520
183,면온,2005-09,2종,2482
183,면온,2005-09,3종,1545
183,면온,2005-09,4종,1633
183,면온,2005-09,5종,1141
183,면온,2005-09,6종,1334
184,대관령,2005-09,1종,120469
184,대관령,2005-09,2종,12825
184,대관령,2005-09,3종,10098
184,대관령,2005-09,4종,1743
184,대관령,2005-09,5종,2933
184,대관령,2005-09,6종,4435
185,평창,2005-09,1종,153926
185,평창,2005-09,2종,10578
185,평창,2005-09,3종,11956
185,평창,2005-09,4종,860
185,평창,2005-09,5종,2220
185,평창,2005-09,6종,4833
186,속사,2005-09,1종,36605
186,속사,2005-09,2종,5240
186,속사,2005-09,3종,839
186,속사,2005-09,4종,626
186,속사,2005-09,5종,783
186,속사,2005-09,6종,1174
187,진부,2005-09,1종,112119
187,진부,2005-09,2종,9954
187,진부,2005-09,3종,10976
187,진부,2005-09,4종,1671
187,진부,2005-09,5종,1626
187,진부,2005-09,6종,3826
189,강릉,2005-09,1종,421466
189,강릉,2005-09,2종,23374
189,강릉,2005-09,3종,37626
189,강릉,2005-09,4종,7346
189,강릉,2005-09,5종,10981
189,강릉,2005-09,6종,17050
190,동서울,2005-09,1종,3246190
190,동서울,2005-09,2종,269603
190,동서울,2005-09,3종,160001
190,동서울,2005-09,4종,46106
190,동서울,2005-09,5종,55732
190,동서울,2005-09,6종,97651
191,경기광주,2005-09,1종,667174
191,경기광주,2005-09,2종,52560
191,경기광주,2005-09,3종,20531
191,경기광주,2005-09,4종,6164
191,경기광주,2005-09,5종,10359
191,경기광주,2005-09,6종,29129
192,곤지암,2005-09,1종,705868
192,곤지암,2005-09,2종,83844
192,곤지암,2005-09,3종,16194
192,곤지암,2005-09,4종,14226
192,곤지암,2005-09,5종,16112
192,곤지암,2005-09,6종,23014
193,일죽,2005-09,1종,404576
193,일죽,2005-09,2종,57071
193,일죽,2005-09,3종,17889
193,일죽,2005-09,4종,13372
193,일죽,2005-09,5종,12242
193,일죽,2005-09,6종,12060
194,서이천,2005-09,1종,304954
194,서이천,2005-09,2종,38616
194,서이천,2005-09,3종,12560
194,서이천,2005-09,4종,7450
194,서이천,2005-09,5종,7084
194,서이천,2005-09,6종,11052
195,대소,2005-09,1종,288584
195,대소,2005-09,2종,51242
195,대소,2005-09,3종,11322
195,대소,2005-09,4종,11315
195,대소,2005-09,5종,10669
195,대소,2005-09,6종,9134
196,진천,2005-09,1종,217530
196,진천,2005-09,2종,29939
196,진천,2005-09,3종,8153
196,진천,2005-09,4종,7289
196,진천,2005-09,5종,11229
196,진천,2005-09,6종,7123
197,증평,2005-09,1종,310296
197,증평,2005-09,2종,35317
197,증평,2005-09,3종,10000
197,증평,2005-09,4종,7926
197,증평,2005-09,5종,16976
197,증평,2005-09,6종,9317
198,서청주,2005-09,1종,509610
198,서청주,2005-09,2종,47289
198,서청주,2005-09,3종,23302
198,서청주,2005-09,4종,16664
198,서청주,2005-09,5종,17877
198,서청주,2005-09,6종,18304
199,오창,2005-09,1종,270634
199,오창,2005-09,2종,24314
199,오창,2005-09,3종,11977
199,오창,2005-09,4종,7125
199,오창,2005-09,5종,8743
199,오창,2005-09,6종,8493
200,금산,2005-09,1종,226804
200,금산,2005-09,2종,8336
200,금산,2005-09,3종,3534
200,금산,2005-09,4종,2236
200,금산,2005-09,5종,7007
200,금산,2005-09,6종,7228
201,칠곡,2005-09,1종,526953
201,칠곡,2005-09,2종,29641
201,칠곡,2005-09,3종,11791
201,칠곡,2005-09,4종,3496
201,칠곡,2005-09,5종,6612
201,칠곡,2005-09,6종,25308
202,다부,2005-09,1종,99755
202,다부,2005-09,2종,8451
202,다부,2005-09,3종,2022
202,다부,2005-09,4종,1772
202,다부,2005-09,5종,3598
202,다부,2005-09,6종,3585
203,가산,2005-09,1종,385817
203,가산,2005-09,2종,23921
203,가산,2005-09,3종,5312
203,가산,2005-09,4종,4817
203,가산,2005-09,5종,11114
203,가산,2005-09,6종,15131
204,추부,2005-09,1종,269537
204,추부,2005-09,2종,18253
204,추부,2005-09,3종,5481
204,추부,2005-09,4종,4150
204,추부,2005-09,5종,7463
204,추부,2005-09,6종,11477
205,군위,2005-09,1종,130834
205,군위,2005-09,2종,9850
205,군위,2005-09,3종,1345
205,군위,2005-09,4종,1290
205,군위,2005-09,5종,1997
205,군위,2005-09,6종,4589
206,의성,2005-09,1종,185981
206,의성,2005-09,2종,10254
206,의성,2005-09,3종,2350
206,의성,2005-09,4종,1532
206,의성,2005-09,5종,3337
206,의성,2005-09,6종,6141
207,남안동,2005-09,1종,248494
207,남안동,2005-09,2종,13860
207,남안동,2005-09,3종,9675
207,남안동,2005-09,4종,2120
207,남안동,2005-09,5종,5138
207,남안동,2005-09,6종,8542
208,서안동,2005-09,1종,213642
208,서안동,2005-09,2종,14295
208,서안동,2005-09,3종,7122
208,서안동,2005-09,4종,1851
208,서안동,2005-09,5종,7718
208,서안동,2005-09,6종,7057
209,예천,2005-09,1종,43671
209,예천,2005-09,2종,1819
209,예천,2005-09,3종,426
209,예천,2005-09,4종,320
209,예천,2005-09,5종,4346
209,예천,2005-09,6종,1586
210,영주,2005-09,1종,151247
210,영주,2005-09,2종,9756
210,영주,2005-09,3종,4646
210,영주,2005-09,4종,1436
210,영주,2005-09,5종,6163
210,영주,2005-09,6종,5356
211,풍기,2005-09,1종,201061
211,풍기,2005-09,2종,11958
211,풍기,2005-09,3종,10698
211,풍기,2005-09,4종,1384
211,풍기,2005-09,5종,4898
211,풍기,2005-09,6종,7042
212,북수원,2005-09,1종,1290955
212,북수원,2005-09,2종,79096
212,북수원,2005-09,3종,42776
212,북수원,2005-09,4종,19148
212,북수원,2005-09,5종,22093
212,북수원,2005-09,6종,57386
213,부곡,2005-09,1종,253025
213,부곡,2005-09,2종,13764
213,부곡,2005-09,3종,3608
213,부곡,2005-09,4종,5452
213,부곡,2005-09,5종,61559
213,부곡,2005-09,6종,12795
214,동군포,2005-09,1종,137552
214,동군포,2005-09,2종,22273
214,동군포,2005-09,3종,4940
214,동군포,2005-09,4종,12782
214,동군포,2005-09,5종,8702
214,동군포,2005-09,6종,6015
215,군포,2005-09,1종,679158
215,군포,2005-09,2종,77121
215,군포,2005-09,3종,18727
215,군포,2005-09,4종,17814
215,군포,2005-09,5종,23486
215,군포,2005-09,6종,30486
216,횡성,2005-09,1종,129069
216,횡성,2005-09,2종,9173
216,횡성,2005-09,3종,3074
216,횡성,2005-09,4종,2040
216,횡성,2005-09,5종,2994
216,횡성,2005-09,6종,5053
217,북원주,2005-09,1종,60969
217,북원주,2005-09,2종,5058
217,북원주,2005-09,3종,752
217,북원주,2005-09,4종,1159
217,북원주,2005-09,5종,1219
217,북원주,2005-09,6종,2846
218,남원주,2005-09,1종,478958
218,남원주,2005-09,2종,29180
218,남원주,2005-09,3종,14025
218,남원주,2005-09,4종,4851
218,남원주,2005-09,5종,8153
218,남원주,2005-09,6종,18818
219,신림,2005-09,1종,92663
219,신림,2005-09,2종,5041
219,신림,2005-09,3종,3111
219,신림,2005-09,4종,1200
219,신림,2005-09,5종,10996
219,신림,2005-09,6종,3238
221,생초,2005-09,1종,49405
221,생초,2005-09,2종,6200
221,생초,2005-09,3종,1924
221,생초,2005-09,4종,2841
221,생초,2005-09,5종,6005
221,생초,2005-09,6종,1686
222,산청,2005-09,1종,44477
222,산청,2005-09,2종,2894
222,산청,2005-09,3종,1459
222,산청,2005-09,4종,644
222,산청,2005-09,5종,1093
222,산청,2005-09,6종,1637
223,단성,2005-09,1종,86941
223,단성,2005-09,2종,4167
223,단성,2005-09,3종,3687
223,단성,2005-09,4종,1373
223,단성,2005-09,5종,3232
223,단성,2005-09,6종,3075
224,함양,2005-09,1종,106333
224,함양,2005-09,2종,7187
224,함양,2005-09,3종,5069
224,함양,2005-09,4종,957
224,함양,2005-09,5종,4100
224,함양,2005-09,6종,4765
225,서진주,2005-09,1종,279571
225,서진주,2005-09,2종,10682
225,서진주,2005-09,3종,3804
225,서진주,2005-09,4종,1568
225,서진주,2005-09,5종,4254
225,서진주,2005-09,6종,16226
227,군산,2005-09,1종,105450
227,군산,2005-09,2종,5461
227,군산,2005-09,3종,5183
227,군산,2005-09,4종,983
227,군산,2005-09,5종,3151
227,군산,2005-09,6종,3048
228,동군산,2005-09,1종,325448
228,동군산,2005-09,2종,27546
228,동군산,2005-09,3종,7974
228,동군산,2005-09,4종,6363
228,동군산,2005-09,5종,23099
228,동군산,2005-09,6종,8098
231,화원옥포,2005-09,1종,1459596
231,화원옥포,2005-09,2종,172760
231,화원옥포,2005-09,3종,71232
231,화원옥포,2005-09,4종,47037
231,화원옥포,2005-09,5종,118646
231,화원옥포,2005-09,6종,56739
232,달성,2005-09,1종,210889
232,달성,2005-09,2종,25368
232,달성,2005-09,3종,10558
232,달성,2005-09,4종,5041
232,달성,2005-09,5종,4638
232,달성,2005-09,6종,13854
233,현풍,2005-09,1종,259419
233,현풍,2005-09,2종,31136
233,현풍,2005-09,3종,6137
233,현풍,2005-09,4종,7413
233,현풍,2005-09,5종,20700
233,현풍,2005-09,6종,10094
234,서천,2005-09,1종,130142
234,서천,2005-09,2종,12205
234,서천,2005-09,3종,1615
234,서천,2005-09,4종,4608
234,서천,2005-09,5종,11385
234,서천,2005-09,6종,3634
235,창녕,2005-09,1종,166676
235,창녕,2005-09,2종,10002
235,창녕,2005-09,3종,6978
235,창녕,2005-09,4종,1178
235,창녕,2005-09,5종,2875
235,창녕,2005-09,6종,7206
236,영산,2005-09,1종,168825
236,영산,2005-09,2종,12306
236,영산,2005-09,3종,5676
236,영산,2005-09,4종,1889
236,영산,2005-09,5종,2482
236,영산,2005-09,6종,7056
237,남지,2005-09,1종,155150
237,남지,2005-09,2종,16605
237,남지,2005-09,3종,10313
237,남지,2005-09,4종,4765
237,남지,2005-09,5종,16876
237,남지,2005-09,6종,8839
238,칠서,2005-09,1종,178932
238,칠서,2005-09,2종,25968
238,칠서,2005-09,3종,6376
238,칠서,2005-09,4종,15068
238,칠서,2005-09,5종,16136
238,칠서,2005-09,6종,9769
239,칠원,2005-09,1종,458859
239,칠원,2005-09,2종,39120
239,칠원,2005-09,3종,23790
239,칠원,2005-09,4종,20265
239,칠원,2005-09,5종,30003
239,칠원,2005-09,6종,22541
240,제천,2005-09,1종,364497
240,제천,2005-09,2종,22135
240,제천,2005-09,3종,15123
240,제천,2005-09,4종,3986
240,제천,2005-09,5종,16498
240,제천,2005-09,6종,12222
241,동고령,2005-09,1종,144129
241,동고령,2005-09,2종,13164
241,동고령,2005-09,3종,7930
241,동고령,2005-09,4종,2839
241,동고령,2005-09,5종,4383
241,동고령,2005-09,6종,5420
242,고령,2005-09,1종,150969
242,고령,2005-09,2종,12109
242,고령,2005-09,3종,3195
242,고령,2005-09,4종,2014
242,고령,2005-09,5종,4131
242,고령,2005-09,6종,5718
243,해인사,2005-09,1종,83045
243,해인사,2005-09,2종,4175
243,해인사,2005-09,3종,1823
243,해인사,2005-09,4종,665
243,해인사,2005-09,5종,1119
243,해인사,2005-09,6종,3640
244,서부산,2005-09,1종,1933243
244,서부산,2005-09,2종,144379
244,서부산,2005-09,3종,75442
244,서부산,2005-09,4종,47657
244,서부산,2005-09,5종,152861
244,서부산,2005-09,6종,102955
245,장유,2005-09,1종,1266834
245,장유,2005-09,2종,75001
245,장유,2005-09,3종,32300
245,장유,2005-09,4종,15787
245,장유,2005-09,5종,46513
245,장유,2005-09,6종,86735
246,가락,2005-09,1종,405125
246,가락,2005-09,2종,36748
246,가락,2005-09,3종,7192
246,가락,2005-09,4종,13573
246,가락,2005-09,5종,21222
246,가락,2005-09,6종,22752
247,남원,2005-09,1종,161048
247,남원,2005-09,2종,13221
247,남원,2005-09,3종,7613
247,남원,2005-09,4종,2825
247,남원,2005-09,5종,6200
247,남원,2005-09,6종,4574
248,순창,2005-09,1종,72718
248,순창,2005-09,2종,4621
248,순창,2005-09,3종,1046
248,순창,2005-09,4종,1206
248,순창,2005-09,5종,1136
248,순창,2005-09,6종,2299
249,담양,2005-09,1종,91226
249,담양,2005-09,2종,5991
249,담양,2005-09,3종,10370
249,담양,2005-09,4종,1524
249,담양,2005-09,5종,3340
249,담양,2005-09,6종,2726
250,남양산,2005-09,1종,793494
250,남양산,2005-09,2종,77626
250,남양산,2005-09,3종,20444
250,남양산,2005-09,4종,20183
250,남양산,2005-09,5종,36100
250,남양산,2005-09,6종,50567
251,물금,2005-09,1종,168848
251,물금,2005-09,2종,35488
251,물금,2005-09,3종,6280
251,물금,2005-09,4종,19015
251,물금,2005-09,5종,108127
251,물금,2005-09,6종,8652
252,대동,2005-09,1종,1703986
252,대동,2005-09,2종,226037
252,대동,2005-09,3종,45291
252,대동,2005-09,4종,61497
252,대동,2005-09,5종,196923
252,대동,2005-09,6종,80442
253,서서울,2005-09,1종,4085650
253,서서울,2005-09,2종,307963
253,서서울,2005-09,3종,82940
253,서서울,2005-09,4종,73950
253,서서울,2005-09,5종,101211
253,서서울,2005-09,6종,154208
254,군자,2005-09,1종,2603551
254,군자,2005-09,2종,255881
254,군자,2005-09,3종,71533
254,군자,2005-09,4종,65951
254,군자,2005-09,5종,220845
254,군자,2005-09,6종,116507
255,서안산,2005-09,1종,977926
255,서안산,2005-09,2종,110734
255,서안산,2005-09,3종,14230
255,서안산,2005-09,4종,24157
255,서안산,2005-09,5종,47575
255,서안산,2005-09,6종,46920
256,안산,2005-09,1종,1075483
256,안산,2005-09,2종,40253
256,안산,2005-09,3종,10823
256,안산,2005-09,4종,4886
256,안산,2005-09,5종,8562
256,안산,2005-09,6종,56381
257,홍성,2005-09,1종,261610
257,홍성,2005-09,2종,13300
257,홍성,2005-09,3종,6100
257,홍성,2005-09,4종,1702
257,홍성,2005-09,5종,5232
257,홍성,2005-09,6종,6316
258,광천,2005-09,1종,112270
258,광천,2005-09,2종,10716
258,광천,2005-09,3종,1449
258,광천,2005-09,4종,1600
258,광천,2005-09,5종,6634
258,광천,2005-09,6종,2762
259,대천,2005-09,1종,215041
259,대천,2005-09,2종,14107
259,대천,2005-09,3종,5245
259,대천,2005-09,4종,2038
259,대천,2005-09,5종,2862
259,대천,2005-09,6종,6483
260,춘장대,2005-09,1종,55361
260,춘장대,2005-09,2종,4428
260,춘장대,2005-09,3종,582
260,춘장대,2005-09,4종,354
260,춘장대,2005-09,5종,867
260,춘장대,2005-09,6종,1214
261,동광주,2005-09,1종,978286
261,동광주,2005-09,2종,62474
261,동광주,2005-09,3종,53398
261,동광주,2005-09,4종,22675
261,동광주,2005-09,5종,49002
261,동광주,2005-09,6종,28853
262,창평,2005-09,1종,71039
262,창평,2005-09,2종,4366
262,창평,2005-09,3종,749
262,창평,2005-09,4종,4164
262,창평,2005-09,5종,1707
262,창평,2005-09,6종,2189
263,옥과,2005-09,1종,180794
263,옥과,2005-09,2종,7757
263,옥과,2005-09,3종,9980
263,옥과,2005-09,4종,4041
263,옥과,2005-09,5종,6118
263,옥과,2005-09,6종,6040
264,동남원,2005-09,1종,48552
264,동남원,2005-09,2종,3741
264,동남원,2005-09,3종,1394
264,동남원,2005-09,4종,1098
264,동남원,2005-09,5종,3057
264,동남원,2005-09,6종,1387
265,곡성,2005-09,1종,143313
265,곡성,2005-09,2종,7461
265,곡성,2005-09,3종,3306
265,곡성,2005-09,4종,3098
265,곡성,2005-09,5종,5428
265,곡성,2005-09,6종,4467
266,석곡,2005-09,1종,53252
266,석곡,2005-09,2종,2559
266,석곡,2005-09,3종,2089
266,석곡,2005-09,4종,315
266,석곡,2005-09,5종,866
266,석곡,2005-09,6종,1670
267,주암송광사,2005-09,1종,146616
267,주암송광사,2005-09,2종,8540
267,주암송광사,2005-09,3종,2737
267,주암송광사,2005-09,4종,2604
267,주암송광사,2005-09,5종,8128
267,주암송광사,2005-09,6종,4261
268,승주,2005-09,1종,50026
268,승주,2005-09,2종,1994
268,승주,2005-09,3종,1161
268,승주,2005-09,4종,302
268,승주,2005-09,5종,616
268,승주,2005-09,6종,1988
269,지리산,2005-09,1종,55324
269,지리산,2005-09,2종,4454
269,지리산,2005-09,3종,1580
269,지리산,2005-09,4종,1205
269,지리산,2005-09,5종,912
269,지리산,2005-09,6종,1498
270,서순천,2005-09,1종,181385
270,서순천,2005-09,2종,10119
270,서순천,2005-09,3종,10176
270,서순천,2005-09,4종,2461
270,서순천,2005-09,5종,16845
270,서순천,2005-09,6종,6360
271,순천,2005-09,1종,488309
271,순천,2005-09,2종,29307
271,순천,2005-09,3종,12389
271,순천,2005-09,4종,7836
271,순천,2005-09,5종,22766
271,순천,2005-09,6종,17041
272,광양,2005-09,1종,198541
272,광양,2005-09,2종,22074
272,광양,2005-09,3종,11884
272,광양,2005-09,4종,13473
272,광양,2005-09,5종,53512
272,광양,2005-09,6종,6236
273,동광양,2005-09,1종,107567
273,동광양,2005-09,2종,4579
273,동광양,2005-09,3종,2030
273,동광양,2005-09,4종,1474
273,동광양,2005-09,5종,32931
273,동광양,2005-09,6종,5602
274,가조,2005-09,1종,65478
274,가조,2005-09,2종,4318
274,가조,2005-09,3종,2203
274,가조,2005-09,4종,736
274,가조,2005-09,5종,536
274,가조,2005-09,6종,3810
275,옥곡,2005-09,1종,102010
275,옥곡,2005-09,2종,4498
275,옥곡,2005-09,3종,3165
275,옥곡,2005-09,4종,1216
275,옥곡,2005-09,5종,4546
275,옥곡,2005-09,6종,4506
276,진월,2005-09,1종,91718
276,진월,2005-09,2종,4080
276,진월,2005-09,3종,1470
276,진월,2005-09,4종,2983
276,진월,2005-09,5종,42052
276,진월,2005-09,6종,3125
277,하동,2005-09,1종,171026
277,하동,2005-09,2종,8263
277,하동,2005-09,3종,5211
277,하동,2005-09,4종,2620
277,하동,2005-09,5종,33385
277,하동,2005-09,6종,7697
278,진교,2005-09,1종,193411
278,진교,2005-09,2종,9504
278,진교,2005-09,3종,12462
278,진교,2005-09,4종,1428
278,진교,2005-09,5종,2377
278,진교,2005-09,6종,11015
279,곤양,2005-09,1종,137485
279,곤양,2005-09,2종,7726
279,곤양,2005-09,3종,5011
279,곤양,2005-09,4종,2001
279,곤양,2005-09,5종,3195
279,곤양,2005-09,6종,7681
280,거창,2005-09,1종,201090
280,거창,2005-09,2종,14325
280,거창,2005-09,3종,11658
280,거창,2005-09,4종,2676
280,거창,2005-09,5종,5338
280,거창,2005-09,6종,9164
281,매송,2005-09,1종,516026
281,매송,2005-09,2종,51296
281,매송,2005-09,3종,15870
281,매송,2005-09,4종,12727
281,매송,2005-09,5종,23935
281,매송,2005-09,6종,19452
282,비봉,2005-09,1종,634633
282,비봉,2005-09,2종,65576
282,비봉,2005-09,3종,12230
282,비봉,2005-09,4종,13872
282,비봉,2005-09,5종,34186
282,비봉,2005-09,6종,21705
283,발안,2005-09,1종,449040
283,발안,2005-09,2종,47036
283,발안,2005-09,3종,6938
283,발안,2005-09,4종,9139
283,발안,2005-09,5종,20425
283,발안,2005-09,6종,13843
284,남양양,2005-09,1종,180704
284,남양양,2005-09,2종,7314
284,남양양,2005-09,3종,8908
284,남양양,2005-09,4종,2732
284,남양양,2005-09,5종,5998
284,남양양,2005-09,6종,4655
285,서평택,2005-09,1종,632630
285,서평택,2005-09,2종,59845
285,서평택,2005-09,3종,13100
285,서평택,2005-09,4종,26500
285,서평택,2005-09,5종,65320
285,서평택,2005-09,6종,19244
287,송악,2005-09,1종,380177
287,송악,2005-09,2종,30404
287,송악,2005-09,3종,9342
287,송악,2005-09,4종,10635
287,송악,2005-09,5종,53752
287,송악,2005-09,6종,10041
288,당진,2005-09,1종,308868
288,당진,2005-09,2종,21642
288,당진,2005-09,3종,9695
288,당진,2005-09,4종,5682
288,당진,2005-09,5종,21635
288,당진,2005-09,6종,8397
289,마산,2005-09,1종,942571
289,마산,2005-09,2종,58824
289,마산,2005-09,3종,36684
289,마산,2005-09,4종,15840
289,마산,2005-09,5종,24902
289,마산,2005-09,6종,53648
290,축동,2005-09,1종,30410
290,축동,2005-09,2종,2700
290,축동,2005-09,3종,227
290,축동,2005-09,4종,810
290,축동,2005-09,5종,3462
290,축동,2005-09,6종,2069
291,사천,2005-09,1종,646595
291,사천,2005-09,2종,41912
291,사천,2005-09,3종,19833
291,사천,2005-09,4종,7593
291,사천,2005-09,5종,23559
291,사천,2005-09,6종,33502
292,진주,2005-09,1종,536126
292,진주,2005-09,2종,35383
292,진주,2005-09,3종,32141
292,진주,2005-09,4종,7062
292,진주,2005-09,5종,22135
292,진주,2005-09,6종,32097
293,문산,2005-09,1종,187873
293,문산,2005-09,2종,17365
293,문산,2005-09,3종,2444
293,문산,2005-09,4종,3680
293,문산,2005-09,5종,9076
293,문산,2005-09,6종,9598
294,북창원,2005-09,1종,243258
294,북창원,2005-09,2종,15383
294,북창원,2005-09,3종,2157
294,북창원,2005-09,4종,4217
294,북창원,2005-09,5종,4808
294,북창원,2005-09,6종,10946
295,진성,2005-09,1종,140556
295,진성,2005-09,2종,12466
295,진성,2005-09,3종,6304
295,진성,2005-09,4종,2771
295,진성,2005-09,5종,10040
295,진성,2005-09,6종,6552
296,지수,2005-09,1종,52986
296,지수,2005-09,2종,4982
296,지수,2005-09,3종,641
296,지수,2005-09,4종,536
296,지수,2005-09,5종,1274
296,지수,2005-09,6종,2596
298,서산,2005-09,1종,291539
298,서산,2005-09,2종,18715
298,서산,2005-09,3종,10001
298,서산,2005-09,4종,4839
298,서산,2005-09,5종,11607
298,서산,2005-09,6종,7786
299,해미,2005-09,1종,146245
299,해미,2005-09,2종,9987
299,해미,2005-09,3종,5669
299,해미,2005-09,4종,2958
299,해미,2005-09,5종,9504
299,해미,2005-09,6종,4518
501,서김제,2005-09,1종,75891
501,서김제,2005-09,2종,6305
501,서김제,2005-09,3종,1544
501,서김제,2005-09,4종,954
501,서김제,2005-09,5종,2978
501,서김제,2005-09,6종,1714
502,부안,2005-09,1종,102972
502,부안,2005-09,2종,9285
502,부안,2005-09,3종,2022
502,부안,2005-09,4종,1657
502,부안,2005-09,5종,5079
502,부안,2005-09,6종,2626
503,줄포,2005-09,1종,54743
503,줄포,2005-09,2종,3793
503,줄포,2005-09,3종,977
503,줄포,2005-09,4종,245
503,줄포,2005-09,5종,651
503,줄포,2005-09,6종,1084
504,선운산,2005-09,1종,86330
504,선운산,2005-09,2종,9956
504,선운산,2005-09,3종,6831
504,선운산,2005-09,4종,2088
504,선운산,2005-09,5종,3855
504,선운산,2005-09,6종,1709
505,고창,2005-09,1종,90955
505,고창,2005-09,2종,5711
505,고창,2005-09,3종,1471
505,고창,2005-09,4종,678
505,고창,2005-09,5종,1465
505,고창,2005-09,6종,2061
506,영광,2005-09,1종,84589
506,영광,2005-09,2종,6144
506,영광,2005-09,3종,3911
506,영광,2005-09,4종,705
506,영광,2005-09,5종,750
506,영광,2005-09,6종,1927
507,함평,2005-09,1종,74972
507,함평,2005-09,2종,9791
507,함평,2005-09,3종,2048
507,함평,2005-09,4종,1207
507,함평,2005-09,5종,3029
507,함평,2005-09,6종,1557
508,무안,2005-09,1종,319347
508,무안,2005-09,2종,23824
508,무안,2005-09,3종,9675
508,무안,2005-09,4종,3804
508,무안,2005-09,5종,12234
508,무안,2005-09,6종,7489
509,목포,2005-09,1종,501592
509,목포,2005-09,2종,35868
509,목포,2005-09,3종,18680
509,목포,2005-09,4종,6356
509,목포,2005-09,5종,19412
509,목포,2005-09,6종,11300
511,무창포,2005-09,1종,51314
511,무창포,2005-09,2종,4536
511,무창포,2005-09,3종,575
511,무창포,2005-09,4종,431
511,무창포,2005-09,5종,2582
511,무창포,2005-09,6종,1299
521,단양,2005-09,1종,72327
521,단양,2005-09,2종,3343
521,단양,2005-09,3종,3443
521,단양,2005-09,4종,548
521,단양,2005-09,5종,7171
521,단양,2005-09,6종,2827
522,북단양,2005-09,1종,70667
522,북단양,2005-09,2종,5581
522,북단양,2005-09,3종,2767
522,북단양,2005-09,4종,1497
522,북단양,2005-09,5종,17819
522,북단양,2005-09,6종,2408
523,남제천,2005-09,1종,48910
523,남제천,2005-09,2종,2982
523,남제천,2005-09,3종,1435
523,남제천,2005-09,4종,300
523,남제천,2005-09,5종,716
523,남제천,2005-09,6종,1347
524,청통와촌,2005-09,1종,175501
524,청통와촌,2005-09,2종,14891
524,청통와촌,2005-09,3종,3005
524,청통와촌,2005-09,4종,2116
524,청통와촌,2005-09,5종,4023
524,청통와촌,2005-09,6종,6470
525,북영천,2005-09,1종,159205
525,북영천,2005-09,2종,12730
525,북영천,2005-09,3종,2115
525,북영천,2005-09,4종,2781
525,북영천,2005-09,5종,17819
525,북영천,2005-09,6종,5030
526,서포항,2005-09,1종,83103
526,서포항,2005-09,2종,3273
526,서포항,2005-09,3종,1075
526,서포항,2005-09,4종,613
526,서포항,2005-09,5종,1675
526,서포항,2005-09,6종,3103
527,포항,2005-09,1종,451364
527,포항,2005-09,2종,16288
527,포항,2005-09,3종,12837
527,포항,2005-09,4종,3397
527,포항,2005-09,5종,20621
527,포항,2005-09,6종,15908
530,내장산,2005-09,1종,38744
530,내장산,2005-09,2종,2298
530,내장산,2005-09,3종,348
530,내장산,2005-09,4종,392
530,내장산,2005-09,5종,537
530,내장산,2005-09,6종,1031
540,청북,2005-09,1종,281393
540,청북,2005-09,2종,51025
540,청북,2005-09,3종,9079
540,청북,2005-09,4종,14873
540,청북,2005-09,5종,28967
540,청북,2005-09,6종,8113
541,송탄,2005-09,1종,306037
541,송탄,2005-09,2종,35494
541,송탄,2005-09,3종,7109
541,송탄,2005-09,4종,8596
541,송탄,2005-09,5종,13872
541,송탄,2005-09,6종,10312
542,서안성,2005-09,1종,188098
542,서안성,2005-09,2종,33392
542,서안성,2005-09,3종,7003
542,서안성,2005-09,4종,8999
542,서안성,2005-09,5종,14506
542,서안성,2005-09,6종,6020
560,감곡,2005-09,1종,269566
560,감곡,2005-09,2종,29667
560,감곡,2005-09,3종,10177
560,감곡,2005-09,4종,5337
560,감곡,2005-09,5종,29919
560,감곡,2005-09,6종,6562
561,북충주,2005-09,1종,62412
561,북충주,2005-09,2종,4158
561,북충주,2005-09,3종,810
561,북충주,2005-09,4종,519
561,북충주,2005-09,5종,887
561,북충주,2005-09,6종,1875
562,충주,2005-09,1종,201686
562,충주,2005-09,2종,18643
562,충주,2005-09,3종,12530
562,충주,2005-09,4종,7010
562,충주,2005-09,5종,10247
562,충주,2005-09,6종,6441
563,괴산,2005-09,1종,47203
563,괴산,2005-09,2종,2039
563,괴산,2005-09,3종,976
563,괴산,2005-09,4종,370
563,괴산,2005-09,5종,336
563,괴산,2005-09,6종,1213
564,연풍,2005-09,1종,59575
564,연풍,2005-09,2종,16091
564,연풍,2005-09,3종,5691
564,연풍,2005-09,4종,4862
564,연풍,2005-09,5종,7358
564,연풍,2005-09,6종,1470
565,문경새재,2005-09,1종,107572
565,문경새재,2005-09,2종,12388
565,문경새재,2005-09,3종,5497
565,문경새재,2005-09,4종,3002
565,문경새재,2005-09,5종,5695
565,문경새재,2005-09,6종,3189
566,점촌함창,2005-09,1종,150575
566,점촌함창,2005-09,2종,8173
566,점촌함창,2005-09,3종,5516
566,점촌함창,2005-09,4종,2041
566,점촌함창,2005-09,5종,5044
566,점촌함창,2005-09,6종,4750
570,북상주,2005-09,1종,121725
570,북상주,2005-09,2종,10802
570,북상주,2005-09,3종,4375
570,북상주,2005-09,4종,2139
570,북상주,2005-09,5종,3984
570,북상주,2005-09,6종,3911
580,북강릉,2005-09,1종,95138
580,북강릉,2005-09,2종,5046
580,북강릉,2005-09,3종,1681
580,북강릉,2005-09,4종,1617
580,북강릉,2005-09,5종,3683
580,북강릉,2005-09,6종,3283
581,옥계,2005-09,1종,70867
581,옥계,2005-09,2종,3885
581,옥계,2005-09,3종,1638
581,옥계,2005-09,4종,2835
581,옥계,2005-09,5종,7268
581,옥계,2005-09,6종,3861
582,망상,2005-09,1종,68468
582,망상,2005-09,2종,3861
582,망상,2005-09,3종,8457
582,망상,2005-09,4종,682
582,망상,2005-09,5종,1225
582,망상,2005-09,6종,2954
583,동해,2005-09,1종,253587
583,동해,2005-09,2종,12515
583,동해,2005-09,3종,10524
583,동해,2005-09,4종,4604
583,동해,2005-09,5종,11522
583,동해,2005-09,6종,10322
601,남천안,2005-09,1종,217475
601,남천안,2005-09,2종,44787
601,남천안,2005-09,3종,10957
601,남천안,2005-09,4종,13713
601,남천안,2005-09,5종,19071
601,남천안,2005-09,6종,5511
602,풍세상,2005-09,1종,696206
602,풍세상,2005-09,2종,49097
602,풍세상,2005-09,3종,79144
602,풍세상,2005-09,4종,20215
602,풍세상,2005-09,5종,34848
602,풍세상,2005-09,6종,17035
603,정안,2005-09,1종,127407
603,정안,2005-09,2종,17539
603,정안,2005-09,3종,10087
603,정안,2005-09,4종,5800
603,정안,2005-09,5종,7575
603,정안,2005-09,6종,3295
604,남공주,2005-09,1종,29693
604,남공주,2005-09,2종,2207
604,남공주,2005-09,3종,489
604,남공주,2005-09,4종,681
604,남공주,2005-09,5종,892
604,남공주,2005-09,6종,732
605,탄천,2005-09,1종,24197
605,탄천,2005-09,2종,1840
605,탄천,2005-09,3종,476
605,탄천,2005-09,4종,250
605,탄천,2005-09,5종,465
605,탄천,2005-09,6종,665
606,서논산,2005-09,1종,69110
606,서논산,2005-09,2종,9202
606,서논산,2005-09,3종,3479
606,서논산,2005-09,4종,2727
606,서논산,2005-09,5종,4875
606,서논산,2005-09,6종,1977
607,연무,2005-09,1종,56103
607,연무,2005-09,2종,3134
607,연무,2005-09,3종,2753
607,연무,2005-09,4종,721
607,연무,2005-09,5종,1017
607,연무,2005-09,6종,1380
608,남논산하,2005-09,1종,501797
608,남논산하,2005-09,2종,35576
608,남논산하,2005-09,3종,67570
608,남논산하,2005-09,4종,14447
608,남논산하,2005-09,5종,23374
608,남논산하,2005-09,6종,11236
11,인천,2005-10,1종,3525890
11,인천,2005-10,2종,177046
11,인천,2005-10,3종,49863
11,인천,2005-10,4종,49306
11,인천,2005-10,5종,113539
11,인천,2005-10,6종,198917
53,남인천,2005-10,1종,1821168
53,남인천,2005-10,2종,93870
53,남인천,2005-10,3종,31945
53,남인천,2005-10,4종,22145
53,남인천,2005-10,5종,68017
53,남인천,2005-10,6종,94021
56,일로,2005-10,1종,22635
56,일로,2005-10,2종,1457
56,일로,2005-10,3종,127
56,일로,2005-10,4종,100
56,일로,2005-10,5종,268
56,일로,2005-10,6종,1101
61,성남,2005-10,1종,3277114
61,성남,2005-10,2종,230126
61,성남,2005-10,3종,103548
61,성남,2005-10,4종,40967
61,성남,2005-10,5종,59406
61,성남,2005-10,6종,139214
62,구리남양주,2005-10,1종,4242954
62,구리남양주,2005-10,2종,295600
62,구리남양주,2005-10,3종,94974
62,구리남양주,2005-10,4종,62333
62,구리남양주,2005-10,5종,72043
62,구리남양주,2005-10,6종,178673
63,토평,2005-10,1종,538612
63,토평,2005-10,2종,26310
63,토평,2005-10,3종,3808
63,토평,2005-10,4종,5997
63,토평,2005-10,5종,11702
63,토평,2005-10,6종,23700
64,청계,2005-10,1종,4383122
64,청계,2005-10,2종,258107
64,청계,2005-10,3종,100417
64,청계,2005-10,4종,34341
64,청계,2005-10,5종,69920
64,청계,2005-10,6종,199213
65,판교,2005-10,1종,2587999
65,판교,2005-10,2종,59962
65,판교,2005-10,3종,107292
65,판교,2005-10,4종,19513
65,판교,2005-10,5종,11047
65,판교,2005-10,6종,89092
66,하남,2005-10,1종,658442
66,하남,2005-10,2종,42173
66,하남,2005-10,3종,24225
66,하남,2005-10,4종,9435
66,하남,2005-10,5종,14808
66,하남,2005-10,6종,24676
67,시흥,2005-10,1종,3808517
67,시흥,2005-10,2종,233657
67,시흥,2005-10,3종,98165
67,시흥,2005-10,4종,52367
67,시흥,2005-10,5종,62945
67,시흥,2005-10,6종,162482
68,김포,2005-10,1종,4007808
68,김포,2005-10,2종,255594
68,김포,2005-10,3종,54773
68,김포,2005-10,4종,43416
68,김포,2005-10,5종,94602
68,김포,2005-10,6종,171284
91,대동(개),2005-10,1종,177857
91,대동(개),2005-10,2종,18173
91,대동(개),2005-10,3종,1712
91,대동(개),2005-10,4종,36192
91,대동(개),2005-10,5종,19714
91,대동(개),2005-10,6종,10096
92,내서,2005-10,1종,208514
92,내서,2005-10,2종,10306
92,내서,2005-10,3종,6162
92,내서,2005-10,4종,2778
92,내서,2005-10,5종,6048
92,내서,2005-10,6종,29412
101,서울,2005-10,1종,5409916
101,서울,2005-10,2종,310765
101,서울,2005-10,3종,426652
101,서울,2005-10,4종,58205
101,서울,2005-10,5종,50844
101,서울,2005-10,6종,187017
102,동수원,2005-10,1종,2066653
102,동수원,2005-10,2종,72441
102,동수원,2005-10,3종,72740
102,동수원,2005-10,4종,13286
102,동수원,2005-10,5종,18148
102,동수원,2005-10,6종,90336
103,수원신갈,2005-10,1종,2190854
103,수원신갈,2005-10,2종,141011
103,수원신갈,2005-10,3종,100038
103,수원신갈,2005-10,4종,30307
103,수원신갈,2005-10,5종,28116
103,수원신갈,2005-10,6종,103606
104,지곡,2005-10,1종,32389
104,지곡,2005-10,2종,3236
104,지곡,2005-10,3종,1133
104,지곡,2005-10,4종,769
104,지곡,2005-10,5종,1355
104,지곡,2005-10,6종,1145
105,기흥,2005-10,1종,1030836
105,기흥,2005-10,2종,88709
105,기흥,2005-10,3종,32183
105,기흥,2005-10,4종,19280
105,기흥,2005-10,5종,28269
105,기흥,2005-10,6종,39970
106,오산,2005-10,1종,1177728
106,오산,2005-10,2종,125332
106,오산,2005-10,3종,51073
106,오산,2005-10,4종,25347
106,오산,2005-10,5종,34779
106,오산,2005-10,6종,47006
107,안성,2005-10,1종,988802
107,안성,2005-10,2종,96133
107,안성,2005-10,3종,51649
107,안성,2005-10,4종,21790
107,안성,2005-10,5종,33251
107,안성,2005-10,6종,36942
108,천안,2005-10,1종,1215000
108,천안,2005-10,2종,88351
108,천안,2005-10,3종,74407
108,천안,2005-10,4종,25643
108,천안,2005-10,5종,33537
108,천안,2005-10,6종,42059
109,계룡,2005-10,1종,154204
109,계룡,2005-10,2종,14647
109,계룡,2005-10,3종,9377
109,계룡,2005-10,4종,9477
109,계룡,2005-10,5종,5392
109,계룡,2005-10,6종,7094
110,독립기념관,2005-10,1종,344717
110,독립기념관,2005-10,2종,47881
110,독립기념관,2005-10,3종,22764
110,독립기념관,2005-10,4종,18814
110,독립기념관,2005-10,5종,28198
110,독립기념관,2005-10,6종,10248
111,청주,2005-10,1종,526632
111,청주,2005-10,2종,41217
111,청주,2005-10,3종,42727
111,청주,2005-10,4종,12398
111,청주,2005-10,5종,19876
111,청주,2005-10,6종,17839
112,남청주,2005-10,1종,447958
112,남청주,2005-10,2종,54039
112,남청주,2005-10,3종,28930
112,남청주,2005-10,4종,27362
112,남청주,2005-10,5종,33050
112,남청주,2005-10,6종,15518
113,신탄진,2005-10,1종,513233
113,신탄진,2005-10,2종,68200
113,신탄진,2005-10,3종,19547
113,신탄진,2005-10,4종,34289
113,신탄진,2005-10,5종,40634
113,신탄진,2005-10,6종,18084
114,남대전,2005-10,1종,255542
114,남대전,2005-10,2종,14446
114,남대전,2005-10,3종,4492
114,남대전,2005-10,4종,2964
114,남대전,2005-10,5종,3850
114,남대전,2005-10,6종,11057
115,대전,2005-10,1종,1217102
115,대전,2005-10,2종,65104
115,대전,2005-10,3종,81665
115,대전,2005-10,4종,14700
115,대전,2005-10,5종,19725
115,대전,2005-10,6종,48467
116,옥천,2005-10,1종,354168
116,옥천,2005-10,2종,39035
116,옥천,2005-10,3종,12345
116,옥천,2005-10,4종,17419
116,옥천,2005-10,5종,11852
116,옥천,2005-10,6종,14917
117,금강,2005-10,1종,34273
117,금강,2005-10,2종,2242
117,금강,2005-10,3종,425
117,금강,2005-10,4종,1460
117,금강,2005-10,5종,1441
117,금강,2005-10,6종,1722
118,영동,2005-10,1종,113423
118,영동,2005-10,2종,12810
118,영동,2005-10,3종,4605
118,영동,2005-10,4종,3593
118,영동,2005-10,5종,9004
118,영동,2005-10,6종,3609
119,판암,2005-10,1종,335531
119,판암,2005-10,2종,17293
119,판암,2005-10,3종,5053
119,판암,2005-10,4종,8037
119,판암,2005-10,5종,6464
119,판암,2005-10,6종,15441
120,황간,2005-10,1종,73869
120,황간,2005-10,2종,6363
120,황간,2005-10,3종,2636
120,황간,2005-10,4종,1647
120,황간,2005-10,5종,2462
120,황간,2005-10,6종,2362
121,추풍령,2005-10,1종,53426
121,추풍령,2005-10,2종,4595
121,추풍령,2005-10,3종,1774
121,추풍령,2005-10,4종,2912
121,추풍령,2005-10,5종,3559
121,추풍령,2005-10,6종,2402
122,김천,2005-10,1종,272193
122,김천,2005-10,2종,26996
122,김천,2005-10,3종,14474
122,김천,2005-10,4종,8671
122,김천,2005-10,5종,15520
122,김천,2005-10,6종,9471
123,구미,2005-10,1종,766526
123,구미,2005-10,2종,39120
123,구미,2005-10,3종,24835
123,구미,2005-10,4종,13528
123,구미,2005-10,5종,14912
123,구미,2005-10,6종,33296
124,상주,2005-10,1종,191191
124,상주,2005-10,2종,15356
124,상주,2005-10,3종,7930
124,상주,2005-10,4종,4015
124,상주,2005-10,5종,5563
124,상주,2005-10,6종,7461
125,남구미,2005-10,1종,580038
125,남구미,2005-10,2종,44765
125,남구미,2005-10,3종,31626
125,남구미,2005-10,4종,21427
125,남구미,2005-10,5종,53141
125,남구미,2005-10,6종,26112
126,왜관,2005-10,1종,562702
126,왜관,2005-10,2종,61727
126,왜관,2005-10,3종,19484
126,왜관,2005-10,4종,14980
126,왜관,2005-10,5종,36959
126,왜관,2005-10,6종,24100
127,서대구,2005-10,1종,2349641
127,서대구,2005-10,2종,267012
127,서대구,2005-10,3종,121150
127,서대구,2005-10,4종,73626
127,서대구,2005-10,5종,147242
127,서대구,2005-10,6종,92996
129,북대구,2005-10,1종,1643017
129,북대구,2005-10,2종,95440
129,북대구,2005-10,3종,39997
129,북대구,2005-10,4종,18905
129,북대구,2005-10,5종,30504
129,북대구,2005-10,6종,62559
130,동김천,2005-10,1종,1125908
130,동김천,2005-10,2종,62523
130,동김천,2005-10,3종,44725
130,동김천,2005-10,4종,21822
130,동김천,2005-10,5종,29038
130,동김천,2005-10,6종,47258
131,경산,2005-10,1종,736593
131,경산,2005-10,2종,95590
131,경산,2005-10,3종,21925
131,경산,2005-10,4종,22981
131,경산,2005-10,5종,28587
131,경산,2005-10,6종,35183
132,영천,2005-10,1종,272497
132,영천,2005-10,2종,34352
132,영천,2005-10,3종,20845
132,영천,2005-10,4종,9094
132,영천,2005-10,5종,26737
132,영천,2005-10,6종,8314
133,서경주,2005-10,1종,112193
133,서경주,2005-10,2종,13117
133,서경주,2005-10,3종,6438
133,서경주,2005-10,4종,4757
133,서경주,2005-10,5종,16642
133,서경주,2005-10,6종,3315
134,선산,2005-10,1종,107168
134,선산,2005-10,2종,10239
134,선산,2005-10,3종,2678
134,선산,2005-10,4종,2412
134,선산,2005-10,5종,3243
134,선산,2005-10,6종,3616
135,경주,2005-10,1종,786293
135,경주,2005-10,2종,73326
135,경주,2005-10,3종,75939
135,경주,2005-10,4종,23626
135,경주,2005-10,5종,85378
135,경주,2005-10,6종,26208
137,통도사,2005-10,1종,344826
137,통도사,2005-10,2종,39645
137,통도사,2005-10,3종,21696
137,통도사,2005-10,4종,14716
137,통도사,2005-10,5종,21553
137,통도사,2005-10,6종,15087
138,양산,2005-10,1종,705278
138,양산,2005-10,2종,100980
138,양산,2005-10,3종,30927
138,양산,2005-10,4종,41550
138,양산,2005-10,5종,52083
138,양산,2005-10,6종,41044
139,서울산,2005-10,1종,382955
139,서울산,2005-10,2종,34096
139,서울산,2005-10,3종,23642
139,서울산,2005-10,4종,11003
139,서울산,2005-10,5종,18091
139,서울산,2005-10,6종,17116
140,부산,2005-10,1종,1430329
140,부산,2005-10,2종,99882
140,부산,2005-10,3종,78214
140,부산,2005-10,4종,37359
140,부산,2005-10,5종,80470
140,부산,2005-10,6종,70822
141,,2005-10,1종,926464
141,,2005-10,2종,91091
141,,2005-10,3종,60262
141,,2005-10,4종,46182
141,,2005-10,5종,125636
141,,2005-10,6종,36667
142,군북,2005-10,1종,253579
142,군북,2005-10,2종,18776
142,군북,2005-10,3종,8594
142,군북,2005-10,4종,8490
142,군북,2005-10,5종,17219
142,군북,2005-10,6종,13145
143,장지,2005-10,1종,72421
143,장지,2005-10,2종,7082
143,장지,2005-10,3종,1083
143,장지,2005-10,4종,1779
143,장지,2005-10,5종,14709
143,장지,2005-10,6종,3748
144,함안,2005-10,1종,329193
144,함안,2005-10,2종,25112
144,함안,2005-10,3종,9697
144,함안,2005-10,4종,5884
144,함안,2005-10,5종,16702
144,함안,2005-10,6종,21612
145,산인,2005-10,1종,695914
145,산인,2005-10,2종,37777
145,산인,2005-10,3종,42890
145,산인,2005-10,4종,18190
145,산인,2005-10,5종,29416
145,산인,2005-10,6종,40365
146,동창원,2005-10,1종,648970
146,동창원,2005-10,2종,57879
146,동창원,2005-10,3종,13011
146,동창원,2005-10,4종,13067
146,동창원,2005-10,5종,42160
146,동창원,2005-10,6종,37005
147,진례,2005-10,1종,543926
147,진례,2005-10,2종,78719
147,진례,2005-10,3종,10819
147,진례,2005-10,4종,17545
147,진례,2005-10,5종,26564
147,진례,2005-10,6종,28795
148,서김해,2005-10,1종,695228
148,서김해,2005-10,2종,55268
148,서김해,2005-10,3종,15421
148,서김해,2005-10,4종,14140
148,서김해,2005-10,5종,30900
148,서김해,2005-10,6종,45515
149,동김해,2005-10,1종,1153103
149,동김해,2005-10,2종,66657
149,동김해,2005-10,3종,21505
149,동김해,2005-10,4종,14917
149,동김해,2005-10,5종,27253
149,동김해,2005-10,6종,85032
150,북부산,2005-10,1종,2604284
150,북부산,2005-10,2종,165525
150,북부산,2005-10,3종,74815
150,북부산,2005-10,4종,49863
150,북부산,2005-10,5종,146151
150,북부산,2005-10,6종,150289
151,북대전,2005-10,1종,537993
151,북대전,2005-10,2종,23378
151,북대전,2005-10,3종,21642
151,북대전,2005-10,4종,10540
151,북대전,2005-10,5종,12111
151,북대전,2005-10,6종,21368
152,유성,2005-10,1종,910637
152,유성,2005-10,2종,51563
152,유성,2005-10,3종,36832
152,유성,2005-10,4종,12122
152,유성,2005-10,5종,17972
152,유성,2005-10,6종,34841
153,서대전,2005-10,1종,569038
153,서대전,2005-10,2종,34473
153,서대전,2005-10,3종,13517
153,서대전,2005-10,4종,8657
153,서대전,2005-10,5종,12010
153,서대전,2005-10,6종,25736
154,안영,2005-10,1종,386581
154,안영,2005-10,2종,19309
154,안영,2005-10,3종,10966
154,안영,2005-10,4종,5259
154,안영,2005-10,5종,8724
154,안영,2005-10,6종,16136
155,논산,2005-10,1종,219268
155,논산,2005-10,2종,33024
155,논산,2005-10,3종,12563
155,논산,2005-10,4종,9886
155,논산,2005-10,5종,12652
155,논산,2005-10,6종,6782
156,익산,2005-10,1종,285054
156,익산,2005-10,2종,38882
156,익산,2005-10,3종,25392
156,익산,2005-10,4종,14549
156,익산,2005-10,5종,33134
156,익산,2005-10,6종,7506
157,삼례,2005-10,1종,77501
157,삼례,2005-10,2종,9456
157,삼례,2005-10,3종,2245
157,삼례,2005-10,4종,2759
157,삼례,2005-10,5종,4670
157,삼례,2005-10,6종,2227
158,전주,2005-10,1종,589620
158,전주,2005-10,2종,45617
158,전주,2005-10,3종,46746
158,전주,2005-10,4종,13898
158,전주,2005-10,5종,32546
158,전주,2005-10,6종,15427
159,서전주,2005-10,1종,184465
159,서전주,2005-10,2종,11280
159,서전주,2005-10,3종,5359
159,서전주,2005-10,4종,2359
159,서전주,2005-10,5종,3330
159,서전주,2005-10,6종,5116
160,김제,2005-10,1종,110899
160,김제,2005-10,2종,8462
160,김제,2005-10,3종,7911
160,김제,2005-10,4종,2329
160,김제,2005-10,5종,1978
160,김제,2005-10,6종,2764
161,금산사,2005-10,1종,58199
161,금산사,2005-10,2종,10036
161,금산사,2005-10,3종,2299
161,금산사,2005-10,4종,2343
161,금산사,2005-10,5종,6014
161,금산사,2005-10,6종,1265
162,태인,2005-10,1종,100082
162,태인,2005-10,2종,13526
162,태인,2005-10,3종,6165
162,태인,2005-10,4종,4465
162,태인,2005-10,5종,7664
162,태인,2005-10,6종,2584
163,정읍,2005-10,1종,376962
163,정읍,2005-10,2종,38591
163,정읍,2005-10,3종,30341
163,정읍,2005-10,4종,9259
163,정읍,2005-10,5종,10478
163,정읍,2005-10,6종,10887
164,무주,2005-10,1종,142576
164,무주,2005-10,2종,5475
164,무주,2005-10,3종,6615
164,무주,2005-10,4종,1044
164,무주,2005-10,5종,3048
164,무주,2005-10,6종,3649
165,백양사,2005-10,1종,137797
165,백양사,2005-10,2종,7681
165,백양사,2005-10,3종,7388
165,백양사,2005-10,4종,2037
165,백양사,2005-10,5종,2073
165,백양사,2005-10,6종,4088
166,장성,2005-10,1종,197733
166,장성,2005-10,2종,16607
166,장성,2005-10,3종,11933
166,장성,2005-10,4종,4863
166,장성,2005-10,5종,8532
166,장성,2005-10,6종,7752
167,광주,2005-10,1종,1013267
167,광주,2005-10,2종,93901
167,광주,2005-10,3종,87621
167,광주,2005-10,4종,32800
167,광주,2005-10,5종,33266
167,광주,2005-10,6종,26856
168,덕유산,2005-10,1종,39415
168,덕유산,2005-10,2종,2245
168,덕유산,2005-10,3종,1766
168,덕유산,2005-10,4종,353
168,덕유산,2005-10,5종,1425
168,덕유산,2005-10,6종,943
169,장수,2005-10,1종,116051
169,장수,2005-10,2종,20218
169,장수,2005-10,3종,10012
169,장수,2005-10,4종,6263
169,장수,2005-10,5종,21158
169,장수,2005-10,6종,2660
170,서상,2005-10,1종,36123
170,서상,2005-10,2종,3977
170,서상,2005-10,3종,3130
170,서상,2005-10,4종,1012
170,서상,2005-10,5종,1456
170,서상,2005-10,6종,1268
171,마성,2005-10,1종,416712
171,마성,2005-10,2종,10816
171,마성,2005-10,3종,26737
171,마성,2005-10,4종,869
171,마성,2005-10,5종,1143
171,마성,2005-10,6종,16652
172,용인,2005-10,1종,788224
172,용인,2005-10,2종,85184
172,용인,2005-10,3종,21939
172,용인,2005-10,4종,14224
172,용인,2005-10,5종,13973
172,용인,2005-10,6종,36977
173,양지,2005-10,1종,632209
173,양지,2005-10,2종,113455
173,양지,2005-10,3종,29970
173,양지,2005-10,4종,25629
173,양지,2005-10,5종,37686
173,양지,2005-10,6종,22363
174,춘천,2005-10,1종,442659
174,춘천,2005-10,2종,23218
174,춘천,2005-10,3종,19131
174,춘천,2005-10,4종,5558
174,춘천,2005-10,5종,8086
174,춘천,2005-10,6종,20732
175,덕평,2005-10,1종,153504
175,덕평,2005-10,2종,21751
175,덕평,2005-10,3종,9611
175,덕평,2005-10,4종,5504
175,덕평,2005-10,5종,6946
175,덕평,2005-10,6종,5719
176,이천,2005-10,1종,550257
176,이천,2005-10,2종,56537
176,이천,2005-10,3종,29878
176,이천,2005-10,4종,19427
176,이천,2005-10,5종,28510
176,이천,2005-10,6종,18180
177,여주,2005-10,1종,418346
177,여주,2005-10,2종,33456
177,여주,2005-10,3종,24650
177,여주,2005-10,4종,10502
177,여주,2005-10,5종,15851
177,여주,2005-10,6종,12742
178,문막,2005-10,1종,263574
178,문막,2005-10,2종,31757
178,문막,2005-10,3종,15596
178,문막,2005-10,4종,7295
178,문막,2005-10,5종,15450
178,문막,2005-10,6종,8306
179,홍천,2005-10,1종,297943
179,홍천,2005-10,2종,17123
179,홍천,2005-10,3종,14675
179,홍천,2005-10,4종,4964
179,홍천,2005-10,5종,5249
179,홍천,2005-10,6종,12943
180,원주,2005-10,1종,264289
180,원주,2005-10,2종,24781
180,원주,2005-10,3종,31032
180,원주,2005-10,4종,7658
180,원주,2005-10,5종,10267
180,원주,2005-10,6종,10040
181,새말,2005-10,1종,182424
181,새말,2005-10,2종,16463
181,새말,2005-10,3종,10821
181,새말,2005-10,4종,2526
181,새말,2005-10,5종,5172
181,새말,2005-10,6종,5361
182,둔내,2005-10,1종,91623
182,둔내,2005-10,2종,8586
182,둔내,2005-10,3종,3418
182,둔내,2005-10,4종,1698
182,둔내,2005-10,5종,3442
182,둔내,2005-10,6종,2647
183,면온,2005-10,1종,76869
183,면온,2005-10,2종,2898
183,면온,2005-10,3종,2534
183,면온,2005-10,4종,2445
183,면온,2005-10,5종,1591
183,면온,2005-10,6종,1624
184,대관령,2005-10,1종,160678
184,대관령,2005-10,2종,9549
184,대관령,2005-10,3종,12817
184,대관령,2005-10,4종,2123
184,대관령,2005-10,5종,3726
184,대관령,2005-10,6종,5080
185,평창,2005-10,1종,134445
185,평창,2005-10,2종,10805
185,평창,2005-10,3종,13151
185,평창,2005-10,4종,1419
185,평창,2005-10,5종,2993
185,평창,2005-10,6종,3916
186,속사,2005-10,1종,45975
186,속사,2005-10,2종,4477
186,속사,2005-10,3종,1800
186,속사,2005-10,4종,1240
186,속사,2005-10,5종,1066
186,속사,2005-10,6종,1360
187,진부,2005-10,1종,175206
187,진부,2005-10,2종,9377
187,진부,2005-10,3종,19775
187,진부,2005-10,4종,2963
187,진부,2005-10,5종,3909
187,진부,2005-10,6종,5157
189,강릉,2005-10,1종,498761
189,강릉,2005-10,2종,27177
189,강릉,2005-10,3종,43475
189,강릉,2005-10,4종,10112
189,강릉,2005-10,5종,13260
189,강릉,2005-10,6종,19999
190,동서울,2005-10,1종,3339444
190,동서울,2005-10,2종,282925
190,동서울,2005-10,3종,193321
190,동서울,2005-10,4종,47596
190,동서울,2005-10,5종,60254
190,동서울,2005-10,6종,99285
191,경기광주,2005-10,1종,708143
191,경기광주,2005-10,2종,56700
191,경기광주,2005-10,3종,23438
191,경기광주,2005-10,4종,6844
191,경기광주,2005-10,5종,7783
191,경기광주,2005-10,6종,30985
192,곤지암,2005-10,1종,750145
192,곤지암,2005-10,2종,89078
192,곤지암,2005-10,3종,20321
192,곤지암,2005-10,4종,15298
192,곤지암,2005-10,5종,18096
192,곤지암,2005-10,6종,23562
193,일죽,2005-10,1종,405298
193,일죽,2005-10,2종,60404
193,일죽,2005-10,3종,22314
193,일죽,2005-10,4종,13724
193,일죽,2005-10,5종,14183
193,일죽,2005-10,6종,11682
194,서이천,2005-10,1종,331133
194,서이천,2005-10,2종,41543
194,서이천,2005-10,3종,15202
194,서이천,2005-10,4종,7868
194,서이천,2005-10,5종,9689
194,서이천,2005-10,6종,12529
195,대소,2005-10,1종,296933
195,대소,2005-10,2종,54319
195,대소,2005-10,3종,13303
195,대소,2005-10,4종,11809
195,대소,2005-10,5종,12174
195,대소,2005-10,6종,9249
196,진천,2005-10,1종,218182
196,진천,2005-10,2종,31154
196,진천,2005-10,3종,10619
196,진천,2005-10,4종,7590
196,진천,2005-10,5종,12335
196,진천,2005-10,6종,7004
197,증평,2005-10,1종,307395
197,증평,2005-10,2종,36860
197,증평,2005-10,3종,14278
197,증평,2005-10,4종,8079
197,증평,2005-10,5종,19528
197,증평,2005-10,6종,9110
198,서청주,2005-10,1종,541528
198,서청주,2005-10,2종,49069
198,서청주,2005-10,3종,27725
198,서청주,2005-10,4종,17062
198,서청주,2005-10,5종,19281
198,서청주,2005-10,6종,19298
199,오창,2005-10,1종,293130
199,오창,2005-10,2종,26969
199,오창,2005-10,3종,14101
199,오창,2005-10,4종,7342
199,오창,2005-10,5종,9251
199,오창,2005-10,6종,9104
200,금산,2005-10,1종,207202
200,금산,2005-10,2종,9823
200,금산,2005-10,3종,5591
200,금산,2005-10,4종,2329
200,금산,2005-10,5종,7088
200,금산,2005-10,6종,6899
201,칠곡,2005-10,1종,531461
201,칠곡,2005-10,2종,29256
201,칠곡,2005-10,3종,14071
201,칠곡,2005-10,4종,3851
201,칠곡,2005-10,5종,7210
201,칠곡,2005-10,6종,26442
202,다부,2005-10,1종,93289
202,다부,2005-10,2종,8793
202,다부,2005-10,3종,2738
202,다부,2005-10,4종,1883
202,다부,2005-10,5종,4991
202,다부,2005-10,6종,3361
203,가산,2005-10,1종,397918
203,가산,2005-10,2종,25473
203,가산,2005-10,3종,7553
203,가산,2005-10,4종,5085
203,가산,2005-10,5종,12154
203,가산,2005-10,6종,15550
204,추부,2005-10,1종,273873
204,추부,2005-10,2종,19956
204,추부,2005-10,3종,10601
204,추부,2005-10,4종,3977
204,추부,2005-10,5종,7060
204,추부,2005-10,6종,11857
205,군위,2005-10,1종,114448
205,군위,2005-10,2종,10758
205,군위,2005-10,3종,1640
205,군위,2005-10,4종,1261
205,군위,2005-10,5종,2402
205,군위,2005-10,6종,4039
206,의성,2005-10,1종,165867
206,의성,2005-10,2종,10796
206,의성,2005-10,3종,3651
206,의성,2005-10,4종,1714
206,의성,2005-10,5종,4568
206,의성,2005-10,6종,5633
207,남안동,2005-10,1종,239337
207,남안동,2005-10,2종,14866
207,남안동,2005-10,3종,12819
207,남안동,2005-10,4종,2127
207,남안동,2005-10,5종,5922
207,남안동,2005-10,6종,8447
208,서안동,2005-10,1종,198830
208,서안동,2005-10,2종,14497
208,서안동,2005-10,3종,10530
208,서안동,2005-10,4종,2013
208,서안동,2005-10,5종,8562
208,서안동,2005-10,6종,6508
209,예천,2005-10,1종,37937
209,예천,2005-10,2종,2227
209,예천,2005-10,3종,821
209,예천,2005-10,4종,349
209,예천,2005-10,5종,4347
209,예천,2005-10,6종,1450
210,영주,2005-10,1종,139822
210,영주,2005-10,2종,10146
210,영주,2005-10,3종,5848
210,영주,2005-10,4종,1605
210,영주,2005-10,5종,7051
210,영주,2005-10,6종,4729
211,풍기,2005-10,1종,204374
211,풍기,2005-10,2종,12225
211,풍기,2005-10,3종,15873
211,풍기,2005-10,4종,1598
211,풍기,2005-10,5종,5840
211,풍기,2005-10,6종,7163
212,북수원,2005-10,1종,1360974
212,북수원,2005-10,2종,84315
212,북수원,2005-10,3종,50922
212,북수원,2005-10,4종,20336
212,북수원,2005-10,5종,23089
212,북수원,2005-10,6종,60517
213,부곡,2005-10,1종,268598
213,부곡,2005-10,2종,15046
213,부곡,2005-10,3종,4431
213,부곡,2005-10,4종,5436
213,부곡,2005-10,5종,63735
213,부곡,2005-10,6종,13853
214,동군포,2005-10,1종,144142
214,동군포,2005-10,2종,22750
214,동군포,2005-10,3종,5691
214,동군포,2005-10,4종,13050
214,동군포,2005-10,5종,8507
214,동군포,2005-10,6종,6083
215,군포,2005-10,1종,710115
215,군포,2005-10,2종,83212
215,군포,2005-10,3종,21894
215,군포,2005-10,4종,19699
215,군포,2005-10,5종,26860
215,군포,2005-10,6종,31727
216,횡성,2005-10,1종,129479
216,횡성,2005-10,2종,9589
216,횡성,2005-10,3종,4355
216,횡성,2005-10,4종,2151
216,횡성,2005-10,5종,3672
216,횡성,2005-10,6종,5150
217,북원주,2005-10,1종,65729
217,북원주,2005-10,2종,5487
217,북원주,2005-10,3종,1087
217,북원주,2005-10,4종,1700
217,북원주,2005-10,5종,1704
217,북원주,2005-10,6종,3019
218,남원주,2005-10,1종,510026
218,남원주,2005-10,2종,31156
218,남원주,2005-10,3종,17224
218,남원주,2005-10,4종,5494
218,남원주,2005-10,5종,9335
218,남원주,2005-10,6종,20203
219,신림,2005-10,1종,95576
219,신림,2005-10,2종,5216
219,신림,2005-10,3종,4324
219,신림,2005-10,4종,1301
219,신림,2005-10,5종,13842
219,신림,2005-10,6종,2981
221,생초,2005-10,1종,48805
221,생초,2005-10,2종,7123
221,생초,2005-10,3종,2972
221,생초,2005-10,4종,3398
221,생초,2005-10,5종,7280
221,생초,2005-10,6종,1663
222,산청,2005-10,1종,45511
222,산청,2005-10,2종,3209
222,산청,2005-10,3종,1505
222,산청,2005-10,4종,637
222,산청,2005-10,5종,1429
222,산청,2005-10,6종,1638
223,단성,2005-10,1종,92578
223,단성,2005-10,2종,4669
223,단성,2005-10,3종,6160
223,단성,2005-10,4종,1534
223,단성,2005-10,5종,3770
223,단성,2005-10,6종,3183
224,함양,2005-10,1종,111373
224,함양,2005-10,2종,7292
224,함양,2005-10,3종,6266
224,함양,2005-10,4종,1058
224,함양,2005-10,5종,4143
224,함양,2005-10,6종,4929
225,서진주,2005-10,1종,311180
225,서진주,2005-10,2종,11571
225,서진주,2005-10,3종,6797
225,서진주,2005-10,4종,1856
225,서진주,2005-10,5종,4556
225,서진주,2005-10,6종,18459
227,군산,2005-10,1종,106724
227,군산,2005-10,2종,5692
227,군산,2005-10,3종,6120
227,군산,2005-10,4종,1318
227,군산,2005-10,5종,3459
227,군산,2005-10,6종,3036
228,동군산,2005-10,1종,324621
228,동군산,2005-10,2종,28449
228,동군산,2005-10,3종,11250
228,동군산,2005-10,4종,6699
228,동군산,2005-10,5종,23825
228,동군산,2005-10,6종,7930
231,화원옥포,2005-10,1종,1497533
231,화원옥포,2005-10,2종,183693
231,화원옥포,2005-10,3종,90942
231,화원옥포,2005-10,4종,49924
231,화원옥포,2005-10,5종,127364
231,화원옥포,2005-10,6종,58225
232,달성,2005-10,1종,222838
232,달성,2005-10,2종,28008
232,달성,2005-10,3종,11949
232,달성,2005-10,4종,5354
232,달성,2005-10,5종,5304
232,달성,2005-10,6종,14747
233,현풍,2005-10,1종,248548
233,현풍,2005-10,2종,32840
233,현풍,2005-10,3종,7897
233,현풍,2005-10,4종,8413
233,현풍,2005-10,5종,22480
233,현풍,2005-10,6종,9835
234,서천,2005-10,1종,120524
234,서천,2005-10,2종,12306
234,서천,2005-10,3종,2624
234,서천,2005-10,4종,5176
234,서천,2005-10,5종,12589
234,서천,2005-10,6종,3525
235,창녕,2005-10,1종,185339
235,창녕,2005-10,2종,11121
235,창녕,2005-10,3종,8422
235,창녕,2005-10,4종,1432
235,창녕,2005-10,5종,3231
235,창녕,2005-10,6종,8219
236,영산,2005-10,1종,170562
236,영산,2005-10,2종,13750
236,영산,2005-10,3종,7869
236,영산,2005-10,4종,2142
236,영산,2005-10,5종,2898
236,영산,2005-10,6종,7476
237,남지,2005-10,1종,151630
237,남지,2005-10,2종,18434
237,남지,2005-10,3종,11463
237,남지,2005-10,4종,5340
237,남지,2005-10,5종,19255
237,남지,2005-10,6종,8657
238,칠서,2005-10,1종,181281
238,칠서,2005-10,2종,28501
238,칠서,2005-10,3종,7638
238,칠서,2005-10,4종,17100
238,칠서,2005-10,5종,18186
238,칠서,2005-10,6종,10421
239,칠원,2005-10,1종,469572
239,칠원,2005-10,2종,41868
239,칠원,2005-10,3종,29264
239,칠원,2005-10,4종,22449
239,칠원,2005-10,5종,34440
239,칠원,2005-10,6종,23402
240,제천,2005-10,1종,362217
240,제천,2005-10,2종,23551
240,제천,2005-10,3종,21460
240,제천,2005-10,4종,4199
240,제천,2005-10,5종,18724
240,제천,2005-10,6종,12024
241,동고령,2005-10,1종,137193
241,동고령,2005-10,2종,13635
241,동고령,2005-10,3종,9440
241,동고령,2005-10,4종,2877
241,동고령,2005-10,5종,5128
241,동고령,2005-10,6종,5142
242,고령,2005-10,1종,134943
242,고령,2005-10,2종,12296
242,고령,2005-10,3종,4149
242,고령,2005-10,4종,2277
242,고령,2005-10,5종,4570
242,고령,2005-10,6종,5660
243,해인사,2005-10,1종,96875
243,해인사,2005-10,2종,4776
243,해인사,2005-10,3종,3983
243,해인사,2005-10,4종,852
243,해인사,2005-10,5종,639
243,해인사,2005-10,6종,4376
244,서부산,2005-10,1종,2017229
244,서부산,2005-10,2종,155881
244,서부산,2005-10,3종,88535
244,서부산,2005-10,4종,50321
244,서부산,2005-10,5종,162153
244,서부산,2005-10,6종,109789
245,장유,2005-10,1종,1351590
245,장유,2005-10,2종,80618
245,장유,2005-10,3종,36904
245,장유,2005-10,4종,17724
245,장유,2005-10,5종,51320
245,장유,2005-10,6종,94296
246,가락,2005-10,1종,439287
246,가락,2005-10,2종,42704
246,가락,2005-10,3종,8520
246,가락,2005-10,4종,14483
246,가락,2005-10,5종,23474
246,가락,2005-10,6종,24946
247,남원,2005-10,1종,166225
247,남원,2005-10,2종,14456
247,남원,2005-10,3종,11207
247,남원,2005-10,4종,3155
247,남원,2005-10,5종,7850
247,남원,2005-10,6종,4813
248,순창,2005-10,1종,74992
248,순창,2005-10,2종,4867
248,순창,2005-10,3종,3651
248,순창,2005-10,4종,1294
248,순창,2005-10,5종,1798
248,순창,2005-10,6종,2388
249,담양,2005-10,1종,100772
249,담양,2005-10,2종,5981
249,담양,2005-10,3종,12653
249,담양,2005-10,4종,1657
249,담양,2005-10,5종,3971
249,담양,2005-10,6종,2833
250,남양산,2005-10,1종,830132
250,남양산,2005-10,2종,86616
250,남양산,2005-10,3종,23315
250,남양산,2005-10,4종,23698
250,남양산,2005-10,5종,38311
250,남양산,2005-10,6종,53046
251,물금,2005-10,1종,175953
251,물금,2005-10,2종,36030
251,물금,2005-10,3종,7042
251,물금,2005-10,4종,20656
251,물금,2005-10,5종,111546
251,물금,2005-10,6종,9107
252,대동,2005-10,1종,1791839
252,대동,2005-10,2종,244350
252,대동,2005-10,3종,57583
252,대동,2005-10,4종,69456
252,대동,2005-10,5종,212800
252,대동,2005-10,6종,84511
253,서서울,2005-10,1종,4303516
253,서서울,2005-10,2종,326336
253,서서울,2005-10,3종,107272
253,서서울,2005-10,4종,82664
253,서서울,2005-10,5종,108042
253,서서울,2005-10,6종,163199
254,군자,2005-10,1종,2693264
254,군자,2005-10,2종,276309
254,군자,2005-10,3종,82664
254,군자,2005-10,4종,70540
254,군자,2005-10,5종,241018
254,군자,2005-10,6종,123071
255,서안산,2005-10,1종,1019365
255,서안산,2005-10,2종,114436
255,서안산,2005-10,3종,23733
255,서안산,2005-10,4종,26599
255,서안산,2005-10,5종,46860
255,서안산,2005-10,6종,48766
256,안산,2005-10,1종,1108469
256,안산,2005-10,2종,44196
256,안산,2005-10,3종,12536
256,안산,2005-10,4종,5585
256,안산,2005-10,5종,9462
256,안산,2005-10,6종,58737
257,홍성,2005-10,1종,379391
257,홍성,2005-10,2종,16870
257,홍성,2005-10,3종,11038
257,홍성,2005-10,4종,1882
257,홍성,2005-10,5종,6075
257,홍성,2005-10,6종,8569
258,광천,2005-10,1종,125125
258,광천,2005-10,2종,11533
258,광천,2005-10,3종,3497
258,광천,2005-10,4종,1625
258,광천,2005-10,5종,7987
258,광천,2005-10,6종,2958
259,대천,2005-10,1종,257071
259,대천,2005-10,2종,15961
259,대천,2005-10,3종,7091
259,대천,2005-10,4종,2333
259,대천,2005-10,5종,2802
259,대천,2005-10,6종,7605
260,춘장대,2005-10,1종,54350
260,춘장대,2005-10,2종,3973
260,춘장대,2005-10,3종,977
260,춘장대,2005-10,4종,348
260,춘장대,2005-10,5종,751
260,춘장대,2005-10,6종,1237
261,동광주,2005-10,1종,1023631
261,동광주,2005-10,2종,65125
261,동광주,2005-10,3종,65329
261,동광주,2005-10,4종,23617
261,동광주,2005-10,5종,50366
261,동광주,2005-10,6종,29689
262,창평,2005-10,1종,71811
262,창평,2005-10,2종,4556
262,창평,2005-10,3종,1567
262,창평,2005-10,4종,2826
262,창평,2005-10,5종,2046
262,창평,2005-10,6종,2309
263,옥과,2005-10,1종,178031
263,옥과,2005-10,2종,8263
263,옥과,2005-10,3종,12195
263,옥과,2005-10,4종,4575
263,옥과,2005-10,5종,6833
263,옥과,2005-10,6종,5861
264,동남원,2005-10,1종,44834
264,동남원,2005-10,2종,3500
264,동남원,2005-10,3종,2052
264,동남원,2005-10,4종,893
264,동남원,2005-10,5종,2875
264,동남원,2005-10,6종,1289
265,곡성,2005-10,1종,153996
265,곡성,2005-10,2종,7812
265,곡성,2005-10,3종,4653
265,곡성,2005-10,4종,3558
265,곡성,2005-10,5종,5888
265,곡성,2005-10,6종,4824
266,석곡,2005-10,1종,53679
266,석곡,2005-10,2종,2443
266,석곡,2005-10,3종,2531
266,석곡,2005-10,4종,371
266,석곡,2005-10,5종,1012
266,석곡,2005-10,6종,1649
267,주암송광사,2005-10,1종,139423
267,주암송광사,2005-10,2종,9156
267,주암송광사,2005-10,3종,5019
267,주암송광사,2005-10,4종,3011
267,주암송광사,2005-10,5종,8868
267,주암송광사,2005-10,6종,4160
268,승주,2005-10,1종,61279
268,승주,2005-10,2종,2489
268,승주,2005-10,3종,2694
268,승주,2005-10,4종,458
268,승주,2005-10,5종,839
268,승주,2005-10,6종,2360
269,지리산,2005-10,1종,66605
269,지리산,2005-10,2종,4982
269,지리산,2005-10,3종,3891
269,지리산,2005-10,4종,1066
269,지리산,2005-10,5종,608
269,지리산,2005-10,6종,1708
270,서순천,2005-10,1종,189406
270,서순천,2005-10,2종,11007
270,서순천,2005-10,3종,12102
270,서순천,2005-10,4종,2567
270,서순천,2005-10,5종,16770
270,서순천,2005-10,6종,6492
271,순천,2005-10,1종,487547
271,순천,2005-10,2종,30834
271,순천,2005-10,3종,17639
271,순천,2005-10,4종,8269
271,순천,2005-10,5종,24859
271,순천,2005-10,6종,17123
272,광양,2005-10,1종,202075
272,광양,2005-10,2종,23924
272,광양,2005-10,3종,14821
272,광양,2005-10,4종,14010
272,광양,2005-10,5종,55769
272,광양,2005-10,6종,6073
273,동광양,2005-10,1종,110405
273,동광양,2005-10,2종,4779
273,동광양,2005-10,3종,2737
273,동광양,2005-10,4종,1316
273,동광양,2005-10,5종,32777
273,동광양,2005-10,6종,5910
274,가조,2005-10,1종,57894
274,가조,2005-10,2종,4209
274,가조,2005-10,3종,2564
274,가조,2005-10,4종,803
274,가조,2005-10,5종,606
274,가조,2005-10,6종,3671
275,옥곡,2005-10,1종,103337
275,옥곡,2005-10,2종,4490
275,옥곡,2005-10,3종,4134
275,옥곡,2005-10,4종,787
275,옥곡,2005-10,5종,4673
275,옥곡,2005-10,6종,4332
276,진월,2005-10,1종,86864
276,진월,2005-10,2종,4011
276,진월,2005-10,3종,1806
276,진월,2005-10,4종,2588
276,진월,2005-10,5종,44544
276,진월,2005-10,6종,3182
277,하동,2005-10,1종,188351
277,하동,2005-10,2종,9119
277,하동,2005-10,3종,8532
277,하동,2005-10,4종,2635
277,하동,2005-10,5종,39954
277,하동,2005-10,6종,8221
278,진교,2005-10,1종,182272
278,진교,2005-10,2종,9717
278,진교,2005-10,3종,14061
278,진교,2005-10,4종,1308
278,진교,2005-10,5종,2998
278,진교,2005-10,6종,10585
279,곤양,2005-10,1종,132687
279,곤양,2005-10,2종,8350
279,곤양,2005-10,3종,5592
279,곤양,2005-10,4종,2295
279,곤양,2005-10,5종,4045
279,곤양,2005-10,6종,7710
280,거창,2005-10,1종,182430
280,거창,2005-10,2종,14046
280,거창,2005-10,3종,14020
280,거창,2005-10,4종,3075
280,거창,2005-10,5종,6243
280,거창,2005-10,6종,8842
281,매송,2005-10,1종,551870
281,매송,2005-10,2종,55691
281,매송,2005-10,3종,17885
281,매송,2005-10,4종,14916
281,매송,2005-10,5종,26754
281,매송,2005-10,6종,21092
282,비봉,2005-10,1종,700566
282,비봉,2005-10,2종,71790
282,비봉,2005-10,3종,15564
282,비봉,2005-10,4종,15328
282,비봉,2005-10,5종,37685
282,비봉,2005-10,6종,23848
283,발안,2005-10,1종,475698
283,발안,2005-10,2종,53285
283,발안,2005-10,3종,8710
283,발안,2005-10,4종,11266
283,발안,2005-10,5종,24436
283,발안,2005-10,6종,14729
284,남양양,2005-10,1종,292636
284,남양양,2005-10,2종,9744
284,남양양,2005-10,3종,19355
284,남양양,2005-10,4종,3720
284,남양양,2005-10,5종,7425
284,남양양,2005-10,6종,6412
285,서평택,2005-10,1종,669974
285,서평택,2005-10,2종,68591
285,서평택,2005-10,3종,16539
285,서평택,2005-10,4종,35910
285,서평택,2005-10,5종,73610
285,서평택,2005-10,6종,20510
287,송악,2005-10,1종,416088
287,송악,2005-10,2종,35573
287,송악,2005-10,3종,12714
287,송악,2005-10,4종,11919
287,송악,2005-10,5종,57014
287,송악,2005-10,6종,10850
288,당진,2005-10,1종,325909
288,당진,2005-10,2종,24047
288,당진,2005-10,3종,11577
288,당진,2005-10,4종,6417
288,당진,2005-10,5종,24413
288,당진,2005-10,6종,8939
289,마산,2005-10,1종,977273
289,마산,2005-10,2종,63838
289,마산,2005-10,3종,42656
289,마산,2005-10,4종,16786
289,마산,2005-10,5종,29769
289,마산,2005-10,6종,55287
290,축동,2005-10,1종,29522
290,축동,2005-10,2종,3020
290,축동,2005-10,3종,301
290,축동,2005-10,4종,799
290,축동,2005-10,5종,1533
290,축동,2005-10,6종,2065
291,사천,2005-10,1종,689550
291,사천,2005-10,2종,46520
291,사천,2005-10,3종,30362
291,사천,2005-10,4종,8956
291,사천,2005-10,5종,27561
291,사천,2005-10,6종,36571
292,진주,2005-10,1종,609225
292,진주,2005-10,2종,37418
292,진주,2005-10,3종,35933
292,진주,2005-10,4종,8048
292,진주,2005-10,5종,25647
292,진주,2005-10,6종,35958
293,문산,2005-10,1종,206808
293,문산,2005-10,2종,19635
293,문산,2005-10,3종,3490
293,문산,2005-10,4종,3895
293,문산,2005-10,5종,10957
293,문산,2005-10,6종,10611
294,북창원,2005-10,1종,268247
294,북창원,2005-10,2종,17199
294,북창원,2005-10,3종,3440
294,북창원,2005-10,4종,5322
294,북창원,2005-10,5종,6117
294,북창원,2005-10,6종,12151
295,진성,2005-10,1종,143155
295,진성,2005-10,2종,13910
295,진성,2005-10,3종,8912
295,진성,2005-10,4종,2846
295,진성,2005-10,5종,10404
295,진성,2005-10,6종,7067
296,지수,2005-10,1종,51068
296,지수,2005-10,2종,5476
296,지수,2005-10,3종,1216
296,지수,2005-10,4종,600
296,지수,2005-10,5종,1579
296,지수,2005-10,6종,2587
298,서산,2005-10,1종,344486
298,서산,2005-10,2종,21268
298,서산,2005-10,3종,12758
298,서산,2005-10,4종,6471
298,서산,2005-10,5종,13604
298,서산,2005-10,6종,8731
299,해미,2005-10,1종,167361
299,해미,2005-10,2종,11424
299,해미,2005-10,3종,8304
299,해미,2005-10,4종,3117
299,해미,2005-10,5종,9154
299,해미,2005-10,6종,4548
501,서김제,2005-10,1종,67903
501,서김제,2005-10,2종,6302
501,서김제,2005-10,3종,1846
501,서김제,2005-10,4종,1085
501,서김제,2005-10,5종,3383
501,서김제,2005-10,6종,1510
502,부안,2005-10,1종,97938
502,부안,2005-10,2종,9456
502,부안,2005-10,3종,3476
502,부안,2005-10,4종,2910
502,부안,2005-10,5종,6754
502,부안,2005-10,6종,2332
503,줄포,2005-10,1종,58027
503,줄포,2005-10,2종,4077
503,줄포,2005-10,3종,2799
503,줄포,2005-10,4종,354
503,줄포,2005-10,5종,849
503,줄포,2005-10,6종,1109
504,선운산,2005-10,1종,83091
504,선운산,2005-10,2종,9672
504,선운산,2005-10,3종,9327
504,선운산,2005-10,4종,2047
504,선운산,2005-10,5종,4087
504,선운산,2005-10,6종,1565
505,고창,2005-10,1종,83435
505,고창,2005-10,2종,6163
505,고창,2005-10,3종,2301
505,고창,2005-10,4종,741
505,고창,2005-10,5종,2059
505,고창,2005-10,6종,1821
506,영광,2005-10,1종,65570
506,영광,2005-10,2종,6941
506,영광,2005-10,3종,4136
506,영광,2005-10,4종,734
506,영광,2005-10,5종,963
506,영광,2005-10,6종,1512
507,함평,2005-10,1종,59351
507,함평,2005-10,2종,10083
507,함평,2005-10,3종,2519
507,함평,2005-10,4종,1414
507,함평,2005-10,5종,3347
507,함평,2005-10,6종,1335
508,무안,2005-10,1종,313816
508,무안,2005-10,2종,24792
508,무안,2005-10,3종,13452
508,무안,2005-10,4종,3849
508,무안,2005-10,5종,15285
508,무안,2005-10,6종,7440
509,목포,2005-10,1종,468971
509,목포,2005-10,2종,41054
509,목포,2005-10,3종,25385
509,목포,2005-10,4종,6446
509,목포,2005-10,5종,23900
509,목포,2005-10,6종,10538
511,무창포,2005-10,1종,53622
511,무창포,2005-10,2종,5302
511,무창포,2005-10,3종,842
511,무창포,2005-10,4종,429
511,무창포,2005-10,5종,2780
511,무창포,2005-10,6종,1325
521,단양,2005-10,1종,81296
521,단양,2005-10,2종,3882
521,단양,2005-10,3종,7387
521,단양,2005-10,4종,615
521,단양,2005-10,5종,8229
521,단양,2005-10,6종,3038
522,북단양,2005-10,1종,77999
522,북단양,2005-10,2종,5525
522,북단양,2005-10,3종,4674
522,북단양,2005-10,4종,1669
522,북단양,2005-10,5종,20346
522,북단양,2005-10,6종,2564
523,남제천,2005-10,1종,54379
523,남제천,2005-10,2종,3094
523,남제천,2005-10,3종,2916
523,남제천,2005-10,4종,309
523,남제천,2005-10,5종,1174
523,남제천,2005-10,6종,1443
524,청통와촌,2005-10,1종,177773
524,청통와촌,2005-10,2종,16121
524,청통와촌,2005-10,3종,3914
524,청통와촌,2005-10,4종,2436
524,청통와촌,2005-10,5종,4506
524,청통와촌,2005-10,6종,6735
525,북영천,2005-10,1종,152075
525,북영천,2005-10,2종,13778
525,북영천,2005-10,3종,3587
525,북영천,2005-10,4종,3323
525,북영천,2005-10,5종,19348
525,북영천,2005-10,6종,4940
526,서포항,2005-10,1종,77830
526,서포항,2005-10,2종,3664
526,서포항,2005-10,3종,1931
526,서포항,2005-10,4종,916
526,서포항,2005-10,5종,1782
526,서포항,2005-10,6종,3031
527,포항,2005-10,1종,498442
527,포항,2005-10,2종,18317
527,포항,2005-10,3종,17304
527,포항,2005-10,4종,4052
527,포항,2005-10,5종,23974
527,포항,2005-10,6종,17459
530,내장산,2005-10,1종,67622
530,내장산,2005-10,2종,2851
530,내장산,2005-10,3종,2577
530,내장산,2005-10,4종,730
530,내장산,2005-10,5종,864
530,내장산,2005-10,6종,1888
540,청북,2005-10,1종,299471
540,청북,2005-10,2종,56202
540,청북,2005-10,3종,11316
540,청북,2005-10,4종,17939
540,청북,2005-10,5종,32508
540,청북,2005-10,6종,8558
541,송탄,2005-10,1종,327955
541,송탄,2005-10,2종,37103
541,송탄,2005-10,3종,9066
541,송탄,2005-10,4종,9199
541,송탄,2005-10,5종,15497
541,송탄,2005-10,6종,10893
542,서안성,2005-10,1종,209330
542,서안성,2005-10,2종,35591
542,서안성,2005-10,3종,9294
542,서안성,2005-10,4종,9613
542,서안성,2005-10,5종,16695
542,서안성,2005-10,6종,6329
560,감곡,2005-10,1종,254654
560,감곡,2005-10,2종,27160
560,감곡,2005-10,3종,15948
560,감곡,2005-10,4종,5636
560,감곡,2005-10,5종,34416
560,감곡,2005-10,6종,5973
561,북충주,2005-10,1종,61086
561,북충주,2005-10,2종,4267
561,북충주,2005-10,3종,1283
561,북충주,2005-10,4종,585
561,북충주,2005-10,5종,1064
561,북충주,2005-10,6종,1808
562,충주,2005-10,1종,210686
562,충주,2005-10,2종,19946
562,충주,2005-10,3종,14849
562,충주,2005-10,4종,7724
562,충주,2005-10,5종,11560
562,충주,2005-10,6종,6648
563,괴산,2005-10,1종,50681
563,괴산,2005-10,2종,1963
563,괴산,2005-10,3종,2235
563,괴산,2005-10,4종,409
563,괴산,2005-10,5종,374
563,괴산,2005-10,6종,1148
564,연풍,2005-10,1종,59594
564,연풍,2005-10,2종,16424
564,연풍,2005-10,3종,7333
564,연풍,2005-10,4종,5315
564,연풍,2005-10,5종,8383
564,연풍,2005-10,6종,1351
565,문경새재,2005-10,1종,112312
565,문경새재,2005-10,2종,13227
565,문경새재,2005-10,3종,8853
565,문경새재,2005-10,4종,2933
565,문경새재,2005-10,5종,5066
565,문경새재,2005-10,6종,3180
566,점촌함창,2005-10,1종,131208
566,점촌함창,2005-10,2종,9338
566,점촌함창,2005-10,3종,7098
566,점촌함창,2005-10,4종,2392
566,점촌함창,2005-10,5종,6086
566,점촌함창,2005-10,6종,4217
570,북상주,2005-10,1종,107941
570,북상주,2005-10,2종,10389
570,북상주,2005-10,3종,5068
570,북상주,2005-10,4종,2125
570,북상주,2005-10,5종,5061
570,북상주,2005-10,6종,3597
580,북강릉,2005-10,1종,124365
580,북강릉,2005-10,2종,6234
580,북강릉,2005-10,3종,4908
580,북강릉,2005-10,4종,2129
580,북강릉,2005-10,5종,5225
580,북강릉,2005-10,6종,3862
581,옥계,2005-10,1종,81062
581,옥계,2005-10,2종,4654
581,옥계,2005-10,3종,2774
581,옥계,2005-10,4종,5652
581,옥계,2005-10,5종,9005
581,옥계,2005-10,6종,4128
582,망상,2005-10,1종,79566
582,망상,2005-10,2종,4426
582,망상,2005-10,3종,2622
582,망상,2005-10,4종,1466
582,망상,2005-10,5종,1656
582,망상,2005-10,6종,3342
583,동해,2005-10,1종,289070
583,동해,2005-10,2종,16577
583,동해,2005-10,3종,22838
583,동해,2005-10,4종,6510
583,동해,2005-10,5종,14953
583,동해,2005-10,6종,11886
601,남천안,2005-10,1종,198801
601,남천안,2005-10,2종,46391
601,남천안,2005-10,3종,11636
601,남천안,2005-10,4종,13857
601,남천안,2005-10,5종,22282
601,남천안,2005-10,6종,5161
602,풍세상,2005-10,1종,616211
602,풍세상,2005-10,2종,53152
602,풍세상,2005-10,3종,88096
602,풍세상,2005-10,4종,20877
602,풍세상,2005-10,5종,38289
602,풍세상,2005-10,6종,14738
603,정안,2005-10,1종,119210
603,정안,2005-10,2종,18541
603,정안,2005-10,3종,12111
603,정안,2005-10,4종,6197
603,정안,2005-10,5종,8427
603,정안,2005-10,6종,3151
604,남공주,2005-10,1종,30030
604,남공주,2005-10,2종,2166
604,남공주,2005-10,3종,1080
604,남공주,2005-10,4종,737
604,남공주,2005-10,5종,894
604,남공주,2005-10,6종,735
605,탄천,2005-10,1종,21620
605,탄천,2005-10,2종,1972
605,탄천,2005-10,3종,902
605,탄천,2005-10,4종,321
605,탄천,2005-10,5종,588
605,탄천,2005-10,6종,609
606,서논산,2005-10,1종,63575
606,서논산,2005-10,2종,9371
606,서논산,2005-10,3종,4780
606,서논산,2005-10,4종,3210
606,서논산,2005-10,5종,5483
606,서논산,2005-10,6종,1801
607,연무,2005-10,1종,46207
607,연무,2005-10,2종,3439
607,연무,2005-10,3종,4230
607,연무,2005-10,4종,717
607,연무,2005-10,5종,1185
607,연무,2005-10,6종,1228
608,남논산하,2005-10,1종,447052
608,남논산하,2005-10,2종,39237
608,남논산하,2005-10,3종,72603
608,남논산하,2005-10,4종,15195
608,남논산하,2005-10,5종,26251
608,남논산하,2005-10,6종,9558
11,인천,2005-11,1종,3286865
11,인천,2005-11,2종,180077
11,인천,2005-11,3종,46240
11,인천,2005-11,4종,52947
11,인천,2005-11,5종,124845
11,인천,2005-11,6종,199104
53,남인천,2005-11,1종,1790595
53,남인천,2005-11,2종,93441
53,남인천,2005-11,3종,29691
53,남인천,2005-11,4종,23963
53,남인천,2005-11,5종,73693
53,남인천,2005-11,6종,92877
56,일로,2005-11,1종,21176
56,일로,2005-11,2종,1297
56,일로,2005-11,3종,144
56,일로,2005-11,4종,119
56,일로,2005-11,5종,286
56,일로,2005-11,6종,1035
61,성남,2005-11,1종,3234855
61,성남,2005-11,2종,238133
61,성남,2005-11,3종,91263
61,성남,2005-11,4종,46365
61,성남,2005-11,5종,67944
61,성남,2005-11,6종,136636
62,구리남양주,2005-11,1종,4103623
62,구리남양주,2005-11,2종,300751
62,구리남양주,2005-11,3종,84728
62,구리남양주,2005-11,4종,68820
62,구리남양주,2005-11,5종,81332
62,구리남양주,2005-11,6종,175907
63,토평,2005-11,1종,497731
63,토평,2005-11,2종,26956
63,토평,2005-11,3종,2916
63,토평,2005-11,4종,6522
63,토평,2005-11,5종,18925
63,토평,2005-11,6종,21796
64,청계,2005-11,1종,4286189
64,청계,2005-11,2종,261637
64,청계,2005-11,3종,88494
64,청계,2005-11,4종,35831
64,청계,2005-11,5종,73943
64,청계,2005-11,6종,195438
65,판교,2005-11,1종,2582267
65,판교,2005-11,2종,60839
65,판교,2005-11,3종,108735
65,판교,2005-11,4종,24871
65,판교,2005-11,5종,12282
65,판교,2005-11,6종,90015
66,하남,2005-11,1종,623749
66,하남,2005-11,2종,38082
66,하남,2005-11,3종,14270
66,하남,2005-11,4종,9522
66,하남,2005-11,5종,20594
66,하남,2005-11,6종,24068
67,시흥,2005-11,1종,3697182
67,시흥,2005-11,2종,236654
67,시흥,2005-11,3종,90935
67,시흥,2005-11,4종,55069
67,시흥,2005-11,5종,65896
67,시흥,2005-11,6종,161033
68,김포,2005-11,1종,3802396
68,김포,2005-11,2종,260382
68,김포,2005-11,3종,50081
68,김포,2005-11,4종,45489
68,김포,2005-11,5종,101636
68,김포,2005-11,6종,168789
91,대동(개),2005-11,1종,174063
91,대동(개),2005-11,2종,23039
91,대동(개),2005-11,3종,1667
91,대동(개),2005-11,4종,33538
91,대동(개),2005-11,5종,25324
91,대동(개),2005-11,6종,10112
92,내서,2005-11,1종,209626
92,내서,2005-11,2종,10938
92,내서,2005-11,3종,5701
92,내서,2005-11,4종,3680
92,내서,2005-11,5종,6201
92,내서,2005-11,6종,61107
101,서울,2005-11,1종,5198705
101,서울,2005-11,2종,315491
101,서울,2005-11,3종,396360
101,서울,2005-11,4종,61601
101,서울,2005-11,5종,57403
101,서울,2005-11,6종,179413
102,동수원,2005-11,1종,2070892
102,동수원,2005-11,2종,74289
102,동수원,2005-11,3종,67196
102,동수원,2005-11,4종,15518
102,동수원,2005-11,5종,21045
102,동수원,2005-11,6종,94210
103,수원신갈,2005-11,1종,2108247
103,수원신갈,2005-11,2종,142418
103,수원신갈,2005-11,3종,89274
103,수원신갈,2005-11,4종,30947
103,수원신갈,2005-11,5종,30164
103,수원신갈,2005-11,6종,102716
104,지곡,2005-11,1종,33440
104,지곡,2005-11,2종,3310
104,지곡,2005-11,3종,1128
104,지곡,2005-11,4종,829
104,지곡,2005-11,5종,2157
104,지곡,2005-11,6종,1189
105,기흥,2005-11,1종,1014995
105,기흥,2005-11,2종,88316
105,기흥,2005-11,3종,28983
105,기흥,2005-11,4종,19919
105,기흥,2005-11,5종,28796
105,기흥,2005-11,6종,39791
106,오산,2005-11,1종,1153816
106,오산,2005-11,2종,128374
106,오산,2005-11,3종,47726
106,오산,2005-11,4종,26224
106,오산,2005-11,5종,36114
106,오산,2005-11,6종,47241
107,안성,2005-11,1종,980637
107,안성,2005-11,2종,96192
107,안성,2005-11,3종,49621
107,안성,2005-11,4종,22638
107,안성,2005-11,5종,36157
107,안성,2005-11,6종,36409
108,천안,2005-11,1종,1186370
108,천안,2005-11,2종,89168
108,천안,2005-11,3종,69431
108,천안,2005-11,4종,26390
108,천안,2005-11,5종,34993
108,천안,2005-11,6종,40730
109,계룡,2005-11,1종,152183
109,계룡,2005-11,2종,16792
109,계룡,2005-11,3종,8389
109,계룡,2005-11,4종,10474
109,계룡,2005-11,5종,6320
109,계룡,2005-11,6종,7055
110,독립기념관,2005-11,1종,336622
110,독립기념관,2005-11,2종,48824
110,독립기념관,2005-11,3종,19173
110,독립기념관,2005-11,4종,19822
110,독립기념관,2005-11,5종,30303
110,독립기념관,2005-11,6종,9829
111,청주,2005-11,1종,519894
111,청주,2005-11,2종,43653
111,청주,2005-11,3종,40698
111,청주,2005-11,4종,12836
111,청주,2005-11,5종,21905
111,청주,2005-11,6종,16850
112,남청주,2005-11,1종,439999
112,남청주,2005-11,2종,55744
112,남청주,2005-11,3종,26951
112,남청주,2005-11,4종,28621
112,남청주,2005-11,5종,36299
112,남청주,2005-11,6종,14765
113,신탄진,2005-11,1종,510658
113,신탄진,2005-11,2종,70622
113,신탄진,2005-11,3종,19178
113,신탄진,2005-11,4종,35356
113,신탄진,2005-11,5종,42893
113,신탄진,2005-11,6종,17886
114,남대전,2005-11,1종,246820
114,남대전,2005-11,2종,14268
114,남대전,2005-11,3종,3559
114,남대전,2005-11,4종,3454
114,남대전,2005-11,5종,4661
114,남대전,2005-11,6종,10875
115,대전,2005-11,1종,1189743
115,대전,2005-11,2종,64486
115,대전,2005-11,3종,76108
115,대전,2005-11,4종,15589
115,대전,2005-11,5종,23739
115,대전,2005-11,6종,47042
116,옥천,2005-11,1종,342842
116,옥천,2005-11,2종,41656
116,옥천,2005-11,3종,11853
116,옥천,2005-11,4종,19228
116,옥천,2005-11,5종,13709
116,옥천,2005-11,6종,14648
117,금강,2005-11,1종,29341
117,금강,2005-11,2종,2532
117,금강,2005-11,3종,605
117,금강,2005-11,4종,1582
117,금강,2005-11,5종,3159
117,금강,2005-11,6종,1686
118,영동,2005-11,1종,107554
118,영동,2005-11,2종,13163
118,영동,2005-11,3종,4314
118,영동,2005-11,4종,3751
118,영동,2005-11,5종,11671
118,영동,2005-11,6종,3585
119,판암,2005-11,1종,325763
119,판암,2005-11,2종,17796
119,판암,2005-11,3종,4475
119,판암,2005-11,4종,8807
119,판암,2005-11,5종,9038
119,판암,2005-11,6종,15222
120,황간,2005-11,1종,67314
120,황간,2005-11,2종,6420
120,황간,2005-11,3종,2348
120,황간,2005-11,4종,1510
120,황간,2005-11,5종,3200
120,황간,2005-11,6종,2230
121,추풍령,2005-11,1종,50462
121,추풍령,2005-11,2종,4413
121,추풍령,2005-11,3종,1597
121,추풍령,2005-11,4종,2476
121,추풍령,2005-11,5종,3872
121,추풍령,2005-11,6종,2268
122,김천,2005-11,1종,264638
122,김천,2005-11,2종,26773
122,김천,2005-11,3종,12761
122,김천,2005-11,4종,8705
122,김천,2005-11,5종,18846
122,김천,2005-11,6종,8574
123,구미,2005-11,1종,741329
123,구미,2005-11,2종,36217
123,구미,2005-11,3종,23674
123,구미,2005-11,4종,13037
123,구미,2005-11,5종,13932
123,구미,2005-11,6종,31182
124,상주,2005-11,1종,178384
124,상주,2005-11,2종,15758
124,상주,2005-11,3종,7058
124,상주,2005-11,4종,5114
124,상주,2005-11,5종,5923
124,상주,2005-11,6종,6598
125,남구미,2005-11,1종,562178
125,남구미,2005-11,2종,43833
125,남구미,2005-11,3종,30484
125,남구미,2005-11,4종,20852
125,남구미,2005-11,5종,51937
125,남구미,2005-11,6종,25174
126,왜관,2005-11,1종,557457
126,왜관,2005-11,2종,61850
126,왜관,2005-11,3종,18845
126,왜관,2005-11,4종,15250
126,왜관,2005-11,5종,44161
126,왜관,2005-11,6종,23667
127,서대구,2005-11,1종,2228195
127,서대구,2005-11,2종,264278
127,서대구,2005-11,3종,112359
127,서대구,2005-11,4종,75407
127,서대구,2005-11,5종,147112
127,서대구,2005-11,6종,86722
129,북대구,2005-11,1종,1578013
129,북대구,2005-11,2종,94273
129,북대구,2005-11,3종,35797
129,북대구,2005-11,4종,18983
129,북대구,2005-11,5종,35318
129,북대구,2005-11,6종,60370
130,동김천,2005-11,1종,1071200
130,동김천,2005-11,2종,61012
130,동김천,2005-11,3종,41901
130,동김천,2005-11,4종,23306
130,동김천,2005-11,5종,32450
130,동김천,2005-11,6종,44478
131,경산,2005-11,1종,722611
131,경산,2005-11,2종,95628
131,경산,2005-11,3종,21424
131,경산,2005-11,4종,23199
131,경산,2005-11,5종,30394
131,경산,2005-11,6종,34158
132,영천,2005-11,1종,260938
132,영천,2005-11,2종,33879
132,영천,2005-11,3종,20281
132,영천,2005-11,4종,9492
132,영천,2005-11,5종,27077
132,영천,2005-11,6종,7741
133,서경주,2005-11,1종,110640
133,서경주,2005-11,2종,12934
133,서경주,2005-11,3종,5655
133,서경주,2005-11,4종,4956
133,서경주,2005-11,5종,16268
133,서경주,2005-11,6종,2966
134,선산,2005-11,1종,101902
134,선산,2005-11,2종,10599
134,선산,2005-11,3종,2079
134,선산,2005-11,4종,2354
134,선산,2005-11,5종,5317
134,선산,2005-11,6종,3529
135,경주,2005-11,1종,736453
135,경주,2005-11,2종,74994
135,경주,2005-11,3종,70070
135,경주,2005-11,4종,24187
135,경주,2005-11,5종,85540
135,경주,2005-11,6종,24331
137,통도사,2005-11,1종,317030
137,통도사,2005-11,2종,36336
137,통도사,2005-11,3종,17895
137,통도사,2005-11,4종,13117
137,통도사,2005-11,5종,18357
137,통도사,2005-11,6종,13706
138,양산,2005-11,1종,612335
138,양산,2005-11,2종,99374
138,양산,2005-11,3종,29265
138,양산,2005-11,4종,41918
138,양산,2005-11,5종,53059
138,양산,2005-11,6종,33803
139,서울산,2005-11,1종,370511
139,서울산,2005-11,2종,35431
139,서울산,2005-11,3종,22123
139,서울산,2005-11,4종,10968
139,서울산,2005-11,5종,19222
139,서울산,2005-11,6종,16215
140,부산,2005-11,1종,1346315
140,부산,2005-11,2종,98930
140,부산,2005-11,3종,59958
140,부산,2005-11,4종,39363
140,부산,2005-11,5종,95845
140,부산,2005-11,6종,65229
141,,2005-11,1종,862556
141,,2005-11,2종,91278
141,,2005-11,3종,54860
141,,2005-11,4종,47055
141,,2005-11,5종,127111
141,,2005-11,6종,33950
142,군북,2005-11,1종,255056
142,군북,2005-11,2종,18524
142,군북,2005-11,3종,7846
142,군북,2005-11,4종,9400
142,군북,2005-11,5종,19635
142,군북,2005-11,6종,12661
143,장지,2005-11,1종,77146
143,장지,2005-11,2종,7229
143,장지,2005-11,3종,7071
143,장지,2005-11,4종,4975
143,장지,2005-11,5종,22455
143,장지,2005-11,6종,3987
144,함안,2005-11,1종,324516
144,함안,2005-11,2종,24574
144,함안,2005-11,3종,10025
144,함안,2005-11,4종,6342
144,함안,2005-11,5종,15139
144,함안,2005-11,6종,20787
145,산인,2005-11,1종,654430
145,산인,2005-11,2종,39367
145,산인,2005-11,3종,45466
145,산인,2005-11,4종,23607
145,산인,2005-11,5종,39218
145,산인,2005-11,6종,37357
146,동창원,2005-11,1종,637975
146,동창원,2005-11,2종,58995
146,동창원,2005-11,3종,12310
146,동창원,2005-11,4종,13668
146,동창원,2005-11,5종,42384
146,동창원,2005-11,6종,36216
147,진례,2005-11,1종,522072
147,진례,2005-11,2종,92914
147,진례,2005-11,3종,11487
147,진례,2005-11,4종,22777
147,진례,2005-11,5종,34557
147,진례,2005-11,6종,28211
148,서김해,2005-11,1종,671773
148,서김해,2005-11,2종,55874
148,서김해,2005-11,3종,13321
148,서김해,2005-11,4종,13768
148,서김해,2005-11,5종,32909
148,서김해,2005-11,6종,43107
149,동김해,2005-11,1종,1109268
149,동김해,2005-11,2종,67533
149,동김해,2005-11,3종,19754
149,동김해,2005-11,4종,14936
149,동김해,2005-11,5종,28229
149,동김해,2005-11,6종,82503
150,북부산,2005-11,1종,2491184
150,북부산,2005-11,2종,170125
150,북부산,2005-11,3종,70452
150,북부산,2005-11,4종,49469
150,북부산,2005-11,5종,146826
150,북부산,2005-11,6종,149971
151,북대전,2005-11,1종,535781
151,북대전,2005-11,2종,23320
151,북대전,2005-11,3종,18197
151,북대전,2005-11,4종,10790
151,북대전,2005-11,5종,13465
151,북대전,2005-11,6종,21161
152,유성,2005-11,1종,888052
152,유성,2005-11,2종,52811
152,유성,2005-11,3종,32438
152,유성,2005-11,4종,14176
152,유성,2005-11,5종,21746
152,유성,2005-11,6종,34344
153,서대전,2005-11,1종,557444
153,서대전,2005-11,2종,35624
153,서대전,2005-11,3종,12824
153,서대전,2005-11,4종,9604
153,서대전,2005-11,5종,13926
153,서대전,2005-11,6종,25601
154,안영,2005-11,1종,360462
154,안영,2005-11,2종,19505
154,안영,2005-11,3종,7891
154,안영,2005-11,4종,6113
154,안영,2005-11,5종,14078
154,안영,2005-11,6종,15712
155,논산,2005-11,1종,216544
155,논산,2005-11,2종,33841
155,논산,2005-11,3종,13236
155,논산,2005-11,4종,10310
155,논산,2005-11,5종,12532
155,논산,2005-11,6종,6867
156,익산,2005-11,1종,282305
156,익산,2005-11,2종,40668
156,익산,2005-11,3종,24831
156,익산,2005-11,4종,15321
156,익산,2005-11,5종,34440
156,익산,2005-11,6종,6950
157,삼례,2005-11,1종,79595
157,삼례,2005-11,2종,10165
157,삼례,2005-11,3종,2409
157,삼례,2005-11,4종,3028
157,삼례,2005-11,5종,4542
157,삼례,2005-11,6종,2164
158,전주,2005-11,1종,580996
158,전주,2005-11,2종,46641
158,전주,2005-11,3종,43756
158,전주,2005-11,4종,14971
158,전주,2005-11,5종,34535
158,전주,2005-11,6종,14806
159,서전주,2005-11,1종,187529
159,서전주,2005-11,2종,12474
159,서전주,2005-11,3종,5632
159,서전주,2005-11,4종,2594
159,서전주,2005-11,5종,4040
159,서전주,2005-11,6종,5044
160,김제,2005-11,1종,115858
160,김제,2005-11,2종,9203
160,김제,2005-11,3종,7855
160,김제,2005-11,4종,2710
160,김제,2005-11,5종,3629
160,김제,2005-11,6종,2951
161,금산사,2005-11,1종,63956
161,금산사,2005-11,2종,10424
161,금산사,2005-11,3종,2771
161,금산사,2005-11,4종,2636
161,금산사,2005-11,5종,8684
161,금산사,2005-11,6종,1322
162,태인,2005-11,1종,104208
162,태인,2005-11,2종,14790
162,태인,2005-11,3종,7204
162,태인,2005-11,4종,4448
162,태인,2005-11,5종,11915
162,태인,2005-11,6종,2612
163,정읍,2005-11,1종,383336
163,정읍,2005-11,2종,41563
163,정읍,2005-11,3종,30886
163,정읍,2005-11,4종,9575
163,정읍,2005-11,5종,12348
163,정읍,2005-11,6종,10067
164,무주,2005-11,1종,129150
164,무주,2005-11,2종,5455
164,무주,2005-11,3종,5649
164,무주,2005-11,4종,1154
164,무주,2005-11,5종,3122
164,무주,2005-11,6종,3198
165,백양사,2005-11,1종,143294
165,백양사,2005-11,2종,7944
165,백양사,2005-11,3종,8558
165,백양사,2005-11,4종,2236
165,백양사,2005-11,5종,2621
165,백양사,2005-11,6종,3770
166,장성,2005-11,1종,194236
166,장성,2005-11,2종,17851
166,장성,2005-11,3종,11522
166,장성,2005-11,4종,5244
166,장성,2005-11,5종,9187
166,장성,2005-11,6종,7823
167,광주,2005-11,1종,1002341
167,광주,2005-11,2종,97820
167,광주,2005-11,3종,83554
167,광주,2005-11,4종,34212
167,광주,2005-11,5종,37563
167,광주,2005-11,6종,25511
168,덕유산,2005-11,1종,39367
168,덕유산,2005-11,2종,2442
168,덕유산,2005-11,3종,1553
168,덕유산,2005-11,4종,614
168,덕유산,2005-11,5종,2070
168,덕유산,2005-11,6종,953
169,장수,2005-11,1종,113562
169,장수,2005-11,2종,21549
169,장수,2005-11,3종,10051
169,장수,2005-11,4종,6725
169,장수,2005-11,5종,21579
169,장수,2005-11,6종,2577
170,서상,2005-11,1종,37372
170,서상,2005-11,2종,4488
170,서상,2005-11,3종,3248
170,서상,2005-11,4종,1130
170,서상,2005-11,5종,1625
170,서상,2005-11,6종,1318
171,마성,2005-11,1종,281499
171,마성,2005-11,2종,10181
171,마성,2005-11,3종,16948
171,마성,2005-11,4종,1060
171,마성,2005-11,5종,890
171,마성,2005-11,6종,11866
172,용인,2005-11,1종,770882
172,용인,2005-11,2종,82781
172,용인,2005-11,3종,18764
172,용인,2005-11,4종,14826
172,용인,2005-11,5종,14462
172,용인,2005-11,6종,36631
173,양지,2005-11,1종,633684
173,양지,2005-11,2종,120297
173,양지,2005-11,3종,28220
173,양지,2005-11,4종,27477
173,양지,2005-11,5종,38647
173,양지,2005-11,6종,22656
174,춘천,2005-11,1종,411992
174,춘천,2005-11,2종,23374
174,춘천,2005-11,3종,16057
174,춘천,2005-11,4종,5375
174,춘천,2005-11,5종,8520
174,춘천,2005-11,6종,19682
175,덕평,2005-11,1종,162690
175,덕평,2005-11,2종,21949
175,덕평,2005-11,3종,8928
175,덕평,2005-11,4종,5985
175,덕평,2005-11,5종,7040
175,덕평,2005-11,6종,6017
176,이천,2005-11,1종,541900
176,이천,2005-11,2종,56625
176,이천,2005-11,3종,26429
176,이천,2005-11,4종,19461
176,이천,2005-11,5종,29185
176,이천,2005-11,6종,18226
177,여주,2005-11,1종,392507
177,여주,2005-11,2종,32540
177,여주,2005-11,3종,19198
177,여주,2005-11,4종,10306
177,여주,2005-11,5종,21110
177,여주,2005-11,6종,12302
178,문막,2005-11,1종,240834
178,문막,2005-11,2종,32626
178,문막,2005-11,3종,12259
178,문막,2005-11,4종,7770
178,문막,2005-11,5종,16540
178,문막,2005-11,6종,7879
179,홍천,2005-11,1종,262498
179,홍천,2005-11,2종,16503
179,홍천,2005-11,3종,9291
179,홍천,2005-11,4종,4654
179,홍천,2005-11,5종,6117
179,홍천,2005-11,6종,12523
180,원주,2005-11,1종,245408
180,원주,2005-11,2종,24999
180,원주,2005-11,3종,29503
180,원주,2005-11,4종,8254
180,원주,2005-11,5종,12772
180,원주,2005-11,6종,9761
181,새말,2005-11,1종,151584
181,새말,2005-11,2종,13648
181,새말,2005-11,3종,6483
181,새말,2005-11,4종,2711
181,새말,2005-11,5종,5702
181,새말,2005-11,6종,4319
182,둔내,2005-11,1종,89695
182,둔내,2005-11,2종,7459
182,둔내,2005-11,3종,2707
182,둔내,2005-11,4종,1851
182,둔내,2005-11,5종,2909
182,둔내,2005-11,6종,3044
183,면온,2005-11,1종,84555
183,면온,2005-11,2종,2668
183,면온,2005-11,3종,2104
183,면온,2005-11,4종,1347
183,면온,2005-11,5종,1323
183,면온,2005-11,6종,2055
184,대관령,2005-11,1종,137256
184,대관령,2005-11,2종,7708
184,대관령,2005-11,3종,10977
184,대관령,2005-11,4종,2110
184,대관령,2005-11,5종,3272
184,대관령,2005-11,6종,4935
185,평창,2005-11,1종,107577
185,평창,2005-11,2종,8134
185,평창,2005-11,3종,10871
185,평창,2005-11,4종,1089
185,평창,2005-11,5종,2460
185,평창,2005-11,6종,3518
186,속사,2005-11,1종,32734
186,속사,2005-11,2종,3040
186,속사,2005-11,3종,730
186,속사,2005-11,4종,1334
186,속사,2005-11,5종,1124
186,속사,2005-11,6종,1201
187,진부,2005-11,1종,111093
187,진부,2005-11,2종,6788
187,진부,2005-11,3종,11232
187,진부,2005-11,4종,2391
187,진부,2005-11,5종,3434
187,진부,2005-11,6종,4043
189,강릉,2005-11,1종,464266
189,강릉,2005-11,2종,27358
189,강릉,2005-11,3종,38987
189,강릉,2005-11,4종,11233
189,강릉,2005-11,5종,12460
189,강릉,2005-11,6종,19503
190,동서울,2005-11,1종,3252414
190,동서울,2005-11,2종,281476
190,동서울,2005-11,3종,171367
190,동서울,2005-11,4종,48601
190,동서울,2005-11,5종,63644
190,동서울,2005-11,6종,96812
191,경기광주,2005-11,1종,686777
191,경기광주,2005-11,2종,57910
191,경기광주,2005-11,3종,20991
191,경기광주,2005-11,4종,7607
191,경기광주,2005-11,5종,8214
191,경기광주,2005-11,6종,30123
192,곤지암,2005-11,1종,732008
192,곤지암,2005-11,2종,91102
192,곤지암,2005-11,3종,17256
192,곤지암,2005-11,4종,15183
192,곤지암,2005-11,5종,18490
192,곤지암,2005-11,6종,24009
193,일죽,2005-11,1종,394551
193,일죽,2005-11,2종,61636
193,일죽,2005-11,3종,20346
193,일죽,2005-11,4종,14266
193,일죽,2005-11,5종,14777
193,일죽,2005-11,6종,11052
194,서이천,2005-11,1종,331934
194,서이천,2005-11,2종,51659
194,서이천,2005-11,3종,13883
194,서이천,2005-11,4종,8192
194,서이천,2005-11,5종,9632
194,서이천,2005-11,6종,11594
195,대소,2005-11,1종,295266
195,대소,2005-11,2종,55446
195,대소,2005-11,3종,12367
195,대소,2005-11,4종,12046
195,대소,2005-11,5종,13007
195,대소,2005-11,6종,8766
196,진천,2005-11,1종,218821
196,진천,2005-11,2종,30762
196,진천,2005-11,3종,9254
196,진천,2005-11,4종,7738
196,진천,2005-11,5종,12276
196,진천,2005-11,6종,6889
197,증평,2005-11,1종,302308
197,증평,2005-11,2종,38251
197,증평,2005-11,3종,12012
197,증평,2005-11,4종,9126
197,증평,2005-11,5종,20895
197,증평,2005-11,6종,9035
198,서청주,2005-11,1종,541385
198,서청주,2005-11,2종,51039
198,서청주,2005-11,3종,25701
198,서청주,2005-11,4종,18426
198,서청주,2005-11,5종,22033
198,서청주,2005-11,6종,19256
199,오창,2005-11,1종,292768
199,오창,2005-11,2종,27872
199,오창,2005-11,3종,12899
199,오창,2005-11,4종,7853
199,오창,2005-11,5종,10238
199,오창,2005-11,6종,8773
200,금산,2005-11,1종,190604
200,금산,2005-11,2종,9489
200,금산,2005-11,3종,5242
200,금산,2005-11,4종,2601
200,금산,2005-11,5종,7487
200,금산,2005-11,6종,6798
201,칠곡,2005-11,1종,502486
201,칠곡,2005-11,2종,27879
201,칠곡,2005-11,3종,13238
201,칠곡,2005-11,4종,3832
201,칠곡,2005-11,5종,7612
201,칠곡,2005-11,6종,25184
202,다부,2005-11,1종,86915
202,다부,2005-11,2종,8943
202,다부,2005-11,3종,2295
202,다부,2005-11,4종,2394
202,다부,2005-11,5종,5567
202,다부,2005-11,6종,3021
203,가산,2005-11,1종,379159
203,가산,2005-11,2종,26284
203,가산,2005-11,3종,6466
203,가산,2005-11,4종,5412
203,가산,2005-11,5종,12925
203,가산,2005-11,6종,14843
204,추부,2005-11,1종,267803
204,추부,2005-11,2종,20744
204,추부,2005-11,3종,9889
204,추부,2005-11,4종,4692
204,추부,2005-11,5종,9592
204,추부,2005-11,6종,11458
205,군위,2005-11,1종,110988
205,군위,2005-11,2종,9990
205,군위,2005-11,3종,1654
205,군위,2005-11,4종,1316
205,군위,2005-11,5종,2510
205,군위,2005-11,6종,3938
206,의성,2005-11,1종,156237
206,의성,2005-11,2종,10954
206,의성,2005-11,3종,3161
206,의성,2005-11,4종,1525
206,의성,2005-11,5종,4711
206,의성,2005-11,6종,5077
207,남안동,2005-11,1종,220974
207,남안동,2005-11,2종,14363
207,남안동,2005-11,3종,10827
207,남안동,2005-11,4종,2159
207,남안동,2005-11,5종,5967
207,남안동,2005-11,6종,7804
208,서안동,2005-11,1종,180952
208,서안동,2005-11,2종,13320
208,서안동,2005-11,3종,8356
208,서안동,2005-11,4종,1988
208,서안동,2005-11,5종,8536
208,서안동,2005-11,6종,5668
209,예천,2005-11,1종,35327
209,예천,2005-11,2종,2584
209,예천,2005-11,3종,581
209,예천,2005-11,4종,304
209,예천,2005-11,5종,4555
209,예천,2005-11,6종,1248
210,영주,2005-11,1종,127470
210,영주,2005-11,2종,9897
210,영주,2005-11,3종,5119
210,영주,2005-11,4종,1505
210,영주,2005-11,5종,7437
210,영주,2005-11,6종,4456
211,풍기,2005-11,1종,167976
211,풍기,2005-11,2종,11594
211,풍기,2005-11,3종,12480
211,풍기,2005-11,4종,1552
211,풍기,2005-11,5종,5637
211,풍기,2005-11,6종,5662
212,북수원,2005-11,1종,1336677
212,북수원,2005-11,2종,84133
212,북수원,2005-11,3종,46070
212,북수원,2005-11,4종,22841
212,북수원,2005-11,5종,26385
212,북수원,2005-11,6종,60561
213,부곡,2005-11,1종,268043
213,부곡,2005-11,2종,18207
213,부곡,2005-11,3종,10014
213,부곡,2005-11,4종,8942
213,부곡,2005-11,5종,73831
213,부곡,2005-11,6종,14834
214,동군포,2005-11,1종,142249
214,동군포,2005-11,2종,23999
214,동군포,2005-11,3종,6261
214,동군포,2005-11,4종,14037
214,동군포,2005-11,5종,7862
214,동군포,2005-11,6종,6647
215,군포,2005-11,1종,703033
215,군포,2005-11,2종,85099
215,군포,2005-11,3종,20670
215,군포,2005-11,4종,20884
215,군포,2005-11,5종,29788
215,군포,2005-11,6종,31623
216,횡성,2005-11,1종,119271
216,횡성,2005-11,2종,9434
216,횡성,2005-11,3종,3416
216,횡성,2005-11,4종,2113
216,횡성,2005-11,5종,4064
216,횡성,2005-11,6종,4704
217,북원주,2005-11,1종,61691
217,북원주,2005-11,2종,5671
217,북원주,2005-11,3종,844
217,북원주,2005-11,4종,1362
217,북원주,2005-11,5종,1380
217,북원주,2005-11,6종,3034
218,남원주,2005-11,1종,482943
218,남원주,2005-11,2종,30697
218,남원주,2005-11,3종,15122
218,남원주,2005-11,4종,5641
218,남원주,2005-11,5종,10308
218,남원주,2005-11,6종,18805
219,신림,2005-11,1종,82785
219,신림,2005-11,2종,5146
219,신림,2005-11,3종,2877
219,신림,2005-11,4종,1322
219,신림,2005-11,5종,15513
219,신림,2005-11,6종,2822
221,생초,2005-11,1종,47487
221,생초,2005-11,2종,7094
221,생초,2005-11,3종,3100
221,생초,2005-11,4종,3584
221,생초,2005-11,5종,6926
221,생초,2005-11,6종,1511
222,산청,2005-11,1종,43029
222,산청,2005-11,2종,2913
222,산청,2005-11,3종,1389
222,산청,2005-11,4종,765
222,산청,2005-11,5종,1505
222,산청,2005-11,6종,1597
223,단성,2005-11,1종,85400
223,단성,2005-11,2종,5053
223,단성,2005-11,3종,5025
223,단성,2005-11,4종,1642
223,단성,2005-11,5종,3817
223,단성,2005-11,6종,2874
224,함양,2005-11,1종,108433
224,함양,2005-11,2종,7505
224,함양,2005-11,3종,5794
224,함양,2005-11,4종,1148
224,함양,2005-11,5종,4788
224,함양,2005-11,6종,4854
225,서진주,2005-11,1종,281144
225,서진주,2005-11,2종,11269
225,서진주,2005-11,3종,5264
225,서진주,2005-11,4종,1838
225,서진주,2005-11,5종,5901
225,서진주,2005-11,6종,16388
227,군산,2005-11,1종,102459
227,군산,2005-11,2종,5588
227,군산,2005-11,3종,5884
227,군산,2005-11,4종,1407
227,군산,2005-11,5종,4222
227,군산,2005-11,6종,2897
228,동군산,2005-11,1종,304902
228,동군산,2005-11,2종,28831
228,동군산,2005-11,3종,11104
228,동군산,2005-11,4종,6970
228,동군산,2005-11,5종,27898
228,동군산,2005-11,6종,6915
231,화원옥포,2005-11,1종,1392706
231,화원옥포,2005-11,2종,181173
231,화원옥포,2005-11,3종,85215
231,화원옥포,2005-11,4종,50630
231,화원옥포,2005-11,5종,122403
231,화원옥포,2005-11,6종,53500
232,달성,2005-11,1종,226143
232,달성,2005-11,2종,30038
232,달성,2005-11,3종,12998
232,달성,2005-11,4종,5913
232,달성,2005-11,5종,6192
232,달성,2005-11,6종,14658
233,현풍,2005-11,1종,244359
233,현풍,2005-11,2종,33831
233,현풍,2005-11,3종,8540
233,현풍,2005-11,4종,8875
233,현풍,2005-11,5종,23427
233,현풍,2005-11,6종,9544
234,서천,2005-11,1종,116525
234,서천,2005-11,2종,13163
234,서천,2005-11,3종,2350
234,서천,2005-11,4종,5906
234,서천,2005-11,5종,14028
234,서천,2005-11,6종,3245
235,창녕,2005-11,1종,160664
235,창녕,2005-11,2종,10648
235,창녕,2005-11,3종,7883
235,창녕,2005-11,4종,1318
235,창녕,2005-11,5종,4218
235,창녕,2005-11,6종,6839
236,영산,2005-11,1종,157098
236,영산,2005-11,2종,13624
236,영산,2005-11,3종,7406
236,영산,2005-11,4종,2390
236,영산,2005-11,5종,3335
236,영산,2005-11,6종,6823
237,남지,2005-11,1종,146973
237,남지,2005-11,2종,18404
237,남지,2005-11,3종,11099
237,남지,2005-11,4종,5840
237,남지,2005-11,5종,22696
237,남지,2005-11,6종,8612
238,칠서,2005-11,1종,182315
238,칠서,2005-11,2종,29321
238,칠서,2005-11,3종,7526
238,칠서,2005-11,4종,17695
238,칠서,2005-11,5종,17936
238,칠서,2005-11,6종,10350
239,칠원,2005-11,1종,438548
239,칠원,2005-11,2종,41581
239,칠원,2005-11,3종,27453
239,칠원,2005-11,4종,22116
239,칠원,2005-11,5종,34598
239,칠원,2005-11,6종,22005
240,제천,2005-11,1종,330095
240,제천,2005-11,2종,23009
240,제천,2005-11,3종,17348
240,제천,2005-11,4종,4487
240,제천,2005-11,5종,20978
240,제천,2005-11,6종,10652
241,동고령,2005-11,1종,136489
241,동고령,2005-11,2종,14333
241,동고령,2005-11,3종,8894
241,동고령,2005-11,4종,2961
241,동고령,2005-11,5종,5752
241,동고령,2005-11,6종,5181
242,고령,2005-11,1종,131279
242,고령,2005-11,2종,12150
242,고령,2005-11,3종,3896
242,고령,2005-11,4종,2375
242,고령,2005-11,5종,5178
242,고령,2005-11,6종,5483
243,해인사,2005-11,1종,86417
243,해인사,2005-11,2종,4672
243,해인사,2005-11,3종,3622
243,해인사,2005-11,4종,992
243,해인사,2005-11,5종,768
243,해인사,2005-11,6종,4056
244,서부산,2005-11,1종,1909993
244,서부산,2005-11,2종,151218
244,서부산,2005-11,3종,84267
244,서부산,2005-11,4종,50537
244,서부산,2005-11,5종,162042
244,서부산,2005-11,6종,102891
245,장유,2005-11,1종,1327769
245,장유,2005-11,2종,82154
245,장유,2005-11,3종,35481
245,장유,2005-11,4종,18256
245,장유,2005-11,5종,54712
245,장유,2005-11,6종,91636
246,가락,2005-11,1종,425233
246,가락,2005-11,2종,42638
246,가락,2005-11,3종,9036
246,가락,2005-11,4종,15299
246,가락,2005-11,5종,28455
246,가락,2005-11,6종,23756
247,남원,2005-11,1종,157312
247,남원,2005-11,2종,14604
247,남원,2005-11,3종,10737
247,남원,2005-11,4종,3039
247,남원,2005-11,5종,8321
247,남원,2005-11,6종,4478
248,순창,2005-11,1종,76038
248,순창,2005-11,2종,4988
248,순창,2005-11,3종,5347
248,순창,2005-11,4종,1128
248,순창,2005-11,5종,2271
248,순창,2005-11,6종,2414
249,담양,2005-11,1종,94383
249,담양,2005-11,2종,6280
249,담양,2005-11,3종,12639
249,담양,2005-11,4종,1669
249,담양,2005-11,5종,4119
249,담양,2005-11,6종,2780
250,남양산,2005-11,1종,875111
250,남양산,2005-11,2종,92347
250,남양산,2005-11,3종,23825
250,남양산,2005-11,4종,28992
250,남양산,2005-11,5종,51774
250,남양산,2005-11,6종,56321
251,물금,2005-11,1종,175727
251,물금,2005-11,2종,37486
251,물금,2005-11,3종,7823
251,물금,2005-11,4종,21060
251,물금,2005-11,5종,114393
251,물금,2005-11,6종,8360
252,대동,2005-11,1종,1756648
252,대동,2005-11,2종,249227
252,대동,2005-11,3종,55650
252,대동,2005-11,4종,70345
252,대동,2005-11,5종,218548
252,대동,2005-11,6종,80434
253,서서울,2005-11,1종,4149700
253,서서울,2005-11,2종,344659
253,서서울,2005-11,3종,97618
253,서서울,2005-11,4종,90424
253,서서울,2005-11,5종,120341
253,서서울,2005-11,6종,160012
254,군자,2005-11,1종,2585233
254,군자,2005-11,2종,274266
254,군자,2005-11,3종,78950
254,군자,2005-11,4종,73473
254,군자,2005-11,5종,249600
254,군자,2005-11,6종,119142
255,서안산,2005-11,1종,1025562
255,서안산,2005-11,2종,122179
255,서안산,2005-11,3종,16719
255,서안산,2005-11,4종,28838
255,서안산,2005-11,5종,49195
255,서안산,2005-11,6종,50555
256,안산,2005-11,1종,1069725
256,안산,2005-11,2종,42989
256,안산,2005-11,3종,11208
256,안산,2005-11,4종,6043
256,안산,2005-11,5종,9272
256,안산,2005-11,6종,57487
257,홍성,2005-11,1종,262752
257,홍성,2005-11,2종,16984
257,홍성,2005-11,3종,9228
257,홍성,2005-11,4종,1857
257,홍성,2005-11,5종,6594
257,홍성,2005-11,6종,5949
258,광천,2005-11,1종,124795
258,광천,2005-11,2종,13723
258,광천,2005-11,3종,3825
258,광천,2005-11,4종,1806
258,광천,2005-11,5종,9011
258,광천,2005-11,6종,2761
259,대천,2005-11,1종,226882
259,대천,2005-11,2종,14502
259,대천,2005-11,3종,6402
259,대천,2005-11,4종,2343
259,대천,2005-11,5종,3407
259,대천,2005-11,6종,6516
260,춘장대,2005-11,1종,38465
260,춘장대,2005-11,2종,2795
260,춘장대,2005-11,3종,599
260,춘장대,2005-11,4종,340
260,춘장대,2005-11,5종,1322
260,춘장대,2005-11,6종,953
261,동광주,2005-11,1종,958049
261,동광주,2005-11,2종,65878
261,동광주,2005-11,3종,61017
261,동광주,2005-11,4종,24186
261,동광주,2005-11,5종,49891
261,동광주,2005-11,6종,27965
262,창평,2005-11,1종,62466
262,창평,2005-11,2종,4402
262,창평,2005-11,3종,1057
262,창평,2005-11,4종,3653
262,창평,2005-11,5종,2191
262,창평,2005-11,6종,2020
263,옥과,2005-11,1종,169328
263,옥과,2005-11,2종,8644
263,옥과,2005-11,3종,11911
263,옥과,2005-11,4종,4667
263,옥과,2005-11,5종,7289
263,옥과,2005-11,6종,5815
264,동남원,2005-11,1종,42520
264,동남원,2005-11,2종,3422
264,동남원,2005-11,3종,2069
264,동남원,2005-11,4종,903
264,동남원,2005-11,5종,3445
264,동남원,2005-11,6종,1175
265,곡성,2005-11,1종,134931
265,곡성,2005-11,2종,7928
265,곡성,2005-11,3종,4178
265,곡성,2005-11,4종,3658
265,곡성,2005-11,5종,7233
265,곡성,2005-11,6종,4197
266,석곡,2005-11,1종,45486
266,석곡,2005-11,2종,2554
266,석곡,2005-11,3종,2303
266,석곡,2005-11,4종,352
266,석곡,2005-11,5종,870
266,석곡,2005-11,6종,1473
267,주암송광사,2005-11,1종,134194
267,주암송광사,2005-11,2종,8894
267,주암송광사,2005-11,3종,4610
267,주암송광사,2005-11,4종,3806
267,주암송광사,2005-11,5종,8851
267,주암송광사,2005-11,6종,3999
268,승주,2005-11,1종,53338
268,승주,2005-11,2종,2437
268,승주,2005-11,3종,2386
268,승주,2005-11,4종,985
268,승주,2005-11,5종,1171
268,승주,2005-11,6종,2024
269,지리산,2005-11,1종,56691
269,지리산,2005-11,2종,4421
269,지리산,2005-11,3종,3612
269,지리산,2005-11,4종,936
269,지리산,2005-11,5종,612
269,지리산,2005-11,6종,1629
270,서순천,2005-11,1종,173413
270,서순천,2005-11,2종,10768
270,서순천,2005-11,3종,11166
270,서순천,2005-11,4종,3442
270,서순천,2005-11,5종,18251
270,서순천,2005-11,6종,6053
271,순천,2005-11,1종,481460
271,순천,2005-11,2종,30296
271,순천,2005-11,3종,16275
271,순천,2005-11,4종,8717
271,순천,2005-11,5종,26935
271,순천,2005-11,6종,16545
272,광양,2005-11,1종,188735
272,광양,2005-11,2종,23477
272,광양,2005-11,3종,13545
272,광양,2005-11,4종,14237
272,광양,2005-11,5종,58817
272,광양,2005-11,6종,5693
273,동광양,2005-11,1종,110248
273,동광양,2005-11,2종,4606
273,동광양,2005-11,3종,2106
273,동광양,2005-11,4종,1608
273,동광양,2005-11,5종,33919
273,동광양,2005-11,6종,5811
274,가조,2005-11,1종,60826
274,가조,2005-11,2종,4081
274,가조,2005-11,3종,2589
274,가조,2005-11,4종,988
274,가조,2005-11,5종,693
274,가조,2005-11,6종,3481
275,옥곡,2005-11,1종,99634
275,옥곡,2005-11,2종,4591
275,옥곡,2005-11,3종,3810
275,옥곡,2005-11,4종,916
275,옥곡,2005-11,5종,4864
275,옥곡,2005-11,6종,4156
276,진월,2005-11,1종,77146
276,진월,2005-11,2종,3741
276,진월,2005-11,3종,1760
276,진월,2005-11,4종,2872
276,진월,2005-11,5종,47680
276,진월,2005-11,6종,2604
277,하동,2005-11,1종,181025
277,하동,2005-11,2종,8953
277,하동,2005-11,3종,8575
277,하동,2005-11,4종,3033
277,하동,2005-11,5종,47715
277,하동,2005-11,6종,7538
278,진교,2005-11,1종,174337
278,진교,2005-11,2종,10371
278,진교,2005-11,3종,13312
278,진교,2005-11,4종,1400
278,진교,2005-11,5종,3528
278,진교,2005-11,6종,9789
279,곤양,2005-11,1종,129652
279,곤양,2005-11,2종,7882
279,곤양,2005-11,3종,5448
279,곤양,2005-11,4종,3192
279,곤양,2005-11,5종,4777
279,곤양,2005-11,6종,7368
280,거창,2005-11,1종,179918
280,거창,2005-11,2종,14407
280,거창,2005-11,3종,12756
280,거창,2005-11,4종,3107
280,거창,2005-11,5종,6200
280,거창,2005-11,6종,8486
281,매송,2005-11,1종,542595
281,매송,2005-11,2종,59388
281,매송,2005-11,3종,18120
281,매송,2005-11,4종,15872
281,매송,2005-11,5종,28279
281,매송,2005-11,6종,20403
282,비봉,2005-11,1종,657969
282,비봉,2005-11,2종,72909
282,비봉,2005-11,3종,14038
282,비봉,2005-11,4종,16456
282,비봉,2005-11,5종,42866
282,비봉,2005-11,6종,22662
283,발안,2005-11,1종,468239
283,발안,2005-11,2종,57057
283,발안,2005-11,3종,8654
283,발안,2005-11,4종,13104
283,발안,2005-11,5종,29901
283,발안,2005-11,6종,14601
284,남양양,2005-11,1종,198165
284,남양양,2005-11,2종,8282
284,남양양,2005-11,3종,10463
284,남양양,2005-11,4종,3306
284,남양양,2005-11,5종,7382
284,남양양,2005-11,6종,4849
285,서평택,2005-11,1종,654254
285,서평택,2005-11,2종,73335
285,서평택,2005-11,3종,17478
285,서평택,2005-11,4종,42308
285,서평택,2005-11,5종,95752
285,서평택,2005-11,6종,19979
287,송악,2005-11,1종,397684
287,송악,2005-11,2종,39331
287,송악,2005-11,3종,11377
287,송악,2005-11,4종,14579
287,송악,2005-11,5종,61793
287,송악,2005-11,6종,10078
288,당진,2005-11,1종,324260
288,당진,2005-11,2종,26508
288,당진,2005-11,3종,10789
288,당진,2005-11,4종,6869
288,당진,2005-11,5종,26591
288,당진,2005-11,6종,8227
289,마산,2005-11,1종,950393
289,마산,2005-11,2종,65132
289,마산,2005-11,3종,40887
289,마산,2005-11,4종,17270
289,마산,2005-11,5종,28856
289,마산,2005-11,6종,53574
290,축동,2005-11,1종,29277
290,축동,2005-11,2종,2652
290,축동,2005-11,3종,329
290,축동,2005-11,4종,1273
290,축동,2005-11,5종,1854
290,축동,2005-11,6종,1989
291,사천,2005-11,1종,651255
291,사천,2005-11,2종,46933
291,사천,2005-11,3종,27764
291,사천,2005-11,4종,9628
291,사천,2005-11,5종,30429
291,사천,2005-11,6종,34621
292,진주,2005-11,1종,544580
292,진주,2005-11,2종,37201
292,진주,2005-11,3종,33961
292,진주,2005-11,4종,9291
292,진주,2005-11,5종,27118
292,진주,2005-11,6종,32939
293,문산,2005-11,1종,202167
293,문산,2005-11,2종,19545
293,문산,2005-11,3종,3195
293,문산,2005-11,4종,4144
293,문산,2005-11,5종,10974
293,문산,2005-11,6종,9854
294,북창원,2005-11,1종,261673
294,북창원,2005-11,2종,17547
294,북창원,2005-11,3종,3185
294,북창원,2005-11,4종,5527
294,북창원,2005-11,5종,6718
294,북창원,2005-11,6종,11985
295,진성,2005-11,1종,138502
295,진성,2005-11,2종,13629
295,진성,2005-11,3종,7874
295,진성,2005-11,4종,3582
295,진성,2005-11,5종,12562
295,진성,2005-11,6종,6630
296,지수,2005-11,1종,51474
296,지수,2005-11,2종,6004
296,지수,2005-11,3종,1385
296,지수,2005-11,4종,945
296,지수,2005-11,5종,1892
296,지수,2005-11,6종,2520
298,서산,2005-11,1종,305582
298,서산,2005-11,2종,22757
298,서산,2005-11,3종,11409
298,서산,2005-11,4종,6732
298,서산,2005-11,5종,14333
298,서산,2005-11,6종,7599
299,해미,2005-11,1종,154203
299,해미,2005-11,2종,11904
299,해미,2005-11,3종,7276
299,해미,2005-11,4종,3264
299,해미,2005-11,5종,11082
299,해미,2005-11,6종,4221
501,서김제,2005-11,1종,66399
501,서김제,2005-11,2종,6901
501,서김제,2005-11,3종,1972
501,서김제,2005-11,4종,1263
501,서김제,2005-11,5종,3373
501,서김제,2005-11,6종,1460
502,부안,2005-11,1종,96351
502,부안,2005-11,2종,10517
502,부안,2005-11,3종,3474
502,부안,2005-11,4종,3269
502,부안,2005-11,5종,7896
502,부안,2005-11,6종,2032
503,줄포,2005-11,1종,57946
503,줄포,2005-11,2종,4539
503,줄포,2005-11,3종,2913
503,줄포,2005-11,4종,421
503,줄포,2005-11,5종,1009
503,줄포,2005-11,6종,1158
504,선운산,2005-11,1종,86096
504,선운산,2005-11,2종,11238
504,선운산,2005-11,3종,9709
504,선운산,2005-11,4종,2184
504,선운산,2005-11,5종,4967
504,선운산,2005-11,6종,1597
505,고창,2005-11,1종,81779
505,고창,2005-11,2종,8679
505,고창,2005-11,3종,2603
505,고창,2005-11,4종,1065
505,고창,2005-11,5종,2245
505,고창,2005-11,6종,1729
506,영광,2005-11,1종,64562
506,영광,2005-11,2종,7326
506,영광,2005-11,3종,4377
506,영광,2005-11,4종,800
506,영광,2005-11,5종,1156
506,영광,2005-11,6종,1420
507,함평,2005-11,1종,58311
507,함평,2005-11,2종,11081
507,함평,2005-11,3종,2684
507,함평,2005-11,4종,1252
507,함평,2005-11,5종,4651
507,함평,2005-11,6종,1279
508,무안,2005-11,1종,303758
508,무안,2005-11,2종,23993
508,무안,2005-11,3종,12474
508,무안,2005-11,4종,4321
508,무안,2005-11,5종,15966
508,무안,2005-11,6종,6865
509,목포,2005-11,1종,444212
509,목포,2005-11,2종,38725
509,목포,2005-11,3종,22903
509,목포,2005-11,4종,7036
509,목포,2005-11,5종,26256
509,목포,2005-11,6종,9616
511,무창포,2005-11,1종,43670
511,무창포,2005-11,2종,4844
511,무창포,2005-11,3종,679
511,무창포,2005-11,4종,493
511,무창포,2005-11,5종,3288
511,무창포,2005-11,6종,1041
521,단양,2005-11,1종,64537
521,단양,2005-11,2종,3725
521,단양,2005-11,3종,4704
521,단양,2005-11,4종,651
521,단양,2005-11,5종,8090
521,단양,2005-11,6종,2337
522,북단양,2005-11,1종,67731
522,북단양,2005-11,2종,4819
522,북단양,2005-11,3종,3342
522,북단양,2005-11,4종,1612
522,북단양,2005-11,5종,20663
522,북단양,2005-11,6종,2061
523,남제천,2005-11,1종,46267
523,남제천,2005-11,2종,2570
523,남제천,2005-11,3종,1924
523,남제천,2005-11,4종,349
523,남제천,2005-11,5종,1102
523,남제천,2005-11,6종,1218
524,청통와촌,2005-11,1종,169181
524,청통와촌,2005-11,2종,15828
524,청통와촌,2005-11,3종,4013
524,청통와촌,2005-11,4종,2519
524,청통와촌,2005-11,5종,5268
524,청통와촌,2005-11,6종,6238
525,북영천,2005-11,1종,138638
525,북영천,2005-11,2종,13306
525,북영천,2005-11,3종,3189
525,북영천,2005-11,4종,3316
525,북영천,2005-11,5종,18971
525,북영천,2005-11,6종,4194
526,서포항,2005-11,1종,72652
526,서포항,2005-11,2종,3927
526,서포항,2005-11,3종,1493
526,서포항,2005-11,4종,830
526,서포항,2005-11,5종,1948
526,서포항,2005-11,6종,2798
527,포항,2005-11,1종,466732
527,포항,2005-11,2종,18484
527,포항,2005-11,3종,15112
527,포항,2005-11,4종,3678
527,포항,2005-11,5종,23054
527,포항,2005-11,6종,15692
529,노포,2005-11,1종,54460
529,노포,2005-11,2종,3536
529,노포,2005-11,3종,17385
529,노포,2005-11,4종,1070
529,노포,2005-11,5종,822
529,노포,2005-11,6종,2100
530,내장산,2005-11,1종,86655
530,내장산,2005-11,2종,3343
530,내장산,2005-11,3종,4521
530,내장산,2005-11,4종,518
530,내장산,2005-11,5종,870
530,내장산,2005-11,6종,2167
540,청북,2005-11,1종,306237
540,청북,2005-11,2종,59850
540,청북,2005-11,3종,11360
540,청북,2005-11,4종,17776
540,청북,2005-11,5종,35846
540,청북,2005-11,6종,8560
541,송탄,2005-11,1종,326725
541,송탄,2005-11,2종,37483
541,송탄,2005-11,3종,9088
541,송탄,2005-11,4종,9363
541,송탄,2005-11,5종,17650
541,송탄,2005-11,6종,11191
542,서안성,2005-11,1종,209903
542,서안성,2005-11,2종,38836
542,서안성,2005-11,3종,8764
542,서안성,2005-11,4종,10224
542,서안성,2005-11,5종,20269
542,서안성,2005-11,6종,6233
560,감곡,2005-11,1종,245560
560,감곡,2005-11,2종,23433
560,감곡,2005-11,3종,11923
560,감곡,2005-11,4종,5894
560,감곡,2005-11,5종,34919
560,감곡,2005-11,6종,5638
561,북충주,2005-11,1종,59998
561,북충주,2005-11,2종,4183
561,북충주,2005-11,3종,1141
561,북충주,2005-11,4종,676
561,북충주,2005-11,5종,1306
561,북충주,2005-11,6종,1697
562,충주,2005-11,1종,195203
562,충주,2005-11,2종,19832
562,충주,2005-11,3종,13520
562,충주,2005-11,4종,8063
562,충주,2005-11,5종,12403
562,충주,2005-11,6종,6094
563,괴산,2005-11,1종,48258
563,괴산,2005-11,2종,2080
563,괴산,2005-11,3종,1740
563,괴산,2005-11,4종,362
563,괴산,2005-11,5종,445
563,괴산,2005-11,6종,1126
564,연풍,2005-11,1종,56214
564,연풍,2005-11,2종,17022
564,연풍,2005-11,3종,6302
564,연풍,2005-11,4종,5363
564,연풍,2005-11,5종,8365
564,연풍,2005-11,6종,1313
565,문경새재,2005-11,1종,102001
565,문경새재,2005-11,2종,12850
565,문경새재,2005-11,3종,7174
565,문경새재,2005-11,4종,3009
565,문경새재,2005-11,5종,5439
565,문경새재,2005-11,6종,2786
566,점촌함창,2005-11,1종,132579
566,점촌함창,2005-11,2종,9702
566,점촌함창,2005-11,3종,7061
566,점촌함창,2005-11,4종,2571
566,점촌함창,2005-11,5종,6125
566,점촌함창,2005-11,6종,3987
570,북상주,2005-11,1종,106157
570,북상주,2005-11,2종,10203
570,북상주,2005-11,3종,4182
570,북상주,2005-11,4종,2462
570,북상주,2005-11,5종,5189
570,북상주,2005-11,6종,3287
580,북강릉,2005-11,1종,104440
580,북강릉,2005-11,2종,6321
580,북강릉,2005-11,3종,2727
580,북강릉,2005-11,4종,1871
580,북강릉,2005-11,5종,6214
580,북강릉,2005-11,6종,3264
581,옥계,2005-11,1종,70572
581,옥계,2005-11,2종,4239
581,옥계,2005-11,3종,2075
581,옥계,2005-11,4종,5496
581,옥계,2005-11,5종,8743
581,옥계,2005-11,6종,3699
582,망상,2005-11,1종,77583
582,망상,2005-11,2종,4507
582,망상,2005-11,3종,10877
582,망상,2005-11,4종,1426
582,망상,2005-11,5종,1360
582,망상,2005-11,6종,3334
583,동해,2005-11,1종,258608
583,동해,2005-11,2종,14906
583,동해,2005-11,3종,9452
583,동해,2005-11,4종,5511
583,동해,2005-11,5종,14640
583,동해,2005-11,6종,10475
601,남천안,2005-11,1종,235615
601,남천안,2005-11,2종,53987
601,남천안,2005-11,3종,13583
601,남천안,2005-11,4종,15580
601,남천안,2005-11,5종,25261
601,남천안,2005-11,6종,5858
602,풍세상,2005-11,1종,733919
602,풍세상,2005-11,2종,70710
602,풍세상,2005-11,3종,102548
602,풍세상,2005-11,4종,24927
602,풍세상,2005-11,5종,45498
602,풍세상,2005-11,6종,16794
603,정안,2005-11,1종,140903
603,정안,2005-11,2종,22334
603,정안,2005-11,3종,13152
603,정안,2005-11,4종,7268
603,정안,2005-11,5종,9853
603,정안,2005-11,6종,3667
604,남공주,2005-11,1종,34909
604,남공주,2005-11,2종,2835
604,남공주,2005-11,3종,809
604,남공주,2005-11,4종,883
604,남공주,2005-11,5종,1018
604,남공주,2005-11,6종,847
605,탄천,2005-11,1종,26778
605,탄천,2005-11,2종,2398
605,탄천,2005-11,3종,771
605,탄천,2005-11,4종,395
605,탄천,2005-11,5종,933
605,탄천,2005-11,6종,690
606,서논산,2005-11,1종,76814
606,서논산,2005-11,2종,10923
606,서논산,2005-11,3종,4894
606,서논산,2005-11,4종,3840
606,서논산,2005-11,5종,6384
606,서논산,2005-11,6종,2080
607,연무,2005-11,1종,56945
607,연무,2005-11,2종,4059
607,연무,2005-11,3종,6697
607,연무,2005-11,4종,893
607,연무,2005-11,5종,1535
607,연무,2005-11,6종,1399
608,남논산하,2005-11,1종,541124
608,남논산하,2005-11,2종,50312
608,남논산하,2005-11,3종,86900
608,남논산하,2005-11,4종,18206
608,남논산하,2005-11,5종,31749
608,남논산하,2005-11,6종,11238
11,인천,2005-12,1종,3247634
11,인천,2005-12,2종,174372
11,인천,2005-12,3종,45080
11,인천,2005-12,4종,52328
11,인천,2005-12,5종,113270
11,인천,2005-12,6종,193682
53,남인천,2005-12,1종,1748617
53,남인천,2005-12,2종,86550
53,남인천,2005-12,3종,28296
53,남인천,2005-12,4종,23737
53,남인천,2005-12,5종,71455
53,남인천,2005-12,6종,88601
56,일로,2005-12,1종,24629
56,일로,2005-12,2종,1271
56,일로,2005-12,3종,148
56,일로,2005-12,4종,206
56,일로,2005-12,5종,273
56,일로,2005-12,6종,977
61,성남,2005-12,1종,3057703
61,성남,2005-12,2종,223810
61,성남,2005-12,3종,85585
61,성남,2005-12,4종,45062
61,성남,2005-12,5종,64118
61,성남,2005-12,6종,129524
62,구리남양주,2005-12,1종,3675524
62,구리남양주,2005-12,2종,277281
62,구리남양주,2005-12,3종,77193
62,구리남양주,2005-12,4종,70130
62,구리남양주,2005-12,5종,76812
62,구리남양주,2005-12,6종,159115
63,토평,2005-12,1종,452181
63,토평,2005-12,2종,24785
63,토평,2005-12,3종,2415
63,토평,2005-12,4종,5852
63,토평,2005-12,5종,21591
63,토평,2005-12,6종,20099
64,청계,2005-12,1종,4093840
64,청계,2005-12,2종,239698
64,청계,2005-12,3종,82647
64,청계,2005-12,4종,33935
64,청계,2005-12,5종,68726
64,청계,2005-12,6종,184514
65,판교,2005-12,1종,2584847
65,판교,2005-12,2종,58246
65,판교,2005-12,3종,109120
65,판교,2005-12,4종,24054
65,판교,2005-12,5종,10624
65,판교,2005-12,6종,86760
66,하남,2005-12,1종,570680
66,하남,2005-12,2종,34535
66,하남,2005-12,3종,12719
66,하남,2005-12,4종,8803
66,하남,2005-12,5종,22816
66,하남,2005-12,6종,22121
67,시흥,2005-12,1종,3392969
67,시흥,2005-12,2종,222074
67,시흥,2005-12,3종,81821
67,시흥,2005-12,4종,53359
67,시흥,2005-12,5종,57194
67,시흥,2005-12,6종,149486
68,김포,2005-12,1종,3454774
68,김포,2005-12,2종,245888
68,김포,2005-12,3종,46765
68,김포,2005-12,4종,45698
68,김포,2005-12,5종,91422
68,김포,2005-12,6종,158105
91,대동(개),2005-12,1종,176430
91,대동(개),2005-12,2종,22243
91,대동(개),2005-12,3종,1687
91,대동(개),2005-12,4종,28049
91,대동(개),2005-12,5종,22111
91,대동(개),2005-12,6종,10426
92,내서,2005-12,1종,181459
92,내서,2005-12,2종,9581
92,내서,2005-12,3종,5236
92,내서,2005-12,4종,3344
92,내서,2005-12,5종,6773
92,내서,2005-12,6종,52545
101,서울,2005-12,1종,4944643
101,서울,2005-12,2종,301749
101,서울,2005-12,3종,372310
101,서울,2005-12,4종,62886
101,서울,2005-12,5종,54502
101,서울,2005-12,6종,172525
102,동수원,2005-12,1종,2021326
102,동수원,2005-12,2종,71499
102,동수원,2005-12,3종,65523
102,동수원,2005-12,4종,17786
102,동수원,2005-12,5종,19008
102,동수원,2005-12,6종,88988
103,수원신갈,2005-12,1종,2103363
103,수원신갈,2005-12,2종,142122
103,수원신갈,2005-12,3종,86088
103,수원신갈,2005-12,4종,31674
103,수원신갈,2005-12,5종,28064
103,수원신갈,2005-12,6종,98588
104,지곡,2005-12,1종,27266
104,지곡,2005-12,2종,2845
104,지곡,2005-12,3종,786
104,지곡,2005-12,4종,744
104,지곡,2005-12,5종,1413
104,지곡,2005-12,6종,950
105,기흥,2005-12,1종,912926
105,기흥,2005-12,2종,86280
105,기흥,2005-12,3종,29558
105,기흥,2005-12,4종,19535
105,기흥,2005-12,5종,29271
105,기흥,2005-12,6종,37744
106,오산,2005-12,1종,1101476
106,오산,2005-12,2종,121816
106,오산,2005-12,3종,47119
106,오산,2005-12,4종,26042
106,오산,2005-12,5종,34519
106,오산,2005-12,6종,45085
107,안성,2005-12,1종,891747
107,안성,2005-12,2종,92130
107,안성,2005-12,3종,45319
107,안성,2005-12,4종,22189
107,안성,2005-12,5종,35580
107,안성,2005-12,6종,33154
108,천안,2005-12,1종,1112534
108,천안,2005-12,2종,87858
108,천안,2005-12,3종,65891
108,천안,2005-12,4종,27936
108,천안,2005-12,5종,37101
108,천안,2005-12,6종,35811
109,계룡,2005-12,1종,151239
109,계룡,2005-12,2종,16909
109,계룡,2005-12,3종,8849
109,계룡,2005-12,4종,11064
109,계룡,2005-12,5종,4305
109,계룡,2005-12,6종,7067
110,독립기념관,2005-12,1종,292270
110,독립기념관,2005-12,2종,47773
110,독립기념관,2005-12,3종,17196
110,독립기념관,2005-12,4종,20962
110,독립기념관,2005-12,5종,30246
110,독립기념관,2005-12,6종,8491
111,청주,2005-12,1종,497173
111,청주,2005-12,2종,42307
111,청주,2005-12,3종,40708
111,청주,2005-12,4종,13695
111,청주,2005-12,5종,20619
111,청주,2005-12,6종,15424
112,남청주,2005-12,1종,394174
112,남청주,2005-12,2종,51988
112,남청주,2005-12,3종,23007
112,남청주,2005-12,4종,27792
112,남청주,2005-12,5종,32362
112,남청주,2005-12,6종,12009
113,신탄진,2005-12,1종,474603
113,신탄진,2005-12,2종,69068
113,신탄진,2005-12,3종,18126
113,신탄진,2005-12,4종,35673
113,신탄진,2005-12,5종,41238
113,신탄진,2005-12,6종,16251
114,남대전,2005-12,1종,237245
114,남대전,2005-12,2종,12488
114,남대전,2005-12,3종,3515
114,남대전,2005-12,4종,2822
114,남대전,2005-12,5종,3871
114,남대전,2005-12,6종,9874
115,대전,2005-12,1종,1118627
115,대전,2005-12,2종,63944
115,대전,2005-12,3종,75012
115,대전,2005-12,4종,15816
115,대전,2005-12,5종,22800
115,대전,2005-12,6종,41982
116,옥천,2005-12,1종,313700
116,옥천,2005-12,2종,38841
116,옥천,2005-12,3종,9597
116,옥천,2005-12,4종,19023
116,옥천,2005-12,5종,13062
116,옥천,2005-12,6종,13272
117,금강,2005-12,1종,22765
117,금강,2005-12,2종,2293
117,금강,2005-12,3종,494
117,금강,2005-12,4종,1634
117,금강,2005-12,5종,2271
117,금강,2005-12,6종,1239
118,영동,2005-12,1종,92715
118,영동,2005-12,2종,11272
118,영동,2005-12,3종,3632
118,영동,2005-12,4종,4239
118,영동,2005-12,5종,10342
118,영동,2005-12,6종,2855
119,판암,2005-12,1종,290428
119,판암,2005-12,2종,15554
119,판암,2005-12,3종,3761
119,판암,2005-12,4종,7576
119,판암,2005-12,5종,6963
119,판암,2005-12,6종,12808
120,황간,2005-12,1종,56827
120,황간,2005-12,2종,5706
120,황간,2005-12,3종,1841
120,황간,2005-12,4종,2312
120,황간,2005-12,5종,3231
120,황간,2005-12,6종,1906
121,추풍령,2005-12,1종,40957
121,추풍령,2005-12,2종,3520
121,추풍령,2005-12,3종,1127
121,추풍령,2005-12,4종,1759
121,추풍령,2005-12,5종,2651
121,추풍령,2005-12,6종,1790
122,김천,2005-12,1종,246119
122,김천,2005-12,2종,24588
122,김천,2005-12,3종,11771
122,김천,2005-12,4종,8708
122,김천,2005-12,5종,15375
122,김천,2005-12,6종,8526
123,구미,2005-12,1종,737923
123,구미,2005-12,2종,33216
123,구미,2005-12,3종,22504
123,구미,2005-12,4종,13490
123,구미,2005-12,5종,12950
123,구미,2005-12,6종,30670
124,상주,2005-12,1종,151720
124,상주,2005-12,2종,15876
124,상주,2005-12,3종,6934
124,상주,2005-12,4종,5953
124,상주,2005-12,5종,6011
124,상주,2005-12,6종,5852
125,남구미,2005-12,1종,557564
125,남구미,2005-12,2종,44453
125,남구미,2005-12,3종,29531
125,남구미,2005-12,4종,21424
125,남구미,2005-12,5종,51904
125,남구미,2005-12,6종,24695
126,왜관,2005-12,1종,542150
126,왜관,2005-12,2종,60084
126,왜관,2005-12,3종,17817
126,왜관,2005-12,4종,15271
126,왜관,2005-12,5종,38577
126,왜관,2005-12,6종,23717
127,서대구,2005-12,1종,2149652
127,서대구,2005-12,2종,260010
127,서대구,2005-12,3종,106632
127,서대구,2005-12,4종,79247
127,서대구,2005-12,5종,149586
127,서대구,2005-12,6종,84007
129,북대구,2005-12,1종,1540774
129,북대구,2005-12,2종,90970
129,북대구,2005-12,3종,33383
129,북대구,2005-12,4종,18776
129,북대구,2005-12,5종,32359
129,북대구,2005-12,6종,59625
130,동김천,2005-12,1종,1080196
130,동김천,2005-12,2종,60421
130,동김천,2005-12,3종,40442
130,동김천,2005-12,4종,24128
130,동김천,2005-12,5종,32454
130,동김천,2005-12,6종,45001
131,경산,2005-12,1종,712190
131,경산,2005-12,2종,93219
131,경산,2005-12,3종,21197
131,경산,2005-12,4종,25332
131,경산,2005-12,5종,31136
131,경산,2005-12,6종,33510
132,영천,2005-12,1종,248763
132,영천,2005-12,2종,33018
132,영천,2005-12,3종,20571
132,영천,2005-12,4종,9539
132,영천,2005-12,5종,26757
132,영천,2005-12,6종,7386
133,서경주,2005-12,1종,104525
133,서경주,2005-12,2종,12306
133,서경주,2005-12,3종,4505
133,서경주,2005-12,4종,4853
133,서경주,2005-12,5종,16519
133,서경주,2005-12,6종,2886
134,선산,2005-12,1종,80595
134,선산,2005-12,2종,8474
134,선산,2005-12,3종,1638
134,선산,2005-12,4종,2103
134,선산,2005-12,5종,4341
134,선산,2005-12,6종,3084
135,경주,2005-12,1종,701985
135,경주,2005-12,2종,73273
135,경주,2005-12,3종,64225
135,경주,2005-12,4종,25169
135,경주,2005-12,5종,90178
135,경주,2005-12,6종,22861
137,통도사,2005-12,1종,292394
137,통도사,2005-12,2종,30269
137,통도사,2005-12,3종,15105
137,통도사,2005-12,4종,10599
137,통도사,2005-12,5종,16911
137,통도사,2005-12,6종,13166
138,양산,2005-12,1종,600758
138,양산,2005-12,2종,103831
138,양산,2005-12,3종,30420
138,양산,2005-12,4종,47497
138,양산,2005-12,5종,59959
138,양산,2005-12,6종,32051
139,서울산,2005-12,1종,345828
139,서울산,2005-12,2종,33367
139,서울산,2005-12,3종,20299
139,서울산,2005-12,4종,9955
139,서울산,2005-12,5종,24518
139,서울산,2005-12,6종,15848
140,부산,2005-12,1종,1354919
140,부산,2005-12,2종,97989
140,부산,2005-12,3종,44003
140,부산,2005-12,4종,45127
140,부산,2005-12,5종,96477
140,부산,2005-12,6종,66917
141,,2005-12,1종,897205
141,,2005-12,2종,89428
141,,2005-12,3종,53264
141,,2005-12,4종,49388
141,,2005-12,5종,140043
141,,2005-12,6종,35132
142,군북,2005-12,1종,225868
142,군북,2005-12,2종,17016
142,군북,2005-12,3종,6683
142,군북,2005-12,4종,8775
142,군북,2005-12,5종,19666
142,군북,2005-12,6종,11974
143,장지,2005-12,1종,72621
143,장지,2005-12,2종,6947
143,장지,2005-12,3종,947
143,장지,2005-12,4종,1922
143,장지,2005-12,5종,13430
143,장지,2005-12,6종,3818
144,함안,2005-12,1종,312962
144,함안,2005-12,2종,24425
144,함안,2005-12,3종,7814
144,함안,2005-12,4종,5974
144,함안,2005-12,5종,15934
144,함안,2005-12,6종,20249
145,산인,2005-12,1종,642223
145,산인,2005-12,2종,35729
145,산인,2005-12,3종,34976
145,산인,2005-12,4종,17478
145,산인,2005-12,5종,31087
145,산인,2005-12,6종,37096
146,동창원,2005-12,1종,617680
146,동창원,2005-12,2종,56036
146,동창원,2005-12,3종,10486
146,동창원,2005-12,4종,13911
146,동창원,2005-12,5종,37862
146,동창원,2005-12,6종,34900
147,진례,2005-12,1종,509547
147,진례,2005-12,2종,77763
147,진례,2005-12,3종,10802
147,진례,2005-12,4종,19229
147,진례,2005-12,5종,26500
147,진례,2005-12,6종,26837
148,서김해,2005-12,1종,664503
148,서김해,2005-12,2종,53866
148,서김해,2005-12,3종,12218
148,서김해,2005-12,4종,14377
148,서김해,2005-12,5종,32480
148,서김해,2005-12,6종,42651
149,동김해,2005-12,1종,1127946
149,동김해,2005-12,2종,67426
149,동김해,2005-12,3종,23382
149,동김해,2005-12,4종,24804
149,동김해,2005-12,5종,36757
149,동김해,2005-12,6종,82082
150,북부산,2005-12,1종,2478437
150,북부산,2005-12,2종,168569
150,북부산,2005-12,3종,62464
150,북부산,2005-12,4종,49622
150,북부산,2005-12,5종,145818
150,북부산,2005-12,6종,151013
151,북대전,2005-12,1종,497975
151,북대전,2005-12,2종,22483
151,북대전,2005-12,3종,16725
151,북대전,2005-12,4종,10565
151,북대전,2005-12,5종,12251
151,북대전,2005-12,6종,18965
152,유성,2005-12,1종,784871
152,유성,2005-12,2종,47989
152,유성,2005-12,3종,27775
152,유성,2005-12,4종,11657
152,유성,2005-12,5종,16828
152,유성,2005-12,6종,29790
153,서대전,2005-12,1종,499966
153,서대전,2005-12,2종,32409
153,서대전,2005-12,3종,11499
153,서대전,2005-12,4종,8543
153,서대전,2005-12,5종,11730
153,서대전,2005-12,6종,21718
154,안영,2005-12,1종,314879
154,안영,2005-12,2종,17587
154,안영,2005-12,3종,6008
154,안영,2005-12,4종,5322
154,안영,2005-12,5종,9904
154,안영,2005-12,6종,13130
155,논산,2005-12,1종,177177
155,논산,2005-12,2종,30282
155,논산,2005-12,3종,9915
155,논산,2005-12,4종,10307
155,논산,2005-12,5종,10201
155,논산,2005-12,6종,5373
156,익산,2005-12,1종,232671
156,익산,2005-12,2종,38091
156,익산,2005-12,3종,22058
156,익산,2005-12,4종,15180
156,익산,2005-12,5종,33963
156,익산,2005-12,6종,5214
157,삼례,2005-12,1종,61034
157,삼례,2005-12,2종,8837
157,삼례,2005-12,3종,1884
157,삼례,2005-12,4종,2581
157,삼례,2005-12,5종,4394
157,삼례,2005-12,6종,1639
158,전주,2005-12,1종,467708
158,전주,2005-12,2종,45756
158,전주,2005-12,3종,41236
158,전주,2005-12,4종,15828
158,전주,2005-12,5종,37459
158,전주,2005-12,6종,11338
159,서전주,2005-12,1종,154773
159,서전주,2005-12,2종,10745
159,서전주,2005-12,3종,4654
159,서전주,2005-12,4종,2953
159,서전주,2005-12,5종,3867
159,서전주,2005-12,6종,3716
160,김제,2005-12,1종,96223
160,김제,2005-12,2종,8415
160,김제,2005-12,3종,7484
160,김제,2005-12,4종,2491
160,김제,2005-12,5종,2776
160,김제,2005-12,6종,2178
161,금산사,2005-12,1종,40102
161,금산사,2005-12,2종,9180
161,금산사,2005-12,3종,1196
161,금산사,2005-12,4종,2249
161,금산사,2005-12,5종,5962
161,금산사,2005-12,6종,817
162,태인,2005-12,1종,73850
162,태인,2005-12,2종,12338
162,태인,2005-12,3종,4503
162,태인,2005-12,4종,3794
162,태인,2005-12,5종,9289
162,태인,2005-12,6종,1758
163,정읍,2005-12,1종,297897
163,정읍,2005-12,2종,39481
163,정읍,2005-12,3종,22926
163,정읍,2005-12,4종,8235
163,정읍,2005-12,5종,11312
163,정읍,2005-12,6종,7284
164,무주,2005-12,1종,139403
164,무주,2005-12,2종,4950
164,무주,2005-12,3종,4139
164,무주,2005-12,4종,1822
164,무주,2005-12,5종,2259
164,무주,2005-12,6종,3290
165,백양사,2005-12,1종,69038
165,백양사,2005-12,2종,5365
165,백양사,2005-12,3종,3828
165,백양사,2005-12,4종,1977
165,백양사,2005-12,5종,1285
165,백양사,2005-12,6종,2288
166,장성,2005-12,1종,186365
166,장성,2005-12,2종,18682
166,장성,2005-12,3종,11041
166,장성,2005-12,4종,6238
166,장성,2005-12,5종,7200
166,장성,2005-12,6종,7135
167,광주,2005-12,1종,766449
167,광주,2005-12,2종,88139
167,광주,2005-12,3종,71464
167,광주,2005-12,4종,31491
167,광주,2005-12,5종,34889
167,광주,2005-12,6종,18579
168,덕유산,2005-12,1종,57944
168,덕유산,2005-12,2종,2229
168,덕유산,2005-12,3종,2425
168,덕유산,2005-12,4종,888
168,덕유산,2005-12,5종,1568
168,덕유산,2005-12,6종,1200
169,장수,2005-12,1종,78844
169,장수,2005-12,2종,15784
169,장수,2005-12,3종,7181
169,장수,2005-12,4종,6232
169,장수,2005-12,5종,17886
169,장수,2005-12,6종,1503
170,서상,2005-12,1종,27713
170,서상,2005-12,2종,3188
170,서상,2005-12,3종,2875
170,서상,2005-12,4종,886
170,서상,2005-12,5종,786
170,서상,2005-12,6종,1106
171,마성,2005-12,1종,238292
171,마성,2005-12,2종,8922
171,마성,2005-12,3종,18172
171,마성,2005-12,4종,1011
171,마성,2005-12,5종,925
171,마성,2005-12,6종,10146
172,용인,2005-12,1종,710692
172,용인,2005-12,2종,81392
172,용인,2005-12,3종,17720
172,용인,2005-12,4종,14339
172,용인,2005-12,5종,11558
172,용인,2005-12,6종,34956
173,양지,2005-12,1종,576035
173,양지,2005-12,2종,113671
173,양지,2005-12,3종,27719
173,양지,2005-12,4종,26678
173,양지,2005-12,5종,32525
173,양지,2005-12,6종,20904
174,춘천,2005-12,1종,387786
174,춘천,2005-12,2종,21116
174,춘천,2005-12,3종,15218
174,춘천,2005-12,4종,4589
174,춘천,2005-12,5종,5353
174,춘천,2005-12,6종,17842
175,덕평,2005-12,1종,243916
175,덕평,2005-12,2종,21417
175,덕평,2005-12,3종,8524
175,덕평,2005-12,4종,6260
175,덕평,2005-12,5종,7001
175,덕평,2005-12,6종,8256
176,이천,2005-12,1종,484299
176,이천,2005-12,2종,55259
176,이천,2005-12,3종,26139
176,이천,2005-12,4종,19917
176,이천,2005-12,5종,27344
176,이천,2005-12,6종,16247
177,여주,2005-12,1종,312178
177,여주,2005-12,2종,30113
177,여주,2005-12,3종,16203
177,여주,2005-12,4종,11293
177,여주,2005-12,5종,16259
177,여주,2005-12,6종,10824
178,문막,2005-12,1종,205443
178,문막,2005-12,2종,29977
178,문막,2005-12,3종,11843
178,문막,2005-12,4종,6917
178,문막,2005-12,5종,14115
178,문막,2005-12,6종,6768
179,홍천,2005-12,1종,251480
179,홍천,2005-12,2종,14670
179,홍천,2005-12,3종,8126
179,홍천,2005-12,4종,4005
179,홍천,2005-12,5종,4398
179,홍천,2005-12,6종,11732
180,원주,2005-12,1종,239763
180,원주,2005-12,2종,24098
180,원주,2005-12,3종,29735
180,원주,2005-12,4종,8130
180,원주,2005-12,5종,10262
180,원주,2005-12,6종,8910
181,새말,2005-12,1종,133542
181,새말,2005-12,2종,11498
181,새말,2005-12,3종,5179
181,새말,2005-12,4종,2717
181,새말,2005-12,5종,4234
181,새말,2005-12,6종,3681
182,둔내,2005-12,1종,147061
182,둔내,2005-12,2종,9182
182,둔내,2005-12,3종,5956
182,둔내,2005-12,4종,2234
182,둔내,2005-12,5종,2601
182,둔내,2005-12,6종,4187
183,면온,2005-12,1종,160902
183,면온,2005-12,2종,2650
183,면온,2005-12,3종,6294
183,면온,2005-12,4종,1306
183,면온,2005-12,5종,599
183,면온,2005-12,6종,3099
184,대관령,2005-12,1종,183192
184,대관령,2005-12,2종,7235
184,대관령,2005-12,3종,14423
184,대관령,2005-12,4종,1373
184,대관령,2005-12,5종,1305
184,대관령,2005-12,6종,5453
185,평창,2005-12,1종,98260
185,평창,2005-12,2종,6781
185,평창,2005-12,3종,11119
185,평창,2005-12,4종,1120
185,평창,2005-12,5종,2140
185,평창,2005-12,6종,3334
186,속사,2005-12,1종,27779
186,속사,2005-12,2종,2029
186,속사,2005-12,3종,700
186,속사,2005-12,4종,840
186,속사,2005-12,5종,585
186,속사,2005-12,6종,946
187,진부,2005-12,1종,93302
187,진부,2005-12,2종,5847
187,진부,2005-12,3종,10393
187,진부,2005-12,4종,1707
187,진부,2005-12,5종,1986
187,진부,2005-12,6종,3451
189,강릉,2005-12,1종,435264
189,강릉,2005-12,2종,26257
189,강릉,2005-12,3종,51572
189,강릉,2005-12,4종,26541
189,강릉,2005-12,5종,27501
189,강릉,2005-12,6종,17263
190,동서울,2005-12,1종,2883222
190,동서울,2005-12,2종,261860
190,동서울,2005-12,3종,162707
190,동서울,2005-12,4종,46819
190,동서울,2005-12,5종,54580
190,동서울,2005-12,6종,86588
191,경기광주,2005-12,1종,648891
191,경기광주,2005-12,2종,54479
191,경기광주,2005-12,3종,19580
191,경기광주,2005-12,4종,6914
191,경기광주,2005-12,5종,5192
191,경기광주,2005-12,6종,27252
192,곤지암,2005-12,1종,624554
192,곤지암,2005-12,2종,86679
192,곤지암,2005-12,3종,16868
192,곤지암,2005-12,4종,15538
192,곤지암,2005-12,5종,15438
192,곤지암,2005-12,6종,21985
193,일죽,2005-12,1종,318979
193,일죽,2005-12,2종,58496
193,일죽,2005-12,3종,18368
193,일죽,2005-12,4종,13512
193,일죽,2005-12,5종,13353
193,일죽,2005-12,6종,9044
194,서이천,2005-12,1종,305483
194,서이천,2005-12,2종,51553
194,서이천,2005-12,3종,12904
194,서이천,2005-12,4종,8109
194,서이천,2005-12,5종,8060
194,서이천,2005-12,6종,9679
195,대소,2005-12,1종,273509
195,대소,2005-12,2종,56344
195,대소,2005-12,3종,12039
195,대소,2005-12,4종,13044
195,대소,2005-12,5종,12792
195,대소,2005-12,6종,8137
196,진천,2005-12,1종,195820
196,진천,2005-12,2종,28896
196,진천,2005-12,3종,8990
196,진천,2005-12,4종,7727
196,진천,2005-12,5종,12145
196,진천,2005-12,6종,6025
197,증평,2005-12,1종,253718
197,증평,2005-12,2종,34155
197,증평,2005-12,3종,10120
197,증평,2005-12,4종,8893
197,증평,2005-12,5종,18548
197,증평,2005-12,6종,7295
198,서청주,2005-12,1종,514372
198,서청주,2005-12,2종,48904
198,서청주,2005-12,3종,25301
198,서청주,2005-12,4종,18119
198,서청주,2005-12,5종,21139
198,서청주,2005-12,6종,17269
199,오창,2005-12,1종,273702
199,오창,2005-12,2종,25613
199,오창,2005-12,3종,12704
199,오창,2005-12,4종,6986
199,오창,2005-12,5종,7757
199,오창,2005-12,6종,8259
200,금산,2005-12,1종,168315
200,금산,2005-12,2종,8368
200,금산,2005-12,3종,3445
200,금산,2005-12,4종,2957
200,금산,2005-12,5종,6803
200,금산,2005-12,6종,5738
201,칠곡,2005-12,1종,486746
201,칠곡,2005-12,2종,26416
201,칠곡,2005-12,3종,12232
201,칠곡,2005-12,4종,3824
201,칠곡,2005-12,5종,7704
201,칠곡,2005-12,6종,24242
202,다부,2005-12,1종,77220
202,다부,2005-12,2종,8807
202,다부,2005-12,3종,2106
202,다부,2005-12,4종,2097
202,다부,2005-12,5종,4340
202,다부,2005-12,6종,2650
203,가산,2005-12,1종,379054
203,가산,2005-12,2종,29182
203,가산,2005-12,3종,6908
203,가산,2005-12,4종,6331
203,가산,2005-12,5종,13033
203,가산,2005-12,6종,14233
204,추부,2005-12,1종,240340
204,추부,2005-12,2종,18744
204,추부,2005-12,3종,5179
204,추부,2005-12,4종,4048
204,추부,2005-12,5종,7308
204,추부,2005-12,6종,10067
205,군위,2005-12,1종,98250
205,군위,2005-12,2종,9523
205,군위,2005-12,3종,1458
205,군위,2005-12,4종,1350
205,군위,2005-12,5종,2104
205,군위,2005-12,6종,3499
206,의성,2005-12,1종,133465
206,의성,2005-12,2종,9469
206,의성,2005-12,3종,2461
206,의성,2005-12,4종,1469
206,의성,2005-12,5종,4409
206,의성,2005-12,6종,4402
207,남안동,2005-12,1종,200687
207,남안동,2005-12,2종,12312
207,남안동,2005-12,3종,9857
207,남안동,2005-12,4종,2096
207,남안동,2005-12,5종,5303
207,남안동,2005-12,6종,7102
208,서안동,2005-12,1종,152583
208,서안동,2005-12,2종,10513
208,서안동,2005-12,3종,6723
208,서안동,2005-12,4종,1745
208,서안동,2005-12,5종,7468
208,서안동,2005-12,6종,4855
209,예천,2005-12,1종,26677
209,예천,2005-12,2종,1510
209,예천,2005-12,3종,374
209,예천,2005-12,4종,277
209,예천,2005-12,5종,2806
209,예천,2005-12,6종,917
210,영주,2005-12,1종,114650
210,영주,2005-12,2종,8699
210,영주,2005-12,3종,4792
210,영주,2005-12,4종,1504
210,영주,2005-12,5종,6998
210,영주,2005-12,6종,4187
211,풍기,2005-12,1종,131983
211,풍기,2005-12,2종,9015
211,풍기,2005-12,3종,10383
211,풍기,2005-12,4종,1427
211,풍기,2005-12,5종,4839
211,풍기,2005-12,6종,4814
212,북수원,2005-12,1종,1258937
212,북수원,2005-12,2종,80353
212,북수원,2005-12,3종,44325
212,북수원,2005-12,4종,24597
212,북수원,2005-12,5종,21183
212,북수원,2005-12,6종,57060
213,부곡,2005-12,1종,255816
213,부곡,2005-12,2종,13636
213,부곡,2005-12,3종,3673
213,부곡,2005-12,4종,5625
213,부곡,2005-12,5종,64324
213,부곡,2005-12,6종,13285
214,동군포,2005-12,1종,138307
214,동군포,2005-12,2종,23594
214,동군포,2005-12,3종,6354
214,동군포,2005-12,4종,14659
214,동군포,2005-12,5종,6589
214,동군포,2005-12,6종,6237
215,군포,2005-12,1종,643219
215,군포,2005-12,2종,76035
215,군포,2005-12,3종,18604
215,군포,2005-12,4종,19229
215,군포,2005-12,5종,22599
215,군포,2005-12,6종,27792
216,횡성,2005-12,1종,105609
216,횡성,2005-12,2종,7553
216,횡성,2005-12,3종,3217
216,횡성,2005-12,4종,2032
216,횡성,2005-12,5종,2856
216,횡성,2005-12,6종,4147
217,북원주,2005-12,1종,55238
217,북원주,2005-12,2종,5036
217,북원주,2005-12,3종,803
217,북원주,2005-12,4종,1150
217,북원주,2005-12,5종,942
217,북원주,2005-12,6종,2459
218,남원주,2005-12,1종,466578
218,남원주,2005-12,2종,27441
218,남원주,2005-12,3종,14476
218,남원주,2005-12,4종,5359
218,남원주,2005-12,5종,8140
218,남원주,2005-12,6종,16831
219,신림,2005-12,1종,63746
219,신림,2005-12,2종,4284
219,신림,2005-12,3종,2412
219,신림,2005-12,4종,1102
219,신림,2005-12,5종,10022
219,신림,2005-12,6종,2082
221,생초,2005-12,1종,37364
221,생초,2005-12,2종,6022
221,생초,2005-12,3종,2046
221,생초,2005-12,4종,3284
221,생초,2005-12,5종,5938
221,생초,2005-12,6종,1229
222,산청,2005-12,1종,39384
222,산청,2005-12,2종,2755
222,산청,2005-12,3종,1176
222,산청,2005-12,4종,852
222,산청,2005-12,5종,1383
222,산청,2005-12,6종,1515
223,단성,2005-12,1종,73997
223,단성,2005-12,2종,4906
223,단성,2005-12,3종,3167
223,단성,2005-12,4종,1398
223,단성,2005-12,5종,3442
223,단성,2005-12,6종,2560
224,함양,2005-12,1종,93070
224,함양,2005-12,2종,6943
224,함양,2005-12,3종,5373
224,함양,2005-12,4종,1158
224,함양,2005-12,5종,3614
224,함양,2005-12,6종,4241
225,서진주,2005-12,1종,296715
225,서진주,2005-12,2종,11267
225,서진주,2005-12,3종,4027
225,서진주,2005-12,4종,2571
225,서진주,2005-12,5종,5854
225,서진주,2005-12,6종,16400
227,군산,2005-12,1종,76062
227,군산,2005-12,2종,4750
227,군산,2005-12,3종,5659
227,군산,2005-12,4종,1711
227,군산,2005-12,5종,3681
227,군산,2005-12,6종,1964
228,동군산,2005-12,1종,222118
228,동군산,2005-12,2종,26802
228,동군산,2005-12,3종,14016
228,동군산,2005-12,4종,15140
228,동군산,2005-12,5종,33185
228,동군산,2005-12,6종,5112
231,화원옥포,2005-12,1종,1335123
231,화원옥포,2005-12,2종,179155
231,화원옥포,2005-12,3종,80924
231,화원옥포,2005-12,4종,52985
231,화원옥포,2005-12,5종,128319
231,화원옥포,2005-12,6종,51781
232,달성,2005-12,1종,224246
232,달성,2005-12,2종,27610
232,달성,2005-12,3종,11850
232,달성,2005-12,4종,5515
232,달성,2005-12,5종,6179
232,달성,2005-12,6종,14416
233,현풍,2005-12,1종,216476
233,현풍,2005-12,2종,31851
233,현풍,2005-12,3종,7164
233,현풍,2005-12,4종,8514
233,현풍,2005-12,5종,21542
233,현풍,2005-12,6종,8719
234,서천,2005-12,1종,88494
234,서천,2005-12,2종,11143
234,서천,2005-12,3종,1946
234,서천,2005-12,4종,5406
234,서천,2005-12,5종,11339
234,서천,2005-12,6종,2312
235,창녕,2005-12,1종,142208
235,창녕,2005-12,2종,10357
235,창녕,2005-12,3종,7331
235,창녕,2005-12,4종,1291
235,창녕,2005-12,5종,4611
235,창녕,2005-12,6종,6192
236,영산,2005-12,1종,152747
236,영산,2005-12,2종,12739
236,영산,2005-12,3종,6365
236,영산,2005-12,4종,2511
236,영산,2005-12,5종,3340
236,영산,2005-12,6종,6855
237,남지,2005-12,1종,141900
237,남지,2005-12,2종,17909
237,남지,2005-12,3종,11074
237,남지,2005-12,4종,5639
237,남지,2005-12,5종,25603
237,남지,2005-12,6종,8394
238,칠서,2005-12,1종,178628
238,칠서,2005-12,2종,29237
238,칠서,2005-12,3종,7573
238,칠서,2005-12,4종,16360
238,칠서,2005-12,5종,18448
238,칠서,2005-12,6종,9918
239,칠원,2005-12,1종,425964
239,칠원,2005-12,2종,41145
239,칠원,2005-12,3종,26992
239,칠원,2005-12,4종,21697
239,칠원,2005-12,5종,36967
239,칠원,2005-12,6종,21346
240,제천,2005-12,1종,302490
240,제천,2005-12,2종,19653
240,제천,2005-12,3종,15659
240,제천,2005-12,4종,4137
240,제천,2005-12,5종,15991
240,제천,2005-12,6종,9393
241,동고령,2005-12,1종,119280
241,동고령,2005-12,2종,12914
241,동고령,2005-12,3종,8386
241,동고령,2005-12,4종,2853
241,동고령,2005-12,5종,5463
241,동고령,2005-12,6종,4483
242,고령,2005-12,1종,115282
242,고령,2005-12,2종,11277
242,고령,2005-12,3종,3515
242,고령,2005-12,4종,2169
242,고령,2005-12,5종,6305
242,고령,2005-12,6종,4966
243,해인사,2005-12,1종,66455
243,해인사,2005-12,2종,4141
243,해인사,2005-12,3종,1843
243,해인사,2005-12,4종,743
243,해인사,2005-12,5종,1014
243,해인사,2005-12,6종,3246
244,서부산,2005-12,1종,1924306
244,서부산,2005-12,2종,152143
244,서부산,2005-12,3종,81220
244,서부산,2005-12,4종,53219
244,서부산,2005-12,5종,168933
244,서부산,2005-12,6종,105075
245,장유,2005-12,1종,1360778
245,장유,2005-12,2종,82013
245,장유,2005-12,3종,34591
245,장유,2005-12,4종,19371
245,장유,2005-12,5종,56483
245,장유,2005-12,6종,94092
246,가락,2005-12,1종,426895
246,가락,2005-12,2종,42490
246,가락,2005-12,3종,8532
246,가락,2005-12,4종,15866
246,가락,2005-12,5종,32401
246,가락,2005-12,6종,23664
247,남원,2005-12,1종,124677
247,남원,2005-12,2종,12270
247,남원,2005-12,3종,8034
247,남원,2005-12,4종,3634
247,남원,2005-12,5종,8074
247,남원,2005-12,6종,3470
248,순창,2005-12,1종,54431
248,순창,2005-12,2종,3852
248,순창,2005-12,3종,1121
248,순창,2005-12,4종,1038
248,순창,2005-12,5종,1400
248,순창,2005-12,6종,1861
249,담양,2005-12,1종,78315
249,담양,2005-12,2종,6358
249,담양,2005-12,3종,10613
249,담양,2005-12,4종,1684
249,담양,2005-12,5종,3818
249,담양,2005-12,6종,2143
250,남양산,2005-12,1종,913742
250,남양산,2005-12,2종,91047
250,남양산,2005-12,3종,23654
250,남양산,2005-12,4종,31348
250,남양산,2005-12,5종,55585
250,남양산,2005-12,6종,61452
251,물금,2005-12,1종,179240
251,물금,2005-12,2종,37382
251,물금,2005-12,3종,7856
251,물금,2005-12,4종,21094
251,물금,2005-12,5종,118740
251,물금,2005-12,6종,8834
252,대동,2005-12,1종,1766101
252,대동,2005-12,2종,245511
252,대동,2005-12,3종,51805
252,대동,2005-12,4종,70263
252,대동,2005-12,5종,227365
252,대동,2005-12,6종,82487
253,서서울,2005-12,1종,3760239
253,서서울,2005-12,2종,317711
253,서서울,2005-12,3종,88047
253,서서울,2005-12,4종,88475
253,서서울,2005-12,5종,110481
253,서서울,2005-12,6종,144686
254,군자,2005-12,1종,2396664
254,군자,2005-12,2종,262509
254,군자,2005-12,3종,76019
254,군자,2005-12,4종,75025
254,군자,2005-12,5종,243967
254,군자,2005-12,6종,106922
255,서안산,2005-12,1종,1004070
255,서안산,2005-12,2종,117542
255,서안산,2005-12,3종,16404
255,서안산,2005-12,4종,28892
255,서안산,2005-12,5종,46926
255,서안산,2005-12,6종,48674
256,안산,2005-12,1종,1039298
256,안산,2005-12,2종,40190
256,안산,2005-12,3종,10814
256,안산,2005-12,4종,5916
256,안산,2005-12,5종,8581
256,안산,2005-12,6종,53492
257,홍성,2005-12,1종,197198
257,홍성,2005-12,2종,13946
257,홍성,2005-12,3종,6144
257,홍성,2005-12,4종,2006
257,홍성,2005-12,5종,6012
257,홍성,2005-12,6종,4404
258,광천,2005-12,1종,83421
258,광천,2005-12,2종,9898
258,광천,2005-12,3종,1852
258,광천,2005-12,4종,1927
258,광천,2005-12,5종,6845
258,광천,2005-12,6종,1712
259,대천,2005-12,1종,190843
259,대천,2005-12,2종,14338
259,대천,2005-12,3종,5777
259,대천,2005-12,4종,2462
259,대천,2005-12,5종,2566
259,대천,2005-12,6종,5092
260,춘장대,2005-12,1종,28870
260,춘장대,2005-12,2종,2573
260,춘장대,2005-12,3종,374
260,춘장대,2005-12,4종,435
260,춘장대,2005-12,5종,699
260,춘장대,2005-12,6종,764
261,동광주,2005-12,1종,797775
261,동광주,2005-12,2종,61407
261,동광주,2005-12,3종,52666
261,동광주,2005-12,4종,22694
261,동광주,2005-12,5종,47757
261,동광주,2005-12,6종,21319
262,창평,2005-12,1종,56829
262,창평,2005-12,2종,4024
262,창평,2005-12,3종,814
262,창평,2005-12,4종,2112
262,창평,2005-12,5종,2000
262,창평,2005-12,6종,1754
263,옥과,2005-12,1종,133841
263,옥과,2005-12,2종,6821
263,옥과,2005-12,3종,9153
263,옥과,2005-12,4종,4752
263,옥과,2005-12,5종,5411
263,옥과,2005-12,6종,4313
264,동남원,2005-12,1종,35637
264,동남원,2005-12,2종,2678
264,동남원,2005-12,3종,1513
264,동남원,2005-12,4종,704
264,동남원,2005-12,5종,2235
264,동남원,2005-12,6종,986
265,곡성,2005-12,1종,102890
265,곡성,2005-12,2종,6722
265,곡성,2005-12,3종,3010
265,곡성,2005-12,4종,3097
265,곡성,2005-12,5종,4925
265,곡성,2005-12,6종,3119
266,석곡,2005-12,1종,33955
266,석곡,2005-12,2종,2285
266,석곡,2005-12,3종,1939
266,석곡,2005-12,4종,423
266,석곡,2005-12,5종,844
266,석곡,2005-12,6종,1170
267,주암송광사,2005-12,1종,93338
267,주암송광사,2005-12,2종,6828
267,주암송광사,2005-12,3종,2710
267,주암송광사,2005-12,4종,2674
267,주암송광사,2005-12,5종,5912
267,주암송광사,2005-12,6종,2587
268,승주,2005-12,1종,40161
268,승주,2005-12,2종,2071
268,승주,2005-12,3종,1300
268,승주,2005-12,4종,487
268,승주,2005-12,5종,779
268,승주,2005-12,6종,1570
269,지리산,2005-12,1종,36026
269,지리산,2005-12,2종,3399
269,지리산,2005-12,3종,1070
269,지리산,2005-12,4종,811
269,지리산,2005-12,5종,435
269,지리산,2005-12,6종,1122
270,서순천,2005-12,1종,147729
270,서순천,2005-12,2종,10474
270,서순천,2005-12,3종,9913
270,서순천,2005-12,4종,2598
270,서순천,2005-12,5종,16216
270,서순천,2005-12,6종,4606
271,순천,2005-12,1종,423980
271,순천,2005-12,2종,30136
271,순천,2005-12,3종,12785
271,순천,2005-12,4종,8749
271,순천,2005-12,5종,26876
271,순천,2005-12,6종,13763
272,광양,2005-12,1종,178765
272,광양,2005-12,2종,24899
272,광양,2005-12,3종,12888
272,광양,2005-12,4종,14685
272,광양,2005-12,5종,61587
272,광양,2005-12,6종,4990
273,동광양,2005-12,1종,104021
273,동광양,2005-12,2종,5048
273,동광양,2005-12,3종,1973
273,동광양,2005-12,4종,1719
273,동광양,2005-12,5종,35966
273,동광양,2005-12,6종,5223
274,가조,2005-12,1종,55810
274,가조,2005-12,2종,3507
274,가조,2005-12,3종,2629
274,가조,2005-12,4종,754
274,가조,2005-12,5종,680
274,가조,2005-12,6종,3609
275,옥곡,2005-12,1종,97347
275,옥곡,2005-12,2종,4640
275,옥곡,2005-12,3종,3522
275,옥곡,2005-12,4종,816
275,옥곡,2005-12,5종,4886
275,옥곡,2005-12,6종,3955
276,진월,2005-12,1종,73353
276,진월,2005-12,2종,3596
276,진월,2005-12,3종,1425
276,진월,2005-12,4종,2554
276,진월,2005-12,5종,40629
276,진월,2005-12,6종,2278
277,하동,2005-12,1종,152970
277,하동,2005-12,2종,8829
277,하동,2005-12,3종,5019
277,하동,2005-12,4종,3013
277,하동,2005-12,5종,36230
277,하동,2005-12,6종,6364
278,진교,2005-12,1종,164287
278,진교,2005-12,2종,10654
278,진교,2005-12,3종,12647
278,진교,2005-12,4종,1387
278,진교,2005-12,5종,3483
278,진교,2005-12,6종,9470
279,곤양,2005-12,1종,123438
279,곤양,2005-12,2종,7400
279,곤양,2005-12,3종,5190
279,곤양,2005-12,4종,2830
279,곤양,2005-12,5종,4106
279,곤양,2005-12,6종,7137
280,거창,2005-12,1종,172976
280,거창,2005-12,2종,13289
280,거창,2005-12,3종,12902
280,거창,2005-12,4종,2828
280,거창,2005-12,5종,6392
280,거창,2005-12,6종,7959
281,매송,2005-12,1종,494909
281,매송,2005-12,2종,56175
281,매송,2005-12,3종,17596
281,매송,2005-12,4종,15704
281,매송,2005-12,5종,26130
281,매송,2005-12,6종,18286
282,비봉,2005-12,1종,573227
282,비봉,2005-12,2종,66506
282,비봉,2005-12,3종,12222
282,비봉,2005-12,4종,15801
282,비봉,2005-12,5종,37342
282,비봉,2005-12,6종,19705
283,발안,2005-12,1종,401922
283,발안,2005-12,2종,53865
283,발안,2005-12,3종,13144
283,발안,2005-12,4종,15892
283,발안,2005-12,5종,35111
283,발안,2005-12,6종,12985
284,남양양,2005-12,1종,193040
284,남양양,2005-12,2종,8829
284,남양양,2005-12,3종,9719
284,남양양,2005-12,4종,7290
284,남양양,2005-12,5종,13501
284,남양양,2005-12,6종,4343
285,서평택,2005-12,1종,572557
285,서평택,2005-12,2종,70178
285,서평택,2005-12,3종,15724
285,서평택,2005-12,4종,41740
285,서평택,2005-12,5종,88519
285,서평택,2005-12,6종,16768
287,송악,2005-12,1종,300696
287,송악,2005-12,2종,32922
287,송악,2005-12,3종,9843
287,송악,2005-12,4종,13635
287,송악,2005-12,5종,62712
287,송악,2005-12,6종,7503
288,당진,2005-12,1종,239093
288,당진,2005-12,2종,21971
288,당진,2005-12,3종,9878
288,당진,2005-12,4종,7548
288,당진,2005-12,5종,26087
288,당진,2005-12,6종,6200
289,마산,2005-12,1종,931217
289,마산,2005-12,2종,63562
289,마산,2005-12,3종,39441
289,마산,2005-12,4종,17792
289,마산,2005-12,5종,27721
289,마산,2005-12,6종,51786
290,축동,2005-12,1종,28554
290,축동,2005-12,2종,2567
290,축동,2005-12,3종,337
290,축동,2005-12,4종,772
290,축동,2005-12,5종,2194
290,축동,2005-12,6종,1881
291,사천,2005-12,1종,572852
291,사천,2005-12,2종,39231
291,사천,2005-12,3종,18457
291,사천,2005-12,4종,8657
291,사천,2005-12,5종,23920
291,사천,2005-12,6종,32844
292,진주,2005-12,1종,599426
292,진주,2005-12,2종,38709
292,진주,2005-12,3종,33512
292,진주,2005-12,4종,9955
292,진주,2005-12,5종,27922
292,진주,2005-12,6종,35222
293,문산,2005-12,1종,200046
293,문산,2005-12,2종,19291
293,문산,2005-12,3종,2753
293,문산,2005-12,4종,4014
293,문산,2005-12,5종,12140
293,문산,2005-12,6종,10070
294,북창원,2005-12,1종,256170
294,북창원,2005-12,2종,16591
294,북창원,2005-12,3종,2587
294,북창원,2005-12,4종,4707
294,북창원,2005-12,5종,6787
294,북창원,2005-12,6종,11463
295,진성,2005-12,1종,126958
295,진성,2005-12,2종,13472
295,진성,2005-12,3종,7533
295,진성,2005-12,4종,3538
295,진성,2005-12,5종,12227
295,진성,2005-12,6종,5977
296,지수,2005-12,1종,45241
296,지수,2005-12,2종,5615
296,지수,2005-12,3종,892
296,지수,2005-12,4종,759
296,지수,2005-12,5종,1351
296,지수,2005-12,6종,2248
298,서산,2005-12,1종,246616
298,서산,2005-12,2종,19324
298,서산,2005-12,3종,11472
298,서산,2005-12,4종,6971
298,서산,2005-12,5종,13019
298,서산,2005-12,6종,5852
299,해미,2005-12,1종,128291
299,해미,2005-12,2종,9896
299,해미,2005-12,3종,5456
299,해미,2005-12,4종,3789
299,해미,2005-12,5종,10081
299,해미,2005-12,6종,3530
501,서김제,2005-12,1종,45450
501,서김제,2005-12,2종,6037
501,서김제,2005-12,3종,1653
501,서김제,2005-12,4종,1288
501,서김제,2005-12,5종,2678
501,서김제,2005-12,6종,938
502,부안,2005-12,1종,57488
502,부안,2005-12,2종,8246
502,부안,2005-12,3종,1749
502,부안,2005-12,4종,1634
502,부안,2005-12,5종,4780
502,부안,2005-12,6종,1200
503,줄포,2005-12,1종,28867
503,줄포,2005-12,2종,3131
503,줄포,2005-12,3종,901
503,줄포,2005-12,4종,596
503,줄포,2005-12,5종,521
503,줄포,2005-12,6종,534
504,선운산,2005-12,1종,42509
504,선운산,2005-12,2종,12116
504,선운산,2005-12,3종,6413
504,선운산,2005-12,4종,2245
504,선운산,2005-12,5종,4251
504,선운산,2005-12,6종,744
505,고창,2005-12,1종,46608
505,고창,2005-12,2종,6546
505,고창,2005-12,3종,1616
505,고창,2005-12,4종,1177
505,고창,2005-12,5종,1100
505,고창,2005-12,6종,1011
506,영광,2005-12,1종,45452
506,영광,2005-12,2종,6268
506,영광,2005-12,3종,3965
506,영광,2005-12,4종,1113
506,영광,2005-12,5종,826
506,영광,2005-12,6종,961
507,함평,2005-12,1종,35216
507,함평,2005-12,2종,8817
507,함평,2005-12,3종,1756
507,함평,2005-12,4종,1759
507,함평,2005-12,5종,2917
507,함평,2005-12,6종,740
508,무안,2005-12,1종,237288
508,무안,2005-12,2종,24194
508,무안,2005-12,3종,10514
508,무안,2005-12,4종,4148
508,무안,2005-12,5종,14784
508,무안,2005-12,6종,4726
509,목포,2005-12,1종,333555
509,목포,2005-12,2종,44033
509,목포,2005-12,3종,19254
509,목포,2005-12,4종,6796
509,목포,2005-12,5종,25556
509,목포,2005-12,6종,6464
511,무창포,2005-12,1종,31920
511,무창포,2005-12,2종,3857
511,무창포,2005-12,3종,473
511,무창포,2005-12,4종,849
511,무창포,2005-12,5종,1936
511,무창포,2005-12,6종,670
512,연화산,2005-12,1종,27947
512,연화산,2005-12,2종,1405
512,연화산,2005-12,3종,270
512,연화산,2005-12,4종,195
512,연화산,2005-12,5종,829
512,연화산,2005-12,6종,1197
513,고성,2005-12,1종,119033
513,고성,2005-12,2종,12773
513,고성,2005-12,3종,3401
513,고성,2005-12,4종,5266
513,고성,2005-12,5종,7597
513,고성,2005-12,6종,3951
514,동고성,2005-12,1종,37094
514,동고성,2005-12,2종,1845
514,동고성,2005-12,3종,492
514,동고성,2005-12,4종,873
514,동고성,2005-12,5종,4407
514,동고성,2005-12,6종,1670
515,북통영,2005-12,1종,65928
515,북통영,2005-12,2종,4969
515,북통영,2005-12,3종,2078
515,북통영,2005-12,4종,909
515,북통영,2005-12,5종,2264
515,북통영,2005-12,6종,2479
516,통영,2005-12,1종,216399
516,통영,2005-12,2종,14864
516,통영,2005-12,3종,6024
516,통영,2005-12,4종,5631
516,통영,2005-12,5종,9903
516,통영,2005-12,6종,7032
521,단양,2005-12,1종,46076
521,단양,2005-12,2종,3026
521,단양,2005-12,3종,3072
521,단양,2005-12,4종,533
521,단양,2005-12,5종,6664
521,단양,2005-12,6종,1951
522,북단양,2005-12,1종,55328
522,북단양,2005-12,2종,3923
522,북단양,2005-12,3종,2582
522,북단양,2005-12,4종,1412
522,북단양,2005-12,5종,17785
522,북단양,2005-12,6종,1708
523,남제천,2005-12,1종,34089
523,남제천,2005-12,2종,1937
523,남제천,2005-12,3종,1023
523,남제천,2005-12,4종,305
523,남제천,2005-12,5종,880
523,남제천,2005-12,6종,860
524,청통와촌,2005-12,1종,159826
524,청통와촌,2005-12,2종,15524
524,청통와촌,2005-12,3종,3464
524,청통와촌,2005-12,4종,2435
524,청통와촌,2005-12,5종,4706
524,청통와촌,2005-12,6종,5734
525,북영천,2005-12,1종,117563
525,북영천,2005-12,2종,11938
525,북영천,2005-12,3종,2215
525,북영천,2005-12,4종,3365
525,북영천,2005-12,5종,18662
525,북영천,2005-12,6종,3591
526,서포항,2005-12,1종,64890
526,서포항,2005-12,2종,3520
526,서포항,2005-12,3종,1137
526,서포항,2005-12,4종,549
526,서포항,2005-12,5종,1665
526,서포항,2005-12,6종,2393
527,포항,2005-12,1종,482971
527,포항,2005-12,2종,17991
527,포항,2005-12,3종,13850
527,포항,2005-12,4종,3569
527,포항,2005-12,5종,22522
527,포항,2005-12,6종,16034
529,노포,2005-12,1종,121747
529,노포,2005-12,2종,9141
529,노포,2005-12,3종,32777
529,노포,2005-12,4종,2271
529,노포,2005-12,5종,2265
529,노포,2005-12,6종,4949
530,내장산,2005-12,1종,24156
530,내장산,2005-12,2종,1890
530,내장산,2005-12,3종,303
530,내장산,2005-12,4종,499
530,내장산,2005-12,5종,591
530,내장산,2005-12,6종,495
540,청북,2005-12,1종,251850
540,청북,2005-12,2종,54380
540,청북,2005-12,3종,9275
540,청북,2005-12,4종,15844
540,청북,2005-12,5종,31975
540,청북,2005-12,6종,6902
541,송탄,2005-12,1종,308026
541,송탄,2005-12,2종,35987
541,송탄,2005-12,3종,8419
541,송탄,2005-12,4종,8984
541,송탄,2005-12,5종,17008
541,송탄,2005-12,6종,10708
542,서안성,2005-12,1종,179407
542,서안성,2005-12,2종,35836
542,서안성,2005-12,3종,7299
542,서안성,2005-12,4종,10152
542,서안성,2005-12,5종,17580
542,서안성,2005-12,6종,5547
560,감곡,2005-12,1종,186360
560,감곡,2005-12,2종,19666
560,감곡,2005-12,3종,7906
560,감곡,2005-12,4종,5343
560,감곡,2005-12,5종,27167
560,감곡,2005-12,6종,4323
561,북충주,2005-12,1종,45637
561,북충주,2005-12,2종,3613
561,북충주,2005-12,3종,698
561,북충주,2005-12,4종,893
561,북충주,2005-12,5종,1078
561,북충주,2005-12,6종,1529
562,충주,2005-12,1종,179258
562,충주,2005-12,2종,18381
562,충주,2005-12,3종,12794
562,충주,2005-12,4종,8134
562,충주,2005-12,5종,12199
562,충주,2005-12,6종,5231
563,괴산,2005-12,1종,37057
563,괴산,2005-12,2종,1628
563,괴산,2005-12,3종,1097
563,괴산,2005-12,4종,406
563,괴산,2005-12,5종,369
563,괴산,2005-12,6종,822
564,연풍,2005-12,1종,50451
564,연풍,2005-12,2종,14726
564,연풍,2005-12,3종,5320
564,연풍,2005-12,4종,4685
564,연풍,2005-12,5종,7506
564,연풍,2005-12,6종,1032
565,문경새재,2005-12,1종,75026
565,문경새재,2005-12,2종,10685
565,문경새재,2005-12,3종,6157
565,문경새재,2005-12,4종,2551
565,문경새재,2005-12,5종,4463
565,문경새재,2005-12,6종,2008
566,점촌함창,2005-12,1종,113229
566,점촌함창,2005-12,2종,8294
566,점촌함창,2005-12,3종,7356
566,점촌함창,2005-12,4종,2658
566,점촌함창,2005-12,5종,6333
566,점촌함창,2005-12,6종,3366
570,북상주,2005-12,1종,90469
570,북상주,2005-12,2종,9072
570,북상주,2005-12,3종,3946
570,북상주,2005-12,4종,2061
570,북상주,2005-12,5종,4756
570,북상주,2005-12,6종,2936
580,북강릉,2005-12,1종,98398
580,북강릉,2005-12,2종,5503
580,북강릉,2005-12,3종,2209
580,북강릉,2005-12,4종,1631
580,북강릉,2005-12,5종,4450
580,북강릉,2005-12,6종,2891
581,옥계,2005-12,1종,59087
581,옥계,2005-12,2종,3835
581,옥계,2005-12,3종,1647
581,옥계,2005-12,4종,2842
581,옥계,2005-12,5종,6770
581,옥계,2005-12,6종,3024
582,망상,2005-12,1종,64222
582,망상,2005-12,2종,4274
582,망상,2005-12,3종,10585
582,망상,2005-12,4종,922
582,망상,2005-12,5종,1173
582,망상,2005-12,6종,2539
583,동해,2005-12,1종,224374
583,동해,2005-12,2종,13804
583,동해,2005-12,3종,8015
583,동해,2005-12,4종,5303
583,동해,2005-12,5종,12534
583,동해,2005-12,6종,8982
601,남천안,2005-12,1종,201167
601,남천안,2005-12,2종,47537
601,남천안,2005-12,3종,11687
601,남천안,2005-12,4종,15233
601,남천안,2005-12,5종,23791
601,남천안,2005-12,6종,5059
602,풍세상,2005-12,1종,578871
602,풍세상,2005-12,2종,69114
602,풍세상,2005-12,3종,88997
602,풍세상,2005-12,4종,25678
602,풍세상,2005-12,5종,45803
602,풍세상,2005-12,6종,12952
603,정안,2005-12,1종,114857
603,정안,2005-12,2종,22368
603,정안,2005-12,3종,11712
603,정안,2005-12,4종,7744
603,정안,2005-12,5종,8505
603,정안,2005-12,6종,2992
604,남공주,2005-12,1종,27707
604,남공주,2005-12,2종,2562
604,남공주,2005-12,3종,545
604,남공주,2005-12,4종,1193
604,남공주,2005-12,5종,1259
604,남공주,2005-12,6종,652
605,탄천,2005-12,1종,19930
605,탄천,2005-12,2종,1934
605,탄천,2005-12,3종,389
605,탄천,2005-12,4종,309
605,탄천,2005-12,5종,700
605,탄천,2005-12,6종,613
606,서논산,2005-12,1종,63086
606,서논산,2005-12,2종,10922
606,서논산,2005-12,3종,3990
606,서논산,2005-12,4종,3878
606,서논산,2005-12,5종,6227
606,서논산,2005-12,6종,1631
607,연무,2005-12,1종,41148
607,연무,2005-12,2종,3956
607,연무,2005-12,3종,1490
607,연무,2005-12,4종,990
607,연무,2005-12,5종,1510
607,연무,2005-12,6종,916
608,남논산하,2005-12,1종,411407
608,남논산하,2005-12,2종,48482
608,남논산하,2005-12,3종,74366
608,남논산하,2005-12,4종,18720
608,남논산하,2005-12,5종,34421
608,남논산하,2005-12,6종,8085
