영업소코드,영업소명,연월,차종,교통량
11,인천,2003-01,1종,3103454
11,인천,2003-01,2종,161830
11,인천,2003-01,3종,44548
11,인천,2003-01,4종,58137
11,인천,2003-01,5종,107083
11,인천,2003-01,6종,183437
22,,2003-01,1종,424156
22,,2003-01,2종,22617
22,,2003-01,3종,18649
22,,2003-01,4종,8295
22,,2003-01,5종,16326
22,,2003-01,6종,19188
53,남인천,2003-01,1종,1471362
53,남인천,2003-01,2종,79163
53,남인천,2003-01,3종,19894
53,남인천,2003-01,4종,21213
53,남인천,2003-01,5종,92858
53,남인천,2003-01,6종,82792
56,일로,2003-01,1종,17653
56,일로,2003-01,2종,998
56,일로,2003-01,3종,65
56,일로,2003-01,4종,156
56,일로,2003-01,5종,253
56,일로,2003-01,6종,983
61,성남,2003-01,1종,2353808
61,성남,2003-01,2종,178624
61,성남,2003-01,3종,63566
61,성남,2003-01,4종,28175
61,성남,2003-01,5종,40663
61,성남,2003-01,6종,104359
62,구리남양주,2003-01,1종,3244926
62,구리남양주,2003-01,2종,232452
62,구리남양주,2003-01,3종,57582
62,구리남양주,2003-01,4종,46024
62,구리남양주,2003-01,5종,55217
62,구리남양주,2003-01,6종,145880
63,토평,2003-01,1종,554548
63,토평,2003-01,2종,20291
63,토평,2003-01,3종,6877
63,토평,2003-01,4종,7375
63,토평,2003-01,5종,7967
63,토평,2003-01,6종,26435
64,청계,2003-01,1종,3589556
64,청계,2003-01,2종,216693
64,청계,2003-01,3종,70976
64,청계,2003-01,4종,30394
64,청계,2003-01,5종,64058
64,청계,2003-01,6종,168168
65,판교,2003-01,1종,1952162
65,판교,2003-01,2종,60480
65,판교,2003-01,3종,86586
65,판교,2003-01,4종,15250
65,판교,2003-01,5종,10639
65,판교,2003-01,6종,76023
66,하남,2003-01,1종,318192
66,하남,2003-01,2종,23174
66,하남,2003-01,3종,10351
66,하남,2003-01,4종,7894
66,하남,2003-01,5종,5598
66,하남,2003-01,6종,13895
67,시흥,2003-01,1종,3083568
67,시흥,2003-01,2종,206016
67,시흥,2003-01,3종,54704
67,시흥,2003-01,4종,33736
67,시흥,2003-01,5종,38378
67,시흥,2003-01,6종,142122
68,김포,2003-01,1종,3078663
68,김포,2003-01,2종,213855
68,김포,2003-01,3종,33923
68,김포,2003-01,4종,34029
68,김포,2003-01,5종,66804
68,김포,2003-01,6종,144517
91,대동(개),2003-01,1종,125143
91,대동(개),2003-01,2종,12329
91,대동(개),2003-01,3종,1062
91,대동(개),2003-01,4종,30902
91,대동(개),2003-01,5종,9227
91,대동(개),2003-01,6종,7459
101,서울,2003-01,1종,4671245
101,서울,2003-01,2종,300443
101,서울,2003-01,3종,342965
101,서울,2003-01,4종,56224
101,서울,2003-01,5종,46314
101,서울,2003-01,6종,177984
102,동수원,2003-01,1종,1585173
102,동수원,2003-01,2종,73084
102,동수원,2003-01,3종,48926
102,동수원,2003-01,4종,20347
102,동수원,2003-01,5종,26938
102,동수원,2003-01,6종,75550
103,수원신갈,2003-01,1종,2008739
103,수원신갈,2003-01,2종,137160
103,수원신갈,2003-01,3종,71691
103,수원신갈,2003-01,4종,27011
103,수원신갈,2003-01,5종,30085
103,수원신갈,2003-01,6종,89163
104,지곡,2003-01,1종,35084
104,지곡,2003-01,2종,3086
104,지곡,2003-01,3종,600
104,지곡,2003-01,4종,883
104,지곡,2003-01,5종,1233
104,지곡,2003-01,6종,1256
105,기흥,2003-01,1종,662033
105,기흥,2003-01,2종,81679
105,기흥,2003-01,3종,19884
105,기흥,2003-01,4종,15922
105,기흥,2003-01,5종,21349
105,기흥,2003-01,6종,25074
106,오산,2003-01,1종,933144
106,오산,2003-01,2종,117886
106,오산,2003-01,3종,46903
106,오산,2003-01,4종,28528
106,오산,2003-01,5종,28025
106,오산,2003-01,6종,41373
107,안성,2003-01,1종,821600
107,안성,2003-01,2종,96488
107,안성,2003-01,3종,39738
107,안성,2003-01,4종,21696
107,안성,2003-01,5종,26413
107,안성,2003-01,6종,32497
108,천안,2003-01,1종,1114191
108,천안,2003-01,2종,94930
108,천안,2003-01,3종,60730
108,천안,2003-01,4종,27806
108,천안,2003-01,5종,29863
108,천안,2003-01,6종,38466
109,계룡,2003-01,1종,107951
109,계룡,2003-01,2종,12963
109,계룡,2003-01,3종,9920
109,계룡,2003-01,4종,5700
109,계룡,2003-01,5종,1886
109,계룡,2003-01,6종,5125
110,독립기념관,2003-01,1종,246179
110,독립기념관,2003-01,2종,37273
110,독립기념관,2003-01,3종,11300
110,독립기념관,2003-01,4종,11730
110,독립기념관,2003-01,5종,15775
110,독립기념관,2003-01,6종,8395
111,청주,2003-01,1종,465068
111,청주,2003-01,2종,46248
111,청주,2003-01,3종,40519
111,청주,2003-01,4종,13828
111,청주,2003-01,5종,18229
111,청주,2003-01,6종,17205
112,남청주,2003-01,1종,377257
112,남청주,2003-01,2종,69379
112,남청주,2003-01,3종,20783
112,남청주,2003-01,4종,30635
112,남청주,2003-01,5종,32292
112,남청주,2003-01,6종,13710
113,신탄진,2003-01,1종,394082
113,신탄진,2003-01,2종,62643
113,신탄진,2003-01,3종,16063
113,신탄진,2003-01,4종,30420
113,신탄진,2003-01,5종,32596
113,신탄진,2003-01,6종,15164
114,남대전,2003-01,1종,238588
114,남대전,2003-01,2종,11850
114,남대전,2003-01,3종,2133
114,남대전,2003-01,4종,3348
114,남대전,2003-01,5종,2736
114,남대전,2003-01,6종,9990
115,대전,2003-01,1종,1101590
115,대전,2003-01,2종,68725
115,대전,2003-01,3종,75266
115,대전,2003-01,4종,13612
115,대전,2003-01,5종,18745
115,대전,2003-01,6종,45596
116,옥천,2003-01,1종,368927
116,옥천,2003-01,2종,36808
116,옥천,2003-01,3종,7921
116,옥천,2003-01,4종,10518
116,옥천,2003-01,5종,9811
116,옥천,2003-01,6종,16596
117,금강,2003-01,1종,9450
117,금강,2003-01,2종,555
117,금강,2003-01,3종,76
117,금강,2003-01,4종,195
117,금강,2003-01,5종,94
117,금강,2003-01,6종,503
118,영동,2003-01,1종,103717
118,영동,2003-01,2종,11293
118,영동,2003-01,3종,4284
118,영동,2003-01,4종,3518
118,영동,2003-01,5종,11091
118,영동,2003-01,6종,3503
119,판암,2003-01,1종,283557
119,판암,2003-01,2종,14778
119,판암,2003-01,3종,2660
119,판암,2003-01,4종,8747
119,판암,2003-01,5종,5530
119,판암,2003-01,6종,13924
120,황간,2003-01,1종,67981
120,황간,2003-01,2종,6617
120,황간,2003-01,3종,1982
120,황간,2003-01,4종,1823
120,황간,2003-01,5종,2081
120,황간,2003-01,6종,2708
121,추풍령,2003-01,1종,37098
121,추풍령,2003-01,2종,3983
121,추풍령,2003-01,3종,987
121,추풍령,2003-01,4종,1592
121,추풍령,2003-01,5종,1477
121,추풍령,2003-01,6종,2699
122,김천,2003-01,1종,248199
122,김천,2003-01,2종,31851
122,김천,2003-01,3종,16167
122,김천,2003-01,4종,13123
122,김천,2003-01,5종,13328
122,김천,2003-01,6종,9993
123,구미,2003-01,1종,553238
123,구미,2003-01,2종,32504
123,구미,2003-01,3종,18860
123,구미,2003-01,4종,13616
123,구미,2003-01,5종,13930
123,구미,2003-01,6종,27191
124,상주,2003-01,1종,191270
124,상주,2003-01,2종,12074
124,상주,2003-01,3종,5576
124,상주,2003-01,4종,3432
124,상주,2003-01,5종,7385
124,상주,2003-01,6종,8865
125,남구미,2003-01,1종,326238
125,남구미,2003-01,2종,39741
125,남구미,2003-01,3종,25881
125,남구미,2003-01,4종,15627
125,남구미,2003-01,5종,50406
125,남구미,2003-01,6종,16356
126,왜관,2003-01,1종,443253
126,왜관,2003-01,2종,50069
126,왜관,2003-01,3종,22398
126,왜관,2003-01,4종,17416
126,왜관,2003-01,5종,32038
126,왜관,2003-01,6종,22695
127,서대구,2003-01,1종,1993687
127,서대구,2003-01,2종,220895
127,서대구,2003-01,3종,85750
127,서대구,2003-01,4종,63054
127,서대구,2003-01,5종,102937
127,서대구,2003-01,6종,101941
129,북대구,2003-01,1종,1124979
129,북대구,2003-01,2종,80286
129,북대구,2003-01,3종,26436
129,북대구,2003-01,4종,19479
129,북대구,2003-01,5종,33076
129,북대구,2003-01,6종,51559
130,동김천,2003-01,1종,1012205
130,동김천,2003-01,2종,68876
130,동김천,2003-01,3종,40615
130,동김천,2003-01,4종,28495
130,동김천,2003-01,5종,39783
130,동김천,2003-01,6종,52162
131,경산,2003-01,1종,666327
131,경산,2003-01,2종,92510
131,경산,2003-01,3종,17784
131,경산,2003-01,4종,19435
131,경산,2003-01,5종,27295
131,경산,2003-01,6종,40168
132,영천,2003-01,1종,452161
132,영천,2003-01,2종,51333
132,영천,2003-01,3종,30628
132,영천,2003-01,4종,17535
132,영천,2003-01,5종,61054
132,영천,2003-01,6종,18183
133,서경주,2003-01,1종,76532
133,서경주,2003-01,2종,6526
133,서경주,2003-01,3종,1716
133,서경주,2003-01,4종,1919
133,서경주,2003-01,5종,4028
133,서경주,2003-01,6종,2814
134,선산,2003-01,1종,65587
134,선산,2003-01,2종,5077
134,선산,2003-01,3종,861
134,선산,2003-01,4종,1060
134,선산,2003-01,5종,1240
134,선산,2003-01,6종,2895
135,경주,2003-01,1종,944394
135,경주,2003-01,2종,79432
135,경주,2003-01,3종,67422
135,경주,2003-01,4종,29281
135,경주,2003-01,5종,88770
135,경주,2003-01,6종,38366
136,음성,2003-01,1종,152524
136,음성,2003-01,2종,8545
136,음성,2003-01,3종,5065
136,음성,2003-01,4종,4215
136,음성,2003-01,5종,4009
136,음성,2003-01,6종,9332
137,통도사,2003-01,1종,370952
137,통도사,2003-01,2종,36287
137,통도사,2003-01,3종,17724
137,통도사,2003-01,4종,16245
137,통도사,2003-01,5종,19527
137,통도사,2003-01,6종,18407
138,양산,2003-01,1종,708833
138,양산,2003-01,2종,90850
138,양산,2003-01,3종,29207
138,양산,2003-01,4종,43407
138,양산,2003-01,5종,46157
138,양산,2003-01,6종,44606
139,서울산,2003-01,1종,381796
139,서울산,2003-01,2종,28267
139,서울산,2003-01,3종,17810
139,서울산,2003-01,4종,10600
139,서울산,2003-01,5종,12549
139,서울산,2003-01,6종,20663
140,부산,2003-01,1종,1506269
140,부산,2003-01,2종,92264
140,부산,2003-01,3종,79623
140,부산,2003-01,4종,44530
140,부산,2003-01,5종,113994
140,부산,2003-01,6종,80250
141,,2003-01,1종,1098830
141,,2003-01,2종,95610
141,,2003-01,3종,49543
141,,2003-01,4종,55689
141,,2003-01,5종,127130
141,,2003-01,6종,55522
142,군북,2003-01,1종,232611
142,군북,2003-01,2종,16850
142,군북,2003-01,3종,7203
142,군북,2003-01,4종,9650
142,군북,2003-01,5종,11676
142,군북,2003-01,6종,13529
143,장지,2003-01,1종,74063
143,장지,2003-01,2종,8281
143,장지,2003-01,3종,978
143,장지,2003-01,4종,2145
143,장지,2003-01,5종,9219
143,장지,2003-01,6종,4686
144,함안,2003-01,1종,341439
144,함안,2003-01,2종,27138
144,함안,2003-01,3종,8082
144,함안,2003-01,4종,8734
144,함안,2003-01,5종,14471
144,함안,2003-01,6종,25515
145,산인,2003-01,1종,655229
145,산인,2003-01,2종,40356
145,산인,2003-01,3종,36169
145,산인,2003-01,4종,17577
145,산인,2003-01,5종,22720
145,산인,2003-01,6종,43369
146,동창원,2003-01,1종,580419
146,동창원,2003-01,2종,50232
146,동창원,2003-01,3종,8065
146,동창원,2003-01,4종,12408
146,동창원,2003-01,5종,41389
146,동창원,2003-01,6종,36784
147,진례,2003-01,1종,485142
147,진례,2003-01,2종,74162
147,진례,2003-01,3종,6516
147,진례,2003-01,4종,15449
147,진례,2003-01,5종,24267
147,진례,2003-01,6종,28302
148,서김해,2003-01,1종,626003
148,서김해,2003-01,2종,46818
148,서김해,2003-01,3종,9761
148,서김해,2003-01,4종,11466
148,서김해,2003-01,5종,17285
148,서김해,2003-01,6종,43593
149,동김해,2003-01,1종,1088846
149,동김해,2003-01,2종,67871
149,동김해,2003-01,3종,14545
149,동김해,2003-01,4종,19228
149,동김해,2003-01,5종,23188
149,동김해,2003-01,6종,87848
150,북부산,2003-01,1종,2427658
150,북부산,2003-01,2종,165965
150,북부산,2003-01,3종,61673
150,북부산,2003-01,4종,54384
150,북부산,2003-01,5종,114658
150,북부산,2003-01,6종,158158
151,북대전,2003-01,1종,438807
151,북대전,2003-01,2종,20348
151,북대전,2003-01,3종,14374
151,북대전,2003-01,4종,8645
151,북대전,2003-01,5종,8367
151,북대전,2003-01,6종,18595
152,유성,2003-01,1종,698195
152,유성,2003-01,2종,43432
152,유성,2003-01,3종,22545
152,유성,2003-01,4종,11272
152,유성,2003-01,5종,16395
152,유성,2003-01,6종,26151
153,서대전,2003-01,1종,480652
153,서대전,2003-01,2종,29926
153,서대전,2003-01,3종,8713
153,서대전,2003-01,4종,7441
153,서대전,2003-01,5종,9217
153,서대전,2003-01,6종,21741
154,안영,2003-01,1종,267635
154,안영,2003-01,2종,15938
154,안영,2003-01,3종,2441
154,안영,2003-01,4종,4262
154,안영,2003-01,5종,6907
154,안영,2003-01,6종,10833
155,논산,2003-01,1종,219064
155,논산,2003-01,2종,38341
155,논산,2003-01,3종,10887
155,논산,2003-01,4종,16584
155,논산,2003-01,5종,18027
155,논산,2003-01,6종,7206
156,익산,2003-01,1종,248702
156,익산,2003-01,2종,41626
156,익산,2003-01,3종,17913
156,익산,2003-01,4종,18321
156,익산,2003-01,5종,29967
156,익산,2003-01,6종,7224
157,삼례,2003-01,1종,68364
157,삼례,2003-01,2종,9247
157,삼례,2003-01,3종,2373
157,삼례,2003-01,4종,3686
157,삼례,2003-01,5종,3950
157,삼례,2003-01,6종,2189
158,전주,2003-01,1종,478362
158,전주,2003-01,2종,42637
158,전주,2003-01,3종,40276
158,전주,2003-01,4종,13869
158,전주,2003-01,5종,29179
158,전주,2003-01,6종,13947
159,서전주,2003-01,1종,133550
159,서전주,2003-01,2종,10381
159,서전주,2003-01,3종,2342
159,서전주,2003-01,4종,3455
159,서전주,2003-01,5종,2856
159,서전주,2003-01,6종,3803
160,김제,2003-01,1종,106421
160,김제,2003-01,2종,9353
160,김제,2003-01,3종,7689
160,김제,2003-01,4종,2197
160,김제,2003-01,5종,1744
160,김제,2003-01,6종,3231
161,금산사,2003-01,1종,42228
161,금산사,2003-01,2종,7415
161,금산사,2003-01,3종,785
161,금산사,2003-01,4종,1097
161,금산사,2003-01,5종,2344
161,금산사,2003-01,6종,1164
162,태인,2003-01,1종,81038
162,태인,2003-01,2종,13120
162,태인,2003-01,3종,3401
162,태인,2003-01,4종,3167
162,태인,2003-01,5종,4096
162,태인,2003-01,6종,2244
163,정읍,2003-01,1종,333832
163,정읍,2003-01,2종,41848
163,정읍,2003-01,3종,23188
163,정읍,2003-01,4종,7634
163,정읍,2003-01,5종,10412
163,정읍,2003-01,6종,9814
164,무주,2003-01,1종,201832
164,무주,2003-01,2종,4619
164,무주,2003-01,3종,4039
164,무주,2003-01,4종,1204
164,무주,2003-01,5종,1354
164,무주,2003-01,6종,5266
165,백양사,2003-01,1종,85214
165,백양사,2003-01,2종,6474
165,백양사,2003-01,3종,4089
165,백양사,2003-01,4종,1391
165,백양사,2003-01,5종,1170
165,백양사,2003-01,6종,2396
166,장성,2003-01,1종,165733
166,장성,2003-01,2종,11518
166,장성,2003-01,3종,10325
166,장성,2003-01,4종,2641
166,장성,2003-01,5종,6199
166,장성,2003-01,6종,6995
167,광주,2003-01,1종,857632
167,광주,2003-01,2종,81995
167,광주,2003-01,3종,68813
167,광주,2003-01,4종,26526
167,광주,2003-01,5종,31665
167,광주,2003-01,6종,24847
168,덕유산,2003-01,1종,65191
168,덕유산,2003-01,2종,2402
168,덕유산,2003-01,3종,4023
168,덕유산,2003-01,4종,413
168,덕유산,2003-01,5종,965
168,덕유산,2003-01,6종,1339
169,장수,2003-01,1종,77888
169,장수,2003-01,2종,11810
169,장수,2003-01,3종,5426
169,장수,2003-01,4종,3853
169,장수,2003-01,5종,6743
169,장수,2003-01,6종,1940
170,서상,2003-01,1종,29073
170,서상,2003-01,2종,3467
170,서상,2003-01,3종,2488
170,서상,2003-01,4종,798
170,서상,2003-01,5종,1092
170,서상,2003-01,6종,985
171,마성,2003-01,1종,234590
171,마성,2003-01,2종,6318
171,마성,2003-01,3종,15547
171,마성,2003-01,4종,821
171,마성,2003-01,5종,373
171,마성,2003-01,6종,11189
172,용인,2003-01,1종,682246
172,용인,2003-01,2종,88190
172,용인,2003-01,3종,20154
172,용인,2003-01,4종,13330
172,용인,2003-01,5종,13577
172,용인,2003-01,6종,34545
173,양지,2003-01,1종,485780
173,양지,2003-01,2종,73220
173,양지,2003-01,3종,16301
173,양지,2003-01,4종,17263
173,양지,2003-01,5종,21156
173,양지,2003-01,6종,18588
174,춘천,2003-01,1종,392320
174,춘천,2003-01,2종,18510
174,춘천,2003-01,3종,12553
174,춘천,2003-01,4종,4176
174,춘천,2003-01,5종,2792
174,춘천,2003-01,6종,19991
175,덕평,2003-01,1종,297906
175,덕평,2003-01,2종,23310
175,덕평,2003-01,3종,9364
175,덕평,2003-01,4종,6664
175,덕평,2003-01,5종,6102
175,덕평,2003-01,6종,10906
176,이천,2003-01,1종,475385
176,이천,2003-01,2종,54534
176,이천,2003-01,3종,25836
176,이천,2003-01,4종,19533
176,이천,2003-01,5종,26317
176,이천,2003-01,6종,19032
177,여주,2003-01,1종,262415
177,여주,2003-01,2종,25543
177,여주,2003-01,3종,9653
177,여주,2003-01,4종,7401
177,여주,2003-01,5종,8829
177,여주,2003-01,6종,9706
178,문막,2003-01,1종,216037
178,문막,2003-01,2종,23687
178,문막,2003-01,3종,9550
178,문막,2003-01,4종,6217
178,문막,2003-01,5종,11808
178,문막,2003-01,6종,7573
179,홍천,2003-01,1종,275812
179,홍천,2003-01,2종,13111
179,홍천,2003-01,3종,7120
179,홍천,2003-01,4종,4056
179,홍천,2003-01,5종,2157
179,홍천,2003-01,6종,13644
180,원주,2003-01,1종,242764
180,원주,2003-01,2종,22897
180,원주,2003-01,3종,24311
180,원주,2003-01,4종,5674
180,원주,2003-01,5종,7217
180,원주,2003-01,6종,9708
181,새말,2003-01,1종,142220
181,새말,2003-01,2종,11668
181,새말,2003-01,3종,18548
181,새말,2003-01,4종,2814
181,새말,2003-01,5종,2598
181,새말,2003-01,6종,4755
182,둔내,2003-01,1종,185262
182,둔내,2003-01,2종,4750
182,둔내,2003-01,3종,5672
182,둔내,2003-01,4종,708
182,둔내,2003-01,5종,320
182,둔내,2003-01,6종,4750
183,면온,2003-01,1종,162230
183,면온,2003-01,2종,2681
183,면온,2003-01,3종,10563
183,면온,2003-01,4종,1361
183,면온,2003-01,5종,454
183,면온,2003-01,6종,3470
184,대관령,2003-01,1종,256495
184,대관령,2003-01,2종,5678
184,대관령,2003-01,3종,18243
184,대관령,2003-01,4종,1152
184,대관령,2003-01,5종,505
184,대관령,2003-01,6종,6629
185,평창,2003-01,1종,97440
185,평창,2003-01,2종,5053
185,평창,2003-01,3종,11655
185,평창,2003-01,4종,903
185,평창,2003-01,5종,1555
185,평창,2003-01,6종,3748
186,속사,2003-01,1종,30811
186,속사,2003-01,2종,1759
186,속사,2003-01,3종,1181
186,속사,2003-01,4종,406
186,속사,2003-01,5종,118
186,속사,2003-01,6종,1003
187,진부,2003-01,1종,112224
187,진부,2003-01,2종,6103
187,진부,2003-01,3종,11471
187,진부,2003-01,4종,1088
187,진부,2003-01,5종,582
187,진부,2003-01,6종,4310
189,강릉,2003-01,1종,500235
189,강릉,2003-01,2종,26569
189,강릉,2003-01,3종,31632
189,강릉,2003-01,4종,8109
189,강릉,2003-01,5종,10945
189,강릉,2003-01,6종,17553
190,동서울,2003-01,1종,2568250
190,동서울,2003-01,2종,218485
190,동서울,2003-01,3종,130697
190,동서울,2003-01,4종,40183
190,동서울,2003-01,5종,49358
190,동서울,2003-01,6종,85553
191,경기광주,2003-01,1종,547370
191,경기광주,2003-01,2종,44189
191,경기광주,2003-01,3종,19374
191,경기광주,2003-01,4종,5545
191,경기광주,2003-01,5종,10800
191,경기광주,2003-01,6종,24328
192,곤지암,2003-01,1종,524397
192,곤지암,2003-01,2종,77177
192,곤지암,2003-01,3종,13020
192,곤지암,2003-01,4종,12924
192,곤지암,2003-01,5종,13869
192,곤지암,2003-01,6종,19748
193,일죽,2003-01,1종,365081
193,일죽,2003-01,2종,62493
193,일죽,2003-01,3종,21637
193,일죽,2003-01,4종,14554
193,일죽,2003-01,5종,17369
193,일죽,2003-01,6종,11635
194,서이천,2003-01,1종,250246
194,서이천,2003-01,2종,22592
194,서이천,2003-01,3종,11069
194,서이천,2003-01,4종,5449
194,서이천,2003-01,5종,4641
194,서이천,2003-01,6종,9770
195,대소,2003-01,1종,285083
195,대소,2003-01,2종,49822
195,대소,2003-01,3종,11504
195,대소,2003-01,4종,11099
195,대소,2003-01,5종,11091
195,대소,2003-01,6종,9583
196,진천,2003-01,1종,233435
196,진천,2003-01,2종,31900
196,진천,2003-01,3종,7579
196,진천,2003-01,4종,7795
196,진천,2003-01,5종,11034
196,진천,2003-01,6종,8930
197,증평,2003-01,1종,270330
197,증평,2003-01,2종,37533
197,증평,2003-01,3종,7894
197,증평,2003-01,4종,8271
197,증평,2003-01,5종,13406
197,증평,2003-01,6종,9188
198,서청주,2003-01,1종,469100
198,서청주,2003-01,2종,48501
198,서청주,2003-01,3종,22942
198,서청주,2003-01,4종,18379
198,서청주,2003-01,5종,16103
198,서청주,2003-01,6종,18015
199,오창,2003-01,1종,209750
199,오창,2003-01,2종,20225
199,오창,2003-01,3종,9240
199,오창,2003-01,4종,5086
199,오창,2003-01,5종,5653
199,오창,2003-01,6종,7318
200,금산,2003-01,1종,182284
200,금산,2003-01,2종,8953
200,금산,2003-01,3종,1978
200,금산,2003-01,4종,2023
200,금산,2003-01,5종,3079
200,금산,2003-01,6종,6781
201,칠곡,2003-01,1종,662850
201,칠곡,2003-01,2종,33285
201,칠곡,2003-01,3종,11246
201,칠곡,2003-01,4종,10997
201,칠곡,2003-01,5종,11062
201,칠곡,2003-01,6종,44581
202,다부,2003-01,1종,99210
202,다부,2003-01,2종,8111
202,다부,2003-01,3종,2186
202,다부,2003-01,4종,2662
202,다부,2003-01,5종,4974
202,다부,2003-01,6종,4346
203,가산,2003-01,1종,334254
203,가산,2003-01,2종,25516
203,가산,2003-01,3종,7854
203,가산,2003-01,4종,5960
203,가산,2003-01,5종,11357
203,가산,2003-01,6종,13882
204,추부,2003-01,1종,201402
204,추부,2003-01,2종,15570
204,추부,2003-01,3종,2535
204,추부,2003-01,4종,4996
204,추부,2003-01,5종,3469
204,추부,2003-01,6종,9720
205,군위,2003-01,1종,92346
205,군위,2003-01,2종,10291
205,군위,2003-01,3종,1181
205,군위,2003-01,4종,1627
205,군위,2003-01,5종,2440
205,군위,2003-01,6종,3716
206,의성,2003-01,1종,143862
206,의성,2003-01,2종,10228
206,의성,2003-01,3종,2177
206,의성,2003-01,4종,2031
206,의성,2003-01,5종,3509
206,의성,2003-01,6종,5589
207,남안동,2003-01,1종,204926
207,남안동,2003-01,2종,11698
207,남안동,2003-01,3종,9501
207,남안동,2003-01,4종,2222
207,남안동,2003-01,5종,6882
207,남안동,2003-01,6종,8734
208,서안동,2003-01,1종,188730
208,서안동,2003-01,2종,12986
208,서안동,2003-01,3종,5522
208,서안동,2003-01,4종,2043
208,서안동,2003-01,5종,8753
208,서안동,2003-01,6종,6999
209,예천,2003-01,1종,43332
209,예천,2003-01,2종,1910
209,예천,2003-01,3종,397
209,예천,2003-01,4종,305
209,예천,2003-01,5종,1895
209,예천,2003-01,6종,1748
210,영주,2003-01,1종,139690
210,영주,2003-01,2종,9512
210,영주,2003-01,3종,5165
210,영주,2003-01,4종,1798
210,영주,2003-01,5종,6859
210,영주,2003-01,6종,5891
211,풍기,2003-01,1종,144269
211,풍기,2003-01,2종,10480
211,풍기,2003-01,3종,7470
211,풍기,2003-01,4종,955
211,풍기,2003-01,5종,3483
211,풍기,2003-01,6종,5540
212,북수원,2003-01,1종,1087120
212,북수원,2003-01,2종,81597
212,북수원,2003-01,3종,33388
212,북수원,2003-01,4종,29029
212,북수원,2003-01,5종,22314
212,북수원,2003-01,6종,49456
213,부곡,2003-01,1종,211666
213,부곡,2003-01,2종,14068
213,부곡,2003-01,3종,3360
213,부곡,2003-01,4종,5918
213,부곡,2003-01,5종,53375
213,부곡,2003-01,6종,10874
214,동군포,2003-01,1종,99771
214,동군포,2003-01,2종,23479
214,동군포,2003-01,3종,7369
214,동군포,2003-01,4종,13756
214,동군포,2003-01,5종,5649
214,동군포,2003-01,6종,4863
215,군포,2003-01,1종,565741
215,군포,2003-01,2종,66854
215,군포,2003-01,3종,13010
215,군포,2003-01,4종,14444
215,군포,2003-01,5종,21818
215,군포,2003-01,6종,27096
216,횡성,2003-01,1종,99235
216,횡성,2003-01,2종,6422
216,횡성,2003-01,3종,3326
216,횡성,2003-01,4종,1194
216,횡성,2003-01,5종,1282
216,횡성,2003-01,6종,4418
217,북원주,2003-01,1종,45718
217,북원주,2003-01,2종,3227
217,북원주,2003-01,3종,353
217,북원주,2003-01,4종,779
217,북원주,2003-01,5종,532
217,북원주,2003-01,6종,2250
218,남원주,2003-01,1종,446059
218,남원주,2003-01,2종,25813
218,남원주,2003-01,3종,19556
218,남원주,2003-01,4종,4713
218,남원주,2003-01,5종,6280
218,남원주,2003-01,6종,19104
219,신림,2003-01,1종,76062
219,신림,2003-01,2종,5751
219,신림,2003-01,3종,3919
219,신림,2003-01,4종,915
219,신림,2003-01,5종,7955
219,신림,2003-01,6종,3391
221,생초,2003-01,1종,44861
221,생초,2003-01,2종,5531
221,생초,2003-01,3종,1263
221,생초,2003-01,4종,2945
221,생초,2003-01,5종,6508
221,생초,2003-01,6종,1840
222,산청,2003-01,1종,47056
222,산청,2003-01,2종,2957
222,산청,2003-01,3종,1123
222,산청,2003-01,4종,803
222,산청,2003-01,5종,1627
222,산청,2003-01,6종,2042
223,단성,2003-01,1종,78680
223,단성,2003-01,2종,5825
223,단성,2003-01,3종,2096
223,단성,2003-01,4종,1264
223,단성,2003-01,5종,2368
223,단성,2003-01,6종,2903
224,함양,2003-01,1종,108393
224,함양,2003-01,2종,7094
224,함양,2003-01,3종,5224
224,함양,2003-01,4종,2094
224,함양,2003-01,5종,4767
224,함양,2003-01,6종,4970
225,서진주,2003-01,1종,317698
225,서진주,2003-01,2종,11478
225,서진주,2003-01,3종,3159
225,서진주,2003-01,4종,2071
225,서진주,2003-01,5종,4641
225,서진주,2003-01,6종,20710
227,군산,2003-01,1종,118786
227,군산,2003-01,2종,8195
227,군산,2003-01,3종,4189
227,군산,2003-01,4종,2763
227,군산,2003-01,5종,6067
227,군산,2003-01,6종,3473
228,동군산,2003-01,1종,306707
228,동군산,2003-01,2종,29026
228,동군산,2003-01,3종,7836
228,동군산,2003-01,4종,8243
228,동군산,2003-01,5종,24515
228,동군산,2003-01,6종,8469
231,화원옥포,2003-01,1종,1361842
231,화원옥포,2003-01,2종,164900
231,화원옥포,2003-01,3종,63746
231,화원옥포,2003-01,4종,38943
231,화원옥포,2003-01,5종,88798
231,화원옥포,2003-01,6종,63350
232,달성,2003-01,1종,213875
232,달성,2003-01,2종,28403
232,달성,2003-01,3종,9984
232,달성,2003-01,4종,5190
232,달성,2003-01,5종,4055
232,달성,2003-01,6종,16449
233,현풍,2003-01,1종,220708
233,현풍,2003-01,2종,31492
233,현풍,2003-01,3종,5684
233,현풍,2003-01,4종,9531
233,현풍,2003-01,5종,15628
233,현풍,2003-01,6종,10309
234,서천,2003-01,1종,102297
234,서천,2003-01,2종,10930
234,서천,2003-01,3종,702
234,서천,2003-01,4종,2848
234,서천,2003-01,5종,3892
234,서천,2003-01,6종,3357
235,창녕,2003-01,1종,168202
235,창녕,2003-01,2종,13924
235,창녕,2003-01,3종,6602
235,창녕,2003-01,4종,2285
235,창녕,2003-01,5종,3608
235,창녕,2003-01,6종,8517
236,영산,2003-01,1종,176781
236,영산,2003-01,2종,14972
236,영산,2003-01,3종,6958
236,영산,2003-01,4종,2869
236,영산,2003-01,5종,3180
236,영산,2003-01,6종,9002
237,남지,2003-01,1종,122278
237,남지,2003-01,2종,9975
237,남지,2003-01,3종,7447
237,남지,2003-01,4종,5041
237,남지,2003-01,5종,7075
237,남지,2003-01,6종,8147
238,칠서,2003-01,1종,183443
238,칠서,2003-01,2종,24369
238,칠서,2003-01,3종,4159
238,칠서,2003-01,4종,14584
238,칠서,2003-01,5종,15287
238,칠서,2003-01,6종,11740
239,칠원,2003-01,1종,419253
239,칠원,2003-01,2종,37872
239,칠원,2003-01,3종,21338
239,칠원,2003-01,4종,20059
239,칠원,2003-01,5종,20981
239,칠원,2003-01,6종,24415
240,제천,2003-01,1종,298226
240,제천,2003-01,2종,19358
240,제천,2003-01,3종,15483
240,제천,2003-01,4종,3857
240,제천,2003-01,5종,27445
240,제천,2003-01,6종,11117
241,동고령,2003-01,1종,143892
241,동고령,2003-01,2종,13052
241,동고령,2003-01,3종,8197
241,동고령,2003-01,4종,2648
241,동고령,2003-01,5종,6571
241,동고령,2003-01,6종,6991
242,고령,2003-01,1종,136993
242,고령,2003-01,2종,12246
242,고령,2003-01,3종,2955
242,고령,2003-01,4종,1975
242,고령,2003-01,5종,3647
242,고령,2003-01,6종,6328
243,해인사,2003-01,1종,78914
243,해인사,2003-01,2종,5116
243,해인사,2003-01,3종,1404
243,해인사,2003-01,4종,533
243,해인사,2003-01,5종,414
243,해인사,2003-01,6종,3741
244,서부산,2003-01,1종,1865034
244,서부산,2003-01,2종,156338
244,서부산,2003-01,3종,75059
244,서부산,2003-01,4종,58171
244,서부산,2003-01,5종,159838
244,서부산,2003-01,6종,106055
245,장유,2003-01,1종,1250474
245,장유,2003-01,2종,84002
245,장유,2003-01,3종,28068
245,장유,2003-01,4종,18251
245,장유,2003-01,5종,48232
245,장유,2003-01,6종,87519
246,가락,2003-01,1종,349099
246,가락,2003-01,2종,40675
246,가락,2003-01,3종,5951
246,가락,2003-01,4종,23586
246,가락,2003-01,5종,38450
246,가락,2003-01,6종,22283
247,남원,2003-01,1종,167605
247,남원,2003-01,2종,15270
247,남원,2003-01,3종,9294
247,남원,2003-01,4종,5480
247,남원,2003-01,5종,9572
247,남원,2003-01,6종,5360
248,순창,2003-01,1종,65692
248,순창,2003-01,2종,4061
248,순창,2003-01,3종,811
248,순창,2003-01,4종,1000
248,순창,2003-01,5종,840
248,순창,2003-01,6종,2469
249,담양,2003-01,1종,115011
249,담양,2003-01,2종,7221
249,담양,2003-01,3종,10057
249,담양,2003-01,4종,1322
249,담양,2003-01,5종,3069
249,담양,2003-01,6종,4466
250,남양산,2003-01,1종,737478
250,남양산,2003-01,2종,71403
250,남양산,2003-01,3종,15175
250,남양산,2003-01,4종,26740
250,남양산,2003-01,5종,37661
250,남양산,2003-01,6종,48552
251,물금,2003-01,1종,166262
251,물금,2003-01,2종,29118
251,물금,2003-01,3종,7379
251,물금,2003-01,4종,17685
251,물금,2003-01,5종,96597
251,물금,2003-01,6종,9531
252,대동,2003-01,1종,1796623
252,대동,2003-01,2종,220007
252,대동,2003-01,3종,48536
252,대동,2003-01,4종,70297
252,대동,2003-01,5종,166199
252,대동,2003-01,6종,91013
253,서서울,2003-01,1종,3317861
253,서서울,2003-01,2종,276807
253,서서울,2003-01,3종,62413
253,서서울,2003-01,4종,54144
253,서서울,2003-01,5종,90810
253,서서울,2003-01,6종,132539
254,군자,2003-01,1종,2313044
254,군자,2003-01,2종,229160
254,군자,2003-01,3종,54892
254,군자,2003-01,4종,73313
254,군자,2003-01,5종,206353
254,군자,2003-01,6종,104378
255,서안산,2003-01,1종,941873
255,서안산,2003-01,2종,123283
255,서안산,2003-01,3종,11229
255,서안산,2003-01,4종,26166
255,서안산,2003-01,5종,41420
255,서안산,2003-01,6종,44574
256,안산,2003-01,1종,1039773
256,안산,2003-01,2종,37710
256,안산,2003-01,3종,8993
256,안산,2003-01,4종,5075
256,안산,2003-01,5종,7837
256,안산,2003-01,6종,57043
257,홍성,2003-01,1종,199299
257,홍성,2003-01,2종,12062
257,홍성,2003-01,3종,4211
257,홍성,2003-01,4종,1639
257,홍성,2003-01,5종,4784
257,홍성,2003-01,6종,5426
258,광천,2003-01,1종,82723
258,광천,2003-01,2종,9647
258,광천,2003-01,3종,642
258,광천,2003-01,4종,1297
258,광천,2003-01,5종,3682
258,광천,2003-01,6종,2143
259,대천,2003-01,1종,236135
259,대천,2003-01,2종,14483
259,대천,2003-01,3종,2170
259,대천,2003-01,4종,1992
259,대천,2003-01,5종,3149
259,대천,2003-01,6종,7259
260,춘장대,2003-01,1종,46410
260,춘장대,2003-01,2종,3083
260,춘장대,2003-01,3종,371
260,춘장대,2003-01,4종,503
260,춘장대,2003-01,5종,1730
260,춘장대,2003-01,6종,1265
261,동광주,2003-01,1종,969070
261,동광주,2003-01,2종,67609
261,동광주,2003-01,3종,50355
261,동광주,2003-01,4종,20332
261,동광주,2003-01,5종,45654
261,동광주,2003-01,6종,32568
262,창평,2003-01,1종,53346
262,창평,2003-01,2종,4201
262,창평,2003-01,3종,575
262,창평,2003-01,4종,979
262,창평,2003-01,5종,2013
262,창평,2003-01,6종,1622
263,옥과,2003-01,1종,142054
263,옥과,2003-01,2종,6926
263,옥과,2003-01,3종,9400
263,옥과,2003-01,4종,3025
263,옥과,2003-01,5종,3670
263,옥과,2003-01,6종,5709
264,동남원,2003-01,1종,43658
264,동남원,2003-01,2종,2894
264,동남원,2003-01,3종,2164
264,동남원,2003-01,4종,1272
264,동남원,2003-01,5종,2322
264,동남원,2003-01,6종,1350
265,곡성,2003-01,1종,114442
265,곡성,2003-01,2종,7317
265,곡성,2003-01,3종,3385
265,곡성,2003-01,4종,3364
265,곡성,2003-01,5종,5092
265,곡성,2003-01,6종,4089
266,석곡,2003-01,1종,44351
266,석곡,2003-01,2종,3032
266,석곡,2003-01,3종,1929
266,석곡,2003-01,4종,463
266,석곡,2003-01,5종,777
266,석곡,2003-01,6종,1769
267,주암송광사,2003-01,1종,97705
267,주암송광사,2003-01,2종,7509
267,주암송광사,2003-01,3종,2009
267,주암송광사,2003-01,4종,3160
267,주암송광사,2003-01,5종,5856
267,주암송광사,2003-01,6종,3158
268,승주,2003-01,1종,44489
268,승주,2003-01,2종,2188
268,승주,2003-01,3종,1470
268,승주,2003-01,4종,445
268,승주,2003-01,5종,741
268,승주,2003-01,6종,1924
269,지리산,2003-01,1종,54493
269,지리산,2003-01,2종,3514
269,지리산,2003-01,3종,1359
269,지리산,2003-01,4종,1083
269,지리산,2003-01,5종,509
269,지리산,2003-01,6종,1440
270,서순천,2003-01,1종,176228
270,서순천,2003-01,2종,10573
270,서순천,2003-01,3종,8934
270,서순천,2003-01,4종,2840
270,서순천,2003-01,5종,12488
270,서순천,2003-01,6종,6781
271,순천,2003-01,1종,478426
271,순천,2003-01,2종,30016
271,순천,2003-01,3종,14006
271,순천,2003-01,4종,10055
271,순천,2003-01,5종,31884
271,순천,2003-01,6종,18475
272,광양,2003-01,1종,176092
272,광양,2003-01,2종,27148
272,광양,2003-01,3종,9498
272,광양,2003-01,4종,15858
272,광양,2003-01,5종,54055
272,광양,2003-01,6종,6220
273,동광양,2003-01,1종,92334
273,동광양,2003-01,2종,3146
273,동광양,2003-01,3종,1349
273,동광양,2003-01,4종,1168
273,동광양,2003-01,5종,21975
273,동광양,2003-01,6종,5715
274,가조,2003-01,1종,72725
274,가조,2003-01,2종,3759
274,가조,2003-01,3종,2729
274,가조,2003-01,4종,1066
274,가조,2003-01,5종,536
274,가조,2003-01,6종,4509
275,옥곡,2003-01,1종,107155
275,옥곡,2003-01,2종,4770
275,옥곡,2003-01,3종,2647
275,옥곡,2003-01,4종,1126
275,옥곡,2003-01,5종,4037
275,옥곡,2003-01,6종,5347
276,진월,2003-01,1종,81470
276,진월,2003-01,2종,3801
276,진월,2003-01,3종,1400
276,진월,2003-01,4종,2812
276,진월,2003-01,5종,37559
276,진월,2003-01,6종,3512
277,하동,2003-01,1종,168973
277,하동,2003-01,2종,9860
277,하동,2003-01,3종,5647
277,하동,2003-01,4종,3350
277,하동,2003-01,5종,22033
277,하동,2003-01,6종,8235
278,진교,2003-01,1종,220204
278,진교,2003-01,2종,12652
278,진교,2003-01,3종,14769
278,진교,2003-01,4종,1842
278,진교,2003-01,5종,2621
278,진교,2003-01,6종,13440
279,곤양,2003-01,1종,134195
279,곤양,2003-01,2종,8004
279,곤양,2003-01,3종,5877
279,곤양,2003-01,4종,2271
279,곤양,2003-01,5종,3774
279,곤양,2003-01,6종,9452
280,거창,2003-01,1종,205743
280,거창,2003-01,2종,13588
280,거창,2003-01,3종,12943
280,거창,2003-01,4종,2754
280,거창,2003-01,5종,4500
280,거창,2003-01,6종,10309
281,매송,2003-01,1종,405128
281,매송,2003-01,2종,44833
281,매송,2003-01,3종,9685
281,매송,2003-01,4종,12410
281,매송,2003-01,5종,20960
281,매송,2003-01,6종,16983
282,비봉,2003-01,1종,420150
282,비봉,2003-01,2종,45517
282,비봉,2003-01,3종,4926
282,비봉,2003-01,4종,9707
282,비봉,2003-01,5종,22584
282,비봉,2003-01,6종,15616
283,발안,2003-01,1종,395604
283,발안,2003-01,2종,51975
283,발안,2003-01,3종,5631
283,발안,2003-01,4종,13626
283,발안,2003-01,5종,21810
283,발안,2003-01,6종,13585
284,남양양,2003-01,1종,259579
284,남양양,2003-01,2종,6694
284,남양양,2003-01,3종,9008
284,남양양,2003-01,4종,1661
284,남양양,2003-01,5종,1485
284,남양양,2003-01,6종,5843
285,서평택,2003-01,1종,556251
285,서평택,2003-01,2종,56109
285,서평택,2003-01,3종,10542
285,서평택,2003-01,4종,24840
285,서평택,2003-01,5종,65090
285,서평택,2003-01,6종,17778
287,송악,2003-01,1종,255887
287,송악,2003-01,2종,21326
287,송악,2003-01,3종,9097
287,송악,2003-01,4종,5812
287,송악,2003-01,5종,38322
287,송악,2003-01,6종,7229
288,당진,2003-01,1종,220245
288,당진,2003-01,2종,18110
288,당진,2003-01,3종,6859
288,당진,2003-01,4종,5873
288,당진,2003-01,5종,19485
288,당진,2003-01,6종,6885
289,마산,2003-01,1종,899261
289,마산,2003-01,2종,62956
289,마산,2003-01,3종,37913
289,마산,2003-01,4종,17861
289,마산,2003-01,5종,24684
289,마산,2003-01,6종,54466
290,축동,2003-01,1종,28756
290,축동,2003-01,2종,2663
290,축동,2003-01,3종,193
290,축동,2003-01,4종,852
290,축동,2003-01,5종,1472
290,축동,2003-01,6종,2055
291,사천,2003-01,1종,586504
291,사천,2003-01,2종,47764
291,사천,2003-01,3종,16153
291,사천,2003-01,4종,8696
291,사천,2003-01,5종,18697
291,사천,2003-01,6종,34871
292,진주,2003-01,1종,599429
292,진주,2003-01,2종,43162
292,진주,2003-01,3종,37485
292,진주,2003-01,4종,9850
292,진주,2003-01,5종,23074
292,진주,2003-01,6종,39977
293,문산,2003-01,1종,203413
293,문산,2003-01,2종,18910
293,문산,2003-01,3종,2313
293,문산,2003-01,4종,5688
293,문산,2003-01,5종,9110
293,문산,2003-01,6종,12478
294,북창원,2003-01,1종,207006
294,북창원,2003-01,2종,11626
294,북창원,2003-01,3종,1800
294,북창원,2003-01,4종,4100
294,북창원,2003-01,5종,3537
294,북창원,2003-01,6종,10642
295,진성,2003-01,1종,118617
295,진성,2003-01,2종,12872
295,진성,2003-01,3종,2372
295,진성,2003-01,4종,4736
295,진성,2003-01,5종,9337
295,진성,2003-01,6종,6880
296,지수,2003-01,1종,42208
296,지수,2003-01,2종,4658
296,지수,2003-01,3종,877
296,지수,2003-01,4종,633
296,지수,2003-01,5종,914
296,지수,2003-01,6종,2712
298,서산,2003-01,1종,228091
298,서산,2003-01,2종,13970
298,서산,2003-01,3종,6275
298,서산,2003-01,4종,2688
298,서산,2003-01,5종,6304
298,서산,2003-01,6종,6902
299,해미,2003-01,1종,141656
299,해미,2003-01,2종,9947
299,해미,2003-01,3종,2795
299,해미,2003-01,4종,3073
299,해미,2003-01,5종,6982
299,해미,2003-01,6종,4270
501,서김제,2003-01,1종,66009
501,서김제,2003-01,2종,8858
501,서김제,2003-01,3종,1045
501,서김제,2003-01,4종,1318
501,서김제,2003-01,5종,3333
501,서김제,2003-01,6종,1716
502,부안,2003-01,1종,93312
502,부안,2003-01,2종,9349
502,부안,2003-01,3종,2536
502,부안,2003-01,4종,1786
502,부안,2003-01,5종,4927
502,부안,2003-01,6종,2402
503,줄포,2003-01,1종,57481
503,줄포,2003-01,2종,4174
503,줄포,2003-01,3종,1147
503,줄포,2003-01,4종,694
503,줄포,2003-01,5종,640
503,줄포,2003-01,6종,1226
504,선운산,2003-01,1종,58007
504,선운산,2003-01,2종,14885
504,선운산,2003-01,3종,4956
504,선운산,2003-01,4종,2191
504,선운산,2003-01,5종,4014
504,선운산,2003-01,6종,1265
505,고창,2003-01,1종,71010
505,고창,2003-01,2종,6548
505,고창,2003-01,3종,1180
505,고창,2003-01,4종,630
505,고창,2003-01,5종,994
505,고창,2003-01,6종,1742
506,영광,2003-01,1종,67017
506,영광,2003-01,2종,6799
506,영광,2003-01,3종,3201
506,영광,2003-01,4종,764
506,영광,2003-01,5종,985
506,영광,2003-01,6종,1860
507,함평,2003-01,1종,48948
507,함평,2003-01,2종,10073
507,함평,2003-01,3종,1146
507,함평,2003-01,4종,1463
507,함평,2003-01,5종,3356
507,함평,2003-01,6종,1203
508,무안,2003-01,1종,281680
508,무안,2003-01,2종,25339
508,무안,2003-01,3종,8942
508,무안,2003-01,4종,4916
508,무안,2003-01,5종,10718
508,무안,2003-01,6종,7952
509,목포,2003-01,1종,431327
509,목포,2003-01,2종,49045
509,목포,2003-01,3종,15305
509,목포,2003-01,4종,7398
509,목포,2003-01,5종,20373
509,목포,2003-01,6종,11379
521,단양,2003-01,1종,60532
521,단양,2003-01,2종,2876
521,단양,2003-01,3종,3463
521,단양,2003-01,4종,763
521,단양,2003-01,5종,5071
521,단양,2003-01,6종,2321
522,북단양,2003-01,1종,56537
522,북단양,2003-01,2종,3542
522,북단양,2003-01,3종,1871
522,북단양,2003-01,4종,846
522,북단양,2003-01,5종,14502
522,북단양,2003-01,6종,2091
523,남제천,2003-01,1종,34416
523,남제천,2003-01,2종,2012
523,남제천,2003-01,3종,573
523,남제천,2003-01,4종,260
523,남제천,2003-01,5종,852
523,남제천,2003-01,6종,1200
530,내장산,2003-01,1종,18518
530,내장산,2003-01,2종,1689
530,내장산,2003-01,3종,203
530,내장산,2003-01,4종,248
530,내장산,2003-01,5종,205
530,내장산,2003-01,6종,630
540,청북,2003-01,1종,115885
540,청북,2003-01,2종,27482
540,청북,2003-01,3종,4649
540,청북,2003-01,4종,6284
540,청북,2003-01,5종,14286
540,청북,2003-01,6종,3501
541,송탄,2003-01,1종,188749
541,송탄,2003-01,2종,22154
541,송탄,2003-01,3종,3685
541,송탄,2003-01,4종,4109
541,송탄,2003-01,5종,7202
541,송탄,2003-01,6종,6078
542,서안성,2003-01,1종,72176
542,서안성,2003-01,2종,8186
542,서안성,2003-01,3종,1238
542,서안성,2003-01,4종,2158
542,서안성,2003-01,5종,3826
542,서안성,2003-01,6종,2404
560,감곡,2003-01,1종,60347
560,감곡,2003-01,2종,4569
560,감곡,2003-01,3종,1279
560,감곡,2003-01,4종,884
560,감곡,2003-01,5종,4048
560,감곡,2003-01,6종,1925
561,북충주,2003-01,1종,28620
561,북충주,2003-01,2종,2176
561,북충주,2003-01,3종,314
561,북충주,2003-01,4종,373
561,북충주,2003-01,5종,513
561,북충주,2003-01,6종,1127
562,충주,2003-01,1종,159162
562,충주,2003-01,2종,7683
562,충주,2003-01,3종,7322
562,충주,2003-01,4종,856
562,충주,2003-01,5종,2004
562,충주,2003-01,6종,5423
601,남천안,2003-01,1종,109017
601,남천안,2003-01,2종,27323
601,남천안,2003-01,3종,10368
601,남천안,2003-01,4종,12388
601,남천안,2003-01,5종,15077
601,남천안,2003-01,6종,3089
602,풍세상,2003-01,1종,375787
602,풍세상,2003-01,2종,42281
602,풍세상,2003-01,3종,72887
602,풍세상,2003-01,4종,14207
602,풍세상,2003-01,5종,24246
602,풍세상,2003-01,6종,8860
603,정안,2003-01,1종,69727
603,정안,2003-01,2종,12073
603,정안,2003-01,3종,5177
603,정안,2003-01,4종,4575
603,정안,2003-01,5종,6299
603,정안,2003-01,6종,1812
604,남공주,2003-01,1종,35428
604,남공주,2003-01,2종,2449
604,남공주,2003-01,3종,426
604,남공주,2003-01,4종,837
604,남공주,2003-01,5종,625
604,남공주,2003-01,6종,959
605,탄천,2003-01,1종,21212
605,탄천,2003-01,2종,1593
605,탄천,2003-01,3종,187
605,탄천,2003-01,4종,381
605,탄천,2003-01,5종,433
605,탄천,2003-01,6종,526
606,서논산,2003-01,1종,46481
606,서논산,2003-01,2종,5553
606,서논산,2003-01,3종,2837
606,서논산,2003-01,4종,1553
606,서논산,2003-01,5종,2375
606,서논산,2003-01,6종,1243
607,연무,2003-01,1종,52698
607,연무,2003-01,2종,3019
607,연무,2003-01,3종,1560
607,연무,2003-01,4종,973
607,연무,2003-01,5종,991
607,연무,2003-01,6종,1443
608,남논산하,2003-01,1종,330364
608,남논산하,2003-01,2종,30143
608,남논산하,2003-01,3종,63359
608,남논산하,2003-01,4종,9201
608,남논산하,2003-01,5종,16557
608,남논산하,2003-01,6종,7691
11,인천,2003-02,1종,2926902
11,인천,2003-02,2종,145594
11,인천,2003-02,3종,40256
11,인천,2003-02,4종,51859
11,인천,2003-02,5종,98094
11,인천,2003-02,6종,175579
22,,2003-02,1종,417753
22,,2003-02,2종,20921
22,,2003-02,3종,16823
22,,2003-02,4종,7185
22,,2003-02,5종,16088
22,,2003-02,6종,20374
53,남인천,2003-02,1종,1390941
53,남인천,2003-02,2종,71843
53,남인천,2003-02,3종,17795
53,남인천,2003-02,4종,18769
53,남인천,2003-02,5종,96844
53,남인천,2003-02,6종,79207
56,일로,2003-02,1종,15522
56,일로,2003-02,2종,815
56,일로,2003-02,3종,47
56,일로,2003-02,4종,275
56,일로,2003-02,5종,332
56,일로,2003-02,6종,981
61,성남,2003-02,1종,2273797
61,성남,2003-02,2종,164109
61,성남,2003-02,3종,56628
61,성남,2003-02,4종,25813
61,성남,2003-02,5종,39957
61,성남,2003-02,6종,101950
62,구리남양주,2003-02,1종,3148963
62,구리남양주,2003-02,2종,221899
62,구리남양주,2003-02,3종,52386
62,구리남양주,2003-02,4종,46379
62,구리남양주,2003-02,5종,55938
62,구리남양주,2003-02,6종,144893
63,토평,2003-02,1종,522903
63,토평,2003-02,2종,18893
63,토평,2003-02,3종,6196
63,토평,2003-02,4종,8685
63,토평,2003-02,5종,7851
63,토평,2003-02,6종,25191
64,청계,2003-02,1종,3373991
64,청계,2003-02,2종,195203
64,청계,2003-02,3종,61634
64,청계,2003-02,4종,27301
64,청계,2003-02,5종,63924
64,청계,2003-02,6종,160641
65,판교,2003-02,1종,1851461
65,판교,2003-02,2종,55337
65,판교,2003-02,3종,78783
65,판교,2003-02,4종,14202
65,판교,2003-02,5종,10011
65,판교,2003-02,6종,72540
66,하남,2003-02,1종,299498
66,하남,2003-02,2종,21252
66,하남,2003-02,3종,8936
66,하남,2003-02,4종,6494
66,하남,2003-02,5종,5100
66,하남,2003-02,6종,13058
67,시흥,2003-02,1종,2951645
67,시흥,2003-02,2종,192354
67,시흥,2003-02,3종,48587
67,시흥,2003-02,4종,32378
67,시흥,2003-02,5종,36394
67,시흥,2003-02,6종,136465
68,김포,2003-02,1종,2965287
68,김포,2003-02,2종,205172
68,김포,2003-02,3종,29568
68,김포,2003-02,4종,31085
68,김포,2003-02,5종,61916
68,김포,2003-02,6종,141362
91,대동(개),2003-02,1종,117532
91,대동(개),2003-02,2종,11574
91,대동(개),2003-02,3종,974
91,대동(개),2003-02,4종,27084
91,대동(개),2003-02,5종,8241
91,대동(개),2003-02,6종,7167
101,서울,2003-02,1종,4496632
101,서울,2003-02,2종,273047
101,서울,2003-02,3종,314271
101,서울,2003-02,4종,50678
101,서울,2003-02,5종,42060
101,서울,2003-02,6종,172595
102,동수원,2003-02,1종,1514735
102,동수원,2003-02,2종,69153
102,동수원,2003-02,3종,44859
102,동수원,2003-02,4종,18954
102,동수원,2003-02,5종,27659
102,동수원,2003-02,6종,72459
103,수원신갈,2003-02,1종,1928624
103,수원신갈,2003-02,2종,125404
103,수원신갈,2003-02,3종,65176
103,수원신갈,2003-02,4종,24228
103,수원신갈,2003-02,5종,28008
103,수원신갈,2003-02,6종,86115
104,지곡,2003-02,1종,32971
104,지곡,2003-02,2종,2870
104,지곡,2003-02,3종,678
104,지곡,2003-02,4종,947
104,지곡,2003-02,5종,1664
104,지곡,2003-02,6종,1205
105,기흥,2003-02,1종,656677
105,기흥,2003-02,2종,74025
105,기흥,2003-02,3종,18287
105,기흥,2003-02,4종,14858
105,기흥,2003-02,5종,19655
105,기흥,2003-02,6종,24632
106,오산,2003-02,1종,916147
106,오산,2003-02,2종,112131
106,오산,2003-02,3종,44112
106,오산,2003-02,4종,25582
106,오산,2003-02,5종,26253
106,오산,2003-02,6종,40403
107,안성,2003-02,1종,789314
107,안성,2003-02,2종,86337
107,안성,2003-02,3종,36017
107,안성,2003-02,4종,21032
107,안성,2003-02,5종,24145
107,안성,2003-02,6종,31842
108,천안,2003-02,1종,1103057
108,천안,2003-02,2종,83854
108,천안,2003-02,3종,54895
108,천안,2003-02,4종,23158
108,천안,2003-02,5종,26058
108,천안,2003-02,6종,39944
109,계룡,2003-02,1종,99364
109,계룡,2003-02,2종,10305
109,계룡,2003-02,3종,8233
109,계룡,2003-02,4종,4898
109,계룡,2003-02,5종,1593
109,계룡,2003-02,6종,4836
110,독립기념관,2003-02,1종,251341
110,독립기념관,2003-02,2종,33457
110,독립기념관,2003-02,3종,9819
110,독립기념관,2003-02,4종,10265
110,독립기념관,2003-02,5종,13542
110,독립기념관,2003-02,6종,8794
111,청주,2003-02,1종,455558
111,청주,2003-02,2종,40476
111,청주,2003-02,3종,36655
111,청주,2003-02,4종,11059
111,청주,2003-02,5종,15656
111,청주,2003-02,6종,17573
112,남청주,2003-02,1종,367959
112,남청주,2003-02,2종,63772
112,남청주,2003-02,3종,19804
112,남청주,2003-02,4종,26743
112,남청주,2003-02,5종,31424
112,남청주,2003-02,6종,13527
113,신탄진,2003-02,1종,380970
113,신탄진,2003-02,2종,57869
113,신탄진,2003-02,3종,15332
113,신탄진,2003-02,4종,27260
113,신탄진,2003-02,5종,32792
113,신탄진,2003-02,6종,14738
114,남대전,2003-02,1종,221309
114,남대전,2003-02,2종,10443
114,남대전,2003-02,3종,1827
114,남대전,2003-02,4종,2698
114,남대전,2003-02,5종,2814
114,남대전,2003-02,6종,9919
115,대전,2003-02,1종,1068560
115,대전,2003-02,2종,62980
115,대전,2003-02,3종,67855
115,대전,2003-02,4종,11949
115,대전,2003-02,5종,21358
115,대전,2003-02,6종,45849
116,옥천,2003-02,1종,353245
116,옥천,2003-02,2종,34937
116,옥천,2003-02,3종,7963
116,옥천,2003-02,4종,9562
116,옥천,2003-02,5종,10485
116,옥천,2003-02,6종,15851
117,금강,2003-02,1종,9283
117,금강,2003-02,2종,462
117,금강,2003-02,3종,183
117,금강,2003-02,4종,123
117,금강,2003-02,5종,111
117,금강,2003-02,6종,482
118,영동,2003-02,1종,102517
118,영동,2003-02,2종,10665
118,영동,2003-02,3종,4050
118,영동,2003-02,4종,3697
118,영동,2003-02,5종,15077
118,영동,2003-02,6종,3526
119,판암,2003-02,1종,279887
119,판암,2003-02,2종,14028
119,판암,2003-02,3종,2437
119,판암,2003-02,4종,7452
119,판암,2003-02,5종,5780
119,판암,2003-02,6종,13775
120,황간,2003-02,1종,67277
120,황간,2003-02,2종,6169
120,황간,2003-02,3종,2136
120,황간,2003-02,4종,1742
120,황간,2003-02,5종,3045
120,황간,2003-02,6종,2717
121,추풍령,2003-02,1종,36843
121,추풍령,2003-02,2종,3479
121,추풍령,2003-02,3종,1134
121,추풍령,2003-02,4종,1616
121,추풍령,2003-02,5종,1609
121,추풍령,2003-02,6종,2381
122,김천,2003-02,1종,239860
122,김천,2003-02,2종,29094
122,김천,2003-02,3종,14576
122,김천,2003-02,4종,12133
122,김천,2003-02,5종,11658
122,김천,2003-02,6종,9837
123,구미,2003-02,1종,527197
123,구미,2003-02,2종,29110
123,구미,2003-02,3종,17178
123,구미,2003-02,4종,12119
123,구미,2003-02,5종,12172
123,구미,2003-02,6종,26785
124,상주,2003-02,1종,182694
124,상주,2003-02,2종,10798
124,상주,2003-02,3종,5036
124,상주,2003-02,4종,3233
124,상주,2003-02,5종,6945
124,상주,2003-02,6종,8649
125,남구미,2003-02,1종,311471
125,남구미,2003-02,2종,36216
125,남구미,2003-02,3종,23331
125,남구미,2003-02,4종,14279
125,남구미,2003-02,5종,44419
125,남구미,2003-02,6종,15309
126,왜관,2003-02,1종,416323
126,왜관,2003-02,2종,45475
126,왜관,2003-02,3종,20044
126,왜관,2003-02,4종,14593
126,왜관,2003-02,5종,29332
126,왜관,2003-02,6종,22042
127,서대구,2003-02,1종,1890267
127,서대구,2003-02,2종,200333
127,서대구,2003-02,3종,76219
127,서대구,2003-02,4종,55919
127,서대구,2003-02,5종,98429
127,서대구,2003-02,6종,97219
129,북대구,2003-02,1종,1061586
129,북대구,2003-02,2종,74059
129,북대구,2003-02,3종,24319
129,북대구,2003-02,4종,17478
129,북대구,2003-02,5종,30414
129,북대구,2003-02,6종,49281
130,동김천,2003-02,1종,953688
130,동김천,2003-02,2종,62288
130,동김천,2003-02,3종,37562
130,동김천,2003-02,4종,24671
130,동김천,2003-02,5종,34842
130,동김천,2003-02,6종,49918
131,경산,2003-02,1종,638400
131,경산,2003-02,2종,84212
131,경산,2003-02,3종,17042
131,경산,2003-02,4종,17291
131,경산,2003-02,5종,24115
131,경산,2003-02,6종,37850
132,영천,2003-02,1종,425484
132,영천,2003-02,2종,46697
132,영천,2003-02,3종,28766
132,영천,2003-02,4종,13648
132,영천,2003-02,5종,58310
132,영천,2003-02,6종,18155
133,서경주,2003-02,1종,75438
133,서경주,2003-02,2종,5685
133,서경주,2003-02,3종,1658
133,서경주,2003-02,4종,1719
133,서경주,2003-02,5종,4013
133,서경주,2003-02,6종,2962
134,선산,2003-02,1종,66216
134,선산,2003-02,2종,4945
134,선산,2003-02,3종,802
134,선산,2003-02,4종,1023
134,선산,2003-02,5종,1202
134,선산,2003-02,6종,3073
135,경주,2003-02,1종,855258
135,경주,2003-02,2종,70156
135,경주,2003-02,3종,62374
135,경주,2003-02,4종,26399
135,경주,2003-02,5종,82505
135,경주,2003-02,6종,35659
136,음성,2003-02,1종,138003
136,음성,2003-02,2종,7644
136,음성,2003-02,3종,4723
136,음성,2003-02,4종,2764
136,음성,2003-02,5종,4110
136,음성,2003-02,6종,8894
137,통도사,2003-02,1종,334811
137,통도사,2003-02,2종,31938
137,통도사,2003-02,3종,14631
137,통도사,2003-02,4종,13040
137,통도사,2003-02,5종,17958
137,통도사,2003-02,6종,17216
138,양산,2003-02,1종,656070
138,양산,2003-02,2종,82229
138,양산,2003-02,3종,26408
138,양산,2003-02,4종,35287
138,양산,2003-02,5종,38447
138,양산,2003-02,6종,41461
139,서울산,2003-02,1종,333744
139,서울산,2003-02,2종,24453
139,서울산,2003-02,3종,16153
139,서울산,2003-02,4종,8556
139,서울산,2003-02,5종,11473
139,서울산,2003-02,6종,18875
140,부산,2003-02,1종,1379652
140,부산,2003-02,2종,80446
140,부산,2003-02,3종,70299
140,부산,2003-02,4종,33717
140,부산,2003-02,5종,100217
140,부산,2003-02,6종,74535
141,,2003-02,1종,1000846
141,,2003-02,2종,88204
141,,2003-02,3종,44830
141,,2003-02,4종,49667
141,,2003-02,5종,116067
141,,2003-02,6종,51814
142,군북,2003-02,1종,231518
142,군북,2003-02,2종,16637
142,군북,2003-02,3종,7163
142,군북,2003-02,4종,9235
142,군북,2003-02,5종,10387
142,군북,2003-02,6종,13779
143,장지,2003-02,1종,71361
143,장지,2003-02,2종,7186
143,장지,2003-02,3종,1391
143,장지,2003-02,4종,2008
143,장지,2003-02,5종,8085
143,장지,2003-02,6종,4412
144,함안,2003-02,1종,323989
144,함안,2003-02,2종,23541
144,함안,2003-02,3종,7627
144,함안,2003-02,4종,6745
144,함안,2003-02,5종,13572
144,함안,2003-02,6종,24112
145,산인,2003-02,1종,608711
145,산인,2003-02,2종,36741
145,산인,2003-02,3종,33283
145,산인,2003-02,4종,15747
145,산인,2003-02,5종,20967
145,산인,2003-02,6종,41073
146,동창원,2003-02,1종,536180
146,동창원,2003-02,2종,44805
146,동창원,2003-02,3종,7556
146,동창원,2003-02,4종,10319
146,동창원,2003-02,5종,37837
146,동창원,2003-02,6종,34629
147,진례,2003-02,1종,449021
147,진례,2003-02,2종,68400
147,진례,2003-02,3종,6458
147,진례,2003-02,4종,15342
147,진례,2003-02,5종,19682
147,진례,2003-02,6종,25944
148,서김해,2003-02,1종,575987
148,서김해,2003-02,2종,42558
148,서김해,2003-02,3종,8075
148,서김해,2003-02,4종,9892
148,서김해,2003-02,5종,18005
148,서김해,2003-02,6종,40794
149,동김해,2003-02,1종,1002635
149,동김해,2003-02,2종,60332
149,동김해,2003-02,3종,12926
149,동김해,2003-02,4종,16423
149,동김해,2003-02,5종,21846
149,동김해,2003-02,6종,82583
150,북부산,2003-02,1종,2243442
150,북부산,2003-02,2종,150287
150,북부산,2003-02,3종,55723
150,북부산,2003-02,4종,46879
150,북부산,2003-02,5종,108606
150,북부산,2003-02,6종,149213
151,북대전,2003-02,1종,426188
151,북대전,2003-02,2종,18677
151,북대전,2003-02,3종,12620
151,북대전,2003-02,4종,7778
151,북대전,2003-02,5종,9047
151,북대전,2003-02,6종,17631
152,유성,2003-02,1종,689078
152,유성,2003-02,2종,41447
152,유성,2003-02,3종,21250
152,유성,2003-02,4종,11014
152,유성,2003-02,5종,14873
152,유성,2003-02,6종,26629
153,서대전,2003-02,1종,468320
153,서대전,2003-02,2종,27621
153,서대전,2003-02,3종,8026
153,서대전,2003-02,4종,7760
153,서대전,2003-02,5종,9022
153,서대전,2003-02,6종,21523
154,안영,2003-02,1종,262955
154,안영,2003-02,2종,15318
154,안영,2003-02,3종,2472
154,안영,2003-02,4종,4701
154,안영,2003-02,5종,5475
154,안영,2003-02,6종,11113
155,논산,2003-02,1종,203256
155,논산,2003-02,2종,35684
155,논산,2003-02,3종,10270
155,논산,2003-02,4종,15603
155,논산,2003-02,5종,17767
155,논산,2003-02,6종,6942
156,익산,2003-02,1종,252516
156,익산,2003-02,2종,35698
156,익산,2003-02,3종,16176
156,익산,2003-02,4종,15584
156,익산,2003-02,5종,29941
156,익산,2003-02,6종,7639
157,삼례,2003-02,1종,71556
157,삼례,2003-02,2종,8640
157,삼례,2003-02,3종,2291
157,삼례,2003-02,4종,3089
157,삼례,2003-02,5종,4212
157,삼례,2003-02,6종,2432
158,전주,2003-02,1종,487591
158,전주,2003-02,2종,36885
158,전주,2003-02,3종,35787
158,전주,2003-02,4종,10545
158,전주,2003-02,5종,23428
158,전주,2003-02,6종,15116
159,서전주,2003-02,1종,136998
159,서전주,2003-02,2종,8883
159,서전주,2003-02,3종,2133
159,서전주,2003-02,4종,2745
159,서전주,2003-02,5종,2672
159,서전주,2003-02,6종,4342
160,김제,2003-02,1종,105365
160,김제,2003-02,2종,8122
160,김제,2003-02,3종,7035
160,김제,2003-02,4종,2102
160,김제,2003-02,5종,1669
160,김제,2003-02,6종,3566
161,금산사,2003-02,1종,45372
161,금산사,2003-02,2종,6231
161,금산사,2003-02,3종,1122
161,금산사,2003-02,4종,1053
161,금산사,2003-02,5종,2900
161,금산사,2003-02,6종,1371
162,태인,2003-02,1종,82351
162,태인,2003-02,2종,11228
162,태인,2003-02,3종,3131
162,태인,2003-02,4종,2824
162,태인,2003-02,5종,4328
162,태인,2003-02,6종,2392
163,정읍,2003-02,1종,332600
163,정읍,2003-02,2종,37564
163,정읍,2003-02,3종,21443
163,정읍,2003-02,4종,7233
163,정읍,2003-02,5종,9181
163,정읍,2003-02,6종,10368
164,무주,2003-02,1종,147410
164,무주,2003-02,2종,3946
164,무주,2003-02,3종,3284
164,무주,2003-02,4종,969
164,무주,2003-02,5종,2370
164,무주,2003-02,6종,4363
165,백양사,2003-02,1종,93130
165,백양사,2003-02,2종,6410
165,백양사,2003-02,3종,4143
165,백양사,2003-02,4종,1271
165,백양사,2003-02,5종,1327
165,백양사,2003-02,6종,2735
166,장성,2003-02,1종,149257
166,장성,2003-02,2종,9948
166,장성,2003-02,3종,9838
166,장성,2003-02,4종,2694
166,장성,2003-02,5종,7189
166,장성,2003-02,6종,6443
167,광주,2003-02,1종,857030
167,광주,2003-02,2종,75202
167,광주,2003-02,3종,64015
167,광주,2003-02,4종,23132
167,광주,2003-02,5종,24337
167,광주,2003-02,6종,25751
168,덕유산,2003-02,1종,48226
168,덕유산,2003-02,2종,1833
168,덕유산,2003-02,3종,1998
168,덕유산,2003-02,4종,344
168,덕유산,2003-02,5종,1478
168,덕유산,2003-02,6종,1204
169,장수,2003-02,1종,85972
169,장수,2003-02,2종,13536
169,장수,2003-02,3종,5895
169,장수,2003-02,4종,5276
169,장수,2003-02,5종,10214
169,장수,2003-02,6종,2254
170,서상,2003-02,1종,29860
170,서상,2003-02,2종,3375
170,서상,2003-02,3종,2429
170,서상,2003-02,4종,998
170,서상,2003-02,5종,772
170,서상,2003-02,6종,1053
171,마성,2003-02,1종,201412
171,마성,2003-02,2종,5585
171,마성,2003-02,3종,10767
171,마성,2003-02,4종,571
171,마성,2003-02,5종,479
171,마성,2003-02,6종,10316
172,용인,2003-02,1종,638905
172,용인,2003-02,2종,77632
172,용인,2003-02,3종,15341
172,용인,2003-02,4종,12194
172,용인,2003-02,5종,13308
172,용인,2003-02,6종,33071
173,양지,2003-02,1종,449265
173,양지,2003-02,2종,67878
173,양지,2003-02,3종,14283
173,양지,2003-02,4종,16370
173,양지,2003-02,5종,20240
173,양지,2003-02,6종,17749
174,춘천,2003-02,1종,384188
174,춘천,2003-02,2종,16799
174,춘천,2003-02,3종,11667
174,춘천,2003-02,4종,4457
174,춘천,2003-02,5종,3244
174,춘천,2003-02,6종,20461
175,덕평,2003-02,1종,216635
175,덕평,2003-02,2종,19848
175,덕평,2003-02,3종,7365
175,덕평,2003-02,4종,5209
175,덕평,2003-02,5종,5195
175,덕평,2003-02,6종,8620
176,이천,2003-02,1종,461668
176,이천,2003-02,2종,46143
176,이천,2003-02,3종,24343
176,이천,2003-02,4종,16131
176,이천,2003-02,5종,22994
176,이천,2003-02,6종,19139
177,여주,2003-02,1종,272539
177,여주,2003-02,2종,24133
177,여주,2003-02,3종,8735
177,여주,2003-02,4종,7582
177,여주,2003-02,5종,8567
177,여주,2003-02,6종,10027
178,문막,2003-02,1종,201863
178,문막,2003-02,2종,21144
178,문막,2003-02,3종,8624
178,문막,2003-02,4종,5694
178,문막,2003-02,5종,11335
178,문막,2003-02,6종,7222
179,홍천,2003-02,1종,255929
179,홍천,2003-02,2종,11559
179,홍천,2003-02,3종,6543
179,홍천,2003-02,4종,3932
179,홍천,2003-02,5종,2459
179,홍천,2003-02,6종,13337
180,원주,2003-02,1종,224891
180,원주,2003-02,2종,20319
180,원주,2003-02,3종,22190
180,원주,2003-02,4종,5325
180,원주,2003-02,5종,6803
180,원주,2003-02,6종,9341
181,새말,2003-02,1종,132541
181,새말,2003-02,2종,10733
181,새말,2003-02,3종,17229
181,새말,2003-02,4종,2452
181,새말,2003-02,5종,2992
181,새말,2003-02,6종,4542
182,둔내,2003-02,1종,128730
182,둔내,2003-02,2종,3816
182,둔내,2003-02,3종,4243
182,둔내,2003-02,4종,697
182,둔내,2003-02,5종,384
182,둔내,2003-02,6종,3742
183,면온,2003-02,1종,115557
183,면온,2003-02,2종,2016
183,면온,2003-02,3종,8345
183,면온,2003-02,4종,1432
183,면온,2003-02,5종,429
183,면온,2003-02,6종,2964
184,대관령,2003-02,1종,175759
184,대관령,2003-02,2종,4785
184,대관령,2003-02,3종,14612
184,대관령,2003-02,4종,905
184,대관령,2003-02,5종,552
184,대관령,2003-02,6종,5315
185,평창,2003-02,1종,86518
185,평창,2003-02,2종,4423
185,평창,2003-02,3종,10608
185,평창,2003-02,4종,702
185,평창,2003-02,5종,1447
185,평창,2003-02,6종,3416
186,속사,2003-02,1종,25089
186,속사,2003-02,2종,1566
186,속사,2003-02,3종,976
186,속사,2003-02,4종,317
186,속사,2003-02,5종,150
186,속사,2003-02,6종,820
187,진부,2003-02,1종,98969
187,진부,2003-02,2종,5993
187,진부,2003-02,3종,10837
187,진부,2003-02,4종,1129
187,진부,2003-02,5종,791
187,진부,2003-02,6종,3893
189,강릉,2003-02,1종,471743
189,강릉,2003-02,2종,24929
189,강릉,2003-02,3종,28160
189,강릉,2003-02,4종,7460
189,강릉,2003-02,5종,10480
189,강릉,2003-02,6종,17436
190,동서울,2003-02,1종,2481410
190,동서울,2003-02,2종,201223
190,동서울,2003-02,3종,118747
190,동서울,2003-02,4종,36982
190,동서울,2003-02,5종,46333
190,동서울,2003-02,6종,86237
191,경기광주,2003-02,1종,521062
191,경기광주,2003-02,2종,40641
191,경기광주,2003-02,3종,17325
191,경기광주,2003-02,4종,5373
191,경기광주,2003-02,5종,8885
191,경기광주,2003-02,6종,24065
192,곤지암,2003-02,1종,511551
192,곤지암,2003-02,2종,71072
192,곤지암,2003-02,3종,12103
192,곤지암,2003-02,4종,11728
192,곤지암,2003-02,5종,13755
192,곤지암,2003-02,6종,19432
193,일죽,2003-02,1종,361493
193,일죽,2003-02,2종,55664
193,일죽,2003-02,3종,20046
193,일죽,2003-02,4종,13098
193,일죽,2003-02,5종,15714
193,일죽,2003-02,6종,12066
194,서이천,2003-02,1종,236565
194,서이천,2003-02,2종,20689
194,서이천,2003-02,3종,10100
194,서이천,2003-02,4종,4652
194,서이천,2003-02,5종,4239
194,서이천,2003-02,6종,9590
195,대소,2003-02,1종,271102
195,대소,2003-02,2종,45126
195,대소,2003-02,3종,10779
195,대소,2003-02,4종,10211
195,대소,2003-02,5종,10828
195,대소,2003-02,6종,9617
196,진천,2003-02,1종,221304
196,진천,2003-02,2종,29745
196,진천,2003-02,3종,7741
196,진천,2003-02,4종,6938
196,진천,2003-02,5종,9820
196,진천,2003-02,6종,8478
197,증평,2003-02,1종,268580
197,증평,2003-02,2종,33793
197,증평,2003-02,3종,8507
197,증평,2003-02,4종,7311
197,증평,2003-02,5종,16436
197,증평,2003-02,6종,9232
198,서청주,2003-02,1종,448034
198,서청주,2003-02,2종,42396
198,서청주,2003-02,3종,20548
198,서청주,2003-02,4종,15199
198,서청주,2003-02,5종,14739
198,서청주,2003-02,6종,17457
199,오창,2003-02,1종,201944
199,오창,2003-02,2종,17416
199,오창,2003-02,3종,8999
199,오창,2003-02,4종,4460
199,오창,2003-02,5종,5138
199,오창,2003-02,6종,7408
200,금산,2003-02,1종,164924
200,금산,2003-02,2종,7357
200,금산,2003-02,3종,2094
200,금산,2003-02,4종,1713
200,금산,2003-02,5종,3055
200,금산,2003-02,6종,6423
201,칠곡,2003-02,1종,616689
201,칠곡,2003-02,2종,28945
201,칠곡,2003-02,3종,11818
201,칠곡,2003-02,4종,9568
201,칠곡,2003-02,5종,10644
201,칠곡,2003-02,6종,42096
202,다부,2003-02,1종,96089
202,다부,2003-02,2종,7475
202,다부,2003-02,3종,2155
202,다부,2003-02,4종,2198
202,다부,2003-02,5종,4475
202,다부,2003-02,6종,4373
203,가산,2003-02,1종,306569
203,가산,2003-02,2종,21603
203,가산,2003-02,3종,6799
203,가산,2003-02,4종,4905
203,가산,2003-02,5종,10869
203,가산,2003-02,6종,13027
204,추부,2003-02,1종,197598
204,추부,2003-02,2종,14577
204,추부,2003-02,3종,2608
204,추부,2003-02,4종,4885
204,추부,2003-02,5종,3570
204,추부,2003-02,6종,9560
205,군위,2003-02,1종,90925
205,군위,2003-02,2종,8724
205,군위,2003-02,3종,1208
205,군위,2003-02,4종,1319
205,군위,2003-02,5종,2352
205,군위,2003-02,6종,3980
206,의성,2003-02,1종,137465
206,의성,2003-02,2종,8633
206,의성,2003-02,3종,2217
206,의성,2003-02,4종,1794
206,의성,2003-02,5종,3315
206,의성,2003-02,6종,5519
207,남안동,2003-02,1종,197166
207,남안동,2003-02,2종,10111
207,남안동,2003-02,3종,8898
207,남안동,2003-02,4종,1775
207,남안동,2003-02,5종,7421
207,남안동,2003-02,6종,8794
208,서안동,2003-02,1종,181934
208,서안동,2003-02,2종,10521
208,서안동,2003-02,3종,5120
208,서안동,2003-02,4종,1636
208,서안동,2003-02,5종,8971
208,서안동,2003-02,6종,7255
209,예천,2003-02,1종,42847
209,예천,2003-02,2종,1606
209,예천,2003-02,3종,424
209,예천,2003-02,4종,298
209,예천,2003-02,5종,2221
209,예천,2003-02,6종,1798
210,영주,2003-02,1종,130977
210,영주,2003-02,2종,8092
210,영주,2003-02,3종,4217
210,영주,2003-02,4종,1538
210,영주,2003-02,5종,5859
210,영주,2003-02,6종,5814
211,풍기,2003-02,1종,138688
211,풍기,2003-02,2종,8438
211,풍기,2003-02,3종,6901
211,풍기,2003-02,4종,652
211,풍기,2003-02,5종,3313
211,풍기,2003-02,6종,5697
212,북수원,2003-02,1종,1042286
212,북수원,2003-02,2종,75171
212,북수원,2003-02,3종,30253
212,북수원,2003-02,4종,25623
212,북수원,2003-02,5종,21006
212,북수원,2003-02,6종,48080
213,부곡,2003-02,1종,203864
213,부곡,2003-02,2종,13201
213,부곡,2003-02,3종,2959
213,부곡,2003-02,4종,5334
213,부곡,2003-02,5종,51946
213,부곡,2003-02,6종,10329
214,동군포,2003-02,1종,94566
214,동군포,2003-02,2종,20759
214,동군포,2003-02,3종,6418
214,동군포,2003-02,4종,12074
214,동군포,2003-02,5종,4991
214,동군포,2003-02,6종,4655
215,군포,2003-02,1종,544169
215,군포,2003-02,2종,63898
215,군포,2003-02,3종,11483
215,군포,2003-02,4종,13913
215,군포,2003-02,5종,20603
215,군포,2003-02,6종,25849
216,횡성,2003-02,1종,100763
216,횡성,2003-02,2종,6082
216,횡성,2003-02,3종,2649
216,횡성,2003-02,4종,1241
216,횡성,2003-02,5종,1301
216,횡성,2003-02,6종,4443
217,북원주,2003-02,1종,47028
217,북원주,2003-02,2종,2859
217,북원주,2003-02,3종,359
217,북원주,2003-02,4종,716
217,북원주,2003-02,5종,373
217,북원주,2003-02,6종,2466
218,남원주,2003-02,1종,429122
218,남원주,2003-02,2종,23132
218,남원주,2003-02,3종,17175
218,남원주,2003-02,4종,4185
218,남원주,2003-02,5종,6276
218,남원주,2003-02,6종,18734
219,신림,2003-02,1종,72266
219,신림,2003-02,2종,5427
219,신림,2003-02,3종,3858
219,신림,2003-02,4종,914
219,신림,2003-02,5종,9520
219,신림,2003-02,6종,3410
221,생초,2003-02,1종,45090
221,생초,2003-02,2종,6124
221,생초,2003-02,3종,1624
221,생초,2003-02,4종,3661
221,생초,2003-02,5종,6157
221,생초,2003-02,6종,1962
222,산청,2003-02,1종,43263
222,산청,2003-02,2종,2453
222,산청,2003-02,3종,930
222,산청,2003-02,4종,640
222,산청,2003-02,5종,1538
222,산청,2003-02,6종,1989
223,단성,2003-02,1종,76599
223,단성,2003-02,2종,5164
223,단성,2003-02,3종,2288
223,단성,2003-02,4종,1222
223,단성,2003-02,5종,2566
223,단성,2003-02,6종,2879
224,함양,2003-02,1종,101499
224,함양,2003-02,2종,6158
224,함양,2003-02,3종,4611
224,함양,2003-02,4종,1720
224,함양,2003-02,5종,5565
224,함양,2003-02,6종,4991
225,서진주,2003-02,1종,289386
225,서진주,2003-02,2종,10127
225,서진주,2003-02,3종,2701
225,서진주,2003-02,4종,1749
225,서진주,2003-02,5종,4483
225,서진주,2003-02,6종,19311
227,군산,2003-02,1종,119031
227,군산,2003-02,2종,7735
227,군산,2003-02,3종,3931
227,군산,2003-02,4종,2009
227,군산,2003-02,5종,5046
227,군산,2003-02,6종,3607
228,동군산,2003-02,1종,315920
228,동군산,2003-02,2종,26693
228,동군산,2003-02,3종,6973
228,동군산,2003-02,4종,6413
228,동군산,2003-02,5종,21539
228,동군산,2003-02,6종,9625
231,화원옥포,2003-02,1종,1276531
231,화원옥포,2003-02,2종,148317
231,화원옥포,2003-02,3종,56188
231,화원옥포,2003-02,4종,34991
231,화원옥포,2003-02,5종,81329
231,화원옥포,2003-02,6종,61252
232,달성,2003-02,1종,194324
232,달성,2003-02,2종,25806
232,달성,2003-02,3종,9228
232,달성,2003-02,4종,5119
232,달성,2003-02,5종,3831
232,달성,2003-02,6종,14739
233,현풍,2003-02,1종,204528
233,현풍,2003-02,2종,29394
233,현풍,2003-02,3종,5301
233,현풍,2003-02,4종,9144
233,현풍,2003-02,5종,15544
233,현풍,2003-02,6종,9992
234,서천,2003-02,1종,107527
234,서천,2003-02,2종,9792
234,서천,2003-02,3종,620
234,서천,2003-02,4종,2460
234,서천,2003-02,5종,3699
234,서천,2003-02,6종,3670
235,창녕,2003-02,1종,163084
235,창녕,2003-02,2종,11863
235,창녕,2003-02,3종,6206
235,창녕,2003-02,4종,1913
235,창녕,2003-02,5종,3549
235,창녕,2003-02,6종,8358
236,영산,2003-02,1종,159053
236,영산,2003-02,2종,12947
236,영산,2003-02,3종,6314
236,영산,2003-02,4종,2485
236,영산,2003-02,5종,2683
236,영산,2003-02,6종,8408
237,남지,2003-02,1종,119567
237,남지,2003-02,2종,9073
237,남지,2003-02,3종,7140
237,남지,2003-02,4종,5647
237,남지,2003-02,5종,6123
237,남지,2003-02,6종,8075
238,칠서,2003-02,1종,167756
238,칠서,2003-02,2종,21725
238,칠서,2003-02,3종,3833
238,칠서,2003-02,4종,12525
238,칠서,2003-02,5종,13264
238,칠서,2003-02,6종,11419
239,칠원,2003-02,1종,385098
239,칠원,2003-02,2종,32370
239,칠원,2003-02,3종,18805
239,칠원,2003-02,4종,18125
239,칠원,2003-02,5종,18259
239,칠원,2003-02,6종,23047
240,제천,2003-02,1종,290450
240,제천,2003-02,2종,17706
240,제천,2003-02,3종,12468
240,제천,2003-02,4종,3469
240,제천,2003-02,5종,29132
240,제천,2003-02,6종,11449
241,동고령,2003-02,1종,136788
241,동고령,2003-02,2종,11961
241,동고령,2003-02,3종,7234
241,동고령,2003-02,4종,2769
241,동고령,2003-02,5종,7534
241,동고령,2003-02,6종,7013
242,고령,2003-02,1종,140812
242,고령,2003-02,2종,11918
242,고령,2003-02,3종,2731
242,고령,2003-02,4종,1787
242,고령,2003-02,5종,3743
242,고령,2003-02,6종,6577
243,해인사,2003-02,1종,76361
243,해인사,2003-02,2종,4487
243,해인사,2003-02,3종,1388
243,해인사,2003-02,4종,451
243,해인사,2003-02,5종,476
243,해인사,2003-02,6종,3761
244,서부산,2003-02,1종,1751415
244,서부산,2003-02,2종,141403
244,서부산,2003-02,3종,68722
244,서부산,2003-02,4종,52206
244,서부산,2003-02,5종,159528
244,서부산,2003-02,6종,100548
245,장유,2003-02,1종,1138164
245,장유,2003-02,2종,77054
245,장유,2003-02,3종,25228
245,장유,2003-02,4종,16536
245,장유,2003-02,5종,50971
245,장유,2003-02,6종,80276
246,가락,2003-02,1종,320423
246,가락,2003-02,2종,37141
246,가락,2003-02,3종,5138
246,가락,2003-02,4종,19766
246,가락,2003-02,5종,44382
246,가락,2003-02,6종,20856
247,남원,2003-02,1종,170292
247,남원,2003-02,2종,13296
247,남원,2003-02,3종,7884
247,남원,2003-02,4종,4127
247,남원,2003-02,5종,8021
247,남원,2003-02,6종,5854
248,순창,2003-02,1종,66889
248,순창,2003-02,2종,3792
248,순창,2003-02,3종,775
248,순창,2003-02,4종,872
248,순창,2003-02,5종,988
248,순창,2003-02,6종,2854
249,담양,2003-02,1종,104422
249,담양,2003-02,2종,5643
249,담양,2003-02,3종,9518
249,담양,2003-02,4종,1123
249,담양,2003-02,5종,2602
249,담양,2003-02,6종,4115
250,남양산,2003-02,1종,677862
250,남양산,2003-02,2종,64106
250,남양산,2003-02,3종,14372
250,남양산,2003-02,4종,21255
250,남양산,2003-02,5종,29131
250,남양산,2003-02,6종,44533
251,물금,2003-02,1종,151237
251,물금,2003-02,2종,25375
251,물금,2003-02,3종,5963
251,물금,2003-02,4종,14534
251,물금,2003-02,5종,96041
251,물금,2003-02,6종,8860
252,대동,2003-02,1종,1626023
252,대동,2003-02,2종,195644
252,대동,2003-02,3종,42922
252,대동,2003-02,4종,60602
252,대동,2003-02,5종,151405
252,대동,2003-02,6종,83814
253,서서울,2003-02,1종,3240172
253,서서울,2003-02,2종,261572
253,서서울,2003-02,3종,57388
253,서서울,2003-02,4종,50084
253,서서울,2003-02,5종,86356
253,서서울,2003-02,6종,130131
254,군자,2003-02,1종,2239428
254,군자,2003-02,2종,217445
254,군자,2003-02,3종,50156
254,군자,2003-02,4종,65735
254,군자,2003-02,5종,191969
254,군자,2003-02,6종,102813
255,서안산,2003-02,1종,895524
255,서안산,2003-02,2종,113561
255,서안산,2003-02,3종,9690
255,서안산,2003-02,4종,22520
255,서안산,2003-02,5종,38886
255,서안산,2003-02,6종,42193
256,안산,2003-02,1종,990941
256,안산,2003-02,2종,35457
256,안산,2003-02,3종,7931
256,안산,2003-02,4종,4332
256,안산,2003-02,5종,7817
256,안산,2003-02,6종,55239
257,홍성,2003-02,1종,190730
257,홍성,2003-02,2종,10080
257,홍성,2003-02,3종,4291
257,홍성,2003-02,4종,1504
257,홍성,2003-02,5종,3999
257,홍성,2003-02,6종,5345
258,광천,2003-02,1종,83515
258,광천,2003-02,2종,8687
258,광천,2003-02,3종,783
258,광천,2003-02,4종,947
258,광천,2003-02,5종,4753
258,광천,2003-02,6종,2365
259,대천,2003-02,1종,225753
259,대천,2003-02,2종,13505
259,대천,2003-02,3종,2096
259,대천,2003-02,4종,1704
259,대천,2003-02,5종,2986
259,대천,2003-02,6종,7190
260,춘장대,2003-02,1종,42519
260,춘장대,2003-02,2종,2967
260,춘장대,2003-02,3종,299
260,춘장대,2003-02,4종,405
260,춘장대,2003-02,5종,1795
260,춘장대,2003-02,6종,1299
261,동광주,2003-02,1종,928638
261,동광주,2003-02,2종,56698
261,동광주,2003-02,3종,45192
261,동광주,2003-02,4종,17370
261,동광주,2003-02,5종,39045
261,동광주,2003-02,6종,32558
262,창평,2003-02,1종,55017
262,창평,2003-02,2종,3484
262,창평,2003-02,3종,592
262,창평,2003-02,4종,1111
262,창평,2003-02,5종,1728
262,창평,2003-02,6종,1636
263,옥과,2003-02,1종,150618
263,옥과,2003-02,2종,6193
263,옥과,2003-02,3종,8209
263,옥과,2003-02,4종,2732
263,옥과,2003-02,5종,3723
263,옥과,2003-02,6종,6024
264,동남원,2003-02,1종,43669
264,동남원,2003-02,2종,2794
264,동남원,2003-02,3종,1760
264,동남원,2003-02,4종,1463
264,동남원,2003-02,5종,3321
264,동남원,2003-02,6종,1430
265,곡성,2003-02,1종,122433
265,곡성,2003-02,2종,6799
265,곡성,2003-02,3종,3158
265,곡성,2003-02,4종,3085
265,곡성,2003-02,5종,4887
265,곡성,2003-02,6종,4776
266,석곡,2003-02,1종,45422
266,석곡,2003-02,2종,2469
266,석곡,2003-02,3종,1758
266,석곡,2003-02,4종,322
266,석곡,2003-02,5종,848
266,석곡,2003-02,6종,1900
267,주암송광사,2003-02,1종,108852
267,주암송광사,2003-02,2종,7543
267,주암송광사,2003-02,3종,2345
267,주암송광사,2003-02,4종,2811
267,주암송광사,2003-02,5종,7001
267,주암송광사,2003-02,6종,3567
268,승주,2003-02,1종,45213
268,승주,2003-02,2종,1966
268,승주,2003-02,3종,1538
268,승주,2003-02,4종,249
268,승주,2003-02,5종,711
268,승주,2003-02,6종,1960
269,지리산,2003-02,1종,57180
269,지리산,2003-02,2종,3205
269,지리산,2003-02,3종,1280
269,지리산,2003-02,4종,1366
269,지리산,2003-02,5종,796
269,지리산,2003-02,6종,1667
270,서순천,2003-02,1종,173278
270,서순천,2003-02,2종,8974
270,서순천,2003-02,3종,7809
270,서순천,2003-02,4종,2416
270,서순천,2003-02,5종,12959
270,서순천,2003-02,6종,7013
271,순천,2003-02,1종,466572
271,순천,2003-02,2종,26942
271,순천,2003-02,3종,13100
271,순천,2003-02,4종,9183
271,순천,2003-02,5종,27514
271,순천,2003-02,6종,18367
272,광양,2003-02,1종,171514
272,광양,2003-02,2종,23486
272,광양,2003-02,3종,8381
272,광양,2003-02,4종,14006
272,광양,2003-02,5종,47795
272,광양,2003-02,6종,6226
273,동광양,2003-02,1종,82454
273,동광양,2003-02,2종,2761
273,동광양,2003-02,3종,1188
273,동광양,2003-02,4종,1244
273,동광양,2003-02,5종,22419
273,동광양,2003-02,6종,5287
274,가조,2003-02,1종,67871
274,가조,2003-02,2종,4242
274,가조,2003-02,3종,2688
274,가조,2003-02,4종,2307
274,가조,2003-02,5종,606
274,가조,2003-02,6종,4331
275,옥곡,2003-02,1종,99458
275,옥곡,2003-02,2종,3978
275,옥곡,2003-02,3종,2301
275,옥곡,2003-02,4종,992
275,옥곡,2003-02,5종,3918
275,옥곡,2003-02,6종,5019
276,진월,2003-02,1종,74450
276,진월,2003-02,2종,3257
276,진월,2003-02,3종,1282
276,진월,2003-02,4종,2425
276,진월,2003-02,5종,37202
276,진월,2003-02,6종,3351
277,하동,2003-02,1종,162480
277,하동,2003-02,2종,8625
277,하동,2003-02,3종,5718
277,하동,2003-02,4종,2608
277,하동,2003-02,5종,21647
277,하동,2003-02,6종,8493
278,진교,2003-02,1종,207185
278,진교,2003-02,2종,10266
278,진교,2003-02,3종,14329
278,진교,2003-02,4종,1490
278,진교,2003-02,5종,2507
278,진교,2003-02,6종,13119
279,곤양,2003-02,1종,127006
279,곤양,2003-02,2종,7248
279,곤양,2003-02,3종,5465
279,곤양,2003-02,4종,1615
279,곤양,2003-02,5종,3015
279,곤양,2003-02,6종,9000
280,거창,2003-02,1종,188857
280,거창,2003-02,2종,12287
280,거창,2003-02,3종,11430
280,거창,2003-02,4종,3821
280,거창,2003-02,5종,4955
280,거창,2003-02,6종,10541
281,매송,2003-02,1종,385495
281,매송,2003-02,2종,39879
281,매송,2003-02,3종,8607
281,매송,2003-02,4종,10638
281,매송,2003-02,5종,20372
281,매송,2003-02,6종,16403
282,비봉,2003-02,1종,416564
282,비봉,2003-02,2종,45055
282,비봉,2003-02,3종,4946
282,비봉,2003-02,4종,9417
282,비봉,2003-02,5종,23679
282,비봉,2003-02,6종,16144
283,발안,2003-02,1종,366885
283,발안,2003-02,2종,42601
283,발안,2003-02,3종,4700
283,발안,2003-02,4종,11258
283,발안,2003-02,5종,20752
283,발안,2003-02,6종,12616
284,남양양,2003-02,1종,224588
284,남양양,2003-02,2종,6828
284,남양양,2003-02,3종,9087
284,남양양,2003-02,4종,1411
284,남양양,2003-02,5종,1717
284,남양양,2003-02,6종,5879
285,서평택,2003-02,1종,544559
285,서평택,2003-02,2종,48744
285,서평택,2003-02,3종,8770
285,서평택,2003-02,4종,21302
285,서평택,2003-02,5종,61840
285,서평택,2003-02,6종,17736
287,송악,2003-02,1종,233617
287,송악,2003-02,2종,18781
287,송악,2003-02,3종,7820
287,송악,2003-02,4종,5452
287,송악,2003-02,5종,38150
287,송악,2003-02,6종,6951
288,당진,2003-02,1종,209598
288,당진,2003-02,2종,16432
288,당진,2003-02,3종,6229
288,당진,2003-02,4종,4944
288,당진,2003-02,5종,19277
288,당진,2003-02,6종,6624
289,마산,2003-02,1종,829087
289,마산,2003-02,2종,55907
289,마산,2003-02,3종,34344
289,마산,2003-02,4종,14783
289,마산,2003-02,5종,21748
289,마산,2003-02,6종,51566
290,축동,2003-02,1종,28510
290,축동,2003-02,2종,2415
290,축동,2003-02,3종,208
290,축동,2003-02,4종,703
290,축동,2003-02,5종,1215
290,축동,2003-02,6종,1986
291,사천,2003-02,1종,541247
291,사천,2003-02,2종,41737
291,사천,2003-02,3종,16015
291,사천,2003-02,4종,7219
291,사천,2003-02,5종,18150
291,사천,2003-02,6종,34018
292,진주,2003-02,1종,535454
292,진주,2003-02,2종,37467
292,진주,2003-02,3종,29364
292,진주,2003-02,4종,8376
292,진주,2003-02,5종,20348
292,진주,2003-02,6종,36810
293,문산,2003-02,1종,182230
293,문산,2003-02,2종,15713
293,문산,2003-02,3종,2312
293,문산,2003-02,4종,3979
293,문산,2003-02,5종,7089
293,문산,2003-02,6종,11163
294,북창원,2003-02,1종,189772
294,북창원,2003-02,2종,10544
294,북창원,2003-02,3종,1516
294,북창원,2003-02,4종,3678
294,북창원,2003-02,5종,3196
294,북창원,2003-02,6종,10399
295,진성,2003-02,1종,110614
295,진성,2003-02,2종,10284
295,진성,2003-02,3종,5790
295,진성,2003-02,4종,3512
295,진성,2003-02,5종,8465
295,진성,2003-02,6종,5893
296,지수,2003-02,1종,40721
296,지수,2003-02,2종,4067
296,지수,2003-02,3종,822
296,지수,2003-02,4종,596
296,지수,2003-02,5종,689
296,지수,2003-02,6종,2526
298,서산,2003-02,1종,235193
298,서산,2003-02,2종,13206
298,서산,2003-02,3종,5920
298,서산,2003-02,4종,2359
298,서산,2003-02,5종,6787
298,서산,2003-02,6종,7367
299,해미,2003-02,1종,139371
299,해미,2003-02,2종,8962
299,해미,2003-02,3종,2567
299,해미,2003-02,4종,2588
299,해미,2003-02,5종,6183
299,해미,2003-02,6종,4497
501,서김제,2003-02,1종,70422
501,서김제,2003-02,2종,7537
501,서김제,2003-02,3종,938
501,서김제,2003-02,4종,946
501,서김제,2003-02,5종,1933
501,서김제,2003-02,6종,1957
502,부안,2003-02,1종,95084
502,부안,2003-02,2종,8258
502,부안,2003-02,3종,2294
502,부안,2003-02,4종,1592
502,부안,2003-02,5종,4798
502,부안,2003-02,6종,2646
503,줄포,2003-02,1종,57085
503,줄포,2003-02,2종,4077
503,줄포,2003-02,3종,1066
503,줄포,2003-02,4종,378
503,줄포,2003-02,5종,459
503,줄포,2003-02,6종,1322
504,선운산,2003-02,1종,61889
504,선운산,2003-02,2종,13714
504,선운산,2003-02,3종,4670
504,선운산,2003-02,4종,1640
504,선운산,2003-02,5종,3104
504,선운산,2003-02,6종,1402
505,고창,2003-02,1종,76687
505,고창,2003-02,2종,6164
505,고창,2003-02,3종,1013
505,고창,2003-02,4종,517
505,고창,2003-02,5종,1046
505,고창,2003-02,6종,2024
506,영광,2003-02,1종,68857
506,영광,2003-02,2종,5696
506,영광,2003-02,3종,2786
506,영광,2003-02,4종,536
506,영광,2003-02,5종,892
506,영광,2003-02,6종,1916
507,함평,2003-02,1종,54695
507,함평,2003-02,2종,10152
507,함평,2003-02,3종,1073
507,함평,2003-02,4종,1226
507,함평,2003-02,5종,2493
507,함평,2003-02,6종,1407
508,무안,2003-02,1종,296680
508,무안,2003-02,2종,24613
508,무안,2003-02,3종,8300
508,무안,2003-02,4종,4581
508,무안,2003-02,5종,10556
508,무안,2003-02,6종,8692
509,목포,2003-02,1종,449107
509,목포,2003-02,2종,47094
509,목포,2003-02,3종,14136
509,목포,2003-02,4종,6372
509,목포,2003-02,5종,17882
509,목포,2003-02,6종,12586
521,단양,2003-02,1종,57684
521,단양,2003-02,2종,2609
521,단양,2003-02,3종,3969
521,단양,2003-02,4종,647
521,단양,2003-02,5종,5431
521,단양,2003-02,6종,2426
522,북단양,2003-02,1종,53384
522,북단양,2003-02,2종,3739
522,북단양,2003-02,3종,2214
522,북단양,2003-02,4종,843
522,북단양,2003-02,5종,13883
522,북단양,2003-02,6종,2079
523,남제천,2003-02,1종,33429
523,남제천,2003-02,2종,1847
523,남제천,2003-02,3종,510
523,남제천,2003-02,4종,222
523,남제천,2003-02,5종,1325
523,남제천,2003-02,6종,1426
530,내장산,2003-02,1종,20235
530,내장산,2003-02,2종,1371
530,내장산,2003-02,3종,209
530,내장산,2003-02,4종,163
530,내장산,2003-02,5종,209
530,내장산,2003-02,6종,741
540,청북,2003-02,1종,120167
540,청북,2003-02,2종,27405
540,청북,2003-02,3종,5035
540,청북,2003-02,4종,6834
540,청북,2003-02,5종,15892
540,청북,2003-02,6종,3647
541,송탄,2003-02,1종,195061
541,송탄,2003-02,2종,22174
541,송탄,2003-02,3종,3323
541,송탄,2003-02,4종,4021
541,송탄,2003-02,5종,6991
541,송탄,2003-02,6종,6469
542,서안성,2003-02,1종,74271
542,서안성,2003-02,2종,8215
542,서안성,2003-02,3종,1146
542,서안성,2003-02,4종,2118
542,서안성,2003-02,5종,3868
542,서안성,2003-02,6종,2504
560,감곡,2003-02,1종,62123
560,감곡,2003-02,2종,4815
560,감곡,2003-02,3종,2011
560,감곡,2003-02,4종,924
560,감곡,2003-02,5종,4555
560,감곡,2003-02,6종,2210
561,북충주,2003-02,1종,27436
561,북충주,2003-02,2종,2200
561,북충주,2003-02,3종,411
561,북충주,2003-02,4종,287
561,북충주,2003-02,5종,660
561,북충주,2003-02,6종,1073
562,충주,2003-02,1종,153588
562,충주,2003-02,2종,6872
562,충주,2003-02,3종,6913
562,충주,2003-02,4종,722
562,충주,2003-02,5종,1758
562,충주,2003-02,6종,5358
601,남천안,2003-02,1종,125962
601,남천안,2003-02,2종,32878
601,남천안,2003-02,3종,12032
601,남천안,2003-02,4종,14284
601,남천안,2003-02,5종,18114
601,남천안,2003-02,6종,3713
602,풍세상,2003-02,1종,524059
602,풍세상,2003-02,2종,35449
602,풍세상,2003-02,3종,68311
602,풍세상,2003-02,4종,10027
602,풍세상,2003-02,5종,19855
602,풍세상,2003-02,6종,13960
603,정안,2003-02,1종,78117
603,정안,2003-02,2종,11108
603,정안,2003-02,3종,4777
603,정안,2003-02,4종,3461
603,정안,2003-02,5종,5520
603,정안,2003-02,6종,2410
604,남공주,2003-02,1종,30272
604,남공주,2003-02,2종,1810
604,남공주,2003-02,3종,354
604,남공주,2003-02,4종,458
604,남공주,2003-02,5종,561
604,남공주,2003-02,6종,883
605,탄천,2003-02,1종,18971
605,탄천,2003-02,2종,1232
605,탄천,2003-02,3종,157
605,탄천,2003-02,4종,212
605,탄천,2003-02,5종,273
605,탄천,2003-02,6종,570
606,서논산,2003-02,1종,53351
606,서논산,2003-02,2종,5241
606,서논산,2003-02,3종,2703
606,서논산,2003-02,4종,1533
606,서논산,2003-02,5종,2428
606,서논산,2003-02,6종,1649
607,연무,2003-02,1종,47319
607,연무,2003-02,2종,2551
607,연무,2003-02,3종,1127
607,연무,2003-02,4종,620
607,연무,2003-02,5종,680
607,연무,2003-02,6종,1423
608,남논산하,2003-02,1종,293735
608,남논산하,2003-02,2종,25553
608,남논산하,2003-02,3종,60820
608,남논산하,2003-02,4종,6987
608,남논산하,2003-02,5종,13088
608,남논산하,2003-02,6종,6906
11,인천,2003-03,1종,3259491
11,인천,2003-03,2종,169904
11,인천,2003-03,3종,48439
11,인천,2003-03,4종,58274
11,인천,2003-03,5종,114500
11,인천,2003-03,6종,194719
22,,2003-03,1종,455613
22,,2003-03,2종,26366
22,,2003-03,3종,21184
22,,2003-03,4종,9261
22,,2003-03,5종,25934
22,,2003-03,6종,23696
53,남인천,2003-03,1종,1558277
53,남인천,2003-03,2종,85169
53,남인천,2003-03,3종,20613
53,남인천,2003-03,4종,20764
53,남인천,2003-03,5종,119523
53,남인천,2003-03,6종,88612
56,일로,2003-03,1종,16200
56,일로,2003-03,2종,1054
56,일로,2003-03,3종,72
56,일로,2003-03,4종,118
56,일로,2003-03,5종,307
56,일로,2003-03,6종,894
61,성남,2003-03,1종,2497937
61,성남,2003-03,2종,192227
61,성남,2003-03,3종,66775
61,성남,2003-03,4종,29772
61,성남,2003-03,5종,47597
61,성남,2003-03,6종,111436
62,구리남양주,2003-03,1종,3513187
62,구리남양주,2003-03,2종,266234
62,구리남양주,2003-03,3종,61409
62,구리남양주,2003-03,4종,59455
62,구리남양주,2003-03,5종,66716
62,구리남양주,2003-03,6종,162324
63,토평,2003-03,1종,600845
63,토평,2003-03,2종,22844
63,토평,2003-03,3종,7075
63,토평,2003-03,4종,10071
63,토평,2003-03,5종,10098
63,토평,2003-03,6종,29012
64,청계,2003-03,1종,3825522
64,청계,2003-03,2종,230241
64,청계,2003-03,3종,74796
64,청계,2003-03,4종,32394
64,청계,2003-03,5종,78218
64,청계,2003-03,6종,181979
65,판교,2003-03,1종,2041462
65,판교,2003-03,2종,63006
65,판교,2003-03,3종,87193
65,판교,2003-03,4종,17162
65,판교,2003-03,5종,12525
65,판교,2003-03,6종,78284
66,하남,2003-03,1종,356613
66,하남,2003-03,2종,26284
66,하남,2003-03,3종,11228
66,하남,2003-03,4종,8526
66,하남,2003-03,5종,6367
66,하남,2003-03,6종,15465
67,시흥,2003-03,1종,3246125
67,시흥,2003-03,2종,224432
67,시흥,2003-03,3종,59935
67,시흥,2003-03,4종,37870
67,시흥,2003-03,5종,45372
67,시흥,2003-03,6종,149600
68,김포,2003-03,1종,3291692
68,김포,2003-03,2종,240881
68,김포,2003-03,3종,36974
68,김포,2003-03,4종,34599
68,김포,2003-03,5종,77118
68,김포,2003-03,6종,156540
91,대동(개),2003-03,1종,131367
91,대동(개),2003-03,2종,13959
91,대동(개),2003-03,3종,982
91,대동(개),2003-03,4종,36929
91,대동(개),2003-03,5종,10897
91,대동(개),2003-03,6종,7888
101,서울,2003-03,1종,4927230
101,서울,2003-03,2종,323566
101,서울,2003-03,3종,388039
101,서울,2003-03,4종,58028
101,서울,2003-03,5종,52292
101,서울,2003-03,6종,186470
102,동수원,2003-03,1종,1710122
102,동수원,2003-03,2종,78794
102,동수원,2003-03,3종,53983
102,동수원,2003-03,4종,21695
102,동수원,2003-03,5종,33045
102,동수원,2003-03,6종,83658
103,수원신갈,2003-03,1종,2219973
103,수원신갈,2003-03,2종,146982
103,수원신갈,2003-03,3종,84575
103,수원신갈,2003-03,4종,27908
103,수원신갈,2003-03,5종,33913
103,수원신갈,2003-03,6종,99293
104,지곡,2003-03,1종,34159
104,지곡,2003-03,2종,3531
104,지곡,2003-03,3종,882
104,지곡,2003-03,4종,1259
104,지곡,2003-03,5종,3274
104,지곡,2003-03,6종,1203
105,기흥,2003-03,1종,790804
105,기흥,2003-03,2종,86566
105,기흥,2003-03,3종,21268
105,기흥,2003-03,4종,16539
105,기흥,2003-03,5종,24185
105,기흥,2003-03,6종,28795
106,오산,2003-03,1종,1051587
106,오산,2003-03,2종,130398
106,오산,2003-03,3종,54971
106,오산,2003-03,4종,28461
106,오산,2003-03,5종,30320
106,오산,2003-03,6종,46020
107,안성,2003-03,1종,930378
107,안성,2003-03,2종,97328
107,안성,2003-03,3종,51179
107,안성,2003-03,4종,22015
107,안성,2003-03,5종,26594
107,안성,2003-03,6종,38478
108,천안,2003-03,1종,1216689
108,천안,2003-03,2종,95341
108,천안,2003-03,3종,77220
108,천안,2003-03,4종,25323
108,천안,2003-03,5종,28492
108,천안,2003-03,6종,45971
109,계룡,2003-03,1종,113114
109,계룡,2003-03,2종,11585
109,계룡,2003-03,3종,9104
109,계룡,2003-03,4종,5809
109,계룡,2003-03,5종,2117
109,계룡,2003-03,6종,5599
110,독립기념관,2003-03,1종,285888
110,독립기념관,2003-03,2종,40081
110,독립기념관,2003-03,3종,13554
110,독립기념관,2003-03,4종,11855
110,독립기념관,2003-03,5종,15354
110,독립기념관,2003-03,6종,9538
111,청주,2003-03,1종,494541
111,청주,2003-03,2종,45549
111,청주,2003-03,3종,40996
111,청주,2003-03,4종,12875
111,청주,2003-03,5종,17462
111,청주,2003-03,6종,19057
112,남청주,2003-03,1종,423047
112,남청주,2003-03,2종,75380
112,남청주,2003-03,3종,24353
112,남청주,2003-03,4종,30573
112,남청주,2003-03,5종,36301
112,남청주,2003-03,6종,15899
113,신탄진,2003-03,1종,430690
113,신탄진,2003-03,2종,66394
113,신탄진,2003-03,3종,17875
113,신탄진,2003-03,4종,32199
113,신탄진,2003-03,5종,38883
113,신탄진,2003-03,6종,17042
114,남대전,2003-03,1종,243854
114,남대전,2003-03,2종,13152
114,남대전,2003-03,3종,2725
114,남대전,2003-03,4종,3270
114,남대전,2003-03,5종,3263
114,남대전,2003-03,6종,10802
115,대전,2003-03,1종,1206987
115,대전,2003-03,2종,73903
115,대전,2003-03,3종,78503
115,대전,2003-03,4종,14996
115,대전,2003-03,5종,25209
115,대전,2003-03,6종,53335
116,옥천,2003-03,1종,414065
116,옥천,2003-03,2종,42647
116,옥천,2003-03,3종,10129
116,옥천,2003-03,4종,11493
116,옥천,2003-03,5종,15198
116,옥천,2003-03,6종,18556
117,금강,2003-03,1종,13153
117,금강,2003-03,2종,726
117,금강,2003-03,3종,71
117,금강,2003-03,4종,190
117,금강,2003-03,5종,76
117,금강,2003-03,6종,578
118,영동,2003-03,1종,112382
118,영동,2003-03,2종,12885
118,영동,2003-03,3종,4946
118,영동,2003-03,4종,6161
118,영동,2003-03,5종,12776
118,영동,2003-03,6종,3801
119,판암,2003-03,1종,322278
119,판암,2003-03,2종,17442
119,판암,2003-03,3종,3501
119,판암,2003-03,4종,7992
119,판암,2003-03,5종,6791
119,판암,2003-03,6종,16413
120,황간,2003-03,1종,72537
120,황간,2003-03,2종,8132
120,황간,2003-03,3종,2388
120,황간,2003-03,4종,4423
120,황간,2003-03,5종,4288
120,황간,2003-03,6종,2798
121,추풍령,2003-03,1종,40004
121,추풍령,2003-03,2종,4256
121,추풍령,2003-03,3종,1322
121,추풍령,2003-03,4종,1868
121,추풍령,2003-03,5종,1923
121,추풍령,2003-03,6종,2632
122,김천,2003-03,1종,253284
122,김천,2003-03,2종,34407
122,김천,2003-03,3종,16938
122,김천,2003-03,4종,13893
122,김천,2003-03,5종,13982
122,김천,2003-03,6종,10066
123,구미,2003-03,1종,582413
123,구미,2003-03,2종,33807
123,구미,2003-03,3종,21228
123,구미,2003-03,4종,13273
123,구미,2003-03,5종,13933
123,구미,2003-03,6종,29393
124,상주,2003-03,1종,186873
124,상주,2003-03,2종,12991
124,상주,2003-03,3종,6039
124,상주,2003-03,4종,3662
124,상주,2003-03,5종,7923
124,상주,2003-03,6종,8965
125,남구미,2003-03,1종,354362
125,남구미,2003-03,2종,41320
125,남구미,2003-03,3종,25891
125,남구미,2003-03,4종,16152
125,남구미,2003-03,5종,51028
125,남구미,2003-03,6종,17453
126,왜관,2003-03,1종,470572
126,왜관,2003-03,2종,53962
126,왜관,2003-03,3종,22810
126,왜관,2003-03,4종,16119
126,왜관,2003-03,5종,31834
126,왜관,2003-03,6종,24463
127,서대구,2003-03,1종,2095991
127,서대구,2003-03,2종,235933
127,서대구,2003-03,3종,90353
127,서대구,2003-03,4종,65001
127,서대구,2003-03,5종,115345
127,서대구,2003-03,6종,110050
129,북대구,2003-03,1종,1195939
129,북대구,2003-03,2종,87874
129,북대구,2003-03,3종,28467
129,북대구,2003-03,4종,20176
129,북대구,2003-03,5종,33987
129,북대구,2003-03,6종,56122
130,동김천,2003-03,1종,1058322
130,동김천,2003-03,2종,74478
130,동김천,2003-03,3종,43768
130,동김천,2003-03,4종,27969
130,동김천,2003-03,5종,39334
130,동김천,2003-03,6종,56424
131,경산,2003-03,1종,747871
131,경산,2003-03,2종,100545
131,경산,2003-03,3종,21387
131,경산,2003-03,4종,20008
131,경산,2003-03,5종,28956
131,경산,2003-03,6종,45740
132,영천,2003-03,1종,461769
132,영천,2003-03,2종,56752
132,영천,2003-03,3종,34053
132,영천,2003-03,4종,15648
132,영천,2003-03,5종,68762
132,영천,2003-03,6종,19824
133,서경주,2003-03,1종,80169
133,서경주,2003-03,2종,6807
133,서경주,2003-03,3종,2653
133,서경주,2003-03,4종,2070
133,서경주,2003-03,5종,4313
133,서경주,2003-03,6종,3118
134,선산,2003-03,1종,68812
134,선산,2003-03,2종,5609
134,선산,2003-03,3종,1064
134,선산,2003-03,4종,1305
134,선산,2003-03,5종,1716
134,선산,2003-03,6종,3282
135,경주,2003-03,1종,915600
135,경주,2003-03,2종,84287
135,경주,2003-03,3종,74599
135,경주,2003-03,4종,30815
135,경주,2003-03,5종,95046
135,경주,2003-03,6종,38568
136,음성,2003-03,1종,151175
136,음성,2003-03,2종,8991
136,음성,2003-03,3종,5747
136,음성,2003-03,4종,3048
136,음성,2003-03,5종,4493
136,음성,2003-03,6종,9930
137,통도사,2003-03,1종,361102
137,통도사,2003-03,2종,37849
137,통도사,2003-03,3종,16955
137,통도사,2003-03,4종,14864
137,통도사,2003-03,5종,20512
137,통도사,2003-03,6종,19057
138,양산,2003-03,1종,728426
138,양산,2003-03,2종,96588
138,양산,2003-03,3종,28404
138,양산,2003-03,4종,43041
138,양산,2003-03,5종,46369
138,양산,2003-03,6종,46903
139,서울산,2003-03,1종,376405
139,서울산,2003-03,2종,29155
139,서울산,2003-03,3종,20340
139,서울산,2003-03,4종,9366
139,서울산,2003-03,5종,13300
139,서울산,2003-03,6종,21582
140,부산,2003-03,1종,1470005
140,부산,2003-03,2종,94422
140,부산,2003-03,3종,82999
140,부산,2003-03,4종,44023
140,부산,2003-03,5종,118670
140,부산,2003-03,6종,80309
141,,2003-03,1종,1075937
141,,2003-03,2종,104048
141,,2003-03,3종,53455
141,,2003-03,4종,53973
141,,2003-03,5종,128913
141,,2003-03,6종,57657
142,군북,2003-03,1종,238251
142,군북,2003-03,2종,19142
142,군북,2003-03,3종,8992
142,군북,2003-03,4종,11809
142,군북,2003-03,5종,12877
142,군북,2003-03,6종,14682
143,장지,2003-03,1종,78024
143,장지,2003-03,2종,8209
143,장지,2003-03,3종,1210
143,장지,2003-03,4종,2354
143,장지,2003-03,5종,9204
143,장지,2003-03,6종,4984
144,함안,2003-03,1종,353950
144,함안,2003-03,2종,27702
144,함안,2003-03,3종,9123
144,함안,2003-03,4종,9269
144,함안,2003-03,5종,16439
144,함안,2003-03,6종,26242
145,산인,2003-03,1종,663938
145,산인,2003-03,2종,43228
145,산인,2003-03,3종,40552
145,산인,2003-03,4종,17923
145,산인,2003-03,5종,25020
145,산인,2003-03,6종,45000
146,동창원,2003-03,1종,578213
146,동창원,2003-03,2종,52642
146,동창원,2003-03,3종,9394
146,동창원,2003-03,4종,12669
146,동창원,2003-03,5종,45036
146,동창원,2003-03,6종,37320
147,진례,2003-03,1종,501132
147,진례,2003-03,2종,78797
147,진례,2003-03,3종,8274
147,진례,2003-03,4종,18732
147,진례,2003-03,5종,22268
147,진례,2003-03,6종,29065
148,서김해,2003-03,1종,649922
148,서김해,2003-03,2종,50219
148,서김해,2003-03,3종,9776
148,서김해,2003-03,4종,11784
148,서김해,2003-03,5종,20431
148,서김해,2003-03,6종,46946
149,동김해,2003-03,1종,1124016
149,동김해,2003-03,2종,69829
149,동김해,2003-03,3종,16763
149,동김해,2003-03,4종,17857
149,동김해,2003-03,5종,25269
149,동김해,2003-03,6종,92858
150,북부산,2003-03,1종,2460901
150,북부산,2003-03,2종,176266
150,북부산,2003-03,3종,67004
150,북부산,2003-03,4종,52883
150,북부산,2003-03,5종,121839
150,북부산,2003-03,6종,164910
151,북대전,2003-03,1종,484363
151,북대전,2003-03,2종,21556
151,북대전,2003-03,3종,14458
151,북대전,2003-03,4종,9348
151,북대전,2003-03,5종,10189
151,북대전,2003-03,6종,20901
152,유성,2003-03,1종,803090
152,유성,2003-03,2종,51459
152,유성,2003-03,3종,26945
152,유성,2003-03,4종,14716
152,유성,2003-03,5종,17927
152,유성,2003-03,6종,33324
153,서대전,2003-03,1종,532159
153,서대전,2003-03,2종,33209
153,서대전,2003-03,3종,9844
153,서대전,2003-03,4종,9129
153,서대전,2003-03,5종,11725
153,서대전,2003-03,6종,25507
154,안영,2003-03,1종,318281
154,안영,2003-03,2종,19970
154,안영,2003-03,3종,4282
154,안영,2003-03,4종,6634
154,안영,2003-03,5종,7111
154,안영,2003-03,6종,13968
155,논산,2003-03,1종,223175
155,논산,2003-03,2종,42555
155,논산,2003-03,3종,12016
155,논산,2003-03,4종,17469
155,논산,2003-03,5종,19255
155,논산,2003-03,6종,7682
156,익산,2003-03,1종,274691
156,익산,2003-03,2종,43416
156,익산,2003-03,3종,18541
156,익산,2003-03,4종,17359
156,익산,2003-03,5종,32580
156,익산,2003-03,6종,8316
157,삼례,2003-03,1종,80437
157,삼례,2003-03,2종,10115
157,삼례,2003-03,3종,2775
157,삼례,2003-03,4종,3605
157,삼례,2003-03,5종,5286
157,삼례,2003-03,6종,2657
158,전주,2003-03,1종,521440
158,전주,2003-03,2종,42955
158,전주,2003-03,3종,41300
158,전주,2003-03,4종,12151
158,전주,2003-03,5종,27088
158,전주,2003-03,6종,16229
159,서전주,2003-03,1종,151639
159,서전주,2003-03,2종,10090
159,서전주,2003-03,3종,2706
159,서전주,2003-03,4종,3054
159,서전주,2003-03,5종,3060
159,서전주,2003-03,6종,4669
160,김제,2003-03,1종,111173
160,김제,2003-03,2종,9427
160,김제,2003-03,3종,7934
160,김제,2003-03,4종,2593
160,김제,2003-03,5종,2395
160,김제,2003-03,6종,3493
161,금산사,2003-03,1종,46290
161,금산사,2003-03,2종,7541
161,금산사,2003-03,3종,1432
161,금산사,2003-03,4종,1038
161,금산사,2003-03,5종,3390
161,금산사,2003-03,6종,1368
162,태인,2003-03,1종,85470
162,태인,2003-03,2종,12662
162,태인,2003-03,3종,4685
162,태인,2003-03,4종,3002
162,태인,2003-03,5종,5251
162,태인,2003-03,6종,2434
163,정읍,2003-03,1종,357241
163,정읍,2003-03,2종,43043
163,정읍,2003-03,3종,26476
163,정읍,2003-03,4종,8378
163,정읍,2003-03,5종,12000
163,정읍,2003-03,6종,11176
164,무주,2003-03,1종,112407
164,무주,2003-03,2종,5149
164,무주,2003-03,3종,4077
164,무주,2003-03,4종,1261
164,무주,2003-03,5종,2850
164,무주,2003-03,6종,3673
165,백양사,2003-03,1종,103639
165,백양사,2003-03,2종,8123
165,백양사,2003-03,3종,4860
165,백양사,2003-03,4종,1585
165,백양사,2003-03,5종,2257
165,백양사,2003-03,6종,2966
166,장성,2003-03,1종,159665
166,장성,2003-03,2종,12888
166,장성,2003-03,3종,11542
166,장성,2003-03,4종,3066
166,장성,2003-03,5종,7649
166,장성,2003-03,6종,6820
167,광주,2003-03,1종,881509
167,광주,2003-03,2종,85777
167,광주,2003-03,3종,73435
167,광주,2003-03,4종,26716
167,광주,2003-03,5종,29310
167,광주,2003-03,6종,26508
168,덕유산,2003-03,1종,31963
168,덕유산,2003-03,2종,2018
168,덕유산,2003-03,3종,835
168,덕유산,2003-03,4종,650
168,덕유산,2003-03,5종,2795
168,덕유산,2003-03,6종,824
169,장수,2003-03,1종,88369
169,장수,2003-03,2종,17043
169,장수,2003-03,3종,8425
169,장수,2003-03,4종,5738
169,장수,2003-03,5종,12084
169,장수,2003-03,6종,2022
170,서상,2003-03,1종,31986
170,서상,2003-03,2종,4353
170,서상,2003-03,3종,2594
170,서상,2003-03,4종,1176
170,서상,2003-03,5종,1239
170,서상,2003-03,6종,1133
171,마성,2003-03,1종,276830
171,마성,2003-03,2종,6956
171,마성,2003-03,3종,11222
171,마성,2003-03,4종,714
171,마성,2003-03,5종,579
171,마성,2003-03,6종,13325
172,용인,2003-03,1종,740425
172,용인,2003-03,2종,90617
172,용인,2003-03,3종,19069
172,용인,2003-03,4종,13798
172,용인,2003-03,5종,16170
172,용인,2003-03,6종,38595
173,양지,2003-03,1종,502318
173,양지,2003-03,2종,84271
173,양지,2003-03,3종,17631
173,양지,2003-03,4종,19645
173,양지,2003-03,5종,25052
173,양지,2003-03,6종,19541
174,춘천,2003-03,1종,403860
174,춘천,2003-03,2종,20991
174,춘천,2003-03,3종,13441
174,춘천,2003-03,4종,5184
174,춘천,2003-03,5종,5613
174,춘천,2003-03,6종,22014
175,덕평,2003-03,1종,162875
175,덕평,2003-03,2종,21750
175,덕평,2003-03,3종,10064
175,덕평,2003-03,4종,5418
175,덕평,2003-03,5종,6039
175,덕평,2003-03,6종,6645
176,이천,2003-03,1종,509122
176,이천,2003-03,2종,54859
176,이천,2003-03,3종,25363
176,이천,2003-03,4종,19623
176,이천,2003-03,5종,26372
176,이천,2003-03,6종,20097
177,여주,2003-03,1종,320142
177,여주,2003-03,2종,28825
177,여주,2003-03,3종,15576
177,여주,2003-03,4종,9502
177,여주,2003-03,5종,12187
177,여주,2003-03,6종,10927
178,문막,2003-03,1종,220903
178,문막,2003-03,2종,25972
178,문막,2003-03,3종,8890
178,문막,2003-03,4종,7544
178,문막,2003-03,5종,16394
178,문막,2003-03,6종,7940
179,홍천,2003-03,1종,262075
179,홍천,2003-03,2종,14350
179,홍천,2003-03,3종,7415
179,홍천,2003-03,4종,4321
179,홍천,2003-03,5종,4587
179,홍천,2003-03,6종,14641
180,원주,2003-03,1종,238210
180,원주,2003-03,2종,23787
180,원주,2003-03,3종,26924
180,원주,2003-03,4종,6153
180,원주,2003-03,5종,8493
180,원주,2003-03,6종,10090
181,새말,2003-03,1종,132618
181,새말,2003-03,2종,13384
181,새말,2003-03,3종,18821
181,새말,2003-03,4종,4492
181,새말,2003-03,5종,4174
181,새말,2003-03,6종,4808
182,둔내,2003-03,1종,85196
182,둔내,2003-03,2종,4575
182,둔내,2003-03,3종,4128
182,둔내,2003-03,4종,892
182,둔내,2003-03,5종,493
182,둔내,2003-03,6종,2751
183,면온,2003-03,1종,80501
183,면온,2003-03,2종,2063
183,면온,2003-03,3종,7447
183,면온,2003-03,4종,4582
183,면온,2003-03,5종,737
183,면온,2003-03,6종,2412
184,대관령,2003-03,1종,139550
184,대관령,2003-03,2종,4667
184,대관령,2003-03,3종,12005
184,대관령,2003-03,4종,725
184,대관령,2003-03,5종,594
184,대관령,2003-03,6종,5144
185,평창,2003-03,1종,83704
185,평창,2003-03,2종,5349
185,평창,2003-03,3종,11575
185,평창,2003-03,4종,768
185,평창,2003-03,5종,1892
185,평창,2003-03,6종,3565
186,속사,2003-03,1종,27945
186,속사,2003-03,2종,2196
186,속사,2003-03,3종,919
186,속사,2003-03,4종,636
186,속사,2003-03,5종,523
186,속사,2003-03,6종,1034
187,진부,2003-03,1종,105094
187,진부,2003-03,2종,7279
187,진부,2003-03,3종,12196
187,진부,2003-03,4종,2851
187,진부,2003-03,5종,1716
187,진부,2003-03,6종,4420
189,강릉,2003-03,1종,487244
189,강릉,2003-03,2종,29794
189,강릉,2003-03,3종,32374
189,강릉,2003-03,4종,9072
189,강릉,2003-03,5종,16079
189,강릉,2003-03,6종,18691
190,동서울,2003-03,1종,2708936
190,동서울,2003-03,2종,238346
190,동서울,2003-03,3종,141291
190,동서울,2003-03,4종,44995
190,동서울,2003-03,5종,60071
190,동서울,2003-03,6종,93514
191,경기광주,2003-03,1종,607598
191,경기광주,2003-03,2종,48094
191,경기광주,2003-03,3종,20740
191,경기광주,2003-03,4종,6418
191,경기광주,2003-03,5종,9712
191,경기광주,2003-03,6종,28343
192,곤지암,2003-03,1종,605196
192,곤지암,2003-03,2종,83698
192,곤지암,2003-03,3종,13818
192,곤지암,2003-03,4종,13486
192,곤지암,2003-03,5종,18590
192,곤지암,2003-03,6종,22061
193,일죽,2003-03,1종,409223
193,일죽,2003-03,2종,65969
193,일죽,2003-03,3종,24776
193,일죽,2003-03,4종,14696
193,일죽,2003-03,5종,17753
193,일죽,2003-03,6종,13589
194,서이천,2003-03,1종,268574
194,서이천,2003-03,2종,24350
194,서이천,2003-03,3종,11120
194,서이천,2003-03,4종,5630
194,서이천,2003-03,5종,5260
194,서이천,2003-03,6종,11260
195,대소,2003-03,1종,308764
195,대소,2003-03,2종,51631
195,대소,2003-03,3종,12382
195,대소,2003-03,4종,11820
195,대소,2003-03,5종,12047
195,대소,2003-03,6종,10589
196,진천,2003-03,1종,251149
196,진천,2003-03,2종,34298
196,진천,2003-03,3종,8821
196,진천,2003-03,4종,8708
196,진천,2003-03,5종,10895
196,진천,2003-03,6종,9370
197,증평,2003-03,1종,291663
197,증평,2003-03,2종,40345
197,증평,2003-03,3종,10615
197,증평,2003-03,4종,8816
197,증평,2003-03,5종,18554
197,증평,2003-03,6종,9894
198,서청주,2003-03,1종,499917
198,서청주,2003-03,2종,49474
198,서청주,2003-03,3종,23366
198,서청주,2003-03,4종,17182
198,서청주,2003-03,5종,16823
198,서청주,2003-03,6종,19563
199,오창,2003-03,1종,228994
199,오창,2003-03,2종,20767
199,오창,2003-03,3종,10339
199,오창,2003-03,4종,5318
199,오창,2003-03,5종,6295
199,오창,2003-03,6종,8309
200,금산,2003-03,1종,179633
200,금산,2003-03,2종,9841
200,금산,2003-03,3종,3049
200,금산,2003-03,4종,2498
200,금산,2003-03,5종,4003
200,금산,2003-03,6종,6617
201,칠곡,2003-03,1종,692002
201,칠곡,2003-03,2종,35374
201,칠곡,2003-03,3종,13488
201,칠곡,2003-03,4종,10770
201,칠곡,2003-03,5종,13631
201,칠곡,2003-03,6종,47985
202,다부,2003-03,1종,106688
202,다부,2003-03,2종,9252
202,다부,2003-03,3종,2796
202,다부,2003-03,4종,3050
202,다부,2003-03,5종,4834
202,다부,2003-03,6종,4816
203,가산,2003-03,1종,362850
203,가산,2003-03,2종,26895
203,가산,2003-03,3종,8924
203,가산,2003-03,4종,5993
203,가산,2003-03,5종,13247
203,가산,2003-03,6종,15216
204,추부,2003-03,1종,229053
204,추부,2003-03,2종,18240
204,추부,2003-03,3종,4655
204,추부,2003-03,4종,5761
204,추부,2003-03,5종,4822
204,추부,2003-03,6종,11563
205,군위,2003-03,1종,94085
205,군위,2003-03,2종,10672
205,군위,2003-03,3종,1387
205,군위,2003-03,4종,1554
205,군위,2003-03,5종,2846
205,군위,2003-03,6종,4111
206,의성,2003-03,1종,143040
206,의성,2003-03,2종,10490
206,의성,2003-03,3종,2838
206,의성,2003-03,4종,2165
206,의성,2003-03,5종,4424
206,의성,2003-03,6종,5542
207,남안동,2003-03,1종,204251
207,남안동,2003-03,2종,11927
207,남안동,2003-03,3종,10403
207,남안동,2003-03,4종,2125
207,남안동,2003-03,5종,8138
207,남안동,2003-03,6종,8879
208,서안동,2003-03,1종,176208
208,서안동,2003-03,2종,13540
208,서안동,2003-03,3종,6983
208,서안동,2003-03,4종,2293
208,서안동,2003-03,5종,11503
208,서안동,2003-03,6종,7194
209,예천,2003-03,1종,40959
209,예천,2003-03,2종,2021
209,예천,2003-03,3종,802
209,예천,2003-03,4종,387
209,예천,2003-03,5종,3928
209,예천,2003-03,6종,1714
210,영주,2003-03,1종,131685
210,영주,2003-03,2종,9600
210,영주,2003-03,3종,4847
210,영주,2003-03,4종,1949
210,영주,2003-03,5종,6743
210,영주,2003-03,6종,5894
211,풍기,2003-03,1종,136324
211,풍기,2003-03,2종,10599
211,풍기,2003-03,3종,8419
211,풍기,2003-03,4종,897
211,풍기,2003-03,5종,5660
211,풍기,2003-03,6종,5884
212,북수원,2003-03,1종,1169000
212,북수원,2003-03,2종,87188
212,북수원,2003-03,3종,38744
212,북수원,2003-03,4종,29046
212,북수원,2003-03,5종,25022
212,북수원,2003-03,6종,55120
213,부곡,2003-03,1종,229743
213,부곡,2003-03,2종,15086
213,부곡,2003-03,3종,3612
213,부곡,2003-03,4종,6092
213,부곡,2003-03,5종,58369
213,부곡,2003-03,6종,12008
214,동군포,2003-03,1종,105783
214,동군포,2003-03,2종,23078
214,동군포,2003-03,3종,7355
214,동군포,2003-03,4종,13467
214,동군포,2003-03,5종,5878
214,동군포,2003-03,6종,5478
215,군포,2003-03,1종,614975
215,군포,2003-03,2종,75259
215,군포,2003-03,3종,14831
215,군포,2003-03,4종,16402
215,군포,2003-03,5종,25026
215,군포,2003-03,6종,28776
216,횡성,2003-03,1종,103771
216,횡성,2003-03,2종,7934
216,횡성,2003-03,3종,2929
216,횡성,2003-03,4종,1864
216,횡성,2003-03,5종,2860
216,횡성,2003-03,6종,4968
217,북원주,2003-03,1종,51121
217,북원주,2003-03,2종,3957
217,북원주,2003-03,3종,465
217,북원주,2003-03,4종,1330
217,북원주,2003-03,5종,1547
217,북원주,2003-03,6종,2794
218,남원주,2003-03,1종,459198
218,남원주,2003-03,2종,27564
218,남원주,2003-03,3종,20567
218,남원주,2003-03,4종,5528
218,남원주,2003-03,5종,10142
218,남원주,2003-03,6종,20960
219,신림,2003-03,1종,82375
219,신림,2003-03,2종,7086
219,신림,2003-03,3종,4081
219,신림,2003-03,4종,1154
219,신림,2003-03,5종,16042
219,신림,2003-03,6종,3882
221,생초,2003-03,1종,45538
221,생초,2003-03,2종,7596
221,생초,2003-03,3종,2019
221,생초,2003-03,4종,4506
221,생초,2003-03,5종,9946
221,생초,2003-03,6종,1747
222,산청,2003-03,1종,45591
222,산청,2003-03,2종,3081
222,산청,2003-03,3종,1240
222,산청,2003-03,4종,654
222,산청,2003-03,5종,1917
222,산청,2003-03,6종,1896
223,단성,2003-03,1종,76825
223,단성,2003-03,2종,6072
223,단성,2003-03,3종,3142
223,단성,2003-03,4종,1433
223,단성,2003-03,5종,2930
223,단성,2003-03,6종,2646
224,함양,2003-03,1종,105990
224,함양,2003-03,2종,7418
224,함양,2003-03,3종,5200
224,함양,2003-03,4종,2094
224,함양,2003-03,5종,5695
224,함양,2003-03,6종,5434
225,서진주,2003-03,1종,309437
225,서진주,2003-03,2종,11863
225,서진주,2003-03,3종,3738
225,서진주,2003-03,4종,1835
225,서진주,2003-03,5종,5738
225,서진주,2003-03,6종,20939
227,군산,2003-03,1종,130313
227,군산,2003-03,2종,9181
227,군산,2003-03,3종,5086
227,군산,2003-03,4종,1967
227,군산,2003-03,5종,5543
227,군산,2003-03,6종,3970
228,동군산,2003-03,1종,342699
228,동군산,2003-03,2종,31311
228,동군산,2003-03,3종,9548
228,동군산,2003-03,4종,6848
228,동군산,2003-03,5종,24315
228,동군산,2003-03,6종,9801
231,화원옥포,2003-03,1종,1381606
231,화원옥포,2003-03,2종,174755
231,화원옥포,2003-03,3종,67748
231,화원옥포,2003-03,4종,39389
231,화원옥포,2003-03,5종,97152
231,화원옥포,2003-03,6종,66530
232,달성,2003-03,1종,219613
232,달성,2003-03,2종,30330
232,달성,2003-03,3종,10640
232,달성,2003-03,4종,5094
232,달성,2003-03,5종,4486
232,달성,2003-03,6종,17184
233,현풍,2003-03,1종,220732
233,현풍,2003-03,2종,33987
233,현풍,2003-03,3종,6704
233,현풍,2003-03,4종,10003
233,현풍,2003-03,5종,20098
233,현풍,2003-03,6종,10975
234,서천,2003-03,1종,114453
234,서천,2003-03,2종,12120
234,서천,2003-03,3종,1078
234,서천,2003-03,4종,3040
234,서천,2003-03,5종,5296
234,서천,2003-03,6종,3628
235,창녕,2003-03,1종,159567
235,창녕,2003-03,2종,13508
235,창녕,2003-03,3종,7227
235,창녕,2003-03,4종,1925
235,창녕,2003-03,5종,4193
235,창녕,2003-03,6종,7983
236,영산,2003-03,1종,159294
236,영산,2003-03,2종,14977
236,영산,2003-03,3종,8927
236,영산,2003-03,4종,2736
236,영산,2003-03,5종,2861
236,영산,2003-03,6종,8613
237,남지,2003-03,1종,129154
237,남지,2003-03,2종,11077
237,남지,2003-03,3종,8174
237,남지,2003-03,4종,6899
237,남지,2003-03,5종,7661
237,남지,2003-03,6종,8944
238,칠서,2003-03,1종,180767
238,칠서,2003-03,2종,25604
238,칠서,2003-03,3종,4302
238,칠서,2003-03,4종,15851
238,칠서,2003-03,5종,14870
238,칠서,2003-03,6종,12417
239,칠원,2003-03,1종,407519
239,칠원,2003-03,2종,37786
239,칠원,2003-03,3종,22412
239,칠원,2003-03,4종,20509
239,칠원,2003-03,5종,22092
239,칠원,2003-03,6종,25005
240,제천,2003-03,1종,298380
240,제천,2003-03,2종,21616
240,제천,2003-03,3종,14491
240,제천,2003-03,4종,4317
240,제천,2003-03,5종,42298
240,제천,2003-03,6종,11687
241,동고령,2003-03,1종,154349
241,동고령,2003-03,2종,14833
241,동고령,2003-03,3종,8215
241,동고령,2003-03,4종,3450
241,동고령,2003-03,5종,9471
241,동고령,2003-03,6종,7822
242,고령,2003-03,1종,156529
242,고령,2003-03,2종,14546
242,고령,2003-03,3종,3502
242,고령,2003-03,4종,2029
242,고령,2003-03,5종,4750
242,고령,2003-03,6종,7437
243,해인사,2003-03,1종,83412
243,해인사,2003-03,2종,5613
243,해인사,2003-03,3종,2380
243,해인사,2003-03,4종,635
243,해인사,2003-03,5종,712
243,해인사,2003-03,6종,4243
244,서부산,2003-03,1종,1867600
244,서부산,2003-03,2종,161880
244,서부산,2003-03,3종,81108
244,서부산,2003-03,4종,63812
244,서부산,2003-03,5종,188261
244,서부산,2003-03,6종,108889
245,장유,2003-03,1종,1274855
245,장유,2003-03,2종,88821
245,장유,2003-03,3종,31291
245,장유,2003-03,4종,20897
245,장유,2003-03,5종,68354
245,장유,2003-03,6종,90712
246,가락,2003-03,1종,361366
246,가락,2003-03,2종,43924
246,가락,2003-03,3종,6163
246,가락,2003-03,4종,25609
246,가락,2003-03,5종,58772
246,가락,2003-03,6종,23312
247,남원,2003-03,1종,192578
247,남원,2003-03,2종,15316
247,남원,2003-03,3종,11652
247,남원,2003-03,4종,5246
247,남원,2003-03,5종,9300
247,남원,2003-03,6종,6346
248,순창,2003-03,1종,74071
248,순창,2003-03,2종,4715
248,순창,2003-03,3종,1290
248,순창,2003-03,4종,1182
248,순창,2003-03,5종,1272
248,순창,2003-03,6종,3019
249,담양,2003-03,1종,103610
249,담양,2003-03,2종,6407
249,담양,2003-03,3종,10990
249,담양,2003-03,4종,1201
249,담양,2003-03,5종,3250
249,담양,2003-03,6종,4007
250,남양산,2003-03,1종,747891
250,남양산,2003-03,2종,74888
250,남양산,2003-03,3종,17367
250,남양산,2003-03,4종,27994
250,남양산,2003-03,5종,33530
250,남양산,2003-03,6종,49960
251,물금,2003-03,1종,165972
251,물금,2003-03,2종,29868
251,물금,2003-03,3종,6863
251,물금,2003-03,4종,17043
251,물금,2003-03,5종,109352
251,물금,2003-03,6종,9908
252,대동,2003-03,1종,1761555
252,대동,2003-03,2종,226528
252,대동,2003-03,3종,50089
252,대동,2003-03,4종,70899
252,대동,2003-03,5종,167035
252,대동,2003-03,6종,91126
253,서서울,2003-03,1종,3621179
253,서서울,2003-03,2종,310785
253,서서울,2003-03,3종,76287
253,서서울,2003-03,4종,58372
253,서서울,2003-03,5종,101495
253,서서울,2003-03,6종,144999
254,군자,2003-03,1종,2461888
254,군자,2003-03,2종,256790
254,군자,2003-03,3종,65047
254,군자,2003-03,4종,76151
254,군자,2003-03,5종,219910
254,군자,2003-03,6종,115566
255,서안산,2003-03,1종,1010146
255,서안산,2003-03,2종,131754
255,서안산,2003-03,3종,11392
255,서안산,2003-03,4종,25586
255,서안산,2003-03,5종,45471
255,서안산,2003-03,6종,47800
256,안산,2003-03,1종,1103143
256,안산,2003-03,2종,42252
256,안산,2003-03,3종,9157
256,안산,2003-03,4종,5132
256,안산,2003-03,5종,9100
256,안산,2003-03,6종,62663
257,홍성,2003-03,1종,224514
257,홍성,2003-03,2종,13671
257,홍성,2003-03,3종,9121
257,홍성,2003-03,4종,1636
257,홍성,2003-03,5종,4927
257,홍성,2003-03,6종,6436
258,광천,2003-03,1종,89978
258,광천,2003-03,2종,10581
258,광천,2003-03,3종,1500
258,광천,2003-03,4종,1321
258,광천,2003-03,5종,5814
258,광천,2003-03,6종,2621
259,대천,2003-03,1종,260387
259,대천,2003-03,2종,16424
259,대천,2003-03,3종,4176
259,대천,2003-03,4종,1950
259,대천,2003-03,5종,4262
259,대천,2003-03,6종,8191
260,춘장대,2003-03,1종,49870
260,춘장대,2003-03,2종,3857
260,춘장대,2003-03,3종,762
260,춘장대,2003-03,4종,542
260,춘장대,2003-03,5종,2824
260,춘장대,2003-03,6종,1364
261,동광주,2003-03,1종,1044370
261,동광주,2003-03,2종,67707
261,동광주,2003-03,3종,58820
261,동광주,2003-03,4종,20539
261,동광주,2003-03,5종,45022
261,동광주,2003-03,6종,36428
262,창평,2003-03,1종,62409
262,창평,2003-03,2종,4604
262,창평,2003-03,3종,838
262,창평,2003-03,4종,1524
262,창평,2003-03,5종,2443
262,창평,2003-03,6종,1867
263,옥과,2003-03,1종,167570
263,옥과,2003-03,2종,7671
263,옥과,2003-03,3종,10616
263,옥과,2003-03,4종,3334
263,옥과,2003-03,5종,5546
263,옥과,2003-03,6종,6751
264,동남원,2003-03,1종,44108
264,동남원,2003-03,2종,3441
264,동남원,2003-03,3종,2120
264,동남원,2003-03,4종,2736
264,동남원,2003-03,5종,3581
264,동남원,2003-03,6종,1386
265,곡성,2003-03,1종,147775
265,곡성,2003-03,2종,8319
265,곡성,2003-03,3종,3981
265,곡성,2003-03,4종,3869
265,곡성,2003-03,5종,6731
265,곡성,2003-03,6종,5549
266,석곡,2003-03,1종,54524
266,석곡,2003-03,2종,3174
266,석곡,2003-03,3종,2120
266,석곡,2003-03,4종,442
266,석곡,2003-03,5종,884
266,석곡,2003-03,6종,2039
267,주암송광사,2003-03,1종,109772
267,주암송광사,2003-03,2종,8764
267,주암송광사,2003-03,3종,3339
267,주암송광사,2003-03,4종,3472
267,주암송광사,2003-03,5종,9478
267,주암송광사,2003-03,6종,3489
268,승주,2003-03,1종,49110
268,승주,2003-03,2종,2611
268,승주,2003-03,3종,2358
268,승주,2003-03,4종,445
268,승주,2003-03,5종,1123
268,승주,2003-03,6종,2091
269,지리산,2003-03,1종,68360
269,지리산,2003-03,2종,4165
269,지리산,2003-03,3종,2320
269,지리산,2003-03,4종,1843
269,지리산,2003-03,5종,958
269,지리산,2003-03,6종,1721
270,서순천,2003-03,1종,185528
270,서순천,2003-03,2종,10856
270,서순천,2003-03,3종,9785
270,서순천,2003-03,4종,3168
270,서순천,2003-03,5종,15864
270,서순천,2003-03,6종,7308
271,순천,2003-03,1종,488488
271,순천,2003-03,2종,29000
271,순천,2003-03,3종,19452
271,순천,2003-03,4종,10338
271,순천,2003-03,5종,29534
271,순천,2003-03,6종,19437
272,광양,2003-03,1종,187071
272,광양,2003-03,2종,24972
272,광양,2003-03,3종,11269
272,광양,2003-03,4종,16330
272,광양,2003-03,5종,54605
272,광양,2003-03,6종,6969
273,동광양,2003-03,1종,94174
273,동광양,2003-03,2종,3249
273,동광양,2003-03,3종,1618
273,동광양,2003-03,4종,1823
273,동광양,2003-03,5종,25440
273,동광양,2003-03,6종,5933
274,가조,2003-03,1종,71025
274,가조,2003-03,2종,5187
274,가조,2003-03,3종,3353
274,가조,2003-03,4종,4141
274,가조,2003-03,5종,795
274,가조,2003-03,6종,4884
275,옥곡,2003-03,1종,121848
275,옥곡,2003-03,2종,4560
275,옥곡,2003-03,3종,3272
275,옥곡,2003-03,4종,1092
275,옥곡,2003-03,5종,4706
275,옥곡,2003-03,6종,5804
276,진월,2003-03,1종,84999
276,진월,2003-03,2종,3669
276,진월,2003-03,3종,1673
276,진월,2003-03,4종,3680
276,진월,2003-03,5종,45932
276,진월,2003-03,6종,3698
277,하동,2003-03,1종,213176
277,하동,2003-03,2종,10456
277,하동,2003-03,3종,9705
277,하동,2003-03,4종,2909
277,하동,2003-03,5종,28742
277,하동,2003-03,6종,10225
278,진교,2003-03,1종,219719
278,진교,2003-03,2종,11986
278,진교,2003-03,3종,18488
278,진교,2003-03,4종,1751
278,진교,2003-03,5종,3053
278,진교,2003-03,6종,13969
279,곤양,2003-03,1종,133890
279,곤양,2003-03,2종,8909
279,곤양,2003-03,3종,6329
279,곤양,2003-03,4종,1923
279,곤양,2003-03,5종,3602
279,곤양,2003-03,6종,9784
280,거창,2003-03,1종,185240
280,거창,2003-03,2종,14958
280,거창,2003-03,3종,12765
280,거창,2003-03,4종,5765
280,거창,2003-03,5종,6257
280,거창,2003-03,6종,10904
281,매송,2003-03,1종,444759
281,매송,2003-03,2종,46656
281,매송,2003-03,3종,11218
281,매송,2003-03,4종,13283
281,매송,2003-03,5종,25387
281,매송,2003-03,6종,18981
282,비봉,2003-03,1종,493699
282,비봉,2003-03,2종,55368
282,비봉,2003-03,3종,6870
282,비봉,2003-03,4종,11390
282,비봉,2003-03,5종,28269
282,비봉,2003-03,6종,19534
283,발안,2003-03,1종,423478
283,발안,2003-03,2종,50677
283,발안,2003-03,3종,5294
283,발안,2003-03,4종,13365
283,발안,2003-03,5종,23233
283,발안,2003-03,6종,14114
284,남양양,2003-03,1종,225187
284,남양양,2003-03,2종,8606
284,남양양,2003-03,3종,10381
284,남양양,2003-03,4종,2116
284,남양양,2003-03,5종,3362
284,남양양,2003-03,6종,6062
285,서평택,2003-03,1종,613912
285,서평택,2003-03,2종,56754
285,서평택,2003-03,3종,14100
285,서평택,2003-03,4종,25401
285,서평택,2003-03,5종,75406
285,서평택,2003-03,6종,20076
287,송악,2003-03,1종,275555
287,송악,2003-03,2종,22566
287,송악,2003-03,3종,11302
287,송악,2003-03,4종,7185
287,송악,2003-03,5종,45306
287,송악,2003-03,6종,7870
288,당진,2003-03,1종,244567
288,당진,2003-03,2종,19594
288,당진,2003-03,3종,9009
288,당진,2003-03,4종,6146
288,당진,2003-03,5종,25658
288,당진,2003-03,6종,7980
289,마산,2003-03,1종,897591
289,마산,2003-03,2종,64698
289,마산,2003-03,3종,40592
289,마산,2003-03,4종,17082
289,마산,2003-03,5종,24593
289,마산,2003-03,6종,56781
290,축동,2003-03,1종,28419
290,축동,2003-03,2종,2849
290,축동,2003-03,3종,192
290,축동,2003-03,4종,986
290,축동,2003-03,5종,2128
290,축동,2003-03,6종,2118
291,사천,2003-03,1종,592745
291,사천,2003-03,2종,49733
291,사천,2003-03,3종,26147
291,사천,2003-03,4종,8783
291,사천,2003-03,5종,21457
291,사천,2003-03,6종,37111
292,진주,2003-03,1종,584878
292,진주,2003-03,2종,42980
292,진주,2003-03,3종,33374
292,진주,2003-03,4종,9454
292,진주,2003-03,5종,23446
292,진주,2003-03,6종,40367
293,문산,2003-03,1종,193103
293,문산,2003-03,2종,18667
293,문산,2003-03,3종,2714
293,문산,2003-03,4종,4111
293,문산,2003-03,5종,7989
293,문산,2003-03,6종,12343
294,북창원,2003-03,1종,214861
294,북창원,2003-03,2종,12536
294,북창원,2003-03,3종,1860
294,북창원,2003-03,4종,5215
294,북창원,2003-03,5종,4058
294,북창원,2003-03,6종,11318
295,진성,2003-03,1종,117522
295,진성,2003-03,2종,12554
295,진성,2003-03,3종,8033
295,진성,2003-03,4종,3760
295,진성,2003-03,5종,10275
295,진성,2003-03,6종,6460
296,지수,2003-03,1종,43428
296,지수,2003-03,2종,4983
296,지수,2003-03,3종,990
296,지수,2003-03,4종,793
296,지수,2003-03,5종,939
296,지수,2003-03,6종,2722
298,서산,2003-03,1종,271763
298,서산,2003-03,2종,16786
298,서산,2003-03,3종,7686
298,서산,2003-03,4종,3041
298,서산,2003-03,5종,9271
298,서산,2003-03,6종,8435
299,해미,2003-03,1종,157049
299,해미,2003-03,2종,10334
299,해미,2003-03,3종,6906
299,해미,2003-03,4종,2985
299,해미,2003-03,5종,7570
299,해미,2003-03,6종,5152
501,서김제,2003-03,1종,71757
501,서김제,2003-03,2종,7946
501,서김제,2003-03,3종,1210
501,서김제,2003-03,4종,1153
501,서김제,2003-03,5종,2470
501,서김제,2003-03,6종,1938
502,부안,2003-03,1종,101828
502,부안,2003-03,2종,9678
502,부안,2003-03,3종,3639
502,부안,2003-03,4종,1813
502,부안,2003-03,5종,5736
502,부안,2003-03,6종,2822
503,줄포,2003-03,1종,66298
503,줄포,2003-03,2종,4587
503,줄포,2003-03,3종,2243
503,줄포,2003-03,4종,583
503,줄포,2003-03,5종,593
503,줄포,2003-03,6종,1398
504,선운산,2003-03,1종,69458
504,선운산,2003-03,2종,14760
504,선운산,2003-03,3종,6791
504,선운산,2003-03,4종,2061
504,선운산,2003-03,5종,3928
504,선운산,2003-03,6종,1605
505,고창,2003-03,1종,80222
505,고창,2003-03,2종,6854
505,고창,2003-03,3종,1562
505,고창,2003-03,4종,799
505,고창,2003-03,5종,1265
505,고창,2003-03,6종,1991
506,영광,2003-03,1종,65681
506,영광,2003-03,2종,6636
506,영광,2003-03,3종,3650
506,영광,2003-03,4종,711
506,영광,2003-03,5종,1220
506,영광,2003-03,6종,1740
507,함평,2003-03,1종,53336
507,함평,2003-03,2종,12990
507,함평,2003-03,3종,1568
507,함평,2003-03,4종,1475
507,함평,2003-03,5종,3482
507,함평,2003-03,6종,1269
508,무안,2003-03,1종,310674
508,무안,2003-03,2종,27317
508,무안,2003-03,3종,10175
508,무안,2003-03,4종,4586
508,무안,2003-03,5종,12047
508,무안,2003-03,6종,8774
509,목포,2003-03,1종,450480
509,목포,2003-03,2종,44941
509,목포,2003-03,3종,19115
509,목포,2003-03,4종,7030
509,목포,2003-03,5종,20673
509,목포,2003-03,6종,12238
521,단양,2003-03,1종,59415
521,단양,2003-03,2종,3440
521,단양,2003-03,3종,4823
521,단양,2003-03,4종,1057
521,단양,2003-03,5종,8255
521,단양,2003-03,6종,2385
522,북단양,2003-03,1종,56174
522,북단양,2003-03,2종,4584
522,북단양,2003-03,3종,2595
522,북단양,2003-03,4종,1371
522,북단양,2003-03,5종,21412
522,북단양,2003-03,6종,2150
523,남제천,2003-03,1종,36012
523,남제천,2003-03,2종,2182
523,남제천,2003-03,3종,1063
523,남제천,2003-03,4종,379
523,남제천,2003-03,5종,1755
523,남제천,2003-03,6종,1292
530,내장산,2003-03,1종,23273
530,내장산,2003-03,2종,1814
530,내장산,2003-03,3종,338
530,내장산,2003-03,4종,206
530,내장산,2003-03,5종,228
530,내장산,2003-03,6종,861
540,청북,2003-03,1종,150629
540,청북,2003-03,2종,34122
540,청북,2003-03,3종,5945
540,청북,2003-03,4종,8587
540,청북,2003-03,5종,22421
540,청북,2003-03,6종,4534
541,송탄,2003-03,1종,234182
541,송탄,2003-03,2종,27190
541,송탄,2003-03,3종,4658
541,송탄,2003-03,4종,5156
541,송탄,2003-03,5종,9749
541,송탄,2003-03,6종,8081
542,서안성,2003-03,1종,86332
542,서안성,2003-03,2종,10082
542,서안성,2003-03,3종,1654
542,서안성,2003-03,4종,2523
542,서안성,2003-03,5종,4493
542,서안성,2003-03,6종,2731
560,감곡,2003-03,1종,70750
560,감곡,2003-03,2종,6382
560,감곡,2003-03,3종,3647
560,감곡,2003-03,4종,1009
560,감곡,2003-03,5종,6351
560,감곡,2003-03,6종,2411
561,북충주,2003-03,1종,31483
561,북충주,2003-03,2종,2658
561,북충주,2003-03,3종,407
561,북충주,2003-03,4종,341
561,북충주,2003-03,5종,1128
561,북충주,2003-03,6종,1089
562,충주,2003-03,1종,161200
562,충주,2003-03,2종,8120
562,충주,2003-03,3종,9822
562,충주,2003-03,4종,868
562,충주,2003-03,5종,2233
562,충주,2003-03,6종,5766
601,남천안,2003-03,1종,141829
601,남천안,2003-03,2종,44239
601,남천안,2003-03,3종,16108
601,남천안,2003-03,4종,17177
601,남천안,2003-03,5종,22168
601,남천안,2003-03,6종,4238
602,풍세상,2003-03,1종,457849
602,풍세상,2003-03,2종,43852
602,풍세상,2003-03,3종,75572
602,풍세상,2003-03,4종,11405
602,풍세상,2003-03,5종,23909
602,풍세상,2003-03,6종,11785
603,정안,2003-03,1종,84310
603,정안,2003-03,2종,14265
603,정안,2003-03,3종,5594
603,정안,2003-03,4종,4105
603,정안,2003-03,5종,6553
603,정안,2003-03,6종,2481
604,남공주,2003-03,1종,29017
604,남공주,2003-03,2종,2107
604,남공주,2003-03,3종,464
604,남공주,2003-03,4종,557
604,남공주,2003-03,5종,703
604,남공주,2003-03,6종,819
605,탄천,2003-03,1종,18162
605,탄천,2003-03,2종,1741
605,탄천,2003-03,3종,219
605,탄천,2003-03,4종,251
605,탄천,2003-03,5종,359
605,탄천,2003-03,6종,516
606,서논산,2003-03,1종,49969
606,서논산,2003-03,2종,6973
606,서논산,2003-03,3종,3149
606,서논산,2003-03,4종,2157
606,서논산,2003-03,5종,3596
606,서논산,2003-03,6종,1668
607,연무,2003-03,1종,40108
607,연무,2003-03,2종,2793
607,연무,2003-03,3종,913
607,연무,2003-03,4종,572
607,연무,2003-03,5종,790
607,연무,2003-03,6종,1248
608,남논산하,2003-03,1종,323917
608,남논산하,2003-03,2종,30646
608,남논산하,2003-03,3종,67366
608,남논산하,2003-03,4종,8632
608,남논산하,2003-03,5종,16757
608,남논산하,2003-03,6종,7469
11,인천,2003-04,1종,3198649
11,인천,2003-04,2종,169881
11,인천,2003-04,3종,51404
11,인천,2003-04,4종,54204
11,인천,2003-04,5종,112375
11,인천,2003-04,6종,190861
22,,2003-04,1종,478882
22,,2003-04,2종,27076
22,,2003-04,3종,26093
22,,2003-04,4종,10432
22,,2003-04,5종,30727
22,,2003-04,6종,24336
53,남인천,2003-04,1종,1560141
53,남인천,2003-04,2종,85944
53,남인천,2003-04,3종,23232
53,남인천,2003-04,4종,20515
53,남인천,2003-04,5종,117348
53,남인천,2003-04,6종,86810
56,일로,2003-04,1종,16933
56,일로,2003-04,2종,869
56,일로,2003-04,3종,117
56,일로,2003-04,4종,137
56,일로,2003-04,5종,282
56,일로,2003-04,6종,975
61,성남,2003-04,1종,2648324
61,성남,2003-04,2종,205574
61,성남,2003-04,3종,84211
61,성남,2003-04,4종,30324
61,성남,2003-04,5종,49212
61,성남,2003-04,6종,116374
62,구리남양주,2003-04,1종,3575420
62,구리남양주,2003-04,2종,269892
62,구리남양주,2003-04,3종,74618
62,구리남양주,2003-04,4종,56342
62,구리남양주,2003-04,5종,69661
62,구리남양주,2003-04,6종,160365
63,토평,2003-04,1종,614035
63,토평,2003-04,2종,23329
63,토평,2003-04,3종,8810
63,토평,2003-04,4종,7256
63,토평,2003-04,5종,11149
63,토평,2003-04,6종,29606
64,청계,2003-04,1종,3830451
64,청계,2003-04,2종,233024
64,청계,2003-04,3종,83824
64,청계,2003-04,4종,32077
64,청계,2003-04,5종,76621
64,청계,2003-04,6종,179879
65,판교,2003-04,1종,2082650
65,판교,2003-04,2종,64168
65,판교,2003-04,3종,87540
65,판교,2003-04,4종,16307
65,판교,2003-04,5종,12163
65,판교,2003-04,6종,79692
66,하남,2003-04,1종,381243
66,하남,2003-04,2종,27094
66,하남,2003-04,3종,14248
66,하남,2003-04,4종,9988
66,하남,2003-04,5종,6506
66,하남,2003-04,6종,16348
67,시흥,2003-04,1종,3242381
67,시흥,2003-04,2종,226574
67,시흥,2003-04,3종,74206
67,시흥,2003-04,4종,37883
67,시흥,2003-04,5종,45674
67,시흥,2003-04,6종,146629
68,김포,2003-04,1종,3332064
68,김포,2003-04,2종,244948
68,김포,2003-04,3종,47626
68,김포,2003-04,4종,35692
68,김포,2003-04,5종,75199
68,김포,2003-04,6종,156120
91,대동(개),2003-04,1종,134995
91,대동(개),2003-04,2종,14466
91,대동(개),2003-04,3종,949
91,대동(개),2003-04,4종,30775
91,대동(개),2003-04,5종,10265
91,대동(개),2003-04,6종,7877
101,서울,2003-04,1종,4957484
101,서울,2003-04,2종,322072
101,서울,2003-04,3종,409731
101,서울,2003-04,4종,56385
101,서울,2003-04,5종,50204
101,서울,2003-04,6종,183731
102,동수원,2003-04,1종,1732727
102,동수원,2003-04,2종,80698
102,동수원,2003-04,3종,59466
102,동수원,2003-04,4종,21132
102,동수원,2003-04,5종,33075
102,동수원,2003-04,6종,83595
103,수원신갈,2003-04,1종,2189497
103,수원신갈,2003-04,2종,146239
103,수원신갈,2003-04,3종,92253
103,수원신갈,2003-04,4종,27734
103,수원신갈,2003-04,5종,33157
103,수원신갈,2003-04,6종,96322
104,지곡,2003-04,1종,33025
104,지곡,2003-04,2종,3392
104,지곡,2003-04,3종,1690
104,지곡,2003-04,4종,1169
104,지곡,2003-04,5종,2109
104,지곡,2003-04,6종,1165
105,기흥,2003-04,1종,797474
105,기흥,2003-04,2종,85659
105,기흥,2003-04,3종,25966
105,기흥,2003-04,4종,16098
105,기흥,2003-04,5종,23328
105,기흥,2003-04,6종,28727
106,오산,2003-04,1종,1058011
106,오산,2003-04,2종,129932
106,오산,2003-04,3종,56211
106,오산,2003-04,4종,28193
106,오산,2003-04,5종,31623
106,오산,2003-04,6종,45327
107,안성,2003-04,1종,931260
107,안성,2003-04,2종,99085
107,안성,2003-04,3종,52412
107,안성,2003-04,4종,23043
107,안성,2003-04,5종,26640
107,안성,2003-04,6종,38044
108,천안,2003-04,1종,1202993
108,천안,2003-04,2종,94399
108,천안,2003-04,3종,81152
108,천안,2003-04,4종,25526
108,천안,2003-04,5종,29725
108,천안,2003-04,6종,45800
109,계룡,2003-04,1종,122571
109,계룡,2003-04,2종,12190
109,계룡,2003-04,3종,9234
109,계룡,2003-04,4종,5778
109,계룡,2003-04,5종,2194
109,계룡,2003-04,6종,5914
110,독립기념관,2003-04,1종,298324
110,독립기념관,2003-04,2종,42829
110,독립기념관,2003-04,3종,21025
110,독립기념관,2003-04,4종,12565
110,독립기념관,2003-04,5종,15168
110,독립기념관,2003-04,6종,9865
111,청주,2003-04,1종,489190
111,청주,2003-04,2종,45998
111,청주,2003-04,3종,40065
111,청주,2003-04,4종,12355
111,청주,2003-04,5종,16535
111,청주,2003-04,6종,18163
112,남청주,2003-04,1종,432899
112,남청주,2003-04,2종,75884
112,남청주,2003-04,3종,27645
112,남청주,2003-04,4종,30452
112,남청주,2003-04,5종,37318
112,남청주,2003-04,6종,16189
113,신탄진,2003-04,1종,445360
113,신탄진,2003-04,2종,67455
113,신탄진,2003-04,3종,19365
113,신탄진,2003-04,4종,33997
113,신탄진,2003-04,5종,36398
113,신탄진,2003-04,6종,18127
114,남대전,2003-04,1종,247522
114,남대전,2003-04,2종,13850
114,남대전,2003-04,3종,4030
114,남대전,2003-04,4종,3139
114,남대전,2003-04,5종,3853
114,남대전,2003-04,6종,10469
115,대전,2003-04,1종,1202311
115,대전,2003-04,2종,73049
115,대전,2003-04,3종,79195
115,대전,2003-04,4종,14098
115,대전,2003-04,5종,20320
115,대전,2003-04,6종,51875
116,옥천,2003-04,1종,431735
116,옥천,2003-04,2종,41604
116,옥천,2003-04,3종,11629
116,옥천,2003-04,4종,12175
116,옥천,2003-04,5종,12082
116,옥천,2003-04,6종,18777
117,금강,2003-04,1종,15918
117,금강,2003-04,2종,967
117,금강,2003-04,3종,208
117,금강,2003-04,4종,919
117,금강,2003-04,5종,177
117,금강,2003-04,6종,706
118,영동,2003-04,1종,115329
118,영동,2003-04,2종,13053
118,영동,2003-04,3종,5458
118,영동,2003-04,4종,8535
118,영동,2003-04,5종,11183
118,영동,2003-04,6종,4126
119,판암,2003-04,1종,333590
119,판암,2003-04,2종,17532
119,판암,2003-04,3종,4384
119,판암,2003-04,4종,7255
119,판암,2003-04,5종,9039
119,판암,2003-04,6종,16992
120,황간,2003-04,1종,76877
120,황간,2003-04,2종,7975
120,황간,2003-04,3종,2667
120,황간,2003-04,4종,6234
120,황간,2003-04,5종,4832
120,황간,2003-04,6종,2915
121,추풍령,2003-04,1종,44981
121,추풍령,2003-04,2종,4834
121,추풍령,2003-04,3종,1942
121,추풍령,2003-04,4종,2135
121,추풍령,2003-04,5종,2282
121,추풍령,2003-04,6종,2561
122,김천,2003-04,1종,261725
122,김천,2003-04,2종,36177
122,김천,2003-04,3종,18791
122,김천,2003-04,4종,13933
122,김천,2003-04,5종,13862
122,김천,2003-04,6종,10396
123,구미,2003-04,1종,578612
123,구미,2003-04,2종,33945
123,구미,2003-04,3종,22896
123,구미,2003-04,4종,14452
123,구미,2003-04,5종,14096
123,구미,2003-04,6종,28755
124,상주,2003-04,1종,190850
124,상주,2003-04,2종,12778
124,상주,2003-04,3종,7324
124,상주,2003-04,4종,3588
124,상주,2003-04,5종,7693
124,상주,2003-04,6종,8675
125,남구미,2003-04,1종,350917
125,남구미,2003-04,2종,40239
125,남구미,2003-04,3종,24916
125,남구미,2003-04,4종,14788
125,남구미,2003-04,5종,49450
125,남구미,2003-04,6종,17235
126,왜관,2003-04,1종,458292
126,왜관,2003-04,2종,50903
126,왜관,2003-04,3종,22123
126,왜관,2003-04,4종,14202
126,왜관,2003-04,5종,29424
126,왜관,2003-04,6종,23236
127,서대구,2003-04,1종,2108966
127,서대구,2003-04,2종,234468
127,서대구,2003-04,3종,100730
127,서대구,2003-04,4종,64186
127,서대구,2003-04,5종,115642
127,서대구,2003-04,6종,108252
129,북대구,2003-04,1종,1202851
129,북대구,2003-04,2종,88035
129,북대구,2003-04,3종,31809
129,북대구,2003-04,4종,19428
129,북대구,2003-04,5종,33312
129,북대구,2003-04,6종,56115
130,동김천,2003-04,1종,1065981
130,동김천,2003-04,2종,73308
130,동김천,2003-04,3종,46475
130,동김천,2003-04,4종,26511
130,동김천,2003-04,5종,37118
130,동김천,2003-04,6종,55432
131,경산,2003-04,1종,731348
131,경산,2003-04,2종,97255
131,경산,2003-04,3종,22489
131,경산,2003-04,4종,18649
131,경산,2003-04,5종,27164
131,경산,2003-04,6종,43854
132,영천,2003-04,1종,454258
132,영천,2003-04,2종,55343
132,영천,2003-04,3종,36463
132,영천,2003-04,4종,15507
132,영천,2003-04,5종,65340
132,영천,2003-04,6종,18831
133,서경주,2003-04,1종,85315
133,서경주,2003-04,2종,7249
133,서경주,2003-04,3종,3727
133,서경주,2003-04,4종,1905
133,서경주,2003-04,5종,4897
133,서경주,2003-04,6종,3173
134,선산,2003-04,1종,71334
134,선산,2003-04,2종,5872
134,선산,2003-04,3종,1467
134,선산,2003-04,4종,1377
134,선산,2003-04,5종,1429
134,선산,2003-04,6종,3291
135,경주,2003-04,1종,977197
135,경주,2003-04,2종,84434
135,경주,2003-04,3종,85636
135,경주,2003-04,4종,30233
135,경주,2003-04,5종,93591
135,경주,2003-04,6종,40041
136,음성,2003-04,1종,159721
136,음성,2003-04,2종,9305
136,음성,2003-04,3종,5815
136,음성,2003-04,4종,3379
136,음성,2003-04,5종,4667
136,음성,2003-04,6종,10184
137,통도사,2003-04,1종,371438
137,통도사,2003-04,2종,37163
137,통도사,2003-04,3종,21570
137,통도사,2003-04,4종,15237
137,통도사,2003-04,5종,21223
137,통도사,2003-04,6종,18709
138,양산,2003-04,1종,731180
138,양산,2003-04,2종,96844
138,양산,2003-04,3종,28826
138,양산,2003-04,4종,43033
138,양산,2003-04,5종,49012
138,양산,2003-04,6종,46694
139,서울산,2003-04,1종,404372
139,서울산,2003-04,2종,30586
139,서울산,2003-04,3종,22069
139,서울산,2003-04,4종,9686
139,서울산,2003-04,5종,13686
139,서울산,2003-04,6종,23067
140,부산,2003-04,1종,1494750
140,부산,2003-04,2종,95787
140,부산,2003-04,3종,87216
140,부산,2003-04,4종,43054
140,부산,2003-04,5종,104899
140,부산,2003-04,6종,80098
141,,2003-04,1종,1090365
141,,2003-04,2종,102783
141,,2003-04,3종,56516
141,,2003-04,4종,52090
141,,2003-04,5종,123740
141,,2003-04,6종,57730
142,군북,2003-04,1종,253590
142,군북,2003-04,2종,19640
142,군북,2003-04,3종,10392
142,군북,2003-04,4종,10708
142,군북,2003-04,5종,13163
142,군북,2003-04,6종,14732
143,장지,2003-04,1종,80414
143,장지,2003-04,2종,8426
143,장지,2003-04,3종,1555
143,장지,2003-04,4종,2390
143,장지,2003-04,5종,9952
143,장지,2003-04,6종,4952
144,함안,2003-04,1종,358981
144,함안,2003-04,2종,27593
144,함안,2003-04,3종,10080
144,함안,2003-04,4종,8549
144,함안,2003-04,5종,17293
144,함안,2003-04,6종,26062
145,산인,2003-04,1종,677914
145,산인,2003-04,2종,42691
145,산인,2003-04,3종,44721
145,산인,2003-04,4종,18160
145,산인,2003-04,5종,25080
145,산인,2003-04,6종,43032
146,동창원,2003-04,1종,574594
146,동창원,2003-04,2종,53035
146,동창원,2003-04,3종,11720
146,동창원,2003-04,4종,12224
146,동창원,2003-04,5종,43067
146,동창원,2003-04,6종,36303
147,진례,2003-04,1종,497183
147,진례,2003-04,2종,79416
147,진례,2003-04,3종,8611
147,진례,2003-04,4종,18571
147,진례,2003-04,5종,22439
147,진례,2003-04,6종,29118
148,서김해,2003-04,1종,649133
148,서김해,2003-04,2종,51654
148,서김해,2003-04,3종,11550
148,서김해,2003-04,4종,12286
148,서김해,2003-04,5종,20625
148,서김해,2003-04,6종,45561
149,동김해,2003-04,1종,1117454
149,동김해,2003-04,2종,70805
149,동김해,2003-04,3종,18644
149,동김해,2003-04,4종,17087
149,동김해,2003-04,5종,26216
149,동김해,2003-04,6종,90257
150,북부산,2003-04,1종,2439035
150,북부산,2003-04,2종,175205
150,북부산,2003-04,3종,76228
150,북부산,2003-04,4종,51467
150,북부산,2003-04,5종,119575
150,북부산,2003-04,6종,160083
151,북대전,2003-04,1종,490186
151,북대전,2003-04,2종,22688
151,북대전,2003-04,3종,18303
151,북대전,2003-04,4종,9226
151,북대전,2003-04,5종,9471
151,북대전,2003-04,6종,21255
152,유성,2003-04,1종,821706
152,유성,2003-04,2종,52423
152,유성,2003-04,3종,33342
152,유성,2003-04,4종,15361
152,유성,2003-04,5종,17557
152,유성,2003-04,6종,33676
153,서대전,2003-04,1종,538874
153,서대전,2003-04,2종,33154
153,서대전,2003-04,3종,11427
153,서대전,2003-04,4종,10167
153,서대전,2003-04,5종,11776
153,서대전,2003-04,6종,25929
154,안영,2003-04,1종,330867
154,안영,2003-04,2종,20408
154,안영,2003-04,3종,7084
154,안영,2003-04,4종,7116
154,안영,2003-04,5종,8093
154,안영,2003-04,6종,14179
155,논산,2003-04,1종,231319
155,논산,2003-04,2종,42375
155,논산,2003-04,3종,13332
155,논산,2003-04,4종,17433
155,논산,2003-04,5종,17947
155,논산,2003-04,6종,7597
156,익산,2003-04,1종,279431
156,익산,2003-04,2종,44453
156,익산,2003-04,3종,22090
156,익산,2003-04,4종,17252
156,익산,2003-04,5종,32177
156,익산,2003-04,6종,8424
157,삼례,2003-04,1종,80781
157,삼례,2003-04,2종,9914
157,삼례,2003-04,3종,3100
157,삼례,2003-04,4종,3542
157,삼례,2003-04,5종,4662
157,삼례,2003-04,6종,2652
158,전주,2003-04,1종,541321
158,전주,2003-04,2종,44104
158,전주,2003-04,3종,45601
158,전주,2003-04,4종,12396
158,전주,2003-04,5종,26668
158,전주,2003-04,6종,16213
159,서전주,2003-04,1종,154641
159,서전주,2003-04,2종,10414
159,서전주,2003-04,3종,3514
159,서전주,2003-04,4종,3032
159,서전주,2003-04,5종,2993
159,서전주,2003-04,6종,4724
160,김제,2003-04,1종,113417
160,김제,2003-04,2종,9859
160,김제,2003-04,3종,8218
160,김제,2003-04,4종,2783
160,김제,2003-04,5종,2441
160,김제,2003-04,6종,3496
161,금산사,2003-04,1종,51450
161,금산사,2003-04,2종,7357
161,금산사,2003-04,3종,2627
161,금산사,2003-04,4종,1049
161,금산사,2003-04,5종,3244
161,금산사,2003-04,6종,1443
162,태인,2003-04,1종,90946
162,태인,2003-04,2종,13056
162,태인,2003-04,3종,6149
162,태인,2003-04,4종,3555
162,태인,2003-04,5종,5044
162,태인,2003-04,6종,2565
163,정읍,2003-04,1종,375231
163,정읍,2003-04,2종,41045
163,정읍,2003-04,3종,29635
163,정읍,2003-04,4종,8383
163,정읍,2003-04,5종,11123
163,정읍,2003-04,6종,11426
164,무주,2003-04,1종,116782
164,무주,2003-04,2종,5173
164,무주,2003-04,3종,6215
164,무주,2003-04,4종,1106
164,무주,2003-04,5종,3019
164,무주,2003-04,6종,3566
165,백양사,2003-04,1종,115479
165,백양사,2003-04,2종,8251
165,백양사,2003-04,3종,6512
165,백양사,2003-04,4종,1649
165,백양사,2003-04,5종,2166
165,백양사,2003-04,6종,3278
166,장성,2003-04,1종,173281
166,장성,2003-04,2종,14014
166,장성,2003-04,3종,12359
166,장성,2003-04,4종,3142
166,장성,2003-04,5종,7944
166,장성,2003-04,6종,7473
167,광주,2003-04,1종,921165
167,광주,2003-04,2종,86547
167,광주,2003-04,3종,80943
167,광주,2003-04,4종,27138
167,광주,2003-04,5종,27484
167,광주,2003-04,6종,27208
168,덕유산,2003-04,1종,29522
168,덕유산,2003-04,2종,2148
168,덕유산,2003-04,3종,696
168,덕유산,2003-04,4종,378
168,덕유산,2003-04,5종,1349
168,덕유산,2003-04,6종,672
169,장수,2003-04,1종,95243
169,장수,2003-04,2종,17681
169,장수,2003-04,3종,11398
169,장수,2003-04,4종,5950
169,장수,2003-04,5종,11752
169,장수,2003-04,6종,2229
170,서상,2003-04,1종,35434
170,서상,2003-04,2종,4548
170,서상,2003-04,3종,2730
170,서상,2003-04,4종,1383
170,서상,2003-04,5종,1487
170,서상,2003-04,6종,990
171,마성,2003-04,1종,351240
171,마성,2003-04,2종,7961
171,마성,2003-04,3종,27428
171,마성,2003-04,4종,794
171,마성,2003-04,5종,668
171,마성,2003-04,6종,16121
172,용인,2003-04,1종,748010
172,용인,2003-04,2종,91545
172,용인,2003-04,3종,21543
172,용인,2003-04,4종,13302
172,용인,2003-04,5종,15973
172,용인,2003-04,6종,37792
173,양지,2003-04,1종,533618
173,양지,2003-04,2종,92810
173,양지,2003-04,3종,21296
173,양지,2003-04,4종,20105
173,양지,2003-04,5종,27259
173,양지,2003-04,6종,20173
174,춘천,2003-04,1종,398261
174,춘천,2003-04,2종,22341
174,춘천,2003-04,3종,14697
174,춘천,2003-04,4종,5227
174,춘천,2003-04,5종,7349
174,춘천,2003-04,6종,21015
175,덕평,2003-04,1종,149654
175,덕평,2003-04,2종,18948
175,덕평,2003-04,3종,9943
175,덕평,2003-04,4종,5566
175,덕평,2003-04,5종,6159
175,덕평,2003-04,6종,6152
176,이천,2003-04,1종,509489
176,이천,2003-04,2종,56625
176,이천,2003-04,3종,27461
176,이천,2003-04,4종,21863
176,이천,2003-04,5종,27199
176,이천,2003-04,6종,19797
177,여주,2003-04,1종,330483
177,여주,2003-04,2종,30432
177,여주,2003-04,3종,21072
177,여주,2003-04,4종,11228
177,여주,2003-04,5종,13965
177,여주,2003-04,6종,10800
178,문막,2003-04,1종,232230
178,문막,2003-04,2종,27005
178,문막,2003-04,3종,9764
178,문막,2003-04,4종,8146
178,문막,2003-04,5종,17115
178,문막,2003-04,6종,8016
179,홍천,2003-04,1종,257218
179,홍천,2003-04,2종,15738
179,홍천,2003-04,3종,8895
179,홍천,2003-04,4종,4668
179,홍천,2003-04,5종,5007
179,홍천,2003-04,6종,13723
180,원주,2003-04,1종,234648
180,원주,2003-04,2종,25200
180,원주,2003-04,3종,26611
180,원주,2003-04,4종,6669
180,원주,2003-04,5종,9617
180,원주,2003-04,6종,9957
181,새말,2003-04,1종,142942
181,새말,2003-04,2종,14263
181,새말,2003-04,3종,19548
181,새말,2003-04,4종,4174
181,새말,2003-04,5종,5982
181,새말,2003-04,6종,4948
182,둔내,2003-04,1종,64308
182,둔내,2003-04,2종,5064
182,둔내,2003-04,3종,3555
182,둔내,2003-04,4종,1211
182,둔내,2003-04,5종,639
182,둔내,2003-04,6종,2173
183,면온,2003-04,1종,44429
183,면온,2003-04,2종,1971
183,면온,2003-04,3종,6684
183,면온,2003-04,4종,3747
183,면온,2003-04,5종,1539
183,면온,2003-04,6종,1407
184,대관령,2003-04,1종,87732
184,대관령,2003-04,2종,5975
184,대관령,2003-04,3종,11101
184,대관령,2003-04,4종,1501
184,대관령,2003-04,5종,1301
184,대관령,2003-04,6종,3954
185,평창,2003-04,1종,89363
185,평창,2003-04,2종,7036
185,평창,2003-04,3종,11888
185,평창,2003-04,4종,1320
185,평창,2003-04,5종,2406
185,평창,2003-04,6종,3569
186,속사,2003-04,1종,27865
186,속사,2003-04,2종,2695
186,속사,2003-04,3종,1477
186,속사,2003-04,4종,994
186,속사,2003-04,5종,869
186,속사,2003-04,6종,949
187,진부,2003-04,1종,104759
187,진부,2003-04,2종,8391
187,진부,2003-04,3종,14324
187,진부,2003-04,4종,2878
187,진부,2003-04,5종,2897
187,진부,2003-04,6종,4131
189,강릉,2003-04,1종,493222
189,강릉,2003-04,2종,31529
189,강릉,2003-04,3종,39763
189,강릉,2003-04,4종,9690
189,강릉,2003-04,5종,19091
189,강릉,2003-04,6종,18779
190,동서울,2003-04,1종,2770795
190,동서울,2003-04,2종,242346
190,동서울,2003-04,3종,155035
190,동서울,2003-04,4종,45991
190,동서울,2003-04,5종,62605
190,동서울,2003-04,6종,92541
191,경기광주,2003-04,1종,630196
191,경기광주,2003-04,2종,49172
191,경기광주,2003-04,3종,22883
191,경기광주,2003-04,4종,6422
191,경기광주,2003-04,5종,10073
191,경기광주,2003-04,6종,27956
192,곤지암,2003-04,1종,624709
192,곤지암,2003-04,2종,83498
192,곤지암,2003-04,3종,15175
192,곤지암,2003-04,4종,14010
192,곤지암,2003-04,5종,19764
192,곤지암,2003-04,6종,21966
193,일죽,2003-04,1종,423313
193,일죽,2003-04,2종,66743
193,일죽,2003-04,3종,26501
193,일죽,2003-04,4종,16431
193,일죽,2003-04,5종,18830
193,일죽,2003-04,6종,13610
194,서이천,2003-04,1종,269642
194,서이천,2003-04,2종,24842
194,서이천,2003-04,3종,12458
194,서이천,2003-04,4종,5845
194,서이천,2003-04,5종,5620
194,서이천,2003-04,6종,11306
195,대소,2003-04,1종,318837
195,대소,2003-04,2종,52053
195,대소,2003-04,3종,13282
195,대소,2003-04,4종,11968
195,대소,2003-04,5종,12974
195,대소,2003-04,6종,10586
196,진천,2003-04,1종,258587
196,진천,2003-04,2종,35047
196,진천,2003-04,3종,9529
196,진천,2003-04,4종,8821
196,진천,2003-04,5종,11137
196,진천,2003-04,6종,9414
197,증평,2003-04,1종,297593
197,증평,2003-04,2종,40618
197,증평,2003-04,3종,12976
197,증평,2003-04,4종,8780
197,증평,2003-04,5종,16536
197,증평,2003-04,6종,9907
198,서청주,2003-04,1종,496687
198,서청주,2003-04,2종,49893
198,서청주,2003-04,3종,24764
198,서청주,2003-04,4종,16844
198,서청주,2003-04,5종,16641
198,서청주,2003-04,6종,18759
199,오창,2003-04,1종,229106
199,오창,2003-04,2종,20847
199,오창,2003-04,3종,11062
199,오창,2003-04,4종,5331
199,오창,2003-04,5종,6493
199,오창,2003-04,6종,8006
200,금산,2003-04,1종,184948
200,금산,2003-04,2종,9237
200,금산,2003-04,3종,3750
200,금산,2003-04,4종,2122
200,금산,2003-04,5종,4705
200,금산,2003-04,6종,6812
201,칠곡,2003-04,1종,702988
201,칠곡,2003-04,2종,35240
201,칠곡,2003-04,3종,15735
201,칠곡,2003-04,4종,10421
201,칠곡,2003-04,5종,13306
201,칠곡,2003-04,6종,47669
202,다부,2003-04,1종,110852
202,다부,2003-04,2종,9325
202,다부,2003-04,3종,3289
202,다부,2003-04,4종,3031
202,다부,2003-04,5종,6165
202,다부,2003-04,6종,4732
203,가산,2003-04,1종,373323
203,가산,2003-04,2종,27028
203,가산,2003-04,3종,10061
203,가산,2003-04,4종,6043
203,가산,2003-04,5종,13527
203,가산,2003-04,6종,15398
204,추부,2003-04,1종,232020
204,추부,2003-04,2종,17971
204,추부,2003-04,3종,5525
204,추부,2003-04,4종,4261
204,추부,2003-04,5종,4510
204,추부,2003-04,6종,10993
205,군위,2003-04,1종,98385
205,군위,2003-04,2종,10860
205,군위,2003-04,3종,1654
205,군위,2003-04,4종,1504
205,군위,2003-04,5종,3479
205,군위,2003-04,6종,4296
206,의성,2003-04,1종,153777
206,의성,2003-04,2종,10843
206,의성,2003-04,3종,3156
206,의성,2003-04,4종,2118
206,의성,2003-04,5종,4624
206,의성,2003-04,6종,5591
207,남안동,2003-04,1종,211748
207,남안동,2003-04,2종,12293
207,남안동,2003-04,3종,12246
207,남안동,2003-04,4종,2111
207,남안동,2003-04,5종,6882
207,남안동,2003-04,6종,8786
208,서안동,2003-04,1종,182900
208,서안동,2003-04,2종,13514
208,서안동,2003-04,3종,10043
208,서안동,2003-04,4종,2252
208,서안동,2003-04,5종,11250
208,서안동,2003-04,6종,7123
209,예천,2003-04,1종,43055
209,예천,2003-04,2종,1932
209,예천,2003-04,3종,1110
209,예천,2003-04,4종,350
209,예천,2003-04,5종,4651
209,예천,2003-04,6종,1776
210,영주,2003-04,1종,138183
210,영주,2003-04,2종,10091
210,영주,2003-04,3종,5839
210,영주,2003-04,4종,1892
210,영주,2003-04,5종,7178
210,영주,2003-04,6종,6083
211,풍기,2003-04,1종,142898
211,풍기,2003-04,2종,10237
211,풍기,2003-04,3종,11409
211,풍기,2003-04,4종,826
211,풍기,2003-04,5종,5870
211,풍기,2003-04,6종,5939
212,북수원,2003-04,1종,1190293
212,북수원,2003-04,2종,88858
212,북수원,2003-04,3종,42507
212,북수원,2003-04,4종,28130
212,북수원,2003-04,5종,25609
212,북수원,2003-04,6종,55951
213,부곡,2003-04,1종,232697
213,부곡,2003-04,2종,15580
213,부곡,2003-04,3종,4427
213,부곡,2003-04,4종,6166
213,부곡,2003-04,5종,58222
213,부곡,2003-04,6종,12209
214,동군포,2003-04,1종,106239
214,동군포,2003-04,2종,21715
214,동군포,2003-04,3종,5896
214,동군포,2003-04,4종,13486
214,동군포,2003-04,5종,5789
214,동군포,2003-04,6종,5564
215,군포,2003-04,1종,623178
215,군포,2003-04,2종,75460
215,군포,2003-04,3종,15878
215,군포,2003-04,4종,16950
215,군포,2003-04,5종,25334
215,군포,2003-04,6종,28424
216,횡성,2003-04,1종,107480
216,횡성,2003-04,2종,8473
216,횡성,2003-04,3종,3148
216,횡성,2003-04,4종,1982
216,횡성,2003-04,5종,3439
216,횡성,2003-04,6종,4785
217,북원주,2003-04,1종,51223
217,북원주,2003-04,2종,4027
217,북원주,2003-04,3종,477
217,북원주,2003-04,4종,1324
217,북원주,2003-04,5종,1533
217,북원주,2003-04,6종,2533
218,남원주,2003-04,1종,454354
218,남원주,2003-04,2종,28274
218,남원주,2003-04,3종,21565
218,남원주,2003-04,4종,5049
218,남원주,2003-04,5종,10029
218,남원주,2003-04,6종,20379
219,신림,2003-04,1종,95487
219,신림,2003-04,2종,6940
219,신림,2003-04,3종,4608
219,신림,2003-04,4종,1301
219,신림,2003-04,5종,16534
219,신림,2003-04,6종,3888
221,생초,2003-04,1종,48368
221,생초,2003-04,2종,8066
221,생초,2003-04,3종,2615
221,생초,2003-04,4종,4693
221,생초,2003-04,5종,8438
221,생초,2003-04,6종,1685
222,산청,2003-04,1종,47878
222,산청,2003-04,2종,3123
222,산청,2003-04,3종,1484
222,산청,2003-04,4종,703
222,산청,2003-04,5종,1737
222,산청,2003-04,6종,1882
223,단성,2003-04,1종,79130
223,단성,2003-04,2종,5895
223,단성,2003-04,3종,5147
223,단성,2003-04,4종,1447
223,단성,2003-04,5종,3627
223,단성,2003-04,6종,2867
224,함양,2003-04,1종,108850
224,함양,2003-04,2종,7584
224,함양,2003-04,3종,5615
224,함양,2003-04,4종,1722
224,함양,2003-04,5종,4636
224,함양,2003-04,6종,5362
225,서진주,2003-04,1종,312117
225,서진주,2003-04,2종,11879
225,서진주,2003-04,3종,6452
225,서진주,2003-04,4종,1714
225,서진주,2003-04,5종,6403
225,서진주,2003-04,6종,20562
227,군산,2003-04,1종,133996
227,군산,2003-04,2종,9742
227,군산,2003-04,3종,6889
227,군산,2003-04,4종,1759
227,군산,2003-04,5종,4910
227,군산,2003-04,6종,3999
228,동군산,2003-04,1종,350441
228,동군산,2003-04,2종,31983
228,동군산,2003-04,3종,14349
228,동군산,2003-04,4종,7041
228,동군산,2003-04,5종,22846
228,동군산,2003-04,6종,9180
231,화원옥포,2003-04,1종,1403897
231,화원옥포,2003-04,2종,175907
231,화원옥포,2003-04,3종,79684
231,화원옥포,2003-04,4종,38286
231,화원옥포,2003-04,5종,96947
231,화원옥포,2003-04,6종,64254
232,달성,2003-04,1종,217182
232,달성,2003-04,2종,29602
232,달성,2003-04,3종,11559
232,달성,2003-04,4종,5116
232,달성,2003-04,5종,5326
232,달성,2003-04,6종,16118
233,현풍,2003-04,1종,242187
233,현풍,2003-04,2종,36768
233,현풍,2003-04,3종,9000
233,현풍,2003-04,4종,9633
233,현풍,2003-04,5종,22818
233,현풍,2003-04,6종,11135
234,서천,2003-04,1종,121007
234,서천,2003-04,2종,12077
234,서천,2003-04,3종,1706
234,서천,2003-04,4종,2943
234,서천,2003-04,5종,5843
234,서천,2003-04,6종,3724
235,창녕,2003-04,1종,162834
235,창녕,2003-04,2종,13880
235,창녕,2003-04,3종,8612
235,창녕,2003-04,4종,1955
235,창녕,2003-04,5종,4151
235,창녕,2003-04,6종,7882
236,영산,2003-04,1종,157178
236,영산,2003-04,2종,15565
236,영산,2003-04,3종,12802
236,영산,2003-04,4종,2477
236,영산,2003-04,5종,2694
236,영산,2003-04,6종,7840
237,남지,2003-04,1종,129232
237,남지,2003-04,2종,11670
237,남지,2003-04,3종,8430
237,남지,2003-04,4종,6360
237,남지,2003-04,5종,5987
237,남지,2003-04,6종,8834
238,칠서,2003-04,1종,184035
238,칠서,2003-04,2종,25943
238,칠서,2003-04,3종,4973
238,칠서,2003-04,4종,15743
238,칠서,2003-04,5종,15672
238,칠서,2003-04,6종,12228
239,칠원,2003-04,1종,413117
239,칠원,2003-04,2종,37284
239,칠원,2003-04,3종,26084
239,칠원,2003-04,4종,19849
239,칠원,2003-04,5종,21923
239,칠원,2003-04,6종,24619
240,제천,2003-04,1종,302826
240,제천,2003-04,2종,21633
240,제천,2003-04,3종,15725
240,제천,2003-04,4종,4010
240,제천,2003-04,5종,47098
240,제천,2003-04,6종,11220
241,동고령,2003-04,1종,155761
241,동고령,2003-04,2종,15069
241,동고령,2003-04,3종,8792
241,동고령,2003-04,4종,3642
241,동고령,2003-04,5종,8408
241,동고령,2003-04,6종,7718
242,고령,2003-04,1종,161672
242,고령,2003-04,2종,14681
242,고령,2003-04,3종,4039
242,고령,2003-04,4종,2416
242,고령,2003-04,5종,5477
242,고령,2003-04,6종,7231
243,해인사,2003-04,1종,88913
243,해인사,2003-04,2종,5488
243,해인사,2003-04,3종,4708
243,해인사,2003-04,4종,621
243,해인사,2003-04,5종,674
243,해인사,2003-04,6종,4503
244,서부산,2003-04,1종,1863377
244,서부산,2003-04,2종,160878
244,서부산,2003-04,3종,89103
244,서부산,2003-04,4종,57001
244,서부산,2003-04,5종,168761
244,서부산,2003-04,6종,105383
245,장유,2003-04,1종,1257628
245,장유,2003-04,2종,87010
245,장유,2003-04,3종,32321
245,장유,2003-04,4종,22282
245,장유,2003-04,5종,59512
245,장유,2003-04,6종,87170
246,가락,2003-04,1종,359659
246,가락,2003-04,2종,43201
246,가락,2003-04,3종,6579
246,가락,2003-04,4종,21125
246,가락,2003-04,5종,36804
246,가락,2003-04,6종,22818
247,남원,2003-04,1종,184686
247,남원,2003-04,2종,15459
247,남원,2003-04,3종,14187
247,남원,2003-04,4종,5236
247,남원,2003-04,5종,8491
247,남원,2003-04,6종,6111
248,순창,2003-04,1종,78058
248,순창,2003-04,2종,4895
248,순창,2003-04,3종,1724
248,순창,2003-04,4종,1084
248,순창,2003-04,5종,913
248,순창,2003-04,6종,3155
249,담양,2003-04,1종,103067
249,담양,2003-04,2종,6273
249,담양,2003-04,3종,11885
249,담양,2003-04,4종,1182
249,담양,2003-04,5종,2891
249,담양,2003-04,6종,3903
250,남양산,2003-04,1종,762595
250,남양산,2003-04,2종,75803
250,남양산,2003-04,3종,18514
250,남양산,2003-04,4종,26692
250,남양산,2003-04,5종,34929
250,남양산,2003-04,6종,50125
251,물금,2003-04,1종,169414
251,물금,2003-04,2종,30940
251,물금,2003-04,3종,8423
251,물금,2003-04,4종,16931
251,물금,2003-04,5종,87761
251,물금,2003-04,6종,9533
252,대동,2003-04,1종,1786993
252,대동,2003-04,2종,230045
252,대동,2003-04,3종,56820
252,대동,2003-04,4종,68705
252,대동,2003-04,5종,164914
252,대동,2003-04,6종,90170
253,서서울,2003-04,1종,3659015
253,서서울,2003-04,2종,316107
253,서서울,2003-04,3종,96655
253,서서울,2003-04,4종,60014
253,서서울,2003-04,5종,102956
253,서서울,2003-04,6종,143739
254,군자,2003-04,1종,2458667
254,군자,2003-04,2종,255536
254,군자,2003-04,3종,69643
254,군자,2003-04,4종,74515
254,군자,2003-04,5종,216123
254,군자,2003-04,6종,114353
255,서안산,2003-04,1종,1002475
255,서안산,2003-04,2종,132409
255,서안산,2003-04,3종,12511
255,서안산,2003-04,4종,25474
255,서안산,2003-04,5종,44554
255,서안산,2003-04,6종,47062
256,안산,2003-04,1종,1078382
256,안산,2003-04,2종,42381
256,안산,2003-04,3종,10341
256,안산,2003-04,4종,5104
256,안산,2003-04,5종,8707
256,안산,2003-04,6종,62061
257,홍성,2003-04,1종,251869
257,홍성,2003-04,2종,14443
257,홍성,2003-04,3종,13777
257,홍성,2003-04,4종,1835
257,홍성,2003-04,5종,4539
257,홍성,2003-04,6종,6768
258,광천,2003-04,1종,89491
258,광천,2003-04,2종,10635
258,광천,2003-04,3종,1874
258,광천,2003-04,4종,1179
258,광천,2003-04,5종,5214
258,광천,2003-04,6종,2503
259,대천,2003-04,1종,262588
259,대천,2003-04,2종,16645
259,대천,2003-04,3종,5920
259,대천,2003-04,4종,2037
259,대천,2003-04,5종,4321
259,대천,2003-04,6종,7861
260,춘장대,2003-04,1종,60533
260,춘장대,2003-04,2종,3670
260,춘장대,2003-04,3종,1471
260,춘장대,2003-04,4종,549
260,춘장대,2003-04,5종,2892
260,춘장대,2003-04,6종,1605
261,동광주,2003-04,1종,1024627
261,동광주,2003-04,2종,68376
261,동광주,2003-04,3종,65465
261,동광주,2003-04,4종,20328
261,동광주,2003-04,5종,43784
261,동광주,2003-04,6종,34795
262,창평,2003-04,1종,62869
262,창평,2003-04,2종,4282
262,창평,2003-04,3종,1196
262,창평,2003-04,4종,1510
262,창평,2003-04,5종,1940
262,창평,2003-04,6종,1873
263,옥과,2003-04,1종,172420
263,옥과,2003-04,2종,7587
263,옥과,2003-04,3종,11511
263,옥과,2003-04,4종,3285
263,옥과,2003-04,5종,5039
263,옥과,2003-04,6종,6587
264,동남원,2003-04,1종,45408
264,동남원,2003-04,2종,3555
264,동남원,2003-04,3종,2579
264,동남원,2003-04,4종,3372
264,동남원,2003-04,5종,2927
264,동남원,2003-04,6종,1413
265,곡성,2003-04,1종,142261
265,곡성,2003-04,2종,8972
265,곡성,2003-04,3종,4598
265,곡성,2003-04,4종,3832
265,곡성,2003-04,5종,6734
265,곡성,2003-04,6종,5585
266,석곡,2003-04,1종,53540
266,석곡,2003-04,2종,2928
266,석곡,2003-04,3종,2434
266,석곡,2003-04,4종,366
266,석곡,2003-04,5종,987
266,석곡,2003-04,6종,2080
267,주암송광사,2003-04,1종,116778
267,주암송광사,2003-04,2종,8849
267,주암송광사,2003-04,3종,6097
267,주암송광사,2003-04,4종,3599
267,주암송광사,2003-04,5종,8731
267,주암송광사,2003-04,6종,3617
268,승주,2003-04,1종,49846
268,승주,2003-04,2종,2672
268,승주,2003-04,3종,3750
268,승주,2003-04,4종,481
268,승주,2003-04,5종,1131
268,승주,2003-04,6종,2301
269,지리산,2003-04,1종,65525
269,지리산,2003-04,2종,4105
269,지리산,2003-04,3종,3424
269,지리산,2003-04,4종,2491
269,지리산,2003-04,5종,798
269,지리산,2003-04,6종,1699
270,서순천,2003-04,1종,184041
270,서순천,2003-04,2종,10609
270,서순천,2003-04,3종,11179
270,서순천,2003-04,4종,3147
270,서순천,2003-04,5종,16904
270,서순천,2003-04,6종,6943
271,순천,2003-04,1종,485885
271,순천,2003-04,2종,28208
271,순천,2003-04,3종,26834
271,순천,2003-04,4종,9578
271,순천,2003-04,5종,26689
271,순천,2003-04,6종,19020
272,광양,2003-04,1종,182136
272,광양,2003-04,2종,24216
272,광양,2003-04,3종,12299
272,광양,2003-04,4종,16030
272,광양,2003-04,5종,49279
272,광양,2003-04,6종,6500
273,동광양,2003-04,1종,94064
273,동광양,2003-04,2종,3415
273,동광양,2003-04,3종,2738
273,동광양,2003-04,4종,1488
273,동광양,2003-04,5종,26648
273,동광양,2003-04,6종,5828
274,가조,2003-04,1종,71089
274,가조,2003-04,2종,5171
274,가조,2003-04,3종,3298
274,가조,2003-04,4종,5158
274,가조,2003-04,5종,687
274,가조,2003-04,6종,4980
275,옥곡,2003-04,1종,111674
275,옥곡,2003-04,2종,4390
275,옥곡,2003-04,3종,4030
275,옥곡,2003-04,4종,952
275,옥곡,2003-04,5종,4716
275,옥곡,2003-04,6종,5290
276,진월,2003-04,1종,83788
276,진월,2003-04,2종,3730
276,진월,2003-04,3종,1849
276,진월,2003-04,4종,4395
276,진월,2003-04,5종,47450
276,진월,2003-04,6종,3554
277,하동,2003-04,1종,210842
277,하동,2003-04,2종,11207
277,하동,2003-04,3종,13959
277,하동,2003-04,4종,2997
277,하동,2003-04,5종,26361
277,하동,2003-04,6종,10105
278,진교,2003-04,1종,220036
278,진교,2003-04,2종,11571
278,진교,2003-04,3종,21177
278,진교,2003-04,4종,1915
278,진교,2003-04,5종,2558
278,진교,2003-04,6종,13558
279,곤양,2003-04,1종,136188
279,곤양,2003-04,2종,8948
279,곤양,2003-04,3종,7124
279,곤양,2003-04,4종,2110
279,곤양,2003-04,5종,4244
279,곤양,2003-04,6종,9404
280,거창,2003-04,1종,189940
280,거창,2003-04,2종,14812
280,거창,2003-04,3종,13902
280,거창,2003-04,4종,7022
280,거창,2003-04,5종,7109
280,거창,2003-04,6종,11229
281,매송,2003-04,1종,453922
281,매송,2003-04,2종,47486
281,매송,2003-04,3종,11873
281,매송,2003-04,4종,12794
281,매송,2003-04,5종,25627
281,매송,2003-04,6종,19382
282,비봉,2003-04,1종,503507
282,비봉,2003-04,2종,56642
282,비봉,2003-04,3종,8589
282,비봉,2003-04,4종,11436
282,비봉,2003-04,5종,28527
282,비봉,2003-04,6종,19231
283,발안,2003-04,1종,436746
283,발안,2003-04,2종,50890
283,발안,2003-04,3종,6823
283,발안,2003-04,4종,13082
283,발안,2003-04,5종,22050
283,발안,2003-04,6종,13876
284,남양양,2003-04,1종,209380
284,남양양,2003-04,2종,8917
284,남양양,2003-04,3종,13354
284,남양양,2003-04,4종,2748
284,남양양,2003-04,5종,4597
284,남양양,2003-04,6종,5749
285,서평택,2003-04,1종,595242
285,서평택,2003-04,2종,56981
285,서평택,2003-04,3종,16045
285,서평택,2003-04,4종,25610
285,서평택,2003-04,5종,73013
285,서평택,2003-04,6종,19276
287,송악,2003-04,1종,285945
287,송악,2003-04,2종,24704
287,송악,2003-04,3종,14886
287,송악,2003-04,4종,7238
287,송악,2003-04,5종,44372
287,송악,2003-04,6종,8214
288,당진,2003-04,1종,244457
288,당진,2003-04,2종,19014
288,당진,2003-04,3종,9676
288,당진,2003-04,4종,5877
288,당진,2003-04,5종,24391
288,당진,2003-04,6종,7835
289,마산,2003-04,1종,903513
289,마산,2003-04,2종,64722
289,마산,2003-04,3종,42490
289,마산,2003-04,4종,16520
289,마산,2003-04,5종,23593
289,마산,2003-04,6종,55089
290,축동,2003-04,1종,28612
290,축동,2003-04,2종,2722
290,축동,2003-04,3종,246
290,축동,2003-04,4종,1072
290,축동,2003-04,5종,1983
290,축동,2003-04,6종,1953
291,사천,2003-04,1종,608711
291,사천,2003-04,2종,48466
291,사천,2003-04,3종,39145
291,사천,2003-04,4종,8133
291,사천,2003-04,5종,22063
291,사천,2003-04,6종,36502
292,진주,2003-04,1종,584567
292,진주,2003-04,2종,43244
292,진주,2003-04,3종,34389
292,진주,2003-04,4종,9244
292,진주,2003-04,5종,22072
292,진주,2003-04,6종,38778
293,문산,2003-04,1종,187962
293,문산,2003-04,2종,18413
293,문산,2003-04,3종,3286
293,문산,2003-04,4종,4349
293,문산,2003-04,5종,7904
293,문산,2003-04,6종,12102
294,북창원,2003-04,1종,221127
294,북창원,2003-04,2종,13419
294,북창원,2003-04,3종,3294
294,북창원,2003-04,4종,4819
294,북창원,2003-04,5종,3719
294,북창원,2003-04,6종,11547
295,진성,2003-04,1종,121018
295,진성,2003-04,2종,12713
295,진성,2003-04,3종,9912
295,진성,2003-04,4종,3815
295,진성,2003-04,5종,10462
295,진성,2003-04,6종,6761
296,지수,2003-04,1종,44911
296,지수,2003-04,2종,5238
296,지수,2003-04,3종,1314
296,지수,2003-04,4종,551
296,지수,2003-04,5종,802
296,지수,2003-04,6종,2630
298,서산,2003-04,1종,279919
298,서산,2003-04,2종,16151
298,서산,2003-04,3종,8788
298,서산,2003-04,4종,2651
298,서산,2003-04,5종,10461
298,서산,2003-04,6종,8502
299,해미,2003-04,1종,160458
299,해미,2003-04,2종,11346
299,해미,2003-04,3종,8777
299,해미,2003-04,4종,2450
299,해미,2003-04,5종,8464
299,해미,2003-04,6종,5240
501,서김제,2003-04,1종,72916
501,서김제,2003-04,2종,8520
501,서김제,2003-04,3종,1759
501,서김제,2003-04,4종,939
501,서김제,2003-04,5종,2177
501,서김제,2003-04,6종,1733
502,부안,2003-04,1종,103928
502,부안,2003-04,2종,9643
502,부안,2003-04,3종,5930
502,부안,2003-04,4종,1727
502,부안,2003-04,5종,5051
502,부안,2003-04,6종,2806
503,줄포,2003-04,1종,66039
503,줄포,2003-04,2종,4715
503,줄포,2003-04,3종,4310
503,줄포,2003-04,4종,491
503,줄포,2003-04,5종,603
503,줄포,2003-04,6종,1351
504,선운산,2003-04,1종,77113
504,선운산,2003-04,2종,12055
504,선운산,2003-04,3종,9253
504,선운산,2003-04,4종,1921
504,선운산,2003-04,5종,3692
504,선운산,2003-04,6종,1703
505,고창,2003-04,1종,85084
505,고창,2003-04,2종,6615
505,고창,2003-04,3종,2290
505,고창,2003-04,4종,646
505,고창,2003-04,5종,1114
505,고창,2003-04,6종,2086
506,영광,2003-04,1종,71608
506,영광,2003-04,2종,7098
506,영광,2003-04,3종,3732
506,영광,2003-04,4종,777
506,영광,2003-04,5종,1213
506,영광,2003-04,6종,1809
507,함평,2003-04,1종,59667
507,함평,2003-04,2종,13603
507,함평,2003-04,3종,2019
507,함평,2003-04,4종,1168
507,함평,2003-04,5종,3263
507,함평,2003-04,6종,1451
508,무안,2003-04,1종,312898
508,무안,2003-04,2종,25745
508,무안,2003-04,3종,11619
508,무안,2003-04,4종,4739
508,무안,2003-04,5종,11211
508,무안,2003-04,6종,8760
509,목포,2003-04,1종,452726
509,목포,2003-04,2종,37410
509,목포,2003-04,3종,23528
509,목포,2003-04,4종,6797
509,목포,2003-04,5종,19062
509,목포,2003-04,6종,12298
521,단양,2003-04,1종,66898
521,단양,2003-04,2종,3191
521,단양,2003-04,3종,7653
521,단양,2003-04,4종,854
521,단양,2003-04,5종,8209
521,단양,2003-04,6종,2608
522,북단양,2003-04,1종,61330
522,북단양,2003-04,2종,4435
522,북단양,2003-04,3종,4487
522,북단양,2003-04,4종,1265
522,북단양,2003-04,5종,22854
522,북단양,2003-04,6종,2088
523,남제천,2003-04,1종,52176
523,남제천,2003-04,2종,2248
523,남제천,2003-04,3종,2881
523,남제천,2003-04,4종,299
523,남제천,2003-04,5종,1276
523,남제천,2003-04,6종,1831
530,내장산,2003-04,1종,25839
530,내장산,2003-04,2종,2006
530,내장산,2003-04,3종,456
530,내장산,2003-04,4종,321
530,내장산,2003-04,5종,265
530,내장산,2003-04,6종,770
540,청북,2003-04,1종,163843
540,청북,2003-04,2종,36115
540,청북,2003-04,3종,7223
540,청북,2003-04,4종,9296
540,청북,2003-04,5종,22763
540,청북,2003-04,6종,4895
541,송탄,2003-04,1종,240718
541,송탄,2003-04,2종,29256
541,송탄,2003-04,3종,5558
541,송탄,2003-04,4종,4959
541,송탄,2003-04,5종,10548
541,송탄,2003-04,6종,8028
542,서안성,2003-04,1종,88953
542,서안성,2003-04,2종,10494
542,서안성,2003-04,3종,2095
542,서안성,2003-04,4종,2832
542,서안성,2003-04,5종,5076
542,서안성,2003-04,6종,2745
560,감곡,2003-04,1종,77725
560,감곡,2003-04,2종,6457
560,감곡,2003-04,3종,5082
560,감곡,2003-04,4종,1244
560,감곡,2003-04,5종,6637
560,감곡,2003-04,6종,2587
561,북충주,2003-04,1종,35447
561,북충주,2003-04,2종,2519
561,북충주,2003-04,3종,603
561,북충주,2003-04,4종,318
561,북충주,2003-04,5종,953
561,북충주,2003-04,6종,1153
562,충주,2003-04,1종,163713
562,충주,2003-04,2종,8251
562,충주,2003-04,3종,12006
562,충주,2003-04,4종,934
562,충주,2003-04,5종,2325
562,충주,2003-04,6종,5526
601,남천안,2003-04,1종,148559
601,남천안,2003-04,2종,41904
601,남천안,2003-04,3종,15955
601,남천안,2003-04,4종,16042
601,남천안,2003-04,5종,22105
601,남천안,2003-04,6종,4164
602,풍세상,2003-04,1종,459842
602,풍세상,2003-04,2종,39567
602,풍세상,2003-04,3종,73371
602,풍세상,2003-04,4종,9992
602,풍세상,2003-04,5종,20635
602,풍세상,2003-04,6종,11479
603,정안,2003-04,1종,86333
603,정안,2003-04,2종,14401
603,정안,2003-04,3종,6516
603,정안,2003-04,4종,3586
603,정안,2003-04,5종,6145
603,정안,2003-04,6종,2571
604,남공주,2003-04,1종,29030
604,남공주,2003-04,2종,1959
604,남공주,2003-04,3종,1114
604,남공주,2003-04,4종,508
604,남공주,2003-04,5종,742
604,남공주,2003-04,6종,849
605,탄천,2003-04,1종,19353
605,탄천,2003-04,2종,1679
605,탄천,2003-04,3종,601
605,탄천,2003-04,4종,177
605,탄천,2003-04,5종,316
605,탄천,2003-04,6종,556
606,서논산,2003-04,1종,56371
606,서논산,2003-04,2종,7301
606,서논산,2003-04,3종,4050
606,서논산,2003-04,4종,2192
606,서논산,2003-04,5종,3961
606,서논산,2003-04,6종,1646
607,연무,2003-04,1종,45898
607,연무,2003-04,2종,2977
607,연무,2003-04,3종,1491
607,연무,2003-04,4종,523
607,연무,2003-04,5종,781
607,연무,2003-04,6종,1217
608,남논산하,2003-04,1종,340854
608,남논산하,2003-04,2종,29325
608,남논산하,2003-04,3종,68354
608,남논산하,2003-04,4종,8164
608,남논산하,2003-04,5종,15185
608,남논산하,2003-04,6종,7716
11,인천,2003-05,1종,3298932
11,인천,2003-05,2종,169551
11,인천,2003-05,3종,51784
11,인천,2003-05,4종,57853
11,인천,2003-05,5종,116839
11,인천,2003-05,6종,194007
22,,2003-05,1종,506384
22,,2003-05,2종,27434
22,,2003-05,3종,26057
22,,2003-05,4종,12143
22,,2003-05,5종,32116
22,,2003-05,6종,25463
53,남인천,2003-05,1종,1645032
53,남인천,2003-05,2종,87305
53,남인천,2003-05,3종,24029
53,남인천,2003-05,4종,21133
53,남인천,2003-05,5종,124414
53,남인천,2003-05,6종,90207
56,일로,2003-05,1종,17042
56,일로,2003-05,2종,865
56,일로,2003-05,3종,89
56,일로,2003-05,4종,204
56,일로,2003-05,5종,361
56,일로,2003-05,6종,1002
61,성남,2003-05,1종,2898691
61,성남,2003-05,2종,215674
61,성남,2003-05,3종,82884
61,성남,2003-05,4종,34514
61,성남,2003-05,5종,49364
61,성남,2003-05,6종,126234
62,구리남양주,2003-05,1종,3852032
62,구리남양주,2003-05,2종,282764
62,구리남양주,2003-05,3종,75483
62,구리남양주,2003-05,4종,60116
62,구리남양주,2003-05,5종,73713
62,구리남양주,2003-05,6종,171935
63,토평,2003-05,1종,670872
63,토평,2003-05,2종,25039
63,토평,2003-05,3종,9156
63,토평,2003-05,4종,12975
63,토평,2003-05,5종,12471
63,토평,2003-05,6종,31235
64,청계,2003-05,1종,4084861
64,청계,2003-05,2종,240613
64,청계,2003-05,3종,83751
64,청계,2003-05,4종,34574
64,청계,2003-05,5종,78606
64,청계,2003-05,6종,189185
65,판교,2003-05,1종,2160209
65,판교,2003-05,2종,67808
65,판교,2003-05,3종,87909
65,판교,2003-05,4종,18351
65,판교,2003-05,5종,13211
65,판교,2003-05,6종,81097
66,하남,2003-05,1종,432937
66,하남,2003-05,2종,29869
66,하남,2003-05,3종,17012
66,하남,2003-05,4종,10558
66,하남,2003-05,5종,6802
66,하남,2003-05,6종,17664
67,시흥,2003-05,1종,3429417
67,시흥,2003-05,2종,233251
67,시흥,2003-05,3종,70321
67,시흥,2003-05,4종,40450
67,시흥,2003-05,5종,45683
67,시흥,2003-05,6종,152579
68,김포,2003-05,1종,3543361
68,김포,2003-05,2종,247930
68,김포,2003-05,3종,46026
68,김포,2003-05,4종,36288
68,김포,2003-05,5종,77357
68,김포,2003-05,6종,162427
91,대동(개),2003-05,1종,141855
91,대동(개),2003-05,2종,14182
91,대동(개),2003-05,3종,1074
91,대동(개),2003-05,4종,40187
91,대동(개),2003-05,5종,13290
91,대동(개),2003-05,6종,8186
101,서울,2003-05,1종,5194945
101,서울,2003-05,2종,331021
101,서울,2003-05,3종,410678
101,서울,2003-05,4종,58759
101,서울,2003-05,5종,50837
101,서울,2003-05,6종,190099
102,동수원,2003-05,1종,1809407
102,동수원,2003-05,2종,82192
102,동수원,2003-05,3종,59702
102,동수원,2003-05,4종,22614
102,동수원,2003-05,5종,31363
102,동수원,2003-05,6종,85204
103,수원신갈,2003-05,1종,2260726
103,수원신갈,2003-05,2종,150312
103,수원신갈,2003-05,3종,87361
103,수원신갈,2003-05,4종,28997
103,수원신갈,2003-05,5종,32668
103,수원신갈,2003-05,6종,96863
104,지곡,2003-05,1종,35581
104,지곡,2003-05,2종,3513
104,지곡,2003-05,3종,1429
104,지곡,2003-05,4종,1018
104,지곡,2003-05,5종,2365
104,지곡,2003-05,6종,1291
105,기흥,2003-05,1종,963818
105,기흥,2003-05,2종,90405
105,기흥,2003-05,3종,37139
105,기흥,2003-05,4종,17155
105,기흥,2003-05,5종,24765
105,기흥,2003-05,6종,34129
106,오산,2003-05,1종,1086765
106,오산,2003-05,2종,130941
106,오산,2003-05,3종,56843
106,오산,2003-05,4종,28229
106,오산,2003-05,5종,31842
106,오산,2003-05,6종,46190
107,안성,2003-05,1종,971315
107,안성,2003-05,2종,99570
107,안성,2003-05,3종,51311
107,안성,2003-05,4종,24001
107,안성,2003-05,5종,27510
107,안성,2003-05,6종,39119
108,천안,2003-05,1종,1244183
108,천안,2003-05,2종,94098
108,천안,2003-05,3종,78098
108,천안,2003-05,4종,25934
108,천안,2003-05,5종,31251
108,천안,2003-05,6종,46964
109,계룡,2003-05,1종,132634
109,계룡,2003-05,2종,13176
109,계룡,2003-05,3종,9318
109,계룡,2003-05,4종,6119
109,계룡,2003-05,5종,2414
109,계룡,2003-05,6종,5928
110,독립기념관,2003-05,1종,306275
110,독립기념관,2003-05,2종,43249
110,독립기념관,2003-05,3종,18643
110,독립기념관,2003-05,4종,12138
110,독립기념관,2003-05,5종,15007
110,독립기념관,2003-05,6종,10119
111,청주,2003-05,1종,512099
111,청주,2003-05,2종,46671
111,청주,2003-05,3종,41233
111,청주,2003-05,4종,12515
111,청주,2003-05,5종,17804
111,청주,2003-05,6종,19297
112,남청주,2003-05,1종,443477
112,남청주,2003-05,2종,75972
112,남청주,2003-05,3종,26286
112,남청주,2003-05,4종,31148
112,남청주,2003-05,5종,35594
112,남청주,2003-05,6종,16551
113,신탄진,2003-05,1종,460324
113,신탄진,2003-05,2종,68815
113,신탄진,2003-05,3종,19522
113,신탄진,2003-05,4종,34799
113,신탄진,2003-05,5종,38841
113,신탄진,2003-05,6종,18660
114,남대전,2003-05,1종,269969
114,남대전,2003-05,2종,14625
114,남대전,2003-05,3종,3640
114,남대전,2003-05,4종,3584
114,남대전,2003-05,5종,3883
114,남대전,2003-05,6종,11448
115,대전,2003-05,1종,1286041
115,대전,2003-05,2종,76082
115,대전,2003-05,3종,80300
115,대전,2003-05,4종,14762
115,대전,2003-05,5종,20038
115,대전,2003-05,6종,55175
116,옥천,2003-05,1종,452673
116,옥천,2003-05,2종,42032
116,옥천,2003-05,3종,10582
116,옥천,2003-05,4종,12234
116,옥천,2003-05,5종,12574
116,옥천,2003-05,6종,20125
117,금강,2003-05,1종,26007
117,금강,2003-05,2종,1033
117,금강,2003-05,3종,158
117,금강,2003-05,4종,1207
117,금강,2003-05,5종,127
117,금강,2003-05,6종,1172
118,영동,2003-05,1종,124412
118,영동,2003-05,2종,15343
118,영동,2003-05,3종,5426
118,영동,2003-05,4종,8335
118,영동,2003-05,5종,11602
118,영동,2003-05,6종,4458
119,판암,2003-05,1종,359707
119,판암,2003-05,2종,19015
119,판암,2003-05,3종,3906
119,판암,2003-05,4종,7599
119,판암,2003-05,5종,7518
119,판암,2003-05,6종,17732
120,황간,2003-05,1종,83151
120,황간,2003-05,2종,8630
120,황간,2003-05,3종,2380
120,황간,2003-05,4종,6022
120,황간,2003-05,5종,5442
120,황간,2003-05,6종,3289
121,추풍령,2003-05,1종,47673
121,추풍령,2003-05,2종,5245
121,추풍령,2003-05,3종,1439
121,추풍령,2003-05,4종,2987
121,추풍령,2003-05,5종,4604
121,추풍령,2003-05,6종,2808
122,김천,2003-05,1종,280072
122,김천,2003-05,2종,42592
122,김천,2003-05,3종,17729
122,김천,2003-05,4종,13561
122,김천,2003-05,5종,14730
122,김천,2003-05,6종,11090
123,구미,2003-05,1종,609655
123,구미,2003-05,2종,34953
123,구미,2003-05,3종,22740
123,구미,2003-05,4종,14619
123,구미,2003-05,5종,14247
123,구미,2003-05,6종,29905
124,상주,2003-05,1종,208676
124,상주,2003-05,2종,13716
124,상주,2003-05,3종,6796
124,상주,2003-05,4종,3917
124,상주,2003-05,5종,7275
124,상주,2003-05,6종,9663
125,남구미,2003-05,1종,357885
125,남구미,2003-05,2종,41048
125,남구미,2003-05,3종,24299
125,남구미,2003-05,4종,16021
125,남구미,2003-05,5종,48600
125,남구미,2003-05,6종,17848
126,왜관,2003-05,1종,470907
126,왜관,2003-05,2종,51530
126,왜관,2003-05,3종,22467
126,왜관,2003-05,4종,15351
126,왜관,2003-05,5종,29593
126,왜관,2003-05,6종,24898
127,서대구,2003-05,1종,2051300
127,서대구,2003-05,2종,231706
127,서대구,2003-05,3종,91782
127,서대구,2003-05,4종,63383
127,서대구,2003-05,5종,108431
127,서대구,2003-05,6종,102963
129,북대구,2003-05,1종,1236457
129,북대구,2003-05,2종,87074
129,북대구,2003-05,3종,30906
129,북대구,2003-05,4종,20385
129,북대구,2003-05,5종,30979
129,북대구,2003-05,6종,57763
130,동김천,2003-05,1종,1102589
130,동김천,2003-05,2종,73340
130,동김천,2003-05,3종,45754
130,동김천,2003-05,4종,27641
130,동김천,2003-05,5종,34975
130,동김천,2003-05,6종,57767
131,경산,2003-05,1종,744458
131,경산,2003-05,2종,98345
131,경산,2003-05,3종,21415
131,경산,2003-05,4종,19673
131,경산,2003-05,5종,26710
131,경산,2003-05,6종,44817
132,영천,2003-05,1종,485379
132,영천,2003-05,2종,54751
132,영천,2003-05,3종,34641
132,영천,2003-05,4종,15305
132,영천,2003-05,5종,60217
132,영천,2003-05,6종,20344
133,서경주,2003-05,1종,88486
133,서경주,2003-05,2종,7119
133,서경주,2003-05,3종,2918
133,서경주,2003-05,4종,2015
133,서경주,2003-05,5종,5218
133,서경주,2003-05,6종,3372
134,선산,2003-05,1종,76095
134,선산,2003-05,2종,6083
134,선산,2003-05,3종,1112
134,선산,2003-05,4종,1436
134,선산,2003-05,5종,1104
134,선산,2003-05,6종,3597
135,경주,2003-05,1종,955652
135,경주,2003-05,2종,82071
135,경주,2003-05,3종,76460
135,경주,2003-05,4종,29469
135,경주,2003-05,5종,83287
135,경주,2003-05,6종,38964
136,음성,2003-05,1종,160115
136,음성,2003-05,2종,8980
136,음성,2003-05,3종,5567
136,음성,2003-05,4종,3347
136,음성,2003-05,5종,6006
136,음성,2003-05,6종,10185
137,통도사,2003-05,1종,399051
137,통도사,2003-05,2종,36685
137,통도사,2003-05,3종,18651
137,통도사,2003-05,4종,15700
137,통도사,2003-05,5종,18699
137,통도사,2003-05,6종,20208
138,양산,2003-05,1종,745910
138,양산,2003-05,2종,96341
138,양산,2003-05,3종,28293
138,양산,2003-05,4종,43460
138,양산,2003-05,5종,45067
138,양산,2003-05,6종,46821
139,서울산,2003-05,1종,398941
139,서울산,2003-05,2종,29564
139,서울산,2003-05,3종,20271
139,서울산,2003-05,4종,9191
139,서울산,2003-05,5종,13620
139,서울산,2003-05,6종,22230
140,부산,2003-05,1종,1557977
140,부산,2003-05,2종,98029
140,부산,2003-05,3종,81223
140,부산,2003-05,4종,42356
140,부산,2003-05,5종,98976
140,부산,2003-05,6종,83636
141,,2003-05,1종,1126225
141,,2003-05,2종,101064
141,,2003-05,3종,54557
141,,2003-05,4종,52320
141,,2003-05,5종,129154
141,,2003-05,6종,58874
142,군북,2003-05,1종,280740
142,군북,2003-05,2종,20341
142,군북,2003-05,3종,10436
142,군북,2003-05,4종,10755
142,군북,2003-05,5종,13646
142,군북,2003-05,6종,15700
143,장지,2003-05,1종,84014
143,장지,2003-05,2종,9295
143,장지,2003-05,3종,1614
143,장지,2003-05,4종,2618
143,장지,2003-05,5종,10983
143,장지,2003-05,6종,5093
144,함안,2003-05,1종,388891
144,함안,2003-05,2종,29763
144,함안,2003-05,3종,9886
144,함안,2003-05,4종,8345
144,함안,2003-05,5종,17379
144,함안,2003-05,6종,27195
145,산인,2003-05,1종,720667
145,산인,2003-05,2종,42759
145,산인,2003-05,3종,41502
145,산인,2003-05,4종,18613
145,산인,2003-05,5종,23588
145,산인,2003-05,6종,45892
146,동창원,2003-05,1종,614257
146,동창원,2003-05,2종,53619
146,동창원,2003-05,3종,11354
146,동창원,2003-05,4종,11486
146,동창원,2003-05,5종,40099
146,동창원,2003-05,6종,38608
147,진례,2003-05,1종,508142
147,진례,2003-05,2종,77886
147,진례,2003-05,3종,7833
147,진례,2003-05,4종,18217
147,진례,2003-05,5종,21830
147,진례,2003-05,6종,28888
148,서김해,2003-05,1종,667717
148,서김해,2003-05,2종,49844
148,서김해,2003-05,3종,11383
148,서김해,2003-05,4종,12133
148,서김해,2003-05,5종,18807
148,서김해,2003-05,6종,46698
149,동김해,2003-05,1종,1150774
149,동김해,2003-05,2종,69642
149,동김해,2003-05,3종,17615
149,동김해,2003-05,4종,17687
149,동김해,2003-05,5종,26602
149,동김해,2003-05,6종,91227
150,북부산,2003-05,1종,2560930
150,북부산,2003-05,2종,172692
150,북부산,2003-05,3종,71830
150,북부산,2003-05,4종,52613
150,북부산,2003-05,5종,115920
150,북부산,2003-05,6종,165527
151,북대전,2003-05,1종,527375
151,북대전,2003-05,2종,22973
151,북대전,2003-05,3종,18071
151,북대전,2003-05,4종,10003
151,북대전,2003-05,5종,10308
151,북대전,2003-05,6종,22659
152,유성,2003-05,1종,868548
152,유성,2003-05,2종,53478
152,유성,2003-05,3종,30654
152,유성,2003-05,4종,15367
152,유성,2003-05,5종,18768
152,유성,2003-05,6종,34932
153,서대전,2003-05,1종,580609
153,서대전,2003-05,2종,35271
153,서대전,2003-05,3종,10904
153,서대전,2003-05,4종,8760
153,서대전,2003-05,5종,13217
153,서대전,2003-05,6종,27227
154,안영,2003-05,1종,366730
154,안영,2003-05,2종,20514
154,안영,2003-05,3종,7310
154,안영,2003-05,4종,6207
154,안영,2003-05,5종,9269
154,안영,2003-05,6종,15609
155,논산,2003-05,1종,245485
155,논산,2003-05,2종,45488
155,논산,2003-05,3종,12154
155,논산,2003-05,4종,17894
155,논산,2003-05,5종,18775
155,논산,2003-05,6종,8004
156,익산,2003-05,1종,292394
156,익산,2003-05,2종,45874
156,익산,2003-05,3종,20321
156,익산,2003-05,4종,18029
156,익산,2003-05,5종,33338
156,익산,2003-05,6종,8791
157,삼례,2003-05,1종,83316
157,삼례,2003-05,2종,10034
157,삼례,2003-05,3종,2943
157,삼례,2003-05,4종,3856
157,삼례,2003-05,5종,4915
157,삼례,2003-05,6종,2797
158,전주,2003-05,1종,563832
158,전주,2003-05,2종,46241
158,전주,2003-05,3종,43472
158,전주,2003-05,4종,12778
158,전주,2003-05,5종,28660
158,전주,2003-05,6종,17576
159,서전주,2003-05,1종,161528
159,서전주,2003-05,2종,10970
159,서전주,2003-05,3종,3251
159,서전주,2003-05,4종,3183
159,서전주,2003-05,5종,3204
159,서전주,2003-05,6종,4775
160,김제,2003-05,1종,117085
160,김제,2003-05,2종,10148
160,김제,2003-05,3종,8126
160,김제,2003-05,4종,2857
160,김제,2003-05,5종,2733
160,김제,2003-05,6종,3734
161,금산사,2003-05,1종,53359
161,금산사,2003-05,2종,8307
161,금산사,2003-05,3종,1686
161,금산사,2003-05,4종,1119
161,금산사,2003-05,5종,3166
161,금산사,2003-05,6종,1511
162,태인,2003-05,1종,99120
162,태인,2003-05,2종,13461
162,태인,2003-05,3종,5284
162,태인,2003-05,4종,3654
162,태인,2003-05,5종,5007
162,태인,2003-05,6종,2686
163,정읍,2003-05,1종,381763
163,정읍,2003-05,2종,42082
163,정읍,2003-05,3종,27661
163,정읍,2003-05,4종,8034
163,정읍,2003-05,5종,11425
163,정읍,2003-05,6종,11479
164,무주,2003-05,1종,133500
164,무주,2003-05,2종,5563
164,무주,2003-05,3종,4962
164,무주,2003-05,4종,1049
164,무주,2003-05,5종,3351
164,무주,2003-05,6종,4056
165,백양사,2003-05,1종,119266
165,백양사,2003-05,2종,8155
165,백양사,2003-05,3종,5570
165,백양사,2003-05,4종,1828
165,백양사,2003-05,5종,2443
165,백양사,2003-05,6종,3329
166,장성,2003-05,1종,179560
166,장성,2003-05,2종,14646
166,장성,2003-05,3종,11827
166,장성,2003-05,4종,3227
166,장성,2003-05,5종,9332
166,장성,2003-05,6종,7780
167,광주,2003-05,1종,968990
167,광주,2003-05,2종,86743
167,광주,2003-05,3종,78858
167,광주,2003-05,4종,28078
167,광주,2003-05,5종,26855
167,광주,2003-05,6종,29225
168,덕유산,2003-05,1종,35303
168,덕유산,2003-05,2종,2237
168,덕유산,2003-05,3종,737
168,덕유산,2003-05,4종,540
168,덕유산,2003-05,5종,1456
168,덕유산,2003-05,6종,872
169,장수,2003-05,1종,105179
169,장수,2003-05,2종,18017
169,장수,2003-05,3종,8831
169,장수,2003-05,4종,6672
169,장수,2003-05,5종,12934
169,장수,2003-05,6종,2382
170,서상,2003-05,1종,38613
170,서상,2003-05,2종,3788
170,서상,2003-05,3종,2733
170,서상,2003-05,4종,1162
170,서상,2003-05,5종,2190
170,서상,2003-05,6종,1280
171,마성,2003-05,1종,427086
171,마성,2003-05,2종,8751
171,마성,2003-05,3종,24360
171,마성,2003-05,4종,935
171,마성,2003-05,5종,706
171,마성,2003-05,6종,18445
172,용인,2003-05,1종,785765
172,용인,2003-05,2종,93363
172,용인,2003-05,3종,20963
172,용인,2003-05,4종,14261
172,용인,2003-05,5종,15337
172,용인,2003-05,6종,38474
173,양지,2003-05,1종,566792
173,양지,2003-05,2종,93672
173,양지,2003-05,3종,21102
173,양지,2003-05,4종,20545
173,양지,2003-05,5종,27730
173,양지,2003-05,6종,20853
174,춘천,2003-05,1종,433596
174,춘천,2003-05,2종,23405
174,춘천,2003-05,3종,15185
174,춘천,2003-05,4종,5628
174,춘천,2003-05,5종,7241
174,춘천,2003-05,6종,22993
175,덕평,2003-05,1종,159498
175,덕평,2003-05,2종,19404
175,덕평,2003-05,3종,9737
175,덕평,2003-05,4종,5226
175,덕평,2003-05,5종,6219
175,덕평,2003-05,6종,6308
176,이천,2003-05,1종,527132
176,이천,2003-05,2종,57052
176,이천,2003-05,3종,27779
176,이천,2003-05,4종,21714
176,이천,2003-05,5종,26289
176,이천,2003-05,6종,20367
177,여주,2003-05,1종,352914
177,여주,2003-05,2종,30168
177,여주,2003-05,3종,19574
177,여주,2003-05,4종,12411
177,여주,2003-05,5종,14878
177,여주,2003-05,6종,11183
178,문막,2003-05,1종,267523
178,문막,2003-05,2종,27421
178,문막,2003-05,3종,11914
178,문막,2003-05,4종,7921
178,문막,2003-05,5종,17302
178,문막,2003-05,6종,9164
179,홍천,2003-05,1종,287329
179,홍천,2003-05,2종,16385
179,홍천,2003-05,3종,8970
179,홍천,2003-05,4종,5422
179,홍천,2003-05,5종,4795
179,홍천,2003-05,6종,14703
180,원주,2003-05,1종,258434
180,원주,2003-05,2종,25799
180,원주,2003-05,3종,26779
180,원주,2003-05,4종,6773
180,원주,2003-05,5종,10567
180,원주,2003-05,6종,10957
181,새말,2003-05,1종,172615
181,새말,2003-05,2종,14353
181,새말,2003-05,3종,20856
181,새말,2003-05,4종,3586
181,새말,2003-05,5종,5773
181,새말,2003-05,6종,5676
182,둔내,2003-05,1종,80923
182,둔내,2003-05,2종,4797
182,둔내,2003-05,3종,3233
182,둔내,2003-05,4종,936
182,둔내,2003-05,5종,637
182,둔내,2003-05,6종,2714
183,면온,2003-05,1종,59181
183,면온,2003-05,2종,1989
183,면온,2003-05,3종,7188
183,면온,2003-05,4종,3696
183,면온,2003-05,5종,2162
183,면온,2003-05,6종,1688
184,대관령,2003-05,1종,114105
184,대관령,2003-05,2종,6532
184,대관령,2003-05,3종,11773
184,대관령,2003-05,4종,2263
184,대관령,2003-05,5종,2335
184,대관령,2003-05,6종,4454
185,평창,2003-05,1종,111746
185,평창,2003-05,2종,6620
185,평창,2003-05,3종,12733
185,평창,2003-05,4종,2118
185,평창,2003-05,5종,2298
185,평창,2003-05,6종,4359
186,속사,2003-05,1종,38672
186,속사,2003-05,2종,2478
186,속사,2003-05,3종,1754
186,속사,2003-05,4종,1824
186,속사,2003-05,5종,1309
186,속사,2003-05,6종,1280
187,진부,2003-05,1종,131873
187,진부,2003-05,2종,7316
187,진부,2003-05,3종,15855
187,진부,2003-05,4종,2686
187,진부,2003-05,5종,3107
187,진부,2003-05,6종,4744
189,강릉,2003-05,1종,558536
189,강릉,2003-05,2종,32361
189,강릉,2003-05,3종,40498
189,강릉,2003-05,4종,10287
189,강릉,2003-05,5종,19612
189,강릉,2003-05,6종,20998
190,동서울,2003-05,1종,3016407
190,동서울,2003-05,2종,254744
190,동서울,2003-05,3종,158680
190,동서울,2003-05,4종,47215
190,동서울,2003-05,5종,64063
190,동서울,2003-05,6종,100256
191,경기광주,2003-05,1종,653826
191,경기광주,2003-05,2종,48611
191,경기광주,2003-05,3종,23224
191,경기광주,2003-05,4종,7025
191,경기광주,2003-05,5종,11176
191,경기광주,2003-05,6종,29329
192,곤지암,2003-05,1종,669076
192,곤지암,2003-05,2종,85425
192,곤지암,2003-05,3종,15096
192,곤지암,2003-05,4종,15178
192,곤지암,2003-05,5종,20956
192,곤지암,2003-05,6종,22804
193,일죽,2003-05,1종,457204
193,일죽,2003-05,2종,68794
193,일죽,2003-05,3종,26744
193,일죽,2003-05,4종,17327
193,일죽,2003-05,5종,19288
193,일죽,2003-05,6종,14532
194,서이천,2003-05,1종,295749
194,서이천,2003-05,2종,26404
194,서이천,2003-05,3종,13388
194,서이천,2003-05,4종,6072
194,서이천,2003-05,5종,6287
194,서이천,2003-05,6종,12188
195,대소,2003-05,1종,330733
195,대소,2003-05,2종,52767
195,대소,2003-05,3종,13365
195,대소,2003-05,4종,12193
195,대소,2003-05,5종,12012
195,대소,2003-05,6종,11057
196,진천,2003-05,1종,264011
196,진천,2003-05,2종,35618
196,진천,2003-05,3종,9890
196,진천,2003-05,4종,9035
196,진천,2003-05,5종,11905
196,진천,2003-05,6종,9764
197,증평,2003-05,1종,320156
197,증평,2003-05,2종,41697
197,증평,2003-05,3종,12890
197,증평,2003-05,4종,9032
197,증평,2003-05,5종,17336
197,증평,2003-05,6종,10807
198,서청주,2003-05,1종,517415
198,서청주,2003-05,2종,51050
198,서청주,2003-05,3종,24425
198,서청주,2003-05,4종,17972
198,서청주,2003-05,5종,17372
198,서청주,2003-05,6종,19786
199,오창,2003-05,1종,243365
199,오창,2003-05,2종,22264
199,오창,2003-05,3종,10973
199,오창,2003-05,4종,6000
199,오창,2003-05,5종,6697
199,오창,2003-05,6종,8353
200,금산,2003-05,1종,206618
200,금산,2003-05,2종,9024
200,금산,2003-05,3종,3230
200,금산,2003-05,4종,2279
200,금산,2003-05,5종,4403
200,금산,2003-05,6종,7414
201,칠곡,2003-05,1종,586416
201,칠곡,2003-05,2종,31361
201,칠곡,2003-05,3종,14190
201,칠곡,2003-05,4종,9180
201,칠곡,2003-05,5종,11339
201,칠곡,2003-05,6종,38556
202,다부,2003-05,1종,120741
202,다부,2003-05,2종,9468
202,다부,2003-05,3종,2755
202,다부,2003-05,4종,2832
202,다부,2003-05,5종,6593
202,다부,2003-05,6종,4997
203,가산,2003-05,1종,409695
203,가산,2003-05,2종,27913
203,가산,2003-05,3종,9223
203,가산,2003-05,4종,5851
203,가산,2003-05,5종,13707
203,가산,2003-05,6종,16967
204,추부,2003-05,1종,248826
204,추부,2003-05,2종,19457
204,추부,2003-05,3종,4505
204,추부,2003-05,4종,5014
204,추부,2003-05,5종,5608
204,추부,2003-05,6종,12267
205,군위,2003-05,1종,106566
205,군위,2003-05,2종,10444
205,군위,2003-05,3종,1335
205,군위,2003-05,4종,1569
205,군위,2003-05,5종,2604
205,군위,2003-05,6종,4479
206,의성,2003-05,1종,175808
206,의성,2003-05,2종,11772
206,의성,2003-05,3종,2784
206,의성,2003-05,4종,2143
206,의성,2003-05,5종,4863
206,의성,2003-05,6종,6806
207,남안동,2003-05,1종,238056
207,남안동,2003-05,2종,13354
207,남안동,2003-05,3종,11986
207,남안동,2003-05,4종,2264
207,남안동,2003-05,5종,7701
207,남안동,2003-05,6종,9830
208,서안동,2003-05,1종,210771
208,서안동,2003-05,2종,13931
208,서안동,2003-05,3종,9272
208,서안동,2003-05,4종,2585
208,서안동,2003-05,5종,10707
208,서안동,2003-05,6종,8387
209,예천,2003-05,1종,47447
209,예천,2003-05,2종,2153
209,예천,2003-05,3종,1091
209,예천,2003-05,4종,457
209,예천,2003-05,5종,6497
209,예천,2003-05,6종,1936
210,영주,2003-05,1종,155125
210,영주,2003-05,2종,10512
210,영주,2003-05,3종,5410
210,영주,2003-05,4종,2195
210,영주,2003-05,5종,6503
210,영주,2003-05,6종,6839
211,풍기,2003-05,1종,165601
211,풍기,2003-05,2종,10419
211,풍기,2003-05,3종,12440
211,풍기,2003-05,4종,855
211,풍기,2003-05,5종,6241
211,풍기,2003-05,6종,7031
212,북수원,2003-05,1종,1261292
212,북수원,2003-05,2종,91827
212,북수원,2003-05,3종,40874
212,북수원,2003-05,4종,29606
212,북수원,2003-05,5종,25214
212,북수원,2003-05,6종,58592
213,부곡,2003-05,1종,246708
213,부곡,2003-05,2종,15576
213,부곡,2003-05,3종,4014
213,부곡,2003-05,4종,6297
213,부곡,2003-05,5종,51633
213,부곡,2003-05,6종,12516
214,동군포,2003-05,1종,110295
214,동군포,2003-05,2종,21473
214,동군포,2003-05,3종,5951
214,동군포,2003-05,4종,13377
214,동군포,2003-05,5종,5506
214,동군포,2003-05,6종,5591
215,군포,2003-05,1종,662469
215,군포,2003-05,2종,79609
215,군포,2003-05,3종,16638
215,군포,2003-05,4종,17859
215,군포,2003-05,5종,28063
215,군포,2003-05,6종,29233
216,횡성,2003-05,1종,118326
216,횡성,2003-05,2종,8300
216,횡성,2003-05,3종,3401
216,횡성,2003-05,4종,2155
216,횡성,2003-05,5종,3218
216,횡성,2003-05,6종,5323
217,북원주,2003-05,1종,56779
217,북원주,2003-05,2종,4286
217,북원주,2003-05,3종,507
217,북원주,2003-05,4종,1268
217,북원주,2003-05,5종,1089
217,북원주,2003-05,6종,2796
218,남원주,2003-05,1종,487639
218,남원주,2003-05,2종,29558
218,남원주,2003-05,3종,21972
218,남원주,2003-05,4종,5516
218,남원주,2003-05,5종,10168
218,남원주,2003-05,6종,22070
219,신림,2003-05,1종,117606
219,신림,2003-05,2종,7408
219,신림,2003-05,3종,5318
219,신림,2003-05,4종,1410
219,신림,2003-05,5종,17429
219,신림,2003-05,6종,4559
221,생초,2003-05,1종,55205
221,생초,2003-05,2종,8100
221,생초,2003-05,3종,2443
221,생초,2003-05,4종,4811
221,생초,2003-05,5종,7808
221,생초,2003-05,6종,1871
222,산청,2003-05,1종,57387
222,산청,2003-05,2종,3210
222,산청,2003-05,3종,2042
222,산청,2003-05,4종,827
222,산청,2003-05,5종,1712
222,산청,2003-05,6종,2444
223,단성,2003-05,1종,94285
223,단성,2003-05,2종,5662
223,단성,2003-05,3종,5611
223,단성,2003-05,4종,1471
223,단성,2003-05,5종,3403
223,단성,2003-05,6종,3354
224,함양,2003-05,1종,114625
224,함양,2003-05,2종,7335
224,함양,2003-05,3종,5376
224,함양,2003-05,4종,1847
224,함양,2003-05,5종,4515
224,함양,2003-05,6종,5463
225,서진주,2003-05,1종,330150
225,서진주,2003-05,2종,12006
225,서진주,2003-05,3종,5151
225,서진주,2003-05,4종,2039
225,서진주,2003-05,5종,5144
225,서진주,2003-05,6종,21081
227,군산,2003-05,1종,139029
227,군산,2003-05,2종,9518
227,군산,2003-05,3종,5439
227,군산,2003-05,4종,1734
227,군산,2003-05,5종,4841
227,군산,2003-05,6종,4396
228,동군산,2003-05,1종,370866
228,동군산,2003-05,2종,31817
228,동군산,2003-05,3종,11129
228,동군산,2003-05,4종,7379
228,동군산,2003-05,5종,23396
228,동군산,2003-05,6종,10273
231,화원옥포,2003-05,1종,1500471
231,화원옥포,2003-05,2종,182996
231,화원옥포,2003-05,3종,74389
231,화원옥포,2003-05,4종,39723
231,화원옥포,2003-05,5종,96238
231,화원옥포,2003-05,6종,69181
232,달성,2003-05,1종,219493
232,달성,2003-05,2종,30061
232,달성,2003-05,3종,11191
232,달성,2003-05,4종,5765
232,달성,2003-05,5종,5211
232,달성,2003-05,6종,16594
233,현풍,2003-05,1종,258235
233,현풍,2003-05,2종,38972
233,현풍,2003-05,3종,7547
233,현풍,2003-05,4종,9695
233,현풍,2003-05,5종,21139
233,현풍,2003-05,6종,11862
234,서천,2003-05,1종,125658
234,서천,2003-05,2종,11112
234,서천,2003-05,3종,2052
234,서천,2003-05,4종,2981
234,서천,2003-05,5종,6286
234,서천,2003-05,6종,4100
235,창녕,2003-05,1종,172904
235,창녕,2003-05,2종,13642
235,창녕,2003-05,3종,8006
235,창녕,2003-05,4종,2534
235,창녕,2003-05,5종,4485
235,창녕,2003-05,6종,9000
236,영산,2003-05,1종,174041
236,영산,2003-05,2종,16265
236,영산,2003-05,3종,9266
236,영산,2003-05,4종,2839
236,영산,2003-05,5종,2313
236,영산,2003-05,6종,8736
237,남지,2003-05,1종,140232
237,남지,2003-05,2종,12850
237,남지,2003-05,3종,8475
237,남지,2003-05,4종,6845
237,남지,2003-05,5종,6328
237,남지,2003-05,6종,9254
238,칠서,2003-05,1종,197206
238,칠서,2003-05,2종,27950
238,칠서,2003-05,3종,4855
238,칠서,2003-05,4종,15538
238,칠서,2003-05,5종,13235
238,칠서,2003-05,6종,13337
239,칠원,2003-05,1종,429269
239,칠원,2003-05,2종,36570
239,칠원,2003-05,3종,22713
239,칠원,2003-05,4종,20021
239,칠원,2003-05,5종,21364
239,칠원,2003-05,6종,26521
240,제천,2003-05,1종,338309
240,제천,2003-05,2종,22648
240,제천,2003-05,3종,16852
240,제천,2003-05,4종,4160
240,제천,2003-05,5종,43991
240,제천,2003-05,6종,12956
241,동고령,2003-05,1종,172018
241,동고령,2003-05,2종,16137
241,동고령,2003-05,3종,8765
241,동고령,2003-05,4종,3593
241,동고령,2003-05,5종,8844
241,동고령,2003-05,6종,8310
242,고령,2003-05,1종,177605
242,고령,2003-05,2종,14649
242,고령,2003-05,3종,4226
242,고령,2003-05,4종,2433
242,고령,2003-05,5종,7236
242,고령,2003-05,6종,7981
243,해인사,2003-05,1종,99046
243,해인사,2003-05,2종,5793
243,해인사,2003-05,3종,3551
243,해인사,2003-05,4종,633
243,해인사,2003-05,5종,563
243,해인사,2003-05,6종,5232
244,서부산,2003-05,1종,1980685
244,서부산,2003-05,2종,164011
244,서부산,2003-05,3종,84237
244,서부산,2003-05,4종,60620
244,서부산,2003-05,5종,154052
244,서부산,2003-05,6종,111393
245,장유,2003-05,1종,1294446
245,장유,2003-05,2종,81817
245,장유,2003-05,3종,31891
245,장유,2003-05,4종,23314
245,장유,2003-05,5종,50838
245,장유,2003-05,6종,89654
246,가락,2003-05,1종,369753
246,가락,2003-05,2종,42940
246,가락,2003-05,3종,6261
246,가락,2003-05,4종,23006
246,가락,2003-05,5종,33625
246,가락,2003-05,6종,23342
247,남원,2003-05,1종,197916
247,남원,2003-05,2종,15626
247,남원,2003-05,3종,11349
247,남원,2003-05,4종,4906
247,남원,2003-05,5종,8016
247,남원,2003-05,6종,7015
248,순창,2003-05,1종,83790
248,순창,2003-05,2종,4782
248,순창,2003-05,3종,1393
248,순창,2003-05,4종,1208
248,순창,2003-05,5종,1274
248,순창,2003-05,6종,3072
249,담양,2003-05,1종,111426
249,담양,2003-05,2종,6354
249,담양,2003-05,3종,11002
249,담양,2003-05,4종,1228
249,담양,2003-05,5종,2433
249,담양,2003-05,6종,4250
250,남양산,2003-05,1종,794715
250,남양산,2003-05,2종,77836
250,남양산,2003-05,3종,18012
250,남양산,2003-05,4종,27443
250,남양산,2003-05,5종,42068
250,남양산,2003-05,6종,53453
251,물금,2003-05,1종,174909
251,물금,2003-05,2종,31518
251,물금,2003-05,3종,8702
251,물금,2003-05,4종,17066
251,물금,2003-05,5종,80874
251,물금,2003-05,6종,9332
252,대동,2003-05,1종,1846055
252,대동,2003-05,2종,229254
252,대동,2003-05,3종,53019
252,대동,2003-05,4종,70101
252,대동,2003-05,5종,160541
252,대동,2003-05,6종,94145
253,서서울,2003-05,1종,3899220
253,서서울,2003-05,2종,324052
253,서서울,2003-05,3종,90885
253,서서울,2003-05,4종,62528
253,서서울,2003-05,5종,103426
253,서서울,2003-05,6종,152218
254,군자,2003-05,1종,2665825
254,군자,2003-05,2종,259407
254,군자,2003-05,3종,66846
254,군자,2003-05,4종,75415
254,군자,2003-05,5종,219721
254,군자,2003-05,6종,121082
255,서안산,2003-05,1종,1023697
255,서안산,2003-05,2종,132231
255,서안산,2003-05,3종,12369
255,서안산,2003-05,4종,25261
255,서안산,2003-05,5종,42848
255,서안산,2003-05,6종,47785
256,안산,2003-05,1종,1143842
256,안산,2003-05,2종,43457
256,안산,2003-05,3종,10648
256,안산,2003-05,4종,5306
256,안산,2003-05,5종,9306
256,안산,2003-05,6종,64085
257,홍성,2003-05,1종,329735
257,홍성,2003-05,2종,15416
257,홍성,2003-05,3종,13578
257,홍성,2003-05,4종,1829
257,홍성,2003-05,5종,4839
257,홍성,2003-05,6종,9073
258,광천,2003-05,1종,103130
258,광천,2003-05,2종,11150
258,광천,2003-05,3종,2004
258,광천,2003-05,4종,1235
258,광천,2003-05,5종,5369
258,광천,2003-05,6종,2784
259,대천,2003-05,1종,318956
259,대천,2003-05,2종,17268
259,대천,2003-05,3종,5537
259,대천,2003-05,4종,2158
259,대천,2003-05,5종,4664
259,대천,2003-05,6종,9572
260,춘장대,2003-05,1종,61553
260,춘장대,2003-05,2종,3947
260,춘장대,2003-05,3종,976
260,춘장대,2003-05,4종,475
260,춘장대,2003-05,5종,2336
260,춘장대,2003-05,6종,1720
261,동광주,2003-05,1종,1096372
261,동광주,2003-05,2종,70872
261,동광주,2003-05,3종,60351
261,동광주,2003-05,4종,21699
261,동광주,2003-05,5종,43424
261,동광주,2003-05,6종,38318
262,창평,2003-05,1종,65208
262,창평,2003-05,2종,4379
262,창평,2003-05,3종,1082
262,창평,2003-05,4종,1942
262,창평,2003-05,5종,1908
262,창평,2003-05,6종,2152
263,옥과,2003-05,1종,187745
263,옥과,2003-05,2종,8598
263,옥과,2003-05,3종,10807
263,옥과,2003-05,4종,3606
263,옥과,2003-05,5종,5469
263,옥과,2003-05,6종,7195
264,동남원,2003-05,1종,50430
264,동남원,2003-05,2종,3561
264,동남원,2003-05,3종,2178
264,동남원,2003-05,4종,3074
264,동남원,2003-05,5종,2677
264,동남원,2003-05,6종,1725
265,곡성,2003-05,1종,144587
265,곡성,2003-05,2종,8750
265,곡성,2003-05,3종,3910
265,곡성,2003-05,4종,3775
265,곡성,2003-05,5종,7348
265,곡성,2003-05,6종,5694
266,석곡,2003-05,1종,54866
266,석곡,2003-05,2종,2902
266,석곡,2003-05,3종,2213
266,석곡,2003-05,4종,425
266,석곡,2003-05,5종,1126
266,석곡,2003-05,6종,2009
267,주암송광사,2003-05,1종,127989
267,주암송광사,2003-05,2종,9461
267,주암송광사,2003-05,3종,4403
267,주암송광사,2003-05,4종,3483
267,주암송광사,2003-05,5종,8813
267,주암송광사,2003-05,6종,4061
268,승주,2003-05,1종,55056
268,승주,2003-05,2종,2507
268,승주,2003-05,3종,2848
268,승주,2003-05,4종,391
268,승주,2003-05,5종,890
268,승주,2003-05,6종,2602
269,지리산,2003-05,1종,77235
269,지리산,2003-05,2종,4410
269,지리산,2003-05,3종,5429
269,지리산,2003-05,4종,2622
269,지리산,2003-05,5종,759
269,지리산,2003-05,6종,2095
270,서순천,2003-05,1종,194661
270,서순천,2003-05,2종,11025
270,서순천,2003-05,3종,10530
270,서순천,2003-05,4종,2812
270,서순천,2003-05,5종,16412
270,서순천,2003-05,6종,7589
271,순천,2003-05,1종,517322
271,순천,2003-05,2종,30042
271,순천,2003-05,3종,20517
271,순천,2003-05,4종,9787
271,순천,2003-05,5종,26350
271,순천,2003-05,6종,20584
272,광양,2003-05,1종,191161
272,광양,2003-05,2종,25652
272,광양,2003-05,3종,10720
272,광양,2003-05,4종,16644
272,광양,2003-05,5종,51849
272,광양,2003-05,6종,6995
273,동광양,2003-05,1종,96213
273,동광양,2003-05,2종,3788
273,동광양,2003-05,3종,2381
273,동광양,2003-05,4종,1918
273,동광양,2003-05,5종,22726
273,동광양,2003-05,6종,5761
274,가조,2003-05,1종,74766
274,가조,2003-05,2종,5587
274,가조,2003-05,3종,3542
274,가조,2003-05,4종,5073
274,가조,2003-05,5종,780
274,가조,2003-05,6종,5082
275,옥곡,2003-05,1종,110123
275,옥곡,2003-05,2종,4546
275,옥곡,2003-05,3종,3364
275,옥곡,2003-05,4종,846
275,옥곡,2003-05,5종,4627
275,옥곡,2003-05,6종,5731
276,진월,2003-05,1종,84705
276,진월,2003-05,2종,3840
276,진월,2003-05,3종,1693
276,진월,2003-05,4종,4906
276,진월,2003-05,5종,48068
276,진월,2003-05,6종,3742
277,하동,2003-05,1종,195330
277,하동,2003-05,2종,10419
277,하동,2003-05,3종,10449
277,하동,2003-05,4종,3165
277,하동,2003-05,5종,26392
277,하동,2003-05,6종,9723
278,진교,2003-05,1종,211942
278,진교,2003-05,2종,10846
278,진교,2003-05,3종,18073
278,진교,2003-05,4종,1852
278,진교,2003-05,5종,2014
278,진교,2003-05,6종,13579
279,곤양,2003-05,1종,139765
279,곤양,2003-05,2종,8522
279,곤양,2003-05,3종,6667
279,곤양,2003-05,4종,2454
279,곤양,2003-05,5종,3772
279,곤양,2003-05,6종,9486
280,거창,2003-05,1종,204254
280,거창,2003-05,2종,14690
280,거창,2003-05,3종,13725
280,거창,2003-05,4종,6941
280,거창,2003-05,5종,7147
280,거창,2003-05,6종,11532
281,매송,2003-05,1종,485464
281,매송,2003-05,2종,48308
281,매송,2003-05,3종,11719
281,매송,2003-05,4종,12718
281,매송,2003-05,5종,25364
281,매송,2003-05,6종,20353
282,비봉,2003-05,1종,560759
282,비봉,2003-05,2종,58911
282,비봉,2003-05,3종,9540
282,비봉,2003-05,4종,11501
282,비봉,2003-05,5종,30036
282,비봉,2003-05,6종,21364
283,발안,2003-05,1종,460723
283,발안,2003-05,2종,50167
283,발안,2003-05,3종,6630
283,발안,2003-05,4종,13100
283,발안,2003-05,5종,23503
283,발안,2003-05,6종,14404
284,남양양,2003-05,1종,260157
284,남양양,2003-05,2종,10062
284,남양양,2003-05,3종,12599
284,남양양,2003-05,4종,2498
284,남양양,2003-05,5종,5207
284,남양양,2003-05,6종,7079
285,서평택,2003-05,1종,643742
285,서평택,2003-05,2종,56108
285,서평택,2003-05,3종,14255
285,서평택,2003-05,4종,25915
285,서평택,2003-05,5종,75162
285,서평택,2003-05,6종,21243
287,송악,2003-05,1종,338540
287,송악,2003-05,2종,25181
287,송악,2003-05,3종,13669
287,송악,2003-05,4종,6847
287,송악,2003-05,5종,40400
287,송악,2003-05,6종,9957
288,당진,2003-05,1종,272871
288,당진,2003-05,2종,20430
288,당진,2003-05,3종,9242
288,당진,2003-05,4종,5707
288,당진,2003-05,5종,28321
288,당진,2003-05,6종,9112
289,마산,2003-05,1종,955488
289,마산,2003-05,2종,65038
289,마산,2003-05,3종,42005
289,마산,2003-05,4종,17732
289,마산,2003-05,5종,23063
289,마산,2003-05,6종,58035
290,축동,2003-05,1종,30705
290,축동,2003-05,2종,2713
290,축동,2003-05,3종,207
290,축동,2003-05,4종,877
290,축동,2003-05,5종,1352
290,축동,2003-05,6종,2099
291,사천,2003-05,1종,707041
291,사천,2003-05,2종,48255
291,사천,2003-05,3종,39271
291,사천,2003-05,4종,8696
291,사천,2003-05,5종,21556
291,사천,2003-05,6종,39462
292,진주,2003-05,1종,594356
292,진주,2003-05,2종,42800
292,진주,2003-05,3종,32206
292,진주,2003-05,4종,8919
292,진주,2003-05,5종,22291
292,진주,2003-05,6종,39884
293,문산,2003-05,1종,198318
293,문산,2003-05,2종,18726
293,문산,2003-05,3종,3069
293,문산,2003-05,4종,4260
293,문산,2003-05,5종,7507
293,문산,2003-05,6종,12735
294,북창원,2003-05,1종,230958
294,북창원,2003-05,2종,13476
294,북창원,2003-05,3종,2744
294,북창원,2003-05,4종,4396
294,북창원,2003-05,5종,4169
294,북창원,2003-05,6종,12001
295,진성,2003-05,1종,137003
295,진성,2003-05,2종,12498
295,진성,2003-05,3종,10902
295,진성,2003-05,4종,3781
295,진성,2003-05,5종,11089
295,진성,2003-05,6종,7582
296,지수,2003-05,1종,50454
296,지수,2003-05,2종,5248
296,지수,2003-05,3종,1459
296,지수,2003-05,4종,602
296,지수,2003-05,5종,828
296,지수,2003-05,6종,3021
298,서산,2003-05,1종,343591
298,서산,2003-05,2종,18420
298,서산,2003-05,3종,9086
298,서산,2003-05,4종,2616
298,서산,2003-05,5종,9895
298,서산,2003-05,6종,10306
299,해미,2003-05,1종,186163
299,해미,2003-05,2종,13647
299,해미,2003-05,3종,7831
299,해미,2003-05,4종,2564
299,해미,2003-05,5종,8377
299,해미,2003-05,6종,5985
501,서김제,2003-05,1종,77968
501,서김제,2003-05,2종,8962
501,서김제,2003-05,3종,1311
501,서김제,2003-05,4종,1145
501,서김제,2003-05,5종,2210
501,서김제,2003-05,6종,1944
502,부안,2003-05,1종,116198
502,부안,2003-05,2종,9911
502,부안,2003-05,3종,4701
502,부안,2003-05,4종,1765
502,부안,2003-05,5종,5232
502,부안,2003-05,6종,3001
503,줄포,2003-05,1종,71677
503,줄포,2003-05,2종,4818
503,줄포,2003-05,3종,2757
503,줄포,2003-05,4종,445
503,줄포,2003-05,5종,677
503,줄포,2003-05,6종,1549
504,선운산,2003-05,1종,75814
504,선운산,2003-05,2종,12338
504,선운산,2003-05,3종,7320
504,선운산,2003-05,4종,1938
504,선운산,2003-05,5종,3686
504,선운산,2003-05,6종,1612
505,고창,2003-05,1종,91125
505,고창,2003-05,2종,6766
505,고창,2003-05,3종,1687
505,고창,2003-05,4종,655
505,고창,2003-05,5종,1290
505,고창,2003-05,6종,2249
506,영광,2003-05,1종,72493
506,영광,2003-05,2종,7018
506,영광,2003-05,3종,3577
506,영광,2003-05,4종,1013
506,영광,2003-05,5종,1460
506,영광,2003-05,6종,1924
507,함평,2003-05,1종,78856
507,함평,2003-05,2종,13447
507,함평,2003-05,3종,2058
507,함평,2003-05,4종,1516
507,함평,2003-05,5종,3127
507,함평,2003-05,6종,2131
508,무안,2003-05,1종,337480
508,무안,2003-05,2종,26184
508,무안,2003-05,3종,11104
508,무안,2003-05,4종,4936
508,무안,2003-05,5종,11732
508,무안,2003-05,6종,10127
509,목포,2003-05,1종,493806
509,목포,2003-05,2종,38062
509,목포,2003-05,3종,21294
509,목포,2003-05,4종,7028
509,목포,2003-05,5종,18847
509,목포,2003-05,6종,14426
521,단양,2003-05,1종,84548
521,단양,2003-05,2종,3289
521,단양,2003-05,3종,8020
521,단양,2003-05,4종,826
521,단양,2003-05,5종,7668
521,단양,2003-05,6종,3158
522,북단양,2003-05,1종,74362
522,북단양,2003-05,2종,4672
522,북단양,2003-05,3종,5180
522,북단양,2003-05,4종,1374
522,북단양,2003-05,5종,25139
522,북단양,2003-05,6종,2524
523,남제천,2003-05,1종,51478
523,남제천,2003-05,2종,2397
523,남제천,2003-05,3종,2505
523,남제천,2003-05,4종,336
523,남제천,2003-05,5종,1243
523,남제천,2003-05,6종,1628
530,내장산,2003-05,1종,27690
530,내장산,2003-05,2종,1906
530,내장산,2003-05,3종,328
530,내장산,2003-05,4종,241
530,내장산,2003-05,5종,373
530,내장산,2003-05,6종,830
540,청북,2003-05,1종,180675
540,청북,2003-05,2종,37545
540,청북,2003-05,3종,7278
540,청북,2003-05,4종,10422
540,청북,2003-05,5종,27099
540,청북,2003-05,6종,5521
541,송탄,2003-05,1종,260752
541,송탄,2003-05,2종,30211
541,송탄,2003-05,3종,5868
541,송탄,2003-05,4종,5379
541,송탄,2003-05,5종,11873
541,송탄,2003-05,6종,9351
542,서안성,2003-05,1종,101095
542,서안성,2003-05,2종,10965
542,서안성,2003-05,3종,2178
542,서안성,2003-05,4종,3181
542,서안성,2003-05,5종,5785
542,서안성,2003-05,6종,3341
560,감곡,2003-05,1종,85417
560,감곡,2003-05,2종,7198
560,감곡,2003-05,3종,4833
560,감곡,2003-05,4종,1343
560,감곡,2003-05,5종,9009
560,감곡,2003-05,6종,2700
561,북충주,2003-05,1종,40092
561,북충주,2003-05,2종,2698
561,북충주,2003-05,3종,682
561,북충주,2003-05,4종,386
561,북충주,2003-05,5종,1244
561,북충주,2003-05,6종,1205
562,충주,2003-05,1종,180026
562,충주,2003-05,2종,9521
562,충주,2003-05,3종,12454
562,충주,2003-05,4종,1125
562,충주,2003-05,5종,2430
562,충주,2003-05,6종,6071
601,남천안,2003-05,1종,155717
601,남천안,2003-05,2종,42165
601,남천안,2003-05,3종,14136
601,남천안,2003-05,4종,16625
601,남천안,2003-05,5종,22758
601,남천안,2003-05,6종,4302
602,풍세상,2003-05,1종,508643
602,풍세상,2003-05,2종,42837
602,풍세상,2003-05,3종,72871
602,풍세상,2003-05,4종,11454
602,풍세상,2003-05,5종,24417
602,풍세상,2003-05,6종,13565
603,정안,2003-05,1종,91971
603,정안,2003-05,2종,15038
603,정안,2003-05,3종,7057
603,정안,2003-05,4종,3692
603,정안,2003-05,5종,6535
603,정안,2003-05,6종,2549
604,남공주,2003-05,1종,28865
604,남공주,2003-05,2종,2001
604,남공주,2003-05,3종,638
604,남공주,2003-05,4종,561
604,남공주,2003-05,5종,601
604,남공주,2003-05,6종,883
605,탄천,2003-05,1종,20343
605,탄천,2003-05,2종,1730
605,탄천,2003-05,3종,560
605,탄천,2003-05,4종,195
605,탄천,2003-05,5종,310
605,탄천,2003-05,6종,598
606,서논산,2003-05,1종,55836
606,서논산,2003-05,2종,7716
606,서논산,2003-05,3종,3567
606,서논산,2003-05,4종,2468
606,서논산,2003-05,5종,3891
606,서논산,2003-05,6종,1860
607,연무,2003-05,1종,40218
607,연무,2003-05,2종,3020
607,연무,2003-05,3종,1312
607,연무,2003-05,4종,604
607,연무,2003-05,5종,824
607,연무,2003-05,6종,1233
608,남논산하,2003-05,1종,361057
608,남논산하,2003-05,2종,29817
608,남논산하,2003-05,3종,63884
608,남논산하,2003-05,4종,8813
608,남논산하,2003-05,5종,15509
608,남논산하,2003-05,6종,8862
11,인천,2003-06,1종,3134976
11,인천,2003-06,2종,161069
11,인천,2003-06,3종,47528
11,인천,2003-06,4종,54432
11,인천,2003-06,5종,108759
11,인천,2003-06,6종,183655
22,,2003-06,1종,468480
22,,2003-06,2종,24128
22,,2003-06,3종,20966
22,,2003-06,4종,9935
22,,2003-06,5종,29331
22,,2003-06,6종,22729
53,남인천,2003-06,1종,1553427
53,남인천,2003-06,2종,81832
53,남인천,2003-06,3종,21689
53,남인천,2003-06,4종,19489
53,남인천,2003-06,5종,108291
53,남인천,2003-06,6종,85016
56,일로,2003-06,1종,15880
56,일로,2003-06,2종,992
56,일로,2003-06,3종,53
56,일로,2003-06,4종,470
56,일로,2003-06,5종,346
56,일로,2003-06,6종,938
61,성남,2003-06,1종,2695005
61,성남,2003-06,2종,203746
61,성남,2003-06,3종,69179
61,성남,2003-06,4종,32464
61,성남,2003-06,5종,48588
61,성남,2003-06,6종,116741
62,구리남양주,2003-06,1종,3668101
62,구리남양주,2003-06,2종,268935
62,구리남양주,2003-06,3종,64382
62,구리남양주,2003-06,4종,58877
62,구리남양주,2003-06,5종,68793
62,구리남양주,2003-06,6종,163804
63,토평,2003-06,1종,636967
63,토평,2003-06,2종,23200
63,토평,2003-06,3종,8255
63,토평,2003-06,4종,11118
63,토평,2003-06,5종,9996
63,토평,2003-06,6종,29806
64,청계,2003-06,1종,3913415
64,청계,2003-06,2종,228866
64,청계,2003-06,3종,73156
64,청계,2003-06,4종,31570
64,청계,2003-06,5종,74158
64,청계,2003-06,6종,181126
65,판교,2003-06,1종,2095800
65,판교,2003-06,2종,63487
65,판교,2003-06,3종,86345
65,판교,2003-06,4종,19114
65,판교,2003-06,5종,12717
65,판교,2003-06,6종,79781
66,하남,2003-06,1종,422774
66,하남,2003-06,2종,31116
66,하남,2003-06,3종,14008
66,하남,2003-06,4종,10903
66,하남,2003-06,5종,7528
66,하남,2003-06,6종,16720
67,시흥,2003-06,1종,3286915
67,시흥,2003-06,2종,226279
67,시흥,2003-06,3종,60722
67,시흥,2003-06,4종,38699
67,시흥,2003-06,5종,43592
67,시흥,2003-06,6종,146582
68,김포,2003-06,1종,3331850
68,김포,2003-06,2종,235843
68,김포,2003-06,3종,39218
68,김포,2003-06,4종,34491
68,김포,2003-06,5종,72586
68,김포,2003-06,6종,151185
91,대동(개),2003-06,1종,138057
91,대동(개),2003-06,2종,14251
91,대동(개),2003-06,3종,1003
91,대동(개),2003-06,4종,35475
91,대동(개),2003-06,5종,12673
91,대동(개),2003-06,6종,7415
101,서울,2003-06,1종,4981469
101,서울,2003-06,2종,311978
101,서울,2003-06,3종,369621
101,서울,2003-06,4종,56822
101,서울,2003-06,5종,47972
101,서울,2003-06,6종,178783
102,동수원,2003-06,1종,1741343
102,동수원,2003-06,2종,78859
102,동수원,2003-06,3종,55086
102,동수원,2003-06,4종,21421
102,동수원,2003-06,5종,31501
102,동수원,2003-06,6종,81389
103,수원신갈,2003-06,1종,2118820
103,수원신갈,2003-06,2종,141677
103,수원신갈,2003-06,3종,81051
103,수원신갈,2003-06,4종,29581
103,수원신갈,2003-06,5종,31326
103,수원신갈,2003-06,6종,91324
104,지곡,2003-06,1종,34091
104,지곡,2003-06,2종,3453
104,지곡,2003-06,3종,1246
104,지곡,2003-06,4종,1080
104,지곡,2003-06,5종,2320
104,지곡,2003-06,6종,1197
105,기흥,2003-06,1종,794655
105,기흥,2003-06,2종,82045
105,기흥,2003-06,3종,21296
105,기흥,2003-06,4종,15511
105,기흥,2003-06,5종,22719
105,기흥,2003-06,6종,27360
106,오산,2003-06,1종,1066317
106,오산,2003-06,2종,127144
106,오산,2003-06,3종,52739
106,오산,2003-06,4종,27511
106,오산,2003-06,5종,31120
106,오산,2003-06,6종,44472
107,안성,2003-06,1종,930681
107,안성,2003-06,2종,96543
107,안성,2003-06,3종,46529
107,안성,2003-06,4종,22899
107,안성,2003-06,5종,27136
107,안성,2003-06,6종,36409
108,천안,2003-06,1종,1178467
108,천안,2003-06,2종,91327
108,천안,2003-06,3종,67745
108,천안,2003-06,4종,25109
108,천안,2003-06,5종,29518
108,천안,2003-06,6종,43631
109,계룡,2003-06,1종,125367
109,계룡,2003-06,2종,13644
109,계룡,2003-06,3종,8865
109,계룡,2003-06,4종,6244
109,계룡,2003-06,5종,2276
109,계룡,2003-06,6종,5887
110,독립기념관,2003-06,1종,288795
110,독립기념관,2003-06,2종,41186
110,독립기념관,2003-06,3종,14898
110,독립기념관,2003-06,4종,11878
110,독립기념관,2003-06,5종,14306
110,독립기념관,2003-06,6종,9489
111,청주,2003-06,1종,490129
111,청주,2003-06,2종,45072
111,청주,2003-06,3종,38973
111,청주,2003-06,4종,12426
111,청주,2003-06,5종,18354
111,청주,2003-06,6종,17972
112,남청주,2003-06,1종,423161
112,남청주,2003-06,2종,71513
112,남청주,2003-06,3종,23399
112,남청주,2003-06,4종,30031
112,남청주,2003-06,5종,37000
112,남청주,2003-06,6종,15559
113,신탄진,2003-06,1종,443656
113,신탄진,2003-06,2종,67460
113,신탄진,2003-06,3종,17600
113,신탄진,2003-06,4종,34597
113,신탄진,2003-06,5종,38695
113,신탄진,2003-06,6종,17471
114,남대전,2003-06,1종,252668
114,남대전,2003-06,2종,14002
114,남대전,2003-06,3종,2660
114,남대전,2003-06,4종,3500
114,남대전,2003-06,5종,4131
114,남대전,2003-06,6종,10406
115,대전,2003-06,1종,1230358
115,대전,2003-06,2종,69516
115,대전,2003-06,3종,75724
115,대전,2003-06,4종,13895
115,대전,2003-06,5종,19052
115,대전,2003-06,6종,51990
116,옥천,2003-06,1종,431466
116,옥천,2003-06,2종,41639
116,옥천,2003-06,3종,9030
116,옥천,2003-06,4종,11774
116,옥천,2003-06,5종,13623
116,옥천,2003-06,6종,18829
117,금강,2003-06,1종,27456
117,금강,2003-06,2종,1219
117,금강,2003-06,3종,173
117,금강,2003-06,4종,1091
117,금강,2003-06,5종,106
117,금강,2003-06,6종,1257
118,영동,2003-06,1종,118561
118,영동,2003-06,2종,16316
118,영동,2003-06,3종,5133
118,영동,2003-06,4종,7503
118,영동,2003-06,5종,11702
118,영동,2003-06,6종,3971
119,판암,2003-06,1종,340503
119,판암,2003-06,2종,17744
119,판암,2003-06,3종,3370
119,판암,2003-06,4종,8384
119,판암,2003-06,5종,8043
119,판암,2003-06,6종,16787
120,황간,2003-06,1종,79082
120,황간,2003-06,2종,8020
120,황간,2003-06,3종,2510
120,황간,2003-06,4종,5123
120,황간,2003-06,5종,5625
120,황간,2003-06,6종,3063
121,추풍령,2003-06,1종,45173
121,추풍령,2003-06,2종,5821
121,추풍령,2003-06,3종,1792
121,추풍령,2003-06,4종,3717
121,추풍령,2003-06,5종,3417
121,추풍령,2003-06,6종,2753
122,김천,2003-06,1종,262639
122,김천,2003-06,2종,39681
122,김천,2003-06,3종,16286
122,김천,2003-06,4종,13217
122,김천,2003-06,5종,15159
122,김천,2003-06,6종,10050
123,구미,2003-06,1종,575809
123,구미,2003-06,2종,33361
123,구미,2003-06,3종,20476
123,구미,2003-06,4종,12698
123,구미,2003-06,5종,13122
123,구미,2003-06,6종,28144
124,상주,2003-06,1종,193375
124,상주,2003-06,2종,14306
124,상주,2003-06,3종,6742
124,상주,2003-06,4종,4037
124,상주,2003-06,5종,7377
124,상주,2003-06,6종,9019
125,남구미,2003-06,1종,344322
125,남구미,2003-06,2종,39126
125,남구미,2003-06,3종,23181
125,남구미,2003-06,4종,14933
125,남구미,2003-06,5종,48129
125,남구미,2003-06,6종,16491
126,왜관,2003-06,1종,438322
126,왜관,2003-06,2종,49538
126,왜관,2003-06,3종,20297
126,왜관,2003-06,4종,15330
126,왜관,2003-06,5종,31382
126,왜관,2003-06,6종,22496
127,서대구,2003-06,1종,1891906
127,서대구,2003-06,2종,222726
127,서대구,2003-06,3종,81601
127,서대구,2003-06,4종,59351
127,서대구,2003-06,5종,108317
127,서대구,2003-06,6종,92352
129,북대구,2003-06,1종,1182867
129,북대구,2003-06,2종,85009
129,북대구,2003-06,3종,27622
129,북대구,2003-06,4종,19274
129,북대구,2003-06,5종,29725
129,북대구,2003-06,6종,54215
130,동김천,2003-06,1종,1050296
130,동김천,2003-06,2종,71317
130,동김천,2003-06,3종,42043
130,동김천,2003-06,4종,27177
130,동김천,2003-06,5종,36858
130,동김천,2003-06,6종,54192
131,경산,2003-06,1종,717971
131,경산,2003-06,2종,96912
131,경산,2003-06,3종,18714
131,경산,2003-06,4종,19383
131,경산,2003-06,5종,28147
131,경산,2003-06,6종,41729
132,영천,2003-06,1종,457137
132,영천,2003-06,2종,53111
132,영천,2003-06,3종,29857
132,영천,2003-06,4종,14624
132,영천,2003-06,5종,61731
132,영천,2003-06,6종,19013
133,서경주,2003-06,1종,81117
133,서경주,2003-06,2종,7180
133,서경주,2003-06,3종,2103
133,서경주,2003-06,4종,1925
133,서경주,2003-06,5종,4727
133,서경주,2003-06,6종,3115
134,선산,2003-06,1종,70768
134,선산,2003-06,2종,6179
134,선산,2003-06,3종,901
134,선산,2003-06,4종,1272
134,선산,2003-06,5종,1124
134,선산,2003-06,6종,3380
135,경주,2003-06,1종,893275
135,경주,2003-06,2종,78774
135,경주,2003-06,3종,66554
135,경주,2003-06,4종,28756
135,경주,2003-06,5종,89363
135,경주,2003-06,6종,35649
136,음성,2003-06,1종,154271
136,음성,2003-06,2종,8626
136,음성,2003-06,3종,5129
136,음성,2003-06,4종,3260
136,음성,2003-06,5종,6747
136,음성,2003-06,6종,9574
137,통도사,2003-06,1종,367523
137,통도사,2003-06,2종,36521
137,통도사,2003-06,3종,16981
137,통도사,2003-06,4종,15290
137,통도사,2003-06,5종,20114
137,통도사,2003-06,6종,18072
138,양산,2003-06,1종,712732
138,양산,2003-06,2종,93900
138,양산,2003-06,3종,27774
138,양산,2003-06,4종,45814
138,양산,2003-06,5종,48350
138,양산,2003-06,6종,44458
139,서울산,2003-06,1종,383850
139,서울산,2003-06,2종,28561
139,서울산,2003-06,3종,18282
139,서울산,2003-06,4종,10381
139,서울산,2003-06,5종,14725
139,서울산,2003-06,6종,21023
140,부산,2003-06,1종,1477040
140,부산,2003-06,2종,97851
140,부산,2003-06,3종,75032
140,부산,2003-06,4종,44373
140,부산,2003-06,5종,119984
140,부산,2003-06,6종,78339
141,,2003-06,1종,1073255
141,,2003-06,2종,97924
141,,2003-06,3종,50401
141,,2003-06,4종,51257
141,,2003-06,5종,127873
141,,2003-06,6종,55539
142,군북,2003-06,1종,257270
142,군북,2003-06,2종,20432
142,군북,2003-06,3종,8585
142,군북,2003-06,4종,11667
142,군북,2003-06,5종,16304
142,군북,2003-06,6종,14334
143,장지,2003-06,1종,81227
143,장지,2003-06,2종,8818
143,장지,2003-06,3종,1730
143,장지,2003-06,4종,2555
143,장지,2003-06,5종,10055
143,장지,2003-06,6종,4686
144,함안,2003-06,1종,361595
144,함안,2003-06,2종,28655
144,함안,2003-06,3종,8684
144,함안,2003-06,4종,8917
144,함안,2003-06,5종,20836
144,함안,2003-06,6종,25204
145,산인,2003-06,1종,658767
145,산인,2003-06,2종,42281
145,산인,2003-06,3종,38488
145,산인,2003-06,4종,19451
145,산인,2003-06,5종,23741
145,산인,2003-06,6종,41780
146,동창원,2003-06,1종,577517
146,동창원,2003-06,2종,51596
146,동창원,2003-06,3종,10074
146,동창원,2003-06,4종,11627
146,동창원,2003-06,5종,40252
146,동창원,2003-06,6종,36056
147,진례,2003-06,1종,491217
147,진례,2003-06,2종,76086
147,진례,2003-06,3종,8365
147,진례,2003-06,4종,16684
147,진례,2003-06,5종,21696
147,진례,2003-06,6종,27648
148,서김해,2003-06,1종,648720
148,서김해,2003-06,2종,49185
148,서김해,2003-06,3종,10319
148,서김해,2003-06,4종,12438
148,서김해,2003-06,5종,19539
148,서김해,2003-06,6종,44635
149,동김해,2003-06,1종,1100117
149,동김해,2003-06,2종,67737
149,동김해,2003-06,3종,16724
149,동김해,2003-06,4종,18160
149,동김해,2003-06,5종,26576
149,동김해,2003-06,6종,86643
150,북부산,2003-06,1종,2448148
150,북부산,2003-06,2종,171609
150,북부산,2003-06,3종,66647
150,북부산,2003-06,4종,52096
150,북부산,2003-06,5종,120564
150,북부산,2003-06,6종,157584
151,북대전,2003-06,1종,505139
151,북대전,2003-06,2종,21916
151,북대전,2003-06,3종,15019
151,북대전,2003-06,4종,9890
151,북대전,2003-06,5종,10904
151,북대전,2003-06,6종,21569
152,유성,2003-06,1종,838623
152,유성,2003-06,2종,51208
152,유성,2003-06,3종,26646
152,유성,2003-06,4종,14995
152,유성,2003-06,5종,17703
152,유성,2003-06,6종,32521
153,서대전,2003-06,1종,549569
153,서대전,2003-06,2종,35165
153,서대전,2003-06,3종,9716
153,서대전,2003-06,4종,8757
153,서대전,2003-06,5종,12100
153,서대전,2003-06,6종,25435
154,안영,2003-06,1종,345236
154,안영,2003-06,2종,18137
154,안영,2003-06,3종,5548
154,안영,2003-06,4종,7724
154,안영,2003-06,5종,10003
154,안영,2003-06,6종,14584
155,논산,2003-06,1종,226125
155,논산,2003-06,2종,42444
155,논산,2003-06,3종,11066
155,논산,2003-06,4종,16845
155,논산,2003-06,5종,17670
155,논산,2003-06,6종,7483
156,익산,2003-06,1종,270115
156,익산,2003-06,2종,41187
156,익산,2003-06,3종,17365
156,익산,2003-06,4종,17632
156,익산,2003-06,5종,33407
156,익산,2003-06,6종,7758
157,삼례,2003-06,1종,77832
157,삼례,2003-06,2종,9614
157,삼례,2003-06,3종,2750
157,삼례,2003-06,4종,3881
157,삼례,2003-06,5종,4787
157,삼례,2003-06,6종,2539
158,전주,2003-06,1종,512803
158,전주,2003-06,2종,42761
158,전주,2003-06,3종,38576
158,전주,2003-06,4종,12279
158,전주,2003-06,5종,26711
158,전주,2003-06,6종,15336
159,서전주,2003-06,1종,150377
159,서전주,2003-06,2종,10621
159,서전주,2003-06,3종,2493
159,서전주,2003-06,4종,3107
159,서전주,2003-06,5종,2872
159,서전주,2003-06,6종,4241
160,김제,2003-06,1종,108064
160,김제,2003-06,2종,9841
160,김제,2003-06,3종,7530
160,김제,2003-06,4종,2909
160,김제,2003-06,5종,2699
160,김제,2003-06,6종,3399
161,금산사,2003-06,1종,48962
161,금산사,2003-06,2종,7535
161,금산사,2003-06,3종,1025
161,금산사,2003-06,4종,1200
161,금산사,2003-06,5종,3458
161,금산사,2003-06,6종,1288
162,태인,2003-06,1종,89526
162,태인,2003-06,2종,12389
162,태인,2003-06,3종,4210
162,태인,2003-06,4종,3149
162,태인,2003-06,5종,4792
162,태인,2003-06,6종,2422
163,정읍,2003-06,1종,343467
163,정읍,2003-06,2종,41455
163,정읍,2003-06,3종,24097
163,정읍,2003-06,4종,8330
163,정읍,2003-06,5종,10067
163,정읍,2003-06,6종,10464
164,무주,2003-06,1종,127626
164,무주,2003-06,2종,5637
164,무주,2003-06,3종,3981
164,무주,2003-06,4종,1107
164,무주,2003-06,5종,3471
164,무주,2003-06,6종,3750
165,백양사,2003-06,1종,109877
165,백양사,2003-06,2종,7871
165,백양사,2003-06,3종,4712
165,백양사,2003-06,4종,1796
165,백양사,2003-06,5종,2359
165,백양사,2003-06,6종,2974
166,장성,2003-06,1종,165797
166,장성,2003-06,2종,13788
166,장성,2003-06,3종,10751
166,장성,2003-06,4종,3024
166,장성,2003-06,5종,7938
166,장성,2003-06,6종,7184
167,광주,2003-06,1종,888317
167,광주,2003-06,2종,82379
167,광주,2003-06,3종,68865
167,광주,2003-06,4종,26827
167,광주,2003-06,5종,24930
167,광주,2003-06,6종,26026
168,덕유산,2003-06,1종,34061
168,덕유산,2003-06,2종,2246
168,덕유산,2003-06,3종,594
168,덕유산,2003-06,4종,475
168,덕유산,2003-06,5종,2093
168,덕유산,2003-06,6종,828
169,장수,2003-06,1종,95553
169,장수,2003-06,2종,16818
169,장수,2003-06,3종,6532
169,장수,2003-06,4종,6342
169,장수,2003-06,5종,13998
169,장수,2003-06,6종,2220
170,서상,2003-06,1종,38282
170,서상,2003-06,2종,3903
170,서상,2003-06,3종,2572
170,서상,2003-06,4종,1111
170,서상,2003-06,5종,2293
170,서상,2003-06,6종,1105
171,마성,2003-06,1종,367149
171,마성,2003-06,2종,8225
171,마성,2003-06,3종,16831
171,마성,2003-06,4종,921
171,마성,2003-06,5종,617
171,마성,2003-06,6종,16074
172,용인,2003-06,1종,758908
172,용인,2003-06,2종,89631
172,용인,2003-06,3종,18953
172,용인,2003-06,4종,13425
172,용인,2003-06,5종,14915
172,용인,2003-06,6종,36708
173,양지,2003-06,1종,547997
173,양지,2003-06,2종,92156
173,양지,2003-06,3종,19732
173,양지,2003-06,4종,20436
173,양지,2003-06,5종,26396
173,양지,2003-06,6종,19710
174,춘천,2003-06,1종,407254
174,춘천,2003-06,2종,23633
174,춘천,2003-06,3종,14125
174,춘천,2003-06,4종,5267
174,춘천,2003-06,5종,6430
174,춘천,2003-06,6종,20972
175,덕평,2003-06,1종,152800
175,덕평,2003-06,2종,18357
175,덕평,2003-06,3종,7612
175,덕평,2003-06,4종,5072
175,덕평,2003-06,5종,5582
175,덕평,2003-06,6종,6178
176,이천,2003-06,1종,501499
176,이천,2003-06,2종,53624
176,이천,2003-06,3종,26498
176,이천,2003-06,4종,20864
176,이천,2003-06,5종,25741
176,이천,2003-06,6종,18883
177,여주,2003-06,1종,331400
177,여주,2003-06,2종,28969
177,여주,2003-06,3종,14896
177,여주,2003-06,4종,11627
177,여주,2003-06,5종,13137
177,여주,2003-06,6종,10558
178,문막,2003-06,1종,252507
178,문막,2003-06,2종,26950
178,문막,2003-06,3종,10611
178,문막,2003-06,4종,7542
178,문막,2003-06,5종,15524
178,문막,2003-06,6종,8450
179,홍천,2003-06,1종,272580
179,홍천,2003-06,2종,16570
179,홍천,2003-06,3종,8365
179,홍천,2003-06,4종,5096
179,홍천,2003-06,5종,5132
179,홍천,2003-06,6종,13498
180,원주,2003-06,1종,237213
180,원주,2003-06,2종,23722
180,원주,2003-06,3종,24413
180,원주,2003-06,4종,5860
180,원주,2003-06,5종,9512
180,원주,2003-06,6종,9940
181,새말,2003-06,1종,163137
181,새말,2003-06,2종,16946
181,새말,2003-06,3종,18614
181,새말,2003-06,4종,2855
181,새말,2003-06,5종,5408
181,새말,2003-06,6종,5189
182,둔내,2003-06,1종,81400
182,둔내,2003-06,2종,8146
182,둔내,2003-06,3종,3335
182,둔내,2003-06,4종,952
182,둔내,2003-06,5종,457
182,둔내,2003-06,6종,2611
183,면온,2003-06,1종,60767
183,면온,2003-06,2종,2676
183,면온,2003-06,3종,7332
183,면온,2003-06,4종,2448
183,면온,2003-06,5종,2288
183,면온,2003-06,6종,1800
184,대관령,2003-06,1종,114343
184,대관령,2003-06,2종,7179
184,대관령,2003-06,3종,11074
184,대관령,2003-06,4종,1835
184,대관령,2003-06,5종,2210
184,대관령,2003-06,6종,4172
185,평창,2003-06,1종,108763
185,평창,2003-06,2종,7211
185,평창,2003-06,3종,11787
185,평창,2003-06,4종,1370
185,평창,2003-06,5종,2903
185,평창,2003-06,6종,4138
186,속사,2003-06,1종,37783
186,속사,2003-06,2종,2714
186,속사,2003-06,3종,1280
186,속사,2003-06,4종,744
186,속사,2003-06,5종,1072
186,속사,2003-06,6종,1203
187,진부,2003-06,1종,123720
187,진부,2003-06,2종,7629
187,진부,2003-06,3종,13173
187,진부,2003-06,4종,2127
187,진부,2003-06,5종,3042
187,진부,2003-06,6종,4233
189,강릉,2003-06,1종,541910
189,강릉,2003-06,2종,31349
189,강릉,2003-06,3종,33623
189,강릉,2003-06,4종,9437
189,강릉,2003-06,5종,19082
189,강릉,2003-06,6종,19932
190,동서울,2003-06,1종,2838319
190,동서울,2003-06,2종,246676
190,동서울,2003-06,3종,142157
190,동서울,2003-06,4종,45302
190,동서울,2003-06,5종,59202
190,동서울,2003-06,6종,92794
191,경기광주,2003-06,1종,649468
191,경기광주,2003-06,2종,48121
191,경기광주,2003-06,3종,21880
191,경기광주,2003-06,4종,7431
191,경기광주,2003-06,5종,10329
191,경기광주,2003-06,6종,28547
192,곤지암,2003-06,1종,638392
192,곤지암,2003-06,2종,81358
192,곤지암,2003-06,3종,13165
192,곤지암,2003-06,4종,13947
192,곤지암,2003-06,5종,19026
192,곤지암,2003-06,6종,21472
193,일죽,2003-06,1종,427740
193,일죽,2003-06,2종,67008
193,일죽,2003-06,3종,24614
193,일죽,2003-06,4종,16172
193,일죽,2003-06,5종,16754
193,일죽,2003-06,6종,13628
194,서이천,2003-06,1종,284829
194,서이천,2003-06,2종,25026
194,서이천,2003-06,3종,12064
194,서이천,2003-06,4종,6537
194,서이천,2003-06,5종,5956
194,서이천,2003-06,6종,11550
195,대소,2003-06,1종,309518
195,대소,2003-06,2종,50987
195,대소,2003-06,3종,12226
195,대소,2003-06,4종,12028
195,대소,2003-06,5종,11964
195,대소,2003-06,6종,10056
196,진천,2003-06,1종,250789
196,진천,2003-06,2종,34472
196,진천,2003-06,3종,9360
196,진천,2003-06,4종,8850
196,진천,2003-06,5종,11158
196,진천,2003-06,6종,9492
197,증평,2003-06,1종,302051
197,증평,2003-06,2종,40504
197,증평,2003-06,3종,11761
197,증평,2003-06,4종,8209
197,증평,2003-06,5종,16318
197,증평,2003-06,6종,10148
198,서청주,2003-06,1종,489033
198,서청주,2003-06,2종,50399
198,서청주,2003-06,3종,22179
198,서청주,2003-06,4종,17062
198,서청주,2003-06,5종,17046
198,서청주,2003-06,6종,18987
199,오창,2003-06,1종,233192
199,오창,2003-06,2종,21607
199,오창,2003-06,3종,10415
199,오창,2003-06,4종,5370
199,오창,2003-06,5종,6748
199,오창,2003-06,6종,8266
200,금산,2003-06,1종,201493
200,금산,2003-06,2종,8640
200,금산,2003-06,3종,2918
200,금산,2003-06,4종,2339
200,금산,2003-06,5종,3554
200,금산,2003-06,6종,7038
201,칠곡,2003-06,1종,517126
201,칠곡,2003-06,2종,30985
201,칠곡,2003-06,3종,12950
201,칠곡,2003-06,4종,7992
201,칠곡,2003-06,5종,10532
201,칠곡,2003-06,6종,32748
202,다부,2003-06,1종,111474
202,다부,2003-06,2종,9941
202,다부,2003-06,3종,2152
202,다부,2003-06,4종,2516
202,다부,2003-06,5종,4693
202,다부,2003-06,6종,4588
203,가산,2003-06,1종,395190
203,가산,2003-06,2종,29195
203,가산,2003-06,3종,8747
203,가산,2003-06,4종,5922
203,가산,2003-06,5종,13783
203,가산,2003-06,6종,16137
204,추부,2003-06,1종,233687
204,추부,2003-06,2종,19513
204,추부,2003-06,3종,3340
204,추부,2003-06,4종,5141
204,추부,2003-06,5종,5573
204,추부,2003-06,6종,10922
205,군위,2003-06,1종,104992
205,군위,2003-06,2종,11304
205,군위,2003-06,3종,1126
205,군위,2003-06,4종,1548
205,군위,2003-06,5종,2806
205,군위,2003-06,6종,4257
206,의성,2003-06,1종,159579
206,의성,2003-06,2종,11915
206,의성,2003-06,3종,2386
206,의성,2003-06,4종,2024
206,의성,2003-06,5종,3890
206,의성,2003-06,6종,6023
207,남안동,2003-06,1종,217770
207,남안동,2003-06,2종,13980
207,남안동,2003-06,3종,10763
207,남안동,2003-06,4종,2310
207,남안동,2003-06,5종,7400
207,남안동,2003-06,6종,9260
208,서안동,2003-06,1종,186719
208,서안동,2003-06,2종,14493
208,서안동,2003-06,3종,7257
208,서안동,2003-06,4종,2205
208,서안동,2003-06,5종,9388
208,서안동,2003-06,6종,7178
209,예천,2003-06,1종,42971
209,예천,2003-06,2종,2358
209,예천,2003-06,3종,1283
209,예천,2003-06,4종,668
209,예천,2003-06,5종,5680
209,예천,2003-06,6종,1709
210,영주,2003-06,1종,133631
210,영주,2003-06,2종,9447
210,영주,2003-06,3종,4977
210,영주,2003-06,4종,2339
210,영주,2003-06,5종,6728
210,영주,2003-06,6종,5660
211,풍기,2003-06,1종,144863
211,풍기,2003-06,2종,10060
211,풍기,2003-06,3종,9161
211,풍기,2003-06,4종,761
211,풍기,2003-06,5종,5894
211,풍기,2003-06,6종,6066
212,북수원,2003-06,1종,1204934
212,북수원,2003-06,2종,85184
212,북수원,2003-06,3종,37259
212,북수원,2003-06,4종,28207
212,북수원,2003-06,5종,24323
212,북수원,2003-06,6종,55445
213,부곡,2003-06,1종,227025
213,부곡,2003-06,2종,14190
213,부곡,2003-06,3종,3621
213,부곡,2003-06,4종,6043
213,부곡,2003-06,5종,56726
213,부곡,2003-06,6종,11424
214,동군포,2003-06,1종,107601
214,동군포,2003-06,2종,20014
214,동군포,2003-06,3종,5526
214,동군포,2003-06,4종,12559
214,동군포,2003-06,5종,5894
214,동군포,2003-06,6종,5213
215,군포,2003-06,1종,630817
215,군포,2003-06,2종,75994
215,군포,2003-06,3종,14793
215,군포,2003-06,4종,16935
215,군포,2003-06,5종,26934
215,군포,2003-06,6종,27705
216,횡성,2003-06,1종,109142
216,횡성,2003-06,2종,8115
216,횡성,2003-06,3종,3010
216,횡성,2003-06,4종,1990
216,횡성,2003-06,5종,3265
216,횡성,2003-06,6종,4974
217,북원주,2003-06,1종,55337
217,북원주,2003-06,2종,4387
217,북원주,2003-06,3종,659
217,북원주,2003-06,4종,1243
217,북원주,2003-06,5종,1209
217,북원주,2003-06,6종,2634
218,남원주,2003-06,1종,458172
218,남원주,2003-06,2종,29633
218,남원주,2003-06,3종,18053
218,남원주,2003-06,4종,5093
218,남원주,2003-06,5종,9492
218,남원주,2003-06,6종,20466
219,신림,2003-06,1종,113379
219,신림,2003-06,2종,9049
219,신림,2003-06,3종,4351
219,신림,2003-06,4종,1233
219,신림,2003-06,5종,14980
219,신림,2003-06,6종,4036
221,생초,2003-06,1종,53655
221,생초,2003-06,2종,8562
221,생초,2003-06,3종,2380
221,생초,2003-06,4종,5082
221,생초,2003-06,5종,8551
221,생초,2003-06,6종,1875
222,산청,2003-06,1종,51489
222,산청,2003-06,2종,3116
222,산청,2003-06,3종,1563
222,산청,2003-06,4종,702
222,산청,2003-06,5종,1624
222,산청,2003-06,6종,2078
223,단성,2003-06,1종,87987
223,단성,2003-06,2종,5629
223,단성,2003-06,3종,4387
223,단성,2003-06,4종,1233
223,단성,2003-06,5종,3431
223,단성,2003-06,6종,2927
224,함양,2003-06,1종,109369
224,함양,2003-06,2종,8725
224,함양,2003-06,3종,4878
224,함양,2003-06,4종,1764
224,함양,2003-06,5종,4336
224,함양,2003-06,6종,4792
225,서진주,2003-06,1종,297483
225,서진주,2003-06,2종,11064
225,서진주,2003-06,3종,3692
225,서진주,2003-06,4종,1522
225,서진주,2003-06,5종,5560
225,서진주,2003-06,6종,18939
227,군산,2003-06,1종,123726
227,군산,2003-06,2종,8541
227,군산,2003-06,3종,4696
227,군산,2003-06,4종,1955
227,군산,2003-06,5종,5703
227,군산,2003-06,6종,3999
228,동군산,2003-06,1종,333875
228,동군산,2003-06,2종,31112
228,동군산,2003-06,3종,7680
228,동군산,2003-06,4종,7327
228,동군산,2003-06,5종,22832
228,동군산,2003-06,6종,9280
231,화원옥포,2003-06,1종,1409403
231,화원옥포,2003-06,2종,174746
231,화원옥포,2003-06,3종,65937
231,화원옥포,2003-06,4종,39674
231,화원옥포,2003-06,5종,97911
231,화원옥포,2003-06,6종,63500
232,달성,2003-06,1종,215131
232,달성,2003-06,2종,28845
232,달성,2003-06,3종,10701
232,달성,2003-06,4종,5637
232,달성,2003-06,5종,5293
232,달성,2003-06,6종,15750
233,현풍,2003-06,1종,246032
233,현풍,2003-06,2종,37489
233,현풍,2003-06,3종,6643
233,현풍,2003-06,4종,9526
233,현풍,2003-06,5종,20299
233,현풍,2003-06,6종,11252
234,서천,2003-06,1종,113984
234,서천,2003-06,2종,10421
234,서천,2003-06,3종,1314
234,서천,2003-06,4종,3350
234,서천,2003-06,5종,7686
234,서천,2003-06,6종,3755
235,창녕,2003-06,1종,172690
235,창녕,2003-06,2종,14750
235,창녕,2003-06,3종,7288
235,창녕,2003-06,4종,2458
235,창녕,2003-06,5종,4512
235,창녕,2003-06,6종,8381
236,영산,2003-06,1종,154955
236,영산,2003-06,2종,13228
236,영산,2003-06,3종,7241
236,영산,2003-06,4종,2402
236,영산,2003-06,5종,2290
236,영산,2003-06,6종,7877
237,남지,2003-06,1종,136649
237,남지,2003-06,2종,12552
237,남지,2003-06,3종,8050
237,남지,2003-06,4종,6600
237,남지,2003-06,5종,7068
237,남지,2003-06,6종,9394
238,칠서,2003-06,1종,186307
238,칠서,2003-06,2종,26879
238,칠서,2003-06,3종,4098
238,칠서,2003-06,4종,17574
238,칠서,2003-06,5종,13976
238,칠서,2003-06,6종,11935
239,칠원,2003-06,1종,402170
239,칠원,2003-06,2종,35781
239,칠원,2003-06,3종,20898
239,칠원,2003-06,4종,21132
239,칠원,2003-06,5종,22771
239,칠원,2003-06,6종,24250
240,제천,2003-06,1종,317162
240,제천,2003-06,2종,23820
240,제천,2003-06,3종,14743
240,제천,2003-06,4종,4008
240,제천,2003-06,5종,39205
240,제천,2003-06,6종,11714
241,동고령,2003-06,1종,161693
241,동고령,2003-06,2종,15245
241,동고령,2003-06,3종,8118
241,동고령,2003-06,4종,3970
241,동고령,2003-06,5종,7367
241,동고령,2003-06,6종,7991
242,고령,2003-06,1종,163848
242,고령,2003-06,2종,14763
242,고령,2003-06,3종,2992
242,고령,2003-06,4종,2959
242,고령,2003-06,5종,5662
242,고령,2003-06,6종,7177
243,해인사,2003-06,1종,90337
243,해인사,2003-06,2종,5630
243,해인사,2003-06,3종,2467
243,해인사,2003-06,4종,746
243,해인사,2003-06,5종,673
243,해인사,2003-06,6종,4425
244,서부산,2003-06,1종,1869177
244,서부산,2003-06,2종,155097
244,서부산,2003-06,3종,77808
244,서부산,2003-06,4종,59266
244,서부산,2003-06,5종,173901
244,서부산,2003-06,6종,104513
245,장유,2003-06,1종,1231383
245,장유,2003-06,2종,79947
245,장유,2003-06,3종,29799
245,장유,2003-06,4종,21400
245,장유,2003-06,5종,50253
245,장유,2003-06,6종,84283
246,가락,2003-06,1종,352188
246,가락,2003-06,2종,39690
246,가락,2003-06,3종,5897
246,가락,2003-06,4종,24943
246,가락,2003-06,5종,40275
246,가락,2003-06,6종,21783
247,남원,2003-06,1종,174474
247,남원,2003-06,2종,15238
247,남원,2003-06,3종,8864
247,남원,2003-06,4종,4658
247,남원,2003-06,5종,7735
247,남원,2003-06,6종,5619
248,순창,2003-06,1종,77093
248,순창,2003-06,2종,4764
248,순창,2003-06,3종,1128
248,순창,2003-06,4종,1252
248,순창,2003-06,5종,1314
248,순창,2003-06,6종,3234
249,담양,2003-06,1종,97120
249,담양,2003-06,2종,5918
249,담양,2003-06,3종,10059
249,담양,2003-06,4종,1251
249,담양,2003-06,5종,1922
249,담양,2003-06,6종,3826
250,남양산,2003-06,1종,748697
250,남양산,2003-06,2종,79853
250,남양산,2003-06,3종,19110
250,남양산,2003-06,4종,30612
250,남양산,2003-06,5종,50508
250,남양산,2003-06,6종,49838
251,물금,2003-06,1종,173071
251,물금,2003-06,2종,29730
251,물금,2003-06,3종,7304
251,물금,2003-06,4종,16878
251,물금,2003-06,5종,92417
251,물금,2003-06,6종,9536
252,대동,2003-06,1종,1761811
252,대동,2003-06,2종,229756
252,대동,2003-06,3종,50329
252,대동,2003-06,4종,72326
252,대동,2003-06,5종,168058
252,대동,2003-06,6종,88894
253,서서울,2003-06,1종,3726333
253,서서울,2003-06,2종,318188
253,서서울,2003-06,3종,76360
253,서서울,2003-06,4종,60406
253,서서울,2003-06,5종,102013
253,서서울,2003-06,6종,143776
254,군자,2003-06,1종,2507461
254,군자,2003-06,2종,250784
254,군자,2003-06,3종,59994
254,군자,2003-06,4종,74147
254,군자,2003-06,5종,213484
254,군자,2003-06,6종,113496
255,서안산,2003-06,1종,993798
255,서안산,2003-06,2종,129475
255,서안산,2003-06,3종,10680
255,서안산,2003-06,4종,24759
255,서안산,2003-06,5종,43365
255,서안산,2003-06,6종,45888
256,안산,2003-06,1종,1081176
256,안산,2003-06,2종,41265
256,안산,2003-06,3종,9218
256,안산,2003-06,4종,5165
256,안산,2003-06,5종,8992
256,안산,2003-06,6종,58948
257,홍성,2003-06,1종,265040
257,홍성,2003-06,2종,14285
257,홍성,2003-06,3종,7996
257,홍성,2003-06,4종,1715
257,홍성,2003-06,5종,4929
257,홍성,2003-06,6종,7251
258,광천,2003-06,1종,88882
258,광천,2003-06,2종,9950
258,광천,2003-06,3종,1240
258,광천,2003-06,4종,1347
258,광천,2003-06,5종,5541
258,광천,2003-06,6종,2464
259,대천,2003-06,1종,295750
259,대천,2003-06,2종,14761
259,대천,2003-06,3종,3400
259,대천,2003-06,4종,2299
259,대천,2003-06,5종,4451
259,대천,2003-06,6종,9127
260,춘장대,2003-06,1종,56229
260,춘장대,2003-06,2종,3477
260,춘장대,2003-06,3종,722
260,춘장대,2003-06,4종,561
260,춘장대,2003-06,5종,2597
260,춘장대,2003-06,6종,1583
261,동광주,2003-06,1종,1007142
261,동광주,2003-06,2종,66396
261,동광주,2003-06,3종,52352
261,동광주,2003-06,4종,20553
261,동광주,2003-06,5종,43053
261,동광주,2003-06,6종,34879
262,창평,2003-06,1종,57116
262,창평,2003-06,2종,3934
262,창평,2003-06,3종,861
262,창평,2003-06,4종,1993
262,창평,2003-06,5종,1580
262,창평,2003-06,6종,1869
263,옥과,2003-06,1종,173554
263,옥과,2003-06,2종,6831
263,옥과,2003-06,3종,9613
263,옥과,2003-06,4종,2983
263,옥과,2003-06,5종,5146
263,옥과,2003-06,6종,6509
264,동남원,2003-06,1종,48194
264,동남원,2003-06,2종,3695
264,동남원,2003-06,3종,1781
264,동남원,2003-06,4종,2943
264,동남원,2003-06,5종,2567
264,동남원,2003-06,6종,1440
265,곡성,2003-06,1종,139802
265,곡성,2003-06,2종,7889
265,곡성,2003-06,3종,3328
265,곡성,2003-06,4종,2855
265,곡성,2003-06,5종,5287
265,곡성,2003-06,6종,5436
266,석곡,2003-06,1종,49147
266,석곡,2003-06,2종,2768
266,석곡,2003-06,3종,1936
266,석곡,2003-06,4종,357
266,석곡,2003-06,5종,989
266,석곡,2003-06,6종,1930
267,주암송광사,2003-06,1종,113001
267,주암송광사,2003-06,2종,8642
267,주암송광사,2003-06,3종,2826
267,주암송광사,2003-06,4종,2971
267,주암송광사,2003-06,5종,9512
267,주암송광사,2003-06,6종,3640
268,승주,2003-06,1종,47908
268,승주,2003-06,2종,2161
268,승주,2003-06,3종,1849
268,승주,2003-06,4종,458
268,승주,2003-06,5종,926
268,승주,2003-06,6종,2268
269,지리산,2003-06,1종,66212
269,지리산,2003-06,2종,4694
269,지리산,2003-06,3종,2338
269,지리산,2003-06,4종,2500
269,지리산,2003-06,5종,667
269,지리산,2003-06,6종,1785
270,서순천,2003-06,1종,178531
270,서순천,2003-06,2종,10174
270,서순천,2003-06,3종,9271
270,서순천,2003-06,4종,2800
270,서순천,2003-06,5종,17238
270,서순천,2003-06,6종,6913
271,순천,2003-06,1종,467993
271,순천,2003-06,2종,27789
271,순천,2003-06,3종,15342
271,순천,2003-06,4종,8922
271,순천,2003-06,5종,25262
271,순천,2003-06,6종,18485
272,광양,2003-06,1종,181412
272,광양,2003-06,2종,22824
272,광양,2003-06,3종,9374
272,광양,2003-06,4종,15659
272,광양,2003-06,5종,54609
272,광양,2003-06,6종,6498
273,동광양,2003-06,1종,91740
273,동광양,2003-06,2종,3644
273,동광양,2003-06,3종,2002
273,동광양,2003-06,4종,1302
273,동광양,2003-06,5종,23774
273,동광양,2003-06,6종,5447
274,가조,2003-06,1종,67469
274,가조,2003-06,2종,4820
274,가조,2003-06,3종,3001
274,가조,2003-06,4종,3721
274,가조,2003-06,5종,969
274,가조,2003-06,6종,4685
275,옥곡,2003-06,1종,103744
275,옥곡,2003-06,2종,4128
275,옥곡,2003-06,3종,3043
275,옥곡,2003-06,4종,863
275,옥곡,2003-06,5종,5774
275,옥곡,2003-06,6종,5261
276,진월,2003-06,1종,88093
276,진월,2003-06,2종,3789
276,진월,2003-06,3종,1897
276,진월,2003-06,4종,4609
276,진월,2003-06,5종,47832
276,진월,2003-06,6종,3710
277,하동,2003-06,1종,178464
277,하동,2003-06,2종,9173
277,하동,2003-06,3종,7333
277,하동,2003-06,4종,2508
277,하동,2003-06,5종,25818
277,하동,2003-06,6종,8679
278,진교,2003-06,1종,185839
278,진교,2003-06,2종,9025
278,진교,2003-06,3종,15333
278,진교,2003-06,4종,1433
278,진교,2003-06,5종,1964
278,진교,2003-06,6종,12004
279,곤양,2003-06,1종,128603
279,곤양,2003-06,2종,7698
279,곤양,2003-06,3종,5955
279,곤양,2003-06,4종,1906
279,곤양,2003-06,5종,3627
279,곤양,2003-06,6종,8473
280,거창,2003-06,1종,188663
280,거창,2003-06,2종,14459
280,거창,2003-06,3종,12047
280,거창,2003-06,4종,5650
280,거창,2003-06,5종,6354
280,거창,2003-06,6종,10555
281,매송,2003-06,1종,464047
281,매송,2003-06,2종,47492
281,매송,2003-06,3종,11122
281,매송,2003-06,4종,12623
281,매송,2003-06,5종,25374
281,매송,2003-06,6종,19298
282,비봉,2003-06,1종,541638
282,비봉,2003-06,2종,58973
282,비봉,2003-06,3종,8063
282,비봉,2003-06,4종,11490
282,비봉,2003-06,5종,28315
282,비봉,2003-06,6종,20785
283,발안,2003-06,1종,428324
283,발안,2003-06,2종,48175
283,발안,2003-06,3종,5832
283,발안,2003-06,4종,12363
283,발안,2003-06,5종,22014
283,발안,2003-06,6종,13582
284,남양양,2003-06,1종,254884
284,남양양,2003-06,2종,9960
284,남양양,2003-06,3종,10898
284,남양양,2003-06,4종,2391
284,남양양,2003-06,5종,4700
284,남양양,2003-06,6종,6784
285,서평택,2003-06,1종,613386
285,서평택,2003-06,2종,56889
285,서평택,2003-06,3종,12948
285,서평택,2003-06,4종,23948
285,서평택,2003-06,5종,72969
285,서평택,2003-06,6종,19751
287,송악,2003-06,1종,318372
287,송악,2003-06,2종,25568
287,송악,2003-06,3종,10848
287,송악,2003-06,4종,6652
287,송악,2003-06,5종,42561
287,송악,2003-06,6종,9157
288,당진,2003-06,1종,253611
288,당진,2003-06,2종,21628
288,당진,2003-06,3종,8343
288,당진,2003-06,4종,6022
288,당진,2003-06,5종,28942
288,당진,2003-06,6종,8237
289,마산,2003-06,1종,899567
289,마산,2003-06,2종,57007
289,마산,2003-06,3종,44928
289,마산,2003-06,4종,17040
289,마산,2003-06,5종,23328
289,마산,2003-06,6종,53722
290,축동,2003-06,1종,27216
290,축동,2003-06,2종,2429
290,축동,2003-06,3종,175
290,축동,2003-06,4종,579
290,축동,2003-06,5종,1318
290,축동,2003-06,6종,1862
291,사천,2003-06,1종,626033
291,사천,2003-06,2종,42150
291,사천,2003-06,3종,27433
291,사천,2003-06,4종,8072
291,사천,2003-06,5종,23726
291,사천,2003-06,6종,34936
292,진주,2003-06,1종,546602
292,진주,2003-06,2종,40239
292,진주,2003-06,3종,29223
292,진주,2003-06,4종,8443
292,진주,2003-06,5종,23504
292,진주,2003-06,6종,36076
293,문산,2003-06,1종,183190
293,문산,2003-06,2종,17833
293,문산,2003-06,3종,2442
293,문산,2003-06,4종,4219
293,문산,2003-06,5종,8336
293,문산,2003-06,6종,11812
294,북창원,2003-06,1종,223449
294,북창원,2003-06,2종,13305
294,북창원,2003-06,3종,2046
294,북창원,2003-06,4종,4816
294,북창원,2003-06,5종,4771
294,북창원,2003-06,6종,11799
295,진성,2003-06,1종,130315
295,진성,2003-06,2종,12815
295,진성,2003-06,3종,9961
295,진성,2003-06,4종,3630
295,진성,2003-06,5종,12612
295,진성,2003-06,6종,6967
296,지수,2003-06,1종,45999
296,지수,2003-06,2종,5374
296,지수,2003-06,3종,1488
296,지수,2003-06,4종,706
296,지수,2003-06,5종,1083
296,지수,2003-06,6종,2560
298,서산,2003-06,1종,335982
298,서산,2003-06,2종,20310
298,서산,2003-06,3종,7663
298,서산,2003-06,4종,2426
298,서산,2003-06,5종,9446
298,서산,2003-06,6종,9556
299,해미,2003-06,1종,169167
299,해미,2003-06,2종,11974
299,해미,2003-06,3종,5057
299,해미,2003-06,4종,2545
299,해미,2003-06,5종,8555
299,해미,2003-06,6종,5217
501,서김제,2003-06,1종,66283
501,서김제,2003-06,2종,8022
501,서김제,2003-06,3종,907
501,서김제,2003-06,4종,1133
501,서김제,2003-06,5종,2055
501,서김제,2003-06,6종,1754
502,부안,2003-06,1종,101763
502,부안,2003-06,2종,9305
502,부안,2003-06,3종,2710
502,부안,2003-06,4종,1659
502,부안,2003-06,5종,4897
502,부안,2003-06,6종,2762
503,줄포,2003-06,1종,60046
503,줄포,2003-06,2종,4777
503,줄포,2003-06,3종,1466
503,줄포,2003-06,4종,508
503,줄포,2003-06,5종,638
503,줄포,2003-06,6종,1300
504,선운산,2003-06,1종,65315
504,선운산,2003-06,2종,12879
504,선운산,2003-06,3종,5791
504,선운산,2003-06,4종,1928
504,선운산,2003-06,5종,3523
504,선운산,2003-06,6종,1350
505,고창,2003-06,1종,77461
505,고창,2003-06,2종,6585
505,고창,2003-06,3종,1171
505,고창,2003-06,4종,613
505,고창,2003-06,5종,998
505,고창,2003-06,6종,1943
506,영광,2003-06,1종,63481
506,영광,2003-06,2종,7113
506,영광,2003-06,3종,3371
506,영광,2003-06,4종,715
506,영광,2003-06,5종,990
506,영광,2003-06,6종,1753
507,함평,2003-06,1종,56019
507,함평,2003-06,2종,13163
507,함평,2003-06,3종,1365
507,함평,2003-06,4종,1309
507,함평,2003-06,5종,2974
507,함평,2003-06,6종,1403
508,무안,2003-06,1종,303881
508,무안,2003-06,2종,26441
508,무안,2003-06,3종,9918
508,무안,2003-06,4종,4945
508,무안,2003-06,5종,11874
508,무안,2003-06,6종,8609
509,목포,2003-06,1종,433672
509,목포,2003-06,2종,38674
509,목포,2003-06,3종,17562
509,목포,2003-06,4종,7126
509,목포,2003-06,5종,18642
509,목포,2003-06,6종,11813
521,단양,2003-06,1종,74104
521,단양,2003-06,2종,3339
521,단양,2003-06,3종,5348
521,단양,2003-06,4종,967
521,단양,2003-06,5종,7348
521,단양,2003-06,6종,2832
522,북단양,2003-06,1종,66477
522,북단양,2003-06,2종,4898
522,북단양,2003-06,3종,3785
522,북단양,2003-06,4종,1408
522,북단양,2003-06,5종,25269
522,북단양,2003-06,6종,2307
523,남제천,2003-06,1종,46458
523,남제천,2003-06,2종,2390
523,남제천,2003-06,3종,1804
523,남제천,2003-06,4종,354
523,남제천,2003-06,5종,1007
523,남제천,2003-06,6종,1478
530,내장산,2003-06,1종,25616
530,내장산,2003-06,2종,1846
530,내장산,2003-06,3종,364
530,내장산,2003-06,4종,357
530,내장산,2003-06,5종,602
530,내장산,2003-06,6종,727
540,청북,2003-06,1종,179634
540,청북,2003-06,2종,36863
540,청북,2003-06,3종,6524
540,청북,2003-06,4종,10521
540,청북,2003-06,5종,24660
540,청북,2003-06,6종,5330
541,송탄,2003-06,1종,259663
541,송탄,2003-06,2종,29786
541,송탄,2003-06,3종,5839
541,송탄,2003-06,4종,5795
541,송탄,2003-06,5종,12083
541,송탄,2003-06,6종,9239
542,서안성,2003-06,1종,98698
542,서안성,2003-06,2종,10472
542,서안성,2003-06,3종,1743
542,서안성,2003-06,4종,2999
542,서안성,2003-06,5종,5280
542,서안성,2003-06,6종,3250
560,감곡,2003-06,1종,80581
560,감곡,2003-06,2종,7365
560,감곡,2003-06,3종,3126
560,감곡,2003-06,4종,1285
560,감곡,2003-06,5종,10380
560,감곡,2003-06,6종,2593
561,북충주,2003-06,1종,38405
561,북충주,2003-06,2종,2782
561,북충주,2003-06,3종,503
561,북충주,2003-06,4종,374
561,북충주,2003-06,5종,1462
561,북충주,2003-06,6종,1228
562,충주,2003-06,1종,163664
562,충주,2003-06,2종,8722
562,충주,2003-06,3종,9510
562,충주,2003-06,4종,951
562,충주,2003-06,5종,2325
562,충주,2003-06,6종,5417
601,남천안,2003-06,1종,175837
601,남천안,2003-06,2종,47391
601,남천안,2003-06,3종,14635
601,남천안,2003-06,4종,18236
601,남천안,2003-06,5종,26002
601,남천안,2003-06,6종,4677
602,풍세상,2003-06,1종,553174
602,풍세상,2003-06,2종,45411
602,풍세상,2003-06,3종,74211
602,풍세상,2003-06,4종,12593
602,풍세상,2003-06,5종,27288
602,풍세상,2003-06,6종,14394
603,정안,2003-06,1종,101290
603,정안,2003-06,2종,15351
603,정안,2003-06,3종,6944
603,정안,2003-06,4종,4087
603,정안,2003-06,5종,6559
603,정안,2003-06,6종,2848
604,남공주,2003-06,1종,30247
604,남공주,2003-06,2종,2048
604,남공주,2003-06,3종,505
604,남공주,2003-06,4종,546
604,남공주,2003-06,5종,627
604,남공주,2003-06,6종,851
605,탄천,2003-06,1종,20593
605,탄천,2003-06,2종,1897
605,탄천,2003-06,3종,321
605,탄천,2003-06,4종,206
605,탄천,2003-06,5종,269
605,탄천,2003-06,6종,595
606,서논산,2003-06,1종,57847
606,서논산,2003-06,2종,8269
606,서논산,2003-06,3종,3189
606,서논산,2003-06,4종,2632
606,서논산,2003-06,5종,4441
606,서논산,2003-06,6종,1725
607,연무,2003-06,1종,40704
607,연무,2003-06,2종,3167
607,연무,2003-06,3종,1262
607,연무,2003-06,4종,558
607,연무,2003-06,5종,892
607,연무,2003-06,6종,1115
608,남논산하,2003-06,1종,361878
608,남논산하,2003-06,2종,31931
608,남논산하,2003-06,3종,64626
608,남논산하,2003-06,4종,9446
608,남논산하,2003-06,5종,17057
608,남논산하,2003-06,6종,8421
11,인천,2003-07,1종,3090538
11,인천,2003-07,2종,161348
11,인천,2003-07,3종,47007
11,인천,2003-07,4종,51829
11,인천,2003-07,5종,106372
11,인천,2003-07,6종,181068
22,,2003-07,1종,521583
22,,2003-07,2종,26531
22,,2003-07,3종,20764
22,,2003-07,4종,9644
22,,2003-07,5종,30826
22,,2003-07,6종,23769
53,남인천,2003-07,1종,1597624
53,남인천,2003-07,2종,85132
53,남인천,2003-07,3종,20796
53,남인천,2003-07,4종,20008
53,남인천,2003-07,5종,106505
53,남인천,2003-07,6종,87404
56,일로,2003-07,1종,16672
56,일로,2003-07,2종,868
56,일로,2003-07,3종,68
56,일로,2003-07,4종,2831
56,일로,2003-07,5종,297
56,일로,2003-07,6종,1028
61,성남,2003-07,1종,2722847
61,성남,2003-07,2종,201065
61,성남,2003-07,3종,66041
61,성남,2003-07,4종,31876
61,성남,2003-07,5종,48107
61,성남,2003-07,6종,116936
62,구리남양주,2003-07,1종,3794292
62,구리남양주,2003-07,2종,284958
62,구리남양주,2003-07,3종,64752
62,구리남양주,2003-07,4종,57757
62,구리남양주,2003-07,5종,67387
62,구리남양주,2003-07,6종,167900
63,토평,2003-07,1종,657341
63,토평,2003-07,2종,24622
63,토평,2003-07,3종,8660
63,토평,2003-07,4종,8135
63,토평,2003-07,5종,9546
63,토평,2003-07,6종,30927
64,청계,2003-07,1종,4095822
64,청계,2003-07,2종,239058
64,청계,2003-07,3종,75977
64,청계,2003-07,4종,33435
64,청계,2003-07,5종,75035
64,청계,2003-07,6종,188108
65,판교,2003-07,1종,2180285
65,판교,2003-07,2종,65974
65,판교,2003-07,3종,94453
65,판교,2003-07,4종,16961
65,판교,2003-07,5종,11625
65,판교,2003-07,6종,83563
66,하남,2003-07,1종,457233
66,하남,2003-07,2종,35984
66,하남,2003-07,3종,15086
66,하남,2003-07,4종,10545
66,하남,2003-07,5종,7117
66,하남,2003-07,6종,17706
67,시흥,2003-07,1종,3442422
67,시흥,2003-07,2종,234265
67,시흥,2003-07,3종,61060
67,시흥,2003-07,4종,39894
67,시흥,2003-07,5종,42177
67,시흥,2003-07,6종,152903
68,김포,2003-07,1종,3341003
68,김포,2003-07,2종,237225
68,김포,2003-07,3종,37140
68,김포,2003-07,4종,32844
68,김포,2003-07,5종,70294
68,김포,2003-07,6종,150893
91,대동(개),2003-07,1종,137658
91,대동(개),2003-07,2종,13022
91,대동(개),2003-07,3종,919
91,대동(개),2003-07,4종,24739
91,대동(개),2003-07,5종,11545
91,대동(개),2003-07,6종,7111
101,서울,2003-07,1종,5094791
101,서울,2003-07,2종,319879
101,서울,2003-07,3종,351521
101,서울,2003-07,4종,55981
101,서울,2003-07,5종,46798
101,서울,2003-07,6종,182317
102,동수원,2003-07,1종,1743330
102,동수원,2003-07,2종,77732
102,동수원,2003-07,3종,54874
102,동수원,2003-07,4종,19886
102,동수원,2003-07,5종,30042
102,동수원,2003-07,6종,82107
103,수원신갈,2003-07,1종,2048313
103,수원신갈,2003-07,2종,142970
103,수원신갈,2003-07,3종,82556
103,수원신갈,2003-07,4종,28849
103,수원신갈,2003-07,5종,31754
103,수원신갈,2003-07,6종,93038
104,지곡,2003-07,1종,37867
104,지곡,2003-07,2종,3339
104,지곡,2003-07,3종,1680
104,지곡,2003-07,4종,765
104,지곡,2003-07,5종,1427
104,지곡,2003-07,6종,1432
105,기흥,2003-07,1종,814774
105,기흥,2003-07,2종,86167
105,기흥,2003-07,3종,22008
105,기흥,2003-07,4종,16344
105,기흥,2003-07,5종,23182
105,기흥,2003-07,6종,27766
106,오산,2003-07,1종,1073049
106,오산,2003-07,2종,128665
106,오산,2003-07,3종,51481
106,오산,2003-07,4종,27686
106,오산,2003-07,5종,30522
106,오산,2003-07,6종,43778
107,안성,2003-07,1종,934614
107,안성,2003-07,2종,98334
107,안성,2003-07,3종,42078
107,안성,2003-07,4종,23903
107,안성,2003-07,5종,27322
107,안성,2003-07,6종,35924
108,천안,2003-07,1종,1169543
108,천안,2003-07,2종,89409
108,천안,2003-07,3종,59768
108,천안,2003-07,4종,25096
108,천안,2003-07,5종,28271
108,천안,2003-07,6종,41608
109,계룡,2003-07,1종,132058
109,계룡,2003-07,2종,12890
109,계룡,2003-07,3종,9055
109,계룡,2003-07,4종,6395
109,계룡,2003-07,5종,2161
109,계룡,2003-07,6종,6133
110,독립기념관,2003-07,1종,297455
110,독립기념관,2003-07,2종,41406
110,독립기념관,2003-07,3종,13983
110,독립기념관,2003-07,4종,11965
110,독립기념관,2003-07,5종,13549
110,독립기념관,2003-07,6종,9260
111,청주,2003-07,1종,499072
111,청주,2003-07,2종,44208
111,청주,2003-07,3종,38498
111,청주,2003-07,4종,11897
111,청주,2003-07,5종,16725
111,청주,2003-07,6종,18139
112,남청주,2003-07,1종,433063
112,남청주,2003-07,2종,74910
112,남청주,2003-07,3종,23822
112,남청주,2003-07,4종,30194
112,남청주,2003-07,5종,35729
112,남청주,2003-07,6종,15313
113,신탄진,2003-07,1종,454241
113,신탄진,2003-07,2종,68483
113,신탄진,2003-07,3종,14007
113,신탄진,2003-07,4종,32004
113,신탄진,2003-07,5종,37629
113,신탄진,2003-07,6종,17401
114,남대전,2003-07,1종,257908
114,남대전,2003-07,2종,14126
114,남대전,2003-07,3종,2583
114,남대전,2003-07,4종,3687
114,남대전,2003-07,5종,4072
114,남대전,2003-07,6종,10510
115,대전,2003-07,1종,1238886
115,대전,2003-07,2종,69195
115,대전,2003-07,3종,75724
115,대전,2003-07,4종,13991
115,대전,2003-07,5종,18850
115,대전,2003-07,6종,52475
116,옥천,2003-07,1종,442425
116,옥천,2003-07,2종,42509
116,옥천,2003-07,3종,8609
116,옥천,2003-07,4종,12251
116,옥천,2003-07,5종,12073
116,옥천,2003-07,6종,19400
117,금강,2003-07,1종,24391
117,금강,2003-07,2종,1210
117,금강,2003-07,3종,128
117,금강,2003-07,4종,602
117,금강,2003-07,5종,138
117,금강,2003-07,6종,1110
118,영동,2003-07,1종,116748
118,영동,2003-07,2종,15550
118,영동,2003-07,3종,4935
118,영동,2003-07,4종,6327
118,영동,2003-07,5종,10851
118,영동,2003-07,6종,4029
119,판암,2003-07,1종,336256
119,판암,2003-07,2종,17780
119,판암,2003-07,3종,2984
119,판암,2003-07,4종,6524
119,판암,2003-07,5종,5782
119,판암,2003-07,6종,16321
120,황간,2003-07,1종,83083
120,황간,2003-07,2종,8297
120,황간,2003-07,3종,2712
120,황간,2003-07,4종,3896
120,황간,2003-07,5종,3811
120,황간,2003-07,6종,3212
121,추풍령,2003-07,1종,46456
121,추풍령,2003-07,2종,6210
121,추풍령,2003-07,3종,1754
121,추풍령,2003-07,4종,3529
121,추풍령,2003-07,5종,2680
121,추풍령,2003-07,6종,2834
122,김천,2003-07,1종,260530
122,김천,2003-07,2종,37396
122,김천,2003-07,3종,15868
122,김천,2003-07,4종,13089
122,김천,2003-07,5종,13308
122,김천,2003-07,6종,9778
123,구미,2003-07,1종,577903
123,구미,2003-07,2종,33452
123,구미,2003-07,3종,19922
123,구미,2003-07,4종,12704
123,구미,2003-07,5종,12900
123,구미,2003-07,6종,27691
124,상주,2003-07,1종,195390
124,상주,2003-07,2종,15424
124,상주,2003-07,3종,6757
124,상주,2003-07,4종,3926
124,상주,2003-07,5종,6970
124,상주,2003-07,6종,9242
125,남구미,2003-07,1종,354025
125,남구미,2003-07,2종,40672
125,남구미,2003-07,3종,23757
125,남구미,2003-07,4종,15238
125,남구미,2003-07,5종,52570
125,남구미,2003-07,6종,16309
126,왜관,2003-07,1종,429504
126,왜관,2003-07,2종,49656
126,왜관,2003-07,3종,20494
126,왜관,2003-07,4종,13964
126,왜관,2003-07,5종,26098
126,왜관,2003-07,6종,21963
127,서대구,2003-07,1종,1915158
127,서대구,2003-07,2종,217256
127,서대구,2003-07,3종,79324
127,서대구,2003-07,4종,57090
127,서대구,2003-07,5종,100461
127,서대구,2003-07,6종,90724
129,북대구,2003-07,1종,1183681
129,북대구,2003-07,2종,84112
129,북대구,2003-07,3종,25545
129,북대구,2003-07,4종,18378
129,북대구,2003-07,5종,26894
129,북대구,2003-07,6종,53428
130,동김천,2003-07,1종,1054832
130,동김천,2003-07,2종,71060
130,동김천,2003-07,3종,40468
130,동김천,2003-07,4종,25098
130,동김천,2003-07,5종,27482
130,동김천,2003-07,6종,52030
131,경산,2003-07,1종,708916
131,경산,2003-07,2종,95999
131,경산,2003-07,3종,16703
131,경산,2003-07,4종,19497
131,경산,2003-07,5종,25313
131,경산,2003-07,6종,39845
132,영천,2003-07,1종,475625
132,영천,2003-07,2종,54336
132,영천,2003-07,3종,29035
132,영천,2003-07,4종,14041
132,영천,2003-07,5종,58891
132,영천,2003-07,6종,17275
133,서경주,2003-07,1종,83611
133,서경주,2003-07,2종,6983
133,서경주,2003-07,3종,2651
133,서경주,2003-07,4종,1921
133,서경주,2003-07,5종,4699
133,서경주,2003-07,6종,2882
134,선산,2003-07,1종,70992
134,선산,2003-07,2종,6249
134,선산,2003-07,3종,997
134,선산,2003-07,4종,1173
134,선산,2003-07,5종,1135
134,선산,2003-07,6종,3419
135,경주,2003-07,1종,925774
135,경주,2003-07,2종,71305
135,경주,2003-07,3종,59131
135,경주,2003-07,4종,24896
135,경주,2003-07,5종,82249
135,경주,2003-07,6종,35358
136,음성,2003-07,1종,158894
136,음성,2003-07,2종,8255
136,음성,2003-07,3종,4907
136,음성,2003-07,4종,2944
136,음성,2003-07,5종,5516
136,음성,2003-07,6종,9611
137,통도사,2003-07,1종,363831
137,통도사,2003-07,2종,36187
137,통도사,2003-07,3종,17710
137,통도사,2003-07,4종,14562
137,통도사,2003-07,5종,20520
137,통도사,2003-07,6종,17732
138,양산,2003-07,1종,734028
138,양산,2003-07,2종,95507
138,양산,2003-07,3종,28142
138,양산,2003-07,4종,39633
138,양산,2003-07,5종,45124
138,양산,2003-07,6종,44960
139,서울산,2003-07,1종,400091
139,서울산,2003-07,2종,28058
139,서울산,2003-07,3종,18779
139,서울산,2003-07,4종,8891
139,서울산,2003-07,5종,13978
139,서울산,2003-07,6종,21505
140,부산,2003-07,1종,1515049
140,부산,2003-07,2종,98074
140,부산,2003-07,3종,76595
140,부산,2003-07,4종,40065
140,부산,2003-07,5종,111348
140,부산,2003-07,6종,78376
141,,2003-07,1종,1090927
141,,2003-07,2종,90399
141,,2003-07,3종,47987
141,,2003-07,4종,48888
141,,2003-07,5종,121510
141,,2003-07,6종,55520
142,군북,2003-07,1종,239336
142,군북,2003-07,2종,18985
142,군북,2003-07,3종,8620
142,군북,2003-07,4종,9681
142,군북,2003-07,5종,14748
142,군북,2003-07,6종,13432
143,장지,2003-07,1종,79714
143,장지,2003-07,2종,8599
143,장지,2003-07,3종,1290
143,장지,2003-07,4종,2126
143,장지,2003-07,5종,9072
143,장지,2003-07,6종,4442
144,함안,2003-07,1종,352445
144,함안,2003-07,2종,27315
144,함안,2003-07,3종,9043
144,함안,2003-07,4종,7455
144,함안,2003-07,5종,17027
144,함안,2003-07,6종,24860
145,산인,2003-07,1종,636946
145,산인,2003-07,2종,40563
145,산인,2003-07,3종,37184
145,산인,2003-07,4종,16999
145,산인,2003-07,5종,24400
145,산인,2003-07,6종,39817
146,동창원,2003-07,1종,586358
146,동창원,2003-07,2종,51585
146,동창원,2003-07,3종,11260
146,동창원,2003-07,4종,10990
146,동창원,2003-07,5종,23578
146,동창원,2003-07,6종,35905
147,진례,2003-07,1종,502838
147,진례,2003-07,2종,79111
147,진례,2003-07,3종,6306
147,진례,2003-07,4종,16479
147,진례,2003-07,5종,19726
147,진례,2003-07,6종,28433
148,서김해,2003-07,1종,670058
148,서김해,2003-07,2종,49602
148,서김해,2003-07,3종,9644
148,서김해,2003-07,4종,10304
148,서김해,2003-07,5종,20183
148,서김해,2003-07,6종,46102
149,동김해,2003-07,1종,1116098
149,동김해,2003-07,2종,67763
149,동김해,2003-07,3종,15220
149,동김해,2003-07,4종,17237
149,동김해,2003-07,5종,27509
149,동김해,2003-07,6종,87386
150,북부산,2003-07,1종,2501296
150,북부산,2003-07,2종,168400
150,북부산,2003-07,3종,64083
150,북부산,2003-07,4종,49338
150,북부산,2003-07,5종,118671
150,북부산,2003-07,6종,159630
151,북대전,2003-07,1종,512763
151,북대전,2003-07,2종,21016
151,북대전,2003-07,3종,14744
151,북대전,2003-07,4종,8824
151,북대전,2003-07,5종,10279
151,북대전,2003-07,6종,21410
152,유성,2003-07,1종,812037
152,유성,2003-07,2종,48778
152,유성,2003-07,3종,24960
152,유성,2003-07,4종,13172
152,유성,2003-07,5종,16097
152,유성,2003-07,6종,30894
153,서대전,2003-07,1종,551845
153,서대전,2003-07,2종,35060
153,서대전,2003-07,3종,9947
153,서대전,2003-07,4종,8903
153,서대전,2003-07,5종,11108
153,서대전,2003-07,6종,25715
154,안영,2003-07,1종,353198
154,안영,2003-07,2종,18087
154,안영,2003-07,3종,4729
154,안영,2003-07,4종,8004
154,안영,2003-07,5종,7601
154,안영,2003-07,6종,14876
155,논산,2003-07,1종,228745
155,논산,2003-07,2종,42752
155,논산,2003-07,3종,11524
155,논산,2003-07,4종,16927
155,논산,2003-07,5종,16963
155,논산,2003-07,6종,7733
156,익산,2003-07,1종,270464
156,익산,2003-07,2종,39885
156,익산,2003-07,3종,16205
156,익산,2003-07,4종,16695
156,익산,2003-07,5종,32279
156,익산,2003-07,6종,7946
157,삼례,2003-07,1종,73291
157,삼례,2003-07,2종,9289
157,삼례,2003-07,3종,2415
157,삼례,2003-07,4종,3356
157,삼례,2003-07,5종,4652
157,삼례,2003-07,6종,2378
158,전주,2003-07,1종,535194
158,전주,2003-07,2종,44351
158,전주,2003-07,3종,39905
158,전주,2003-07,4종,12151
158,전주,2003-07,5종,26408
158,전주,2003-07,6종,16145
159,서전주,2003-07,1종,151861
159,서전주,2003-07,2종,10584
159,서전주,2003-07,3종,2540
159,서전주,2003-07,4종,2817
159,서전주,2003-07,5종,2718
159,서전주,2003-07,6종,4514
160,김제,2003-07,1종,107529
160,김제,2003-07,2종,9885
160,김제,2003-07,3종,7743
160,김제,2003-07,4종,2537
160,김제,2003-07,5종,2119
160,김제,2003-07,6종,3150
161,금산사,2003-07,1종,49618
161,금산사,2003-07,2종,7883
161,금산사,2003-07,3종,894
161,금산사,2003-07,4종,1010
161,금산사,2003-07,5종,2981
161,금산사,2003-07,6종,1348
162,태인,2003-07,1종,93234
162,태인,2003-07,2종,12939
162,태인,2003-07,3종,4656
162,태인,2003-07,4종,3266
162,태인,2003-07,5종,4741
162,태인,2003-07,6종,2399
163,정읍,2003-07,1종,349929
163,정읍,2003-07,2종,39358
163,정읍,2003-07,3종,24764
163,정읍,2003-07,4종,7600
163,정읍,2003-07,5종,9465
163,정읍,2003-07,6종,10700
164,무주,2003-07,1종,147782
164,무주,2003-07,2종,5948
164,무주,2003-07,3종,4173
164,무주,2003-07,4종,922
164,무주,2003-07,5종,2535
164,무주,2003-07,6종,4222
165,백양사,2003-07,1종,111934
165,백양사,2003-07,2종,7701
165,백양사,2003-07,3종,4774
165,백양사,2003-07,4종,1783
165,백양사,2003-07,5종,1886
165,백양사,2003-07,6종,3150
166,장성,2003-07,1종,162252
166,장성,2003-07,2종,13172
166,장성,2003-07,3종,10700
166,장성,2003-07,4종,2984
166,장성,2003-07,5종,7526
166,장성,2003-07,6종,7118
167,광주,2003-07,1종,908931
167,광주,2003-07,2종,84154
167,광주,2003-07,3종,68794
167,광주,2003-07,4종,25397
167,광주,2003-07,5종,23421
167,광주,2003-07,6종,26628
168,덕유산,2003-07,1종,40764
168,덕유산,2003-07,2종,2370
168,덕유산,2003-07,3종,854
168,덕유산,2003-07,4종,452
168,덕유산,2003-07,5종,1601
168,덕유산,2003-07,6종,933
169,장수,2003-07,1종,102740
169,장수,2003-07,2종,16393
169,장수,2003-07,3종,6770
169,장수,2003-07,4종,5795
169,장수,2003-07,5종,13352
169,장수,2003-07,6종,2454
170,서상,2003-07,1종,38952
170,서상,2003-07,2종,3494
170,서상,2003-07,3종,3201
170,서상,2003-07,4종,1054
170,서상,2003-07,5종,1746
170,서상,2003-07,6종,1401
171,마성,2003-07,1종,362692
171,마성,2003-07,2종,8680
171,마성,2003-07,3종,15257
171,마성,2003-07,4종,775
171,마성,2003-07,5종,603
171,마성,2003-07,6종,15493
172,용인,2003-07,1종,758032
172,용인,2003-07,2종,93456
172,용인,2003-07,3종,18036
172,용인,2003-07,4종,13663
172,용인,2003-07,5종,14071
172,용인,2003-07,6종,36000
173,양지,2003-07,1종,543578
173,양지,2003-07,2종,96868
173,양지,2003-07,3종,20991
173,양지,2003-07,4종,21127
173,양지,2003-07,5종,25774
173,양지,2003-07,6종,18281
174,춘천,2003-07,1종,422325
174,춘천,2003-07,2종,23902
174,춘천,2003-07,3종,14006
174,춘천,2003-07,4종,4686
174,춘천,2003-07,5종,5952
174,춘천,2003-07,6종,21379
175,덕평,2003-07,1종,165666
175,덕평,2003-07,2종,20439
175,덕평,2003-07,3종,8147
175,덕평,2003-07,4종,5783
175,덕평,2003-07,5종,5670
175,덕평,2003-07,6종,6146
176,이천,2003-07,1종,503758
176,이천,2003-07,2종,55320
176,이천,2003-07,3종,27037
176,이천,2003-07,4종,19512
176,이천,2003-07,5종,25111
176,이천,2003-07,6종,19042
177,여주,2003-07,1종,322570
177,여주,2003-07,2종,28934
177,여주,2003-07,3종,11005
177,여주,2003-07,4종,8831
177,여주,2003-07,5종,11047
177,여주,2003-07,6종,9977
178,문막,2003-07,1종,264410
178,문막,2003-07,2종,28567
178,문막,2003-07,3종,10728
178,문막,2003-07,4종,7406
178,문막,2003-07,5종,14964
178,문막,2003-07,6종,8654
179,홍천,2003-07,1종,292737
179,홍천,2003-07,2종,17563
179,홍천,2003-07,3종,8199
179,홍천,2003-07,4종,4742
179,홍천,2003-07,5종,4616
179,홍천,2003-07,6종,13944
180,원주,2003-07,1종,252707
180,원주,2003-07,2종,25798
180,원주,2003-07,3종,24386
180,원주,2003-07,4종,6208
180,원주,2003-07,5종,8958
180,원주,2003-07,6종,10370
181,새말,2003-07,1종,177323
181,새말,2003-07,2종,19590
181,새말,2003-07,3종,19337
181,새말,2003-07,4종,2906
181,새말,2003-07,5종,5183
181,새말,2003-07,6종,5424
182,둔내,2003-07,1종,97225
182,둔내,2003-07,2종,9975
182,둔내,2003-07,3종,3575
182,둔내,2003-07,4종,852
182,둔내,2003-07,5종,391
182,둔내,2003-07,6종,3055
183,면온,2003-07,1종,73886
183,면온,2003-07,2종,2575
183,면온,2003-07,3종,7260
183,면온,2003-07,4종,2346
183,면온,2003-07,5종,2544
183,면온,2003-07,6종,1991
184,대관령,2003-07,1종,135933
184,대관령,2003-07,2종,8598
184,대관령,2003-07,3종,10997
184,대관령,2003-07,4종,1484
184,대관령,2003-07,5종,1557
184,대관령,2003-07,6종,4653
185,평창,2003-07,1종,128058
185,평창,2003-07,2종,9457
185,평창,2003-07,3종,12407
185,평창,2003-07,4종,1232
185,평창,2003-07,5종,2571
185,평창,2003-07,6종,4498
186,속사,2003-07,1종,48630
186,속사,2003-07,2종,5411
186,속사,2003-07,3종,921
186,속사,2003-07,4종,790
186,속사,2003-07,5종,907
186,속사,2003-07,6종,1408
187,진부,2003-07,1종,146755
187,진부,2003-07,2종,10717
187,진부,2003-07,3종,12964
187,진부,2003-07,4종,2042
187,진부,2003-07,5종,2589
187,진부,2003-07,6종,4680
189,강릉,2003-07,1종,614341
189,강릉,2003-07,2종,33352
189,강릉,2003-07,3종,33838
189,강릉,2003-07,4종,9488
189,강릉,2003-07,5종,18616
189,강릉,2003-07,6종,22285
190,동서울,2003-07,1종,2946554
190,동서울,2003-07,2종,254644
190,동서울,2003-07,3종,137530
190,동서울,2003-07,4종,45774
190,동서울,2003-07,5종,57598
190,동서울,2003-07,6종,94712
191,경기광주,2003-07,1종,681379
191,경기광주,2003-07,2종,50431
191,경기광주,2003-07,3종,21054
191,경기광주,2003-07,4종,8316
191,경기광주,2003-07,5종,10041
191,경기광주,2003-07,6종,29615
192,곤지암,2003-07,1종,657648
192,곤지암,2003-07,2종,84289
192,곤지암,2003-07,3종,13114
192,곤지암,2003-07,4종,14100
192,곤지암,2003-07,5종,17374
192,곤지암,2003-07,6종,20970
193,일죽,2003-07,1종,438609
193,일죽,2003-07,2종,69994
193,일죽,2003-07,3종,24151
193,일죽,2003-07,4종,16740
193,일죽,2003-07,5종,16286
193,일죽,2003-07,6종,13204
194,서이천,2003-07,1종,297326
194,서이천,2003-07,2종,27991
194,서이천,2003-07,3종,12608
194,서이천,2003-07,4종,6096
194,서이천,2003-07,5종,5938
194,서이천,2003-07,6종,11690
195,대소,2003-07,1종,321877
195,대소,2003-07,2종,55455
195,대소,2003-07,3종,12164
195,대소,2003-07,4종,11747
195,대소,2003-07,5종,11572
195,대소,2003-07,6종,10212
196,진천,2003-07,1종,258444
196,진천,2003-07,2종,35779
196,진천,2003-07,3종,9196
196,진천,2003-07,4종,8101
196,진천,2003-07,5종,10189
196,진천,2003-07,6종,9621
197,증평,2003-07,1종,311109
197,증평,2003-07,2종,42683
197,증평,2003-07,3종,10983
197,증평,2003-07,4종,8148
197,증평,2003-07,5종,15638
197,증평,2003-07,6종,10134
198,서청주,2003-07,1종,494112
198,서청주,2003-07,2종,50113
198,서청주,2003-07,3종,22610
198,서청주,2003-07,4종,16679
198,서청주,2003-07,5종,15504
198,서청주,2003-07,6종,18712
199,오창,2003-07,1종,238382
199,오창,2003-07,2종,22353
199,오창,2003-07,3종,10607
199,오창,2003-07,4종,5378
199,오창,2003-07,5종,6311
199,오창,2003-07,6종,8266
200,금산,2003-07,1종,211666
200,금산,2003-07,2종,8630
200,금산,2003-07,3종,2741
200,금산,2003-07,4종,2436
200,금산,2003-07,5종,3246
200,금산,2003-07,6종,7203
201,칠곡,2003-07,1종,513685
201,칠곡,2003-07,2종,30843
201,칠곡,2003-07,3종,13187
201,칠곡,2003-07,4종,6279
201,칠곡,2003-07,5종,8986
201,칠곡,2003-07,6종,31350
202,다부,2003-07,1종,111088
202,다부,2003-07,2종,9507
202,다부,2003-07,3종,1967
202,다부,2003-07,4종,2942
202,다부,2003-07,5종,4494
202,다부,2003-07,6종,4227
203,가산,2003-07,1종,392292
203,가산,2003-07,2종,28965
203,가산,2003-07,3종,8736
203,가산,2003-07,4종,5791
203,가산,2003-07,5종,12402
203,가산,2003-07,6종,16121
204,추부,2003-07,1종,239396
204,추부,2003-07,2종,20567
204,추부,2003-07,3종,3102
204,추부,2003-07,4종,5640
204,추부,2003-07,5종,5142
204,추부,2003-07,6종,10828
205,군위,2003-07,1종,105486
205,군위,2003-07,2종,11319
205,군위,2003-07,3종,1173
205,군위,2003-07,4종,1404
205,군위,2003-07,5종,2399
205,군위,2003-07,6종,4315
206,의성,2003-07,1종,160175
206,의성,2003-07,2종,12007
206,의성,2003-07,3종,2574
206,의성,2003-07,4종,1642
206,의성,2003-07,5종,3559
206,의성,2003-07,6종,6179
207,남안동,2003-07,1종,224737
207,남안동,2003-07,2종,13576
207,남안동,2003-07,3종,10755
207,남안동,2003-07,4종,2143
207,남안동,2003-07,5종,6660
207,남안동,2003-07,6종,9255
208,서안동,2003-07,1종,199825
208,서안동,2003-07,2종,14901
208,서안동,2003-07,3종,6420
208,서안동,2003-07,4종,1852
208,서안동,2003-07,5종,9795
208,서안동,2003-07,6종,7424
209,예천,2003-07,1종,45814
209,예천,2003-07,2종,2157
209,예천,2003-07,3종,1229
209,예천,2003-07,4종,277
209,예천,2003-07,5종,3643
209,예천,2003-07,6종,1863
210,영주,2003-07,1종,144118
210,영주,2003-07,2종,10445
210,영주,2003-07,3종,4663
210,영주,2003-07,4종,1602
210,영주,2003-07,5종,5877
210,영주,2003-07,6종,5659
211,풍기,2003-07,1종,149868
211,풍기,2003-07,2종,10680
211,풍기,2003-07,3종,7972
211,풍기,2003-07,4종,855
211,풍기,2003-07,5종,5219
211,풍기,2003-07,6종,6414
212,북수원,2003-07,1종,1233130
212,북수원,2003-07,2종,86292
212,북수원,2003-07,3종,36164
212,북수원,2003-07,4종,28563
212,북수원,2003-07,5종,24186
212,북수원,2003-07,6종,54528
213,부곡,2003-07,1종,240903
213,부곡,2003-07,2종,15431
213,부곡,2003-07,3종,3788
213,부곡,2003-07,4종,6404
213,부곡,2003-07,5종,60496
213,부곡,2003-07,6종,11766
214,동군포,2003-07,1종,111557
214,동군포,2003-07,2종,21796
214,동군포,2003-07,3종,5564
214,동군포,2003-07,4종,13289
214,동군포,2003-07,5종,6221
214,동군포,2003-07,6종,5225
215,군포,2003-07,1종,649932
215,군포,2003-07,2종,78723
215,군포,2003-07,3종,13888
215,군포,2003-07,4종,17799
215,군포,2003-07,5종,27879
215,군포,2003-07,6종,28020
216,횡성,2003-07,1종,113000
216,횡성,2003-07,2종,8684
216,횡성,2003-07,3종,2904
216,횡성,2003-07,4종,1539
216,횡성,2003-07,5종,2641
216,횡성,2003-07,6종,4909
217,북원주,2003-07,1종,57296
217,북원주,2003-07,2종,4764
217,북원주,2003-07,3종,996
217,북원주,2003-07,4종,812
217,북원주,2003-07,5종,1009
217,북원주,2003-07,6종,2653
218,남원주,2003-07,1종,470910
218,남원주,2003-07,2종,31364
218,남원주,2003-07,3종,17951
218,남원주,2003-07,4종,4903
218,남원주,2003-07,5종,8548
218,남원주,2003-07,6종,20216
219,신림,2003-07,1종,131929
219,신림,2003-07,2종,8403
219,신림,2003-07,3종,4551
219,신림,2003-07,4종,1046
219,신림,2003-07,5종,12675
219,신림,2003-07,6종,4457
221,생초,2003-07,1종,54060
221,생초,2003-07,2종,7212
221,생초,2003-07,3종,2348
221,생초,2003-07,4종,4644
221,생초,2003-07,5종,7872
221,생초,2003-07,6종,1946
222,산청,2003-07,1종,56229
222,산청,2003-07,2종,2983
222,산청,2003-07,3종,1885
222,산청,2003-07,4종,534
222,산청,2003-07,5종,1175
222,산청,2003-07,6종,2381
223,단성,2003-07,1종,98454
223,단성,2003-07,2종,5747
223,단성,2003-07,3종,4544
223,단성,2003-07,4종,1119
223,단성,2003-07,5종,2266
223,단성,2003-07,6종,3325
224,함양,2003-07,1종,110799
224,함양,2003-07,2종,7426
224,함양,2003-07,3종,4961
224,함양,2003-07,4종,1646
224,함양,2003-07,5종,3576
224,함양,2003-07,6종,5096
225,서진주,2003-07,1종,300920
225,서진주,2003-07,2종,10488
225,서진주,2003-07,3종,3590
225,서진주,2003-07,4종,1366
225,서진주,2003-07,5종,4523
225,서진주,2003-07,6종,19045
227,군산,2003-07,1종,130345
227,군산,2003-07,2종,8485
227,군산,2003-07,3종,4633
227,군산,2003-07,4종,1849
227,군산,2003-07,5종,5730
227,군산,2003-07,6종,4318
228,동군산,2003-07,1종,349343
228,동군산,2003-07,2종,30061
228,동군산,2003-07,3종,8147
228,동군산,2003-07,4종,7053
228,동군산,2003-07,5종,21983
228,동군산,2003-07,6종,9664
231,화원옥포,2003-07,1종,1426687
231,화원옥포,2003-07,2종,170902
231,화원옥포,2003-07,3종,66181
231,화원옥포,2003-07,4종,38516
231,화원옥포,2003-07,5종,94271
231,화원옥포,2003-07,6종,63053
232,달성,2003-07,1종,216931
232,달성,2003-07,2종,28526
232,달성,2003-07,3종,10176
232,달성,2003-07,4종,5515
232,달성,2003-07,5종,3946
232,달성,2003-07,6종,15712
233,현풍,2003-07,1종,225937
233,현풍,2003-07,2종,34469
233,현풍,2003-07,3종,6446
233,현풍,2003-07,4종,8934
233,현풍,2003-07,5종,15979
233,현풍,2003-07,6종,9943
234,서천,2003-07,1종,120238
234,서천,2003-07,2종,11362
234,서천,2003-07,3종,1925
234,서천,2003-07,4종,3040
234,서천,2003-07,5종,7802
234,서천,2003-07,6종,4045
235,창녕,2003-07,1종,160958
235,창녕,2003-07,2종,12322
235,창녕,2003-07,3종,7107
235,창녕,2003-07,4종,1925
235,창녕,2003-07,5종,3251
235,창녕,2003-07,6종,7870
236,영산,2003-07,1종,164167
236,영산,2003-07,2종,12065
236,영산,2003-07,3종,8635
236,영산,2003-07,4종,2120
236,영산,2003-07,5종,2497
236,영산,2003-07,6종,8269
237,남지,2003-07,1종,129971
237,남지,2003-07,2종,11104
237,남지,2003-07,3종,8433
237,남지,2003-07,4종,6284
237,남지,2003-07,5종,8338
237,남지,2003-07,6종,9364
238,칠서,2003-07,1종,186479
238,칠서,2003-07,2종,26091
238,칠서,2003-07,3종,4456
238,칠서,2003-07,4종,13979
238,칠서,2003-07,5종,15159
238,칠서,2003-07,6종,11619
239,칠원,2003-07,1종,406098
239,칠원,2003-07,2종,35775
239,칠원,2003-07,3종,20722
239,칠원,2003-07,4종,19111
239,칠원,2003-07,5종,22044
239,칠원,2003-07,6종,23902
240,제천,2003-07,1종,331142
240,제천,2003-07,2종,23413
240,제천,2003-07,3종,14377
240,제천,2003-07,4종,3758
240,제천,2003-07,5종,33841
240,제천,2003-07,6종,12073
241,동고령,2003-07,1종,158846
241,동고령,2003-07,2종,14557
241,동고령,2003-07,3종,8739
241,동고령,2003-07,4종,3246
241,동고령,2003-07,5종,7500
241,동고령,2003-07,6종,8052
242,고령,2003-07,1종,159060
242,고령,2003-07,2종,13471
242,고령,2003-07,3종,3481
242,고령,2003-07,4종,2303
242,고령,2003-07,5종,5988
242,고령,2003-07,6종,6909
243,해인사,2003-07,1종,91490
243,해인사,2003-07,2종,5352
243,해인사,2003-07,3종,1736
243,해인사,2003-07,4종,527
243,해인사,2003-07,5종,502
243,해인사,2003-07,6종,4548
244,서부산,2003-07,1종,1893963
244,서부산,2003-07,2종,159261
244,서부산,2003-07,3종,77141
244,서부산,2003-07,4종,52773
244,서부산,2003-07,5종,164752
244,서부산,2003-07,6종,105210
245,장유,2003-07,1종,1262106
245,장유,2003-07,2종,82761
245,장유,2003-07,3종,29539
245,장유,2003-07,4종,19188
245,장유,2003-07,5종,45777
245,장유,2003-07,6종,84712
246,가락,2003-07,1종,358846
246,가락,2003-07,2종,41536
246,가락,2003-07,3종,5450
246,가락,2003-07,4종,16869
246,가락,2003-07,5종,24895
246,가락,2003-07,6종,21894
247,남원,2003-07,1종,179590
247,남원,2003-07,2종,14483
247,남원,2003-07,3종,9635
247,남원,2003-07,4종,3770
247,남원,2003-07,5종,8388
247,남원,2003-07,6종,5463
248,순창,2003-07,1종,77013
248,순창,2003-07,2종,4351
248,순창,2003-07,3종,1236
248,순창,2003-07,4종,1033
248,순창,2003-07,5종,1365
248,순창,2003-07,6종,3139
249,담양,2003-07,1종,100751
249,담양,2003-07,2종,6219
249,담양,2003-07,3종,10139
249,담양,2003-07,4종,1211
249,담양,2003-07,5종,2367
249,담양,2003-07,6종,3707
250,남양산,2003-07,1종,752986
250,남양산,2003-07,2종,71212
250,남양산,2003-07,3종,16848
250,남양산,2003-07,4종,25161
250,남양산,2003-07,5종,32754
250,남양산,2003-07,6종,49222
251,물금,2003-07,1종,179356
251,물금,2003-07,2종,31995
251,물금,2003-07,3종,6087
251,물금,2003-07,4종,17490
251,물금,2003-07,5종,94000
251,물금,2003-07,6종,9234
252,대동,2003-07,1종,1797748
252,대동,2003-07,2종,220597
252,대동,2003-07,3종,46868
252,대동,2003-07,4종,65982
252,대동,2003-07,5종,161471
252,대동,2003-07,6종,88458
253,서서울,2003-07,1종,3876587
253,서서울,2003-07,2종,326081
253,서서울,2003-07,3종,70721
253,서서울,2003-07,4종,60149
253,서서울,2003-07,5종,100508
253,서서울,2003-07,6종,150382
254,군자,2003-07,1종,2574782
254,군자,2003-07,2종,255287
254,군자,2003-07,3종,59692
254,군자,2003-07,4종,75889
254,군자,2003-07,5종,217908
254,군자,2003-07,6종,116296
255,서안산,2003-07,1종,1032056
255,서안산,2003-07,2종,133494
255,서안산,2003-07,3종,11414
255,서안산,2003-07,4종,24611
255,서안산,2003-07,5종,45033
255,서안산,2003-07,6종,47363
256,안산,2003-07,1종,1100684
256,안산,2003-07,2종,41790
256,안산,2003-07,3종,9519
256,안산,2003-07,4종,5454
256,안산,2003-07,5종,9055
256,안산,2003-07,6종,61073
257,홍성,2003-07,1종,287785
257,홍성,2003-07,2종,14049
257,홍성,2003-07,3종,6841
257,홍성,2003-07,4종,1847
257,홍성,2003-07,5종,4746
257,홍성,2003-07,6종,8186
258,광천,2003-07,1종,90825
258,광천,2003-07,2종,9707
258,광천,2003-07,3종,957
258,광천,2003-07,4종,1361
258,광천,2003-07,5종,5823
258,광천,2003-07,6종,2598
259,대천,2003-07,1종,356841
259,대천,2003-07,2종,15219
259,대천,2003-07,3종,4618
259,대천,2003-07,4종,1856
259,대천,2003-07,5종,4146
259,대천,2003-07,6종,11441
260,춘장대,2003-07,1종,63701
260,춘장대,2003-07,2종,3263
260,춘장대,2003-07,3종,1144
260,춘장대,2003-07,4종,548
260,춘장대,2003-07,5종,1907
260,춘장대,2003-07,6종,1979
261,동광주,2003-07,1종,1022849
261,동광주,2003-07,2종,64657
261,동광주,2003-07,3종,53914
261,동광주,2003-07,4종,20067
261,동광주,2003-07,5종,40800
261,동광주,2003-07,6종,34245
262,창평,2003-07,1종,58966
262,창평,2003-07,2종,4157
262,창평,2003-07,3종,872
262,창평,2003-07,4종,1349
262,창평,2003-07,5종,1762
262,창평,2003-07,6종,1867
263,옥과,2003-07,1종,167316
263,옥과,2003-07,2종,6554
263,옥과,2003-07,3종,9389
263,옥과,2003-07,4종,3151
263,옥과,2003-07,5종,4827
263,옥과,2003-07,6종,6014
264,동남원,2003-07,1종,52138
264,동남원,2003-07,2종,3526
264,동남원,2003-07,3종,1688
264,동남원,2003-07,4종,1571
264,동남원,2003-07,5종,2574
264,동남원,2003-07,6종,1640
265,곡성,2003-07,1종,141164
265,곡성,2003-07,2종,8157
265,곡성,2003-07,3종,3639
265,곡성,2003-07,4종,3430
265,곡성,2003-07,5종,6066
265,곡성,2003-07,6종,5681
266,석곡,2003-07,1종,52398
266,석곡,2003-07,2종,2936
266,석곡,2003-07,3종,2158
266,석곡,2003-07,4종,375
266,석곡,2003-07,5종,1006
266,석곡,2003-07,6종,2056
267,주암송광사,2003-07,1종,113436
267,주암송광사,2003-07,2종,8555
267,주암송광사,2003-07,3종,2634
267,주암송광사,2003-07,4종,2571
267,주암송광사,2003-07,5종,7112
267,주암송광사,2003-07,6종,3662
268,승주,2003-07,1종,46367
268,승주,2003-07,2종,1846
268,승주,2003-07,3종,1670
268,승주,2003-07,4종,433
268,승주,2003-07,5종,688
268,승주,2003-07,6종,2391
269,지리산,2003-07,1종,76787
269,지리산,2003-07,2종,4115
269,지리산,2003-07,3종,2847
269,지리산,2003-07,4종,1442
269,지리산,2003-07,5종,549
269,지리산,2003-07,6종,2063
270,서순천,2003-07,1종,177851
270,서순천,2003-07,2종,10438
270,서순천,2003-07,3종,9251
270,서순천,2003-07,4종,2391
270,서순천,2003-07,5종,16821
270,서순천,2003-07,6종,6732
271,순천,2003-07,1종,485978
271,순천,2003-07,2종,27360
271,순천,2003-07,3종,14718
271,순천,2003-07,4종,8453
271,순천,2003-07,5종,24153
271,순천,2003-07,6종,18718
272,광양,2003-07,1종,183134
272,광양,2003-07,2종,20882
272,광양,2003-07,3종,9843
272,광양,2003-07,4종,15285
272,광양,2003-07,5종,53922
272,광양,2003-07,6종,6304
273,동광양,2003-07,1종,93878
273,동광양,2003-07,2종,3599
273,동광양,2003-07,3종,1797
273,동광양,2003-07,4종,1169
273,동광양,2003-07,5종,26042
273,동광양,2003-07,6종,5405
274,가조,2003-07,1종,68237
274,가조,2003-07,2종,5037
274,가조,2003-07,3종,2828
274,가조,2003-07,4종,2801
274,가조,2003-07,5종,882
274,가조,2003-07,6종,4772
275,옥곡,2003-07,1종,105783
275,옥곡,2003-07,2종,4041
275,옥곡,2003-07,3종,2917
275,옥곡,2003-07,4종,709
275,옥곡,2003-07,5종,4651
275,옥곡,2003-07,6종,5288
276,진월,2003-07,1종,91663
276,진월,2003-07,2종,4010
276,진월,2003-07,3종,2085
276,진월,2003-07,4종,3440
276,진월,2003-07,5종,43084
276,진월,2003-07,6종,3838
277,하동,2003-07,1종,187990
277,하동,2003-07,2종,8170
277,하동,2003-07,3종,7836
277,하동,2003-07,4종,2235
277,하동,2003-07,5종,21214
277,하동,2003-07,6종,8644
278,진교,2003-07,1종,191720
278,진교,2003-07,2종,8572
278,진교,2003-07,3종,15319
278,진교,2003-07,4종,1109
278,진교,2003-07,5종,1575
278,진교,2003-07,6종,12201
279,곤양,2003-07,1종,128972
279,곤양,2003-07,2종,7545
279,곤양,2003-07,3종,6008
279,곤양,2003-07,4종,1756
279,곤양,2003-07,5종,3015
279,곤양,2003-07,6종,8566
280,거창,2003-07,1종,202335
280,거창,2003-07,2종,13969
280,거창,2003-07,3종,12794
280,거창,2003-07,4종,3872
280,거창,2003-07,5종,5427
280,거창,2003-07,6종,10751
281,매송,2003-07,1종,483534
281,매송,2003-07,2종,47439
281,매송,2003-07,3종,11336
281,매송,2003-07,4종,12050
281,매송,2003-07,5종,26166
281,매송,2003-07,6종,19845
282,비봉,2003-07,1종,560660
282,비봉,2003-07,2종,60708
282,비봉,2003-07,3종,7504
282,비봉,2003-07,4종,11377
282,비봉,2003-07,5종,29669
282,비봉,2003-07,6종,21051
283,발안,2003-07,1종,440283
283,발안,2003-07,2종,47826
283,발안,2003-07,3종,5882
283,발안,2003-07,4종,11040
283,발안,2003-07,5종,23078
283,발안,2003-07,6종,13656
284,남양양,2003-07,1종,346074
284,남양양,2003-07,2종,10490
284,남양양,2003-07,3종,10886
284,남양양,2003-07,4종,2397
284,남양양,2003-07,5종,5027
284,남양양,2003-07,6종,9281
285,서평택,2003-07,1종,632871
285,서평택,2003-07,2종,55830
285,서평택,2003-07,3종,9218
285,서평택,2003-07,4종,23015
285,서평택,2003-07,5종,71907
285,서평택,2003-07,6종,19726
287,송악,2003-07,1종,329861
287,송악,2003-07,2종,25497
287,송악,2003-07,3종,9310
287,송악,2003-07,4종,6285
287,송악,2003-07,5종,45147
287,송악,2003-07,6종,9455
288,당진,2003-07,1종,262702
288,당진,2003-07,2종,20238
288,당진,2003-07,3종,7696
288,당진,2003-07,4종,5260
288,당진,2003-07,5종,28421
288,당진,2003-07,6종,8306
289,마산,2003-07,1종,916147
289,마산,2003-07,2종,62764
289,마산,2003-07,3종,40691
289,마산,2003-07,4종,17718
289,마산,2003-07,5종,21805
289,마산,2003-07,6종,53934
290,축동,2003-07,1종,28154
290,축동,2003-07,2종,2430
290,축동,2003-07,3종,161
290,축동,2003-07,4종,557
290,축동,2003-07,5종,1449
290,축동,2003-07,6종,1769
291,사천,2003-07,1종,655163
291,사천,2003-07,2종,40867
291,사천,2003-07,3종,25484
291,사천,2003-07,4종,7210
291,사천,2003-07,5종,20730
291,사천,2003-07,6종,35902
292,진주,2003-07,1종,549640
292,진주,2003-07,2종,38585
292,진주,2003-07,3종,28201
292,진주,2003-07,4종,8019
292,진주,2003-07,5종,21841
292,진주,2003-07,6종,35293
293,문산,2003-07,1종,179695
293,문산,2003-07,2종,16411
293,문산,2003-07,3종,2380
293,문산,2003-07,4종,4031
293,문산,2003-07,5종,7276
293,문산,2003-07,6종,11249
294,북창원,2003-07,1종,227675
294,북창원,2003-07,2종,12947
294,북창원,2003-07,3종,1895
294,북창원,2003-07,4종,4132
294,북창원,2003-07,5종,4767
294,북창원,2003-07,6종,11726
295,진성,2003-07,1종,122198
295,진성,2003-07,2종,12031
295,진성,2003-07,3종,10983
295,진성,2003-07,4종,2959
295,진성,2003-07,5종,9416
295,진성,2003-07,6종,6509
296,지수,2003-07,1종,42220
296,지수,2003-07,2종,5470
296,지수,2003-07,3종,944
296,지수,2003-07,4종,529
296,지수,2003-07,5종,722
296,지수,2003-07,6종,2325
298,서산,2003-07,1종,362378
298,서산,2003-07,2종,19391
298,서산,2003-07,3종,7996
298,서산,2003-07,4종,2287
298,서산,2003-07,5종,8989
298,서산,2003-07,6종,10812
299,해미,2003-07,1종,172133
299,해미,2003-07,2종,11221
299,해미,2003-07,3종,3096
299,해미,2003-07,4종,2505
299,해미,2003-07,5종,8045
299,해미,2003-07,6종,5418
501,서김제,2003-07,1종,69749
501,서김제,2003-07,2종,8400
501,서김제,2003-07,3종,1086
501,서김제,2003-07,4종,1219
501,서김제,2003-07,5종,2056
501,서김제,2003-07,6종,2023
502,부안,2003-07,1종,110769
502,부안,2003-07,2종,9252
502,부안,2003-07,3종,3017
502,부안,2003-07,4종,1627
502,부안,2003-07,5종,5340
502,부안,2003-07,6종,2791
503,줄포,2003-07,1종,65677
503,줄포,2003-07,2종,4641
503,줄포,2003-07,3종,1270
503,줄포,2003-07,4종,556
503,줄포,2003-07,5종,464
503,줄포,2003-07,6종,1488
504,선운산,2003-07,1종,69168
504,선운산,2003-07,2종,10712
504,선운산,2003-07,3종,5992
504,선운산,2003-07,4종,2020
504,선운산,2003-07,5종,3119
504,선운산,2003-07,6종,1493
505,고창,2003-07,1종,84010
505,고창,2003-07,2종,6931
505,고창,2003-07,3종,1315
505,고창,2003-07,4종,572
505,고창,2003-07,5종,901
505,고창,2003-07,6종,2096
506,영광,2003-07,1종,66599
506,영광,2003-07,2종,6594
506,영광,2003-07,3종,3408
506,영광,2003-07,4종,667
506,영광,2003-07,5종,797
506,영광,2003-07,6종,1770
507,함평,2003-07,1종,55395
507,함평,2003-07,2종,11467
507,함평,2003-07,3종,1265
507,함평,2003-07,4종,1232
507,함평,2003-07,5종,2413
507,함평,2003-07,6종,1382
508,무안,2003-07,1종,301870
508,무안,2003-07,2종,22935
508,무안,2003-07,3종,10246
508,무안,2003-07,4종,4629
508,무안,2003-07,5종,10692
508,무안,2003-07,6종,8217
509,목포,2003-07,1종,456187
509,목포,2003-07,2종,32687
509,목포,2003-07,3종,17705
509,목포,2003-07,4종,6888
509,목포,2003-07,5종,17731
509,목포,2003-07,6종,12204
521,단양,2003-07,1종,87952
521,단양,2003-07,2종,3797
521,단양,2003-07,3종,4998
521,단양,2003-07,4종,843
521,단양,2003-07,5종,6687
521,단양,2003-07,6종,3435
522,북단양,2003-07,1종,75678
522,북단양,2003-07,2종,5104
522,북단양,2003-07,3종,3227
522,북단양,2003-07,4종,1259
522,북단양,2003-07,5종,20969
522,북단양,2003-07,6종,2518
523,남제천,2003-07,1종,51991
523,남제천,2003-07,2종,2919
523,남제천,2003-07,3종,1502
523,남제천,2003-07,4종,225
523,남제천,2003-07,5종,890
523,남제천,2003-07,6종,1703
530,내장산,2003-07,1종,24751
530,내장산,2003-07,2종,1829
530,내장산,2003-07,3종,240
530,내장산,2003-07,4종,342
530,내장산,2003-07,5종,408
530,내장산,2003-07,6종,695
540,청북,2003-07,1종,188459
540,청북,2003-07,2종,38769
540,청북,2003-07,3종,6315
540,청북,2003-07,4종,11660
540,청북,2003-07,5종,23565
540,청북,2003-07,6종,5181
541,송탄,2003-07,1종,272944
541,송탄,2003-07,2종,29897
541,송탄,2003-07,3종,5182
541,송탄,2003-07,4종,5886
541,송탄,2003-07,5종,11999
541,송탄,2003-07,6종,9423
542,서안성,2003-07,1종,106503
542,서안성,2003-07,2종,11827
542,서안성,2003-07,3종,1836
542,서안성,2003-07,4종,3186
542,서안성,2003-07,5종,5058
542,서안성,2003-07,6종,3518
560,감곡,2003-07,1종,86461
560,감곡,2003-07,2종,8223
560,감곡,2003-07,3종,2601
560,감곡,2003-07,4종,1255
560,감곡,2003-07,5종,8794
560,감곡,2003-07,6종,2741
561,북충주,2003-07,1종,38261
561,북충주,2003-07,2종,2960
561,북충주,2003-07,3종,484
561,북충주,2003-07,4종,284
561,북충주,2003-07,5종,1167
561,북충주,2003-07,6종,1194
562,충주,2003-07,1종,165987
562,충주,2003-07,2종,8817
562,충주,2003-07,3종,8873
562,충주,2003-07,4종,995
562,충주,2003-07,5종,2546
562,충주,2003-07,6종,5494
601,남천안,2003-07,1종,179979
601,남천안,2003-07,2종,49798
601,남천안,2003-07,3종,13921
601,남천안,2003-07,4종,18940
601,남천안,2003-07,5종,26792
601,남천안,2003-07,6종,4853
602,풍세상,2003-07,1종,530994
602,풍세상,2003-07,2종,43546
602,풍세상,2003-07,3종,72002
602,풍세상,2003-07,4종,13464
602,풍세상,2003-07,5종,29113
602,풍세상,2003-07,6종,14168
603,정안,2003-07,1종,103891
603,정안,2003-07,2종,14715
603,정안,2003-07,3종,6993
603,정안,2003-07,4종,5004
603,정안,2003-07,5종,6787
603,정안,2003-07,6종,3154
604,남공주,2003-07,1종,31568
604,남공주,2003-07,2종,2154
604,남공주,2003-07,3종,326
604,남공주,2003-07,4종,621
604,남공주,2003-07,5종,623
604,남공주,2003-07,6종,872
605,탄천,2003-07,1종,20076
605,탄천,2003-07,2종,1969
605,탄천,2003-07,3종,244
605,탄천,2003-07,4종,216
605,탄천,2003-07,5종,154
605,탄천,2003-07,6종,636
606,서논산,2003-07,1종,58358
606,서논산,2003-07,2종,8229
606,서논산,2003-07,3종,3057
606,서논산,2003-07,4종,2808
606,서논산,2003-07,5종,4499
606,서논산,2003-07,6종,1797
607,연무,2003-07,1종,41429
607,연무,2003-07,2종,3059
607,연무,2003-07,3종,978
607,연무,2003-07,4종,491
607,연무,2003-07,5종,834
607,연무,2003-07,6종,1240
608,남논산하,2003-07,1종,405005
608,남논산하,2003-07,2종,31928
608,남논산하,2003-07,3종,64209
608,남논산하,2003-07,4종,10513
608,남논산하,2003-07,5종,18101
608,남논산하,2003-07,6종,10113
11,인천,2003-08,1종,3083785
11,인천,2003-08,2종,157021
11,인천,2003-08,3종,47590
11,인천,2003-08,4종,51310
11,인천,2003-08,5종,106656
11,인천,2003-08,6종,177087
22,,2003-08,1종,619544
22,,2003-08,2종,23908
22,,2003-08,3종,20826
22,,2003-08,4종,9696
22,,2003-08,5종,24615
22,,2003-08,6종,26051
53,남인천,2003-08,1종,1550358
53,남인천,2003-08,2종,81661
53,남인천,2003-08,3종,20240
53,남인천,2003-08,4종,19718
53,남인천,2003-08,5종,98107
53,남인천,2003-08,6종,83134
56,일로,2003-08,1종,23821
56,일로,2003-08,2종,929
56,일로,2003-08,3종,164
56,일로,2003-08,4종,454
56,일로,2003-08,5종,251
56,일로,2003-08,6종,1271
61,성남,2003-08,1종,2955197
61,성남,2003-08,2종,202045
61,성남,2003-08,3종,68964
61,성남,2003-08,4종,34229
61,성남,2003-08,5종,48088
61,성남,2003-08,6종,124159
62,구리남양주,2003-08,1종,3935487
62,구리남양주,2003-08,2종,269112
62,구리남양주,2003-08,3종,60935
62,구리남양주,2003-08,4종,56441
62,구리남양주,2003-08,5종,60806
62,구리남양주,2003-08,6종,171663
63,토평,2003-08,1종,660344
63,토평,2003-08,2종,24232
63,토평,2003-08,3종,8200
63,토평,2003-08,4종,8276
63,토평,2003-08,5종,10240
63,토평,2003-08,6종,30180
64,청계,2003-08,1종,4220259
64,청계,2003-08,2종,229809
64,청계,2003-08,3종,74839
64,청계,2003-08,4종,34170
64,청계,2003-08,5종,72438
64,청계,2003-08,6종,186607
65,판교,2003-08,1종,2063024
65,판교,2003-08,2종,61698
65,판교,2003-08,3종,93138
65,판교,2003-08,4종,18766
65,판교,2003-08,5종,12452
65,판교,2003-08,6종,76086
66,하남,2003-08,1종,468147
66,하남,2003-08,2종,35952
66,하남,2003-08,3종,14308
66,하남,2003-08,4종,11174
66,하남,2003-08,5종,6985
66,하남,2003-08,6종,18094
67,시흥,2003-08,1종,3503107
67,시흥,2003-08,2종,219397
67,시흥,2003-08,3종,58173
67,시흥,2003-08,4종,38207
67,시흥,2003-08,5종,37538
67,시흥,2003-08,6종,153548
68,김포,2003-08,1종,3478573
68,김포,2003-08,2종,233391
68,김포,2003-08,3종,35247
68,김포,2003-08,4종,33099
68,김포,2003-08,5종,68298
68,김포,2003-08,6종,156635
91,대동(개),2003-08,1종,137962
91,대동(개),2003-08,2종,13166
91,대동(개),2003-08,3종,797
91,대동(개),2003-08,4종,32092
91,대동(개),2003-08,5종,11273
91,대동(개),2003-08,6종,7483
101,서울,2003-08,1종,5183462
101,서울,2003-08,2종,299420
101,서울,2003-08,3종,357034
101,서울,2003-08,4종,53915
101,서울,2003-08,5종,42317
101,서울,2003-08,6종,183580
102,동수원,2003-08,1종,1690276
102,동수원,2003-08,2종,75224
102,동수원,2003-08,3종,53150
102,동수원,2003-08,4종,19225
102,동수원,2003-08,5종,28568
102,동수원,2003-08,6종,77076
103,수원신갈,2003-08,1종,1974235
103,수원신갈,2003-08,2종,136357
103,수원신갈,2003-08,3종,79020
103,수원신갈,2003-08,4종,28025
103,수원신갈,2003-08,5종,29240
103,수원신갈,2003-08,6종,91993
104,지곡,2003-08,1종,56964
104,지곡,2003-08,2종,3332
104,지곡,2003-08,3종,1602
104,지곡,2003-08,4종,847
104,지곡,2003-08,5종,2247
104,지곡,2003-08,6종,1809
105,기흥,2003-08,1종,777295
105,기흥,2003-08,2종,79025
105,기흥,2003-08,3종,19940
105,기흥,2003-08,4종,14838
105,기흥,2003-08,5종,19670
105,기흥,2003-08,6종,26634
106,오산,2003-08,1종,1069220
106,오산,2003-08,2종,119534
106,오산,2003-08,3종,50280
106,오산,2003-08,4종,26164
106,오산,2003-08,5종,27614
106,오산,2003-08,6종,43021
107,안성,2003-08,1종,957502
107,안성,2003-08,2종,93613
107,안성,2003-08,3종,43628
107,안성,2003-08,4종,21985
107,안성,2003-08,5종,26272
107,안성,2003-08,6종,36663
108,천안,2003-08,1종,1248486
108,천안,2003-08,2종,87461
108,천안,2003-08,3종,60843
108,천안,2003-08,4종,25708
108,천안,2003-08,5종,27441
108,천안,2003-08,6종,44582
109,계룡,2003-08,1종,134616
109,계룡,2003-08,2종,13345
109,계룡,2003-08,3종,8682
109,계룡,2003-08,4종,6674
109,계룡,2003-08,5종,2304
109,계룡,2003-08,6종,6260
110,독립기념관,2003-08,1종,326001
110,독립기념관,2003-08,2종,39629
110,독립기념관,2003-08,3종,13336
110,독립기념관,2003-08,4종,12509
110,독립기념관,2003-08,5종,13210
110,독립기념관,2003-08,6종,10508
111,청주,2003-08,1종,540054
111,청주,2003-08,2종,43803
111,청주,2003-08,3종,38998
111,청주,2003-08,4종,11918
111,청주,2003-08,5종,15604
111,청주,2003-08,6종,20096
112,남청주,2003-08,1종,460678
112,남청주,2003-08,2종,74055
112,남청주,2003-08,3종,24312
112,남청주,2003-08,4종,30460
112,남청주,2003-08,5종,31438
112,남청주,2003-08,6종,16285
113,신탄진,2003-08,1종,475395
113,신탄진,2003-08,2종,68127
113,신탄진,2003-08,3종,15409
113,신탄진,2003-08,4종,32524
113,신탄진,2003-08,5종,34836
113,신탄진,2003-08,6종,17622
114,남대전,2003-08,1종,289102
114,남대전,2003-08,2종,14018
114,남대전,2003-08,3종,2209
114,남대전,2003-08,4종,2920
114,남대전,2003-08,5종,3445
114,남대전,2003-08,6종,11230
115,대전,2003-08,1종,1286972
115,대전,2003-08,2종,67119
115,대전,2003-08,3종,74849
115,대전,2003-08,4종,13752
115,대전,2003-08,5종,17168
115,대전,2003-08,6종,53821
116,옥천,2003-08,1종,485034
116,옥천,2003-08,2종,42229
116,옥천,2003-08,3종,8328
116,옥천,2003-08,4종,12530
116,옥천,2003-08,5종,12283
116,옥천,2003-08,6종,20506
117,금강,2003-08,1종,37851
117,금강,2003-08,2종,1247
117,금강,2003-08,3종,161
117,금강,2003-08,4종,548
117,금강,2003-08,5종,378
117,금강,2003-08,6종,1498
118,영동,2003-08,1종,146337
118,영동,2003-08,2종,17190
118,영동,2003-08,3종,5000
118,영동,2003-08,4종,6830
118,영동,2003-08,5종,9158
118,영동,2003-08,6종,4872
119,판암,2003-08,1종,368047
119,판암,2003-08,2종,18210
119,판암,2003-08,3종,2689
119,판암,2003-08,4종,7756
119,판암,2003-08,5종,5634
119,판암,2003-08,6종,16784
120,황간,2003-08,1종,112571
120,황간,2003-08,2종,9280
120,황간,2003-08,3종,3008
120,황간,2003-08,4종,5087
120,황간,2003-08,5종,4782
120,황간,2003-08,6종,3819
121,추풍령,2003-08,1종,60661
121,추풍령,2003-08,2종,9203
121,추풍령,2003-08,3종,3286
121,추풍령,2003-08,4종,4929
121,추풍령,2003-08,5종,4298
121,추풍령,2003-08,6종,3367
122,김천,2003-08,1종,307564
122,김천,2003-08,2종,37286
122,김천,2003-08,3종,17630
122,김천,2003-08,4종,13760
122,김천,2003-08,5종,14760
122,김천,2003-08,6종,11314
123,구미,2003-08,1종,606925
123,구미,2003-08,2종,33252
123,구미,2003-08,3종,20494
123,구미,2003-08,4종,13125
123,구미,2003-08,5종,13291
123,구미,2003-08,6종,28152
124,상주,2003-08,1종,238300
124,상주,2003-08,2종,15179
124,상주,2003-08,3종,6390
124,상주,2003-08,4종,3918
124,상주,2003-08,5종,6918
124,상주,2003-08,6종,10802
125,남구미,2003-08,1종,354524
125,남구미,2003-08,2종,38544
125,남구미,2003-08,3종,23233
125,남구미,2003-08,4종,15005
125,남구미,2003-08,5종,45185
125,남구미,2003-08,6종,16717
126,왜관,2003-08,1종,439178
126,왜관,2003-08,2종,47617
126,왜관,2003-08,3종,20920
126,왜관,2003-08,4종,14751
126,왜관,2003-08,5종,29569
126,왜관,2003-08,6종,21429
127,서대구,2003-08,1종,2094019
127,서대구,2003-08,2종,214219
127,서대구,2003-08,3종,76843
127,서대구,2003-08,4종,56928
127,서대구,2003-08,5종,95406
127,서대구,2003-08,6종,95467
129,북대구,2003-08,1종,1234000
129,북대구,2003-08,2종,83313
129,북대구,2003-08,3종,28095
129,북대구,2003-08,4종,17930
129,북대구,2003-08,5종,27482
129,북대구,2003-08,6종,53750
130,동김천,2003-08,1종,1105500
130,동김천,2003-08,2종,70951
130,동김천,2003-08,3종,42671
130,동김천,2003-08,4종,25698
130,동김천,2003-08,5종,33559
130,동김천,2003-08,6종,53647
131,경산,2003-08,1종,736026
131,경산,2003-08,2종,93992
131,경산,2003-08,3종,16826
131,경산,2003-08,4종,18836
131,경산,2003-08,5종,27240
131,경산,2003-08,6종,40389
132,영천,2003-08,1종,551192
132,영천,2003-08,2종,53809
132,영천,2003-08,3종,30382
132,영천,2003-08,4종,13975
132,영천,2003-08,5종,51862
132,영천,2003-08,6종,19508
133,서경주,2003-08,1종,112171
133,서경주,2003-08,2종,7650
133,서경주,2003-08,3종,2865
133,서경주,2003-08,4종,2324
133,서경주,2003-08,5종,6534
133,서경주,2003-08,6종,3941
134,선산,2003-08,1종,83109
134,선산,2003-08,2종,6115
134,선산,2003-08,3종,861
134,선산,2003-08,4종,1304
134,선산,2003-08,5종,1456
134,선산,2003-08,6종,3744
135,경주,2003-08,1종,1225244
135,경주,2003-08,2종,79380
135,경주,2003-08,3종,63129
135,경주,2003-08,4종,26525
135,경주,2003-08,5종,73509
135,경주,2003-08,6종,46709
136,음성,2003-08,1종,189371
136,음성,2003-08,2종,8267
136,음성,2003-08,3종,4845
136,음성,2003-08,4종,3181
136,음성,2003-08,5종,4167
136,음성,2003-08,6종,10620
137,통도사,2003-08,1종,406628
137,통도사,2003-08,2종,37165
137,통도사,2003-08,3종,15929
137,통도사,2003-08,4종,14410
137,통도사,2003-08,5종,20712
137,통도사,2003-08,6종,19577
138,양산,2003-08,1종,754991
138,양산,2003-08,2종,90142
138,양산,2003-08,3종,28205
138,양산,2003-08,4종,40392
138,양산,2003-08,5종,41012
138,양산,2003-08,6종,43827
139,서울산,2003-08,1종,455937
139,서울산,2003-08,2종,29078
139,서울산,2003-08,3종,18403
139,서울산,2003-08,4종,9795
139,서울산,2003-08,5종,13041
139,서울산,2003-08,6종,23573
140,부산,2003-08,1종,1675312
140,부산,2003-08,2종,98049
140,부산,2003-08,3종,69233
140,부산,2003-08,4종,43549
140,부산,2003-08,5종,106724
140,부산,2003-08,6종,82408
141,,2003-08,1종,1188178
141,,2003-08,2종,90043
141,,2003-08,3종,45619
141,,2003-08,4종,47058
141,,2003-08,5종,114717
141,,2003-08,6종,58508
142,군북,2003-08,1종,292709
142,군북,2003-08,2종,19454
142,군북,2003-08,3종,8612
142,군북,2003-08,4종,10151
142,군북,2003-08,5종,12284
142,군북,2003-08,6종,14994
143,장지,2003-08,1종,81303
143,장지,2003-08,2종,8174
143,장지,2003-08,3종,2565
143,장지,2003-08,4종,2025
143,장지,2003-08,5종,7162
143,장지,2003-08,6종,4137
144,함안,2003-08,1종,380275
144,함안,2003-08,2종,26907
144,함안,2003-08,3종,9397
144,함안,2003-08,4종,7735
144,함안,2003-08,5종,19005
144,함안,2003-08,6종,25180
145,산인,2003-08,1종,733267
145,산인,2003-08,2종,41747
145,산인,2003-08,3종,40053
145,산인,2003-08,4종,17835
145,산인,2003-08,5종,22842
145,산인,2003-08,6종,43644
146,동창원,2003-08,1종,608095
146,동창원,2003-08,2종,49062
146,동창원,2003-08,3종,8687
146,동창원,2003-08,4종,10519
146,동창원,2003-08,5종,32267
146,동창원,2003-08,6종,35624
147,진례,2003-08,1종,492435
147,진례,2003-08,2종,74678
147,진례,2003-08,3종,5767
147,진례,2003-08,4종,15635
147,진례,2003-08,5종,19202
147,진례,2003-08,6종,27625
148,서김해,2003-08,1종,669879
148,서김해,2003-08,2종,47372
148,서김해,2003-08,3종,9211
148,서김해,2003-08,4종,11534
148,서김해,2003-08,5종,16838
148,서김해,2003-08,6종,44927
149,동김해,2003-08,1종,1111539
149,동김해,2003-08,2종,64404
149,동김해,2003-08,3종,14677
149,동김해,2003-08,4종,18631
149,동김해,2003-08,5종,26197
149,동김해,2003-08,6종,84352
150,북부산,2003-08,1종,2667258
150,북부산,2003-08,2종,163620
150,북부산,2003-08,3종,62280
150,북부산,2003-08,4종,50819
150,북부산,2003-08,5종,108898
150,북부산,2003-08,6종,162452
151,북대전,2003-08,1종,528612
151,북대전,2003-08,2종,21592
151,북대전,2003-08,3종,14739
151,북대전,2003-08,4종,10354
151,북대전,2003-08,5종,10288
151,북대전,2003-08,6종,21587
152,유성,2003-08,1종,864820
152,유성,2003-08,2종,48570
152,유성,2003-08,3종,24399
152,유성,2003-08,4종,14080
152,유성,2003-08,5종,15399
152,유성,2003-08,6종,32213
153,서대전,2003-08,1종,591413
153,서대전,2003-08,2종,34671
153,서대전,2003-08,3종,9451
153,서대전,2003-08,4종,8887
153,서대전,2003-08,5종,10869
153,서대전,2003-08,6종,25560
154,안영,2003-08,1종,385100
154,안영,2003-08,2종,18049
154,안영,2003-08,3종,4256
154,안영,2003-08,4종,7595
154,안영,2003-08,5종,7727
154,안영,2003-08,6종,15297
155,논산,2003-08,1종,257870
155,논산,2003-08,2종,42900
155,논산,2003-08,3종,11005
155,논산,2003-08,4종,16249
155,논산,2003-08,5종,15821
155,논산,2003-08,6종,8367
156,익산,2003-08,1종,312266
156,익산,2003-08,2종,40691
156,익산,2003-08,3종,18370
156,익산,2003-08,4종,17098
156,익산,2003-08,5종,29463
156,익산,2003-08,6종,9183
157,삼례,2003-08,1종,84803
157,삼례,2003-08,2종,9757
157,삼례,2003-08,3종,2151
157,삼례,2003-08,4종,3448
157,삼례,2003-08,5종,4723
157,삼례,2003-08,6종,2699
158,전주,2003-08,1종,629836
158,전주,2003-08,2종,44817
158,전주,2003-08,3종,39480
158,전주,2003-08,4종,12496
158,전주,2003-08,5종,25452
158,전주,2003-08,6종,18958
159,서전주,2003-08,1종,166648
159,서전주,2003-08,2종,10723
159,서전주,2003-08,3종,2729
159,서전주,2003-08,4종,2989
159,서전주,2003-08,5종,2604
159,서전주,2003-08,6종,4926
160,김제,2003-08,1종,116208
160,김제,2003-08,2종,9329
160,김제,2003-08,3종,7632
160,김제,2003-08,4종,2424
160,김제,2003-08,5종,2262
160,김제,2003-08,6종,3384
161,금산사,2003-08,1종,58249
161,금산사,2003-08,2종,8275
161,금산사,2003-08,3종,894
161,금산사,2003-08,4종,1339
161,금산사,2003-08,5종,3069
161,금산사,2003-08,6종,1646
162,태인,2003-08,1종,121095
162,태인,2003-08,2종,13199
162,태인,2003-08,3종,4781
162,태인,2003-08,4종,4098
162,태인,2003-08,5종,5131
162,태인,2003-08,6종,3190
163,정읍,2003-08,1종,413012
163,정읍,2003-08,2종,38660
163,정읍,2003-08,3종,24918
163,정읍,2003-08,4종,8195
163,정읍,2003-08,5종,9518
163,정읍,2003-08,6종,12122
164,무주,2003-08,1종,232345
164,무주,2003-08,2종,6124
164,무주,2003-08,3종,4330
164,무주,2003-08,4종,1213
164,무주,2003-08,5종,2893
164,무주,2003-08,6종,6560
165,백양사,2003-08,1종,137579
165,백양사,2003-08,2종,7895
165,백양사,2003-08,3종,4763
165,백양사,2003-08,4종,2319
165,백양사,2003-08,5종,1904
165,백양사,2003-08,6종,3812
166,장성,2003-08,1종,180698
166,장성,2003-08,2종,13283
166,장성,2003-08,3종,10712
166,장성,2003-08,4종,3255
166,장성,2003-08,5종,8091
166,장성,2003-08,6종,7498
167,광주,2003-08,1종,1099957
167,광주,2003-08,2종,85194
167,광주,2003-08,3종,70578
167,광주,2003-08,4종,25683
167,광주,2003-08,5종,24223
167,광주,2003-08,6종,31345
168,덕유산,2003-08,1종,64640
168,덕유산,2003-08,2종,2593
168,덕유산,2003-08,3종,1008
168,덕유산,2003-08,4종,604
168,덕유산,2003-08,5종,2179
168,덕유산,2003-08,6종,1533
169,장수,2003-08,1종,141459
169,장수,2003-08,2종,17834
169,장수,2003-08,3종,6406
169,장수,2003-08,4종,6123
169,장수,2003-08,5종,12784
169,장수,2003-08,6종,3429
170,서상,2003-08,1종,52785
170,서상,2003-08,2종,3627
170,서상,2003-08,3종,3147
170,서상,2003-08,4종,980
170,서상,2003-08,5종,1378
170,서상,2003-08,6종,1652
171,마성,2003-08,1종,455867
171,마성,2003-08,2종,8469
171,마성,2003-08,3종,16044
171,마성,2003-08,4종,721
171,마성,2003-08,5종,535
171,마성,2003-08,6종,18997
172,용인,2003-08,1종,758271
172,용인,2003-08,2종,88803
172,용인,2003-08,3종,16603
172,용인,2003-08,4종,13453
172,용인,2003-08,5종,12297
172,용인,2003-08,6종,34511
173,양지,2003-08,1종,552635
173,양지,2003-08,2종,92334
173,양지,2003-08,3종,21093
173,양지,2003-08,4종,19981
173,양지,2003-08,5종,23837
173,양지,2003-08,6종,19325
174,춘천,2003-08,1종,490066
174,춘천,2003-08,2종,23614
174,춘천,2003-08,3종,13365
174,춘천,2003-08,4종,4228
174,춘천,2003-08,5종,5151
174,춘천,2003-08,6종,23523
175,덕평,2003-08,1종,191933
175,덕평,2003-08,2종,20116
175,덕평,2003-08,3종,7217
175,덕평,2003-08,4종,5630
175,덕평,2003-08,5종,5129
175,덕평,2003-08,6종,7035
176,이천,2003-08,1종,534601
176,이천,2003-08,2종,53516
176,이천,2003-08,3종,32925
176,이천,2003-08,4종,17754
176,이천,2003-08,5종,22685
176,이천,2003-08,6종,19565
177,여주,2003-08,1종,349220
177,여주,2003-08,2종,27319
177,여주,2003-08,3종,10698
177,여주,2003-08,4종,8456
177,여주,2003-08,5종,9367
177,여주,2003-08,6종,10783
178,문막,2003-08,1종,330889
178,문막,2003-08,2종,30424
178,문막,2003-08,3종,16283
178,문막,2003-08,4종,7334
178,문막,2003-08,5종,13768
178,문막,2003-08,6종,9997
179,홍천,2003-08,1종,345757
179,홍천,2003-08,2종,18849
179,홍천,2003-08,3종,7180
179,홍천,2003-08,4종,3856
179,홍천,2003-08,5종,3623
179,홍천,2003-08,6종,14965
180,원주,2003-08,1종,290165
180,원주,2003-08,2종,24940
180,원주,2003-08,3종,22259
180,원주,2003-08,4종,6032
180,원주,2003-08,5종,7664
180,원주,2003-08,6종,11669
181,새말,2003-08,1종,223652
181,새말,2003-08,2종,19513
181,새말,2003-08,3종,20922
181,새말,2003-08,4종,2877
181,새말,2003-08,5종,4452
181,새말,2003-08,6종,6647
182,둔내,2003-08,1종,123987
182,둔내,2003-08,2종,8943
182,둔내,2003-08,3종,2736
182,둔내,2003-08,4종,1180
182,둔내,2003-08,5종,579
182,둔내,2003-08,6종,3280
183,면온,2003-08,1종,101910
183,면온,2003-08,2종,3464
183,면온,2003-08,3종,8516
183,면온,2003-08,4종,2790
183,면온,2003-08,5종,2113
183,면온,2003-08,6종,2438
184,대관령,2003-08,1종,174385
184,대관령,2003-08,2종,12531
184,대관령,2003-08,3종,11141
184,대관령,2003-08,4종,1126
184,대관령,2003-08,5종,1486
184,대관령,2003-08,6종,5334
185,평창,2003-08,1종,179369
185,평창,2003-08,2종,13655
185,평창,2003-08,3종,12127
185,평창,2003-08,4종,1343
185,평창,2003-08,5종,2031
185,평창,2003-08,6종,5829
186,속사,2003-08,1종,72083
186,속사,2003-08,2종,7826
186,속사,2003-08,3종,1063
186,속사,2003-08,4종,752
186,속사,2003-08,5종,644
186,속사,2003-08,6종,1973
187,진부,2003-08,1종,205914
187,진부,2003-08,2종,14116
187,진부,2003-08,3종,12269
187,진부,2003-08,4종,2541
187,진부,2003-08,5종,1995
187,진부,2003-08,6종,6305
189,강릉,2003-08,1종,814259
189,강릉,2003-08,2종,31140
189,강릉,2003-08,3종,34962
189,강릉,2003-08,4종,9207
189,강릉,2003-08,5종,14820
189,강릉,2003-08,6종,28776
190,동서울,2003-08,1종,3295469
190,동서울,2003-08,2종,260427
190,동서울,2003-08,3종,140541
190,동서울,2003-08,4종,45753
190,동서울,2003-08,5종,50725
190,동서울,2003-08,6종,104063
191,경기광주,2003-08,1종,692073
191,경기광주,2003-08,2종,50178
191,경기광주,2003-08,3종,22706
191,경기광주,2003-08,4종,9174
191,경기광주,2003-08,5종,9352
191,경기광주,2003-08,6종,29359
192,곤지암,2003-08,1종,689130
192,곤지암,2003-08,2종,81127
192,곤지암,2003-08,3종,13572
192,곤지암,2003-08,4종,14099
192,곤지암,2003-08,5종,15022
192,곤지암,2003-08,6종,21571
193,일죽,2003-08,1종,516948
193,일죽,2003-08,2종,72182
193,일죽,2003-08,3종,25493
193,일죽,2003-08,4종,17064
193,일죽,2003-08,5종,15978
193,일죽,2003-08,6종,15709
194,서이천,2003-08,1종,345837
194,서이천,2003-08,2종,29529
194,서이천,2003-08,3종,14769
194,서이천,2003-08,4종,6858
194,서이천,2003-08,5종,6150
194,서이천,2003-08,6종,12943
195,대소,2003-08,1종,339739
195,대소,2003-08,2종,51165
195,대소,2003-08,3종,11334
195,대소,2003-08,4종,11364
195,대소,2003-08,5종,10581
195,대소,2003-08,6종,10995
196,진천,2003-08,1종,263628
196,진천,2003-08,2종,33738
196,진천,2003-08,3종,9179
196,진천,2003-08,4종,7894
196,진천,2003-08,5종,9778
196,진천,2003-08,6종,9875
197,증평,2003-08,1종,379435
197,증평,2003-08,2종,42389
197,증평,2003-08,3종,10372
197,증평,2003-08,4종,8547
197,증평,2003-08,5종,14893
197,증평,2003-08,6종,12067
198,서청주,2003-08,1종,514872
198,서청주,2003-08,2종,49270
198,서청주,2003-08,3종,22262
198,서청주,2003-08,4종,17289
198,서청주,2003-08,5종,14147
198,서청주,2003-08,6종,19140
199,오창,2003-08,1종,244489
199,오창,2003-08,2종,21144
199,오창,2003-08,3종,9990
199,오창,2003-08,4종,5162
199,오창,2003-08,5종,5642
199,오창,2003-08,6종,8849
200,금산,2003-08,1종,269218
200,금산,2003-08,2종,9277
200,금산,2003-08,3종,2847
200,금산,2003-08,4종,2307
200,금산,2003-08,5종,3185
200,금산,2003-08,6종,8888
201,칠곡,2003-08,1종,552108
201,칠곡,2003-08,2종,33141
201,칠곡,2003-08,3종,12876
201,칠곡,2003-08,4종,6850
201,칠곡,2003-08,5종,9525
201,칠곡,2003-08,6종,31143
202,다부,2003-08,1종,119962
202,다부,2003-08,2종,9536
202,다부,2003-08,3종,1776
202,다부,2003-08,4종,3244
202,다부,2003-08,5종,4715
202,다부,2003-08,6종,4419
203,가산,2003-08,1종,431887
203,가산,2003-08,2종,28502
203,가산,2003-08,3종,8211
203,가산,2003-08,4종,6141
203,가산,2003-08,5종,12682
203,가산,2003-08,6종,17748
204,추부,2003-08,1종,267415
204,추부,2003-08,2종,20033
204,추부,2003-08,3종,2995
204,추부,2003-08,4종,5354
204,추부,2003-08,5종,4638
204,추부,2003-08,6종,11596
205,군위,2003-08,1종,125646
205,군위,2003-08,2종,11418
205,군위,2003-08,3종,1465
205,군위,2003-08,4종,1578
205,군위,2003-08,5종,2404
205,군위,2003-08,6종,4741
206,의성,2003-08,1종,195472
206,의성,2003-08,2종,12053
206,의성,2003-08,3종,2372
206,의성,2003-08,4종,2022
206,의성,2003-08,5종,3726
206,의성,2003-08,6종,7023
207,남안동,2003-08,1종,283065
207,남안동,2003-08,2종,14774
207,남안동,2003-08,3종,10754
207,남안동,2003-08,4종,2415
207,남안동,2003-08,5종,7405
207,남안동,2003-08,6종,11078
208,서안동,2003-08,1종,271465
208,서안동,2003-08,2종,17521
208,서안동,2003-08,3종,6504
208,서안동,2003-08,4종,2117
208,서안동,2003-08,5종,9511
208,서안동,2003-08,6종,9663
209,예천,2003-08,1종,63185
209,예천,2003-08,2종,2778
209,예천,2003-08,3종,1174
209,예천,2003-08,4종,329
209,예천,2003-08,5종,3595
209,예천,2003-08,6종,2361
210,영주,2003-08,1종,188971
210,영주,2003-08,2종,11205
210,영주,2003-08,3종,4522
210,영주,2003-08,4종,1691
210,영주,2003-08,5종,5623
210,영주,2003-08,6종,7436
211,풍기,2003-08,1종,214078
211,풍기,2003-08,2종,13277
211,풍기,2003-08,3종,7756
211,풍기,2003-08,4종,1072
211,풍기,2003-08,5종,5545
211,풍기,2003-08,6종,8236
212,북수원,2003-08,1종,1248102
212,북수원,2003-08,2종,83381
212,북수원,2003-08,3종,35362
212,북수원,2003-08,4종,27939
212,북수원,2003-08,5종,22455
212,북수원,2003-08,6종,54058
213,부곡,2003-08,1종,240078
213,부곡,2003-08,2종,14796
213,부곡,2003-08,3종,3585
213,부곡,2003-08,4종,5965
213,부곡,2003-08,5종,45088
213,부곡,2003-08,6종,11402
214,동군포,2003-08,1종,111183
214,동군포,2003-08,2종,20254
214,동군포,2003-08,3종,5495
214,동군포,2003-08,4종,12355
214,동군포,2003-08,5종,5382
214,동군포,2003-08,6종,4877
215,군포,2003-08,1종,667878
215,군포,2003-08,2종,78810
215,군포,2003-08,3종,15804
215,군포,2003-08,4종,18395
215,군포,2003-08,5종,29899
215,군포,2003-08,6종,28532
216,횡성,2003-08,1종,140626
216,횡성,2003-08,2종,9178
216,횡성,2003-08,3종,3849
216,횡성,2003-08,4종,1759
216,횡성,2003-08,5종,2350
216,횡성,2003-08,6종,5825
217,북원주,2003-08,1종,72040
217,북원주,2003-08,2종,5135
217,북원주,2003-08,3종,1267
217,북원주,2003-08,4종,965
217,북원주,2003-08,5종,764
217,북원주,2003-08,6종,3198
218,남원주,2003-08,1종,517079
218,남원주,2003-08,2종,31501
218,남원주,2003-08,3종,18270
218,남원주,2003-08,4종,5047
218,남원주,2003-08,5종,7861
218,남원주,2003-08,6종,21446
219,신림,2003-08,1종,169014
219,신림,2003-08,2종,11999
219,신림,2003-08,3종,4277
219,신림,2003-08,4종,1168
219,신림,2003-08,5종,9487
219,신림,2003-08,6종,5486
221,생초,2003-08,1종,80062
221,생초,2003-08,2종,7674
221,생초,2003-08,3종,2468
221,생초,2003-08,4종,4723
221,생초,2003-08,5종,7510
221,생초,2003-08,6종,2825
222,산청,2003-08,1종,76585
222,산청,2003-08,2종,2968
222,산청,2003-08,3종,2036
222,산청,2003-08,4종,667
222,산청,2003-08,5종,1304
222,산청,2003-08,6종,3010
223,단성,2003-08,1종,146034
223,단성,2003-08,2종,5070
223,단성,2003-08,3종,5067
223,단성,2003-08,4종,1357
223,단성,2003-08,5종,2379
223,단성,2003-08,6종,4615
224,함양,2003-08,1종,140867
224,함양,2003-08,2종,7557
224,함양,2003-08,3종,4819
224,함양,2003-08,4종,1671
224,함양,2003-08,5종,4490
224,함양,2003-08,6종,5777
225,서진주,2003-08,1종,351108
225,서진주,2003-08,2종,10673
225,서진주,2003-08,3종,3042
225,서진주,2003-08,4종,1592
225,서진주,2003-08,5종,4264
225,서진주,2003-08,6종,20041
227,군산,2003-08,1종,156912
227,군산,2003-08,2종,8052
227,군산,2003-08,3종,4330
227,군산,2003-08,4종,1547
227,군산,2003-08,5종,3967
227,군산,2003-08,6종,5204
228,동군산,2003-08,1종,426093
228,동군산,2003-08,2종,28413
228,동군산,2003-08,3종,8053
228,동군산,2003-08,4종,7078
228,동군산,2003-08,5종,20821
228,동군산,2003-08,6종,11987
231,화원옥포,2003-08,1종,1648742
231,화원옥포,2003-08,2종,166075
231,화원옥포,2003-08,3종,63356
231,화원옥포,2003-08,4종,37940
231,화원옥포,2003-08,5종,87756
231,화원옥포,2003-08,6종,70325
232,달성,2003-08,1종,201732
232,달성,2003-08,2종,26686
232,달성,2003-08,3종,10249
232,달성,2003-08,4종,5545
232,달성,2003-08,5종,4019
232,달성,2003-08,6종,14608
233,현풍,2003-08,1종,260737
233,현풍,2003-08,2종,32737
233,현풍,2003-08,3종,5913
233,현풍,2003-08,4종,8767
233,현풍,2003-08,5종,17016
233,현풍,2003-08,6종,10947
234,서천,2003-08,1종,148174
234,서천,2003-08,2종,10955
234,서천,2003-08,3종,2534
234,서천,2003-08,4종,3023
234,서천,2003-08,5종,6573
234,서천,2003-08,6종,4780
235,창녕,2003-08,1종,189016
235,창녕,2003-08,2종,12530
235,창녕,2003-08,3종,6993
235,창녕,2003-08,4종,1996
235,창녕,2003-08,5종,3561
235,창녕,2003-08,6종,9114
236,영산,2003-08,1종,212058
236,영산,2003-08,2종,11971
236,영산,2003-08,3종,6659
236,영산,2003-08,4종,2108
236,영산,2003-08,5종,4282
236,영산,2003-08,6종,10277
237,남지,2003-08,1종,138789
237,남지,2003-08,2종,10178
237,남지,2003-08,3종,8277
237,남지,2003-08,4종,6903
237,남지,2003-08,5종,6474
237,남지,2003-08,6종,9481
238,칠서,2003-08,1종,200386
238,칠서,2003-08,2종,25277
238,칠서,2003-08,3종,4350
238,칠서,2003-08,4종,15680
238,칠서,2003-08,5종,13208
238,칠서,2003-08,6종,12347
239,칠원,2003-08,1종,482581
239,칠원,2003-08,2종,35202
239,칠원,2003-08,3종,20204
239,칠원,2003-08,4종,20784
239,칠원,2003-08,5종,20994
239,칠원,2003-08,6종,26747
240,제천,2003-08,1종,413827
240,제천,2003-08,2종,26596
240,제천,2003-08,3종,14102
240,제천,2003-08,4종,3592
240,제천,2003-08,5종,27075
240,제천,2003-08,6종,14301
241,동고령,2003-08,1종,179642
241,동고령,2003-08,2종,13861
241,동고령,2003-08,3종,8697
241,동고령,2003-08,4종,3474
241,동고령,2003-08,5종,8280
241,동고령,2003-08,6종,8377
242,고령,2003-08,1종,190944
242,고령,2003-08,2종,13179
242,고령,2003-08,3종,3682
242,고령,2003-08,4종,2782
242,고령,2003-08,5종,4493
242,고령,2003-08,6종,7814
243,해인사,2003-08,1종,121251
243,해인사,2003-08,2종,5271
243,해인사,2003-08,3종,1484
243,해인사,2003-08,4종,779
243,해인사,2003-08,5종,496
243,해인사,2003-08,6종,5513
244,서부산,2003-08,1종,2067316
244,서부산,2003-08,2종,160878
244,서부산,2003-08,3종,75901
244,서부산,2003-08,4종,55655
244,서부산,2003-08,5종,137970
244,서부산,2003-08,6종,109255
245,장유,2003-08,1종,1293107
245,장유,2003-08,2종,78076
245,장유,2003-08,3종,28292
245,장유,2003-08,4종,19327
245,장유,2003-08,5종,42330
245,장유,2003-08,6종,84225
246,가락,2003-08,1종,363434
246,가락,2003-08,2종,40283
246,가락,2003-08,3종,5362
246,가락,2003-08,4종,19075
246,가락,2003-08,5종,20115
246,가락,2003-08,6종,21415
247,남원,2003-08,1종,243195
247,남원,2003-08,2종,14739
247,남원,2003-08,3종,8997
247,남원,2003-08,4종,3698
247,남원,2003-08,5종,7300
247,남원,2003-08,6종,7506
248,순창,2003-08,1종,92908
248,순창,2003-08,2종,4943
248,순창,2003-08,3종,1284
248,순창,2003-08,4종,1124
248,순창,2003-08,5종,1535
248,순창,2003-08,6종,3469
249,담양,2003-08,1종,124882
249,담양,2003-08,2종,6111
249,담양,2003-08,3종,9934
249,담양,2003-08,4종,1289
249,담양,2003-08,5종,2749
249,담양,2003-08,6종,4375
250,남양산,2003-08,1종,803847
250,남양산,2003-08,2종,73219
250,남양산,2003-08,3종,17530
250,남양산,2003-08,4종,28851
250,남양산,2003-08,5종,49248
250,남양산,2003-08,6종,50969
251,물금,2003-08,1종,175149
251,물금,2003-08,2종,30814
251,물금,2003-08,3종,5264
251,물금,2003-08,4종,16386
251,물금,2003-08,5종,74657
251,물금,2003-08,6종,8736
252,대동,2003-08,1종,1955729
252,대동,2003-08,2종,220543
252,대동,2003-08,3종,45710
252,대동,2003-08,4종,66156
252,대동,2003-08,5종,146801
252,대동,2003-08,6종,94543
253,서서울,2003-08,1종,3995665
253,서서울,2003-08,2종,297009
253,서서울,2003-08,3종,64201
253,서서울,2003-08,4종,56733
253,서서울,2003-08,5종,85240
253,서서울,2003-08,6종,154981
254,군자,2003-08,1종,2769847
254,군자,2003-08,2종,247225
254,군자,2003-08,3종,59161
254,군자,2003-08,4종,73884
254,군자,2003-08,5종,197610
254,군자,2003-08,6종,121727
255,서안산,2003-08,1종,979942
255,서안산,2003-08,2종,122562
255,서안산,2003-08,3종,9787
255,서안산,2003-08,4종,22248
255,서안산,2003-08,5종,37384
255,서안산,2003-08,6종,44833
256,안산,2003-08,1종,1090274
256,안산,2003-08,2종,39934
256,안산,2003-08,3종,9322
256,안산,2003-08,4종,5444
256,안산,2003-08,5종,8406
256,안산,2003-08,6종,58364
257,홍성,2003-08,1종,419919
257,홍성,2003-08,2종,13202
257,홍성,2003-08,3종,6262
257,홍성,2003-08,4종,1918
257,홍성,2003-08,5종,4764
257,홍성,2003-08,6종,12050
258,광천,2003-08,1종,116443
258,광천,2003-08,2종,9689
258,광천,2003-08,3종,999
258,광천,2003-08,4종,1247
258,광천,2003-08,5종,5228
258,광천,2003-08,6종,3413
259,대천,2003-08,1종,461661
259,대천,2003-08,2종,14841
259,대천,2003-08,3종,4194
259,대천,2003-08,4종,2081
259,대천,2003-08,5종,4084
259,대천,2003-08,6종,14967
260,춘장대,2003-08,1종,95834
260,춘장대,2003-08,2종,3738
260,춘장대,2003-08,3종,907
260,춘장대,2003-08,4종,587
260,춘장대,2003-08,5종,2010
260,춘장대,2003-08,6종,2705
261,동광주,2003-08,1종,1227385
261,동광주,2003-08,2종,66950
261,동광주,2003-08,3종,52904
261,동광주,2003-08,4종,20182
261,동광주,2003-08,5종,35882
261,동광주,2003-08,6종,39658
262,창평,2003-08,1종,73994
262,창평,2003-08,2종,4355
262,창평,2003-08,3종,847
262,창평,2003-08,4종,1875
262,창평,2003-08,5종,1762
262,창평,2003-08,6종,2198
263,옥과,2003-08,1종,189734
263,옥과,2003-08,2종,7190
263,옥과,2003-08,3종,9074
263,옥과,2003-08,4종,2966
263,옥과,2003-08,5종,4172
263,옥과,2003-08,6종,6824
264,동남원,2003-08,1종,69063
264,동남원,2003-08,2종,3855
264,동남원,2003-08,3종,1810
264,동남원,2003-08,4종,1480
264,동남원,2003-08,5종,2906
264,동남원,2003-08,6종,1946
265,곡성,2003-08,1종,173873
265,곡성,2003-08,2종,8110
265,곡성,2003-08,3종,3837
265,곡성,2003-08,4종,3447
265,곡성,2003-08,5종,5742
265,곡성,2003-08,6종,6522
266,석곡,2003-08,1종,69390
266,석곡,2003-08,2종,2966
266,석곡,2003-08,3종,1902
266,석곡,2003-08,4종,401
266,석곡,2003-08,5종,882
266,석곡,2003-08,6종,2273
267,주암송광사,2003-08,1종,146034
267,주암송광사,2003-08,2종,8210
267,주암송광사,2003-08,3종,2603
267,주암송광사,2003-08,4종,3247
267,주암송광사,2003-08,5종,7508
267,주암송광사,2003-08,6종,4748
268,승주,2003-08,1종,60066
268,승주,2003-08,2종,2082
268,승주,2003-08,3종,1718
268,승주,2003-08,4종,401
268,승주,2003-08,5종,608
268,승주,2003-08,6종,2557
269,지리산,2003-08,1종,119185
269,지리산,2003-08,2종,3831
269,지리산,2003-08,3종,2817
269,지리산,2003-08,4종,1394
269,지리산,2003-08,5종,529
269,지리산,2003-08,6종,3170
270,서순천,2003-08,1종,202046
270,서순천,2003-08,2종,11052
270,서순천,2003-08,3종,9114
270,서순천,2003-08,4종,2525
270,서순천,2003-08,5종,13724
270,서순천,2003-08,6종,7725
271,순천,2003-08,1종,595180
271,순천,2003-08,2종,29567
271,순천,2003-08,3종,14352
271,순천,2003-08,4종,8792
271,순천,2003-08,5종,23615
271,순천,2003-08,6종,21859
272,광양,2003-08,1종,216946
272,광양,2003-08,2종,22696
272,광양,2003-08,3종,9606
272,광양,2003-08,4종,15841
272,광양,2003-08,5종,52631
272,광양,2003-08,6종,7080
273,동광양,2003-08,1종,99841
273,동광양,2003-08,2종,3778
273,동광양,2003-08,3종,1527
273,동광양,2003-08,4종,1439
273,동광양,2003-08,5종,18367
273,동광양,2003-08,6종,5501
274,가조,2003-08,1종,84484
274,가조,2003-08,2종,4949
274,가조,2003-08,3종,2522
274,가조,2003-08,4종,3776
274,가조,2003-08,5종,1033
274,가조,2003-08,6종,5050
275,옥곡,2003-08,1종,122671
275,옥곡,2003-08,2종,4107
275,옥곡,2003-08,3종,2804
275,옥곡,2003-08,4종,815
275,옥곡,2003-08,5종,4538
275,옥곡,2003-08,6종,5170
276,진월,2003-08,1종,96815
276,진월,2003-08,2종,4055
276,진월,2003-08,3종,1611
276,진월,2003-08,4종,4622
276,진월,2003-08,5종,45058
276,진월,2003-08,6종,3751
277,하동,2003-08,1종,259872
277,하동,2003-08,2종,9134
277,하동,2003-08,3종,8075
277,하동,2003-08,4종,2412
277,하동,2003-08,5종,22741
277,하동,2003-08,6종,10932
278,진교,2003-08,1종,258932
278,진교,2003-08,2종,9455
278,진교,2003-08,3종,14967
278,진교,2003-08,4종,1257
278,진교,2003-08,5종,1738
278,진교,2003-08,6종,14288
279,곤양,2003-08,1종,152975
279,곤양,2003-08,2종,8238
279,곤양,2003-08,3종,5746
279,곤양,2003-08,4종,1998
279,곤양,2003-08,5종,2731
279,곤양,2003-08,6종,9213
280,거창,2003-08,1종,271518
280,거창,2003-08,2종,15102
280,거창,2003-08,3종,12812
280,거창,2003-08,4종,5424
280,거창,2003-08,5종,5655
280,거창,2003-08,6종,12867
281,매송,2003-08,1종,495700
281,매송,2003-08,2종,44019
281,매송,2003-08,3종,10742
281,매송,2003-08,4종,11286
281,매송,2003-08,5종,23183
281,매송,2003-08,6종,20971
282,비봉,2003-08,1종,591398
282,비봉,2003-08,2종,55900
282,비봉,2003-08,3종,7725
282,비봉,2003-08,4종,10517
282,비봉,2003-08,5종,23457
282,비봉,2003-08,6종,21890
283,발안,2003-08,1종,454042
283,발안,2003-08,2종,43722
283,발안,2003-08,3종,6679
283,발안,2003-08,4종,10575
283,발안,2003-08,5종,22391
283,발안,2003-08,6종,14185
284,남양양,2003-08,1종,499501
284,남양양,2003-08,2종,9370
284,남양양,2003-08,3종,10586
284,남양양,2003-08,4종,2165
284,남양양,2003-08,5종,3729
284,남양양,2003-08,6종,13208
285,서평택,2003-08,1종,681269
285,서평택,2003-08,2종,52172
285,서평택,2003-08,3종,9194
285,서평택,2003-08,4종,23423
285,서평택,2003-08,5종,67101
285,서평택,2003-08,6종,21484
287,송악,2003-08,1종,364004
287,송악,2003-08,2종,23775
287,송악,2003-08,3종,8483
287,송악,2003-08,4종,6152
287,송악,2003-08,5종,37865
287,송악,2003-08,6종,10276
288,당진,2003-08,1종,306202
288,당진,2003-08,2종,19450
288,당진,2003-08,3종,7837
288,당진,2003-08,4종,5374
288,당진,2003-08,5종,30167
288,당진,2003-08,6종,9507
289,마산,2003-08,1종,1038556
289,마산,2003-08,2종,64917
289,마산,2003-08,3종,41554
289,마산,2003-08,4종,18033
289,마산,2003-08,5종,23388
289,마산,2003-08,6종,58620
290,축동,2003-08,1종,33838
290,축동,2003-08,2종,2638
290,축동,2003-08,3종,136
290,축동,2003-08,4종,611
290,축동,2003-08,5종,1509
290,축동,2003-08,6종,2208
291,사천,2003-08,1종,791103
291,사천,2003-08,2종,43117
291,사천,2003-08,3종,23719
291,사천,2003-08,4종,7579
291,사천,2003-08,5종,19830
291,사천,2003-08,6종,38340
292,진주,2003-08,1종,601752
292,진주,2003-08,2종,38358
292,진주,2003-08,3종,25404
292,진주,2003-08,4종,7931
292,진주,2003-08,5종,19849
292,진주,2003-08,6종,36445
293,문산,2003-08,1종,199016
293,문산,2003-08,2종,16903
293,문산,2003-08,3종,2491
293,문산,2003-08,4종,3954
293,문산,2003-08,5종,7184
293,문산,2003-08,6종,11772
294,북창원,2003-08,1종,228470
294,북창원,2003-08,2종,12056
294,북창원,2003-08,3종,1431
294,북창원,2003-08,4종,4355
294,북창원,2003-08,5종,4372
294,북창원,2003-08,6종,11864
295,진성,2003-08,1종,154633
295,진성,2003-08,2종,12414
295,진성,2003-08,3종,13079
295,진성,2003-08,4종,3193
295,진성,2003-08,5종,9967
295,진성,2003-08,6종,7341
296,지수,2003-08,1종,54290
296,지수,2003-08,2종,4712
296,지수,2003-08,3종,1250
296,지수,2003-08,4종,708
296,지수,2003-08,5종,710
296,지수,2003-08,6종,2985
298,서산,2003-08,1종,464883
298,서산,2003-08,2종,17759
298,서산,2003-08,3종,7794
298,서산,2003-08,4종,2476
298,서산,2003-08,5종,8663
298,서산,2003-08,6종,14476
299,해미,2003-08,1종,214871
299,해미,2003-08,2종,10897
299,해미,2003-08,3종,3363
299,해미,2003-08,4종,2590
299,해미,2003-08,5종,7721
299,해미,2003-08,6종,6517
501,서김제,2003-08,1종,90543
501,서김제,2003-08,2종,8153
501,서김제,2003-08,3종,1041
501,서김제,2003-08,4종,1193
501,서김제,2003-08,5종,2435
501,서김제,2003-08,6종,2452
502,부안,2003-08,1종,154939
502,부안,2003-08,2종,9459
502,부안,2003-08,3종,3238
502,부안,2003-08,4종,1619
502,부안,2003-08,5종,4777
502,부안,2003-08,6종,4006
503,줄포,2003-08,1종,97901
503,줄포,2003-08,2종,4067
503,줄포,2003-08,3종,1356
503,줄포,2003-08,4종,584
503,줄포,2003-08,5종,648
503,줄포,2003-08,6종,2362
504,선운산,2003-08,1종,94013
504,선운산,2003-08,2종,11198
504,선운산,2003-08,3종,6324
504,선운산,2003-08,4종,2294
504,선운산,2003-08,5종,3419
504,선운산,2003-08,6종,2193
505,고창,2003-08,1종,109951
505,고창,2003-08,2종,6004
505,고창,2003-08,3종,1287
505,고창,2003-08,4종,611
505,고창,2003-08,5종,1384
505,고창,2003-08,6종,2736
506,영광,2003-08,1종,90751
506,영광,2003-08,2종,6529
506,영광,2003-08,3종,3510
506,영광,2003-08,4종,822
506,영광,2003-08,5종,1291
506,영광,2003-08,6종,2490
507,함평,2003-08,1종,73958
507,함평,2003-08,2종,9750
507,함평,2003-08,3종,1448
507,함평,2003-08,4종,1710
507,함평,2003-08,5종,3055
507,함평,2003-08,6종,1887
508,무안,2003-08,1종,357054
508,무안,2003-08,2종,23629
508,무안,2003-08,3종,10014
508,무안,2003-08,4종,4734
508,무안,2003-08,5종,12693
508,무안,2003-08,6종,9813
509,목포,2003-08,1종,596925
509,목포,2003-08,2종,34884
509,목포,2003-08,3종,17939
509,목포,2003-08,4종,7549
509,목포,2003-08,5종,19679
509,목포,2003-08,6종,15883
521,단양,2003-08,1종,130874
521,단양,2003-08,2종,4206
521,단양,2003-08,3종,4637
521,단양,2003-08,4종,821
521,단양,2003-08,5종,6615
521,단양,2003-08,6종,4907
522,북단양,2003-08,1종,97771
522,북단양,2003-08,2종,5703
522,북단양,2003-08,3종,2834
522,북단양,2003-08,4종,1373
522,북단양,2003-08,5종,21127
522,북단양,2003-08,6종,3261
523,남제천,2003-08,1종,65812
523,남제천,2003-08,2종,3112
523,남제천,2003-08,3종,1178
523,남제천,2003-08,4종,244
523,남제천,2003-08,5종,886
523,남제천,2003-08,6종,2054
530,내장산,2003-08,1종,30602
530,내장산,2003-08,2종,1903
530,내장산,2003-08,3종,230
530,내장산,2003-08,4종,637
530,내장산,2003-08,5종,348
530,내장산,2003-08,6종,886
540,청북,2003-08,1종,217760
540,청북,2003-08,2종,39895
540,청북,2003-08,3종,8862
540,청북,2003-08,4종,12327
540,청북,2003-08,5종,25476
540,청북,2003-08,6종,5797
541,송탄,2003-08,1종,274691
541,송탄,2003-08,2종,29866
541,송탄,2003-08,3종,5063
541,송탄,2003-08,4종,5858
541,송탄,2003-08,5종,10641
541,송탄,2003-08,6종,9383
542,서안성,2003-08,1종,119008
542,서안성,2003-08,2종,12184
542,서안성,2003-08,3종,1600
542,서안성,2003-08,4종,3591
542,서안성,2003-08,5종,5979
542,서안성,2003-08,6종,4166
560,감곡,2003-08,1종,99510
560,감곡,2003-08,2종,8243
560,감곡,2003-08,3종,3334
560,감곡,2003-08,4종,1068
560,감곡,2003-08,5종,6833
560,감곡,2003-08,6종,2999
561,북충주,2003-08,1종,42060
561,북충주,2003-08,2종,3298
561,북충주,2003-08,3종,777
561,북충주,2003-08,4종,220
561,북충주,2003-08,5종,974
561,북충주,2003-08,6종,1344
562,충주,2003-08,1종,200563
562,충주,2003-08,2종,8048
562,충주,2003-08,3종,8166
562,충주,2003-08,4종,876
562,충주,2003-08,5종,2143
562,충주,2003-08,6종,6634
601,남천안,2003-08,1종,193149
601,남천안,2003-08,2종,46552
601,남천안,2003-08,3종,13027
601,남천안,2003-08,4종,18163
601,남천안,2003-08,5종,24014
601,남천안,2003-08,6종,5573
602,풍세상,2003-08,1종,712299
602,풍세상,2003-08,2종,40479
602,풍세상,2003-08,3종,75981
602,풍세상,2003-08,4종,12691
602,풍세상,2003-08,5종,25994
602,풍세상,2003-08,6종,19565
603,정안,2003-08,1종,120754
603,정안,2003-08,2종,13829
603,정안,2003-08,3종,7332
603,정안,2003-08,4종,4468
603,정안,2003-08,5종,6270
603,정안,2003-08,6종,3779
604,남공주,2003-08,1종,38268
604,남공주,2003-08,2종,2022
604,남공주,2003-08,3종,298
604,남공주,2003-08,4종,508
604,남공주,2003-08,5종,594
604,남공주,2003-08,6종,1172
605,탄천,2003-08,1종,26072
605,탄천,2003-08,2종,1753
605,탄천,2003-08,3종,185
605,탄천,2003-08,4종,153
605,탄천,2003-08,5종,178
605,탄천,2003-08,6종,704
606,서논산,2003-08,1종,71423
606,서논산,2003-08,2종,7914
606,서논산,2003-08,3종,3143
606,서논산,2003-08,4종,2537
606,서논산,2003-08,5종,4007
606,서논산,2003-08,6종,2112
607,연무,2003-08,1종,50160
607,연무,2003-08,2종,3177
607,연무,2003-08,3종,1440
607,연무,2003-08,4종,643
607,연무,2003-08,5종,834
607,연무,2003-08,6종,1425
608,남논산하,2003-08,1종,489668
608,남논산하,2003-08,2종,30716
608,남논산하,2003-08,3종,66898
608,남논산하,2003-08,4종,10375
608,남논산하,2003-08,5종,16924
608,남논산하,2003-08,6종,11894
11,인천,2003-09,1종,3077090
11,인천,2003-09,2종,155034
11,인천,2003-09,3종,46363
11,인천,2003-09,4종,50756
11,인천,2003-09,5종,105383
11,인천,2003-09,6종,176586
22,,2003-09,1종,472093
22,,2003-09,2종,21974
22,,2003-09,3종,19567
22,,2003-09,4종,8758
22,,2003-09,5종,23239
22,,2003-09,6종,22884
53,남인천,2003-09,1종,1542558
53,남인천,2003-09,2종,82849
53,남인천,2003-09,3종,21646
53,남인천,2003-09,4종,19414
53,남인천,2003-09,5종,101872
53,남인천,2003-09,6종,82426
56,일로,2003-09,1종,19634
56,일로,2003-09,2종,891
56,일로,2003-09,3종,67
56,일로,2003-09,4종,124
56,일로,2003-09,5종,254
56,일로,2003-09,6종,1166
61,성남,2003-09,1종,2695715
61,성남,2003-09,2종,191992
61,성남,2003-09,3종,71594
61,성남,2003-09,4종,32732
61,성남,2003-09,5종,45688
61,성남,2003-09,6종,116873
62,구리남양주,2003-09,1종,3715356
62,구리남양주,2003-09,2종,260523
62,구리남양주,2003-09,3종,61534
62,구리남양주,2003-09,4종,52795
62,구리남양주,2003-09,5종,62361
62,구리남양주,2003-09,6종,163749
63,토평,2003-09,1종,626693
63,토평,2003-09,2종,21539
63,토평,2003-09,3종,8357
63,토평,2003-09,4종,8865
63,토평,2003-09,5종,9961
63,토평,2003-09,6종,29122
64,청계,2003-09,1종,3628905
64,청계,2003-09,2종,210980
64,청계,2003-09,3종,69725
64,청계,2003-09,4종,29258
64,청계,2003-09,5종,63183
64,청계,2003-09,6종,166554
65,판교,2003-09,1종,1913006
65,판교,2003-09,2종,59441
65,판교,2003-09,3종,89909
65,판교,2003-09,4종,16183
65,판교,2003-09,5종,10735
65,판교,2003-09,6종,71997
66,하남,2003-09,1종,426595
66,하남,2003-09,2종,34092
66,하남,2003-09,3종,12766
66,하남,2003-09,4종,10898
66,하남,2003-09,5종,6261
66,하남,2003-09,6종,17015
67,시흥,2003-09,1종,3277250
67,시흥,2003-09,2종,215753
67,시흥,2003-09,3종,57547
67,시흥,2003-09,4종,36546
67,시흥,2003-09,5종,40624
67,시흥,2003-09,6종,145270
68,김포,2003-09,1종,3226829
68,김포,2003-09,2종,222523
68,김포,2003-09,3종,32615
68,김포,2003-09,4종,31441
68,김포,2003-09,5종,68703
68,김포,2003-09,6종,146148
91,대동(개),2003-09,1종,133916
91,대동(개),2003-09,2종,13385
91,대동(개),2003-09,3종,768
91,대동(개),2003-09,4종,31187
91,대동(개),2003-09,5종,10145
91,대동(개),2003-09,6종,7165
101,서울,2003-09,1종,4805658
101,서울,2003-09,2종,290900
101,서울,2003-09,3종,371797
101,서울,2003-09,4종,51189
101,서울,2003-09,5종,43168
101,서울,2003-09,6종,170942
102,동수원,2003-09,1종,1639732
102,동수원,2003-09,2종,73206
102,동수원,2003-09,3종,54307
102,동수원,2003-09,4종,20127
102,동수원,2003-09,5종,30305
102,동수원,2003-09,6종,76506
103,수원신갈,2003-09,1종,1830495
103,수원신갈,2003-09,2종,134497
103,수원신갈,2003-09,3종,82702
103,수원신갈,2003-09,4종,26682
103,수원신갈,2003-09,5종,29955
103,수원신갈,2003-09,6종,88142
104,지곡,2003-09,1종,39634
104,지곡,2003-09,2종,3133
104,지곡,2003-09,3종,591
104,지곡,2003-09,4종,689
104,지곡,2003-09,5종,2085
104,지곡,2003-09,6종,1283
105,기흥,2003-09,1종,698167
105,기흥,2003-09,2종,72043
105,기흥,2003-09,3종,19655
105,기흥,2003-09,4종,13621
105,기흥,2003-09,5종,20527
105,기흥,2003-09,6종,25569
106,오산,2003-09,1종,973148
106,오산,2003-09,2종,114363
106,오산,2003-09,3종,49228
106,오산,2003-09,4종,24315
106,오산,2003-09,5종,27856
106,오산,2003-09,6종,39640
107,안성,2003-09,1종,878240
107,안성,2003-09,2종,88482
107,안성,2003-09,3종,44668
107,안성,2003-09,4종,20047
107,안성,2003-09,5종,25838
107,안성,2003-09,6종,34539
108,천안,2003-09,1종,1174858
108,천안,2003-09,2종,84303
108,천안,2003-09,3종,68110
108,천안,2003-09,4종,24042
108,천안,2003-09,5종,27183
108,천안,2003-09,6종,42087
109,계룡,2003-09,1종,129205
109,계룡,2003-09,2종,14246
109,계룡,2003-09,3종,8936
109,계룡,2003-09,4종,6193
109,계룡,2003-09,5종,2554
109,계룡,2003-09,6종,5854
110,독립기념관,2003-09,1종,262614
110,독립기념관,2003-09,2종,36179
110,독립기념관,2003-09,3종,12174
110,독립기념관,2003-09,4종,10701
110,독립기념관,2003-09,5종,12648
110,독립기념관,2003-09,6종,8560
111,청주,2003-09,1종,484656
111,청주,2003-09,2종,41999
111,청주,2003-09,3종,38876
111,청주,2003-09,4종,11796
111,청주,2003-09,5종,18036
111,청주,2003-09,6종,17324
112,남청주,2003-09,1종,424907
112,남청주,2003-09,2종,68953
112,남청주,2003-09,3종,24479
112,남청주,2003-09,4종,27514
112,남청주,2003-09,5종,33662
112,남청주,2003-09,6종,15842
113,신탄진,2003-09,1종,422802
113,신탄진,2003-09,2종,62091
113,신탄진,2003-09,3종,15092
113,신탄진,2003-09,4종,28498
113,신탄진,2003-09,5종,32744
113,신탄진,2003-09,6종,16134
114,남대전,2003-09,1종,254985
114,남대전,2003-09,2종,12674
114,남대전,2003-09,3종,1920
114,남대전,2003-09,4종,2809
114,남대전,2003-09,5종,4534
114,남대전,2003-09,6종,10694
115,대전,2003-09,1종,1186448
115,대전,2003-09,2종,64652
115,대전,2003-09,3종,73558
115,대전,2003-09,4종,13243
115,대전,2003-09,5종,17246
115,대전,2003-09,6종,50393
116,옥천,2003-09,1종,434403
116,옥천,2003-09,2종,40429
116,옥천,2003-09,3종,8644
116,옥천,2003-09,4종,11187
116,옥천,2003-09,5종,11214
116,옥천,2003-09,6종,19191
117,금강,2003-09,1종,25858
117,금강,2003-09,2종,1115
117,금강,2003-09,3종,149
117,금강,2003-09,4종,531
117,금강,2003-09,5종,105
117,금강,2003-09,6종,972
118,영동,2003-09,1종,122259
118,영동,2003-09,2종,15970
118,영동,2003-09,3종,4783
118,영동,2003-09,4종,7773
118,영동,2003-09,5종,8214
118,영동,2003-09,6종,4282
119,판암,2003-09,1종,346712
119,판암,2003-09,2종,17548
119,판암,2003-09,3종,2637
119,판암,2003-09,4종,7258
119,판암,2003-09,5종,6023
119,판암,2003-09,6종,15936
120,황간,2003-09,1종,93204
120,황간,2003-09,2종,8234
120,황간,2003-09,3종,2176
120,황간,2003-09,4종,5945
120,황간,2003-09,5종,3518
120,황간,2003-09,6종,3414
121,추풍령,2003-09,1종,51106
121,추풍령,2003-09,2종,5220
121,추풍령,2003-09,3종,1215
121,추풍령,2003-09,4종,3186
121,추풍령,2003-09,5종,2599
121,추풍령,2003-09,6종,3161
122,김천,2003-09,1종,259113
122,김천,2003-09,2종,30617
122,김천,2003-09,3종,15505
122,김천,2003-09,4종,11608
122,김천,2003-09,5종,12872
122,김천,2003-09,6종,9756
123,구미,2003-09,1종,554365
123,구미,2003-09,2종,30038
123,구미,2003-09,3종,20026
123,구미,2003-09,4종,11844
123,구미,2003-09,5종,12651
123,구미,2003-09,6종,26301
124,상주,2003-09,1종,223626
124,상주,2003-09,2종,14016
124,상주,2003-09,3종,6649
124,상주,2003-09,4종,3590
124,상주,2003-09,5종,7545
124,상주,2003-09,6종,10127
125,남구미,2003-09,1종,333193
125,남구미,2003-09,2종,37269
125,남구미,2003-09,3종,22196
125,남구미,2003-09,4종,14965
125,남구미,2003-09,5종,49499
125,남구미,2003-09,6종,15947
126,왜관,2003-09,1종,409130
126,왜관,2003-09,2종,44231
126,왜관,2003-09,3종,19392
126,왜관,2003-09,4종,13448
126,왜관,2003-09,5종,27432
126,왜관,2003-09,6종,19659
127,서대구,2003-09,1종,1893466
127,서대구,2003-09,2종,208465
127,서대구,2003-09,3종,73962
127,서대구,2003-09,4종,54470
127,서대구,2003-09,5종,98893
127,서대구,2003-09,6종,87535
129,북대구,2003-09,1종,1147199
129,북대구,2003-09,2종,81485
129,북대구,2003-09,3종,25743
129,북대구,2003-09,4종,17307
129,북대구,2003-09,5종,28033
129,북대구,2003-09,6종,49648
130,동김천,2003-09,1종,988897
130,동김천,2003-09,2종,65413
130,동김천,2003-09,3종,39879
130,동김천,2003-09,4종,23542
130,동김천,2003-09,5종,30308
130,동김천,2003-09,6종,48186
131,경산,2003-09,1종,679812
131,경산,2003-09,2종,84972
131,경산,2003-09,3종,17098
131,경산,2003-09,4종,16843
131,경산,2003-09,5종,24712
131,경산,2003-09,6종,37138
132,영천,2003-09,1종,490607
132,영천,2003-09,2종,54121
132,영천,2003-09,3종,29119
132,영천,2003-09,4종,14089
132,영천,2003-09,5종,59616
132,영천,2003-09,6종,17181
133,서경주,2003-09,1종,92501
133,서경주,2003-09,2종,7435
133,서경주,2003-09,3종,2797
133,서경주,2003-09,4종,2008
133,서경주,2003-09,5종,4875
133,서경주,2003-09,6종,3254
134,선산,2003-09,1종,80361
134,선산,2003-09,2종,5479
134,선산,2003-09,3종,934
134,선산,2003-09,4종,1206
134,선산,2003-09,5종,1424
134,선산,2003-09,6종,3708
135,경주,2003-09,1종,879247
135,경주,2003-09,2종,74306
135,경주,2003-09,3종,65544
135,경주,2003-09,4종,25626
135,경주,2003-09,5종,77877
135,경주,2003-09,6종,35014
136,음성,2003-09,1종,137256
136,음성,2003-09,2종,7807
136,음성,2003-09,3종,4824
136,음성,2003-09,4종,2970
136,음성,2003-09,5종,4174
136,음성,2003-09,6종,8482
137,통도사,2003-09,1종,351805
137,통도사,2003-09,2종,37276
137,통도사,2003-09,3종,14353
137,통도사,2003-09,4종,13956
137,통도사,2003-09,5종,20613
137,통도사,2003-09,6종,16969
138,양산,2003-09,1종,675931
138,양산,2003-09,2종,87303
138,양산,2003-09,3종,24363
138,양산,2003-09,4종,38477
138,양산,2003-09,5종,42127
138,양산,2003-09,6종,40248
139,서울산,2003-09,1종,350971
139,서울산,2003-09,2종,26937
139,서울산,2003-09,3종,16952
139,서울산,2003-09,4종,9477
139,서울산,2003-09,5종,12648
139,서울산,2003-09,6종,18613
140,부산,2003-09,1종,1485102
140,부산,2003-09,2종,98176
140,부산,2003-09,3종,66610
140,부산,2003-09,4종,41667
140,부산,2003-09,5종,124250
140,부산,2003-09,6종,75670
141,,2003-09,1종,1064638
141,,2003-09,2종,91899
141,,2003-09,3종,47539
141,,2003-09,4종,48479
141,,2003-09,5종,119223
141,,2003-09,6종,52707
142,군북,2003-09,1종,263079
142,군북,2003-09,2종,18760
142,군북,2003-09,3종,7191
142,군북,2003-09,4종,9810
142,군북,2003-09,5종,11713
142,군북,2003-09,6종,14584
143,장지,2003-09,1종,75393
143,장지,2003-09,2종,8150
143,장지,2003-09,3종,1543
143,장지,2003-09,4종,1961
143,장지,2003-09,5종,7428
143,장지,2003-09,6종,4308
144,함안,2003-09,1종,352857
144,함안,2003-09,2종,24913
144,함안,2003-09,3종,8248
144,함안,2003-09,4종,6779
144,함안,2003-09,5종,15050
144,함안,2003-09,6종,24307
145,산인,2003-09,1종,672500
145,산인,2003-09,2종,42503
145,산인,2003-09,3종,37413
145,산인,2003-09,4종,18178
145,산인,2003-09,5종,23753
145,산인,2003-09,6종,41156
146,동창원,2003-09,1종,580758
146,동창원,2003-09,2종,48408
146,동창원,2003-09,3종,7312
146,동창원,2003-09,4종,11358
146,동창원,2003-09,5종,31054
146,동창원,2003-09,6종,34249
147,진례,2003-09,1종,482158
147,진례,2003-09,2종,76960
147,진례,2003-09,3종,5725
147,진례,2003-09,4종,16705
147,진례,2003-09,5종,22517
147,진례,2003-09,6종,26584
148,서김해,2003-09,1종,613810
148,서김해,2003-09,2종,45601
148,서김해,2003-09,3종,8836
148,서김해,2003-09,4종,11776
148,서김해,2003-09,5종,18986
148,서김해,2003-09,6종,40972
149,동김해,2003-09,1종,1031141
149,동김해,2003-09,2종,61907
149,동김해,2003-09,3종,14053
149,동김해,2003-09,4종,17296
149,동김해,2003-09,5종,24232
149,동김해,2003-09,6종,78739
150,북부산,2003-09,1종,2438522
150,북부산,2003-09,2종,165962
150,북부산,2003-09,3종,57529
150,북부산,2003-09,4종,51289
150,북부산,2003-09,5종,118155
150,북부산,2003-09,6종,152270
151,북대전,2003-09,1종,459873
151,북대전,2003-09,2종,19063
151,북대전,2003-09,3종,14167
151,북대전,2003-09,4종,9586
151,북대전,2003-09,5종,10166
151,북대전,2003-09,6종,18826
152,유성,2003-09,1종,765654
152,유성,2003-09,2종,45471
152,유성,2003-09,3종,23330
152,유성,2003-09,4종,12787
152,유성,2003-09,5종,14389
152,유성,2003-09,6종,30313
153,서대전,2003-09,1종,529287
153,서대전,2003-09,2종,32566
153,서대전,2003-09,3종,8752
153,서대전,2003-09,4종,9325
153,서대전,2003-09,5종,9824
153,서대전,2003-09,6종,23356
154,안영,2003-09,1종,336796
154,안영,2003-09,2종,16565
154,안영,2003-09,3종,5236
154,안영,2003-09,4종,8746
154,안영,2003-09,5종,8315
154,안영,2003-09,6종,13468
155,논산,2003-09,1종,254053
155,논산,2003-09,2종,40584
155,논산,2003-09,3종,10736
155,논산,2003-09,4종,15317
155,논산,2003-09,5종,14980
155,논산,2003-09,6종,8106
156,익산,2003-09,1종,278586
156,익산,2003-09,2종,37031
156,익산,2003-09,3종,19025
156,익산,2003-09,4종,15294
156,익산,2003-09,5종,28145
156,익산,2003-09,6종,8073
157,삼례,2003-09,1종,85403
157,삼례,2003-09,2종,9790
157,삼례,2003-09,3종,2166
157,삼례,2003-09,4종,3497
157,삼례,2003-09,5종,4319
157,삼례,2003-09,6종,2680
158,전주,2003-09,1종,554937
158,전주,2003-09,2종,43051
158,전주,2003-09,3종,37989
158,전주,2003-09,4종,11879
158,전주,2003-09,5종,27268
158,전주,2003-09,6종,16397
159,서전주,2003-09,1종,155114
159,서전주,2003-09,2종,9544
159,서전주,2003-09,3종,3087
159,서전주,2003-09,4종,2823
159,서전주,2003-09,5종,2739
159,서전주,2003-09,6종,4394
160,김제,2003-09,1종,119655
160,김제,2003-09,2종,9387
160,김제,2003-09,3종,7373
160,김제,2003-09,4종,2555
160,김제,2003-09,5종,2488
160,김제,2003-09,6종,3473
161,금산사,2003-09,1종,59026
161,금산사,2003-09,2종,8411
161,금산사,2003-09,3종,1159
161,금산사,2003-09,4종,1327
161,금산사,2003-09,5종,2875
161,금산사,2003-09,6종,1724
162,태인,2003-09,1종,103251
162,태인,2003-09,2종,12482
162,태인,2003-09,3종,4502
162,태인,2003-09,4종,3149
162,태인,2003-09,5종,5715
162,태인,2003-09,6종,2797
163,정읍,2003-09,1종,388785
163,정읍,2003-09,2종,38841
163,정읍,2003-09,3종,24160
163,정읍,2003-09,4종,8580
163,정읍,2003-09,5종,9870
163,정읍,2003-09,6종,11158
164,무주,2003-09,1종,131176
164,무주,2003-09,2종,4948
164,무주,2003-09,3종,2898
164,무주,2003-09,4종,934
164,무주,2003-09,5종,2690
164,무주,2003-09,6종,3847
165,백양사,2003-09,1종,115920
165,백양사,2003-09,2종,7711
165,백양사,2003-09,3종,4414
165,백양사,2003-09,4종,1889
165,백양사,2003-09,5종,1824
165,백양사,2003-09,6종,3209
166,장성,2003-09,1종,182264
166,장성,2003-09,2종,12812
166,장성,2003-09,3종,10340
166,장성,2003-09,4종,3031
166,장성,2003-09,5종,7362
166,장성,2003-09,6종,7443
167,광주,2003-09,1종,993057
167,광주,2003-09,2종,84809
167,광주,2003-09,3종,69620
167,광주,2003-09,4종,25069
167,광주,2003-09,5종,25924
167,광주,2003-09,6종,28437
168,덕유산,2003-09,1종,38231
168,덕유산,2003-09,2종,2023
168,덕유산,2003-09,3종,409
168,덕유산,2003-09,4종,343
168,덕유산,2003-09,5종,1930
168,덕유산,2003-09,6종,1054
169,장수,2003-09,1종,117835
169,장수,2003-09,2종,16866
169,장수,2003-09,3종,5942
169,장수,2003-09,4종,5920
169,장수,2003-09,5종,13784
169,장수,2003-09,6종,2903
170,서상,2003-09,1종,41652
170,서상,2003-09,2종,3167
170,서상,2003-09,3종,2533
170,서상,2003-09,4종,809
170,서상,2003-09,5종,1472
170,서상,2003-09,6종,1330
171,마성,2003-09,1종,246972
171,마성,2003-09,2종,7539
171,마성,2003-09,3종,12891
171,마성,2003-09,4종,627
171,마성,2003-09,5종,503
171,마성,2003-09,6종,11027
172,용인,2003-09,1종,743942
172,용인,2003-09,2종,87434
172,용인,2003-09,3종,18988
172,용인,2003-09,4종,12522
172,용인,2003-09,5종,13705
172,용인,2003-09,6종,35278
173,양지,2003-09,1종,531723
173,양지,2003-09,2종,88049
173,양지,2003-09,3종,18283
173,양지,2003-09,4종,18289
173,양지,2003-09,5종,22703
173,양지,2003-09,6종,19851
174,춘천,2003-09,1종,427601
174,춘천,2003-09,2종,21944
174,춘천,2003-09,3종,13589
174,춘천,2003-09,4종,4617
174,춘천,2003-09,5종,5360
174,춘천,2003-09,6종,21789
175,덕평,2003-09,1종,145368
175,덕평,2003-09,2종,19541
175,덕평,2003-09,3종,8189
175,덕평,2003-09,4종,4930
175,덕평,2003-09,5종,5062
175,덕평,2003-09,6종,5786
176,이천,2003-09,1종,479568
176,이천,2003-09,2종,51709
176,이천,2003-09,3종,21272
176,이천,2003-09,4종,18947
176,이천,2003-09,5종,23932
176,이천,2003-09,6종,18500
177,여주,2003-09,1종,336086
177,여주,2003-09,2종,28498
177,여주,2003-09,3종,16068
177,여주,2003-09,4종,9369
177,여주,2003-09,5종,11471
177,여주,2003-09,6종,11325
178,문막,2003-09,1종,242595
178,문막,2003-09,2종,26058
178,문막,2003-09,3종,7298
178,문막,2003-09,4종,6665
178,문막,2003-09,5종,13454
178,문막,2003-09,6종,8467
179,홍천,2003-09,1종,282868
179,홍천,2003-09,2종,17712
179,홍천,2003-09,3종,7413
179,홍천,2003-09,4종,4818
179,홍천,2003-09,5종,3716
179,홍천,2003-09,6종,14128
180,원주,2003-09,1종,231262
180,원주,2003-09,2종,22983
180,원주,2003-09,3종,22885
180,원주,2003-09,4종,5748
180,원주,2003-09,5종,7764
180,원주,2003-09,6종,9850
181,새말,2003-09,1종,156445
181,새말,2003-09,2종,15165
181,새말,2003-09,3종,17370
181,새말,2003-09,4종,2464
181,새말,2003-09,5종,4621
181,새말,2003-09,6종,5026
182,둔내,2003-09,1종,72048
182,둔내,2003-09,2종,7743
182,둔내,2003-09,3종,1815
182,둔내,2003-09,4종,905
182,둔내,2003-09,5종,575
182,둔내,2003-09,6종,2317
183,면온,2003-09,1종,58934
183,면온,2003-09,2종,3148
183,면온,2003-09,3종,6997
183,면온,2003-09,4종,2870
183,면온,2003-09,5종,2023
183,면온,2003-09,6종,1696
184,대관령,2003-09,1종,112664
184,대관령,2003-09,2종,15039
184,대관령,2003-09,3종,9983
184,대관령,2003-09,4종,1082
184,대관령,2003-09,5종,1071
184,대관령,2003-09,6종,4231
185,평창,2003-09,1종,130908
185,평창,2003-09,2종,12046
185,평창,2003-09,3종,11430
185,평창,2003-09,4종,1069
185,평창,2003-09,5종,2148
185,평창,2003-09,6종,4696
186,속사,2003-09,1종,35211
186,속사,2003-09,2종,6516
186,속사,2003-09,3종,789
186,속사,2003-09,4종,837
186,속사,2003-09,5종,638
186,속사,2003-09,6종,1165
187,진부,2003-09,1종,121275
187,진부,2003-09,2종,12435
187,진부,2003-09,3종,11581
187,진부,2003-09,4종,2660
187,진부,2003-09,5종,2443
187,진부,2003-09,6종,4405
189,강릉,2003-09,1종,509733
189,강릉,2003-09,2종,29725
189,강릉,2003-09,3종,31703
189,강릉,2003-09,4종,9075
189,강릉,2003-09,5종,15804
189,강릉,2003-09,6종,19822
190,동서울,2003-09,1종,2960009
190,동서울,2003-09,2종,246751
190,동서울,2003-09,3종,138220
190,동서울,2003-09,4종,41176
190,동서울,2003-09,5종,53530
190,동서울,2003-09,6종,97681
191,경기광주,2003-09,1종,660761
191,경기광주,2003-09,2종,47931
191,경기광주,2003-09,3종,21825
191,경기광주,2003-09,4종,7123
191,경기광주,2003-09,5종,11135
191,경기광주,2003-09,6종,28918
192,곤지암,2003-09,1종,638769
192,곤지암,2003-09,2종,80132
192,곤지암,2003-09,3종,13684
192,곤지암,2003-09,4종,12923
192,곤지암,2003-09,5종,15938
192,곤지암,2003-09,6종,21393
193,일죽,2003-09,1종,426933
193,일죽,2003-09,2종,66066
193,일죽,2003-09,3종,21502
193,일죽,2003-09,4종,14785
193,일죽,2003-09,5종,15876
193,일죽,2003-09,6종,13331
194,서이천,2003-09,1종,281168
194,서이천,2003-09,2종,24450
194,서이천,2003-09,3종,12165
194,서이천,2003-09,4종,5093
194,서이천,2003-09,5종,4704
194,서이천,2003-09,6종,11215
195,대소,2003-09,1종,300289
195,대소,2003-09,2종,47215
195,대소,2003-09,3종,10952
195,대소,2003-09,4종,10679
195,대소,2003-09,5종,10644
195,대소,2003-09,6종,9844
196,진천,2003-09,1종,241515
196,진천,2003-09,2종,32073
196,진천,2003-09,3종,7742
196,진천,2003-09,4종,7514
196,진천,2003-09,5종,10049
196,진천,2003-09,6종,8686
197,증평,2003-09,1종,305046
197,증평,2003-09,2종,39096
197,증평,2003-09,3종,9318
197,증평,2003-09,4종,7629
197,증평,2003-09,5종,14751
197,증평,2003-09,6종,9818
198,서청주,2003-09,1종,466488
198,서청주,2003-09,2종,45237
198,서청주,2003-09,3종,20264
198,서청주,2003-09,4종,15362
198,서청주,2003-09,5종,14729
198,서청주,2003-09,6종,17235
199,오창,2003-09,1종,224611
199,오창,2003-09,2종,20342
199,오창,2003-09,3종,10359
199,오창,2003-09,4종,5013
199,오창,2003-09,5종,6101
199,오창,2003-09,6종,8012
200,금산,2003-09,1종,212258
200,금산,2003-09,2종,8234
200,금산,2003-09,3종,2542
200,금산,2003-09,4종,2116
200,금산,2003-09,5종,3420
200,금산,2003-09,6종,7400
201,칠곡,2003-09,1종,507731
201,칠곡,2003-09,2종,30277
201,칠곡,2003-09,3종,12431
201,칠곡,2003-09,4종,5703
201,칠곡,2003-09,5종,7828
201,칠곡,2003-09,6종,28806
202,다부,2003-09,1종,117739
202,다부,2003-09,2종,10514
202,다부,2003-09,3종,1392
202,다부,2003-09,4종,2721
202,다부,2003-09,5종,3532
202,다부,2003-09,6종,4447
203,가산,2003-09,1종,396669
203,가산,2003-09,2종,25372
203,가산,2003-09,3종,7265
203,가산,2003-09,4종,5594
203,가산,2003-09,5종,12307
203,가산,2003-09,6종,15963
204,추부,2003-09,1종,241465
204,추부,2003-09,2종,18121
204,추부,2003-09,3종,3397
204,추부,2003-09,4종,6726
204,추부,2003-09,5종,4468
204,추부,2003-09,6종,11073
205,군위,2003-09,1종,124620
205,군위,2003-09,2종,10882
205,군위,2003-09,3종,1611
205,군위,2003-09,4종,1521
205,군위,2003-09,5종,2336
205,군위,2003-09,6종,4644
206,의성,2003-09,1종,178661
206,의성,2003-09,2종,10847
206,의성,2003-09,3종,2177
206,의성,2003-09,4종,1890
206,의성,2003-09,5종,3032
206,의성,2003-09,6종,6690
207,남안동,2003-09,1종,251180
207,남안동,2003-09,2종,13784
207,남안동,2003-09,3종,9798
207,남안동,2003-09,4종,1995
207,남안동,2003-09,5종,7300
207,남안동,2003-09,6종,9796
208,서안동,2003-09,1종,233932
208,서안동,2003-09,2종,16961
208,서안동,2003-09,3종,6406
208,서안동,2003-09,4종,2052
208,서안동,2003-09,5종,9783
208,서안동,2003-09,6종,8346
209,예천,2003-09,1종,57991
209,예천,2003-09,2종,2353
209,예천,2003-09,3종,1178
209,예천,2003-09,4종,436
209,예천,2003-09,5종,5747
209,예천,2003-09,6종,2242
210,영주,2003-09,1종,159598
210,영주,2003-09,2종,10898
210,영주,2003-09,3종,4462
210,영주,2003-09,4종,1729
210,영주,2003-09,5종,5767
210,영주,2003-09,6종,6657
211,풍기,2003-09,1종,190903
211,풍기,2003-09,2종,13086
211,풍기,2003-09,3종,8295
211,풍기,2003-09,4종,1067
211,풍기,2003-09,5종,5223
211,풍기,2003-09,6종,7127
212,북수원,2003-09,1종,1194498
212,북수원,2003-09,2종,81131
212,북수원,2003-09,3종,37129
212,북수원,2003-09,4종,27141
212,북수원,2003-09,5종,21949
212,북수원,2003-09,6종,53085
213,부곡,2003-09,1종,225735
213,부곡,2003-09,2종,14079
213,부곡,2003-09,3종,3576
213,부곡,2003-09,4종,6142
213,부곡,2003-09,5종,54805
213,부곡,2003-09,6종,10567
214,동군포,2003-09,1종,103892
214,동군포,2003-09,2종,19107
214,동군포,2003-09,3종,5090
214,동군포,2003-09,4종,10808
214,동군포,2003-09,5종,5163
214,동군포,2003-09,6종,4745
215,군포,2003-09,1종,612833
215,군포,2003-09,2종,69445
215,군포,2003-09,3종,14197
215,군포,2003-09,4종,15281
215,군포,2003-09,5종,26146
215,군포,2003-09,6종,27620
216,횡성,2003-09,1종,122469
216,횡성,2003-09,2종,8085
216,횡성,2003-09,3종,2590
216,횡성,2003-09,4종,1502
216,횡성,2003-09,5종,2139
216,횡성,2003-09,6종,5009
217,북원주,2003-09,1종,56753
217,북원주,2003-09,2종,4849
217,북원주,2003-09,3종,1370
217,북원주,2003-09,4종,993
217,북원주,2003-09,5종,712
217,북원주,2003-09,6종,2872
218,남원주,2003-09,1종,466506
218,남원주,2003-09,2종,29682
218,남원주,2003-09,3종,17888
218,남원주,2003-09,4종,4661
218,남원주,2003-09,5종,7315
218,남원주,2003-09,6종,20318
219,신림,2003-09,1종,109459
219,신림,2003-09,2종,11204
219,신림,2003-09,3종,2796
219,신림,2003-09,4종,1258
219,신림,2003-09,5종,12346
219,신림,2003-09,6종,3911
221,생초,2003-09,1종,54718
221,생초,2003-09,2종,7783
221,생초,2003-09,3종,1890
221,생초,2003-09,4종,4912
221,생초,2003-09,5종,7392
221,생초,2003-09,6종,1960
222,산청,2003-09,1종,50280
222,산청,2003-09,2종,2831
222,산청,2003-09,3종,1063
222,산청,2003-09,4종,636
222,산청,2003-09,5종,1178
222,산청,2003-09,6종,1961
223,단성,2003-09,1종,87466
223,단성,2003-09,2종,4814
223,단성,2003-09,3종,2917
223,단성,2003-09,4종,1397
223,단성,2003-09,5종,3037
223,단성,2003-09,6종,3024
224,함양,2003-09,1종,109581
224,함양,2003-09,2종,7095
224,함양,2003-09,3종,4263
224,함양,2003-09,4종,1167
224,함양,2003-09,5종,4590
224,함양,2003-09,6종,4872
225,서진주,2003-09,1종,305388
225,서진주,2003-09,2종,10213
225,서진주,2003-09,3종,3050
225,서진주,2003-09,4종,1948
225,서진주,2003-09,5종,4250
225,서진주,2003-09,6종,18877
227,군산,2003-09,1종,125099
227,군산,2003-09,2종,7988
227,군산,2003-09,3종,4308
227,군산,2003-09,4종,1640
227,군산,2003-09,5종,3607
227,군산,2003-09,6종,3773
228,동군산,2003-09,1종,363459
228,동군산,2003-09,2종,29176
228,동군산,2003-09,3종,8404
228,동군산,2003-09,4종,6999
228,동군산,2003-09,5종,22522
228,동군산,2003-09,6종,9551
231,화원옥포,2003-09,1종,1444702
231,화원옥포,2003-09,2종,162661
231,화원옥포,2003-09,3종,57109
231,화원옥포,2003-09,4종,36493
231,화원옥포,2003-09,5종,90698
231,화원옥포,2003-09,6종,64929
232,달성,2003-09,1종,204172
232,달성,2003-09,2종,26236
232,달성,2003-09,3종,9993
232,달성,2003-09,4종,5819
232,달성,2003-09,5종,4174
232,달성,2003-09,6종,14801
233,현풍,2003-09,1종,259298
233,현풍,2003-09,2종,31404
233,현풍,2003-09,3종,6279
233,현풍,2003-09,4종,8169
233,현풍,2003-09,5종,17376
233,현풍,2003-09,6종,11267
234,서천,2003-09,1종,132506
234,서천,2003-09,2종,10442
234,서천,2003-09,3종,2207
234,서천,2003-09,4종,3483
234,서천,2003-09,5종,6694
234,서천,2003-09,6종,3972
235,창녕,2003-09,1종,187987
235,창녕,2003-09,2종,12687
235,창녕,2003-09,3종,6458
235,창녕,2003-09,4종,2051
235,창녕,2003-09,5종,3695
235,창녕,2003-09,6종,9232
236,영산,2003-09,1종,171994
236,영산,2003-09,2종,11184
236,영산,2003-09,3종,4978
236,영산,2003-09,4종,2016
236,영산,2003-09,5종,3507
236,영산,2003-09,6종,8394
237,남지,2003-09,1종,145843
237,남지,2003-09,2종,10494
237,남지,2003-09,3종,7582
237,남지,2003-09,4종,6119
237,남지,2003-09,5종,7122
237,남지,2003-09,6종,9894
238,칠서,2003-09,1종,192870
238,칠서,2003-09,2종,24033
238,칠서,2003-09,3종,3948
238,칠서,2003-09,4종,14990
238,칠서,2003-09,5종,13421
238,칠서,2003-09,6종,11894
239,칠원,2003-09,1종,410364
239,칠원,2003-09,2종,33208
239,칠원,2003-09,3종,17566
239,칠원,2003-09,4종,18164
239,칠원,2003-09,5종,19678
239,칠원,2003-09,6종,24160
240,제천,2003-09,1종,339267
240,제천,2003-09,2종,26454
240,제천,2003-09,3종,13518
240,제천,2003-09,4종,3850
240,제천,2003-09,5종,29650
240,제천,2003-09,6종,12907
241,동고령,2003-09,1종,171568
241,동고령,2003-09,2종,14332
241,동고령,2003-09,3종,8136
241,동고령,2003-09,4종,3524
241,동고령,2003-09,5종,7984
241,동고령,2003-09,6종,8308
242,고령,2003-09,1종,168092
242,고령,2003-09,2종,13283
242,고령,2003-09,3종,3007
242,고령,2003-09,4종,2769
242,고령,2003-09,5종,3660
242,고령,2003-09,6종,7319
243,해인사,2003-09,1종,84625
243,해인사,2003-09,2종,4785
243,해인사,2003-09,3종,1464
243,해인사,2003-09,4종,1142
243,해인사,2003-09,5종,676
243,해인사,2003-09,6종,4234
244,서부산,2003-09,1종,1816887
244,서부산,2003-09,2종,157697
244,서부산,2003-09,3종,69949
244,서부산,2003-09,4종,57533
244,서부산,2003-09,5종,161891
244,서부산,2003-09,6종,98151
245,장유,2003-09,1종,1172378
245,장유,2003-09,2종,79676
245,장유,2003-09,3종,27133
245,장유,2003-09,4종,20238
245,장유,2003-09,5종,46093
245,장유,2003-09,6종,77247
246,가락,2003-09,1종,333806
246,가락,2003-09,2종,39662
246,가락,2003-09,3종,5810
246,가락,2003-09,4종,22871
246,가락,2003-09,5종,28704
246,가락,2003-09,6종,19920
247,남원,2003-09,1종,187573
247,남원,2003-09,2종,14023
247,남원,2003-09,3종,7822
247,남원,2003-09,4종,3583
247,남원,2003-09,5종,7199
247,남원,2003-09,6종,6383
248,순창,2003-09,1종,82128
248,순창,2003-09,2종,4624
248,순창,2003-09,3종,1094
248,순창,2003-09,4종,1157
248,순창,2003-09,5종,1230
248,순창,2003-09,6종,3180
249,담양,2003-09,1종,105338
249,담양,2003-09,2종,5794
249,담양,2003-09,3종,9700
249,담양,2003-09,4종,1246
249,담양,2003-09,5종,2836
249,담양,2003-09,6종,3829
250,남양산,2003-09,1종,752842
250,남양산,2003-09,2종,69147
250,남양산,2003-09,3종,16984
250,남양산,2003-09,4종,25304
250,남양산,2003-09,5종,48780
250,남양산,2003-09,6종,48384
251,물금,2003-09,1종,160901
251,물금,2003-09,2종,28779
251,물금,2003-09,3종,4975
251,물금,2003-09,4종,15636
251,물금,2003-09,5종,82248
251,물금,2003-09,6종,8428
252,대동,2003-09,1종,1786453
252,대동,2003-09,2종,219613
252,대동,2003-09,3종,42421
252,대동,2003-09,4종,66353
252,대동,2003-09,5종,151931
252,대동,2003-09,6종,87396
253,서서울,2003-09,1종,3653669
253,서서울,2003-09,2종,302166
253,서서울,2003-09,3종,70750
253,서서울,2003-09,4종,56863
253,서서울,2003-09,5종,95530
253,서서울,2003-09,6종,141630
254,군자,2003-09,1종,2535175
254,군자,2003-09,2종,240997
254,군자,2003-09,3종,61534
254,군자,2003-09,4종,70118
254,군자,2003-09,5종,205720
254,군자,2003-09,6종,114378
255,서안산,2003-09,1종,952752
255,서안산,2003-09,2종,122597
255,서안산,2003-09,3종,10204
255,서안산,2003-09,4종,22265
255,서안산,2003-09,5종,41561
255,서안산,2003-09,6종,43857
256,안산,2003-09,1종,1055755
256,안산,2003-09,2종,38666
256,안산,2003-09,3종,9704
256,안산,2003-09,4종,5038
256,안산,2003-09,5종,8114
256,안산,2003-09,6종,57411
257,홍성,2003-09,1종,239163
257,홍성,2003-09,2종,13997
257,홍성,2003-09,3종,5520
257,홍성,2003-09,4종,1465
257,홍성,2003-09,5종,4642
257,홍성,2003-09,6종,6177
258,광천,2003-09,1종,100174
258,광천,2003-09,2종,10371
258,광천,2003-09,3종,1361
258,광천,2003-09,4종,1242
258,광천,2003-09,5종,5084
258,광천,2003-09,6종,2845
259,대천,2003-09,1종,228663
259,대천,2003-09,2종,13254
259,대천,2003-09,3종,3222
259,대천,2003-09,4종,1903
259,대천,2003-09,5종,2840
259,대천,2003-09,6종,6992
260,춘장대,2003-09,1종,58452
260,춘장대,2003-09,2종,3763
260,춘장대,2003-09,3종,437
260,춘장대,2003-09,4종,406
260,춘장대,2003-09,5종,1652
260,춘장대,2003-09,6종,1495
261,동광주,2003-09,1종,1070216
261,동광주,2003-09,2종,62748
261,동광주,2003-09,3종,49475
261,동광주,2003-09,4종,19916
261,동광주,2003-09,5종,40882
261,동광주,2003-09,6종,35211
262,창평,2003-09,1종,64201
262,창평,2003-09,2종,4114
262,창평,2003-09,3종,617
262,창평,2003-09,4종,2120
262,창평,2003-09,5종,1784
262,창평,2003-09,6종,1876
263,옥과,2003-09,1종,184983
263,옥과,2003-09,2종,6603
263,옥과,2003-09,3종,9554
263,옥과,2003-09,4종,2870
263,옥과,2003-09,5종,4613
263,옥과,2003-09,6종,7066
264,동남원,2003-09,1종,54241
264,동남원,2003-09,2종,3287
264,동남원,2003-09,3종,1671
264,동남원,2003-09,4종,1661
264,동남원,2003-09,5종,3005
264,동남원,2003-09,6종,1717
265,곡성,2003-09,1종,147249
265,곡성,2003-09,2종,7561
265,곡성,2003-09,3종,3169
265,곡성,2003-09,4종,3219
265,곡성,2003-09,5종,5133
265,곡성,2003-09,6종,5427
266,석곡,2003-09,1종,56244
266,석곡,2003-09,2종,2693
266,석곡,2003-09,3종,1610
266,석곡,2003-09,4종,339
266,석곡,2003-09,5종,765
266,석곡,2003-09,6종,2019
267,주암송광사,2003-09,1종,127234
267,주암송광사,2003-09,2종,7649
267,주암송광사,2003-09,3종,2312
267,주암송광사,2003-09,4종,2981
267,주암송광사,2003-09,5종,7552
267,주암송광사,2003-09,6종,4183
268,승주,2003-09,1종,49080
268,승주,2003-09,2종,1934
268,승주,2003-09,3종,1434
268,승주,2003-09,4종,360
268,승주,2003-09,5종,619
268,승주,2003-09,6종,2176
269,지리산,2003-09,1종,62555
269,지리산,2003-09,2종,3775
269,지리산,2003-09,3종,1416
269,지리산,2003-09,4종,1279
269,지리산,2003-09,5종,550
269,지리산,2003-09,6종,1828
270,서순천,2003-09,1종,190319
270,서순천,2003-09,2종,9777
270,서순천,2003-09,3종,8712
270,서순천,2003-09,4종,2484
270,서순천,2003-09,5종,16126
270,서순천,2003-09,6종,7210
271,순천,2003-09,1종,498440
271,순천,2003-09,2종,28215
271,순천,2003-09,3종,12566
271,순천,2003-09,4종,8544
271,순천,2003-09,5종,22511
271,순천,2003-09,6종,19135
272,광양,2003-09,1종,187098
272,광양,2003-09,2종,22256
272,광양,2003-09,3종,8423
272,광양,2003-09,4종,13135
272,광양,2003-09,5종,49846
272,광양,2003-09,6종,6615
273,동광양,2003-09,1종,94970
273,동광양,2003-09,2종,3402
273,동광양,2003-09,3종,1520
273,동광양,2003-09,4종,1509
273,동광양,2003-09,5종,24906
273,동광양,2003-09,6종,5881
274,가조,2003-09,1종,74761
274,가조,2003-09,2종,4942
274,가조,2003-09,3종,2376
274,가조,2003-09,4종,2892
274,가조,2003-09,5종,797
274,가조,2003-09,6종,4633
275,옥곡,2003-09,1종,105943
275,옥곡,2003-09,2종,3947
275,옥곡,2003-09,3종,2457
275,옥곡,2003-09,4종,742
275,옥곡,2003-09,5종,4425
275,옥곡,2003-09,6종,5064
276,진월,2003-09,1종,108257
276,진월,2003-09,2종,4518
276,진월,2003-09,3종,1581
276,진월,2003-09,4종,3455
276,진월,2003-09,5종,49210
276,진월,2003-09,6종,4270
277,하동,2003-09,1종,169276
277,하동,2003-09,2종,8832
277,하동,2003-09,3종,5214
277,하동,2003-09,4종,2620
277,하동,2003-09,5종,22990
277,하동,2003-09,6종,8433
278,진교,2003-09,1종,196585
278,진교,2003-09,2종,9834
278,진교,2003-09,3종,12594
278,진교,2003-09,4종,2166
278,진교,2003-09,5종,2001
278,진교,2003-09,6종,11850
279,곤양,2003-09,1종,143263
279,곤양,2003-09,2종,8616
279,곤양,2003-09,3종,5306
279,곤양,2003-09,4종,2510
279,곤양,2003-09,5종,2698
279,곤양,2003-09,6종,9058
280,거창,2003-09,1종,210284
280,거창,2003-09,2종,14461
280,거창,2003-09,3종,10580
280,거창,2003-09,4종,4190
280,거창,2003-09,5종,5370
280,거창,2003-09,6종,10534
281,매송,2003-09,1종,450555
281,매송,2003-09,2종,44627
281,매송,2003-09,3종,11515
281,매송,2003-09,4종,11544
281,매송,2003-09,5종,23042
281,매송,2003-09,6종,18452
282,비봉,2003-09,1종,528670
282,비봉,2003-09,2종,58396
282,비봉,2003-09,3종,7393
282,비봉,2003-09,4종,10385
282,비봉,2003-09,5종,26530
282,비봉,2003-09,6종,19250
283,발안,2003-09,1종,427000
283,발안,2003-09,2종,46898
283,발안,2003-09,3종,5706
283,발안,2003-09,4종,11095
283,발안,2003-09,5종,23201
283,발안,2003-09,6종,12977
284,남양양,2003-09,1종,191556
284,남양양,2003-09,2종,7541
284,남양양,2003-09,3종,7828
284,남양양,2003-09,4종,1999
284,남양양,2003-09,5종,4182
284,남양양,2003-09,6종,5662
285,서평택,2003-09,1종,616401
285,서평택,2003-09,2종,57613
285,서평택,2003-09,3종,12887
285,서평택,2003-09,4종,24146
285,서평택,2003-09,5종,75758
285,서평택,2003-09,6종,19744
287,송악,2003-09,1종,310063
287,송악,2003-09,2종,24752
287,송악,2003-09,3종,9231
287,송악,2003-09,4종,6996
287,송악,2003-09,5종,42940
287,송악,2003-09,6종,8696
288,당진,2003-09,1종,252477
288,당진,2003-09,2종,19089
288,당진,2003-09,3종,7668
288,당진,2003-09,4종,5301
288,당진,2003-09,5종,27936
288,당진,2003-09,6종,8185
289,마산,2003-09,1종,912819
289,마산,2003-09,2종,58577
289,마산,2003-09,3종,35593
289,마산,2003-09,4종,17218
289,마산,2003-09,5종,20420
289,마산,2003-09,6종,52523
290,축동,2003-09,1종,31233
290,축동,2003-09,2종,2730
290,축동,2003-09,3종,238
290,축동,2003-09,4종,842
290,축동,2003-09,5종,1435
290,축동,2003-09,6종,2043
291,사천,2003-09,1종,596615
291,사천,2003-09,2종,42237
291,사천,2003-09,3종,15746
291,사천,2003-09,4종,8157
291,사천,2003-09,5종,21052
291,사천,2003-09,6종,33418
292,진주,2003-09,1종,546972
292,진주,2003-09,2종,38802
292,진주,2003-09,3종,24492
292,진주,2003-09,4종,8458
292,진주,2003-09,5종,20615
292,진주,2003-09,6종,34834
293,문산,2003-09,1종,188139
293,문산,2003-09,2종,16791
293,문산,2003-09,3종,1882
293,문산,2003-09,4종,4110
293,문산,2003-09,5종,7253
293,문산,2003-09,6종,11365
294,북창원,2003-09,1종,210198
294,북창원,2003-09,2종,12294
294,북창원,2003-09,3종,1295
294,북창원,2003-09,4종,4464
294,북창원,2003-09,5종,4016
294,북창원,2003-09,6종,10950
295,진성,2003-09,1종,139825
295,진성,2003-09,2종,11771
295,진성,2003-09,3종,12008
295,진성,2003-09,4종,3001
295,진성,2003-09,5종,8475
295,진성,2003-09,6종,7038
296,지수,2003-09,1종,51582
296,지수,2003-09,2종,5006
296,지수,2003-09,3종,970
296,지수,2003-09,4종,784
296,지수,2003-09,5종,752
296,지수,2003-09,6종,2999
298,서산,2003-09,1종,276116
298,서산,2003-09,2종,16523
298,서산,2003-09,3종,6248
298,서산,2003-09,4종,1977
298,서산,2003-09,5종,8070
298,서산,2003-09,6종,8090
299,해미,2003-09,1종,154214
299,해미,2003-09,2종,10338
299,해미,2003-09,3종,4294
299,해미,2003-09,4종,2398
299,해미,2003-09,5종,7392
299,해미,2003-09,6종,4972
501,서김제,2003-09,1종,87869
501,서김제,2003-09,2종,8362
501,서김제,2003-09,3종,1148
501,서김제,2003-09,4종,1603
501,서김제,2003-09,5종,2694
501,서김제,2003-09,6종,2311
502,부안,2003-09,1종,116998
502,부안,2003-09,2종,9523
502,부안,2003-09,3종,3757
502,부안,2003-09,4종,2075
502,부안,2003-09,5종,6397
502,부안,2003-09,6종,2843
503,줄포,2003-09,1종,68964
503,줄포,2003-09,2종,4398
503,줄포,2003-09,3종,1102
503,줄포,2003-09,4종,742
503,줄포,2003-09,5종,769
503,줄포,2003-09,6종,1584
504,선운산,2003-09,1종,81394
504,선운산,2003-09,2종,10713
504,선운산,2003-09,3종,5851
504,선운산,2003-09,4종,2083
504,선운산,2003-09,5종,3003
504,선운산,2003-09,6종,1784
505,고창,2003-09,1종,100750
505,고창,2003-09,2종,6223
505,고창,2003-09,3종,1594
505,고창,2003-09,4종,603
505,고창,2003-09,5종,1911
505,고창,2003-09,6종,2666
506,영광,2003-09,1종,92014
506,영광,2003-09,2종,6436
506,영광,2003-09,3종,3609
506,영광,2003-09,4종,619
506,영광,2003-09,5종,1212
506,영광,2003-09,6종,2546
507,함평,2003-09,1종,77412
507,함평,2003-09,2종,10189
507,함평,2003-09,3종,1325
507,함평,2003-09,4종,1571
507,함평,2003-09,5종,3105
507,함평,2003-09,6종,1856
508,무안,2003-09,1종,339086
508,무안,2003-09,2종,23911
508,무안,2003-09,3종,9199
508,무안,2003-09,4종,4218
508,무안,2003-09,5종,11824
508,무안,2003-09,6종,9485
509,목포,2003-09,1종,520008
509,목포,2003-09,2종,35485
509,목포,2003-09,3종,16789
509,목포,2003-09,4종,6627
509,목포,2003-09,5종,18002
509,목포,2003-09,6종,14011
511,무창포,2003-09,1종,35246
511,무창포,2003-09,2종,2270
511,무창포,2003-09,3종,292
511,무창포,2003-09,4종,267
511,무창포,2003-09,5종,1615
511,무창포,2003-09,6종,900
521,단양,2003-09,1종,81517
521,단양,2003-09,2종,3629
521,단양,2003-09,3종,4162
521,단양,2003-09,4종,860
521,단양,2003-09,5종,6229
521,단양,2003-09,6종,3160
522,북단양,2003-09,1종,67752
522,북단양,2003-09,2종,5414
522,북단양,2003-09,3종,2442
522,북단양,2003-09,4종,1243
522,북단양,2003-09,5종,24788
522,북단양,2003-09,6종,2464
523,남제천,2003-09,1종,45285
523,남제천,2003-09,2종,3027
523,남제천,2003-09,3종,1224
523,남제천,2003-09,4종,201
523,남제천,2003-09,5종,789
523,남제천,2003-09,6종,1494
530,내장산,2003-09,1종,28373
530,내장산,2003-09,2종,1990
530,내장산,2003-09,3종,301
530,내장산,2003-09,4종,471
530,내장산,2003-09,5종,609
530,내장산,2003-09,6종,723
540,청북,2003-09,1종,192390
540,청북,2003-09,2종,37013
540,청북,2003-09,3종,6271
540,청북,2003-09,4종,10653
540,청북,2003-09,5종,22799
540,청북,2003-09,6종,5594
541,송탄,2003-09,1종,253856
541,송탄,2003-09,2종,28981
541,송탄,2003-09,3종,5131
541,송탄,2003-09,4종,5529
541,송탄,2003-09,5종,11169
541,송탄,2003-09,6종,8778
542,서안성,2003-09,1종,101351
542,서안성,2003-09,2종,10879
542,서안성,2003-09,3종,1442
542,서안성,2003-09,4종,2938
542,서안성,2003-09,5종,4857
542,서안성,2003-09,6종,3382
560,감곡,2003-09,1종,99097
560,감곡,2003-09,2종,8178
560,감곡,2003-09,3종,4240
560,감곡,2003-09,4종,1165
560,감곡,2003-09,5종,6565
560,감곡,2003-09,6종,3071
561,북충주,2003-09,1종,41855
561,북충주,2003-09,2종,3117
561,북충주,2003-09,3종,1496
561,북충주,2003-09,4종,341
561,북충주,2003-09,5종,698
561,북충주,2003-09,6종,1295
562,충주,2003-09,1종,211034
562,충주,2003-09,2종,9391
562,충주,2003-09,3종,10110
562,충주,2003-09,4종,1104
562,충주,2003-09,5종,2514
562,충주,2003-09,6종,6923
601,남천안,2003-09,1종,197143
601,남천안,2003-09,2종,44230
601,남천안,2003-09,3종,12990
601,남천안,2003-09,4종,16554
601,남천안,2003-09,5종,23512
601,남천안,2003-09,6종,5276
602,풍세상,2003-09,1종,675118
602,풍세상,2003-09,2종,38338
602,풍세상,2003-09,3종,75805
602,풍세상,2003-09,4종,11760
602,풍세상,2003-09,5종,24003
602,풍세상,2003-09,6종,17971
603,정안,2003-09,1종,107899
603,정안,2003-09,2종,13311
603,정안,2003-09,3종,7466
603,정안,2003-09,4종,4141
603,정안,2003-09,5종,5573
603,정안,2003-09,6종,3114
604,남공주,2003-09,1종,32108
604,남공주,2003-09,2종,1978
604,남공주,2003-09,3종,485
604,남공주,2003-09,4종,555
604,남공주,2003-09,5종,593
604,남공주,2003-09,6종,926
605,탄천,2003-09,1종,25116
605,탄천,2003-09,2종,1739
605,탄천,2003-09,3종,329
605,탄천,2003-09,4종,193
605,탄천,2003-09,5종,252
605,탄천,2003-09,6종,734
606,서논산,2003-09,1종,70934
606,서논산,2003-09,2종,7690
606,서논산,2003-09,3종,3624
606,서논산,2003-09,4종,2404
606,서논산,2003-09,5종,3660
606,서논산,2003-09,6종,2047
607,연무,2003-09,1종,61947
607,연무,2003-09,2종,3006
607,연무,2003-09,3종,3240
607,연무,2003-09,4종,403
607,연무,2003-09,5종,699
607,연무,2003-09,6종,1617
608,남논산하,2003-09,1종,459444
608,남논산하,2003-09,2종,28700
608,남논산하,2003-09,3종,63912
608,남논산하,2003-09,4종,9257
608,남논산하,2003-09,5종,15769
608,남논산하,2003-09,6종,11339
11,인천,2003-10,1종,3292726
11,인천,2003-10,2종,184610
11,인천,2003-10,3종,55120
11,인천,2003-10,4종,62615
11,인천,2003-10,5종,131926
11,인천,2003-10,6종,191866
22,,2003-10,1종,504586
22,,2003-10,2종,29067
22,,2003-10,3종,24660
22,,2003-10,4종,11066
22,,2003-10,5종,32472
22,,2003-10,6종,24140
53,남인천,2003-10,1종,1685617
53,남인천,2003-10,2종,97812
53,남인천,2003-10,3종,26424
53,남인천,2003-10,4종,23136
53,남인천,2003-10,5종,123147
53,남인천,2003-10,6종,89330
56,일로,2003-10,1종,17673
56,일로,2003-10,2종,939
56,일로,2003-10,3종,105
56,일로,2003-10,4종,121
56,일로,2003-10,5종,312
56,일로,2003-10,6종,1095
61,성남,2003-10,1종,2907775
61,성남,2003-10,2종,222646
61,성남,2003-10,3종,88271
61,성남,2003-10,4종,35844
61,성남,2003-10,5종,55387
61,성남,2003-10,6종,125348
62,구리남양주,2003-10,1종,3938942
62,구리남양주,2003-10,2종,305370
62,구리남양주,2003-10,3종,79483
62,구리남양주,2003-10,4종,63170
62,구리남양주,2003-10,5종,82543
62,구리남양주,2003-10,6종,172480
63,토평,2003-10,1종,701738
63,토평,2003-10,2종,25818
63,토평,2003-10,3종,10797
63,토평,2003-10,4종,12741
63,토평,2003-10,5종,13650
63,토평,2003-10,6종,32190
64,청계,2003-10,1종,3960004
64,청계,2003-10,2종,252958
64,청계,2003-10,3종,88333
64,청계,2003-10,4종,34756
64,청계,2003-10,5종,78702
64,청계,2003-10,6종,182722
65,판교,2003-10,1종,2114698
65,판교,2003-10,2종,67405
65,판교,2003-10,3종,100051
65,판교,2003-10,4종,18366
65,판교,2003-10,5종,13621
65,판교,2003-10,6종,78157
66,하남,2003-10,1종,482879
66,하남,2003-10,2종,37743
66,하남,2003-10,3종,19727
66,하남,2003-10,4종,14576
66,하남,2003-10,5종,9036
66,하남,2003-10,6종,19196
67,시흥,2003-10,1종,3537776
67,시흥,2003-10,2종,252276
67,시흥,2003-10,3종,77855
67,시흥,2003-10,4종,43969
67,시흥,2003-10,5종,49399
67,시흥,2003-10,6종,156504
68,김포,2003-10,1종,3552776
68,김포,2003-10,2종,268803
68,김포,2003-10,3종,45452
68,김포,2003-10,4종,39632
68,김포,2003-10,5종,85820
68,김포,2003-10,6종,161004
91,대동(개),2003-10,1종,145016
91,대동(개),2003-10,2종,17153
91,대동(개),2003-10,3종,984
91,대동(개),2003-10,4종,42807
91,대동(개),2003-10,5종,16484
91,대동(개),2003-10,6종,7851
101,서울,2003-10,1종,5206715
101,서울,2003-10,2종,341742
101,서울,2003-10,3종,417303
101,서울,2003-10,4종,61622
101,서울,2003-10,5종,56423
101,서울,2003-10,6종,192563
102,동수원,2003-10,1종,1803952
102,동수원,2003-10,2종,86090
102,동수원,2003-10,3종,64785
102,동수원,2003-10,4종,23419
102,동수원,2003-10,5종,37615
102,동수원,2003-10,6종,84257
103,수원신갈,2003-10,1종,2044294
103,수원신갈,2003-10,2종,155192
103,수원신갈,2003-10,3종,97874
103,수원신갈,2003-10,4종,31713
103,수원신갈,2003-10,5종,36961
103,수원신갈,2003-10,6종,100632
104,지곡,2003-10,1종,36263
104,지곡,2003-10,2종,3672
104,지곡,2003-10,3종,1079
104,지곡,2003-10,4종,1061
104,지곡,2003-10,5종,1646
104,지곡,2003-10,6종,1140
105,기흥,2003-10,1종,850271
105,기흥,2003-10,2종,85643
105,기흥,2003-10,3종,26600
105,기흥,2003-10,4종,17338
105,기흥,2003-10,5종,23726
105,기흥,2003-10,6종,30811
106,오산,2003-10,1종,1143273
106,오산,2003-10,2종,142256
106,오산,2003-10,3종,56948
106,오산,2003-10,4종,29959
106,오산,2003-10,5종,35866
106,오산,2003-10,6종,45777
107,안성,2003-10,1종,1016332
107,안성,2003-10,2종,109238
107,안성,2003-10,3종,53651
107,안성,2003-10,4종,24658
107,안성,2003-10,5종,35231
107,안성,2003-10,6종,39198
108,천안,2003-10,1종,1282849
108,천안,2003-10,2종,98145
108,천안,2003-10,3종,78177
108,천안,2003-10,4종,27859
108,천안,2003-10,5종,33994
108,천안,2003-10,6종,46307
109,계룡,2003-10,1종,143430
109,계룡,2003-10,2종,15786
109,계룡,2003-10,3종,10630
109,계룡,2003-10,4종,8232
109,계룡,2003-10,5종,4164
109,계룡,2003-10,6종,6547
110,독립기념관,2003-10,1종,303655
110,독립기념관,2003-10,2종,44853
110,독립기념관,2003-10,3종,18918
110,독립기념관,2003-10,4종,13548
110,독립기념관,2003-10,5종,16112
110,독립기념관,2003-10,6종,9305
111,청주,2003-10,1종,535264
111,청주,2003-10,2종,49423
111,청주,2003-10,3종,42215
111,청주,2003-10,4종,13438
111,청주,2003-10,5종,20441
111,청주,2003-10,6종,18979
112,남청주,2003-10,1종,467416
112,남청주,2003-10,2종,80218
112,남청주,2003-10,3종,35940
112,남청주,2003-10,4종,32494
112,남청주,2003-10,5종,39300
112,남청주,2003-10,6종,17125
113,신탄진,2003-10,1종,476045
113,신탄진,2003-10,2종,75655
113,신탄진,2003-10,3종,20284
113,신탄진,2003-10,4종,35105
113,신탄진,2003-10,5종,42179
113,신탄진,2003-10,6종,18198
114,남대전,2003-10,1종,272217
114,남대전,2003-10,2종,15509
114,남대전,2003-10,3종,3509
114,남대전,2003-10,4종,3842
114,남대전,2003-10,5종,6872
114,남대전,2003-10,6종,11474
115,대전,2003-10,1종,1296374
115,대전,2003-10,2종,76833
115,대전,2003-10,3종,82283
115,대전,2003-10,4종,15861
115,대전,2003-10,5종,21698
115,대전,2003-10,6종,55814
116,옥천,2003-10,1종,460014
116,옥천,2003-10,2종,47413
116,옥천,2003-10,3종,11853
116,옥천,2003-10,4종,13874
116,옥천,2003-10,5종,13848
116,옥천,2003-10,6종,19664
117,금강,2003-10,1종,26097
117,금강,2003-10,2종,1430
117,금강,2003-10,3종,297
117,금강,2003-10,4종,1050
117,금강,2003-10,5종,158
117,금강,2003-10,6종,1169
118,영동,2003-10,1종,123406
118,영동,2003-10,2종,18641
118,영동,2003-10,3종,6366
118,영동,2003-10,4종,10569
118,영동,2003-10,5종,12625
118,영동,2003-10,6종,4186
119,판암,2003-10,1종,366306
119,판암,2003-10,2종,21224
119,판암,2003-10,3종,4598
119,판암,2003-10,4종,10485
119,판암,2003-10,5종,9389
119,판암,2003-10,6종,17068
120,황간,2003-10,1종,82813
120,황간,2003-10,2종,8400
120,황간,2003-10,3종,2639
120,황간,2003-10,4종,9264
120,황간,2003-10,5종,7620
120,황간,2003-10,6종,3190
121,추풍령,2003-10,1종,49965
121,추풍령,2003-10,2종,5825
121,추풍령,2003-10,3종,2140
121,추풍령,2003-10,4종,6600
121,추풍령,2003-10,5종,5898
121,추풍령,2003-10,6종,3068
122,김천,2003-10,1종,265848
122,김천,2003-10,2종,36803
122,김천,2003-10,3종,19082
122,김천,2003-10,4종,14567
122,김천,2003-10,5종,17226
122,김천,2003-10,6종,10350
123,구미,2003-10,1종,623590
123,구미,2003-10,2종,37104
123,구미,2003-10,3종,25150
123,구미,2003-10,4종,14384
123,구미,2003-10,5종,15035
123,구미,2003-10,6종,29963
124,상주,2003-10,1종,217863
124,상주,2003-10,2종,16477
124,상주,2003-10,3종,8132
124,상주,2003-10,4종,4130
124,상주,2003-10,5종,9240
124,상주,2003-10,6종,9955
125,남구미,2003-10,1종,384189
125,남구미,2003-10,2종,43994
125,남구미,2003-10,3종,25654
125,남구미,2003-10,4종,17514
125,남구미,2003-10,5종,55064
125,남구미,2003-10,6종,18806
126,왜관,2003-10,1종,444830
126,왜관,2003-10,2종,54008
126,왜관,2003-10,3종,22402
126,왜관,2003-10,4종,15789
126,왜관,2003-10,5종,37323
126,왜관,2003-10,6종,21748
127,서대구,2003-10,1종,1980724
127,서대구,2003-10,2종,238299
127,서대구,2003-10,3종,94470
127,서대구,2003-10,4종,63107
127,서대구,2003-10,5종,120819
127,서대구,2003-10,6종,92371
129,북대구,2003-10,1종,1236727
129,북대구,2003-10,2종,93331
129,북대구,2003-10,3종,32229
129,북대구,2003-10,4종,20320
129,북대구,2003-10,5종,34206
129,북대구,2003-10,6종,53945
130,동김천,2003-10,1종,1099348
130,동김천,2003-10,2종,78334
130,동김천,2003-10,3종,48010
130,동김천,2003-10,4종,28378
130,동김천,2003-10,5종,40409
130,동김천,2003-10,6종,54137
131,경산,2003-10,1종,756697
131,경산,2003-10,2종,106333
131,경산,2003-10,3종,21520
131,경산,2003-10,4종,22208
131,경산,2003-10,5종,35753
131,경산,2003-10,6종,42257
132,영천,2003-10,1종,490079
132,영천,2003-10,2종,61117
132,영천,2003-10,3종,34759
132,영천,2003-10,4종,16083
132,영천,2003-10,5종,75113
132,영천,2003-10,6종,17083
133,서경주,2003-10,1종,91280
133,서경주,2003-10,2종,8490
133,서경주,2003-10,3종,4078
133,서경주,2003-10,4종,2428
133,서경주,2003-10,5종,6425
133,서경주,2003-10,6종,3180
134,선산,2003-10,1종,77246
134,선산,2003-10,2종,6514
134,선산,2003-10,3종,1215
134,선산,2003-10,4종,1369
134,선산,2003-10,5종,1716
134,선산,2003-10,6종,3909
135,경주,2003-10,1종,974037
135,경주,2003-10,2종,93425
135,경주,2003-10,3종,89534
135,경주,2003-10,4종,31896
135,경주,2003-10,5종,101388
135,경주,2003-10,6종,37455
136,음성,2003-10,1종,159109
136,음성,2003-10,2종,9489
136,음성,2003-10,3종,5832
136,음성,2003-10,4종,3501
136,음성,2003-10,5종,5800
136,음성,2003-10,6종,9656
137,통도사,2003-10,1종,378284
137,통도사,2003-10,2종,42024
137,통도사,2003-10,3종,20103
137,통도사,2003-10,4종,17196
137,통도사,2003-10,5종,26023
137,통도사,2003-10,6종,18431
138,양산,2003-10,1종,749105
138,양산,2003-10,2종,98378
138,양산,2003-10,3종,32221
138,양산,2003-10,4종,50305
138,양산,2003-10,5종,56822
138,양산,2003-10,6종,46274
139,서울산,2003-10,1종,408947
139,서울산,2003-10,2종,32785
139,서울산,2003-10,3종,21300
139,서울산,2003-10,4종,12319
139,서울산,2003-10,5종,18165
139,서울산,2003-10,6종,21503
140,부산,2003-10,1종,1529717
140,부산,2003-10,2종,106285
140,부산,2003-10,3종,75260
140,부산,2003-10,4종,54499
140,부산,2003-10,5종,146691
140,부산,2003-10,6종,79321
141,,2003-10,1종,1125548
141,,2003-10,2종,106913
141,,2003-10,3종,57166
141,,2003-10,4종,56169
141,,2003-10,5종,136835
141,,2003-10,6종,56160
142,군북,2003-10,1종,256995
142,군북,2003-10,2종,23024
142,군북,2003-10,3종,8931
142,군북,2003-10,4종,12664
142,군북,2003-10,5종,18179
142,군북,2003-10,6종,14024
143,장지,2003-10,1종,81935
143,장지,2003-10,2종,9395
143,장지,2003-10,3종,1697
143,장지,2003-10,4종,2259
143,장지,2003-10,5종,9771
143,장지,2003-10,6종,4920
144,함안,2003-10,1종,378215
144,함안,2003-10,2종,31672
144,함안,2003-10,3종,10209
144,함안,2003-10,4종,8980
144,함안,2003-10,5종,19155
144,함안,2003-10,6종,26841
145,산인,2003-10,1종,705253
145,산인,2003-10,2종,49138
145,산인,2003-10,3종,43416
145,산인,2003-10,4종,20902
145,산인,2003-10,5종,29165
145,산인,2003-10,6종,43573
146,동창원,2003-10,1종,618818
146,동창원,2003-10,2종,59364
146,동창원,2003-10,3종,10461
146,동창원,2003-10,4종,15102
146,동창원,2003-10,5종,47558
146,동창원,2003-10,6종,37045
147,진례,2003-10,1종,529268
147,진례,2003-10,2종,90595
147,진례,2003-10,3종,7278
147,진례,2003-10,4종,19556
147,진례,2003-10,5종,27844
147,진례,2003-10,6종,29603
148,서김해,2003-10,1종,697669
148,서김해,2003-10,2종,57995
148,서김해,2003-10,3종,11840
148,서김해,2003-10,4종,16639
148,서김해,2003-10,5종,26508
148,서김해,2003-10,6종,46355
149,동김해,2003-10,1종,1153104
149,동김해,2003-10,2종,75540
149,동김해,2003-10,3종,18997
149,동김해,2003-10,4종,22308
149,동김해,2003-10,5종,29267
149,동김해,2003-10,6종,90438
150,북부산,2003-10,1종,2509943
150,북부산,2003-10,2종,186759
150,북부산,2003-10,3종,72826
150,북부산,2003-10,4종,57272
150,북부산,2003-10,5종,133995
150,북부산,2003-10,6종,157569
151,북대전,2003-10,1종,546954
151,북대전,2003-10,2종,24334
151,북대전,2003-10,3종,19764
151,북대전,2003-10,4종,11506
151,북대전,2003-10,5종,12256
151,북대전,2003-10,6종,22808
152,유성,2003-10,1종,899259
152,유성,2003-10,2종,56383
152,유성,2003-10,3종,34439
152,유성,2003-10,4종,17778
152,유성,2003-10,5종,21760
152,유성,2003-10,6종,35263
153,서대전,2003-10,1종,588178
153,서대전,2003-10,2종,39877
153,서대전,2003-10,3종,11821
153,서대전,2003-10,4종,13070
153,서대전,2003-10,5종,13962
153,서대전,2003-10,6종,26301
154,안영,2003-10,1종,384566
154,안영,2003-10,2종,20275
154,안영,2003-10,3종,10145
154,안영,2003-10,4종,12886
154,안영,2003-10,5종,12272
154,안영,2003-10,6종,15400
155,논산,2003-10,1종,245437
155,논산,2003-10,2종,45925
155,논산,2003-10,3종,14867
155,논산,2003-10,4종,18441
155,논산,2003-10,5종,20178
155,논산,2003-10,6종,7881
156,익산,2003-10,1종,300111
156,익산,2003-10,2종,47216
156,익산,2003-10,3종,23667
156,익산,2003-10,4종,18848
156,익산,2003-10,5종,37582
156,익산,2003-10,6종,8241
157,삼례,2003-10,1종,84120
157,삼례,2003-10,2종,11298
157,삼례,2003-10,3종,2698
157,삼례,2003-10,4종,4118
157,삼례,2003-10,5종,5483
157,삼례,2003-10,6종,2589
158,전주,2003-10,1종,600772
158,전주,2003-10,2종,50207
158,전주,2003-10,3종,47024
158,전주,2003-10,4종,13556
158,전주,2003-10,5종,30016
158,전주,2003-10,6종,17142
159,서전주,2003-10,1종,173620
159,서전주,2003-10,2종,12278
159,서전주,2003-10,3종,4374
159,서전주,2003-10,4종,3494
159,서전주,2003-10,5종,3375
159,서전주,2003-10,6종,4921
160,김제,2003-10,1종,120981
160,김제,2003-10,2종,10610
160,김제,2003-10,3종,8295
160,김제,2003-10,4종,3616
160,김제,2003-10,5종,2845
160,김제,2003-10,6종,3307
161,금산사,2003-10,1종,57203
161,금산사,2003-10,2종,9588
161,금산사,2003-10,3종,2166
161,금산사,2003-10,4종,1313
161,금산사,2003-10,5종,3628
161,금산사,2003-10,6종,1488
162,태인,2003-10,1종,99185
162,태인,2003-10,2종,14700
162,태인,2003-10,3종,6101
162,태인,2003-10,4종,3862
162,태인,2003-10,5종,7140
162,태인,2003-10,6종,2694
163,정읍,2003-10,1종,399842
163,정읍,2003-10,2종,44952
163,정읍,2003-10,3종,30324
163,정읍,2003-10,4종,9986
163,정읍,2003-10,5종,12726
163,정읍,2003-10,6종,11443
164,무주,2003-10,1종,153305
164,무주,2003-10,2종,6277
164,무주,2003-10,3종,6919
164,무주,2003-10,4종,1272
164,무주,2003-10,5종,3041
164,무주,2003-10,6종,4119
165,백양사,2003-10,1종,140768
165,백양사,2003-10,2종,8786
165,백양사,2003-10,3종,7567
165,백양사,2003-10,4종,2426
165,백양사,2003-10,5종,2464
165,백양사,2003-10,6종,3781
166,장성,2003-10,1종,183467
166,장성,2003-10,2종,14553
166,장성,2003-10,3종,11842
166,장성,2003-10,4종,3820
166,장성,2003-10,5종,8692
166,장성,2003-10,6종,7536
167,광주,2003-10,1종,984742
167,광주,2003-10,2종,96340
167,광주,2003-10,3종,80514
167,광주,2003-10,4종,28856
167,광주,2003-10,5종,30634
167,광주,2003-10,6종,27652
168,덕유산,2003-10,1종,39893
168,덕유산,2003-10,2종,2269
168,덕유산,2003-10,3종,1481
168,덕유산,2003-10,4종,493
168,덕유산,2003-10,5종,1516
168,덕유산,2003-10,6종,1090
169,장수,2003-10,1종,110233
169,장수,2003-10,2종,21205
169,장수,2003-10,3종,9020
169,장수,2003-10,4종,7340
169,장수,2003-10,5종,17451
169,장수,2003-10,6종,2544
170,서상,2003-10,1종,38585
170,서상,2003-10,2종,4136
170,서상,2003-10,3종,3062
170,서상,2003-10,4종,941
170,서상,2003-10,5종,1565
170,서상,2003-10,6종,1233
171,마성,2003-10,1종,324558
171,마성,2003-10,2종,10757
171,마성,2003-10,3종,23193
171,마성,2003-10,4종,1022
171,마성,2003-10,5종,627
171,마성,2003-10,6종,14166
172,용인,2003-10,1종,811666
172,용인,2003-10,2종,102386
172,용인,2003-10,3종,23365
172,용인,2003-10,4종,14971
172,용인,2003-10,5종,17397
172,용인,2003-10,6종,39197
173,양지,2003-10,1종,578158
173,양지,2003-10,2종,101515
173,양지,2003-10,3종,22119
173,양지,2003-10,4종,21920
173,양지,2003-10,5종,26977
173,양지,2003-10,6종,22019
174,춘천,2003-10,1종,443117
174,춘천,2003-10,2종,25267
174,춘천,2003-10,3종,18185
174,춘천,2003-10,4종,5178
174,춘천,2003-10,5종,7527
174,춘천,2003-10,6종,22439
175,덕평,2003-10,1종,163209
175,덕평,2003-10,2종,22813
175,덕평,2003-10,3종,9650
175,덕평,2003-10,4종,5865
175,덕평,2003-10,5종,6091
175,덕평,2003-10,6종,6605
176,이천,2003-10,1종,550981
176,이천,2003-10,2종,63244
176,이천,2003-10,3종,26891
176,이천,2003-10,4종,22933
176,이천,2003-10,5종,31844
176,이천,2003-10,6종,20687
177,여주,2003-10,1종,371531
177,여주,2003-10,2종,33779
177,여주,2003-10,3종,23371
177,여주,2003-10,4종,10507
177,여주,2003-10,5종,15420
177,여주,2003-10,6종,12312
178,문막,2003-10,1종,252123
178,문막,2003-10,2종,30481
178,문막,2003-10,3종,10644
178,문막,2003-10,4종,8442
178,문막,2003-10,5종,17594
178,문막,2003-10,6종,8733
179,홍천,2003-10,1종,305353
179,홍천,2003-10,2종,18378
179,홍천,2003-10,3종,13241
179,홍천,2003-10,4종,5184
179,홍천,2003-10,5종,5145
179,홍천,2003-10,6종,14834
180,원주,2003-10,1종,272826
180,원주,2003-10,2종,27784
180,원주,2003-10,3종,27549
180,원주,2003-10,4종,7511
180,원주,2003-10,5종,10643
180,원주,2003-10,6종,10823
181,새말,2003-10,1종,188646
181,새말,2003-10,2종,17999
181,새말,2003-10,3종,21993
181,새말,2003-10,4종,3577
181,새말,2003-10,5종,6721
181,새말,2003-10,6종,5626
182,둔내,2003-10,1종,90483
182,둔내,2003-10,2종,7845
182,둔내,2003-10,3종,2987
182,둔내,2003-10,4종,1321
182,둔내,2003-10,5종,716
182,둔내,2003-10,6종,2802
183,면온,2003-10,1종,76303
183,면온,2003-10,2종,4116
183,면온,2003-10,3종,7650
183,면온,2003-10,4종,4087
183,면온,2003-10,5종,3758
183,면온,2003-10,6종,1914
184,대관령,2003-10,1종,133833
184,대관령,2003-10,2종,10831
184,대관령,2003-10,3종,12051
184,대관령,2003-10,4종,1652
184,대관령,2003-10,5종,1592
184,대관령,2003-10,6종,4854
185,평창,2003-10,1종,124190
185,평창,2003-10,2종,11013
185,평창,2003-10,3종,12818
185,평창,2003-10,4종,1527
185,평창,2003-10,5종,2769
185,평창,2003-10,6종,4136
186,속사,2003-10,1종,47486
186,속사,2003-10,2종,5060
186,속사,2003-10,3종,2024
186,속사,2003-10,4종,1330
186,속사,2003-10,5종,1154
186,속사,2003-10,6종,1337
187,진부,2003-10,1종,170766
187,진부,2003-10,2종,11224
187,진부,2003-10,3종,19315
187,진부,2003-10,4종,4141
187,진부,2003-10,5종,3341
187,진부,2003-10,6종,5394
189,강릉,2003-10,1종,540120
189,강릉,2003-10,2종,34162
189,강릉,2003-10,3종,37413
189,강릉,2003-10,4종,10554
189,강릉,2003-10,5종,19782
189,강릉,2003-10,6종,19762
190,동서울,2003-10,1종,3111102
190,동서울,2003-10,2종,282481
190,동서울,2003-10,3종,169626
190,동서울,2003-10,4종,48145
190,동서울,2003-10,5종,77087
190,동서울,2003-10,6종,100109
191,경기광주,2003-10,1종,732776
191,경기광주,2003-10,2종,56967
191,경기광주,2003-10,3종,26696
191,경기광주,2003-10,4종,8488
191,경기광주,2003-10,5종,16416
191,경기광주,2003-10,6종,32474
192,곤지암,2003-10,1종,709651
192,곤지암,2003-10,2종,95211
192,곤지암,2003-10,3종,17345
192,곤지암,2003-10,4종,15963
192,곤지암,2003-10,5종,21446
192,곤지암,2003-10,6종,23584
193,일죽,2003-10,1종,430131
193,일죽,2003-10,2종,76411
193,일죽,2003-10,3종,25253
193,일죽,2003-10,4종,17449
193,일죽,2003-10,5종,20592
193,일죽,2003-10,6종,12858
194,서이천,2003-10,1종,306428
194,서이천,2003-10,2종,29962
194,서이천,2003-10,3종,14694
194,서이천,2003-10,4종,6173
194,서이천,2003-10,5종,6018
194,서이천,2003-10,6종,12248
195,대소,2003-10,1종,335158
195,대소,2003-10,2종,59603
195,대소,2003-10,3종,14821
195,대소,2003-10,4종,13747
195,대소,2003-10,5종,14176
195,대소,2003-10,6종,10517
196,진천,2003-10,1종,260432
196,진천,2003-10,2종,39634
196,진천,2003-10,3종,10613
196,진천,2003-10,4종,9195
196,진천,2003-10,5종,14027
196,진천,2003-10,6종,9164
197,증평,2003-10,1종,323926
197,증평,2003-10,2종,47150
197,증평,2003-10,3종,14575
197,증평,2003-10,4종,9668
197,증평,2003-10,5종,19653
197,증평,2003-10,6종,9962
198,서청주,2003-10,1종,534179
198,서청주,2003-10,2종,54307
198,서청주,2003-10,3종,26667
198,서청주,2003-10,4종,18892
198,서청주,2003-10,5종,18464
198,서청주,2003-10,6종,19809
199,오창,2003-10,1종,256750
199,오창,2003-10,2종,25053
199,오창,2003-10,3종,13132
199,오창,2003-10,4종,6354
199,오창,2003-10,5종,8013
199,오창,2003-10,6종,8613
200,금산,2003-10,1종,214833
200,금산,2003-10,2종,10102
200,금산,2003-10,3종,4323
200,금산,2003-10,4종,2750
200,금산,2003-10,5종,4256
200,금산,2003-10,6종,7338
201,칠곡,2003-10,1종,547408
201,칠곡,2003-10,2종,33885
201,칠곡,2003-10,3종,15252
201,칠곡,2003-10,4종,7061
201,칠곡,2003-10,5종,9816
201,칠곡,2003-10,6종,31930
202,다부,2003-10,1종,117707
202,다부,2003-10,2종,10691
202,다부,2003-10,3종,2525
202,다부,2003-10,4종,2987
202,다부,2003-10,5종,5058
202,다부,2003-10,6종,4536
203,가산,2003-10,1종,426373
203,가산,2003-10,2종,31101
203,가산,2003-10,3종,9230
203,가산,2003-10,4종,6534
203,가산,2003-10,5종,16369
203,가산,2003-10,6종,17200
204,추부,2003-10,1종,265983
204,추부,2003-10,2종,22124
204,추부,2003-10,3종,8384
204,추부,2003-10,4종,9868
204,추부,2003-10,5종,6218
204,추부,2003-10,6종,12613
205,군위,2003-10,1종,113915
205,군위,2003-10,2종,11978
205,군위,2003-10,3종,1832
205,군위,2003-10,4종,1747
205,군위,2003-10,5종,3383
205,군위,2003-10,6종,4233
206,의성,2003-10,1종,174715
206,의성,2003-10,2종,12808
206,의성,2003-10,3종,3433
206,의성,2003-10,4종,2447
206,의성,2003-10,5종,4558
206,의성,2003-10,6종,6407
207,남안동,2003-10,1종,237043
207,남안동,2003-10,2종,15398
207,남안동,2003-10,3종,12263
207,남안동,2003-10,4종,2642
207,남안동,2003-10,5종,9176
207,남안동,2003-10,6종,9326
208,서안동,2003-10,1종,219336
208,서안동,2003-10,2종,18200
208,서안동,2003-10,3종,9918
208,서안동,2003-10,4종,2456
208,서안동,2003-10,5종,11724
208,서안동,2003-10,6종,7777
209,예천,2003-10,1종,49124
209,예천,2003-10,2종,2733
209,예천,2003-10,3종,1651
209,예천,2003-10,4종,546
209,예천,2003-10,5종,6703
209,예천,2003-10,6종,1836
210,영주,2003-10,1종,149640
210,영주,2003-10,2종,11647
210,영주,2003-10,3종,5459
210,영주,2003-10,4종,2052
210,영주,2003-10,5종,7526
210,영주,2003-10,6종,5829
211,풍기,2003-10,1종,192024
211,풍기,2003-10,2종,14305
211,풍기,2003-10,3종,12334
211,풍기,2003-10,4종,1338
211,풍기,2003-10,5종,7762
211,풍기,2003-10,6종,7022
212,북수원,2003-10,1종,1306452
212,북수원,2003-10,2종,95126
212,북수원,2003-10,3종,45274
212,북수원,2003-10,4종,31600
212,북수원,2003-10,5종,29270
212,북수원,2003-10,6종,58234
213,부곡,2003-10,1종,256346
213,부곡,2003-10,2종,16616
213,부곡,2003-10,3종,4622
213,부곡,2003-10,4종,6684
213,부곡,2003-10,5종,64964
213,부곡,2003-10,6종,12030
214,동군포,2003-10,1종,119358
214,동군포,2003-10,2종,22697
214,동군포,2003-10,3종,6483
214,동군포,2003-10,4종,13368
214,동군포,2003-10,5종,6909
214,동군포,2003-10,6종,5654
215,군포,2003-10,1종,699370
215,군포,2003-10,2종,90720
215,군포,2003-10,3종,18351
215,군포,2003-10,4종,20460
215,군포,2003-10,5종,33860
215,군포,2003-10,6종,31546
216,횡성,2003-10,1종,120258
216,횡성,2003-10,2종,10122
216,횡성,2003-10,3종,3953
216,횡성,2003-10,4종,1861
216,횡성,2003-10,5종,3165
216,횡성,2003-10,6종,5050
217,북원주,2003-10,1종,63535
217,북원주,2003-10,2종,5613
217,북원주,2003-10,3종,1871
217,북원주,2003-10,4종,1390
217,북원주,2003-10,5종,866
217,북원주,2003-10,6종,3003
218,남원주,2003-10,1종,495485
218,남원주,2003-10,2종,32876
218,남원주,2003-10,3종,21720
218,남원주,2003-10,4종,5587
218,남원주,2003-10,5종,10055
218,남원주,2003-10,6종,20538
219,신림,2003-10,1종,109675
219,신림,2003-10,2종,10608
219,신림,2003-10,3종,3566
219,신림,2003-10,4종,1333
219,신림,2003-10,5종,17601
219,신림,2003-10,6종,3740
221,생초,2003-10,1종,55128
221,생초,2003-10,2종,9682
221,생초,2003-10,3종,2935
221,생초,2003-10,4종,6233
221,생초,2003-10,5종,10810
221,생초,2003-10,6종,1817
222,산청,2003-10,1종,50979
222,산청,2003-10,2종,3100
222,산청,2003-10,3종,1243
222,산청,2003-10,4종,693
222,산청,2003-10,5종,1775
222,산청,2003-10,6종,2148
223,단성,2003-10,1종,90347
223,단성,2003-10,2종,5549
223,단성,2003-10,3종,4737
223,단성,2003-10,4종,1619
223,단성,2003-10,5종,3868
223,단성,2003-10,6종,2917
224,함양,2003-10,1종,116346
224,함양,2003-10,2종,8135
224,함양,2003-10,3종,5203
224,함양,2003-10,4종,1905
224,함양,2003-10,5종,5888
224,함양,2003-10,6종,4945
225,서진주,2003-10,1종,327969
225,서진주,2003-10,2종,11922
225,서진주,2003-10,3종,5310
225,서진주,2003-10,4종,2613
225,서진주,2003-10,5종,5358
225,서진주,2003-10,6종,20501
227,군산,2003-10,1종,122857
227,군산,2003-10,2종,8570
227,군산,2003-10,3종,5453
227,군산,2003-10,4종,1595
227,군산,2003-10,5종,3862
227,군산,2003-10,6종,3514
228,동군산,2003-10,1종,355541
228,동군산,2003-10,2종,33098
228,동군산,2003-10,3종,11236
228,동군산,2003-10,4종,7982
228,동군산,2003-10,5종,28861
228,동군산,2003-10,6종,8824
231,화원옥포,2003-10,1종,1500843
231,화원옥포,2003-10,2종,185111
231,화원옥포,2003-10,3종,73298
231,화원옥포,2003-10,4종,41253
231,화원옥포,2003-10,5종,108982
231,화원옥포,2003-10,6종,66617
232,달성,2003-10,1종,221810
232,달성,2003-10,2종,29975
232,달성,2003-10,3종,11534
232,달성,2003-10,4종,5932
232,달성,2003-10,5종,5041
232,달성,2003-10,6종,16869
233,현풍,2003-10,1종,259457
233,현풍,2003-10,2종,37124
233,현풍,2003-10,3종,7644
233,현풍,2003-10,4종,9750
233,현풍,2003-10,5종,22177
233,현풍,2003-10,6종,11311
234,서천,2003-10,1종,128017
234,서천,2003-10,2종,12200
234,서천,2003-10,3종,2999
234,서천,2003-10,4종,4511
234,서천,2003-10,5종,8712
234,서천,2003-10,6종,3829
235,창녕,2003-10,1종,208287
235,창녕,2003-10,2종,13826
235,창녕,2003-10,3종,7828
235,창녕,2003-10,4종,2294
235,창녕,2003-10,5종,4602
235,창녕,2003-10,6종,10524
236,영산,2003-10,1종,171499
236,영산,2003-10,2종,14176
236,영산,2003-10,3종,6842
236,영산,2003-10,4종,2483
236,영산,2003-10,5종,3050
236,영산,2003-10,6종,8560
237,남지,2003-10,1종,143644
237,남지,2003-10,2종,12236
237,남지,2003-10,3종,8282
237,남지,2003-10,4종,8835
237,남지,2003-10,5종,9560
237,남지,2003-10,6종,10243
238,칠서,2003-10,1종,201124
238,칠서,2003-10,2종,28800
238,칠서,2003-10,3종,4762
238,칠서,2003-10,4종,21504
238,칠서,2003-10,5종,18523
238,칠서,2003-10,6종,12170
239,칠원,2003-10,1종,432718
239,칠원,2003-10,2종,39138
239,칠원,2003-10,3종,21790
239,칠원,2003-10,4종,24467
239,칠원,2003-10,5종,25839
239,칠원,2003-10,6종,24618
240,제천,2003-10,1종,336171
240,제천,2003-10,2종,29040
240,제천,2003-10,3종,17553
240,제천,2003-10,4종,4804
240,제천,2003-10,5종,44475
240,제천,2003-10,6종,11834
241,동고령,2003-10,1종,173440
241,동고령,2003-10,2종,17153
241,동고령,2003-10,3종,9770
241,동고령,2003-10,4종,4511
241,동고령,2003-10,5종,9800
241,동고령,2003-10,6종,8248
242,고령,2003-10,1종,158723
242,고령,2003-10,2종,14713
242,고령,2003-10,3종,3533
242,고령,2003-10,4종,2913
242,고령,2003-10,5종,4520
242,고령,2003-10,6종,7116
243,해인사,2003-10,1종,101777
243,해인사,2003-10,2종,5831
243,해인사,2003-10,3종,3468
243,해인사,2003-10,4종,1168
243,해인사,2003-10,5종,568
243,해인사,2003-10,6종,4934
244,서부산,2003-10,1종,1948836
244,서부산,2003-10,2종,181429
244,서부산,2003-10,3종,81393
244,서부산,2003-10,4종,63262
244,서부산,2003-10,5종,212434
244,서부산,2003-10,6종,106558
245,장유,2003-10,1종,1320827
245,장유,2003-10,2종,95828
245,장유,2003-10,3종,32938
245,장유,2003-10,4종,25463
245,장유,2003-10,5종,62604
245,장유,2003-10,6종,88485
246,가락,2003-10,1종,362525
246,가락,2003-10,2종,44901
246,가락,2003-10,3종,6187
246,가락,2003-10,4종,23672
246,가락,2003-10,5종,45444
246,가락,2003-10,6종,21613
247,남원,2003-10,1종,193046
247,남원,2003-10,2종,16330
247,남원,2003-10,3종,11715
247,남원,2003-10,4종,4744
247,남원,2003-10,5종,7974
247,남원,2003-10,6종,5997
248,순창,2003-10,1종,86242
248,순창,2003-10,2종,5537
248,순창,2003-10,3종,2949
248,순창,2003-10,4종,1697
248,순창,2003-10,5종,1703
248,순창,2003-10,6종,3237
249,담양,2003-10,1종,106134
249,담양,2003-10,2종,6907
249,담양,2003-10,3종,11555
249,담양,2003-10,4종,1607
249,담양,2003-10,5종,2811
249,담양,2003-10,6종,3680
250,남양산,2003-10,1종,842973
250,남양산,2003-10,2종,86849
250,남양산,2003-10,3종,21626
250,남양산,2003-10,4종,35593
250,남양산,2003-10,5종,67927
250,남양산,2003-10,6종,53625
251,물금,2003-10,1종,182149
251,물금,2003-10,2종,34813
251,물금,2003-10,3종,6513
251,물금,2003-10,4종,18967
251,물금,2003-10,5종,94415
251,물금,2003-10,6종,9954
252,대동,2003-10,1종,1883215
252,대동,2003-10,2종,252978
252,대동,2003-10,3종,56290
252,대동,2003-10,4종,78449
252,대동,2003-10,5종,178046
252,대동,2003-10,6종,91548
253,서서울,2003-10,1종,3987504
253,서서울,2003-10,2종,354288
253,서서울,2003-10,3종,95893
253,서서울,2003-10,4종,66413
253,서서울,2003-10,5종,109605
253,서서울,2003-10,6종,153081
254,군자,2003-10,1종,2697556
254,군자,2003-10,2종,285029
254,군자,2003-10,3종,70571
254,군자,2003-10,4종,83297
254,군자,2003-10,5종,244691
254,군자,2003-10,6종,119832
255,서안산,2003-10,1종,1059168
255,서안산,2003-10,2종,143358
255,서안산,2003-10,3종,12837
255,서안산,2003-10,4종,26557
255,서안산,2003-10,5종,48600
255,서안산,2003-10,6종,48340
256,안산,2003-10,1종,1126073
256,안산,2003-10,2종,45726
256,안산,2003-10,3종,11658
256,안산,2003-10,4종,6000
256,안산,2003-10,5종,11413
256,안산,2003-10,6종,61374
257,홍성,2003-10,1종,333683
257,홍성,2003-10,2종,16257
257,홍성,2003-10,3종,10755
257,홍성,2003-10,4종,1791
257,홍성,2003-10,5종,5775
257,홍성,2003-10,6종,8058
258,광천,2003-10,1종,115229
258,광천,2003-10,2종,11808
258,광천,2003-10,3종,2875
258,광천,2003-10,4종,1654
258,광천,2003-10,5종,5807
258,광천,2003-10,6종,3009
259,대천,2003-10,1종,257063
259,대천,2003-10,2종,15680
259,대천,2003-10,3종,5265
259,대천,2003-10,4종,2722
259,대천,2003-10,5종,3341
259,대천,2003-10,6종,7175
260,춘장대,2003-10,1종,62803
260,춘장대,2003-10,2종,3864
260,춘장대,2003-10,3종,909
260,춘장대,2003-10,4종,496
260,춘장대,2003-10,5종,1813
260,춘장대,2003-10,6종,1499
261,동광주,2003-10,1종,1073398
261,동광주,2003-10,2종,73022
261,동광주,2003-10,3종,60136
261,동광주,2003-10,4종,22770
261,동광주,2003-10,5종,50221
261,동광주,2003-10,6종,35556
262,창평,2003-10,1종,66164
262,창평,2003-10,2종,4436
262,창평,2003-10,3종,1014
262,창평,2003-10,4종,2435
262,창평,2003-10,5종,2200
262,창평,2003-10,6종,2135
263,옥과,2003-10,1종,181558
263,옥과,2003-10,2종,7566
263,옥과,2003-10,3종,11254
263,옥과,2003-10,4종,3342
263,옥과,2003-10,5종,5442
263,옥과,2003-10,6종,7056
264,동남원,2003-10,1종,50794
264,동남원,2003-10,2종,3729
264,동남원,2003-10,3종,2392
264,동남원,2003-10,4종,2329
264,동남원,2003-10,5종,3381
264,동남원,2003-10,6종,1506
265,곡성,2003-10,1종,156418
265,곡성,2003-10,2종,8737
265,곡성,2003-10,3종,4230
265,곡성,2003-10,4종,3493
265,곡성,2003-10,5종,6738
265,곡성,2003-10,6종,5553
266,석곡,2003-10,1종,56152
266,석곡,2003-10,2종,3181
266,석곡,2003-10,3종,2066
266,석곡,2003-10,4종,412
266,석곡,2003-10,5종,1085
266,석곡,2003-10,6종,2095
267,주암송광사,2003-10,1종,122446
267,주암송광사,2003-10,2종,9252
267,주암송광사,2003-10,3종,4646
267,주암송광사,2003-10,4종,3639
267,주암송광사,2003-10,5종,9576
267,주암송광사,2003-10,6종,4112
268,승주,2003-10,1종,61907
268,승주,2003-10,2종,2475
268,승주,2003-10,3종,2927
268,승주,2003-10,4종,584
268,승주,2003-10,5종,817
268,승주,2003-10,6종,2671
269,지리산,2003-10,1종,75741
269,지리산,2003-10,2종,4437
269,지리산,2003-10,3종,4026
269,지리산,2003-10,4종,1454
269,지리산,2003-10,5종,818
269,지리산,2003-10,6종,2016
270,서순천,2003-10,1종,189928
270,서순천,2003-10,2종,11574
270,서순천,2003-10,3종,10537
270,서순천,2003-10,4종,3041
270,서순천,2003-10,5종,20343
270,서순천,2003-10,6종,7152
271,순천,2003-10,1종,506494
271,순천,2003-10,2종,34461
271,순천,2003-10,3종,18143
271,순천,2003-10,4종,9995
271,순천,2003-10,5종,28796
271,순천,2003-10,6종,19358
272,광양,2003-10,1종,189026
272,광양,2003-10,2종,26454
272,광양,2003-10,3종,10769
272,광양,2003-10,4종,15249
272,광양,2003-10,5종,62876
272,광양,2003-10,6종,6754
273,동광양,2003-10,1종,98871
273,동광양,2003-10,2종,3758
273,동광양,2003-10,3종,2380
273,동광양,2003-10,4종,1179
273,동광양,2003-10,5종,29161
273,동광양,2003-10,6종,5983
274,가조,2003-10,1종,71466
274,가조,2003-10,2종,5705
274,가조,2003-10,3종,2896
274,가조,2003-10,4종,4758
274,가조,2003-10,5종,1206
274,가조,2003-10,6종,4632
275,옥곡,2003-10,1종,106274
275,옥곡,2003-10,2종,4691
275,옥곡,2003-10,3종,3593
275,옥곡,2003-10,4종,981
275,옥곡,2003-10,5종,5252
275,옥곡,2003-10,6종,5230
276,진월,2003-10,1종,101860
276,진월,2003-10,2종,5003
276,진월,2003-10,3종,2031
276,진월,2003-10,4종,3476
276,진월,2003-10,5종,59131
276,진월,2003-10,6종,4184
277,하동,2003-10,1종,187654
277,하동,2003-10,2종,10888
277,하동,2003-10,3종,8580
277,하동,2003-10,4종,2931
277,하동,2003-10,5종,29140
277,하동,2003-10,6종,8994
278,진교,2003-10,1종,195254
278,진교,2003-10,2종,10460
278,진교,2003-10,3종,15327
278,진교,2003-10,4종,2140
278,진교,2003-10,5종,2614
278,진교,2003-10,6종,13581
279,곤양,2003-10,1종,139466
279,곤양,2003-10,2종,9434
279,곤양,2003-10,3종,6079
279,곤양,2003-10,4종,2234
279,곤양,2003-10,5종,3828
279,곤양,2003-10,6종,9178
280,거창,2003-10,1종,203196
280,거창,2003-10,2종,16080
280,거창,2003-10,3종,12892
280,거창,2003-10,4종,6661
280,거창,2003-10,5종,7035
280,거창,2003-10,6종,10460
281,매송,2003-10,1종,511280
281,매송,2003-10,2종,56042
281,매송,2003-10,3종,14000
281,매송,2003-10,4종,15302
281,매송,2003-10,5종,30776
281,매송,2003-10,6종,20749
282,비봉,2003-10,1종,598070
282,비봉,2003-10,2종,69331
282,비봉,2003-10,3종,10205
282,비봉,2003-10,4종,12642
282,비봉,2003-10,5종,29281
282,비봉,2003-10,6종,20964
283,발안,2003-10,1종,473590
283,발안,2003-10,2종,56481
283,발안,2003-10,3종,7801
283,발안,2003-10,4종,13517
283,발안,2003-10,5종,30305
283,발안,2003-10,6종,13718
284,남양양,2003-10,1종,303483
284,남양양,2003-10,2종,10781
284,남양양,2003-10,3종,17395
284,남양양,2003-10,4종,2771
284,남양양,2003-10,5종,5366
284,남양양,2003-10,6종,7507
285,서평택,2003-10,1종,671894
285,서평택,2003-10,2종,68476
285,서평택,2003-10,3종,15906
285,서평택,2003-10,4종,28323
285,서평택,2003-10,5종,88858
285,서평택,2003-10,6종,20344
287,송악,2003-10,1종,337205
287,송악,2003-10,2종,29371
287,송악,2003-10,3종,12329
287,송악,2003-10,4종,8222
287,송악,2003-10,5종,48643
287,송악,2003-10,6종,8690
288,당진,2003-10,1종,274919
288,당진,2003-10,2종,24380
288,당진,2003-10,3종,9660
288,당진,2003-10,4종,6425
288,당진,2003-10,5종,33574
288,당진,2003-10,6종,8044
289,마산,2003-10,1종,964622
289,마산,2003-10,2종,71701
289,마산,2003-10,3종,41343
289,마산,2003-10,4종,19400
289,마산,2003-10,5종,26788
289,마산,2003-10,6종,55965
290,축동,2003-10,1종,29661
290,축동,2003-10,2종,3213
290,축동,2003-10,3종,282
290,축동,2003-10,4종,772
290,축동,2003-10,5종,2110
290,축동,2003-10,6종,2050
291,사천,2003-10,1종,637697
291,사천,2003-10,2종,50693
291,사천,2003-10,3종,25277
291,사천,2003-10,4종,9657
291,사천,2003-10,5종,26046
291,사천,2003-10,6종,36026
292,진주,2003-10,1종,611818
292,진주,2003-10,2종,43870
292,진주,2003-10,3종,28416
292,진주,2003-10,4종,9551
292,진주,2003-10,5종,25926
292,진주,2003-10,6종,38579
293,문산,2003-10,1종,199283
293,문산,2003-10,2종,19700
293,문산,2003-10,3종,2604
293,문산,2003-10,4종,4544
293,문산,2003-10,5종,9017
293,문산,2003-10,6종,12306
294,북창원,2003-10,1종,249621
294,북창원,2003-10,2종,15574
294,북창원,2003-10,3종,2553
294,북창원,2003-10,4종,6751
294,북창원,2003-10,5종,5635
294,북창원,2003-10,6종,12669
295,진성,2003-10,1종,142356
295,진성,2003-10,2종,14638
295,진성,2003-10,3종,15148
295,진성,2003-10,4종,3948
295,진성,2003-10,5종,11846
295,진성,2003-10,6종,7004
296,지수,2003-10,1종,46349
296,지수,2003-10,2종,5321
296,지수,2003-10,3종,952
296,지수,2003-10,4종,733
296,지수,2003-10,5종,1006
296,지수,2003-10,6종,2582
298,서산,2003-10,1종,335010
298,서산,2003-10,2종,20966
298,서산,2003-10,3종,8546
298,서산,2003-10,4종,2549
298,서산,2003-10,5종,9463
298,서산,2003-10,6종,9334
299,해미,2003-10,1종,180676
299,해미,2003-10,2종,12965
299,해미,2003-10,3종,7514
299,해미,2003-10,4종,2772
299,해미,2003-10,5종,9498
299,해미,2003-10,6종,5328
501,서김제,2003-10,1종,75898
501,서김제,2003-10,2종,9026
501,서김제,2003-10,3종,1594
501,서김제,2003-10,4종,1609
501,서김제,2003-10,5종,2720
501,서김제,2003-10,6종,1864
502,부안,2003-10,1종,105380
502,부안,2003-10,2종,11053
502,부안,2003-10,3종,3810
502,부안,2003-10,4종,2246
502,부안,2003-10,5종,8422
502,부안,2003-10,6종,2439
503,줄포,2003-10,1종,68428
503,줄포,2003-10,2종,4971
503,줄포,2003-10,3종,2330
503,줄포,2003-10,4종,759
503,줄포,2003-10,5종,1105
503,줄포,2003-10,6종,1370
504,선운산,2003-10,1종,78708
504,선운산,2003-10,2종,12422
504,선운산,2003-10,3종,8235
504,선운산,2003-10,4종,2649
504,선운산,2003-10,5종,4213
504,선운산,2003-10,6종,1779
505,고창,2003-10,1종,88605
505,고창,2003-10,2종,6715
505,고창,2003-10,3종,2151
505,고창,2003-10,4종,1202
505,고창,2003-10,5종,1676
505,고창,2003-10,6종,2171
506,영광,2003-10,1종,68720
506,영광,2003-10,2종,6911
506,영광,2003-10,3종,3823
506,영광,2003-10,4종,802
506,영광,2003-10,5종,1384
506,영광,2003-10,6종,1833
507,함평,2003-10,1종,58221
507,함평,2003-10,2종,11599
507,함평,2003-10,3종,1750
507,함평,2003-10,4종,1649
507,함평,2003-10,5종,3440
507,함평,2003-10,6종,1397
508,무안,2003-10,1종,326274
508,무안,2003-10,2종,28755
508,무안,2003-10,3종,12352
508,무안,2003-10,4종,4966
508,무안,2003-10,5종,14979
508,무안,2003-10,6종,8667
509,목포,2003-10,1종,476036
509,목포,2003-10,2종,44452
509,목포,2003-10,3종,22226
509,목포,2003-10,4종,7742
509,목포,2003-10,5종,22540
509,목포,2003-10,6종,12327
511,무창포,2003-10,1종,46531
511,무창포,2003-10,2종,4322
511,무창포,2003-10,3종,647
511,무창포,2003-10,4종,478
511,무창포,2003-10,5종,3849
511,무창포,2003-10,6종,1019
521,단양,2003-10,1종,85031
521,단양,2003-10,2종,4463
521,단양,2003-10,3종,7666
521,단양,2003-10,4종,905
521,단양,2003-10,5종,8977
521,단양,2003-10,6종,3124
522,북단양,2003-10,1종,73353
522,북단양,2003-10,2종,6327
522,북단양,2003-10,3종,4689
522,북단양,2003-10,4종,1579
522,북단양,2003-10,5종,32244
522,북단양,2003-10,6종,2471
523,남제천,2003-10,1종,50867
523,남제천,2003-10,2종,3269
523,남제천,2003-10,3종,2969
523,남제천,2003-10,4종,452
523,남제천,2003-10,5종,1110
523,남제천,2003-10,6종,1585
530,내장산,2003-10,1종,55545
530,내장산,2003-10,2종,2490
530,내장산,2003-10,3종,2550
530,내장산,2003-10,4종,488
530,내장산,2003-10,5종,448
530,내장산,2003-10,6종,1482
540,청북,2003-10,1종,227074
540,청북,2003-10,2종,48248
540,청북,2003-10,3종,8537
540,청북,2003-10,4종,14772
540,청북,2003-10,5종,34229
540,청북,2003-10,6종,6421
541,송탄,2003-10,1종,298289
541,송탄,2003-10,2종,36195
541,송탄,2003-10,3종,7262
541,송탄,2003-10,4종,7455
541,송탄,2003-10,5종,15732
541,송탄,2003-10,6종,10078
542,서안성,2003-10,1종,115571
542,서안성,2003-10,2종,14189
542,서안성,2003-10,3종,2144
542,서안성,2003-10,4종,3702
542,서안성,2003-10,5종,6828
542,서안성,2003-10,6종,3773
560,감곡,2003-10,1종,108977
560,감곡,2003-10,2종,10357
560,감곡,2003-10,3종,5743
560,감곡,2003-10,4종,1567
560,감곡,2003-10,5종,11809
560,감곡,2003-10,6종,3335
561,북충주,2003-10,1종,47358
561,북충주,2003-10,2종,3923
561,북충주,2003-10,3종,3262
561,북충주,2003-10,4종,317
561,북충주,2003-10,5종,1197
561,북충주,2003-10,6종,1418
562,충주,2003-10,1종,214025
562,충주,2003-10,2종,11407
562,충주,2003-10,3종,11671
562,충주,2003-10,4종,1221
562,충주,2003-10,5종,2937
562,충주,2003-10,6종,6388
601,남천안,2003-10,1종,212775
601,남천안,2003-10,2종,57582
601,남천안,2003-10,3종,16858
601,남천안,2003-10,4종,21188
601,남천안,2003-10,5종,32422
601,남천안,2003-10,6종,5868
602,풍세상,2003-10,1종,640560
602,풍세상,2003-10,2종,47811
602,풍세상,2003-10,3종,90335
602,풍세상,2003-10,4종,14583
602,풍세상,2003-10,5종,32619
602,풍세상,2003-10,6종,16356
603,정안,2003-10,1종,119205
603,정안,2003-10,2종,16700
603,정안,2003-10,3종,10510
603,정안,2003-10,4종,5450
603,정안,2003-10,5종,8195
603,정안,2003-10,6종,3358
604,남공주,2003-10,1종,37201
604,남공주,2003-10,2종,2401
604,남공주,2003-10,3종,1110
604,남공주,2003-10,4종,733
604,남공주,2003-10,5종,798
604,남공주,2003-10,6종,1018
605,탄천,2003-10,1종,24827
605,탄천,2003-10,2종,2203
605,탄천,2003-10,3종,694
605,탄천,2003-10,4종,252
605,탄천,2003-10,5종,329
605,탄천,2003-10,6종,691
606,서논산,2003-10,1종,68068
606,서논산,2003-10,2종,9362
606,서논산,2003-10,3종,4658
606,서논산,2003-10,4종,3073
606,서논산,2003-10,5종,5077
606,서논산,2003-10,6종,1947
607,연무,2003-10,1종,51092
607,연무,2003-10,2종,3768
607,연무,2003-10,3종,3373
607,연무,2003-10,4종,507
607,연무,2003-10,5종,933
607,연무,2003-10,6종,1400
608,남논산하,2003-10,1종,455127
608,남논산하,2003-10,2종,35635
608,남논산하,2003-10,3종,76473
608,남논산하,2003-10,4종,11270
608,남논산하,2003-10,5종,19888
608,남논산하,2003-10,6종,10541
11,인천,2003-11,1종,3148572
11,인천,2003-11,2종,167450
11,인천,2003-11,3종,44666
11,인천,2003-11,4종,55433
11,인천,2003-11,5종,116717
11,인천,2003-11,6종,185123
22,,2003-11,1종,470394
22,,2003-11,2종,24967
22,,2003-11,3종,20300
22,,2003-11,4종,11616
22,,2003-11,5종,27713
22,,2003-11,6종,21603
53,남인천,2003-11,1종,1606407
53,남인천,2003-11,2종,88966
53,남인천,2003-11,3종,25252
53,남인천,2003-11,4종,21773
53,남인천,2003-11,5종,110170
53,남인천,2003-11,6종,85754
56,일로,2003-11,1종,16484
56,일로,2003-11,2종,915
56,일로,2003-11,3종,62
56,일로,2003-11,4종,196
56,일로,2003-11,5종,369
56,일로,2003-11,6종,1076
61,성남,2003-11,1종,2604408
61,성남,2003-11,2종,200496
61,성남,2003-11,3종,67944
61,성남,2003-11,4종,30571
61,성남,2003-11,5종,47162
61,성남,2003-11,6종,111944
62,구리남양주,2003-11,1종,3708613
62,구리남양주,2003-11,2종,275683
62,구리남양주,2003-11,3종,63266
62,구리남양주,2003-11,4종,54363
62,구리남양주,2003-11,5종,73770
62,구리남양주,2003-11,6종,163157
63,토평,2003-11,1종,540861
63,토평,2003-11,2종,23485
63,토평,2003-11,3종,8013
63,토평,2003-11,4종,6415
63,토평,2003-11,5종,10486
63,토평,2003-11,6종,25309
64,청계,2003-11,1종,3715170
64,청계,2003-11,2종,234200
64,청계,2003-11,3종,72209
64,청계,2003-11,4종,30037
64,청계,2003-11,5종,69424
64,청계,2003-11,6종,172277
65,판교,2003-11,1종,1758219
65,판교,2003-11,2종,56868
65,판교,2003-11,3종,82289
65,판교,2003-11,4종,15200
65,판교,2003-11,5종,12103
65,판교,2003-11,6종,65487
66,하남,2003-11,1종,436731
66,하남,2003-11,2종,32281
66,하남,2003-11,3종,11526
66,하남,2003-11,4종,11405
66,하남,2003-11,5종,8145
66,하남,2003-11,6종,17862
67,시흥,2003-11,1종,3296275
67,시흥,2003-11,2종,224959
67,시흥,2003-11,3종,63711
67,시흥,2003-11,4종,38230
67,시흥,2003-11,5종,41952
67,시흥,2003-11,6종,146822
68,김포,2003-11,1종,3421792
68,김포,2003-11,2종,249050
68,김포,2003-11,3종,38553
68,김포,2003-11,4종,35184
68,김포,2003-11,5종,74422
68,김포,2003-11,6종,155316
91,대동(개),2003-11,1종,137207
91,대동(개),2003-11,2종,15057
91,대동(개),2003-11,3종,958
91,대동(개),2003-11,4종,35392
91,대동(개),2003-11,5종,17390
91,대동(개),2003-11,6종,7668
101,서울,2003-11,1종,4900417
101,서울,2003-11,2종,310678
101,서울,2003-11,3종,377704
101,서울,2003-11,4종,56046
101,서울,2003-11,5종,49733
101,서울,2003-11,6종,177073
102,동수원,2003-11,1종,1676218
102,동수원,2003-11,2종,76026
102,동수원,2003-11,3종,54790
102,동수원,2003-11,4종,17597
102,동수원,2003-11,5종,29056
102,동수원,2003-11,6종,77612
103,수원신갈,2003-11,1종,1939321
103,수원신갈,2003-11,2종,138599
103,수원신갈,2003-11,3종,82189
103,수원신갈,2003-11,4종,28043
103,수원신갈,2003-11,5종,31579
103,수원신갈,2003-11,6종,91391
104,지곡,2003-11,1종,37424
104,지곡,2003-11,2종,3353
104,지곡,2003-11,3종,901
104,지곡,2003-11,4종,957
104,지곡,2003-11,5종,1808
104,지곡,2003-11,6종,1124
105,기흥,2003-11,1종,804594
105,기흥,2003-11,2종,82097
105,기흥,2003-11,3종,21739
105,기흥,2003-11,4종,16116
105,기흥,2003-11,5종,21595
105,기흥,2003-11,6종,28914
106,오산,2003-11,1종,1047597
106,오산,2003-11,2종,123718
106,오산,2003-11,3종,49574
106,오산,2003-11,4종,26181
106,오산,2003-11,5종,31951
106,오산,2003-11,6종,42215
107,안성,2003-11,1종,983315
107,안성,2003-11,2종,101833
107,안성,2003-11,3종,49070
107,안성,2003-11,4종,22809
107,안성,2003-11,5종,31998
107,안성,2003-11,6종,38357
108,천안,2003-11,1종,1227834
108,천안,2003-11,2종,89780
108,천안,2003-11,3종,68806
108,천안,2003-11,4종,25157
108,천안,2003-11,5종,30302
108,천안,2003-11,6종,43941
109,계룡,2003-11,1종,136630
109,계룡,2003-11,2종,15341
109,계룡,2003-11,3종,9917
109,계룡,2003-11,4종,7965
109,계룡,2003-11,5종,3522
109,계룡,2003-11,6종,6440
110,독립기념관,2003-11,1종,285402
110,독립기념관,2003-11,2종,40260
110,독립기념관,2003-11,3종,13816
110,독립기념관,2003-11,4종,13026
110,독립기념관,2003-11,5종,14510
110,독립기념관,2003-11,6종,8882
111,청주,2003-11,1종,526237
111,청주,2003-11,2종,47140
111,청주,2003-11,3종,39285
111,청주,2003-11,4종,12631
111,청주,2003-11,5종,18310
111,청주,2003-11,6종,18202
112,남청주,2003-11,1종,437163
112,남청주,2003-11,2종,72444
112,남청주,2003-11,3종,28617
112,남청주,2003-11,4종,30220
112,남청주,2003-11,5종,34775
112,남청주,2003-11,6종,15910
113,신탄진,2003-11,1종,457486
113,신탄진,2003-11,2종,70980
113,신탄진,2003-11,3종,17365
113,신탄진,2003-11,4종,32053
113,신탄진,2003-11,5종,39428
113,신탄진,2003-11,6종,17303
114,남대전,2003-11,1종,260255
114,남대전,2003-11,2종,14133
114,남대전,2003-11,3종,2894
114,남대전,2003-11,4종,3038
114,남대전,2003-11,5종,7607
114,남대전,2003-11,6종,10682
115,대전,2003-11,1종,1202847
115,대전,2003-11,2종,70043
115,대전,2003-11,3종,73492
115,대전,2003-11,4종,14782
115,대전,2003-11,5종,21431
115,대전,2003-11,6종,51036
116,옥천,2003-11,1종,427866
116,옥천,2003-11,2종,44855
116,옥천,2003-11,3종,9855
116,옥천,2003-11,4종,13217
116,옥천,2003-11,5종,14040
116,옥천,2003-11,6종,18527
117,금강,2003-11,1종,20390
117,금강,2003-11,2종,1508
117,금강,2003-11,3종,307
117,금강,2003-11,4종,1018
117,금강,2003-11,5종,655
117,금강,2003-11,6종,860
118,영동,2003-11,1종,119116
118,영동,2003-11,2종,17271
118,영동,2003-11,3종,5862
118,영동,2003-11,4종,6630
118,영동,2003-11,5종,12004
118,영동,2003-11,6종,3888
119,판암,2003-11,1종,349299
119,판암,2003-11,2종,18910
119,판암,2003-11,3종,3304
119,판암,2003-11,4종,9300
119,판암,2003-11,5종,7111
119,판암,2003-11,6종,16035
120,황간,2003-11,1종,78726
120,황간,2003-11,2종,8093
120,황간,2003-11,3종,2559
120,황간,2003-11,4종,5155
120,황간,2003-11,5종,5536
120,황간,2003-11,6종,3215
121,추풍령,2003-11,1종,49004
121,추풍령,2003-11,2종,6333
121,추풍령,2003-11,3종,3061
121,추풍령,2003-11,4종,5541
121,추풍령,2003-11,5종,5424
121,추풍령,2003-11,6종,2931
122,김천,2003-11,1종,263741
122,김천,2003-11,2종,34454
122,김천,2003-11,3종,16916
122,김천,2003-11,4종,13963
122,김천,2003-11,5종,18471
122,김천,2003-11,6종,9858
123,구미,2003-11,1종,598517
123,구미,2003-11,2종,33688
123,구미,2003-11,3종,21354
123,구미,2003-11,4종,13073
123,구미,2003-11,5종,13973
123,구미,2003-11,6종,28435
124,상주,2003-11,1종,218861
124,상주,2003-11,2종,15834
124,상주,2003-11,3종,7086
124,상주,2003-11,4종,3764
124,상주,2003-11,5종,8913
124,상주,2003-11,6종,10095
125,남구미,2003-11,1종,377546
125,남구미,2003-11,2종,41406
125,남구미,2003-11,3종,24477
125,남구미,2003-11,4종,17377
125,남구미,2003-11,5종,51975
125,남구미,2003-11,6종,18343
126,왜관,2003-11,1종,424666
126,왜관,2003-11,2종,48542
126,왜관,2003-11,3종,19672
126,왜관,2003-11,4종,15339
126,왜관,2003-11,5종,37883
126,왜관,2003-11,6종,20427
127,서대구,2003-11,1종,1937461
127,서대구,2003-11,2종,221150
127,서대구,2003-11,3종,86809
127,서대구,2003-11,4종,59967
127,서대구,2003-11,5종,113373
127,서대구,2003-11,6종,89080
129,북대구,2003-11,1종,1153256
129,북대구,2003-11,2종,80569
129,북대구,2003-11,3종,27239
129,북대구,2003-11,4종,18913
129,북대구,2003-11,5종,30333
129,북대구,2003-11,6종,50458
130,동김천,2003-11,1종,1028726
130,동김천,2003-11,2종,68661
130,동김천,2003-11,3종,41996
130,동김천,2003-11,4종,26728
130,동김천,2003-11,5종,39690
130,동김천,2003-11,6종,49820
131,경산,2003-11,1종,712056
131,경산,2003-11,2종,97428
131,경산,2003-11,3종,19712
131,경산,2003-11,4종,21879
131,경산,2003-11,5종,36676
131,경산,2003-11,6종,40291
132,영천,2003-11,1종,465117
132,영천,2003-11,2종,53232
132,영천,2003-11,3종,31574
132,영천,2003-11,4종,14442
132,영천,2003-11,5종,66535
132,영천,2003-11,6종,16595
133,서경주,2003-11,1종,86326
133,서경주,2003-11,2종,7578
133,서경주,2003-11,3종,2472
133,서경주,2003-11,4종,2334
133,서경주,2003-11,5종,6902
133,서경주,2003-11,6종,3094
134,선산,2003-11,1종,77975
134,선산,2003-11,2종,6769
134,선산,2003-11,3종,1089
134,선산,2003-11,4종,1719
134,선산,2003-11,5종,1762
134,선산,2003-11,6종,3729
135,경주,2003-11,1종,910689
135,경주,2003-11,2종,85369
135,경주,2003-11,3종,72375
135,경주,2003-11,4종,29394
135,경주,2003-11,5종,93258
135,경주,2003-11,6종,34272
136,음성,2003-11,1종,152559
136,음성,2003-11,2종,9227
136,음성,2003-11,3종,5385
136,음성,2003-11,4종,3271
136,음성,2003-11,5종,5076
136,음성,2003-11,6종,8698
137,통도사,2003-11,1종,354631
137,통도사,2003-11,2종,37822
137,통도사,2003-11,3종,17065
137,통도사,2003-11,4종,14992
137,통도사,2003-11,5종,23951
137,통도사,2003-11,6종,16940
138,양산,2003-11,1종,704723
138,양산,2003-11,2종,92269
138,양산,2003-11,3종,28824
138,양산,2003-11,4종,42139
138,양산,2003-11,5종,48336
138,양산,2003-11,6종,42880
139,서울산,2003-11,1종,397293
139,서울산,2003-11,2종,30713
139,서울산,2003-11,3종,19267
139,서울산,2003-11,4종,11108
139,서울산,2003-11,5종,17028
139,서울산,2003-11,6종,20294
140,부산,2003-11,1종,1425931
140,부산,2003-11,2종,94275
140,부산,2003-11,3종,70627
140,부산,2003-11,4종,43899
140,부산,2003-11,5종,120319
140,부산,2003-11,6종,72896
141,,2003-11,1종,1060404
141,,2003-11,2종,96409
141,,2003-11,3종,50391
141,,2003-11,4종,49795
141,,2003-11,5종,124021
141,,2003-11,6종,51765
142,군북,2003-11,1종,267738
142,군북,2003-11,2종,20382
142,군북,2003-11,3종,8810
142,군북,2003-11,4종,11511
142,군북,2003-11,5종,16636
142,군북,2003-11,6종,13559
143,장지,2003-11,1종,78918
143,장지,2003-11,2종,8030
143,장지,2003-11,3종,1956
143,장지,2003-11,4종,2050
143,장지,2003-11,5종,9660
143,장지,2003-11,6종,4615
144,함안,2003-11,1종,373861
144,함안,2003-11,2종,28241
144,함안,2003-11,3종,9870
144,함안,2003-11,4종,8151
144,함안,2003-11,5종,19979
144,함안,2003-11,6종,26624
145,산인,2003-11,1종,676272
145,산인,2003-11,2종,42631
145,산인,2003-11,3종,40707
145,산인,2003-11,4종,18253
145,산인,2003-11,5종,25955
145,산인,2003-11,6종,41091
146,동창원,2003-11,1종,586192
146,동창원,2003-11,2종,51057
146,동창원,2003-11,3종,9047
146,동창원,2003-11,4종,12514
146,동창원,2003-11,5종,41506
146,동창원,2003-11,6종,35002
147,진례,2003-11,1종,509596
147,진례,2003-11,2종,81150
147,진례,2003-11,3종,6505
147,진례,2003-11,4종,16123
147,진례,2003-11,5종,24603
147,진례,2003-11,6종,28469
148,서김해,2003-11,1종,671838
148,서김해,2003-11,2종,52855
148,서김해,2003-11,3종,10904
148,서김해,2003-11,4종,13284
148,서김해,2003-11,5종,25377
148,서김해,2003-11,6종,43901
149,동김해,2003-11,1종,1106614
149,동김해,2003-11,2종,69193
149,동김해,2003-11,3종,17413
149,동김해,2003-11,4종,18283
149,동김해,2003-11,5종,26758
149,동김해,2003-11,6종,87342
150,북부산,2003-11,1종,2427148
150,북부산,2003-11,2종,171062
150,북부산,2003-11,3종,66573
150,북부산,2003-11,4종,51196
150,북부산,2003-11,5종,122580
150,북부산,2003-11,6종,151166
151,북대전,2003-11,1종,529239
151,북대전,2003-11,2종,22444
151,북대전,2003-11,3종,16752
151,북대전,2003-11,4종,11483
151,북대전,2003-11,5종,12660
151,북대전,2003-11,6종,21625
152,유성,2003-11,1종,838693
152,유성,2003-11,2종,49827
152,유성,2003-11,3종,28496
152,유성,2003-11,4종,14297
152,유성,2003-11,5종,18775
152,유성,2003-11,6종,32618
153,서대전,2003-11,1종,571675
153,서대전,2003-11,2종,37690
153,서대전,2003-11,3종,10626
153,서대전,2003-11,4종,11119
153,서대전,2003-11,5종,14007
153,서대전,2003-11,6종,25245
154,안영,2003-11,1종,356079
154,안영,2003-11,2종,18729
154,안영,2003-11,3종,6650
154,안영,2003-11,4종,11447
154,안영,2003-11,5종,14514
154,안영,2003-11,6종,14481
155,논산,2003-11,1종,235257
155,논산,2003-11,2종,40706
155,논산,2003-11,3종,12877
155,논산,2003-11,4종,15946
155,논산,2003-11,5종,15923
155,논산,2003-11,6종,7538
156,익산,2003-11,1종,291690
156,익산,2003-11,2종,43201
156,익산,2003-11,3종,21114
156,익산,2003-11,4종,16690
156,익산,2003-11,5종,33955
156,익산,2003-11,6종,8230
157,삼례,2003-11,1종,84754
157,삼례,2003-11,2종,10757
157,삼례,2003-11,3종,2581
157,삼례,2003-11,4종,3762
157,삼례,2003-11,5종,5331
157,삼례,2003-11,6종,2417
158,전주,2003-11,1종,577352
158,전주,2003-11,2종,44827
158,전주,2003-11,3종,40855
158,전주,2003-11,4종,12969
158,전주,2003-11,5종,28573
158,전주,2003-11,6종,16548
159,서전주,2003-11,1종,174645
159,서전주,2003-11,2종,12209
159,서전주,2003-11,3종,4056
159,서전주,2003-11,4종,3309
159,서전주,2003-11,5종,3220
159,서전주,2003-11,6종,5000
160,김제,2003-11,1종,120340
160,김제,2003-11,2종,9455
160,김제,2003-11,3종,7756
160,김제,2003-11,4종,2964
160,김제,2003-11,5종,3390
160,김제,2003-11,6종,3300
161,금산사,2003-11,1종,61655
161,금산사,2003-11,2종,8290
161,금산사,2003-11,3종,2019
161,금산사,2003-11,4종,1602
161,금산사,2003-11,5종,3352
161,금산사,2003-11,6종,1639
162,태인,2003-11,1종,102574
162,태인,2003-11,2종,14029
162,태인,2003-11,3종,6346
162,태인,2003-11,4종,3945
162,태인,2003-11,5종,7521
162,태인,2003-11,6종,2649
163,정읍,2003-11,1종,411830
163,정읍,2003-11,2종,45738
163,정읍,2003-11,3종,29647
163,정읍,2003-11,4종,9873
163,정읍,2003-11,5종,13419
163,정읍,2003-11,6종,11365
164,무주,2003-11,1종,140902
164,무주,2003-11,2종,5978
164,무주,2003-11,3종,5457
164,무주,2003-11,4종,1219
164,무주,2003-11,5종,2647
164,무주,2003-11,6종,3938
165,백양사,2003-11,1종,146997
165,백양사,2003-11,2종,7731
165,백양사,2003-11,3종,7292
165,백양사,2003-11,4종,2228
165,백양사,2003-11,5종,2256
165,백양사,2003-11,6종,3796
166,장성,2003-11,1종,181886
166,장성,2003-11,2종,14367
166,장성,2003-11,3종,11161
166,장성,2003-11,4종,3393
166,장성,2003-11,5종,8637
166,장성,2003-11,6종,7597
167,광주,2003-11,1종,976907
167,광주,2003-11,2종,88206
167,광주,2003-11,3종,73558
167,광주,2003-11,4종,25793
167,광주,2003-11,5종,29655
167,광주,2003-11,6종,26885
168,덕유산,2003-11,1종,38002
168,덕유산,2003-11,2종,2205
168,덕유산,2003-11,3종,1193
168,덕유산,2003-11,4종,418
168,덕유산,2003-11,5종,1943
168,덕유산,2003-11,6종,1016
169,장수,2003-11,1종,109175
169,장수,2003-11,2종,20702
169,장수,2003-11,3종,8403
169,장수,2003-11,4종,6962
169,장수,2003-11,5종,16424
169,장수,2003-11,6종,2446
170,서상,2003-11,1종,38094
170,서상,2003-11,2종,4376
170,서상,2003-11,3종,2914
170,서상,2003-11,4종,882
170,서상,2003-11,5종,2193
170,서상,2003-11,6종,1251
171,마성,2003-11,1종,246624
171,마성,2003-11,2종,9454
171,마성,2003-11,3종,14972
171,마성,2003-11,4종,831
171,마성,2003-11,5종,566
171,마성,2003-11,6종,10605
172,용인,2003-11,1종,781552
172,용인,2003-11,2종,96072
172,용인,2003-11,3종,19209
172,용인,2003-11,4종,14310
172,용인,2003-11,5종,15006
172,용인,2003-11,6종,36720
173,양지,2003-11,1종,553879
173,양지,2003-11,2종,96181
173,양지,2003-11,3종,19550
173,양지,2003-11,4종,20644
173,양지,2003-11,5종,23889
173,양지,2003-11,6종,21512
174,춘천,2003-11,1종,409189
174,춘천,2003-11,2종,22369
174,춘천,2003-11,3종,14613
174,춘천,2003-11,4종,5157
174,춘천,2003-11,5종,7175
174,춘천,2003-11,6종,21084
175,덕평,2003-11,1종,164261
175,덕평,2003-11,2종,22020
175,덕평,2003-11,3종,8354
175,덕평,2003-11,4종,5728
175,덕평,2003-11,5종,5365
175,덕평,2003-11,6종,6366
176,이천,2003-11,1종,530802
176,이천,2003-11,2종,57282
176,이천,2003-11,3종,22832
176,이천,2003-11,4종,20518
176,이천,2003-11,5종,28671
176,이천,2003-11,6종,20102
177,여주,2003-11,1종,354058
177,여주,2003-11,2종,31617
177,여주,2003-11,3종,17082
177,여주,2003-11,4종,9495
177,여주,2003-11,5종,13244
177,여주,2003-11,6종,11733
178,문막,2003-11,1종,230008
178,문막,2003-11,2종,27484
178,문막,2003-11,3종,8040
178,문막,2003-11,4종,8044
178,문막,2003-11,5종,16135
178,문막,2003-11,6종,8146
179,홍천,2003-11,1종,271757
179,홍천,2003-11,2종,15909
179,홍천,2003-11,3종,8119
179,홍천,2003-11,4종,4920
179,홍천,2003-11,5종,4572
179,홍천,2003-11,6종,13994
180,원주,2003-11,1종,248414
180,원주,2003-11,2종,24250
180,원주,2003-11,3종,23862
180,원주,2003-11,4종,6573
180,원주,2003-11,5종,9580
180,원주,2003-11,6종,10047
181,새말,2003-11,1종,157363
181,새말,2003-11,2종,13849
181,새말,2003-11,3종,17458
181,새말,2003-11,4종,3365
181,새말,2003-11,5종,6349
181,새말,2003-11,6종,4896
182,둔내,2003-11,1종,95316
182,둔내,2003-11,2종,5615
182,둔내,2003-11,3종,2266
182,둔내,2003-11,4종,1430
182,둔내,2003-11,5종,929
182,둔내,2003-11,6종,2972
183,면온,2003-11,1종,84087
183,면온,2003-11,2종,3377
183,면온,2003-11,3종,7234
183,면온,2003-11,4종,3627
183,면온,2003-11,5종,2485
183,면온,2003-11,6종,2189
184,대관령,2003-11,1종,126740
184,대관령,2003-11,2종,6311
184,대관령,2003-11,3종,11122
184,대관령,2003-11,4종,1453
184,대관령,2003-11,5종,1238
184,대관령,2003-11,6종,4315
185,평창,2003-11,1종,103249
185,평창,2003-11,2종,7147
185,평창,2003-11,3종,11465
185,평창,2003-11,4종,2111
185,평창,2003-11,5종,3205
185,평창,2003-11,6종,3577
186,속사,2003-11,1종,32413
186,속사,2003-11,2종,2872
186,속사,2003-11,3종,726
186,속사,2003-11,4종,1074
186,속사,2003-11,5종,911
186,속사,2003-11,6종,990
187,진부,2003-11,1종,115247
187,진부,2003-11,2종,7373
187,진부,2003-11,3종,11930
187,진부,2003-11,4종,4359
187,진부,2003-11,5종,3039
187,진부,2003-11,6종,4133
189,강릉,2003-11,1종,506618
189,강릉,2003-11,2종,30610
189,강릉,2003-11,3종,32388
189,강릉,2003-11,4종,9166
189,강릉,2003-11,5종,18083
189,강릉,2003-11,6종,18015
190,동서울,2003-11,1종,2969831
190,동서울,2003-11,2종,246762
190,동서울,2003-11,3종,139993
190,동서울,2003-11,4종,42566
190,동서울,2003-11,5종,67309
190,동서울,2003-11,6종,95585
191,경기광주,2003-11,1종,692983
191,경기광주,2003-11,2종,53899
191,경기광주,2003-11,3종,21764
191,경기광주,2003-11,4종,7930
191,경기광주,2003-11,5종,16245
191,경기광주,2003-11,6종,31024
192,곤지암,2003-11,1종,664908
192,곤지암,2003-11,2종,87620
192,곤지암,2003-11,3종,12354
192,곤지암,2003-11,4종,14208
192,곤지암,2003-11,5종,19161
192,곤지암,2003-11,6종,22688
193,일죽,2003-11,1종,417359
193,일죽,2003-11,2종,67308
193,일죽,2003-11,3종,20961
193,일죽,2003-11,4종,15523
193,일죽,2003-11,5종,17989
193,일죽,2003-11,6종,13472
194,서이천,2003-11,1종,289540
194,서이천,2003-11,2종,29552
194,서이천,2003-11,3종,10999
194,서이천,2003-11,4종,5959
194,서이천,2003-11,5종,5648
194,서이천,2003-11,6종,11649
195,대소,2003-11,1종,327374
195,대소,2003-11,2종,55766
195,대소,2003-11,3종,12494
195,대소,2003-11,4종,12655
195,대소,2003-11,5종,12638
195,대소,2003-11,6종,10602
196,진천,2003-11,1종,253745
196,진천,2003-11,2종,36730
196,진천,2003-11,3종,8862
196,진천,2003-11,4종,8735
196,진천,2003-11,5종,11918
196,진천,2003-11,6종,8788
197,증평,2003-11,1종,317947
197,증평,2003-11,2종,42289
197,증평,2003-11,3종,10946
197,증평,2003-11,4종,8546
197,증평,2003-11,5종,18004
197,증평,2003-11,6종,9822
198,서청주,2003-11,1종,523907
198,서청주,2003-11,2종,51261
198,서청주,2003-11,3종,23838
198,서청주,2003-11,4종,17414
198,서청주,2003-11,5종,17344
198,서청주,2003-11,6종,19379
199,오창,2003-11,1종,246516
199,오창,2003-11,2종,22952
199,오창,2003-11,3종,10967
199,오창,2003-11,4종,5580
199,오창,2003-11,5종,7182
199,오창,2003-11,6종,8303
200,금산,2003-11,1종,209123
200,금산,2003-11,2종,9416
200,금산,2003-11,3종,3937
200,금산,2003-11,4종,2531
200,금산,2003-11,5종,4144
200,금산,2003-11,6종,6877
201,칠곡,2003-11,1종,524834
201,칠곡,2003-11,2종,28404
201,칠곡,2003-11,3종,13139
201,칠곡,2003-11,4종,5743
201,칠곡,2003-11,5종,8186
201,칠곡,2003-11,6종,30316
202,다부,2003-11,1종,109349
202,다부,2003-11,2종,9499
202,다부,2003-11,3종,2456
202,다부,2003-11,4종,2893
202,다부,2003-11,5종,4153
202,다부,2003-11,6종,4047
203,가산,2003-11,1종,402874
203,가산,2003-11,2종,28473
203,가산,2003-11,3종,8373
203,가산,2003-11,4종,5875
203,가산,2003-11,5종,13541
203,가산,2003-11,6종,16531
204,추부,2003-11,1종,264115
204,추부,2003-11,2종,19981
204,추부,2003-11,3종,7335
204,추부,2003-11,4종,8234
204,추부,2003-11,5종,5854
204,추부,2003-11,6종,11989
205,군위,2003-11,1종,107911
205,군위,2003-11,2종,11107
205,군위,2003-11,3종,1467
205,군위,2003-11,4종,1749
205,군위,2003-11,5종,2869
205,군위,2003-11,6종,4061
206,의성,2003-11,1종,170797
206,의성,2003-11,2종,11871
206,의성,2003-11,3종,2977
206,의성,2003-11,4종,2204
206,의성,2003-11,5종,4202
206,의성,2003-11,6종,6172
207,남안동,2003-11,1종,229257
207,남안동,2003-11,2종,13756
207,남안동,2003-11,3종,10728
207,남안동,2003-11,4종,2409
207,남안동,2003-11,5종,7781
207,남안동,2003-11,6종,9050
208,서안동,2003-11,1종,208539
208,서안동,2003-11,2종,16000
208,서안동,2003-11,3종,8199
208,서안동,2003-11,4종,2310
208,서안동,2003-11,5종,11160
208,서안동,2003-11,6종,7218
209,예천,2003-11,1종,49094
209,예천,2003-11,2종,3085
209,예천,2003-11,3종,1184
209,예천,2003-11,4종,457
209,예천,2003-11,5종,5152
209,예천,2003-11,6종,1740
210,영주,2003-11,1종,145188
210,영주,2003-11,2종,10056
210,영주,2003-11,3종,4674
210,영주,2003-11,4종,1835
210,영주,2003-11,5종,7059
210,영주,2003-11,6종,5509
211,풍기,2003-11,1종,174521
211,풍기,2003-11,2종,11631
211,풍기,2003-11,3종,10136
211,풍기,2003-11,4종,1140
211,풍기,2003-11,5종,7604
211,풍기,2003-11,6종,6332
212,북수원,2003-11,1종,1207999
212,북수원,2003-11,2종,85472
212,북수원,2003-11,3종,37863
212,북수원,2003-11,4종,24666
212,북수원,2003-11,5종,25149
212,북수원,2003-11,6종,53034
213,부곡,2003-11,1종,244073
213,부곡,2003-11,2종,15328
213,부곡,2003-11,3종,4214
213,부곡,2003-11,4종,5999
213,부곡,2003-11,5종,56079
213,부곡,2003-11,6종,11606
214,동군포,2003-11,1종,113397
214,동군포,2003-11,2종,21167
214,동군포,2003-11,3종,5406
214,동군포,2003-11,4종,12625
214,동군포,2003-11,5종,6134
214,동군포,2003-11,6종,5404
215,군포,2003-11,1종,660108
215,군포,2003-11,2종,84276
215,군포,2003-11,3종,15720
215,군포,2003-11,4종,18042
215,군포,2003-11,5종,28537
215,군포,2003-11,6종,28837
216,횡성,2003-11,1종,113871
216,횡성,2003-11,2종,8943
216,횡성,2003-11,3종,3176
216,횡성,2003-11,4종,2149
216,횡성,2003-11,5종,2890
216,횡성,2003-11,6종,4778
217,북원주,2003-11,1종,59079
217,북원주,2003-11,2종,5285
217,북원주,2003-11,3종,1892
217,북원주,2003-11,4종,1245
217,북원주,2003-11,5종,1158
217,북원주,2003-11,6종,3038
218,남원주,2003-11,1종,480612
218,남원주,2003-11,2종,29876
218,남원주,2003-11,3종,19324
218,남원주,2003-11,4종,5382
218,남원주,2003-11,5종,9698
218,남원주,2003-11,6종,19503
219,신림,2003-11,1종,97512
219,신림,2003-11,2종,7096
219,신림,2003-11,3종,2297
219,신림,2003-11,4종,1429
219,신림,2003-11,5종,14503
219,신림,2003-11,6종,3553
221,생초,2003-11,1종,53578
221,생초,2003-11,2종,9057
221,생초,2003-11,3종,2677
221,생초,2003-11,4종,6067
221,생초,2003-11,5종,9673
221,생초,2003-11,6종,1862
222,산청,2003-11,1종,49812
222,산청,2003-11,2종,2867
222,산청,2003-11,3종,1150
222,산청,2003-11,4종,649
222,산청,2003-11,5종,1552
222,산청,2003-11,6종,1970
223,단성,2003-11,1종,89546
223,단성,2003-11,2종,5415
223,단성,2003-11,3종,4305
223,단성,2003-11,4종,1200
223,단성,2003-11,5종,3164
223,단성,2003-11,6종,2860
224,함양,2003-11,1종,117257
224,함양,2003-11,2종,7679
224,함양,2003-11,3종,5059
224,함양,2003-11,4종,1615
224,함양,2003-11,5종,6034
224,함양,2003-11,6종,5101
225,서진주,2003-11,1종,314838
225,서진주,2003-11,2종,11174
225,서진주,2003-11,3종,4369
225,서진주,2003-11,4종,2578
225,서진주,2003-11,5종,5320
225,서진주,2003-11,6종,19848
227,군산,2003-11,1종,119220
227,군산,2003-11,2종,8146
227,군산,2003-11,3종,5223
227,군산,2003-11,4종,1491
227,군산,2003-11,5종,3630
227,군산,2003-11,6종,3525
228,동군산,2003-11,1종,350660
228,동군산,2003-11,2종,32097
228,동군산,2003-11,3종,11183
228,동군산,2003-11,4종,7252
228,동군산,2003-11,5종,26332
228,동군산,2003-11,6종,8426
231,화원옥포,2003-11,1종,1411727
231,화원옥포,2003-11,2종,166435
231,화원옥포,2003-11,3종,65795
231,화원옥포,2003-11,4종,37263
231,화원옥포,2003-11,5종,98023
231,화원옥포,2003-11,6종,60489
232,달성,2003-11,1종,213162
232,달성,2003-11,2종,28201
232,달성,2003-11,3종,10375
232,달성,2003-11,4종,5604
232,달성,2003-11,5종,3986
232,달성,2003-11,6종,15892
233,현풍,2003-11,1종,257461
233,현풍,2003-11,2종,36530
233,현풍,2003-11,3종,7485
233,현풍,2003-11,4종,9462
233,현풍,2003-11,5종,21971
233,현풍,2003-11,6종,10974
234,서천,2003-11,1종,119370
234,서천,2003-11,2종,11561
234,서천,2003-11,3종,2580
234,서천,2003-11,4종,4298
234,서천,2003-11,5종,8554
234,서천,2003-11,6종,3707
235,창녕,2003-11,1종,190249
235,창녕,2003-11,2종,13304
235,창녕,2003-11,3종,7856
235,창녕,2003-11,4종,1986
235,창녕,2003-11,5종,4959
235,창녕,2003-11,6종,9672
236,영산,2003-11,1종,169789
236,영산,2003-11,2종,13102
236,영산,2003-11,3종,6784
236,영산,2003-11,4종,2487
236,영산,2003-11,5종,3030
236,영산,2003-11,6종,8332
237,남지,2003-11,1종,144594
237,남지,2003-11,2종,11260
237,남지,2003-11,3종,8034
237,남지,2003-11,4종,8385
237,남지,2003-11,5종,7216
237,남지,2003-11,6종,10063
238,칠서,2003-11,1종,203322
238,칠서,2003-11,2종,27023
238,칠서,2003-11,3종,4264
238,칠서,2003-11,4종,18702
238,칠서,2003-11,5종,16474
238,칠서,2003-11,6종,11965
239,칠원,2003-11,1종,433322
239,칠원,2003-11,2종,36888
239,칠원,2003-11,3종,21170
239,칠원,2003-11,4종,22580
239,칠원,2003-11,5종,22054
239,칠원,2003-11,6종,24079
240,제천,2003-11,1종,313428
240,제천,2003-11,2종,23082
240,제천,2003-11,3종,14468
240,제천,2003-11,4종,4278
240,제천,2003-11,5종,31087
240,제천,2003-11,6종,11531
241,동고령,2003-11,1종,170977
241,동고령,2003-11,2종,16157
241,동고령,2003-11,3종,9303
241,동고령,2003-11,4종,4271
241,동고령,2003-11,5종,10590
241,동고령,2003-11,6종,7700
242,고령,2003-11,1종,159211
242,고령,2003-11,2종,13929
242,고령,2003-11,3종,3666
242,고령,2003-11,4종,2720
242,고령,2003-11,5종,5182
242,고령,2003-11,6종,6571
243,해인사,2003-11,1종,97121
243,해인사,2003-11,2종,5334
243,해인사,2003-11,3종,3280
243,해인사,2003-11,4종,764
243,해인사,2003-11,5종,681
243,해인사,2003-11,6종,4698
244,서부산,2003-11,1종,1851055
244,서부산,2003-11,2종,160313
244,서부산,2003-11,3종,76017
244,서부산,2003-11,4종,51128
244,서부산,2003-11,5종,174851
244,서부산,2003-11,6종,99584
245,장유,2003-11,1종,1254482
245,장유,2003-11,2종,83875
245,장유,2003-11,3종,30033
245,장유,2003-11,4종,19501
245,장유,2003-11,5종,53993
245,장유,2003-11,6종,83546
246,가락,2003-11,1종,353998
246,가락,2003-11,2종,40616
246,가락,2003-11,3종,5962
246,가락,2003-11,4종,15443
246,가락,2003-11,5종,24136
246,가락,2003-11,6종,21537
247,남원,2003-11,1종,184605
247,남원,2003-11,2종,15044
247,남원,2003-11,3종,10921
247,남원,2003-11,4종,4988
247,남원,2003-11,5종,7356
247,남원,2003-11,6종,5607
248,순창,2003-11,1종,83498
248,순창,2003-11,2종,5217
248,순창,2003-11,3종,3478
248,순창,2003-11,4종,1280
248,순창,2003-11,5종,1439
248,순창,2003-11,6종,3153
249,담양,2003-11,1종,103343
249,담양,2003-11,2종,6232
249,담양,2003-11,3종,11589
249,담양,2003-11,4종,1344
249,담양,2003-11,5종,2375
249,담양,2003-11,6종,3501
250,남양산,2003-11,1종,806773
250,남양산,2003-11,2종,79154
250,남양산,2003-11,3종,19541
250,남양산,2003-11,4종,29622
250,남양산,2003-11,5종,49279
250,남양산,2003-11,6종,52165
251,물금,2003-11,1종,171521
251,물금,2003-11,2종,31926
251,물금,2003-11,3종,6651
251,물금,2003-11,4종,17009
251,물금,2003-11,5종,90385
251,물금,2003-11,6종,10033
252,대동,2003-11,1종,1761463
252,대동,2003-11,2종,225892
252,대동,2003-11,3종,49763
252,대동,2003-11,4종,67702
252,대동,2003-11,5종,158950
252,대동,2003-11,6종,86348
253,서서울,2003-11,1종,3734248
253,서서울,2003-11,2종,325555
253,서서울,2003-11,3종,77975
253,서서울,2003-11,4종,57014
253,서서울,2003-11,5종,94573
253,서서울,2003-11,6종,140881
254,군자,2003-11,1종,2541297
254,군자,2003-11,2종,256754
254,군자,2003-11,3종,61601
254,군자,2003-11,4종,75178
254,군자,2003-11,5종,218949
254,군자,2003-11,6종,110833
255,서안산,2003-11,1종,979653
255,서안산,2003-11,2종,126715
255,서안산,2003-11,3종,10639
255,서안산,2003-11,4종,22785
255,서안산,2003-11,5종,43482
255,서안산,2003-11,6종,44400
256,안산,2003-11,1종,1048880
256,안산,2003-11,2종,41175
256,안산,2003-11,3종,9700
256,안산,2003-11,4종,5390
256,안산,2003-11,5종,11045
256,안산,2003-11,6종,56299
257,홍성,2003-11,1종,269493
257,홍성,2003-11,2종,15682
257,홍성,2003-11,3종,8484
257,홍성,2003-11,4종,1792
257,홍성,2003-11,5종,4981
257,홍성,2003-11,6종,6428
258,광천,2003-11,1종,116275
258,광천,2003-11,2종,12615
258,광천,2003-11,3종,2686
258,광천,2003-11,4종,1578
258,광천,2003-11,5종,5643
258,광천,2003-11,6종,2884
259,대천,2003-11,1종,239498
259,대천,2003-11,2종,14304
259,대천,2003-11,3종,4542
259,대천,2003-11,4종,2326
259,대천,2003-11,5종,3633
259,대천,2003-11,6종,6997
260,춘장대,2003-11,1종,39756
260,춘장대,2003-11,2종,3093
260,춘장대,2003-11,3종,482
260,춘장대,2003-11,4종,418
260,춘장대,2003-11,5종,1453
260,춘장대,2003-11,6종,1071
261,동광주,2003-11,1종,1011593
261,동광주,2003-11,2종,64562
261,동광주,2003-11,3종,54274
261,동광주,2003-11,4종,20085
261,동광주,2003-11,5종,43835
261,동광주,2003-11,6종,32995
262,창평,2003-11,1종,60763
262,창평,2003-11,2종,4007
262,창평,2003-11,3종,836
262,창평,2003-11,4종,2157
262,창평,2003-11,5종,1800
262,창평,2003-11,6종,2007
263,옥과,2003-11,1종,178925
263,옥과,2003-11,2종,7398
263,옥과,2003-11,3종,11080
263,옥과,2003-11,4종,3181
263,옥과,2003-11,5종,5215
263,옥과,2003-11,6종,7068
264,동남원,2003-11,1종,48772
264,동남원,2003-11,2종,3520
264,동남원,2003-11,3종,2249
264,동남원,2003-11,4종,2722
264,동남원,2003-11,5종,3396
264,동남원,2003-11,6종,1361
265,곡성,2003-11,1종,141833
265,곡성,2003-11,2종,8199
265,곡성,2003-11,3종,3974
265,곡성,2003-11,4종,3488
265,곡성,2003-11,5종,6246
265,곡성,2003-11,6종,4967
266,석곡,2003-11,1종,51077
266,석곡,2003-11,2종,3125
266,석곡,2003-11,3종,2063
266,석곡,2003-11,4종,474
266,석곡,2003-11,5종,1002
266,석곡,2003-11,6종,1851
267,주암송광사,2003-11,1종,123504
267,주암송광사,2003-11,2종,8961
267,주암송광사,2003-11,3종,4134
267,주암송광사,2003-11,4종,3838
267,주암송광사,2003-11,5종,9457
267,주암송광사,2003-11,6종,3869
268,승주,2003-11,1종,57373
268,승주,2003-11,2종,2291
268,승주,2003-11,3종,2636
268,승주,2003-11,4종,451
268,승주,2003-11,5종,868
268,승주,2003-11,6종,2558
269,지리산,2003-11,1종,65030
269,지리산,2003-11,2종,4025
269,지리산,2003-11,3종,3609
269,지리산,2003-11,4종,1577
269,지리산,2003-11,5종,563
269,지리산,2003-11,6종,1729
270,서순천,2003-11,1종,185981
270,서순천,2003-11,2종,10354
270,서순천,2003-11,3종,9536
270,서순천,2003-11,4종,2862
270,서순천,2003-11,5종,18430
270,서순천,2003-11,6종,6822
271,순천,2003-11,1종,501367
271,순천,2003-11,2종,30376
271,순천,2003-11,3종,17030
271,순천,2003-11,4종,9497
271,순천,2003-11,5종,28002
271,순천,2003-11,6종,19061
272,광양,2003-11,1종,183726
272,광양,2003-11,2종,24765
272,광양,2003-11,3종,9893
272,광양,2003-11,4종,14405
272,광양,2003-11,5종,59587
272,광양,2003-11,6종,6611
273,동광양,2003-11,1종,98628
273,동광양,2003-11,2종,3558
273,동광양,2003-11,3종,2013
273,동광양,2003-11,4종,1101
273,동광양,2003-11,5종,27788
273,동광양,2003-11,6종,5815
274,가조,2003-11,1종,75678
274,가조,2003-11,2종,5312
274,가조,2003-11,3종,2943
274,가조,2003-11,4종,4679
274,가조,2003-11,5종,1821
274,가조,2003-11,6종,4713
275,옥곡,2003-11,1종,105938
275,옥곡,2003-11,2종,4435
275,옥곡,2003-11,3종,3099
275,옥곡,2003-11,4종,797
275,옥곡,2003-11,5종,5079
275,옥곡,2003-11,6종,5278
276,진월,2003-11,1종,87745
276,진월,2003-11,2종,4317
276,진월,2003-11,3종,1618
276,진월,2003-11,4종,2956
276,진월,2003-11,5종,53691
276,진월,2003-11,6종,3673
277,하동,2003-11,1종,186075
277,하동,2003-11,2종,8960
277,하동,2003-11,3종,8173
277,하동,2003-11,4종,3106
277,하동,2003-11,5종,25967
277,하동,2003-11,6종,8484
278,진교,2003-11,1종,189067
278,진교,2003-11,2종,10079
278,진교,2003-11,3종,15399
278,진교,2003-11,4종,1888
278,진교,2003-11,5종,3256
278,진교,2003-11,6종,12868
279,곤양,2003-11,1종,137770
279,곤양,2003-11,2종,8837
279,곤양,2003-11,3종,6166
279,곤양,2003-11,4종,2446
279,곤양,2003-11,5종,4045
279,곤양,2003-11,6종,8653
280,거창,2003-11,1종,208156
280,거창,2003-11,2종,15135
280,거창,2003-11,3종,11857
280,거창,2003-11,4종,5781
280,거창,2003-11,5종,7329
280,거창,2003-11,6종,10622
281,매송,2003-11,1종,490181
281,매송,2003-11,2종,51997
281,매송,2003-11,3종,12778
281,매송,2003-11,4종,14107
281,매송,2003-11,5종,27738
281,매송,2003-11,6종,19993
282,비봉,2003-11,1종,545968
282,비봉,2003-11,2종,62674
282,비봉,2003-11,3종,8607
282,비봉,2003-11,4종,11695
282,비봉,2003-11,5종,27040
282,비봉,2003-11,6종,19221
283,발안,2003-11,1종,451489
283,발안,2003-11,2종,53071
283,발안,2003-11,3종,7109
283,발안,2003-11,4종,11939
283,발안,2003-11,5종,28521
283,발안,2003-11,6종,13478
284,남양양,2003-11,1종,239639
284,남양양,2003-11,2종,9053
284,남양양,2003-11,3종,11090
284,남양양,2003-11,4종,2579
284,남양양,2003-11,5종,3661
284,남양양,2003-11,6종,6077
285,서평택,2003-11,1종,648222
285,서평택,2003-11,2종,62744
285,서평택,2003-11,3종,13511
285,서평택,2003-11,4종,21597
285,서평택,2003-11,5종,79047
285,서평택,2003-11,6종,19818
287,송악,2003-11,1종,328674
287,송악,2003-11,2종,29186
287,송악,2003-11,3종,10698
287,송악,2003-11,4종,7247
287,송악,2003-11,5종,44395
287,송악,2003-11,6종,8179
288,당진,2003-11,1종,288566
288,당진,2003-11,2종,24365
288,당진,2003-11,3종,8131
288,당진,2003-11,4종,5597
288,당진,2003-11,5종,29103
288,당진,2003-11,6종,8116
289,마산,2003-11,1종,966214
289,마산,2003-11,2종,67566
289,마산,2003-11,3종,40570
289,마산,2003-11,4종,17735
289,마산,2003-11,5종,25684
289,마산,2003-11,6종,56284
290,축동,2003-11,1종,30808
290,축동,2003-11,2종,2992
290,축동,2003-11,3종,342
290,축동,2003-11,4종,866
290,축동,2003-11,5종,2300
290,축동,2003-11,6종,2331
291,사천,2003-11,1종,644362
291,사천,2003-11,2종,46299
291,사천,2003-11,3종,25618
291,사천,2003-11,4종,9024
291,사천,2003-11,5종,25201
291,사천,2003-11,6종,34952
292,진주,2003-11,1종,551493
292,진주,2003-11,2종,38472
292,진주,2003-11,3종,25714
292,진주,2003-11,4종,8355
292,진주,2003-11,5종,22786
292,진주,2003-11,6종,34871
293,문산,2003-11,1종,193092
293,문산,2003-11,2종,17724
293,문산,2003-11,3종,2236
293,문산,2003-11,4종,4305
293,문산,2003-11,5종,8424
293,문산,2003-11,6종,11547
294,북창원,2003-11,1종,246829
294,북창원,2003-11,2종,14464
294,북창원,2003-11,3종,2081
294,북창원,2003-11,4종,5775
294,북창원,2003-11,5종,5403
294,북창원,2003-11,6종,12525
295,진성,2003-11,1종,142296
295,진성,2003-11,2종,13658
295,진성,2003-11,3종,14233
295,진성,2003-11,4종,3431
295,진성,2003-11,5종,11598
295,진성,2003-11,6종,7108
296,지수,2003-11,1종,47550
296,지수,2003-11,2종,4763
296,지수,2003-11,3종,970
296,지수,2003-11,4종,699
296,지수,2003-11,5종,787
296,지수,2003-11,6종,2585
298,서산,2003-11,1종,316886
298,서산,2003-11,2종,22082
298,서산,2003-11,3종,7424
298,서산,2003-11,4종,2443
298,서산,2003-11,5종,8828
298,서산,2003-11,6종,8896
299,해미,2003-11,1종,172861
299,해미,2003-11,2종,12614
299,해미,2003-11,3종,6352
299,해미,2003-11,4종,2680
299,해미,2003-11,5종,8098
299,해미,2003-11,6종,4887
501,서김제,2003-11,1종,76580
501,서김제,2003-11,2종,8757
501,서김제,2003-11,3종,1717
501,서김제,2003-11,4종,1348
501,서김제,2003-11,5종,2567
501,서김제,2003-11,6종,1796
502,부안,2003-11,1종,109416
502,부안,2003-11,2종,11393
502,부안,2003-11,3종,4974
502,부안,2003-11,4종,1751
502,부안,2003-11,5종,7351
502,부안,2003-11,6종,2548
503,줄포,2003-11,1종,69139
503,줄포,2003-11,2종,5411
503,줄포,2003-11,3종,2726
503,줄포,2003-11,4종,832
503,줄포,2003-11,5종,1186
503,줄포,2003-11,6종,1350
504,선운산,2003-11,1종,84680
504,선운산,2003-11,2종,13095
504,선운산,2003-11,3종,8618
504,선운산,2003-11,4종,2099
504,선운산,2003-11,5종,4300
504,선운산,2003-11,6종,1737
505,고창,2003-11,1종,94431
505,고창,2003-11,2종,9192
505,고창,2003-11,3종,2101
505,고창,2003-11,4종,652
505,고창,2003-11,5종,1397
505,고창,2003-11,6종,2208
506,영광,2003-11,1종,71681
506,영광,2003-11,2종,7992
506,영광,2003-11,3종,3652
506,영광,2003-11,4종,574
506,영광,2003-11,5종,1296
506,영광,2003-11,6종,1626
507,함평,2003-11,1종,59914
507,함평,2003-11,2종,12176
507,함평,2003-11,3종,1748
507,함평,2003-11,4종,1499
507,함평,2003-11,5종,3488
507,함평,2003-11,6종,1245
508,무안,2003-11,1종,318958
508,무안,2003-11,2종,26382
508,무안,2003-11,3종,11097
508,무안,2003-11,4종,4783
508,무안,2003-11,5종,13253
508,무안,2003-11,6종,8352
509,목포,2003-11,1종,456752
509,목포,2003-11,2종,39243
509,목포,2003-11,3종,19699
509,목포,2003-11,4종,7072
509,목포,2003-11,5종,20330
509,목포,2003-11,6종,11363
511,무창포,2003-11,1종,39369
511,무창포,2003-11,2종,4238
511,무창포,2003-11,3종,406
511,무창포,2003-11,4종,449
511,무창포,2003-11,5종,4375
511,무창포,2003-11,6종,962
521,단양,2003-11,1종,72768
521,단양,2003-11,2종,3750
521,단양,2003-11,3종,5471
521,단양,2003-11,4종,742
521,단양,2003-11,5종,7913
521,단양,2003-11,6종,2814
522,북단양,2003-11,1종,66828
522,북단양,2003-11,2종,5195
522,북단양,2003-11,3종,3154
522,북단양,2003-11,4종,1549
522,북단양,2003-11,5종,26740
522,북단양,2003-11,6종,2313
523,남제천,2003-11,1종,45750
523,남제천,2003-11,2종,2318
523,남제천,2003-11,3종,1934
523,남제천,2003-11,4종,337
523,남제천,2003-11,5종,1036
523,남제천,2003-11,6종,1439
530,내장산,2003-11,1종,70510
530,내장산,2003-11,2종,2769
530,내장산,2003-11,3종,3750
530,내장산,2003-11,4종,537
530,내장산,2003-11,5종,706
530,내장산,2003-11,6종,1811
540,청북,2003-11,1종,229656
540,청북,2003-11,2종,46566
540,청북,2003-11,3종,8250
540,청북,2003-11,4종,13912
540,청북,2003-11,5종,28560
540,청북,2003-11,6종,6341
541,송탄,2003-11,1종,286055
541,송탄,2003-11,2종,33297
541,송탄,2003-11,3종,6202
541,송탄,2003-11,4종,6881
541,송탄,2003-11,5종,16077
541,송탄,2003-11,6종,9814
542,서안성,2003-11,1종,111052
542,서안성,2003-11,2종,13294
542,서안성,2003-11,3종,1935
542,서안성,2003-11,4종,3078
542,서안성,2003-11,5종,6099
542,서안성,2003-11,6종,3599
560,감곡,2003-11,1종,110766
560,감곡,2003-11,2종,9874
560,감곡,2003-11,3종,5305
560,감곡,2003-11,4종,1530
560,감곡,2003-11,5종,18710
560,감곡,2003-11,6종,3372
561,북충주,2003-11,1종,48575
561,북충주,2003-11,2종,3527
561,북충주,2003-11,3종,1653
561,북충주,2003-11,4종,313
561,북충주,2003-11,5종,1093
561,북충주,2003-11,6종,1411
562,충주,2003-11,1종,217652
562,충주,2003-11,2종,10488
562,충주,2003-11,3종,11194
562,충주,2003-11,4종,1077
562,충주,2003-11,5종,2984
562,충주,2003-11,6종,6791
601,남천안,2003-11,1종,203707
601,남천안,2003-11,2종,49671
601,남천안,2003-11,3종,14204
601,남천안,2003-11,4종,18525
601,남천안,2003-11,5종,27039
601,남천안,2003-11,6종,5677
602,풍세상,2003-11,1종,645110
602,풍세상,2003-11,2종,47881
602,풍세상,2003-11,3종,84933
602,풍세상,2003-11,4종,12697
602,풍세상,2003-11,5종,29535
602,풍세상,2003-11,6종,15919
603,정안,2003-11,1종,116924
603,정안,2003-11,2종,15355
603,정안,2003-11,3종,9290
603,정안,2003-11,4종,4638
603,정안,2003-11,5종,6742
603,정안,2003-11,6종,3381
604,남공주,2003-11,1종,33862
604,남공주,2003-11,2종,2074
604,남공주,2003-11,3종,797
604,남공주,2003-11,4종,599
604,남공주,2003-11,5종,676
604,남공주,2003-11,6종,923
605,탄천,2003-11,1종,24517
605,탄천,2003-11,2종,2032
605,탄천,2003-11,3종,424
605,탄천,2003-11,4종,283
605,탄천,2003-11,5종,362
605,탄천,2003-11,6종,675
606,서논산,2003-11,1종,67580
606,서논산,2003-11,2종,8458
606,서논산,2003-11,3종,3713
606,서논산,2003-11,4종,2824
606,서논산,2003-11,5종,4602
606,서논산,2003-11,6종,2010
607,연무,2003-11,1종,50580
607,연무,2003-11,2종,3349
607,연무,2003-11,3종,3262
607,연무,2003-11,4종,477
607,연무,2003-11,5종,801
607,연무,2003-11,6종,1320
608,남논산하,2003-11,1종,455029
608,남논산하,2003-11,2종,35523
608,남논산하,2003-11,3종,73020
608,남논산하,2003-11,4종,10287
608,남논산하,2003-11,5종,19080
608,남논산하,2003-11,6종,10047
11,인천,2003-12,1종,3154273
11,인천,2003-12,2종,168894
11,인천,2003-12,3종,43141
11,인천,2003-12,4종,57858
11,인천,2003-12,5종,118317
11,인천,2003-12,6종,182215
22,,2003-12,1종,467506
22,,2003-12,2종,29104
22,,2003-12,3종,18919
22,,2003-12,4종,10752
22,,2003-12,5종,30803
22,,2003-12,6종,20735
53,남인천,2003-12,1종,1604639
53,남인천,2003-12,2종,88604
53,남인천,2003-12,3종,24611
53,남인천,2003-12,4종,21520
53,남인천,2003-12,5종,111087
53,남인천,2003-12,6종,84591
56,일로,2003-12,1종,16912
56,일로,2003-12,2종,951
56,일로,2003-12,3종,32
56,일로,2003-12,4종,119
56,일로,2003-12,5종,420
56,일로,2003-12,6종,1154
61,성남,2003-12,1종,2699989
61,성남,2003-12,2종,209566
61,성남,2003-12,3종,63620
61,성남,2003-12,4종,32319
61,성남,2003-12,5종,50403
61,성남,2003-12,6종,115949
62,구리남양주,2003-12,1종,3578364
62,구리남양주,2003-12,2종,277859
62,구리남양주,2003-12,3종,58131
62,구리남양주,2003-12,4종,56298
62,구리남양주,2003-12,5종,71917
62,구리남양주,2003-12,6종,159376
63,토평,2003-12,1종,471163
63,토평,2003-12,2종,21921
63,토평,2003-12,3종,2751
63,토평,2003-12,4종,5502
63,토평,2003-12,5종,10538
63,토평,2003-12,6종,21822
64,청계,2003-12,1종,3720698
64,청계,2003-12,2종,236822
64,청계,2003-12,3종,69243
64,청계,2003-12,4종,29796
64,청계,2003-12,5종,71113
64,청계,2003-12,6종,173574
65,판교,2003-12,1종,2010453
65,판교,2003-12,2종,62757
65,판교,2003-12,3종,94347
65,판교,2003-12,4종,16948
65,판교,2003-12,5종,11750
65,판교,2003-12,6종,73241
66,하남,2003-12,1종,421480
66,하남,2003-12,2종,31607
66,하남,2003-12,3종,9229
66,하남,2003-12,4종,11325
66,하남,2003-12,5종,9248
66,하남,2003-12,6종,17173
67,시흥,2003-12,1종,3346571
67,시흥,2003-12,2종,236828
67,시흥,2003-12,3종,58651
67,시흥,2003-12,4종,40390
67,시흥,2003-12,5종,45142
67,시흥,2003-12,6종,150433
68,김포,2003-12,1종,3392514
68,김포,2003-12,2종,249524
68,김포,2003-12,3종,34202
68,김포,2003-12,4종,37352
68,김포,2003-12,5종,79107
68,김포,2003-12,6종,153283
91,대동(개),2003-12,1종,134078
91,대동(개),2003-12,2종,14340
91,대동(개),2003-12,3종,861
91,대동(개),2003-12,4종,44824
91,대동(개),2003-12,5종,22256
91,대동(개),2003-12,6종,7502
101,서울,2003-12,1종,4966245
101,서울,2003-12,2종,326809
101,서울,2003-12,3종,364197
101,서울,2003-12,4종,62050
101,서울,2003-12,5종,55688
101,서울,2003-12,6종,181028
102,동수원,2003-12,1종,1745562
102,동수원,2003-12,2종,80104
102,동수원,2003-12,3종,55108
102,동수원,2003-12,4종,18702
102,동수원,2003-12,5종,28807
102,동수원,2003-12,6종,79165
103,수원신갈,2003-12,1종,2037150
103,수원신갈,2003-12,2종,149921
103,수원신갈,2003-12,3종,81103
103,수원신갈,2003-12,4종,31860
103,수원신갈,2003-12,5종,35612
103,수원신갈,2003-12,6종,94500
104,지곡,2003-12,1종,31738
104,지곡,2003-12,2종,3405
104,지곡,2003-12,3종,582
104,지곡,2003-12,4종,1098
104,지곡,2003-12,5종,1922
104,지곡,2003-12,6종,1017
105,기흥,2003-12,1종,780750
105,기흥,2003-12,2종,86081
105,기흥,2003-12,3종,21335
105,기흥,2003-12,4종,17154
105,기흥,2003-12,5종,21904
105,기흥,2003-12,6종,29235
106,오산,2003-12,1종,1043405
106,오산,2003-12,2종,133466
106,오산,2003-12,3종,51059
106,오산,2003-12,4종,28797
106,오산,2003-12,5종,34390
106,오산,2003-12,6종,42604
107,안성,2003-12,1종,942035
107,안성,2003-12,2종,105500
107,안성,2003-12,3종,44939
107,안성,2003-12,4종,24622
107,안성,2003-12,5종,35281
107,안성,2003-12,6종,35970
108,천안,2003-12,1종,1224886
108,천안,2003-12,2종,95273
108,천안,2003-12,3종,63478
108,천안,2003-12,4종,27279
108,천안,2003-12,5종,32873
108,천안,2003-12,6종,42698
109,계룡,2003-12,1종,133277
109,계룡,2003-12,2종,15815
109,계룡,2003-12,3종,9861
109,계룡,2003-12,4종,8880
109,계룡,2003-12,5종,4676
109,계룡,2003-12,6종,5983
110,독립기념관,2003-12,1종,261786
110,독립기념관,2003-12,2종,42340
110,독립기념관,2003-12,3종,12029
110,독립기념관,2003-12,4종,14223
110,독립기념관,2003-12,5종,15675
110,독립기념관,2003-12,6종,7993
111,청주,2003-12,1종,507073
111,청주,2003-12,2종,46419
111,청주,2003-12,3종,38509
111,청주,2003-12,4종,13071
111,청주,2003-12,5종,20290
111,청주,2003-12,6종,17042
112,남청주,2003-12,1종,436437
112,남청주,2003-12,2종,76346
112,남청주,2003-12,3종,25418
112,남청주,2003-12,4종,33123
112,남청주,2003-12,5종,39677
112,남청주,2003-12,6종,16200
113,신탄진,2003-12,1종,453702
113,신탄진,2003-12,2종,73113
113,신탄진,2003-12,3종,15454
113,신탄진,2003-12,4종,34603
113,신탄진,2003-12,5종,41824
113,신탄진,2003-12,6종,17004
114,남대전,2003-12,1종,249272
114,남대전,2003-12,2종,14297
114,남대전,2003-12,3종,2320
114,남대전,2003-12,4종,3114
114,남대전,2003-12,5종,5076
114,남대전,2003-12,6종,10823
115,대전,2003-12,1종,1221547
115,대전,2003-12,2종,75224
115,대전,2003-12,3종,74561
115,대전,2003-12,4종,15988
115,대전,2003-12,5종,23793
115,대전,2003-12,6종,51432
116,옥천,2003-12,1종,395406
116,옥천,2003-12,2종,42900
116,옥천,2003-12,3종,7679
116,옥천,2003-12,4종,13379
116,옥천,2003-12,5종,14063
116,옥천,2003-12,6종,17506
117,금강,2003-12,1종,19679
117,금강,2003-12,2종,1510
117,금강,2003-12,3종,337
117,금강,2003-12,4종,725
117,금강,2003-12,5종,2040
117,금강,2003-12,6종,1086
118,영동,2003-12,1종,106900
118,영동,2003-12,2종,16374
118,영동,2003-12,3종,4705
118,영동,2003-12,4종,7367
118,영동,2003-12,5종,14007
118,영동,2003-12,6종,3614
119,판암,2003-12,1종,327699
119,판암,2003-12,2종,18929
119,판암,2003-12,3종,2673
119,판암,2003-12,4종,9984
119,판암,2003-12,5종,7449
119,판암,2003-12,6종,14780
120,황간,2003-12,1종,66325
120,황간,2003-12,2종,7349
120,황간,2003-12,3종,1901
120,황간,2003-12,4종,4734
120,황간,2003-12,5종,4254
120,황간,2003-12,6종,2755
121,추풍령,2003-12,1종,41473
121,추풍령,2003-12,2종,5141
121,추풍령,2003-12,3종,1327
121,추풍령,2003-12,4종,3355
121,추풍령,2003-12,5종,3031
121,추풍령,2003-12,6종,2688
122,김천,2003-12,1종,245691
122,김천,2003-12,2종,33666
122,김천,2003-12,3종,14135
122,김천,2003-12,4종,13827
122,김천,2003-12,5종,17465
122,김천,2003-12,6종,9831
123,구미,2003-12,1종,640594
123,구미,2003-12,2종,36098
123,구미,2003-12,3종,20118
123,구미,2003-12,4종,15531
123,구미,2003-12,5종,15743
123,구미,2003-12,6종,30039
124,상주,2003-12,1종,208043
124,상주,2003-12,2종,15504
124,상주,2003-12,3종,5976
124,상주,2003-12,4종,4103
124,상주,2003-12,5종,8980
124,상주,2003-12,6종,9287
125,남구미,2003-12,1종,423253
125,남구미,2003-12,2종,45035
125,남구미,2003-12,3종,25619
125,남구미,2003-12,4종,19528
125,남구미,2003-12,5종,57455
125,남구미,2003-12,6종,19921
126,왜관,2003-12,1종,449931
126,왜관,2003-12,2종,52426
126,왜관,2003-12,3종,19665
126,왜관,2003-12,4종,16760
126,왜관,2003-12,5종,35943
126,왜관,2003-12,6종,22034
127,서대구,2003-12,1종,1949358
127,서대구,2003-12,2종,236702
127,서대구,2003-12,3종,83270
127,서대구,2003-12,4종,66476
127,서대구,2003-12,5종,127866
127,서대구,2003-12,6종,89384
129,북대구,2003-12,1종,1251692
129,북대구,2003-12,2종,88553
129,북대구,2003-12,3종,27020
129,북대구,2003-12,4종,19917
129,북대구,2003-12,5종,30433
129,북대구,2003-12,6종,54133
130,동김천,2003-12,1종,1107368
130,동김천,2003-12,2종,75902
130,동김천,2003-12,3종,42315
130,동김천,2003-12,4종,30338
130,동김천,2003-12,5종,39605
130,동김천,2003-12,6종,53535
131,경산,2003-12,1종,723659
131,경산,2003-12,2종,103138
131,경산,2003-12,3종,17664
131,경산,2003-12,4종,23744
131,경산,2003-12,5종,37053
131,경산,2003-12,6종,39912
132,영천,2003-12,1종,476613
132,영천,2003-12,2종,58033
132,영천,2003-12,3종,31234
132,영천,2003-12,4종,15503
132,영천,2003-12,5종,71194
132,영천,2003-12,6종,16559
133,서경주,2003-12,1종,79171
133,서경주,2003-12,2종,8012
133,서경주,2003-12,3종,1855
133,서경주,2003-12,4종,2389
133,서경주,2003-12,5종,8641
133,서경주,2003-12,6종,2863
134,선산,2003-12,1종,73188
134,선산,2003-12,2종,6421
134,선산,2003-12,3종,861
134,선산,2003-12,4종,1614
134,선산,2003-12,5종,2527
134,선산,2003-12,6종,3310
135,경주,2003-12,1종,899039
135,경주,2003-12,2종,89731
135,경주,2003-12,3종,66323
135,경주,2003-12,4종,30799
135,경주,2003-12,5종,100780
135,경주,2003-12,6종,34705
136,음성,2003-12,1종,133698
136,음성,2003-12,2종,9553
136,음성,2003-12,3종,5098
136,음성,2003-12,4종,3559
136,음성,2003-12,5종,5263
136,음성,2003-12,6종,8080
137,통도사,2003-12,1종,358008
137,통도사,2003-12,2종,40579
137,통도사,2003-12,3종,16859
137,통도사,2003-12,4종,17302
137,통도사,2003-12,5종,30352
137,통도사,2003-12,6종,16695
138,양산,2003-12,1종,716207
138,양산,2003-12,2종,99695
138,양산,2003-12,3종,29389
138,양산,2003-12,4종,50962
138,양산,2003-12,5종,60542
138,양산,2003-12,6종,43564
139,서울산,2003-12,1종,368519
139,서울산,2003-12,2종,32337
139,서울산,2003-12,3종,17968
139,서울산,2003-12,4종,12655
139,서울산,2003-12,5종,19028
139,서울산,2003-12,6종,19195
140,부산,2003-12,1종,1464209
140,부산,2003-12,2종,103588
140,부산,2003-12,3종,71025
140,부산,2003-12,4종,54230
140,부산,2003-12,5종,150411
140,부산,2003-12,6종,75541
141,,2003-12,1종,1072574
141,,2003-12,2종,105503
141,,2003-12,3종,49961
141,,2003-12,4종,54540
141,,2003-12,5종,142794
141,,2003-12,6종,51522
142,군북,2003-12,1종,244337
142,군북,2003-12,2종,21534
142,군북,2003-12,3종,7163
142,군북,2003-12,4종,12159
142,군북,2003-12,5종,19255
142,군북,2003-12,6종,12825
143,장지,2003-12,1종,76736
143,장지,2003-12,2종,8400
143,장지,2003-12,3종,1098
143,장지,2003-12,4종,2525
143,장지,2003-12,5종,12000
143,장지,2003-12,6종,4638
144,함안,2003-12,1종,366804
144,함안,2003-12,2종,28779
144,함안,2003-12,3종,8596
144,함안,2003-12,4종,8985
144,함안,2003-12,5종,22211
144,함안,2003-12,6종,26547
145,산인,2003-12,1종,681854
145,산인,2003-12,2종,43674
145,산인,2003-12,3종,37843
145,산인,2003-12,4종,19221
145,산인,2003-12,5종,30522
145,산인,2003-12,6종,42683
146,동창원,2003-12,1종,600978
146,동창원,2003-12,2종,56728
146,동창원,2003-12,3종,7968
146,동창원,2003-12,4종,13671
146,동창원,2003-12,5종,49126
146,동창원,2003-12,6종,36308
147,진례,2003-12,1종,503520
147,진례,2003-12,2종,83402
147,진례,2003-12,3종,5919
147,진례,2003-12,4종,17419
147,진례,2003-12,5종,25508
147,진례,2003-12,6종,28233
148,서김해,2003-12,1종,687226
148,서김해,2003-12,2종,55665
148,서김해,2003-12,3종,9657
148,서김해,2003-12,4종,14741
148,서김해,2003-12,5종,30188
148,서김해,2003-12,6종,44549
149,동김해,2003-12,1종,1141467
149,동김해,2003-12,2종,74494
149,동김해,2003-12,3종,15282
149,동김해,2003-12,4종,22412
149,동김해,2003-12,5종,30881
149,동김해,2003-12,6종,89808
150,북부산,2003-12,1종,2522750
150,북부산,2003-12,2종,188572
150,북부산,2003-12,3종,60239
150,북부산,2003-12,4종,58310
150,북부산,2003-12,5종,142609
150,북부산,2003-12,6종,158530
151,북대전,2003-12,1종,523770
151,북대전,2003-12,2종,23044
151,북대전,2003-12,3종,15119
151,북대전,2003-12,4종,12082
151,북대전,2003-12,5종,13306
151,북대전,2003-12,6종,21407
152,유성,2003-12,1종,816787
152,유성,2003-12,2종,51825
152,유성,2003-12,3종,24759
152,유성,2003-12,4종,16055
152,유성,2003-12,5종,22170
152,유성,2003-12,6종,30901
153,서대전,2003-12,1종,543622
153,서대전,2003-12,2종,37893
153,서대전,2003-12,3종,9017
153,서대전,2003-12,4종,12525
153,서대전,2003-12,5종,14822
153,서대전,2003-12,6종,24029
154,안영,2003-12,1종,338997
154,안영,2003-12,2종,19404
154,안영,2003-12,3종,4445
154,안영,2003-12,4종,12256
154,안영,2003-12,5종,13437
154,안영,2003-12,6종,13317
155,논산,2003-12,1종,216773
155,논산,2003-12,2종,43134
155,논산,2003-12,3종,10370
155,논산,2003-12,4종,17668
155,논산,2003-12,5종,17199
155,논산,2003-12,6종,7069
156,익산,2003-12,1종,273324
156,익산,2003-12,2종,44714
156,익산,2003-12,3종,18692
156,익산,2003-12,4종,18205
156,익산,2003-12,5종,37143
156,익산,2003-12,6종,7295
157,삼례,2003-12,1종,77384
157,삼례,2003-12,2종,11079
157,삼례,2003-12,3종,1999
157,삼례,2003-12,4종,4079
157,삼례,2003-12,5종,5709
157,삼례,2003-12,6종,2268
158,전주,2003-12,1종,529972
158,전주,2003-12,2종,47193
158,전주,2003-12,3종,38095
158,전주,2003-12,4종,14048
158,전주,2003-12,5종,33254
158,전주,2003-12,6종,14826
159,서전주,2003-12,1종,159433
159,서전주,2003-12,2종,11364
159,서전주,2003-12,3종,3302
159,서전주,2003-12,4종,3653
159,서전주,2003-12,5종,3878
159,서전주,2003-12,6종,4382
160,김제,2003-12,1종,111807
160,김제,2003-12,2종,9643
160,김제,2003-12,3종,7537
160,김제,2003-12,4종,3460
160,김제,2003-12,5종,3193
160,김제,2003-12,6종,3089
161,금산사,2003-12,1종,48175
161,금산사,2003-12,2종,8475
161,금산사,2003-12,3종,820
161,금산사,2003-12,4종,1698
161,금산사,2003-12,5종,4343
161,금산사,2003-12,6종,1262
162,태인,2003-12,1종,84796
162,태인,2003-12,2종,14280
162,태인,2003-12,3종,4957
162,태인,2003-12,4종,5398
162,태인,2003-12,5종,7399
162,태인,2003-12,6종,2281
163,정읍,2003-12,1종,345057
163,정읍,2003-12,2종,46077
163,정읍,2003-12,3종,23630
163,정읍,2003-12,4종,10310
163,정읍,2003-12,5종,13743
163,정읍,2003-12,6종,9373
164,무주,2003-12,1종,149854
164,무주,2003-12,2종,5462
164,무주,2003-12,3종,3677
164,무주,2003-12,4종,1261
164,무주,2003-12,5종,2228
164,무주,2003-12,6종,3874
165,백양사,2003-12,1종,91624
165,백양사,2003-12,2종,7438
165,백양사,2003-12,3종,4329
165,백양사,2003-12,4종,2122
165,백양사,2003-12,5종,1910
165,백양사,2003-12,6종,2409
166,장성,2003-12,1종,167924
166,장성,2003-12,2종,14560
166,장성,2003-12,3종,10628
166,장성,2003-12,4종,3655
166,장성,2003-12,5종,8931
166,장성,2003-12,6종,6754
167,광주,2003-12,1종,872206
167,광주,2003-12,2종,91117
167,광주,2003-12,3종,68457
167,광주,2003-12,4종,27993
167,광주,2003-12,5종,33855
167,광주,2003-12,6종,23352
168,덕유산,2003-12,1종,53944
168,덕유산,2003-12,2종,2045
168,덕유산,2003-12,3종,1843
168,덕유산,2003-12,4종,388
168,덕유산,2003-12,5종,1335
168,덕유산,2003-12,6종,1295
169,장수,2003-12,1종,92349
169,장수,2003-12,2종,20094
169,장수,2003-12,3종,6633
169,장수,2003-12,4종,6775
169,장수,2003-12,5종,16083
169,장수,2003-12,6종,2030
170,서상,2003-12,1종,32262
170,서상,2003-12,2종,4172
170,서상,2003-12,3종,2696
170,서상,2003-12,4종,1159
170,서상,2003-12,5종,1886
170,서상,2003-12,6종,979
171,마성,2003-12,1종,279505
171,마성,2003-12,2종,9828
171,마성,2003-12,3종,14701
171,마성,2003-12,4종,858
171,마성,2003-12,5종,678
171,마성,2003-12,6종,12398
172,용인,2003-12,1종,762696
172,용인,2003-12,2종,100521
172,용인,2003-12,3종,17613
172,용인,2003-12,4종,15516
172,용인,2003-12,5종,15786
172,용인,2003-12,6종,36603
173,양지,2003-12,1종,541738
173,양지,2003-12,2종,105379
173,양지,2003-12,3종,19662
173,양지,2003-12,4종,21136
173,양지,2003-12,5종,25566
173,양지,2003-12,6종,20456
174,춘천,2003-12,1종,395691
174,춘천,2003-12,2종,22488
174,춘천,2003-12,3종,14208
174,춘천,2003-12,4종,4510
174,춘천,2003-12,5종,6098
174,춘천,2003-12,6종,19987
175,덕평,2003-12,1종,241682
175,덕평,2003-12,2종,23104
175,덕평,2003-12,3종,7611
175,덕평,2003-12,4종,6069
175,덕평,2003-12,5종,5677
175,덕평,2003-12,6종,8736
176,이천,2003-12,1종,508824
176,이천,2003-12,2종,61345
176,이천,2003-12,3종,22792
176,이천,2003-12,4종,21748
176,이천,2003-12,5종,30535
176,이천,2003-12,6종,19986
177,여주,2003-12,1종,309014
177,여주,2003-12,2종,31648
177,여주,2003-12,3종,13273
177,여주,2003-12,4종,10673
177,여주,2003-12,5종,13269
177,여주,2003-12,6종,10629
178,문막,2003-12,1종,210912
178,문막,2003-12,2종,28685
178,문막,2003-12,3종,7454
178,문막,2003-12,4종,7975
178,문막,2003-12,5종,16617
178,문막,2003-12,6종,7552
179,홍천,2003-12,1종,257520
179,홍천,2003-12,2종,15376
179,홍천,2003-12,3종,7238
179,홍천,2003-12,4종,4295
179,홍천,2003-12,5종,3629
179,홍천,2003-12,6종,12791
180,원주,2003-12,1종,253158
180,원주,2003-12,2종,25446
180,원주,2003-12,3종,25003
180,원주,2003-12,4종,6874
180,원주,2003-12,5종,10815
180,원주,2003-12,6종,10007
181,새말,2003-12,1종,146392
181,새말,2003-12,2종,14269
181,새말,2003-12,3종,17231
181,새말,2003-12,4종,2748
181,새말,2003-12,5종,4647
181,새말,2003-12,6종,4530
182,둔내,2003-12,1종,168727
182,둔내,2003-12,2종,5843
182,둔내,2003-12,3종,5248
182,둔내,2003-12,4종,1567
182,둔내,2003-12,5종,721
182,둔내,2003-12,6종,4671
183,면온,2003-12,1종,151738
183,면온,2003-12,2종,3671
183,면온,2003-12,3종,10813
183,면온,2003-12,4종,2527
183,면온,2003-12,5종,1274
183,면온,2003-12,6종,3505
184,대관령,2003-12,1종,177689
184,대관령,2003-12,2종,6611
184,대관령,2003-12,3종,14610
184,대관령,2003-12,4종,1330
184,대관령,2003-12,5종,1079
184,대관령,2003-12,6종,5096
185,평창,2003-12,1종,100123
185,평창,2003-12,2종,7404
185,평창,2003-12,3종,11519
185,평창,2003-12,4종,2082
185,평창,2003-12,5종,2873
185,평창,2003-12,6종,3480
186,속사,2003-12,1종,29322
186,속사,2003-12,2종,2752
186,속사,2003-12,3종,607
186,속사,2003-12,4종,874
186,속사,2003-12,5종,775
186,속사,2003-12,6종,875
187,진부,2003-12,1종,102082
187,진부,2003-12,2종,6852
187,진부,2003-12,3종,10803
187,진부,2003-12,4종,3064
187,진부,2003-12,5종,2232
187,진부,2003-12,6종,3697
189,강릉,2003-12,1종,507197
189,강릉,2003-12,2종,32529
189,강릉,2003-12,3종,31783
189,강릉,2003-12,4종,9409
189,강릉,2003-12,5종,17399
189,강릉,2003-12,6종,16939
190,동서울,2003-12,1종,2878648
190,동서울,2003-12,2종,256751
190,동서울,2003-12,3종,135830
190,동서울,2003-12,4종,46546
190,동서울,2003-12,5종,68684
190,동서울,2003-12,6종,92421
191,경기광주,2003-12,1종,680963
191,경기광주,2003-12,2종,54198
191,경기광주,2003-12,3종,20975
191,경기광주,2003-12,4종,8391
191,경기광주,2003-12,5종,15799
191,경기광주,2003-12,6종,30034
192,곤지암,2003-12,1종,611054
192,곤지암,2003-12,2종,88859
192,곤지암,2003-12,3종,11753
192,곤지암,2003-12,4종,14350
192,곤지암,2003-12,5종,17666
192,곤지암,2003-12,6종,20846
193,일죽,2003-12,1종,375478
193,일죽,2003-12,2종,69772
193,일죽,2003-12,3종,20965
193,일죽,2003-12,4종,16530
193,일죽,2003-12,5종,20219
193,일죽,2003-12,6종,11127
194,서이천,2003-12,1종,281136
194,서이천,2003-12,2종,29356
194,서이천,2003-12,3종,9720
194,서이천,2003-12,4종,5750
194,서이천,2003-12,5종,5497
194,서이천,2003-12,6종,11310
195,대소,2003-12,1종,299516
195,대소,2003-12,2종,55885
195,대소,2003-12,3종,11385
195,대소,2003-12,4종,13430
195,대소,2003-12,5종,13344
195,대소,2003-12,6종,9390
196,진천,2003-12,1종,229806
196,진천,2003-12,2종,35918
196,진천,2003-12,3종,8355
196,진천,2003-12,4종,9424
196,진천,2003-12,5종,13605
196,진천,2003-12,6종,8316
197,증평,2003-12,1종,279761
197,증평,2003-12,2종,41882
197,증평,2003-12,3종,8494
197,증평,2003-12,4종,9041
197,증평,2003-12,5종,17390
197,증평,2003-12,6종,8683
198,서청주,2003-12,1종,506145
198,서청주,2003-12,2종,51257
198,서청주,2003-12,3종,22678
198,서청주,2003-12,4종,18539
198,서청주,2003-12,5종,18108
198,서청주,2003-12,6종,18376
199,오창,2003-12,1종,239959
199,오창,2003-12,2종,22956
199,오창,2003-12,3종,11175
199,오창,2003-12,4종,6279
199,오창,2003-12,5종,7442
199,오창,2003-12,6종,8223
200,금산,2003-12,1종,182654
200,금산,2003-12,2종,9400
200,금산,2003-12,3종,2289
200,금산,2003-12,4종,2926
200,금산,2003-12,5종,4755
200,금산,2003-12,6종,6518
201,칠곡,2003-12,1종,505397
201,칠곡,2003-12,2종,27716
201,칠곡,2003-12,3종,12209
201,칠곡,2003-12,4종,5740
201,칠곡,2003-12,5종,8225
201,칠곡,2003-12,6종,29917
202,다부,2003-12,1종,97616
202,다부,2003-12,2종,9243
202,다부,2003-12,3종,1939
202,다부,2003-12,4종,3385
202,다부,2003-12,5종,5350
202,다부,2003-12,6종,3622
203,가산,2003-12,1종,378034
203,가산,2003-12,2종,27613
203,가산,2003-12,3종,7514
203,가산,2003-12,4종,6154
203,가산,2003-12,5종,13711
203,가산,2003-12,6종,15542
204,추부,2003-12,1종,242408
204,추부,2003-12,2종,19678
204,추부,2003-12,3종,3097
204,추부,2003-12,4종,8204
204,추부,2003-12,5종,6062
204,추부,2003-12,6종,11256
205,군위,2003-12,1종,103212
205,군위,2003-12,2종,11086
205,군위,2003-12,3종,1157
205,군위,2003-12,4종,1820
205,군위,2003-12,5종,3093
205,군위,2003-12,6종,3935
206,의성,2003-12,1종,145155
206,의성,2003-12,2종,10894
206,의성,2003-12,3종,2185
206,의성,2003-12,4종,2372
206,의성,2003-12,5종,4682
206,의성,2003-12,6종,5338
207,남안동,2003-12,1종,216792
207,남안동,2003-12,2종,13139
207,남안동,2003-12,3종,9796
207,남안동,2003-12,4종,2262
207,남안동,2003-12,5종,8026
207,남안동,2003-12,6종,8177
208,서안동,2003-12,1종,183172
208,서안동,2003-12,2종,13988
208,서안동,2003-12,3종,5614
208,서안동,2003-12,4종,2366
208,서안동,2003-12,5종,12200
208,서안동,2003-12,6종,6645
209,예천,2003-12,1종,40014
209,예천,2003-12,2종,2124
209,예천,2003-12,3종,1060
209,예천,2003-12,4종,377
209,예천,2003-12,5종,6041
209,예천,2003-12,6종,1513
210,영주,2003-12,1종,126761
210,영주,2003-12,2종,9401
210,영주,2003-12,3종,4196
210,영주,2003-12,4종,1871
210,영주,2003-12,5종,7295
210,영주,2003-12,6종,4928
211,풍기,2003-12,1종,140227
211,풍기,2003-12,2종,11204
211,풍기,2003-12,3종,8487
211,풍기,2003-12,4종,1244
211,풍기,2003-12,5종,8450
211,풍기,2003-12,6종,5370
212,북수원,2003-12,1종,1228692
212,북수원,2003-12,2종,91131
212,북수원,2003-12,3종,36754
212,북수원,2003-12,4종,27356
212,북수원,2003-12,5종,26423
212,북수원,2003-12,6종,53677
213,부곡,2003-12,1종,239973
213,부곡,2003-12,2종,15883
213,부곡,2003-12,3종,3883
213,부곡,2003-12,4종,6317
213,부곡,2003-12,5종,61385
213,부곡,2003-12,6종,11412
214,동군포,2003-12,1종,114346
214,동군포,2003-12,2종,22503
214,동군포,2003-12,3종,5928
214,동군포,2003-12,4종,13016
214,동군포,2003-12,5종,5983
214,동군포,2003-12,6종,5127
215,군포,2003-12,1종,647131
215,군포,2003-12,2종,84768
215,군포,2003-12,3종,13958
215,군포,2003-12,4종,18972
215,군포,2003-12,5종,27187
215,군포,2003-12,6종,28636
216,횡성,2003-12,1종,102385
216,횡성,2003-12,2종,8110
216,횡성,2003-12,3종,2665
216,횡성,2003-12,4종,1830
216,횡성,2003-12,5종,2521
216,횡성,2003-12,6종,4135
217,북원주,2003-12,1종,54667
217,북원주,2003-12,2종,5219
217,북원주,2003-12,3종,2028
217,북원주,2003-12,4종,1185
217,북원주,2003-12,5종,978
217,북원주,2003-12,6종,2831
218,남원주,2003-12,1종,465460
218,남원주,2003-12,2종,29513
218,남원주,2003-12,3종,18576
218,남원주,2003-12,4종,5005
218,남원주,2003-12,5종,9271
218,남원주,2003-12,6종,18688
219,신림,2003-12,1종,78362
219,신림,2003-12,2종,6834
219,신림,2003-12,3종,2005
219,신림,2003-12,4종,994
219,신림,2003-12,5종,12881
219,신림,2003-12,6종,3030
221,생초,2003-12,1종,45199
221,생초,2003-12,2종,9033
221,생초,2003-12,3종,2009
221,생초,2003-12,4종,5724
221,생초,2003-12,5종,10645
221,생초,2003-12,6종,1585
222,산청,2003-12,1종,43608
222,산청,2003-12,2종,3157
222,산청,2003-12,3종,929
222,산청,2003-12,4종,643
222,산청,2003-12,5종,1687
222,산청,2003-12,6종,1894
223,단성,2003-12,1종,77606
223,단성,2003-12,2종,5985
223,단성,2003-12,3종,2546
223,단성,2003-12,4종,1186
223,단성,2003-12,5종,4205
223,단성,2003-12,6종,2533
224,함양,2003-12,1종,103382
224,함양,2003-12,2종,7903
224,함양,2003-12,3종,4477
224,함양,2003-12,4종,1657
224,함양,2003-12,5종,5708
224,함양,2003-12,6종,4619
225,서진주,2003-12,1종,311426
225,서진주,2003-12,2종,11689
225,서진주,2003-12,3종,3076
225,서진주,2003-12,4종,2515
225,서진주,2003-12,5종,6090
225,서진주,2003-12,6종,19484
227,군산,2003-12,1종,106165
227,군산,2003-12,2종,7835
227,군산,2003-12,3종,4947
227,군산,2003-12,4종,1321
227,군산,2003-12,5종,3394
227,군산,2003-12,6종,2870
228,동군산,2003-12,1종,311019
228,동군산,2003-12,2종,31072
228,동군산,2003-12,3종,7724
228,동군산,2003-12,4종,8066
228,동군산,2003-12,5종,27377
228,동군산,2003-12,6종,7376
231,화원옥포,2003-12,1종,1389116
231,화원옥포,2003-12,2종,179239
231,화원옥포,2003-12,3종,63864
231,화원옥포,2003-12,4종,41661
231,화원옥포,2003-12,5종,110628
231,화원옥포,2003-12,6종,60517
232,달성,2003-12,1종,219877
232,달성,2003-12,2종,28086
232,달성,2003-12,3종,10456
232,달성,2003-12,4종,5888
232,달성,2003-12,5종,3992
232,달성,2003-12,6종,15790
233,현풍,2003-12,1종,239353
233,현풍,2003-12,2종,38754
233,현풍,2003-12,3종,6693
233,현풍,2003-12,4종,10167
233,현풍,2003-12,5종,24147
233,현풍,2003-12,6종,10456
234,서천,2003-12,1종,104148
234,서천,2003-12,2종,11903
234,서천,2003-12,3종,1515
234,서천,2003-12,4종,5156
234,서천,2003-12,5종,9634
234,서천,2003-12,6종,3181
235,창녕,2003-12,1종,166169
235,창녕,2003-12,2종,14389
235,창녕,2003-12,3종,6937
235,창녕,2003-12,4종,2004
235,창녕,2003-12,5종,5059
235,창녕,2003-12,6종,8386
236,영산,2003-12,1종,165036
236,영산,2003-12,2종,13645
236,영산,2003-12,3종,5935
236,영산,2003-12,4종,2556
236,영산,2003-12,5종,3189
236,영산,2003-12,6종,8306
237,남지,2003-12,1종,145771
237,남지,2003-12,2종,11994
237,남지,2003-12,3종,8092
237,남지,2003-12,4종,7377
237,남지,2003-12,5종,7740
237,남지,2003-12,6종,10131
238,칠서,2003-12,1종,198899
238,칠서,2003-12,2종,28629
238,칠서,2003-12,3종,3989
238,칠서,2003-12,4종,19421
238,칠서,2003-12,5종,18642
238,칠서,2003-12,6종,11867
239,칠원,2003-12,1종,417603
239,칠원,2003-12,2종,38055
239,칠원,2003-12,3종,20846
239,칠원,2003-12,4종,23566
239,칠원,2003-12,5종,23726
239,칠원,2003-12,6종,23969
240,제천,2003-12,1종,299422
240,제천,2003-12,2종,22655
240,제천,2003-12,3종,13211
240,제천,2003-12,4종,4459
240,제천,2003-12,5종,26154
240,제천,2003-12,6종,10708
241,동고령,2003-12,1종,159609
241,동고령,2003-12,2종,15605
241,동고령,2003-12,3종,8865
241,동고령,2003-12,4종,4587
241,동고령,2003-12,5종,9342
241,동고령,2003-12,6종,7538
242,고령,2003-12,1종,143555
242,고령,2003-12,2종,13996
242,고령,2003-12,3종,3157
242,고령,2003-12,4종,2615
242,고령,2003-12,5종,4959
242,고령,2003-12,6종,6037
243,해인사,2003-12,1종,78068
243,해인사,2003-12,2종,5704
243,해인사,2003-12,3종,1790
243,해인사,2003-12,4종,787
243,해인사,2003-12,5종,741
243,해인사,2003-12,6종,3985
244,서부산,2003-12,1종,1912514
244,서부산,2003-12,2종,174334
244,서부산,2003-12,3종,74870
244,서부산,2003-12,4종,56939
244,서부산,2003-12,5종,184149
244,서부산,2003-12,6종,103917
245,장유,2003-12,1종,1328728
245,장유,2003-12,2종,90539
245,장유,2003-12,3종,29641
245,장유,2003-12,4종,23218
245,장유,2003-12,5종,57517
245,장유,2003-12,6종,88429
246,가락,2003-12,1종,365028
246,가락,2003-12,2종,40301
246,가락,2003-12,3종,4952
246,가락,2003-12,4종,20516
246,가락,2003-12,5종,23105
246,가락,2003-12,6종,21673
247,남원,2003-12,1종,157312
247,남원,2003-12,2종,14789
247,남원,2003-12,3종,8510
247,남원,2003-12,4종,4644
247,남원,2003-12,5종,8515
247,남원,2003-12,6종,5031
248,순창,2003-12,1종,68474
248,순창,2003-12,2종,4212
248,순창,2003-12,3종,1031
248,순창,2003-12,4종,997
248,순창,2003-12,5종,912
248,순창,2003-12,6종,2642
249,담양,2003-12,1종,85858
249,담양,2003-12,2종,6361
249,담양,2003-12,3종,9891
249,담양,2003-12,4종,1271
249,담양,2003-12,5종,2219
249,담양,2003-12,6종,2988
250,남양산,2003-12,1종,815374
250,남양산,2003-12,2종,83952
250,남양산,2003-12,3종,18506
250,남양산,2003-12,4종,34389
250,남양산,2003-12,5종,57572
250,남양산,2003-12,6종,52354
251,물금,2003-12,1종,178322
251,물금,2003-12,2종,33704
251,물금,2003-12,3종,6395
251,물금,2003-12,4종,18828
251,물금,2003-12,5종,101019
251,물금,2003-12,6종,9535
252,대동,2003-12,1종,1822208
252,대동,2003-12,2종,250160
252,대동,2003-12,3종,44755
252,대동,2003-12,4종,76168
252,대동,2003-12,5종,183604
252,대동,2003-12,6종,88007
253,서서울,2003-12,1종,3701562
253,서서울,2003-12,2종,337406
253,서서울,2003-12,3종,67039
253,서서울,2003-12,4종,61324
253,서서울,2003-12,5종,101659
253,서서울,2003-12,6종,141257
254,군자,2003-12,1종,2499601
254,군자,2003-12,2종,271216
254,군자,2003-12,3종,63204
254,군자,2003-12,4종,83575
254,군자,2003-12,5종,244587
254,군자,2003-12,6종,110480
255,서안산,2003-12,1종,1033528
255,서안산,2003-12,2종,134946
255,서안산,2003-12,3종,10532
255,서안산,2003-12,4종,24781
255,서안산,2003-12,5종,47556
255,서안산,2003-12,6종,47376
256,안산,2003-12,1종,1071046
256,안산,2003-12,2종,42254
256,안산,2003-12,3종,9337
256,안산,2003-12,4종,6080
256,안산,2003-12,5종,10285
256,안산,2003-12,6종,57640
257,홍성,2003-12,1종,216056
257,홍성,2003-12,2종,15045
257,홍성,2003-12,3종,5249
257,홍성,2003-12,4종,1553
257,홍성,2003-12,5종,5357
257,홍성,2003-12,6종,5272
258,광천,2003-12,1종,95364
258,광천,2003-12,2종,11992
258,광천,2003-12,3종,1221
258,광천,2003-12,4종,1770
258,광천,2003-12,5종,6197
258,광천,2003-12,6종,2466
259,대천,2003-12,1종,227586
259,대천,2003-12,2종,14638
259,대천,2003-12,3종,3227
259,대천,2003-12,4종,2194
259,대천,2003-12,5종,3743
259,대천,2003-12,6종,6116
260,춘장대,2003-12,1종,32254
260,춘장대,2003-12,2종,2556
260,춘장대,2003-12,3종,366
260,춘장대,2003-12,4종,361
260,춘장대,2003-12,5종,1713
260,춘장대,2003-12,6종,798
261,동광주,2003-12,1종,957666
261,동광주,2003-12,2종,70621
261,동광주,2003-12,3종,49785
261,동광주,2003-12,4종,21426
261,동광주,2003-12,5종,49196
261,동광주,2003-12,6종,30294
262,창평,2003-12,1종,53419
262,창평,2003-12,2종,4388
262,창평,2003-12,3종,438
262,창평,2003-12,4종,1998
262,창평,2003-12,5종,2079
262,창평,2003-12,6종,1693
263,옥과,2003-12,1종,157064
263,옥과,2003-12,2종,7372
263,옥과,2003-12,3종,9408
263,옥과,2003-12,4종,3382
263,옥과,2003-12,5종,5705
263,옥과,2003-12,6종,6177
264,동남원,2003-12,1종,43588
264,동남원,2003-12,2종,3284
264,동남원,2003-12,3종,1962
264,동남원,2003-12,4종,1903
264,동남원,2003-12,5종,2887
264,동남원,2003-12,6종,1310
265,곡성,2003-12,1종,129170
265,곡성,2003-12,2종,8509
265,곡성,2003-12,3종,3164
265,곡성,2003-12,4종,3613
265,곡성,2003-12,5종,6804
265,곡성,2003-12,6종,4367
266,석곡,2003-12,1종,42497
266,석곡,2003-12,2종,3007
266,석곡,2003-12,3종,1821
266,석곡,2003-12,4종,464
266,석곡,2003-12,5종,977
266,석곡,2003-12,6종,1803
267,주암송광사,2003-12,1종,106732
267,주암송광사,2003-12,2종,9205
267,주암송광사,2003-12,3종,2554
267,주암송광사,2003-12,4종,3857
267,주암송광사,2003-12,5종,10034
267,주암송광사,2003-12,6종,3543
268,승주,2003-12,1종,45791
268,승주,2003-12,2종,2261
268,승주,2003-12,3종,1625
268,승주,2003-12,4종,539
268,승주,2003-12,5종,907
268,승주,2003-12,6종,2070
269,지리산,2003-12,1종,46120
269,지리산,2003-12,2종,3478
269,지리산,2003-12,3종,1261
269,지리산,2003-12,4종,940
269,지리산,2003-12,5종,551
269,지리산,2003-12,6종,1468
270,서순천,2003-12,1종,178705
270,서순천,2003-12,2종,10897
270,서순천,2003-12,3종,8894
270,서순천,2003-12,4종,3068
270,서순천,2003-12,5종,19492
270,서순천,2003-12,6종,6451
271,순천,2003-12,1종,480824
271,순천,2003-12,2종,34206
271,순천,2003-12,3종,13542
271,순천,2003-12,4종,9981
271,순천,2003-12,5종,33076
271,순천,2003-12,6종,18001
272,광양,2003-12,1종,178264
272,광양,2003-12,2종,28413
272,광양,2003-12,3종,9200
272,광양,2003-12,4종,15762
272,광양,2003-12,5종,66631
272,광양,2003-12,6종,6354
273,동광양,2003-12,1종,96790
273,동광양,2003-12,2종,3564
273,동광양,2003-12,3종,1400
273,동광양,2003-12,4종,1701
273,동광양,2003-12,5종,33799
273,동광양,2003-12,6종,5666
274,가조,2003-12,1종,69086
274,가조,2003-12,2종,4895
274,가조,2003-12,3종,2824
274,가조,2003-12,4종,3604
274,가조,2003-12,5종,1162
274,가조,2003-12,6종,4661
275,옥곡,2003-12,1종,103426
275,옥곡,2003-12,2종,4638
275,옥곡,2003-12,3종,2551
275,옥곡,2003-12,4종,844
275,옥곡,2003-12,5종,5622
275,옥곡,2003-12,6종,5072
276,진월,2003-12,1종,87036
276,진월,2003-12,2종,4469
276,진월,2003-12,3종,1467
276,진월,2003-12,4종,3584
276,진월,2003-12,5종,60114
276,진월,2003-12,6종,3654
277,하동,2003-12,1종,163351
277,하동,2003-12,2종,8940
277,하동,2003-12,3종,6023
277,하동,2003-12,4종,3495
277,하동,2003-12,5종,29589
277,하동,2003-12,6종,7827
278,진교,2003-12,1종,176454
278,진교,2003-12,2종,10939
278,진교,2003-12,3종,13932
278,진교,2003-12,4종,2134
278,진교,2003-12,5종,4318
278,진교,2003-12,6종,11959
279,곤양,2003-12,1종,135508
279,곤양,2003-12,2종,9740
279,곤양,2003-12,3종,6047
279,곤양,2003-12,4종,2762
279,곤양,2003-12,5종,5822
279,곤양,2003-12,6종,8533
280,거창,2003-12,1종,199758
280,거창,2003-12,2종,14867
280,거창,2003-12,3종,11974
280,거창,2003-12,4종,5154
280,거창,2003-12,5종,7894
280,거창,2003-12,6종,10359
281,매송,2003-12,1종,475585
281,매송,2003-12,2종,54883
281,매송,2003-12,3종,12708
281,매송,2003-12,4종,14716
281,매송,2003-12,5종,29196
281,매송,2003-12,6종,19133
282,비봉,2003-12,1종,507392
282,비봉,2003-12,2종,64202
282,비봉,2003-12,3종,7696
282,비봉,2003-12,4종,12614
282,비봉,2003-12,5종,27669
282,비봉,2003-12,6종,17896
283,발안,2003-12,1종,407355
283,발안,2003-12,2종,52528
283,발안,2003-12,3종,5537
283,발안,2003-12,4종,12729
283,발안,2003-12,5종,26352
283,발안,2003-12,6종,12807
284,남양양,2003-12,1종,221128
284,남양양,2003-12,2종,9563
284,남양양,2003-12,3종,9767
284,남양양,2003-12,4종,2097
284,남양양,2003-12,5종,3744
284,남양양,2003-12,6종,5236
285,서평택,2003-12,1종,612060
285,서평택,2003-12,2종,65520
285,서평택,2003-12,3종,12339
285,서평택,2003-12,4종,23701
285,서평택,2003-12,5종,85633
285,서평택,2003-12,6종,18414
287,송악,2003-12,1종,279366
287,송악,2003-12,2종,26956
287,송악,2003-12,3종,9531
287,송악,2003-12,4종,7760
287,송악,2003-12,5종,48864
287,송악,2003-12,6종,6889
288,당진,2003-12,1종,245317
288,당진,2003-12,2종,23069
288,당진,2003-12,3종,7289
288,당진,2003-12,4종,5432
288,당진,2003-12,5종,31558
288,당진,2003-12,6종,7041
289,마산,2003-12,1종,955776
289,마산,2003-12,2종,72764
289,마산,2003-12,3종,38735
289,마산,2003-12,4종,19138
289,마산,2003-12,5종,27161
289,마산,2003-12,6종,55524
290,축동,2003-12,1종,30221
290,축동,2003-12,2종,3111
290,축동,2003-12,3종,270
290,축동,2003-12,4종,843
290,축동,2003-12,5종,2618
290,축동,2003-12,6종,2196
291,사천,2003-12,1종,627003
291,사천,2003-12,2종,49605
291,사천,2003-12,3종,19711
291,사천,2003-12,4종,9720
291,사천,2003-12,5종,29403
291,사천,2003-12,6종,34741
292,진주,2003-12,1종,574292
292,진주,2003-12,2종,43333
292,진주,2003-12,3종,25587
292,진주,2003-12,4종,9196
292,진주,2003-12,5종,27419
292,진주,2003-12,6종,35873
293,문산,2003-12,1종,192074
293,문산,2003-12,2종,19798
293,문산,2003-12,3종,1781
293,문산,2003-12,4종,4674
293,문산,2003-12,5종,9618
293,문산,2003-12,6종,11449
294,북창원,2003-12,1종,253342
294,북창원,2003-12,2종,15166
294,북창원,2003-12,3종,1604
294,북창원,2003-12,4종,5689
294,북창원,2003-12,5종,5647
294,북창원,2003-12,6종,12661
295,진성,2003-12,1종,133267
295,진성,2003-12,2종,14816
295,진성,2003-12,3종,13739
295,진성,2003-12,4종,3737
295,진성,2003-12,5종,12378
295,진성,2003-12,6종,6685
296,지수,2003-12,1종,44353
296,지수,2003-12,2종,5141
296,지수,2003-12,3종,768
296,지수,2003-12,4종,768
296,지수,2003-12,5종,943
296,지수,2003-12,6종,2503
298,서산,2003-12,1종,274853
298,서산,2003-12,2종,20165
298,서산,2003-12,3종,6850
298,서산,2003-12,4종,2610
298,서산,2003-12,5종,8402
298,서산,2003-12,6종,7739
299,해미,2003-12,1종,149152
299,해미,2003-12,2종,11084
299,해미,2003-12,3종,4433
299,해미,2003-12,4종,2728
299,해미,2003-12,5종,8911
299,해미,2003-12,6종,4375
501,서김제,2003-12,1종,64435
501,서김제,2003-12,2종,9295
501,서김제,2003-12,3종,1055
501,서김제,2003-12,4종,1242
501,서김제,2003-12,5종,2894
501,서김제,2003-12,6종,1556
502,부안,2003-12,1종,85192
502,부안,2003-12,2종,10437
502,부안,2003-12,3종,3229
502,부안,2003-12,4종,1541
502,부안,2003-12,5종,7149
502,부안,2003-12,6종,1863
503,줄포,2003-12,1종,49764
503,줄포,2003-12,2종,4890
503,줄포,2003-12,3종,970
503,줄포,2003-12,4종,704
503,줄포,2003-12,5종,1147
503,줄포,2003-12,6종,960
504,선운산,2003-12,1종,58304
504,선운산,2003-12,2종,14330
504,선운산,2003-12,3종,6400
504,선운산,2003-12,4종,2396
504,선운산,2003-12,5종,5502
504,선운산,2003-12,6종,1161
505,고창,2003-12,1종,70941
505,고창,2003-12,2종,8971
505,고창,2003-12,3종,1502
505,고창,2003-12,4종,716
505,고창,2003-12,5종,1801
505,고창,2003-12,6종,1702
506,영광,2003-12,1종,60962
506,영광,2003-12,2종,7728
506,영광,2003-12,3종,3377
506,영광,2003-12,4종,844
506,영광,2003-12,5종,1556
506,영광,2003-12,6종,1354
507,함평,2003-12,1종,51399
507,함평,2003-12,2종,13100
507,함평,2003-12,3종,1338
507,함평,2003-12,4종,1377
507,함평,2003-12,5종,4253
507,함평,2003-12,6종,1096
508,무안,2003-12,1종,300170
508,무안,2003-12,2종,27459
508,무안,2003-12,3종,9487
508,무안,2003-12,4종,4927
508,무안,2003-12,5종,13997
508,무안,2003-12,6종,7456
509,목포,2003-12,1종,425189
509,목포,2003-12,2종,45640
509,목포,2003-12,3종,16408
509,목포,2003-12,4종,7723
509,목포,2003-12,5종,24516
509,목포,2003-12,6종,10220
511,무창포,2003-12,1종,35295
511,무창포,2003-12,2종,4472
511,무창포,2003-12,3종,286
511,무창포,2003-12,4종,572
511,무창포,2003-12,5종,4035
511,무창포,2003-12,6종,899
521,단양,2003-12,1종,57258
521,단양,2003-12,2종,3333
521,단양,2003-12,3종,3675
521,단양,2003-12,4종,703
521,단양,2003-12,5종,8947
521,단양,2003-12,6종,2216
522,북단양,2003-12,1종,59397
522,북단양,2003-12,2종,4976
522,북단양,2003-12,3종,2347
522,북단양,2003-12,4종,1367
522,북단양,2003-12,5종,22672
522,북단양,2003-12,6종,2026
523,남제천,2003-12,1종,36028
523,남제천,2003-12,2종,2039
523,남제천,2003-12,3종,1052
523,남제천,2003-12,4종,301
523,남제천,2003-12,5종,1044
523,남제천,2003-12,6종,1110
530,내장산,2003-12,1종,26637
530,내장산,2003-12,2종,2371
530,내장산,2003-12,3종,342
530,내장산,2003-12,4종,385
530,내장산,2003-12,5종,447
530,내장산,2003-12,6종,731
540,청북,2003-12,1종,205106
540,청북,2003-12,2종,46730
540,청북,2003-12,3종,6031
540,청북,2003-12,4종,13792
540,청북,2003-12,5종,27276
540,청북,2003-12,6종,5748
541,송탄,2003-12,1종,289095
541,송탄,2003-12,2종,35455
541,송탄,2003-12,3종,5817
541,송탄,2003-12,4종,7350
541,송탄,2003-12,5종,16975
541,송탄,2003-12,6종,9749
542,서안성,2003-12,1종,103413
542,서안성,2003-12,2종,13165
542,서안성,2003-12,3종,1315
542,서안성,2003-12,4종,3377
542,서안성,2003-12,5종,5571
542,서안성,2003-12,6종,3308
560,감곡,2003-12,1종,99790
560,감곡,2003-12,2종,10795
560,감곡,2003-12,3종,3988
560,감곡,2003-12,4종,1883
560,감곡,2003-12,5종,22797
560,감곡,2003-12,6종,3038
561,북충주,2003-12,1종,38123
561,북충주,2003-12,2종,3109
561,북충주,2003-12,3종,995
561,북충주,2003-12,4종,336
561,북충주,2003-12,5종,916
561,북충주,2003-12,6종,1165
562,충주,2003-12,1종,186157
562,충주,2003-12,2종,9637
562,충주,2003-12,3종,9312
562,충주,2003-12,4종,1209
562,충주,2003-12,5종,2797
562,충주,2003-12,6종,5791
601,남천안,2003-12,1종,211936
601,남천안,2003-12,2종,57336
601,남천안,2003-12,3종,15402
601,남천안,2003-12,4종,22599
601,남천안,2003-12,5종,32713
601,남천안,2003-12,6종,5911
602,풍세상,2003-12,1종,591546
602,풍세상,2003-12,2종,52511
602,풍세상,2003-12,3종,79911
602,풍세상,2003-12,4종,14903
602,풍세상,2003-12,5종,36777
602,풍세상,2003-12,6종,14736
603,정안,2003-12,1종,110740
603,정안,2003-12,2종,17179
603,정안,2003-12,3종,8986
603,정안,2003-12,4종,5351
603,정안,2003-12,5종,8256
603,정안,2003-12,6종,3195
604,남공주,2003-12,1종,31674
604,남공주,2003-12,2종,2418
604,남공주,2003-12,3종,279
604,남공주,2003-12,4종,668
604,남공주,2003-12,5종,922
604,남공주,2003-12,6종,879
605,탄천,2003-12,1종,22340
605,탄천,2003-12,2종,2087
605,탄천,2003-12,3종,238
605,탄천,2003-12,4종,259
605,탄천,2003-12,5종,387
605,탄천,2003-12,6종,582
606,서논산,2003-12,1종,63880
606,서논산,2003-12,2종,9246
606,서논산,2003-12,3종,3156
606,서논산,2003-12,4종,2820
606,서논산,2003-12,5종,5540
606,서논산,2003-12,6종,1789
607,연무,2003-12,1종,43904
607,연무,2003-12,2종,3726
607,연무,2003-12,3종,774
607,연무,2003-12,4종,586
607,연무,2003-12,5종,1086
607,연무,2003-12,6종,1130
608,남논산하,2003-12,1종,421254
608,남논산하,2003-12,2종,39937
608,남논산하,2003-12,3종,69578
608,남논산하,2003-12,4종,11490
608,남논산하,2003-12,5종,24700
608,남논산하,2003-12,6종,9459
